# Compiler.PersistedCodecTags: Objective contract manifest. Written by `scripts/check-objective-proofs.sh proofs --pin`;
# a removed or changed row needs a line in scripts/gates/objective-contract-changes.txt.
def	Minidregg.Compiler.PersistedCodecTags.agent_grain_context_v1	d5b20b498d4728f277a6785070af7deaf316d4bb10e369ea43fd6d3f04a1ed26	b146617be852cdefab28eb59430ea39f03e2dfe484376157043b79021605f14c	ff296840330846cf9008f356c0daa4d9f4b7c793639a9d7984b5c49363eb1d31	28ff99d0eddc38f6	-	String
def	Minidregg.Compiler.PersistedCodecTags.application_agent_dispatch_admission_event_v2	1b00fd614997078dc5f9d8ef9a7f601b092beb2c8c665ce89cd763526d6eb346	b146617be852cdefab28eb59430ea39f03e2dfe484376157043b79021605f14c	8e9b86800c13905571d838bc97f9b2d8ee1f3aae8df0cd493e78bd2e77ad0429	645d6e7b9de2bb9f	-	String
def	Minidregg.Compiler.PersistedCodecTags.application_agent_dispatch_admission_ingress_v2	9545ff91de9df464347dd3fdca3df75cf071ea39c2a89908e3ecca36e97d7352	b146617be852cdefab28eb59430ea39f03e2dfe484376157043b79021605f14c	641ee171bafce284b6648029af047f4b84fc89a84163900b6065303c598e8677	ce1eb102c95eebf0	-	String
def	Minidregg.Compiler.PersistedCodecTags.application_agent_dispatch_committed_permit_v2	f49e56588768cb86abb5b62c5fd54779f85ff2f9c25d3c1e4a2aea4748fb81df	b146617be852cdefab28eb59430ea39f03e2dfe484376157043b79021605f14c	0dcd7664a94a39bbaf90ea9a849d136e2c02edd086702683b453146d710df92d	895dcc1524f6678a	-	String
def	Minidregg.Compiler.PersistedCodecTags.application_agent_dispatch_payer_v2	33a4b99d85e6885e1fd033a3dda61fe57384f09fa8d7e80c30247151f4847e6c	b146617be852cdefab28eb59430ea39f03e2dfe484376157043b79021605f14c	cea6b7d7abd56255004bf1c4a1f3ad5c29613602e02a74476ae7a192cf75ca69	e0c1c8e398df2158	-	String
def	Minidregg.Compiler.PersistedCodecTags.application_agent_dispatch_reserve_claim_id_v2	e7bfd72a47b1b4444bf332e79c991b97a09227b72216c2e90925a86da2896142	b146617be852cdefab28eb59430ea39f03e2dfe484376157043b79021605f14c	2847f20e4498af6225d8ff56672ab66dd1bfb8414847a42f6548c93d7d9c42e2	b56a61f7636f5b72	-	String
def	Minidregg.Compiler.PersistedCodecTags.application_agent_dispatch_reserve_claim_v2	af1bd7ff7cea4e88226058f205558a1a1e0909c16731c268a63be17b82428a7c	b146617be852cdefab28eb59430ea39f03e2dfe484376157043b79021605f14c	9340ada752c629572006f907aa6d68f71a57e372ad599c0c6b6fd81c0e17a61f	3d37424dd01717f9	-	String
def	Minidregg.Compiler.PersistedCodecTags.application_agent_dispatch_reserve_context_v2	62c6fe1b3406d2da6c2e2030f51fceb285971cf9f1e780da4a4e76275ddf0ebf	b146617be852cdefab28eb59430ea39f03e2dfe484376157043b79021605f14c	38c3436a3ac8ff5fff47d425feda509350bb3cf68e022f7e1a650aedadec63b8	45118c708f3bbd1a	-	String
def	Minidregg.Compiler.PersistedCodecTags.application_agent_lifetime_dispatch_event_v1	e7888e10ea56ff42b3a216cbd19b1819d8891a4f62637b7fed9b2913bb150160	b146617be852cdefab28eb59430ea39f03e2dfe484376157043b79021605f14c	2f5780bf29fa70a5a42c02ff68ba33135929f21e437031313c522a3019938ede	663fc0972f815734	-	String
def	Minidregg.Compiler.PersistedCodecTags.application_agent_lifetime_dispatch_ingress_v1	a950a7caae31f59dd0b436ba2b02b5d5c895d1b2c0bfbe9087c20e8f2d7445c7	b146617be852cdefab28eb59430ea39f03e2dfe484376157043b79021605f14c	5b3e7906e476ac9e46efdad3040ed781943d4af9c95d77b75e213c1559771207	ba05b316b8379e16	-	String
def	Minidregg.Compiler.PersistedCodecTags.application_agent_lifetime_grant_atom_v1	6d542fcf508ea99dd2cf37ce9b4dd7162453ac30b82a5a751f6a18a9419ef67f	b146617be852cdefab28eb59430ea39f03e2dfe484376157043b79021605f14c	bbcbcfd5ea4dbeec7e87add2d5e0df1766bc73f39a382e0298328dab3c48d9e2	2ea7916a6161b7c7	-	String
def	Minidregg.Compiler.PersistedCodecTags.application_agent_lifetime_grant_v1	1e50216a51ff546ff2a7f0d5f9a18ed38c53c4497a5cdcff2100560c83f05632	b146617be852cdefab28eb59430ea39f03e2dfe484376157043b79021605f14c	7d9a57ec50826fdad000e2689941682c498acc6f7e6d9edab8f5e3a9a8321fe3	cd4e294cfd4ae4d3	-	String
def	Minidregg.Compiler.PersistedCodecTags.application_agent_lifetime_issue_args_v1	a49e620682fb4664a06332d10b4aeffbbbfb25edbb23cbfa827d611e29276a07	b146617be852cdefab28eb59430ea39f03e2dfe484376157043b79021605f14c	00853950c69f579f5a7e7fd9959d7f3ef6a66678964caf6145e7f76d2509e846	fc5e9aca908fcddf	-	String
def	Minidregg.Compiler.PersistedCodecTags.application_agent_lifetime_issue_effects_v1	97be2263198b02083283bcc7cc6b9b4a90473b57ca2c9c2c69952de96f02cfc9	b146617be852cdefab28eb59430ea39f03e2dfe484376157043b79021605f14c	c8413b93b35d479460e94dc6e66bcf3e37038554c4ffb9bb97c326d53794653d	1a25854a8ad050e4	-	String
def	Minidregg.Compiler.PersistedCodecTags.application_agent_lifetime_issue_event_v1	01a5276edfa3ea36c1a8a2ab4bef10205f2739763a8bd6bb21ef89fb8172d842	b146617be852cdefab28eb59430ea39f03e2dfe484376157043b79021605f14c	9c93111b1a471391cad1628fb50f19925a199561dbf22d44d20be0445ee84a99	1e8dd72885882e24	-	String
def	Minidregg.Compiler.PersistedCodecTags.application_agent_lifetime_issue_ingress_v1	27b1e81bfcdaa2c4b6246e11da7138e9eb0d255459b9f38f1ce7a6618e54c179	b146617be852cdefab28eb59430ea39f03e2dfe484376157043b79021605f14c	8a73b308613d3f9b7ce0a11f4cb78441391fc156f6ade448d1911a406a1d3e3f	ac3f4fea1a3bb252	-	String
def	Minidregg.Compiler.PersistedCodecTags.application_agent_lifetime_issue_marker_v1	2f0e2d1e2b5c1687f3741c50e37a349545e2480ecf49c07f1959428f716e74b9	b146617be852cdefab28eb59430ea39f03e2dfe484376157043b79021605f14c	86c69d9602abd2b798145a1235aa05a7628ac45a5c734580153ddd1c0fd82fe8	b8ad321b66cee8e3	-	String
def	Minidregg.Compiler.PersistedCodecTags.application_agent_lifetime_issue_source_v1	501c4b29331f1f7c6cc52c6f50473c08a48d35e55d47a1ac390cb618d186a132	b146617be852cdefab28eb59430ea39f03e2dfe484376157043b79021605f14c	e21ff36ef74765428c5c619b5c5b733d45b194159f65dba1c4f09e700b5c587f	05d04d8a2692d66b	-	String
def	Minidregg.Compiler.PersistedCodecTags.application_agent_lifetime_issue_spec_v1	12d9bf0eb5cbecbe01af04b6f12fc77c1ba680991131f5d870a2ea017f909e3b	b146617be852cdefab28eb59430ea39f03e2dfe484376157043b79021605f14c	8bea7a81dcb895d7b77e9e1b1be268369d68aae88d4a280fdb3758602055496d	0b952e16440b353f	-	String
def	Minidregg.Compiler.PersistedCodecTags.application_agent_lifetime_payer_v3	1a357f878d1ba8e44fdc9034df109e3e9da5a388e6b30ed21f1579d03f1d80e8	b146617be852cdefab28eb59430ea39f03e2dfe484376157043b79021605f14c	bd5b5091d8d93d53cb07c768e3cf77e4f42c954796d8d5a3e5466c29e247656a	7aa09c51b158f4e1	-	String
def	Minidregg.Compiler.PersistedCodecTags.application_agent_lifetime_reserve_context_v3	44c2a9196d673b087fa31744dfe369a5d493df7d1779225289ca98d1facbb68b	b146617be852cdefab28eb59430ea39f03e2dfe484376157043b79021605f14c	5381dd6874f2d48a2178b798590ed9190c057ef87980ffc00bb9789af3868bf5	d050137ddc5a58f7	-	String
def	Minidregg.Compiler.PersistedCodecTags.application_agent_lifetime_reserve_grant_v1	97652a771cd131c16a39b399e9b636a0b76cefcee9bf4de55f94df94c03d3d3d	b146617be852cdefab28eb59430ea39f03e2dfe484376157043b79021605f14c	9f9f20713c82a4521cffc70bda922a0670c60f20bdef3109b98567407eb39c5d	45acf9fe347c5117	-	String
def	Minidregg.Compiler.PersistedCodecTags.application_agent_lifetime_reserve_v3	2a0afb2d74f7e85b338bef695ed0720c262c34c6272170568e0b498c1fb2b74f	b146617be852cdefab28eb59430ea39f03e2dfe484376157043b79021605f14c	09c2b409e12273246061b6dcc7f65dda0b60c8251446fc974fec0fd851360f3c	6f83fb181cef826e	-	String
def	Minidregg.Compiler.PersistedCodecTags.application_agent_lifetime_ticket_v1	43d5bf3227905cad70e4aa87767c3225dd95eec05755d3ad3fb58d3ebca9912c	b146617be852cdefab28eb59430ea39f03e2dfe484376157043b79021605f14c	6db6067bf84f72d163ec3044ae96b4a716018db7d1ae3246f714182609391ff8	f423ee32a5518ad6	-	String
def	Minidregg.Compiler.PersistedCodecTags.application_dispatch_admission_event_v1	70225ebf9b31aaa83d3dd2f17e1be6dd8e56d17a6f060a1c16521c21b6f493ae	b146617be852cdefab28eb59430ea39f03e2dfe484376157043b79021605f14c	57d6c1d71c2310c943e30267703fbc548a1a9abd86d869622a017dbee9ec1b27	454143fcc2fa5a20	-	String
def	Minidregg.Compiler.PersistedCodecTags.application_dispatch_admission_ingress_v1	7ed557188534bc0749a051100e1cb91634ae7e80d4da82aefc822d310d4dabdc	b146617be852cdefab28eb59430ea39f03e2dfe484376157043b79021605f14c	6a39418f168185397ded564155ffd49fe7f6e5fe4f000ddf43fd85edd25c4dad	538f47ec2490c2d6	-	String
def	Minidregg.Compiler.PersistedCodecTags.application_dispatch_committed_permit_v1	3940bb09a3348e2ff9856afa173b24a1c06c6fff631e9f09c0a472440e7f7cac	b146617be852cdefab28eb59430ea39f03e2dfe484376157043b79021605f14c	d339224629a233d301dbbe52112ca16f31f3ff5457f83024463258c51dbc133d	f37943ca4783e504	-	String
def	Minidregg.Compiler.PersistedCodecTags.application_dispatch_ingress_v2	e643e71f732b46fc3dbdcc8488cf236d68d7a0e142af5dbcc2803c6b72b17e81	b146617be852cdefab28eb59430ea39f03e2dfe484376157043b79021605f14c	fa495ad24b1775d3415ac84c9d0f48498d4e3f29482702d12039f797bbf9e494	2b32e01d24a79f75	-	String
def	Minidregg.Compiler.PersistedCodecTags.application_dispatch_key_v1	9fba9f0cf31d8eeff6f49669673ff25207eadce7ee293b2e8b0ace6df4c2a2cf	b146617be852cdefab28eb59430ea39f03e2dfe484376157043b79021605f14c	062263390af60b5083a6d781aeb3fb87309dc65554c4ef6fe34662f845be34da	bc5c911d34b02a26	-	String
def	Minidregg.Compiler.PersistedCodecTags.application_dispatch_no_record_refusal_v1	e6c6eb3f21bdaca95c815f2951c17f2c6537669dcc1a00bac25fa788119babab	b146617be852cdefab28eb59430ea39f03e2dfe484376157043b79021605f14c	256d4769eb0725aa96c033c76a3e14cb29c0c4dc15a116011128927de062322e	904716af1c46cc83	-	String
def	Minidregg.Compiler.PersistedCodecTags.application_dispatch_nullifier_v1	8bc55c4a8e7b45ac3fefb18c7bc70fe6607921850d4f00b22873ad7a27c9f475	b146617be852cdefab28eb59430ea39f03e2dfe484376157043b79021605f14c	fb9c62c492ebe6c75155a7e9b22d676fd3f2e652115bc19753407c8de8424dbd	808bfb14478c0c67	-	String
def	Minidregg.Compiler.PersistedCodecTags.application_dispatch_observation_v1	74c42d393886156d07605c056f28ab0b387b54e29c9e13519d354ff39b127b1d	b146617be852cdefab28eb59430ea39f03e2dfe484376157043b79021605f14c	e9c9b1ff6f0489587cd1d8a021255bc6fabba19f8c58b7b1697c12d1180ac740	b712eac7a23cfe25	-	String
def	Minidregg.Compiler.PersistedCodecTags.application_dispatch_request_bind_v2	386329a65cff03df03b037dbeb4e20f4655936230ef023118c32d6ee494d9a79	b146617be852cdefab28eb59430ea39f03e2dfe484376157043b79021605f14c	5ed7478de240c4bbc5525b8a4f766052b02b76b111afb02779a4506c55128cd6	df6c103f993779f3	-	String
def	Minidregg.Compiler.PersistedCodecTags.application_dispatch_request_v1	6abaa3562be01bd6614b5ae030cf77e2d83d6000a50cb148aaa31b3ef5bf51d2	b146617be852cdefab28eb59430ea39f03e2dfe484376157043b79021605f14c	3e8f18749b36a8316a2a25de7b3016bf5afe01160a988ebc94c8524c132e905f	df2685cd5046fbd3	-	String
def	Minidregg.Compiler.PersistedCodecTags.application_dispatch_v1	748b0e8cc163155b656314ffed1fb71398c61e40cbea01ff275c1630923f639d	b146617be852cdefab28eb59430ea39f03e2dfe484376157043b79021605f14c	0e5036bd423d3a4c9af7ff3e2919c1bde0968cd457680d22d0cf90da66c9d79b	453daab5899ed92a	-	String
def	Minidregg.Compiler.PersistedCodecTags.application_failed_create_retry_selector_v1	76a8c8007bc5225b125247ce9185caa721e903ae6f9b993e0ccc6aea53c94d7c	b146617be852cdefab28eb59430ea39f03e2dfe484376157043b79021605f14c	60d0f71bafd805bae153088d3c45788c64a81a303bb20324c24b72720881b6bd	fe1e404e7e0feebf	-	String
def	Minidregg.Compiler.PersistedCodecTags.application_failed_create_retry_token_bytes_v1	e7b8bde1dd093c85a70daf78d884f808e6872906984c25f566856a50342e5fcd	b146617be852cdefab28eb59430ea39f03e2dfe484376157043b79021605f14c	e8de9b46c30f2c8e5a5a775e1f595c425fd3f31976a063551d1da5a569056ee5	09c5d8f6707f93fd	-	String
def	Minidregg.Compiler.PersistedCodecTags.application_failed_create_retry_token_id_v1	3fad8f468df92d34e0108c9e93dd07e8af630b17d1defcf3d749d80d9376dbcf	b146617be852cdefab28eb59430ea39f03e2dfe484376157043b79021605f14c	d04e9d4437bccc32a7d7eae33923fe7f8d70fcf4228ba488dd29f689fe2688a4	8152cf53bd8373ec	-	String
def	Minidregg.Compiler.PersistedCodecTags.application_failed_start_recovery_command_v1	5efc56a05e2123e1cc6139725b96bd46095d18a62977d42a2333bab79a821ad5	b146617be852cdefab28eb59430ea39f03e2dfe484376157043b79021605f14c	b28f60f4d011da6711a6bf2bde8d6df44c614713578ba93e83f2c737f0dfffdd	ea2362d59c371787	-	String
def	Minidregg.Compiler.PersistedCodecTags.application_failed_start_recovery_event_v1	eb0b4f59d11d9bb7461d33b0a682218f83df7d2fb2dacacd9b3a72a40073aa17	b146617be852cdefab28eb59430ea39f03e2dfe484376157043b79021605f14c	488481164e38a21d35c486027f38c622c00afbc5f4955964a72b7be344257546	c46d53e962a8dcff	-	String
def	Minidregg.Compiler.PersistedCodecTags.application_failed_start_recovery_ingress_v1	3803020006761c653464eac61755465af3e6cbeebf0109567ee81307c3fd49e5	b146617be852cdefab28eb59430ea39f03e2dfe484376157043b79021605f14c	8a9e892ecabbdb01452d730308c4bc938ee374655dda741de88abc2f8feb11c4	7cfb741270b4b111	-	String
def	Minidregg.Compiler.PersistedCodecTags.application_failed_start_recovery_nullifier_bytes_v1	719615097fde4bc5dc86cf4273aadb26cfb1c787493064fb5a369db9cb0238f0	b146617be852cdefab28eb59430ea39f03e2dfe484376157043b79021605f14c	78235889076c512d1ce4015c025d8fef458db9f24b914650f3f464dfcda8daf4	caa797c7d90cb745	-	String
def	Minidregg.Compiler.PersistedCodecTags.application_failed_start_recovery_nullifier_v1	2bc69709631bdb3914f3aba5761aac011617d0f4372962f62384df44ffc888c5	b146617be852cdefab28eb59430ea39f03e2dfe484376157043b79021605f14c	651d2c0ff654c474b4045b479e42b005e690f42053d8811f46a4f37c48383b63	08df9c9a1de69ef7	-	String
def	Minidregg.Compiler.PersistedCodecTags.application_failed_start_recovery_source_v1	11bb95f2c1c93463dc9f303d395a67b67d010c04b43c949524f281993869f853	b146617be852cdefab28eb59430ea39f03e2dfe484376157043b79021605f14c	8d8307309620707cde39ba6ee10a8ce945eb7622a772a3115e8b4287a151b012	f98b5c619d0fd09c	-	String
def	Minidregg.Compiler.PersistedCodecTags.application_failed_start_report_v1	e006b102717d0bdb667b062e1894a201bc08f3d39c351e2e801279fd7b0807f7	b146617be852cdefab28eb59430ea39f03e2dfe484376157043b79021605f14c	0d8da6780b4c5674b5b28552f53a92cfcd5554756c00206d62a2e26da3f96eb2	4e3c2e8a53523c71	-	String
def	Minidregg.Compiler.PersistedCodecTags.application_failed_start_signature_v1	d43e5b0086038106105b5a2fcae610d3f7c1fe62fb6d7f7ca7d7a187e47b1233	b146617be852cdefab28eb59430ea39f03e2dfe484376157043b79021605f14c	e9cfee5d2e32688318830baf631e47d9ea8b8c0acee71f1e5a5e28a53beb3f23	42dc7575be301434	-	String
def	Minidregg.Compiler.PersistedCodecTags.application_failed_start_signed_report_v1	bc7fe5bff21988f95d44b36b89e90c764d01a99c387201887182ac36cf69a16e	b146617be852cdefab28eb59430ea39f03e2dfe484376157043b79021605f14c	2cafacc0905ae24001a16d4f91a8c34f01648a13baf5e1ffa074317fb65c4a96	be7c8edeed5d8c9a	-	String
def	Minidregg.Compiler.PersistedCodecTags.application_first_start_attempt_bytes_v1	dbe7339aa33ad886eca66c787830c9ca04929ef63e07e40862e6c4f03df05527	b146617be852cdefab28eb59430ea39f03e2dfe484376157043b79021605f14c	1a08d260bd7a936f34e5d53a556a02ea5850fc5d6beb7303850acb8a005c8fb2	0179cf60bfc94ac5	-	String
def	Minidregg.Compiler.PersistedCodecTags.application_first_start_attempt_v1	42720ee6d0880d53b0b926986d5559caf247fee6db40b723573f0dcad8ab5282	b146617be852cdefab28eb59430ea39f03e2dfe484376157043b79021605f14c	a99f244f2af92b77c2695f28d07e13a4402b451cd12eba013fe18edf251581cd	d9e9cdad9f41fa40	-	String
def	Minidregg.Compiler.PersistedCodecTags.application_grain_share_issue_event_v1	2e2b74fd5ce44d58434c5ccccf7ef86d6f44d701db592b0673c6fcca55d856cf	b146617be852cdefab28eb59430ea39f03e2dfe484376157043b79021605f14c	fb8a9e0d279779fa21d18b8d98a8436cb7a32b84a456c9e5e0ec061f54195037	6e63a8412d948373	-	String
def	Minidregg.Compiler.PersistedCodecTags.application_grain_share_issue_ingress_v1	8e46af79a2cee0b1a05f7e846f3054e336629b18b7cbccc77aac829991b2b749	b146617be852cdefab28eb59430ea39f03e2dfe484376157043b79021605f14c	93fe802e022cbafb0765941ac3aa6c91558c7cbb15fe5dae004153d7f5a27662	7ac078a7a2617fff	-	String
def	Minidregg.Compiler.PersistedCodecTags.application_interface_root_v2	852fd31f1407b4e3ffc101e27d14adb1e14a0213c28dd8e9d4d528cb4d38fccd	b146617be852cdefab28eb59430ea39f03e2dfe484376157043b79021605f14c	e5241605027816f864878a32f3bc6410bcfa95e771662467d3a3a8e4b27a4458	ce40253f2d3fe2aa	-	String
def	Minidregg.Compiler.PersistedCodecTags.application_interface_v2	f0c5a325ed83d9cb9f09b77a81e5e1c75dcb9b865fb1959c30085ceefe47bbda	b146617be852cdefab28eb59430ea39f03e2dfe484376157043b79021605f14c	29a0a9a39bc4fb1fb6088756be9892fea057819afac705b9e754e9523023267a	5cb25e286e44874c	-	String
def	Minidregg.Compiler.PersistedCodecTags.application_lifecycle_begin_authorization_id_v3	925ceb06511fefbee8a6c925931f28c336e8a109d78d2ec514abe28280dec87e	b146617be852cdefab28eb59430ea39f03e2dfe484376157043b79021605f14c	caaad4855c9f79d45fe139f9f4e8de8b069df3614a757c2ea2de5f376789c195	5b82722ea752c821	-	String
def	Minidregg.Compiler.PersistedCodecTags.application_lifecycle_begin_authorization_v3	2b8eb6019cd961f9171a1a87b2d2e7070f5ce800916f125cafe996999201665c	b146617be852cdefab28eb59430ea39f03e2dfe484376157043b79021605f14c	19bd61627eed497a90e633684101f8b23798f897cb13973ca842f41dcb157bca	947b63d12659200f	-	String
def	Minidregg.Compiler.PersistedCodecTags.application_lifecycle_begin_event_v1	83e65e38180f16680da25f73f8881de4e77539d77c4afc88f93d5a6f6aced8d8	b146617be852cdefab28eb59430ea39f03e2dfe484376157043b79021605f14c	2bedeff1f1b1db27a6db7e84280049eb1c383e3210a2a052bea58e602c2b6c45	f02fc9c6e1ac2913	-	String
def	Minidregg.Compiler.PersistedCodecTags.application_lifecycle_begin_event_v2	79c4a0c023fc28ee2655a1e2da62784a27b8e09c006070718b2d57b7ac810671	b146617be852cdefab28eb59430ea39f03e2dfe484376157043b79021605f14c	0fbf40c6f7af4c79c7a14c912458f558ffa65c3233bf2763c41306e01ca31f86	06c963b109a9ac6e	-	String
def	Minidregg.Compiler.PersistedCodecTags.application_lifecycle_begin_event_v3	7879ad3c8465a5cad43d1eaa0a327b5f3ca489d636e4e6aa3d5a3d5f70d39e82	b146617be852cdefab28eb59430ea39f03e2dfe484376157043b79021605f14c	0faa650a163c442b7a1ffeb8f5ae9e526f4c11bcdc85b6362be8307527e454b8	0e265ef43a30d6ae	-	String
def	Minidregg.Compiler.PersistedCodecTags.application_lifecycle_begin_ingress_v1	4568d139b771bd963ad140d52184c8b129233bd2319a02f5404608ec3794ffd7	b146617be852cdefab28eb59430ea39f03e2dfe484376157043b79021605f14c	153fc8755ad779b3c8c9fab6689010d680f8deb9b6ad400bc78c058b8bf33118	90fcff05e6d67cce	-	String
def	Minidregg.Compiler.PersistedCodecTags.application_lifecycle_begin_ingress_v2	bb8d900abd3029743679938d83d28d42c8e1c1c6ee9104176574265485d3de13	b146617be852cdefab28eb59430ea39f03e2dfe484376157043b79021605f14c	d6047dc62cfa683827e47b927f732985b08a2ba50abdd69540dd74f8f79af0f9	52edff5f4511df19	-	String
def	Minidregg.Compiler.PersistedCodecTags.application_lifecycle_begin_ingress_v3	153335d3e97b44dbd0c5412042fb3875698e96e613ba484678515e6e5d3831bd	b146617be852cdefab28eb59430ea39f03e2dfe484376157043b79021605f14c	cbc59ac5a451b61a6d14a511598552872f43ae656bfb8e1d631955ac8e834559	580f4bc5ed7ebfa7	-	String
def	Minidregg.Compiler.PersistedCodecTags.application_lifecycle_begin_key_v1	f3c9ece44bb7da6a7baf9a0e83cf19a2a5b498a4c7f713950ccf5011aea7de6f	b146617be852cdefab28eb59430ea39f03e2dfe484376157043b79021605f14c	e68efe7a9696b67a1ba3902070f762d35aae6331a76eab68a425e4e2a21eacd0	bbb2e031ce2a1cad	-	String
def	Minidregg.Compiler.PersistedCodecTags.application_lifecycle_begin_nullifier_v1	e11e5c534cead30abd2459a853567fbd71c6e11e3e8afe220b314d57a84c0ae9	b146617be852cdefab28eb59430ea39f03e2dfe484376157043b79021605f14c	1670a44bc7163ee90b9f2d57628fd7e2fb9e68baf4c73ce39c519d511c99721c	329e97c737474bf6	-	String
def	Minidregg.Compiler.PersistedCodecTags.application_lifecycle_begin_source_v1	1dc75ae55c83c3114d229039d6eff8fa1f94bf11dd97f48b2ee6872a266c9fff	b146617be852cdefab28eb59430ea39f03e2dfe484376157043b79021605f14c	54fd85d6b70f503eda972b5df92b0b24585a4cc515717f9a962432439112fcdf	ad4c9b8960c3a1af	-	String
def	Minidregg.Compiler.PersistedCodecTags.application_lifecycle_begin_v2	35d74201a0e639e330ebb07cb97677a6ad9df84de1b413d3634543abfe85c908	b146617be852cdefab28eb59430ea39f03e2dfe484376157043b79021605f14c	86fb284e1d61ae143fbdb1eb155f8bf6a9d04aa27fb7d9cb6efc9ae4063439ae	456fcd5a4a47e6d9	-	String
def	Minidregg.Compiler.PersistedCodecTags.application_lifecycle_claim_committed_v1	2776860c530e5f4e4275265c3c5dc9b120263ce3eedf373581f8d2de07b9a8e5	b146617be852cdefab28eb59430ea39f03e2dfe484376157043b79021605f14c	f57dbd392933fb50b0d661d80ae7f836af1f58737b300f357be5046bf3050821	febad68ad3edcd4a	-	String
def	Minidregg.Compiler.PersistedCodecTags.application_lifecycle_claim_committed_v2	dc9bc08b9c35a2aa54cb00a839d98a29d81bbe10f91bc1ab3f24e6e9a70df26f	b146617be852cdefab28eb59430ea39f03e2dfe484376157043b79021605f14c	f94f99ee893ded4e978fefbfd381d64ee88c3451b6461d3806c525fa9caad228	73dc025b8b086a4d	-	String
def	Minidregg.Compiler.PersistedCodecTags.application_lifecycle_claim_committed_v3	4f15e4eac418c08e5245c0de116c7058eb47e5383bda8c1d1b0dbb4a57d577f5	b146617be852cdefab28eb59430ea39f03e2dfe484376157043b79021605f14c	8147244f5a65dd4e775e84ca7787585428bf73b8da147ce3cf7ca557ac1a04f3	a0773a940506207e	-	String
def	Minidregg.Compiler.PersistedCodecTags.application_lifecycle_claim_event_v1	924da2cf944c7977c6b7ba30a45c3b01c82889fe6d2088eb14d787ca860543b1	b146617be852cdefab28eb59430ea39f03e2dfe484376157043b79021605f14c	d1d57756cb61889ec4025a7d71e16f335560e77025b302e243c299fca01bd6b6	04eefc73d85e04d0	-	String
def	Minidregg.Compiler.PersistedCodecTags.application_lifecycle_claim_event_v2	46bba799a1b30a9484a07159c7ab958df50cf331f74a341f3602b750fca8cf38	b146617be852cdefab28eb59430ea39f03e2dfe484376157043b79021605f14c	d9f9b6fd24de5ad780793a7fd457ced0610903a51d0eac4f787231a6b46de3d8	64d0bbc6064513c4	-	String
def	Minidregg.Compiler.PersistedCodecTags.application_lifecycle_claim_event_v3	3d469c334b91bdfdac342a51e4510776ed6ae496a0f8aa623d9724cb179983d1	b146617be852cdefab28eb59430ea39f03e2dfe484376157043b79021605f14c	621d919097dd6524a0642201a15ec8e7c2fb2da0dba44113bae8ebf07fee062b	21bf66f7cd0d7ca1	-	String
def	Minidregg.Compiler.PersistedCodecTags.application_lifecycle_claim_ingress_v1	661f9e0df832c75794fc1e5754ba9e54467015e66a08a7e6aa2d3ffc5b8f6eab	b146617be852cdefab28eb59430ea39f03e2dfe484376157043b79021605f14c	ceb8384ef2b221111304493148be2dcf2810b8b16065affe628ddd9d372dd9d1	fc9f6921f8a6d23b	-	String
def	Minidregg.Compiler.PersistedCodecTags.application_lifecycle_claim_ingress_v2	e23d9c81b9eaed5d5e2f2d4048b42e9f5b0c8ce0c50819d1ffdff3a66804ec15	b146617be852cdefab28eb59430ea39f03e2dfe484376157043b79021605f14c	73423cfd92bcc2ecdbd563d994db3c8a7cdfe4fa09c23c104fa095a1442a666b	c33827e74cb6fa0e	-	String
def	Minidregg.Compiler.PersistedCodecTags.application_lifecycle_claim_ingress_v3	f49b348ab464fb063970b1dcdc29df61e2ba8319e2f6a200aa4dc5c95d25e64d	b146617be852cdefab28eb59430ea39f03e2dfe484376157043b79021605f14c	5de4e1b2e285e5fe5e5241d49f23e5759bd25171e1b0c3dfa28e79f298587514	6e66b0303a34a084	-	String
def	Minidregg.Compiler.PersistedCodecTags.application_lifecycle_claim_key_v1	39285171d245a0bb0bcfd73b253499f3d7d780a532091530773599697059e3f0	b146617be852cdefab28eb59430ea39f03e2dfe484376157043b79021605f14c	eea9ea19b886b363b4563b78c5b13d296a6e0aab04c2caf0514d8a3ea0b1610f	a26bd3bea7e3f1c1	-	String
def	Minidregg.Compiler.PersistedCodecTags.application_lifecycle_claim_nullifier_v1	384d75484750e9e2c3a0908e32d79bbef1607d92086d19d1117dd61ea19f2df5	b146617be852cdefab28eb59430ea39f03e2dfe484376157043b79021605f14c	434b1d0e304be8babe1eb5747415a91df971f03ec2a3267ad8ad0984cde65b39	d96081f69cd23417	-	String
def	Minidregg.Compiler.PersistedCodecTags.application_lifecycle_claim_source_v1	ebd806e95af1292a744d1427c44b86b16ec08d08f9fbf707731fd1634a1fa6d4	b146617be852cdefab28eb59430ea39f03e2dfe484376157043b79021605f14c	85d10e3406c190c8ffa7d9c8645dc6c2c5dcb7c5647dd2f40f7db1cfb928b501	8622b0d5e137e0ad	-	String
def	Minidregg.Compiler.PersistedCodecTags.application_lifecycle_claim_v2	1376f619621657c4109c625a2059bbfc48e0b2a112164244872640618dec2800	b146617be852cdefab28eb59430ea39f03e2dfe484376157043b79021605f14c	ed84d2ad5e15a43bbaaee27f9cc34ad9c58ea4ca9ee1d0971aff09b37be372a8	60b6f75bf6e0e14e	-	String
def	Minidregg.Compiler.PersistedCodecTags.application_lifecycle_completion_command_v1	000c636ca52fdc7165fd40e5930cbe5c218b388d678d8a7f85ae13418bdbf8f9	b146617be852cdefab28eb59430ea39f03e2dfe484376157043b79021605f14c	3d41b51ae2ca4402d898e9bf8c365359b9c5b268b0432351b14313b6f2d128ee	c0844ffb82a99c5b	-	String
def	Minidregg.Compiler.PersistedCodecTags.application_lifecycle_completion_command_v2	fcc22b7fd69d59e3db47bbb5f18d3898bb3138ac4fb2ce2f2ff4668705bf117d	b146617be852cdefab28eb59430ea39f03e2dfe484376157043b79021605f14c	48a2e952a97bb1e3e611b84caf0e6e8db51aad6d214b1de5fa94beca14d64ddd	406c4b5e02bee310	-	String
def	Minidregg.Compiler.PersistedCodecTags.application_lifecycle_completion_event_v1	76ce7961765ee149adfb9550467a592ab0d44c8cb09bac9e15638a2d70ddf885	b146617be852cdefab28eb59430ea39f03e2dfe484376157043b79021605f14c	ce20b73ca825a098a475b23ea2dade15bd2d05aab9518863512ae85bb77cda0b	9e0496da547fc62c	-	String
def	Minidregg.Compiler.PersistedCodecTags.application_lifecycle_completion_event_v2	28e4f1befcb46afc968bb8925529a8539b8ac666c2128d685afb5c225ac5cae2	b146617be852cdefab28eb59430ea39f03e2dfe484376157043b79021605f14c	29bb64a7dfbdb94cdbf5ef4fd1130490b78c377f3f241c85d1beb2c5b8bd374a	15831f5cb889ad91	-	String
def	Minidregg.Compiler.PersistedCodecTags.application_lifecycle_completion_ingress_v1	0592a94b2c75aaf539a2fd1050ff392652b7dd5452f98ccfee646a20f83aa164	b146617be852cdefab28eb59430ea39f03e2dfe484376157043b79021605f14c	f860b544040187a15cca9f9666ca38b997180c019f2476b833df45880880edb8	c8309191bf5a43ed	-	String
def	Minidregg.Compiler.PersistedCodecTags.application_lifecycle_completion_ingress_v2	2b6d71d68f0cd7b0967c41016efef4c3df8c0800dde28bbdbc05bf90464a38c7	b146617be852cdefab28eb59430ea39f03e2dfe484376157043b79021605f14c	f5fd7c1441dde592a03187091e7e0dbe9607099bcd9107aa55e551b0773e5e4d	cf2062cf3ea40894	-	String
def	Minidregg.Compiler.PersistedCodecTags.application_lifecycle_completion_nullifier_bytes_v1	5b909bd10dbeedf8b00420a522009f93bc6e04de2d127c1e62dc2f700f170aaa	b146617be852cdefab28eb59430ea39f03e2dfe484376157043b79021605f14c	e0f47676c834ccfd3cc2dfee43fb16127cf8be9ccec52b1a442c71f0d39a4997	267c72ed9ff7ed0c	-	String
def	Minidregg.Compiler.PersistedCodecTags.application_lifecycle_completion_nullifier_bytes_v2	3dc5788be3350e0528309b6791984d33f9b3ad95d44596475fa587dc1ae3804e	b146617be852cdefab28eb59430ea39f03e2dfe484376157043b79021605f14c	eadb8d2559d184200c8f3372ae4712a6bc060237ca540e9f26b89767e7f328fb	cbd3abc135d50844	-	String
def	Minidregg.Compiler.PersistedCodecTags.application_lifecycle_completion_nullifier_v1	6ef1969f3090240bcbda2eb7162819f430e26443b20c7777d27f181d9edab42a	b146617be852cdefab28eb59430ea39f03e2dfe484376157043b79021605f14c	04b9df43c2366030d87a3241eefc113347b854591e5f46147b41f13e9b21ce3b	6d941c1e73d666b4	-	String
def	Minidregg.Compiler.PersistedCodecTags.application_lifecycle_completion_nullifier_v2	93e314d4e5e56e9e93850fada9ea0a5c715131a579e1d54c1d17ef9896521a49	b146617be852cdefab28eb59430ea39f03e2dfe484376157043b79021605f14c	25a0445d610873e1e7c96f5b1fd8a726ecabc9e30565c089b2d8238ac05493a5	c3a29534624a69c7	-	String
def	Minidregg.Compiler.PersistedCodecTags.application_lifecycle_completion_source_v3	95e95a735d6ac880995bbcacf2faf11d75d5d71d52ec34c9243470eb4f59a44b	b146617be852cdefab28eb59430ea39f03e2dfe484376157043b79021605f14c	1fdc1b8d1d6ceb762c5db25d7758f767b3c51d618d37639e69a74d97673db51d	06d4eba338171ebb	-	String
def	Minidregg.Compiler.PersistedCodecTags.application_lifecycle_completion_source_v4	8a1e3519415eafc19d09febdde8b1252cbb0cabd200fa4cacf1ad3cded387703	b146617be852cdefab28eb59430ea39f03e2dfe484376157043b79021605f14c	7262a34f080116ce531bcfdac6af9c0ead6e1fec859ddc9f2e3ad670a05c4879	9f063f1cf8df56db	-	String
def	Minidregg.Compiler.PersistedCodecTags.application_lifecycle_launch_binding_v1	3112db5a1be616bcfb7ec418b4801a88b265f09528c013c660047eff364cc771	b146617be852cdefab28eb59430ea39f03e2dfe484376157043b79021605f14c	78f2edded831546f01e83c20deaac861aea146482d7db8560ae5f733f306a252	9b4716fe4bfe5276	-	String
def	Minidregg.Compiler.PersistedCodecTags.application_lifecycle_physical_report_v1	b3d949bd47e83f474da2725612b5de03fd63f80cffffb02bdd1dae6271a79adb	b146617be852cdefab28eb59430ea39f03e2dfe484376157043b79021605f14c	a506345c9bb29c7f5d381fe5daa92c23f39f8408d5ff12ff5b81274864591170	2282edde516c9174	-	String
def	Minidregg.Compiler.PersistedCodecTags.application_lifecycle_physical_report_v2	acc52257297873d987d245b6285758b1fd39be7de0fe6f711ba5c4a607d12599	b146617be852cdefab28eb59430ea39f03e2dfe484376157043b79021605f14c	d46b896535ad026f8800b3b4ab0cdcef3fc0b262b568e717f49c147fedc3dc52	e0f7db1c88d126cd	-	String
def	Minidregg.Compiler.PersistedCodecTags.application_lifecycle_physical_signature_v1	518303b1bfa4f02926fd57d92ab47f86fed5f2fe8ec314db38a6a9a987232839	b146617be852cdefab28eb59430ea39f03e2dfe484376157043b79021605f14c	08345d4c6ff4023fb10bbcd69be255f1ced0df6471e8cabb099103c30423345e	830ef8154f962f43	-	String
def	Minidregg.Compiler.PersistedCodecTags.application_lifecycle_physical_signature_v2	1ee3dd804980760f6c8b369d6a4705b05ad60cc5f16831ceda6f33a2fbf5a34c	b146617be852cdefab28eb59430ea39f03e2dfe484376157043b79021605f14c	e4a35374452f252b44f202ecca4df38900a671c46e547fc63e38c851a02e464a	09b7865860267d73	-	String
def	Minidregg.Compiler.PersistedCodecTags.application_lifecycle_physical_signed_v1	af240be3e6e8fe3b64a886bd2c155013766a6ed0f292e76014cfeddc1a376f14	b146617be852cdefab28eb59430ea39f03e2dfe484376157043b79021605f14c	9d18bf2ae7836afb144ae305e580f301b32744396037aee61dc99fe9d8fbb2d1	8a14b39de8e53f00	-	String
def	Minidregg.Compiler.PersistedCodecTags.application_lifecycle_physical_signed_v2	60acb0f6a0db797643f0e4f6a23e291a02dbe1a0ab1deea4f9a019e5085beffb	b146617be852cdefab28eb59430ea39f03e2dfe484376157043b79021605f14c	ccda51c7055fd9eccd5010f5aef04635d53a3788678d2adccb3326778ac793bb	9497004d8b074808	-	String
def	Minidregg.Compiler.PersistedCodecTags.application_lifecycle_stop_audit_v1	6d56e0e241f2b50a95d9ff204ccf8f0bf5fe420fa561f2241722289f0afbf824	b146617be852cdefab28eb59430ea39f03e2dfe484376157043b79021605f14c	fdc2ea82fd18966dcef79855a6cd114bcc638b97d992eac990361ff9481e7a3f	9b0f07b4536a21cf	-	String
def	Minidregg.Compiler.PersistedCodecTags.application_manifest_atom_v1	c07ce8e9db8fc16accfc191f6e4565fdc80809d0d7ee499d9082d928fb18e42f	b146617be852cdefab28eb59430ea39f03e2dfe484376157043b79021605f14c	2038716da8b1897b1d18fee1273648ebe142b2a81a98985523a3f56cb8ab6507	ef9506df30601e3c	-	String
def	Minidregg.Compiler.PersistedCodecTags.application_manifest_v2	2e200a462383ab190f31f8047f244e02fd63cc2c670b9c5bec36a8ec6bd97dc1	b146617be852cdefab28eb59430ea39f03e2dfe484376157043b79021605f14c	e9b871fc60efc87b8755e3e995f9844c17acd9df831f45ac959368b51e6d6786	370b31cc359269f8	-	String
def	Minidregg.Compiler.PersistedCodecTags.application_permission_schema_root_v1	b1d0b69e0b70e175aacafd2c1ca23de006325f39d49f6f349a2bbad615d15e28	b146617be852cdefab28eb59430ea39f03e2dfe484376157043b79021605f14c	22b70a97c54e0672d0241c0c0478d1accbc60a54bb91cbea3a07ebd2b9d25959	45ed59162e6619b9	-	String
def	Minidregg.Compiler.PersistedCodecTags.application_permission_schema_v1	1fe07f1416c45633c4b01f72bd1937e4caa48a6854fcea887abd39a95859ac7a	b146617be852cdefab28eb59430ea39f03e2dfe484376157043b79021605f14c	395ad1468329be6368742d21e0716463baa5b9bf6337978213e9847583f47e50	29d0b13986194456	-	String
def	Minidregg.Compiler.PersistedCodecTags.application_persistent_volume_id_v1	835c8c85d03883cf2c3c66766e2e9c4feeb609f083f702b9a49de644fa7c5204	b146617be852cdefab28eb59430ea39f03e2dfe484376157043b79021605f14c	be8d3caad127808ba2db3c8e94dacc1a3b593f5b32ce748db67aad52f40eecf5	0e1153cd9b2dccc4	-	String
def	Minidregg.Compiler.PersistedCodecTags.application_physical_web_request_v1	031621db67534109d8b223c1d508b5bfc2b7b74668c008d1a1251c4ae6edb204	b146617be852cdefab28eb59430ea39f03e2dfe484376157043b79021605f14c	90ba96e18008183b612af5127f5323c91d210e2397ff6e552f75e6318def5d41	ff6494de9503fd79	-	String
def	Minidregg.Compiler.PersistedCodecTags.application_receiving_v2	e1a8162e1ae51a54cf8e373e35bde5652eadc2b11a2663d7823b7de0415e9903	b146617be852cdefab28eb59430ea39f03e2dfe484376157043b79021605f14c	c17dcfaadf9e1dcd87b3efdbd13c214966415da5fe536339a5645b4fbba20708	307bc2edc5c9b4b7	-	String
def	Minidregg.Compiler.PersistedCodecTags.application_retry_create_begin_authorization_id_v4	6d584f45d872b3cf146a5598792a34fd50fc73fe1d72e31fc308b80f2d37fcdc	b146617be852cdefab28eb59430ea39f03e2dfe484376157043b79021605f14c	556e2336e4a00b230c07fd53062bc3e5e1d5bf8b699f99fd9216a8153446290d	23c6d6e99171476b	-	String
def	Minidregg.Compiler.PersistedCodecTags.application_retry_create_begin_authorization_v4	cac5be5137d839e4e8f4bc74d215f9a47a9e85d175032e560c4d9e3d0c3878f8	b146617be852cdefab28eb59430ea39f03e2dfe484376157043b79021605f14c	688018b3c27ba9aba04b4b721ae8e2efee3eb5e3feae10e53a0ca6e20c29e4b4	f5a84258dcb70a5c	-	String
def	Minidregg.Compiler.PersistedCodecTags.application_retry_create_begin_event_v4	dbed612c47c95a432e6bcea547becae865aa8667a0d21324da8dffa2909b89fb	b146617be852cdefab28eb59430ea39f03e2dfe484376157043b79021605f14c	e5edf41e533631644623acd723908d48c0edcb3e7da951af8e223969f2d73008	c7d8bbdf1d3e3dd1	-	String
def	Minidregg.Compiler.PersistedCodecTags.application_retry_create_begin_ingress_v4	a03b49a70dc506e819dda74cd99107d1c0ae74d5b7283b0fd19b225656bb8979	b146617be852cdefab28eb59430ea39f03e2dfe484376157043b79021605f14c	b7e6ffebb4177a4d69ffac94191b9152e2d6a36202039ce2807b4a48b01c0a4b	ce60335110f1493c	-	String
def	Minidregg.Compiler.PersistedCodecTags.application_retry_create_claim_committed_v4	154ca5634dfb209e32c5ce155c739ce30b159e444e9daa25035b2d40e0492c2c	b146617be852cdefab28eb59430ea39f03e2dfe484376157043b79021605f14c	ec7e85283899168970b1630fa2f2c133e8bf881c4e6a5abc70982e00ab5155c4	82f98003bbb7c1cb	-	String
def	Minidregg.Compiler.PersistedCodecTags.application_retry_create_claim_event_v4	54b4875e24027cdd093fe60d7f2b9fc896b989edf53fef84fbb1f3f2fd58e14c	b146617be852cdefab28eb59430ea39f03e2dfe484376157043b79021605f14c	f29b397e6a77224216d65aaa52c565ec487da47776e3ca65109124762ff0ace8	cca7ca9f37ed8fb2	-	String
def	Minidregg.Compiler.PersistedCodecTags.application_retry_create_claim_ingress_v4	483abe6af7d32f1f4fc0f9a10e70c822a5921b22847745d3859f7c4f82a63867	b146617be852cdefab28eb59430ea39f03e2dfe484376157043b79021605f14c	9764b99953a4df7d0588cf705e17f40026af5076bddd5bf8284fdc229b63f119	5fa04fc531e27685	-	String
def	Minidregg.Compiler.PersistedCodecTags.application_retry_create_completion_command_v4	0ccf20ca7e42ca5d63c0a8f243107d518946c32f50ce8c05e4ee264152f402fb	b146617be852cdefab28eb59430ea39f03e2dfe484376157043b79021605f14c	c8c4e252cc2e52000ce07f9b18b16f6b046c7f94e0538fdb1032789f35363f11	9f1e09103e33c486	-	String
def	Minidregg.Compiler.PersistedCodecTags.application_retry_create_completion_event_v4	05154fb4b88ac4bf63fdb7e5938185fde9d1e97205283279121590a3ce07c311	b146617be852cdefab28eb59430ea39f03e2dfe484376157043b79021605f14c	4de403ffc5a916a23c1f06efc1f880d32b2f90aabbb192add7757416f92f28d7	afe7a623a6b48b89	-	String
def	Minidregg.Compiler.PersistedCodecTags.application_retry_create_completion_ingress_v4	364c6a044f4137509cd59d66b505464a39ebe76315cfcc72d22f69177daf34bc	b146617be852cdefab28eb59430ea39f03e2dfe484376157043b79021605f14c	3c613325e00416efad4f1bc297d3297fa2a0d0bd333285bd8c6bb0544a698531	cdb883773540cf06	-	String
def	Minidregg.Compiler.PersistedCodecTags.application_retry_create_completion_nullifier_bytes_v2	7e68506f88c55f3bfb7f1b2d86235b64d086cef292c8b293fa1b157fb08e0a8b	b146617be852cdefab28eb59430ea39f03e2dfe484376157043b79021605f14c	bff0a5263f9fcf73b7eef7ee2d42f03c471bfdbd2b2b7305b88578060904ed3b	4c9e47409cba457b	-	String
def	Minidregg.Compiler.PersistedCodecTags.application_retry_create_completion_nullifier_v2	32b820abbd708a7101f9ef7c3c66abf89fcd92ff1d97eb3d9de01e168659ad61	b146617be852cdefab28eb59430ea39f03e2dfe484376157043b79021605f14c	0257beb4ae52dffc71ddf6efc8d673cf8c96880a5e8debfc068fa64010b22720	3038bb49d4e7b047	-	String
def	Minidregg.Compiler.PersistedCodecTags.application_retry_create_completion_source_v4	70eac87e5f89d8eef0f931a065e9bd59bd375b7fc0ee30c117f53ea140e3112c	b146617be852cdefab28eb59430ea39f03e2dfe484376157043b79021605f14c	c68c3b5f715ff3f664f169fcdfd8b6695ce152a108d96659dd11d90fcec6db36	ea72647125ce1e8e	-	String
def	Minidregg.Compiler.PersistedCodecTags.application_retry_create_physical_report_v4	54afbeac024d5e7b335454778b20c562674ed444ac563db58e1512b3bbf4d932	b146617be852cdefab28eb59430ea39f03e2dfe484376157043b79021605f14c	d46d01ad7970887b8a2b7788dfeeab8fa3a0f688da43b8a01ec2b71da83b2635	e6a93d0b1f8685c7	-	String
def	Minidregg.Compiler.PersistedCodecTags.application_retry_create_physical_signature_v4	46826bdcca5bc741c7592c782efec91c88d6bf48dd2caf3ef6b2c649cf00c169	b146617be852cdefab28eb59430ea39f03e2dfe484376157043b79021605f14c	5325af081100f52693433bb955f883b19b4868ccd25f51b834d6bafb54d4b3c1	fdd768409528cc4f	-	String
def	Minidregg.Compiler.PersistedCodecTags.application_retry_create_physical_signed_v4	2b3f939dd9b861b9d878670e1d4e38c07b7949b3e36233f46959e26513f36392	b146617be852cdefab28eb59430ea39f03e2dfe484376157043b79021605f14c	b685215070366f52c3b2e4e272b75f61ebe34b1fe8c329e512e8fab6992bc3b3	4a8c78e2e4f3d7d5	-	String
def	Minidregg.Compiler.PersistedCodecTags.application_route_admission_attestation_v1	600db0d5a5616671a0bc3bd1fd73492328c03da00a2201514ef778117dbd80b9	b146617be852cdefab28eb59430ea39f03e2dfe484376157043b79021605f14c	cae69aa02b8106e4032028928c3761c3efaf66837437178b388d9ae6747f60ce	5f1fa3e45462855a	-	String
def	Minidregg.Compiler.PersistedCodecTags.application_route_admission_challenge_v1	e53181ca84f95316ccf1dbb5c1f50120a78083ca4ed809332a38331ba0617cee	b146617be852cdefab28eb59430ea39f03e2dfe484376157043b79021605f14c	427010720ec05a71a8e577e5e92ddf6517bcac18b7ee3d23df7f5becd4ce68fb	5cac27cc40aa88c8	-	String
def	Minidregg.Compiler.PersistedCodecTags.application_route_admission_request_v1	54aa8d658e515fa33116f99e281e50724ee3632bdfa1e8810b95f5784e46558c	b146617be852cdefab28eb59430ea39f03e2dfe484376157043b79021605f14c	1c83374132f888add41d4f7ed976fed91ce2e6a72ffd8b25b68579ab431c0b30	7346c53a0e19c893	-	String
def	Minidregg.Compiler.PersistedCodecTags.application_route_bound_dispatch_v1	0ee516780b21abc2374b37b8bd41862bd41058adb91c1c1b558ae071dc55251b	b146617be852cdefab28eb59430ea39f03e2dfe484376157043b79021605f14c	20063605c63446d2c869d38b53f1001edc326e553ae9dc322d9a1db76d1d6de4	a4eb607af3401cc9	-	String
def	Minidregg.Compiler.PersistedCodecTags.application_sandstorm_principal_v1	3cf35891fee3f3ef366b408d5b0b22f7fc5720436b87592ba6c8b01f2c1732b3	b146617be852cdefab28eb59430ea39f03e2dfe484376157043b79021605f14c	27c645f1fbc6daea1d5096e2867650b62e8841eff09ac57843d5649fb245b656	c0fc29e8df6bd054	-	String
def	Minidregg.Compiler.PersistedCodecTags.application_session_enrollment_atom_v2	fff743f5b92dd0bdf59359ed5e81b6a25a5efc78c4af7d4912b6df856e42f825	b146617be852cdefab28eb59430ea39f03e2dfe484376157043b79021605f14c	9838eb5b34f0a9b2905ae990f2688e8bd82fdaa2156a3a39f6e6d24ce422872d	066b885f8c75e4d1	-	String
def	Minidregg.Compiler.PersistedCodecTags.application_session_enrollment_event_v1	d1596bf14ef07c4f466ccce3e5b89f92b42972b2316cba4933d5586f6886f82f	b146617be852cdefab28eb59430ea39f03e2dfe484376157043b79021605f14c	97d17b08fee5f100c4489c5eda9ddcdfb51c5cb91f13b871e4117ef322b9e9dd	e8da92ac2d03ebf3	-	String
def	Minidregg.Compiler.PersistedCodecTags.application_session_enrollment_ingress_v1	4ea6ac46ccfe8706032fbecd05f51f5551d1722cc9790afceae3a4eefb555366	b146617be852cdefab28eb59430ea39f03e2dfe484376157043b79021605f14c	1fff5203c97c1c778a906224b1095daf0ffc7953b28cd702892da12f0ed59320	5ca53f2fdb4e7307	-	String
def	Minidregg.Compiler.PersistedCodecTags.application_session_enrollment_request_v1	2e9516bba634f7de8bfabd810f70f5d5f861c6d4a892940208b0350da4210f22	b146617be852cdefab28eb59430ea39f03e2dfe484376157043b79021605f14c	78cc1b1e090d09edaade7e204506a86015bb04d268699023d40f0ef5c6f4d39d	d902fd9a45d31d9e	-	String
def	Minidregg.Compiler.PersistedCodecTags.application_session_enrollment_v1	f6b4fd1843cb4bea6259168e5bbfdac2e8b3ac10470d9fa29e04d7f07af0d948	b146617be852cdefab28eb59430ea39f03e2dfe484376157043b79021605f14c	017c497ca3141d0c4f3e06ef2a81559e01268ced59060cdf340e3ca1610cbd0b	2dc5c532e4213fdc	-	String
def	Minidregg.Compiler.PersistedCodecTags.application_share_issue_args_v2	d83402beb5da8f1ecca2e1e0f79f89bcc2f8c91a85a5be3ad9cc818be3fd4d48	b146617be852cdefab28eb59430ea39f03e2dfe484376157043b79021605f14c	d6c343c367a4676d71d0b07277535fa6ef9469460ccd3e2b0486c8f6dfd89e0a	e5f55df42dbcb7c3	-	String
def	Minidregg.Compiler.PersistedCodecTags.application_share_issue_effects_v2	468ac608a4a35b004194edc9fd1d72c39716512cf28416d87f5f5b7f662beef9	b146617be852cdefab28eb59430ea39f03e2dfe484376157043b79021605f14c	7bc773cb27356d99ef6892a81617cec69163b387bfd2d8f6313e8d62d1d43cc8	9ffa5aec93253346	-	String
def	Minidregg.Compiler.PersistedCodecTags.application_share_issue_event_v2	321420911a6c6fe1565c82c38adba5abfcdf3a71c8d449d9112241c0980ed893	b146617be852cdefab28eb59430ea39f03e2dfe484376157043b79021605f14c	5d7e29fdcc7bf69b533b6a97e71c35697a2d9caf8aba2c85c7dbfec508b1a59f	bb7f59dac91a09a4	-	String
def	Minidregg.Compiler.PersistedCodecTags.application_share_issue_ingress_v2	250178dfec90e3b3bc03fb2e17797bcbe29980cc68d0b1dfab8bd77f98cc974b	b146617be852cdefab28eb59430ea39f03e2dfe484376157043b79021605f14c	1cc4e6adc729c329b790f3bbf869f9091c1d4e0423d5d30361f68cdcb5e68c7e	58e61ced3a9cfad6	-	String
def	Minidregg.Compiler.PersistedCodecTags.application_share_issue_marker_v2	cb5757a17d07dc068263b2636ee85bb6f4534a9392e83e4d1005dd32bd70d19b	b146617be852cdefab28eb59430ea39f03e2dfe484376157043b79021605f14c	fc16336852abf74cf3ee0dccfee5a3960f7fcf2f7967112ee5e9af8e32087618	92ce260dde32fce0	-	String
def	Minidregg.Compiler.PersistedCodecTags.application_share_issue_source_v2	800f358ee996f7a7aecc0b0cd88170ad1982cfb6ec1ed05f7b46663bdb674aa0	b146617be852cdefab28eb59430ea39f03e2dfe484376157043b79021605f14c	ea1ebf3a31b20f2bef5e3ec397a2e54c08f621722a54f28b0ca843b6ba025654	d0c5670dc2a6696a	-	String
def	Minidregg.Compiler.PersistedCodecTags.application_share_issue_spec_v2	583dab255e2642ff5ac505f82662a8faa8615a986e3d22798b69605075905965	b146617be852cdefab28eb59430ea39f03e2dfe484376157043b79021605f14c	c91f61c5f98d1334a5da1747ea9614043ec7b5609a92efd78584db161e99ac59	9dda4f7457123f7b	-	String
def	Minidregg.Compiler.PersistedCodecTags.application_share_ticket_atom_v2	5720031323b9fbbcd1fc43d657f355c3b731552a10b8f04df2f518a3b71c4af3	b146617be852cdefab28eb59430ea39f03e2dfe484376157043b79021605f14c	a88c33e3a23eddf0f380ee497615929d4f604f9df4b185fe7aa990a3011024f2	a608de7e8d8b2a03	-	String
def	Minidregg.Compiler.PersistedCodecTags.application_share_ticket_v3	d4d4c2fbab14d7397e6e765d98f4f576e01741c460cef6c427d08f551e97a347	b146617be852cdefab28eb59430ea39f03e2dfe484376157043b79021605f14c	21524dbd8cd968fb25bc8f3d2719f4c19eb831c8814a59e9a5d5d47e867edc89	224ac9a6f371b255	-	String
def	Minidregg.Compiler.PersistedCodecTags.application_spk_launch_command_root_v1	83ca9ce4b06b2f823e5b4e8037823a92a7500cac327f6d772a0c14f979efb723	b146617be852cdefab28eb59430ea39f03e2dfe484376157043b79021605f14c	e43bc90b983595ad19bfb9e7603fdb19ae3545ba51b7d395ed30e6c0fe65f58d	3fc93ef0dc1ea9d9	-	String
def	Minidregg.Compiler.PersistedCodecTags.application_spk_launch_command_v1	f88fe22448f10974f88ad0fca154cc3e6560740df27b23bd0a75bf6918ae580c	b146617be852cdefab28eb59430ea39f03e2dfe484376157043b79021605f14c	b8acd526284864b89e2d5f57c2c99f5f1e2ce516b48e027c7d923e034a671ce2	06aedda2d6a47cb6	-	String
def	Minidregg.Compiler.PersistedCodecTags.application_spk_launch_descriptor_v2	285587146512e97b4bda5b76a2b1ea39feb89869cb1a93fa390bde3f22393e75	b146617be852cdefab28eb59430ea39f03e2dfe484376157043b79021605f14c	5a327ff9c9606e415520c5183bf49201ec5cd81a194db45c76bed09468506281	7d3a381204960427	-	String
def	Minidregg.Compiler.PersistedCodecTags.application_spk_launch_descriptor_v3	46247f9b7386b947949f3e5ef4fe4334a6611aac4af4fc406c4446661b3179d4	b146617be852cdefab28eb59430ea39f03e2dfe484376157043b79021605f14c	8f92463de1a656b1ebbc77d91f3f957190ef71dff4dee0e49735139238767276	a09fa0cb47aac0b3	-	String
def	Minidregg.Compiler.PersistedCodecTags.application_spk_package_identity_v1	09b116d1737442c3ca7dc2fe7f776b2b49f6e36c001fc98252c1f1ecfec1531a	b146617be852cdefab28eb59430ea39f03e2dfe484376157043b79021605f14c	8a41ddde6aae802871de2fbd2642ec52178f219df4a0fdcec260a0609d049f21	c9a1c80112924516	-	String
def	Minidregg.Compiler.PersistedCodecTags.application_spk_package_identity_v2	7c0195b178ea5e4cd9dab75159d690012ccbb1a0e396faa7030864231142a9ad	b146617be852cdefab28eb59430ea39f03e2dfe484376157043b79021605f14c	2f6893b3db261d5d3afe0361ad25fbf6410052c1b7c68e760e6e3ca102f40ff8	abf29ef944dfe85f	-	String
def	Minidregg.Compiler.PersistedCodecTags.application_spk_package_launch_root_v2	c551ea06ec5e6ef7f58ce4c8ad778183b737db3899d1cf6b6a24c7459afbcdf6	b146617be852cdefab28eb59430ea39f03e2dfe484376157043b79021605f14c	d032250b802d6634531879b6dbc4515cff8fdcf4f369025bcb56d3d059d5fa3e	efc89ff504c074df	-	String
def	Minidregg.Compiler.PersistedCodecTags.application_spk_package_launch_root_v3	5870db3137c34821449d131d5a2c9e88699cccfd572a70cfb6380c4510bf2bb4	b146617be852cdefab28eb59430ea39f03e2dfe484376157043b79021605f14c	147d9a1b61d62d80146d5136a6a696453b14c0cdf274c1bf8f0956f8114ddba3	a9521750618d832c	-	String
def	Minidregg.Compiler.PersistedCodecTags.application_spk_package_root_v1	d7c934ae660b1b9f2ec23cd52c14b38c5045aae4ac29731ac26b51b6ee6b7918	b146617be852cdefab28eb59430ea39f03e2dfe484376157043b79021605f14c	7e4f36834d260239cde96466f22676902e443d4421598f6d880b7091142e0368	cb05508b4fdd44d5	-	String
def	Minidregg.Compiler.PersistedCodecTags.application_spk_package_root_v2	6620e7e484153c7a0922634835f2cff1a458d8bb3cbb1e8aa780616d2c5d0554	b146617be852cdefab28eb59430ea39f03e2dfe484376157043b79021605f14c	50147a2adb8f347901b913d16506b08e32760e8b82221306006efc08e3016bc5	1ecf56030b13aec2	-	String
def	Minidregg.Compiler.PersistedCodecTags.application_stream_continuity_attestation_v1	de800ca05a0e915425e042aa8fefc2b34e71601e6f6ffe9c6d51f466307c9e2b	b146617be852cdefab28eb59430ea39f03e2dfe484376157043b79021605f14c	153f2ac5bdf88b2f36921a6a2ca6c5c44e82722506614636726e22002fec0222	41df4f8fe7bf41ce	-	String
def	Minidregg.Compiler.PersistedCodecTags.application_stream_continuity_challenge_v1	e701fc16a62e8184bc8747b54c057daca1983d022f9f839901933b77b18529a4	b146617be852cdefab28eb59430ea39f03e2dfe484376157043b79021605f14c	3cd986c3badc05d759fcfbf123f55106ae036948d4338445a6f7ecd7439e7f1a	91157cae2754c7cf	-	String
def	Minidregg.Compiler.PersistedCodecTags.application_stream_continuity_request_v1	2b6dd5ffc02051c6ad695277a1e4b0a4dea5388edd5f9ccffc7890855ef705b6	b146617be852cdefab28eb59430ea39f03e2dfe484376157043b79021605f14c	b74d3b412440b051288aad2a642457a4e0ad4abdf11ef0fdc431c46ae04d9870	d4c58455ab163150	-	String
def	Minidregg.Compiler.PersistedCodecTags.application_volume_created_bytes_v1	2d9982fea93e8b4608344ede3ecce739319b419cb2f79b128131cf223c2690df	b146617be852cdefab28eb59430ea39f03e2dfe484376157043b79021605f14c	9076effa8272d216d15a5e418943b6bacc37e09678c843da7bc2601716f36465	237a56cd6bc4764c	-	String
def	Minidregg.Compiler.PersistedCodecTags.application_volume_created_v1	35f2eddec453da9d767d1496dd7eb0d17a0ab7d145619aa511dbd77fdadc8b6e	b146617be852cdefab28eb59430ea39f03e2dfe484376157043b79021605f14c	7d65a5bc7b312414c57f105d48625346bef4a157c48a51e00f31780544580f1a	ddcfbd014bbcbe5c	-	String
def	Minidregg.Compiler.PersistedCodecTags.auth_plan	e193d3222d7efba3d18716043cb177d4e2963d5dbed903a1aed0942bd4547963	b146617be852cdefab28eb59430ea39f03e2dfe484376157043b79021605f14c	1f80599445c75db3a5ac54b8ce549499ec6b4eb17f22b7088cca1fc4dc90b96e	4b247ef9437ee986	-	String
def	Minidregg.Compiler.PersistedCodecTags.auth_plan_byte_v2	207114b9713bdcddb5476475673fb8942c17dff8b5c8594d163833ce24ed1267	268fce01293bcb84de059c093737d89d8980bbc789bd14e1bc6693665008f358	a5d7589fd50fc6a29ed1f03ac3975e069a66069dc589651a7f640e50589dba8c	a79be33f05424c21	propext	List UInt8
def	Minidregg.Compiler.PersistedCodecTags.auth_signed_request_byte_v2	00494a11d3b6d0ee1425a651052bd7ba5f15c3bb46c10c937f4101ceb3af1585	268fce01293bcb84de059c093737d89d8980bbc789bd14e1bc6693665008f358	221e425a29b8cb1ed622888386f9437c1f70f87e347862bf49cbc3784ffa81fa	b80d293b9a340964	propext	List UInt8
def	Minidregg.Compiler.PersistedCodecTags.authority_capability_v2	3c2f5c9cebfdade1eb10aa0bcabc86b14f78a3827c5abd097bc67dd0d25381ce	b146617be852cdefab28eb59430ea39f03e2dfe484376157043b79021605f14c	dfade222a7166db6a92d40cfc0afdd020452352bedaf64a29b9b371b58b11e67	6ed82cc65ebcf26a	-	String
def	Minidregg.Compiler.PersistedCodecTags.authority_nullifier_v1	bd0cf50ea052de0d2f191897e9c50edd499e95ca437a3d0df39f90ae284f729b	b146617be852cdefab28eb59430ea39f03e2dfe484376157043b79021605f14c	811f3672aa782ad01977aa1ef0a9cca4a86066ec15607806f863606945512df7	7b619a50142d1396	-	String
def	Minidregg.Compiler.PersistedCodecTags.bend_return_slot_v1	42f1a6e19957b418fd11b20a79c09aba5ca1b10fd5e0c5a2ad16a7ed824e0112	b146617be852cdefab28eb59430ea39f03e2dfe484376157043b79021605f14c	0166d3702c333f3d474365f933f8479a7f04211561ec9fb4b711aac834859169	d7406ef7fdfeedbd	-	String
def	Minidregg.Compiler.PersistedCodecTags.bend_return_v1	ee7f670c68adfae903a121abb1fb8752f67d49c3e112d4330204ea542bbc5a81	b146617be852cdefab28eb59430ea39f03e2dfe484376157043b79021605f14c	f61789afe71b171eb85dc4419b379af2acb26e94001cdd3f00492ed0a7ab282c	215eec4d1ddf055b	-	String
def	Minidregg.Compiler.PersistedCodecTags.birth_args_byte_v1	aab6bb75d1c93ec1a87cc37b26654fa2aac3b4772302ad211c70801fe043eb2a	268fce01293bcb84de059c093737d89d8980bbc789bd14e1bc6693665008f358	aa1497f6e8584eb3d7b02af9bcf5e47fa496a2898c824c93f6df51306b728e49	b63a60141eb4871a	-	List UInt8
def	Minidregg.Compiler.PersistedCodecTags.birth_effects_byte_v1	7052566638087469892175021dc5023c7f8df3fdaeb31f49c7a7742b607beb4e	268fce01293bcb84de059c093737d89d8980bbc789bd14e1bc6693665008f358	afc7f51ec1d84fe36f390537756d89320455289841544759a11ab9beaf219e65	c36db0975d374eb1	-	List UInt8
def	Minidregg.Compiler.PersistedCodecTags.canonicalruntimeprofilecore_receiversemanticsfrom_72ae51ea	39c4991aeb3065775ff18dec2b69acb7b16e4ece2f27c6543633fafbc2fb01c9	b146617be852cdefab28eb59430ea39f03e2dfe484376157043b79021605f14c	c7d12f7c074bc737e99204e35b1c63944bdf05244eeb594f0d8b233876f93c91	55038dc39bf94cc9	-	String
def	Minidregg.Compiler.PersistedCodecTags.capability_delegate	69c296a9e20e35ad4739b21232f6e20f47223d31779f4358a2c75ddec00a624c	b146617be852cdefab28eb59430ea39f03e2dfe484376157043b79021605f14c	b27cf19f7cf53ba2fc982fafac47057956fcf9b526746e651fa6f53f33f1cfd5	bf7c428ced44e8de	-	String
def	Minidregg.Compiler.PersistedCodecTags.capability_delegate_args_v1	85361f3811cd487b7477de7ed7eace6860d08981cdf261521ea522021a541eef	b146617be852cdefab28eb59430ea39f03e2dfe484376157043b79021605f14c	a6bfc98af37dc48ef4f8349a75c2fdfa63f90818759a8ecb5a652584dddffeee	a7eabec802ddf4a1	-	String
def	Minidregg.Compiler.PersistedCodecTags.capability_delegate_byte_v2	5bb7bd5b98722d9beeaabc8d5a4a3a7000b093339b4aa4b50d1c4d723cfac84b	268fce01293bcb84de059c093737d89d8980bbc789bd14e1bc6693665008f358	5371d168babe7008fc983fe45e09a48ff5a6d1c58430495e37caba074361c3f6	dd2978d07716e03f	propext	List UInt8
def	Minidregg.Compiler.PersistedCodecTags.capability_delegate_effect_v1	8c95fe07b95c9aaeb6ccde098673a4d44af2daa7a811b2908ffa434772b4c422	b146617be852cdefab28eb59430ea39f03e2dfe484376157043b79021605f14c	2f944a74632c768c3fe5463dcb65612dadf4f75eb24c61174a37a8f4527ae47e	53447f3942103333	-	String
def	Minidregg.Compiler.PersistedCodecTags.capability_delegate_f4a040a413d07fc2	088ca44f4742465752ab83da407ee29dbd03614f83ea53248d1ad7f68646b715	b146617be852cdefab28eb59430ea39f03e2dfe484376157043b79021605f14c	0a08757902c96a6771bf9887b1ab08545b181be2a1b48f43b59ac3594e716202	e1ac39e7582f6034	-	String
def	Minidregg.Compiler.PersistedCodecTags.capability_delegate_identity_v1	b929ae0a4b75d405a35e7c2a94868023d9d67b12992c0f912d369db3a47073c2	b146617be852cdefab28eb59430ea39f03e2dfe484376157043b79021605f14c	a39f42569c0e44f7fbe31e9fe0394a120f914a124f3216d55565b675f454c634	3e399680f3f98dec	-	String
def	Minidregg.Compiler.PersistedCodecTags.capability_delegate_signed_ingress_byte_v1	66312a0c27dae0cf986afc9c60b0114923c1c39bd79618a07e84beb3b7cfb2af	268fce01293bcb84de059c093737d89d8980bbc789bd14e1bc6693665008f358	78b0292301983b16043508bc5a1b4773c5e8e27aa16f0505a815920a705374fc	9344743dcc6189dd	propext	List UInt8
def	Minidregg.Compiler.PersistedCodecTags.capability_renounce	45fa18554fd54754e360aedff80839b0eea4ce03a3abdd2a1ce6536254f0bd6e	b146617be852cdefab28eb59430ea39f03e2dfe484376157043b79021605f14c	cc83e1f755e4e872eca24b59e8d333f8d7aa7fe88204f1817a591c2855e2a642	8aa85c1931732348	-	String
def	Minidregg.Compiler.PersistedCodecTags.capability_renounce_args_v1	645e3c0b5531c6cf93451964d2f3f78a43648ddb5491e25d783a3b257fc768d1	b146617be852cdefab28eb59430ea39f03e2dfe484376157043b79021605f14c	d7ac24d3ec6ee49950d8d055b15a4d277f23888f2afade4175b31e7ce34037de	1954c90a0a970d21	-	String
def	Minidregg.Compiler.PersistedCodecTags.capability_renounce_byte_v1	cebdf3409ed405f94dd88f57b635e778e365a105ebdcd0e0c7a11ff632dc9d1f	268fce01293bcb84de059c093737d89d8980bbc789bd14e1bc6693665008f358	5635f9421b1476e435eaac3e5777393f188296576fec4dc13a9c70ee89d7e164	8781249d2444dfaa	propext	List UInt8
def	Minidregg.Compiler.PersistedCodecTags.capability_renounce_effect_v1	b721ba2bb0027e225aebc2c5fdc158826bcd8220a1107b4ac84d420643cf03f0	b146617be852cdefab28eb59430ea39f03e2dfe484376157043b79021605f14c	6080545a03c4f230b995c7031cbd6046f6d6461fbc76b58cf279cd624bdc8c2e	fcd8ce0c48f851fd	-	String
def	Minidregg.Compiler.PersistedCodecTags.capability_renounce_event_v1	1a236e2d4ab16a4ce76de2589530b1f34d92058b008af0461aef312f74d559c5	b146617be852cdefab28eb59430ea39f03e2dfe484376157043b79021605f14c	af8efc8c82990319f0da28308c56eaf9135b88ba8cc00caa5159dace8f926735	3112b40e9edd9236	-	String
def	Minidregg.Compiler.PersistedCodecTags.capability_renounce_identity_v1	4438442b381ca330b0023b407a7bbb60c0ecd4f0c9273b4e90560b74801d6cc2	b146617be852cdefab28eb59430ea39f03e2dfe484376157043b79021605f14c	ee37d9c544fee5a19ca6595ee1c398ce10dab1791894d76202e7eae57408cbe4	ef58bd46a9304882	-	String
def	Minidregg.Compiler.PersistedCodecTags.capability_renounce_signed_ingress_byte_v1	44c0e9730d837842be00c70cf737c3f2d02946202d9f958fba19b875734b406f	268fce01293bcb84de059c093737d89d8980bbc789bd14e1bc6693665008f358	1f3b55c16bba8bb982ce3259d9fe13c05144c4735c72a5c4229688c117072ad1	c86216c07863adbd	propext	List UInt8
def	Minidregg.Compiler.PersistedCodecTags.capability_revoke	b6e65c79b68bea581e705ca6300887f55380e43efe1752b95804390471483f58	b146617be852cdefab28eb59430ea39f03e2dfe484376157043b79021605f14c	002e34226be4cd2114b6a8e730695d1f3209ad112950fd5fe58b3fd34cfb79df	25eebe5f67bbad0d	-	String
def	Minidregg.Compiler.PersistedCodecTags.capability_revoke_args_v1	675fe173bcfb4bc97072db813180b9202c266150192ea50a977e3699c45371c9	b146617be852cdefab28eb59430ea39f03e2dfe484376157043b79021605f14c	3a903ad24e8bd9a9ada401eb8601c02f5c7944355413d915663df2fdc74aef40	2914df80708a6f01	-	String
def	Minidregg.Compiler.PersistedCodecTags.capability_revoke_byte_v1	4dc7bd1d576373bc3e12346b625577a149d8755f7947379fd75f5931fcefb2a0	268fce01293bcb84de059c093737d89d8980bbc789bd14e1bc6693665008f358	955e1d0a9ff6b812a967b3aeff6403f9ec83ad98af2f079ed8d9747878508a7c	4e0db422e609aca8	propext	List UInt8
def	Minidregg.Compiler.PersistedCodecTags.capability_revoke_effect_v1	4f470f63213ae2b6a76973dc2fa526c5d02e43af4deeac1a2b2cfe5def822ea2	b146617be852cdefab28eb59430ea39f03e2dfe484376157043b79021605f14c	5a179c9373916c0912cd18ded0193dc9cf23777b3c0add06d8ecfd13f7e5502c	9f05408ec362abdf	-	String
def	Minidregg.Compiler.PersistedCodecTags.capability_revoke_identity_v1	8881f3ca1a2c181b2a99687e1d76f8879966577e551d90a7a92b9b5f9d2da254	b146617be852cdefab28eb59430ea39f03e2dfe484376157043b79021605f14c	a5931863a2d2633e53a8f5aa2a0e4eddec9cf1b38bae09a2255e0de7363ef6ed	69112eea6e0c866c	-	String
def	Minidregg.Compiler.PersistedCodecTags.capability_revoke_signed_ingress_byte_v1	548ef0064fdbf2be56d49d060ecd2def3cae437226a74f4a0387c6b4f066ad6b	268fce01293bcb84de059c093737d89d8980bbc789bd14e1bc6693665008f358	00a7cad2ed7dd2bd05c4100e02d997d31c5969521c8989c4abce5fef6930ba59	7d4d8ae6eb964196	propext	List UInt8
def	Minidregg.Compiler.PersistedCodecTags.carried_segment_seal_v1	5be60f6d3aeeca274a32168d71f7050976a8a0d74ee6521aae53c83826f20bb9	b146617be852cdefab28eb59430ea39f03e2dfe484376157043b79021605f14c	f8d91636d5f8a83c296e6a8829e11f5bbe09dea759d71444d5846f3de545f6f7	a549411769a4859c	-	String
def	Minidregg.Compiler.PersistedCodecTags.carried_segment_v1	da73043cae25204ffb2bb0de2de7879747ce11cb6baa3f832130a6dba615fcb6	b146617be852cdefab28eb59430ea39f03e2dfe484376157043b79021605f14c	87e42e6a8d74fc8697ec048a6cb7c02ff25d59c0c930f08e043617f950d3ca05	d2f4555efb3b3568	-	String
def	Minidregg.Compiler.PersistedCodecTags.cell_blind_ratchet_v1	7916f34bf281703d81ef4a251a5c66b697ca8dfffd721ff6c678a9b1ab0359f9	b146617be852cdefab28eb59430ea39f03e2dfe484376157043b79021605f14c	af95cfbe05897623d2f862c7c039d9863c75062a7911cd1e70258f7a9f6c093d	f2cf08e05fd923ff	-	String
def	Minidregg.Compiler.PersistedCodecTags.cell_lifecycle_v1	c15a78d342e6bb3266e899a334a3601de2a52d281979257cba6a684b61190112	b146617be852cdefab28eb59430ea39f03e2dfe484376157043b79021605f14c	04fa48c38415ad4c387faaa8c2a79d73462572f56c18ae59b49839ad6d3fa4b8	39cd55df092fe46c	-	String
def	Minidregg.Compiler.PersistedCodecTags.certify	02477ec2088682f81446cf16b9167fbdc78367efced4a0851e27e366e9c85e49	b146617be852cdefab28eb59430ea39f03e2dfe484376157043b79021605f14c	70d478a980a774cec2fcf9e33f64cbada7017c6c90a7563e55426dea93177d91	81ca0480d29658a6	-	String
def	Minidregg.Compiler.PersistedCodecTags.certify_args_v1	270fd9249e8ea7f5bc9e12b2db68a9821bfa19a1255590dc9b1ff56790db86ff	b146617be852cdefab28eb59430ea39f03e2dfe484376157043b79021605f14c	f8029153980b0b207f5060942a423d298c7e93d0ccdc7c257086578a62300d63	66edf738fa635810	-	String
def	Minidregg.Compiler.PersistedCodecTags.certify_effect_v1	602227249bca659be75ec5489d8fe52a142bc34e807dbc5e3e503fa42b69a6ae	b146617be852cdefab28eb59430ea39f03e2dfe484376157043b79021605f14c	b83856b0ff2f81fbd9a83ffdc8e7710352c1ef61d9d474e21d692e30d4851cf9	e7fa927b84b68854	-	String
def	Minidregg.Compiler.PersistedCodecTags.certify_event_v1	5e0cde341e51ef79ca5a4c5cd03968461b41221dffa6614ed52d933e20f0e0d6	b146617be852cdefab28eb59430ea39f03e2dfe484376157043b79021605f14c	2ef56a8bc2b42e42f2f06e178a792a2b66033c8aaf043e5c1bcb41f821a92c48	277144e3eb66e100	-	String
def	Minidregg.Compiler.PersistedCodecTags.certify_identity_v1	11da7d4fec0741ca40f95ed0daab59428ea7ab6962b77ede4b8e6285959cdffc	b146617be852cdefab28eb59430ea39f03e2dfe484376157043b79021605f14c	721f33a7cedd99a27eea7f9be7e5d82e44d722a574a2aaff90689e70fd2ef536	3b759b0075bea3de	-	String
def	Minidregg.Compiler.PersistedCodecTags.certify_plan_v1	496e39c90c3e1bd43ad7e05dbe36ee1bf7735e5259a65125a9bc9ce90d02bee5	b146617be852cdefab28eb59430ea39f03e2dfe484376157043b79021605f14c	5a6236edba04afe5893ad2fafc46e2f5cd118d812486a7d5ebd90e95b6b4dec0	f007a28b0c9452eb	-	String
def	Minidregg.Compiler.PersistedCodecTags.certify_signed_v1	c10efdc1f127041a60c6d6256dc7cfe5fcfe3797aa812279bebfd47783abfe4d	b146617be852cdefab28eb59430ea39f03e2dfe484376157043b79021605f14c	d40d6113fa2e4f62c69d24183cc54536ccd9f76c5b4993a7a115ce0bfff938a3	c7cf119914ee53d4	-	String
def	Minidregg.Compiler.PersistedCodecTags.certify_v1	6bbc95cecb1dbcf3f8c5c41d86b8d8411aa388a0c32ba049bdd70ce99723da26	b146617be852cdefab28eb59430ea39f03e2dfe484376157043b79021605f14c	2b3560839e212f8d10d0c7d208739df34654c5b7bb989fb7d368bb6bf83a376d	3a6c359a58fdbcc5	-	String
def	Minidregg.Compiler.PersistedCodecTags.certify_view_v1	35ad345cbd7cf5fe5e2231ec84858b61676d1797e5bcea576572407c61d65ff4	b146617be852cdefab28eb59430ea39f03e2dfe484376157043b79021605f14c	93b68fef5a4443bc615716b4e0efad1fe07d7e47dc09f1d447f11b2632128e97	f02caa434cd5ec6f	-	String
def	Minidregg.Compiler.PersistedCodecTags.channel_epoch_sig_v1	da283005fae5accd9bc4d7bd38524404e1ab7e19c0b5f93f27924259c2f00932	b146617be852cdefab28eb59430ea39f03e2dfe484376157043b79021605f14c	762046d4ddf5a375ad18b80d6ed1e226cb9e489750311439348ac96ac45c2b57	334a305e2baedfc8	-	String
def	Minidregg.Compiler.PersistedCodecTags.channel_epoch_v1	54644c0ad21db740c49210dab6111b50eed5e01ca4c69a48dbab7e2e8c1c658f	b146617be852cdefab28eb59430ea39f03e2dfe484376157043b79021605f14c	9b4f80cb1696e8aabe4565d9bff4a63d55eb4697efe22b9ccaf379b95f094ca2	e18737e9bc6c0bc7	-	String
def	Minidregg.Compiler.PersistedCodecTags.clockWireVersion	fe87a715f000e418afdd152e4b0e6193adcd413fa6e06c15b98a73d85d56eab5	262031efa78118253ab59dd88036fcb9d33881bac4c94e8c1214aa7cc21b5d15	e3ffb23d265cd26f5198b8c6596dc0909bbda28fc319e1d7892acea61e06331e	a6524e936f8d9f1a	-	ℕ
def	Minidregg.Compiler.PersistedCodecTags.clock_cell_id_v1	f4591671c29bbe96ec2b84f611421b2d258c04af303f52513a997d355de118f8	b146617be852cdefab28eb59430ea39f03e2dfe484376157043b79021605f14c	587bd56c785a45eb6e4aaa64b4359f8d2420864334240bb4fe4f928e4d6bf824	ef29f1461b918397	-	String
def	Minidregg.Compiler.PersistedCodecTags.clock_now_slot_v1	1c2e78847b7c95eeb21192273f206189f942b3cd35cd9b361cf5bd2ae41909a1	b146617be852cdefab28eb59430ea39f03e2dfe484376157043b79021605f14c	46e29f68e6294549395da0664576436eab2afbfb67661fb8738dbcbbb02ff323	90932f0edc1e4d58	-	String
def	Minidregg.Compiler.PersistedCodecTags.clock_plan_v1	c5cdf3c4cc569d273531bfaaa977004bd2509373177713e0f3bbc85e9949b2ae	b146617be852cdefab28eb59430ea39f03e2dfe484376157043b79021605f14c	8f4d8ba9830e5091420b04738f6178f84b73ea6294bab40e6b49b7afd4b6e687	4a6e1346e940400a	-	String
def	Minidregg.Compiler.PersistedCodecTags.clock_tick	71d125d65d06caecca7208974c18e403ac91eb4f106695b2e9a7a4c365a01046	b146617be852cdefab28eb59430ea39f03e2dfe484376157043b79021605f14c	dc60b1137cc45b79d9c8735131118effc4e5b048c5f99bcc2629eb62a05cf8df	7fc0a108d867d556	-	String
def	Minidregg.Compiler.PersistedCodecTags.clock_tick_args_v1	7344d2dc937ee72cf26a78dc4dd5ae628e424b712a3e92a276ea18b93d24ebdb	b146617be852cdefab28eb59430ea39f03e2dfe484376157043b79021605f14c	e3359c1144af5b438fe72bfa347bc8abb4d3097ab74d9fe3d45c17b966b06f06	a8c28ad0d7ca4a73	-	String
def	Minidregg.Compiler.PersistedCodecTags.clock_tick_effect_v1	b61817b5abdb57c9e432dd8787a3d6e8aec8e165d01892f001e00d66c5950c12	b146617be852cdefab28eb59430ea39f03e2dfe484376157043b79021605f14c	721596b2882d452619695c4f2e78241bb6b680b1513f78ee08e59b66b3181273	968c64199e38f04d	-	String
def	Minidregg.Compiler.PersistedCodecTags.clock_tick_event_v1	171b4eda72187ced3b9568d154bfa5db5b42fc24723f7da785d27d97be867d42	b146617be852cdefab28eb59430ea39f03e2dfe484376157043b79021605f14c	0d91628a797a2ad9261daaa3ed61b6f17a1713682746bc9da4ba94122286f1c3	7a8d0e8b5a9cff9b	-	String
def	Minidregg.Compiler.PersistedCodecTags.clock_tick_identity_v1	803fb6a15cd4ba4a569cfc696baf55ff6e9f1aa5763c84e10613b467af51aff6	b146617be852cdefab28eb59430ea39f03e2dfe484376157043b79021605f14c	caff5b09d008f6ad11d61223ca1c23209fcf4df5ae2eca220920130963fdb37c	1ffa25454ffa4bc4	-	String
def	Minidregg.Compiler.PersistedCodecTags.clock_tick_signed_v1	6d2998cc2ebdead5bb0a3c6d40867e311e8282c882ae134aa122740e36b86e45	b146617be852cdefab28eb59430ea39f03e2dfe484376157043b79021605f14c	669376b442bd7017c72573fa1f864cc96d3ab6b04ed465b1115dd160a2ccb4c1	cbdafbe3315a82e0	-	String
def	Minidregg.Compiler.PersistedCodecTags.clock_tick_v2	e1b82c8854dc80ebe885dc4eac6b1fc6fd6263d203dfd2fd73e9689cd38241c4	b146617be852cdefab28eb59430ea39f03e2dfe484376157043b79021605f14c	d79e5fbdfc056c3adece76181a8bb9239682ec23c4d289821e4bdfb3db81022f	0c882c7ca0f0b6b8	-	String
def	Minidregg.Compiler.PersistedCodecTags.clock_v2	a7c767a6579734ef52d50cb31f6e2afcc5e713d97ed18bb0a6f13d4690a76709	b146617be852cdefab28eb59430ea39f03e2dfe484376157043b79021605f14c	90e622159d8fa243e51951ca9b6b396e7b001760df6e52b423ce173475f9bb74	1453a179056202e1	propext	String
def	Minidregg.Compiler.PersistedCodecTags.clock_view_v3	516c578c4b671981ee330e970c5c3ab0975183ba1d8667c7494c7dea8a51abc4	b146617be852cdefab28eb59430ea39f03e2dfe484376157043b79021605f14c	bafe4f900201f22c22fa69d1beca784f372f603224be33e353deb6055ec5bf07	405ec85f8baf655e	-	String
def	Minidregg.Compiler.PersistedCodecTags.compute_fresh_genesis_v1	ebd687026e12a62b6e8d6721e476ce20bdb3af3631bbf6ef09a4e81095614cb3	b146617be852cdefab28eb59430ea39f03e2dfe484376157043b79021605f14c	be403a4da8ae7a9e37f6ee34ec32fb05df5ba4f6b181c10804b6792afd86d3b4	906dc69114c9ea4f	-	String
def	Minidregg.Compiler.PersistedCodecTags.content_disclosure	b8534f3c335d947a1170f943a839d6769c9e0ba011456ccb30ed211e04a509c0	b146617be852cdefab28eb59430ea39f03e2dfe484376157043b79021605f14c	13672ce3c4a5e210c7f94eb1f7ba84436be0b5d0578a512fc687826fe114c115	b7b8be5ad54ea6b8	-	String
def	Minidregg.Compiler.PersistedCodecTags.content_mutate	84646da22294abee931749cd6a1754bb43c36fe855f3296b58a8e5444ed926b0	b146617be852cdefab28eb59430ea39f03e2dfe484376157043b79021605f14c	5b07313cb243d98151d289f3a72f23e047bbc6668fcee2ea1a869dd2f13521b1	95f390d5f1cbe37f	-	String
def	Minidregg.Compiler.PersistedCodecTags.content_mutate_byte_v10	88832d42d2f0c7b13d370ea0dd255072eb1193cb7b2ee9ed2d067915ea186af5	268fce01293bcb84de059c093737d89d8980bbc789bd14e1bc6693665008f358	f8041ebb236d47876a21b6a129003d5d2a2153198e955fadc14c3c46b5bace9c	a3c89eb844398b2a	propext	List UInt8
def	Minidregg.Compiler.PersistedCodecTags.content_opening	707eb5aac6613e6bcdcfd73b90ff9cec9928abad9542372c39b839eea52b4073	b146617be852cdefab28eb59430ea39f03e2dfe484376157043b79021605f14c	14db4b71f4fc86f247c3e32189f428ab7db70242262ed9aed5736cfb27bce808	3e23760f0c7a71e1	-	String
def	Minidregg.Compiler.PersistedCodecTags.content_opening_codec	e5bd3e6760d777cbf9055c7c833b70c0e0f4b7050e14fb725f15550229ee7b1f	b146617be852cdefab28eb59430ea39f03e2dfe484376157043b79021605f14c	a81d2d6e0e74513b54cc39fdc468ebfd05b27492eb2c68c63fcdfc347a3f1605	06341bb99a01fd95	-	String
def	Minidregg.Compiler.PersistedCodecTags.content_opening_relation	0f158f7d1e93fda73913305670ca6b80b595f1b7b61e8b44e904f6ba876fc4a8	b146617be852cdefab28eb59430ea39f03e2dfe484376157043b79021605f14c	cf457a173f1a17d3ec6edc8a7be008c7a8094ccf8049ead70378af55945ae011	c577b4cbd14d98bf	-	String
def	Minidregg.Compiler.PersistedCodecTags.content_opening_value	21de795aa873fc7ce73bbc401f6038ab938b923fd5305ea694833047219b943f	b146617be852cdefab28eb59430ea39f03e2dfe484376157043b79021605f14c	2ef7bdf64da0a375bc59304f022334bbeb82bbc0a081eecee9afe4b1706f4f40	e35d7d3369338aaa	-	String
def	Minidregg.Compiler.PersistedCodecTags.content_relation	31fa377aacdf5480cb7333c3672a2b36c1a3485f20a79a1b6583376331ad3044	b146617be852cdefab28eb59430ea39f03e2dfe484376157043b79021605f14c	f454808aa807882bca6205d54851257be60fb6d83cb45ac36c5c2b2af79ff45a	b3322acaaf73be1a	-	String
def	Minidregg.Compiler.PersistedCodecTags.content_source_history	51953ec0a9d5e7aed64f93174d34f3fda87eb507d8150a261f3319b92e4e37aa	b146617be852cdefab28eb59430ea39f03e2dfe484376157043b79021605f14c	080448d306bd49b6d88e2f7a601d8317c5590899f9ff890c969e2fa4ee6d6174	38e9f523c0d905cc	-	String
def	Minidregg.Compiler.PersistedCodecTags.content_transclusion_reference	0d8b4851b2a176319cb120345e6b2f1a5f25bd752f2bcbc9c9762430f6be13d5	b146617be852cdefab28eb59430ea39f03e2dfe484376157043b79021605f14c	7e4c7e8bd0806d60b4e7e5a20491502284d87baf563ed0351aaf3719f235040f	d4e3713fbd6bc88a	-	String
def	Minidregg.Compiler.PersistedCodecTags.dregg_abi_v5	78f8869088f46738e917a4564965557ebe57b816d3d19227399790084bdc65c4	268fce01293bcb84de059c093737d89d8980bbc789bd14e1bc6693665008f358	2d63e179d70d4b6996d7c809232f1ca6fa7640a4a965318e2dcc7d3bad3b0712	726168fcf7e32c38	-	List UInt8
def	Minidregg.Compiler.PersistedCodecTags.dregg_birth_byte_v5	80215515b65d01e4e2f667af2bbd8484e47e62202bd40a3270f775652a1a0fad	268fce01293bcb84de059c093737d89d8980bbc789bd14e1bc6693665008f358	eac2aefdc5cd14c9af963212cf67701359e269fbf5a0a3f77b5f9933082bce7c	a4ab220c9a2d1e5b	-	List UInt8
def	Minidregg.Compiler.PersistedCodecTags.dregg_evaluator_v1	8e909d545ff93e3e6487f856d6af5bb1d0200753b9c7ea06d484d7bb3a7568c4	268fce01293bcb84de059c093737d89d8980bbc789bd14e1bc6693665008f358	c8173d538b4bae03ba2055ccdd2b696c494d5b7d5e39577d555087615cc801aa	cb0b4e1874d757b5	-	List UInt8
def	Minidregg.Compiler.PersistedCodecTags.dregg_nock_code_v1	153bb487abf7834f5e7b35a34861769d352bc36225d4f41ab23cfecb64f82973	268fce01293bcb84de059c093737d89d8980bbc789bd14e1bc6693665008f358	e8c1576425597c52950a75c4bb44d49b34085e1c67506c327acd65cf0c790d5f	cd8b7a9753da62e1	-	List UInt8
def	Minidregg.Compiler.PersistedCodecTags.dregg_nock_params_v1	6add42766849799e24954fc0c0c4665303f65b62560e601454324f6d6c4a60a2	268fce01293bcb84de059c093737d89d8980bbc789bd14e1bc6693665008f358	35680587c9e5dc652ebf3854561e60de8cd0499f2399e61d29bfa5ca70539006	fe129dd35a6e3e2d	-	List UInt8
def	Minidregg.Compiler.PersistedCodecTags.dregg_nock_program_cell	325b15dbc14991de5f1127b359a355fbaa69c2f1947fc7684f28c441031b190d	268fce01293bcb84de059c093737d89d8980bbc789bd14e1bc6693665008f358	5ef02e5c34dd560153185554c4adcf68d3582721998f13e98ad40f4980083dcf	56e129f9aa13794b	-	List UInt8
def	Minidregg.Compiler.PersistedCodecTags.dregg_nock_program_id_v1	dafd276063dc8a33f073952f1a8fffce205ec43df7bcc6011af5d4ae354d51ae	268fce01293bcb84de059c093737d89d8980bbc789bd14e1bc6693665008f358	8ff3b6f9e83ac18757a23e6758e5c8409ed71e490ebc157f2fa0845ea338b979	87db3e7f206b3896	-	List UInt8
def	Minidregg.Compiler.PersistedCodecTags.dregg_nock_program_state_v1	3929fc902901e038897e50e7c412a1688eb2f0badc8d0e1a1f7935731b2233ef	268fce01293bcb84de059c093737d89d8980bbc789bd14e1bc6693665008f358	2d5c9b2eea5e70f0b5415dbc56a19fe9662be35706b45573963791c83e6a1c93	9fb3a1f8326e5d0b	-	List UInt8
def	Minidregg.Compiler.PersistedCodecTags.dregg_nock_program_v1	c0e259ade62ea4eddab688f4e4e09f10c3ae8f1f506699b73364939be9206cfd	268fce01293bcb84de059c093737d89d8980bbc789bd14e1bc6693665008f358	cdbec8ad15c03bd576684e26ffdb13cf22fe6cd041d1b5781c2a54583bf2405c	2325994d9863c959	-	List UInt8
def	Minidregg.Compiler.PersistedCodecTags.dregg_pay_enrol_possession_v1	ad92b707c2aeb960d6d92743547029f342f9471cbdff72139d5d13ccd5d892e5	268fce01293bcb84de059c093737d89d8980bbc789bd14e1bc6693665008f358	37f29715598ddac6dd9d72f85820d8d703ae6f6dac649663d6ecde44d613a82d	bfdd9d81d710646a	-	List UInt8
def	Minidregg.Compiler.PersistedCodecTags.dregg_policy_source_id_v1	1bb6f97b22e1fa86bda81e2743748b6a46dfc3811505aee4901aaee4ee4fbbcd	268fce01293bcb84de059c093737d89d8980bbc789bd14e1bc6693665008f358	1b7d3c5aea38b82be9b54e6d5c7dd323a61a76cfe9ae336f615bf56fd53393bc	da569dfa6f0bdf46	-	List UInt8
def	Minidregg.Compiler.PersistedCodecTags.dregg_policy_source_state_v1	41760d67b603f552541dcaf23b70c90d8a9be7d34a607e775fc1874119aa1e0c	268fce01293bcb84de059c093737d89d8980bbc789bd14e1bc6693665008f358	b8879a000935b990724861bb6388dc0cf3eb8928afa71d12cf61960b6bc7d93a	5db79075ad6ccb3d	-	List UInt8
def	Minidregg.Compiler.PersistedCodecTags.dregg_program_v1	2202c29d02bd1323dcb11c3082f7139360db6c843b0270042ab87f90c914f52e	268fce01293bcb84de059c093737d89d8980bbc789bd14e1bc6693665008f358	afaa0dd0b00aed1ccb9621987a7cdbdd1cd9a27eb8bc00a9adbc81210bfccbea	4c2327ee83dc8e83	-	List UInt8
def	Minidregg.Compiler.PersistedCodecTags.dregg_resource__byte_v2	05fda57dab385aa9d661a635caf0f8e8a948368efad9090d711ae6b1b38eec09	268fce01293bcb84de059c093737d89d8980bbc789bd14e1bc6693665008f358	ef414a0d79f71d207ed1e8985cae471235fa1d7c1ed6197068220b7142bd6fcc	87656d91cae88dfe	-	List UInt8
def	Minidregg.Compiler.PersistedCodecTags.dregg_store	dcb738b87e6cec8dcb6c2cab4db6e71e8178677660447b980ec6429085521d66	268fce01293bcb84de059c093737d89d8980bbc789bd14e1bc6693665008f358	1781e02f3b11600f8729db65be81a57bea719f18a8bb87169721782c34ed00e9	3acdb6b727919882	-	List UInt8
def	Minidregg.Compiler.PersistedCodecTags.dregg_store_byte_v3	9fe47cde54eb5298998bcefc6ddca96e6e403839b79788fffb72ab4d4787daba	268fce01293bcb84de059c093737d89d8980bbc789bd14e1bc6693665008f358	3bfeb0164589b480836b7b6df7f879c2a97ba00557f8a2cd28ee1580b308c611	51cbf55096337c37	-	List UInt8
def	Minidregg.Compiler.PersistedCodecTags.durable_checkpoint_byte_v3	bec79b4ed87cea2d92465620f020d346b2dd1cdc09236b0cc7d1cb1490dd5a79	268fce01293bcb84de059c093737d89d8980bbc789bd14e1bc6693665008f358	65909d542f272270f613d7dd7e45558cdf066440496b31b9f149964a20214a82	8061d9f26809b802	propext	List UInt8
def	Minidregg.Compiler.PersistedCodecTags.durable_image_byte_v2	1f76952302848b32df5dda43119ee0678122d872bb4d5b670c30d05917ffbd91	268fce01293bcb84de059c093737d89d8980bbc789bd14e1bc6693665008f358	cc017f7f5886cb5f239a0ee76ed8a3667062b56bb7d1f5be33c03ef55943f927	fd26c68b9eb86a41	propext	List UInt8
def	Minidregg.Compiler.PersistedCodecTags.durable_log_byte_v2	a92c523a9beff4a13cc91346f30e0cd029ee130402d7b929996749e2a79d19b7	268fce01293bcb84de059c093737d89d8980bbc789bd14e1bc6693665008f358	df6f96de1d99b2ee65f15775eb35892f38c69bb53527035d2f98c412cdb694d5	747729d0efe032e1	propext	List UInt8
def	Minidregg.Compiler.PersistedCodecTags.durable_seed	3ea7d6fb9f4d7af893c2ab58fb4189f7380e715d0bb60e438568988efc42b79a	b146617be852cdefab28eb59430ea39f03e2dfe484376157043b79021605f14c	23843fe042408913d92b5e9e6ee787e197ceea81465a573a4868b34df65d9ed1	6069e15cd94f7b04	-	String
def	Minidregg.Compiler.PersistedCodecTags.durable_seed_byte_v1	c2dd21cdf467f782b0ea1679d2b4fb66f24f70ac03331ce84373b729c6a8edfc	268fce01293bcb84de059c093737d89d8980bbc789bd14e1bc6693665008f358	89b9ab48a684f38fbba0de06287f77c903a9cc9b0e26c6e39f7995f5ec8e3270	5fe49a37d9426ad0	propext	List UInt8
def	Minidregg.Compiler.PersistedCodecTags.durable_seed_byte_v2	5d42880142d78516a5499080201e21f963fcdd203f9e8c85019383dec3247b24	268fce01293bcb84de059c093737d89d8980bbc789bd14e1bc6693665008f358	89422cdee9031b780f4ab74c441c667457cec88aa8b6f0b7f4c210647c4931c3	d8715c515bb0bc4e	propext	List UInt8
def	Minidregg.Compiler.PersistedCodecTags.entries	24a6670b7bda166b5216deeba5aaa2970f06702879d19acddd5faedc56bbb46f	2268721239fb864dcda1f8101f75d0046d7c3b34e5ada544bbc46314cbdf19c2	f812531c7500e0a07e0a4e4d6048e9bb3dceb91c9d3a36ff0649eb65a96f7c5a	1e40de147d562501	propext	List Minidregg.Compiler.PersistedCodecTags.Entry
def	Minidregg.Compiler.PersistedCodecTags.field_zmod_prime_v1	ab429eeaf5ad9fec60f3467b2286cf806370e182f08ba47583b6a5801bcaada4	b146617be852cdefab28eb59430ea39f03e2dfe484376157043b79021605f14c	d376b2faa4c00a291eae7725a2be1ed2788ee7cafdfe4bfd4532ee0d8e22a0a3	8e72f58780b77493	-	String
def	Minidregg.Compiler.PersistedCodecTags.fleet_topic_stream_v1	06c5d29b52a362e9bf9b0f9319cbb32781fe7cdb749c36931e9d1529ea3fd292	b146617be852cdefab28eb59430ea39f03e2dfe484376157043b79021605f14c	7cd54564cca352d698bf050180de4366b521a7e7c85b558ba1d9ef7e46a2cb45	a226a4e96bc9221a	-	String
def	Minidregg.Compiler.PersistedCodecTags.fleet_turn	04c3285e8fb7b79cd5fcb12aa4281d3cc3de8db685442948aa78a5d64b0bf0b2	b146617be852cdefab28eb59430ea39f03e2dfe484376157043b79021605f14c	7a68ae54fa1c25c2ca1391bf3895bf7dd139c54b66d41ddb97fc7ae759d6ac51	39d775a2482aec00	-	String
def	Minidregg.Compiler.PersistedCodecTags.fleet_turn_args_v1	c43ceeafdeacaf7bb069388f88c74b2876e3f5bf52054598807789d539bc82ce	b146617be852cdefab28eb59430ea39f03e2dfe484376157043b79021605f14c	70e25752be6cc42cbe02e6730831b21fdc651ff3e56bfc5c5bc82a99470d0124	33eb11c2c57c3f26	-	String
def	Minidregg.Compiler.PersistedCodecTags.fleet_turn_effect_v1	25a9220e18958d629a8dac3c46facb5cf92970bc3cb8e9f7d7fbfd8ed8ea90d4	b146617be852cdefab28eb59430ea39f03e2dfe484376157043b79021605f14c	5a9f82ae985e19f14b45523483ca3578870b29f32cf32356cf4a4d4098efcbe8	c74ed46de8c19c99	-	String
def	Minidregg.Compiler.PersistedCodecTags.fleet_turn_identity_v1	aae9ba017c6e7f63d2da11ee5f7c9ff8479d9aa757213130c7b01de5d69af266	b146617be852cdefab28eb59430ea39f03e2dfe484376157043b79021605f14c	98a4093f9d7f9c8df057f986855ed75357dd57c4adbbae5aba8f99d6ab37813e	c7f8e2c7470d33b6	-	String
def	Minidregg.Compiler.PersistedCodecTags.fleet_turn_plan_v1	1fb2a6380c05eb9bf45d5d6309471d989d8f974f3d4d258e37818e6cd2ff75d9	b146617be852cdefab28eb59430ea39f03e2dfe484376157043b79021605f14c	8dfd4a30caebb7aa9e503f33f5f36566b59d97abf8a7f0bc9bbea967451befe8	119928b1d0681ce2	-	String
def	Minidregg.Compiler.PersistedCodecTags.fleet_turn_signed_v1	f6b4a6baf715128aa7f3c37c902cca6dfafe34e0164c29e0a3b46796c75568db	b146617be852cdefab28eb59430ea39f03e2dfe484376157043b79021605f14c	4e41b43ac20ee43443a814cae127071b9d22bed65dc7594e7a41e911db5b9956	3bc64debc587fef6	-	String
def	Minidregg.Compiler.PersistedCodecTags.fleet_turn_v1	734bd04a2e06e307de997f6d10d9e4a6acebe1443a870c524547a6ff7af77b48	b146617be852cdefab28eb59430ea39f03e2dfe484376157043b79021605f14c	ad8f0085ca0a9ee055d5ec7a730058aab6b5321f1ba42c0d31173630525f354d	61fd46e15e6bacb4	-	String
def	Minidregg.Compiler.PersistedCodecTags.fn_consumer_frontier_gateway_args_v2	577a373b4966a3a39867d9c188f2051442706f2c8c5fce38cf66f4fca5702314	b146617be852cdefab28eb59430ea39f03e2dfe484376157043b79021605f14c	c98b25c7233972c5b7679d52728bed88054d7ae36d5283e6cb94ca569b05e1d9	26a30c21e2417ab4	-	String
def	Minidregg.Compiler.PersistedCodecTags.fn_consumer_frontier_gateway_effects_v2	883b76fb8ca53fc184932051107841dd43b654291f9a65bd037d2a54fae9e9d4	b146617be852cdefab28eb59430ea39f03e2dfe484376157043b79021605f14c	0a8cb1efea4cb44e04e2d04c62c7a6209a3166ba1554cec7b5167e09eb159228	aacd8b5a8fc69163	-	String
def	Minidregg.Compiler.PersistedCodecTags.fn_consumer_frontier_gateway_marker_v2	d14a1fb4c75adbbc992ccb808e53d7148ba807c2593dc0c8d0cd2290fe584121	b146617be852cdefab28eb59430ea39f03e2dfe484376157043b79021605f14c	82e226ad513dbf38bd66c9bd90485009aaf98a080f88eb1e37af1579bc8b7fa8	b1cc31246c23e72e	-	String
def	Minidregg.Compiler.PersistedCodecTags.fn_consumer_frontier_nullifier_v2	720bf6213a22a1983e2f8747db894474c20b61375eb4564f9b7194779eb16750	b146617be852cdefab28eb59430ea39f03e2dfe484376157043b79021605f14c	44b4d5dc8f69fed6b827dbc82c3e2728926f3b424a915d852548f2378a7ed141	2110400a7ed96d43	-	String
def	Minidregg.Compiler.PersistedCodecTags.fn_consumer_namespace_claim_v1	0feb51d81183f44c52e9b02e180ddf574b0586f17d9e645d4f48ce4b5a1c5081	b146617be852cdefab28eb59430ea39f03e2dfe484376157043b79021605f14c	e33a615a472bd04fb9a592555fa5d9fcede4bb16d0688919950c35ee73868f90	63cd86b3b3c6d994	-	String
def	Minidregg.Compiler.PersistedCodecTags.fn_consumer_namespace_event_v1	b7d4faf8f09258546738266c4179d37a71162002d1b1687d38b61b15272151e2	b146617be852cdefab28eb59430ea39f03e2dfe484376157043b79021605f14c	d05fb8015430b1ac6120ebc750ac525d9772b7f58679890a2c90916c18dc4108	653cfafba087a21c	-	String
def	Minidregg.Compiler.PersistedCodecTags.fn_consumer_namespace_ingress_v1	253f0f9448f2e9f0cac03f73daa78469b9fea3316f967633c413f0f332a06576	b146617be852cdefab28eb59430ea39f03e2dfe484376157043b79021605f14c	fa6dc689fab076d53a2bbd0245dde603da1b6cf84605164bad83bebab1ea3d5a	d837daabbe8f6363	-	String
def	Minidregg.Compiler.PersistedCodecTags.fn_consumer_namespace_spec_v1	30303da898b957ab4f1f51b2e19c26274e393f133f61c87b858513eda703381a	b146617be852cdefab28eb59430ea39f03e2dfe484376157043b79021605f14c	a59a0860e12d990563f6b43011546c2bc8dbf69d31e01aaacdd7d7b245a2f749	9d61881607084bb7	-	String
def	Minidregg.Compiler.PersistedCodecTags.fn_consumer_namespace_transaction_v1	6363654a8ae2acce9d62d1e3a7ebcd532ae2d3ad7e0faae6a3435992c486957b	b146617be852cdefab28eb59430ea39f03e2dfe484376157043b79021605f14c	c6d00e05312e089bdc4cb86973ec609e0b6448a5c3f2bae89eb35d8b14e52dc3	042508bbccb2dd4c	-	String
def	Minidregg.Compiler.PersistedCodecTags.fn_empty_poll_event_v2	ea1dd6d11c76c581284754e1a932cb62e96a10574c5e28f3ed7ae4a246f5a9ce	b146617be852cdefab28eb59430ea39f03e2dfe484376157043b79021605f14c	4ecbed52baebfb666af1312bb564ae1d924bdea94d52868c4ff00992a06e0f4b	9e38690c163c31d5	-	String
def	Minidregg.Compiler.PersistedCodecTags.fn_empty_poll_ingress_v2	e9f4f57419814649b7981bf681abc000d2408c34ebfc4c618a5e00b6ed11535b	b146617be852cdefab28eb59430ea39f03e2dfe484376157043b79021605f14c	f2e2fe83ad11705f566653596cd56f1ca12d7f8fab5d3a60da43cf13c8d882ba	81ff716642e74de0	-	String
def	Minidregg.Compiler.PersistedCodecTags.fn_empty_poll_progress_v2	7af9d021999fc328045c3eadfa6428f3bb49f6d13855df5090bedfe046bcfff2	b146617be852cdefab28eb59430ea39f03e2dfe484376157043b79021605f14c	15cba1d966a319feaabb584ca42b27c3259a560636cbb43b6143c0a64f7f5658	ed6c29b74be373f9	-	String
def	Minidregg.Compiler.PersistedCodecTags.fn_empty_poll_spec_v2	12454f0856d3e1c09927dea2d4be22aced292f9a659bb4ba37662788ac44c8e5	b146617be852cdefab28eb59430ea39f03e2dfe484376157043b79021605f14c	0cad7217ef97fea8386d1d2fc2295df35f2cdd6e5ad2e8e0c83bd194723b3246	1c033b624f16882d	-	String
def	Minidregg.Compiler.PersistedCodecTags.fn_empty_poll_transaction_v2	9fe763b33cf4aee58dc55e17b30c1189d4b289e25304747734700cf7311a9f75	b146617be852cdefab28eb59430ea39f03e2dfe484376157043b79021605f14c	3d0682dec3b37818bb737d7b4110b590825a115eacd3b12c092235d23fa5602a	2c0e010134920dbb	-	String
def	Minidregg.Compiler.PersistedCodecTags.fn_native_prefix_v1	eaca2b824cf10d9c716fcefe66a30dfbf0b215617688d555facfa40c5209467e	b146617be852cdefab28eb59430ea39f03e2dfe484376157043b79021605f14c	7555f43080190af1c3178a5594d3fa77aa6cfa597aeefda57e05623a0c583b3a	cc0ffefb077b0b19	-	String
def	Minidregg.Compiler.PersistedCodecTags.fn_native_prefix_v2	9fd205a5a2c93470900a09dbad9b841c0bf17c8f6efa4dd7457893772868bbef	b146617be852cdefab28eb59430ea39f03e2dfe484376157043b79021605f14c	9d378b69bc5b834f4da88015a5ef1bd72771d1bf7550aa6ff6a9b7c9b49f6efe	e33ae1658f9fe357	-	String
def	Minidregg.Compiler.PersistedCodecTags.fn_selected_poll_coverage_v2	e32e06d5eb6e448a193926aeffc9bb07fd805edb45c4f24dda19283bfc9a1c3f	b146617be852cdefab28eb59430ea39f03e2dfe484376157043b79021605f14c	b4f5d882af41ed10e021da2490bd1e80dff6b8c3d29eab5097fa9b34ab124eee	ed3fe3e6f53b86ca	-	String
def	Minidregg.Compiler.PersistedCodecTags.fn_selected_poll_event_v2	1080b1d6d55db7ac3672fe0d7e2570b0599cac4560391cd5fcd0d3f8d4d7f98b	b146617be852cdefab28eb59430ea39f03e2dfe484376157043b79021605f14c	a7afef7c8f382361431a9babff68da47dd40eca17fe7e6dadd5635e66878e37a	62074776c808731d	-	String
def	Minidregg.Compiler.PersistedCodecTags.fn_selected_poll_ingress_v2	7135939e565242e5e6cce8952798797af46b9f211e019807347f53b77c96e3b7	b146617be852cdefab28eb59430ea39f03e2dfe484376157043b79021605f14c	81d5569cc43e813bf9a85a6371b032479256e5b87bdac587835e3ff699386bf4	58133f335e4b6452	-	String
def	Minidregg.Compiler.PersistedCodecTags.fn_selected_poll_spec_v2	0197e36c3d7685c95ce45b37fb2092204b1a94e7c449280ce2ae792cd48739e2	b146617be852cdefab28eb59430ea39f03e2dfe484376157043b79021605f14c	9e69f832c6b249d9e22339a04143c7445cb611da54d5613b47b8f466b16f1780	8ec2c437e60fd3bf	-	String
def	Minidregg.Compiler.PersistedCodecTags.fn_selected_poll_transaction_v2	33a67d433c23e8b31a3051f66fbab436692e409fddf4165ac3bbe16d8816119c	b146617be852cdefab28eb59430ea39f03e2dfe484376157043b79021605f14c	276f9531b90adcc210f828be6d610bb52130ca8e5fc567fdb3c13f373f231e8e	b6e832852526d70d	-	String
def	Minidregg.Compiler.PersistedCodecTags.fn_selected_source_event_v1	d0a547f3bf90651428f877be266b7edcc43f8cd09d118ddf0b9c91eade79eb02	b146617be852cdefab28eb59430ea39f03e2dfe484376157043b79021605f14c	793800d68499ebf4145612b3598a86c3f512f80cfafe31df7762f7df1027752c	58250b79e70305d5	-	String
def	Minidregg.Compiler.PersistedCodecTags.fn_selected_source_ingress_v1	11a609e3808dd54bdec5323f37b6d1e2726d1083322d38a024ab54286498eb89	b146617be852cdefab28eb59430ea39f03e2dfe484376157043b79021605f14c	358a69280efed30b57bf4300aac71d23ac3b8b88b686f05d58728753bcfbe64a	c6f310f414d72f2f	-	String
def	Minidregg.Compiler.PersistedCodecTags.fn_selected_source_nullifier_v1	e2b4b4e099f87299bbf351047901112b8947f455e61fdf04509d0f3b93d6ccc8	b146617be852cdefab28eb59430ea39f03e2dfe484376157043b79021605f14c	cca38202c3a47218fb26c16cdcfcc75ea56f6f2cac57d0293a3bd5f5fb9fff70	1f814b84af130b81	-	String
def	Minidregg.Compiler.PersistedCodecTags.fn_selected_source_publication_args_v1	3c6ff6c1ad11e7058f8a7025eab50964e8219dea01b722206612c4b91742331a	b146617be852cdefab28eb59430ea39f03e2dfe484376157043b79021605f14c	cf322a7935a6227bc3401d4319a9772a07d1c6176df3ec742ee8d5d66758b7dd	57811d3673026bb6	-	String
def	Minidregg.Compiler.PersistedCodecTags.fn_selected_source_publication_effects_v1	8d9d3c5ab16c19c311c23aab0ef8bb75619c0e3358d8f8069abd759bdc026ce0	b146617be852cdefab28eb59430ea39f03e2dfe484376157043b79021605f14c	8dd5e3901615afe04343ac4ca95cefab81d47795551f4fef319ce4b2c7574117	9243d993fa0e8126	-	String
def	Minidregg.Compiler.PersistedCodecTags.fn_selected_source_publication_marker_v1	4fcc20efc9e999ab75f7043d5b9f7628317841d4db772ea85b071303a6b681ea	b146617be852cdefab28eb59430ea39f03e2dfe484376157043b79021605f14c	350ec7dcc1da01719d2844300e4b3af0073c94d39df0cdfa7229900a17609949	fe4e9fa3f833b62d	-	String
def	Minidregg.Compiler.PersistedCodecTags.fn_selected_source_spec_v1	0f2f89fc54c1ef827462de76e2faf0bfac5fdcd6008b3c51bc82bb69929aad92	b146617be852cdefab28eb59430ea39f03e2dfe484376157043b79021605f14c	b0a7277bf1ab57eb309a4eb5fe32e42fe26b60c5fd99dfcb588c3ddb55253014	8503a3b1979a07ac	-	String
def	Minidregg.Compiler.PersistedCodecTags.fn_selected_source_transaction_v1	1ba8dd6e73f3457afa61717959d15379e214de8cfcdccf2c34a5ed089826c2cd	b146617be852cdefab28eb59430ea39f03e2dfe484376157043b79021605f14c	6766a5ecac7aa2a168a9f5ff859a74019e080098d468ac450e40be76049b97b5	f1069752ae7fc72b	-	String
def	Minidregg.Compiler.PersistedCodecTags.fn_selective_ingress_v3	c1e51b81334c2d1aaec689264713a816f56bd1b4d6072c456364ff3c2f1f81f0	b146617be852cdefab28eb59430ea39f03e2dfe484376157043b79021605f14c	af270b2807c4922df5f9665c253438cc43f7c2d2cda884181bf4f1980a8f5c88	5bef9f009b6d2f88	-	String
def	Minidregg.Compiler.PersistedCodecTags.fn_selective_owner_packet_v2	60af1ae9ce64ce797a09a88bb003e87aeca3490970d3f9761e16e06c6309f81d	b146617be852cdefab28eb59430ea39f03e2dfe484376157043b79021605f14c	9271c113c86b3472f4b4fdd1b0385e09be90dbbce08bdda26f1d38c6d5795f8c	6e7b3f010ee2a722	-	String
def	Minidregg.Compiler.PersistedCodecTags.fn_selective_release_event_v2	8b11b8ef4d0fb745efec9a861c437885fa557685c2787e0ea3483138116663d6	b146617be852cdefab28eb59430ea39f03e2dfe484376157043b79021605f14c	abe27ec402c2bc089631f8b3460daa2be92ba71fdcf2bd8ec5fccdfd765794cc	f0d1dc617e1b4ddb	-	String
def	Minidregg.Compiler.PersistedCodecTags.fn_selective_release_key_v2	64d5973173d5dc0fa61abcf910fe2567a359c745d619690ceede0b1703bfb4d3	b146617be852cdefab28eb59430ea39f03e2dfe484376157043b79021605f14c	927fca02c93d8b4668ef36094af6486677725f195a6bcdd15ddefe52506fac91	1d85e26fcc1a0d98	-	String
def	Minidregg.Compiler.PersistedCodecTags.fn_selective_release_nullifier_v2	e11d9ccbe7542bf091359071935bf131307352e8a1cd4e3e0d59a645117d5bb4	b146617be852cdefab28eb59430ea39f03e2dfe484376157043b79021605f14c	db2e642d9edac8b2144d63c40515515510f21a6dd960e46bafb5ddd1be067440	2ca030dd0df0b3a0	-	String
def	Minidregg.Compiler.PersistedCodecTags.fn_selective_release_v2	d7db0839f21ee757880806cd6d675c3079a53a2692fc4cee297a8204f56ad84b	b146617be852cdefab28eb59430ea39f03e2dfe484376157043b79021605f14c	3016902a66dfda13d7749f303c4ee61bee6c0261084ef66ff7b4936d2a04397f	ca0fa7a941d07c18	-	String
def	Minidregg.Compiler.PersistedCodecTags.fnconsumerprogresshistory_evidencecodec_3c80f283	9689d478d1e4c4a1f2c11d44eb963fb8cde2a5f78a49b1a7ff358579c61a4398	b146617be852cdefab28eb59430ea39f03e2dfe484376157043b79021605f14c	4dd89ef9eab5513de3afb55bab726b5db32a60c74c9a6b7d5618e4045542221f	810c94e02d110445	-	String
def	Minidregg.Compiler.PersistedCodecTags.fnconsumerprogresshistory_progresshash_1068692f	bfa15f1e58259863336479fa674d18e63522622ba7432ada475bda9b57e377f3	b146617be852cdefab28eb59430ea39f03e2dfe484376157043b79021605f14c	f4fd1b7b1b3b4bfc99dbf2e8f15c411653203ed19085e062a300020e5a3c0bfb	0a1464fbca9f6b69	-	String
def	Minidregg.Compiler.PersistedCodecTags.grain_resource_birth_args_v1	92c44fb8f427ae55079e0ad723e4a694b201ee774354a54a3de2bba880acc67d	b146617be852cdefab28eb59430ea39f03e2dfe484376157043b79021605f14c	7c2469915313bf23339ab917091af6b2c626881526217524b453ac856764c78c	d9f77217c6813e33	-	String
def	Minidregg.Compiler.PersistedCodecTags.grain_resource_birth_effects_v1	aade677e0c5c968b0c1c3e48138db3f7e098c97cc41fa39477387fb5db0d1d65	b146617be852cdefab28eb59430ea39f03e2dfe484376157043b79021605f14c	d7be79344c4d74e674f6576bede8bf79aa54b7fdb5f577b11af5331f942ddd5b	bff7da1d9bec7104	-	String
def	Minidregg.Compiler.PersistedCodecTags.grain_resource_birth_event_v1	87e4d42bd54806f9caaeb32760b63d3768aba332eb5fd3344a4f845097525b1d	b146617be852cdefab28eb59430ea39f03e2dfe484376157043b79021605f14c	ddeb61282bc504f0e612a97ce66557821c867540896c0423f113322e0bd6a4c9	6c8fbfec05a1c47b	-	String
def	Minidregg.Compiler.PersistedCodecTags.grain_resource_birth_finalized_draft_v1	415f4689329e583272e4436c4d71d0e446159e24efb5b31df96f121349002fa4	b146617be852cdefab28eb59430ea39f03e2dfe484376157043b79021605f14c	852546399a757202036080ab6feb178c10ce579c4e55ace61ec68eb2347955e3	cbcc5bfbfa9dde76	-	String
def	Minidregg.Compiler.PersistedCodecTags.grain_resource_birth_host_source_v2	0269af236de4617daf412406a68d401896f1c5c2bb371a788c55d2b25e5e3cc3	b146617be852cdefab28eb59430ea39f03e2dfe484376157043b79021605f14c	3f965338b01abec6f3fd297b17ada49d4b41822254388e7aa7eb1510c2606268	5cf99e3d2cadd05e	-	String
def	Minidregg.Compiler.PersistedCodecTags.grain_resource_birth_joint_v1	0e7ed8117cdf2d0cd74ff2127729f449ea6180d5d2e45526a60cb4106aa432aa	b146617be852cdefab28eb59430ea39f03e2dfe484376157043b79021605f14c	6651b6566dba59599795d3715a19cf04bc34a4b4780c167ce0c51b1bf632edae	0647012731aa8dcb	-	String
def	Minidregg.Compiler.PersistedCodecTags.grain_resource_birth_signed_ingress_v2	bb8c2dcd98f6a2bed4b226bbe11a29cd8715faa53ea01e952ea249b6cb699664	b146617be852cdefab28eb59430ea39f03e2dfe484376157043b79021605f14c	4862677d0b0676ea3d0bdc37dc1f49ce70b8831e508897645e03ea5f63b7cf6f	51d80f730bc1a228	-	String
def	Minidregg.Compiler.PersistedCodecTags.grain_resource_birth_source_v1	c4dea02669c71c8d67009411747e0dd9f2fd8cbb96279d870c47105228e59172	b146617be852cdefab28eb59430ea39f03e2dfe484376157043b79021605f14c	ebd1d8f370b18940eb368373888311249a4b9dd6beefe3077ed4d318322898b4	4c0bab439c9c3bbe	-	String
def	Minidregg.Compiler.PersistedCodecTags.grain_resource_birth_user_draft_nonce_v1	f970342baaff1895503c6fd7c5d2819e14716f1dfa3e9068ed16849dcd02d8ed	b146617be852cdefab28eb59430ea39f03e2dfe484376157043b79021605f14c	85e123bee6f063d17f20a35777c0348ee26f038f4d1e60188f7d5a78956f74a7	ca0cffde10a14c27	-	String
def	Minidregg.Compiler.PersistedCodecTags.job_money	cbbba215f92a0f1d6b6e6e78cc0bfbdf5b73a7fbfbc15a39e93f42ee3c6c6d47	b146617be852cdefab28eb59430ea39f03e2dfe484376157043b79021605f14c	eec21fa96dedbbbfc1fcf097d3b03e404e6a9bd9b67e558a0827a39b7d9ef6c6	31c7646a8e665bd2	-	String
def	Minidregg.Compiler.PersistedCodecTags.job_money_args_v1	b9ead5b629fed16df9eb4f02d4d287a8c5389f3854025aef74fffb95621b257e	b146617be852cdefab28eb59430ea39f03e2dfe484376157043b79021605f14c	4b2e57339e70aeab4ed168bb49bfdbe4e53c0c488ccf5a37eaa4269b6ad58437	e7537eff28d40e82	-	String
def	Minidregg.Compiler.PersistedCodecTags.job_money_effect_v1	d052cab8fb2a767cf61f49e5aaed59d0c8ecbc899a629157fea1a6b728f70c7e	b146617be852cdefab28eb59430ea39f03e2dfe484376157043b79021605f14c	1c05330a20e5b5ff59d19fa363294de6d7f28be6b8da1aa73a61c1e8fe23460a	cc50d61b5d6e68f9	-	String
def	Minidregg.Compiler.PersistedCodecTags.job_money_event_v1	f917749d94187945b2777b833b52b2bb1b49a8ac417affdcb6dfbb00716d24c1	b146617be852cdefab28eb59430ea39f03e2dfe484376157043b79021605f14c	f5974822085d7ed8bfe9b67718c356c2a56dedff9737c11a0e7f399bf17938a0	e11ed0abc6d56fed	-	String
def	Minidregg.Compiler.PersistedCodecTags.job_money_identity_v1	a44015314e1a1a330c5c450dbaf2d9f702b71dd181f3ca95af73e2d6ac15090c	b146617be852cdefab28eb59430ea39f03e2dfe484376157043b79021605f14c	8448259a0db9e66512db5454464b90b0a95213a998ae3b5a525f4fd7e098c2fa	b3cfbfe881d7672a	-	String
def	Minidregg.Compiler.PersistedCodecTags.job_money_signed_v1	a2dbe9b10873f7d61626af34cc7e34bcae4b125f4ee8a3bfc3f2d0ba5b717cab	b146617be852cdefab28eb59430ea39f03e2dfe484376157043b79021605f14c	f8019d959a1c870cf4acb3998320cbc70d2f1992573aa3cbf8334545dea76660	f6e5ab0c494ddad2	-	String
def	Minidregg.Compiler.PersistedCodecTags.job_money_v2	52f5a5aa55656477785b57ba57b3c98803349d60a9c9d249b3d9b4ce5988ce64	b146617be852cdefab28eb59430ea39f03e2dfe484376157043b79021605f14c	01363d7ce4a6705d72084d805901c6f1c4e4b15f482f93e1734abf08a8aeb1b1	64fb48e03f4a8487	-	String
def	Minidregg.Compiler.PersistedCodecTags.joint_control_bootstrap_v1	5ad9985e1a42e210ed3b078180940fd865cafc72b062d2a11267f3d1b3363fa6	b146617be852cdefab28eb59430ea39f03e2dfe484376157043b79021605f14c	5778d7464b8c5f2a6ef0f6f117bed6e9714e1332c1a0e8a04fb15bc8e207ee06	b73eed204e8a34b0	-	String
def	Minidregg.Compiler.PersistedCodecTags.joint_install_promise_request_v1	65f5c2675c98b7dea6b7da0659a97c118cbb834465e6230264ddfa81011f18b1	b146617be852cdefab28eb59430ea39f03e2dfe484376157043b79021605f14c	ce51b496eec3d98e1f41575ecc133c614c714133c50a331e0469d7c5225e71e2	5775bc477c4cf16f	-	String
def	Minidregg.Compiler.PersistedCodecTags.joint_install_promise_v1	a1fe1292f97744af15662959cefb3837c9ce96ad323a12a0592b6ecebad2b698	b146617be852cdefab28eb59430ea39f03e2dfe484376157043b79021605f14c	8b08fee6405e6830565c7290e3ca488183ad11af464dcfbf487e85a9aad7d523	8fbe69114a28560b	-	String
def	Minidregg.Compiler.PersistedCodecTags.joint_source_reserve_v1	e2cedeb6acaae94478a6322252223ef65e7b16897102cad86f0e5b3a8f02a305	b146617be852cdefab28eb59430ea39f03e2dfe484376157043b79021605f14c	76e87e93f1322fca28f59abed04fa6e04d2bec81d4999d751ed0f01bc105aa81	f8958ce0548d12c5	-	String
def	Minidregg.Compiler.PersistedCodecTags.lawcomposition_birthprojectioncontract_fee33c3e	1e3abfab9afbb50b7eecf8a46f4346b6e776cf31e62ac516298abfae0b3c9302	b146617be852cdefab28eb59430ea39f03e2dfe484376157043b79021605f14c	1748b48d99ff455afd2f2d3d5ab751d788bb1f496df31a4fd389809684302301	fe5abb78957afbd8	-	String
def	Minidregg.Compiler.PersistedCodecTags.lawcomposition_closurecustomization_ef69df21	7cebfc9ef0a73b6048bf338c8f05e91c9f59ae1957eec33b0a223059b9a0cc2a	b146617be852cdefab28eb59430ea39f03e2dfe484376157043b79021605f14c	53aab674e314b36b05afc46e77cf7daef406ade6552e70690e1ac36455c5ed90	2a9e43703100b790	-	String
def	Minidregg.Compiler.PersistedCodecTags.lawcomposition_receivingcontract_fa3f9b0b	ddff91ba608ee781ec3426b39ecb098944309d9fe7d555881b9b68c0c3148b3a	b146617be852cdefab28eb59430ea39f03e2dfe484376157043b79021605f14c	f77067cc533621e6a64a6b6659843758ae17d8226ca6187ca2cc86c8b49e1e1f	1d59b6259b11db84	-	String
def	Minidregg.Compiler.PersistedCodecTags.log_v1	cb4e7fe35f6334cf4770ca2b8fe718502568e25d2b0803b908037be7acbc005e	b146617be852cdefab28eb59430ea39f03e2dfe484376157043b79021605f14c	c09e10447dc9ec06dc4b1d1f7885c558339b2317f174b91c6f73b6992895cef6	d544ca1e3b15e282	-	String
def	Minidregg.Compiler.PersistedCodecTags.native_field_identity_v1	9e7f4c9f1cb6d11f35e3f91199046280c97b57006aabddcef630b1535a921b2f	b146617be852cdefab28eb59430ea39f03e2dfe484376157043b79021605f14c	9bb924c4f4cd8a17a49af54ad5d932bcc3844391bae87e74a1240ea5c8980589	e0637e11039d2fca	-	String
def	Minidregg.Compiler.PersistedCodecTags.native_host_at_view_v3	002fa69e9295029e892a6388b7f23436449b1ec4463dd486e8e89e7712a1ed4b	b146617be852cdefab28eb59430ea39f03e2dfe484376157043b79021605f14c	1797774dd9e8856f4b35097d1f228f3205923afd54b6751c615e23bbb6c9fbeb	a4f7cc32a745c8ab	-	String
def	Minidregg.Compiler.PersistedCodecTags.native_host_genesis_log_v1	60db77d6f25e55cbe8dd144a7fd3a8953ef7c6805b73e07f350edddee0d44987	b146617be852cdefab28eb59430ea39f03e2dfe484376157043b79021605f14c	5e692ef83e65e371079b624a247f9075f8934aecc95a7877c92dff066c6d6b38	1a72c820700ffcab	-	String
def	Minidregg.Compiler.PersistedCodecTags.native_host_genesis_source_v5	ffa771c7339622cb671a063263d39687eb67fb3d9420776a67aef8b8f1916d44	b146617be852cdefab28eb59430ea39f03e2dfe484376157043b79021605f14c	5b4126b9bb49bb9f30e6615ddc822bd15727857abb81af4cbf47d60d80ce3b17	c5eb9ab05a37dde9	-	String
def	Minidregg.Compiler.PersistedCodecTags.native_host_link_view_v1	68c5d3f4726cffada584fa910929757b5e308c35d42de50d6b2b9d64d43d86be	b146617be852cdefab28eb59430ea39f03e2dfe484376157043b79021605f14c	665180f17a6ba46fb50cfebc938b650c630084ecc7fc78a416958a207b21da7b	d89d0d31d846a767	-	String
def	Minidregg.Compiler.PersistedCodecTags.native_host_log_leaf_v1	dbbcef02d3d7c7840f96aee1d83edeeaf4d1b9f24a94eb516cace1f68b68c161	b146617be852cdefab28eb59430ea39f03e2dfe484376157043b79021605f14c	5c931b0815e05edbfa7a06a49fb61cc0373b8900d3d402f1fb793f32426ed1de	b3938da1728f1446	-	String
def	Minidregg.Compiler.PersistedCodecTags.native_host_log_node_v1	c6ac4d538030b3f13004c2342d7c2cbb32f7bfc56ebec8ed849a34eb79e16b36	b146617be852cdefab28eb59430ea39f03e2dfe484376157043b79021605f14c	aa349f7faed0816d1bde0b83c8c2fb1b9bac1b0ab0504a9ee53babeeb22d937f	0ec342475e2fcd50	-	String
def	Minidregg.Compiler.PersistedCodecTags.native_host_log_record_v1	e4f41257681fe3df9c7ee51d060d791a3d44fec842298a3d83eab61d2bd888df	b146617be852cdefab28eb59430ea39f03e2dfe484376157043b79021605f14c	8533633bb645d64f190c3e0d1d62fee6b2f9112edba1ed52601472b5e67a2f38	91d699ccab9eaad8	-	String
def	Minidregg.Compiler.PersistedCodecTags.native_host_log_tag	fb86c40c883de967cda92ff05dd49e4b08b988b652057e3a25ad212ab701d9c3	b146617be852cdefab28eb59430ea39f03e2dfe484376157043b79021605f14c	8ddfdc0608cc71490a03e68dbe7964db5d402d351f4fb9d2a88ae0e0c790a107	638bab76fb8f9e5a	-	String
def	Minidregg.Compiler.PersistedCodecTags.native_host_log_tag_v4	700d80ea74605c3b9e1817bd2f47d2fb44c07f080a3e4272c2f428168d07200d	b146617be852cdefab28eb59430ea39f03e2dfe484376157043b79021605f14c	7dba1ee4e6f6c019a64c21081710a6ccd8b91fcf6cb012521cf17b56a4efcd51	d4e1d345161f1765	-	String
def	Minidregg.Compiler.PersistedCodecTags.native_host_observe_batch_v1	f9c76ed7290a31668755477d00fd7189d00291a1c60a94b8673873093ecf1b1d	b146617be852cdefab28eb59430ea39f03e2dfe484376157043b79021605f14c	a4c2b72f4b52fd7fada84a17df927f284de57cff78ed1d847c85185b34a09d0c	5088248aadbd8b53	-	String
def	Minidregg.Compiler.PersistedCodecTags.native_host_observe_effect_v4	4220070bef7f3507deb4bef9d642b970abcd3132b8435490b7390eaee3fdba94	b146617be852cdefab28eb59430ea39f03e2dfe484376157043b79021605f14c	62a0acf0201b8fbe59fdf36554c9f62ffba5ce401db458f40e04ba426564e561	c4fda9ecc0b34601	-	String
def	Minidregg.Compiler.PersistedCodecTags.native_host_observe_intent_v7	2c0269cbd9bcc7e224e40f368d6ee601fb9ba9b3ddfbf874b7dcbde6a3c86986	b146617be852cdefab28eb59430ea39f03e2dfe484376157043b79021605f14c	d2ae9cc3c7633c5fe003a9f8e4bc57b9263be87e4a08de9fd8432e1787f605e4	4e6e79dd627d31e9	-	String
def	Minidregg.Compiler.PersistedCodecTags.native_host_observe_signature_v4	df56bfbd4b2ee9216a5338150827aaa497bfa22ae79f5be5e8ab44f3d322798c	b146617be852cdefab28eb59430ea39f03e2dfe484376157043b79021605f14c	c0bec3104a9871a46fc5f3aa5f1935f2afb9c957b600ddfa1c84ca827abdb692	f73cdbe592b730c8	-	String
def	Minidregg.Compiler.PersistedCodecTags.native_host_resource_scope_view_v1	7021baa031a1b75831f6393788d1d8403b57169ca94128f5ebf1101e935a6145	b146617be852cdefab28eb59430ea39f03e2dfe484376157043b79021605f14c	e2244b170e22dbbc6e07cdba18371caa4847b432ba835111f49ba28b59ef76bb	6e49da6fe702797c	-	String
def	Minidregg.Compiler.PersistedCodecTags.native_host_resource_view_v6	1557faa0caee537655c8990410ab21aba4edd1df2d20532f46ab2e7e84c02789	b146617be852cdefab28eb59430ea39f03e2dfe484376157043b79021605f14c	c0f0fd0cb363c1674bed321a8a9b9cd2727a3be2f3a1c4b593af195ac498dc76	b121bb5553b25a5e	-	String
def	Minidregg.Compiler.PersistedCodecTags.native_host_since_view_v1	4ee4f9b9ef7ff393a335d3bedd3eecd56883c78da839f4280422e15cf906eca8	b146617be852cdefab28eb59430ea39f03e2dfe484376157043b79021605f14c	e8132e83c6f7976eed7b833b24f117dfcb6bd8babec81358fa101e006af3bc7c	ba2dbf56f31a95ab	-	String
def	Minidregg.Compiler.PersistedCodecTags.native_host_stream_tail_v2	86c079fc86dd36b9089cdaad522592ee53c76db8a82d5ba9c1c6b41601a32e59	b146617be852cdefab28eb59430ea39f03e2dfe484376157043b79021605f14c	bc7a127c07acc00b282608fe7a815a5e624694f9cc45b795f33b7553ac89a5e1	1e680d23442fb521	-	String
def	Minidregg.Compiler.PersistedCodecTags.native_host_system_v1	8133601610bc20a1108d5746852d6f3a5d86e558d074bda3f17c68b2255d08a9	b146617be852cdefab28eb59430ea39f03e2dfe484376157043b79021605f14c	e4605710ec811529828ac55fe8c0d106a74b7106d7b21705958f716fae0be323	573b99895caf30f6	-	String
def	Minidregg.Compiler.PersistedCodecTags.native_host_who_view_v2	df62a965777395924d78121a7a6dade5b56cdc94a0bd1cd41f304c4e691920b1	b146617be852cdefab28eb59430ea39f03e2dfe484376157043b79021605f14c	b1ea4912049eb3e84cd8f82a5fd09a7b4648b4db1b55bcfbe0fdb7829adc8759	5e01703eb7bb1b3b	-	String
def	Minidregg.Compiler.PersistedCodecTags.native_invocation_statement_byte_v1	ee2e3f8b7b7bf79773ddfaed1a77e1507165543a616384a9a1e97b9462e1f53e	268fce01293bcb84de059c093737d89d8980bbc789bd14e1bc6693665008f358	652d5a7c2879a29a7a30d3d9d526926b160b6572756a3d15d9d8d6776e00e652	67967997b18ae90c	propext	List UInt8
def	Minidregg.Compiler.PersistedCodecTags.native_registered_invocation_profile_v1	6fd098da503f0211ec1ffd064038729b0881cdefa962f0923522fd228778aefd	b146617be852cdefab28eb59430ea39f03e2dfe484376157043b79021605f14c	96e52b116b5bef01d792b4cc8a08161c2eb87515131ab5fb54185cee2958fc70	188894780fbc3a37	-	String
def	Minidregg.Compiler.PersistedCodecTags.nativehostcontext_config_runtimeparameters_59783037	3d014cb8defd5d0acd32182ae29db2bb20a33fd70d893b1c6b0497b5182b681d	b146617be852cdefab28eb59430ea39f03e2dfe484376157043b79021605f14c	8e8e777430695ec241d49720b1a4559aa9df797d4ed1d0db76aeb3204e6d9676	0cff1d86d127029d	-	String
def	Minidregg.Compiler.PersistedCodecTags.nativehostcontext_config_runtimeparameters_6b5bc5c8	58a06803981440be93c80c5cd936bb4b55420cc44fb4d92c63c828ee865ed1d2	b146617be852cdefab28eb59430ea39f03e2dfe484376157043b79021605f14c	97f226a2946262925b0f8c123fba3b157a2f0c7f6c35a258b2cb77c98e8a9db1	51263498fa37257f	-	String
def	Minidregg.Compiler.PersistedCodecTags.nativehostcontext_config_runtimeparameters_764e3627	4ebf740735afde2371d52cab7b839a85b859421eb0e8ce23e2072bf01df55869	b146617be852cdefab28eb59430ea39f03e2dfe484376157043b79021605f14c	3de4ddfcaf8bc4662e5d743a455ead13cfc9beeaa35d71c7c7bb842d199bc49d	00d45e033dbbda3e	-	String
def	Minidregg.Compiler.PersistedCodecTags.nativehostcontext_config_runtimeparameters_949ab763	469874a76f9792b997aa62672d3ff01caf57bd04cba1ccfbae2808f3fd57ac6c	b146617be852cdefab28eb59430ea39f03e2dfe484376157043b79021605f14c	e2c0a62d26eb85c1ce77c6239d6fb47c19ab9df53f940ee1bc9a626b869f3971	412338faf0561973	-	String
def	Minidregg.Compiler.PersistedCodecTags.nativehostcontext_config_runtimeparameters_df2ffead	24c3705070498f34cde6e98d2712a6b69b0eae46292fc4694d384589139fb64c	b146617be852cdefab28eb59430ea39f03e2dfe484376157043b79021605f14c	5dc7b9f1d86fc4b9197e959545f6caaf0ce1bc39076d8b9482dc4d5d8e16964e	9863c407844d5b5f	-	String
def	Minidregg.Compiler.PersistedCodecTags.nativehostcontext_config_runtimeparameters_ebe93a95	1d20762611903c73e228e52967fd059489cf232123f6aa002425ec044d96ed02	b146617be852cdefab28eb59430ea39f03e2dfe484376157043b79021605f14c	971be377a53626d28b6814c1e03759102120c6a851259b5a79cfa8fae0e16f32	5096468383d5fad4	-	String
def	Minidregg.Compiler.PersistedCodecTags.nativehostcontext_seedidentity_9807f734	e9607295874069ec60539fde24d3a928fe9456f2a6eb78b36dff40e59761c557	b146617be852cdefab28eb59430ea39f03e2dfe484376157043b79021605f14c	1949154d8bb2603d182134ea360cf0462a4e57e3a6d229e71c304b66b10b9fc7	6dceabb4e726eb34	-	String
def	Minidregg.Compiler.PersistedCodecTags.nativeprotocolframes_callframe_4cd7d6ce	0f7bfe11167edbfce179d897d4ba936b9fa097c58f2911fb0c90f05753711712	b146617be852cdefab28eb59430ea39f03e2dfe484376157043b79021605f14c	b03b4d4121e219378628667a88f02dd3170ae6fc0f2cce454f3bbd7815aaa561	2756574a5df72c4f	-	String
def	Minidregg.Compiler.PersistedCodecTags.nativeprotocolframes_challengeframe_5b33ffe4	34953ae6b5915663b3d0fbc35c41afc8618b2d3976b056139a5e995ff500f07f	b146617be852cdefab28eb59430ea39f03e2dfe484376157043b79021605f14c	56891dd31e8d76dfd1289330f1560f5eb75d9253c6448727995abc0093b66934	c54f8e311217171e	-	String
def	Minidregg.Compiler.PersistedCodecTags.nativeprotocolframes_commandframe_c43cf00a	5fa6adab8b65aca5f02cc7f2caf17609bfc40c5328a3b87d381ab37f0d8d1d51	268fce01293bcb84de059c093737d89d8980bbc789bd14e1bc6693665008f358	25d08d4880119c58110e97ba5a0775eb30f6231165d52fed08ffac2b2afcc7c0	338e7f614c337f34	propext	List UInt8
def	Minidregg.Compiler.PersistedCodecTags.nativeprotocolframes_draftframe_7af8fd37	9dc02b9ed8b123577b2111fe6213f5fef4b02f77a15b650c1796d1a422b3d1e4	b146617be852cdefab28eb59430ea39f03e2dfe484376157043b79021605f14c	432f06f22da86c877456c46f605a42e063b8a4def0b355331baf3525dec1d96f	da36a7d0372a16e9	-	String
def	Minidregg.Compiler.PersistedCodecTags.nativeprotocolframes_ingressframe_70a174b6	27dbd9dab1975f7660e4a97a23624f4919a35bc5bc055727644c7822c0237658	268fce01293bcb84de059c093737d89d8980bbc789bd14e1bc6693665008f358	7f18243e42c11c30917b8b0ce79efb2db3a5aa479fd703579fe91a4d2c7a23e9	a4da08de64a6d37d	propext	List UInt8
def	Minidregg.Compiler.PersistedCodecTags.nativeprotocolframes_intentframe_ad208d3e	98c065116ebdd49e6f566adc97ab3b4320c62b046a1f5a021204ed0f5b348710	b146617be852cdefab28eb59430ea39f03e2dfe484376157043b79021605f14c	db2ea897e4d432a113e0949973d5918596c4b8674f883f0bf9ea661b46fb8f0e	a4d57e55441c8ba4	-	String
def	Minidregg.Compiler.PersistedCodecTags.nativeprotocolframes_outcomeframe_11a5eba7	67b0c0d189ebbf89d40fb56f7fc8ec48886f1d104306aa24def76809015a77a9	b146617be852cdefab28eb59430ea39f03e2dfe484376157043b79021605f14c	6d93d970f379cc337e1bc0b6eea0162d9005b2bf87019d441960945c0a65600b	e4e824e13f685c1c	-	String
def	Minidregg.Compiler.PersistedCodecTags.nativeprotocolframes_signedframe_c007c7c1	34eed55fa53706a8352adfa7a771f77277f1b44d0c398152e517cac84fe1fb78	b146617be852cdefab28eb59430ea39f03e2dfe484376157043b79021605f14c	19737bd1afd9a96a9f2b2ee279e8b691405e5ff53618cdd1bd2ad44392f47155	c602d64f8a012c6e	-	String
def	Minidregg.Compiler.PersistedCodecTags.nativeprotocolframes_signingplanframe_6d288d35	500082aff032321cc01ea9df97a5bd061e17247123d2d1cf3798e92bbe8d6fa8	b146617be852cdefab28eb59430ea39f03e2dfe484376157043b79021605f14c	7d958c66fea9491342e8aeacbaae109a6dd8c722d8b0712a97a9c5bee32eb489	d90f8975700985ef	-	String
def	Minidregg.Compiler.PersistedCodecTags.objective_activity_args_v1	3bfb2ef6ae1ce053aa151125140954a469243298591d21ddc4b8b9c9dcb8b889	b146617be852cdefab28eb59430ea39f03e2dfe484376157043b79021605f14c	4aff90f9f5db216340bdec38ebff103b45e60d1c703c778a39f3f593795f9d51	3969bda72a34d217	-	String
def	Minidregg.Compiler.PersistedCodecTags.objective_activity_await_v1	d3c8017a3a4792da1a56530e3c97dd06014a90ed5b1669d4b48dc131bd14f2c3	b146617be852cdefab28eb59430ea39f03e2dfe484376157043b79021605f14c	305905fc7951e352d17cfdc491055e05e863856cfc3ca65d964824c982097635	5eac15d965168d8a	-	String
def	Minidregg.Compiler.PersistedCodecTags.objective_activity_cell	e4e9d7eff140291da900c3e53e066a8b3f53b635ba3834a7918ae9e9ef61b9ea	b146617be852cdefab28eb59430ea39f03e2dfe484376157043b79021605f14c	843a2cbd475a29330846772bdabb731f1d9688dc38e26cd0a7750ac458bc2938	33117efe4c63bdf2	-	String
def	Minidregg.Compiler.PersistedCodecTags.objective_activity_cell_id_v1	95ff0cce432be2188c2e4c0a26c51c5660106d02287a2d85a0b16b8ec0532b9a	b146617be852cdefab28eb59430ea39f03e2dfe484376157043b79021605f14c	aad1d580e319b76c7f5d52b2719944aedebcbc21376eaf1afda82b14ca41c5a7	a0ce79e2fabc3032	-	String
def	Minidregg.Compiler.PersistedCodecTags.objective_activity_cell_state_v1	9d82b9309ac4bea67ccc09c76834a07fe289bf556833d3478632fba8132fbc02	b146617be852cdefab28eb59430ea39f03e2dfe484376157043b79021605f14c	4ef77ae7fee1a56b417d3162fd5cbf9ad5348b9afbbf74a39fd23c45bca484f4	1df25022a81b55f7	-	String
def	Minidregg.Compiler.PersistedCodecTags.objective_activity_checkpoint_v1	58ceb3578664e0c73501b7a397a99725eccbdc2fcbf96eb2edb4ba7254af44a5	b146617be852cdefab28eb59430ea39f03e2dfe484376157043b79021605f14c	86464fef670e7158ec0efe9703e58444161b3b2ac17402335b1c0c03cc9e9217	df3088194d8771d3	-	String
def	Minidregg.Compiler.PersistedCodecTags.objective_activity_claim	69dd9b37b7fc290f9dd995a1087cc96ced0987161cec14ac7e70fdfcd5613d01	b146617be852cdefab28eb59430ea39f03e2dfe484376157043b79021605f14c	e1bfe7d0cd51e534266e0baf20f612c6e745a5f46bec4da4a72cceba4b331d46	14925125ba3868e9	-	String
def	Minidregg.Compiler.PersistedCodecTags.objective_activity_command_v12	cc89cee6d5b61f8e861391fc371fa9d872c07ba193f970597f68e2327e16a25d	b146617be852cdefab28eb59430ea39f03e2dfe484376157043b79021605f14c	469ec71ea20f3d1a3c561e376bfdd573de6b940e97d2afc1e6ca095021708ed1	79c5d7576e63a982	-	String
def	Minidregg.Compiler.PersistedCodecTags.objective_activity_domain_v1	7856560ab2d362ffac2aec925d03030ac7fcfc282bffaa05dac1d8d494d813d5	b146617be852cdefab28eb59430ea39f03e2dfe484376157043b79021605f14c	e69d4a1d7cf1a154f437de7e0fe46dfccb6b85714fb52cfc28d406e693f5cdac	2b741fdef8d42897	-	String
def	Minidregg.Compiler.PersistedCodecTags.objective_activity_effect_v1	e9e7bde34217e30ae926795a728903bb58036f9aaca745f24394927a71178c07	b146617be852cdefab28eb59430ea39f03e2dfe484376157043b79021605f14c	3c44568112aee1c6a0437269faa51b3e4f33f09ccadff5af58677f57ab2cad46	5e7f13611dbac70f	-	String
def	Minidregg.Compiler.PersistedCodecTags.objective_activity_event_v1	1ab396523af931ad64ee0cb3b38e406f3d963025db94d24214932b8f7a868649	b146617be852cdefab28eb59430ea39f03e2dfe484376157043b79021605f14c	717ea3eecfc7c95bfc2d1b8c2a458136787cc801bdeea7f9aa6e65c2b83ad83a	68db696510d1cf87	-	String
def	Minidregg.Compiler.PersistedCodecTags.objective_activity_id_v1	7570e61f4441d94985c764addb75d55e3a7572145767b0cb8b8aa43e7128a39b	b146617be852cdefab28eb59430ea39f03e2dfe484376157043b79021605f14c	a442ea2c4783aee744463c6c1015160a0687f37e2f7067422a0403f891bfb5f9	534bfb7b2a9fca70	-	String
def	Minidregg.Compiler.PersistedCodecTags.objective_activity_identity_v1	88cbc911044c7e73dfe0b39a3f7bc7c7b36f8c9c893597a6123e1bec180be62b	b146617be852cdefab28eb59430ea39f03e2dfe484376157043b79021605f14c	bc6433f1ec82baa200612c4e42d6e70520ed0f965bbdf13c07713695a5b991b9	74033c3460d5dcdc	-	String
def	Minidregg.Compiler.PersistedCodecTags.objective_activity_outcome_v1	2158041404cdae910b1c6df09b60dbc8075a7b8f544330aa1540b863c53df4bd	b146617be852cdefab28eb59430ea39f03e2dfe484376157043b79021605f14c	e14776e329b43c8fa810de1dabd975266955d144fffc2ed8236359b24e4eafdd	d0cada0d4450a68d	-	String
def	Minidregg.Compiler.PersistedCodecTags.objective_activity_output_codec_v1	6958a1b1cd4c9bc085fba7d7f0bd2b9854c6c1e63dc48af3695f18c8820abffe	b146617be852cdefab28eb59430ea39f03e2dfe484376157043b79021605f14c	3248e168f8561466bedfea72db93fd4ff5e63d3cb01fbb88eafc623986911d41	e0f93dfe1c447ef1	-	String
def	Minidregg.Compiler.PersistedCodecTags.objective_activity_package_v1	16ff163f6ccd3ce0a7a5cce37e5d93c3ecf947268464c1903d1fe51fa8409fc7	b146617be852cdefab28eb59430ea39f03e2dfe484376157043b79021605f14c	de193d18ff6b40c550069d6b61460e2c023fee1d12d125a7a7e5de6579a4f2ac	cc11f1b56edc490c	-	String
def	Minidregg.Compiler.PersistedCodecTags.objective_activity_plan_v4	1e7d53137c4cf3b46f89997cd2863678dcac1a87cb05840d7b4829ceada55db3	b146617be852cdefab28eb59430ea39f03e2dfe484376157043b79021605f14c	8fa1ab68846ee8b47e953c997b19b5ce2f384a25617fd613bba042f44a859330	1f030c32edb9d51f	-	String
def	Minidregg.Compiler.PersistedCodecTags.objective_activity_record_v8	7fef5286eb08bc1d5dbaf633c5db180d7218aac085a618d709d18285a0fc55aa	b146617be852cdefab28eb59430ea39f03e2dfe484376157043b79021605f14c	c3286d132be7850be7cb285428b9c0624fd21a3890244e9020abbe796ff951f1	40504c5fd7acc81a	-	String
def	Minidregg.Compiler.PersistedCodecTags.objective_activity_recorded_failure_v2	f55d478b07113c28384b8dde6c7242017c86ee921c89d30b8b8d996a32307a6e	b146617be852cdefab28eb59430ea39f03e2dfe484376157043b79021605f14c	40f338d6c7342e9874838d093dc66dc0bcf624f94c61d8964ec74a9ade9c34b8	0d46725d9b47d725	-	String
def	Minidregg.Compiler.PersistedCodecTags.objective_activity_reject_v2	89e3b9426a210bb310e305ccf89af8b8d49229e7ea75fd22de45a5d8b58e6b66	b146617be852cdefab28eb59430ea39f03e2dfe484376157043b79021605f14c	0ccf16e734210af2e783a3a9d395c56293dc784a9008dfdc71c1eb0f6340f52f	be669afaf941c911	-	String
def	Minidregg.Compiler.PersistedCodecTags.objective_activity_signed_v2	9326891544d8eca02daaf9240a8065570696ee0ee2438d064d5ec96b2814ba34	b146617be852cdefab28eb59430ea39f03e2dfe484376157043b79021605f14c	0ab91d3a725d687414ca0bff22df895b58a55170b282410f65a0d7d5581479c8	afbbc8a6a88b4a75	-	String
def	Minidregg.Compiler.PersistedCodecTags.objective_activity_tx_abandon_v1	fe2c3e0c878809b93b2a175735205a70171411fbbf29b2d236b471557d20715f	b146617be852cdefab28eb59430ea39f03e2dfe484376157043b79021605f14c	af7e543d21ccb2baea702f56a081020a8712b0b4fb7f276f3fb0a022fcbd86fb	175dd0ae52e85ef0	-	String
def	Minidregg.Compiler.PersistedCodecTags.objective_activity_tx_birth_v2	4c4c90795e18af03347a6da526a74dfeec0f8ee8edfc4a11ac6bbef3d3b5ae68	b146617be852cdefab28eb59430ea39f03e2dfe484376157043b79021605f14c	a5c8619819b80be1f6bfbca2a0e02289b244650ff04a572c632be628fcd1b8a6	214da771e4c562fe	-	String
def	Minidregg.Compiler.PersistedCodecTags.objective_activity_tx_deliver_v1	11b9a00ea011dd41691529712fa0ab6bfba74bfdda612b2e24a7fb61f4347e18	b146617be852cdefab28eb59430ea39f03e2dfe484376157043b79021605f14c	18c4b249a514dbe3c3e4620ae091a09d33b5aef18905ad380babacc759c2a266	dc3aa13811f6d8fd	-	String
def	Minidregg.Compiler.PersistedCodecTags.objective_activity_tx_exhaust_v1	c9bdd48db2e4e2b755a76b3f922f4535e636d29a14352d77bfe28d191026678a	b146617be852cdefab28eb59430ea39f03e2dfe484376157043b79021605f14c	b96ab26d720c6359925f202b69bdadb3ae36515a836e2fe1c9fe913c584d9cd9	aed38664b7a44413	-	String
def	Minidregg.Compiler.PersistedCodecTags.objective_activity_tx_publish_v1	9f5ebbd6503e3ecdd0d059596715a314173fa96c39d34f6ecfb54faa2233a8f0	b146617be852cdefab28eb59430ea39f03e2dfe484376157043b79021605f14c	c389f56f3242602e11baf10fa3e74c22fb38d63fe94ccff54d0a55c36a73d4dd	ae7e5a4c8505c148	-	String
def	Minidregg.Compiler.PersistedCodecTags.objective_activity_tx_resolve_v1	2eae7172ddea0a361f61d2ba1bbb91f6bdb5cf98ec8742bdf08e60caf242bd1d	b146617be852cdefab28eb59430ea39f03e2dfe484376157043b79021605f14c	ee12b195db323557fda6514b42bbd1589e17676f3d6e7217428d7665b5257a09	c5b05606b8ffce17	-	String
def	Minidregg.Compiler.PersistedCodecTags.objective_activity_tx_top_up_v1	02a5ebb2e44b9c32e82fcb3c796d10c39d8979676e037ab9b6aa4f4565326484	b146617be852cdefab28eb59430ea39f03e2dfe484376157043b79021605f14c	7065247956adf9bcf6b7b5168899695da5c2b7cf48e0939db018c6b1ea906813	e385a1d3503fa31a	-	String
def	Minidregg.Compiler.PersistedCodecTags.objective_answer_slot_name_v1	8c4f2d518481ffa8084100c54471d8771969e23f8fac874cf2a5fe24466c4e82	b146617be852cdefab28eb59430ea39f03e2dfe484376157043b79021605f14c	589dfe1c0bd05f6b54e06a3142c1e3139fa25a00a73b09b4e00bfa1217a9878c	08df8c06a187af0e	-	String
def	Minidregg.Compiler.PersistedCodecTags.objective_answer_slot_v5	03b7c080d9fe924974f172c4146600604de45bd6abf79d10c5191972901cbc83	b146617be852cdefab28eb59430ea39f03e2dfe484376157043b79021605f14c	62e46f7d42f4b344921ac0ab20c425ed71bb5d35784b64ef9c44f9ad9ed3aae9	ac02af53cffad249	-	String
def	Minidregg.Compiler.PersistedCodecTags.objective_bend_admitted_input_context_byte_v2	3a738bb02e48e778617004d9c824909fffa8fad5240721300773dbad13e4530c	268fce01293bcb84de059c093737d89d8980bbc789bd14e1bc6693665008f358	37ddbbf6c88caeef54aba94b7b648d93aed54aae4ef02c681040cd9eb423778b	569c4c5a8f7409e2	propext	List UInt8
def	Minidregg.Compiler.PersistedCodecTags.objective_bend_authenticated_input_v1	acd9b18acdb85f9cf057b223db079f2b4b7746ef1e0c3a0756d479c8b5c42c31	b146617be852cdefab28eb59430ea39f03e2dfe484376157043b79021605f14c	0e3cc1cc76b549ff07395d457ddf1f93f799e9b847f7ab12ba842bcd5e835216	3ef16407bf1c42bd	-	String
def	Minidregg.Compiler.PersistedCodecTags.objective_bend_clear_data_v1	20fd9baddfb2cd052716ff418d7569853a7af4d995ffb1393c7790de95cdc6cb	b146617be852cdefab28eb59430ea39f03e2dfe484376157043b79021605f14c	7d2ca037a782113242a3905bb966aca69816f24fc03577079d2a18d7b0bc38a0	a72feb23e07cbfef	-	String
def	Minidregg.Compiler.PersistedCodecTags.objective_bend_clear_no_cryptokey_v1	ace21feec0ade916b538f4cd0412ea1d98ab7e14936b41bcc05371d46766b917	b146617be852cdefab28eb59430ea39f03e2dfe484376157043b79021605f14c	14eb4ed4703965fcbb150a4df4578436964cb1d27c3fef321f19540895c3d0b5	59d71d9f6e5d6d4e	-	String
def	Minidregg.Compiler.PersistedCodecTags.objective_bend_combined_result_v1	9f1877351f81a4f8e02342ee34fe752b0badbc5fb72e2399a9da92171c43ea01	b146617be852cdefab28eb59430ea39f03e2dfe484376157043b79021605f14c	affac2d090265af63efc0fa4f0b19b783761b4553766fb69abc97f6232e8b33a	41833d42e0e790ca	-	String
def	Minidregg.Compiler.PersistedCodecTags.objective_bend_input_codec_v1	12d084121888dcca8129ed40771e01d67e4d875e00f85fac617410634f9f4720	b146617be852cdefab28eb59430ea39f03e2dfe484376157043b79021605f14c	2c0df90d9d7153c87f798fc06d2f02eb7f3920b249a0c2f92ec0c87458e1efd0	c41c3bf9585e9141	-	String
def	Minidregg.Compiler.PersistedCodecTags.objective_bend_native_data_plan_v1	470b29e3a53301e3a23987097d83ab7cc91bf21a547756529b2acadc21f7b449	b146617be852cdefab28eb59430ea39f03e2dfe484376157043b79021605f14c	2e9242d8b3f29065cb5700f564cab4827409de4dde8b1c3a4e7b1f0d03e0dde8	a25ae91bcd8f251f	-	String
def	Minidregg.Compiler.PersistedCodecTags.objective_bend_native_input_byte_v1	94d92d56ce2b209f47462c433b7363a769027850c03a49ad2aadae71b9358964	268fce01293bcb84de059c093737d89d8980bbc789bd14e1bc6693665008f358	afbac38387d82090b039b4eaf4b9c7e5ecc9ff6d49aed457b8decc4750a55a26	9e201dc6208ca46f	propext	List UInt8
def	Minidregg.Compiler.PersistedCodecTags.objective_bend_native_policy_byte_v7	8fcceb0974624c240d66e33c0f230f95bd89529df772b92bb9757f728987ff83	268fce01293bcb84de059c093737d89d8980bbc789bd14e1bc6693665008f358	88a63f603ae6d1546716691bc2b4dd1000b968d09bbebcbd32d36c4b85b19de5	847437adcfa897a5	propext	List UInt8
def	Minidregg.Compiler.PersistedCodecTags.objective_bend_native_result_envelope_v1	d292a1f74860a3fdef492e24d0d80257a160ed186624c76d27a7b45fa288f3ec	b146617be852cdefab28eb59430ea39f03e2dfe484376157043b79021605f14c	ac3dae6c75f257324c32aeaa541db10f7643000b63fc992c830fba7bcccf67bc	c9708e8a0e973b1a	-	String
def	Minidregg.Compiler.PersistedCodecTags.objective_bend_native_semantics_v2	d6c80220ac11f0dfa3902f87ec18d79a4b44133010e6efc11158e38c283d2223	b146617be852cdefab28eb59430ea39f03e2dfe484376157043b79021605f14c	03b424e13800def072596cd84ee22b7463dfafc91875df8dcba976981dfba397	6d13380f4f67c7aa	-	String
def	Minidregg.Compiler.PersistedCodecTags.objective_bend_result_codec_v1	2f2473378f861f111fddc71f57bccbb08c6dc120de9cf58eaa6b2b9faa4bae7a	b146617be852cdefab28eb59430ea39f03e2dfe484376157043b79021605f14c	df46c2ba1f8100f645107c8451e5cc32d2f5b582275dcbe0c4f6fccb43e9135a	c9e9d15323be8dd3	-	String
def	Minidregg.Compiler.PersistedCodecTags.objective_bend_result_value_v1	17ff78f0acb93baa6730e0166ff6849385ff73d2119374c8817ba7b6c30fbb7c	b146617be852cdefab28eb59430ea39f03e2dfe484376157043b79021605f14c	94d30cde796fb74a21885fbc02b368f1c644392e036ea1e59372e37fdeb5ec4f	de6c6dd8a2ef2146	-	String
def	Minidregg.Compiler.PersistedCodecTags.objective_bend_return_storage_v1	6eda23d66ba79b7ff2e1755e05fa674673e4e51174079631b05f9c85a06487f0	b146617be852cdefab28eb59430ea39f03e2dfe484376157043b79021605f14c	42c49ad2c3fc8ce7696d42cdfacb91f6ff816b7d5b92458c8d1661c40b156106	5c49912fd8549291	-	String
def	Minidregg.Compiler.PersistedCodecTags.objective_bend_scalar_record_v1	a2715ae40f359cda5d8244433f316c85e76571ca43593ff9478ae6a07cf61012	b146617be852cdefab28eb59430ea39f03e2dfe484376157043b79021605f14c	44bf076a3238e94859ff21333dcc7faac71b5348347215323cba65ad5cf39ab3	052f9f25409f9588	-	String
def	Minidregg.Compiler.PersistedCodecTags.objective_bend_selected_declaration_v1	8a028b6b203be7a624d79936f0e7c3d619bdd5a09933fc97a8f130996280ddc0	b146617be852cdefab28eb59430ea39f03e2dfe484376157043b79021605f14c	17cadbf6567f656226408d9e16ddc9bd3fda8397eacd7b1f60fdbf209e191ee1	c9d9e4967de11699	-	String
def	Minidregg.Compiler.PersistedCodecTags.objective_bend_source_artifact_byte_v2	bd6e3c908f675cf074a8916f2688a07ba71a6e587354f4457be64312bba681be	268fce01293bcb84de059c093737d89d8980bbc789bd14e1bc6693665008f358	ab3d51de9fe626313ded7b7f91378f2874f34cc4f3da4d355b35fb65a8227393	445f3f337e09835c	propext	List UInt8
def	Minidregg.Compiler.PersistedCodecTags.objective_bend_source_artifact_schema_v2	70423b59efe8ed812d6de508402446ba51f99de007ee00ee78c02490c478bfc9	b146617be852cdefab28eb59430ea39f03e2dfe484376157043b79021605f14c	970ea5801a0a890d3325d10d19852feb234c5acc31955d2a47046e3775376187	aa45d265176349c8	-	String
def	Minidregg.Compiler.PersistedCodecTags.objective_bend_source_artifact_v2	dc6451f3efe64cd6b93a0fa8305a2d45d1b622fada3038d77ecba1fac7d63631	b146617be852cdefab28eb59430ea39f03e2dfe484376157043b79021605f14c	34cd8cfc8bef36daed9b5a8e0f695d6c5207542d1adbf05400e0d18a2e62d6fd	adadbad3ca5a61bb	-	String
def	Minidregg.Compiler.PersistedCodecTags.objective_bend_source_package_byte_v3	3bbd4cbdd587cea834f4cef41abf88cf5ae87cff8fcc53f0c9c3dfc53aa2a3c5	268fce01293bcb84de059c093737d89d8980bbc789bd14e1bc6693665008f358	5ea64c930dd1eab0dc6cf0c0cf8e35acf85746b08b9dab605e42043297f5d35f	63a659943d931294	propext	List UInt8
def	Minidregg.Compiler.PersistedCodecTags.objective_bend_source_package_schema_v1	08bd99ad35a1181ae9eba6ca184c593568f9328465753b52270a11708b08620b	b146617be852cdefab28eb59430ea39f03e2dfe484376157043b79021605f14c	1e60fa9815cca5c34f953778a0c9730806ecf1c1dbd0d1d67a2a65d845108d58	cfbc3f7432cacf3d	-	String
def	Minidregg.Compiler.PersistedCodecTags.objective_bend_source_package_v3	a16b2d5c43ae33a05bdb0551d350bf9b8ffc1795b3f7ef3c7a893ae998600128	b146617be852cdefab28eb59430ea39f03e2dfe484376157043b79021605f14c	fb8c3937169f9b3c677d6b5b809710b939847d23cc0210e909530744391328e1	c3943c8882347fef	-	String
def	Minidregg.Compiler.PersistedCodecTags.objective_call_grant_args_v1	8e9750b334068da550e3d5a3c88adafde85984bf1b3424790f45b90d57d300bb	b146617be852cdefab28eb59430ea39f03e2dfe484376157043b79021605f14c	15c2e155358ab7b52904e788c19dcd7fe7c3229fcdd2d1500e7288ce4594e914	f21180b0d4463dd3	-	String
def	Minidregg.Compiler.PersistedCodecTags.objective_domain_v1	b9f006db9e8d1a1aecd6b2ab0bf91cfc9431ade9bc92c08f69581fd9facff32e	b146617be852cdefab28eb59430ea39f03e2dfe484376157043b79021605f14c	2b96157d1d0eb48ec162ea1468813a4987b9b137413749bd2e181c05e37bc531	4759c47afa4f3d1a	-	String
def	Minidregg.Compiler.PersistedCodecTags.objective_inbox_v6	d1bf809a0ba62911419857c62aa7d71e7a0548abb9bae40109fb2df80a94ba9c	b146617be852cdefab28eb59430ea39f03e2dfe484376157043b79021605f14c	b6be59f228187b3af2560a57c6b20def91b6051a7c3e996a5a3edc8158cc5a26	f05064dd477dcc59	-	String
def	Minidregg.Compiler.PersistedCodecTags.objective_invocation_claim_v7	c2c44515cbbc15444fbfa5b5b50bd5c412d81ab642263c2273dbf49a5343d5d4	b146617be852cdefab28eb59430ea39f03e2dfe484376157043b79021605f14c	5cf2fb811a18d64369f40ef54e549110767c3048538d02b13409e7b899a34549	8f8f4a2bc390ef80	-	String
def	Minidregg.Compiler.PersistedCodecTags.objective_message_tx_deliver_v1	0462700d42b13f633e59a6d75dd11c67234401d802847c38c351d1a12bebd982	b146617be852cdefab28eb59430ea39f03e2dfe484376157043b79021605f14c	5bdb0cd0a3c2c2569e7b400dc063b90f8425207e4de2794c2b250ba2f4ef9142	6a62a005fdabd112	-	String
def	Minidregg.Compiler.PersistedCodecTags.objective_object_record_v6	3764f55f53cf753169c6a2af3ce9a901a2d7a79c2bbbca2b1243fe08cff8e5b2	b146617be852cdefab28eb59430ea39f03e2dfe484376157043b79021605f14c	52d529ed818eace49612cde08ef8ff4f3f38394f009a8bc10c5a65738e4fdc64	89b50531ef33d53d	-	String
def	Minidregg.Compiler.PersistedCodecTags.objective_object_state_v1	30c05165214696c34398c30a1896ffc99c964c5327c867cfaf58670eb8f1e159	b146617be852cdefab28eb59430ea39f03e2dfe484376157043b79021605f14c	5e1718070302950f6648d8a53f6b514038a13bec47aff587861db8c8814cd32c	2f7d80908166d903	-	String
def	Minidregg.Compiler.PersistedCodecTags.objective_object_tx_create_v2	507b6abcec5818f07ebaf16026bc9a9fabed2cf32045dff2e3a64be7796a03ac	b146617be852cdefab28eb59430ea39f03e2dfe484376157043b79021605f14c	89c859cbbca4c54a5454cddd07bc525dc3355f0aba520571f347a5b282b0b941	0d7abbb6af4425f2	-	String
def	Minidregg.Compiler.PersistedCodecTags.objective_object_tx_invoke_v1	6d49836f895e5c44529287f8493f5d7e4fae93e9be33aec6e508d9e8b4f69bb1	b146617be852cdefab28eb59430ea39f03e2dfe484376157043b79021605f14c	8824f5d35a4a5af88d3a4bf81fd0521b4913fecc5063d9914d4d49d72ccadaf5	50bd5c2914c7554d	-	String
def	Minidregg.Compiler.PersistedCodecTags.objective_send_id_v1	dca62edd2e4b1c6b82dc5515e31f4be18b3ba58835ed52278e74e990d052bbd4	b146617be852cdefab28eb59430ea39f03e2dfe484376157043b79021605f14c	f764b47ab10e87bd1726f43a4fbfc0a47e434fc00d1c9fdd8a3009c91b9947cf	f5ac9be413bafa16	-	String
def	Minidregg.Compiler.PersistedCodecTags.objectiveactivityupgrade_aborttransaction_1d02e5a5	edb0b81fc7956a803bc3efcc98b60472a70988c8e97ab98209e20e0eb8e3ac2c	b146617be852cdefab28eb59430ea39f03e2dfe484376157043b79021605f14c	4ae783c34c5f2a0d1bd952bb6ab835ab6302b96d060653ded96d43ce546042eb	5cd5ed6c2ab1324b	-	String
def	Minidregg.Compiler.PersistedCodecTags.objectiveactivityupgrade_adopttransaction_c7d4dc2d	203327b8b2985e9a6c31a8a4e3feb49385628b315324a2542a21017dd2a50e55	b146617be852cdefab28eb59430ea39f03e2dfe484376157043b79021605f14c	9cc7abea1a1998dbcd27aa85ef980acc7ac59eaab21301755c770c9fa9117757	9491940ac5cf667c	-	String
def	Minidregg.Compiler.PersistedCodecTags.objectiveactivityupgrade_migratetransaction_b5ffb00b	40dadc4922fcf15054b8fea61af5cd8f899642e2f2ee7cbda49bde6edd6658ad	b146617be852cdefab28eb59430ea39f03e2dfe484376157043b79021605f14c	6368ca955716d56c10cb47572fa7193d161b7a51ca9cd2cff7bb0d6f885c134d	ced21ba216e428c1	-	String
def	Minidregg.Compiler.PersistedCodecTags.objectiveactivityupgrade_rebirthtransaction_897f8ad6	54d0b9306968617ca83359e8689e15d7e02b303d98c24893b81ef9c82ba61b23	b146617be852cdefab28eb59430ea39f03e2dfe484376157043b79021605f14c	a9e4832a27206d9dd8048da6f8cff717804547c8eba4262db6e8991b4e108289	5e9081b24d493f9a	-	String
def	Minidregg.Compiler.PersistedCodecTags.objectivebendfrontendidentity_manifestheader_a8a75167	ab855b6ad3e8f654401adca7153e6517b0ddb012d15cb59cefe1030883b896bb	b146617be852cdefab28eb59430ea39f03e2dfe484376157043b79021605f14c	40586e34a1eb5abd86bd32fe3b2ddd8e0fa7c56a79a66ad7c80c3accb5c68d37	64c79701574c7432	-	String
def	Minidregg.Compiler.PersistedCodecTags.objectivedomain_domainid_f11efad9	40e500ee50c7558010441bfc5e1dcedffd07752a06a0133462dc0cb6d288501d	b146617be852cdefab28eb59430ea39f03e2dfe484376157043b79021605f14c	5d2e944675a6e73ba3f80857843dbdb086c6010b61421a0ea79a30f7af76031d	6bc622712190eca4	-	String
def	Minidregg.Compiler.PersistedCodecTags.objectivedomain_registertransaction_47bba547	3f35dc3ddfe26cb9a23307d5346bd439b83b846bbd9be09a5ad7107868d35a94	b146617be852cdefab28eb59430ea39f03e2dfe484376157043b79021605f14c	955d3e103d140e7ba35f5bf7f3ae5cc9ab0293422d5ea378acae1d29f7cec00d	92f5b204785a788d	-	String
def	Minidregg.Compiler.PersistedCodecTags.participant_factory_observe	f115411967dd5c6d428d55b88feb53c710aa61e717b09bb6172c1398c14cc856	b146617be852cdefab28eb59430ea39f03e2dfe484376157043b79021605f14c	168bb3f6a8bee068afb723a5a3ff024edfe4fbf33019a944ebb49f662894efac	c478576ce090c371	-	String
def	Minidregg.Compiler.PersistedCodecTags.participant_factory_observe_args_v1	26d0a3b2f5b4a891c5b414b22025b53ba626a61b6eff51bb5304c127b9c4c576	b146617be852cdefab28eb59430ea39f03e2dfe484376157043b79021605f14c	5779c720925ac2131aaaec36ae7e1f9d3175a39812287773e1fb2d3f131d2b13	a3fecc149fdcfa0e	-	String
def	Minidregg.Compiler.PersistedCodecTags.participant_factory_observe_effect_v1	bde3619856a2650d2bd2ae49a1f93dc07e907b4c2b10bcecbc75e4843024583f	b146617be852cdefab28eb59430ea39f03e2dfe484376157043b79021605f14c	d9c2509e3492b9c14ed80f20d9b9c4c6347fe5c8afc48014a6cb69f8cea74a46	8b0ba8f4caacfabb	-	String
def	Minidregg.Compiler.PersistedCodecTags.participant_factory_observe_event_v1	7104e2fdac91e596d699dfb0179c431f48fa217367fa02b1714efc3d39ea67c3	b146617be852cdefab28eb59430ea39f03e2dfe484376157043b79021605f14c	be208d737118d1f4a2c9ce939fb1c2134ac421da947206bca39731305ec0fb8e	8ee175c575a5e643	-	String
def	Minidregg.Compiler.PersistedCodecTags.participant_factory_observe_identity_v1	d8212635d97012b0b11c45917f523b88250c9b12eea9d1b6924ba84238a2c314	b146617be852cdefab28eb59430ea39f03e2dfe484376157043b79021605f14c	812e75919e2127fe1522b7e8c24bd3eb722e6a0a2344d3973ad877a0a4570b59	a6a2190340887416	-	String
def	Minidregg.Compiler.PersistedCodecTags.participant_factory_observe_plan_v1	fea15bef7a1d2a6607078a1bf0d40954584305b155d3edd48a6eb44d3c824bb8	b146617be852cdefab28eb59430ea39f03e2dfe484376157043b79021605f14c	5e3a48723f0e07d48e7497ad13623b3183fedea02f70c44db7a08100b4eab35b	3aede6152fac64b9	-	String
def	Minidregg.Compiler.PersistedCodecTags.participant_factory_observe_signed_v1	1ae0e0fb0d6af44156e511849b0afe3cdf90c098615260b1bfb692789669142c	b146617be852cdefab28eb59430ea39f03e2dfe484376157043b79021605f14c	5ccc12eaf7698703745e62846c085d3feae37045b983a040641e9e954fc23d41	74756c6962ae4b26	-	String
def	Minidregg.Compiler.PersistedCodecTags.participant_factory_observe_v1	5eefa77f2bbbe9fef6ad3d4aac4ff22e78d23fde58b53375b89168dec59577e4	b146617be852cdefab28eb59430ea39f03e2dfe484376157043b79021605f14c	10ffac3c28088c1c898d9f263ba4e41a84eee1562d9e0cf28e1afdadbce86c7c	4a42cccccb2cc645	-	String
def	Minidregg.Compiler.PersistedCodecTags.participant_key_enroll	991382f0cf50f984cdb46d50a9a6be561758bff18b58c5897134b1b661115dad	b146617be852cdefab28eb59430ea39f03e2dfe484376157043b79021605f14c	4efb63a6af0fd735e1674e00a9ed9581b53bcd8800868a26756c05b602f707f2	22ac4a7b8e032544	-	String
def	Minidregg.Compiler.PersistedCodecTags.participant_key_enroll_args_v1	610fe482cbd2ed73b074a04782321a08ae03f0974b684de626ee5763a263cdfa	b146617be852cdefab28eb59430ea39f03e2dfe484376157043b79021605f14c	056d82635df936f57df66368809ed2b8c1acff61074113e3fb8e1297acd34829	6b3ff1889e8dc239	-	String
def	Minidregg.Compiler.PersistedCodecTags.participant_key_enroll_effect_v1	e7b4a7b4e6d0fde85e08a6cb19112d146bb8f0c0385be00dece3dee27abe4510	b146617be852cdefab28eb59430ea39f03e2dfe484376157043b79021605f14c	6ba8b82ce12faa217681173be34e0760e9977c8277ac575a13138ac954cf543d	cd0a2c1a19b21dc3	-	String
def	Minidregg.Compiler.PersistedCodecTags.participant_key_enroll_identity_v1	728c010ad4210a614d70d9158a729191693a49604eb58d96e3ed81ec94cc1584	b146617be852cdefab28eb59430ea39f03e2dfe484376157043b79021605f14c	281291cd981e6bff3ae459ee61cd67716e49cca0a66fb7997ab0e2351cc5b133	857344da664342c4	-	String
def	Minidregg.Compiler.PersistedCodecTags.participant_key_enroll_next_possession_v1	6dde81ff22203ce0d4f34a47e49bbdce9a2cbe51e3b6788f5d770009f25c930b	b146617be852cdefab28eb59430ea39f03e2dfe484376157043b79021605f14c	284af49dd772948108e5062c2f62722066ce30fcdf8a6c55ced95286adba2247	0c0e2e4a0449fc99	-	String
def	Minidregg.Compiler.PersistedCodecTags.participant_key_enroll_plan_v1	1d46d445135cddecc058fe1f3bfeb8131d1c0f4e5c3991f56d798dbeadb2119e	b146617be852cdefab28eb59430ea39f03e2dfe484376157043b79021605f14c	e000530ad1a3931923fff9453b19ac4342c9c0ec07f683a6543d62aa55a3e920	8213e5ac8e08a477	-	String
def	Minidregg.Compiler.PersistedCodecTags.participant_key_enroll_possession_v1	d3f9ed7af12b34108a3e1aa9390cb0d0ee5e378742afe7e055c6768927533fa9	b146617be852cdefab28eb59430ea39f03e2dfe484376157043b79021605f14c	c4e552a85cbf1285600d563688aec7ac8b2d4efc09782d1d8bdb48bdbbe81633	023e351747363c00	-	String
def	Minidregg.Compiler.PersistedCodecTags.participant_key_enroll_signed_v2	0016c6dac1234d1c7467889578ddae6427545627966b7ca3af00f9d16b8a5a03	b146617be852cdefab28eb59430ea39f03e2dfe484376157043b79021605f14c	2102d174ea44967d38603aeaf7f3812c2a690101e60999a1e7cdaf8919d151d1	248e589fa3705876	-	String
def	Minidregg.Compiler.PersistedCodecTags.participant_key_enroll_v1	43741afe4986a5799b98a161b4d21a3dc5f81f6cb4951db6ccbec923a1c43149	b146617be852cdefab28eb59430ea39f03e2dfe484376157043b79021605f14c	f64ec19e35aa6c3cc5241f23dafa44cdbc7ae474429f36ee6bc9646a6c77722a	38f82cb6f4ddde46	-	String
def	Minidregg.Compiler.PersistedCodecTags.pay_assign	5c797f939b43a6f5be45a2c5aba48bbea027936239e8977a443cca2df90aa83c	b146617be852cdefab28eb59430ea39f03e2dfe484376157043b79021605f14c	e28dd7596f424ae3441c8fd4a96c0676b7f8f60082b49b75e00a9dfe17311204	30547c101b696a73	-	String
def	Minidregg.Compiler.PersistedCodecTags.pay_assign_args_v1	b59f742e41c787e1b3816ceea09fd668802c6a0d5f91329732e6bb12a047d2d5	b146617be852cdefab28eb59430ea39f03e2dfe484376157043b79021605f14c	ec8561fa965e98f2b69b494cc793c56c190031dddf28bbcdb07bdd35c8ba6795	e9cac1abf751c3f4	-	String
def	Minidregg.Compiler.PersistedCodecTags.pay_assign_effect_v1	0b5755455e404eeae5aa2cd4d86e0ab8a0c4539c8a206a6ce0c3eb8237373f26	b146617be852cdefab28eb59430ea39f03e2dfe484376157043b79021605f14c	528119eb0c5544b600dd4add7dcd72937ec33952f4f6e7b9433fb6b38d4c6f0a	28e06a4650f4a7a2	-	String
def	Minidregg.Compiler.PersistedCodecTags.pay_assign_identity_v1	ea6cbfbd2cd780c674be6c077dc4ef9adecb458450280a2000aaf5f4a0cd623e	b146617be852cdefab28eb59430ea39f03e2dfe484376157043b79021605f14c	5d15297426fa4bc3e7d1a51c36d98467ed279c3ab7b6291d2315802c1f7361dc	9c44ff7d1c40e75f	-	String
def	Minidregg.Compiler.PersistedCodecTags.pay_assign_signed_v1	5ccb9b1cab2551828bf1cc6c56af356eed0f23449ab5adfabd77c40532c92052	b146617be852cdefab28eb59430ea39f03e2dfe484376157043b79021605f14c	f2470bda3ffd14640ddf12932133edde7a59e444dd2274314de435ea0d697a9f	2fe985162eba8b09	-	String
def	Minidregg.Compiler.PersistedCodecTags.pay_assign_v1	f9aec93897ba78cc4783e05ae60ef53dcba491564e23336609677e2454e0cc77	b146617be852cdefab28eb59430ea39f03e2dfe484376157043b79021605f14c	22952c8f4bed817cac145edb8dbb558015deedcda7b34566750b597bf4bd4626	5d674601842df364	-	String
def	Minidregg.Compiler.PersistedCodecTags.pay_book	289f58d79be1e24487f6f47b713bc0c45a121d844a6d53172232161ac3c0f243	b146617be852cdefab28eb59430ea39f03e2dfe484376157043b79021605f14c	5961010fbb7b16e6e7d091a5ef5c30c13102e634dce50ba58e9b97d6a37c53cc	0698d15841cd890c	-	String
def	Minidregg.Compiler.PersistedCodecTags.pay_book_args_v1	9cf7fe10eca382b0d238aeade935e8f8154c7343c073695528691a8054b5ee77	b146617be852cdefab28eb59430ea39f03e2dfe484376157043b79021605f14c	c0f6b6ec37008b0f45fd205b2b3bba3349adea91922e7f17f6abed49d2ca8598	45266b1b72a7dfe2	-	String
def	Minidregg.Compiler.PersistedCodecTags.pay_book_effect_v1	5cbb7743804a30c6120abba68c04e78b936b85eab5b4d50499b4af9511351608	b146617be852cdefab28eb59430ea39f03e2dfe484376157043b79021605f14c	3f3484aa665e4064defa8292b6d1d2715967a59149febc8c6d84a9924e3f9f62	03e386efa70f67b3	-	String
def	Minidregg.Compiler.PersistedCodecTags.pay_book_event_v1	39ed949d14b7f1966862b116db744676916d2b67a8b4391b4933f7c75a28047a	b146617be852cdefab28eb59430ea39f03e2dfe484376157043b79021605f14c	ca2c982aa8106f51e398342c164d5cdbdace367972ca25355346dd20a5072524	0cb2855105425bd8	-	String
def	Minidregg.Compiler.PersistedCodecTags.pay_book_identity_v1	ada5f49408537b3e97e19bba6c4b92a1d53eba4b030f00aa4ba51fb1add43bae	b146617be852cdefab28eb59430ea39f03e2dfe484376157043b79021605f14c	b4856af3dc3eaab9264b7bee82f3a3e9902dc01b08bff9d765dab0b0afc5bf3b	9664a851a82b6aba	-	String
def	Minidregg.Compiler.PersistedCodecTags.pay_book_signed_v1	17991dc61cd8f993c58d5ac8773d31b1570a3b811c19ac9b7b8cbcee618d40b2	b146617be852cdefab28eb59430ea39f03e2dfe484376157043b79021605f14c	1a18000412307a5769511ecf9ce042ca9febee558d6b76ffa9f5ab5a46fa3bb4	4282f2deea5b6652	-	String
def	Minidregg.Compiler.PersistedCodecTags.pay_book_v1	1b209d5fa42364cbc89514324fedbd93b0a86335cdbe088e6e3c9adc86d1c5d2	b146617be852cdefab28eb59430ea39f03e2dfe484376157043b79021605f14c	eb912902e41bd8f629b9e12b022987bb267c7c2d9852b79f52128b6b7ae36baf	2e4793aafcb38f6d	-	String
def	Minidregg.Compiler.PersistedCodecTags.pay_cell_id_v1	3ed345c74363f036add28322e86015d737d487a9e64073cf4b7c441e6a7fe834	b146617be852cdefab28eb59430ea39f03e2dfe484376157043b79021605f14c	318ce2dce0c2a8d824f1f7b34226a81e0df7864a5ba6e464a2064a0fe72eef3d	2fd51adf20a3112c	-	String
def	Minidregg.Compiler.PersistedCodecTags.pay_cell_v6	3675c448c40b491e220a0112aaaf6f529c40a288c477eb36356746a569af8319	b146617be852cdefab28eb59430ea39f03e2dfe484376157043b79021605f14c	4b7a3507d4d2cbb6f7d4ef89aaa76136f58a25765e13f97a0cf5ada3c16b987b	00faec1d2ec38f5a	-	String
def	Minidregg.Compiler.PersistedCodecTags.pay_chain_tip_v1	28c11d0552f616da466c4ccbd562df60d1a2d39b6987f59b94f5ef9fdcf762c1	b146617be852cdefab28eb59430ea39f03e2dfe484376157043b79021605f14c	da5e0552be86e7d3f99ec1a5942b3dc8e1606a5e13e3cc80b708dfab960a939b	b7ae91afcb5baff1	-	String
def	Minidregg.Compiler.PersistedCodecTags.pay_claim_accept_v1	8d2c19440a40a804e2b15d2a3df4b6df9cc3a7cc2077f230127d28e4801c7d77	b146617be852cdefab28eb59430ea39f03e2dfe484376157043b79021605f14c	a4be6ac5027692b0402ba45f74da1cff67f71340eb0cc7aab255f9e3f71372f3	cae3e903c3e20891	-	String
def	Minidregg.Compiler.PersistedCodecTags.pay_claim_args_v1	1363a643532dc19100f31af2586a075ba626e6f5d8aff1c6c4f6b3743630ed79	b146617be852cdefab28eb59430ea39f03e2dfe484376157043b79021605f14c	f4193e2aa7d78b470a83b04edd5d96d3f13ea9c0618c50ff4cb3250891fd8a54	b6d024604215a99f	-	String
def	Minidregg.Compiler.PersistedCodecTags.pay_claim_command_v1	87e4ea62d4c5ae3e911897a04b7f77900c8ba294dca173f006ffdfbce2fd4854	b146617be852cdefab28eb59430ea39f03e2dfe484376157043b79021605f14c	7b899e6df2329247b5aec03e2328153f839cbf114ce1dae0d99e9816596ff2b0	bcf16bae337d6b5a	-	String
def	Minidregg.Compiler.PersistedCodecTags.pay_claim_consumption_v2	a720c91b62d1905f1b8fdbdf6fefdae85a492edc7dd5738edf72534c0b4c6b9b	b146617be852cdefab28eb59430ea39f03e2dfe484376157043b79021605f14c	0486823aaa1d84e65b1c5be1309b887864d968679d86a6da8b18011210d9bd33	651c937c89339155	-	String
def	Minidregg.Compiler.PersistedCodecTags.pay_claim_effect_v1	8f69705ce4a1d1ae9d4b14ae7759aeb6804c0b6be1a274e0a80f2599c3d7b546	b146617be852cdefab28eb59430ea39f03e2dfe484376157043b79021605f14c	97d8fc9673e4854a599f27bc7eb51f9d5d1180714dd3561d5451e3cfa84d4594	91c06ea2c5cf33b7	-	String
def	Minidregg.Compiler.PersistedCodecTags.pay_claim_event_v1	1ec2ae3a6129c6f6908b6c0177c5fb9c1718f4a294dd99fb98ab115d3122174c	b146617be852cdefab28eb59430ea39f03e2dfe484376157043b79021605f14c	0fa44dcfdaddda52fa31f49a73b020995ed8a31d45fa8b20c7145821cbbd41ce	5ef334c83830ecc4	-	String
def	Minidregg.Compiler.PersistedCodecTags.pay_claim_observation_v1	e2f95c5860547192825e7fb5644cf49a30c3af37ef0a3820e2160c8a1ef35cae	b146617be852cdefab28eb59430ea39f03e2dfe484376157043b79021605f14c	fc34e2e4275b878af399b86fccee62dfaa1937e56de89406a3886671b07796d4	9e1e123da4811598	-	String
def	Minidregg.Compiler.PersistedCodecTags.pay_claim_operation_v1	5c21a5262ccefb60b317b66308e4c684b62ce11cd6500a306d1c9f46e2f7286d	b146617be852cdefab28eb59430ea39f03e2dfe484376157043b79021605f14c	fb7c6714dae112881463abbca841c204e9c9694d348454156fbf004ea1b5b3c8	5c67a6676c83c059	-	String
def	Minidregg.Compiler.PersistedCodecTags.pay_claim_possession_v1	75d9c7a1204cd1f381845f2fb15ef27df13d134ea90a0ec4a3b6e6136a285486	b146617be852cdefab28eb59430ea39f03e2dfe484376157043b79021605f14c	e42f9e2115e228ecf63c987c9032db26af6059605e04712c5f3f90e45ac4d692	e7895ceb02324aea	-	String
def	Minidregg.Compiler.PersistedCodecTags.pay_claim_quote_request_v1	6b7443afd2f9412869abdb749591d66790f29f9e4f2feb800a2e5ed874e660c2	b146617be852cdefab28eb59430ea39f03e2dfe484376157043b79021605f14c	62acc1529b10f36fb75eace613363c0aab17e6546edb5f79bbee3236e09a8f7e	d402a9aaba552b19	-	String
def	Minidregg.Compiler.PersistedCodecTags.pay_claim_quote_response_v1	2b2a11c075ef2f7b8cc54ba60f2af5f6ceff4c62fe3a482dc4151b2b04f839b6	b146617be852cdefab28eb59430ea39f03e2dfe484376157043b79021605f14c	fa8b37366e38a7187adc202eaff6f548fc6715d811cdcb3932cdda82328a34b0	fc12b91ecdb34308	-	String
def	Minidregg.Compiler.PersistedCodecTags.pay_claim_signed_v1	a20625990fe978a7bd8e2fc56eceb031a1e66e8bd6c64c4fcd1ff9818428cad0	b146617be852cdefab28eb59430ea39f03e2dfe484376157043b79021605f14c	4060fa7895ef3a50d8ddc98f5baf789ffbff0d8e54c6f301f3370a81acc071b9	ec967cde23ab724e	-	String
def	Minidregg.Compiler.PersistedCodecTags.pay_claim_v2	fbb47bd44d97481f40423703259a29e399b25fbaed56d394ec4d1f4b3d7673de	b146617be852cdefab28eb59430ea39f03e2dfe484376157043b79021605f14c	7b09b5dc7fd05b75ba730aa316dbd6ecea7ac4c35504994999378a2dd54764e2	fea25dffa64c0daf	-	String
def	Minidregg.Compiler.PersistedCodecTags.pay_deployment_v2	138ce3d33dc9aaf3278a3ae21064da3f1a974498b5622bed7d4aa03443226748	b146617be852cdefab28eb59430ea39f03e2dfe484376157043b79021605f14c	b830248dcd9d1dfd02e458f2ed033eb5b7c499b9b87a43b78488a959c75f7b53	3c27a6fd5681dd17	-	String
def	Minidregg.Compiler.PersistedCodecTags.pay_enrol_possession_v2	5b19c1c9dd85157e137b059bff7f6dbaf9a3265fa486df15433c6ead6abdb06d	b146617be852cdefab28eb59430ea39f03e2dfe484376157043b79021605f14c	84a50b3209229cd13c0a42bc9005b5d11b8ea183c2de26e43a7ae4084cf72328	b2b61d2ce0622105	-	String
def	Minidregg.Compiler.PersistedCodecTags.pay_enrolment_v1	520526e3b9a0dceaef65ddc7d550c3f5f77bcb7f97c47fb427ce2ceb4831491e	b146617be852cdefab28eb59430ea39f03e2dfe484376157043b79021605f14c	98a235b29fcb5c36d57d4bd934532ea571263ba28e560269572ad74c9ea69b14	058fa7b1af0c2ce8	-	String
def	Minidregg.Compiler.PersistedCodecTags.pay_enrolment_view_v3	25511fde3e26b1db134a839c18940f2d9d64c37a35f6fcd4ad1b8ec05b3d4577	b146617be852cdefab28eb59430ea39f03e2dfe484376157043b79021605f14c	0d0a8eb97f187d5f38ef57fe77dd19e55dff3c5e6676eff63516d5834ba53997	ea48b99dc010abe7	-	String
def	Minidregg.Compiler.PersistedCodecTags.pay_exact_weeks_pricing_v2	d1fdc0235fbc3a1ed07fe451702419e1fb15cff8902dc0e3bd0ea820254860b5	b146617be852cdefab28eb59430ea39f03e2dfe484376157043b79021605f14c	2ce8d5ea9a5012220569f0639fc5a8f354c329cefc8444af83fb07fba9899e70	366aaca45e91506d	-	String
def	Minidregg.Compiler.PersistedCodecTags.pay_observation_args_v1	b3079a3781358e5fc7300c6bc4576945eab8b5622a45d4f924941c38457dd471	b146617be852cdefab28eb59430ea39f03e2dfe484376157043b79021605f14c	8827c3f797eb5609751b09bf49de383f2e0db96ddb958d677ab0cdb81c48c45e	e88f32a0d4334b66	-	String
def	Minidregg.Compiler.PersistedCodecTags.pay_observation_effect_v1	918c983d4c9c090867826f777b35aecbe5b6b6fc385c64e32d97a257a53ff6e6	b146617be852cdefab28eb59430ea39f03e2dfe484376157043b79021605f14c	6b8c23c6ca10fbbda05506c63af3d0df4ec7386345ba1fafd5d4d56309dbbc08	29949952ab2d2074	-	String
def	Minidregg.Compiler.PersistedCodecTags.pay_observation_event_v1	e7bfaafed9596317df957c13c230f436d8b0b79f9ada3de396d587397076971d	b146617be852cdefab28eb59430ea39f03e2dfe484376157043b79021605f14c	2c7f8a1737ac625feeed8881a17b26c2cf1cd2946a84485509e44ad8e171c543	9eb8991dff3fcaa2	-	String
def	Minidregg.Compiler.PersistedCodecTags.pay_observation_identity_v1	fef9ac693c2ff8e6b4fad393bf63004363009268dbfa22b152ceb5f8d4f14df7	b146617be852cdefab28eb59430ea39f03e2dfe484376157043b79021605f14c	f8e527ca4ebd7125dd3638abd960d55e634f3e0d75b6e11b890d94fbdc8a8cdf	b0968fdc69558324	-	String
def	Minidregg.Compiler.PersistedCodecTags.pay_observation_signed_v2	ff72536f7d1c99f4a3ef31c1ed5c03e680411ff95805f219a7c68955675b0aa9	b146617be852cdefab28eb59430ea39f03e2dfe484376157043b79021605f14c	14b6de956fce18ada065a1ce2b2332dbda9d8a82a344cda2fa93d997ee84e371	b0bd58c8e275d122	-	String
def	Minidregg.Compiler.PersistedCodecTags.pay_observation_v2	e3ad740c66fddeba0668a0feb0e08d85bb8baaec84a1c60294aa4ca381ca1409	b146617be852cdefab28eb59430ea39f03e2dfe484376157043b79021605f14c	19a49f75be0a77d75a21b3fb528f1f7d83c7c0e9bdba2679ed4fbeaa632748ee	21c1e352169364fe	-	String
def	Minidregg.Compiler.PersistedCodecTags.pay_pending_owner_v1	4cf6b415e0797b99732fb8ef77100704598bb19f0955f840f80cc22384a9dd60	b146617be852cdefab28eb59430ea39f03e2dfe484376157043b79021605f14c	8a77c6e0deedb1c68ff8317d90e6a4b12e202d17e99370695464948efa358d9a	98e63f6c41a23bcc	-	String
def	Minidregg.Compiler.PersistedCodecTags.pay_plan_v1	04740e0cf513c841d80b3417d645c815f3b28fcb2d568afae2c0948b5f5c405f	b146617be852cdefab28eb59430ea39f03e2dfe484376157043b79021605f14c	16edc21a1fb915b56e573ec7264c0dd94cbdbdbfbbca9203101799d194c9db57	c3af2f568ff161da	-	String
def	Minidregg.Compiler.PersistedCodecTags.pay_receiving_v2_exact_weeks_origin_consumption_current_custody_chain_tip	5e69ff4597cfeadff92e51ad1d8ebe93292f68bc139798ac69c31ffa897d87e5	b146617be852cdefab28eb59430ea39f03e2dfe484376157043b79021605f14c	78fd10a46bbfbae1318a03052a41a5917bc29ec39fb9b6462b86fe63a83727cd	8d9c98b02b2ca15d	-	String
def	Minidregg.Compiler.PersistedCodecTags.pay_refill	58c78460077bdb63db147041b2e68599a9cf14b407a2cd16c5a106fed89e5921	b146617be852cdefab28eb59430ea39f03e2dfe484376157043b79021605f14c	d185189fc5313e05fc1b888bb3ad9e0026a78c71efb6321c91e1cf9360d84847	aeb4a25d3543e296	-	String
def	Minidregg.Compiler.PersistedCodecTags.pay_refill_args_v1	8841678c54f7cd4ea7419df91cb4dd83a0d46250ca68c8fe361470a1d12f7c73	b146617be852cdefab28eb59430ea39f03e2dfe484376157043b79021605f14c	176e7439f79578cab6be873bc7e9e5980960abdf3d7a8127a9eebd6ef0bb8aac	b4d029fec892cb4f	-	String
def	Minidregg.Compiler.PersistedCodecTags.pay_refill_effect_v1	432110664a6a0dd5a4205bb806ba056901f11455904d3dc1319bf7d2dcd85774	b146617be852cdefab28eb59430ea39f03e2dfe484376157043b79021605f14c	b81de6c4760d6ea2ceeb8857bf1f3e94cd0a3825a300ed0bc065c791d4cbd57a	989993a07e2a6645	-	String
def	Minidregg.Compiler.PersistedCodecTags.pay_refill_event_v1	0fc535a6e5ec94f1aa03749ffaeb934e14f71d36df04e55744fe215192496580	b146617be852cdefab28eb59430ea39f03e2dfe484376157043b79021605f14c	64840f295528ae27028da3110977385a333c2405c4fdc21be7e2aa2ae5a35ac9	923df197054f59bf	-	String
def	Minidregg.Compiler.PersistedCodecTags.pay_refill_identity_v1	ffbe2f5d731dab2df3c44731afc346c1f0ec7af11c93d6c4f02a3ea8571b4e17	b146617be852cdefab28eb59430ea39f03e2dfe484376157043b79021605f14c	73dfcc8331ae145ac431b839725d633e1e5f088be483dc4706bdbcb7375a5ffd	292648fd93a25368	-	String
def	Minidregg.Compiler.PersistedCodecTags.pay_refill_signed_v1	d8c57b6e2963c4a1e6e1bb524c979c5630e6049ae2933ae27de9c141cc75409e	b146617be852cdefab28eb59430ea39f03e2dfe484376157043b79021605f14c	6d3c658c01e8959fb521ee0a4482625de3b9f4322f2818b3c060fced0981a8c0	c18574caf6e577c3	-	String
def	Minidregg.Compiler.PersistedCodecTags.pay_refill_v1	4bc4766eb2992a1f88fd5c3a064dc4c912ca1bba1f0dc009281b5d7bcf2a03d8	b146617be852cdefab28eb59430ea39f03e2dfe484376157043b79021605f14c	f91107b7017cd73d938c0640f7643300067ea4743aa14dee1d0964a37fcb7fc2	273c247ce7585296	-	String
def	Minidregg.Compiler.PersistedCodecTags.pay_self_enrol	8ccdb3bebe377b2a94cd6fe7a283d57fdc8f6b17028a695ba2dbee05c8cf28cb	b146617be852cdefab28eb59430ea39f03e2dfe484376157043b79021605f14c	41756ed36de9de9d961589b77e6fe26fb1bb3d583cbc1a94d19545470e1c2b94	93c7963fb3ca111f	-	String
def	Minidregg.Compiler.PersistedCodecTags.pay_self_enrol_args_v1	07df91a81104d3ed9033cfd1d185e08f4d6dc77e98888b2f87e703050f035372	b146617be852cdefab28eb59430ea39f03e2dfe484376157043b79021605f14c	7718cc4b9cb54f42ff56941091bcd9ab3f235870e727cdae6f2d9a634d9a56e3	a8265c9b9dccb3c6	-	String
def	Minidregg.Compiler.PersistedCodecTags.pay_self_enrol_effect_v1	c6b6ea4993d78611300e7333a9257f56e5e02c02541bad3e7ee6ece355477ce0	b146617be852cdefab28eb59430ea39f03e2dfe484376157043b79021605f14c	ae03ba4d881aea7e8fa98e5c40852a829f39c8e3a3452489a87f09458888771d	1282273f8ea5d5a3	-	String
def	Minidregg.Compiler.PersistedCodecTags.pay_self_enrol_event_v1	ef37511516d8661f93b7b79b692dd09650b8e53b12f8022c4354f11d8fd957bb	b146617be852cdefab28eb59430ea39f03e2dfe484376157043b79021605f14c	6d445d7e43075789280377679971523518806ea90b2aa626cc4b803285e42675	18c9e945cb0036fd	-	String
def	Minidregg.Compiler.PersistedCodecTags.pay_self_enrol_f85e0f7332e65137	687d39790e3d32ed8d5fe116e4c73f0e6f005a5fb14c1b8f769f63af06b0276a	b146617be852cdefab28eb59430ea39f03e2dfe484376157043b79021605f14c	a9b4538d86934280fac073ee3aba588dd26dfda00356398c39730487b5dd8ce2	1c321b7494af8468	-	String
def	Minidregg.Compiler.PersistedCodecTags.pay_self_enrol_identity_v1	887834cbfd06487718561e72019e74de4a9adb5346fcac32cff16ec05433cd05	b146617be852cdefab28eb59430ea39f03e2dfe484376157043b79021605f14c	4de1f2a206cd251a136dfce6ecc0f3c9bb8a3db86d849259672764ef35a92514	71a8774e06574142	-	String
def	Minidregg.Compiler.PersistedCodecTags.pay_self_enrol_signed_v1	020a1b9fa7375a2b746535c3ee186e5a365a0521f0a8e3f00bd2844f43e61d94	b146617be852cdefab28eb59430ea39f03e2dfe484376157043b79021605f14c	6c8a32726f5ad418efcfc551c25cc24886005b1d8af8158cc86d89c89c51a03e	74b441bceb566e92	-	String
def	Minidregg.Compiler.PersistedCodecTags.pay_self_enrol_subject_v1	d4f70c05bd664e14ebd76970487bbf0122f199530b1ac72a99eb64a202a2c436	b146617be852cdefab28eb59430ea39f03e2dfe484376157043b79021605f14c	9f7d1dfcf0b67576a9bf1af9d998784d31760ff6ebe16120e38fc2ea1c2d2c50	0f6b1f2026fc67ec	-	String
def	Minidregg.Compiler.PersistedCodecTags.pay_self_enrol_v1	3773588a523ce8357f00ec3072b8ac20afc4513e2b368c34a08dd442b4285d6b	b146617be852cdefab28eb59430ea39f03e2dfe484376157043b79021605f14c	a83a7723110d745e4776ffb3dbd3ee09d4dba4cdeed844ee31abe36dd309f734	d1df3332c17d3947	-	String
def	Minidregg.Compiler.PersistedCodecTags.pay_soltx_nullifier_v1	4ee25679d0579d8d9f2ef0cbb9ac98469c82706862bda0d1c5698769d79f7cf0	b146617be852cdefab28eb59430ea39f03e2dfe484376157043b79021605f14c	7b06802719befdd82d213747b6a6828b86f8ac32d2865987087945eddb21cc94	6a09bb498a81bbc3	-	String
def	Minidregg.Compiler.PersistedCodecTags.pay_tariff_v4	f883565ccbf968b277acb78c74c6af4b70551cee88d1a17e99dce1ac72d52b00	b146617be852cdefab28eb59430ea39f03e2dfe484376157043b79021605f14c	101b09778daf704d1f62a942c0d6c3b206f260e20b2a99393b0602941c778ba8	a7920ab608f69f7e	-	String
def	Minidregg.Compiler.PersistedCodecTags.pay_tick_nullifier_v1	c43876697d937651844ba5a437fb36571972d1ecd905f608536354397f684958	b146617be852cdefab28eb59430ea39f03e2dfe484376157043b79021605f14c	a99652b4c257a497348df6fdecb81ca59f3baefff0bc13a2176924ea729c5128	4872d75e3d200b65	-	String
def	Minidregg.Compiler.PersistedCodecTags.pay_unattributed_v1	009709a12f830972a597c2bc42bec07826b6e93b18b6e85873340ae56b650b29	b146617be852cdefab28eb59430ea39f03e2dfe484376157043b79021605f14c	36f3e16251f293497fda1c75164a14ff2830185cbf0d52922385892ad36efedd	e7f17354e5d0fd85	-	String
def	Minidregg.Compiler.PersistedCodecTags.pay_view_v2	106ca1c2ebd12d4f6e28320657b02360ef077377ee0ebbd944c1811241549e96	b146617be852cdefab28eb59430ea39f03e2dfe484376157043b79021605f14c	d79a6cd9db1eccbe24444ceb9bcf2e042e5c4f18f488538b99652c84cf9649b4	2bfa0c5ab963923a	-	String
def	Minidregg.Compiler.PersistedCodecTags.policy_compiler_profile_v1	5d1ccbeb9ef2fa1ac5f4cd25feb2af15f279ddc75cf8a62143b8655b589e4230	b146617be852cdefab28eb59430ea39f03e2dfe484376157043b79021605f14c	5eb881e75b46074cece6f72fe35761803d8adf42e5d456edcab19ac76083827c	406c87e450fec471	-	String
def	Minidregg.Compiler.PersistedCodecTags.policy_install	ab956242b34e90cf7c48e831bd78f5cbe567fa13416c449d365fd52e9f3d6728	b146617be852cdefab28eb59430ea39f03e2dfe484376157043b79021605f14c	9cd337a531c514e5c2e03b5588cf3eb61f76cd646782aa945bdfcf3727035907	558c02242b6b69a6	-	String
def	Minidregg.Compiler.PersistedCodecTags.policy_install_event_v1	287749ae4af040f113390cdff7266b6150f06c8f49dac306ec4f9af26d2ea69d	b146617be852cdefab28eb59430ea39f03e2dfe484376157043b79021605f14c	f4639f4d6df30988461f3d9a5e759091d19c5b9f419d02bf05123dec2559b400	8eaafa77c2e4b4a2	-	String
def	Minidregg.Compiler.PersistedCodecTags.policy_install_transaction_v1	045147afc382aae4cc9061a072d32913a6e2eff10a5986dd6cef5ceaf99079ed	b146617be852cdefab28eb59430ea39f03e2dfe484376157043b79021605f14c	7283b002e3f7592b97f7ededc47be802101b9a6e192a999825559081fcdbc9ae	a9e7fb730c88814e	-	String
def	Minidregg.Compiler.PersistedCodecTags.policy_source	335da844369913e0355d5693711dff2e2c2d9217318de0e211e79d1063aff7bc	b146617be852cdefab28eb59430ea39f03e2dfe484376157043b79021605f14c	13ed9c00f1e2669ce79d66bb8b2e46c5c22614cc704fa111768414619dc7c64d	0ac429d5e0135232	-	String
def	Minidregg.Compiler.PersistedCodecTags.pred_hasheq_v2	463f46906fc162368525fcfe5d79ef085e1b3ca92743b11dd3e7f916023a3c98	b146617be852cdefab28eb59430ea39f03e2dfe484376157043b79021605f14c	40cdfb02d55b81afd59c5c7b4bc3e94eaf9b98de66fcdacb0735aaf1da2e1cb0	fb7e888ec854bb59	-	String
def	Minidregg.Compiler.PersistedCodecTags.prefix_dregg_auth_signed_request	314fa12f7f3682523b17e3b4483270974208bc29337dd743a8bf70aff07cf945	b146617be852cdefab28eb59430ea39f03e2dfe484376157043b79021605f14c	012e25e58192d97e6e2c7f63f2d8b2b8f4b66ec993f5ec08d846f40b3fb275b4	62a28fc79ad57a63	-	String
def	Minidregg.Compiler.PersistedCodecTags.prefix_dregg_capability_delegate_signed_ingress	78fd19379c19d76e878b713cd6878892e5357e68081d8d0c0cc652de354b32e1	b146617be852cdefab28eb59430ea39f03e2dfe484376157043b79021605f14c	f019c1adc4e5f53359a02e84432a4981e1a3e1d79a1821c9df4f0b34d84249fa	53cf070f70bbce1e	-	String
def	Minidregg.Compiler.PersistedCodecTags.prefix_dregg_capability_renounce	854940b9a2448148b043f13bff30904874089ddc6d749d066f917e99d807c8ca	b146617be852cdefab28eb59430ea39f03e2dfe484376157043b79021605f14c	d5412aafec23f00f68864c4799745ef4e83b295174eabd2f5f80f8ca8e6c0d94	bcc79c099e8f2a2e	-	String
def	Minidregg.Compiler.PersistedCodecTags.prefix_dregg_capability_renounce_signed_ingress	5b06b206341a7a716a434b9b2b23a425c06b8edba979a4a4cadac5a6137a2622	b146617be852cdefab28eb59430ea39f03e2dfe484376157043b79021605f14c	d81783fbda96b641d42e330cfadd642f18c62fb7cd9764998f00a9ab5d10c9c3	45e9747e13ecd36e	-	String
def	Minidregg.Compiler.PersistedCodecTags.prefix_dregg_capability_revoke	85f48126f85b307366d9f2742ae6dccfff071e4bed37a66c53a6f78e5bf1b95e	b146617be852cdefab28eb59430ea39f03e2dfe484376157043b79021605f14c	f042571a1c015bdf2861b0fda7879873e943e7ed87a683ed339b4f4cbcd01605	9ceccfe0126c7da6	-	String
def	Minidregg.Compiler.PersistedCodecTags.prefix_dregg_capability_revoke_signed_ingress	42cc47ad2e42e071065247157b64ba37808bb6b75adcc8f498e57f7a471363f8	b146617be852cdefab28eb59430ea39f03e2dfe484376157043b79021605f14c	73c198805fdc541d4610f4813ae536f4074639ea75838f31d9806922330a9156	e272c3b8070b6df8	-	String
def	Minidregg.Compiler.PersistedCodecTags.prefix_dregg_durable_image	e460e8017c338a35fa6de96cec431faeb1692b1a28cce00ce8614594ff8e7c8a	b146617be852cdefab28eb59430ea39f03e2dfe484376157043b79021605f14c	19cb2e0f932d38c3d8afc8c3693fdddf72816496a6ad5cb1d1834c62e65945e4	655aa1cf9d2ee89f	-	String
def	Minidregg.Compiler.PersistedCodecTags.prefix_dregg_native_invocation_statement	ec2033f885a89c4f3905cb3cc51c13fa5251dd42eb8efc993074b3ef4558b1bf	b146617be852cdefab28eb59430ea39f03e2dfe484376157043b79021605f14c	4406af4e36e37b747fd0aadf66d23bdd3bd48c64236448bcdc194a0e7bf3daaa	b8da37ba19e622ff	-	String
def	Minidregg.Compiler.PersistedCodecTags.prefix_dregg_objective_bend_admitted_input_context	2977a7f92479d0775a158520ce523396935ee1f3e4fb17d5b32628ebec1d4f0a	b146617be852cdefab28eb59430ea39f03e2dfe484376157043b79021605f14c	a533194285f9328b1ecfc7aef827a6df9a898c2a61a443d392fb732f0d48210d	efe8d44553249b00	-	String
def	Minidregg.Compiler.PersistedCodecTags.prefix_dregg_objective_bend_native_input	ad1be06a0af23981d3e2af0fbe6ca5e92e6eb1dba53070d295be1f8edf28cf37	b146617be852cdefab28eb59430ea39f03e2dfe484376157043b79021605f14c	08fd585b75324a2bcbf4499e985d55322fd7e86803c41f1560e352e9a2008cfd	ddd6d254be27303e	-	String
def	Minidregg.Compiler.PersistedCodecTags.prefix_dregg_objective_bend_native_policy	a8a3ce2bd8f66febbd960038b399989bada508bf356ba06f05270a1090b3fe5b	b146617be852cdefab28eb59430ea39f03e2dfe484376157043b79021605f14c	83121153d0e676b39d2b3162141e8101e9e179b1b65c2d18c0e26de9e8502199	8704c6be307c5929	-	String
def	Minidregg.Compiler.PersistedCodecTags.prefix_dregg_objective_bend_source_artifact	bba5d85a6174910fa7fd20fbe7c197387af6db085d38aa2bc735fc7dfbe07aa4	b146617be852cdefab28eb59430ea39f03e2dfe484376157043b79021605f14c	0d113789dacc167d6bbe9ad2c3aa22794680a021b68cf9d0e9d323b0c9e9a209	072a0816308f7ed2	-	String
def	Minidregg.Compiler.PersistedCodecTags.prefix_dregg_objective_bend_source_package	69cfba06238ee65dc879d2bdd9083fe337c36693aae6be27790282a10262fe97	b146617be852cdefab28eb59430ea39f03e2dfe484376157043b79021605f14c	a8c4a6045715045ed4da836f9817491b01b29f135fe6e21a70233fb4bc8db4cb	750dff5c900becfb	-	String
def	Minidregg.Compiler.PersistedCodecTags.prefix_dregg_policy_install_signed_ingress	4ea497385fd8bee75563169fb7b6b43344b81ac347cc4b0b04740557687127e6	b146617be852cdefab28eb59430ea39f03e2dfe484376157043b79021605f14c	bf6d8af1f6c756d0934e1e0535b59ea8baf27bcf15b133abea31ad9b4277f70b	9756d0bee78831b2	-	String
def	Minidregg.Compiler.PersistedCodecTags.prefix_dregg_private_correlations	ab3362754011341ec5dd9464c595fb2a1658b934ff4a561af47bf08b722238d6	b146617be852cdefab28eb59430ea39f03e2dfe484376157043b79021605f14c	148a2a06d330dc2c5c8e4499d558f648dbb48dfde293f8f30debcdde08e477c2	1a2faac236dab9ba	-	String
def	Minidregg.Compiler.PersistedCodecTags.prefix_dregg_resource_birth_identity	a5d54c800940754729ae8794066a8800a77b9997bce574348edf71a6bc736634	b146617be852cdefab28eb59430ea39f03e2dfe484376157043b79021605f14c	24439072745055dc9f0ce1d445b141bc28132b3be0557845574d2c9b25a5fadb	b974044603065361	-	String
def	Minidregg.Compiler.PersistedCodecTags.prefix_dregg_resource_birth_signed_ingress	e9df56a9774c90c5e54944cdb89bf5940ece08d645166ba43d918d0a02d06dff	b146617be852cdefab28eb59430ea39f03e2dfe484376157043b79021605f14c	548058b3a799625562452124c68eef444a014bca40d2613b5e0e5bb6c41d8c64	09b97bf076594847	-	String
def	Minidregg.Compiler.PersistedCodecTags.prefix_dregg_resource_invoke	b53e680e73bcd0b64020ab451d4e017d7b401df25503e80e84cbeb0ae0cad9b2	b146617be852cdefab28eb59430ea39f03e2dfe484376157043b79021605f14c	75c1552f4fb8b6f9c142e9b9091191add08a0b5f3aed9b3d818e3adb18f5e2ee	27ff3f0adc653b86	-	String
def	Minidregg.Compiler.PersistedCodecTags.prefix_dregg_resource_reserve_birth_signed_ingress	8c8d8c8ce6ed99f783f4ad9f3fd196502f848b6c5d89f296bfeef9bf8bfa4e51	b146617be852cdefab28eb59430ea39f03e2dfe484376157043b79021605f14c	c6e671f43c8f2d9a61881296e9ff7b56c09a1100198a8c154482696d8a2d8257	551591f345cd814f	-	String
def	Minidregg.Compiler.PersistedCodecTags.prefix_dregg_resource_signed_ingress	e7a3363a34bb89b50cb34676f8d0d7a2a435775f07afd9c32c52e3baa483741e	b146617be852cdefab28eb59430ea39f03e2dfe484376157043b79021605f14c	d067cdef654b72f4a1455d69b1871f7d5a36f28181ea9400a2429d8b6724076b	862a0da5bd3ecf9a	-	String
def	Minidregg.Compiler.PersistedCodecTags.prefix_dregg_resource_transaction	43ed2493458f4ae216332b8359b0dcd8a89e85588e648c6743958aec45f54072	b146617be852cdefab28eb59430ea39f03e2dfe484376157043b79021605f14c	0848b02e32ac858efdff52b6ba437d62d2ad10a48c8169cbc6fc4ac279a1c2d8	d852c8df529c1841	-	String
def	Minidregg.Compiler.PersistedCodecTags.prefix_dregg_world_instance	f9a7652cee3bd87f2a85eb0d56877921684cb69fc190c8a41c7e0b5bbfd41510	b146617be852cdefab28eb59430ea39f03e2dfe484376157043b79021605f14c	de4277c40f05d76b3ebbf30e3dd463c24a906b3ccafd19eb66c5d1163b4b98a5	43e3fb683e2adfe8	-	String
def	Minidregg.Compiler.PersistedCodecTags.prefix_dregg_world_methods	09e7f0d9970f43833c3e3766d556806a890f5710bbf6f6e985530934f0c40356	b146617be852cdefab28eb59430ea39f03e2dfe484376157043b79021605f14c	bc8015aeb7f381e4b555e373df511f5cb8aeb1d060c3fbbc035c6e6300773e0d	02d260a4e8a7163b	-	String
def	Minidregg.Compiler.PersistedCodecTags.private_correlations_byte_v1	a39bf81ecb781d41b61d5ab62ec246ed40aa2b80069283d3f8e789eb334e91a3	268fce01293bcb84de059c093737d89d8980bbc789bd14e1bc6693665008f358	2e0ca9f17b294651e1705d4e462b859e1da4fe048a30f221912c4144dea60df9	c8211433e0b17c7a	propext	List UInt8
def	Minidregg.Compiler.PersistedCodecTags.registry_loaded_and_final_store_cells_v16	de0933829e277374442685eeb4884ccf930c29685bfe6c6b98faa72ef0869cb2	b146617be852cdefab28eb59430ea39f03e2dfe484376157043b79021605f14c	a43c8316c6daa9eb42a537029b69572c129fc725be704a863f442473148b97b6	544ec3e6899a7466	-	String
def	Minidregg.Compiler.PersistedCodecTags.requestCodecVersion	34f8aae121560cd31fb1b8d2047921dcd47bebd1940a97582967a5b2268d0222	262031efa78118253ab59dd88036fcb9d33881bac4c94e8c1214aa7cc21b5d15	18b976d475d0ddb2f24e873002414eb8dbc36733385c1935d691d3e4791b18ab	a6524e936f8d9f1a	-	ℕ
def	Minidregg.Compiler.PersistedCodecTags.resource_argument_v2	8f0d2a62907a234d355a2c0e241d28711ab29ec617a8c5c316e59b3319e2cadf	b146617be852cdefab28eb59430ea39f03e2dfe484376157043b79021605f14c	d40d38d61441721a37b16a5b384803c37457072fef13e494d69b51e6dbd4f1e1	69b86ae1eadfcabc	-	String
def	Minidregg.Compiler.PersistedCodecTags.resource_batch_source_v3	c77299495757a31c3131b5842eacd82847be39d79319dcd267ecd57ca23b821c	b146617be852cdefab28eb59430ea39f03e2dfe484376157043b79021605f14c	729a023851378e44f70f611e74d2b36ec305ea73929d5ca477d04322715caa16	f6d4546b46dbb0a6	-	String
def	Minidregg.Compiler.PersistedCodecTags.resource_birth_allocation_args_v2	18755c3c0c4458d6659d080869b8778146d44f6ec517600208d64f70cf23f105	b146617be852cdefab28eb59430ea39f03e2dfe484376157043b79021605f14c	27f4f09d6cc83d1bf9fc86a471f2fd6676bb5ae0ec02a80c106cf68f14c7cfe8	becd802bac7711c4	-	String
def	Minidregg.Compiler.PersistedCodecTags.resource_birth_commit_v1	fedcdfc29949942ed051b08122932b965379020bfb16aaa41740366a0ae672ea	b146617be852cdefab28eb59430ea39f03e2dfe484376157043b79021605f14c	d9373c2bc5e38735c8ae6e72524d7f76caf0f4276a3c2cf47ad6cb0e98fbe141	a18fd0acc605e4cb	-	String
def	Minidregg.Compiler.PersistedCodecTags.resource_birth_event_v2	610b8424c90a213cd8a1d72c11da846e4dbb0d8b40b3e17c0544b742c5093add	b146617be852cdefab28eb59430ea39f03e2dfe484376157043b79021605f14c	51c4c4da4d4e51ba3ffda564a594d717444b53d0c02fb965bd8c87a04f2e3fe5	4b28f7e2caa1f361	-	String
def	Minidregg.Compiler.PersistedCodecTags.resource_birth_identity_byte_v1	476edaf069de220777ea07f5521dc2e9103c60f24f4b4e49ff339273661fecbd	268fce01293bcb84de059c093737d89d8980bbc789bd14e1bc6693665008f358	bb0319bfd87f0986685ddc8d020029a7e3aeea0197ae563f9f528a1d12788fdf	c67773eef6b96e67	propext	List UInt8
def	Minidregg.Compiler.PersistedCodecTags.resource_birth_identity_v1	fa2b100db11ee2217586db0a6299d26348be700665ba696795f98331c639cfdb	b146617be852cdefab28eb59430ea39f03e2dfe484376157043b79021605f14c	5e7bfbb50268c8948d5d8fcec90aeb3f6e69adc1577120a4b9c41d7065206ce9	5b73fa69bd42bdca	-	String
def	Minidregg.Compiler.PersistedCodecTags.resource_birth_signed_ingress_byte_v2	83c426e32acab59684019d794088f89f0494e8c6ad78c25f5f0713e6f73c4d31	268fce01293bcb84de059c093737d89d8980bbc789bd14e1bc6693665008f358	72f919effe4184fa37581189f330daa6be55c10cfd764a4c0e5200a69deaeef8	e4470b8b21447ca4	propext	List UInt8
def	Minidregg.Compiler.PersistedCodecTags.resource_effect_v2	0e62f0deb4a3bc4ea2b60d58ae1428f2bd9698762386d00e0387407721be7cb6	b146617be852cdefab28eb59430ea39f03e2dfe484376157043b79021605f14c	14843da189b1f3b6a6ae8c6fef6b68071eddc0108be1931b22a92474b4f9fe43	6f525a943941f822	-	String
def	Minidregg.Compiler.PersistedCodecTags.resource_invoke_args_v1	fd1f94ba941f7251f0a53e2c120566c3a9cbe5bbfb04a0b6f3033b97042b1910	b146617be852cdefab28eb59430ea39f03e2dfe484376157043b79021605f14c	d9a70eb5a8f3e5c849d953dfa6bcafaab0b2b33b0ae397c869ead97bccd93ba2	7efe329535867210	-	String
def	Minidregg.Compiler.PersistedCodecTags.resource_invoke_byte_v2	5aab1c002843272e5fc7a96db184d4aa3fa2bd99d402e6e31f64c124251d5d16	268fce01293bcb84de059c093737d89d8980bbc789bd14e1bc6693665008f358	5fb416df1f7c6678fac45516381ae8d26823e829dec5f4de48732ede5c129ff5	84e10b03828a8b1f	propext	List UInt8
def	Minidregg.Compiler.PersistedCodecTags.resource_invoke_effect_v1	52e6f438942cdd7ddbca13620e35e65244516c81edc7e1c9aeec018be8d88de1	b146617be852cdefab28eb59430ea39f03e2dfe484376157043b79021605f14c	856e88e0cf1f2a35676fcfd153550efbeede1934f2970e1cb5d4cdac909dacc4	21f890d516fe8f10	-	String
def	Minidregg.Compiler.PersistedCodecTags.resource_reserve_birth_owner_consent_v1	cc9074480437354e1cee9b2bc8b7ce4cd46544fabb34e1fadcebd1b3186457cf	b146617be852cdefab28eb59430ea39f03e2dfe484376157043b79021605f14c	1a09fb3918e0a8fd9a5de54383bf1e26c4ff4f057accb40ee37133fb13ea36fc	2cf7e07d789571f4	-	String
def	Minidregg.Compiler.PersistedCodecTags.resource_reserve_birth_signed_ingress_byte_v1	6795e61e5cb867cb01883569a92487076f3e309cdcbcc82043d12a4ad30a7e04	268fce01293bcb84de059c093737d89d8980bbc789bd14e1bc6693665008f358	80e9dcb940d5c509770da6780dd31935dd71267cb70a9f284e64adad162bfbb3	b46bfdd65d6d89af	propext	List UInt8
def	Minidregg.Compiler.PersistedCodecTags.resource_signed_ingress_byte_v3	6e383bf3c068f947545cb13e6417db5973ed7eb62bb343a039899bc42a284cf2	268fce01293bcb84de059c093737d89d8980bbc789bd14e1bc6693665008f358	4a427848ffc3b21964b0aae922331bc58ffe320816b5a96336ff0f32c6a8bfb9	4afc354e91c175f7	propext	List UInt8
def	Minidregg.Compiler.PersistedCodecTags.resource_state_v2	c829d8d9f173e3546906d788859c679344596d312fb5e01d26976efb4f09f0cb	b146617be852cdefab28eb59430ea39f03e2dfe484376157043b79021605f14c	76a1be943dbd0202cb599e09f7985fd62175fc9fb9db2d63aad66f6231550ccf	6b5de8603469454a	-	String
def	Minidregg.Compiler.PersistedCodecTags.resource_transaction_observe_v3	3c889ae755d31a766725c44d3b02fa6c40bf7dbf96246a369fc18d50ab372103	b146617be852cdefab28eb59430ea39f03e2dfe484376157043b79021605f14c	0bfd692e00113f9161c5473a8c2dc91091fac5cf4ed713b64cf20e73c6ff7042	decebe5cc2d3d552	-	String
def	Minidregg.Compiler.PersistedCodecTags.resourcetransaction_argsdigest_391847ff	900f70db5b321bc3e6b2f4bb29ba6ef9d6878ec33081d29d22460d6676714ba0	b146617be852cdefab28eb59430ea39f03e2dfe484376157043b79021605f14c	f86b2fa65acee4be70a0fd3837c5735e32329feff979bb4c1b396cbe412a6a41	84efadcf3b8530bb	-	String
def	Minidregg.Compiler.PersistedCodecTags.resourcetransaction_effectsdigest_64bbfbbb	edaafbc1fc10ba7c1f1365f2358328adf0860cae7669ae0161e8b3ed5bbb5943	b146617be852cdefab28eb59430ea39f03e2dfe484376157043b79021605f14c	0fa9d831f9b7c8b276a072b7e73ebf323472bd21d1f342e5cc4e985ce19f22ce	d316bfd671853f29	-	String
def	Minidregg.Compiler.PersistedCodecTags.resourcetransaction_familycommandframe_13959c0e	7988efd87d60f8d49ee254da4181661250e9e21cf06c9a1f6edbb37610b47779	268fce01293bcb84de059c093737d89d8980bbc789bd14e1bc6693665008f358	4d706b953b51e1c5f6f94e3d48292356faad6a836555bc72718bce8b0cc86083	f0705277db80af6c	propext	List UInt8
def	Minidregg.Compiler.PersistedCodecTags.resourcetransaction_operationmarker_e94810ea	7219fc01f31835f74dec900df334c7d630ced44de89ac931fffa73c55fe5002f	b146617be852cdefab28eb59430ea39f03e2dfe484376157043b79021605f14c	171bdc4f0f0066344d98fd49e9ca8f453272144f01402f0eb01862df06fbcc3a	4ed5d916334a06c7	-	String
def	Minidregg.Compiler.PersistedCodecTags.resourcetransaction_sourcepolicy_240922cb	a1af5f8b624461d9a87e008e4c1ba31d407074806ba251f7f8727a248026eadb	b146617be852cdefab28eb59430ea39f03e2dfe484376157043b79021605f14c	91d8d4f28eb5d7f577ef5b41c36836af2d58b46f9ccaf82f8ee4603f764d37c3	ba752c8060a29d86	-	String
def	Minidregg.Compiler.PersistedCodecTags.run_compute_activation_v1	179dfadb571fc89c6929e5895517bf965ab88af4d9fe670ddc86af7227655d8f	b146617be852cdefab28eb59430ea39f03e2dfe484376157043b79021605f14c	9897cc6b66da5e88f43fd7477c8ab73ca108120f2015be2747c9eca6b1e2b533	e1c053eeeda1cc1d	-	String
def	Minidregg.Compiler.PersistedCodecTags.run_compute_usage_v1	9d7c94cfdb8bada3591824779add76d5b4f1818a68f187d897651295097192c7	b146617be852cdefab28eb59430ea39f03e2dfe484376157043b79021605f14c	4917318b730d974afba45ed5a53cbea1532dd512bd41f7d4b495809d6f1621cc	757fc3365ba26e57	-	String
def	Minidregg.Compiler.PersistedCodecTags.runtime_authority_domain_one_cell_spent_nullifier_clock_v1	ff4d6b1f6103b5a52ca4fb0730ab12652b73dc331a616007f3c8d4ccf5a4a79c	b146617be852cdefab28eb59430ea39f03e2dfe484376157043b79021605f14c	3e5169173603dbeea346a56582524c2ecfb40e46eaadcfd8877a90aa9d4ca82b	6c02ac3604eb544e	-	String
def	Minidregg.Compiler.PersistedCodecTags.runtime_authorization_revision_grant_generation_distinct_revocati_c1bfcb32cefcf6ea	e2a51ecbe08b8d1c2d088248d285f30e5196eef64e67a00d80210eb2685b3f58	b146617be852cdefab28eb59430ea39f03e2dfe484376157043b79021605f14c	1e2841c304c94364f513ac0325d134fabc2d0c02179a09615d71ad71c4b5ed96	04df62d653fe6372	-	String
def	Minidregg.Compiler.PersistedCodecTags.runtime_capability_delegation_scoped_parent_child_authority_curre_5e6893b4cf528357	a1b0a23d765127e4eb80498c789fb00a2caaecaa88b95974181abf7c34de9cf6	b146617be852cdefab28eb59430ea39f03e2dfe484376157043b79021605f14c	0f5f6dcc5b405479bc83fc95d0d465c1d7dca60ca60e83038bf183b136b884e6	cc8c2256cc9d7854	-	String
def	Minidregg.Compiler.PersistedCodecTags.runtime_capability_renounce_holder_signed_no_policy_gate_after_signature_v1	855469e776d008f7fa3ce9518f095cd17f326054391362b056685b96fd6a3a76	b146617be852cdefab28eb59430ea39f03e2dfe484376157043b79021605f14c	8c95cb13cc87208d9692da26b8da961aade63c1cd3554bbde7cd31164ff49ffe	133b4bd9eb782fdb	-	String
def	Minidregg.Compiler.PersistedCodecTags.runtime_capability_revocation_scoped_victim_control_authority_cur_25765520cfcff3b0	02ea063f52ce262dbead6f3e061732cf030e24744db029c5c75e9adfb9aa9a35	b146617be852cdefab28eb59430ea39f03e2dfe484376157043b79021605f14c	abbec65a6d34b0061e08a971cb4a52967db8ac73ceb6825da8475ff2619a2752	08c465735db13943	-	String
def	Minidregg.Compiler.PersistedCodecTags.runtime_clock_genesis_plus_accepted_count_exact_image_v1	735d444402a65b5da86242c1229aa76e1750d2ff139636f17bd2ace38c3b7ced	b146617be852cdefab28eb59430ea39f03e2dfe484376157043b79021605f14c	81a82f184e84296f4b2d2c1800b4be09f463bfd5c426f89a6a1b2b2049277cf5	b17a96a4cc6cef0d	-	String
def	Minidregg.Compiler.PersistedCodecTags.runtime_content_full_document_tree_revisioned_atoms_marks_transcl_2e227868b68b93a4	f4b64a98747e9cff2b18d3de8d5d6d298f547fa96ea161d2b6207032027b99ec	b146617be852cdefab28eb59430ea39f03e2dfe484376157043b79021605f14c	8e46a34f0f6be86f727a251db30d24b1557807a304d3f56d02ede414d1a975ca	ed767624b652382f	-	String
def	Minidregg.Compiler.PersistedCodecTags.runtime_joint_invocation_exact_targets_final_posts_current_signed_e349850bee868e43	24c47faf5e18ac8c64a11455672425c6e413a34fba89686cc54a66ffbf13421f	b146617be852cdefab28eb59430ea39f03e2dfe484376157043b79021605f14c	d97d0eb2caffcc26f37a7fc727096b5c00f28d0611faa99355356ccca56c4456	64f11a930589c669	-	String
def	Minidregg.Compiler.PersistedCodecTags.runtime_object_audience_v1_state_object_epoch_parent_transition_a_e2d12c4bacbda5e1	e6969419f531ee3edce0a9163b214d44ec12588371c8317d63af2e28e1afff75	b146617be852cdefab28eb59430ea39f03e2dfe484376157043b79021605f14c	af1e28a3514bac6313900db4bb71f6fee467db897a92429d9bfad1a93c3843c7	294371a1aa16b165	-	String
def	Minidregg.Compiler.PersistedCodecTags.runtime_policy_install_preserve_grants_advance_revision_current_c_c1f9612f7f373edc	36611efa3fb68d0f0233c5dd1fe7a8b9dc746cd74102f3dd5afe7a58d8f33de7	b146617be852cdefab28eb59430ea39f03e2dfe484376157043b79021605f14c	686b5927a1ab3f7816680805ea5ab8bccea0b7ea379bade0629e471f1739e069	b82e98b471cfba86	-	String
def	Minidregg.Compiler.PersistedCodecTags.runtime_resource_birth_scoped_account_factory_user_command_author_5431c31fcc5e0a63	684a9464d19bcce0042a0902143f66dd374f1743d93fdda3ea4fba353fa89bc8	b146617be852cdefab28eb59430ea39f03e2dfe484376157043b79021605f14c	fd9e6f3bd6379531cef4d62389a6d89b9c3c6a5e236e59fe6c39f62b5e1f426e	f3c56f062befc71c	-	String
def	Minidregg.Compiler.PersistedCodecTags.runtime_tail_bound_head_le_certified_plus_l_every_non_certify_record_v1	826b30b89aa4da29eb85871e51e10e61ab12394de66d204009598797a63911ff	b146617be852cdefab28eb59430ea39f03e2dfe484376157043b79021605f14c	23323b4dd670b3314b78d8d2287f720d56798f09a332f7373ed7d5b37e0ce407	9ae4def2abe2245b	-	String
def	Minidregg.Compiler.PersistedCodecTags.seat_args_v1	40a1f654334547af48f19a10d5b92e8049131710ff0a38134511ba06e05eab2c	b146617be852cdefab28eb59430ea39f03e2dfe484376157043b79021605f14c	5d830836d1835b94c098c7400bdc6dbc44d10e98fbdd835bfbcdc9759d19b372	86ce464e78b139ec	-	String
def	Minidregg.Compiler.PersistedCodecTags.seat_cell	a9bb00a56dab1984cbb3c728195ea1a8cecf962b208cf482e6510c61f0966178	b146617be852cdefab28eb59430ea39f03e2dfe484376157043b79021605f14c	462094606452a5940326a35f11cd618772c7372fb0b5491e619c0bb2721e5e62	d40650c3fb8d3872	-	String
def	Minidregg.Compiler.PersistedCodecTags.seat_cell_id_v1	586d610aeb9e8f6f1108b03cb8e13fc5281715bfc829c4b2b98c68fbaf358df0	b146617be852cdefab28eb59430ea39f03e2dfe484376157043b79021605f14c	2a0b4c56397988c124e63e3defa672b480ee65ea9fbfe267ec7a3683e077a5b7	a023ff420e0ae90f	-	String
def	Minidregg.Compiler.PersistedCodecTags.seat_cell_state_v1	ff66ffbeb94e7905483c5132d4cb913445d98a6d0561519ad44f775aa58637da	b146617be852cdefab28eb59430ea39f03e2dfe484376157043b79021605f14c	1e781e7aa3f8550ba90c81f320ef07cc5177973ea921598155f9caefe55bd4bf	4bb4e93da30ce06c	-	String
def	Minidregg.Compiler.PersistedCodecTags.seat_claim_invitation	f2d489ddb1accd5796174971e35069b657bd6a608f24fb0ba634ed0b4ac41cf2	b146617be852cdefab28eb59430ea39f03e2dfe484376157043b79021605f14c	acc6fc42e0f494c4010eb08c28b76a09373dfe1b9c11aacbc81f355d45830024	2127e3369473b530	-	String
def	Minidregg.Compiler.PersistedCodecTags.seat_command_v6	5cf0b5d86b7851b0080831855c8904f9301ced57491c96e3bb0b6562bd92c6da	b146617be852cdefab28eb59430ea39f03e2dfe484376157043b79021605f14c	c24c6f3e6e9b6a2bcdd1e1764ae79708ab58506c402cad314b6e6f1491aebab1	c83e9a8bcae0e7ad	-	String
def	Minidregg.Compiler.PersistedCodecTags.seat_contract_output_codec_v1	147d402f4ec875dd2a2ea9ef687563f7a0cd2b65242c06851edb6c63a375b40f	b146617be852cdefab28eb59430ea39f03e2dfe484376157043b79021605f14c	e718b0e29fe6518459301c2c34ff48118f7777a5f4fd4162d6ef3229f1e257e3	a4326aa18fc7792d	-	String
def	Minidregg.Compiler.PersistedCodecTags.seat_domain_v1	8272288fc6a3bb3cec0ed640c75812f81f228ac393c614b97742a479172a62e2	b146617be852cdefab28eb59430ea39f03e2dfe484376157043b79021605f14c	6b025fd7a37f3a8dd65ff9877f6d9fb9d8bf28dde44af3e3ec6d63489288eebc	274528e331c63333	-	String
def	Minidregg.Compiler.PersistedCodecTags.seat_effect_v1	83e3b4fd81c1c4cfc4174316fd81ee5d1daa48e6e0dd45724b5e7476cfbe9d5e	b146617be852cdefab28eb59430ea39f03e2dfe484376157043b79021605f14c	b283d1ae572042a43e49c81b505ca7611b786a952c2e40114c5fd5dcb47bd11e	7431bf433a0753e9	-	String
def	Minidregg.Compiler.PersistedCodecTags.seat_event_v1	3625e35f10df98f9dd3ed4ccde442c862e7cbc45586a4a1b52f50aaced902a1a	b146617be852cdefab28eb59430ea39f03e2dfe484376157043b79021605f14c	af92ef95fdc7bf2cd5763551f022f971f8b01fc97a983ecd8ae1f158a4a45a80	c37bae9dbe27bcf4	-	String
def	Minidregg.Compiler.PersistedCodecTags.seat_holdings_v1	9279413f81eef8975709552eadaa57afa98fa60d1ab7dc326d6ff4eafbe18d88	b146617be852cdefab28eb59430ea39f03e2dfe484376157043b79021605f14c	fef004c10bf86c2ee378add87dbdf14fdc286fd4988fc54d4905e1b7f98dcd14	49bcde1611f6e3dd	-	String
def	Minidregg.Compiler.PersistedCodecTags.seat_identity_v1	9a0086866b49446d86dd2f60a6cceafc7e86aa567627f72748bc768afe0ca61a	b146617be852cdefab28eb59430ea39f03e2dfe484376157043b79021605f14c	05789b35bb387effd25a1992b88fe5aa4a3faeccd893f52023e66bb68a9e2375	9fed7ed4d30eb41f	-	String
def	Minidregg.Compiler.PersistedCodecTags.seat_instance_v1	7391bd480ae1fa282818c0942a8325b73fc1dd4b30cad803287263d604fd1dfc	b146617be852cdefab28eb59430ea39f03e2dfe484376157043b79021605f14c	9d84016619ebbb08ee2ce8bd0cd54e6aea7fd42a586492c9c53f2d97e5ede6bb	924922aaad193fec	-	String
def	Minidregg.Compiler.PersistedCodecTags.seat_invitation_id_v1	ab55fc03936f10ecea69b60511f85b49eb5459d135ee4bd0618d5eeb87f61a95	b146617be852cdefab28eb59430ea39f03e2dfe484376157043b79021605f14c	1b7affdf13bad85e5cf44acd1f89f5b2d5e3ff1523d17bcc4bfd651a13d24be2	87abe37dd242ab5f	-	String
def	Minidregg.Compiler.PersistedCodecTags.seat_invitation_v1	a3175152a350815255d379aacd2374fd2f6e5c83acaea8367b87c5e8fc0e1fad	b146617be852cdefab28eb59430ea39f03e2dfe484376157043b79021605f14c	40634d4f060048754d4148791fbf615f22293b32be8a91f1a09d419d09692f13	29db2c0acb4a591a	-	String
def	Minidregg.Compiler.PersistedCodecTags.seat_outcome_v1	53468066c0021ba23b38a70aa4cd42ead1343cc8ca9aa7e1031e30834ca60d17	b146617be852cdefab28eb59430ea39f03e2dfe484376157043b79021605f14c	78346ba2917b4bc28661d3801696b3322b4f602fb879e4bd3b9cc582c2b5afe5	87409a7e2d391e64	-	String
def	Minidregg.Compiler.PersistedCodecTags.seat_plan_v1	cfb27ffc7a2b35d187821996e10a7f46ea8b57d6100d0b0cbf9e8b5138d05ff8	b146617be852cdefab28eb59430ea39f03e2dfe484376157043b79021605f14c	a764d4b19c8729c2d3dbc007395486a0556e2eaf313b518668191fe28012308b	7eed505de1a0e1fb	-	String
def	Minidregg.Compiler.PersistedCodecTags.seat_seat_v5	444578e9617f71c687dc5613d41b7affac629c3ec0a6e18393247b07da3e4936	b146617be852cdefab28eb59430ea39f03e2dfe484376157043b79021605f14c	be2cc2a2aa4bc523fc471f43d6496b203a8f50910f06219e6b8ca4b20c12fd83	bd2ce31acd3730fd	-	String
def	Minidregg.Compiler.PersistedCodecTags.seat_signed_v1	a9408f2728ff1fa295cf56cc4830240450f2e83d8de0041842bff61161e8e301	b146617be852cdefab28eb59430ea39f03e2dfe484376157043b79021605f14c	da7edf3864218c0f395a11789f04d7d53f6da07170f60f453f6755ce655d9052	eff7c656d80e6378	-	String
def	Minidregg.Compiler.PersistedCodecTags.seat_tx_publish_v1	8b9eccd821684773ca39c91d99a0dd1fd29504074cc38624132447f53f765309	b146617be852cdefab28eb59430ea39f03e2dfe484376157043b79021605f14c	81d169cdfd316eb2f4c6e8412b61720ab89da1b08ef50f054cff0b31d1de4248	cbf12a34b2c343e5	-	String
def	Minidregg.Compiler.PersistedCodecTags.seat_tx_v1	30b1c4f84e51f638f9c5d0ad81de996dacd18ca1f335265b3c873b1fe1bf4422	b146617be852cdefab28eb59430ea39f03e2dfe484376157043b79021605f14c	b988cf8028c71d9adda271814432b4325c3ae4a930725b80197fa060185a72ac	e8150748512e24dc	-	String
def	Minidregg.Compiler.PersistedCodecTags.seedWireVersion	d57ee2a86301686fa778ccdefa5ab5b0ef26f1b87e55ca6175b70701d12ffb53	262031efa78118253ab59dd88036fcb9d33881bac4c94e8c1214aa7cc21b5d15	b29b28ea03a27916bac7d714caee232fcb2a7d157c6537ba8c94f268acac0d61	a6524e936f8d9f1a	-	ℕ
def	Minidregg.Compiler.PersistedCodecTags.signing_key_next_v1	c7f9c3f8da599fc816494272f5ac601695a281e58304e93bd9aa8c67d32b31dc	b146617be852cdefab28eb59430ea39f03e2dfe484376157043b79021605f14c	e145192cf7cddf2435d2f270ae3352531dd6906a3987b4de8c802eb8ad6a44d4	83be58c50dafcdc8	-	String
def	Minidregg.Compiler.PersistedCodecTags.spk_image_v1	49f723db46587562d86e41639a8cd855ac4f3d9c0b9a21747fdb197c9b3c1a11	b146617be852cdefab28eb59430ea39f03e2dfe484376157043b79021605f14c	af7fd1b207708b6db867b44ea52f1d91744c4f9ffbb6c0015c66b7b978c0ed4a	4dcb2a8efc1f592b	-	String
def	Minidregg.Compiler.PersistedCodecTags.spk_var_custody_v1	d760c2c30988668934fe9159bc41138eb1b4f1e15537434db3029f8e66a730e4	b146617be852cdefab28eb59430ea39f03e2dfe484376157043b79021605f14c	a437cbe7df783a55044df7dfe3839435516304eb070a52e9ca1f15952ff0aa4d	0aa3ebb80d84ff74	-	String
def	Minidregg.Compiler.PersistedCodecTags.store_layout_v1	09bed37c7d978d118aa3919cc36eda5bd5b22fe3262f9154c987adb8684ff991	b146617be852cdefab28eb59430ea39f03e2dfe484376157043b79021605f14c	75de2f58a1801bbef10f52632e6abaf5ca6f112303a76313ecc3c94746253124	362a41dba7cee0b4	-	String
def	Minidregg.Compiler.PersistedCodecTags.store_leaf_v1	412c74d0e071177444859578e6d26dc4570f70f2c3520106970d2c4e3ab12f56	b146617be852cdefab28eb59430ea39f03e2dfe484376157043b79021605f14c	03905627ebfb339bf0737a0245439ff96dfcabba4c2c353255a8f4735dd1e56f	768d4178d628fad0	-	String
def	Minidregg.Compiler.PersistedCodecTags.store_root_undecodable	62b7f4fcf692ee6664f69d10c78b8e7d968fa741cce1de6faeeb0e789c6e6d9f	b146617be852cdefab28eb59430ea39f03e2dfe484376157043b79021605f14c	13599e56459184d6dcce425dbff96bce5cbaef5beca37352b64be9af2c139538	3b9281e49b6858da	-	String
def	Minidregg.Compiler.PersistedCodecTags.store_root_v2	1fcb76ae8d084b164ab2957f871893230e7d4ae52559137d05eaf93f671c5954	b146617be852cdefab28eb59430ea39f03e2dfe484376157043b79021605f14c	b3b91a67ac17f2ac687c2b02ec5bff167aa3fbfe85a1c2b19f9b93c5b3d7a2df	81c25cb43e136b19	-	String
def	Minidregg.Compiler.PersistedCodecTags.store_salt_v1	40acd57e8069e690b436781931d77533ab3b770ed783b7cbcb982a4576c095f4	b146617be852cdefab28eb59430ea39f03e2dfe484376157043b79021605f14c	3e89bfa5d31f00f691fe8d1232b6fe9f59c5077d6ba5965e0af43e8502b4dba6	d0897f645bf3753a	-	String
def	Minidregg.Compiler.PersistedCodecTags.stream_entry_cell_v1	4a68e25841d9ea92d41b1e041c06f51e3382f0b66c662ddff40ed33fcb3daf02	b146617be852cdefab28eb59430ea39f03e2dfe484376157043b79021605f14c	7465370090eb47f443a58540f5f53cd92ef12aad80832ec023b9081545758a78	d6b5080b6bc8424b	-	String
def	Minidregg.Compiler.PersistedCodecTags.stream_entry_v1	fb96545662b43930c8d8cf60ba836f91b0789716009331cb5ad0b70306f146cb	b146617be852cdefab28eb59430ea39f03e2dfe484376157043b79021605f14c	449f2f1e21d1dc5bc0fcd0451fcdd8f8a0a4ccaa4b09e898aded81e1e5bc341d	5d6674792da55b86	-	String
def	Minidregg.Compiler.PersistedCodecTags.stream_payload_v1	16aff3126296e2d46d205e235859fc9487cf7893c397280b5cef8a0cc12d23d6	b146617be852cdefab28eb59430ea39f03e2dfe484376157043b79021605f14c	164907e654f632920bede4734baa9a249d4a03c37b6add3b341f0fdd571051c7	f12c5cfc474c02f9	-	String
def	Minidregg.Compiler.PersistedCodecTags.stream_topic_head_v1	930eea71baad318259c1f35c8998742c7c44a1c66569c2cb1355c0d2f6318ec3	b146617be852cdefab28eb59430ea39f03e2dfe484376157043b79021605f14c	8b7e625c89ce788a40b299fe9b7ae0e8e4927754f30f871436864747178d2944	6cf5bf50d10e4689	-	String
def	Minidregg.Compiler.PersistedCodecTags.subject_key_adopt_next_authorize_v1	60043e4c7db09af6707db60b6d65216dda6b0c881f31dc5055b0a515f2c8eaaf	b146617be852cdefab28eb59430ea39f03e2dfe484376157043b79021605f14c	2c48255458a4ec4fbeb1abfde3bd8d347d3efd1ca2410b63bd852544f1d71521	15f1a6d417e3115e	-	String
def	Minidregg.Compiler.PersistedCodecTags.subject_key_adopt_next_current_live_exact_record_two_signatures_f_aacd68f55051a9ed	7bdccae535cbfaaa40561dde985d3b881201ee7661feb348feecc4acdcf99fad	b146617be852cdefab28eb59430ea39f03e2dfe484376157043b79021605f14c	28cc62cc82f43845d175fe24238b0ec91510e5b08741137b2b603a242cd30e56	cfbbe7ac85dbd386	-	String
def	Minidregg.Compiler.PersistedCodecTags.subject_key_adopt_next_effect_v1	df1beca892ef628616769759a4ec8cf2408aae7292c54bce6145a1d0e5ca3158	b146617be852cdefab28eb59430ea39f03e2dfe484376157043b79021605f14c	ee9cece162acaf452c28bed5a711256b181165f77daf8f486e09bc8fd5ce9dac	bc6d168eaae8b3af	-	String
def	Minidregg.Compiler.PersistedCodecTags.subject_key_adopt_next_identity_v1	98b68a07e3b238793450b612980daeaaa66395c2b73a9f2dd1f1cfd405b93d1a	b146617be852cdefab28eb59430ea39f03e2dfe484376157043b79021605f14c	de32c43e9a420a9fe8a88500618e41b1454084870b00196218b04ea9ff063ed6	5abf05a0a9ab3161	-	String
def	Minidregg.Compiler.PersistedCodecTags.subject_key_adopt_next_plan_v1	8cb594697eabdc37c1d3e377707f31d7a99450b9532a9df0ea8c77c9261addcd	b146617be852cdefab28eb59430ea39f03e2dfe484376157043b79021605f14c	29a9aa306b0ea158b0ee403881c3bf35097941d248d1ba13cfc12b16b21a8301	91504dbaac606ff9	-	String
def	Minidregg.Compiler.PersistedCodecTags.subject_key_adopt_next_possession_v1	f0981aa5cbd24d73e7a683350ee4a0ebb327f8e97839c7fb9edf98817d7d2591	b146617be852cdefab28eb59430ea39f03e2dfe484376157043b79021605f14c	94efd5f3d55cfd6e11d6b913622f8e7afd7ce48ac3d25d1182cc434377524372	6708a629d9500c79	-	String
def	Minidregg.Compiler.PersistedCodecTags.subject_key_adopt_next_signed_v1	8792bc55e56dfb9738f2f9f17dd098e59b38b44f87f27313f2b9f43a3ab022f9	b146617be852cdefab28eb59430ea39f03e2dfe484376157043b79021605f14c	b152364a495e42a30118cd686c3c454918c0ba20f5cc211bf0d7ea227910a4bf	94689f4947b096f9	-	String
def	Minidregg.Compiler.PersistedCodecTags.subject_key_adopt_next_v1	f351d0544c8d637139f0136c2b895fd948443637c7fa9126f670b16d5da1fde4	b146617be852cdefab28eb59430ea39f03e2dfe484376157043b79021605f14c	2d876b1de6627a50e6a34c224422e4f633a856404ba0604f070d74ad3d9fcba8	cfffa0d78e146c14	-	String
def	Minidregg.Compiler.PersistedCodecTags.subject_key_rotate	20b1f0769256a919af4ec16682d290fc25def447c71a68a9e01aff79a6590ff6	b146617be852cdefab28eb59430ea39f03e2dfe484376157043b79021605f14c	8a0cacff6976edcafbdaa4ccdf2e3feb978dbea1fcc1e6921c9972a4162e7a5e	a5d2f49f5471336c	-	String
def	Minidregg.Compiler.PersistedCodecTags.subjectkeyrotation_commandframe_44995621	ec4b18a0fe940453817ccba39dfb1f9ef5f8086bd06ee39b20162fa64cc42752	b146617be852cdefab28eb59430ea39f03e2dfe484376157043b79021605f14c	d77eb24327a18b156d988e836f51871236d6ef5d44894d04f5a7cd5265666a2b	e878e26632ec8c6e	-	String
def	Minidregg.Compiler.PersistedCodecTags.subjectkeyrotation_event_de2e6044	6a87d153fd941834aac5da926fcaaef3639046d84ff960f85aaf5dd35a11a8b1	b146617be852cdefab28eb59430ea39f03e2dfe484376157043b79021605f14c	ae462b83a63621552363489338d061324b02ab6c86781919ff56134ef92540d0	b4fc6807852b3060	-	String
def	Minidregg.Compiler.PersistedCodecTags.subjectkeyrotation_ingresscodec_e37f6c40	bbf97805a9e36d4d1cc6cf8ae9a9f9c90e277fed02ca32088a140f5f56e39fea	b146617be852cdefab28eb59430ea39f03e2dfe484376157043b79021605f14c	66d181ac66979ab8ea7755319df4fe9213232bf5a3bb22251e240090efbafe38	60c79bced4280a8c	-	String
def	Minidregg.Compiler.PersistedCodecTags.subjectkeyrotation_marker_02658a02	ab4d3a202475854416c5bff3611d44f37ee658af93986d5e909c2c0ab9c99174	b146617be852cdefab28eb59430ea39f03e2dfe484376157043b79021605f14c	f006811d9666a0e15d955875d52a66ef132f5bb552e5fc768508e3eee7388aa7	b4e104fea3542140	-	String
def	Minidregg.Compiler.PersistedCodecTags.subjectkeyrotation_possessionframe_9f82cb97	02a4e29d4a218d700842a4fe95ce847d03b38239fb8445f2f8b4969f91b90e25	b146617be852cdefab28eb59430ea39f03e2dfe484376157043b79021605f14c	41f196841e212338f8c4447b89c3fd46e67d8ee9ac89db876322c306da9207f9	a76e7fa5ca6125a5	-	String
def	Minidregg.Compiler.PersistedCodecTags.subjectkeyrotation_signingplancodec_9b72f4f8	b39f7dc998d5a5eb71c8b709a4f4b6c761d479944a0bb4f111f8d89b8e119b8c	b146617be852cdefab28eb59430ea39f03e2dfe484376157043b79021605f14c	d420e3390c4c25f57cb2bb511dc8d20caaf07afc9dd1a64dc423cb32adf36b91	26370d77941fefa6	-	String
def	Minidregg.Compiler.PersistedCodecTags.system_cell_id_v1	9fe4635407c7775845f2f991e7db91b212bd7d3a54253f39eb64c91e649ccc69	b146617be852cdefab28eb59430ea39f03e2dfe484376157043b79021605f14c	a54156c5ebfe82b6945ae2fc529fb8dd894e98e59acc1c54e61e3393c4e3f918	22e4e61ed6f43642	-	String
def	Minidregg.Compiler.PersistedCodecTags.system_certified_height_digest_tail_bound_v1	961d36e52256aade4ce499550e45ba5fbccb7efddebeb5950371ac8eef240802	b146617be852cdefab28eb59430ea39f03e2dfe484376157043b79021605f14c	563461ab54372c14d8dc34c68010b7811d6816e6e55f1c8ab5067c3715632c34	cf9ffbf760e8cc8e	-	String
def	Minidregg.Compiler.PersistedCodecTags.system_v1	a734e948ec9222b95c6f357c117d68b708d1b2fcdca1d5a65809e24ec57ccb27	b146617be852cdefab28eb59430ea39f03e2dfe484376157043b79021605f14c	3127da20fc967b3012d7e50d5c39717b77c0bd02d23eed00572a49be8866bb4f	c46b6778e1f689ce	-	String
def	Minidregg.Compiler.PersistedCodecTags.turn_v1	08c4580a877457cb9cbe1ed82c4fae9bdaeddf223ff9807057dbfc4d002b1cb4	b146617be852cdefab28eb59430ea39f03e2dfe484376157043b79021605f14c	e609c7cd017707abbf0ecdbe82fa0dd75c97137f6aa0e495d94e6bb33347599b	9f4461d67beaedd9	-	String
def	Minidregg.Compiler.PersistedCodecTags.well	c8dae70b91a1d0a375fd9c2a18f99aead7e854ae41ac8796cc69e106efde8fee	b146617be852cdefab28eb59430ea39f03e2dfe484376157043b79021605f14c	10657f66ebd9ffa639b087bae64dea8027c53ad6097d62095903892f840b7c12	341c3ba5ac8e0718	-	String
def	Minidregg.Compiler.PersistedCodecTags.well_args_v1	226b0b29b018098ab1d9d08e97a3c5f8fd2e7e7dc4df953fe3d784764a79af86	b146617be852cdefab28eb59430ea39f03e2dfe484376157043b79021605f14c	9152b86f520c5b177588ced4e28cd615239552727dc49a5acf8aa44f1af4d1a9	c54bb3a4e7496dc6	-	String
def	Minidregg.Compiler.PersistedCodecTags.well_command_v1	22afc46a5f8069af77c57d60487889da2f2e19a13ccdc36a992f2f765f566888	b146617be852cdefab28eb59430ea39f03e2dfe484376157043b79021605f14c	b6c1d5f4b0abb6bf92c7ce30f67945b69f9069e92ebb31ee36bce4d41ea019e0	49088c739adeab4c	-	String
def	Minidregg.Compiler.PersistedCodecTags.well_effect_v1	350338f5cf8145a781bf0923c0faebf14d0cbff5122c50a4b280f47d2e5d813d	b146617be852cdefab28eb59430ea39f03e2dfe484376157043b79021605f14c	a3c796660256ca61581399606fa816c3d275b0d6714d2beae24ec703790cc1dc	9dde43171d470e8a	-	String
def	Minidregg.Compiler.PersistedCodecTags.well_identity_v1	cfd0eb9f6e94c31d0986bd20922872d654612bb1fa24707dd3f452829e264d06	b146617be852cdefab28eb59430ea39f03e2dfe484376157043b79021605f14c	5c9806709379b8b05d14ca5bf81d1e33757600b4f3218cfef18fdf05fabc7cdb	ee32c14a5cce1d2c	-	String
def	Minidregg.Compiler.PersistedCodecTags.well_plan_v1	8e6830ff6743caf9800d9c32ca6b3eff90aea1a51c8167c2e2654a8084a17684	b146617be852cdefab28eb59430ea39f03e2dfe484376157043b79021605f14c	8a02262928136e5bdf632249ca66246615e93f388e521fe9683bcbe370f6faf6	fcd93ead4c936cfd	-	String
def	Minidregg.Compiler.PersistedCodecTags.well_signed_v1	942f4b0978efe6227370dd42d0f77199ed26034ef4c1f09731d5cc0d0618831f	b146617be852cdefab28eb59430ea39f03e2dfe484376157043b79021605f14c	269b2b807ede862cb354e37f162e18c6f447f796f4415462d9e65eb37cc4646e	4dcfabd059817784	-	String
def	Minidregg.Compiler.PersistedCodecTags.world_execution_v2_authenticated_whole_kind_observer_exact_canoni_d7a19b856fe5e7f5	f0b223571a3baeb1784ff6e78a2d1af63a9896660fa06b1a7e81ea22f2ab259b	b146617be852cdefab28eb59430ea39f03e2dfe484376157043b79021605f14c	eabaddc8b2e9f2df4ee83e136178424ebc5557955217e5b1e2ad29aa907190a2	bcdad7a39d3c1c12	-	String
def	Minidregg.Compiler.PersistedCodecTags.world_instance_byte_v1	4f04c8f03617991a526fdd7d69d4e31f5b46a1f3c6946dab400840c5e151378a	268fce01293bcb84de059c093737d89d8980bbc789bd14e1bc6693665008f358	0fddc6f0b4016fb1000506c799928e1a1c4efbf5a76ead58f6f94d66d9dd9db0	b5fff76a138ebb38	propext	List UInt8
def	Minidregg.Compiler.PersistedCodecTags.world_kind_layout_v1	4bf7655f75320d97d625310c31c2459f5e66c18046dee5ee0a97ee950c7847c4	b146617be852cdefab28eb59430ea39f03e2dfe484376157043b79021605f14c	d913721c94b736fd71f6363962aa8fb81347ee1a93eeae64473a34d78f2dbc7b	e3bf3b8e4b2aa610	-	String
def	Minidregg.Compiler.PersistedCodecTags.world_methods_byte_v1	41fcb67747483b6ced070e0d5cbbe057e8421417046faf473bbca553fe712356	268fce01293bcb84de059c093737d89d8980bbc789bd14e1bc6693665008f358	5492401b53a039f74ac92e701d16451e0134d6e797371041b7bbd33cb385c4b3	622bd64540e27a7e	propext	List UInt8
def	Minidregg.Compiler.PersistedCodecTags.world_root_v1	4f6e9d842e412a67cb700ffed9a751f9af6f5adfd7394dfaffd26611613e3cb5	b146617be852cdefab28eb59430ea39f03e2dfe484376157043b79021605f14c	aa176a40b34957216e5a5e1079f9438e9b4e58b6e3b4d6d3407db2d966cbe7c9	28b69107854e85e7	-	String
