# Compiler.SemanticArtifactBundle: Objective contract manifest. Written by `scripts/check-objective-proofs.sh proofs --pin`;
# a removed or changed row needs a line in scripts/gates/objective-contract-changes.txt.
inductive	Minidregg.Compiler.SemanticArtifactBundle.ArtifactBundle	4307d7c4a2779549968f082889c7dc6d0e251fef6e414c7cbf91d8c56a937c2f	16946b93ac38405660f51e475eb5aa7d25b54f5e5677e0f6a10a4526cc071cbf	5b27890726d3684b5a8646c3cca02a55459176499db7ac17a22247cb66add31a	d57fec2f9cb6b7f6		Type
def	Minidregg.Compiler.SemanticArtifactBundle.ArtifactBundle.authorization	7b94485c64452c33826c90214a3ada1f7f56bc092644cfa2d1f34084bd2cdb84	8320ce93f401a7e5dba7f479ad2302ded37a5ed4da04611b55060120c7cc45a6	fe71efc235b483d7b22a409790f914d737e563c1056375373b854849505488ad	e49ca5118ad7a4be	-	Minidregg.Compiler.SemanticArtifactBundle.ArtifactBundle → Minidregg.Compiler.SemanticArtifactBundle.AuthorizationArtifact
def	Minidregg.Compiler.SemanticArtifactBundle.ArtifactBundle.canonicalEncoding	37d52d46a0fe35caa722cdc4e227bb892040bc96c71a45008fb5adb3d12fd7a0	6dc5311ee4bd3e6b0d5f3429c0c4797e24dead35d07aaf4a51e6dc635f135edc	416d11abefbaced13ecbe113418ff57281c0d917c52ffc74e90107ceb1e48417	d0d9f5e7c5514cb2	-	Minidregg.Compiler.SemanticArtifactBundle.ArtifactBundle → Minidregg.Compiler.SemanticArtifactBundle.ArtifactBundleEncoding
theorem	Minidregg.Compiler.SemanticArtifactBundle.ArtifactBundle.canonicalEncoding_injective	56ceb087d82cf6b40e631b468b57d4907f09bed8f4aaa9068f50c181e6e427e9	1c00ab644d69b46898bb3e729050e37de912fe0ecaddc50344684da1b602406d	6dde3baa52f1a620946bbda12b6d8b80711b053d9788a85ce47ad1a56b7a3255	67efb8683c3a9311	Quot.sound,propext	Function.Injective Minidregg.Compiler.SemanticArtifactBundle.ArtifactBundle.canonicalEncoding
def	Minidregg.Compiler.SemanticArtifactBundle.ArtifactBundle.contentAddress	d8f764bc10feada445f0a7c11d93aca66730db18dde5b3e0f9bf4b21667ca2ec	93cab2b940ded2619ac5dc84f10819f91cd8202368e49df0054e47fb6adeca69	7d8d708b34e79d73b51e1a344f0a4edb889733a1be483d80de706171061411ec	29021850033d8b05	Classical.choice,Quot.sound,propext	Minidregg.Compiler.SemanticArtifactBundle.ArtifactBundle → Minidregg.Theory.TypedAuthorization.Digest
theorem	Minidregg.Compiler.SemanticArtifactBundle.ArtifactBundle.contentAddress_injective	6cb35248a0053f32babd95e1f2c0b908c1b090dda85bfb9e5f748e2709752ba2	6e2d7948a7cacf89fd1b52ba072d66a0411ec73458171f82cd266c54344dbf08	59b991aea47f4579cd199979894ff559f97299ec806870d2e468ea57185c9c2a	e9cca2906478cd00	Classical.choice,Quot.sound,propext	Function.Injective Minidregg.Compiler.SemanticArtifactBundle.ArtifactBundle.contentAddress
def	Minidregg.Compiler.SemanticArtifactBundle.ArtifactBundle.disclosure	0064d42a4ed7a5c6dc22feb3efe9cff6463c3bc0184795f4c505526376006994	32075b13798e1f9c48b6b56fad5291d7c9d990079eaa8f7035d175dfd94eeea2	317098c0a747a2dc2076a066e4ad98a04830d7b62b19adb8abc3ec1a0820bce4	a4048c2c0ada7a6a	-	Minidregg.Compiler.SemanticArtifactBundle.ArtifactBundle → Minidregg.Compiler.SemanticArtifactBundle.DeclarationArtifact
def	Minidregg.Compiler.SemanticArtifactBundle.ArtifactBundle.effects	95b78013c69536c15cf4c492b6723e305d886072a1f6bb0ce9b2a8215501928f	fc4cfaa45d446689c8492e796b4cf13ece864ea4aeab24354eed655cd4ee13d5	3711eb9f7bda90ed0a428b8c03e2082c546cc4038a4631126514942063ce12ae	95360b52e997f73d	-	Minidregg.Compiler.SemanticArtifactBundle.ArtifactBundle → List Minidregg.Compiler.SemanticArtifactBundle.DeclarationArtifact
def	Minidregg.Compiler.SemanticArtifactBundle.ArtifactBundle.manifest	9d909c91448da70aca96484ecc37f9139cb4cb79f675aef29a3099dccb54d385	5c9dffadc212dae2f4b2b729cb9d017ce32880f2f3694c85b2ae5322ef8e2f09	579d17634219524068a291366a8ffc8fb4ca4809eae9e1c5137f22599003f8f7	5a6d76f3888e025e	-	Minidregg.Compiler.SemanticArtifactBundle.ArtifactBundle → Minidregg.Compiler.SemanticManifest.Manifest
ctor	Minidregg.Compiler.SemanticArtifactBundle.ArtifactBundle.mk	174b28ab20d31d3aead272b41ca41ecf849f69e01c973b094d6c968ac3b6620f	6640896ffe57ffc87c413ad7234206fc04e111c68326bdcb5f51e65800b64267	d00fc1801ed073bdbbe26b3ed6443d901e7013551e259ccff8b16974fd15b8b5	d2917058f1d9a97f		Minidregg.Compiler.SemanticManifest.Manifest → List Minidregg.Compiler.SemanticArtifactBundle.ByteCodecProfile → List Minidregg.Compiler.SemanticArtifactBundle.WorkProfile → Minidregg.Compiler.SemanticArtifactBundle.AuthorizationArtifact → List Minidregg.Compiler.SemanticArtifactBundle.DeclarationArtifact → Minidregg.Compiler.SemanticArtifactBundle.DeclarationArtifact → Minidregg.Compiler.SemanticArtifactBundle.DeclarationArtifact → List Minidregg.Compiler.SemanticArtifactBundle.ControllerPhase → Minidregg.Compiler.SemanticArtifactBundle.ArtifactBundle
def	Minidregg.Compiler.SemanticArtifactBundle.ArtifactBundle.nativeAbiCodecs	eeb0b85acb86641b3b896ef56306b2ffc6a14dd8ac14566a9dd257d38a225be4	5fa816fed751b8433636f09e10d265381c401348fa9ff54f1602714edbdf170b	46697a9b878d4dada1201e21d0c0cb89e4052816bb437123f5b38bd660badd64	71fab08aa21efdb9	-	Minidregg.Compiler.SemanticArtifactBundle.ArtifactBundle → List Minidregg.Compiler.SemanticArtifactBundle.ByteCodecProfile
def	Minidregg.Compiler.SemanticArtifactBundle.ArtifactBundle.nativeWorkCatalog	53220ca20f91df7df255172ec5c894f8f8322f242a2e00eac819a80fa83bdd7e	3dba2a350c79588d036050417e23d64356ef7f50cfebd2d4de7c10a2b27ef5b1	ec1dc58ff69107f4702c9fca8313224d6ede0e5bc54d68ee323dbedb37988e1b	f35f84fa9c64ca59	-	Minidregg.Compiler.SemanticArtifactBundle.ArtifactBundle → List Minidregg.Compiler.SemanticArtifactBundle.WorkProfile
def	Minidregg.Compiler.SemanticArtifactBundle.ArtifactBundle.ofDeclarations	689cd00718736c161901e079c1fb25361d44b4f051d932eb1b9d2dd6eb116be4	2bdf5406eb0b6cc72052d4d2469dccccdbec342f3471b27ae2fb201bf96ce231	07ab185d8dd8da8b5df6ab24553eb698b72cfcc34cf0ab13e2840fa7b89278f4	7bc40b73002c07c1	-	Minidregg.Compiler.SemanticManifest.Manifest → List Minidregg.Compiler.SemanticArtifactBundle.ByteCodecProfile → List Minidregg.Compiler.SemanticArtifactBundle.WorkProfile → Minidregg.Theory.TypedAuthorization.Digest → Minidregg.Theory.TypedAuthorization.Digest → Minidregg.Theory.TypedAuthorization.Digest → List Minidregg.Compiler.SemanticArtifactBundle.DeclarationArtifact → Minidregg.Compiler.SemanticArtifactBundle.DeclarationArtifact → Minidregg.Compiler.SemanticArtifactBundle.DeclarationArtifact → Minidregg.Compiler.SemanticArtifactBundle.ArtifactBundle
def	Minidregg.Compiler.SemanticArtifactBundle.ArtifactBundle.phasePlan	a553ab7f2fd75dc7fe1904b380a2e72fa7dd572868d966cacd61f0c5c600c192	60b0b25a15b43b04998304824199cfc8fa1e6f20605895d860fe8ce2c0569b33	868c8c9237dbc695e52658e6e8f19d1575ed66d9e975a4056542238b1c89a648	5004ebb47c3dfa44	-	Minidregg.Compiler.SemanticArtifactBundle.ArtifactBundle → List Minidregg.Compiler.SemanticArtifactBundle.ControllerPhase
def	Minidregg.Compiler.SemanticArtifactBundle.ArtifactBundle.reactive	9eb12f0deb05b7d34b213aa312cf0a3bd8341763a727253d617f4b888f87287a	32075b13798e1f9c48b6b56fad5291d7c9d990079eaa8f7035d175dfd94eeea2	3044f7dcff38a5d46df1ef858af99dae2fe6d3ff6f50c0570bf2454250bf0fb7	e116426d72671b07	-	Minidregg.Compiler.SemanticArtifactBundle.ArtifactBundle → Minidregg.Compiler.SemanticArtifactBundle.DeclarationArtifact
inductive	Minidregg.Compiler.SemanticArtifactBundle.ArtifactBundleEncoding	f1aabc578033eb2632ad29e9e2cca721767402de73afd7d7efba98220bf7cf47	16946b93ac38405660f51e475eb5aa7d25b54f5e5677e0f6a10a4526cc071cbf	a71c6579c6b35532d698e8bbc80cdb0ce7b1164c3a5dd005077791d44f018ba3	24ad74fdf2120749		Type
def	Minidregg.Compiler.SemanticArtifactBundle.ArtifactBundleEncoding.authorization	362d4069964c6a154c090b687705a55c4066b667acd2aba673df84400cb6c8f0	ef65a50a6db070c176c993e138875c9617e8002d06131be017102a716d3f2191	1df4359c29e15088bd37f3a33dcc823dff41135be3646888f3ddc731858fbe5e	be38bc1285fb772c	-	Minidregg.Compiler.SemanticArtifactBundle.ArtifactBundleEncoding → Minidregg.Compiler.SemanticArtifactBundle.AuthorizationArtifactEncoding
def	Minidregg.Compiler.SemanticArtifactBundle.ArtifactBundleEncoding.decode	d26a80c4286c88fb902e095f0f779c8965a2644af2fc717965328d17e48634f5	3085ed2f337aab2716559c608475be87b2ee7c713d55a0dda99c4a706018607e	552a1caa08f67a76496d626245b8cfce5f0d602de80589a6d154c5790013ed08	ac22991b8a3f9c9d	-	Minidregg.Compiler.SemanticArtifactBundle.ArtifactBundleEncoding → Minidregg.Compiler.SemanticArtifactBundle.ArtifactBundle
theorem	Minidregg.Compiler.SemanticArtifactBundle.ArtifactBundleEncoding.decode_canonicalEncoding	4ca54f85ce927dd3d925abef086536b33a34c308b75df9296757b238bf523a6e	7518bf189bc81502d0312818a5c0624c9e2183d0d8d90ac0fc7f33b13bb69408	620767b059fa5b977be9f26d9aa04cb0c7e28cc005ce4ee0bdb7721f655b3e74	a3c347e2725e9544	Quot.sound,propext	∀ (bundle : Minidregg.Compiler.SemanticArtifactBundle.ArtifactBundle), bundle.canonicalEncoding.decode = bundle
def	Minidregg.Compiler.SemanticArtifactBundle.ArtifactBundleEncoding.disclosure	f937d98712ea55e7f3fe713de0bec5ff5bf3039142c99ca8703ba1193c060125	c23a72537b42ec728492752cd382c6c618303a509aca021a89213d100df968eb	e97c24e23f867ee717f2a96915d66c526198e8c0785cd49db0dbb0a3460c00f4	903a62846785741b	-	Minidregg.Compiler.SemanticArtifactBundle.ArtifactBundleEncoding → Minidregg.Compiler.SemanticArtifactBundle.DeclarationArtifactEncoding
def	Minidregg.Compiler.SemanticArtifactBundle.ArtifactBundleEncoding.effects	056ef23eebe39d529251eda07a0345d84125610c32d15acd9a2bdf505fdc49a2	7185fb429e470319c9a36a431aa44e3d20449f933eabc2811cfb03d55827f244	fb9ac666a3603d5929190fd5222b1fe3320f6e19e18042c764ff7fc8b9c38f14	85f45061020b94d9	-	Minidregg.Compiler.SemanticArtifactBundle.ArtifactBundleEncoding → List Minidregg.Compiler.SemanticArtifactBundle.DeclarationArtifactEncoding
def	Minidregg.Compiler.SemanticArtifactBundle.ArtifactBundleEncoding.manifest	ba40a5be8dcb7c7ebc75ea643331effb5dfc6cb6ddaf15bd46c59d47baa0383a	f725e7a80e85899601b38b17414da40fe528c3b1cef9994e6f492818c0525f7d	517e920623686a26d18ecdfda9c38c7004ffd2ccb3e7a1cb6f491f1c3ca7ea02	6ac2cea652a3b2ac	-	Minidregg.Compiler.SemanticArtifactBundle.ArtifactBundleEncoding → Minidregg.Compiler.SemanticManifest.ManifestEncoding
ctor	Minidregg.Compiler.SemanticArtifactBundle.ArtifactBundleEncoding.mk	044bae6be9984a23e8345f3fc59356dd6fdd0c746c68a25bd943d630b40bbe47	210021b336fa0474985e9852c6f6bc75ab06826a883b1e771844fcb6e79558d3	73cdb430dbad440f6dd47bf4ee65177e79183ca990e9be887475234ad3db6b02	fe97dd82f253d73a		Minidregg.Compiler.SemanticManifest.ManifestEncoding → List Minidregg.Compiler.SemanticArtifactBundle.ByteCodecProfile → List Minidregg.Compiler.SemanticArtifactBundle.WorkProfile → Minidregg.Compiler.SemanticArtifactBundle.AuthorizationArtifactEncoding → List Minidregg.Compiler.SemanticArtifactBundle.DeclarationArtifactEncoding → Minidregg.Compiler.SemanticArtifactBundle.DeclarationArtifactEncoding → Minidregg.Compiler.SemanticArtifactBundle.DeclarationArtifactEncoding → List Minidregg.Compiler.SemanticArtifactBundle.ControllerPhase → Minidregg.Compiler.SemanticArtifactBundle.ArtifactBundleEncoding
def	Minidregg.Compiler.SemanticArtifactBundle.ArtifactBundleEncoding.nativeAbiCodecs	50bfc9d7acdd495b7cc78198e2ca739126a8a2920375344203d1bbb6a932168a	32b73a2695beb6314f7613a3875818b9b6cbb219bf5b876d7ce1049991871762	a2643f7f9b2fdd3fe2cb36bb100346e6f87a18cccf7c2ae46e2d7d80676284ab	59c8b467d17650b1	-	Minidregg.Compiler.SemanticArtifactBundle.ArtifactBundleEncoding → List Minidregg.Compiler.SemanticArtifactBundle.ByteCodecProfile
def	Minidregg.Compiler.SemanticArtifactBundle.ArtifactBundleEncoding.nativeWorkCatalog	b69da7a1b65b36392fff5b9aefd0fb8439a0a842126b68c764c5229666c3edf5	dcc82ee437c0c008ec8433d634610d37c72b16168f736a8404c16e0f66118c00	107ab4475e1edd6390f80bc4dfd71ab99767e1bc3af7c96b7adc2769d3e09414	1cfd7a5ceef7bebe	-	Minidregg.Compiler.SemanticArtifactBundle.ArtifactBundleEncoding → List Minidregg.Compiler.SemanticArtifactBundle.WorkProfile
def	Minidregg.Compiler.SemanticArtifactBundle.ArtifactBundleEncoding.phasePlan	e77f8e80dda5ad0ac1a92a14c0c94f1958e4bfd8276bc6ce6840a349a23a8c46	b5c18da5592295f741344858376c6b946e9f2687352570b9ade66f1447a185b8	e29f2c86b49de4c0ceb2e23657dfabfe8db4783a2099714d62acb3e34a383803	1deb334bfb0e25c7	-	Minidregg.Compiler.SemanticArtifactBundle.ArtifactBundleEncoding → List Minidregg.Compiler.SemanticArtifactBundle.ControllerPhase
def	Minidregg.Compiler.SemanticArtifactBundle.ArtifactBundleEncoding.reactive	fc7123fb58242d94a943ba719c8431af5950506202f38abc381d46e5aa7373fe	c23a72537b42ec728492752cd382c6c618303a509aca021a89213d100df968eb	da4bc1261cbc2ecaf35f6de4c32c9ba4e0ab3e118eae643557144aec56f56c3c	ba54cf7e55edf6b5	-	Minidregg.Compiler.SemanticArtifactBundle.ArtifactBundleEncoding → Minidregg.Compiler.SemanticArtifactBundle.DeclarationArtifactEncoding
inductive	Minidregg.Compiler.SemanticArtifactBundle.AuthorizationArtifact	e70aa29bb7c69c2f380901c4b1fe8e29da3cc718abe4a205e7e63a846e8cb64a	16946b93ac38405660f51e475eb5aa7d25b54f5e5677e0f6a10a4526cc071cbf	46418f4ff07bfac88ad8e4a0f57670d51071ee3aee8c143dd3392883810dd904	0a14d052dda693bf		Type
def	Minidregg.Compiler.SemanticArtifactBundle.AuthorizationArtifact.canonicalEncoding	bde6e6a5a35240b3e60f1dfa9b6cd923ce9f7dcf198d1f1fcbe7bd408d67f2a9	9fcf95fd349eaa2af722611726da239b9ed142d43985bd0a14e1f13262a37ddf	3310d676d3b74be678fe1151a735f60b05d3cf99516d417e039c8d256667cc16	8a58504ce1f84f10	-	Minidregg.Compiler.SemanticArtifactBundle.AuthorizationArtifact → Minidregg.Compiler.SemanticArtifactBundle.AuthorizationArtifactEncoding
def	Minidregg.Compiler.SemanticArtifactBundle.AuthorizationArtifact.declarationCodecId	1c4b64ec1161345a7458c48eb09d01c95d830dfd71f58b80add99ec1ddbc41c4	0323fe4181466e1b8a1b1de91d4f3b8ccce8987a9abead8ae4486967d578f483	5a9282d9c44329cb38a8f81e0b1658192e533e59416c56d192a44a362f508fcf	bf01fc2cf0741aa5	-	Minidregg.Compiler.SemanticArtifactBundle.AuthorizationArtifact → Minidregg.Theory.TypedAuthorization.Digest
def	Minidregg.Compiler.SemanticArtifactBundle.AuthorizationArtifact.declarationId	0d8199d7c00c1f6890b9045bdc43b52757b20ef26da3aacd3fefb5c13ab21fa0	0323fe4181466e1b8a1b1de91d4f3b8ccce8987a9abead8ae4486967d578f483	f563a22c9adc60fb61c8a645405c7026d8c62f9fdab04d078e17102d049588cb	2c0699aa0da8dab6	-	Minidregg.Compiler.SemanticArtifactBundle.AuthorizationArtifact → Minidregg.Theory.TypedAuthorization.Digest
ctor	Minidregg.Compiler.SemanticArtifactBundle.AuthorizationArtifact.mk	b2e8eb4127cb2c982c6d381d2d8ea58349a2502ed90af34916b2363e21380064	77f7f5b005ba0c735a0d39ffb9bddd0a977ea4f0c0f1f0729731300af40125a3	e1958bae814834fae9c311bdb66e1cda69e55b0cd8cc66c36173800c61ff5beb	f86615817c38bdc3		Minidregg.Theory.TypedAuthorization.Digest → Minidregg.Theory.TypedAuthorization.Digest → Minidregg.Theory.TypedAuthorization.Digest → ℕ → List ℕ → List Minidregg.Compiler.SemanticArtifactBundle.AuthorizationModeArtifact → Minidregg.Compiler.SemanticArtifactBundle.AuthorizationArtifact
def	Minidregg.Compiler.SemanticArtifactBundle.AuthorizationArtifact.modes	5c242891a05841193f07b55677d27b6645cc2949973efe42f94be03eb097d16b	f8c49882e646e9ff7c70c0979c94528a277343d8c44fc4b342e354a9f09d1291	07a13529b9f3fb765e7e650e37f70237f3382cc6a5f50c4792bcab247b66f619	e38b5783f27b1b06	-	Minidregg.Compiler.SemanticArtifactBundle.AuthorizationArtifact → List Minidregg.Compiler.SemanticArtifactBundle.AuthorizationModeArtifact
def	Minidregg.Compiler.SemanticArtifactBundle.AuthorizationArtifact.requestCodecId	22dabe7b3cd10025a018822c60eec8ed8b3186fa7a5a2b69484c3e52d2fcf197	0323fe4181466e1b8a1b1de91d4f3b8ccce8987a9abead8ae4486967d578f483	e97b20fa1f7f284e92c1e705ed938f79fa23057440add795395d24290b031052	c24e506516831211	-	Minidregg.Compiler.SemanticArtifactBundle.AuthorizationArtifact → Minidregg.Theory.TypedAuthorization.Digest
def	Minidregg.Compiler.SemanticArtifactBundle.AuthorizationArtifact.requestFieldTags	bae95b88f4962e608a80f36e239934596a1448e5f7f97d9c75074be9eb4af299	bbc64f7b338407339ac4a83e9a28e0cb2efdecb3b382b9d10fd53fb14665697a	9abea4093fdab16fc7d2e00b430b7ca653c2e2b1f04d659aa47179befd442545	bf9fc5433abcb9c4	-	Minidregg.Compiler.SemanticArtifactBundle.AuthorizationArtifact → List ℕ
def	Minidregg.Compiler.SemanticArtifactBundle.AuthorizationArtifact.schemaVersion	ac15611763823230a16d51c2090510524a4728c2468a94f2a3eb6969ce80797d	97e5eca645d7b25fccd3c669cffcd7c7c7ffc443120b8489c40cd176dfd24f4d	abcc8ad7345b092c9e672c7be9670de18d0603e7dc01bae93c8ff9b459fa4311	9205fb3e3e36d9ab	-	Minidregg.Compiler.SemanticArtifactBundle.AuthorizationArtifact → ℕ
inductive	Minidregg.Compiler.SemanticArtifactBundle.AuthorizationArtifactEncoding	119f5aff6271a3cc831d904ce6a77c69d8f5bd424ac654cf8f1610dfbad03e69	16946b93ac38405660f51e475eb5aa7d25b54f5e5677e0f6a10a4526cc071cbf	83ebb245f999ab2df8d24325df228d20871ed45868c565b1a4486e42b397b69c	25306b39c2a64f41		Type
def	Minidregg.Compiler.SemanticArtifactBundle.AuthorizationArtifactEncoding.declarationCodecId	5736daca5c872be41b180e93ed222af913a7b25071d88d181cc58892f2925f6e	8143be35cfdd0842f529030cf3c2692c6d0ddacccba8df049b0e3c83b0f70734	cd5225357fd078932db3ddd041d0d2b7cf19252b28f647bb0abc31fa270761bb	d468f47700f41476	-	Minidregg.Compiler.SemanticArtifactBundle.AuthorizationArtifactEncoding → ℕ
def	Minidregg.Compiler.SemanticArtifactBundle.AuthorizationArtifactEncoding.declarationId	9d340740e74a4790c15a8bb37794232503204ab33601c92cd56804212aea0c34	8143be35cfdd0842f529030cf3c2692c6d0ddacccba8df049b0e3c83b0f70734	9701538bdce6c1433e06ef0e19216d5806e4f45e74aa0207b7f78da769c6f76c	a005a1e5b41adf2f	-	Minidregg.Compiler.SemanticArtifactBundle.AuthorizationArtifactEncoding → ℕ
def	Minidregg.Compiler.SemanticArtifactBundle.AuthorizationArtifactEncoding.decode	4eb069cb4a76d38b3e1d7bcbc42751910123a667b6c61d978c1dfe250c0fd6cc	29f3c4cb2eea53043bfa1db6b84159ecda59b8f4e8e320c1e92dc356673cf0a7	76d6e85eb2cd8c022f9f67e59869f5c1ffa80f4d41ecf62d3650497c369931d2	c1bc38223df554d0	-	Minidregg.Compiler.SemanticArtifactBundle.AuthorizationArtifactEncoding → Minidregg.Compiler.SemanticArtifactBundle.AuthorizationArtifact
theorem	Minidregg.Compiler.SemanticArtifactBundle.AuthorizationArtifactEncoding.decode_canonicalEncoding	452c05d03431855b1d12f5e528ce601c2de84155daa363b036a6768673a86aeb	471bc3fa6a4ece35d436811c5a61f1ec1d58da3ceb583b5e7d95fdb6f3771af6	99712974ee82f9db3828c8f422f40dcd30e18c7266b35e7bc9326938bfa3d214	cccbc7c8e5b39100	-	∀ (artifact : Minidregg.Compiler.SemanticArtifactBundle.AuthorizationArtifact), artifact.canonicalEncoding.decode = artifact
ctor	Minidregg.Compiler.SemanticArtifactBundle.AuthorizationArtifactEncoding.mk	ca92322aaf7816532133d1715ff40488ce8dc17d5af78755b921fdf6b25d8824	373072ba63ca9a9ab1762fef86c6a5c7b8f599698349dca57f4693a9092c3eaf	33af9270d5672d6450d80db7b5a780194e5c4e8b8db5a01ce1feff8a2340f84a	cc33fc4da0a59543		ℕ → ℕ → ℕ → ℕ → List ℕ → List Minidregg.Compiler.SemanticArtifactBundle.AuthorizationModeArtifact → Minidregg.Compiler.SemanticArtifactBundle.AuthorizationArtifactEncoding
def	Minidregg.Compiler.SemanticArtifactBundle.AuthorizationArtifactEncoding.modes	9b0f18e0add68c7241cbe2580497cabb41cc89753476403f7fa774d1b0c13620	ab9768322c84a4926208bdb77153241a106d722cd6d3f01f48054d3f6826a95d	54e01db6c09d635b40361c43b00aaca8b66b80ae2ea938cf016a0012a6328919	f6404314660ec8be	-	Minidregg.Compiler.SemanticArtifactBundle.AuthorizationArtifactEncoding → List Minidregg.Compiler.SemanticArtifactBundle.AuthorizationModeArtifact
def	Minidregg.Compiler.SemanticArtifactBundle.AuthorizationArtifactEncoding.requestCodecId	be2fb07a9075f38855f38557e5f20fa03dfbdc64a8e4be89fd7590fc3ac31d5a	8143be35cfdd0842f529030cf3c2692c6d0ddacccba8df049b0e3c83b0f70734	823a4d2a3fce2af878bd91b3edf3cf98e9a2a0b4ebabf433559b1aa3d5aedde5	1fe482286bdfbb4a	-	Minidregg.Compiler.SemanticArtifactBundle.AuthorizationArtifactEncoding → ℕ
def	Minidregg.Compiler.SemanticArtifactBundle.AuthorizationArtifactEncoding.requestFieldTags	020c4e791ec42d9c906ed1b89678e53edc7a9159b3d1c3f90c5b5439c08ea9fc	d5da2420cd7d2c1f38232f3f5c8304d096ce98feb2fe5be94cabfc314c2f9e3d	98b814100cef4bb72baacff6b740b440c728f94780e58723907d649344808a9a	f3d13ebc636f9d4b	-	Minidregg.Compiler.SemanticArtifactBundle.AuthorizationArtifactEncoding → List ℕ
def	Minidregg.Compiler.SemanticArtifactBundle.AuthorizationArtifactEncoding.schemaVersion	2901a78d515148d728629ced11e0c4394648a431bce458e38b7483961d17e2e7	8143be35cfdd0842f529030cf3c2692c6d0ddacccba8df049b0e3c83b0f70734	21929f7ddbc5a95867298b91ce98c2b4f49cb0845a6b43b1ee2928495cea9cfa	a427e09722bf410f	-	Minidregg.Compiler.SemanticArtifactBundle.AuthorizationArtifactEncoding → ℕ
inductive	Minidregg.Compiler.SemanticArtifactBundle.AuthorizationModeArtifact	673f7436788bfb944d7daa63f095370073c90ff283ac1e960faa1f6498a0090b	16946b93ac38405660f51e475eb5aa7d25b54f5e5677e0f6a10a4526cc071cbf	f5af0e2ed199012e54a95aa09f660e3f419ed1fbbb18028037f46cf20e6f59d3	e59936ffccd71ec0		Type
def	Minidregg.Compiler.SemanticArtifactBundle.AuthorizationModeArtifact.checkTags	db266710ebb185e08836fe8b0bcb3b8aaf2b7a708791a3ae522557701767917f	50ff67255ec61b3d02e13d24fcf9cee81d7b49812fab78a2dc881b6eba1f9474	c28bfa167ab67c2ab3a5cdfe06427389e93b2aa110ecece17d54bd961cbdb451	21271a58db04c4cc	-	Minidregg.Compiler.SemanticArtifactBundle.AuthorizationModeArtifact → List ℕ
ctor	Minidregg.Compiler.SemanticArtifactBundle.AuthorizationModeArtifact.mk	c45964c35a1f34b43a2226ec66b4c56eb27dcd36b8284933c8c1c3229b4c56b8	1e0f16aaa1406af2ba9c79b4f9ce8fcf6ca5870d072d042cbaf9018b77e76420	9ec9df084ca88732c5a4ea63f930cca9c0809a931f62bc5a9f370f47f0bf354e	67177c19aae73fa1		ℕ → List ℕ → Minidregg.Compiler.SemanticArtifactBundle.AuthorizationModeArtifact
def	Minidregg.Compiler.SemanticArtifactBundle.AuthorizationModeArtifact.modeTag	9d4630ad7aee0482d6201bb4d0f955946f26152fb7d7742c033596b1c95a7f7f	39193e44e77707d93fbf504e70da994203206136125aef4d0e3a4c592ad877d1	43bb1d02dc2d022e657f16b2dbbdacb77e347a9b65e684523158e9c7ceb5c486	1cc1431c410df0ed	-	Minidregg.Compiler.SemanticArtifactBundle.AuthorizationModeArtifact → ℕ
inductive	Minidregg.Compiler.SemanticArtifactBundle.BuildTarget	6d6d1c549076625a091a981ef19c3506d7cbdc6222ddaaa25b4afa6539af145a	16946b93ac38405660f51e475eb5aa7d25b54f5e5677e0f6a10a4526cc071cbf	896ff1e3817e153efb1b34272d037294cf3d76912e83d17c56872ee2820a3e1f	50d12cda01d152a2		Type
def	Minidregg.Compiler.SemanticArtifactBundle.BuildTarget.bundle	713efcbf22fb1fb4fa36a2295664c8aaa225131c8bdae356c0adc7dfec07f7df	1b7b6094a061374e9f6bb98b238152ffd7f0fa410aa55568a55be5c97775444e	0fc3975b109b802be8848bc78e8fdd7f46a168b7124507871c038ff76a6df1c1	563af12fab16cd0c	-	Minidregg.Compiler.SemanticArtifactBundle.BuildTarget → Minidregg.Compiler.SemanticArtifactBundle.ArtifactBundle
ctor	Minidregg.Compiler.SemanticArtifactBundle.BuildTarget.mk	9c56fd0a4a4e00687b223c73872fd854634d56f62c06de890c2f75ec19ed7bee	c08f230b5b7ebca2bd98fd28c1b0329f0ab696518393a432cf05b356032ccd11	a1a185a59e8927c9c313df61112fbafd9d07e59d65943a30c9d2f6d7b629c639	9eb88c8d268d4b9f		System.FilePath → Minidregg.Compiler.SemanticArtifactBundle.ArtifactBundle → Minidregg.Compiler.SemanticArtifactBundle.BuildTarget
def	Minidregg.Compiler.SemanticArtifactBundle.BuildTarget.path	25b80767d70987f41963611c692f070883e070ab01d1730d710cf7e021c5801e	868d7f7632429b1598c3eb6c1bc30a6f60a73aaa06a7f6c0294654c8f9c324ec	84a625be4802e7269e4546773179b0941134b11648a0255ea29c8b9841d4a1de	c7875e13e143e95a	-	Minidregg.Compiler.SemanticArtifactBundle.BuildTarget → System.FilePath
def	Minidregg.Compiler.SemanticArtifactBundle.BuildTarget.run	006b2da8f131cb3ba8feaa737ba5fdfd8a6bf5a2cc13f04b036a413ffc95e152	eeaf85fdbcbd67fe1b9ffa6155731ed2f5f463fe009d73013c14c85e697134cb	0667ef9949822f8a342c3707d8cb209e82ddbf436ea8ac8fa6ee047d4e97ed14	6f4183bbc2f406a8	Classical.choice,Quot.sound,propext	Minidregg.Compiler.SemanticArtifactBundle.BuildTarget → IO Unit
inductive	Minidregg.Compiler.SemanticArtifactBundle.ByteCodecProfile	f28843b243b191c828a089c2d88d8e1a6dfc7e5df977998eb63e079d0e1bf9c2	16946b93ac38405660f51e475eb5aa7d25b54f5e5677e0f6a10a4526cc071cbf	4c51fbfc97e336c0c037dfe3144267a7fa3db0d7ab1b037e19acd9ceef54c549	2cf90a91e354d71d		Type
def	Minidregg.Compiler.SemanticArtifactBundle.ByteCodecProfile.codecId	089fc07a86e53925d59c16d283a8a6708991a2caa01bc3bdbea66b93275e0fd5	1d78883e648caecbb713c9d99685f20e2af0741ba624b603affb5336664cec2e	766822b1b3077ca1bc48a51957a36fbf1204a1c7bd57d8244f014c75bb6f7875	06ced4d687b08741	-	Minidregg.Compiler.SemanticArtifactBundle.ByteCodecProfile → ℕ
ctor	Minidregg.Compiler.SemanticArtifactBundle.ByteCodecProfile.mk	acd9697d426f879bd9f9301a0130b40c4c72fac120782e5b3f66f3170e6efc4e	72c6b8edf393b3725c404aec8e462648d2e0886afd88f410d7bc9a611f550af8	8781685631dcf884134258c00d9ec568d5b3d854ddf10616b250d92656cf9b2e	f8eaf28ec4e583af		Minidregg.Compiler.SemanticArtifactBundle.ByteCodecRegistry → ℕ → ℕ → ℕ → Minidregg.Compiler.SemanticArtifactBundle.ByteCodecShape → Minidregg.Compiler.SemanticArtifactBundle.ByteCodecProfile
def	Minidregg.Compiler.SemanticArtifactBundle.ByteCodecProfile.registry	9ad9dea3c29b7f009bd1a4d951ec2ec4ae50d9b6e82adc86095238b0d7099743	6dbb5b01a3586f91a5fb263eca5bfcb3416ed22c5bb9c497c46861ce91b70c5f	89feddcf007b2a40cdbd29e29f89bb86fdc29a04d1a5c412173f4804b3020228	5b087d73daeab384	-	Minidregg.Compiler.SemanticArtifactBundle.ByteCodecProfile → Minidregg.Compiler.SemanticArtifactBundle.ByteCodecRegistry
def	Minidregg.Compiler.SemanticArtifactBundle.ByteCodecProfile.shape	289c8e7de7bd9f1161d4622620e4c024b5941b450fabb89456a6156df35dfcad	3f24cf4fceeec81f1b1de620f2607477fba18a85baa2d65e90c0be7b30511d5c	404f2c00d1fdc41f13ab6f161e79d8c164ea1f348e9e668d4645f0fb00e4b55e	d0171702c42d64eb	-	Minidregg.Compiler.SemanticArtifactBundle.ByteCodecProfile → Minidregg.Compiler.SemanticArtifactBundle.ByteCodecShape
def	Minidregg.Compiler.SemanticArtifactBundle.ByteCodecProfile.valueTypeId	412d6891f819f5e2bb57d1fd2d0bd042dd96f131b5708200943f2cada7ba5450	1d78883e648caecbb713c9d99685f20e2af0741ba624b603affb5336664cec2e	673beeebc757fb73dea61e3a177f9a7f3f786a07d46f10c32888fe9553661f43	2bbaab1da8535a17	-	Minidregg.Compiler.SemanticArtifactBundle.ByteCodecProfile → ℕ
def	Minidregg.Compiler.SemanticArtifactBundle.ByteCodecProfile.version	6fec25bbdeae62ecc3b17102eec82aaed7916b7d572c7a448445328656be6bbe	1d78883e648caecbb713c9d99685f20e2af0741ba624b603affb5336664cec2e	af3df7775b98992eb20522303591aab4962dc3bdaea3c25ce53ca535598c5068	fd95d2711b229c8a	-	Minidregg.Compiler.SemanticArtifactBundle.ByteCodecProfile → ℕ
inductive	Minidregg.Compiler.SemanticArtifactBundle.ByteCodecRegistry	861ac894fff7dc1f6fe8d4b090a6522b41fdc3603cb4f9f1efdd7be6dfb298e0	16946b93ac38405660f51e475eb5aa7d25b54f5e5677e0f6a10a4526cc071cbf	51a17ae9cff8f2e55fb047b7373ed613a981f36842bb255c5d1377d1581eceee	7b6edc71a8aa9daf		Type
def	Minidregg.Compiler.SemanticArtifactBundle.ByteCodecRegistry.name	9440b83ba84c5d80055e4a3eccb2b092257efdee0cbd8a31af24d25e86931a7f	71e3b960b52a025d5bb37f5b99c6d356d6a5f7b3135f27a8ceacdbf736a34b6c	aaed81857bb0c8f1df588b48745a704604a38944d61c3a1f6a61136d1bfab59d	e644f3171702248e	-	Minidregg.Compiler.SemanticArtifactBundle.ByteCodecRegistry → String
ctor	Minidregg.Compiler.SemanticArtifactBundle.ByteCodecRegistry.nativeAbi	c5908ccdd4f2085ca1913dfcc18e94057be37c70af386d1280d309d22e3ce667	990b2643924b694fc6d81cdfe1660b6ae97c90f32974d0cca31dc3938a6d3f2d	f882807dcfb915293ecd4082950e850d26abd18bf87691dc31102cb3e434d72f	f3453aed95859167		Minidregg.Compiler.SemanticArtifactBundle.ByteCodecRegistry
def	Minidregg.Compiler.SemanticArtifactBundle.ByteCodecRegistry.nativeAbi.elim	c3bad007a9e8cb6f7c7de7af5dfd3497a4b15d46cde5e46cd237bc8517648475	c4115fc6d5d958c3f7bd6485eb9b41029a3143e838d60c8e92769b3a7203876c	eb2274c263799d77adc03462383c141fd1fd7ca6321f21c511919df498b7f59a	36e6cd85524ac639	-	{motive : Minidregg.Compiler.SemanticArtifactBundle.ByteCodecRegistry → Sort u} → (t : Minidregg.Compiler.SemanticArtifactBundle.ByteCodecRegistry) → t.ctorIdx = 1 → motive Minidregg.Compiler.SemanticArtifactBundle.ByteCodecRegistry.nativeAbi → motive t
def	Minidregg.Compiler.SemanticArtifactBundle.ByteCodecRegistry.ofNat	f6658c1dbc7fcfadd1d0454fa30d6920743d6e99ecd387590cb93971027b0e49	7e56eea8d16a7ecce435cca4a9dcd866a43543fe269710cc2987137c9e3d2f86	663b6eca6cf657d4aac33a13f287fda36fe214376d8fcae6e3303f2e49a5e8c2	f5a7e1bc95261bcb	-	ℕ → Minidregg.Compiler.SemanticArtifactBundle.ByteCodecRegistry
theorem	Minidregg.Compiler.SemanticArtifactBundle.ByteCodecRegistry.ofNat_ctorIdx	090b7cffc30428237371323aba9f10d09a6c2ccba053539ffa6f450a57f4636f	e5ea1f84d9ae436a500f295587aa668acc4639a7d7e7c35d5733ae2783e8ea07	8091bb399c26814e1a29b65952ab3f7fb5c687d138df28b3032aceee3391f35b	f84634db8eedf870	-	∀ (x : Minidregg.Compiler.SemanticArtifactBundle.ByteCodecRegistry), Minidregg.Compiler.SemanticArtifactBundle.ByteCodecRegistry.ofNat x.ctorIdx = x
ctor	Minidregg.Compiler.SemanticArtifactBundle.ByteCodecRegistry.semanticManifest	234f2561ffac812e05995e40be76ed38413b17775aa0548a4d5d8c1cde26babb	990b2643924b694fc6d81cdfe1660b6ae97c90f32974d0cca31dc3938a6d3f2d	ff0dbf42bf1b83a986950c043dd9d94f233be95faf18cf8c78eacd4fc84ab51e	cccb7a0c65d4f4c7		Minidregg.Compiler.SemanticArtifactBundle.ByteCodecRegistry
def	Minidregg.Compiler.SemanticArtifactBundle.ByteCodecRegistry.semanticManifest.elim	daaa6fe260090c61c70d5d0e0de37b78090e356d9eb1fd752fe4e98002647882	4f7a75210aff1a24c577520149d8eb512b1f2923454dc970164b49d58423dfe8	6d902f10045261a0946f887f0d205ae24073d1c61c6e87b6ba7ccabe49d29167	2110e798fcd7f9d9	-	{motive : Minidregg.Compiler.SemanticArtifactBundle.ByteCodecRegistry → Sort u} → (t : Minidregg.Compiler.SemanticArtifactBundle.ByteCodecRegistry) → t.ctorIdx = 0 → motive Minidregg.Compiler.SemanticArtifactBundle.ByteCodecRegistry.semanticManifest → motive t
inductive	Minidregg.Compiler.SemanticArtifactBundle.ByteCodecShape	abe3195ea98c8dbf8bf0e95c8fe79091e68e4eea5c45d5097d2187c8fafd3d33	16946b93ac38405660f51e475eb5aa7d25b54f5e5677e0f6a10a4526cc071cbf	047eefa76750bfa3deadceff7bbf4302b2e84d6e971a70752c0e41d741a7a8e9	b0a928b59cde5668		Type
ctor	Minidregg.Compiler.SemanticArtifactBundle.ByteCodecShape.babyBearAdd1DescriptorU32LE	4eede689db33509cddcb2114906274dac12ad8c0edf83a0fd08306fa0a7d851b	874652e06636833e9062aa8e25d81388851e815908cb7c0b42412166771d307e	442537954d28f5a9c2bc7c7e0092c56957bac60b97c4778c13b31e55f5d52bea	f3de63bca2d070fe		Minidregg.Compiler.SemanticArtifactBundle.ByteCodecShape
def	Minidregg.Compiler.SemanticArtifactBundle.ByteCodecShape.babyBearAdd1DescriptorU32LE.elim	bebf7a88f170893136f9f96625dfd3b2a1ef31a4198fb0caafb865c575fa8fde	4e1d4fccf1556d1e88d7b52aa0a750146cbd66a7a9c3443c9a33d040c3b11f4d	f87d7a2323dbc490e92165e3121f8232fc2f6eeaea78800b91e51532d34507b3	373e115f15cc372d	-	{motive : Minidregg.Compiler.SemanticArtifactBundle.ByteCodecShape → Sort u} → (t : Minidregg.Compiler.SemanticArtifactBundle.ByteCodecShape) → t.ctorIdx = 3 → motive Minidregg.Compiler.SemanticArtifactBundle.ByteCodecShape.babyBearAdd1DescriptorU32LE → motive t
ctor	Minidregg.Compiler.SemanticArtifactBundle.ByteCodecShape.empty	d5a0b87ab00438d4adc034d771f1b82ca77759086a40922939a764e9e2fea24f	874652e06636833e9062aa8e25d81388851e815908cb7c0b42412166771d307e	1cfa4581cfd393f73bd2e400c16e091b52c70ed30b6bfa2e11d70e9cb23b06b4	6b0319133f69cfba		Minidregg.Compiler.SemanticArtifactBundle.ByteCodecShape
def	Minidregg.Compiler.SemanticArtifactBundle.ByteCodecShape.empty.elim	c350c5a7853fade526dd2c9b7e9f753dfddc9e5e482c597be4ac8c9888391670	6637d8449c0fa93da8712ebd9433a1c7095aca2049552998c2e499a4918ad0ac	48d761ee27d3422f21ab5343d7cca265526a9d39b3ff20875a9e4c49357cb31d	5fae1587455c988a	-	{motive : Minidregg.Compiler.SemanticArtifactBundle.ByteCodecShape → Sort u} → (t : Minidregg.Compiler.SemanticArtifactBundle.ByteCodecShape) → t.ctorIdx = 2 → motive Minidregg.Compiler.SemanticArtifactBundle.ByteCodecShape.empty → motive t
ctor	Minidregg.Compiler.SemanticArtifactBundle.ByteCodecShape.evmStage0AddVarsU32LE	676af614aefd14c7a47c128c8cee93c079c6724ea0f91a879f06c365c68750d8	874652e06636833e9062aa8e25d81388851e815908cb7c0b42412166771d307e	55c9e23d3ab4a06bdab3c89001c9919851f59a05bb8fdce9154ae86c0cd46d16	9fa0fbe42b35f6e2		Minidregg.Compiler.SemanticArtifactBundle.ByteCodecShape
def	Minidregg.Compiler.SemanticArtifactBundle.ByteCodecShape.evmStage0AddVarsU32LE.elim	418241a2cde109e45bc2e17960fc3fffb93c849dc33b2e2211d3d7f0ba8a395a	2434181af57421a32387b25a7cc5b05b9a66f1073921286ffad8d11cb1b67a4a	054c49b50b53fa1789f306c47813072e4457978983c6915084bf5ded8290c672	7842741a013e4478	-	{motive : Minidregg.Compiler.SemanticArtifactBundle.ByteCodecShape → Sort u} → (t : Minidregg.Compiler.SemanticArtifactBundle.ByteCodecShape) → t.ctorIdx = 4 → motive Minidregg.Compiler.SemanticArtifactBundle.ByteCodecShape.evmStage0AddVarsU32LE → motive t
ctor	Minidregg.Compiler.SemanticArtifactBundle.ByteCodecShape.evmStage0AddWiresU32LE	a38be61cc93734c27e08033df47bda04a34c6f694851a3e30e1c22c2d6c5b9c0	874652e06636833e9062aa8e25d81388851e815908cb7c0b42412166771d307e	1e3f26d313a3de8a4e50b12dd40837608e4b7c1ffeed4e5dfed42a4212c9e845	f7d005e52c1ffacb		Minidregg.Compiler.SemanticArtifactBundle.ByteCodecShape
def	Minidregg.Compiler.SemanticArtifactBundle.ByteCodecShape.evmStage0AddWiresU32LE.elim	6a6075c8081da0a3cf6d4e0e2a73ef0b9fa4a33275e470ddc2b86becf5555de9	4a8c3569bc4ba5c01cd059fc67f49fb2d2d77dfa1c2c9b09e94a69193be85bad	2a804c8a852c0888463315e8df45b021b7c70c4f8101cf93ad582975c07506c2	9068074db397d598	-	{motive : Minidregg.Compiler.SemanticArtifactBundle.ByteCodecShape → Sort u} → (t : Minidregg.Compiler.SemanticArtifactBundle.ByteCodecShape) → t.ctorIdx = 5 → motive Minidregg.Compiler.SemanticArtifactBundle.ByteCodecShape.evmStage0AddWiresU32LE → motive t
def	Minidregg.Compiler.SemanticArtifactBundle.ByteCodecShape.name	6e32fb42bf1c8b3d6a0d0f4479e473428e977c16c5ebf1c965f3e3c48862361e	66644859358c8e70f3c24636e5002e7a16c9ed69e07992f1bc33a1d694945dd3	61b6a1f875c85ffdc41611b55b9226af83db8b3c1d3675cbe4496f94f2df5266	9256f9cc883af454	-	Minidregg.Compiler.SemanticArtifactBundle.ByteCodecShape → String
def	Minidregg.Compiler.SemanticArtifactBundle.ByteCodecShape.ofNat	69bc6f2ec8a1cacdee1249e0ee934959a0187daedd04713613d8e0f78cdb810d	d128a1b182e266acf8009329a5bcc43d1565da1e4dfe9bf58b4ffc9ff71080cc	9fd6d2810587f2bc49f79439faa1ed1b15143a4dc6fad2f867d51b0ac0064451	79a8a3ea42727f73	-	ℕ → Minidregg.Compiler.SemanticArtifactBundle.ByteCodecShape
theorem	Minidregg.Compiler.SemanticArtifactBundle.ByteCodecShape.ofNat_ctorIdx	c623ed04ad2768d84dfad9d1291b567ed91514135c5a4e65f5050b7764990789	f72894817fcd152d8b3a7e721ac79075e1be77cd25db83c350fd0c1c0ddaa9be	6a9b96ad592a582fc7d8384b2a0d395b8d22b45ff4b80f58f51841a5a995bc8b	8634aaaaaf636e75	-	∀ (x : Minidregg.Compiler.SemanticArtifactBundle.ByteCodecShape), Minidregg.Compiler.SemanticArtifactBundle.ByteCodecShape.ofNat x.ctorIdx = x
ctor	Minidregg.Compiler.SemanticArtifactBundle.ByteCodecShape.tower256CoordinateLE	511d53874abaf8676673985750f96d95bd94649b5026ba2941316b0c0842566f	874652e06636833e9062aa8e25d81388851e815908cb7c0b42412166771d307e	72c028b1e4ffed56cf2c0ccf737677180cc7e1cdcc03fb65b9d00e6066c68239	a846a5acae979266		Minidregg.Compiler.SemanticArtifactBundle.ByteCodecShape
def	Minidregg.Compiler.SemanticArtifactBundle.ByteCodecShape.tower256CoordinateLE.elim	9deb2e3d548be1247d88a0c722530137eba653d219f69fade02228b806c980b8	8dc1dea4ae4fd2e1ea338ad466db6d43d4c9fcb958c4e72c7b7e7089c23b068d	3bb9462331cd92e8361ae8066c1227aaf99182b268b4cd30cae7fb2faea2ab6b	cb0ce3bd1f0f59b9	-	{motive : Minidregg.Compiler.SemanticArtifactBundle.ByteCodecShape → Sort u} → (t : Minidregg.Compiler.SemanticArtifactBundle.ByteCodecShape) → t.ctorIdx = 1 → motive Minidregg.Compiler.SemanticArtifactBundle.ByteCodecShape.tower256CoordinateLE → motive t
ctor	Minidregg.Compiler.SemanticArtifactBundle.ByteCodecShape.tower256PairVectorsU32LE	e8d88783b5e52a16e23988f07c3fcc233f34ac3b9237dc01a28461d0ccf2266d	874652e06636833e9062aa8e25d81388851e815908cb7c0b42412166771d307e	e2de3a8a32de0611b57d2f2ebcc02ebf4215e2577d28f7596f38c2948377affb	9e3759d17a0fe15c		Minidregg.Compiler.SemanticArtifactBundle.ByteCodecShape
def	Minidregg.Compiler.SemanticArtifactBundle.ByteCodecShape.tower256PairVectorsU32LE.elim	bc8b6dd8ca1174a60b9dce9b85adde98ef3830c9418bf532893bc70fac74cee7	453ccc7a6f6c1940c05e829794c5ba5fcc463074dcaec5893a851002a546fadc	f18685e142bd17874dab71e1f44aa4062395186d809582ba0b721fb175d47cf2	120f9de452184631	-	{motive : Minidregg.Compiler.SemanticArtifactBundle.ByteCodecShape → Sort u} → (t : Minidregg.Compiler.SemanticArtifactBundle.ByteCodecShape) → t.ctorIdx = 0 → motive Minidregg.Compiler.SemanticArtifactBundle.ByteCodecShape.tower256PairVectorsU32LE → motive t
inductive	Minidregg.Compiler.SemanticArtifactBundle.ControllerPhase	636c9f53cf3d9d513a504cddf75173bbf78c30958c2dbf3517508c0633d138c1	16946b93ac38405660f51e475eb5aa7d25b54f5e5677e0f6a10a4526cc071cbf	6116657cc4a8d4f9150e533ff090e9fefc27ad8c8dbb51e916262324a2e899d7	2f310bdbc727d3d8		Type
ctor	Minidregg.Compiler.SemanticArtifactBundle.ControllerPhase.absorbCommitments	4807fc5fcca9f9fb04bb56c28b3ededa260921bf66ff59af0a195cb273e90d08	53beaefbfd3b14db8438a9a3fcb5639f98dabba3c7d7bca59742d76dc331fe46	680a85ec62d5e1db3758107c4de3d55169be9b8173b4ec0cb74facff1948f69c	0ff640cb0ec7c677		Minidregg.Compiler.SemanticArtifactBundle.ControllerPhase
def	Minidregg.Compiler.SemanticArtifactBundle.ControllerPhase.absorbCommitments.elim	cc3e603dd097f24492ed94eb1a0f0aad5b2c3207d2d51114b6ed6f925293c252	68421e99f60fd89a30e5a9552fc3d45d97b733aedfb528fa35362060ad38e4e2	b939ac2381e7e1f4d0269c998ac3eda270613f8cbec89cd19b5b7b2d68aac366	156f3e814cb5f453	-	{motive : Minidregg.Compiler.SemanticArtifactBundle.ControllerPhase → Sort u} → (t : Minidregg.Compiler.SemanticArtifactBundle.ControllerPhase) → t.ctorIdx = 7 → motive Minidregg.Compiler.SemanticArtifactBundle.ControllerPhase.absorbCommitments → motive t
ctor	Minidregg.Compiler.SemanticArtifactBundle.ControllerPhase.absorbPublic	ef594272589c47df10a57f9bc8f2fd43765fd41977675d6cc08833a3944364e4	53beaefbfd3b14db8438a9a3fcb5639f98dabba3c7d7bca59742d76dc331fe46	5093fba4a0357951e37da6b2c7168473075a2910f3a0823be858b1e1f13bc3a6	b2136e42a0b60dac		Minidregg.Compiler.SemanticArtifactBundle.ControllerPhase
def	Minidregg.Compiler.SemanticArtifactBundle.ControllerPhase.absorbPublic.elim	6407e772b36490e477b4f54213d3b3eb1f82c5e425dea85aace30cfd0043ed83	2b02e2f010a0a43ec2f5e14b7ead9356fe597b653a99f596f279fb77a1e4d917	a18721337502e75c8d01a7aaad23c764b7771f940b94dfb8ff43c102a9ab7f63	d00ecdddce1acd94	-	{motive : Minidregg.Compiler.SemanticArtifactBundle.ControllerPhase → Sort u} → (t : Minidregg.Compiler.SemanticArtifactBundle.ControllerPhase) → t.ctorIdx = 6 → motive Minidregg.Compiler.SemanticArtifactBundle.ControllerPhase.absorbPublic → motive t
ctor	Minidregg.Compiler.SemanticArtifactBundle.ControllerPhase.absorbTerminal	76b97b4f47cadfe58e846a1cb23c4a21b72b3613db8ee9a9197edc6df596a8b1	53beaefbfd3b14db8438a9a3fcb5639f98dabba3c7d7bca59742d76dc331fe46	1c2ccb788b68b5326e8cb98c1500a150087192b4d2b156135ea630761d50e77c	bf04d6b4b718dba9		Minidregg.Compiler.SemanticArtifactBundle.ControllerPhase
def	Minidregg.Compiler.SemanticArtifactBundle.ControllerPhase.absorbTerminal.elim	0e736654a3cf4f74915b14275ef89c10a91a50cd4cc8410e20ceb0b565bd2763	ce1aba830a6e82185df606b6034c42feba5af62d126e4a14a3ff6ad5fb385f83	49b178c90e5756a6b5c6b0b7b097c213ca2a6530df48d769076b2b3e934ffebf	3330b1fc9a654e84	-	{motive : Minidregg.Compiler.SemanticArtifactBundle.ControllerPhase → Sort u} → (t : Minidregg.Compiler.SemanticArtifactBundle.ControllerPhase) → t.ctorIdx = 9 → motive Minidregg.Compiler.SemanticArtifactBundle.ControllerPhase.absorbTerminal → motive t
ctor	Minidregg.Compiler.SemanticArtifactBundle.ControllerPhase.authorization	9cddc19783a63b5a8d8d7ff0c6f784cdbf045d15535afa447c75eabaa1bb58ff	53beaefbfd3b14db8438a9a3fcb5639f98dabba3c7d7bca59742d76dc331fe46	037f38fd25e84d0cb6b67b08b26c3ed78036b94f4f6d96801c089e720548ab9e	30766bc36d5bccc5		Minidregg.Compiler.SemanticArtifactBundle.ControllerPhase
def	Minidregg.Compiler.SemanticArtifactBundle.ControllerPhase.authorization.elim	1a81a48e5817c12f7ece9a5758376ce0a4e466ac0756bd696f87d4a6c002c671	09e437b3f76332f47e32134a44f23826edb21292604e0ec4d48a69893b8e8809	fae42c53a00f339aab027e2446d6847e01cb88178f7fa93ac4f597a6afafd686	e5c3a928c116da4d	-	{motive : Minidregg.Compiler.SemanticArtifactBundle.ControllerPhase → Sort u} → (t : Minidregg.Compiler.SemanticArtifactBundle.ControllerPhase) → t.ctorIdx = 2 → motive Minidregg.Compiler.SemanticArtifactBundle.ControllerPhase.authorization → motive t
ctor	Minidregg.Compiler.SemanticArtifactBundle.ControllerPhase.bindManifest	ef0e5afbe3aab06cac201911a9046f3c95b7d7531af3e22a15f0768ecf4fb33d	53beaefbfd3b14db8438a9a3fcb5639f98dabba3c7d7bca59742d76dc331fe46	b2645a1e2dffbf13811d8d7f602ff325eaf82de390bf1875b896121861170622	5f1d3ecd4f2d8701		Minidregg.Compiler.SemanticArtifactBundle.ControllerPhase
def	Minidregg.Compiler.SemanticArtifactBundle.ControllerPhase.bindManifest.elim	a1ea5437eed4935b11c35581bd548acebf83b27f82a2c5c59875d163f70cbe45	7f3bbe94e0b5394662f707afa8298adedc048b47be762420294ffa18f3d4b5ec	b7590476e04495bde14f10b8c58cace19fb7269aca55a5f2a5c3d41200f570fa	a25d6f6ef26938f1	-	{motive : Minidregg.Compiler.SemanticArtifactBundle.ControllerPhase → Sort u} → (t : Minidregg.Compiler.SemanticArtifactBundle.ControllerPhase) → t.ctorIdx = 0 → motive Minidregg.Compiler.SemanticArtifactBundle.ControllerPhase.bindManifest → motive t
ctor	Minidregg.Compiler.SemanticArtifactBundle.ControllerPhase.bindReceipt	e7e8acd1ba552713a2583b5987f1a70a481138f70b410b5d1f445424c007791b	53beaefbfd3b14db8438a9a3fcb5639f98dabba3c7d7bca59742d76dc331fe46	7c5214943b11f252454bde4624eccca319f49fd5f70066bd8b9852aed53c352c	93712e5cb34ac0d7		Minidregg.Compiler.SemanticArtifactBundle.ControllerPhase
def	Minidregg.Compiler.SemanticArtifactBundle.ControllerPhase.bindReceipt.elim	f36b9cb1727f92da8f234002383067a9307a7abb4ff3d2619a789229db7b19a0	c4feac075eacb2b4ae6605116134f8bbf0971833c3dfe90912be985b4ca78405	317a5354e3aff02a4a6ebd13dbbc7fdbdb7d00115217768ff24def41774d25bd	a53c4e2822e8506d	-	{motive : Minidregg.Compiler.SemanticArtifactBundle.ControllerPhase → Sort u} → (t : Minidregg.Compiler.SemanticArtifactBundle.ControllerPhase) → t.ctorIdx = 13 → motive Minidregg.Compiler.SemanticArtifactBundle.ControllerPhase.bindReceipt → motive t
ctor	Minidregg.Compiler.SemanticArtifactBundle.ControllerPhase.commit	57b4711072b00423a4df60f8dc9b0cb345f61bc71c3d483823bc7b372f06cac6	53beaefbfd3b14db8438a9a3fcb5639f98dabba3c7d7bca59742d76dc331fe46	fcf18af6e727c759c62c1e7110ffcb05d9cbdab359b36d378620c73faae66416	788c68176d2a8ed2		Minidregg.Compiler.SemanticArtifactBundle.ControllerPhase
def	Minidregg.Compiler.SemanticArtifactBundle.ControllerPhase.commit.elim	406f45866ceea1fbaad25e3a99bd0f87511a3f354222f1839b7e05f50341e32c	21a1bed5b9be6693defde47b210f026cc803761d04952abf2fc062406a983f4c	1c5601ad394eaa38e14f06d19bdb4aabc78eaabfe8380f22d1e235a8fb7ee47c	6abc8f1fbec78944	-	{motive : Minidregg.Compiler.SemanticArtifactBundle.ControllerPhase → Sort u} → (t : Minidregg.Compiler.SemanticArtifactBundle.ControllerPhase) → t.ctorIdx = 14 → motive Minidregg.Compiler.SemanticArtifactBundle.ControllerPhase.commit → motive t
ctor	Minidregg.Compiler.SemanticArtifactBundle.ControllerPhase.decodeAdmission	d631593189899493a5d3925f9fbebe00a5e815bd28fba5dcb5c6887bd00b99b2	53beaefbfd3b14db8438a9a3fcb5639f98dabba3c7d7bca59742d76dc331fe46	cd47360f93ca6ab9a36edc9d42797e763b382b6df7f1dc686aae4d5be114c268	d90a90563da91b1b		Minidregg.Compiler.SemanticArtifactBundle.ControllerPhase
def	Minidregg.Compiler.SemanticArtifactBundle.ControllerPhase.decodeAdmission.elim	39d396448f30fe35092a21dc653af7ca38140e91507017cdaa538f7afb9ddd88	e13c79c4e528223aa5d47fcf35b73690b7e5006cfec9f2b0f24a61e52105651f	4d78107dcfdffe748e1c97ffce6b1974d26f03842b1fb2c603e26757ef26e547	ef4afd88ff7f8620	-	{motive : Minidregg.Compiler.SemanticArtifactBundle.ControllerPhase → Sort u} → (t : Minidregg.Compiler.SemanticArtifactBundle.ControllerPhase) → t.ctorIdx = 1 → motive Minidregg.Compiler.SemanticArtifactBundle.ControllerPhase.decodeAdmission → motive t
ctor	Minidregg.Compiler.SemanticArtifactBundle.ControllerPhase.deriveQueries	cd8d4ac8eb61acc717853743dd96760d866395cc290f88ceb6fb30a22b05cf43	53beaefbfd3b14db8438a9a3fcb5639f98dabba3c7d7bca59742d76dc331fe46	de85a62c0902ae8b11a55c67296df6d07cae5b235c9d89cb0fad251079b4e476	c950c510c3e2d377		Minidregg.Compiler.SemanticArtifactBundle.ControllerPhase
def	Minidregg.Compiler.SemanticArtifactBundle.ControllerPhase.deriveQueries.elim	ac4ad4fb319146922f3efa8e693cdc95a34c86f3144ab606467a7fc017e195e3	5cdff68bfedcdf2c9511ee31304451b2776c6b4f8db78271ff3dd26f80f0d58d	2d7a13f6d7da1d596de7df4dbf53417a981cb7ba475f8a4a21294932cfa489df	1eed3958ed7bbf5d	-	{motive : Minidregg.Compiler.SemanticArtifactBundle.ControllerPhase → Sort u} → (t : Minidregg.Compiler.SemanticArtifactBundle.ControllerPhase) → t.ctorIdx = 10 → motive Minidregg.Compiler.SemanticArtifactBundle.ControllerPhase.deriveQueries → motive t
ctor	Minidregg.Compiler.SemanticArtifactBundle.ControllerPhase.disclosure	14ca9d32b5e10da00996fe18944ea2692e7c1b25ef40928881488643ecfe2f9a	53beaefbfd3b14db8438a9a3fcb5639f98dabba3c7d7bca59742d76dc331fe46	c753cd9bf9dd65b6c94edd5e798d89c1848a861ac226f11eddbf879426ffd0e3	34541e36dbd230ec		Minidregg.Compiler.SemanticArtifactBundle.ControllerPhase
def	Minidregg.Compiler.SemanticArtifactBundle.ControllerPhase.disclosure.elim	4a50a6bb1fcbf91c317afe09b50d0af7403c2bdb7c18b0a200e3bf7fe4e393b2	071e23b8d013a1b9e61e3fa3f40e6ba5d76ccadcc1a91f9826d43e65465b58fa	32af021cd9d6b6b57b5fdc8fe9e0248f0243e029ec288b54bf2dcfdd600afefe	a1b5da332c3fdd7f	-	{motive : Minidregg.Compiler.SemanticArtifactBundle.ControllerPhase → Sort u} → (t : Minidregg.Compiler.SemanticArtifactBundle.ControllerPhase) → t.ctorIdx = 5 → motive Minidregg.Compiler.SemanticArtifactBundle.ControllerPhase.disclosure → motive t
ctor	Minidregg.Compiler.SemanticArtifactBundle.ControllerPhase.effects	7dc70c9a92f038bc6f1e74ba41182d7a45781826ac7d305d05fefdd4d6e63faf	53beaefbfd3b14db8438a9a3fcb5639f98dabba3c7d7bca59742d76dc331fe46	442e94bd755637e4282080691730caa42a10c39b2fe41adb3031e4e6f9966d5e	cdcafa84d67ac570		Minidregg.Compiler.SemanticArtifactBundle.ControllerPhase
def	Minidregg.Compiler.SemanticArtifactBundle.ControllerPhase.effects.elim	4ac71d1e86c0c6fad051e1faf1b9e7e0f8d64d5c84a51dcc4ea6c8947d2d6a3b	aaf1d0a15aa7990d2f25ef122144c44a88f2e2b74757bd5d35aebd57c6e904ff	9f7328cd30d571729494166c5f5203f820926f413f735a6332c003050d9dab88	8dbf3c0c035a99e5	-	{motive : Minidregg.Compiler.SemanticArtifactBundle.ControllerPhase → Sort u} → (t : Minidregg.Compiler.SemanticArtifactBundle.ControllerPhase) → t.ctorIdx = 3 → motive Minidregg.Compiler.SemanticArtifactBundle.ControllerPhase.effects → motive t
def	Minidregg.Compiler.SemanticArtifactBundle.ControllerPhase.name	e322b83f4a1c1e7d261b492b9580d3af948bf8327572c44fb598e8be17038fb9	ccb7bdf868d7bcc9761b9a04a9e8a72410a6729d08b9d3b38dbdc7d3a92baef8	c3123a322372a7ef47b27091d26a41f020af6bbad7273b6135100c0db634ade5	9ca1d88b96bc649f	-	Minidregg.Compiler.SemanticArtifactBundle.ControllerPhase → String
def	Minidregg.Compiler.SemanticArtifactBundle.ControllerPhase.ofNat	11102ee7c2ea8e385e93a8af1eb1e0c8e802f06c60c3d457000f2da6d257ae2a	2f1e0fe35a6700690ce7a480dd4d9312b8e52b71ed077c0f47fdc1a901b8d2d9	39ea6eabe8305c0c7b17fcd8f521d38a7c6e3c32d01f264ebf9cde65960d6579	df96fe82fb294a7a	-	ℕ → Minidregg.Compiler.SemanticArtifactBundle.ControllerPhase
theorem	Minidregg.Compiler.SemanticArtifactBundle.ControllerPhase.ofNat_ctorIdx	5ef878413d5ea63883e80df6b73cac0116f53d2798a6faddabeda58f2c2a67e1	48105925fece89b64545f62df077246b8648ea0666b7b28dd88ceee40bbd9d43	501b56d7a7b632d7e2feaf4a6e02bdb04fdfe68fe3ae334262a78ceb8d2e4cad	c37ebbd423738bd7	-	∀ (x : Minidregg.Compiler.SemanticArtifactBundle.ControllerPhase), Minidregg.Compiler.SemanticArtifactBundle.ControllerPhase.ofNat x.ctorIdx = x
ctor	Minidregg.Compiler.SemanticArtifactBundle.ControllerPhase.proofRounds	d438afc148b29ab1a91a0c6c2332f3305f67c45c068088c634b880a94c2f3ea8	53beaefbfd3b14db8438a9a3fcb5639f98dabba3c7d7bca59742d76dc331fe46	5ceb8c8b0bd1273b69758e69ce45a872878eed7d70d7fefef212473a23425180	290f0d792440a7eb		Minidregg.Compiler.SemanticArtifactBundle.ControllerPhase
def	Minidregg.Compiler.SemanticArtifactBundle.ControllerPhase.proofRounds.elim	fb4dee7dbc14ebe9d1c8c8e6367a9e13d141caac71f3239b93ddb09495d9358f	88cac653636e8cf77144820fad4427a326d1b457a1fbd0f6f50bc4a340b1ddec	d6913d2229ae9268505cfc0e8f3ac7131d995335762d0d44ba8e6f910410255b	a06de5960d2bb8d6	-	{motive : Minidregg.Compiler.SemanticArtifactBundle.ControllerPhase → Sort u} → (t : Minidregg.Compiler.SemanticArtifactBundle.ControllerPhase) → t.ctorIdx = 8 → motive Minidregg.Compiler.SemanticArtifactBundle.ControllerPhase.proofRounds → motive t
ctor	Minidregg.Compiler.SemanticArtifactBundle.ControllerPhase.reactive	6f01d01d92cd5f5c4cb25140a68a0e02519757637943a29269ea74593449d737	53beaefbfd3b14db8438a9a3fcb5639f98dabba3c7d7bca59742d76dc331fe46	4c1a3b9eb0e3bbae251591a7dc1a2fec3396114e2d0928b4bac99730653f7397	00eae5906b793569		Minidregg.Compiler.SemanticArtifactBundle.ControllerPhase
def	Minidregg.Compiler.SemanticArtifactBundle.ControllerPhase.reactive.elim	25a24875c954fa2593f1155e0e15e5386b02fb17640825b7d9133c956f389a27	717722de904f521f7140e3c096e91bfd533f56ed5acb47b7ec33f5381d680209	b3ce35c0a93ddf7ddcf1f9381a35e890e974f09b0f174858caefaf6909290a2b	855ff2870e5167f2	-	{motive : Minidregg.Compiler.SemanticArtifactBundle.ControllerPhase → Sort u} → (t : Minidregg.Compiler.SemanticArtifactBundle.ControllerPhase) → t.ctorIdx = 4 → motive Minidregg.Compiler.SemanticArtifactBundle.ControllerPhase.reactive → motive t
ctor	Minidregg.Compiler.SemanticArtifactBundle.ControllerPhase.verifyDialectClauses	1d8044acffd1678a3bc4ba5486bfac734db1a7e1fb386ec7cea2796f235ba891	53beaefbfd3b14db8438a9a3fcb5639f98dabba3c7d7bca59742d76dc331fe46	408ac315bcababe1c381882fa21e6c2cab5f9397813ef721fe2d66780d37f052	e949f31e05b3aac9		Minidregg.Compiler.SemanticArtifactBundle.ControllerPhase
def	Minidregg.Compiler.SemanticArtifactBundle.ControllerPhase.verifyDialectClauses.elim	e63f30502adb4e652f097110d772171a33f5b3f90d91f703ab5e405fe8fc7b92	8e7397e87efe6f94a2efa9a4b0cb57b27f5d6aa400328c7ef4c631435701c4d3	dc8e43f9cfd8302b0a00c0d8946db7815e79ea1e0384dc6b04ee3f2a0831e92c	202437943af84e2f	-	{motive : Minidregg.Compiler.SemanticArtifactBundle.ControllerPhase → Sort u} → (t : Minidregg.Compiler.SemanticArtifactBundle.ControllerPhase) → t.ctorIdx = 12 → motive Minidregg.Compiler.SemanticArtifactBundle.ControllerPhase.verifyDialectClauses → motive t
ctor	Minidregg.Compiler.SemanticArtifactBundle.ControllerPhase.verifyOpenings	b299c124121c2772126ac52de4cd8ea545b862a3ac030b05245f49ad217f6df4	53beaefbfd3b14db8438a9a3fcb5639f98dabba3c7d7bca59742d76dc331fe46	13d3c2ca3e5838d4636b7873d54c425d8c687569fe7dec725bda7f3ca3fedffb	5b4d481e4d146bf5		Minidregg.Compiler.SemanticArtifactBundle.ControllerPhase
def	Minidregg.Compiler.SemanticArtifactBundle.ControllerPhase.verifyOpenings.elim	6a5a38690c64dad334282e2550cfb909fb56f56b9dc5bd9744268b8737d0f74a	1b6441401a7405108adcf65a637f1ad4c824c9a810f8336d03002b1f1595bad0	e773ee094a8306c44aa412361f2ecc01155b8896d874b3ea4c219d469f30a551	888a84a49d4eb82e	-	{motive : Minidregg.Compiler.SemanticArtifactBundle.ControllerPhase → Sort u} → (t : Minidregg.Compiler.SemanticArtifactBundle.ControllerPhase) → t.ctorIdx = 11 → motive Minidregg.Compiler.SemanticArtifactBundle.ControllerPhase.verifyOpenings → motive t
inductive	Minidregg.Compiler.SemanticArtifactBundle.DeclarationArtifact	9826381ca948a0ba3119166485243070baa567210d01ede300dcc0a9d45107ed	16946b93ac38405660f51e475eb5aa7d25b54f5e5677e0f6a10a4526cc071cbf	b92f9d10d535e9333dd504bb1ce6fb87db122c436232fff5b980bd3f5bde2e68	66da88036f0770dd		Type
def	Minidregg.Compiler.SemanticArtifactBundle.DeclarationArtifact.canonicalEncoding	8102b1a70b08e5db146a9b27f40ed2820d8ab976bf3f88d80e04f6bca18ad6bb	2fc5ec4e9f82518474cf53f927a0efde18c94d7ada47f62e19ca14e047d5b291	a033179ff45dc5bbc4a91faaccb46f535a29fd0ceb7972068bbc8ebc4647b54e	ab9e1529746eb6bc	-	Minidregg.Compiler.SemanticArtifactBundle.DeclarationArtifact → Minidregg.Compiler.SemanticArtifactBundle.DeclarationArtifactEncoding
def	Minidregg.Compiler.SemanticArtifactBundle.DeclarationArtifact.declarationCodecId	93e48609878ed50fbc4e30e8aef2ee8a5b302c29bad46e6321205522674e8df3	7efff05872d6f86be1fe4eab01d3b103a8fa4ee0bebcbe24efb6eca7425c6b9f	56f27485e5f33ab1c4387d2297b68c617d998927d52000dfe542c3216b206dc3	62e4d05fc30c29c0	-	Minidregg.Compiler.SemanticArtifactBundle.DeclarationArtifact → Minidregg.Theory.TypedAuthorization.Digest
def	Minidregg.Compiler.SemanticArtifactBundle.DeclarationArtifact.declarationId	bcac6b030f89058c1d9db89825287fd9ba2ef29ca700ff2fe7aa09ab5dd9d021	7efff05872d6f86be1fe4eab01d3b103a8fa4ee0bebcbe24efb6eca7425c6b9f	697202c4be3181b058dc83a8e39ea5d7e9c44702525f172a43ea66f2b6a9c9cc	f071e7ec1b7fe5b5	-	Minidregg.Compiler.SemanticArtifactBundle.DeclarationArtifact → Minidregg.Theory.TypedAuthorization.Digest
def	Minidregg.Compiler.SemanticArtifactBundle.DeclarationArtifact.declarationWords	ffd189b91f42523605f86211e6822db6086551c48f3b39f6aa8521d76183254f	fc16830852162b786c7c4f474b64108b5936decd39c7ccd653c4332fbca5e583	49ed6054417baa668670f62f771e740bf2601a8ed3d5e090c40da4bb34fd2fe0	34465d5d16c984ea	-	Minidregg.Compiler.SemanticArtifactBundle.DeclarationArtifact → List (List ℕ)
def	Minidregg.Compiler.SemanticArtifactBundle.DeclarationArtifact.inputCodecIds	a726e6a0ecdbd00953ca1e9000c67e703d712989c57fe42d0e7b2cf8d4d1a6a0	794875801f1630ebb609a9a4a1b6e938c91e38474fa3beae2671dbf9ae11aaa0	fd379dbf37c1f67d1856fecb542b638fa97867daff2008003172f9d67efe20f7	36eabcda584dd08a	-	Minidregg.Compiler.SemanticArtifactBundle.DeclarationArtifact → List Minidregg.Theory.TypedAuthorization.Digest
def	Minidregg.Compiler.SemanticArtifactBundle.DeclarationArtifact.kind	6623a9e17301fb6bf0f217c68e5a8cbbc2a178b53e5d14b96c7f91e8e1bfc01c	1ce2c8325728760e676de7bb52365d54ec8047cc81e38fef32532ccec9e0d3cb	4877cfd52f4836ebb22c1f2162e03e4d7b2e52817f74d3620e77c69f07be9bf2	dd57b9ccc20dba86	-	Minidregg.Compiler.SemanticArtifactBundle.DeclarationArtifact → Minidregg.Compiler.SemanticArtifactBundle.DeclarationKind
ctor	Minidregg.Compiler.SemanticArtifactBundle.DeclarationArtifact.mk	4fedce0ca36125850000ee246fe119588798212d966670f785e44412456ba7ab	b9ada5523fcb89c2b16cb3043e98c6ce9e9faf6e7a6258eec75a36f12462cbf8	8bb01f0eb1e4893e5f76d6937d70a96a616ffcd3a0749f9fa7f2ba0fe429e928	33c61be3b8f079e8		Minidregg.Compiler.SemanticArtifactBundle.DeclarationKind → Minidregg.Theory.TypedAuthorization.Digest → Minidregg.Theory.TypedAuthorization.Digest → ℕ → List Minidregg.Theory.TypedAuthorization.Digest → List Minidregg.Theory.TypedAuthorization.Digest → List Minidregg.Theory.TypedAuthorization.Digest → List (List ℕ) → List Minidregg.Compiler.SemanticArtifactBundle.DeclarationPhase → Minidregg.Compiler.SemanticArtifactBundle.DeclarationArtifact
def	Minidregg.Compiler.SemanticArtifactBundle.DeclarationArtifact.ofDeclaredEffect	5da52bcd569856487f67cd84529dce826d4a620b8c09a07b93f74b2383c12796	985b33d3623c7380859110e2f895cd919476b669d017137c6201fe6384307ae5	71a63fe596517cf01681d0c7f2cb516a83f19e631468d209bc0d2c2e1fed92e3	49d3d7e87f57b383	-	Minidregg.Compiler.DeclaredEffectArtifact.Artifact → Minidregg.Theory.TypedAuthorization.Digest → Minidregg.Theory.TypedAuthorization.Digest → Minidregg.Theory.TypedAuthorization.Digest → Minidregg.Theory.TypedAuthorization.Digest → List Minidregg.Theory.TypedAuthorization.Digest → Minidregg.Compiler.SemanticArtifactBundle.DeclarationArtifact
def	Minidregg.Compiler.SemanticArtifactBundle.DeclarationArtifact.ofDisclosure	cf1855d20e595cfa6876dac889430e368ce775222a12ba8103759f37cdb41182	c86e1e21298e0547ffede5a376b7de7d0fd92d7b069a2bece438ed14fb72a247	e3b3dee3aa36876bcd0a1f5a949472c499336b717fa224557356a36517918946	fca2a08f9b89cf71	-	{Observer : Type u_1} → {Policy : Type u_2} → {Recipient : Type u_3} → {Purpose : Type u_4} → {CommitmentArtifact : Type u_5} → {OutputArtifact : Type u_6} → {PrivateOutput : Type u_7} → {SourceWitness : Type u_8} → {TargetWitness : Type u_9} → {AuthorizationWitness : Type u_10} → {Release : Type u_11} → Minidregg.Theory.DisclosureDeclaration Observer Policy Recipient Purpose CommitmentArtifact OutputArtifact PrivateOutput SourceWitness TargetWitness AuthorizationWitness Release → Minidregg.Theory.TypedAuthorization.Digest → Minidregg.Theory.TypedAuthorization.Digest → Minidregg.Theory.TypedAuthorization.Digest → Minidregg.Theory.TypedAuthorization.Digest → Minidregg.Theory.TypedAuthorization.Digest → Minidregg.Theory.TypedAuthorization.Digest → Minidregg.Theory.TypedAuthorization.Digest → ℕ → List Minidregg.Theory.TypedAuthorization.Digest → Minidregg.Compiler.SemanticArtifactBundle.DeclarationArtifact
def	Minidregg.Compiler.SemanticArtifactBundle.DeclarationArtifact.ofReactive	bf52660e496e52ed9d02399c6b1e013fec776963da778c1f23dffcfb83b40741	586aabd78851fd0ca763aee411f320d7f3a72dd59bab95e2ee3ba9e91decc6d2	a99c28aff68de95d5ee90ced731e2c7279e5f7135b719b4b52975bdf106ecce0	8a17c05c7281b3c2	Quot.sound,propext	{U : Minidregg.Theory.IndexedProgram.FirstOrderUniverse} → {T : Minidregg.Theory.ReactiveController.Types} → Minidregg.Theory.ReactiveController.Declaration U T → Minidregg.Theory.TypedAuthorization.Digest → Minidregg.Theory.TypedAuthorization.Digest → Minidregg.Theory.TypedAuthorization.Digest → Minidregg.Theory.TypedAuthorization.Digest → Minidregg.Theory.TypedAuthorization.Digest → ℕ → List Minidregg.Theory.TypedAuthorization.Digest → Minidregg.Compiler.SemanticArtifactBundle.DeclarationArtifact
def	Minidregg.Compiler.SemanticArtifactBundle.DeclarationArtifact.outputCodecIds	0d760cc21b29c319d041400a09f6e31f900c6a290d92e4c16bcef99db336b164	794875801f1630ebb609a9a4a1b6e938c91e38474fa3beae2671dbf9ae11aaa0	626a44afd4e25f6c0dbd6a587b54efaaa7a09fc9f3b11553eb2f2358064fba21	9e08bb44e227e48c	-	Minidregg.Compiler.SemanticArtifactBundle.DeclarationArtifact → List Minidregg.Theory.TypedAuthorization.Digest
def	Minidregg.Compiler.SemanticArtifactBundle.DeclarationArtifact.parameterIds	01742bad000143e171b28092060a94c472303bcbdb6f97c9d8dda22e840d7319	794875801f1630ebb609a9a4a1b6e938c91e38474fa3beae2671dbf9ae11aaa0	4b7a5e7219cb219b92f8b7df24f8f6a9018b5e4bd29c75cf1ff4562be835617b	85482d6e60ece35d	-	Minidregg.Compiler.SemanticArtifactBundle.DeclarationArtifact → List Minidregg.Theory.TypedAuthorization.Digest
def	Minidregg.Compiler.SemanticArtifactBundle.DeclarationArtifact.phasePlan	f1b87090d78f74d29a163aa2b0c8cc4c03d9de5ec171936dd6db3fb1e7b264c3	17c1e535468bc7eb39d04354d181615c40d8b9818bd9ca3601112a25fce36500	d2fca9cd7bb2d2e121ddb82914dcf6049c9a450ff1785e32578c57686dde4d81	3d5cee41f8a723a7	-	Minidregg.Compiler.SemanticArtifactBundle.DeclarationArtifact → List Minidregg.Compiler.SemanticArtifactBundle.DeclarationPhase
def	Minidregg.Compiler.SemanticArtifactBundle.DeclarationArtifact.schemaVersion	3f90f6a46328e5fbda6088edbb04699af1d737fc7eb3bd1f93b30def5552a395	e0f159c8efdc39cc962b00092c91d68559613bf4a630890cdda058b8638563c9	4ad37590f63f5cbe290b5e1354004dd89e1df1d39b18ba677317169d93752793	171c0458d742bfa6	-	Minidregg.Compiler.SemanticArtifactBundle.DeclarationArtifact → ℕ
inductive	Minidregg.Compiler.SemanticArtifactBundle.DeclarationArtifactEncoding	52597b67a8c1edc665b09ccbe00c8549a3c666a9ac55c694c47842dbc990e987	16946b93ac38405660f51e475eb5aa7d25b54f5e5677e0f6a10a4526cc071cbf	b58fba87d5a4bff2a1c41f148e04b6924695afeaa480190b93ba2dc6d90e23ab	52dacf98db1b43fa		Type
def	Minidregg.Compiler.SemanticArtifactBundle.DeclarationArtifactEncoding.declarationCodecId	ddced0da698d6eee61a2eef1e87b2f49d08c07e46eae2fbad1565735be0ba912	3a1e4d55385f5c41bedcd14dbcf5f87c638a1dcf5ca5b8890598374fa88789e8	ee69c52bbba2cf0c6419174a203c5991e9523f702281ae1defda869f7e502b92	3b329f4640b06921	-	Minidregg.Compiler.SemanticArtifactBundle.DeclarationArtifactEncoding → ℕ
def	Minidregg.Compiler.SemanticArtifactBundle.DeclarationArtifactEncoding.declarationId	2cdc814a1707f8706dfb246307b93c2940a77dac48d95992c74cd0ccae049a64	3a1e4d55385f5c41bedcd14dbcf5f87c638a1dcf5ca5b8890598374fa88789e8	0f493af8e9c4e8d090d9fd24092645c4e71547fe33f62e2f9235f83c0600d689	ffe08d29d97e354a	-	Minidregg.Compiler.SemanticArtifactBundle.DeclarationArtifactEncoding → ℕ
def	Minidregg.Compiler.SemanticArtifactBundle.DeclarationArtifactEncoding.declarationWords	aec9e775dce9477fb0e5db8933143abf0cd9c61c1a33772032a6b5274ffd67b8	0d413beb357376cd74c8008983f6d890970826deac2089002555823c1c0dd6ea	973deb668d25a8b387e380177fc74db1648eadb8f3cc7c4db5a75cc10df699f9	9efaaa102a39d7a8	-	Minidregg.Compiler.SemanticArtifactBundle.DeclarationArtifactEncoding → List (List ℕ)
def	Minidregg.Compiler.SemanticArtifactBundle.DeclarationArtifactEncoding.decode	6ab208eb8c11e7c6bfff942a026b5aa1681e9b6c1fd29da1a42e91b8038316bd	5b510c27c469beb713888ed7befeb1e2e7e604d32c60a0757a34bcaba5914068	45586f1052d5a99160d1b7549c033d25ce60afa95e09dc372e88094fa7b1a175	7d8cc71b3d46e6cb	-	Minidregg.Compiler.SemanticArtifactBundle.DeclarationArtifactEncoding → Minidregg.Compiler.SemanticArtifactBundle.DeclarationArtifact
theorem	Minidregg.Compiler.SemanticArtifactBundle.DeclarationArtifactEncoding.decode_canonicalEncoding	4194750c9d052f17c303e246cc7f9721894504a160e29e5a984d04aa35a179d8	8626865e0a00dedc79684ee26033a9afc2ede3b6d60137bde37c2398bbde4f19	5fdf48aff00685f2a1be2303104abde5bcbaedfb024891d1b3f82d890c382502	3c01f889a4676695	Quot.sound,propext	∀ (artifact : Minidregg.Compiler.SemanticArtifactBundle.DeclarationArtifact), artifact.canonicalEncoding.decode = artifact
def	Minidregg.Compiler.SemanticArtifactBundle.DeclarationArtifactEncoding.inputCodecIds	f822d82044e48c31be2962be69f70ee28998d116b636330cc245dca3f75448eb	0a8ded81f66dfddc91c768e8c6239d58f87a235ea00259cc63694502aef15c22	4034718b3f20447d789445596827bdb832d2e377d412de14851c36630361a3f1	3bfd979654c87dc2	-	Minidregg.Compiler.SemanticArtifactBundle.DeclarationArtifactEncoding → List ℕ
def	Minidregg.Compiler.SemanticArtifactBundle.DeclarationArtifactEncoding.kind	f34e72a8e20f4ce8451342a44ec4abe45f48e1f4330ec258c14ba25acff7cc31	3a09bb38fc0fb6e17578c0184b2febe7afa8b2bc8ed1a36276fd586e404d89b2	447f484ed3fbacee0940824d6dc7886a45a59ed618bafbb1d8a8176de812683d	b36a444d21aed99c	-	Minidregg.Compiler.SemanticArtifactBundle.DeclarationArtifactEncoding → Minidregg.Compiler.SemanticArtifactBundle.DeclarationKind
ctor	Minidregg.Compiler.SemanticArtifactBundle.DeclarationArtifactEncoding.mk	4d62d35b3e655f5093ac37495c151b48fa67b2e6e2997baa97751ca65f326811	6ea0e0a0399225c82524b06e58c081a5f13909e1574e7d4ec91e61ad99e15035	45396b8292d51950a74c71787b2aff76a94d76af9094911218f8ba1b358585a9	7c351386b9f93c46		Minidregg.Compiler.SemanticArtifactBundle.DeclarationKind → ℕ → ℕ → ℕ → List ℕ → List ℕ → List ℕ → List (List ℕ) → List Minidregg.Compiler.SemanticArtifactBundle.DeclarationPhase → Minidregg.Compiler.SemanticArtifactBundle.DeclarationArtifactEncoding
def	Minidregg.Compiler.SemanticArtifactBundle.DeclarationArtifactEncoding.outputCodecIds	321f3e79563e1c03b306cf741bf140413d8c04be307274d4a21d0a4102224c5b	0a8ded81f66dfddc91c768e8c6239d58f87a235ea00259cc63694502aef15c22	f7e88c7610a4def22f623cbfe2a72bd43e5e0e9fcbfb72036e189f0107afe94e	aeec63d80a17a066	-	Minidregg.Compiler.SemanticArtifactBundle.DeclarationArtifactEncoding → List ℕ
def	Minidregg.Compiler.SemanticArtifactBundle.DeclarationArtifactEncoding.parameterIds	31a46b91be7801d2c4d11b52c3390b6f09123d5e3b01efecd8025bd43fb7f9f6	0a8ded81f66dfddc91c768e8c6239d58f87a235ea00259cc63694502aef15c22	beedcee4c210b9fc178f315c0f966e2dce0a60a4a3b8ee7dfaf266c3b7b33d53	efcf05566580bd33	-	Minidregg.Compiler.SemanticArtifactBundle.DeclarationArtifactEncoding → List ℕ
def	Minidregg.Compiler.SemanticArtifactBundle.DeclarationArtifactEncoding.phasePlan	c35252046cb3a41dd3edcc58a14a294693ffb02d85ff6a66f7865d1dac1b3c8a	c1239501ae0bb3c59fac13103943d7b3b3e64761b2f19bb02ebc5dd742fe22c1	5106df3d8af3350f8ec944bb033e6ebbb6d8a993360d370002b49fb7388e41ca	11365f1e931bce13	-	Minidregg.Compiler.SemanticArtifactBundle.DeclarationArtifactEncoding → List Minidregg.Compiler.SemanticArtifactBundle.DeclarationPhase
def	Minidregg.Compiler.SemanticArtifactBundle.DeclarationArtifactEncoding.schemaVersion	b03957b293f55bf4b8c1fef8afd18beef8fe137d28a3fd7b26bb7e7c49b3171f	3a1e4d55385f5c41bedcd14dbcf5f87c638a1dcf5ca5b8890598374fa88789e8	5f8541f9462684f69245032f91bafd79babeb851d1b6c034221ec4450cc835f8	559f75dc39dca78d	-	Minidregg.Compiler.SemanticArtifactBundle.DeclarationArtifactEncoding → ℕ
inductive	Minidregg.Compiler.SemanticArtifactBundle.DeclarationKind	fc537d4657cde45dd911d2f643c63c08081ed3a8aacea18d8901bc16f59a2746	16946b93ac38405660f51e475eb5aa7d25b54f5e5677e0f6a10a4526cc071cbf	8330638059463fe5b7003233e94c799a9c64114319ad445124952b5e5b2bd87b	1edd3471b46446f9		Type
ctor	Minidregg.Compiler.SemanticArtifactBundle.DeclarationKind.disclosure	fd631856b6678adf7728ec62d7fa4adc4979a60941a44feef404f28a933f1670	3c4a881f0d22d1d203963baa73fd56bf620f2f1f07f26abb005feb494669f731	8a5efc26cfcf47a9fed224cc51e43f220b7e763ea3a617b0da03fe926794e4da	d5db28a647428789		Minidregg.Compiler.SemanticArtifactBundle.DeclarationKind
def	Minidregg.Compiler.SemanticArtifactBundle.DeclarationKind.disclosure.elim	d998b1e123a5499b4cedb09ac9742f829995c35d4c0a7ec30a6233068f30d5d8	6f3426fee127e6043fee7b665949d4c8999f133c44cc269263fdbf134cdfba4c	a0cff2f10ce501c2e6a544ae09963358c3ad079b2c808a276a1cb94ece353f71	3b9422d1f6030c27	-	{motive : Minidregg.Compiler.SemanticArtifactBundle.DeclarationKind → Sort u} → (t : Minidregg.Compiler.SemanticArtifactBundle.DeclarationKind) → t.ctorIdx = 2 → motive Minidregg.Compiler.SemanticArtifactBundle.DeclarationKind.disclosure → motive t
ctor	Minidregg.Compiler.SemanticArtifactBundle.DeclarationKind.effect	b45ec08bc0b18e63c0a94216b5089065671b5d3f07bad3c0454b79ef8e686bc3	3c4a881f0d22d1d203963baa73fd56bf620f2f1f07f26abb005feb494669f731	a8e153d3a06188209fd20df7b79b465dbe13c4564a75dad18525d3337d31ceec	76f6988a027d22d1		Minidregg.Compiler.SemanticArtifactBundle.DeclarationKind
def	Minidregg.Compiler.SemanticArtifactBundle.DeclarationKind.effect.elim	8add7b0935da2739594a51ce7ac651992af503a447a1f01a5ae69057436f6f5b	54c0fd3b36d85efbbfe934fa00102746874fe0dbf03ef796df06037b0f984e8f	fd8b909947bdc2f5efe468de18ef8139cc8baae75fef2571cc13e92ef4d86f42	a6f334713c612680	-	{motive : Minidregg.Compiler.SemanticArtifactBundle.DeclarationKind → Sort u} → (t : Minidregg.Compiler.SemanticArtifactBundle.DeclarationKind) → t.ctorIdx = 0 → motive Minidregg.Compiler.SemanticArtifactBundle.DeclarationKind.effect → motive t
def	Minidregg.Compiler.SemanticArtifactBundle.DeclarationKind.name	ab9250891c9c96336da16b0877d618f0c234831844eae5bce68ca9278a84cf6c	a865a2e0cc6b433b62c6f940c23c7f1f0d08eda586c4a7b1e9744a42e1f495c0	6f418868496c4cb9f2e8471b55f08053a9e72bc945325cc307067f0ceaf03839	e9ecd78ea9358650	-	Minidregg.Compiler.SemanticArtifactBundle.DeclarationKind → String
def	Minidregg.Compiler.SemanticArtifactBundle.DeclarationKind.ofNat	99bc3d25d0fca79f893f9432d9de2ea9b2a2f2dea21b637e8d3e6c4bc7168479	43683cf5deb947a7988005fd6bd13be243dc05415061f03af2f3c60615f8b4bf	2c0fa5165e3f924ddf19a8ac8d50d23222e039b93ec117817345c5c23cb5508f	600fe22f7658b4f5	-	ℕ → Minidregg.Compiler.SemanticArtifactBundle.DeclarationKind
theorem	Minidregg.Compiler.SemanticArtifactBundle.DeclarationKind.ofNat_ctorIdx	5e12084b7686a667211781d281bd96aff1841c2b5571b0d82bf797da49791e9e	73189a8d6c0e478111f8675d5f77ff300e112b15a952c8398afe266c5aeb8920	b16e60c30b6718c919bc7df44f02eecf45f917644806a0f00533370fb5a8ddc8	e254d7dc6bdd1a01	-	∀ (x : Minidregg.Compiler.SemanticArtifactBundle.DeclarationKind), Minidregg.Compiler.SemanticArtifactBundle.DeclarationKind.ofNat x.ctorIdx = x
ctor	Minidregg.Compiler.SemanticArtifactBundle.DeclarationKind.reactive	f24a0ba37e8ebc584a749a1feb7e68f5672c20a28efef2bba3b66d6341542b02	3c4a881f0d22d1d203963baa73fd56bf620f2f1f07f26abb005feb494669f731	24360105b2c54e40e13279ea1bb32f034453011bb4ef29393506f8eec81463b3	b397120934324054		Minidregg.Compiler.SemanticArtifactBundle.DeclarationKind
def	Minidregg.Compiler.SemanticArtifactBundle.DeclarationKind.reactive.elim	7bbc53b543f225d305815978b3f9243c819260781b26d16e0c7ed01f76927e05	8d0d68693a4ecd854b0b8adfaf17748920ff1c2c8985aab830dc262cdeb25d4e	64766487a23620d8f0bf84ea66ac632577a0e2d7c33a9defd38227d451951a23	abc7abfc2d9eb051	-	{motive : Minidregg.Compiler.SemanticArtifactBundle.DeclarationKind → Sort u} → (t : Minidregg.Compiler.SemanticArtifactBundle.DeclarationKind) → t.ctorIdx = 1 → motive Minidregg.Compiler.SemanticArtifactBundle.DeclarationKind.reactive → motive t
inductive	Minidregg.Compiler.SemanticArtifactBundle.DeclarationPhase	3d21c23ea97b95a1d6059ce211f1a3e9e4e24a846317d2948becf1f0a23a6bc1	16946b93ac38405660f51e475eb5aa7d25b54f5e5677e0f6a10a4526cc071cbf	2f36d2dfe397103c10f0e8dd11731b3fffd16d0080766101dbe9bd50d93903d8	f5a3c1fb3750a81c		Type
ctor	Minidregg.Compiler.SemanticArtifactBundle.DeclarationPhase.disclosurePermission	f338ae408bf6922d2235c4f3cf0e54c625ad0dbdb5f19ceb9cc9f363236ea247	4eef18e60c992cffeb5f139696b3765abc87766ab9214dbc99dd01da41e52550	1605c4b7233dfe7a4e784244b9ce02e77c5dcf390bfa658869fbae2eb5a6e48d	fb1d2f1a2422822a		Minidregg.Compiler.SemanticArtifactBundle.DeclarationPhase
def	Minidregg.Compiler.SemanticArtifactBundle.DeclarationPhase.disclosurePermission.elim	b3fcea91480cb07a160636f426b2280463814f2d86d4d053ee7677eebce5290c	79c4a5613bfcc2d70b8b7e947aeea9bfb4f90ba93d2dd0d32c4b895b41ba64ce	b7cbc57c401f0d832dfcd24989a9035523cd247af294d19da4ddc722fe9d868b	03819eed03ea6fec	-	{motive : Minidregg.Compiler.SemanticArtifactBundle.DeclarationPhase → Sort u} → (t : Minidregg.Compiler.SemanticArtifactBundle.DeclarationPhase) → t.ctorIdx = 4 → motive Minidregg.Compiler.SemanticArtifactBundle.DeclarationPhase.disclosurePermission → motive t
ctor	Minidregg.Compiler.SemanticArtifactBundle.DeclarationPhase.disclosureSameOpening	9c4dbb9bbb4ee468bd4e105dd5320342bd1480b757c1584c381df312f6550807	4eef18e60c992cffeb5f139696b3765abc87766ab9214dbc99dd01da41e52550	671f4f2a221f3b2bc58d7c3437328c04ebba01d7b69b9a6616370157a8797005	7779bf5de9a82f89		Minidregg.Compiler.SemanticArtifactBundle.DeclarationPhase
def	Minidregg.Compiler.SemanticArtifactBundle.DeclarationPhase.disclosureSameOpening.elim	6bb5f90e5aec4a7e4c9386fd2eeb2ea461ded3e11e026d796eb6607129c58ce5	bb8eeaed169229220c297a33c823d7e9a6ae43eb78962d5c255948fd6ffd0666	8f2166d3696efff56556361820db2b702cdb5e1de3b05572af7fd12e54eeb724	9c9e66061d10e461	-	{motive : Minidregg.Compiler.SemanticArtifactBundle.DeclarationPhase → Sort u} → (t : Minidregg.Compiler.SemanticArtifactBundle.DeclarationPhase) → t.ctorIdx = 3 → motive Minidregg.Compiler.SemanticArtifactBundle.DeclarationPhase.disclosureSameOpening → motive t
ctor	Minidregg.Compiler.SemanticArtifactBundle.DeclarationPhase.effectDescriptor	26330235b3d2ed421ed0034544227ba1cbde371fe1fa41b0a4d0cc7aa658dd3a	4eef18e60c992cffeb5f139696b3765abc87766ab9214dbc99dd01da41e52550	7db61dbd9554bc7d4a6bf269428d9da7a2db71860debd7f3649bc535f8b1f65c	dd5f0e9d17652212		Minidregg.Compiler.SemanticArtifactBundle.DeclarationPhase
def	Minidregg.Compiler.SemanticArtifactBundle.DeclarationPhase.effectDescriptor.elim	874ec9bd23a930448625feb79a24846d792aff8289367410b1e85bb2e5c49f79	7ec95df04d01f9e61fb643d4e6776d4f52c930ad3b69c4a5ed32ff327dede6f2	e2ebee47601ecd038ccd6abaa5b06c0cc8e7b8bf554507f662dc601f759d190c	06384beb829691df	-	{motive : Minidregg.Compiler.SemanticArtifactBundle.DeclarationPhase → Sort u} → (t : Minidregg.Compiler.SemanticArtifactBundle.DeclarationPhase) → t.ctorIdx = 0 → motive Minidregg.Compiler.SemanticArtifactBundle.DeclarationPhase.effectDescriptor → motive t
def	Minidregg.Compiler.SemanticArtifactBundle.DeclarationPhase.name	8eb787caa3cb1e6686ce3ed5037f1f65ff9c4c597eebd32e47a7f8650407f5b9	702cc97dcead64f5452b3c1b3abcf91089efa4a496fe091475064ba0c8f41678	973f48b1773a3a02e8c6a03a9c13acee033bf314545bf4e853719b3f1ada18a0	cafadc53acb4f0a1	-	Minidregg.Compiler.SemanticArtifactBundle.DeclarationPhase → String
def	Minidregg.Compiler.SemanticArtifactBundle.DeclarationPhase.ofNat	701ad275d3356f2c277b48ee2a772260bb166bc273f950d1f8f5e11479d5332a	9afcb0ffe44aba28f6c11f3928f177c62a184b8e92b4269e964ed94be54f7cb3	908d492023fffc4de62fa63147e8e876e3c44aee66a428193e662d281dba7792	ed5fe63739e6ee29	-	ℕ → Minidregg.Compiler.SemanticArtifactBundle.DeclarationPhase
theorem	Minidregg.Compiler.SemanticArtifactBundle.DeclarationPhase.ofNat_ctorIdx	6ffc5e90a018a22257d681c51ea6329193a09ff8d5e2d9035be0ee5e2d7830ee	7e514ada0d508ce755fba34227dbb6db65148b3064fdecc62b9d8cc76b86e624	a2d65ce2ba7080955ed1d680d30a6b4bf4f0d20f41bb36d191ce64fbb51864ab	3cc2ff57a73f5158	-	∀ (x : Minidregg.Compiler.SemanticArtifactBundle.DeclarationPhase), Minidregg.Compiler.SemanticArtifactBundle.DeclarationPhase.ofNat x.ctorIdx = x
ctor	Minidregg.Compiler.SemanticArtifactBundle.DeclarationPhase.reactiveEffect	5d5a1c64b27e17d35a787b66a1459f6399ba0e660a7a11eee9bb633eee57a2b7	4eef18e60c992cffeb5f139696b3765abc87766ab9214dbc99dd01da41e52550	50fd1254871527873f0b2cb8a4c891c3ec6d1b8724507970e124a44a61bd610e	8f1ac86cee59fb95		Minidregg.Compiler.SemanticArtifactBundle.DeclarationPhase
def	Minidregg.Compiler.SemanticArtifactBundle.DeclarationPhase.reactiveEffect.elim	208e244737c45411098fc7dbb70a09e6b67941725fea7b7c4ec76a9468416414	3f07e0fd24e5ee293c2b4d18865b938582a3f99d2cd2d15f432a96324b577cb9	cb53b4386f3d5f8c8f06c1031dc308b22ac979a0a2e5357376f799d2d9732b68	c016a056b5b98a53	-	{motive : Minidregg.Compiler.SemanticArtifactBundle.DeclarationPhase → Sort u} → (t : Minidregg.Compiler.SemanticArtifactBundle.DeclarationPhase) → t.ctorIdx = 2 → motive Minidregg.Compiler.SemanticArtifactBundle.DeclarationPhase.reactiveEffect → motive t
ctor	Minidregg.Compiler.SemanticArtifactBundle.DeclarationPhase.reactiveGuard	f3221006d900a06bde6b59026f3be555b58fa305eefa130ea394fd8a142ffa19	4eef18e60c992cffeb5f139696b3765abc87766ab9214dbc99dd01da41e52550	3819001feb361dd3670dbd0c640de83cc4a29433a79749842fb044e76d87f681	4898ae117e4f0d7f		Minidregg.Compiler.SemanticArtifactBundle.DeclarationPhase
def	Minidregg.Compiler.SemanticArtifactBundle.DeclarationPhase.reactiveGuard.elim	0d988b0fa5227fd9c9fc76e69764bdc609154d862834408fe3a2aba0eb1cea90	6bb2d9fc058db1279c3439a126b0f2623b0e17200bc26eb744498f0be07e3357	1f87ff997bdec59152f2b59592cabb4976de58fc96ef38a37857b0bc4ebcd511	31af6a6c45552871	-	{motive : Minidregg.Compiler.SemanticArtifactBundle.DeclarationPhase → Sort u} → (t : Minidregg.Compiler.SemanticArtifactBundle.DeclarationPhase) → t.ctorIdx = 1 → motive Minidregg.Compiler.SemanticArtifactBundle.DeclarationPhase.reactiveGuard → motive t
inductive	Minidregg.Compiler.SemanticArtifactBundle.KernelTag	727bed8352c45c3c9b17d8bab109c2d6c8ad14ea6e8c3f62ce86d9f67b6197a6	16946b93ac38405660f51e475eb5aa7d25b54f5e5677e0f6a10a4526cc071cbf	bc149861479b0e77fbc2ad3663aa300750cbccba8e71318774d303c1e60f88be	861eedb961a06c83		Type
ctor	Minidregg.Compiler.SemanticArtifactBundle.KernelTag.babyBearAdd1ZeroWitness	3f74b99d3df6dc35c57ac21bef35f1ac284c6e77f9577becab5056729d2a3da1	6e4889eb174e63509584c8c6d25c7b7393789865fccd8f0013da0f46bf643839	7c30af7158568197b35fe573440a6cf47f31e6f9f10f0f7fa7f1eaa4aded7b0c	f79e073f609d8331		Minidregg.Compiler.SemanticArtifactBundle.KernelTag
def	Minidregg.Compiler.SemanticArtifactBundle.KernelTag.babyBearAdd1ZeroWitness.elim	84d093d9deab45cf145a26bb561620069564da07fb0c40071cb207be791d5de3	5e066bb7e70ae2981d9bf886b963be32cbdcbb8008f340a5d7c1c1651c1656f9	36cb081767499026a72d3da6bb7e7efd1b93ec03ac2e04a1c7a0e209f72d6ab6	b22d5e3aaf9bbc81	-	{motive : Minidregg.Compiler.SemanticArtifactBundle.KernelTag → Sort u} → (t : Minidregg.Compiler.SemanticArtifactBundle.KernelTag) → t.ctorIdx = 1 → motive Minidregg.Compiler.SemanticArtifactBundle.KernelTag.babyBearAdd1ZeroWitness → motive t
ctor	Minidregg.Compiler.SemanticArtifactBundle.KernelTag.evmStage0AddAux	96d2de6385c1db40112360500b23f7a2cf0d96e1d15fb5754e61fbfd2e441140	6e4889eb174e63509584c8c6d25c7b7393789865fccd8f0013da0f46bf643839	4246a5d96389150efc288107605a91ec335e50652f9bb12ff768d1a4ad604fc4	842e265770453fe3		Minidregg.Compiler.SemanticArtifactBundle.KernelTag
def	Minidregg.Compiler.SemanticArtifactBundle.KernelTag.evmStage0AddAux.elim	019cee79226a1ca8c745646a6e6c04a5ca3388e409747484ee70a12b5dacfaf8	efa1c6ab39a6b70f8f5534c781790b0bfdb737e7823f9e84902ea5bd3327385d	63d959f9570e5b9a84b63571d8b6791e9d00a0819e4a402d2170ceb5ba6d33f6	f91da8ca51897d2a	-	{motive : Minidregg.Compiler.SemanticArtifactBundle.KernelTag → Sort u} → (t : Minidregg.Compiler.SemanticArtifactBundle.KernelTag) → t.ctorIdx = 2 → motive Minidregg.Compiler.SemanticArtifactBundle.KernelTag.evmStage0AddAux → motive t
def	Minidregg.Compiler.SemanticArtifactBundle.KernelTag.name	e6e595638ce968787d133ea911763f56ef4098a6460d71b653a9f6ff54e14c76	0ffefd3848f755f8f7213eb05d5f0781ad64eee7a839cd214ec418d652443727	ff7bb9e83e7c3822d949f8c39d3b42e855a18bffa38778d00bf59401cdc88c55	b6cfe68586f5eb30	-	Minidregg.Compiler.SemanticArtifactBundle.KernelTag → String
def	Minidregg.Compiler.SemanticArtifactBundle.KernelTag.ofNat	84cc5f8fe9c4c8c671aaad29959c5fbf82d75c6a42147bdb368ffbfe279b3d08	b785b2ac780d603a75b071108d8fc1cc0e0e6d90acf3a587c4e53727830c722b	6fe4878b929c1add74ced4910416f9ec6e6effa3e44fbd123028ea80049e0cc2	c490ad2e3a3c8d13	-	ℕ → Minidregg.Compiler.SemanticArtifactBundle.KernelTag
theorem	Minidregg.Compiler.SemanticArtifactBundle.KernelTag.ofNat_ctorIdx	8dfc6b659c48f7d7e75f8f3712b8861cbded0c95dab4e882ace8cf8d20ffd33e	3122b18bd48283e75ca20e519e5416f22c28659e6cee6a3d304bb9e1cacf56da	6c5f425d62e5ee002aa41f71fe3c7a8e759aa838d351ea40dc2fbbf775d5524f	714c813f116d63d9	-	∀ (x : Minidregg.Compiler.SemanticArtifactBundle.KernelTag), Minidregg.Compiler.SemanticArtifactBundle.KernelTag.ofNat x.ctorIdx = x
ctor	Minidregg.Compiler.SemanticArtifactBundle.KernelTag.tower256DotProduct	218b33f9d47e11377229514754b6985d96a9e106c446df2e2d76cd2b2d2decf9	6e4889eb174e63509584c8c6d25c7b7393789865fccd8f0013da0f46bf643839	3f068cb63533881818df120dc2025e0836528721c5feeb21069d3b276a20856f	f4d573133af7a604		Minidregg.Compiler.SemanticArtifactBundle.KernelTag
def	Minidregg.Compiler.SemanticArtifactBundle.KernelTag.tower256DotProduct.elim	f1a8554a993efbcd98927f6f322eba984b289c37431896a97638891628da65bc	e874ad763326da9a230a4929000baa1370b97c1f53ae83b1cd9d2ad192cf498e	c9de5f4b0adad0ebc7b112df33b68a4756651877048b634ca3b3ca0d20714ec0	7a70784f5b0133ad	-	{motive : Minidregg.Compiler.SemanticArtifactBundle.KernelTag → Sort u} → (t : Minidregg.Compiler.SemanticArtifactBundle.KernelTag) → t.ctorIdx = 0 → motive Minidregg.Compiler.SemanticArtifactBundle.KernelTag.tower256DotProduct → motive t
inductive	Minidregg.Compiler.SemanticArtifactBundle.NativeCatalogWellFormed	c6b1ee79ac4414b121e567b0202b58be5663576b89510ab8aa137ea1cf174edb	757529f782f88b77da2673c5e4584b6bc3e8733b155819ccf560fdf9fdd01363	4a15738f475458a2a0041a76c4784913b9db4ca927959f4bc3395a446bb2133d	618f6d3c8a1b4035		Minidregg.Compiler.SemanticManifest.Manifest → List Minidregg.Compiler.SemanticArtifactBundle.ByteCodecProfile → List Minidregg.Compiler.SemanticArtifactBundle.WorkProfile → Prop
theorem	Minidregg.Compiler.SemanticArtifactBundle.NativeCatalogWellFormed.carriersClosed	9675e3bceb08e1528796658fd844564a061f427351905efbb648abbe304fdd26	a1a67b0ee55c95abea89c6a5d0a2b99e73a043ed791631076ee215b51eb6a2cc	81656c0a2f7bd467cbab105a0f782cf07383e6f956974f71221beedce5231c6b	31f023e760b5b420	-	∀ {manifest : Minidregg.Compiler.SemanticManifest.Manifest} {nativeAbiCodecs : List Minidregg.Compiler.SemanticArtifactBundle.ByteCodecProfile} {catalog : List Minidregg.Compiler.SemanticArtifactBundle.WorkProfile}, Minidregg.Compiler.SemanticArtifactBundle.NativeCatalogWellFormed manifest nativeAbiCodecs catalog → ∀ work ∈ catalog, ∃ carrier, manifest.lookupCarrier { value := work.carrierProfileId } = Option.some carrier
ctor	Minidregg.Compiler.SemanticArtifactBundle.NativeCatalogWellFormed.mk	8bb85cfbc470f14735dde16e41a5be601b94c4c02fbc81ce401f0fa1692e3faf	8884ac52a1439480028b21e2f03ca5371ce086f36880711e9d26d58ca7e278f0	fa322352cf11db237f7a0dfc85abcdf996d64db97f9497429a7a3f148c976b8e	0b22cfae40207541		∀ {manifest : Minidregg.Compiler.SemanticManifest.Manifest} {nativeAbiCodecs : List Minidregg.Compiler.SemanticArtifactBundle.ByteCodecProfile} {catalog : List Minidregg.Compiler.SemanticArtifactBundle.WorkProfile}, (List.map Minidregg.Compiler.SemanticArtifactBundle.WorkProfile.workId catalog).Nodup → (List.map Minidregg.Compiler.SemanticArtifactBundle.ByteCodecProfile.codecId nativeAbiCodecs).Nodup → (∀ codec ∈ nativeAbiCodecs, codec.registry = Minidregg.Compiler.SemanticArtifactBundle.ByteCodecRegistry.nativeAbi) → (∀ codec ∈ nativeAbiCodecs, manifest.lookupCodec { value := codec.codecId } = Option.none) → (∀ work ∈ catalog, ∃ carrier, manifest.lookupCarrier { value := work.carrierProfileId } = Option.some carrier) → (∀ work ∈ catalog, Minidregg.Compiler.SemanticArtifactBundle.WorkCodecClosed manifest nativeAbiCodecs work.requestCodec) → (∀ work ∈ catalog, Minidregg.Compiler.SemanticArtifactBundle.WorkCodecClosed manifest nativeAbiCodecs work.responseCodec) → Minidregg.Compiler.SemanticArtifactBundle.NativeCatalogWellFormed manifest nativeAbiCodecs catalog
theorem	Minidregg.Compiler.SemanticArtifactBundle.NativeCatalogWellFormed.nativeAbiCodecIdsUnique	a8190d9837f46a37aa1fa3586ff8293584f20e385aa4feebfc5155f198f6b829	26f6a6b7be9f0674cc073cc117a78eca00f946f0e7068a808010255db1e10b99	4ad6ed9720df75533c1f70dc040a9dade8122d3f098a9611c5f70e334f6f932e	a5efa28c65f284a8	-	∀ {manifest : Minidregg.Compiler.SemanticManifest.Manifest} {nativeAbiCodecs : List Minidregg.Compiler.SemanticArtifactBundle.ByteCodecProfile} {catalog : List Minidregg.Compiler.SemanticArtifactBundle.WorkProfile}, Minidregg.Compiler.SemanticArtifactBundle.NativeCatalogWellFormed manifest nativeAbiCodecs catalog → (List.map Minidregg.Compiler.SemanticArtifactBundle.ByteCodecProfile.codecId nativeAbiCodecs).Nodup
theorem	Minidregg.Compiler.SemanticArtifactBundle.NativeCatalogWellFormed.nativeAbiDisjointManifest	b2ef4242fa7f08193c8e3d6feb87a3835782af8a1babe97d727300d117523734	d93555876560401d9993f20599256e4b43214c1de64639a68ef64a0fd0fe1adb	89c15f7fe83427006de6826d95c08d4c3896e8134f12af3d76e22a0ced5dff19	5ef6a2726c1b387d	-	∀ {manifest : Minidregg.Compiler.SemanticManifest.Manifest} {nativeAbiCodecs : List Minidregg.Compiler.SemanticArtifactBundle.ByteCodecProfile} {catalog : List Minidregg.Compiler.SemanticArtifactBundle.WorkProfile}, Minidregg.Compiler.SemanticArtifactBundle.NativeCatalogWellFormed manifest nativeAbiCodecs catalog → ∀ codec ∈ nativeAbiCodecs, manifest.lookupCodec { value := codec.codecId } = Option.none
theorem	Minidregg.Compiler.SemanticArtifactBundle.NativeCatalogWellFormed.nativeAbiEntriesScoped	11a1ae218e0f2522fad5f6d5aebbbca0abc64c3c0c9d6d527020fb4bb9a93d18	1d009382debddc6cdf1751904c4e0e7d5854c4365c51a94a6856430c2b0347c5	ef7397500d8671f81804f33aec2cdf971b53236a889ef5c2a281ad7b0b8784a1	bf51be22ba6a17e0	-	∀ {manifest : Minidregg.Compiler.SemanticManifest.Manifest} {nativeAbiCodecs : List Minidregg.Compiler.SemanticArtifactBundle.ByteCodecProfile} {catalog : List Minidregg.Compiler.SemanticArtifactBundle.WorkProfile}, Minidregg.Compiler.SemanticArtifactBundle.NativeCatalogWellFormed manifest nativeAbiCodecs catalog → ∀ codec ∈ nativeAbiCodecs, codec.registry = Minidregg.Compiler.SemanticArtifactBundle.ByteCodecRegistry.nativeAbi
theorem	Minidregg.Compiler.SemanticArtifactBundle.NativeCatalogWellFormed.requestCodecsClosed	b5f53ae515073e2c549ffaf243e25de88f6f85bc51dcc13517be4ee44f5c980b	f30ab272901e8eae415e363a94b7a61d2d9c365892ea0fe59823f85f0b8c956e	2c36cc821828fa4cee8c046527e3f8034560cbecff7af7911fd566826c918e5c	f463e3bf29284417	-	∀ {manifest : Minidregg.Compiler.SemanticManifest.Manifest} {nativeAbiCodecs : List Minidregg.Compiler.SemanticArtifactBundle.ByteCodecProfile} {catalog : List Minidregg.Compiler.SemanticArtifactBundle.WorkProfile}, Minidregg.Compiler.SemanticArtifactBundle.NativeCatalogWellFormed manifest nativeAbiCodecs catalog → ∀ work ∈ catalog, Minidregg.Compiler.SemanticArtifactBundle.WorkCodecClosed manifest nativeAbiCodecs work.requestCodec
theorem	Minidregg.Compiler.SemanticArtifactBundle.NativeCatalogWellFormed.responseCodecsClosed	6d1fcc0831391742b92c72ade52831f1fbb410f9511e36f53ce7be7d3365cb2b	7e3be98176961b00877b7ecb8f89912bc429f0d86f614720dc3e129305ae1865	d47648bae1fbdaabc3f12e1c5ad70a87a501555c12819031c0db084a01b28913	efb791bd2cf9c7d5	-	∀ {manifest : Minidregg.Compiler.SemanticManifest.Manifest} {nativeAbiCodecs : List Minidregg.Compiler.SemanticArtifactBundle.ByteCodecProfile} {catalog : List Minidregg.Compiler.SemanticArtifactBundle.WorkProfile}, Minidregg.Compiler.SemanticArtifactBundle.NativeCatalogWellFormed manifest nativeAbiCodecs catalog → ∀ work ∈ catalog, Minidregg.Compiler.SemanticArtifactBundle.WorkCodecClosed manifest nativeAbiCodecs work.responseCodec
theorem	Minidregg.Compiler.SemanticArtifactBundle.NativeCatalogWellFormed.workIdsUnique	815f62057884a05b493b829678b1ecadde73900dd752ac2ba4976eb6faa2cc63	b1024d2ae233b5cfe45bdf63765e5a48371bb91aefec518a765448a4bb122fc4	84971ea12faf9c0c93e5cd52bd95e111f0fe896140160d15c6cd022de99d04c8	0c2519c3062a4931	-	∀ {manifest : Minidregg.Compiler.SemanticManifest.Manifest} {nativeAbiCodecs : List Minidregg.Compiler.SemanticArtifactBundle.ByteCodecProfile} {catalog : List Minidregg.Compiler.SemanticArtifactBundle.WorkProfile}, Minidregg.Compiler.SemanticArtifactBundle.NativeCatalogWellFormed manifest nativeAbiCodecs catalog → (List.map Minidregg.Compiler.SemanticArtifactBundle.WorkProfile.workId catalog).Nodup
def	Minidregg.Compiler.SemanticArtifactBundle.WorkCodecClosed	21d28c8e0780ce06a487635e9f0030d4d3cc9aaaae7034a3a40e44c538adedee	89984f6bb8332f27f3e887c7abec3c3f19fa98726d0f91498e922f905c386576	eca110d85f0497397d22f2a5b56cc1c348b73195f468e9dfecaa0846397f105a	77d998b230592b89	-	Minidregg.Compiler.SemanticManifest.Manifest → List Minidregg.Compiler.SemanticArtifactBundle.ByteCodecProfile → Minidregg.Compiler.SemanticArtifactBundle.ByteCodecProfile → Prop := fun manifest nativeAbiCodecs codec => match codec.registry with | Minidregg.Compiler.SemanticArtifactBundle.ByteCodecRegistry.semanticManifest => manifest.lookupCodec { value := codec.codecId } = Option.some { codecId := { value := codec.codecId }, valueTypeId := { value := codec.valueTypeId }, version := codec.version } | Minidregg.Compiler.SemanticArtifactBundle.ByteCodecRegistry.nativeAbi => Minidregg.Compiler.SemanticArtifactBundle.lookupNativeAbiCodec nativeAbiCodecs codec.codecId = Option.some codec
inductive	Minidregg.Compiler.SemanticArtifactBundle.WorkProfile	d624353417457f3121d6cfd9b81e638e79a0866af0d8dd5e62a9ff5d3cd14a5d	16946b93ac38405660f51e475eb5aa7d25b54f5e5677e0f6a10a4526cc071cbf	8892d76eada1f6d76ac9e4af8c635b442e2dcee009570b0dfe01bfc1fc2f41ae	1a4433bb99fbd635		Type
def	Minidregg.Compiler.SemanticArtifactBundle.WorkProfile.carrierProfileId	9896ca99e89d291b2408c4e73364cd4d50d51cea6e950e7cb353743fe87720f6	4b7e2bc670771a1daee46e0cccb91b810f3f98eac25d8eb8651f5b4bad66f553	fb8a78fd2362c22a6d5ace1f77de54ac6ec1d0ff51cbe038be1e4e1fb483cdb8	d394032a2dff7496	-	Minidregg.Compiler.SemanticArtifactBundle.WorkProfile → ℕ
def	Minidregg.Compiler.SemanticArtifactBundle.WorkProfile.kernel	09b6bce55af60287481cab5727b38e3ff5666b4104b3a1e5f3eeebca48aea10d	b59b87de7f35e8fe48927a5e1644a76c01b90c8d5a193d173978559115f1d113	ce2f8ee12c9984c94d63abe7b58125295fc51bd2311128bcc88009412e343cd3	ac9d33b4ee36debd	-	Minidregg.Compiler.SemanticArtifactBundle.WorkProfile → Minidregg.Compiler.SemanticArtifactBundle.KernelTag
ctor	Minidregg.Compiler.SemanticArtifactBundle.WorkProfile.mk	26f2f2b6bea88d8bc0cfaa6edbf99b195a83ba6e7f38ef441720c6b91e83d5bc	f8da4572a6c2d8d081842f1ba99ef09d0d7f829875fd15195a45326e9eef6920	28fa673fa073bf4aaf92612420bb407e22e95d25ca7ae5e68db0709c1ea2f293	cdc7517a000115f9		ℕ → ℕ → Minidregg.Compiler.SemanticArtifactBundle.ByteCodecProfile → Minidregg.Compiler.SemanticArtifactBundle.ByteCodecProfile → Minidregg.Compiler.SemanticArtifactBundle.KernelTag → Minidregg.Compiler.SemanticArtifactBundle.WorkProfile
def	Minidregg.Compiler.SemanticArtifactBundle.WorkProfile.requestCodec	9cdf186840e832828007b8ec4574beafada8aeb0b055c45484ea10d8f56194b1	e69c2c6f16b51833bc925bcfa57670c43e3fc54edace6bb63b07ac265882b43c	825bcbc24e79cc7548cef645af2b5beaed5ab40d25f609f2367778af65b3baa2	ab05c5d760cdc747	-	Minidregg.Compiler.SemanticArtifactBundle.WorkProfile → Minidregg.Compiler.SemanticArtifactBundle.ByteCodecProfile
def	Minidregg.Compiler.SemanticArtifactBundle.WorkProfile.responseCodec	f6c54bf5edd9ea17d735f5f2ebe207c81c42c98a522b3225575bfd980d163e11	e69c2c6f16b51833bc925bcfa57670c43e3fc54edace6bb63b07ac265882b43c	6a5f2926c9a1d7c3be6298099109dd889ab1b9b517046f6cb98ab076c64e5b33	7d89acc4742b982f	-	Minidregg.Compiler.SemanticArtifactBundle.WorkProfile → Minidregg.Compiler.SemanticArtifactBundle.ByteCodecProfile
def	Minidregg.Compiler.SemanticArtifactBundle.WorkProfile.workId	aee7b1e22adc7710f543025da7d8cee8277273b17f1c884ee680586397fb7813	4b7e2bc670771a1daee46e0cccb91b810f3f98eac25d8eb8651f5b4bad66f553	2925560c1e99847769116658d0bc713ba7f08adbded37fcd2b554113fb115842	371b7fc09cf711b8	-	Minidregg.Compiler.SemanticArtifactBundle.WorkProfile → ℕ
def	Minidregg.Compiler.SemanticArtifactBundle.artifactBundleText	2f8ed1be7e4a8234aa8b0a0c7cbeb011c38b3de44bbaec8589c9dd9ef2345e64	51c9f19177e6cc7ce660b8338dfa9a4f2ce51b4ee8a936646cbd914ad165a7c8	52139d0f79c1bc0e3cdd665260fc6c8855fabb8b9fab9b1665cd8fd44291fc9e	2faaa504e97c53f4	Classical.choice,Quot.sound,propext	Minidregg.Compiler.SemanticArtifactBundle.ArtifactBundle → String
def	Minidregg.Compiler.SemanticArtifactBundle.artifactBundleToJson	9b94c97aeeb1a0a7c3b4c6f8801b86fd35c45102bf25a9c6685949012d874e4e	0fb7c1509252dcc5c50113987bfcbe05bf28ff4c0f79b0f2aba467f7a3360933	ff8862bb5e1d88f9aae9a2fee47154a9fd7badff730dab95c42ed188625b33b0	d009d347f72bdaba	Classical.choice,Quot.sound,propext	Minidregg.Compiler.SemanticArtifactBundle.ArtifactBundle → Lean.Json
def	Minidregg.Compiler.SemanticArtifactBundle.authorizationArtifact	08f7d7ef96517735704148251de83515f6bd0d845d1868d942fab9e34c6e8180	0fa06d03ea2b58ef9ae63b03c67722973c7362bafe09ab1f9a9da22b24e2ae3a	2d54c867ec038d3a3aa80f40ea38e13445005209695040e9e4bc7b451ae31b95	b7f669283eaf6c1a	-	Minidregg.Theory.TypedAuthorization.Digest → Minidregg.Theory.TypedAuthorization.Digest → Minidregg.Theory.TypedAuthorization.Digest → Minidregg.Compiler.SemanticArtifactBundle.AuthorizationArtifact
theorem	Minidregg.Compiler.SemanticArtifactBundle.authorizationArtifact_capability_use_required	b686e546f5d5246de3ea0e424808eb9db4eb5165dd9d93c5f072f78e1e1bf36f	045217b4accde5693d9c8f6e3ffdaf2f75120d6dbc42967b096937d61a0e9b7a	d9f2de5604b1bc4f38394fa548ed1109e043c6a9f9eda6794a0930deccfc86d7	d008a6c48bb54f67	propext	∀ (declarationId declarationCodecId requestCodecId : Minidregg.Theory.TypedAuthorization.Digest), ∀ mode ∈ (Minidregg.Compiler.SemanticArtifactBundle.authorizationArtifact declarationId declarationCodecId requestCodecId).modes, mode.modeTag = Minidregg.Compiler.SemanticArtifactBundle.authorizationModeTag Minidregg.Theory.AuthorizationDeclaration.Mode.capability → Minidregg.Compiler.SemanticArtifactBundle.authorizationCheckTag Minidregg.Theory.AuthorizationDeclaration.Check.capabilityUse ∈ mode.checkTags
theorem	Minidregg.Compiler.SemanticArtifactBundle.authorizationArtifact_policy_revision_required	12c12a187994ce9f24a2734ec888746b23a7574f97fc541e918fb358777b775f	37234c5a0f377bcc6f9a0dd51caa75255ecbd09fe6a74ab02d8758a17991e4aa	b95523874d13fcdca13dcc08923dc3ff1697ce01029bbed42b7e64406820e026	bbb27e7499554b91	propext	∀ (declarationId declarationCodecId requestCodecId : Minidregg.Theory.TypedAuthorization.Digest), ∀ mode ∈ (Minidregg.Compiler.SemanticArtifactBundle.authorizationArtifact declarationId declarationCodecId requestCodecId).modes, Minidregg.Compiler.SemanticArtifactBundle.authorizationCheckTag Minidregg.Theory.AuthorizationDeclaration.Check.policyRevision ∈ mode.checkTags
theorem	Minidregg.Compiler.SemanticArtifactBundle.authorizationArtifact_schema_version	09bfad548a1b2b8ce2ff5b21caf94257536503368f53c1333c5036a0febec6fa	28b934201bb653b723443af5e2ffadcb757702dddd3eebbf90bcdc40030c4924	a0582653a3c893cd5d74e5a4d43cf2b0c6c92c228cebbc7ed29e5c0c16dcba1b	4079440148a19242	-	∀ (declarationId declarationCodecId requestCodecId : Minidregg.Theory.TypedAuthorization.Digest), (Minidregg.Compiler.SemanticArtifactBundle.authorizationArtifact declarationId declarationCodecId requestCodecId).schemaVersion = 4
def	Minidregg.Compiler.SemanticArtifactBundle.authorizationCheckTag	18cf75617da2cc850db72938565da79748f3d004d050de8381092868a4d08ee0	c34a7d421ce309ca38f2262a37a0eb585295c9528f9a1dcb621d3182c911a302	634fa9e25494cfed514a5ae36f39ece28c5978df5e64e366fcff3fb753dc9546	30b5b6d52d197a7c	-	Minidregg.Theory.AuthorizationDeclaration.Check → ℕ
theorem	Minidregg.Compiler.SemanticArtifactBundle.authorizationCheckTag_injective	c0644f0439bd3a2d02c05d0f1a5fd746bc6db38d5299efbe5f81c878a9fa37b1	6dff3609d223c3cb1fc846cf5594b77f86988f17bd1e9afae2b1ff8118397244	ed5b276c7b98f5485a370623dd5c46d814c1088c5acc08e771fe96220b40ee4e	76712fef9df7778a	propext	Function.Injective Minidregg.Compiler.SemanticArtifactBundle.authorizationCheckTag
def	Minidregg.Compiler.SemanticArtifactBundle.authorizationModeArtifact	2d9d4d633a4b1913ab124f26dd0c46f1c71a8447c8355df1999f84d5b8ce35c2	a2388e97e1e8087e0d774a5c615593c1067037a13b9fab7c8556481f868737fe	82969d6833a65071de4746e5e534c778640348938a79271b0115deeb5622e64d	78e51bbe4136b0bc	-	Minidregg.Theory.AuthorizationDeclaration.ModePlan → Minidregg.Compiler.SemanticArtifactBundle.AuthorizationModeArtifact
theorem	Minidregg.Compiler.SemanticArtifactBundle.authorizationModeArtifact_check_present_iff	2e5696627ff85811fdf8439ed117d96643344b3106fb5854d3f8037edb534b1a	f57f6c13f2fc2842683d6ac39ed366ce7f152dd8c7df6da1bf5c08b92befb304	b0c8551d953d98860a9e13da6e89e42937ab53b16a19f60d93f421e9018db9c1	9d44fb999d7ab6b4	Quot.sound,propext	∀ (plan : Minidregg.Theory.AuthorizationDeclaration.ModePlan) (check : Minidregg.Theory.AuthorizationDeclaration.Check), Minidregg.Compiler.SemanticArtifactBundle.authorizationCheckTag check ∈ (Minidregg.Compiler.SemanticArtifactBundle.authorizationModeArtifact plan).checkTags ↔ check ∈ plan.checks
def	Minidregg.Compiler.SemanticArtifactBundle.authorizationModeTag	5e1d3e8b72caa24e64b2b4cac34ea0896607366beddf1b50008eb5ee0126e04f	ab5310c93057a0715d000806b8927e5c0896a393720443319b7d6c7134344ae2	3ed82070c68d034bf20cd9e30103d6db4b4f813ae4e38a58e00cb7bf83fa607e	a4049e30aa5e1339	-	Minidregg.Theory.AuthorizationDeclaration.Mode → ℕ
def	Minidregg.Compiler.SemanticArtifactBundle.authorizationModeToJson	5898729e012fbb2f9d6f16a5b105c0920b612f5449a49e341b39363e96fbe0d5	0f7fc321193aad07fb22a6d873a3f2613cc276c16ee4d999a48fbd0ad2930461	aeff5d7f07851e6a44dc1ee6310fe8fbb58909a1ef15b4b7e639648528d0d8f9	9bb49b80edc3e350	Classical.choice,Quot.sound,propext	Minidregg.Compiler.SemanticArtifactBundle.AuthorizationModeArtifact → Lean.Json
def	Minidregg.Compiler.SemanticArtifactBundle.authorizationToJson	71557334c949918f0594047d2db6ab1f8d6d339786c9faebac7f3e690bccad34	e7411c4a43be5c75bae0beb259b67023b626a2e6820c471ab4f84bc605da229c	a85df609e57a095de09081667d712520144249193f35bd0c2056268b42a9bfa2	889bd303754ea076	Classical.choice,Quot.sound,propext	Minidregg.Compiler.SemanticArtifactBundle.AuthorizationArtifactEncoding → Lean.Json
def	Minidregg.Compiler.SemanticArtifactBundle.bridgeToJson	c8ecd99a6d7c625f389fdbbcba9d43c7f32fc7ac05392d3ddb6a9d665addf0d8	e1d50125fbb5a764bd0486356e91428de0e9484b540ef9cced690085300d8bff	965488ec3f4d2d5f251302d80c390489a71707006621ba0abcc22ecbceafca1f	b5523c10cb140be9	Classical.choice,Quot.sound,propext	Minidregg.Compiler.SemanticManifest.NamedBridgeEncoding → Lean.Json
def	Minidregg.Compiler.SemanticArtifactBundle.byteCodecProfileToJson	088f25a6d6ac9afa525d32164f0a92b49ad19a6f7888c3a42daa49bf0335d0bb	56da21fcd12b2a7675e85e7824773bfe8a70ed94304cf03ebd9c05af4eb37a31	d6f47fee0433194794d2387928469806606e1a5cf9a954be4342d982faad5842	b6a80ec4f31150c5	Classical.choice,Quot.sound,propext	Minidregg.Compiler.SemanticArtifactBundle.ByteCodecProfile → Lean.Json
def	Minidregg.Compiler.SemanticArtifactBundle.canonicalControllerPlan	b8b2920b9f65ca5ece3c8b13915bc3c1d66fdd3d220604fccadd02c7fb07b11e	59574b68398d817a5c8c2c4bae3815a53661c6679fc993e7d4747395abd408a8	03f79b25fcb173e46b6ca379daa6fd76bf13537c9aade6c2c026fdb791746f28	a1fbcf0bdf43410a	-	List Minidregg.Compiler.SemanticArtifactBundle.ControllerPhase
def	Minidregg.Compiler.SemanticArtifactBundle.canonicalPayloadToJson	d7594a2ca836ef7e2857f41b0713fba3265f611275038a6bcf442d3e981b5a06	201cc28c90cb6bb433a367faae4aa7f6e9493827cb002131ce4a3911a8417f7d	03f6754d77fddec62972e5bda323faf922409dcb216d6b03c97a552475ab199d	7512c9e4cc05a745	Classical.choice,Quot.sound,propext	Minidregg.Compiler.SemanticArtifactBundle.ArtifactBundleEncoding → Lean.Json
theorem	Minidregg.Compiler.SemanticArtifactBundle.canonicalPayloadToJson_deterministic	7b3667230112add632f94ba0cf8700d7b7396321eb07e547a879cead3bb2b34f	e762e5a793c2bc6d2f80c39690ab5e7cfeac4f4a9be49a4056ec5c47c5519dec	e84f212669311fe4b82fbbfb6f88f6d1b7fcbe22e1e27acb18877cdbf8938130	736f1d9d6b6b7ee9	Classical.choice,Quot.sound,propext	∀ {left right : Minidregg.Compiler.SemanticArtifactBundle.ArtifactBundleEncoding}, left = right → Minidregg.Compiler.SemanticArtifactBundle.canonicalPayloadToJson left = Minidregg.Compiler.SemanticArtifactBundle.canonicalPayloadToJson right
def	Minidregg.Compiler.SemanticArtifactBundle.carrierToJson	20e1bf311006bdac8c47301d3b72cb88f08279a92f7876970cdc556b2a3a8fa1	d6f11894eec6c33dc67da84174efdb908b45128881fd3dadafe1bfe2f3aae089	4c59fbd3f09e6cf627051dd5f4203329c1f8f576d77b4b0d3cda49a2f43f078b	841cf5b4b75fb268	Classical.choice,Quot.sound,propext	Minidregg.Compiler.SemanticManifest.CarrierProfileEncoding → Lean.Json
def	Minidregg.Compiler.SemanticArtifactBundle.codecPinToJson	8b8a562f318754c31f4c04e43dd7bd9d8402fe1a7c2ac2c57e988bf7c2a9f80b	f4f00952f81f767b77c413392592e67555ad800f9decc11881043b89402a1134	452710f218740d56394168294926af81800a1b594231d334dbe989204449b6c5	a9dc927287f4b6b1	Classical.choice,Quot.sound,propext	Minidregg.Compiler.SemanticManifest.CodecPinEncoding → Lean.Json
def	Minidregg.Compiler.SemanticArtifactBundle.declarationToJson	3123a6b06835098cca1af59f054d77a36f8e862ce3bd50f0e78df9877110f72c	5039102a6717570456b5d2474662c2ca416cf0249d4614e96990b08096338a38	18aeaab09258c02d4c3873215ae42fbda61fcf5dbe54392930937168ead44511	94e3ac61e8de3529	Classical.choice,Quot.sound,propext	Minidregg.Compiler.SemanticArtifactBundle.DeclarationArtifactEncoding → Lean.Json
def	Minidregg.Compiler.SemanticArtifactBundle.dialectClauseToJson	392ca8b3bae3e1e666afcb61f264ed16d5e37c237f44b7401ed420133f946f7a	cdc5a81efaab25b12a6962ae449f9d4b9a0eb322096e4a51dedfd0662e34afcc	755a6b04bcf7458238382606ef34beccf254abc01a751bf7738b947fbdce9297	6a7da377b9431ab4	Classical.choice,Quot.sound,propext	Minidregg.Compiler.SemanticManifest.DialectClauseEncoding → Lean.Json
def	Minidregg.Compiler.SemanticArtifactBundle.encodeGuardTerm	e4213a5f83f52551bea0ec4777e81fcf37e57004bbf96a977d1b513b763d4b7a	2a0bfbf5e0dfe87e4fd10a89c2d147282326eea3cb9bf2bb273071d23bc34383	4dbd7671e68120f875120f1e5a793a5b258e30b1a016af973778e4d945ebf264	4b842f92e60be1fa	-	Minidregg.Theory.ReactiveController.GuardTerm → List ℕ
def	Minidregg.Compiler.SemanticArtifactBundle.lookupNativeAbiCodec	7a69f03120f0e0e0202fc54a7acc767d602e263f4c64afc9f9bab12fbdd56150	585f4e7a0b60ad7f72502033c190114450a3286a6a93bd6c88f5a2f84d7cb6e2	245d46d5d16880c76c909be8f19b9444d585b0f73b6a45db80303c330decc137	ae227f86bd71c54f	-	List Minidregg.Compiler.SemanticArtifactBundle.ByteCodecProfile → ℕ → Option Minidregg.Compiler.SemanticArtifactBundle.ByteCodecProfile
def	Minidregg.Compiler.SemanticArtifactBundle.manifestToJson	6216d5f01474208f599adac0968bc59a39283700ed36b74e19f8f095c133af4f	971aea696158a7ebc9cf73529cb837b7a55e0b5102903b2eb8d18a09b8b6ffec	c08adac790319939a3e9a028687a371ec7406e123acfa5a6d36a5b64c1c38504	af0374c06e14dd81	Classical.choice,Quot.sound,propext	Minidregg.Compiler.SemanticManifest.ManifestEncoding → Lean.Json
def	Minidregg.Compiler.SemanticArtifactBundle.namedValueToJson	f12612243434645bcb14f3d3b4a0be3882cacab86a540a394866f5134371a92e	2e3675379fc68e1a2920dd3f67f1ea5ae96c211966ae99ac2d129eec41b92799	01885416cd009da55bb4017a83fcebd87384311da36426aef55cea0e5d118f61	0fa12c0c81f88f31	Classical.choice,Quot.sound,propext	String → ℕ → ℕ → Lean.Json
def	Minidregg.Compiler.SemanticArtifactBundle.natArray	f9288bc42f6dffad304e1a70d82d0d1f51591c7d46549e27afaa4676fae97400	dbec2feeb95df935780c632faca8892ea876068335234fac114e62404e8fe2bc	f77ec233693c27eb69eef332cdb59335e3c971975b767b17850cf54c57a8f9f0	352ec1f269bf5e5d	Classical.choice,Quot.sound,propext	List ℕ → Lean.Json
def	Minidregg.Compiler.SemanticArtifactBundle.natRows	2ea48919bd2af1f1d7b3c2c1a24e6021586f67d61838c1a7f85e4820f7a6f63e	9aeec8b4d4636ee15945fc3e04ce2e9bce1971d5338e1a53ee268b054ba19725	1479bf08ec85be97fccafa54c0867394345d499aaa3035291f948042b3294cde	dfafb0a43061c4ec	Classical.choice,Quot.sound,propext	List (List ℕ) → Lean.Json
def	Minidregg.Compiler.SemanticArtifactBundle.requestFieldTag	f5a63080632945ed15bf9ae332db50291b21d924626e73f0e4728c0bce5a8397	4075c132c9fae0303bde16f3170bdb14b10c13710cda01d3ae661bceeab18c96	8321c9507039067bdd2e706ebe7f80daae64e421773d59e0e91da1479f683066	e3e959f5653381c8	-	Minidregg.Theory.AuthorizationDeclaration.RequestField → ℕ
def	Minidregg.Compiler.SemanticArtifactBundle.workProfileToJson	9e09a8274f91e014579ad60a83b31f8d2af1d4ecef45f91f3a929a49ff73593c	94cb5c70f2b35a55e30e72751f013477fc2dc7ef3e96f3ac1849f28ec8c78d73	0a60e4479ac056a8be65b98c0caf8a514f29db30a366c355a742d4d29b3e2e8b	bc72523b0e0c8f1d	Classical.choice,Quot.sound,propext	Minidregg.Compiler.SemanticArtifactBundle.WorkProfile → Lean.Json
def	Minidregg.Compiler.SemanticArtifactBundle.writeArtifactBundleJson	0029f88a32f8ceca5dd487da98d51ee6d6477675a0d6b7bffb57cd7bef62dc4d	290615c95939546e43c1498c3654a08d907689cd36ab254ecf4e3412ad528708	38d7662548483a14e590740ed71be8c87e25fc5da03a795f74af6f887a4f96c4	b065b9c1b732c292	Classical.choice,Quot.sound,propext	System.FilePath → Minidregg.Compiler.SemanticArtifactBundle.ArtifactBundle → IO Unit
