# Kernel.CapabilityDelegationController: Objective contract manifest. Written by `scripts/check-objective-proofs.sh proofs --pin`;
# a removed or changed row needs a line in scripts/gates/objective-contract-changes.txt.
inductive	Minidregg.Kernel.CapabilityDelegationController.Accepted	e84e032ae495512f7c52e14832b2fbac0f6a83627695768cbde4b86b76474212	7f6d0e108eb08dbc887919c44830fbf74c02d3c015e3e411bbd8cbf734427421	da83ecb12bb0ffc194e920e4f4aa0c54617377f7cb17b7e1dd64b51f61a3a7e5	b01d347005fd602b		{F : Type} → [inst : Field F] → {deployment : Minidregg.Kernel.CapabilityDelegationController.Deployment} → {profile : Minidregg.Compiler.CanonicalRuntimeProfile.Profile F} → {ambient : Minidregg.Kernel.CapabilityDelegationController.Ambient} → {ground : Minidregg.Kernel.CapabilityDelegationController.Ground deployment} → {kind : Minidregg.Theory.TypedAuthorization.ResourceKind} → {command : Minidregg.Kernel.CapabilityDelegationController.Command kind} → [DecidableEq F] → Minidregg.Kernel.CapabilityDelegationController.Prepared deployment profile ambient ground command → List UInt8 → Type
def	Minidregg.Kernel.CapabilityDelegationController.Accepted.authorization	0a055a48bd7d77e6f1ae74d8d7367efd1c728422e024f335103b6d6c2d124af1	dfbe2726f248328d27b9425d4be5c35a3b0cdc6dcdcac28326b6d7f6b8ee01d4	900bad5f28120d1b77974e5d4fff6186986242aa18ee7a5916126db099e34acd	8be542234a1c2fa3	Classical.choice,Quot.sound,propext	{F : Type} → [inst : Field F] → {deployment : Minidregg.Kernel.CapabilityDelegationController.Deployment} → {profile : Minidregg.Compiler.CanonicalRuntimeProfile.Profile F} → {ambient : Minidregg.Kernel.CapabilityDelegationController.Ambient} → {ground : Minidregg.Kernel.CapabilityDelegationController.Ground deployment} → {kind : Minidregg.Theory.TypedAuthorization.ResourceKind} → {command : Minidregg.Kernel.CapabilityDelegationController.Command kind} → [inst_1 : DecidableEq F] → {prepared : Minidregg.Kernel.CapabilityDelegationController.Prepared deployment profile ambient ground command} → {envelope : List UInt8} → Minidregg.Kernel.CapabilityDelegationController.Accepted prepared envelope → Minidregg.Theory.TypedAuthorization.Authorized (Minidregg.Kernel.CapabilityDelegationController.portal prepared) (Minidregg.Compiler.ServedBasis.Ground.authority ground).authState (Minidregg.Kernel.CapabilityDelegationController.request (Minidregg.Compiler.ServedBasis.Ground.authority ground) profile.semantics ambient command)
theorem	Minidregg.Kernel.CapabilityDelegationController.Accepted.child_lineage	14fca67f3fe793cee5479773affce91e69647cffca076d44dfe7d322546238bc	5ea6d31c5404594c05e522f5a81923159918bd320782b13a6a0bc586cfeaf5a5	0a7e6f15b60f311ed6edc9ed0e9b2b0e74181a36dfa0cab00ae8fb59699b97c2	8cee57685b89efa7	Classical.choice,Quot.sound,propext	∀ {F : Type} [inst : Field F] {deployment : Minidregg.Kernel.CapabilityDelegationController.Deployment} {profile : Minidregg.Compiler.CanonicalRuntimeProfile.Profile F} {ambient : Minidregg.Kernel.CapabilityDelegationController.Ambient} {ground : Minidregg.Kernel.CapabilityDelegationController.Ground deployment} {kind : Minidregg.Theory.TypedAuthorization.ResourceKind} {command : Minidregg.Kernel.CapabilityDelegationController.Command kind} [inst_1 : DecidableEq F] {prepared : Minidregg.Kernel.CapabilityDelegationController.Prepared deployment profile ambient ground command} {envelope : List UInt8} (accepted : Minidregg.Kernel.CapabilityDelegationController.Accepted prepared envelope), Minidregg.Theory.CredentialAuthorityState.LineageValid (Minidregg.Kernel.CapabilityDelegationController.parentage (Minidregg.Compiler.ServedBasis.Ground.authority ground) command) (Minidregg.Kernel.CapabilityDelegationController.child (Minidregg.Compiler.ServedBasis.Ground.authority ground) profile.semantics ambient command prepared.parent)
def	Minidregg.Kernel.CapabilityDelegationController.Accepted.declaration	fec0e3a261f95aed9aa8917d84c1a94483230519ae9fcfc9e89f94a67e373628	3c2e13575f4515787da5f644458e38f531487d51adb4f59e322baf2a494429f8	104141fdf28da52618791bec05af37d04177e08efaec78c5c48eb6fedc7d8acf	8e70ee217285ef3b	Classical.choice,Quot.sound,propext	{F : Type} → [inst : Field F] → {deployment : Minidregg.Kernel.CapabilityDelegationController.Deployment} → {profile : Minidregg.Compiler.CanonicalRuntimeProfile.Profile F} → {ambient : Minidregg.Kernel.CapabilityDelegationController.Ambient} → {ground : Minidregg.Kernel.CapabilityDelegationController.Ground deployment} → {kind : Minidregg.Theory.TypedAuthorization.ResourceKind} → {command : Minidregg.Kernel.CapabilityDelegationController.Command kind} → [inst_1 : DecidableEq F] → {prepared : Minidregg.Kernel.CapabilityDelegationController.Prepared deployment profile ambient ground command} → {envelope : List UInt8} → Minidregg.Kernel.CapabilityDelegationController.Accepted prepared envelope → Minidregg.Kernel.MultiCellHyperedge.Declaration ((Minidregg.Kernel.CapabilityDelegationController.layout prepared).withPortals fun x => Minidregg.Kernel.CapabilityDelegationController.portal prepared)
theorem	Minidregg.Kernel.CapabilityDelegationController.Accepted.envelopeExact	603929cfc09ed1c04ee162b7372c68b979caaedf21b40313de436038e9668109	3fe65f0c26523bdf95d26f8f5120a1d905d4d0e531ba48950fc3917f4cf1baf8	8dba56201d972e682c4327a6cfa184cf9c90fb256469b5c810b037c5b5976376	065a264361d5716b	Classical.choice,Quot.sound,propext	∀ {F : Type} [inst : Field F] {deployment : Minidregg.Kernel.CapabilityDelegationController.Deployment} {profile : Minidregg.Compiler.CanonicalRuntimeProfile.Profile F} {ambient : Minidregg.Kernel.CapabilityDelegationController.Ambient} {ground : Minidregg.Kernel.CapabilityDelegationController.Ground deployment} {kind : Minidregg.Theory.TypedAuthorization.ResourceKind} {command : Minidregg.Kernel.CapabilityDelegationController.Command kind} [inst_1 : DecidableEq F] {prepared : Minidregg.Kernel.CapabilityDelegationController.Prepared deployment profile ambient ground command} {envelope : List UInt8} (self : Minidregg.Kernel.CapabilityDelegationController.Accepted prepared envelope), self.receipt.envelopeBytes = envelope
def	Minidregg.Kernel.CapabilityDelegationController.Accepted.evidence	61726a8d4112ebd90d397c147e20a2da3c644d02baac80e9336a525d06da43a6	17a64f0eb81f05ae2f903673e028fbd37313fa8d77d5118da6afb7c362656f23	0dcd9a0385834f77746697c36573f72e68489f460d27d8e12668bae0061d9d29	4b152424db003781	Classical.choice,Quot.sound,propext	{F : Type} → [inst : Field F] → {deployment : Minidregg.Kernel.CapabilityDelegationController.Deployment} → {profile : Minidregg.Compiler.CanonicalRuntimeProfile.Profile F} → {ambient : Minidregg.Kernel.CapabilityDelegationController.Ambient} → {ground : Minidregg.Kernel.CapabilityDelegationController.Ground deployment} → {kind : Minidregg.Theory.TypedAuthorization.ResourceKind} → {command : Minidregg.Kernel.CapabilityDelegationController.Command kind} → [inst_1 : DecidableEq F] → {prepared : Minidregg.Kernel.CapabilityDelegationController.Prepared deployment profile ambient ground command} → {envelope : List UInt8} → Minidregg.Kernel.CapabilityDelegationController.Accepted prepared envelope → (Minidregg.Kernel.CapabilityDelegationController.tuple prepared).AdmissionEvidence fun x => Minidregg.Kernel.CapabilityDelegationController.portal prepared
def	Minidregg.Kernel.CapabilityDelegationController.Accepted.legs	ed74b478e1ed562fdf246736fd908dfa34cd0ff025faa994475bc0f4cb737490	a12a97ecbef0d272571a15811f2f14dd723fe411b44cb67ad570874ca904bde8	6cd23d1f4d64f3f3dda54257ad4d7754bc40a819496e5e5fd36cb0e06aa01323	98b3a732e319462c	Classical.choice,Quot.sound,propext	{F : Type} → [inst : Field F] → {deployment : Minidregg.Kernel.CapabilityDelegationController.Deployment} → {profile : Minidregg.Compiler.CanonicalRuntimeProfile.Profile F} → {ambient : Minidregg.Kernel.CapabilityDelegationController.Ambient} → {ground : Minidregg.Kernel.CapabilityDelegationController.Ground deployment} → {kind : Minidregg.Theory.TypedAuthorization.ResourceKind} → {command : Minidregg.Kernel.CapabilityDelegationController.Command kind} → [inst_1 : DecidableEq F] → {prepared : Minidregg.Kernel.CapabilityDelegationController.Prepared deployment profile ambient ground command} → {envelope : List UInt8} → (accepted : Minidregg.Kernel.CapabilityDelegationController.Accepted prepared envelope) → accepted.declaration.AcceptedLegs
theorem	Minidregg.Kernel.CapabilityDelegationController.Accepted.parentNamed	ddb82a92f0da8564c239ee86d52b6c20abc6b4b44060e6566d28edc6ba22b7f6	0b15fd39d3bc3bfce27229ac30c6e3a37658dee8daac091943764d9817419ebe	c0e67aa1fcefb07c21510cae0c83543de40d78fc32a073edca9d3b5c1c5a9f2a	86f63fa7e59a1efc	Classical.choice,Quot.sound,propext	∀ {F : Type} [inst : Field F] {deployment : Minidregg.Kernel.CapabilityDelegationController.Deployment} {profile : Minidregg.Compiler.CanonicalRuntimeProfile.Profile F} {ambient : Minidregg.Kernel.CapabilityDelegationController.Ambient} {ground : Minidregg.Kernel.CapabilityDelegationController.Ground deployment} {kind : Minidregg.Theory.TypedAuthorization.ResourceKind} {command : Minidregg.Kernel.CapabilityDelegationController.Command kind} [inst_1 : DecidableEq F] {prepared : Minidregg.Kernel.CapabilityDelegationController.Prepared deployment profile ambient ground command} {envelope : List UInt8} (self : Minidregg.Kernel.CapabilityDelegationController.Accepted prepared envelope), self.authorization.evidence.capabilityValue = Option.some (prepared.parent.head, Minidregg.Compiler.CredentialAuthorityPolicyRegistry.storedCapabilityDigest (Minidregg.Compiler.ServedBasis.Ground.authority ground) prepared.parent)
theorem	Minidregg.Kernel.CapabilityDelegationController.Accepted.parent_authorized	eacb9aa79719d652ece51fc9f94ce53c9b40b717f68c132cbf670f6eb781929c	0b15fd39d3bc3bfce27229ac30c6e3a37658dee8daac091943764d9817419ebe	bd975a0ecfb0a7e922d6952b6170966bc5047bb4589e21701ec97043c46336dd	86f63fa7e59a1efc	Classical.choice,Quot.sound,propext	∀ {F : Type} [inst : Field F] {deployment : Minidregg.Kernel.CapabilityDelegationController.Deployment} {profile : Minidregg.Compiler.CanonicalRuntimeProfile.Profile F} {ambient : Minidregg.Kernel.CapabilityDelegationController.Ambient} {ground : Minidregg.Kernel.CapabilityDelegationController.Ground deployment} {kind : Minidregg.Theory.TypedAuthorization.ResourceKind} {command : Minidregg.Kernel.CapabilityDelegationController.Command kind} [inst_1 : DecidableEq F] {prepared : Minidregg.Kernel.CapabilityDelegationController.Prepared deployment profile ambient ground command} {envelope : List UInt8} (accepted : Minidregg.Kernel.CapabilityDelegationController.Accepted prepared envelope), accepted.authorization.evidence.capabilityValue = Option.some (prepared.parent.head, Minidregg.Compiler.CredentialAuthorityPolicyRegistry.storedCapabilityDigest (Minidregg.Compiler.ServedBasis.Ground.authority ground) prepared.parent)
theorem	Minidregg.Kernel.CapabilityDelegationController.Accepted.policy_evaluated_actual_post	4da8ab234283508d45efe47ba7390665c8e3313eb03276863fdec91f3bed8835	2e1c396fc261d65b031ee8f093596b12b220e5514c2414be5eb0015f6d1c59ab	c612731271e1b259ae0d01ce7d92090adaf6418f4d0e8ef3aed536fe268339e1	9d108692a414ae3a	Classical.choice,Quot.sound,propext	∀ {F : Type} [inst : Field F] {deployment : Minidregg.Kernel.CapabilityDelegationController.Deployment} {profile : Minidregg.Compiler.CanonicalRuntimeProfile.Profile F} {ambient : Minidregg.Kernel.CapabilityDelegationController.Ambient} {ground : Minidregg.Kernel.CapabilityDelegationController.Ground deployment} {kind : Minidregg.Theory.TypedAuthorization.ResourceKind} {command : Minidregg.Kernel.CapabilityDelegationController.Command kind} [inst_1 : DecidableEq F] {prepared : Minidregg.Kernel.CapabilityDelegationController.Prepared deployment profile ambient ground command} {envelope : List UInt8} (accepted : Minidregg.Kernel.CapabilityDelegationController.Accepted prepared envelope), ∃ graph, Minidregg.Compiler.PolicyComponentResolution.loadTarget (Minidregg.Kernel.CapabilityDelegationController.policyConfig prepared).snapshot (Minidregg.Kernel.CapabilityDelegationController.policyConfig prepared).store (Minidregg.Kernel.CapabilityDelegationController.policyConfig prepared).profile.semantics (Minidregg.Kernel.CapabilityDelegationController.policyConfig prepared).target (Minidregg.Kernel.CapabilityDelegationController.policyConfig prepared).resolutionBudget (Minidregg.Kernel.CapabilityDelegationController.policyConfig prepared).additional = Except.ok graph ∧ Minidregg.Pred.eval (Minidregg.Compiler.ResolvedLawCompilation.predicate graph.resolved) (Minidregg.Kernel.CapabilityDelegationController.step prepared).oldState (Minidregg.Kernel.CapabilityDelegationController.step prepared).newState = Bool.true
theorem	Minidregg.Kernel.CapabilityDelegationController.Accepted.post_exact	63c721081b2140dc195b3f324b0782b4915be1de10323b5e2f22aa286cb6cab6	408c12c754a55d05f4a9a01662e619f688e74d005f652ffc91f2399023580f84	a63d18acfd93a96dbbbeb8bcdd0f3a1a47e088041ea9f84f4fe52262746c0150	9fa8356c6bd663d8	Classical.choice,Quot.sound,propext	∀ {F : Type} [inst : Field F] {deployment : Minidregg.Kernel.CapabilityDelegationController.Deployment} {profile : Minidregg.Compiler.CanonicalRuntimeProfile.Profile F} {ambient : Minidregg.Kernel.CapabilityDelegationController.Ambient} {ground : Minidregg.Kernel.CapabilityDelegationController.Ground deployment} {kind : Minidregg.Theory.TypedAuthorization.ResourceKind} {command : Minidregg.Kernel.CapabilityDelegationController.Command kind} [inst_1 : DecidableEq F] {prepared : Minidregg.Kernel.CapabilityDelegationController.Prepared deployment profile ambient ground command} {envelope : List UInt8} (accepted : Minidregg.Kernel.CapabilityDelegationController.Accepted prepared envelope), (accepted.declaration.post accepted.legs ()).logical = prepared.authorityPost.logical
def	Minidregg.Kernel.CapabilityDelegationController.Accepted.receipt	c9431ea9616dfa893857830b123db8b9064d9de821a08ca5fd8ac808a015eb9a	5d1d2732de43fb7019182090dd153a74da6ed5fbf3ca6b67d99f836f449f3126	b274b1606748ed1de5ad94e54497c5e4164aa08a357d7386a39e5211dc8747d4	320c2cd9315e6e00	Classical.choice,Quot.sound,propext	{F : Type} → [inst : Field F] → {deployment : Minidregg.Kernel.CapabilityDelegationController.Deployment} → {profile : Minidregg.Compiler.CanonicalRuntimeProfile.Profile F} → {ambient : Minidregg.Kernel.CapabilityDelegationController.Ambient} → {ground : Minidregg.Kernel.CapabilityDelegationController.Ground deployment} → {kind : Minidregg.Theory.TypedAuthorization.ResourceKind} → {command : Minidregg.Kernel.CapabilityDelegationController.Command kind} → [inst_1 : DecidableEq F] → {prepared : Minidregg.Kernel.CapabilityDelegationController.Prepared deployment profile ambient ground command} → {envelope : List UInt8} → Minidregg.Kernel.CapabilityDelegationController.Accepted prepared envelope → Minidregg.Compiler.CredentialSignatureAdmission.CheckedSignature (Minidregg.Compiler.ServedBasis.Ground.authority ground)
inductive	Minidregg.Kernel.CapabilityDelegationController.Ambient	6bb4632b66cdcf51c1bf0c01556ce3ce9883755b96d3cafb8addc7a190f8e1ef	16946b93ac38405660f51e475eb5aa7d25b54f5e5677e0f6a10a4526cc071cbf	4a858b73f4b4c6126590b706b9aed2f39f7ae0cc93a11d6b84a9f2547048cc79	6ce31d118ebcfa5e		Type
def	Minidregg.Kernel.CapabilityDelegationController.Ambient.federation	98cc77f839cdf1c2496cff50aecc53ab03c369810bfdc5dac041df7044684108	a3d82b93ed9782742ef7cd0f3850ffe8a79d4354de3b9da7ead4743c6ccd8085	935239dd4b95ef6e5328aa1c773fc5a7f4886592535dc69a9b92b085ba748fe4	8252ab46d609da6a	-	Minidregg.Kernel.CapabilityDelegationController.Ambient → Minidregg.Theory.TypedAuthorization.FederationId
def	Minidregg.Kernel.CapabilityDelegationController.Ambient.height	95ba3c0a336709e49a724d80079348a37916f26057aaa84f4f03e13648fce586	9ddc889002a1426d31f0ab44435c61b83bee50aa7f0fbf3e567158abfe097d42	2fc528a4ed83a3be3fcfb8d21a6092c66b5d3db16a208be32ae02628f06c51b7	3faa97026a982736	-	Minidregg.Kernel.CapabilityDelegationController.Ambient → Minidregg.Theory.TypedAuthorization.Height
ctor	Minidregg.Kernel.CapabilityDelegationController.Ambient.mk	d98d8624b2598efd1a1059de1dc61dfb4960adec62c7bbd936647901c65f02d8	a7e85dd23ee25d0d90182946f122ce4ae7e335137eb739f724d587daa780a0e3	fb8693d3285881e32d97a1e297c20ea1bb241eeaf4681b8669c3fb33f87ed68a	a71d27ba6af95a69		Minidregg.Theory.TypedAuthorization.FederationId → Minidregg.Theory.TypedAuthorization.Height → Minidregg.Kernel.CapabilityDelegationController.Ambient
def	Minidregg.Kernel.CapabilityDelegationController.AuthorityMaterializer	cfdac93c5c9ebaf2ec57a3dcb8372f74a98984c023a8d02d12bc19ab9ce528bf	1b6f41d52822e36140730b5754e94b831268f4da3149765ed0be495639d5a645	15611c2af913e68e299c3158464132e445c2479a8d4b81f398703b37d804645f	1f57074640495151	Classical.choice,Quot.sound,propext	Minidregg.Theory.CredentialAuthorityState.Materializer
inductive	Minidregg.Kernel.CapabilityDelegationController.Command	673ed99c3e012310cd9cb69d34bd3c9cf51f1573287d1002834490b14f2ddcc4	1c00a75b8070f719171d4d247bb3a578659f0036ebde4aa37fa48621b07fb041	2a837469c0d07deb65d7d091c664e4f0c8c2624d59c4e9bbda4e0059760c630f	ab95f0750f8b24ab		Minidregg.Theory.TypedAuthorization.ResourceKind → Type
def	Minidregg.Kernel.CapabilityDelegationController.Command.declaration	2ae49d96a1cfb1fffbf4e934b206ac8268a8bdae111cc7579361ad1433bd17c3	86aa92a50e6a0490144865f762dda18c387eb2d4d2de7a1bd0137352c6b4406f	56d430c1f2c5d6609e387906b7423024f8439599a112c13bb8809653e402387f	7bfeb3ca70584082	Quot.sound,propext	{kind : Minidregg.Theory.TypedAuthorization.ResourceKind} → Minidregg.Kernel.CapabilityDelegationController.Command kind → Minidregg.Theory.CredentialAuthorityEffects.DelegateDeclaration kind
def	Minidregg.Kernel.CapabilityDelegationController.Command.expectedTargetRoot	ab453291baaa22dbb74884dadbf156f818347f1732e3780594c42837653fe525	08c9fbcf3c7792f16792840df4969fe8a80a703cff7a6b83c9e7539ef69b17da	c4514ae1103fb7893e26d99d5ccbbfbd5dd5f1fb22a731c7ecd694bc4e2e1614	82ac782fd1d002f2	Quot.sound,propext	{kind : Minidregg.Theory.TypedAuthorization.ResourceKind} → Minidregg.Kernel.CapabilityDelegationController.Command kind → Minidregg.Theory.TypedAuthorization.Digest
ctor	Minidregg.Kernel.CapabilityDelegationController.Command.mk	6def201289504cd1c2287e888feb625b38574b82544dcfe8b26fbe081a12004c	8eee9194ce3b5ceac37b1e3452aea5d31a0eb3887d4f337af5a1df7f82dd7f04	ccf93ffb18ecca97dd21d233210aded109b63965b40c7d19db7e1766a603332f	1581c511f23692ab		{kind : Minidregg.Theory.TypedAuthorization.ResourceKind} → Minidregg.Theory.TypedAuthorization.SubjectId → ℕ → Minidregg.Theory.TypedAuthorization.Digest → Minidregg.Theory.CredentialAuthorityEffects.DelegateDeclaration kind → Minidregg.Kernel.CapabilityDelegationController.Command kind
def	Minidregg.Kernel.CapabilityDelegationController.Command.nonce	03db5482637f7b6be8b985a6dc9a9b80e7b366fa31f591e3bbe3a2b0b0f04246	9710cb9338f7bc9098507ce9b7db5fd5bfceb1fde1e85a4dcb9ec9c3232c60c4	91fdf630db57b204a6208b156f4ae0331a5ed8b9bfec3d302a64b09ff218889f	7658923f4e839475	Quot.sound,propext	{kind : Minidregg.Theory.TypedAuthorization.ResourceKind} → Minidregg.Kernel.CapabilityDelegationController.Command kind → ℕ
def	Minidregg.Kernel.CapabilityDelegationController.Command.subject	5ab1de1b80f18e4f8c483093ecf90d2ffa246836159184d8db3a0b18b87c153e	f3d1bca27cee210d3993ad4e505beaf567c19da90869572e42ee4ece28adfa40	0ee8e401c39b877c69bc8c5b26ef360d6b5631788ae4c8062d25b486b526f853	e0cb781aedc55a50	Quot.sound,propext	{kind : Minidregg.Theory.TypedAuthorization.ResourceKind} → Minidregg.Kernel.CapabilityDelegationController.Command kind → Minidregg.Theory.TypedAuthorization.SubjectId
def	Minidregg.Kernel.CapabilityDelegationController.Deployment	ab5b77b2aac432d7c97602a9ddf691d2c9be49dbd4f5c9e02750a623fdc79ea3	89855d392aa192071e8a2b2230d30ecae8fc9de0c15fa6a53f6209226829292a	fdd26b50b1a095ecd9c50023cce7e2c02fb4097d7c81ff9b02e352a17d05e4dc	8a1d1d9935af54c3	-	Type
def	Minidregg.Kernel.CapabilityDelegationController.DescentReady	b695e67e1e3800870be21ec65df4bc4f942b23dd44afed6883c7e0223047e039	d6e42248169405058d1cc0eee515af2353a81a962c0796c059ebc695dce2974e	41c37729c0346a6fc382223a6aa41af07558c60eb22c2ebf98eaf6d2f9de9f96	0d62543348c036a3	Classical.choice,Quot.sound,propext	{kind : Minidregg.Theory.TypedAuthorization.ResourceKind} → Minidregg.Kernel.CapabilityDelegationController.Snapshot → Minidregg.Kernel.CapabilityDelegationController.Command kind → Minidregg.Theory.CredentialAuthorityState.StoredCapability kind → Prop := fun {kind} snapshot command parent => Minidregg.Theory.CredentialAuthorityState.readCapability snapshot.cell kind command.declaration.parentId = Option.some parent ∧ parent.head.id = command.declaration.parentId ∧ Minidregg.Theory.CredentialLineageAdmission.CapabilityIdFresh snapshot.cell command.declaration.child.id ∧ command.declaration.child.issuerEpoch = Minidregg.Theory.CredentialAuthorityState.issuerEpochAt snapshot.cell command.declaration.child.issuer ∧ command.declaration.child.policyEpoch = Minidregg.Theory.CredentialAuthorityState.policyEpochAt snapshot.cell command.declaration.child.policyId ∧ Minidregg.Theory.CredentialAuthorityState.isRegistered snapshot.cell (Minidregg.Theory.TypedAuthorization.RevocationKey.capability command.declaration.child.id) = Bool.false ∧ (∀ ancestor ∈ command.declaration.child.ancestors, Minidregg.Theory.CredentialAuthorityState.isRegistered snapshot.cell (Minidregg.Theory.TypedAuthorization.RevocationKey.capability ancestor) = Bool.true) ∧ (∀ channel ∈ command.declaration.child.channels, Minidregg.Theory.CredentialAuthorityState.isRegistered snapshot.cell (Minidregg.Theory.TypedAuthorization.RevocationKey.channel channel) = Bool.true) ∧ Minidregg.Theory.CredentialAuthorityState.isRevoked snapshot.cell (Minidregg.Theory.TypedAuthorization.RevocationKey.capability command.declaration.child.id) = Bool.false ∧ (∀ ancestor ∈ command.declaration.child.ancestors, Minidregg.Theory.CredentialAuthorityState.isRevoked snapshot.cell (Minidregg.Theory.TypedAuthorization.RevocationKey.capability ancestor) = Bool.false) ∧ ∀ channel ∈ command.declaration.child.channels, Minidregg.Theory.CredentialAuthorityState.isRevoked snapshot.cell (Minidregg.Theory.TypedAuthorization.RevocationKey.channel channel) = Bool.false
def	Minidregg.Kernel.CapabilityDelegationController.Ground	b8ffa0af7957fa12db6618e8c3cebf1e486ac5cedf3df72600c11d1c38b0f16f	3ae1d81e3085f8dfd5e8dbdef4d850ea17cbfa47526e8b75f82650e10571cbb0	bfdf8c4322aff5e1197f9df2049069762d151126f062e73cb542eef958b2bba0	7b6d32428647b85e	Classical.choice,Quot.sound,propext	Minidregg.Compiler.CanonicalCellRegistry.Deployment → Type
def	Minidregg.Kernel.CapabilityDelegationController.ObservedTarget	6df6df799abe26df0600955d33eea406465f7b911f32ee1a9629d2edbec57061	a164401a666650991918e93942021b73f27d22c97d630dc0181a84970a96e1a1	efe79714f467a7433328d2df630c860f770ac3c7d97971d3739b591477b302d1	7ed4102ab70e526c	Classical.choice,Quot.sound,propext	Minidregg.Kernel.CapabilityDelegationController.Deployment → Minidregg.Theory.CellRegistry.Directory ℕ Minidregg.Kernel.CapabilityDelegationController.Registry → {kind : Minidregg.Theory.TypedAuthorization.ResourceKind} → Minidregg.Kernel.CapabilityDelegationController.Command kind → Type
def	Minidregg.Kernel.CapabilityDelegationController.PackedCommand	57cbcf0ed68678db38d88909723706ceee1619dc85aac156324abb1a22d23811	89855d392aa192071e8a2b2230d30ecae8fc9de0c15fa6a53f6209226829292a	cb80256d5d3639d941d2f3a33196e4311a356963ba51bc46c2e166fc8093708e	c9c089a9b08761ac	Quot.sound,propext	Type
def	Minidregg.Kernel.CapabilityDelegationController.Prepared	66f6e4c3e54b5557e11a7d56e861bc8e0de0b021c9f167a4c19751d9df8c5b26	30b7ac699344d8011d1d1c865d1758dd10a4612c4289f3cfae56b6ef3ecb4daa	f79c94adcd18417661459279752e2eafadfeb8d701aeba2e2bc95fa2a60d6dca	e947b726e8edb255	Classical.choice,Quot.sound,propext	{F : Type} → [inst : Field F] → (deployment : Minidregg.Kernel.CapabilityDelegationController.Deployment) → Minidregg.Compiler.CanonicalRuntimeProfile.Profile F → Minidregg.Kernel.CapabilityDelegationController.Ambient → Minidregg.Kernel.CapabilityDelegationController.Ground deployment → {kind : Minidregg.Theory.TypedAuthorization.ResourceKind} → Minidregg.Kernel.CapabilityDelegationController.Command kind → Type
def	Minidregg.Kernel.CapabilityDelegationController.Prepared.authorityPost	620b919a22e68de46ce6b55a0b20a035fab7199114d1fce1d9ce288b1f687d95	03f067b65d88128d888b217df0fbaaa153cdb0310a140bef78b9d40b1fac6e6d	f5773de9e5f74593a2280bba7792e0ffdd3a5fea243f9cab78e5234def4834fe	bdf65ca8b216aa3e	Classical.choice,Quot.sound,propext	{F : Type} → [inst : Field F] → {deployment : Minidregg.Kernel.CapabilityDelegationController.Deployment} → {profile : Minidregg.Compiler.CanonicalRuntimeProfile.Profile F} → {ambient : Minidregg.Kernel.CapabilityDelegationController.Ambient} → {ground : Minidregg.Kernel.CapabilityDelegationController.Ground deployment} → {kind : Minidregg.Theory.TypedAuthorization.ResourceKind} → {command : Minidregg.Kernel.CapabilityDelegationController.Command kind} → Minidregg.Kernel.CapabilityDelegationController.Prepared deployment profile ambient ground command → Minidregg.Compiler.CredentialAuthorityDomain.Cell
inductive	Minidregg.Kernel.CapabilityDelegationController.PreparedOn	ac2d59b4c630c76b479a30162ec0fdbd3f6fac87a7a3c64981d932d5fbf121c6	b35ab248a9ea150a5ecb9ce89b0c6cb02abc53972caf3ed5a703a0e014cec3a6	817042166619983a38b18ef90fff5198da3050f2789cd2467902f3b4f21b3d98	3af0d8f79d0d051b		{F : Type} → [inst : Field F] → Minidregg.Kernel.CapabilityDelegationController.Deployment → Minidregg.Compiler.CanonicalRuntimeProfile.Profile F → Minidregg.Kernel.CapabilityDelegationController.Ambient → Minidregg.Theory.CellRegistry.Directory ℕ Minidregg.Kernel.CapabilityDelegationController.Registry → Minidregg.Kernel.CapabilityDelegationController.Snapshot → {kind : Minidregg.Theory.TypedAuthorization.ResourceKind} → Minidregg.Kernel.CapabilityDelegationController.Command kind → Type
def	Minidregg.Kernel.CapabilityDelegationController.PreparedOn.descent	ec7f8ee051deab048369b24b21faeacd0ac1ce796a061d9ab59cfd1bc24371ea	6c7c466fb8ceb86e5a83ce386d0ba15ef9b375fbe34494397fb0498ecfc5675a	12c0a63f3ce092a150bc53bddfee5b578c4970522c53b169c5d4df837a7e508f	76edf8c862139612	Classical.choice,Quot.sound,propext	{F : Type} → [inst : Field F] → {deployment : Minidregg.Kernel.CapabilityDelegationController.Deployment} → {profile : Minidregg.Compiler.CanonicalRuntimeProfile.Profile F} → {ambient : Minidregg.Kernel.CapabilityDelegationController.Ambient} → {directory : Minidregg.Theory.CellRegistry.Directory ℕ Minidregg.Kernel.CapabilityDelegationController.Registry} → {authority : Minidregg.Kernel.CapabilityDelegationController.Snapshot} → {kind : Minidregg.Theory.TypedAuthorization.ResourceKind} → {command : Minidregg.Kernel.CapabilityDelegationController.Command kind} → (self : Minidregg.Kernel.CapabilityDelegationController.PreparedOn deployment profile ambient directory authority command) → Minidregg.Theory.CredentialAuthorityEffects.DescentEvidence authority.cell command.declaration.parentId command.declaration.child self.parent
theorem	Minidregg.Kernel.CapabilityDelegationController.PreparedOn.identity	d78fc045e08b669972d50687dd604e2bb94048a54eb34460130ce72e662dd7d1	729333b6900ba52f72740772975a103909d591dfcbeea2094eb85cea1627ff0c	16d29d845340eeaf0172a15dc2f8592dc6d65322a1b486d684b8083fa43732ae	f4dc8a3036dfef64	Classical.choice,Quot.sound,propext	∀ {F : Type} [inst : Field F] {deployment : Minidregg.Kernel.CapabilityDelegationController.Deployment} {profile : Minidregg.Compiler.CanonicalRuntimeProfile.Profile F} {ambient : Minidregg.Kernel.CapabilityDelegationController.Ambient} {directory : Minidregg.Theory.CellRegistry.Directory ℕ Minidregg.Kernel.CapabilityDelegationController.Registry} {authority : Minidregg.Kernel.CapabilityDelegationController.Snapshot} {kind : Minidregg.Theory.TypedAuthorization.ResourceKind} {command : Minidregg.Kernel.CapabilityDelegationController.Command kind} (self : Minidregg.Kernel.CapabilityDelegationController.PreparedOn deployment profile ambient directory authority command), command.declaration.operationNullifier = Minidregg.Kernel.CapabilityDelegationController.operationMarker authority.domain profile.semantics command
def	Minidregg.Kernel.CapabilityDelegationController.PreparedOn.parent	fad4434399c74c6a6f9acb308357313c2422d99f3896b2b2d0a4994e647b5742	2457db584f239336ad3b302b5eeaf65037c62e0e5a150a3824c0b44f126aba83	cef4dc802158064a4fa29c9ec80bb6e259d3806a3d56e19cd5e8991ecbf844d5	1cd29c0b82eec7b5	Classical.choice,Quot.sound,propext	{F : Type} → [inst : Field F] → {deployment : Minidregg.Kernel.CapabilityDelegationController.Deployment} → {profile : Minidregg.Compiler.CanonicalRuntimeProfile.Profile F} → {ambient : Minidregg.Kernel.CapabilityDelegationController.Ambient} → {directory : Minidregg.Theory.CellRegistry.Directory ℕ Minidregg.Kernel.CapabilityDelegationController.Registry} → {authority : Minidregg.Kernel.CapabilityDelegationController.Snapshot} → {kind : Minidregg.Theory.TypedAuthorization.ResourceKind} → {command : Minidregg.Kernel.CapabilityDelegationController.Command kind} → Minidregg.Kernel.CapabilityDelegationController.PreparedOn deployment profile ambient directory authority command → Minidregg.Theory.CredentialAuthorityState.StoredCapability kind
theorem	Minidregg.Kernel.CapabilityDelegationController.PreparedOn.policyTarget	9d517b82495c21b99a92968ac53d5f54e5c666d67a43c1d1d6331e15c5913b37	d8846f74b743fef244fb5cbf51a6494b60b1b7d8b1a0afe0b6b047b2035211fc	4ff3d172c7dab1b83dd80ddff3fb4effa000de7a6cd4959546a53f07bf414627	64f1efb53dad42a7	Classical.choice,Quot.sound,propext	∀ {F : Type} [inst : Field F] {deployment : Minidregg.Kernel.CapabilityDelegationController.Deployment} {profile : Minidregg.Compiler.CanonicalRuntimeProfile.Profile F} {ambient : Minidregg.Kernel.CapabilityDelegationController.Ambient} {directory : Minidregg.Theory.CellRegistry.Directory ℕ Minidregg.Kernel.CapabilityDelegationController.Registry} {authority : Minidregg.Kernel.CapabilityDelegationController.Snapshot} {kind : Minidregg.Theory.TypedAuthorization.ResourceKind} {command : Minidregg.Kernel.CapabilityDelegationController.Command kind} (self : Minidregg.Kernel.CapabilityDelegationController.PreparedOn deployment profile ambient directory authority command), command.declaration.child.policyId = { value := command.declaration.target.value }
theorem	Minidregg.Kernel.CapabilityDelegationController.PreparedOn.shape	dd84b647913c2ec1b467f33a75601882061431d5ce6b9f72481c43831bd35327	acd59c281b7ca22e420416beb56a88e58a2efa6d89b8503713c8c1c1e035136a	d6b08efed075050550f4eb622c777202fd18113663aa5d9ec45b8864573d7cf1	3b916f7d19fdd9b1	Classical.choice,Quot.sound,propext	∀ {F : Type} [inst : Field F] {deployment : Minidregg.Kernel.CapabilityDelegationController.Deployment} {profile : Minidregg.Compiler.CanonicalRuntimeProfile.Profile F} {ambient : Minidregg.Kernel.CapabilityDelegationController.Ambient} {directory : Minidregg.Theory.CellRegistry.Directory ℕ Minidregg.Kernel.CapabilityDelegationController.Registry} {authority : Minidregg.Kernel.CapabilityDelegationController.Snapshot} {kind : Minidregg.Theory.TypedAuthorization.ResourceKind} {command : Minidregg.Kernel.CapabilityDelegationController.Command kind} (self : Minidregg.Kernel.CapabilityDelegationController.PreparedOn deployment profile ambient directory authority command), Minidregg.Theory.CredentialAuthorityFamily.DelegationShape (Minidregg.Kernel.CapabilityDelegationController.request authority profile.semantics ambient command) command.declaration.child self.parent.head (Minidregg.Kernel.CapabilityDelegationController.parentage authority command)
def	Minidregg.Kernel.CapabilityDelegationController.PreparedOn.source	aeaa3345e59edb4747fba18507b6f02e1be88036fa38461fe9c2d9e10d9992fd	815511d5a6b07856d3f98d15e7d16cae8b6b3f58d81e9dd5b21437f454e2720a	55f79926d11bdcaaebb28736eea0409b5ca0640551faeb92cf18d737ce527f4b	0d79d41c402e7f9b	Classical.choice,Quot.sound,propext	{F : Type} → [inst : Field F] → {deployment : Minidregg.Kernel.CapabilityDelegationController.Deployment} → {profile : Minidregg.Compiler.CanonicalRuntimeProfile.Profile F} → {ambient : Minidregg.Kernel.CapabilityDelegationController.Ambient} → {directory : Minidregg.Theory.CellRegistry.Directory ℕ Minidregg.Kernel.CapabilityDelegationController.Registry} → {authority : Minidregg.Kernel.CapabilityDelegationController.Snapshot} → {kind : Minidregg.Theory.TypedAuthorization.ResourceKind} → {command : Minidregg.Kernel.CapabilityDelegationController.Command kind} → Minidregg.Kernel.CapabilityDelegationController.PreparedOn deployment profile ambient directory authority command → Minidregg.Compiler.CanonicalCellRegistry.LoadedPolicySource authority.domain directory (authority.authState.policyAddress command.declaration.child.policyId (authority.authState.policyRevision command.declaration.child.policyId))
def	Minidregg.Kernel.CapabilityDelegationController.PreparedOn.target	84a72b6b12adf292125f4686d3c63797a42932456632a1121a528c3c8c3c8d04	f6bc01292638503338bc592f5615b47cd48f907254a1f73f3317de566e7d2f72	e3cf3a984c4f9916f07b7ea6addd19e5467261e0789d7422773e604b9525d46c	1d391b4a3aa9bacc	Classical.choice,Quot.sound,propext	{F : Type} → [inst : Field F] → {deployment : Minidregg.Kernel.CapabilityDelegationController.Deployment} → {profile : Minidregg.Compiler.CanonicalRuntimeProfile.Profile F} → {ambient : Minidregg.Kernel.CapabilityDelegationController.Ambient} → {directory : Minidregg.Theory.CellRegistry.Directory ℕ Minidregg.Kernel.CapabilityDelegationController.Registry} → {authority : Minidregg.Kernel.CapabilityDelegationController.Snapshot} → {kind : Minidregg.Theory.TypedAuthorization.ResourceKind} → {command : Minidregg.Kernel.CapabilityDelegationController.Command kind} → Minidregg.Kernel.CapabilityDelegationController.PreparedOn deployment profile ambient directory authority command → Minidregg.Kernel.CapabilityDelegationController.ObservedTarget deployment directory command
theorem	Minidregg.Kernel.CapabilityDelegationController.PreparedOn.validated	44eea124546880da0559e77d3099f16545859796ded35eab5df0f4e60852ca23	b3f92f3053a3dbfe52bd8aeea49fa0a3f990965462d02702ddbe51f42108d6ca	0dd3b88f3b421cbaf82c81a874adf9639d2718496e2e3f13845a5d71d64c5c9c	5f1b4dee7ea4213e	Classical.choice,Quot.sound,propext	∀ {F : Type} [inst : Field F] {deployment : Minidregg.Kernel.CapabilityDelegationController.Deployment} {profile : Minidregg.Compiler.CanonicalRuntimeProfile.Profile F} {ambient : Minidregg.Kernel.CapabilityDelegationController.Ambient} {directory : Minidregg.Theory.CellRegistry.Directory ℕ Minidregg.Kernel.CapabilityDelegationController.Registry} {authority : Minidregg.Kernel.CapabilityDelegationController.Snapshot} {kind : Minidregg.Theory.TypedAuthorization.ResourceKind} {command : Minidregg.Kernel.CapabilityDelegationController.Command kind} (self : Minidregg.Kernel.CapabilityDelegationController.PreparedOn deployment profile ambient directory authority command), Minidregg.Theory.CellState.ValidatedPatch Minidregg.Kernel.CapabilityDelegationController.AuthorityMaterializer authority.cell (Minidregg.Theory.CellState.Materialized.root authority.cell) (command.declaration.patch self.parent (Minidregg.Kernel.CapabilityDelegationController.request authority profile.semantics ambient command) (Minidregg.Compiler.CredentialAuthorityDomain.Snapshot.logical authority))
def	Minidregg.Kernel.CapabilityDelegationController.Registry	3e4ac30f9a93b22f6eb25c10f825e119e36e83b0573e4e973636ee9b57f54203	44f45dd1328f53e20f968e4cb0fcc73a571ffc84e263b64c9457558544039a9a	68b131a03adb1fed698dfa545d3bf0ad55c71f3bbfb3fd3dfad11494f15c6bcf	5e5a7f7342a1674c	Classical.choice,Quot.sound,propext	Minidregg.Theory.CellRegistry.TypeRegistry Minidregg.Theory.TypedAuthorization.Digest
inductive	Minidregg.Kernel.CapabilityDelegationController.Reject	526b007765b226f942f0926674fcea09ddca7dc81823dabcc0b163917f54d00e	16946b93ac38405660f51e475eb5aa7d25b54f5e5677e0f6a10a4526cc071cbf	ea12f6ddc926f7645a122112aa277f80e8d99f3e7257d79326f41f4f67edcb1e	c32d465c6e89e5c5		Type
ctor	Minidregg.Kernel.CapabilityDelegationController.Reject.authorityUnavailable	82a0cde78e4cfcd1091909d9bf3f8415aab97ae8bd1a27d0c42c11e8ca959e19	1a5992c0aa739a19f3c52f45fa422df8ba34140024e3759a3de4f31b49645cd4	43412fcffb82c78386a249f94336d77d388e6e21934b3ceefef3521323447943	31cb1d4635784da8		Minidregg.Kernel.CapabilityDelegationController.Reject
def	Minidregg.Kernel.CapabilityDelegationController.Reject.authorityUnavailable.elim	a735e3c52e900ac251fdd1946237fc46233027cd75773aba588ae04a41c14ab1	119f832c9bf94b5b9da25677a856fda85aee66d10b99e225b83ea6ff439719b8	7efbec95eef2dd2100c51a1d6ac504903b0081166c20e4c77c1003ebb3c8d3c7	93dfa548efc206d3	-	{motive : Minidregg.Kernel.CapabilityDelegationController.Reject → Sort u} → (t : Minidregg.Kernel.CapabilityDelegationController.Reject) → t.ctorIdx = 2 → motive Minidregg.Kernel.CapabilityDelegationController.Reject.authorityUnavailable → motive t
ctor	Minidregg.Kernel.CapabilityDelegationController.Reject.capabilityRejected	43de450d97367189d4bfb45bd90d2f91218ab64df309c1af11c4f0823e1312db	1a5992c0aa739a19f3c52f45fa422df8ba34140024e3759a3de4f31b49645cd4	8fe50fe305ba721663c04f74c5475cfe2761636da6a8f8d6e808653833706013	9891660977fb7539		Minidregg.Kernel.CapabilityDelegationController.Reject
def	Minidregg.Kernel.CapabilityDelegationController.Reject.capabilityRejected.elim	ecd5e97635158ac612a788165941e1f1a8c5bb5472b619787d865053ada68aea	faf03d30125de8c1a4cfef01dddd77aa9d078d9aecbc7e6a345264bc45dca2ca	34c36ecb364a0b3317aaf607101f351a1156c6b92f3c956e0eabdf5ef635809a	71d8bfb3b052840f	-	{motive : Minidregg.Kernel.CapabilityDelegationController.Reject → Sort u} → (t : Minidregg.Kernel.CapabilityDelegationController.Reject) → t.ctorIdx = 17 → motive Minidregg.Kernel.CapabilityDelegationController.Reject.capabilityRejected → motive t
ctor	Minidregg.Kernel.CapabilityDelegationController.Reject.descent	b7459b89f45ac9610e33cefc9cee80c33c0bf979ec7992b067dd8130b0477748	1a5992c0aa739a19f3c52f45fa422df8ba34140024e3759a3de4f31b49645cd4	851a476a7099052b1f95200203eee41d36baf65465e7606ada1e4ce8e39427ba	2b89200ec4d9d56c		Minidregg.Kernel.CapabilityDelegationController.Reject
def	Minidregg.Kernel.CapabilityDelegationController.Reject.descent.elim	3e4d337a6db4d1155e308d18eef86f18de28132c1696caf49d4efc1768cd4907	91c10f21903c4b1779d7fe0b2944f155fda1a3a4ffafcb456b9a8a0e180e173a	4f7bc14e2155a39090680450483e6caa4980ed23f882c0ecfcb357951e1876ce	6566105e266d8071	-	{motive : Minidregg.Kernel.CapabilityDelegationController.Reject → Sort u} → (t : Minidregg.Kernel.CapabilityDelegationController.Reject) → t.ctorIdx = 9 → motive Minidregg.Kernel.CapabilityDelegationController.Reject.descent → motive t
ctor	Minidregg.Kernel.CapabilityDelegationController.Reject.directoryUnavailable	7ced663e57b22b7b9c9f683720202b7a98101f28d4d9ca6f31b3be15414767f8	1a5992c0aa739a19f3c52f45fa422df8ba34140024e3759a3de4f31b49645cd4	af59d410c92066588026bcaafd136352b636d65f36f7d91923d7ac00f8564815	f9356d06646080fa		Minidregg.Kernel.CapabilityDelegationController.Reject
def	Minidregg.Kernel.CapabilityDelegationController.Reject.directoryUnavailable.elim	e646fc60ddf39e9d9a34276b03a0e5451300e2bf205448bfef66701903cfdfab	697e9b749f6a17483506f9283f0cc3c0e38fc002de938ccd72b76e6ac0c4ff26	2f42572c9a53e16f89b46ff3b3ef720988d88e80733e021e712349585d8b9cdd	8316267e53eb4100	-	{motive : Minidregg.Kernel.CapabilityDelegationController.Reject → Sort u} → (t : Minidregg.Kernel.CapabilityDelegationController.Reject) → t.ctorIdx = 1 → motive Minidregg.Kernel.CapabilityDelegationController.Reject.directoryUnavailable → motive t
ctor	Minidregg.Kernel.CapabilityDelegationController.Reject.identity	fb2c14677bd7b97abd371919ccc5cef19aca9d3bee27cab5524f5bc7bbe71f13	1a5992c0aa739a19f3c52f45fa422df8ba34140024e3759a3de4f31b49645cd4	59cc84d5abeacc6a7a6f52bb4a5041951c02af16036337cd18dccfe91ab821cd	8d81695536ad5dd0		Minidregg.Kernel.CapabilityDelegationController.Reject
def	Minidregg.Kernel.CapabilityDelegationController.Reject.identity.elim	ec9deb6a1af2e43246f474eb1957e9db6729cba5d69d2fbae73d13b3264cd425	8138ac9f2925ff2e24a7106ba8dbc0613bbc54e8e9896b22daa0d8bb33576b37	b0fe19287de9899a1e4dfd05d4604c760a31017e5cab68b80bb0f8626bc590a5	1e42676043c7c14e	-	{motive : Minidregg.Kernel.CapabilityDelegationController.Reject → Sort u} → (t : Minidregg.Kernel.CapabilityDelegationController.Reject) → t.ctorIdx = 6 → motive Minidregg.Kernel.CapabilityDelegationController.Reject.identity → motive t
ctor	Minidregg.Kernel.CapabilityDelegationController.Reject.lineage	8c52bea6a56ad7ccc987e0666ef92ae9cdebdc330855305ce4ca41bda793f193	1a5992c0aa739a19f3c52f45fa422df8ba34140024e3759a3de4f31b49645cd4	05f271a4f8eeee98ffa2dff35d9003f8e1ed6f339730fbd6806abac30518f64c	0a7fc747888aff98		Minidregg.Kernel.CapabilityDelegationController.Reject
def	Minidregg.Kernel.CapabilityDelegationController.Reject.lineage.elim	b6021477dc7924f786131a7868e9a52accc54f85769b0bc2bb9c79184d9b2760	9bf6d2b3150d48f0153c628653c925eb414dfb1e3d32612ef54227a8c1400639	6bc59e83bba794930dad83da05e8307828f8ed25691cb06d762e9e23758317a5	eafa5c0ec4646fa8	-	{motive : Minidregg.Kernel.CapabilityDelegationController.Reject → Sort u} → (t : Minidregg.Kernel.CapabilityDelegationController.Reject) → t.ctorIdx = 8 → motive Minidregg.Kernel.CapabilityDelegationController.Reject.lineage → motive t
ctor	Minidregg.Kernel.CapabilityDelegationController.Reject.malformedCommand	6c084d3b30be540e6caa1c967337aa3540282015ed4e015076e62b6153a29493	1a5992c0aa739a19f3c52f45fa422df8ba34140024e3759a3de4f31b49645cd4	802c124d8339f1c423f6aae980b1309c927d653d7fb59dd472cbb2875691feb2	98e4b04625a06c73		Minidregg.Kernel.CapabilityDelegationController.Reject
def	Minidregg.Kernel.CapabilityDelegationController.Reject.malformedCommand.elim	d2edd0c69c5045e41fa3d808002183d4cce962acc04aa00719c4a86839081301	b0c64b8fbd4862427defb6fddce833d426339de3ae5b785efbf9460aded170b3	061e60311c7d398b746f37b6e7420472660b08f02cda46fb584a2e871e74ff6a	ad39266a773e58fd	-	{motive : Minidregg.Kernel.CapabilityDelegationController.Reject → Sort u} → (t : Minidregg.Kernel.CapabilityDelegationController.Reject) → t.ctorIdx = 0 → motive Minidregg.Kernel.CapabilityDelegationController.Reject.malformedCommand → motive t
ctor	Minidregg.Kernel.CapabilityDelegationController.Reject.parentSubstitution	259a3cd9d02645c9553a6d704ac4beee0c607b95439d6740e5a2dea971a3c988	1a5992c0aa739a19f3c52f45fa422df8ba34140024e3759a3de4f31b49645cd4	3cc1e1bf2b58e0f9b11e3a21bbdece4293233c5034908cf802ec48512d74de10	f4de26754e80f678		Minidregg.Kernel.CapabilityDelegationController.Reject
def	Minidregg.Kernel.CapabilityDelegationController.Reject.parentSubstitution.elim	2223fc445cb9ddb38dc6c7b7cf3535e8ce20722667547fa4ce4f9a997d5f7183	75a66052e10ba55eb7a718506dad7f905b648740a3168c9e809ef7fce4f9349e	823ba14a4fa5b9cfa69ba19a17cab533f0c5787d300f10c83632b4344ef6c7d4	afce355d08765db2	-	{motive : Minidregg.Kernel.CapabilityDelegationController.Reject → Sort u} → (t : Minidregg.Kernel.CapabilityDelegationController.Reject) → t.ctorIdx = 21 → motive Minidregg.Kernel.CapabilityDelegationController.Reject.parentSubstitution → motive t
ctor	Minidregg.Kernel.CapabilityDelegationController.Reject.parentUnavailable	0b6e1fdf7d01cee91768fd045b33b7358a728561e7e9358d66f267052ef05fde	1a5992c0aa739a19f3c52f45fa422df8ba34140024e3759a3de4f31b49645cd4	b8a19b52dd27a7d2aaedb6b365c1933de55d34170bfc7d0963f230e04c49f5ba	057a13d41f9abf1b		Minidregg.Kernel.CapabilityDelegationController.Reject
def	Minidregg.Kernel.CapabilityDelegationController.Reject.parentUnavailable.elim	f11c643c2833687a574dbe448fccaec1934c807517412c369d5ce98ed5a0085c	c32231148f16a8ed62e9a0df31483e17b166de33774b7545f2fd364f0762d115	77294be6004731656a82210477b6ab9e9a7da94c73702790739fa0a8d8698989	3c88de3197e973f4	-	{motive : Minidregg.Kernel.CapabilityDelegationController.Reject → Sort u} → (t : Minidregg.Kernel.CapabilityDelegationController.Reject) → t.ctorIdx = 7 → motive Minidregg.Kernel.CapabilityDelegationController.Reject.parentUnavailable → motive t
ctor	Minidregg.Kernel.CapabilityDelegationController.Reject.physicalPreparation	9c737f2e3edf9be4d484bea59e36e52d2e4e2c3e72f0b127cf59f014b59ce7a7	1a5992c0aa739a19f3c52f45fa422df8ba34140024e3759a3de4f31b49645cd4	7180155420fbfae4cf90a6c4486179d621986106d455d6bc307e2ee57f439547	878c005aed3f4998		Minidregg.Kernel.CapabilityDelegationController.Reject
def	Minidregg.Kernel.CapabilityDelegationController.Reject.physicalPreparation.elim	73acccf034d3c3b9cf739b53333a68dede14aca7f59ee4ab4629ea54bcf85752	478558a4c5236ccf0af6c5480383b094cb5b4a26b4aaff3cef026421af16b1ec	15595cccbcb0c05b2e3706aadaa2979ea32acaef44b002782bf3dac19a83a450	75dcdbdea2cf7eeb	-	{motive : Minidregg.Kernel.CapabilityDelegationController.Reject → Sort u} → (t : Minidregg.Kernel.CapabilityDelegationController.Reject) → t.ctorIdx = 12 → motive Minidregg.Kernel.CapabilityDelegationController.Reject.physicalPreparation → motive t
ctor	Minidregg.Kernel.CapabilityDelegationController.Reject.policyCastAlias	c4e248f3f1a7bf5b69ec489aab88796d0a92e86403f673ccb147c14282b0a942	1a5992c0aa739a19f3c52f45fa422df8ba34140024e3759a3de4f31b49645cd4	92c145484a0dbfa54694f483c38e1d6e6dc83d7d5ace146b6af3730786e78c27	b462d0d99bc92d85		Minidregg.Kernel.CapabilityDelegationController.Reject
def	Minidregg.Kernel.CapabilityDelegationController.Reject.policyCastAlias.elim	df2b42304b42fac0c21f0090230726e0b04b920a0f70e63c5942cea3ccd7fdf4	a8e935dc83836fc9ba663e53be0720ca8796425105aea0886af98824162da86f	f15ff101bd569fe00edaa81b3250d5ab9e01157e3a228be2960b45b018ee440a	189397e05d55fc04	-	{motive : Minidregg.Kernel.CapabilityDelegationController.Reject → Sort u} → (t : Minidregg.Kernel.CapabilityDelegationController.Reject) → t.ctorIdx = 20 → motive Minidregg.Kernel.CapabilityDelegationController.Reject.policyCastAlias → motive t
ctor	Minidregg.Kernel.CapabilityDelegationController.Reject.policyInputRange	1297837229a39d0951508980a24e90050e9bccbc20f42022f961287c32688043	1a5992c0aa739a19f3c52f45fa422df8ba34140024e3759a3de4f31b49645cd4	369beb8e5788cc048d9ced30adc023a65d361702c26abc36d29494ad82b044dc	e39f99b79a739aa3		Minidregg.Kernel.CapabilityDelegationController.Reject
def	Minidregg.Kernel.CapabilityDelegationController.Reject.policyInputRange.elim	bb5850cb5d94e91debb3a1d287012f5885174f792d7ec942503aca5ac78df786	d8eaecccce093beb2ddd0ed0afcf53acd767e0df4c4c9008e8533c39b3d734fb	93333d2d6d14d4d4a93ec24781363ddf783da02214db7c47cfbd96af319b3d45	13af3b217c98aa66	-	{motive : Minidregg.Kernel.CapabilityDelegationController.Reject → Sort u} → (t : Minidregg.Kernel.CapabilityDelegationController.Reject) → t.ctorIdx = 19 → motive Minidregg.Kernel.CapabilityDelegationController.Reject.policyInputRange → motive t
ctor	Minidregg.Kernel.CapabilityDelegationController.Reject.policyRejected	46c36f9315782b51d900481fc21aac72fcc52beee0663d568338c3761e7f1297	1a5992c0aa739a19f3c52f45fa422df8ba34140024e3759a3de4f31b49645cd4	6ac1ff154091f9c560655f00ca0f07bcb707740156e02614be94e3bb02da7cac	492878f4b35ee685		Minidregg.Kernel.CapabilityDelegationController.Reject
def	Minidregg.Kernel.CapabilityDelegationController.Reject.policyRejected.elim	98409f616314cf8e32facf94f3dcd88fcf738d03b1cda1cbfc4f440342c8c881	f2db1660da791db69a696ce1935d189705e730ba6163f669f47d3461c30796eb	6d9c4dd7e622438442f6bd08c27c75c44ab5374a7bc706c379f0717371c44302	90f4a5027df0e052	-	{motive : Minidregg.Kernel.CapabilityDelegationController.Reject → Sort u} → (t : Minidregg.Kernel.CapabilityDelegationController.Reject) → t.ctorIdx = 18 → motive Minidregg.Kernel.CapabilityDelegationController.Reject.policyRejected → motive t
ctor	Minidregg.Kernel.CapabilityDelegationController.Reject.policyUnavailable	4daad6a1f32332a83aa7908cbf024011033f9609d76e4e9cc0230966b5d8c30d	1a5992c0aa739a19f3c52f45fa422df8ba34140024e3759a3de4f31b49645cd4	2bbacc806dd5e7f39b91f10659966464c97516ab60512154975c0dbbc1d578b0	0a7ace60d7d8bd48		Minidregg.Kernel.CapabilityDelegationController.Reject
def	Minidregg.Kernel.CapabilityDelegationController.Reject.policyUnavailable.elim	8139774a83e2db9cfe8ebda6f194c5d3e5f3d5237135fe49e6f9a13fc6641d49	1893df2ac7e30373ca647a5a9240125dd92f5a751b123d67f50a7fad4719af97	14c8f3602332a29fbc6b1a1d1b0c4153424d303766266b7b33e8873fb7bfaeed	85cfc3f3ca45efa6	-	{motive : Minidregg.Kernel.CapabilityDelegationController.Reject → Sort u} → (t : Minidregg.Kernel.CapabilityDelegationController.Reject) → t.ctorIdx = 16 → motive Minidregg.Kernel.CapabilityDelegationController.Reject.policyUnavailable → motive t
ctor	Minidregg.Kernel.CapabilityDelegationController.Reject.replayedMarker	998e5098c8671392044967c0c9bc1af5ea83d699c208eee02cb4772df8d09141	1a5992c0aa739a19f3c52f45fa422df8ba34140024e3759a3de4f31b49645cd4	c6c03125fb7d76157638aa52f503939c6bbc19a095e317353c6fb1ff9dcd3cfe	20e183096e395b1f		Minidregg.Kernel.CapabilityDelegationController.Reject
def	Minidregg.Kernel.CapabilityDelegationController.Reject.replayedMarker.elim	32924e48bbe9cc1953a10540b4066574085b474fe0e883b5ea7b1fdcbed41d3d	d522259a280558b104479c63de46b95bbae80c13af9d618f20176c5026599d2b	e47367dc89cfdf223b3e6c19ee636b4ddc7c2123858dbf6a9dc9e3685a19cbd5	d52d27a320904d35	-	{motive : Minidregg.Kernel.CapabilityDelegationController.Reject → Sort u} → (t : Minidregg.Kernel.CapabilityDelegationController.Reject) → t.ctorIdx = 13 → motive Minidregg.Kernel.CapabilityDelegationController.Reject.replayedMarker → motive t
ctor	Minidregg.Kernel.CapabilityDelegationController.Reject.shape	5eb050bdb6f7b8f574000b5f6b1b53f447cb533c992548246c0a1bcbebc4e78d	1a5992c0aa739a19f3c52f45fa422df8ba34140024e3759a3de4f31b49645cd4	caa0cc6f908dd58b3e25895ae3161963c37ad3f5c87b95982e8eb30e755883ae	f5bf7b7e1df10e64		Minidregg.Kernel.CapabilityDelegationController.Reject
def	Minidregg.Kernel.CapabilityDelegationController.Reject.shape.elim	964fbe52577be8170320b770ffe3322510a2ff5bc256d1c8f97bfe54dc51d73d	28771755ceeb13176edee6b1dfae6d514aa267508955cea81d29ca468a4bd94a	916082b970ba5de53242c023770e50531bfb6e1fdbf2f5e726dd42bb8f8a92d8	f0a0bc38ccdf13e8	-	{motive : Minidregg.Kernel.CapabilityDelegationController.Reject → Sort u} → (t : Minidregg.Kernel.CapabilityDelegationController.Reject) → t.ctorIdx = 10 → motive Minidregg.Kernel.CapabilityDelegationController.Reject.shape → motive t
ctor	Minidregg.Kernel.CapabilityDelegationController.Reject.signature	e586e9279daccd5e23a1908abd2e0a97e2112588f3e6aee3f2f42c20343ed7d7	6ac8ab499c203e44e8fa00734db396b3d2edbf136c42d461c977b1877affca7b	50bf00cdbc114e6c88f1b6df69190dec230a525ee2b5dfd7f7b667353f3ed574	23dd7c750c8a2567		Minidregg.Compiler.CredentialSignatureAdmission.Reject → Minidregg.Kernel.CapabilityDelegationController.Reject
def	Minidregg.Kernel.CapabilityDelegationController.Reject.signature.elim	86827215aa989ad24cec15527045012dedd130ffdd7338df0da9d9a05d20b8f2	7befbc7949b8cecfbb4cf7c5ac4740f5f118822563413d6bf57ef8635eb68a4a	b0c2c7c8dd9cf08e8b970093dc247c9457e000a7094ef98831519bbfe0ff20ff	2a0175d77e39f45a	-	{motive : Minidregg.Kernel.CapabilityDelegationController.Reject → Sort u} → (t : Minidregg.Kernel.CapabilityDelegationController.Reject) → t.ctorIdx = 22 → ((reason : Minidregg.Compiler.CredentialSignatureAdmission.Reject) → motive (Minidregg.Kernel.CapabilityDelegationController.Reject.signature reason)) → motive t
ctor	Minidregg.Kernel.CapabilityDelegationController.Reject.staleAuthority	4086aa71944083981a2a6c70cc18d0b0ddc668c3115caea3b00703874e1713dd	1a5992c0aa739a19f3c52f45fa422df8ba34140024e3759a3de4f31b49645cd4	ce7bbbe17551bfa4eec4cabe6269e4bd60effea1fefa702ff368e834f99a247d	2b6e9ffa047c7e79		Minidregg.Kernel.CapabilityDelegationController.Reject
def	Minidregg.Kernel.CapabilityDelegationController.Reject.staleAuthority.elim	aeec51941ec9c9b8268946eb19a98aa8c44044acfc06d526bb98abb1cfaf50d4	5b5d4560c3eb2be8b0f4d6196de54f3b18cef48d6a209903fe8bf4272b0e06d9	3148bb25f657658959d53b7573020e2569df6e4f7abacf7a962bf1194552bc0f	2d5203e40d7d45cb	-	{motive : Minidregg.Kernel.CapabilityDelegationController.Reject → Sort u} → (t : Minidregg.Kernel.CapabilityDelegationController.Reject) → t.ctorIdx = 5 → motive Minidregg.Kernel.CapabilityDelegationController.Reject.staleAuthority → motive t
ctor	Minidregg.Kernel.CapabilityDelegationController.Reject.staleTarget	067f2012f4c2b49f2b01381960357831a26368dcd79e7be7097cd83079f17c9a	1a5992c0aa739a19f3c52f45fa422df8ba34140024e3759a3de4f31b49645cd4	707a2b84838098146f039acf35297884acdf4382f5f9bde43e28e70cfefeedaa	fdf1b2892c248703		Minidregg.Kernel.CapabilityDelegationController.Reject
def	Minidregg.Kernel.CapabilityDelegationController.Reject.staleTarget.elim	e3b53f42e0c761eba6bc6a237b7384c5ca0929669ab5dc696c3310dbb44ec3fb	67fc7e07261053299e175433f1265a58b22759868550164a74064851a09d03d8	7458321b2df9976d9104d1cbc2be0a86e73bd20cf33e8ba175c6a2fc4139a07d	b081f6550795c232	-	{motive : Minidregg.Kernel.CapabilityDelegationController.Reject → Sort u} → (t : Minidregg.Kernel.CapabilityDelegationController.Reject) → t.ctorIdx = 4 → motive Minidregg.Kernel.CapabilityDelegationController.Reject.staleTarget → motive t
ctor	Minidregg.Kernel.CapabilityDelegationController.Reject.targetUnavailable	d076aeef483a9be1bd42c642384b313812c1e5b23e654674153de69b30315358	1a5992c0aa739a19f3c52f45fa422df8ba34140024e3759a3de4f31b49645cd4	ec0e7f1148cd243570231208be784670ae4df74ca29edf2137b1ef6d30e328f2	01916cc312d4e0ea		Minidregg.Kernel.CapabilityDelegationController.Reject
def	Minidregg.Kernel.CapabilityDelegationController.Reject.targetUnavailable.elim	d1156d20edc7592a011ba25285962591f1d534d59c97a79f24a79654b49f933a	ce092b342ae7311dcf09b4c6411b4d7fd42423fdba9070df1f11e67b7efe0e18	225146fae7a1e82e015bd56eb1462b3d9016f3302da7de527124e064b70dbabd	07765b3a99faa22e	-	{motive : Minidregg.Kernel.CapabilityDelegationController.Reject → Sort u} → (t : Minidregg.Kernel.CapabilityDelegationController.Reject) → t.ctorIdx = 3 → motive Minidregg.Kernel.CapabilityDelegationController.Reject.targetUnavailable → motive t
ctor	Minidregg.Kernel.CapabilityDelegationController.Reject.undeclaredMarker	c2d6c9aa1880f3be2f324609ba76c7a3be3fa947bed06df2fdf3d2a7f1d4dfe7	1a5992c0aa739a19f3c52f45fa422df8ba34140024e3759a3de4f31b49645cd4	2de1a7da1e123eeb76f5ce25e8ace8e2d23df8c722c5636c51cedf0e95a6c784	d141b8e001f28116		Minidregg.Kernel.CapabilityDelegationController.Reject
def	Minidregg.Kernel.CapabilityDelegationController.Reject.undeclaredMarker.elim	48e182304c7ccdbda30180d72d71860b6fb6c0f3ddf86ecdb64c539b51a7d404	5295bf3c8a4fd9a9a7fcf9fd86c6785d58699429658fc8fa2a33d00f4277b106	02861ac21dabdae620fe54d75f6be01149659e6b5c9703d54309cfbe04e011e0	f003e25ccfa7b1d3	-	{motive : Minidregg.Kernel.CapabilityDelegationController.Reject → Sort u} → (t : Minidregg.Kernel.CapabilityDelegationController.Reject) → t.ctorIdx = 14 → motive Minidregg.Kernel.CapabilityDelegationController.Reject.undeclaredMarker → motive t
ctor	Minidregg.Kernel.CapabilityDelegationController.Reject.undeclaredTransaction	593661a2002642b2cdc3188de497669605f520a3394a2a807fd29ecfe516c00e	1a5992c0aa739a19f3c52f45fa422df8ba34140024e3759a3de4f31b49645cd4	8c055d35b5e3950383df5ae68f7d92f1104ae1db3d51f775478842e6fae102cb	c680413685e29ad8		Minidregg.Kernel.CapabilityDelegationController.Reject
def	Minidregg.Kernel.CapabilityDelegationController.Reject.undeclaredTransaction.elim	ce98c25654c91a16f7affb125a7e60adfebe4b2d66854a8a033d44780d6568f3	63cd2319a82ff4d12f02f86c43036ad40cb328bca2d622708626b8062af9edcd	09ea6529289c7a9479f6d255877f3685d46f3d9707a2d2a0371769d763b2764e	20256e101ae42e0b	-	{motive : Minidregg.Kernel.CapabilityDelegationController.Reject → Sort u} → (t : Minidregg.Kernel.CapabilityDelegationController.Reject) → t.ctorIdx = 15 → motive Minidregg.Kernel.CapabilityDelegationController.Reject.undeclaredTransaction → motive t
ctor	Minidregg.Kernel.CapabilityDelegationController.Reject.validation	a1c85e6b6d18dc474b09fd2423f57db7187bdd98ff6776be90461ab21bbb8fea	1a5992c0aa739a19f3c52f45fa422df8ba34140024e3759a3de4f31b49645cd4	cf596c1a5ae304caa7daa58e8e6252588776fb3a99a5a2faccc15f0e6a558661	2a432625014224d4		Minidregg.Kernel.CapabilityDelegationController.Reject
def	Minidregg.Kernel.CapabilityDelegationController.Reject.validation.elim	eb751aec25ac30f52dd576584685e6e917fe7fbf68bfb11fd0a59be62629d5d7	cc3d221a94a1d37b5c2717876e988e0fc222dfc42f695fa8ec850ea142923cb7	bac116f41eaea3cfc3e580df8f582cde1a5f7502996bf393e8ad995e62b4a78f	7e332ad47efefb42	-	{motive : Minidregg.Kernel.CapabilityDelegationController.Reject → Sort u} → (t : Minidregg.Kernel.CapabilityDelegationController.Reject) → t.ctorIdx = 11 → motive Minidregg.Kernel.CapabilityDelegationController.Reject.validation → motive t
def	Minidregg.Kernel.CapabilityDelegationController.Snapshot	c26f52454941fc6f0454ea631500519b73e26f50247abbd20ea72bc906164db3	89855d392aa192071e8a2b2230d30ecae8fc9de0c15fa6a53f6209226829292a	51dc58b5ed3022ba30e7adab72f617e35b1d53acd0d943f4ff65ac0bb6a239dc	f046ec6127898f26	Classical.choice,Quot.sound,propext	Type
def	Minidregg.Kernel.CapabilityDelegationController.admitNative	66b2f179274437c9e9f50bb0d16ccc8681952d6b5eb2cb91b4b47793f17c0ae7	897742cd5276cd5006be0870104aef26f58fc0c5e7ccce7769607f998f72cb5e	e19bf530bf8afa9e6daea04f93f98a8593c7a0360eead3975efd69e14f8d3e16	2ad20160278809d4	Classical.choice,Quot.sound,propext	{F : Type} → [inst : Field F] → {deployment : Minidregg.Kernel.CapabilityDelegationController.Deployment} → {profile : Minidregg.Compiler.CanonicalRuntimeProfile.Profile F} → {ambient : Minidregg.Kernel.CapabilityDelegationController.Ambient} → {ground : Minidregg.Kernel.CapabilityDelegationController.Ground deployment} → {kind : Minidregg.Theory.TypedAuthorization.ResourceKind} → {command : Minidregg.Kernel.CapabilityDelegationController.Command kind} → [inst_1 : DecidableEq F] → Minidregg.Compiler.CredentialSignatureIO.NativeConfig → (prepared : Minidregg.Kernel.CapabilityDelegationController.Prepared deployment profile ambient ground command) → (envelope : List UInt8) → IO (Except Minidregg.Kernel.CapabilityDelegationController.Reject (Minidregg.Kernel.CapabilityDelegationController.Accepted prepared envelope))
def	Minidregg.Kernel.CapabilityDelegationController.authorize	e81b2b344d760e29e889cfc2187a18219b55273a8075090dabbf4c481d08413c	dcdcea55709fa96fc45ce99f184acc76aa6efc70f086d302a4264fa17215129c	2dd56b683d034bef65a6e5d1cf13ec7a8a2bb8bc72a99afbdadf7ec71fdc8611	025c42d078b7ae36	Classical.choice,Quot.sound,propext	{F : Type} → [inst : Field F] → {deployment : Minidregg.Kernel.CapabilityDelegationController.Deployment} → {profile : Minidregg.Compiler.CanonicalRuntimeProfile.Profile F} → {ambient : Minidregg.Kernel.CapabilityDelegationController.Ambient} → {ground : Minidregg.Kernel.CapabilityDelegationController.Ground deployment} → {kind : Minidregg.Theory.TypedAuthorization.ResourceKind} → {command : Minidregg.Kernel.CapabilityDelegationController.Command kind} → [inst_1 : DecidableEq F] → (prepared : Minidregg.Kernel.CapabilityDelegationController.Prepared deployment profile ambient ground command) → Minidregg.Compiler.CredentialSignatureAdmission.CheckedSignature (Minidregg.Compiler.ServedBasis.Ground.authority ground) → Except Minidregg.Kernel.CapabilityDelegationController.Reject { authorization // authorization.evidence.capabilityValue = Option.some (prepared.parent.head, Minidregg.Compiler.CredentialAuthorityPolicyRegistry.storedCapabilityDigest (Minidregg.Compiler.ServedBasis.Ground.authority ground) prepared.parent) }
def	Minidregg.Kernel.CapabilityDelegationController.child	7ca8fa569311a8835fb1927fed6cadb71779db73a8dcae08f301937d2a933370	aebb24508c36f320176018e34759e4483dd89e06dcddace94e289dd21168fcaa	aef340ac4b9067d1e726326a104912318e912d3861c7a5453c924176faa9a3fb	3bc3e39a1144d07e	Classical.choice,Quot.sound,propext	{kind : Minidregg.Theory.TypedAuthorization.ResourceKind} → Minidregg.Kernel.CapabilityDelegationController.Snapshot → Minidregg.Theory.TypedAuthorization.Digest → Minidregg.Kernel.CapabilityDelegationController.Ambient → Minidregg.Kernel.CapabilityDelegationController.Command kind → Minidregg.Theory.CredentialAuthorityState.StoredCapability kind → Minidregg.Theory.CredentialAuthorityState.StoredCapability kind
theorem	Minidregg.Kernel.CapabilityDelegationController.child_anchored	bc743e6062d4630bb3e10d8b1b512fd9aab83f0186cbbaaa3fef5acf03fcab6c	079ea991d738b6e5165f520a118567b2986b5fa7aa2119f4ce981c7d6a6d6606	b040dfe6eee4bc450a685c7e3a0c9b4c580e58a3f62a48137851291036773c38	865d92a6f8e42386	Classical.choice,Quot.sound,propext	∀ {F : Type} [inst : Field F] {deployment : Minidregg.Kernel.CapabilityDelegationController.Deployment} {profile : Minidregg.Compiler.CanonicalRuntimeProfile.Profile F} {ambient : Minidregg.Kernel.CapabilityDelegationController.Ambient} {ground : Minidregg.Kernel.CapabilityDelegationController.Ground deployment} {kind : Minidregg.Theory.TypedAuthorization.ResourceKind} {command : Minidregg.Kernel.CapabilityDelegationController.Command kind} (prepared : Minidregg.Kernel.CapabilityDelegationController.Prepared deployment profile ambient ground command), Minidregg.Theory.CredentialLineageAdmission.LineageAnchored prepared.validated.apply (Minidregg.Kernel.CapabilityDelegationController.child (Minidregg.Compiler.ServedBasis.Ground.authority ground) profile.semantics ambient command prepared.parent)
def	Minidregg.Kernel.CapabilityDelegationController.commandBytes	521a1b50c0cba2980d68b03b1aa2a65b1c55c471527624e21e0b7096ed7de6d0	e91ee4929a28aab9c4745d098daddf5fcc7d20e108e1fab71a8a9f038fc67852	37ee3d6b033e69b8bb72b6dba0a8595f8437a08b02e4a1508d7630d13c2f94a7	ec2d74fa95246991	Classical.choice,Quot.sound,propext	{kind : Minidregg.Theory.TypedAuthorization.ResourceKind} → Minidregg.Theory.TypedAuthorization.Digest → Minidregg.Theory.TypedAuthorization.Digest → Minidregg.Kernel.CapabilityDelegationController.Command kind → Minidregg.Theory.CredentialAuthorityEffects.DelegateDeclaration kind → List UInt8
def	Minidregg.Kernel.CapabilityDelegationController.commandCodec	4cef61043ab9c1dde071f500609e291633ea6e622d08f189154be7f59220cce9	cdce98499e35a9607441f782be8e382f700c9978620e6edd0db9c559e68627ae	2a2e7f5b55eb20acbffdac36f3d2e24bb26351e9e6333ddcea125eaa38bd662b	d96bc8e831e27077	Classical.choice,Quot.sound,propext	Minidregg.Theory.IndexedProgram.LawfulCodec Minidregg.Kernel.CapabilityDelegationController.PackedCommand
def	Minidregg.Kernel.CapabilityDelegationController.commandFrame	52277a119de37390f2f54cec3fbf246bf344c58b071d9164c28fcf0155ff010f	268fce01293bcb84de059c093737d89d8980bbc789bd14e1bc6693665008f358	4610597e8570bd465d5bfa20007073ab333d126ac6b0b3753b4ffbb1f9e7be3d	f0ceb895b62352f2	propext	List UInt8
def	Minidregg.Kernel.CapabilityDelegationController.commandFrameName	1ec9dd9a7ad551b5dd4980dbe390f05391c9afce5f11c35d9b43be9435568c10	268fce01293bcb84de059c093737d89d8980bbc789bd14e1bc6693665008f358	7d8230e5c32e33c6f90d2ee699a517cb0586f27ec93d2aca5350afbc455cffd8	f1c22fd746f0ca4e	propext	List UInt8
def	Minidregg.Kernel.CapabilityDelegationController.commandStream	139bcab3c03c6669b5f70e9fb723184ae0335df763e990464aa6160be363d587	a28c838dc8051e380c4dfac2dd80f84e6124fd489b738d167b488c73ba475c09	1b5bbe6f3b5b5d624d45c3a7669ea3dac4c52e81855f8d9538a8d7b8d885d1d6	4764573bfe66ff73	Classical.choice,Quot.sound,propext	(kind : Minidregg.Theory.TypedAuthorization.ResourceKind) → Minidregg.Compiler.Tower256ConcreteBackend.StreamCodec (Minidregg.Kernel.CapabilityDelegationController.Command kind)
theorem	Minidregg.Kernel.CapabilityDelegationController.command_decode_canonical	f6ca8a669f3f6836c91c52e1883a451eea1d09e946895371ae8e368ba2e41875	d0f561cfde9db6ad1cab3c82e410400296130273f4b725176ff7dfe451aef2c9	c5d44732bae3a08c9e6151bc577941434a253f921fd4ba077d7dddbc19efc768	9b6d83fd897ff79c	Classical.choice,Quot.sound,propext	∀ {bytes : List UInt8} {command : Minidregg.Kernel.CapabilityDelegationController.PackedCommand}, Minidregg.Kernel.CapabilityDelegationController.commandCodec.decode bytes = Option.some command → Minidregg.Kernel.CapabilityDelegationController.commandCodec.encode command = bytes
def	Minidregg.Kernel.CapabilityDelegationController.context	71e9eac1252b67bd92dd2b5491c0ba4a0c6cde01b13c827bb2f4547cf509d326	3a1456a852d027bb81a523c96b56d7b4b996f3929b1b0fcd27f9faf1240014a1	d2e2635bfe4e0ea250c91440ca3acfc1558b7e533647518419f344f69af70ec8	137c442feb569f27	Classical.choice,Quot.sound,propext	{kind : Minidregg.Theory.TypedAuthorization.ResourceKind} → Minidregg.Kernel.CapabilityDelegationController.Snapshot → Minidregg.Theory.TypedAuthorization.Digest → Minidregg.Kernel.CapabilityDelegationController.Ambient → Minidregg.Kernel.CapabilityDelegationController.Command kind → Minidregg.Theory.CredentialAuthorityEffects.DelegationContext
def	Minidregg.Kernel.CapabilityDelegationController.declarationCodec	213f4e0d0a8bfb7875fdb883bd36edc895da625d8fa0e41a01c96cff4ad09d24	8f3986ba675fbd3b935f0d0b8410c246e89b22bffbaccb2568374cf75f283ef0	c6ee81eed6902eea98dc2a4c1d9c870111ce87c75e6a5b57a2e8c2cbe51f5928	e1d8ffd09a51ce5f	Classical.choice,Quot.sound,propext	(kind : Minidregg.Theory.TypedAuthorization.ResourceKind) → Minidregg.Theory.IndexedProgram.LawfulCodec (Minidregg.Theory.CredentialAuthorityEffects.DelegateDeclaration kind)
def	Minidregg.Kernel.CapabilityDelegationController.declarationStream	7cd1953e264487946a86b499e603ddf7a2c474a6f71b8ebf43d3816fa261a6ef	9c252d9eb8ae13e0d001153363b3bd98975082fbb25c94c5474d66ba301c5cea	577745d53bcfd15bb88a2ccf96977ebab6a4027d39199b16d93fe07a09bc5622	b3a4947c7bf5b488	Classical.choice,Quot.sound,propext	(kind : Minidregg.Theory.TypedAuthorization.ResourceKind) → Minidregg.Compiler.Tower256ConcreteBackend.StreamCodec (Minidregg.Theory.CredentialAuthorityEffects.DelegateDeclaration kind)
def	Minidregg.Kernel.CapabilityDelegationController.descentEvidence	53134507764696b8731ccbfcdd151da2b37333d7673ac8a72f6985e6fa48af5d	8e237784b93a50f4bc62010c1f96aad2d37c3b46d2f2bd21649cb03e50873532	85932278b728acf496533366652fc6316915c2e5c73d7499a2925a4e03fa492a	5f24316a81a7cdc7	Classical.choice,Quot.sound,propext	{kind : Minidregg.Theory.TypedAuthorization.ResourceKind} → (snapshot : Minidregg.Kernel.CapabilityDelegationController.Snapshot) → (command : Minidregg.Kernel.CapabilityDelegationController.Command kind) → (parent : Minidregg.Theory.CredentialAuthorityState.StoredCapability kind) → Minidregg.Kernel.CapabilityDelegationController.DescentReady snapshot command parent → Minidregg.Theory.CredentialAuthorityState.LineageValid (Minidregg.Kernel.CapabilityDelegationController.parentage snapshot command) parent → Minidregg.Theory.CredentialLineageAdmission.LineageAnchored snapshot.cell parent → Minidregg.Theory.CredentialAuthorityEffects.DescentEvidence snapshot.cell command.declaration.parentId command.declaration.child parent
def	Minidregg.Kernel.CapabilityDelegationController.descentReadyDecidable	0857b37adc6e715071b8ae22128fffaa72518ae46d349e5183427a55b004e497	d835b916228ec0483e578a986f83011ce7b300be12a44b745659c7067b6d4246	403ccf429629caf3f27020c781e148acf69653ca8243e4314032391c120643e6	75a195d1f0b4e12c	Classical.choice,Quot.sound,propext	{kind : Minidregg.Theory.TypedAuthorization.ResourceKind} → (snapshot : Minidregg.Kernel.CapabilityDelegationController.Snapshot) → (command : Minidregg.Kernel.CapabilityDelegationController.Command kind) → (parent : Minidregg.Theory.CredentialAuthorityState.StoredCapability kind) → Decidable (Minidregg.Kernel.CapabilityDelegationController.DescentReady snapshot command parent)
def	Minidregg.Kernel.CapabilityDelegationController.effectsDigest	1e327756b258300ad78df7362faa204946f513400831c0ea9fd079fb6847a589	8d85f022dacdbf4c4f8f3fbcaa1ccb813858046d676408948941b821d0fd6436	149bd2c066bedc73cacb0717a244fc7d905f38df49781358b5cdd7c2bfcd02cc	e20fcb7df2a85de8	Classical.choice,Quot.sound,propext	{kind : Minidregg.Theory.TypedAuthorization.ResourceKind} → Minidregg.Theory.TypedAuthorization.Digest → Minidregg.Theory.TypedAuthorization.Digest → Minidregg.Kernel.CapabilityDelegationController.Command kind → Minidregg.Theory.CredentialAuthorityEffects.DelegateDeclaration kind → Minidregg.Theory.TypedAuthorization.Digest
def	Minidregg.Kernel.CapabilityDelegationController.kindDependencies	60ec1c16c904d7de7329a86e708be3a411a15fd315aaea0939e768a74ea655c4	30021f9ba9ef9aec02329a00ed248aeb5f4203c2abcf44701bd3ba92747ca877	b289e783aaca88c7e6c925e907e5ecbc968f9aa0efbadb255f93371d89c00643	c2ce60c8e2b7e9f7	Classical.choice,Quot.sound,propext	{F : Type} → [inst : Field F] → {deployment : Minidregg.Kernel.CapabilityDelegationController.Deployment} → {profile : Minidregg.Compiler.CanonicalRuntimeProfile.Profile F} → {ambient : Minidregg.Kernel.CapabilityDelegationController.Ambient} → {ground : Minidregg.Kernel.CapabilityDelegationController.Ground deployment} → {kind : Minidregg.Theory.TypedAuthorization.ResourceKind} → {command : Minidregg.Kernel.CapabilityDelegationController.Command kind} → Minidregg.Kernel.CapabilityDelegationController.Prepared deployment profile ambient ground command → Option Minidregg.Compiler.WorldKindLawDependencies.Dependencies
def	Minidregg.Kernel.CapabilityDelegationController.lawReadGuards	3de656597d98f2b093f71c17b5085524186faad7cdc613312312375ec65a844a	530dc8b0ed997a82f67cb628fc664c667ee9dc35e2d9553ffc0dbda490729455	4619b4c3811b0d2f44a1ddc0edce2448840466acca9da00ea73bebdbd2496cf7	03be10ed0c3979e3	Classical.choice,Quot.sound,propext	{F : Type} → [inst : Field F] → {deployment : Minidregg.Kernel.CapabilityDelegationController.Deployment} → {profile : Minidregg.Compiler.CanonicalRuntimeProfile.Profile F} → {ambient : Minidregg.Kernel.CapabilityDelegationController.Ambient} → {ground : Minidregg.Kernel.CapabilityDelegationController.Ground deployment} → {kind : Minidregg.Theory.TypedAuthorization.ResourceKind} → {command : Minidregg.Kernel.CapabilityDelegationController.Command kind} → Minidregg.Kernel.CapabilityDelegationController.Prepared deployment profile ambient ground command → Option (List (ℕ × Minidregg.Theory.TypedAuthorization.Digest))
def	Minidregg.Kernel.CapabilityDelegationController.layout	b3c4203229c49364c9b397c190df77570bb6ee9d5cfe0cdaa23678bfb4b74ffb	addfaba27d2ae8f73e3d7a06955f8617d9ae01ddf555deab0fa22c31fd6278fd	b6c72f9c316dd353ff3575f950428313197e5546daa60137bd0e189268099fc3	f5404985566f538d	Classical.choice,Quot.sound,propext	{F : Type} → [inst : Field F] → {deployment : Minidregg.Kernel.CapabilityDelegationController.Deployment} → {profile : Minidregg.Compiler.CanonicalRuntimeProfile.Profile F} → {ambient : Minidregg.Kernel.CapabilityDelegationController.Ambient} → {ground : Minidregg.Kernel.CapabilityDelegationController.Ground deployment} → {kind : Minidregg.Theory.TypedAuthorization.ResourceKind} → {command : Minidregg.Kernel.CapabilityDelegationController.Command kind} → Minidregg.Kernel.CapabilityDelegationController.Prepared deployment profile ambient ground command → Minidregg.Kernel.MultiCellHyperedge.CellLayout Unit
def	Minidregg.Kernel.CapabilityDelegationController.mode	bd6eeda6b228f39a4ea59ad52538af897f496c5b7542cd357cee5d16bd69d7d7	efb4afe26f0d6d3042f29d6be4440870b2bac998f0cd01d035839f4cbfdcdf68	b732fa5e45c43b192e3d5bb8b41a43786aa57b9b997c1ae10fee2c78b5be7da5	3b7eec91601d8b8f	Classical.choice,Quot.sound,propext	{F : Type} → [inst : Field F] → {deployment : Minidregg.Kernel.CapabilityDelegationController.Deployment} → {profile : Minidregg.Compiler.CanonicalRuntimeProfile.Profile F} → {ambient : Minidregg.Kernel.CapabilityDelegationController.Ambient} → {ground : Minidregg.Kernel.CapabilityDelegationController.Ground deployment} → {kind : Minidregg.Theory.TypedAuthorization.ResourceKind} → {command : Minidregg.Kernel.CapabilityDelegationController.Command kind} → [inst_1 : DecidableEq F] → (prepared : Minidregg.Kernel.CapabilityDelegationController.Prepared deployment profile ambient ground command) → (authorization : Minidregg.Theory.TypedAuthorization.Authorized (Minidregg.Kernel.CapabilityDelegationController.portal prepared) (Minidregg.Compiler.ServedBasis.Ground.authority ground).authState (Minidregg.Kernel.CapabilityDelegationController.request (Minidregg.Compiler.ServedBasis.Ground.authority ground) profile.semantics ambient command)) → authorization.evidence.capabilityValue = Option.some (prepared.parent.head, Minidregg.Compiler.CredentialAuthorityPolicyRegistry.storedCapabilityDigest (Minidregg.Compiler.ServedBasis.Ground.authority ground) prepared.parent) → Minidregg.Theory.CredentialAuthorityEffects.DelegationEvidence (Minidregg.Compiler.ServedBasis.Ground.authority ground).cell (Minidregg.Kernel.CapabilityDelegationController.portal prepared) (Minidregg.Kernel.CapabilityDelegationController.context (Minidregg.Compiler.ServedBasis.Ground.authority ground) profile.semantics ambient command) (Minidregg.Kernel.CapabilityDelegationController.declarationCodec kind) (Minidregg.Kernel.CapabilityDelegationController.effectsDigest (Minidregg.Compiler.ServedBasis.Ground.authority ground).domain profile.semantics command) command.declaration prepared.parent
def	Minidregg.Kernel.CapabilityDelegationController.observeTarget	cd3bcb4b7c0d638285af0b9ddfaf327466db6147c5eec35a14046e1b79e20d25	156cd88bee8ceae3a6a35d376da00707cc9eea64a37924272f8842f64f2a9c4d	6a07bc7a00473ed473161441114614742a5c4db128d6dc0484d41ee1bd0c7602	ee18bd32576b16d8	Classical.choice,Quot.sound,propext	(deployment : Minidregg.Kernel.CapabilityDelegationController.Deployment) → (directory : Minidregg.Theory.CellRegistry.Directory ℕ Minidregg.Kernel.CapabilityDelegationController.Registry) → {kind : Minidregg.Theory.TypedAuthorization.ResourceKind} → (command : Minidregg.Kernel.CapabilityDelegationController.Command kind) → Option (Minidregg.Kernel.CapabilityDelegationController.ObservedTarget deployment directory command)
def	Minidregg.Kernel.CapabilityDelegationController.operationMarker	ff31c53b384b33234b712968d79c6dc778345661d8ec4b961cabde27e8593dce	3501e5d904141b0d258ee46bce59bb51935dcdfb0f5582d2c194a3d0c4f0cdbd	8fa68788edd0ee997ee7e3e1fea84048bc267e0aa08e6c67ff3051e92e3f62f0	3e1149f9d5585ea3	Classical.choice,Quot.sound,propext	{kind : Minidregg.Theory.TypedAuthorization.ResourceKind} → Minidregg.Theory.TypedAuthorization.Digest → Minidregg.Theory.TypedAuthorization.Digest → Minidregg.Kernel.CapabilityDelegationController.Command kind → ℕ
def	Minidregg.Kernel.CapabilityDelegationController.packedCommandStream	2570cab2aa89368df002b377515c0506f2c9dd7a34a3cca4f57dbf40a8475f15	6dc2901212b77845285f183e0488d935de81ce1d01910cb5a6b73eed059c371b	093a82f5874e7e6fb48da606134d2a05e516c89145633f5aa67cfbfc10d6e588	bba0d7bf23f0c826	Classical.choice,Quot.sound,propext	Minidregg.Compiler.Tower256ConcreteBackend.StreamCodec Minidregg.Kernel.CapabilityDelegationController.PackedCommand
def	Minidregg.Kernel.CapabilityDelegationController.parentage	1b6e210cdb6e2f4152b75d580315a7e3f71c41a7bf87a739bd9b7b7512f60d8a	727270ba6aeec96e2a4a326d0b19a2acf74b30bc940ed49a0ef98a0c720e0883	984e593698c5e25847d0713ef35e3da2d8039cbbd03308560d8ff1e70aaf712f	c55abf94e8cb7124	Classical.choice,Quot.sound,propext	{kind : Minidregg.Theory.TypedAuthorization.ResourceKind} → Minidregg.Kernel.CapabilityDelegationController.Snapshot → Minidregg.Kernel.CapabilityDelegationController.Command kind → Minidregg.Theory.TypedAuthorization.Parentage
def	Minidregg.Kernel.CapabilityDelegationController.plan	4a5cc9c62fc8eeb080cd76a4a7c96262d9dd255b0c7f968a92b79778030361d7	c68a98a1e2a2298c7443e52067c911b02321008ee8120fea8b5774fab2fd62bc	8217c54c8088b0b2677997ac00e69476f66c6a265f3635fc12c08ce8c12510d9	45300992f4610d2f	Classical.choice,Quot.sound,propext	{F : Type} → [inst : Field F] → {deployment : Minidregg.Kernel.CapabilityDelegationController.Deployment} → {profile : Minidregg.Compiler.CanonicalRuntimeProfile.Profile F} → {ambient : Minidregg.Kernel.CapabilityDelegationController.Ambient} → {ground : Minidregg.Kernel.CapabilityDelegationController.Ground deployment} → {kind : Minidregg.Theory.TypedAuthorization.ResourceKind} → {command : Minidregg.Kernel.CapabilityDelegationController.Command kind} → (prepared : Minidregg.Kernel.CapabilityDelegationController.Prepared deployment profile ambient ground command) → Minidregg.Kernel.MultiCellHyperedge.PreparationPlan (Minidregg.Kernel.CapabilityDelegationController.layout prepared) Unit
def	Minidregg.Kernel.CapabilityDelegationController.policyConfig	9f54cfa875adaab2ac79bcfe5c52ad42566d44c9c106bcd01b957484fe9655c3	17b1504497063f377f66fe8ef3e308903299d885fec15285c8350fdbf08c2430	d20d3cd5073bf760d0ec2292c71d4ee952cdf3221e7cc5858d4ee6f6cb50937e	b95c747074f25fd5	Classical.choice,Quot.sound,propext	{F : Type} → [inst : Field F] → {deployment : Minidregg.Kernel.CapabilityDelegationController.Deployment} → {profile : Minidregg.Compiler.CanonicalRuntimeProfile.Profile F} → {ambient : Minidregg.Kernel.CapabilityDelegationController.Ambient} → {ground : Minidregg.Kernel.CapabilityDelegationController.Ground deployment} → {kind : Minidregg.Theory.TypedAuthorization.ResourceKind} → {command : Minidregg.Kernel.CapabilityDelegationController.Command kind} → [inst_1 : DecidableEq F] → Minidregg.Kernel.CapabilityDelegationController.Prepared deployment profile ambient ground command → Minidregg.Compiler.ComposedPolicyAdmission.Config F
def	Minidregg.Kernel.CapabilityDelegationController.portal	82ed2982ed40d66e90ba53a5e3a91be4708088c6cb314375a0a955d5006d2011	97d6a59032bd8952a719b87857ab107e5cba9c39eb11840c4c53297afc67a67c	113e77f1fae96ad1c890713f2ad727c7198ffa6f65a6989acaa0379890bc6dca	4c9ca59c10f0a43c	Classical.choice,Quot.sound,propext	{F : Type} → [inst : Field F] → {deployment : Minidregg.Kernel.CapabilityDelegationController.Deployment} → {profile : Minidregg.Compiler.CanonicalRuntimeProfile.Profile F} → {ambient : Minidregg.Kernel.CapabilityDelegationController.Ambient} → {ground : Minidregg.Kernel.CapabilityDelegationController.Ground deployment} → {kind : Minidregg.Theory.TypedAuthorization.ResourceKind} → {command : Minidregg.Kernel.CapabilityDelegationController.Command kind} → [DecidableEq F] → Minidregg.Kernel.CapabilityDelegationController.Prepared deployment profile ambient ground command → Minidregg.Theory.TypedAuthorization.Portal
def	Minidregg.Kernel.CapabilityDelegationController.prepare	181b3682e28cd5f5fb8ff48db33e391fc6ee681851ca6e648db1acf76be920b8	2e769ebba64c727f2abb5588996908fb18ff2e15e9377be4e099cc166a7667f9	5c7d993dbde37658e5a980a32eb87c992c68baa5078766a261d106f1a376c1aa	8fc2770e1be62ed8	Classical.choice,Quot.sound,propext	{F : Type} → [inst : Field F] → (deployment : Minidregg.Kernel.CapabilityDelegationController.Deployment) → (profile : Minidregg.Compiler.CanonicalRuntimeProfile.Profile F) → (ambient : Minidregg.Kernel.CapabilityDelegationController.Ambient) → (ground : Minidregg.Kernel.CapabilityDelegationController.Ground deployment) → {kind : Minidregg.Theory.TypedAuthorization.ResourceKind} → (command : Minidregg.Kernel.CapabilityDelegationController.Command kind) → Except Minidregg.Kernel.CapabilityDelegationController.Reject (Minidregg.Kernel.CapabilityDelegationController.Prepared deployment profile ambient ground command)
def	Minidregg.Kernel.CapabilityDelegationController.prepareOn	ecbd77a2921fcdfb0d024d56a6a0d018e5dbfec2a25e9ebcb71bc115d9671418	c41d96cdf343f2f9ca1e34ddd35fe4ac074a766443d74ee979b39ce90c681bcb	ee08e4247ed98da8b22520345c0bad690873111c51d614cbd9c1f0cd53e125ca	7ecefecb1e69883f	Classical.choice,Quot.sound,propext	{F : Type} → [inst : Field F] → (deployment : Minidregg.Kernel.CapabilityDelegationController.Deployment) → (profile : Minidregg.Compiler.CanonicalRuntimeProfile.Profile F) → (ambient : Minidregg.Kernel.CapabilityDelegationController.Ambient) → (directory : Minidregg.Theory.CellRegistry.Directory ℕ Minidregg.Kernel.CapabilityDelegationController.Registry) → (authority : Minidregg.Kernel.CapabilityDelegationController.Snapshot) → Option Bool → {kind : Minidregg.Theory.TypedAuthorization.ResourceKind} → (command : Minidregg.Kernel.CapabilityDelegationController.Command kind) → Except Minidregg.Kernel.CapabilityDelegationController.Reject (Minidregg.Kernel.CapabilityDelegationController.PreparedOn deployment profile ambient directory authority command)
theorem	Minidregg.Kernel.CapabilityDelegationController.prepareOn_map_congr	1751163810fe60824e0a516d29bc7e7590566938389c62b04aa481e9191c00e5	0111645992d7bef102fdb7022715dd422b92c2bf0284b32dd795e33a301a6e91	87a608429b2674a9de3ba0e5bc7ec5ec02888f3c2689f7e239536d7e1570ee8d	a2e93e4019eb4c15	Classical.choice,Quot.sound,propext	∀ {F : Type} [inst : Field F] (deployment : Minidregg.Kernel.CapabilityDelegationController.Deployment) (profile : Minidregg.Compiler.CanonicalRuntimeProfile.Profile F) (ambient : Minidregg.Kernel.CapabilityDelegationController.Ambient) {directory directory' : Minidregg.Theory.CellRegistry.Directory ℕ Minidregg.Kernel.CapabilityDelegationController.Registry} {authority authority' : Minidregg.Kernel.CapabilityDelegationController.Snapshot} {spent spent' : Option Bool} {kind : Minidregg.Theory.TypedAuthorization.ResourceKind} (command : Minidregg.Kernel.CapabilityDelegationController.Command kind), directory = directory' → authority = authority' → spent = spent' → Except.map (fun x => ()) (Minidregg.Kernel.CapabilityDelegationController.prepareOn deployment profile ambient directory authority spent command) = Except.map (fun x => ()) (Minidregg.Kernel.CapabilityDelegationController.prepareOn deployment profile ambient directory' authority' spent' command)
theorem	Minidregg.Kernel.CapabilityDelegationController.prepareOn_unanswered	b051d6b9f705b630e8fef9c24d1d122fb44309cbad410b95de2bf6c74b03966a	18815a1a318ac262b78414a9f19054350632b007f1398d8b3c3bcf0f46215984	2a389ae6ebd320d40c205a9b33d895a1a9b367dbb458ba3cb3dafc826546e380	4723d924633e4d67	Classical.choice,Quot.sound,propext	∀ {F : Type} [inst : Field F] (deployment : Minidregg.Kernel.CapabilityDelegationController.Deployment) (profile : Minidregg.Compiler.CanonicalRuntimeProfile.Profile F) (ambient : Minidregg.Kernel.CapabilityDelegationController.Ambient) (directory : Minidregg.Theory.CellRegistry.Directory ℕ Minidregg.Kernel.CapabilityDelegationController.Registry) (authority : Minidregg.Kernel.CapabilityDelegationController.Snapshot) {kind : Minidregg.Theory.TypedAuthorization.ResourceKind} (command : Minidregg.Kernel.CapabilityDelegationController.Command kind), Minidregg.Kernel.CapabilityDelegationController.prepareOn deployment profile ambient directory authority Option.none command = Except.error Minidregg.Kernel.CapabilityDelegationController.Reject.undeclaredMarker
theorem	Minidregg.Kernel.CapabilityDelegationController.prepare_agrees	506e3fdd3343dc9f8a54d7c0fefe369939a2948a2c34d3dc9fa3165c0a41435d	a2fc86da2214933a2b0dd03465ac4925e6e8624efe2d73872180eeead0bdd635	42c9d86a9dcd2a9df5625117b2dae5e9f5d6fb3283f540213c5d29c398fa257f	5958c2fb24ee95dc	Classical.choice,Quot.sound,propext	∀ {F : Type} [inst : Field F] (deployment : Minidregg.Kernel.CapabilityDelegationController.Deployment) (profile : Minidregg.Compiler.CanonicalRuntimeProfile.Profile F) (ambient : Minidregg.Kernel.CapabilityDelegationController.Ambient) (light full : Minidregg.Kernel.CapabilityDelegationController.Ground deployment) {kind : Minidregg.Theory.TypedAuthorization.ResourceKind} (command : Minidregg.Kernel.CapabilityDelegationController.Command kind), Minidregg.Compiler.ServedBasis.Ground.directory light = Minidregg.Compiler.ServedBasis.Ground.directory full → Minidregg.Compiler.ServedBasis.Ground.authority light = Minidregg.Compiler.ServedBasis.Ground.authority full → Minidregg.Compiler.ServedBasis.Ground.markerSpent light (Minidregg.Kernel.CapabilityDelegationController.operationMarker (Minidregg.Compiler.ServedBasis.Ground.authority light).domain profile.semantics command) = Minidregg.Compiler.ServedBasis.Ground.markerSpent full (Minidregg.Kernel.CapabilityDelegationController.operationMarker (Minidregg.Compiler.ServedBasis.Ground.authority full).domain profile.semantics command) → Except.map (fun x => ()) (Minidregg.Kernel.CapabilityDelegationController.prepare deployment profile ambient light command) = Except.map (fun x => ()) (Minidregg.Kernel.CapabilityDelegationController.prepare deployment profile ambient full command)
theorem	Minidregg.Kernel.CapabilityDelegationController.prepare_undeclared	cae063f5325157316ac4d4ef4226cdbd430b00d6ceee4c3e0c260215e621302a	693de558780ae2f2eb4776443f4ad4bd704fb9aa089045fd191775a69b2a6cac	477914b06b36266d62648c50770f5b3d99f3104c56aefdd3db67d1c69c557060	b43feb16fbb48b05	Classical.choice,Quot.sound,propext	∀ {F : Type} [inst : Field F] (deployment : Minidregg.Kernel.CapabilityDelegationController.Deployment) (profile : Minidregg.Compiler.CanonicalRuntimeProfile.Profile F) (ambient : Minidregg.Kernel.CapabilityDelegationController.Ambient) {store : Minidregg.Compiler.DurableHistory.StoreIdentity} (basis : Minidregg.Compiler.ServedBasis.Basis deployment store) {kind : Minidregg.Theory.TypedAuthorization.ResourceKind} (command : Minidregg.Kernel.CapabilityDelegationController.Command kind), Minidregg.Compiler.CredentialAuthorityReplay.nullifier deployment.domain (Minidregg.Kernel.CapabilityDelegationController.operationMarker (Minidregg.Compiler.ServedBasis.Ground.ofBasis basis).authority.domain profile.semantics command) ∉ basis.keys.nullifiers → Minidregg.Kernel.CapabilityDelegationController.prepare deployment profile ambient (Minidregg.Compiler.ServedBasis.Ground.ofBasis basis) command = Except.error Minidregg.Kernel.CapabilityDelegationController.Reject.undeclaredMarker
def	Minidregg.Kernel.CapabilityDelegationController.project	1524a4c682f3ba58b4f3c022231cc05c8b954492a2c4c58de8bf8faacfd07488	33ba8d03698dd02bdadb48d3f7fb137b90093efbf4c1977509b546079f930df0	f2cb42ad355c8974b3aff1cc418d4ab5b6e80169c777daf3a442802c7b03f6f1	19a4d6cad453f57d	Classical.choice,Quot.sound,propext	{F : Type} → [inst : Field F] → {deployment : Minidregg.Kernel.CapabilityDelegationController.Deployment} → {profile : Minidregg.Compiler.CanonicalRuntimeProfile.Profile F} → {ambient : Minidregg.Kernel.CapabilityDelegationController.Ambient} → {ground : Minidregg.Kernel.CapabilityDelegationController.Ground deployment} → {kind : Minidregg.Theory.TypedAuthorization.ResourceKind} → {command : Minidregg.Kernel.CapabilityDelegationController.Command kind} → (prepared : Minidregg.Kernel.CapabilityDelegationController.Prepared deployment profile ambient ground command) → Unit → ((incidence : Unit) → Minidregg.Theory.Store.Store ((Minidregg.Kernel.CapabilityDelegationController.layout prepared).storeLayout incidence)) → Minidregg.Pred.State
theorem	Minidregg.Kernel.CapabilityDelegationController.project_noninterference	128f0e2dc60348b8ec52c5d2a11f230496cf9d39ef10ba77fb0dd1802b664632	a9673cce08b190b43d08e8574a13eee6aa64a230fbba913d16cbc2687e92e3d8	fb18180f43852a9d73a5e89be13bf84acb3d8d70ec249e4fc0c76456a2e3417a	d43d17f7d2c5200d	Classical.choice,Quot.sound,propext	∀ {F : Type} [inst : Field F] {deployment : Minidregg.Kernel.CapabilityDelegationController.Deployment} {profile : Minidregg.Compiler.CanonicalRuntimeProfile.Profile F} {ambient : Minidregg.Kernel.CapabilityDelegationController.Ambient} {ground : Minidregg.Kernel.CapabilityDelegationController.Ground deployment} {kind : Minidregg.Theory.TypedAuthorization.ResourceKind} {command : Minidregg.Kernel.CapabilityDelegationController.Command kind} (prepared : Minidregg.Kernel.CapabilityDelegationController.Prepared deployment profile ambient ground command) (left right : (incidence : Unit) → Minidregg.Theory.Store.Store ((Minidregg.Kernel.CapabilityDelegationController.layout prepared).storeLayout incidence)), (left ()) ⟨Minidregg.Theory.CredentialAuthorityState.AuthorityPlane.capability kind, command.declaration.parentId⟩ = (right ()) ⟨Minidregg.Theory.CredentialAuthorityState.AuthorityPlane.capability kind, command.declaration.parentId⟩ → (left ()) ⟨Minidregg.Theory.CredentialAuthorityState.AuthorityPlane.revoked, Minidregg.Theory.TypedAuthorization.RevocationKey.capability command.declaration.parentId⟩ = (right ()) ⟨Minidregg.Theory.CredentialAuthorityState.AuthorityPlane.revoked, Minidregg.Theory.TypedAuthorization.RevocationKey.capability command.declaration.parentId⟩ → (left ()) ⟨Minidregg.Theory.CredentialAuthorityState.AuthorityPlane.capability kind, command.declaration.child.id⟩ = (right ()) ⟨Minidregg.Theory.CredentialAuthorityState.AuthorityPlane.capability kind, command.declaration.child.id⟩ → (left ()) ⟨Minidregg.Theory.CredentialAuthorityState.AuthorityPlane.revoked, Minidregg.Theory.TypedAuthorization.RevocationKey.capability command.declaration.child.id⟩ = (right ()) ⟨Minidregg.Theory.CredentialAuthorityState.AuthorityPlane.revoked, Minidregg.Theory.TypedAuthorization.RevocationKey.capability command.declaration.child.id⟩ → Minidregg.Kernel.CapabilityDelegationController.project prepared () left = Minidregg.Kernel.CapabilityDelegationController.project prepared () right
def	Minidregg.Kernel.CapabilityDelegationController.rawCommandCodec	e194337c74b3b72e189144d2d7f47f8a8eaf855e9caab356a34bb3b2b132104f	cdce98499e35a9607441f782be8e382f700c9978620e6edd0db9c559e68627ae	37f3348ec17355439e8db4d61e91a7f2146f30a361489e83a9d51e740d7f539a	d7d8a9b97ffcab73	Classical.choice,Quot.sound,propext	Minidregg.Theory.IndexedProgram.LawfulCodec Minidregg.Kernel.CapabilityDelegationController.PackedCommand
def	Minidregg.Kernel.CapabilityDelegationController.rawLeg	1e870de54a2982f09b2b596d6f936d0b483469c8fe30453065dc89b6b63ec8fe	52ba6607665ffebfe5fa0e922cc68a71fa8cf2b3df4f657841046fb0975b91d0	5237dd21ac8945da7e0100bf23237c181b1043eb92dc3d0714932dfdf52117ea	30e6fd46fb46a6ca	Classical.choice,Quot.sound,propext	{F : Type} → [inst : Field F] → {deployment : Minidregg.Kernel.CapabilityDelegationController.Deployment} → {profile : Minidregg.Compiler.CanonicalRuntimeProfile.Profile F} → {ambient : Minidregg.Kernel.CapabilityDelegationController.Ambient} → {ground : Minidregg.Kernel.CapabilityDelegationController.Ground deployment} → {kind : Minidregg.Theory.TypedAuthorization.ResourceKind} → {command : Minidregg.Kernel.CapabilityDelegationController.Command kind} → (prepared : Minidregg.Kernel.CapabilityDelegationController.Prepared deployment profile ambient ground command) → Minidregg.Kernel.MultiCellHyperedge.CandidateLegData (Minidregg.Kernel.CapabilityDelegationController.layout prepared) ()
def	Minidregg.Kernel.CapabilityDelegationController.reindexAuthorization	a9a5473d3c4b169882fc2ea78d6497d4f83cf65025f300465b52daa0520a1317	e4626d67fedcb2b8920b6cd60fffd69d791e1c9231bb2013c3d9db062fa12fae	dd56dedd03f99793ac404c9950603d5ebd3e34b8798fff4ac0fc871ef7e9527f	b1fc98f9543d46a8	Quot.sound,propext	{source target : Minidregg.Theory.TypedAuthorization.AuthState} → {portal : Minidregg.Theory.TypedAuthorization.Portal} → {kind : Minidregg.Theory.TypedAuthorization.ResourceKind} → {request : Minidregg.Theory.TypedAuthorization.Request kind} → source = target → Minidregg.Theory.TypedAuthorization.Authorized portal target request → Minidregg.Theory.TypedAuthorization.Authorized portal source request
theorem	Minidregg.Kernel.CapabilityDelegationController.reindexAuthorization_capabilityValue	5d81b15118157519815e2a04f892a7a01a7f2e2d4238ec0b8efac70ade00d305	38ee57934668afa9d62a04eab9880953847642547de9ec87f4fcbfb8f57b07e4	8c99212168e4732a905bdd458607f85b1f577dd3fe0dc5d1602bb59b1d491c58	37d43cc1feb85221	Quot.sound,propext	∀ {source target : Minidregg.Theory.TypedAuthorization.AuthState} {portal : Minidregg.Theory.TypedAuthorization.Portal} {kind : Minidregg.Theory.TypedAuthorization.ResourceKind} {request : Minidregg.Theory.TypedAuthorization.Request kind} (same : source = target) (authorization : Minidregg.Theory.TypedAuthorization.Authorized portal target request), (Minidregg.Kernel.CapabilityDelegationController.reindexAuthorization same authorization).evidence.capabilityValue = authorization.evidence.capabilityValue
def	Minidregg.Kernel.CapabilityDelegationController.request	d758ba30d66738689d38a7c6a6883cf4e472197e8c9513bea131361720d593ec	d7833938b187cfd00666412102e5d4b8fac9fcc850f687ef4619c380095081c7	e3ecaa552a4c6e12bd6aa4a6dd7cad38c621d850245b0e68b738109118d4564e	5d1fdd949c267233	Classical.choice,Quot.sound,propext	{kind : Minidregg.Theory.TypedAuthorization.ResourceKind} → Minidregg.Kernel.CapabilityDelegationController.Snapshot → Minidregg.Theory.TypedAuthorization.Digest → Minidregg.Kernel.CapabilityDelegationController.Ambient → Minidregg.Kernel.CapabilityDelegationController.Command kind → Minidregg.Theory.TypedAuthorization.Request kind
def	Minidregg.Kernel.CapabilityDelegationController.requireSome	05d160314dc7e34bee1823c7ae382f15fd8cbddea4626007ee467fc20ab716f1	79e72da2d2074c9f8c3a5c18661db898ce1dfc8f6aa7650b2428a58bd37125a0	cce3fdc6cebb3c8c23d33aca6cfa49962c52c9f4133b9046ca2e599d5153a56c	706b8c8d77dba94a	-	{A : Type} → Minidregg.Kernel.CapabilityDelegationController.Reject → Option A → Except Minidregg.Kernel.CapabilityDelegationController.Reject A
def	Minidregg.Kernel.CapabilityDelegationController.retiredFrameV1	8ef48e84f243ac658a85575510f1147b352adf04d600c6ada2516ea8cd7055e8	268fce01293bcb84de059c093737d89d8980bbc789bd14e1bc6693665008f358	e066e60e096cbfdd76304921433a11b08a36210c2aa953999e5fceb99bd3f632	3c45f446fc45d049	propext	List UInt8
theorem	Minidregg.Kernel.CapabilityDelegationController.retired_v1_refused	5c9f7426256cf56623506557f674580f0c30eb6464e15898c08cb1f3dd7014fc	a14f9ccd4a15846563e5586a87e951e68aa32e3eae1a939880ce058568f3fff3	c6049a68beee5e20b7cf3fa1a59eeb388ba09710f4945d909c3ca04df01f4b56	437a621edd2c77ef	Classical.choice,Quot.sound,propext	∀ (rest : List UInt8), Minidregg.Kernel.CapabilityDelegationController.commandCodec.decode (Minidregg.Kernel.CapabilityDelegationController.retiredFrameV1 ++ rest) = Option.none ∧ Minidregg.Kernel.CapabilityDelegationController.undecodable (Minidregg.Kernel.CapabilityDelegationController.retiredFrameV1 ++ rest) = "delegation command v1 is retired: it signed the whole authority-cell root (expectedPreRoot); v2 binds the parent by its signed id"
def	Minidregg.Kernel.CapabilityDelegationController.sourceStore	779e7d30fd124e997196f78a5e4cd0a5157f7acbfcf90d64bd076406bf271243	e581cb092912f07b23d4a6edaa492cef2b06678de263c1e1712ebe722558f96a	da903cec9c515945675de231afe23ac6108a6087b887e23dc2465ac96e4eba6d	26acb12319bb5667	Classical.choice,Quot.sound,propext	{F : Type} → [inst : Field F] → {deployment : Minidregg.Kernel.CapabilityDelegationController.Deployment} → {profile : Minidregg.Compiler.CanonicalRuntimeProfile.Profile F} → {ambient : Minidregg.Kernel.CapabilityDelegationController.Ambient} → {ground : Minidregg.Kernel.CapabilityDelegationController.Ground deployment} → {kind : Minidregg.Theory.TypedAuthorization.ResourceKind} → {command : Minidregg.Kernel.CapabilityDelegationController.Command kind} → Minidregg.Kernel.CapabilityDelegationController.Prepared deployment profile ambient ground command → Minidregg.Kernel.CanonicalPolicyRegistry.PayloadStore
def	Minidregg.Kernel.CapabilityDelegationController.step	7cdae80ba77cb0a45b3553e0f5f9827aa11ca34213e3d15ac6bfcb48bb547744	8894cd5538223b534b0597e56082791efed0f9cf51c10004d49ecd8e43583ee5	52c36028395ef97b756d54f8a97857d81d275df3b2afffb72d50d83dda3b9304	ddbddf764e7f7201	Classical.choice,Quot.sound,propext	{F : Type} → [inst : Field F] → {deployment : Minidregg.Kernel.CapabilityDelegationController.Deployment} → {profile : Minidregg.Compiler.CanonicalRuntimeProfile.Profile F} → {ambient : Minidregg.Kernel.CapabilityDelegationController.Ambient} → {ground : Minidregg.Kernel.CapabilityDelegationController.Ground deployment} → {kind : Minidregg.Theory.TypedAuthorization.ResourceKind} → {command : Minidregg.Kernel.CapabilityDelegationController.Command kind} → Minidregg.Kernel.CapabilityDelegationController.Prepared deployment profile ambient ground command → Minidregg.Compiler.CanonicalPolicyAdmission.PolicyStepContext
def	Minidregg.Kernel.CapabilityDelegationController.tuple	9ae7ac5f5297ff29ef86e46c72ad98621702c7646a0eaa6b9d8f96de36e9b9e3	2eb3b198932e486441ee1c20e274f9a8aea05b49f5586cefed4384f2a7449a8b	b1ea529e5c8089f3c51301f67515d91041b491d8c2ef8ac71215f9e625f460f5	ebb8d601d6d548fb	Classical.choice,Quot.sound,propext	{F : Type} → [inst : Field F] → {deployment : Minidregg.Kernel.CapabilityDelegationController.Deployment} → {profile : Minidregg.Compiler.CanonicalRuntimeProfile.Profile F} → {ambient : Minidregg.Kernel.CapabilityDelegationController.Ambient} → {ground : Minidregg.Kernel.CapabilityDelegationController.Ground deployment} → {kind : Minidregg.Theory.TypedAuthorization.ResourceKind} → {command : Minidregg.Kernel.CapabilityDelegationController.Command kind} → (prepared : Minidregg.Kernel.CapabilityDelegationController.Prepared deployment profile ambient ground command) → Minidregg.Kernel.MultiCellHyperedge.PreparedTuple (Minidregg.Kernel.CapabilityDelegationController.plan prepared)
def	Minidregg.Kernel.CapabilityDelegationController.undecodable	cba03b3e6e7e94430dd21597d94581af215c11e5185770e533fb7862c8cafc84	445148b3196709cbbe0347f5a7d1e4467f31e9ae33b67b3c440eaa87f6f58d28	2689759a3485665305e92701425995810fc2559695ca5da2a8b7f8cfe1111ef0	b10d0c5673af69da	propext	List UInt8 → String
ctor	private Minidregg.Kernel.CapabilityDelegationController.Accepted.mk @Kernel.CapabilityDelegationController	4420a6d1706d67608a4e1de46e74eaec47f99799e9a747c2ad0941549bbb5d41	1c6c9a59446efed963e35730243aa8ad8fac3c81a8e28bf99fd4957ef91d6702	b94661863fd86ff655e162ce779eb355f7cd74670b943151a2ffd10469adbb83	290f32ec58f63854		{F : Type} → [inst : Field F] → {deployment : Minidregg.Kernel.CapabilityDelegationController.Deployment} → {profile : Minidregg.Compiler.CanonicalRuntimeProfile.Profile F} → {ambient : Minidregg.Kernel.CapabilityDelegationController.Ambient} → {ground : Minidregg.Kernel.CapabilityDelegationController.Ground deployment} → {kind : Minidregg.Theory.TypedAuthorization.ResourceKind} → {command : Minidregg.Kernel.CapabilityDelegationController.Command kind} → [inst_1 : DecidableEq F] → {prepared : Minidregg.Kernel.CapabilityDelegationController.Prepared deployment profile ambient ground command} → {envelope : List UInt8} → (receipt : Minidregg.Compiler.CredentialSignatureAdmission.CheckedSignature (Minidregg.Compiler.ServedBasis.Ground.authority ground)) → receipt.envelopeBytes = envelope → (authorization : Minidregg.Theory.TypedAuthorization.Authorized (Minidregg.Kernel.CapabilityDelegationController.portal prepared) (Minidregg.Compiler.ServedBasis.Ground.authority ground).authState (Minidregg.Kernel.CapabilityDelegationController.request (Minidregg.Compiler.ServedBasis.Ground.authority ground) profile.semantics ambient command)) → authorization.evidence.capabilityValue = Option.some (prepared.parent.head, Minidregg.Compiler.CredentialAuthorityPolicyRegistry.storedCapabilityDigest (Minidregg.Compiler.ServedBasis.Ground.authority ground) prepared.parent) → Minidregg.Kernel.CapabilityDelegationController.Accepted prepared envelope
ctor	private Minidregg.Kernel.CapabilityDelegationController.PreparedOn.mk @Kernel.CapabilityDelegationController	b57a9c7e3809c978579fcc1bc2685a7caf199aec0a54fa759087831f202557f8	ead659d650a801a8de38940beae340ccf0344c0be55cd98be655be4e1d2a90f5	945b15a88f40f8f4b815dec647617706f528669c5d41e8629c3d884eadea21a2	23d4581298815891		{F : Type} → [inst : Field F] → {deployment : Minidregg.Kernel.CapabilityDelegationController.Deployment} → {profile : Minidregg.Compiler.CanonicalRuntimeProfile.Profile F} → {ambient : Minidregg.Kernel.CapabilityDelegationController.Ambient} → {directory : Minidregg.Theory.CellRegistry.Directory ℕ Minidregg.Kernel.CapabilityDelegationController.Registry} → {authority : Minidregg.Kernel.CapabilityDelegationController.Snapshot} → {kind : Minidregg.Theory.TypedAuthorization.ResourceKind} → {command : Minidregg.Kernel.CapabilityDelegationController.Command kind} → Minidregg.Kernel.CapabilityDelegationController.ObservedTarget deployment directory command → (parent : Minidregg.Theory.CredentialAuthorityState.StoredCapability kind) → Minidregg.Theory.CredentialAuthorityEffects.DescentEvidence authority.cell command.declaration.parentId command.declaration.child parent → Minidregg.Theory.CredentialAuthorityFamily.DelegationShape (Minidregg.Kernel.CapabilityDelegationController.request authority profile.semantics ambient command) command.declaration.child parent.head (Minidregg.Kernel.CapabilityDelegationController.parentage authority command) → command.declaration.child.policyId = { value := command.declaration.target.value } → command.declaration.operationNullifier = Minidregg.Kernel.CapabilityDelegationController.operationMarker authority.domain profile.semantics command → Minidregg.Theory.CellState.ValidatedPatch Minidregg.Kernel.CapabilityDelegationController.AuthorityMaterializer authority.cell (Minidregg.Theory.CellState.Materialized.root authority.cell) (command.declaration.patch parent (Minidregg.Kernel.CapabilityDelegationController.request authority profile.semantics ambient command) (Minidregg.Compiler.CredentialAuthorityDomain.Snapshot.logical authority)) → Minidregg.Compiler.CanonicalCellRegistry.LoadedPolicySource authority.domain directory (authority.authState.policyAddress command.declaration.child.policyId (authority.authState.policyRevision command.declaration.child.policyId)) → Minidregg.Kernel.CapabilityDelegationController.PreparedOn deployment profile ambient directory authority command
