# Kernel.PayEnrolV2Receiver: Objective contract manifest. Written by `scripts/check-objective-proofs.sh proofs --pin`;
# a removed or changed row needs a line in scripts/gates/objective-contract-changes.txt.
inductive	Minidregg.Kernel.PayEnrolV2Receiver.Accepted	fa6bf8513edf115930ba9bfe67b3473d69ee90002a99a125ca9c737075c50d22	4a4146b71eaa8981a427e8f1c743f86c19523715a995ebc281072f656a679805	5e38bb495933c9aeebcbec04c1884ca1204f268e5ee5c412cbe241c78474a8f8	343a56492dd71ec3		{F : Type} → [inst : Field F] → [inst_1 : DecidableEq F] → {deployment : Minidregg.Kernel.PayEnrolReceiver.Deployment} → {profile : Minidregg.Compiler.CanonicalRuntimeProfile.Profile F} → {ambient : Minidregg.Kernel.PayEnrolReceiver.Ambient} → {durable : Minidregg.Kernel.PayEnrolReceiver.Durable} → {command : Minidregg.Kernel.PayEnrolReceiver.Command} → {memo : Minidregg.Kernel.PayEnrolV2Decision.Memo} → {verified : Minidregg.Compiler.PayEnrolSignatureV2IO.Checked (Minidregg.Kernel.PayEnrolV2Decision.observationContext command.observation) memo} → Minidregg.Kernel.PayEnrolV2Receiver.Prepared deployment profile ambient durable command memo verified → Minidregg.Kernel.PayEnrolReceiver.DecodedIngress → Type
theorem	Minidregg.Kernel.PayEnrolV2Receiver.Accepted.composed_law_evaluated	fbdc17ccebb013096a3db198542faf7a10518c4f3b762660d656137e9255e10a	d4449e01b234e6b9be01d6c188f35eb85b0cff4e9332050df0e17a77519bdda0	b1bd698c389966e2f8dbb27d61aa100165360571cac81514d4db896e064bfc82	2f7b1e5b1b2443ea	Classical.choice,Quot.sound,propext	∀ {F : Type} [inst : Field F] [inst_1 : DecidableEq F] {deployment : Minidregg.Kernel.PayEnrolReceiver.Deployment} {profile : Minidregg.Compiler.CanonicalRuntimeProfile.Profile F} {ambient : Minidregg.Kernel.PayEnrolReceiver.Ambient} {durable : Minidregg.Kernel.PayEnrolReceiver.Durable} {command : Minidregg.Kernel.PayEnrolReceiver.Command} {memo : Minidregg.Kernel.PayEnrolV2Decision.Memo} {verified : Minidregg.Compiler.PayEnrolSignatureV2IO.Checked (Minidregg.Kernel.PayEnrolV2Decision.observationContext command.observation) memo} {prepared : Minidregg.Kernel.PayEnrolV2Receiver.Prepared deployment profile ambient durable command memo verified} {ingress : Minidregg.Kernel.PayEnrolReceiver.DecodedIngress} (accepted : Minidregg.Kernel.PayEnrolV2Receiver.Accepted prepared ingress), ∃ graph, Minidregg.Compiler.PolicyComponentResolution.loadTarget (Minidregg.Kernel.PayEnrolV2Receiver.policyConfig prepared).snapshot (Minidregg.Kernel.PayEnrolV2Receiver.policyConfig prepared).store (Minidregg.Kernel.PayEnrolV2Receiver.policyConfig prepared).profile.semantics (Minidregg.Kernel.PayEnrolV2Receiver.policyConfig prepared).target (Minidregg.Kernel.PayEnrolV2Receiver.policyConfig prepared).resolutionBudget (Minidregg.Kernel.PayEnrolV2Receiver.policyConfig prepared).additional = Except.ok graph ∧ Minidregg.Pred.eval (Minidregg.Compiler.ResolvedLawCompilation.predicate graph.resolved) (Minidregg.Kernel.PayEnrolV2Receiver.step prepared).oldState (Minidregg.Kernel.PayEnrolV2Receiver.step prepared).newState = Bool.true
theorem	Minidregg.Kernel.PayEnrolV2Receiver.Accepted.envelopeExact	2d07feca8e12284eb8e54baaf312084ff1080b85dc4cb2e3d21832ff4d4fafa8	351725cd22b0b7b630820721e8543700c3c899dde43423e38415907a461783f2	e50a8cf0339b043686fbc4d3b8f1d0d089eb2b628fe070c36580a38f6914b7d4	43eba31703e39a3f	Classical.choice,Quot.sound,propext	∀ {F : Type} [inst : Field F] [inst_1 : DecidableEq F] {deployment : Minidregg.Kernel.PayEnrolReceiver.Deployment} {profile : Minidregg.Compiler.CanonicalRuntimeProfile.Profile F} {ambient : Minidregg.Kernel.PayEnrolReceiver.Ambient} {durable : Minidregg.Kernel.PayEnrolReceiver.Durable} {command : Minidregg.Kernel.PayEnrolReceiver.Command} {memo : Minidregg.Kernel.PayEnrolV2Decision.Memo} {verified : Minidregg.Compiler.PayEnrolSignatureV2IO.Checked (Minidregg.Kernel.PayEnrolV2Decision.observationContext command.observation) memo} {prepared : Minidregg.Kernel.PayEnrolV2Receiver.Prepared deployment profile ambient durable command memo verified} {ingress : Minidregg.Kernel.PayEnrolReceiver.DecodedIngress} (self : Minidregg.Kernel.PayEnrolV2Receiver.Accepted prepared ingress), self.receipt.envelopeBytes = ingress.ingress.envelope
def	Minidregg.Kernel.PayEnrolV2Receiver.Accepted.receipt	24dfad2f9d756075316963b31cf782730533a474753d23e0dd8af6830926afa9	27d90d36a4621231646cc57adf3379c9af19f60288d9be65f91d70b82fcfca38	78da5f4323b5d70f9f8c5ecac5eb5df0a990f385862aba97540d66376e950ba2	c582fcbbf565bb42	Classical.choice,Quot.sound,propext	{F : Type} → [inst : Field F] → [inst_1 : DecidableEq F] → {deployment : Minidregg.Kernel.PayEnrolReceiver.Deployment} → {profile : Minidregg.Compiler.CanonicalRuntimeProfile.Profile F} → {ambient : Minidregg.Kernel.PayEnrolReceiver.Ambient} → {durable : Minidregg.Kernel.PayEnrolReceiver.Durable} → {command : Minidregg.Kernel.PayEnrolReceiver.Command} → {memo : Minidregg.Kernel.PayEnrolV2Decision.Memo} → {verified : Minidregg.Compiler.PayEnrolSignatureV2IO.Checked (Minidregg.Kernel.PayEnrolV2Decision.observationContext command.observation) memo} → {prepared : Minidregg.Kernel.PayEnrolV2Receiver.Prepared deployment profile ambient durable command memo verified} → {ingress : Minidregg.Kernel.PayEnrolReceiver.DecodedIngress} → Minidregg.Kernel.PayEnrolV2Receiver.Accepted prepared ingress → Minidregg.Compiler.CredentialSignatureAdmission.CheckedSignature prepared.authority.snapshot
def	Minidregg.Kernel.PayEnrolV2Receiver.Accepted.semantic	b2f0a00ee67620c853a6ba472d29d04a7af121d42db1ea09b9192c8d6eb05169	3ffdc60d3d2b5a665dccacb294e41bf957d690550fc0c92260d73e346147e3a4	3d54f8e7cc714a8e0e6638570914f5151952c4d8d44cfa78af92b2070d333c7e	51c73589cdaea499	Classical.choice,Quot.sound,propext	{F : Type} → [inst : Field F] → [inst_1 : DecidableEq F] → {deployment : Minidregg.Kernel.PayEnrolReceiver.Deployment} → {profile : Minidregg.Compiler.CanonicalRuntimeProfile.Profile F} → {ambient : Minidregg.Kernel.PayEnrolReceiver.Ambient} → {durable : Minidregg.Kernel.PayEnrolReceiver.Durable} → {command : Minidregg.Kernel.PayEnrolReceiver.Command} → {memo : Minidregg.Kernel.PayEnrolV2Decision.Memo} → {verified : Minidregg.Compiler.PayEnrolSignatureV2IO.Checked (Minidregg.Kernel.PayEnrolV2Decision.observationContext command.observation) memo} → {prepared : Minidregg.Kernel.PayEnrolV2Receiver.Prepared deployment profile ambient durable command memo verified} → {ingress : Minidregg.Kernel.PayEnrolReceiver.DecodedIngress} → Minidregg.Kernel.PayEnrolV2Receiver.Accepted prepared ingress → prepared.SemanticAccepted
inductive	Minidregg.Kernel.PayEnrolV2Receiver.AcceptedEnrol	91fab871bd94f356ba3ca80e1c9d34a1958da495b02ee4a80738247e7f85b902	290008419e4f3200344b4b12279d6f474798d693bdb9d9f5840a6fdefdd3a3e5	964ca68d87cfa6b68503e57d058c57f7ec0fe84066c314396b5d5b36204cfa45	de97cc3c07c40172		{F : Type} → [inst : Field F] → [DecidableEq F] → Minidregg.Kernel.PayEnrolReceiver.Deployment → Minidregg.Compiler.CanonicalRuntimeProfile.Profile F → Minidregg.Kernel.PayEnrolReceiver.Ambient → Minidregg.Kernel.PayEnrolReceiver.Durable → Minidregg.Kernel.PayEnrolReceiver.DecodedIngress → Type
def	Minidregg.Kernel.PayEnrolV2Receiver.AcceptedEnrol.accepted	3670ff85abf35ab6dac944c2fe6ce5d0fec10182df6f902293ac95b212065aa0	44ab0fb77068b5ae1db0417ba6a4df456733745df90936cf49149b29473bdb57	1800cd16adc12919aa1b0e16721285cbe60560974621a7a364d12cc97a21deeb	b0bbabf77c89e830	Classical.choice,Quot.sound,propext	{F : Type} → [inst : Field F] → [inst_1 : DecidableEq F] → {deployment : Minidregg.Kernel.PayEnrolReceiver.Deployment} → {profile : Minidregg.Compiler.CanonicalRuntimeProfile.Profile F} → {ambient : Minidregg.Kernel.PayEnrolReceiver.Ambient} → {durable : Minidregg.Kernel.PayEnrolReceiver.Durable} → {ingress : Minidregg.Kernel.PayEnrolReceiver.DecodedIngress} → (self : Minidregg.Kernel.PayEnrolV2Receiver.AcceptedEnrol deployment profile ambient durable ingress) → Minidregg.Kernel.PayEnrolV2Receiver.Accepted self.prepared ingress
theorem	Minidregg.Kernel.PayEnrolV2Receiver.AcceptedEnrol.physical	c5b0ffb119e8b50b30a491e8fa474143526d6ec0967b02710299061da8624aae	0ba47f2287dac5d1591926a1f37caa6a7531f7435a2097c4cf91d053d42babd0	49eb02653a9ce07c98f1e33f86c0d9459b253a388f5f8cfeb019c4893164498d	a9e45269d16aba27	Classical.choice,Quot.sound,propext	∀ {F : Type} [inst : Field F] [inst_1 : DecidableEq F] {deployment : Minidregg.Kernel.PayEnrolReceiver.Deployment} {profile : Minidregg.Compiler.CanonicalRuntimeProfile.Profile F} {ambient : Minidregg.Kernel.PayEnrolReceiver.Ambient} {durable : Minidregg.Kernel.PayEnrolReceiver.Durable} {ingress : Minidregg.Kernel.PayEnrolReceiver.DecodedIngress} (self : Minidregg.Kernel.PayEnrolV2Receiver.AcceptedEnrol deployment profile ambient durable ingress), Minidregg.Kernel.PayEnrolV2Receiver.PhysicalShape self.prepared
def	Minidregg.Kernel.PayEnrolV2Receiver.AcceptedEnrol.prepared	1556d992dd68f77210f543c7ac237617bf67a07eb169e94a0dd08e4cdbe38001	f9c4f88db434400d73905a872d8694a8d06f99b8612fbe6c39db273fdf16dfee	7e2eabdd6bc880ecaeafc32ad6c0b6a0cd78398b01a56c9268c0142eb6169d84	3b6e8a768637cce2	Classical.choice,Quot.sound,propext	{F : Type} → [inst : Field F] → [inst_1 : DecidableEq F] → {deployment : Minidregg.Kernel.PayEnrolReceiver.Deployment} → {profile : Minidregg.Compiler.CanonicalRuntimeProfile.Profile F} → {ambient : Minidregg.Kernel.PayEnrolReceiver.Ambient} → {durable : Minidregg.Kernel.PayEnrolReceiver.Durable} → {ingress : Minidregg.Kernel.PayEnrolReceiver.DecodedIngress} → (self : Minidregg.Kernel.PayEnrolV2Receiver.AcceptedEnrol deployment profile ambient durable ingress) → Minidregg.Kernel.PayEnrolV2Receiver.Prepared deployment profile ambient durable ingress.command self.verified.memo self.verified.checked
def	Minidregg.Kernel.PayEnrolV2Receiver.AcceptedEnrol.verified	b068fbb25a73c14775a04e5bafd3362d65bb8e398652ceda4b4a392a49f06856	a01e5552c8163e2819c467d6bad7a289c622570e4e910bbb8ad14992ce830daf	31e5d41b889a1ad3d76384e4ba505b0f637eba210f4324801d57743230c6d192	7aa3d45d4c6d7c52	Classical.choice,Quot.sound,propext	{F : Type} → [inst : Field F] → [inst_1 : DecidableEq F] → {deployment : Minidregg.Kernel.PayEnrolReceiver.Deployment} → {profile : Minidregg.Compiler.CanonicalRuntimeProfile.Profile F} → {ambient : Minidregg.Kernel.PayEnrolReceiver.Ambient} → {durable : Minidregg.Kernel.PayEnrolReceiver.Durable} → {ingress : Minidregg.Kernel.PayEnrolReceiver.DecodedIngress} → Minidregg.Kernel.PayEnrolV2Receiver.AcceptedEnrol deployment profile ambient durable ingress → Minidregg.Kernel.PayEnrolV2Receiver.VerifiedMemo ingress.command.observation
def	Minidregg.Kernel.PayEnrolV2Receiver.PhysicalShape	367e8d402d4bb16a351385c0bc9a96c7a576b09a988a200dfe72c9053185e3ba	90ee3b52953615be1027675911a2f62b715ba74d948c641e1f89c9878b34266a	93740a65f0174ba0adfa3c711789a6f94276be6ebe5e2c65d7b35ab41c5ad31c	21c3710f08e2e6a1	Classical.choice,Quot.sound,propext	{F : Type} → [inst : Field F] → [inst_1 : DecidableEq F] → {deployment : Minidregg.Kernel.PayEnrolReceiver.Deployment} → {profile : Minidregg.Compiler.CanonicalRuntimeProfile.Profile F} → {ambient : Minidregg.Kernel.PayEnrolReceiver.Ambient} → {durable : Minidregg.Kernel.PayEnrolReceiver.Durable} → {command : Minidregg.Kernel.PayEnrolReceiver.Command} → {memo : Minidregg.Kernel.PayEnrolV2Decision.Memo} → {verified : Minidregg.Compiler.PayEnrolSignatureV2IO.Checked (Minidregg.Kernel.PayEnrolV2Decision.observationContext command.observation) memo} → Minidregg.Kernel.PayEnrolV2Receiver.Prepared deployment profile ambient durable command memo verified → Prop := fun {F} [Field F] [DecidableEq F] {deployment} {profile} {ambient} {durable} {command} {memo} {verified} prepared => (List.map Minidregg.Kernel.DurableDataIntent.DataWrite.cellId (Minidregg.Kernel.PayEnrolV2Receiver.writes prepared)).Nodup ∧ (∀ write ∈ Minidregg.Kernel.PayEnrolV2Receiver.writes prepared, write.expectedPre = durable.snapshot.model.roots write.cellId) ∧ (∀ write ∈ Minidregg.Kernel.PayEnrolV2Receiver.writes prepared, Minidregg.Kernel.ResourceBirthController.Concrete.PhysicalPostLaw deployment write) ∧ (∀ write ∈ Minidregg.Kernel.PayEnrolV2Receiver.writes prepared, Minidregg.Compiler.ResourceBirthCodec.rootBytes write.canonicalPostBytes = write.exactPost) ∧ (Minidregg.Kernel.PayEnrolV2Receiver.policyGuard prepared).cellId ∉ List.map Minidregg.Kernel.DurableDataIntent.DataWrite.cellId (Minidregg.Kernel.PayEnrolV2Receiver.writes prepared) ∧ ∀ guard ∈ Minidregg.Kernel.PayEnrolV2Receiver.readGuards prepared, guard.expectedRoot = durable.snapshot.model.roots guard.cellId
inductive	Minidregg.Kernel.PayEnrolV2Receiver.Prepared	82ec06732979eaaa695fe0cedd333afc1eb60f4ea40de00fb21910327b9007d5	f44b70120541313bf7716c1f2de7c4dd9b8e20540fa1f12a0b0a9a7662a053c8	1bb7b2cc7e60e23a4f4c459fb0d69a7af28effdbdc425e5c4c1987457b2bd312	a6695eada9879e54		{F : Type} → [inst : Field F] → [DecidableEq F] → Minidregg.Kernel.PayEnrolReceiver.Deployment → Minidregg.Compiler.CanonicalRuntimeProfile.Profile F → Minidregg.Kernel.PayEnrolReceiver.Ambient → Minidregg.Kernel.PayEnrolReceiver.Durable → (command : Minidregg.Kernel.PayEnrolReceiver.Command) → (memo : Minidregg.Kernel.PayEnrolV2Decision.Memo) → Minidregg.Compiler.PayEnrolSignatureV2IO.Checked (Minidregg.Kernel.PayEnrolV2Decision.observationContext command.observation) memo → Type
def	Minidregg.Kernel.PayEnrolV2Receiver.Prepared.SemanticAccepted	746a44c54b978c7386debd71b0e55c45e96be04ad6550d3e8b71f7113dd0b7cf	35adf27d7b88da9255ebc6bc89254bb7e10fa7e5734ccd94ac6c50ed0931e04a	e029d1cdba2feeabd07e4a2fdd56a92894ee84e6914070ff82d6debe704bd3b6	43a3dedaf21d93bc	Classical.choice,Quot.sound,propext	{F : Type} → [inst : Field F] → [inst_1 : DecidableEq F] → {deployment : Minidregg.Kernel.PayEnrolReceiver.Deployment} → {profile : Minidregg.Compiler.CanonicalRuntimeProfile.Profile F} → {ambient : Minidregg.Kernel.PayEnrolReceiver.Ambient} → {durable : Minidregg.Kernel.PayEnrolReceiver.Durable} → {command : Minidregg.Kernel.PayEnrolReceiver.Command} → {memo : Minidregg.Kernel.PayEnrolV2Decision.Memo} → {verified : Minidregg.Compiler.PayEnrolSignatureV2IO.Checked (Minidregg.Kernel.PayEnrolV2Decision.observationContext command.observation) memo} → Minidregg.Kernel.PayEnrolV2Receiver.Prepared deployment profile ambient durable command memo verified → Type
def	Minidregg.Kernel.PayEnrolV2Receiver.Prepared.authority	c9e746b86ecca526ff233c2f8d24ec87650c506fb08545dc79e0c3f0950e0113	8a78ef3506be1092ecaff88dbcb9772be7e7579571e9cb311a1219f4be3894d6	71db52ab7adb866a9ecf2a5f7436a135bca098d89310bdc7cfe9243ba64f282f	6321bef5e9e333d8	Classical.choice,Quot.sound,propext	{F : Type} → [inst : Field F] → [inst_1 : DecidableEq F] → {deployment : Minidregg.Kernel.PayEnrolReceiver.Deployment} → {profile : Minidregg.Compiler.CanonicalRuntimeProfile.Profile F} → {ambient : Minidregg.Kernel.PayEnrolReceiver.Ambient} → {durable : Minidregg.Kernel.PayEnrolReceiver.Durable} → {command : Minidregg.Kernel.PayEnrolReceiver.Command} → {memo : Minidregg.Kernel.PayEnrolV2Decision.Memo} → {verified : Minidregg.Compiler.PayEnrolSignatureV2IO.Checked (Minidregg.Kernel.PayEnrolV2Decision.observationContext command.observation) memo} → Minidregg.Kernel.PayEnrolV2Receiver.Prepared deployment profile ambient durable command memo verified → Minidregg.Compiler.CredentialAuthorityDomainReceiver.Loaded deployment durable.snapshot
def	Minidregg.Kernel.PayEnrolV2Receiver.Prepared.book	1d0242ec2e5e68d41d1dd0febd55102f6ab99ab7c61352dc76341932abf09b89	0b9afdc0755cef409a40692a616119586d9059d63402bf2c0d37d5ec51e0b2e5	07cec21d937e9d8ba6578e29e60fe3016396ad8fd7974e2553a2cd050ea5904c	6334dc920dc87611	Classical.choice,Quot.sound,propext	{F : Type} → [inst : Field F] → [inst_1 : DecidableEq F] → {deployment : Minidregg.Kernel.PayEnrolReceiver.Deployment} → {profile : Minidregg.Compiler.CanonicalRuntimeProfile.Profile F} → {ambient : Minidregg.Kernel.PayEnrolReceiver.Ambient} → {durable : Minidregg.Kernel.PayEnrolReceiver.Durable} → {command : Minidregg.Kernel.PayEnrolReceiver.Command} → {memo : Minidregg.Kernel.PayEnrolV2Decision.Memo} → {verified : Minidregg.Compiler.PayEnrolSignatureV2IO.Checked (Minidregg.Kernel.PayEnrolV2Decision.observationContext command.observation) memo} → (self : Minidregg.Kernel.PayEnrolV2Receiver.Prepared deployment profile ambient durable command memo verified) → Minidregg.Kernel.PayEnrolReceiver.BookCell deployment self.directory.directory
def	Minidregg.Kernel.PayEnrolV2Receiver.Prepared.candidate	95fcf78fbc311791eea5b1d30a769eeb3f39bba33540487147ed9f42ddbbbd88	6a5ee6b4c2daa1ca1fbeba7dd6710c979e5b3fd5940a01671bebb278e5f4feda	025fa184bdda1f29be9116b62529dc129c23d5ac9ebd4b20c95434d29a0d171e	f3de601b10e7e3bd	Classical.choice,Quot.sound,propext	{F : Type} → [inst : Field F] → [inst_1 : DecidableEq F] → {deployment : Minidregg.Kernel.PayEnrolReceiver.Deployment} → {profile : Minidregg.Compiler.CanonicalRuntimeProfile.Profile F} → {ambient : Minidregg.Kernel.PayEnrolReceiver.Ambient} → {durable : Minidregg.Kernel.PayEnrolReceiver.Durable} → {command : Minidregg.Kernel.PayEnrolReceiver.Command} → {memo : Minidregg.Kernel.PayEnrolV2Decision.Memo} → {verified : Minidregg.Compiler.PayEnrolSignatureV2IO.Checked (Minidregg.Kernel.PayEnrolV2Decision.observationContext command.observation) memo} → (self : Minidregg.Kernel.PayEnrolV2Receiver.Prepared deployment profile ambient durable command memo verified) → Minidregg.Theory.PolicyInstall.Candidate (Minidregg.Kernel.PayEnrolReceiver.family deployment self.authority.snapshot self.pay.cell profile.semantics ambient command (Minidregg.Kernel.PayEnrolV2Receiver.patchOf command self.decision self.legs)) self.pay.cell (Minidregg.Kernel.PayEnrolV2Receiver.declarationOf command self.decision self.legs) ()
theorem	Minidregg.Kernel.PayEnrolV2Receiver.Prepared.chainTipAhead	8f20365c184a55241d2f6b40bfd24e97fee1a5eaea5fc7d451b78a35bc1ba294	4c0482537940e993e1ea3393b68eca05bd88a43b43d3534e69dba55a387b3c57	8256686c8f6c32de3c73e31377aad684f5814be574b9688b047a0c9e662c1038	59c275cbacf7b0ea	Classical.choice,Quot.sound,propext	∀ {F : Type} [inst : Field F] [inst_1 : DecidableEq F] {deployment : Minidregg.Kernel.PayEnrolReceiver.Deployment} {profile : Minidregg.Compiler.CanonicalRuntimeProfile.Profile F} {ambient : Minidregg.Kernel.PayEnrolReceiver.Ambient} {durable : Minidregg.Kernel.PayEnrolReceiver.Durable} {command : Minidregg.Kernel.PayEnrolReceiver.Command} {memo : Minidregg.Kernel.PayEnrolV2Decision.Memo} {verified : Minidregg.Compiler.PayEnrolSignatureV2IO.Checked (Minidregg.Kernel.PayEnrolV2Decision.observationContext command.observation) memo} (self : Minidregg.Kernel.PayEnrolV2Receiver.Prepared deployment profile ambient durable command memo verified), Minidregg.Kernel.PayChainTip.advances (Minidregg.Kernel.PayCell.chainTipOf self.pay.cell.logical) command.tip
def	Minidregg.Kernel.PayEnrolV2Receiver.Prepared.clock	19f876380e94dbaa7b3f9c9ed3dbf5438b5dcb2afe1d33071f062b7332d153f6	b9b900eb0db131e3414c5b9c3f58f8b39b0f82ca12d561204ebcf176c95ef52f	2611ab62e72ca0249a915a3026966c0c7c31631720983834cb502a53b15f92e7	11d069d241a39607	Classical.choice,Quot.sound,propext	{F : Type} → [inst : Field F] → [inst_1 : DecidableEq F] → {deployment : Minidregg.Kernel.PayEnrolReceiver.Deployment} → {profile : Minidregg.Compiler.CanonicalRuntimeProfile.Profile F} → {ambient : Minidregg.Kernel.PayEnrolReceiver.Ambient} → {durable : Minidregg.Kernel.PayEnrolReceiver.Durable} → {command : Minidregg.Kernel.PayEnrolReceiver.Command} → {memo : Minidregg.Kernel.PayEnrolV2Decision.Memo} → {verified : Minidregg.Compiler.PayEnrolSignatureV2IO.Checked (Minidregg.Kernel.PayEnrolV2Decision.observationContext command.observation) memo} → Minidregg.Kernel.PayEnrolV2Receiver.Prepared deployment profile ambient durable command memo verified → Minidregg.Kernel.ClockCellDomain.Loaded deployment durable.snapshot
theorem	Minidregg.Kernel.PayEnrolV2Receiver.Prepared.clockJudged	64d12b69ccc83b308eec82986255d11cc0bf42c16af9a406dfc3bc1d27166e11	602195dd0f94cb4f12d38144f083736a77cb1ffdd00fd62e2145219c278586fa	b6de12f06381ffb26d12fe41dfc042eb1bb668560b2894303955297d5b33c62b	1df6cd7d264ee08f	Classical.choice,Quot.sound,propext	∀ {F : Type} [inst : Field F] [inst_1 : DecidableEq F] {deployment : Minidregg.Kernel.PayEnrolReceiver.Deployment} {profile : Minidregg.Compiler.CanonicalRuntimeProfile.Profile F} {ambient : Minidregg.Kernel.PayEnrolReceiver.Ambient} {durable : Minidregg.Kernel.PayEnrolReceiver.Durable} {command : Minidregg.Kernel.PayEnrolReceiver.Command} {memo : Minidregg.Kernel.PayEnrolV2Decision.Memo} {verified : Minidregg.Compiler.PayEnrolSignatureV2IO.Checked (Minidregg.Kernel.PayEnrolV2Decision.observationContext command.observation) memo} (self : Minidregg.Kernel.PayEnrolV2Receiver.Prepared deployment profile ambient durable command memo verified), Minidregg.Kernel.ReceivingLaw.judgeWrite (Minidregg.Kernel.PayObservationReceiver.laws deployment profile) Minidregg.Compiler.CanonicalCellRegistry.FamilyId.payEnrolV2 durable (self.clock.write self.clockValid.apply) (Option.some (Minidregg.Kernel.PayEnrolV2Receiver.clockStepOf deployment profile ambient command self.directory.directory self.authority.snapshot self.pay.cell self.clock.cell self.clock.clock (Minidregg.Kernel.PayEnrolV2Receiver.declarationOf command self.decision self.legs) self.clockValid)) = Option.none
def	Minidregg.Kernel.PayEnrolV2Receiver.Prepared.clockPost	fe15fbcf864a179d50f4725ab71a31e34f2ba49ba04e8762c88069b025676abe	00e344fa135cb084b886c0f9b0c201ecab6ebcd492f03ce9541bf56ed2345895	677e3bc9ff11fbd8a137265d9f4907cdf2f2d892d17c16d81a25d1d537a8b1c2	42686c191f2f38b2	Classical.choice,Quot.sound,propext	{F : Type} → [inst : Field F] → [inst_1 : DecidableEq F] → {deployment : Minidregg.Kernel.PayEnrolReceiver.Deployment} → {profile : Minidregg.Compiler.CanonicalRuntimeProfile.Profile F} → {ambient : Minidregg.Kernel.PayEnrolReceiver.Ambient} → {durable : Minidregg.Kernel.PayEnrolReceiver.Durable} → {command : Minidregg.Kernel.PayEnrolReceiver.Command} → {memo : Minidregg.Kernel.PayEnrolV2Decision.Memo} → {verified : Minidregg.Compiler.PayEnrolSignatureV2IO.Checked (Minidregg.Kernel.PayEnrolV2Decision.observationContext command.observation) memo} → Minidregg.Kernel.PayEnrolV2Receiver.Prepared deployment profile ambient durable command memo verified → Minidregg.Kernel.ClockCell.Cell
def	Minidregg.Kernel.PayEnrolV2Receiver.Prepared.clockStep	5267cbfd9fba7ecf78a99712e52978005ae68282674dd997dc087ae9b462e447	0ea73b6d3f2e1e99dcd5bab48c43090910b2ae86e43519756275618542aa1b0c	c9c5828b4ad7ae1992121b2cb549de0412b14a523c00a8eae56273ad94edc273	a9bccbcec6f78e1e	Classical.choice,Quot.sound,propext	{F : Type} → [inst : Field F] → [inst_1 : DecidableEq F] → {deployment : Minidregg.Kernel.PayEnrolReceiver.Deployment} → {profile : Minidregg.Compiler.CanonicalRuntimeProfile.Profile F} → {ambient : Minidregg.Kernel.PayEnrolReceiver.Ambient} → {durable : Minidregg.Kernel.PayEnrolReceiver.Durable} → {command : Minidregg.Kernel.PayEnrolReceiver.Command} → {memo : Minidregg.Kernel.PayEnrolV2Decision.Memo} → {verified : Minidregg.Compiler.PayEnrolSignatureV2IO.Checked (Minidregg.Kernel.PayEnrolV2Decision.observationContext command.observation) memo} → Minidregg.Kernel.PayEnrolV2Receiver.Prepared deployment profile ambient durable command memo verified → Minidregg.Compiler.CanonicalPolicyAdmission.PolicyStepContext
theorem	Minidregg.Kernel.PayEnrolV2Receiver.Prepared.clockValid	ab8c2b87f4943f13c2c8d2463018be5a6c6a2ca6a5f656f2fe1069121ecdadb3	03017b3ab6cb1d7eac68c6379c7f199ab095c4388a64147880475d1f8edc8990	5a5e5a349c07d8a4a6207faf9b9970d775dba611d3e230d67579425e152ceefa	4a56fbbf93cb88c7	Classical.choice,Quot.sound,propext	∀ {F : Type} [inst : Field F] [inst_1 : DecidableEq F] {deployment : Minidregg.Kernel.PayEnrolReceiver.Deployment} {profile : Minidregg.Compiler.CanonicalRuntimeProfile.Profile F} {ambient : Minidregg.Kernel.PayEnrolReceiver.Ambient} {durable : Minidregg.Kernel.PayEnrolReceiver.Durable} {command : Minidregg.Kernel.PayEnrolReceiver.Command} {memo : Minidregg.Kernel.PayEnrolV2Decision.Memo} {verified : Minidregg.Compiler.PayEnrolSignatureV2IO.Checked (Minidregg.Kernel.PayEnrolV2Decision.observationContext command.observation) memo} (self : Minidregg.Kernel.PayEnrolV2Receiver.Prepared deployment profile ambient durable command memo verified), Minidregg.Theory.CellState.ValidatedPatch Minidregg.Kernel.ClockCell.materializer self.clock.cell (Minidregg.Theory.CellState.Materialized.root self.clock.cell) (Minidregg.Kernel.ClockCell.tickPatch self.clock.clock (Minidregg.Kernel.PayObservation.advanceClock self.clock.clock command.tip))
theorem	Minidregg.Kernel.PayEnrolV2Receiver.Prepared.clock_lawful	cb18da3f8626a04ef27f3dec1f2ac89b682412ea8bb5686fc06bb26f450deffa	205995a30b082daaaa5c25fd4eb153ead23684f43cda3e9a6953c4767587173f	b6a989b0ba027aa6dd1fd33ee2cdd3d1dd9999cbf3f0bb9d9be4d68f619e5f8c	6ca8fa854597e7c8	Classical.choice,Quot.sound,propext	∀ {F : Type} [inst : Field F] [inst_1 : DecidableEq F] {deployment : Minidregg.Kernel.PayEnrolReceiver.Deployment} {profile : Minidregg.Compiler.CanonicalRuntimeProfile.Profile F} {ambient : Minidregg.Kernel.PayEnrolReceiver.Ambient} {durable : Minidregg.Kernel.PayEnrolReceiver.Durable} {command : Minidregg.Kernel.PayEnrolReceiver.Command} {memo : Minidregg.Kernel.PayEnrolV2Decision.Memo} {verified : Minidregg.Compiler.PayEnrolSignatureV2IO.Checked (Minidregg.Kernel.PayEnrolV2Decision.observationContext command.observation) memo} (prepared : Minidregg.Kernel.PayEnrolV2Receiver.Prepared deployment profile ambient durable command memo verified), Minidregg.Kernel.ReceivingLaw.Lawful (Minidregg.Kernel.PayObservationReceiver.laws deployment profile) Minidregg.Compiler.CanonicalCellRegistry.FamilyId.payEnrolV2 durable (Minidregg.Kernel.PayEnrolV2Receiver.clockWrite prepared) (Option.some prepared.clockStep)
theorem	Minidregg.Kernel.PayEnrolV2Receiver.Prepared.complete_law_dependencies	dc5de62f5a7e0f65c084b5dcd028dcbb8567dc128cc3b348bd38ae4baeb2d1b0	f74fcebc39c48012035957368e8dda96f88e537cb265ae4797c58b2472ebda80	8a6bdb4041abb91df66f70a16f26786446234b3f014bebeb1d5e6717b7d9cb6f	7d78d8e8350db542	Classical.choice,Quot.sound,propext	∀ {F : Type} [inst : Field F] [inst_1 : DecidableEq F] {deployment : Minidregg.Kernel.PayEnrolReceiver.Deployment} {profile : Minidregg.Compiler.CanonicalRuntimeProfile.Profile F} {ambient : Minidregg.Kernel.PayEnrolReceiver.Ambient} {durable : Minidregg.Kernel.PayEnrolReceiver.Durable} {command : Minidregg.Kernel.PayEnrolReceiver.Command} {memo : Minidregg.Kernel.PayEnrolV2Decision.Memo} {verified : Minidregg.Compiler.PayEnrolSignatureV2IO.Checked (Minidregg.Kernel.PayEnrolV2Decision.observationContext command.observation) memo} (prepared : Minidregg.Kernel.PayEnrolV2Receiver.Prepared deployment profile ambient durable command memo verified), Minidregg.Compiler.WorldKindLawDependencies.loadTarget deployment prepared.directory.directory deployment.factoryId = Option.some prepared.dependencies ∧ Minidregg.Compiler.PhysicalLawResolution.readGuards prepared.authority.snapshot prepared.directory.directory profile.semantics deployment.factoryId prepared.dependencies.additional = Option.some prepared.lawGuards
theorem	Minidregg.Kernel.PayEnrolV2Receiver.Prepared.decided	23efad601a6ae363397ce163813784b91a6bbdf530c0f55b02df1bd10a3f8dea	43bc4d0a3b2518298d7cfab949b43976e9aff8583669e3310f576695627f3148	fe883a4d66bdcaf24f92d852d671720ae76f0fd81d1ec4c5622e59221fa6faa6	344546a61226fac1	Classical.choice,Quot.sound,propext	∀ {F : Type} [inst : Field F] [inst_1 : DecidableEq F] {deployment : Minidregg.Kernel.PayEnrolReceiver.Deployment} {profile : Minidregg.Compiler.CanonicalRuntimeProfile.Profile F} {ambient : Minidregg.Kernel.PayEnrolReceiver.Ambient} {durable : Minidregg.Kernel.PayEnrolReceiver.Durable} {command : Minidregg.Kernel.PayEnrolReceiver.Command} {memo : Minidregg.Kernel.PayEnrolV2Decision.Memo} {verified : Minidregg.Compiler.PayEnrolSignatureV2IO.Checked (Minidregg.Kernel.PayEnrolV2Decision.observationContext command.observation) memo} (self : Minidregg.Kernel.PayEnrolV2Receiver.Prepared deployment profile ambient durable command memo verified), Minidregg.Kernel.PayEnrolV2Decision.decide self.pay.cell.logical self.authority.snapshot (Minidregg.Kernel.PayEnrolV2Receiver.pricingAt deployment profile ambient self.expectedSeed self.authority.snapshot memo) command.tip command.observation memo verified = Except.ok self.decision
def	Minidregg.Kernel.PayEnrolV2Receiver.Prepared.decision	e0d66495967499fe102470c19680226f76854fcb9d96a2ea189ec45a7c621231	b254e6c0e38bc29cbff97a384dba2cbc2e7cf841c0a50cadf2b116ebdb3eb2fd	0eeada699af6299f1617858caf18f79862944a6e2038af21b4fabee33a10ffa3	0197dee0ef7d6598	Classical.choice,Quot.sound,propext	{F : Type} → [inst : Field F] → [inst_1 : DecidableEq F] → {deployment : Minidregg.Kernel.PayEnrolReceiver.Deployment} → {profile : Minidregg.Compiler.CanonicalRuntimeProfile.Profile F} → {ambient : Minidregg.Kernel.PayEnrolReceiver.Ambient} → {durable : Minidregg.Kernel.PayEnrolReceiver.Durable} → {command : Minidregg.Kernel.PayEnrolReceiver.Command} → {memo : Minidregg.Kernel.PayEnrolV2Decision.Memo} → {verified : Minidregg.Compiler.PayEnrolSignatureV2IO.Checked (Minidregg.Kernel.PayEnrolV2Decision.observationContext command.observation) memo} → Minidregg.Kernel.PayEnrolV2Receiver.Prepared deployment profile ambient durable command memo verified → Minidregg.Kernel.PayEnrolV2Decision.Decision
def	Minidregg.Kernel.PayEnrolV2Receiver.Prepared.declaration	55f214a4c754eae43e4550e60bc6914bc4cd230608fbd84de5fac56435c5db5a	f9bb2540b77cf924fc0f8652deac2815edf0e5effdfeec8c426dfb94a41ecbf6	415e066ae594e064912e1957768c20fd93dbcb563f9cde609bbbf1b56ffc8626	3bcb6946e0fe779e	Classical.choice,Quot.sound,propext	{F : Type} → [inst : Field F] → [inst_1 : DecidableEq F] → {deployment : Minidregg.Kernel.PayEnrolReceiver.Deployment} → {profile : Minidregg.Compiler.CanonicalRuntimeProfile.Profile F} → {ambient : Minidregg.Kernel.PayEnrolReceiver.Ambient} → {durable : Minidregg.Kernel.PayEnrolReceiver.Durable} → {command : Minidregg.Kernel.PayEnrolReceiver.Command} → {memo : Minidregg.Kernel.PayEnrolV2Decision.Memo} → {verified : Minidregg.Compiler.PayEnrolSignatureV2IO.Checked (Minidregg.Kernel.PayEnrolV2Decision.observationContext command.observation) memo} → Minidregg.Kernel.PayEnrolV2Receiver.Prepared deployment profile ambient durable command memo verified → Minidregg.Kernel.PayEnrolReceiver.Declaration
def	Minidregg.Kernel.PayEnrolV2Receiver.Prepared.dependencies	bf2751ba826e508a787a26b1f476c6f7e371ba855c167f6efcbfb3e27115cdb9	130b2244fa87337eef9b3add81b998fb7ff855a7fbc17f2b575c20f9fb2f071e	41edaa9c4cd5b371709a1d5cf5449e4e4020224cd56e5aa7d36c62e1811c8aa0	e27c36054c06c4ba	Classical.choice,Quot.sound,propext	{F : Type} → [inst : Field F] → [inst_1 : DecidableEq F] → {deployment : Minidregg.Kernel.PayEnrolReceiver.Deployment} → {profile : Minidregg.Compiler.CanonicalRuntimeProfile.Profile F} → {ambient : Minidregg.Kernel.PayEnrolReceiver.Ambient} → {durable : Minidregg.Kernel.PayEnrolReceiver.Durable} → {command : Minidregg.Kernel.PayEnrolReceiver.Command} → {memo : Minidregg.Kernel.PayEnrolV2Decision.Memo} → {verified : Minidregg.Compiler.PayEnrolSignatureV2IO.Checked (Minidregg.Kernel.PayEnrolV2Decision.observationContext command.observation) memo} → Minidregg.Kernel.PayEnrolV2Receiver.Prepared deployment profile ambient durable command memo verified → Minidregg.Compiler.WorldKindLawDependencies.Dependencies
theorem	Minidregg.Kernel.PayEnrolV2Receiver.Prepared.dependenciesExact	bba5a86ce341bb3b91887d5e22350c23b7ae2c4afd5dc0857b6156fd6f5a9b97	4fb375abf042af9748941671e5df9df9a77ea550bf33144cdc45485a8ae75d5b	1b31fabe620280a7ce7285512f78114f4e3c4228f48835baec79e59157f423b8	13c8c9dbbf652a6e	Classical.choice,Quot.sound,propext	∀ {F : Type} [inst : Field F] [inst_1 : DecidableEq F] {deployment : Minidregg.Kernel.PayEnrolReceiver.Deployment} {profile : Minidregg.Compiler.CanonicalRuntimeProfile.Profile F} {ambient : Minidregg.Kernel.PayEnrolReceiver.Ambient} {durable : Minidregg.Kernel.PayEnrolReceiver.Durable} {command : Minidregg.Kernel.PayEnrolReceiver.Command} {memo : Minidregg.Kernel.PayEnrolV2Decision.Memo} {verified : Minidregg.Compiler.PayEnrolSignatureV2IO.Checked (Minidregg.Kernel.PayEnrolV2Decision.observationContext command.observation) memo} (self : Minidregg.Kernel.PayEnrolV2Receiver.Prepared deployment profile ambient durable command memo verified), Minidregg.Compiler.WorldKindLawDependencies.loadTarget deployment self.directory.directory deployment.factoryId = Option.some self.dependencies
def	Minidregg.Kernel.PayEnrolV2Receiver.Prepared.directory	343d212e547fa330e40c90bbae2554b7eb2d220b4de52ea869c9c1c9b9c19a9e	48f2b0f1a6e6b8b0e6f3b1b1a1686062a7aea1d13663e6f3053448bda1bbe109	6fb7386ea2626c6e073473440a9b09767490b1f05952fb419759732771d0ad85	1116f967b18aca79	Classical.choice,Quot.sound,propext	{F : Type} → [inst : Field F] → [inst_1 : DecidableEq F] → {deployment : Minidregg.Kernel.PayEnrolReceiver.Deployment} → {profile : Minidregg.Compiler.CanonicalRuntimeProfile.Profile F} → {ambient : Minidregg.Kernel.PayEnrolReceiver.Ambient} → {durable : Minidregg.Kernel.PayEnrolReceiver.Durable} → {command : Minidregg.Kernel.PayEnrolReceiver.Command} → {memo : Minidregg.Kernel.PayEnrolV2Decision.Memo} → {verified : Minidregg.Compiler.PayEnrolSignatureV2IO.Checked (Minidregg.Kernel.PayEnrolV2Decision.observationContext command.observation) memo} → Minidregg.Kernel.PayEnrolV2Receiver.Prepared deployment profile ambient durable command memo verified → Minidregg.Compiler.CredentialAuthorityDomainReceiver.LoadedDirectory durable
def	Minidregg.Kernel.PayEnrolV2Receiver.Prepared.expectedSeed	4cdcfe2c5e6dcd40705a2202a88f02fb2586795152381e1033342f9f621b0a0c	e23b8115f955b2cfe0bb2f3d82722eba8062a76b98cf3f50264cd99a4621d32d	a4283ae76b66f96dc8b62de688acb08e6db8136dd56be22f34e21c56f16f4c75	ace9cdec882198f9	Classical.choice,Quot.sound,propext	{F : Type} → [inst : Field F] → [inst_1 : DecidableEq F] → {deployment : Minidregg.Kernel.PayEnrolReceiver.Deployment} → {profile : Minidregg.Compiler.CanonicalRuntimeProfile.Profile F} → {ambient : Minidregg.Kernel.PayEnrolReceiver.Ambient} → {durable : Minidregg.Kernel.PayEnrolReceiver.Durable} → {command : Minidregg.Kernel.PayEnrolReceiver.Command} → {memo : Minidregg.Kernel.PayEnrolV2Decision.Memo} → {verified : Minidregg.Compiler.PayEnrolSignatureV2IO.Checked (Minidregg.Kernel.PayEnrolV2Decision.observationContext command.observation) memo} → Minidregg.Kernel.PayEnrolV2Receiver.Prepared deployment profile ambient durable command memo verified → Minidregg.Theory.TypedAuthorization.Digest
def	Minidregg.Kernel.PayEnrolV2Receiver.Prepared.factory	0e680315fc5f61d68256b6a7e16254a0ad03551dca525125420004c8d193d9ab	aaf804e038bab9b2f15359e946c13375cde7c7b99a0a7a6349654f69f0f9e5b8	935863750560db35d3e0f0ad5c3be24b9461283a358dc2003f3a27f5daf06e58	ba5be84a9a33309e	Classical.choice,Quot.sound,propext	{F : Type} → [inst : Field F] → [inst_1 : DecidableEq F] → {deployment : Minidregg.Kernel.PayEnrolReceiver.Deployment} → {profile : Minidregg.Compiler.CanonicalRuntimeProfile.Profile F} → {ambient : Minidregg.Kernel.PayEnrolReceiver.Ambient} → {durable : Minidregg.Kernel.PayEnrolReceiver.Durable} → {command : Minidregg.Kernel.PayEnrolReceiver.Command} → {memo : Minidregg.Kernel.PayEnrolV2Decision.Memo} → {verified : Minidregg.Compiler.PayEnrolSignatureV2IO.Checked (Minidregg.Kernel.PayEnrolV2Decision.observationContext command.observation) memo} → (self : Minidregg.Kernel.PayEnrolV2Receiver.Prepared deployment profile ambient durable command memo verified) → Minidregg.Kernel.PayEnrolReceiver.FactoryCell deployment self.directory.directory
def	Minidregg.Kernel.PayEnrolV2Receiver.Prepared.input	fa1a5774fb3e2bb343d757dd73ffed68c4cc95d2151e31cdf3fd8a308f9a0b81	cbb84dd103046ffaa3ad517b419004d75711a44f391d53e0533f537566a3897c	792a36c35d3738df6ee293c6f7c50cc1ddce76d501e3d2dea2c05593b72e3d1a	8f9cd58a47dbf43d	Classical.choice,Quot.sound,propext	{F : Type} → [inst : Field F] → [inst_1 : DecidableEq F] → {deployment : Minidregg.Kernel.PayEnrolReceiver.Deployment} → {profile : Minidregg.Compiler.CanonicalRuntimeProfile.Profile F} → {ambient : Minidregg.Kernel.PayEnrolReceiver.Ambient} → {durable : Minidregg.Kernel.PayEnrolReceiver.Durable} → {command : Minidregg.Kernel.PayEnrolReceiver.Command} → {memo : Minidregg.Kernel.PayEnrolV2Decision.Memo} → {verified : Minidregg.Compiler.PayEnrolSignatureV2IO.Checked (Minidregg.Kernel.PayEnrolV2Decision.observationContext command.observation) memo} → Minidregg.Kernel.PayEnrolV2Receiver.Prepared deployment profile ambient durable command memo verified → Minidregg.Kernel.PayEnrolV2Legs.Input
theorem	Minidregg.Kernel.PayEnrolV2Receiver.Prepared.inputExact	0292a0b3bc9ef3361de631492692ec21c031ce1a88b5fb0f70392b68b5c2d091	0931b6592f8573b97f5080b9e181c6c5853fe86f440fc429c5b32ea557b318ee	3ad902dd6a64252291ebc63532e681b7130a59a8ad373f666274458c1418dcbc	bcffc909b9622ba1	Classical.choice,Quot.sound,propext	∀ {F : Type} [inst : Field F] [inst_1 : DecidableEq F] {deployment : Minidregg.Kernel.PayEnrolReceiver.Deployment} {profile : Minidregg.Compiler.CanonicalRuntimeProfile.Profile F} {ambient : Minidregg.Kernel.PayEnrolReceiver.Ambient} {durable : Minidregg.Kernel.PayEnrolReceiver.Durable} {command : Minidregg.Kernel.PayEnrolReceiver.Command} {memo : Minidregg.Kernel.PayEnrolV2Decision.Memo} {verified : Minidregg.Compiler.PayEnrolSignatureV2IO.Checked (Minidregg.Kernel.PayEnrolV2Decision.observationContext command.observation) memo} (self : Minidregg.Kernel.PayEnrolV2Receiver.Prepared deployment profile ambient durable command memo verified), Minidregg.Kernel.PayEnrolV2Receiver.economicInput self.pay.cell.logical self.authority.snapshot self.decision = Except.ok self.input
def	Minidregg.Kernel.PayEnrolV2Receiver.Prepared.lawGuards	6c9cf8f17ec8adbaf4417ea42c2e0c533bbe6f790bd58c3951668be2b70807b1	029c78213380e10252e135129b36403690c458b119cb6510620f5416e4f97dc7	88105ecddb80f3da5f24f3a7a14c0880f43f904f7ef28859963a8ba79a26753d	67e7e4e9fb825eaa	Classical.choice,Quot.sound,propext	{F : Type} → [inst : Field F] → [inst_1 : DecidableEq F] → {deployment : Minidregg.Kernel.PayEnrolReceiver.Deployment} → {profile : Minidregg.Compiler.CanonicalRuntimeProfile.Profile F} → {ambient : Minidregg.Kernel.PayEnrolReceiver.Ambient} → {durable : Minidregg.Kernel.PayEnrolReceiver.Durable} → {command : Minidregg.Kernel.PayEnrolReceiver.Command} → {memo : Minidregg.Kernel.PayEnrolV2Decision.Memo} → {verified : Minidregg.Compiler.PayEnrolSignatureV2IO.Checked (Minidregg.Kernel.PayEnrolV2Decision.observationContext command.observation) memo} → Minidregg.Kernel.PayEnrolV2Receiver.Prepared deployment profile ambient durable command memo verified → List (ℕ × Minidregg.Theory.TypedAuthorization.Digest)
theorem	Minidregg.Kernel.PayEnrolV2Receiver.Prepared.lawGuardsExact	9a94af6522227404366ef74cd8955aafe903e673dbf1172f97c0e3c9c3b1b7eb	eaa6eefe599a60b53e06899e24e5a045a357fd9b3a0e0b35f492b649f4dd248c	0b92149c9b58574e966858f0ed9ddf1900157c620b13066b51e51fa53a93de05	cbade2477fea568b	Classical.choice,Quot.sound,propext	∀ {F : Type} [inst : Field F] [inst_1 : DecidableEq F] {deployment : Minidregg.Kernel.PayEnrolReceiver.Deployment} {profile : Minidregg.Compiler.CanonicalRuntimeProfile.Profile F} {ambient : Minidregg.Kernel.PayEnrolReceiver.Ambient} {durable : Minidregg.Kernel.PayEnrolReceiver.Durable} {command : Minidregg.Kernel.PayEnrolReceiver.Command} {memo : Minidregg.Kernel.PayEnrolV2Decision.Memo} {verified : Minidregg.Compiler.PayEnrolSignatureV2IO.Checked (Minidregg.Kernel.PayEnrolV2Decision.observationContext command.observation) memo} (self : Minidregg.Kernel.PayEnrolV2Receiver.Prepared deployment profile ambient durable command memo verified), Minidregg.Compiler.PhysicalLawResolution.readGuards self.authority.snapshot self.directory.directory profile.semantics deployment.factoryId self.dependencies.additional = Option.some self.lawGuards
def	Minidregg.Kernel.PayEnrolV2Receiver.Prepared.legs	ddc8d635a47c64ef8708716012643fbb75e0c7fecf6fe367e4ae611e4e68e07f	afd0e6b49e4f7b8fae8f0c0de6e167c7590f7ae056ddea3b112d29a59536b50f	a264601a2e29a2a808fad80503f47ccea7b57da30dc0eb4c403947058dea6ac3	09c41047019ada89	Classical.choice,Quot.sound,propext	{F : Type} → [inst : Field F] → [inst_1 : DecidableEq F] → {deployment : Minidregg.Kernel.PayEnrolReceiver.Deployment} → {profile : Minidregg.Compiler.CanonicalRuntimeProfile.Profile F} → {ambient : Minidregg.Kernel.PayEnrolReceiver.Ambient} → {durable : Minidregg.Kernel.PayEnrolReceiver.Durable} → {command : Minidregg.Kernel.PayEnrolReceiver.Command} → {memo : Minidregg.Kernel.PayEnrolV2Decision.Memo} → {verified : Minidregg.Compiler.PayEnrolSignatureV2IO.Checked (Minidregg.Kernel.PayEnrolV2Decision.observationContext command.observation) memo} → (self : Minidregg.Kernel.PayEnrolV2Receiver.Prepared deployment profile ambient durable command memo verified) → Minidregg.Kernel.PayEnrolV2Legs.Legs deployment profile ambient self.directory self.authority self.pay self.book self.tariff self.input
def	Minidregg.Kernel.PayEnrolV2Receiver.Prepared.pay	4a7ef04c074a77500afae986bfc1457982693cedcc83a26927bdcf3490c0fd72	f6e14827b3e58e079de85ad74011eb54b4906013e95d01934820aacf3966b87a	2f8e6e5d472bebb7ddf42727117e9b54c571e3846bfb6aeaef343c6067b9f377	6d80368c1eda004a	Classical.choice,Quot.sound,propext	{F : Type} → [inst : Field F] → [inst_1 : DecidableEq F] → {deployment : Minidregg.Kernel.PayEnrolReceiver.Deployment} → {profile : Minidregg.Compiler.CanonicalRuntimeProfile.Profile F} → {ambient : Minidregg.Kernel.PayEnrolReceiver.Ambient} → {durable : Minidregg.Kernel.PayEnrolReceiver.Durable} → {command : Minidregg.Kernel.PayEnrolReceiver.Command} → {memo : Minidregg.Kernel.PayEnrolV2Decision.Memo} → {verified : Minidregg.Compiler.PayEnrolSignatureV2IO.Checked (Minidregg.Kernel.PayEnrolV2Decision.observationContext command.observation) memo} → Minidregg.Kernel.PayEnrolV2Receiver.Prepared deployment profile ambient durable command memo verified → Minidregg.Kernel.PayCellDomain.Loaded deployment durable.snapshot
def	Minidregg.Kernel.PayEnrolV2Receiver.Prepared.payPost	6b4ca1ff9b4ce3ff06bfc7917a7b707366729ed3cc3a837ee4202f791dbf6b2c	e640f3a44ebdc2fc06bb9af4e8acb2afefd43b3a3904543d19db17d38188142c	c16125aef2b62a03763aab5c687fe3164e9fa6120eaa3b1151f82a53520cbd52	c1a22cdd89576069	Classical.choice,Quot.sound,propext	{F : Type} → [inst : Field F] → [inst_1 : DecidableEq F] → {deployment : Minidregg.Kernel.PayEnrolReceiver.Deployment} → {profile : Minidregg.Compiler.CanonicalRuntimeProfile.Profile F} → {ambient : Minidregg.Kernel.PayEnrolReceiver.Ambient} → {durable : Minidregg.Kernel.PayEnrolReceiver.Durable} → {command : Minidregg.Kernel.PayEnrolReceiver.Command} → {memo : Minidregg.Kernel.PayEnrolV2Decision.Memo} → {verified : Minidregg.Compiler.PayEnrolSignatureV2IO.Checked (Minidregg.Kernel.PayEnrolV2Decision.observationContext command.observation) memo} → Minidregg.Kernel.PayEnrolV2Receiver.Prepared deployment profile ambient durable command memo verified → Minidregg.Kernel.PayCell.Cell
def	Minidregg.Kernel.PayEnrolV2Receiver.Prepared.source	55261f5c90e7261001d17be0264f1fb29b490b93d020e3c21088ea7a6248205e	315adde19bf026a2ac31b24a74c750785d0e76a637554a439bac05ed0e0e5c1f	29f6fc100dea11ea17d90f95aa4fa74f5151f920a4a98e1e1337a07bdd26ea1e	825352ed146bbbad	Classical.choice,Quot.sound,propext	{F : Type} → [inst : Field F] → [inst_1 : DecidableEq F] → {deployment : Minidregg.Kernel.PayEnrolReceiver.Deployment} → {profile : Minidregg.Compiler.CanonicalRuntimeProfile.Profile F} → {ambient : Minidregg.Kernel.PayEnrolReceiver.Ambient} → {durable : Minidregg.Kernel.PayEnrolReceiver.Durable} → {command : Minidregg.Kernel.PayEnrolReceiver.Command} → {memo : Minidregg.Kernel.PayEnrolV2Decision.Memo} → {verified : Minidregg.Compiler.PayEnrolSignatureV2IO.Checked (Minidregg.Kernel.PayEnrolV2Decision.observationContext command.observation) memo} → (self : Minidregg.Kernel.PayEnrolV2Receiver.Prepared deployment profile ambient durable command memo verified) → Minidregg.Compiler.CanonicalCellRegistry.LoadedPolicySource self.authority.snapshot.domain self.directory.directory (self.authority.snapshot.authState.policyAddress { value := deployment.factoryId } (self.authority.snapshot.authState.policyRevision { value := deployment.factoryId }))
def	Minidregg.Kernel.PayEnrolV2Receiver.Prepared.tariff	7688c14e59bc337a0d08b9eb4ae30085623090f2b8f076f53004adeac269e2c4	c3b28f60f97c901cf9d79325355f6e2412f9da5c489e51180f96cd74764700da	466d035acce790c269ba98a008677b1320f3f959c41719e057313481cda0e8a4	022dc11f8d05dc3e	Classical.choice,Quot.sound,propext	{F : Type} → [inst : Field F] → [inst_1 : DecidableEq F] → {deployment : Minidregg.Kernel.PayEnrolReceiver.Deployment} → {profile : Minidregg.Compiler.CanonicalRuntimeProfile.Profile F} → {ambient : Minidregg.Kernel.PayEnrolReceiver.Ambient} → {durable : Minidregg.Kernel.PayEnrolReceiver.Durable} → {command : Minidregg.Kernel.PayEnrolReceiver.Command} → {memo : Minidregg.Kernel.PayEnrolV2Decision.Memo} → {verified : Minidregg.Compiler.PayEnrolSignatureV2IO.Checked (Minidregg.Kernel.PayEnrolV2Decision.observationContext command.observation) memo} → Minidregg.Kernel.PayEnrolV2Receiver.Prepared deployment profile ambient durable command memo verified → Minidregg.Kernel.PayTariff.Tariff
theorem	Minidregg.Kernel.PayEnrolV2Receiver.Prepared.tariffExact	8165e86459bc501f49726f67aaa4b36aec2f328698cd440c7119c5ff50f09554	39e604b2bbcdd36a81e36f5c8981c050ee47075cef63a9fc5331493cdce5caa7	499f5d6aa6582c39ec7e040c06e888b218bac54ca2007bc744c098fc719135b1	51a6528c17198f3f	Classical.choice,Quot.sound,propext	∀ {F : Type} [inst : Field F] [inst_1 : DecidableEq F] {deployment : Minidregg.Kernel.PayEnrolReceiver.Deployment} {profile : Minidregg.Compiler.CanonicalRuntimeProfile.Profile F} {ambient : Minidregg.Kernel.PayEnrolReceiver.Ambient} {durable : Minidregg.Kernel.PayEnrolReceiver.Durable} {command : Minidregg.Kernel.PayEnrolReceiver.Command} {memo : Minidregg.Kernel.PayEnrolV2Decision.Memo} {verified : Minidregg.Compiler.PayEnrolSignatureV2IO.Checked (Minidregg.Kernel.PayEnrolV2Decision.observationContext command.observation) memo} (self : Minidregg.Kernel.PayEnrolV2Receiver.Prepared deployment profile ambient durable command memo verified), Minidregg.Kernel.PayCell.tariffOf self.pay.cell.logical = Option.some self.tariff
theorem	Minidregg.Kernel.PayEnrolV2Receiver.Prepared.tipAhead	82d8271f4a63d14566f8b96ef76de2193752604c3bdbbd28a5b9ad768f5601f5	7c48390e2bdfd914e51dc5ca5a53531042c084cdbda1278132092db39622d1eb	e9ef1f5d430f491e7ca6048c3058c3f5b52e428b908c2a39c4a24dde994c1944	bc704ea23ae9d953	Classical.choice,Quot.sound,propext	∀ {F : Type} [inst : Field F] [inst_1 : DecidableEq F] {deployment : Minidregg.Kernel.PayEnrolReceiver.Deployment} {profile : Minidregg.Compiler.CanonicalRuntimeProfile.Profile F} {ambient : Minidregg.Kernel.PayEnrolReceiver.Ambient} {durable : Minidregg.Kernel.PayEnrolReceiver.Durable} {command : Minidregg.Kernel.PayEnrolReceiver.Command} {memo : Minidregg.Kernel.PayEnrolV2Decision.Memo} {verified : Minidregg.Compiler.PayEnrolSignatureV2IO.Checked (Minidregg.Kernel.PayEnrolV2Decision.observationContext command.observation) memo} (self : Minidregg.Kernel.PayEnrolV2Receiver.Prepared deployment profile ambient durable command memo verified), self.clock.clock.slot ≤ command.tip.slot
theorem	Minidregg.Kernel.PayEnrolV2Receiver.Prepared.tipFresh	718c7a316130549304e36cbcda680f9c561530271ca23653907e5ca8078ebc42	c3710514d8269a7f43be8ceaa1917aa06fc0548879cc0041b8377a129e69a146	bf52ac3a7e414f1d4906c0d8bb437557c7038ab7a637ce5c8d971c0d43f7d865	4a515d7ad943ba06	Classical.choice,Quot.sound,propext	∀ {F : Type} [inst : Field F] [inst_1 : DecidableEq F] {deployment : Minidregg.Kernel.PayEnrolReceiver.Deployment} {profile : Minidregg.Compiler.CanonicalRuntimeProfile.Profile F} {ambient : Minidregg.Kernel.PayEnrolReceiver.Ambient} {durable : Minidregg.Kernel.PayEnrolReceiver.Durable} {command : Minidregg.Kernel.PayEnrolReceiver.Command} {memo : Minidregg.Kernel.PayEnrolV2Decision.Memo} {verified : Minidregg.Compiler.PayEnrolSignatureV2IO.Checked (Minidregg.Kernel.PayEnrolV2Decision.observationContext command.observation) memo} (self : Minidregg.Kernel.PayEnrolV2Receiver.Prepared deployment profile ambient durable command memo verified), Minidregg.Kernel.PayChainTip.fresh (Minidregg.Kernel.PayObservation.advanceClock self.clock.clock command.tip) (Option.some command.tip) = Except.ok command.tip
def	Minidregg.Kernel.PayEnrolV2Receiver.Receipt	1fbd97499a64286aa5af3626c6a4f3041dc98568246cf545ca2ab889c250d613	89855d392aa192071e8a2b2230d30ecae8fc9de0c15fa6a53f6209226829292a	84f69aadd1a1e0231f151b28bb155d7c6f35e234c3276a43f5e24f60beb80a5d	953370b2e3f41927	-	Type
inductive	Minidregg.Kernel.PayEnrolV2Receiver.Reject	7f3a33781eab7d91fae49f9ed91f8cb7b3a543b9b33afcca18ed96979a6f43aa	16946b93ac38405660f51e475eb5aa7d25b54f5e5677e0f6a10a4526cc071cbf	7b9fd71834989de5d1ed033ff592ba2ac0ebffb384c68021160bbc43c3c902a2	264995bc80de271d		Type
ctor	Minidregg.Kernel.PayEnrolV2Receiver.Reject.authorityUnavailable	c83f5813838eb2ee93f17b72159c8c7e588e62b9299a93639678b97fad96fdac	ed44b4db2492bf39ae211f8a760862bad7375004aa414c15b9e22c0212579fa3	69749dce69130bd45e5edb08582c95bc9aa45ed3dcef1dc4af89e0f73290dbf1	6eecf6c994fa33c2		Minidregg.Kernel.PayEnrolV2Receiver.Reject
def	Minidregg.Kernel.PayEnrolV2Receiver.Reject.authorityUnavailable.elim	364a46021a1ccaf959a53d1f8e84eaa9f68e3b84c20ad1ef3d5b8529477a38c0	7a2088fe00fbc63b3288d981ae8bdb31b702f542ad29501912b067532f20a5e4	cf2ba8137580cc03e694ddd57c2007c0480c7a12bdc4b3c82a3e6ed3422437dd	6c3e92cdb61306a1	-	{motive : Minidregg.Kernel.PayEnrolV2Receiver.Reject → Sort u} → (t : Minidregg.Kernel.PayEnrolV2Receiver.Reject) → t.ctorIdx = 3 → motive Minidregg.Kernel.PayEnrolV2Receiver.Reject.authorityUnavailable → motive t
ctor	Minidregg.Kernel.PayEnrolV2Receiver.Reject.bookUnavailable	41cf7e9b3a30b09d928031d42e512e0121965efa38b498e87c470135ccd7a502	ed44b4db2492bf39ae211f8a760862bad7375004aa414c15b9e22c0212579fa3	32c2345f14fe0680e2875e16cd035defe8a226eec6e631a3d5afdbd8b5784b63	777445b026d7a682		Minidregg.Kernel.PayEnrolV2Receiver.Reject
def	Minidregg.Kernel.PayEnrolV2Receiver.Reject.bookUnavailable.elim	60ac60bdde4faca9f433222debd2f924d81b311dd0e2ee6ae5fd231772c33e25	f6ea154ed4e60bcef19db871263879a2f31fdadde33895322c8051ef586922a9	1cd655b11cc5aab2c0a617f0f1d48624ca7bc3254b28d9ec20d84b663fff8520	9de6902f1703ade9	-	{motive : Minidregg.Kernel.PayEnrolV2Receiver.Reject → Sort u} → (t : Minidregg.Kernel.PayEnrolV2Receiver.Reject) → t.ctorIdx = 5 → motive Minidregg.Kernel.PayEnrolV2Receiver.Reject.bookUnavailable → motive t
ctor	Minidregg.Kernel.PayEnrolV2Receiver.Reject.capabilityRejected	6c2a95ea3811d4d2f7e2788d91baa9c25df7d14d21395dd403bf8ba8b3190519	ed44b4db2492bf39ae211f8a760862bad7375004aa414c15b9e22c0212579fa3	8d75b098ad410bb929b4c3282422aa98fc0b088cf9a85a3b87ed3304bbd7886c	7ffa9efa104f77a8		Minidregg.Kernel.PayEnrolV2Receiver.Reject
def	Minidregg.Kernel.PayEnrolV2Receiver.Reject.capabilityRejected.elim	c31f447d2fce358177b6269242854978454c80920b8e5d56228cb7275fc5d996	4f6d2be5479659d751b266966217a6c183f95de8da5297592da9ab7bef106026	e9a7f567a913c3cad0f851a03b91a30eb9992fd41a61484d04a940e3c9c260f2	0f05d1842e5a8380	-	{motive : Minidregg.Kernel.PayEnrolV2Receiver.Reject → Sort u} → (t : Minidregg.Kernel.PayEnrolV2Receiver.Reject) → t.ctorIdx = 19 → motive Minidregg.Kernel.PayEnrolV2Receiver.Reject.capabilityRejected → motive t
ctor	Minidregg.Kernel.PayEnrolV2Receiver.Reject.chainFreshness	d53207b5851ad572c5f077c304f95f7a09480a5e067446e34d45307321577258	8e9cef18b445e6fa74dfa6172ead0d0158c55d561dcb1c3aa76c2c9f07c19339	9660256c4b26ea69e507db6386b2ab77bc74f0410e652d065c5031f3e9f6ff0e	7bb4e1be6baad25c		Minidregg.Kernel.PayChainTip.FreshnessReject → Minidregg.Kernel.PayEnrolV2Receiver.Reject
def	Minidregg.Kernel.PayEnrolV2Receiver.Reject.chainFreshness.elim	87387328d951466830fed74d2fc441e7fa281c3d2689f0c38a0d8cfbf02acdde	a9548fde1ab95aa8bc25008b177a60e3858d4deb5f8ad5ab0c3dc65031a3d3a5	4ac8d4c3650c281dd2a564fec1295829c7e34ab85732ebd6c792e5450876cbaa	467110a090037664	-	{motive : Minidregg.Kernel.PayEnrolV2Receiver.Reject → Sort u} → (t : Minidregg.Kernel.PayEnrolV2Receiver.Reject) → t.ctorIdx = 12 → ((reason : Minidregg.Kernel.PayChainTip.FreshnessReject) → motive (Minidregg.Kernel.PayEnrolV2Receiver.Reject.chainFreshness reason)) → motive t
ctor	Minidregg.Kernel.PayEnrolV2Receiver.Reject.chainTipRegressed	c94228e28546fa5d68c026bb292deb6f6211f0525870249e18e3fc32d0dd758f	ed44b4db2492bf39ae211f8a760862bad7375004aa414c15b9e22c0212579fa3	8bd0797b124efebc6658abb92927b2f00e330ee257758a748da424bb265aa71c	aed3137c9120501f		Minidregg.Kernel.PayEnrolV2Receiver.Reject
def	Minidregg.Kernel.PayEnrolV2Receiver.Reject.chainTipRegressed.elim	f777b786d3714b1e1a4a61b0887085c3d124248355943bd33d40cae9a9e2aa2f	c8a75f944980ae38049492e5d0cb384b11714f392c4c1ac8e5d36ebc5027b9e2	d31e890562bae9750ea608c77db9a47d4a876b09603f019c96c31b8aa71cde39	db240a7df3986512	-	{motive : Minidregg.Kernel.PayEnrolV2Receiver.Reject → Sort u} → (t : Minidregg.Kernel.PayEnrolV2Receiver.Reject) → t.ctorIdx = 11 → motive Minidregg.Kernel.PayEnrolV2Receiver.Reject.chainTipRegressed → motive t
ctor	Minidregg.Kernel.PayEnrolV2Receiver.Reject.clockUnavailable	f63e2642fb7a88997ce7c88dbff99e9f988e4eebc0e91ab011f2adaeec1ff661	ed44b4db2492bf39ae211f8a760862bad7375004aa414c15b9e22c0212579fa3	0aa75727bdb55b7d4c05cccae48d6492b06fec6d20d2d32d8f584c054a0c75b6	424918634b995c90		Minidregg.Kernel.PayEnrolV2Receiver.Reject
def	Minidregg.Kernel.PayEnrolV2Receiver.Reject.clockUnavailable.elim	c20644ec9e1ef5b074d23f1d3daf786abc2602d40ed930e9041fe94d75d76694	6800781f1719dfc0915fc3c57d2799690d6cefd0d431729e89312c23113f3633	5d1de1edf4e8f36d1dccdef18472602b59c0d97bc4a6ef99b6db47288773005d	390a2f8e07e7de7b	-	{motive : Minidregg.Kernel.PayEnrolV2Receiver.Reject → Sort u} → (t : Minidregg.Kernel.PayEnrolV2Receiver.Reject) → t.ctorIdx = 9 → motive Minidregg.Kernel.PayEnrolV2Receiver.Reject.clockUnavailable → motive t
ctor	Minidregg.Kernel.PayEnrolV2Receiver.Reject.decision	f4c04b987df53048f26b8a285ea5798059947869e2c36b2ffa42f82b7458b7a7	0002f8e6fcfdc6ff4f1a133f590735170bde869c6ada2bd989a5c115fee7161e	3d7717a599f3f0ebdc8a59deeb2eb0129c03af53b18cb98f07769f52c7fbd2a0	18687a0b3eaca8f1		Minidregg.Kernel.PayEnrolV2Decision.Reject → Minidregg.Kernel.PayEnrolV2Receiver.Reject
def	Minidregg.Kernel.PayEnrolV2Receiver.Reject.decision.elim	c0c20b404be0fc2764cb96d4b88d4734fb3af2294e9f88a7872937ce04b5dee3	055bb0e37273176910d0191913fd180bd6f937bd2fa11667652b8853c00552e5	ec7d37076d0dbedcf5fafd8bb814cc1bacd556798973e937d2b396d09a64fe6d	e71e2f64f9098f97	-	{motive : Minidregg.Kernel.PayEnrolV2Receiver.Reject → Sort u} → (t : Minidregg.Kernel.PayEnrolV2Receiver.Reject) → t.ctorIdx = 13 → ((reason : Minidregg.Kernel.PayEnrolV2Decision.Reject) → motive (Minidregg.Kernel.PayEnrolV2Receiver.Reject.decision reason)) → motive t
ctor	Minidregg.Kernel.PayEnrolV2Receiver.Reject.directoryUnavailable	b5e997009d887c1f7a46049dcd1c8d66afd903f453e36dc1a251200fb09a3f81	ed44b4db2492bf39ae211f8a760862bad7375004aa414c15b9e22c0212579fa3	c4827a5ba63617b5a5a02ef59555d07ae194adb42498e3cbf3aa3de02ea3c5cd	ac8db53b17b105d9		Minidregg.Kernel.PayEnrolV2Receiver.Reject
def	Minidregg.Kernel.PayEnrolV2Receiver.Reject.directoryUnavailable.elim	a7dbc8bb293d31412ef595c35498396ea1589b12d1fb278711da489c9874c084	97edfcdb1d940e6ba570b110c07a2773ac046b9f35034522c1ebe2e3e6a681a9	551872a61efdbe1a53f2c478216801a22c1cd8e92f3d5e4d10a31b9650674127	fd5f6657a02bff46	-	{motive : Minidregg.Kernel.PayEnrolV2Receiver.Reject → Sort u} → (t : Minidregg.Kernel.PayEnrolV2Receiver.Reject) → t.ctorIdx = 2 → motive Minidregg.Kernel.PayEnrolV2Receiver.Reject.directoryUnavailable → motive t
ctor	Minidregg.Kernel.PayEnrolV2Receiver.Reject.factoryUnavailable	22daef42ea106a9465be4ff90ed4b119eba481f98e204fd49ada5847126f8746	ed44b4db2492bf39ae211f8a760862bad7375004aa414c15b9e22c0212579fa3	dabc2c45f5c42b434054346b1e5c27537b62f1df8da46a6f9ca3134365663085	2a0810279a4e9af6		Minidregg.Kernel.PayEnrolV2Receiver.Reject
def	Minidregg.Kernel.PayEnrolV2Receiver.Reject.factoryUnavailable.elim	28822dc5ddb9b12c85ca079656dcbfa57da39c958c3777219aeaa2365545437f	9f9f89470ee1252d902e424077905a24e55d5f2d10aad2765410fa17fb97232c	aa14df538f44a8a3a0fdf241022f497b1c281ec10155b283cffe90f4da2cc793	9f5defb15f46e4b2	-	{motive : Minidregg.Kernel.PayEnrolV2Receiver.Reject → Sort u} → (t : Minidregg.Kernel.PayEnrolV2Receiver.Reject) → t.ctorIdx = 6 → motive Minidregg.Kernel.PayEnrolV2Receiver.Reject.factoryUnavailable → motive t
ctor	Minidregg.Kernel.PayEnrolV2Receiver.Reject.law	dc349eeecf1a4480248de686cfe06f6154053f3ad2fcbe40d8d32ab490e90a9c	9da0117c65b335412d0e45ac39ad1cc1dd25109d69359a309fde77961b49fa7d	e3cea88af1a63e5318b90c69bee48e1d51144dad7e5bdc7577a14281a8c1717b	b4aa3d5e952687e2		Minidregg.Kernel.ReceivingLaw.LawFault → Minidregg.Kernel.PayEnrolV2Receiver.Reject
def	Minidregg.Kernel.PayEnrolV2Receiver.Reject.law.elim	e34d5a5f7e104a9381b3b739e37e522668c7b40b31ebff1ba289948fdee844e2	392978b5ab6c13130b8774e055fdc8a86b0a63d5689be66a7c2c2be725def099	0272902eeb0b10ef14e63119fa591ef5262f95ba38d0db74b3cb6eebf4eadbbe	e7ef562e74ddf9cf	-	{motive : Minidregg.Kernel.PayEnrolV2Receiver.Reject → Sort u} → (t : Minidregg.Kernel.PayEnrolV2Receiver.Reject) → t.ctorIdx = 24 → ((fault : Minidregg.Kernel.ReceivingLaw.LawFault) → motive (Minidregg.Kernel.PayEnrolV2Receiver.Reject.law fault)) → motive t
ctor	Minidregg.Kernel.PayEnrolV2Receiver.Reject.legs	2dceb343a8054675e63493eb52d62bcb0dadaef5d6ea495ccadd5143e2e9ddc5	97a6f0fba78140625a4a0d247cfa08072c202df5999d761ce9ac5b017386c0a2	dbe2ea84a4a87b02081aaf993047f0acb8d9b0c3bde86269982f2712edde36fe	0b50e820ca87d404		Minidregg.Kernel.PayEnrolV2Legs.Reject → Minidregg.Kernel.PayEnrolV2Receiver.Reject
def	Minidregg.Kernel.PayEnrolV2Receiver.Reject.legs.elim	e7ce512008d591a2aa197f6c094fe68b357037414768c61f884038c9297d5407	c0652e48fb97100721ebb0f208fca77880359b64e737767220fc124349c30d11	87b65f594b834edff4a4123e2547f4493a6b7651cb51ab4f051f9c07682dd970	10ee54efae8dc21d	-	{motive : Minidregg.Kernel.PayEnrolV2Receiver.Reject → Sort u} → (t : Minidregg.Kernel.PayEnrolV2Receiver.Reject) → t.ctorIdx = 14 → ((reason : Minidregg.Kernel.PayEnrolV2Legs.Reject) → motive (Minidregg.Kernel.PayEnrolV2Receiver.Reject.legs reason)) → motive t
ctor	Minidregg.Kernel.PayEnrolV2Receiver.Reject.malformedIngress	28244faf77c7747549fa564e0d01d86828c706b1f7da96d09d4efbda0261fc34	ed44b4db2492bf39ae211f8a760862bad7375004aa414c15b9e22c0212579fa3	758bafde186df760f4688cd21d88ae099dded6811f9c969aeb3b9584cdb42e4e	293347e64e0e3738		Minidregg.Kernel.PayEnrolV2Receiver.Reject
def	Minidregg.Kernel.PayEnrolV2Receiver.Reject.malformedIngress.elim	c0134b15b93f7eb91acf82bc101126e272e53f7f4c229a965811831ef89af029	b68ef6751ca9f637545548dfe25569f5db5054e0228e6057cb8a6f564dc15886	08bd76ef62cc044b91fc2929b4fd048dd7c083e94292de5cde56c52d4b8de0c0	b85455951fc00c4d	-	{motive : Minidregg.Kernel.PayEnrolV2Receiver.Reject → Sort u} → (t : Minidregg.Kernel.PayEnrolV2Receiver.Reject) → t.ctorIdx = 0 → motive Minidregg.Kernel.PayEnrolV2Receiver.Reject.malformedIngress → motive t
ctor	Minidregg.Kernel.PayEnrolV2Receiver.Reject.malformedMemo	a6447ca18590bf02464a97443006f69828660cba12ba440beb2e4c859ffa3f82	ed44b4db2492bf39ae211f8a760862bad7375004aa414c15b9e22c0212579fa3	714f9ba952eb711beaa9d61e4b1fb64f307a1c65a9227a04eaac265357931d8f	7d8e9016851b75b8		Minidregg.Kernel.PayEnrolV2Receiver.Reject
def	Minidregg.Kernel.PayEnrolV2Receiver.Reject.malformedMemo.elim	8f1e9fd39a049a22536cad65b509b398dc7b9c0d89c5a16ed80ae60d9f48cb0b	400afd3f785f5556ee089c113298a38e853d6769ca023299e0b994b230ccb1cd	f7b2792c8fcbeda7981b8422df6e176784e825fd1e9167522d3e9f4a6718d7c2	29691af03b942cca	-	{motive : Minidregg.Kernel.PayEnrolV2Receiver.Reject → Sort u} → (t : Minidregg.Kernel.PayEnrolV2Receiver.Reject) → t.ctorIdx = 1 → motive Minidregg.Kernel.PayEnrolV2Receiver.Reject.malformedMemo → motive t
ctor	Minidregg.Kernel.PayEnrolV2Receiver.Reject.payUnavailable	ac53699df5f87599c4f5952dc2a3d5befd067bcf488fde656e7e2c5e5cdbb0b8	ed44b4db2492bf39ae211f8a760862bad7375004aa414c15b9e22c0212579fa3	f6986ff5276feaa990255782d9c866f787c2fe6e3c6215cdf3d1f7e68b0f83e5	ffe68ec4c1427907		Minidregg.Kernel.PayEnrolV2Receiver.Reject
def	Minidregg.Kernel.PayEnrolV2Receiver.Reject.payUnavailable.elim	386d314ed13a06959b1c23afe124660d64bb1977ba3ba9fe6591519a2661f2d4	4a5fee78bd19e2b26f2317f17619b2d23f1a116977aea7deefee1563a1ac10b7	df0037470c5a3402b1f81053ac26f490e751b3d86eab464aea13b877f16b1d04	a4c6aec82963787d	-	{motive : Minidregg.Kernel.PayEnrolV2Receiver.Reject → Sort u} → (t : Minidregg.Kernel.PayEnrolV2Receiver.Reject) → t.ctorIdx = 4 → motive Minidregg.Kernel.PayEnrolV2Receiver.Reject.payUnavailable → motive t
ctor	Minidregg.Kernel.PayEnrolV2Receiver.Reject.physicalPreparation	a231f1c6de13986644fd8a4c2c99f7906e8249c17c3f5c5cf5503c609ddcc6ff	ed44b4db2492bf39ae211f8a760862bad7375004aa414c15b9e22c0212579fa3	4986c9e8a8ac3612afa6a54a4e2180ff4590648483947d904b7ade372998e92a	c52b9f44a2690b83		Minidregg.Kernel.PayEnrolV2Receiver.Reject
def	Minidregg.Kernel.PayEnrolV2Receiver.Reject.physicalPreparation.elim	123245cfaf11dd6fe4fe53be14f4c2e192378e86da43b5e5c9202d54623da6ea	381edb284a46d9d2fee53b6b6949979afd98d67a46b4f32bbbb24b792840a386	1f9b0a77b62a4c8d90a58b611872cc19ec854148ebb182797b2f1d6141281c89	77ab4db75e67b19e	-	{motive : Minidregg.Kernel.PayEnrolV2Receiver.Reject → Sort u} → (t : Minidregg.Kernel.PayEnrolV2Receiver.Reject) → t.ctorIdx = 17 → motive Minidregg.Kernel.PayEnrolV2Receiver.Reject.physicalPreparation → motive t
ctor	Minidregg.Kernel.PayEnrolV2Receiver.Reject.policyCastAlias	ef03761c69f408d11c0e8355f5973223520a9875c394aaf59cc5d22491069175	ed44b4db2492bf39ae211f8a760862bad7375004aa414c15b9e22c0212579fa3	73624b181f84542af88bf58a0d234d8f0ee7672e54ce1bdbb3d1d3a5718e5a1b	eece63438a15a9bf		Minidregg.Kernel.PayEnrolV2Receiver.Reject
def	Minidregg.Kernel.PayEnrolV2Receiver.Reject.policyCastAlias.elim	079b15db87ca2e4ed72eeb02d35bfd3b571004ec9f40bdcdbb64a9bb27fa178c	a53ec4a857a66d5590c358c943451f4473b1b826b539f5bb2f6414c601cbd0bf	0538932b86ea829812e8c5de6af8680ce6eb9fb132fb80f2a71de4587605ca5a	9a284ecd085151e9	-	{motive : Minidregg.Kernel.PayEnrolV2Receiver.Reject → Sort u} → (t : Minidregg.Kernel.PayEnrolV2Receiver.Reject) → t.ctorIdx = 22 → motive Minidregg.Kernel.PayEnrolV2Receiver.Reject.policyCastAlias → motive t
ctor	Minidregg.Kernel.PayEnrolV2Receiver.Reject.policyInputRange	c51ea27b78d3587e2c908c6f263736309c623d6dc6c758a0de1072fe734aaa7b	ed44b4db2492bf39ae211f8a760862bad7375004aa414c15b9e22c0212579fa3	7099fd937f03b044bef5cee4138f95ec9cd74b0ab58b17db4ad2341520479867	aee9b5ac5154d5b0		Minidregg.Kernel.PayEnrolV2Receiver.Reject
def	Minidregg.Kernel.PayEnrolV2Receiver.Reject.policyInputRange.elim	2e2fb263f95aaef4adb00b206a921e60b7550bea7591e281a5aaadccd34d1ee7	840d781ff4a28f4e1b41d200ceff3dce90d61e67af7c0160696f0ac384d04a2c	f9969204286d8d80ca9ccfa2afe7cbde7505541199a60a5b4dcc21d7996d9eb2	238c645e25246a16	-	{motive : Minidregg.Kernel.PayEnrolV2Receiver.Reject → Sort u} → (t : Minidregg.Kernel.PayEnrolV2Receiver.Reject) → t.ctorIdx = 21 → motive Minidregg.Kernel.PayEnrolV2Receiver.Reject.policyInputRange → motive t
ctor	Minidregg.Kernel.PayEnrolV2Receiver.Reject.policyRejected	ffc40f0f19106a7c17e319060830cc6015c897a5c9044f58c9e64588e21b8f47	ed44b4db2492bf39ae211f8a760862bad7375004aa414c15b9e22c0212579fa3	177f076738c4fc12d38b9e83d61864618b9ff6a70d55edea977315c4fa5cb20a	8ab5af9d1d8afbbf		Minidregg.Kernel.PayEnrolV2Receiver.Reject
def	Minidregg.Kernel.PayEnrolV2Receiver.Reject.policyRejected.elim	6cb991b92c6b3ea55e5f440ef08133c027d663bc91460b69f7ccb5bfbf8db4ab	62492b0aaf55d76a413c7310a76c2e9c151de02e4233215a1536b54af750103b	0283f8f9f0c6d2a7ccad80523819df69af0b119b8ca08e1f374a0ead35478d58	1b7364e50b30487e	-	{motive : Minidregg.Kernel.PayEnrolV2Receiver.Reject → Sort u} → (t : Minidregg.Kernel.PayEnrolV2Receiver.Reject) → t.ctorIdx = 20 → motive Minidregg.Kernel.PayEnrolV2Receiver.Reject.policyRejected → motive t
ctor	Minidregg.Kernel.PayEnrolV2Receiver.Reject.policyUnavailable	4811316ef2c357100e5e56f1a3e26ddaabff76a99fbda151ee4be63e80450435	ed44b4db2492bf39ae211f8a760862bad7375004aa414c15b9e22c0212579fa3	95a2ed7a46aff95632b2fb91f4fa838caa46f6e28444240d9a41055088f31342	826793df183c7c1e		Minidregg.Kernel.PayEnrolV2Receiver.Reject
def	Minidregg.Kernel.PayEnrolV2Receiver.Reject.policyUnavailable.elim	f0485738e6d4b15c754fb106bae4bb5c0a9130a2bd24ad39d627f6e1bdcd2d5e	cb54763854da9bc3cd3746fc79c06318cc77838235cc451c84ad7ea49b0d3d5e	11d2528b86417a7bfcc4bfd392803a4e244ea406d4fd99fb51ca24cdd0255f42	ac4de8b4688589d1	-	{motive : Minidregg.Kernel.PayEnrolV2Receiver.Reject → Sort u} → (t : Minidregg.Kernel.PayEnrolV2Receiver.Reject) → t.ctorIdx = 18 → motive Minidregg.Kernel.PayEnrolV2Receiver.Reject.policyUnavailable → motive t
ctor	Minidregg.Kernel.PayEnrolV2Receiver.Reject.signature	912cb9cd57cdca128f7e1cf3b51b65e9c7ae6acabedde049457d367cf2bbf087	a087ab801691311a0fad561787718bb827f5ce074a392a7f164f57ffbb96b003	8a6759505f6094eb095e79fcc7990c0bb12eb4f028b591c3fd7e89bfcbc094cd	ac88e947a2a5209a		Minidregg.Compiler.CredentialSignatureAdmission.Reject → Minidregg.Kernel.PayEnrolV2Receiver.Reject
def	Minidregg.Kernel.PayEnrolV2Receiver.Reject.signature.elim	27e52f6b03ac191700a2c19698063930b841b11223c32fb05904f074dc3caa2c	b1720ed999ee1c09c8a1c033695a2da9e0cf769dfc3df78f6f965b5c9c1f0a81	42fdec52f9a6372f587c7620d74291e2b61063a836e2cc808d33e549987fd4ff	08b8c24c37a2b7b5	-	{motive : Minidregg.Kernel.PayEnrolV2Receiver.Reject → Sort u} → (t : Minidregg.Kernel.PayEnrolV2Receiver.Reject) → t.ctorIdx = 23 → ((reason : Minidregg.Compiler.CredentialSignatureAdmission.Reject) → motive (Minidregg.Kernel.PayEnrolV2Receiver.Reject.signature reason)) → motive t
ctor	Minidregg.Kernel.PayEnrolV2Receiver.Reject.staleAuthority	ad1286578ba6e1f350957d2cf11bb0952627c0e980f74935a52a4cec366cdc6d	ed44b4db2492bf39ae211f8a760862bad7375004aa414c15b9e22c0212579fa3	060bbb5f2677ddf1f48baef611ffcc5fbc0d51bdf1d9a95d07280f365a2815b5	731ba94275421109		Minidregg.Kernel.PayEnrolV2Receiver.Reject
def	Minidregg.Kernel.PayEnrolV2Receiver.Reject.staleAuthority.elim	932796c40a93c426a6fafd9de31dafc8aba1df77cdcb4aade52814c35dd8c725	a316380b03addef05aee1cc959571e4f3dccc52b1146049bcb3ce7d6522e6e4a	4eecea341863c283139d233ac740e42f692811e6ea290e9fcd4d0854e6b6774c	92d8fdbb65b65256	-	{motive : Minidregg.Kernel.PayEnrolV2Receiver.Reject → Sort u} → (t : Minidregg.Kernel.PayEnrolV2Receiver.Reject) → t.ctorIdx = 7 → motive Minidregg.Kernel.PayEnrolV2Receiver.Reject.staleAuthority → motive t
ctor	Minidregg.Kernel.PayEnrolV2Receiver.Reject.stalePay	8683d38530c94ab352b392b8fbf92da2fc94e32be9952fc2579f79f2470d5125	ed44b4db2492bf39ae211f8a760862bad7375004aa414c15b9e22c0212579fa3	46a8d5c2cb9111943c35637fdea9631826d302efca756d56f58be5c4c0f49b95	7ca2a782c1617395		Minidregg.Kernel.PayEnrolV2Receiver.Reject
def	Minidregg.Kernel.PayEnrolV2Receiver.Reject.stalePay.elim	ce7933164b58595b092e294c0a397a41780885b291b52372f37d045396d69ac9	d913be94fd4a5f741c724d214758521b7d56c9a0a91c08f5274ff53a1a51f818	3496f340ec1631d781855a47784d73ce5c8c4d94ab83ffa2cb049ec8fa00ef2e	c0d2594f8a0a1c16	-	{motive : Minidregg.Kernel.PayEnrolV2Receiver.Reject → Sort u} → (t : Minidregg.Kernel.PayEnrolV2Receiver.Reject) → t.ctorIdx = 8 → motive Minidregg.Kernel.PayEnrolV2Receiver.Reject.stalePay → motive t
ctor	Minidregg.Kernel.PayEnrolV2Receiver.Reject.tipBehindClock	9a279158b2468417f4723e68ebb9cac861f82ae97b120c953cad7b62074b4f25	ed44b4db2492bf39ae211f8a760862bad7375004aa414c15b9e22c0212579fa3	e85be4fa60dec7251a8d867d5968860b37869e8139438b6445da7202b61aa10e	23cadfaf408de234		Minidregg.Kernel.PayEnrolV2Receiver.Reject
def	Minidregg.Kernel.PayEnrolV2Receiver.Reject.tipBehindClock.elim	366995b66280e9621c35d93d342f1bd7b8184ce9274093e93258eb9789165632	1cd095e9cd3392d8f3bd60bed5f883f94742790a68aba01e1a230fc0e2fbe852	099576136b8eec1e06c39d477d9a6f8fd32b15f66bf1faabfddf82dddacb54ac	75c4526af997a080	-	{motive : Minidregg.Kernel.PayEnrolV2Receiver.Reject → Sort u} → (t : Minidregg.Kernel.PayEnrolV2Receiver.Reject) → t.ctorIdx = 10 → motive Minidregg.Kernel.PayEnrolV2Receiver.Reject.tipBehindClock → motive t
ctor	Minidregg.Kernel.PayEnrolV2Receiver.Reject.validation	f9c13a5aa6de6e404e970bd7bcaf042f1f7e1294772d958e8ae48ef9d7c07aed	ed44b4db2492bf39ae211f8a760862bad7375004aa414c15b9e22c0212579fa3	b4faec107ce79917bfe3fb893ec886ba17442927599c900275cdeece35769a85	a338c038649efb91		Minidregg.Kernel.PayEnrolV2Receiver.Reject
def	Minidregg.Kernel.PayEnrolV2Receiver.Reject.validation.elim	8dbe09ca4f67183c11027ff0c65de204379e53b86abee6059a93cb2f3ddccc71	e0ec3ea4fa55e69ed79b8afb7adb51d63223191d5c5fba54d56a0e2e0996ec2a	3659f9f75194b82de150499ca3eaa5ffe16155f998075d56660c79d47c82fa4d	124dfbab8ca26a52	-	{motive : Minidregg.Kernel.PayEnrolV2Receiver.Reject → Sort u} → (t : Minidregg.Kernel.PayEnrolV2Receiver.Reject) → t.ctorIdx = 16 → motive Minidregg.Kernel.PayEnrolV2Receiver.Reject.validation → motive t
ctor	Minidregg.Kernel.PayEnrolV2Receiver.Reject.verifier	04bc5d5d39f6eff40c19df42da45061598643bcd4c71da6a9e5380fc7ae1c023	384768a8b64a9d4fc754e413a87a95f02b3e234524d7a6f0168fe3743d5f8352	a1d3f43a5df7fa987fdf453d229826f176d76141bef69ee36ef06b545c6f0362	d6d81a2e76e1b6fa		Minidregg.Compiler.CredentialSignatureIO.Error → Minidregg.Kernel.PayEnrolV2Receiver.Reject
def	Minidregg.Kernel.PayEnrolV2Receiver.Reject.verifier.elim	9c88ddb8437ac85efded2e20e926a0946eb2368efe7ad3320c9e2fb1a6b5012a	891b0b30e7ad9e5cfb934393eb35853616301d10a42ad359265137e489f66852	39ea4dc48c7c4625e47d6e4c487e7bc2eb27eadd4adef671dd9627459ba99f8e	a4fedd76955aba8a	-	{motive : Minidregg.Kernel.PayEnrolV2Receiver.Reject → Sort u} → (t : Minidregg.Kernel.PayEnrolV2Receiver.Reject) → t.ctorIdx = 15 → ((error : Minidregg.Compiler.CredentialSignatureIO.Error) → motive (Minidregg.Kernel.PayEnrolV2Receiver.Reject.verifier error)) → motive t
inductive	Minidregg.Kernel.PayEnrolV2Receiver.Result	a7212da5e0846a863c921b606d734342b89b59fc7af4f7517ee136f70d07c162	16946b93ac38405660f51e475eb5aa7d25b54f5e5677e0f6a10a4526cc071cbf	0f8d1b9f0f8098c707fe5029c4a321b9c6d01de8a2600335690bb7d90b37b2cc	c59d87d561eac5cf		Type
ctor	Minidregg.Kernel.PayEnrolV2Receiver.Result.confirmed	e6aad58ec7acce09b367cfc72d5ecbb15ea67823957ca0092815194d725360ed	208b1f226812e5658451f00d6c9bad0e3d1c2b21b1148e7bfa217cd9940b93b7	2046b7a2f8b85092b783fa1ad74f4cdba58252a0769eb613b5c7194329af729c	28581e222b6f1a40		Minidregg.Compiler.DurableReceiverIO.Confirmation → Minidregg.Kernel.PayEnrolV2Receiver.Receipt → Minidregg.Kernel.PayEnrolV2Receiver.Result
def	Minidregg.Kernel.PayEnrolV2Receiver.Result.confirmed.elim	9464024326ece9fea79eaf4d637eb959f0ed4d9ac202c6602dee08d2433ab082	b97465cb319fec6391a65da08478d215a169d1899cc46f60f1b297353279fbd8	cdceb006cfd48e297d1473eea00fcba116f9b7b317100053bb0ff4e4197517d2	e0ef8dff4ec61c20	-	{motive : Minidregg.Kernel.PayEnrolV2Receiver.Result → Sort u} → (t : Minidregg.Kernel.PayEnrolV2Receiver.Result) → t.ctorIdx = 0 → ((kind : Minidregg.Compiler.DurableReceiverIO.Confirmation) → (receipt : Minidregg.Kernel.PayEnrolV2Receiver.Receipt) → motive (Minidregg.Kernel.PayEnrolV2Receiver.Result.confirmed kind receipt)) → motive t
ctor	Minidregg.Kernel.PayEnrolV2Receiver.Result.contention	6d50913b2b9f4898fc6a1cd53aad0fb167eebddc8e87a5ae2283585c5a1c22ad	5e6169ff57e280af64f601ff2d134e1e94a7438bb82557d368d203462c1fbf10	acffb29466327a5b08c9aa989ff24594b6201b4bd6863c63b3c4e0773482b8c8	65607e29efd877ef		Minidregg.Kernel.PayEnrolV2Receiver.Result
def	Minidregg.Kernel.PayEnrolV2Receiver.Result.contention.elim	09ca1e3e69dbc08a9aa71d561a21a26e3836359a02dbf499020ff3ee5ef4cfa0	a6c16e67d8b03e0fb98bfdad4db5127edca94e27b566effd7d91f0c146418224	52cf6401ebe5d98165267bedea0344b45a3a84d6b8f773645c20ff8c97ce976b	cd2a2d4faa398966	-	{motive : Minidregg.Kernel.PayEnrolV2Receiver.Result → Sort u} → (t : Minidregg.Kernel.PayEnrolV2Receiver.Result) → t.ctorIdx = 4 → motive Minidregg.Kernel.PayEnrolV2Receiver.Result.contention → motive t
ctor	Minidregg.Kernel.PayEnrolV2Receiver.Result.durableRejected	64916b4f89be4ff42dbbac7868a7aa6c2431df5e142ae3366625f72ebcb5154c	ca2de61c20c80fdae006fc8eb52cd24086cba2b4fdcef39644b76a02cb03439a	3e405946ce980528edfa2d1175609f57343fd13a26254d442e87583b7681e269	04eb697f177dd548		Minidregg.Kernel.DurableDataIntent.RejectReason → Minidregg.Kernel.PayEnrolV2Receiver.Result
def	Minidregg.Kernel.PayEnrolV2Receiver.Result.durableRejected.elim	fbd787edee0a508bde4ee3ad306da2e0d9f2fc912167f1c96808040580e55b88	3dd1c6472adc702d9613e43c375a83ba9fb18d99a1d4165022ed00211aeab9ad	f5b1084bb61a1f8ff5fced80ba86d6a932582d5c94f0ef3c58aebd2eb9cf5e6b	ba660837e52f6fb5	-	{motive : Minidregg.Kernel.PayEnrolV2Receiver.Result → Sort u} → (t : Minidregg.Kernel.PayEnrolV2Receiver.Result) → t.ctorIdx = 3 → ((reason : Minidregg.Kernel.DurableDataIntent.RejectReason) → motive (Minidregg.Kernel.PayEnrolV2Receiver.Result.durableRejected reason)) → motive t
ctor	Minidregg.Kernel.PayEnrolV2Receiver.Result.rejected	e2b567b37376d6489e14c08c8f0923971fb0bb80d9b9bfb3f81dffcedb049bb2	0ab7932a4f83823a5950d2e27865b6f027d2adfc34d81cc939e119a6e2387bd5	e37b10b93cd061e388512bdc8c453b0062e73b7735fd83f3063c47dd8b3b6b18	eb15bc0ad330e10a		Minidregg.Kernel.PayEnrolV2Receiver.Reject → Minidregg.Kernel.PayEnrolV2Receiver.Result
def	Minidregg.Kernel.PayEnrolV2Receiver.Result.rejected.elim	601a6467e2ce47e3b617b28f78d5c93b4037ecbd33a152495f1a2ddee62f08f3	663c964373ac79c8e02e86c092be9ccd3f6022cac4db73555b2eb2c5632ee192	6b01374c550bf6e4f4af9b43fb8ab9bede226f210774fff2673da9a1f7149eed	04d7e5ce2662e6de	-	{motive : Minidregg.Kernel.PayEnrolV2Receiver.Result → Sort u} → (t : Minidregg.Kernel.PayEnrolV2Receiver.Result) → t.ctorIdx = 1 → ((reason : Minidregg.Kernel.PayEnrolV2Receiver.Reject) → motive (Minidregg.Kernel.PayEnrolV2Receiver.Result.rejected reason)) → motive t
ctor	Minidregg.Kernel.PayEnrolV2Receiver.Result.transactionConflict	28e68cd4ea04e34b4264983f9fa2794e164b92dbae893a4489ffc736ad29af70	5e6169ff57e280af64f601ff2d134e1e94a7438bb82557d368d203462c1fbf10	559f8a7bdfa8590de9f1cdb6ad0a89530bd557d806d5228551b53c7788759bfc	332061e05a0646d3		Minidregg.Kernel.PayEnrolV2Receiver.Result
def	Minidregg.Kernel.PayEnrolV2Receiver.Result.transactionConflict.elim	58697ac60750050711a439b8046a882a30cffb7fb1a6c8926959613c71a7d574	c1ba8d253f0e6adb985c667083b379a23094b89b8ad397c54bfbbb92e960a98b	43d57967fcf929762576ae6c0598068fd24dd6153aa2c57bcb28e7ed17d17152	5b497de169096c0a	-	{motive : Minidregg.Kernel.PayEnrolV2Receiver.Result → Sort u} → (t : Minidregg.Kernel.PayEnrolV2Receiver.Result) → t.ctorIdx = 2 → motive Minidregg.Kernel.PayEnrolV2Receiver.Result.transactionConflict → motive t
ctor	Minidregg.Kernel.PayEnrolV2Receiver.Result.unavailable	ffba1bc8db87235e6baef2877c0c6de7ffa4d22d5b22383a0900cd728a224650	20346c1dae8c3c42d11dca3d676c9ef9686b006d09e67a6a6ac7a5b2bf35332f	a6fb31a6b91ee16093bab05e274f9a7a0f892dcacc860f4c1345c65e11b67511	c4f1cc5a403f7a57		String → Minidregg.Kernel.PayEnrolV2Receiver.Result
def	Minidregg.Kernel.PayEnrolV2Receiver.Result.unavailable.elim	519d772c0f9406f829330416b0e24644d23a971d36c146cc03feb7db7228250a	a8194a024790927feb6842d51cd828c2c15c58872575b0252355029d21d694d2	689e33349e7e29f36a7d7195ca748d422ee70406ad3db43181c664ffb15bd773	6d45e81fecc3d9e8	-	{motive : Minidregg.Kernel.PayEnrolV2Receiver.Result → Sort u} → (t : Minidregg.Kernel.PayEnrolV2Receiver.Result) → t.ctorIdx = 5 → ((detail : String) → motive (Minidregg.Kernel.PayEnrolV2Receiver.Result.unavailable detail)) → motive t
ctor	Minidregg.Kernel.PayEnrolV2Receiver.Result.uncertain	cca42eed76e741073a47a4f1fb5665d6a77442c22c7ebc5c17f2ecd8eba468a2	20346c1dae8c3c42d11dca3d676c9ef9686b006d09e67a6a6ac7a5b2bf35332f	07b9e6c5160fbcfd71ef7657ee042853820fed3c04a9a0e3d732405436dd17cf	f2d32bbbfdd60664		String → Minidregg.Kernel.PayEnrolV2Receiver.Result
def	Minidregg.Kernel.PayEnrolV2Receiver.Result.uncertain.elim	1011e333b5f61d899bbf3d208b164a2dba07afbdd2a7c7ee24d3406c9c92f876	ac9eafbe4b72c5e7c0a9b514927f4e5701629df488f19d1619c16d713dfd848d	8285ae2b8bf52ff2f2619bcd8dd63d58d83daa637377e7b87c111b67a6a51725	89aaade1a2aa08a5	-	{motive : Minidregg.Kernel.PayEnrolV2Receiver.Result → Sort u} → (t : Minidregg.Kernel.PayEnrolV2Receiver.Result) → t.ctorIdx = 6 → ((detail : String) → motive (Minidregg.Kernel.PayEnrolV2Receiver.Result.uncertain detail)) → motive t
inductive	Minidregg.Kernel.PayEnrolV2Receiver.VerifiedMemo	253f599d62274241a1d0c3edb6dfd2694eda6f4ec13af40554976d9db199fd23	e7989a9253b0cba3c74877d8784c1b4afd25fc2b5bf5d0a621e99d80d94935a9	b361801422760c4f5f0fa85533f6b7aef19257822c1cba6bd2e6155fbcc7b67f	c9c1c65c737e1564		Minidregg.Kernel.PayObservation.Observation → Type
def	Minidregg.Kernel.PayEnrolV2Receiver.VerifiedMemo.checked	318077f826fa52561354df58274c8b7c51973c4a3054e643db16789e1caca49c	ced275c620c4e13aad989301dc0a9cc40e1500d62f373b1ad708321fb59ca3ec	a62681581a4fe968048ab2cf5600ccbbfae7b7b4bc4783a93487e6df095b75b0	6ac1409e7bbe333c	-	{observation : Minidregg.Kernel.PayObservation.Observation} → (self : Minidregg.Kernel.PayEnrolV2Receiver.VerifiedMemo observation) → Minidregg.Compiler.PayEnrolSignatureV2IO.Checked (Minidregg.Kernel.PayEnrolV2Decision.observationContext observation) self.memo
def	Minidregg.Kernel.PayEnrolV2Receiver.VerifiedMemo.memo	3e10c0e8ea4615a25bb0845d42eb2398eb0df368dcd3b57b6900cc7fcfd8bc04	0954544f784a28f66189fe35dada482bf3dd9c24fe8e4864ac1039b8ccf2e24d	b17fbb32fc50919ac8053f62b992129d2a8c7b351f3af30845e2a5a636dc0edc	5c7e8a68de45b542	-	{observation : Minidregg.Kernel.PayObservation.Observation} → Minidregg.Kernel.PayEnrolV2Receiver.VerifiedMemo observation → Minidregg.Kernel.PayEnrolV2Decision.Memo
ctor	Minidregg.Kernel.PayEnrolV2Receiver.VerifiedMemo.mk	1fdd918eee16c4312e79a2d585894459704332e2629cdedaf089d2a1477d5259	b7870c2a1de7ba992c008f352431de393b19a7b5764926573cf9c1d07d846a60	6650668ab10c2498af3e1f137ca09a7c36a1a9cea373cd39dc3ae7fdc20e9b52	39244343fa83c8c9		{observation : Minidregg.Kernel.PayObservation.Observation} → (memo : Minidregg.Kernel.PayEnrolV2Decision.Memo) → Minidregg.Compiler.PayEnrolSignatureV2IO.Checked (Minidregg.Kernel.PayEnrolV2Decision.observationContext observation) memo → Minidregg.Kernel.PayEnrolV2Receiver.VerifiedMemo observation
def	Minidregg.Kernel.PayEnrolV2Receiver.admitDecodedNative	295fbdd5693a56a2590c663113baedb0c2f64e955c632d6ec33c3f5f1c813ead	00d08d3460a317ae5b6121ab16ffaf4bb13e622fb2312869aab4e97a131f618a	67b3fdc447a322a3ee319311349ab13e4deb1694a872cc8c93f27a0eac50379a	bcbbb93b13cfbc61	Classical.choice,Quot.sound,propext	{F : Type} → [inst : Field F] → [inst_1 : DecidableEq F] → (deployment : Minidregg.Kernel.PayEnrolReceiver.Deployment) → (profile : Minidregg.Compiler.CanonicalRuntimeProfile.Profile F) → (ambient : Minidregg.Kernel.PayEnrolReceiver.Ambient) → Minidregg.Theory.TypedAuthorization.Digest → (durable : Minidregg.Kernel.PayEnrolReceiver.Durable) → Minidregg.Compiler.CredentialSignatureIO.NativeConfig → (ingress : Minidregg.Kernel.PayEnrolReceiver.DecodedIngress) → IO (Except Minidregg.Kernel.PayEnrolV2Receiver.Reject (Minidregg.Kernel.PayEnrolV2Receiver.AcceptedEnrol deployment profile ambient durable ingress))
def	Minidregg.Kernel.PayEnrolV2Receiver.admitNative	f5ad8237a1a1040b0ccfd353cf8061bb819c56343527270fb12427a393bb4add	b6098dd9577d22021668aed9e837dd1deadc2a70d1abe6bf8acddfe2dfb788cd	a9bbd5e17c11ef41b3a78f76d4d23cf9ad45c96a2708b49cf5d2ee62d0f60c89	59ce9bb0eebd03f9	Classical.choice,Quot.sound,propext	{F : Type} → [inst : Field F] → [inst_1 : DecidableEq F] → {deployment : Minidregg.Kernel.PayEnrolReceiver.Deployment} → {profile : Minidregg.Compiler.CanonicalRuntimeProfile.Profile F} → {ambient : Minidregg.Kernel.PayEnrolReceiver.Ambient} → {durable : Minidregg.Kernel.PayEnrolReceiver.Durable} → {command : Minidregg.Kernel.PayEnrolReceiver.Command} → {memo : Minidregg.Kernel.PayEnrolV2Decision.Memo} → {verified : Minidregg.Compiler.PayEnrolSignatureV2IO.Checked (Minidregg.Kernel.PayEnrolV2Decision.observationContext command.observation) memo} → Minidregg.Compiler.CredentialSignatureIO.NativeConfig → (prepared : Minidregg.Kernel.PayEnrolV2Receiver.Prepared deployment profile ambient durable command memo verified) → (ingress : Minidregg.Kernel.PayEnrolReceiver.DecodedIngress) → IO (Except Minidregg.Kernel.PayEnrolV2Receiver.Reject (Minidregg.Kernel.PayEnrolV2Receiver.Accepted prepared ingress))
def	Minidregg.Kernel.PayEnrolV2Receiver.authorize	3238b72928fa35f0fe27f13a2085e9b539f096b6b0e572555c26e9ca07b1f783	037d63733dfdb206a37b1735a43ceae77da9c11583b8e8e487e45331f5b35fd3	9bc7fc7830a6cc88669b9c663e842fd72bb080cef384b63653c8c520670394ef	7aa61151bb17b15a	Classical.choice,Quot.sound,propext	{F : Type} → [inst : Field F] → [inst_1 : DecidableEq F] → {deployment : Minidregg.Kernel.PayEnrolReceiver.Deployment} → {profile : Minidregg.Compiler.CanonicalRuntimeProfile.Profile F} → {ambient : Minidregg.Kernel.PayEnrolReceiver.Ambient} → {durable : Minidregg.Kernel.PayEnrolReceiver.Durable} → {command : Minidregg.Kernel.PayEnrolReceiver.Command} → {memo : Minidregg.Kernel.PayEnrolV2Decision.Memo} → {verified : Minidregg.Compiler.PayEnrolSignatureV2IO.Checked (Minidregg.Kernel.PayEnrolV2Decision.observationContext command.observation) memo} → (prepared : Minidregg.Kernel.PayEnrolV2Receiver.Prepared deployment profile ambient durable command memo verified) → Minidregg.Compiler.CredentialSignatureAdmission.CheckedSignature prepared.authority.snapshot → Except Minidregg.Kernel.PayEnrolV2Receiver.Reject prepared.SemanticAccepted
def	Minidregg.Kernel.PayEnrolV2Receiver.charge	37d9c24d470c5c7ba0794b139a4634e28ab87e408abaa1e818d2fbfd3b991a76	1e639b3f4917f33cc22114afade3ebf172a1783fd937b2e17b53c5a37ed92611	195983e6259e4d450ec3cb51b0f49ae2e61e930aeb2e310ced4ad3d3ec00addc	3cd843b325a46d3b	Classical.choice,Quot.sound,propext	{F : Type} → [inst : Field F] → [inst_1 : DecidableEq F] → {deployment : Minidregg.Kernel.PayEnrolReceiver.Deployment} → {profile : Minidregg.Compiler.CanonicalRuntimeProfile.Profile F} → {ambient : Minidregg.Kernel.PayEnrolReceiver.Ambient} → {durable : Minidregg.Kernel.PayEnrolReceiver.Durable} → {ingress : Minidregg.Kernel.PayEnrolReceiver.DecodedIngress} → Minidregg.Kernel.PayEnrolV2Receiver.AcceptedEnrol deployment profile ambient durable ingress → Minidregg.Theory.ResourceCost.Charge
def	Minidregg.Kernel.PayEnrolV2Receiver.clockLawGuards	f355ec0579d31af4dd60c8844e10d1893b007289b0ed37139bb82898605df6e9	620b86a5c7a1d7c6af47800ebc59668ef37879f207cd6e47912a26cfb81fc0a8	0d2a62172f078e150a5fd7aa70ab0f94cef1fe48025e78bb62aa679fc413f43c	60e8c198d3343c7f	Classical.choice,Quot.sound,propext	{F : Type} → [inst : Field F] → [inst_1 : DecidableEq F] → {deployment : Minidregg.Kernel.PayEnrolReceiver.Deployment} → {profile : Minidregg.Compiler.CanonicalRuntimeProfile.Profile F} → {ambient : Minidregg.Kernel.PayEnrolReceiver.Ambient} → {durable : Minidregg.Kernel.PayEnrolReceiver.Durable} → {command : Minidregg.Kernel.PayEnrolReceiver.Command} → {memo : Minidregg.Kernel.PayEnrolV2Decision.Memo} → {verified : Minidregg.Compiler.PayEnrolSignatureV2IO.Checked (Minidregg.Kernel.PayEnrolV2Decision.observationContext command.observation) memo} → Minidregg.Kernel.PayEnrolV2Receiver.Prepared deployment profile ambient durable command memo verified → List Minidregg.Kernel.DurableDataIntent.ReadGuard
def	Minidregg.Kernel.PayEnrolV2Receiver.clockStepOf	1f66b5692e844563a0c41daab80e222cc979385571bd5314b6a756809c6ada73	4d13248dae9761d87d96e3c7f403fa02d288fc3b7cd5661e053cc5787423bfdd	273161af8a085eeb01089be04b882098dcf9a0278574251e324744cf63d851bb	4989bad29f7a1544	Classical.choice,Quot.sound,propext	{F : Type} → [inst : Field F] → Minidregg.Kernel.PayEnrolReceiver.Deployment → Minidregg.Compiler.CanonicalRuntimeProfile.Profile F → Minidregg.Kernel.PayEnrolReceiver.Ambient → Minidregg.Kernel.PayEnrolReceiver.Command → Minidregg.Theory.CellRegistry.Directory ℕ Minidregg.Kernel.PayEnrolReceiver.Registry → Minidregg.Kernel.PayEnrolReceiver.Snapshot → Minidregg.Kernel.PayCell.Cell → (clock : Minidregg.Kernel.ClockCell.Cell) → Minidregg.Kernel.ClockCell.Clock → Minidregg.Kernel.PayEnrolReceiver.Declaration → {patch : Minidregg.Theory.Store.Patch Minidregg.Kernel.ClockCell.layout} → Minidregg.Theory.CellState.ValidatedPatch Minidregg.Kernel.ClockCell.materializer clock (Minidregg.Theory.CellState.Materialized.root clock) patch → Minidregg.Compiler.CanonicalPolicyAdmission.PolicyStepContext
def	Minidregg.Kernel.PayEnrolV2Receiver.clockWrite	7018304280a4745ffba32cfa8077acec213955aca5472b27887703663bc703f5	f9b7c319443f5b9ed1775b76d0a9975f8cf7b34950252b9d11d109a306b44644	76870671cae26736ab29a6a1c60eb251d92a9628e07bd849d373c476a82fd8f3	91a47995a2d19108	Classical.choice,Quot.sound,propext	{F : Type} → [inst : Field F] → [inst_1 : DecidableEq F] → {deployment : Minidregg.Kernel.PayEnrolReceiver.Deployment} → {profile : Minidregg.Compiler.CanonicalRuntimeProfile.Profile F} → {ambient : Minidregg.Kernel.PayEnrolReceiver.Ambient} → {durable : Minidregg.Kernel.PayEnrolReceiver.Durable} → {command : Minidregg.Kernel.PayEnrolReceiver.Command} → {memo : Minidregg.Kernel.PayEnrolV2Decision.Memo} → {verified : Minidregg.Compiler.PayEnrolSignatureV2IO.Checked (Minidregg.Kernel.PayEnrolV2Decision.observationContext command.observation) memo} → Minidregg.Kernel.PayEnrolV2Receiver.Prepared deployment profile ambient durable command memo verified → Minidregg.Kernel.DurableDataIntent.DataWrite
def	Minidregg.Kernel.PayEnrolV2Receiver.decisionBytes	e4945313a8f8efff764532d73b0761950f05caf986f190952f6ad4bf6a186570	f7561be3193995c064ab949b3ae39654e723cf41c787f0d0f3c3079ced0ad8ef	c919bd06914bb446a20766b5d1d81e8bdb0420efba6285feb76adae07cacaa25	6f53e40c411c7d38	Classical.choice,Quot.sound,propext	Minidregg.Kernel.PayEnrolV2Decision.Decision → List UInt8
def	Minidregg.Kernel.PayEnrolV2Receiver.decisionTag	fa88a8bfd95c8cfad1991ec59ca62475d2867bd77f560a4ed0853e5319687554	537c23242c5d902c20b6521cf4146c427da95ba30def423d2385d005493364fc	5838e331261d90590caa73e3c761bc1a19cf12fd441fa5bdc5ca0b637e1e96fe	3db43bd8ab87b2e6	-	Minidregg.Kernel.PayEnrolV2Decision.Decision → ℕ
def	Minidregg.Kernel.PayEnrolV2Receiver.declarationOf	7bb32efe6cf5c4f996cc56e21093a49cfeff679ea2a829c2374ee59dfa6a4263	94d6c9ce36185da851900f9f8b372bdb7f01f1d122392b69a309563f9b52dae0	bf3ea6ad7629625f96050f19abacd26cf76ef9c774f6e6d9edefedc274a6fb86	36068cb3a73eb6d5	Classical.choice,Quot.sound,propext	{F : Type} → [inst : Field F] → {deployment : Minidregg.Kernel.PayEnrolReceiver.Deployment} → {profile : Minidregg.Compiler.CanonicalRuntimeProfile.Profile F} → {ambient : Minidregg.Kernel.PayEnrolReceiver.Ambient} → {durable : Minidregg.Kernel.PayEnrolReceiver.Durable} → {directory : Minidregg.Compiler.CredentialAuthorityDomainReceiver.LoadedDirectory durable} → {authority : Minidregg.Compiler.CredentialAuthorityDomainReceiver.Loaded deployment durable.snapshot} → {pay : Minidregg.Kernel.PayCellDomain.Loaded deployment durable.snapshot} → {book : Minidregg.Kernel.PayEnrolReceiver.BookCell deployment directory.directory} → {tariff : Minidregg.Kernel.PayTariff.Tariff} → Minidregg.Kernel.PayEnrolReceiver.Command → Minidregg.Kernel.PayEnrolV2Decision.Decision → {input : Minidregg.Kernel.PayEnrolV2Legs.Input} → Minidregg.Kernel.PayEnrolV2Legs.Legs deployment profile ambient directory authority pay book tariff input → Minidregg.Kernel.PayEnrolReceiver.Declaration
def	Minidregg.Kernel.PayEnrolV2Receiver.economicInput	f631ac37e4b0375aad1eb7866fee711c65862aac20ff8aff9e3e4e802620e4c1	69013c0301785d3f15eff701080f0e09648ffb4b5f9c8e29b115c1afcfe96ce4	05fad93602bd3bdcf71395360135411a73240beef6d500d5c848ebdf3ff5101d	7d058dec4100ac7e	Classical.choice,Quot.sound,propext	Minidregg.Kernel.PayCell.PayStore → Minidregg.Compiler.CredentialAuthorityDomain.Snapshot → Minidregg.Kernel.PayEnrolV2Decision.Decision → Except Minidregg.Kernel.PayEnrolV2Receiver.Reject Minidregg.Kernel.PayEnrolV2Legs.Input
def	Minidregg.Kernel.PayEnrolV2Receiver.event	9089e203b78a030ea974ada5ab2c362b7f64275dc6e5ee001500306e065312e0	48784bdb51099f1b98191f4c146bd5a190cb5cf40b1a452b1eb522d0b8a04dba	8a950f3fc1913ebededf107a6eed8f978fae90e57e131899daef734872b3713c	bb1e414d4071e3d3	Classical.choice,Quot.sound,propext	Minidregg.Theory.TypedAuthorization.Digest → Minidregg.Kernel.PayEnrolReceiver.DecodedIngress → Minidregg.Kernel.DurableDataIntent.StableEvent
def	Minidregg.Kernel.PayEnrolV2Receiver.intent	388946ba339df1b7b188183c216552866337489e7fb2a22f5c7d9862f2019a3b	833ecd75be440794851db246db0f194aea69410184dd1f2842e291bc387550f1	1045e94b591d3bb7cd7c7fa42a721ca9a181ec22b32efd5740854eee043669cb	a40f755accc2c3cf	Classical.choice,Quot.sound,propext	{F : Type} → [inst : Field F] → [inst_1 : DecidableEq F] → {deployment : Minidregg.Kernel.PayEnrolReceiver.Deployment} → {profile : Minidregg.Compiler.CanonicalRuntimeProfile.Profile F} → {ambient : Minidregg.Kernel.PayEnrolReceiver.Ambient} → {durable : Minidregg.Kernel.PayEnrolReceiver.Durable} → {ingress : Minidregg.Kernel.PayEnrolReceiver.DecodedIngress} → Minidregg.Kernel.PayEnrolV2Receiver.AcceptedEnrol deployment profile ambient durable ingress → Minidregg.Kernel.DurableDataIntent.DataIntent Minidregg.Compiler.ResourceBirthCodec.rootBytes
theorem	Minidregg.Kernel.PayEnrolV2Receiver.intent_writes_exact	e7b32f32d1c9fbed4295b4b1e72122f6e20d7f9f0a1c2a9239c7e51fe03464e0	8d89c33ad3de66bc8e302e920e1d7b256e8cf01b63089e6fbb3c12884b4d6748	955b24e5c42e398938e7eee4ac843d06517019395ce88719af1418e87e77b433	223d15ffc4f9ceb6	Classical.choice,Quot.sound,propext	∀ {F : Type} [inst : Field F] [inst_1 : DecidableEq F] {deployment : Minidregg.Kernel.PayEnrolReceiver.Deployment} {profile : Minidregg.Compiler.CanonicalRuntimeProfile.Profile F} {ambient : Minidregg.Kernel.PayEnrolReceiver.Ambient} {durable : Minidregg.Kernel.PayEnrolReceiver.Durable} {ingress : Minidregg.Kernel.PayEnrolReceiver.DecodedIngress} (accepted : Minidregg.Kernel.PayEnrolV2Receiver.AcceptedEnrol deployment profile ambient durable ingress), (Minidregg.Kernel.PayEnrolV2Receiver.intent accepted).writes = Minidregg.Kernel.PayEnrolV2Receiver.payWrite accepted.prepared :: Minidregg.Kernel.PayEnrolV2Receiver.clockWrite accepted.prepared :: Minidregg.Kernel.PayEnrolV2Legs.Legs.writes accepted.prepared.factory accepted.prepared.legs
def	Minidregg.Kernel.PayEnrolV2Receiver.lawReadGuards	e8158733407a3f3aa9c0ad9c292e5a86d89bae7ebaee08267a83926b2c4be20a	029c78213380e10252e135129b36403690c458b119cb6510620f5416e4f97dc7	200c99e5cc4ac7b2b12f41cb0e74658d374d388c4b3a78afc0f1d3536a0414c6	093bdc60720ba97a	Classical.choice,Quot.sound,propext	{F : Type} → [inst : Field F] → [inst_1 : DecidableEq F] → {deployment : Minidregg.Kernel.PayEnrolReceiver.Deployment} → {profile : Minidregg.Compiler.CanonicalRuntimeProfile.Profile F} → {ambient : Minidregg.Kernel.PayEnrolReceiver.Ambient} → {durable : Minidregg.Kernel.PayEnrolReceiver.Durable} → {command : Minidregg.Kernel.PayEnrolReceiver.Command} → {memo : Minidregg.Kernel.PayEnrolV2Decision.Memo} → {verified : Minidregg.Compiler.PayEnrolSignatureV2IO.Checked (Minidregg.Kernel.PayEnrolV2Decision.observationContext command.observation) memo} → Minidregg.Kernel.PayEnrolV2Receiver.Prepared deployment profile ambient durable command memo verified → List (ℕ × Minidregg.Theory.TypedAuthorization.Digest)
def	Minidregg.Kernel.PayEnrolV2Receiver.nullifiers	91bb7abf605ae2bc635648e84a79fba8db67e94dfb8da86e98d6a472e995411b	936b1f51cdf54d4d47ea3f3b0d0da174dc280caa0ac483631e301aa86e399a62	d1bcb8d06b11239868b38c9e6bec8ba4029faaf62ec78879ad5113d8c31691ba	77ade732aba58af5	Classical.choice,Quot.sound,propext	{F : Type} → [inst : Field F] → [inst_1 : DecidableEq F] → {deployment : Minidregg.Kernel.PayEnrolReceiver.Deployment} → {profile : Minidregg.Compiler.CanonicalRuntimeProfile.Profile F} → {ambient : Minidregg.Kernel.PayEnrolReceiver.Ambient} → {durable : Minidregg.Kernel.PayEnrolReceiver.Durable} → {command : Minidregg.Kernel.PayEnrolReceiver.Command} → {memo : Minidregg.Kernel.PayEnrolV2Decision.Memo} → {verified : Minidregg.Compiler.PayEnrolSignatureV2IO.Checked (Minidregg.Kernel.PayEnrolV2Decision.observationContext command.observation) memo} → Minidregg.Kernel.PayEnrolV2Receiver.Prepared deployment profile ambient durable command memo verified → List Minidregg.Kernel.DurableDataIntent.StableNullifier
def	Minidregg.Kernel.PayEnrolV2Receiver.parsedMemo	ba47820553446baf37345f7bb00c60f4fafb2bdb7f081b570522d1a52f32ca58	2451c1e5c9647f9414ea65d1a271d62f847e3282f4510841d8e68c15031f58fe	74fd8f7d49764c862f372818bc5745e64fbecbc19c70aa1de5c13cb42f56ff45	e69687690ca9854b	propext	Minidregg.Kernel.PayObservation.Observation → Option Minidregg.Kernel.PayEnrolV2Decision.Memo
def	Minidregg.Kernel.PayEnrolV2Receiver.patchOf	911bfd67903aeeefa62b52370da6cd2a1ce47b4307449759a1feeb8c6b43ab8f	9b239bbb35a1fe2ca5fdbd14a6f92bd718a1e095b9653fffb4ebed55e37b1fb4	4227a5f74219d5e85fb2f8caab95dbbee8f71489545a001f294cbf98604ce5ab	063fdda1a46e69e0	Classical.choice,Quot.sound,propext	{F : Type} → [inst : Field F] → {deployment : Minidregg.Kernel.PayEnrolReceiver.Deployment} → {profile : Minidregg.Compiler.CanonicalRuntimeProfile.Profile F} → {ambient : Minidregg.Kernel.PayEnrolReceiver.Ambient} → {durable : Minidregg.Kernel.PayEnrolReceiver.Durable} → {directory : Minidregg.Compiler.CredentialAuthorityDomainReceiver.LoadedDirectory durable} → {authority : Minidregg.Compiler.CredentialAuthorityDomainReceiver.Loaded deployment durable.snapshot} → {pay : Minidregg.Kernel.PayCellDomain.Loaded deployment durable.snapshot} → {book : Minidregg.Kernel.PayEnrolReceiver.BookCell deployment directory.directory} → {tariff : Minidregg.Kernel.PayTariff.Tariff} → Minidregg.Kernel.PayEnrolReceiver.Command → Minidregg.Kernel.PayEnrolV2Decision.Decision → {input : Minidregg.Kernel.PayEnrolV2Legs.Input} → Minidregg.Kernel.PayEnrolV2Legs.Legs deployment profile ambient directory authority pay book tariff input → Minidregg.Theory.Store.Patch Minidregg.Kernel.PayCell.layout
def	Minidregg.Kernel.PayEnrolV2Receiver.payPatch	f47c63549ba2181ae3f35d78c8454b39067dfc5e625d0e8e1338905b683f1b67	47293213215ea0683c689a8c13d339cc9f77eccc3edc3607b216d74a2ae2431a	2054f9329e0d25a9e79afa4b80ffdff1f6ebbaeac02e5582288e3d3ff6f11013	d2fea0d0e324ec9a	-	Minidregg.Kernel.PayObservation.Observation → Minidregg.Kernel.PayEnrolV2Decision.Decision → ℕ → Minidregg.Theory.Store.Patch Minidregg.Kernel.PayCell.layout
def	Minidregg.Kernel.PayEnrolV2Receiver.payWrite	7d5df6bff91815606ddfee114ecb5cfe02619ab3b04b7e9de8292c5b78035c66	f9b7c319443f5b9ed1775b76d0a9975f8cf7b34950252b9d11d109a306b44644	1da57eb95d2b2eb2f445a6bdf176b616d17cae92ae2c7275bb378e4627daf8e4	80c701d997eb2d98	Classical.choice,Quot.sound,propext	{F : Type} → [inst : Field F] → [inst_1 : DecidableEq F] → {deployment : Minidregg.Kernel.PayEnrolReceiver.Deployment} → {profile : Minidregg.Compiler.CanonicalRuntimeProfile.Profile F} → {ambient : Minidregg.Kernel.PayEnrolReceiver.Ambient} → {durable : Minidregg.Kernel.PayEnrolReceiver.Durable} → {command : Minidregg.Kernel.PayEnrolReceiver.Command} → {memo : Minidregg.Kernel.PayEnrolV2Decision.Memo} → {verified : Minidregg.Compiler.PayEnrolSignatureV2IO.Checked (Minidregg.Kernel.PayEnrolV2Decision.observationContext command.observation) memo} → Minidregg.Kernel.PayEnrolV2Receiver.Prepared deployment profile ambient durable command memo verified → Minidregg.Kernel.DurableDataIntent.DataWrite
def	Minidregg.Kernel.PayEnrolV2Receiver.physicalShapeDecidable	8b2b8cfbc8daca51631c17e281b86c4e8eba7c291f6b2d07f7cbcea99e0d8a3b	3b4a4e61afa23fbc2ff16b4a7d51a47249c87ce640e4a9a03d0c2aec5fdf4527	0df2cd03483c8af7e6d1b3ad35abb93264cd460dbfd74f83c14ba391a40ca1fd	5c3ccc3aec0c2cfa	Classical.choice,Quot.sound,propext	{F : Type} → [inst : Field F] → [inst_1 : DecidableEq F] → {deployment : Minidregg.Kernel.PayEnrolReceiver.Deployment} → {profile : Minidregg.Compiler.CanonicalRuntimeProfile.Profile F} → {ambient : Minidregg.Kernel.PayEnrolReceiver.Ambient} → {durable : Minidregg.Kernel.PayEnrolReceiver.Durable} → {command : Minidregg.Kernel.PayEnrolReceiver.Command} → {memo : Minidregg.Kernel.PayEnrolV2Decision.Memo} → {verified : Minidregg.Compiler.PayEnrolSignatureV2IO.Checked (Minidregg.Kernel.PayEnrolV2Decision.observationContext command.observation) memo} → (prepared : Minidregg.Kernel.PayEnrolV2Receiver.Prepared deployment profile ambient durable command memo verified) → Decidable (Minidregg.Kernel.PayEnrolV2Receiver.PhysicalShape prepared)
def	Minidregg.Kernel.PayEnrolV2Receiver.policyConfig	05a1faf9db82d4bd62305814cb4b1b72662794bce95a5c60ee46a570d17b00ac	68a06884e71e2ce13c3df441019ea547d765d2533ab91749b7bf81daeb7ed04e	5adbd58583c89f02c2d6dd43010ee666eb254523af9bce20605243084969659b	598e87a7a41a614b	Classical.choice,Quot.sound,propext	{F : Type} → [inst : Field F] → [inst_1 : DecidableEq F] → {deployment : Minidregg.Kernel.PayEnrolReceiver.Deployment} → {profile : Minidregg.Compiler.CanonicalRuntimeProfile.Profile F} → {ambient : Minidregg.Kernel.PayEnrolReceiver.Ambient} → {durable : Minidregg.Kernel.PayEnrolReceiver.Durable} → {command : Minidregg.Kernel.PayEnrolReceiver.Command} → {memo : Minidregg.Kernel.PayEnrolV2Decision.Memo} → {verified : Minidregg.Compiler.PayEnrolSignatureV2IO.Checked (Minidregg.Kernel.PayEnrolV2Decision.observationContext command.observation) memo} → Minidregg.Kernel.PayEnrolV2Receiver.Prepared deployment profile ambient durable command memo verified → Minidregg.Compiler.ComposedPolicyAdmission.Config F
def	Minidregg.Kernel.PayEnrolV2Receiver.policyGuard	b3bfc1c4309cd1e88ab6900fd5f9940382ad5a86f0876c28eeae91e8dba2809d	4e368b998c36eca2a39a98b5c80e1793933ccd08317f8f2becd4539d93958a6c	b7c01dabc29d157b96dc4c21b83945d4ef350f7849c32605806612b26981199a	37bbbd1e3723a1ae	Classical.choice,Quot.sound,propext	{F : Type} → [inst : Field F] → [inst_1 : DecidableEq F] → {deployment : Minidregg.Kernel.PayEnrolReceiver.Deployment} → {profile : Minidregg.Compiler.CanonicalRuntimeProfile.Profile F} → {ambient : Minidregg.Kernel.PayEnrolReceiver.Ambient} → {durable : Minidregg.Kernel.PayEnrolReceiver.Durable} → {command : Minidregg.Kernel.PayEnrolReceiver.Command} → {memo : Minidregg.Kernel.PayEnrolV2Decision.Memo} → {verified : Minidregg.Compiler.PayEnrolSignatureV2IO.Checked (Minidregg.Kernel.PayEnrolV2Decision.observationContext command.observation) memo} → Minidregg.Kernel.PayEnrolV2Receiver.Prepared deployment profile ambient durable command memo verified → Minidregg.Kernel.DurableDataIntent.ReadGuard
def	Minidregg.Kernel.PayEnrolV2Receiver.prepare	d3705e8582ab739c3ace063c952a8b2a234db6ece2b26345e34e4e9931c15731	8b838f0a140b484d025da80c0f4712e5f3cd6119da5758730fa2c06bc33294b7	fbb222f44669fba857ab630eb343fc8708307cd12eb5398978de98068c7a232b	c0c93ba5f264de4c	Classical.choice,Quot.sound,propext	{F : Type} → [inst : Field F] → [inst_1 : DecidableEq F] → (deployment : Minidregg.Kernel.PayEnrolReceiver.Deployment) → (profile : Minidregg.Compiler.CanonicalRuntimeProfile.Profile F) → (ambient : Minidregg.Kernel.PayEnrolReceiver.Ambient) → Minidregg.Theory.TypedAuthorization.Digest → (durable : Minidregg.Kernel.PayEnrolReceiver.Durable) → (command : Minidregg.Kernel.PayEnrolReceiver.Command) → (memo : Minidregg.Kernel.PayEnrolV2Decision.Memo) → (verified : Minidregg.Compiler.PayEnrolSignatureV2IO.Checked (Minidregg.Kernel.PayEnrolV2Decision.observationContext command.observation) memo) → Except Minidregg.Kernel.PayEnrolV2Receiver.Reject (Minidregg.Kernel.PayEnrolV2Receiver.Prepared deployment profile ambient durable command memo verified)
def	Minidregg.Kernel.PayEnrolV2Receiver.pricingAt	c267607b8afb975d63c8ae91993d22387b55e4b477cbeec0e4de81f091ee28e1	669da952f33fac42654513da77de629703b5fb293103808c52b68cb0688ddd97	09a3e790b25c2fb08012484dd55143c207abb77d603623d7f26f118337258758	a52b7a0eb2515627	Classical.choice,Quot.sound,propext	{F : Type} → [inst : Field F] → Minidregg.Kernel.PayEnrolReceiver.Deployment → Minidregg.Compiler.CanonicalRuntimeProfile.Profile F → Minidregg.Kernel.PayEnrolReceiver.Ambient → Minidregg.Theory.TypedAuthorization.Digest → Minidregg.Compiler.CredentialAuthorityDomain.Snapshot → Minidregg.Kernel.PayEnrolV2Decision.Memo → Minidregg.Kernel.PayEnrolV2Decision.Pricing
def	Minidregg.Kernel.PayEnrolV2Receiver.project	181e4634f4a4165f1aeb59f42bbfa01c1e6e64cb2d27a0bdc59f7af581045496	e01b1cad6f5a14af27e23f350cb21c184a603be46dadf57c7c9485852a8537d3	0727ab4541397422df88a60454740945cbaff7e03ddc96ea7e5308443acc501f	91b7cdc6aefda9bb	Classical.choice,Quot.sound,propext	{F : Type} → [inst : Field F] → [inst_1 : DecidableEq F] → {deployment : Minidregg.Kernel.PayEnrolReceiver.Deployment} → {profile : Minidregg.Compiler.CanonicalRuntimeProfile.Profile F} → {ambient : Minidregg.Kernel.PayEnrolReceiver.Ambient} → {durable : Minidregg.Kernel.PayEnrolReceiver.Durable} → {command : Minidregg.Kernel.PayEnrolReceiver.Command} → {memo : Minidregg.Kernel.PayEnrolV2Decision.Memo} → {verified : Minidregg.Compiler.PayEnrolSignatureV2IO.Checked (Minidregg.Kernel.PayEnrolV2Decision.observationContext command.observation) memo} → Minidregg.Kernel.PayEnrolV2Receiver.Prepared deployment profile ambient durable command memo verified → Minidregg.Kernel.PayCell.PayStore → Minidregg.Pred.State
def	Minidregg.Kernel.PayEnrolV2Receiver.readGuards	918d4c03640ed0e54c4d3338c49472e359678dd7bcf03240ddf9091b3b39ea2e	620b86a5c7a1d7c6af47800ebc59668ef37879f207cd6e47912a26cfb81fc0a8	55df9c3eb9f3bdf4d5aedd780513823d144cb0527f17c607d005337f438a573a	350a814f506072fc	Classical.choice,Quot.sound,propext	{F : Type} → [inst : Field F] → [inst_1 : DecidableEq F] → {deployment : Minidregg.Kernel.PayEnrolReceiver.Deployment} → {profile : Minidregg.Compiler.CanonicalRuntimeProfile.Profile F} → {ambient : Minidregg.Kernel.PayEnrolReceiver.Ambient} → {durable : Minidregg.Kernel.PayEnrolReceiver.Durable} → {command : Minidregg.Kernel.PayEnrolReceiver.Command} → {memo : Minidregg.Kernel.PayEnrolV2Decision.Memo} → {verified : Minidregg.Compiler.PayEnrolSignatureV2IO.Checked (Minidregg.Kernel.PayEnrolV2Decision.observationContext command.observation) memo} → Minidregg.Kernel.PayEnrolV2Receiver.Prepared deployment profile ambient durable command memo verified → List Minidregg.Kernel.DurableDataIntent.ReadGuard
theorem	Minidregg.Kernel.PayEnrolV2Receiver.readGuards_readonly	1990f6da037a37e45bf395f9c4d3b341ace6d51a39b4f4c08714740dc51cae16	4b45226d9f8e31850de5a8b5a8fe107bd785812aa3a2e41ad1f3ab08998d6f48	e8c861cee96135ff31df253e58779ef4408b652eca2caea18f7048288d31b0b5	9e30e8a161f5c601	Classical.choice,Quot.sound,propext	∀ {F : Type} [inst : Field F] [inst_1 : DecidableEq F] {deployment : Minidregg.Kernel.PayEnrolReceiver.Deployment} {profile : Minidregg.Compiler.CanonicalRuntimeProfile.Profile F} {ambient : Minidregg.Kernel.PayEnrolReceiver.Ambient} {durable : Minidregg.Kernel.PayEnrolReceiver.Durable} {command : Minidregg.Kernel.PayEnrolReceiver.Command} {memo : Minidregg.Kernel.PayEnrolV2Decision.Memo} {verified : Minidregg.Compiler.PayEnrolSignatureV2IO.Checked (Minidregg.Kernel.PayEnrolV2Decision.observationContext command.observation) memo} (prepared : Minidregg.Kernel.PayEnrolV2Receiver.Prepared deployment profile ambient durable command memo verified), Minidregg.Kernel.PayEnrolV2Receiver.PhysicalShape prepared → ∀ guard ∈ Minidregg.Kernel.PayEnrolV2Receiver.readGuards prepared, guard.cellId ∉ List.map Minidregg.Kernel.DurableDataIntent.DataWrite.cellId (Minidregg.Kernel.PayEnrolV2Receiver.writes prepared)
def	Minidregg.Kernel.PayEnrolV2Receiver.receipt	143acf7858e999956bc46d92517e0737bd8ed03e526dbb603535da10d6d95aa8	7234cc5b554453862303166e1811e7e24ca142f56a033de668dd5b1ec8c0bea9	4a41693b564cee1c6b02494653c9cb960177f7363ff8bdfe1b026d7a54b17400	2e6a8b4965a4e35f	Classical.choice,Quot.sound,propext	Minidregg.Theory.TypedAuthorization.Digest → Minidregg.Theory.TypedAuthorization.Digest → Minidregg.Kernel.PayEnrolReceiver.DecodedIngress → Minidregg.Kernel.PayEnrolReceiver.Receipt
def	Minidregg.Kernel.PayEnrolV2Receiver.receiveLoaded	3786da1a09e17d34dea73d6179df161bc5db49ebe3af7e5271c5e731901e239c	2144299fe07c36bdffd983a18374d87bd81e00f09de2b68752ce4a550f780e44	0b789a0fc2382538fa0fc323e66d9179dddc5eb8b39cc59d0cd7e9545644b843	071f9eeb39d752bf	Classical.choice,Quot.sound,propext	{F : Type} → [inst : Field F] → [DecidableEq F] → Minidregg.Kernel.PayEnrolReceiver.Deployment → Minidregg.Compiler.CanonicalRuntimeProfile.Profile F → Minidregg.Kernel.PayEnrolReceiver.Ambient → Minidregg.Theory.TypedAuthorization.Digest → Minidregg.Compiler.CredentialSignatureIO.NativeConfig → Minidregg.Compiler.DurableReceiverIO.Transport → Minidregg.Kernel.PayEnrolReceiver.Durable → List UInt8 → IO Minidregg.Kernel.PayEnrolV2Receiver.Result
def	Minidregg.Kernel.PayEnrolV2Receiver.replay	c79b9289fbd01513bb2cb2812af633ae9e9751065c7bb1c7df389fce2dc9ed5b	7693dc8b73458cead9bb2b55fc1d6dfa97d97987945438537c5e4f963d4b08b5	e50e831ad31c25d116f585c5c7a62772b30b4d9bad2c74c3be6e834cbc183adf	9ce3b68cec33698e	Classical.choice,Quot.sound,propext	Minidregg.Theory.TypedAuthorization.Digest → Minidregg.Theory.TypedAuthorization.Digest → Minidregg.Kernel.PayEnrolReceiver.Durable → Minidregg.Kernel.PayEnrolReceiver.DecodedIngress → Option (Except Unit Minidregg.Kernel.PayEnrolReceiver.Receipt)
def	Minidregg.Kernel.PayEnrolV2Receiver.requireSome	6299d52e402f784bbc3d3c172679033b96191ac6c20ba7291864fe4e73336144	32ecd032b912ec0ce2ee717c69789b04d7a8b92f011b1f76f9ee0e199d853fcc	1400139f23cb35e436c5cc3dda28fcdc46064c30c607d44792175c1b38a3b520	3124f255fb493569	-	{A : Type} → Minidregg.Kernel.PayEnrolV2Receiver.Reject → Option A → Except Minidregg.Kernel.PayEnrolV2Receiver.Reject A
def	Minidregg.Kernel.PayEnrolV2Receiver.signingHeader	eb40d11015c8dc98900e5901ac64ef795e4c41fe8c1928bdb27daa9bd6105cce	9d6bf663b94f2607b1d7b901c860d1a6471cd7d9f4486d050705645302dd0b86	8958574b20fa82e7913a5b1d8eb8e636980db7cd7587ade01847bb36ab251d3f	76e3aad87c311134	Classical.choice,Quot.sound,propext	{F : Type} → [inst : Field F] → [DecidableEq F] → Minidregg.Kernel.PayEnrolReceiver.Deployment → Minidregg.Compiler.CanonicalRuntimeProfile.Profile F → Minidregg.Kernel.PayEnrolReceiver.Ambient → Minidregg.Theory.TypedAuthorization.Digest → Minidregg.Kernel.PayEnrolReceiver.Durable → Minidregg.Compiler.CredentialSignatureIO.NativeConfig → Minidregg.Kernel.PayEnrolReceiver.Command → IO (Except String Minidregg.Kernel.CredentialSignedEnvelopeController.SignedHeader)
def	Minidregg.Kernel.PayEnrolV2Receiver.sourceStore	eff3a121b6efe7a8ab25222509c04edfed1b65312341eb2818e61916b4ec4c86	34ab9da01b0f1cafbd082e03ac8976299e8cc44a9aa5c9bae78b20d027b7c24c	39655e0a2d8f4febc670c9903c93be118b419a24c186adec750322d008c2fae3	ba4f9ffaa77017f8	Classical.choice,Quot.sound,propext	{F : Type} → [inst : Field F] → [inst_1 : DecidableEq F] → {deployment : Minidregg.Kernel.PayEnrolReceiver.Deployment} → {profile : Minidregg.Compiler.CanonicalRuntimeProfile.Profile F} → {ambient : Minidregg.Kernel.PayEnrolReceiver.Ambient} → {durable : Minidregg.Kernel.PayEnrolReceiver.Durable} → {command : Minidregg.Kernel.PayEnrolReceiver.Command} → {memo : Minidregg.Kernel.PayEnrolV2Decision.Memo} → {verified : Minidregg.Compiler.PayEnrolSignatureV2IO.Checked (Minidregg.Kernel.PayEnrolV2Decision.observationContext command.observation) memo} → Minidregg.Kernel.PayEnrolV2Receiver.Prepared deployment profile ambient durable command memo verified → Minidregg.Kernel.CanonicalPolicyRegistry.PayloadStore
def	Minidregg.Kernel.PayEnrolV2Receiver.step	7f2806e68c341617abb832def1397d8030a7e91e5e8dd8eff0bcea990c025355	0ea73b6d3f2e1e99dcd5bab48c43090910b2ae86e43519756275618542aa1b0c	45778fe05171e2119e3823dc9cc7ceb0731986a127142c5c50a449c7c7db60e2	97dea000493b0471	Classical.choice,Quot.sound,propext	{F : Type} → [inst : Field F] → [inst_1 : DecidableEq F] → {deployment : Minidregg.Kernel.PayEnrolReceiver.Deployment} → {profile : Minidregg.Compiler.CanonicalRuntimeProfile.Profile F} → {ambient : Minidregg.Kernel.PayEnrolReceiver.Ambient} → {durable : Minidregg.Kernel.PayEnrolReceiver.Durable} → {command : Minidregg.Kernel.PayEnrolReceiver.Command} → {memo : Minidregg.Kernel.PayEnrolV2Decision.Memo} → {verified : Minidregg.Compiler.PayEnrolSignatureV2IO.Checked (Minidregg.Kernel.PayEnrolV2Decision.observationContext command.observation) memo} → Minidregg.Kernel.PayEnrolV2Receiver.Prepared deployment profile ambient durable command memo verified → Minidregg.Compiler.CanonicalPolicyAdmission.PolicyStepContext
def	Minidregg.Kernel.PayEnrolV2Receiver.transactionId	e7450f2532c12f1a99e9eecf53ff8822a5b99abc514cbfb0a17073363ba7ba00	2f4b54659ea5130aedeaf88c776af3f0f2a74d12bde6ac5a9d05569287012b53	106bdc0dd4abd9afb78d65da2fc407efc004e49e138254e5e653608dd5daa522	6480f28da272471a	Classical.choice,Quot.sound,propext	Minidregg.Theory.TypedAuthorization.Digest → Minidregg.Theory.TypedAuthorization.Digest → Minidregg.Kernel.PayEnrolReceiver.DecodedIngress → Minidregg.Theory.TypedAuthorization.Digest
def	Minidregg.Kernel.PayEnrolV2Receiver.verifyFor	9a72d3ac12d10960eb6e39b90d9393a17cbee20f4bfaf73c200a6a802e80eb7b	14a54689d730ee5bd69dad6ac7770d88f018795d0731b9c828965b294bbc6032	c31a895d233c65f0b4731d8d096d6e468ca398097dd3cf2531357057e1db7ac4	17cb7d113577c71e	Classical.choice,Quot.sound,propext	Minidregg.Compiler.CredentialSignatureIO.NativeConfig → (observation : Minidregg.Kernel.PayObservation.Observation) → IO (Except Minidregg.Kernel.PayEnrolV2Receiver.Reject (Minidregg.Kernel.PayEnrolV2Receiver.VerifiedMemo observation))
def	Minidregg.Kernel.PayEnrolV2Receiver.writes	1b080a75a128062a1d99cb982eb20bdb2d0cd4d2d66c3ea6888c2c2cb48ef601	8e68cb71c6b130afa9a977e955228c9edadc49ff5dc88d883202618b1bf67b4e	76754ab9b267a92d1d6d717438fd574d820a02fe734ab62099713d9118d89e81	448f591f7fb069e1	Classical.choice,Quot.sound,propext	{F : Type} → [inst : Field F] → [inst_1 : DecidableEq F] → {deployment : Minidregg.Kernel.PayEnrolReceiver.Deployment} → {profile : Minidregg.Compiler.CanonicalRuntimeProfile.Profile F} → {ambient : Minidregg.Kernel.PayEnrolReceiver.Ambient} → {durable : Minidregg.Kernel.PayEnrolReceiver.Durable} → {command : Minidregg.Kernel.PayEnrolReceiver.Command} → {memo : Minidregg.Kernel.PayEnrolV2Decision.Memo} → {verified : Minidregg.Compiler.PayEnrolSignatureV2IO.Checked (Minidregg.Kernel.PayEnrolV2Decision.observationContext command.observation) memo} → Minidregg.Kernel.PayEnrolV2Receiver.Prepared deployment profile ambient durable command memo verified → List Minidregg.Kernel.DurableDataIntent.DataWrite
ctor	private Minidregg.Kernel.PayEnrolV2Receiver.Accepted.mk @Kernel.PayEnrolV2Receiver	562cbf8b8565d6de2fb9a774c235d17a7e72c4dd18f4741284179035d498cad7	a1c0c900566902c69bf6b7cb5d8619d57ac33b161921a8b25cf4f871c7083ec7	08b3c40c65769413e22ba61699372c8dd24555dc55aba5b36af632a98562ef69	dfcd16c4d6a21750		{F : Type} → [inst : Field F] → [inst_1 : DecidableEq F] → {deployment : Minidregg.Kernel.PayEnrolReceiver.Deployment} → {profile : Minidregg.Compiler.CanonicalRuntimeProfile.Profile F} → {ambient : Minidregg.Kernel.PayEnrolReceiver.Ambient} → {durable : Minidregg.Kernel.PayEnrolReceiver.Durable} → {command : Minidregg.Kernel.PayEnrolReceiver.Command} → {memo : Minidregg.Kernel.PayEnrolV2Decision.Memo} → {verified : Minidregg.Compiler.PayEnrolSignatureV2IO.Checked (Minidregg.Kernel.PayEnrolV2Decision.observationContext command.observation) memo} → {prepared : Minidregg.Kernel.PayEnrolV2Receiver.Prepared deployment profile ambient durable command memo verified} → {ingress : Minidregg.Kernel.PayEnrolReceiver.DecodedIngress} → (receipt : Minidregg.Compiler.CredentialSignatureAdmission.CheckedSignature prepared.authority.snapshot) → receipt.envelopeBytes = ingress.ingress.envelope → prepared.SemanticAccepted → Minidregg.Kernel.PayEnrolV2Receiver.Accepted prepared ingress
ctor	private Minidregg.Kernel.PayEnrolV2Receiver.AcceptedEnrol.mk @Kernel.PayEnrolV2Receiver	168450f41f0ef38c782fb844366cd5acf00768265ee593c13c4ee5456d0228f5	5c43a54e95cb5a4601880be7aa79aece18149b526242e676614602b0fa151f70	6e0c110ba6c4ed9a19a88abbc95108d0909fccdc7a8c5c7599062245784ab055	513e06f8d0beb10a		{F : Type} → [inst : Field F] → [inst_1 : DecidableEq F] → {deployment : Minidregg.Kernel.PayEnrolReceiver.Deployment} → {profile : Minidregg.Compiler.CanonicalRuntimeProfile.Profile F} → {ambient : Minidregg.Kernel.PayEnrolReceiver.Ambient} → {durable : Minidregg.Kernel.PayEnrolReceiver.Durable} → {ingress : Minidregg.Kernel.PayEnrolReceiver.DecodedIngress} → (verified : Minidregg.Kernel.PayEnrolV2Receiver.VerifiedMemo ingress.command.observation) → (prepared : Minidregg.Kernel.PayEnrolV2Receiver.Prepared deployment profile ambient durable ingress.command verified.memo verified.checked) → Minidregg.Kernel.PayEnrolV2Receiver.Accepted prepared ingress → Minidregg.Kernel.PayEnrolV2Receiver.PhysicalShape prepared → Minidregg.Kernel.PayEnrolV2Receiver.AcceptedEnrol deployment profile ambient durable ingress
ctor	private Minidregg.Kernel.PayEnrolV2Receiver.Prepared.mk @Kernel.PayEnrolV2Receiver	d78d814ec5d87d4af062370adfb0cf8ca9fff3dded0c916258e9db65e8b7c11e	e833327517cd3f82e470d9daa1c353e52b1a1dbdcc9411b2fd3df3fc64c08359	0bf7ce90461ad5507d5dcdd79a5d46ea1545d618232e468c570dd22f95a4befc	0d7eb3aca1149fb5		{F : Type} → [inst : Field F] → [inst_1 : DecidableEq F] → {deployment : Minidregg.Kernel.PayEnrolReceiver.Deployment} → {profile : Minidregg.Compiler.CanonicalRuntimeProfile.Profile F} → {ambient : Minidregg.Kernel.PayEnrolReceiver.Ambient} → {durable : Minidregg.Kernel.PayEnrolReceiver.Durable} → {command : Minidregg.Kernel.PayEnrolReceiver.Command} → {memo : Minidregg.Kernel.PayEnrolV2Decision.Memo} → {verified : Minidregg.Compiler.PayEnrolSignatureV2IO.Checked (Minidregg.Kernel.PayEnrolV2Decision.observationContext command.observation) memo} → (expectedSeed : Minidregg.Theory.TypedAuthorization.Digest) → (directory : Minidregg.Compiler.CredentialAuthorityDomainReceiver.LoadedDirectory durable) → (authority : Minidregg.Compiler.CredentialAuthorityDomainReceiver.Loaded deployment durable.snapshot) → (pay : Minidregg.Kernel.PayCellDomain.Loaded deployment durable.snapshot) → (book : Minidregg.Kernel.PayEnrolReceiver.BookCell deployment directory.directory) → Minidregg.Kernel.PayEnrolReceiver.FactoryCell deployment directory.directory → (tariff : Minidregg.Kernel.PayTariff.Tariff) → Minidregg.Kernel.PayCell.tariffOf pay.cell.logical = Option.some tariff → (clock : Minidregg.Kernel.ClockCellDomain.Loaded deployment durable.snapshot) → clock.clock.slot ≤ command.tip.slot → Minidregg.Kernel.PayChainTip.advances (Minidregg.Kernel.PayCell.chainTipOf pay.cell.logical) command.tip → Minidregg.Kernel.PayChainTip.fresh (Minidregg.Kernel.PayObservation.advanceClock clock.clock command.tip) (Option.some command.tip) = Except.ok command.tip → (clockValid : Minidregg.Theory.CellState.ValidatedPatch Minidregg.Kernel.ClockCell.materializer clock.cell (Minidregg.Theory.CellState.Materialized.root clock.cell) (Minidregg.Kernel.ClockCell.tickPatch clock.clock (Minidregg.Kernel.PayObservation.advanceClock clock.clock command.tip))) → (decision : Minidregg.Kernel.PayEnrolV2Decision.Decision) → Minidregg.Kernel.PayEnrolV2Decision.decide pay.cell.logical authority.snapshot (Minidregg.Kernel.PayEnrolV2Receiver.pricingAt deployment profile ambient expectedSeed authority.snapshot memo) command.tip command.observation memo verified = Except.ok decision → (input : Minidregg.Kernel.PayEnrolV2Legs.Input) → Minidregg.Kernel.PayEnrolV2Receiver.economicInput pay.cell.logical authority.snapshot decision = Except.ok input → (legs : Minidregg.Kernel.PayEnrolV2Legs.Legs deployment profile ambient directory authority pay book tariff input) → Minidregg.Theory.PolicyInstall.Candidate (Minidregg.Kernel.PayEnrolReceiver.family deployment authority.snapshot pay.cell profile.semantics ambient command (Minidregg.Kernel.PayEnrolV2Receiver.patchOf command decision legs)) pay.cell (Minidregg.Kernel.PayEnrolV2Receiver.declarationOf command decision legs) () → Minidregg.Kernel.ReceivingLaw.judgeWrite (Minidregg.Kernel.PayObservationReceiver.laws deployment profile) Minidregg.Compiler.CanonicalCellRegistry.FamilyId.payEnrolV2 durable (clock.write clockValid.apply) (Option.some (Minidregg.Kernel.PayEnrolV2Receiver.clockStepOf deployment profile ambient command directory.directory authority.snapshot pay.cell clock.cell clock.clock (Minidregg.Kernel.PayEnrolV2Receiver.declarationOf command decision legs) clockValid)) = Option.none → Minidregg.Compiler.CanonicalCellRegistry.LoadedPolicySource authority.snapshot.domain directory.directory (authority.snapshot.authState.policyAddress { value := deployment.factoryId } (authority.snapshot.authState.policyRevision { value := deployment.factoryId })) → (dependencies : Minidregg.Compiler.WorldKindLawDependencies.Dependencies) → Minidregg.Compiler.WorldKindLawDependencies.loadTarget deployment directory.directory deployment.factoryId = Option.some dependencies → (lawGuards : List (ℕ × Minidregg.Theory.TypedAuthorization.Digest)) → Minidregg.Compiler.PhysicalLawResolution.readGuards authority.snapshot directory.directory profile.semantics deployment.factoryId dependencies.additional = Option.some lawGuards → Minidregg.Kernel.PayEnrolV2Receiver.Prepared deployment profile ambient durable command memo verified
