# Kernel.DeclaredResourceController: Objective contract manifest. Written by `scripts/check-objective-proofs.sh proofs --pin`;
# a removed or changed row needs a line in scripts/gates/objective-contract-changes.txt.
inductive	Minidregg.Kernel.DeclaredResourceController.AcceptedInvocation	a88a276a61d2a4b3a03006e2f2e6aea4c601619d2676217a51efc5ec646a3c2e	e5b9aa2d71234a3b121080ab1f15186149b9000a7c93367fd3f62d33d582db20	166b354db530f19e4bfb7dea895d9aef35a558ae73feba390ca2da28a9fb110e	3e6b3b90f2ce4f36		{F : Type} → [inst : Field F] → {deployment : Minidregg.Kernel.DeclaredResourceController.Deployment} → {profile : Minidregg.Compiler.CanonicalRuntimeProfile.Profile F} → {ambient : Minidregg.Kernel.DeclaredResourceController.Ambient} → {ground : Minidregg.Kernel.DeclaredResourceController.Ground deployment} → {command : Minidregg.Kernel.DeclaredResourceController.Command} → [DecidableEq F] → Minidregg.Kernel.DeclaredResourceController.PreparedInvocation deployment profile ambient ground command → Minidregg.Kernel.DeclaredResourceController.SignedCommand → Type
def	Minidregg.Kernel.DeclaredResourceController.AcceptedInvocation.apex	605c90fdeb84cf165ec1d474d8902097a68a90d05f03b8ff170154bf67513cc9	39296749e9b4daaa214f61a5be1f2cb71919556e1043f1ef79319be3e07de48a	9e33e8395bb8a4e13ebdceda02e7f91ebc22006d920f4102bf3d7ef318b10589	aa2cd4a56741ab6f	Classical.choice,Quot.sound,propext	{F : Type} → [inst : Field F] → {deployment : Minidregg.Kernel.DeclaredResourceController.Deployment} → {profile : Minidregg.Compiler.CanonicalRuntimeProfile.Profile F} → {ambient : Minidregg.Kernel.DeclaredResourceController.Ambient} → {ground : Minidregg.Kernel.DeclaredResourceController.Ground deployment} → {command : Minidregg.Kernel.DeclaredResourceController.Command} → [inst_1 : DecidableEq F] → {prepared : Minidregg.Kernel.DeclaredResourceController.PreparedInvocation deployment profile ambient ground command} → {signed : Minidregg.Kernel.DeclaredResourceController.SignedCommand} → Minidregg.Kernel.DeclaredResourceController.AcceptedInvocation prepared signed → Minidregg.Theory.TypedAuthorization.Digest
def	Minidregg.Kernel.DeclaredResourceController.AcceptedInvocation.audience	8792943c8632c88989ceec48afda2afa0403e8368a409259ec1a4eba2bfef50d	2ff3b24f7bc376bcd541ba6a92c6bd9374d4623c24db48036f0225fd975ee4ad	06dab2dc3c24ffba89cec8d6237d2f0909d400e1c80daad857d76a9303622325	a147ce3d05fc7298	Classical.choice,Quot.sound,propext	{F : Type} → [inst : Field F] → {deployment : Minidregg.Kernel.DeclaredResourceController.Deployment} → {profile : Minidregg.Compiler.CanonicalRuntimeProfile.Profile F} → {ambient : Minidregg.Kernel.DeclaredResourceController.Ambient} → {ground : Minidregg.Kernel.DeclaredResourceController.Ground deployment} → {command : Minidregg.Kernel.DeclaredResourceController.Command} → [inst_1 : DecidableEq F] → {prepared : Minidregg.Kernel.DeclaredResourceController.PreparedInvocation deployment profile ambient ground command} → {signed : Minidregg.Kernel.DeclaredResourceController.SignedCommand} → Minidregg.Kernel.DeclaredResourceController.AcceptedInvocation prepared signed → Minidregg.Kernel.DeclaredResourceController.AudienceChecks prepared
theorem	Minidregg.Kernel.DeclaredResourceController.AcceptedInvocation.audience_dependency_cas	26f2ede585157aea174a322429312b70335c5d0098ebf242a2732f34180057e8	47a7d444ad5cfc77b9b78ef0b766e4f160a67eff493256ec149d4fb952c5ba50	94c5b12f1c9550f294dcc280bae17edbdec7f3e519f456e752af310f9b4f251e	015a2070ea39ece7	Classical.choice,Quot.sound,propext	∀ {F : Type} [inst : Field F] {deployment : Minidregg.Kernel.DeclaredResourceController.Deployment} {profile : Minidregg.Compiler.CanonicalRuntimeProfile.Profile F} {ambient : Minidregg.Kernel.DeclaredResourceController.Ambient} {ground : Minidregg.Kernel.DeclaredResourceController.Ground deployment} {command : Minidregg.Kernel.DeclaredResourceController.Command} [inst_1 : DecidableEq F] {prepared : Minidregg.Kernel.DeclaredResourceController.PreparedInvocation deployment profile ambient ground command} {signed : Minidregg.Kernel.DeclaredResourceController.SignedCommand} (accepted : Minidregg.Kernel.DeclaredResourceController.AcceptedInvocation prepared signed), ∀ guard ∈ Minidregg.Kernel.DeclaredResourceController.audienceGuards accepted.audience.targets, guard ∈ accepted.readGuards ∨ ∃ write ∈ Minidregg.Kernel.DeclaredResourceController.writes prepared, guard.cellId = write.cellId ∧ guard.expectedRoot = write.expectedPre
theorem	Minidregg.Kernel.DeclaredResourceController.AcceptedInvocation.authority_post_exact	69caac90301056d8a7de4011d067bd3998ee636dde0c81d13b20934a95c25a52	1a31f5ea9378c130df2fd0c2de9d11b4f555c52e795f3fc293a9157a50e4f777	9b3c689b72b1f8a2a81753ac68ea8fd009b63b5183e018fce23960a4125bb88a	106d3455e1a857e5	Classical.choice,Quot.sound,propext	∀ {F : Type} [inst : Field F] {deployment : Minidregg.Kernel.DeclaredResourceController.Deployment} {profile : Minidregg.Compiler.CanonicalRuntimeProfile.Profile F} {ambient : Minidregg.Kernel.DeclaredResourceController.Ambient} {ground : Minidregg.Kernel.DeclaredResourceController.Ground deployment} {command : Minidregg.Kernel.DeclaredResourceController.Command} [inst_1 : DecidableEq F] {prepared : Minidregg.Kernel.DeclaredResourceController.PreparedInvocation deployment profile ambient ground command} {signed : Minidregg.Kernel.DeclaredResourceController.SignedCommand} (accepted : Minidregg.Kernel.DeclaredResourceController.AcceptedInvocation prepared signed), accepted.declaration.post accepted.legs Option.none = prepared.authorityPost
def	Minidregg.Kernel.DeclaredResourceController.AcceptedInvocation.checked	06cd199d03c977a86821a6836ef3e18ebc1467ce06667f3ae1a7e6f3826fa6c4	16859b6bf5074293c68127788cc0802352e0999c0266743ec5da9bc6cdd6468c	5d6519ef286a30d6da32d237267746cffc96f02934395293136acd7b6f132dfc	7ead9e54c4dd6069	Classical.choice,Quot.sound,propext	{F : Type} → [inst : Field F] → {deployment : Minidregg.Kernel.DeclaredResourceController.Deployment} → {profile : Minidregg.Compiler.CanonicalRuntimeProfile.Profile F} → {ambient : Minidregg.Kernel.DeclaredResourceController.Ambient} → {ground : Minidregg.Kernel.DeclaredResourceController.Ground deployment} → {command : Minidregg.Kernel.DeclaredResourceController.Command} → [inst_1 : DecidableEq F] → {prepared : Minidregg.Kernel.DeclaredResourceController.PreparedInvocation deployment profile ambient ground command} → {signed : Minidregg.Kernel.DeclaredResourceController.SignedCommand} → (self : Minidregg.Kernel.DeclaredResourceController.AcceptedInvocation prepared signed) → (incidence : Minidregg.Kernel.DeclaredResourceController.Incidence command) → Minidregg.Kernel.DeclaredResourceController.incidenceObserveOnly command incidence = Bool.false → Minidregg.Kernel.DeclaredResourceController.CheckedLeg prepared self.tuple incidence (signed.envelope command incidence)
def	Minidregg.Kernel.DeclaredResourceController.AcceptedInvocation.dataIntent	d4adf755e5728c30ad42d86c79f079ed7651483d3fd33b732b59ad10cf69407a	674f8716da7f571317ae95146b30addb7dce98db6705fe84e02884bf496b0071	e97501c07b460c6bad39b9cf96daba727ddd66d17ab8a5910154dbb82d3eb3b4	5fb5312c1cec3bef	Classical.choice,Quot.sound,propext	{F : Type} → [inst : Field F] → {deployment : Minidregg.Kernel.DeclaredResourceController.Deployment} → {profile : Minidregg.Compiler.CanonicalRuntimeProfile.Profile F} → {ambient : Minidregg.Kernel.DeclaredResourceController.Ambient} → {ground : Minidregg.Kernel.DeclaredResourceController.Ground deployment} → {command : Minidregg.Kernel.DeclaredResourceController.Command} → [inst_1 : DecidableEq F] → {prepared : Minidregg.Kernel.DeclaredResourceController.PreparedInvocation deployment profile ambient ground command} → {signed : Minidregg.Kernel.DeclaredResourceController.SignedCommand} → Minidregg.Kernel.DeclaredResourceController.AcceptedInvocation prepared signed → Minidregg.Kernel.DeclaredResourceController.PhysicalShape prepared → Minidregg.Kernel.DurableDataIntent.DataIntent Minidregg.Compiler.ResourceBirthCodec.rootBytes
theorem	Minidregg.Kernel.DeclaredResourceController.AcceptedInvocation.dataIntent_exact_charge	3ffd2c7642cac24cf7d8746c300a0e78685d959530b85503f150e88a24a0903e	99dd1cb072ed5a827c37d12016e01f804a7c5110ef1a52a92a743340870752a5	cdd8134c0c746059d0c5e624b9c6386ae5211f33f0a33fe5612de09277c4d2f4	159273d12c5e8583	Classical.choice,Quot.sound,propext	∀ {F : Type} [inst : Field F] {deployment : Minidregg.Kernel.DeclaredResourceController.Deployment} {profile : Minidregg.Compiler.CanonicalRuntimeProfile.Profile F} {ambient : Minidregg.Kernel.DeclaredResourceController.Ambient} {ground : Minidregg.Kernel.DeclaredResourceController.Ground deployment} {command : Minidregg.Kernel.DeclaredResourceController.Command} [inst_1 : DecidableEq F] {prepared : Minidregg.Kernel.DeclaredResourceController.PreparedInvocation deployment profile ambient ground command} {signed : Minidregg.Kernel.DeclaredResourceController.SignedCommand} (accepted : Minidregg.Kernel.DeclaredResourceController.AcceptedInvocation prepared signed) (shape : Minidregg.Kernel.DeclaredResourceController.PhysicalShape prepared), (accepted.dataIntent shape).exactCharge = accepted.sourceCharge
theorem	Minidregg.Kernel.DeclaredResourceController.AcceptedInvocation.dataIntent_original_exact	b550221c9d800f8934cc3bd8bd7d36f004c44046a64cff567a7af05b5c39df3a	8f14a556516c405bb4151980b2b60f5374adb652dd8cd6eea1cc27d3622db663	dedc420eb33a8189f66a4831053a99ae65f1cc6a2ac3c5a39559c167636b97b1	f95ab677d9413332	Classical.choice,Quot.sound,propext	∀ {F : Type} [inst : Field F] {deployment : Minidregg.Kernel.DeclaredResourceController.Deployment} {profile : Minidregg.Compiler.CanonicalRuntimeProfile.Profile F} {ambient : Minidregg.Kernel.DeclaredResourceController.Ambient} {ground : Minidregg.Kernel.DeclaredResourceController.Ground deployment} {command : Minidregg.Kernel.DeclaredResourceController.Command} [inst_1 : DecidableEq F] {prepared : Minidregg.Kernel.DeclaredResourceController.PreparedInvocation deployment profile ambient ground command} {signed : Minidregg.Kernel.DeclaredResourceController.SignedCommand} (accepted : Minidregg.Kernel.DeclaredResourceController.AcceptedInvocation prepared signed) (shape : Minidregg.Kernel.DeclaredResourceController.PhysicalShape prepared), accepted.dataIntent shape = { transactionId := Minidregg.Kernel.DeclaredResourceController.transactionId (Minidregg.Compiler.ServedBasis.Ground.authority ground).domain profile.semantics command, writes := Minidregg.Kernel.DeclaredResourceController.writes prepared, readGuards := accepted.readGuards, nullifiers := [Minidregg.Kernel.DeclaredResourceController.invocationNullifier (Minidregg.Compiler.ServedBasis.Ground.authority ground).domain (Minidregg.Kernel.DeclaredResourceController.operationMarker (Minidregg.Compiler.ServedBasis.Ground.authority ground).domain profile.semantics command)], exactCharge := accepted.sourceCharge, event := Minidregg.Kernel.DeclaredResourceController.invocationEvent (Minidregg.Compiler.ServedBasis.Ground.authority ground).domain profile.semantics command signed, subject := Option.some command.subject, postRootsBound := Minidregg.Kernel.DeclaredResourceController.writes_roots_bound prepared, guardsReadOnly := Minidregg.Kernel.DeclaredResourceController.AcceptedInvocation.readGuards_readonly accepted shape }
def	Minidregg.Kernel.DeclaredResourceController.AcceptedInvocation.declaration	d609d0edc94ef40e190e6a615541dda53dcb393b122a9b184764b66e67808d52	b684155cff8fd0679e120fbc393bdbc0ba2fe6716b69ea0ba8c827e381946c08	661600aa73a9e7f896170ee7c0a07d59540e5a0444f85f5500b06947ac754e32	69dd89f5e7f4a9a4	Classical.choice,Quot.sound,propext	{F : Type} → [inst : Field F] → {deployment : Minidregg.Kernel.DeclaredResourceController.Deployment} → {profile : Minidregg.Compiler.CanonicalRuntimeProfile.Profile F} → {ambient : Minidregg.Kernel.DeclaredResourceController.Ambient} → {ground : Minidregg.Kernel.DeclaredResourceController.Ground deployment} → {command : Minidregg.Kernel.DeclaredResourceController.Command} → [inst_1 : DecidableEq F] → {prepared : Minidregg.Kernel.DeclaredResourceController.PreparedInvocation deployment profile ambient ground command} → {signed : Minidregg.Kernel.DeclaredResourceController.SignedCommand} → (accepted : Minidregg.Kernel.DeclaredResourceController.AcceptedInvocation prepared signed) → Minidregg.Kernel.MultiCellHyperedge.Declaration ((Minidregg.Kernel.DeclaredResourceController.layout prepared).withPortals (Minidregg.Kernel.DeclaredResourceController.portals prepared accepted.tuple))
theorem	Minidregg.Kernel.DeclaredResourceController.AcceptedInvocation.envelopeCount	38f322e54d72517ef8a6bd0fdd3ebff950d7866b7619c33b3d10165cb822aef2	80ccdca57dd2e9223dc0231dd3f4801c8d2e8b64b0e80ad37457aec030653a1e	4296e5ae6abf39b5d46986765887f5255e35443b785f869b3c7548760759ad9f	b2cafdf3de509b9f	Classical.choice,Quot.sound,propext	∀ {F : Type} [inst : Field F] {deployment : Minidregg.Kernel.DeclaredResourceController.Deployment} {profile : Minidregg.Compiler.CanonicalRuntimeProfile.Profile F} {ambient : Minidregg.Kernel.DeclaredResourceController.Ambient} {ground : Minidregg.Kernel.DeclaredResourceController.Ground deployment} {command : Minidregg.Kernel.DeclaredResourceController.Command} [inst_1 : DecidableEq F] {prepared : Minidregg.Kernel.DeclaredResourceController.PreparedInvocation deployment profile ambient ground command} {signed : Minidregg.Kernel.DeclaredResourceController.SignedCommand} (self : Minidregg.Kernel.DeclaredResourceController.AcceptedInvocation prepared signed), signed.targetEnvelopes.length = command.targets.length
def	Minidregg.Kernel.DeclaredResourceController.AcceptedInvocation.evidence	7c34a21e1577bbb334cc439963462b66a36661fbfd2725e361814955c5a9e670	8609ea726581669c4b22de3d0edeb5b3ad411e761ba97bdd2d5e0a1e71edddf9	54de14b286ef945d11660a2b869fa6ec5cd46381920f87d7e31589eb45310c30	01aa5391eabdb507	Classical.choice,Quot.sound,propext	{F : Type} → [inst : Field F] → {deployment : Minidregg.Kernel.DeclaredResourceController.Deployment} → {profile : Minidregg.Compiler.CanonicalRuntimeProfile.Profile F} → {ambient : Minidregg.Kernel.DeclaredResourceController.Ambient} → {ground : Minidregg.Kernel.DeclaredResourceController.Ground deployment} → {command : Minidregg.Kernel.DeclaredResourceController.Command} → [inst_1 : DecidableEq F] → {prepared : Minidregg.Kernel.DeclaredResourceController.PreparedInvocation deployment profile ambient ground command} → {signed : Minidregg.Kernel.DeclaredResourceController.SignedCommand} → (accepted : Minidregg.Kernel.DeclaredResourceController.AcceptedInvocation prepared signed) → accepted.tuple.AdmissionEvidence (Minidregg.Kernel.DeclaredResourceController.portals prepared accepted.tuple)
def	Minidregg.Kernel.DeclaredResourceController.AcceptedInvocation.execution	0cff7dc19538138106a0199c75dce58de35ed50cbe7af4c90f2ddef11a377bd1	b99b26e875447f462545189de8248c2e826e136a0e6ec13f4f69aacce1d5018e	b87b7a1a566a23c673701777defa19a94073aa0c35e3c22cc04ccf24128addb4	f83f4a4bab0a86d2	Classical.choice,Quot.sound,propext	{F : Type} → [inst : Field F] → {deployment : Minidregg.Kernel.DeclaredResourceController.Deployment} → {profile : Minidregg.Compiler.CanonicalRuntimeProfile.Profile F} → {ambient : Minidregg.Kernel.DeclaredResourceController.Ambient} → {ground : Minidregg.Kernel.DeclaredResourceController.Ground deployment} → {command : Minidregg.Kernel.DeclaredResourceController.Command} → [inst_1 : DecidableEq F] → {prepared : Minidregg.Kernel.DeclaredResourceController.PreparedInvocation deployment profile ambient ground command} → {signed : Minidregg.Kernel.DeclaredResourceController.SignedCommand} → (self : Minidregg.Kernel.DeclaredResourceController.AcceptedInvocation prepared signed) → Option (Minidregg.Kernel.ObjectiveBendNativeAdmission.Admitted prepared (Minidregg.Kernel.DeclaredResourceController.signedBytes (Minidregg.Compiler.ServedBasis.Ground.authority ground).domain profile.semantics signed) (Minidregg.Kernel.DeclaredResourceController.writes prepared) (Minidregg.Kernel.DeclaredResourceController.completeAdmissionGuards prepared signed self.audience self.route))
theorem	Minidregg.Kernel.DeclaredResourceController.AcceptedInvocation.executionRequired	98ec77950b39b66fa5feaa33c4ab5ccd4d52b0918ef35580bdefa96939635def	709296a6579c72769a136585bcbb9e582e4e936ce0e921eee7e833da70fc63a6	c4e1b57919ecb5d7dee8f101f2704a96417eeb959bd68d3ce9a6ab5f11e70dc5	cb3fdd6fcf8f49a9	Classical.choice,Quot.sound,propext	∀ {F : Type} [inst : Field F] {deployment : Minidregg.Kernel.DeclaredResourceController.Deployment} {profile : Minidregg.Compiler.CanonicalRuntimeProfile.Profile F} {ambient : Minidregg.Kernel.DeclaredResourceController.Ambient} {ground : Minidregg.Kernel.DeclaredResourceController.Ground deployment} {command : Minidregg.Kernel.DeclaredResourceController.Command} [inst_1 : DecidableEq F] {prepared : Minidregg.Kernel.DeclaredResourceController.PreparedInvocation deployment profile ambient ground command} {signed : Minidregg.Kernel.DeclaredResourceController.SignedCommand} (self : Minidregg.Kernel.DeclaredResourceController.AcceptedInvocation prepared signed), Option.any (fun family => family.route == Minidregg.Compiler.NativeInvocationStatement.Route.objectiveMethod) command.family = Bool.true → self.execution.isSome = Bool.true
theorem	Minidregg.Kernel.DeclaredResourceController.AcceptedInvocation.incidence_authorized	9b9b65c5f02eade74e77d47404861a3519c23e7be7b71ca588ca4045d68622bf	b481c8409ea468dc651784eb8ab776ea35d9dc8f868cf6b1e96e635344bbb4d2	d1f33b30f521a852d37bff3878747574f3e513a6d5807d018e12db1db8d6a476	b810dcadc90eb47c	Classical.choice,Quot.sound,propext	∀ {F : Type} [inst : Field F] {deployment : Minidregg.Kernel.DeclaredResourceController.Deployment} {profile : Minidregg.Compiler.CanonicalRuntimeProfile.Profile F} {ambient : Minidregg.Kernel.DeclaredResourceController.Ambient} {ground : Minidregg.Kernel.DeclaredResourceController.Ground deployment} {command : Minidregg.Kernel.DeclaredResourceController.Command} [inst_1 : DecidableEq F] {prepared : Minidregg.Kernel.DeclaredResourceController.PreparedInvocation deployment profile ambient ground command} {signed : Minidregg.Kernel.DeclaredResourceController.SignedCommand} (accepted : Minidregg.Kernel.DeclaredResourceController.AcceptedInvocation prepared signed), (∀ (incidence : Minidregg.Kernel.DeclaredResourceController.Incidence command), Minidregg.Kernel.DeclaredResourceController.incidenceObserveOnly command incidence = Bool.false → Nonempty (Minidregg.Kernel.DeclaredResourceController.CheckedLeg prepared accepted.tuple incidence (signed.envelope command incidence))) ∧ ∀ (i : Minidregg.Kernel.DeclaredResourceController.TargetIndex command), command.targets[i].observeOnly = Bool.true → Nonempty (Minidregg.Kernel.DeclaredResourceController.ReadLeg prepared i (signed.observeEnvelopes[↑i]?.getD [])) ∧ signed.envelope command (Option.some i) = []
theorem	Minidregg.Kernel.DeclaredResourceController.AcceptedInvocation.ingressExact	074dc63044a7fb21748065bdf84cd18a9f26dff1744859673b0c6e835e63cca4	7cc58e4a2c5e8ed47dfa8ed28f38638339fc3a8dfd8e7700f11b8b7855020f67	48be1f7334108282b6751f0557852d510f35c6a0c552995f30a668fa2e37ba29	7244cf0601271838	Classical.choice,Quot.sound,propext	∀ {F : Type} [inst : Field F] {deployment : Minidregg.Kernel.DeclaredResourceController.Deployment} {profile : Minidregg.Compiler.CanonicalRuntimeProfile.Profile F} {ambient : Minidregg.Kernel.DeclaredResourceController.Ambient} {ground : Minidregg.Kernel.DeclaredResourceController.Ground deployment} {command : Minidregg.Kernel.DeclaredResourceController.Command} [inst_1 : DecidableEq F] {prepared : Minidregg.Kernel.DeclaredResourceController.PreparedInvocation deployment profile ambient ground command} {signed : Minidregg.Kernel.DeclaredResourceController.SignedCommand} (self : Minidregg.Kernel.DeclaredResourceController.AcceptedInvocation prepared signed), Minidregg.Kernel.DeclaredResourceController.commandCodec.encode command = signed.commandBytes
def	Minidregg.Kernel.DeclaredResourceController.AcceptedInvocation.legs	d6f81a7d3b724237b5ade18e0d52b511e744d4c90014131afcc2e6b9fde964b7	238b55f8d79ae38697fe833029b4a3b0f2b87747215cf9ba1690ca7b23133cb8	e54ddb6f6bbfd6e5a5988ac5525ce063274e9094928d0ee70bd360ed4775ecbd	d5cf4ccec71a43aa	Classical.choice,Quot.sound,propext	{F : Type} → [inst : Field F] → {deployment : Minidregg.Kernel.DeclaredResourceController.Deployment} → {profile : Minidregg.Compiler.CanonicalRuntimeProfile.Profile F} → {ambient : Minidregg.Kernel.DeclaredResourceController.Ambient} → {ground : Minidregg.Kernel.DeclaredResourceController.Ground deployment} → {command : Minidregg.Kernel.DeclaredResourceController.Command} → [inst_1 : DecidableEq F] → {prepared : Minidregg.Kernel.DeclaredResourceController.PreparedInvocation deployment profile ambient ground command} → {signed : Minidregg.Kernel.DeclaredResourceController.SignedCommand} → (accepted : Minidregg.Kernel.DeclaredResourceController.AcceptedInvocation prepared signed) → accepted.declaration.AcceptedLegs
theorem	Minidregg.Kernel.DeclaredResourceController.AcceptedInvocation.native_ingress_exact	9f39c76fd1b32f4d230be268ff046b2097d128d5ca04c42dfb7e802821c04d1f	47a5feaa0ed0631d86a4e06914d5e211fbaaced202aec490ad556827c2834de7	2f46de6888679327c543e15924293bb453b6d3a4c8f020557e3d7695ee40cd2a	dfb853d1b54e94a0	Classical.choice,Quot.sound,propext	∀ {F : Type} [inst : Field F] {deployment : Minidregg.Kernel.DeclaredResourceController.Deployment} {profile : Minidregg.Compiler.CanonicalRuntimeProfile.Profile F} {ambient : Minidregg.Kernel.DeclaredResourceController.Ambient} {ground : Minidregg.Kernel.DeclaredResourceController.Ground deployment} {command : Minidregg.Kernel.DeclaredResourceController.Command} [inst_1 : DecidableEq F] {prepared : Minidregg.Kernel.DeclaredResourceController.PreparedInvocation deployment profile ambient ground command} {signed : Minidregg.Kernel.DeclaredResourceController.SignedCommand} (accepted : Minidregg.Kernel.DeclaredResourceController.AcceptedInvocation prepared signed) (incidence : Minidregg.Kernel.DeclaredResourceController.Incidence command) (written : Minidregg.Kernel.DeclaredResourceController.incidenceObserveOnly command incidence = Bool.false), (accepted.checked incidence written).receipt.envelopeBytes = signed.envelope command incidence
theorem	Minidregg.Kernel.DeclaredResourceController.AcceptedInvocation.objective_artifact_slot_sound	ea77f2a3a7dade7eb11e865d7fe11cc1abaca705fdbae6452973e6c2f0b67684	1164d570b027c8f75ca7bddb1572f9a029ac21006e2f7643b5d629d731b38319	7a9a77fdb4f54f9c324883c0e402fb56eb1c2ef9f032b99fdf41f53c2f60c8c2	0e71e98e293e34a4	Classical.choice,Quot.sound,propext	∀ {F : Type} [inst : Field F] {deployment : Minidregg.Kernel.DeclaredResourceController.Deployment} {profile : Minidregg.Compiler.CanonicalRuntimeProfile.Profile F} {ambient : Minidregg.Kernel.DeclaredResourceController.Ambient} {ground : Minidregg.Kernel.DeclaredResourceController.Ground deployment} {command : Minidregg.Kernel.DeclaredResourceController.Command} [inst_1 : DecidableEq F] {prepared : Minidregg.Kernel.DeclaredResourceController.PreparedInvocation deployment profile ambient ground command} {signed : Minidregg.Kernel.DeclaredResourceController.SignedCommand} (accepted : Minidregg.Kernel.DeclaredResourceController.AcceptedInvocation prepared signed) {claim : Minidregg.Compiler.ObjectiveInvocationClaim.Claim}, command.objectiveClaim = Except.ok (Option.some claim) → (∀ (primary : Minidregg.Kernel.DeclaredResourceController.Incidence command) (source : Minidregg.Kernel.DeclaredResourceController.Source command) (logical : (incidence : Minidregg.Kernel.DeclaredResourceController.Incidence command) → Minidregg.Theory.Store.Store ((Minidregg.Kernel.DeclaredResourceController.layout prepared).storeLayout incidence)), (Minidregg.Kernel.DeclaredResourceController.project prepared primary source logical).get Minidregg.Pred.objectiveArtifactSlot = Option.some (Int.ofNat claim.sourceAtom.value)) ∧ ∃ admitted, accepted.execution = Option.some admitted ∧ admitted.claim = claim ∧ Minidregg.Compiler.ObjectiveBendSourceArtifact.identity admitted.core.source.loaded.artifact = claim.sourceAtom ∧ admitted.result.sourceArtifact = claim.sourceAtom
def	Minidregg.Kernel.DeclaredResourceController.AcceptedInvocation.observations	0ac12c88dfe10e120a89f44a053ca14f5c0505d26e40eb9892366f0d40338924	64ee552138ba2832f2afa36146cf6bcccd872cea9009d474614419cd6f992d76	60202a712d1da28875040065c7ac2a013ea86e20b8bec1bc0993ea5b9647dd31	b5b2e38e64bf78d8	Classical.choice,Quot.sound,propext	{F : Type} → [inst : Field F] → {deployment : Minidregg.Kernel.DeclaredResourceController.Deployment} → {profile : Minidregg.Compiler.CanonicalRuntimeProfile.Profile F} → {ambient : Minidregg.Kernel.DeclaredResourceController.Ambient} → {ground : Minidregg.Kernel.DeclaredResourceController.Ground deployment} → {command : Minidregg.Kernel.DeclaredResourceController.Command} → [inst_1 : DecidableEq F] → {prepared : Minidregg.Kernel.DeclaredResourceController.PreparedInvocation deployment profile ambient ground command} → {signed : Minidregg.Kernel.DeclaredResourceController.SignedCommand} → Minidregg.Kernel.DeclaredResourceController.AcceptedInvocation prepared signed → command.requiresObservation = Bool.true → (i : Minidregg.Kernel.DeclaredResourceController.TargetIndex command) → Minidregg.Kernel.DeclaredResourceController.ReadLeg prepared i (signed.observeEnvelopes[↑i]?.getD [])
theorem	Minidregg.Kernel.DeclaredResourceController.AcceptedInvocation.observeCount	8a65e7a0aae8eafd96c2713b3b45f0fcb41396f39f0c1575cea653915f53e177	70e33ea25487d8894a18e1e5dc731e9060846bec09b6820e1dd44cd0eb7fefbf	52d2ce05d51ace63d7f23b0ebc5aab04e39d4ea73ae514ec8e2728b8f8f6d9d7	c969fd2b0c977896	Classical.choice,Quot.sound,propext	∀ {F : Type} [inst : Field F] {deployment : Minidregg.Kernel.DeclaredResourceController.Deployment} {profile : Minidregg.Compiler.CanonicalRuntimeProfile.Profile F} {ambient : Minidregg.Kernel.DeclaredResourceController.Ambient} {ground : Minidregg.Kernel.DeclaredResourceController.Ground deployment} {command : Minidregg.Kernel.DeclaredResourceController.Command} [inst_1 : DecidableEq F] {prepared : Minidregg.Kernel.DeclaredResourceController.PreparedInvocation deployment profile ambient ground command} {signed : Minidregg.Kernel.DeclaredResourceController.SignedCommand} (self : Minidregg.Kernel.DeclaredResourceController.AcceptedInvocation prepared signed), signed.observeEnvelopes.length = if command.requiresObservation = Bool.true then command.targets.length else 0
theorem	Minidregg.Kernel.DeclaredResourceController.AcceptedInvocation.policy_view_exact	6cae9f6e3b865020af4be6a290af7a586b01c1a862f3a508fa725946b2d5d024	24b2da1ad437683b5e0a7124b2893fe44a438a1f3ba703a37ac5557ba11ca773	f811e115d41cbc0cc75fab3df9b106e15d5a5b2f526b1f7aac87062cf034e6cb	fbd8265b018aaa4f	Classical.choice,Quot.sound,propext	∀ {F : Type} [inst : Field F] {deployment : Minidregg.Kernel.DeclaredResourceController.Deployment} {profile : Minidregg.Compiler.CanonicalRuntimeProfile.Profile F} {ambient : Minidregg.Kernel.DeclaredResourceController.Ambient} {ground : Minidregg.Kernel.DeclaredResourceController.Ground deployment} {command : Minidregg.Kernel.DeclaredResourceController.Command} [inst_1 : DecidableEq F] {prepared : Minidregg.Kernel.DeclaredResourceController.PreparedInvocation deployment profile ambient ground command} {signed : Minidregg.Kernel.DeclaredResourceController.SignedCommand} (accepted : Minidregg.Kernel.DeclaredResourceController.AcceptedInvocation prepared signed) (primary : Minidregg.Kernel.DeclaredResourceController.Incidence command), (Minidregg.Kernel.DeclaredResourceController.project prepared primary accepted.tuple.source fun incidence => (accepted.declaration.post accepted.legs incidence).logical) = Minidregg.Kernel.DeclaredResourceController.project prepared primary accepted.tuple.source accepted.tuple.logicalPost
theorem	Minidregg.Kernel.DeclaredResourceController.AcceptedInvocation.post_exact	b07fbe2c5641476a5479e5ec0c06386415ca84e7267d9d85c56e3bdd10c85c0a	41266b78b6d803c8136dbf7cf8c631cc71d0c993a1f61f24aee8aa9422836b63	e0279fbd7c7984a6ecd8c063b45fd7e31d032e9b53d6637672aa71799b339759	bd988c535374fcb8	Classical.choice,Quot.sound,propext	∀ {F : Type} [inst : Field F] {deployment : Minidregg.Kernel.DeclaredResourceController.Deployment} {profile : Minidregg.Compiler.CanonicalRuntimeProfile.Profile F} {ambient : Minidregg.Kernel.DeclaredResourceController.Ambient} {ground : Minidregg.Kernel.DeclaredResourceController.Ground deployment} {command : Minidregg.Kernel.DeclaredResourceController.Command} [inst_1 : DecidableEq F] {prepared : Minidregg.Kernel.DeclaredResourceController.PreparedInvocation deployment profile ambient ground command} {signed : Minidregg.Kernel.DeclaredResourceController.SignedCommand} (accepted : Minidregg.Kernel.DeclaredResourceController.AcceptedInvocation prepared signed) (incidence : Minidregg.Kernel.DeclaredResourceController.Incidence command), accepted.declaration.post accepted.legs incidence = (Minidregg.Kernel.DeclaredResourceController.validated prepared incidence).apply
theorem	Minidregg.Kernel.DeclaredResourceController.AcceptedInvocation.readEnvelopes	9f390a8906414149b3e02913a572eeb0549f9b6b3ec5f9bae028a19e2864ab94	1ed5be9529ad0b10e9aec27786b0a3eb14b9eaf051c9f2b6558dd2ea8b0fbe91	d15bf31e5fade0709659902b12e63c5df2c1cd455e37f929db9ec6e5b694919f	fe71b0bbdfe92842	Classical.choice,Quot.sound,propext	∀ {F : Type} [inst : Field F] {deployment : Minidregg.Kernel.DeclaredResourceController.Deployment} {profile : Minidregg.Compiler.CanonicalRuntimeProfile.Profile F} {ambient : Minidregg.Kernel.DeclaredResourceController.Ambient} {ground : Minidregg.Kernel.DeclaredResourceController.Ground deployment} {command : Minidregg.Kernel.DeclaredResourceController.Command} [inst_1 : DecidableEq F] {prepared : Minidregg.Kernel.DeclaredResourceController.PreparedInvocation deployment profile ambient ground command} {signed : Minidregg.Kernel.DeclaredResourceController.SignedCommand} (self : Minidregg.Kernel.DeclaredResourceController.AcceptedInvocation prepared signed), Minidregg.Kernel.DeclaredResourceController.ReadEnvelopesEmpty command signed
def	Minidregg.Kernel.DeclaredResourceController.AcceptedInvocation.readGuards	210f59e26beb1d6d6b196bcd0a408320d3f50c095f8dc16c67e84aae74101c65	8c512a664b53dc83ac2fb9dec100c0b4384579eb331e5bccdbe0b9cdf0a0493d	176a85abd1051b1d4f8822e0cfcecb7cda0178566a2733a2f45195f49e415e99	e24c5e1806340d31	Classical.choice,Quot.sound,propext	{F : Type} → [inst : Field F] → {deployment : Minidregg.Kernel.DeclaredResourceController.Deployment} → {profile : Minidregg.Compiler.CanonicalRuntimeProfile.Profile F} → {ambient : Minidregg.Kernel.DeclaredResourceController.Ambient} → {ground : Minidregg.Kernel.DeclaredResourceController.Ground deployment} → {command : Minidregg.Kernel.DeclaredResourceController.Command} → [inst_1 : DecidableEq F] → {prepared : Minidregg.Kernel.DeclaredResourceController.PreparedInvocation deployment profile ambient ground command} → {signed : Minidregg.Kernel.DeclaredResourceController.SignedCommand} → Minidregg.Kernel.DeclaredResourceController.AcceptedInvocation prepared signed → List Minidregg.Kernel.DurableDataIntent.ReadGuard
theorem	Minidregg.Kernel.DeclaredResourceController.AcceptedInvocation.readGuards_readonly	1e2b6decf868190dad9be2e622572dfec8e3acf121eafffe8fb6dfdb027f2ae5	8a2287c983f9b555e3bcd022536c042ba9e09cebeec2b007fecf984cb2681799	0b4265850b8a4ed99855229039aadd42e47016a71b9771e5d40abe1e74d231c1	5e0df0c72e058738	Classical.choice,Quot.sound,propext	∀ {F : Type} [inst : Field F] {deployment : Minidregg.Kernel.DeclaredResourceController.Deployment} {profile : Minidregg.Compiler.CanonicalRuntimeProfile.Profile F} {ambient : Minidregg.Kernel.DeclaredResourceController.Ambient} {ground : Minidregg.Kernel.DeclaredResourceController.Ground deployment} {command : Minidregg.Kernel.DeclaredResourceController.Command} [inst_1 : DecidableEq F] {prepared : Minidregg.Kernel.DeclaredResourceController.PreparedInvocation deployment profile ambient ground command} {signed : Minidregg.Kernel.DeclaredResourceController.SignedCommand} (accepted : Minidregg.Kernel.DeclaredResourceController.AcceptedInvocation prepared signed), Minidregg.Kernel.DeclaredResourceController.PhysicalShape prepared → ∀ guard ∈ accepted.readGuards, guard.cellId ∉ List.map Minidregg.Kernel.DurableDataIntent.DataWrite.cellId (Minidregg.Kernel.DeclaredResourceController.writes prepared)
theorem	Minidregg.Kernel.DeclaredResourceController.AcceptedInvocation.readGuards_roots	82002a2516635fe018789726501aeb29f2957d9e95b2704bd3c995c7b2c58cbc	5b281a11cc38044e91bedd37e2e5950c1822bcd063f0a87726a299eb6c771c69	01d5acf78c7e3bf0d28e17a956606aa0c5c8062057d74ad1d4c309504e6539ec	87fe1f422a9a4745	Classical.choice,Quot.sound,propext	∀ {F : Type} [inst : Field F] {deployment : Minidregg.Kernel.DeclaredResourceController.Deployment} {profile : Minidregg.Compiler.CanonicalRuntimeProfile.Profile F} {ambient : Minidregg.Kernel.DeclaredResourceController.Ambient} {ground : Minidregg.Kernel.DeclaredResourceController.Ground deployment} {command : Minidregg.Kernel.DeclaredResourceController.Command} [inst_1 : DecidableEq F] {prepared : Minidregg.Kernel.DeclaredResourceController.PreparedInvocation deployment profile ambient ground command} {signed : Minidregg.Kernel.DeclaredResourceController.SignedCommand} (accepted : Minidregg.Kernel.DeclaredResourceController.AcceptedInvocation prepared signed), Minidregg.Kernel.DeclaredResourceController.PhysicalShape prepared → ∀ guard ∈ accepted.readGuards, guard.expectedRoot = (Minidregg.Compiler.ServedBasis.Ground.view ground).model.roots guard.cellId
def	Minidregg.Kernel.DeclaredResourceController.AcceptedInvocation.readLeg	267ae5f7fa0bdfe4a0dcc7c1e2d449fcfb355c4049b8d7969266dd313aea4c1b	6612f00342f9d3446b5ad618dc60a26e1302b0bccfc62e2ac25ab75ba3e66dc3	ade7026d5fe0fca8d7bfea2445961177636cee6ef27127756acfad4575608d4c	8e3fce9c0349257a	Classical.choice,Quot.sound,propext	{F : Type} → [inst : Field F] → {deployment : Minidregg.Kernel.DeclaredResourceController.Deployment} → {profile : Minidregg.Compiler.CanonicalRuntimeProfile.Profile F} → {ambient : Minidregg.Kernel.DeclaredResourceController.Ambient} → {ground : Minidregg.Kernel.DeclaredResourceController.Ground deployment} → {command : Minidregg.Kernel.DeclaredResourceController.Command} → [inst_1 : DecidableEq F] → {prepared : Minidregg.Kernel.DeclaredResourceController.PreparedInvocation deployment profile ambient ground command} → {signed : Minidregg.Kernel.DeclaredResourceController.SignedCommand} → Minidregg.Kernel.DeclaredResourceController.AcceptedInvocation prepared signed → (i : Minidregg.Kernel.DeclaredResourceController.TargetIndex command) → command.targets[i].observeOnly = Bool.true → Minidregg.Kernel.DeclaredResourceController.ReadLeg prepared i (signed.observeEnvelopes[↑i]?.getD [])
theorem	Minidregg.Kernel.DeclaredResourceController.AcceptedInvocation.read_target_authorized_by_readLeg_only	377d93d48d25004ee337e02d7471b5437747ce3cee089089725b24ad1ca525b3	ed20d682226c1af383d7bac36102d4b271b3153793211a9007cf3536ab947e54	53c4b963651e7ab5c2e594dec46d5ecc65cc82528492b1772376fb492f9eac25	2edf9318c0a093e7	Classical.choice,Quot.sound,propext	∀ {F : Type} [inst : Field F] {deployment : Minidregg.Kernel.DeclaredResourceController.Deployment} {profile : Minidregg.Compiler.CanonicalRuntimeProfile.Profile F} {ambient : Minidregg.Kernel.DeclaredResourceController.Ambient} {ground : Minidregg.Kernel.DeclaredResourceController.Ground deployment} {command : Minidregg.Kernel.DeclaredResourceController.Command} [inst_1 : DecidableEq F] {prepared : Minidregg.Kernel.DeclaredResourceController.PreparedInvocation deployment profile ambient ground command} {signed : Minidregg.Kernel.DeclaredResourceController.SignedCommand} (accepted : Minidregg.Kernel.DeclaredResourceController.AcceptedInvocation prepared signed) (i : Minidregg.Kernel.DeclaredResourceController.TargetIndex command) (read : command.targets[i].observeOnly = Bool.true), (accepted.declaration.post accepted.legs (Option.some i)).logical = (prepared.targets i).pre.logical ∧ accepted.evidence.authorizations (Option.some i) ≍ (accepted.readLeg i read).checked.authorization ∧ Minidregg.Kernel.DeclaredResourceController.incidenceObserveOnly command (Option.some i) = Bool.true
def	Minidregg.Kernel.DeclaredResourceController.AcceptedInvocation.receipt	aaea2376b354fe396caf6d748587255c3e63c0f6a00a85a681fcac19616ed655	3c884b3bbd1162bdc350ef6c73e5ce1792baa5069a5f93fc706cf04785a89f22	82280ae8e00bb34058887a6eaeaa55d99a76c3912efe63f6ac7febcc9d5ac01f	c5155796919b6dd1	Classical.choice,Quot.sound,propext	{F : Type} → [inst : Field F] → {deployment : Minidregg.Kernel.DeclaredResourceController.Deployment} → {profile : Minidregg.Compiler.CanonicalRuntimeProfile.Profile F} → {ambient : Minidregg.Kernel.DeclaredResourceController.Ambient} → {ground : Minidregg.Kernel.DeclaredResourceController.Ground deployment} → {command : Minidregg.Kernel.DeclaredResourceController.Command} → [inst_1 : DecidableEq F] → {prepared : Minidregg.Kernel.DeclaredResourceController.PreparedInvocation deployment profile ambient ground command} → {signed : Minidregg.Kernel.DeclaredResourceController.SignedCommand} → Minidregg.Kernel.DeclaredResourceController.AcceptedInvocation prepared signed → Minidregg.Kernel.DeclaredResourceController.Incidence command → Minidregg.Compiler.CredentialSignatureAdmission.CheckedSignature (Minidregg.Compiler.ServedBasis.Ground.authority ground)
def	Minidregg.Kernel.DeclaredResourceController.AcceptedInvocation.route	28463d565071369c3eac91547b7b4bc4f96132989a30c2de2612e9f47821052c	c9acda80ed4d4a25e1f0c3c6eae66f8df498c386c72eef1b29603f1706048808	4469246fc3ec6f321c4be61e4ee7464539e6e5b3368dbb2e9c952727cfd7a0f5	964dce57cdc31852	Classical.choice,Quot.sound,propext	{F : Type} → [inst : Field F] → {deployment : Minidregg.Kernel.DeclaredResourceController.Deployment} → {profile : Minidregg.Compiler.CanonicalRuntimeProfile.Profile F} → {ambient : Minidregg.Kernel.DeclaredResourceController.Ambient} → {ground : Minidregg.Kernel.DeclaredResourceController.Ground deployment} → {command : Minidregg.Kernel.DeclaredResourceController.Command} → [inst_1 : DecidableEq F] → {prepared : Minidregg.Kernel.DeclaredResourceController.PreparedInvocation deployment profile ambient ground command} → {signed : Minidregg.Kernel.DeclaredResourceController.SignedCommand} → Minidregg.Kernel.DeclaredResourceController.AcceptedInvocation prepared signed → Minidregg.Kernel.DeclaredResourceController.InvocationRouteAdmission prepared signed
def	Minidregg.Kernel.DeclaredResourceController.AcceptedInvocation.sourceCharge	6972941c418b8ed04b7618dfd07432628c1748d201b339469018a939cffbfabd	8089bc5ee95d8450946c4a914566c57c75c91989be9390e5205a40f424be214e	ac37bb22b51707df71bd5ac665807cff140e04b6cb448650e2746937d9190aee	3d6324b66995dec0	Classical.choice,Quot.sound,propext	{F : Type} → [inst : Field F] → {deployment : Minidregg.Kernel.DeclaredResourceController.Deployment} → {profile : Minidregg.Compiler.CanonicalRuntimeProfile.Profile F} → {ambient : Minidregg.Kernel.DeclaredResourceController.Ambient} → {ground : Minidregg.Kernel.DeclaredResourceController.Ground deployment} → {command : Minidregg.Kernel.DeclaredResourceController.Command} → [inst_1 : DecidableEq F] → {prepared : Minidregg.Kernel.DeclaredResourceController.PreparedInvocation deployment profile ambient ground command} → {signed : Minidregg.Kernel.DeclaredResourceController.SignedCommand} → Minidregg.Kernel.DeclaredResourceController.AcceptedInvocation prepared signed → Minidregg.Theory.ResourceCost.Charge
theorem	Minidregg.Kernel.DeclaredResourceController.AcceptedInvocation.storage_charge_is_written_bytes	b0145764d41a4576dfdbe121283c2a8228ed2be663238c9f3c17261ddfcdef70	d37fb6881fc75466c3db9e0de626fd1a0600a2ba6f99ba640a49cb560e95fc84	bf453df7981240b70dccf00b82b97b5b483e8f3e0acf717b13030c6ab98aabd3	173ef6080266fca6	Classical.choice,Quot.sound,propext	∀ {F : Type} [inst : Field F] {deployment : Minidregg.Kernel.DeclaredResourceController.Deployment} {profile : Minidregg.Compiler.CanonicalRuntimeProfile.Profile F} {ambient : Minidregg.Kernel.DeclaredResourceController.Ambient} {ground : Minidregg.Kernel.DeclaredResourceController.Ground deployment} {command : Minidregg.Kernel.DeclaredResourceController.Command} [inst_1 : DecidableEq F] {prepared : Minidregg.Kernel.DeclaredResourceController.PreparedInvocation deployment profile ambient ground command} {signed : Minidregg.Kernel.DeclaredResourceController.SignedCommand} (accepted : Minidregg.Kernel.DeclaredResourceController.AcceptedInvocation prepared signed) (shape : Minidregg.Kernel.DeclaredResourceController.PhysicalShape prepared), command.objectiveClaim = Except.ok Option.none → (accepted.dataIntent shape).exactCharge Minidregg.Theory.ResourceCost.Lane.storageBytes = (List.map (fun write => write.canonicalPostBytes.length) (accepted.dataIntent shape).writes).sum ∧ (accepted.dataIntent shape).writes = List.filterMap (fun i => if command.targets[i].isRead = Bool.true then Option.none else Option.some (Minidregg.Kernel.DeclaredResourceController.targetWrite prepared i)) (List.finRange command.targets.length) ++ Minidregg.Kernel.DeclaredResourceController.entryWrites prepared ++ Minidregg.Kernel.DeclaredResourceController.computeWrites prepared
def	Minidregg.Kernel.DeclaredResourceController.AcceptedInvocation.tuple	a2ad5c72b6ee95721a08f46d187fd608adc22bed458ec90645cf52ae7fcd3a4e	824908f0e776cd715c7226a4d6abb6706b60af7efe8a71e6a3f910ba5e895f2c	3eda25178f3caf71b516b20e2be524d2702fae902918b11084f3723f771cd0d5	27f148367ec54e16	Classical.choice,Quot.sound,propext	{F : Type} → [inst : Field F] → {deployment : Minidregg.Kernel.DeclaredResourceController.Deployment} → {profile : Minidregg.Compiler.CanonicalRuntimeProfile.Profile F} → {ambient : Minidregg.Kernel.DeclaredResourceController.Ambient} → {ground : Minidregg.Kernel.DeclaredResourceController.Ground deployment} → {command : Minidregg.Kernel.DeclaredResourceController.Command} → [inst_1 : DecidableEq F] → {prepared : Minidregg.Kernel.DeclaredResourceController.PreparedInvocation deployment profile ambient ground command} → {signed : Minidregg.Kernel.DeclaredResourceController.SignedCommand} → Minidregg.Kernel.DeclaredResourceController.AcceptedInvocation prepared signed → Minidregg.Kernel.MultiCellHyperedge.PreparedTuple (Minidregg.Kernel.DeclaredResourceController.plan prepared)
inductive	Minidregg.Kernel.DeclaredResourceController.AudienceChecks	1c32bb84a97c98e3641c0a4868617e0779e11880f08660bded52b8709bc0cc92	c861e8f209826e9e4b94ec5b8d38cf7f4a2d875dca6f71dd3cc115b6a5b66599	7981a8d9f6e4391363d0f685aaf486e6253034ef0b2e67704b9c7f6429f430df	95e67851598bccaa		{F : Type} → [inst : Field F] → {deployment : Minidregg.Kernel.DeclaredResourceController.Deployment} → {profile : Minidregg.Compiler.CanonicalRuntimeProfile.Profile F} → {ambient : Minidregg.Kernel.DeclaredResourceController.Ambient} → {ground : Minidregg.Kernel.DeclaredResourceController.Ground deployment} → {command : Minidregg.Kernel.DeclaredResourceController.Command} → [DecidableEq F] → Minidregg.Kernel.DeclaredResourceController.PreparedInvocation deployment profile ambient ground command → Type
theorem	Minidregg.Kernel.DeclaredResourceController.AudienceChecks.catalogReadOnly	a8cb55dbd4465c63cfc6e7f5d431abd2541fba3a849f2f438b210404b4b125b7	98cccca41384746bda94895ec391cdb9a805c00e3fbbe60a9253ff7f878d6d17	05a9ef559047c971005cf1ca835efbca041d7ededb4072fc4f99eceafd3e7166	f6bdae1387196c94	Classical.choice,Quot.sound,propext	∀ {F : Type} [inst : Field F] {deployment : Minidregg.Kernel.DeclaredResourceController.Deployment} {profile : Minidregg.Compiler.CanonicalRuntimeProfile.Profile F} {ambient : Minidregg.Kernel.DeclaredResourceController.Ambient} {ground : Minidregg.Kernel.DeclaredResourceController.Ground deployment} {command : Minidregg.Kernel.DeclaredResourceController.Command} [inst_1 : DecidableEq F] {prepared : Minidregg.Kernel.DeclaredResourceController.PreparedInvocation deployment profile ambient ground command} (self : Minidregg.Kernel.DeclaredResourceController.AudienceChecks prepared) (i : Minidregg.Kernel.DeclaredResourceController.TargetIndex command), ∀ source ∈ (self.targets i).deviceSources, source ∉ List.map Minidregg.Kernel.DurableDataIntent.DataWrite.cellId (Minidregg.Kernel.DeclaredResourceController.writes prepared)
ctor	Minidregg.Kernel.DeclaredResourceController.AudienceChecks.mk	4c708b8769c52cda9c90a197ec823e43d2b36d7d347d7d52c4dbb2700b37fc23	1cd1aed2dfd4273b56164f4ca4f1e1414583e3c149b99c356f50dd0974430de9	47311ec352096518b6e9153a09b5908d7bdb166082ee69c4f35d7ee2326e9bcf	160ec9335e26ae35		{F : Type} → [inst : Field F] → {deployment : Minidregg.Kernel.DeclaredResourceController.Deployment} → {profile : Minidregg.Compiler.CanonicalRuntimeProfile.Profile F} → {ambient : Minidregg.Kernel.DeclaredResourceController.Ambient} → {ground : Minidregg.Kernel.DeclaredResourceController.Ground deployment} → {command : Minidregg.Kernel.DeclaredResourceController.Command} → [inst_1 : DecidableEq F] → {prepared : Minidregg.Kernel.DeclaredResourceController.PreparedInvocation deployment profile ambient ground command} → (targets : (i : Minidregg.Kernel.DeclaredResourceController.TargetIndex command) → Minidregg.Kernel.DeclaredResourceController.TargetAudience prepared i) → (∀ guard ∈ Minidregg.Kernel.DeclaredResourceController.audienceGuards targets, guard.expectedRoot = (Minidregg.Compiler.ServedBasis.Ground.view ground).model.roots guard.cellId) → (∀ (i : Minidregg.Kernel.DeclaredResourceController.TargetIndex command), ∀ source ∈ (targets i).deviceSources, source ∉ List.map Minidregg.Kernel.DurableDataIntent.DataWrite.cellId (Minidregg.Kernel.DeclaredResourceController.writes prepared)) → (∀ guard ∈ Minidregg.Kernel.DeclaredResourceController.audienceGuards targets, ∀ write ∈ Minidregg.Kernel.DeclaredResourceController.writes prepared, guard.cellId = write.cellId → guard.expectedRoot = write.expectedPre) → Minidregg.Kernel.DeclaredResourceController.AudienceChecks prepared
theorem	Minidregg.Kernel.DeclaredResourceController.AudienceChecks.roots	8ffd1163749cd3c950dd4bedb0cc6f840e1818cfc3c3b2ad35316c8d92ab6930	4e3592b04f135b0d8f649a792a36e2b3af542569c8ad64db16e84cc4230763ce	61d5fd8ffd632dead0f13aff981b670cebe3288217b92bd5817b199ba491ccc0	742e494871474b5e	Classical.choice,Quot.sound,propext	∀ {F : Type} [inst : Field F] {deployment : Minidregg.Kernel.DeclaredResourceController.Deployment} {profile : Minidregg.Compiler.CanonicalRuntimeProfile.Profile F} {ambient : Minidregg.Kernel.DeclaredResourceController.Ambient} {ground : Minidregg.Kernel.DeclaredResourceController.Ground deployment} {command : Minidregg.Kernel.DeclaredResourceController.Command} [inst_1 : DecidableEq F] {prepared : Minidregg.Kernel.DeclaredResourceController.PreparedInvocation deployment profile ambient ground command} (self : Minidregg.Kernel.DeclaredResourceController.AudienceChecks prepared), ∀ guard ∈ Minidregg.Kernel.DeclaredResourceController.audienceGuards self.targets, guard.expectedRoot = (Minidregg.Compiler.ServedBasis.Ground.view ground).model.roots guard.cellId
def	Minidregg.Kernel.DeclaredResourceController.AudienceChecks.targets	8eac81175f4f6fb454db3166bbd0931f839778600483bb45b79692f463bad30f	a7b9e6d082739e19ee398bccd15e971bd9e23ebb0ca62f4caa2bee3163678054	b2daa6b6afc58451a47a08bbad970d154bbfd7a5c91b33dc8e78aff01a9386ef	550b1aa775488659	Classical.choice,Quot.sound,propext	{F : Type} → [inst : Field F] → {deployment : Minidregg.Kernel.DeclaredResourceController.Deployment} → {profile : Minidregg.Compiler.CanonicalRuntimeProfile.Profile F} → {ambient : Minidregg.Kernel.DeclaredResourceController.Ambient} → {ground : Minidregg.Kernel.DeclaredResourceController.Ground deployment} → {command : Minidregg.Kernel.DeclaredResourceController.Command} → [inst_1 : DecidableEq F] → {prepared : Minidregg.Kernel.DeclaredResourceController.PreparedInvocation deployment profile ambient ground command} → Minidregg.Kernel.DeclaredResourceController.AudienceChecks prepared → (i : Minidregg.Kernel.DeclaredResourceController.TargetIndex command) → Minidregg.Kernel.DeclaredResourceController.TargetAudience prepared i
theorem	Minidregg.Kernel.DeclaredResourceController.AudienceChecks.writeDischarge	cdb199351040ca1e607f8ace116db0540c139c78f84b0d3a0bc6625c181011e3	7a3363eedaa2b4cd195ff5b92ef236c418b65b4e23354d314c375b77a9c74169	89f7321a0535e5bf6c4d2b0583dca1514fb0f4c8bf46adb66312e6013eef8108	a56048c15142ee92	Classical.choice,Quot.sound,propext	∀ {F : Type} [inst : Field F] {deployment : Minidregg.Kernel.DeclaredResourceController.Deployment} {profile : Minidregg.Compiler.CanonicalRuntimeProfile.Profile F} {ambient : Minidregg.Kernel.DeclaredResourceController.Ambient} {ground : Minidregg.Kernel.DeclaredResourceController.Ground deployment} {command : Minidregg.Kernel.DeclaredResourceController.Command} [inst_1 : DecidableEq F] {prepared : Minidregg.Kernel.DeclaredResourceController.PreparedInvocation deployment profile ambient ground command} (self : Minidregg.Kernel.DeclaredResourceController.AudienceChecks prepared), ∀ guard ∈ Minidregg.Kernel.DeclaredResourceController.audienceGuards self.targets, ∀ write ∈ Minidregg.Kernel.DeclaredResourceController.writes prepared, guard.cellId = write.cellId → guard.expectedRoot = write.expectedPre
inductive	Minidregg.Kernel.DeclaredResourceController.AuthorityInvocation	3d4dd65bdc3abb5a1eeb1b0f8fb5148de07b114edca56d6c2219264d5e0d4d71	e5b9aa2d71234a3b121080ab1f15186149b9000a7c93367fd3f62d33d582db20	8cf71758dd23c08728e70d73a98cdf3a9a7abbca73215f82b70bc2c1186d2bff	2551453b374bd185		{F : Type} → [inst : Field F] → {deployment : Minidregg.Kernel.DeclaredResourceController.Deployment} → {profile : Minidregg.Compiler.CanonicalRuntimeProfile.Profile F} → {ambient : Minidregg.Kernel.DeclaredResourceController.Ambient} → {ground : Minidregg.Kernel.DeclaredResourceController.Ground deployment} → {command : Minidregg.Kernel.DeclaredResourceController.Command} → [DecidableEq F] → Minidregg.Kernel.DeclaredResourceController.PreparedInvocation deployment profile ambient ground command → Minidregg.Kernel.DeclaredResourceController.SignedCommand → Type
def	Minidregg.Kernel.DeclaredResourceController.AuthorityInvocation.audience	37c749356673f0d04d0c2b11d668664b1cbac7722e12ed0b2bde3e5d8f568bf2	69ed64d2d2649e8518db3c229fb8735508f3b07c7c28dbfb971e34537ed3b4d9	86fc3b31ef18a473e93de0bce6456ab7c796e9fbe78ffd0b2ee8775db8086feb	3c1c8896476037f4	Classical.choice,Quot.sound,propext	{F : Type} → [inst : Field F] → {deployment : Minidregg.Kernel.DeclaredResourceController.Deployment} → {profile : Minidregg.Compiler.CanonicalRuntimeProfile.Profile F} → {ambient : Minidregg.Kernel.DeclaredResourceController.Ambient} → {ground : Minidregg.Kernel.DeclaredResourceController.Ground deployment} → {command : Minidregg.Kernel.DeclaredResourceController.Command} → [inst_1 : DecidableEq F] → {prepared : Minidregg.Kernel.DeclaredResourceController.PreparedInvocation deployment profile ambient ground command} → {signed : Minidregg.Kernel.DeclaredResourceController.SignedCommand} → Minidregg.Kernel.DeclaredResourceController.AuthorityInvocation prepared signed → Minidregg.Kernel.DeclaredResourceController.AudienceChecks prepared
def	Minidregg.Kernel.DeclaredResourceController.AuthorityInvocation.checked	048d38002a16f3eb3ca5f1b0e781aa41805e0ec169c3164b98de7f66be8352df	f6f0ee84d0a9d6e719dac39580321429d33858e0ffabe9f38a0e153425438d32	e5c3f4f6b0edef70cca30723feb3f767709212dd6afa47683aced0a22d47dabc	b91e82c719b4d081	Classical.choice,Quot.sound,propext	{F : Type} → [inst : Field F] → {deployment : Minidregg.Kernel.DeclaredResourceController.Deployment} → {profile : Minidregg.Compiler.CanonicalRuntimeProfile.Profile F} → {ambient : Minidregg.Kernel.DeclaredResourceController.Ambient} → {ground : Minidregg.Kernel.DeclaredResourceController.Ground deployment} → {command : Minidregg.Kernel.DeclaredResourceController.Command} → [inst_1 : DecidableEq F] → {prepared : Minidregg.Kernel.DeclaredResourceController.PreparedInvocation deployment profile ambient ground command} → {signed : Minidregg.Kernel.DeclaredResourceController.SignedCommand} → (self : Minidregg.Kernel.DeclaredResourceController.AuthorityInvocation prepared signed) → (incidence : Minidregg.Kernel.DeclaredResourceController.Incidence command) → Minidregg.Kernel.DeclaredResourceController.incidenceObserveOnly command incidence = Bool.false → Minidregg.Kernel.DeclaredResourceController.CheckedLeg prepared self.tuple incidence (signed.envelope command incidence)
theorem	Minidregg.Kernel.DeclaredResourceController.AuthorityInvocation.envelopeCount	5da3f750b17e51c97f1fba5f233526ffe09eb46f00814c2e92ae52eeeb854981	d47f3fd7cd04cbecd812ada92733849776a01b46aa194768674c9081dbc7f7ba	57246c09bff7dc6e11d96e7e7fa4f2ba905222791316af20746549f29f13fa34	98294666e251a460	Classical.choice,Quot.sound,propext	∀ {F : Type} [inst : Field F] {deployment : Minidregg.Kernel.DeclaredResourceController.Deployment} {profile : Minidregg.Compiler.CanonicalRuntimeProfile.Profile F} {ambient : Minidregg.Kernel.DeclaredResourceController.Ambient} {ground : Minidregg.Kernel.DeclaredResourceController.Ground deployment} {command : Minidregg.Kernel.DeclaredResourceController.Command} [inst_1 : DecidableEq F] {prepared : Minidregg.Kernel.DeclaredResourceController.PreparedInvocation deployment profile ambient ground command} {signed : Minidregg.Kernel.DeclaredResourceController.SignedCommand} (self : Minidregg.Kernel.DeclaredResourceController.AuthorityInvocation prepared signed), signed.targetEnvelopes.length = command.targets.length
theorem	Minidregg.Kernel.DeclaredResourceController.AuthorityInvocation.ingressExact	d09ee0d4cdbb6a679050c113339ad8460dab454717ba4870da1ab1a5f17bfdfc	0672c36eb2974e463459843d490f8b767a1debf81fc5c50a94f632263f695280	d9a72f0166ee2888358283d6798a2722379df65c39fe0494ca294d10c5466d6b	b1138ffe8037f327	Classical.choice,Quot.sound,propext	∀ {F : Type} [inst : Field F] {deployment : Minidregg.Kernel.DeclaredResourceController.Deployment} {profile : Minidregg.Compiler.CanonicalRuntimeProfile.Profile F} {ambient : Minidregg.Kernel.DeclaredResourceController.Ambient} {ground : Minidregg.Kernel.DeclaredResourceController.Ground deployment} {command : Minidregg.Kernel.DeclaredResourceController.Command} [inst_1 : DecidableEq F] {prepared : Minidregg.Kernel.DeclaredResourceController.PreparedInvocation deployment profile ambient ground command} {signed : Minidregg.Kernel.DeclaredResourceController.SignedCommand} (self : Minidregg.Kernel.DeclaredResourceController.AuthorityInvocation prepared signed), Minidregg.Kernel.DeclaredResourceController.commandCodec.encode command = signed.commandBytes
def	Minidregg.Kernel.DeclaredResourceController.AuthorityInvocation.observations	d943d5a33d2f7edde4d7afac0f1229c645f8042a8b32bfa6f61c886c8f81aeaa	adc613c04cba5832d0fe91fda03b46c34d8dcc3f64144408c6416c71ee493cf3	a1e2eec711b47960b3a532cb9f0dc3ca09d4f0bc9af3249624ac4853e6bd8254	e4ec233f74eabf4f	Classical.choice,Quot.sound,propext	{F : Type} → [inst : Field F] → {deployment : Minidregg.Kernel.DeclaredResourceController.Deployment} → {profile : Minidregg.Compiler.CanonicalRuntimeProfile.Profile F} → {ambient : Minidregg.Kernel.DeclaredResourceController.Ambient} → {ground : Minidregg.Kernel.DeclaredResourceController.Ground deployment} → {command : Minidregg.Kernel.DeclaredResourceController.Command} → [inst_1 : DecidableEq F] → {prepared : Minidregg.Kernel.DeclaredResourceController.PreparedInvocation deployment profile ambient ground command} → {signed : Minidregg.Kernel.DeclaredResourceController.SignedCommand} → Minidregg.Kernel.DeclaredResourceController.AuthorityInvocation prepared signed → command.requiresObservation = Bool.true → (i : Minidregg.Kernel.DeclaredResourceController.TargetIndex command) → Minidregg.Kernel.DeclaredResourceController.ReadLeg prepared i (signed.observeEnvelopes[↑i]?.getD [])
theorem	Minidregg.Kernel.DeclaredResourceController.AuthorityInvocation.observeCount	d7a3550072c69e97551d08b16c3223de765d004fc0076b4a64037d35b726c5fa	40f74465ad58eb7ab50a5ab8adb835d804e4b87634b3769d9d9ebc5c5e02e428	5381658c20a92b0cc53f26d0e58a331bde08cd1a8db7a3ea0023bd8b580d1052	44b86c91052ac0df	Classical.choice,Quot.sound,propext	∀ {F : Type} [inst : Field F] {deployment : Minidregg.Kernel.DeclaredResourceController.Deployment} {profile : Minidregg.Compiler.CanonicalRuntimeProfile.Profile F} {ambient : Minidregg.Kernel.DeclaredResourceController.Ambient} {ground : Minidregg.Kernel.DeclaredResourceController.Ground deployment} {command : Minidregg.Kernel.DeclaredResourceController.Command} [inst_1 : DecidableEq F] {prepared : Minidregg.Kernel.DeclaredResourceController.PreparedInvocation deployment profile ambient ground command} {signed : Minidregg.Kernel.DeclaredResourceController.SignedCommand} (self : Minidregg.Kernel.DeclaredResourceController.AuthorityInvocation prepared signed), signed.observeEnvelopes.length = if command.requiresObservation = Bool.true then command.targets.length else 0
theorem	Minidregg.Kernel.DeclaredResourceController.AuthorityInvocation.readEnvelopes	69d473153c803ae1f4398dc14e299b5f0886db38dfd5b66ca575d5efe56eb281	320bd3576589e05b0c20758be82b9d61fb8b409b905278a9b8c093c936e1a833	7f48b2ec86277d689dee6d77722e1dd7de944dffdcab804b944488d03e496413	b45e2dbc75e1ae50	Classical.choice,Quot.sound,propext	∀ {F : Type} [inst : Field F] {deployment : Minidregg.Kernel.DeclaredResourceController.Deployment} {profile : Minidregg.Compiler.CanonicalRuntimeProfile.Profile F} {ambient : Minidregg.Kernel.DeclaredResourceController.Ambient} {ground : Minidregg.Kernel.DeclaredResourceController.Ground deployment} {command : Minidregg.Kernel.DeclaredResourceController.Command} [inst_1 : DecidableEq F] {prepared : Minidregg.Kernel.DeclaredResourceController.PreparedInvocation deployment profile ambient ground command} {signed : Minidregg.Kernel.DeclaredResourceController.SignedCommand} (self : Minidregg.Kernel.DeclaredResourceController.AuthorityInvocation prepared signed), Minidregg.Kernel.DeclaredResourceController.ReadEnvelopesEmpty command signed
def	Minidregg.Kernel.DeclaredResourceController.AuthorityInvocation.tuple	5bccf8ff967957cd7fbfda9df3200a7758b43e5fa3e5c6da29fe37c6d5bd2fca	51585fe3f7980970d5da3b9c67f95f895dfdc7c168fe38081a58720f6c94603f	42e6c299aa472465223004b517b18f5e9b3d14344e4c9e3de2b5d92422e0e3e1	3b7d72c92276b666	Classical.choice,Quot.sound,propext	{F : Type} → [inst : Field F] → {deployment : Minidregg.Kernel.DeclaredResourceController.Deployment} → {profile : Minidregg.Compiler.CanonicalRuntimeProfile.Profile F} → {ambient : Minidregg.Kernel.DeclaredResourceController.Ambient} → {ground : Minidregg.Kernel.DeclaredResourceController.Ground deployment} → {command : Minidregg.Kernel.DeclaredResourceController.Command} → [inst_1 : DecidableEq F] → {prepared : Minidregg.Kernel.DeclaredResourceController.PreparedInvocation deployment profile ambient ground command} → {signed : Minidregg.Kernel.DeclaredResourceController.SignedCommand} → Minidregg.Kernel.DeclaredResourceController.AuthorityInvocation prepared signed → Minidregg.Kernel.MultiCellHyperedge.PreparedTuple (Minidregg.Kernel.DeclaredResourceController.plan prepared)
inductive	Minidregg.Kernel.DeclaredResourceController.CheckedLeg	fb3550efe8502d0985804da0cb85e06e422c37b09e9e8aa908a2ad45638b9247	a966b7721906b525da90fcb03df0f813699f90ec0ff7b023978c315106ab8661	c830a656c0fa88fb9ee10a0c58bb754bf2a3e312ecbf339ba8df05f66d6091fc	e2d55c962de3a77d		{F : Type} → [inst : Field F] → {deployment : Minidregg.Kernel.DeclaredResourceController.Deployment} → {profile : Minidregg.Compiler.CanonicalRuntimeProfile.Profile F} → {ambient : Minidregg.Kernel.DeclaredResourceController.Ambient} → {ground : Minidregg.Kernel.DeclaredResourceController.Ground deployment} → {command : Minidregg.Kernel.DeclaredResourceController.Command} → [DecidableEq F] → (prepared : Minidregg.Kernel.DeclaredResourceController.PreparedInvocation deployment profile ambient ground command) → Minidregg.Kernel.MultiCellHyperedge.PreparedTuple (Minidregg.Kernel.DeclaredResourceController.plan prepared) → Minidregg.Kernel.DeclaredResourceController.Incidence command → List UInt8 → Type
def	Minidregg.Kernel.DeclaredResourceController.CheckedLeg.authorization	6fb79ed23a1f2c8274f26d6f647ab0e0a57d8d92865d9b525342cb5884bc2c99	6eef444e04e8369f5e6a821925dcb23c19b93864c6358bd257f40e7a42595d39	a0de1705f5e5f331da2b9b9d1a91dbbc1aa9e5a9ced4d9e360779f14d3324cb5	2ae1b54748310e7b	Classical.choice,Quot.sound,propext	{F : Type} → [inst : Field F] → {deployment : Minidregg.Kernel.DeclaredResourceController.Deployment} → {profile : Minidregg.Compiler.CanonicalRuntimeProfile.Profile F} → {ambient : Minidregg.Kernel.DeclaredResourceController.Ambient} → {ground : Minidregg.Kernel.DeclaredResourceController.Ground deployment} → {command : Minidregg.Kernel.DeclaredResourceController.Command} → [inst_1 : DecidableEq F] → {prepared : Minidregg.Kernel.DeclaredResourceController.PreparedInvocation deployment profile ambient ground command} → {tuple : Minidregg.Kernel.MultiCellHyperedge.PreparedTuple (Minidregg.Kernel.DeclaredResourceController.plan prepared)} → {incidence : Minidregg.Kernel.DeclaredResourceController.Incidence command} → {envelope : List UInt8} → Minidregg.Kernel.DeclaredResourceController.CheckedLeg prepared tuple incidence envelope → Minidregg.Theory.TypedAuthorization.Authorized (Minidregg.Kernel.DeclaredResourceController.legPortal prepared tuple incidence) (Minidregg.Compiler.ServedBasis.Ground.authority ground).authState (tuple.request incidence).snd
theorem	Minidregg.Kernel.DeclaredResourceController.CheckedLeg.authorized	1023fbb988c2220ae50fa1884bd7cc8cbdf6d6b02f0cb1e415542c23ae6ad25c	0cbc9d5c3167d9451866627f674050fcd31703acb2532972b4318427e9e20b44	a66094a3eacdfc3d5f84679417a27712b786f5ea37cfd62f18b02c2b94ae08bf	3f1e0747f88ac0e6	Classical.choice,Quot.sound,propext	∀ {F : Type} [inst : Field F] {deployment : Minidregg.Kernel.DeclaredResourceController.Deployment} {profile : Minidregg.Compiler.CanonicalRuntimeProfile.Profile F} {ambient : Minidregg.Kernel.DeclaredResourceController.Ambient} {ground : Minidregg.Kernel.DeclaredResourceController.Ground deployment} {command : Minidregg.Kernel.DeclaredResourceController.Command} [inst_1 : DecidableEq F] {prepared : Minidregg.Kernel.DeclaredResourceController.PreparedInvocation deployment profile ambient ground command} {tuple : Minidregg.Kernel.MultiCellHyperedge.PreparedTuple (Minidregg.Kernel.DeclaredResourceController.plan prepared)} {incidence : Minidregg.Kernel.DeclaredResourceController.Incidence command} {envelope : List UInt8} (self : Minidregg.Kernel.DeclaredResourceController.CheckedLeg prepared tuple incidence envelope), Minidregg.Kernel.DeclaredResourceController.authorizeLeg prepared tuple incidence self.receipt = Except.ok self.authorization
theorem	Minidregg.Kernel.DeclaredResourceController.CheckedLeg.envelopeExact	b5885e2d7afd82307b9b428c8b571a89b8b9d99e2aa4026dea15479bb4b2f6ec	a3634371cb39ec8c30c876bc8052829ab57dd33944e796ada2a7f91b86cfb640	508c7c256a04b36a8dbb59284cad0eab1fb1332ff146b1382ac8e7798073226f	3d1c862dae42ff7a	Classical.choice,Quot.sound,propext	∀ {F : Type} [inst : Field F] {deployment : Minidregg.Kernel.DeclaredResourceController.Deployment} {profile : Minidregg.Compiler.CanonicalRuntimeProfile.Profile F} {ambient : Minidregg.Kernel.DeclaredResourceController.Ambient} {ground : Minidregg.Kernel.DeclaredResourceController.Ground deployment} {command : Minidregg.Kernel.DeclaredResourceController.Command} [inst_1 : DecidableEq F] {prepared : Minidregg.Kernel.DeclaredResourceController.PreparedInvocation deployment profile ambient ground command} {tuple : Minidregg.Kernel.MultiCellHyperedge.PreparedTuple (Minidregg.Kernel.DeclaredResourceController.plan prepared)} {incidence : Minidregg.Kernel.DeclaredResourceController.Incidence command} {envelope : List UInt8} (self : Minidregg.Kernel.DeclaredResourceController.CheckedLeg prepared tuple incidence envelope), self.receipt.envelopeBytes = envelope
theorem	Minidregg.Kernel.DeclaredResourceController.CheckedLeg.fields	a6ad8e49bb48b7be28d07542e9b68315e1d27be90e74eb119aa58fce3836dd15	910c8e1446100b738030c7ddfc84e94753b37c545c9e761e62dbf26e4b4a72ed	fbcfe93c690f2352e242b3e0ee8ebc8f0fa4de50388c6e769fa1b0fc7e913093	ddcfe801603d94bb	Classical.choice,Quot.sound,propext	∀ {F : Type} [inst : Field F] {deployment : Minidregg.Kernel.DeclaredResourceController.Deployment} {profile : Minidregg.Compiler.CanonicalRuntimeProfile.Profile F} {ambient : Minidregg.Kernel.DeclaredResourceController.Ambient} {ground : Minidregg.Kernel.DeclaredResourceController.Ground deployment} {command : Minidregg.Kernel.DeclaredResourceController.Command} [inst_1 : DecidableEq F] {prepared : Minidregg.Kernel.DeclaredResourceController.PreparedInvocation deployment profile ambient ground command} {tuple : Minidregg.Kernel.MultiCellHyperedge.PreparedTuple (Minidregg.Kernel.DeclaredResourceController.plan prepared)} {incidence : Minidregg.Kernel.DeclaredResourceController.Incidence command} {envelope : List UInt8} (self : Minidregg.Kernel.DeclaredResourceController.CheckedLeg prepared tuple incidence envelope), Minidregg.Kernel.DeclaredResourceController.fieldsCheck self.authorization.evidence.capabilityValue (Minidregg.Kernel.DeclaredResourceController.legFootprint prepared incidence) = Except.ok ()
theorem	Minidregg.Kernel.DeclaredResourceController.CheckedLeg.fields_covered	276cad9a8f18a3b62a91d9fc4bfd3e943e6fe7fcc283ba6c854bc474f9927417	8477bac85ec28c26e6bfcdb94f403e16d31a34be8d7134e4ce9e38c9f5a341dc	edba681a6ed9cc980e7552cc45e274f7c862e9f55cd37e11e1e9dfe78343f678	73197ceb8f009755	Classical.choice,Quot.sound,propext	∀ {F : Type} [inst : Field F] {deployment : Minidregg.Kernel.DeclaredResourceController.Deployment} {profile : Minidregg.Compiler.CanonicalRuntimeProfile.Profile F} {ambient : Minidregg.Kernel.DeclaredResourceController.Ambient} {ground : Minidregg.Kernel.DeclaredResourceController.Ground deployment} {command : Minidregg.Kernel.DeclaredResourceController.Command} [inst_1 : DecidableEq F] {prepared : Minidregg.Kernel.DeclaredResourceController.PreparedInvocation deployment profile ambient ground command} {tuple : Minidregg.Kernel.MultiCellHyperedge.PreparedTuple (Minidregg.Kernel.DeclaredResourceController.plan prepared)} {i : Minidregg.Kernel.DeclaredResourceController.TargetIndex command} {envelope : List UInt8} (leg : Minidregg.Kernel.DeclaredResourceController.CheckedLeg prepared tuple (Option.some i) envelope), ∃ cap digest, leg.authorization.evidence.capabilityValue = Option.some (cap, digest) ∧ cap.scope.FieldsCover (Minidregg.Kernel.DeclaredResourceController.legFullFootprint prepared i)
ctor	Minidregg.Kernel.DeclaredResourceController.CheckedLeg.mk	072198f51c728b3584558db5e63b4b8d9413102ff792a958bae21e8b96055bd5	3a4f4f1c55445ff02133bca91f1627250048c98cd09ddc5de6f88c9939c04efd	9c49a0a2387b1ebdb4425af2f775b2a71a70dfebdf1be58e127327f3404d53ee	0606efa6392f3ef2		{F : Type} → [inst : Field F] → {deployment : Minidregg.Kernel.DeclaredResourceController.Deployment} → {profile : Minidregg.Compiler.CanonicalRuntimeProfile.Profile F} → {ambient : Minidregg.Kernel.DeclaredResourceController.Ambient} → {ground : Minidregg.Kernel.DeclaredResourceController.Ground deployment} → {command : Minidregg.Kernel.DeclaredResourceController.Command} → [inst_1 : DecidableEq F] → {prepared : Minidregg.Kernel.DeclaredResourceController.PreparedInvocation deployment profile ambient ground command} → {tuple : Minidregg.Kernel.MultiCellHyperedge.PreparedTuple (Minidregg.Kernel.DeclaredResourceController.plan prepared)} → {incidence : Minidregg.Kernel.DeclaredResourceController.Incidence command} → {envelope : List UInt8} → (receipt : Minidregg.Compiler.CredentialSignatureAdmission.CheckedSignature (Minidregg.Compiler.ServedBasis.Ground.authority ground)) → receipt.envelopeBytes = envelope → (authorization : Minidregg.Theory.TypedAuthorization.Authorized (Minidregg.Kernel.DeclaredResourceController.legPortal prepared tuple incidence) (Minidregg.Compiler.ServedBasis.Ground.authority ground).authState (tuple.request incidence).snd) → Minidregg.Kernel.DeclaredResourceController.authorizeLeg prepared tuple incidence receipt = Except.ok authorization → Minidregg.Kernel.DeclaredResourceController.fieldsCheck authorization.evidence.capabilityValue (Minidregg.Kernel.DeclaredResourceController.legFootprint prepared incidence) = Except.ok () → Minidregg.Kernel.DeclaredResourceController.fieldsCheck authorization.evidence.capabilityValue (Minidregg.Kernel.DeclaredResourceController.monetaryDebitFootprint? prepared incidence) = Except.ok () → Minidregg.Kernel.DeclaredResourceController.moneyVerbsCheck authorization.evidence.capabilityValue (Minidregg.Kernel.DeclaredResourceController.monetaryVerbs? prepared incidence) = Except.ok () → Minidregg.Kernel.DeclaredResourceController.CheckedLeg prepared tuple incidence envelope
theorem	Minidregg.Kernel.DeclaredResourceController.CheckedLeg.moneyDebits	fe0e3de63ca6bde3d87930827acc5112526f0eb2e90281b5e479a80ad4e87a9d	71d8b8875f177ed2563b4ebc66acbc095f99796d4f5ea00064ad3b51febd3ed9	feb98ad2c9ba01ca2c1b082a98985e7ffc65cc262969e000baab506883d0ee4b	b499ef4b06ee4242	Classical.choice,Quot.sound,propext	∀ {F : Type} [inst : Field F] {deployment : Minidregg.Kernel.DeclaredResourceController.Deployment} {profile : Minidregg.Compiler.CanonicalRuntimeProfile.Profile F} {ambient : Minidregg.Kernel.DeclaredResourceController.Ambient} {ground : Minidregg.Kernel.DeclaredResourceController.Ground deployment} {command : Minidregg.Kernel.DeclaredResourceController.Command} [inst_1 : DecidableEq F] {prepared : Minidregg.Kernel.DeclaredResourceController.PreparedInvocation deployment profile ambient ground command} {tuple : Minidregg.Kernel.MultiCellHyperedge.PreparedTuple (Minidregg.Kernel.DeclaredResourceController.plan prepared)} {incidence : Minidregg.Kernel.DeclaredResourceController.Incidence command} {envelope : List UInt8} (self : Minidregg.Kernel.DeclaredResourceController.CheckedLeg prepared tuple incidence envelope), Minidregg.Kernel.DeclaredResourceController.fieldsCheck self.authorization.evidence.capabilityValue (Minidregg.Kernel.DeclaredResourceController.monetaryDebitFootprint? prepared incidence) = Except.ok ()
theorem	Minidregg.Kernel.DeclaredResourceController.CheckedLeg.moneyVerbs	09e5d381fe8502acc7f9dd519beaf6480ddb1a5a1c878a03d70efbdca1a52582	5be302be723aefc7f990a4b7f40322e918cc2dd462a32c125dac43df9fe8b663	a60533b3b5ffe14ad2b30df9eb86bfc2d2688d803a92ad75d28c9a8aedf10dea	119255ac1fa51294	Classical.choice,Quot.sound,propext	∀ {F : Type} [inst : Field F] {deployment : Minidregg.Kernel.DeclaredResourceController.Deployment} {profile : Minidregg.Compiler.CanonicalRuntimeProfile.Profile F} {ambient : Minidregg.Kernel.DeclaredResourceController.Ambient} {ground : Minidregg.Kernel.DeclaredResourceController.Ground deployment} {command : Minidregg.Kernel.DeclaredResourceController.Command} [inst_1 : DecidableEq F] {prepared : Minidregg.Kernel.DeclaredResourceController.PreparedInvocation deployment profile ambient ground command} {tuple : Minidregg.Kernel.MultiCellHyperedge.PreparedTuple (Minidregg.Kernel.DeclaredResourceController.plan prepared)} {incidence : Minidregg.Kernel.DeclaredResourceController.Incidence command} {envelope : List UInt8} (self : Minidregg.Kernel.DeclaredResourceController.CheckedLeg prepared tuple incidence envelope), Minidregg.Kernel.DeclaredResourceController.moneyVerbsCheck self.authorization.evidence.capabilityValue (Minidregg.Kernel.DeclaredResourceController.monetaryVerbs? prepared incidence) = Except.ok ()
def	Minidregg.Kernel.DeclaredResourceController.CheckedLeg.receipt	c8baf72307851df52722c34e3eebf1702d3fcda5a7c97f7b2cea04b7b5f386a4	011457ab5b4efedace764f37784ed0a1081d1f35db857367ac389a2be7c9c544	22f007571a24cbc66919726deef1f35b8707d41c29020bc2dbd9ce8e77a4c812	dc96db83ae0c9480	Classical.choice,Quot.sound,propext	{F : Type} → [inst : Field F] → {deployment : Minidregg.Kernel.DeclaredResourceController.Deployment} → {profile : Minidregg.Compiler.CanonicalRuntimeProfile.Profile F} → {ambient : Minidregg.Kernel.DeclaredResourceController.Ambient} → {ground : Minidregg.Kernel.DeclaredResourceController.Ground deployment} → {command : Minidregg.Kernel.DeclaredResourceController.Command} → [inst_1 : DecidableEq F] → {prepared : Minidregg.Kernel.DeclaredResourceController.PreparedInvocation deployment profile ambient ground command} → {tuple : Minidregg.Kernel.MultiCellHyperedge.PreparedTuple (Minidregg.Kernel.DeclaredResourceController.plan prepared)} → {incidence : Minidregg.Kernel.DeclaredResourceController.Incidence command} → {envelope : List UInt8} → Minidregg.Kernel.DeclaredResourceController.CheckedLeg prepared tuple incidence envelope → Minidregg.Compiler.CredentialSignatureAdmission.CheckedSignature (Minidregg.Compiler.ServedBasis.Ground.authority ground)
def	Minidregg.Kernel.DeclaredResourceController.Command.signedTargetCount	6008022b575a81fac8f261ec82ab182600b17dead93f5c1239d9f6f38a43b6c4	edbdefa09f1d6ff1d2b57558ed36554f43d7fe36791086926d343ae59d7d3ae5	e5da8e5944173fd4b3bac0b82e7854ea301ec00dcaa425ccfe325f5a615dcd1c	d28f674f8c48dd8b	Quot.sound,propext	Minidregg.Kernel.DeclaredResourceController.Command → ℕ
inductive	Minidregg.Kernel.DeclaredResourceController.InvocationRouteAdmission	4214d95dbef7f9c5821afdb0df608c10d150ac2fcb528b70fd5518ede3fa2468	e5b9aa2d71234a3b121080ab1f15186149b9000a7c93367fd3f62d33d582db20	93d0ab3c1fe160151ab4d0a3c1c398385fb7faf6157848852b749ee306366d93	8208407cf9fe54ef		{F : Type} → [inst : Field F] → {deployment : Minidregg.Kernel.DeclaredResourceController.Deployment} → {profile : Minidregg.Compiler.CanonicalRuntimeProfile.Profile F} → {ambient : Minidregg.Kernel.DeclaredResourceController.Ambient} → {ground : Minidregg.Kernel.DeclaredResourceController.Ground deployment} → {command : Minidregg.Kernel.DeclaredResourceController.Command} → [DecidableEq F] → Minidregg.Kernel.DeclaredResourceController.PreparedInvocation deployment profile ambient ground command → Minidregg.Kernel.DeclaredResourceController.SignedCommand → Type
def	Minidregg.Kernel.DeclaredResourceController.InvocationRouteAdmission.guards	8a7fabfd5d4b3da57fe83a5677d0bcf9372ee4e03f5a39e3e403bbed3858a67c	5528105b869435e732e0d51df7024be7fca3a73dec1f85e69004c69bf590dc02	38e3c6bfdc50ea91c50a17882e5d4b2f7b4be79e57953ff6b33a6d3773fc9645	5afaaf272d3c9c35	Classical.choice,Quot.sound,propext	{F : Type} → [inst : Field F] → {deployment : Minidregg.Kernel.DeclaredResourceController.Deployment} → {profile : Minidregg.Compiler.CanonicalRuntimeProfile.Profile F} → {ambient : Minidregg.Kernel.DeclaredResourceController.Ambient} → {ground : Minidregg.Kernel.DeclaredResourceController.Ground deployment} → {command : Minidregg.Kernel.DeclaredResourceController.Command} → [inst_1 : DecidableEq F] → {prepared : Minidregg.Kernel.DeclaredResourceController.PreparedInvocation deployment profile ambient ground command} → {signed : Minidregg.Kernel.DeclaredResourceController.SignedCommand} → Minidregg.Kernel.DeclaredResourceController.InvocationRouteAdmission prepared signed → List Minidregg.Kernel.DurableDataIntent.ReadGuard
theorem	Minidregg.Kernel.DeclaredResourceController.InvocationRouteAdmission.guards_readonly	fdbf4a8529fc9f4bc9b43d8dd04ea60bb442b6c18948c192615d934bec7903eb	20d07caa54850ac09ec5b1db4825be446fe614eb38e7a63b1a3f4d219eab21e1	62bc8e7816d0b7112012b53096289dd8654d421c3e9e19b922f57d79a242d88f	4e0db0b23d6c67a7	Classical.choice,Quot.sound,propext	∀ {F : Type} [inst : Field F] {deployment : Minidregg.Kernel.DeclaredResourceController.Deployment} {profile : Minidregg.Compiler.CanonicalRuntimeProfile.Profile F} {ambient : Minidregg.Kernel.DeclaredResourceController.Ambient} {ground : Minidregg.Kernel.DeclaredResourceController.Ground deployment} {command : Minidregg.Kernel.DeclaredResourceController.Command} [inst_1 : DecidableEq F] {prepared : Minidregg.Kernel.DeclaredResourceController.PreparedInvocation deployment profile ambient ground command} {signed : Minidregg.Kernel.DeclaredResourceController.SignedCommand} (route : Minidregg.Kernel.DeclaredResourceController.InvocationRouteAdmission prepared signed), ∀ guard ∈ route.guards, guard.cellId ∉ List.map Minidregg.Kernel.DurableDataIntent.DataWrite.cellId (Minidregg.Kernel.DeclaredResourceController.writes prepared)
theorem	Minidregg.Kernel.DeclaredResourceController.InvocationRouteAdmission.guards_roots	ee3e9a6f4909a25ff40c1f48bee5311db64b8f1a2b87ce6ad86eb56d816d16bd	25cdab51229e125d4066d77b9911c8592b54e256458d75c4925ae1343325cad1	83bbf557799b045b6cfd84f104c04e38e855f6e3b805fff58074fb3c0af1c040	712500e8ea36e638	Classical.choice,Quot.sound,propext	∀ {F : Type} [inst : Field F] {deployment : Minidregg.Kernel.DeclaredResourceController.Deployment} {profile : Minidregg.Compiler.CanonicalRuntimeProfile.Profile F} {ambient : Minidregg.Kernel.DeclaredResourceController.Ambient} {ground : Minidregg.Kernel.DeclaredResourceController.Ground deployment} {command : Minidregg.Kernel.DeclaredResourceController.Command} [inst_1 : DecidableEq F] {prepared : Minidregg.Kernel.DeclaredResourceController.PreparedInvocation deployment profile ambient ground command} {signed : Minidregg.Kernel.DeclaredResourceController.SignedCommand} (route : Minidregg.Kernel.DeclaredResourceController.InvocationRouteAdmission prepared signed), ∀ guard ∈ route.guards, guard.expectedRoot = (Minidregg.Compiler.ServedBasis.Ground.view ground).model.roots guard.cellId
ctor	Minidregg.Kernel.DeclaredResourceController.InvocationRouteAdmission.legacy	4f484be4b9a3a6ce43e3262840772b5e90b24be7eacf80680316f7c9b955717c	69fd871783a128c45abd1563d910700668dd59f0d7152560ba6599f485767308	d1b1c0149fa923aa71bd7c72e33a81b4d6f23520711155f4a0631d7fb2ec3890	6a4e33b016476724		{F : Type} → [inst : Field F] → {deployment : Minidregg.Kernel.DeclaredResourceController.Deployment} → {profile : Minidregg.Compiler.CanonicalRuntimeProfile.Profile F} → {ambient : Minidregg.Kernel.DeclaredResourceController.Ambient} → {ground : Minidregg.Kernel.DeclaredResourceController.Ground deployment} → {command : Minidregg.Kernel.DeclaredResourceController.Command} → [inst_1 : DecidableEq F] → {prepared : Minidregg.Kernel.DeclaredResourceController.PreparedInvocation deployment profile ambient ground command} → {signed : Minidregg.Kernel.DeclaredResourceController.SignedCommand} → command.family = Option.none → Minidregg.Kernel.DeclaredResourceController.InvocationRouteAdmission prepared signed
def	Minidregg.Kernel.DeclaredResourceController.InvocationRouteAdmission.legacy.elim	742a00f780faff00cd6f51d0e8d4e0dfd36c7ce6c927d9df54ec80e15c6c801e	3ca249365b90670eae5d3e32b89b7b4d592a09487c869e01d829e80d4524feba	33f474c975b0d37f568180f5dcb5aff723b53370df577bca3ef944c03af557ac	201c18013ca2c8df	Classical.choice,Quot.sound,propext	{F : Type} → [inst : Field F] → {deployment : Minidregg.Kernel.DeclaredResourceController.Deployment} → {profile : Minidregg.Compiler.CanonicalRuntimeProfile.Profile F} → {ambient : Minidregg.Kernel.DeclaredResourceController.Ambient} → {ground : Minidregg.Kernel.DeclaredResourceController.Ground deployment} → {command : Minidregg.Kernel.DeclaredResourceController.Command} → [inst_1 : DecidableEq F] → {prepared : Minidregg.Kernel.DeclaredResourceController.PreparedInvocation deployment profile ambient ground command} → {signed : Minidregg.Kernel.DeclaredResourceController.SignedCommand} → {motive : Minidregg.Kernel.DeclaredResourceController.InvocationRouteAdmission prepared signed → Sort u} → (t : Minidregg.Kernel.DeclaredResourceController.InvocationRouteAdmission prepared signed) → t.ctorIdx = 0 → ((selected : command.family = Option.none) → motive (Minidregg.Kernel.DeclaredResourceController.InvocationRouteAdmission.legacy selected)) → motive t
ctor	Minidregg.Kernel.DeclaredResourceController.InvocationRouteAdmission.objective	27f902ab759c7652135392867018649e3526aa4129b0ca158701522fcd0d0ec4	05ec31ca48ee62f631ab4fe54d891a02b2d14c283f1baee6a1fe4cd007c4521c	219addfadb8fe0968744781372ed3ce8f3fb253d3551c6cdafcb8f042ccfc853	2469209d86f3249d		{F : Type} → [inst : Field F] → {deployment : Minidregg.Kernel.DeclaredResourceController.Deployment} → {profile : Minidregg.Compiler.CanonicalRuntimeProfile.Profile F} → {ambient : Minidregg.Kernel.DeclaredResourceController.Ambient} → {ground : Minidregg.Kernel.DeclaredResourceController.Ground deployment} → {command : Minidregg.Kernel.DeclaredResourceController.Command} → [inst_1 : DecidableEq F] → {prepared : Minidregg.Kernel.DeclaredResourceController.PreparedInvocation deployment profile ambient ground command} → {signed : Minidregg.Kernel.DeclaredResourceController.SignedCommand} → (family : Minidregg.Compiler.NativeInvocationStatement.Family) → command.family = Option.some family → family.route = Minidregg.Compiler.NativeInvocationStatement.Route.objectiveMethod → (Minidregg.Compiler.NativeInvocationProfile.binding profile.receiverParameters Minidregg.Compiler.NativeInvocationStatement.Route.objectiveMethod).isSome = Bool.true → (guards : List Minidregg.Kernel.DurableDataIntent.ReadGuard) → (∀ guard ∈ guards, guard.cellId ∉ List.map Minidregg.Kernel.DurableDataIntent.DataWrite.cellId (Minidregg.Kernel.DeclaredResourceController.writes prepared)) → (∀ guard ∈ guards, guard.expectedRoot = (Minidregg.Compiler.ServedBasis.Ground.view ground).model.roots guard.cellId) → Minidregg.Kernel.DeclaredResourceController.InvocationRouteAdmission prepared signed
def	Minidregg.Kernel.DeclaredResourceController.InvocationRouteAdmission.objective.elim	2fb20b187530c1e43e7f1e5c8d076f4e6083165ecd6459f865a533a978b0c1f5	05748604954955cf181270aca274c1eede502fe4e4feaa68ac61b91e5b022a5b	96f44d3f868e1835eb90eea1b5ad120065e9dc54bedb8ebb65383ce27bcb5194	ebac64655aaae730	Classical.choice,Quot.sound,propext	{F : Type} → [inst : Field F] → {deployment : Minidregg.Kernel.DeclaredResourceController.Deployment} → {profile : Minidregg.Compiler.CanonicalRuntimeProfile.Profile F} → {ambient : Minidregg.Kernel.DeclaredResourceController.Ambient} → {ground : Minidregg.Kernel.DeclaredResourceController.Ground deployment} → {command : Minidregg.Kernel.DeclaredResourceController.Command} → [inst_1 : DecidableEq F] → {prepared : Minidregg.Kernel.DeclaredResourceController.PreparedInvocation deployment profile ambient ground command} → {signed : Minidregg.Kernel.DeclaredResourceController.SignedCommand} → {motive : Minidregg.Kernel.DeclaredResourceController.InvocationRouteAdmission prepared signed → Sort u} → (t : Minidregg.Kernel.DeclaredResourceController.InvocationRouteAdmission prepared signed) → t.ctorIdx = 2 → ((family : Minidregg.Compiler.NativeInvocationStatement.Family) → (selected : command.family = Option.some family) → (route : family.route = Minidregg.Compiler.NativeInvocationStatement.Route.objectiveMethod) → (registered : (Minidregg.Compiler.NativeInvocationProfile.binding profile.receiverParameters Minidregg.Compiler.NativeInvocationStatement.Route.objectiveMethod).isSome = Bool.true) → (guards : List Minidregg.Kernel.DurableDataIntent.ReadGuard) → (readonly : ∀ guard ∈ guards, guard.cellId ∉ List.map Minidregg.Kernel.DurableDataIntent.DataWrite.cellId (Minidregg.Kernel.DeclaredResourceController.writes prepared)) → (roots : ∀ guard ∈ guards, guard.expectedRoot = (Minidregg.Compiler.ServedBasis.Ground.view ground).model.roots guard.cellId) → motive (Minidregg.Kernel.DeclaredResourceController.InvocationRouteAdmission.objective family selected route registered guards readonly roots)) → motive t
ctor	Minidregg.Kernel.DeclaredResourceController.InvocationRouteAdmission.ordinary	358d13fe468cf8dc6fcd781858a801c00cff7c8921592a6ad8f59fac21ebe17c	9931c19439877432f8dad34a119b61408b050ef26a72e0a40c84a6462715f665	da31d87ffac3db9b8f714389cee60f0a7719326c0a2e1d27711bf9a5693429c7	f355cfa70fbed667		{F : Type} → [inst : Field F] → {deployment : Minidregg.Kernel.DeclaredResourceController.Deployment} → {profile : Minidregg.Compiler.CanonicalRuntimeProfile.Profile F} → {ambient : Minidregg.Kernel.DeclaredResourceController.Ambient} → {ground : Minidregg.Kernel.DeclaredResourceController.Ground deployment} → {command : Minidregg.Kernel.DeclaredResourceController.Command} → [inst_1 : DecidableEq F] → {prepared : Minidregg.Kernel.DeclaredResourceController.PreparedInvocation deployment profile ambient ground command} → {signed : Minidregg.Kernel.DeclaredResourceController.SignedCommand} → (family : Minidregg.Compiler.NativeInvocationStatement.Family) → command.family = Option.some family → family.route = Minidregg.Compiler.NativeInvocationStatement.Route.ordinary → Minidregg.Compiler.NativeInvocationProfile.binding profile.receiverParameters Minidregg.Compiler.NativeInvocationStatement.Route.ordinary = Option.some family.contextBytes → Minidregg.Kernel.DeclaredResourceController.InvocationRouteAdmission prepared signed
def	Minidregg.Kernel.DeclaredResourceController.InvocationRouteAdmission.ordinary.elim	9887fecb1df8e428e0ece7afc227d216e879f8e1d3677629c14f77a8e3474d12	be54017377da11f0d7f2bda00a123135216cc142b3d91050a7f37b036d8c67e7	55bd2a8b66714460da5b4efd09d1f2e3fe8c326fdf9b83d13debb2ca1877a68c	e59bc2d94a2b6f5d	Classical.choice,Quot.sound,propext	{F : Type} → [inst : Field F] → {deployment : Minidregg.Kernel.DeclaredResourceController.Deployment} → {profile : Minidregg.Compiler.CanonicalRuntimeProfile.Profile F} → {ambient : Minidregg.Kernel.DeclaredResourceController.Ambient} → {ground : Minidregg.Kernel.DeclaredResourceController.Ground deployment} → {command : Minidregg.Kernel.DeclaredResourceController.Command} → [inst_1 : DecidableEq F] → {prepared : Minidregg.Kernel.DeclaredResourceController.PreparedInvocation deployment profile ambient ground command} → {signed : Minidregg.Kernel.DeclaredResourceController.SignedCommand} → {motive : Minidregg.Kernel.DeclaredResourceController.InvocationRouteAdmission prepared signed → Sort u} → (t : Minidregg.Kernel.DeclaredResourceController.InvocationRouteAdmission prepared signed) → t.ctorIdx = 1 → ((family : Minidregg.Compiler.NativeInvocationStatement.Family) → (selected : command.family = Option.some family) → (route : family.route = Minidregg.Compiler.NativeInvocationStatement.Route.ordinary) → (registered : Minidregg.Compiler.NativeInvocationProfile.binding profile.receiverParameters Minidregg.Compiler.NativeInvocationStatement.Route.ordinary = Option.some family.contextBytes) → motive (Minidregg.Kernel.DeclaredResourceController.InvocationRouteAdmission.ordinary family selected route registered)) → motive t
def	Minidregg.Kernel.DeclaredResourceController.PhysicalShape	878f887d1e6467ca2a8787f0075d3ba7084a9318feed6a00ebb118a7b53aaf4b	5f68eca7b512a4738500afa120230574d591335750d879bef513bfb387010aa9	9d685099583cc133c98546dad0cf3f351b8b2eb80188e23a294bdccf7266d576	111c43929af64033	Classical.choice,Quot.sound,propext	{F : Type} → [inst : Field F] → {deployment : Minidregg.Kernel.DeclaredResourceController.Deployment} → {profile : Minidregg.Compiler.CanonicalRuntimeProfile.Profile F} → {ambient : Minidregg.Kernel.DeclaredResourceController.Ambient} → {ground : Minidregg.Kernel.DeclaredResourceController.Ground deployment} → {command : Minidregg.Kernel.DeclaredResourceController.Command} → Minidregg.Kernel.DeclaredResourceController.PreparedInvocation deployment profile ambient ground command → Prop := fun {F} [Field F] {deployment} {profile} {ambient} {ground} {command} prepared => (List.map Minidregg.Kernel.DurableDataIntent.DataWrite.cellId (Minidregg.Kernel.DeclaredResourceController.writes prepared)).Nodup ∧ (∀ write ∈ Minidregg.Kernel.DeclaredResourceController.writes prepared, write.expectedPre = (Minidregg.Compiler.ServedBasis.Ground.view ground).model.roots write.cellId) ∧ (∀ write ∈ Minidregg.Kernel.DeclaredResourceController.writes prepared, Minidregg.Kernel.ResourceBirthController.Concrete.PhysicalPostLaw deployment write) ∧ (∀ guard ∈ Minidregg.Kernel.DeclaredResourceController.sourceGuards prepared, guard.cellId ∉ List.map Minidregg.Kernel.DurableDataIntent.DataWrite.cellId (Minidregg.Kernel.DeclaredResourceController.writes prepared)) ∧ (∀ guard ∈ Minidregg.Kernel.DeclaredResourceController.readGuards prepared, guard.expectedRoot = (Minidregg.Compiler.ServedBasis.Ground.view ground).model.roots guard.cellId) ∧ (Minidregg.Kernel.DeclaredResourceController.lawSourceGuards prepared).isSome = Bool.true
def	Minidregg.Kernel.DeclaredResourceController.ReadEnvelopesEmpty	72d1b62d0e3142c6000b4adeb3b1aa8db197c50bd0ea03ed21ef9155a049bea6	f9de8fb18e181aa13b3dc3a6032cba21ab6862adeb5c7133c13a37449902d462	2fb1f2a538e42e7fcba287c2eb1e430fd6222850327f4b03b697a56f845ea435	a98c903eccc92606	Quot.sound,propext	Minidregg.Kernel.DeclaredResourceController.Command → Minidregg.Kernel.DeclaredResourceController.SignedCommand → Prop := fun command signed => ∀ (i : Minidregg.Kernel.DeclaredResourceController.TargetIndex command), command.targets[i].observeOnly = Bool.true → signed.envelope command (Option.some i) = []
inductive	Minidregg.Kernel.DeclaredResourceController.ReadLeg	564b4a32ce6649265acba0a15e4fd18675e6db46b2e4e5babcd9c4a3ce6d8e04	e292f9ce9a2692bf7bc925d0c9bca0124c2a7981868515c8689f3befeeee1e2c	5c49f6a3f9eb86ea7b1ebf9cec048555792cb6bf8786e7da142cf18685e6082b	17cb597d1c512278		{F : Type} → [inst : Field F] → {deployment : Minidregg.Kernel.DeclaredResourceController.Deployment} → {profile : Minidregg.Compiler.CanonicalRuntimeProfile.Profile F} → {ambient : Minidregg.Kernel.DeclaredResourceController.Ambient} → {ground : Minidregg.Kernel.DeclaredResourceController.Ground deployment} → {command : Minidregg.Kernel.DeclaredResourceController.Command} → [DecidableEq F] → Minidregg.Kernel.DeclaredResourceController.PreparedInvocation deployment profile ambient ground command → Minidregg.Kernel.DeclaredResourceController.TargetIndex command → List UInt8 → Type
def	Minidregg.Kernel.DeclaredResourceController.ReadLeg.authorization	719fda8ff18afd018a595a0828542f82c07cc4b1fef62b8ea5baba512a4ca2a5	00e171afe24940b15d903979cd1df121f6632b8b7a57cfdad24914a9777dc061	eada1f2402ab19d25656b3df8da1585040b3d5c0e2d5f0d1994dba6a487007d3	1941efa0f2cac179	Classical.choice,Quot.sound,propext	{F : Type} → [inst : Field F] → {deployment : Minidregg.Kernel.DeclaredResourceController.Deployment} → {profile : Minidregg.Compiler.CanonicalRuntimeProfile.Profile F} → {ambient : Minidregg.Kernel.DeclaredResourceController.Ambient} → {ground : Minidregg.Kernel.DeclaredResourceController.Ground deployment} → {command : Minidregg.Kernel.DeclaredResourceController.Command} → [inst_1 : DecidableEq F] → {prepared : Minidregg.Kernel.DeclaredResourceController.PreparedInvocation deployment profile ambient ground command} → {i : Minidregg.Kernel.DeclaredResourceController.TargetIndex command} → {envelope : List UInt8} → Minidregg.Kernel.DeclaredResourceController.ReadLeg prepared i envelope → (tuple : Minidregg.Kernel.MultiCellHyperedge.PreparedTuple (Minidregg.Kernel.DeclaredResourceController.plan prepared)) → command.targets[i].observeOnly = Bool.true → Minidregg.Theory.TypedAuthorization.Authorized (Minidregg.Kernel.DeclaredResourceController.portals prepared tuple (Option.some i)) (Minidregg.Compiler.ServedBasis.Ground.authority ground).authState (tuple.request (Option.some i)).snd
theorem	Minidregg.Kernel.DeclaredResourceController.ReadLeg.authorization_heq	b7a4e942154fc47104644e090aba8cc92d27559380924a57bd469cfd62e542e7	36e3ef6da0e0a9a051512805be6f37a2daee75d0093394e20198a7e25524a862	b586288f752b81904fe790977f3cc1e97009e7f4479c693bf414bbebe33e4101	9c239e03d3bf407a	Classical.choice,Quot.sound,propext	∀ {F : Type} [inst : Field F] {deployment : Minidregg.Kernel.DeclaredResourceController.Deployment} {profile : Minidregg.Compiler.CanonicalRuntimeProfile.Profile F} {ambient : Minidregg.Kernel.DeclaredResourceController.Ambient} {ground : Minidregg.Kernel.DeclaredResourceController.Ground deployment} {command : Minidregg.Kernel.DeclaredResourceController.Command} [inst_1 : DecidableEq F] {prepared : Minidregg.Kernel.DeclaredResourceController.PreparedInvocation deployment profile ambient ground command} {i : Minidregg.Kernel.DeclaredResourceController.TargetIndex command} {envelope : List UInt8} (leg : Minidregg.Kernel.DeclaredResourceController.ReadLeg prepared i envelope) (tuple : Minidregg.Kernel.MultiCellHyperedge.PreparedTuple (Minidregg.Kernel.DeclaredResourceController.plan prepared)) (read : command.targets[i].observeOnly = Bool.true), leg.authorization tuple read ≍ leg.checked.authorization
theorem	Minidregg.Kernel.DeclaredResourceController.ReadLeg.capabilityPresent	ad39ab0df72c7325da9f525c169cacb4ec41074a921b666b12fcb6c3cefceaf1	aa26efeb729843f8750cd2b1186bfc2bdbae92dca6f9ba1eb72bae1e7d8a1752	e2b93d327536f19571c0c2ed299a69ab85a2caf4997b9ae5008506e01148c426	041a88270da7ccf2	Classical.choice,Quot.sound,propext	∀ {F : Type} [inst : Field F] {deployment : Minidregg.Kernel.DeclaredResourceController.Deployment} {profile : Minidregg.Compiler.CanonicalRuntimeProfile.Profile F} {ambient : Minidregg.Kernel.DeclaredResourceController.Ambient} {ground : Minidregg.Kernel.DeclaredResourceController.Ground deployment} {command : Minidregg.Kernel.DeclaredResourceController.Command} [inst_1 : DecidableEq F] {prepared : Minidregg.Kernel.DeclaredResourceController.PreparedInvocation deployment profile ambient ground command} {i : Minidregg.Kernel.DeclaredResourceController.TargetIndex command} {envelope : List UInt8} (self : Minidregg.Kernel.DeclaredResourceController.ReadLeg prepared i envelope), command.targets[i].observeCapability.isSome = Bool.true
def	Minidregg.Kernel.DeclaredResourceController.ReadLeg.checked	779033828d3a0cb6faa897c5684b3e1876d60d6d435a3b29b989f3bc53ae6c5e	27bea2e41f6938ab0f6a953881299d38ba0fc1fb8f05379220b4c8748df47804	514af1ddfe96126eb5458a928f47c3d2d9b2fa8bb6158098b5b8d86e13676467	e37450bcbec52490	Classical.choice,Quot.sound,propext	{F : Type} → [inst : Field F] → {deployment : Minidregg.Kernel.DeclaredResourceController.Deployment} → {profile : Minidregg.Compiler.CanonicalRuntimeProfile.Profile F} → {ambient : Minidregg.Kernel.DeclaredResourceController.Ambient} → {ground : Minidregg.Kernel.DeclaredResourceController.Ground deployment} → {command : Minidregg.Kernel.DeclaredResourceController.Command} → [inst_1 : DecidableEq F] → {prepared : Minidregg.Kernel.DeclaredResourceController.PreparedInvocation deployment profile ambient ground command} → {i : Minidregg.Kernel.DeclaredResourceController.TargetIndex command} → {envelope : List UInt8} → (self : Minidregg.Kernel.DeclaredResourceController.ReadLeg prepared i envelope) → Minidregg.Kernel.ResourceObservationAdmission.Checked self.selected envelope
ctor	Minidregg.Kernel.DeclaredResourceController.ReadLeg.mk	cffb85f918cdf21d0539e93a56c5a3eb176701f4f7a4ed3400f7eec7080eef41	b72e7ce3e5702569b0b8fc7a9533c387bf40bb3d37be24c6b0ed180161925777	bdabe82dcd37900cb258bd948a80fa80d6cf5f9131f15ec3cc56a32955dc841b	f00a03d6bb7f1211		{F : Type} → [inst : Field F] → {deployment : Minidregg.Kernel.DeclaredResourceController.Deployment} → {profile : Minidregg.Compiler.CanonicalRuntimeProfile.Profile F} → {ambient : Minidregg.Kernel.DeclaredResourceController.Ambient} → {ground : Minidregg.Kernel.DeclaredResourceController.Ground deployment} → {command : Minidregg.Kernel.DeclaredResourceController.Command} → [inst_1 : DecidableEq F] → {prepared : Minidregg.Kernel.DeclaredResourceController.PreparedInvocation deployment profile ambient ground command} → {i : Minidregg.Kernel.DeclaredResourceController.TargetIndex command} → {envelope : List UInt8} → command.targets[i].observeCapability.isSome = Bool.true → (selected : Minidregg.Kernel.ResourceObservationAdmission.Prepared (Minidregg.Kernel.DeclaredResourceController.readContext prepared) profile (Minidregg.Kernel.DeclaredResourceController.readRequest prepared i) (Minidregg.Kernel.DeclaredResourceController.operationMarker (Minidregg.Compiler.ServedBasis.Ground.authority ground).domain profile.semantics command) (Minidregg.Kernel.DeclaredResourceController.readCapability i) (Minidregg.Kernel.DeclaredResourceController.commandCodec.encode command)) → Minidregg.Kernel.DeclaredResourceController.readPreparation prepared i = Except.ok selected → Minidregg.Kernel.ResourceObservationAdmission.Checked selected envelope → Minidregg.Kernel.DeclaredResourceController.moneyReadCovered prepared i → Minidregg.Kernel.DeclaredResourceController.ReadLeg prepared i envelope
theorem	Minidregg.Kernel.DeclaredResourceController.ReadLeg.moneyCovered	536b6030df356058eba092608e7fdc7adfeff4089d1b58b855e6f441699994e1	26686d3e3af5341a8d5139109e1bee2fd13109bbbe96aafd3876e86f507d986d	4aec16a0aa8261e3c0d219e80beb087e95475ec3c8eeb374d7e5415e35d09cef	6fb5d7ea895e397b	Classical.choice,Quot.sound,propext	∀ {F : Type} [inst : Field F] {deployment : Minidregg.Kernel.DeclaredResourceController.Deployment} {profile : Minidregg.Compiler.CanonicalRuntimeProfile.Profile F} {ambient : Minidregg.Kernel.DeclaredResourceController.Ambient} {ground : Minidregg.Kernel.DeclaredResourceController.Ground deployment} {command : Minidregg.Kernel.DeclaredResourceController.Command} [inst_1 : DecidableEq F] {prepared : Minidregg.Kernel.DeclaredResourceController.PreparedInvocation deployment profile ambient ground command} {i : Minidregg.Kernel.DeclaredResourceController.TargetIndex command} {envelope : List UInt8} (self : Minidregg.Kernel.DeclaredResourceController.ReadLeg prepared i envelope), Minidregg.Kernel.DeclaredResourceController.moneyReadCovered prepared i
theorem	Minidregg.Kernel.DeclaredResourceController.ReadLeg.preparedExact	78eff5f4d8519883ca7468849269e873a6e463103ab3be7acfbdfa5871a39736	598485d765ccbb5a862b3b14a4ccafed9fdc713e9b68f4b5943e338a49d04411	4151c1e9ee77779b72796c0027a164b7b4b45355d4a181a491aea6d5756e5aeb	3fdbfdd0dc955821	Classical.choice,Quot.sound,propext	∀ {F : Type} [inst : Field F] {deployment : Minidregg.Kernel.DeclaredResourceController.Deployment} {profile : Minidregg.Compiler.CanonicalRuntimeProfile.Profile F} {ambient : Minidregg.Kernel.DeclaredResourceController.Ambient} {ground : Minidregg.Kernel.DeclaredResourceController.Ground deployment} {command : Minidregg.Kernel.DeclaredResourceController.Command} [inst_1 : DecidableEq F] {prepared : Minidregg.Kernel.DeclaredResourceController.PreparedInvocation deployment profile ambient ground command} {i : Minidregg.Kernel.DeclaredResourceController.TargetIndex command} {envelope : List UInt8} (self : Minidregg.Kernel.DeclaredResourceController.ReadLeg prepared i envelope), Minidregg.Kernel.DeclaredResourceController.readPreparation prepared i = Except.ok self.selected
def	Minidregg.Kernel.DeclaredResourceController.ReadLeg.selected	d08bf685384bffe1a027ddb0dc74376883d4a211f651b3114beb73f1813b215d	b456b7900849d7953f227d6e1edeafeada2916824d2e78ab8a9dc46ab84a452a	b0a93315f5d4a3630b02d44d16e0b5be488bbb6f7910762226d02406ce6d9c43	b411beb3af518e75	Classical.choice,Quot.sound,propext	{F : Type} → [inst : Field F] → {deployment : Minidregg.Kernel.DeclaredResourceController.Deployment} → {profile : Minidregg.Compiler.CanonicalRuntimeProfile.Profile F} → {ambient : Minidregg.Kernel.DeclaredResourceController.Ambient} → {ground : Minidregg.Kernel.DeclaredResourceController.Ground deployment} → {command : Minidregg.Kernel.DeclaredResourceController.Command} → [inst_1 : DecidableEq F] → {prepared : Minidregg.Kernel.DeclaredResourceController.PreparedInvocation deployment profile ambient ground command} → {i : Minidregg.Kernel.DeclaredResourceController.TargetIndex command} → {envelope : List UInt8} → Minidregg.Kernel.DeclaredResourceController.ReadLeg prepared i envelope → Minidregg.Kernel.ResourceObservationAdmission.Prepared (Minidregg.Kernel.DeclaredResourceController.readContext prepared) profile (Minidregg.Kernel.DeclaredResourceController.readRequest prepared i) (Minidregg.Kernel.DeclaredResourceController.operationMarker (Minidregg.Compiler.ServedBasis.Ground.authority ground).domain profile.semantics command) (Minidregg.Kernel.DeclaredResourceController.readCapability i) (Minidregg.Kernel.DeclaredResourceController.commandCodec.encode command)
inductive	Minidregg.Kernel.DeclaredResourceController.ReceiveResult	529bf8e5f73f8b4e48eeacac7bd23917bad6d014536c2ae0d3722c8ca1cec896	16946b93ac38405660f51e475eb5aa7d25b54f5e5677e0f6a10a4526cc071cbf	92054b0a69400ce8e5e06b19fa38077bf34f0d5fad4139fdce897d21cdc4a7fa	16f947dd26828b0b		Type
ctor	Minidregg.Kernel.DeclaredResourceController.ReceiveResult.rejected	06087c73195a29420c9292445d59c83ebf2d5684ec68ae9924c17fd2daf410f1	d9ace439ef4cdf4f8966622ce50a7e13bec5be0e443856b332802a947fddd88f	edd345935af0c8f3c9ffe98dcecc451500d291a9ad2cbaf60ed9c0a56a2b68be	9311e9bc916518f0		Minidregg.Kernel.DeclaredResourceController.Reject → Minidregg.Kernel.DeclaredResourceController.ReceiveResult
def	Minidregg.Kernel.DeclaredResourceController.ReceiveResult.rejected.elim	9408567ec23e81b9a511ff655b4eb7a40b3aa5c311243d563e3f266618442b36	55e1bf83a7bac86988f139c47d8526880fb06963582789800f643440871431d0	4d24b78b511a3239e562ac1b880653605dba97492ddad89cded0de25c4e1d3d7	9e758dacde7c60d5	-	{motive : Minidregg.Kernel.DeclaredResourceController.ReceiveResult → Sort u} → (t : Minidregg.Kernel.DeclaredResourceController.ReceiveResult) → t.ctorIdx = 1 → ((reason : Minidregg.Kernel.DeclaredResourceController.Reject) → motive (Minidregg.Kernel.DeclaredResourceController.ReceiveResult.rejected reason)) → motive t
ctor	Minidregg.Kernel.DeclaredResourceController.ReceiveResult.replayed	e5cafc11bf654c9baece8e19381f79735a5f2094af0a3ceddda4dbb087560d0f	e7d81edad042ac24921e9d9b7ef96c7dd06292049405a83aca7c4b719594980c	76468e6bfbbb799bf70830541c1238072445f67e4a66670ff2e099889148c693	5d0b9f0088ea1f54		Minidregg.Kernel.DurableCommitProtocol.Intent Minidregg.Theory.TypedAuthorization.Digest Minidregg.Theory.TypedAuthorization.Digest Minidregg.Kernel.DurableDataIntent.StableNullifier Minidregg.Kernel.DurableDataIntent.ReplayEnvelope → Minidregg.Kernel.DeclaredResourceController.ReceiveResult
def	Minidregg.Kernel.DeclaredResourceController.ReceiveResult.replayed.elim	7eb82c2119ce66300164d8bf0d303e4cab05d746c1c7892c1ef7ab1eaa3f2ed5	e0e9d03148528df10edb6644d2a26a43c84edcee56ce630dec0a14a57ef08972	a82019ef36013414d744bde3cbde6a318ea9f2bd07aca7fb882be471b178e7d7	4b881984960395f8	-	{motive : Minidregg.Kernel.DeclaredResourceController.ReceiveResult → Sort u} → (t : Minidregg.Kernel.DeclaredResourceController.ReceiveResult) → t.ctorIdx = 0 → ((recorded : Minidregg.Kernel.DurableCommitProtocol.Intent Minidregg.Theory.TypedAuthorization.Digest Minidregg.Theory.TypedAuthorization.Digest Minidregg.Kernel.DurableDataIntent.StableNullifier Minidregg.Kernel.DurableDataIntent.ReplayEnvelope) → motive (Minidregg.Kernel.DeclaredResourceController.ReceiveResult.replayed recorded)) → motive t
ctor	Minidregg.Kernel.DeclaredResourceController.ReceiveResult.transactionConflict	5d192f05556cf1bae978b5bb96faa17647763f93a92f6f6ae016d597b472ba9e	299e616a3fbf769da827d3e832b21b4d736000e30dbb85a886eddb582d7a04da	c86d36003ebcb4684a102dd35b929a9674b4f49ba3e69ce6b3399df98ab99b97	34e0972cc7c80424		Minidregg.Kernel.DeclaredResourceController.ReceiveResult
def	Minidregg.Kernel.DeclaredResourceController.ReceiveResult.transactionConflict.elim	4d829d6c5831b4d3798dbe6762af246e2097663f25a1c4c713a8b20954d31d12	313c219aaf7bdade587629b28b931a94cb0a97a88d7cbe864d6de010c807c58b	18e1cb596577d23cfbb5d98fdf37924bf3dd99b32365bf47e5a8f162d9b9e993	de19cc84adfecaa0	-	{motive : Minidregg.Kernel.DeclaredResourceController.ReceiveResult → Sort u} → (t : Minidregg.Kernel.DeclaredResourceController.ReceiveResult) → t.ctorIdx = 2 → motive Minidregg.Kernel.DeclaredResourceController.ReceiveResult.transactionConflict → motive t
ctor	Minidregg.Kernel.DeclaredResourceController.ReceiveResult.unavailable	30384460fea33f4a63d491d6ebe5e70a1c0d5bd1acf5b20d3e3068b42e7dfcd8	c1e4394f3b1ef00eaad4f34d1aad77bf05a1b559e5e6379e7d8ab2236ef32434	0337a3d43875787f8719dfcec795f363c0fae81262af7b8bb1ad9b6d7b24249d	25becb4973a7e6af		String → Minidregg.Kernel.DeclaredResourceController.ReceiveResult
def	Minidregg.Kernel.DeclaredResourceController.ReceiveResult.unavailable.elim	b18d1b51bc9873a2271947ddce9e0cd8d6077b21484a57e8ea56420a15da3ebc	1d69a9db538efbca51425555daec800e3da73e255479433705f8fca482a8ef9e	11f69b2a8c9273c38981524e1edf847f301416668e459475c179c08ddafa69dd	857cb2c117134564	-	{motive : Minidregg.Kernel.DeclaredResourceController.ReceiveResult → Sort u} → (t : Minidregg.Kernel.DeclaredResourceController.ReceiveResult) → t.ctorIdx = 3 → ((detail : String) → motive (Minidregg.Kernel.DeclaredResourceController.ReceiveResult.unavailable detail)) → motive t
inductive	Minidregg.Kernel.DeclaredResourceController.SignedCommand	0c32cb16112427ada59675f37fda395f20c07d38796da30f85bb4763516d53f5	16946b93ac38405660f51e475eb5aa7d25b54f5e5677e0f6a10a4526cc071cbf	c4d38891784d0043f5af680dd63f43916366e528cf44f3cd1a622fcce80a95ae	94d9a529792de5c7		Type
def	Minidregg.Kernel.DeclaredResourceController.SignedCommand.authorityEnvelope	a14feaf50c81ad5458d173f8aac2cfcf9468755becd2eb75c16e7f0d6a924d81	263527cc64d851066e6c91ca66b33b7e60df49c995d5d76f80eae6690329ac2c	83c9a41e233f0243d7fbc9f145c0911c7a03c71322b6ebf895dd03fed352d269	3ad514e16171bf39	-	Minidregg.Kernel.DeclaredResourceController.SignedCommand → List UInt8
def	Minidregg.Kernel.DeclaredResourceController.SignedCommand.commandBytes	7af987f78038907ef3eec4595f1a8bba73e05efdfb0e5c156fb324cefabb9347	263527cc64d851066e6c91ca66b33b7e60df49c995d5d76f80eae6690329ac2c	5ae08ec03e3abe162301eb887f9740ce428984822c281bc6ee0ddad5b745ce4d	a195b036781187c4	-	Minidregg.Kernel.DeclaredResourceController.SignedCommand → List UInt8
def	Minidregg.Kernel.DeclaredResourceController.SignedCommand.envelope	35d98ba489304ce6c9d71fce54105f3d15d9d9864dfec79372825f99bcb33945	6b0d31aef3f641298bf3442eb4d814318b6be817f09b197feddd6284d5ecb580	57ef8ef16ba2570410b75caa8e76492fae14a9eadb7dbd233f70ca98a66de919	b9d909926a5fe882	Quot.sound,propext	Minidregg.Kernel.DeclaredResourceController.SignedCommand → (command : Minidregg.Kernel.DeclaredResourceController.Command) → Minidregg.Kernel.DeclaredResourceController.Incidence command → List UInt8
ctor	Minidregg.Kernel.DeclaredResourceController.SignedCommand.mk	ea6aee84339b4d9ad19a609aa48bb68140d2cb7cb5898e8c889619fb8d48135e	f854695cddc893a56899db14fdb788a32aa2252c3cfd752e18eed695f8a0f632	a819d6d908a72b90851d1b953fb422fb19248721f92657d75783a9c369cda040	d88bf89f4032cf59		List UInt8 → List (List UInt8) → List (List UInt8) → List UInt8 → Minidregg.Kernel.DeclaredResourceController.SignedCommand
def	Minidregg.Kernel.DeclaredResourceController.SignedCommand.observeEnvelopes	b53ff69b07e8e94f98b44343cd77b73c24cadd1021fa40f44e63591ae30108df	2d39ea77c282e1c70b904c577e30feb81af85b1935b3e5e7701eb863bed126ff	695e1dbf92532ae6840d99f9d2f8260446991c2d61a159eaca14afb6ffb745a1	ae489bf3c48f55fc	-	Minidregg.Kernel.DeclaredResourceController.SignedCommand → List (List UInt8)
def	Minidregg.Kernel.DeclaredResourceController.SignedCommand.targetEnvelopes	09261a9496d8255caf15c56d58c286dbb539098a6c691c9719cb8ea3b5ab91b9	2d39ea77c282e1c70b904c577e30feb81af85b1935b3e5e7701eb863bed126ff	7a134f111455d13a596b2864a1535289a3bf5604623f8a3de60d9c0693d8f7ca	18b0d25aec251215	-	Minidregg.Kernel.DeclaredResourceController.SignedCommand → List (List UInt8)
def	Minidregg.Kernel.DeclaredResourceController.SignedIngress	71a3ad5eedf029c7f2af9572d8969c861a4132a5db3531f5a824bbcdcdd50edd	89855d392aa192071e8a2b2230d30ecae8fc9de0c15fa6a53f6209226829292a	fe1ef8604c0c736767ee9a78b77204e9f8ced1f8cda9833cccf389a691c2bc49	80415fcd7f54e094	-	Type
def	Minidregg.Kernel.DeclaredResourceController.Source	a5b915b419312d6d92cee04c30d56cb741cc6687dc83670aa8f3de2105893209	41bfee4618e7c5b3bad41fc47043bd8bfe5ed4fffdc7a3275f037dd90c8d37b8	8533d8ffd3a5851b58d9074be28c9177570b213a6da3fbb0bee2e427ac9d98fd	de750277188ed4d0	Quot.sound,propext	Minidregg.Kernel.DeclaredResourceController.Command → Type
def	Minidregg.Kernel.DeclaredResourceController.Target.isRead	809f8bd7f9845763c9eacff86985530fffc1bc79cbf5d154d4cb4c7fb8bda68e	aa676ac4aea25a65d169785a7992ce58d5af6cff19089e0215e0342eaa24cc86	07d61ab65a02dabf60ac91efe4789e4573a25dadec5f97acde47cbc3f4abc1bc	69b756914c738a0f	Quot.sound,propext	Minidregg.Kernel.DeclaredResourceController.Target → Bool
inductive	Minidregg.Kernel.DeclaredResourceController.TargetAudience	2ca43b6f7931fbb287072b2eca6bd5ec5c8b9909d870cd284fb339ffabab31ed	1b3d2a5f64dab2d83a6291cd04d10087df054d29c4799683ae64762ce63b4cb0	83553a076a439562cccc53ae9ba83e736225391dc53efeee2e127ac431a20e0c	a439147ccacc3a23		{F : Type} → [inst : Field F] → {deployment : Minidregg.Kernel.DeclaredResourceController.Deployment} → {profile : Minidregg.Compiler.CanonicalRuntimeProfile.Profile F} → {ambient : Minidregg.Kernel.DeclaredResourceController.Ambient} → {ground : Minidregg.Kernel.DeclaredResourceController.Ground deployment} → {command : Minidregg.Kernel.DeclaredResourceController.Command} → [DecidableEq F] → Minidregg.Kernel.DeclaredResourceController.PreparedInvocation deployment profile ambient ground command → Minidregg.Kernel.DeclaredResourceController.TargetIndex command → Type
def	Minidregg.Kernel.DeclaredResourceController.TargetAudience.deviceSources	9402f7b59e375f22adcf7f8b54c92af2a67a0ab9c558749e9c89dd50eab7feb0	68230ec62ca4857fe23fe2fe0e53ef1562578fcc1afa43f7694d854e1f5ae4d9	9073014822db6a331bd0698ee3a6ea4b6a70d3d09c2d0a1a558e4682839587a0	d19a4ba25f74f7ae	Classical.choice,Quot.sound,propext	{F : Type} → [inst : Field F] → {deployment : Minidregg.Kernel.DeclaredResourceController.Deployment} → {profile : Minidregg.Compiler.CanonicalRuntimeProfile.Profile F} → {ambient : Minidregg.Kernel.DeclaredResourceController.Ambient} → {ground : Minidregg.Kernel.DeclaredResourceController.Ground deployment} → {command : Minidregg.Kernel.DeclaredResourceController.Command} → [inst_1 : DecidableEq F] → {prepared : Minidregg.Kernel.DeclaredResourceController.PreparedInvocation deployment profile ambient ground command} → {i : Minidregg.Kernel.DeclaredResourceController.TargetIndex command} → Minidregg.Kernel.DeclaredResourceController.TargetAudience prepared i → List Minidregg.Kernel.DurableDataIntent.CellId
def	Minidregg.Kernel.DeclaredResourceController.TargetAudience.guards	fcde7a620b467fa8f14b3cc267f2928921ebc6310d1485fa3b6f881ee0e581d2	de5353ae4a2a333f2aeaba4a79ce77d2d95f4924e1f92e241cc5ba9d0fc1dfe4	d0bfb127ef2822fe50d66533bdadf903ea1f34ee07258c1232027f9d3ab68865	0fec84a0e09cfe42	Classical.choice,Quot.sound,propext	{F : Type} → [inst : Field F] → {deployment : Minidregg.Kernel.DeclaredResourceController.Deployment} → {profile : Minidregg.Compiler.CanonicalRuntimeProfile.Profile F} → {ambient : Minidregg.Kernel.DeclaredResourceController.Ambient} → {ground : Minidregg.Kernel.DeclaredResourceController.Ground deployment} → {command : Minidregg.Kernel.DeclaredResourceController.Command} → [inst_1 : DecidableEq F] → {prepared : Minidregg.Kernel.DeclaredResourceController.PreparedInvocation deployment profile ambient ground command} → {i : Minidregg.Kernel.DeclaredResourceController.TargetIndex command} → Minidregg.Kernel.DeclaredResourceController.TargetAudience prepared i → List Minidregg.Kernel.DurableDataIntent.ReadGuard
ctor	Minidregg.Kernel.DeclaredResourceController.TargetAudience.protectedView	914ac1b4976f9006ea00dd30837ca96348db7f7f6e6ec357977a1f7fc3f8f272	be4b86eede79a4860ebd4d2f3027d04976f7a2a406729e96d314ff14c6cf085e	4e7d0bb69f383491a9d9eba21992bc1f56ddc5b382166ac261994092fd1e082e	c4897541a879ab32		{F : Type} → [inst : Field F] → {deployment : Minidregg.Kernel.DeclaredResourceController.Deployment} → {profile : Minidregg.Compiler.CanonicalRuntimeProfile.Profile F} → {ambient : Minidregg.Kernel.DeclaredResourceController.Ambient} → {ground : Minidregg.Kernel.DeclaredResourceController.Ground deployment} → {command : Minidregg.Kernel.DeclaredResourceController.Command} → [inst_1 : DecidableEq F] → {prepared : Minidregg.Kernel.DeclaredResourceController.PreparedInvocation deployment profile ambient ground command} → {i : Minidregg.Kernel.DeclaredResourceController.TargetIndex command} → (state : Minidregg.Theory.ObjectAudience.State) → (prepared.targets i).source.record.audience = Option.some state → (roster : Minidregg.Theory.ObjectAudienceRoster.Roster) → command.targets[i].audienceRoster = Option.some roster → Minidregg.Kernel.ConfidentialAudienceAdmission.Checked (Minidregg.Kernel.DeclaredResourceController.audienceContext prepared) ambient command.targets[i].target (Minidregg.Theory.CellState.Materialized.root (prepared.targets i).pre) state roster (Minidregg.Kernel.DeclaredResourceController.audienceView prepared i) (Minidregg.Kernel.DeclaredResourceController.audienceDisclosure prepared i) → Minidregg.Kernel.DeclaredResourceController.TargetAudience prepared i
def	Minidregg.Kernel.DeclaredResourceController.TargetAudience.protectedView.elim	a35b03a629be7d7f3aaf5782ff321866a7ae9cfe868bbfc5939009cbace92c87	89a7d2addfd032090ca7d7a3315de92a675deb0655dfbb50464418a52a4babf6	b97e23a4986c26ee5ac6442880384453ab4dc351d38576a0b52f3a00eb791e09	f831dac29d9bf867	Classical.choice,Quot.sound,propext	{F : Type} → [inst : Field F] → {deployment : Minidregg.Kernel.DeclaredResourceController.Deployment} → {profile : Minidregg.Compiler.CanonicalRuntimeProfile.Profile F} → {ambient : Minidregg.Kernel.DeclaredResourceController.Ambient} → {ground : Minidregg.Kernel.DeclaredResourceController.Ground deployment} → {command : Minidregg.Kernel.DeclaredResourceController.Command} → [inst_1 : DecidableEq F] → {prepared : Minidregg.Kernel.DeclaredResourceController.PreparedInvocation deployment profile ambient ground command} → {i : Minidregg.Kernel.DeclaredResourceController.TargetIndex command} → {motive : Minidregg.Kernel.DeclaredResourceController.TargetAudience prepared i → Sort u} → (t : Minidregg.Kernel.DeclaredResourceController.TargetAudience prepared i) → t.ctorIdx = 1 → ((state : Minidregg.Theory.ObjectAudience.State) → (present : (prepared.targets i).source.record.audience = Option.some state) → (roster : Minidregg.Theory.ObjectAudienceRoster.Roster) → (signedRoster : command.targets[i].audienceRoster = Option.some roster) → (checked : Minidregg.Kernel.ConfidentialAudienceAdmission.Checked (Minidregg.Kernel.DeclaredResourceController.audienceContext prepared) ambient command.targets[i].target (Minidregg.Theory.CellState.Materialized.root (prepared.targets i).pre) state roster (Minidregg.Kernel.DeclaredResourceController.audienceView prepared i) (Minidregg.Kernel.DeclaredResourceController.audienceDisclosure prepared i)) → motive (Minidregg.Kernel.DeclaredResourceController.TargetAudience.protectedView state present roster signedRoster checked)) → motive t
ctor	Minidregg.Kernel.DeclaredResourceController.TargetAudience.publicView	48e3fb0e457a224219faa9791daa43a598dbb433c7fbc117046d787e1ed66f19	bcc7312f17c2a152e1459752f31ded0985c6efa7947ae9fe2e501fe79da46c4f	8da12e4a3b7190130418ee649f3bd06fbebd3318e2db09c2f9d515a72d454951	0b6e0f2c56c5e67f		{F : Type} → [inst : Field F] → {deployment : Minidregg.Kernel.DeclaredResourceController.Deployment} → {profile : Minidregg.Compiler.CanonicalRuntimeProfile.Profile F} → {ambient : Minidregg.Kernel.DeclaredResourceController.Ambient} → {ground : Minidregg.Kernel.DeclaredResourceController.Ground deployment} → {command : Minidregg.Kernel.DeclaredResourceController.Command} → [inst_1 : DecidableEq F] → {prepared : Minidregg.Kernel.DeclaredResourceController.PreparedInvocation deployment profile ambient ground command} → {i : Minidregg.Kernel.DeclaredResourceController.TargetIndex command} → (prepared.targets i).source.record.audience = Option.none → Minidregg.Kernel.DeclaredResourceController.TargetAudience prepared i
def	Minidregg.Kernel.DeclaredResourceController.TargetAudience.publicView.elim	d56fe8ffcafcf6ebb5c6264e1f9e8e6c739735b01c3c6529d3ea9e46eb9199ad	82a3faccb07d02627bd4bc853802cfcc16799a2e2d19f90e1add053aee6cd8c9	f0a98f236a1da3cca27b69d2d75bbac0af7f2e51a4827cd6ed734074ee2af606	5c6ecfddfe39a58b	Classical.choice,Quot.sound,propext	{F : Type} → [inst : Field F] → {deployment : Minidregg.Kernel.DeclaredResourceController.Deployment} → {profile : Minidregg.Compiler.CanonicalRuntimeProfile.Profile F} → {ambient : Minidregg.Kernel.DeclaredResourceController.Ambient} → {ground : Minidregg.Kernel.DeclaredResourceController.Ground deployment} → {command : Minidregg.Kernel.DeclaredResourceController.Command} → [inst_1 : DecidableEq F] → {prepared : Minidregg.Kernel.DeclaredResourceController.PreparedInvocation deployment profile ambient ground command} → {i : Minidregg.Kernel.DeclaredResourceController.TargetIndex command} → {motive : Minidregg.Kernel.DeclaredResourceController.TargetAudience prepared i → Sort u} → (t : Minidregg.Kernel.DeclaredResourceController.TargetAudience prepared i) → t.ctorIdx = 0 → ((absent : (prepared.targets i).source.record.audience = Option.none) → motive (Minidregg.Kernel.DeclaredResourceController.TargetAudience.publicView absent)) → motive t
def	Minidregg.Kernel.DeclaredResourceController.admissionEvidence	d77cc700de31e35ad3a19cfa7b3612cd8b3fcd1bdd488c8c8afb70f5a58ee7be	e76cba5dcf7712043709e83cc093752053db3118eb1b0a6e3d4d1465fb67a64f	3e4c4df6c7b0cf89cb7b62abdfa26bd410de2843e738700f9fd41b5496f82f3d	85e2d0f6f7b513ac	Classical.choice,Quot.sound,propext	{F : Type} → [inst : Field F] → {deployment : Minidregg.Kernel.DeclaredResourceController.Deployment} → {profile : Minidregg.Compiler.CanonicalRuntimeProfile.Profile F} → {ambient : Minidregg.Kernel.DeclaredResourceController.Ambient} → {ground : Minidregg.Kernel.DeclaredResourceController.Ground deployment} → {command : Minidregg.Kernel.DeclaredResourceController.Command} → [inst_1 : DecidableEq F] → (prepared : Minidregg.Kernel.DeclaredResourceController.PreparedInvocation deployment profile ambient ground command) → (tuple : Minidregg.Kernel.MultiCellHyperedge.PreparedTuple (Minidregg.Kernel.DeclaredResourceController.plan prepared)) → ((incidence : Minidregg.Kernel.DeclaredResourceController.Incidence command) → Minidregg.Theory.TypedAuthorization.Authorized (Minidregg.Kernel.DeclaredResourceController.portals prepared tuple incidence) (Minidregg.Compiler.ServedBasis.Ground.authority ground).authState (tuple.request incidence).snd) → tuple.AdmissionEvidence (Minidregg.Kernel.DeclaredResourceController.portals prepared tuple)
def	Minidregg.Kernel.DeclaredResourceController.admissionGuards	044796252959cbf587a9dc5772d9756020763d47c057ce1ec0b2e9632b714d72	4fa4e8befd3108556b3e4513d0c76114a774f05b186f7f44e83a219af13ca30a	c84199ba4e18606d1f4437ed5658271ca8ffd245a57cbab718f0b69d8f503730	bcc4bafd8169b327	Classical.choice,Quot.sound,propext	{F : Type} → [inst : Field F] → {deployment : Minidregg.Kernel.DeclaredResourceController.Deployment} → {profile : Minidregg.Compiler.CanonicalRuntimeProfile.Profile F} → {ambient : Minidregg.Kernel.DeclaredResourceController.Ambient} → {ground : Minidregg.Kernel.DeclaredResourceController.Ground deployment} → {command : Minidregg.Kernel.DeclaredResourceController.Command} → [inst_1 : DecidableEq F] → (prepared : Minidregg.Kernel.DeclaredResourceController.PreparedInvocation deployment profile ambient ground command) → Minidregg.Kernel.DeclaredResourceController.AudienceChecks prepared → List Minidregg.Kernel.DurableDataIntent.ReadGuard
def	Minidregg.Kernel.DeclaredResourceController.admit	55324e6f17015b4805672ca7d512ef39d953218c40045087cce2ef185d312d2a	d0d657b4fe9d61e5c472b99502a7f38f446f75bc1240a41290a99fd61f77403a	1d5789f968423c36ad3bb8b8169a10fe8b5432034c7f6aac90c1ab5290a0fb08	10e1d9640d381c56	Classical.choice,Quot.sound,propext	{F : Type} → [inst : Field F] → {deployment : Minidregg.Kernel.DeclaredResourceController.Deployment} → {profile : Minidregg.Compiler.CanonicalRuntimeProfile.Profile F} → {ambient : Minidregg.Kernel.DeclaredResourceController.Ambient} → {ground : Minidregg.Kernel.DeclaredResourceController.Ground deployment} → {command : Minidregg.Kernel.DeclaredResourceController.Command} → [inst_1 : DecidableEq F] → {m : Type → Type} → [inst_2 : Monad m] → Minidregg.Compiler.CredentialSignatureIO.Oracle m → (prepared : Minidregg.Kernel.DeclaredResourceController.PreparedInvocation deployment profile ambient ground command) → (signed : Minidregg.Kernel.DeclaredResourceController.SignedCommand) → optParam (Minidregg.Kernel.ObjectiveBendNativeAdmission.ReadOracle m) Minidregg.Kernel.ObjectiveBendNativeAdmission.ReadOracle.refuse → m (Except Minidregg.Kernel.DeclaredResourceController.Reject (Minidregg.Kernel.DeclaredResourceController.AcceptedInvocation prepared signed))
def	Minidregg.Kernel.DeclaredResourceController.admitAuthority	974e19b15359ecf2cff68fe9b4f1f867e6da88459205b5d5f0e3958fbce951fd	78efed6f9443841e425e45acba646116f2a445d26b26b5fd637bd517475b3e1a	dd2ea679ee24c641940aa02f457b53ba918753aceff09e0a74b14496dba272ef	9ccb22c12116f365	Classical.choice,Quot.sound,propext	{F : Type} → [inst : Field F] → {deployment : Minidregg.Kernel.DeclaredResourceController.Deployment} → {profile : Minidregg.Compiler.CanonicalRuntimeProfile.Profile F} → {ambient : Minidregg.Kernel.DeclaredResourceController.Ambient} → {ground : Minidregg.Kernel.DeclaredResourceController.Ground deployment} → {command : Minidregg.Kernel.DeclaredResourceController.Command} → [inst_1 : DecidableEq F] → {m : Type → Type} → [Monad m] → Minidregg.Compiler.CredentialSignatureIO.Oracle m → (prepared : Minidregg.Kernel.DeclaredResourceController.PreparedInvocation deployment profile ambient ground command) → (signed : Minidregg.Kernel.DeclaredResourceController.SignedCommand) → m (Except Minidregg.Kernel.DeclaredResourceController.Reject (Minidregg.Kernel.DeclaredResourceController.AuthorityInvocation prepared signed))
theorem	Minidregg.Kernel.DeclaredResourceController.admitAuthority_refuses_read_target_envelope	5b00e94fd2c697b63b61ca5bd5a95f20a7988f00ac559c4be655bec126bffcf3	502f9ea9d46acbdcb234e26dcaf73a875acbd34344f41912f8aa14da55552077	86f5d88e18db74bef37730c1185226026920bb03d4cefd7adf24b00df8f6e254	26521ad07326b193	Classical.choice,Quot.sound,propext	∀ {F : Type} [inst : Field F] {deployment : Minidregg.Kernel.DeclaredResourceController.Deployment} {profile : Minidregg.Compiler.CanonicalRuntimeProfile.Profile F} {ambient : Minidregg.Kernel.DeclaredResourceController.Ambient} {ground : Minidregg.Kernel.DeclaredResourceController.Ground deployment} {command : Minidregg.Kernel.DeclaredResourceController.Command} [inst_1 : DecidableEq F] {m : Type → Type} [inst_2 : Monad m] (native : Minidregg.Compiler.CredentialSignatureIO.Oracle m) (prepared : Minidregg.Kernel.DeclaredResourceController.PreparedInvocation deployment profile ambient ground command) (signed : Minidregg.Kernel.DeclaredResourceController.SignedCommand), Minidregg.Kernel.DeclaredResourceController.commandCodec.encode command = signed.commandBytes → signed.targetEnvelopes.length = command.targets.length → (signed.observeEnvelopes.length = if command.requiresObservation = Bool.true then command.targets.length else 0) → ∀ (i : Minidregg.Kernel.DeclaredResourceController.TargetIndex command), command.targets[i].observeOnly = Bool.true → signed.envelope command (Option.some i) ≠ [] → Minidregg.Kernel.DeclaredResourceController.admitAuthority native prepared signed = Pure.pure (Except.error Minidregg.Kernel.DeclaredResourceController.Reject.readTargetEnvelope)
theorem	Minidregg.Kernel.DeclaredResourceController.admitAuthority_refuses_read_without_observation	f6a3b143001040c2e200a1547dbae32b52687114f463186b712edf81129e83b3	6f674f08c286c5c3d430735e7951177a54e27f548ee1bb4c49260ad44b50e6cf	92ea661d127e2810221c2dbf23c1fb13f816788e579ea2bcf85df1f59ef6fbfc	af5aa0a5676f5a13	Classical.choice,Quot.sound,propext	∀ {F : Type} [inst : Field F] {deployment : Minidregg.Kernel.DeclaredResourceController.Deployment} {profile : Minidregg.Compiler.CanonicalRuntimeProfile.Profile F} {ambient : Minidregg.Kernel.DeclaredResourceController.Ambient} {ground : Minidregg.Kernel.DeclaredResourceController.Ground deployment} {command : Minidregg.Kernel.DeclaredResourceController.Command} [inst_1 : DecidableEq F] {m : Type → Type} [inst_2 : Monad m] (native : Minidregg.Compiler.CredentialSignatureIO.Oracle m) (prepared : Minidregg.Kernel.DeclaredResourceController.PreparedInvocation deployment profile ambient ground command) (signed : Minidregg.Kernel.DeclaredResourceController.SignedCommand), Minidregg.Kernel.DeclaredResourceController.commandCodec.encode command = signed.commandBytes → signed.targetEnvelopes.length = command.targets.length → ∀ (i : Minidregg.Kernel.DeclaredResourceController.TargetIndex command), command.targets[i].observeOnly = Bool.true → signed.observeEnvelopes = [] → Minidregg.Kernel.DeclaredResourceController.admitAuthority native prepared signed = Pure.pure (Except.error Minidregg.Kernel.DeclaredResourceController.Reject.wrongEnvelopeCount)
def	Minidregg.Kernel.DeclaredResourceController.admitObjective	77eeda00c17db769a71c3e8e569cec8a3a558c3c5507674669b3506fa3675029	6d1a1f903cc9f7968c7aa9d6c207f13e334f990589f26f72f8481afb6261c834	1472bbf35b74b75a3537c925a91784d40ac3bc3fbfc0986431f7704e34cf685e	b067614188f8e9e4	Classical.choice,Quot.sound,propext	{F : Type} → [inst : Field F] → {deployment : Minidregg.Kernel.DeclaredResourceController.Deployment} → {profile : Minidregg.Compiler.CanonicalRuntimeProfile.Profile F} → {ambient : Minidregg.Kernel.DeclaredResourceController.Ambient} → {ground : Minidregg.Kernel.DeclaredResourceController.Ground deployment} → {command : Minidregg.Kernel.DeclaredResourceController.Command} → [inst_1 : DecidableEq F] → {m : Type → Type} → [Monad m] → Minidregg.Compiler.CredentialSignatureIO.Oracle m → (prepared : Minidregg.Kernel.DeclaredResourceController.PreparedInvocation deployment profile ambient ground command) → (signed : Minidregg.Kernel.DeclaredResourceController.SignedCommand) → Minidregg.Kernel.ObjectiveBendNativeAdmission.ReadOracle m → m (Except Minidregg.Kernel.DeclaredResourceController.Reject (Minidregg.Kernel.DeclaredResourceController.AcceptedInvocation prepared signed))
def	Minidregg.Kernel.DeclaredResourceController.admitOrdinary	2c681bf6a3fbc17c99796b955eb6b3bbbf2790edfc00cc86551a7c6278cef626	4fbd91656ed280950e40275bcb22f4f6306287f769892cd00db025cf7fdd9946	09a0bdb74d15d338889ebc272210c1103c12641f57d5ec1322a6f15c2ba217eb	41005cdc3b2d3964	Classical.choice,Quot.sound,propext	{F : Type} → [inst : Field F] → {deployment : Minidregg.Kernel.DeclaredResourceController.Deployment} → {profile : Minidregg.Compiler.CanonicalRuntimeProfile.Profile F} → {ambient : Minidregg.Kernel.DeclaredResourceController.Ambient} → {ground : Minidregg.Kernel.DeclaredResourceController.Ground deployment} → {command : Minidregg.Kernel.DeclaredResourceController.Command} → [inst_1 : DecidableEq F] → {m : Type → Type} → [Monad m] → Minidregg.Compiler.CredentialSignatureIO.Oracle m → (prepared : Minidregg.Kernel.DeclaredResourceController.PreparedInvocation deployment profile ambient ground command) → (signed : Minidregg.Kernel.DeclaredResourceController.SignedCommand) → m (Except Minidregg.Kernel.DeclaredResourceController.Reject (Minidregg.Kernel.DeclaredResourceController.AcceptedInvocation prepared signed))
def	Minidregg.Kernel.DeclaredResourceController.admitOrdinaryRoute	479ac6ceed1dc0501ad053216145a9847609d716062ccbb128edd8af4d3bf132	4290f92bc67cb41355ebf95bc784e27f4eda773d9a1dd4eecfbba5fa60a25fd7	59568ab725673ed521819b00572339af548e6f12d161168df7f40c69be718547	c8802097d2871aad	Classical.choice,Quot.sound,propext	{F : Type} → [inst : Field F] → {deployment : Minidregg.Kernel.DeclaredResourceController.Deployment} → {profile : Minidregg.Compiler.CanonicalRuntimeProfile.Profile F} → {ambient : Minidregg.Kernel.DeclaredResourceController.Ambient} → {ground : Minidregg.Kernel.DeclaredResourceController.Ground deployment} → {command : Minidregg.Kernel.DeclaredResourceController.Command} → [inst_1 : DecidableEq F] → (prepared : Minidregg.Kernel.DeclaredResourceController.PreparedInvocation deployment profile ambient ground command) → (signed : Minidregg.Kernel.DeclaredResourceController.SignedCommand) → Option (Minidregg.Kernel.DeclaredResourceController.InvocationRouteAdmission prepared signed)
def	Minidregg.Kernel.DeclaredResourceController.audienceContext	7f4aaecc9b4710fca0cfb899b5f42949174fe6d68a48e707ecb31b82b5fa156d	42e88f7aac61df768ec217e4dbadbca857cb621c4307b0356aa1b89bfa1bfc71	908729501d14a99f79c63583723ee33e0695ad51a2d3123de1cbc466b9d2ad8a	0e0a87b158584081	Classical.choice,Quot.sound,propext	{F : Type} → [inst : Field F] → {deployment : Minidregg.Kernel.DeclaredResourceController.Deployment} → {profile : Minidregg.Compiler.CanonicalRuntimeProfile.Profile F} → {ambient : Minidregg.Kernel.DeclaredResourceController.Ambient} → {ground : Minidregg.Kernel.DeclaredResourceController.Ground deployment} → {command : Minidregg.Kernel.DeclaredResourceController.Command} → Minidregg.Kernel.DeclaredResourceController.PreparedInvocation deployment profile ambient ground command → Minidregg.Kernel.ResourceObservationAdmission.Context deployment
def	Minidregg.Kernel.DeclaredResourceController.audienceDisclosure	7c2e8814d96bbef745ea1ad6be589d638d6b6d4159ecefaab18c7f17c015e90d	52a16d0d936cb40a8f6b9c2dc50c351e9d6f05409e2c3b7b268360838a648fa9	bed1bef4ecae64708df4009f548b5486ca77ba07957f451ebb7e062972c08dd9	69c92ee796029f5a	Classical.choice,Quot.sound,propext	{F : Type} → [inst : Field F] → {deployment : Minidregg.Kernel.DeclaredResourceController.Deployment} → {profile : Minidregg.Compiler.CanonicalRuntimeProfile.Profile F} → {ambient : Minidregg.Kernel.DeclaredResourceController.Ambient} → {ground : Minidregg.Kernel.DeclaredResourceController.Ground deployment} → {command : Minidregg.Kernel.DeclaredResourceController.Command} → Minidregg.Kernel.DeclaredResourceController.PreparedInvocation deployment profile ambient ground command → Minidregg.Kernel.DeclaredResourceController.TargetIndex command → List UInt8
def	Minidregg.Kernel.DeclaredResourceController.audienceGuards	a56e0a43416a1f44a609dc7e7b4dd4e39e96b4c35f82b95eb3a8ba414ac5b6cd	8b6c1e6114396a97c067b62117d96d5263b6949fb008dcfcb48f30c10f5d95b6	6c1ace2f3d27e5f35cafc116d88a9489d93aff782e8266cb0f08dffbb32af4c4	a0001b8380304ba6	Classical.choice,Quot.sound,propext	{F : Type} → [inst : Field F] → {deployment : Minidregg.Kernel.DeclaredResourceController.Deployment} → {profile : Minidregg.Compiler.CanonicalRuntimeProfile.Profile F} → {ambient : Minidregg.Kernel.DeclaredResourceController.Ambient} → {ground : Minidregg.Kernel.DeclaredResourceController.Ground deployment} → {command : Minidregg.Kernel.DeclaredResourceController.Command} → [inst_1 : DecidableEq F] → {prepared : Minidregg.Kernel.DeclaredResourceController.PreparedInvocation deployment profile ambient ground command} → ((i : Minidregg.Kernel.DeclaredResourceController.TargetIndex command) → Minidregg.Kernel.DeclaredResourceController.TargetAudience prepared i) → List Minidregg.Kernel.DurableDataIntent.ReadGuard
def	Minidregg.Kernel.DeclaredResourceController.audienceView	b376372ffd848615a00c36a333a5fc65b9cac4111f7bdc8590fd9a09c15bf25e	a19f5d093a065568d229ba262884af10594abbaa79c62c8970e8b93ccf31b58b	7311e45123f2dccab33ea20431a2df45921f435574202f1f63486d84259c03ef	ea62352d8a7cf6bf	Classical.choice,Quot.sound,propext	{F : Type} → [inst : Field F] → {deployment : Minidregg.Kernel.DeclaredResourceController.Deployment} → {profile : Minidregg.Compiler.CanonicalRuntimeProfile.Profile F} → {ambient : Minidregg.Kernel.DeclaredResourceController.Ambient} → {ground : Minidregg.Kernel.DeclaredResourceController.Ground deployment} → {command : Minidregg.Kernel.DeclaredResourceController.Command} → Minidregg.Kernel.DeclaredResourceController.PreparedInvocation deployment profile ambient ground command → Minidregg.Kernel.DeclaredResourceController.TargetIndex command → Minidregg.Theory.CellRegistry.PackedCell Minidregg.Compiler.CanonicalCellRegistry.registry
theorem	Minidregg.Kernel.DeclaredResourceController.audienceView_binding_preserved	ea53d23612bf8283f4f5efa88925827b224229943a56cc5c94c5ae05fc7d5c01	4d1be3ba7825bdbd279b558d9dfbd91873ae4a2d748e3d8d620ded17ae55f30e	52c136729a7159ddc81c95b56f502613750abd06f66a1151e325caf105670eec	e6d797ef9ce48cf8	Classical.choice,Quot.sound,propext	∀ {F : Type} [inst : Field F] {deployment : Minidregg.Kernel.DeclaredResourceController.Deployment} {profile : Minidregg.Compiler.CanonicalRuntimeProfile.Profile F} {ambient : Minidregg.Kernel.DeclaredResourceController.Ambient} {ground : Minidregg.Kernel.DeclaredResourceController.Ground deployment} {command : Minidregg.Kernel.DeclaredResourceController.Command} (prepared : Minidregg.Kernel.DeclaredResourceController.PreparedInvocation deployment profile ambient ground command) (i : Minidregg.Kernel.DeclaredResourceController.TargetIndex command), Minidregg.Compiler.CanonicalCellRegistry.instanceBinding (prepared.targets i).before = Minidregg.Compiler.CanonicalCellRegistry.instanceBinding (Minidregg.Kernel.DeclaredResourceController.audienceView prepared i)
def	Minidregg.Kernel.DeclaredResourceController.authorizeLeg	4bbb4652c5a380a83cb0a9d1d1159fb974dee963fcbaaa5bdb9ddf7db5562933	7e21721a66aea630ac9a8e8f9157c01791505cfbee540403f81baea6e210a081	6c50733da848acdfa1506b1c1742fabccf6982939cbb0a3e2a49614581288a6b	f3076f521e03bff5	Classical.choice,Quot.sound,propext	{F : Type} → [inst : Field F] → {deployment : Minidregg.Kernel.DeclaredResourceController.Deployment} → {profile : Minidregg.Compiler.CanonicalRuntimeProfile.Profile F} → {ambient : Minidregg.Kernel.DeclaredResourceController.Ambient} → {ground : Minidregg.Kernel.DeclaredResourceController.Ground deployment} → {command : Minidregg.Kernel.DeclaredResourceController.Command} → [inst_1 : DecidableEq F] → (prepared : Minidregg.Kernel.DeclaredResourceController.PreparedInvocation deployment profile ambient ground command) → (tuple : Minidregg.Kernel.MultiCellHyperedge.PreparedTuple (Minidregg.Kernel.DeclaredResourceController.plan prepared)) → (incidence : Minidregg.Kernel.DeclaredResourceController.Incidence command) → Minidregg.Compiler.CredentialSignatureAdmission.CheckedSignature (Minidregg.Compiler.ServedBasis.Ground.authority ground) → Except Minidregg.Kernel.DeclaredResourceController.Reject (Minidregg.Theory.TypedAuthorization.Authorized (Minidregg.Kernel.DeclaredResourceController.legPortal prepared tuple incidence) (Minidregg.Compiler.ServedBasis.Ground.authority ground).authState (tuple.request incidence).snd)
def	Minidregg.Kernel.DeclaredResourceController.bindFamily	652d985aefd5466bc7c06a08a4eb7f405ba07a2b9a806d4bc0cd559561e9492c	c4203f2d02a61654424643951fbbb6dca2606ce4b707a01d804382a67b116d9c	c7b1d1c837aa162525e6ab6c232c0ad92dd72737d3d021df10dad25bb47119f6	6bde31ef89a9a05a	Classical.choice,Quot.sound,propext	{F : Type} → [inst : Field F] → {deployment : Minidregg.Kernel.DeclaredResourceController.Deployment} → {profile : Minidregg.Compiler.CanonicalRuntimeProfile.Profile F} → {ambient : Minidregg.Kernel.DeclaredResourceController.Ambient} → {ground : Minidregg.Kernel.DeclaredResourceController.Ground deployment} → {command : Minidregg.Kernel.DeclaredResourceController.Command} → (prepared : Minidregg.Kernel.DeclaredResourceController.PreparedInvocation deployment profile ambient ground command) → (source : Minidregg.Kernel.DeclaredResourceController.Source command) → (Minidregg.Kernel.DeclaredResourceController.Incidence command → Minidregg.Theory.TypedAuthorization.Portal) → (incidence : Minidregg.Kernel.DeclaredResourceController.Incidence command) → Minidregg.Kernel.MultiCellHyperedge.SemanticLegBinding (Minidregg.Kernel.DeclaredResourceController.rawLeg prepared source incidence)
def	Minidregg.Kernel.DeclaredResourceController.bytesSlots	59700d987b6ec97609e1fcc3411d08098abd4f2401f00621965c22c6700b0032	8205b59769a034978170da809645e734752f3730aaec823d44f3809cf6bfc804	f7ded9b5923bb823a69529565193ac1435d484cd1bbd406681cdebebc1e14fa5	f811a22391c0dafc	propext	String → ℕ → List UInt8 → List (String × ℤ)
def	Minidregg.Kernel.DeclaredResourceController.castAliasLeg	b72b913244537aefc554ce19eb24e187951daf2ee69d4e8aa1f2dee2fc240c60	9db01100f9e6bd1be9ad798ab29e8b36616376096cb0e7371eca2f5fe15ee337	8133fdddaee596ca65cf80e42c2d0064c48ed2f03a94f40080cb6885857241d3	2550fc60e2a84c6c	Classical.choice,Quot.sound,propext	{F : Type} → [inst : Field F] → {deployment : Minidregg.Kernel.DeclaredResourceController.Deployment} → {profile : Minidregg.Compiler.CanonicalRuntimeProfile.Profile F} → {ambient : Minidregg.Kernel.DeclaredResourceController.Ambient} → {ground : Minidregg.Kernel.DeclaredResourceController.Ground deployment} → {command : Minidregg.Kernel.DeclaredResourceController.Command} → [DecidableEq F] → (prepared : Minidregg.Kernel.DeclaredResourceController.PreparedInvocation deployment profile ambient ground command) → Minidregg.Kernel.MultiCellHyperedge.PreparedTuple (Minidregg.Kernel.DeclaredResourceController.plan prepared) → Minidregg.Kernel.DeclaredResourceController.Incidence command → Option (ℤ × ℤ)
theorem	Minidregg.Kernel.DeclaredResourceController.castAliasLeg_none_iff_castInjOn	26794247743dd58ee17d205c21c411b6d51cfc350e87d4125de100d63301c484	808431594d9078e5057ee1a42ac9c4e137a4e58102280cb635e4064c12e606ef	123cb007dbff0559f0713b02ad32b9020c1734891f497e1e27cf812f1664f0d7	79c907e07a0de65f	Classical.choice,Quot.sound,propext	∀ {F : Type} [inst : Field F] {deployment : Minidregg.Kernel.DeclaredResourceController.Deployment} {profile : Minidregg.Compiler.CanonicalRuntimeProfile.Profile F} {ambient : Minidregg.Kernel.DeclaredResourceController.Ambient} {ground : Minidregg.Kernel.DeclaredResourceController.Ground deployment} {command : Minidregg.Kernel.DeclaredResourceController.Command} [inst_1 : DecidableEq F] (prepared : Minidregg.Kernel.DeclaredResourceController.PreparedInvocation deployment profile ambient ground command) (tuple : Minidregg.Kernel.MultiCellHyperedge.PreparedTuple (Minidregg.Kernel.DeclaredResourceController.plan prepared)) (incidence : Minidregg.Kernel.DeclaredResourceController.Incidence command) (law : Minidregg.Compiler.ComposedPolicyAdmission.PreparedLaw (Minidregg.Kernel.DeclaredResourceController.policyConfig prepared tuple incidence)), (Minidregg.Kernel.DeclaredResourceController.policyConfig prepared tuple incidence).resolve? = Option.some law → (Minidregg.Kernel.DeclaredResourceController.castAliasLeg prepared tuple incidence = Option.none ↔ Minidregg.Compiler.castInjOn F (Minidregg.Compiler.intsOf law.predicate (Minidregg.Kernel.DeclaredResourceController.step prepared tuple incidence).oldState (Minidregg.Kernel.DeclaredResourceController.step prepared tuple incidence).newState))
def	Minidregg.Kernel.DeclaredResourceController.changedEffect	e20e7844de529caaa3e9269db7ffb69cf7db6fd8696e5767f80b0c0a61e07e79	da965e4eecde0f21d8b838a72c220afc042cb05b886758daaaa080d05482e4eb	6e07a1e8e5a75c1182c735b5c0465cc84b081caac95f55af7432ed5fab838b15	5953bda4ffb2559e	Classical.choice,Quot.sound,propext	(target : Minidregg.Kernel.DeclaredResourceController.Target) → Minidregg.Theory.Store.Store target.layout → Minidregg.Theory.Store.Store target.layout → Finset (Minidregg.Theory.Store.Address target.layout)
def	Minidregg.Kernel.DeclaredResourceController.checkAudiences	3764823b9730d06a2071f0e4ffd098fb7452289b79062e27078cabe04cbd6637	bb869fe664d8d7fc206d1306fa515901cf2d957d04f4ec3f4739630fde616ff3	b9efa5ba6a181a4e51b9cd4a30f5c30b0a6daf5650592be48ce52373ae89671f	cb2b7318b885fb28	Classical.choice,Quot.sound,propext	{F : Type} → [inst : Field F] → {deployment : Minidregg.Kernel.DeclaredResourceController.Deployment} → {profile : Minidregg.Compiler.CanonicalRuntimeProfile.Profile F} → {ambient : Minidregg.Kernel.DeclaredResourceController.Ambient} → {ground : Minidregg.Kernel.DeclaredResourceController.Ground deployment} → {command : Minidregg.Kernel.DeclaredResourceController.Command} → [inst_1 : DecidableEq F] → {m : Type → Type} → [Monad m] → (prepared : Minidregg.Kernel.DeclaredResourceController.PreparedInvocation deployment profile ambient ground command) → m (Except Minidregg.Kernel.DeclaredResourceController.Reject (Minidregg.Kernel.DeclaredResourceController.AudienceChecks prepared))
def	Minidregg.Kernel.DeclaredResourceController.checkTargetAudience	b8785af586e5ec50d9d7b66e72453c8e2030946f93f864f3749fe8483fddfcbb	013ffef40e1fc02c027ef4e5f330b4bba5393428c1d2bf6983b52ff5529c8264	99e5016b584ae057167ea24c376e7a2ad2a73d269ad29749d2f3557207e5e7a9	1c59f2914df00bc3	Classical.choice,Quot.sound,propext	{F : Type} → [inst : Field F] → {deployment : Minidregg.Kernel.DeclaredResourceController.Deployment} → {profile : Minidregg.Compiler.CanonicalRuntimeProfile.Profile F} → {ambient : Minidregg.Kernel.DeclaredResourceController.Ambient} → {ground : Minidregg.Kernel.DeclaredResourceController.Ground deployment} → {command : Minidregg.Kernel.DeclaredResourceController.Command} → [inst_1 : DecidableEq F] → (prepared : Minidregg.Kernel.DeclaredResourceController.PreparedInvocation deployment profile ambient ground command) → (i : Minidregg.Kernel.DeclaredResourceController.TargetIndex command) → Except Minidregg.Kernel.DeclaredResourceController.Reject (Minidregg.Kernel.DeclaredResourceController.TargetAudience prepared i)
theorem	Minidregg.Kernel.DeclaredResourceController.clockSlots_unjoint	c6e37607fa0024d862281a2c2f1daa37dde33c0e94cf6d6943de8813936d31e6	0af51d441357ce828eec01468ea6ad1a85aa475592b4e7fdeed0d8c12ddcda56	f4465ccadcc1fe6648b28f0bf36ed9678f31cce96a9007280456659c286b5ce2	bb57642c4fb3cbe2	Classical.choice,Quot.sound,propext	∀ (clock : Minidregg.Kernel.ClockCell.Clock), Minidregg.Kernel.DeclaredResourceController.JointSlots.Unjoint (Minidregg.Kernel.ClockCell.slots clock)
def	Minidregg.Kernel.DeclaredResourceController.closedPortal	4623202870a7d6a809adc56d6164b69ac142831a5374ebd55041d2014c91fc2e	28d80d1a13186b6fc9e515a48425158b8a5b1b473e6257d798e1239296df9612	6bc7a747137def246cf0605817fd87f288cfca06025e27c099e778c5385d631a	9d251e807e6f1386	Quot.sound,propext	Minidregg.Theory.TypedAuthorization.Portal
def	Minidregg.Kernel.DeclaredResourceController.collectIO	f47a47c73e5e55cb313a91bcc07c42cd345e1cd15b79247f8032e4f43c44c61a	eba64cc483d180eaf45ed8ee3d55ff77869e2af9b512c3dadbae4a743849bc78	40729ff78e84fbb0890a7fc70c6cd04d98c275ef777851aa8fb29818dbc9ff3a	e30bbb670d5050cc	Quot.sound,propext	{m : Type → Type} → [Monad m] → {n : ℕ} → {E : Type} → {P : Fin n → Type} → ((i : Fin n) → m (Except E (P i))) → m (Except E ((i : Fin n) → P i))
def	Minidregg.Kernel.DeclaredResourceController.collectIO.loop	a092d735ecd2ee7f044c9db3130db4000b6628880a6db9f0596b1459b00c3d5c	ffabb3317f52dfe99332b5d83b03bbbb68aebd96b5c7406434fa81bd57977f58	78bb4274c3036c52529ab82ff09786c7cc36d762a29b166e0f3515d3bcd15bf3	1087d776e2dbe7bd	Quot.sound,propext	{m : Type → Type} → [Monad m] → {n : ℕ} → {E : Type} → {P : Fin n → Type} → ((i : Fin n) → m (Except E (P i))) → (count : ℕ) → (bound : count ≤ n) → m (Except E ((i : Fin count) → P ⟨↑i, Nat.lt_of_lt_of_le i.isLt bound⟩))
def	Minidregg.Kernel.DeclaredResourceController.collectLegs	e1e5f4fb7ec3f8b440152f0bf0703e968742fa8f4845954dad9898c5b552adcf	9d0fef909993943936d787d10601baea95aeed37acf91f579c0ba766f215ffd9	05c1248111fe70d5432b3aba2833a30af58729001f6917ade955db1be570bbc2	23df3e66ceac21b5	Quot.sound,propext	{command : Minidregg.Kernel.DeclaredResourceController.Command} → {m : Type → Type} → [Monad m] → {P : Minidregg.Kernel.DeclaredResourceController.Incidence command → Type} → ((incidence : Minidregg.Kernel.DeclaredResourceController.Incidence command) → Minidregg.Kernel.DeclaredResourceController.incidenceObserveOnly command incidence = Bool.false → m (Except Minidregg.Kernel.DeclaredResourceController.Reject (P incidence))) → m (Except Minidregg.Kernel.DeclaredResourceController.Reject ((incidence : Minidregg.Kernel.DeclaredResourceController.Incidence command) → Minidregg.Kernel.DeclaredResourceController.incidenceObserveOnly command incidence = Bool.false → P incidence))
def	Minidregg.Kernel.DeclaredResourceController.completeAdmissionGuards	cdb38f55b3a274cb344552f4b002f09cf57bdc31fb4839cb3370b20158f27902	47b4ca037bf14b0ce7772e57303da4e0cabf4ecbeb20391c89d87fefa5061e5e	798312f168266978ce60b8ba3e5c68e2a4fd0cd49e02599ed73da622fc24e24c	c7885c388f166802	Classical.choice,Quot.sound,propext	{F : Type} → [inst : Field F] → {deployment : Minidregg.Kernel.DeclaredResourceController.Deployment} → {profile : Minidregg.Compiler.CanonicalRuntimeProfile.Profile F} → {ambient : Minidregg.Kernel.DeclaredResourceController.Ambient} → {ground : Minidregg.Kernel.DeclaredResourceController.Ground deployment} → {command : Minidregg.Kernel.DeclaredResourceController.Command} → [inst_1 : DecidableEq F] → (prepared : Minidregg.Kernel.DeclaredResourceController.PreparedInvocation deployment profile ambient ground command) → (signed : Minidregg.Kernel.DeclaredResourceController.SignedCommand) → Minidregg.Kernel.DeclaredResourceController.AudienceChecks prepared → Minidregg.Kernel.DeclaredResourceController.InvocationRouteAdmission prepared signed → List Minidregg.Kernel.DurableDataIntent.ReadGuard
def	Minidregg.Kernel.DeclaredResourceController.computeSlots	2fb13de4982076ec59175dd6f37b6cbf21e28a2a279861e2e59797c8c9cd63a6	6b849d2914bdd7d3fdc709f263de763a78957987e644a52d8fd6661d29ecc2bf	a021faad9396549dca45ea9efb1b2730554044716e5c5a3a6302157403d5b827	cbe43790138f412b	Classical.choice,Quot.sound,propext	{F : Type} → [inst : Field F] → {deployment : Minidregg.Kernel.DeclaredResourceController.Deployment} → {profile : Minidregg.Compiler.CanonicalRuntimeProfile.Profile F} → {ambient : Minidregg.Kernel.DeclaredResourceController.Ambient} → {ground : Minidregg.Kernel.DeclaredResourceController.Ground deployment} → {command : Minidregg.Kernel.DeclaredResourceController.Command} → Minidregg.Kernel.DeclaredResourceController.PreparedInvocation deployment profile ambient ground command → List (String × ℤ)
theorem	Minidregg.Kernel.DeclaredResourceController.computeSlots_unjoint	bcbb36b2b6ecf0a3d253fdcf27bdc2be9c3e9157e413b6f2ff7e21a786eb75b6	0a868d4f53f9a30583ca4a9480d4718318fb1cd05c13f27cca11ad29ff0fe546	6e1c2d8c1bf32c5ceff67120539863ea0bd83a3a5fb7ba8fb695f5d7411e88cf	8557fb2f2ca49408	Classical.choice,Quot.sound,propext	∀ {F : Type} [inst : Field F] {deployment : Minidregg.Kernel.DeclaredResourceController.Deployment} {profile : Minidregg.Compiler.CanonicalRuntimeProfile.Profile F} {ambient : Minidregg.Kernel.DeclaredResourceController.Ambient} {ground : Minidregg.Kernel.DeclaredResourceController.Ground deployment} {command : Minidregg.Kernel.DeclaredResourceController.Command} (prepared : Minidregg.Kernel.DeclaredResourceController.PreparedInvocation deployment profile ambient ground command), Minidregg.Kernel.DeclaredResourceController.JointSlots.Unjoint (Minidregg.Kernel.DeclaredResourceController.computeSlots prepared)
def	Minidregg.Kernel.DeclaredResourceController.computeWrites	98b47605d45cd3915c5ac7da038b74c34d7bd477d4a55eafe54be9c54b66ce86	92a5b4a14f4c11b3e1a42e5e150f6d0f15fb63556e94044d8fc30bf44d5aeb58	cd327326e5d0f0162c7a3a327ef8a365c912490a2f5081370a547d969bbd30f2	b057ae88b2165c16	Classical.choice,Quot.sound,propext	{F : Type} → [inst : Field F] → {deployment : Minidregg.Kernel.DeclaredResourceController.Deployment} → {profile : Minidregg.Compiler.CanonicalRuntimeProfile.Profile F} → {ambient : Minidregg.Kernel.DeclaredResourceController.Ambient} → {ground : Minidregg.Kernel.DeclaredResourceController.Ground deployment} → {command : Minidregg.Kernel.DeclaredResourceController.Command} → Minidregg.Kernel.DeclaredResourceController.PreparedInvocation deployment profile ambient ground command → List Minidregg.Kernel.DurableDataIntent.DataWrite
def	Minidregg.Kernel.DeclaredResourceController.decodeSignedBytes	4157c96216f8af6b5f1a1ffc8e33272da403d0a757c2f22c1bdb27e8b7b1baed	b4f3fe4b6e9b8dd2f82fdee57782a916f20855651d42f8cc85996a33e3192531	47da2ddcb8653093ea87c6bc181606efd3400efb428b8e02b09aa6c0970f3425	809d2b5a6af1869c	Classical.choice,Quot.sound,propext	List UInt8 → Option Minidregg.Kernel.DeclaredResourceController.SignedIngress
theorem	Minidregg.Kernel.DeclaredResourceController.decodeSignedBytes_canonical	ec8109c0546cb9f06eb0059138c7c2cf8b6e6422ecabdfad3317eccb22129011	2accc7e6cea3ee7ff1639b6247cf53118f65701b6b63afba53ea8af043ce08df	3e8bfa82d783329b0429f52b8bb9594f3646d6df681d096fc890816f9d58df16	66b1924a43007c21	Classical.choice,Quot.sound,propext	∀ {bytes : List UInt8} {ingress : Minidregg.Kernel.DeclaredResourceController.SignedIngress}, Minidregg.Kernel.DeclaredResourceController.decodeSignedBytes bytes = Option.some ingress → Minidregg.Kernel.DeclaredResourceController.signedBytes ingress.1 ingress.2.1 ingress.2.2 = bytes
theorem	Minidregg.Kernel.DeclaredResourceController.decodeSignedBytes_encode	793c3f44efc59b42e84cb4a19c36801299ce3c4b52421088ef39d937ce369cb1	7460bbef92901e93fe5bb6c1df8e533f73f11d3aba463b199d44c217e2e95847	528ff7583e7937d7b209efefac3b83ba43b7b5458497929f1a0f468137697dda	c01e514f4d9c2f04	Classical.choice,Quot.sound,propext	∀ (domain semantics : Minidregg.Theory.TypedAuthorization.Digest) (signed : Minidregg.Kernel.DeclaredResourceController.SignedCommand), Minidregg.Kernel.DeclaredResourceController.decodeSignedBytes (Minidregg.Kernel.DeclaredResourceController.signedBytes domain semantics signed) = Option.some (domain, semantics, signed)
def	Minidregg.Kernel.DeclaredResourceController.domainGuards	fd8c23ab0d28971433f41f1c7f6875e8b45490e0b0e8ca8acfbdcdc2e5f6c123	8cc31655abf43e991e8a4def11a4e5431247b3b86d4f659341f7a14287088c4a	0ec5ee699ffb299da128fd3b0f5d5691db405f5a0755cc7e5733f02da53f65d7	9ca1acb7f94fae02	Classical.choice,Quot.sound,propext	{F : Type} → [inst : Field F] → {deployment : Minidregg.Kernel.DeclaredResourceController.Deployment} → {profile : Minidregg.Compiler.CanonicalRuntimeProfile.Profile F} → {ambient : Minidregg.Kernel.DeclaredResourceController.Ambient} → {ground : Minidregg.Kernel.DeclaredResourceController.Ground deployment} → {command : Minidregg.Kernel.DeclaredResourceController.Command} → Minidregg.Kernel.DeclaredResourceController.PreparedInvocation deployment profile ambient ground command → List Minidregg.Kernel.DurableDataIntent.ReadGuard
def	Minidregg.Kernel.DeclaredResourceController.entryWrites	e3cd61a11792f9e9a26486bfe118f69e4ff89af7c1d71b8524542f73ea067b45	92a5b4a14f4c11b3e1a42e5e150f6d0f15fb63556e94044d8fc30bf44d5aeb58	2818706b66e2a2145eee264092dd22f60ae97694ade1ddd49e2756864b03d800	6090c7c2057beb87	Classical.choice,Quot.sound,propext	{F : Type} → [inst : Field F] → {deployment : Minidregg.Kernel.DeclaredResourceController.Deployment} → {profile : Minidregg.Compiler.CanonicalRuntimeProfile.Profile F} → {ambient : Minidregg.Kernel.DeclaredResourceController.Ambient} → {ground : Minidregg.Kernel.DeclaredResourceController.Ground deployment} → {command : Minidregg.Kernel.DeclaredResourceController.Command} → Minidregg.Kernel.DeclaredResourceController.PreparedInvocation deployment profile ambient ground command → List Minidregg.Kernel.DurableDataIntent.DataWrite
def	Minidregg.Kernel.DeclaredResourceController.fieldsCheck	ead2ec76dd01b469205ded6fdb4e984e42e4e8e18d1ba06e756bae04b262f13b	b04cf4239189332aac322ac67d4af2330f5e3c44bc98ac60c3b734209b833406	062462c260647e63e44a0c8a5337e1e48e7f38216bbae97ddbe2ebbc767ed84b	91951c81814f76b1	Quot.sound,propext	{kind : Minidregg.Theory.TypedAuthorization.ResourceKind} → Option (Minidregg.Theory.TypedAuthorization.Capability kind × Minidregg.Theory.TypedAuthorization.Digest) → Option Minidregg.Theory.TypedAuthorization.Footprint → Except Minidregg.Kernel.DeclaredResourceController.Reject Unit
theorem	Minidregg.Kernel.DeclaredResourceController.fieldsCheck_ok	07586c14ced6f32daa88b6c8f9cd659a5252549f82ae053bcf18c94e54f8d0c7	539aaf1ae81d49e001fad3b3e0fe8a62610f7948eb0c739e833914ee306ac8a5	8b39fafcff9f119dba16fe9641a8f9cfff56176a0326fa25eaee319dc71ca66d	2c7b157f1f15f07e	Quot.sound,propext	∀ {kind : Minidregg.Theory.TypedAuthorization.ResourceKind} {capability : Option (Minidregg.Theory.TypedAuthorization.Capability kind × Minidregg.Theory.TypedAuthorization.Digest)} {footprint : Minidregg.Theory.TypedAuthorization.Footprint}, Minidregg.Kernel.DeclaredResourceController.fieldsCheck capability (Option.some footprint) = Except.ok () → ∃ cap digest, capability = Option.some (cap, digest) ∧ cap.scope.FieldsCover footprint
theorem	Minidregg.Kernel.DeclaredResourceController.fieldsCheck_unnamed	654a1ef31fdfd79c50b038ffe09ffbdab3569f89e4edd5c9ada097769508d079	d217fbea78bbd2ac50f0ce326ad7d590a46e97c10f46a08a1f9b234ce6625f4c	a39b4252e5e507b6c953a22a035e98446b9ac88b54a43b88172434eea784630c	6c40a3227d42fb69	Quot.sound,propext	∀ {kind : Minidregg.Theory.TypedAuthorization.ResourceKind} (cap : Minidregg.Theory.TypedAuthorization.Capability kind) (digest : Minidregg.Theory.TypedAuthorization.Digest) (footprint : Minidregg.Theory.TypedAuthorization.Footprint), ∀ field ∈ footprint.touched, ¬Minidregg.Theory.TypedAuthorization.CellField.NamedBy cap.scope.fields field → Minidregg.Kernel.DeclaredResourceController.fieldsCheck (Option.some (cap, digest)) (Option.some footprint) = Except.error Minidregg.Kernel.DeclaredResourceController.Reject.fieldNotNamed
def	Minidregg.Kernel.DeclaredResourceController.firstCastAlias	f2e6b8599325cea1515eb35461ba0d2afc6d547c1999d51f9f0fb2c9561d7673	60e414a8c927f325cf1bc0143c7ccb7afeed55a67d15ecf60b509570a7edc6af	33dcb0e822d4b969962b8fe2255c268e55f1f23247a3b6f89cd6b19cdc157e8b	d37d15f30c65ec31	Classical.choice,Quot.sound,propext	{F : Type} → [inst : Field F] → {deployment : Minidregg.Kernel.DeclaredResourceController.Deployment} → {profile : Minidregg.Compiler.CanonicalRuntimeProfile.Profile F} → {ambient : Minidregg.Kernel.DeclaredResourceController.Ambient} → {ground : Minidregg.Kernel.DeclaredResourceController.Ground deployment} → {command : Minidregg.Kernel.DeclaredResourceController.Command} → [DecidableEq F] → (prepared : Minidregg.Kernel.DeclaredResourceController.PreparedInvocation deployment profile ambient ground command) → Minidregg.Kernel.MultiCellHyperedge.PreparedTuple (Minidregg.Kernel.DeclaredResourceController.plan prepared) → Option (ℤ × ℤ)
def	Minidregg.Kernel.DeclaredResourceController.firstCastRefusal	aafb3c85e9397ab48c300a4a6d82191ff9420140d5b4fb668b26d879da07c579	92a611003c795e282b5c7040fcfd447042ab24b2d6851e061498bf1e7ba4bc6f	13ee74663e8faae02624276453c5ca3faa758bc1739540015ae5fd7ab6aa057b	85da103239db796b	Classical.choice,Quot.sound,propext	{F : Type} → [inst : Field F] → {deployment : Minidregg.Kernel.DeclaredResourceController.Deployment} → {profile : Minidregg.Compiler.CanonicalRuntimeProfile.Profile F} → {ambient : Minidregg.Kernel.DeclaredResourceController.Ambient} → {ground : Minidregg.Kernel.DeclaredResourceController.Ground deployment} → {command : Minidregg.Kernel.DeclaredResourceController.Command} → [DecidableEq F] → (Minidregg.Kernel.DeclaredResourceController.Incidence command → Option (Finset Minidregg.Theory.TypedAuthorization.CellField)) → (prepared : Minidregg.Kernel.DeclaredResourceController.PreparedInvocation deployment profile ambient ground command) → Minidregg.Kernel.MultiCellHyperedge.PreparedTuple (Minidregg.Kernel.DeclaredResourceController.plan prepared) → Option Minidregg.Compiler.Refusal
def	Minidregg.Kernel.DeclaredResourceController.firstIndex	82da978aecfec56c39f3f446afa43fa8c27e0409aa70a7245f3b791c8cb9fd66	763e4ddf653bd9f46ff6926e284f8f878ae7660b8e3124d79f5108b9f9fad1bf	2e14899af954eac0b6fde6788f267eb84d34955a6ade67393fb4d977ff1ee981	f1e8054a6856a797	Classical.choice,Quot.sound,propext	{F : Type} → [inst : Field F] → {deployment : Minidregg.Kernel.DeclaredResourceController.Deployment} → {profile : Minidregg.Compiler.CanonicalRuntimeProfile.Profile F} → {ambient : Minidregg.Kernel.DeclaredResourceController.Ambient} → {ground : Minidregg.Kernel.DeclaredResourceController.Ground deployment} → {command : Minidregg.Kernel.DeclaredResourceController.Command} → Minidregg.Kernel.DeclaredResourceController.PreparedInvocation deployment profile ambient ground command → Minidregg.Kernel.DeclaredResourceController.TargetIndex command
def	Minidregg.Kernel.DeclaredResourceController.firstLawLeaf	6df3d7cf014a8867d4c7bf8515b45f3ec089262b7d572f4ba5d26130d03cfefc	02ee9e5dd163f92c964811a0b3b6ec9cc0d03206dd6a417312e87c3f2f3aa925	b31dbf62795146dd7580fd9365323791c8ce395cb0cb21e80dd28251e80ffa5d	b08a1e68039e7def	Classical.choice,Quot.sound,propext	{F : Type} → [inst : Field F] → {deployment : Minidregg.Kernel.DeclaredResourceController.Deployment} → {profile : Minidregg.Compiler.CanonicalRuntimeProfile.Profile F} → {ambient : Minidregg.Kernel.DeclaredResourceController.Ambient} → {ground : Minidregg.Kernel.DeclaredResourceController.Ground deployment} → {command : Minidregg.Kernel.DeclaredResourceController.Command} → [DecidableEq F] → (prepared : Minidregg.Kernel.DeclaredResourceController.PreparedInvocation deployment profile ambient ground command) → Minidregg.Kernel.MultiCellHyperedge.PreparedTuple (Minidregg.Kernel.DeclaredResourceController.plan prepared) → Option Minidregg.Compiler.LawLeaf
def	Minidregg.Kernel.DeclaredResourceController.firstLawRefusal	efd2c5882e446f879b459053217df0758452bb00cdb6c77be0d82106e026dc9e	92a611003c795e282b5c7040fcfd447042ab24b2d6851e061498bf1e7ba4bc6f	551454ad7278143f740a36765614653193effa42e8b7ff946afb6a81a54f582b	667bd61286dac633	Classical.choice,Quot.sound,propext	{F : Type} → [inst : Field F] → {deployment : Minidregg.Kernel.DeclaredResourceController.Deployment} → {profile : Minidregg.Compiler.CanonicalRuntimeProfile.Profile F} → {ambient : Minidregg.Kernel.DeclaredResourceController.Ambient} → {ground : Minidregg.Kernel.DeclaredResourceController.Ground deployment} → {command : Minidregg.Kernel.DeclaredResourceController.Command} → [DecidableEq F] → (Minidregg.Kernel.DeclaredResourceController.Incidence command → Option (Finset Minidregg.Theory.TypedAuthorization.CellField)) → (prepared : Minidregg.Kernel.DeclaredResourceController.PreparedInvocation deployment profile ambient ground command) → Minidregg.Kernel.MultiCellHyperedge.PreparedTuple (Minidregg.Kernel.DeclaredResourceController.plan prepared) → Option Minidregg.Compiler.Refusal
def	Minidregg.Kernel.DeclaredResourceController.firstRangeLeaf	3294ce6f6066cc7d6dd32652813fa5d7e5b81bc24b207bb40cf1e30174e63325	02ee9e5dd163f92c964811a0b3b6ec9cc0d03206dd6a417312e87c3f2f3aa925	5edf2c62352b5036044971db4af00c0f6c91784e009bf8190970efa563e1340d	3019e3e21635c6e9	Classical.choice,Quot.sound,propext	{F : Type} → [inst : Field F] → {deployment : Minidregg.Kernel.DeclaredResourceController.Deployment} → {profile : Minidregg.Compiler.CanonicalRuntimeProfile.Profile F} → {ambient : Minidregg.Kernel.DeclaredResourceController.Ambient} → {ground : Minidregg.Kernel.DeclaredResourceController.Ground deployment} → {command : Minidregg.Kernel.DeclaredResourceController.Command} → [DecidableEq F] → (prepared : Minidregg.Kernel.DeclaredResourceController.PreparedInvocation deployment profile ambient ground command) → Minidregg.Kernel.MultiCellHyperedge.PreparedTuple (Minidregg.Kernel.DeclaredResourceController.plan prepared) → Option Minidregg.Compiler.LawLeaf
def	Minidregg.Kernel.DeclaredResourceController.firstRangeRefusal	73dc21c807916ca1242672aab1c513cb9f8820c6b47bd3106f260bcdbcc48ba4	92a611003c795e282b5c7040fcfd447042ab24b2d6851e061498bf1e7ba4bc6f	da8b1fb04fd1d41372126d605d2ff19cec3bd15c07e7075c0a3cd6755734ca01	0f1d24771cf327c6	Classical.choice,Quot.sound,propext	{F : Type} → [inst : Field F] → {deployment : Minidregg.Kernel.DeclaredResourceController.Deployment} → {profile : Minidregg.Compiler.CanonicalRuntimeProfile.Profile F} → {ambient : Minidregg.Kernel.DeclaredResourceController.Ambient} → {ground : Minidregg.Kernel.DeclaredResourceController.Ground deployment} → {command : Minidregg.Kernel.DeclaredResourceController.Command} → [DecidableEq F] → (Minidregg.Kernel.DeclaredResourceController.Incidence command → Option (Finset Minidregg.Theory.TypedAuthorization.CellField)) → (prepared : Minidregg.Kernel.DeclaredResourceController.PreparedInvocation deployment profile ambient ground command) → Minidregg.Kernel.MultiCellHyperedge.PreparedTuple (Minidregg.Kernel.DeclaredResourceController.plan prepared) → Option Minidregg.Compiler.Refusal
theorem	Minidregg.Kernel.DeclaredResourceController.fundingProject_unjoint	4410c05c565ea41c608a14971097c995a44ac898aade2ecf41078aee2e3b6117	7daffb2596e3ecbaa0c1b5c4a973f6833d9095096d1e9f2d0c13efd209b17cf9	9b3e5488922442c8b3ad2f88f4eb62eebc3a8750fe4168b491a110a4fba0658d	fec8931956a3a215	Classical.choice,Quot.sound,propext	∀ (funding : Minidregg.Kernel.DeclaredResourceController.ComputeFunding), Minidregg.Kernel.DeclaredResourceController.JointSlots.Unjoint (Minidregg.Kernel.DeclaredResourceController.fundingProject funding)
def	Minidregg.Kernel.DeclaredResourceController.incidenceAuthorization	34c345b7430c3f773d520c33aa18c59e1326e484b9cb4a5f79f7dc93f3169589	6bcd50c398b88567014ceee3dce380625d6aa4d26c1c255c20682d949404c7e7	ddec24b4d8bf2b8f6224174bf6806a1ca0a6d634fb5fe8e5e13a0b75600b1582	1a2423c5b908d619	Classical.choice,Quot.sound,propext	{F : Type} → [inst : Field F] → {deployment : Minidregg.Kernel.DeclaredResourceController.Deployment} → {profile : Minidregg.Compiler.CanonicalRuntimeProfile.Profile F} → {ambient : Minidregg.Kernel.DeclaredResourceController.Ambient} → {ground : Minidregg.Kernel.DeclaredResourceController.Ground deployment} → {command : Minidregg.Kernel.DeclaredResourceController.Command} → [inst_1 : DecidableEq F] → {prepared : Minidregg.Kernel.DeclaredResourceController.PreparedInvocation deployment profile ambient ground command} → {signed : Minidregg.Kernel.DeclaredResourceController.SignedCommand} → (tuple : Minidregg.Kernel.MultiCellHyperedge.PreparedTuple (Minidregg.Kernel.DeclaredResourceController.plan prepared)) → (command.requiresObservation = Bool.true → (i : Minidregg.Kernel.DeclaredResourceController.TargetIndex command) → Minidregg.Kernel.DeclaredResourceController.ReadLeg prepared i (signed.observeEnvelopes[↑i]?.getD [])) → ((incidence : Minidregg.Kernel.DeclaredResourceController.Incidence command) → Minidregg.Kernel.DeclaredResourceController.incidenceObserveOnly command incidence = Bool.false → Minidregg.Kernel.DeclaredResourceController.CheckedLeg prepared tuple incidence (signed.envelope command incidence)) → (incidence : Minidregg.Kernel.DeclaredResourceController.Incidence command) → Minidregg.Theory.TypedAuthorization.Authorized (Minidregg.Kernel.DeclaredResourceController.portals prepared tuple incidence) (Minidregg.Compiler.ServedBasis.Ground.authority ground).authState (tuple.request incidence).snd
def	Minidregg.Kernel.DeclaredResourceController.incidenceObserveOnly	48cb1849b2a645960c3fc31a6abb4b9cf30aab9b3405f9d44d8a9cfefa57df5d	188ac99cc77f4cfd9704ad1e8499fd17a9c9652cd67c7c3daf99e61cf2888005	f9a22ab5d72ebc1dbe2e15767736cde7bb19d8850d5149513869b8e759f1abb2	337fc222ae87b077	Quot.sound,propext	(command : Minidregg.Kernel.DeclaredResourceController.Command) → Minidregg.Kernel.DeclaredResourceController.Incidence command → Bool
def	Minidregg.Kernel.DeclaredResourceController.incidenceTarget	2622199ff21716be65097a652276aa78f06203c2979b3ed65b05b4c59b1d1cec	34c5186deb6e1e037302dd6a1e5ff8d223d7fa610b818177a9769fc8812a31d2	fc02fe4ac2e1e7e8f9762ea0ef68212c35d7362732cd702dc646eb887464becf	13a6a1839b8c6383	Quot.sound,propext	(command : Minidregg.Kernel.DeclaredResourceController.Command) → Minidregg.Kernel.DeclaredResourceController.Incidence command → Minidregg.Kernel.DeclaredResourceController.Target
def	Minidregg.Kernel.DeclaredResourceController.invocationEvent	2d8cd3e01632012dfae527ef3cab67ed95a42c8cd20e15fac5337fe757e72769	9a6a5680b0d84d7bd21f7ccd91886fa19d27218c6f430019485c9805128841d3	79cfaee3e8752d1e1c4378444d1739f561770bd30c20c111e81323c2861a47cf	4651611222ca2e79	Classical.choice,Quot.sound,propext	Minidregg.Theory.TypedAuthorization.Digest → Minidregg.Theory.TypedAuthorization.Digest → Minidregg.Kernel.DeclaredResourceController.Command → Minidregg.Kernel.DeclaredResourceController.SignedCommand → Minidregg.Kernel.DurableDataIntent.StableEvent
def	Minidregg.Kernel.DeclaredResourceController.invocationKeys	b8babc9933e93c9d0612805c99f749056cca1d21c9f8674bfe216718a05796b1	46e2a51cef4efdeaeaa102b12f8d1cba79150c5b88f4a95ee32886d08a25b2de	4925ca730bbee84ecd091aec8a0386b704daaacc7ec352c60ad36cb454d17995	505efccc67ab5f6e	Classical.choice,Quot.sound,propext	Minidregg.Theory.TypedAuthorization.Digest → Minidregg.Theory.TypedAuthorization.Digest → Minidregg.Kernel.DeclaredResourceController.Command → Minidregg.Kernel.DurableView.Keys
def	Minidregg.Kernel.DeclaredResourceController.invocationNullifier	07a9d7d902c2ee2c312bb1ac7ea34da280ad8b0b3a5a785b4fb9ff0a0599d0c1	7050f11bc9d46e37091dda013786e0778b8e8281461ceffe7bf0a69b1bd42cdd	94cae4df89f5b312bb7b16a3034944646965d7c4dd1945da5e616febbe9f42e9	c6640c8084b01042	Classical.choice,Quot.sound,propext	Minidregg.Theory.TypedAuthorization.Digest → ℕ → Minidregg.Kernel.DurableDataIntent.StableNullifier
theorem	Minidregg.Kernel.DeclaredResourceController.joint_index_absent	a8677cbe66406e97da1ab614cf099f25b3fb2124f811f5d5de58156ae0013563	2a9505270720c4c38653592a0110082017fab6a31fda79d9e91cea3d3c877311	320da545d0d5b23a8c2e9145b0df86675d9ecc96725b62d24ca936713908eb60	99d914fe6a6d2a42	Classical.choice,Quot.sound,propext	∀ {F : Type} [inst : Field F] {deployment : Minidregg.Kernel.DeclaredResourceController.Deployment} {profile : Minidregg.Compiler.CanonicalRuntimeProfile.Profile F} {ambient : Minidregg.Kernel.DeclaredResourceController.Ambient} {ground : Minidregg.Kernel.DeclaredResourceController.Ground deployment} {command : Minidregg.Kernel.DeclaredResourceController.Command} (prepared : Minidregg.Kernel.DeclaredResourceController.PreparedInvocation deployment profile ambient ground command) (primary : Minidregg.Kernel.DeclaredResourceController.Incidence command) (source : Minidregg.Kernel.DeclaredResourceController.Source command) (logical : (incidence : Minidregg.Kernel.DeclaredResourceController.Incidence command) → Minidregg.Theory.Store.Store ((Minidregg.Kernel.DeclaredResourceController.layout prepared).storeLayout incidence)) (n : ℕ), command.targets.length ≤ n → ∀ (slot : String), (Minidregg.Kernel.DeclaredResourceController.project prepared primary source logical).get (Minidregg.Kernel.DeclaredResourceController.jointIndexKey n slot) = Option.none
theorem	Minidregg.Kernel.DeclaredResourceController.joint_index_exact	154a39fac7956c7af9ff96eb7cda32b79cc71b80f19dcff21438ec658257c2c7	c8f2c08c428c5af51c3860f3abd179ad3cffcb3c7a4fc78917b4c6c078a4b7c9	fb5343e410a0fb247aae3a34459ddca5fdcebae0a98a5dd025c177738b6b1161	23c06e310c8a25bc	Classical.choice,Quot.sound,propext	∀ {F : Type} [inst : Field F] {deployment : Minidregg.Kernel.DeclaredResourceController.Deployment} {profile : Minidregg.Compiler.CanonicalRuntimeProfile.Profile F} {ambient : Minidregg.Kernel.DeclaredResourceController.Ambient} {ground : Minidregg.Kernel.DeclaredResourceController.Ground deployment} {command : Minidregg.Kernel.DeclaredResourceController.Command} (prepared : Minidregg.Kernel.DeclaredResourceController.PreparedInvocation deployment profile ambient ground command) (primary : Minidregg.Kernel.DeclaredResourceController.Incidence command) (source : Minidregg.Kernel.DeclaredResourceController.Source command) (logical : (incidence : Minidregg.Kernel.DeclaredResourceController.Incidence command) → Minidregg.Theory.Store.Store ((Minidregg.Kernel.DeclaredResourceController.layout prepared).storeLayout incidence)) (i : Minidregg.Kernel.DeclaredResourceController.TargetIndex command) (slot : String), (Minidregg.Kernel.DeclaredResourceController.project prepared primary source logical).get (Minidregg.Kernel.DeclaredResourceController.jointIndexKey (↑i) slot) = { slots := Minidregg.Kernel.DeclaredResourceController.participantSlots prepared logical i }.get slot
theorem	Minidregg.Kernel.DeclaredResourceController.joint_index_of_target	a57e2934b7110e1154331bc8df29f11461e0e65f2846bc7f37283b7b0298f707	4cc0ef1754cf074c80c6e7c133efe70d644afd03dc77f47281939347c0c9f709	3a6270d8894c0c8927a0955b4c4e6a501e1af3dc4c5f239cfc57616566a19779	a85e15eb797be4f1	Classical.choice,Quot.sound,propext	∀ {F : Type} [inst : Field F] {deployment : Minidregg.Kernel.DeclaredResourceController.Deployment} {profile : Minidregg.Compiler.CanonicalRuntimeProfile.Profile F} {ambient : Minidregg.Kernel.DeclaredResourceController.Ambient} {ground : Minidregg.Kernel.DeclaredResourceController.Ground deployment} {command : Minidregg.Kernel.DeclaredResourceController.Command} (prepared : Minidregg.Kernel.DeclaredResourceController.PreparedInvocation deployment profile ambient ground command) (primary : Minidregg.Kernel.DeclaredResourceController.Incidence command) (source : Minidregg.Kernel.DeclaredResourceController.Source command) (logical : (incidence : Minidregg.Kernel.DeclaredResourceController.Incidence command) → Minidregg.Theory.Store.Store ((Minidregg.Kernel.DeclaredResourceController.layout prepared).storeLayout incidence)) (i : ℕ) (t : Minidregg.Kernel.DeclaredResourceController.Target), command.targets[i]? = Option.some t → ∀ (slot : String), (Minidregg.Kernel.DeclaredResourceController.project prepared primary source logical).get (Minidregg.Kernel.DeclaredResourceController.jointIndexKey i slot) = (Minidregg.Kernel.DeclaredResourceController.project prepared primary source logical).get (Minidregg.Kernel.DeclaredResourceController.jointTargetKey t.target slot)
theorem	Minidregg.Kernel.DeclaredResourceController.joint_target_exact	e339e4e91446885376a0aadfb1f3075662e35d80344e6020a1a2c15897f91d61	da15c5f555390d8fb8004c1a34d470b31cbe98844e609e5831415634141446f6	7edf0631fcf5b8194ddbd290945177597b552e2144d508322c297ec47fc3a891	6ee65b4b8c63b58b	Classical.choice,Quot.sound,propext	∀ {F : Type} [inst : Field F] {deployment : Minidregg.Kernel.DeclaredResourceController.Deployment} {profile : Minidregg.Compiler.CanonicalRuntimeProfile.Profile F} {ambient : Minidregg.Kernel.DeclaredResourceController.Ambient} {ground : Minidregg.Kernel.DeclaredResourceController.Ground deployment} {command : Minidregg.Kernel.DeclaredResourceController.Command} (prepared : Minidregg.Kernel.DeclaredResourceController.PreparedInvocation deployment profile ambient ground command) (primary : Minidregg.Kernel.DeclaredResourceController.Incidence command) (source : Minidregg.Kernel.DeclaredResourceController.Source command) (logical : (incidence : Minidregg.Kernel.DeclaredResourceController.Incidence command) → Minidregg.Theory.Store.Store ((Minidregg.Kernel.DeclaredResourceController.layout prepared).storeLayout incidence)) (i : Minidregg.Kernel.DeclaredResourceController.TargetIndex command) (slot : String), (Minidregg.Kernel.DeclaredResourceController.project prepared primary source logical).get (Minidregg.Kernel.DeclaredResourceController.jointTargetKey command.targets[i].target slot) = { slots := Minidregg.Kernel.DeclaredResourceController.participantSlots prepared logical i }.get slot
def	Minidregg.Kernel.DeclaredResourceController.kindDependencies	5f99906c85fe70bbf7b90a16235beb5a6cf96d8c48e24a79774d5114329b76fc	bfa0e3c9ef24779fcdd5870380a9a7c6fb97bb9c0160610eaef5a3a87fd0028b	2e072105bf32dd68947fff362ca5a3bed2c65335d6a71d25766ef4a854ac8204	394e1a5a33fd9e24	Classical.choice,Quot.sound,propext	{F : Type} → [inst : Field F] → {deployment : Minidregg.Kernel.DeclaredResourceController.Deployment} → {profile : Minidregg.Compiler.CanonicalRuntimeProfile.Profile F} → {ambient : Minidregg.Kernel.DeclaredResourceController.Ambient} → {ground : Minidregg.Kernel.DeclaredResourceController.Ground deployment} → {command : Minidregg.Kernel.DeclaredResourceController.Command} → Minidregg.Kernel.DeclaredResourceController.PreparedInvocation deployment profile ambient ground command → Minidregg.Kernel.DeclaredResourceController.Incidence command → Option Minidregg.Compiler.WorldKindLawDependencies.Dependencies
def	Minidregg.Kernel.DeclaredResourceController.lawLeaf	f1e33f7292b26b72d913f857a12a44fbc5d84749d8ec2ee315997aa07f39b230	d509d27e564fb82c2cc5301537473cb65efd28e039fad7a13f27b132b0249658	3379a18703d0e5c9ed5306b0e750e5d649a236d319c3c9773535708fefca0379	33589eaf0a2f131a	Classical.choice,Quot.sound,propext	{F : Type} → [inst : Field F] → {deployment : Minidregg.Kernel.DeclaredResourceController.Deployment} → {profile : Minidregg.Compiler.CanonicalRuntimeProfile.Profile F} → {ambient : Minidregg.Kernel.DeclaredResourceController.Ambient} → {ground : Minidregg.Kernel.DeclaredResourceController.Ground deployment} → {command : Minidregg.Kernel.DeclaredResourceController.Command} → [DecidableEq F] → (prepared : Minidregg.Kernel.DeclaredResourceController.PreparedInvocation deployment profile ambient ground command) → Minidregg.Kernel.MultiCellHyperedge.PreparedTuple (Minidregg.Kernel.DeclaredResourceController.plan prepared) → Minidregg.Kernel.DeclaredResourceController.Incidence command → Option Minidregg.Compiler.LawLeaf
theorem	Minidregg.Kernel.DeclaredResourceController.lawLeaf_fails	51ccad1ba3a725ec101f6fab557790e40a72dfa7bfbb1623c3589d9ac16d6eaf	4787c1adca79516d5564b9d8b964266602023bb20e7f5132ca70abdeae1576cf	e18e712a1041ed54c926aebacf621366d80a2a8bd59d1102939ce2e8e94a33af	5cc577f9160a7efa	Classical.choice,Quot.sound,propext	∀ {F : Type} [inst : Field F] {deployment : Minidregg.Kernel.DeclaredResourceController.Deployment} {profile : Minidregg.Compiler.CanonicalRuntimeProfile.Profile F} {ambient : Minidregg.Kernel.DeclaredResourceController.Ambient} {ground : Minidregg.Kernel.DeclaredResourceController.Ground deployment} {command : Minidregg.Kernel.DeclaredResourceController.Command} [inst_1 : DecidableEq F] (prepared : Minidregg.Kernel.DeclaredResourceController.PreparedInvocation deployment profile ambient ground command) (tuple : Minidregg.Kernel.MultiCellHyperedge.PreparedTuple (Minidregg.Kernel.DeclaredResourceController.plan prepared)) (incidence : Minidregg.Kernel.DeclaredResourceController.Incidence command) (leaf : Minidregg.Compiler.LawLeaf), Minidregg.Kernel.DeclaredResourceController.lawLeaf prepared tuple incidence = Option.some leaf → ∃ law, (Minidregg.Kernel.DeclaredResourceController.policyConfig prepared tuple incidence).resolve? = Option.some law ∧ law.predicate.subterm leaf.path = Option.some leaf.clause ∧ Minidregg.Pred.eval leaf.clause (Minidregg.Kernel.DeclaredResourceController.step prepared tuple incidence).oldState (Minidregg.Kernel.DeclaredResourceController.step prepared tuple incidence).newState = Bool.false
theorem	Minidregg.Kernel.DeclaredResourceController.lawLeaf_none_iff_verifies	f5a233558e4b4a48344a2566a6105148477da210f5bdf50b62c101ccdc6c4355	e6f4862ff6bfeca35c398d1efcb71e784a129f14cc767ed81233f84255861782	fa9861236df87622e6d144ddd664fecc14b2d12219eeec3fb7e298e3b59fcffa	fc4d1f9af6ead911	Classical.choice,Quot.sound,propext	∀ {F : Type} [inst : Field F] {deployment : Minidregg.Kernel.DeclaredResourceController.Deployment} {profile : Minidregg.Compiler.CanonicalRuntimeProfile.Profile F} {ambient : Minidregg.Kernel.DeclaredResourceController.Ambient} {ground : Minidregg.Kernel.DeclaredResourceController.Ground deployment} {command : Minidregg.Kernel.DeclaredResourceController.Command} [inst_1 : DecidableEq F] (prepared : Minidregg.Kernel.DeclaredResourceController.PreparedInvocation deployment profile ambient ground command) (tuple : Minidregg.Kernel.MultiCellHyperedge.PreparedTuple (Minidregg.Kernel.DeclaredResourceController.plan prepared)) (incidence : Minidregg.Kernel.DeclaredResourceController.Incidence command) (law : Minidregg.Compiler.ComposedPolicyAdmission.PreparedLaw (Minidregg.Kernel.DeclaredResourceController.policyConfig prepared tuple incidence)), (Minidregg.Kernel.DeclaredResourceController.policyConfig prepared tuple incidence).resolve? = Option.some law → law.binding (tuple.request incidence).snd = Bool.true → Minidregg.Compiler.supported profile.compilerProfile.compiler law.predicate = Bool.true → Minidregg.Compiler.inputsInRange profile.compilerProfile.compiler law.predicate (Minidregg.Kernel.DeclaredResourceController.step prepared tuple incidence).oldState (Minidregg.Kernel.DeclaredResourceController.step prepared tuple incidence).newState = Bool.true → Minidregg.Compiler.castInjOn F (Minidregg.Compiler.intsOf law.predicate (Minidregg.Kernel.DeclaredResourceController.step prepared tuple incidence).oldState (Minidregg.Kernel.DeclaredResourceController.step prepared tuple incidence).newState) → (Minidregg.Kernel.DeclaredResourceController.lawLeaf prepared tuple incidence = Option.none ↔ (Minidregg.Kernel.DeclaredResourceController.policyConfig prepared tuple incidence).verifies (tuple.request incidence).snd law.witness = Bool.true)
theorem	Minidregg.Kernel.DeclaredResourceController.lawLeaf_refuses_iff_verifies_rejects	ac54ba1a3d5e1d07f0cbb7b78cf168cfd0dd122a300721802aa6ceb4fa4181a3	781ee41cb1047f3b21cb8f33a4d9bbc8fc04a89948e9f796a04bf5b852231246	3c55f7ae3f4e4c1de4b351948e32318161cff7d0019d17d0d43a4e4fd621af2d	cf4e6a270818ebec	Classical.choice,Quot.sound,propext	∀ {F : Type} [inst : Field F] {deployment : Minidregg.Kernel.DeclaredResourceController.Deployment} {profile : Minidregg.Compiler.CanonicalRuntimeProfile.Profile F} {ambient : Minidregg.Kernel.DeclaredResourceController.Ambient} {ground : Minidregg.Kernel.DeclaredResourceController.Ground deployment} {command : Minidregg.Kernel.DeclaredResourceController.Command} [inst_1 : DecidableEq F] (prepared : Minidregg.Kernel.DeclaredResourceController.PreparedInvocation deployment profile ambient ground command) (tuple : Minidregg.Kernel.MultiCellHyperedge.PreparedTuple (Minidregg.Kernel.DeclaredResourceController.plan prepared)) (incidence : Minidregg.Kernel.DeclaredResourceController.Incidence command) (law : Minidregg.Compiler.ComposedPolicyAdmission.PreparedLaw (Minidregg.Kernel.DeclaredResourceController.policyConfig prepared tuple incidence)), (Minidregg.Kernel.DeclaredResourceController.policyConfig prepared tuple incidence).resolve? = Option.some law → law.binding (tuple.request incidence).snd = Bool.true → Minidregg.Compiler.supported profile.compilerProfile.compiler law.predicate = Bool.true → Minidregg.Compiler.inputsInRange profile.compilerProfile.compiler law.predicate (Minidregg.Kernel.DeclaredResourceController.step prepared tuple incidence).oldState (Minidregg.Kernel.DeclaredResourceController.step prepared tuple incidence).newState = Bool.true → Minidregg.Compiler.castInjOn F (Minidregg.Compiler.intsOf law.predicate (Minidregg.Kernel.DeclaredResourceController.step prepared tuple incidence).oldState (Minidregg.Kernel.DeclaredResourceController.step prepared tuple incidence).newState) → ((Minidregg.Kernel.DeclaredResourceController.lawLeaf prepared tuple incidence).isSome = Bool.true ↔ (Minidregg.Kernel.DeclaredResourceController.policyConfig prepared tuple incidence).verifies (tuple.request incidence).snd law.witness = Bool.false)
def	Minidregg.Kernel.DeclaredResourceController.lawRefusal	79e0daaa10a3144bfba026a7ec68499356e88e0b452af9c39540c84f7e1ebbe3	6a67a4d83835f831cfd62dfc29d0cc3ac18ee4b4c417d4d8cb35902aae980b2b	3ce8291d6a7914f8b63033c171f09c5b5196b2d8188f9bb2a3a02bafd8d7f7ca	dc9a7f6ab4dacf09	Classical.choice,Quot.sound,propext	{F : Type} → [inst : Field F] → {deployment : Minidregg.Kernel.DeclaredResourceController.Deployment} → {profile : Minidregg.Compiler.CanonicalRuntimeProfile.Profile F} → {ambient : Minidregg.Kernel.DeclaredResourceController.Ambient} → {ground : Minidregg.Kernel.DeclaredResourceController.Ground deployment} → {command : Minidregg.Kernel.DeclaredResourceController.Command} → [DecidableEq F] → (Minidregg.Kernel.DeclaredResourceController.Incidence command → Option (Finset Minidregg.Theory.TypedAuthorization.CellField)) → (prepared : Minidregg.Kernel.DeclaredResourceController.PreparedInvocation deployment profile ambient ground command) → Minidregg.Kernel.MultiCellHyperedge.PreparedTuple (Minidregg.Kernel.DeclaredResourceController.plan prepared) → Minidregg.Kernel.DeclaredResourceController.Incidence command → Option Minidregg.Compiler.Refusal
theorem	Minidregg.Kernel.DeclaredResourceController.lawRefusal_isSome	0d47bc673ffc130aee95b58c5146946caec0175fc635bd53f5e7480aad3f81aa	5cdb07879451577c72535eed5f64e9f2249453504bfdcb057514270491ec2a43	9bc7927000436b0e103965f0063156455079213ffc9cab9da2991dd8cb999bf2	ac81eccd1177bec3	Classical.choice,Quot.sound,propext	∀ {F : Type} [inst : Field F] {deployment : Minidregg.Kernel.DeclaredResourceController.Deployment} {profile : Minidregg.Compiler.CanonicalRuntimeProfile.Profile F} {ambient : Minidregg.Kernel.DeclaredResourceController.Ambient} {ground : Minidregg.Kernel.DeclaredResourceController.Ground deployment} {command : Minidregg.Kernel.DeclaredResourceController.Command} [inst_1 : DecidableEq F] (fieldsOf : Minidregg.Kernel.DeclaredResourceController.Incidence command → Option (Finset Minidregg.Theory.TypedAuthorization.CellField)) (prepared : Minidregg.Kernel.DeclaredResourceController.PreparedInvocation deployment profile ambient ground command) (tuple : Minidregg.Kernel.MultiCellHyperedge.PreparedTuple (Minidregg.Kernel.DeclaredResourceController.plan prepared)) (incidence : Minidregg.Kernel.DeclaredResourceController.Incidence command), (Minidregg.Kernel.DeclaredResourceController.lawRefusal fieldsOf prepared tuple incidence).isSome = (Minidregg.Kernel.DeclaredResourceController.lawLeaf prepared tuple incidence).isSome
def	Minidregg.Kernel.DeclaredResourceController.lawSourceGuards	d1313f4253a648d6de37346cc49c7b74480803dbb5d13e2c15953cc8d1a32b12	2b3934991c34074bfaa8b8bff0601a6ccf82be28e1c88eb104c877320163b195	dd3be6a1be80cc1fd40c72227823180366123d914c196719df8a0b5cd1d1a849	15fbb330d2c952e3	Classical.choice,Quot.sound,propext	{F : Type} → [inst : Field F] → {deployment : Minidregg.Kernel.DeclaredResourceController.Deployment} → {profile : Minidregg.Compiler.CanonicalRuntimeProfile.Profile F} → {ambient : Minidregg.Kernel.DeclaredResourceController.Ambient} → {ground : Minidregg.Kernel.DeclaredResourceController.Ground deployment} → {command : Minidregg.Kernel.DeclaredResourceController.Command} → Minidregg.Kernel.DeclaredResourceController.PreparedInvocation deployment profile ambient ground command → Option (List Minidregg.Kernel.DurableDataIntent.ReadGuard)
def	Minidregg.Kernel.DeclaredResourceController.layout	8014783fb3fe538dc9972e325e5b69d68c0b7654b6bc97fa5390816d4edc8ef5	23517711474562d30677f4d147b44b135d88498ebfde2359b919dc101ef0855e	8ee53a52160bf2bb0638edba81254f01e6f5960e8f6ae27de5bcb4ce78289fa8	706a746d26eb03b8	Classical.choice,Quot.sound,propext	{F : Type} → [inst : Field F] → {deployment : Minidregg.Kernel.DeclaredResourceController.Deployment} → {profile : Minidregg.Compiler.CanonicalRuntimeProfile.Profile F} → {ambient : Minidregg.Kernel.DeclaredResourceController.Ambient} → {ground : Minidregg.Kernel.DeclaredResourceController.Ground deployment} → {command : Minidregg.Kernel.DeclaredResourceController.Command} → Minidregg.Kernel.DeclaredResourceController.PreparedInvocation deployment profile ambient ground command → Minidregg.Kernel.MultiCellHyperedge.CellLayout (Minidregg.Kernel.DeclaredResourceController.Incidence command)
def	Minidregg.Kernel.DeclaredResourceController.legFootprint	e5cfcae090e485273ed42075a11dca607e615ec894f596c988ca7d327919efe8	7f3876ec165e4d5d2c33d3207419ed3dda99bbc7fc94217bd4bbab44c01a7502	b73081236b0ad8ccd4d1e58e1f97e6d15dc07c366ae788aeb816cd72a9a694ef	5257a000d9840b24	Classical.choice,Quot.sound,propext	{F : Type} → [inst : Field F] → {deployment : Minidregg.Kernel.DeclaredResourceController.Deployment} → {profile : Minidregg.Compiler.CanonicalRuntimeProfile.Profile F} → {ambient : Minidregg.Kernel.DeclaredResourceController.Ambient} → {ground : Minidregg.Kernel.DeclaredResourceController.Ground deployment} → {command : Minidregg.Kernel.DeclaredResourceController.Command} → Minidregg.Kernel.DeclaredResourceController.PreparedInvocation deployment profile ambient ground command → Minidregg.Kernel.DeclaredResourceController.Incidence command → Option Minidregg.Theory.TypedAuthorization.Footprint
theorem	Minidregg.Kernel.DeclaredResourceController.legFootprint_exact	ee1fe71de5b7566ca50ccd3852fb038e78a3b70801910aa4b87462fee700dc7f	31fed7b8c3238083f8bc7821cd9f92263670c70ac78d37c63d9a62c36a75efbb	78716bd49cde6ebf2b8818bb13b4d994b2ccf49a4f638eff7f5947798a2c54da	7260107494489959	Classical.choice,Quot.sound,propext	∀ {F : Type} [inst : Field F] {deployment : Minidregg.Kernel.DeclaredResourceController.Deployment} {profile : Minidregg.Compiler.CanonicalRuntimeProfile.Profile F} {ambient : Minidregg.Kernel.DeclaredResourceController.Ambient} {ground : Minidregg.Kernel.DeclaredResourceController.Ground deployment} {command : Minidregg.Kernel.DeclaredResourceController.Command} (prepared : Minidregg.Kernel.DeclaredResourceController.PreparedInvocation deployment profile ambient ground command) (i : Minidregg.Kernel.DeclaredResourceController.TargetIndex command), Minidregg.Kernel.DeclaredResourceController.legFootprint prepared (Option.some i) = Option.some (Minidregg.Kernel.DeclaredResourceController.legFullFootprint prepared i)
def	Minidregg.Kernel.DeclaredResourceController.legFullFootprint	70cd97a26f5dfe70a1b91a2e4702a1b33addcedb78dab59a798bbe0c94b6f69e	ea1a65cd146c240a9663be7be03da12a16228ee8561ed0f16575774683b682cd	0f6c0c4aa8467cf8194976c4d84526d29c4f5eb044703cf720ea2674fe73418a	00ea2d52cae91611	Classical.choice,Quot.sound,propext	{F : Type} → [inst : Field F] → {deployment : Minidregg.Kernel.DeclaredResourceController.Deployment} → {profile : Minidregg.Compiler.CanonicalRuntimeProfile.Profile F} → {ambient : Minidregg.Kernel.DeclaredResourceController.Ambient} → {ground : Minidregg.Kernel.DeclaredResourceController.Ground deployment} → {command : Minidregg.Kernel.DeclaredResourceController.Command} → Minidregg.Kernel.DeclaredResourceController.PreparedInvocation deployment profile ambient ground command → Minidregg.Kernel.DeclaredResourceController.TargetIndex command → Minidregg.Theory.TypedAuthorization.Footprint
def	Minidregg.Kernel.DeclaredResourceController.legPortal	27d3b1c275508447702cbff88f35f80c473410501c42f06bb74f926317ddbf3d	00adcdf1858ad9a69b1d6df822e237fe834721ac40a228080a422308f6c9090a	daa75613906a94c3e953dcb066069a01a302cfe1e4711b18277d723a4953b9ed	4205e0de50495ec0	Classical.choice,Quot.sound,propext	{F : Type} → [inst : Field F] → {deployment : Minidregg.Kernel.DeclaredResourceController.Deployment} → {profile : Minidregg.Compiler.CanonicalRuntimeProfile.Profile F} → {ambient : Minidregg.Kernel.DeclaredResourceController.Ambient} → {ground : Minidregg.Kernel.DeclaredResourceController.Ground deployment} → {command : Minidregg.Kernel.DeclaredResourceController.Command} → [DecidableEq F] → (prepared : Minidregg.Kernel.DeclaredResourceController.PreparedInvocation deployment profile ambient ground command) → Minidregg.Kernel.MultiCellHyperedge.PreparedTuple (Minidregg.Kernel.DeclaredResourceController.plan prepared) → Minidregg.Kernel.DeclaredResourceController.Incidence command → Minidregg.Theory.TypedAuthorization.Portal
def	Minidregg.Kernel.DeclaredResourceController.legacySourceChargeFrom	3e2e07f7a841966882074a3244412e349d4f4b99e5f2bf6d790f496d5af6ba28	6758303223ee0d8482341056d2f398ca5bd226a981e93b4d4597c983848552d7	9073c2372dd061e88db5913a6e343854c4d3c4d2c6859354a39d9e553c2ebc87	a17edf6415ad7ee0	Classical.choice,Quot.sound,propext	{F : Type} → [inst : Field F] → {deployment : Minidregg.Kernel.DeclaredResourceController.Deployment} → {profile : Minidregg.Compiler.CanonicalRuntimeProfile.Profile F} → {ambient : Minidregg.Kernel.DeclaredResourceController.Ambient} → {ground : Minidregg.Kernel.DeclaredResourceController.Ground deployment} → {command : Minidregg.Kernel.DeclaredResourceController.Command} → Minidregg.Kernel.DeclaredResourceController.PreparedInvocation deployment profile ambient ground command → Minidregg.Kernel.DeclaredResourceController.SignedCommand → List Minidregg.Kernel.DurableDataIntent.DataWrite → List Minidregg.Kernel.DurableDataIntent.ReadGuard → Minidregg.Theory.ResourceCost.Charge
def	Minidregg.Kernel.DeclaredResourceController.monetaryDebitFootprint?	5d5b51de0e02d199c46280e0557f84f39e0dc2dbbba8fa27410fd50f657f6023	7f3876ec165e4d5d2c33d3207419ed3dda99bbc7fc94217bd4bbab44c01a7502	574d380d53e1166e0a04bc45367ccf33b194bff43ddd3197de939e37a15c8132	1c32cb9e43cc9744	Classical.choice,Quot.sound,propext	{F : Type} → [inst : Field F] → {deployment : Minidregg.Kernel.DeclaredResourceController.Deployment} → {profile : Minidregg.Compiler.CanonicalRuntimeProfile.Profile F} → {ambient : Minidregg.Kernel.DeclaredResourceController.Ambient} → {ground : Minidregg.Kernel.DeclaredResourceController.Ground deployment} → {command : Minidregg.Kernel.DeclaredResourceController.Command} → Minidregg.Kernel.DeclaredResourceController.PreparedInvocation deployment profile ambient ground command → Minidregg.Kernel.DeclaredResourceController.Incidence command → Option Minidregg.Theory.TypedAuthorization.Footprint
def	Minidregg.Kernel.DeclaredResourceController.monetaryFootprint?	b29bd7c9ec145a6ad0fc097df56d097b71a81c77db83929da79d58d14324fc2f	9e7a806c56c2de090fa3b0e75ac03ac788d98f152dc08c781ba70319ec17135a	341a7fc9ca852f60e4a48b279a92e1abc0d402e13b4efbf7524addc65336c786	9c44e0b7eb8bbb38	Classical.choice,Quot.sound,propext	{F : Type} → [inst : Field F] → {deployment : Minidregg.Kernel.DeclaredResourceController.Deployment} → {profile : Minidregg.Compiler.CanonicalRuntimeProfile.Profile F} → {ambient : Minidregg.Kernel.DeclaredResourceController.Ambient} → {ground : Minidregg.Kernel.DeclaredResourceController.Ground deployment} → {command : Minidregg.Kernel.DeclaredResourceController.Command} → Minidregg.Kernel.DeclaredResourceController.PreparedInvocation deployment profile ambient ground command → Minidregg.Kernel.DeclaredResourceController.TargetIndex command → Option Minidregg.Theory.TypedAuthorization.Footprint
def	Minidregg.Kernel.DeclaredResourceController.monetaryVerbs?	d03340053a37addeba7906141c3db42278498aece00a724e9e7c6d365844900f	5ef509cda784b4a13fe0b0e4b2da792c8db8967ab77e8b5881a8753fbd8800f8	92f1217b35603e19332ca553b78b3bcfb5bb73a2e66ae1e66f42ce0495cef87c	c61efd2892468e62	Classical.choice,Quot.sound,propext	{F : Type} → [inst : Field F] → {deployment : Minidregg.Kernel.DeclaredResourceController.Deployment} → {profile : Minidregg.Compiler.CanonicalRuntimeProfile.Profile F} → {ambient : Minidregg.Kernel.DeclaredResourceController.Ambient} → {ground : Minidregg.Kernel.DeclaredResourceController.Ground deployment} → {command : Minidregg.Kernel.DeclaredResourceController.Command} → Minidregg.Kernel.DeclaredResourceController.PreparedInvocation deployment profile ambient ground command → Minidregg.Kernel.DeclaredResourceController.Incidence command → Option (List (Minidregg.Theory.TypedAuthorization.Verb Minidregg.Theory.TypedAuthorization.ResourceKind.account))
def	Minidregg.Kernel.DeclaredResourceController.moneyPolicySlots	0cbba8a1ff14d60d54e8d9d3e62d79d9c0243e5a07af442a5499055e03bb2487	8e8c2d3e9c8e2872261577b1af73646de05e25e6b5296b3d3d9e9ba74d77a9fd	b39bd58d00fff4a14047622b7030bc3a220a632dc77aab5dd679f6313e449680	81800f7ba212cb74	Classical.choice,Quot.sound,propext	{F : Type} → [inst : Field F] → {deployment : Minidregg.Kernel.DeclaredResourceController.Deployment} → {profile : Minidregg.Compiler.CanonicalRuntimeProfile.Profile F} → {ambient : Minidregg.Kernel.DeclaredResourceController.Ambient} → {ground : Minidregg.Kernel.DeclaredResourceController.Ground deployment} → {command : Minidregg.Kernel.DeclaredResourceController.Command} → Minidregg.Kernel.DeclaredResourceController.PreparedInvocation deployment profile ambient ground command → Minidregg.Kernel.DeclaredResourceController.TargetIndex command → List (String × ℤ)
def	Minidregg.Kernel.DeclaredResourceController.moneyReadCovered	b2d1453b5aff688211d6f691d3280e05cb3abf6a924cc7eb917e7297d6841e5d	8a40c63c86ed2dd356b6158c5090740f0c6cb7d06da090f9fc44254dfe88bb62	5a61aae15b7f5aaccc17382f1d4b6da8d9006ef3ff02eed6a1574e1852e3cb89	c94e6fbfcfaf386a	Classical.choice,Quot.sound,propext	{F : Type} → [inst : Field F] → {deployment : Minidregg.Kernel.DeclaredResourceController.Deployment} → {profile : Minidregg.Compiler.CanonicalRuntimeProfile.Profile F} → {ambient : Minidregg.Kernel.DeclaredResourceController.Ambient} → {ground : Minidregg.Kernel.DeclaredResourceController.Ground deployment} → {command : Minidregg.Kernel.DeclaredResourceController.Command} → Minidregg.Kernel.DeclaredResourceController.PreparedInvocation deployment profile ambient ground command → Minidregg.Kernel.DeclaredResourceController.TargetIndex command → Prop := fun {F} [Field F] {deployment} {profile} {ambient} {ground} {command} prepared i => match prepared.money, command.targets[i].payload with | Option.some money, Minidregg.Kernel.DeclaredResourceController.Payload.moneyConsent consent => ∀ asset ∈ money.roleAssets command.targets[i].target, Minidregg.Theory.TypedAuthorization.CellField.NamedBy (Minidregg.Kernel.ResourceObservationAdmission.readerFields (Minidregg.Kernel.DeclaredResourceController.readContext prepared) command.targets[i].kind (Minidregg.Kernel.DeclaredResourceController.readCapability i)) (Minidregg.Theory.TypedAuthorization.CellField.balance asset) | x, x_1 => True
def	Minidregg.Kernel.DeclaredResourceController.moneyReadCoveredDecidable	de43f504df7aaf2e5ff27ab897a833f0bf429d54be6da707ba0cf94b97b358c8	99015681ff80ef1962e53ac7a986d0af85cf4c8fe14cdd8cdbbcc6adc5605d34	ab70829cd3797a79329c23b6054f2008502e959f952b507bb9d613d87ea75980	67ee872c1e507f0d	Classical.choice,Quot.sound,propext	{F : Type} → [inst : Field F] → {deployment : Minidregg.Kernel.DeclaredResourceController.Deployment} → {profile : Minidregg.Compiler.CanonicalRuntimeProfile.Profile F} → {ambient : Minidregg.Kernel.DeclaredResourceController.Ambient} → {ground : Minidregg.Kernel.DeclaredResourceController.Ground deployment} → {command : Minidregg.Kernel.DeclaredResourceController.Command} → (prepared : Minidregg.Kernel.DeclaredResourceController.PreparedInvocation deployment profile ambient ground command) → (i : Minidregg.Kernel.DeclaredResourceController.TargetIndex command) → Decidable (Minidregg.Kernel.DeclaredResourceController.moneyReadCovered prepared i)
def	Minidregg.Kernel.DeclaredResourceController.moneyVerbsCheck	bfa6b1fbe499600880c6d6fcd4394eb207b992b75f903b6d51d364c66ff56f6d	71c917fcb7ec4506e76372c1caaa430262fece274cedba89f07a2908242f0a19	f873d3754f1e78ee8cefc98762bd2710a8bee9c3d0d61ac23cbee36eda3261f0	a29069ff243b6e4f	Quot.sound,propext	{kind : Minidregg.Theory.TypedAuthorization.ResourceKind} → Option (Minidregg.Theory.TypedAuthorization.Capability kind × Minidregg.Theory.TypedAuthorization.Digest) → Option (List (Minidregg.Theory.TypedAuthorization.Verb Minidregg.Theory.TypedAuthorization.ResourceKind.account)) → Except Minidregg.Kernel.DeclaredResourceController.Reject Unit
theorem	Minidregg.Kernel.DeclaredResourceController.no_accepted_read_target_envelope	81466e91907184ab2ace924db56c5900c0200ecc9c1c6a54e3505aec39fb448d	0167b70e0b769afbcc7ef7b2347f0deff0242532920da57c6bc1591c8261a305	5a360ea475ae73a9af39627d6f628742cfe191584f05eb697676709b0a7cd1b3	122b04c2b0240eed	Classical.choice,Quot.sound,propext	∀ {F : Type} [inst : Field F] {deployment : Minidregg.Kernel.DeclaredResourceController.Deployment} {profile : Minidregg.Compiler.CanonicalRuntimeProfile.Profile F} {ambient : Minidregg.Kernel.DeclaredResourceController.Ambient} {ground : Minidregg.Kernel.DeclaredResourceController.Ground deployment} {command : Minidregg.Kernel.DeclaredResourceController.Command} [inst_1 : DecidableEq F] {prepared : Minidregg.Kernel.DeclaredResourceController.PreparedInvocation deployment profile ambient ground command} {signed : Minidregg.Kernel.DeclaredResourceController.SignedCommand} (i : Minidregg.Kernel.DeclaredResourceController.TargetIndex command), command.targets[i].observeOnly = Bool.true → signed.envelope command (Option.some i) ≠ [] → ¬Nonempty (Minidregg.Kernel.DeclaredResourceController.AuthorityInvocation prepared signed)
theorem	Minidregg.Kernel.DeclaredResourceController.now_slot_exact	8ea8d7a3523b0e76ce0ddde6648f1bac7b77fb6c0c88bb12a8d34dad4a02a78d	d4327def4fc716c52b91e256f8f4e0ab249d3aae1c9c09ef21455059bcabe4fe	a287cca07e12a61caa3f73052b79a91cf4d68d335b4c6c51046629e155616afd	6be727dd1a334d59	Classical.choice,Quot.sound,propext	∀ {F : Type} [inst : Field F] {deployment : Minidregg.Kernel.DeclaredResourceController.Deployment} {profile : Minidregg.Compiler.CanonicalRuntimeProfile.Profile F} {ambient : Minidregg.Kernel.DeclaredResourceController.Ambient} {ground : Minidregg.Kernel.DeclaredResourceController.Ground deployment} {command : Minidregg.Kernel.DeclaredResourceController.Command} (prepared : Minidregg.Kernel.DeclaredResourceController.PreparedInvocation deployment profile ambient ground command) (primary : Minidregg.Kernel.DeclaredResourceController.Incidence command) (source : Minidregg.Kernel.DeclaredResourceController.Source command) (logical : (incidence : Minidregg.Kernel.DeclaredResourceController.Incidence command) → Minidregg.Theory.Store.Store ((Minidregg.Kernel.DeclaredResourceController.layout prepared).storeLayout incidence)), (Minidregg.Kernel.DeclaredResourceController.project prepared primary source logical).get "clock/now" = Option.some (Int.ofNat prepared.clock.clock.now) ∧ Minidregg.Kernel.ClockCell.clockOf prepared.clock.cell.logical = Option.some prepared.clock.clock
def	Minidregg.Kernel.DeclaredResourceController.objectiveArtifactValue	e29085a9f11b61b02f638943ade2f3f1afb17c8cacba492a1f67d8f71564c391	7478e26bee987a3713812a0d09596413563806daac01d44431f27e62c780dec9	5f73fb0a9bf7f8633cdf7ad1dfa9745a9aa6c173b63790f71ab3945c0db7d083	39d984ffaba7e431	Classical.choice,Quot.sound,propext	Minidregg.Kernel.DeclaredResourceController.Command → ℤ
theorem	Minidregg.Kernel.DeclaredResourceController.objectiveClaim_objective_route	1869d6e46df232ca9988c096866e1568c5af2a78887e83972918c1fd6178f2d9	0c1a3a1feab0ac532ff2c7607f93b26e9041be6d5982b4b8df5cecba9294f562	f33b74b5bf02cb5ba71e7635716c914d7da9b9be4800d932a804bd0f57b09e25	293aecc9ef7c9dcf	Classical.choice,Quot.sound,propext	∀ {command : Minidregg.Kernel.DeclaredResourceController.Command} {claim : Minidregg.Compiler.ObjectiveInvocationClaim.Claim}, command.objectiveClaim = Except.ok (Option.some claim) → Option.any (fun family => family.route == Minidregg.Compiler.NativeInvocationStatement.Route.objectiveMethod) command.family = Bool.true
def	Minidregg.Kernel.DeclaredResourceController.objectiveSlots	d58a0ee0de9073b46fff5274870e0e60adb3f67dd5617311de9bec7358b37f28	b8d7b308a9bcfd72ccd79cddf58e89d7b5e25eca505bb39649c6f1b10613c5e8	8082f8f726d2eb943fd0a8a7c30375d6d89d7bf5b92d919525dee61a4bca52ce	68a58b4c161f28d0	Classical.choice,Quot.sound,propext	Minidregg.Kernel.DeclaredResourceController.Command → List (String × ℤ)
theorem	Minidregg.Kernel.DeclaredResourceController.objectiveSlots_unjoint	0dfa7b419664a5f2a37312a008579d821c9996b9ed8d785171f322a870e6afa7	82ddd4cbe4dd50384112b58089838e0a67814e66eb583975e1446782b03eeaf2	8afcd992d6ab7d73d0e0da7b082bf3c1632726be45ac89d2a9163873ccce1d9f	f9bf42ab8000ae65	Classical.choice,Quot.sound,propext	∀ (command : Minidregg.Kernel.DeclaredResourceController.Command), Minidregg.Kernel.DeclaredResourceController.JointSlots.Unjoint (Minidregg.Kernel.DeclaredResourceController.objectiveSlots command)
theorem	Minidregg.Kernel.DeclaredResourceController.objective_artifact_slot_exact	907b6852955cbc749980464782042cf6e174762ee41d95cf33dcfcff063b249c	4b5ebf2c9840f5f99c2e45e1580406c81f919b058037905c051ba891257068e8	1349ef95efdfa13049b321955a1e92864b778a1e79182ef1b2e26a48b69abd04	1b25e185a5fa9dfc	Classical.choice,Quot.sound,propext	∀ {F : Type} [inst : Field F] {deployment : Minidregg.Kernel.DeclaredResourceController.Deployment} {profile : Minidregg.Compiler.CanonicalRuntimeProfile.Profile F} {ambient : Minidregg.Kernel.DeclaredResourceController.Ambient} {ground : Minidregg.Kernel.DeclaredResourceController.Ground deployment} {command : Minidregg.Kernel.DeclaredResourceController.Command} (prepared : Minidregg.Kernel.DeclaredResourceController.PreparedInvocation deployment profile ambient ground command) (primary : Minidregg.Kernel.DeclaredResourceController.Incidence command) (source : Minidregg.Kernel.DeclaredResourceController.Source command) (logical : (incidence : Minidregg.Kernel.DeclaredResourceController.Incidence command) → Minidregg.Theory.Store.Store ((Minidregg.Kernel.DeclaredResourceController.layout prepared).storeLayout incidence)), (Minidregg.Kernel.DeclaredResourceController.project prepared primary source logical).get Minidregg.Pred.objectiveArtifactSlot = Option.some (Minidregg.Kernel.DeclaredResourceController.objectiveArtifactValue command)
def	Minidregg.Kernel.DeclaredResourceController.ordinaryIncidences	4e1913ae24920369393fd79093e411038f44ed92ff6cf40889879a7fdea45262	49cac8286cbeebd286499a9d43329d9d4fa2d3eee8a3762f5396fbe9fac6259d	8c99460735ff92b5b2e0525c48a4ca5efe3d169a8dd30cdb31f55daec99c760e	7fdff51c2975ccf4	Quot.sound,propext	(command : Minidregg.Kernel.DeclaredResourceController.Command) → List (Minidregg.Kernel.DeclaredResourceController.Incidence command)
def	Minidregg.Kernel.DeclaredResourceController.ordinaryWrites	1b7d65f1f9d6edace00a94563b85c1788cf2524c9982cd13dad06d9f8dba3166	92a5b4a14f4c11b3e1a42e5e150f6d0f15fb63556e94044d8fc30bf44d5aeb58	abadadb5ebb6b2bb5c1f698027df21d2ef4b07451a8ec5854ce6a79893b6eed9	45da9d60eccf7394	Classical.choice,Quot.sound,propext	{F : Type} → [inst : Field F] → {deployment : Minidregg.Kernel.DeclaredResourceController.Deployment} → {profile : Minidregg.Compiler.CanonicalRuntimeProfile.Profile F} → {ambient : Minidregg.Kernel.DeclaredResourceController.Ambient} → {ground : Minidregg.Kernel.DeclaredResourceController.Ground deployment} → {command : Minidregg.Kernel.DeclaredResourceController.Command} → Minidregg.Kernel.DeclaredResourceController.PreparedInvocation deployment profile ambient ground command → List Minidregg.Kernel.DurableDataIntent.DataWrite
theorem	Minidregg.Kernel.DeclaredResourceController.ordinary_objectivePin_refused	b7a81367e332acfbb06a2d4070e108db9be922c96fbc3b88e545ebd5484b6389	ec9c2d785638cc8992094a4088ae9962516c172964b2f3d988eb239ef2600968	487cfaf6fe599f9a455a28728e93c433259739a6fa46981d6bb41b143cf0fe3d	1a57a730783913d7	Classical.choice,Quot.sound,propext	∀ {F : Type} [inst : Field F] {deployment : Minidregg.Kernel.DeclaredResourceController.Deployment} {profile : Minidregg.Compiler.CanonicalRuntimeProfile.Profile F} {ambient : Minidregg.Kernel.DeclaredResourceController.Ambient} {ground : Minidregg.Kernel.DeclaredResourceController.Ground deployment} {command : Minidregg.Kernel.DeclaredResourceController.Command} (prepared : Minidregg.Kernel.DeclaredResourceController.PreparedInvocation deployment profile ambient ground command) (primary : Minidregg.Kernel.DeclaredResourceController.Incidence command) (source : Minidregg.Kernel.DeclaredResourceController.Source command) (logical : (incidence : Minidregg.Kernel.DeclaredResourceController.Incidence command) → Minidregg.Theory.Store.Store ((Minidregg.Kernel.DeclaredResourceController.layout prepared).storeLayout incidence)) (old : Minidregg.Pred.State) (artifacts : List ℕ), command.objectiveClaim = Except.ok Option.none → Minidregg.Pred.eval (Minidregg.Pred.objectivePin artifacts) old (Minidregg.Kernel.DeclaredResourceController.project prepared primary source logical) = Bool.false
theorem	Minidregg.Kernel.DeclaredResourceController.ordinary_pinned_law_names_pin	5e171f143101c501493d7ed8aa5e1915fae186e6ca0e5d0166ace54e9327a623	a7052d6184eeb639c23f861b9546d3f82aa57a4563407c181dc6a88c21b30b74	93f0e37822c3349c89a756050ae596dee83a1b508ece4d301e88ddc52a76c9d6	05b5cb95b9bbac66	Classical.choice,Quot.sound,propext	∀ {F : Type} [inst : Field F] {deployment : Minidregg.Kernel.DeclaredResourceController.Deployment} {profile : Minidregg.Compiler.CanonicalRuntimeProfile.Profile F} {ambient : Minidregg.Kernel.DeclaredResourceController.Ambient} {ground : Minidregg.Kernel.DeclaredResourceController.Ground deployment} {command : Minidregg.Kernel.DeclaredResourceController.Command} (prepared : Minidregg.Kernel.DeclaredResourceController.PreparedInvocation deployment profile ambient ground command) (primary : Minidregg.Kernel.DeclaredResourceController.Incidence command) (source : Minidregg.Kernel.DeclaredResourceController.Source command) (logical : (incidence : Minidregg.Kernel.DeclaredResourceController.Incidence command) → Minidregg.Theory.Store.Store ((Minidregg.Kernel.DeclaredResourceController.layout prepared).storeLayout incidence)) (old : Minidregg.Pred.State) (artifacts : List ℕ) (rest : List Minidregg.Pred.Pred), command.objectiveClaim = Except.ok Option.none → Minidregg.Compiler.LawLeaf.of (Minidregg.Pred.Pred.all (Minidregg.Pred.objectivePin artifacts :: rest)) old (Minidregg.Kernel.DeclaredResourceController.project prepared primary source logical) = Option.some { path := [0], clause := Minidregg.Pred.objectivePin artifacts, before := old.get Minidregg.Pred.objectiveArtifactSlot, after := Option.some (-1) }
def	Minidregg.Kernel.DeclaredResourceController.participantSlots	834c0275e9a7a0845a922161b83072361d49e6f3e3ebeca6a57a626bec6c3e3c	77044cc895613c389542c016b2de90f04e94a45beff847213b9818ca78c28e59	883ed8a6a37e2d2679fed4d92e900ecef56f3f757dd8b3d99ef0b6b2b3f3a17a	f95e5106f023b3d9	Classical.choice,Quot.sound,propext	{F : Type} → [inst : Field F] → {deployment : Minidregg.Kernel.DeclaredResourceController.Deployment} → {profile : Minidregg.Compiler.CanonicalRuntimeProfile.Profile F} → {ambient : Minidregg.Kernel.DeclaredResourceController.Ambient} → {ground : Minidregg.Kernel.DeclaredResourceController.Ground deployment} → {command : Minidregg.Kernel.DeclaredResourceController.Command} → (prepared : Minidregg.Kernel.DeclaredResourceController.PreparedInvocation deployment profile ambient ground command) → ((incidence : Minidregg.Kernel.DeclaredResourceController.Incidence command) → Minidregg.Theory.Store.Store ((Minidregg.Kernel.DeclaredResourceController.layout prepared).storeLayout incidence)) → Minidregg.Kernel.DeclaredResourceController.TargetIndex command → List (String × ℤ)
theorem	Minidregg.Kernel.DeclaredResourceController.participantSlots_unjoint	c66314004c4f384d4e480ab0e817df04ed508009fa077a7255834e245d8fa73a	66af82758114b29658d605f8d746030675f0ded6dfedf1d2f498b8097bda135d	d591065f6af47a59a62b1b829fb21d0fef063e9b4a6cf15336e11f51f8e56c91	680931c563ee64bb	Classical.choice,Quot.sound,propext	∀ {F : Type} [inst : Field F] {deployment : Minidregg.Kernel.DeclaredResourceController.Deployment} {profile : Minidregg.Compiler.CanonicalRuntimeProfile.Profile F} {ambient : Minidregg.Kernel.DeclaredResourceController.Ambient} {ground : Minidregg.Kernel.DeclaredResourceController.Ground deployment} {command : Minidregg.Kernel.DeclaredResourceController.Command} (prepared : Minidregg.Kernel.DeclaredResourceController.PreparedInvocation deployment profile ambient ground command) (logical : (incidence : Minidregg.Kernel.DeclaredResourceController.Incidence command) → Minidregg.Theory.Store.Store ((Minidregg.Kernel.DeclaredResourceController.layout prepared).storeLayout incidence)) (i : Minidregg.Kernel.DeclaredResourceController.TargetIndex command), Minidregg.Kernel.DeclaredResourceController.JointSlots.Unjoint (Minidregg.Kernel.DeclaredResourceController.participantSlots prepared logical i)
def	Minidregg.Kernel.DeclaredResourceController.physicalShapeCheck	f58b36aedc8bf24494cebaa002a5a14f16d05d68e7c27fd133bb897da1ccad74	64ac7f909db2c9a914653d24b9a68d82e62f21d4d0294dd4b6683d916d4558c8	38e5227744a338d3f210a955ed9758b559d52fa36850e996a341de92dd634974	6a4c1ea91490ef09	Classical.choice,Quot.sound,propext	{F : Type} → [inst : Field F] → {deployment : Minidregg.Kernel.DeclaredResourceController.Deployment} → {profile : Minidregg.Compiler.CanonicalRuntimeProfile.Profile F} → {ambient : Minidregg.Kernel.DeclaredResourceController.Ambient} → {ground : Minidregg.Kernel.DeclaredResourceController.Ground deployment} → {command : Minidregg.Kernel.DeclaredResourceController.Command} → Minidregg.Kernel.DeclaredResourceController.PreparedInvocation deployment profile ambient ground command → Bool
theorem	Minidregg.Kernel.DeclaredResourceController.physicalShapeCheck_iff	be622718ab88559f4535c8ba730f0926e458922384fb647604a0dc3f8274d075	621355cf8b270144214197e3ff750b7877b4ec9f570525a80d83c9d655536461	a6dd1b992d34e806aa2b7adfd3d056c51ed8dfe1a8728c3179464720aebdf33a	6347012723cb26cc	Classical.choice,Quot.sound,propext	∀ {F : Type} [inst : Field F] {deployment : Minidregg.Kernel.DeclaredResourceController.Deployment} {profile : Minidregg.Compiler.CanonicalRuntimeProfile.Profile F} {ambient : Minidregg.Kernel.DeclaredResourceController.Ambient} {ground : Minidregg.Kernel.DeclaredResourceController.Ground deployment} {command : Minidregg.Kernel.DeclaredResourceController.Command} (prepared : Minidregg.Kernel.DeclaredResourceController.PreparedInvocation deployment profile ambient ground command), Minidregg.Kernel.DeclaredResourceController.physicalShapeCheck prepared = Bool.true ↔ Minidregg.Kernel.DeclaredResourceController.PhysicalShape prepared
def	Minidregg.Kernel.DeclaredResourceController.physicalShapeDecidable	b887224ae4661d6c939e1d27afd5e0ed0dd13186b3bd2f96aed4ce85c450fe6d	382727550a5035422bd0dea30c21bb7128af25aac339313cb7558871cdee5ced	30960dab00956470c76651565b8b0c30095b12e8dacc0c2eeeccc45e8496d666	cb81661f15f51e27	Classical.choice,Quot.sound,propext	{F : Type} → [inst : Field F] → {deployment : Minidregg.Kernel.DeclaredResourceController.Deployment} → {profile : Minidregg.Compiler.CanonicalRuntimeProfile.Profile F} → {ambient : Minidregg.Kernel.DeclaredResourceController.Ambient} → {ground : Minidregg.Kernel.DeclaredResourceController.Ground deployment} → {command : Minidregg.Kernel.DeclaredResourceController.Command} → (prepared : Minidregg.Kernel.DeclaredResourceController.PreparedInvocation deployment profile ambient ground command) → Decidable (Minidregg.Kernel.DeclaredResourceController.PhysicalShape prepared)
theorem	Minidregg.Kernel.DeclaredResourceController.pinned_objectivePin_accepts	476ac7df9c5b6bf28501eed3c31ba0dd4283de0b27d95a136ef84fcaf952e208	f31f3a476320d1956874952c7f7f400216a6cc2d5783d5137edb48e37da16fb5	552c1892cb220930ee9554a441b4749b36012369abdafb4c23a393fece4061da	f8d5d0942d90ec9a	Classical.choice,Quot.sound,propext	∀ {F : Type} [inst : Field F] {deployment : Minidregg.Kernel.DeclaredResourceController.Deployment} {profile : Minidregg.Compiler.CanonicalRuntimeProfile.Profile F} {ambient : Minidregg.Kernel.DeclaredResourceController.Ambient} {ground : Minidregg.Kernel.DeclaredResourceController.Ground deployment} {command : Minidregg.Kernel.DeclaredResourceController.Command} (prepared : Minidregg.Kernel.DeclaredResourceController.PreparedInvocation deployment profile ambient ground command) (primary : Minidregg.Kernel.DeclaredResourceController.Incidence command) (source : Minidregg.Kernel.DeclaredResourceController.Source command) (logical : (incidence : Minidregg.Kernel.DeclaredResourceController.Incidence command) → Minidregg.Theory.Store.Store ((Minidregg.Kernel.DeclaredResourceController.layout prepared).storeLayout incidence)) (old : Minidregg.Pred.State) (artifacts : List ℕ) {claim : Minidregg.Compiler.ObjectiveInvocationClaim.Claim}, command.objectiveClaim = Except.ok (Option.some claim) → claim.sourceAtom.value ∈ artifacts → Minidregg.Pred.eval (Minidregg.Pred.objectivePin artifacts) old (Minidregg.Kernel.DeclaredResourceController.project prepared primary source logical) = Bool.true
def	Minidregg.Kernel.DeclaredResourceController.placeTargetEnvelopes	a93824e63f2c00d7ad5983d9dcd6e7c5df4aab081c188b7a38571e2026ac43cb	8b8c2993305016dd2fe91a75566ab10f46f8c40b9c746b012c19bc94bcf3c570	dd64d178b56852f57186e602c1b1d5b336d9b04c9614bc5b3552cfaeee63fb30	001c0f2b451e6e75	Quot.sound,propext	List Minidregg.Kernel.DeclaredResourceController.Target → List (List UInt8) → List (List UInt8)
theorem	Minidregg.Kernel.DeclaredResourceController.placeTargetEnvelopes_length	7e64c77a273da8573f7db3ede961fc3351fb0cc3ca97884f2ef7a0c12133b597	0c5a2654b9f2680d368ca30b44f4d43bd04d9ff99431040c57de5c669178b78f	10f0bc0593f07d99e132ecbbf072650d22372c0a3564471a1ee8f50f7fbdd9b7	6a77190de3f6ad11	Quot.sound,propext	∀ (targets : List Minidregg.Kernel.DeclaredResourceController.Target) (envelopes : List (List UInt8)), (Minidregg.Kernel.DeclaredResourceController.placeTargetEnvelopes targets envelopes).length = targets.length
def	Minidregg.Kernel.DeclaredResourceController.plan	b56c3c4689796ca4c524b6849e6a9749ad9b1cbff7aa6550e886e93964a348bc	aa7d22aa1b97f2763f3010d36d9889f74661b2b78f5286c3935842af7f277802	c26a6bd9828ebe04088b432a9dbbd77dcef405dc92c7335fe15e9433e05c98c8	a76ce5bbaa4d048f	Classical.choice,Quot.sound,propext	{F : Type} → [inst : Field F] → {deployment : Minidregg.Kernel.DeclaredResourceController.Deployment} → {profile : Minidregg.Compiler.CanonicalRuntimeProfile.Profile F} → {ambient : Minidregg.Kernel.DeclaredResourceController.Ambient} → {ground : Minidregg.Kernel.DeclaredResourceController.Ground deployment} → {command : Minidregg.Kernel.DeclaredResourceController.Command} → (prepared : Minidregg.Kernel.DeclaredResourceController.PreparedInvocation deployment profile ambient ground command) → Minidregg.Kernel.MultiCellHyperedge.PreparationPlan (Minidregg.Kernel.DeclaredResourceController.layout prepared) (Minidregg.Kernel.DeclaredResourceController.Source command)
def	Minidregg.Kernel.DeclaredResourceController.policyConfig	e705de0a154a5dce8d111b88926f88109e61c31a6d0d1677a29e8cdbfd80636f	02cf17d7ea4ad8a512a1d83cff1bfc4e5a701cbfeb469c9418efe11ddae2f4d4	d5f1b4bb3ac405154a7a05361e11ec4775c85c89b435bd0c2b5d2fc52c10cbe9	560b09e802843545	Classical.choice,Quot.sound,propext	{F : Type} → [inst : Field F] → {deployment : Minidregg.Kernel.DeclaredResourceController.Deployment} → {profile : Minidregg.Compiler.CanonicalRuntimeProfile.Profile F} → {ambient : Minidregg.Kernel.DeclaredResourceController.Ambient} → {ground : Minidregg.Kernel.DeclaredResourceController.Ground deployment} → {command : Minidregg.Kernel.DeclaredResourceController.Command} → [inst_1 : DecidableEq F] → (prepared : Minidregg.Kernel.DeclaredResourceController.PreparedInvocation deployment profile ambient ground command) → Minidregg.Kernel.MultiCellHyperedge.PreparedTuple (Minidregg.Kernel.DeclaredResourceController.plan prepared) → Minidregg.Kernel.DeclaredResourceController.Incidence command → Minidregg.Compiler.ComposedPolicyAdmission.Config F
def	Minidregg.Kernel.DeclaredResourceController.policyConfigFromStep	65980a06118f3a617d7b08e9a942d14987572ca3c35f32da5250695d6dea931e	f4f49033bc9e98d9713521a541bff75e560034d641b9d56ea14c2199d7644208	a86efe8afed1ea7593ba2b988d5adabdbda673803461953697e545ff15ba39f5	4641cb79f86ad1ed	Classical.choice,Quot.sound,propext	{F : Type} → [inst : Field F] → {deployment : Minidregg.Kernel.DeclaredResourceController.Deployment} → {profile : Minidregg.Compiler.CanonicalRuntimeProfile.Profile F} → {ambient : Minidregg.Kernel.DeclaredResourceController.Ambient} → {ground : Minidregg.Kernel.DeclaredResourceController.Ground deployment} → {command : Minidregg.Kernel.DeclaredResourceController.Command} → [inst_1 : DecidableEq F] → Minidregg.Kernel.DeclaredResourceController.PreparedInvocation deployment profile ambient ground command → Minidregg.Kernel.DeclaredResourceController.Incidence command → Minidregg.Compiler.CanonicalPolicyAdmission.PolicyStepContext → Minidregg.Compiler.ComposedPolicyAdmission.Config F
theorem	Minidregg.Kernel.DeclaredResourceController.policyConfigFromStep_exact	6b9c9ee5a7578126300d238e2f736a6da70d0665ecc40e197347d841543aacc9	b4b88503fb5bc3ee6937ff0a30f909c5b0f8eaa293d0dcf1c5e25bd2c9f24e30	a462811bd6d3ee6bcdeacd8d4624083251e292bc9f5d26b2df0556739d772cb7	d8172a46f399a761	Classical.choice,Quot.sound,propext	∀ {F : Type} [inst : Field F] {deployment : Minidregg.Kernel.DeclaredResourceController.Deployment} {profile : Minidregg.Compiler.CanonicalRuntimeProfile.Profile F} {ambient : Minidregg.Kernel.DeclaredResourceController.Ambient} {ground : Minidregg.Kernel.DeclaredResourceController.Ground deployment} {command : Minidregg.Kernel.DeclaredResourceController.Command} [inst_1 : DecidableEq F] (prepared : Minidregg.Kernel.DeclaredResourceController.PreparedInvocation deployment profile ambient ground command) (tuple : Minidregg.Kernel.MultiCellHyperedge.PreparedTuple (Minidregg.Kernel.DeclaredResourceController.plan prepared)) (incidence : Minidregg.Kernel.DeclaredResourceController.Incidence command), Minidregg.Kernel.DeclaredResourceController.policyConfigFromStep prepared incidence (Minidregg.Kernel.DeclaredResourceController.step prepared tuple incidence) = Minidregg.Kernel.DeclaredResourceController.policyConfig prepared tuple incidence
def	Minidregg.Kernel.DeclaredResourceController.policyPostState	bc557cc1c45f52a69ae6526c0d2d13f44723efcc1036cbb143100e7df623dc3a	46d2e7ec609a9ddca758c0a9045a3c9437667fac4245bb6f18884b5a457448f8	e190b1e8ef89e1ddaa61b4ec888b46ad6e424166d3462a667693147a406baa55	809f61e9e65f1f08	Classical.choice,Quot.sound,propext	{F : Type} → [inst : Field F] → {deployment : Minidregg.Kernel.DeclaredResourceController.Deployment} → {profile : Minidregg.Compiler.CanonicalRuntimeProfile.Profile F} → {ambient : Minidregg.Kernel.DeclaredResourceController.Ambient} → {ground : Minidregg.Kernel.DeclaredResourceController.Ground deployment} → {command : Minidregg.Kernel.DeclaredResourceController.Command} → (prepared : Minidregg.Kernel.DeclaredResourceController.PreparedInvocation deployment profile ambient ground command) → (incidence : Minidregg.Kernel.DeclaredResourceController.Incidence command) → Minidregg.Theory.Store.Store ((Minidregg.Kernel.DeclaredResourceController.layout prepared).storeLayout incidence)
theorem	Minidregg.Kernel.DeclaredResourceController.policyPostState_exact	74a01aaaa0ec20bbcd4b45e347be4e59eede62b5c3324dcaa7e88a1d02e9c87b	7cd22e9918dc68c55dcb1af63609d04d675b1bdbadaeeeb22bc1c199fe5adec5	65229c5984ae8abd522b328faa68e5b754eaf503e6d8c57bea14e2333d17c18e	a95d386f808e5528	Classical.choice,Quot.sound,propext	∀ {F : Type} [inst : Field F] {deployment : Minidregg.Kernel.DeclaredResourceController.Deployment} {profile : Minidregg.Compiler.CanonicalRuntimeProfile.Profile F} {ambient : Minidregg.Kernel.DeclaredResourceController.Ambient} {ground : Minidregg.Kernel.DeclaredResourceController.Ground deployment} {command : Minidregg.Kernel.DeclaredResourceController.Command} (prepared : Minidregg.Kernel.DeclaredResourceController.PreparedInvocation deployment profile ambient ground command) (tuple : Minidregg.Kernel.MultiCellHyperedge.PreparedTuple (Minidregg.Kernel.DeclaredResourceController.plan prepared)) (incidence : Minidregg.Kernel.DeclaredResourceController.Incidence command), Minidregg.Kernel.DeclaredResourceController.policyPostState prepared incidence = tuple.logicalPost incidence
def	Minidregg.Kernel.DeclaredResourceController.policyPreCell	62e33b3620b98b10db5da421f20efb1ab93725a2950b3bb41db413f287f6f9ba	c708bc8ef057aa811c2f789593dd9c7135c3d5dbc7f9753624f42809330e3d25	e7a7ab19e1e5a12b1f66ab0da3d14a5022b29d72944f5ffd00abe1b64c639824	d935ec0b53ee8a48	Classical.choice,Quot.sound,propext	{F : Type} → [inst : Field F] → {deployment : Minidregg.Kernel.DeclaredResourceController.Deployment} → {profile : Minidregg.Compiler.CanonicalRuntimeProfile.Profile F} → {ambient : Minidregg.Kernel.DeclaredResourceController.Ambient} → {ground : Minidregg.Kernel.DeclaredResourceController.Ground deployment} → {command : Minidregg.Kernel.DeclaredResourceController.Command} → (prepared : Minidregg.Kernel.DeclaredResourceController.PreparedInvocation deployment profile ambient ground command) → (incidence : Minidregg.Kernel.DeclaredResourceController.Incidence command) → Minidregg.Theory.CellState.Materialized ((Minidregg.Kernel.DeclaredResourceController.layout prepared).materializer incidence)
theorem	Minidregg.Kernel.DeclaredResourceController.policyPreCell_exact	481d2c4e68a4771dc4f47ea4b22ef9e013c1033e19b00bb5a8da39b92a61d39a	7ac5c520d62f15c580f2b826aecb57f1aabb12734da0792f40d3fa135817a4af	db7f647f7d4a868d4cf85c64b6f0ad47ea7004fa4380679b80aeb1b82d8aa5df	6ab21673959ade96	Classical.choice,Quot.sound,propext	∀ {F : Type} [inst : Field F] {deployment : Minidregg.Kernel.DeclaredResourceController.Deployment} {profile : Minidregg.Compiler.CanonicalRuntimeProfile.Profile F} {ambient : Minidregg.Kernel.DeclaredResourceController.Ambient} {ground : Minidregg.Kernel.DeclaredResourceController.Ground deployment} {command : Minidregg.Kernel.DeclaredResourceController.Command} (prepared : Minidregg.Kernel.DeclaredResourceController.PreparedInvocation deployment profile ambient ground command) (tuple : Minidregg.Kernel.MultiCellHyperedge.PreparedTuple (Minidregg.Kernel.DeclaredResourceController.plan prepared)) (incidence : Minidregg.Kernel.DeclaredResourceController.Incidence command), Minidregg.Kernel.DeclaredResourceController.policyPreCell prepared incidence = tuple.pre incidence
def	Minidregg.Kernel.DeclaredResourceController.portals	81f0e72e117af7d3d5498c6a528411b26e839d85d50b3fbffc6310fe7f0aeb87	00adcdf1858ad9a69b1d6df822e237fe834721ac40a228080a422308f6c9090a	472703b45c24402888fada45c2e5c9a5e1493039f1678d54e6c8a731b10aef35	b51e5f5a227615df	Classical.choice,Quot.sound,propext	{F : Type} → [inst : Field F] → {deployment : Minidregg.Kernel.DeclaredResourceController.Deployment} → {profile : Minidregg.Compiler.CanonicalRuntimeProfile.Profile F} → {ambient : Minidregg.Kernel.DeclaredResourceController.Ambient} → {ground : Minidregg.Kernel.DeclaredResourceController.Ground deployment} → {command : Minidregg.Kernel.DeclaredResourceController.Command} → [DecidableEq F] → (prepared : Minidregg.Kernel.DeclaredResourceController.PreparedInvocation deployment profile ambient ground command) → Minidregg.Kernel.MultiCellHyperedge.PreparedTuple (Minidregg.Kernel.DeclaredResourceController.plan prepared) → Minidregg.Kernel.DeclaredResourceController.Incidence command → Minidregg.Theory.TypedAuthorization.Portal
theorem	Minidregg.Kernel.DeclaredResourceController.portals_read	3805dd5d7a28d1f75e28ac87a87690825771896ece5580cf0ee89f041116fe02	67a26be9947a1b091e205dc73063febc5d25bdf74e7bb7973031114433ea7f6a	94665861d400e3227e47ce7fccd9dd321f7e56e1863075d0842b5890533e112c	4a2690d34bffe3c7	Classical.choice,Quot.sound,propext	∀ {F : Type} [inst : Field F] {deployment : Minidregg.Kernel.DeclaredResourceController.Deployment} {profile : Minidregg.Compiler.CanonicalRuntimeProfile.Profile F} {ambient : Minidregg.Kernel.DeclaredResourceController.Ambient} {ground : Minidregg.Kernel.DeclaredResourceController.Ground deployment} {command : Minidregg.Kernel.DeclaredResourceController.Command} [inst_1 : DecidableEq F] (prepared : Minidregg.Kernel.DeclaredResourceController.PreparedInvocation deployment profile ambient ground command) (tuple : Minidregg.Kernel.MultiCellHyperedge.PreparedTuple (Minidregg.Kernel.DeclaredResourceController.plan prepared)) (i : Minidregg.Kernel.DeclaredResourceController.TargetIndex command), command.targets[i].observeOnly = Bool.true → ∀ {envelope : List UInt8} (leg : Minidregg.Kernel.DeclaredResourceController.ReadLeg prepared i envelope), Minidregg.Kernel.DeclaredResourceController.portals prepared tuple (Option.some i) = Minidregg.Kernel.ResourceObservationAdmission.portal leg.selected
theorem	Minidregg.Kernel.DeclaredResourceController.portals_written	3bc39de91c8ae7e6c88b2598d6f2c401544506bf0d1969ec4cce987bb763715d	1c7023a476f347fbadd03b386aa5cf9ee8c1daea64821f54155145f7286ae106	1fbfc799863b2592d4d411038b9f847cb8dae2ee269719b617c89a7945dbc099	8c76a3094cb785f8	Classical.choice,Quot.sound,propext	∀ {F : Type} [inst : Field F] {deployment : Minidregg.Kernel.DeclaredResourceController.Deployment} {profile : Minidregg.Compiler.CanonicalRuntimeProfile.Profile F} {ambient : Minidregg.Kernel.DeclaredResourceController.Ambient} {ground : Minidregg.Kernel.DeclaredResourceController.Ground deployment} {command : Minidregg.Kernel.DeclaredResourceController.Command} [inst_1 : DecidableEq F] (prepared : Minidregg.Kernel.DeclaredResourceController.PreparedInvocation deployment profile ambient ground command) (tuple : Minidregg.Kernel.MultiCellHyperedge.PreparedTuple (Minidregg.Kernel.DeclaredResourceController.plan prepared)) (incidence : Minidregg.Kernel.DeclaredResourceController.Incidence command), Minidregg.Kernel.DeclaredResourceController.incidenceObserveOnly command incidence = Bool.false → Minidregg.Kernel.DeclaredResourceController.portals prepared tuple incidence = Minidregg.Kernel.DeclaredResourceController.legPortal prepared tuple incidence
theorem	Minidregg.Kernel.DeclaredResourceController.postconditions	27d075db16d90f080e8f3916020a3b32805d498ac649547952615c505ce390a9	d4bf0084b1bf901da1a5c480a017221d9f7243854b215e8548f9b20fed0a2e96	55110bf84dce9d62a8d79f9090ce66b9c3e555cb0cbb3616b9b8631b4c8050c9	c7df80a07aaa44e1	Classical.choice,Quot.sound,propext	∀ {F : Type} [inst : Field F] {deployment : Minidregg.Kernel.DeclaredResourceController.Deployment} {profile : Minidregg.Compiler.CanonicalRuntimeProfile.Profile F} {ambient : Minidregg.Kernel.DeclaredResourceController.Ambient} {ground : Minidregg.Kernel.DeclaredResourceController.Ground deployment} {command : Minidregg.Kernel.DeclaredResourceController.Command} (prepared : Minidregg.Kernel.DeclaredResourceController.PreparedInvocation deployment profile ambient ground command) (incidence : Minidregg.Kernel.DeclaredResourceController.Incidence command), (Minidregg.Kernel.DeclaredResourceController.rawLeg prepared ⟨command, rfl⟩ incidence).Postcondition (Minidregg.Kernel.DeclaredResourceController.validated prepared incidence).apply.logical
def	Minidregg.Kernel.DeclaredResourceController.prepareAuthenticated	5c4f46919b3321e51c81e1e81cd978dd46f203a5610771d9ef710fe52a7c6d74	e0d8cf0521ec2661cc08f60dc66d322e3d5e793c4b0b1c13b097b0e60eaa8874	073c29cebbc619821e4930cd5477b3e11308c50fa19ce2f431ba7fbc764208db	925a8562e57e8d8f	Classical.choice,Quot.sound,propext	{F : Type} → [inst : Field F] → [DecidableEq F] → (deployment : Minidregg.Kernel.DeclaredResourceController.Deployment) → (profile : Minidregg.Compiler.CanonicalRuntimeProfile.Profile F) → (ambient : Minidregg.Kernel.DeclaredResourceController.Ambient) → Minidregg.Compiler.CredentialSignatureIO.NativeConfig → (ground : Minidregg.Kernel.DeclaredResourceController.Ground deployment) → (command : Minidregg.Kernel.DeclaredResourceController.Command) → List UInt8 → IO (Except Minidregg.Kernel.DeclaredResourceController.Reject (Minidregg.Kernel.DeclaredResourceController.PreparedInvocation deployment profile ambient ground command))
def	Minidregg.Kernel.DeclaredResourceController.prepareTuple	679cd0aff074a6756a891d483197c32cea23b3638f2775a7c0e4acbdc898323b	3654a21febadccd43a2848aa0f3fb2c756f3bfc54cb4633f1ad373bc13c50cfa	f878e3ce4a33ababb52928b548053db79cda1c0e018a1a02826cb684d8567f8b	b738616e239d09f6	Classical.choice,Quot.sound,propext	{F : Type} → [inst : Field F] → {deployment : Minidregg.Kernel.DeclaredResourceController.Deployment} → {profile : Minidregg.Compiler.CanonicalRuntimeProfile.Profile F} → {ambient : Minidregg.Kernel.DeclaredResourceController.Ambient} → {ground : Minidregg.Kernel.DeclaredResourceController.Ground deployment} → {command : Minidregg.Kernel.DeclaredResourceController.Command} → (prepared : Minidregg.Kernel.DeclaredResourceController.PreparedInvocation deployment profile ambient ground command) → Option (Minidregg.Kernel.MultiCellHyperedge.PreparedTuple (Minidregg.Kernel.DeclaredResourceController.plan prepared))
def	Minidregg.Kernel.DeclaredResourceController.project	df0e00a325bcbad79fc26c6966ae0d79ba340eae58ad8891997155ec48e1c400	603717257a2d459cdea6ed5fe62a8e66f292284a604b89b08d83db857cef3ba5	1e813eef997b51775980c8ad941af8a79cc4af7b3a829440b7831348a91b9936	f7fc7d6de626e82c	Classical.choice,Quot.sound,propext	{F : Type} → [inst : Field F] → {deployment : Minidregg.Kernel.DeclaredResourceController.Deployment} → {profile : Minidregg.Compiler.CanonicalRuntimeProfile.Profile F} → {ambient : Minidregg.Kernel.DeclaredResourceController.Ambient} → {ground : Minidregg.Kernel.DeclaredResourceController.Ground deployment} → {command : Minidregg.Kernel.DeclaredResourceController.Command} → (prepared : Minidregg.Kernel.DeclaredResourceController.PreparedInvocation deployment profile ambient ground command) → Minidregg.Kernel.DeclaredResourceController.Incidence command → Minidregg.Kernel.DeclaredResourceController.Source command → ((incidence : Minidregg.Kernel.DeclaredResourceController.Incidence command) → Minidregg.Theory.Store.Store ((Minidregg.Kernel.DeclaredResourceController.layout prepared).storeLayout incidence)) → Minidregg.Pred.State
def	Minidregg.Kernel.DeclaredResourceController.projectCommonSlots	ad0eda9fa6c94c62cf3cd49db3aa3dfb87aa3c750ae52b34faa941921a337310	f0ddfabb5425bad1ae9a11affdfc7829c7d9db9848e784de4a6a96fb8d6f8c48	c23a117c25e8fe73b2a5d4b26f466216f5fa7155a352cd02c4b893de8914ac1f	6482003006b5e4e4	Classical.choice,Quot.sound,propext	{F : Type} → [inst : Field F] → {deployment : Minidregg.Kernel.DeclaredResourceController.Deployment} → {profile : Minidregg.Compiler.CanonicalRuntimeProfile.Profile F} → {ambient : Minidregg.Kernel.DeclaredResourceController.Ambient} → {ground : Minidregg.Kernel.DeclaredResourceController.Ground deployment} → {command : Minidregg.Kernel.DeclaredResourceController.Command} → Minidregg.Kernel.DeclaredResourceController.PreparedInvocation deployment profile ambient ground command → Minidregg.Kernel.DeclaredResourceController.Incidence command → Minidregg.Kernel.DeclaredResourceController.Source command → List (String × ℤ)
theorem	Minidregg.Kernel.DeclaredResourceController.projectCommonSlots_unjoint	215f3ef7f7f0122b5e0840f9c2dce4ff3bd871f39e5756614218f2855ceee39b	eeff9d164c30ab4aa337c90753d03842b97eed693291d06816174b673a67b224	5abd1934886a13e7cea448415a895bcd6507999f79eb6409c215c0d6a5ed4a56	66ee781fc1b3b9ec	Classical.choice,Quot.sound,propext	∀ {F : Type} [inst : Field F] {deployment : Minidregg.Kernel.DeclaredResourceController.Deployment} {profile : Minidregg.Compiler.CanonicalRuntimeProfile.Profile F} {ambient : Minidregg.Kernel.DeclaredResourceController.Ambient} {ground : Minidregg.Kernel.DeclaredResourceController.Ground deployment} {command : Minidregg.Kernel.DeclaredResourceController.Command} (prepared : Minidregg.Kernel.DeclaredResourceController.PreparedInvocation deployment profile ambient ground command) (primary : Minidregg.Kernel.DeclaredResourceController.Incidence command) (source : Minidregg.Kernel.DeclaredResourceController.Source command), Minidregg.Kernel.DeclaredResourceController.JointSlots.Unjoint (Minidregg.Kernel.DeclaredResourceController.projectCommonSlots prepared primary source)
def	Minidregg.Kernel.DeclaredResourceController.projectWithCommon	9ae0455393905957534bbda8515251e4fba379b45436c4d3446ef042af956d44	dd2d7a042b08620634a655f28eb192b71d0a5896ea8549651c607854463a5d23	af5013b75b5787b50b0f9b2af69335cf76faae6f9d26dbdd7d616da0c75bbf9c	c259ffd3db815873	Classical.choice,Quot.sound,propext	{F : Type} → [inst : Field F] → {deployment : Minidregg.Kernel.DeclaredResourceController.Deployment} → {profile : Minidregg.Compiler.CanonicalRuntimeProfile.Profile F} → {ambient : Minidregg.Kernel.DeclaredResourceController.Ambient} → {ground : Minidregg.Kernel.DeclaredResourceController.Ground deployment} → {command : Minidregg.Kernel.DeclaredResourceController.Command} → (prepared : Minidregg.Kernel.DeclaredResourceController.PreparedInvocation deployment profile ambient ground command) → Minidregg.Kernel.DeclaredResourceController.Incidence command → List (String × ℤ) → ((incidence : Minidregg.Kernel.DeclaredResourceController.Incidence command) → Minidregg.Theory.Store.Store ((Minidregg.Kernel.DeclaredResourceController.layout prepared).storeLayout incidence)) → Minidregg.Pred.State
def	Minidregg.Kernel.DeclaredResourceController.projectWithCommonShared	931b0d4f9fe04f0c49447185bc5e16786e4cccdc462d2ed1bbd227737399b675	dd2d7a042b08620634a655f28eb192b71d0a5896ea8549651c607854463a5d23	b9f2667c1ca95e6dd9b5942877c752a62a663368e79868e1ed6eba4e2650f5f6	9cf00bae16c05b96	Classical.choice,Quot.sound,propext	{F : Type} → [inst : Field F] → {deployment : Minidregg.Kernel.DeclaredResourceController.Deployment} → {profile : Minidregg.Compiler.CanonicalRuntimeProfile.Profile F} → {ambient : Minidregg.Kernel.DeclaredResourceController.Ambient} → {ground : Minidregg.Kernel.DeclaredResourceController.Ground deployment} → {command : Minidregg.Kernel.DeclaredResourceController.Command} → (prepared : Minidregg.Kernel.DeclaredResourceController.PreparedInvocation deployment profile ambient ground command) → Minidregg.Kernel.DeclaredResourceController.Incidence command → List (String × ℤ) → ((incidence : Minidregg.Kernel.DeclaredResourceController.Incidence command) → Minidregg.Theory.Store.Store ((Minidregg.Kernel.DeclaredResourceController.layout prepared).storeLayout incidence)) → Minidregg.Pred.State
theorem	Minidregg.Kernel.DeclaredResourceController.projectWithCommonShared_exact	850758460b0de71c2809e2959b127d12204e37faab15640337d31530389322aa	374d23a35fee70f5ba6c36a823f121874784357a9bf4101caae368c8cc16d2b4	3e146970872e8362eb5d35ad9fbbdcf16f5ec8989fab4f67ae0cf83003a58037	cae31796cdba3700	Classical.choice,Quot.sound,propext	∀ {F : Type} [inst : Field F] {deployment : Minidregg.Kernel.DeclaredResourceController.Deployment} {profile : Minidregg.Compiler.CanonicalRuntimeProfile.Profile F} {ambient : Minidregg.Kernel.DeclaredResourceController.Ambient} {ground : Minidregg.Kernel.DeclaredResourceController.Ground deployment} {command : Minidregg.Kernel.DeclaredResourceController.Command} (prepared : Minidregg.Kernel.DeclaredResourceController.PreparedInvocation deployment profile ambient ground command) (primary : Minidregg.Kernel.DeclaredResourceController.Incidence command) (common : List (String × ℤ)) (logical : (incidence : Minidregg.Kernel.DeclaredResourceController.Incidence command) → Minidregg.Theory.Store.Store ((Minidregg.Kernel.DeclaredResourceController.layout prepared).storeLayout incidence)), Minidregg.Kernel.DeclaredResourceController.projectWithCommonShared prepared primary common logical = Minidregg.Kernel.DeclaredResourceController.projectWithCommon prepared primary common logical
theorem	Minidregg.Kernel.DeclaredResourceController.projectWithCommon_eq_shared	255c9683a336009e144684daba49ae954522898a0079e458d7f0af9b8e8d24ad	af3a636b8d2099411ab4561511dcf4b2ee6c00d54d1008cdcfaae7c410afd798	dd0b1ac030b8c7dd72b1a0e90c9b5c639d3bb3f4b83e0324afe9897306003ccc	48a0c9ede050fb7f	Classical.choice,Quot.sound,propext	@Minidregg.Kernel.DeclaredResourceController.projectWithCommon = @Minidregg.Kernel.DeclaredResourceController.projectWithCommonShared
theorem	Minidregg.Kernel.DeclaredResourceController.projectWithCommon_exact	a49944f12339737ad7042bcc2490a5b11e81cf96c2922350f01e0df17c0a68e3	218ca3cfc0f02b999e0ef8d60254009aca7e80fd5fad8a7660cb73f7ef133c15	0a00c50b7360f90874e3c431a300fdecce6610268a6fcc09256dc6de0f5d94d1	f83b0427d7d667b1	Classical.choice,Quot.sound,propext	∀ {F : Type} [inst : Field F] {deployment : Minidregg.Kernel.DeclaredResourceController.Deployment} {profile : Minidregg.Compiler.CanonicalRuntimeProfile.Profile F} {ambient : Minidregg.Kernel.DeclaredResourceController.Ambient} {ground : Minidregg.Kernel.DeclaredResourceController.Ground deployment} {command : Minidregg.Kernel.DeclaredResourceController.Command} (prepared : Minidregg.Kernel.DeclaredResourceController.PreparedInvocation deployment profile ambient ground command) (primary : Minidregg.Kernel.DeclaredResourceController.Incidence command) (source : Minidregg.Kernel.DeclaredResourceController.Source command) (logical : (incidence : Minidregg.Kernel.DeclaredResourceController.Incidence command) → Minidregg.Theory.Store.Store ((Minidregg.Kernel.DeclaredResourceController.layout prepared).storeLayout incidence)), Minidregg.Kernel.DeclaredResourceController.projectWithCommon prepared primary (Minidregg.Kernel.DeclaredResourceController.projectCommonSlots prepared primary source) logical = Minidregg.Kernel.DeclaredResourceController.project prepared primary source logical
theorem	Minidregg.Kernel.DeclaredResourceController.project_joint_get	3cfac2c058a6a06b3a7a97b2a51bc7cbd729a441e7a9d1cfc8a9fa4fe3733947	04abf4c945c0cd92baf767a3f9538985fe45fcfedf19e41fed8700f8efc715a0	c2b78ce4bc54a0743904af112ebfae9b018a7db09256e4d4817cc06fe50b7884	ddf88e444de77b90	Classical.choice,Quot.sound,propext	∀ {F : Type} [inst : Field F] {deployment : Minidregg.Kernel.DeclaredResourceController.Deployment} {profile : Minidregg.Compiler.CanonicalRuntimeProfile.Profile F} {ambient : Minidregg.Kernel.DeclaredResourceController.Ambient} {ground : Minidregg.Kernel.DeclaredResourceController.Ground deployment} {command : Minidregg.Kernel.DeclaredResourceController.Command} (prepared : Minidregg.Kernel.DeclaredResourceController.PreparedInvocation deployment profile ambient ground command) (primary : Minidregg.Kernel.DeclaredResourceController.Incidence command) (source : Minidregg.Kernel.DeclaredResourceController.Source command) (logical : (incidence : Minidregg.Kernel.DeclaredResourceController.Incidence command) → Minidregg.Theory.Store.Store ((Minidregg.Kernel.DeclaredResourceController.layout prepared).storeLayout incidence)) (k : String), k.toList.head? = Option.some 'j' → (Minidregg.Kernel.DeclaredResourceController.project prepared primary source logical).get k = { slots := Minidregg.Kernel.DeclaredResourceController.jointSlots command.targets (Minidregg.Kernel.DeclaredResourceController.participantSlots prepared logical) }.get k
def	Minidregg.Kernel.DeclaredResourceController.rangeLeaf	65fdfbd42e6b1ff6b5221baa29da3d3b837e28f7e487edfd310a6e18092cea58	d509d27e564fb82c2cc5301537473cb65efd28e039fad7a13f27b132b0249658	bec9ba6275992e3b9e3bd4b5c49bb2cb39f3e9d901b1a1e93d91d098c1799855	4a4dd2fe90405c9c	Classical.choice,Quot.sound,propext	{F : Type} → [inst : Field F] → {deployment : Minidregg.Kernel.DeclaredResourceController.Deployment} → {profile : Minidregg.Compiler.CanonicalRuntimeProfile.Profile F} → {ambient : Minidregg.Kernel.DeclaredResourceController.Ambient} → {ground : Minidregg.Kernel.DeclaredResourceController.Ground deployment} → {command : Minidregg.Kernel.DeclaredResourceController.Command} → [DecidableEq F] → (prepared : Minidregg.Kernel.DeclaredResourceController.PreparedInvocation deployment profile ambient ground command) → Minidregg.Kernel.MultiCellHyperedge.PreparedTuple (Minidregg.Kernel.DeclaredResourceController.plan prepared) → Minidregg.Kernel.DeclaredResourceController.Incidence command → Option Minidregg.Compiler.LawLeaf
theorem	Minidregg.Kernel.DeclaredResourceController.rangeLeaf_none_iff_inputsInRange	ea0824ec3a234bc7c1fc87ff5397430eaafb37f75cc4ece5e1cc200844e068a8	f7a25c16102442a5410ad5eab057eab574ebae17d5a40497729fc10ac77cf146	48b4e447aedaf2f51f9db6c66885ff1755e1ba89d373536c7429f69e7a33d00e	b2fa49b8e76ee171	Classical.choice,Quot.sound,propext	∀ {F : Type} [inst : Field F] {deployment : Minidregg.Kernel.DeclaredResourceController.Deployment} {profile : Minidregg.Compiler.CanonicalRuntimeProfile.Profile F} {ambient : Minidregg.Kernel.DeclaredResourceController.Ambient} {ground : Minidregg.Kernel.DeclaredResourceController.Ground deployment} {command : Minidregg.Kernel.DeclaredResourceController.Command} [inst_1 : DecidableEq F] (prepared : Minidregg.Kernel.DeclaredResourceController.PreparedInvocation deployment profile ambient ground command) (tuple : Minidregg.Kernel.MultiCellHyperedge.PreparedTuple (Minidregg.Kernel.DeclaredResourceController.plan prepared)) (incidence : Minidregg.Kernel.DeclaredResourceController.Incidence command) (law : Minidregg.Compiler.ComposedPolicyAdmission.PreparedLaw (Minidregg.Kernel.DeclaredResourceController.policyConfig prepared tuple incidence)), (Minidregg.Kernel.DeclaredResourceController.policyConfig prepared tuple incidence).resolve? = Option.some law → (Minidregg.Kernel.DeclaredResourceController.rangeLeaf prepared tuple incidence = Option.none ↔ Minidregg.Compiler.inputsInRange profile.compilerProfile.compiler law.predicate (Minidregg.Kernel.DeclaredResourceController.step prepared tuple incidence).oldState (Minidregg.Kernel.DeclaredResourceController.step prepared tuple incidence).newState = Bool.true)
def	Minidregg.Kernel.DeclaredResourceController.rawLeg	af497d256de064a743d69b42f5d3d57435579bb147fbec097c5bb239e4b595ae	e62c70cae5ac1fe33c9d22f760e93a169132c806fdb313d0078e2cb76e303db5	00d78ba96f56c5dcaf530b2e597362f6cbe92851a1211d76db2f7a67bce27fa5	ea8a128c0e85a7e3	Classical.choice,Quot.sound,propext	{F : Type} → [inst : Field F] → {deployment : Minidregg.Kernel.DeclaredResourceController.Deployment} → {profile : Minidregg.Compiler.CanonicalRuntimeProfile.Profile F} → {ambient : Minidregg.Kernel.DeclaredResourceController.Ambient} → {ground : Minidregg.Kernel.DeclaredResourceController.Ground deployment} → {command : Minidregg.Kernel.DeclaredResourceController.Command} → (prepared : Minidregg.Kernel.DeclaredResourceController.PreparedInvocation deployment profile ambient ground command) → Minidregg.Kernel.DeclaredResourceController.Source command → (incidence : Minidregg.Kernel.DeclaredResourceController.Incidence command) → Minidregg.Kernel.MultiCellHyperedge.CandidateLegData (Minidregg.Kernel.DeclaredResourceController.layout prepared) incidence
def	Minidregg.Kernel.DeclaredResourceController.readCapability	e0c98c3f09863e911def4665eb04dbe6e5955068df725c58c5301b1c4f66c3f2	a4fd45b65c30720132a3a7fc4b3fec6a70223d3180aefe0528f605f674bea59c	65c2204adec1331c87a228e54e4f3609a637a040b8096a066f896842e006e48a	3afe5ec48a8de22b	Quot.sound,propext	{command : Minidregg.Kernel.DeclaredResourceController.Command} → Minidregg.Kernel.DeclaredResourceController.TargetIndex command → Minidregg.Theory.TypedAuthorization.CapabilityId
def	Minidregg.Kernel.DeclaredResourceController.readContext	a04910f83fedf016e186bb0f7e0967050881f17343faf778707a9152f2601d18	42e88f7aac61df768ec217e4dbadbca857cb621c4307b0356aa1b89bfa1bfc71	08e7421e0d54558c6ee29b82358dd3399b6cfb12ee5ca463b2e9fda749aae256	0e0a87b158584081	Classical.choice,Quot.sound,propext	{F : Type} → [inst : Field F] → {deployment : Minidregg.Kernel.DeclaredResourceController.Deployment} → {profile : Minidregg.Compiler.CanonicalRuntimeProfile.Profile F} → {ambient : Minidregg.Kernel.DeclaredResourceController.Ambient} → {ground : Minidregg.Kernel.DeclaredResourceController.Ground deployment} → {command : Minidregg.Kernel.DeclaredResourceController.Command} → Minidregg.Kernel.DeclaredResourceController.PreparedInvocation deployment profile ambient ground command → Minidregg.Kernel.ResourceObservationAdmission.Context deployment
def	Minidregg.Kernel.DeclaredResourceController.readEnvelopesEmptyDecidable	50fb91e14851b1af4cc3c9db83b504660d3b3fa5c3f9e912742268a25f40b723	a19fddcfd4167a5e299e7abdf9f97958e8197a111a53e6879e5c6b0db343ab0d	e443d1f70e023a1c0da770148cc82da40ec4e2c298b2f30c54722aa5034f9648	9c1ed9f762cc789f	Quot.sound,propext	(command : Minidregg.Kernel.DeclaredResourceController.Command) → (signed : Minidregg.Kernel.DeclaredResourceController.SignedCommand) → Decidable (Minidregg.Kernel.DeclaredResourceController.ReadEnvelopesEmpty command signed)
def	Minidregg.Kernel.DeclaredResourceController.readGuards	43db0bf0891dabb568ecc68a5813e119601e59b541c926fdcc733b9e0374f888	8cc31655abf43e991e8a4def11a4e5431247b3b86d4f659341f7a14287088c4a	743eae385628ab791e10dcfc3e5b6974d04ab6351e4bb94613243f3b277daacb	218e3f915f0175d7	Classical.choice,Quot.sound,propext	{F : Type} → [inst : Field F] → {deployment : Minidregg.Kernel.DeclaredResourceController.Deployment} → {profile : Minidregg.Compiler.CanonicalRuntimeProfile.Profile F} → {ambient : Minidregg.Kernel.DeclaredResourceController.Ambient} → {ground : Minidregg.Kernel.DeclaredResourceController.Ground deployment} → {command : Minidregg.Kernel.DeclaredResourceController.Command} → Minidregg.Kernel.DeclaredResourceController.PreparedInvocation deployment profile ambient ground command → List Minidregg.Kernel.DurableDataIntent.ReadGuard
theorem	Minidregg.Kernel.DeclaredResourceController.readGuards_readonly	0c63726c7a5e45594492b9617720652e62c00878da13c8a3c4392e3f13f954be	789ebd3e001f54dca4e4d03e21e8999a761c02bd5ae59d1aae9742f81e67acdd	5effb3c3c054e6369db597334db740741c0891e606838e9e8f0cc1c59018d673	bc1246eca57844f0	Classical.choice,Quot.sound,propext	∀ {F : Type} [inst : Field F] {deployment : Minidregg.Kernel.DeclaredResourceController.Deployment} {profile : Minidregg.Compiler.CanonicalRuntimeProfile.Profile F} {ambient : Minidregg.Kernel.DeclaredResourceController.Ambient} {ground : Minidregg.Kernel.DeclaredResourceController.Ground deployment} {command : Minidregg.Kernel.DeclaredResourceController.Command} (prepared : Minidregg.Kernel.DeclaredResourceController.PreparedInvocation deployment profile ambient ground command), Minidregg.Kernel.DeclaredResourceController.PhysicalShape prepared → ∀ guard ∈ Minidregg.Kernel.DeclaredResourceController.readGuards prepared, guard.cellId ∉ List.map Minidregg.Kernel.DurableDataIntent.DataWrite.cellId (Minidregg.Kernel.DeclaredResourceController.writes prepared)
def	Minidregg.Kernel.DeclaredResourceController.readPortal	58aa71309e3efea5fcc4aa340bc6f62c57d6e257e972965b4cbb6da9ac6b5b70	681e0dbac9da24fb3e26165b7624dcbc53a161456d3f75ff49c2148efe376874	3a5671267fdb00ddd69eb3f8d84098fc259cd6c123e426e0af24f8bd2c653199	85e3a9e10d204ebf	Classical.choice,Quot.sound,propext	{F : Type} → [inst : Field F] → {deployment : Minidregg.Kernel.DeclaredResourceController.Deployment} → {profile : Minidregg.Compiler.CanonicalRuntimeProfile.Profile F} → {ambient : Minidregg.Kernel.DeclaredResourceController.Ambient} → {ground : Minidregg.Kernel.DeclaredResourceController.Ground deployment} → {command : Minidregg.Kernel.DeclaredResourceController.Command} → [DecidableEq F] → Minidregg.Kernel.DeclaredResourceController.PreparedInvocation deployment profile ambient ground command → Minidregg.Kernel.DeclaredResourceController.TargetIndex command → Minidregg.Theory.TypedAuthorization.Portal
def	Minidregg.Kernel.DeclaredResourceController.readPreparation	0666fb1b3cd3f3addf70e4c635c3fa08adff349748c5c17fdefa1b8f018c76b8	753ca898ead032bfb03ec93d9eebbc8bc2fc5af3cd357ff86363b261dffb5d19	a3cf9579933e792eba83542d3d8969c064b539051c8aec6f45fd0d705116642d	74da2e022d8f65b7	Classical.choice,Quot.sound,propext	{F : Type} → [inst : Field F] → {deployment : Minidregg.Kernel.DeclaredResourceController.Deployment} → {profile : Minidregg.Compiler.CanonicalRuntimeProfile.Profile F} → {ambient : Minidregg.Kernel.DeclaredResourceController.Ambient} → {ground : Minidregg.Kernel.DeclaredResourceController.Ground deployment} → {command : Minidregg.Kernel.DeclaredResourceController.Command} → [DecidableEq F] → (prepared : Minidregg.Kernel.DeclaredResourceController.PreparedInvocation deployment profile ambient ground command) → (i : Minidregg.Kernel.DeclaredResourceController.TargetIndex command) → Except Minidregg.Compiler.Refusal (Minidregg.Kernel.ResourceObservationAdmission.Prepared (Minidregg.Kernel.DeclaredResourceController.readContext prepared) profile (Minidregg.Kernel.DeclaredResourceController.readRequest prepared i) (Minidregg.Kernel.DeclaredResourceController.operationMarker (Minidregg.Compiler.ServedBasis.Ground.authority ground).domain profile.semantics command) (Minidregg.Kernel.DeclaredResourceController.readCapability i) (Minidregg.Kernel.DeclaredResourceController.commandCodec.encode command))
def	Minidregg.Kernel.DeclaredResourceController.readRequest	521dfbc6a6cb0a61c77f97089ded74a7ccf07d007dd7ad16e792c7ada2e2f651	415daa8f2d401f9d04d1386278c9089c85823195445cd850ff8d8e046c57aaff	dfefa7bf6133d052d4a373f705c7029bf79b3e6437f22a692b65d0c5e51699ad	10773d78397bedb8	Classical.choice,Quot.sound,propext	{F : Type} → [inst : Field F] → {deployment : Minidregg.Kernel.DeclaredResourceController.Deployment} → {profile : Minidregg.Compiler.CanonicalRuntimeProfile.Profile F} → {ambient : Minidregg.Kernel.DeclaredResourceController.Ambient} → {ground : Minidregg.Kernel.DeclaredResourceController.Ground deployment} → {command : Minidregg.Kernel.DeclaredResourceController.Command} → Minidregg.Kernel.DeclaredResourceController.PreparedInvocation deployment profile ambient ground command → (i : Minidregg.Kernel.DeclaredResourceController.TargetIndex command) → Minidregg.Theory.TypedAuthorization.Request command.targets[i].kind
theorem	Minidregg.Kernel.DeclaredResourceController.readRequest_observeOnly	e81312b99f7a4620f9de37ab1e7532ed4e92dad57759d5185f126eae9c152943	4cc378e11e45c3071d114b759c5fb9547761e678861c2aa46cee0431f391d7d0	67bcde13824066715452a2c1381482d663414c18afa841b3b8491d191c82c420	c5e0b8e3a44b6880	Classical.choice,Quot.sound,propext	∀ {F : Type} [inst : Field F] {deployment : Minidregg.Kernel.DeclaredResourceController.Deployment} {profile : Minidregg.Compiler.CanonicalRuntimeProfile.Profile F} {ambient : Minidregg.Kernel.DeclaredResourceController.Ambient} {ground : Minidregg.Kernel.DeclaredResourceController.Ground deployment} {command : Minidregg.Kernel.DeclaredResourceController.Command} (prepared : Minidregg.Kernel.DeclaredResourceController.PreparedInvocation deployment profile ambient ground command) (tuple : Minidregg.Kernel.MultiCellHyperedge.PreparedTuple (Minidregg.Kernel.DeclaredResourceController.plan prepared)) (i : Minidregg.Kernel.DeclaredResourceController.TargetIndex command), command.targets[i].observeOnly = Bool.true → Minidregg.Kernel.DeclaredResourceController.readRequest prepared i = (tuple.request (Option.some i)).snd
def	Minidregg.Kernel.DeclaredResourceController.recordedInvocation	87d5cdbb408bda1adbf486dad8170b34a8e130b1744087854397084edf8e09b0	e1305f4a08eb1f78a641295e146d01ac6f34b5785d24060bae2a6edc07c0f37f	354b265d8b922742f0365a7176c3c50376a81e801b3b30a95237d3a6cbed3086	f8c16ecaa960e9f2	Classical.choice,Quot.sound,propext	{deployment : Minidregg.Kernel.DeclaredResourceController.Deployment} → Minidregg.Theory.TypedAuthorization.Digest → Minidregg.Theory.TypedAuthorization.Digest → Minidregg.Kernel.DeclaredResourceController.Command → Minidregg.Kernel.DeclaredResourceController.SignedCommand → Minidregg.Kernel.DeclaredResourceController.Ground deployment → Except Unit (Option (Minidregg.Kernel.DurableCommitProtocol.Intent Minidregg.Theory.TypedAuthorization.Digest Minidregg.Theory.TypedAuthorization.Digest Minidregg.Kernel.DurableDataIntent.StableNullifier Minidregg.Kernel.DurableDataIntent.ReplayEnvelope))
theorem	Minidregg.Kernel.DeclaredResourceController.recordedInvocation_agrees	5e259bd8a655de9981b6152ce1cc36f102cf9aa4a8fb6577909f6ed7e56da3b4	ce3dac48b167a726476713eee37d2a8da084032c0807a79355688bcfe4c2b813	2790cc2de2e5fb7469673f236a0681289dba0e27b0fa892957908a30d7561093	b5d4e078524d03b8	Classical.choice,Quot.sound,propext	∀ {deployment : Minidregg.Kernel.DeclaredResourceController.Deployment} (domain semantics : Minidregg.Theory.TypedAuthorization.Digest) (command : Minidregg.Kernel.DeclaredResourceController.Command) (signed : Minidregg.Kernel.DeclaredResourceController.SignedCommand) (first second : Minidregg.Kernel.DeclaredResourceController.Ground deployment), Minidregg.Compiler.ServedBasis.Ground.declaresTransaction first (Minidregg.Kernel.DeclaredResourceController.transactionId domain semantics command) = Bool.true → Minidregg.Compiler.ServedBasis.Ground.recorded first (Minidregg.Kernel.DeclaredResourceController.transactionId domain semantics command) = Minidregg.Compiler.ServedBasis.Ground.recorded second (Minidregg.Kernel.DeclaredResourceController.transactionId domain semantics command) → Minidregg.Kernel.DeclaredResourceController.recordedInvocation domain semantics command signed first = Minidregg.Kernel.DeclaredResourceController.recordedInvocation domain semantics command signed second
theorem	Minidregg.Kernel.DeclaredResourceController.requiresObservation_of_observeOnly	3120422b3fc27a927e83411cecdc1c2b4c500c4a0850f2fbe512b2f94ce40420	09a5467ba04741ec00f3392958612bfd0137500476e58ba380fb6203aa374760	585036fabb955c6be15865506c1bcaef6b3c56bf4c4dd058419f201bd2f41f74	1af43fed32ed2d81	Quot.sound,propext	∀ {command : Minidregg.Kernel.DeclaredResourceController.Command} (i : Minidregg.Kernel.DeclaredResourceController.TargetIndex command), command.targets[i].observeOnly = Bool.true → command.requiresObservation = Bool.true
def	Minidregg.Kernel.DeclaredResourceController.runSlots	f4e5a1a94368bcac4f9d92e0c703eb657b776f85312863883550bc86f878aac1	7ecc2522f545988b97de2340c7cb0428f4e28f83c123cb7143a9ab9079750529	5f03b50e5d064ffc2f696deed99fef72f5876794b79f3e28303a7f17ff6f1188	790d87a987d41fbf	propext	Option Minidregg.Kernel.DeclaredResourceController.CheckedRun → List (String × ℤ)
theorem	Minidregg.Kernel.DeclaredResourceController.runSlots_unjoint	c9bcb76cff0f963489b6d767e44d000c18c74dfed609099c8cf899e06cbb9a3a	3941bba2c23a11091f06108cbf353b512d59899a7ee101119bc90db4f8a775c6	d08ea91756c9f15fadf85e12f45155d0997f108fed0f502c22ae1ead8a249305	d20e1317eadec0ac	Classical.choice,Quot.sound,propext	∀ (run : Option Minidregg.Kernel.DeclaredResourceController.CheckedRun), Minidregg.Kernel.DeclaredResourceController.JointSlots.Unjoint (Minidregg.Kernel.DeclaredResourceController.runSlots run)
def	Minidregg.Kernel.DeclaredResourceController.signedBytes	f32cc245471ec076e49e671f2027164e676887d08cdad6539dc265b86f68b479	903e82cb5177872edbbb6717b7060babb19772bc2bc1b54557ebf5170c7196bf	a41015b0e64111dd27e88f32a1bd32c8e0ac10e6989c1f5fd8f68e34e9fd9af5	9a819f5c037d12cb	Classical.choice,Quot.sound,propext	Minidregg.Theory.TypedAuthorization.Digest → Minidregg.Theory.TypedAuthorization.Digest → Minidregg.Kernel.DeclaredResourceController.SignedCommand → List UInt8
def	Minidregg.Kernel.DeclaredResourceController.signedIngressCodec	5a3aff291b172a3dfcbbff5b460eaf626e2d9dba8fd37fbd7ce66be0470d66e9	568d858998fd2011b72abe8a229bf98e324533882b573adc9b36b9c4d2322841	28db0b402de89fd9eab40e54789ca3a9713ca0a13464e1cf0665d16325d95e79	090f6dff3f432071	Classical.choice,Quot.sound,propext	Minidregg.Theory.IndexedProgram.LawfulCodec Minidregg.Kernel.DeclaredResourceController.SignedIngress
def	Minidregg.Kernel.DeclaredResourceController.signedIngressFrame	928eff971107e86b4716e6edd53ec75474feeaa6fa7c1916afcb12a191ad9500	268fce01293bcb84de059c093737d89d8980bbc789bd14e1bc6693665008f358	e0aa53be33b168c869d37869a36489c42ddbb66eb0005a9a4b404c6d403827b9	4afc354e91c175f7	propext	List UInt8
def	Minidregg.Kernel.DeclaredResourceController.signedIngressRawCodec	31bd4375d1eacb83dc3945783db92c7c8c96f24e31ca18244b10f623bce28337	568d858998fd2011b72abe8a229bf98e324533882b573adc9b36b9c4d2322841	075c80463bdedd509e2a39bdbf95b4c900cf6f5b41e2bd1592e991aa0c7db15e	1207c968979f6350	Classical.choice,Quot.sound,propext	Minidregg.Theory.IndexedProgram.LawfulCodec Minidregg.Kernel.DeclaredResourceController.SignedIngress
def	Minidregg.Kernel.DeclaredResourceController.signedIngressStream	1df7c6be3c376728bfe6f26dd12a4b6632871cf3ba40d3c077bff88a991ee75d	434c423e00bcf4dcbbcd9b9a53ae5e5d5cbaf5153c1af353d968b67a54c13333	6b9e3968575b21d5c9acca1529d0fe3ca80fcd8fccb57646bd6c400bdba6ce05	d806371971fa4f28	Classical.choice,Quot.sound,propext	Minidregg.Compiler.Tower256ConcreteBackend.StreamCodec Minidregg.Kernel.DeclaredResourceController.SignedIngress
def	Minidregg.Kernel.DeclaredResourceController.sourceCharge	844e4172107054078ac8975fefd3e4b10452c7fcb59f08cce00d2ad37cbaa0a8	f2707152a02690ffe25c1894af76f3e1caeee4b608e4d488569cfb445bdae01e	b69293224c7f1bace9b884f4cd30327d827c13d6228e245929c81d8c020417c8	f660f47aeab6ceba	Classical.choice,Quot.sound,propext	{F : Type} → [inst : Field F] → {deployment : Minidregg.Kernel.DeclaredResourceController.Deployment} → {profile : Minidregg.Compiler.CanonicalRuntimeProfile.Profile F} → {ambient : Minidregg.Kernel.DeclaredResourceController.Ambient} → {ground : Minidregg.Kernel.DeclaredResourceController.Ground deployment} → {command : Minidregg.Kernel.DeclaredResourceController.Command} → Minidregg.Kernel.DeclaredResourceController.PreparedInvocation deployment profile ambient ground command → Minidregg.Kernel.DeclaredResourceController.SignedCommand → Minidregg.Theory.ResourceCost.Charge
def	Minidregg.Kernel.DeclaredResourceController.sourceChargeFrom	2c198db89bb24c520efbb579285e6a639ae89d4c9c56cf3e0a61ce3d9df05465	6758303223ee0d8482341056d2f398ca5bd226a981e93b4d4597c983848552d7	fe85aaa9e07262560127e4b190e4af6c26a3c7dbd3f77cfcf34de7d4f808dddc	429b2c699735da34	Classical.choice,Quot.sound,propext	{F : Type} → [inst : Field F] → {deployment : Minidregg.Kernel.DeclaredResourceController.Deployment} → {profile : Minidregg.Compiler.CanonicalRuntimeProfile.Profile F} → {ambient : Minidregg.Kernel.DeclaredResourceController.Ambient} → {ground : Minidregg.Kernel.DeclaredResourceController.Ground deployment} → {command : Minidregg.Kernel.DeclaredResourceController.Command} → Minidregg.Kernel.DeclaredResourceController.PreparedInvocation deployment profile ambient ground command → Minidregg.Kernel.DeclaredResourceController.SignedCommand → List Minidregg.Kernel.DurableDataIntent.DataWrite → List Minidregg.Kernel.DurableDataIntent.ReadGuard → Minidregg.Theory.ResourceCost.Charge
def	Minidregg.Kernel.DeclaredResourceController.sourceGuards	1087b2bc19f67cf8ca5af396e58ee9aea1623048b1aff0a42e95e7d717443e87	8cc31655abf43e991e8a4def11a4e5431247b3b86d4f659341f7a14287088c4a	989cadadb3cb7cf514d60f571e18087c3f3db81fe54dfb2d0a57871bfb464f7a	687aa3c85a660776	Classical.choice,Quot.sound,propext	{F : Type} → [inst : Field F] → {deployment : Minidregg.Kernel.DeclaredResourceController.Deployment} → {profile : Minidregg.Compiler.CanonicalRuntimeProfile.Profile F} → {ambient : Minidregg.Kernel.DeclaredResourceController.Ambient} → {ground : Minidregg.Kernel.DeclaredResourceController.Ground deployment} → {command : Minidregg.Kernel.DeclaredResourceController.Command} → Minidregg.Kernel.DeclaredResourceController.PreparedInvocation deployment profile ambient ground command → List Minidregg.Kernel.DurableDataIntent.ReadGuard
theorem	Minidregg.Kernel.DeclaredResourceController.source_request_epoch_current	5bb7f59cff46abd64653a3885a63faac03704aebadeb0b44a87c29e51d3d1018	8a4aeb33fca5feff70ea790871b7a04381c716c5eb29a6039851c997aad46787	a7309f67a4032234864907e3acc7568a1f8e2f4728cd8ea42525d37782851781	07e3b10c8756b9da	Classical.choice,Quot.sound,propext	∀ {F : Type} [inst : Field F] {deployment : Minidregg.Kernel.DeclaredResourceController.Deployment} {profile : Minidregg.Compiler.CanonicalRuntimeProfile.Profile F} {ambient : Minidregg.Kernel.DeclaredResourceController.Ambient} {ground : Minidregg.Kernel.DeclaredResourceController.Ground deployment} {command : Minidregg.Kernel.DeclaredResourceController.Command} (prepared : Minidregg.Kernel.DeclaredResourceController.PreparedInvocation deployment profile ambient ground command) (tuple : Minidregg.Kernel.MultiCellHyperedge.PreparedTuple (Minidregg.Kernel.DeclaredResourceController.plan prepared)) (incidence : Minidregg.Kernel.DeclaredResourceController.Incidence command), (tuple.request incidence).snd.policyEpoch = (Minidregg.Compiler.ServedBasis.Ground.authority ground).authState.policyEpoch (tuple.request incidence).snd.policyId
theorem	Minidregg.Kernel.DeclaredResourceController.source_request_revision_current	f13d9e8f5d16d7d0f54da3316c92ae97fbc1ac643623d68c47fab095168eaf7e	add316af82bc01242c96962ed2e8f8dcfad787f33f2b97904156fe13e4ef1e73	50e80457d554daa4e7736ae42283d86c3d1aac069a8aa11e25398363ec9d241c	156678ae001988b9	Classical.choice,Quot.sound,propext	∀ {F : Type} [inst : Field F] {deployment : Minidregg.Kernel.DeclaredResourceController.Deployment} {profile : Minidregg.Compiler.CanonicalRuntimeProfile.Profile F} {ambient : Minidregg.Kernel.DeclaredResourceController.Ambient} {ground : Minidregg.Kernel.DeclaredResourceController.Ground deployment} {command : Minidregg.Kernel.DeclaredResourceController.Command} (prepared : Minidregg.Kernel.DeclaredResourceController.PreparedInvocation deployment profile ambient ground command) (tuple : Minidregg.Kernel.MultiCellHyperedge.PreparedTuple (Minidregg.Kernel.DeclaredResourceController.plan prepared)) (incidence : Minidregg.Kernel.DeclaredResourceController.Incidence command), (tuple.request incidence).snd.policyRevision = (Minidregg.Compiler.ServedBasis.Ground.authority ground).authState.policyRevision (tuple.request incidence).snd.policyId
def	Minidregg.Kernel.DeclaredResourceController.step	44a6c0cdb3d3ecfdfaa45774ec2a36c21b7600fbdf5b69fc35dc37ad37c3a202	52f8da8288bead07fbe08f93f90b32b385dcd7990fd92c59829cd1cb352561e5	08b71cb4130ba67a976c098d0d6dd06bcda4fd4262f0b89fdca80258937b4845	253c9885bc7b0ebf	Classical.choice,Quot.sound,propext	{F : Type} → [inst : Field F] → {deployment : Minidregg.Kernel.DeclaredResourceController.Deployment} → {profile : Minidregg.Compiler.CanonicalRuntimeProfile.Profile F} → {ambient : Minidregg.Kernel.DeclaredResourceController.Ambient} → {ground : Minidregg.Kernel.DeclaredResourceController.Ground deployment} → {command : Minidregg.Kernel.DeclaredResourceController.Command} → (prepared : Minidregg.Kernel.DeclaredResourceController.PreparedInvocation deployment profile ambient ground command) → Minidregg.Kernel.MultiCellHyperedge.PreparedTuple (Minidregg.Kernel.DeclaredResourceController.plan prepared) → Minidregg.Kernel.DeclaredResourceController.Incidence command → Minidregg.Compiler.CanonicalPolicyAdmission.PolicyStepContext
theorem	Minidregg.Kernel.DeclaredResourceController.step_prepared_exact	4ab13c16b066eee9432e558a22b455da5216d490c268600f5f3bc2051aaae447	0b2343952eb7c59253110563f1d0d4a53a4e0cfe3be2dd7d90f0275cc10f5fa3	d508338d7ededb5d6a1318f2affee7120094e0be1eb6c265373d6472026c80d8	d5a533a37baf1f07	Classical.choice,Quot.sound,propext	∀ {F : Type} [inst : Field F] {deployment : Minidregg.Kernel.DeclaredResourceController.Deployment} {profile : Minidregg.Compiler.CanonicalRuntimeProfile.Profile F} {ambient : Minidregg.Kernel.DeclaredResourceController.Ambient} {ground : Minidregg.Kernel.DeclaredResourceController.Ground deployment} {command : Minidregg.Kernel.DeclaredResourceController.Command} (prepared : Minidregg.Kernel.DeclaredResourceController.PreparedInvocation deployment profile ambient ground command) (tuple : Minidregg.Kernel.MultiCellHyperedge.PreparedTuple (Minidregg.Kernel.DeclaredResourceController.plan prepared)) (incidence : Minidregg.Kernel.DeclaredResourceController.Incidence command), Minidregg.Kernel.DeclaredResourceController.step prepared tuple incidence = Minidregg.Compiler.CanonicalPolicyAdmission.PolicyStepContext.ofPreparedTuple (Minidregg.Kernel.DeclaredResourceController.project prepared incidence) profile.semantics { source := tuple.source, primary := incidence, validated := tuple.validated, postconditions := tuple.postconditions, cellIdsDistinct := tuple.cellIdsDistinct, requestEffects := tuple.requestEffects }
def	Minidregg.Kernel.DeclaredResourceController.storageKind	05600e892483d40f7c2de15a55b7e3debf6105faf6da020effa67cfafec300cd	9dd66ba09a3cf69c1de2d9a6aad70a47cfe7688b60e68cb15aff6deaf762ac79	5bb314c4f2461ba981391f25910db786a7a67a33fc5f0bd925800362a4c1dc30	d5479360fbc8908c	Classical.choice,Quot.sound,propext	{F : Type} → [inst : Field F] → {deployment : Minidregg.Kernel.DeclaredResourceController.Deployment} → {profile : Minidregg.Compiler.CanonicalRuntimeProfile.Profile F} → {ambient : Minidregg.Kernel.DeclaredResourceController.Ambient} → {ground : Minidregg.Kernel.DeclaredResourceController.Ground deployment} → {command : Minidregg.Kernel.DeclaredResourceController.Command} → Minidregg.Kernel.DeclaredResourceController.PreparedInvocation deployment profile ambient ground command → Minidregg.Kernel.DeclaredResourceController.Incidence command → ℕ
theorem	Minidregg.Kernel.DeclaredResourceController.streamSlots_unjoint	5dfe07e91af6c0faccd9ba8c59111646592226d7cf9ba2f422cc92ae9ce5469f	3ba797f0dc968ce9d9d2f610ddad3edb1fae113d9eb8ff32cf55e4bfdc912a5d	ba619a174bc48508c9461729a2a225e607ec2feefcfbeb18a1d05adbdeb25723	2c19b287d9be959c	Classical.choice,Quot.sound,propext	∀ (request : Minidregg.Compiler.StreamCell.Append) (before : Minidregg.Theory.Store.Store Minidregg.Compiler.StreamCell.headLayout), Minidregg.Kernel.DeclaredResourceController.JointSlots.Unjoint (Minidregg.Kernel.DeclaredResourceController.streamSlots request before)
def	Minidregg.Kernel.DeclaredResourceController.targetAmount	21c9442420d5bb354f0e1b7af4cb809271551aec3378d6b5ece5c5c2ed3a4197	6c8c22ddb69c04d08742ed3d9cdb5f55374adb1623f7a4f6eb41979948b1be4b	de605ce9dbf9db8eb77294c986287b2a29b5444e7e6566f436950da6ee69c1ee	6595dac08e719dd1	Classical.choice,Quot.sound,propext	(target : Minidregg.Kernel.DeclaredResourceController.Target) → (address : Minidregg.Theory.Store.Address target.layout) → target.layout.Value address.fst → ℤ
def	Minidregg.Kernel.DeclaredResourceController.targetField	b6704b0e9843eba375d64788e818a9ddcb5add8de545771a3a1fa6e4c86cf0ff	3e36422565426b3cda3107651e4008bb3426fe25c7c01cc091ec5b6e8bed8aec	25b958047af43e8b15d2eee6ae95e731ea71c285c10da74f7e418febad2ce140	a798a0a67e08f5be	Classical.choice,Quot.sound,propext	(target : Minidregg.Kernel.DeclaredResourceController.Target) → Minidregg.Theory.Store.Address target.layout → Minidregg.Theory.TypedAuthorization.CellField
def	Minidregg.Kernel.DeclaredResourceController.targetFootprint	bbc306d4e10c39ddc5b2eecc117d0a285fbe12e761ec3bccab949afa3f9586ad	532bdb18ca3701ebf808c243448adbf45dfc70467eb3b29b745f5c36784e65cc	d9f5d811e465d69b5a109a7403c5d4d044ee2d9bb9b8e2eb93e5e86d5059ab91	31fb61eb9fcf763b	Classical.choice,Quot.sound,propext	(target : Minidregg.Kernel.DeclaredResourceController.Target) → Minidregg.Theory.Store.Patch target.layout → Minidregg.Theory.Store.Store target.layout → Minidregg.Theory.Store.Store target.layout → Minidregg.Theory.TypedAuthorization.Footprint
theorem	Minidregg.Kernel.DeclaredResourceController.targetFootprint_exact	65a873b9a7cee27a811ae7eca51d15cc3a35a5dcc2c6dc237ee10b8c94481aea	e00a8ea3c7c14e846ddc6e63636c7b5912aec16ce5bee0f33014cde779982dae	d9095608991b1c7d088cbc52460763aec1541144db12e0cadb59b0aaa59de157	c311d7af380c09eb	Classical.choice,Quot.sound,propext	∀ (target : Minidregg.Kernel.DeclaredResourceController.Target) (patch : Minidregg.Theory.Store.Patch target.layout) (pre post : Minidregg.Theory.Store.Store target.layout), (∀ address ∉ patch.writeFootprint, pre address = post address) → Minidregg.Kernel.DeclaredResourceController.targetFootprint target patch pre post = Minidregg.Kernel.DeclaredResourceController.targetFullFootprint target pre post
def	Minidregg.Kernel.DeclaredResourceController.targetFullFootprint	606dd794e9754361eb8d0cc78e8bd9063fd191a91bd8a619fa517572b4910e83	e2ac7ba27c5ae314528e27de2877833a5902ea51dbd74d8253e032b1452cae7e	38430cacbc89a848cc1f430775aef96577a2f5ff9e30afffc1c32561fa80695a	c84c3bc38f3f06f2	Classical.choice,Quot.sound,propext	(target : Minidregg.Kernel.DeclaredResourceController.Target) → Minidregg.Theory.Store.Store target.layout → Minidregg.Theory.Store.Store target.layout → Minidregg.Theory.TypedAuthorization.Footprint
theorem	Minidregg.Kernel.DeclaredResourceController.targetProjection_unjoint	4be6a9016b58964cf1d0a8349fab631d26aed8e39d79954fdd5fd65566f0829a	994b4910e191f2c4cec84635034368d1c535ae92dad193a72e9f60489fcbb8f4	118a6c7ad8efd5dfff5fec96bb8f0ffe51267a6d0237d37a64893bcb0ee166a8	19d9066a4f2984d5	Classical.choice,Quot.sound,propext	∀ (subject : Minidregg.Theory.TypedAuthorization.SubjectId) (target : Minidregg.Kernel.DeclaredResourceController.Target) (before after : Minidregg.Theory.Store.Store target.layout), Minidregg.Kernel.DeclaredResourceController.JointSlots.Unjoint (Minidregg.Kernel.DeclaredResourceController.targetProjection subject target before after)
def	Minidregg.Kernel.DeclaredResourceController.targetRatchet	271953bd4ac35c2cfc42dd0d770c615fdc55823a6121abb4b87d7564b165d986	bb9bcf6a6774e4b626666dc5402e89e3d7f5a58dd7bda2e92fd5a818e2dec4ab	0db589a679f46315d7de80b51bc155190cfc60e31548dcb8b0ba9dfcc6db3efa	693b818a82a01e67	Classical.choice,Quot.sound,propext	(target : Minidregg.Kernel.DeclaredResourceController.Target) → Minidregg.Theory.Store.Address target.layout → Bool
def	Minidregg.Kernel.DeclaredResourceController.targetReadGuard	5002d56f0dad6f374cb2bc0a64822eea508795d1367f5b0af66c373b0f1e1447	6295877e474d66f8a88e1b481feaca7e3934e42b0f4f81506283db2479800ea8	e0c6cf813b00a140992a24b09aa1a836f64d1401ea4b238efb2b62505312cd4b	f1b59050ea2d867e	Classical.choice,Quot.sound,propext	{F : Type} → [inst : Field F] → {deployment : Minidregg.Kernel.DeclaredResourceController.Deployment} → {profile : Minidregg.Compiler.CanonicalRuntimeProfile.Profile F} → {ambient : Minidregg.Kernel.DeclaredResourceController.Ambient} → {ground : Minidregg.Kernel.DeclaredResourceController.Ground deployment} → {command : Minidregg.Kernel.DeclaredResourceController.Command} → Minidregg.Kernel.DeclaredResourceController.PreparedInvocation deployment profile ambient ground command → Minidregg.Kernel.DeclaredResourceController.TargetIndex command → Minidregg.Kernel.DurableDataIntent.ReadGuard
def	Minidregg.Kernel.DeclaredResourceController.targetWrite	39c74ab2cde68340a1706d8c23175fe06af94443526374b2860c6c60bbb8f500	1a6403d6154072a4886a264359c5bf4fdd3308c167bb255da23ec8817b640777	d1258b90a877b3760f5e6274530f18fe8d2e51361c00f6bcca6e84a334bedfd1	ba6a066204df50ab	Classical.choice,Quot.sound,propext	{F : Type} → [inst : Field F] → {deployment : Minidregg.Kernel.DeclaredResourceController.Deployment} → {profile : Minidregg.Compiler.CanonicalRuntimeProfile.Profile F} → {ambient : Minidregg.Kernel.DeclaredResourceController.Ambient} → {ground : Minidregg.Kernel.DeclaredResourceController.Ground deployment} → {command : Minidregg.Kernel.DeclaredResourceController.Command} → Minidregg.Kernel.DeclaredResourceController.PreparedInvocation deployment profile ambient ground command → Minidregg.Kernel.DeclaredResourceController.TargetIndex command → Minidregg.Kernel.DurableDataIntent.DataWrite
def	Minidregg.Kernel.DeclaredResourceController.transactionId	2379a08e3cc97bf12b74baf01529d1a5a765fc134831a280132c31521ad3c3d7	f049bb4ad6a90363565af71087a1db26e3462420994bec46cadc3322cf52c079	86c54b8d00005d38737f88870c611420a9b714a8dd1124830297215a62c12e59	a78f2ffce4575e74	Classical.choice,Quot.sound,propext	Minidregg.Theory.TypedAuthorization.Digest → Minidregg.Theory.TypedAuthorization.Digest → Minidregg.Kernel.DeclaredResourceController.Command → Minidregg.Theory.TypedAuthorization.Digest
theorem	Minidregg.Kernel.DeclaredResourceController.transclude_requires_source_coverage	0a7e1d1767fdec4579ce92bbd5f320f1ae11f5899f1b43c93955f49c44a16c6f	6d5f9b8fcb00a6517c4b8a4397f089925380c4de0b09517ae6ae8716316ab567	9947026dbe1c1f70689f3c8389ab53d1ddcbc7c433d4ce6fff5d879ec695be69	c50263e7962b024f	Classical.choice,Quot.sound,propext	∀ {F : Type} [inst : Field F] {deployment : Minidregg.Kernel.DeclaredResourceController.Deployment} {profile : Minidregg.Compiler.CanonicalRuntimeProfile.Profile F} {ambient : Minidregg.Kernel.DeclaredResourceController.Ambient} {ground : Minidregg.Kernel.DeclaredResourceController.Ground deployment} {command : Minidregg.Kernel.DeclaredResourceController.Command} [inst_1 : DecidableEq F] {prepared : Minidregg.Kernel.DeclaredResourceController.PreparedInvocation deployment profile ambient ground command} {signed : Minidregg.Kernel.DeclaredResourceController.SignedCommand} (accepted : Minidregg.Kernel.DeclaredResourceController.AcceptedInvocation prepared signed) (i : Minidregg.Kernel.DeclaredResourceController.TargetIndex command) (content : Minidregg.Kernel.ContentResource.Command), command.targets[i].payload = Minidregg.Kernel.DeclaredResourceController.Payload.content content → ∀ (transclusion : Minidregg.Theory.Hyperdocument.TransclusionId) (link : Minidregg.Theory.Hyperdocument.LinkId) (request : Minidregg.Kernel.ContentResource.TranscludeRequest), Minidregg.Kernel.ContentResource.Action.transclude transclusion link request ∈ content.actions → ∃ j, command.targets[j].target = request.source ∧ command.targets[j].payload = Minidregg.Kernel.DeclaredResourceController.Payload.read ∧ Nonempty (Minidregg.Kernel.DeclaredResourceController.ReadLeg prepared j (signed.observeEnvelopes[↑j]?.getD [])) ∧ ∃ store, command.targets[j].contentStore? (prepared.targets j).pre = Option.some store ∧ Minidregg.Kernel.ContentResource.openingHolds store request = Bool.true
theorem	Minidregg.Kernel.DeclaredResourceController.tuple_post_exact	7669867764f82de0277fcbe306cc6e956ca1fd446c4e8c8cb6483ba7c8e4564a	bec15ee9a871d5819ca24855c14a43660d3fcbdf1557b53c0854eb3401892c9b	9d84f20e53e5eccb4d82e024ce8bd17f3ba1b42b397d11d41dc5a8d5727c1556	4f3c784985e0116c	Classical.choice,Quot.sound,propext	∀ {F : Type} [inst : Field F] {deployment : Minidregg.Kernel.DeclaredResourceController.Deployment} {profile : Minidregg.Compiler.CanonicalRuntimeProfile.Profile F} {ambient : Minidregg.Kernel.DeclaredResourceController.Ambient} {ground : Minidregg.Kernel.DeclaredResourceController.Ground deployment} {command : Minidregg.Kernel.DeclaredResourceController.Command} (prepared : Minidregg.Kernel.DeclaredResourceController.PreparedInvocation deployment profile ambient ground command) (tuple : Minidregg.Kernel.MultiCellHyperedge.PreparedTuple (Minidregg.Kernel.DeclaredResourceController.plan prepared)) (incidence : Minidregg.Kernel.DeclaredResourceController.Incidence command), tuple.post incidence = (Minidregg.Kernel.DeclaredResourceController.validated prepared incidence).apply
theorem	Minidregg.Kernel.DeclaredResourceController.tuple_source_exact	3460ee3aff49ef91bcf8d97ba74fc664191e03c2fb5663906d801deddb748834	bb9c9c5530c09bea4f7d4fabd00df03831d61ef1f444482aa2372d070ba0d70f	3303ee417cb43eb28206a1731b4a1ee6c6c73bc2e2ef0d58c473848a4ea7d2cf	608ac26bd0627225	Classical.choice,Quot.sound,propext	∀ {F : Type} [inst : Field F] {deployment : Minidregg.Kernel.DeclaredResourceController.Deployment} {profile : Minidregg.Compiler.CanonicalRuntimeProfile.Profile F} {ambient : Minidregg.Kernel.DeclaredResourceController.Ambient} {ground : Minidregg.Kernel.DeclaredResourceController.Ground deployment} {command : Minidregg.Kernel.DeclaredResourceController.Command} (prepared : Minidregg.Kernel.DeclaredResourceController.PreparedInvocation deployment profile ambient ground command) (tuple : Minidregg.Kernel.MultiCellHyperedge.PreparedTuple (Minidregg.Kernel.DeclaredResourceController.plan prepared)), tuple.source = ⟨command, rfl⟩
theorem	Minidregg.Kernel.DeclaredResourceController.validated	051f29cca1c4ec822b2c585974b88a7838531a0d11be3fe312a0ef9c5fcb038c	815b8eed9a91eb0bcbf3c8d576738db3b917d7989017723782da263250b1bd7c	d5ca5ef2b16c8598d265698a12af3ced5828661ada53a20fa1682a70aefeb165	dbddbb2ddaf0339f	Classical.choice,Quot.sound,propext	∀ {F : Type} [inst : Field F] {deployment : Minidregg.Kernel.DeclaredResourceController.Deployment} {profile : Minidregg.Compiler.CanonicalRuntimeProfile.Profile F} {ambient : Minidregg.Kernel.DeclaredResourceController.Ambient} {ground : Minidregg.Kernel.DeclaredResourceController.Ground deployment} {command : Minidregg.Kernel.DeclaredResourceController.Command} (prepared : Minidregg.Kernel.DeclaredResourceController.PreparedInvocation deployment profile ambient ground command) (incidence : Minidregg.Kernel.DeclaredResourceController.Incidence command), Minidregg.Theory.CellState.ValidatedPatch ((Minidregg.Kernel.DeclaredResourceController.layout prepared).materializer incidence) (Minidregg.Kernel.DeclaredResourceController.rawLeg prepared ⟨command, rfl⟩ incidence).pre (Minidregg.Kernel.DeclaredResourceController.rawLeg prepared ⟨command, rfl⟩ incidence).request.snd.preStateRoot (Minidregg.Kernel.DeclaredResourceController.rawLeg prepared ⟨command, rfl⟩ incidence).patch
def	Minidregg.Kernel.DeclaredResourceController.verifyAndAuthorizeLeg	18ba3b44d453282102201bda6dfc9e0096e9b2ac7cdf380f03e69eb0b5d625be	6781a5e4d579c9f57d77e1eadaa4651c30e93b459b24fae8b101b68b2112c7ed	390b949681249e2d449e3c2065f958ca028a9cc1f37990f7081279106e8356e6	ffd739ba773309df	Classical.choice,Quot.sound,propext	{F : Type} → [inst : Field F] → {deployment : Minidregg.Kernel.DeclaredResourceController.Deployment} → {profile : Minidregg.Compiler.CanonicalRuntimeProfile.Profile F} → {ambient : Minidregg.Kernel.DeclaredResourceController.Ambient} → {ground : Minidregg.Kernel.DeclaredResourceController.Ground deployment} → {command : Minidregg.Kernel.DeclaredResourceController.Command} → [inst_1 : DecidableEq F] → {m : Type → Type} → [Monad m] → Minidregg.Compiler.CredentialSignatureIO.Oracle m → (prepared : Minidregg.Kernel.DeclaredResourceController.PreparedInvocation deployment profile ambient ground command) → (tuple : Minidregg.Kernel.MultiCellHyperedge.PreparedTuple (Minidregg.Kernel.DeclaredResourceController.plan prepared)) → (incidence : Minidregg.Kernel.DeclaredResourceController.Incidence command) → (envelope : List UInt8) → m (Except Minidregg.Kernel.DeclaredResourceController.Reject (Minidregg.Kernel.DeclaredResourceController.CheckedLeg prepared tuple incidence envelope))
def	Minidregg.Kernel.DeclaredResourceController.verifyRead	69c6b49cd85f4cdfea75f351f7c66bd2a7d6821648c715497ea0815ccf5a1750	cce6afcb20c61b1fe93de8906adc7f0fb803aae0c4765a7e1fd058e3f5aa002b	5f80544d7c9bcd6b4f0e3ea6c81c58608fe4df81cbcf3ad84f29b65166ebfeed	231d6a5ac1adad11	Classical.choice,Quot.sound,propext	{F : Type} → [inst : Field F] → {deployment : Minidregg.Kernel.DeclaredResourceController.Deployment} → {profile : Minidregg.Compiler.CanonicalRuntimeProfile.Profile F} → {ambient : Minidregg.Kernel.DeclaredResourceController.Ambient} → {ground : Minidregg.Kernel.DeclaredResourceController.Ground deployment} → {command : Minidregg.Kernel.DeclaredResourceController.Command} → [inst_1 : DecidableEq F] → {m : Type → Type} → [Monad m] → Minidregg.Compiler.CredentialSignatureIO.Oracle m → (prepared : Minidregg.Kernel.DeclaredResourceController.PreparedInvocation deployment profile ambient ground command) → (i : Minidregg.Kernel.DeclaredResourceController.TargetIndex command) → (envelope : List UInt8) → m (Except Minidregg.Kernel.DeclaredResourceController.Reject (Minidregg.Kernel.DeclaredResourceController.ReadLeg prepared i envelope))
def	Minidregg.Kernel.DeclaredResourceController.verifyReads	0b4acc38dd2994448f7708c5c624837db5e088639435e32dbd4ece4eb1af5be5	0372b2ebdedf59536cc0ad3cdbc2c77c49171ea9a95e9eab63bd9be6244f096c	681d13fcb6bcdb4502ba2355cb736a9ddfc32d19d0478c6d95879c4d0d886d7d	89777d5b06cee506	Classical.choice,Quot.sound,propext	{F : Type} → [inst : Field F] → {deployment : Minidregg.Kernel.DeclaredResourceController.Deployment} → {profile : Minidregg.Compiler.CanonicalRuntimeProfile.Profile F} → {ambient : Minidregg.Kernel.DeclaredResourceController.Ambient} → {ground : Minidregg.Kernel.DeclaredResourceController.Ground deployment} → {command : Minidregg.Kernel.DeclaredResourceController.Command} → [inst_1 : DecidableEq F] → {m : Type → Type} → [Monad m] → Minidregg.Compiler.CredentialSignatureIO.Oracle m → (prepared : Minidregg.Kernel.DeclaredResourceController.PreparedInvocation deployment profile ambient ground command) → (signed : Minidregg.Kernel.DeclaredResourceController.SignedCommand) → m (Except Minidregg.Kernel.DeclaredResourceController.Reject (command.requiresObservation = Bool.true → (i : Minidregg.Kernel.DeclaredResourceController.TargetIndex command) → Minidregg.Kernel.DeclaredResourceController.ReadLeg prepared i (signed.observeEnvelopes[↑i]?.getD [])))
def	Minidregg.Kernel.DeclaredResourceController.withAcceptedOn	2d7591579c22d8e89e2cd19ebb7e6bb1c6ca87fae8a7580098031e1cfe36c994	0926a7ae25915dce6efc305ef2b1420dfd311814fada49d321f657e0f39fd43b	833637071538198f6a3c6cf486d74a8fd0179f55b4090128a990337bf4f2321b	58f495ab61f7d134	Classical.choice,Quot.sound,propext	{F : Type} → [inst : Field F] → [inst_1 : DecidableEq F] → {R : Type} → (deployment : Minidregg.Kernel.DeclaredResourceController.Deployment) → (profile : Minidregg.Compiler.CanonicalRuntimeProfile.Profile F) → (ambient : Minidregg.Kernel.DeclaredResourceController.Ambient) → Minidregg.Compiler.CredentialSignatureIO.NativeConfig → (ground : Minidregg.Kernel.DeclaredResourceController.Ground deployment) → (signed : Minidregg.Kernel.DeclaredResourceController.SignedCommand) → ({command : Minidregg.Kernel.DeclaredResourceController.Command} → (prepared : Minidregg.Kernel.DeclaredResourceController.PreparedInvocation deployment profile ambient ground command) → Minidregg.Kernel.DeclaredResourceController.PhysicalShape prepared → Minidregg.Kernel.DeclaredResourceController.AcceptedInvocation prepared signed → IO R) → (Minidregg.Kernel.DeclaredResourceController.ReceiveResult → IO R) → optParam (Minidregg.Kernel.ObjectiveBendNativeAdmission.ReadOracle IO) Minidregg.Kernel.ObjectiveBendNativeAdmission.ReadOracle.refuse → IO R
def	Minidregg.Kernel.DeclaredResourceController.writes	561001236985ceb45637ac465e6d22330007bc44657fff6e8e4f0af96c0a6217	92a5b4a14f4c11b3e1a42e5e150f6d0f15fb63556e94044d8fc30bf44d5aeb58	e78eacfd6d09e6ab84f209bce4edc0444a023bfddd199c468d8f43809285d8be	f4e5dfebe91bf7aa	Classical.choice,Quot.sound,propext	{F : Type} → [inst : Field F] → {deployment : Minidregg.Kernel.DeclaredResourceController.Deployment} → {profile : Minidregg.Compiler.CanonicalRuntimeProfile.Profile F} → {ambient : Minidregg.Kernel.DeclaredResourceController.Ambient} → {ground : Minidregg.Kernel.DeclaredResourceController.Ground deployment} → {command : Minidregg.Kernel.DeclaredResourceController.Command} → Minidregg.Kernel.DeclaredResourceController.PreparedInvocation deployment profile ambient ground command → List Minidregg.Kernel.DurableDataIntent.DataWrite
theorem	Minidregg.Kernel.DeclaredResourceController.writes_roots_bound	775d5d482287b56a53989f18594543f182c95102fe464d1d95959c7fa3633128	bfe6b429e00e30155bb1f391241038b2ebfd24bb63d7b819d75dda8388a72d71	e597b9e7734b91fe00c6a09e572ec02c4e70ef5bb09e399f6fcd666547e73ae4	bffa71c3993d8e04	Classical.choice,Quot.sound,propext	∀ {F : Type} [inst : Field F] {deployment : Minidregg.Kernel.DeclaredResourceController.Deployment} {profile : Minidregg.Compiler.CanonicalRuntimeProfile.Profile F} {ambient : Minidregg.Kernel.DeclaredResourceController.Ambient} {ground : Minidregg.Kernel.DeclaredResourceController.Ground deployment} {command : Minidregg.Kernel.DeclaredResourceController.Command} (prepared : Minidregg.Kernel.DeclaredResourceController.PreparedInvocation deployment profile ambient ground command), ∀ write ∈ Minidregg.Kernel.DeclaredResourceController.writes prepared, Minidregg.Compiler.ResourceBirthCodec.rootBytes write.canonicalPostBytes = write.exactPost
theorem	Minidregg.Kernel.ResourceMoneyReceiver.Prepared.accountSlots_unjoint	49d89fa0bd5827ef232c9341ae6ca044b509eb46528a71d2ef5de52a5b179241	8a282ced53fc2cba38cc71cc29196999633a046e94c15d6229c0b003d00c87e9	780c8f1fc4e989161264f31dcd8a5bc0a0cfcb3074e447986f2adf16cc8763b7	ec8955ba305652a0	Classical.choice,Quot.sound,propext	∀ {deployment : Minidregg.Kernel.ResourceMoneyReceiver.Deployment} {physical : Minidregg.Kernel.ResourceMoneyReceiver.Physical} {entries : List Minidregg.Kernel.ResourceMoneyWire.Entry} (prepared : Minidregg.Kernel.ResourceMoneyReceiver.Prepared deployment physical entries) (account : ℕ), Minidregg.Kernel.DeclaredResourceController.JointSlots.Unjoint (prepared.accountSlots account)
theorem	Minidregg.Kernel.ResourceMoneyReceiver.Prepared.positionSlots_unjoint	a3bf1a21a81dcb612005765cc5f88c15658e41fea029945d54692082a8519729	b61f5813e754a84aed375874653f898300080a365c36cda145073911c0b325dc	8e549a69c8f0d6b766fd050b3079dc00eba8b45b30bac9754d7f683086532215	07ac165060ae5087	Classical.choice,Quot.sound,propext	∀ {deployment : Minidregg.Kernel.ResourceMoneyReceiver.Deployment} {physical : Minidregg.Kernel.ResourceMoneyReceiver.Physical} {entries : List Minidregg.Kernel.ResourceMoneyWire.Entry} (prepared : Minidregg.Kernel.ResourceMoneyReceiver.Prepared deployment physical entries) (entry : Minidregg.Kernel.ResourceMoneyWire.Entry), Minidregg.Kernel.DeclaredResourceController.JointSlots.Unjoint (prepared.positionSlots entry)
ctor	private Minidregg.Kernel.DeclaredResourceController.AcceptedInvocation.mk @Kernel.DeclaredResourceController	6f0e93cdc51da13ccd518ed9bf9d9fb81119b952742cc628b4ccda5b95f52762	6a60b2fc64ff9b102738ad9b54670a0a81c5ca2c2a7c7f2557f2a25a46af521c	f5557333e041933397491fb3f41dcd526c3d6edb0dc50a4592685fdfd3a68f74	49c8c98be6b81363		{F : Type} → [inst : Field F] → {deployment : Minidregg.Kernel.DeclaredResourceController.Deployment} → {profile : Minidregg.Compiler.CanonicalRuntimeProfile.Profile F} → {ambient : Minidregg.Kernel.DeclaredResourceController.Ambient} → {ground : Minidregg.Kernel.DeclaredResourceController.Ground deployment} → {command : Minidregg.Kernel.DeclaredResourceController.Command} → [inst_1 : DecidableEq F] → {prepared : Minidregg.Kernel.DeclaredResourceController.PreparedInvocation deployment profile ambient ground command} → {signed : Minidregg.Kernel.DeclaredResourceController.SignedCommand} → Minidregg.Kernel.DeclaredResourceController.commandCodec.encode command = signed.commandBytes → signed.targetEnvelopes.length = command.targets.length → (signed.observeEnvelopes.length = if command.requiresObservation = Bool.true then command.targets.length else 0) → Minidregg.Kernel.DeclaredResourceController.ReadEnvelopesEmpty command signed → (command.requiresObservation = Bool.true → (i : Minidregg.Kernel.DeclaredResourceController.TargetIndex command) → Minidregg.Kernel.DeclaredResourceController.ReadLeg prepared i (signed.observeEnvelopes[↑i]?.getD [])) → (audience : Minidregg.Kernel.DeclaredResourceController.AudienceChecks prepared) → (route : Minidregg.Kernel.DeclaredResourceController.InvocationRouteAdmission prepared signed) → (execution : Option (Minidregg.Kernel.ObjectiveBendNativeAdmission.Admitted prepared (Minidregg.Kernel.DeclaredResourceController.signedBytes (Minidregg.Compiler.ServedBasis.Ground.authority ground).domain profile.semantics signed) (Minidregg.Kernel.DeclaredResourceController.writes prepared) (Minidregg.Kernel.DeclaredResourceController.completeAdmissionGuards prepared signed audience route))) → (Option.any (fun family => family.route == Minidregg.Compiler.NativeInvocationStatement.Route.objectiveMethod) command.family = Bool.true → execution.isSome = Bool.true) → (tuple : Minidregg.Kernel.MultiCellHyperedge.PreparedTuple (Minidregg.Kernel.DeclaredResourceController.plan prepared)) → ((incidence : Minidregg.Kernel.DeclaredResourceController.Incidence command) → Minidregg.Kernel.DeclaredResourceController.incidenceObserveOnly command incidence = Bool.false → Minidregg.Kernel.DeclaredResourceController.CheckedLeg prepared tuple incidence (signed.envelope command incidence)) → Minidregg.Kernel.DeclaredResourceController.AcceptedInvocation prepared signed
ctor	private Minidregg.Kernel.DeclaredResourceController.AuthorityInvocation.mk @Kernel.DeclaredResourceController	4e17a5a4ef99e0f02f97e60cd4586dc823e942b628e0791d6a667c94f5267eb1	4d94c7388f95cc9e16517a23976a76632fd11cd57e4237d18148e384023dd5c4	7db43ca200b8f9b1c7550fbb6ff7bd2a8ef815e18b30e36f6ae4681ff9629847	9a0e72999567421f		{F : Type} → [inst : Field F] → {deployment : Minidregg.Kernel.DeclaredResourceController.Deployment} → {profile : Minidregg.Compiler.CanonicalRuntimeProfile.Profile F} → {ambient : Minidregg.Kernel.DeclaredResourceController.Ambient} → {ground : Minidregg.Kernel.DeclaredResourceController.Ground deployment} → {command : Minidregg.Kernel.DeclaredResourceController.Command} → [inst_1 : DecidableEq F] → {prepared : Minidregg.Kernel.DeclaredResourceController.PreparedInvocation deployment profile ambient ground command} → {signed : Minidregg.Kernel.DeclaredResourceController.SignedCommand} → Minidregg.Kernel.DeclaredResourceController.commandCodec.encode command = signed.commandBytes → signed.targetEnvelopes.length = command.targets.length → (signed.observeEnvelopes.length = if command.requiresObservation = Bool.true then command.targets.length else 0) → Minidregg.Kernel.DeclaredResourceController.ReadEnvelopesEmpty command signed → (command.requiresObservation = Bool.true → (i : Minidregg.Kernel.DeclaredResourceController.TargetIndex command) → Minidregg.Kernel.DeclaredResourceController.ReadLeg prepared i (signed.observeEnvelopes[↑i]?.getD [])) → Minidregg.Kernel.DeclaredResourceController.AudienceChecks prepared → (tuple : Minidregg.Kernel.MultiCellHyperedge.PreparedTuple (Minidregg.Kernel.DeclaredResourceController.plan prepared)) → ((incidence : Minidregg.Kernel.DeclaredResourceController.Incidence command) → Minidregg.Kernel.DeclaredResourceController.incidenceObserveOnly command incidence = Bool.false → Minidregg.Kernel.DeclaredResourceController.CheckedLeg prepared tuple incidence (signed.envelope command incidence)) → Minidregg.Kernel.DeclaredResourceController.AuthorityInvocation prepared signed
def	private Minidregg.Kernel.DeclaredResourceController.finishAdmission @Kernel.DeclaredResourceController	7e4b4d4822d31595f99a232a2c2df2a2cd43ba57754a56f92e107d07c1ba6126	83f600defe66085c260718fd9b8c2ee5717c59a604873f07ffe3a106ba0d2c4f	ffefb25de99ba78f916432c327907e92ad3471bf0e9b45c79d2439bc4af11ac6	d784a31aeb71640a	Classical.choice,Quot.sound,propext	{F : Type} → [inst : Field F] → {deployment : Minidregg.Kernel.DeclaredResourceController.Deployment} → {profile : Minidregg.Compiler.CanonicalRuntimeProfile.Profile F} → {ambient : Minidregg.Kernel.DeclaredResourceController.Ambient} → {ground : Minidregg.Kernel.DeclaredResourceController.Ground deployment} → {command : Minidregg.Kernel.DeclaredResourceController.Command} → [inst_1 : DecidableEq F] → (prepared : Minidregg.Kernel.DeclaredResourceController.PreparedInvocation deployment profile ambient ground command) → (signed : Minidregg.Kernel.DeclaredResourceController.SignedCommand) → (authority : Minidregg.Kernel.DeclaredResourceController.AuthorityInvocation prepared signed) → (route : Minidregg.Kernel.DeclaredResourceController.InvocationRouteAdmission prepared signed) → Option (Minidregg.Kernel.ObjectiveBendNativeAdmission.Admitted prepared (Minidregg.Kernel.DeclaredResourceController.signedBytes (Minidregg.Compiler.ServedBasis.Ground.authority ground).domain profile.semantics signed) (Minidregg.Kernel.DeclaredResourceController.writes prepared) (Minidregg.Kernel.DeclaredResourceController.completeAdmissionGuards prepared signed authority.audience route)) → Except Minidregg.Kernel.DeclaredResourceController.Reject (Minidregg.Kernel.DeclaredResourceController.AcceptedInvocation prepared signed)
