# Kernel.ObjectiveActivityReceiver: Objective contract manifest. Written by `scripts/check-objective-proofs.sh proofs --pin`;
# a removed or changed row needs a line in scripts/gates/objective-contract-changes.txt.
inductive	Minidregg.Kernel.ObjectiveActivityReceiver.Accepted	7996e5348d46530dff61f89676ca5e9036778bf9574196da2103be81e75160af	f7a8f8a65cccd73123be3a9709b430e156cea52a337c4c5f1d29134500e5e9fe	c0f96fea5f86f18cff7793f4ca7014d0b92b553386b0b67a7d48c9907a3cdf82	c67f77a3fff221b1		{F : Type} → [inst : Field F] → [DecidableEq F] → Minidregg.Kernel.ObjectiveActivityReceiver.Deployment → Minidregg.Compiler.CanonicalRuntimeProfile.Profile F → Minidregg.Kernel.ObjectiveKernelConfig.Ambient → Minidregg.Kernel.ObjectiveActivityReceiver.Durable → Minidregg.Kernel.ObjectiveActivityReceiver.DecodedIngress → Type
theorem	Minidregg.Kernel.ObjectiveActivityReceiver.Accepted.envelopeExact	a2ce996c993290273cf83133195f6b6bf19303e0cdded86f465cdd254c0feeeb	7aa86e6ef921a407808c4da741cc403772cd3f9776d56350dfc02c2f62e12b5c	097596607ffa3b9e45d2d38143a1be6f995c319c02feafc51732672c98425c1b	8f626131fa585513	Classical.choice,Quot.sound,propext	∀ {F : Type} [inst : Field F] [inst_1 : DecidableEq F] {deployment : Minidregg.Kernel.ObjectiveActivityReceiver.Deployment} {profile : Minidregg.Compiler.CanonicalRuntimeProfile.Profile F} {ambient : Minidregg.Kernel.ObjectiveKernelConfig.Ambient} {durable : Minidregg.Kernel.ObjectiveActivityReceiver.Durable} {ingress : Minidregg.Kernel.ObjectiveActivityReceiver.DecodedIngress} (self : Minidregg.Kernel.ObjectiveActivityReceiver.Accepted deployment profile ambient durable ingress), self.receipt.envelopeBytes = ingress.ingress.envelope
def	Minidregg.Kernel.ObjectiveActivityReceiver.Accepted.gated	c7aadd850f7570993c878267ede9a40151d9b70ca02316f5a9571851cd1de823	fc8cc414f49d75b9c854824971a57df324eb24ff32687c00b78d29edb708bd43	af0e3f45a07caa69aef9d89944f024616e46a826e8fe14c3712c578af66cb4f5	dde5a6656c967850	Classical.choice,Quot.sound,propext	{F : Type} → [inst : Field F] → [inst_1 : DecidableEq F] → {deployment : Minidregg.Kernel.ObjectiveActivityReceiver.Deployment} → {profile : Minidregg.Compiler.CanonicalRuntimeProfile.Profile F} → {ambient : Minidregg.Kernel.ObjectiveKernelConfig.Ambient} → {durable : Minidregg.Kernel.ObjectiveActivityReceiver.Durable} → {ingress : Minidregg.Kernel.ObjectiveActivityReceiver.DecodedIngress} → Minidregg.Kernel.ObjectiveActivityReceiver.Accepted deployment profile ambient durable ingress → Minidregg.Kernel.ObjectiveActivityReceiver.Gated deployment profile ambient durable ingress.command ingress.ingress.outcome
theorem	Minidregg.Kernel.ObjectiveActivityReceiver.Accepted.physical	488f1497a2ef3f97e7aa48ba8d09688fcb488bb21477156262bb284ecd369db9	da461697fbb91136d21d441c45a0497c3acaba0187a72b4f9f44bc65fd99207d	7637d0a048570af576df2973483adb54bef489ebb2598b4b5ef876762cee1f73	c6cdb7dfd082c2b9	Classical.choice,Quot.sound,propext	∀ {F : Type} [inst : Field F] [inst_1 : DecidableEq F] {deployment : Minidregg.Kernel.ObjectiveActivityReceiver.Deployment} {profile : Minidregg.Compiler.CanonicalRuntimeProfile.Profile F} {ambient : Minidregg.Kernel.ObjectiveKernelConfig.Ambient} {durable : Minidregg.Kernel.ObjectiveActivityReceiver.Durable} {ingress : Minidregg.Kernel.ObjectiveActivityReceiver.DecodedIngress} (self : Minidregg.Kernel.ObjectiveActivityReceiver.Accepted deployment profile ambient durable ingress), Minidregg.Kernel.ObjectiveActivityReceiver.PhysicalShape self.prepared ingress
def	Minidregg.Kernel.ObjectiveActivityReceiver.Accepted.prepared	e012bab3e3e778d3439b0c431260470fc293342d03844e4681314ace9298356f	9a6db6376b06957a11cc07cb107dd1d706bed1420fe496cf01dfe504633beec1	3f5b0bf060c33683c4477cf485c2e5324397b8ecc3bbd7d634cb89e681cd1566	bf0585f449dd7c4b	Classical.choice,Quot.sound,propext	{F : Type} → [inst : Field F] → [inst_1 : DecidableEq F] → {deployment : Minidregg.Kernel.ObjectiveActivityReceiver.Deployment} → {profile : Minidregg.Compiler.CanonicalRuntimeProfile.Profile F} → {ambient : Minidregg.Kernel.ObjectiveKernelConfig.Ambient} → {durable : Minidregg.Kernel.ObjectiveActivityReceiver.Durable} → {ingress : Minidregg.Kernel.ObjectiveActivityReceiver.DecodedIngress} → Minidregg.Kernel.ObjectiveActivityReceiver.Accepted deployment profile ambient durable ingress → Minidregg.Kernel.ObjectiveActivityReceiver.Prepared deployment profile ambient durable ingress.command
theorem	Minidregg.Kernel.ObjectiveActivityReceiver.Accepted.preparedExact	f9386cdc1daf6416422e2a44eb523fd661882032ed106a22f967e10703964348	50eb08cb482f1e71e94c33cf1648324f73c8b401e057c4f524d19b2aba878608	3c0fe15e09a346769af7176df4ca178d50d290432cfdd08889d784193788a447	b7abc877fc7bbbee	Classical.choice,Quot.sound,propext	∀ {F : Type} [inst : Field F] [inst_1 : DecidableEq F] {deployment : Minidregg.Kernel.ObjectiveActivityReceiver.Deployment} {profile : Minidregg.Compiler.CanonicalRuntimeProfile.Profile F} {ambient : Minidregg.Kernel.ObjectiveKernelConfig.Ambient} {durable : Minidregg.Kernel.ObjectiveActivityReceiver.Durable} {ingress : Minidregg.Kernel.ObjectiveActivityReceiver.DecodedIngress} (self : Minidregg.Kernel.ObjectiveActivityReceiver.Accepted deployment profile ambient durable ingress), Minidregg.Kernel.ObjectiveActivityReceiver.prepare self.gated = Except.ok self.prepared
def	Minidregg.Kernel.ObjectiveActivityReceiver.Accepted.receipt	19b25664321f581fb0ac64aea04338571255b622f66564aee4da0184b7f7d7f4	58cb799f7c7b3774b7a35ae52426706b173263af84d25df312c32aa228185902	23ffa1fadaf3646095797d5897845fb82fa3a4684b0e83097634783bfd63112d	61b9ecc61e9e22a4	Classical.choice,Quot.sound,propext	{F : Type} → [inst : Field F] → [inst_1 : DecidableEq F] → {deployment : Minidregg.Kernel.ObjectiveActivityReceiver.Deployment} → {profile : Minidregg.Compiler.CanonicalRuntimeProfile.Profile F} → {ambient : Minidregg.Kernel.ObjectiveKernelConfig.Ambient} → {durable : Minidregg.Kernel.ObjectiveActivityReceiver.Durable} → {ingress : Minidregg.Kernel.ObjectiveActivityReceiver.DecodedIngress} → (self : Minidregg.Kernel.ObjectiveActivityReceiver.Accepted deployment profile ambient durable ingress) → Minidregg.Compiler.CredentialSignatureAdmission.CheckedSignature self.gated.authority.snapshot
def	Minidregg.Kernel.ObjectiveActivityReceiver.ActivityOrBook	348b180442a70056997232f2c9b0ba741069b1d45dd8302362aeab64921858b6	76c61e6a82ca4249fa9644fb19ef1165c12f0f8c4510e525ff555c046726551d	7356e4b69f2bc8bafd255985555c8b6a91ceabc4426440326d4cada5a66e3979	283a58ce563549ab	Classical.choice,Quot.sound,propext	Minidregg.Kernel.ObjectiveActivityReceiver.Deployment → Minidregg.Kernel.DurableDataIntent.DataWrite → Prop := fun deployment write => write.cellId = { value := deployment.resourceBookId } ∨ (∃ payload, Minidregg.Kernel.ObjectiveActivity.payloadOf write.canonicalPostBytes = Option.some payload ∧ write.cellId.value = Minidregg.Kernel.ObjectiveActivityCell.coordinate deployment.domain payload.role payload.key) ∨ (∃ payload, Minidregg.Kernel.SeatStore.payloadOf write.canonicalPostBytes = Option.some payload ∧ write.cellId.value = Minidregg.Kernel.SeatCell.coordinate deployment.domain payload.role payload.key) ∨ write.canonicalPostBytes = Minidregg.Kernel.ObjectiveActivity.retiredImage ∧ Minidregg.Kernel.ObjectiveActivityCell.reservedBase ≤ write.cellId.value
def	Minidregg.Kernel.ObjectiveActivityReceiver.AdoptWire	f5041e6816c07ec429a6cda44157facd2f96d0bb54ad0022575cbd81b870bb93	89855d392aa192071e8a2b2230d30ecae8fc9de0c15fa6a53f6209226829292a	a1f65ce826c0071b43d3216a2c2b0bae90f45450b9cd559d91696d643eab8beb	a4fd1eb9f13acfa2	-	Type
inductive	Minidregg.Kernel.ObjectiveActivityReceiver.AnswerWire	cf518abfb23f886f770d0fd30218e5a6d83bd48193bb3efa9d732bcb7fd941e1	16946b93ac38405660f51e475eb5aa7d25b54f5e5677e0f6a10a4526cc071cbf	97c91c1cc926b4092e4ac0a5c0b9aac2374d01796824ed23ca603e5911976bcf	f5c7ce2ad1dbc4cf		Type
ctor	Minidregg.Kernel.ObjectiveActivityReceiver.AnswerWire.broken	cea71cba4cc7cab464f20286f6b3a5f1bfa63ac3df3262b525b82a618656aba1	2aedb56fb1bccf863bac8e4312836b8433d6e3dc8d2a0bf58ae12cd09f510b03	17e0c1bbb0157001b5585f5982d3e07737774ccf6e44b61f98764817d29cdc6f	5ff643a85b73e3c3		String → Minidregg.Kernel.ObjectiveActivityReceiver.AnswerWire
def	Minidregg.Kernel.ObjectiveActivityReceiver.AnswerWire.broken.elim	e57088df5758493e2aef477ac0245c6555c005755d3e8c701a39fcb636bc232a	c46c7fb512460793ceb06c68a3db5eb4a07e4b09d69d99d3e7833930a8faf084	2da2ee906a5aa3edfc172ec8276685870b4332d4640722c3ac966533343dc498	8c1ca6a39941545e	-	{motive : Minidregg.Kernel.ObjectiveActivityReceiver.AnswerWire → Sort u} → (t : Minidregg.Kernel.ObjectiveActivityReceiver.AnswerWire) → t.ctorIdx = 3 → ((reason : String) → motive (Minidregg.Kernel.ObjectiveActivityReceiver.AnswerWire.broken reason)) → motive t
ctor	Minidregg.Kernel.ObjectiveActivityReceiver.AnswerWire.refused	d03c9c67f98bc527cdbe4975ba31579e47789225b1944fce62278c24747b2a7e	2aedb56fb1bccf863bac8e4312836b8433d6e3dc8d2a0bf58ae12cd09f510b03	83ed388a0950e84a0cf8b9b47dae092951f578db8eb453809d1372acac152fa9	f4dabf2e6995cc7f		String → Minidregg.Kernel.ObjectiveActivityReceiver.AnswerWire
def	Minidregg.Kernel.ObjectiveActivityReceiver.AnswerWire.refused.elim	b0de41c00266e6a5a6898e7efc318753be8fb9141f444b7aca0239e9de90a0b7	7cca65c51e6957e1ac8ad78e06e5bbc4dfb987f17d2c6d131f7a101c31ff0357	ecdd7a258cd2a6f02a21ca9b3e7aed7e1575cfe418e8481ed4b6211830d421d1	59909e4593e29475	-	{motive : Minidregg.Kernel.ObjectiveActivityReceiver.AnswerWire → Sort u} → (t : Minidregg.Kernel.ObjectiveActivityReceiver.AnswerWire) → t.ctorIdx = 1 → ((reason : String) → motive (Minidregg.Kernel.ObjectiveActivityReceiver.AnswerWire.refused reason)) → motive t
ctor	Minidregg.Kernel.ObjectiveActivityReceiver.AnswerWire.reply	cb8d58aa78abb8dc348e7ed3ff2bf82fc2d03f206b04c507d580c6ef2cf7bf86	38589902acad8fa6480dc65aadc365a42e7398aa6b503fe7d3c4ae309982a01c	530bff906431e69bacc7d532475828bc1044c6608908ddefda151560af03063e	fdd761d637b026b8		List UInt8 → Minidregg.Kernel.ObjectiveActivityReceiver.AnswerWire
def	Minidregg.Kernel.ObjectiveActivityReceiver.AnswerWire.reply.elim	d9d94fd2891af112e6f5ea59441f67f9f1df78eb3083ce5a47bacb9587b0f36e	0c7e5645758c3a484443d896371c9f64f8d32702135d991567409034ba5cf074	3577ff1be18cb8ac464a7014f1e0183f8734c1ed3058a89730b62f4aff0c9891	ddd10063239d120d	-	{motive : Minidregg.Kernel.ObjectiveActivityReceiver.AnswerWire → Sort u} → (t : Minidregg.Kernel.ObjectiveActivityReceiver.AnswerWire) → t.ctorIdx = 0 → ((value : List UInt8) → motive (Minidregg.Kernel.ObjectiveActivityReceiver.AnswerWire.reply value)) → motive t
ctor	Minidregg.Kernel.ObjectiveActivityReceiver.AnswerWire.unknown	a2f82a31fcb294f038d2065f6b073f6f6a4bfb099efe203493c6e8f0bef6f5d1	0ee1c7ca47df1ceac8216243fad22dbf0af4051edd56c33744dae93cdf6222a1	bfdcf1d16e7d15ace8ffbcda99c18948a17d4a34d6a5c54fd995d484ef535abf	9d0ed62465ab8f46		Minidregg.Kernel.ObjectiveActivityReceiver.AnswerWire
def	Minidregg.Kernel.ObjectiveActivityReceiver.AnswerWire.unknown.elim	a31eb770a824c3f24673f5be3bc1ca0ce98c8a36a5ea1157e5a2e7a8e41b7f19	706048697bbf9dbd8729a45671aa70f8169b98ee90e402ed576175127bb5470d	c17cbd54128fc13af99f7a40e2c6ac99bb90b799d3caf54cf53d2590c2925921	f3e4d98a83c99914	-	{motive : Minidregg.Kernel.ObjectiveActivityReceiver.AnswerWire → Sort u} → (t : Minidregg.Kernel.ObjectiveActivityReceiver.AnswerWire) → t.ctorIdx = 2 → motive Minidregg.Kernel.ObjectiveActivityReceiver.AnswerWire.unknown → motive t
def	Minidregg.Kernel.ObjectiveActivityReceiver.BirthWire	75d58e4c6007fe410f4f001429e49cf2762924ec145ea9e61ca4059c03f003d7	89855d392aa192071e8a2b2230d30ecae8fc9de0c15fa6a53f6209226829292a	0ed195b5f44bab438f0972dec43823a4638248e3e1e32a20d054186d8291e5b4	ced57c2b1beffe3c	-	Type
inductive	Minidregg.Kernel.ObjectiveActivityReceiver.Command	6ea32a21db6e9bb34ca81bb8fdb0927ac5f3332344e92db24c9aabe5acb514a9	16946b93ac38405660f51e475eb5aa7d25b54f5e5677e0f6a10a4526cc071cbf	107a4a7dcad35edd6a6342c950480bfea78f9369fb0296b6cb5a1544042794b3	e1177535a6d42320		Type
def	Minidregg.Kernel.ObjectiveActivityReceiver.Command.expectedAuthorityRoot	ddafdcf19bdca2839feee79a1ad3d773551b4a33437a44a1bdab5f7f9be411cd	59915a77309a01cb1993e6dac8a0d5773e01fe41507d98fac60d6926dcbfa610	825864563e15ba02734b39b58bf27f315e2e0e32c4495a72a6bc3b96f6c8e555	79dc14cc72ada041	-	Minidregg.Kernel.ObjectiveActivityReceiver.Command → Minidregg.Theory.TypedAuthorization.Digest
def	Minidregg.Kernel.ObjectiveActivityReceiver.Command.isInvoke	cdf9796f8b5b067ac73c94aca4883c0daabdd9025035407491f95e7c4ae89d50	6807f41ee6a69e403d9f12d8cd9d6b4f159de4acd234fdaad9f2df1a7624ad62	93ba3fc57117efe7f285f4c0a5f6abb0c9a9d2879629184676a73166cdf48f68	ede19dac9ec3039a	propext	Minidregg.Kernel.ObjectiveActivityReceiver.Command → Bool
ctor	Minidregg.Kernel.ObjectiveActivityReceiver.Command.mk	e47ff05a0cafd01b32af659a0c8ce15e03b43e4c2b29527e33f0140147790778	18618f69d6bdf4511831864312086d634f604cd30b5ed268565df4d910806a12	90b959d00c9ecddfc78182ec4b92e94c4e6a14f1fa525d9fe9287213e431b670	789ba5612d216856		Minidregg.Theory.TypedAuthorization.SubjectId → ℕ → Minidregg.Theory.TypedAuthorization.Digest → Minidregg.Kernel.ObjectiveActivityReceiver.Turn → Minidregg.Kernel.ObjectiveActivityReceiver.Command
def	Minidregg.Kernel.ObjectiveActivityReceiver.Command.nonce	0603d1906aa67b76168165dd2f2c9e87dfb1555d1b143453247fe984cdc50948	ff6bfd18b3fc02aa36a1e0220280ba7db94f023d2062350e8f6cba62b7f9298b	312819a7bb4dbd29bd1bf35610a52e412a6d805499b0c6312bf6269967404b20	419f36d427b58a9b	-	Minidregg.Kernel.ObjectiveActivityReceiver.Command → ℕ
def	Minidregg.Kernel.ObjectiveActivityReceiver.Command.subject	79d1ccb64fc6639acc2ac176230c4e60b4420c4018788ddc0bfe8a0acb5be36d	dcccb54f1f3224a29e420a6bf92a76569a681491ea249299b59e7bd74294ba91	f0a58844cc1262057e15746f9c492c97753d60ad4f887ee2466dc008af327164	ae1ac5572a5bd9ee	-	Minidregg.Kernel.ObjectiveActivityReceiver.Command → Minidregg.Theory.TypedAuthorization.SubjectId
def	Minidregg.Kernel.ObjectiveActivityReceiver.Command.turn	cd034cc230e21e679a7aea508086cd586ccbb9d13d68b2175b285b9355d75962	ea036a5e447cdbeee502a4b33e130e4979ba873e7ae3b7617925cfb57bd40732	b80ffa5bbee4741fafa42e026852ce1e0e3e471841fb75bebfcac93eab7278dc	2615e56ea072e887	-	Minidregg.Kernel.ObjectiveActivityReceiver.Command → Minidregg.Kernel.ObjectiveActivityReceiver.Turn
def	Minidregg.Kernel.ObjectiveActivityReceiver.CreateWire	e2e625dea45798f6ce7d3f6e9394f1c7cb484193c485f8788f4f98d1881c4976	89855d392aa192071e8a2b2230d30ecae8fc9de0c15fa6a53f6209226829292a	fa8d707559f623a4403c38409c191d6b4d57bc4d769e776540dfa231099d8bf4	ed0c6b67ac4407da	-	Type
def	Minidregg.Kernel.ObjectiveActivityReceiver.Decided	7da9cd8a85bf0ce48af67398540b7459936232ec3682b88da56251c2dbe01dcd	4320b90099b943079568b098f8d6afd5ebf47aa8bf39f1328bd9982aa571e255	a7cdc89a4c002a5b5f56cb44031442afb60c9ae04b95a8f62b94c61eb8b66bb1	cdea563da4e907b9	Classical.choice,Quot.sound,propext	{rootBytes : List UInt8 → Minidregg.Theory.TypedAuthorization.Digest} → Minidregg.Kernel.ObjectiveActivity.Config → Minidregg.Kernel.DurableDataIntent.DataSnapshot rootBytes → ℕ → Minidregg.Kernel.ObjectiveActivityReceiver.Command → Type
def	Minidregg.Kernel.ObjectiveActivityReceiver.Decided.frontEnd	1ac598e35e9ffe70488b7005453d65612d5c23ff233d45bc98d2322613f95062	0de546ca80c352328d97477414bcc5678f454f69a856aecc0f0ac90dd7b9f023	297c0f8955c54e63c6555e5ec5a6a8166bff626351a25f90f328e20d4705e1c6	8b49276ef0d07a76	Classical.choice,Quot.sound,propext	{rootBytes : List UInt8 → Minidregg.Theory.TypedAuthorization.Digest} → {config : Minidregg.Kernel.ObjectiveActivity.Config} → {snapshot : Minidregg.Kernel.DurableDataIntent.DataSnapshot rootBytes} → {height : ℕ} → {command : Minidregg.Kernel.ObjectiveActivityReceiver.Command} → Minidregg.Kernel.ObjectiveActivityReceiver.Decided config snapshot height command → Minidregg.Kernel.ObjectiveCall.FrontEnd
def	Minidregg.Kernel.ObjectiveActivityReceiver.Decided.report	efa77ae22a320efa5eea749927f1367449cdd979d5711d33411e160f592d42a4	211c7cab59992f3691d446868483fad3273e5ead7176ea5232cdf45a77054bc9	6a5f0e8902616c99ca0d962681eeccd8cb24bd74debbe8ade36f541ee3f42dbf	b424991f4eee3b4b	Classical.choice,Quot.sound,propext	{rootBytes : List UInt8 → Minidregg.Theory.TypedAuthorization.Digest} → {config : Minidregg.Kernel.ObjectiveActivity.Config} → {snapshot : Minidregg.Kernel.DurableDataIntent.DataSnapshot rootBytes} → {height : ℕ} → {command : Minidregg.Kernel.ObjectiveActivityReceiver.Command} → Minidregg.Kernel.ObjectiveActivityReceiver.Decided config snapshot height command → List UInt8
inductive	Minidregg.Kernel.ObjectiveActivityReceiver.Declaration	ff09147034b5ec27e9a5556ddeecd16a2c2dcde37f3dd43b4346ec33c6fa23e4	16946b93ac38405660f51e475eb5aa7d25b54f5e5677e0f6a10a4526cc071cbf	fdf81afb5b053c04fb62824772a7c56e44587d116dc05ce0ccc7c5bb58a1b3ee	8518eff31d06e9f5		Type
ctor	Minidregg.Kernel.ObjectiveActivityReceiver.Declaration.mk	2cf76765a11fa4f7e41091119b628ce955792008ce7b029ae5da03cf234ed63d	4cc941f801388c1eecd0a548039ac54c6d375fc0e0fe4acca761a5c81d1ee3a9	8681f7a7cac3ead984b5f9691445c14130ef85c613982bc291849c5ad4ef4a7d	6d242e036ed882fd		Minidregg.Theory.TypedAuthorization.Digest → ℕ → Minidregg.Kernel.ObjectiveActivityReceiver.Declaration
def	Minidregg.Kernel.ObjectiveActivityReceiver.Declaration.operationNullifier	f2bac417c79d0a3a99b48044e61fddddf0dc26afc19ec0737753936394adc46c	9851045d9cd939aea78d7894c7f36fd6b88c7ae89358dd61e6234516b19173b3	b18cd267534da7345f8bef828992b482bf6342e0705794baf9bc087ace25f4d9	59be17f6bdc83d71	-	Minidregg.Kernel.ObjectiveActivityReceiver.Declaration → ℕ
def	Minidregg.Kernel.ObjectiveActivityReceiver.Declaration.outcome	753206598b1e4c0b9d23ffb920cbed202d7e3c3eeebe1d3325888a55e6a73b2e	facd29a228db490b430703dae978bbea345703283e6c6c2268e9bd0953c4b7e7	3ee806752bd0df4ddfec8de24052832c366983d352d73e620b58481ae547fb05	5981101d25665859	-	Minidregg.Kernel.ObjectiveActivityReceiver.Declaration → Minidregg.Theory.TypedAuthorization.Digest
inductive	Minidregg.Kernel.ObjectiveActivityReceiver.DecodedIngress	7ae76583ef805973cfd365baeec6a49d98fe5ea9f888d2c991275051966817c6	16946b93ac38405660f51e475eb5aa7d25b54f5e5677e0f6a10a4526cc071cbf	81f0d9139f77309cf76b7939652ce08a5ea8036f19c81842c5580c267b95602f	6381dd027d463e2e		Type
def	Minidregg.Kernel.ObjectiveActivityReceiver.DecodedIngress.bytes	cbb08a3f9a041ef580911bb280a9c39f3526429d5a1ca5072d6df53173e16a63	6ef8565f4bbf2ebf1c80a81288248236b33550a193de460cb91e0e68fdd541a8	fe93465c0f7cd28d150096b9cb42e6e73bbf2b4278406bc4f60898eb7953b6ce	243237a128ea51c4	Classical.choice,Quot.sound,propext	Minidregg.Kernel.ObjectiveActivityReceiver.DecodedIngress → List UInt8
theorem	Minidregg.Kernel.ObjectiveActivityReceiver.DecodedIngress.canonical	3fd6a4040fa511ba96131a569ec48ae5deab5962aa0ccbc44236d15d916a1fed	b5b3e9b16c9139aa8b9169f69ffe2bcb02d4b1596ee30e2b01e4572243ed99a7	5fc34fe5e9fee4cb3237445ad0db3e5eea5ad348276cbea64f3f9a7e9a6ccf06	339eb8911f6c2fca	Classical.choice,Quot.sound,propext	∀ (self : Minidregg.Kernel.ObjectiveActivityReceiver.DecodedIngress), Minidregg.Kernel.ObjectiveActivityReceiver.commandCodec.encode self.command = self.ingress.commandBytes
def	Minidregg.Kernel.ObjectiveActivityReceiver.DecodedIngress.command	2d072361ba9c802c90b2013d7e931a14ae5a197f3c88b07bd65ac99da0acdc04	055fab1b67399bbe9709279e966dfe18242604f9d4276c91dd4a1696e6fd6c63	d4f884515040dba02f0d0c4220615efcdfd2b2b68a3118b80a27489fd72b3e3a	cbb741f8f3a54321	Classical.choice,Quot.sound,propext	Minidregg.Kernel.ObjectiveActivityReceiver.DecodedIngress → Minidregg.Kernel.ObjectiveActivityReceiver.Command
def	Minidregg.Kernel.ObjectiveActivityReceiver.DecodedIngress.envelope	1dcd49821950a597c286aef6fd8539dd91c514c4b4615888be3140b146e45601	afa549a80bd17b8e59532b9c14ee2b2184e07a683ee7572ea65d60dc34e49584	ca4a53361bdbb03002997ce3e5f0fa1ec24da7c571a782a4ea401bef11cca0a7	54b280a52287e8c3	Classical.choice,Quot.sound,propext	Minidregg.Kernel.ObjectiveActivityReceiver.DecodedIngress → Minidregg.Kernel.CredentialSignedEnvelopeController.SignedEnvelope
theorem	Minidregg.Kernel.ObjectiveActivityReceiver.DecodedIngress.envelopeExact	56b307c41c231424f5e7d2f188ab90837dbf6b77d576ddbe9e7579e2e36f8655	4a3fc9f10075a37b1825b4fa80f4a745622d7cd9fbafa3adb4a769c95158d1f5	36a5a4df6867f77a7bd7c914cda6613e155c452f594f416d233684b97305bab4	eb91a11a33a66dfd	Classical.choice,Quot.sound,propext	∀ (self : Minidregg.Kernel.ObjectiveActivityReceiver.DecodedIngress), Minidregg.Compiler.CredentialSignatureAdmission.canonicalEnvelopeCodec.decode self.ingress.envelope = Option.some self.envelope
def	Minidregg.Kernel.ObjectiveActivityReceiver.DecodedIngress.ingress	eefa18b272ef0ee098895c30b36861e3134210d74d2b04c2e162fb9f36c78838	43940be103b46d1f885c2fb1dce4e7581daf4382ca39a204b33a8e844d6a74d9	f6741b94ab90abe66e5015d2fcc898b1189b2eb54cb80c2f0a80100c0161974b	4d78da2de916b729	Classical.choice,Quot.sound,propext	Minidregg.Kernel.ObjectiveActivityReceiver.DecodedIngress → Minidregg.Kernel.ObjectiveActivityReceiver.Ingress
def	Minidregg.Kernel.ObjectiveActivityReceiver.Deployment	3cac373b218d3df6578790bde2c691fe5e0e8f82dcf1f1cd48576498632cf1e9	89855d392aa192071e8a2b2230d30ecae8fc9de0c15fa6a53f6209226829292a	1d96a6060e015fec0a4321c37391684b91d3a3b82a8bc3306e948ad3da1174fb	8a1d1d9935af54c3	-	Type
def	Minidregg.Kernel.ObjectiveActivityReceiver.Durable	ee56c7f701a33ec939168c29c08709a8e0ed6c4300d40a3bea288600f3331565	89855d392aa192071e8a2b2230d30ecae8fc9de0c15fa6a53f6209226829292a	3fa15250acae8c896f2e0596f6cbd1abfb7be41772824e8cd1f73db132335af3	fb6452717d283c3b	Classical.choice,Quot.sound,propext	Type
def	Minidregg.Kernel.ObjectiveActivityReceiver.EndWire	ec0f298cf97ae2d65c6b3c2473d84b125ecafdedea9a8af9f504f87f8bf697d0	89855d392aa192071e8a2b2230d30ecae8fc9de0c15fa6a53f6209226829292a	802068114c0a38fdef2797a13d2b294daf3235950f9a7c1208026a6bf7d4090b	9f88de04b74d5434	-	Type
inductive	Minidregg.Kernel.ObjectiveActivityReceiver.Failed	53d3e7d2daeb113d92131ab57baa7a334e01a88e88cc2e65a98866f6713c9254	f7a8f8a65cccd73123be3a9709b430e156cea52a337c4c5f1d29134500e5e9fe	73179d6b49949fc534764131054fd6141a1ae33d46544c59495fb6ef1200a9d9	7e2783d05fc07369		{F : Type} → [inst : Field F] → [DecidableEq F] → Minidregg.Kernel.ObjectiveActivityReceiver.Deployment → Minidregg.Compiler.CanonicalRuntimeProfile.Profile F → Minidregg.Kernel.ObjectiveKernelConfig.Ambient → Minidregg.Kernel.ObjectiveActivityReceiver.Durable → Minidregg.Kernel.ObjectiveActivityReceiver.DecodedIngress → Type
def	Minidregg.Kernel.ObjectiveActivityReceiver.Failed.cause	d7f54878a11f9dea00b9ddb5f7fcc330d6afa6cbae13deaa320c1bc5dce599f5	07e0f4ac824d7090daaeff4a7532b1fa8d238c20d5ae98bebbae1abe2b735191	4919c36d4f19b834fc23f128a4bd76d75c9ec20259071c15469b52152c1bd4db	645d45b5dfdb7d7c	Classical.choice,Quot.sound,propext	{F : Type} → [inst : Field F] → [inst_1 : DecidableEq F] → {deployment : Minidregg.Kernel.ObjectiveActivityReceiver.Deployment} → {profile : Minidregg.Compiler.CanonicalRuntimeProfile.Profile F} → {ambient : Minidregg.Kernel.ObjectiveKernelConfig.Ambient} → {durable : Minidregg.Kernel.ObjectiveActivityReceiver.Durable} → {ingress : Minidregg.Kernel.ObjectiveActivityReceiver.DecodedIngress} → Minidregg.Kernel.ObjectiveActivityReceiver.Failed deployment profile ambient durable ingress → Minidregg.Kernel.ObjectiveActivityReceiver.Reject
theorem	Minidregg.Kernel.ObjectiveActivityReceiver.Failed.causeExact	e9eb2d09399fe81b50e827ff7ac7bb7540f98f2cff2f4090562ac84efdce99c2	59c7e7154cd757ae2c4e6e531e54df598850f576d32d1b246b5b510ef0b7a50f	8a80ea33d2ee24351be130c42e4750880c31eec8cff301a59aa387c0aacac8a6	3b504d9a5c712b88	Classical.choice,Quot.sound,propext	∀ {F : Type} [inst : Field F] [inst_1 : DecidableEq F] {deployment : Minidregg.Kernel.ObjectiveActivityReceiver.Deployment} {profile : Minidregg.Compiler.CanonicalRuntimeProfile.Profile F} {ambient : Minidregg.Kernel.ObjectiveKernelConfig.Ambient} {durable : Minidregg.Kernel.ObjectiveActivityReceiver.Durable} {ingress : Minidregg.Kernel.ObjectiveActivityReceiver.DecodedIngress} (self : Minidregg.Kernel.ObjectiveActivityReceiver.Failed deployment profile ambient durable ingress), Minidregg.Kernel.ObjectiveActivityReceiver.prepare self.gated = Except.error self.cause
theorem	Minidregg.Kernel.ObjectiveActivityReceiver.Failed.charged	89692fa89dbccde6dba4256f7ec13cccb386fcded3e3c933540b7acc7f71cf9b	c283dd934e87b5d77e6a9559b0a14aedab9fe917fc32dff01f5fde9aaaa0b0be	7b1b2080a0bfd5fb90d03ce71bc0960318fe5cbe21648bda95a838ca7599200c	f30240eb5ec3729d	Classical.choice,Quot.sound,propext	∀ {F : Type} [inst : Field F] [inst_1 : DecidableEq F] {deployment : Minidregg.Kernel.ObjectiveActivityReceiver.Deployment} {profile : Minidregg.Compiler.CanonicalRuntimeProfile.Profile F} {ambient : Minidregg.Kernel.ObjectiveKernelConfig.Ambient} {durable : Minidregg.Kernel.ObjectiveActivityReceiver.Durable} {ingress : Minidregg.Kernel.ObjectiveActivityReceiver.DecodedIngress} (self : Minidregg.Kernel.ObjectiveActivityReceiver.Failed deployment profile ambient durable ingress), Minidregg.Kernel.ObjectiveActivityReceiver.chargedCause self.cause = Bool.true
theorem	Minidregg.Kernel.ObjectiveActivityReceiver.Failed.envelopeExact	7f0fb1652181f764b3e69e9527b1069a84fbf7e9f150cebd24951afcbd8b8156	eecd2880fbf5e66c4ba81a068ba05d59372ad49393188989cbfcf0cd51173c0b	f3e9cc1af810aa2f4f2a39304e6b6c0d596a65c8060e5ebdb95e4e260bc1eef6	c8a30f5c8e398ad9	Classical.choice,Quot.sound,propext	∀ {F : Type} [inst : Field F] [inst_1 : DecidableEq F] {deployment : Minidregg.Kernel.ObjectiveActivityReceiver.Deployment} {profile : Minidregg.Compiler.CanonicalRuntimeProfile.Profile F} {ambient : Minidregg.Kernel.ObjectiveKernelConfig.Ambient} {durable : Minidregg.Kernel.ObjectiveActivityReceiver.Durable} {ingress : Minidregg.Kernel.ObjectiveActivityReceiver.DecodedIngress} (self : Minidregg.Kernel.ObjectiveActivityReceiver.Failed deployment profile ambient durable ingress), self.receipt.envelopeBytes = ingress.ingress.envelope
def	Minidregg.Kernel.ObjectiveActivityReceiver.Failed.failure	ede45f1c9c02844b2148c84a31785eeb3bc423b5705bd88e2fcf05188aeebb09	34590e60dd5600961bf1d121ad159971fd7245a195e9e43a7cc21358531957a5	e2ac1cc417f9b63dd7fe8689c794476d5474e37171230e996b1c44c852d41a6c	53b300c74550e0e7	Classical.choice,Quot.sound,propext	{F : Type} → [inst : Field F] → [inst_1 : DecidableEq F] → {deployment : Minidregg.Kernel.ObjectiveActivityReceiver.Deployment} → {profile : Minidregg.Compiler.CanonicalRuntimeProfile.Profile F} → {ambient : Minidregg.Kernel.ObjectiveKernelConfig.Ambient} → {durable : Minidregg.Kernel.ObjectiveActivityReceiver.Durable} → {ingress : Minidregg.Kernel.ObjectiveActivityReceiver.DecodedIngress} → (self : Minidregg.Kernel.ObjectiveActivityReceiver.Failed deployment profile ambient durable ingress) → Minidregg.Kernel.ObjectiveActivity.ChargedFailure self.gated.config durable.snapshot self.request
def	Minidregg.Kernel.ObjectiveActivityReceiver.Failed.final	5a13a755dbea545e1af224a5b2fce4b39e02f21803286db55ec476e47004bc32	47c143de834701cc477f63816725d468937c39a2f6b4b820b61985e20d471977	eeb0f87ea3bc820a8e577b11f99f3e02d316b05a3345a3c8da7e5a6101a4a319	2ebc8f515eb6ed2f	Classical.choice,Quot.sound,propext	{F : Type} → [inst : Field F] → [inst_1 : DecidableEq F] → {deployment : Minidregg.Kernel.ObjectiveActivityReceiver.Deployment} → {profile : Minidregg.Compiler.CanonicalRuntimeProfile.Profile F} → {ambient : Minidregg.Kernel.ObjectiveKernelConfig.Ambient} → {durable : Minidregg.Kernel.ObjectiveActivityReceiver.Durable} → {ingress : Minidregg.Kernel.ObjectiveActivityReceiver.DecodedIngress} → Minidregg.Kernel.ObjectiveActivityReceiver.Failed deployment profile ambient durable ingress → List Minidregg.Kernel.ObjectiveActivityWire.Post × List Minidregg.Kernel.DurableDataIntent.ReadGuard
theorem	Minidregg.Kernel.ObjectiveActivityReceiver.Failed.finalExact	94319a0592ab60618a1ce6eab20acbd2e474b9b9d9e036fce115cf841b475e8b	de8d2577ff027736183abc54d92422b21b3d8a9263f50324dd91d3f6dc2f2f9e	36c80f2e162975db4b79bd4189e7e7d0b39db20499c3d0e2a88c475d446a0b74	cea19632a4bf5106	Classical.choice,Quot.sound,propext	∀ {F : Type} [inst : Field F] [inst_1 : DecidableEq F] {deployment : Minidregg.Kernel.ObjectiveActivityReceiver.Deployment} {profile : Minidregg.Compiler.CanonicalRuntimeProfile.Profile F} {ambient : Minidregg.Kernel.ObjectiveKernelConfig.Ambient} {durable : Minidregg.Kernel.ObjectiveActivityReceiver.Durable} {ingress : Minidregg.Kernel.ObjectiveActivityReceiver.DecodedIngress} (self : Minidregg.Kernel.ObjectiveActivityReceiver.Failed deployment profile ambient durable ingress), Minidregg.Kernel.ActivitySeatEnd.finish self.gated.config durable.snapshot ambient.height (Minidregg.Kernel.ObjectiveActivity.AdmittedTurn.failed self.request self.failure) = Except.ok self.final
def	Minidregg.Kernel.ObjectiveActivityReceiver.Failed.gated	c909662fd9022496f5073dbd3b01e3bee6622b2d6e66d44f8859fa8ab6192352	fdcb4ce29ad38eeda252fc806d04054217f3ac1517b42414f46597ad5886dabc	d781bc75903e7e33d1f39d71267430fa58029c92a510b56d2a88c22584a97dd1	40b0f969af82c886	Classical.choice,Quot.sound,propext	{F : Type} → [inst : Field F] → [inst_1 : DecidableEq F] → {deployment : Minidregg.Kernel.ObjectiveActivityReceiver.Deployment} → {profile : Minidregg.Compiler.CanonicalRuntimeProfile.Profile F} → {ambient : Minidregg.Kernel.ObjectiveKernelConfig.Ambient} → {durable : Minidregg.Kernel.ObjectiveActivityReceiver.Durable} → {ingress : Minidregg.Kernel.ObjectiveActivityReceiver.DecodedIngress} → Minidregg.Kernel.ObjectiveActivityReceiver.Failed deployment profile ambient durable ingress → Minidregg.Kernel.ObjectiveActivityReceiver.Gated deployment profile ambient durable ingress.command ingress.ingress.outcome
def	Minidregg.Kernel.ObjectiveActivityReceiver.Failed.intent	10f36836efd1edfc3539ef8f224862c743afac402be0f24493b71f5cec54a2ec	7d94797697ee30be9ad9d9d3b00c89198d3b564b48758421be986071661529df	51c1efcf45edfb2b8f348950e3e11955e96339a3e9e1e061b2ff919312abcf14	ec73961a279211c2	Classical.choice,Quot.sound,propext	{F : Type} → [inst : Field F] → {deployment : Minidregg.Kernel.ObjectiveActivityReceiver.Deployment} → {profile : Minidregg.Compiler.CanonicalRuntimeProfile.Profile F} → {ambient : Minidregg.Kernel.ObjectiveKernelConfig.Ambient} → {durable : Minidregg.Kernel.ObjectiveActivityReceiver.Durable} → [inst_1 : DecidableEq F] → {ingress : Minidregg.Kernel.ObjectiveActivityReceiver.DecodedIngress} → Minidregg.Kernel.ObjectiveActivityReceiver.Failed deployment profile ambient durable ingress → Minidregg.Kernel.DurableDataIntent.DataIntent Minidregg.Compiler.ResourceBirthCodec.rootBytes
theorem	Minidregg.Kernel.ObjectiveActivityReceiver.Failed.physical	e5738621b68e9c62d7a1ad34b9bc31e4286fe4925fb92aa3baf30f027ccb2b14	e6717de49f3dba152746fc7701d3cc56dfa80b54e510353e60265852e00b301d	55b7e593809ab206efcc79b07151af3f51c13b571a35464692b33abec54eb612	1789c297b1ece280	Classical.choice,Quot.sound,propext	∀ {F : Type} [inst : Field F] [inst_1 : DecidableEq F] {deployment : Minidregg.Kernel.ObjectiveActivityReceiver.Deployment} {profile : Minidregg.Compiler.CanonicalRuntimeProfile.Profile F} {ambient : Minidregg.Kernel.ObjectiveKernelConfig.Ambient} {durable : Minidregg.Kernel.ObjectiveActivityReceiver.Durable} {ingress : Minidregg.Kernel.ObjectiveActivityReceiver.DecodedIngress} (self : Minidregg.Kernel.ObjectiveActivityReceiver.Failed deployment profile ambient durable ingress), Minidregg.Kernel.ObjectiveActivityReceiver.IntentShape deployment durable (Minidregg.Kernel.ObjectiveActivityReceiver.failedIntent self.gated.authority self.gated.config ingress self.request self.failure self.final)
def	Minidregg.Kernel.ObjectiveActivityReceiver.Failed.receipt	987b18c2616a3c239722e2888c9cf5f30a61c952070c6dbf9464f25bdecd92d4	ed91b135a200971fe478d5f4bc29accdf52014e46b842262f788cd90cc049498	df58af1f6b0a0ef22f636dd0eaabd7754d82c919257dab2595e2509639faca77	654b038588c5789b	Classical.choice,Quot.sound,propext	{F : Type} → [inst : Field F] → [inst_1 : DecidableEq F] → {deployment : Minidregg.Kernel.ObjectiveActivityReceiver.Deployment} → {profile : Minidregg.Compiler.CanonicalRuntimeProfile.Profile F} → {ambient : Minidregg.Kernel.ObjectiveKernelConfig.Ambient} → {durable : Minidregg.Kernel.ObjectiveActivityReceiver.Durable} → {ingress : Minidregg.Kernel.ObjectiveActivityReceiver.DecodedIngress} → (self : Minidregg.Kernel.ObjectiveActivityReceiver.Failed deployment profile ambient durable ingress) → Minidregg.Compiler.CredentialSignatureAdmission.CheckedSignature self.gated.authority.snapshot
def	Minidregg.Kernel.ObjectiveActivityReceiver.Failed.request	bf1b8c89f9f90c58a36f1d08b274ced53fae2270078ca717fd16e6ef560da852	e61b0e5f0a27ac071af66dee6a927cc518acdcd25b428b48b3a9021b1bccd4de	7501e79758bfffa4636ed47722bc8d32963c4b1581f1ce13163dd0c88d99102d	589af56753f31a52	Classical.choice,Quot.sound,propext	{F : Type} → [inst : Field F] → [inst_1 : DecidableEq F] → {deployment : Minidregg.Kernel.ObjectiveActivityReceiver.Deployment} → {profile : Minidregg.Compiler.CanonicalRuntimeProfile.Profile F} → {ambient : Minidregg.Kernel.ObjectiveKernelConfig.Ambient} → {durable : Minidregg.Kernel.ObjectiveActivityReceiver.Durable} → {ingress : Minidregg.Kernel.ObjectiveActivityReceiver.DecodedIngress} → Minidregg.Kernel.ObjectiveActivityReceiver.Failed deployment profile ambient durable ingress → Minidregg.Kernel.ObjectiveActivity.FailureRequest
theorem	Minidregg.Kernel.ObjectiveActivityReceiver.Failed.requestExact	0a53b790411bad5534c91980e5d8804a3ca91fd8be4b5a10364bf957ec04c252	b59cddf8927ba9782edf9eeb81c43946635efa04980c8bc7063ab176f0e72d59	b0c8e176db5bdecf14407e10f9f10adc452166d752d1542b7d8acb1029b44a55	ca4cf31df7fc8f6e	Classical.choice,Quot.sound,propext	∀ {F : Type} [inst : Field F] [inst_1 : DecidableEq F] {deployment : Minidregg.Kernel.ObjectiveActivityReceiver.Deployment} {profile : Minidregg.Compiler.CanonicalRuntimeProfile.Profile F} {ambient : Minidregg.Kernel.ObjectiveKernelConfig.Ambient} {durable : Minidregg.Kernel.ObjectiveActivityReceiver.Durable} {ingress : Minidregg.Kernel.ObjectiveActivityReceiver.DecodedIngress} (self : Minidregg.Kernel.ObjectiveActivityReceiver.Failed deployment profile ambient durable ingress), Minidregg.Kernel.ObjectiveActivityReceiver.failureRequest deployment.domain profile.semantics ingress.command = Option.some self.request
inductive	Minidregg.Kernel.ObjectiveActivityReceiver.Gated	d59e9dd84f372dda835e4ca99382963b45b8640a7715e4c88aa08bfb408c5297	59ad4be47e87300ad506345ba14da592bc90a583eecca006dad12bae6e6c172b	68f66bd1ef1e4893b891e6e0351620a7b92ea9768b0e419bb37e961609861a99	0c0c1727fdfa3560		{F : Type} → [inst : Field F] → Minidregg.Kernel.ObjectiveActivityReceiver.Deployment → Minidregg.Compiler.CanonicalRuntimeProfile.Profile F → Minidregg.Kernel.ObjectiveKernelConfig.Ambient → Minidregg.Kernel.ObjectiveActivityReceiver.Durable → Minidregg.Kernel.ObjectiveActivityReceiver.Command → Minidregg.Theory.TypedAuthorization.Digest → Type
def	Minidregg.Kernel.ObjectiveActivityReceiver.Gated.authority	4eea479f220e9e80b9fa5c10a9fa6d4e43896469b9891301e2726eedc9284d0b	cffbce865afe3f680f3f8fac2400e345262f8d4857f3b964703ff027b8e74eb7	bd893d48554a8d67e7329a5dcd671f9d4a43f0c3cd15ca1ca9ece4cf4f65627b	11c000a72916a3ec	Classical.choice,Quot.sound,propext	{F : Type} → [inst : Field F] → {deployment : Minidregg.Kernel.ObjectiveActivityReceiver.Deployment} → {profile : Minidregg.Compiler.CanonicalRuntimeProfile.Profile F} → {ambient : Minidregg.Kernel.ObjectiveKernelConfig.Ambient} → {durable : Minidregg.Kernel.ObjectiveActivityReceiver.Durable} → {command : Minidregg.Kernel.ObjectiveActivityReceiver.Command} → {claimed : Minidregg.Theory.TypedAuthorization.Digest} → Minidregg.Kernel.ObjectiveActivityReceiver.Gated deployment profile ambient durable command claimed → Minidregg.Compiler.CredentialAuthorityDomainReceiver.Loaded deployment durable.snapshot
theorem	Minidregg.Kernel.ObjectiveActivityReceiver.Gated.authorizedExact	acf4e005c26db7663c76d469865d4d66e8606383bc22bbb467439b7d2ace65ce	cdda7f31a6538af80b3dd30a6307679299f59914abac99b23b1ae309e706f475	4da06ad7b508e3c00ba02e1d0b81541d23367da2698dcc8e8377abb1fd96e5a1	0d485e98d98b9f55	Classical.choice,Quot.sound,propext	∀ {F : Type} [inst : Field F] {deployment : Minidregg.Kernel.ObjectiveActivityReceiver.Deployment} {profile : Minidregg.Compiler.CanonicalRuntimeProfile.Profile F} {ambient : Minidregg.Kernel.ObjectiveKernelConfig.Ambient} {durable : Minidregg.Kernel.ObjectiveActivityReceiver.Durable} {command : Minidregg.Kernel.ObjectiveActivityReceiver.Command} {claimed : Minidregg.Theory.TypedAuthorization.Digest} (self : Minidregg.Kernel.ObjectiveActivityReceiver.Gated deployment profile ambient durable command claimed), Minidregg.Kernel.ObjectiveActivityReceiver.authorized self.authority.snapshot profile.semantics ambient command self.preRoot claimed = Except.ok ()
def	Minidregg.Kernel.ObjectiveActivityReceiver.Gated.config	968709d8fd21335359de399a792db884b8cca05143ca44126772ce557350a3dd	ed05c371cdd9a61aae0fb918daa6f722832b47c4c512e0d1b0820cc77a162b3f	b1c6c20c031d50e49f11ccbaf9dc6460e46eac2c066726d67c5430d23794c3f4	ec139b5575042c7e	Classical.choice,Quot.sound,propext	{F : Type} → [inst : Field F] → {deployment : Minidregg.Kernel.ObjectiveActivityReceiver.Deployment} → {profile : Minidregg.Compiler.CanonicalRuntimeProfile.Profile F} → {ambient : Minidregg.Kernel.ObjectiveKernelConfig.Ambient} → {durable : Minidregg.Kernel.ObjectiveActivityReceiver.Durable} → {command : Minidregg.Kernel.ObjectiveActivityReceiver.Command} → {claimed : Minidregg.Theory.TypedAuthorization.Digest} → Minidregg.Kernel.ObjectiveActivityReceiver.Gated deployment profile ambient durable command claimed → Minidregg.Kernel.ObjectiveActivity.Config
theorem	Minidregg.Kernel.ObjectiveActivityReceiver.Gated.configExact	5419b03e745d9926fcdb50b70212fed7574249eb3dc339b5010c1ba24ef44f69	4812c60fc0bb1b69c310e890d2336f44ad34236ba5563ffc0c2a10ac81eaf25a	25683e653b3b60e871efb00696197c3a2504d2eeac4b41aa422dd46db083946b	517857fa3bbeebff	Classical.choice,Quot.sound,propext	∀ {F : Type} [inst : Field F] {deployment : Minidregg.Kernel.ObjectiveActivityReceiver.Deployment} {profile : Minidregg.Compiler.CanonicalRuntimeProfile.Profile F} {ambient : Minidregg.Kernel.ObjectiveKernelConfig.Ambient} {durable : Minidregg.Kernel.ObjectiveActivityReceiver.Durable} {command : Minidregg.Kernel.ObjectiveActivityReceiver.Command} {claimed : Minidregg.Theory.TypedAuthorization.Digest} (self : Minidregg.Kernel.ObjectiveActivityReceiver.Gated deployment profile ambient durable command claimed), Minidregg.Kernel.ObjectiveKernelConfig.configOf deployment profile ambient = Except.ok self.config
def	Minidregg.Kernel.ObjectiveActivityReceiver.Gated.directory	32fe661b0251c3213741a1f31f9afbb0da07b61c3b4c20a0489f961616e3e7b0	08f979619c1b2b3208fc14a227ba393463c3ab47c77e0c295a8643726a761b62	140008b149d2510b37bf4cab9b47f353d8458c10fa26d2fedfa3003f9d3542f2	8aaed2ec6e08d3de	Classical.choice,Quot.sound,propext	{F : Type} → [inst : Field F] → {deployment : Minidregg.Kernel.ObjectiveActivityReceiver.Deployment} → {profile : Minidregg.Compiler.CanonicalRuntimeProfile.Profile F} → {ambient : Minidregg.Kernel.ObjectiveKernelConfig.Ambient} → {durable : Minidregg.Kernel.ObjectiveActivityReceiver.Durable} → {command : Minidregg.Kernel.ObjectiveActivityReceiver.Command} → {claimed : Minidregg.Theory.TypedAuthorization.Digest} → Minidregg.Kernel.ObjectiveActivityReceiver.Gated deployment profile ambient durable command claimed → Minidregg.Compiler.CredentialAuthorityDomainReceiver.LoadedDirectory durable
theorem	Minidregg.Kernel.ObjectiveActivityReceiver.Gated.funded	4a530c8fd9ff753c700b5978b56495e9bdb3b44d031b9b137d6033489c6fbbe4	87f5535f34b6c84cba795ac0323d4ff89cdee47ed3e6b7aa0430fbdc8dfbe54b	e971f22dde0563cbe762483de7f8819f91cad69093f13bb957b9f2adc85bba2b	7597ebc2e010dfe3	Classical.choice,Quot.sound,propext	∀ {F : Type} [inst : Field F] {deployment : Minidregg.Kernel.ObjectiveActivityReceiver.Deployment} {profile : Minidregg.Compiler.CanonicalRuntimeProfile.Profile F} {ambient : Minidregg.Kernel.ObjectiveKernelConfig.Ambient} {durable : Minidregg.Kernel.ObjectiveActivityReceiver.Durable} {command : Minidregg.Kernel.ObjectiveActivityReceiver.Command} {claimed : Minidregg.Theory.TypedAuthorization.Digest} (self : Minidregg.Kernel.ObjectiveActivityReceiver.Gated deployment profile ambient durable command claimed), Minidregg.Kernel.ObjectiveActivityReceiver.funding self.config durable command = Except.ok ()
def	Minidregg.Kernel.ObjectiveActivityReceiver.Gated.preRoot	88ca541b5a2af1ff3bf85f8b6b65c56f8ed4ee05213bee8859c1d9206c827b28	0a8fb1f3b646a87807d82bcad51f758a84d842187fca39769be60613ac4585c9	d6df605fe7ec00cf1d34a25f009d53e7c047f201eaf91e14d28b2968e82b1dbe	6582a7b9a2ebbce2	Classical.choice,Quot.sound,propext	{F : Type} → [inst : Field F] → {deployment : Minidregg.Kernel.ObjectiveActivityReceiver.Deployment} → {profile : Minidregg.Compiler.CanonicalRuntimeProfile.Profile F} → {ambient : Minidregg.Kernel.ObjectiveKernelConfig.Ambient} → {durable : Minidregg.Kernel.ObjectiveActivityReceiver.Durable} → {command : Minidregg.Kernel.ObjectiveActivityReceiver.Command} → {claimed : Minidregg.Theory.TypedAuthorization.Digest} → Minidregg.Kernel.ObjectiveActivityReceiver.Gated deployment profile ambient durable command claimed → Minidregg.Theory.TypedAuthorization.Digest
theorem	Minidregg.Kernel.ObjectiveActivityReceiver.Gated.preRootExact	e7a4fc0424cf8dcb8d96c9f7c5b07c95bfda0537e427a15ee8bcf6f2496fe524	65a13cf9647a6ea38e3ce6981410d82b332050e1a19f79fda637a978421234b9	f55ba7e89a16f639c37ec84a54b0377794fb8b74dab557f26d42876f5b93d248	7d13a239cfdf7351	Classical.choice,Quot.sound,propext	∀ {F : Type} [inst : Field F] {deployment : Minidregg.Kernel.ObjectiveActivityReceiver.Deployment} {profile : Minidregg.Compiler.CanonicalRuntimeProfile.Profile F} {ambient : Minidregg.Kernel.ObjectiveKernelConfig.Ambient} {durable : Minidregg.Kernel.ObjectiveActivityReceiver.Durable} {command : Minidregg.Kernel.ObjectiveActivityReceiver.Command} {claimed : Minidregg.Theory.TypedAuthorization.Digest} (self : Minidregg.Kernel.ObjectiveActivityReceiver.Gated deployment profile ambient durable command claimed), self.preRoot = durable.snapshot.model.roots { value := (Minidregg.Kernel.ObjectiveActivityReceiver.signedTarget deployment.domain command).2 }
def	Minidregg.Kernel.ObjectiveActivityReceiver.Gated.request	f200e5034d348fc97cb726a2204d16a5013f8b4ae2d9adde912c6b6ed44739a0	aeadd7e38801693ccbf6de9c4ae8e82993ebbd30932567895f396d7ec3c9b594	bdd0c0258da813fd2f809529afcd083282ce93e7f678d71e1471ccff09f09d09	f5575e51a887f8ee	Classical.choice,Quot.sound,propext	{F : Type} → [inst : Field F] → {deployment : Minidregg.Kernel.ObjectiveActivityReceiver.Deployment} → {profile : Minidregg.Compiler.CanonicalRuntimeProfile.Profile F} → {ambient : Minidregg.Kernel.ObjectiveKernelConfig.Ambient} → {durable : Minidregg.Kernel.ObjectiveActivityReceiver.Durable} → {command : Minidregg.Kernel.ObjectiveActivityReceiver.Command} → {claimed : Minidregg.Theory.TypedAuthorization.Digest} → Minidregg.Kernel.ObjectiveActivityReceiver.Gated deployment profile ambient durable command claimed → Minidregg.Theory.PackedEffectRequest
inductive	Minidregg.Kernel.ObjectiveActivityReceiver.Ingress	f35c8e0ad33c3d8372ff09dbf013dd329e69493b9a71771ddca8145830441559	16946b93ac38405660f51e475eb5aa7d25b54f5e5677e0f6a10a4526cc071cbf	f26a44e4b8f93fee3b3bccdabb1e6c5885d173d16414a723fbbd0f12e666ebcc	a9bf5d8885c51397		Type
def	Minidregg.Kernel.ObjectiveActivityReceiver.Ingress.commandBytes	c71f19d95801932b4b709d997a9e34fbc09a4f33d55eacaf36bdbb37868bc6ec	920a22861b19a84b9142c34e533c3473dfe826d8cc3b155a1bc6e7a84fb84a59	6c3627fc45535c4d4d91ac8e72496fd55cc0aac9e4a195dbc2d4697a3b343feb	1a3dd2a3aa2a209b	-	Minidregg.Kernel.ObjectiveActivityReceiver.Ingress → List UInt8
def	Minidregg.Kernel.ObjectiveActivityReceiver.Ingress.envelope	34fde03995fce27176d6ea9d77e5dda17f27278a9e48cf2d48bd1ec8328e57a2	920a22861b19a84b9142c34e533c3473dfe826d8cc3b155a1bc6e7a84fb84a59	5982f018d19dd7b7c27e687cad8f962ac09e4afcf2764d8d3d1f0f84f0b6ecc8	1d3e1ef70b905c0a	-	Minidregg.Kernel.ObjectiveActivityReceiver.Ingress → List UInt8
ctor	Minidregg.Kernel.ObjectiveActivityReceiver.Ingress.mk	7a4edaba21db19f35724e7d854ed9b7702ed6ac063fba85bc17a22b879ddb4f0	60677bd384e52028b9926f79744fa13d0c8652494f7aee8a705303f6fdeee163	7f669348848d39a17ea9342fa4d3c3ad7f8245b648aa1361990e42cbf91b0fb3	4d4deb43cdafa89f		List UInt8 → Minidregg.Theory.TypedAuthorization.Digest → List UInt8 → Minidregg.Kernel.ObjectiveActivityReceiver.Ingress
def	Minidregg.Kernel.ObjectiveActivityReceiver.Ingress.outcome	06326ff349276aa6ee5d350bfe296008d0be29e2340a41b31c7c72395cf36d6b	40f4654e1f673650437c1428a209d90ad0d775c9bbb08157369ecbbcd42cabc9	3d7aa4090a1a62ba9d87f850eaeb2adbdf3838493967635c7e27bd7080f4eedd	5148d9e2040e0b22	-	Minidregg.Kernel.ObjectiveActivityReceiver.Ingress → Minidregg.Theory.TypedAuthorization.Digest
def	Minidregg.Kernel.ObjectiveActivityReceiver.IntentShape	e8710764859668c452730fee7214b6f4e80502acb080334188ad28a4adf1e113	a6e8fd58d3287214653ce2cf00a5374b393b3e01e5a81181804c6a6a1154ec64	9655abda0faa3b126a247d8608d8042ce9264bf097d8a33eb0ec067e79371504	46a7ba188bb16079	Classical.choice,Quot.sound,propext	Minidregg.Kernel.ObjectiveActivityReceiver.Deployment → Minidregg.Kernel.ObjectiveActivityReceiver.Durable → Minidregg.Kernel.DurableDataIntent.DataIntent Minidregg.Compiler.ResourceBirthCodec.rootBytes → Prop := fun deployment durable intent => (List.map Minidregg.Kernel.DurableDataIntent.DataWrite.cellId intent.writes).Nodup ∧ (∀ write ∈ intent.writes, write.expectedPre = durable.snapshot.model.roots write.cellId) ∧ (∀ write ∈ intent.writes, Minidregg.Kernel.ResourceBirthController.Concrete.PhysicalPostLaw deployment write) ∧ (∀ write ∈ intent.writes, Minidregg.Kernel.ObjectiveActivityReceiver.ActivityOrBook deployment write) ∧ ∀ guard ∈ intent.readGuards, guard.expectedRoot = durable.snapshot.model.roots guard.cellId
def	Minidregg.Kernel.ObjectiveActivityReceiver.InvokeWire	adc39169b14e0cbf6681249a65982a3af2c74cc8fa67de4723d7f8962904d6b9	89855d392aa192071e8a2b2230d30ecae8fc9de0c15fa6a53f6209226829292a	35ec2499e2315b71cedbab210f3a4eb618226c40c29f5ed04d1e6e5b2a507d99	091bedc71856eebe	-	Type
def	Minidregg.Kernel.ObjectiveActivityReceiver.PhysicalShape	287f1dac82e887f69e7c1f70cf45ed961e29c3accb6e78586c1cd612ba4dd096	6872dcf8b1560565af3bffc9631f60d17d39f1f39268a674db44228f0b8d9498	17fb1ee56f7aca58272128aa0c9240cbc1d506629702b75057cb08b71c5d6639	a5d16962d6bf610d	Classical.choice,Quot.sound,propext	{F : Type} → [inst : Field F] → {deployment : Minidregg.Kernel.ObjectiveActivityReceiver.Deployment} → {profile : Minidregg.Compiler.CanonicalRuntimeProfile.Profile F} → {ambient : Minidregg.Kernel.ObjectiveKernelConfig.Ambient} → {durable : Minidregg.Kernel.ObjectiveActivityReceiver.Durable} → {command : Minidregg.Kernel.ObjectiveActivityReceiver.Command} → Minidregg.Kernel.ObjectiveActivityReceiver.Prepared deployment profile ambient durable command → Minidregg.Kernel.ObjectiveActivityReceiver.DecodedIngress → Prop := fun {F} [Field F] {deployment} {profile} {ambient} {durable} {command} prepared ingress => have intent := prepared.intent ingress; (List.map Minidregg.Kernel.DurableDataIntent.DataWrite.cellId intent.writes).Nodup ∧ (∀ write ∈ intent.writes, write.expectedPre = durable.snapshot.model.roots write.cellId) ∧ (∀ write ∈ intent.writes, Minidregg.Kernel.ResourceBirthController.Concrete.PhysicalPostLaw deployment write) ∧ (∀ write ∈ intent.writes, Minidregg.Kernel.ObjectiveActivityReceiver.ActivityOrBook deployment write) ∧ ∀ guard ∈ intent.readGuards, guard.expectedRoot = durable.snapshot.model.roots guard.cellId
inductive	Minidregg.Kernel.ObjectiveActivityReceiver.Prepared	80724f2bbf3fd0c57e7b7b783547f3495e089810376e32bd12f03d27d5d6a9e4	f986f951872e498ecbb57cf7a55b34fba86a017a22d00953e2dd18372918a194	7155a278864282e65899f4a169d3249276ead3da93c7750819917751305384ee	ea9ccd03f3c9ac20		{F : Type} → [inst : Field F] → Minidregg.Kernel.ObjectiveActivityReceiver.Deployment → Minidregg.Compiler.CanonicalRuntimeProfile.Profile F → Minidregg.Kernel.ObjectiveKernelConfig.Ambient → Minidregg.Kernel.ObjectiveActivityReceiver.Durable → Minidregg.Kernel.ObjectiveActivityReceiver.Command → Type
def	Minidregg.Kernel.ObjectiveActivityReceiver.Prepared.authority	ee5db8b374e4b85fa62c7510b2d5a7350857b774715bb9508d85918fb44988df	1310ef45273c8af15b55c49a8e433c0e9268423157eadda7e5a15cf32cc01add	3eb56c4629f9a5c6140e5621beef8f6f3af63197c9629793f2741fd2a191fd63	e212f15fecc892ed	Classical.choice,Quot.sound,propext	{F : Type} → [inst : Field F] → {deployment : Minidregg.Kernel.ObjectiveActivityReceiver.Deployment} → {profile : Minidregg.Compiler.CanonicalRuntimeProfile.Profile F} → {ambient : Minidregg.Kernel.ObjectiveKernelConfig.Ambient} → {durable : Minidregg.Kernel.ObjectiveActivityReceiver.Durable} → {command : Minidregg.Kernel.ObjectiveActivityReceiver.Command} → Minidregg.Kernel.ObjectiveActivityReceiver.Prepared deployment profile ambient durable command → Minidregg.Compiler.CredentialAuthorityDomainReceiver.Loaded deployment durable.snapshot
theorem	Minidregg.Kernel.ObjectiveActivityReceiver.Prepared.authorizedExact	1a801cb7a20730a4ec3db50b66dc2b503048dd8ebd1ee0f7cfef9dd572301e03	3ed76ad71316b0a4f46a0b04e7be22acd7ea8813aa2aaa1036f963672c3be962	e6898aad9fc39f2ea15e75d41085f0afc27ee976b22b41e515c64b64fc21a043	83107fc5b9fa1223	Classical.choice,Quot.sound,propext	∀ {F : Type} [inst : Field F] {deployment : Minidregg.Kernel.ObjectiveActivityReceiver.Deployment} {profile : Minidregg.Compiler.CanonicalRuntimeProfile.Profile F} {ambient : Minidregg.Kernel.ObjectiveKernelConfig.Ambient} {durable : Minidregg.Kernel.ObjectiveActivityReceiver.Durable} {command : Minidregg.Kernel.ObjectiveActivityReceiver.Command} (self : Minidregg.Kernel.ObjectiveActivityReceiver.Prepared deployment profile ambient durable command), Minidregg.Kernel.ObjectiveActivityReceiver.authorized self.authority.snapshot profile.semantics ambient command self.preRoot self.outcome = Except.ok ()
def	Minidregg.Kernel.ObjectiveActivityReceiver.Prepared.config	b4d79580b4fe4df94baca00c113d7740aaf1f42cd6d7e3bedc37b959f4c6b31f	f07a0852a87cd9e37a4437bbb0724dac06c7239800a824a9d8db39c7e21f0930	44456f4c0c7b8261102c183b063ecc2e3ca492dac0c4445842ca38335006e669	a163b9cf61f91fd5	Classical.choice,Quot.sound,propext	{F : Type} → [inst : Field F] → {deployment : Minidregg.Kernel.ObjectiveActivityReceiver.Deployment} → {profile : Minidregg.Compiler.CanonicalRuntimeProfile.Profile F} → {ambient : Minidregg.Kernel.ObjectiveKernelConfig.Ambient} → {durable : Minidregg.Kernel.ObjectiveActivityReceiver.Durable} → {command : Minidregg.Kernel.ObjectiveActivityReceiver.Command} → Minidregg.Kernel.ObjectiveActivityReceiver.Prepared deployment profile ambient durable command → Minidregg.Kernel.ObjectiveActivity.Config
theorem	Minidregg.Kernel.ObjectiveActivityReceiver.Prepared.configExact	735c7d7736711904d6cc3f9abe986e604ab0a67b3e412d92e980b3a7bf5fee4a	e8b5761071b3649a1efdac44759ef2bb9ddeed12df01965e8d2daeaceb9f9d16	8f8810556d31b336fbeb6a796e1eea55bec8c521f0575dbe6655f8ae63fe8c6b	79b29ef7767fcc1e	Classical.choice,Quot.sound,propext	∀ {F : Type} [inst : Field F] {deployment : Minidregg.Kernel.ObjectiveActivityReceiver.Deployment} {profile : Minidregg.Compiler.CanonicalRuntimeProfile.Profile F} {ambient : Minidregg.Kernel.ObjectiveKernelConfig.Ambient} {durable : Minidregg.Kernel.ObjectiveActivityReceiver.Durable} {command : Minidregg.Kernel.ObjectiveActivityReceiver.Command} (self : Minidregg.Kernel.ObjectiveActivityReceiver.Prepared deployment profile ambient durable command), Minidregg.Kernel.ObjectiveKernelConfig.configOf deployment profile ambient = Except.ok self.config
def	Minidregg.Kernel.ObjectiveActivityReceiver.Prepared.decided	fdd198a378194838c265a7ac0b13a64e6ee4cb5199f0c84d1d9ee974b2801766	5df34c97c148456c45a38f4380ff48f0b42c622ac53f389e3b98d37f4a28658e	dbf9cedbe3bc8edb5e9d6436c073e0c674fe908e1237ccad6e776e346ef17ec0	c89877e71fb58787	Classical.choice,Quot.sound,propext	{F : Type} → [inst : Field F] → {deployment : Minidregg.Kernel.ObjectiveActivityReceiver.Deployment} → {profile : Minidregg.Compiler.CanonicalRuntimeProfile.Profile F} → {ambient : Minidregg.Kernel.ObjectiveKernelConfig.Ambient} → {durable : Minidregg.Kernel.ObjectiveActivityReceiver.Durable} → {command : Minidregg.Kernel.ObjectiveActivityReceiver.Command} → (self : Minidregg.Kernel.ObjectiveActivityReceiver.Prepared deployment profile ambient durable command) → Minidregg.Kernel.ObjectiveActivityReceiver.Decided self.config durable.snapshot ambient.height command
theorem	Minidregg.Kernel.ObjectiveActivityReceiver.Prepared.decidedExact	722d38a3a0cc39a9e3c1576e58b8506d258c75b38d8dfe2abafa6acd984165f3	c2b9d48282df7de3b58c7dd1ab943e3db859a5cf33452acaa36d719b7137da17	18b9ce15f9e3369e08f2a7a3fea680147351d30cfff17f785d9637b6dc96b1c5	8a712b39141f920a	Classical.choice,Quot.sound,propext	∀ {F : Type} [inst : Field F] {deployment : Minidregg.Kernel.ObjectiveActivityReceiver.Deployment} {profile : Minidregg.Compiler.CanonicalRuntimeProfile.Profile F} {ambient : Minidregg.Kernel.ObjectiveKernelConfig.Ambient} {durable : Minidregg.Kernel.ObjectiveActivityReceiver.Durable} {command : Minidregg.Kernel.ObjectiveActivityReceiver.Command} (self : Minidregg.Kernel.ObjectiveActivityReceiver.Prepared deployment profile ambient durable command), Minidregg.Kernel.ObjectiveActivityReceiver.decideTurn self.config durable.snapshot ambient.height command = Except.ok self.decided
def	Minidregg.Kernel.ObjectiveActivityReceiver.Prepared.directory	f20e5292bc87e8115042d45d7b980c996c1c1298662be5afb24cce1cea62e0f0	aaf60033df8288cfd7a7e2fe3f242cc1f43d041db3a1f6e2e6fd87909562700e	b906c76bab824d444d7bf4417e011f69fb1016fe81117b73c7f4f73c9ad0f308	99337dd4532e63fe	Classical.choice,Quot.sound,propext	{F : Type} → [inst : Field F] → {deployment : Minidregg.Kernel.ObjectiveActivityReceiver.Deployment} → {profile : Minidregg.Compiler.CanonicalRuntimeProfile.Profile F} → {ambient : Minidregg.Kernel.ObjectiveKernelConfig.Ambient} → {durable : Minidregg.Kernel.ObjectiveActivityReceiver.Durable} → {command : Minidregg.Kernel.ObjectiveActivityReceiver.Command} → Minidregg.Kernel.ObjectiveActivityReceiver.Prepared deployment profile ambient durable command → Minidregg.Compiler.CredentialAuthorityDomainReceiver.LoadedDirectory durable
def	Minidregg.Kernel.ObjectiveActivityReceiver.Prepared.final	bf2f92e94bf6ebee02c9bb2eb97ea4ccfdb3cf102c793cee1c8dbc3702428ac6	c3a08401b8e816e8a196c40543d2bc16891df3a0a6052104b24e834533488995	2f35e6ac40f6bbb360b34a640b885705f4d22dc6f3cff1ca6cbf60951c119963	264323ad7d84eca2	Classical.choice,Quot.sound,propext	{F : Type} → [inst : Field F] → {deployment : Minidregg.Kernel.ObjectiveActivityReceiver.Deployment} → {profile : Minidregg.Compiler.CanonicalRuntimeProfile.Profile F} → {ambient : Minidregg.Kernel.ObjectiveKernelConfig.Ambient} → {durable : Minidregg.Kernel.ObjectiveActivityReceiver.Durable} → {command : Minidregg.Kernel.ObjectiveActivityReceiver.Command} → Minidregg.Kernel.ObjectiveActivityReceiver.Prepared deployment profile ambient durable command → List Minidregg.Kernel.ObjectiveActivityWire.Post × List Minidregg.Kernel.DurableDataIntent.ReadGuard
theorem	Minidregg.Kernel.ObjectiveActivityReceiver.Prepared.finalExact	0d15aeec56dcc8a25e6aa8825d14f1de019d31b1cb94ab4e6a911cb3fd3a32ce	59a513f39f5eecd4d5b411f9452d2debe2049a96461189ce20574b5b16f28693	9ef92ceb1203a2ed54397878d7deb9898eaa25af322b84709148cac6fcfca29c	b588172fef902e93	Classical.choice,Quot.sound,propext	∀ {F : Type} [inst : Field F] {deployment : Minidregg.Kernel.ObjectiveActivityReceiver.Deployment} {profile : Minidregg.Compiler.CanonicalRuntimeProfile.Profile F} {ambient : Minidregg.Kernel.ObjectiveKernelConfig.Ambient} {durable : Minidregg.Kernel.ObjectiveActivityReceiver.Durable} {command : Minidregg.Kernel.ObjectiveActivityReceiver.Command} (self : Minidregg.Kernel.ObjectiveActivityReceiver.Prepared deployment profile ambient durable command), Minidregg.Kernel.ActivitySeatEnd.finish self.config durable.snapshot ambient.height self.decided = Except.ok self.final
def	Minidregg.Kernel.ObjectiveActivityReceiver.Prepared.intent	b259b305413abab3ce9795f0a4470894685272bb9b92da05ff7e6c5fe8a4beb1	956abc729539752d2958866004b6d19ad19ad3d9ffb63f973a204da5c8eb5197	511f5536de7e71a34a5412ab38d37a034476c5a8e0df011545a19b14f5689b15	81b818cc3ccecc3a	Classical.choice,Quot.sound,propext	{F : Type} → [inst : Field F] → {deployment : Minidregg.Kernel.ObjectiveActivityReceiver.Deployment} → {profile : Minidregg.Compiler.CanonicalRuntimeProfile.Profile F} → {ambient : Minidregg.Kernel.ObjectiveKernelConfig.Ambient} → {durable : Minidregg.Kernel.ObjectiveActivityReceiver.Durable} → {command : Minidregg.Kernel.ObjectiveActivityReceiver.Command} → Minidregg.Kernel.ObjectiveActivityReceiver.Prepared deployment profile ambient durable command → Minidregg.Kernel.ObjectiveActivityReceiver.DecodedIngress → Minidregg.Kernel.DurableDataIntent.DataIntent Minidregg.Compiler.ResourceBirthCodec.rootBytes
def	Minidregg.Kernel.ObjectiveActivityReceiver.Prepared.outcome	3d244b3e6a4a6fdfac4c3752ea05a020fd07b624d651da14a09d0e5831e16caa	04f8449d6ba398df2287c954fb002224d839adfc5847999151aecdcd14bc39a0	2276ebe9b4bb6a324320cdbf696031abe985c42626b69b53b0569bb7a6ab8b13	c31b665516e79d62	Classical.choice,Quot.sound,propext	{F : Type} → [inst : Field F] → {deployment : Minidregg.Kernel.ObjectiveActivityReceiver.Deployment} → {profile : Minidregg.Compiler.CanonicalRuntimeProfile.Profile F} → {ambient : Minidregg.Kernel.ObjectiveKernelConfig.Ambient} → {durable : Minidregg.Kernel.ObjectiveActivityReceiver.Durable} → {command : Minidregg.Kernel.ObjectiveActivityReceiver.Command} → Minidregg.Kernel.ObjectiveActivityReceiver.Prepared deployment profile ambient durable command → Minidregg.Theory.TypedAuthorization.Digest
theorem	Minidregg.Kernel.ObjectiveActivityReceiver.Prepared.outcomeExact	b35a3297e1a44647fac1e6e587c9036b61b2a8bcba608e76da31a0745282c6ce	56e8b7d553537b6c6a72bed637c3a4fa40836ed6923d17f641acc2a22198a4e1	4133c307d436132b20c4ffe24b82930c455aebd2f5a267fe605c6628ce043dfd	d27d84aa2c77e07c	Classical.choice,Quot.sound,propext	∀ {F : Type} [inst : Field F] {deployment : Minidregg.Kernel.ObjectiveActivityReceiver.Deployment} {profile : Minidregg.Compiler.CanonicalRuntimeProfile.Profile F} {ambient : Minidregg.Kernel.ObjectiveKernelConfig.Ambient} {durable : Minidregg.Kernel.ObjectiveActivityReceiver.Durable} {command : Minidregg.Kernel.ObjectiveActivityReceiver.Command} (self : Minidregg.Kernel.ObjectiveActivityReceiver.Prepared deployment profile ambient durable command), self.outcome = Minidregg.Kernel.ObjectiveActivityReceiver.outcomeDigest self.final.1
def	Minidregg.Kernel.ObjectiveActivityReceiver.Prepared.preRoot	e27e413fd51f5a3f3c340e56e6bd91b2f487df17e430ed312a70819a1a433624	04f8449d6ba398df2287c954fb002224d839adfc5847999151aecdcd14bc39a0	d1ae3ef4ea82d106b99392581338ad0c636165eb3dbf9d178012356c642c614a	cfac32591e499a1a	Classical.choice,Quot.sound,propext	{F : Type} → [inst : Field F] → {deployment : Minidregg.Kernel.ObjectiveActivityReceiver.Deployment} → {profile : Minidregg.Compiler.CanonicalRuntimeProfile.Profile F} → {ambient : Minidregg.Kernel.ObjectiveKernelConfig.Ambient} → {durable : Minidregg.Kernel.ObjectiveActivityReceiver.Durable} → {command : Minidregg.Kernel.ObjectiveActivityReceiver.Command} → Minidregg.Kernel.ObjectiveActivityReceiver.Prepared deployment profile ambient durable command → Minidregg.Theory.TypedAuthorization.Digest
theorem	Minidregg.Kernel.ObjectiveActivityReceiver.Prepared.preRootExact	b4c2602bee43f3fa64536e8fedacab6ce82387fed2479d9ef0e5e561c81004ce	8c852ec0a6292fa01e705ab403c95820333fc881db519c50f9e55e228297597e	4ff1b3020dcc444796dfba556ff2738f4da9d8244c4549eb768b8d300727cf43	9cd837120d431431	Classical.choice,Quot.sound,propext	∀ {F : Type} [inst : Field F] {deployment : Minidregg.Kernel.ObjectiveActivityReceiver.Deployment} {profile : Minidregg.Compiler.CanonicalRuntimeProfile.Profile F} {ambient : Minidregg.Kernel.ObjectiveKernelConfig.Ambient} {durable : Minidregg.Kernel.ObjectiveActivityReceiver.Durable} {command : Minidregg.Kernel.ObjectiveActivityReceiver.Command} (self : Minidregg.Kernel.ObjectiveActivityReceiver.Prepared deployment profile ambient durable command), self.preRoot = durable.snapshot.model.roots { value := (Minidregg.Kernel.ObjectiveActivityReceiver.signedTarget deployment.domain command).2 }
def	Minidregg.Kernel.ObjectiveActivityReceiver.Prepared.request	ce58d7898493e1e41c59337614c3dc6ae21fbf6514eb8b1131890d2d99cc325c	b054a223c09a4232bfbc0cf9eb388c98c550878d774f84e49b62d07321eb3440	6248eff5ad5f8e0976f9c475dc6dbde6a33234f50ca7e8004febaeeed027ba29	d164ad360977d377	Classical.choice,Quot.sound,propext	{F : Type} → [inst : Field F] → {deployment : Minidregg.Kernel.ObjectiveActivityReceiver.Deployment} → {profile : Minidregg.Compiler.CanonicalRuntimeProfile.Profile F} → {ambient : Minidregg.Kernel.ObjectiveKernelConfig.Ambient} → {durable : Minidregg.Kernel.ObjectiveActivityReceiver.Durable} → {command : Minidregg.Kernel.ObjectiveActivityReceiver.Command} → Minidregg.Kernel.ObjectiveActivityReceiver.Prepared deployment profile ambient durable command → Minidregg.Theory.PackedEffectRequest
def	Minidregg.Kernel.ObjectiveActivityReceiver.PublishWire	3855fd815fc4eeca8f1a4803f0b2b043de3d1369d371a47165cfc9b6b0e80d12	89855d392aa192071e8a2b2230d30ecae8fc9de0c15fa6a53f6209226829292a	138e209371fb93f5983e64043025bba0c614211045186c97bc07cd54e02cde66	5a97835583152e7b	-	Type
inductive	Minidregg.Kernel.ObjectiveActivityReceiver.Receipt	816bda3b0ff4aeb47df33f6fba7d0f55a2516293e91c186cfd4fbfe12dac2f7a	16946b93ac38405660f51e475eb5aa7d25b54f5e5677e0f6a10a4526cc071cbf	dce74cd3becb50744976116f84da6c869f1e361c6612397787305ffcf435e76b	c7f1868e0017cff8		Type
def	Minidregg.Kernel.ObjectiveActivityReceiver.Receipt.eventId	171f32adf1acfebea25fd3d6de7d9adebe738bcf227d213998dcb98eb50a66b7	ca4ac4fb86ccde19420685611567470061bebc7c49d36a8f0f34b88058d87212	9e4c83fe44cc3d05fe96da5e293e8cc963748313aa0b40be90b8ba666aa82e12	daaf4da718234513	-	Minidregg.Kernel.ObjectiveActivityReceiver.Receipt → Minidregg.Theory.TypedAuthorization.Digest
ctor	Minidregg.Kernel.ObjectiveActivityReceiver.Receipt.mk	3b794f7ca56b723cf062a372a40ad9b0f58e5b0245714fefe7c00664684fed85	6cfec71c18334aa8744745d3deacdb53a36729666aeccf6136b64ea4916da656	99cab4a4e2afceeff9bb1f89962bc4b70811b8d8056ea15925151847e99e6431	4ca829acac3eeea3		Minidregg.Theory.TypedAuthorization.Digest → Minidregg.Theory.TypedAuthorization.Digest → Minidregg.Kernel.ObjectiveActivityReceiver.Receipt
def	Minidregg.Kernel.ObjectiveActivityReceiver.Receipt.transactionId	513e128556b11794360264b54220e705899b816abc3719a6669e48853b8dc126	ca4ac4fb86ccde19420685611567470061bebc7c49d36a8f0f34b88058d87212	6d6ff9877fff56050a2eb2f2ab55b7473357cfd741add7d010922046190e9ed7	f91249e3649dc948	-	Minidregg.Kernel.ObjectiveActivityReceiver.Receipt → Minidregg.Theory.TypedAuthorization.Digest
def	Minidregg.Kernel.ObjectiveActivityReceiver.RegisterWire	71e9f2ac2e42fd7dcc060b6827ff1bcb164696671110ca2c81ca3f11eb348395	89855d392aa192071e8a2b2230d30ecae8fc9de0c15fa6a53f6209226829292a	2838d476026e23476693f1e2d19b6be33b26d69b910de594df06b699b29755ae	a4fe9ee14948f95e	-	Type
def	Minidregg.Kernel.ObjectiveActivityReceiver.Registry	972c08c82a2b1ecf9f76ee2f3848c9e18f4eaafa207ec786237ccf92a16fe5fe	44f45dd1328f53e20f968e4cb0fcc73a571ffc84e263b64c9457558544039a9a	6e620f858c52c44cfdb493680149d002cdc79f94d42d0d136196a168627a652b	5e5a7f7342a1674c	Classical.choice,Quot.sound,propext	Minidregg.Theory.CellRegistry.TypeRegistry Minidregg.Theory.TypedAuthorization.Digest
inductive	Minidregg.Kernel.ObjectiveActivityReceiver.Reject	ef23ad7ea48f1daf117d2f83a052af81123a1679ccf28ea3e7dfd45678236c88	16946b93ac38405660f51e475eb5aa7d25b54f5e5677e0f6a10a4526cc071cbf	9d62b089fff31512057361b60a657f7e7f991b6e4ce684bd3cadb62c23e4bdb6	85fca6e4758b5a90		Type
ctor	Minidregg.Kernel.ObjectiveActivityReceiver.Reject.authorityUnavailable	3b94fe7f0c51d8d2e21d8f4b943adee6b3337e5f5d056645e016420870e7c523	024513b08f1fed6f2185d3da64e2933ebdea2b54dab06582729e6be2dff62303	ec75136dea77ecbb38792a11cc653220979b83b343c381abc903a6644e8d538d	fb24367a77de1651		Minidregg.Kernel.ObjectiveActivityReceiver.Reject
def	Minidregg.Kernel.ObjectiveActivityReceiver.Reject.authorityUnavailable.elim	dd7ce3d796549ca67b1bd995fafc250f6bf072fd3db0eed221152b8874a58fd3	0b2f7e0c176734667d77f8a175837492a1e4b4ef25ed3cc8dbddc95cc2a9ccb5	3ddcd5fc2864403485fa894024baf92f909212c21b7a4623abd5871abdaa503b	62489d308343c381	-	{motive : Minidregg.Kernel.ObjectiveActivityReceiver.Reject → Sort u} → (t : Minidregg.Kernel.ObjectiveActivityReceiver.Reject) → t.ctorIdx = 2 → motive Minidregg.Kernel.ObjectiveActivityReceiver.Reject.authorityUnavailable → motive t
ctor	Minidregg.Kernel.ObjectiveActivityReceiver.Reject.call	eab419a1e7cd2ec3beb9733749e6c3838991fcc01e3fe361d7d08fddcb396830	1e72be11097d418598009cbb2fd1f5af6ae8acbaf54555dbb7024f7f3ef03644	48fece04fc76637030eca17db9db24c9fc515b9e13aebdca5df57a2cfcb28b4d	b5ae2fe51ca4214a		Minidregg.Kernel.ObjectiveCall.CallRefusal → Minidregg.Kernel.ObjectiveCall.FrontEnd → Minidregg.Kernel.ObjectiveActivityReceiver.Reject
def	Minidregg.Kernel.ObjectiveActivityReceiver.Reject.call.elim	87d4f7303f95c57625feebf61ffec8165ed2b5d206482e9dba49929540b21c36	3d0facd3112045ff17023fd1ab9e9643c52c011cae5d0d34bf74713e8e8efde1	7541980b3688c44005e4edaa73253bc7ca800e4334f62326cd12b21c4c34afc8	05832bf6b84bf654	-	{motive : Minidregg.Kernel.ObjectiveActivityReceiver.Reject → Sort u} → (t : Minidregg.Kernel.ObjectiveActivityReceiver.Reject) → t.ctorIdx = 9 → ((reason : Minidregg.Kernel.ObjectiveCall.CallRefusal) → (drawn : Minidregg.Kernel.ObjectiveCall.FrontEnd) → motive (Minidregg.Kernel.ObjectiveActivityReceiver.Reject.call reason drawn)) → motive t
ctor	Minidregg.Kernel.ObjectiveActivityReceiver.Reject.directoryUnavailable	bd66c8f0bd5971706f82f71cab3a5e3ed666cde228d2d0fd7f9b217b86e33a38	024513b08f1fed6f2185d3da64e2933ebdea2b54dab06582729e6be2dff62303	52c2daa26fdfc147c04120a6a3e8642c6526246285bb3996372468770ee49b84	2b55ebb378e1a633		Minidregg.Kernel.ObjectiveActivityReceiver.Reject
def	Minidregg.Kernel.ObjectiveActivityReceiver.Reject.directoryUnavailable.elim	7f20dfdfb5191fca4494c4c61520f68ad02b41f604547baf1322aa5fb92cbf17	304c79a6d4020f14074c09594f777067af959a520916c586d8f9b8b7235f3e88	3a4dc0444f3feb5414066812a7eb656421d11c5a732b8d04d59dab059dc8115a	5f14be0cf1bd4602	-	{motive : Minidregg.Kernel.ObjectiveActivityReceiver.Reject → Sort u} → (t : Minidregg.Kernel.ObjectiveActivityReceiver.Reject) → t.ctorIdx = 1 → motive Minidregg.Kernel.ObjectiveActivityReceiver.Reject.directoryUnavailable → motive t
ctor	Minidregg.Kernel.ObjectiveActivityReceiver.Reject.inputUndecodable	0b1034264fd8234c03fd6d3c226493092f2578a15f52cd28eb71103648ff81da	024513b08f1fed6f2185d3da64e2933ebdea2b54dab06582729e6be2dff62303	d19824bbdb1599d69b3457a4bde618ca62d742560640ae77ee66acf453591c88	10d05011a13277b5		Minidregg.Kernel.ObjectiveActivityReceiver.Reject
def	Minidregg.Kernel.ObjectiveActivityReceiver.Reject.inputUndecodable.elim	c075c9bd751fe7cf31459f500ac2964f51bf8880da1b7e52f46f0060797ce44a	9e15a6f4c2b13032e53ce2c00bfbb4c25b31ff93c0e7bb9b6be97dd312ed7eb3	e17c21524a7e5792d81ec86ff097874a8b3579c7eabc14cf1d22580071d7a723	126b9e9373553383	-	{motive : Minidregg.Kernel.ObjectiveActivityReceiver.Reject → Sort u} → (t : Minidregg.Kernel.ObjectiveActivityReceiver.Reject) → t.ctorIdx = 6 → motive Minidregg.Kernel.ObjectiveActivityReceiver.Reject.inputUndecodable → motive t
ctor	Minidregg.Kernel.ObjectiveActivityReceiver.Reject.kernel	6b1661bff6ba4d8bd5f802cd470f25b023621be5eff564c11546d9e2b84e88ca	244718b86c402fcbfb641fcd38a79bfb0aaaba8b74992654cb84b1e7f6b6dae8	0b12b72604630b49af65c2fa3ad571d03d8df18898a924df685ef83426ffed2f	eef389e5f5271cc9		Minidregg.Kernel.ObjectiveActivity.Refusal → Minidregg.Kernel.ObjectiveActivityReceiver.Reject
def	Minidregg.Kernel.ObjectiveActivityReceiver.Reject.kernel.elim	90195310aef8982769a5c6baf32745b01d05abe680378f5709bfacdf5b0447c7	e4f0e0c1bb78532bde75886dccd32241fd4557a10258c403b5e281ade416352a	c046d2bca0bead5db9ec91520fe043357a9e2c545a170fb887f5002779f496e2	c44956d79554670a	-	{motive : Minidregg.Kernel.ObjectiveActivityReceiver.Reject → Sort u} → (t : Minidregg.Kernel.ObjectiveActivityReceiver.Reject) → t.ctorIdx = 7 → ((reason : Minidregg.Kernel.ObjectiveActivity.Refusal) → motive (Minidregg.Kernel.ObjectiveActivityReceiver.Reject.kernel reason)) → motive t
ctor	Minidregg.Kernel.ObjectiveActivityReceiver.Reject.malformedIngress	4003c3f69e9dd335229355ea3fcc925cf54d9dbc97096978803b856ff872f607	024513b08f1fed6f2185d3da64e2933ebdea2b54dab06582729e6be2dff62303	9a8479cbb67a6557ef52a384d71051b13f617836d723c43e57248d7dfdc67915	e6faa3597606be4e		Minidregg.Kernel.ObjectiveActivityReceiver.Reject
def	Minidregg.Kernel.ObjectiveActivityReceiver.Reject.malformedIngress.elim	0339db63be82030a810cbb3e35ecf8b6f71420bce449c8ed087111c5cf6144ea	8916d4da6bedda886e1e22e20617711a0935d914aa4fb644479a589b594ce7c2	d2b59966cc759012fe21ebbba13a80daea933202378a3c91f31ac7304020febd	b213a843babb4645	-	{motive : Minidregg.Kernel.ObjectiveActivityReceiver.Reject → Sort u} → (t : Minidregg.Kernel.ObjectiveActivityReceiver.Reject) → t.ctorIdx = 0 → motive Minidregg.Kernel.ObjectiveActivityReceiver.Reject.malformedIngress → motive t
ctor	Minidregg.Kernel.ObjectiveActivityReceiver.Reject.message	f13607b0d62c027ba4afc08170edc11e07f335e74159d86ffea2b7ccbfc3711d	8da0d5d22ed0a0f2e52819627403b00a05afb902a023f78a923cefdb398d34fa	85e96d0e23f46000cbc19bf735a30476d038caa7d3346b815699c349d85e8b3b	b4587db6d14024ae		Minidregg.Kernel.ObjectiveSend.MessageRefusal → Minidregg.Kernel.ObjectiveActivityReceiver.Reject
def	Minidregg.Kernel.ObjectiveActivityReceiver.Reject.message.elim	ab83ca48f8dcbd5c435c4e0e5ffd060998e2d706b2018ab72326da6c96bc38b2	93d2e40737e63cd90703df5c22450d1237d394b6fbc76600f1acd6a72d28fbfe	e38f03288b573705717efd0ed7a20a74dbe9aa47c768594de131059913076400	8604c6ebbe4062f3	-	{motive : Minidregg.Kernel.ObjectiveActivityReceiver.Reject → Sort u} → (t : Minidregg.Kernel.ObjectiveActivityReceiver.Reject) → t.ctorIdx = 10 → ((reason : Minidregg.Kernel.ObjectiveSend.MessageRefusal) → motive (Minidregg.Kernel.ObjectiveActivityReceiver.Reject.message reason)) → motive t
ctor	Minidregg.Kernel.ObjectiveActivityReceiver.Reject.notAccountOwner	5466313dfede1668c9439aae7da57dd4db7627056ae7bbfd15688ebb94a94f63	024513b08f1fed6f2185d3da64e2933ebdea2b54dab06582729e6be2dff62303	509f0ea26cb7cb18d0746574e41e184376d8813beb795878e77fe08c98076257	00602026f7912f23		Minidregg.Kernel.ObjectiveActivityReceiver.Reject
def	Minidregg.Kernel.ObjectiveActivityReceiver.Reject.notAccountOwner.elim	2c4c51f852da13ccb608f3bf0f1397459a03a4e93d14b590fd238209373b5dae	094a93108da5f309972fa3b4edb230dbadf12f9ff61d5235991593eeed17d139	a2a605dd723976be52cff858e5dd9b250627eda78e173c976ae61c6152ed64a3	7a8f1a3917d45cde	-	{motive : Minidregg.Kernel.ObjectiveActivityReceiver.Reject → Sort u} → (t : Minidregg.Kernel.ObjectiveActivityReceiver.Reject) → t.ctorIdx = 13 → motive Minidregg.Kernel.ObjectiveActivityReceiver.Reject.notAccountOwner → motive t
ctor	Minidregg.Kernel.ObjectiveActivityReceiver.Reject.notObjectHolder	3430ce56519eea567b68f86aeb5565e23a8315d15baff36d17c3ee9c5b469392	024513b08f1fed6f2185d3da64e2933ebdea2b54dab06582729e6be2dff62303	5a7cd76b6b911e1126ab12c389adc531969a4b6c094c9f3a983c6efca5520ea0	bac40488b4c2f7c6		Minidregg.Kernel.ObjectiveActivityReceiver.Reject
def	Minidregg.Kernel.ObjectiveActivityReceiver.Reject.notObjectHolder.elim	98c86f9333adb00451fa974c293c1310ea365fe8f25c617cca14e8d8392095c7	40aaa92d712da6deee47a8e258c0c4201087139c168b07452d7395505fd61952	336fafba198cd354923721df8c3af4238dec1fc4b6ad1b5778daa710c95d5155	000debb4c3dc981c	-	{motive : Minidregg.Kernel.ObjectiveActivityReceiver.Reject → Sort u} → (t : Minidregg.Kernel.ObjectiveActivityReceiver.Reject) → t.ctorIdx = 12 → motive Minidregg.Kernel.ObjectiveActivityReceiver.Reject.notObjectHolder → motive t
ctor	Minidregg.Kernel.ObjectiveActivityReceiver.Reject.outcomeMoved	a918c71be2b717ec7d8d53df90943ef69b33417689f43f7309ddbe243a55eb43	812f061e925ada726aca2d47b53b7f9151c01490c48cb7b8a3507a410958fb06	1fc00eb2cf5381ec8dd37f46cae0cc36356672dbc9f2e58ee84828c367fcfeb2	472de6c95727d6a2		Minidregg.Theory.TypedAuthorization.Digest → Minidregg.Theory.TypedAuthorization.Digest → Minidregg.Kernel.ObjectiveActivityReceiver.Reject
def	Minidregg.Kernel.ObjectiveActivityReceiver.Reject.outcomeMoved.elim	a7ddf9e239a5bf63dae9d47d31a1010d8d0aebd6d5a05ad78d7be82ee3beafa3	ee0fd0bbeb849cc329441a94882d46dc3a1351941c73a238a02bb1cb81f5a619	a5596d9b69a4cd25f276d6362c536c8fb6da2428cf2a46aa9d1d70e2c5b82258	327dd00276929264	-	{motive : Minidregg.Kernel.ObjectiveActivityReceiver.Reject → Sort u} → (t : Minidregg.Kernel.ObjectiveActivityReceiver.Reject) → t.ctorIdx = 14 → ((claimed decided : Minidregg.Theory.TypedAuthorization.Digest) → motive (Minidregg.Kernel.ObjectiveActivityReceiver.Reject.outcomeMoved claimed decided)) → motive t
ctor	Minidregg.Kernel.ObjectiveActivityReceiver.Reject.physicalPreparation	ed26df9cefa20eb7ba74c572515134ddb0ce2b8cb7dc45270f3b8a7aa077d9e4	024513b08f1fed6f2185d3da64e2933ebdea2b54dab06582729e6be2dff62303	061857ad811f6a370cf5663768fb855f0f89378189f7cfb8a15e3a76ef3eff23	f5484a76bbe260a8		Minidregg.Kernel.ObjectiveActivityReceiver.Reject
def	Minidregg.Kernel.ObjectiveActivityReceiver.Reject.physicalPreparation.elim	3f5a933d2f6195ec0973c8e9adf5cf3127e2f60b0f78a54865da4687452e3144	90b94825b2a91e99490819d236bf420cabff2b0d6b691a425d72ef2dd2302108	648ef6683b32889b0806954c5695b28be593159da640c7a1b7f41f1be47ed5d9	8834f106ee077dc0	-	{motive : Minidregg.Kernel.ObjectiveActivityReceiver.Reject → Sort u} → (t : Minidregg.Kernel.ObjectiveActivityReceiver.Reject) → t.ctorIdx = 5 → motive Minidregg.Kernel.ObjectiveActivityReceiver.Reject.physicalPreparation → motive t
ctor	Minidregg.Kernel.ObjectiveActivityReceiver.Reject.replayedMarker	ce712384f52357b2c7a9741bf3c8ba0466e38fed98632f72534b958e22f5fc6f	024513b08f1fed6f2185d3da64e2933ebdea2b54dab06582729e6be2dff62303	afbe7d257ea04f66ddce86108d7ace425a343121e175eb94203f30bbf8c22af3	2ac864ed9a52bb59		Minidregg.Kernel.ObjectiveActivityReceiver.Reject
def	Minidregg.Kernel.ObjectiveActivityReceiver.Reject.replayedMarker.elim	b197600aa2652d486994f5f34370a68c2275ddb1e1c91224bbc9d41c2f578ca8	1587223740076c72afc2ef81576647e17f47df53b554893892d919429e72932d	b087512bb9311a37c8dd22b2b235e12736af40619e733d0ac8c4a6b88c6edac3	486e65f16db5a023	-	{motive : Minidregg.Kernel.ObjectiveActivityReceiver.Reject → Sort u} → (t : Minidregg.Kernel.ObjectiveActivityReceiver.Reject) → t.ctorIdx = 4 → motive Minidregg.Kernel.ObjectiveActivityReceiver.Reject.replayedMarker → motive t
ctor	Minidregg.Kernel.ObjectiveActivityReceiver.Reject.seats	86b1c414d2441a8f6ccf752d84aaa2c6ae15a7b15a3f85eb9f26b941203c7e36	6fbf61bbcdcc4f5af250c63049bce51d5d08eb7beb85b2fe1c8e32370cdb87d3	d706f878db9ab0d682ca91ebc184ff634f5543c9a359ab0848ec6ab4871ec700	d080af6f6fac7759		Minidregg.Kernel.SeatStore.Refusal → Minidregg.Kernel.ObjectiveActivityReceiver.Reject
def	Minidregg.Kernel.ObjectiveActivityReceiver.Reject.seats.elim	c5c324635b8de2091c1955ab64a86a304fc3c22beb9a0ad8277937418463a761	824376cdba4465cab33442181b6c24e0973fe3b2d08d2534894feced6a284ae3	d85b9d96117fc54b58230cc6f021bb097d808d688c9db9c9a74291de510d965d	4b6a456b5282a265	-	{motive : Minidregg.Kernel.ObjectiveActivityReceiver.Reject → Sort u} → (t : Minidregg.Kernel.ObjectiveActivityReceiver.Reject) → t.ctorIdx = 8 → ((reason : Minidregg.Kernel.SeatStore.Refusal) → motive (Minidregg.Kernel.ObjectiveActivityReceiver.Reject.seats reason)) → motive t
ctor	Minidregg.Kernel.ObjectiveActivityReceiver.Reject.signature	2748f75cb8ab714675751a92c4bf680107a4aff882420993447ce8c289283fc8	8e138e0deb815af97d03670ecb8857daa8f66261dfa74e440dc6e45b63dea9e9	b73a8e9dfaadb22b1e0a6bc36c6f9159ddc59873ec4f46e1a60d8b2e6c7d5921	0aab688694d69282		Minidregg.Compiler.CredentialSignatureAdmission.Reject → Minidregg.Kernel.ObjectiveActivityReceiver.Reject
def	Minidregg.Kernel.ObjectiveActivityReceiver.Reject.signature.elim	0f9f887aaa1c2826b03e2fa9aee0b46fc467676b944fe645d3436d590264a4d7	4b002246fa60727abaafd237f3ec0b640096fdbed519c1871ccf8b0b6f7d505f	45b947df33e32c44bf48db770e019f2e221283a7fe42d30cb7e724b6bdd55577	7f2e710b5ca7399c	-	{motive : Minidregg.Kernel.ObjectiveActivityReceiver.Reject → Sort u} → (t : Minidregg.Kernel.ObjectiveActivityReceiver.Reject) → t.ctorIdx = 15 → ((reason : Minidregg.Compiler.CredentialSignatureAdmission.Reject) → motive (Minidregg.Kernel.ObjectiveActivityReceiver.Reject.signature reason)) → motive t
ctor	Minidregg.Kernel.ObjectiveActivityReceiver.Reject.staleAuthority	23a23fbe7489513692eb645fa88e659ae751b2dae40dd27575f358d4b8cf779a	024513b08f1fed6f2185d3da64e2933ebdea2b54dab06582729e6be2dff62303	57678ea286f11854e215d94e36e9ca3bb4126e9c5d8a8440aca03f83ae1e4f83	8b402e33f47b924c		Minidregg.Kernel.ObjectiveActivityReceiver.Reject
def	Minidregg.Kernel.ObjectiveActivityReceiver.Reject.staleAuthority.elim	67da59f14112470ebec34ac9991861bb90b946921e5cb3a366eb703e03260b41	273618e5a00b9ffcbc82e4de3722ac8f8743b1e7cbb8113bdd3b5c9778cd67d0	a46da68c83ab2d56199161ec389edbbda44421d73ed4b8ee6c09e73b36bda19a	a336eb3bb5794d06	-	{motive : Minidregg.Kernel.ObjectiveActivityReceiver.Reject → Sort u} → (t : Minidregg.Kernel.ObjectiveActivityReceiver.Reject) → t.ctorIdx = 3 → motive Minidregg.Kernel.ObjectiveActivityReceiver.Reject.staleAuthority → motive t
ctor	Minidregg.Kernel.ObjectiveActivityReceiver.Reject.staleAwait	95f96921b4cbcde3026a0444d4e440d62ffe76fd4cf107907f4ca50f072b8122	024513b08f1fed6f2185d3da64e2933ebdea2b54dab06582729e6be2dff62303	cd7e11cff29ff3de70c5bf2f506d25a9b762fe3285ecbebaf35665b668d035b0	b61398f59c3bd35b		Minidregg.Kernel.ObjectiveActivityReceiver.Reject
def	Minidregg.Kernel.ObjectiveActivityReceiver.Reject.staleAwait.elim	ac2f23ea0789584decaa638931eeb9cad5a1788c3c0c859165b98dee2a070736	5c027f62a172521cf03e2587287d514797af3752666198a29abf52da08566d6c	eb9df03fee420f9bec11fbe8e552d76792c4cc93e4d322bc4c6575714d75b0a6	5b22ee931982bcf2	-	{motive : Minidregg.Kernel.ObjectiveActivityReceiver.Reject → Sort u} → (t : Minidregg.Kernel.ObjectiveActivityReceiver.Reject) → t.ctorIdx = 11 → motive Minidregg.Kernel.ObjectiveActivityReceiver.Reject.staleAwait → motive t
inductive	Minidregg.Kernel.ObjectiveActivityReceiver.Replayed	6e5134c25f267490b80953ce84d2073db67cb8e1121b9a2b4ac4ace9cfed261e	16946b93ac38405660f51e475eb5aa7d25b54f5e5677e0f6a10a4526cc071cbf	3731c3719426d47ff1342d3d843b2dc1ccb7a093dd57075ae0357ad41efe6de3	3d4f169f700ad8cc		Type
ctor	Minidregg.Kernel.ObjectiveActivityReceiver.Replayed.exact	488c9f7e8645d97af8f0f9ecb8db2e2b80b88c1c29ade00c0c99da950b270711	e6abe03075ab88c6211ff9e3ddeb26e2bbb07de870f6a7d806368006e9062c42	43752b3402920744cbccf76152b8f6eb53c69e957897beb13a63c55ccb3d93d5	5dc8ac54fa4c679d		Minidregg.Kernel.ObjectiveActivityReceiver.Receipt → Minidregg.Kernel.ObjectiveActivityReceiver.Replayed
def	Minidregg.Kernel.ObjectiveActivityReceiver.Replayed.exact.elim	8862fe31b1cfb8dfd6ade3a3fd3ef3e21bf8496f32faf21dc37abb5fead609d7	5434b76f9b1b2da7018993bd4727f2725aa9eec77d1342c8673f260debbc0e9d	f1599b5f066da9730c12e2222f6ae6fd9aefc7d1a567625a8e739d424ce12ea1	220f840099955bd5	-	{motive : Minidregg.Kernel.ObjectiveActivityReceiver.Replayed → Sort u} → (t : Minidregg.Kernel.ObjectiveActivityReceiver.Replayed) → t.ctorIdx = 0 → ((receipt : Minidregg.Kernel.ObjectiveActivityReceiver.Receipt) → motive (Minidregg.Kernel.ObjectiveActivityReceiver.Replayed.exact receipt)) → motive t
ctor	Minidregg.Kernel.ObjectiveActivityReceiver.Replayed.retry	4490a0b4175092e1c1000fc66d20680aed161cc654de49c6e7774ccddd03f67c	e6abe03075ab88c6211ff9e3ddeb26e2bbb07de870f6a7d806368006e9062c42	af4f21c9b21da6bd85b43eb9324b150c9bdce74f8e3535272519a216bd082f3e	a13fe069752abe7a		Minidregg.Kernel.ObjectiveActivityReceiver.Receipt → Minidregg.Kernel.ObjectiveActivityReceiver.Replayed
def	Minidregg.Kernel.ObjectiveActivityReceiver.Replayed.retry.elim	1ebda9fd531481aeb7062c672f7cd30aff5cfebd207f74c10969ad3336e3d904	96e1c8d453e5cbbda3a59cf369780c1c26f45abafba86b9b9caa857ce32981f4	d658e82b8580ec1395d38614f017c8f9896d682167ad1dacb392b36410adcf34	c09a271a410ef9a6	-	{motive : Minidregg.Kernel.ObjectiveActivityReceiver.Replayed → Sort u} → (t : Minidregg.Kernel.ObjectiveActivityReceiver.Replayed) → t.ctorIdx = 1 → ((receipt : Minidregg.Kernel.ObjectiveActivityReceiver.Receipt) → motive (Minidregg.Kernel.ObjectiveActivityReceiver.Replayed.retry receipt)) → motive t
inductive	Minidregg.Kernel.ObjectiveActivityReceiver.Result	2ca0057e6f1ac14605aa7e4f53111a5f7433ffce6304971f30947748c7e4d974	16946b93ac38405660f51e475eb5aa7d25b54f5e5677e0f6a10a4526cc071cbf	d4a6eb8cd6e7cc7388f86c43e2a4cd0b8e46344c8a4227eb77d4f665e255ab2b	5645f715706c9d20		Type
ctor	Minidregg.Kernel.ObjectiveActivityReceiver.Result.charged	205261aa2c39ee9cbfcb3271009e1929c2240ff8c8f4513499d03ffc88ed85cb	c7a2c0ff88ec39724b0a14fbddfa0246a9fd058efe3b5206667ba0b9f094e426	87d7dc006f59119c8787c36ff7d0251cea194fafd3d07737016c2a5bbc9bd83c	ad8d2cc6ebf6869a		Minidregg.Compiler.DurableReceiverIO.Confirmation → Minidregg.Kernel.ObjectiveActivityReceiver.Receipt → Minidregg.Kernel.ObjectiveActivityReceiver.Reject → Minidregg.Kernel.ObjectiveActivityReceiver.Result
def	Minidregg.Kernel.ObjectiveActivityReceiver.Result.charged.elim	fc5e5c15f2e89ff68f590925f5b046d60b4cf970647416f95e615c0faa2902f8	5e1145bf77f26c8ac270ca766f7a76508f82f878bb9d28d3e3493fbbfa7fb158	46ff0ec6ad72dfffcf434059890d41d2cdb3c8fa93427777ea80e2f3a65101a2	99a9605bff3361e7	-	{motive : Minidregg.Kernel.ObjectiveActivityReceiver.Result → Sort u} → (t : Minidregg.Kernel.ObjectiveActivityReceiver.Result) → t.ctorIdx = 1 → ((kind : Minidregg.Compiler.DurableReceiverIO.Confirmation) → (receipt : Minidregg.Kernel.ObjectiveActivityReceiver.Receipt) → (cause : Minidregg.Kernel.ObjectiveActivityReceiver.Reject) → motive (Minidregg.Kernel.ObjectiveActivityReceiver.Result.charged kind receipt cause)) → motive t
ctor	Minidregg.Kernel.ObjectiveActivityReceiver.Result.confirmed	fe0bb425a7fed8de53fc4b420c719904edeaff2bb7af2cd0e696a08395126024	437fc2c73652b48b9701ad6fd984b8b06fa51c6451cda43db7b4952a781d4b66	bb79d013831852a7b898821b9decfd3910bf5159def9d0d278f7a57f86653144	fbe2d30d80663740		Minidregg.Compiler.DurableReceiverIO.Confirmation → Minidregg.Kernel.ObjectiveActivityReceiver.Receipt → Minidregg.Kernel.ObjectiveActivityReceiver.Result
def	Minidregg.Kernel.ObjectiveActivityReceiver.Result.confirmed.elim	7dcf78d3451713cb0b775d46d9132f76519dc1000de9b4d34ccefc907e0f4066	b71fd9e4d3d6a45acb1029b2015e5df5393b34bb79713d238b943420b814a8b9	86e72bf645cc673724429154dfc5df8a6630d7206272e235106af740458596d4	d12da10e3ff17705	-	{motive : Minidregg.Kernel.ObjectiveActivityReceiver.Result → Sort u} → (t : Minidregg.Kernel.ObjectiveActivityReceiver.Result) → t.ctorIdx = 0 → ((kind : Minidregg.Compiler.DurableReceiverIO.Confirmation) → (receipt : Minidregg.Kernel.ObjectiveActivityReceiver.Receipt) → motive (Minidregg.Kernel.ObjectiveActivityReceiver.Result.confirmed kind receipt)) → motive t
ctor	Minidregg.Kernel.ObjectiveActivityReceiver.Result.contention	b4b366ddfdd52b9f8ff5b84cb18a114b12780f600d1225d34a1ceab1707da3b9	8f9c654a16c31380d42e6d7cbd171e3d9be04aabba977cd2b91aef8a2a611c4f	287035ef464bdc9451465759e6509fd804207a77c531343d973586a93b5f9506	dd501719504951a8		Minidregg.Kernel.ObjectiveActivityReceiver.Result
def	Minidregg.Kernel.ObjectiveActivityReceiver.Result.contention.elim	2aa0ea2296e59588099fb1383ab5f39c8a2fadd099ba13c39729659fa9b27f41	c0d8bc9530ec10885602f36e0b8fe8a2b637709739be5132951edb724d29f481	45ed2205a7a35daf4cb3633f30160b9bc89eb6feb1a1d65aacb309007a4515c8	8f50d197a428f8be	-	{motive : Minidregg.Kernel.ObjectiveActivityReceiver.Result → Sort u} → (t : Minidregg.Kernel.ObjectiveActivityReceiver.Result) → t.ctorIdx = 5 → motive Minidregg.Kernel.ObjectiveActivityReceiver.Result.contention → motive t
ctor	Minidregg.Kernel.ObjectiveActivityReceiver.Result.durableRejected	14a0dbb10ff119a66908bf7c579a7180e96f570629c4eae84a3454a5549c6a2f	414b2ee4dfc88061e44cef598e3cb90b28e4f0477260983f03d5605ed4e045b4	a751e9b1d41402788c7bf35d3165e0c84931c5e2ffc898f42f7e9accb44da45b	04be9340441ffdad		Minidregg.Kernel.DurableDataIntent.RejectReason → Minidregg.Kernel.ObjectiveActivityReceiver.Result
def	Minidregg.Kernel.ObjectiveActivityReceiver.Result.durableRejected.elim	ccf1be85278c6e2088e74db8c61ab234453d1049af380bb180091e5219dff645	4bea8da2d377fe65a0d8f6f1e9836256774e86e0b6387eef3315956d839b8260	a13d90dbb3aefc3b68c588a3591fd9c8cbd775c03814206395c468fe646a2ba4	59043fc1b90820a0	-	{motive : Minidregg.Kernel.ObjectiveActivityReceiver.Result → Sort u} → (t : Minidregg.Kernel.ObjectiveActivityReceiver.Result) → t.ctorIdx = 4 → ((reason : Minidregg.Kernel.DurableDataIntent.RejectReason) → motive (Minidregg.Kernel.ObjectiveActivityReceiver.Result.durableRejected reason)) → motive t
ctor	Minidregg.Kernel.ObjectiveActivityReceiver.Result.rejected	46ae29d98de2a9837bb45865f43db1a73bf29cd17f6146258fc92d9196bf23a4	8db821a73a9e408c7fa1cb4e065a12b7157a9558e936d432bdd26c12a82a5f23	8cb460660862d7cbc686353bd96c32ef614328a4bad300dba0327b828cd8fb07	1815defc00792d47		Minidregg.Kernel.ObjectiveActivityReceiver.Reject → Minidregg.Kernel.ObjectiveActivityReceiver.Result
def	Minidregg.Kernel.ObjectiveActivityReceiver.Result.rejected.elim	9fb6b93d6907a14c91a5718721a51ef875caca0a5401c2e79cd4b5fd04c1b75a	771eb651669c99054c26e83780fbb65cef2be876178f085993d5902a1fa45bcb	7d1a205a2b6acade4bbef3ec176989892226caa5759005d6d2388edf3b340fa3	221a3e66a63fa01c	-	{motive : Minidregg.Kernel.ObjectiveActivityReceiver.Result → Sort u} → (t : Minidregg.Kernel.ObjectiveActivityReceiver.Result) → t.ctorIdx = 2 → ((reason : Minidregg.Kernel.ObjectiveActivityReceiver.Reject) → motive (Minidregg.Kernel.ObjectiveActivityReceiver.Result.rejected reason)) → motive t
ctor	Minidregg.Kernel.ObjectiveActivityReceiver.Result.transactionConflict	aa2bd994f7317f26bf704422b9ccb56d973aa9ed5b026ed91d7ea19393bf2b4e	8f9c654a16c31380d42e6d7cbd171e3d9be04aabba977cd2b91aef8a2a611c4f	d8792cd0e9198efe5e61473d483e16b916025726d718530714364854a00f5640	d72015635c71c3ad		Minidregg.Kernel.ObjectiveActivityReceiver.Result
def	Minidregg.Kernel.ObjectiveActivityReceiver.Result.transactionConflict.elim	975a79c73a8ae5851696650003fd9d2b42ba12b6abb170f82d398f456f700b78	ac11ec44732856faec182028ddad571c783110e82a64b0e18cff16b2d1cc0f0f	0d1ed1415649743d2dfbdd2eecfec4ceb124e21efab40aa625d4f0a8c67c614a	2b7652991fb18905	-	{motive : Minidregg.Kernel.ObjectiveActivityReceiver.Result → Sort u} → (t : Minidregg.Kernel.ObjectiveActivityReceiver.Result) → t.ctorIdx = 3 → motive Minidregg.Kernel.ObjectiveActivityReceiver.Result.transactionConflict → motive t
ctor	Minidregg.Kernel.ObjectiveActivityReceiver.Result.unavailable	f26e4cfecfd40682e0b7b96ecdc63af82913ba5e2b88cbafa17e6be10e63ef16	c48c2216c7e66165f4b0bb438c7e0110ddb3c6ef29679bebdf609e773e1e0079	a57e93abcf32284fb96a70cd763225f8e996a171bfa473475f7edbe0592c823b	0d895a79809a736d		String → Minidregg.Kernel.ObjectiveActivityReceiver.Result
def	Minidregg.Kernel.ObjectiveActivityReceiver.Result.unavailable.elim	a922a743a56f2ce6b4241f696cc0d9063d9049b12ee4e53f992c3155f0533d14	75d51a2363e00a49c38cc8b52a70ad44f7dfedd37d491688bc9dd92524a33a7e	085079fbeafeecc714d9b90b311dfb91f80b50188a317f506577821840643990	704730b15978e770	-	{motive : Minidregg.Kernel.ObjectiveActivityReceiver.Result → Sort u} → (t : Minidregg.Kernel.ObjectiveActivityReceiver.Result) → t.ctorIdx = 6 → ((detail : String) → motive (Minidregg.Kernel.ObjectiveActivityReceiver.Result.unavailable detail)) → motive t
ctor	Minidregg.Kernel.ObjectiveActivityReceiver.Result.uncertain	cca500fe61ed985ca0313934636ab81a8b34d041a37071f242c7964b3d9ccbbb	c48c2216c7e66165f4b0bb438c7e0110ddb3c6ef29679bebdf609e773e1e0079	3570b7e0c51debbce70c77c7d9880d75b0616b139f968820255c966c6b4b7255	6a1532c66116c4e4		String → Minidregg.Kernel.ObjectiveActivityReceiver.Result
def	Minidregg.Kernel.ObjectiveActivityReceiver.Result.uncertain.elim	ab5536bfb0aaf21877a3cff197f4931c53eb8d3ceab0de2ef1c242376ef9ad56	54dd170d448304652870b9f50f64fa75e9cb022ea9b558908011e4d78a8bde77	d5f1009b94b4d2088e3b47792a0d25146875f6db63a47fb5e6895c194a33adea	8a2de2dd11499b72	-	{motive : Minidregg.Kernel.ObjectiveActivityReceiver.Result → Sort u} → (t : Minidregg.Kernel.ObjectiveActivityReceiver.Result) → t.ctorIdx = 7 → ((detail : String) → motive (Minidregg.Kernel.ObjectiveActivityReceiver.Result.uncertain detail)) → motive t
inductive	Minidregg.Kernel.ObjectiveActivityReceiver.SigningPlan	4b7a2c0f23fa329cc43164aa4a36ec6da063d953365410a8659df094fd73cb07	16946b93ac38405660f51e475eb5aa7d25b54f5e5677e0f6a10a4526cc071cbf	c933d41606a2d9136bca3e7e27a0b019d16bacb9479233f020874cf91d688bae	cc08eeb1057caffb		Type
def	Minidregg.Kernel.ObjectiveActivityReceiver.SigningPlan.commandBytes	71687e48cb46727f9ab4d3a0db2906feef9ea5f343614d5591754838286c4a6e	449be4b8c32fef38fedf17c9ee3ad8ccbb4f5c42d4bb7227c690946af0755583	772b13ceaf5ee687c7f334ac0cc7321c0b35133ccd4f0a239a0681a03c208af0	d17d9ce4e5b26304	-	Minidregg.Kernel.ObjectiveActivityReceiver.SigningPlan → List UInt8
def	Minidregg.Kernel.ObjectiveActivityReceiver.SigningPlan.domain	7e25f989d9f40f5773ff56d028d2ed2aa4f7248b7ba43411b58ae6801640eb50	2d1eff744e1316035ea7d330dd1f9fcdd0ef764e11cac07a97a3847ab8da803d	8971fc152129dfb2cba62f1d8156cace132375ae22abf3b3fb9f0463334227ec	36fec6a938ca6400	-	Minidregg.Kernel.ObjectiveActivityReceiver.SigningPlan → Minidregg.Theory.TypedAuthorization.Digest
def	Minidregg.Kernel.ObjectiveActivityReceiver.SigningPlan.frontEnd	81a8b37deb06de155ab339fcd58f39ed9628418d5302089fc5e599b4d90ba4cb	922cf95fbc783f06083922bd2d279eb25fabd9883d9f9f4664b67f18d54ead53	38ac5f905fefeb98b7f2927ed0d33a3554d399d746ba874ab6f0cea5a2bd4896	d5be1f88bb3ad00e	-	Minidregg.Kernel.ObjectiveActivityReceiver.SigningPlan → Minidregg.Kernel.ObjectiveCall.FrontEnd
def	Minidregg.Kernel.ObjectiveActivityReceiver.SigningPlan.header	c889c1a08d415c2754b47b3e41567c0c22f040ecb21fea7a617f4e506c89ae2f	449be4b8c32fef38fedf17c9ee3ad8ccbb4f5c42d4bb7227c690946af0755583	aefbd05082703f70340349c44625025ba47f3595595a647838076e33cf347347	5f28d3b2110b7b22	-	Minidregg.Kernel.ObjectiveActivityReceiver.SigningPlan → List UInt8
ctor	Minidregg.Kernel.ObjectiveActivityReceiver.SigningPlan.mk	e63ae719dc6de349fc2034eed2697cf2dde4c14c1e27c3aa87c8cd5507ace089	98230db43bfedb3f053d1f396d560bc117dbec1e63a7520893bd3f86338d6f19	8911da9d0abe72251c84b41714c1f1373f71299aebd6542f312499e651e28db2	1556d314790d2b07		Minidregg.Theory.TypedAuthorization.Digest → Minidregg.Theory.TypedAuthorization.Digest → List UInt8 → List UInt8 → List UInt8 → Minidregg.Theory.TypedAuthorization.Digest → List UInt8 → Minidregg.Kernel.ObjectiveCall.FrontEnd → Minidregg.Kernel.ObjectiveActivityReceiver.SigningPlan
def	Minidregg.Kernel.ObjectiveActivityReceiver.SigningPlan.outcome	07cdd4906617b04e816857a6a677ad89bf585e64d9284aba599f55d2edfa0de6	2d1eff744e1316035ea7d330dd1f9fcdd0ef764e11cac07a97a3847ab8da803d	9df4bd4d071aab53c1a2d5fb991a29151c07e2ab7236fc2ca10bcf95f1a45f7f	369f9474219ff46e	-	Minidregg.Kernel.ObjectiveActivityReceiver.SigningPlan → Minidregg.Theory.TypedAuthorization.Digest
def	Minidregg.Kernel.ObjectiveActivityReceiver.SigningPlan.report	0fff0d6860998c211a1832e7276313980a1fb600838d69cee3f90c261357df21	449be4b8c32fef38fedf17c9ee3ad8ccbb4f5c42d4bb7227c690946af0755583	d83ab9a15a3782a6b175d33a666f329b8d284c50012b8a8519171c1e9f47023e	a976a8228d2d896b	-	Minidregg.Kernel.ObjectiveActivityReceiver.SigningPlan → List UInt8
def	Minidregg.Kernel.ObjectiveActivityReceiver.SigningPlan.semantics	e5d4970d072e9ed8fc05e6813d5fbf752892f15f9f543d3d7a4840eef1f65500	2d1eff744e1316035ea7d330dd1f9fcdd0ef764e11cac07a97a3847ab8da803d	07fc82b394892605d280a8ea89fd7afa3da5f6c20857fc7168da07512ef9a630	d5ec468bf8027ac8	-	Minidregg.Kernel.ObjectiveActivityReceiver.SigningPlan → Minidregg.Theory.TypedAuthorization.Digest
def	Minidregg.Kernel.ObjectiveActivityReceiver.SigningPlan.verdict	4d110ac086f1381a5153d16c77e4207345d4eb7047129250f07a43cfcd87c3a2	449be4b8c32fef38fedf17c9ee3ad8ccbb4f5c42d4bb7227c690946af0755583	3ce4559a2438bbe2f1644d00e33ac7fefbc4cb9b90b8a97b97deb679690d903f	d0c3874746cab9ea	-	Minidregg.Kernel.ObjectiveActivityReceiver.SigningPlan → List UInt8
def	Minidregg.Kernel.ObjectiveActivityReceiver.Snapshot	f767085dc3074b96aa2a23c578b76b9a1616f36a5152f18582738e4627a97cd3	89855d392aa192071e8a2b2230d30ecae8fc9de0c15fa6a53f6209226829292a	cd4c09613eddacbb3ce7850650c82501161da782822ed8492840c44a199a99db	f046ec6127898f26	Classical.choice,Quot.sound,propext	Type
inductive	Minidregg.Kernel.ObjectiveActivityReceiver.Turn	156285a841493cb2243899281b1b917476fba66a03085bfc4ea058407a9a877c	16946b93ac38405660f51e475eb5aa7d25b54f5e5677e0f6a10a4526cc071cbf	9141df78b5ccb9a8a79c4c33e7cdc3aee2806588dc642c1366e3ba23cb4b2231	5c9c4e084b6a539b		Type
ctor	Minidregg.Kernel.ObjectiveActivityReceiver.Turn.abandon	2f0c26bb931e7f86bb0178070000644fbb1b96e261e6e67fe0f08a22b6030c70	674316e224228bf8cdd33187043bee7bf3151ded86ac940e1ca81b6f9c6013fd	4f184055880bb7280d9cb5bb30097c54e4ab774589415ced33fa03e7eee82b74	8b0e8a6de0da9350		Minidregg.Theory.TypedAuthorization.Digest → Minidregg.Theory.TypedAuthorization.Digest → Minidregg.Kernel.ObjectiveActivityReceiver.Turn
def	Minidregg.Kernel.ObjectiveActivityReceiver.Turn.abandon.elim	038ba44f10ecbf915a04edff5250cdd8762ab1a6a6fe434a21e3310f5d7df2ef	82429c03cfc57694e5503545e4763f11d7f5d3485f3f9835d89364a9e92fc4c4	e3f6406e5066a350d27d0be648796e6f1e3a634b5faf6e55d130d1a6fb9961ea	9167e78659e2807c	-	{motive : Minidregg.Kernel.ObjectiveActivityReceiver.Turn → Sort u} → (t : Minidregg.Kernel.ObjectiveActivityReceiver.Turn) → t.ctorIdx = 7 → ((record await : Minidregg.Theory.TypedAuthorization.Digest) → motive (Minidregg.Kernel.ObjectiveActivityReceiver.Turn.abandon record await)) → motive t
ctor	Minidregg.Kernel.ObjectiveActivityReceiver.Turn.abortDrained	fd929771bd0df31ff76406d5397005f229c959195922faeba31a62e0f3e926dd	7c0f1922db9d84232ef26c37b130b91003d876ea96e61e4dcdc05cc83e97e343	ae19e857deaec813b5a977f0b0ec406b604d9cdb19d67b1edd18cc9a4c6392cc	ab01e513948f0c44		Minidregg.Theory.TypedAuthorization.Digest → Minidregg.Theory.TypedAuthorization.Digest → Minidregg.Compiler.ObjectiveInvocationClaim.Capacity → ℕ → Minidregg.Theory.TypedAuthorization.CapabilityId → Minidregg.Kernel.ObjectiveActivityReceiver.Turn
def	Minidregg.Kernel.ObjectiveActivityReceiver.Turn.abortDrained.elim	8efc1487cb20d7f599aa58480b289f35153fce05604b04efbc56bd64ad8a3ddd	3a04710abea396c8f8fb75914c6aa317c3e4264e56c368b6d24190a58e147cdf	31cc8fb137d967a6fc5ed3c4666b3aa68306bcb34c85f2ceb79a8e89c4471193	471ca458641a391a	-	{motive : Minidregg.Kernel.ObjectiveActivityReceiver.Turn → Sort u} → (t : Minidregg.Kernel.ObjectiveActivityReceiver.Turn) → t.ctorIdx = 12 → ((record await : Minidregg.Theory.TypedAuthorization.Digest) → (extra : Minidregg.Compiler.ObjectiveInvocationClaim.Capacity) → (account : ℕ) → (accountCapability : Minidregg.Theory.TypedAuthorization.CapabilityId) → motive (Minidregg.Kernel.ObjectiveActivityReceiver.Turn.abortDrained record await extra account accountCapability)) → motive t
ctor	Minidregg.Kernel.ObjectiveActivityReceiver.Turn.adopt	91c76adb5e37aa544b1c7111f4791651dcadd0e88b7eec809a081b0f8c3a3791	72f72cd99ba3eeb120a88dd4066a3415bd70d0009f33a357a25309a48fcb3146	8b24b370650a181baa4f57822d8319255bbcfe0bbf10dae1ba5cb5ee8abbad22	72e062159c95aa28		ℕ → Minidregg.Theory.TypedAuthorization.CapabilityId → Minidregg.Theory.TypedAuthorization.Digest → Minidregg.Theory.ObjectiveBendTypes.Ty → Option String → List String → Minidregg.Pred.Pred → Minidregg.Kernel.ObjectRecord.UpgradePolicy → List Minidregg.Theory.TypedAuthorization.Digest → Minidregg.Compiler.ObjectiveInvocationClaim.Capacity → ℕ → ℕ → Minidregg.Theory.TypedAuthorization.CapabilityId → Minidregg.Kernel.ObjectiveActivityReceiver.Turn
def	Minidregg.Kernel.ObjectiveActivityReceiver.Turn.adopt.elim	e55b31de438971050d0212aa00d495602f69374552304c082797c1802b790619	ea86206882f784c75a493b51a526a550ca036ba668b7e9e0788a3122c08581ee	713cafe307cab3ee471754ee35cf9c2c25621d2a438344907295bd8ec817814f	23863bdd04c595e9	-	{motive : Minidregg.Kernel.ObjectiveActivityReceiver.Turn → Sort u} → (t : Minidregg.Kernel.ObjectiveActivityReceiver.Turn) → t.ctorIdx = 10 → ((object : ℕ) → (objectCapability : Minidregg.Theory.TypedAuthorization.CapabilityId) → (pin : Minidregg.Theory.TypedAuthorization.Digest) → (stateType : Minidregg.Theory.ObjectiveBendTypes.Ty) → (migration : Option String) → (dropped : List String) → (law : Minidregg.Pred.Pred) → (upgrade : Minidregg.Kernel.ObjectRecord.UpgradePolicy) → (rebirth : List Minidregg.Theory.TypedAuthorization.Digest) → (envelope : Minidregg.Compiler.ObjectiveInvocationClaim.Capacity) → (patience account : ℕ) → (accountCapability : Minidregg.Theory.TypedAuthorization.CapabilityId) → motive (Minidregg.Kernel.ObjectiveActivityReceiver.Turn.adopt object objectCapability pin stateType migration dropped law upgrade rebirth envelope patience account accountCapability)) → motive t
ctor	Minidregg.Kernel.ObjectiveActivityReceiver.Turn.birth	d75e9bfcdf73baaaf9b72fc529685a724d1ce3f8cdc76002b94248f3e38fbc4d	3c865518b2d0d69fa32b5ea8624ab979a935e196917893e8a7e5dfd528ac6bcc	ddff60a8cfe768e9eded2b76480db039cffacd4347418b384c3c6a1bddd47e26	1cfef9940dcf75dc		ℕ → Minidregg.Theory.TypedAuthorization.CapabilityId → ℕ → Minidregg.Theory.TypedAuthorization.CapabilityId → Minidregg.Theory.TypedAuthorization.Digest → List UInt8 → Minidregg.Compiler.ObjectiveInvocationClaim.Capacity → Minidregg.Compiler.ObjectiveInvocationClaim.Capacity → Minidregg.Compiler.ObjectiveInvocationClaim.Capacity → ℕ → Minidregg.Kernel.ObjectiveActivityReceiver.Turn
def	Minidregg.Kernel.ObjectiveActivityReceiver.Turn.birth.elim	4f4874705b4fce2a86ac8737968d7980ec808f830ca6f41109c10b62680aadca	509067ed29e1175833416f5332261f7a507f022bc2360ae1acba0424dce9a318	c1262973a6fdecfeb71af40337850bb38474fc69a9fd198c3d3432e5b16b7e3e	168a33976c83682c	-	{motive : Minidregg.Kernel.ObjectiveActivityReceiver.Turn → Sort u} → (t : Minidregg.Kernel.ObjectiveActivityReceiver.Turn) → t.ctorIdx = 2 → ((object : ℕ) → (objectCapability : Minidregg.Theory.TypedAuthorization.CapabilityId) → (account : ℕ) → (accountCapability : Minidregg.Theory.TypedAuthorization.CapabilityId) → (pin : Minidregg.Theory.TypedAuthorization.Digest) → (input : List UInt8) → (envelope resume timeout : Minidregg.Compiler.ObjectiveInvocationClaim.Capacity) → (deposit : ℕ) → motive (Minidregg.Kernel.ObjectiveActivityReceiver.Turn.birth object objectCapability account accountCapability pin input envelope resume timeout deposit)) → motive t
ctor	Minidregg.Kernel.ObjectiveActivityReceiver.Turn.create	b60ebdd36a209457470d1584301d63f42bf0fccd1776a404c43781ede1da2f30	419f260533b9f49f109da46dc6cd3094defe007b1912d03b0e697b219a995346	e013b430e907841f43adcff66120992a2877baf3e349592ce0afddc74e5d7b22	cdbd7760e7fa1e6a		ℕ → Minidregg.Theory.TypedAuthorization.CapabilityId → Minidregg.Theory.TypedAuthorization.Digest → Minidregg.Theory.ObjectiveBendTypes.Ty → Minidregg.Pred.Pred → Minidregg.Kernel.ObjectRecord.UpgradePolicy → Option (List UInt8) → ℕ → Minidregg.Theory.TypedAuthorization.CapabilityId → Minidregg.Kernel.ObjectiveActivityReceiver.Turn
def	Minidregg.Kernel.ObjectiveActivityReceiver.Turn.create.elim	71b9b449a7a8d74886134fe717b9776ce076f12846bb557570cbb0df6428026d	0fdbbf8ed526d30e6f1d42317e4566f0530bc89cb9a7b3ff55f4b8b89dba8aa0	b2631669e70b7b7b78e89029ae8cc0eb0e697fc95947bcd44582d1eaab0c4608	73430ee4507fc905	-	{motive : Minidregg.Kernel.ObjectiveActivityReceiver.Turn → Sort u} → (t : Minidregg.Kernel.ObjectiveActivityReceiver.Turn) → t.ctorIdx = 1 → ((object : ℕ) → (objectCapability : Minidregg.Theory.TypedAuthorization.CapabilityId) → (pin : Minidregg.Theory.TypedAuthorization.Digest) → (stateType : Minidregg.Theory.ObjectiveBendTypes.Ty) → (law : Minidregg.Pred.Pred) → (upgrade : Minidregg.Kernel.ObjectRecord.UpgradePolicy) → (seed : Option (List UInt8)) → (payer : ℕ) → (payerCapability : Minidregg.Theory.TypedAuthorization.CapabilityId) → motive (Minidregg.Kernel.ObjectiveActivityReceiver.Turn.create object objectCapability pin stateType law upgrade seed payer payerCapability)) → motive t
ctor	Minidregg.Kernel.ObjectiveActivityReceiver.Turn.deliver	17c3997f823cc2fa31bac1938c716dc5c0ae41d5bd05221da01bbc2fbcb5a0be	7c0f1922db9d84232ef26c37b130b91003d876ea96e61e4dcdc05cc83e97e343	69447bac6a7a5ffbca65f79ebd10ac2bed930fc443b87e588658faa2370ec19d	b883abcd1f83ac92		Minidregg.Theory.TypedAuthorization.Digest → Minidregg.Theory.TypedAuthorization.Digest → Minidregg.Compiler.ObjectiveInvocationClaim.Capacity → ℕ → Minidregg.Theory.TypedAuthorization.CapabilityId → Minidregg.Kernel.ObjectiveActivityReceiver.Turn
def	Minidregg.Kernel.ObjectiveActivityReceiver.Turn.deliver.elim	1f4833e0e6bbf7855ffc1465e56213fe2e8985959b08a311b6be8ffb5c4821f1	66a5ab87d5924fc4495d5bd3f305ece0d49e7717140b0065c04073c84a8a65d9	707f73675eb12a39ff99a88275da12dc649cb52bad64778c3e7f9b74e1ec72f4	5468dad283625349	-	{motive : Minidregg.Kernel.ObjectiveActivityReceiver.Turn → Sort u} → (t : Minidregg.Kernel.ObjectiveActivityReceiver.Turn) → t.ctorIdx = 4 → ((record await : Minidregg.Theory.TypedAuthorization.Digest) → (extra : Minidregg.Compiler.ObjectiveInvocationClaim.Capacity) → (account : ℕ) → (accountCapability : Minidregg.Theory.TypedAuthorization.CapabilityId) → motive (Minidregg.Kernel.ObjectiveActivityReceiver.Turn.deliver record await extra account accountCapability)) → motive t
ctor	Minidregg.Kernel.ObjectiveActivityReceiver.Turn.deliverMessage	5f505c5e3034ab180a44767a82fc084c5327eba6fee61324de1d0c4dcf8977bb	558b2f4cccc9f100e720596f86099d7de3196261e5c7179b4a378aa6004866a2	aba766a82e0a9ccca82c2181a6deecd24a84b0b3ba574980767c91c646ffb155	a9404afe4153efb7		ℕ → ℕ → Minidregg.Theory.TypedAuthorization.Digest → Minidregg.Kernel.ObjectiveActivityReceiver.Turn
def	Minidregg.Kernel.ObjectiveActivityReceiver.Turn.deliverMessage.elim	56a6b41cb122ec6e644a879a2e7c1ebfa44cb20d827544269589c8e5a2eaec93	0f5b2da0e418ff6784ca759972472d1625d4fcf0c35be5ec557a1f330b45ccd2	77af94fb48b4d987e2cd46748fbdaf99a17a5e15bf0add79239fe91900f64709	17f49ffaba112bf7	-	{motive : Minidregg.Kernel.ObjectiveActivityReceiver.Turn → Sort u} → (t : Minidregg.Kernel.ObjectiveActivityReceiver.Turn) → t.ctorIdx = 9 → ((sender target : ℕ) → (message : Minidregg.Theory.TypedAuthorization.Digest) → motive (Minidregg.Kernel.ObjectiveActivityReceiver.Turn.deliverMessage sender target message)) → motive t
ctor	Minidregg.Kernel.ObjectiveActivityReceiver.Turn.exhaust	e35fc5fbcd9290262ef3d7573c29fd87672216389c2a7397f611974a3ca4f548	7c0f1922db9d84232ef26c37b130b91003d876ea96e61e4dcdc05cc83e97e343	c59f07516d4cd1eb1d8934d26e8e4850254526227201a8705738a947283b552e	c1de4c5ba3d80ba3		Minidregg.Theory.TypedAuthorization.Digest → Minidregg.Theory.TypedAuthorization.Digest → Minidregg.Compiler.ObjectiveInvocationClaim.Capacity → ℕ → Minidregg.Theory.TypedAuthorization.CapabilityId → Minidregg.Kernel.ObjectiveActivityReceiver.Turn
def	Minidregg.Kernel.ObjectiveActivityReceiver.Turn.exhaust.elim	2726fca0483bca4cec9bdd8cbdb8582a0e22ee5ecbd14320f4e32a59e53360c9	007655b9d3f8573e9f5710d0e74d45fc1c84753b5e05a23ed324335b1598c245	cad4744cd9c848e4f99e13c0b7cd6be8bc5820c6da2fe9e5f917189b5e3ef07a	10bc782815d8667b	-	{motive : Minidregg.Kernel.ObjectiveActivityReceiver.Turn → Sort u} → (t : Minidregg.Kernel.ObjectiveActivityReceiver.Turn) → t.ctorIdx = 6 → ((record await : Minidregg.Theory.TypedAuthorization.Digest) → (extra : Minidregg.Compiler.ObjectiveInvocationClaim.Capacity) → (account : ℕ) → (accountCapability : Minidregg.Theory.TypedAuthorization.CapabilityId) → motive (Minidregg.Kernel.ObjectiveActivityReceiver.Turn.exhaust record await extra account accountCapability)) → motive t
ctor	Minidregg.Kernel.ObjectiveActivityReceiver.Turn.invoke	2b2a9cdb1aa7234b86e56530a50d18c32a1bfea8a872e5f4c9cadd190cffbdfc	a4342d690dad359179080d3d1e0b7f54f772d3546e70cd1aa35dcef27b2ea34c	860c5134e8b208666c5911b27db96f7280da5105786f45a5618c79f23bd9ebba	ad50022ced0490e1		ℕ → Minidregg.Theory.TypedAuthorization.CapabilityId → String → List UInt8 → List Minidregg.Kernel.ObjectiveCall.Grant → Minidregg.Compiler.ObjectiveInvocationClaim.Capacity → Minidregg.Compiler.ObjectiveInvocationClaim.Capacity → ℕ → ℕ → Minidregg.Theory.TypedAuthorization.CapabilityId → Minidregg.Kernel.ObjectiveActivityReceiver.Turn
def	Minidregg.Kernel.ObjectiveActivityReceiver.Turn.invoke.elim	2fdd6c06d5d6ac2e8445b50ffa707cc1ea247b138db4e238ee670ee2e6cb4239	bca497b325ca43e26e4d280e2eb7199a28483661032b526669f23085eba18eb2	d27be6d7896b9be4d7be5fcb44bdaf38b531f1c80020f92fc6a7a9e7387dc938	94eb48a45cf731d9	-	{motive : Minidregg.Kernel.ObjectiveActivityReceiver.Turn → Sort u} → (t : Minidregg.Kernel.ObjectiveActivityReceiver.Turn) → t.ctorIdx = 8 → ((object : ℕ) → (objectCapability : Minidregg.Theory.TypedAuthorization.CapabilityId) → (method : String) → (args : List UInt8) → (grants : List Minidregg.Kernel.ObjectiveCall.Grant) → (envelope postage : Minidregg.Compiler.ObjectiveInvocationClaim.Capacity) → (allowance account : ℕ) → (accountCapability : Minidregg.Theory.TypedAuthorization.CapabilityId) → motive (Minidregg.Kernel.ObjectiveActivityReceiver.Turn.invoke object objectCapability method args grants envelope postage allowance account accountCapability)) → motive t
ctor	Minidregg.Kernel.ObjectiveActivityReceiver.Turn.migrate	ed5fecaaccefbafd236efdcec21af0125d7ba88e8cf7a9d1ce073816ba88221e	ec141bbc1d712556888d638bb118df44fc7c55ae9b476661216f6b2ec578e0fd	52dcddc1a230afc5194c2e4d2eaeb583f270bc4e90922465741f6b781523a89c	948fe4b7f8797aec		ℕ → ℕ → Minidregg.Theory.TypedAuthorization.CapabilityId → Minidregg.Kernel.ObjectiveActivityReceiver.Turn
def	Minidregg.Kernel.ObjectiveActivityReceiver.Turn.migrate.elim	d7f04f6b154cf8d8b5c38985316fe8bdc29983791014676cc6a4e01358d1acf5	edbb8c2d9014468254a2ec468fa00baa0ac709b2a90af92e070ec87d071eed92	5664744794274412d772c46cdc119c749e225f815ccd842951de048bbb34489e	d1a34201fba0d5b3	-	{motive : Minidregg.Kernel.ObjectiveActivityReceiver.Turn → Sort u} → (t : Minidregg.Kernel.ObjectiveActivityReceiver.Turn) → t.ctorIdx = 11 → ((object account : ℕ) → (accountCapability : Minidregg.Theory.TypedAuthorization.CapabilityId) → motive (Minidregg.Kernel.ObjectiveActivityReceiver.Turn.migrate object account accountCapability)) → motive t
def	Minidregg.Kernel.ObjectiveActivityReceiver.Turn.ofWire	6008bd7de8c0f880ca6487fb341fff403a6c5d4109b4fd74c46a9cf47454bd77	edaa4bc87bb90bf6a6af4a4cf91cc12660d3ea2d29219c38dde98560df1074c6	fb08454ecd68bbcd2fdab46060f74723769086ecb4bb8ec2f06bb7d0c8effccb	ccdb7d2cfb661459	-	Minidregg.Kernel.ObjectiveActivityReceiver.TurnWire → Minidregg.Kernel.ObjectiveActivityReceiver.Turn
ctor	Minidregg.Kernel.ObjectiveActivityReceiver.Turn.publish	4df8892b15d0b2bf56e5cb437d8c417b6cbdd46a58e0ec04c1e069ab32fc8d73	722bab9c4d13673d2ca42056dadc90146cb65cea05bd667b0b78511883b6015d	e467cddcf7f4dc26d7ff9e1e8ebd525d4228733f834859dd190efcf273f1dd6f	d5df502cb8aa9453		List UInt8 → List UInt8 → ℕ → Minidregg.Theory.TypedAuthorization.CapabilityId → Minidregg.Kernel.ObjectiveActivityReceiver.Turn
def	Minidregg.Kernel.ObjectiveActivityReceiver.Turn.publish.elim	35a43db331f60ba78701ffe01585819b37dd77dc4397b48835d3c8a34e7ce026	2e6ee084b87aee4854ee9eb2f157ea18f834cf3b593e7626deb7f6823acc29f2	b1254d73ef06e1b5057a3363160c8ffe3de580da77fe54957228b142f767a92f	6df3563ec4349c09	-	{motive : Minidregg.Kernel.ObjectiveActivityReceiver.Turn → Sort u} → (t : Minidregg.Kernel.ObjectiveActivityReceiver.Turn) → t.ctorIdx = 0 → ((artifact package : List UInt8) → (payer : ℕ) → (payerCapability : Minidregg.Theory.TypedAuthorization.CapabilityId) → motive (Minidregg.Kernel.ObjectiveActivityReceiver.Turn.publish artifact package payer payerCapability)) → motive t
ctor	Minidregg.Kernel.ObjectiveActivityReceiver.Turn.rebirth	b28defac66af9d4803d51d42ca0c0c7a00d7cd244a2874e92198960c73fa6fae	59181c42cee5b36d0a18b4513dcdd11f8d70d2e21ae24f49a9e14900d9ea562e	cd070ba20e9435ce698825dde4ed50db31b396f69010cd93410022984b9fbed9	ddc989bea8d95207		Minidregg.Theory.TypedAuthorization.Digest → Minidregg.Theory.TypedAuthorization.Digest → Minidregg.Compiler.ObjectiveInvocationClaim.Capacity → Minidregg.Kernel.ObjectiveActivityReceiver.Turn
def	Minidregg.Kernel.ObjectiveActivityReceiver.Turn.rebirth.elim	f12d7280abcea505e5c74b8ecedb93c7a76ebc506c60090b105605933251e6f7	1dd7e6badd786f2f359c69dbcc5e4948efa3051047cbeac3d59dbe2ea2a71530	29c0af9a03810da81557249d1a532d284e56f7931c9c3ecdaac08756dd78b48a	d660d8edee4da59e	-	{motive : Minidregg.Kernel.ObjectiveActivityReceiver.Turn → Sort u} → (t : Minidregg.Kernel.ObjectiveActivityReceiver.Turn) → t.ctorIdx = 13 → ((record await : Minidregg.Theory.TypedAuthorization.Digest) → (envelope : Minidregg.Compiler.ObjectiveInvocationClaim.Capacity) → motive (Minidregg.Kernel.ObjectiveActivityReceiver.Turn.rebirth record await envelope)) → motive t
ctor	Minidregg.Kernel.ObjectiveActivityReceiver.Turn.registerDomain	98cda90a9c534324138e6f37622ac167917055b476696ab8f1d5f668268f38a1	81480a8e3f98a8e3e1857cc0f25cd62be57f9113a70d5b0f125657e2513aefdb	9369198cb1e4b77feccd2830d608a6aa2cb3475328116dce628179d84d1e9e86	6c2e321f4e2ef356		List (ℕ × Minidregg.Theory.TypedAuthorization.CapabilityId) → Minidregg.Pred.Pred → ℕ → Minidregg.Theory.TypedAuthorization.CapabilityId → Minidregg.Compiler.ObjectiveInvocationClaim.Capacity → Minidregg.Kernel.ObjectiveActivityReceiver.Turn
def	Minidregg.Kernel.ObjectiveActivityReceiver.Turn.registerDomain.elim	dd00bdd57097becbee8baccb4be15ef953784a8a12ff4b054404abbfc02dfe67	d86f70b9d53a57a44293a6e1ab2537c2638526be7fabdaa3904401f5259cefd5	86589707a9535a9abddaa6f3b153c661d4ff3e4cfb2c4504629e7d6acad5017d	eb360bde32c8be18	-	{motive : Minidregg.Kernel.ObjectiveActivityReceiver.Turn → Sort u} → (t : Minidregg.Kernel.ObjectiveActivityReceiver.Turn) → t.ctorIdx = 14 → ((members : List (ℕ × Minidregg.Theory.TypedAuthorization.CapabilityId)) → (law : Minidregg.Pred.Pred) → (payer : ℕ) → (payerCapability : Minidregg.Theory.TypedAuthorization.CapabilityId) → (envelope : Minidregg.Compiler.ObjectiveInvocationClaim.Capacity) → motive (Minidregg.Kernel.ObjectiveActivityReceiver.Turn.registerDomain members law payer payerCapability envelope)) → motive t
ctor	Minidregg.Kernel.ObjectiveActivityReceiver.Turn.resolve	e12570e248f83d8b97ed52d38ad2c8385bf69e965c434e8c050ee23c7acdce98	97c70d2d841c8b1d4d606ba1ec04b0801b37650df0df175651349ae4ba9d5da1	1e05d26d60632743f93bd9b538813f403828460167bc476e185a10862f9ead68	2f7af544a51f91ae		Minidregg.Theory.TypedAuthorization.Digest → Minidregg.Kernel.ObjectiveActivityReceiver.AnswerWire → Minidregg.Kernel.ObjectiveActivityReceiver.Turn
def	Minidregg.Kernel.ObjectiveActivityReceiver.Turn.resolve.elim	0ea39d042a1eb95f3c2e26f25d5a5641ffbfdf7ff9d1a58f8eeb10f94ea4b440	50bc95c827dbaec9054aea864812141b4b1a47d98ec9084ee6cef89e013ae700	086f66b59ee27764332ef10a8ac9f4dddff65d5d77ef1c80865226f6a6e39525	0c1ee94a3bd08933	-	{motive : Minidregg.Kernel.ObjectiveActivityReceiver.Turn → Sort u} → (t : Minidregg.Kernel.ObjectiveActivityReceiver.Turn) → t.ctorIdx = 3 → ((slot : Minidregg.Theory.TypedAuthorization.Digest) → (answer : Minidregg.Kernel.ObjectiveActivityReceiver.AnswerWire) → motive (Minidregg.Kernel.ObjectiveActivityReceiver.Turn.resolve slot answer)) → motive t
def	Minidregg.Kernel.ObjectiveActivityReceiver.Turn.toWire	75bd5d96861a6761213b7d1cde5a51afae1cf9ebbd92ef848c6af38860c8d1c2	85fa970f2f0695bc885e56c5a9e8368ee549e596a36a54ed6f9b81c7aea205c8	3096f8c1280f118915a1d0b1281431c392f3c1cb6b35bb2fab74c6268efdc343	0d771453311f0def	-	Minidregg.Kernel.ObjectiveActivityReceiver.Turn → Minidregg.Kernel.ObjectiveActivityReceiver.TurnWire
ctor	Minidregg.Kernel.ObjectiveActivityReceiver.Turn.topUp	01f614d44605d738296ee3eb1e758c6b1cd539e8c9cff7801ce461a768580d9f	810feaca9f2449b0a102951eabc987dec7b15fd86cbc2fe74d081b5b48b0a286	4331cf632e117506ca1e5bd1655dc777e657257902fc0af148ea5de1266a9ce0	d0dc5e2f5f160429		Minidregg.Theory.TypedAuthorization.Digest → ℕ → Minidregg.Theory.TypedAuthorization.CapabilityId → ℕ → Minidregg.Kernel.ObjectiveActivityReceiver.Turn
def	Minidregg.Kernel.ObjectiveActivityReceiver.Turn.topUp.elim	363e3aa472993d280c5bb5b84eb99470287edf0024f1b8949123a254d00af38b	2f23c06011d45e27e01912070b8220314c983ed51193616c0930295154b2da52	bb79b6c5ced4f55ac8bebfd3ce6cdb8e74c34f5abb9d57d9d28ed43f56a7b846	3b0c31f42f2ff4b5	-	{motive : Minidregg.Kernel.ObjectiveActivityReceiver.Turn → Sort u} → (t : Minidregg.Kernel.ObjectiveActivityReceiver.Turn) → t.ctorIdx = 5 → ((record : Minidregg.Theory.TypedAuthorization.Digest) → (account : ℕ) → (accountCapability : Minidregg.Theory.TypedAuthorization.CapabilityId) → (amount : ℕ) → motive (Minidregg.Kernel.ObjectiveActivityReceiver.Turn.topUp record account accountCapability amount)) → motive t
def	Minidregg.Kernel.ObjectiveActivityReceiver.TurnWire	2fe4d8dc3724f29beb61f9981f0c0a70be906c540b76c38a5bf8987bdb4c440a	89855d392aa192071e8a2b2230d30ecae8fc9de0c15fa6a53f6209226829292a	8b27e21a3f0fa709d0c02df591fe914162c6638da946809cae67a4dee736dd9b	f118ecdbc4c668b9	-	Type
inductive	Minidregg.Kernel.ObjectiveActivityReceiver.Verdict	5123960e7638fcaa6c3b31f2850facb8e9c2eb05fe3096ed54247e6daf744930	f7a8f8a65cccd73123be3a9709b430e156cea52a337c4c5f1d29134500e5e9fe	f2b5080f1b91fb3e99e5811b3626f4270817a48e66a4f3093686a30fcc3ad9e9	2cbba97854734f2a		{F : Type} → [inst : Field F] → [DecidableEq F] → Minidregg.Kernel.ObjectiveActivityReceiver.Deployment → Minidregg.Compiler.CanonicalRuntimeProfile.Profile F → Minidregg.Kernel.ObjectiveKernelConfig.Ambient → Minidregg.Kernel.ObjectiveActivityReceiver.Durable → Minidregg.Kernel.ObjectiveActivityReceiver.DecodedIngress → Type
ctor	Minidregg.Kernel.ObjectiveActivityReceiver.Verdict.accepted	595faa2bd8c88d6272f0578bc0369211a2c8505334366f3f841e986c07f3d5a7	eee91ee1c3966819eac66626e61b72ef25a933c93e34408a70e3161de8283730	f48d1a4ae08b45697227dc6191ffe142952983ad390ae9ef94acc3f20800b342	bdefcf83168ca68e		{F : Type} → [inst : Field F] → [inst_1 : DecidableEq F] → {deployment : Minidregg.Kernel.ObjectiveActivityReceiver.Deployment} → {profile : Minidregg.Compiler.CanonicalRuntimeProfile.Profile F} → {ambient : Minidregg.Kernel.ObjectiveKernelConfig.Ambient} → {durable : Minidregg.Kernel.ObjectiveActivityReceiver.Durable} → {ingress : Minidregg.Kernel.ObjectiveActivityReceiver.DecodedIngress} → Minidregg.Kernel.ObjectiveActivityReceiver.Accepted deployment profile ambient durable ingress → Minidregg.Kernel.ObjectiveActivityReceiver.Verdict deployment profile ambient durable ingress
def	Minidregg.Kernel.ObjectiveActivityReceiver.Verdict.accepted.elim	b159f0f703ee65e90990032f189e1ef424f94afa6785055cf4d6cd3a59ba588b	7e91f3caeadc63387c61112c156cbec52af063770a908cfbd89a82dc7bae9da2	51b8833a6fcc6be817f4f4a781c39787ae68005cbd88e7069827f46cac7f88b8	49a3eee09c404838	Classical.choice,Quot.sound,propext	{F : Type} → [inst : Field F] → [inst_1 : DecidableEq F] → {deployment : Minidregg.Kernel.ObjectiveActivityReceiver.Deployment} → {profile : Minidregg.Compiler.CanonicalRuntimeProfile.Profile F} → {ambient : Minidregg.Kernel.ObjectiveKernelConfig.Ambient} → {durable : Minidregg.Kernel.ObjectiveActivityReceiver.Durable} → {ingress : Minidregg.Kernel.ObjectiveActivityReceiver.DecodedIngress} → {motive : Minidregg.Kernel.ObjectiveActivityReceiver.Verdict deployment profile ambient durable ingress → Sort u} → (t : Minidregg.Kernel.ObjectiveActivityReceiver.Verdict deployment profile ambient durable ingress) → t.ctorIdx = 0 → ((accepted : Minidregg.Kernel.ObjectiveActivityReceiver.Accepted deployment profile ambient durable ingress) → motive (Minidregg.Kernel.ObjectiveActivityReceiver.Verdict.accepted accepted)) → motive t
ctor	Minidregg.Kernel.ObjectiveActivityReceiver.Verdict.failed	e2ac44d118c27bf034037253724a45d22ea117233fd6e79e6b16460309adef12	3d751b5e33029c7c5c4a6be8251df066b0e7e37f039282cbe0323c3e37e75309	8750c46f2dffe6c5dd453686fc40143b1e473957af11db19a9b76f11dc8cd897	ff0d2f724ccc33e0		{F : Type} → [inst : Field F] → [inst_1 : DecidableEq F] → {deployment : Minidregg.Kernel.ObjectiveActivityReceiver.Deployment} → {profile : Minidregg.Compiler.CanonicalRuntimeProfile.Profile F} → {ambient : Minidregg.Kernel.ObjectiveKernelConfig.Ambient} → {durable : Minidregg.Kernel.ObjectiveActivityReceiver.Durable} → {ingress : Minidregg.Kernel.ObjectiveActivityReceiver.DecodedIngress} → Minidregg.Kernel.ObjectiveActivityReceiver.Failed deployment profile ambient durable ingress → Minidregg.Kernel.ObjectiveActivityReceiver.Verdict deployment profile ambient durable ingress
def	Minidregg.Kernel.ObjectiveActivityReceiver.Verdict.failed.elim	77c4cc612f0c66658d6993cd15f31fb7cfd2a5fb59fe079f3ed3e87e04e8d998	23f1822807cc3c405f7f35f4bce77aeccab50e449c0d5f5e1cad565bc487e9e8	b2cb1d5e54c49249c44deb1e9d92b910f9dbf0cbe6de1bef29cb3352d2763cd9	450cbb4731dae0ef	Classical.choice,Quot.sound,propext	{F : Type} → [inst : Field F] → [inst_1 : DecidableEq F] → {deployment : Minidregg.Kernel.ObjectiveActivityReceiver.Deployment} → {profile : Minidregg.Compiler.CanonicalRuntimeProfile.Profile F} → {ambient : Minidregg.Kernel.ObjectiveKernelConfig.Ambient} → {durable : Minidregg.Kernel.ObjectiveActivityReceiver.Durable} → {ingress : Minidregg.Kernel.ObjectiveActivityReceiver.DecodedIngress} → {motive : Minidregg.Kernel.ObjectiveActivityReceiver.Verdict deployment profile ambient durable ingress → Sort u} → (t : Minidregg.Kernel.ObjectiveActivityReceiver.Verdict deployment profile ambient durable ingress) → t.ctorIdx = 1 → ((failed : Minidregg.Kernel.ObjectiveActivityReceiver.Failed deployment profile ambient durable ingress) → motive (Minidregg.Kernel.ObjectiveActivityReceiver.Verdict.failed failed)) → motive t
def	Minidregg.Kernel.ObjectiveActivityReceiver.Verdict.intent	8ef8587333a976f75fe2d7f0a05a2b35be24927fd33801b18ff8b3e0cb60756b	1d605f0853071c3e6970889aa2e9ef8c0baf6ea598d56233c55b4fd875f62908	9122540ccd94d3e69efd40355417c2e18dd02efd819e665f5a525db4ea1d4ad4	106e89eb7236f256	Classical.choice,Quot.sound,propext	{F : Type} → [inst : Field F] → {deployment : Minidregg.Kernel.ObjectiveActivityReceiver.Deployment} → {profile : Minidregg.Compiler.CanonicalRuntimeProfile.Profile F} → {ambient : Minidregg.Kernel.ObjectiveKernelConfig.Ambient} → {durable : Minidregg.Kernel.ObjectiveActivityReceiver.Durable} → [inst_1 : DecidableEq F] → {ingress : Minidregg.Kernel.ObjectiveActivityReceiver.DecodedIngress} → Minidregg.Kernel.ObjectiveActivityReceiver.Verdict deployment profile ambient durable ingress → Minidregg.Kernel.DurableDataIntent.DataIntent Minidregg.Compiler.ResourceBirthCodec.rootBytes
def	Minidregg.Kernel.ObjectiveActivityReceiver.accountHolder	94770087a80c91b6051feb03b96a3b889752ddeccb506efb4fa60f2b175d8d27	7be02649099059912ccdc6280e4119c787afeaf267d9ab0f62fd57e60599184a	0a517dbe622e4fa0232e05d43528ec6ca86e3ac50bcd9c95d7b00fb5e4eeea00	4534f9af86dc67f5	Classical.choice,Quot.sound,propext	Minidregg.Kernel.ObjectiveActivityReceiver.Snapshot → Minidregg.Theory.TypedAuthorization.Digest → Minidregg.Kernel.ObjectiveKernelConfig.Ambient → Minidregg.Kernel.ObjectiveActivityReceiver.Command → ℕ → Minidregg.Theory.TypedAuthorization.CapabilityId → Minidregg.Theory.TypedAuthorization.Digest → Minidregg.Theory.TypedAuthorization.Digest → Bool
def	Minidregg.Kernel.ObjectiveActivityReceiver.activityCellAt	fea0724cdfb54183188a1de0a5a8c9e605dd5092bb49cd4b32ecd4cf263f7c41	4167a8c220f268b9e99f3a7475afbdd8b7a7fe504540bb1c590460e15c1b9717	dba07dcf768b62a69231e835dced1a96c35fd7239ace61d1e65e935aa2a84880	304de9befc80a20e	Classical.choice,Quot.sound,propext	Minidregg.Kernel.ObjectiveActivityReceiver.Deployment → Minidregg.Kernel.DurableDataIntent.DataWrite → Bool
theorem	Minidregg.Kernel.ObjectiveActivityReceiver.activityOrBook_iff	f99a6c1b522a3fe161e8b491187a3a0d31961b87276c390c4fa7fb7bc5880b80	cda9d9e5d7296250dd7681cf644abf640c7e13cc7dc819dfc2af2a43280a5660	9ada97fcd236bb2db1e2c28160ae8cc9744645b6c8eb0f1549fef3e4923d7e35	adfb8b61379ea575	Classical.choice,Quot.sound,propext	∀ (deployment : Minidregg.Kernel.ObjectiveActivityReceiver.Deployment) (write : Minidregg.Kernel.DurableDataIntent.DataWrite), Minidregg.Kernel.ObjectiveActivityReceiver.ActivityOrBook deployment write ↔ write.cellId = { value := deployment.resourceBookId } ∨ Minidregg.Kernel.ObjectiveActivityReceiver.activityCellAt deployment write = Bool.true ∨ Minidregg.Kernel.ObjectiveActivityReceiver.seatCellAt deployment write = Bool.true ∨ Minidregg.Kernel.ObjectiveActivityReceiver.retiredAt write = Bool.true
def	Minidregg.Kernel.ObjectiveActivityReceiver.admissionSeal	96e84c37697d5a3c8d55f4272c551ad7662482dbe2f2e268c08041d39663dfdd	e61c65b03a316a92a110602d507fe68212200ff17c17acbadd873df158b7d22c	23b87a6c6206deed1ce686686df880d4a07fee37790af165c8e93e38ae5a3018	ee468f31ee08a8ce	Classical.choice,Quot.sound,propext	{F : Type} → [inst : Field F] → {deployment : Minidregg.Kernel.ObjectiveActivityReceiver.Deployment} → {profile : Minidregg.Compiler.CanonicalRuntimeProfile.Profile F} → {ambient : Minidregg.Kernel.ObjectiveKernelConfig.Ambient} → {durable : Minidregg.Kernel.ObjectiveActivityReceiver.Durable} → {command : Minidregg.Kernel.ObjectiveActivityReceiver.Command} → Minidregg.Kernel.ObjectiveActivityReceiver.Prepared deployment profile ambient durable command → Minidregg.Kernel.ObjectiveActivityReceiver.DecodedIngress → Minidregg.Kernel.ObjectiveActivityWire.Seal
def	Minidregg.Kernel.ObjectiveActivityReceiver.admitDecodedNative	1b0974fb8d2822a67aebe896c207a8a753c50496213cc084e506492698b7d926	4e55306c19bcb36a845ce2cda91b350e37e01f84abcd199c22d4797e943f18e3	bf04fa32e00a32a197cb61df3e4caf649b55cc41d55009d1edf78bbe37166d3c	f02846e695f182c5	Classical.choice,Quot.sound,propext	{F : Type} → [inst : Field F] → [inst_1 : DecidableEq F] → (deployment : Minidregg.Kernel.ObjectiveActivityReceiver.Deployment) → (profile : Minidregg.Compiler.CanonicalRuntimeProfile.Profile F) → (ambient : Minidregg.Kernel.ObjectiveKernelConfig.Ambient) → (durable : Minidregg.Kernel.ObjectiveActivityReceiver.Durable) → Minidregg.Compiler.CredentialSignatureIO.NativeConfig → (ingress : Minidregg.Kernel.ObjectiveActivityReceiver.DecodedIngress) → IO (Except Minidregg.Kernel.ObjectiveActivityReceiver.Reject (Minidregg.Kernel.ObjectiveActivityReceiver.Verdict deployment profile ambient durable ingress))
def	Minidregg.Kernel.ObjectiveActivityReceiver.adoptRequest	fac6ff8d0b23e2251df04432e7957f59e6df01ea554ef5706f89915fd03e1c5b	d129acad97bb6855f312b72ef740f425e97f939c91d7543e2bd049782afd10d1	32d962f7e0c2ddea31816a1ae90370475be76d7c2ea15ccdef8b173cac658172	bae152bdeeb122e1	-	Minidregg.Kernel.ObjectiveActivityReceiver.Command → ℕ → Minidregg.Theory.TypedAuthorization.Digest → Minidregg.Theory.ObjectiveBendTypes.Ty → Option String → List String → Minidregg.Pred.Pred → Minidregg.Kernel.ObjectRecord.UpgradePolicy → List Minidregg.Theory.TypedAuthorization.Digest → Minidregg.Compiler.ObjectiveInvocationClaim.Capacity → ℕ → ℕ → Minidregg.Kernel.ObjectiveActivity.AdoptRequest
def	Minidregg.Kernel.ObjectiveActivityReceiver.adoptStream	9303097e435dc35854b998c3e2e791d9819e3e75450709fe46eca75131ad327a	af7d87cadc49dea70c8063072e1eb31bf4f3571960e1c26ffd6baf67f20381cc	74f15fd7a59c79675881478c96bb32e5546f12bbb38cca7d1c4dd54dbe146958	7f03b90a1c2294fc	Classical.choice,Quot.sound,propext	Minidregg.Compiler.Tower256ConcreteBackend.StreamCodec Minidregg.Kernel.ObjectiveActivityReceiver.AdoptWire
def	Minidregg.Kernel.ObjectiveActivityReceiver.answerOf	1f0e84a35ef14db4c69a595d3a3c1d4f86754a256704537fc4ba0b94a61155df	81c028426f59a8da34aa23e4dcb1b1a99b0725da68228c68b720c0c08e64ef86	8f06eeabbc88a0d2e12ea2af02a7ba010fd218db3761c1d3f350e62cb0070786	2080ff99906d5422	Classical.choice,Quot.sound,propext	Minidregg.Kernel.ObjectiveActivityReceiver.AnswerWire → Except Minidregg.Kernel.ObjectiveActivity.Refusal Minidregg.Kernel.ObjectiveActivity.Answer
def	Minidregg.Kernel.ObjectiveActivityReceiver.answerStream	1b454689720baaf0f28891c5cbc627d35f33fa3b8aebaa5829cee163f6899b77	7ced53dda481ab3884144962b4a6d6d66a8aea7f8fbe54df260bc8da87256a5e	fa522bad546e5655e1ca26f16855c08d01164480eedacbc4cc24d586a208d13c	68370ce64a816463	Classical.choice,Quot.sound,propext	Minidregg.Compiler.Tower256ConcreteBackend.StreamCodec Minidregg.Kernel.ObjectiveActivityReceiver.AnswerWire
def	Minidregg.Kernel.ObjectiveActivityReceiver.authorized	afdabe41ff43a4ebc6959406d9bb97276ce73305e07bbd463ce1fd1fb93bee74	5a9d391ceff65878f1845b3d6ff2f058250e7a071a41bdbc983cb5039d65b44c	d920c56e9ee18d0486eea5a4cd5431a8cbfe922d313d3db7673c1c08dd15e66d	c6c788ec215f70ef	Classical.choice,Quot.sound,propext	Minidregg.Kernel.ObjectiveActivityReceiver.Snapshot → Minidregg.Theory.TypedAuthorization.Digest → Minidregg.Kernel.ObjectiveKernelConfig.Ambient → Minidregg.Kernel.ObjectiveActivityReceiver.Command → Minidregg.Theory.TypedAuthorization.Digest → Minidregg.Theory.TypedAuthorization.Digest → Except Minidregg.Kernel.ObjectiveActivityReceiver.Reject Unit
def	Minidregg.Kernel.ObjectiveActivityReceiver.birthRequest	92f60f68e7954d0b0cb7f8864ce7ecd69cb0e6ea6e32d3d4223a71fc52d2180b	2380440a13f4c1b3fc4181083b183cea313de84b8798e36471e74d515cd39d50	60a8c707d4beb8e600269ef9748d1ecf47b8fc62d788889eb13f05b84dfb7d32	b0e35eb2aeb0bb50	-	Minidregg.Kernel.ObjectiveActivityReceiver.Command → ℕ → ℕ → Minidregg.Theory.TypedAuthorization.Digest → Minidregg.Theory.ObjectiveBendDemandData.Data → Minidregg.Compiler.ObjectiveInvocationClaim.Capacity → Minidregg.Compiler.ObjectiveInvocationClaim.Capacity → Minidregg.Compiler.ObjectiveInvocationClaim.Capacity → ℕ → Minidregg.Kernel.ObjectiveActivity.BirthRequest
def	Minidregg.Kernel.ObjectiveActivityReceiver.birthStream	e286196e5ac0daf3971dd4797b2aaad107961774a73a72dba35fe0cc3a78fed8	5d7a0e106f88d9cb9da971e0e7002ff665741944194d9c349cfe2a6063e61379	759e57759d9e15ecb7b6e417acc619b841fdcb57dfb5effd80f9425d2d06d214	2b59fc9d36e22b8b	Classical.choice,Quot.sound,propext	Minidregg.Compiler.Tower256ConcreteBackend.StreamCodec Minidregg.Kernel.ObjectiveActivityReceiver.BirthWire
theorem	Minidregg.Kernel.ObjectiveActivityReceiver.birth_requires_object_holder	72d30533955abb23fbb63e0b93ec05d5d29c443427540014b40e543c09fb0270	03a73282f38450c28e2a1ed9f6a3326f69c8687720c152620095e08f1a0036e9	f4f0ec24b5c97aeb2ba12bc0c62429177ab182a243d3cf93dd30b8c399e62d80	14bae45e9000d3cc	Classical.choice,Quot.sound,propext	∀ {F : Type} [inst : Field F] {deployment : Minidregg.Kernel.ObjectiveActivityReceiver.Deployment} {profile : Minidregg.Compiler.CanonicalRuntimeProfile.Profile F} {ambient : Minidregg.Kernel.ObjectiveKernelConfig.Ambient} {durable : Minidregg.Kernel.ObjectiveActivityReceiver.Durable} [inst_1 : DecidableEq F] {ingress : Minidregg.Kernel.ObjectiveActivityReceiver.DecodedIngress} (accepted : Minidregg.Kernel.ObjectiveActivityReceiver.Accepted deployment profile ambient durable ingress) {object account deposit : ℕ} {envelope resume timeout : Minidregg.Compiler.ObjectiveInvocationClaim.Capacity} {objectCapability accountCapability : Minidregg.Theory.TypedAuthorization.CapabilityId} {pin : Minidregg.Theory.TypedAuthorization.Digest} {input : List UInt8}, ingress.command.turn = Minidregg.Kernel.ObjectiveActivityReceiver.Turn.birth object objectCapability account accountCapability pin input envelope resume timeout deposit → Minidregg.Kernel.ObjectiveActivityReceiver.objectHolder accepted.prepared.authority.snapshot profile.semantics ambient ingress.command object objectCapability accepted.prepared.preRoot accepted.prepared.outcome = Bool.true ∧ Minidregg.Kernel.ObjectiveActivityReceiver.accountHolder accepted.prepared.authority.snapshot profile.semantics ambient ingress.command account accountCapability accepted.prepared.preRoot accepted.prepared.outcome = Bool.true
def	Minidregg.Kernel.ObjectiveActivityReceiver.callAfterWork	b7f1edd1337a1596d3bd5b7d4aa1793d464b3de9f2da26740990f9d764bfd80a	858edada26724a93353ca467ad710c43918ff6526b6fdd90b053d59ab19519fb	0c2a8ecde22dea0ea1ba966e1890e1ba197690e1892467d90cb03b238ba3dc53	68ebcfac3bdb08ac	-	Minidregg.Kernel.ObjectiveCall.CallRefusal → Bool
def	Minidregg.Kernel.ObjectiveActivityReceiver.charge	c491e75be7f02be0db3fd4c04db01437e8f589cb548aac02c51f78e566329864	28126450a3b2081350c05f9b381d07fff3128c896d1a916af0a1780c56e39509	e87c916bce5183915de730f5e32f311a481b9bbc2c0479f72d1a0c48467249c3	073ba8e83319ed93	Classical.choice,Quot.sound,propext	Minidregg.Kernel.ObjectiveActivityReceiver.DecodedIngress → List Minidregg.Kernel.ObjectiveActivityWire.Post → List Minidregg.Kernel.DurableDataIntent.ReadGuard → Minidregg.Theory.ResourceCost.Charge
def	Minidregg.Kernel.ObjectiveActivityReceiver.chargedCause	b9065198ab16518a8ec67bd606ee9432cb3277bad57115830e72afa3172b5e9f	95bb1bd7baffcd6032e3a8604c08a399aa5255e692d7b08fd36f42a93ece7336	b04222817c9219a2ebfc0a5583d1683d1f1e7fa5289114fd4f39dce51a9fd16c	2125dc3081530250	-	Minidregg.Kernel.ObjectiveActivityReceiver.Reject → Bool
def	Minidregg.Kernel.ObjectiveActivityReceiver.commandCodec	09ac1ab8f4cacd546775140e1308fda5ab466d28c580a86bc37ca449ae2f639f	ca8c8582122f20604d083ee213ce335aba7f13c4c2f369be92f51c42c9ae5ec0	a6463bb17106b74775ec676a6d5a9fc1f8c533dceecdf68e0d8eb5898cc391b9	4f9573409dfaf317	Classical.choice,Quot.sound,propext	Minidregg.Theory.IndexedProgram.LawfulCodec Minidregg.Kernel.ObjectiveActivityReceiver.Command
def	Minidregg.Kernel.ObjectiveActivityReceiver.commandFrame	c85ebb6edaa82938326daaf8c6fd1a53dfe650c6b0efcdb8d59f3e8587b47f7a	268fce01293bcb84de059c093737d89d8980bbc789bd14e1bc6693665008f358	b825a18a9f40bfca8a0af2fd0de38b222eca771fd6bb4efd3c085f2a55ab61ad	9946defbc2e538d3	propext	List UInt8
def	Minidregg.Kernel.ObjectiveActivityReceiver.commandStream	9a7baef4133771384338158c7b9ac73b102df5080d761424325f89a810d22f25	9ba08bc6b9079eb5c7b68c75d4f6880bf7e5539c65db73f3aec1e6870e3ebe5d	d53536569daed9f2ad4b3d7f829c9582a83c3f1316b15fd8344aeac3979b9d72	95a047630ae2b8e9	Classical.choice,Quot.sound,propext	Minidregg.Compiler.Tower256ConcreteBackend.StreamCodec Minidregg.Kernel.ObjectiveActivityReceiver.Command
theorem	Minidregg.Kernel.ObjectiveActivityReceiver.command_canonical	989b2d5f598a0d00b0f483290c2128fa2a09f04aa31718d740af6dc32bb03d70	9457c8391ff21fe089b463910157c6d203c8242ac7d019706c4e6caa357897bd	7bfe8354a4d27cf6a9da8589f5c5754b56a7bb4a512d63658a80cca0361a7489	d4aac51fd0e41a10	Classical.choice,Quot.sound,propext	∀ {bytes : List UInt8} {command : Minidregg.Kernel.ObjectiveActivityReceiver.Command}, Minidregg.Kernel.ObjectiveActivityReceiver.commandCodec.decode bytes = Option.some command → Minidregg.Kernel.ObjectiveActivityReceiver.commandCodec.encode command = bytes
theorem	Minidregg.Kernel.ObjectiveActivityReceiver.command_roundtrip	ed806b97e9edfe8b08f3f01bbd9999796cbaf96cf82058e577f2bc26fb3e8603	ec2965e23ed32863abf4c0f3aacc5e671207b6527b3d23afec7380e9ca9f19e2	ba9297343fd5f6cdcc77ef13f780d4d03a4408f95d3669a3898f34fee612571d	6a14febe821c43de	Classical.choice,Quot.sound,propext	∀ (command : Minidregg.Kernel.ObjectiveActivityReceiver.Command), Minidregg.Kernel.ObjectiveActivityReceiver.commandCodec.decode (Minidregg.Kernel.ObjectiveActivityReceiver.commandCodec.encode command) = Option.some command
theorem	Minidregg.Kernel.ObjectiveActivityReceiver.command_v9_refuses	a3389488541d7071561e9c9e4d84030ce55719683cff567eb31563767206c50a	430c5b427cbf6fb4dce8f26e082c51f326518c1d100e8fe004a9ce61169563f3	a938775feeccea291c07726ccfd0f9e872b594c4be3d51146976a8495af5522f	f48249ee8de99d28	Classical.choice,Quot.sound,propext	∀ (body : List UInt8), Minidregg.Kernel.ObjectiveActivityReceiver.commandCodec.decode ("DREGG/OBJECTIVE/ACTIVITY/COMMAND/v9".toUTF8.toList ++ body) = Option.none
def	Minidregg.Kernel.ObjectiveActivityReceiver.contextAt	7250746e5251ad00b75e8710b891541d7b01a7e4beeefb3dfc2dcb9ef42845ad	534425ea4e9f5083d8451de71073ea34432db37a4abe4ca681099d0858039ec3	9e3d88258c7b5b459aaee06e2276cf12e6369b58b1488219432ed7cb7a000a61	f37e03422cbdae6a	Classical.choice,Quot.sound,propext	Minidregg.Kernel.ObjectiveActivityReceiver.Snapshot → Minidregg.Theory.TypedAuthorization.Digest → Minidregg.Kernel.ObjectiveKernelConfig.Ambient → Minidregg.Kernel.ObjectiveActivityReceiver.Command → Minidregg.Theory.TypedAuthorization.ResourceKind → ℕ → Minidregg.Theory.CredentialAuthorityEffects.RequestContext
def	Minidregg.Kernel.ObjectiveActivityReceiver.createRequest	c5f5671b77344d88dff3d43637492a172312dc74083b4930fe84cb6d6cf4eff5	6e4380309915d3f9a5176b79a0f97f427c3f9d406f4b8be2b231dcccd88d88e8	67353dbfa3bf4834282fb193d15e344f62309fcd9b4f857e690957ced735ad3a	0c5576618735a236	-	Minidregg.Kernel.ObjectiveActivityReceiver.Command → ℕ → Minidregg.Theory.TypedAuthorization.Digest → Minidregg.Theory.ObjectiveBendTypes.Ty → Minidregg.Pred.Pred → Minidregg.Kernel.ObjectRecord.UpgradePolicy → Option Minidregg.Theory.ObjectiveBendDemandData.Data → ℕ → Minidregg.Kernel.ObjectiveActivity.CreateRequest
def	Minidregg.Kernel.ObjectiveActivityReceiver.createStream	3ad089e2e2a16c4fac970da401a5ce32afd9a058739770ff45dedc5b08dc5810	879bc183d7b2d3fd36606b1c47411f0d5b4c53d6f21495ebe7815c641f562f67	fa3ccabe1ee54e77a77c8640ba969b1a3ffd70c952f466fd318a4395b51ada40	014b093ed7cb821b	Classical.choice,Quot.sound,propext	Minidregg.Compiler.Tower256ConcreteBackend.StreamCodec Minidregg.Kernel.ObjectiveActivityReceiver.CreateWire
theorem	Minidregg.Kernel.ObjectiveActivityReceiver.create_requires_object_holder	c2fa5b41504475919ed4294968195b000b35b8860ee6b6bb6bb8e1deb9fd0398	8a7367ceadd2131b3034f13b7a957a31f3c12f3921241e8ae53191b29205b2d9	ccb7a0d682ee4cc7a238843aaaa9f99e0a3a47552d3d7dad176bb47bb5586979	0562f545ebcf2c33	Classical.choice,Quot.sound,propext	∀ {F : Type} [inst : Field F] {deployment : Minidregg.Kernel.ObjectiveActivityReceiver.Deployment} {profile : Minidregg.Compiler.CanonicalRuntimeProfile.Profile F} {ambient : Minidregg.Kernel.ObjectiveKernelConfig.Ambient} {durable : Minidregg.Kernel.ObjectiveActivityReceiver.Durable} [inst_1 : DecidableEq F] {ingress : Minidregg.Kernel.ObjectiveActivityReceiver.DecodedIngress} (accepted : Minidregg.Kernel.ObjectiveActivityReceiver.Accepted deployment profile ambient durable ingress) {object payer : ℕ} {objectCapability payerCapability : Minidregg.Theory.TypedAuthorization.CapabilityId} {pin : Minidregg.Theory.TypedAuthorization.Digest} {stateType : Minidregg.Theory.ObjectiveBendTypes.Ty} {law : Minidregg.Pred.Pred} {upgrade : Minidregg.Kernel.ObjectRecord.UpgradePolicy} {seed : Option (List UInt8)}, ingress.command.turn = Minidregg.Kernel.ObjectiveActivityReceiver.Turn.create object objectCapability pin stateType law upgrade seed payer payerCapability → Minidregg.Kernel.ObjectiveActivityReceiver.objectHolder accepted.prepared.authority.snapshot profile.semantics ambient ingress.command object objectCapability accepted.prepared.preRoot accepted.prepared.outcome = Bool.true ∧ Minidregg.Kernel.ObjectiveActivityReceiver.accountHolder accepted.prepared.authority.snapshot profile.semantics ambient ingress.command payer payerCapability accepted.prepared.preRoot accepted.prepared.outcome = Bool.true
def	Minidregg.Kernel.ObjectiveActivityReceiver.decideTurn	0827d9ad330495adeb0e1e33d7f8d478ad42920eeb76e4dd5c20f8406fb51e4e	9d34f6b79dd37c15fc315552548a85db3e6db46cb8f6cc1fd2832008f7af06e8	1615bbaf68e5c228818341a3d7529d2471aee8244b3f6e506e0bcaa4910f1340	481c50ea9340c0f3	Classical.choice,Quot.sound,propext	{rootBytes : List UInt8 → Minidregg.Theory.TypedAuthorization.Digest} → (config : Minidregg.Kernel.ObjectiveActivity.Config) → (snapshot : Minidregg.Kernel.DurableDataIntent.DataSnapshot rootBytes) → (height : ℕ) → (command : Minidregg.Kernel.ObjectiveActivityReceiver.Command) → Except Minidregg.Kernel.ObjectiveActivityReceiver.Reject (Minidregg.Kernel.ObjectiveActivityReceiver.Decided config snapshot height command)
def	Minidregg.Kernel.ObjectiveActivityReceiver.declarationCodec	0ca31b1c010dec5a5ddc74e6da07d5cf4bf3887e220b235cee503276e89ec6e3	7e6dfc3174fa3337058bbde1081c3bd319cd72903c494e21fbd9bbf4c718d5c9	b360fcae08e510d474d5e1adc0bafbf8d448d5419c9d95ef3b666f258d94881a	4145191a87bcb27d	Classical.choice,Quot.sound,propext	Minidregg.Theory.IndexedProgram.LawfulCodec Minidregg.Kernel.ObjectiveActivityReceiver.Declaration
def	Minidregg.Kernel.ObjectiveActivityReceiver.declarationStream	6bb6d837b35d8f8ecfe3f89d037647ed423f496cd93df7b0079c4f6dcf1ec722	adaf240093f06f5a0640e7f57f2335f196a6eca9ef9ee719a23d214d5868dcb9	424be4904de65ea06c68b06531c320d509e2e0d5f8fa287edf44cf871447f034	8cb8d5560f6f9bdf	Classical.choice,Quot.sound,propext	Minidregg.Compiler.Tower256ConcreteBackend.StreamCodec Minidregg.Kernel.ObjectiveActivityReceiver.Declaration
def	Minidregg.Kernel.ObjectiveActivityReceiver.decodeIngress	011b5575a34b8c8a99e5383b66057f456451cc6671443a38ae3cddaa6c40864b	69a3875333d41774bb331f73b7f17c3e4ae8cad90a29009d1567616d0be053fe	c900726b16a3c6f3aee9496052df9a144c0da188d8f585109d2855fb72575b1a	3bd7e392a3f2ca5b	Classical.choice,Quot.sound,propext	List UInt8 → Option Minidregg.Kernel.ObjectiveActivityReceiver.DecodedIngress
def	Minidregg.Kernel.ObjectiveActivityReceiver.decodeSeed	af67aaecf846aed4acbbfadb50a7df192672b9e79bbaa4ee7db42bd45c4975ed	2830dbfa1057a11ccda1c7416f3526775d8849a6a82e6a03938f7254229c3cef	90d037441f170f08e97cd162eedb40457e62587be0d84a47cd2a4d679d4bf905	86fb47b13a44a397	Classical.choice,Quot.sound,propext	Option (List UInt8) → Option (Option Minidregg.Theory.ObjectiveBendDemandData.Data)
def	Minidregg.Kernel.ObjectiveActivityReceiver.effectDigest	10b218e434579e60720b21d240c5e14348e1c0a32377f866b65a244723b17f0e	125baeafc2402e29f03b14772c41b8d1ac62465c1ea60f1675bbddbd0dedfa5c	672af66bbf2848e51870fd602a8182e045d39b723090c3f0f1aad7f508657bdf	372fff0de48c7f46	Classical.choice,Quot.sound,propext	Minidregg.Theory.TypedAuthorization.Digest → Minidregg.Theory.TypedAuthorization.Digest → Minidregg.Kernel.ObjectiveActivityReceiver.Command → Minidregg.Kernel.ObjectiveActivityReceiver.Declaration → Minidregg.Theory.TypedAuthorization.Digest
def	Minidregg.Kernel.ObjectiveActivityReceiver.endStream	8cb10296a6b6eb44bc23022d59f9bf60aa8fe27e398fb944d319ca229e15f9ee	5fbdf6b7d5e4cc29c1a569136916529ba6f3a8cfc7bb280735eb46b594a38712	54bb86af17e08b60212dde91ad822da2ae94b3f7d55a09fdf5b75d2c5089ddcd	9a4aa819fca27874	Classical.choice,Quot.sound,propext	Minidregg.Compiler.Tower256ConcreteBackend.StreamCodec Minidregg.Kernel.ObjectiveActivityReceiver.EndWire
def	Minidregg.Kernel.ObjectiveActivityReceiver.event	4016f369549aaf76fbb8a05c6bf5e7e67c5d6f7766af08b4a63eeb7d199b47ec	951c6f1879cf1253f46a4331461ae43c45fe7e4f6becc38ec54ea9f36a923225	cb87081d7d582d018fc21ef82e2735ae3977ba007493d03977d421d4d8db82f8	7b7c0481928d0715	Classical.choice,Quot.sound,propext	Minidregg.Theory.TypedAuthorization.Digest → Minidregg.Theory.TypedAuthorization.Digest → Minidregg.Kernel.ObjectiveActivityReceiver.DecodedIngress → Minidregg.Kernel.DurableDataIntent.StableEvent
def	Minidregg.Kernel.ObjectiveActivityReceiver.failedIntent	6813bddd51bcec445b528f9351c110e13d96a3ed3e1477bc05003439dd3285ba	0e704cc5318f58ca5048c1f7453333e67cead61126ac6a1c294383099a8bbd1e	32ca4348ecd60f743d73af2b702d2db5dc2931d84074a52a82c2d34422a0cbe3	a26c0331f00a0638	Classical.choice,Quot.sound,propext	{F : Type} → [inst : Field F] → {deployment : Minidregg.Kernel.ObjectiveActivityReceiver.Deployment} → {profile : Minidregg.Compiler.CanonicalRuntimeProfile.Profile F} → {ambient : Minidregg.Kernel.ObjectiveKernelConfig.Ambient} → {durable : Minidregg.Kernel.ObjectiveActivityReceiver.Durable} → Minidregg.Compiler.CredentialAuthorityDomainReceiver.Loaded deployment durable.snapshot → (config : Minidregg.Kernel.ObjectiveActivity.Config) → Minidregg.Kernel.ObjectiveActivityReceiver.DecodedIngress → (request : Minidregg.Kernel.ObjectiveActivity.FailureRequest) → Minidregg.Kernel.ObjectiveActivity.ChargedFailure config durable.snapshot request → List Minidregg.Kernel.ObjectiveActivityWire.Post × List Minidregg.Kernel.DurableDataIntent.ReadGuard → Minidregg.Kernel.DurableDataIntent.DataIntent Minidregg.Compiler.ResourceBirthCodec.rootBytes
theorem	Minidregg.Kernel.ObjectiveActivityReceiver.failed_charges_and_rolls_back	2492a8e3094338e7718d6bfdc8d37e562fc5e37cb4f97f451c6c80f2d9c68597	371723358f26bd75bc1b5bd2d4574f8d65826d18187cf854651df3336ab9e13c	5b6bd1050723400dddc70b27359949f47203a20f3737e083ad9bba08779af8ea	e4a51c4499d0711f	Classical.choice,Quot.sound,propext	∀ {F : Type} [inst : Field F] {deployment : Minidregg.Kernel.ObjectiveActivityReceiver.Deployment} {profile : Minidregg.Compiler.CanonicalRuntimeProfile.Profile F} {ambient : Minidregg.Kernel.ObjectiveKernelConfig.Ambient} {durable : Minidregg.Kernel.ObjectiveActivityReceiver.Durable} [inst_1 : DecidableEq F] {ingress : Minidregg.Kernel.ObjectiveActivityReceiver.DecodedIngress} (failed : Minidregg.Kernel.ObjectiveActivityReceiver.Failed deployment profile ambient durable ingress), failed.intent.writes.length = 1 ∧ (∀ write ∈ failed.intent.writes, write.cellId = failed.gated.config.bookCell) ∧ failed.failure.posted.batch = { registrations := [], operations := [Minidregg.Theory.CanonicalResourceKernel.Operation.fee failed.request.account failed.gated.config.collector failed.gated.config.asset (failed.gated.config.tariff.workOf failed.request.envelope)], deregistrations := [] }
def	Minidregg.Kernel.ObjectiveActivityReceiver.failureRequest	6001dcf43a4c0c80f1febd6859ef8c7be98136fd1c8406280492e169873d22f4	f4e6e67e84295b6f541140269804cb02a1f2fedf75064bdfc0f9eabb3ce28a93	ec197f48a8557c3b8a563e0ce0a33d0c3a4d113becd9ff126834a1e4cf9eb60c	34836113f1930e82	Classical.choice,Quot.sound,propext	Minidregg.Theory.TypedAuthorization.Digest → Minidregg.Theory.TypedAuthorization.Digest → Minidregg.Kernel.ObjectiveActivityReceiver.Command → Option Minidregg.Kernel.ObjectiveActivity.FailureRequest
def	Minidregg.Kernel.ObjectiveActivityReceiver.funding	7a5c9a80279dc653c383d86af2637574bea7609a8325049911fea7d4bee43ba5	b42c50d9cfc03d38b25db8bfaf02701152aef21d5adfb4c009030ef007a20011	d9ad390f8515ace94447bcb0eb213c8822605de4a7a1b21d52d58c25dbaf25c3	4b74bb48bed7d8a4	Classical.choice,Quot.sound,propext	Minidregg.Kernel.ObjectiveActivity.Config → Minidregg.Kernel.ObjectiveActivityReceiver.Durable → Minidregg.Kernel.ObjectiveActivityReceiver.Command → Except Minidregg.Kernel.ObjectiveActivityReceiver.Reject Unit
def	Minidregg.Kernel.ObjectiveActivityReceiver.gate	ccf27e5255aa31e939bbcd6e9f731906ddb3c90ea2f487b53357969057604b8e	374a3c279c595933645acf2488c4beee3539a3e4f1421c91c576cecfef536ecd	205369f1f35c8f30c5ffb29b7300f7ca9d3e4eaa43882c6c7c91b52475fd9351	570b12aa956c1cbf	Classical.choice,Quot.sound,propext	{F : Type} → [inst : Field F] → (deployment : Minidregg.Kernel.ObjectiveActivityReceiver.Deployment) → (profile : Minidregg.Compiler.CanonicalRuntimeProfile.Profile F) → (ambient : Minidregg.Kernel.ObjectiveKernelConfig.Ambient) → (durable : Minidregg.Kernel.ObjectiveActivityReceiver.Durable) → (command : Minidregg.Kernel.ObjectiveActivityReceiver.Command) → (claimed : Minidregg.Theory.TypedAuthorization.Digest) → Except Minidregg.Kernel.ObjectiveActivityReceiver.Reject (Minidregg.Kernel.ObjectiveActivityReceiver.Gated deployment profile ambient durable command claimed)
theorem	Minidregg.Kernel.ObjectiveActivityReceiver.gate_refusal_no_charge	c27ccc269c670110e76210fef592cca40d02995887afb5d7893ab14b2645a7c6	3876b50fdb5bc38ee4a0cd143e7edfe4b4228063716926c3ceaca04c0d39b696	7f410fc3f06baf3f703933e17202693a7120c7c60fd170c12550967b878e0e17	b1f12af8b6065767	Classical.choice,Quot.sound,propext	∀ {F : Type} [inst : Field F] [inst_1 : DecidableEq F] (deployment : Minidregg.Kernel.ObjectiveActivityReceiver.Deployment) (profile : Minidregg.Compiler.CanonicalRuntimeProfile.Profile F) (ambient : Minidregg.Kernel.ObjectiveKernelConfig.Ambient) (native : Minidregg.Compiler.CredentialSignatureIO.NativeConfig) (transport : Minidregg.Compiler.DurableReceiverIO.Transport) (durable : Minidregg.Kernel.ObjectiveActivityReceiver.Durable) {bytes : List UInt8} {ingress : Minidregg.Kernel.ObjectiveActivityReceiver.DecodedIngress} {reason : Minidregg.Kernel.ObjectiveActivityReceiver.Reject}, Minidregg.Kernel.ObjectiveActivityReceiver.decodeIngress bytes = Option.some ingress → Minidregg.Kernel.ObjectiveActivityReceiver.replay deployment.domain profile.semantics durable ingress = Option.none → Minidregg.Kernel.ObjectiveActivityReceiver.gate deployment profile ambient durable ingress.command ingress.ingress.outcome = Except.error reason → Minidregg.Kernel.ObjectiveActivityReceiver.receiveLoaded deployment profile ambient native transport durable bytes = Pure.pure (Minidregg.Kernel.ObjectiveActivityReceiver.Result.rejected reason)
theorem	Minidregg.Kernel.ObjectiveActivityReceiver.gate_refusal_runs_nothing	095a2cefe280d56fb325844d5b0f336d271202c6fcf7c511f8e4f0fbe69e7bc5	179fda86dc860ef75acc863412f757273a1aba54dfe4bf8bcdb17350cb7019be	9db60f360d736fd420dbd1823b9d82612d22e775b26b572f086c7a506be2e333	6aaa75e5c6341f3e	Classical.choice,Quot.sound,propext	∀ {F : Type} [inst : Field F] {deployment : Minidregg.Kernel.ObjectiveActivityReceiver.Deployment} {profile : Minidregg.Compiler.CanonicalRuntimeProfile.Profile F} {ambient : Minidregg.Kernel.ObjectiveKernelConfig.Ambient} {durable : Minidregg.Kernel.ObjectiveActivityReceiver.Durable} [inst_1 : DecidableEq F] (native : Minidregg.Compiler.CredentialSignatureIO.NativeConfig) {ingress : Minidregg.Kernel.ObjectiveActivityReceiver.DecodedIngress} {reason : Minidregg.Kernel.ObjectiveActivityReceiver.Reject}, Minidregg.Kernel.ObjectiveActivityReceiver.gate deployment profile ambient durable ingress.command ingress.ingress.outcome = Except.error reason → Minidregg.Kernel.ObjectiveActivityReceiver.admitDecodedNative deployment profile ambient durable native ingress = Pure.pure (Except.error reason)
theorem	Minidregg.Kernel.ObjectiveActivityReceiver.gate_spent_refused	ab66bda442c74f4574532f0277197105d1f97f1dbdf9ff434fd49dbd22c57a2a	ca5c66bcf5143fdea6a02735ac20ed811af27cdcd83a938f2204441aafcd4db6	a16d7f54554e89b16740c179a37378e2719448024e15de1774dd087addef6f8f	559f07a0696a1fdf	Classical.choice,Quot.sound,propext	∀ {F : Type} [inst : Field F] {deployment : Minidregg.Kernel.ObjectiveActivityReceiver.Deployment} {profile : Minidregg.Compiler.CanonicalRuntimeProfile.Profile F} {ambient : Minidregg.Kernel.ObjectiveKernelConfig.Ambient} {durable : Minidregg.Kernel.ObjectiveActivityReceiver.Durable} {command : Minidregg.Kernel.ObjectiveActivityReceiver.Command} {directory : Minidregg.Compiler.CredentialAuthorityDomainReceiver.LoadedDirectory durable} {authority : Minidregg.Compiler.CredentialAuthorityDomainReceiver.Loaded deployment durable.snapshot} {claimed : Minidregg.Theory.TypedAuthorization.Digest}, Minidregg.Compiler.CredentialAuthorityDomainReceiver.loadDirectory durable = Option.some directory → Minidregg.Compiler.CredentialAuthorityDomainReceiver.loadDeployment deployment durable.snapshot = Option.some authority → command.expectedAuthorityRoot = Minidregg.Theory.CellState.Materialized.root authority.snapshot.cell → authority.snapshot.spent (Minidregg.Kernel.ObjectiveActivityReceiver.marker authority.snapshot.domain profile.semantics command) = Bool.true → Minidregg.Kernel.ObjectiveActivityReceiver.gate deployment profile ambient durable command claimed = Except.error Minidregg.Kernel.ObjectiveActivityReceiver.Reject.replayedMarker
def	Minidregg.Kernel.ObjectiveActivityReceiver.ingressCodec	173e9de2cfb636d37623a9992733691f8419c52bb2bc6c558b02deffb3d938f7	1509e8e47dc4bfb6732ab35026042d848d9087c0f2dae3663d189cdd53f9d767	984c671906a8f62bca5699b98eda8e6ec666a1aed44d42f3b549637562ea36ba	37bbc5ccc2e598f2	Classical.choice,Quot.sound,propext	Minidregg.Theory.IndexedProgram.LawfulCodec Minidregg.Kernel.ObjectiveActivityReceiver.Ingress
def	Minidregg.Kernel.ObjectiveActivityReceiver.ingressFrame	5ea8803e8def70f56a0712221583e79c007d26bcf1fe6914aaf3efc0c455f4a2	268fce01293bcb84de059c093737d89d8980bbc789bd14e1bc6693665008f358	ac6bc259d41df4c4ff556bf5bdb197d6c26171d89cf837b0e08ebcbbf5cfda58	73120bf565f59cd7	propext	List UInt8
def	Minidregg.Kernel.ObjectiveActivityReceiver.ingressStream	2055f021dddf071fba20a925f43e805004083408d12d2006b24ce7500336a5b2	5ab442155ef2374764a0ef284243add74ee8c14563d945ecf17579ac5b54d1b4	8c724f7b6483445f5124819341c11ba76126324ea365f374095191444d8bb86c	11368ada35821922	Classical.choice,Quot.sound,propext	Minidregg.Compiler.Tower256ConcreteBackend.StreamCodec Minidregg.Kernel.ObjectiveActivityReceiver.Ingress
def	Minidregg.Kernel.ObjectiveActivityReceiver.intent	5e5bb55edbf47e572f31b38df9ced5b6a8a05f87cdf1b4b2a8775d5d249e81e1	f60295cefd250bab9d7c7a4004afa148b5c8e1b371308b6c024f3adc5dc7a4d2	2153015d74f175d07382e26c5a3ea762d993ae4baeee5af2bd015733ceac7963	1d4b1593a9f17733	Classical.choice,Quot.sound,propext	{F : Type} → [inst : Field F] → {deployment : Minidregg.Kernel.ObjectiveActivityReceiver.Deployment} → {profile : Minidregg.Compiler.CanonicalRuntimeProfile.Profile F} → {ambient : Minidregg.Kernel.ObjectiveKernelConfig.Ambient} → {durable : Minidregg.Kernel.ObjectiveActivityReceiver.Durable} → [inst_1 : DecidableEq F] → {ingress : Minidregg.Kernel.ObjectiveActivityReceiver.DecodedIngress} → Minidregg.Kernel.ObjectiveActivityReceiver.Accepted deployment profile ambient durable ingress → Minidregg.Kernel.DurableDataIntent.DataIntent Minidregg.Compiler.ResourceBirthCodec.rootBytes
def	Minidregg.Kernel.ObjectiveActivityReceiver.intentShapeDecidable	f7d5d7b15dc94136838aa45ed1093d27ba7b68c753a23ad2e073da6c1051aef0	5d50a53af739400b884c32cffdf246260865c93131449fe3eb3872b0d77fff44	be90436e3cd9bd9cfa25c704ad1014582b1878cf22376fce3d563ff0627cd81a	553a9ae5515b4edc	Classical.choice,Quot.sound,propext	(deployment : Minidregg.Kernel.ObjectiveActivityReceiver.Deployment) → (durable : Minidregg.Kernel.ObjectiveActivityReceiver.Durable) → (intent : Minidregg.Kernel.DurableDataIntent.DataIntent Minidregg.Compiler.ResourceBirthCodec.rootBytes) → Decidable (Minidregg.Kernel.ObjectiveActivityReceiver.IntentShape deployment durable intent)
theorem	Minidregg.Kernel.ObjectiveActivityReceiver.intent_writes_activity_or_book	6fb829b8f960678b3072a47ebdb1d766041ca9ac005f6d9ed7dc0ff8f33bf659	804501f2d9443a90fdde40cef5aee387a3ae78fa1d893aad0fc475ce7673bd66	8e3a3145e923246864138c5e451f8c92a49319af37ae4cbbef4ac0b6033f3dc1	58f20dd84702e48b	Classical.choice,Quot.sound,propext	∀ {F : Type} [inst : Field F] {deployment : Minidregg.Kernel.ObjectiveActivityReceiver.Deployment} {profile : Minidregg.Compiler.CanonicalRuntimeProfile.Profile F} {ambient : Minidregg.Kernel.ObjectiveKernelConfig.Ambient} {durable : Minidregg.Kernel.ObjectiveActivityReceiver.Durable} [inst_1 : DecidableEq F] {ingress : Minidregg.Kernel.ObjectiveActivityReceiver.DecodedIngress} (accepted : Minidregg.Kernel.ObjectiveActivityReceiver.Accepted deployment profile ambient durable ingress), ∀ write ∈ (Minidregg.Kernel.ObjectiveActivityReceiver.intent accepted).writes, Minidregg.Kernel.ObjectiveActivityReceiver.ActivityOrBook deployment write
theorem	Minidregg.Kernel.ObjectiveActivityReceiver.intent_writes_lawful	42f5110c100aaeb5a64bd14cf1ce72deb4a4dd7207b73637ac7f63f7677c1ad6	e954c7ac9528450e81932574c15b5051e02d4f445126c0663e0939b8ff66ec6e	1f583cc85f50864240723c5459363bdedf1854660f40b286085ff9113719f066	63f60c826865ddb8	Classical.choice,Quot.sound,propext	∀ {F : Type} [inst : Field F] {deployment : Minidregg.Kernel.ObjectiveActivityReceiver.Deployment} {profile : Minidregg.Compiler.CanonicalRuntimeProfile.Profile F} {ambient : Minidregg.Kernel.ObjectiveKernelConfig.Ambient} {durable : Minidregg.Kernel.ObjectiveActivityReceiver.Durable} [inst_1 : DecidableEq F] {ingress : Minidregg.Kernel.ObjectiveActivityReceiver.DecodedIngress} (accepted : Minidregg.Kernel.ObjectiveActivityReceiver.Accepted deployment profile ambient durable ingress), ∀ write ∈ (Minidregg.Kernel.ObjectiveActivityReceiver.intent accepted).writes, Minidregg.Kernel.ResourceBirthController.Concrete.PhysicalPostLaw deployment write
def	Minidregg.Kernel.ObjectiveActivityReceiver.invokeRequest	dc567d8925f69547145ebe180744dc92aef9334142e30a943e763cb66b9585b8	5f246fbe5ad4f9031793bee1a31ac12080bd0483cc2192cc85efdc5812c08255	32f2b6c68d1c02187693e2c1c510adc4958c78b7bb4688b7ee05b95c7e1f3398	6f9f9720c01523e2	-	Minidregg.Kernel.ObjectiveActivityReceiver.Command → ℕ → String → Minidregg.Theory.ObjectiveBendDemandData.Data → List Minidregg.Kernel.ObjectiveCall.Grant → Minidregg.Compiler.ObjectiveInvocationClaim.Capacity → Minidregg.Compiler.ObjectiveInvocationClaim.Capacity → ℕ → ℕ → Minidregg.Kernel.ObjectiveCall.InvokeRequest
def	Minidregg.Kernel.ObjectiveActivityReceiver.invokeStream	ca3519bfafff03b9b8bcd3b5a7d96be00d5e96870b829d9f3f539a4f4fceb423	14c808da3d56ef4b0e92b5dc4e625950eed228720d2ce544282929bf0b757036	051dce720edd8ea6bbc0ed6f596ea5fb73880900fda24cc69fe1f7b0be1b4ad7	c1b3f62021efb20d	Classical.choice,Quot.sound,propext	Minidregg.Compiler.Tower256ConcreteBackend.StreamCodec Minidregg.Kernel.ObjectiveActivityReceiver.InvokeWire
def	Minidregg.Kernel.ObjectiveActivityReceiver.kernel	6170cf41c470add7159cdb7c0cf52af088f3e070dc1449ef7c2b4b6730801ef8	16207b8357b5b06dd8641d7fc15c3425679c83d7d9b8dcff88d7efaa0e9f15e9	5d1f16369176629a00a8b53c5ebdec4ffd37d343e2182a31803f523d83fb15ad	8b7d0cb6bc70b73d	-	{α : Type} → Except Minidregg.Kernel.ObjectiveActivity.Refusal α → Except Minidregg.Kernel.ObjectiveActivityReceiver.Reject α
theorem	Minidregg.Kernel.ObjectiveActivityReceiver.malformed_no_charge	e2dfdd8d10fa5a465b4b399700a5e20fd4839a80e76ec625961b1c2424ba3463	6a76c80767b436a40683f24073a337ed158ef070a016ecd45a1fa07e4ebb8884	8883e59acb4ffa206b0857146b5c915fddf9029ee9d8e960b31dde3c35a11d51	7b2d4a30c00572af	Classical.choice,Quot.sound,propext	∀ {F : Type} [inst : Field F] [inst_1 : DecidableEq F] (deployment : Minidregg.Kernel.ObjectiveActivityReceiver.Deployment) (profile : Minidregg.Compiler.CanonicalRuntimeProfile.Profile F) (ambient : Minidregg.Kernel.ObjectiveKernelConfig.Ambient) (native : Minidregg.Compiler.CredentialSignatureIO.NativeConfig) (transport : Minidregg.Compiler.DurableReceiverIO.Transport) (durable : Minidregg.Kernel.ObjectiveActivityReceiver.Durable) {bytes : List UInt8}, Minidregg.Kernel.ObjectiveActivityReceiver.decodeIngress bytes = Option.none → Minidregg.Kernel.ObjectiveActivityReceiver.receiveLoaded deployment profile ambient native transport durable bytes = Pure.pure (Minidregg.Kernel.ObjectiveActivityReceiver.Result.rejected Minidregg.Kernel.ObjectiveActivityReceiver.Reject.malformedIngress)
def	Minidregg.Kernel.ObjectiveActivityReceiver.marker	9a0eb65322d766ac3c15c2aa1da2f70caebdf053d088e5ddc7fccf65b9723847	8bc38af3f32de4d204747ba3e86a87b09f321f933c8e72868a67c52b70eaf632	98ad7a4f45e46a185bbb100ac2c6403945475f9ff744f65353a55c09be78fcfb	1f40d2644db1fdd1	Classical.choice,Quot.sound,propext	Minidregg.Theory.TypedAuthorization.Digest → Minidregg.Theory.TypedAuthorization.Digest → Minidregg.Kernel.ObjectiveActivityReceiver.Command → ℕ
def	Minidregg.Kernel.ObjectiveActivityReceiver.messageRequest	3a77b2976b2d182a123788bde513753c057c42573c0b8aeeafedccddf4374685	4302b4f673d3c8bd8dbfe326ca63273c38aa2a055232ce6eb8f422f233dc382d	490f7e2a22b3037ffc79ef1e0afbddde49defebf418e978181f5e7eb3ad01ebc	62e4b8f2c7c54246	-	Minidregg.Kernel.ObjectiveActivityReceiver.Command → ℕ → ℕ → Minidregg.Theory.TypedAuthorization.Digest → Minidregg.Kernel.ObjectiveSend.MessageRequest
def	Minidregg.Kernel.ObjectiveActivityReceiver.migrateRequest	5b1ec8d372c93aa5086432cc82f169e695509c9a571241be2f8b80ec770874a8	d55fde248e5f99089ae98fa6daf42b84905ee75cab863a8a21724bd3b3633b2d	ac952ce36474ab51f32cf9fc21119cb9721034b3b5ff62be3590875422163823	9b3579a6409c88d9	-	Minidregg.Kernel.ObjectiveActivityReceiver.Command → ℕ → ℕ → Minidregg.Kernel.ObjectiveActivity.MigrateRequest
theorem	Minidregg.Kernel.ObjectiveActivityReceiver.native_birth_on_pinned_object	f0291869d3d748cecdb48e09964246ece30c132cb9703b579f11c5ad29ba3fd0	bfda6238d5c260b5ca395cf41cbd434a6fdb91157dc5363ff1d563fc40e680a3	383d558ed68617ce1c93cd043110f367c2f0fe6669a75d1f34c4fbc137a0c27b	fba52c7d25495ce3	Classical.choice,Quot.sound,propext	∀ {F : Type} [inst : Field F] {deployment : Minidregg.Kernel.ObjectiveActivityReceiver.Deployment} {profile : Minidregg.Compiler.CanonicalRuntimeProfile.Profile F} {ambient : Minidregg.Kernel.ObjectiveKernelConfig.Ambient} {durable : Minidregg.Kernel.ObjectiveActivityReceiver.Durable} [inst_1 : DecidableEq F] {ingress : Minidregg.Kernel.ObjectiveActivityReceiver.DecodedIngress} (accepted : Minidregg.Kernel.ObjectiveActivityReceiver.Accepted deployment profile ambient durable ingress) {request : Minidregg.Kernel.ObjectiveActivity.BirthRequest} {born : Minidregg.Kernel.ObjectiveActivity.Birth accepted.prepared.config durable.snapshot ambient.height request} {signed : request.predecessor = Option.none}, accepted.prepared.decided = Minidregg.Kernel.ObjectiveActivity.AdmittedTurn.birth request signed born → ∃ object, Minidregg.Kernel.ObjectiveActivity.readObject accepted.prepared.config durable.snapshot request.object = Except.ok (Option.some object) ∧ object.activePin = request.pin
theorem	Minidregg.Kernel.ObjectiveActivityReceiver.native_delivery_consumes_once	c38f2e9591912f339ade15f4af86c5bd914e2cd3adab48bc5aee11559a751cd2	3230d30af8e46e03799a6f1926a68f873e21aeca04632cb80a78cd03d4d4c674	b9f2a885aad062083fce0daf463ff2003b67251660ddcfcf650c9f812f4c08f9	01d6d42be6ea4a46	Classical.choice,Quot.sound,propext	∀ {F : Type} [inst : Field F] {deployment : Minidregg.Kernel.ObjectiveActivityReceiver.Deployment} {profile : Minidregg.Compiler.CanonicalRuntimeProfile.Profile F} {ambient : Minidregg.Kernel.ObjectiveKernelConfig.Ambient} {durable : Minidregg.Kernel.ObjectiveActivityReceiver.Durable} [inst_1 : DecidableEq F] {ingress : Minidregg.Kernel.ObjectiveActivityReceiver.DecodedIngress} (accepted : Minidregg.Kernel.ObjectiveActivityReceiver.Accepted deployment profile ambient durable ingress) {request : Minidregg.Kernel.ObjectiveActivity.DeliverRequest} {delivery : Minidregg.Kernel.ObjectiveActivity.Delivery accepted.prepared.config durable.snapshot ambient.height request}, accepted.prepared.decided = Minidregg.Kernel.ObjectiveActivity.AdmittedTurn.deliver request delivery → ∀ {next : Minidregg.Kernel.DurableDataIntent.DataSnapshot Minidregg.Compiler.ResourceBirthCodec.rootBytes}, Minidregg.Kernel.DurableDataIntent.execute Minidregg.Kernel.DurableCommitProtocol.Schedule.complete durable.snapshot (Minidregg.Kernel.ObjectiveActivityReceiver.intent accepted) = Minidregg.Kernel.DurableDataIntent.Outcome.accepted next → (∀ (later : Minidregg.Kernel.DurableDataIntent.DataIntent Minidregg.Compiler.ResourceBirthCodec.rootBytes), Minidregg.Kernel.ObjectiveActivity.awaitClaim delivery.await.id ∈ later.nullifiers → ∀ (schedule : Minidregg.Kernel.DurableCommitProtocol.Schedule) (after : Minidregg.Kernel.DurableDataIntent.DataSnapshot Minidregg.Compiler.ResourceBirthCodec.rootBytes), Minidregg.Kernel.DurableDataIntent.execute schedule next later ≠ Minidregg.Kernel.DurableDataIntent.Outcome.accepted after) ∧ ∀ (schedule : Minidregg.Kernel.DurableCommitProtocol.Schedule), Minidregg.Kernel.DurableDataIntent.execute schedule next (Minidregg.Kernel.ObjectiveActivityReceiver.intent accepted) = Minidregg.Kernel.DurableDataIntent.Outcome.replayed (Minidregg.Kernel.ObjectiveActivityReceiver.intent accepted).erase
theorem	Minidregg.Kernel.ObjectiveActivityReceiver.native_delivery_fields_bind_checkpoint	51e9d62063722539e82c97c187d6b79403ada473e62847db2614b61adecb2819	33aca3322232ab1a94b1fbad2c02afc7c4b9b5726278a7f4668ce2ca3dec0e69	ce699071cc3039bd8464e2da63f414d35f42a6ed91605b6ef524dcd4cb88b9e6	4941cb094d2cb109	Classical.choice,Quot.sound,propext	∀ {F : Type} [inst : Field F] {deployment : Minidregg.Kernel.ObjectiveActivityReceiver.Deployment} {profile : Minidregg.Compiler.CanonicalRuntimeProfile.Profile F} {ambient : Minidregg.Kernel.ObjectiveKernelConfig.Ambient} {durable : Minidregg.Kernel.ObjectiveActivityReceiver.Durable} [inst_1 : DecidableEq F] {ingress : Minidregg.Kernel.ObjectiveActivityReceiver.DecodedIngress} (accepted : Minidregg.Kernel.ObjectiveActivityReceiver.Accepted deployment profile ambient durable ingress) {request : Minidregg.Kernel.ObjectiveActivity.DeliverRequest} {delivery : Minidregg.Kernel.ObjectiveActivity.Delivery accepted.prepared.config durable.snapshot ambient.height request}, accepted.prepared.decided = Minidregg.Kernel.ObjectiveActivity.AdmittedTurn.deliver request delivery → ∃ record state, Minidregg.Kernel.ObjectiveActivity.readRecord durable.snapshot request.record = Option.some record ∧ record.phase = Minidregg.Kernel.ObjectiveActivity.Phase.awaiting delivery.await ∧ delivery.await.id = Minidregg.Kernel.ObjectiveActivity.awaitId request.record record.generation (Minidregg.Kernel.ObjectiveActivityWire.checkpointDigest record.checkpoint) ∧ Minidregg.Kernel.ObjectiveActivityWire.decodeCheckpoint record.checkpoint = Option.some state ∧ Minidregg.Theory.ObjectiveBendDemandMachine.resume (Minidregg.Kernel.ObjectiveActivity.responseData delivery.settlement.decided delivery.view).term state = Option.some delivery.resumed
theorem	Minidregg.Kernel.ObjectiveActivityReceiver.native_end_closes_held_seats	2807e96cc3701c9bf86ef67c9b837f7f6995d017c4fcb6732d218ec264a4a853	15b10a9907b0b40543b97b1b620bc249cbabe466457de2cebcc2a5ce3f078552	21c8607f20cc70706cdbb5e86fe8750bc3368b2b0645816df112d12c1c849240	16a916954f446642	Classical.choice,Quot.sound,propext	∀ {F : Type} [inst : Field F] {deployment : Minidregg.Kernel.ObjectiveActivityReceiver.Deployment} {profile : Minidregg.Compiler.CanonicalRuntimeProfile.Profile F} {ambient : Minidregg.Kernel.ObjectiveKernelConfig.Ambient} {durable : Minidregg.Kernel.ObjectiveActivityReceiver.Durable} [inst_1 : DecidableEq F] {ingress : Minidregg.Kernel.ObjectiveActivityReceiver.DecodedIngress} (accepted : Minidregg.Kernel.ObjectiveActivityReceiver.Accepted deployment profile ambient durable ingress) {record : ℕ} {pre : Minidregg.Kernel.ObjectiveActivity.BookCell} {posted : Minidregg.Kernel.ObjectiveActivity.Postings pre}, Minidregg.Kernel.ActivitySeatEnd.AdmittedTurn.ending accepted.prepared.decided = Option.some (record, ⟨pre, posted⟩) → Minidregg.Kernel.SeatStore.readHoldings durable.snapshot accepted.prepared.config.domain record ≠ [] → ∃ joined, accepted.prepared.final.1 = joined.rewrite (Minidregg.Kernel.ObjectiveActivity.AdmittedTurn.posts accepted.prepared.decided) ∧ (∀ seat ∈ Minidregg.Kernel.Seats.heldOpen (joined.held.loaded.world (posted.batch.apply (Minidregg.Theory.CanonicalResourceKernel.logicalBook pre.logical))) ambient.height record, ∀ after ∈ joined.held.next.seats, after.account ≠ seat.account) ∧ Minidregg.Kernel.Seats.Posts (Minidregg.Theory.CanonicalResourceKernel.logicalBook pre.logical) (Minidregg.Kernel.Seats.seqBatch posted.batch joined.held.batch) joined.held.next.book
def	Minidregg.Kernel.ObjectiveActivityReceiver.nullifier	f197c57d1d7d61109b6422c8cac712d86eb80cb50df4dff131a00d73e30a9a41	393f77fadfd991fb30ba60753a8febf3346446110908788e4e7287cc7e18b261	6af276b1502115412b7901c83ea9776cf887316b29001825b07973feecea9698	86717dbd0899e7f8	Classical.choice,Quot.sound,propext	Minidregg.Theory.TypedAuthorization.Digest → Minidregg.Theory.TypedAuthorization.Digest → Minidregg.Kernel.ObjectiveActivityReceiver.Command → Minidregg.Kernel.DurableDataIntent.StableNullifier
def	Minidregg.Kernel.ObjectiveActivityReceiver.objectHolder	6da0a2d0f5a9ed0eab4e28bf92e097914d67ad616e40582a9d9a41448c494227	7be02649099059912ccdc6280e4119c787afeaf267d9ab0f62fd57e60599184a	c3314081660369b4df333e7f750a3724160e176bef95c251591087d0f3b8f9fb	13e6f9ceb20de40c	Classical.choice,Quot.sound,propext	Minidregg.Kernel.ObjectiveActivityReceiver.Snapshot → Minidregg.Theory.TypedAuthorization.Digest → Minidregg.Kernel.ObjectiveKernelConfig.Ambient → Minidregg.Kernel.ObjectiveActivityReceiver.Command → ℕ → Minidregg.Theory.TypedAuthorization.CapabilityId → Minidregg.Theory.TypedAuthorization.Digest → Minidregg.Theory.TypedAuthorization.Digest → Bool
def	Minidregg.Kernel.ObjectiveActivityReceiver.outcomeDigest	5d191b1317ca59c8b6ac5549fafde567fc93032b2c6aed0c9e08ef375001d7a8	ec714776af2b02c14f411aca7a133ceac3308c48de03042a93bc7ec333f4032c	0da460b7587da7beebb904d2c9b18c49d0fe9367a4e0cf7a8d1582fb36fd849c	4496b456e52353a3	Classical.choice,Quot.sound,propext	List Minidregg.Kernel.ObjectiveActivityWire.Post → Minidregg.Theory.TypedAuthorization.Digest
def	Minidregg.Kernel.ObjectiveActivityReceiver.payment	880600d44c28b7b5111c5ae3f9e287de472e71e47af6f37cdcf3557e638bf650	5c3016081c5e87e814503da7135bf4f1ac037467fdceba1252fc79f813c65970	8c73e08d0ac03581d914c86aaab5494c50776c81d787831e6667c990c7477d9d	ea2aec2c9c39ef7f	propext	Minidregg.Kernel.ObjectiveActivity.Config → Minidregg.Kernel.ObjectiveActivityReceiver.Command → Option (ℕ × ℕ)
def	Minidregg.Kernel.ObjectiveActivityReceiver.physicalShapeDecidable	8a0edd8c018727083d98f6ab5993a5a1249182e2927a2b76d631687e53a241fc	a5e803b85714e0301a92daf2f1353d2eeb828e14a0f090c5a936ef59bb58730c	762f8dbca54943d89698b60d732fbc3999eb80ef2c1857a0d012dbde991a2c48	4c477bc00ece85bd	Classical.choice,Quot.sound,propext	{F : Type} → [inst : Field F] → {deployment : Minidregg.Kernel.ObjectiveActivityReceiver.Deployment} → {profile : Minidregg.Compiler.CanonicalRuntimeProfile.Profile F} → {ambient : Minidregg.Kernel.ObjectiveKernelConfig.Ambient} → {durable : Minidregg.Kernel.ObjectiveActivityReceiver.Durable} → {command : Minidregg.Kernel.ObjectiveActivityReceiver.Command} → (prepared : Minidregg.Kernel.ObjectiveActivityReceiver.Prepared deployment profile ambient durable command) → (ingress : Minidregg.Kernel.ObjectiveActivityReceiver.DecodedIngress) → Decidable (Minidregg.Kernel.ObjectiveActivityReceiver.PhysicalShape prepared ingress)
def	Minidregg.Kernel.ObjectiveActivityReceiver.planFrontEnd	c12ff09c86145d1f134f621f84965d76d55c7dbf45c02d719f1934f5c57944bb	96ae13cac5ad8e8c9aaf8a595afff10a28d3b4ce8affc8ee1eb2f530cefd6c07	e04e4b994199cfd9224fd74215b690d596213e4be7126d12953c218a0d30ec28	f842c728810c3abf	Classical.choice,Quot.sound,propext	{F : Type} → [inst : Field F] → Minidregg.Kernel.ObjectiveActivityReceiver.Deployment → Minidregg.Compiler.CanonicalRuntimeProfile.Profile F → Minidregg.Kernel.ObjectiveKernelConfig.Ambient → Minidregg.Kernel.ObjectiveActivityReceiver.Durable → Minidregg.Kernel.ObjectiveActivityReceiver.Command → Minidregg.Kernel.ObjectiveCall.FrontEnd
def	Minidregg.Kernel.ObjectiveActivityReceiver.planOutcome	0c16223f500e4a748f836957e8227007739aad9b00e9b7a29beffcc2548102b7	6b2c35fc2019150a0473b3ee83908eaaa3bc27a5b247246f5d2f65a9de37a141	40d47391d8499fad474fc768b8dd7b1a88a4206341a35f73220fb81299e806eb	1d72d07544422517	Classical.choice,Quot.sound,propext	{F : Type} → [inst : Field F] → Minidregg.Kernel.ObjectiveActivityReceiver.Deployment → Minidregg.Compiler.CanonicalRuntimeProfile.Profile F → Minidregg.Kernel.ObjectiveKernelConfig.Ambient → Minidregg.Kernel.ObjectiveActivityReceiver.Durable → Minidregg.Kernel.ObjectiveActivityReceiver.Command → Minidregg.Theory.TypedAuthorization.Digest
def	Minidregg.Kernel.ObjectiveActivityReceiver.planReport	6977eacb8669332ab85c421250b0db1da043e211eba18f249b080b8c18108219	c1a3062593bb57c9052c048c47eefb3611295699262b0a940cc193d996967970	c58bb878db5c69beb136658940ff61bb97749aa41347f98723104b2b1e5bbd1c	54082a0c745ed1a4	Classical.choice,Quot.sound,propext	{F : Type} → [inst : Field F] → Minidregg.Kernel.ObjectiveActivityReceiver.Deployment → Minidregg.Compiler.CanonicalRuntimeProfile.Profile F → Minidregg.Kernel.ObjectiveKernelConfig.Ambient → Minidregg.Kernel.ObjectiveActivityReceiver.Durable → Minidregg.Kernel.ObjectiveActivityReceiver.Command → List UInt8
def	Minidregg.Kernel.ObjectiveActivityReceiver.planVerdict	75a69305ba5a5c2a349fbe24dd81dff205095051e024c3d631edfcb81ae8b8c9	c72c87a169b8007b357192b8a6915136d6383bbf600fa7eae1ad5ac683d90a3d	bd7289bb748fe90168080e5769da98c75cd3d913bf03fa43bfcbf45d5a585b06	7c186743e934adf6	Classical.choice,Quot.sound,propext	{F : Type} → [inst : Field F] → Minidregg.Kernel.ObjectiveActivityReceiver.Deployment → Minidregg.Compiler.CanonicalRuntimeProfile.Profile F → Minidregg.Kernel.ObjectiveKernelConfig.Ambient → Minidregg.Kernel.ObjectiveActivityReceiver.Durable → Minidregg.Kernel.ObjectiveActivityReceiver.Command → String
def	Minidregg.Kernel.ObjectiveActivityReceiver.postStream	ba828b07bb3f20cdb7c1fb696171ae4835d754004e68f76fb1091d0037c5a4f7	1f4518b53361acf8f73319042104a29987b4f6ed6c80d6e599de5d44724467bf	c565d697e1d9867d627e31bd89c4c52baab10cb5e422c4e1188bb2098cea564e	a6bae553f55983de	Classical.choice,Quot.sound,propext	Minidregg.Compiler.Tower256ConcreteBackend.StreamCodec Minidregg.Kernel.ObjectiveActivityWire.Post
def	Minidregg.Kernel.ObjectiveActivityReceiver.prepare	ffa1047fea4f3eb2bbc32757a91170d4604c6a07ecd8ba01ad0876fe3f9ad926	d307e0a3bb96526fc7a102c70e179af752dead840dba06c54872cbb1068a1306	079e26e19da9f92b24389652b1ec767885c179712f7c39155f44bec350605cee	34cf612a511b2df3	Classical.choice,Quot.sound,propext	{F : Type} → [inst : Field F] → {deployment : Minidregg.Kernel.ObjectiveActivityReceiver.Deployment} → {profile : Minidregg.Compiler.CanonicalRuntimeProfile.Profile F} → {ambient : Minidregg.Kernel.ObjectiveKernelConfig.Ambient} → {durable : Minidregg.Kernel.ObjectiveActivityReceiver.Durable} → {command : Minidregg.Kernel.ObjectiveActivityReceiver.Command} → {claimed : Minidregg.Theory.TypedAuthorization.Digest} → Minidregg.Kernel.ObjectiveActivityReceiver.Gated deployment profile ambient durable command claimed → Except Minidregg.Kernel.ObjectiveActivityReceiver.Reject (Minidregg.Kernel.ObjectiveActivityReceiver.Prepared deployment profile ambient durable command)
def	Minidregg.Kernel.ObjectiveActivityReceiver.publishStream	1ee35ec7057416b568f68ce522bf7d207e3d9e9c0e56db8eba405841231cb112	fc024eaf749bfa4759b646e62b268194a88f348cadf9e7e9f8f770c96e38466f	eff3266f9551b343173e43cf35c6bf10e14dc93634eca518d185dd4e7e8c0591	d0c6825e58a8fc00	Classical.choice,Quot.sound,propext	Minidregg.Compiler.Tower256ConcreteBackend.StreamCodec Minidregg.Kernel.ObjectiveActivityReceiver.PublishWire
def	Minidregg.Kernel.ObjectiveActivityReceiver.receipt	26e5fa428610cadf898dcdf1a28c94015271dfb7e1957a6ff267f8772ae84902	e431d15c2c34e69b05004c289793d898fb16ac1dabcfb40d2dac79faa830927f	2a2cd36e80cf5a8f9fb5ca45dfada0ed6d02d473a0cc4b69968bac670a7114b5	8ecc9691a25e6d30	Classical.choice,Quot.sound,propext	Minidregg.Theory.TypedAuthorization.Digest → Minidregg.Theory.TypedAuthorization.Digest → Minidregg.Kernel.ObjectiveActivityReceiver.DecodedIngress → Minidregg.Kernel.ObjectiveActivityReceiver.Receipt
def	Minidregg.Kernel.ObjectiveActivityReceiver.receiveLoaded	b3868a58f94470d1d04e0289d29264380993d74b164762db204d27e57e734da3	6807f9ffb07025d770220f2cd11ca1786aa50153ab5d9f996a0f07df92278b74	681706b948d6153f13ab326a49387721fcb360759d634dcfe55a5b1576124c7d	c674aa6040f25e53	Classical.choice,Quot.sound,propext	{F : Type} → [inst : Field F] → [DecidableEq F] → Minidregg.Kernel.ObjectiveActivityReceiver.Deployment → Minidregg.Compiler.CanonicalRuntimeProfile.Profile F → Minidregg.Kernel.ObjectiveKernelConfig.Ambient → Minidregg.Compiler.CredentialSignatureIO.NativeConfig → Minidregg.Compiler.DurableReceiverIO.Transport → Minidregg.Kernel.ObjectiveActivityReceiver.Durable → List UInt8 → IO Minidregg.Kernel.ObjectiveActivityReceiver.Result
def	Minidregg.Kernel.ObjectiveActivityReceiver.registerRequest	0b466e6e8a4b8d43d1dd78ccb7e56300e21082c553550a76cbbdb7bf6d9a88f4	95b8932127ff2469df50d89653edb3563c78171176a71253f4a6b2f989cc04fa	88437ed5b774c3262c108bf981f425e1a021056ac0cb19f6313366cd147147a6	a4808f5427e1ea72	-	Minidregg.Kernel.ObjectiveActivityReceiver.Command → List (ℕ × Minidregg.Theory.TypedAuthorization.CapabilityId) → Minidregg.Pred.Pred → ℕ → Minidregg.Compiler.ObjectiveInvocationClaim.Capacity → Minidregg.Kernel.ObjectiveActivity.RegisterRequest
def	Minidregg.Kernel.ObjectiveActivityReceiver.registerStream	df21e9c254c1784eb89787059a07b9040c86e2e68d1af8d3506848b1d0d17cf2	f00cb2ecdfabf94d88a7d200515c1b6c1861bbbe73cd6593a1635dececcbfdbc	ac91115e2ee02cc829f128f0ca3e56099f3aa9b3f760d1f3d8a57a3ed641c38e	641cb0fc04da5fb8	Classical.choice,Quot.sound,propext	Minidregg.Compiler.Tower256ConcreteBackend.StreamCodec Minidregg.Kernel.ObjectiveActivityReceiver.RegisterWire
def	Minidregg.Kernel.ObjectiveActivityReceiver.replay	52db139882aca77b95cf060d855d1b3ece88be63bd65ffd34422a9b09901ecae	647024136b80ed72388449ccb7bc58243480d7f50324aa9a1cb5b9ed7e6c440c	8d5b39f6b7eb0d3ae2fee34e4dc27662ceda12b7525b06a1d24d259a8d427325	d986ac4b2e80f42c	Classical.choice,Quot.sound,propext	Minidregg.Theory.TypedAuthorization.Digest → Minidregg.Theory.TypedAuthorization.Digest → Minidregg.Kernel.ObjectiveActivityReceiver.Durable → Minidregg.Kernel.ObjectiveActivityReceiver.DecodedIngress → Option (Except Unit Minidregg.Kernel.ObjectiveActivityReceiver.Replayed)
theorem	Minidregg.Kernel.ObjectiveActivityReceiver.replay_exact	3df8fe4acaf0eea06030f8d10cf9b52a135e5bad8f8ba0ac8aae4b333cef963d	f516e9a384e40abe5338bc0450202fdc9bc6d2dd5ef261ee9d8807bb64213e50	fb66a14a9f30d02e02572f223e7e992daf40cf51093ad27f93d313d50000f36d	4232d76815b7723b	Classical.choice,Quot.sound,propext	∀ {domain semantics : Minidregg.Theory.TypedAuthorization.Digest} {durable : Minidregg.Kernel.ObjectiveActivityReceiver.Durable} {ingress : Minidregg.Kernel.ObjectiveActivityReceiver.DecodedIngress} {recorded : Minidregg.Kernel.DurableCommitProtocol.Intent Minidregg.Theory.TypedAuthorization.Digest Minidregg.Kernel.DurableDataIntent.CellId Minidregg.Kernel.DurableDataIntent.StableNullifier Minidregg.Kernel.DurableDataIntent.ReplayEnvelope}, Minidregg.Kernel.DurableCommitProtocol.Snapshot.lookupRecorded (Minidregg.Kernel.ObjectiveActivityReceiver.transactionId domain semantics ingress) durable.snapshot.model.journal = Option.some recorded → recorded.transactionId = Minidregg.Kernel.ObjectiveActivityReceiver.transactionId domain semantics ingress → recorded.event.event = Minidregg.Kernel.ObjectiveActivityReceiver.event domain semantics ingress → Minidregg.Kernel.ObjectiveActivityReceiver.replay domain semantics durable ingress = Option.some (Except.ok (Minidregg.Kernel.ObjectiveActivityReceiver.Replayed.exact (Minidregg.Kernel.ObjectiveActivityReceiver.receipt domain semantics ingress)))
theorem	Minidregg.Kernel.ObjectiveActivityReceiver.replay_invoke_recorded	f4c00596aa193c1ee47fa25e595a0754bac2501e0908de3a9ef6c91f6d0733ca	d74a06b24fb72e506e207fb210c7081e658de76a4eda2f84c1aedb59421df419	a9200a2194b617bf5a8e9e87329784d5ebd7d6abc5b7b7f3d6f6103260b30493	efada1bf5e77e4ff	Classical.choice,Quot.sound,propext	∀ {domain semantics : Minidregg.Theory.TypedAuthorization.Digest} {durable : Minidregg.Kernel.ObjectiveActivityReceiver.Durable} {ingress : Minidregg.Kernel.ObjectiveActivityReceiver.DecodedIngress} {recorded : Minidregg.Kernel.DurableCommitProtocol.Intent Minidregg.Theory.TypedAuthorization.Digest Minidregg.Kernel.DurableDataIntent.CellId Minidregg.Kernel.DurableDataIntent.StableNullifier Minidregg.Kernel.DurableDataIntent.ReplayEnvelope}, Minidregg.Kernel.DurableCommitProtocol.Snapshot.lookupRecorded (Minidregg.Kernel.ObjectiveActivityReceiver.transactionId domain semantics ingress) durable.snapshot.model.journal = Option.some recorded → recorded.transactionId = Minidregg.Kernel.ObjectiveActivityReceiver.transactionId domain semantics ingress → recorded.event.event ≠ Minidregg.Kernel.ObjectiveActivityReceiver.event domain semantics ingress → ingress.command.isInvoke = Bool.true → Minidregg.Kernel.ObjectiveActivityReceiver.replay domain semantics durable ingress = Option.some (Except.ok (Minidregg.Kernel.ObjectiveActivityReceiver.Replayed.retry { transactionId := recorded.transactionId, eventId := recorded.event.event.eventId }))
def	Minidregg.Kernel.ObjectiveActivityReceiver.requestAt	c2c3eb4257daa435ef9403e21db25784831e7b367583aa176c1657d1e117de47	83202cd61ddf938cc46f9e66ed99655ea12430c0b214f90cf23ecb7f2c21e1d0	5fcfe777897a055f6597f8d80a3759299ca7e5129d0d8525201c504897cb97df	6de335cbd2b0b68f	Classical.choice,Quot.sound,propext	Minidregg.Kernel.ObjectiveActivityReceiver.Snapshot → Minidregg.Theory.TypedAuthorization.Digest → Minidregg.Kernel.ObjectiveKernelConfig.Ambient → Minidregg.Kernel.ObjectiveActivityReceiver.Command → Minidregg.Theory.TypedAuthorization.ResourceKind → ℕ → Minidregg.Theory.TypedAuthorization.Digest → Minidregg.Theory.TypedAuthorization.Digest → Minidregg.Theory.PackedEffectRequest
def	Minidregg.Kernel.ObjectiveActivityReceiver.requireSome	6bd2a878108172805e91373c557d741d8c4818c8136cd19449f1bc6b435158c3	b125449d88dea309b5e7ecfc923c05a1fd633f95f66a00e9d265dc41338c7f8c	9c16833fa64988e8caf5705da65928ccb5917c3c2a8b4cfac80e0ca6c13028cd	2e6abfdc13333aca	-	{A : Type} → Minidregg.Kernel.ObjectiveActivityReceiver.Reject → Option A → Except Minidregg.Kernel.ObjectiveActivityReceiver.Reject A
def	Minidregg.Kernel.ObjectiveActivityReceiver.retiredAt	f9080b09837642048375f5cd13f54451cf2cebacc1c3d89662bd30c24499de3c	5b23fc4cc669decc49d21ac398518eed386e0a983fc853aa6b2c86696c9ef82b	95ac58e708e47a27d9468b34319936b545e56d45d69e2c40963f34680d209b04	7d009dd68c1f1b1a	Classical.choice,Quot.sound,propext	Minidregg.Kernel.DurableDataIntent.DataWrite → Bool
def	Minidregg.Kernel.ObjectiveActivityReceiver.retryAnswer	6fde96abc21205153d639498c67554013ca63ca815d7a6d1fee41b7a50310b9f	2507b4a77fd07ab4ae24f502d0f1da31f6431c235e8b0d7108560ce9f94a7fdd	1c02f92498ed288f680604b32e7a44a36fdb3b015447b7ac49b9b27fabb3939d	34aba6427981f61c	-	Except Minidregg.Kernel.ObjectiveActivityReceiver.Reject Unit → Minidregg.Kernel.ObjectiveActivityReceiver.Receipt → Minidregg.Kernel.ObjectiveActivityReceiver.Result
def	Minidregg.Kernel.ObjectiveActivityReceiver.retrySnapshot	184951bdc9ce306605e95249968488c88ce242f9ed017d12ff625b0e22e0154b	05401f3a128f1ba2dac9bc42eb7be94630c73ff754d2cf5d713344e0225e2518	bd01dcce785d96e952a77b96fe9d579a095b89938b62c3b382e1cb962efc815f	9801e7d08aee000b	Classical.choice,Quot.sound,propext	Minidregg.Compiler.CredentialAuthorityDomain.Snapshot → ℕ → Minidregg.Compiler.CredentialAuthorityDomain.Snapshot
theorem	Minidregg.Kernel.ObjectiveActivityReceiver.retry_unverified_refused	a967a7c9a474eaa7e418ed97a4c76ae9b7b64c94e5777e4106da2e653ee2af0f	2254253924252e636cce49dc99b5ed5e171eb3cd68ab1685b987630c9519e407	501ecf7c3b7d497b8860026e7149a1849b26f72afb9fc50c3eb59a9b26bad901	66c2798bfd1f93aa	propext	∀ (reason : Minidregg.Kernel.ObjectiveActivityReceiver.Reject) (prior : Minidregg.Kernel.ObjectiveActivityReceiver.Receipt), Minidregg.Kernel.ObjectiveActivityReceiver.retryAnswer (Except.error reason) prior = Minidregg.Kernel.ObjectiveActivityReceiver.Result.rejected reason ∧ ∀ (kind : Minidregg.Compiler.DurableReceiverIO.Confirmation) (receipt : Minidregg.Kernel.ObjectiveActivityReceiver.Receipt), Minidregg.Kernel.ObjectiveActivityReceiver.retryAnswer (Except.error reason) prior ≠ Minidregg.Kernel.ObjectiveActivityReceiver.Result.confirmed kind receipt
def	Minidregg.Kernel.ObjectiveActivityReceiver.sealAt	adf4eb093a7be386bcb42f0b0accb02a578187baa28c136e9f5f763ecff0f15b	daba592c2ffca8682f3187facc064e80f7edaa12d3fb2b3efc56baf8df9f9842	35bd910445fd254b7bb5c3fff9a429ab400dc71221e72a72a7d49aab8c49dc30	c342c6fa3df58a0e	Classical.choice,Quot.sound,propext	{F : Type} → [inst : Field F] → {deployment : Minidregg.Kernel.ObjectiveActivityReceiver.Deployment} → {profile : Minidregg.Compiler.CanonicalRuntimeProfile.Profile F} → {durable : Minidregg.Kernel.ObjectiveActivityReceiver.Durable} → Minidregg.Compiler.CredentialAuthorityDomainReceiver.Loaded deployment durable.snapshot → Minidregg.Kernel.ObjectiveActivityReceiver.Command → Minidregg.Kernel.ObjectiveActivityReceiver.DecodedIngress → Minidregg.Kernel.ObjectiveActivityWire.Seal
def	Minidregg.Kernel.ObjectiveActivityReceiver.seatCellAt	b36fb7c0e631828a26d007b82bcdabc333831736cab0e3a47af9d29cab658257	4167a8c220f268b9e99f3a7475afbdd8b7a7fe504540bb1c590460e15c1b9717	83ad43d2f0020a8008b08592c2f56da98f736c31098c767078cdb97186c0c5ce	76a3d62da5a0546d	Classical.choice,Quot.sound,propext	Minidregg.Kernel.ObjectiveActivityReceiver.Deployment → Minidregg.Kernel.DurableDataIntent.DataWrite → Bool
def	Minidregg.Kernel.ObjectiveActivityReceiver.signedRequest	dc2b43486d7ddf5b0ecac39ef2e0ad8475c3205b2163b0c5bf8e0524235b67c8	5943dd5bb04c9b4028e841998c19ef2b231f7e2510513b4e706886c67acdc074	b4d43ca3154a495b37c6ebd60b92a3fe7082d2f9defe3750d36865e4cf01c34d	dd9206a8f32531e3	Classical.choice,Quot.sound,propext	Minidregg.Kernel.ObjectiveActivityReceiver.Snapshot → Minidregg.Theory.TypedAuthorization.Digest → Minidregg.Kernel.ObjectiveKernelConfig.Ambient → Minidregg.Kernel.ObjectiveActivityReceiver.Command → Minidregg.Theory.TypedAuthorization.Digest → Minidregg.Theory.TypedAuthorization.Digest → Minidregg.Theory.PackedEffectRequest
def	Minidregg.Kernel.ObjectiveActivityReceiver.signedTarget	3a3b8f8836c3c2890b95259b6613b1ddf7cf3da4721d79607ac21af4e23ee605	392e5ab706c91358eb82cae9fff0d2d155f382679adcd2859bdfe6fa03963515	0f5f9d57fbd717ae291bba81b62043ad5611121c68188c99ec25d330b62936d8	913bbce9922ad974	Classical.choice,Quot.sound,propext	Minidregg.Theory.TypedAuthorization.Digest → Minidregg.Kernel.ObjectiveActivityReceiver.Command → Minidregg.Theory.TypedAuthorization.ResourceKind × ℕ
def	Minidregg.Kernel.ObjectiveActivityReceiver.signingHeader	9bb20da93529fb17216a1192ef57b7de3d25f87d90514588028d5ff14d410964	9a5f0bd76c921285c885ca5017e39381959516dd6c59512c29bb04fc903bb7c2	e302b6a2e122df2309cbc835cad8687ddecb4f0426428cd58596e92d2717e828	b2a282ec54a16896	Classical.choice,Quot.sound,propext	{F : Type} → [inst : Field F] → Minidregg.Kernel.ObjectiveActivityReceiver.Deployment → Minidregg.Compiler.CanonicalRuntimeProfile.Profile F → Minidregg.Kernel.ObjectiveKernelConfig.Ambient → Minidregg.Kernel.ObjectiveActivityReceiver.Durable → Minidregg.Kernel.ObjectiveActivityReceiver.Command → Except String Minidregg.Kernel.CredentialSignedEnvelopeController.SignedHeader
def	Minidregg.Kernel.ObjectiveActivityReceiver.signingPlanCodec	8aa57a7769bf6fbb0c487d007f589e9ca70536f5af363d9049d2477bbe14b731	20e76c8a62d8170cc74fb0e812a2f4ac22b6fbfda104ecfbcec7d4504a34b00c	8111e65c4a4604e218c6a81f89360c34189a1675807b3363a6fbda75c70e286c	c5c552a39db07842	Classical.choice,Quot.sound,propext	Minidregg.Theory.IndexedProgram.LawfulCodec Minidregg.Kernel.ObjectiveActivityReceiver.SigningPlan
def	Minidregg.Kernel.ObjectiveActivityReceiver.signingPlanStream	2e61160f67e358a6cd15773096f50ac27e55a250089524b7071eefa95bf42ae5	ba590b9fd9f3c641f02e6890c7a3048eb480054ecd6c9b591385c1c76cac7bbd	fbe701ca94ec0d03610c680313ab86978da903ae232f2fad49c2c59b5807a72c	f63a007f3624b78d	Classical.choice,Quot.sound,propext	Minidregg.Compiler.Tower256ConcreteBackend.StreamCodec Minidregg.Kernel.ObjectiveActivityReceiver.SigningPlan
theorem	Minidregg.Kernel.ObjectiveActivityReceiver.stranger_birth_refused	6bc15b91d7e64f71181d07992855eaf0b7cb891f5b62db8f6a17905998ce0c76	fd35de6bd18a764ca47a722df1a295436e741b2c8f771130744e71d4ffd73120	ad4e9f54e543b7374785f541f09c308d8eea9b622c0d6d1bab0049eeb41e9fd8	2ef19987ac601a89	Classical.choice,Quot.sound,propext	∀ {ambient : Minidregg.Kernel.ObjectiveKernelConfig.Ambient} {command : Minidregg.Kernel.ObjectiveActivityReceiver.Command} {snapshot : Minidregg.Kernel.ObjectiveActivityReceiver.Snapshot} {semantics : Minidregg.Theory.TypedAuthorization.Digest} {object account deposit : ℕ} {envelope resume timeout : Minidregg.Compiler.ObjectiveInvocationClaim.Capacity} {objectCapability accountCapability : Minidregg.Theory.TypedAuthorization.CapabilityId} {pin : Minidregg.Theory.TypedAuthorization.Digest} {input : List UInt8} {preRoot outcome : Minidregg.Theory.TypedAuthorization.Digest}, command.turn = Minidregg.Kernel.ObjectiveActivityReceiver.Turn.birth object objectCapability account accountCapability pin input envelope resume timeout deposit → Minidregg.Kernel.ObjectiveActivityReceiver.objectHolder snapshot semantics ambient command object objectCapability preRoot outcome = Bool.false → Minidregg.Kernel.ObjectiveActivityReceiver.authorized snapshot semantics ambient command preRoot outcome = Except.error Minidregg.Kernel.ObjectiveActivityReceiver.Reject.notObjectHolder
def	Minidregg.Kernel.ObjectiveActivityReceiver.transactionId	29b86d0c6dd745d172547970b9c8d1ee427cfc0da63121a6527ec5b0b0d88359	0d3c6c9a14d06f82988c18ef75404dc869280cd934c5eacbb9052618787eefe4	8afad74c2556e01c758d2864c8491e966cd9d0b045756c467a918ae24a65b38c	22e70f62dcfcb2b2	Classical.choice,Quot.sound,propext	Minidregg.Theory.TypedAuthorization.Digest → Minidregg.Theory.TypedAuthorization.Digest → Minidregg.Kernel.ObjectiveActivityReceiver.DecodedIngress → Minidregg.Theory.TypedAuthorization.Digest
def	Minidregg.Kernel.ObjectiveActivityReceiver.transactionOf	7ce2afce3d38b138509a80ce4c6cb768a1fe5aa746eec8ad710d1e91314b037e	1bdfbe7e19e02724c0d58985ebdf302466398dbfb2a63c73fb9f72cd4b7f791a	944f2fe0b75a254b60b7dd6b50e86c737d9c22a339eb2d5b0673c34d5d71dc40	7dcbd2ed63826720	Classical.choice,Quot.sound,propext	Minidregg.Kernel.ObjectiveActivityReceiver.Command → Option Minidregg.Kernel.DurableDataIntent.TransactionId
def	Minidregg.Kernel.ObjectiveActivityReceiver.turnStream	20b64b51c7e5e6d9abc6223126bcc1eb3e6d920dea50d286af43194b396e85f6	f60676af0ae75da931ef681a5ec883e1486382e47e4b5839f4ef236638e5ad6c	8856d667115b237d25944222180dd86303cda142fea9aec52f1d5ef2b25b3945	d648d9f46a886f9c	Classical.choice,Quot.sound,propext	Minidregg.Compiler.Tower256ConcreteBackend.StreamCodec Minidregg.Kernel.ObjectiveActivityReceiver.Turn
theorem	Minidregg.Kernel.ObjectiveActivityReceiver.unfunded_not_gated	10762785750addcd3ca20e48d2e30740298cc08f6b6d82c0486ccc9d64d0755d	c0648e5534de99a547897fefef5ef53c5212e002da6218d30e58cd5ea06bc7db	ef3d3ac01b74678587effc594770a9d6703355759841f50f6ea833dcd5ac29e7	dc9efb485b4159e0	Classical.choice,Quot.sound,propext	∀ {F : Type} [inst : Field F] {deployment : Minidregg.Kernel.ObjectiveActivityReceiver.Deployment} {profile : Minidregg.Compiler.CanonicalRuntimeProfile.Profile F} {ambient : Minidregg.Kernel.ObjectiveKernelConfig.Ambient} {durable : Minidregg.Kernel.ObjectiveActivityReceiver.Durable} {command : Minidregg.Kernel.ObjectiveActivityReceiver.Command} {claimed : Minidregg.Theory.TypedAuthorization.Digest} {config : Minidregg.Kernel.ObjectiveActivity.Config} {reason : Minidregg.Kernel.ObjectiveActivityReceiver.Reject}, Minidregg.Kernel.ObjectiveKernelConfig.configOf deployment profile ambient = Except.ok config → Minidregg.Kernel.ObjectiveActivityReceiver.funding config durable command = Except.error reason → ¬Nonempty (Minidregg.Kernel.ObjectiveActivityReceiver.Gated deployment profile ambient durable command claimed)
def	Minidregg.Kernel.ObjectiveActivityReceiver.verbFor	b1376a437870bdd14b7c5fc3094f5f8961cbaf5fd1b0e261bbd36285a6fc3798	b60c02040d543f12050872095323a30c260dc3f1aee129861cb90ffb04d8e737	1a39b7e073a519a8dd4fccbe93d09aa280a513526ef4806f6a2ba0467fef411d	6e6e44d021e7a5b4	-	(kind : Minidregg.Theory.TypedAuthorization.ResourceKind) → Minidregg.Theory.TypedAuthorization.Verb kind
def	Minidregg.Kernel.ObjectiveActivityReceiver.verifyRetry	38a52181f7c3f66055b3c9090448b308358e46e17293836207eb5980fd9cf372	0a3f20b45f84d5398d75f851bfc642710b2425f2b503f9f1ca55e2d8fb38d6e3	f512a9f5ebce6f28eb1b7238c235530c700ebd78a81874070e18d94b4954978b	05d6e39fe2c80d28	Classical.choice,Quot.sound,propext	{F : Type} → [inst : Field F] → Minidregg.Kernel.ObjectiveActivityReceiver.Deployment → Minidregg.Compiler.CanonicalRuntimeProfile.Profile F → Minidregg.Kernel.ObjectiveKernelConfig.Ambient → Minidregg.Compiler.CredentialSignatureIO.NativeConfig → Minidregg.Kernel.ObjectiveActivityReceiver.Durable → Minidregg.Kernel.ObjectiveActivityReceiver.DecodedIngress → IO (Except Minidregg.Kernel.ObjectiveActivityReceiver.Reject Unit)
ctor	private Minidregg.Kernel.ObjectiveActivityReceiver.Accepted.mk @Kernel.ObjectiveActivityReceiver	8b1752ee2bbf3770cc2ec0eebe172a070316ccef9ab962f1bcdd937ca12d237c	3b41aa7bd43f627d4a2f99859534dc8dcbefd656cb25514265e4a75d4a3467a7	6db65a18f233842b532341ec4c6d1b554c68914e143c426ebbc97d1889d3626d	a031aebb4c1d78fd		{F : Type} → [inst : Field F] → [inst_1 : DecidableEq F] → {deployment : Minidregg.Kernel.ObjectiveActivityReceiver.Deployment} → {profile : Minidregg.Compiler.CanonicalRuntimeProfile.Profile F} → {ambient : Minidregg.Kernel.ObjectiveKernelConfig.Ambient} → {durable : Minidregg.Kernel.ObjectiveActivityReceiver.Durable} → {ingress : Minidregg.Kernel.ObjectiveActivityReceiver.DecodedIngress} → (gated : Minidregg.Kernel.ObjectiveActivityReceiver.Gated deployment profile ambient durable ingress.command ingress.ingress.outcome) → (receipt : Minidregg.Compiler.CredentialSignatureAdmission.CheckedSignature gated.authority.snapshot) → receipt.envelopeBytes = ingress.ingress.envelope → (prepared : Minidregg.Kernel.ObjectiveActivityReceiver.Prepared deployment profile ambient durable ingress.command) → Minidregg.Kernel.ObjectiveActivityReceiver.prepare gated = Except.ok prepared → Minidregg.Kernel.ObjectiveActivityReceiver.PhysicalShape prepared ingress → Minidregg.Kernel.ObjectiveActivityReceiver.Accepted deployment profile ambient durable ingress
ctor	private Minidregg.Kernel.ObjectiveActivityReceiver.DecodedIngress.mk @Kernel.ObjectiveActivityReceiver	c188f0f4e5bcd3a47960d2e8734d37c14e8e1be5e97e541580890c113fef8364	602c0978dd7003f058abad40247fe67e2175769314ba62ebbda5a7840034db96	2753c7b31096425668d64b3be32cd84ba65d61e8c78692b882a28045489bcd2c	dfe0081cf9a259b4		(ingress : Minidregg.Kernel.ObjectiveActivityReceiver.Ingress) → (command : Minidregg.Kernel.ObjectiveActivityReceiver.Command) → Minidregg.Kernel.ObjectiveActivityReceiver.commandCodec.encode command = ingress.commandBytes → (envelope : Minidregg.Kernel.CredentialSignedEnvelopeController.SignedEnvelope) → Minidregg.Compiler.CredentialSignatureAdmission.canonicalEnvelopeCodec.decode ingress.envelope = Option.some envelope → Minidregg.Kernel.ObjectiveActivityReceiver.DecodedIngress
ctor	private Minidregg.Kernel.ObjectiveActivityReceiver.Failed.mk @Kernel.ObjectiveActivityReceiver	a615f8445e2f1b0ffead5650fae79fe926a5ede46fb57141f5fdda9937dedb03	fc82322b0a32001ff5c1b228f699cba75a0ad1df3f23f0faf1e3b65a0b565a3c	df915e550111600d32df771293a76cdfe806d47f4880ab7147b3da1706d69c2d	0c239e5bbe3f43b5		{F : Type} → [inst : Field F] → [inst_1 : DecidableEq F] → {deployment : Minidregg.Kernel.ObjectiveActivityReceiver.Deployment} → {profile : Minidregg.Compiler.CanonicalRuntimeProfile.Profile F} → {ambient : Minidregg.Kernel.ObjectiveKernelConfig.Ambient} → {durable : Minidregg.Kernel.ObjectiveActivityReceiver.Durable} → {ingress : Minidregg.Kernel.ObjectiveActivityReceiver.DecodedIngress} → (gated : Minidregg.Kernel.ObjectiveActivityReceiver.Gated deployment profile ambient durable ingress.command ingress.ingress.outcome) → (receipt : Minidregg.Compiler.CredentialSignatureAdmission.CheckedSignature gated.authority.snapshot) → receipt.envelopeBytes = ingress.ingress.envelope → (cause : Minidregg.Kernel.ObjectiveActivityReceiver.Reject) → Minidregg.Kernel.ObjectiveActivityReceiver.prepare gated = Except.error cause → Minidregg.Kernel.ObjectiveActivityReceiver.chargedCause cause = Bool.true → (request : Minidregg.Kernel.ObjectiveActivity.FailureRequest) → Minidregg.Kernel.ObjectiveActivityReceiver.failureRequest deployment.domain profile.semantics ingress.command = Option.some request → (failure : Minidregg.Kernel.ObjectiveActivity.ChargedFailure gated.config durable.snapshot request) → (final : List Minidregg.Kernel.ObjectiveActivityWire.Post × List Minidregg.Kernel.DurableDataIntent.ReadGuard) → Minidregg.Kernel.ActivitySeatEnd.finish gated.config durable.snapshot ambient.height (Minidregg.Kernel.ObjectiveActivity.AdmittedTurn.failed request failure) = Except.ok final → Minidregg.Kernel.ObjectiveActivityReceiver.IntentShape deployment durable (Minidregg.Kernel.ObjectiveActivityReceiver.failedIntent gated.authority gated.config ingress request failure final) → Minidregg.Kernel.ObjectiveActivityReceiver.Failed deployment profile ambient durable ingress
ctor	private Minidregg.Kernel.ObjectiveActivityReceiver.Gated.mk @Kernel.ObjectiveActivityReceiver	c229e8066f71cff50a95a9f01697b376f97f6ff9157e7fd76c244616eabc3517	1e20498ab3b3c2fff1987504ff21ad0e32a95a2205c1a07f19b5b005d79fd49e	65e64bfe16e76ca9f95185c706ada6454e1462ad9fba723283b5b34bc761dcf3	5cf40d9ef329c1f4		{F : Type} → [inst : Field F] → {deployment : Minidregg.Kernel.ObjectiveActivityReceiver.Deployment} → {profile : Minidregg.Compiler.CanonicalRuntimeProfile.Profile F} → {ambient : Minidregg.Kernel.ObjectiveKernelConfig.Ambient} → {durable : Minidregg.Kernel.ObjectiveActivityReceiver.Durable} → {command : Minidregg.Kernel.ObjectiveActivityReceiver.Command} → {claimed : Minidregg.Theory.TypedAuthorization.Digest} → Minidregg.Compiler.CredentialAuthorityDomainReceiver.LoadedDirectory durable → (authority : Minidregg.Compiler.CredentialAuthorityDomainReceiver.Loaded deployment durable.snapshot) → (config : Minidregg.Kernel.ObjectiveActivity.Config) → Minidregg.Kernel.ObjectiveKernelConfig.configOf deployment profile ambient = Except.ok config → (preRoot : Minidregg.Theory.TypedAuthorization.Digest) → preRoot = durable.snapshot.model.roots { value := (Minidregg.Kernel.ObjectiveActivityReceiver.signedTarget deployment.domain command).2 } → Minidregg.Kernel.ObjectiveActivityReceiver.authorized authority.snapshot profile.semantics ambient command preRoot claimed = Except.ok () → Minidregg.Kernel.ObjectiveActivityReceiver.funding config durable command = Except.ok () → Minidregg.Kernel.ObjectiveActivityReceiver.Gated deployment profile ambient durable command claimed
ctor	private Minidregg.Kernel.ObjectiveActivityReceiver.Prepared.mk @Kernel.ObjectiveActivityReceiver	bdd998875d2833246b1853116d98d403746f29e2bf96a8454bfe679ff71b2356	5b6dbb7ed0a9a4c272ce1fd730eec4f9092908911ad6b1f4676c8f8ed0ab027e	c9a3b4e7baa6924c96c0fc13c62f9dc6aea91d000c60181f8663854f07a7655d	b02cb0c3a34e32cc		{F : Type} → [inst : Field F] → {deployment : Minidregg.Kernel.ObjectiveActivityReceiver.Deployment} → {profile : Minidregg.Compiler.CanonicalRuntimeProfile.Profile F} → {ambient : Minidregg.Kernel.ObjectiveKernelConfig.Ambient} → {durable : Minidregg.Kernel.ObjectiveActivityReceiver.Durable} → {command : Minidregg.Kernel.ObjectiveActivityReceiver.Command} → Minidregg.Compiler.CredentialAuthorityDomainReceiver.LoadedDirectory durable → (authority : Minidregg.Compiler.CredentialAuthorityDomainReceiver.Loaded deployment durable.snapshot) → (config : Minidregg.Kernel.ObjectiveActivity.Config) → Minidregg.Kernel.ObjectiveKernelConfig.configOf deployment profile ambient = Except.ok config → (decided : Minidregg.Kernel.ObjectiveActivityReceiver.Decided config durable.snapshot ambient.height command) → Minidregg.Kernel.ObjectiveActivityReceiver.decideTurn config durable.snapshot ambient.height command = Except.ok decided → (preRoot : Minidregg.Theory.TypedAuthorization.Digest) → preRoot = durable.snapshot.model.roots { value := (Minidregg.Kernel.ObjectiveActivityReceiver.signedTarget deployment.domain command).2 } → (final : List Minidregg.Kernel.ObjectiveActivityWire.Post × List Minidregg.Kernel.DurableDataIntent.ReadGuard) → Minidregg.Kernel.ActivitySeatEnd.finish config durable.snapshot ambient.height decided = Except.ok final → (outcome : Minidregg.Theory.TypedAuthorization.Digest) → outcome = Minidregg.Kernel.ObjectiveActivityReceiver.outcomeDigest final.1 → Minidregg.Kernel.ObjectiveActivityReceiver.authorized authority.snapshot profile.semantics ambient command preRoot outcome = Except.ok () → Minidregg.Kernel.ObjectiveActivityReceiver.Prepared deployment profile ambient durable command
