# Kernel.ObjectiveCall: Objective contract manifest. Written by `scripts/check-objective-proofs.sh proofs --pin`;
# a removed or changed row needs a line in scripts/gates/objective-contract-changes.txt.
inductive	Minidregg.Kernel.ObjectiveCall.ArgsBound	2fbf78b51ac512857cda18e00a7ebde5d4a2d25cc72135ebf7169e250b86879e	16946b93ac38405660f51e475eb5aa7d25b54f5e5677e0f6a10a4526cc071cbf	6aff50abdd4a00b49193442074a17ac5785e822b01dc9b22dc7381a0c17dcee1	fd5268888a5f360c		Type
def	Minidregg.Kernel.ObjectiveCall.ArgsBound.admits	fcded50ff5abc0912f4d908c60a4530d2dead056dce42007268e18398f4e11ec	90b299cddf7e72e39b2989ae70b01e8de985869a71b536be5553433bc2bd75eb	d1d20ff4dcb4f0842098d88f37a95c51807fc7d01f38582157ca4e2d6a6bca32	bf3d0f314fea6157	Classical.choice,Quot.sound,propext	Minidregg.Kernel.ObjectiveCall.ArgsBound → Minidregg.Theory.ObjectiveBendDemandData.Data → Bool
def	Minidregg.Kernel.ObjectiveCall.ArgsBound.amount	556fb56e37f45f9329814af08b1747e4c3c01b7ae36633c2b69282bb31061294	436281f26fb3ab43192ad6496f672a5c1a87357d0995b1f637c315726175da24	aef538fad89e81d67c83b85f16a769dc3a3465dcd76ff7bb89e3a5a4025e97f2	13ce813c0153321a	propext	Minidregg.Kernel.ObjectiveCall.ArgsBound → Minidregg.Theory.ObjectiveBendDemandData.Data → Option ℕ
def	Minidregg.Kernel.ObjectiveCall.ArgsBound.cap	04005c5dd59732e6777e4965a522fbc4fc3ed385114cf79305b50286d66ac166	9984bd2bf38ea0b30180d556c557ea93d8a16728902d1854e3fe453b37d600c4	fff2623e2e36431329798d65f77d4755c6f471f174caf919d3e1988ed60e4a49	42cf1b9104e4b111	-	Minidregg.Kernel.ObjectiveCall.ArgsBound → Option (List String × ℕ)
ctor	Minidregg.Kernel.ObjectiveCall.ArgsBound.capped	2c2c4ac716032958ef531ed9c71ddb30de14e34331ba521c0191edee2adec084	5e303671b55ffe0c8ef6db78d92718af8dc520adac93c4ca5bb0af444e635e0d	9ef9de41babb59179bdfefc10eeb825fe718c3a0aa4e35e53c4cfe54b41a9afa	70b31f0e155b42d2		List String → ℕ → Minidregg.Kernel.ObjectiveCall.ArgsBound
def	Minidregg.Kernel.ObjectiveCall.ArgsBound.capped.elim	4d23e9bf6d361a1b50a2334da962d1da7324bf6aaf505d45294fa20b41cbf06e	208d7ea6d928e9790ff53c35f40af88e29418dc40139f39057b1081800dc3549	f4f9a14744854d11bb5130090a62d0fb2ecd0266f7173b3cbff2f0df658bd9db	8d7e3907bf582a79	-	{motive : Minidregg.Kernel.ObjectiveCall.ArgsBound → Sort u} → (t : Minidregg.Kernel.ObjectiveCall.ArgsBound) → t.ctorIdx = 2 → ((path : List String) → (limit : ℕ) → motive (Minidregg.Kernel.ObjectiveCall.ArgsBound.capped path limit)) → motive t
ctor	Minidregg.Kernel.ObjectiveCall.ArgsBound.exact	9df80afc9dcc825c31fbed1029c0a7f5095b4ebe99c0cb78bb95ecfd3c8096f1	ac72f80988c654444bdbd9501b422ba68b707f37329083191c19e00e8bee09a2	f18c8cad2842d59e8f1b1de9faecde652b5675d227b1405a102d6bdbeb007e0f	e36f00ea23ef409c		Minidregg.Theory.TypedAuthorization.Digest → Minidregg.Kernel.ObjectiveCall.ArgsBound
def	Minidregg.Kernel.ObjectiveCall.ArgsBound.exact.elim	49258edcf2ce343bd3740ce923d348feed7b53da17e98474ec01b033c6a7ce51	d8c467d9a39a63391938007f4ea6fae43b971a032e0a5710b5b0a2eebca1221d	dc80ef175aefd6f7d596b020e0c83dcaf14278ee38b6241d12c74acc837eafbb	d56717444563639b	-	{motive : Minidregg.Kernel.ObjectiveCall.ArgsBound → Sort u} → (t : Minidregg.Kernel.ObjectiveCall.ArgsBound) → t.ctorIdx = 0 → ((digest : Minidregg.Theory.TypedAuthorization.Digest) → motive (Minidregg.Kernel.ObjectiveCall.ArgsBound.exact digest)) → motive t
ctor	Minidregg.Kernel.ObjectiveCall.ArgsBound.recipient	9da3cbbf6f4f2de5085e793cd233836a971b6645f288e07826e3bb13a026e1f5	8d7902080be8001393dd52aa7b03c0eea5a0188aa0bee2483f36cd28d639a2fa	c6dec3b5540a0084fac9412d3913ad628770f7b1f2e06a1e5c491ac6d3ea03bf	04f0fbeeeb2c374c		List String → List UInt8 → Option (List String × ℕ) → Minidregg.Kernel.ObjectiveCall.ArgsBound
def	Minidregg.Kernel.ObjectiveCall.ArgsBound.recipient.elim	53c577850ab0782f7354449f113eaa6a5dd823af8889cab1763ae729a922790b	99ab67ab52c7cbab6d19352abeee0667bb6d082638d3f2aa7bf8edbe2fa6a87e	d4c301ca7a044bc299da227967a33626270be91892da27b3882395426f5bb958	92f452059433af74	-	{motive : Minidregg.Kernel.ObjectiveCall.ArgsBound → Sort u} → (t : Minidregg.Kernel.ObjectiveCall.ArgsBound) → t.ctorIdx = 1 → ((path : List String) → (value : List UInt8) → (cap : Option (List String × ℕ)) → motive (Minidregg.Kernel.ObjectiveCall.ArgsBound.recipient path value cap)) → motive t
inductive	Minidregg.Kernel.ObjectiveCall.Authority	0d313b52dc5b5e2caa0ee6868dd43432500485d0530e439eb025c29590c2d3fe	16946b93ac38405660f51e475eb5aa7d25b54f5e5677e0f6a10a4526cc071cbf	372b4c26ad8865a2904b752af780594b5d079ced5ff6aec1bba60a1715845385	e377d358e5856e97		Type
ctor	Minidregg.Kernel.ObjectiveCall.Authority.mk	c9677d40e1131dee2a71f61ecbbf06ad0d714f2219a38c907d4f5978b07e9b73	a9c955db680ce3b3057b4dfd0c2f0dfad4f113b4dbf0f8aa35e2b9a922db177a	ecc8c6b124109f4baa02087159ce2a1f7bd6937574e49995e71a5039e2190bc1	40e9a101d64e9b26		Option Minidregg.Theory.TypedAuthorization.SubjectId → Option ℕ → Minidregg.Kernel.ObjectiveCall.Authority
def	Minidregg.Kernel.ObjectiveCall.Authority.origin	946ff3d8b33942e2473c918b4c59da9f992f494439c1f250fda94275b9b49da3	d3711fabb6e3dbec030f1f3fde41d49f1f1095256e572216c5cfec353e74c855	89335859489e18c4254138fc3822bff5608954f1c905ad055fc8678734d274ee	e2d8ba1c49866ccb	-	Minidregg.Kernel.ObjectiveCall.Authority → Option ℕ
def	Minidregg.Kernel.ObjectiveCall.Authority.signer	ab3303128f5ba8286acaa0a3d9dc79ae63c8002ad0e19e6901b068acb521ce8d	da275fb7089fea42ffd1d4bf251d1b49d9f8953865e763aa571efeccf03d21ca	9295fab3d6c39a5f9f0be15454c14d5e8481ff4c17aa5f3c00f922f4256ec064	1d15bba9fc19ff29	-	Minidregg.Kernel.ObjectiveCall.Authority → Option Minidregg.Theory.TypedAuthorization.SubjectId
def	Minidregg.Kernel.ObjectiveCall.Authorized	a38f081acfe4ea8db6f6dc5687989a896067ee83e2e373721d4c3926e7eca1b1	d50c6593b55cab1569fa3dece3c75fb55cef53652fd238134a3a750e70ee7750	10d2e0ca47fe6cec9a3d9a6b9cd2e05e4ff2f3bedf17eabefc180b8e9108f8a8	88a62979d28567b5	Classical.choice,Quot.sound,propext	List Minidregg.Kernel.ObjectiveCall.Grant → List Minidregg.Kernel.ObjectiveCall.Delegation → Prop := fun grants delegations => (∀ d ∈ delegations, ∃ grant, grants[d.grant]? = Option.some grant ∧ grant.Authorizes d) ∧ ∀ (index : ℕ) (grant : Minidregg.Kernel.ObjectiveCall.Grant), grants[index]? = Option.some grant → (Minidregg.Kernel.ObjectiveCall.usesOf delegations index).length ≤ grant.uses ∧ ∀ (path : List String) (limit : ℕ), grant.args.cap = Option.some (path, limit) → Minidregg.Kernel.ObjectiveCall.chargedOf delegations index ≤ limit
theorem	Minidregg.Kernel.ObjectiveCall.Authorized.spend	161460e27144d196dd8d4a6bf142cc16b6550e2398cfcd7578fed9f3fd2d373d	b92bb20ad9555670b983a80eafa017c22a58755a693ea71d08a449bd83290eaa	7077f073a4afcabfde448bbbe63272d4ec254e9330e0bc3b86f79c714d73cbb6	bc244ce244dfb6a2	Classical.choice,Quot.sound,propext	∀ {grants : List Minidregg.Kernel.ObjectiveCall.Grant} {used : List Minidregg.Kernel.ObjectiveCall.Delegation} {object : ℕ} {method : String} {code : Minidregg.Theory.TypedAuthorization.Digest} {args : Minidregg.Theory.ObjectiveBendDemandData.Data} {caller : Option ℕ} {d : Minidregg.Kernel.ObjectiveCall.Delegation}, Minidregg.Kernel.ObjectiveCall.Authorized grants used → Minidregg.Kernel.ObjectiveCall.spendGrant grants used object method code args caller = Except.ok (Option.some d) → Minidregg.Kernel.ObjectiveCall.Authorized grants (used ++ [d]) ∧ d.object = object ∧ d.method = method ∧ d.code = code ∧ d.args = args ∧ d.caller = caller
theorem	Minidregg.Kernel.ObjectiveCall.Authorized.start	f4d46b13b5690eb9895a0fdf8d91f7cfcc7c2a47ea5fd57d449f6529992ee1a7	15473bd2c04988698a4f03e37179f63540aece4860965f89241a4e84faac3cd0	d85f4fd07cff93d3bc3b3d858078be74156cf8ff098f39ea6e7baf2890dc6e6b	3e3de8db09c1e218	Classical.choice,Quot.sound,propext	∀ (grants : List Minidregg.Kernel.ObjectiveCall.Grant), Minidregg.Kernel.ObjectiveCall.Authorized grants []
inductive	Minidregg.Kernel.ObjectiveCall.CallPlan	1f71843c32f7c27a162b46f0e2892067eaba5148702fadd0c69a3f1cb647c16a	16946b93ac38405660f51e475eb5aa7d25b54f5e5677e0f6a10a4526cc071cbf	083a0f2f6484e3d5b4f403195d45c60520274c5802b9c91251e3b395f3817418	15b7f1cd025f01db		Type
def	Minidregg.Kernel.ObjectiveCall.CallPlan.args	19cb0bae050577eed49205be0a8b0c74643e6c012d510d7664a467aadaff72e9	c0116f66e0741df9a00779c9448db51143426f1b8102e060a42214486e6894fc	3a77b49d5d2bd8cbb6b803d2d3c9e627fe2bd6172e80baabdccef3820aa96e42	5e153d6c2a657812	-	Minidregg.Kernel.ObjectiveCall.CallPlan → Minidregg.Theory.ObjectiveBendDemandData.Data
def	Minidregg.Kernel.ObjectiveCall.CallPlan.method	957cfd6d7151b61fa8a74f8c0e1479d7d84680486202cd008408c925f4f3a1e8	3f33917a225955bf53472fa1370c37cd802f372b123d2dbb0ce15c554181430d	a8f93acb04573969ab222298b1f7cda5ad9964ce5c3035992d92a77124b40e7c	c456da31392a1134	-	Minidregg.Kernel.ObjectiveCall.CallPlan → String
ctor	Minidregg.Kernel.ObjectiveCall.CallPlan.mk	ec468cc16b52d8a10d32650006d2d2765ea5bff328bca6c5a68ed3f179f07162	552d0883890e28d7b1f616b6e9ffa8e1969abff050c8d7a01300e88dab6142e9	20856eb1b0296d01cef1f86799dd66c0b5385a3b67a90685254c4fe551e6c4c6	1bb210664b9c944b		Minidregg.Kernel.DurableDataIntent.CellId → String → Minidregg.Theory.ObjectiveBendDemandData.Data → Minidregg.Kernel.ObjectiveCall.CallPlan
def	Minidregg.Kernel.ObjectiveCall.CallPlan.target	0e25712cf0894b95d1541050923aa8fcb4735346664576bf62fe19929c9c0a53	f87fce10862419b1b40bb3948266a6e18d14f00b0ba62e1bbf5e84ae9cb16219	2e2779410600aba697e10019a23a8a86ef09a6864e504667db96451db9a79b41	e50eddbdb91ae2ef	-	Minidregg.Kernel.ObjectiveCall.CallPlan → Minidregg.Kernel.DurableDataIntent.CellId
inductive	Minidregg.Kernel.ObjectiveCall.CallRefusal	c6bc4ac35ddfe217aff97b144d17fd803ac92d46b2c17968ed1bc6ff2ac06f4f	16946b93ac38405660f51e475eb5aa7d25b54f5e5677e0f6a10a4526cc071cbf	1e2cc3a8c34afe7b6a93466b46c2d8ce8450d964d13a6b3c08393f7b73297db9	e56ca1f1ea2ce94c		Type
ctor	Minidregg.Kernel.ObjectiveCall.CallRefusal.allowanceExceeded	f2bde6e45efded62bd0c805d4a4b1d71c0c164143200658e3ab99de31d70b54d	f066ab61abf02019a04ad7a17b251b03288a479051d5821c26f994bb41e86165	b0f52f8be1c11e7882ae869121ad9deedc6ef1e3bd3b4953cb9621b46c1ee911	e60601ba37b8ddea		ℕ → ℕ → Minidregg.Kernel.ObjectiveCall.CallRefusal
def	Minidregg.Kernel.ObjectiveCall.CallRefusal.allowanceExceeded.elim	a406c3e9ffcf0ce4255f85800c76ccc0598427cc3f3a244da2ff689cff5d89c3	9b1513df692a5a5c0e71fb9679b0025e51ac46714d9782ade116a93a1fe4e117	9615628600bf0c6630438f35ac7ccb97ea12dacaaa7d58270e5e3779d6e7d244	db9e52629ac733c9	-	{motive : Minidregg.Kernel.ObjectiveCall.CallRefusal → Sort u} → (t : Minidregg.Kernel.ObjectiveCall.CallRefusal) → t.ctorIdx = 9 → ((needed held : ℕ) → motive (Minidregg.Kernel.ObjectiveCall.CallRefusal.allowanceExceeded needed held)) → motive t
ctor	Minidregg.Kernel.ObjectiveCall.CallRefusal.argumentType	4baf46987158353b05cc25c155e2c23edabeeb0494b5f03aeeb9ad088376cdf4	fa690a8f69e13ce7537e36972fd46ea063085bdc1a42b2861e272d7b1953a881	27fda5f7768f3a846794f4f460dd3cc84373b2ad5cf367b1c1f421be274e56b5	2cf032a477d13203		ℕ → String → Minidregg.Kernel.ObjectiveCall.CallRefusal
def	Minidregg.Kernel.ObjectiveCall.CallRefusal.argumentType.elim	0f4e9fffddfd4724390927a567c5eecdedb5e60f6ab68d170b428c91768993d5	2a6caab84fd6f76736c04e1b25ceb37aa5c5b7112ebe00805ef50150bb41ad8a	55681cdc6d7aad51050a5faad49d0d64ad22ed2e3e59989c093d97ef96457d5e	dc3891aeb89e2998	-	{motive : Minidregg.Kernel.ObjectiveCall.CallRefusal → Sort u} → (t : Minidregg.Kernel.ObjectiveCall.CallRefusal) → t.ctorIdx = 11 → ((target : ℕ) → (method : String) → motive (Minidregg.Kernel.ObjectiveCall.CallRefusal.argumentType target method)) → motive t
ctor	Minidregg.Kernel.ObjectiveCall.CallRefusal.callShape	0916e586533c9dd5c1b75c1a993f4a5858be8307042bd07849af80d7289540f9	204e850da4eb0b4893955ea43cff097a4c958a3b549c1d2439d5c2fadf38220a	339c549af3163f109f9183ba4ec420748a8a957b8e87a0556978e0eb18c665cf	eee246ced856e8b9		ℕ → String → String → Minidregg.Kernel.ObjectiveCall.CallRefusal
def	Minidregg.Kernel.ObjectiveCall.CallRefusal.callShape.elim	f3ad6e0f8b03673b35b3f3ecb97283239ddeda634e0df0fc3b384abcaae7e04d	6ec598b60552a10037395d09dc8a0c3568a3e540131538a6278e6bebd8087db4	ab0b0d51dcd67de44f2107135aeef2283733447bef5731c3aa33e99f925bbca5	3b3ac66b18d5ba95	-	{motive : Minidregg.Kernel.ObjectiveCall.CallRefusal → Sort u} → (t : Minidregg.Kernel.ObjectiveCall.CallRefusal) → t.ctorIdx = 12 → ((target : ℕ) → (method reason : String) → motive (Minidregg.Kernel.ObjectiveCall.CallRefusal.callShape target method reason)) → motive t
ctor	Minidregg.Kernel.ObjectiveCall.CallRefusal.continuationDepth	d5cc05cda8c5b90dd8d0cc29d84b5919c38575985f57ca13c276606d95429a3f	e8832f9e29fe53b064efb9603f0e53827d2bf39e0ce4af2a7b0d9d8893242ee1	7aa268cbed198f2da1601640cb6b5c0fb07561f61fa4af47b6af3bc130252858	50578110913643fc		ℕ → Minidregg.Kernel.ObjectiveCall.CallRefusal
def	Minidregg.Kernel.ObjectiveCall.CallRefusal.continuationDepth.elim	17307538e25381ac7c4b056361066e971bc726da3def9991d4536a0c7fdec048	0e5d205f36cf02e687cd0a9c5958e3e5a5bf5cb9d3f16dd70619514cd3623101	b0d0c6fc7fba6f9cacd04c9b02b1755a6e592bfcf5b240771adda8e4795deda0	0378bcd73d9c988c	-	{motive : Minidregg.Kernel.ObjectiveCall.CallRefusal → Sort u} → (t : Minidregg.Kernel.ObjectiveCall.CallRefusal) → t.ctorIdx = 7 → ((limit : ℕ) → motive (Minidregg.Kernel.ObjectiveCall.CallRefusal.continuationDepth limit)) → motive t
ctor	Minidregg.Kernel.ObjectiveCall.CallRefusal.depth	a94b4f4b36f9b159d1d47de0b0b421a9012b4c274add3342ea8ee8a5ff85998d	e8832f9e29fe53b064efb9603f0e53827d2bf39e0ce4af2a7b0d9d8893242ee1	18d7c22aa7253f795662d13bf075cfcba079d644d50c26fad3e541ac8866318d	5d48c60a948fe336		ℕ → Minidregg.Kernel.ObjectiveCall.CallRefusal
def	Minidregg.Kernel.ObjectiveCall.CallRefusal.depth.elim	89abb4de9e01830161077c960073a97b3c8e645fc65ff42988213d892ebb4455	b5bb75a3ecd539984805a88e02526e9a2b16ef9bb0ccc14db65d7ed20103deeb	294761768d9d4724f2b829f5da6de6cb01f963c868409de7e3b601d7c7f49f14	d0413665b417d3e3	-	{motive : Minidregg.Kernel.ObjectiveCall.CallRefusal → Sort u} → (t : Minidregg.Kernel.ObjectiveCall.CallRefusal) → t.ctorIdx = 2 → ((limit : ℕ) → motive (Minidregg.Kernel.ObjectiveCall.CallRefusal.depth limit)) → motive t
ctor	Minidregg.Kernel.ObjectiveCall.CallRefusal.drainConflict	1cdf6f0e1e299339f5f1d9f66388ac10563a94fb6407bf9c17932c0e8bec2fab	e8832f9e29fe53b064efb9603f0e53827d2bf39e0ce4af2a7b0d9d8893242ee1	f4f3176c97afc57fa4c455d1290ac4b9f5b28f59c78dee31e8bd3b37a8d2bd38	52139c68ed9af110		ℕ → Minidregg.Kernel.ObjectiveCall.CallRefusal
def	Minidregg.Kernel.ObjectiveCall.CallRefusal.drainConflict.elim	cbeb314631e23a37f10d466e7f573da23dec2ce101d5a7f423c0063ee2208768	c05b870f22fe146475446edfdc89c92ab9ba2ba959dc9c9141f12cb153d66488	bcdc65faa07f5e0bcacb481857602f110745b58cacb1bb0c1bcf91dc4734b1fc	40bd8b746af5410e	-	{motive : Minidregg.Kernel.ObjectiveCall.CallRefusal → Sort u} → (t : Minidregg.Kernel.ObjectiveCall.CallRefusal) → t.ctorIdx = 28 → ((target : ℕ) → motive (Minidregg.Kernel.ObjectiveCall.CallRefusal.drainConflict target)) → motive t
ctor	Minidregg.Kernel.ObjectiveCall.CallRefusal.exhausted	258701ad56990d8748569fb2366a32ac62c9c9fc7aa7cc95528fa6ada5c46175	7c6faeaa60101828ae34e63ddd850df1e3925d9bd0060560c4a70df92a989da9	29de74e548ef759ba7195e44019063161576ab01cb38ceb2dd3d62782ac49be8	5abd34a79275f19b		Minidregg.Kernel.ObjectiveCall.CallRefusal
def	Minidregg.Kernel.ObjectiveCall.CallRefusal.exhausted.elim	80d6f8449685ab74e8e42756035c8afa9a5e68d1f468741ee5a87de2fb7aed91	e22c7ab3b246e2b0289a2a212aff794e22aa3489b54be72b29257ec01c46d7c2	918742b494e6f7bf38345f3a36825c0cb7f8ee2a0f5a1a02e88cd0f8f8524e13	f51f76ebde465900	-	{motive : Minidregg.Kernel.ObjectiveCall.CallRefusal → Sort u} → (t : Minidregg.Kernel.ObjectiveCall.CallRefusal) → t.ctorIdx = 21 → motive Minidregg.Kernel.ObjectiveCall.CallRefusal.exhausted → motive t
ctor	Minidregg.Kernel.ObjectiveCall.CallRefusal.fanOut	ddbdc3fa873343e71d38605206d06f2b0047bb3dd856c2e83fb0e86903a87dcf	e8832f9e29fe53b064efb9603f0e53827d2bf39e0ce4af2a7b0d9d8893242ee1	84d2ffd82eead824401f7cb3f8e1e89e211a376dbd591d446eb1413f6c515e0f	8016f2bb26adfee4		ℕ → Minidregg.Kernel.ObjectiveCall.CallRefusal
def	Minidregg.Kernel.ObjectiveCall.CallRefusal.fanOut.elim	2e27ee775c4aaa6240f2f8325ad92d90fe2c6b740ca58cb4894cea03f12e8263	00e5373031d8e442e47475e0674548055369d6b0cd2f28bb57a1de775878c9aa	fc56605a6b0485b4d850a62dc11e5d7df20bb9bb713ed036caa122ed6ebb80c6	ad36c9f7718c7de0	-	{motive : Minidregg.Kernel.ObjectiveCall.CallRefusal → Sort u} → (t : Minidregg.Kernel.ObjectiveCall.CallRefusal) → t.ctorIdx = 8 → ((limit : ℕ) → motive (Minidregg.Kernel.ObjectiveCall.CallRefusal.fanOut limit)) → motive t
ctor	Minidregg.Kernel.ObjectiveCall.CallRefusal.frameFault	fbc2643cec5f7a9b7e52fdef80e3d5f1e0c038c857e8f36ab831e749bea6ed86	204e850da4eb0b4893955ea43cff097a4c958a3b549c1d2439d5c2fadf38220a	29a734fa39f059fa95d5f04d32a2b2f760452e32e4f1e5522aafc7a45933f35a	71ba259ae6214030		ℕ → String → String → Minidregg.Kernel.ObjectiveCall.CallRefusal
def	Minidregg.Kernel.ObjectiveCall.CallRefusal.frameFault.elim	423011d23b871c4c2ac495af425d7d64584ef1a27df8025bda6ac283b9c603f6	8bafe55b2667d474ad8da5f7bbc6eb8d80058099c1596ac2105238dd9a17d2a2	7ba1b96d695bc14ff2a0d2c257320413d6ff131fbdec6d88c617428888ba22c7	1951cc4b7511175f	-	{motive : Minidregg.Kernel.ObjectiveCall.CallRefusal → Sort u} → (t : Minidregg.Kernel.ObjectiveCall.CallRefusal) → t.ctorIdx = 13 → ((target : ℕ) → (method reason : String) → motive (Minidregg.Kernel.ObjectiveCall.CallRefusal.frameFault target method reason)) → motive t
ctor	Minidregg.Kernel.ObjectiveCall.CallRefusal.grantMismatch	31a7567d8c7fd0a52183f5f12c5ac6b779542df8a79a0c1256a49e9b8f893aaf	3f69898db284a2764b21a380bdf4eda654f6a17f7b3892e536bb214b6e23d0f9	573bbbf402a0acbb782b3f3f046f27c132187319e865f61c55dad914285b8f35	cbb543e58c21b869		ℕ → String → Minidregg.Kernel.ObjectiveCall.GrantField → Minidregg.Kernel.ObjectiveCall.CallRefusal
def	Minidregg.Kernel.ObjectiveCall.CallRefusal.grantMismatch.elim	2aad7f0ceb80113a6a74d66489b179a8aa8a429736dd7bb6b224dee7022c8c0d	8e35f37ca8136374008db15c9679f52c3012f992523fac9b4847e1fe7abaa8bd	44bed1625f8aea228d3f18ecce407d047301b511b5b4831dc0b36675cf55f4ec	357b2d9f762391cf	-	{motive : Minidregg.Kernel.ObjectiveCall.CallRefusal → Sort u} → (t : Minidregg.Kernel.ObjectiveCall.CallRefusal) → t.ctorIdx = 16 → ((target : ℕ) → (method : String) → (field : Minidregg.Kernel.ObjectiveCall.GrantField) → motive (Minidregg.Kernel.ObjectiveCall.CallRefusal.grantMismatch target method field)) → motive t
ctor	Minidregg.Kernel.ObjectiveCall.CallRefusal.grantSpent	0c7b9c9fe602b28b20f13eca8dde72e910bda0b4ab9446db057862ae57e6dc2f	fa690a8f69e13ce7537e36972fd46ea063085bdc1a42b2861e272d7b1953a881	71870dfddb7b7cf29917c12be2c352d7abf202fe9da33585de7da297a358ab12	f153d89a3eab529c		ℕ → String → Minidregg.Kernel.ObjectiveCall.CallRefusal
def	Minidregg.Kernel.ObjectiveCall.CallRefusal.grantSpent.elim	95e6c3f6934179ae4356e031c76306cf6c1b41600b5a1461f299255ac229bdee	6394e3a348d21fed98bc96bebb466e88ec3b60acf8cc9e75c6b5d28eab9fca67	7c7f0648a87a15ba3acc57f41fc71060220584e2438bffbf2c91d174f28db7c5	f0b0530bb9bff032	-	{motive : Minidregg.Kernel.ObjectiveCall.CallRefusal → Sort u} → (t : Minidregg.Kernel.ObjectiveCall.CallRefusal) → t.ctorIdx = 15 → ((target : ℕ) → (method : String) → motive (Minidregg.Kernel.ObjectiveCall.CallRefusal.grantSpent target method)) → motive t
ctor	Minidregg.Kernel.ObjectiveCall.CallRefusal.inboxCodec	f86b59e5abd03210f48cbe05caa788a1b14acc5193f355655e349baca1f34c51	f066ab61abf02019a04ad7a17b251b03288a479051d5821c26f994bb41e86165	c7be015c75ed3318412e2dcf5edc766b6481131c92ccd4f7c09b33c7e3e1edc3	5930e5b432720531		ℕ → ℕ → Minidregg.Kernel.ObjectiveCall.CallRefusal
def	Minidregg.Kernel.ObjectiveCall.CallRefusal.inboxCodec.elim	775ce3608801d173da122f9bede232983b4b7c051fa51a107006491575ab91ee	f13b8388370e0e0530b868ecd89cc5ad8918e7ce67e5d9de4a7f566758e7144d	667818f341326b643d6bfe6ee1c414c4d424c3238d888462f29d6f088125e08b	dce4680eedde819b	-	{motive : Minidregg.Kernel.ObjectiveCall.CallRefusal → Sort u} → (t : Minidregg.Kernel.ObjectiveCall.CallRefusal) → t.ctorIdx = 26 → ((sender target : ℕ) → motive (Minidregg.Kernel.ObjectiveCall.CallRefusal.inboxCodec sender target)) → motive t
ctor	Minidregg.Kernel.ObjectiveCall.CallRefusal.kernel	c87c7555ddca3b016975ac10a5bc5f83e1a81031277f671ec6fe1039401dcb9a	a9b319cfee294b9dfb1b8fb75e5ad57e56e818c9954d4f12484032789d078e67	85d97d3e3ac9f6161f8bfa66c64e46a85fb874c9eac929e73989c3afa13224d0	b3fdb52f6b85e90e		Minidregg.Kernel.ObjectiveActivity.Refusal → Minidregg.Kernel.ObjectiveCall.CallRefusal
def	Minidregg.Kernel.ObjectiveCall.CallRefusal.kernel.elim	7a1e6889ad4a309e6e86d58e6492aab6fcc73f695b2cc17cc118a290ca685dce	4dc0625bc962cec174cf3a8e34d20ec2f68ee87a47cfb6789949136939c44232	ea6cea8059edea0980c99c51d37c7a5e5d2b8ee4a42f8fcf186367a583650fed	17c5d828f4a2f2df	-	{motive : Minidregg.Kernel.ObjectiveCall.CallRefusal → Sort u} → (t : Minidregg.Kernel.ObjectiveCall.CallRefusal) → t.ctorIdx = 0 → ((reason : Minidregg.Kernel.ObjectiveActivity.Refusal) → motive (Minidregg.Kernel.ObjectiveCall.CallRefusal.kernel reason)) → motive t
ctor	Minidregg.Kernel.ObjectiveCall.CallRefusal.lawDenied	4c6ec9f50b7efb1fadd4c97192613b7c4a00a281af0650c69f6d148f43601008	93bbff03a24179212010ceb40bdf8915f982c316bfbc07cc78d21f0d5fcd4baa	b32a2824c6bf7cbed810fe2d111632cbddb8381b900fe7815bea924b27e42635	edb02035c9fbca13		ℕ → String → Minidregg.Kernel.ObjectRecord.WriteRefusal → Minidregg.Kernel.ObjectiveCall.CallRefusal
def	Minidregg.Kernel.ObjectiveCall.CallRefusal.lawDenied.elim	22d5fba90f572c27c7125d65a9a0c5c46c32888fe7f70b4adb3836001029e37b	06c15f806554ae07968630b3f1c87b1a4a0bf7732fa7371a7d60aa866072895d	6dac6cb72a372291eb7b4270c7fde9f4f8aefbb5a3fd10dd24d8a78e77f6463a	b977b9695528f0ba	-	{motive : Minidregg.Kernel.ObjectiveCall.CallRefusal → Sort u} → (t : Minidregg.Kernel.ObjectiveCall.CallRefusal) → t.ctorIdx = 20 → ((target : ℕ) → (method : String) → (reason : Minidregg.Kernel.ObjectRecord.WriteRefusal) → motive (Minidregg.Kernel.ObjectiveCall.CallRefusal.lawDenied target method reason)) → motive t
ctor	Minidregg.Kernel.ObjectiveCall.CallRefusal.messageWide	ff2c8700739da1eeca7c7fd971d7e66bda84faf73cfca9fcc41e54fd7e26fd67	e8832f9e29fe53b064efb9603f0e53827d2bf39e0ce4af2a7b0d9d8893242ee1	eb736b8f04cf42052dadaecca80043ce08edefb449b15b5873a240faf5f91192	de32ea9d140d60a3		ℕ → Minidregg.Kernel.ObjectiveCall.CallRefusal
def	Minidregg.Kernel.ObjectiveCall.CallRefusal.messageWide.elim	d9171ba1968261706178319bd425515a5a0a735e959f321514439cdedbbf1903	a167533d00f84860d4c395fc99fc1d74d36f32d7a4cfa3602cd0cbda50e975cc	ee9c1cfdb94887d25c11f24fe0bb14b7ffe507dc0116787b31dc646fe44f1841	6092daf5fd7e4ede	-	{motive : Minidregg.Kernel.ObjectiveCall.CallRefusal → Sort u} → (t : Minidregg.Kernel.ObjectiveCall.CallRefusal) → t.ctorIdx = 10 → ((id : ℕ) → motive (Minidregg.Kernel.ObjectiveCall.CallRefusal.messageWide id)) → motive t
ctor	Minidregg.Kernel.ObjectiveCall.CallRefusal.notAnObject	d5a874d7f45bee5f0d3c8400713ef32f235b04df2efa47dc1a48cdb9545ea439	e8832f9e29fe53b064efb9603f0e53827d2bf39e0ce4af2a7b0d9d8893242ee1	9ce447a1c7c2816f15faccd2a62f2d543d2238afb5679edea8077e551431dece	0fe6fc2f36ab3a82		ℕ → Minidregg.Kernel.ObjectiveCall.CallRefusal
def	Minidregg.Kernel.ObjectiveCall.CallRefusal.notAnObject.elim	db27081987966c1c722d74f9720878d312154e86d42d8306c75471d443714cc2	1b2f8008acfd3b87d30ac1528dbc8f13a2acfd900200df72cdb8751d50a9964d	7cf3be27d536d5cb8fabd707bcf693806baea59c0dff0a4995cd73298bb477fc	a06813bbfa2f4116	-	{motive : Minidregg.Kernel.ObjectiveCall.CallRefusal → Sort u} → (t : Minidregg.Kernel.ObjectiveCall.CallRefusal) → t.ctorIdx = 3 → ((target : ℕ) → motive (Minidregg.Kernel.ObjectiveCall.CallRefusal.notAnObject target)) → motive t
ctor	Minidregg.Kernel.ObjectiveCall.CallRefusal.notCallable	8d67eba4bdcbb9021f11cb55d799dc5d0e1f46961025d59916e1413a2bff4bd3	204e850da4eb0b4893955ea43cff097a4c958a3b549c1d2439d5c2fadf38220a	e48083a34c8abb0a0051f0695d6123530d123d2f8bfb8d77747e5e3e025dd641	cb3dce1e7416242e		ℕ → String → String → Minidregg.Kernel.ObjectiveCall.CallRefusal
def	Minidregg.Kernel.ObjectiveCall.CallRefusal.notCallable.elim	61fcebb389e49c051481523bbff96ff9e31982ea4d2e0b9b77dfefa3fa6c9f17	f60bc4e74c5b0590605be1b061e7bd1579e646a2c3ca1a44cc09338bef707ea1	884f5248090f6dfd01c4af3ffc844e83a69b7141f69007932a687a64e46be920	dfec3689a3df9418	-	{motive : Minidregg.Kernel.ObjectiveCall.CallRefusal → Sort u} → (t : Minidregg.Kernel.ObjectiveCall.CallRefusal) → t.ctorIdx = 5 → ((target : ℕ) → (method reason : String) → motive (Minidregg.Kernel.ObjectiveCall.CallRefusal.notCallable target method reason)) → motive t
ctor	Minidregg.Kernel.ObjectiveCall.CallRefusal.notControllable	d1795aa93006400f078025e6f40b64195b2fb31607f538deca3ab3412847bbf5	e8832f9e29fe53b064efb9603f0e53827d2bf39e0ce4af2a7b0d9d8893242ee1	e5c25a76f7a2bbfe339b94f31461a4a1eb6a160cad700e96f4d34647c99c6f1a	8316da9654d3fb1e		ℕ → Minidregg.Kernel.ObjectiveCall.CallRefusal
def	Minidregg.Kernel.ObjectiveCall.CallRefusal.notControllable.elim	c010067b1317b7f0d98008d1e960c2d30580da283f2c8d4058d33cb794a64b39	19ce7bf82906955d8bd07e8a9b657026c8c73423e52b9f959a54e37c90c52747	d0427d779b23393f77651790ae9fb3048e381f04467bb726ab65f8fffea3dce4	ccb41d8bc9f16731	-	{motive : Minidregg.Kernel.ObjectiveCall.CallRefusal → Sort u} → (t : Minidregg.Kernel.ObjectiveCall.CallRefusal) → t.ctorIdx = 17 → ((slot : ℕ) → motive (Minidregg.Kernel.ObjectiveCall.CallRefusal.notControllable slot)) → motive t
ctor	Minidregg.Kernel.ObjectiveCall.CallRefusal.notDeliverable	43bcb3ea546f6cdaf102436cd608ab54171fc9ba1bff23749b0462bbdb6b7e0d	204e850da4eb0b4893955ea43cff097a4c958a3b549c1d2439d5c2fadf38220a	4dc06f72507ff4ad1ad62ad29d03a91e1eb113d609277c0a5616855a5de5741c	cc23e4b82a9f7c6b		ℕ → String → String → Minidregg.Kernel.ObjectiveCall.CallRefusal
def	Minidregg.Kernel.ObjectiveCall.CallRefusal.notDeliverable.elim	e0b95eae585023d5c667d86c1d0958a4830928e80d6b602311e6b25ab3c2a8c8	f0e6262fe1f0f243aecd928481a8e1ab1f9d60f77749e5a1da3be2cfc6f0d49c	d005dd6e2924f7a1e7b8beece7cc5cd695e804ee99c371463f76528e5d2f7cd0	260fca8cbcdcb28a	-	{motive : Minidregg.Kernel.ObjectiveCall.CallRefusal → Sort u} → (t : Minidregg.Kernel.ObjectiveCall.CallRefusal) → t.ctorIdx = 6 → ((target : ℕ) → (method reason : String) → motive (Minidregg.Kernel.ObjectiveCall.CallRefusal.notDeliverable target method reason)) → motive t
ctor	Minidregg.Kernel.ObjectiveCall.CallRefusal.notPipelinable	2d01c4131089eb39587e3ddbf047e3efb2ade422d6544f86ea48e7746245016a	e8832f9e29fe53b064efb9603f0e53827d2bf39e0ce4af2a7b0d9d8893242ee1	ac5998ce8034b67a15e34b69c9fa284dcc919b72f3e276387cc478007f875984	6a7b9db8dcf5b6f3		ℕ → Minidregg.Kernel.ObjectiveCall.CallRefusal
def	Minidregg.Kernel.ObjectiveCall.CallRefusal.notPipelinable.elim	0357dae408788cf86cf1365c7abe924968eeb2d82efc2e015a6776075b625daa	81ddfa0571a97535ff91b3b1bb326e5f96c2493c88fc32d1cbf55325f1051ace	45de3ff187f5b56877c159c664b5ccca2041e9d55f0b8dbb0141dea098b40c63	b8388491b5a95504	-	{motive : Minidregg.Kernel.ObjectiveCall.CallRefusal → Sort u} → (t : Minidregg.Kernel.ObjectiveCall.CallRefusal) → t.ctorIdx = 24 → ((slot : ℕ) → motive (Minidregg.Kernel.ObjectiveCall.CallRefusal.notPipelinable slot)) → motive t
ctor	Minidregg.Kernel.ObjectiveCall.CallRefusal.notSender	19a167e2ffd77af0a08dd7dcbefe6c5e4ebabcff6fb48a9fc44d34c1bea17abf	f066ab61abf02019a04ad7a17b251b03288a479051d5821c26f994bb41e86165	9c9192ffee5f30bed20accb5b2e55aceeff3d2632419bfbaeb9a09f705129a50	463970addad9f20f		ℕ → ℕ → Minidregg.Kernel.ObjectiveCall.CallRefusal
def	Minidregg.Kernel.ObjectiveCall.CallRefusal.notSender.elim	4bb9d24fa38069c987079e81ee341152cac6c7f44541c7db031335e400c70704	9c6655411f83b34cddceec477cab9003f187ff95ce97047b12f6d988e7d08902	bc47a62c1704ad551e7b9440a15fd5ee3cd8ce42bbaf47dfc761b1117a9b2c39	00f13c8b075193a7	-	{motive : Minidregg.Kernel.ObjectiveCall.CallRefusal → Sort u} → (t : Minidregg.Kernel.ObjectiveCall.CallRefusal) → t.ctorIdx = 18 → ((slot sender : ℕ) → motive (Minidregg.Kernel.ObjectiveCall.CallRefusal.notSender slot sender)) → motive t
ctor	Minidregg.Kernel.ObjectiveCall.CallRefusal.packageCell	18c0d601f1de0ba9044113ce9e0a714cf9e5eeeee5d5db04c9ad23b12fbcdaa8	e8832f9e29fe53b064efb9603f0e53827d2bf39e0ce4af2a7b0d9d8893242ee1	01569b87e275a64a14304b076fe5914857f8af85bd7a5047ae387ea6bee6ef6d	f90c992437f55efb		ℕ → Minidregg.Kernel.ObjectiveCall.CallRefusal
def	Minidregg.Kernel.ObjectiveCall.CallRefusal.packageCell.elim	5cd7858df45408b818bb556392797409aa8c8a9037055804d6920e13b9e7fcad	bf62faf2111fe4cf5d18ae3582cf6d22970e733b0db1b0cae44498fa89a21c45	c7508c91d9bda94da6dab614758fd07199a1d227af77c18f9d2f04ed7b61805e	432e2ef615010453	-	{motive : Minidregg.Kernel.ObjectiveCall.CallRefusal → Sort u} → (t : Minidregg.Kernel.ObjectiveCall.CallRefusal) → t.ctorIdx = 27 → ((cell : ℕ) → motive (Minidregg.Kernel.ObjectiveCall.CallRefusal.packageCell cell)) → motive t
ctor	Minidregg.Kernel.ObjectiveCall.CallRefusal.queueFull	2c2d5914a05fc685242a0b47a672223412269259f2ed2d7a9d7119dccd46e663	f066ab61abf02019a04ad7a17b251b03288a479051d5821c26f994bb41e86165	b11fb4da412c09a9c878d521df63b4a4e7c53c7bc2a00bead9de33898489339e	43e34a666e68a189		ℕ → ℕ → Minidregg.Kernel.ObjectiveCall.CallRefusal
def	Minidregg.Kernel.ObjectiveCall.CallRefusal.queueFull.elim	6a569ee8a922a8095a992a0d86260124084116eecb034ddf9bf3bb0cb768c6fd	f32793a99a14e5702ece67d1c868440ee3a969af14d308aca59f2c212b6bdb10	b57a69cc12315ceadcea0d9c1b96ca3e246fbac8eb36f1f50068ff5d0f58c87b	700d7c9ae6679de3	-	{motive : Minidregg.Kernel.ObjectiveCall.CallRefusal → Sort u} → (t : Minidregg.Kernel.ObjectiveCall.CallRefusal) → t.ctorIdx = 22 → ((sender target : ℕ) → motive (Minidregg.Kernel.ObjectiveCall.CallRefusal.queueFull sender target)) → motive t
ctor	Minidregg.Kernel.ObjectiveCall.CallRefusal.reentry	a35e49aea85973a09f5bbf860147e29b3d0b927b8b31f288dca6378d83f526ff	23dfc646847ec4eaa2ad9e68a4e0a6a3be9dd9f47959a33e59db976e8ea3c6a7	2b6e6863f069a0cf4a10f3ae0de6f814aedc8012d39eac08a607a11a6bc4f611	7bae21d029460456		ℕ → List ℕ → Minidregg.Kernel.ObjectiveCall.CallRefusal
def	Minidregg.Kernel.ObjectiveCall.CallRefusal.reentry.elim	4634f7bcd9f7df5287796005cf3b998bdc289b11f7a01ccd038ed049f9931eda	7099edd558ff2c730bab5ea27d9a57ab7d3cc9f79e701118b03ed0d8781c4e34	30619683df5a57c678b9ec251f25826fc55740f1bcabec1622c43da90d4fba32	998b5f9d94f9160c	-	{motive : Minidregg.Kernel.ObjectiveCall.CallRefusal → Sort u} → (t : Minidregg.Kernel.ObjectiveCall.CallRefusal) → t.ctorIdx = 1 → ((target : ℕ) → (stack : List ℕ) → motive (Minidregg.Kernel.ObjectiveCall.CallRefusal.reentry target stack)) → motive t
ctor	Minidregg.Kernel.ObjectiveCall.CallRefusal.resultType	c9fa71a1f3eeeab23a0d2a438345c96fd309b5ea8f4724d7df1b248e5dd9eea8	fa690a8f69e13ce7537e36972fd46ea063085bdc1a42b2861e272d7b1953a881	89c1a36b1d5aba2b87abb577878973d431943779a5133a1d3850d0ec3eca0bf8	104721375e57b264		ℕ → String → Minidregg.Kernel.ObjectiveCall.CallRefusal
def	Minidregg.Kernel.ObjectiveCall.CallRefusal.resultType.elim	f13c2deed814262b0ac5b59221224a421d9aa03c19b0590817746fc833d0c5f8	dca4f54774eb9b54c9be3bac5a40b5134a99e677bc39fbcf78f28de5caeab003	3f28aba78a55a59953cba2da6a988e236ba9ff93adc974820ad66b808449d06a	70d70e860c9ddf55	-	{motive : Minidregg.Kernel.ObjectiveCall.CallRefusal → Sort u} → (t : Minidregg.Kernel.ObjectiveCall.CallRefusal) → t.ctorIdx = 14 → ((caller : ℕ) → (method : String) → motive (Minidregg.Kernel.ObjectiveCall.CallRefusal.resultType caller method)) → motive t
ctor	Minidregg.Kernel.ObjectiveCall.CallRefusal.slotInbox	14a38fad24f0248f379bf38e6f9aaf2d53eaac96298e029e95e8ff49e220f6c3	fa690a8f69e13ce7537e36972fd46ea063085bdc1a42b2861e272d7b1953a881	461c1445993eb824649686a04bc69fe4495c42b6a451a4916391d0c8df664434	5cb61d9ec254ca6c		ℕ → String → Minidregg.Kernel.ObjectiveCall.CallRefusal
def	Minidregg.Kernel.ObjectiveCall.CallRefusal.slotInbox.elim	bbf54086ba18d11a298b38accdba2319d6774be604d0ddc9e9a7b9cdb85e615f	0913c17165139ac48c96ee22e5a2f82ca4f1a44bc0be8014893df06dfd19a6f8	55dae5662ac269cd81e8e93c8f31f3b9986a0b81b54b3ef8eecc4dfc929aaebe	60a06a6ae180e989	-	{motive : Minidregg.Kernel.ObjectiveCall.CallRefusal → Sort u} → (t : Minidregg.Kernel.ObjectiveCall.CallRefusal) → t.ctorIdx = 19 → ((slot : ℕ) → (reason : String) → motive (Minidregg.Kernel.ObjectiveCall.CallRefusal.slotInbox slot reason)) → motive t
ctor	Minidregg.Kernel.ObjectiveCall.CallRefusal.slotQueueFull	16a782180baee63f882d50c8a2075ef5b49b6f601dddbf764db07d30d41efb9a	e8832f9e29fe53b064efb9603f0e53827d2bf39e0ce4af2a7b0d9d8893242ee1	a5da0789377d14d79f7f2979b9eba527fe23f7c311d9c70b92fe6c8ba2b8faa1	deefae9b60f79c95		ℕ → Minidregg.Kernel.ObjectiveCall.CallRefusal
def	Minidregg.Kernel.ObjectiveCall.CallRefusal.slotQueueFull.elim	ae9f013936c0134a54c85a9cd4e0d28da38e5e32b810fe4aee6709f8224c5533	4aedeb256ea7ec4d293d9dc8bb6c2d939146cdacc5248f86370b02e8b39557b9	c2a6bdf6326ae35041b88d3437d47e726f221d15b78b07c623c4cb64d8d7b84b	ba9bb05e716a2399	-	{motive : Minidregg.Kernel.ObjectiveCall.CallRefusal → Sort u} → (t : Minidregg.Kernel.ObjectiveCall.CallRefusal) → t.ctorIdx = 23 → ((slot : ℕ) → motive (Minidregg.Kernel.ObjectiveCall.CallRefusal.slotQueueFull slot)) → motive t
ctor	Minidregg.Kernel.ObjectiveCall.CallRefusal.slotTaken	5fb1dfe04e0fbaea30b8c7e7a316f39128a479a0e97f8b093589dfe641e6f08f	e8832f9e29fe53b064efb9603f0e53827d2bf39e0ce4af2a7b0d9d8893242ee1	ea112d8b2fad5475f2a923cb5a3ef10081caced7276d987cae83998e5baceb6f	d3aaede9a8320094		ℕ → Minidregg.Kernel.ObjectiveCall.CallRefusal
def	Minidregg.Kernel.ObjectiveCall.CallRefusal.slotTaken.elim	6a4803a24512d70026369e321db6bf0789b94af776382010213dfe63254ad9f3	a03fe9d7f9fd6cabe5e9498bc358db6e762dc667cce5d393d4ea00373131eba6	a76a22627278b417e139bd5bf6b13e0b9231e07af0df9da55ebcca2903d9b2cd	e77453b726a84cc6	-	{motive : Minidregg.Kernel.ObjectiveCall.CallRefusal → Sort u} → (t : Minidregg.Kernel.ObjectiveCall.CallRefusal) → t.ctorIdx = 25 → ((slot : ℕ) → motive (Minidregg.Kernel.ObjectiveCall.CallRefusal.slotTaken slot)) → motive t
ctor	Minidregg.Kernel.ObjectiveCall.CallRefusal.stateMissing	d9ed79886f395d6771798a1770ea8b7af19050401c27265e906c5f1dbbe344fb	e8832f9e29fe53b064efb9603f0e53827d2bf39e0ce4af2a7b0d9d8893242ee1	d711f05a926dfb73376811ade7162513b304468785cdd6feec28d278476ac1b3	d32ddd63932d273b		ℕ → Minidregg.Kernel.ObjectiveCall.CallRefusal
def	Minidregg.Kernel.ObjectiveCall.CallRefusal.stateMissing.elim	6071657c27f597f57e681cbc2c689dd1d5b02ada8bdef8874ec85bf5ee32c164	d0283998356e4460acf056e77c685fda48bb480ec1ada203cca48319237c22fd	242c58deb09ef3708b39879ec3cecb9342a7226fac5f17b4d26de68b5de3528c	0a191e9e73380d46	-	{motive : Minidregg.Kernel.ObjectiveCall.CallRefusal → Sort u} → (t : Minidregg.Kernel.ObjectiveCall.CallRefusal) → t.ctorIdx = 4 → ((target : ℕ) → motive (Minidregg.Kernel.ObjectiveCall.CallRefusal.stateMissing target)) → motive t
inductive	Minidregg.Kernel.ObjectiveCall.ClosedSlot	cb4f7300d0931ac36c173de3425dfdae620f721631a9bba80af5a9110171b80a	9733a1095ad549a3c96007565afbf8c3d8063c76e407c7abd94d9ca262d0ce67	77270b49c5f504e3490b68eb91313a81d03a8e03921068c5b7ab42032b8959b6	14fb7f2ad7414ce8		{rootBytes : Minidregg.Kernel.ObjectiveActivityWire.Bytes → Minidregg.Theory.TypedAuthorization.Digest} → Minidregg.Kernel.ObjectiveActivity.Config → Minidregg.Kernel.ObjectiveActivity.Snapshot rootBytes → Type
theorem	Minidregg.Kernel.ObjectiveCall.ClosedSlot.clean	380459c45c7184c6077c8f9d929b01675d92471274438522f7427e8c17cef952	20f4bb02c8523e6b2c4011fff45eba36b0c36a7998306e8dedee72a26cc1ffe0	ea4e964556ecb9fca5533f1c3675135c74841091ddfd8da1f1a54e1fb52bb4a4	ec10ed35147e8826	Classical.choice,Quot.sound,propext	∀ {rootBytes : Minidregg.Kernel.ObjectiveActivityWire.Bytes → Minidregg.Theory.TypedAuthorization.Digest} {config : Minidregg.Kernel.ObjectiveActivity.Config} {snapshot : Minidregg.Kernel.ObjectiveActivity.Snapshot rootBytes} (self : Minidregg.Kernel.ObjectiveCall.ClosedSlot config snapshot), Minidregg.Kernel.ObjectiveActivity.bodyOf Minidregg.Kernel.ObjectiveActivityCell.Role.package (snapshot.canonicalBytes (Minidregg.Kernel.AnswerSlot.cell config.domain self.name)) = Option.none
def	Minidregg.Kernel.ObjectiveCall.ClosedSlot.decided	e3429f86feec54cdafb45774cf45d39434214e5ff7be8a09179b5bfb715e346f	7b1c99026f9f0432cf3050ce8bd78594ff275d3a9fc0ba8249af80b3d1e620b2	6f3cac6a803819ae72b36d30426ec66d16610cfbb7a479f3e0bd49eeb185278c	18b5f2dbd0f5979b	Classical.choice,Quot.sound,propext	{rootBytes : Minidregg.Kernel.ObjectiveActivityWire.Bytes → Minidregg.Theory.TypedAuthorization.Digest} → {config : Minidregg.Kernel.ObjectiveActivity.Config} → {snapshot : Minidregg.Kernel.ObjectiveActivity.Snapshot rootBytes} → Minidregg.Kernel.ObjectiveCall.ClosedSlot config snapshot → Option Minidregg.Kernel.AnswerSlot.Slot
ctor	Minidregg.Kernel.ObjectiveCall.ClosedSlot.mk	c018788c8040bd557c3a4e6ade3b41afbda20e12c7ef113a17809091be2c133c	0b6a58965c7e12d50e539ea327502010af5cd3d499660391b27eb5b199b0adde	e99c6cd79bb6372a7c18239da47afb38c3f71a8e6b9d15015e34ad95703d99ea	7ba5eced277aa06b		{rootBytes : Minidregg.Kernel.ObjectiveActivityWire.Bytes → Minidregg.Theory.TypedAuthorization.Digest} → {config : Minidregg.Kernel.ObjectiveActivity.Config} → {snapshot : Minidregg.Kernel.ObjectiveActivity.Snapshot rootBytes} → (name : Minidregg.Theory.TypedAuthorization.Digest) → Minidregg.Kernel.ObjectiveActivity.bodyOf Minidregg.Kernel.ObjectiveActivityCell.Role.package (snapshot.canonicalBytes (Minidregg.Kernel.AnswerSlot.cell config.domain name)) = Option.none → (∀ (payload : Minidregg.Kernel.ObjectiveActivityCell.Payload), Minidregg.Kernel.ObjectiveActivity.payloadOf (snapshot.canonicalBytes (Minidregg.Kernel.AnswerSlot.cell config.domain name)) = Option.some payload → payload.role = Minidregg.Kernel.ObjectiveActivityCell.Role.slot) → (decided : Option Minidregg.Kernel.AnswerSlot.Slot) → (∀ (slot : Minidregg.Kernel.AnswerSlot.Slot), decided = Option.some slot → slot.name = name) → Minidregg.Kernel.ObjectiveCall.ClosedSlot config snapshot
def	Minidregg.Kernel.ObjectiveCall.ClosedSlot.name	dde90b0a0ae98c65a90f605f444f53a7be432176a2f5cc69abbfa4e96012e860	aafe27656eb97ad1407268cf84789e0de8d4d4f0285f01a42e762ee307690d67	dd72606278832328c48a2c909c98ca3e8fb280cc853758800b78e690c2cb1311	e258384b07784558	Classical.choice,Quot.sound,propext	{rootBytes : Minidregg.Kernel.ObjectiveActivityWire.Bytes → Minidregg.Theory.TypedAuthorization.Digest} → {config : Minidregg.Kernel.ObjectiveActivity.Config} → {snapshot : Minidregg.Kernel.ObjectiveActivity.Snapshot rootBytes} → Minidregg.Kernel.ObjectiveCall.ClosedSlot config snapshot → Minidregg.Theory.TypedAuthorization.Digest
theorem	Minidregg.Kernel.ObjectiveCall.ClosedSlot.named	385c674a69393460e42e7d1a661c6eeff31ea3a68a2f8225ab279bbadb5010a3	46fa72bf68a2f90f865488800e2932147638f059d4a2c0c7b1f069aabba361fd	ab09b9945f49d1fdbec901787aa671f24ac6c38d8535d856a865ff19d4a83463	7a329986ac56a59a	Classical.choice,Quot.sound,propext	∀ {rootBytes : Minidregg.Kernel.ObjectiveActivityWire.Bytes → Minidregg.Theory.TypedAuthorization.Digest} {config : Minidregg.Kernel.ObjectiveActivity.Config} {snapshot : Minidregg.Kernel.ObjectiveActivity.Snapshot rootBytes} (self : Minidregg.Kernel.ObjectiveCall.ClosedSlot config snapshot) (slot : Minidregg.Kernel.AnswerSlot.Slot), self.decided = Option.some slot → slot.name = self.name
def	Minidregg.Kernel.ObjectiveCall.ClosedSlot.post	f37f8af2cd43b0d7f68b035cfdb6824afab66acb1c5747c32d8f05faee59a1b1	1708797e2068c0ae41eef51bca031558a9bb879a3899c238b65b3169c7dbeaa5	d3facc8d4859b9f52c207b12973ad333599097af4bed311fbebb40ca97339b42	e0ba4d9df64cc0e8	Classical.choice,Quot.sound,propext	{rootBytes : Minidregg.Kernel.ObjectiveActivityWire.Bytes → Minidregg.Theory.TypedAuthorization.Digest} → {config : Minidregg.Kernel.ObjectiveActivity.Config} → {snapshot : Minidregg.Kernel.ObjectiveActivity.Snapshot rootBytes} → Minidregg.Kernel.ObjectiveCall.ClosedSlot config snapshot → Minidregg.Kernel.ObjectiveActivityWire.Post
theorem	Minidregg.Kernel.ObjectiveCall.ClosedSlot.slotted	32a784c9e2e4db0f6067d89a2f09ebdb36e423077d93b6dfe202109a0ca6f6d2	f327a44c57413bb9e0e6f5cf15e986c52608b6d31e3dab909ba8c03fa4317e89	b2af1b46541036d4a9948615c5332e5c6b7bf9ee77eb7975a892eb79d31c73d9	fe511637a439f15e	Classical.choice,Quot.sound,propext	∀ {rootBytes : Minidregg.Kernel.ObjectiveActivityWire.Bytes → Minidregg.Theory.TypedAuthorization.Digest} {config : Minidregg.Kernel.ObjectiveActivity.Config} {snapshot : Minidregg.Kernel.ObjectiveActivity.Snapshot rootBytes} (self : Minidregg.Kernel.ObjectiveCall.ClosedSlot config snapshot) (payload : Minidregg.Kernel.ObjectiveActivityCell.Payload), Minidregg.Kernel.ObjectiveActivity.payloadOf (snapshot.canonicalBytes (Minidregg.Kernel.AnswerSlot.cell config.domain self.name)) = Option.some payload → payload.role = Minidregg.Kernel.ObjectiveActivityCell.Role.slot
inductive	Minidregg.Kernel.ObjectiveCall.Control	1decfbcf58fb6500625498d58d601b1d9c890eda5316eb5112d916caaa6583bc	16946b93ac38405660f51e475eb5aa7d25b54f5e5677e0f6a10a4526cc071cbf	e935510ead4d0c88425637f5c5de9437d2d0dad373a20b4174c0ba9bc039cf32	d3f6c85e2908b1d2		Type
def	Minidregg.Kernel.ObjectiveCall.Control.kind	5f0a3ac3995ef94c5b2cdcd76fe1f454b21752c934fbcf35d2430bdd2d29782a	5f5826b20f42e7cd311ed5c54d2f41e95304d33eaa8061b05bc26c0dd6e9b2b9	79e463539c26e6334957c7da7c713fbd06d591cbc88823b48752c9ac2e63069c	e741767716886ff7	-	Minidregg.Kernel.ObjectiveCall.Control → Minidregg.Kernel.ObjectiveCall.ControlKind
ctor	Minidregg.Kernel.ObjectiveCall.Control.mk	ac1f68f1aa6dff809a2fe0f1a7d83c1b54642f4ab06e2110fa58511a19b21393	a9a5f64d5c4e2f2d956ce9c6fb81359eb56bde622c495237f6c0a4a63b39aa49	dab0ab69d7ad3fcdf92f2d7ac3a4c3d445cf5e7090e682280525ee9555d89d63	21e4c229524c9de5		ℕ → Minidregg.Kernel.ObjectiveCall.ControlKind → Minidregg.Theory.TypedAuthorization.Digest → Minidregg.Kernel.ObjectiveCall.Control
def	Minidregg.Kernel.ObjectiveCall.Control.sender	01cc99da329ce2df40144f704ad34144b613474897de96ee717a88203cc0a099	7c5b1cd0c7f452f801c7e6ccf1e2c5546e266db4d11c957aabf680fb321a0283	85ab459256875443c45605c36b92138f6f41ff148a31d740a00024943549853d	23b27e2ad4a461ef	-	Minidregg.Kernel.ObjectiveCall.Control → ℕ
def	Minidregg.Kernel.ObjectiveCall.Control.slot	bcb6702d0d6c94d00fd866f9dde98d323bcd1868cd63a44ee0ff5360f96d8cfb	e2ab327e9b58796dbf010b12c78c543809f94ae978f8d28e9d2b49bc7516fe99	78fd6134e33a9c950ec5c6a641040aaf4f24d82b2405481b83b9f553eef6bb50	64cbd89c5a61d7e2	-	Minidregg.Kernel.ObjectiveCall.Control → Minidregg.Theory.TypedAuthorization.Digest
inductive	Minidregg.Kernel.ObjectiveCall.ControlKind	7ea49e3a9c85da476de76a01bf11d3d8057d28cf762f6bcab68182a4fcb73611	16946b93ac38405660f51e475eb5aa7d25b54f5e5677e0f6a10a4526cc071cbf	fe7fadc4871047a362a1f1485f87364b3184864b44a1402e156b20669b43ccc2	783e8af0eb10c58a		Type
ctor	Minidregg.Kernel.ObjectiveCall.ControlKind.cancel	661b25b0f70c7d6efd5d44d98953be9316295176f94fda725be6e7c4e2588c03	5ea9f1a58379a1ca9a2fea938a7fd077697835182ebc61abba38fc8c36d44747	cffffd320471c1d6c021cd58393fd44d3ced425f40b875d0fef86b25f8056a8a	dcf89633d98a3113		Minidregg.Kernel.ObjectiveCall.ControlKind
def	Minidregg.Kernel.ObjectiveCall.ControlKind.cancel.elim	0436ea528b19d3fbcfdeb84fd544d34bd025299ef4bcfc91209b845f35e0c29f	a85ce2ba260c6bba721ef0252fff131bd912ff230c556ba69a02fe0bc0bc5a0c	2844a46ef52cebeb000a95d80bdf4e02fefebd3cb949778696c3456d62b42ed4	2ae3a5a39eb0d3a7	-	{motive : Minidregg.Kernel.ObjectiveCall.ControlKind → Sort u} → (t : Minidregg.Kernel.ObjectiveCall.ControlKind) → t.ctorIdx = 1 → motive Minidregg.Kernel.ObjectiveCall.ControlKind.cancel → motive t
def	Minidregg.Kernel.ObjectiveCall.ControlKind.ofNat	0b48243931be4fd78d05bcb10dd48799598f68585495ee91e4e94e6202919836	46190efc752334b34f91c7f56dea79d7b74edabb35b652a132b23962874afa34	61e7142fa85dbd445cebe4ff3298ca639b5bbacdcf5789104298a550c9dd5a2d	903200d96e7baabf	-	ℕ → Minidregg.Kernel.ObjectiveCall.ControlKind
theorem	Minidregg.Kernel.ObjectiveCall.ControlKind.ofNat_ctorIdx	3e890888e8806f46bd89ec4ab2066f201268886e120551f90ff636e2a3278262	ee367068df96da0c9e743a77b1a32100953f28066d6737e9e5526862bf8d5861	709041505bd09ffadd48c0f697fae3e00e5188b151876291a9a2d2da4c982c82	02e6c9d180b319a1	-	∀ (x : Minidregg.Kernel.ObjectiveCall.ControlKind), Minidregg.Kernel.ObjectiveCall.ControlKind.ofNat x.ctorIdx = x
ctor	Minidregg.Kernel.ObjectiveCall.ControlKind.stop	ee1e937aeb882672a8e08a7b241544d1c971f3fe073841ce4a0f24aaa741ddd2	5ea9f1a58379a1ca9a2fea938a7fd077697835182ebc61abba38fc8c36d44747	9445a05e6a90c3457b97ea87ebef5a75651a1961659350e636ee4af0cce9d71c	2ce17274b1040b4b		Minidregg.Kernel.ObjectiveCall.ControlKind
def	Minidregg.Kernel.ObjectiveCall.ControlKind.stop.elim	d7bcf877c25024b08cd4e819882a67a214901ba2584a5fc8e07bacc90f71cc66	d51c99f85bef06e062a9193d7611bb57cf00873ff0614514803ca5f2d0ad97fc	d296ad2a5a083a31d58fb9c669c2f1902688bb56ae7e849b5f5a41d02b279add	b84d073799a46ac7	-	{motive : Minidregg.Kernel.ObjectiveCall.ControlKind → Sort u} → (t : Minidregg.Kernel.ObjectiveCall.ControlKind) → t.ctorIdx = 0 → motive Minidregg.Kernel.ObjectiveCall.ControlKind.stop → motive t
inductive	Minidregg.Kernel.ObjectiveCall.Controlled	13c6d357c38e79e9a44758378d927c82e2d013f9b10332fc7527487bfdfe0559	9733a1095ad549a3c96007565afbf8c3d8063c76e407c7abd94d9ca262d0ce67	8c90be27704a1f50975dbb60551d8e78492c6ca10bfe9130fa079ffcb586f3d5	584edf1958f5402c		{rootBytes : Minidregg.Kernel.ObjectiveActivityWire.Bytes → Minidregg.Theory.TypedAuthorization.Digest} → Minidregg.Kernel.ObjectiveActivity.Config → Minidregg.Kernel.ObjectiveActivity.Snapshot rootBytes → Type
ctor	Minidregg.Kernel.ObjectiveCall.Controlled.decided	91ba5e675aaf13831fc77c8e51c2f7853c136e3f262ab3f2103f89ac04e7f6e3	c2279634b3b5ddfc713d3d42f2ec0357e4a0f55cf27c145cc74e20f38bf975a2	9f238827504f99c857b2b5fbea2e936e6e5b56c7d7261bf67ecdbf790924642e	17b708820467f438		{rootBytes : Minidregg.Kernel.ObjectiveActivityWire.Bytes → Minidregg.Theory.TypedAuthorization.Digest} → {config : Minidregg.Kernel.ObjectiveActivity.Config} → {snapshot : Minidregg.Kernel.ObjectiveActivity.Snapshot rootBytes} → Minidregg.Kernel.AnswerSlot.Slot → Minidregg.Kernel.ObjectiveCall.ClosedSlot config snapshot → Minidregg.Kernel.ObjectiveCall.Controlled config snapshot
def	Minidregg.Kernel.ObjectiveCall.Controlled.decided.elim	b61a1bb5f36f4c6b855d6d0459c36f30c078dbd8729ca44634118bb319fa9206	5759850e3b9ad78b54bc18610a972afba1b4382803c130674a806aefebb2b173	7e2dcc7358c3a572318ee128ed249d1703ca287e81965a52928c0d46ca5f195b	60960415dd5e2706	Classical.choice,Quot.sound,propext	{rootBytes : Minidregg.Kernel.ObjectiveActivityWire.Bytes → Minidregg.Theory.TypedAuthorization.Digest} → {config : Minidregg.Kernel.ObjectiveActivity.Config} → {snapshot : Minidregg.Kernel.ObjectiveActivity.Snapshot rootBytes} → {motive : Minidregg.Kernel.ObjectiveCall.Controlled config snapshot → Sort u} → (t : Minidregg.Kernel.ObjectiveCall.Controlled config snapshot) → t.ctorIdx = 1 → ((slot : Minidregg.Kernel.AnswerSlot.Slot) → (closing : Minidregg.Kernel.ObjectiveCall.ClosedSlot config snapshot) → motive (Minidregg.Kernel.ObjectiveCall.Controlled.decided slot closing)) → motive t
ctor	Minidregg.Kernel.ObjectiveCall.Controlled.gone	f7d74106e2ae638b5dadf7fea3eecf7ac3bc02008ed6b1294acf8142c61f6d8e	5c2c26033bcfe7aa21af3b6dfdd7302815bf40c5a52e8bf73a125b6b34bf1de5	e7b47197368ef72d3d9b2ac034d75203468f270be59db7d396e28d766f24635c	3d63b1c31f0cf691		{rootBytes : Minidregg.Kernel.ObjectiveActivityWire.Bytes → Minidregg.Theory.TypedAuthorization.Digest} → {config : Minidregg.Kernel.ObjectiveActivity.Config} → {snapshot : Minidregg.Kernel.ObjectiveActivity.Snapshot rootBytes} → Minidregg.Kernel.ObjectiveCall.Controlled config snapshot
def	Minidregg.Kernel.ObjectiveCall.Controlled.gone.elim	530fd12bbfe5675a5925ecff3519cf2179fc3c29775fca636983275f2c00bb65	d18a4484ee26b1731bb9c27768bc8760261af5b805d159042bb2d2044d708a6b	eb3bad81c3dd0dd9d1d2ddaef592f6e9aee2e2b8f940f0f547e77c205623d439	2704241e2444c336	Classical.choice,Quot.sound,propext	{rootBytes : Minidregg.Kernel.ObjectiveActivityWire.Bytes → Minidregg.Theory.TypedAuthorization.Digest} → {config : Minidregg.Kernel.ObjectiveActivity.Config} → {snapshot : Minidregg.Kernel.ObjectiveActivity.Snapshot rootBytes} → {motive : Minidregg.Kernel.ObjectiveCall.Controlled config snapshot → Sort u} → (t : Minidregg.Kernel.ObjectiveCall.Controlled config snapshot) → t.ctorIdx = 0 → motive Minidregg.Kernel.ObjectiveCall.Controlled.gone → motive t
ctor	Minidregg.Kernel.ObjectiveCall.Controlled.held	969e6435973d2f0614116d16033c1818b178700170540e98c04a77431a749afd	1a92b6dc8bd7d71157d0a449e02333e13f2d4bf11b5b7509447a83c5342020df	318a4e688ab8af255292a6953c457ff2885e1a398df4ec414edb13bf65d55064	9e3159b591c8dc45		{rootBytes : Minidregg.Kernel.ObjectiveActivityWire.Bytes → Minidregg.Theory.TypedAuthorization.Digest} → {config : Minidregg.Kernel.ObjectiveActivity.Config} → {snapshot : Minidregg.Kernel.ObjectiveActivity.Snapshot rootBytes} → Minidregg.Kernel.ObjectiveCall.HeldSlot config snapshot → List (Minidregg.Kernel.ObjectiveCall.HeldSlot config snapshot) → Minidregg.Kernel.ObjectiveCall.Controlled config snapshot
def	Minidregg.Kernel.ObjectiveCall.Controlled.held.elim	6c5a8524fd5a0a6b22c68a02975772d179e7a4b4ed5a1559fce9ac8b0f1b542c	12baf2ec189509764b1fbc5cd0124295fbaeefda3a8a3b30fd43c78ba0ae873a	7ab8aff81762d6233aa76b992e524c166aa362434632d3deff4b84de414ac747	e5468098057bd5bd	Classical.choice,Quot.sound,propext	{rootBytes : Minidregg.Kernel.ObjectiveActivityWire.Bytes → Minidregg.Theory.TypedAuthorization.Digest} → {config : Minidregg.Kernel.ObjectiveActivity.Config} → {snapshot : Minidregg.Kernel.ObjectiveActivity.Snapshot rootBytes} → {motive : Minidregg.Kernel.ObjectiveCall.Controlled config snapshot → Sort u} → (t : Minidregg.Kernel.ObjectiveCall.Controlled config snapshot) → t.ctorIdx = 2 → ((slot : Minidregg.Kernel.ObjectiveCall.HeldSlot config snapshot) → (others : List (Minidregg.Kernel.ObjectiveCall.HeldSlot config snapshot)) → motive (Minidregg.Kernel.ObjectiveCall.Controlled.held slot others)) → motive t
inductive	Minidregg.Kernel.ObjectiveCall.Ctx	9976469296d03e964954e661e5bc055493e31dd30b83270d471a0bc504999f0a	16946b93ac38405660f51e475eb5aa7d25b54f5e5677e0f6a10a4526cc071cbf	b9b208c710e4e0e6011937c8f592bc22c02361554be1eb3b20d00f3623a9ac3a	a4423d50e3ddfa9e		Type
def	Minidregg.Kernel.ObjectiveCall.Ctx.Delegated	330cfd156c9c4786a40db8fd867220e185ffd49d48e5367cf22b48a9d64b1c92	4fbdd6c2d0b12977afa25b5992eeea3f3b07652798e0a866b60a565ec4f27cec	d11bab4a7d041896f69174542bf7a870b607b5e7a902a1c097fc8b4dd997916c	9d10fc127d3e2d29	-	Minidregg.Kernel.ObjectiveCall.Authority → Minidregg.Kernel.ObjectiveCall.Ctx → List Minidregg.Kernel.ObjectiveCall.Delegation → Prop := fun authority ctx delegations => ctx.subject = authority.signer ∧ ctx.caller = authority.origin ∨ ctx.subject = Option.none ∨ ∃ d, ctx.delegation = Option.some d ∧ d ∈ delegations ∧ d.object = ctx.object.value ∧ d.method = ctx.method ∧ d.code = ctx.record.activePin ∧ d.args = ctx.args ∧ d.caller = ctx.caller
theorem	Minidregg.Kernel.ObjectiveCall.Ctx.Delegated.grow	e28fa5c8aad04d1d51d9aa120cfbf21ace97e979cd242d60d2149644e8ca5b5d	77470bc0be0d1e12857fc761b4cfb059719e159aa22054e2c917e1ad9f899339	912a1c5375b35bd7a0b6a4a329fb753fc7aa741fbda7e873ea09d6c324a8f306	e4547bbc4a49f191	-	∀ {authority : Minidregg.Kernel.ObjectiveCall.Authority} {ctx : Minidregg.Kernel.ObjectiveCall.Ctx} {ds : List Minidregg.Kernel.ObjectiveCall.Delegation} (more : List Minidregg.Kernel.ObjectiveCall.Delegation), Minidregg.Kernel.ObjectiveCall.Ctx.Delegated authority ctx ds → Minidregg.Kernel.ObjectiveCall.Ctx.Delegated authority ctx (ds ++ more)
def	Minidregg.Kernel.ObjectiveCall.Ctx.args	227779ad2db94d31caeab24626a2c7351d5cf6605d29738b300c4390d9df778a	73912609a2bd555b460f783eec56d7445b13d6cf70fd5ae96f4696677a4b4525	25cc147e4fe7a6c72d8bdf9ad44006230735388806a32a806d7a670c9744ea72	41581ed140a55cf7	-	Minidregg.Kernel.ObjectiveCall.Ctx → Minidregg.Theory.ObjectiveBendDemandData.Data
def	Minidregg.Kernel.ObjectiveCall.Ctx.assumptions	ad149927653b7c7da277933d6202ca1fd78a92405d7bbdd0dbd9606d504635b4	b1dd1d30d97512050a3e3b66f30c24c559c0a3cf2ee06b9b7a808fc491e42a11	cfe1592d094f318e5eeb6973d6b0e3ad0ae7744d02c48d4debe3fda168b7deaf	5bd12bb520306e50	-	Minidregg.Kernel.ObjectiveCall.Ctx → Minidregg.Theory.ObjectiveBendTyping.Assumptions
def	Minidregg.Kernel.ObjectiveCall.Ctx.caller	8ff254ec948410810c7b1c7752b173295727b606333b1bea16d9704b58d286e6	73a6acf117636a41e14f7853f875987eaadb2422b0699321eaa9b09877bed4d3	7e7cd9d474851a781d79570010f13860a4552436eb420841cdbdda375e5eff60	e1385165b4f73275	-	Minidregg.Kernel.ObjectiveCall.Ctx → Option ℕ
def	Minidregg.Kernel.ObjectiveCall.Ctx.delegation	8c1f84855c135ac39d4f05c9fa96154725602305a571248d1f135d3fefb9292f	800634bbbee41dc1861ac81a174ca7ebcb92bf6260128ee70b167f398ac97ecf	231170fa4aa6c9b690a263ff958c1548407867e110da322fc1791afc5e45cacb	aaeac5c9e9b21401	-	Minidregg.Kernel.ObjectiveCall.Ctx → Option Minidregg.Kernel.ObjectiveCall.Delegation
def	Minidregg.Kernel.ObjectiveCall.Ctx.facts	0f7cb614f99f8a1964cb6e81c39efe2013006cf468cefba63dca9d0b33c48e12	fee4554e11ee34d0baf979e2a87ff8be4b9611548cb08e3f8653e3c1ded20d63	6a787061414ee57e66519f264ddb254b270ce576c0773dda5f7745b0611e24d9	d5a33a1dbaf8947f	-	Minidregg.Kernel.ObjectiveCall.Ctx → Minidregg.Kernel.ObjectRecord.Facts
theorem	Minidregg.Kernel.ObjectiveCall.Ctx.facts_artifact	0d5832721315ddf0c09b670bac7b4aa2969efdf6d94456e889fd7a5d224c07bf	3d6f49defa7d875b7cf26446dc49847a825b1bb4b0dd972d23f7760af39400e7	6fbd28a6fc4fbc5d1109c96ec4b71260346926e5d0fdb87316699492e89955e6	e9a3c39e7042e571	-	∀ (ctx : Minidregg.Kernel.ObjectiveCall.Ctx), ctx.facts.artifact = Option.some ctx.record.activePin.value
def	Minidregg.Kernel.ObjectiveCall.Ctx.height	7787a271da62c7bd1565ca76c6263622d3813bd50f6bad433e2e46fab9842640	f0faeef785421d3a63d19408a2dc194df0cbe721e8fbaa94a1d7753710e948be	96508e35c77c26e4968309f922c158f87778918687ef2f7bad75f0bbe722a963	1d544b974a5b8411	-	Minidregg.Kernel.ObjectiveCall.Ctx → ℕ
def	Minidregg.Kernel.ObjectiveCall.Ctx.method	eaaa95a9ed8dc8ef63e5b15743b76f23e5a7fc4378fd3905fbcaa102002dac09	f076e0ab7584169afe371b7777c086240a0fde0ede280b482458ef60b482f1ec	fd1e1261b3d573be98ae6a2afee8b741b311640a71bea29b1d3d6d185d10663d	9dc3991faf911ff8	-	Minidregg.Kernel.ObjectiveCall.Ctx → String
ctor	Minidregg.Kernel.ObjectiveCall.Ctx.mk	a65050b7fedbdf8106846471bfb9b48aee68a078ebc577010909502c7903b136	9be915de063809e7313e464eb6ed1859bf6d5710418b03d0d2b7438993f44fb0	7837104482cda4f0deac61e02bd7553e231903ac679eea70419da9b5b0db4b14	ae796cb9a2f3472d		Minidregg.Kernel.DurableDataIntent.CellId → String → Minidregg.Kernel.ObjectRecord.ObjectRecord → Minidregg.Theory.ObjectiveBendTyping.Assumptions → Minidregg.Theory.ObjectiveBendTypes.Ty → Minidregg.Kernel.ObjectState → Option Minidregg.Theory.TypedAuthorization.SubjectId → ℕ → Option ℕ → Minidregg.Theory.ObjectiveBendDemandData.Data → Option Minidregg.Kernel.ObjectiveCall.Delegation → Minidregg.Kernel.ObjectiveCall.Ctx
def	Minidregg.Kernel.ObjectiveCall.Ctx.object	22fd578e84eeced59ad60c76b58b6d28474e87f07362b243703f142f660cd20c	a9122549dc258f8c8d130c6836efef614f7efbb9b2fa67d45c9448088e3b035c	bd3b540fa94a8128233a93747bbeb8c4f63c8808bad68ae8dea139f53978811a	ec07f6dd60282422	-	Minidregg.Kernel.ObjectiveCall.Ctx → Minidregg.Kernel.DurableDataIntent.CellId
def	Minidregg.Kernel.ObjectiveCall.Ctx.record	403b807551d7622f546b2a97d201179f687b4de36b8aa4b18028716ed315d848	29aafa2ac8503f5111a8162313b0faff4a4367a900910d0494e6d7eca7b32949	90ae9d096bb6ff5d68cbcc7196baca2223fae0f313b2db919aa79c93c9a9d9a7	11edcf377b409ce3	-	Minidregg.Kernel.ObjectiveCall.Ctx → Minidregg.Kernel.ObjectRecord.ObjectRecord
def	Minidregg.Kernel.ObjectiveCall.Ctx.responseType	d135df4c25c10d3e875b2b428ca1468273ea4406aaff067eb7617bf1c8b4b835	f767f4ccab4fad69aa141a771754100465a109e04ce4f087b1cd5177e5470ce8	68d23341722cf16759156f5ecc6daa988cb52e943dbc0cb46c418c19e5768add	59db4fbbea4ea11b	-	Minidregg.Kernel.ObjectiveCall.Ctx → Minidregg.Theory.ObjectiveBendTypes.Ty
def	Minidregg.Kernel.ObjectiveCall.Ctx.subject	7d5b87b54ac535411984594afaa35f35661329af3bb96cb3f9be52e763849022	73caadcadba9e933b142619c7a3b946f149d8e2b11ab0c68218fcf293ae61b29	fdcc9df73861213b4fdc82cbb5953282ccd25cd4795e8186e84adca2eec8d6bd	048a69a684e1cac5	-	Minidregg.Kernel.ObjectiveCall.Ctx → Option Minidregg.Theory.TypedAuthorization.SubjectId
def	Minidregg.Kernel.ObjectiveCall.Ctx.view	9388510b748bbdb20a2361b7c184ad0022ec13ad3f3d139181de17838adc40bc	b4a0393ab5c84b48e742672a955ac62531e43740a384ed9d78e77b3cd42ad544	6f5a09baf065d7c855b09cca74842808b82a1b65a23fcad42c81fc90d1d8ff04	cdba0325c0529007	-	Minidregg.Kernel.ObjectiveCall.Ctx → Minidregg.Kernel.ObjectState
inductive	Minidregg.Kernel.ObjectiveCall.Delegation	c91ee29c90085073e03d70f6fd8662cb7c9af7066c28600fb5b0823124b830ed	16946b93ac38405660f51e475eb5aa7d25b54f5e5677e0f6a10a4526cc071cbf	3509cd672f96bdcd8d0bf1920f86729d207ee9b2ac468a434e1c809c52b0907f	a590eed9f45cb172		Type
def	Minidregg.Kernel.ObjectiveCall.Delegation.amount	d6164ca3dde4e46869adb802bff8ea90837e792ebf6ce4c73abd33c180152765	1b066c7db4cd22cba177b7772ee518410849651511924b494b4b59a4fb356ef5	1cfe8e5661183af8f543aa4e63a71d21418cc3740ddbe1c487199af0e206b6ac	ce1a33de72ce95e3	-	Minidregg.Kernel.ObjectiveCall.Delegation → ℕ
def	Minidregg.Kernel.ObjectiveCall.Delegation.args	31450e2b4c34c596e52dd8fcc448a401262671b1210368715bcd12d28db5b764	b506502707734797a3f7cd854124aa0bc61cbe765ce0dd3c75aa5b8b10cdcb5d	6e29f69bee7f6f57c0847031a2bb2dfb1254a5e1f7036099733d93ee0b554517	75eab5ca1db30a0e	-	Minidregg.Kernel.ObjectiveCall.Delegation → Minidregg.Theory.ObjectiveBendDemandData.Data
def	Minidregg.Kernel.ObjectiveCall.Delegation.caller	cf08e20632157c2b02fa1add0a954611c09444ce46c922608b2447b9d3faed48	43a8dff363baf3611a90bd68f144629883607d41fd093f27d2f614528b7fe7cb	2706816dfa3136b960883033627b44c2495132db9279f8960162569d4a137c1f	fe51af51afbb4511	-	Minidregg.Kernel.ObjectiveCall.Delegation → Option ℕ
def	Minidregg.Kernel.ObjectiveCall.Delegation.code	929e447162d8f877984732ba776db1e352236ff69c2b2924f5b29bfe37d0c5b4	12e7c36988fff4033ef5857c72e1ddc378be5958329a9f901498027f2debcd04	fef1e8a3e2e1645cb80a0b0967977474cd1450b73592c61fc9ef66d487ccf3ce	c2d462d13efb1a4c	-	Minidregg.Kernel.ObjectiveCall.Delegation → Minidregg.Theory.TypedAuthorization.Digest
def	Minidregg.Kernel.ObjectiveCall.Delegation.grant	0554b0795c9dad9c1623ebea9bd7caa9a84c549b9dfe75a98cdcd9541b698f5a	1b066c7db4cd22cba177b7772ee518410849651511924b494b4b59a4fb356ef5	105e0d717137522abe03fc5637868e5e495034ec0516aef3fd2ae2d0c8346e46	8161fb2a14c90366	-	Minidregg.Kernel.ObjectiveCall.Delegation → ℕ
def	Minidregg.Kernel.ObjectiveCall.Delegation.method	34e7bec3de9e5fffb9fddd2577604a6c3b3028ef034ea36cd524c036b696f947	d3229528ada31dd395f208f5413c49f5f33e73cda48d11f85f73b0d31623b57c	b399c864d48e1002fdf8c96150f596cc6b8d6c682706a2d648eccefd8c7702ff	3fd683f9a4ebfede	-	Minidregg.Kernel.ObjectiveCall.Delegation → String
ctor	Minidregg.Kernel.ObjectiveCall.Delegation.mk	c9beb7df638a96f79bb9354ec1110404b943fb6b0128c813d908a17822ace68e	723913c4719e8de463bb51b8c0b1acb26140e5cd66725bcb39e0567d13c170c3	fe51df2c5c8e2f21c7184390c265eaf1dbc4c85339bb43e38343b61712e9c5b6	75397ddcc507122e		ℕ → ℕ → String → Minidregg.Theory.TypedAuthorization.Digest → Minidregg.Theory.ObjectiveBendDemandData.Data → Option ℕ → ℕ → Minidregg.Kernel.ObjectiveCall.Delegation
def	Minidregg.Kernel.ObjectiveCall.Delegation.object	f68eea7295f39f113039e438eb6ed8c36adf4c5307b96ee0513efc09bb0d8b4c	1b066c7db4cd22cba177b7772ee518410849651511924b494b4b59a4fb356ef5	5f07db3bab56f75d8f045ce9b35db0407f5a49acdc33a6f76e47cf0bdc8e1468	8cd60c12642b5d5f	-	Minidregg.Kernel.ObjectiveCall.Delegation → ℕ
inductive	Minidregg.Kernel.ObjectiveCall.Deliverable	8a5ace2f9826abaa87b113f5854301c17c466d5f8b6106a61cc51f0b2fe932fb	f946a31f51c58ad680c688df564450d3045c2861495eeee770ef5e1ccb804f34	1989a4c45267840754254cf9eefbf718a95185953cf99ae770c50a01638f2633	8118e66befb9eb87		{rootBytes : Minidregg.Kernel.ObjectiveActivityWire.Bytes → Minidregg.Theory.TypedAuthorization.Digest} → Minidregg.Kernel.ObjectiveActivity.Config → Minidregg.Kernel.ObjectiveActivity.Snapshot rootBytes → ℕ → Minidregg.Kernel.Inbox.Message → Type
def	Minidregg.Kernel.ObjectiveCall.Deliverable.args	fa2a56d12af9669f75a48ca7fe85370604bf4931a4d226fc82ea086e0a3beebe	2ca3324a845a15e09c0fe3ea7edfb82a40a9e5d09b5f48fe523e09028b7db063	3472b143ecb8c602e6cf5da242875082a3d6935efd0e7373b799626892f90b8b	7edae8deed15856d	Classical.choice,Quot.sound,propext	{rootBytes : Minidregg.Kernel.ObjectiveActivityWire.Bytes → Minidregg.Theory.TypedAuthorization.Digest} → {config : Minidregg.Kernel.ObjectiveActivity.Config} → {snapshot : Minidregg.Kernel.ObjectiveActivity.Snapshot rootBytes} → {target : ℕ} → {message : Minidregg.Kernel.Inbox.Message} → Minidregg.Kernel.ObjectiveCall.Deliverable config snapshot target message → Minidregg.Theory.ObjectiveBendDemandData.Data
theorem	Minidregg.Kernel.ObjectiveCall.Deliverable.argsExact	a6160f388d8dbfe96e92de6977c48bf1116bb08765d008733a185c701611100f	1f1d82c86b53884478519f58bcc5b14c5ac7c8675a1c09c852832dc50b06730c	63b44b7e9ed21c33753dba88fedec3a44d6dc64dc4d0af9a39e8f93119b47f47	3c1394f3edf78045	Classical.choice,Quot.sound,propext	∀ {rootBytes : Minidregg.Kernel.ObjectiveActivityWire.Bytes → Minidregg.Theory.TypedAuthorization.Digest} {config : Minidregg.Kernel.ObjectiveActivity.Config} {snapshot : Minidregg.Kernel.ObjectiveActivity.Snapshot rootBytes} {target : ℕ} {message : Minidregg.Kernel.Inbox.Message} (self : Minidregg.Kernel.ObjectiveCall.Deliverable config snapshot target message), Minidregg.Kernel.ObjectiveActivityWire.decodeDataBytes message.args = Option.some self.args
theorem	Minidregg.Kernel.ObjectiveCall.Deliverable.callsOnly	6bccce6695582be30f338963be16219c13ef48721fdbb010b21475b3257a2742	2348bd7757b3042627aeadfd1bfc6c34fb2894fea57738235d2fe8d0c68add8a	962418ca7b48aa8217a59cbf7cdbfe39679fc743efd844320e58e04c6cdd19b6	0dc4891e4ee8a86c	Classical.choice,Quot.sound,propext	∀ {rootBytes : Minidregg.Kernel.ObjectiveActivityWire.Bytes → Minidregg.Theory.TypedAuthorization.Digest} {config : Minidregg.Kernel.ObjectiveActivity.Config} {snapshot : Minidregg.Kernel.ObjectiveActivity.Snapshot rootBytes} {target : ℕ} {message : Minidregg.Kernel.Inbox.Message} (self : Minidregg.Kernel.ObjectiveCall.Deliverable config snapshot target message), Minidregg.Kernel.ObjectiveCall.labelsWithin self.method.applied.assumptions self.method.planType (Minidregg.Kernel.ObjectiveCall.deliveredPlans message) = Bool.true
def	Minidregg.Kernel.ObjectiveCall.Deliverable.method	658565c7a822f2fc9c0c14703af04f85873cd33c5c7cdb75e85a8b73b5b753f7	16f3c9644dc937fd851a0c8a2b7b87d862d0e117959af14266ada7a33a654bde	f79f02bd2c0b76b0366dd8fee92a746bb1b686df5ef5515092f7afc752c00b3b	1c5d7613fac1c346	Classical.choice,Quot.sound,propext	{rootBytes : Minidregg.Kernel.ObjectiveActivityWire.Bytes → Minidregg.Theory.TypedAuthorization.Digest} → {config : Minidregg.Kernel.ObjectiveActivity.Config} → {snapshot : Minidregg.Kernel.ObjectiveActivity.Snapshot rootBytes} → {target : ℕ} → {message : Minidregg.Kernel.Inbox.Message} → (self : Minidregg.Kernel.ObjectiveCall.Deliverable config snapshot target message) → Minidregg.Kernel.ObjectiveCall.Method config self.record.activePin message.method (Minidregg.Kernel.ObjectiveActivity.viewData self.view) self.args
theorem	Minidregg.Kernel.ObjectiveCall.Deliverable.methodExact	e4ab6632edf718a570afc724e0321c5618bb6dfac938764a60a5e134a90ce3ca	b0ceb5c3295a7ee997049b94a67e09a82818cd65f1ff17fda8a83b8901f1cd52	bbda52113e2a2d2796e4ce53ccc8964d6461ea421752b4d18fb7510f9e5a1c47	5ab8e80af3061374	Classical.choice,Quot.sound,propext	∀ {rootBytes : Minidregg.Kernel.ObjectiveActivityWire.Bytes → Minidregg.Theory.TypedAuthorization.Digest} {config : Minidregg.Kernel.ObjectiveActivity.Config} {snapshot : Minidregg.Kernel.ObjectiveActivity.Snapshot rootBytes} {target : ℕ} {message : Minidregg.Kernel.Inbox.Message} (self : Minidregg.Kernel.ObjectiveCall.Deliverable config snapshot target message), Minidregg.Kernel.ObjectiveCall.loadMethod config target (Minidregg.Kernel.ObjectiveActivity.packageBytes config snapshot self.record.activePin) self.record.activePin message.method (Minidregg.Kernel.ObjectiveActivity.viewData self.view) self.args = Except.ok self.method
def	Minidregg.Kernel.ObjectiveCall.Deliverable.record	80fa9f6280a2c912d68b23d78fa0fbf91b407030d11179ca549cd010a360ca5f	a53bc03edb01d86d42bbb3113a3cbdf86ef6a7e629dca07d614b64437c51b0be	d484af32b67b37bd84beec98a3c1f4e1be12016e3b3a1caf19f9a3da8331e76c	0be4d0d3aa19d5f0	Classical.choice,Quot.sound,propext	{rootBytes : Minidregg.Kernel.ObjectiveActivityWire.Bytes → Minidregg.Theory.TypedAuthorization.Digest} → {config : Minidregg.Kernel.ObjectiveActivity.Config} → {snapshot : Minidregg.Kernel.ObjectiveActivity.Snapshot rootBytes} → {target : ℕ} → {message : Minidregg.Kernel.Inbox.Message} → Minidregg.Kernel.ObjectiveCall.Deliverable config snapshot target message → Minidregg.Kernel.ObjectRecord.ObjectRecord
theorem	Minidregg.Kernel.ObjectiveCall.Deliverable.recordExact	b9d675dd66648329d36974dffe3a8d1e3a1ff4bbab025e65d5bcd82c8a3bf6b7	a1084d2357da0dcbc349080067c3ef6f910efb016d76df1d4bda7dc6a4d38885	dd40adbf07390adb63c2c90f18517039b74239e1bcbcf4d400784a628c7c30a5	9e05f5b5bb06cc47	Classical.choice,Quot.sound,propext	∀ {rootBytes : Minidregg.Kernel.ObjectiveActivityWire.Bytes → Minidregg.Theory.TypedAuthorization.Digest} {config : Minidregg.Kernel.ObjectiveActivity.Config} {snapshot : Minidregg.Kernel.ObjectiveActivity.Snapshot rootBytes} {target : ℕ} {message : Minidregg.Kernel.Inbox.Message} (self : Minidregg.Kernel.ObjectiveCall.Deliverable config snapshot target message), Minidregg.Kernel.ObjectiveActivity.readObject config snapshot { value := target } = Except.ok (Option.some self.record)
def	Minidregg.Kernel.ObjectiveCall.Deliverable.view	acfdf1cd9eef4fc841f2ae0b89ec96c4ea7e61fcc590cb607574531ee8d10110	23eed4d0b092f01123d3bbb7faa131a5acb6ba79f07d0464c3d5334dfad75a04	459b5a086de4c69bdd749d4f51ae92a680c300247b6cdf5ee996e1c1b597efe7	6c3e8b133518d8e8	Classical.choice,Quot.sound,propext	{rootBytes : Minidregg.Kernel.ObjectiveActivityWire.Bytes → Minidregg.Theory.TypedAuthorization.Digest} → {config : Minidregg.Kernel.ObjectiveActivity.Config} → {snapshot : Minidregg.Kernel.ObjectiveActivity.Snapshot rootBytes} → {target : ℕ} → {message : Minidregg.Kernel.Inbox.Message} → Minidregg.Kernel.ObjectiveCall.Deliverable config snapshot target message → Minidregg.Kernel.ObjectState
theorem	Minidregg.Kernel.ObjectiveCall.Deliverable.viewExact	fd9bbdfd9870539f0a35284a17b6d1c9c1c1ad359edee34731beaeb168141ae8	a14800be4f57e2ff8620c0a043cebd595c56e1b2b39e2ae70c219c4966541e5a	5101dd99dbb49cc7cf9e5f12f014f7afa8d43ca491184b5460e677cf03eb19c1	5042117fbf358a17	Classical.choice,Quot.sound,propext	∀ {rootBytes : Minidregg.Kernel.ObjectiveActivityWire.Bytes → Minidregg.Theory.TypedAuthorization.Digest} {config : Minidregg.Kernel.ObjectiveActivity.Config} {snapshot : Minidregg.Kernel.ObjectiveActivity.Snapshot rootBytes} {target : ℕ} {message : Minidregg.Kernel.Inbox.Message} (self : Minidregg.Kernel.ObjectiveCall.Deliverable config snapshot target message), Minidregg.Kernel.ObjectiveActivity.readState config snapshot { value := target } = Except.ok (Option.some self.view)
inductive	Minidregg.Kernel.ObjectiveCall.Destination	f87eef16ca4148d78d3a6bd63413759058da8f4780f6265b1124a9c75665fc1c	16946b93ac38405660f51e475eb5aa7d25b54f5e5677e0f6a10a4526cc071cbf	79b174343a06a74e5db7bb7110d09c7cdf028b12b62b04043598986e188a10b7	e130be559224d238		Type
ctor	Minidregg.Kernel.ObjectiveCall.Destination.object	0c66e72c596ebba3edcb8a59bcb5d7e69f428b5c9eed2cc281cacabdff7ceb7c	b0eed43558f99c0c06cb06cc5d051c3fee47fb4aebc9243efa3656a8747dcdb9	7544e4c8eb0b83d03650fcd68fe321bc2cf5426a810408c848d88ce2a7cbec7a	97bfb4cfbd290501		ℕ → Minidregg.Kernel.ObjectiveCall.Destination
def	Minidregg.Kernel.ObjectiveCall.Destination.object.elim	387f557c88a72bea86df405f5b263844fa72cbb8cc342ae5add7c5b54938f24b	e731262d3dc202a27be6d1db0260d8bf5ea6eb070560e7516551826bba46e55b	78030d0e13c20d6417d6bb967693c92f3497008d383141fece32af44228b3a23	6ba2918c5048a3d8	-	{motive : Minidregg.Kernel.ObjectiveCall.Destination → Sort u} → (t : Minidregg.Kernel.ObjectiveCall.Destination) → t.ctorIdx = 0 → ((target : ℕ) → motive (Minidregg.Kernel.ObjectiveCall.Destination.object target)) → motive t
ctor	Minidregg.Kernel.ObjectiveCall.Destination.slot	31c6a28ad68f4c49972bc2618e19133b652b9329134aee6e02d4b610aebd6379	202aded075067b7e4e2c48aa9183b6646b6630a3dbac9870fb38d600b1596cba	72acd02a50d3479f95b722b889d5f8cb30ce0fc4ce00d0f848f7846cfc2be214	21d7d0041ceb78c9		Minidregg.Theory.TypedAuthorization.Digest → Minidregg.Kernel.ObjectiveCall.Destination
def	Minidregg.Kernel.ObjectiveCall.Destination.slot.elim	70ca4beb04a25bfef7efd7606795cc9855e1acfeb511d85661c5f493ddf0bb15	440e33b647ff757d46904e10c3ad0fac57f6f37f1f7659b8f796b37dedbe93ab	1071c11a3e0bda8a27a69e94f7079d44b6e3a3be18fd4932d855e6c63a4b6795	ee1369b14633c47b	-	{motive : Minidregg.Kernel.ObjectiveCall.Destination → Sort u} → (t : Minidregg.Kernel.ObjectiveCall.Destination) → t.ctorIdx = 1 → ((name : Minidregg.Theory.TypedAuthorization.Digest) → motive (Minidregg.Kernel.ObjectiveCall.Destination.slot name)) → motive t
inductive	Minidregg.Kernel.ObjectiveCall.Entry	bc4a2fc48f0c31bdd88278cff45d8b7ced860173026b9ea4fe053795f72df82c	16946b93ac38405660f51e475eb5aa7d25b54f5e5677e0f6a10a4526cc071cbf	787c6db85cd19c65373bfeec6facf466922fc058279c83dd4d2a1ee43f5efce9	8b0d0772b99f0379		Type
def	Minidregg.Kernel.ObjectiveCall.Entry.current	32ff0607b13cb70a0587009ed6909d85d7c9afd86382f4aa27a47534f44b9b1a	981834d79ffce4d77560010ca9dbcb0c514eb57dd59a1e3c5c3a800e28bc79a3	ca59d54c25ba7faf9659171d9ca132115d27115fb2c9fb2e56a73a292c0f4b97	df36fb260bf192a3	-	Minidregg.Kernel.ObjectiveCall.Entry → Option Minidregg.Kernel.ObjectState
def	Minidregg.Kernel.ObjectiveCall.Entry.dirty	90e0e743455ce63148f1ad65f3591f992676ac25658df83868d6550c01c36262	434ec8b3f42590dcea98be1816b2acfee1ed66b0083894394f0eeea00ce3a7b0	f01179b1335b925a4345d8b1510a93724b8007e0c1635a8c0ab393b5a9b43454	67ab0f688115d7a3	-	Minidregg.Kernel.ObjectiveCall.Entry → Bool
def	Minidregg.Kernel.ObjectiveCall.Entry.drained	ca0566ad46a63f527b265f9da7c6dfaa4d658f25f0e3fd2e145551e6681048cb	434ec8b3f42590dcea98be1816b2acfee1ed66b0083894394f0eeea00ce3a7b0	b99466c5da9bfdb496f850811e7af29f84a8851b66c65457f89b1ae5a0bca74d	6c7a56e149954d09	Classical.choice,Quot.sound,propext	Minidregg.Kernel.ObjectiveCall.Entry → Bool
ctor	Minidregg.Kernel.ObjectiveCall.Entry.mk	f914e8c5a826d02ec7277595e34a90906219a9a27507cce1edeb60325b794e85	89a18d6f5089685af5e4ad53989e339c990f56fa70fa97568e31171c1e9e3705	7fef5b6e07386fa37f35749e659f3f7d9448452c0771607641a2fccedba9e806	f04d93068f99e8f8		Minidregg.Kernel.DurableDataIntent.CellId → Minidregg.Kernel.ObjectRecord.ObjectRecord → Option Minidregg.Kernel.ObjectState → Bool → Minidregg.Kernel.ObjectiveCall.Entry
def	Minidregg.Kernel.ObjectiveCall.Entry.object	ca7beeb520302220108ffcd9bb9a215d21938a627389713a0abecfb39ae22218	8de04f7e241109b2e9a15ce551a7f2e91893a4d44b528f28040edc6536c4c100	60104bc2b4a7cab5bae0f7d8efce2220153ebf576b49bd1a2c24adfbd11274d9	f2a8ba3d8ccd693b	-	Minidregg.Kernel.ObjectiveCall.Entry → Minidregg.Kernel.DurableDataIntent.CellId
def	Minidregg.Kernel.ObjectiveCall.Entry.record	a97d59a6f580fdf0a390f92babd56c83096b4c35afd3db398d35933bdbce1057	8e9543a3283f16b6e64e7e591b220265ff7e537cc767ae8fd6617dda432385ec	6078acc73691ed6af5e34c7c66497f8ef533a15202bd5ba41520aa13352ba874	3747f45c164bcd60	-	Minidregg.Kernel.ObjectiveCall.Entry → Minidregg.Kernel.ObjectRecord.ObjectRecord
inductive	Minidregg.Kernel.ObjectiveCall.Grant	9efd74b72a833688c9db2d71006e80d2efadb899422595f5db6b9f4d56715e01	16946b93ac38405660f51e475eb5aa7d25b54f5e5677e0f6a10a4526cc071cbf	1336a8ba95192320b587c49f240b7f9c138441088f2b522b10ce3a3a331e2465	35b96525d8510c16		Type
def	Minidregg.Kernel.ObjectiveCall.Grant.Authorizes	25978e70652a960a34b7c9ba234d96476c99bebe37f0f66c51f1119af0042145	73a7af1c63af21b88ec7b4c8c9d3cef9d7a955d5f1ec3d0a0dd1cff585ad5eac	c41fdc285ff8fdc6a100cd50a39a679ffb6fcf98e3140e64bb7f84bb3efbaccc	e7bcf4a3525bf1a4	Classical.choice,Quot.sound,propext	Minidregg.Kernel.ObjectiveCall.Grant → Minidregg.Kernel.ObjectiveCall.Delegation → Prop := fun grant d => grant.object = d.object ∧ grant.method = d.method ∧ grant.code = d.code ∧ Minidregg.Kernel.ObjectiveCall.callerOk grant.caller d.caller = Bool.true ∧ grant.args.admits d.args = Bool.true ∧ grant.args.amount d.args = Option.some d.amount
def	Minidregg.Kernel.ObjectiveCall.Grant.args	4da4f67689cc6c6f726a1e2a29886eb9153ce75ecd7f3c7ed1199ae442095242	02fd9ce6d1583b9d5527cdd1981bd7fa15d0b1cefb578666b449592fdbf7f6fd	954ac74db83ad7fb6ab762de97541e8cacffad32d020d5a4619d3c5e6254d42b	4f44515658d39194	-	Minidregg.Kernel.ObjectiveCall.Grant → Minidregg.Kernel.ObjectiveCall.ArgsBound
def	Minidregg.Kernel.ObjectiveCall.Grant.caller	a4740c798d4e1f325d67e9a0ece3bd6383f500bff7c9749a9b0b4e1ce2ee983e	fac490215ccee73a5ac68b7f5f83085364d28f7f2ca46f874ed854d94491ab67	752d14222989d304aab6c1e97520ba6d796d4bd818c6053bf8be4617a365f9de	4d08143f5797159b	-	Minidregg.Kernel.ObjectiveCall.Grant → Option ℕ
def	Minidregg.Kernel.ObjectiveCall.Grant.code	0f0c2748b2f936fc3eb474f11924b6f85261deec0520cbe9605877623f21977a	715bbed54d7b0ecfa6ace8a9786618d815c3d46aafcbdfe12aeab5259582f4b5	d369b27d101470452ea780d2b6de3b8beeca73faad77dda6ab72e9a6a896c056	ac9d927e046fa961	-	Minidregg.Kernel.ObjectiveCall.Grant → Minidregg.Theory.TypedAuthorization.Digest
def	Minidregg.Kernel.ObjectiveCall.Grant.judge	d67913a49399ab12b2449d346bdd0f989a13e296cd4a7ae634d7259b65fccfa7	a39549e00706e23af29cefaec2149678bbe94050a586b39e669279b1b8db2e04	73c697db579e2715527a7dedec1fbf9f009f2d933f3565f74d713d77f4a4d4c4	e54bd7f92cdfef9e	Classical.choice,Quot.sound,propext	Minidregg.Kernel.ObjectiveCall.Grant → List Minidregg.Kernel.ObjectiveCall.Delegation → ℕ → Minidregg.Theory.TypedAuthorization.Digest → Minidregg.Theory.ObjectiveBendDemandData.Data → Option ℕ → Minidregg.Kernel.ObjectiveCall.Verdict
theorem	Minidregg.Kernel.ObjectiveCall.Grant.judge_admit	103f296690184681a757e9ce9689f2bac37866757c16566ef9e706eb2fb99530	7cec125622e33e12bb0757aabad85953cb80eff140ee7ad7fb629295283bd29e	d5bc0b74b168a9937dbfb5d1d327ff15437513ebfbfc91ff8c16dfed0a944765	483bdb0b9a20c798	Classical.choice,Quot.sound,propext	∀ {grant : Minidregg.Kernel.ObjectiveCall.Grant} {used : List Minidregg.Kernel.ObjectiveCall.Delegation} {index : ℕ} {code : Minidregg.Theory.TypedAuthorization.Digest} {args : Minidregg.Theory.ObjectiveBendDemandData.Data} {caller : Option ℕ} {amount : ℕ}, grant.judge used index code args caller = Minidregg.Kernel.ObjectiveCall.Verdict.admit amount → grant.code = code ∧ Minidregg.Kernel.ObjectiveCall.callerOk grant.caller caller = Bool.true ∧ grant.args.admits args = Bool.true ∧ grant.args.amount args = Option.some amount ∧ (Minidregg.Kernel.ObjectiveCall.usesOf used index).length < grant.uses ∧ ∀ (path : List String) (limit : ℕ), grant.args.cap = Option.some (path, limit) → Minidregg.Kernel.ObjectiveCall.chargedOf used index + amount ≤ limit
def	Minidregg.Kernel.ObjectiveCall.Grant.method	ad3916e1140f03e80db3db83e49ce5f6fec7d00e982596fb7d8a5d9748d1dadc	206a3ce4e1a540c01ef0e2f1722bf7e955c68cfa21e9a13e19f93e8c741156f9	0fffd565670380ba1c3dd69994bf7ad02eb10fd504f6bc4787d72c3fb7a0b48d	a705f817460893bd	-	Minidregg.Kernel.ObjectiveCall.Grant → String
ctor	Minidregg.Kernel.ObjectiveCall.Grant.mk	4856837e4d18dfa7350248af8591181ccf3498e8d1ff17bd03bbe10d7bbe6d3e	f4f113a7e3c04490560cd9d8086968c39658b4ba0bf04eb8ff1f565a028f4514	a9dcc895ed3d46619a2dbff21a0345c8b9518feb7086f93634f696ecc59b4769	444b2c77cc089220		ℕ → String → Minidregg.Theory.TypedAuthorization.Digest → Minidregg.Kernel.ObjectiveCall.ArgsBound → Option ℕ → ℕ → Minidregg.Kernel.ObjectiveCall.Grant
def	Minidregg.Kernel.ObjectiveCall.Grant.object	564acfcf9eef867b3086b3f381e0929a3697bf8bee30fe4c50a8597021fa5782	8479078cafd630ba47ccad20367266568d519554d9208035e47f0f1c5c054d57	ba934179a3faec0256386cf7decbcb4774b3f1d1e9c7ff2672a320dc4aaf847c	2fdb99514d6129eb	-	Minidregg.Kernel.ObjectiveCall.Grant → ℕ
def	Minidregg.Kernel.ObjectiveCall.Grant.uses	bf50d3328f79c410e3fa3bd370520d9e8dffcb8d14da8ca9a150b12e2d5dcbb9	8479078cafd630ba47ccad20367266568d519554d9208035e47f0f1c5c054d57	3004b2ab66e2b3999a384a0ec9050d1e98383edc1f6db114af69b8dfa6fa8bbe	0f1160d2c44b9ac1	-	Minidregg.Kernel.ObjectiveCall.Grant → ℕ
inductive	Minidregg.Kernel.ObjectiveCall.GrantField	3bc48602574166a9a695a8563ae4ff0515e41b4599a89367f98a670a1d13ee7f	16946b93ac38405660f51e475eb5aa7d25b54f5e5677e0f6a10a4526cc071cbf	ff959cd174bc6fb28529af5139be6abd267cbf940f105cbadf46a97192f88df8	c2d7069d10dad41c		Type
ctor	Minidregg.Kernel.ObjectiveCall.GrantField.args	a9801e0e5a0fb3ddde88cadf20bb5bd506accaead5d7b9801abc7d01fc9320b4	0fe2d1696b5bccfbb4c1898fe208f4efc42b5a47782ff09dd2d2551c1219c22a	b67000bed37b9f8aef2548002ca894425db7faa45a2537b3aa5cb89385e1dfed	b21e4a6fb60703fb		Minidregg.Kernel.ObjectiveCall.GrantField
def	Minidregg.Kernel.ObjectiveCall.GrantField.args.elim	030d8c6703d36f2b977ca480948d46b6d92836815808d576887e063a6e719db8	500e55b3e4986488e6b910e77b616308155a345bf502d1aa91338dd71af74f97	09a970973d7b2c06f3c693653638226b27537587caf985c19dc77bfbd9407961	45a53591633fe705	-	{motive : Minidregg.Kernel.ObjectiveCall.GrantField → Sort u} → (t : Minidregg.Kernel.ObjectiveCall.GrantField) → t.ctorIdx = 2 → motive Minidregg.Kernel.ObjectiveCall.GrantField.args → motive t
ctor	Minidregg.Kernel.ObjectiveCall.GrantField.caller	66aad3a4ac7fe3d0ed8d73ba1e9db1668563a1308a8c61f7cd6c75fb1bd61286	0fe2d1696b5bccfbb4c1898fe208f4efc42b5a47782ff09dd2d2551c1219c22a	e71c18f8019226573217580994000a0f1e549d0b07ba26e4905aa5b0bd4f3939	d18e4ea4dfd620ed		Minidregg.Kernel.ObjectiveCall.GrantField
def	Minidregg.Kernel.ObjectiveCall.GrantField.caller.elim	f1058cc74b2e63af00a73829ce8432b7f1cb25cfbd665d0fffcf175713babc20	c7bcdcf794f383fc2efba564328f37117b6d879450f2a7bb5107253a00096b2a	e7fd5bbdae2ca5daac9ec1715cf22defe9704a873079bd809a0208a71386633f	10d00f37d240902f	-	{motive : Minidregg.Kernel.ObjectiveCall.GrantField → Sort u} → (t : Minidregg.Kernel.ObjectiveCall.GrantField) → t.ctorIdx = 1 → motive Minidregg.Kernel.ObjectiveCall.GrantField.caller → motive t
ctor	Minidregg.Kernel.ObjectiveCall.GrantField.cap	09a03e6c40253a623a6259cae98257885f13ec75e96c99b295c3c87a81b64c6a	0fe2d1696b5bccfbb4c1898fe208f4efc42b5a47782ff09dd2d2551c1219c22a	a231ee275af94dfde38ba6d2e819fe1a19625f629a03cc164312b496f14640c0	69f5644fa1bb2d9e		Minidregg.Kernel.ObjectiveCall.GrantField
def	Minidregg.Kernel.ObjectiveCall.GrantField.cap.elim	cba72ee91e384effc7af94ad5fe4f6f0f0854aa55a434a6ca3b97168a0ef2d5e	f331f08b61984e1a1cb669bae86afb67c30e08bffb5ca22f655f9193c216662d	b3e5ed2f7d35fc22f0e51490113d636a72f68d4de9455fd3065c954a06baf446	0c8c152a7f8c67d7	-	{motive : Minidregg.Kernel.ObjectiveCall.GrantField → Sort u} → (t : Minidregg.Kernel.ObjectiveCall.GrantField) → t.ctorIdx = 3 → motive Minidregg.Kernel.ObjectiveCall.GrantField.cap → motive t
ctor	Minidregg.Kernel.ObjectiveCall.GrantField.code	466ea0c1e38df974f5c418e23bd45dcafbdc401b335edb5e3dce4c78101b9329	0fe2d1696b5bccfbb4c1898fe208f4efc42b5a47782ff09dd2d2551c1219c22a	ab6dc8f7991288c96e3450b0a68bc775cd5909cd69f29d753e9004a6b0ea41b3	faf67cb4c649145f		Minidregg.Kernel.ObjectiveCall.GrantField
def	Minidregg.Kernel.ObjectiveCall.GrantField.code.elim	606f55941b3818ee1573967272ee83350182ade96634eb2d2df43901c2fdcd88	09daffe1b4426154fead0bb39e196175accbace433dbf888847a9d1935fc47fe	84b4ca015b594e78cc96bc6706b6a6ad2ea7975f154cb33248e16b8f759d9942	b4611f10fcd6b86d	-	{motive : Minidregg.Kernel.ObjectiveCall.GrantField → Sort u} → (t : Minidregg.Kernel.ObjectiveCall.GrantField) → t.ctorIdx = 0 → motive Minidregg.Kernel.ObjectiveCall.GrantField.code → motive t
def	Minidregg.Kernel.ObjectiveCall.GrantField.ofNat	6844d493943b47ee93454ef5e0bb7757c1bfa34a75a1951a1b50ab46db2a96eb	997bece4b90c3ae95a6249205c5ddb558eb6865fbea86d3072bb1f3c63261f78	396c39869f40a084218abe52f2ecdbc67ad02a00ac5886e115120fd629374d9c	71c63808d62bf687	-	ℕ → Minidregg.Kernel.ObjectiveCall.GrantField
theorem	Minidregg.Kernel.ObjectiveCall.GrantField.ofNat_ctorIdx	bb809fb55dd751b07be2b97a65bfac2b4b61b5ab1e32081a8c1c4ee8ffbb2823	a730184fe2c393f3665f52939e4e95ae350ea585dc551fe372a18a7cd07b8265	ea41e2a93ef764bdfe8d706a9bb5b61b639cd9ca36f3c9876bd12a33f2b903d2	f9041e03e84c24e6	-	∀ (x : Minidregg.Kernel.ObjectiveCall.GrantField), Minidregg.Kernel.ObjectiveCall.GrantField.ofNat x.ctorIdx = x
inductive	Minidregg.Kernel.ObjectiveCall.HeldInbox	78f09d15a07877f16a50af4272f184334e64acf724b571882e6cdb40d9bf4f26	9733a1095ad549a3c96007565afbf8c3d8063c76e407c7abd94d9ca262d0ce67	7a4922e7d3bb1721f85bebf191a206a5687ea8ebfa4140bb5db7d7dfec05a040	53bd6cc41b1aef16		{rootBytes : Minidregg.Kernel.ObjectiveActivityWire.Bytes → Minidregg.Theory.TypedAuthorization.Digest} → Minidregg.Kernel.ObjectiveActivity.Config → Minidregg.Kernel.ObjectiveActivity.Snapshot rootBytes → Type
def	Minidregg.Kernel.ObjectiveCall.HeldInbox.cell	6a113fc42deb4e04f0c917e7c170c8058018c8af6a5f87dd58ac7673f00e02e1	9d87df478157b10275dd6472d4358d3fd0a4fa87ff0dab195973ffcd4ad4b3d4	70b854b0618960a66b8e27b6bc40ff673912ce16f775eb69c9557de8fb5caaab	306633567ecfe2e9	Classical.choice,Quot.sound,propext	{rootBytes : Minidregg.Kernel.ObjectiveActivityWire.Bytes → Minidregg.Theory.TypedAuthorization.Digest} → {config : Minidregg.Kernel.ObjectiveActivity.Config} → {snapshot : Minidregg.Kernel.ObjectiveActivity.Snapshot rootBytes} → Minidregg.Kernel.ObjectiveCall.HeldInbox config snapshot → Minidregg.Kernel.DurableDataIntent.CellId
theorem	Minidregg.Kernel.ObjectiveCall.HeldInbox.clean	3ec2ce61ecb941db649aa1970df3d7a79ec6f9dd48a299a025ce6fd5889e6d84	6b8a610456ad3aa497a8aba18a6b27ba2c8bc80d33ca4cfd81de7b7a2d89df4e	88de96ba43d70e36939b39daaa9680946f0f1c923f9b9693bb7929f344694f1a	603715fb663f2568	Classical.choice,Quot.sound,propext	∀ {rootBytes : Minidregg.Kernel.ObjectiveActivityWire.Bytes → Minidregg.Theory.TypedAuthorization.Digest} {config : Minidregg.Kernel.ObjectiveActivity.Config} {snapshot : Minidregg.Kernel.ObjectiveActivity.Snapshot rootBytes} (self : Minidregg.Kernel.ObjectiveCall.HeldInbox config snapshot), Minidregg.Kernel.ObjectiveActivity.bodyOf Minidregg.Kernel.ObjectiveActivityCell.Role.package (snapshot.canonicalBytes (Minidregg.Kernel.Inbox.cell config.domain self.sender self.target)) = Option.none
theorem	Minidregg.Kernel.ObjectiveCall.HeldInbox.ends	5c46950dcd6ef36b0ad9a0f3d2df23a975317ac5ebfcbc9b2005b2d09ffd3696	e50c7fcfaf95532dc0d925b38e49dd1bcbd34d833d8b16b921b844645c1d21ca	6b4604ce54c9d07ea3de3312a2fa737164cee28f4995fa4122b8d30474e0c97c	ba6e9c9841bf489c	Classical.choice,Quot.sound,propext	∀ {rootBytes : Minidregg.Kernel.ObjectiveActivityWire.Bytes → Minidregg.Theory.TypedAuthorization.Digest} {config : Minidregg.Kernel.ObjectiveActivity.Config} {snapshot : Minidregg.Kernel.ObjectiveActivity.Snapshot rootBytes} (self : Minidregg.Kernel.ObjectiveCall.HeldInbox config snapshot), self.now.sender = self.sender ∧ self.now.target = self.target
theorem	Minidregg.Kernel.ObjectiveCall.HeldInbox.lawful	ba78811119ca042e1ad83dd251adec4e3bb274718430b3a9c7029da3ce208e2c	93a758c96c9e358f6a4dbeba0ca8cda5cb34874b3dac90c44ec81196a6170d8a	abd68aa27f0d74c2ba4c951d6a2d993757c0dc34593f9e98175960089746f4a3	59b106ca0a25d69b	Classical.choice,Quot.sound,propext	∀ {rootBytes : Minidregg.Kernel.ObjectiveActivityWire.Bytes → Minidregg.Theory.TypedAuthorization.Digest} {config : Minidregg.Kernel.ObjectiveActivity.Config} {snapshot : Minidregg.Kernel.ObjectiveActivity.Snapshot rootBytes} (self : Minidregg.Kernel.ObjectiveCall.HeldInbox config snapshot), Minidregg.Kernel.Inbox.Lawful (self.read.getD (Minidregg.Kernel.Inbox.Inbox.empty self.sender self.target)) self.now
ctor	Minidregg.Kernel.ObjectiveCall.HeldInbox.mk	35518c9a2847bb5aa4feb052adac0e6033cd0bd0f4d885d4a3d39a333dcb0d28	3652971102896acf60cfe0a4cd53709c151b14c3169dbc798101caeab21a8c9d	c289b88941b62e88dda01ec12b513d8b3db9e9265f38cbbc853650e6e4e4940c	13ea27fdc8b4a32c		{rootBytes : Minidregg.Kernel.ObjectiveActivityWire.Bytes → Minidregg.Theory.TypedAuthorization.Digest} → {config : Minidregg.Kernel.ObjectiveActivity.Config} → {snapshot : Minidregg.Kernel.ObjectiveActivity.Snapshot rootBytes} → (sender target : ℕ) → (read : Option Minidregg.Kernel.Inbox.Inbox) → Minidregg.Kernel.ObjectiveActivity.readInbox snapshot (Minidregg.Kernel.Inbox.cell config.domain sender target) = Option.some read → Minidregg.Kernel.ObjectiveActivity.bodyOf Minidregg.Kernel.ObjectiveActivityCell.Role.package (snapshot.canonicalBytes (Minidregg.Kernel.Inbox.cell config.domain sender target)) = Option.none → (now : Minidregg.Kernel.Inbox.Inbox) → Minidregg.Kernel.Inbox.Lawful (read.getD (Minidregg.Kernel.Inbox.Inbox.empty sender target)) now → now.sender = sender ∧ now.target = target → Minidregg.Kernel.ObjectiveCall.HeldInbox config snapshot
def	Minidregg.Kernel.ObjectiveCall.HeldInbox.now	b33f10b505429923197ca53b6364f6f9289cab3cea4cfcbfb6c3cb00e3db9a5a	4ed0ed7125d06a3ca89240401f1b2d42ad4b5f8b1f477ac27690c0d339f99fdc	6430ebf689ca618c60f89c84394843072450dcf9322e3632ce049480e9623b48	035790e32b99197f	Classical.choice,Quot.sound,propext	{rootBytes : Minidregg.Kernel.ObjectiveActivityWire.Bytes → Minidregg.Theory.TypedAuthorization.Digest} → {config : Minidregg.Kernel.ObjectiveActivity.Config} → {snapshot : Minidregg.Kernel.ObjectiveActivity.Snapshot rootBytes} → Minidregg.Kernel.ObjectiveCall.HeldInbox config snapshot → Minidregg.Kernel.Inbox.Inbox
def	Minidregg.Kernel.ObjectiveCall.HeldInbox.read	950716cbe24850575fa806342c7ca1093f1ccdea5bf95e5d71733c20c47c9ff7	9cec72fd4c34fdd65e0fc8141cb61350836f2eaf2d4bcb4150637cd5c69d464b	649cb767a8cf9ac67517aafef5b7f1334165b4e6860fd98a9cb96214e6ad81ba	f21f8a26aa54dae1	Classical.choice,Quot.sound,propext	{rootBytes : Minidregg.Kernel.ObjectiveActivityWire.Bytes → Minidregg.Theory.TypedAuthorization.Digest} → {config : Minidregg.Kernel.ObjectiveActivity.Config} → {snapshot : Minidregg.Kernel.ObjectiveActivity.Snapshot rootBytes} → Minidregg.Kernel.ObjectiveCall.HeldInbox config snapshot → Option Minidregg.Kernel.Inbox.Inbox
theorem	Minidregg.Kernel.ObjectiveCall.HeldInbox.readExact	ad3dc857a9e75e7652329fc04644a338ff3d062aa6132ffb7f8abe8262fe4cfe	0c3b868a8d08ecb1f92ac1dad8c5ac8d62313a8240b38ac9f49c6888f9e63120	3ce798276097e34d041fa602cd5a2144e44c5c6893691426c67afdb16882fa43	c44bae109596212c	Classical.choice,Quot.sound,propext	∀ {rootBytes : Minidregg.Kernel.ObjectiveActivityWire.Bytes → Minidregg.Theory.TypedAuthorization.Digest} {config : Minidregg.Kernel.ObjectiveActivity.Config} {snapshot : Minidregg.Kernel.ObjectiveActivity.Snapshot rootBytes} (self : Minidregg.Kernel.ObjectiveCall.HeldInbox config snapshot), Minidregg.Kernel.ObjectiveActivity.readInbox snapshot (Minidregg.Kernel.Inbox.cell config.domain self.sender self.target) = Option.some self.read
def	Minidregg.Kernel.ObjectiveCall.HeldInbox.sender	040adc2752c9c9a624e38e4289ff4cc66e958bcbfb73f45e0b7768ab3b1b8088	71e1ec8c7be9d480204d0f53e2197622c2147bc00fb01239ace9d4465b244017	2075e5dfb4f6fc5880356d231b45fdcf459d606b2565d44d1847f2c3511082a9	4313ebaaa1a477d1	Classical.choice,Quot.sound,propext	{rootBytes : Minidregg.Kernel.ObjectiveActivityWire.Bytes → Minidregg.Theory.TypedAuthorization.Digest} → {config : Minidregg.Kernel.ObjectiveActivity.Config} → {snapshot : Minidregg.Kernel.ObjectiveActivity.Snapshot rootBytes} → Minidregg.Kernel.ObjectiveCall.HeldInbox config snapshot → ℕ
def	Minidregg.Kernel.ObjectiveCall.HeldInbox.target	5b79488c9c45490a368d856eddd2fcf1ace2f7043c722977d5a09c352d3a35a9	71e1ec8c7be9d480204d0f53e2197622c2147bc00fb01239ace9d4465b244017	055a5312aba970dd67cbbfba7e9198bd668fa2826d6b837ad5270ca88d90ba6c	4bcc38287af2235d	Classical.choice,Quot.sound,propext	{rootBytes : Minidregg.Kernel.ObjectiveActivityWire.Bytes → Minidregg.Theory.TypedAuthorization.Digest} → {config : Minidregg.Kernel.ObjectiveActivity.Config} → {snapshot : Minidregg.Kernel.ObjectiveActivity.Snapshot rootBytes} → Minidregg.Kernel.ObjectiveCall.HeldInbox config snapshot → ℕ
inductive	Minidregg.Kernel.ObjectiveCall.HeldSlot	fd8dc42b84ba791c083fb9789af2ab943298f35b5f537dc2ab5ea4a8985211be	9733a1095ad549a3c96007565afbf8c3d8063c76e407c7abd94d9ca262d0ce67	39fb8db5984d5d5904c937ecea8ee6fc22cd123645eea928e9bd8fc284ea6aa6	15dab49877854bf4		{rootBytes : Minidregg.Kernel.ObjectiveActivityWire.Bytes → Minidregg.Theory.TypedAuthorization.Digest} → Minidregg.Kernel.ObjectiveActivity.Config → Minidregg.Kernel.ObjectiveActivity.Snapshot rootBytes → Type
theorem	Minidregg.Kernel.ObjectiveCall.HeldSlot.clean	41661423656858a420f51f9da7bb80ee3aaecfcb4fe2b4cb136950a09ac51cb9	979b2bfd2700d56ebc50ce203fee2cea0c188a2ed40abb2336cbfd495438e2d5	87b106c4cdf306b0c5248102bab34f7c6fa280dff206829383a0d00835d19d35	7e927a90197feece	Classical.choice,Quot.sound,propext	∀ {rootBytes : Minidregg.Kernel.ObjectiveActivityWire.Bytes → Minidregg.Theory.TypedAuthorization.Digest} {config : Minidregg.Kernel.ObjectiveActivity.Config} {snapshot : Minidregg.Kernel.ObjectiveActivity.Snapshot rootBytes} (self : Minidregg.Kernel.ObjectiveCall.HeldSlot config snapshot), Minidregg.Kernel.ObjectiveActivity.bodyOf Minidregg.Kernel.ObjectiveActivityCell.Role.package (snapshot.canonicalBytes (Minidregg.Kernel.AnswerSlot.cell config.domain self.name)) = Option.none
ctor	Minidregg.Kernel.ObjectiveCall.HeldSlot.mk	dda1920e25285901417bd7a8a85d1ea485c8da3ebbee3e8ac356b1c224993d13	3a5c01c5a37cd3659d04cfa7df7574ea24905f2bb82b2480af3f9f474fb385ca	d7a1ae9ce7267ba0964e347814f8be97cf1f645e49cb248bef88232b5c993cb9	956082d5b61748d4		{rootBytes : Minidregg.Kernel.ObjectiveActivityWire.Bytes → Minidregg.Theory.TypedAuthorization.Digest} → {config : Minidregg.Kernel.ObjectiveActivity.Config} → {snapshot : Minidregg.Kernel.ObjectiveActivity.Snapshot rootBytes} → (name : Minidregg.Theory.TypedAuthorization.Digest) → Option Minidregg.Kernel.AnswerSlot.Slot → Minidregg.Kernel.ObjectiveActivity.bodyOf Minidregg.Kernel.ObjectiveActivityCell.Role.package (snapshot.canonicalBytes (Minidregg.Kernel.AnswerSlot.cell config.domain name)) = Option.none → (∀ (payload : Minidregg.Kernel.ObjectiveActivityCell.Payload), Minidregg.Kernel.ObjectiveActivity.payloadOf (snapshot.canonicalBytes (Minidregg.Kernel.AnswerSlot.cell config.domain name)) = Option.some payload → payload.role = Minidregg.Kernel.ObjectiveActivityCell.Role.slot) → (now : Minidregg.Kernel.AnswerSlot.Slot) → now.name = name → now.phase = Minidregg.Kernel.AnswerSlot.Phase.opened → Minidregg.Kernel.ObjectiveCall.HeldSlot config snapshot
def	Minidregg.Kernel.ObjectiveCall.HeldSlot.name	5c79b13f536f96283ad50279a6701a3ebd3df1e42f037dbb93ec71eb82a0c13f	05d14cb705a9832cb935895adfabf1854aa916ef43e60d3dcf0a426d6ec642e5	f7fed66c78ca5969c9b59dc8fce0979aa33c561c885f56b7c04e76da21f04840	1020cb53cf204475	Classical.choice,Quot.sound,propext	{rootBytes : Minidregg.Kernel.ObjectiveActivityWire.Bytes → Minidregg.Theory.TypedAuthorization.Digest} → {config : Minidregg.Kernel.ObjectiveActivity.Config} → {snapshot : Minidregg.Kernel.ObjectiveActivity.Snapshot rootBytes} → Minidregg.Kernel.ObjectiveCall.HeldSlot config snapshot → Minidregg.Theory.TypedAuthorization.Digest
theorem	Minidregg.Kernel.ObjectiveCall.HeldSlot.named	cf7f5e4f97952b4600d5d1d21206d7a4c70cb937d309f3ac8ac9aff2b5a973bf	bab88b4b22bc3d42e68e8f38770efa551e0de781141c4c4513f9110ded8bf433	1e948987842f1eee032ad180ebe15a76c37bf5838ba7fbc3e86c8edeb725e885	47b50d3f327324c0	Classical.choice,Quot.sound,propext	∀ {rootBytes : Minidregg.Kernel.ObjectiveActivityWire.Bytes → Minidregg.Theory.TypedAuthorization.Digest} {config : Minidregg.Kernel.ObjectiveActivity.Config} {snapshot : Minidregg.Kernel.ObjectiveActivity.Snapshot rootBytes} (self : Minidregg.Kernel.ObjectiveCall.HeldSlot config snapshot), self.now.name = self.name
def	Minidregg.Kernel.ObjectiveCall.HeldSlot.now	add19e1547ecaad2606c2067b28a74744f1aca67337395b09df16ec4c607d350	1ac68e49f1e34eefa34890456631d31e3ae8248209ffad019b6292b152111c40	5a4179112d8bace7e7d750f1ccf5c1e36a35169fd66357df5c44852169046695	bfac3fb13b2fefa1	Classical.choice,Quot.sound,propext	{rootBytes : Minidregg.Kernel.ObjectiveActivityWire.Bytes → Minidregg.Theory.TypedAuthorization.Digest} → {config : Minidregg.Kernel.ObjectiveActivity.Config} → {snapshot : Minidregg.Kernel.ObjectiveActivity.Snapshot rootBytes} → Minidregg.Kernel.ObjectiveCall.HeldSlot config snapshot → Minidregg.Kernel.AnswerSlot.Slot
theorem	Minidregg.Kernel.ObjectiveCall.HeldSlot.opened	7db78be0d7bcd4e84ed92f66b0636ef10337f792370d206e59e29624893f68d5	7a18af451493a777457cca95044a400a60ca2c726352d2a7e493567e394c784b	df0944854599e2009a31982ffe427749c82b43684de84568ce6d78a5644b120e	7f10301591027efd	Classical.choice,Quot.sound,propext	∀ {rootBytes : Minidregg.Kernel.ObjectiveActivityWire.Bytes → Minidregg.Theory.TypedAuthorization.Digest} {config : Minidregg.Kernel.ObjectiveActivity.Config} {snapshot : Minidregg.Kernel.ObjectiveActivity.Snapshot rootBytes} (self : Minidregg.Kernel.ObjectiveCall.HeldSlot config snapshot), self.now.phase = Minidregg.Kernel.AnswerSlot.Phase.opened
def	Minidregg.Kernel.ObjectiveCall.HeldSlot.read	c2c840ee9e4f770dd3683d67168ace1e44eef7d403880aa15bffe5c05e468b3c	c0632fa731bd4774d9a16a64c35d951a004436146ef4e5d63a4c55d52ef582a2	6f2608c8f40b1928b3689d0744b51fa913edd3a0b68a1c00253f1c680256a3cb	14489ade407d786c	Classical.choice,Quot.sound,propext	{rootBytes : Minidregg.Kernel.ObjectiveActivityWire.Bytes → Minidregg.Theory.TypedAuthorization.Digest} → {config : Minidregg.Kernel.ObjectiveActivity.Config} → {snapshot : Minidregg.Kernel.ObjectiveActivity.Snapshot rootBytes} → Minidregg.Kernel.ObjectiveCall.HeldSlot config snapshot → Option Minidregg.Kernel.AnswerSlot.Slot
theorem	Minidregg.Kernel.ObjectiveCall.HeldSlot.slotted	d58fcb4bffc329c422d1370948cd6c2dd905e286e9610063ac54dd34641255a2	fdc3c952d2c869c22a296ff4b1e35112ab3817ef4ae7c54fe16d6fae15ff5520	b7cf35e94b7a725d320780378aca9f38150789f54bd504d61a26e873e5da42f2	4a008593e8e503f7	Classical.choice,Quot.sound,propext	∀ {rootBytes : Minidregg.Kernel.ObjectiveActivityWire.Bytes → Minidregg.Theory.TypedAuthorization.Digest} {config : Minidregg.Kernel.ObjectiveActivity.Config} {snapshot : Minidregg.Kernel.ObjectiveActivity.Snapshot rootBytes} (self : Minidregg.Kernel.ObjectiveCall.HeldSlot config snapshot) (payload : Minidregg.Kernel.ObjectiveActivityCell.Payload), Minidregg.Kernel.ObjectiveActivity.payloadOf (snapshot.canonicalBytes (Minidregg.Kernel.AnswerSlot.cell config.domain self.name)) = Option.some payload → payload.role = Minidregg.Kernel.ObjectiveActivityCell.Role.slot
inductive	Minidregg.Kernel.ObjectiveCall.Invocation	a4b27741d8f8a476a6cfb10aa18091e58ffb5e26c9db22f3eaf59a325637c4ef	332a2887f2e06088d374b9e13cd70cc430f24bd87da7f82d8ecfb4062188619b	905126f142f9de7be6ae965d847f2ff48a9d4c3af81aa72f158dde1174bcbda5	53d310a4ca72802f		{rootBytes : Minidregg.Kernel.ObjectiveActivityWire.Bytes → Minidregg.Theory.TypedAuthorization.Digest} → Minidregg.Kernel.ObjectiveActivity.Config → Minidregg.Kernel.ObjectiveActivity.Snapshot rootBytes → ℕ → Minidregg.Kernel.ObjectiveCall.InvokeRequest → Type
theorem	Minidregg.Kernel.ObjectiveCall.Invocation.allowanceCovered	3f149be66cb74ecc096f56778202d55f554a4bc41eb8f3c9ee3fd6332ae803c9	fc3ae0c839cee400f9cff9b5bdb0c36e00ba399010b306572661f49b823b6c8a	3b64204a10661dcd36d9c9b5ccb83d1269ceb75debe7ed94899641594b9572b4	7e50cde3fae4e8c0	Classical.choice,Quot.sound,propext	∀ {rootBytes : Minidregg.Kernel.ObjectiveActivityWire.Bytes → Minidregg.Theory.TypedAuthorization.Digest} {config : Minidregg.Kernel.ObjectiveActivity.Config} {snapshot : Minidregg.Kernel.ObjectiveActivity.Snapshot rootBytes} {height : ℕ} {request : Minidregg.Kernel.ObjectiveCall.InvokeRequest} (self : Minidregg.Kernel.ObjectiveCall.Invocation config snapshot height request), Minidregg.Kernel.ObjectiveCall.outboxAllowance self.journal.outbox ≤ request.allowance
theorem	Minidregg.Kernel.ObjectiveCall.Invocation.batchExact	2de9bedcb091b2f6380ca02752bd40af0212e9c9d1fedb2392e81729284345a1	0554ecf9bf52ec4e3d06671a9fe8061843db669543f84f5be0c193884bf2ad24	d1eabb3b3f63de8102888462d20acd7ab9a93bae81715ac7f0e6ed99e945a389	8dfe17a9bb5aeabb	Classical.choice,Quot.sound,propext	∀ {rootBytes : Minidregg.Kernel.ObjectiveActivityWire.Bytes → Minidregg.Theory.TypedAuthorization.Digest} {config : Minidregg.Kernel.ObjectiveActivity.Config} {snapshot : Minidregg.Kernel.ObjectiveActivity.Snapshot rootBytes} {height : ℕ} {request : Minidregg.Kernel.ObjectiveCall.InvokeRequest} (self : Minidregg.Kernel.ObjectiveCall.Invocation config snapshot height request), self.posted.batch = Minidregg.Kernel.ObjectiveCall.invokeBatch config (Minidregg.Theory.CanonicalResourceKernel.logicalBook self.book.logical) request self.mail
def	Minidregg.Kernel.ObjectiveCall.Invocation.book	eb7770c82123e2cfd81e1947270db32870f360bc5d0e5b0e11263f16ab6a286a	799325c9c92cef84780fbce1109cca3b03baee87bc427afb79f7237edb2caec8	129e9220e69ced7476e2a62f19b0b90dd62da4deaa3fc405401c58ebc614c0e1	63f5460a1c831b61	Classical.choice,Quot.sound,propext	{rootBytes : Minidregg.Kernel.ObjectiveActivityWire.Bytes → Minidregg.Theory.TypedAuthorization.Digest} → {config : Minidregg.Kernel.ObjectiveActivity.Config} → {snapshot : Minidregg.Kernel.ObjectiveActivity.Snapshot rootBytes} → {height : ℕ} → {request : Minidregg.Kernel.ObjectiveCall.InvokeRequest} → Minidregg.Kernel.ObjectiveCall.Invocation config snapshot height request → Minidregg.Kernel.ObjectiveActivity.BookCell
theorem	Minidregg.Kernel.ObjectiveCall.Invocation.bookExact	b3db4535d25743233503128f10edc48599dc0f7fa933f8699ddcf2b770d8a24e	4e79ca48daec0c8a797218b63017adab3e415765998c017d7bdb71fc0249e37f	08e7ded716bc1a31742e6ddfa4c26ddf6846862ec33ab3edc5ab02d65173d29b	eda8f8829d4e0481	Classical.choice,Quot.sound,propext	∀ {rootBytes : Minidregg.Kernel.ObjectiveActivityWire.Bytes → Minidregg.Theory.TypedAuthorization.Digest} {config : Minidregg.Kernel.ObjectiveActivity.Config} {snapshot : Minidregg.Kernel.ObjectiveActivity.Snapshot rootBytes} {height : ℕ} {request : Minidregg.Kernel.ObjectiveCall.InvokeRequest} (self : Minidregg.Kernel.ObjectiveCall.Invocation config snapshot height request), Minidregg.Kernel.ObjectiveActivity.loadBook config snapshot = Except.ok self.book
theorem	Minidregg.Kernel.ObjectiveCall.Invocation.conserves	ead4a8c4f02df2095ab2b307a8ed47c4bd6d3aa3674ac061df0b90f1007d5e07	b0279e46d21925e14c134fcb7b011357c0b0d70c1eefbe263fa02cdae82dc831	871dae5dcf614bc3a7e75273aea1dae6f11594bf8825402fdccf3e094743cac3	aa227a78462e840f	Classical.choice,Quot.sound,propext	∀ {rootBytes : Minidregg.Kernel.ObjectiveActivityWire.Bytes → Minidregg.Theory.TypedAuthorization.Digest} {config : Minidregg.Kernel.ObjectiveActivity.Config} {snapshot : Minidregg.Kernel.ObjectiveActivity.Snapshot rootBytes} {height : ℕ} {request : Minidregg.Kernel.ObjectiveCall.InvokeRequest} (invoked : Minidregg.Kernel.ObjectiveCall.Invocation config snapshot height request) (asset : Minidregg.Theory.CanonicalResourceKernel.AssetId), (Minidregg.Theory.CanonicalResourceKernel.logicalBook invoked.posted.post.logical).totalAsset asset = (Minidregg.Theory.CanonicalResourceKernel.logicalBook invoked.book.logical).totalAsset asset
theorem	Minidregg.Kernel.ObjectiveCall.Invocation.covered	5b046cefe2f3440387e128bcf74949c37765f04336134d6a9f5b4e11ab19080a	46307d0781232bc7043a7629f75bd1963d5e788b873efe14ed60dcdedceee290	ddea28e568521f5e7e306546b01fbf2b3815e0ed83ed59f03b9a580102aff3fd	faa656c78545684a	Classical.choice,Quot.sound,propext	∀ {rootBytes : Minidregg.Kernel.ObjectiveActivityWire.Bytes → Minidregg.Theory.TypedAuthorization.Digest} {config : Minidregg.Kernel.ObjectiveActivity.Config} {snapshot : Minidregg.Kernel.ObjectiveActivity.Snapshot rootBytes} {height : ℕ} {request : Minidregg.Kernel.ObjectiveCall.InvokeRequest} (self : Minidregg.Kernel.ObjectiveCall.Invocation config snapshot height request), config.covers request.envelope = Bool.true
theorem	Minidregg.Kernel.ObjectiveCall.Invocation.drainedOk	438a5276a1a66c1be3f6951677e212f7b4e109c28a15fbb4060293826a3ab728	8978aa4c03b70bbb3af7329b8be3442b648e54916d28d79edc9784a155b5e654	ba10fe4f31ea692440b2d50253f136f546f0368f0a2a5ba6625444331548d621	ab8b86bb9fb8f3c9	Classical.choice,Quot.sound,propext	∀ {rootBytes : Minidregg.Kernel.ObjectiveActivityWire.Bytes → Minidregg.Theory.TypedAuthorization.Digest} {config : Minidregg.Kernel.ObjectiveActivity.Config} {snapshot : Minidregg.Kernel.ObjectiveActivity.Snapshot rootBytes} {height : ℕ} {request : Minidregg.Kernel.ObjectiveCall.InvokeRequest} (self : Minidregg.Kernel.ObjectiveCall.Invocation config snapshot height request), self.journal.drained = Bool.true
theorem	Minidregg.Kernel.ObjectiveCall.Invocation.execExact	54b2388acf936a682d33e1251692e81342a46cca454652afff9ed98ea32bf0e2	68c86e4cad3b7c5b2aa508eaba1f2080376eaca2f26ff6b819a5fccb9f5bab8c	95d5cefa41fe5b598ff1eb530f7ff74898d25fa587ab17874174dc94f0b3fca4	a0adcec453cbc657	Classical.choice,Quot.sound,propext	∀ {rootBytes : Minidregg.Kernel.ObjectiveActivityWire.Bytes → Minidregg.Theory.TypedAuthorization.Digest} {config : Minidregg.Kernel.ObjectiveActivity.Config} {snapshot : Minidregg.Kernel.ObjectiveActivity.Snapshot rootBytes} {height : ℕ} {request : Minidregg.Kernel.ObjectiveCall.InvokeRequest} (self : Minidregg.Kernel.ObjectiveCall.Invocation config snapshot height request), Minidregg.Kernel.ObjectiveCall.exec config snapshot height request.authority (Minidregg.Kernel.ObjectiveCall.invokeTransaction request) (Minidregg.Kernel.ObjectiveCall.callFuel request.envelope) [] (Minidregg.Kernel.ObjectiveCall.Task.enter (Minidregg.Kernel.ObjectiveCall.rootCall request)) (Minidregg.Kernel.ObjectiveCall.Journal.start request.grants request.envelope.extractTicks) request.envelope.sourceTicks = Except.ok (self.result, self.journal, self.left)
def	Minidregg.Kernel.ObjectiveCall.Invocation.guards	5f53f453cabe57b07f2b2781e7ba8a693c9c0e322f0af5279d99ffce0a3d2e5b	f3aef9774fd998b5fe159e6f7138d4a4761f5024d484c9e5f7bbb3f5bec1a6da	5058cb0f53c6752f99211a6b8d55ccc061d24c5d1c7f51847587c8ae48fdcf6d	bab58cf2a93d4da2	Classical.choice,Quot.sound,propext	{rootBytes : Minidregg.Kernel.ObjectiveActivityWire.Bytes → Minidregg.Theory.TypedAuthorization.Digest} → {config : Minidregg.Kernel.ObjectiveActivity.Config} → {snapshot : Minidregg.Kernel.ObjectiveActivity.Snapshot rootBytes} → {height : ℕ} → {request : Minidregg.Kernel.ObjectiveCall.InvokeRequest} → Minidregg.Kernel.ObjectiveCall.Invocation config snapshot height request → List Minidregg.Kernel.DurableDataIntent.ReadGuard
def	Minidregg.Kernel.ObjectiveCall.Invocation.intent	2aef4a84d64cfe03f7cd1bad71935b83a91ff781b8200ba238674112b5036d98	683de43ba89c42292eead2c43b2f059e0d1671ac3a98c12860d5ee3bbd596884	c5044bb98c528fe1633ac3ea1390fc70522a2709a849e7514be18fa8eebcafc4	0b75a0c03261edd4	Classical.choice,Quot.sound,propext	{rootBytes : Minidregg.Kernel.ObjectiveActivityWire.Bytes → Minidregg.Theory.TypedAuthorization.Digest} → {config : Minidregg.Kernel.ObjectiveActivity.Config} → {snapshot : Minidregg.Kernel.ObjectiveActivity.Snapshot rootBytes} → {height : ℕ} → {request : Minidregg.Kernel.ObjectiveCall.InvokeRequest} → Minidregg.Kernel.ObjectiveCall.Invocation config snapshot height request → Minidregg.Kernel.ObjectiveActivityWire.Seal → Minidregg.Kernel.DurableDataIntent.DataIntent rootBytes
def	Minidregg.Kernel.ObjectiveCall.Invocation.journal	6f29226a6971e48820394e5f6b9543ce5b4847612b46430128c6b2c0e0a990ea	2aa432b67f566f213be085c615bd96a9050f28a6d6ee7725acefdd38278b55bc	1ea766623e575d00b0e628957fbaeacc88358806c4ee83e8f0948db732fc6cdd	bb6f38ad4daae3fc	Classical.choice,Quot.sound,propext	{rootBytes : Minidregg.Kernel.ObjectiveActivityWire.Bytes → Minidregg.Theory.TypedAuthorization.Digest} → {config : Minidregg.Kernel.ObjectiveActivity.Config} → {snapshot : Minidregg.Kernel.ObjectiveActivity.Snapshot rootBytes} → {height : ℕ} → {request : Minidregg.Kernel.ObjectiveCall.InvokeRequest} → Minidregg.Kernel.ObjectiveCall.Invocation config snapshot height request → Minidregg.Kernel.ObjectiveCall.Journal
def	Minidregg.Kernel.ObjectiveCall.Invocation.left	89eb81b7e80d6b720f95e74d2200a6551d426197817d62af4eb1214f00726d34	e2444501c74a3ab53798a626963caede06a9eca182d89bd22e67a2a4642f3319	47562911e2be1a1748c5c281cd62eae9f89fe365299e1c48fd77f758c64b16e5	3750289f63d22e4a	Classical.choice,Quot.sound,propext	{rootBytes : Minidregg.Kernel.ObjectiveActivityWire.Bytes → Minidregg.Theory.TypedAuthorization.Digest} → {config : Minidregg.Kernel.ObjectiveActivity.Config} → {snapshot : Minidregg.Kernel.ObjectiveActivity.Snapshot rootBytes} → {height : ℕ} → {request : Minidregg.Kernel.ObjectiveCall.InvokeRequest} → Minidregg.Kernel.ObjectiveCall.Invocation config snapshot height request → ℕ
def	Minidregg.Kernel.ObjectiveCall.Invocation.mail	2fd298e6a347bd5fbeaf0b2cef1b0a6b1e58fe23202ec220454d94153f827c36	a5a2a4a8d65f740f9f5a674c8c515ee10f6fd8e7b0cce59fccea4007ca6e0720	4bf6fbc23c41e97296adaf2b5ebf3bc93a80c034520888982b435f2d58279457	b9fbe29fe8a252f2	Classical.choice,Quot.sound,propext	{rootBytes : Minidregg.Kernel.ObjectiveActivityWire.Bytes → Minidregg.Theory.TypedAuthorization.Digest} → {config : Minidregg.Kernel.ObjectiveActivity.Config} → {snapshot : Minidregg.Kernel.ObjectiveActivity.Snapshot rootBytes} → {height : ℕ} → {request : Minidregg.Kernel.ObjectiveCall.InvokeRequest} → Minidregg.Kernel.ObjectiveCall.Invocation config snapshot height request → Minidregg.Kernel.ObjectiveCall.Mail config snapshot
theorem	Minidregg.Kernel.ObjectiveCall.Invocation.mailExact	8e9a0236c632af4281c2ac074ef6704b96d3181e43739d0a64a0dabe9e4326f2	be1d4825dcd49b04cb4fdc104f0b61abab79e59dd6925ccf8cc5615f439b043c	375257eda471d19ec45e4648001d72120993f5d88cd1f9f24f8356df911a5959	8222d526133d4f13	Classical.choice,Quot.sound,propext	∀ {rootBytes : Minidregg.Kernel.ObjectiveActivityWire.Bytes → Minidregg.Theory.TypedAuthorization.Digest} {config : Minidregg.Kernel.ObjectiveActivity.Config} {snapshot : Minidregg.Kernel.ObjectiveActivity.Snapshot rootBytes} {height : ℕ} {request : Minidregg.Kernel.ObjectiveCall.InvokeRequest} (self : Minidregg.Kernel.ObjectiveCall.Invocation config snapshot height request), Minidregg.Kernel.ObjectiveCall.postControls config snapshot height self.sent self.journal.controls = Except.ok self.mail
theorem	Minidregg.Kernel.ObjectiveCall.Invocation.postageCovered	d6b679b1478e0edabfe82808f48ff265a56ff63e396ea32859a15c7f5c899df2	026c547fb6994b093d40f62d643695a123240db7450878f2510cce538433920e	96e85a2b22010c45c234c3bc66d3eaf2eef51fac09113fbe3e590c9b74973172	102c2a153d0f020d	Classical.choice,Quot.sound,propext	∀ {rootBytes : Minidregg.Kernel.ObjectiveActivityWire.Bytes → Minidregg.Theory.TypedAuthorization.Digest} {config : Minidregg.Kernel.ObjectiveActivity.Config} {snapshot : Minidregg.Kernel.ObjectiveActivity.Snapshot rootBytes} {height : ℕ} {request : Minidregg.Kernel.ObjectiveCall.InvokeRequest} (self : Minidregg.Kernel.ObjectiveCall.Invocation config snapshot height request), self.journal.outbox ≠ [] → config.covers request.postage = Bool.true
def	Minidregg.Kernel.ObjectiveCall.Invocation.posted	c46ec6265a842b77a9b2b4a6ae5e41d64c5005d87f3257505f266b5a7d3a627d	1cf87d7df78d6a70dc676bbbf9d6ac00c684d3bb1140f288f87a7451de6a88f7	ce4d47ece79f0eab9b47c9202a94e19a420de34bd50c81f9b3f70881d99528cf	f4afc383a9ecdea6	Classical.choice,Quot.sound,propext	{rootBytes : Minidregg.Kernel.ObjectiveActivityWire.Bytes → Minidregg.Theory.TypedAuthorization.Digest} → {config : Minidregg.Kernel.ObjectiveActivity.Config} → {snapshot : Minidregg.Kernel.ObjectiveActivity.Snapshot rootBytes} → {height : ℕ} → {request : Minidregg.Kernel.ObjectiveCall.InvokeRequest} → (self : Minidregg.Kernel.ObjectiveCall.Invocation config snapshot height request) → Minidregg.Kernel.ObjectiveActivity.Postings self.book
def	Minidregg.Kernel.ObjectiveCall.Invocation.posts	a98e6b1404d47e177c1533efd31bc7959a5f5cb353f64cc5c652f1dadeab8f30	c999d04bcb654fc8ef1755294f83ebe9ec76792e7817e8962c14f3515177b236	407be9492881971acff6f5a75ba9ef354720667db6911992bad47279505a1164	f24a725e95ed7386	Classical.choice,Quot.sound,propext	{rootBytes : Minidregg.Kernel.ObjectiveActivityWire.Bytes → Minidregg.Theory.TypedAuthorization.Digest} → {config : Minidregg.Kernel.ObjectiveActivity.Config} → {snapshot : Minidregg.Kernel.ObjectiveActivity.Snapshot rootBytes} → {height : ℕ} → {request : Minidregg.Kernel.ObjectiveCall.InvokeRequest} → Minidregg.Kernel.ObjectiveCall.Invocation config snapshot height request → List Minidregg.Kernel.ObjectiveActivityWire.Post
theorem	Minidregg.Kernel.ObjectiveCall.Invocation.postsExact	eac380a7bbba9dbceb459bd7d82c95f3af6efc0637d697ea765ee4cff3d2701d	82350be0d1efa67f4babed9c8f98165501976209a98691ed56047cadee96570f	d28ea51650352e120b423bf7ef2a5880d4d269619f9b1bf7f17bbff439b81e7a	e01776d154819164	Classical.choice,Quot.sound,propext	∀ {rootBytes : Minidregg.Kernel.ObjectiveActivityWire.Bytes → Minidregg.Theory.TypedAuthorization.Digest} {config : Minidregg.Kernel.ObjectiveActivity.Config} {snapshot : Minidregg.Kernel.ObjectiveActivity.Snapshot rootBytes} {height : ℕ} {request : Minidregg.Kernel.ObjectiveCall.InvokeRequest} (self : Minidregg.Kernel.ObjectiveCall.Invocation config snapshot height request), self.posts = self.journal.posts config snapshot ++ self.mail.posts ++ [Minidregg.Kernel.ObjectiveActivity.Postings.write config snapshot self.posted]
theorem	Minidregg.Kernel.ObjectiveCall.Invocation.posts_shape	3e84fdb7f2f184178c2052574c250222123c3d0f4ae7d1b3ddc0e1922ebbbba9	f9400588ec264df38559f420dde9d830ce75bbbad45e1609dffc12f4c8dc5d5d	ebb98424703ccfa2feb4332a443a0a1cdeb60492df23f39d4777cae9bbfb3e93	288980a8c0b8bf72	Classical.choice,Quot.sound,propext	∀ {rootBytes : Minidregg.Kernel.ObjectiveActivityWire.Bytes → Minidregg.Theory.TypedAuthorization.Digest} {config : Minidregg.Kernel.ObjectiveActivity.Config} {snapshot : Minidregg.Kernel.ObjectiveActivity.Snapshot rootBytes} {height : ℕ} {request : Minidregg.Kernel.ObjectiveCall.InvokeRequest} (invoked : Minidregg.Kernel.ObjectiveCall.Invocation config snapshot height request), ∀ post ∈ invoked.posts, post = Minidregg.Kernel.ObjectiveActivity.Postings.write config snapshot invoked.posted ∨ (∃ object current state, Minidregg.Kernel.ObjectiveActivity.readState config snapshot object = Except.ok current ∧ post = Minidregg.Kernel.ObjectiveActivity.postAt snapshot (Minidregg.Kernel.ObjectiveActivity.stateCell config.domain object) (Minidregg.Kernel.ObjectiveActivity.stateImage object state)) ∨ ∃ cell, Minidregg.Kernel.ObjectiveActivity.bodyOf Minidregg.Kernel.ObjectiveActivityCell.Role.package (snapshot.canonicalBytes cell) = Option.none ∧ ((∃ role key body, role ≠ Minidregg.Kernel.ObjectiveActivityCell.Role.record ∧ post = Minidregg.Kernel.ObjectiveActivity.postAt snapshot cell (Minidregg.Kernel.ObjectiveActivity.image role key body)) ∨ post = Minidregg.Kernel.ObjectiveActivity.postAt snapshot cell Minidregg.Kernel.ObjectiveActivity.retiredImage)
def	Minidregg.Kernel.ObjectiveCall.Invocation.result	7a1c985e22a435c3c122f06da060dbbb4b4ea8f249664a59b0f4378801ef1b35	df4c7f1c81eb8a250a017af8e000e950bfa2a2ec234d34b174e4307de9281039	2a812109341ff25baaf65cfd4a36c5a629274307d48ed703d4bcbcfd77deceeb	6baca3e2ce61f9c8	Classical.choice,Quot.sound,propext	{rootBytes : Minidregg.Kernel.ObjectiveActivityWire.Bytes → Minidregg.Theory.TypedAuthorization.Digest} → {config : Minidregg.Kernel.ObjectiveActivity.Config} → {snapshot : Minidregg.Kernel.ObjectiveActivity.Snapshot rootBytes} → {height : ℕ} → {request : Minidregg.Kernel.ObjectiveCall.InvokeRequest} → Minidregg.Kernel.ObjectiveCall.Invocation config snapshot height request → Minidregg.Theory.ObjectiveBendDemandData.Data
theorem	Minidregg.Kernel.ObjectiveCall.Invocation.sends_deliverable	dd194f2cd7acb6cbfa5c2c527ccbdcdb9e3b9a159257781a62cfabbb75248aba	1fb447dfd938d0a6b0a5ccde6ceecef2602ea5131ef764e37d364430825a96a9	778bc576c7c88bdafb983f4148dc7f34e115fde3b0b6635c630f54cc18f973a5	6576302b891c8e27	Classical.choice,Quot.sound,propext	∀ {rootBytes : Minidregg.Kernel.ObjectiveActivityWire.Bytes → Minidregg.Theory.TypedAuthorization.Digest} {config : Minidregg.Kernel.ObjectiveActivity.Config} {snapshot : Minidregg.Kernel.ObjectiveActivity.Snapshot rootBytes} {height : ℕ} {request : Minidregg.Kernel.ObjectiveCall.InvokeRequest} (invoked : Minidregg.Kernel.ObjectiveCall.Invocation config snapshot height request), ∀ out ∈ invoked.journal.outbox, ∀ (target : ℕ), out.destination = Minidregg.Kernel.ObjectiveCall.Destination.object target → ∃ d, Minidregg.Kernel.ObjectiveCall.deliverable config snapshot target (Minidregg.Kernel.ObjectiveCall.messageOf config request.postage request.account 0 out) = Except.ok d
def	Minidregg.Kernel.ObjectiveCall.Invocation.sent	ec4a662d1c3c4d7f0c19ab95586d24828d20cfbb17b5a21be50d6fda6ddf6612	a5a2a4a8d65f740f9f5a674c8c515ee10f6fd8e7b0cce59fccea4007ca6e0720	d49fd2baa139fc52fc1f928b7ea3dbecadc6649597e61f53f5b7fdc36a86cb73	ecd4e96f992d3ef2	Classical.choice,Quot.sound,propext	{rootBytes : Minidregg.Kernel.ObjectiveActivityWire.Bytes → Minidregg.Theory.TypedAuthorization.Digest} → {config : Minidregg.Kernel.ObjectiveActivity.Config} → {snapshot : Minidregg.Kernel.ObjectiveActivity.Snapshot rootBytes} → {height : ℕ} → {request : Minidregg.Kernel.ObjectiveCall.InvokeRequest} → Minidregg.Kernel.ObjectiveCall.Invocation config snapshot height request → Minidregg.Kernel.ObjectiveCall.Mail config snapshot
theorem	Minidregg.Kernel.ObjectiveCall.Invocation.sentExact	766cfb991ff1815e768beb07523dfcb0b74d4aa485365b56b7853de4fdca49ab	284586bcb396ff0084e91fefe610950d90605c0c0b55e971dfce832d068bb76e	8ad2ded8c62d1af07f58d1e2443c563adf1ac9c843b8768788b22eeadcf29720	edeea26cd9e7bb8c	Classical.choice,Quot.sound,propext	∀ {rootBytes : Minidregg.Kernel.ObjectiveActivityWire.Bytes → Minidregg.Theory.TypedAuthorization.Digest} {config : Minidregg.Kernel.ObjectiveActivity.Config} {snapshot : Minidregg.Kernel.ObjectiveActivity.Snapshot rootBytes} {height : ℕ} {request : Minidregg.Kernel.ObjectiveCall.InvokeRequest} (self : Minidregg.Kernel.ObjectiveCall.Invocation config snapshot height request), Minidregg.Kernel.ObjectiveCall.postMail config snapshot request.postage request.account 0 Minidregg.Kernel.ObjectiveCall.Mail.empty self.journal.outbox = Except.ok self.sent
inductive	Minidregg.Kernel.ObjectiveCall.InvokeRequest	007e2f3b6cfc741d16f5e6c1e01821a1b62005fdaf2c0b2e1d69cdfb025dc6c2	16946b93ac38405660f51e475eb5aa7d25b54f5e5677e0f6a10a4526cc071cbf	2c87c5b15bc68a4c05250e79ebb0606a4ca9459bba0169d44755f6d669652894	c4f32f5548abe337		Type
def	Minidregg.Kernel.ObjectiveCall.InvokeRequest.account	906334d0e676c05b27f0be8c44c1b3d988d81d77b993da371c9a0506498299c4	0bd3f7a6f73c837a51bf300fccfe0f6a22e9e40484497ba1288bfab9f2fa42df	849d477c85115af4de6a7cd67381cdd13612b8c81091d919bad70ad83eb8e6c9	aca677e0271124df	-	Minidregg.Kernel.ObjectiveCall.InvokeRequest → Minidregg.Theory.CanonicalResourceKernel.AccountId
def	Minidregg.Kernel.ObjectiveCall.InvokeRequest.allowance	7bc8ecd7d8b9fe4a734b2d61d5ad8c9573963b924c83c0ca9f6ce56ca4eded93	93e1f8e4f7d14cbbda2c5717bcbfbb6513debb1f4992f7546d90585cff400006	c38620586fe70734d1f95e9d5cf370394d2d4ef05e4a4cb3cfa7cbb4a17e2d21	7f54e73d6a27d6ef	-	Minidregg.Kernel.ObjectiveCall.InvokeRequest → ℕ
def	Minidregg.Kernel.ObjectiveCall.InvokeRequest.args	afe70ea43e3942601f4c9d7c718119946c4c9bdb03b3f174110592d76fc0debd	fe3c29e40f5910e2eb4b68b265a0db62d3e1c62f09291c5327aa601f90c9bcdb	d0b301bf262b727226e20bf0b97a6f1f82c6c90582178f945b24620494a12cc0	aba379bb4e9b5221	-	Minidregg.Kernel.ObjectiveCall.InvokeRequest → Minidregg.Theory.ObjectiveBendDemandData.Data
def	Minidregg.Kernel.ObjectiveCall.InvokeRequest.authority	18265c58ea0f2b450b09159268b804a9b51ae4b1c7a986ac2f19adc0931748a5	37756ca6826485d32e9a56c6fc3fd2d86c3a8bc2fe00fbe42229ee3cbb64a232	450c99ba67339096c5d3d902541375f136444e95cc1614996549474bdb51f4c6	6d3f0f005a25e903	-	Minidregg.Kernel.ObjectiveCall.InvokeRequest → Minidregg.Kernel.ObjectiveCall.Authority
def	Minidregg.Kernel.ObjectiveCall.InvokeRequest.envelope	631c331dd98eda941c7d28a292f0d4c84daa4b7cd2e923bbe8c1f9b322c528a4	9467a8a7680673a645753217357a18113e98f1225ca886f96052bfe7c95d9b8f	6f3b3c76a70c30df402da7908efc9282c77159aea77aa00af070b5afee4f66a5	56a739390894d1d3	-	Minidregg.Kernel.ObjectiveCall.InvokeRequest → Minidregg.Compiler.ObjectiveInvocationClaim.Capacity
def	Minidregg.Kernel.ObjectiveCall.InvokeRequest.grants	5b3521cf9bc753a0da5be48df073bb37e29cd9f13b20edafb4ff52be8eb7358b	4843bd0b093abff5ee818e3bdd28fcfff65881fe1b189044607efea827673743	b489a49e42ab4054094b4ee64964527c58d241bac02213e6daec7227276b95f3	e49d4ea5f7d19c4d	-	Minidregg.Kernel.ObjectiveCall.InvokeRequest → List Minidregg.Kernel.ObjectiveCall.Grant
def	Minidregg.Kernel.ObjectiveCall.InvokeRequest.method	e35759de3de8d6a0c181aa8baf38e2696d6fe3700d591ded375a485979c7749a	cbc007c940bebf43b110913cee5239a0e272939247480ed1f55a692b9d5ca675	96141fd0284970fed2cdc3888db460c05e8cfa456f90c94accb17fd6addcc82c	7a8a3231bdd3a999	-	Minidregg.Kernel.ObjectiveCall.InvokeRequest → String
ctor	Minidregg.Kernel.ObjectiveCall.InvokeRequest.mk	18dd36f62d67a81b07bb61518d349c36f324f8608a12ebea14020f9b97929eca	72ec9aeaff062bea8d402f81110d5d8580fb6203c9ac2e466b1e1ecbfdf6b015	631b53bdf0b6f84358af4cc597d35641347df9e20cd3ed84169e5918e5d5a2b3	2b8c2fbedc449089		Minidregg.Theory.TypedAuthorization.SubjectId → Minidregg.Kernel.DurableDataIntent.CellId → String → Minidregg.Theory.ObjectiveBendDemandData.Data → List Minidregg.Kernel.ObjectiveCall.Grant → Minidregg.Compiler.ObjectiveInvocationClaim.Capacity → Minidregg.Theory.CanonicalResourceKernel.AccountId → ℕ → Minidregg.Compiler.ObjectiveInvocationClaim.Capacity → ℕ → Minidregg.Kernel.ObjectiveCall.InvokeRequest
def	Minidregg.Kernel.ObjectiveCall.InvokeRequest.nonce	acba3e34f180204eca7c14c01363eacafb49988c698821404cd662c6aaa87532	93e1f8e4f7d14cbbda2c5717bcbfbb6513debb1f4992f7546d90585cff400006	2187b053686808287e1d8dcffbd11faefac9165a612297bf5d3a92ee2e46a4e9	4903416d7a362750	-	Minidregg.Kernel.ObjectiveCall.InvokeRequest → ℕ
def	Minidregg.Kernel.ObjectiveCall.InvokeRequest.object	cf283c3e4f069a7cb8cb730eed5161b6e8eaedf17ae9b028ff4669bc1e5b86ef	bee6a40e3f9b098e7af4b97433d8b3ec9dc755014a242542f8ae33ff50f5a9c5	5ea8d4e36d5926dceb914998affd7246a676cd70d35d802f9ed8aefb8a861dfa	f99d6f742a1257c3	-	Minidregg.Kernel.ObjectiveCall.InvokeRequest → Minidregg.Kernel.DurableDataIntent.CellId
def	Minidregg.Kernel.ObjectiveCall.InvokeRequest.postage	88fa9dc6e126fa9e9d4c7236d49b314ed05b95e6d0ed2b3ebe22b56d2fe7734f	9467a8a7680673a645753217357a18113e98f1225ca886f96052bfe7c95d9b8f	de0490c98bfd1f7c4419fc1d23c3f939f1b4750cd24eb78ac40866f405487854	1ec44e746985b5c1	-	Minidregg.Kernel.ObjectiveCall.InvokeRequest → Minidregg.Compiler.ObjectiveInvocationClaim.Capacity
def	Minidregg.Kernel.ObjectiveCall.InvokeRequest.subject	1b73ee88dda0592f7c802511ae79acc6aef59d4695e13ec7e6657161743e8bef	ec6aaa66c37e4868c6ec711251d57aace153b5746bc700cad85352b54e555815	5679b878a6fb186fc51d544576a7d979f852ac3e4ac104edabab53b546e1f3d9	757798c93bf11132	-	Minidregg.Kernel.ObjectiveCall.InvokeRequest → Minidregg.Theory.TypedAuthorization.SubjectId
inductive	Minidregg.Kernel.ObjectiveCall.Journal	50edb780786a6df78a32fdf9bfbe718e99eb6aa6047676e8558d7388c8bc7f1e	16946b93ac38405660f51e475eb5aa7d25b54f5e5677e0f6a10a4526cc071cbf	03c126a528d3e8ee9b06e8ceeeb1ea68cdac1bc1fd18815710de570714adda74	b3ff8d536c2ec151		Type
def	Minidregg.Kernel.ObjectiveCall.Journal.controls	185f976d837df029bccb92e6d6505bb6cf4e340ab8c3a9594bc72feb56bd4ccf	bbe4800ce537cff322bf46585596b25da0c7e4e6594b9d47cb832aaaaafd4bde	f0f8c94fd6b6c22259ca91d6f087d6de5c65e7e4deb409932f1ddb9e440b129d	7e7575ad0f2ad18d	-	Minidregg.Kernel.ObjectiveCall.Journal → List Minidregg.Kernel.ObjectiveCall.Control
def	Minidregg.Kernel.ObjectiveCall.Journal.delegations	fdc23d1881a7686b10ee1f9d6b5506584fc8bea39ed6b591c61c8f180ea7760e	940e6627fb11f884a125b98ac8f5c7688226192763065d1f0e0725a3699d3e51	6a326acad4f3fb00c7021f2e9900ded277b5af7e2b09bd1f4451ccc9d78d95c5	d2a6ffb3ea13735e	-	Minidregg.Kernel.ObjectiveCall.Journal → List Minidregg.Kernel.ObjectiveCall.Delegation
def	Minidregg.Kernel.ObjectiveCall.Journal.drained	c6813e434c83c433b6cd8b8cbdaff40d07798fff3d99fbbb873875165181d34b	6660dacb1a9184b9578f35be8ae14ba1660f78cd6c9887225004049f6f2b52a3	f62a390bc76e97c826b1c42718d8a131ad3131a4c9faeb110a96f987475b1cdf	ff569365ca3e9599	Classical.choice,Quot.sound,propext	Minidregg.Kernel.ObjectiveCall.Journal → Bool
def	Minidregg.Kernel.ObjectiveCall.Journal.draw	c5b14cd98238b341d72483ee9fefcfaad5a5f98289c7f04e66653283b960c33b	d8983d52916649945a335f270f02db94511e2494d90a721eadcf33b5e4bf5810	72dedcf1fa775ff71d115b6ef86ef5611cd799493f164632c5d704e3f0b78b02	8a28b3be40669ee2	-	Minidregg.Kernel.ObjectiveCall.Journal → ℕ → Except Minidregg.Kernel.ObjectiveCall.CallRefusal Minidregg.Kernel.ObjectiveCall.Journal
theorem	Minidregg.Kernel.ObjectiveCall.Journal.draw_ok	6bb9524365d179e14a7a0ea88f37277c80993f9910b4cd91c70e8184612af52e	0f99bde36df4d35a4050e76602c8ff403f31539484ab393548baa48a52779949	9271585f83f653b7d2c56bc5394e6e6549c293d3114cc690ba666dcbad87878b	07bd654bfee2281f	-	∀ {journal journal' : Minidregg.Kernel.ObjectiveCall.Journal} {spent : ℕ}, journal.draw spent = Except.ok journal' → journal' = { entries := journal.entries, grants := journal.grants, delegations := journal.delegations, frames := journal.frames, writes := journal.writes, outbox := journal.outbox, extracts := journal.extracts - spent, controls := journal.controls }
theorem	Minidregg.Kernel.ObjectiveCall.Journal.draw_short	1c67be4c8427cf81de153484d2dcd5ad336561859f6d9b28bee18f635594b8fe	3db74f7e81e501b2cb05d19caf8eac0c7946dc632d3cf7afb880c1741bcb9ae8	dfff38deab70c511ac9c8d49d0cfb850636b8c68f780a56d6f0c84cee9cf3639	4e9bbdaea072feb8	propext	∀ (journal : Minidregg.Kernel.ObjectiveCall.Journal) {spent : ℕ}, journal.extracts < spent → journal.draw spent = Except.error (Minidregg.Kernel.ObjectiveCall.CallRefusal.kernel (Minidregg.Kernel.ObjectiveActivity.Refusal.extractUncovered spent journal.extracts))
theorem	Minidregg.Kernel.ObjectiveCall.Journal.draw_two	9d5ad6fa4fe3e76617ed793da97b82c6abb9f89bdd74811ce9ed2d1f5d435b4d	997738447b98e64e41156b375858aebff43bf0d3a576aad71ffd5bd8aa3f6df0	ad66435830df0845d19f6f0b44ca97749a46915d39a2cd5932271d57825d923f	14441f7b25ce94a8	Quot.sound,propext	∀ (journal : Minidregg.Kernel.ObjectiveCall.Journal) {first second : ℕ}, first + second ≤ journal.extracts → (do let j ← journal.draw first j.draw second) = Except.ok { entries := journal.entries, grants := journal.grants, delegations := journal.delegations, frames := journal.frames, writes := journal.writes, outbox := journal.outbox, extracts := journal.extracts - first - second, controls := journal.controls }
def	Minidregg.Kernel.ObjectiveCall.Journal.entries	47b2477bdcd2879a3e11d6cb77bd819f5c3053148e9843531fae206395075c70	9a049246aa95734103efef7356f4f0eff303f580761b73fd96655d637ef46463	d1f99834c53c18c0080c4ae9288059e2ce92efb2dd1b9c243d87b9c03af78665	39dfd63244bb8db1	-	Minidregg.Kernel.ObjectiveCall.Journal → List Minidregg.Kernel.ObjectiveCall.Entry
def	Minidregg.Kernel.ObjectiveCall.Journal.extracts	862e43093d2914ea8255ccf67c1e7f6c9f35c9730705aba227bd7fa760677913	24521c9e0335238a5c219230359f5d8334e163feb78bb7ff3515171815c842d2	da51b68e262a7d73e3a7bc01a2500b5bca831f29f86ad5ad354c8345c24106c5	a6922b2497526d42	-	Minidregg.Kernel.ObjectiveCall.Journal → ℕ
def	Minidregg.Kernel.ObjectiveCall.Journal.frames	b0f15713f08fab1f53aeb0f69e34e2b63492880b8756e3f9c0d00dc0307bcd7c	d277211ee46408728a355d4ec7488d312d9cc4b63a97702cdb43768e5767d1b7	fa32b77dadf5f55908734db9d433cfb50a9621af4354a9b7d022183f624ec83b	236d4f69e81dc84b	-	Minidregg.Kernel.ObjectiveCall.Journal → List (List ℕ)
def	Minidregg.Kernel.ObjectiveCall.Journal.grants	7e945d409bced2b40189ff0d87e4e14a1cbbf70ed340de798e586291424a88c6	650d3fc69ce920f38b50d73f8654b082c8789a83344920800996352be4d7f7cd	a12a181696649aede5a34eecc52b623573ac13065c2bdc517cc8350c95d2191e	379115d004ee1f93	-	Minidregg.Kernel.ObjectiveCall.Journal → List Minidregg.Kernel.ObjectiveCall.Grant
def	Minidregg.Kernel.ObjectiveCall.Journal.guards	26110ea782b5b72084177d2901c8449c956e7be541e8ce7638f66a80cff9858a	8a2657d1834731927fa3820d398a46d04dcc8ff65e4365da547727665a153dc7	0b2b4e2271f47829064e3570d6e8ae42c89e85b7ba201c69de87806080186974	12617181f3d7e7e9	Classical.choice,Quot.sound,propext	{rootBytes : Minidregg.Kernel.ObjectiveActivityWire.Bytes → Minidregg.Theory.TypedAuthorization.Digest} → Minidregg.Kernel.ObjectiveCall.Journal → Minidregg.Kernel.ObjectiveActivity.Config → Minidregg.Kernel.ObjectiveActivity.Snapshot rootBytes → List Minidregg.Kernel.DurableDataIntent.ReadGuard
def	Minidregg.Kernel.ObjectiveCall.Journal.install	43b631a87d8e2b577a57f3743577980fdd50a7cb35ce52582b4525e536db691e	d20a2e252a1151f06861253a6ef85bf3eef11df054a6cdf89fdc084f28285b22	2d83bc4772ce023e5669c1b7b6c280ebeabece946c9be459e1d3962f47332397	7104a81371ff23e3	-	Minidregg.Kernel.ObjectiveCall.Journal → Minidregg.Kernel.DurableDataIntent.CellId → Minidregg.Kernel.ObjectState → Minidregg.Kernel.ObjectiveCall.Journal
def	Minidregg.Kernel.ObjectiveCall.Journal.lookup	e46c8202279aabca904e0d5161189d2dd244169c9a15527b7b3171e352671912	7126dd6c00e2d505c1247f093eb25760b5f1a707b402e15a6d69f915d3ce2eee	1990fe5165fcb1095dca1295b87b3b3124e7c5a2b6130184dfd8994eace34ea0	c94c4c7b1ed9ac76	-	Minidregg.Kernel.ObjectiveCall.Journal → Minidregg.Kernel.DurableDataIntent.CellId → Option (Option Minidregg.Kernel.ObjectState)
ctor	Minidregg.Kernel.ObjectiveCall.Journal.mk	7fdd4106a8d8fdc6410712bca999f5ad32507874cfd4d5a08d73c5263122163c	ce10b4d1fd579d914245ce3a813c535a8edd5e470f34b7408c72d41f0a858770	c064fcb52b551c520fbb9907af23f9ad3299a6bf4303ec04163487c56407031f	cf79fcd6772e3eb7		List Minidregg.Kernel.ObjectiveCall.Entry → List Minidregg.Kernel.ObjectiveCall.Grant → List Minidregg.Kernel.ObjectiveCall.Delegation → List (List ℕ) → List Minidregg.Kernel.ObjectiveCall.Written → List Minidregg.Kernel.ObjectiveCall.Outgoing → ℕ → List Minidregg.Kernel.ObjectiveCall.Control → Minidregg.Kernel.ObjectiveCall.Journal
def	Minidregg.Kernel.ObjectiveCall.Journal.outbox	7565080aa348d624f5b67c971f26eecd0b9cb9181560d0b676cae5da075a7213	99704bc527bd34850456d75cea61c8778a162f0e3ee60f2d247a6c3f44c05f50	1e69e6ceab4e4fda5fae8c22d0c45cced80814421a5d72f2d60eea30b633b55e	a966bc9de0c7d9cb	-	Minidregg.Kernel.ObjectiveCall.Journal → List Minidregg.Kernel.ObjectiveCall.Outgoing
def	Minidregg.Kernel.ObjectiveCall.Journal.posts	ac1900aaba8091be2ee164b5976134f73a4f68ca660c062f00d2f496d35ed6ae	f6340f3f8b0b26c9c53083a4bacc94e84d68f9ff0283512d6e31d44ce976bfd0	1890ecda7f9f5879d4f4637d3491b199fe34d9fa9d3b72601877b018983f72f2	b24644713718cfe1	Classical.choice,Quot.sound,propext	{rootBytes : Minidregg.Kernel.ObjectiveActivityWire.Bytes → Minidregg.Theory.TypedAuthorization.Digest} → Minidregg.Kernel.ObjectiveCall.Journal → Minidregg.Kernel.ObjectiveActivity.Config → Minidregg.Kernel.ObjectiveActivity.Snapshot rootBytes → List Minidregg.Kernel.ObjectiveActivityWire.Post
theorem	Minidregg.Kernel.ObjectiveCall.Journal.posts_state	1561d0e3b07e3e36612f8abccec98e3a479cedaab31876dfd15007257da0375c	159b59846f81685dab715bcf2bb89a01fc78ae9db2124454da925a8805655c8b	3f3b3c4e678a681a2a075fac99843052f466882d365885653c9d44f55dc443b0	7120cfc3a020ba1f	Classical.choice,Quot.sound,propext	∀ {rootBytes : Minidregg.Kernel.ObjectiveActivityWire.Bytes → Minidregg.Theory.TypedAuthorization.Digest} (journal : Minidregg.Kernel.ObjectiveCall.Journal) (config : Minidregg.Kernel.ObjectiveActivity.Config) (snapshot : Minidregg.Kernel.ObjectiveActivity.Snapshot rootBytes), ∀ post ∈ journal.posts config snapshot, ∃ entry ∈ journal.entries, ∃ state, post = Minidregg.Kernel.ObjectiveActivity.postAt snapshot (Minidregg.Kernel.ObjectiveActivity.stateCell config.domain entry.object) (Minidregg.Kernel.ObjectiveActivity.stateImage entry.object state)
def	Minidregg.Kernel.ObjectiveCall.Journal.start	a3727b9413fb591ec7d55268b076bc39c2f62605b01bf642a9eba3a00df31ec6	dc8a5544e7c230b246e15bd8dcfa9854fc1ebefb8bcf734805649fce8078f34c	1e713a71b0421f9903a0ec16f9096ca905df73b150e33d7cf19744c92fc49e54	9ee13ca1e2652b41	-	List Minidregg.Kernel.ObjectiveCall.Grant → ℕ → Minidregg.Kernel.ObjectiveCall.Journal
def	Minidregg.Kernel.ObjectiveCall.Journal.writes	546170dbee6bf2233a6878e38811fcd81db2754fdfb8bb488495c042eea96cb4	c476f6be53e257df233c0143674c8acfed152c45c927e384e7d2962c94331774	7a36316ec537fe7579fe0101534e18f08736f60234c6950d09e2065f833a7e0f	361e0c266c9857eb	-	Minidregg.Kernel.ObjectiveCall.Journal → List Minidregg.Kernel.ObjectiveCall.Written
inductive	Minidregg.Kernel.ObjectiveCall.Mail	da8d1903440e19f286e350edfb929f4f384d760bf8cbe85bec8146ddd1e3ae7d	9733a1095ad549a3c96007565afbf8c3d8063c76e407c7abd94d9ca262d0ce67	971ff146a3817d3cfc72340fd9cc9d077e909a8c9d423cd763417061907b613f	a33ccf94e6c8c1e1		{rootBytes : Minidregg.Kernel.ObjectiveActivityWire.Bytes → Minidregg.Theory.TypedAuthorization.Digest} → Minidregg.Kernel.ObjectiveActivity.Config → Minidregg.Kernel.ObjectiveActivity.Snapshot rootBytes → Type
def	Minidregg.Kernel.ObjectiveCall.Mail.closed	86ee0f92e3fc5d8f312e2dda6ce7aa2939469707f7d70f4227206c497f2ff657	38dba7d1378124f8c1952c6e70c9035d366c087a02efaac39248d78490393f6e	32efe38ae9b25c766ee73c71d48f4af5c77fea8304fdd1963343fc8b07c8dea8	2dbb4a3eb77794d3	Classical.choice,Quot.sound,propext	{rootBytes : Minidregg.Kernel.ObjectiveActivityWire.Bytes → Minidregg.Theory.TypedAuthorization.Digest} → {config : Minidregg.Kernel.ObjectiveActivity.Config} → {snapshot : Minidregg.Kernel.ObjectiveActivity.Snapshot rootBytes} → Minidregg.Kernel.ObjectiveCall.Mail config snapshot → List (Minidregg.Kernel.ObjectiveCall.ClosedSlot config snapshot)
def	Minidregg.Kernel.ObjectiveCall.Mail.control	25d82ab25d6b738477ab3c841ee554f0d2d2fadb73b5839d0792eee092a5237a	406678c67bc928c445855a874e471c97c808920dc1c86a08657eec816e15c39c	4aeda40380992fe3b416ab160eb4af643a635f2616065690a087b26d5e0a3bcf	599073b4a4ed9a5c	Classical.choice,Quot.sound,propext	{rootBytes : Minidregg.Kernel.ObjectiveActivityWire.Bytes → Minidregg.Theory.TypedAuthorization.Digest} → {config : Minidregg.Kernel.ObjectiveActivity.Config} → {snapshot : Minidregg.Kernel.ObjectiveActivity.Snapshot rootBytes} → Minidregg.Kernel.ObjectiveCall.Mail config snapshot → ℕ → Minidregg.Kernel.ObjectiveCall.Control → Except Minidregg.Kernel.ObjectiveCall.CallRefusal (Minidregg.Kernel.ObjectiveCall.Mail config snapshot)
theorem	Minidregg.Kernel.ObjectiveCall.Mail.control_cancel_refunds	c39a24a73dd0199f6d5bb6179acc61c52557af33cdd65aa5e66cf73cb7fa7798	23d122dd8c4b1deee6697721747ede9fd3896dce9cc3c8e4053b3b3f66ada6f3	3b440ab679c136d7fc4cfd9d88db0e88965fa4e4eca7ac5c2b1bbe228b9be07f	6aa3bf78c9d35b88	Classical.choice,Quot.sound,propext	∀ {rootBytes : Minidregg.Kernel.ObjectiveActivityWire.Bytes → Minidregg.Theory.TypedAuthorization.Digest} {config : Minidregg.Kernel.ObjectiveActivity.Config} {snapshot : Minidregg.Kernel.ObjectiveActivity.Snapshot rootBytes} {mail next : Minidregg.Kernel.ObjectiveCall.Mail config snapshot} {height : ℕ} {control : Minidregg.Kernel.ObjectiveCall.Control}, mail.control height control = Except.ok next → control.kind = Minidregg.Kernel.ObjectiveCall.ControlKind.cancel → next.refunds = mail.refunds ∨ ∃ held inbox message rest, held.name = control.slot ∧ inbox.cell = held.now.activity ∧ inbox.sender = control.sender ∧ inbox.now.withdraw control.slot = Option.some (message, rest) ∧ message.id = control.slot ∧ next.refunds = mail.refunds ++ Minidregg.Kernel.ObjectiveCall.cancelRefunds held.now.activity.value message held.now.queued ∧ (List.map Minidregg.Kernel.ObjectiveCall.Refund.amount (Minidregg.Kernel.ObjectiveCall.cancelRefunds held.now.activity.value message held.now.queued)).sum = message.escrow + (List.map Minidregg.Kernel.Inbox.Message.escrow held.now.queued).sum ∧ ∀ refund ∈ Minidregg.Kernel.ObjectiveCall.cancelRefunds held.now.activity.value message held.now.queued, refund.purse = held.now.activity.value
theorem	Minidregg.Kernel.ObjectiveCall.Mail.control_cancel_withdraws	96c29106b0cc55cf0b1388947315b3c99db0aa04bfd1954e9a8f7a8ec2358b69	7430fde688b80f8d7da4433774580848306ead1f0318e1cd7181449b23ada35c	814bf09f556fbd90adacb1e148af40a46f3e6f4c99175077c81844eb5bee90d5	24fd62a518b47717	Classical.choice,Quot.sound,propext	∀ {rootBytes : Minidregg.Kernel.ObjectiveActivityWire.Bytes → Minidregg.Theory.TypedAuthorization.Digest} {config : Minidregg.Kernel.ObjectiveActivity.Config} {snapshot : Minidregg.Kernel.ObjectiveActivity.Snapshot rootBytes} {mail next : Minidregg.Kernel.ObjectiveCall.Mail config snapshot} {height : ℕ} {control : Minidregg.Kernel.ObjectiveCall.Control} {held : Minidregg.Kernel.ObjectiveCall.HeldSlot config snapshot} {others : List (Minidregg.Kernel.ObjectiveCall.HeldSlot config snapshot)} {inbox : Minidregg.Kernel.ObjectiveCall.HeldInbox config snapshot} {inboxes : List (Minidregg.Kernel.ObjectiveCall.HeldInbox config snapshot)} {message : Minidregg.Kernel.Inbox.Message} {rest : Minidregg.Kernel.Inbox.Inbox}, mail.control height control = Except.ok next → control.kind = Minidregg.Kernel.ObjectiveCall.ControlKind.cancel → Minidregg.Kernel.ObjectiveCall.controlSlot config snapshot mail control.slot = Except.ok (Minidregg.Kernel.ObjectiveCall.Controlled.held held others) → Minidregg.Kernel.ObjectiveCall.controlInbox config snapshot mail control.slot held.now.activity = Except.ok (inbox, inboxes) → inbox.sender = control.sender → inbox.now.withdraw control.slot = Option.some (message, rest) → next.refunds = mail.refunds ++ Minidregg.Kernel.ObjectiveCall.cancelRefunds held.now.activity.value message held.now.queued
theorem	Minidregg.Kernel.ObjectiveCall.Mail.control_cases	56b50b1318582c4b5212c8154e3409310863e4983bf8cf530a938c7610d73446	c999e0d0c44d135908ec5e98377ccfc71511f9fd5519eeee315e5477039e26d7	646fba3bd6b81bc328827eb118cdbf534d90f39b6496b885e462fe21c35eda2c	5a3baea5c8d02cdd	Classical.choice,Quot.sound,propext	∀ {rootBytes : Minidregg.Kernel.ObjectiveActivityWire.Bytes → Minidregg.Theory.TypedAuthorization.Digest} {config : Minidregg.Kernel.ObjectiveActivity.Config} {snapshot : Minidregg.Kernel.ObjectiveActivity.Snapshot rootBytes} {mail next : Minidregg.Kernel.ObjectiveCall.Mail config snapshot} {height : ℕ} {control : Minidregg.Kernel.ObjectiveCall.Control}, mail.control height control = Except.ok next → next = mail ∨ (control.kind = Minidregg.Kernel.ObjectiveCall.ControlKind.stop ∧ ∃ slot closing message, Minidregg.Kernel.ObjectiveCall.controlSlot config snapshot mail control.slot = Except.ok (Minidregg.Kernel.ObjectiveCall.Controlled.decided slot closing) ∧ closing.decided = Option.none ∧ slot.decider = Minidregg.Kernel.AnswerSlot.Decider.delivery message control.sender ∧ next = { inboxes := mail.inboxes, slots := mail.slots, credits := mail.credits, targets := mail.targets, closed := mail.closed ++ [closing], refunds := mail.refunds }) ∨ (control.kind = Minidregg.Kernel.ObjectiveCall.ControlKind.stop ∧ ∃ held updated others inbox inboxes, Minidregg.Kernel.ObjectiveCall.controlSlot config snapshot mail control.slot = Except.ok (Minidregg.Kernel.ObjectiveCall.Controlled.held held others) ∧ Minidregg.Kernel.ObjectiveCall.controlInbox config snapshot mail control.slot held.now.activity = Except.ok (inbox, inboxes) ∧ inbox.sender = control.sender ∧ updated.read = held.read ∧ (updated.now = have __src := held.now; { name := __src.name, activity := __src.activity, decider := __src.decider, deadline := __src.deadline, phase := __src.phase, queued := [], watched := Bool.false }) ∧ next = { inboxes := mail.inboxes, slots := others ++ [updated], credits := mail.credits, targets := mail.targets, closed := mail.closed, refunds := mail.refunds ++ Minidregg.Kernel.ObjectiveCall.stopRefunds held.now.activity.value held.now.queued }) ∨ control.kind = Minidregg.Kernel.ObjectiveCall.ControlKind.cancel ∧ ∃ held others inbox updatedInbox inboxes message closing, Minidregg.Kernel.ObjectiveCall.controlSlot config snapshot mail control.slot = Except.ok (Minidregg.Kernel.ObjectiveCall.Controlled.held held others) ∧ Minidregg.Kernel.ObjectiveCall.controlInbox config snapshot mail control.slot held.now.activity = Except.ok (inbox, inboxes) ∧ inbox.sender = control.sender ∧ inbox.cell = held.now.activity ∧ inbox.now.withdraw control.slot = Option.some (message, updatedInbox.now) ∧ message.id = control.slot ∧ updatedInbox.sender = inbox.sender ∧ updatedInbox.target = inbox.target ∧ closing.name = held.name ∧ (∀ (slot : Minidregg.Kernel.AnswerSlot.Slot), closing.decided = Option.some slot → held.now.watched = Bool.true ∧ slot = have __src := held.now; { name := __src.name, activity := __src.activity, decider := __src.decider, deadline := __src.deadline, phase := Minidregg.Kernel.AnswerSlot.Phase.decided Minidregg.Kernel.AnswerSlot.Decision.cancelled height, queued := [], watched := __src.watched }) ∧ (held.now.watched = Bool.true → closing.decided.isSome = Bool.true) ∧ next = { inboxes := inboxes ++ [updatedInbox], slots := others, credits := mail.credits, targets := mail.targets, closed := mail.closed ++ [closing], refunds := mail.refunds ++ Minidregg.Kernel.ObjectiveCall.cancelRefunds held.now.activity.value message held.now.queued }
def	Minidregg.Kernel.ObjectiveCall.Mail.credits	9fc102d9660a1883b3c009f8e9c954ad58f13f999397b0eea61338bc3215b425	e102ebf67f72ce94b4ee6a2dd4e89ffdb8e54c95ec827644dd45eee8776e18b3	4d0f6aac95e56d921cec343c2c1231f032984183073370ddb54ce21be26b53d9	572c7b72ce760b52	Classical.choice,Quot.sound,propext	{rootBytes : Minidregg.Kernel.ObjectiveActivityWire.Bytes → Minidregg.Theory.TypedAuthorization.Digest} → {config : Minidregg.Kernel.ObjectiveActivity.Config} → {snapshot : Minidregg.Kernel.ObjectiveActivity.Snapshot rootBytes} → Minidregg.Kernel.ObjectiveCall.Mail config snapshot → List (Minidregg.Theory.CanonicalResourceKernel.AccountId × ℕ)
def	Minidregg.Kernel.ObjectiveCall.Mail.deregistrations	9a9a9d8571489b8a8b01d6b66c6f840101942b42cea8c0425daffe645f3593dd	1ccb2663a1a4308df442a66e3c02b6a8b742aa44c9b4e5a89146bde088c22fc6	48cdc6a6732150e53edf8fdfdcda2bcb5ce2e668ecf3693fbc4ff7a9cee8efe8	9d8a3bc5c8697c2c	Classical.choice,Quot.sound,propext	{rootBytes : Minidregg.Kernel.ObjectiveActivityWire.Bytes → Minidregg.Theory.TypedAuthorization.Digest} → {config : Minidregg.Kernel.ObjectiveActivity.Config} → {snapshot : Minidregg.Kernel.ObjectiveActivity.Snapshot rootBytes} → Minidregg.Kernel.ObjectiveCall.Mail config snapshot → Minidregg.Theory.CanonicalResourceKernel.Book → List Minidregg.Theory.CanonicalResourceKernel.AccountId → List Minidregg.Theory.CanonicalResourceKernel.Operation → List Minidregg.Theory.CanonicalResourceKernel.AccountId
theorem	Minidregg.Kernel.ObjectiveCall.Mail.deregistrations_admitted	df4f968e5092f5a67e92717a0d5098125f4ba362552de3d7c4e82c020784e481	b4c3487439a9cf078d896e16321c0e28ca36fd7b8b36564102edabc726cda4e8	f42dd60218d9ed5c4100761d58d081a5752358c2d8224215e32085e03b3b16b3	224e9b833db4faa1	Classical.choice,Quot.sound,propext	∀ {rootBytes : Minidregg.Kernel.ObjectiveActivityWire.Bytes → Minidregg.Theory.TypedAuthorization.Digest} {config : Minidregg.Kernel.ObjectiveActivity.Config} {snapshot : Minidregg.Kernel.ObjectiveActivity.Snapshot rootBytes} (mail : Minidregg.Kernel.ObjectiveCall.Mail config snapshot) (book : Minidregg.Theory.CanonicalResourceKernel.Book) (registered : List Minidregg.Theory.CanonicalResourceKernel.AccountId) (operations : List Minidregg.Theory.CanonicalResourceKernel.Operation), Minidregg.Theory.CanonicalResourceKernel.DeregistrationsAdmitted (Minidregg.Theory.CanonicalResourceKernel.applyOperations (Minidregg.Theory.CanonicalResourceKernel.registerAccounts book registered) operations) (mail.deregistrations book registered operations)
def	Minidregg.Kernel.ObjectiveCall.Mail.empty	64bb3768b423cd0ea6964c47f08cd02801908a17194aeb1d2bd959cce74e6e34	fc631766ec4d92e30fdcf59e31ebf96bc8f6f5bf45c98fea550d1f0a6f5ebb30	cc8ba63119682508df714a275cb0c27b2190a9f8d2c3915db87a0ccab1f55f19	910883311eb772aa	Classical.choice,Quot.sound,propext	{rootBytes : Minidregg.Kernel.ObjectiveActivityWire.Bytes → Minidregg.Theory.TypedAuthorization.Digest} → {config : Minidregg.Kernel.ObjectiveActivity.Config} → {snapshot : Minidregg.Kernel.ObjectiveActivity.Snapshot rootBytes} → Minidregg.Kernel.ObjectiveCall.Mail config snapshot
def	Minidregg.Kernel.ObjectiveCall.Mail.inboxes	c50cf50fc50bddb6b39b51a884dec8ccdedf4ccbadd7b60c7a412e99f06d3ab1	c4be0742c61616987a370a9074fa5face99469238636935213a4a21671f684b5	c7bef44d68cefb612ef3a15036085478b8741eca8f2fc8caeb5a712187ccbcfb	be31c0f8bf317345	Classical.choice,Quot.sound,propext	{rootBytes : Minidregg.Kernel.ObjectiveActivityWire.Bytes → Minidregg.Theory.TypedAuthorization.Digest} → {config : Minidregg.Kernel.ObjectiveActivity.Config} → {snapshot : Minidregg.Kernel.ObjectiveActivity.Snapshot rootBytes} → Minidregg.Kernel.ObjectiveCall.Mail config snapshot → List (Minidregg.Kernel.ObjectiveCall.HeldInbox config snapshot)
theorem	Minidregg.Kernel.ObjectiveCall.Mail.inboxes_lawful	87db097a4627a7bc16a3b9831a482cbda15b39da7fad38ab7a2751b0c2ca86d2	ad6b645210355d3ca2fac41ec3b2a528c984499292e45820aceafa63d9a0adde	47c13d6836f96976787e838c6eac5b4e197fa9a69f67d0df7488608244aa3f4b	bb208fa5a610d0dc	Classical.choice,Quot.sound,propext	∀ {rootBytes : Minidregg.Kernel.ObjectiveActivityWire.Bytes → Minidregg.Theory.TypedAuthorization.Digest} {config : Minidregg.Kernel.ObjectiveActivity.Config} {snapshot : Minidregg.Kernel.ObjectiveActivity.Snapshot rootBytes} (mail : Minidregg.Kernel.ObjectiveCall.Mail config snapshot), ∀ held ∈ mail.inboxes, Minidregg.Kernel.ObjectiveActivity.readInbox snapshot (Minidregg.Kernel.Inbox.cell config.domain held.sender held.target) = Option.some held.read ∧ Minidregg.Kernel.Inbox.Lawful (held.read.getD (Minidregg.Kernel.Inbox.Inbox.empty held.sender held.target)) held.now ∧ Minidregg.Kernel.ObjectiveActivity.postAt snapshot held.cell (Minidregg.Kernel.ObjectiveActivity.inboxImage held.now) = Minidregg.Kernel.ObjectiveActivity.postAt snapshot (Minidregg.Kernel.Inbox.cell config.domain held.now.sender held.now.target) (Minidregg.Kernel.ObjectiveActivity.inboxImage held.now)
ctor	Minidregg.Kernel.ObjectiveCall.Mail.mk	9afddf356890fd96f8dd34b7d6ec2739fa2a3ec3c43ec4a4bfd40738eb801e50	ecef607210ac010bb548e7efbb23b54a6300d786f9b66d548153747e9d473fd7	5d2437c486094da2d5024888cf1357f61e54fe2945002bdaa32a419af0c5e378	6885bdf6802da62c		{rootBytes : Minidregg.Kernel.ObjectiveActivityWire.Bytes → Minidregg.Theory.TypedAuthorization.Digest} → {config : Minidregg.Kernel.ObjectiveActivity.Config} → {snapshot : Minidregg.Kernel.ObjectiveActivity.Snapshot rootBytes} → List (Minidregg.Kernel.ObjectiveCall.HeldInbox config snapshot) → List (Minidregg.Kernel.ObjectiveCall.HeldSlot config snapshot) → List (Minidregg.Theory.CanonicalResourceKernel.AccountId × ℕ) → List ℕ → List (Minidregg.Kernel.ObjectiveCall.ClosedSlot config snapshot) → List Minidregg.Kernel.ObjectiveCall.Refund → Minidregg.Kernel.ObjectiveCall.Mail config snapshot
def	Minidregg.Kernel.ObjectiveCall.Mail.posts	7724f4424c8508617c1e0b05d112a1c9d96cf4356f599ea4730ee0ede111b79e	56286be5b6057355fbcfd89c4715f31e4ba4d2623568d0129ebe75d3dbe378fe	dd7352bb30ab4ec1fc4d1b028554d95c04206b91b1ff64d1c1973ce866aaaa17	37d767f2a5ca2a37	Classical.choice,Quot.sound,propext	{rootBytes : Minidregg.Kernel.ObjectiveActivityWire.Bytes → Minidregg.Theory.TypedAuthorization.Digest} → {config : Minidregg.Kernel.ObjectiveActivity.Config} → {snapshot : Minidregg.Kernel.ObjectiveActivity.Snapshot rootBytes} → Minidregg.Kernel.ObjectiveCall.Mail config snapshot → List Minidregg.Kernel.ObjectiveActivityWire.Post
theorem	Minidregg.Kernel.ObjectiveCall.Mail.posts_shape	f9a605e50b5f4d33f5ec986c3cfac6be071994d699652d7903a0874feacc1389	4938ed09238df1abd518eb85a00f656043a08ea4a343e2187a86e5b1957894de	4950386c91995a293cef24a16b271a4c292617fd9d0a55870d5bef48efb48094	86267b0b3fe78073	Classical.choice,Quot.sound,propext	∀ {rootBytes : Minidregg.Kernel.ObjectiveActivityWire.Bytes → Minidregg.Theory.TypedAuthorization.Digest} {config : Minidregg.Kernel.ObjectiveActivity.Config} {snapshot : Minidregg.Kernel.ObjectiveActivity.Snapshot rootBytes} (mail : Minidregg.Kernel.ObjectiveCall.Mail config snapshot), ∀ post ∈ mail.posts, ∃ cell, Minidregg.Kernel.ObjectiveActivity.bodyOf Minidregg.Kernel.ObjectiveActivityCell.Role.package (snapshot.canonicalBytes cell) = Option.none ∧ ((∃ role key body, role ≠ Minidregg.Kernel.ObjectiveActivityCell.Role.record ∧ post = Minidregg.Kernel.ObjectiveActivity.postAt snapshot cell (Minidregg.Kernel.ObjectiveActivity.image role key body)) ∨ post = Minidregg.Kernel.ObjectiveActivity.postAt snapshot cell Minidregg.Kernel.ObjectiveActivity.retiredImage)
def	Minidregg.Kernel.ObjectiveCall.Mail.refunds	310e0d4daab8b2114c581aa850dbee1c406df29c8d36ba464b3dba125338caab	6f5d40f6d2d668c3a9b776e5667ca3d12285764057a452fe13288b26bfb74c5b	68c1b62cef0ace097335bf2535e079ad6d29c76d770497115f6c008c2e158b47	0422906264dde8ed	Classical.choice,Quot.sound,propext	{rootBytes : Minidregg.Kernel.ObjectiveActivityWire.Bytes → Minidregg.Theory.TypedAuthorization.Digest} → {config : Minidregg.Kernel.ObjectiveActivity.Config} → {snapshot : Minidregg.Kernel.ObjectiveActivity.Snapshot rootBytes} → Minidregg.Kernel.ObjectiveCall.Mail config snapshot → List Minidregg.Kernel.ObjectiveCall.Refund
def	Minidregg.Kernel.ObjectiveCall.Mail.registrations	21d2749e92bc18ac598aeefd957edb966dfa793394e8fad887629deeb397578a	1e8a060393e8cf50c17939243305d4ed9c8b638e6ad13de063992ba4f66a0ede	5ef3f4c114fac14e4e7de683b5e3da1d98174ee015e9a8f6770f2979a80f637b	492ffcdb1cdda284	Classical.choice,Quot.sound,propext	{rootBytes : Minidregg.Kernel.ObjectiveActivityWire.Bytes → Minidregg.Theory.TypedAuthorization.Digest} → {config : Minidregg.Kernel.ObjectiveActivity.Config} → {snapshot : Minidregg.Kernel.ObjectiveActivity.Snapshot rootBytes} → Minidregg.Kernel.ObjectiveCall.Mail config snapshot → Minidregg.Theory.CanonicalResourceKernel.Book → List Minidregg.Theory.CanonicalResourceKernel.AccountId
def	Minidregg.Kernel.ObjectiveCall.Mail.send	2761989e2beebb6d6f5b7cfc60a6966b1e59428ddf3e971bf1e9ee095b878364	0f5ae8b1167b7d06dc80a32c71b8b9766bacf565bdd6867807f6db90ba3d6bfc	d3a41cc89d2bc12841062c5fc4bb76e7cbfac5a45fbd562089990879a01b1bd3	92dc889b885d19e4	Classical.choice,Quot.sound,propext	{rootBytes : Minidregg.Kernel.ObjectiveActivityWire.Bytes → Minidregg.Theory.TypedAuthorization.Digest} → {config : Minidregg.Kernel.ObjectiveActivity.Config} → {snapshot : Minidregg.Kernel.ObjectiveActivity.Snapshot rootBytes} → Minidregg.Kernel.ObjectiveCall.Mail config snapshot → Minidregg.Kernel.Inbox.Message → Minidregg.Kernel.ObjectiveCall.Destination → Except Minidregg.Kernel.ObjectiveCall.CallRefusal (Minidregg.Kernel.ObjectiveCall.Mail config snapshot)
theorem	Minidregg.Kernel.ObjectiveCall.Mail.send_object_deliverable	e7749433713bd5079ed49de3fda39f6cac551420a48a78e8197f6605b63c4fc8	5cd90b08a2cd6e905a8212b6ff99d48e60d272eabb294514bfff01ca2c6e64ce	4f70b1f1c7044ba73894687097d7c7a951878042491c4988762e3adad63612ad	f4895453fc7fe4cd	Classical.choice,Quot.sound,propext	∀ {rootBytes : Minidregg.Kernel.ObjectiveActivityWire.Bytes → Minidregg.Theory.TypedAuthorization.Digest} {config : Minidregg.Kernel.ObjectiveActivity.Config} {snapshot : Minidregg.Kernel.ObjectiveActivity.Snapshot rootBytes} {mail mail' : Minidregg.Kernel.ObjectiveCall.Mail config snapshot} {message : Minidregg.Kernel.Inbox.Message} {target : ℕ}, mail.send message (Minidregg.Kernel.ObjectiveCall.Destination.object target) = Except.ok mail' → ∃ d, Minidregg.Kernel.ObjectiveCall.deliverable config snapshot target message = Except.ok d ∧ Minidregg.Kernel.ObjectiveCall.loadMethod config target (Minidregg.Kernel.ObjectiveActivity.packageBytes config snapshot d.record.activePin) d.record.activePin message.method (Minidregg.Kernel.ObjectiveActivity.viewData d.view) d.args = Except.ok d.method ∧ Minidregg.Kernel.ObjectiveCall.labelsWithin d.method.applied.assumptions d.method.planType (Minidregg.Kernel.ObjectiveCall.deliveredPlans message) = Bool.true
def	Minidregg.Kernel.ObjectiveCall.Mail.slots	687ce51d6fa9c40ffd782376abb83413884262f272a23defa4d910e98114b57d	3ce1f40249ca811b0ea8ee9df0fa92018e0de70b3f96e394ed641d9e964802e7	8853a63cbbb2fc74f5a8447cfe8d7dd6bd35c2f1eeb65c5426c4c2b36d2bf30c	805c2ed6871e9a7d	Classical.choice,Quot.sound,propext	{rootBytes : Minidregg.Kernel.ObjectiveActivityWire.Bytes → Minidregg.Theory.TypedAuthorization.Digest} → {config : Minidregg.Kernel.ObjectiveActivity.Config} → {snapshot : Minidregg.Kernel.ObjectiveActivity.Snapshot rootBytes} → Minidregg.Kernel.ObjectiveCall.Mail config snapshot → List (Minidregg.Kernel.ObjectiveCall.HeldSlot config snapshot)
def	Minidregg.Kernel.ObjectiveCall.Mail.targets	8e72f1e5a5523406c8898e85e2b36572147220b4bfb9f075caaff5fe7c78bab7	46f4d1897ef22b20e39f56d931832fef713a3cb25e9e5a14f572e0a71e889956	10dac5a23e30e96a8b3f8afc37b707ce0fe8997f056a8edc73200e14773ff4f8	4ffa3968efb8e1d0	Classical.choice,Quot.sound,propext	{rootBytes : Minidregg.Kernel.ObjectiveActivityWire.Bytes → Minidregg.Theory.TypedAuthorization.Digest} → {config : Minidregg.Kernel.ObjectiveActivity.Config} → {snapshot : Minidregg.Kernel.ObjectiveActivity.Snapshot rootBytes} → Minidregg.Kernel.ObjectiveCall.Mail config snapshot → List ℕ
inductive	Minidregg.Kernel.ObjectiveCall.Method	adb1ef6cbff4316d5c6d0c48164a51bdd5b90a4319304ef4d16c192de3131ec0	1f8773a4b682f35eb29a9b7d580aa697ccaf85b401d2aa71ac39547478722db6	2264b75ca044624ff5dd7ad5bb24d332d014b545723c3f9c47de3b3cb75d38fa	026f2ce8146c3aca		Minidregg.Kernel.ObjectiveActivity.Config → Minidregg.Theory.TypedAuthorization.Digest → String → Minidregg.Theory.ObjectiveBendDemandData.Data → Minidregg.Theory.ObjectiveBendDemandData.Data → Type
def	Minidregg.Kernel.ObjectiveCall.Method.accepted	01b772ee7803c6dee32cbed191fa96ca63e0aa08333f8931b599c7602ab7aee9	268f40633d43e055e20b321f65303b0a18c6c451ec0eec86c2e5a4b6b89f642a	34ff10b4e899696fbc78125ed414c66ab722bef518a3ad54a1c7787464ff08b8	3841c4e103400b67	Classical.choice,Quot.sound,propext	{config : Minidregg.Kernel.ObjectiveActivity.Config} → {pin : Minidregg.Theory.TypedAuthorization.Digest} → {method : String} → {view args : Minidregg.Theory.ObjectiveBendDemandData.Data} → (self : Minidregg.Kernel.ObjectiveCall.Method config pin method view args) → Minidregg.Compiler.ObjectiveBendFrontEnd.Accepted self.lowering
def	Minidregg.Kernel.ObjectiveCall.Method.applied	e9b84a68e6bf429117802a798aa6f527c98555ba9b331f61a2d311dd6fba3376	f61eee48d757a582f94e68c370b1d4fa6ef085048d6a608ced403c0b84514beb	d2ec1badbe2940eeca1dbf5ead2a9ea1683f9af89ae27c5bd4691377741b4ec2	25132ab2c61de187	Classical.choice,Quot.sound,propext	{config : Minidregg.Kernel.ObjectiveActivity.Config} → {pin : Minidregg.Theory.TypedAuthorization.Digest} → {method : String} → {view args : Minidregg.Theory.ObjectiveBendDemandData.Data} → Minidregg.Kernel.ObjectiveCall.Method config pin method view args → Minidregg.Theory.ObjectiveBendTyping.AnnotatedTerm
theorem	Minidregg.Kernel.ObjectiveCall.Method.callsOnly	e5637405e2223394d773c53cfa87f500ed6846fe04e55a7a5c0092e6720a2b2e	34600acf2fd2bfdc4d51834c9d0fbb43f84d19015c911113e84e3a2f691eb33a	243ea132c388549b243c26b01f63e96f777e82e84466656c70e4dc3813543574	169802251aa026e0	Classical.choice,Quot.sound,propext	∀ {config : Minidregg.Kernel.ObjectiveActivity.Config} {pin : Minidregg.Theory.TypedAuthorization.Digest} {method : String} {view args : Minidregg.Theory.ObjectiveBendDemandData.Data} (self : Minidregg.Kernel.ObjectiveCall.Method config pin method view args), Minidregg.Kernel.ObjectiveCall.labelsWithin self.applied.assumptions self.planType Minidregg.Kernel.ObjectiveCall.framePlans = Bool.true
def	Minidregg.Kernel.ObjectiveCall.Method.checked	91bb689da11414342ca83661486cef5cdc9dd56968da5e0b193f462a2afaae6f	ec7a4a70221d04eaf49f03c85af42a237f910a795b83eb369a786257a3ab8cc9	24d54adf4b104f694610d36a41a8359a8e5b3e22eb01a66f11a524aab5711c0f	7e0fac7e6a828ab6	Classical.choice,Quot.sound,propext	{config : Minidregg.Kernel.ObjectiveActivity.Config} → {pin : Minidregg.Theory.TypedAuthorization.Digest} → {method : String} → {view args : Minidregg.Theory.ObjectiveBendDemandData.Data} → (self : Minidregg.Kernel.ObjectiveCall.Method config pin method view args) → Minidregg.Theory.ObjectiveBendTyping.Checked self.applied []
def	Minidregg.Kernel.ObjectiveCall.Method.definition	107aa06ce25c139241ccd085367268f2b8ff8a6961fb155fa66397cead60fc01	05046f3a874836fe7b173f6c9885ea21a9731a84f4bb83ad11973fe1b2266029	9387b7daf471829386008b03400751d2c2249209d023703527f53460a06e55f3	50e7c64c41bdebbd	Classical.choice,Quot.sound,propext	{config : Minidregg.Kernel.ObjectiveActivity.Config} → {pin : Minidregg.Theory.TypedAuthorization.Digest} → {method : String} → {view args : Minidregg.Theory.ObjectiveBendDemandData.Data} → Minidregg.Kernel.ObjectiveCall.Method config pin method view args → Minidregg.Kernel.ObjectiveActivity.Replay config pin
theorem	Minidregg.Kernel.ObjectiveCall.Method.fuelWithin	42afd0bdf92010e1b78530fe8e94bb4fac7b133d0c910edebb112a19c6f6a152	8824a8e056e263540dab40999db0b903348df24b603ad89739d93088fd425fb4	cc75772415f69f38ae6ffdee8c2a94e0993182a1f81b3f80143456979f8cd027	b35cca0aefd1afc8	Classical.choice,Quot.sound,propext	∀ {config : Minidregg.Kernel.ObjectiveActivity.Config} {pin : Minidregg.Theory.TypedAuthorization.Digest} {method : String} {view args : Minidregg.Theory.ObjectiveBendDemandData.Data} (self : Minidregg.Kernel.ObjectiveCall.Method config pin method view args), self.accepted.packet.fuel ≤ config.typeFuel
def	Minidregg.Kernel.ObjectiveCall.Method.lowering	c4c1d66739363c652b5483db82f765a58d80b78252e392f5b06dc7fe726cbb1c	696935403f14c6e44886a849bf4ea62530ddaccb258cff249c0d9b992de6e989	90f716ecd611fbb664f086f994c884802dd7dffcae209ec841c3dd26322fbcd5	7d9e2002f6621c66	Classical.choice,Quot.sound,propext	{config : Minidregg.Kernel.ObjectiveActivity.Config} → {pin : Minidregg.Theory.TypedAuthorization.Digest} → {method : String} → {view args : Minidregg.Theory.ObjectiveBendDemandData.Data} → Minidregg.Kernel.ObjectiveCall.Method config pin method view args → Minidregg.Compiler.ObjectiveBendFrontEnd.Lowering
def	Minidregg.Kernel.ObjectiveCall.Method.planType	6b2e63d9a737141eb0c7cb424f8935477cd10c9ec4b79a41aff328eff4f9978d	624e5a4af8d719f7b783b0e5e377d779e541efabc175c5e8edd030b090ea0a25	255df1ce0bfbc6de13bef74e29342cd70112d8a5982142bc65f18bc1170449f1	66ea54de6ede08a5	Classical.choice,Quot.sound,propext	{config : Minidregg.Kernel.ObjectiveActivity.Config} → {pin : Minidregg.Theory.TypedAuthorization.Digest} → {method : String} → {view args : Minidregg.Theory.ObjectiveBendDemandData.Data} → Minidregg.Kernel.ObjectiveCall.Method config pin method view args → Minidregg.Theory.ObjectiveBendTypes.Ty
theorem	Minidregg.Kernel.ObjectiveCall.Method.replayExact	ec5c619de334b1a9793eb62b0f8c305cd0ac0a1e61bc04382eaf4f013015ea30	ec667866ad7adffd224f7a2f7ae04fdf44492c22f3667b7a802d007a99374f86	255ed9815f981fc0bc75310059fad9a7a25f246db990abbaf75b259fefd60984	f6b2cc3d6157a2cb	Classical.choice,Quot.sound,propext	∀ {config : Minidregg.Kernel.ObjectiveActivity.Config} {pin : Minidregg.Theory.TypedAuthorization.Digest} {method : String} {view args : Minidregg.Theory.ObjectiveBendDemandData.Data} (self : Minidregg.Kernel.ObjectiveCall.Method config pin method view args), Minidregg.Compiler.ObjectiveBendPublication.replay (Minidregg.Kernel.ObjectiveCall.methodPackage self.definition.package method) = Except.ok self.lowering
def	Minidregg.Kernel.ObjectiveCall.Method.responseType	644c8ceef88626573a7ff386c00abf96433372d39fd67f8697c072e950bb45ce	624e5a4af8d719f7b783b0e5e377d779e541efabc175c5e8edd030b090ea0a25	fb694efbc50ff64ce380da1d51bb1e4017dce86e31392df8d6a29db52119ab09	26d172d0704d07ed	Classical.choice,Quot.sound,propext	{config : Minidregg.Kernel.ObjectiveActivity.Config} → {pin : Minidregg.Theory.TypedAuthorization.Digest} → {method : String} → {view args : Minidregg.Theory.ObjectiveBendDemandData.Data} → Minidregg.Kernel.ObjectiveCall.Method config pin method view args → Minidregg.Theory.ObjectiveBendTypes.Ty
def	Minidregg.Kernel.ObjectiveCall.Method.resultType	ad970aa0665ebd4dd01ee2321919cbe960f6db6c83fa6726724409b1e2aac380	624e5a4af8d719f7b783b0e5e377d779e541efabc175c5e8edd030b090ea0a25	f238f72a74f73be76575da1cfa921c1c4ce945060401c1c55879f7d92c7c07da	3faab7cfdf6f4c58	Classical.choice,Quot.sound,propext	{config : Minidregg.Kernel.ObjectiveActivity.Config} → {pin : Minidregg.Theory.TypedAuthorization.Digest} → {method : String} → {view args : Minidregg.Theory.ObjectiveBendDemandData.Data} → Minidregg.Kernel.ObjectiveCall.Method config pin method view args → Minidregg.Theory.ObjectiveBendTypes.Ty
theorem	Minidregg.Kernel.ObjectiveCall.Method.returnsOnly	086c2ebc63e12fafcbfe75fd106b747f621f79c9ac54d8b2952826eaf4f05fcb	e9f59350a030c22d1fae811424f98f81ee845b6f3b9cd053c66e8ddafb474abd	15d6322fa4090869332451f491c84b9cd3df5ad73cb6df9412f6391dfcd0f41a	d2cea007aa966d16	Classical.choice,Quot.sound,propext	∀ {config : Minidregg.Kernel.ObjectiveActivity.Config} {pin : Minidregg.Theory.TypedAuthorization.Digest} {method : String} {view args : Minidregg.Theory.ObjectiveBendDemandData.Data} (self : Minidregg.Kernel.ObjectiveCall.Method config pin method view args), Minidregg.Kernel.ObjectiveCall.labelsWithin self.applied.assumptions self.responseType Minidregg.Kernel.ObjectiveCall.frameResponses = Bool.true
theorem	Minidregg.Kernel.ObjectiveCall.Method.typeExact	31c72c403909439c802e48349661c6db7d828b82dfafd9b62e64aabccb15ffbe	dbd40ac0a78aea2e6bb574982cc3c40eb78aace4d2da242a8b9c0ba0aabb6b60	326af7dcc2148fb4e61512e914827f48c3845e845fb603465b44ca2e304d9cc0	dd2e5334b96c77e5	Classical.choice,Quot.sound,propext	∀ {config : Minidregg.Kernel.ObjectiveActivity.Config} {pin : Minidregg.Theory.TypedAuthorization.Digest} {method : String} {view args : Minidregg.Theory.ObjectiveBendDemandData.Data} (self : Minidregg.Kernel.ObjectiveCall.Method config pin method view args), self.checked.type = self.planType.computation self.responseType self.resultType
def	Minidregg.Kernel.ObjectiveCall.ObjectsRead	c04f3ac97fd8a9569738e587df3478e9c27515386565ccf549412933ad1e0c27	62baee2929ffe7ab8d56152997192558056ebfda1b0c8eef0b0341482f664c0e	f20647b39519068300ca7aac92a1caf9cf1acf081e3f3cc90aee5ac72a9addac	0f515f454f0399a7	Classical.choice,Quot.sound,propext	{rootBytes : Minidregg.Kernel.ObjectiveActivityWire.Bytes → Minidregg.Theory.TypedAuthorization.Digest} → Minidregg.Kernel.ObjectiveActivity.Config → Minidregg.Kernel.ObjectiveActivity.Snapshot rootBytes → Minidregg.Kernel.ObjectiveCall.Journal → Prop := fun {rootBytes} config snapshot journal => ∀ entry ∈ journal.entries, (∃ current, Minidregg.Kernel.ObjectiveActivity.readState config snapshot entry.object = Except.ok current) ∧ Minidregg.Kernel.ObjectiveActivity.readObject config snapshot entry.object = Except.ok (Option.some entry.record)
inductive	Minidregg.Kernel.ObjectiveCall.Outgoing	6e1e15356bee8f9c79e494bd9f727b056b360cca307523b437f1527a3205e55e	16946b93ac38405660f51e475eb5aa7d25b54f5e5677e0f6a10a4526cc071cbf	0ff61a08ba57dfc2a848fbf14240db34f9c80de41ec5e0ff6046cc94d5d397a2	97bc1cc87fbdbc46		Type
def	Minidregg.Kernel.ObjectiveCall.Outgoing.allowance	379cb073172e6305a09dc1f6b501f41a640fa6636f4d0983f3e9aa8e9c8a5a37	2a56b5b07b00d21cfc8409417e0f4e819774f538e450770681d95fc6a85606bd	d639da41b20f48b1b877241120ad599d75be572a0fd33642ea422f0131bea235	79c2a638511cdfdb	-	Minidregg.Kernel.ObjectiveCall.Outgoing → ℕ
def	Minidregg.Kernel.ObjectiveCall.Outgoing.args	99eb8cea8b996f0e8715f1c19a3747adff81f293762f3776d0824e025fff2547	6cd3f1bcac8c64b078848db85001800c3488c90648bcb238cdf2edb8f16fb0a3	04b917e3278422fd9f73a768e9ca051ee0ff6dfb3e54e4a4b79e2f564e8736f5	c44d44d36e08870c	-	Minidregg.Kernel.ObjectiveCall.Outgoing → Minidregg.Theory.ObjectiveBendDemandData.Data
def	Minidregg.Kernel.ObjectiveCall.Outgoing.destination	1abfa731ace66105b8e34982d2b82644e4d2caa71a115c5778fa55bcd8e4757a	767aa24cb9ce418923207b7ae4ce9f56ee7ee41f0b35912e1125e39d4b4f9b09	ddc94e51178b914b0f542becd33f20d8b5191199244afaa85c1acc0001a04e82	f7a5a687960287da	-	Minidregg.Kernel.ObjectiveCall.Outgoing → Minidregg.Kernel.ObjectiveCall.Destination
def	Minidregg.Kernel.ObjectiveCall.Outgoing.id	6efc9b4a944a735231942f72370e9dae94d7ecaf6bb575e2c45669bab75f348a	0b232a225888b4077f048dc3ee1e98cd50461107d5a40c4ce236c33125776e2c	60cacc8e8fbf6b8ae1ce6acac10f88ff5b2b95465fa7583abedb456cd13ee937	d0657620c264fcca	-	Minidregg.Kernel.ObjectiveCall.Outgoing → Minidregg.Theory.TypedAuthorization.Digest
def	Minidregg.Kernel.ObjectiveCall.Outgoing.method	72d7cb9e046b957568863997b2ef2431f9b1ac133042b8e700a0c030e4416312	c0be70e21958eaa9a133886059b6ec17506982c32ff919bfdcf78471ab8080b4	66893319b84de8081f05753344ef8d0f156d9a41182409c46f46dfdcfad7845c	ca0ccb3962b50f33	-	Minidregg.Kernel.ObjectiveCall.Outgoing → String
ctor	Minidregg.Kernel.ObjectiveCall.Outgoing.mk	03cefc2ca86341404514f2a826e03d02ad9532f52993a9e61da82d5a309f533f	89ed08431f641b71c25ae81e215ba99f0e04b4fca4dc70add3fd1c1939fbe732	d50729255fa5640ac4fe4036f2677e2e3f7d693bec72b33c7b47bae09c3ba4b5	f9aaeaf117662be2		Minidregg.Theory.TypedAuthorization.Digest → ℕ → Minidregg.Kernel.ObjectiveCall.Destination → String → Minidregg.Theory.ObjectiveBendDemandData.Data → ℕ → Minidregg.Kernel.ObjectiveCall.Outgoing
def	Minidregg.Kernel.ObjectiveCall.Outgoing.sender	781d5d769c138d5a11ae272684217c1bf28d74e259e4c956423df049d44456d4	2a56b5b07b00d21cfc8409417e0f4e819774f538e450770681d95fc6a85606bd	6dea42e932369992a536bc91fabeb0136ef534fb4c34b27314cb495bb5637619	e2c0999df110acc6	-	Minidregg.Kernel.ObjectiveCall.Outgoing → ℕ
inductive	Minidregg.Kernel.ObjectiveCall.Refund	718774613d4af39ff1ddb979c67a7868f5989b790e6236550bce051bb1347766	16946b93ac38405660f51e475eb5aa7d25b54f5e5677e0f6a10a4526cc071cbf	367fa8632866f0f4ec4f68e6546715194dec37e279d7a72149adb6f24fffcda7	9f3e6cfa99260313		Type
def	Minidregg.Kernel.ObjectiveCall.Refund.amount	04d03c9ba3ccbbbfdc4173c4690555b900c39e6b3aaee0085e7445978d44fc7c	adfae218c927a5e68f7139206588a1f8acaec61409f98034407eb8d4b4f4e3b6	8897bad1cf4dfbee049d700ed303fc4f42fb4ea44e6da0f3e54b94c735ca27de	652334ca1310a86f	-	Minidregg.Kernel.ObjectiveCall.Refund → ℕ
ctor	Minidregg.Kernel.ObjectiveCall.Refund.mk	c598c9ca1d2c803e88d001c2954957935df46065d38d386fdecfb095502102bc	c7ba8ea4091a76f39d1bf6d98d0b12a8bcbf6cdaec885fadffe1f8c7c6c425be	b6a82c4836b99485b93daf6e099388428d17fa60fb0f9d03f69cc6d4ca7bd251	80693ee190bf137c		Minidregg.Theory.CanonicalResourceKernel.AccountId → Minidregg.Theory.CanonicalResourceKernel.AccountId → ℕ → Minidregg.Kernel.ObjectiveCall.Refund
def	Minidregg.Kernel.ObjectiveCall.Refund.payer	7b6e63c7a50d125d0b327c122177d447355034317be06ebdc27a824942dd3da8	4fa6597471d6e0afe9525c53b663f0febd09de258a35dc1051f9350de59aa2ff	509f09471a701df01867e435b6ca5dfffc035dcd6663ab1298d6a7f771ee8b1a	5c0298faca8075d8	-	Minidregg.Kernel.ObjectiveCall.Refund → Minidregg.Theory.CanonicalResourceKernel.AccountId
def	Minidregg.Kernel.ObjectiveCall.Refund.purse	2867b66a8f9abae477c4d831c29df643a0168909e0a5c2ee4228a98052a2e4e6	4fa6597471d6e0afe9525c53b663f0febd09de258a35dc1051f9350de59aa2ff	7fe61eb1e1e724b2d80b419979342b499f4ac4d1dd052ed70f7aefc4cd145f8b	e481b6b593cd70e7	-	Minidregg.Kernel.ObjectiveCall.Refund → Minidregg.Theory.CanonicalResourceKernel.AccountId
inductive	Minidregg.Kernel.ObjectiveCall.SendPlan	adcd122f1104aaf5d41e2efb69f27d956516c091b70cc0dfdeed03f605e05dfa	16946b93ac38405660f51e475eb5aa7d25b54f5e5677e0f6a10a4526cc071cbf	b6f1c6b2ccbc8aaefc9b60354acf8d51e17fe21bb5d57056c5778d8d84036cb0	9a0ff335516fc827		Type
def	Minidregg.Kernel.ObjectiveCall.SendPlan.allowance	ad6afb79d508fc8afedda5fa796b3bde4bc733cb6b4a1c0d22a7a37451588ac2	44c7aaef901ae2286a84d07202611fd121144526f9b7c97c6b7a965a097a3668	6301e1b4804d1a4809d24c9a03e2e0e37a1a62652d449316cf99e7eb8be723b9	e01dc16c6782dc24	-	Minidregg.Kernel.ObjectiveCall.SendPlan → ℕ
def	Minidregg.Kernel.ObjectiveCall.SendPlan.args	12d1085c889f30fb3eeb5f36ec5ab5dee28670a656146f854d12fd7528ebae11	953bfee9dccac7aedd976e7f45846b847b2a4368f1c4f72326778690a73ab002	a55f6c8d6f4ec2d354f6ceb540e303b571b0a4dcebe320496983a8b864d0f676	e61354907bbaa530	-	Minidregg.Kernel.ObjectiveCall.SendPlan → Minidregg.Theory.ObjectiveBendDemandData.Data
def	Minidregg.Kernel.ObjectiveCall.SendPlan.destination	5c405a9a3d53bbb7e7f81ac9ff8c2fc89d717dcf179e9f521e91177570d21339	58d4e01739a071dcc7d30a11b33064e998bfc4922c378fdec7602a860bba07ef	9eea43fa90a38691bc399c41e57f2b397453170f1c6205d97ae4086216a2e37f	eab64331de4558da	-	Minidregg.Kernel.ObjectiveCall.SendPlan → Minidregg.Kernel.ObjectiveCall.Destination
def	Minidregg.Kernel.ObjectiveCall.SendPlan.method	908ff15719311f0554c24f0be149b59fed4b2d53d75db00382693179292dff21	9ad3e5a1577d39ff45d5d5fac08691e1cdc2c0806942086e9b1359fe9651096c	663fa374375475700172cfd64508dc5ab40adda5615b9884d81949e43fedace4	7bd677a3daaf95fb	-	Minidregg.Kernel.ObjectiveCall.SendPlan → String
ctor	Minidregg.Kernel.ObjectiveCall.SendPlan.mk	dad89b12814b2d8263f7b62d4c17b7a6b72b0e6e07ecf3213173c5a6f0ba2ba8	17d7f3a27e1f83e4b60fd41d268992dd5d4fb04850e2a2d19f25624118e6aafe	5a2547beb9e54a3b131f12fb9ce0fd223fb2f56607b268076de2b80286c0f1e1	3a1a6cd37c963fdc		Minidregg.Kernel.ObjectiveCall.Destination → String → Minidregg.Theory.ObjectiveBendDemandData.Data → ℕ → Minidregg.Kernel.ObjectiveCall.SendPlan
inductive	Minidregg.Kernel.ObjectiveCall.Task	df593f417bb114651f5b1b215d11028ff8b84da936170c0e15b53ec979764cc0	16946b93ac38405660f51e475eb5aa7d25b54f5e5677e0f6a10a4526cc071cbf	47ad3d04ccaef57ed236e758afb5668f4d6f363c9ccaa80fd9ed6b79b6d99f3c	b66b540c899751a5		Type
ctor	Minidregg.Kernel.ObjectiveCall.Task.enter	ad849abaedc3b7601f4223139294a6b98f2f4ce9eefc8327a18f86eed4d12a7b	c199529ec35545e0658d8f49094a0f10dbefc219134e65bd9dbd2c7c9d0ef27c	4209558b817099ca13ee87ad69ecfdf6e67371c461624ec6cc47b52b28c192f0	b49b9644a7d995dc		Minidregg.Kernel.ObjectiveCall.CallPlan → Minidregg.Kernel.ObjectiveCall.Task
def	Minidregg.Kernel.ObjectiveCall.Task.enter.elim	aae3c421724be30c04419b26079b6aefb42d32f0a2389cf652b0f59c09f65021	eebf07594398ea42e46d5d5f6c873e797f5c4050dbfeddfd39e3dcd9bfc664e6	84702ff7ec2e63db86a2ff3cf030329713410632f4e93c2846c0d58529f63fd9	0f2d4cc4c2c403b7	-	{motive : Minidregg.Kernel.ObjectiveCall.Task → Sort u} → (t : Minidregg.Kernel.ObjectiveCall.Task) → t.ctorIdx = 0 → ((call : Minidregg.Kernel.ObjectiveCall.CallPlan) → motive (Minidregg.Kernel.ObjectiveCall.Task.enter call)) → motive t
ctor	Minidregg.Kernel.ObjectiveCall.Task.run	920703339aa428be9bbacaa27aa3e4998ec1db5b56768e5d3c5bbb66bc460a97	7ab57f31ce03ad3c706efb033e43a8a8cb43e3115836545b2b2d9821959a664d	a202d6839646d4d094c62d203cbd2181f217c3d39dd6a5409a3e844c275622e6	f36f54ab4cea8f27		Minidregg.Theory.ObjectiveBendDemandMachine.State → Minidregg.Kernel.ObjectiveCall.Task
def	Minidregg.Kernel.ObjectiveCall.Task.run.elim	33a850b1e83859a88041f68e6b88a46e01c95ce16aba9840eb187ed99b092799	e455919565fbac494cefe2c780da286b6246329e9cda87ca8e09a106e34cf0e2	39b582896bb8ab5603aca40082ce335676a9b2741c4bfd85473ebac1c8e3b45b	c14386f0ddb23fa6	-	{motive : Minidregg.Kernel.ObjectiveCall.Task → Sort u} → (t : Minidregg.Kernel.ObjectiveCall.Task) → t.ctorIdx = 1 → ((state : Minidregg.Theory.ObjectiveBendDemandMachine.State) → motive (Minidregg.Kernel.ObjectiveCall.Task.run state)) → motive t
inductive	Minidregg.Kernel.ObjectiveCall.Verdict	1d725892c4f9c833a6617b731cf58da1c7a6d104681a5083a84f3dd30ddfbf2f	16946b93ac38405660f51e475eb5aa7d25b54f5e5677e0f6a10a4526cc071cbf	3fcabd15d1ba6b0486e656cf6398023c1def80fbda2643b56e81ee333a1814fe	5703ef37617c53f7		Type
ctor	Minidregg.Kernel.ObjectiveCall.Verdict.admit	855c238cfea84b0a6ca5911b0c836fc5227f7f544eeb73062f954eb9ccff915a	d9746e84988191cc7473c1caec67d9f8172a84f3e25ef65c9b34e8e0f798df79	061398d0be201e4d988b2e2e4f23b877781e20fe464c497892c840a8fcca8b0d	16d9a767aa72779f		ℕ → Minidregg.Kernel.ObjectiveCall.Verdict
def	Minidregg.Kernel.ObjectiveCall.Verdict.admit.elim	c65621ab53071a80c1dab07362df34fef8bc658625e6c09793a5e642ce6a9ec2	38a8349564a38ccd6c3dcc0662b19450d66525441481e4727a50722218246f2f	2a446333e419cbda6d90b2d33ee2fe9a9b4ffa03787f4764b9543c336dab6f5c	6d2e516b65cf96c7	-	{motive : Minidregg.Kernel.ObjectiveCall.Verdict → Sort u} → (t : Minidregg.Kernel.ObjectiveCall.Verdict) → t.ctorIdx = 0 → ((amount : ℕ) → motive (Minidregg.Kernel.ObjectiveCall.Verdict.admit amount)) → motive t
ctor	Minidregg.Kernel.ObjectiveCall.Verdict.mismatch	01d9218ae6cf88dab371ca343dbca3d25cac2858f460646345850d1db0bdc2a9	c7d772faba495380783ccc3d47f5e849852de53acd884dcf841eef289b6c4ae6	ff5afcb7c506c051dbc1cfae26fd67d7b3866371f728a362a35149bf0b30b1a7	fc01932c68b3e246		Minidregg.Kernel.ObjectiveCall.GrantField → Minidregg.Kernel.ObjectiveCall.Verdict
def	Minidregg.Kernel.ObjectiveCall.Verdict.mismatch.elim	d07062ab43c6d14dcccbf3ed85735d83f2661996a1d7df4a695eefddc4df399d	dc82f0e3a70cc8188a36677fbfe55b6b2af0dcfbd4bf7452c75a36e9995faf16	8018ac6d127117de204dfd1cd70bbb8fcfced198f275a03d2ca05fc499b75691	1a2d88548b4ad295	-	{motive : Minidregg.Kernel.ObjectiveCall.Verdict → Sort u} → (t : Minidregg.Kernel.ObjectiveCall.Verdict) → t.ctorIdx = 1 → ((field : Minidregg.Kernel.ObjectiveCall.GrantField) → motive (Minidregg.Kernel.ObjectiveCall.Verdict.mismatch field)) → motive t
def	Minidregg.Kernel.ObjectiveCall.Verdict.refusal	d81a52d17149fd3ed40d7e1548c06870b37827c08a7ab3ae63a494e0c6cd81c5	41aa709c5ca28c7810120d5df67bed8bf97e6274601b7d9e09ca0dd2e9c001d4	632a2ab87868c3753f459a3e7972fbb5a9b21ec876727f3de45e673d1f21106e	1a6400ec2f8e8e02	-	ℕ → String → Minidregg.Kernel.ObjectiveCall.Verdict → Option Minidregg.Kernel.ObjectiveCall.CallRefusal
ctor	Minidregg.Kernel.ObjectiveCall.Verdict.spent	a01c5258f63f9b196e43d72b70994d0074f2349316488b884623bcf6a8a7ee71	5d1f62e9860f47bdbb772558c4310df0ff4f9852f3bd674e32eecbcda3830a3f	9ec752cf28b48807b6bff338664898b7822912777af676d9b758f54db6fa313c	478feba200b8beaa		Minidregg.Kernel.ObjectiveCall.Verdict
def	Minidregg.Kernel.ObjectiveCall.Verdict.spent.elim	fb53614eab2aa3b8f8f692e060e2ef14055127b94c4156658b77c39b634ffbea	ddf684f36c50b162fadee620cb9bafcfac86dd7a8405be61ee970f6d1dc4ac98	ef9085ce1b4e9cdd6d5b7754578f873f885e62b01d7a27535bfb1e3a11899f5f	09757d859b12e518	-	{motive : Minidregg.Kernel.ObjectiveCall.Verdict → Sort u} → (t : Minidregg.Kernel.ObjectiveCall.Verdict) → t.ctorIdx = 2 → motive Minidregg.Kernel.ObjectiveCall.Verdict.spent → motive t
inductive	Minidregg.Kernel.ObjectiveCall.Written	25c2a390bf6085cb5dbfd8c63e13062792c2cc1cceeac22063849718091b9912	16946b93ac38405660f51e475eb5aa7d25b54f5e5677e0f6a10a4526cc071cbf	c5fabb780eed3c7f2f3c69a1ddba8e6ac15422885e817ff03d1a4596a3947dbb	71f515f0fdfe8ef1		Type
def	Minidregg.Kernel.ObjectiveCall.Written.Delegated	94907dac2d81ec09ab422dda6c8e9ec77989b23aa6f8be8bbbeddd102ecc06ac	6d60e43a982feb6783f844ad33ebcdfe58de49dc7a9cdde04d0316443f16f073	00fc7d0b293a341284fb9795be4a2b0d71120ff30a9b632e5fdad0147f8613ef	3fd129c3da8d856b	-	Minidregg.Kernel.ObjectiveCall.Authority → Minidregg.Kernel.ObjectiveCall.Written → List Minidregg.Kernel.ObjectiveCall.Delegation → Prop := fun authority w delegations => w.facts.subject = authority.signer ∧ w.facts.caller = authority.origin ∨ w.facts.subject = Option.none ∨ ∃ d, w.delegation = Option.some d ∧ d ∈ delegations ∧ d.object = w.object.value ∧ d.method = w.method ∧ d.code = w.record.activePin ∧ d.args = w.args ∧ d.caller = w.facts.caller
theorem	Minidregg.Kernel.ObjectiveCall.Written.Delegated.grow	03a144e9c307239a507e27325627541e8d37fcb1e34cf964922fb2f082bf269c	75be287ab1a9e7d228f34309bbe8ce123a795c4350a2190c30232d5759289f69	d2644b0a9e2a66e960f7ccf87cbd6aeedf269b762b358892a08ff06051cef4a3	6a32ab9f006d85eb	-	∀ {authority : Minidregg.Kernel.ObjectiveCall.Authority} {w : Minidregg.Kernel.ObjectiveCall.Written} {ds : List Minidregg.Kernel.ObjectiveCall.Delegation} (more : List Minidregg.Kernel.ObjectiveCall.Delegation), Minidregg.Kernel.ObjectiveCall.Written.Delegated authority w ds → Minidregg.Kernel.ObjectiveCall.Written.Delegated authority w (ds ++ more)
def	Minidregg.Kernel.ObjectiveCall.Written.after	5893561ab66720e903eacb9a404b6c42d86e9c0e4934c9fb3a6f4567cd1f4688	ee9ba7d6235713315b2830ecc3fbfc1e343a9ee1641829084039654bd904186e	6c1bd06409ae2b6709eeb21ea72c4172c8d0b1f5c1646e6b80dc21c30d9b64ce	8c43cc62e1d9dd56	-	Minidregg.Kernel.ObjectiveCall.Written → Minidregg.Kernel.ObjectState
def	Minidregg.Kernel.ObjectiveCall.Written.args	f30c2f8db109cf2f40005b885ef35cadd35f61deb6b0dcd6b733c945078793aa	2fc12d1df9537c01a31ecb84c6f313a12f869a588ac419d99bcc916cfdd6611e	a9a6d0163f2f7e8e3b648de3e8b2016bc5399b2fc4ce643281472dadc82a1c67	7d85c54745f42ae6	-	Minidregg.Kernel.ObjectiveCall.Written → Minidregg.Theory.ObjectiveBendDemandData.Data
def	Minidregg.Kernel.ObjectiveCall.Written.before	b95a91df3614c2a97a0deb4a0f8ec25d5a5a6d88e580845a0cd44e8cb7305a8e	ee9ba7d6235713315b2830ecc3fbfc1e343a9ee1641829084039654bd904186e	59172626b3bafd512fe97747ab287468319da78bc45e9ce2302c45fc328d7b9f	461cfc8f5c0a99f3	-	Minidregg.Kernel.ObjectiveCall.Written → Minidregg.Kernel.ObjectState
def	Minidregg.Kernel.ObjectiveCall.Written.delegation	8357f4f3248bcbe8d8bfd89885b0bf106aa18b78d57d040d8d12e109b95c3e6c	3749da256015ff7fb9f9dc0b4ee56ef67d057ca36155e723b01a6d49f95704aa	69cbd0147b3fe8b994cd0cfb9178277871da0ba3a8676fec14afd6ab7f3da9f1	ae2698eb1c6ff30c	-	Minidregg.Kernel.ObjectiveCall.Written → Option Minidregg.Kernel.ObjectiveCall.Delegation
def	Minidregg.Kernel.ObjectiveCall.Written.facts	f70ecd2c02cf30b7d8fc96dda93aefc6a8234fa4da64dc88cff25a3031758452	22008d0106bd6d416436ca6f538b850534bfcdb7890cd843332007e5cbc869c8	6d563fffb735634a97b6de7ed9f7237e07718151e970f646da9d35a622908705	6b8db34ba0359a5a	-	Minidregg.Kernel.ObjectiveCall.Written → Minidregg.Kernel.ObjectRecord.Facts
def	Minidregg.Kernel.ObjectiveCall.Written.method	d0125ea939e720f2a3aeed0ddc098a8c1523fa1b86acbdbb5eb824ac5fb8f7af	4268483990c6f43b001e6e192a10b92da60cab4b120ec979cff56d5d2511eeac	bb48631385d3a52fe9daf00dda5c2766f41940c07adf93f65f592bf6f35aee36	cfb59d33e8de01ec	-	Minidregg.Kernel.ObjectiveCall.Written → String
ctor	Minidregg.Kernel.ObjectiveCall.Written.mk	5c7695437e1e3605ff0fb8d9688a4c5f6c04066d7948869c30b36cc992a675aa	c6b8ad86eb73a8f4d6f7be31a02dac879bf0179a89663ebac79ac116cc0a2383	de91929c2e01bd3aa9aeee3aade0ab6eab291631859b2e8485717641688c60cb	7025b2e8b5a29921		Minidregg.Kernel.DurableDataIntent.CellId → String → Minidregg.Kernel.ObjectRecord.ObjectRecord → Minidregg.Kernel.ObjectRecord.Facts → Minidregg.Kernel.ObjectState → Minidregg.Kernel.ObjectState → Minidregg.Kernel.ObjectState → Minidregg.Theory.ObjectiveBendDemandData.Data → Option Minidregg.Kernel.ObjectiveCall.Delegation → Minidregg.Kernel.ObjectiveCall.Written
def	Minidregg.Kernel.ObjectiveCall.Written.object	4f0f8d3ef453daad5dcc1d910f7f616b6fd4ed955b05950b937a74b347384f8a	af36080d77ab4bdacfa0862f4b4b5e50d1c48fab5b27750332b65cf7cc74a4e6	2cb74a92cd9dfd934625fb48dd4866733859e5c771e995322ae72a31c0c978de	277056e199dbb35a	-	Minidregg.Kernel.ObjectiveCall.Written → Minidregg.Kernel.DurableDataIntent.CellId
def	Minidregg.Kernel.ObjectiveCall.Written.record	2383cd470667383bdec240ee201b703189469e5771e182aa2b62f65717e1d96b	aafcd0c42d2b0bd4bfcb4f05477793a63df97cb41942f9429cc9034158f11b49	2b50ae17fa457fb483e956615b49894dee56b757571402fca9ddf58f2e98b4a7	4a4bbd7163f3aef5	-	Minidregg.Kernel.ObjectiveCall.Written → Minidregg.Kernel.ObjectRecord.ObjectRecord
def	Minidregg.Kernel.ObjectiveCall.Written.viewed	2c4262111be631241853ddce57a8511b52f85de9cc46eb4e5a012b9a07832f52	ee9ba7d6235713315b2830ecc3fbfc1e343a9ee1641829084039654bd904186e	b75c1d3138ce1f110c5b3d297e96f7002a02f71515063b23917db79822233922	4adf370278cd0276	-	Minidregg.Kernel.ObjectiveCall.Written → Minidregg.Kernel.ObjectState
inductive	Minidregg.Kernel.ObjectiveCall.Yield	429420c7c69d559eef2e90d558203b7d04d093321b7e273c95b12417a0279162	16946b93ac38405660f51e475eb5aa7d25b54f5e5677e0f6a10a4526cc071cbf	87e8f49d197c7dc8989d524c606cf3351c04f620f311f1cdc2e43324ea307861	7c833113f9d83ffe		Type
ctor	Minidregg.Kernel.ObjectiveCall.Yield.call	798980b78028200d1f997ca89baac97c05227e8d35816ea4b05d84bff2a02b30	cca54500a082d5986d32cb500e1a309862447e857a9e024226dffc6ad48e109e	1c1951e5998a131b97dd7f8f1c9290ea117f04d82b45b9cc380f3f78429b375a	9f653df5d8f347af		Minidregg.Kernel.ObjectiveCall.CallPlan → Minidregg.Kernel.ObjectiveCall.Yield
def	Minidregg.Kernel.ObjectiveCall.Yield.call.elim	f9598f58a4524eeed7ba35dac9c0c18147093bc8bec9b612eaca78c2d23f340a	6a7732e34678558e161df5432d1ad6c50286014c222b5ea0f7c2c8384302f611	6f9f9e16c13624d55f83ea7ace16a7773256d7b1439f5b6d78bd6927fc4d3b3e	d68d4c525fac704f	-	{motive : Minidregg.Kernel.ObjectiveCall.Yield → Sort u} → (t : Minidregg.Kernel.ObjectiveCall.Yield) → t.ctorIdx = 0 → ((plan : Minidregg.Kernel.ObjectiveCall.CallPlan) → motive (Minidregg.Kernel.ObjectiveCall.Yield.call plan)) → motive t
ctor	Minidregg.Kernel.ObjectiveCall.Yield.control	e1868cb4d51739e32297c87525699c9fa366285608cca99ef4100d01f4b06cbe	79b1be32bc5de089b8a45d13513c9e9f8127f5d2b411773a3b6dddc9ed5d0617	554f6462d3c62ea25a9abad1165fe42cfad02db2cb15eadf574ae3d3e2bc4e10	b13d8293ecb56539		Minidregg.Kernel.ObjectiveCall.ControlKind → Minidregg.Theory.TypedAuthorization.Digest → Minidregg.Kernel.ObjectiveCall.Yield
def	Minidregg.Kernel.ObjectiveCall.Yield.control.elim	ce66c0a1aac90181ee39e60fc34fb9723ec194d4ac3199a632684f0d71b54255	26de689575c8920d6c3156966fc74b17ec3e4a58935b43ed272b12d613451067	462ccdc05398297b6d0068d9bd90845e055be7047809dd8b0d5da941e0135656	473c0603f1b3de60	-	{motive : Minidregg.Kernel.ObjectiveCall.Yield → Sort u} → (t : Minidregg.Kernel.ObjectiveCall.Yield) → t.ctorIdx = 2 → ((kind : Minidregg.Kernel.ObjectiveCall.ControlKind) → (slot : Minidregg.Theory.TypedAuthorization.Digest) → motive (Minidregg.Kernel.ObjectiveCall.Yield.control kind slot)) → motive t
ctor	Minidregg.Kernel.ObjectiveCall.Yield.send	72bfdb13089788e7f461fd30dc814cc11bb6f81611a303a210c86a425a36ff9a	ecd8d4d1b3b5ec645678928472b9cab7df1c401551684c68f369ebbbf77d852b	b0b8d3c435d79bb93edde2839d5417d1cc6a4a3b0d2a28ad48c952df3d62037e	ebfcea82cdbe84f3		Minidregg.Kernel.ObjectiveCall.SendPlan → Minidregg.Kernel.ObjectiveCall.Yield
def	Minidregg.Kernel.ObjectiveCall.Yield.send.elim	52407881dc11feae985e0bfbe66493999874032c2ab105fa8ab0ced47ab6e8d2	5a75792371743453676fe9e3abedd4d561fe7423018d58c5dc1a2f7c56951d5d	ed4c5766a34eb60de7b0cf736a0dcab5f5adfcf36019b583d92067d9c1f8b63d	134152a605746261	-	{motive : Minidregg.Kernel.ObjectiveCall.Yield → Sort u} → (t : Minidregg.Kernel.ObjectiveCall.Yield) → t.ctorIdx = 1 → ((plan : Minidregg.Kernel.ObjectiveCall.SendPlan) → motive (Minidregg.Kernel.ObjectiveCall.Yield.send plan)) → motive t
def	Minidregg.Kernel.ObjectiveCall.ackedData	73ca61e0cd03102243bb38b18e433b84736109031d038fa143d54b879fdc6786	b62e10689af93c192ca62cc78c267a800fc7579ca7f6d5fc9ab4e038a1d6db0f	37acc6e16824f753d61dd664b2d12f60104db42acc01dede80e0eed4ac86d018	63a3d9255ba6437f	-	Minidregg.Theory.TypedAuthorization.Digest → Minidregg.Theory.ObjectiveBendDemandData.Data
theorem	Minidregg.Kernel.ObjectiveCall.active_frame_view_stability	8950b91eaf4ecbdf1b24031199fb849482b132710018368c935bda98d261b2d4	aad5f2d04641fc8d0138f64052c4bf217ead433ef1c67114e05d871634f3d7db	540e07c0a7d80989bf46f88a5fd60b9823a782838af6114df1c91824a952fc7c	aa91feb7f071a3c1	Classical.choice,Quot.sound,propext	∀ {rootBytes : Minidregg.Kernel.ObjectiveActivityWire.Bytes → Minidregg.Theory.TypedAuthorization.Digest} (config : Minidregg.Kernel.ObjectiveActivity.Config) (snapshot : Minidregg.Kernel.ObjectiveActivity.Snapshot rootBytes) (height : ℕ) (authority : Minidregg.Kernel.ObjectiveCall.Authority) (turn : Minidregg.Kernel.DurableDataIntent.TransactionId) {fuel : ℕ} {stack : List Minidregg.Kernel.ObjectiveCall.Ctx} {call : Minidregg.Kernel.ObjectiveCall.CallPlan} {journal journal' : Minidregg.Kernel.ObjectiveCall.Journal} {ticks left : ℕ} {result : Minidregg.Theory.ObjectiveBendDemandData.Data}, Minidregg.Kernel.ObjectiveCall.exec config snapshot height authority turn fuel stack (Minidregg.Kernel.ObjectiveCall.Task.enter call) journal ticks = Except.ok (result, journal', left) → (List.map (fun x => x.object) stack).Nodup → Minidregg.Kernel.ObjectiveCall.ObjectsRead config snapshot journal → (∀ ctx ∈ stack, journal'.lookup ctx.object = journal.lookup ctx.object) ∧ ∃ new, journal'.writes = journal.writes ++ new ∧ ∀ w ∈ new, w.before = w.viewed
def	Minidregg.Kernel.ObjectiveCall.argsAt	3710105bb2ec425eb79900775d7b6bcff7921103a124e3f2ff8a50f050653161	d5f5b235a8306bcf8c6771cc4b0d6f82e532bcfc716bda3942f58af00df0b7cb	252d3d52019fab91022f398753cae72de65abb923abd2c56b17302ee27872082	205df4c9d14821d9	propext	List String → Minidregg.Theory.ObjectiveBendDemandData.Data → Option Minidregg.Theory.ObjectiveBendDemandData.Data
def	Minidregg.Kernel.ObjectiveCall.argsBoundStream	ad2c7664c05ecc6de776287884647236820a82ba681ae6d8069e5fb79d94235d	9354e8f894b7459b38e4cc2e1d488b4a181c840044dffeb0c6e23250a58f3d35	d72886ea427bc77ba6f65a6ee12df433a8c9fc0607d62ad0e190dbad073345f2	1f60a3b4dd330a9f	Classical.choice,Quot.sound,propext	Minidregg.Compiler.Tower256ConcreteBackend.StreamCodec Minidregg.Kernel.ObjectiveCall.ArgsBound
def	Minidregg.Kernel.ObjectiveCall.argsDigest	dc6b538c1360cc4a74d222008a4c5637f94112258843a05d1569700b08217991	737e2009894cdccc730efb9f9414853a089772eb064cecd0eca3aeebea65dc7a	82575c0e3cf6475473bb17a82f5823029124c787f6c7cbaebde3e9f1ea70f082	62f9f5c6ff3286c4	Classical.choice,Quot.sound,propext	Minidregg.Theory.ObjectiveBendDemandData.Data → Minidregg.Theory.TypedAuthorization.Digest
def	Minidregg.Kernel.ObjectiveCall.callDepth	9976380f57e965e5dd2f7509f2ebf55019e2506ea8eb060676d5552635f32533	262031efa78118253ab59dd88036fcb9d33881bac4c94e8c1214aa7cc21b5d15	c4643855fbcb24c7741ad2638a6a33661f96ac74cb40dea2ee6ce1f9df1bc646	f54b9335a68ba2d3	-	ℕ
def	Minidregg.Kernel.ObjectiveCall.callFuel	76f8239317925d9ad6bca87e9e3f9c2f05ceb2752c36879f9a2dd977d3cc57aa	52e7a5c5ea2bed22a31efa482b6634bcb9d7c1cfeb95adb9134736b935cc7c19	c4dd8f0f2ce21fc90361b5f6b0cb74c34cb8a86a6c8adbe13dbee352d6cf5780	8d82ac830f41260e	-	Minidregg.Compiler.ObjectiveInvocationClaim.Capacity → ℕ
def	Minidregg.Kernel.ObjectiveCall.callTurn	acfa82b2fc5b526e548d8b8a37f7389b924c04cd75f5a317d1e337eb5d8ec8d5	262031efa78118253ab59dd88036fcb9d33881bac4c94e8c1214aa7cc21b5d15	7db524bde405f7fe5fc97161e5ec785b199ef2007aa01ce6e6116260a2f3c6af	88de7a5b909d79e4	-	ℕ
def	Minidregg.Kernel.ObjectiveCall.callerOf	67412da37034bdd44d97058ef23bfb68c2be93247a5605a5ad9dc497d1b66355	642bf6e5be225c4411c31c3a588e2a1009c014e401b19a4110f439dd41fefb70	f0d9964d90253719e9c00897e6690b456b7f6e33bcbd57b7f5bc032c57b5bd10	e3c955ca3790b31c	-	Minidregg.Kernel.ObjectiveCall.Authority → List Minidregg.Kernel.ObjectiveCall.Ctx → Option ℕ
def	Minidregg.Kernel.ObjectiveCall.callerOk	571dccb4a5f58ef725453aff3002e85b60004b53043752e78dab8e4bdced40c4	6c13c967c4e4e69b805fa02f506a0317853d9c98228fbc4abbc07e123c18a05c	19bfffe48a625f51ad316a8475c65e258a23b0159753c851804802720055201a	e22a7cd1d7fd9bb2	-	Option ℕ → Option ℕ → Bool
def	Minidregg.Kernel.ObjectiveCall.cancelRefunds	d22f9b2784a1e0affc94c8551b5ac34a050251bdac0330bfa064a5857c435b05	bee126f6b0af6ada9d790351c3261b9fec9cf9c2bd6c86e8533c2fa7b30960f3	cdaf91204f356e5fc2c65190812e0f46a8c9ade55d73414de6ba72933485ceef	b65538da90424913	-	Minidregg.Theory.CanonicalResourceKernel.AccountId → Minidregg.Kernel.Inbox.Message → List Minidregg.Kernel.Inbox.Message → List Minidregg.Kernel.ObjectiveCall.Refund
theorem	Minidregg.Kernel.ObjectiveCall.cancelRefunds_escrow	ce8dec9c09aab88d782db82c833695fbec3900c7a21ba47a994c88ced42b5eac	9b42a062b972b37103e333d25d4f6472655873eecaf9da38a6a438faa25e2284	c1a8aa253827323f7cd9d1a3cb259a3bb61b4a3d0725d4d28a60179c818c4362	0614d3ef5246b2b8	Quot.sound,propext	∀ (purse : Minidregg.Theory.CanonicalResourceKernel.AccountId) (message : Minidregg.Kernel.Inbox.Message) (queued : List Minidregg.Kernel.Inbox.Message), (List.map Minidregg.Kernel.ObjectiveCall.Refund.amount (Minidregg.Kernel.ObjectiveCall.cancelRefunds purse message queued)).sum = message.escrow + (List.map Minidregg.Kernel.Inbox.Message.escrow queued).sum ∧ ∀ refund ∈ Minidregg.Kernel.ObjectiveCall.cancelRefunds purse message queued, refund.purse = purse
theorem	Minidregg.Kernel.ObjectiveCall.ceiling_reservation_refuses	c42b47c2a84f7561501d68fb12562b2741ef866c48955c5ddd5495e279769943	0ba306a1d15e043e793ef328cb7714cd7321fe280aaa8f416660258a4e42d2ef	9cba88b2cd6069b14d21a1bcbd91be9e917c2f4d97fa2ccef09cd5744a48b1a3	604068af268948a7	Quot.sound,propext	∀ (journal : Minidregg.Kernel.ObjectiveCall.Journal) {ceiling first second : ℕ}, first + second ≤ journal.extracts → journal.extracts < 2 * ceiling → ∃ reason, (do let j ← journal.draw ceiling j.draw ceiling) = Except.error reason
def	Minidregg.Kernel.ObjectiveCall.chargedOf	c1bf58c4e809565c14062212a7b704d8a795b34e08750b032c38934b5ca6db0a	317d2febc4f01db5629fdfcda1a48c6531e81164d397c9f05432c8699f752e38	395593badc57fd92fc701f1359c1798ad420823f8d62175bf363ebcbdf5d68c7	62ee1687a027ede0	propext	List Minidregg.Kernel.ObjectiveCall.Delegation → ℕ → ℕ
theorem	Minidregg.Kernel.ObjectiveCall.chargedOf_snoc	981ba18ec45e519216fb4e01807a02e179dd3c11bda057cc8093c537df257e29	2eec132d299ca6ac2519fe1ce3b6386e16581adfb85231deea0dc45db6f0ac3a	ac343e1df2b3a7cba310c3e1b2e20906175fac1a3e710fcd52062f0f991b6dff	461ecf8ee132f47d	Classical.choice,Quot.sound,propext	∀ (used : List Minidregg.Kernel.ObjectiveCall.Delegation) (d : Minidregg.Kernel.ObjectiveCall.Delegation) (index : ℕ), Minidregg.Kernel.ObjectiveCall.chargedOf (used ++ [d]) index = Minidregg.Kernel.ObjectiveCall.chargedOf used index + if d.grant = index then d.amount else 0
def	Minidregg.Kernel.ObjectiveCall.controlInbox	2064facd00ace09d63fd952184eccc74d9a44061171e436afe389eb07e8b3a9c	e302511f49e098b68e36ed3bb74686f32136622f2746cd6449b21d2962f9c74c	bc5697222a1bcbe9235eeb2c0820ad8fe4206cefc17ffca3e78ae7452fbfb85e	8cf8b0411790e95a	Classical.choice,Quot.sound,propext	{rootBytes : Minidregg.Kernel.ObjectiveActivityWire.Bytes → Minidregg.Theory.TypedAuthorization.Digest} → (config : Minidregg.Kernel.ObjectiveActivity.Config) → (snapshot : Minidregg.Kernel.ObjectiveActivity.Snapshot rootBytes) → Minidregg.Kernel.ObjectiveCall.Mail config snapshot → Minidregg.Theory.TypedAuthorization.Digest → Minidregg.Kernel.DurableDataIntent.CellId → Except Minidregg.Kernel.ObjectiveCall.CallRefusal (Minidregg.Kernel.ObjectiveCall.HeldInbox config snapshot × List (Minidregg.Kernel.ObjectiveCall.HeldInbox config snapshot))
theorem	Minidregg.Kernel.ObjectiveCall.controlInbox_spec	368f7e80f1149b8edc776cd7a2adbad29016bbe13a641b1da18e454fd6408dc5	ae6f7f4f72ff59cba7cd695a5a41f845bffeb237d21e150d3b6bfd4aaf81d196	adb786940291ed07c0e4e16b02a9c4eb0200a17d16b4a6124e5c050aab7b0415	9dbb9267b5c41b21	Classical.choice,Quot.sound,propext	∀ {rootBytes : Minidregg.Kernel.ObjectiveActivityWire.Bytes → Minidregg.Theory.TypedAuthorization.Digest} {config : Minidregg.Kernel.ObjectiveActivity.Config} {snapshot : Minidregg.Kernel.ObjectiveActivity.Snapshot rootBytes} {mail : Minidregg.Kernel.ObjectiveCall.Mail config snapshot} {name : Minidregg.Theory.TypedAuthorization.Digest} {activity : Minidregg.Kernel.DurableDataIntent.CellId} {held : Minidregg.Kernel.ObjectiveCall.HeldInbox config snapshot} {others : List (Minidregg.Kernel.ObjectiveCall.HeldInbox config snapshot)}, Minidregg.Kernel.ObjectiveCall.controlInbox config snapshot mail name activity = Except.ok (held, others) → held.cell = activity ∧ Minidregg.Kernel.ObjectiveCall.holdInbox config snapshot mail held.sender held.target = Except.ok (held, others)
def	Minidregg.Kernel.ObjectiveCall.controlSlot	f58cfce6b33a350bf01311d8d0066cbe2d8a0ddc938ead20f8a77d161f6f7dde	76d2e392a92c23ba62a2cd852d9573cfe583bcaf329dbe0c4725c574a8124748	88e464b24005c6eb4f25d6ced78acb5536be9ff2ff26677442436feebc9038ac	bece87949a111ec8	Classical.choice,Quot.sound,propext	{rootBytes : Minidregg.Kernel.ObjectiveActivityWire.Bytes → Minidregg.Theory.TypedAuthorization.Digest} → (config : Minidregg.Kernel.ObjectiveActivity.Config) → (snapshot : Minidregg.Kernel.ObjectiveActivity.Snapshot rootBytes) → Minidregg.Kernel.ObjectiveCall.Mail config snapshot → Minidregg.Theory.TypedAuthorization.Digest → Except Minidregg.Kernel.ObjectiveCall.CallRefusal (Minidregg.Kernel.ObjectiveCall.Controlled config snapshot)
theorem	Minidregg.Kernel.ObjectiveCall.controlSlot_held_delivery	8f97c75dba706c92c3f7a8e2bbedc3a90ce75a11d2bdd1f2c3bedff73d3b0d4d	47b0e599cfb6d6f242035900313e7676a3a37af77f24502f4af11242ccc4d0c8	806a6e52a3ecd7b7462f9d84a142842603b5cb58922b058bfbcc32b4a2e7d7c4	daa942bae59bfcea	Classical.choice,Quot.sound,propext	∀ {rootBytes : Minidregg.Kernel.ObjectiveActivityWire.Bytes → Minidregg.Theory.TypedAuthorization.Digest} {config : Minidregg.Kernel.ObjectiveActivity.Config} {snapshot : Minidregg.Kernel.ObjectiveActivity.Snapshot rootBytes} {mail : Minidregg.Kernel.ObjectiveCall.Mail config snapshot} {name : Minidregg.Theory.TypedAuthorization.Digest} {held : Minidregg.Kernel.ObjectiveCall.HeldSlot config snapshot} {others : List (Minidregg.Kernel.ObjectiveCall.HeldSlot config snapshot)}, Minidregg.Kernel.ObjectiveCall.controlSlot config snapshot mail name = Except.ok (Minidregg.Kernel.ObjectiveCall.Controlled.held held others) → ∃ message sender, held.now.decider = Minidregg.Kernel.AnswerSlot.Decider.delivery message sender
theorem	Minidregg.Kernel.ObjectiveCall.controlSlot_held_name	1d6b4696d8114b2d6c3a84d0a34a03d9a9ca6a119b89395f086fc35b75af27ea	fce0fb40e6b7cc27851c08a05b487280c8d6d0f176cfcfcac92b98c033dd1b3a	5e457110b0ab1d2adc2bb2a4290d90213cc9d82151200877ba1c062579abe7ad	3cd872eada00691d	Classical.choice,Quot.sound,propext	∀ {rootBytes : Minidregg.Kernel.ObjectiveActivityWire.Bytes → Minidregg.Theory.TypedAuthorization.Digest} {config : Minidregg.Kernel.ObjectiveActivity.Config} {snapshot : Minidregg.Kernel.ObjectiveActivity.Snapshot rootBytes} {mail : Minidregg.Kernel.ObjectiveCall.Mail config snapshot} {name : Minidregg.Theory.TypedAuthorization.Digest} {held : Minidregg.Kernel.ObjectiveCall.HeldSlot config snapshot} {others : List (Minidregg.Kernel.ObjectiveCall.HeldSlot config snapshot)}, Minidregg.Kernel.ObjectiveCall.controlSlot config snapshot mail name = Except.ok (Minidregg.Kernel.ObjectiveCall.Controlled.held held others) → held.name = name
def	Minidregg.Kernel.ObjectiveCall.creditTransfers	08c4da686199490556a74ed88e99fdf497b832407ab98d23f826e597318b9764	dbe9a7b373910674c28773ab696d99ee6b4e16281432d6b0f70623c57bbc4f50	6312fdc44205ae5be123d7df3d50d1d90fa45e0b28f69c516f7d640b52e3ae64	bce9e9ff57f868b9	-	Minidregg.Kernel.ObjectiveActivity.Config → Minidregg.Theory.CanonicalResourceKernel.AccountId → List (Minidregg.Theory.CanonicalResourceKernel.AccountId × ℕ) → List Minidregg.Theory.CanonicalResourceKernel.Operation
def	Minidregg.Kernel.ObjectiveCall.decodeReturn	0b0c8c13d91b08962e31de4a11f442948a8ffadbf71dbc8940d992666cce292e	dad1cc8a1a4016adbc090b39158e93fdb1c95ef97bc929cc7cf26a8e92149c6f	37a4327fe3795fb95403478d75c9a43fb01b4094096a3a43962f8e159fc33c2e	da25f64ebceb1c4c	propext	ℕ → String → Minidregg.Theory.ObjectiveBendDemandData.Data → Except Minidregg.Kernel.ObjectiveCall.CallRefusal (Minidregg.Theory.ObjectiveBendDemandData.Data × Minidregg.Theory.ObjectiveBendDemandData.Data)
def	Minidregg.Kernel.ObjectiveCall.decodeSend	3c4ead7f637139d12b50850a3e0c10a712ede78aaa57faebe449df0e5f5dbd67	555283672a0ba9f07f5053ca70106ab51337daa6a9e65fe0d099e0464fe170f6	238a209979b63778a2a5ba1e143292b1db80b87bc8216380ce54d6fa3a7edda4	bceea08631e674a0	propext	ℕ → String → List (String × Minidregg.Theory.ObjectiveBendDemandData.Data) → ℕ → Except Minidregg.Kernel.ObjectiveCall.CallRefusal Minidregg.Kernel.ObjectiveCall.Yield
def	Minidregg.Kernel.ObjectiveCall.decodeYield	59a890bdd9f3b0a07870936c09899efaec4392f70fe72ccdd8a386f6622535cd	e4d26d7a071bcd140c8466aea197e8b28d8538d5285b61dbb9e9055503f685aa	934679ee125adcbe96519262bce6dab66e6fb939d5ee4a97f1dd5a17b379bf75	1dc723c48ceb1a82	propext	ℕ → String → Minidregg.Theory.ObjectiveBendDemandData.Data → Except Minidregg.Kernel.ObjectiveCall.CallRefusal Minidregg.Kernel.ObjectiveCall.Yield
def	Minidregg.Kernel.ObjectiveCall.deliverable	5144f824c770d67844a2393e6eac46154bdcd2ad563ae02092df09289d4a76e0	c926c17446246c2dca0beb1324f86c87b2e0aa7db9f8d2bb9040ed87d4855a3e	440da574a7bee2d8e7fdf5522762ea311b2fb634fd1c65e9ed6862ff79f2bbc0	eed140dc535e7514	Classical.choice,Quot.sound,propext	{rootBytes : Minidregg.Kernel.ObjectiveActivityWire.Bytes → Minidregg.Theory.TypedAuthorization.Digest} → (config : Minidregg.Kernel.ObjectiveActivity.Config) → (snapshot : Minidregg.Kernel.ObjectiveActivity.Snapshot rootBytes) → (target : ℕ) → (message : Minidregg.Kernel.Inbox.Message) → Except Minidregg.Kernel.ObjectiveCall.CallRefusal (Minidregg.Kernel.ObjectiveCall.Deliverable config snapshot target message)
def	Minidregg.Kernel.ObjectiveCall.deliveredPlans	0423f249219b1183e3bb4746abf1fc47b867b6ea86aa26e7a2628cf25c8a6421	1ed34c6957856d79df336ddeac8b1909b26863f732fdf81f00c3aa8941fc8a76	38bcff70d1d788498bc2208e70af8b6ff8e4a3d3e39162094ea73a4f5a04946d	2e91ca30a945b5e4	-	Minidregg.Kernel.Inbox.Message → List String
theorem	Minidregg.Kernel.ObjectiveCall.deregistrationAdmission_other	35d687717d6e938aabff25dbb4a5d9468c81a443ab3862416f0ddc0a234b7480	1412fe9fd18ee0ba0cf93303dbecdd3528c4acac1fec1b329bf4cf10e4ecb0e2	400179e20f1a01499b08907d14254098b99ed8464d3d7ac59c51e32c4fc89b55	6ff09ab1d8c04733	Classical.choice,Quot.sound,propext	∀ {book : Minidregg.Theory.CanonicalResourceKernel.Book} {account other : Minidregg.Theory.CanonicalResourceKernel.AccountId}, account ≠ other → Minidregg.Theory.CanonicalResourceKernel.DeregistrationAdmission book account → Minidregg.Theory.CanonicalResourceKernel.DeregistrationAdmission (book.deregisterAccount other) account
theorem	Minidregg.Kernel.ObjectiveCall.deregistrations_admitted_of_each	37884adfba932b25fadee1a890110611d91441ccc23ec06befd8e826b871f8fc	f0f6a8f88af5236871f9c27f8bb996bac2ad63d44a9bde4c1c752c9019f567a6	aa130e1accb154091a05556e4b5720941842eada63e7278bebfaaa81c9b727b8	8b3a667febeba635	Classical.choice,Quot.sound,propext	∀ (book : Minidregg.Theory.CanonicalResourceKernel.Book) (accounts : List Minidregg.Theory.CanonicalResourceKernel.AccountId), accounts.Nodup → (∀ account ∈ accounts, Minidregg.Theory.CanonicalResourceKernel.DeregistrationAdmission book account) → Minidregg.Theory.CanonicalResourceKernel.DeregistrationsAdmitted book accounts
def	Minidregg.Kernel.ObjectiveCall.exec	31dd5af0188d68e00e5cec3ba1602d2ad3941394997591001058aa69ee363524	001fc49558e6fc76e7420891aab97c7a7a2d93dd0200c9de8ee9aabd0bab9e33	1b38436ff8986f667906dec3d3fef2592a8971fed3d6708f247167d92521c823	280fe062690b0daa	Classical.choice,Quot.sound,propext	{rootBytes : Minidregg.Kernel.ObjectiveActivityWire.Bytes → Minidregg.Theory.TypedAuthorization.Digest} → Minidregg.Kernel.ObjectiveActivity.Config → Minidregg.Kernel.ObjectiveActivity.Snapshot rootBytes → ℕ → Minidregg.Kernel.ObjectiveCall.Authority → Minidregg.Kernel.DurableDataIntent.TransactionId → ℕ → List Minidregg.Kernel.ObjectiveCall.Ctx → Minidregg.Kernel.ObjectiveCall.Task → Minidregg.Kernel.ObjectiveCall.Journal → ℕ → Except Minidregg.Kernel.ObjectiveCall.CallRefusal (Minidregg.Theory.ObjectiveBendDemandData.Data × Minidregg.Kernel.ObjectiveCall.Journal × ℕ)
theorem	Minidregg.Kernel.ObjectiveCall.exec_delegations	34f663c10584ca131895aac46d369bb0bb68a1780a62caff86ea1b1dc85f6c61	b0065e225e14ddc88fafe526b97b4d9751fbee3f37dbffc86d57ccea96d1e695	1580ee7a9b0bbbaed11b9d7bb0af76f491d1f4dfa4db62e8d4fd1b5d722a9cf1	6c213cd67241d2d5	Classical.choice,Quot.sound,propext	∀ {rootBytes : Minidregg.Kernel.ObjectiveActivityWire.Bytes → Minidregg.Theory.TypedAuthorization.Digest} (config : Minidregg.Kernel.ObjectiveActivity.Config) (snapshot : Minidregg.Kernel.ObjectiveActivity.Snapshot rootBytes) (height : ℕ) (authority : Minidregg.Kernel.ObjectiveCall.Authority) (turn : Minidregg.Kernel.DurableDataIntent.TransactionId) (fuel : ℕ) (stack : List Minidregg.Kernel.ObjectiveCall.Ctx) (task : Minidregg.Kernel.ObjectiveCall.Task) (journal : Minidregg.Kernel.ObjectiveCall.Journal) (ticks : ℕ) (result : Minidregg.Theory.ObjectiveBendDemandData.Data) (journal' : Minidregg.Kernel.ObjectiveCall.Journal) (left : ℕ), Minidregg.Kernel.ObjectiveCall.exec config snapshot height authority turn fuel stack task journal ticks = Except.ok (result, journal', left) → Minidregg.Kernel.ObjectiveCall.Authorized journal.grants journal.delegations → (∀ (ctx : Minidregg.Kernel.ObjectiveCall.Ctx) (state : Minidregg.Theory.ObjectiveBendDemandMachine.State), task = Minidregg.Kernel.ObjectiveCall.Task.run state → stack.head? = Option.some ctx → Minidregg.Kernel.ObjectiveCall.Ctx.Delegated authority ctx journal.delegations) → journal'.grants = journal.grants ∧ (∃ new, journal'.delegations = journal.delegations ++ new) ∧ Minidregg.Kernel.ObjectiveCall.Authorized journal'.grants journal'.delegations ∧ ∃ new, journal'.writes = journal.writes ++ new ∧ ∀ w ∈ new, Minidregg.Kernel.ObjectiveCall.Written.Delegated authority w journal'.delegations
theorem	Minidregg.Kernel.ObjectiveCall.exec_invariant	69738e6a65d5952d8a45b87d2f29311c56e27f8edaf54869aa2cf7e6f92e3d0c	6bf2337d5e8e26d0f2f45039e49698934dfb1fbe32d1596b772bac16510a0597	07059adc24626ab0ee06233b8f9f5cba48449fa103c5162a18cc5c23faa96307	b3b67776fbb096f7	Classical.choice,Quot.sound,propext	∀ {rootBytes : Minidregg.Kernel.ObjectiveActivityWire.Bytes → Minidregg.Theory.TypedAuthorization.Digest} (config : Minidregg.Kernel.ObjectiveActivity.Config) (snapshot : Minidregg.Kernel.ObjectiveActivity.Snapshot rootBytes) (height : ℕ) (authority : Minidregg.Kernel.ObjectiveCall.Authority) (turn : Minidregg.Kernel.DurableDataIntent.TransactionId) (fuel : ℕ) (stack : List Minidregg.Kernel.ObjectiveCall.Ctx) (task : Minidregg.Kernel.ObjectiveCall.Task) (journal : Minidregg.Kernel.ObjectiveCall.Journal) (ticks : ℕ) (result : Minidregg.Theory.ObjectiveBendDemandData.Data) (journal' : Minidregg.Kernel.ObjectiveCall.Journal) (left : ℕ), Minidregg.Kernel.ObjectiveCall.exec config snapshot height authority turn fuel stack task journal ticks = Except.ok (result, journal', left) → (List.map (fun x => x.object) stack).Nodup → (∀ (ctx : Minidregg.Kernel.ObjectiveCall.Ctx) (state : Minidregg.Theory.ObjectiveBendDemandMachine.State), task = Minidregg.Kernel.ObjectiveCall.Task.run state → stack.head? = Option.some ctx → journal.lookup ctx.object = Option.some (Option.some ctx.view)) → Minidregg.Kernel.ObjectiveCall.ObjectsRead config snapshot journal → Minidregg.Kernel.ObjectiveCall.ObjectsRead config snapshot journal' ∧ (∀ ctx ∈ task.below stack, journal'.lookup ctx.object = journal.lookup ctx.object) ∧ (∃ new, journal'.writes = journal.writes ++ new ∧ ∀ w ∈ new, w.before = w.viewed ∧ w.record.judge w.facts (Option.some w.before.value) w.after.value = Except.ok () ∧ w.facts.artifact = Option.some w.record.activePin.value) ∧ ∃ new, journal'.frames = journal.frames ++ new ∧ ∀ frame ∈ new, frame.Nodup
def	Minidregg.Kernel.ObjectiveCall.frameAuthority	063c8b3dfb15373a6d9b400c4d476e9d4b37b5ff5791b88cb599ab72cb7978a1	9f57a25bc57d0a6228e1637110d80f7e7988f60a78611fd4e13a19c8905246e2	1411086ea7c953daa7c16e196eb11586dc02f21ba23c86464322462c23f2723b	66bbaa462e36d265	Classical.choice,Quot.sound,propext	Minidregg.Kernel.ObjectiveCall.Authority → List Minidregg.Kernel.ObjectiveCall.Ctx → Minidregg.Kernel.ObjectiveCall.Journal → Minidregg.Kernel.ObjectiveCall.CallPlan → Minidregg.Theory.TypedAuthorization.Digest → Except Minidregg.Kernel.ObjectiveCall.CallRefusal (Option Minidregg.Theory.TypedAuthorization.SubjectId × Option Minidregg.Kernel.ObjectiveCall.Delegation)
theorem	Minidregg.Kernel.ObjectiveCall.frameAuthority_spec	1314ec08241f289730ed2fe18ec01057a5663434de05d31888171e06cec3f0ff	47fb7f6372ce1cc438bea999e952e3e093928d70d27cd85bfb197b7bfd9c445f	12beeb1eaedfd256dc1f6621a7920fb2135e56f52bccbdeced286d34ba5df0a2	5b1672bbb857f2d7	Classical.choice,Quot.sound,propext	∀ {authority : Minidregg.Kernel.ObjectiveCall.Authority} {stack : List Minidregg.Kernel.ObjectiveCall.Ctx} {journal : Minidregg.Kernel.ObjectiveCall.Journal} {call : Minidregg.Kernel.ObjectiveCall.CallPlan} {code : Minidregg.Theory.TypedAuthorization.Digest} {subject : Option Minidregg.Theory.TypedAuthorization.SubjectId} {delegation : Option Minidregg.Kernel.ObjectiveCall.Delegation}, Minidregg.Kernel.ObjectiveCall.frameAuthority authority stack journal call code = Except.ok (subject, delegation) → stack = [] ∧ subject = authority.signer ∧ delegation = Option.none ∨ subject = Option.none ∧ delegation = Option.none ∨ ∃ d, delegation = Option.some d ∧ subject = authority.signer ∧ Minidregg.Kernel.ObjectiveCall.spendGrant journal.grants journal.delegations call.target.value call.method code call.args (Minidregg.Kernel.ObjectiveCall.callerOf authority stack) = Except.ok (Option.some d)
def	Minidregg.Kernel.ObjectiveCall.framePlans	2806e6991f05d8ea2afd226fbae97f669b3968cd358a30da142b8c3f6e9011dd	50f77d97e014b8996d997e949fc171b0d92bc680b87085525b4a311e5eb136b2	e4122e14d5575d607ad4f7968667f55e346899263c69378c91e8002f098b1dc5	576e81ae18d23365	-	List String
def	Minidregg.Kernel.ObjectiveCall.frameResponses	caf0f9e837d9e9961f601363d534dfec9ee7c0092adab5e1554ecd395cb36437	50f77d97e014b8996d997e949fc171b0d92bc680b87085525b4a311e5eb136b2	2dc63129aa1ad5fb7b3192669a446481333b862e34265403509fda682ffbc872	f066cd16f7b4ecb0	-	List String
def	Minidregg.Kernel.ObjectiveCall.frameReturn	5cae605b4a2e7aaa70dc5a6570aa75ec1fdc004934724381017876b7d6ed5b02	dfa55dab46d26aaf31ab16c336e357c3720b8ba6082e8ae0ffc8f6f4d7fe137d	435e5e6dde246bcd56f791228bf107b2ad5690a76dc3a6de64c8595aeccfc424	aaed7b5b0cee38a1	Classical.choice,Quot.sound,propext	Minidregg.Kernel.ObjectiveCall.Ctx → Minidregg.Theory.ObjectiveBendDemandData.Data → Minidregg.Kernel.ObjectiveCall.Journal → Except Minidregg.Kernel.ObjectiveCall.CallRefusal Minidregg.Kernel.ObjectiveCall.Journal
theorem	Minidregg.Kernel.ObjectiveCall.frameReturn_delegations	0f999df0c9066323f62a3808ddb4c768b8070991e78030a2d5f701156c717ac0	379ea5aafca9f9a295e265435a29f49e4994075cf826c2fa5e9a8aac0f9c3e79	e4511ef0acf8ae32ed1787d2b63a55a2c115b2cb6beff9e248e76b50a14822b3	05b9fe26055d9f22	Classical.choice,Quot.sound,propext	∀ {ctx : Minidregg.Kernel.ObjectiveCall.Ctx} {write : Minidregg.Theory.ObjectiveBendDemandData.Data} {journal journal' : Minidregg.Kernel.ObjectiveCall.Journal}, Minidregg.Kernel.ObjectiveCall.frameReturn ctx write journal = Except.ok journal' → journal'.grants = journal.grants ∧ journal'.delegations = journal.delegations ∧ ∃ new, journal'.writes = journal.writes ++ new ∧ ∀ w ∈ new, w.facts = ctx.facts ∧ w.delegation = ctx.delegation ∧ w.object = ctx.object ∧ w.method = ctx.method ∧ w.record = ctx.record ∧ w.args = ctx.args
theorem	Minidregg.Kernel.ObjectiveCall.frameReturn_read	f8c95998ce0dd49efb9ade87deee9af79f2ca153c2b162583759f5546fa97859	1d35f2c2d5caa50a8a923ba74d44ec04a3558ea34f6d6cee7cbe3a6c390dbd8d	6a577d1c6e27cdbc7f951e15f7c7b9435c2a51921c28fbba8778682a32af0209	3e36847505d44f4a	Classical.choice,Quot.sound,propext	∀ {rootBytes : Minidregg.Kernel.ObjectiveActivityWire.Bytes → Minidregg.Theory.TypedAuthorization.Digest} {config : Minidregg.Kernel.ObjectiveActivity.Config} {snapshot : Minidregg.Kernel.ObjectiveActivity.Snapshot rootBytes} {ctx : Minidregg.Kernel.ObjectiveCall.Ctx} {write : Minidregg.Theory.ObjectiveBendDemandData.Data} {journal journal' : Minidregg.Kernel.ObjectiveCall.Journal}, Minidregg.Kernel.ObjectiveCall.frameReturn ctx write journal = Except.ok journal' → Minidregg.Kernel.ObjectiveCall.ObjectsRead config snapshot journal → Minidregg.Kernel.ObjectiveCall.ObjectsRead config snapshot journal'
theorem	Minidregg.Kernel.ObjectiveCall.frameReturn_spec	c1e4b0edb3c9950044fa9061b310226c405dc0ecdcb09511b105f31201dd4db6	667d2be7bf13601cfafe4456d80fe12433d2ab620db12da93aa8951201a39ec3	588082bfb22e13f67082e39509a0ff2e84004631cf317631e9f138a1f6104534	414dc9a6e11a76b4	Classical.choice,Quot.sound,propext	∀ {ctx : Minidregg.Kernel.ObjectiveCall.Ctx} {write : Minidregg.Theory.ObjectiveBendDemandData.Data} {journal journal' : Minidregg.Kernel.ObjectiveCall.Journal}, Minidregg.Kernel.ObjectiveCall.frameReturn ctx write journal = Except.ok journal' → (∀ (other : Minidregg.Kernel.DurableDataIntent.CellId), other ≠ ctx.object → journal'.lookup other = journal.lookup other) ∧ journal'.frames = journal.frames ∧ ∃ new, journal'.writes = journal.writes ++ new ∧ ∀ w ∈ new, journal.lookup ctx.object = Option.some (Option.some w.before) ∧ w.viewed = ctx.view ∧ w.object = ctx.object ∧ w.record = ctx.record ∧ w.facts = ctx.facts ∧ w.record.judge w.facts (Option.some w.before.value) w.after.value = Except.ok ()
theorem	Minidregg.Kernel.ObjectiveCall.frame_limits_are_segment_limits	ba1df6e6c048453e44d1eca5839896d90e0f31923e1b7a04b1bd3e3abefc746c	4be81caba7497dd2949e16d8413b287bed98c1113acd66f0f26f41034a36554e	c0541e7c33e6391f776948682bc7f8589bbe49280a09a98f4f676786844c497a	5ed25fc718cf2eba	propext	∀ (config : Minidregg.Kernel.ObjectiveActivity.Config) (term : Minidregg.Theory.ObjectiveBendOpenRecursion.Term), Minidregg.Kernel.ObjectiveActivity.segmentLimits config (Minidregg.Theory.ObjectiveBendDemandMachine.initial term) = config.limits
def	Minidregg.Kernel.ObjectiveCall.grantStream	5a14dd16e99b84e1039df49a53d43ea8e78a6ac89e08b266596988d0672f8c37	fd0535f031d8dc0e73f274549843b322111a9de69d1d499699e4703b2cd76a4e	8a67a37da31aaf15b9ee6473f813328d2acf77c3e1268781e9103ace21b8d70b	03c2494d21c23299	Classical.choice,Quot.sound,propext	Minidregg.Compiler.Tower256ConcreteBackend.StreamCodec Minidregg.Kernel.ObjectiveCall.Grant
def	Minidregg.Kernel.ObjectiveCall.holdInbox	c3713a7bbff8a15c8df4f4b49f1f83a69586fab75becca2ec2d8e96ecfc0191b	be9b60d952e6907ef3072ee6d73979e9ec6fa8a81520c05b96dbc33631cd83a5	84204c691bbaead7a6c1556dab8c2ce7d48f1eb3d21f2de6c825a5833d92f206	1b42d7781a62bd3a	Classical.choice,Quot.sound,propext	{rootBytes : Minidregg.Kernel.ObjectiveActivityWire.Bytes → Minidregg.Theory.TypedAuthorization.Digest} → (config : Minidregg.Kernel.ObjectiveActivity.Config) → (snapshot : Minidregg.Kernel.ObjectiveActivity.Snapshot rootBytes) → Minidregg.Kernel.ObjectiveCall.Mail config snapshot → ℕ → ℕ → Except Minidregg.Kernel.ObjectiveCall.CallRefusal (Minidregg.Kernel.ObjectiveCall.HeldInbox config snapshot × List (Minidregg.Kernel.ObjectiveCall.HeldInbox config snapshot))
def	Minidregg.Kernel.ObjectiveCall.holdSlot	0db5fc8bdff6378f0d6906d0d13f710379b3963b29cf665012a160c2117a7ae1	d91fbefd010505fbc010969239428aeda677481ea808eac24d1c760266aa5f31	259d8373bed1cb6266b1c98f5051dfab8b047f1bd121fec7cc2f04a2df305a52	5aaa94b3d894e2e5	Classical.choice,Quot.sound,propext	{rootBytes : Minidregg.Kernel.ObjectiveActivityWire.Bytes → Minidregg.Theory.TypedAuthorization.Digest} → (config : Minidregg.Kernel.ObjectiveActivity.Config) → (snapshot : Minidregg.Kernel.ObjectiveActivity.Snapshot rootBytes) → Minidregg.Kernel.ObjectiveCall.Mail config snapshot → Minidregg.Theory.TypedAuthorization.Digest → Except Minidregg.Kernel.ObjectiveCall.CallRefusal (Minidregg.Kernel.ObjectiveCall.HeldSlot config snapshot × List (Minidregg.Kernel.ObjectiveCall.HeldSlot config snapshot))
def	Minidregg.Kernel.ObjectiveCall.inboxEnds	bc2e90d3b84992e738089643b0b625d10d99137b7794a9d580d6685984ebf27e	b8e7f65f188730096d6cee3b5b1f27f692573ffa7247ab239e8fac2a5767bdb0	9b450f7a7c95d56932ff971c60f8c4f1bd1172c843a19cb29f1fa8d141d15f23	7ee9dabf8e8aad9f	Classical.choice,Quot.sound,propext	{rootBytes : Minidregg.Kernel.ObjectiveActivityWire.Bytes → Minidregg.Theory.TypedAuthorization.Digest} → {config : Minidregg.Kernel.ObjectiveActivity.Config} → {snapshot : Minidregg.Kernel.ObjectiveActivity.Snapshot rootBytes} → Minidregg.Kernel.ObjectiveCall.Mail config snapshot → Minidregg.Kernel.DurableDataIntent.CellId → Option (ℕ × ℕ)
theorem	Minidregg.Kernel.ObjectiveCall.install_read	04eb36408b9d281d45b4c79d15702e8ef1c576cf394aeec125fbc692fc089819	504eee2a3cac58073a110d4f6a173613609fa2084e4389843d7acb3ffb094608	12af87e99b509617ba5b236219cdf3695158c9348ef4e1682beaf6fc129da90c	ede037a3a4e0106b	Classical.choice,Quot.sound,propext	∀ {rootBytes : Minidregg.Kernel.ObjectiveActivityWire.Bytes → Minidregg.Theory.TypedAuthorization.Digest} {config : Minidregg.Kernel.ObjectiveActivity.Config} {snapshot : Minidregg.Kernel.ObjectiveActivity.Snapshot rootBytes} (journal : Minidregg.Kernel.ObjectiveCall.Journal) (object : Minidregg.Kernel.DurableDataIntent.CellId) (state : Minidregg.Kernel.ObjectState), Minidregg.Kernel.ObjectiveCall.ObjectsRead config snapshot journal → Minidregg.Kernel.ObjectiveCall.ObjectsRead config snapshot (journal.install object state)
theorem	Minidregg.Kernel.ObjectiveCall.invocation_delegated_authority	e00ac35e2386b4af96d968c29772ff6c5daaa6e6ba706fb2a736e3da8ef43d00	99e298ebbaf2a9546aa0c36de3a931e521c99ea94a3a04c0b70de98f7d0485e9	4133f444cc3c6c4862b829ec965b1790313ec4c4124534e15212c6c4bce99169	e7c66f7c3405c54a	Classical.choice,Quot.sound,propext	∀ {rootBytes : Minidregg.Kernel.ObjectiveActivityWire.Bytes → Minidregg.Theory.TypedAuthorization.Digest} {config : Minidregg.Kernel.ObjectiveActivity.Config} {snapshot : Minidregg.Kernel.ObjectiveActivity.Snapshot rootBytes} {height : ℕ} {request : Minidregg.Kernel.ObjectiveCall.InvokeRequest} (invoked : Minidregg.Kernel.ObjectiveCall.Invocation config snapshot height request), Minidregg.Kernel.ObjectiveCall.Authorized request.grants invoked.journal.delegations ∧ ∀ w ∈ invoked.journal.writes, w.facts.subject = Option.some request.subject ∧ w.facts.caller = Option.none ∨ w.facts.subject = Option.none ∨ ∃ d, w.delegation = Option.some d ∧ d ∈ invoked.journal.delegations ∧ d.object = w.object.value ∧ d.method = w.method ∧ d.code = w.record.activePin ∧ d.args = w.args ∧ d.caller = w.facts.caller
theorem	Minidregg.Kernel.ObjectiveCall.invocation_reentry_free	d2c624bf2d4d5f4c958b0e9c1597c13fada324f691b1c315840da3bf253f853a	a7db020b605a3293de7168822e4261e181aa6a34c0660155908ec8c527c1637d	20b4bd3df0cc12e15806c663bb6f4cd33638114cafb9643cfd066ab0d93825a0	323d1ded2383a514	Classical.choice,Quot.sound,propext	∀ {rootBytes : Minidregg.Kernel.ObjectiveActivityWire.Bytes → Minidregg.Theory.TypedAuthorization.Digest} {config : Minidregg.Kernel.ObjectiveActivity.Config} {snapshot : Minidregg.Kernel.ObjectiveActivity.Snapshot rootBytes} {height : ℕ} {request : Minidregg.Kernel.ObjectiveCall.InvokeRequest} (invoked : Minidregg.Kernel.ObjectiveCall.Invocation config snapshot height request), ∀ frame ∈ invoked.journal.frames, frame.Nodup
theorem	Minidregg.Kernel.ObjectiveCall.invocation_writes_from_view	1cb1f6e6533c034572edc3964332b91a024ab9d2c1041dadc1dcffd870e90ff0	186e767fd1e0238e5c9141207698bf2874905f6949400d7d2bbbc34fe6a1e2d7	af4b68affa571af2e8f4aa763c862448cf2593c21c51a1d9eade1df31f6fb825	873e57239ef9c02e	Classical.choice,Quot.sound,propext	∀ {rootBytes : Minidregg.Kernel.ObjectiveActivityWire.Bytes → Minidregg.Theory.TypedAuthorization.Digest} {config : Minidregg.Kernel.ObjectiveActivity.Config} {snapshot : Minidregg.Kernel.ObjectiveActivity.Snapshot rootBytes} {height : ℕ} {request : Minidregg.Kernel.ObjectiveCall.InvokeRequest} (invoked : Minidregg.Kernel.ObjectiveCall.Invocation config snapshot height request), ∀ w ∈ invoked.journal.writes, w.before = w.viewed ∧ w.record.judge w.facts (Option.some w.before.value) w.after.value = Except.ok ()
theorem	Minidregg.Kernel.ObjectiveCall.invocation_writes_pinned	a114ca1f9755b16a9bc0556637e8e61165661a13cc352df79f889295e5e73447	add7ae42669a1e32c21645a5901e61747a2147361be7e558951addd546f03838	48b950e2718ee6162a9411708d7de71269adc5099bcece8a80925504557bb369	a593096a34e00b88	Classical.choice,Quot.sound,propext	∀ {rootBytes : Minidregg.Kernel.ObjectiveActivityWire.Bytes → Minidregg.Theory.TypedAuthorization.Digest} {config : Minidregg.Kernel.ObjectiveActivity.Config} {snapshot : Minidregg.Kernel.ObjectiveActivity.Snapshot rootBytes} {height : ℕ} {request : Minidregg.Kernel.ObjectiveCall.InvokeRequest} (invoked : Minidregg.Kernel.ObjectiveCall.Invocation config snapshot height request), ∀ w ∈ invoked.journal.writes, w.facts.artifact = Option.some w.record.activePin.value
def	Minidregg.Kernel.ObjectiveCall.invoke	a63780f44920108a687602b2993cd02a504db410e85e46f141f2118973b2bea4	1323f822d4ee67edf8cfe107597c01eba3af9b16cf0c5502cc8dbf6888e3bd70	cccbfe414a86f3a473783385775509f6e171710f31799d9d5a6a01078dbddd1d	3f0f1fe04c550c4e	Classical.choice,Quot.sound,propext	{rootBytes : Minidregg.Kernel.ObjectiveActivityWire.Bytes → Minidregg.Theory.TypedAuthorization.Digest} → (config : Minidregg.Kernel.ObjectiveActivity.Config) → (snapshot : Minidregg.Kernel.ObjectiveActivity.Snapshot rootBytes) → (height : ℕ) → (request : Minidregg.Kernel.ObjectiveCall.InvokeRequest) → Except Minidregg.Kernel.ObjectiveCall.CallRefusal (Minidregg.Kernel.ObjectiveCall.Invocation config snapshot height request)
def	Minidregg.Kernel.ObjectiveCall.invokeBatch	363fec93a49e7d9e983dda3426bfbed472540a6d97bc560ff742ab60c21ef8cf	62688651e3a4d433d1842ad3241f1408eb59e2c0ff2f113b3ae2bd13f4127770	55b8409847d43bc572478ac2ec48001e4ae07cbf8d9878e94ffb146080420b48	a5762273035b14e0	Classical.choice,Quot.sound,propext	{rootBytes : Minidregg.Kernel.ObjectiveActivityWire.Bytes → Minidregg.Theory.TypedAuthorization.Digest} → {snapshot : Minidregg.Kernel.ObjectiveActivity.Snapshot rootBytes} → (config : Minidregg.Kernel.ObjectiveActivity.Config) → Minidregg.Theory.CanonicalResourceKernel.Book → Minidregg.Kernel.ObjectiveCall.InvokeRequest → Minidregg.Kernel.ObjectiveCall.Mail config snapshot → Minidregg.Theory.CanonicalResourceKernel.Batch
def	Minidregg.Kernel.ObjectiveCall.invokeOperations	1a314e97626d6e9226876d05d1c7addb29b78125452615738ab28693da4c4a70	320460642b79a92e959aee78354c2b64ce9765ded7502dea26d465d301b769ad	a0e064fc7848d0963939fae27feeede27622f0830c1e5164416faad3063b534c	1ad89ab0e4051231	Classical.choice,Quot.sound,propext	{rootBytes : Minidregg.Kernel.ObjectiveActivityWire.Bytes → Minidregg.Theory.TypedAuthorization.Digest} → {snapshot : Minidregg.Kernel.ObjectiveActivity.Snapshot rootBytes} → (config : Minidregg.Kernel.ObjectiveActivity.Config) → Minidregg.Kernel.ObjectiveCall.InvokeRequest → Minidregg.Kernel.ObjectiveCall.Mail config snapshot → List Minidregg.Theory.CanonicalResourceKernel.Operation
def	Minidregg.Kernel.ObjectiveCall.invokeTransaction	deb2a26ff3075b634396ccd60c6999235471eba3637f6cfd382212d67247744c	8b51c6be98f25a36e75ca9a923c9c97c6efcc6a6fbadc5972df034fed960fc35	d3ce3f444a494face0ff6326669b6abc0282ca3c63e6518dcb169a6d4ac91bb0	d518cf222a1cb859	Classical.choice,Quot.sound,propext	Minidregg.Kernel.ObjectiveCall.InvokeRequest → Minidregg.Kernel.DurableDataIntent.TransactionId
def	Minidregg.Kernel.ObjectiveCall.labelsWithin	56aee7051de5d58acee5d790add346413270e86b3453f564f526743c68c7f4e4	c7e84cc41e75963c4b46394bb9669286608566d1233db9d282459868b4478f41	16b8359abed4cd55a4bb15f580deed220362435972da4039b275ed934760b1fa	d42817b870b5a706	propext	Minidregg.Theory.ObjectiveBendTyping.Assumptions → Minidregg.Theory.ObjectiveBendTypes.Ty → List String → Bool
def	Minidregg.Kernel.ObjectiveCall.loadMethod	2283e5bcbdc247bdba46000f3fff078d1c263a00153a4359fd317fc74e4bdff2	45a63a2e893e0cc43974644979fda1c4583fba66fa2cf1d72a14aa25ed883033	bdb0edea3b48ec9ab6f96cea88f4356141e77ebdee2104558b4231ac23709235	954f338277267135	Classical.choice,Quot.sound,propext	(config : Minidregg.Kernel.ObjectiveActivity.Config) → ℕ → Minidregg.Kernel.ObjectiveActivityWire.Bytes → (pin : Minidregg.Theory.TypedAuthorization.Digest) → (method : String) → (view args : Minidregg.Theory.ObjectiveBendDemandData.Data) → Except Minidregg.Kernel.ObjectiveCall.CallRefusal (Minidregg.Kernel.ObjectiveCall.Method config pin method view args)
theorem	Minidregg.Kernel.ObjectiveCall.lookup_entries	1204a6dcd0c82af4109c5abd161d858c2b6507416c104444961b2e65989d4239	1e858baaf104c19239789741a1af2dc0b0bf5b6c1dcba08e4c6c9ab654338f6f	08a666d450f072a39f7c0ca60d0eea81601ddd585dd8cd7c03b3e727c7f2b5ae	725b35ed41efa28b	propext	∀ {journal journal' : Minidregg.Kernel.ObjectiveCall.Journal}, journal'.entries = journal.entries → ∀ (object : Minidregg.Kernel.DurableDataIntent.CellId), journal'.lookup object = journal.lookup object
theorem	Minidregg.Kernel.ObjectiveCall.lookup_install_ne	dd49ff372c7a3de2e835b2228c5c5ca7358bff638b3b8a17aba6127432e1b17d	eee14c275517fb55d726ae0112afbbdf6609ae47de5155757d60a67539444839	40b3ff0270b4bffe0e173c79e8bd1d0291b6128cd6b2697ed55152f0acc3159e	943d37e0129c67c7	Quot.sound,propext	∀ (journal : Minidregg.Kernel.ObjectiveCall.Journal) (object other : Minidregg.Kernel.DurableDataIntent.CellId) (state : Minidregg.Kernel.ObjectState), other ≠ object → (journal.install object state).lookup other = journal.lookup other
def	Minidregg.Kernel.ObjectiveCall.messageOf	610bdee961f812c9440feddca266ed58bb3e63bd67e4f17912048e01af0586fc	b7e6bf5fad0c86434a7f670d033f1f002eec676baf425f375a8e93716d515123	5473e905f1ac97970a88f62a6ce3a01257db12f0d235a866dd09b53f4791ee4f	9f9d9b78ef299440	Classical.choice,Quot.sound,propext	Minidregg.Kernel.ObjectiveActivity.Config → Minidregg.Compiler.ObjectiveInvocationClaim.Capacity → Minidregg.Theory.CanonicalResourceKernel.AccountId → ℕ → Minidregg.Kernel.ObjectiveCall.Outgoing → Minidregg.Kernel.Inbox.Message
def	Minidregg.Kernel.ObjectiveCall.methodPackage	b7df37567e42dedc1d6e61b3ea2f4fa31b88a40c85454313cae16d7e944d8521	ee0f8444fc8ac55b0df224b14fa1117ad69ca9002c8c239d55fbff0e1392ea12	da68bdfb454abc5dca4c5a5ef6471e2f7cbdbecbbf998c5b4a1790b558002bc6	7baf7ee0af24b85b	-	Minidregg.Compiler.ObjectiveSourcePackage.Package → String → Minidregg.Compiler.ObjectiveSourcePackage.Package
theorem	Minidregg.Kernel.ObjectiveCall.nodup_values	140b27f8cb4ba9082b2df0cac58a1780cf29244c14ca0f251563bf32776833da	0d89be9dbcc055b94a1a593e653ca4f97cd80731ee1dacde145b84085cd04ff9	c35b5a52d784c915b8bba4e742bbec90c81f4105c603b8f97a165f98cc3f3523	ec575539ca6536ae	Quot.sound,propext	∀ {stack : List Minidregg.Kernel.ObjectiveCall.Ctx}, (List.map (fun x => x.object) stack).Nodup → (List.map (fun x => x.object.value) stack).Nodup
def	Minidregg.Kernel.ObjectiveCall.openSlot	8b914332fce4cd86415d8a1d6011abd87fd2c20d9ceefc0e6ae83a33c628027e	b6cdf310dcd621cd949097815228726df1bdf451e5236919349f2042067d958f	830d057b67c58436425be6d5fed0aeb0b65023e9363eaa0476caf7d6dbe8c5eb	6a36f7239dac3562	Classical.choice,Quot.sound,propext	{rootBytes : Minidregg.Kernel.ObjectiveActivityWire.Bytes → Minidregg.Theory.TypedAuthorization.Digest} → (config : Minidregg.Kernel.ObjectiveActivity.Config) → (snapshot : Minidregg.Kernel.ObjectiveActivity.Snapshot rootBytes) → Minidregg.Kernel.ObjectiveCall.Mail config snapshot → Minidregg.Theory.TypedAuthorization.Digest → ℕ → Minidregg.Kernel.DurableDataIntent.CellId → Except Minidregg.Kernel.ObjectiveCall.CallRefusal (Minidregg.Kernel.ObjectiveCall.HeldSlot config snapshot)
def	Minidregg.Kernel.ObjectiveCall.outboxAllowance	94111d36d05853672f78e94a5913de9aa83ea41c18ce7518719183965dfa7ea3	ade05249d63915489416985274b14da3ffb18612a981a585756815ea6b9565d8	d5589db631fc05d2b38c0ba4476ad3ba706a058c5bda124fc6554281a45ae5e5	413e25b0c6264023	propext	List Minidregg.Kernel.ObjectiveCall.Outgoing → ℕ
def	Minidregg.Kernel.ObjectiveCall.pathStream	b8f06060e01deceae67433200986bc5f4dbbddeb3dac2dc5b850ddecb0877111	3d9d112195e6805c6d288c9faa936f0df46c88be8afbc289e417ddaec82b24aa	3dcb3a2c48b9171498f848ff24580ad762bf6a43387506693894b271dc738c47	891e6b010bf250c6	Classical.choice,Quot.sound,propext	Minidregg.Compiler.Tower256ConcreteBackend.StreamCodec (List String)
def	Minidregg.Kernel.ObjectiveCall.postControls	f40a2e27c1d22fbbd0ba20aa1f36f57ac505158772e83c2c0b92416fc8130900	d273ede8451dbd4a3b6d457ae6aaa9fd3265021c237335fa08b572945ff86d3b	c0b2706260363c1c235737d147e580fff392d8f3ad044c263d56dc0a08eab4cd	0e0cc43268b3005e	Classical.choice,Quot.sound,propext	{rootBytes : Minidregg.Kernel.ObjectiveActivityWire.Bytes → Minidregg.Theory.TypedAuthorization.Digest} → (config : Minidregg.Kernel.ObjectiveActivity.Config) → (snapshot : Minidregg.Kernel.ObjectiveActivity.Snapshot rootBytes) → ℕ → Minidregg.Kernel.ObjectiveCall.Mail config snapshot → List Minidregg.Kernel.ObjectiveCall.Control → Except Minidregg.Kernel.ObjectiveCall.CallRefusal (Minidregg.Kernel.ObjectiveCall.Mail config snapshot)
def	Minidregg.Kernel.ObjectiveCall.postMail	fa144f64672d26026e5f9d962a2b1ab3318a524cfa2de6c7f886bc44a445a592	851877d1841016b929dcf8f27b01c31f2c63a2eeda0fa926eb48004dab582ef0	97bc34c4d7332c9c1ca3d892a83db33886b0ed12ff78523deabc651cddb51fae	af6b67dee1dd8cf4	Classical.choice,Quot.sound,propext	{rootBytes : Minidregg.Kernel.ObjectiveActivityWire.Bytes → Minidregg.Theory.TypedAuthorization.Digest} → (config : Minidregg.Kernel.ObjectiveActivity.Config) → (snapshot : Minidregg.Kernel.ObjectiveActivity.Snapshot rootBytes) → Minidregg.Compiler.ObjectiveInvocationClaim.Capacity → Minidregg.Theory.CanonicalResourceKernel.AccountId → ℕ → Minidregg.Kernel.ObjectiveCall.Mail config snapshot → List Minidregg.Kernel.ObjectiveCall.Outgoing → Except Minidregg.Kernel.ObjectiveCall.CallRefusal (Minidregg.Kernel.ObjectiveCall.Mail config snapshot)
theorem	Minidregg.Kernel.ObjectiveCall.postMail_cons	2a528c107399e7d11db172fbddbe19a554ce901b10ad521f57e0312f78f45fcc	40a561af8f2246fd7c7451ccb741b3a93afbce7413b6ce3e4083b3f674f9aee5	0095cc896e245ce21514be07b50f49adc7602e5d466195d8b3648e6389d2f9a9	7d187259bd912698	Classical.choice,Quot.sound,propext	∀ {rootBytes : Minidregg.Kernel.ObjectiveActivityWire.Bytes → Minidregg.Theory.TypedAuthorization.Digest} {config : Minidregg.Kernel.ObjectiveActivity.Config} {snapshot : Minidregg.Kernel.ObjectiveActivity.Snapshot rootBytes} {postage : Minidregg.Compiler.ObjectiveInvocationClaim.Capacity} {refund : Minidregg.Theory.CanonicalResourceKernel.AccountId} {depth : ℕ} {mail next : Minidregg.Kernel.ObjectiveCall.Mail config snapshot} {out : Minidregg.Kernel.ObjectiveCall.Outgoing} {rest : List Minidregg.Kernel.ObjectiveCall.Outgoing}, Minidregg.Kernel.ObjectiveCall.postMail config snapshot postage refund depth mail (out :: rest) = Except.ok next → (Minidregg.Kernel.ObjectiveCall.messageOf config postage refund depth out).fits = Bool.true ∧ ∃ mail', mail.send (Minidregg.Kernel.ObjectiveCall.messageOf config postage refund depth out) out.destination = Except.ok mail' ∧ Minidregg.Kernel.ObjectiveCall.postMail config snapshot postage refund depth mail' rest = Except.ok next
theorem	Minidregg.Kernel.ObjectiveCall.postMail_deliverable	0fca224b6e87e40b22dfb3609ad8439b5093d69b27c747ef4e60f3062e7d9385	0d93b9f4a359b00f7ca10e6870629ce0d70877af4f36b882076f8a08a20075aa	ab72fdeab4e4068e6bc630dc937b7abf2ea4c6667dcc200717369880176adc9b	998edc0994af407e	Classical.choice,Quot.sound,propext	∀ {rootBytes : Minidregg.Kernel.ObjectiveActivityWire.Bytes → Minidregg.Theory.TypedAuthorization.Digest} {config : Minidregg.Kernel.ObjectiveActivity.Config} {snapshot : Minidregg.Kernel.ObjectiveActivity.Snapshot rootBytes} {postage : Minidregg.Compiler.ObjectiveInvocationClaim.Capacity} {refund : Minidregg.Theory.CanonicalResourceKernel.AccountId} {depth : ℕ} {outs : List Minidregg.Kernel.ObjectiveCall.Outgoing} {mail mail' : Minidregg.Kernel.ObjectiveCall.Mail config snapshot}, Minidregg.Kernel.ObjectiveCall.postMail config snapshot postage refund depth mail outs = Except.ok mail' → ∀ out ∈ outs, ∀ (target : ℕ), out.destination = Minidregg.Kernel.ObjectiveCall.Destination.object target → ∃ d, Minidregg.Kernel.ObjectiveCall.deliverable config snapshot target (Minidregg.Kernel.ObjectiveCall.messageOf config postage refund depth out) = Except.ok d
def	Minidregg.Kernel.ObjectiveCall.queuedData	2855e8b4dadc1d5efc32c5e09d9985615fc98dab90f864aad2c820809e29e6f5	b62e10689af93c192ca62cc78c267a800fc7579ca7f6d5fc9ab4e038a1d6db0f	9b15e1086ac1ca515ec7f0a98dced8b541fcca93ace11ce3103b4a02f13b1534	6bf7cb5905adbc2f	-	Minidregg.Theory.TypedAuthorization.Digest → Minidregg.Theory.ObjectiveBendDemandData.Data
theorem	Minidregg.Kernel.ObjectiveCall.reentry_refused	10794d4f9b0cf0e088de95ae99515b5519a323e001a072e93679127bd6e7c5cc	24f219c7463c61330e6331cac27ecf88de7619c94cead757e41569d52ca2edac	5c04cfa5f8714d86981289767519fc1521509efc7f90eb37f4610b8268286473	6972d32e6b6d6f4d	Classical.choice,Quot.sound,propext	∀ {rootBytes : Minidregg.Kernel.ObjectiveActivityWire.Bytes → Minidregg.Theory.TypedAuthorization.Digest} (config : Minidregg.Kernel.ObjectiveActivity.Config) (snapshot : Minidregg.Kernel.ObjectiveActivity.Snapshot rootBytes) (height : ℕ) (authority : Minidregg.Kernel.ObjectiveCall.Authority) (turn : Minidregg.Kernel.DurableDataIntent.TransactionId) (fuel : ℕ) (stack : List Minidregg.Kernel.ObjectiveCall.Ctx) (call : Minidregg.Kernel.ObjectiveCall.CallPlan) (journal : Minidregg.Kernel.ObjectiveCall.Journal) (ticks : ℕ), (∃ ctx ∈ stack, ctx.object = call.target) → Minidregg.Kernel.ObjectiveCall.exec config snapshot height authority turn (fuel + 1) stack (Minidregg.Kernel.ObjectiveCall.Task.enter call) journal ticks = Except.error (Minidregg.Kernel.ObjectiveCall.CallRefusal.reentry call.target.value (List.map (fun x => x.object.value) stack))
def	Minidregg.Kernel.ObjectiveCall.refundTransfers	f6e9d68cf4ecc3cff2d51ed7fe6a47830088007cde99d72756a33a074652b59a	40c8aa2bb994ac8b31e9436cbc6def8cc70d951c04e066a40633d9017297e874	7877d571cf3562f2be32f33e10e0c529fffba8046daf604d644da7e0ce8c3485	757e3893ef7ebff3	-	Minidregg.Kernel.ObjectiveActivity.Config → List Minidregg.Kernel.ObjectiveCall.Refund → List Minidregg.Theory.CanonicalResourceKernel.Operation
def	Minidregg.Kernel.ObjectiveCall.returnedData	f0eec3eac5d8e1ca5cb0f2c25ca27c5a48c4304c716d51987ad498de34ada95f	b63b531ec94dd33037c8eb9182e858b4905fc30ba2288451dbf6a2f4b70a90c1	e187b48bdf2b3e3c7e4ae6c3c64073d344ae61d105365b4deb3b78b373228819	e70fbf25c1851dea	-	Minidregg.Theory.ObjectiveBendDemandData.Data → Minidregg.Theory.ObjectiveBendDemandData.Data
def	Minidregg.Kernel.ObjectiveCall.rootCall	7b30a9593be98402b87b36cc6c348ec39bf4bba9651dd02a00a838e4d695ee2e	4790ac24c9c722fa0d7ea822f92eb2cd00b929ea4ad3616bed0520abb7ec618c	3e8a672effaf6386ec7e3daabd4ac4f01e09c6d9739f3d1606075fa17b722a3f	025426ef80896b82	-	Minidregg.Kernel.ObjectiveCall.InvokeRequest → Minidregg.Kernel.ObjectiveCall.CallPlan
def	Minidregg.Kernel.ObjectiveCall.rowLabels	2f1c04c0097e4fd19b9107e3a409eb0ffcee4362ffc5c50356c58aa40710adb8	af15e0d2a629bee6403a81eb8366671a939159335a74ea3b03fbd985e4c762ea	546a74d93a1b49ac3fed7d44ca901f704ef7e6ce9082b78a5a89faccbd3a255e	3981d426f8414ece	propext	Minidregg.Theory.ObjectiveBendTypes.Bounds → ℕ → Minidregg.Theory.ObjectiveBendTypes.Ty → Option (List String)
def	Minidregg.Kernel.ObjectiveCall.runCounted	76d4bc8161d459301669b25c3f8eca893ceeca97f15c2456c96141dff8b6e5f9	7fc398a27ab94bb16c846fe00ca56507f23329f96e6fab04bd88d026d3f690d2	86e477270243165b4fe0bf13e54de4a162f10f93d733cc961653f2ac2c9fac61	770296bf82c92c75	Quot.sound,propext	Minidregg.Theory.ObjectiveBendDemandMachine.Limits → ℕ → Minidregg.Theory.ObjectiveBendDemandMachine.State → Minidregg.Theory.ObjectiveBendDemandMachine.Outcome × ℕ
theorem	Minidregg.Kernel.ObjectiveCall.runCounted_left_le	8f5cbf28b85f3de3c25ca1d500c6f6c04fa51bd89319f192893bd95bd16175e8	4f00ca197fab607229177ca553194834e8755f21d6046a1e7c682a20e8e22ea0	ea0fcc9fe2eb1c06109b4825a01ab3e4ccb8f924006d617ce569436f10cc68b0	a5ca41a2b771e532	Quot.sound,propext	∀ (limits : Minidregg.Theory.ObjectiveBendDemandMachine.Limits) (ticks : ℕ) (state : Minidregg.Theory.ObjectiveBendDemandMachine.State), (Minidregg.Kernel.ObjectiveCall.runCounted limits ticks state).2 ≤ ticks
theorem	Minidregg.Kernel.ObjectiveCall.runCounted_outcome	2582fceeb7690e3ead2e06be21b02813ceab0628197e2d058c4f3a9294122436	7befe415f93e471882a8ed5040f51126c7999db78ee6c24bf69ce25b35f640fe	317579404ad4f88ead405239df243b074efe4e42d127b5a445eb2a5411dc9885	f345ef81713545bf	Quot.sound,propext	∀ (limits : Minidregg.Theory.ObjectiveBendDemandMachine.Limits) (ticks : ℕ) (state : Minidregg.Theory.ObjectiveBendDemandMachine.State), (Minidregg.Kernel.ObjectiveCall.runCounted limits ticks state).1 = Minidregg.Theory.ObjectiveBendDemandMachine.runBounded limits ticks state
def	Minidregg.Kernel.ObjectiveCall.spendFrom	3fae007cff44e1ba17f7a71f61b776a576fe3f9599bbe9a8a44d8cb1a54fedac	58de4dcae8136c56a467d1b7a004731d88ec67661d782fd54446be8bc78b944e	aa9e5f88e0edf6b27626f74a777f76db8d33f006adff8a06ba976916999bf148	d65af6c044e27d71	Classical.choice,Quot.sound,propext	List Minidregg.Kernel.ObjectiveCall.Delegation → ℕ → String → Minidregg.Theory.TypedAuthorization.Digest → Minidregg.Theory.ObjectiveBendDemandData.Data → Option ℕ → List Minidregg.Kernel.ObjectiveCall.Grant → ℕ → Option Minidregg.Kernel.ObjectiveCall.CallRefusal → Except Minidregg.Kernel.ObjectiveCall.CallRefusal (Option Minidregg.Kernel.ObjectiveCall.Delegation)
theorem	Minidregg.Kernel.ObjectiveCall.spendFrom_some	e97dafb39f8f4f9dd0cb52ee4745659ce1cd0c681ce8e45a894e0fd5a83008ed	683c91fb7215b9a8924e58bc0350e3c515dd5bd7ac4af27e46f2249e61211128	d3c59857cc421f775c643f6eddc85a45e65db0cfbe57f5e86b6ba79a8cc92cd6	aafb951cfdd4748a	Classical.choice,Quot.sound,propext	∀ {used : List Minidregg.Kernel.ObjectiveCall.Delegation} {object : ℕ} {method : String} {code : Minidregg.Theory.TypedAuthorization.Digest} {args : Minidregg.Theory.ObjectiveBendDemandData.Data} {caller : Option ℕ} (grants : List Minidregg.Kernel.ObjectiveCall.Grant) (index : ℕ) (first : Option Minidregg.Kernel.ObjectiveCall.CallRefusal) (d : Minidregg.Kernel.ObjectiveCall.Delegation), Minidregg.Kernel.ObjectiveCall.spendFrom used object method code args caller grants index first = Except.ok (Option.some d) → ∃ k grant, grants[k]? = Option.some grant ∧ d.grant = index + k ∧ grant.object = object ∧ grant.method = method ∧ d.object = object ∧ d.method = method ∧ d.code = code ∧ d.args = args ∧ d.caller = caller ∧ grant.judge used d.grant code args caller = Minidregg.Kernel.ObjectiveCall.Verdict.admit d.amount
def	Minidregg.Kernel.ObjectiveCall.spendGrant	3c96b1c3ae1c62882ce11b2efae65957c7c9825cf6006228968eae521215c836	761d1e2cc4665c2d9f88acd48f094c561e225ea5b7e3a55813a8bcd00eb4d990	160956cd5c6ac4c33653b30328e7869230a5f5d11cc53e2119b6ac66d7af976d	dcb69a7052b3d77b	Classical.choice,Quot.sound,propext	List Minidregg.Kernel.ObjectiveCall.Grant → List Minidregg.Kernel.ObjectiveCall.Delegation → ℕ → String → Minidregg.Theory.TypedAuthorization.Digest → Minidregg.Theory.ObjectiveBendDemandData.Data → Option ℕ → Except Minidregg.Kernel.ObjectiveCall.CallRefusal (Option Minidregg.Kernel.ObjectiveCall.Delegation)
def	Minidregg.Kernel.ObjectiveCall.stopRefunds	049d51d6ba4eb34c0dc450720a7af62ad2190bca295bb98c7371b2954ce1a277	d19c5e5718594f459c1da1b06406944ea3ac01d62348cc765254eb1f9643aeb8	14be2e61fb5cd8a01e387ec540fe268fb974ea5470deb824b8649d74ed8a9d8a	e7a7147a69449c0e	-	Minidregg.Theory.CanonicalResourceKernel.AccountId → List Minidregg.Kernel.Inbox.Message → List Minidregg.Kernel.ObjectiveCall.Refund
def	Minidregg.Kernel.ObjectiveCall.touch	df16bf03142c8cc88a3b23424a1b7e56be50dc161f218a8c828c4fa1257cc2c1	f38000c188f23f751fe911ed82082078db51898a1cc625cbb34a32613c0fb7d0	62f0b34b23971f45e28d536e3b67adb9ab3aef97aae60f937dc0bb8f823896e7	2f0d06dbc6a5aa4a	Classical.choice,Quot.sound,propext	{rootBytes : Minidregg.Kernel.ObjectiveActivityWire.Bytes → Minidregg.Theory.TypedAuthorization.Digest} → Minidregg.Kernel.ObjectiveActivity.Config → Minidregg.Kernel.ObjectiveActivity.Snapshot rootBytes → Minidregg.Kernel.ObjectiveCall.Journal → Minidregg.Kernel.DurableDataIntent.CellId → Except Minidregg.Kernel.ObjectiveCall.CallRefusal (Minidregg.Kernel.ObjectiveCall.Entry × Minidregg.Kernel.ObjectiveCall.Journal)
theorem	Minidregg.Kernel.ObjectiveCall.touch_delegations	e5e97ab467c12ab2ac97adbed5185f9355a5a5be63e5b09e7f72471e3f0c7327	60f8075909813ae4246788b327e0fd9bce4d1ce10a4a631b8450e557b903b257	be09d6a168c2f7500eccc33cb37c8172d859e5fe1d0135e5284e23fcd54830b0	ce63e55c9a611650	Classical.choice,Quot.sound,propext	∀ {rootBytes : Minidregg.Kernel.ObjectiveActivityWire.Bytes → Minidregg.Theory.TypedAuthorization.Digest} {config : Minidregg.Kernel.ObjectiveActivity.Config} {snapshot : Minidregg.Kernel.ObjectiveActivity.Snapshot rootBytes} {journal journal' : Minidregg.Kernel.ObjectiveCall.Journal} {object : Minidregg.Kernel.DurableDataIntent.CellId} {entry : Minidregg.Kernel.ObjectiveCall.Entry}, Minidregg.Kernel.ObjectiveCall.touch config snapshot journal object = Except.ok (entry, journal') → journal'.grants = journal.grants ∧ journal'.delegations = journal.delegations ∧ journal'.writes = journal.writes
theorem	Minidregg.Kernel.ObjectiveCall.touch_read	678ffa3bbbc905608e36661279608f2ab54eecfa2f6ba839ebdb002f6dec92bf	1d8870fd130d5ac282299871e14adaf99156654b593ee3668f59a6c2ba437523	106f7e0004a7e2b94e2c5d6c82c0b5f56d9ddb16c56c346aadb042a7e4ad664b	5ad39e2e7e911af7	Classical.choice,Quot.sound,propext	∀ {rootBytes : Minidregg.Kernel.ObjectiveActivityWire.Bytes → Minidregg.Theory.TypedAuthorization.Digest} {config : Minidregg.Kernel.ObjectiveActivity.Config} {snapshot : Minidregg.Kernel.ObjectiveActivity.Snapshot rootBytes} {journal journal' : Minidregg.Kernel.ObjectiveCall.Journal} {object : Minidregg.Kernel.DurableDataIntent.CellId} {entry : Minidregg.Kernel.ObjectiveCall.Entry}, Minidregg.Kernel.ObjectiveCall.touch config snapshot journal object = Except.ok (entry, journal') → Minidregg.Kernel.ObjectiveCall.ObjectsRead config snapshot journal → Minidregg.Kernel.ObjectiveCall.ObjectsRead config snapshot journal'
theorem	Minidregg.Kernel.ObjectiveCall.touch_spec	4e7eeead1415bfb6a49df7be965e6ce1e410438c32aef6716496201d3d45f1a2	9309acbc28742fa3c7133159b996c286762e0df30952eb27df84b8da21a0e5d8	4aea974f9fc6e9c2407e06521270ea9caea41a73f102068f8e822f6071cacc88	a569680c5822bd1a	Classical.choice,Quot.sound,propext	∀ {rootBytes : Minidregg.Kernel.ObjectiveActivityWire.Bytes → Minidregg.Theory.TypedAuthorization.Digest} {config : Minidregg.Kernel.ObjectiveActivity.Config} {snapshot : Minidregg.Kernel.ObjectiveActivity.Snapshot rootBytes} {journal journal' : Minidregg.Kernel.ObjectiveCall.Journal} {object : Minidregg.Kernel.DurableDataIntent.CellId} {entry : Minidregg.Kernel.ObjectiveCall.Entry}, Minidregg.Kernel.ObjectiveCall.touch config snapshot journal object = Except.ok (entry, journal') → (∀ (other : Minidregg.Kernel.DurableDataIntent.CellId), other ≠ object → journal'.lookup other = journal.lookup other) ∧ journal'.lookup object = Option.some entry.current ∧ journal'.writes = journal.writes ∧ journal'.frames = journal.frames ∧ journal'.grants = journal.grants
def	Minidregg.Kernel.ObjectiveCall.usesOf	402adea48f0d701709cec61200c7079ed0bdf4a7d1b970c053fa266ebb8687c4	48af24276ff4f221d8349c32801b4bab3966b3574c7bd8a0d4f9a1357d9f9e76	3865e438d74469c5d7e893a472a6924aaa93aae5c9db4a9bc4fdcee6f3428f98	adef6ccec68092ef	-	List Minidregg.Kernel.ObjectiveCall.Delegation → ℕ → List Minidregg.Kernel.ObjectiveCall.Delegation
theorem	Minidregg.Kernel.ObjectiveCall.usesOf_snoc	0dd5b9aa37fad055fa423c8b0c8709e1e0b015bad334b838eb81b390717107ba	d2048d8c1d66f0c665f2dc1606d48807aab2bdc40019a7884c418c0f23088116	3159d9eee4d870a40de1c13fe3308b12e763c115999bb594ea864d15a85b4e36	e1699a8d85fd07cc	Classical.choice,Quot.sound,propext	∀ (used : List Minidregg.Kernel.ObjectiveCall.Delegation) (d : Minidregg.Kernel.ObjectiveCall.Delegation) (index : ℕ), Minidregg.Kernel.ObjectiveCall.usesOf (used ++ [d]) index = Minidregg.Kernel.ObjectiveCall.usesOf used index ++ if d.grant = index then [d] else []
ctor	private Minidregg.Kernel.ObjectiveCall.Deliverable.mk @Kernel.ObjectiveCall	a600c34014197360a0e43c2e0c4420db364cdbe706b28dc19b327b15ed716e5b	981eaa0e3300a99e037aa60780e3a615e628097cf837154d0f277c0724b0cc4b	e73e9355e748eae79b70e8c0d047b6681937721252961dddc2354ea2738c070c	e3ceac5062c2f86f		{rootBytes : Minidregg.Kernel.ObjectiveActivityWire.Bytes → Minidregg.Theory.TypedAuthorization.Digest} → {config : Minidregg.Kernel.ObjectiveActivity.Config} → {snapshot : Minidregg.Kernel.ObjectiveActivity.Snapshot rootBytes} → {target : ℕ} → {message : Minidregg.Kernel.Inbox.Message} → (record : Minidregg.Kernel.ObjectRecord.ObjectRecord) → Minidregg.Kernel.ObjectiveActivity.readObject config snapshot { value := target } = Except.ok (Option.some record) → (view : Minidregg.Kernel.ObjectState) → Minidregg.Kernel.ObjectiveActivity.readState config snapshot { value := target } = Except.ok (Option.some view) → (args : Minidregg.Theory.ObjectiveBendDemandData.Data) → Minidregg.Kernel.ObjectiveActivityWire.decodeDataBytes message.args = Option.some args → (method : Minidregg.Kernel.ObjectiveCall.Method config record.activePin message.method (Minidregg.Kernel.ObjectiveActivity.viewData view) args) → Minidregg.Kernel.ObjectiveCall.loadMethod config target (Minidregg.Kernel.ObjectiveActivity.packageBytes config snapshot record.activePin) record.activePin message.method (Minidregg.Kernel.ObjectiveActivity.viewData view) args = Except.ok method → Minidregg.Kernel.ObjectiveCall.labelsWithin method.applied.assumptions method.planType (Minidregg.Kernel.ObjectiveCall.deliveredPlans message) = Bool.true → Minidregg.Kernel.ObjectiveCall.Deliverable config snapshot target message
ctor	private Minidregg.Kernel.ObjectiveCall.Invocation.mk @Kernel.ObjectiveCall	2cd94b8d18e827c4ad5e30512a5746742947b4cd3c1b18c3feb2a7d1922c3f81	551dc20ba7e52518c3061329e59a022161997f38a82c057f9b68e000d4e918c0	586589b82fda087acee353ca752cb78f70b1fb885d688c887ec6a4d98b212dd6	33112e4fb664dd34		{rootBytes : Minidregg.Kernel.ObjectiveActivityWire.Bytes → Minidregg.Theory.TypedAuthorization.Digest} → {config : Minidregg.Kernel.ObjectiveActivity.Config} → {snapshot : Minidregg.Kernel.ObjectiveActivity.Snapshot rootBytes} → {height : ℕ} → {request : Minidregg.Kernel.ObjectiveCall.InvokeRequest} → config.covers request.envelope = Bool.true → (result : Minidregg.Theory.ObjectiveBendDemandData.Data) → (journal : Minidregg.Kernel.ObjectiveCall.Journal) → (left : ℕ) → Minidregg.Kernel.ObjectiveCall.exec config snapshot height request.authority (Minidregg.Kernel.ObjectiveCall.invokeTransaction request) (Minidregg.Kernel.ObjectiveCall.callFuel request.envelope) [] (Minidregg.Kernel.ObjectiveCall.Task.enter (Minidregg.Kernel.ObjectiveCall.rootCall request)) (Minidregg.Kernel.ObjectiveCall.Journal.start request.grants request.envelope.extractTicks) request.envelope.sourceTicks = Except.ok (result, journal, left) → (journal.outbox ≠ [] → config.covers request.postage = Bool.true) → journal.drained = Bool.true → Minidregg.Kernel.ObjectiveCall.outboxAllowance journal.outbox ≤ request.allowance → (sent : Minidregg.Kernel.ObjectiveCall.Mail config snapshot) → Minidregg.Kernel.ObjectiveCall.postMail config snapshot request.postage request.account 0 Minidregg.Kernel.ObjectiveCall.Mail.empty journal.outbox = Except.ok sent → (mail : Minidregg.Kernel.ObjectiveCall.Mail config snapshot) → Minidregg.Kernel.ObjectiveCall.postControls config snapshot height sent journal.controls = Except.ok mail → (book : Minidregg.Kernel.ObjectiveActivity.BookCell) → Minidregg.Kernel.ObjectiveActivity.loadBook config snapshot = Except.ok book → (posted : Minidregg.Kernel.ObjectiveActivity.Postings book) → posted.batch = Minidregg.Kernel.ObjectiveCall.invokeBatch config (Minidregg.Theory.CanonicalResourceKernel.logicalBook book.logical) request mail → (posts : List Minidregg.Kernel.ObjectiveActivityWire.Post) → posts = journal.posts config snapshot ++ mail.posts ++ [Minidregg.Kernel.ObjectiveActivity.Postings.write config snapshot posted] → Minidregg.Kernel.ObjectiveCall.Invocation config snapshot height request
ctor	private Minidregg.Kernel.ObjectiveCall.Method.mk @Kernel.ObjectiveCall	bcee783880c54abaf77c64e044fa96088e63877d335e205254f50c00224fe40e	b5a514f7cd36d23884c2fc7c91c232c8a9bf9b3887edd2a7ef2a9c8f16ea4c9d	35feffd31a87c42ee3d4ca30deecb0138ee801d9d69554a2c329520d2d976a58	e2c1983c4b87438c		{config : Minidregg.Kernel.ObjectiveActivity.Config} → {pin : Minidregg.Theory.TypedAuthorization.Digest} → {method : String} → {view args : Minidregg.Theory.ObjectiveBendDemandData.Data} → (definition : Minidregg.Kernel.ObjectiveActivity.Replay config pin) → (lowering : Minidregg.Compiler.ObjectiveBendFrontEnd.Lowering) → Minidregg.Compiler.ObjectiveBendPublication.replay (Minidregg.Kernel.ObjectiveCall.methodPackage definition.package method) = Except.ok lowering → (accepted : Minidregg.Compiler.ObjectiveBendFrontEnd.Accepted lowering) → accepted.packet.fuel ≤ config.typeFuel → (applied : Minidregg.Theory.ObjectiveBendTyping.AnnotatedTerm) → (checked : Minidregg.Theory.ObjectiveBendTyping.Checked applied []) → (planType responseType resultType : Minidregg.Theory.ObjectiveBendTypes.Ty) → checked.type = planType.computation responseType resultType → Minidregg.Kernel.ObjectiveCall.labelsWithin applied.assumptions planType Minidregg.Kernel.ObjectiveCall.framePlans = Bool.true → Minidregg.Kernel.ObjectiveCall.labelsWithin applied.assumptions responseType Minidregg.Kernel.ObjectiveCall.frameResponses = Bool.true → Minidregg.Kernel.ObjectiveCall.Method config pin method view args
