# Kernel.PayAssignmentReceiver: Objective contract manifest. Written by `scripts/check-objective-proofs.sh proofs --pin`;
# a removed or changed row needs a line in scripts/gates/objective-contract-changes.txt.
inductive	Minidregg.Kernel.PayAssignmentReceiver.Accepted	94cbc1441b90c3df356cc37084657e7bf8af1ab7cb167ece9dd0e446832e9ab5	1e0bcec50cbd8cf2fdf254903649d80b05a6dd6533f0205d2a2c8306a4960525	f480c9489150ece8d5bc59ce36e9dc97ea1eb791ef7bb3f2067fef8a0338a1b3	fb38e884fbeb9216		{F : Type} → [inst : Field F] → {deployment : Minidregg.Kernel.PayAssignmentReceiver.Deployment} → {profile : Minidregg.Compiler.CanonicalRuntimeProfile.Profile F} → {ambient : Minidregg.Kernel.PayAssignmentReceiver.Ambient} → {durable : Minidregg.Kernel.PayAssignmentReceiver.Durable} → {command : Minidregg.Kernel.PayAssignmentReceiver.Command} → [DecidableEq F] → Minidregg.Kernel.PayAssignmentReceiver.Prepared deployment profile ambient durable command → Minidregg.Kernel.PayAssignmentReceiver.DecodedIngress → Type
theorem	Minidregg.Kernel.PayAssignmentReceiver.Accepted.envelopeExact	f7792d54f8ea9407eb4e2caed2e5b7afcfecaa7c1d3d435eea65b208990ca43d	47ea1f3bb4c9da881560bb4c60568a3929647e2c57b2300c2c691be5951c29cf	0eed178f45a07e9ff9a4bb1c873220b75e3db6601481d082dd7b006feb450c34	02f442bff95172ea	Classical.choice,Quot.sound,propext	∀ {F : Type} [inst : Field F] {deployment : Minidregg.Kernel.PayAssignmentReceiver.Deployment} {profile : Minidregg.Compiler.CanonicalRuntimeProfile.Profile F} {ambient : Minidregg.Kernel.PayAssignmentReceiver.Ambient} {durable : Minidregg.Kernel.PayAssignmentReceiver.Durable} {command : Minidregg.Kernel.PayAssignmentReceiver.Command} [inst_1 : DecidableEq F] {prepared : Minidregg.Kernel.PayAssignmentReceiver.Prepared deployment profile ambient durable command} {ingress : Minidregg.Kernel.PayAssignmentReceiver.DecodedIngress} (self : Minidregg.Kernel.PayAssignmentReceiver.Accepted prepared ingress), self.receipt.envelopeBytes = ingress.ingress.envelope
def	Minidregg.Kernel.PayAssignmentReceiver.Accepted.receipt	e1551bd81726c6d8ccc65a80cdce6eafecfd84e7f4dd254c25bdb8cb6cbc3b21	e138c483981ff57101d10991f487eb020949d624ac6afbd2760ed952781f0129	89f0a64b0b410f1ca0ea8205f269f4df83ca7604f1401438b47079e21e276937	a1231bc40f96983c	Classical.choice,Quot.sound,propext	{F : Type} → [inst : Field F] → {deployment : Minidregg.Kernel.PayAssignmentReceiver.Deployment} → {profile : Minidregg.Compiler.CanonicalRuntimeProfile.Profile F} → {ambient : Minidregg.Kernel.PayAssignmentReceiver.Ambient} → {durable : Minidregg.Kernel.PayAssignmentReceiver.Durable} → {command : Minidregg.Kernel.PayAssignmentReceiver.Command} → [inst_1 : DecidableEq F] → {prepared : Minidregg.Kernel.PayAssignmentReceiver.Prepared deployment profile ambient durable command} → {ingress : Minidregg.Kernel.PayAssignmentReceiver.DecodedIngress} → Minidregg.Kernel.PayAssignmentReceiver.Accepted prepared ingress → Minidregg.Compiler.CredentialSignatureAdmission.CheckedSignature prepared.authority.snapshot
def	Minidregg.Kernel.PayAssignmentReceiver.Accepted.semantic	b4513777fa47245fa962bef18967b3d493f9fe4a93cde61219a303f0a3485035	c42d01a4454e5b335c378cc4014e8f20fbef68afe3bc0ca8ab5ae76c38f86017	91d9f8c8916bc5cc5de443aaef06e630dc69c8f752db7cd11edcc735ec1ef1d2	e2f2a54135e7847e	Classical.choice,Quot.sound,propext	{F : Type} → [inst : Field F] → {deployment : Minidregg.Kernel.PayAssignmentReceiver.Deployment} → {profile : Minidregg.Compiler.CanonicalRuntimeProfile.Profile F} → {ambient : Minidregg.Kernel.PayAssignmentReceiver.Ambient} → {durable : Minidregg.Kernel.PayAssignmentReceiver.Durable} → {command : Minidregg.Kernel.PayAssignmentReceiver.Command} → [inst_1 : DecidableEq F] → {prepared : Minidregg.Kernel.PayAssignmentReceiver.Prepared deployment profile ambient durable command} → {ingress : Minidregg.Kernel.PayAssignmentReceiver.DecodedIngress} → Minidregg.Kernel.PayAssignmentReceiver.Accepted prepared ingress → prepared.SemanticAccepted
inductive	Minidregg.Kernel.PayAssignmentReceiver.AcceptedAssignment	11f6f5f0cc5b85f959546ba416eb8154a40cd133c1eb004ad0020b56553a4271	1a78b9bce7e39e6418789f564a3b677064aeb958e39224108ddc3fb5eecec8e8	a119696c882c7a7c56dfa36ee3f88f1f306d41c5e175119589de6b63c6b0b33f	020cd86131b027de		{F : Type} → [inst : Field F] → [DecidableEq F] → Minidregg.Kernel.PayAssignmentReceiver.Deployment → Minidregg.Compiler.CanonicalRuntimeProfile.Profile F → Minidregg.Kernel.PayAssignmentReceiver.Ambient → Minidregg.Kernel.PayAssignmentReceiver.Durable → Minidregg.Kernel.PayAssignmentReceiver.DecodedIngress → Type
def	Minidregg.Kernel.PayAssignmentReceiver.AcceptedAssignment.accepted	5e407171e6c8f8091308af7bba576bfe8facce9ac27c5e728326e858e7b789bd	0620afada0044be9359f786dc373225d1b1d2cd69c1f82aba76120817fb468f4	c4171d4c16960466b1260662e65cee094af9c48c7da1f673f8235ae1980e2b23	2e77de036e79bb59	Classical.choice,Quot.sound,propext	{F : Type} → [inst : Field F] → [inst_1 : DecidableEq F] → {deployment : Minidregg.Kernel.PayAssignmentReceiver.Deployment} → {profile : Minidregg.Compiler.CanonicalRuntimeProfile.Profile F} → {ambient : Minidregg.Kernel.PayAssignmentReceiver.Ambient} → {durable : Minidregg.Kernel.PayAssignmentReceiver.Durable} → {ingress : Minidregg.Kernel.PayAssignmentReceiver.DecodedIngress} → (self : Minidregg.Kernel.PayAssignmentReceiver.AcceptedAssignment deployment profile ambient durable ingress) → Minidregg.Kernel.PayAssignmentReceiver.Accepted self.prepared ingress
theorem	Minidregg.Kernel.PayAssignmentReceiver.AcceptedAssignment.physical	e0f5a0c9fcbcfd60dfa176d1f49674b9ee8d7007c1632598fbbdaa42b341b90a	4a55e700c9c6b606c999d49828966522c8f78c8b172d928f9d448c9e0ee484ea	1bc28ecadd5f7c75d748514169d7477ec2053935fd8de2e6157929153db2898d	e80e2db6a9842347	Classical.choice,Quot.sound,propext	∀ {F : Type} [inst : Field F] [inst_1 : DecidableEq F] {deployment : Minidregg.Kernel.PayAssignmentReceiver.Deployment} {profile : Minidregg.Compiler.CanonicalRuntimeProfile.Profile F} {ambient : Minidregg.Kernel.PayAssignmentReceiver.Ambient} {durable : Minidregg.Kernel.PayAssignmentReceiver.Durable} {ingress : Minidregg.Kernel.PayAssignmentReceiver.DecodedIngress} (self : Minidregg.Kernel.PayAssignmentReceiver.AcceptedAssignment deployment profile ambient durable ingress), Minidregg.Kernel.PayAssignmentReceiver.PhysicalShape self.prepared
def	Minidregg.Kernel.PayAssignmentReceiver.AcceptedAssignment.prepared	7b590de13e5e839045b4b4713122b9f1e73ac997331b245a13d149a44fe1a9e2	989bffdc9af0edd7e64bbca30ff673b929cd26e9555409982f52ee92dc73dfd2	7c30d2bf4a7bb483d625f1780236ea8a97a3e80b711818464634253055718073	17b93567e950e1ff	Classical.choice,Quot.sound,propext	{F : Type} → [inst : Field F] → [inst_1 : DecidableEq F] → {deployment : Minidregg.Kernel.PayAssignmentReceiver.Deployment} → {profile : Minidregg.Compiler.CanonicalRuntimeProfile.Profile F} → {ambient : Minidregg.Kernel.PayAssignmentReceiver.Ambient} → {durable : Minidregg.Kernel.PayAssignmentReceiver.Durable} → {ingress : Minidregg.Kernel.PayAssignmentReceiver.DecodedIngress} → Minidregg.Kernel.PayAssignmentReceiver.AcceptedAssignment deployment profile ambient durable ingress → Minidregg.Kernel.PayAssignmentReceiver.Prepared deployment profile ambient durable ingress.command
inductive	Minidregg.Kernel.PayAssignmentReceiver.Ambient	56b038a9f199438dc7e0cfb0c504076e85d88c2d0442bb4d879fd8d68db1adc9	16946b93ac38405660f51e475eb5aa7d25b54f5e5677e0f6a10a4526cc071cbf	e2fa817cbae1b70f06a08b7f164defc0c5a1292184424daf798a731c06b2c4b5	d11153cef90fef18		Type
def	Minidregg.Kernel.PayAssignmentReceiver.Ambient.federation	55c95837fffeb22da7e1404ef8990db81e1700e387dcfb90fecf95f0877a56e3	f78d8e0112bf854cdc1bc6c9d054eb612024aaa1930262d0c0eca6eab7a1768c	d5b8c8de6be76864f3833c7c46a69e177dede1bff377b5fdae034951253f7495	9e82bd540136c335	-	Minidregg.Kernel.PayAssignmentReceiver.Ambient → Minidregg.Theory.TypedAuthorization.FederationId
def	Minidregg.Kernel.PayAssignmentReceiver.Ambient.height	464afadced4e7e16d445fc348d8627f7a3ad0bc2dcfa16b360697b56435d792a	c11101a408056dc4690badfdedb3716b885967b3975b042db6097c6c8f7f6f6a	db4671ef1b165106f5f4a628435a176358514dc8a42d1987463fa6968f554e7e	9d899c12942d8be7	-	Minidregg.Kernel.PayAssignmentReceiver.Ambient → Minidregg.Theory.TypedAuthorization.Height
ctor	Minidregg.Kernel.PayAssignmentReceiver.Ambient.mk	6b928ce7e6cd63ef8675dbc444ccad3bd088a5305de904bbac2ebce721fefbe4	138d0a0dc37a9eea33e03d461ec02f3b7668b5b0cb4232ad6918a17eb1f8ec2b	10945d6e43fc2b235925cedfe6ea37028b646d7479d5cc6c2ad3e029443c5677	1b0e570e541face0		Minidregg.Theory.TypedAuthorization.FederationId → Minidregg.Theory.TypedAuthorization.Height → Minidregg.Kernel.PayAssignmentReceiver.Ambient
inductive	Minidregg.Kernel.PayAssignmentReceiver.Command	004102af442b7f6fa9262b94530ed2b0e699647ea9f6dd179998ec0af3d1b615	16946b93ac38405660f51e475eb5aa7d25b54f5e5677e0f6a10a4526cc071cbf	a20882882e67f16baf907c99918e8896e559a89a606551bc7d0c7248baaf45b3	f527922b99e28ef6		Type
def	Minidregg.Kernel.PayAssignmentReceiver.Command.account	e91e2e36d727b2d822abc0b0be8982695a8d0c73ad46a986601dfd8fc96c44d1	8e6e5852d7bba1a6a2ead2bb063ee80cae76fa15b09d6535902c4393f8f0d612	a3aa7b13231a0f5c9173f5603bcc2abb5e635886afc1660b96e272c8de93da27	998db08ca3adbc69	-	Minidregg.Kernel.PayAssignmentReceiver.Command → ℕ
def	Minidregg.Kernel.PayAssignmentReceiver.Command.capability	07e1b9ce21cffbe0884ff269a59f6c27351b036eb87d2c71dedf50e80e4d6667	e5e75ada7dcb0e4b59f6fdd107585b209b680e60a369bfea9d390b88f615e391	dae2c562459f09fda5b2156ebe0d5c20d73323d4fedc50a8293dc2b2b3b24917	db524e7ea8e54418	-	Minidregg.Kernel.PayAssignmentReceiver.Command → Minidregg.Theory.TypedAuthorization.CapabilityId
def	Minidregg.Kernel.PayAssignmentReceiver.Command.expectedAuthorityRoot	7e47fc338ffac51efa23fe632bb9053b44a60ddf530b3e102e58506b576401d2	35a84fe7de38ac9efc9658206ea75cc5aee42b55e40ffc688a54c0d677c6e83b	441e15a132cdad23f39f453640bca4555724e1e2a763362b7ea6d27f690751c8	d33c3315c9ce9e5f	-	Minidregg.Kernel.PayAssignmentReceiver.Command → Minidregg.Theory.TypedAuthorization.Digest
def	Minidregg.Kernel.PayAssignmentReceiver.Command.expectedPayRoot	ca7a01b82cce801e63cc3b5d3a7db87a074f61f6e09f5aad66e47bc93c70649d	35a84fe7de38ac9efc9658206ea75cc5aee42b55e40ffc688a54c0d677c6e83b	07015f62c145244046d09d140aaaf4a8b65e1ef6d0dc9c4f8934cf784d362c41	3a608a5c82a3f90d	-	Minidregg.Kernel.PayAssignmentReceiver.Command → Minidregg.Theory.TypedAuthorization.Digest
def	Minidregg.Kernel.PayAssignmentReceiver.Command.index	01650b7663085d9c7f661f587815c89040a5b496f8c6cebf326dd02ea5c2cfee	8e6e5852d7bba1a6a2ead2bb063ee80cae76fa15b09d6535902c4393f8f0d612	1db8310adb96d32faf8ba0895fe4a6fe555693463983729e9e708c6da4a7af8f	aaa7c0c46e3b4ba3	-	Minidregg.Kernel.PayAssignmentReceiver.Command → ℕ
ctor	Minidregg.Kernel.PayAssignmentReceiver.Command.mk	4aa3010f4fd8658abd902d817074350a55d9abd225d59a8c394e73e2ece6c94b	f506218908d3050501f23b8a98e7a0660eabaacb51eae0fac531e60d48ef8ba9	df6ab68e8d00b9dbbff164ef9ca22191f3fabc63b87c299053f2590b265783bb	4d1d349efca8b4cd		Minidregg.Theory.TypedAuthorization.SubjectId → Minidregg.Theory.TypedAuthorization.CapabilityId → ℕ → ℕ → ℕ → Minidregg.Theory.TypedAuthorization.Digest → Minidregg.Theory.TypedAuthorization.Digest → Minidregg.Kernel.PayAssignmentReceiver.Command
def	Minidregg.Kernel.PayAssignmentReceiver.Command.nonce	ecdfba40d0d83ce670c1e3ba80b88c5f163318b9435c8a35d374bef43df72b87	8e6e5852d7bba1a6a2ead2bb063ee80cae76fa15b09d6535902c4393f8f0d612	88e30a022e2b00e3563253fa8499ff46127fc4cabb60f0aa108b4a72f3d6c1ad	761081e5bf2f4e69	-	Minidregg.Kernel.PayAssignmentReceiver.Command → ℕ
def	Minidregg.Kernel.PayAssignmentReceiver.Command.subject	3ae29139d3a6ff0f315f7f08234d133ebec64c32b8762233ad5a0d9aaf93b676	2ab439b2772ca08a95f4487017e26650bd026b61a012c515fd45be6b5dd8dde0	c487620bae2d532610c213d9e74ecabac675bca879dcf6814d7dff7d2022a678	8acd48c39748ac82	-	Minidregg.Kernel.PayAssignmentReceiver.Command → Minidregg.Theory.TypedAuthorization.SubjectId
inductive	Minidregg.Kernel.PayAssignmentReceiver.Declaration	da79e392e66fc053ea4891b02083bcbd95f3307411084e1df55684ed33f8717f	16946b93ac38405660f51e475eb5aa7d25b54f5e5677e0f6a10a4526cc071cbf	3daaaabbcb8e5e5926293516974ca97fefafd9d630eac6704128c31210a0d51a	43f1b592a79fdf8c		Type
def	Minidregg.Kernel.PayAssignmentReceiver.Declaration.account	d85c16c1624bdcf82458353172612f5c21170ad5454774eec790220e55d76403	ee0e4e3eb2eb31788cdbe530a86b6430c3cb339e40ccf34ab8bb4da937190a50	9dc63b5d083119c889f08e169c3f656ca0486ad04d8b5f59ddf20ec4044d90d6	11c1ad2ae116e3b8	-	Minidregg.Kernel.PayAssignmentReceiver.Declaration → ℕ
def	Minidregg.Kernel.PayAssignmentReceiver.Declaration.expectedPreRoot	8013ef58f32aed15632f4d48fa02559e53d580d7dc708e8110a7032b46ae3bcb	0404e8ff7bd1859d79a3122bc614b111f006046aaa7ae9ac973dd470b3e21e4e	68d478ba2e6afee604dcc48eadb0321324811ae6ca1a1a3a7b2a4a50c8648a3b	3de5e7aa4ab17073	-	Minidregg.Kernel.PayAssignmentReceiver.Declaration → Minidregg.Theory.TypedAuthorization.Digest
def	Minidregg.Kernel.PayAssignmentReceiver.Declaration.index	0b4a04bf3dc1a1f7319000dfae38d9bf97b50bc233bc40450a54b7c4dc69af58	ee0e4e3eb2eb31788cdbe530a86b6430c3cb339e40ccf34ab8bb4da937190a50	8e70ea927f9461a84dcff1c67cf5ba32bc5ec28b7c6df8ab997ba07721ddf0a3	8bf52507511f4757	-	Minidregg.Kernel.PayAssignmentReceiver.Declaration → ℕ
ctor	Minidregg.Kernel.PayAssignmentReceiver.Declaration.mk	c961981b8fe6279e5afdda9e8a43dc79e707afd5cf26d8ec91a3215b011370aa	2fb1cb5d3c6c8d9995def1b08f8ea7bf8257e3b4d54cf1096e161f8dd81a3012	b1fa35d0001f0b8d8dad8f1f415302d08313f751a7ea88f1080c6f0a5fbdd656	c8c0d65fccda2ed7		ℕ → ℕ → Minidregg.Theory.TypedAuthorization.Digest → ℕ → Minidregg.Kernel.PayAssignmentReceiver.Declaration
def	Minidregg.Kernel.PayAssignmentReceiver.Declaration.operationNullifier	05e445bcd57a0800c313f25c6ec2a2dddf492e7e9cffd7d34087c6c0c05052e1	ee0e4e3eb2eb31788cdbe530a86b6430c3cb339e40ccf34ab8bb4da937190a50	803a9eb404b159ff8b9caa7468fa968f809a8c89172c93d851eb692c9ef677c5	0cf043568270b85e	-	Minidregg.Kernel.PayAssignmentReceiver.Declaration → ℕ
inductive	Minidregg.Kernel.PayAssignmentReceiver.DecodedIngress	ac0931a1f064e8e0d38811dbd82d2f19e803d61b3e28e17f180e27a64ccd10b4	16946b93ac38405660f51e475eb5aa7d25b54f5e5677e0f6a10a4526cc071cbf	53780ca7eba899ef0257523e1395992f23eeb3f3042e29997fba50cb9d847c96	58bcdb63e0d9c14b		Type
def	Minidregg.Kernel.PayAssignmentReceiver.DecodedIngress.bytes	28dd4e567b25ee4a859e4d013006d2bc148c7a0c729c9db3acf70d1cf3f49392	0b1a06029f8a2783f12771ebec698f4e7b8c829f1ca8f7c3dc0b3783e09e4967	f14da90d2a097e4bbe019b1ab784e8149e22106188270d21a9c0754c27b1c090	61a3e0472a659dba	Classical.choice,Quot.sound,propext	Minidregg.Kernel.PayAssignmentReceiver.DecodedIngress → List UInt8
theorem	Minidregg.Kernel.PayAssignmentReceiver.DecodedIngress.canonical	81269a63e52252679efda222f2ee1b87a837bc2248ad9ce93ae2c15499f0299f	36b75473738db3c5afaf62c0676206bf3537b60dabd4ac532cfc1cd0b9cc1ce6	deddb01b214d9fa4c00ace1ad14a3eb33b3c7e495101b7434e2b025b34a56b0b	5d4f33ce2a0dbb38	Classical.choice,Quot.sound,propext	∀ (self : Minidregg.Kernel.PayAssignmentReceiver.DecodedIngress), Minidregg.Kernel.PayAssignmentReceiver.commandCodec.encode self.command = self.ingress.commandBytes
def	Minidregg.Kernel.PayAssignmentReceiver.DecodedIngress.command	6d3c50a32050245679998d8d49f46a23ded372e3d1245c5f44d4771f161cc092	4a0beccc249fe49627f8392135e2103c880243a14f2d665f6787d65390eee1ae	c901badc5666ab8a2fd290d4a143011c05b0ff8f210b0510adda586f424a99c8	64bbb31b76fd1050	Classical.choice,Quot.sound,propext	Minidregg.Kernel.PayAssignmentReceiver.DecodedIngress → Minidregg.Kernel.PayAssignmentReceiver.Command
def	Minidregg.Kernel.PayAssignmentReceiver.DecodedIngress.envelope	02d71d548c39d26b8a1ba5837a68b02a6c8ffed83fb62be5e7ead5f086a28084	e6edb77d9c937ec758eda56ca1304f44279b21a4a2668699953e51b7e878b7c9	d7d18f30700494f657ec1a2237e71ead0505a4370a73da8131dd94afe7e5bc6b	1bbf3ace1c9d21bc	Classical.choice,Quot.sound,propext	Minidregg.Kernel.PayAssignmentReceiver.DecodedIngress → Minidregg.Kernel.CredentialSignedEnvelopeController.SignedEnvelope
theorem	Minidregg.Kernel.PayAssignmentReceiver.DecodedIngress.envelopeExact	e3d545986eeb4c2d8952b48a688033ab945f4eaed31d050863886956d00481a1	b0a38fd8b2d99496d0f7c072afb1e45ce3c9ef9195898473e0a747975d4a7466	c66c6c23936a2755e288858538a5d7080a6f02c116fa1f09799fd54bc847ac45	3c447d3c314bc4c9	Classical.choice,Quot.sound,propext	∀ (self : Minidregg.Kernel.PayAssignmentReceiver.DecodedIngress), Minidregg.Compiler.CredentialSignatureAdmission.canonicalEnvelopeCodec.decode self.ingress.envelope = Option.some self.envelope
def	Minidregg.Kernel.PayAssignmentReceiver.DecodedIngress.ingress	b284d695a55ef4514534ce97bccd97b8c90530b9e2d3261e7bc9cf4c97dec1d2	ae82ac90583c7da5eb6735ea1176a39913000ae4a0da671f59a9fb888e476fec	ed77f05264064d160f04a4506a35148ac8e3e02c103249fe9406729abd66312f	786033bd4e33c39e	Classical.choice,Quot.sound,propext	Minidregg.Kernel.PayAssignmentReceiver.DecodedIngress → Minidregg.Kernel.PayAssignmentReceiver.Ingress
def	Minidregg.Kernel.PayAssignmentReceiver.Deployment	c117bda0100453367ed97d5d5cf490eb9620f0bc5ad59f52dd45d0041e195610	89855d392aa192071e8a2b2230d30ecae8fc9de0c15fa6a53f6209226829292a	9e3e45cb98802d8a7a1c4ea8b38de53d5c39b4c63ab41970b98357b483635bd7	8a1d1d9935af54c3	-	Type
def	Minidregg.Kernel.PayAssignmentReceiver.Durable	fc87389cfd00fbed169db42884b4fba9480b2b4ac6789c11a33684be2b5cd037	89855d392aa192071e8a2b2230d30ecae8fc9de0c15fa6a53f6209226829292a	4f05a05658392220c2dc7bbc99063ea3e6c2b69b48e7695a153977ef9a843f4b	fb6452717d283c3b	Classical.choice,Quot.sound,propext	Type
inductive	Minidregg.Kernel.PayAssignmentReceiver.Ingress	6f75b28832c83a41071dc405fdd9c7aa8da804f5c0100b343f3abab49030b09f	16946b93ac38405660f51e475eb5aa7d25b54f5e5677e0f6a10a4526cc071cbf	ce4976161881762a711d007ae92ff448860a63c11866b434c485bb35b66343b3	c2028af705a39605		Type
def	Minidregg.Kernel.PayAssignmentReceiver.Ingress.commandBytes	5f7fea59a80ee31ec29edfd44a55df58943575418eb30aeba8a7d200ad56b1b7	45809fd2a26e94d4e212ec5e052d4984867a2595bbb618206213da467128a62c	817b26eadcf755f1159ce9d64eb8f150848ed765a6b5abd833f4a24a5a933a7c	f465b61beedaebb0	-	Minidregg.Kernel.PayAssignmentReceiver.Ingress → List UInt8
def	Minidregg.Kernel.PayAssignmentReceiver.Ingress.envelope	0dbdd1196f924cae61b966292a01bf236595b93868856605295d10a838da632d	45809fd2a26e94d4e212ec5e052d4984867a2595bbb618206213da467128a62c	e19f578e5f238daff3ca9fda13de783cb4933a3e5051a01af614f22ba27d4f9e	de1fff70d76d86d4	-	Minidregg.Kernel.PayAssignmentReceiver.Ingress → List UInt8
ctor	Minidregg.Kernel.PayAssignmentReceiver.Ingress.mk	a5f1f8fa4f064aa633ae3c1f7552b9b26a64e1f809f99004870f7067697dd09d	923e31bf0e53062e3cbe00aafa7a4455f952e83575f700ab663be28a42a555df	675f2be254bc1a844325520729648fe59cacf884bbf25e5afebf0d0e4b046382	d34c67e7ba08c669		List UInt8 → List UInt8 → Minidregg.Kernel.PayAssignmentReceiver.Ingress
inductive	Minidregg.Kernel.PayAssignmentReceiver.Mode	eb4b74df169a6acbd9ccbda94be6926cf5d4cbe9b6a4964ad378177690cc0284	f0458049214f31856470094a6687576a2853eaceeb9a92d51bd47d654a460d7b	9096920cad562ccdef3aba4b6e1f7bfc067a7caab3ea4c7172bd539428a38add	0fcfe1e16fcc6176		{M : Minidregg.Theory.CellState.Materializer Minidregg.Kernel.PayCell.layout Minidregg.Theory.TypedAuthorization.Digest} → Minidregg.Theory.CellState.Materialized M → Minidregg.Kernel.PayAssignmentReceiver.Declaration → Type
ctor	Minidregg.Kernel.PayAssignmentReceiver.Mode.mk	bad4ba03c1c3edc613d32287cdb4f00ed8b31ae7ec87dc26dc2b2e73aaa70863	a953b5c0bf9ab5b0ed061a82b2e3fb06b0e04c1bfd7042dad454f46d53e67028	381354a44deb5d98d35d267e214f662b5acdc2f0e0b0adb633d7030cac58bc2d	ab90d3b5c51dcea9		{M : Minidregg.Theory.CellState.Materializer Minidregg.Kernel.PayCell.layout Minidregg.Theory.TypedAuthorization.Digest} → {pre : Minidregg.Theory.CellState.Materialized M} → {d : Minidregg.Kernel.PayAssignmentReceiver.Declaration} → d.expectedPreRoot = pre.root → Minidregg.Kernel.PayAssignmentReceiver.Mode pre d
theorem	Minidregg.Kernel.PayAssignmentReceiver.Mode.rootExact	f16af958bd93c2304864dc0445ac644d8db22f7a4b266686e48473060ecbe41c	ae9af2d66edc01772ba96d388fe88b68d505312a1095fa6055b589d95e2063a4	3dec96b87af93e5a4863e3e4c17a5ee2391427da57b4a357ee6c8cf7dd5e2cf0	e716ea98bb1b7fa4	propext	∀ {M : Minidregg.Theory.CellState.Materializer Minidregg.Kernel.PayCell.layout Minidregg.Theory.TypedAuthorization.Digest} {pre : Minidregg.Theory.CellState.Materialized M} {d : Minidregg.Kernel.PayAssignmentReceiver.Declaration} (self : Minidregg.Kernel.PayAssignmentReceiver.Mode pre d), d.expectedPreRoot = pre.root
def	Minidregg.Kernel.PayAssignmentReceiver.PhysicalShape	3a8799167af1f9fc4dd953cafa214c41d01d3ca78bf8ba53c7bb9d85f92d21b6	4c8c99d576cf04a98c2159729c479a859a7db9fc4ce0851fd18573d60818426a	4339038cc57ec57a8a450d52a00331156f2e4a557c94656c959596665b151857	f6ff1ca8a60f237c	Classical.choice,Quot.sound,propext	{F : Type} → [inst : Field F] → {deployment : Minidregg.Kernel.PayAssignmentReceiver.Deployment} → {profile : Minidregg.Compiler.CanonicalRuntimeProfile.Profile F} → {ambient : Minidregg.Kernel.PayAssignmentReceiver.Ambient} → {durable : Minidregg.Kernel.PayAssignmentReceiver.Durable} → {command : Minidregg.Kernel.PayAssignmentReceiver.Command} → Minidregg.Kernel.PayAssignmentReceiver.Prepared deployment profile ambient durable command → Prop := fun {F} [Field F] {deployment} {profile} {ambient} {durable} {command} prepared => (List.map Minidregg.Kernel.DurableDataIntent.DataWrite.cellId (Minidregg.Kernel.PayAssignmentReceiver.writes prepared)).Nodup ∧ (∀ write ∈ Minidregg.Kernel.PayAssignmentReceiver.writes prepared, write.expectedPre = durable.snapshot.model.roots write.cellId) ∧ (∀ write ∈ Minidregg.Kernel.PayAssignmentReceiver.writes prepared, Minidregg.Kernel.ResourceBirthController.Concrete.PhysicalPostLaw deployment write) ∧ (Minidregg.Kernel.PayAssignmentReceiver.policyGuard prepared).cellId ∉ List.map Minidregg.Kernel.DurableDataIntent.DataWrite.cellId (Minidregg.Kernel.PayAssignmentReceiver.writes prepared) ∧ (∀ guard ∈ Minidregg.Kernel.PayAssignmentReceiver.readGuards prepared, guard.expectedRoot = durable.snapshot.model.roots guard.cellId) ∧ (Minidregg.Kernel.PayAssignmentReceiver.lawReadGuards prepared).isSome = Bool.true
inductive	Minidregg.Kernel.PayAssignmentReceiver.Prepared	02087178b3f2d9f04121a61b44f9db48c8ca195830a82a8803abfb20560b42f9	c8a3156c32b3b04984e020d95b72dc67b824f425fce041e326d904560e9ab027	99e425a86dee2839126e3dba9b0c6420f9d150d9a1c5e61b67946662925e2073	4d6e8b90126bcba6		{F : Type} → [inst : Field F] → Minidregg.Kernel.PayAssignmentReceiver.Deployment → Minidregg.Compiler.CanonicalRuntimeProfile.Profile F → Minidregg.Kernel.PayAssignmentReceiver.Ambient → Minidregg.Kernel.PayAssignmentReceiver.Durable → Minidregg.Kernel.PayAssignmentReceiver.Command → Type
def	Minidregg.Kernel.PayAssignmentReceiver.Prepared.SemanticAccepted	b800b23a9da9e3366252f41305157138ba55822486ebf7840be3c3b5274d82ac	e43538236c724be203331cd002ca409b8b1d582e518499955e07f4439f861cbe	d6c7963ac98a302a3c11abc17a1a4e943a2c5e988d702628abdfa119198ea05b	5ec7647b0c5d1372	Classical.choice,Quot.sound,propext	{F : Type} → [inst : Field F] → {deployment : Minidregg.Kernel.PayAssignmentReceiver.Deployment} → {profile : Minidregg.Compiler.CanonicalRuntimeProfile.Profile F} → {ambient : Minidregg.Kernel.PayAssignmentReceiver.Ambient} → {durable : Minidregg.Kernel.PayAssignmentReceiver.Durable} → {command : Minidregg.Kernel.PayAssignmentReceiver.Command} → [DecidableEq F] → Minidregg.Kernel.PayAssignmentReceiver.Prepared deployment profile ambient durable command → Type
def	Minidregg.Kernel.PayAssignmentReceiver.Prepared.authority	a515f5fabbdf9e5c0d52cc8122f764f791cf5982f7a8c5d82e6e6a5d92d9908a	dcf37389d9595b5701fa591442b8c2b9d77953a0616bfea5bfad2c9b530eaced	2af0c7eb0b47c78b3a8ec7d84d80ae416bc5ced84214371bc57437369b1af50b	a5cbaffd7f7f531b	Classical.choice,Quot.sound,propext	{F : Type} → [inst : Field F] → {deployment : Minidregg.Kernel.PayAssignmentReceiver.Deployment} → {profile : Minidregg.Compiler.CanonicalRuntimeProfile.Profile F} → {ambient : Minidregg.Kernel.PayAssignmentReceiver.Ambient} → {durable : Minidregg.Kernel.PayAssignmentReceiver.Durable} → {command : Minidregg.Kernel.PayAssignmentReceiver.Command} → Minidregg.Kernel.PayAssignmentReceiver.Prepared deployment profile ambient durable command → Minidregg.Compiler.CredentialAuthorityDomainReceiver.Loaded deployment durable.snapshot
def	Minidregg.Kernel.PayAssignmentReceiver.Prepared.candidate	24fe3dffeb8388cdf0eb3ac092b9585a88ea23367f099fdad5d917fc19ebcac1	54fd0d538a57fadcd69d31242a37497eb42a88594c0a5fe78680d94b22ca2d18	51fb454556b2969eacec8fc1e77ad4e401f783fa46e112a2f72b3684f8f2a17b	e4fc5f3d9ce9787a	Classical.choice,Quot.sound,propext	{F : Type} → [inst : Field F] → {deployment : Minidregg.Kernel.PayAssignmentReceiver.Deployment} → {profile : Minidregg.Compiler.CanonicalRuntimeProfile.Profile F} → {ambient : Minidregg.Kernel.PayAssignmentReceiver.Ambient} → {durable : Minidregg.Kernel.PayAssignmentReceiver.Durable} → {command : Minidregg.Kernel.PayAssignmentReceiver.Command} → (self : Minidregg.Kernel.PayAssignmentReceiver.Prepared deployment profile ambient durable command) → Minidregg.Theory.PolicyInstall.Candidate (Minidregg.Kernel.PayAssignmentReceiver.family self.authority.snapshot self.pay.cell profile.semantics ambient command) self.pay.cell (Minidregg.Kernel.PayAssignmentReceiver.declaration self.authority.snapshot.domain profile.semantics command) ()
theorem	Minidregg.Kernel.PayAssignmentReceiver.Prepared.decided	8bc7d014e30f35d88cea96c1c0b063b0fa427df059cfe2a07ac6fc29edc74f4a	f34b1157396355856919ed3ab622219813cd610081b6b28fd11421ef06e8a860	233387c43509b556a4c82af69680d1ad1160d6e5d4185c75fd704c0335b022f2	9a53ecf04421a759	Classical.choice,Quot.sound,propext	∀ {F : Type} [inst : Field F] {deployment : Minidregg.Kernel.PayAssignmentReceiver.Deployment} {profile : Minidregg.Compiler.CanonicalRuntimeProfile.Profile F} {ambient : Minidregg.Kernel.PayAssignmentReceiver.Ambient} {durable : Minidregg.Kernel.PayAssignmentReceiver.Durable} {command : Minidregg.Kernel.PayAssignmentReceiver.Command} (self : Minidregg.Kernel.PayAssignmentReceiver.Prepared deployment profile ambient durable command), Minidregg.Kernel.PayAssignmentReceiver.decideAssignment self.pay.cell.logical (Minidregg.Theory.CredentialAuthorityState.readCapability self.authority.snapshot.cell Minidregg.Theory.TypedAuthorization.ResourceKind.account command.capability) command.subject command.account command.index = Except.ok ()
def	Minidregg.Kernel.PayAssignmentReceiver.Prepared.directory	9b0ec56563c028adca9680ff908f2a5e12c2becb033dcd7980a447dec5667e30	00e8805882292c7ed4603805e35435c60995182e896ae8e012a9070334ed6215	0041606353e504493480369716a4167f9b950bd21841e1daa9dffc07d69c3bb2	5039d956cef45dd9	Classical.choice,Quot.sound,propext	{F : Type} → [inst : Field F] → {deployment : Minidregg.Kernel.PayAssignmentReceiver.Deployment} → {profile : Minidregg.Compiler.CanonicalRuntimeProfile.Profile F} → {ambient : Minidregg.Kernel.PayAssignmentReceiver.Ambient} → {durable : Minidregg.Kernel.PayAssignmentReceiver.Durable} → {command : Minidregg.Kernel.PayAssignmentReceiver.Command} → Minidregg.Kernel.PayAssignmentReceiver.Prepared deployment profile ambient durable command → Minidregg.Compiler.CredentialAuthorityDomainReceiver.LoadedDirectory durable
theorem	Minidregg.Kernel.PayAssignmentReceiver.Prepared.owner	ca75a25294d8a7d223bee4ef518174ed38e12b2714eac4d1ef2f64c78226b367	a1366c78ae52396cf9e2173cf1964c02a05eba87de3e7810136600ccbcd76ace	6d6989eb1983fce09a10bea82c327965c0e36e5e65cc9edac06a6f12588cea7c	1a206fd78d062706	Classical.choice,Quot.sound,propext	∀ {F : Type} [inst : Field F] {deployment : Minidregg.Kernel.PayAssignmentReceiver.Deployment} {profile : Minidregg.Compiler.CanonicalRuntimeProfile.Profile F} {ambient : Minidregg.Kernel.PayAssignmentReceiver.Ambient} {durable : Minidregg.Kernel.PayAssignmentReceiver.Durable} {command : Minidregg.Kernel.PayAssignmentReceiver.Command} (prepared : Minidregg.Kernel.PayAssignmentReceiver.Prepared deployment profile ambient durable command), Minidregg.Kernel.PayAssignmentReceiver.OwnerGrant (Minidregg.Theory.CredentialAuthorityState.readCapability prepared.authority.snapshot.cell Minidregg.Theory.TypedAuthorization.ResourceKind.account command.capability) command.subject command.account
def	Minidregg.Kernel.PayAssignmentReceiver.Prepared.pay	7f9488b4055a1ae9eb6ae3ffc136b134464af68af5ef5a1bbf3a8662e5252b84	6a711c5531cf40acdf76b83fb1a1a56feb76b7013c92b949a2266746658e0e82	da82e6347970ef5d72c1b19bf3f5f63e9b576c4520782b1ffcb76f9ee2715565	9a6c9b70a123b7d6	Classical.choice,Quot.sound,propext	{F : Type} → [inst : Field F] → {deployment : Minidregg.Kernel.PayAssignmentReceiver.Deployment} → {profile : Minidregg.Compiler.CanonicalRuntimeProfile.Profile F} → {ambient : Minidregg.Kernel.PayAssignmentReceiver.Ambient} → {durable : Minidregg.Kernel.PayAssignmentReceiver.Durable} → {command : Minidregg.Kernel.PayAssignmentReceiver.Command} → Minidregg.Kernel.PayAssignmentReceiver.Prepared deployment profile ambient durable command → Minidregg.Kernel.PayCellDomain.Loaded deployment durable.snapshot
def	Minidregg.Kernel.PayAssignmentReceiver.Prepared.payPost	909459653fca7d53e72f2435b4beaf81a510d64b20b0c6b3c5f62047d541c70d	030a5eca5e1fa3d3bf0ad608428a650ff0d7d68510178d1fc4efc329057a7e65	4a1c5813e32c693e2e90e8a493e90badabd40a3523bcc6a17502261a27ed1ef6	b56c499924057921	Classical.choice,Quot.sound,propext	{F : Type} → [inst : Field F] → {deployment : Minidregg.Kernel.PayAssignmentReceiver.Deployment} → {profile : Minidregg.Compiler.CanonicalRuntimeProfile.Profile F} → {ambient : Minidregg.Kernel.PayAssignmentReceiver.Ambient} → {durable : Minidregg.Kernel.PayAssignmentReceiver.Durable} → {command : Minidregg.Kernel.PayAssignmentReceiver.Command} → Minidregg.Kernel.PayAssignmentReceiver.Prepared deployment profile ambient durable command → Minidregg.Kernel.PayCell.Cell
theorem	Minidregg.Kernel.PayAssignmentReceiver.Prepared.post_binds	17038149bed7c0cd194b2294f421b38301c82090263a5573dd2d0c50b9082b2b	b653bc8e0f4856dbd250081722fe5e3951d393095ef52dc8471123394fc9ef64	69542255adcf2a97da93d0fa6b1b67645c408a13cee0cf691cf42864893434b7	c6d47a6c0d28cb12	Classical.choice,Quot.sound,propext	∀ {F : Type} [inst : Field F] {deployment : Minidregg.Kernel.PayAssignmentReceiver.Deployment} {profile : Minidregg.Compiler.CanonicalRuntimeProfile.Profile F} {ambient : Minidregg.Kernel.PayAssignmentReceiver.Ambient} {durable : Minidregg.Kernel.PayAssignmentReceiver.Durable} {command : Minidregg.Kernel.PayAssignmentReceiver.Command} (prepared : Minidregg.Kernel.PayAssignmentReceiver.Prepared deployment profile ambient durable command), Minidregg.Kernel.PayCell.assignmentAt prepared.payPost.logical command.index = Option.some command.account
def	Minidregg.Kernel.PayAssignmentReceiver.Prepared.source	ac9c73d182e83207b320028c94ce1c005faf2a411b7c425ed649db4a21557f19	47d6575299ade0a32f14a12644f0be0fe191b1c052474aa42f98873094ec6f26	8449644e990ec957d7558a8a3d70be2c0e0d419db169e068724eeba10cbc8843	a6eeff26b4d13140	Classical.choice,Quot.sound,propext	{F : Type} → [inst : Field F] → {deployment : Minidregg.Kernel.PayAssignmentReceiver.Deployment} → {profile : Minidregg.Compiler.CanonicalRuntimeProfile.Profile F} → {ambient : Minidregg.Kernel.PayAssignmentReceiver.Ambient} → {durable : Minidregg.Kernel.PayAssignmentReceiver.Durable} → {command : Minidregg.Kernel.PayAssignmentReceiver.Command} → (self : Minidregg.Kernel.PayAssignmentReceiver.Prepared deployment profile ambient durable command) → Minidregg.Compiler.CanonicalCellRegistry.LoadedPolicySource self.authority.snapshot.domain self.directory.directory (self.authority.snapshot.authState.policyAddress { value := command.account } (self.authority.snapshot.authState.policyRevision { value := command.account }))
inductive	Minidregg.Kernel.PayAssignmentReceiver.Receipt	e5db6a1dc40a72dd5ac9f461548b0460a01437de07b1240ce2929d503b02d5de	16946b93ac38405660f51e475eb5aa7d25b54f5e5677e0f6a10a4526cc071cbf	e7f61c99d4182408b7046631fc637506863d92c2b0a76c1281db18037a40e2b4	ce8acdd97938c5f4		Type
def	Minidregg.Kernel.PayAssignmentReceiver.Receipt.eventId	27268b52512f7b55a615ae049d0539452213d564f8f6eb8f4aaf8919b232f174	ded6ae8c44ddccf8b981f7ec627b871e94b80ab5aa709fc354c6d9c68546aedc	2bb60ffd015b9b84c2dd14ab3977222fcb936a05bfbe308838ca6f0a2d075be8	d40f67b03712b98f	-	Minidregg.Kernel.PayAssignmentReceiver.Receipt → Minidregg.Theory.TypedAuthorization.Digest
ctor	Minidregg.Kernel.PayAssignmentReceiver.Receipt.mk	dda2149ad0334253fd9847021818324211fe56de62b6a88236ded0b25c4712e9	d5bceb733e7c343cc406219d2892b53b91de8e23dd1674ba87e3e6c3974ed44b	bb28c07165240f339c50ad7ba64861cb01669a5b5a66783cbc5d86f3280edc7c	99378628659b2c3a		Minidregg.Theory.TypedAuthorization.Digest → Minidregg.Theory.TypedAuthorization.Digest → Minidregg.Kernel.PayAssignmentReceiver.Receipt
def	Minidregg.Kernel.PayAssignmentReceiver.Receipt.transactionId	d82d9399c6962c191e80d829a16dc16f150aa75848b8a6024fb93d19c89a2de2	ded6ae8c44ddccf8b981f7ec627b871e94b80ab5aa709fc354c6d9c68546aedc	b36a55a3a3524eefad0fbc2da8e333f37c5a01a9cdd7d84f2d29d665ba5ff6ce	be49b780f98d28cd	-	Minidregg.Kernel.PayAssignmentReceiver.Receipt → Minidregg.Theory.TypedAuthorization.Digest
def	Minidregg.Kernel.PayAssignmentReceiver.Registry	58425530d0d7e19244dda78fc7bc6eaa496bb0bc19d84cbec99522decf2b21b5	44f45dd1328f53e20f968e4cb0fcc73a571ffc84e263b64c9457558544039a9a	20f5948fe2f5495b0f16b50399a04837371b3bb49367d4070ea9e20f09196913	5e5a7f7342a1674c	Classical.choice,Quot.sound,propext	Minidregg.Theory.CellRegistry.TypeRegistry Minidregg.Theory.TypedAuthorization.Digest
inductive	Minidregg.Kernel.PayAssignmentReceiver.Reject	5a5b6a0fd0cd93de46e0a12c136b7a5f647245f16cf8eeb59634f8b62593795b	16946b93ac38405660f51e475eb5aa7d25b54f5e5677e0f6a10a4526cc071cbf	e1a9c9a7b853d47505f1c6a35a9f116f9028db696eb49059f659ba290d8237f0	fa64d89cad53a3a1		Type
ctor	Minidregg.Kernel.PayAssignmentReceiver.Reject.alreadyAssigned	1f094e5b09d4a0aaa8851609959ebbe7913518e58f62a939112b7ae743e42e03	749f45c08ece6e44dde41abde402ed88f65ee3051dbf55f37bb62c2c77dbd92f	e0da4dc5a763e21efe68ab4dbb04613796765b261fc9724583997802be61966d	fac41ae53f9d97ff		Minidregg.Kernel.PayAssignmentReceiver.Reject
def	Minidregg.Kernel.PayAssignmentReceiver.Reject.alreadyAssigned.elim	06b7c9c693774773513a676f496464020d865435fa5254646a031b7e26a70f0f	04ed619dfabf58a31998b36db782ef1c8f89ae7d78689bfb0b02a7e6975c7b6d	a8b5ac6ee628dfa7b40e14aa090c3ee90649a857599dcd92a1d207a89d243621	289e1956de10cace	-	{motive : Minidregg.Kernel.PayAssignmentReceiver.Reject → Sort u} → (t : Minidregg.Kernel.PayAssignmentReceiver.Reject) → t.ctorIdx = 8 → motive Minidregg.Kernel.PayAssignmentReceiver.Reject.alreadyAssigned → motive t
ctor	Minidregg.Kernel.PayAssignmentReceiver.Reject.authorityUnavailable	0a8a4f392b847aa224ecc8339dad545e68fdda53c7fadd13ff438ee8a2911a79	749f45c08ece6e44dde41abde402ed88f65ee3051dbf55f37bb62c2c77dbd92f	6ae63623ef5242f3ce1ddce2c12179a929526bcf2a1c13cc44bb15d9d57a59a3	bf9aa703834443b6		Minidregg.Kernel.PayAssignmentReceiver.Reject
def	Minidregg.Kernel.PayAssignmentReceiver.Reject.authorityUnavailable.elim	a0356668abbe7adb7debe432c752d8c4df7337ac51a3ef954f5da87daee77d53	13e560a3dd41c554465d00b8390257365ceb251c525d8e1ea73cd5665e5bb959	5a2a2f0ab2a382ab2d60302ff61d90b6c055424e0dd7301a69214620c27c251a	ab4d91aff530936c	-	{motive : Minidregg.Kernel.PayAssignmentReceiver.Reject → Sort u} → (t : Minidregg.Kernel.PayAssignmentReceiver.Reject) → t.ctorIdx = 2 → motive Minidregg.Kernel.PayAssignmentReceiver.Reject.authorityUnavailable → motive t
ctor	Minidregg.Kernel.PayAssignmentReceiver.Reject.bookExhausted	9dee489f79e797fb50fb22a05fedcd8a4dc50d2902a76c249beee89fe6cb5f75	749f45c08ece6e44dde41abde402ed88f65ee3051dbf55f37bb62c2c77dbd92f	c66d1550253bfdf0363c64aa203a62f7ad165d19320b5dd7a57bd2cc9d85f5d9	a3004a0f3e9e441a		Minidregg.Kernel.PayAssignmentReceiver.Reject
def	Minidregg.Kernel.PayAssignmentReceiver.Reject.bookExhausted.elim	84247475a8b55f316afa771efa0d8202be982262910f5ff379041d90f1ef780e	44469ee98ea8fac9d57afc02093d8fb9ad6a028d0a8464fe7cb26f40ab8ad9b1	05715841fbce7b897e1b2ba7eb60b1a6cd1a35b6bb37e1bf0479296ed97e9da6	714825f50d2fc723	-	{motive : Minidregg.Kernel.PayAssignmentReceiver.Reject → Sort u} → (t : Minidregg.Kernel.PayAssignmentReceiver.Reject) → t.ctorIdx = 10 → motive Minidregg.Kernel.PayAssignmentReceiver.Reject.bookExhausted → motive t
ctor	Minidregg.Kernel.PayAssignmentReceiver.Reject.capabilityRejected	1ee521d240ee45380d379a15b24e5ac593d1ce02aaacacbe8bf3b3fcfb3eb404	749f45c08ece6e44dde41abde402ed88f65ee3051dbf55f37bb62c2c77dbd92f	51046a0abb7ec7cb8b6968b09d708d19aa04719225e23746dd04e70a3807f1c7	62627f6ad46129d1		Minidregg.Kernel.PayAssignmentReceiver.Reject
def	Minidregg.Kernel.PayAssignmentReceiver.Reject.capabilityRejected.elim	4bff977e12adc9f1500bfca2fac1f8b33a3aa2517e2af87433db73f5d5b31f35	58da0baa9aa7f25fff55993ae29c4e422c1f1adf0842dafbe3b6771379c919dc	3268c97b7d528848700a5783b326662d46dd5e62afb25f64b2fad769ac4aacac	9706b76d08298c0d	-	{motive : Minidregg.Kernel.PayAssignmentReceiver.Reject → Sort u} → (t : Minidregg.Kernel.PayAssignmentReceiver.Reject) → t.ctorIdx = 15 → motive Minidregg.Kernel.PayAssignmentReceiver.Reject.capabilityRejected → motive t
ctor	Minidregg.Kernel.PayAssignmentReceiver.Reject.directoryUnavailable	0d0a1fd829376019bc0db63b7f96df0045bca6b98c7d8e65b0dcd5cd16c99fc4	749f45c08ece6e44dde41abde402ed88f65ee3051dbf55f37bb62c2c77dbd92f	bc19285da144683b08c99f12ecf3148078fd9292481f1d3b921297e8c704f8a4	15bbf70ecfba2232		Minidregg.Kernel.PayAssignmentReceiver.Reject
def	Minidregg.Kernel.PayAssignmentReceiver.Reject.directoryUnavailable.elim	1b31740dda9804ced52587fd521f469750eb1cf1c03ffdce28d8b6c8c02ef339	dda5bf8bd6f9e195c2695f7e48fa819afa3f35bc4fee1257b849faa63f718ffc	8943ebe6fa249137aa23e6619277d053362c8e173130438ef0e4436192aafd08	76f41c6a73adce43	-	{motive : Minidregg.Kernel.PayAssignmentReceiver.Reject → Sort u} → (t : Minidregg.Kernel.PayAssignmentReceiver.Reject) → t.ctorIdx = 1 → motive Minidregg.Kernel.PayAssignmentReceiver.Reject.directoryUnavailable → motive t
ctor	Minidregg.Kernel.PayAssignmentReceiver.Reject.indexNotNext	e561f5a0add3c41cad15590f643b439b2f05661d522587f32c9eb92e4865f4f4	749f45c08ece6e44dde41abde402ed88f65ee3051dbf55f37bb62c2c77dbd92f	b7d12cbdffa88950ecd0f6d5a61047bcdb96ac30aade88e3776e2f9506a25dd4	4156e7ced39ebda3		Minidregg.Kernel.PayAssignmentReceiver.Reject
def	Minidregg.Kernel.PayAssignmentReceiver.Reject.indexNotNext.elim	7041b0676d1f0e57760dc0ee26558e5d4af88fdba4e4b9bef216a556001c2cf5	5d17188419a40a8ba03d3e560a09ea171b86e9d19efa34b4bd4e1f41d469f452	d5a7420a5f467ab0831fea83ac4af4d5387e9607c046b4340dd5a48bc67ff2e8	260f2d535f9dfa3c	-	{motive : Minidregg.Kernel.PayAssignmentReceiver.Reject → Sort u} → (t : Minidregg.Kernel.PayAssignmentReceiver.Reject) → t.ctorIdx = 9 → motive Minidregg.Kernel.PayAssignmentReceiver.Reject.indexNotNext → motive t
ctor	Minidregg.Kernel.PayAssignmentReceiver.Reject.malformedIngress	5e57a2a15574ab449297808e546fea3eb0f2b42a993927e373ed8bcd7f9b84fc	749f45c08ece6e44dde41abde402ed88f65ee3051dbf55f37bb62c2c77dbd92f	364bc5c42a2a6cfc797e6aba72c9d51b0f645b4f2b098761bdbaced7379b4d80	d306323bf8efe933		Minidregg.Kernel.PayAssignmentReceiver.Reject
def	Minidregg.Kernel.PayAssignmentReceiver.Reject.malformedIngress.elim	10a22add3baf8d01cf39192f803791ce3f39bfbddf9f631dee45e74deb6cc99c	363b265f4fe1b96a82a497da666d817409b6098199b1910772c934a01801b6db	aaab5c2d59f04d1fb49ffeba5d71b57a7c2bd9797b78fad4be70a9912160fa04	8ef6e97c3630f3e3	-	{motive : Minidregg.Kernel.PayAssignmentReceiver.Reject → Sort u} → (t : Minidregg.Kernel.PayAssignmentReceiver.Reject) → t.ctorIdx = 0 → motive Minidregg.Kernel.PayAssignmentReceiver.Reject.malformedIngress → motive t
ctor	Minidregg.Kernel.PayAssignmentReceiver.Reject.notOwner	1d9261f8d84c56198dbeafd10bfb6629443ceaa2339d0258d1aa6d315845c329	749f45c08ece6e44dde41abde402ed88f65ee3051dbf55f37bb62c2c77dbd92f	547b4e3da0eda5e1c79ef7d17dbfa5acdd9ce6a5c80893f1db459c98f25d9a9c	6cb90b17f8270030		Minidregg.Kernel.PayAssignmentReceiver.Reject
def	Minidregg.Kernel.PayAssignmentReceiver.Reject.notOwner.elim	d57fc3173648518cd913b5c3adb270babaa580dfe372ec9fdd3a9e76bed8d68f	8c0b31de0e1dd31d2b36dd8c16393e15df0027a472bcd1b6ef491a3150450057	30164ba9c094de3ffbfab6d4c7b462e5b9cd007a3817f7c36504e9f239f72f57	524dbb3e1a1dd334	-	{motive : Minidregg.Kernel.PayAssignmentReceiver.Reject → Sort u} → (t : Minidregg.Kernel.PayAssignmentReceiver.Reject) → t.ctorIdx = 7 → motive Minidregg.Kernel.PayAssignmentReceiver.Reject.notOwner → motive t
ctor	Minidregg.Kernel.PayAssignmentReceiver.Reject.payUnavailable	4f9372727551e37bb4b449603e544fcee36fc111186397d48b1fc63e69d911aa	749f45c08ece6e44dde41abde402ed88f65ee3051dbf55f37bb62c2c77dbd92f	05602304cf9c0cb06bcf8fe2422a38a18d474f0ace21f1552832a45e7f34afd1	06b5e37fbf0a4b72		Minidregg.Kernel.PayAssignmentReceiver.Reject
def	Minidregg.Kernel.PayAssignmentReceiver.Reject.payUnavailable.elim	5efa420abc6c74dcf7b8443be8e248951e00844386cd5170028d4fa864673d9e	44885b871f59fb6d35b3073af1a6885c18d82a24a5654c58b9c3a9e06f0577ae	b73cc48e36a168a05c903ea3a03c0460dbadd051572fa43df65c7fa6829e8dda	6283cb4ef689bad3	-	{motive : Minidregg.Kernel.PayAssignmentReceiver.Reject → Sort u} → (t : Minidregg.Kernel.PayAssignmentReceiver.Reject) → t.ctorIdx = 3 → motive Minidregg.Kernel.PayAssignmentReceiver.Reject.payUnavailable → motive t
ctor	Minidregg.Kernel.PayAssignmentReceiver.Reject.physicalPreparation	c88b89590a34e82912837c065181daa5fe83bd17cc6ddd63581274c05c7185d0	749f45c08ece6e44dde41abde402ed88f65ee3051dbf55f37bb62c2c77dbd92f	06dec650a7f8b2714535044f0d4beb41e8c6d5217f91d3df6d9ffa94d05b0e27	a95b58e5a5b82c8c		Minidregg.Kernel.PayAssignmentReceiver.Reject
def	Minidregg.Kernel.PayAssignmentReceiver.Reject.physicalPreparation.elim	4c03b903399a5c921d31edb70751e42d0ef1f3c8d9aa5b06a9147c98bfd9048f	a0d881625c983f474c8a2184228fb8d31997438e94a3a51e6e011cf4c951811e	a29d308a41433d162876840613da64c6376cfd8c4a67c521d8f6c822bb53d269	6462c8c6d444d4e9	-	{motive : Minidregg.Kernel.PayAssignmentReceiver.Reject → Sort u} → (t : Minidregg.Kernel.PayAssignmentReceiver.Reject) → t.ctorIdx = 13 → motive Minidregg.Kernel.PayAssignmentReceiver.Reject.physicalPreparation → motive t
ctor	Minidregg.Kernel.PayAssignmentReceiver.Reject.policyCastAlias	dda43465ba99dd719112b30d399ad2dfdd127f2eadb25d4557b76a92e6561f05	749f45c08ece6e44dde41abde402ed88f65ee3051dbf55f37bb62c2c77dbd92f	dd84fd1520290d476ee6f65474a81a525ef56e9a34207ad11f43b63158393f57	796b4b20b098b69a		Minidregg.Kernel.PayAssignmentReceiver.Reject
def	Minidregg.Kernel.PayAssignmentReceiver.Reject.policyCastAlias.elim	cb822708c7ad89477178affe5fefd6b6fa8fbaa5a376f34c74110e3fb92a338a	f9a0ad7a9e8e4c5338307828093eb3667256de5b9c4696fc0414ee41054b65fa	0edd5374ab72ecbd97f674c8e95348bd22cad114c15ff75f3effd90dffa5a440	8a2f844d1eefd4c9	-	{motive : Minidregg.Kernel.PayAssignmentReceiver.Reject → Sort u} → (t : Minidregg.Kernel.PayAssignmentReceiver.Reject) → t.ctorIdx = 18 → motive Minidregg.Kernel.PayAssignmentReceiver.Reject.policyCastAlias → motive t
ctor	Minidregg.Kernel.PayAssignmentReceiver.Reject.policyInputRange	dd93f85130be3a95b0823dbb36976eebb6530914f7604c37094953201fc7688b	749f45c08ece6e44dde41abde402ed88f65ee3051dbf55f37bb62c2c77dbd92f	d9fe2790fc598a42e5a4e773925e2fca64690eb682364dc2b02a8c5d2db87546	68435017ea8e2ead		Minidregg.Kernel.PayAssignmentReceiver.Reject
def	Minidregg.Kernel.PayAssignmentReceiver.Reject.policyInputRange.elim	98d6bf96aff50e523da25c558db62cb91958c2d327c13369631bcba9198f397a	898b3e5a6e44ba4c38e9588a3a60aa53f80b198dc4332a5beb281a3090b55fa0	bee744762d6787a186c73cd2a95bddead125148e52b87b31fd4208e3fa956bef	e7100b4b87651d17	-	{motive : Minidregg.Kernel.PayAssignmentReceiver.Reject → Sort u} → (t : Minidregg.Kernel.PayAssignmentReceiver.Reject) → t.ctorIdx = 17 → motive Minidregg.Kernel.PayAssignmentReceiver.Reject.policyInputRange → motive t
ctor	Minidregg.Kernel.PayAssignmentReceiver.Reject.policyRejected	14d8d95ba4ebaaf3761f26fda9c9aecda7ff0c21b11234a18d7907c0c092efe3	749f45c08ece6e44dde41abde402ed88f65ee3051dbf55f37bb62c2c77dbd92f	3f0aebcd8453cfde265ee38546ea491c19972ea1899dcbb4d7af183cbcb8ce18	88ba7a14c04c76d3		Minidregg.Kernel.PayAssignmentReceiver.Reject
def	Minidregg.Kernel.PayAssignmentReceiver.Reject.policyRejected.elim	77215a05c215e633f0e612ade42d8f5d3f562a2771fd992b5b6e3087476e7889	eb3d669b31e8700595a504574781884937f5befa6b2223582f00325d6524bccb	90f80f33c928ca335ad9e5a350e4e15b80fc7e1917906da51862f49f72456d7b	56191ba594d898ef	-	{motive : Minidregg.Kernel.PayAssignmentReceiver.Reject → Sort u} → (t : Minidregg.Kernel.PayAssignmentReceiver.Reject) → t.ctorIdx = 16 → motive Minidregg.Kernel.PayAssignmentReceiver.Reject.policyRejected → motive t
ctor	Minidregg.Kernel.PayAssignmentReceiver.Reject.policyUnavailable	93b3958872a11eca6badbf4cb47008925b876b87e1c59fe6b10ce7af06fe7bad	749f45c08ece6e44dde41abde402ed88f65ee3051dbf55f37bb62c2c77dbd92f	87b64cde823d38195a9afefac3f32516f0f9ac2e72b10ffb6fcac620bcea22cc	026546aff1175de8		Minidregg.Kernel.PayAssignmentReceiver.Reject
def	Minidregg.Kernel.PayAssignmentReceiver.Reject.policyUnavailable.elim	a66b9dfaa94cdc1cabf3de389bdc2b5b8a4b0e6d453c767134529b4a4e9cd0d7	39ab766f203d5e202cccac4180ce029ff43f2ec26a63cb135baf1eda3edcef3d	e3faa9888f6b59a2717fcce35c09015729b314d456cf6c4783418d8ad474d397	ca0d374e07c120bc	-	{motive : Minidregg.Kernel.PayAssignmentReceiver.Reject → Sort u} → (t : Minidregg.Kernel.PayAssignmentReceiver.Reject) → t.ctorIdx = 14 → motive Minidregg.Kernel.PayAssignmentReceiver.Reject.policyUnavailable → motive t
ctor	Minidregg.Kernel.PayAssignmentReceiver.Reject.replayedMarker	c31ef3a60a3d6a48facbb745df4bf860e25a5a85820d8c60ab927d241f6a8d1f	749f45c08ece6e44dde41abde402ed88f65ee3051dbf55f37bb62c2c77dbd92f	ea7c2f328a3200d7150fbe83287f74665861f8c4c5a2f0701d837558e1341fde	a2a7155baf9d0363		Minidregg.Kernel.PayAssignmentReceiver.Reject
def	Minidregg.Kernel.PayAssignmentReceiver.Reject.replayedMarker.elim	5759b3bfc8f771a961fe4cd8a58dca3e75ca5c615a02ef557f3302ff9a9d1033	72cca1f5fd8a0a7482c851816eae608fe3c0e4ca9dd1bde0b97ef582a32472b8	a6b55459524b77c20e3dcdb9fea766ff2053829266a56c604563a07d4c5ecf06	4401dd079edea4e0	-	{motive : Minidregg.Kernel.PayAssignmentReceiver.Reject → Sort u} → (t : Minidregg.Kernel.PayAssignmentReceiver.Reject) → t.ctorIdx = 11 → motive Minidregg.Kernel.PayAssignmentReceiver.Reject.replayedMarker → motive t
ctor	Minidregg.Kernel.PayAssignmentReceiver.Reject.signature	23b0e78c9d8729046da321f094b656c2145f244da6365913177e67406a9bcb77	81da7c0269011ef2127542a1b50a29ef49d0c63f24db851508bedd984f13eddc	0e36d495b44349be4b4d367db128078528de63bcab415d221548a61c608cce71	8323fcaf1124d0d4		Minidregg.Compiler.CredentialSignatureAdmission.Reject → Minidregg.Kernel.PayAssignmentReceiver.Reject
def	Minidregg.Kernel.PayAssignmentReceiver.Reject.signature.elim	fb2bfc2195a58d17bc442694c509a3b14a186dcbd5dd6fe45a6db372388b85bb	df2dbd8499c74531fea7c9485515bb9f8a1ee8b45b5d85535ea96cc4988c2c18	044c9ad1ba74c5844fd95b47f2b5607f56002aa4945f112051639d4d3c9c0baf	cae3a4443802a9b3	-	{motive : Minidregg.Kernel.PayAssignmentReceiver.Reject → Sort u} → (t : Minidregg.Kernel.PayAssignmentReceiver.Reject) → t.ctorIdx = 19 → ((reason : Minidregg.Compiler.CredentialSignatureAdmission.Reject) → motive (Minidregg.Kernel.PayAssignmentReceiver.Reject.signature reason)) → motive t
ctor	Minidregg.Kernel.PayAssignmentReceiver.Reject.staleAuthority	ee423f9f54d1137f6ca8c340ba2871b8e9c38131c0244ac34886c1f16a55a696	749f45c08ece6e44dde41abde402ed88f65ee3051dbf55f37bb62c2c77dbd92f	b1b62c94eafdb96b62ce15ee3d93043d043fcbac7fd467d20453be8f5f8706a5	a842aae9e53f3021		Minidregg.Kernel.PayAssignmentReceiver.Reject
def	Minidregg.Kernel.PayAssignmentReceiver.Reject.staleAuthority.elim	35d49fb72b1e90b2bca029783a51415b94f87e1a3f4cc78c438eaf1b4eed6919	4b586724a81d7cdcdfe188e89f4f7830932a6c9dc4282d7c9d90b6a764d8ffcb	ab4ab385e8debf19c92d7f25693538810bb92365cb64f41f0344898358be80c6	0ea5014a811eb6c0	-	{motive : Minidregg.Kernel.PayAssignmentReceiver.Reject → Sort u} → (t : Minidregg.Kernel.PayAssignmentReceiver.Reject) → t.ctorIdx = 4 → motive Minidregg.Kernel.PayAssignmentReceiver.Reject.staleAuthority → motive t
ctor	Minidregg.Kernel.PayAssignmentReceiver.Reject.stalePay	15d9776dce79fa582bc83900da3ceb3dd236e764ecac75c7f52b775f31a2f50b	749f45c08ece6e44dde41abde402ed88f65ee3051dbf55f37bb62c2c77dbd92f	bbff075f87be46e7fca607538755e3c44cf21bd104efcc1926275472e801941f	73ee27f44e51780a		Minidregg.Kernel.PayAssignmentReceiver.Reject
def	Minidregg.Kernel.PayAssignmentReceiver.Reject.stalePay.elim	a464ef1108f6293098385433f583a6e6f5cf71d1987988fb7b5b300b7ac4e55b	c1bd7212a3a197e7ad4c9af08e799f1ad2510d9a5d3465b00fe81b302e311146	b402710c156d523bd22c4139ce84ddabe87fe80d157342cda0abbf6bcf7faca1	b352a9ca03f4a182	-	{motive : Minidregg.Kernel.PayAssignmentReceiver.Reject → Sort u} → (t : Minidregg.Kernel.PayAssignmentReceiver.Reject) → t.ctorIdx = 5 → motive Minidregg.Kernel.PayAssignmentReceiver.Reject.stalePay → motive t
ctor	Minidregg.Kernel.PayAssignmentReceiver.Reject.tariffInvalid	c9e167d957344c8f366b53124cbc444180a585b15f3937327168ed40b159bf39	749f45c08ece6e44dde41abde402ed88f65ee3051dbf55f37bb62c2c77dbd92f	fd4f973af056e91eb8ede4743694c89f14e14eb8527f7a2451033e1c7916b2a9	4e14659b032e0ea5		Minidregg.Kernel.PayAssignmentReceiver.Reject
def	Minidregg.Kernel.PayAssignmentReceiver.Reject.tariffInvalid.elim	097ff1770cbf081a775b7f65107c059ae1ce50017bc2be66a67853bd11a53667	ace0080493b405a46974d190ad647ed9a18c3ea402d33ebb6fcb8ab95402d364	782975ef1659eb353f33124fce4b9f769e7a95af55138f79fc6df48cc5cceed9	c5ae329377f6bc91	-	{motive : Minidregg.Kernel.PayAssignmentReceiver.Reject → Sort u} → (t : Minidregg.Kernel.PayAssignmentReceiver.Reject) → t.ctorIdx = 6 → motive Minidregg.Kernel.PayAssignmentReceiver.Reject.tariffInvalid → motive t
ctor	Minidregg.Kernel.PayAssignmentReceiver.Reject.validation	9992e340e0aa29bfc63ce4b88546fb20c14493552d7c357792540d0028ba8141	749f45c08ece6e44dde41abde402ed88f65ee3051dbf55f37bb62c2c77dbd92f	1787f94c5feadbee3ccb6388fe1c8c081bd01b2ec20a714a418e5b556eb967d4	4b77ea6909d6b25e		Minidregg.Kernel.PayAssignmentReceiver.Reject
def	Minidregg.Kernel.PayAssignmentReceiver.Reject.validation.elim	2b3ab7ba481996737a9aa4d73bacdcc93b6cd3639fbf5cbefc9483be5eed505f	c837b6fe07a6b08764f522966fa529a4914694d676eac8f347978424c753d5ca	d02671ffa0657bb72480219d6406cd5940c687c658ba659834f71a19ee0b55ee	16031c634c3d56af	-	{motive : Minidregg.Kernel.PayAssignmentReceiver.Reject → Sort u} → (t : Minidregg.Kernel.PayAssignmentReceiver.Reject) → t.ctorIdx = 12 → motive Minidregg.Kernel.PayAssignmentReceiver.Reject.validation → motive t
inductive	Minidregg.Kernel.PayAssignmentReceiver.Result	166aba894d0424daf866b3b7de95cf903007969a6c2fe0d7db2f34567740bc1d	16946b93ac38405660f51e475eb5aa7d25b54f5e5677e0f6a10a4526cc071cbf	1c9cc9cf72adb4f2076d81d8fe236d8c27513599834ffb47d7274e972bb8be6e	376aef5fdc331a7c		Type
ctor	Minidregg.Kernel.PayAssignmentReceiver.Result.confirmed	cc177b558d18b8b013ebf13f31496419e39c7adbb257411cf46cd0211b399c94	a1ee9ac1552ea2b9a767a93ec0738f76493d5a16cb208ae47d5f63a5d78414bb	017e2a8ec07193c35ad529bdc17f6d4e8bd3bb37b5ec6ea1ac5a3a34714549ca	3252062255fe9d5e		Minidregg.Compiler.DurableReceiverIO.Confirmation → Minidregg.Kernel.PayAssignmentReceiver.Receipt → Minidregg.Kernel.PayAssignmentReceiver.Result
def	Minidregg.Kernel.PayAssignmentReceiver.Result.confirmed.elim	377ecc73bf716f0eff3bb45080e98c5fb5c3dc0ccf787c44757a67d13c585270	0f34cfe72944e961cb5de138f523c64a8eb4a031d9940100b15b5e04e9a17147	677a9b572f3478cb58650a40d1dd27d2cbaaa6b9186a04333501ab2bd435d060	962f1d228b9c235e	-	{motive : Minidregg.Kernel.PayAssignmentReceiver.Result → Sort u} → (t : Minidregg.Kernel.PayAssignmentReceiver.Result) → t.ctorIdx = 0 → ((kind : Minidregg.Compiler.DurableReceiverIO.Confirmation) → (receipt : Minidregg.Kernel.PayAssignmentReceiver.Receipt) → motive (Minidregg.Kernel.PayAssignmentReceiver.Result.confirmed kind receipt)) → motive t
ctor	Minidregg.Kernel.PayAssignmentReceiver.Result.contention	1afffe39f6ed8008d07c1881a9e6f4a0d759b0fb15d049f3e82e4f0f50ae2881	1a637115fe8419868aba4b619ba64bf9e7ad01b2b944204471ac6e7eb0f53b91	071b6b7b9c62d69cf632ac5e595b23be7b1a4488ad687b4a45d7e6b1872bcc28	1c08a77a579781f7		Minidregg.Kernel.PayAssignmentReceiver.Result
def	Minidregg.Kernel.PayAssignmentReceiver.Result.contention.elim	28957b2b2cf77a6bb8bc58af2794b68f34d5faeeeaa944a1b2fb5b40a5c0693d	15fa3dc3db3c3d2da125b49468712f4215aba6ee953fd51a64fae10c8b0ff9eb	f2b9c00aef4dc32917557f35da53486052acf5d19ce752532dc9b2d0602e0785	d87abf09f0277da5	-	{motive : Minidregg.Kernel.PayAssignmentReceiver.Result → Sort u} → (t : Minidregg.Kernel.PayAssignmentReceiver.Result) → t.ctorIdx = 4 → motive Minidregg.Kernel.PayAssignmentReceiver.Result.contention → motive t
ctor	Minidregg.Kernel.PayAssignmentReceiver.Result.durableRejected	49fd4f723066ba2bb3876cdab2e042da7f32f5c9963b7d5b5ef28387d62df2a7	3eac63b9087d5891b2d08d55d012c06060f62386cd75e01d2442b8914036f2a9	6be1ca09055587578e825c38a298ed541122f2086403be2fc83c87ecb741b1e8	daa2cc9bc97e1a61		Minidregg.Kernel.DurableDataIntent.RejectReason → Minidregg.Kernel.PayAssignmentReceiver.Result
def	Minidregg.Kernel.PayAssignmentReceiver.Result.durableRejected.elim	da7438ddea8a2df3a46c749c2488c9878673259a94f2bc9df27e8a388f50497e	31f16255227bf77ec9bdaa509f7b3519560b57486292a7330db9ba60a2a6afe9	123873f3943107fdf4aa7906ec8de4bd4e4d7acd186ac5dde6847017b54bc98f	8cee18842463f3a4	-	{motive : Minidregg.Kernel.PayAssignmentReceiver.Result → Sort u} → (t : Minidregg.Kernel.PayAssignmentReceiver.Result) → t.ctorIdx = 3 → ((reason : Minidregg.Kernel.DurableDataIntent.RejectReason) → motive (Minidregg.Kernel.PayAssignmentReceiver.Result.durableRejected reason)) → motive t
ctor	Minidregg.Kernel.PayAssignmentReceiver.Result.rejected	7f91f1d58ec21a351924647f75fa9326c1388e37db73d3e60efb8a59495bf020	0a7c24f441fee4a59ae2661edd5276a6752d767ad959c1fefeea95fedb606888	18ed5360bfec9739150bdb5c78c7c5f26703cf114f43a422afa520b48f553282	a3eb27636f6f181d		Minidregg.Kernel.PayAssignmentReceiver.Reject → Minidregg.Kernel.PayAssignmentReceiver.Result
def	Minidregg.Kernel.PayAssignmentReceiver.Result.rejected.elim	dd782dcdd553d74f73e1efea442f516da81752103c8c7dd0bc456f888bd27cfa	03e311f2a429346bdcfbb85787005ab8e7998ffe73995bebaf9d85389859efad	2e7839ac251475ac03ff48c12bde6ef7de8221b822539ba288b620270cd2563c	43e1ff074755668f	-	{motive : Minidregg.Kernel.PayAssignmentReceiver.Result → Sort u} → (t : Minidregg.Kernel.PayAssignmentReceiver.Result) → t.ctorIdx = 1 → ((reason : Minidregg.Kernel.PayAssignmentReceiver.Reject) → motive (Minidregg.Kernel.PayAssignmentReceiver.Result.rejected reason)) → motive t
ctor	Minidregg.Kernel.PayAssignmentReceiver.Result.transactionConflict	dca14edefec627534670ac7d8e58f429e97070c022c3989179a0259ff7250fa3	1a637115fe8419868aba4b619ba64bf9e7ad01b2b944204471ac6e7eb0f53b91	d93a959bf43e4070d7bf4f0642b97e1ac03b6b86fe2640b154f9a0387151722f	53b2b524fd8073da		Minidregg.Kernel.PayAssignmentReceiver.Result
def	Minidregg.Kernel.PayAssignmentReceiver.Result.transactionConflict.elim	9ab3679737979d2965d5340d88f721a4ce670d526c4e4589244e579a37348c0c	fd7352ee8993e8905d972ed9dae63b24b9cf6871b6248252edd551787cac4aed	7902b1fc210f1db5bc114621de2262c54a0584f8937f9647fbd86176fd7fe077	f751b52a0a805ea0	-	{motive : Minidregg.Kernel.PayAssignmentReceiver.Result → Sort u} → (t : Minidregg.Kernel.PayAssignmentReceiver.Result) → t.ctorIdx = 2 → motive Minidregg.Kernel.PayAssignmentReceiver.Result.transactionConflict → motive t
ctor	Minidregg.Kernel.PayAssignmentReceiver.Result.unavailable	77931b95cb4bac7644e71dddcd6ecf9f4583d4cebb7c8a8b3bcaf3566a2e2992	f3d7a5b4cf779b5dc0f6b9551bc9fd81d8c323a483e026d28076c7756762fb5c	f0613d9cdf11b1eb773b006a413d56030e94134b9fd5e75ef4d3fbb342d8ba31	68769d7ac5f1814b		String → Minidregg.Kernel.PayAssignmentReceiver.Result
def	Minidregg.Kernel.PayAssignmentReceiver.Result.unavailable.elim	afcf91d09823feef0c3732a171a1d59aeac688d15360f9df8f20f95a3e90d4f6	408ae510aed376058b91040977e2cda7dbd6a567701abeddfdbdcc65dc2ef3a0	c3d0bbc6130a7051cf6babfa11c53099b670de151b2cdefad9b4d0ffdf1bf407	70b0d5924165dff8	-	{motive : Minidregg.Kernel.PayAssignmentReceiver.Result → Sort u} → (t : Minidregg.Kernel.PayAssignmentReceiver.Result) → t.ctorIdx = 5 → ((detail : String) → motive (Minidregg.Kernel.PayAssignmentReceiver.Result.unavailable detail)) → motive t
ctor	Minidregg.Kernel.PayAssignmentReceiver.Result.uncertain	01a19bfab359b76d1ef41a64d6dccb6c52e265fb3352c6968d09549f4f55048a	f3d7a5b4cf779b5dc0f6b9551bc9fd81d8c323a483e026d28076c7756762fb5c	8305c43d6b54bdd9810daca90d60032596fec0c151180765c040f930e9b0769b	4df747591f41d9bf		String → Minidregg.Kernel.PayAssignmentReceiver.Result
def	Minidregg.Kernel.PayAssignmentReceiver.Result.uncertain.elim	881d85f8fc78fc624e3f01162cb5bd3f88faf41acb64bd8bfae6fca0c9fb3b5e	c66dd54e342e55fdeca310272b5796fe22395fd7b3dbf7c0ca182886e42ce32b	0987c82b2fd9e70d540f6ba3dbca682f4af8f272e8530f6cdbc51fe03878ce7c	347a03d6a2738fe8	-	{motive : Minidregg.Kernel.PayAssignmentReceiver.Result → Sort u} → (t : Minidregg.Kernel.PayAssignmentReceiver.Result) → t.ctorIdx = 6 → ((detail : String) → motive (Minidregg.Kernel.PayAssignmentReceiver.Result.uncertain detail)) → motive t
def	Minidregg.Kernel.PayAssignmentReceiver.Snapshot	3f0b69cab74858e4f483142d3527aac24ca977be33dca3e0e635fea79dd90b9d	89855d392aa192071e8a2b2230d30ecae8fc9de0c15fa6a53f6209226829292a	1914169bf1a78fb9bb24d7aeec9dc52138d522497b5e567acbf3c742f04cbd5d	f046ec6127898f26	Classical.choice,Quot.sound,propext	Type
def	Minidregg.Kernel.PayAssignmentReceiver.admitDecodedNative	315e259c6e0f638a6eaf0e0eecbdb1e6afb45ecd4bb7acc80f016a17d23a48d5	f3309b6e81a29edaeb1f77e784e5f11ef9003f414eba57fd70b8bf56355bb395	d9692e077b8b3f7d47af389efec24f878063b627d0442b5772f5525d78a7d3f8	f4c7e9c60d6bba2d	Classical.choice,Quot.sound,propext	{F : Type} → [inst : Field F] → [inst_1 : DecidableEq F] → (deployment : Minidregg.Kernel.PayAssignmentReceiver.Deployment) → (profile : Minidregg.Compiler.CanonicalRuntimeProfile.Profile F) → (ambient : Minidregg.Kernel.PayAssignmentReceiver.Ambient) → (durable : Minidregg.Kernel.PayAssignmentReceiver.Durable) → Minidregg.Compiler.CredentialSignatureIO.NativeConfig → (ingress : Minidregg.Kernel.PayAssignmentReceiver.DecodedIngress) → IO (Except Minidregg.Kernel.PayAssignmentReceiver.Reject (Minidregg.Kernel.PayAssignmentReceiver.AcceptedAssignment deployment profile ambient durable ingress))
def	Minidregg.Kernel.PayAssignmentReceiver.admitNative	a02233f1305e88171cabab60cc0a587f3b6d8f6b1a2c41976e1c5c245635f7b7	131a78094179c0949eb049af5eb5bb820b6d8404f1c8ea9881892110ad6770ca	fbf0f75b6160708b43a991a22ec697c4d20712144acdff999ef2d824e14ea533	cb4c4402b3757020	Classical.choice,Quot.sound,propext	{F : Type} → [inst : Field F] → {deployment : Minidregg.Kernel.PayAssignmentReceiver.Deployment} → {profile : Minidregg.Compiler.CanonicalRuntimeProfile.Profile F} → {ambient : Minidregg.Kernel.PayAssignmentReceiver.Ambient} → {durable : Minidregg.Kernel.PayAssignmentReceiver.Durable} → {command : Minidregg.Kernel.PayAssignmentReceiver.Command} → [inst_1 : DecidableEq F] → Minidregg.Compiler.CredentialSignatureIO.NativeConfig → (prepared : Minidregg.Kernel.PayAssignmentReceiver.Prepared deployment profile ambient durable command) → (ingress : Minidregg.Kernel.PayAssignmentReceiver.DecodedIngress) → IO (Except Minidregg.Kernel.PayAssignmentReceiver.Reject (Minidregg.Kernel.PayAssignmentReceiver.Accepted prepared ingress))
theorem	Minidregg.Kernel.PayAssignmentReceiver.assigned_index_not_reallocatable	605f0b5804283a2f59d28a4e23f25b95b1373e637d6002e569ca5b6c6aa8df39	09893b4b29781fa62a5b2a51f17f0537200995367c7e9a27f140bfedef6bdc29	6bdb9042f841f02325b5648f027e5a852a9ab2e9fe76ce12d410035eadf6b776	c6a21ac87d5846a1	Classical.choice,Quot.sound,propext	¬Minidregg.Theory.Store.Op.Enabled (Minidregg.Theory.Store.Store.set Minidregg.Kernel.PayAssignmentReceiver.oneRowStore (Minidregg.Kernel.PayCell.assignmentAddress 0) (Option.some 8)) (Minidregg.Theory.Store.Op.allocate Minidregg.Kernel.PayCell.Namespace.assignment 0 9)
def	Minidregg.Kernel.PayAssignmentReceiver.assignmentPatch	db1bd6fda4fbcbc863dbc09bf4aa019ac12a6407c662f008c00b0b033a39ff34	532fd91a18ef15e10cb1204a6e175c6237771a8e3932d360879675dd658689db	1c3aa9e103633649c96cf6c0fbfe56d3878d7206be347718472585e1035ba327	65b8c45e73262fcb	-	ℕ → ℕ → Minidregg.Theory.Store.Patch Minidregg.Kernel.PayCell.layout
theorem	Minidregg.Kernel.PayAssignmentReceiver.assignment_requires_book	302f4c43326371c2bb7828b5071b9cb7d62382e1b141289575c948405425aae7	259d1874e981ada520c2b311646e7ec3a83240bc452f1f37a6140875d0318a0b	d7f36c95adb527be24993bb419d8281456d70f71629e9b94034b17996c6707e6	bf080a788e233ab8	Classical.choice,Quot.sound,propext	∀ (store : Minidregg.Kernel.PayCell.PayStore) (stored : Option (Minidregg.Theory.CredentialAuthorityState.StoredCapability Minidregg.Theory.TypedAuthorization.ResourceKind.account)) (subject : Minidregg.Theory.TypedAuthorization.SubjectId) (account index : ℕ), Minidregg.Kernel.PayAssignmentReceiver.decideAssignment store stored subject account index = Except.ok () → Minidregg.Kernel.PayCell.bookAt store index ≠ Option.none ∧ index = Minidregg.Kernel.PayCell.nextFree store
theorem	Minidregg.Kernel.PayAssignmentReceiver.assignment_requires_owner	56ddcf6a9553e28b452a0ddace3995b8fcdd1bc8a4005218ead8729836094340	b58c2f34a924a615ccedcd077e85aa805fc761e5c7b19955189f59924494aee4	8cca141b51a63ddd5bbe00fffab18368041e87aea7468225efa9604461730e25	85401aad812cbba7	Classical.choice,Quot.sound,propext	∀ (store : Minidregg.Kernel.PayCell.PayStore) (stored : Option (Minidregg.Theory.CredentialAuthorityState.StoredCapability Minidregg.Theory.TypedAuthorization.ResourceKind.account)) (subject : Minidregg.Theory.TypedAuthorization.SubjectId) (account index : ℕ), Minidregg.Kernel.PayAssignmentReceiver.decideAssignment store stored subject account index = Except.ok () → Minidregg.Kernel.PayAssignmentReceiver.OwnerGrant stored subject account
theorem	Minidregg.Kernel.PayAssignmentReceiver.assignment_requires_valid_tariff	a4737651414811251a10cc65631214a37249c956f1f349d5c75b34278fede719	aa1d510167221cf34f90539716744c9497728b9cc64bcfd6074cd8943165c2bf	0986f42464bf6e1ce6032aefb50f0bd21697771569057e195fb9930b52778cf9	6249343508b9484c	Classical.choice,Quot.sound,propext	∀ (store : Minidregg.Kernel.PayCell.PayStore) (stored : Option (Minidregg.Theory.CredentialAuthorityState.StoredCapability Minidregg.Theory.TypedAuthorization.ResourceKind.account)) (subject : Minidregg.Theory.TypedAuthorization.SubjectId) (account index : ℕ), Minidregg.Kernel.PayAssignmentReceiver.decideAssignment store stored subject account index = Except.ok () → ∃ tariff, Minidregg.Kernel.PayCell.tariffOf store = Option.some tariff ∧ tariff.valid
theorem	Minidregg.Kernel.PayAssignmentReceiver.assignment_write_once	b0afd1a57615cc05b26a59d4926e8ccbce3576611539e58dcaee56ea3a7de58c	9093d034388ef7514c19e91772a1d4bf41eddeb4318464fa681435c7271fe4b2	6953c21d4900226857f2344bb030be843520260388217a1f574f7a8fa873c514	789a50e8824662bc	Quot.sound,propext	∀ (store : Minidregg.Kernel.PayCell.PayStore) (index account : ℕ), Minidregg.Theory.Store.Op.Enabled store (Minidregg.Theory.Store.Op.allocate Minidregg.Kernel.PayCell.Namespace.assignment index account) → Minidregg.Kernel.PayCell.assignmentAt store index = Option.none
def	Minidregg.Kernel.PayAssignmentReceiver.authorize	0df9d5cc399eff48d6ffe0bbe507de9a6c8ab4311f4abfb18cf055760befb7bf	fe9c0d407a366249a324a2f0f95437d6ed023e59c638da3db0cc1e2f829d33cf	598847b4dcad2f6bcd7c0149f3d448ff6a3071dc10b64a02f753115d06cf15c1	39e1a8dd11035226	Classical.choice,Quot.sound,propext	{F : Type} → [inst : Field F] → {deployment : Minidregg.Kernel.PayAssignmentReceiver.Deployment} → {profile : Minidregg.Compiler.CanonicalRuntimeProfile.Profile F} → {ambient : Minidregg.Kernel.PayAssignmentReceiver.Ambient} → {durable : Minidregg.Kernel.PayAssignmentReceiver.Durable} → {command : Minidregg.Kernel.PayAssignmentReceiver.Command} → [inst_1 : DecidableEq F] → (prepared : Minidregg.Kernel.PayAssignmentReceiver.Prepared deployment profile ambient durable command) → Minidregg.Compiler.CredentialSignatureAdmission.CheckedSignature prepared.authority.snapshot → Except Minidregg.Kernel.PayAssignmentReceiver.Reject prepared.SemanticAccepted
theorem	Minidregg.Kernel.PayAssignmentReceiver.book_exhausted_refused	27468a13b82c82d0bcb161fa1aaaf24268723ec5140891b928658bc6899f6b48	39d25fc525e134cb264ad3878d8bd2eda0525d289af160094e109b8492cbc9f6	ed68867cffdeb73f014e8ee5b0461721a60f46c23f9a8267803a3aff4172c13a	1ca2a9d965a2bf52	Classical.choice,Quot.sound,propext	Minidregg.Kernel.PayAssignmentReceiver.decideAssignment (Minidregg.Theory.Store.Store.set Minidregg.Kernel.PayAssignmentReceiver.oneRowStore (Minidregg.Kernel.PayCell.assignmentAddress 0) (Option.some 8)) (Option.some (Minidregg.Kernel.PayAssignmentReceiver.ownerCapability 9 9)) { value := 9 } 9 1 = Except.error Minidregg.Kernel.PayAssignmentReceiver.Reject.bookExhausted
def	Minidregg.Kernel.PayAssignmentReceiver.charge	0c7539f5d3dd9f30ae8854966514bb133f6c707ae95f02420a4bc87149d06fde	5a3ab94d0b06d588c73fbf38bbc1e6b1b9b31d2e613715249dc810c9c69cf3b6	a4f454ce75ba8a603d400cb541b1151d9b3e2e5280c17bdeea57d52a25ed300c	8deef074f18afc5a	Classical.choice,Quot.sound,propext	{F : Type} → [inst : Field F] → {deployment : Minidregg.Kernel.PayAssignmentReceiver.Deployment} → {profile : Minidregg.Compiler.CanonicalRuntimeProfile.Profile F} → {ambient : Minidregg.Kernel.PayAssignmentReceiver.Ambient} → {durable : Minidregg.Kernel.PayAssignmentReceiver.Durable} → [inst_1 : DecidableEq F] → {ingress : Minidregg.Kernel.PayAssignmentReceiver.DecodedIngress} → Minidregg.Kernel.PayAssignmentReceiver.AcceptedAssignment deployment profile ambient durable ingress → Minidregg.Theory.ResourceCost.Charge
def	Minidregg.Kernel.PayAssignmentReceiver.commandCodec	cfbef5309e6406acb4ec18cbc4951e7405fed093592a31ebd595ed128f940293	89039c90c32537fcc1bb51528e46c9c8422637903dbaffc96eb5232e80464bb8	ff746a7644c32f94b126341e024a957b6ec3a988e93ba2f0d36ea08d404abe12	be0bb38eba4f8e1a	Classical.choice,Quot.sound,propext	Minidregg.Theory.IndexedProgram.LawfulCodec Minidregg.Kernel.PayAssignmentReceiver.Command
def	Minidregg.Kernel.PayAssignmentReceiver.commandFrame	ab61734121746cbfdc755e28c1bcfabb1791a81a6cd9213448f6ae6362ff0ba0	268fce01293bcb84de059c093737d89d8980bbc789bd14e1bc6693665008f358	fee753873963b0139c30c2af64cf2d995c74edbc81aa90c56cb3102689933712	02463e133c77d66d	propext	List UInt8
def	Minidregg.Kernel.PayAssignmentReceiver.commandStream	0b5415b3342535062b70d37a717185d79ce5e07dcd78e8314066c0f7604e33f8	af6554649ecba59c5f42b726d998dc81827bbda763faf79fb48fe9c5179a5309	bc6e23e844d9238b95f240e909f79dc0c22e5c474d53843283697a4ed91a4005	6158e2e1663b65cc	Classical.choice,Quot.sound,propext	Minidregg.Compiler.Tower256ConcreteBackend.StreamCodec Minidregg.Kernel.PayAssignmentReceiver.Command
theorem	Minidregg.Kernel.PayAssignmentReceiver.command_roundtrip	d705730f30b8382daae7d8d853038bae0cbb681ddac0b0974595dbe9cedbf8cf	cc8212b48ea5ea838f2680dd4f7b08890306e98d03068aa134911094d1e2561f	2bd0050a78555d0d7c1b60e42765efe944d44d7027b81e1e56d851742a09fdc6	a71d1cf1df36da84	Classical.choice,Quot.sound,propext	∀ (command : Minidregg.Kernel.PayAssignmentReceiver.Command), Minidregg.Kernel.PayAssignmentReceiver.commandCodec.decode (Minidregg.Kernel.PayAssignmentReceiver.commandCodec.encode command) = Option.some command
def	Minidregg.Kernel.PayAssignmentReceiver.context	7723266095bd5cc0d4fbc09775917f0cd1d5775ca922677fa309c91bb384395e	e8cb7a97c497aaab88a103d3fbf0337d2d7f9647f575a6ae2346b157b1497e3d	5194a9702acebc0c12acf4d4a2e0053db3f3b7251973e9db321bcaf752dd5521	488df9b75891f8af	Classical.choice,Quot.sound,propext	Minidregg.Kernel.PayAssignmentReceiver.Snapshot → Minidregg.Theory.TypedAuthorization.Digest → Minidregg.Kernel.PayAssignmentReceiver.Ambient → Minidregg.Kernel.PayAssignmentReceiver.Command → Minidregg.Theory.CredentialAuthorityEffects.RequestContext
def	Minidregg.Kernel.PayAssignmentReceiver.decideAssignment	f9df796c8602d658fec723c073cd5094844dce5c8e9c587d7ad0fa78f8a46ae0	dfa292129fab99e6a6cb8c0e3cd3f6b62f8d79b0de26fe7430ee7d8f7ce39c58	2817411b621656ab0e9822ea3250c935850b6d638ed300b1e91654ac0c9f8f10	7e71728918329105	Classical.choice,Quot.sound,propext	Minidregg.Kernel.PayCell.PayStore → Option (Minidregg.Theory.CredentialAuthorityState.StoredCapability Minidregg.Theory.TypedAuthorization.ResourceKind.account) → Minidregg.Theory.TypedAuthorization.SubjectId → ℕ → ℕ → Except Minidregg.Kernel.PayAssignmentReceiver.Reject Unit
theorem	Minidregg.Kernel.PayAssignmentReceiver.decideAssignment_ok	c66f0caf8ecb45e0949ce080eed7f37d23b17604280a5d62e385db7d3870ff61	5bae9edb9c1ddedf66f75717fa62c25c5f5bb03a268f6df830b7f728185a8078	533e2436a2dc6891d8efc6275f952d1e2c3d0bd0d771e4424cf99840fc69726c	1922f863d6645303	Classical.choice,Quot.sound,propext	∀ (store : Minidregg.Kernel.PayCell.PayStore) (stored : Option (Minidregg.Theory.CredentialAuthorityState.StoredCapability Minidregg.Theory.TypedAuthorization.ResourceKind.account)) (subject : Minidregg.Theory.TypedAuthorization.SubjectId) (account index : ℕ), Minidregg.Kernel.PayAssignmentReceiver.decideAssignment store stored subject account index = Except.ok () → (∃ tariff, Minidregg.Kernel.PayCell.tariffOf store = Option.some tariff ∧ tariff.valid) ∧ Minidregg.Kernel.PayAssignmentReceiver.OwnerGrant stored subject account ∧ Minidregg.Kernel.PayCell.accountAssigned store account = Bool.false ∧ index = Minidregg.Kernel.PayCell.nextFree store ∧ (Minidregg.Kernel.PayCell.bookAt store index).isSome = Bool.true
def	Minidregg.Kernel.PayAssignmentReceiver.declaration	9a752f68a6914e2aefab5b4228f922c148670c05369949a13cacdd9ebfde6579	719d695e2ba69b60a93dcfc14fbac1ecfd992052614a8c4ad579818c959b43bb	7a1d40e3c0db08790194b27f69cf2f4612c645e79fe3de31637ee74a4b06b4d9	a6a8cc40a056cd0e	Classical.choice,Quot.sound,propext	Minidregg.Theory.TypedAuthorization.Digest → Minidregg.Theory.TypedAuthorization.Digest → Minidregg.Kernel.PayAssignmentReceiver.Command → Minidregg.Kernel.PayAssignmentReceiver.Declaration
def	Minidregg.Kernel.PayAssignmentReceiver.declarationCodec	ccef118c8d97f3a83e7daad328d8bbd81acd44513fe4ae7e9fa1795cbaae3435	9c85bf87d75b133af2a914fd4d8515d190643beab300f84a73bc1c4b318f666f	cc8436a4e1675df0e1a541621135f52cdd61533223117248b41ee796c2044d14	be8b575246884233	Classical.choice,Quot.sound,propext	Minidregg.Theory.IndexedProgram.LawfulCodec Minidregg.Kernel.PayAssignmentReceiver.Declaration
def	Minidregg.Kernel.PayAssignmentReceiver.declarationStream	0b7978495d3ec7367fda7ff5ec52e4fc38e97858bcb33616b11c8832d10a41c5	88de9ff965cb96bdb48c7a6b33d2af791f0b496b050f5b9612046ac87af6cdb0	4c87792bb44160f294dd5e0fad372521dded1946178a30f787917507caad5672	fda6065ec0a0b2b2	Classical.choice,Quot.sound,propext	Minidregg.Compiler.Tower256ConcreteBackend.StreamCodec Minidregg.Kernel.PayAssignmentReceiver.Declaration
def	Minidregg.Kernel.PayAssignmentReceiver.decodeIngress	4651b4e964cb8f810ffe76d71cdcde7e30802b5afbaf767b278d0adf6fce5bbf	6087106915edeb54e38e986d62c046f083a17fd859446e4a6d3cd0b8d8ee5626	6996cb70d49d9ef680af43203a24c70c6bd8ee6dc9420c667ffacdff972c8c6e	e8b93b84400295a6	Classical.choice,Quot.sound,propext	List UInt8 → Option Minidregg.Kernel.PayAssignmentReceiver.DecodedIngress
def	Minidregg.Kernel.PayAssignmentReceiver.effectDigest	7df64eddc0ba9a055f8f6cac1f03f3f743af159da05ad930836a5d7085ac656a	b8020b5d90af0b04ee23b97c38d054a098892e4c11d87942f86e9e0b1cd3f567	ad705b831986489fa0b50bfec84264d3117c195b72b9d0205d4567f02d6edacb	7e7131095239138a	Classical.choice,Quot.sound,propext	Minidregg.Theory.TypedAuthorization.Digest → Minidregg.Theory.TypedAuthorization.Digest → Minidregg.Kernel.PayAssignmentReceiver.Command → Minidregg.Kernel.PayAssignmentReceiver.Declaration → Minidregg.Theory.TypedAuthorization.Digest
def	Minidregg.Kernel.PayAssignmentReceiver.event	776d600910c48ec3173926039c71f2cec05aabb5a05d0a5e43f1a41329fc1461	e72283f41bee2e3dea0bf12fc7b7cd89472654f5b081c799f952fef4f81e443e	bc8fe0645188e83152e952ffc564ad69e7c03cab514116cb5421040a89e45cf8	ab3cd06257c9d6cf	Classical.choice,Quot.sound,propext	Minidregg.Theory.TypedAuthorization.Digest → Minidregg.Theory.TypedAuthorization.Digest → Minidregg.Kernel.PayAssignmentReceiver.DecodedIngress → Minidregg.Kernel.DurableDataIntent.StableEvent
def	Minidregg.Kernel.PayAssignmentReceiver.family	60a633e5966677a2b38ee5f6912ebaedeaa3473f6032154d1c9a929d1a931456	8b3a5d9fcd6169fa6e7216c124abbbb3a36f4433db5cb69d5eff2b4d0a5cd49b	35d0d41bf7c310d10315a28c676efe7314ffd44fecc2979bd501b4a785e62519	0bdd814bace6aa85	Classical.choice,Quot.sound,propext	Minidregg.Kernel.PayAssignmentReceiver.Snapshot → Minidregg.Kernel.PayCell.Cell → Minidregg.Theory.TypedAuthorization.Digest → Minidregg.Kernel.PayAssignmentReceiver.Ambient → Minidregg.Kernel.PayAssignmentReceiver.Command → Minidregg.Theory.SemanticEffectFamily Minidregg.Kernel.PayCell.layout Minidregg.Kernel.PayCell.materializer ℕ
theorem	Minidregg.Kernel.PayAssignmentReceiver.genesis_tariff_refuses	471e01dd15c934b11db4c5f6780073ba5c52a636388e6cbd43c25c1d536bb2d6	6762fba566faa7331c8fd08c6260cae5c00877289ac1bb3adc24e8cf6a44e5b7	46e9b4e4baeb4fcd76d163333e8b292eaf257a79888954ddad589b8517e0d8b9	119dceff55b80716	Classical.choice,Quot.sound,propext	Minidregg.Kernel.PayAssignmentReceiver.decideAssignment (Minidregg.Theory.Store.Store.set Minidregg.Kernel.PayCell.genesisStore (Minidregg.Kernel.PayCell.bookAddress 0) (Option.some (List.replicate 32 1))) (Option.some (Minidregg.Kernel.PayAssignmentReceiver.ownerCapability 8 8)) { value := 8 } 8 0 = Except.error Minidregg.Kernel.PayAssignmentReceiver.Reject.tariffInvalid
def	Minidregg.Kernel.PayAssignmentReceiver.ingressCodec	5b6875ad1ef2f59d586638d11f42ebe41f1d6ab1e3b079cce7aea0ac85bb084e	bd1c3a2de01c0c95c4bfa849615f168852c37aab92dc155ea2cc1f94efdfa125	829807c067c13256c9ea435948004444e317182b049c6641b9a264ce3c97a7cd	824cc3fe51625e98	Classical.choice,Quot.sound,propext	Minidregg.Theory.IndexedProgram.LawfulCodec Minidregg.Kernel.PayAssignmentReceiver.Ingress
def	Minidregg.Kernel.PayAssignmentReceiver.ingressStream	c661f0f584709dbc15217a0c8456b88719d571b34b6b5470a5e47305604eec30	4f26c7cf5ca54fd248ee09069eb6c8108af98455a0362b0bada26be48fdda896	4f7f78298fb4c40e396ff65df98f4d195301c43a9ff724bcce89c9bb6978b330	f01552a30b571735	Classical.choice,Quot.sound,propext	Minidregg.Compiler.Tower256ConcreteBackend.StreamCodec Minidregg.Kernel.PayAssignmentReceiver.Ingress
def	Minidregg.Kernel.PayAssignmentReceiver.intent	4ae9b1a07bc918884d76e5418420a027b2a3eb6675c68b2855464180795f7a3a	b2275045daa3a0a2d36a936d427709aa00d2123950c1b5d9b4d7f10f6f5215bb	5b1b3d8ccc9d1ac3c72c2005acb447aa2688663c569c6c820e86caf5a013e200	1b352998214a5338	Classical.choice,Quot.sound,propext	{F : Type} → [inst : Field F] → {deployment : Minidregg.Kernel.PayAssignmentReceiver.Deployment} → {profile : Minidregg.Compiler.CanonicalRuntimeProfile.Profile F} → {ambient : Minidregg.Kernel.PayAssignmentReceiver.Ambient} → {durable : Minidregg.Kernel.PayAssignmentReceiver.Durable} → [inst_1 : DecidableEq F] → {ingress : Minidregg.Kernel.PayAssignmentReceiver.DecodedIngress} → Minidregg.Kernel.PayAssignmentReceiver.AcceptedAssignment deployment profile ambient durable ingress → Minidregg.Kernel.DurableDataIntent.DataIntent Minidregg.Compiler.ResourceBirthCodec.rootBytes
theorem	Minidregg.Kernel.PayAssignmentReceiver.intent_writes_pay_cell	748abf7a69efc3b55273df271fefb71a5c06c305c19439f8caccfdadf24c886e	9e682a2862fd8ffe768b6ae3fb45a59bee04c8d428c7012d959fcd6a86a6617c	df1378a78e87c7f625e6ca21d84962c581aaeb4423948d052d02bdb2b697e01a	56143ef51d0bd893	Classical.choice,Quot.sound,propext	∀ {F : Type} [inst : Field F] {deployment : Minidregg.Kernel.PayAssignmentReceiver.Deployment} {profile : Minidregg.Compiler.CanonicalRuntimeProfile.Profile F} {ambient : Minidregg.Kernel.PayAssignmentReceiver.Ambient} {durable : Minidregg.Kernel.PayAssignmentReceiver.Durable} [inst_1 : DecidableEq F] {ingress : Minidregg.Kernel.PayAssignmentReceiver.DecodedIngress} (accepted : Minidregg.Kernel.PayAssignmentReceiver.AcceptedAssignment deployment profile ambient durable ingress), List.map Minidregg.Kernel.DurableDataIntent.DataWrite.cellId (Minidregg.Kernel.PayAssignmentReceiver.intent accepted).writes = [Minidregg.Kernel.PayCellDomain.cellIdOf deployment]
def	Minidregg.Kernel.PayAssignmentReceiver.kindDependencies	eb214400012166cca4e3831aab3997ff7e76194bd14c2330de60b814a624c822	be6fc5416c3851e6c954e0b2f8b9580713f5b5b05725749f5456730377040a89	9540a706dbec4e593c3b046ec3944682c231d69006587ce469277a80f1446eec	54a410e7de2dce1b	Classical.choice,Quot.sound,propext	{F : Type} → [inst : Field F] → {deployment : Minidregg.Kernel.PayAssignmentReceiver.Deployment} → {profile : Minidregg.Compiler.CanonicalRuntimeProfile.Profile F} → {ambient : Minidregg.Kernel.PayAssignmentReceiver.Ambient} → {durable : Minidregg.Kernel.PayAssignmentReceiver.Durable} → {command : Minidregg.Kernel.PayAssignmentReceiver.Command} → Minidregg.Kernel.PayAssignmentReceiver.Prepared deployment profile ambient durable command → Option Minidregg.Compiler.WorldKindLawDependencies.Dependencies
def	Minidregg.Kernel.PayAssignmentReceiver.lawReadGuards	94c96955f4ee3937e0238cb25f2d7b2d0ccafc58cc3d12a939bb915c73577fea	436dec5d6eefce6e0909109e9017b8000c511620557170600a8a2f2c092ceff7	4f0cbdf8b9e65146aa6183b3fbbb08e0bd386b74a841ad110c97acaf3290f14f	62ab192215251573	Classical.choice,Quot.sound,propext	{F : Type} → [inst : Field F] → {deployment : Minidregg.Kernel.PayAssignmentReceiver.Deployment} → {profile : Minidregg.Compiler.CanonicalRuntimeProfile.Profile F} → {ambient : Minidregg.Kernel.PayAssignmentReceiver.Ambient} → {durable : Minidregg.Kernel.PayAssignmentReceiver.Durable} → {command : Minidregg.Kernel.PayAssignmentReceiver.Command} → Minidregg.Kernel.PayAssignmentReceiver.Prepared deployment profile ambient durable command → Option (List (ℕ × Minidregg.Theory.TypedAuthorization.Digest))
def	Minidregg.Kernel.PayAssignmentReceiver.marker	e3e470754c394558997a08f3a02aee0578b53ff0f38130b0e0950f0c0ba38d87	59e8997127472a219650a953c28a4ff81682c30c68073a8c7ab74bf3d2c732f1	c5fdff06c146759a0aa7897167c9eef1b977f6b6f816c14ecc68684e72f3def5	43abfb8db19b9d7c	Classical.choice,Quot.sound,propext	Minidregg.Theory.TypedAuthorization.Digest → Minidregg.Theory.TypedAuthorization.Digest → Minidregg.Kernel.PayAssignmentReceiver.Command → ℕ
theorem	Minidregg.Kernel.PayAssignmentReceiver.non_owner_refused	100aab250c81a241b4cee329c18a165a3929d326ae51689e02c312b55770d74a	39d40cefd7a036f1ec90bf9e63a96033ff42848b8c1fe0daf84b5dec66196404	c857dd911d980767bd25a72f4903d37e95df492a0018eab833595cec9759a8f1	dc47f04c0caef7c9	Classical.choice,Quot.sound,propext	Minidregg.Kernel.PayAssignmentReceiver.decideAssignment Minidregg.Kernel.PayAssignmentReceiver.oneRowStore (Option.some (Minidregg.Kernel.PayAssignmentReceiver.ownerCapability 8 8)) { value := 9 } 8 0 = Except.error Minidregg.Kernel.PayAssignmentReceiver.Reject.notOwner
def	Minidregg.Kernel.PayAssignmentReceiver.nullifier	267779f953ac80c8496495f2857e3ce9bb40536363b40da6cb66f4e6d8d24680	061beb398afd5eed3032df01459ff19a111d4c137266d06b76e23be2836315ba	c6bc9c0af211c4361370b7c697d6bdf6d72bb4b4bccbd4bb98422048a6c233fb	676fe527d5249c22	Classical.choice,Quot.sound,propext	Minidregg.Theory.TypedAuthorization.Digest → Minidregg.Theory.TypedAuthorization.Digest → Minidregg.Kernel.PayAssignmentReceiver.DecodedIngress → Minidregg.Kernel.DurableDataIntent.StableNullifier
def	Minidregg.Kernel.PayAssignmentReceiver.oneRowStore	d559549d6325be67baba203de48f2b30c430bc3118a0950b76e002b29574fcf3	a5d8e4b9618bffd7e1e0184075eac5901bc5c8f90dce52463cc131de19b631cc	cf5f4378567c95f31f835aa0d2b519191de61e680792510585a8983924825fa0	d48164f9f76d4149	Classical.choice,Quot.sound,propext	Minidregg.Kernel.PayCell.PayStore
theorem	Minidregg.Kernel.PayAssignmentReceiver.other_account_refused	b4938535bd91b853ff1f64ee729ba30f20cc3a2dd8c162cd83a2ef90181fda5d	c9613755622a690e79d2ca4cc4715de01db9c3d6cea110eade85d3e59e35e07c	a8a2a75aeac8113ae217670a8370b7a24db418ac5bf08816032f189fd9cb3358	0fab2c9250607098	Classical.choice,Quot.sound,propext	Minidregg.Kernel.PayAssignmentReceiver.decideAssignment Minidregg.Kernel.PayAssignmentReceiver.oneRowStore (Option.some (Minidregg.Kernel.PayAssignmentReceiver.ownerCapability 8 9)) { value := 8 } 8 0 = Except.error Minidregg.Kernel.PayAssignmentReceiver.Reject.notOwner
def	Minidregg.Kernel.PayAssignmentReceiver.ownerCapability	f4a076b400932211b61da04bf7511be6b9952975055bc686b56f391dda95a2ce	1f2f138bcba224e32d39b12b36b6eab3ac451ff18a48b47291bdecc553393df2	35edddcd6b75178febdd867b48e777ba4927827baf2f561c5fc268251834691a	00e78335c52111a0	Quot.sound,propext	ℕ → ℕ → Minidregg.Theory.CredentialAuthorityState.StoredCapability Minidregg.Theory.TypedAuthorization.ResourceKind.account
theorem	Minidregg.Kernel.PayAssignmentReceiver.owner_assigned	d9aeacc74c68a260e14fc415560255dfcf21b59cbcfa754eb53f5dfc8834c639	857c5c2c482220aaeed80c402a9004b3b93770b7ba202a9f8246c167005a3fdb	f9d3bc9b1c5e97c909bea47d1487482e1a4366d6c03c56e65658631b720850fb	515bebb865cadcb3	Classical.choice,Quot.sound,propext	Minidregg.Kernel.PayAssignmentReceiver.decideAssignment Minidregg.Kernel.PayAssignmentReceiver.oneRowStore (Option.some (Minidregg.Kernel.PayAssignmentReceiver.ownerCapability 8 8)) { value := 8 } 8 0 = Except.ok ()
def	Minidregg.Kernel.PayAssignmentReceiver.physicalShapeDecidable	9174750d6eb4dc354d61c12c3593d0a85af9ff9f450c4bd1d2ced0a565830d95	d8ae46cecc80f7eb55f1521bec1dfa79d1645a942ce78cab30cdbe736ac603ac	7c96436c6ef20d3ef109b341186ec9085c51a986b0118a249f014a77a9f16813	265e530c5852a9ea	Classical.choice,Quot.sound,propext	{F : Type} → [inst : Field F] → {deployment : Minidregg.Kernel.PayAssignmentReceiver.Deployment} → {profile : Minidregg.Compiler.CanonicalRuntimeProfile.Profile F} → {ambient : Minidregg.Kernel.PayAssignmentReceiver.Ambient} → {durable : Minidregg.Kernel.PayAssignmentReceiver.Durable} → {command : Minidregg.Kernel.PayAssignmentReceiver.Command} → (prepared : Minidregg.Kernel.PayAssignmentReceiver.Prepared deployment profile ambient durable command) → Decidable (Minidregg.Kernel.PayAssignmentReceiver.PhysicalShape prepared)
def	Minidregg.Kernel.PayAssignmentReceiver.policyConfig	51384d4ea81547e26bc7f2405c1c7554d436e3925fca8c816c1204c84ba6fe9b	db130fd9bf3da53bc297b35872b156ff0122cf57c07e981482713f030ed6af3f	abd2af6aa1074dec4c4a57671e7d7edea56573dbaf9c5965f0800804cb74e4d5	17754faf1562c7b3	Classical.choice,Quot.sound,propext	{F : Type} → [inst : Field F] → {deployment : Minidregg.Kernel.PayAssignmentReceiver.Deployment} → {profile : Minidregg.Compiler.CanonicalRuntimeProfile.Profile F} → {ambient : Minidregg.Kernel.PayAssignmentReceiver.Ambient} → {durable : Minidregg.Kernel.PayAssignmentReceiver.Durable} → {command : Minidregg.Kernel.PayAssignmentReceiver.Command} → [inst_1 : DecidableEq F] → Minidregg.Kernel.PayAssignmentReceiver.Prepared deployment profile ambient durable command → Minidregg.Compiler.ComposedPolicyAdmission.Config F
def	Minidregg.Kernel.PayAssignmentReceiver.policyGuard	6c026899640f1c61ea00ed7bb562a09504fcf48f0d1719238d4c75c84fcab9a2	f0debc60c7b3ccf955d4469f826b949d80896ad1733d90a92a6e6504a2baf67d	80e0947710263f64b3ab4b59ad56233343752e2287d72255bae0f4271c7fa581	ea8071a57e11f303	Classical.choice,Quot.sound,propext	{F : Type} → [inst : Field F] → {deployment : Minidregg.Kernel.PayAssignmentReceiver.Deployment} → {profile : Minidregg.Compiler.CanonicalRuntimeProfile.Profile F} → {ambient : Minidregg.Kernel.PayAssignmentReceiver.Ambient} → {durable : Minidregg.Kernel.PayAssignmentReceiver.Durable} → {command : Minidregg.Kernel.PayAssignmentReceiver.Command} → Minidregg.Kernel.PayAssignmentReceiver.Prepared deployment profile ambient durable command → Minidregg.Kernel.DurableDataIntent.ReadGuard
def	Minidregg.Kernel.PayAssignmentReceiver.prepare	790c2092a0fd97bd3e09e3b17b2893e45a706344e94e9a1b6d40aa26d233c7fb	ad54207e9ba0f50694c0233eec57a22e718791b4729d5688e3ecc2f43572f020	a534bde43443b54c9630a92cc64fdbea5c4fb11caa5875b604ad708c022e82ad	7a5d60a7d5aa11b7	Classical.choice,Quot.sound,propext	{F : Type} → [inst : Field F] → (deployment : Minidregg.Kernel.PayAssignmentReceiver.Deployment) → (profile : Minidregg.Compiler.CanonicalRuntimeProfile.Profile F) → (ambient : Minidregg.Kernel.PayAssignmentReceiver.Ambient) → (durable : Minidregg.Kernel.PayAssignmentReceiver.Durable) → (command : Minidregg.Kernel.PayAssignmentReceiver.Command) → Except Minidregg.Kernel.PayAssignmentReceiver.Reject (Minidregg.Kernel.PayAssignmentReceiver.Prepared deployment profile ambient durable command)
def	Minidregg.Kernel.PayAssignmentReceiver.project	5746a34a6fdf4f10a3e8b5ff44256a1a956fa8f1b5c1af105c521eae51df0281	9edf26d9be36c0ad7ceb07b2e8c1b882d9f37964da78404cae829a246c8e7f53	50118619dd94f6a7732d33ae5c4adcf8b56abc7df529406ae5d1d0ea1c3a3034	350f0cae2043e310	Classical.choice,Quot.sound,propext	{F : Type} → [inst : Field F] → {deployment : Minidregg.Kernel.PayAssignmentReceiver.Deployment} → {profile : Minidregg.Compiler.CanonicalRuntimeProfile.Profile F} → {ambient : Minidregg.Kernel.PayAssignmentReceiver.Ambient} → {durable : Minidregg.Kernel.PayAssignmentReceiver.Durable} → {command : Minidregg.Kernel.PayAssignmentReceiver.Command} → Minidregg.Kernel.PayAssignmentReceiver.Prepared deployment profile ambient durable command → Minidregg.Kernel.PayCell.PayStore → Minidregg.Pred.State
def	Minidregg.Kernel.PayAssignmentReceiver.readGuards	0e748bd30486ba6d7d90dea018ec5034c24b84380efd83aef8c586ff97ed850a	5bef58a3b7c1aaa349d95913382d439db338bcc9c4e6cfc63f300dae257240c6	2120049663c4be199d001f053e1606b5b0faf4aefbff316da1eeb19e7b657175	5836800bd3d8dcfd	Classical.choice,Quot.sound,propext	{F : Type} → [inst : Field F] → {deployment : Minidregg.Kernel.PayAssignmentReceiver.Deployment} → {profile : Minidregg.Compiler.CanonicalRuntimeProfile.Profile F} → {ambient : Minidregg.Kernel.PayAssignmentReceiver.Ambient} → {durable : Minidregg.Kernel.PayAssignmentReceiver.Durable} → {command : Minidregg.Kernel.PayAssignmentReceiver.Command} → Minidregg.Kernel.PayAssignmentReceiver.Prepared deployment profile ambient durable command → List Minidregg.Kernel.DurableDataIntent.ReadGuard
theorem	Minidregg.Kernel.PayAssignmentReceiver.readGuards_readonly	0f926d18f6308fb15855f1d3a5b8c8eac2f25190d8a49368f93f508694884971	455934f7d63e5ee4744864f3f134255bf268fb6af91eeb44b06614c8dfaf01a3	94a41dff3387414f77b4bff3197cc46dfa61891d7896110a8516df53fb3a848c	68dd3742db17b413	Classical.choice,Quot.sound,propext	∀ {F : Type} [inst : Field F] {deployment : Minidregg.Kernel.PayAssignmentReceiver.Deployment} {profile : Minidregg.Compiler.CanonicalRuntimeProfile.Profile F} {ambient : Minidregg.Kernel.PayAssignmentReceiver.Ambient} {durable : Minidregg.Kernel.PayAssignmentReceiver.Durable} {command : Minidregg.Kernel.PayAssignmentReceiver.Command} (prepared : Minidregg.Kernel.PayAssignmentReceiver.Prepared deployment profile ambient durable command), Minidregg.Kernel.PayAssignmentReceiver.PhysicalShape prepared → ∀ guard ∈ Minidregg.Kernel.PayAssignmentReceiver.readGuards prepared, guard.cellId ∉ List.map Minidregg.Kernel.DurableDataIntent.DataWrite.cellId (Minidregg.Kernel.PayAssignmentReceiver.writes prepared)
def	Minidregg.Kernel.PayAssignmentReceiver.receipt	32f807fc59265bdfd8cbc532b6fdb8a7637fe5af88eefda7ae06e35019bf3bf5	edda608d9a36288740808b0b74e76e7c2fc27d664af7cb2e7d1f36ae369d727a	bcd2f74d6a2a81c9adf008d9f70bca2e4a4fec16c34b36879348404029ca616a	402f90f8a099ccda	Classical.choice,Quot.sound,propext	Minidregg.Theory.TypedAuthorization.Digest → Minidregg.Theory.TypedAuthorization.Digest → Minidregg.Kernel.PayAssignmentReceiver.DecodedIngress → Minidregg.Kernel.PayAssignmentReceiver.Receipt
def	Minidregg.Kernel.PayAssignmentReceiver.receiveLoaded	c168a16e7531f063fce06f48fdf9886506247ed00a5390e051d89b2fa2968527	694da356eb7ac9ab8c2a9cfa574c87fbe5337f1afdd0e9370198d497b3e6ac9c	00ab8b5ef46abaf4496ffc541dae078b12aee1ef0287f1ac02a6de70ed6d4632	a096fb11841f81ba	Classical.choice,Quot.sound,propext	{F : Type} → [inst : Field F] → [DecidableEq F] → Minidregg.Kernel.PayAssignmentReceiver.Deployment → Minidregg.Compiler.CanonicalRuntimeProfile.Profile F → Minidregg.Kernel.PayAssignmentReceiver.Ambient → Minidregg.Compiler.CredentialSignatureIO.NativeConfig → Minidregg.Compiler.DurableReceiverIO.Transport → Minidregg.Kernel.PayAssignmentReceiver.Durable → List UInt8 → IO Minidregg.Kernel.PayAssignmentReceiver.Result
def	Minidregg.Kernel.PayAssignmentReceiver.replay	0bfe0ae2fba092c4725db273d8df1782afd1ce7b0a85aeb2c071efa6192c2bf8	9ae247eb5846896274810e4b2b7ac81e4636eb26cb42d6b444b12bbbcc76cabf	f40881e4f4183c6512d78991fd25e926fada982dc9524cdff602e5a29026092b	e2a693559ede5dcb	Classical.choice,Quot.sound,propext	Minidregg.Theory.TypedAuthorization.Digest → Minidregg.Theory.TypedAuthorization.Digest → Minidregg.Kernel.PayAssignmentReceiver.Durable → Minidregg.Kernel.PayAssignmentReceiver.DecodedIngress → Option (Except Unit Minidregg.Kernel.PayAssignmentReceiver.Receipt)
def	Minidregg.Kernel.PayAssignmentReceiver.request	b65a5f2376b4fbd32f78bf7adc94e68cbdd1de68c3d4e9c5ddf72593ca8d7f69	eebb0b815964a4edfe2e3e9ae34fbea3d13c922df7196dd6d4f441e9d2c90eb4	420c584944749e6003df598ee7839d662a362a551305a15c360de233a0f2e19b	fca5b48d814f768a	Classical.choice,Quot.sound,propext	Minidregg.Kernel.PayAssignmentReceiver.Snapshot → Minidregg.Kernel.PayCell.Cell → Minidregg.Theory.TypedAuthorization.Digest → Minidregg.Kernel.PayAssignmentReceiver.Ambient → Minidregg.Kernel.PayAssignmentReceiver.Command → Minidregg.Theory.TypedAuthorization.Request Minidregg.Theory.TypedAuthorization.ResourceKind.account
def	Minidregg.Kernel.PayAssignmentReceiver.requireSome	e5c8f98e857d7efb5322b295d4a124baa77f9ffea6678482e33443a17a44a0a4	05ecb25d5b0d9885a15506ddc86b40726b7c81164e802da24079569aa44eb08a	62468c57970c65f663f98fcd68d9b95bf7bc53d852d2864f1c38fd0fe6340ab4	bb8342b67a6a7894	-	{A : Type} → Minidregg.Kernel.PayAssignmentReceiver.Reject → Option A → Except Minidregg.Kernel.PayAssignmentReceiver.Reject A
theorem	Minidregg.Kernel.PayAssignmentReceiver.room_member_not_owner	05e7587efe888becc32ebdeb828728923ac957b5b3710da6710d52e7838b1d96	04c70f8d1942d138ea90628539927b5cd3170058dbdbd4dbf7be31d1aa9bc38b	c6fa48cef401cc9b6642c9980d655b1ae3cbe34faa21ef18e02357d36080a18b	24e06b7ff52f1237	Classical.choice,Quot.sound,propext	Minidregg.Kernel.PayAssignmentReceiver.decideAssignment Minidregg.Kernel.PayAssignmentReceiver.oneRowStore (Option.some { head := have __src := (Minidregg.Kernel.PayAssignmentReceiver.ownerCapability 8 8).head; { id := __src.id, root := __src.root, parent := __src.parent, issuer := __src.issuer, holder := __src.holder, scope := { targets := Minidregg.Theory.TypedAuthorization.TargetSet.under 7, verbs := {Minidregg.Theory.TypedAuthorization.Verb.observeAccount, Minidregg.Theory.TypedAuthorization.Verb.transfer, Minidregg.Theory.TypedAuthorization.Verb.delegateAccount}, maxCost := 100000 }, notBefore := __src.notBefore, notAfter := __src.notAfter, issuerEpoch := __src.issuerEpoch, policyId := { value := 7 }, policyEpoch := __src.policyEpoch, ancestors := __src.ancestors, channels := __src.channels }, ancestry := [] }) { value := 8 } 8 0 = Except.error Minidregg.Kernel.PayAssignmentReceiver.Reject.notOwner
theorem	Minidregg.Kernel.PayAssignmentReceiver.room_owner_assigned	bc148efad641ae61ea744f230d42ba642000484ad104fb68f7cc3a1c96aecd6e	f9c1b4820bf842b6b285607565e168af2e16b10e15b3bea04d24073ac108df7c	bd6bc65fdcc6a9ef09d47610f770a8553db23b524b67644a4e32c141563c8d33	8ceefdf38f8b601b	Classical.choice,Quot.sound,propext	Minidregg.Kernel.PayAssignmentReceiver.decideAssignment Minidregg.Kernel.PayAssignmentReceiver.oneRowStore (Option.some { head := have __src := (Minidregg.Kernel.PayAssignmentReceiver.ownerCapability 8 8).head; { id := __src.id, root := __src.root, parent := __src.parent, issuer := __src.issuer, holder := __src.holder, scope := { targets := Minidregg.Theory.TypedAuthorization.TargetSet.under 8, verbs := {Minidregg.Theory.TypedAuthorization.Verb.observeAccount, Minidregg.Theory.TypedAuthorization.Verb.transfer, Minidregg.Theory.TypedAuthorization.Verb.delegateAccount}, maxCost := 100000 }, notBefore := __src.notBefore, notAfter := __src.notAfter, issuerEpoch := __src.issuerEpoch, policyId := __src.policyId, policyEpoch := __src.policyEpoch, ancestors := __src.ancestors, channels := __src.channels }, ancestry := [] }) { value := 8 } 8 0 = Except.ok ()
theorem	Minidregg.Kernel.PayAssignmentReceiver.second_assignment_refused	3019ecdf5a7735847bc14ca211f79dc54358e619018b099d3d9652bac74e2f28	12d4dae8db8a5716699032dda8a530cd1fa5558b7b29f3e13b3db1c5c59b10fc	a537b901011edc0cdd81520ba0f5eedcd28e08e8d94f8dfc90a88421d066ea63	409bc9c6c603434d	Classical.choice,Quot.sound,propext	Minidregg.Kernel.PayAssignmentReceiver.decideAssignment (Minidregg.Theory.Store.Store.set Minidregg.Kernel.PayAssignmentReceiver.oneRowStore (Minidregg.Kernel.PayCell.assignmentAddress 0) (Option.some 8)) (Option.some (Minidregg.Kernel.PayAssignmentReceiver.ownerCapability 8 8)) { value := 8 } 8 1 = Except.error Minidregg.Kernel.PayAssignmentReceiver.Reject.alreadyAssigned
def	Minidregg.Kernel.PayAssignmentReceiver.signingHeader	0ec14dc75fd1457762d552e20a316c6c6bdd39d92c282a636acae36176a6bf86	e10299f6dcbf92f33b27ae08d6264e42764726d995745ec9a212d6ac5cd24075	a325f42333e53ea848bfcaa20541cb07f2ba09a798f2df2e072e76abcb2be6f2	b759e7369774583f	Classical.choice,Quot.sound,propext	{F : Type} → [inst : Field F] → Minidregg.Kernel.PayAssignmentReceiver.Deployment → Minidregg.Compiler.CanonicalRuntimeProfile.Profile F → Minidregg.Kernel.PayAssignmentReceiver.Ambient → Minidregg.Kernel.PayAssignmentReceiver.Durable → Minidregg.Kernel.PayAssignmentReceiver.Command → Except String Minidregg.Kernel.CredentialSignedEnvelopeController.SignedHeader
def	Minidregg.Kernel.PayAssignmentReceiver.sourceStore	a93f1186ebeb0d8218f7e7c50f1042eba34f81eb5f5645cb5bdb47e77b34d910	ec74e2a306bb2cf861853b439d98467ac3b4c2f49cec788a6b129fb0fc45f33d	81a62be2ff1d6676c60149ef8ab9729cc9b9dfe6e76386bc988a3b5755d7e386	b4f445d8f17ee599	Classical.choice,Quot.sound,propext	{F : Type} → [inst : Field F] → {deployment : Minidregg.Kernel.PayAssignmentReceiver.Deployment} → {profile : Minidregg.Compiler.CanonicalRuntimeProfile.Profile F} → {ambient : Minidregg.Kernel.PayAssignmentReceiver.Ambient} → {durable : Minidregg.Kernel.PayAssignmentReceiver.Durable} → {command : Minidregg.Kernel.PayAssignmentReceiver.Command} → Minidregg.Kernel.PayAssignmentReceiver.Prepared deployment profile ambient durable command → Minidregg.Kernel.CanonicalPolicyRegistry.PayloadStore
def	Minidregg.Kernel.PayAssignmentReceiver.step	15d1457474c211063c714f4cd4755e2489fae08335aa69b1af80dad49be37ce8	7b5444e3f4e906b41bff242dcdf35ebf6f4b7415da3775004bd3b420f1aad8bd	489a3c2dcf9b8463e0a3790cb18846818dca207dc7d6376de1ff8e63d4c89a75	2cf13629611208c9	Classical.choice,Quot.sound,propext	{F : Type} → [inst : Field F] → {deployment : Minidregg.Kernel.PayAssignmentReceiver.Deployment} → {profile : Minidregg.Compiler.CanonicalRuntimeProfile.Profile F} → {ambient : Minidregg.Kernel.PayAssignmentReceiver.Ambient} → {durable : Minidregg.Kernel.PayAssignmentReceiver.Durable} → {command : Minidregg.Kernel.PayAssignmentReceiver.Command} → Minidregg.Kernel.PayAssignmentReceiver.Prepared deployment profile ambient durable command → Minidregg.Compiler.CanonicalPolicyAdmission.PolicyStepContext
def	Minidregg.Kernel.PayAssignmentReceiver.transactionId	b7abfcc1ce4ec9a237494c286d1b92eeda8e40e4137f196b5e4a8834f38571d6	9367c1f901d5fd138ac315c337af87a6816231f251a99c696e827f430f3df16b	26fe002ee3a5e86fac002a9a9538ad7c98ee0d453b7994e29625ff8f28dbc6a5	e5a7349b5f7791af	Classical.choice,Quot.sound,propext	Minidregg.Theory.TypedAuthorization.Digest → Minidregg.Theory.TypedAuthorization.Digest → Minidregg.Kernel.PayAssignmentReceiver.DecodedIngress → Minidregg.Theory.TypedAuthorization.Digest
def	Minidregg.Kernel.PayAssignmentReceiver.writes	074b264d5231ed3063292bce15fc43a14269c191658878a4c1c650a2bcd7474d	bc7860e04ed3e8065ff601dce45f8ad8fa05d240b2d2a2d23f635aa5e39d040d	10ca2bc49d510aad774cf8682322aa3cf5493622cafc0611e16b74fe788ddcae	f6709b3cde6a1084	Classical.choice,Quot.sound,propext	{F : Type} → [inst : Field F] → {deployment : Minidregg.Kernel.PayAssignmentReceiver.Deployment} → {profile : Minidregg.Compiler.CanonicalRuntimeProfile.Profile F} → {ambient : Minidregg.Kernel.PayAssignmentReceiver.Ambient} → {durable : Minidregg.Kernel.PayAssignmentReceiver.Durable} → {command : Minidregg.Kernel.PayAssignmentReceiver.Command} → Minidregg.Kernel.PayAssignmentReceiver.Prepared deployment profile ambient durable command → List Minidregg.Kernel.DurableDataIntent.DataWrite
theorem	Minidregg.Kernel.PayAssignmentReceiver.writes_roots_bound	1f184155862f16652e6ebdc0e53f30fe7119a46b2c6cae9f046be93d6f2cf507	e76b6849be8ba473fc1331a7694c6cebc4e93e25a0459081530c6aaa44a0e64f	e56a2be3cc6472149e2bb5685396af0a486445b9d07de55e9fbb6c66377b08d9	d90914a1b4a974d4	Classical.choice,Quot.sound,propext	∀ {F : Type} [inst : Field F] {deployment : Minidregg.Kernel.PayAssignmentReceiver.Deployment} {profile : Minidregg.Compiler.CanonicalRuntimeProfile.Profile F} {ambient : Minidregg.Kernel.PayAssignmentReceiver.Ambient} {durable : Minidregg.Kernel.PayAssignmentReceiver.Durable} {command : Minidregg.Kernel.PayAssignmentReceiver.Command} (prepared : Minidregg.Kernel.PayAssignmentReceiver.Prepared deployment profile ambient durable command), ∀ write ∈ Minidregg.Kernel.PayAssignmentReceiver.writes prepared, Minidregg.Compiler.ResourceBirthCodec.rootBytes write.canonicalPostBytes = write.exactPost
ctor	private Minidregg.Kernel.PayAssignmentReceiver.Accepted.mk @Kernel.PayAssignmentReceiver	7e7082a799a0d7c3d4f46a40a0cd6fab524ecf085ca0d506f7606b6302332cae	4c19b07c287de8ffd716f0ca5050e8f46b753f8cf1ba0ec127c9b4343fdf570d	4d58fb96d862602f6fe6a816af49ee2cd70be6bfbbee03fca3662327b3d1330d	0c499a5cf65fcded		{F : Type} → [inst : Field F] → {deployment : Minidregg.Kernel.PayAssignmentReceiver.Deployment} → {profile : Minidregg.Compiler.CanonicalRuntimeProfile.Profile F} → {ambient : Minidregg.Kernel.PayAssignmentReceiver.Ambient} → {durable : Minidregg.Kernel.PayAssignmentReceiver.Durable} → {command : Minidregg.Kernel.PayAssignmentReceiver.Command} → [inst_1 : DecidableEq F] → {prepared : Minidregg.Kernel.PayAssignmentReceiver.Prepared deployment profile ambient durable command} → {ingress : Minidregg.Kernel.PayAssignmentReceiver.DecodedIngress} → (receipt : Minidregg.Compiler.CredentialSignatureAdmission.CheckedSignature prepared.authority.snapshot) → receipt.envelopeBytes = ingress.ingress.envelope → prepared.SemanticAccepted → Minidregg.Kernel.PayAssignmentReceiver.Accepted prepared ingress
ctor	private Minidregg.Kernel.PayAssignmentReceiver.AcceptedAssignment.mk @Kernel.PayAssignmentReceiver	1e09b15e1291859cd1c04f3ed2d9761417d1dd7de4ecc29f7cf5b6b76b336142	644c03edaf97eff876b484754332ff4d5b8427e98b6cfcbbfedfb20d58452db4	34803c18be94049882eb0d219ee6b03ea03b17fac5f7bc3b968c68a809e9815f	bfb993272e24f26d		{F : Type} → [inst : Field F] → [inst_1 : DecidableEq F] → {deployment : Minidregg.Kernel.PayAssignmentReceiver.Deployment} → {profile : Minidregg.Compiler.CanonicalRuntimeProfile.Profile F} → {ambient : Minidregg.Kernel.PayAssignmentReceiver.Ambient} → {durable : Minidregg.Kernel.PayAssignmentReceiver.Durable} → {ingress : Minidregg.Kernel.PayAssignmentReceiver.DecodedIngress} → (prepared : Minidregg.Kernel.PayAssignmentReceiver.Prepared deployment profile ambient durable ingress.command) → Minidregg.Kernel.PayAssignmentReceiver.Accepted prepared ingress → Minidregg.Kernel.PayAssignmentReceiver.PhysicalShape prepared → Minidregg.Kernel.PayAssignmentReceiver.AcceptedAssignment deployment profile ambient durable ingress
ctor	private Minidregg.Kernel.PayAssignmentReceiver.DecodedIngress.mk @Kernel.PayAssignmentReceiver	6bf7769ed879910500e6e51373f2210e86010bda9506632f13e11424059cb058	f72cc9c9bc837b59089a616df6d4e35c3d66ca5a8ca2347215f02aae40d436c8	b5be6042ca43086b43c97d93c2ee3ebd301aecca13a0d59a1c7eb7cf6399e5b9	ced9b78070d82308		(ingress : Minidregg.Kernel.PayAssignmentReceiver.Ingress) → (command : Minidregg.Kernel.PayAssignmentReceiver.Command) → Minidregg.Kernel.PayAssignmentReceiver.commandCodec.encode command = ingress.commandBytes → (envelope : Minidregg.Kernel.CredentialSignedEnvelopeController.SignedEnvelope) → Minidregg.Compiler.CredentialSignatureAdmission.canonicalEnvelopeCodec.decode ingress.envelope = Option.some envelope → Minidregg.Kernel.PayAssignmentReceiver.DecodedIngress
ctor	private Minidregg.Kernel.PayAssignmentReceiver.Prepared.mk @Kernel.PayAssignmentReceiver	77b9e663b3871fe20e172841c4401f15c2ee3296303cac2f1f2c160f7ac07c03	af83d57a89f3099820338534d424fd6ef2d0bfe5b33a8a4e4e176fee02538366	c3f2c54436db02e56bbd6e183502584289649014a40b2565c82d6800258870ae	3ce9735aab018fec		{F : Type} → [inst : Field F] → {deployment : Minidregg.Kernel.PayAssignmentReceiver.Deployment} → {profile : Minidregg.Compiler.CanonicalRuntimeProfile.Profile F} → {ambient : Minidregg.Kernel.PayAssignmentReceiver.Ambient} → {durable : Minidregg.Kernel.PayAssignmentReceiver.Durable} → {command : Minidregg.Kernel.PayAssignmentReceiver.Command} → (directory : Minidregg.Compiler.CredentialAuthorityDomainReceiver.LoadedDirectory durable) → (authority : Minidregg.Compiler.CredentialAuthorityDomainReceiver.Loaded deployment durable.snapshot) → (pay : Minidregg.Kernel.PayCellDomain.Loaded deployment durable.snapshot) → Minidregg.Kernel.PayAssignmentReceiver.decideAssignment pay.cell.logical (Minidregg.Theory.CredentialAuthorityState.readCapability authority.snapshot.cell Minidregg.Theory.TypedAuthorization.ResourceKind.account command.capability) command.subject command.account command.index = Except.ok () → Minidregg.Theory.PolicyInstall.Candidate (Minidregg.Kernel.PayAssignmentReceiver.family authority.snapshot pay.cell profile.semantics ambient command) pay.cell (Minidregg.Kernel.PayAssignmentReceiver.declaration authority.snapshot.domain profile.semantics command) () → Minidregg.Compiler.CanonicalCellRegistry.LoadedPolicySource authority.snapshot.domain directory.directory (authority.snapshot.authState.policyAddress { value := command.account } (authority.snapshot.authState.policyRevision { value := command.account })) → Minidregg.Kernel.PayAssignmentReceiver.Prepared deployment profile ambient durable command
