# Kernel.RealmWellReceiver: Objective contract manifest. Written by `scripts/check-objective-proofs.sh proofs --pin`;
# a removed or changed row needs a line in scripts/gates/objective-contract-changes.txt.
inductive	Minidregg.Kernel.RealmWellReceiver.Accepted	4fd431b0d4ca3ce8f18b8cfc4d29750482ceba7c200fbb1267dc498bd4ab7aab	0bf3601e00117f384eb55efa396ab924e87872f7f6bda3c085bb5bc956b06fce	35ddd20645982901a7f8c281d28999c68654e39ddf0797bbc9a462cfe481bc03	27b4fc7cb216ba9c		{F : Type} → [inst : Field F] → {deployment : Minidregg.Kernel.RealmWellReceiver.Deployment} → {profile : Minidregg.Compiler.CanonicalRuntimeProfile.Profile F} → {ambient : Minidregg.Kernel.RealmWellReceiver.Ambient} → {durable : Minidregg.Kernel.RealmWellReceiver.Durable} → {command : Minidregg.Compiler.RealmWellCodec.Command} → [DecidableEq F] → Minidregg.Kernel.RealmWellReceiver.Prepared deployment profile ambient durable command → Minidregg.Compiler.RealmWellCodec.Ingress → Type
theorem	Minidregg.Kernel.RealmWellReceiver.Accepted.envelopeExact	b643f0d9e13630554bb60017b40123adc2e96e1aa96b7923f8a746c2d60517fa	e421436f6847105de4bd7d20fa1dd318abe95efd4fcc56ae899714b0aeccfbc6	9bd19e41019eba435ced3e0619201145089794460b1a1b526cf3cc743279186f	6ad21e4ab9a54ad7	Classical.choice,Quot.sound,propext	∀ {F : Type} [inst : Field F] {deployment : Minidregg.Kernel.RealmWellReceiver.Deployment} {profile : Minidregg.Compiler.CanonicalRuntimeProfile.Profile F} {ambient : Minidregg.Kernel.RealmWellReceiver.Ambient} {durable : Minidregg.Kernel.RealmWellReceiver.Durable} {command : Minidregg.Compiler.RealmWellCodec.Command} [inst_1 : DecidableEq F] {prepared : Minidregg.Kernel.RealmWellReceiver.Prepared deployment profile ambient durable command} {ingress : Minidregg.Compiler.RealmWellCodec.Ingress} (self : Minidregg.Kernel.RealmWellReceiver.Accepted prepared ingress), self.receipt.envelopeBytes = ingress.envelope
def	Minidregg.Kernel.RealmWellReceiver.Accepted.receipt	38bf59ddd6018ec9ff23467af50df9f17e5f7f87c87b1d2e9a3b0c9f69649988	3212d26405ebe51ce6e9a331b15d659439134219c09e09a8ef20cbfc13d77354	b528cda2c7970117a7c24644b87f9a0c0c7ab14f2cd5daf70c1b8b097de2b965	b594857460175b80	Classical.choice,Quot.sound,propext	{F : Type} → [inst : Field F] → {deployment : Minidregg.Kernel.RealmWellReceiver.Deployment} → {profile : Minidregg.Compiler.CanonicalRuntimeProfile.Profile F} → {ambient : Minidregg.Kernel.RealmWellReceiver.Ambient} → {durable : Minidregg.Kernel.RealmWellReceiver.Durable} → {command : Minidregg.Compiler.RealmWellCodec.Command} → [inst_1 : DecidableEq F] → {prepared : Minidregg.Kernel.RealmWellReceiver.Prepared deployment profile ambient durable command} → {ingress : Minidregg.Compiler.RealmWellCodec.Ingress} → Minidregg.Kernel.RealmWellReceiver.Accepted prepared ingress → Minidregg.Compiler.CredentialSignatureAdmission.CheckedSignature prepared.authority.snapshot
def	Minidregg.Kernel.RealmWellReceiver.Accepted.semantic	3945330cd8a301e7bbc9c8ba7c0ad5b2f6117fe432ccde0988dc299295f4734e	483b79ecc81b619e4be42afed63041a8e2249d5a2be51fdf758a346ef5bb4cd5	8b7b9d9ee2aa1088cb705549decf727f4ec7b101410ef7a734868328bb7cbb31	90fa61f82482b41f	Classical.choice,Quot.sound,propext	{F : Type} → [inst : Field F] → {deployment : Minidregg.Kernel.RealmWellReceiver.Deployment} → {profile : Minidregg.Compiler.CanonicalRuntimeProfile.Profile F} → {ambient : Minidregg.Kernel.RealmWellReceiver.Ambient} → {durable : Minidregg.Kernel.RealmWellReceiver.Durable} → {command : Minidregg.Compiler.RealmWellCodec.Command} → [inst_1 : DecidableEq F] → {prepared : Minidregg.Kernel.RealmWellReceiver.Prepared deployment profile ambient durable command} → {ingress : Minidregg.Compiler.RealmWellCodec.Ingress} → Minidregg.Kernel.RealmWellReceiver.Accepted prepared ingress → prepared.SemanticAccepted
inductive	Minidregg.Kernel.RealmWellReceiver.AcceptedLog	d38ac0cf5c9b689b7d32252bbc6fee25bc516e8f82a18c07164f2fb71617e7e7	3602a5b75b6ea577cdc0b300c8f51bd6814feff5edd836a12b5849df5ca1bfde	1ff3249330fd6ac829bf2739521e90fa6224e6abdceff3aeff0fc9faedc0e463	ac3cf4ad5b5b7565		Minidregg.Theory.CanonicalResourceKernel.Book → List Minidregg.Kernel.RealmWellReceiver.Plan → Minidregg.Theory.CanonicalResourceKernel.Book → Prop
ctor	Minidregg.Kernel.RealmWellReceiver.AcceptedLog.cons	197d2198415194b751af42e78b11e58de9c2c4a7810ac695b251f75048efb47a	48719d7d2ddccbf1cd1a0954b63871651a9c4512fa7b8055fb199c82d2ab72ce	7f262baaf8f00baf98daf476edcfad55557fd79216cbe94cbfbe09a7f2f72f48	9e556fe3c981bdf4		∀ {book final : Minidregg.Theory.CanonicalResourceKernel.Book} {plan : Minidregg.Kernel.RealmWellReceiver.Plan} {rest : List Minidregg.Kernel.RealmWellReceiver.Plan}, plan.account ≠ plan.asset → Minidregg.Theory.CanonicalResourceKernel.Batch.Admission book plan.batch → Minidregg.Kernel.RealmWellReceiver.AcceptedLog (plan.batch.apply book) rest final → Minidregg.Kernel.RealmWellReceiver.AcceptedLog book (plan :: rest) final
ctor	Minidregg.Kernel.RealmWellReceiver.AcceptedLog.nil	87af25bfe59083cecee3ed9a3b0934062ff593b6b9440539c701ceda71fc2677	9217e6637607fc4970285bc109aa25be97b919f2e455b56c44ca8a7a0a49bfc2	49e56f914e9be363ac1499ca683bf82e5d9675affa30f06a43597f91fddbbca5	bb782b00af20caf6		∀ (book : Minidregg.Theory.CanonicalResourceKernel.Book), Minidregg.Kernel.RealmWellReceiver.AcceptedLog book [] book
theorem	Minidregg.Kernel.RealmWellReceiver.AcceptedLog.snoc	51ca4ff358c73ff47f5a09cec0ef20a57d4818968a39c793b82deca7e55eb1cf	1e1b0821b476a85066a0288741d047c2fb76f7a29b57776bffcb8f1800f184f6	deb7657697859d4ecb4f09762388af5c63b578de27bf737350baf6e274b918b8	c6dd31f04fbcc97b	Classical.choice,Quot.sound,propext	∀ {initial book : Minidregg.Theory.CanonicalResourceKernel.Book} {log : List Minidregg.Kernel.RealmWellReceiver.Plan} {plan : Minidregg.Kernel.RealmWellReceiver.Plan}, Minidregg.Kernel.RealmWellReceiver.AcceptedLog initial log book → plan.account ≠ plan.asset → Minidregg.Theory.CanonicalResourceKernel.Batch.Admission book plan.batch → Minidregg.Kernel.RealmWellReceiver.AcceptedLog initial (log ++ [plan]) (plan.batch.apply book)
inductive	Minidregg.Kernel.RealmWellReceiver.AcceptedWell	e03147991d86375a63e143137b6dbfd6f4f067112e6d812da410dc5c247d8a58	297c8e1123bf7d68f345f8ba3f0d55a6ce29b511ccc17007fd24c2a44d815789	b809a29d082603c8f5139984cf90d37bfeed8bb759bffb173427bca405c226e7	58e111964199287f		{F : Type} → [inst : Field F] → [DecidableEq F] → Minidregg.Kernel.RealmWellReceiver.Deployment → Minidregg.Compiler.CanonicalRuntimeProfile.Profile F → Minidregg.Kernel.RealmWellReceiver.Ambient → Minidregg.Kernel.RealmWellReceiver.Durable → Minidregg.Kernel.RealmWellReceiver.DecodedIngress → Type
def	Minidregg.Kernel.RealmWellReceiver.AcceptedWell.accepted	c3c56117096db24280ba65e6f8be8609e83b32bb34711424ef4bde6841cf52cc	ba372624fb645ea4ec3477ed48eb3fe31fcdf2ce23b3ce9838c9d01a97079565	d6cc8d744fcc3feef3cb42f199d93785084d6cb02364fe9acc822e12a315b39b	1038971890e6ffb3	Classical.choice,Quot.sound,propext	{F : Type} → [inst : Field F] → [inst_1 : DecidableEq F] → {deployment : Minidregg.Kernel.RealmWellReceiver.Deployment} → {profile : Minidregg.Compiler.CanonicalRuntimeProfile.Profile F} → {ambient : Minidregg.Kernel.RealmWellReceiver.Ambient} → {durable : Minidregg.Kernel.RealmWellReceiver.Durable} → {ingress : Minidregg.Kernel.RealmWellReceiver.DecodedIngress} → (self : Minidregg.Kernel.RealmWellReceiver.AcceptedWell deployment profile ambient durable ingress) → Minidregg.Kernel.RealmWellReceiver.Accepted self.prepared ingress.ingress
theorem	Minidregg.Kernel.RealmWellReceiver.AcceptedWell.book_exact	8456a8b5d7cf7b77c7b9f3dbea6d345acd8d4752ccc93dccfe6fa8c93c2e3766	f235fb96bb878093cc4a318823a98a20ab29746553abc559fe12aefcfc6b1ea8	d5c06607b7bb5d4513a8c929b3c4dc67013102f06d14184781fb745e1e39d2ad	b3bd697df1fe9800	Classical.choice,Quot.sound,propext	∀ {F : Type} [inst : Field F] {deployment : Minidregg.Kernel.RealmWellReceiver.Deployment} {profile : Minidregg.Compiler.CanonicalRuntimeProfile.Profile F} {ambient : Minidregg.Kernel.RealmWellReceiver.Ambient} {durable : Minidregg.Kernel.RealmWellReceiver.Durable} [inst_1 : DecidableEq F] {ingress : Minidregg.Kernel.RealmWellReceiver.DecodedIngress} (accepted : Minidregg.Kernel.RealmWellReceiver.AcceptedWell deployment profile ambient durable ingress), Minidregg.Theory.CanonicalResourceKernel.logicalBook accepted.prepared.bookPost.logical = accepted.prepared.plan.batch.apply (Minidregg.Kernel.RealmWellReceiver.bookOf accepted.prepared.book)
theorem	Minidregg.Kernel.RealmWellReceiver.AcceptedWell.grant_and_law	93137ffc8957eb3c09cae5f29f22ad9253249b20b2a929e577da404157565120	cc8a8dde834a6c71467cd8f17ffbe790905780d30f0e95a15822bf2582ff4653	a1b6dcac92f20e519e1ed0d7405323ab49042f85ee4907ab42c2ce7b62b179e2	a510029082d3f292	Classical.choice,Quot.sound,propext	∀ {F : Type} [inst : Field F] {deployment : Minidregg.Kernel.RealmWellReceiver.Deployment} {profile : Minidregg.Compiler.CanonicalRuntimeProfile.Profile F} {ambient : Minidregg.Kernel.RealmWellReceiver.Ambient} {durable : Minidregg.Kernel.RealmWellReceiver.Durable} [inst_1 : DecidableEq F] {ingress : Minidregg.Kernel.RealmWellReceiver.DecodedIngress} (accepted : Minidregg.Kernel.RealmWellReceiver.AcceptedWell deployment profile ambient durable ingress), ingress.command.op = Minidregg.Compiler.RealmWellCodec.WellOp.mint → accepted.prepared.wanted.target = { value := ingress.command.well } ∧ accepted.prepared.wanted.verb = Minidregg.Theory.TypedAuthorization.Verb.mintAsset ∧ ∃ cap commitment, accepted.accepted.semantic.authorization.evidence.capabilityValue = Option.some (cap, commitment) ∧ cap.Admissible accepted.prepared.authority.snapshot.authState accepted.prepared.wanted ∧ Minidregg.Theory.TypedAuthorization.Verb.mintAsset ∈ cap.scope.verbs
theorem	Minidregg.Kernel.RealmWellReceiver.AcceptedWell.physical	f0825e5dbed7427089b836fedd6cb9c1658358facafd8707cf3d723d60e8a84f	46a6a2d8cbbe058c5f2513519da93e10a03f53c033148107778b27910a262f88	68bbb9b89dcf5220fc963b17cb89c488d948605ff7c1021204aa1e7f1fb7f1ff	9b2efbd28e2df915	Classical.choice,Quot.sound,propext	∀ {F : Type} [inst : Field F] [inst_1 : DecidableEq F] {deployment : Minidregg.Kernel.RealmWellReceiver.Deployment} {profile : Minidregg.Compiler.CanonicalRuntimeProfile.Profile F} {ambient : Minidregg.Kernel.RealmWellReceiver.Ambient} {durable : Minidregg.Kernel.RealmWellReceiver.Durable} {ingress : Minidregg.Kernel.RealmWellReceiver.DecodedIngress} (self : Minidregg.Kernel.RealmWellReceiver.AcceptedWell deployment profile ambient durable ingress), Minidregg.Kernel.RealmWellReceiver.PhysicalShape self.prepared
def	Minidregg.Kernel.RealmWellReceiver.AcceptedWell.prepared	485068bd9e90cb7b074b399d7a2d1b36c5f68882482d991e88471f027f4267cc	82af44885d67a192cba5f667578291ce3f45b9334c34e616a480f2f8fcb017a9	67460d4f5c6734ef019ee1db6dd8453bccbd647899988504d426d4a5d5497cba	6e808b8f17426f31	Classical.choice,Quot.sound,propext	{F : Type} → [inst : Field F] → [inst_1 : DecidableEq F] → {deployment : Minidregg.Kernel.RealmWellReceiver.Deployment} → {profile : Minidregg.Compiler.CanonicalRuntimeProfile.Profile F} → {ambient : Minidregg.Kernel.RealmWellReceiver.Ambient} → {durable : Minidregg.Kernel.RealmWellReceiver.Durable} → {ingress : Minidregg.Kernel.RealmWellReceiver.DecodedIngress} → Minidregg.Kernel.RealmWellReceiver.AcceptedWell deployment profile ambient durable ingress → Minidregg.Kernel.RealmWellReceiver.Prepared deployment profile ambient durable ingress.command
inductive	Minidregg.Kernel.RealmWellReceiver.Ambient	d887df17239e7301bb7331094006c0c9ad360ab4b218100bfd193cf5905b5727	16946b93ac38405660f51e475eb5aa7d25b54f5e5677e0f6a10a4526cc071cbf	94b257098326a91d7bfbbf519bc891607560aba44c8d808af0e40631c1f6e4ca	292afa30ab992a6e		Type
def	Minidregg.Kernel.RealmWellReceiver.Ambient.credit	bc4777a54540ef23d71a2a8be787f3657dfe937460024d4e8af8218a01819c8d	78417fff6ed0a0f853089cb5065f8f252f326169befd44a7b5482fcaea38b1f7	66fb86e251cd0949f1832e99da2ebe21fc73a0945f4019835c9e65a6706f8e5e	d9091d530418387a	-	Minidregg.Kernel.RealmWellReceiver.Ambient → Minidregg.Theory.CanonicalResourceKernel.AssetId
def	Minidregg.Kernel.RealmWellReceiver.Ambient.federation	cedf5791051e78c5392fe3209ae0f5f82c5619161fed1f3cae4c6afbb79e12f5	ba4e333ac5369beafdde12eb0ff6ab06dcef6bc4e1318b349570f805698e6f06	1f83c95e03e69b5047cfab8f18e468716212225312adfb1ab49585d2096f439b	3c1eb54fa8cdf531	-	Minidregg.Kernel.RealmWellReceiver.Ambient → Minidregg.Theory.TypedAuthorization.FederationId
def	Minidregg.Kernel.RealmWellReceiver.Ambient.height	448c42b57dce54642a391923e8e0bb657b05d6ebde53a47ef9dcb8f2e7794601	52a6c5786c95cc202ff385ce084fa4fb57e4df3d4a96359fe1590bdd464145e7	5fb2e2eb31f82e1aa2af9e436f8d5712b937d22f5e260ddb9d54b2f86846e428	be3e630cba6b26f9	-	Minidregg.Kernel.RealmWellReceiver.Ambient → Minidregg.Theory.TypedAuthorization.Height
ctor	Minidregg.Kernel.RealmWellReceiver.Ambient.mk	ed6bc4549402a6e81c2abfb372f70e5153b5bf092d7326d3d05560a3c3e1a693	aea76c8f64cb44f8b6194c143fd835758ff247a33a239f84054740de2c5469e7	dc075845bbb208e2b1513f1cd11f80bf0bfd13674622de20095de4c6bd4a215b	36386881512840a6		Minidregg.Theory.TypedAuthorization.FederationId → Minidregg.Theory.TypedAuthorization.Height → Minidregg.Theory.CanonicalResourceKernel.AssetId → Minidregg.Kernel.RealmWellReceiver.Ambient
def	Minidregg.Kernel.RealmWellReceiver.BookCell	a6d1b3bed2b13cf7234642c9990721fbc0cafb2488efa1c11e84b9b03713f086	8e9905adc16ce9df3919219377d7db22ca79550fc359a03d1204449678ca3943	0339dac7903a4c03af35c4df28206ace9b05f3cdc9fa4db73e3be1d7c008e84f	143abff20d82dc02	Classical.choice,Quot.sound,propext	Minidregg.Kernel.RealmWellReceiver.Deployment → Minidregg.Theory.CellRegistry.Directory ℕ Minidregg.Kernel.RealmWellReceiver.Registry → Type
def	Minidregg.Kernel.RealmWellReceiver.BookMaterialized	5584364dfbe47aedf3209fb4e71e826ede2d38515531a0d6768663f7db0f3b0d	89855d392aa192071e8a2b2230d30ecae8fc9de0c15fa6a53f6209226829292a	c5c27e4ce35059009371f42872ed7c9b388abb39fb2ec9dd08b0b55add8e5a29	31bdcda9a14ad14e	Classical.choice,Quot.sound,propext	Type
inductive	Minidregg.Kernel.RealmWellReceiver.Declaration	f00f7c3a178c2a8b93a33dab3d37b6a39ef3e0d8895f68a482f12b7ca438e64e	16946b93ac38405660f51e475eb5aa7d25b54f5e5677e0f6a10a4526cc071cbf	5a0659818efb734b8b27c634a541cbd05999716f41e99b4697ac318dba792db1	8d5c13ad2ca2bc0c		Type
def	Minidregg.Kernel.RealmWellReceiver.Declaration.account	1e06a2013ed4b5effb0854ee4c62546974173384ca2f4123dc0f42e511948994	5dc0124b2bbcfed635b384c2591e63aad9f3df305302636155e4bce7605e2099	b6df99eb2959cfe058bfc11e762ad05f5ed5cea63ac845b73763b71afcfa08d6	93615baa273d95e5	-	Minidregg.Kernel.RealmWellReceiver.Declaration → ℕ
def	Minidregg.Kernel.RealmWellReceiver.Declaration.amount	6c90df0332a97878d382e3f8a8c3575a26421edaaadac3419f7f110c10597d01	5dc0124b2bbcfed635b384c2591e63aad9f3df305302636155e4bce7605e2099	dd46d9d41bfd1e5191ade80ef289619c8ae718fdc3fd23865fdd357ef7243bc3	20083ad2597d5277	-	Minidregg.Kernel.RealmWellReceiver.Declaration → ℕ
ctor	Minidregg.Kernel.RealmWellReceiver.Declaration.mk	e995149a5311ffb6d1ba4eee11de3f9e1e52a5d06a407b5b212c1f5d6af5b54b	e7802f9c62608341889225057945bcd0831b7589aacd4444253312199390c494	d1eea153a3c5a207770352bb1ddf6cfafdba1fc5cd5b68904acb5207a086b469	2674d98effd5b493		ℕ → Minidregg.Compiler.RealmWellCodec.WellOp → ℕ → ℕ → ℕ → Minidregg.Kernel.RealmWellReceiver.Declaration
def	Minidregg.Kernel.RealmWellReceiver.Declaration.op	dd8f548f033188872c726b5d72a34ee8a8201600ff529471c0df69ab33c0dbc3	90ac89d66bb4458fbc7e810626b2199574217cebd04d424167aef12b02ae9f20	62444dcc278e48d8bf8cad32189f05f19cf739ed6533f97e29630b6179d4a621	645d466d17256a08	-	Minidregg.Kernel.RealmWellReceiver.Declaration → Minidregg.Compiler.RealmWellCodec.WellOp
def	Minidregg.Kernel.RealmWellReceiver.Declaration.operationNullifier	8eabf7d9c7721f0149201e23a921f42f03ce17868c05faa2a0f9cd51bf1d8fc1	5dc0124b2bbcfed635b384c2591e63aad9f3df305302636155e4bce7605e2099	5d7487ede8cf79db9bf68876e051920f8f8925d1d91e0fcc72aff8266f18d417	53f392ee9e5089ae	-	Minidregg.Kernel.RealmWellReceiver.Declaration → ℕ
def	Minidregg.Kernel.RealmWellReceiver.Declaration.well	207446860642dc34e1d74289ce2f2596cc4398769a09cc5f86dc269221cf579f	5dc0124b2bbcfed635b384c2591e63aad9f3df305302636155e4bce7605e2099	310f0693e9c0d7ffef40749a8c918ea02636e06882b7c939639191d44e6d2503	52c5888f914c1d15	-	Minidregg.Kernel.RealmWellReceiver.Declaration → ℕ
inductive	Minidregg.Kernel.RealmWellReceiver.DecodedIngress	55fd76fe908b2ddcc3241fe74bc2c670d6d645c95ae86d9262d57606bbe2d60c	16946b93ac38405660f51e475eb5aa7d25b54f5e5677e0f6a10a4526cc071cbf	fc9420be68bb2054297d991df923b67f48ae00fc0ecfc775f382c94de0c6faa5	3b35b3f2e9c30f26		Type
def	Minidregg.Kernel.RealmWellReceiver.DecodedIngress.bytes	67f8dbd0886a8ee73d0984ac8abc37d2e2f508f45988b62140f42906de57db6f	a7cd7e87fd0fa052c16f1fff7d3f43c3525cbf65789ef3e86c6f918f432c6cb2	fe4825ed60c49e7bafd0114c66049632fa4533f405a3b63ede37e2b15ff4d03d	6d1a9c6e241b3d56	Classical.choice,Quot.sound,propext	Minidregg.Kernel.RealmWellReceiver.DecodedIngress → List UInt8
theorem	Minidregg.Kernel.RealmWellReceiver.DecodedIngress.canonical	186db023e0ac483fe58c451f59a55a141654508dbfe02df06e7ae91e3fadfc39	2d0e4a434c225e3ce8b5fca52e46a1ea186fa78dd8e0560211a238947849a8f7	cf500c3f8ebd712965dcea335ebd2f5f422ef9514afd88a06ef1cd8c41f6cbc7	6d160aa4bd0daec0	Classical.choice,Quot.sound,propext	∀ (self : Minidregg.Kernel.RealmWellReceiver.DecodedIngress), Minidregg.Compiler.RealmWellCodec.commandCodec.encode self.command = self.ingress.commandBytes
def	Minidregg.Kernel.RealmWellReceiver.DecodedIngress.command	0ca29a9189518b5b2f2b2f21876d25b9f792c567386fe959d4d405c4f1e34623	d4766edb0260da7eb9216207a0cf3bd490f4ff42b7a3298cf227d99588e002be	da114dbc1a88f915fb4a46b00bede6ac229d9f391388a2e1c5025690e7f36f9d	b5fa910b70853980	Classical.choice,Quot.sound,propext	Minidregg.Kernel.RealmWellReceiver.DecodedIngress → Minidregg.Compiler.RealmWellCodec.Command
def	Minidregg.Kernel.RealmWellReceiver.DecodedIngress.envelope	d99934a3f382c8d4313bc2b95b58e25f37c5ee7d930abcc34e5a55afe7c4fe15	9e3c4b45ae064bd82838d26be004c8c20390a31d844eef4c83e15fbb8b7f0e58	f49db02a5d7712296580289ede630d13d1112a7f1d23d47c9e8c4876fecbd61b	ab7c46f01589ff92	Classical.choice,Quot.sound,propext	Minidregg.Kernel.RealmWellReceiver.DecodedIngress → Minidregg.Kernel.CredentialSignedEnvelopeController.SignedEnvelope
theorem	Minidregg.Kernel.RealmWellReceiver.DecodedIngress.envelopeExact	1b60748b2188c00a7efdc1a5b489c3d57a582fd8817ce97c49c6ca10bd2c7900	3e6d27d057a5cf59534525f865d9db75b5e7015e0f892ab7082571de55afecbc	c034ae12d9f9447b9688c5dd1c2e8b7dd3574308e06b450b2c28119ad16c09be	729b168976f2f146	Classical.choice,Quot.sound,propext	∀ (self : Minidregg.Kernel.RealmWellReceiver.DecodedIngress), Minidregg.Compiler.CredentialSignatureAdmission.canonicalEnvelopeCodec.decode self.ingress.envelope = Option.some self.envelope
def	Minidregg.Kernel.RealmWellReceiver.DecodedIngress.ingress	b954307245fbb76ed87127840352e73de090ee76ebb58b300f1de84435ffba26	ee07caf9846435e2fcb798fec1f15b4b92197c6e69b66f13efb951f7ebbcfd18	e1e3a9564063140f3f0113b428a08bf8c8eaf2c94732fa0d1c6d6ec28dc58a33	5e91dde7a7bfc5e8	Classical.choice,Quot.sound,propext	Minidregg.Kernel.RealmWellReceiver.DecodedIngress → Minidregg.Compiler.RealmWellCodec.Ingress
def	Minidregg.Kernel.RealmWellReceiver.Deployment	54fc86b659e72071e13240d38252f46c15c723a1829deab86f0adc8f8564428f	89855d392aa192071e8a2b2230d30ecae8fc9de0c15fa6a53f6209226829292a	b4fa4e9e348856d35397eeeeeaa15672760ef35ba596bab1dd4e9047fa7fb996	8a1d1d9935af54c3	-	Type
def	Minidregg.Kernel.RealmWellReceiver.Durable	e207909d59ee53cd1fc2cc8b2db840d01516a6e8cea258461994e8d4a0810ce9	89855d392aa192071e8a2b2230d30ecae8fc9de0c15fa6a53f6209226829292a	b4006a6b60142d532c39a0436303172df4ca54f8c77903966b25dbc8d15d0142	fb6452717d283c3b	Classical.choice,Quot.sound,propext	Type
def	Minidregg.Kernel.RealmWellReceiver.PhysicalShape	93ef500d88629bd3e92771cc2cebfcbf00f4c339a47e39eb27155080381fa989	7142ac0e7734afaab9e6f3245b43b27ce4a989ce0fd8f55a1b856fef380154bb	0fa7e6e7f7291b3a50b9010b4113cdf33fd3befac8a566e094e2d44226b0059c	9bfd3a5639591686	Classical.choice,Quot.sound,propext	{F : Type} → [inst : Field F] → {deployment : Minidregg.Kernel.RealmWellReceiver.Deployment} → {profile : Minidregg.Compiler.CanonicalRuntimeProfile.Profile F} → {ambient : Minidregg.Kernel.RealmWellReceiver.Ambient} → {durable : Minidregg.Kernel.RealmWellReceiver.Durable} → {command : Minidregg.Compiler.RealmWellCodec.Command} → Minidregg.Kernel.RealmWellReceiver.Prepared deployment profile ambient durable command → Prop := fun {F} [Field F] {deployment} {profile} {ambient} {durable} {command} prepared => (List.map Minidregg.Kernel.DurableDataIntent.DataWrite.cellId (Minidregg.Kernel.RealmWellReceiver.writes prepared)).Nodup ∧ (∀ write ∈ Minidregg.Kernel.RealmWellReceiver.writes prepared, write.expectedPre = durable.snapshot.model.roots write.cellId) ∧ (∀ write ∈ Minidregg.Kernel.RealmWellReceiver.writes prepared, Minidregg.Kernel.ResourceBirthController.Concrete.PhysicalPostLaw deployment write) ∧ (∀ write ∈ Minidregg.Kernel.RealmWellReceiver.writes prepared, Minidregg.Compiler.ResourceBirthCodec.rootBytes write.canonicalPostBytes = write.exactPost) ∧ (Minidregg.Kernel.RealmWellReceiver.policyGuard prepared).cellId ∉ List.map Minidregg.Kernel.DurableDataIntent.DataWrite.cellId (Minidregg.Kernel.RealmWellReceiver.writes prepared) ∧ (∀ guard ∈ Minidregg.Kernel.RealmWellReceiver.readGuards prepared, guard.expectedRoot = durable.snapshot.model.roots guard.cellId) ∧ (Minidregg.Kernel.RealmWellReceiver.lawReadGuards prepared).isSome = Bool.true
inductive	Minidregg.Kernel.RealmWellReceiver.Plan	6dc599d8b4e9a2e4eee7b0b6fe232bc9ab61f83014ce767ce6bb4d128f9c89af	16946b93ac38405660f51e475eb5aa7d25b54f5e5677e0f6a10a4526cc071cbf	2267dd2cc5356d0c7714262b7c73ad846f8ad39c7873d29f6f51934e5b48da84	ee760d9909e0fe98		Type
def	Minidregg.Kernel.RealmWellReceiver.Plan.account	ec90dbfa339eeae66855ce22bb963a40908ceeea470a693fd64fb836ce794001	948090452b88f2dff7465370837bd329b295a23ff89b8d117208fff25f32fe83	7c66ccfc1b0726b97c8ba2b4106bc5ae7558f1620503a0411cc5c9d5dcc4f127	8d44b109722e8aaf	-	Minidregg.Kernel.RealmWellReceiver.Plan → Minidregg.Theory.CanonicalResourceKernel.AccountId
def	Minidregg.Kernel.RealmWellReceiver.Plan.amount	1b52a9e16e8006ac928e0e2cd38945bf18e3be49630c8890a0d16654ba6fc195	e3a132523027c4bd92b8c5221d5139221e4ce41835ebfeddacca8dd81d0eb362	a2901760808c6f75f27a9135ba301b263718885f7f5baee39c9e00fc48737b00	1365ed7c4a5c0f37	-	Minidregg.Kernel.RealmWellReceiver.Plan → ℕ
def	Minidregg.Kernel.RealmWellReceiver.Plan.asset	0d55e0c3d51e02f79017c862296032379225e807c1de4dad8a699b3758d56ab1	c60678bd2966cd49d0e3f7224d0094fa1e2f71e7989aec30526b6358a909adcf	83074f267d7919be956044fe8ab064a8c48be6b14e6af4be465f4638f0bb27b1	2b64984966b9dbcb	-	Minidregg.Kernel.RealmWellReceiver.Plan → Minidregg.Theory.CanonicalResourceKernel.AssetId
def	Minidregg.Kernel.RealmWellReceiver.Plan.batch	4d45e57d85cd79fb28e7a61aedbe19217585a4d046910725d1c4c6cfcf28e288	18fd171cdf87b079672ab3c5bd59e3c6374908489dfe8b1ad61995b8f81f8c56	f1930d9355f53240d5116d7bbecbe1d56c768d15d3c4b9dff3683a6c0c8866aa	6fc542734a910209	-	Minidregg.Kernel.RealmWellReceiver.Plan → Minidregg.Theory.CanonicalResourceKernel.Batch
theorem	Minidregg.Kernel.RealmWellReceiver.Plan.batch_apply	35b7d8429d9dbb7b1e846cb57d943ebcf48251c7f820d14700e1553ca520d0c7	ea48c570e9f8c40fd966c4f3b39d4e9ea081b454d13b6681546f40b7ceaa34df	e040664706defd311a53613bb4f62a6a1c1e8396fa0357cccde73e8501afcc83	3acb9bf50b284574	Classical.choice,Quot.sound,propext	∀ (plan : Minidregg.Kernel.RealmWellReceiver.Plan) (book : Minidregg.Theory.CanonicalResourceKernel.Book), plan.batch.apply book = plan.operation.apply book
ctor	Minidregg.Kernel.RealmWellReceiver.Plan.mk	cd104019a3a42bf1ac5836a38eaa8195a7caa21f8bbfc57371dfc25f44a9e565	e18ae2b93aea6bc9f2c9c642169693c66c847c35397c86a668da542c78b8ac64	ce86abf306988cd3a71e096d517ea119826542108c5b8e29477e82ca8fe1dcc9	ac1d283c6585c31e		Minidregg.Theory.CanonicalResourceKernel.AssetId → ℕ → Minidregg.Compiler.RealmWellCodec.WellOp → Minidregg.Theory.CanonicalResourceKernel.AccountId → ℕ → Minidregg.Kernel.RealmWellReceiver.Plan
def	Minidregg.Kernel.RealmWellReceiver.Plan.op	a69af41804b410bb14e252891de420bc1a748c60c03fe235753ff56776baf107	f878002796ed7cffe1acbb3810696e349d35e25aa69ce3638360b7f5977cc156	db9726eb0cf0b1a82994af42aa4f4e8b42e125b771d67bcf18c7972651d38b6e	e2b8983eeac4ff09	-	Minidregg.Kernel.RealmWellReceiver.Plan → Minidregg.Compiler.RealmWellCodec.WellOp
def	Minidregg.Kernel.RealmWellReceiver.Plan.operation	16df9f24282a6035fc4628836bbb0892b9b4fbd4c3878d3abc58b3ea208d8fb7	f4c95bcf1aafb4bb8161812c87228ed45d634cd243b8845208b852d3c31844ac	28ac9274c12ad522bd0c05bc06f779d414e899a4dd5379c15160cf23a9754c7f	bcf3181da911e730	-	Minidregg.Kernel.RealmWellReceiver.Plan → Minidregg.Theory.CanonicalResourceKernel.Operation
theorem	Minidregg.Kernel.RealmWellReceiver.Plan.operation_asset	8fbe9a2b500eed92ba7cdd70de14b32d0b33f05eeb994485494c746e6e5a7e6c	17bf9f70f1d50ab09e51cf200ab28a8d95ae703c90d3716a06fff83508af70ff	bb1327433e15d93f075d76588c1a6951c361bd9ba918540d7b2cfc0bae6b58e0	35a25ac6f04127a0	-	∀ (plan : Minidregg.Kernel.RealmWellReceiver.Plan), plan.operation.posting.asset = plan.asset
def	Minidregg.Kernel.RealmWellReceiver.Plan.realm	7427ab0dbc8624fb75ecdffeabfe00ca057cc1706e24cf6fd4474e81ae9c01b1	e3a132523027c4bd92b8c5221d5139221e4ce41835ebfeddacca8dd81d0eb362	9b88f7d917121991789891b2dbda0c22d990721cc006f1480e88090c0d8142ec	b27a63f2453526cb	-	Minidregg.Kernel.RealmWellReceiver.Plan → ℕ
inductive	Minidregg.Kernel.RealmWellReceiver.Prepared	39cd578c64b3fad8ca630f3f26f69deab9c17017d6669279bb5dfbe124411325	2af8dbef8bb5e809d24a478b6908691679fd9b4f93d1f417178c1431154c2a38	3434903099eef06b7233a6710123caf78898a2b8931bc5ab74475778468741d2	64f1d9ed54e13447		{F : Type} → [inst : Field F] → Minidregg.Kernel.RealmWellReceiver.Deployment → Minidregg.Compiler.CanonicalRuntimeProfile.Profile F → Minidregg.Kernel.RealmWellReceiver.Ambient → Minidregg.Kernel.RealmWellReceiver.Durable → Minidregg.Compiler.RealmWellCodec.Command → Type
def	Minidregg.Kernel.RealmWellReceiver.Prepared.SemanticAccepted	fbc888b19610beb3ce47002fc15c0b9603675aba21b17a779b2b4c03f05e1f8d	b1676b53ed852a00ca1605ca1b9c998e1257ed1edd0df49a171294b83fe84f5f	224ee083ae5f5320f1d276d31db7405e59e4b80d60cdabb39b64fb62a7c692ca	ce61dcf488266aaf	Classical.choice,Quot.sound,propext	{F : Type} → [inst : Field F] → {deployment : Minidregg.Kernel.RealmWellReceiver.Deployment} → {profile : Minidregg.Compiler.CanonicalRuntimeProfile.Profile F} → {ambient : Minidregg.Kernel.RealmWellReceiver.Ambient} → {durable : Minidregg.Kernel.RealmWellReceiver.Durable} → {command : Minidregg.Compiler.RealmWellCodec.Command} → [DecidableEq F] → Minidregg.Kernel.RealmWellReceiver.Prepared deployment profile ambient durable command → Type
def	Minidregg.Kernel.RealmWellReceiver.Prepared.authority	3cd6544c6f1435309033100a47e60fcd7203ea725a6bd2e0f26d1b5ed632a1af	752512e3fb6c63bf269b226ead4564290e02716341cf0991c4fc69db2d702206	93efaba7c75419aa117b2b28b86206e5d5f910d46222962295eac8c10e8102b6	523275c4ab4735a0	Classical.choice,Quot.sound,propext	{F : Type} → [inst : Field F] → {deployment : Minidregg.Kernel.RealmWellReceiver.Deployment} → {profile : Minidregg.Compiler.CanonicalRuntimeProfile.Profile F} → {ambient : Minidregg.Kernel.RealmWellReceiver.Ambient} → {durable : Minidregg.Kernel.RealmWellReceiver.Durable} → {command : Minidregg.Compiler.RealmWellCodec.Command} → Minidregg.Kernel.RealmWellReceiver.Prepared deployment profile ambient durable command → Minidregg.Compiler.CredentialAuthorityDomainReceiver.Loaded deployment durable.snapshot
def	Minidregg.Kernel.RealmWellReceiver.Prepared.book	1aaa09f65ea57ff73a28dfc2a14d5a0dae81efcd8199ec634a1ac8530e42cf78	9ca0e27c07dc93f4a3b5aba0b9ec123ca22f6db9fb28e470acdc5166573549be	37f560b20c1bb3f01304dde2c09a25941c3d3117af3a236ab42998a7d09b3cc0	3c256ce4095cf024	Classical.choice,Quot.sound,propext	{F : Type} → [inst : Field F] → {deployment : Minidregg.Kernel.RealmWellReceiver.Deployment} → {profile : Minidregg.Compiler.CanonicalRuntimeProfile.Profile F} → {ambient : Minidregg.Kernel.RealmWellReceiver.Ambient} → {durable : Minidregg.Kernel.RealmWellReceiver.Durable} → {command : Minidregg.Compiler.RealmWellCodec.Command} → (self : Minidregg.Kernel.RealmWellReceiver.Prepared deployment profile ambient durable command) → Minidregg.Kernel.RealmWellReceiver.BookCell deployment self.directory.directory
def	Minidregg.Kernel.RealmWellReceiver.Prepared.bookPost	84567370eebe0e990ea598140f14c017922b3bfdd8fc9544ccbfa4fd1d220933	b5f5bacbcb3101f426334916fb56f05b5a45e56cc7640295cdd7d56ce9dabd22	aca581d144ee643be22573e5fa0fa794af2139bb878087da6c19d09eca4dccdd	0f6ab85372b0285e	Classical.choice,Quot.sound,propext	{F : Type} → [inst : Field F] → {deployment : Minidregg.Kernel.RealmWellReceiver.Deployment} → {profile : Minidregg.Compiler.CanonicalRuntimeProfile.Profile F} → {ambient : Minidregg.Kernel.RealmWellReceiver.Ambient} → {durable : Minidregg.Kernel.RealmWellReceiver.Durable} → {command : Minidregg.Compiler.RealmWellCodec.Command} → Minidregg.Kernel.RealmWellReceiver.Prepared deployment profile ambient durable command → Minidregg.Kernel.RealmWellReceiver.BookMaterialized
theorem	Minidregg.Kernel.RealmWellReceiver.Prepared.bookPost_exact	f7e7fe07dff702cdee398fdfc44d49a115c9e5e54765bfbec3f6dafae6057fc5	98bf15d07379ab8a57d8a63c02642dfc36b9f94781177ad910b3b68f2256727a	f2c3d6e74647deea7d749c0fe1c33d6d81d0e6b09c4cf615ef211b69cadea2b1	1759c39e1408705e	Classical.choice,Quot.sound,propext	∀ {F : Type} [inst : Field F] {deployment : Minidregg.Kernel.RealmWellReceiver.Deployment} {profile : Minidregg.Compiler.CanonicalRuntimeProfile.Profile F} {ambient : Minidregg.Kernel.RealmWellReceiver.Ambient} {durable : Minidregg.Kernel.RealmWellReceiver.Durable} {command : Minidregg.Compiler.RealmWellCodec.Command} (prepared : Minidregg.Kernel.RealmWellReceiver.Prepared deployment profile ambient durable command), Minidregg.Theory.CanonicalResourceKernel.logicalBook prepared.bookPost.logical = prepared.plan.batch.apply (Minidregg.Kernel.RealmWellReceiver.bookOf prepared.book)
def	Minidregg.Kernel.RealmWellReceiver.Prepared.candidate	77f36888bb2eba076298c7aad1fbee76fa3e19e0c971c28979d1dadb084497c5	02346cc955d8068c2f66cb7b5d111464b2e5a15f39ad36d26b13cabe9d3600dc	cded43d192afb7af7be39e735361032ee489626fc0a174031732e1c6732c2ae5	05d2b8426d65c175	Classical.choice,Quot.sound,propext	{F : Type} → [inst : Field F] → {deployment : Minidregg.Kernel.RealmWellReceiver.Deployment} → {profile : Minidregg.Compiler.CanonicalRuntimeProfile.Profile F} → {ambient : Minidregg.Kernel.RealmWellReceiver.Ambient} → {durable : Minidregg.Kernel.RealmWellReceiver.Durable} → {command : Minidregg.Compiler.RealmWellCodec.Command} → (self : Minidregg.Kernel.RealmWellReceiver.Prepared deployment profile ambient durable command) → Minidregg.Theory.PolicyInstall.Candidate (Minidregg.Kernel.RealmWellReceiver.family self.authority.snapshot self.book.payload profile.semantics ambient command self.plan) self.book.payload (Minidregg.Kernel.RealmWellReceiver.declaration self.authority.snapshot.domain profile.semantics command) ()
theorem	Minidregg.Kernel.RealmWellReceiver.Prepared.credit_untouched	eb0e2d7ade805869a08ad8c6ac10638f3864e5c63f403bcd5c0c5aeb1aa8cfe1	785b790dfe974bb917de025f7b2f8df8306a260628d00b0c6ebef1bb517a5851	8d979959b16c5afd5bea5b397f9fbc689fcc7da7a99f8d4a79674b229c521157	5958142defca745d	Classical.choice,Quot.sound,propext	∀ {F : Type} [inst : Field F] {deployment : Minidregg.Kernel.RealmWellReceiver.Deployment} {profile : Minidregg.Compiler.CanonicalRuntimeProfile.Profile F} {ambient : Minidregg.Kernel.RealmWellReceiver.Ambient} {durable : Minidregg.Kernel.RealmWellReceiver.Durable} {command : Minidregg.Compiler.RealmWellCodec.Command} (prepared : Minidregg.Kernel.RealmWellReceiver.Prepared deployment profile ambient durable command) (holder : Minidregg.Theory.CanonicalResourceKernel.AccountId), (Minidregg.Theory.CanonicalResourceKernel.logicalBook prepared.bookPost.logical).balance holder ambient.credit = (Minidregg.Kernel.RealmWellReceiver.bookOf prepared.book).balance holder ambient.credit
theorem	Minidregg.Kernel.RealmWellReceiver.Prepared.decided	284e90242e8f629b2d0c1b8770a0be4a9b4e543e2f70004bd2b5f0ddbc599b6e	f9eae5604fab0ae3455e812ed1ac7c5deae20e249d5573efe3914aef78550b10	cc47dae4e1459e4f8a9a8140720adda6aaf533a6547d1cf2f96b3c7c9b09be78	ff727cf225437231	Classical.choice,Quot.sound,propext	∀ {F : Type} [inst : Field F] {deployment : Minidregg.Kernel.RealmWellReceiver.Deployment} {profile : Minidregg.Compiler.CanonicalRuntimeProfile.Profile F} {ambient : Minidregg.Kernel.RealmWellReceiver.Ambient} {durable : Minidregg.Kernel.RealmWellReceiver.Durable} {command : Minidregg.Compiler.RealmWellCodec.Command} (self : Minidregg.Kernel.RealmWellReceiver.Prepared deployment profile ambient durable command), Minidregg.Kernel.RealmWellReceiver.decideWell (Minidregg.Kernel.RealmWellReceiver.bookOf self.book) self.authority.snapshot.authState.parent.parentOf ambient.credit command = Except.ok self.plan
def	Minidregg.Kernel.RealmWellReceiver.Prepared.directory	651ff4bd12939aef5b547deb4c2d1dd3a027487e90719f65fcdbc6324e5bc0ed	273acbb7f4fcb4a6afe35e2dfa5d40b476b9e8fd06e3ecb133d212e611850404	92beb649379154dae23ecff20abe18b417883d01710b6bd0cac4d1a34b3a7e97	e3b37f33efa22c29	Classical.choice,Quot.sound,propext	{F : Type} → [inst : Field F] → {deployment : Minidregg.Kernel.RealmWellReceiver.Deployment} → {profile : Minidregg.Compiler.CanonicalRuntimeProfile.Profile F} → {ambient : Minidregg.Kernel.RealmWellReceiver.Ambient} → {durable : Minidregg.Kernel.RealmWellReceiver.Durable} → {command : Minidregg.Compiler.RealmWellCodec.Command} → Minidregg.Kernel.RealmWellReceiver.Prepared deployment profile ambient durable command → Minidregg.Compiler.CredentialAuthorityDomainReceiver.LoadedDirectory durable
def	Minidregg.Kernel.RealmWellReceiver.Prepared.plan	ee326fa6824c0f30709e9d98cb4db001a728b1b061a04b3f206282a7472243d9	c306dae8640d5d88fd27bf7f4246748ce5fbbfec68966ab338d60ffd35efc748	a821515daba99d707aeb589fdddf7bdaff3bff6a55eeac46326cb5db126e3cb7	f10048d0fe119dbc	Classical.choice,Quot.sound,propext	{F : Type} → [inst : Field F] → {deployment : Minidregg.Kernel.RealmWellReceiver.Deployment} → {profile : Minidregg.Compiler.CanonicalRuntimeProfile.Profile F} → {ambient : Minidregg.Kernel.RealmWellReceiver.Ambient} → {durable : Minidregg.Kernel.RealmWellReceiver.Durable} → {command : Minidregg.Compiler.RealmWellCodec.Command} → Minidregg.Kernel.RealmWellReceiver.Prepared deployment profile ambient durable command → Minidregg.Kernel.RealmWellReceiver.Plan
def	Minidregg.Kernel.RealmWellReceiver.Prepared.source	799c84d07dccd062c6295444db37cb40c8b9d248ab8c1d9a1e54b5f0b19baa7e	b8e0e8d2337d3683659677eb36c4cc971f5ce4c61a8175139d6c92fb8ae52cdf	b5fb495d1d095e75743694dff7129b7a9cffc96acf33d227dc4b3aa946e8469d	7a21792c8db0a5f4	Classical.choice,Quot.sound,propext	{F : Type} → [inst : Field F] → {deployment : Minidregg.Kernel.RealmWellReceiver.Deployment} → {profile : Minidregg.Compiler.CanonicalRuntimeProfile.Profile F} → {ambient : Minidregg.Kernel.RealmWellReceiver.Ambient} → {durable : Minidregg.Kernel.RealmWellReceiver.Durable} → {command : Minidregg.Compiler.RealmWellCodec.Command} → (self : Minidregg.Kernel.RealmWellReceiver.Prepared deployment profile ambient durable command) → Minidregg.Compiler.CanonicalCellRegistry.LoadedPolicySource self.authority.snapshot.domain self.directory.directory (self.authority.snapshot.authState.policyAddress { value := command.target } (self.authority.snapshot.authState.policyRevision { value := command.target }))
def	Minidregg.Kernel.RealmWellReceiver.Prepared.wanted	b8a4522ac64b5e11a5bcf3ad8f1085ce6a5756b6ce97378e1c958f22b3988b36	db4c15080c826851fdf4106f38582ee434136181d6b439c676790b396c6fbd5a	f0c31bc743040b0ef60a9608ff760180c53775f6f0da8aa485acc31af7e99935	4540a6bc7c7abdc9	Classical.choice,Quot.sound,propext	{F : Type} → [inst : Field F] → {deployment : Minidregg.Kernel.RealmWellReceiver.Deployment} → {profile : Minidregg.Compiler.CanonicalRuntimeProfile.Profile F} → {ambient : Minidregg.Kernel.RealmWellReceiver.Ambient} → {durable : Minidregg.Kernel.RealmWellReceiver.Durable} → {command : Minidregg.Compiler.RealmWellCodec.Command} → Minidregg.Kernel.RealmWellReceiver.Prepared deployment profile ambient durable command → Minidregg.Theory.TypedAuthorization.Request Minidregg.Theory.TypedAuthorization.ResourceKind.account
inductive	Minidregg.Kernel.RealmWellReceiver.Receipt	ccabaa87e7bbda5884fd5456c6a8408330f838a88883660063aba4b9421977a3	16946b93ac38405660f51e475eb5aa7d25b54f5e5677e0f6a10a4526cc071cbf	1c5e77950b6132648a39571ec166033b77fe8bc72a56a5db911940f8253995c4	5d34f953aabc3980		Type
def	Minidregg.Kernel.RealmWellReceiver.Receipt.eventId	c6dad688524299d7164cc8d847975ef9a246ca7cb0af0c220ecf79fc4c180a6f	ed9079c1eb0cbe2521e1d106d579536440655acb2ae88d47eb1c4a5a48c877a3	0d5f2f58b04611561948863b50ec6c10f58e028b70b5d6379b158a362a4b76a1	48ac64f0dff699bc	-	Minidregg.Kernel.RealmWellReceiver.Receipt → Minidregg.Theory.TypedAuthorization.Digest
ctor	Minidregg.Kernel.RealmWellReceiver.Receipt.mk	f6b4b467af822f90b86f99d0c4eaaef2a283ad92d9a082ae765afe4a30507ecd	3c8945a10855a1be2d24b5408f03e857696f7ea6477d3e8e508e6e89b6472f5a	be87fd7490ec444d41476fd4c1fa27f2d52d9d4ea5b3f87cd4f87986ba295d7e	afaba0be7f052573		Minidregg.Theory.TypedAuthorization.Digest → Minidregg.Theory.TypedAuthorization.Digest → Minidregg.Kernel.RealmWellReceiver.Receipt
def	Minidregg.Kernel.RealmWellReceiver.Receipt.transactionId	2a3ee599c707ff689de51567c02be7f6b6ee8480115e5396dd23304a27f0bc2e	ed9079c1eb0cbe2521e1d106d579536440655acb2ae88d47eb1c4a5a48c877a3	2ee43bfc4b61da446d655e8df6e3b77e8d5e6dd77591248e4b07761f4b85eb0a	00ae67f366883889	-	Minidregg.Kernel.RealmWellReceiver.Receipt → Minidregg.Theory.TypedAuthorization.Digest
def	Minidregg.Kernel.RealmWellReceiver.Registry	78342d1f0242ca85a8b41893db181c9fa346aa3c48221ccac0241c2836a89b98	44f45dd1328f53e20f968e4cb0fcc73a571ffc84e263b64c9457558544039a9a	2b10dfc7878c5cd1ae7a8452c1b36b920b0c5575998dc80be19f6c0c9f7e140f	5e5a7f7342a1674c	Classical.choice,Quot.sound,propext	Minidregg.Theory.CellRegistry.TypeRegistry Minidregg.Theory.TypedAuthorization.Digest
inductive	Minidregg.Kernel.RealmWellReceiver.Reject	c41f023817ef5aa14a73ff52f57ea305189d607ab0f934c46458e5c01036577e	16946b93ac38405660f51e475eb5aa7d25b54f5e5677e0f6a10a4526cc071cbf	7d7fedef2fb8047e7d3d684b5b4a2f955e4c8312c37962cb77d0ce3349dc79f5	0f75957e9ad08576		Type
ctor	Minidregg.Kernel.RealmWellReceiver.Reject.accountIsWell	e0a5dd36f87f20be60abe06157b18053fad657666af06e8bec4322182753ecaf	786e11598a0b500c5273379284c67095e7eaa594f0383993c03e365a61f8f7dd	b955d122b90ddb966ca077c7a2f62edc07fb997c0a51118caaaeac6eb6f14f87	1b5028e5ee556f83		Minidregg.Kernel.RealmWellReceiver.Reject
def	Minidregg.Kernel.RealmWellReceiver.Reject.accountIsWell.elim	6213eabc5006baa41918932dee99ce01d0bbc2891df8e11f518ad1a13df081c1	19dda07351387fa3107be1fc9eebc9d93adbcd6f0026d874890dbc559ced3291	4702564cb2bdbd8dc0bb9fe0be56d18ea37b2bb30aa0b80552f49c12bbb5a0f2	3b2e6a9c95301085	-	{motive : Minidregg.Kernel.RealmWellReceiver.Reject → Sort u} → (t : Minidregg.Kernel.RealmWellReceiver.Reject) → t.ctorIdx = 6 → motive Minidregg.Kernel.RealmWellReceiver.Reject.accountIsWell → motive t
ctor	Minidregg.Kernel.RealmWellReceiver.Reject.authorityUnavailable	88a0f34e12d2c9f09785c899a0812d55bbe17770f5128338f658f6063817d8cc	786e11598a0b500c5273379284c67095e7eaa594f0383993c03e365a61f8f7dd	b0ffea96a6df1826ec3516b01cc5a0c71cf2dcc3342fb3566be5a313e4401401	572f70ce2196dc8a		Minidregg.Kernel.RealmWellReceiver.Reject
def	Minidregg.Kernel.RealmWellReceiver.Reject.authorityUnavailable.elim	f1ceb8d0fbc47ef45eaaffe0a0e7002a4dd558c9e7b1890dff824a66318fc9ce	424d8c9a48dc6e3c1d22b23374ce85fc3681c8426ace6d27f0b991fb82b4f2f0	e7be4fb0c3c1a623bfe54d144c2a023ebfdf76e1166d167eef0edc07431c347f	7905e4b5f79218f3	-	{motive : Minidregg.Kernel.RealmWellReceiver.Reject → Sort u} → (t : Minidregg.Kernel.RealmWellReceiver.Reject) → t.ctorIdx = 2 → motive Minidregg.Kernel.RealmWellReceiver.Reject.authorityUnavailable → motive t
ctor	Minidregg.Kernel.RealmWellReceiver.Reject.bookRefused	868a7aedd237f3a2d400cfa69913ada6cc61f3863be286e61f34b6a23c4c1763	786e11598a0b500c5273379284c67095e7eaa594f0383993c03e365a61f8f7dd	cb2197b656a320a39dbbd4af26e9bb91720b78ec6903600f000352f66c5a1bed	fad76c902324e5dc		Minidregg.Kernel.RealmWellReceiver.Reject
def	Minidregg.Kernel.RealmWellReceiver.Reject.bookRefused.elim	6ccf662897e91b3911e77990bad362b216cc484cb99a041884331ab73b39c7a6	4cd98b94a818b6046ccce9d6f29239680af5a86afd09c7615293714110e8c70f	9a1b687f44ce3b2295dea29b7024ad6beffb2ae50283b0a30440a30aedad659c	189ed8768cba27ce	-	{motive : Minidregg.Kernel.RealmWellReceiver.Reject → Sort u} → (t : Minidregg.Kernel.RealmWellReceiver.Reject) → t.ctorIdx = 8 → motive Minidregg.Kernel.RealmWellReceiver.Reject.bookRefused → motive t
ctor	Minidregg.Kernel.RealmWellReceiver.Reject.bookUnavailable	41a93c67e678387f912ed656b9633defabd9f94f9ff12bcb9bb8068363ac2600	786e11598a0b500c5273379284c67095e7eaa594f0383993c03e365a61f8f7dd	e53c72ffe3cc39ff6d8c89e5f6d15e003ef6de18cc41d0b8e1db44354ee54a15	85b2211dd63b9717		Minidregg.Kernel.RealmWellReceiver.Reject
def	Minidregg.Kernel.RealmWellReceiver.Reject.bookUnavailable.elim	c5f62785837934b10a33fadfb94025b68c3c50d589a66324a5b36d8d2df6ca1f	b2bd3158b3b0c9642e3bed862d6452d1cb887aa5af09210e36ef62cb6d11e582	c37ff6b6ba8436f471574be012e8e492f351121a9dde72e5b0165b18533071d2	57b6e647e54aa274	-	{motive : Minidregg.Kernel.RealmWellReceiver.Reject → Sort u} → (t : Minidregg.Kernel.RealmWellReceiver.Reject) → t.ctorIdx = 3 → motive Minidregg.Kernel.RealmWellReceiver.Reject.bookUnavailable → motive t
ctor	Minidregg.Kernel.RealmWellReceiver.Reject.creditWell	89a1399bb1acc96c54d6f63f89234e293b8de3b9b8e7a93db7afffe6856041ec	786e11598a0b500c5273379284c67095e7eaa594f0383993c03e365a61f8f7dd	ebd10767a133581ca68498c9bec4eeb1b6403a0c8ba0c2dc1dcbe7f567f222d5	74b85b96800102cc		Minidregg.Kernel.RealmWellReceiver.Reject
def	Minidregg.Kernel.RealmWellReceiver.Reject.creditWell.elim	22a4770ded07caffc58886ea744966a66ecbe832e49e5f7b687764c1d60149ec	5a7c5b3db30b6da11d727c3ea33449498294b8c9ba6faf99b533a5f9bdbfbe03	4f3a03de3bc55c5473a7a0a67929131eeafeeae0f89f72759e0560100508712f	7d5797747cf8e298	-	{motive : Minidregg.Kernel.RealmWellReceiver.Reject → Sort u} → (t : Minidregg.Kernel.RealmWellReceiver.Reject) → t.ctorIdx = 4 → motive Minidregg.Kernel.RealmWellReceiver.Reject.creditWell → motive t
ctor	Minidregg.Kernel.RealmWellReceiver.Reject.directoryUnavailable	4e9a95fd3e4b698fb17eb47e5667a629b5947b6b639affb3774bb93ebafe5b10	786e11598a0b500c5273379284c67095e7eaa594f0383993c03e365a61f8f7dd	46aa4484fc25cae004321181fad8e6a4518f3ba200f447c6ac87609105d7eca0	2aad86668de7a855		Minidregg.Kernel.RealmWellReceiver.Reject
def	Minidregg.Kernel.RealmWellReceiver.Reject.directoryUnavailable.elim	4a674560cb2fe0e82fdccb8cb35589cceabbe766ed40547c66c1433b37057f33	268eaa02248c3d5dcc08b83b105566d7a3df159ed576c8dd6a00883ad439d4c3	81ff6cfbf1aa32b2e1bfb4476145b1e7fa8568df9bf06e02884414d584e24306	a5ad6c2438d039b2	-	{motive : Minidregg.Kernel.RealmWellReceiver.Reject → Sort u} → (t : Minidregg.Kernel.RealmWellReceiver.Reject) → t.ctorIdx = 1 → motive Minidregg.Kernel.RealmWellReceiver.Reject.directoryUnavailable → motive t
ctor	Minidregg.Kernel.RealmWellReceiver.Reject.lawRefused	eea1efdcdae02aa8e3c28f6f55e12e687879b2fce4a0dedb32c2ce72e2dc1381	786e11598a0b500c5273379284c67095e7eaa594f0383993c03e365a61f8f7dd	109aa3676606079bb47d4909157edab6ff394bc4f9be8ed8cd69cfd274f38045	a6f2625ae25f51df		Minidregg.Kernel.RealmWellReceiver.Reject
def	Minidregg.Kernel.RealmWellReceiver.Reject.lawRefused.elim	85efbe0531ee7330fcb80a04250241605503db727f0c1861cfefd42d319761bc	44ba80acfdc2851cfc176f756395302e0b16eeb971b803d9807e464e65d94db9	711cb9b1164488606ba8ce266de0b038ff6a71d688c7917c79537ccc3c851d53	515b12afc20ee693	-	{motive : Minidregg.Kernel.RealmWellReceiver.Reject → Sort u} → (t : Minidregg.Kernel.RealmWellReceiver.Reject) → t.ctorIdx = 13 → motive Minidregg.Kernel.RealmWellReceiver.Reject.lawRefused → motive t
ctor	Minidregg.Kernel.RealmWellReceiver.Reject.malformedIngress	9333ce0d5c9f23807158f44f0391f7a48be9ea7dd6121d6e265e6f4eaeaee537	786e11598a0b500c5273379284c67095e7eaa594f0383993c03e365a61f8f7dd	5c31e6bc290ec90e97edb07bf21bd1ab8682f2e8868f7967688144535992b85e	025e72929abce519		Minidregg.Kernel.RealmWellReceiver.Reject
def	Minidregg.Kernel.RealmWellReceiver.Reject.malformedIngress.elim	8d679e50150ba3ee883f08b44987f4ad249b658073e8cbba1b026196d7bcdd3b	a0b854552dc3df18badbcfcb5a054c6d9a492b478aa3636cc037afec42fac356	36939f1012971ade158660dca5071693f62ac3bc261d69f8a4eae87e53877922	1a327d51ddf770c5	-	{motive : Minidregg.Kernel.RealmWellReceiver.Reject → Sort u} → (t : Minidregg.Kernel.RealmWellReceiver.Reject) → t.ctorIdx = 0 → motive Minidregg.Kernel.RealmWellReceiver.Reject.malformedIngress → motive t
ctor	Minidregg.Kernel.RealmWellReceiver.Reject.noGrant	b2675a3e9097e847440226911cc32ddc1f3f3403be793857cd1b12815fd98986	786e11598a0b500c5273379284c67095e7eaa594f0383993c03e365a61f8f7dd	b78b436e7627e00bd0dabee5216daa6e33963033720200f3801ee414b8d70214	e7dc6b9a500084e0		Minidregg.Kernel.RealmWellReceiver.Reject
def	Minidregg.Kernel.RealmWellReceiver.Reject.noGrant.elim	66b0b65b0f850eb805816dec3ff71187771892098947d8721779bc0feff4a818	36b7ff1c148d9cc12cb2c005b6872f8ebaa45b3e7c95e8f5709eb187b2ffea95	40cd3a40f3516da8610819cbca9225547d93c93c54f4e3c8bbb3e4c6643db0ca	9f4c96b541085d9a	-	{motive : Minidregg.Kernel.RealmWellReceiver.Reject → Sort u} → (t : Minidregg.Kernel.RealmWellReceiver.Reject) → t.ctorIdx = 12 → motive Minidregg.Kernel.RealmWellReceiver.Reject.noGrant → motive t
ctor	Minidregg.Kernel.RealmWellReceiver.Reject.notRealmWell	c22faddad44b2017ba9b0cd467dc3cbedc3939bf0d1f64c53d9f7f9ce7704c66	786e11598a0b500c5273379284c67095e7eaa594f0383993c03e365a61f8f7dd	7a8ddd70abe438a8e7c584097b7410e81b26ff4a516012c6f178bab5e6b81502	96f2d7cf3acbc91d		Minidregg.Kernel.RealmWellReceiver.Reject
def	Minidregg.Kernel.RealmWellReceiver.Reject.notRealmWell.elim	e89121a4ee6bd69236e14cf9cf08d27572805c1b46e4ed7bbf3251eebd6faebf	9a0eb7dfb341b4c390e66edbf461ff3b6aa872d4481b093574f3c79531d9aab0	bcc964aea46fc6bee0dcf2870adef4703d2e8ad2b9db40d5c67b953504f7bc4d	7470f8fdecf826e9	-	{motive : Minidregg.Kernel.RealmWellReceiver.Reject → Sort u} → (t : Minidregg.Kernel.RealmWellReceiver.Reject) → t.ctorIdx = 5 → motive Minidregg.Kernel.RealmWellReceiver.Reject.notRealmWell → motive t
ctor	Minidregg.Kernel.RealmWellReceiver.Reject.physicalPreparation	279613741e5bd7934b50edad1c790790bbec5af3c479e1f81903d6e5ab5c2951	786e11598a0b500c5273379284c67095e7eaa594f0383993c03e365a61f8f7dd	d3c29f591ede7c71dbbcdfa05b0af9e2dacf80aba2360328d45d58a7d14cc934	96f1e1dea5bc7c84		Minidregg.Kernel.RealmWellReceiver.Reject
def	Minidregg.Kernel.RealmWellReceiver.Reject.physicalPreparation.elim	9485fc530422f4333f73dc50d201afd1b18e4e68ff92caccf4ee69cf6b908cca	15b90f55cdba8f46ffc8088e2622b40a711e53c2d4c07c414e428ad72a69ea4b	2731113c4a4b3c14b40e1b09e321cab8a09f97e593758b994591a92760d0094d	41b81038cb596137	-	{motive : Minidregg.Kernel.RealmWellReceiver.Reject → Sort u} → (t : Minidregg.Kernel.RealmWellReceiver.Reject) → t.ctorIdx = 10 → motive Minidregg.Kernel.RealmWellReceiver.Reject.physicalPreparation → motive t
ctor	Minidregg.Kernel.RealmWellReceiver.Reject.policyCastAlias	39c380fc460885c114a0eec62c64e659a76fe120f0314c7132283472b96fe83b	786e11598a0b500c5273379284c67095e7eaa594f0383993c03e365a61f8f7dd	8ce25e79022c716517278c306a48d230e67cc9f2cac5d3b563324fa06a7f8290	ff7b3d21815539b3		Minidregg.Kernel.RealmWellReceiver.Reject
def	Minidregg.Kernel.RealmWellReceiver.Reject.policyCastAlias.elim	c039cfc2340b341e7804c0c521a671f49c18d641abb579e9b78e97d5c969b2e7	4335606e4275defdc4595d2b337e576127fbc4d1b6a2a8310341dc9c85e57cf2	bd5dfe8b4de7465d4c9007763b6ae953e1b17f9a97d47593c870bad6a290e07c	ddd2e58d7937d8ab	-	{motive : Minidregg.Kernel.RealmWellReceiver.Reject → Sort u} → (t : Minidregg.Kernel.RealmWellReceiver.Reject) → t.ctorIdx = 15 → motive Minidregg.Kernel.RealmWellReceiver.Reject.policyCastAlias → motive t
ctor	Minidregg.Kernel.RealmWellReceiver.Reject.policyInputRange	c0f5748ab4b34fe0e66e5186396aa3e790edb002c35adb49e84776d217d215a4	786e11598a0b500c5273379284c67095e7eaa594f0383993c03e365a61f8f7dd	2a80bfa8c09399be3f7c30dea472f4bf382bf38a0980b4aa60647bdf96df84b4	bec05d3b07ca08a6		Minidregg.Kernel.RealmWellReceiver.Reject
def	Minidregg.Kernel.RealmWellReceiver.Reject.policyInputRange.elim	222256c40ec636b203b9fde0587d63b412fc6d8bebc8a68f1b005ecc23305c02	02634c1dedcb6942e7d80cd0b5913f5eb5b436aea5131b785e912a9300546e40	477ab1ac11082fdf558ec94195ec008b0c5e7d5b2cd077bac7714acca9f3fe0a	7562dc2f86ac2821	-	{motive : Minidregg.Kernel.RealmWellReceiver.Reject → Sort u} → (t : Minidregg.Kernel.RealmWellReceiver.Reject) → t.ctorIdx = 14 → motive Minidregg.Kernel.RealmWellReceiver.Reject.policyInputRange → motive t
ctor	Minidregg.Kernel.RealmWellReceiver.Reject.policyUnavailable	d5ace5c10d408e510be2a1ef746c73be563cfeea391f124e26212f507883b920	786e11598a0b500c5273379284c67095e7eaa594f0383993c03e365a61f8f7dd	ccd4577a5702235f24b2a4748df3ef0ffb2119c6422dff8684e7f3954dddc2fe	475b08489997d736		Minidregg.Kernel.RealmWellReceiver.Reject
def	Minidregg.Kernel.RealmWellReceiver.Reject.policyUnavailable.elim	f08f213cce71ae8e13613ecbe5e0a3aa19f825f212b78d3c01a855439a5cb850	a594674f30b8d69dafad0e7e8a30c05d18dd588f08ef87579cd3b93f32623b5e	997ed71c8731908c191b5d1b20e1b868a9c9db54cb62b647d6ecbb8d1ce399ea	2933a9bb109734ed	-	{motive : Minidregg.Kernel.RealmWellReceiver.Reject → Sort u} → (t : Minidregg.Kernel.RealmWellReceiver.Reject) → t.ctorIdx = 11 → motive Minidregg.Kernel.RealmWellReceiver.Reject.policyUnavailable → motive t
ctor	Minidregg.Kernel.RealmWellReceiver.Reject.replayedMarker	2bb7de464575b2b24f7945a9027e9770df2ab9f41dfd5c9b88bf5df5bc4a93e2	786e11598a0b500c5273379284c67095e7eaa594f0383993c03e365a61f8f7dd	7bbc739cae0592fdd57a36e1f04d9ecd32e7afde93d9215f8f24c083bda1ec95	53475561f98f945e		Minidregg.Kernel.RealmWellReceiver.Reject
def	Minidregg.Kernel.RealmWellReceiver.Reject.replayedMarker.elim	3f00d3be0ca039f02a0e669a1d21e5ac03799061f104411b071bdbc0ff83bf84	a4e5d7b12969951c8ec368fa4aa9e27430bcd55d847d60d479387e98008380ec	f1a36173beb24067ac791b8211be880d9db1a6452191ef55b63fb9f9cad59939	602d3d7783842f04	-	{motive : Minidregg.Kernel.RealmWellReceiver.Reject → Sort u} → (t : Minidregg.Kernel.RealmWellReceiver.Reject) → t.ctorIdx = 9 → motive Minidregg.Kernel.RealmWellReceiver.Reject.replayedMarker → motive t
ctor	Minidregg.Kernel.RealmWellReceiver.Reject.signature	538b5ca067f957731c7dbd3fe90b9df33c51e40cc84d67cfc6284819f7fd4cf9	99c528ef96f707d68ebf98a253f87075f97c5df7eedd35ef320131ea410ef6e4	74d1ce5f628378ee198712e40645bedc99ebbfdc73c9266317c97ac435b662e5	31847f86ab5a0ca9		Minidregg.Compiler.CredentialSignatureAdmission.Reject → Minidregg.Kernel.RealmWellReceiver.Reject
def	Minidregg.Kernel.RealmWellReceiver.Reject.signature.elim	3e1dd2c9db5296ac96c0555cb838a64fa6408596e491e4efa4d6c7670d90e336	6da289c710bfe1d8d5f7d3c0f570e8d901d22374f4f8eb0ba7ee296d00b4cfd4	29a0993e200b58152bb6c4b027b994de0d7b10d2534ebee9195ce3fc2e13bc3e	bb075fdd7b192afd	-	{motive : Minidregg.Kernel.RealmWellReceiver.Reject → Sort u} → (t : Minidregg.Kernel.RealmWellReceiver.Reject) → t.ctorIdx = 16 → ((reason : Minidregg.Compiler.CredentialSignatureAdmission.Reject) → motive (Minidregg.Kernel.RealmWellReceiver.Reject.signature reason)) → motive t
ctor	Minidregg.Kernel.RealmWellReceiver.Reject.zeroAmount	f0474dea49651a833d54dd30c1e89149f54e736023509cd3eb893b36453824fb	786e11598a0b500c5273379284c67095e7eaa594f0383993c03e365a61f8f7dd	68858d85dd9d86c56154ca02ce5e50887f701fc62175f307daad2d1adcb7fe19	1e5a7cc0533c61eb		Minidregg.Kernel.RealmWellReceiver.Reject
def	Minidregg.Kernel.RealmWellReceiver.Reject.zeroAmount.elim	eeb9b23eff24a953a692b4bf439c329861fd1145829c773ae82941f123493f4b	f468edd245acb67c234e92de7838d6f6821fe77bd18294ea79ae0f02ccb5c1f5	47f429fb6d7423007551dea10d07603a32e6c8070763b9705f99511a4936f0b1	e58dcb64fa21b19b	-	{motive : Minidregg.Kernel.RealmWellReceiver.Reject → Sort u} → (t : Minidregg.Kernel.RealmWellReceiver.Reject) → t.ctorIdx = 7 → motive Minidregg.Kernel.RealmWellReceiver.Reject.zeroAmount → motive t
inductive	Minidregg.Kernel.RealmWellReceiver.Result	732ee6087fe6690f0f300b7bbba3c61c1152d1a993a19b8884e4d73a2a960b15	16946b93ac38405660f51e475eb5aa7d25b54f5e5677e0f6a10a4526cc071cbf	da579e7497f7e21dae0d8a7476e3ab8ddd520aeb53520f3839f4469995632cb0	f8cc2da7733dfc62		Type
ctor	Minidregg.Kernel.RealmWellReceiver.Result.confirmed	269c0d30d0ed57a59cc4c77876ad15e6c0907e5386d7da89df651dc8457b5c6d	8221fa0ec2ef93bf2dea3edb5f263b6599cc831257c0359c41e4ba21cb6a8390	09f2aca59d87ad95387a766a2b9e31f84b82d42510955bcfb73a87f8257a159c	cdb6024793f42452		Minidregg.Compiler.DurableReceiverIO.Confirmation → Minidregg.Kernel.RealmWellReceiver.Receipt → Minidregg.Kernel.RealmWellReceiver.Result
def	Minidregg.Kernel.RealmWellReceiver.Result.confirmed.elim	b33a302ae48ba34addc3de70bd24208e08c632173e4038b447c639da61b7732f	b023e90a50d3a5034ff32fc926f875f214335a94221dc327c085a47de2db0605	d5dedc7eeab15c7f6bcb24d7bab945bd58b83a8ec6a00134fc79562021db9287	ab7ea66dc3ccc15e	-	{motive : Minidregg.Kernel.RealmWellReceiver.Result → Sort u} → (t : Minidregg.Kernel.RealmWellReceiver.Result) → t.ctorIdx = 0 → ((kind : Minidregg.Compiler.DurableReceiverIO.Confirmation) → (receipt : Minidregg.Kernel.RealmWellReceiver.Receipt) → motive (Minidregg.Kernel.RealmWellReceiver.Result.confirmed kind receipt)) → motive t
ctor	Minidregg.Kernel.RealmWellReceiver.Result.contention	6f7e4585ebc632775f87f30f4adce78aa74753be1109d2b564f94042b29c52d7	6d2cb451b7b0ab06d025ec4298a6c45ec56718a8c4b80f7df240965a495b4515	b36c45e9f54d9df5056e61fdd471a1dcaaf32bdf492e318af1d93b51bb5c49a8	1efcab6849cd443b		Minidregg.Kernel.RealmWellReceiver.Result
def	Minidregg.Kernel.RealmWellReceiver.Result.contention.elim	89f965865c4caee93bdc40177db83cc000d4022332bbed3ae18de6eb0e204835	824ebd79ff45773e8060add9dcd742465ae287e120bfb7a3bf5207176af561aa	f9d0a26fc0280429fd732e53d9460de1cd932faab69a608bc2f0d9a20b0cb6f9	af5bea603e37de08	-	{motive : Minidregg.Kernel.RealmWellReceiver.Result → Sort u} → (t : Minidregg.Kernel.RealmWellReceiver.Result) → t.ctorIdx = 4 → motive Minidregg.Kernel.RealmWellReceiver.Result.contention → motive t
ctor	Minidregg.Kernel.RealmWellReceiver.Result.durableRejected	a40f23ff5cc87c98c47b691af3796d981b97857538bc2c8323b086af891ca8a0	ee4d101ea5caa07536946014891f359462ef1800f74d23d5628c5b4c15acc864	72afe495084c94a0249a6d1352c8b0813992e12f5ea4c2070831360ee9501f97	4c6d4f2382cb7f76		Minidregg.Kernel.DurableDataIntent.RejectReason → Minidregg.Kernel.RealmWellReceiver.Result
def	Minidregg.Kernel.RealmWellReceiver.Result.durableRejected.elim	d9377efef2cb83b011dec944187abcaa4a87ac1f77eca74f58894c6ccd9d81df	8ab9aec79319d3487481e6e14ca9491db8229d82d92db169d67e2d0dfbf4c1b6	6d21353ee90bafe017d05e9533b1dafebaa52f9c5b91088507a17cb15e34bd18	6fda28332eb10083	-	{motive : Minidregg.Kernel.RealmWellReceiver.Result → Sort u} → (t : Minidregg.Kernel.RealmWellReceiver.Result) → t.ctorIdx = 3 → ((reason : Minidregg.Kernel.DurableDataIntent.RejectReason) → motive (Minidregg.Kernel.RealmWellReceiver.Result.durableRejected reason)) → motive t
ctor	Minidregg.Kernel.RealmWellReceiver.Result.rejected	a81746f24fc5a14b26391b5df8d07fdcd271231558dbd07b4492f5f326a13958	9cb53a37445d6439bd905b67206d88330912f02fe619b151059f874b72523aef	c0791519a990d8ec0786a1bb48038fe6168d6c00afd4e48d8e54b3af429ed349	2fbc216c06626a03		Minidregg.Kernel.RealmWellReceiver.Reject → Minidregg.Kernel.RealmWellReceiver.Result
def	Minidregg.Kernel.RealmWellReceiver.Result.rejected.elim	53d7b47d22c4c14d303c3fba9aff0c93b60613b9aedd0515659dd6a742d8de42	8b5b13183ceb6ac0eea97810d1888969ada774ababf1dde4cb67120b76489763	3c5e6259c190fdd8ad789447ef4832ca6b2e3232669082336eba18be5b61fdc9	f4b0b53813b5ad5d	-	{motive : Minidregg.Kernel.RealmWellReceiver.Result → Sort u} → (t : Minidregg.Kernel.RealmWellReceiver.Result) → t.ctorIdx = 1 → ((reason : Minidregg.Kernel.RealmWellReceiver.Reject) → motive (Minidregg.Kernel.RealmWellReceiver.Result.rejected reason)) → motive t
ctor	Minidregg.Kernel.RealmWellReceiver.Result.transactionConflict	6793f15a2d949d96007d3043e44bd001ab05dab02a748447dde7a4cbe316e8f9	6d2cb451b7b0ab06d025ec4298a6c45ec56718a8c4b80f7df240965a495b4515	9bd9e944522dcd7cca177403821f43cd5584dcd5fab0ba63ffe11e467c5670e6	4c760f0b73e561a6		Minidregg.Kernel.RealmWellReceiver.Result
def	Minidregg.Kernel.RealmWellReceiver.Result.transactionConflict.elim	56852130ff0f8b35cd52df552e04f1d0f0c2ffec6399200a4fef032719709089	25613df365a3f78204cac04f45182ff939d905033178bd8b630194f1b1b52cc4	30a3ec1b54521aa3111bfff6c71e225bea0c710c7fb7ae4b7b8208a593ccb99b	199c6325c1902498	-	{motive : Minidregg.Kernel.RealmWellReceiver.Result → Sort u} → (t : Minidregg.Kernel.RealmWellReceiver.Result) → t.ctorIdx = 2 → motive Minidregg.Kernel.RealmWellReceiver.Result.transactionConflict → motive t
ctor	Minidregg.Kernel.RealmWellReceiver.Result.unavailable	38770c4547849f69dbd37c9b4e936ac8366581573a4e58aff8615016bc9a7dc5	6ecd939a9ef47d1bb2863c3f7904be2739168e8c7e45d577cdba72d2f459a13a	1614b4d806bfbf8c2a667669b0a476387298b2de6ef852d5cfdf399d8fc2e168	92ed5c6130dafda7		String → Minidregg.Kernel.RealmWellReceiver.Result
def	Minidregg.Kernel.RealmWellReceiver.Result.unavailable.elim	d1bf087a074d938d3d11f65caa660bfeec7fd1bfd984738655e760b796d36deb	d0e9110a7a5d96584cd48d834658557564d6d0821d12128abfaa468be7093a22	49ce2a14a27d21d8991af4bcf10880d52abac8b4f477443d0e9d95d48a5347c9	59989e61fb94fde4	-	{motive : Minidregg.Kernel.RealmWellReceiver.Result → Sort u} → (t : Minidregg.Kernel.RealmWellReceiver.Result) → t.ctorIdx = 5 → ((detail : String) → motive (Minidregg.Kernel.RealmWellReceiver.Result.unavailable detail)) → motive t
ctor	Minidregg.Kernel.RealmWellReceiver.Result.uncertain	694726028ef5ddb54bc6a2671b6bf4348c7af319f8938a69e400444df57a4436	6ecd939a9ef47d1bb2863c3f7904be2739168e8c7e45d577cdba72d2f459a13a	423df1e77d259ccb3d589f0cd3b19169075a2e81efadf30ab2bbec6f6f3fd7a2	bc8bd26bf69e911f		String → Minidregg.Kernel.RealmWellReceiver.Result
def	Minidregg.Kernel.RealmWellReceiver.Result.uncertain.elim	b3ba2fccf20104ea3507045f961fe314ea839ed642994f69160a2a7cc5723df0	26db55aeb07851e0793101f77920c8ddf5f4f51f45810031bc3314613a43ac8f	f6acc7d3c305328d7421a5a755e04fa846a106c4c0b02410616887cdf87b0856	758d887fcfb484a5	-	{motive : Minidregg.Kernel.RealmWellReceiver.Result → Sort u} → (t : Minidregg.Kernel.RealmWellReceiver.Result) → t.ctorIdx = 6 → ((detail : String) → motive (Minidregg.Kernel.RealmWellReceiver.Result.uncertain detail)) → motive t
def	Minidregg.Kernel.RealmWellReceiver.Snapshot	72965bd40a3f30c0d759b896adbcb88dc94768119caea3bbe64bc7adacc8031d	89855d392aa192071e8a2b2230d30ecae8fc9de0c15fa6a53f6209226829292a	8ddb9f23547ddb1cdd47b2b7e3281dcec9fe2aa87d980561ad2dbb9d3a9db901	f046ec6127898f26	Classical.choice,Quot.sound,propext	Type
theorem	Minidregg.Kernel.RealmWellReceiver.accounts_stable	77027b0942a9da23e392e34cdd39e91303bd917da945d01307e22b4e3f2b88d4	0cee2f18d05f1e3ada5b9cc9d829f5103a468b2a05b33d986a061e08594245f0	890e834162791c67baa784c24b2d95c8d1e965a5b748f8c2ef3f6d56c16aacc2	435deb027d11c690	Classical.choice,Quot.sound,propext	∀ {initial final : Minidregg.Theory.CanonicalResourceKernel.Book} {log : List Minidregg.Kernel.RealmWellReceiver.Plan}, Minidregg.Kernel.RealmWellReceiver.AcceptedLog initial log final → final.accounts = initial.accounts
def	Minidregg.Kernel.RealmWellReceiver.admitDecodedNative	68eccbd6925a4141789c79534bce36f8908f9e9941b69eb02536f3748f4ffac5	e6564836d623aff22c53a955eb15dab95a757450ba956da429d834a7c1e801a2	c457182f25143e92719e50e962ac85a55a1f25d22311444be0a074ebcfe2d958	adecda236287a19f	Classical.choice,Quot.sound,propext	{F : Type} → [inst : Field F] → [inst_1 : DecidableEq F] → (deployment : Minidregg.Kernel.RealmWellReceiver.Deployment) → (profile : Minidregg.Compiler.CanonicalRuntimeProfile.Profile F) → (ambient : Minidregg.Kernel.RealmWellReceiver.Ambient) → (durable : Minidregg.Kernel.RealmWellReceiver.Durable) → Minidregg.Compiler.CredentialSignatureIO.NativeConfig → (ingress : Minidregg.Kernel.RealmWellReceiver.DecodedIngress) → IO (Except Minidregg.Kernel.RealmWellReceiver.Reject (Minidregg.Kernel.RealmWellReceiver.AcceptedWell deployment profile ambient durable ingress))
def	Minidregg.Kernel.RealmWellReceiver.admitNative	0d2686d8b32a6cb256e57b5574018c41202d508726cf417775e1fb0ba13be938	117a39343b9a50b15c7ec173465d909e654181050d1be013139741983e03afc8	332efb229ba800c8823606c7143eb11b79da62802dc4b4325fc7c34a98a1fc37	0dcd036cc4792130	Classical.choice,Quot.sound,propext	{F : Type} → [inst : Field F] → {deployment : Minidregg.Kernel.RealmWellReceiver.Deployment} → {profile : Minidregg.Compiler.CanonicalRuntimeProfile.Profile F} → {ambient : Minidregg.Kernel.RealmWellReceiver.Ambient} → {durable : Minidregg.Kernel.RealmWellReceiver.Durable} → {command : Minidregg.Compiler.RealmWellCodec.Command} → [inst_1 : DecidableEq F] → Minidregg.Compiler.CredentialSignatureIO.NativeConfig → (prepared : Minidregg.Kernel.RealmWellReceiver.Prepared deployment profile ambient durable command) → (ingress : Minidregg.Compiler.RealmWellCodec.Ingress) → IO (Except Minidregg.Kernel.RealmWellReceiver.Reject (Minidregg.Kernel.RealmWellReceiver.Accepted prepared ingress))
def	Minidregg.Kernel.RealmWellReceiver.authorize	7c38e8972589a61b94fe7a6970e988df5021cd2ca4a7ee129c8a5f603117b50b	ab493e1bb30bef9024f3738fb3c82723f15662415fca49f1e72e2968da37efb1	204f5dabbd8f43dd8089c5d705879c949fed68a2eeca39e2205dfb26178d3e07	32b57bfcbe9fc9f5	Classical.choice,Quot.sound,propext	{F : Type} → [inst : Field F] → {deployment : Minidregg.Kernel.RealmWellReceiver.Deployment} → {profile : Minidregg.Compiler.CanonicalRuntimeProfile.Profile F} → {ambient : Minidregg.Kernel.RealmWellReceiver.Ambient} → {durable : Minidregg.Kernel.RealmWellReceiver.Durable} → {command : Minidregg.Compiler.RealmWellCodec.Command} → [inst_1 : DecidableEq F] → (prepared : Minidregg.Kernel.RealmWellReceiver.Prepared deployment profile ambient durable command) → Minidregg.Compiler.CredentialSignatureAdmission.CheckedSignature prepared.authority.snapshot → Except Minidregg.Kernel.RealmWellReceiver.Reject prepared.SemanticAccepted
def	Minidregg.Kernel.RealmWellReceiver.bookOf	d5ee4f74de40a433d9a1609dda6afa3768a04e049fb62f6f0bcaa39c8a660968	5280bd4113de384f3ee03de8f676c270ee53d22ea484f9c7d9edaa70bc2fd834	deee90b790c0833b7eaa2bf1285105053334babb7911bfc550947601e9b7a0f9	a68f6b87b6ade6ff	Classical.choice,Quot.sound,propext	{deployment : Minidregg.Kernel.RealmWellReceiver.Deployment} → {directory : Minidregg.Theory.CellRegistry.Directory ℕ Minidregg.Kernel.RealmWellReceiver.Registry} → Minidregg.Kernel.RealmWellReceiver.BookCell deployment directory → Minidregg.Theory.CanonicalResourceKernel.Book
def	Minidregg.Kernel.RealmWellReceiver.bookWrite	ea233e94499c5112247078267a571fc55b3615b0945fb0ed18316a86fb609bd4	ef883970c5a0a06b9eef1d835b70790fff19f3cc37fa5d05a721f7942b99bfea	c58d2b9dfff8c0fc934e3ef2781e6d22567d0a65098fde7c0642e8cda796a4c7	a89236720ca42bfd	Classical.choice,Quot.sound,propext	{F : Type} → [inst : Field F] → {deployment : Minidregg.Kernel.RealmWellReceiver.Deployment} → {profile : Minidregg.Compiler.CanonicalRuntimeProfile.Profile F} → {ambient : Minidregg.Kernel.RealmWellReceiver.Ambient} → {durable : Minidregg.Kernel.RealmWellReceiver.Durable} → {command : Minidregg.Compiler.RealmWellCodec.Command} → Minidregg.Kernel.RealmWellReceiver.Prepared deployment profile ambient durable command → Minidregg.Kernel.DurableDataIntent.DataWrite
def	Minidregg.Kernel.RealmWellReceiver.burned	8c25a37ddd9dae18067971fc7eaefac3a8eccbf4f883c782695cdf80481133e7	874c1a4811272683de7e6d3d6df17099b74273772c6c487a1dbbe4e6c62723ef	de2c1dc0ee83f5b1b17ba2c0d78fdb68b605f61dc3d2a1238d9a1fbce2b7e801	b62c73cfc1bbb17b	-	Minidregg.Theory.CanonicalResourceKernel.AssetId → List Minidregg.Kernel.RealmWellReceiver.Plan → ℤ
def	Minidregg.Kernel.RealmWellReceiver.charge	5513d339e4186fe0562f2b583868c3e0d2872013547ddb39a47cbf109ae5736d	c6e425b9b7f53ee5738d125c671e9af4ea42b31653fc13296775e1219f1aa76b	4e218d194bcdea12024eee9e85f71041b66369dc459a6f3685734e2a59432834	8c6216fe1529a5af	Classical.choice,Quot.sound,propext	{F : Type} → [inst : Field F] → {deployment : Minidregg.Kernel.RealmWellReceiver.Deployment} → {profile : Minidregg.Compiler.CanonicalRuntimeProfile.Profile F} → {ambient : Minidregg.Kernel.RealmWellReceiver.Ambient} → {durable : Minidregg.Kernel.RealmWellReceiver.Durable} → [inst_1 : DecidableEq F] → {ingress : Minidregg.Kernel.RealmWellReceiver.DecodedIngress} → Minidregg.Kernel.RealmWellReceiver.AcceptedWell deployment profile ambient durable ingress → Minidregg.Theory.ResourceCost.Charge
def	Minidregg.Kernel.RealmWellReceiver.context	3fe95b89190850e939b40c31c4ceae645cbde33c38f375238336766ebae74bbf	4c5ab0b17b4128a4d8d3e41e4b69b3dc918bdd672871c0f516aef8e72d6b3f65	6ffe2ca6bb73215c67f1017f13e7f7c069d19324da43b17add67f2a74eb02d32	6b6040f420404ea8	Classical.choice,Quot.sound,propext	Minidregg.Kernel.RealmWellReceiver.Snapshot → Minidregg.Theory.TypedAuthorization.Digest → Minidregg.Kernel.RealmWellReceiver.Ambient → Minidregg.Compiler.RealmWellCodec.Command → Minidregg.Theory.CredentialAuthorityEffects.RequestContext
theorem	Minidregg.Kernel.RealmWellReceiver.credit_well_untouched	fed0dde718cf6948d45e459d51ea9b67c1efd32a81b2b6a1aee6f53802655746	3bf3378d53e174f3ae8050d8b8e6737335c86344117523d095c659f56f44b71e	436f4dc5f877a36b2a0bbd5eaaff64981a5465580330b25247af3b658e13328f	3441dfcadb11d688	Classical.choice,Quot.sound,propext	∀ {book : Minidregg.Theory.CanonicalResourceKernel.Book} {realmOf : ℕ → Option ℕ} {credit : Minidregg.Theory.CanonicalResourceKernel.AssetId} {command : Minidregg.Compiler.RealmWellCodec.Command} {plan : Minidregg.Kernel.RealmWellReceiver.Plan}, Minidregg.Kernel.RealmWellReceiver.decideWell book realmOf credit command = Except.ok plan → ∀ (holder : Minidregg.Theory.CanonicalResourceKernel.AccountId), (plan.batch.apply book).balance holder credit = book.balance holder credit
def	Minidregg.Kernel.RealmWellReceiver.decideWell	179eb019ebdd90a6be086ebc2b0bcdbafb28ffe3db079fe180f2069771bbe39e	61b6a47f6985f889d96d6b651ae4d0759960035e7f89ec150edb723357243606	15f7eb2949dbc2d2389aee899ad092af7ac9b7ec7bae06297a10188a3b418e1f	5e38e8fb6b53f6a1	Classical.choice,Quot.sound,propext	Minidregg.Theory.CanonicalResourceKernel.Book → (ℕ → Option ℕ) → Minidregg.Theory.CanonicalResourceKernel.AssetId → Minidregg.Compiler.RealmWellCodec.Command → Except Minidregg.Kernel.RealmWellReceiver.Reject Minidregg.Kernel.RealmWellReceiver.Plan
theorem	Minidregg.Kernel.RealmWellReceiver.decideWell_ok	7e57f5075e905cebc263ef7edbb3801e6074f09d3a8c35e5e4d1af55bf9dec53	3a45fe9fe6c537f55b4c2d775704e1d1c9964e1b24fc39ac432c8d5cf62afc86	85676a3c7ee505ec5447d743008d664773d09e0b3ff380d2efe00e22b8b98a10	9e60b0bdc29f071f	Classical.choice,Quot.sound,propext	∀ {book : Minidregg.Theory.CanonicalResourceKernel.Book} {realmOf : ℕ → Option ℕ} {credit : Minidregg.Theory.CanonicalResourceKernel.AssetId} {command : Minidregg.Compiler.RealmWellCodec.Command} {plan : Minidregg.Kernel.RealmWellReceiver.Plan}, Minidregg.Kernel.RealmWellReceiver.decideWell book realmOf credit command = Except.ok plan → command.well ≠ credit ∧ command.account ≠ command.well ∧ 0 < command.amount ∧ ∃ realm, realmOf command.well = Option.some realm ∧ plan = { asset := command.well, realm := realm, op := command.op, account := command.account, amount := command.amount } ∧ Minidregg.Theory.CanonicalResourceKernel.Batch.Admission book plan.batch
theorem	Minidregg.Kernel.RealmWellReceiver.decided_apply	82aca949cbd2da522537aec086f8c76b046c2e48cb94a261f0bf15efec0d9367	62f2f8691e49696070bacac1056e71f4276e158bbd768b4c178d187d1d959de3	54d8370c6b287573fa6dcc83441c3f4451640d801c2db12258eafef1e09957f0	eb95a58ccb7f585f	Classical.choice,Quot.sound,propext	∀ {book : Minidregg.Theory.CanonicalResourceKernel.Book} {realmOf : ℕ → Option ℕ} {credit : Minidregg.Theory.CanonicalResourceKernel.AssetId} {command : Minidregg.Compiler.RealmWellCodec.Command} {plan : Minidregg.Kernel.RealmWellReceiver.Plan}, Minidregg.Kernel.RealmWellReceiver.decideWell book realmOf credit command = Except.ok plan → plan.batch.apply book = plan.operation.apply book ∧ plan.asset = command.well ∧ plan.account = command.account ∧ plan.amount = command.amount ∧ plan.op = command.op
theorem	Minidregg.Kernel.RealmWellReceiver.decided_extends_log	e29df49421891f3039248b6f1d713bc627b9ec2d59b83878cb7feaef7fed78c2	8346240140a10c2ef2440fb8b293dc91ee3d9e8669d3deeab344ffc885ab05d8	4c2793c9049c33fce7153638bb4632fc658a98eab5b18c8d506287f1e159715c	215499786b67a92c	Classical.choice,Quot.sound,propext	∀ {initial book : Minidregg.Theory.CanonicalResourceKernel.Book} {log : List Minidregg.Kernel.RealmWellReceiver.Plan} {realmOf : ℕ → Option ℕ} {credit : Minidregg.Theory.CanonicalResourceKernel.AssetId} {command : Minidregg.Compiler.RealmWellCodec.Command} {plan : Minidregg.Kernel.RealmWellReceiver.Plan}, Minidregg.Kernel.RealmWellReceiver.AcceptedLog initial log book → Minidregg.Kernel.RealmWellReceiver.decideWell book realmOf credit command = Except.ok plan → Minidregg.Kernel.RealmWellReceiver.AcceptedLog initial (log ++ [plan]) (plan.batch.apply book)
def	Minidregg.Kernel.RealmWellReceiver.declaration	67ee9bf486d21fadb8acc6dc8bd4b39b33623b9aff2c1dc6fe58c2a0ca4b7932	d8b5d8f7bf609375edc886d805887b75837934ea863bf9a37fba8977270adaba	6e2a67f3262d2fc528eef323795feed06ab9ad9b6c0fdb9d60dfd35cabc809de	8b58b57847ccb4f3	Classical.choice,Quot.sound,propext	Minidregg.Theory.TypedAuthorization.Digest → Minidregg.Theory.TypedAuthorization.Digest → Minidregg.Compiler.RealmWellCodec.Command → Minidregg.Kernel.RealmWellReceiver.Declaration
def	Minidregg.Kernel.RealmWellReceiver.declarationCodec	ee0fd36031d2fd57c2bba1eab6a790ac8f93e5fcd7df74989bb8a89ce3784ae1	7a43baec6323d90d6237380e6f2a1c7236b8e9dfc70c7dcb7130d2cef2a45128	cbdfb00dfd619f0e3ce377105e5bb4b3526d3ed0c434136ed8a253d1afb47795	d8982414382273a0	Classical.choice,Quot.sound,propext	Minidregg.Theory.IndexedProgram.LawfulCodec Minidregg.Kernel.RealmWellReceiver.Declaration
def	Minidregg.Kernel.RealmWellReceiver.declarationStream	4c1bdf86d176e23cbd7fe5b67b33cba3b546cf8b2e9ef9d969accdaf2d2236a1	0566272f40491b536f145fc2dd6e238d985f67737a999ad27f22d7016c376693	ceff63b22c2c0fe32e8557ff7aaf3af8a135b640ab97e00548e0065231832899	d5bb3f62ebc9c283	Classical.choice,Quot.sound,propext	Minidregg.Compiler.Tower256ConcreteBackend.StreamCodec Minidregg.Kernel.RealmWellReceiver.Declaration
def	Minidregg.Kernel.RealmWellReceiver.decodeIngress	1ba1a941143e52fe5605d610c44e3027fe8a6b561125331eebd07f0b12690eb8	97786df93d05db99d4d307ac05e61cff594cea7b52a88cf2b67142c2ab87cc9f	9ef0a00913ad50ffacd6235f9a161380639d5637bcdefa9090607ea7524a9160	39c20b00c34f2040	Classical.choice,Quot.sound,propext	List UInt8 → Option Minidregg.Kernel.RealmWellReceiver.DecodedIngress
def	Minidregg.Kernel.RealmWellReceiver.effectDigest	c0322becf951c7a658e9567da826f7d86e2b3c5cd0011a39fc6001855cba1923	fff201cad436284823bd4581f0ee3ced8f217ef0455977598eb6a1af0311da14	4e9b925c2e0417b67c8940fa145ab3f512b5788895d5f57a567f329ad74c571f	fc42ad7c33168e69	Classical.choice,Quot.sound,propext	Minidregg.Theory.TypedAuthorization.Digest → Minidregg.Theory.TypedAuthorization.Digest → Minidregg.Compiler.RealmWellCodec.Command → Minidregg.Kernel.RealmWellReceiver.Declaration → Minidregg.Theory.TypedAuthorization.Digest
def	Minidregg.Kernel.RealmWellReceiver.event	6e19c584406487c059aa01fca0a418c792b5810f4747db45840ef5b0f4694357	03b2b552a6a122c6a6c8ecc2a8563053d4357e4d32aa158dd1e7fb7c969fd692	9f42a1fea4b4b6ed1bba4a2bd2717935ef6759c54ee703b53687beb275c14618	f8e431b9a0b42a6d	Classical.choice,Quot.sound,propext	Minidregg.Theory.TypedAuthorization.Digest → Minidregg.Theory.TypedAuthorization.Digest → Minidregg.Kernel.RealmWellReceiver.DecodedIngress → Minidregg.Kernel.DurableDataIntent.StableEvent
def	Minidregg.Kernel.RealmWellReceiver.family	45e8458b532e7aa710ec50f9dc2bd04ed1b3160f9f169f1dd0a582ff13d011cb	10e146b5e341459934e26bb419e276e7c17f3cffef54df3967efa3985b9da55a	acaca05ba6d4a1c153b22d92def2f0731a012289cf4bfbf179018241d0883588	cb1760688099c1ba	Classical.choice,Quot.sound,propext	Minidregg.Kernel.RealmWellReceiver.Snapshot → Minidregg.Kernel.RealmWellReceiver.BookMaterialized → Minidregg.Theory.TypedAuthorization.Digest → Minidregg.Kernel.RealmWellReceiver.Ambient → Minidregg.Compiler.RealmWellCodec.Command → Minidregg.Kernel.RealmWellReceiver.Plan → Minidregg.Theory.SemanticEffectFamily Minidregg.Theory.CanonicalResourceKernel.layout (Minidregg.Compiler.CanonicalCellRegistry.materializer Minidregg.Compiler.CanonicalCellRegistry.Kind.resourceBook) ℕ
def	Minidregg.Kernel.RealmWellReceiver.intent	a5c90777fe3ddfd987477ebf2bedc296a43d5a4a27f32fc04fcc3ae602aae61c	1bccd95a33436bb5c66a66fd7d917b989c320540624f6a9e1aa6e562198c0f75	a321bdbb9e48a5ebe5cb8a50fe6a91d8abe1d7999017b93618a149b68034eb5d	6e451714274d7099	Classical.choice,Quot.sound,propext	{F : Type} → [inst : Field F] → {deployment : Minidregg.Kernel.RealmWellReceiver.Deployment} → {profile : Minidregg.Compiler.CanonicalRuntimeProfile.Profile F} → {ambient : Minidregg.Kernel.RealmWellReceiver.Ambient} → {durable : Minidregg.Kernel.RealmWellReceiver.Durable} → [inst_1 : DecidableEq F] → {ingress : Minidregg.Kernel.RealmWellReceiver.DecodedIngress} → Minidregg.Kernel.RealmWellReceiver.AcceptedWell deployment profile ambient durable ingress → Minidregg.Kernel.DurableDataIntent.DataIntent Minidregg.Compiler.ResourceBirthCodec.rootBytes
theorem	Minidregg.Kernel.RealmWellReceiver.intent_writes_book	b2997ab30a7295d5d3e05a4bedc894e7682203c1c33b93d1206f7ea2a89c7234	a0706ef4181db44ad97040cb2b375c3506a352f09bcb6397afd043d9a12f36ea	664572d0d4e2f9ce8655f967bae92ccfffa5580828d3a6d1e73a99b5f9e7d09f	cba6943ee97ca465	Classical.choice,Quot.sound,propext	∀ {F : Type} [inst : Field F] {deployment : Minidregg.Kernel.RealmWellReceiver.Deployment} {profile : Minidregg.Compiler.CanonicalRuntimeProfile.Profile F} {ambient : Minidregg.Kernel.RealmWellReceiver.Ambient} {durable : Minidregg.Kernel.RealmWellReceiver.Durable} [inst_1 : DecidableEq F] {ingress : Minidregg.Kernel.RealmWellReceiver.DecodedIngress} (accepted : Minidregg.Kernel.RealmWellReceiver.AcceptedWell deployment profile ambient durable ingress), List.map Minidregg.Kernel.DurableDataIntent.DataWrite.cellId (Minidregg.Kernel.RealmWellReceiver.intent accepted).writes = [{ value := deployment.resourceBookId }]
def	Minidregg.Kernel.RealmWellReceiver.kindDependencies	8f523fecdde594bfbbe4a351a2ac4b5f685ea95cb5adbbb9a95cb83d715efc2a	9d092fd8aa38954641b182b790fba07747a774b0c8951efd0efb3d6479705af7	08a85ad0296f8827835ea91ca8f6fd9027b462c2557c3f5bc57f9515439d266d	02dd90d36be2c0e2	Classical.choice,Quot.sound,propext	{F : Type} → [inst : Field F] → {deployment : Minidregg.Kernel.RealmWellReceiver.Deployment} → {profile : Minidregg.Compiler.CanonicalRuntimeProfile.Profile F} → {ambient : Minidregg.Kernel.RealmWellReceiver.Ambient} → {durable : Minidregg.Kernel.RealmWellReceiver.Durable} → {command : Minidregg.Compiler.RealmWellCodec.Command} → Minidregg.Kernel.RealmWellReceiver.Prepared deployment profile ambient durable command → Option Minidregg.Compiler.WorldKindLawDependencies.Dependencies
def	Minidregg.Kernel.RealmWellReceiver.lawReadGuards	45c9e33e8e069b251239b6b1431ac79b84dffdc34ccbe65b80518f2b678d5d9c	7fc59499f0ef8d29b6093a4b99914160214c22623ebac41e2081352f1f81f94b	af3ba6b6a1eb66e46eede72d491da8dfb1e49969da36dd7f4ce576811053f101	81fcd9d0685b075d	Classical.choice,Quot.sound,propext	{F : Type} → [inst : Field F] → {deployment : Minidregg.Kernel.RealmWellReceiver.Deployment} → {profile : Minidregg.Compiler.CanonicalRuntimeProfile.Profile F} → {ambient : Minidregg.Kernel.RealmWellReceiver.Ambient} → {durable : Minidregg.Kernel.RealmWellReceiver.Durable} → {command : Minidregg.Compiler.RealmWellCodec.Command} → Minidregg.Kernel.RealmWellReceiver.Prepared deployment profile ambient durable command → Option (List (ℕ × Minidregg.Theory.TypedAuthorization.Digest))
def	Minidregg.Kernel.RealmWellReceiver.marker	a073489883fe8a50d4cfdf2dff84c39ff28421958d4add7c2f03c48c37880467	fee73325c9c94a0d33de7b763bfbc684dac6a86d533eda88833e499b0ad8cbc8	6a597eff66b2112373a572f80fb035aea0912cbd9df4dcd2830791a75fc941d6	6bcbd9d75615583b	Classical.choice,Quot.sound,propext	Minidregg.Theory.TypedAuthorization.Digest → Minidregg.Theory.TypedAuthorization.Digest → Minidregg.Compiler.RealmWellCodec.Command → ℕ
def	Minidregg.Kernel.RealmWellReceiver.minted	cccacbaafa48dffbeb2c2f5f64b5e5d87d8ab78ea68cd3ba725fbdc9e3fc37c2	874c1a4811272683de7e6d3d6df17099b74273772c6c487a1dbbe4e6c62723ef	52e1baf99720ceb5b79dc1ae14705140026f297c501e7636de93e483c025437e	9bb404f3cf0c80b2	-	Minidregg.Theory.CanonicalResourceKernel.AssetId → List Minidregg.Kernel.RealmWellReceiver.Plan → ℤ
theorem	Minidregg.Kernel.RealmWellReceiver.no_grant_refused	4a3985bdaa02afadfc4e7c72aa753c3fbf3416c6923b0786da1f9723202da844	89fbaae3a449c621d3e298da003fa1242774c62bb51eb5e0ef9c9cb173218340	cf927b6457bdf190ace2e4034b11196476161f178f24139820bd83781798c6e9	7e320469bd67afca	Classical.choice,Quot.sound,propext	∀ {F : Type} [inst : Field F] {deployment : Minidregg.Kernel.RealmWellReceiver.Deployment} {profile : Minidregg.Compiler.CanonicalRuntimeProfile.Profile F} {ambient : Minidregg.Kernel.RealmWellReceiver.Ambient} {durable : Minidregg.Kernel.RealmWellReceiver.Durable} {command : Minidregg.Compiler.RealmWellCodec.Command} [inst_1 : DecidableEq F] (prepared : Minidregg.Kernel.RealmWellReceiver.Prepared deployment profile ambient durable command) (receipt : Minidregg.Compiler.CredentialSignatureAdmission.CheckedSignature prepared.authority.snapshot), ((Minidregg.Kernel.RealmWellReceiver.policyConfig prepared).capabilityEvidenceChecked (Minidregg.Kernel.RealmWellReceiver.request prepared.authority.snapshot prepared.book.payload profile.semantics ambient command) command.capability () receipt () fun x => ()).toOption = Option.none → Minidregg.Kernel.RealmWellReceiver.authorize prepared receipt = Except.error Minidregg.Kernel.RealmWellReceiver.Reject.noGrant
def	Minidregg.Kernel.RealmWellReceiver.nullifier	c2740a3aca0e05e6e7b6140771358815b6a32a93693aa80dcd8ae71205c05e38	83cc420e74ab9be95d139ad9888764654d92b6e905fd5d6a9ec2d80193c0c9b7	47688394f5cc6f4584699dd72b2d1adc5c96d4ca5ea088a12ea5dcb32ac1fee5	29a97c57c794b091	Classical.choice,Quot.sound,propext	Minidregg.Theory.TypedAuthorization.Digest → Minidregg.Theory.TypedAuthorization.Digest → Minidregg.Kernel.RealmWellReceiver.DecodedIngress → Minidregg.Kernel.DurableDataIntent.StableNullifier
def	Minidregg.Kernel.RealmWellReceiver.physicalShapeDecidable	d5af1d81f0b0d594207db1a61306e7c697b86c4e6f6a96492f97309f65f4afe5	fdec81f02403db3e75f72d128727fcba094d78a3029a11cb0a38f0bfda3ea09d	ffea03317e24b371a96088910182c3a7a9993fd1d08c22c91c21f3d4d26cd191	c3180954070e706b	Classical.choice,Quot.sound,propext	{F : Type} → [inst : Field F] → {deployment : Minidregg.Kernel.RealmWellReceiver.Deployment} → {profile : Minidregg.Compiler.CanonicalRuntimeProfile.Profile F} → {ambient : Minidregg.Kernel.RealmWellReceiver.Ambient} → {durable : Minidregg.Kernel.RealmWellReceiver.Durable} → {command : Minidregg.Compiler.RealmWellCodec.Command} → (prepared : Minidregg.Kernel.RealmWellReceiver.Prepared deployment profile ambient durable command) → Decidable (Minidregg.Kernel.RealmWellReceiver.PhysicalShape prepared)
def	Minidregg.Kernel.RealmWellReceiver.poleBook	fa4a870f62a98df0a6137d7e686063cb5c36af00cf28df504b3da12ed0751f7d	868a33f19df739e7fd7d3f73806aadc8766788c55bcf5d18df443708e35f001e	95a4bc280589ba3f3a3aac182a3a8ba63ae50059ceee8df62c6793dfd1a0e03b	a2435006829cebef	Classical.choice,Quot.sound,propext	Minidregg.Theory.CanonicalResourceKernel.Book
def	Minidregg.Kernel.RealmWellReceiver.poleCommand	3bae304e8f0fb0c1b63a7dee30aa9da185a29b0e2d880df2474669ee1391da72	974b3ff963608a834c4e8e69a212cfdf88d67f8e126c473f5f029b9e0a93e071	4fe537c80228ff30d8f8600ca8705b095622b292dc61202cdaad938182124fb8	553d1dbe8853d12d	-	ℕ → Minidregg.Compiler.RealmWellCodec.WellOp → ℕ → ℕ → Minidregg.Compiler.RealmWellCodec.Command
def	Minidregg.Kernel.RealmWellReceiver.poleRealm	24866ea1632a6d10d800b43062f8afbfae281888bac957095a9d8bfc0c7fdc43	234bd5271f5b149004fc49c2465516aadd0a6022b058b928686f7522355861e4	c0efbe29f4a17308e2e75aac22017b07c2c89814c0d57f374938d86fb6146ad9	910f59edbfdee51f	-	ℕ → Option ℕ
theorem	Minidregg.Kernel.RealmWellReceiver.pole_credit_refused	e931cd47d2ef90d52ed02f623f236bf94169d1da58c78f8c70efe5aea178543f	097012103235f322b32af41f85fe6046990b2ed611ef35f2bc12b3c78ed936d5	e873edc4f9a7c447f1e11ff817e4ed263947df8c4371716e9fd68c6f2a62a1f9	f1f20f7465242026	Classical.choice,Quot.sound,propext	Minidregg.Kernel.RealmWellReceiver.decideWell Minidregg.Kernel.RealmWellReceiver.poleBook Minidregg.Kernel.RealmWellReceiver.poleRealm 0 (Minidregg.Kernel.RealmWellReceiver.poleCommand 0 Minidregg.Compiler.RealmWellCodec.WellOp.mint 7 1) = Except.error Minidregg.Kernel.RealmWellReceiver.Reject.creditWell
theorem	Minidregg.Kernel.RealmWellReceiver.pole_log_tracks	d048da6d758b25ddd85b9190868ac651b38cbecfb926827214390bc40c566fbc	7c3c2e51ae1e89d6491e5f0876077094d4356708e4b57f727311c2cba8a4d078	aaae0efb460f30305d42d379c40614fec3b94d84a6cd36799148f5ca4d34498c	e3d69ead868fa169	Classical.choice,Quot.sound,propext	({ asset := 5, realm := 3, op := Minidregg.Compiler.RealmWellCodec.WellOp.burn, account := 7, amount := 5 }.batch.apply ({ asset := 5, realm := 3, op := Minidregg.Compiler.RealmWellCodec.WellOp.mint, account := 7, amount := 20 }.batch.apply Minidregg.Kernel.RealmWellReceiver.poleBook)).balance 5 5 = -15 ∧ ({ asset := 5, realm := 3, op := Minidregg.Compiler.RealmWellCodec.WellOp.burn, account := 7, amount := 5 }.batch.apply ({ asset := 5, realm := 3, op := Minidregg.Compiler.RealmWellCodec.WellOp.mint, account := 7, amount := 20 }.batch.apply Minidregg.Kernel.RealmWellReceiver.poleBook)).balance 7 0 = 10
theorem	Minidregg.Kernel.RealmWellReceiver.pole_mint_admitted	473194f3d1f28c47609b7543fa660f92bc9aa1a267000bf71603991dfa3994eb	92b4dd7270d876197a64716b7c4baa3e7f2b411dda9c84694512f1f61061470c	6294facd9a7d2ac82f3a476415f473cf284bd423212124431bf8c47fdcc63d92	c07c10340ec340e3	Classical.choice,Quot.sound,propext	Minidregg.Kernel.RealmWellReceiver.decideWell Minidregg.Kernel.RealmWellReceiver.poleBook Minidregg.Kernel.RealmWellReceiver.poleRealm 0 (Minidregg.Kernel.RealmWellReceiver.poleCommand 5 Minidregg.Compiler.RealmWellCodec.WellOp.mint 7 20) = Except.ok { asset := 5, realm := 3, op := Minidregg.Compiler.RealmWellCodec.WellOp.mint, account := 7, amount := 20 }
theorem	Minidregg.Kernel.RealmWellReceiver.pole_mint_then_burn_admitted	c03a1ff00b0386fd53c00248f8197618ec4a78040afbb121f8cb2279b80c863a	38c591a1a4006724212823e20301be66c70d4c0fab88745be3d8e5d1597f6f49	cd0e8c66bf2aef4033c0c0604af01f5fc8fd1af6dee94990671a03f98419b76e	ee633a74f11f2b2a	Classical.choice,Quot.sound,propext	Minidregg.Kernel.RealmWellReceiver.decideWell ({ asset := 5, realm := 3, op := Minidregg.Compiler.RealmWellCodec.WellOp.mint, account := 7, amount := 20 }.batch.apply Minidregg.Kernel.RealmWellReceiver.poleBook) Minidregg.Kernel.RealmWellReceiver.poleRealm 0 (Minidregg.Kernel.RealmWellReceiver.poleCommand 5 Minidregg.Compiler.RealmWellCodec.WellOp.burn 7 5) = Except.ok { asset := 5, realm := 3, op := Minidregg.Compiler.RealmWellCodec.WellOp.burn, account := 7, amount := 5 }
theorem	Minidregg.Kernel.RealmWellReceiver.pole_overburn_refused	1b538d08a54a902eefde76652834e4da420affbc0a532536889d46104ff89c4c	fd66661ff7d967dbbd5bf9f1a95c8a9dd0cbc3a50c9949763b512d8486845c91	c410eaae5721e47fb6de54b9ef4192b6077d57686cab139dfd22be2ec9a8bbb6	b03be48a0f88f988	Classical.choice,Quot.sound,propext	Minidregg.Kernel.RealmWellReceiver.decideWell ({ asset := 5, realm := 3, op := Minidregg.Compiler.RealmWellCodec.WellOp.mint, account := 7, amount := 20 }.batch.apply Minidregg.Kernel.RealmWellReceiver.poleBook) Minidregg.Kernel.RealmWellReceiver.poleRealm 0 (Minidregg.Kernel.RealmWellReceiver.poleCommand 5 Minidregg.Compiler.RealmWellCodec.WellOp.burn 7 21) = Except.error Minidregg.Kernel.RealmWellReceiver.Reject.bookRefused
theorem	Minidregg.Kernel.RealmWellReceiver.pole_rootless_refused	a75d6e7fcc14dc4be08f5eae11870635c2092d4723f8e0109537656e2eeed3b1	34d5b965282736353aa425be16bed84e35f4471a8f8d11f84c24ee73021d8f57	021f7c73b333df2846fc038d7cb0a187cd2876d929ac42e9c158682c43edf729	76c2fdecdaaaba04	Classical.choice,Quot.sound,propext	Minidregg.Kernel.RealmWellReceiver.decideWell Minidregg.Kernel.RealmWellReceiver.poleBook Minidregg.Kernel.RealmWellReceiver.poleRealm 0 (Minidregg.Kernel.RealmWellReceiver.poleCommand 9 Minidregg.Compiler.RealmWellCodec.WellOp.mint 7 1) = Except.error Minidregg.Kernel.RealmWellReceiver.Reject.notRealmWell
theorem	Minidregg.Kernel.RealmWellReceiver.pole_self_refused	87e26bc4389daa706b77450d8dcfd1b7195da404a0b049df864597c23a708656	f0e6415efc62416654b666cf14973df7740b53932d42fb513c2448a5f163163b	3d4680c49e43c494b8946bf7ab9a93d2442d0f4ec4386b19b21e49ddcadc66b1	e6400f82738bbce4	Classical.choice,Quot.sound,propext	Minidregg.Kernel.RealmWellReceiver.decideWell Minidregg.Kernel.RealmWellReceiver.poleBook Minidregg.Kernel.RealmWellReceiver.poleRealm 0 (Minidregg.Kernel.RealmWellReceiver.poleCommand 5 Minidregg.Compiler.RealmWellCodec.WellOp.mint 5 1) = Except.error Minidregg.Kernel.RealmWellReceiver.Reject.accountIsWell
theorem	Minidregg.Kernel.RealmWellReceiver.pole_unregistered_refused	d32c43f9ec031d91268b51f28b41005edacdd168b00ddb8110136e4b4473da99	0aecb5cb9d40c0ff42a1ddeea8c12c402a11311e6ab4ac350d537e5d86210262	ef92d5d615d6f3f024055f7b6250fce82b1ab6217138be693da5dd07c6ca262e	777a1dc71eff3e34	Classical.choice,Quot.sound,propext	Minidregg.Kernel.RealmWellReceiver.decideWell Minidregg.Kernel.RealmWellReceiver.poleBook Minidregg.Kernel.RealmWellReceiver.poleRealm 0 (Minidregg.Kernel.RealmWellReceiver.poleCommand 5 Minidregg.Compiler.RealmWellCodec.WellOp.mint 8 1) = Except.error Minidregg.Kernel.RealmWellReceiver.Reject.bookRefused
theorem	Minidregg.Kernel.RealmWellReceiver.pole_zero_refused	fb761649ece19a1e505e64fbe2452846df2ae38b0849c590dd425c38f44046fa	ba008d2d1ae1a7a1d9da6b4fd8370d2426da31c1318861a174d6e737a9796654	af338617e0f76f95f5e78136668d8aed0c266377ce9c11d6e0cda0dd478a441f	2c095211e6a979a6	Classical.choice,Quot.sound,propext	Minidregg.Kernel.RealmWellReceiver.decideWell Minidregg.Kernel.RealmWellReceiver.poleBook Minidregg.Kernel.RealmWellReceiver.poleRealm 0 (Minidregg.Kernel.RealmWellReceiver.poleCommand 5 Minidregg.Compiler.RealmWellCodec.WellOp.mint 7 0) = Except.error Minidregg.Kernel.RealmWellReceiver.Reject.zeroAmount
def	Minidregg.Kernel.RealmWellReceiver.policyConfig	e861a37527afbf95dbc8a92032867aaa391d2cbfa1884e723754f8b0e484cdfd	1c09c5b4bc1ea4a128136a94f161fe503caae36648d960b3471fca152f376044	d9fe61687d4e4b40335c0025da4a686b605ae1be4d02234f95f00b33618d9eea	e50280d4c341e3ce	Classical.choice,Quot.sound,propext	{F : Type} → [inst : Field F] → {deployment : Minidregg.Kernel.RealmWellReceiver.Deployment} → {profile : Minidregg.Compiler.CanonicalRuntimeProfile.Profile F} → {ambient : Minidregg.Kernel.RealmWellReceiver.Ambient} → {durable : Minidregg.Kernel.RealmWellReceiver.Durable} → {command : Minidregg.Compiler.RealmWellCodec.Command} → [inst_1 : DecidableEq F] → Minidregg.Kernel.RealmWellReceiver.Prepared deployment profile ambient durable command → Minidregg.Compiler.ComposedPolicyAdmission.Config F
def	Minidregg.Kernel.RealmWellReceiver.policyGuard	f5c14c949ad173e77e810ac41d9fbf4f5577378eb840b128b40a904a2e89d068	15bfeb4b94bd2a6fa4203f940161669addeaaf5b2ca596cac5525a2e30d9d7b7	64becdf5cae0cbe46d94ba8b55f24e98f576df2a858617b25c9b87f81dab79c2	f456bceb97ad3898	Classical.choice,Quot.sound,propext	{F : Type} → [inst : Field F] → {deployment : Minidregg.Kernel.RealmWellReceiver.Deployment} → {profile : Minidregg.Compiler.CanonicalRuntimeProfile.Profile F} → {ambient : Minidregg.Kernel.RealmWellReceiver.Ambient} → {durable : Minidregg.Kernel.RealmWellReceiver.Durable} → {command : Minidregg.Compiler.RealmWellCodec.Command} → Minidregg.Kernel.RealmWellReceiver.Prepared deployment profile ambient durable command → Minidregg.Kernel.DurableDataIntent.ReadGuard
def	Minidregg.Kernel.RealmWellReceiver.prepare	6e669afe035a5288022b7dd8a93f76848de39be70d02f471ba9cf72a84bfd715	abc6b5b89271e746c5227f5c6de04753df066b49bbc4fb91d1a80aafe3710250	39eb58a5186471a80b6392939eb5c1177569a0cd8a55df9e004c9add03145da6	ddddc4fc1e6d8a2c	Classical.choice,Quot.sound,propext	{F : Type} → [inst : Field F] → (deployment : Minidregg.Kernel.RealmWellReceiver.Deployment) → (profile : Minidregg.Compiler.CanonicalRuntimeProfile.Profile F) → (ambient : Minidregg.Kernel.RealmWellReceiver.Ambient) → (durable : Minidregg.Kernel.RealmWellReceiver.Durable) → (command : Minidregg.Compiler.RealmWellCodec.Command) → Except Minidregg.Kernel.RealmWellReceiver.Reject (Minidregg.Kernel.RealmWellReceiver.Prepared deployment profile ambient durable command)
def	Minidregg.Kernel.RealmWellReceiver.project	99e99d2803102f7e7e4d8b9b59ab750f7baf7fcc80fe7ae1483aa2a0f9bdd75c	0cda27f6692b72919d8d0d746de7a08763656cacf4c93b5a7d16e682540ba3fb	68b566e53d1b435a74d8ef007496a866d06628a7f8bb3c652d4b319834e177ee	a96fbf87d8c7d1f9	Classical.choice,Quot.sound,propext	{F : Type} → [inst : Field F] → {deployment : Minidregg.Kernel.RealmWellReceiver.Deployment} → {profile : Minidregg.Compiler.CanonicalRuntimeProfile.Profile F} → {ambient : Minidregg.Kernel.RealmWellReceiver.Ambient} → {durable : Minidregg.Kernel.RealmWellReceiver.Durable} → {command : Minidregg.Compiler.RealmWellCodec.Command} → Minidregg.Kernel.RealmWellReceiver.Prepared deployment profile ambient durable command → Minidregg.Theory.Store.Store Minidregg.Theory.CanonicalResourceKernel.layout → Minidregg.Pred.State
def	Minidregg.Kernel.RealmWellReceiver.readGuards	f98a6f4eaa709a27c9a48c3a276302b3a346a1740123872451302850654293bf	0d59289f414913c27b4bb8ad03a84ab18eb3c28e3782d920717e1ad0536287d1	a055b1e910f5701985234b18445d333b16c6c8fb0e51668c576b81d5cb3e96ae	c836dbbd46243b87	Classical.choice,Quot.sound,propext	{F : Type} → [inst : Field F] → {deployment : Minidregg.Kernel.RealmWellReceiver.Deployment} → {profile : Minidregg.Compiler.CanonicalRuntimeProfile.Profile F} → {ambient : Minidregg.Kernel.RealmWellReceiver.Ambient} → {durable : Minidregg.Kernel.RealmWellReceiver.Durable} → {command : Minidregg.Compiler.RealmWellCodec.Command} → Minidregg.Kernel.RealmWellReceiver.Prepared deployment profile ambient durable command → List Minidregg.Kernel.DurableDataIntent.ReadGuard
theorem	Minidregg.Kernel.RealmWellReceiver.readGuards_readonly	ed3784be156cfbf1250d52a14cc8472157df9fa59f3d2b8db2b518613d875e95	5e14c4faee1950b20075b69d509d774a30b8399e1ef6bff8be47836afa8f4745	a6c9b81b4f29e437596b6d9211fcf06cc83bb2ef497136396a946b7664f7aac5	5223acd3064a713c	Classical.choice,Quot.sound,propext	∀ {F : Type} [inst : Field F] {deployment : Minidregg.Kernel.RealmWellReceiver.Deployment} {profile : Minidregg.Compiler.CanonicalRuntimeProfile.Profile F} {ambient : Minidregg.Kernel.RealmWellReceiver.Ambient} {durable : Minidregg.Kernel.RealmWellReceiver.Durable} {command : Minidregg.Compiler.RealmWellCodec.Command} (prepared : Minidregg.Kernel.RealmWellReceiver.Prepared deployment profile ambient durable command), Minidregg.Kernel.RealmWellReceiver.PhysicalShape prepared → ∀ guard ∈ Minidregg.Kernel.RealmWellReceiver.readGuards prepared, guard.cellId ∉ List.map Minidregg.Kernel.DurableDataIntent.DataWrite.cellId (Minidregg.Kernel.RealmWellReceiver.writes prepared)
theorem	Minidregg.Kernel.RealmWellReceiver.realm_conservation	e1ddbc25eaa0bf3316187c45cff1f1f1e6a496cc802378cc64eae1f2bdfdabe4	30f37835f486e93dc8c56851fb8d2e1038e70d8e6a116b61d106da7b38e34b16	4b90f89f4f3f8ae366ff66d9cecc2a23ab9a1c18d27586d73cabce203f866d92	657c34be551246c3	Classical.choice,Quot.sound,propext	∀ {initial final : Minidregg.Theory.CanonicalResourceKernel.Book} {log : List Minidregg.Kernel.RealmWellReceiver.Plan}, Minidregg.Kernel.RealmWellReceiver.AcceptedLog initial log final → ∀ (asset : Minidregg.Theory.CanonicalResourceKernel.AssetId), final.totalAsset asset = initial.totalAsset asset
theorem	Minidregg.Kernel.RealmWellReceiver.realm_holders_eq_neg_well	98aa67bad5ee9b64f8491eaf884c96cd35e2a1599e7d5ab2228538e69bc79695	1988455f5b346d3c004cbc6a96d66e47db2121729c6848b8a8ad2c9e1d1fa830	62246016b9832c8ae9f3a3a45f0e46941ef4b81dc57a4bb3860c282a0786b232	180571c033b428f1	Classical.choice,Quot.sound,propext	∀ {initial final : Minidregg.Theory.CanonicalResourceKernel.Book} {log : List Minidregg.Kernel.RealmWellReceiver.Plan}, Minidregg.Kernel.RealmWellReceiver.AcceptedLog initial log final → ∀ asset ∈ initial.accounts, initial.totalAsset asset = 0 → ∑ account ∈ final.accounts.erase asset, final.balance account asset = -final.balance asset asset
def	Minidregg.Kernel.RealmWellReceiver.receipt	c4766747cfae9d1135f5c16dfbc3580cfad6e4d512fd765a280d99b10eb2ecac	4e74dc7070b35f1b049abab51ab26e2027e6c93589483bb7e425bf06078b62ba	0418ea07c816553446fb09364a2b799ccee7fb0a16f83c54a25c82fbe8ef38a3	d90ac37eaafc86db	Classical.choice,Quot.sound,propext	Minidregg.Theory.TypedAuthorization.Digest → Minidregg.Theory.TypedAuthorization.Digest → Minidregg.Kernel.RealmWellReceiver.DecodedIngress → Minidregg.Kernel.RealmWellReceiver.Receipt
def	Minidregg.Kernel.RealmWellReceiver.receiveLoaded	e2a87d21f75adf1efea1272024f7a026a9a7b0ae49ceba5f1301c6af0f98249a	b5667ba752cfa916dc5f3ceb5b78b650c3152d01dd7370d456b2d8428d1119ca	7568e0d681e21ceb5b3126641ca77c0158229a02c5672d156b96968e74d3a6fd	7b76699c96f5f954	Classical.choice,Quot.sound,propext	{F : Type} → [inst : Field F] → [DecidableEq F] → Minidregg.Kernel.RealmWellReceiver.Deployment → Minidregg.Compiler.CanonicalRuntimeProfile.Profile F → Minidregg.Kernel.RealmWellReceiver.Ambient → Minidregg.Compiler.CredentialSignatureIO.NativeConfig → Minidregg.Compiler.DurableReceiverIO.Transport → Minidregg.Kernel.RealmWellReceiver.Durable → List UInt8 → IO Minidregg.Kernel.RealmWellReceiver.Result
def	Minidregg.Kernel.RealmWellReceiver.replay	136df4e5678eda23b8a8b9dd826b1486be58859076884cf0a026f8f3608080fa	4a430d48b5e3539299fb9e450c85c52c4c547a1b47806d3d23f1c69aae07865a	5bdaee75e38c749287a83ef81f8e2e4d71c7dc0c8b67776a326210918546c279	13aa00441f1fea59	Classical.choice,Quot.sound,propext	Minidregg.Theory.TypedAuthorization.Digest → Minidregg.Theory.TypedAuthorization.Digest → Minidregg.Kernel.RealmWellReceiver.Durable → Minidregg.Kernel.RealmWellReceiver.DecodedIngress → Option (Except Unit Minidregg.Kernel.RealmWellReceiver.Receipt)
def	Minidregg.Kernel.RealmWellReceiver.request	e7a9843db2ce4b481407387dbeeb73ea9230a051883f17ce221dc2bf174b6907	76ddb16240d9266e0b61212a4473fd2651ed9360fd4b0c582ef2c092c544ac8f	ca88728b9103cff9eb7e232b84a020f2dc12e6dda61bf27363b6aa20b645b7c4	887b7bc35edf2c2e	Classical.choice,Quot.sound,propext	Minidregg.Kernel.RealmWellReceiver.Snapshot → Minidregg.Kernel.RealmWellReceiver.BookMaterialized → Minidregg.Theory.TypedAuthorization.Digest → Minidregg.Kernel.RealmWellReceiver.Ambient → Minidregg.Compiler.RealmWellCodec.Command → Minidregg.Theory.TypedAuthorization.Request Minidregg.Theory.TypedAuthorization.ResourceKind.account
theorem	Minidregg.Kernel.RealmWellReceiver.request_target	d0a0294c76f2b0124422210f8feb9c35373a85e90952171b776399e9c7831077	11e78b99dd46d0337c528c9eb13c1ff9ae382271831283a69c36ca35ebf1c198	146bbff7f2456e368f9484e8d00ac0bb5ea2d342293c68c165cecbb3f3ebf5f6	10cb1e5772c7afb0	Classical.choice,Quot.sound,propext	∀ (snapshot : Minidregg.Kernel.RealmWellReceiver.Snapshot) (book : Minidregg.Kernel.RealmWellReceiver.BookMaterialized) (semantics : Minidregg.Theory.TypedAuthorization.Digest) (ambient : Minidregg.Kernel.RealmWellReceiver.Ambient) (command : Minidregg.Compiler.RealmWellCodec.Command), (Minidregg.Kernel.RealmWellReceiver.request snapshot book semantics ambient command).target = { value := command.target } ∧ (Minidregg.Kernel.RealmWellReceiver.request snapshot book semantics ambient command).verb = command.verb ∧ (Minidregg.Kernel.RealmWellReceiver.request snapshot book semantics ambient command).policyId = { value := command.target } ∧ (Minidregg.Kernel.RealmWellReceiver.request snapshot book semantics ambient command).subject = command.subject
def	Minidregg.Kernel.RealmWellReceiver.requireSome	6c5a6e91744549b68f6f337fe9d1d308aec2b530ba8ac73bfec04e3805b0b1f8	7734ef41dbe44848f38417d78a616b45ad9ab97819d953a1cbc154014cffb2e5	7705383bd6ea5c3fb08ec3171ba3a9ff3b1683d2c228c0d70edcfadc6565dd68	f840a77a36ad06e2	-	{A : Type} → Minidregg.Kernel.RealmWellReceiver.Reject → Option A → Except Minidregg.Kernel.RealmWellReceiver.Reject A
theorem	Minidregg.Kernel.RealmWellReceiver.signature_mode_refuted	aaab76f5f1c8adf6fad6e10f319b3723af5b635d696835b21d44b74acd85523b	00c1f787ad0c4c629393db901414f3a490bce47daa5a1bed4d5e2da482a464b4	10430d770ab5bcc39c02f18e380c9cefd25dc31659f046a9f1711b0ccfc68b86	7f0c064c94ba8ecf	Classical.choice,Quot.sound,propext	∀ {F : Type} [inst : Field F] {deployment : Minidregg.Kernel.RealmWellReceiver.Deployment} {profile : Minidregg.Compiler.CanonicalRuntimeProfile.Profile F} {ambient : Minidregg.Kernel.RealmWellReceiver.Ambient} {durable : Minidregg.Kernel.RealmWellReceiver.Durable} {command : Minidregg.Compiler.RealmWellCodec.Command} [inst_1 : DecidableEq F] (prepared : Minidregg.Kernel.RealmWellReceiver.Prepared deployment profile ambient durable command), IsEmpty (Minidregg.Kernel.RealmWellReceiver.policyConfig prepared).portal.SignatureWitness ∧ IsEmpty (Minidregg.Kernel.RealmWellReceiver.policyConfig prepared).portal.ProofWitness
def	Minidregg.Kernel.RealmWellReceiver.signingHeader	26f8bf17c30cf26e5bf8638e94841ea88b8eb7ba2ee502a50e58d794e6f34379	6a4836333223998d5637fb041317761cabd9bdfe45bf4d713b989fda6c302ef0	2799e9216aab5f382bbf01c78ea12ff051a83f1e8bb550646d5521014b0b997c	382060ea2c94a23c	Classical.choice,Quot.sound,propext	{F : Type} → [inst : Field F] → Minidregg.Kernel.RealmWellReceiver.Deployment → Minidregg.Compiler.CanonicalRuntimeProfile.Profile F → Minidregg.Kernel.RealmWellReceiver.Ambient → Minidregg.Kernel.RealmWellReceiver.Durable → Minidregg.Compiler.RealmWellCodec.Command → Except String Minidregg.Kernel.CredentialSignedEnvelopeController.SignedHeader
def	Minidregg.Kernel.RealmWellReceiver.sourceStore	07ee25e8d30779770903e71bbb4709cd51cf211fa07a52901a9f5391553bff57	b10c5abfba6124084d289fd640155698aaf279e4c7e82434c20b8c4c02392e46	72079cd2f42a5f97583ce856e416482eaefeee61437ef9d0abb528cc2fd28817	0ac30247d482256d	Classical.choice,Quot.sound,propext	{F : Type} → [inst : Field F] → {deployment : Minidregg.Kernel.RealmWellReceiver.Deployment} → {profile : Minidregg.Compiler.CanonicalRuntimeProfile.Profile F} → {ambient : Minidregg.Kernel.RealmWellReceiver.Ambient} → {durable : Minidregg.Kernel.RealmWellReceiver.Durable} → {command : Minidregg.Compiler.RealmWellCodec.Command} → Minidregg.Kernel.RealmWellReceiver.Prepared deployment profile ambient durable command → Minidregg.Kernel.CanonicalPolicyRegistry.PayloadStore
def	Minidregg.Kernel.RealmWellReceiver.step	e7d596b0d9515fc9823e1ca83b65228123d5888f9e7e9618bab569d7a59a57ad	268039da8626e7145e0af4c45f62b48ecc663e6b6a6440fefed1c400025ba776	5791f7e5f7655c4cc9d4965c71ccd5490243ef3bc9e528742054565aaff159bd	77e0f6d3e4096837	Classical.choice,Quot.sound,propext	{F : Type} → [inst : Field F] → {deployment : Minidregg.Kernel.RealmWellReceiver.Deployment} → {profile : Minidregg.Compiler.CanonicalRuntimeProfile.Profile F} → {ambient : Minidregg.Kernel.RealmWellReceiver.Ambient} → {durable : Minidregg.Kernel.RealmWellReceiver.Durable} → {command : Minidregg.Compiler.RealmWellCodec.Command} → Minidregg.Kernel.RealmWellReceiver.Prepared deployment profile ambient durable command → Minidregg.Compiler.CanonicalPolicyAdmission.PolicyStepContext
def	Minidregg.Kernel.RealmWellReceiver.transactionId	6f3a06ee17d0b0bd852bd5ea18e3a41d94749cd91e234f257088e94171d99aa2	80bb76ce685a25f31224fbc3323eab05c02030b29e2e85d3e79527f7652392f7	3446356d8b18adf5bd885c1c4cb89d1756fa4db09b7c952ea83cbc87980a2e33	b3cf88105a4cccb5	Classical.choice,Quot.sound,propext	Minidregg.Theory.TypedAuthorization.Digest → Minidregg.Theory.TypedAuthorization.Digest → Minidregg.Kernel.RealmWellReceiver.DecodedIngress → Minidregg.Theory.TypedAuthorization.Digest
theorem	Minidregg.Kernel.RealmWellReceiver.well_burn_requires_balance	ae617c858f9f920ff92955bb4a7c49f5e332e8e66efdf74d3465abf523e0b7b7	dd0e3e724a80b9517d6ba6d7257058d7b0885061b7a6aaaa24d34d32184c9af3	b5ee95cef1119279f1918b5337c7c0f83fb7d4c764a14081c2ffb2435bdc8244	b7f5f2c6ea32cc18	Classical.choice,Quot.sound,propext	∀ {book : Minidregg.Theory.CanonicalResourceKernel.Book} {realmOf : ℕ → Option ℕ} {credit : Minidregg.Theory.CanonicalResourceKernel.AssetId} {command : Minidregg.Compiler.RealmWellCodec.Command} {plan : Minidregg.Kernel.RealmWellReceiver.Plan}, Minidregg.Kernel.RealmWellReceiver.decideWell book realmOf credit command = Except.ok plan → command.op = Minidregg.Compiler.RealmWellCodec.WellOp.burn → Int.ofNat command.amount ≤ book.balance command.account command.well
theorem	Minidregg.Kernel.RealmWellReceiver.well_command_requires_grant_and_law	b76ab689f7e956f78cc1531e11211c349d2f2c6c47b00c0145c3065f1d41478a	0bc2a4d63988440452593bf65062c20ba8b0d8cca486cea48588bca081bbc387	1b538bf766552e97aa094d960fdfa85cd76be112423841e069f3b72cc3881173	7228e754193fa8ae	Classical.choice,Quot.sound,propext	∀ {F : Type} [inst : Field F] {deployment : Minidregg.Kernel.RealmWellReceiver.Deployment} {profile : Minidregg.Compiler.CanonicalRuntimeProfile.Profile F} {ambient : Minidregg.Kernel.RealmWellReceiver.Ambient} {durable : Minidregg.Kernel.RealmWellReceiver.Durable} {command : Minidregg.Compiler.RealmWellCodec.Command} [inst_1 : DecidableEq F] (prepared : Minidregg.Kernel.RealmWellReceiver.Prepared deployment profile ambient durable command) (semantic : prepared.SemanticAccepted), prepared.wanted.target = { value := command.target } ∧ prepared.wanted.verb = command.verb ∧ prepared.wanted.policyId = { value := command.target } ∧ (∃ cap commitment, semantic.authorization.evidence.capabilityValue = Option.some (cap, commitment) ∧ cap.Admissible prepared.authority.snapshot.authState prepared.wanted) ∧ (Minidregg.Kernel.RealmWellReceiver.policyConfig prepared).portal.verifyCommittedPolicy (prepared.authority.snapshot.authState.policyAddress prepared.wanted.policyId prepared.wanted.policyRevision) prepared.wanted semantic.authorization.policyWitness = Bool.true
theorem	Minidregg.Kernel.RealmWellReceiver.well_mint_requires_grant_and_law	13fb2ba1446b9874b666065f6420117e0be49309f236d32468902a329e16002b	e533074edadf780cba3a5198ab23fedbb07ea51de3b14cbc02f8d73fbf71dce6	abcf4a077b399d346b345622cd0e2db6b16c4e813ba23a0aa9fb6c112ce7bd9c	b27e8c56fe815137	Classical.choice,Quot.sound,propext	∀ {F : Type} [inst : Field F] {deployment : Minidregg.Kernel.RealmWellReceiver.Deployment} {profile : Minidregg.Compiler.CanonicalRuntimeProfile.Profile F} {ambient : Minidregg.Kernel.RealmWellReceiver.Ambient} {durable : Minidregg.Kernel.RealmWellReceiver.Durable} {command : Minidregg.Compiler.RealmWellCodec.Command} [inst_1 : DecidableEq F] (prepared : Minidregg.Kernel.RealmWellReceiver.Prepared deployment profile ambient durable command) (semantic : prepared.SemanticAccepted), command.op = Minidregg.Compiler.RealmWellCodec.WellOp.mint → prepared.wanted.target = { value := command.well } ∧ prepared.wanted.verb = Minidregg.Theory.TypedAuthorization.Verb.mintAsset ∧ prepared.wanted.policyId = { value := command.well } ∧ (∃ cap commitment, semantic.authorization.evidence.capabilityValue = Option.some (cap, commitment) ∧ cap.Admissible prepared.authority.snapshot.authState prepared.wanted ∧ Minidregg.Theory.TypedAuthorization.Verb.mintAsset ∈ cap.scope.verbs) ∧ (Minidregg.Kernel.RealmWellReceiver.policyConfig prepared).portal.verifyCommittedPolicy (prepared.authority.snapshot.authState.policyAddress { value := command.well } prepared.wanted.policyRevision) prepared.wanted semantic.authorization.policyWitness = Bool.true
theorem	Minidregg.Kernel.RealmWellReceiver.well_step	5cf923b3e4f66d3faf975bd47867452a92eae6620b819f822ea47613e9711f25	9e97307be77fd61354077db2ed446eab75553a6f583d14d10521d0f0de281b8b	b671772a2e219877fb325bb1b26e01f8379f539c56df94cb1773c366a1127191	56b1568236371281	Classical.choice,Quot.sound,propext	∀ (plan : Minidregg.Kernel.RealmWellReceiver.Plan), plan.account ≠ plan.asset → ∀ (book : Minidregg.Theory.CanonicalResourceKernel.Book) (asset : Minidregg.Theory.CanonicalResourceKernel.AssetId), -(plan.batch.apply book).balance asset asset = (-book.balance asset asset + if plan.asset = asset ∧ plan.op = Minidregg.Compiler.RealmWellCodec.WellOp.mint then Int.ofNat plan.amount else 0) - if plan.asset = asset ∧ plan.op = Minidregg.Compiler.RealmWellCodec.WellOp.burn then Int.ofNat plan.amount else 0
theorem	Minidregg.Kernel.RealmWellReceiver.well_tracks_mints	6fed91270450aeb9808481ce239f8fbb5187c1625bbcd69d18375aa76948b94d	e1810508c881bb8a79a4dae675f59d0c103043532eb02de3b9886c270493eeda	39c19839a96469cf98c55fb01f908ad9a9951ad869b5e5ba970e0fd039421566	e2f0d39a76e07b46	Classical.choice,Quot.sound,propext	∀ {initial final : Minidregg.Theory.CanonicalResourceKernel.Book} {log : List Minidregg.Kernel.RealmWellReceiver.Plan}, Minidregg.Kernel.RealmWellReceiver.AcceptedLog initial log final → ∀ (asset : Minidregg.Theory.CanonicalResourceKernel.AssetId), -final.balance asset asset = -initial.balance asset asset + Minidregg.Kernel.RealmWellReceiver.minted asset log - Minidregg.Kernel.RealmWellReceiver.burned asset log
def	Minidregg.Kernel.RealmWellReceiver.writes	8b75784dc5d3fbe61c6d3b34c37a295b2bb389b99c3e73045c0a0cb6d566c731	1dfa1e91f280c0638306cc67d51e53a14ef23476a930722cbb73a92a89af21ff	058b76f51d2092ab1cc92d4a32594fc1e3de017f243c187e1ae946c182e31424	b7c3f87afd4b1869	Classical.choice,Quot.sound,propext	{F : Type} → [inst : Field F] → {deployment : Minidregg.Kernel.RealmWellReceiver.Deployment} → {profile : Minidregg.Compiler.CanonicalRuntimeProfile.Profile F} → {ambient : Minidregg.Kernel.RealmWellReceiver.Ambient} → {durable : Minidregg.Kernel.RealmWellReceiver.Durable} → {command : Minidregg.Compiler.RealmWellCodec.Command} → Minidregg.Kernel.RealmWellReceiver.Prepared deployment profile ambient durable command → List Minidregg.Kernel.DurableDataIntent.DataWrite
ctor	private Minidregg.Kernel.RealmWellReceiver.Accepted.mk @Kernel.RealmWellReceiver	44cefd5089772b5648a28bf86ff78e3a8d0461a6a483909200a986cfe2cf8556	c1dede1f002ea6603670d6466e18ea3439c941d20c4411b5665e8507ec545625	07c164ab02b484417a58c64890fad0f932cfe1a13b0cc8e6d2cc769458b75895	6f2c3fabe3f51752		{F : Type} → [inst : Field F] → {deployment : Minidregg.Kernel.RealmWellReceiver.Deployment} → {profile : Minidregg.Compiler.CanonicalRuntimeProfile.Profile F} → {ambient : Minidregg.Kernel.RealmWellReceiver.Ambient} → {durable : Minidregg.Kernel.RealmWellReceiver.Durable} → {command : Minidregg.Compiler.RealmWellCodec.Command} → [inst_1 : DecidableEq F] → {prepared : Minidregg.Kernel.RealmWellReceiver.Prepared deployment profile ambient durable command} → {ingress : Minidregg.Compiler.RealmWellCodec.Ingress} → (receipt : Minidregg.Compiler.CredentialSignatureAdmission.CheckedSignature prepared.authority.snapshot) → receipt.envelopeBytes = ingress.envelope → prepared.SemanticAccepted → Minidregg.Kernel.RealmWellReceiver.Accepted prepared ingress
ctor	private Minidregg.Kernel.RealmWellReceiver.AcceptedWell.mk @Kernel.RealmWellReceiver	06c94b2e6d20abbbf109487f43775df559db80a9f0991efa8828474f469f2578	1f33800812e29c2078e0c6cdc623448f4196f5e50ac455e63d6c715ef9024ca6	1f9b7f6daaec7fb75ba92904bf25aa450ca9698c9588ad13b3717f046e15dd1c	a674e474f8716d90		{F : Type} → [inst : Field F] → [inst_1 : DecidableEq F] → {deployment : Minidregg.Kernel.RealmWellReceiver.Deployment} → {profile : Minidregg.Compiler.CanonicalRuntimeProfile.Profile F} → {ambient : Minidregg.Kernel.RealmWellReceiver.Ambient} → {durable : Minidregg.Kernel.RealmWellReceiver.Durable} → {ingress : Minidregg.Kernel.RealmWellReceiver.DecodedIngress} → (prepared : Minidregg.Kernel.RealmWellReceiver.Prepared deployment profile ambient durable ingress.command) → Minidregg.Kernel.RealmWellReceiver.Accepted prepared ingress.ingress → Minidregg.Kernel.RealmWellReceiver.PhysicalShape prepared → Minidregg.Kernel.RealmWellReceiver.AcceptedWell deployment profile ambient durable ingress
ctor	private Minidregg.Kernel.RealmWellReceiver.DecodedIngress.mk @Kernel.RealmWellReceiver	074ccaa8ba0456f0661bfa047856622792400b80b3c63ba29699278fabf80bfc	862330ac17dcc5c3a1bdcaefd9713f229b548cc375d576d783b2ff2be96d1dac	826f4507b9e46fc5f8fa0c48c1e18a365d55f16778acfba08faba556685b795c	db09d3816e277f68		(ingress : Minidregg.Compiler.RealmWellCodec.Ingress) → (command : Minidregg.Compiler.RealmWellCodec.Command) → Minidregg.Compiler.RealmWellCodec.commandCodec.encode command = ingress.commandBytes → (envelope : Minidregg.Kernel.CredentialSignedEnvelopeController.SignedEnvelope) → Minidregg.Compiler.CredentialSignatureAdmission.canonicalEnvelopeCodec.decode ingress.envelope = Option.some envelope → Minidregg.Kernel.RealmWellReceiver.DecodedIngress
ctor	private Minidregg.Kernel.RealmWellReceiver.Prepared.mk @Kernel.RealmWellReceiver	55bbf46627c5045877d239c3078165b27b834e48e98a74be89cbbf1085c1cffe	49e6925d5b5858ef53a7243458d7289f096f12e67110786a24ad8c3ddf5ba099	07480f478068c65c824a101b15a8a6764481a2de28d891518bee09d4f148d58d	21726c1a39024940		{F : Type} → [inst : Field F] → {deployment : Minidregg.Kernel.RealmWellReceiver.Deployment} → {profile : Minidregg.Compiler.CanonicalRuntimeProfile.Profile F} → {ambient : Minidregg.Kernel.RealmWellReceiver.Ambient} → {durable : Minidregg.Kernel.RealmWellReceiver.Durable} → {command : Minidregg.Compiler.RealmWellCodec.Command} → (directory : Minidregg.Compiler.CredentialAuthorityDomainReceiver.LoadedDirectory durable) → (authority : Minidregg.Compiler.CredentialAuthorityDomainReceiver.Loaded deployment durable.snapshot) → (book : Minidregg.Kernel.RealmWellReceiver.BookCell deployment directory.directory) → (plan : Minidregg.Kernel.RealmWellReceiver.Plan) → Minidregg.Kernel.RealmWellReceiver.decideWell (Minidregg.Kernel.RealmWellReceiver.bookOf book) authority.snapshot.authState.parent.parentOf ambient.credit command = Except.ok plan → Minidregg.Theory.PolicyInstall.Candidate (Minidregg.Kernel.RealmWellReceiver.family authority.snapshot book.payload profile.semantics ambient command plan) book.payload (Minidregg.Kernel.RealmWellReceiver.declaration authority.snapshot.domain profile.semantics command) () → Minidregg.Compiler.CanonicalCellRegistry.LoadedPolicySource authority.snapshot.domain directory.directory (authority.snapshot.authState.policyAddress { value := command.target } (authority.snapshot.authState.policyRevision { value := command.target })) → Minidregg.Kernel.RealmWellReceiver.Prepared deployment profile ambient durable command
