# Kernel.ResourceTransaction: Objective contract manifest. Written by `scripts/check-objective-proofs.sh proofs --pin`;
# a removed or changed row needs a line in scripts/gates/objective-contract-changes.txt.
def	Minidregg.Kernel.DeclaredResourceController.Ambient	009ee014e792f7c5e9a06061a7237f39ef74b1e8b43a8bdc61bbfd625e1a4dd8	89855d392aa192071e8a2b2230d30ecae8fc9de0c15fa6a53f6209226829292a	bb6c79aafcddb00a37e7175244a1b8297be8ef46221fe0bd69428fd23e148904	161e0e2735e9c5d2	-	Type
def	Minidregg.Kernel.DeclaredResourceController.AuthoritySnapshot	90291bcf4b8e3cad75d619e7e5ff637c9929fc56d4f205f5285a33165b66d5dd	89855d392aa192071e8a2b2230d30ecae8fc9de0c15fa6a53f6209226829292a	de1a1abce9489424fa48fe438a7e94d24289035e8202fe2593479dc2a1db61c5	f046ec6127898f26	Classical.choice,Quot.sound,propext	Type
inductive	Minidregg.Kernel.DeclaredResourceController.CheckedRun	119fa1fb7e1dd6116ea81cfce77401651e44f5961331bdb4d38dea9a6f01965e	16946b93ac38405660f51e475eb5aa7d25b54f5e5677e0f6a10a4526cc071cbf	5a781a5f7acbb1b2dd06ac6fef926ac8627b9356980cac8fc3130ec5f3ccfaad	b10457962e0c01e3		Type
def	Minidregg.Kernel.DeclaredResourceController.CheckedRun.claim	09a89ce02a00e39a354a44ca4b1c0a262c917efb9b7c17eb1223098cb5ea9f5f	8cca26bc5eac3eef5d363a22863e6e0ec439c34ce504421312ece75fca7b7729	49710489d5c1d191e4cb53eece91ed794ee0eed4809057f40364c9f6dfb84c9e	af2ffc6eade82998	-	Minidregg.Kernel.DeclaredResourceController.CheckedRun → Minidregg.Kernel.Run.RunClaim
def	Minidregg.Kernel.DeclaredResourceController.CheckedRun.evaluator	20566e0c5afd4a53ac3045f1530694585ac64bcec99c05510c0ec05974fa9cb7	a8dc54165b7f155f676ffa8ec69720b02d3ecf177d4d0dd226eeae6667158ef0	b2dd75b324ac929ea53b3af8dc66abc8ec97915c85a2bfdb7d3354dd9462d903	120f09a482515861	-	Minidregg.Kernel.DeclaredResourceController.CheckedRun → Minidregg.Theory.TypedAuthorization.Digest
def	Minidregg.Kernel.DeclaredResourceController.CheckedRun.fuel	3508864dab0446ffa224d8ea3de08e8da9bc8e371d561c20a990ab913bfdc3eb	0adc528a62188a5afc72487193614119902ea2e613eb00b0d72efb286a9fc453	0c968b37d69df68078cdefef4647c2ae94e83715d1f1c795e1eb668fc9087c13	35264fdfdd4a8428	-	Minidregg.Kernel.DeclaredResourceController.CheckedRun → ℕ
ctor	Minidregg.Kernel.DeclaredResourceController.CheckedRun.mk	d3ea27c469040ccd913fb04e5704c0037e88f1058ecb04f414153c9770b98d5d	0c4ca803f47c654802c7e469e7b472d2251e9e93d0280389552199dc94d7cb91	40a02ae4caec86bea1a024cdef4ef12b93c4da65d0b80c4f62982ab3dd3d2e31	0e373a44cd489288		Minidregg.Kernel.Run.RunClaim → Minidregg.Theory.TypedAuthorization.Digest → ℕ → Minidregg.Kernel.Run.Accepted → Minidregg.Kernel.DeclaredResourceController.CheckedRun
def	Minidregg.Kernel.DeclaredResourceController.CheckedRun.verdict	9d0e97eb6e06bc3b0bfbc3a3582ab0588dc9e31801f679ee579dcfb07db2b7dc	fad8296b0b52142ee82d2452bfb7d806d1248f7bd2f73f891e9bc68975cc2d27	44634a44e9f369589cf900a291e0e193243e9425ae9c05a9c4851d939e384e0d	cbec38d15944ee15	-	Minidregg.Kernel.DeclaredResourceController.CheckedRun → Minidregg.Kernel.Run.Accepted
inductive	Minidregg.Kernel.DeclaredResourceController.Command	b1b197b032d3f344bf06326f1dea84f87646f97aab2033aa90d06b8517728b10	16946b93ac38405660f51e475eb5aa7d25b54f5e5677e0f6a10a4526cc071cbf	d9670810f3b04be6235877c09554f667d6c72a5b3051fa32be698e20e18002b3	425df23d8f5994f0		Type
def	Minidregg.Kernel.DeclaredResourceController.Command.TargetsValid	f7b39ec24cde339aebf480be15afd745725120fa3aee35afa704d9b5e81e1f1f	da91e4d475bd9cfaa04ef49b395c407b5e9cf8b4f46346135af38d671c23f981	856b9959d9497de5f3774b2af447d960e1330f24bcbe7d9f1ade87a7166c227a	bb1c980493507ffd	Quot.sound,propext	Minidregg.Kernel.DeclaredResourceController.Command → Prop := fun command => command.targets ≠ [] ∧ (List.map Minidregg.Kernel.DeclaredResourceController.Target.target command.targets).Nodup
def	Minidregg.Kernel.DeclaredResourceController.Command.body	101512283bf2ac72db1a5d78074b9475b475653033239725083b5008b97e00be	0b28219d44b20e500c2df9cda25f60fa59af43a4f8c95995ba2ffaf018c3e07a	20621ba9de33aa4a8c1904364f575555f0e691214e86540e86001304e40c5721	7fa8cc4ae9230018	Quot.sound,propext	Minidregg.Kernel.DeclaredResourceController.Command → Minidregg.Kernel.DeclaredResourceController.CommandBody
def	Minidregg.Kernel.DeclaredResourceController.Command.bodyBytes	67a250f8a5bc9b7173b4bf20b4942a1073c503a462cb0d095310dfe96c9dc8fc	cc92d036f7daa3a0741ee3c719b3bd409e4c6b1f07d53fd31c5c8f92cfbaadb4	e8260950a2ca0bfad57d26d6f1e9461933c3c2cb322cc39619f5e460f6c4f456	42fa5419bc1c5651	Classical.choice,Quot.sound,propext	Minidregg.Kernel.DeclaredResourceController.Command → List UInt8
def	Minidregg.Kernel.DeclaredResourceController.Command.family	e2b6863e3de254397c76692091ba9741a0df81c5bcd0e664fdd5852b0ca7cab0	01a612beb75c491a8ae8999dce4d39d22ff6aab84f21476745e5b728adb167a5	457c88cd7049909ae5d5c2785ec70b9ff65a04283bd4b441c68582bc6ae670d3	98bd8d8d3e03d5f6	Quot.sound,propext	Minidregg.Kernel.DeclaredResourceController.Command → Option Minidregg.Compiler.NativeInvocationStatement.Family
def	Minidregg.Kernel.DeclaredResourceController.Command.first	28187637c03c8f7daca868cddc1f4dce7123106506273fe38473e8ed7c3c7ac1	6af9255793b4ea940716fc6765a120d47107a62ba54cac801f788ad608501ec6	bf9082b28c3b553cb86525c6a0acb6aa196565c85712586b427bc163d35f07da	2b71e3be711fbb8e	Quot.sound,propext	Minidregg.Kernel.DeclaredResourceController.Command → Minidregg.Kernel.DeclaredResourceController.Target
ctor	Minidregg.Kernel.DeclaredResourceController.Command.mk	f31b87df20fde71284ab0a12d790e57a9dc0055167eccf9be7ed20ade0625a47	65e4f944ec4df71d3d15dd730af313c1e7c5cd3d2e31f95cf147224e4457136a	1d4485c3e5754844220c6d7a923609a88bbb4399db1f8e76e040354cbdfd1f56	f96e4a43a3013842		Minidregg.Theory.TypedAuthorization.SubjectId → ℕ → List Minidregg.Kernel.DeclaredResourceController.Target → Option Minidregg.Kernel.Run.RunClaim → Option Minidregg.Compiler.NativeInvocationStatement.Family → Minidregg.Kernel.DeclaredResourceController.Command
def	Minidregg.Kernel.DeclaredResourceController.Command.nonce	fe4b21cafd03a78cec40ef693fdfbc949e750760fee3a8cdb607c2ce8726661e	edbdefa09f1d6ff1d2b57558ed36554f43d7fe36791086926d343ae59d7d3ae5	9f11464ad15be6173919672a13b45733ab976e65b19cbb79c9ebbe565e4b1f48	b4c6370ef370824e	Quot.sound,propext	Minidregg.Kernel.DeclaredResourceController.Command → ℕ
def	Minidregg.Kernel.DeclaredResourceController.Command.objectiveClaim	80795671c8597c1db9361e1820e3cf1d3096b0919ee8339187df4734506d4ca0	810a86fbb5f5825054acf5a0333b648ecc3df19ab1adba541aecd3bd6645e33f	6621a8795108f2bb80911237948569f7a628eb94aaf6bdc1375be17e8e55f52d	fcc6906a8dc559f6	Classical.choice,Quot.sound,propext	Minidregg.Kernel.DeclaredResourceController.Command → Except Minidregg.Kernel.DeclaredResourceController.Reject (Option Minidregg.Compiler.ObjectiveInvocationClaim.Claim)
def	Minidregg.Kernel.DeclaredResourceController.Command.ofBody	88b2746f257bc897fc0ec93134548362be38eb3dac7bc269d061f7a97f5320ab	cd9485417fb439cebc1b4d1ec97a9a9dceb00745f0cc929103a045ada9e99c84	f62d7a1cf729917eff1e6da2cd1e4a3c6219d446236f4a52502a179ba8278acd	5854c96c7afd6375	Quot.sound,propext	Minidregg.Kernel.DeclaredResourceController.CommandBody → optParam (Option Minidregg.Compiler.NativeInvocationStatement.Family) Option.none → Minidregg.Kernel.DeclaredResourceController.Command
def	Minidregg.Kernel.DeclaredResourceController.Command.requiresObservation	def9dafd507bdfa0346f5ed64faa5949d0e5588bd96ab5ef9c9c7ad2808fbe57	094313c52dbfe08f35a655f9682aafba7b83066e57218647b42349052f8a8644	eacf258307520aac505839ceae0a2e35fdb13e41fd95969051102f530fb05e51	58f20d69eefff4c8	Quot.sound,propext	Minidregg.Kernel.DeclaredResourceController.Command → Bool
def	Minidregg.Kernel.DeclaredResourceController.Command.run	f18e8aa2b4d1c8fd4e2be2ff447b11265ae83d14e62ebb2082cfb5205140bc13	987057554f21e7477e9539e895ac207c64f3685607042b1fec24a129682be015	c4caf898a91dcef5826dad0329c23ed15d1766d79e30dd8afd1366ee1c065ed2	9d39fbae9cda3769	Quot.sound,propext	Minidregg.Kernel.DeclaredResourceController.Command → Option Minidregg.Kernel.Run.RunClaim
def	Minidregg.Kernel.DeclaredResourceController.Command.subject	eda8d4a6297e48bac781c6f7a396c3a3a67fc0b604556d4c964fa172fce343de	0f924562d69be32440af4de02dba603484c6d2eec08be81810d7f320e15218d8	b39bc5c8f7cd51025ba3165562c6ede28506cf59480ff39269ff3489b2fe2e06	76d79ebb2e3e19ed	Quot.sound,propext	Minidregg.Kernel.DeclaredResourceController.Command → Minidregg.Theory.TypedAuthorization.SubjectId
def	Minidregg.Kernel.DeclaredResourceController.Command.targets	c037346abda0e145827c0e03ccc0a3f3375c1d76f76a52647a27e6ef1dcbee5f	26170a652a34e3cff106fba20adfba55b62cd74a627b1deaf8be4df33198811f	a7a2516e494e0c0438eec586ca6c83c2640fafc0fb0b5542d26954c0d775b44e	c4d70cd4cfe9de5f	Quot.sound,propext	Minidregg.Kernel.DeclaredResourceController.Command → List Minidregg.Kernel.DeclaredResourceController.Target
def	Minidregg.Kernel.DeclaredResourceController.Command.targetsWellFormed	21279376062a5c228abeb7ab5bda128b96278953e4fd1492690319753c22af5e	094313c52dbfe08f35a655f9682aafba7b83066e57218647b42349052f8a8644	2660dc65ed8daa9075d9b665f8156a8c1d1e541bd55ba1ac0fd69c93265ded89	6e06e81c77a57402	Quot.sound,propext	Minidregg.Kernel.DeclaredResourceController.Command → Bool
theorem	Minidregg.Kernel.DeclaredResourceController.Command.targetsWellFormed_iff	97bd6a589c3caedef58bf8337105018e51696479052abb4e9b4ec2e93b84d737	a2276f653eee9c1c1bb2fb1019f0073b6ed825ff70c0867fc25d5b8c479169d5	bc7fa7070dbfcadd47a5c1316356c7ca1c9dace73ede8767e252653b666bf851	a66155a4870037c7	Quot.sound,propext	∀ (command : Minidregg.Kernel.DeclaredResourceController.Command), command.targetsWellFormed = Bool.true ↔ command.TargetsValid
def	Minidregg.Kernel.DeclaredResourceController.Command.writesSome	931ab94679318a62e248f4bb4cc332703603cc4a35c9b8aeb634a63f66813fdf	094313c52dbfe08f35a655f9682aafba7b83066e57218647b42349052f8a8644	d7621c9e54ffc83376c32808e4f6034b6c2059184b56f7c964ebc2f5892598b0	ed9e15ab10a427b9	Quot.sound,propext	Minidregg.Kernel.DeclaredResourceController.Command → Bool
def	Minidregg.Kernel.DeclaredResourceController.CommandBody	df5b51effc3d293d6aaba24338b21e61c30421c09b206c2cc9c04458b32978b2	89855d392aa192071e8a2b2230d30ecae8fc9de0c15fa6a53f6209226829292a	9d0a1862d56014cea5e1dd508f578165bb027deacde7c89db734a2705b083144	3431063f1b77a152	Quot.sound,propext	Type
def	Minidregg.Kernel.DeclaredResourceController.ComputeFunding	cf6f496ed3c36cc99caa210c71d2b66050d41492d09696d92004420c52b87f10	89855d392aa192071e8a2b2230d30ecae8fc9de0c15fa6a53f6209226829292a	e537ea36ddd4834f5f220687d645e58e5294b70359d47b786aee2f18722f9abf	11af9d4c068a6025	-	Type
def	Minidregg.Kernel.DeclaredResourceController.Deployment	70131b41c93fe496da8a839320e24868dc7369792ac3126950f137d9b321a574	89855d392aa192071e8a2b2230d30ecae8fc9de0c15fa6a53f6209226829292a	9f811d6b505b7045f607fdca53c5c275c757c5a4252b7463fdf1ee6ba5b3eb5d	8a1d1d9935af54c3	-	Type
def	Minidregg.Kernel.DeclaredResourceController.Durable	808402f76aa7b645370482e145346274f3310f7569310bb734a5a0d267fd299b	89855d392aa192071e8a2b2230d30ecae8fc9de0c15fa6a53f6209226829292a	9f07165c5efe6caa1f94bf7b0da013805d1d9269f91873addff47c8386677357	fb6452717d283c3b	Classical.choice,Quot.sound,propext	Type
def	Minidregg.Kernel.DeclaredResourceController.Ground	7f89cd870f5474fc73763ba1984b4d004531d9b53e2638ab50daa7b8aff0d708	42f1d5a5b2d2b5daaa31c858c2d4fb759f1b45605f18e6fc7b72437b86c8e1b9	2cd3963ffb11a08c675f57954329472e0c7e303c2fd158462f22317788868822	e85450243aedf841	Classical.choice,Quot.sound,propext	Minidregg.Kernel.DeclaredResourceController.Deployment → Type
def	Minidregg.Kernel.DeclaredResourceController.Incidence	f1428799dbb17d93e122da0ea182deaa65460a308da43b8f0cbd74202b6c9a79	41bfee4618e7c5b3bad41fc47043bd8bfe5ed4fffdc7a3275f037dd90c8d37b8	2247723b99f36aa1122b3ae6f088f341eb8ea785103993d77b6a548ff2d26312	894c63afb5273d4b	Quot.sound,propext	Minidregg.Kernel.DeclaredResourceController.Command → Type
inductive	Minidregg.Kernel.DeclaredResourceController.MarkerMode	1c661c27c5b512f5349294509988aabc4e908152863954a543020876f4c249fa	ba2a46ce5243fd7b47765479e1cf4e78694a946e703e8f02fb637175e61cdaa1	0cd701874ac52e20a42514e9d3b2d36c41ad0a5d1be6150dd32d78b8fc495b7c	4c0e7829b19940a6		Minidregg.Kernel.DeclaredResourceController.AuthoritySnapshot → Minidregg.Theory.TypedAuthorization.Digest → Minidregg.Kernel.DeclaredResourceController.Command → Type
ctor	Minidregg.Kernel.DeclaredResourceController.MarkerMode.mk	03c9464244e7211da1b19ca5202460119a216c22b928c010977fb36cd5349466	010b58a79e4f93f5230ae3542fdb3320abc932e5736dfcc52413d22478a313ea	1b497d615333347272fa350f9f9568e1b6d65816bcb4ae220170e095f6d58917	18a89d02aac7d3c7		{snapshot : Minidregg.Kernel.DeclaredResourceController.AuthoritySnapshot} → {semantics : Minidregg.Theory.TypedAuthorization.Digest} → {command : Minidregg.Kernel.DeclaredResourceController.Command} → snapshot.spent (Minidregg.Kernel.DeclaredResourceController.operationMarker snapshot.domain semantics command) = Bool.false → Minidregg.Compiler.CredentialAuthorityDomain.Prepared snapshot Minidregg.Kernel.DeclaredResourceController.authorityReadPatch → Minidregg.Kernel.DeclaredResourceController.MarkerMode snapshot semantics command
def	Minidregg.Kernel.DeclaredResourceController.MarkerMode.prepared	173810e4464c37b910c47a4fde243c70bf092f0af493f30a8317217055adcc41	d761eb3fd935063ca64aea07a5ed4dee846ba2e012fe0e68ac672d42926414ce	ede1ce7cc3731f9fcdc3fae3b3535b302b9a2af94be42b1d3bf80103963e52fc	a381a034c9d33014	Classical.choice,Quot.sound,propext	{snapshot : Minidregg.Kernel.DeclaredResourceController.AuthoritySnapshot} → {semantics : Minidregg.Theory.TypedAuthorization.Digest} → {command : Minidregg.Kernel.DeclaredResourceController.Command} → Minidregg.Kernel.DeclaredResourceController.MarkerMode snapshot semantics command → Minidregg.Compiler.CredentialAuthorityDomain.Prepared snapshot Minidregg.Kernel.DeclaredResourceController.authorityReadPatch
theorem	Minidregg.Kernel.DeclaredResourceController.MarkerMode.unused	f804b7459d3c52a2e3f5c6c8685b065fc7c72c94b706f8c1804a974714b4e9ad	42c00c3c433e9e26804714c5ff603b44149d20cc14e20a877319e22a0989716b	dad85be8d1ae9c363db7f390b3c2227b2cfd3634c6ff6f279f5ac86215b45a37	2b03ba654fcdfedc	Classical.choice,Quot.sound,propext	∀ {snapshot : Minidregg.Kernel.DeclaredResourceController.AuthoritySnapshot} {semantics : Minidregg.Theory.TypedAuthorization.Digest} {command : Minidregg.Kernel.DeclaredResourceController.Command} (self : Minidregg.Kernel.DeclaredResourceController.MarkerMode snapshot semantics command), snapshot.spent (Minidregg.Kernel.DeclaredResourceController.operationMarker snapshot.domain semantics command) = Bool.false
def	Minidregg.Kernel.DeclaredResourceController.MoneyConsent	3ac5a9f61eb3c617a3a8470f0b9d417b1a46841948bd17c9968b62cda358a855	89855d392aa192071e8a2b2230d30ecae8fc9de0c15fa6a53f6209226829292a	30fd258838244ddeae27f793dbf1215ed17ea682e1116455bc8e4ce4023e88ff	925b3763320e7b69	-	Type
inductive	Minidregg.Kernel.DeclaredResourceController.Payload	fdc0f31ac51785ed8d68627be0db6efaa642f67a76dc86cdd65d4152e43027e5	16946b93ac38405660f51e475eb5aa7d25b54f5e5677e0f6a10a4526cc071cbf	dfc8664fa2694c4abc6ea2f4f9f6047ee450425153fc827641f21c38d74573ab	346fd3b6d098dca5		Type
ctor	Minidregg.Kernel.DeclaredResourceController.Payload.append	3960af47a915878c11404d7be59f454d876827171abe82524505f6d74000b883	36c30103ffd2c807a443307eba33e2bbb08cde63bec1a68064094107605b3e62	eb19de64bb8378618f8820a8ff0c5f84e4754e5a8c73f647393e25eac21c0352	b906cfae0ac93216		Minidregg.Compiler.StreamCell.Append → Minidregg.Kernel.DeclaredResourceController.Payload
def	Minidregg.Kernel.DeclaredResourceController.Payload.append.elim	b167b6dc9099062b45467617e3346d97a597e5c1de7abdb1017a058209b6a2a6	52ffbd454dbd9a81b438feca2f537755cca3ca600058820bc8d3660116e11617	e92ce7b12185c3c217d6fbb260ee1b2d17ab07680924b57130efee52e5a0bdc0	3e6e0f898aac05f1	Quot.sound,propext	{motive : Minidregg.Kernel.DeclaredResourceController.Payload → Sort u} → (t : Minidregg.Kernel.DeclaredResourceController.Payload) → t.ctorIdx = 2 → ((request : Minidregg.Compiler.StreamCell.Append) → motive (Minidregg.Kernel.DeclaredResourceController.Payload.append request)) → motive t
ctor	Minidregg.Kernel.DeclaredResourceController.Payload.computeFunding	1d2107dfe14dd89da37304e24d8099c56e2fae30cb5bc7af85232d6a0914cdc3	2083c20f362ad1564778da1261eceebc41cc30b405ce01c54d1ff04b989f8e23	dbbe87dbf92905cb19f10bbdfbd80543610c2d715a074de48f1d7096a359467e	a53d0db7db234b10		Minidregg.Kernel.DeclaredResourceController.ComputeFunding → Minidregg.Kernel.DeclaredResourceController.Payload
def	Minidregg.Kernel.DeclaredResourceController.Payload.computeFunding.elim	3ceb25600dcb2d8d01886ef97a2774efc8e270898047463b0ef71066395c5458	f362797984e22c544ddfe345be2ebb8bc514289ced9df1b1717a586a3a7f15af	0a8dd723ed0211f28d0761fa8ba9ae6f2d70dfc951da04c64267cfa99b16912c	c5e443b9c09f9f7d	Quot.sound,propext	{motive : Minidregg.Kernel.DeclaredResourceController.Payload → Sort u} → (t : Minidregg.Kernel.DeclaredResourceController.Payload) → t.ctorIdx = 7 → ((funding : Minidregg.Kernel.DeclaredResourceController.ComputeFunding) → motive (Minidregg.Kernel.DeclaredResourceController.Payload.computeFunding funding)) → motive t
ctor	Minidregg.Kernel.DeclaredResourceController.Payload.content	0917681ac15f2441c8c6ea3dc7a2ce84ac2aa4bf17dec74b39694dcfdfe82f68	62072a2231e8c09a5f4ed8ec41f42f0ab9ce128c6eb2e8dade687f42e83bd5ad	4253cede8813afcbc7604382fdc89099b797285effd1b30d74490cbeab56b2d7	483229326689c01b		Minidregg.Kernel.ContentResource.Command → Minidregg.Kernel.DeclaredResourceController.Payload
def	Minidregg.Kernel.DeclaredResourceController.Payload.content.elim	ffd90cf77e06d28a8ac7b5d3f544d1236f155f2c72859c02ac9ebd568e32c457	abdbc588f79a5cd396ec9d88c359146d98328df927604c33dcbe49bddcf98746	0325775974389cd3fa27b939ab2cdf6d3e32c6c386aa746a8a2e065ecb299142	d5a5e2da5f5c92fa	Quot.sound,propext	{motive : Minidregg.Kernel.DeclaredResourceController.Payload → Sort u} → (t : Minidregg.Kernel.DeclaredResourceController.Payload) → t.ctorIdx = 1 → ((command : Minidregg.Kernel.ContentResource.Command) → motive (Minidregg.Kernel.DeclaredResourceController.Payload.content command)) → motive t
ctor	Minidregg.Kernel.DeclaredResourceController.Payload.kindDefinition	06556888f527f262d924959ab5098b0b936211f3b13d0c829b025bb0e5f9538d	e9eaf0382fc8aa23b99bcefcabaca4a757bc9ce251306eff2f010909fc1e376e	4a5593834a913446a89e20f73fc76de3e32113e320f1a9ee18d7094b01db2d39	64a8ffb6783cc146		Minidregg.Compiler.WorldKindCell.Definition → Minidregg.Kernel.DeclaredResourceController.Payload
def	Minidregg.Kernel.DeclaredResourceController.Payload.kindDefinition.elim	b27de07257611edede834a7eda47da57f6cefbd144e2a896a20a9469e6aef44e	3ea2a212f84fc5458b18cdf0ec0446a852e51ad3cc566ced7eebfff91473caa5	6314c100971228ade1f29d935859091a09ac47f950582192dea7005d26f9496a	ae5ddf0f186323fc	Quot.sound,propext	{motive : Minidregg.Kernel.DeclaredResourceController.Payload → Sort u} → (t : Minidregg.Kernel.DeclaredResourceController.Payload) → t.ctorIdx = 4 → ((definition : Minidregg.Compiler.WorldKindCell.Definition) → motive (Minidregg.Kernel.DeclaredResourceController.Payload.kindDefinition definition)) → motive t
ctor	Minidregg.Kernel.DeclaredResourceController.Payload.kindRead	0599b3768627e6ec8acbec438824d619c2290b878cd24a3412760a0db4ca95fd	037be0c73da7f259ef613f1e63ae1a31c3e6e6732ad846b24c349f0033a4e2bb	f649eae363e7f573f49aefc35e59eef9698f1180659050625cea3ff58674f97e	98eda5cec7b8802e		Minidregg.Kernel.DeclaredResourceController.Payload
def	Minidregg.Kernel.DeclaredResourceController.Payload.kindRead.elim	84ea8db4c1804851f59f4e8f5f66fa1b30aeec9c8dadcfeabb4dc25495fdc5b0	56de96b62ffd6f9294aeb2980b87d999a7de49bee7cfe63cf10f36326d99de13	a1c31d3eaae152282d6e3211240cdb2e6b565fc2c4643a1bf59bcb2183bd3dae	b2a7ed1d11e7112d	Quot.sound,propext	{motive : Minidregg.Kernel.DeclaredResourceController.Payload → Sort u} → (t : Minidregg.Kernel.DeclaredResourceController.Payload) → t.ctorIdx = 6 → motive Minidregg.Kernel.DeclaredResourceController.Payload.kindRead → motive t
ctor	Minidregg.Kernel.DeclaredResourceController.Payload.moneyConsent	9378832018ab505b5b2b593203b7f74167c7380cbe33b9e4726e667a28f2d918	67091dba7108900e16f3bb4850891b35539eec99169838be7a951ba9c24c7d47	1ab3de080ec6355507b1c665db9fac2da9b96d794f083616d4cdac45b3d859b7	7fd459da8ea10d16		Minidregg.Kernel.DeclaredResourceController.MoneyConsent → Minidregg.Kernel.DeclaredResourceController.Payload
def	Minidregg.Kernel.DeclaredResourceController.Payload.moneyConsent.elim	51fc52f3c1acc91b238a58d4b117f1106b18938ed8b9b9af1c5d122f3b973124	216ae3e7bd20acf87800548efc53179226a0e9bd15995435a6c84250e98b8afe	fe3a613349652001f858fa8e514c8e773d50d622a97ded0d0eef6a9bae4393ef	5512c8bf466e1164	Quot.sound,propext	{motive : Minidregg.Kernel.DeclaredResourceController.Payload → Sort u} → (t : Minidregg.Kernel.DeclaredResourceController.Payload) → t.ctorIdx = 8 → ((consent : Minidregg.Kernel.DeclaredResourceController.MoneyConsent) → motive (Minidregg.Kernel.DeclaredResourceController.Payload.moneyConsent consent)) → motive t
ctor	Minidregg.Kernel.DeclaredResourceController.Payload.read	c1e1048fa2cfded5514c68eb4a603f278dd92f5fd31d27e5344bf3ef87a96b4e	037be0c73da7f259ef613f1e63ae1a31c3e6e6732ad846b24c349f0033a4e2bb	b0684f161519683e82a82453cb8bfab5d3cd301e3a08671467c25416aa2cf300	35d2426e928ed7cf		Minidregg.Kernel.DeclaredResourceController.Payload
def	Minidregg.Kernel.DeclaredResourceController.Payload.read.elim	25a6bbcd9f4092ffef352807a2a68f9910417be9405c5aec51a45a243cceeb8c	1544540856343c94eeac2de2fbc3860f3f8d95143af9f23b34e9686c5f016adb	b64f5a2196ae77c36ce93877d817318cd66b902ff1c5d0739e8cfabd05e956c0	df51a914600a291f	Quot.sound,propext	{motive : Minidregg.Kernel.DeclaredResourceController.Payload → Sort u} → (t : Minidregg.Kernel.DeclaredResourceController.Payload) → t.ctorIdx = 5 → motive Minidregg.Kernel.DeclaredResourceController.Payload.read → motive t
ctor	Minidregg.Kernel.DeclaredResourceController.Payload.scalar	2e1e609121a1abe39fc467f31683f5ca4a280506e12bba683ebb9745b4847696	4e1b78a8ab052a5d64826262c566f0d964d5e108db2f1df617bd5d87d3040f4f	c2039a1284d1cc9701df51c6662332d2196df0524e5bc830e7e3b9a018644bfc	5cb14bef26673fd4		List Minidregg.Theory.DeclaredActionLowering.Action → Minidregg.Kernel.DeclaredResourceController.Payload
def	Minidregg.Kernel.DeclaredResourceController.Payload.scalar.elim	fef0653e55b055ec2d119c65c94a0c30ad5090255f196034e4625764e73b0406	ba4c642750db13778d577ecef5485349abb6d7398f43916f1e5a5f6fc9da3365	9ed365e2b6c0020b44f13221af0efd685ef0ca178ae6a180545b97dc1dbc3364	0c45cbb863a52dd5	Quot.sound,propext	{motive : Minidregg.Kernel.DeclaredResourceController.Payload → Sort u} → (t : Minidregg.Kernel.DeclaredResourceController.Payload) → t.ctorIdx = 0 → ((actions : List Minidregg.Theory.DeclaredActionLowering.Action) → motive (Minidregg.Kernel.DeclaredResourceController.Payload.scalar actions)) → motive t
ctor	Minidregg.Kernel.DeclaredResourceController.Payload.world	ec9dbd3849318fd8422ff2793ed8720f2ce4f72ebc11d051115549adcb26cbd1	7c8a0cf51ef657f30e38696fd59258931e548e49e5c0b1828e0f4fe461ba248d	416311a58179825699e7f31bc1ea5b01ed868f7dce31f43883238063e6ebeff3	e4388d390e339fc3		List Minidregg.Kernel.WorldKindInstance.Action → Minidregg.Kernel.DeclaredResourceController.Payload
def	Minidregg.Kernel.DeclaredResourceController.Payload.world.elim	ee1c0f4944d72226ab9f7cca0c4560b6a047cd68371180c6484fd91947ffd279	f47c8b51acc03c168c07683abb9682853b785a2b5cbcf89d7b46260e51bc79db	bf92fc542bb1e3e9f78fb6f079f4c5d8fdb5f8856c3599047e3c38f529a38dd3	56bafef1f817e074	Quot.sound,propext	{motive : Minidregg.Kernel.DeclaredResourceController.Payload → Sort u} → (t : Minidregg.Kernel.DeclaredResourceController.Payload) → t.ctorIdx = 3 → ((actions : List Minidregg.Kernel.WorldKindInstance.Action) → motive (Minidregg.Kernel.DeclaredResourceController.Payload.world actions)) → motive t
def	Minidregg.Kernel.DeclaredResourceController.PreparedInvocation	4763cc7862bbd6bb01395e10371b9bbd0da0cb3ae09dc658d6fac417a0f41880	2099b8aa5e300f01485a6e67f6e5d7249ed162be18b6ce3c57c88e333709d94d	a7c89bfa3789043e766cb6f41aa11b5c5d16d7f57b90e3f4f102bd9ce79a3d28	a36b0480e93bbc50	Classical.choice,Quot.sound,propext	{F : Type} → [inst : Field F] → (deployment : Minidregg.Kernel.DeclaredResourceController.Deployment) → Minidregg.Compiler.CanonicalRuntimeProfile.Profile F → Minidregg.Kernel.DeclaredResourceController.Ambient → Minidregg.Kernel.DeclaredResourceController.Ground deployment → Minidregg.Kernel.DeclaredResourceController.Command → Type
def	Minidregg.Kernel.DeclaredResourceController.PreparedInvocation.authorityPost	fb217b8c375d13f16f9c8314e83036355cafe2e87fbe4e2d69da56e12961bd6c	3f586042661ce177ca7e6cd44846694b688e329f65c8f1d8b544f4bfc27512dc	4ec155eaa9670aa4511cc6c2d66e6b662ddbb7edc5404ee5f454f71ca663267d	331e45042ad1caf5	Classical.choice,Quot.sound,propext	{F : Type} → [inst : Field F] → {deployment : Minidregg.Kernel.DeclaredResourceController.Deployment} → {profile : Minidregg.Compiler.CanonicalRuntimeProfile.Profile F} → {ambient : Minidregg.Kernel.DeclaredResourceController.Ambient} → {ground : Minidregg.Kernel.DeclaredResourceController.Ground deployment} → {command : Minidregg.Kernel.DeclaredResourceController.Command} → Minidregg.Kernel.DeclaredResourceController.PreparedInvocation deployment profile ambient ground command → Minidregg.Compiler.CredentialAuthorityDomain.Cell
theorem	Minidregg.Kernel.DeclaredResourceController.PreparedInvocation.authorityPost_logical	c3e7cb9ecc6cd8a7bb28f95560fe79042ba6f1a5c109add55224ac0707951eff	60ae0fb46aee6455a72817c6cb249ec78a4657abda5a871ab5900773ddabd153	16686d18c1d7db01cc8989189982360ae5b528321af0168a661868f866c3ac97	49d229de6f142b27	Classical.choice,Quot.sound,propext	∀ {F : Type} [inst : Field F] {deployment : Minidregg.Kernel.DeclaredResourceController.Deployment} {profile : Minidregg.Compiler.CanonicalRuntimeProfile.Profile F} {ambient : Minidregg.Kernel.DeclaredResourceController.Ambient} {ground : Minidregg.Kernel.DeclaredResourceController.Ground deployment} {command : Minidregg.Kernel.DeclaredResourceController.Command} (prepared : Minidregg.Kernel.DeclaredResourceController.PreparedInvocation deployment profile ambient ground command), prepared.authorityPost.logical = (Minidregg.Compiler.ServedBasis.Ground.authority ground).logical
theorem	Minidregg.Kernel.DeclaredResourceController.PreparedInvocation.compute_steps_exact	dfaf767806d128e12dcc9b9824b44240adae026eed6e2499597b72947bb121c4	e29c01e89425f7c03b7635ab8b0680672ac934136ddbb2fff655dac9ea3fc949	d402dcd164c3b9a83e28e062c9b681c7e9d8bac9600905ebbced14c001ba858f	152294847b0f93be	Classical.choice,Quot.sound,propext	∀ {F : Type} [inst : Field F] {deployment : Minidregg.Kernel.DeclaredResourceController.Deployment} {profile : Minidregg.Compiler.CanonicalRuntimeProfile.Profile F} {ambient : Minidregg.Kernel.DeclaredResourceController.Ambient} {ground : Minidregg.Kernel.DeclaredResourceController.Ground deployment} {command : Minidregg.Kernel.DeclaredResourceController.Command} (prepared : Minidregg.Kernel.DeclaredResourceController.PreparedInvocation deployment profile ambient ground command) (compute : Minidregg.Kernel.RunComputeBudgetDomain.Prepared deployment (Minidregg.Compiler.ServedBasis.Ground.cells ground) command.subject) (run : Minidregg.Kernel.DeclaredResourceController.CheckedRun), prepared.compute = Option.some compute → prepared.run = Option.some run → compute.steps = run.verdict.steps
theorem	Minidregg.Kernel.DeclaredResourceController.PreparedInvocation.markerSpent_false	e86d51011def6c72135bd012f52d201cc69f2f45ba6ee4ad8be6b370bb6f4069	a0c176fdb3e6a8acbccb21965de990e76ff28e528570c4d54edac89e1ed08cf1	20b24a8f4a7eb1c8cbbd110d49ba423b67297d88b38f7066da3495eaa83dc93f	fa20c8cb5d8959aa	Classical.choice,Quot.sound,propext	∀ {F : Type} [inst : Field F] {deployment : Minidregg.Kernel.DeclaredResourceController.Deployment} {profile : Minidregg.Compiler.CanonicalRuntimeProfile.Profile F} {ambient : Minidregg.Kernel.DeclaredResourceController.Ambient} {ground : Minidregg.Kernel.DeclaredResourceController.Ground deployment} {command : Minidregg.Kernel.DeclaredResourceController.Command} (prepared : Minidregg.Kernel.DeclaredResourceController.PreparedInvocation deployment profile ambient ground command), Minidregg.Compiler.ServedBasis.Ground.markerSpent ground (Minidregg.Kernel.DeclaredResourceController.operationMarker (Minidregg.Compiler.ServedBasis.Ground.authority ground).domain profile.semantics command) = Option.some Bool.false
theorem	Minidregg.Kernel.DeclaredResourceController.PreparedInvocation.run_sound	6f9a443b44f7d0daa046659fddc8819e2c3792f8e6ee4271d77a1d0e755af433	01a7f193ecb94dd4190eac361b583c3dfcf7dfd2c17f5d227bb56e09641d5fca	aaa6c8d802169686a5ef3e06cf917ea31fe5e9ad18ae9f2a1d4207d3764bc073	75e03e4476a792a9	Classical.choice,Quot.sound,propext	∀ {F : Type} [inst : Field F] {deployment : Minidregg.Kernel.DeclaredResourceController.Deployment} {profile : Minidregg.Compiler.CanonicalRuntimeProfile.Profile F} {ambient : Minidregg.Kernel.DeclaredResourceController.Ambient} {ground : Minidregg.Kernel.DeclaredResourceController.Ground deployment} {command : Minidregg.Kernel.DeclaredResourceController.Command} (prepared : Minidregg.Kernel.DeclaredResourceController.PreparedInvocation deployment profile ambient ground command) {claim : Minidregg.Kernel.Run.RunClaim}, command.run = Option.some claim → ∃ checked program E libraries writes, prepared.run = Option.some checked ∧ checked.claim = claim ∧ Minidregg.Compiler.CanonicalCellRegistry.loadProgram deployment.domain (Minidregg.Compiler.ServedBasis.Ground.directory ground) claim.programId = Option.some program ∧ Minidregg.Kernel.Run.resolve profile.disabledEvaluators program.evaluator = Except.ok E ∧ checked.evaluator = E.id ∧ List.mapM (fun library => Minidregg.Kernel.Run.require Minidregg.Kernel.Run.Refusal.libraryUnknown (Minidregg.Compiler.CanonicalCellRegistry.loadProgram deployment.domain (Minidregg.Compiler.ServedBasis.Ground.directory ground) library)) program.abi.libraries = Except.ok libraries ∧ Minidregg.Kernel.DeclaredResourceController.commandWrites command (fun i => (prepared.targets i).pre.logical) claim.programId (Minidregg.Kernel.DeclaredResourceController.computeFundingIndex prepared.compute) = Option.some writes ∧ Minidregg.Kernel.DeclaredResourceController.ProgramAccepted E program libraries ambient command (fun i => (prepared.targets i).pre.logical) claim writes checked.verdict (Minidregg.Kernel.DeclaredResourceController.computeFundingIndex prepared.compute)
theorem	Minidregg.Kernel.DeclaredResourceController.PreparedInvocation.run_unclaimed	ae614d668d081e6f0f83dac997fe7530e3c1e42a169f0672e1dda0ba6ae51d9d	5d4c71b551a9e55648d2d41b3d9d8c9d8de63b6e5562f6527595eeda61674793	6c907ca0a5ae13e22c93a54282ba89a81ddc1be1cade7228bab91f02a80c76dc	2cfa8ff0fbdb0aa2	Classical.choice,Quot.sound,propext	∀ {F : Type} [inst : Field F] {deployment : Minidregg.Kernel.DeclaredResourceController.Deployment} {profile : Minidregg.Compiler.CanonicalRuntimeProfile.Profile F} {ambient : Minidregg.Kernel.DeclaredResourceController.Ambient} {ground : Minidregg.Kernel.DeclaredResourceController.Ground deployment} {command : Minidregg.Kernel.DeclaredResourceController.Command} (prepared : Minidregg.Kernel.DeclaredResourceController.PreparedInvocation deployment profile ambient ground command), command.run = Option.none → prepared.run = Option.none
inductive	Minidregg.Kernel.DeclaredResourceController.PreparedOn	850d2710c0715ee8985d7f473db53c8d006b1f676837f0aaab2a83f0640c2045	c141b196629440e5eca1f83d57e74893d9cc4f7409736043fac836515c5600dc	ce09bb691250bc6a9010e3bae3e57a52a602fda16f2fad0ea7a6f986e06de829	8ef04ffbc8f69d99		{F : Type} → [inst : Field F] → Minidregg.Kernel.DeclaredResourceController.Deployment → Minidregg.Compiler.CanonicalRuntimeProfile.Profile F → Minidregg.Kernel.DeclaredResourceController.Ambient → Minidregg.Theory.CellRegistry.Directory ℕ Minidregg.Kernel.DeclaredResourceController.Registry → Minidregg.Kernel.DeclaredResourceController.AuthoritySnapshot → Minidregg.Kernel.RunComputeBudgetDomain.Physical → Bool → Minidregg.Kernel.DeclaredResourceController.Command → Type
def	Minidregg.Kernel.DeclaredResourceController.PreparedOn.clock	c6180218ce2494f9685aaacaeec07777714396d140f0aef3073e7d7a21ba9613	edc84ca48c575b785f9271bfc9eb05c145be833a589b48fcddc0dee3941143f4	c9050078ca99574fa1b59c7a8c2c413b37f8be8c190d7580dc55508803704cca	1560cf702e13b5dc	Classical.choice,Quot.sound,propext	{F : Type} → [inst : Field F] → {deployment : Minidregg.Kernel.DeclaredResourceController.Deployment} → {profile : Minidregg.Compiler.CanonicalRuntimeProfile.Profile F} → {ambient : Minidregg.Kernel.DeclaredResourceController.Ambient} → {directory : Minidregg.Theory.CellRegistry.Directory ℕ Minidregg.Kernel.DeclaredResourceController.Registry} → {authority : Minidregg.Kernel.DeclaredResourceController.AuthoritySnapshot} → {cells : Minidregg.Kernel.RunComputeBudgetDomain.Physical} → {declared : Bool} → {command : Minidregg.Kernel.DeclaredResourceController.Command} → Minidregg.Kernel.DeclaredResourceController.PreparedOn deployment profile ambient directory authority cells declared command → Minidregg.Kernel.ClockCellDomain.Loaded deployment cells
def	Minidregg.Kernel.DeclaredResourceController.PreparedOn.compute	e4226f3a19f74588860e0accbed491e0edc926f6ac26de60807bdafcbb6f0d8b	6aff445bc3b944d1acbb31af71dd879b7478111fd40982b421e0b58437122e35	1963a23f72852e0ac69737d6431185928aa02b593706b774353a69af66a2ca13	5b466dccd3f39931	Classical.choice,Quot.sound,propext	{F : Type} → [inst : Field F] → {deployment : Minidregg.Kernel.DeclaredResourceController.Deployment} → {profile : Minidregg.Compiler.CanonicalRuntimeProfile.Profile F} → {ambient : Minidregg.Kernel.DeclaredResourceController.Ambient} → {directory : Minidregg.Theory.CellRegistry.Directory ℕ Minidregg.Kernel.DeclaredResourceController.Registry} → {authority : Minidregg.Kernel.DeclaredResourceController.AuthoritySnapshot} → {cells : Minidregg.Kernel.RunComputeBudgetDomain.Physical} → {declared : Bool} → {command : Minidregg.Kernel.DeclaredResourceController.Command} → Minidregg.Kernel.DeclaredResourceController.PreparedOn deployment profile ambient directory authority cells declared command → Option (Minidregg.Kernel.RunComputeBudgetDomain.Prepared deployment cells command.subject)
theorem	Minidregg.Kernel.DeclaredResourceController.PreparedOn.computeChecked	d9912bbdb706efbc1f1c47dc3178415e413b8a1ac4a9274ab293bd36f25625a4	a66c749eca79bce596af2fa252ecf96a2db2c5aadd6bb9c2fa740cb42e3f73ae	9a70801351d2ebca2987af3e267d387f13b790817a1ea3198f4640a6d6725b2a	b9ac25e6907193df	Classical.choice,Quot.sound,propext	∀ {F : Type} [inst : Field F] {deployment : Minidregg.Kernel.DeclaredResourceController.Deployment} {profile : Minidregg.Compiler.CanonicalRuntimeProfile.Profile F} {ambient : Minidregg.Kernel.DeclaredResourceController.Ambient} {directory : Minidregg.Theory.CellRegistry.Directory ℕ Minidregg.Kernel.DeclaredResourceController.Registry} {authority : Minidregg.Kernel.DeclaredResourceController.AuthoritySnapshot} {cells : Minidregg.Kernel.RunComputeBudgetDomain.Physical} {declared : Bool} {command : Minidregg.Kernel.DeclaredResourceController.Command} (self : Minidregg.Kernel.DeclaredResourceController.PreparedOn deployment profile ambient directory authority cells declared command), Minidregg.Kernel.DeclaredResourceController.prepareCompute deployment cells self.clock.clock command = Except.ok self.compute
theorem	Minidregg.Kernel.DeclaredResourceController.PreparedOn.computeRunExact	22a4721af7083a59299f1458b9c18a59b4b12eb5fd6b1a4293cde847e16ba6b3	76c38d06e2f0acd5e90336bb01e5f2092a370dc88e4c073fd0dc7696f95b5562	1ceedf97eed42f689d78e967420ea9df65cc01d24ded1fb7309ca97659ad7d69	00db8fef566cb214	Classical.choice,Quot.sound,propext	∀ {F : Type} [inst : Field F] {deployment : Minidregg.Kernel.DeclaredResourceController.Deployment} {profile : Minidregg.Compiler.CanonicalRuntimeProfile.Profile F} {ambient : Minidregg.Kernel.DeclaredResourceController.Ambient} {directory : Minidregg.Theory.CellRegistry.Directory ℕ Minidregg.Kernel.DeclaredResourceController.Registry} {authority : Minidregg.Kernel.DeclaredResourceController.AuthoritySnapshot} {cells : Minidregg.Kernel.RunComputeBudgetDomain.Physical} {declared : Bool} {command : Minidregg.Kernel.DeclaredResourceController.Command} (self : Minidregg.Kernel.DeclaredResourceController.PreparedOn deployment profile ambient directory authority cells declared command), Minidregg.Kernel.DeclaredResourceController.computeExecutionMatches command self.compute self.run = Bool.true
theorem	Minidregg.Kernel.DeclaredResourceController.PreparedOn.distinct	eb2718fec998951e21b76cca4548eb273ec1267b487302e72e12e76919edf18e	c2e54721f3dae360e8a4d4fc798ca3b449bdc344feb87f42428b51df5421fae3	53560b138a4f9f2361f628b1f8c3429f2803e5610775d90e9f40aa21f741b3ce	c65f2b8145d79924	Classical.choice,Quot.sound,propext	∀ {F : Type} [inst : Field F] {deployment : Minidregg.Kernel.DeclaredResourceController.Deployment} {profile : Minidregg.Compiler.CanonicalRuntimeProfile.Profile F} {ambient : Minidregg.Kernel.DeclaredResourceController.Ambient} {directory : Minidregg.Theory.CellRegistry.Directory ℕ Minidregg.Kernel.DeclaredResourceController.Registry} {authority : Minidregg.Kernel.DeclaredResourceController.AuthoritySnapshot} {cells : Minidregg.Kernel.RunComputeBudgetDomain.Physical} {declared : Bool} {command : Minidregg.Kernel.DeclaredResourceController.Command} (self : Minidregg.Kernel.DeclaredResourceController.PreparedOn deployment profile ambient directory authority cells declared command), (List.map Minidregg.Kernel.DeclaredResourceController.Target.target command.targets).Nodup
def	Minidregg.Kernel.DeclaredResourceController.PreparedOn.marker	1d7893beb1845323abf8a502c55e6b97fc8e3f46bc1695442795a2e3980a0e02	2798da6775ddc6191fcfd4b8dcba761b651a44098f5015406392ca7862417c2d	bd5bf44352cbeeb44c1c5800543ccd7a52908d66a78adca6c4b40749ff851e73	0b93deb5b5a84c42	Classical.choice,Quot.sound,propext	{F : Type} → [inst : Field F] → {deployment : Minidregg.Kernel.DeclaredResourceController.Deployment} → {profile : Minidregg.Compiler.CanonicalRuntimeProfile.Profile F} → {ambient : Minidregg.Kernel.DeclaredResourceController.Ambient} → {directory : Minidregg.Theory.CellRegistry.Directory ℕ Minidregg.Kernel.DeclaredResourceController.Registry} → {authority : Minidregg.Kernel.DeclaredResourceController.AuthoritySnapshot} → {cells : Minidregg.Kernel.RunComputeBudgetDomain.Physical} → {declared : Bool} → {command : Minidregg.Kernel.DeclaredResourceController.Command} → Minidregg.Kernel.DeclaredResourceController.PreparedOn deployment profile ambient directory authority cells declared command → Minidregg.Kernel.DeclaredResourceController.MarkerMode authority profile.semantics command
theorem	Minidregg.Kernel.DeclaredResourceController.PreparedOn.markerDeclared	57f3ae5b42f23e25a2cd5b82eee2d65b9ea70536004e76409cd3c6447f6b5959	ca147d531f473980a774bb39609d10232661e2b8f98293a5df0a3abbeb07c028	e95d519cbc9ce21a0b2107bf8d28fe06f6353da04a989af64888a65b53223239	cba255b777456d91	Classical.choice,Quot.sound,propext	∀ {F : Type} [inst : Field F] {deployment : Minidregg.Kernel.DeclaredResourceController.Deployment} {profile : Minidregg.Compiler.CanonicalRuntimeProfile.Profile F} {ambient : Minidregg.Kernel.DeclaredResourceController.Ambient} {directory : Minidregg.Theory.CellRegistry.Directory ℕ Minidregg.Kernel.DeclaredResourceController.Registry} {authority : Minidregg.Kernel.DeclaredResourceController.AuthoritySnapshot} {cells : Minidregg.Kernel.RunComputeBudgetDomain.Physical} {declared : Bool} {command : Minidregg.Kernel.DeclaredResourceController.Command} (self : Minidregg.Kernel.DeclaredResourceController.PreparedOn deployment profile ambient directory authority cells declared command), declared = Bool.true
def	Minidregg.Kernel.DeclaredResourceController.PreparedOn.money	17d6ff39635e28d333e87927811923c5605717bbd4b0f6510216222dbb7f367d	db1c4d881742a483727a4ede46b6f0bb164560e48c67f8f0c69395e67d79ab87	2627cdce430d416e09b682a26f80dc982b0a2ddcbd6cf9940ecd79ff9fcf5f0a	2f075e5592dec099	Classical.choice,Quot.sound,propext	{F : Type} → [inst : Field F] → {deployment : Minidregg.Kernel.DeclaredResourceController.Deployment} → {profile : Minidregg.Compiler.CanonicalRuntimeProfile.Profile F} → {ambient : Minidregg.Kernel.DeclaredResourceController.Ambient} → {directory : Minidregg.Theory.CellRegistry.Directory ℕ Minidregg.Kernel.DeclaredResourceController.Registry} → {authority : Minidregg.Kernel.DeclaredResourceController.AuthoritySnapshot} → {cells : Minidregg.Kernel.RunComputeBudgetDomain.Physical} → {declared : Bool} → {command : Minidregg.Kernel.DeclaredResourceController.Command} → Minidregg.Kernel.DeclaredResourceController.PreparedOn deployment profile ambient directory authority cells declared command → Option (Minidregg.Kernel.ResourceMoneyReceiver.Prepared deployment cells (Minidregg.Kernel.DeclaredResourceController.moneyEntries command))
theorem	Minidregg.Kernel.DeclaredResourceController.PreparedOn.moneyChecked	c13ee3db8a442e3d5e4f31937f1e7bf66b8aa10b254f31493e49139b204e2196	54bfd2203e9f5f236045cb8e35c520a04702b3abe9c49b47aaf287c377f734e6	82ab65f043ca9e838c7bcb852a405f706bcc3196a20808258c985a38485074a7	7f24e3d1041f57bd	Classical.choice,Quot.sound,propext	∀ {F : Type} [inst : Field F] {deployment : Minidregg.Kernel.DeclaredResourceController.Deployment} {profile : Minidregg.Compiler.CanonicalRuntimeProfile.Profile F} {ambient : Minidregg.Kernel.DeclaredResourceController.Ambient} {directory : Minidregg.Theory.CellRegistry.Directory ℕ Minidregg.Kernel.DeclaredResourceController.Registry} {authority : Minidregg.Kernel.DeclaredResourceController.AuthoritySnapshot} {cells : Minidregg.Kernel.RunComputeBudgetDomain.Physical} {declared : Bool} {command : Minidregg.Kernel.DeclaredResourceController.Command} (self : Minidregg.Kernel.DeclaredResourceController.PreparedOn deployment profile ambient directory authority cells declared command), Minidregg.Kernel.DeclaredResourceController.prepareMoney deployment cells command self.compute = Except.ok self.money
theorem	Minidregg.Kernel.DeclaredResourceController.PreparedOn.nonempty	007e650c343a04cf0412ea68102eacac013e2529c920d6b278edab4d943e3587	0fc9065cca1f844df5541d08a47e21f19bf7803fb438713c1a21f9c172b8a97f	d1d1741a9baec5afb247a3aabff0d4f4af36f431fe922a75e70136732d3fba81	8c076dcb9afa6831	Classical.choice,Quot.sound,propext	∀ {F : Type} [inst : Field F] {deployment : Minidregg.Kernel.DeclaredResourceController.Deployment} {profile : Minidregg.Compiler.CanonicalRuntimeProfile.Profile F} {ambient : Minidregg.Kernel.DeclaredResourceController.Ambient} {directory : Minidregg.Theory.CellRegistry.Directory ℕ Minidregg.Kernel.DeclaredResourceController.Registry} {authority : Minidregg.Kernel.DeclaredResourceController.AuthoritySnapshot} {cells : Minidregg.Kernel.RunComputeBudgetDomain.Physical} {declared : Bool} {command : Minidregg.Kernel.DeclaredResourceController.Command} (self : Minidregg.Kernel.DeclaredResourceController.PreparedOn deployment profile ambient directory authority cells declared command), command.targets ≠ []
theorem	Minidregg.Kernel.DeclaredResourceController.PreparedOn.openings	80f069a6a5bd0c48186384377ee44f65450df0f1c464cf6e21e27ccbfc884bae	3d025cb0190179a638249ec31b283d30a2b712805bc4e4c81c88d2ff5e7c45db	aa20af981f3ddb07ff67e983d937c141e84785d1e2eb052bc872d4a09b8108d9	97071aea1894fbd3	Classical.choice,Quot.sound,propext	∀ {F : Type} [inst : Field F] {deployment : Minidregg.Kernel.DeclaredResourceController.Deployment} {profile : Minidregg.Compiler.CanonicalRuntimeProfile.Profile F} {ambient : Minidregg.Kernel.DeclaredResourceController.Ambient} {directory : Minidregg.Theory.CellRegistry.Directory ℕ Minidregg.Kernel.DeclaredResourceController.Registry} {authority : Minidregg.Kernel.DeclaredResourceController.AuthoritySnapshot} {cells : Minidregg.Kernel.RunComputeBudgetDomain.Physical} {declared : Bool} {command : Minidregg.Kernel.DeclaredResourceController.Command} (self : Minidregg.Kernel.DeclaredResourceController.PreparedOn deployment profile ambient directory authority cells declared command), (Minidregg.Kernel.DeclaredResourceController.openingsCheck command fun j => command.targets[j].contentStore? (self.targets j).pre) = Bool.true
def	Minidregg.Kernel.DeclaredResourceController.PreparedOn.run	f6fe3d680043bd80cc328dd02990ff72d80cd4d0c17ea48005c7397319b7c41d	f8cbde88bb79ac800b925c1f71e15cd8f136bde45e51c2fb50d725ce646dbff3	5381a4e280cde37f7804014a61d600415b8b6e17437d75962e96f7d8137634be	a9468cb1300f07ba	Classical.choice,Quot.sound,propext	{F : Type} → [inst : Field F] → {deployment : Minidregg.Kernel.DeclaredResourceController.Deployment} → {profile : Minidregg.Compiler.CanonicalRuntimeProfile.Profile F} → {ambient : Minidregg.Kernel.DeclaredResourceController.Ambient} → {directory : Minidregg.Theory.CellRegistry.Directory ℕ Minidregg.Kernel.DeclaredResourceController.Registry} → {authority : Minidregg.Kernel.DeclaredResourceController.AuthoritySnapshot} → {cells : Minidregg.Kernel.RunComputeBudgetDomain.Physical} → {declared : Bool} → {command : Minidregg.Kernel.DeclaredResourceController.Command} → Minidregg.Kernel.DeclaredResourceController.PreparedOn deployment profile ambient directory authority cells declared command → Option Minidregg.Kernel.DeclaredResourceController.CheckedRun
theorem	Minidregg.Kernel.DeclaredResourceController.PreparedOn.runChecked	891f0869b4117defef287bf3d1e43a6f6f055f465002be57468fca6aa8ad1b26	3be54837b6bee2b2e545ff36ae8ff393c3716dd945637d7c0a92feb5636b1a5f	8f3cccf7bd12ee2557a8e00b88aa1fd0b8273999b25d2614f85f2c93abe82b31	afa3412f6d75f726	Classical.choice,Quot.sound,propext	∀ {F : Type} [inst : Field F] {deployment : Minidregg.Kernel.DeclaredResourceController.Deployment} {profile : Minidregg.Compiler.CanonicalRuntimeProfile.Profile F} {ambient : Minidregg.Kernel.DeclaredResourceController.Ambient} {directory : Minidregg.Theory.CellRegistry.Directory ℕ Minidregg.Kernel.DeclaredResourceController.Registry} {authority : Minidregg.Kernel.DeclaredResourceController.AuthoritySnapshot} {cells : Minidregg.Kernel.RunComputeBudgetDomain.Physical} {declared : Bool} {command : Minidregg.Kernel.DeclaredResourceController.Command} (self : Minidregg.Kernel.DeclaredResourceController.PreparedOn deployment profile ambient directory authority cells declared command), Minidregg.Kernel.DeclaredResourceController.checkCommandRun profile.disabledEvaluators deployment.domain directory ambient command (fun i => (self.targets i).pre.logical) (Minidregg.Kernel.DeclaredResourceController.computeFundingIndex self.compute) = Except.ok self.run
def	Minidregg.Kernel.DeclaredResourceController.PreparedOn.targets	22533b36b52616ae10fb2348208e1cae846689da67b7e86d8e2a972f9d8a8e80	6f244e131cb7a48b7d401af8bc9820523bfaae57abb243de5d35a2a49d9b8ba5	939498628b7ad3316512997a2a365d410e7b7dd45795e2ef7bfcb1e16f95d808	29063d6b8c3e6a88	Classical.choice,Quot.sound,propext	{F : Type} → [inst : Field F] → {deployment : Minidregg.Kernel.DeclaredResourceController.Deployment} → {profile : Minidregg.Compiler.CanonicalRuntimeProfile.Profile F} → {ambient : Minidregg.Kernel.DeclaredResourceController.Ambient} → {directory : Minidregg.Theory.CellRegistry.Directory ℕ Minidregg.Kernel.DeclaredResourceController.Registry} → {authority : Minidregg.Kernel.DeclaredResourceController.AuthoritySnapshot} → {cells : Minidregg.Kernel.RunComputeBudgetDomain.Physical} → {declared : Bool} → {command : Minidregg.Kernel.DeclaredResourceController.Command} → Minidregg.Kernel.DeclaredResourceController.PreparedOn deployment profile ambient directory authority cells declared command → (i : Minidregg.Kernel.DeclaredResourceController.TargetIndex command) → Minidregg.Kernel.DeclaredResourceController.PreparedTarget deployment directory authority profile.semantics ambient command command.targets[i]
theorem	Minidregg.Kernel.DeclaredResourceController.PreparedOn.writes	94b7142677f8b208b7f43739a842becc7d2249b51e96237b1740046bbded2c60	c9fc25452e4d738f43bec3092da7b8e0e90d4f15a7c79129868891e62d07bb14	5f4b10ca14965bd5a1416c03faa6ddffec25ebb95e49e2ad5269124f3b2fb07b	cadb282f7cb4ed4f	Classical.choice,Quot.sound,propext	∀ {F : Type} [inst : Field F] {deployment : Minidregg.Kernel.DeclaredResourceController.Deployment} {profile : Minidregg.Compiler.CanonicalRuntimeProfile.Profile F} {ambient : Minidregg.Kernel.DeclaredResourceController.Ambient} {directory : Minidregg.Theory.CellRegistry.Directory ℕ Minidregg.Kernel.DeclaredResourceController.Registry} {authority : Minidregg.Kernel.DeclaredResourceController.AuthoritySnapshot} {cells : Minidregg.Kernel.RunComputeBudgetDomain.Physical} {declared : Bool} {command : Minidregg.Kernel.DeclaredResourceController.Command} (self : Minidregg.Kernel.DeclaredResourceController.PreparedOn deployment profile ambient directory authority cells declared command), command.writesSome = Bool.true
inductive	Minidregg.Kernel.DeclaredResourceController.PreparedTarget	de76e712d1df131468c4c802bcd35f7b06bb996356ebff0489eec6bc88d0e0f1	e56d9d5f9ed05df49c32f52a0cd51e9ad06d106aaf58b37273141aeb2604b249	f94b598aa7a867cf152ff881501f428ca98bed88f707a827d8b89ecf7f80e232	7fec0da7899611aa		Minidregg.Kernel.DeclaredResourceController.Deployment → Minidregg.Theory.CellRegistry.Directory ℕ Minidregg.Kernel.DeclaredResourceController.Registry → Minidregg.Kernel.DeclaredResourceController.AuthoritySnapshot → Minidregg.Theory.TypedAuthorization.Digest → Minidregg.Kernel.DeclaredResourceController.Ambient → Minidregg.Kernel.DeclaredResourceController.Command → Minidregg.Kernel.DeclaredResourceController.Target → Type
theorem	Minidregg.Kernel.DeclaredResourceController.PreparedTarget.audienceFresh	0de097f48e0f14be210bcc6040bc8a7f89404f4e28a5d3651ee8234f41a5af9f	9a90367ec69be083112ef21e642c2b4543c5b8b9b0f54a99e76f8038c54e6d2a	bf14003c8581790d6b01c0f66c71d4462d4b549d282422fb585d966b5c1f3c5f	1e11abf290ec67ca	Classical.choice,Quot.sound,propext	∀ {deployment : Minidregg.Kernel.DeclaredResourceController.Deployment} {directory : Minidregg.Theory.CellRegistry.Directory ℕ Minidregg.Kernel.DeclaredResourceController.Registry} {snapshot : Minidregg.Kernel.DeclaredResourceController.AuthoritySnapshot} {semantics : Minidregg.Theory.TypedAuthorization.Digest} {ambient : Minidregg.Kernel.DeclaredResourceController.Ambient} {command : Minidregg.Kernel.DeclaredResourceController.Command} {target : Minidregg.Kernel.DeclaredResourceController.Target} (self : Minidregg.Kernel.DeclaredResourceController.PreparedTarget deployment directory snapshot semantics ambient command target), Minidregg.Kernel.ObjectAudience.checkFresh self.source.record.audience target.target target.audienceEpoch = Except.ok ()
def	Minidregg.Kernel.DeclaredResourceController.PreparedTarget.before	3b3199721cbd5ca47f94d9f016b81e848b05963a68665c3a1063bb82685278b0	4f5174d9beda49f179eb37f0f16914fee0e2a1118d74d93846d3477ed3ce2c40	50ada515ec9a1ca8a208386a686bfa92bc0c4a1cb1b82858604513de740ad8eb	fa652bbebd67694e	Classical.choice,Quot.sound,propext	{deployment : Minidregg.Kernel.DeclaredResourceController.Deployment} → {directory : Minidregg.Theory.CellRegistry.Directory ℕ Minidregg.Kernel.DeclaredResourceController.Registry} → {snapshot : Minidregg.Kernel.DeclaredResourceController.AuthoritySnapshot} → {semantics : Minidregg.Theory.TypedAuthorization.Digest} → {ambient : Minidregg.Kernel.DeclaredResourceController.Ambient} → {command : Minidregg.Kernel.DeclaredResourceController.Command} → {target : Minidregg.Kernel.DeclaredResourceController.Target} → Minidregg.Kernel.DeclaredResourceController.PreparedTarget deployment directory snapshot semantics ambient command target → Minidregg.Theory.CellRegistry.PackedCell Minidregg.Kernel.DeclaredResourceController.Registry
def	Minidregg.Kernel.DeclaredResourceController.PreparedTarget.candidate	2a85e389320f77e994bdf6910b17e16f402cd917225b640944b6b20f834a3c08	9e94dca04b0f43e035734d3227bc2ab853e8d6feb1c1daf4d2000a7f631a6d8f	b01265113a89a9baf9d8c29e9fbb879e36feee6166b7a0b3539a939a51117ae4	d2566352be584b22	Classical.choice,Quot.sound,propext	{deployment : Minidregg.Kernel.DeclaredResourceController.Deployment} → {directory : Minidregg.Theory.CellRegistry.Directory ℕ Minidregg.Kernel.DeclaredResourceController.Registry} → {snapshot : Minidregg.Kernel.DeclaredResourceController.AuthoritySnapshot} → {semantics : Minidregg.Theory.TypedAuthorization.Digest} → {ambient : Minidregg.Kernel.DeclaredResourceController.Ambient} → {command : Minidregg.Kernel.DeclaredResourceController.Command} → {target : Minidregg.Kernel.DeclaredResourceController.Target} → (self : Minidregg.Kernel.DeclaredResourceController.PreparedTarget deployment directory snapshot semantics ambient command target) → Minidregg.Theory.PolicyInstall.Candidate (Minidregg.Kernel.DeclaredResourceController.targetFamily deployment snapshot semantics ambient command target self.pre) self.pre () self.post
theorem	Minidregg.Kernel.DeclaredResourceController.PreparedTarget.content_ratchets	00e508c05bf6dff9ff02182ee22ffc4d53c92a7908086af07a65cea88f7b5f36	471d9de77bb90ff2bf916b2f25a8566f9b3a36a3998e0c34c69037aafa1c17a1	7a14d7af906c39395e3ccf0ef644f01e0a5e0360b0b0fa662f8b167aab55ea86	c708a5dcefe40559	Classical.choice,Quot.sound,propext	∀ {deployment : Minidregg.Kernel.DeclaredResourceController.Deployment} {directory : Minidregg.Theory.CellRegistry.Directory ℕ Minidregg.Kernel.DeclaredResourceController.Registry} {snapshot : Minidregg.Kernel.DeclaredResourceController.AuthoritySnapshot} {semantics : Minidregg.Theory.TypedAuthorization.Digest} {ambient : Minidregg.Kernel.DeclaredResourceController.Ambient} {command : Minidregg.Kernel.DeclaredResourceController.Command} {kind : Minidregg.Theory.TypedAuthorization.ResourceKind} {id : ℕ} {capability : Minidregg.Theory.TypedAuthorization.CapabilityId} {version : ℕ} {root : Minidregg.Theory.TypedAuthorization.Digest} {content : Minidregg.Kernel.ContentResource.Command} {observe : Option Minidregg.Theory.TypedAuthorization.CapabilityId} {audienceEpoch : Option ℕ} {audienceRoster : Option Minidregg.Theory.ObjectAudienceRoster.Roster} (prepared : Minidregg.Kernel.DeclaredResourceController.PreparedTarget deployment directory snapshot semantics ambient command { kind := kind, target := id, capability := capability, schemaVersion := version, expectedTargetRoot := root, payload := Minidregg.Kernel.DeclaredResourceController.Payload.content content, observeCapability := observe, audienceEpoch := audienceEpoch, audienceRoster := audienceRoster }) {key : List UInt8}, Minidregg.Compiler.StoreCodec.blindingKey Minidregg.Compiler.HyperdocumentCell.contentWire prepared.pre.logical = Option.some key → (∃ progress, Minidregg.Kernel.ContentResource.run { subject := command.subject, capabilityKind := kind, capabilityId := capability } (Minidregg.Kernel.DeclaredResourceController.contentOperation snapshot semantics command) (Minidregg.Kernel.ContentResource.documentOf id) (Minidregg.Kernel.DeclaredResourceController.contentContext snapshot ambient command) prepared.pre.logical content = Except.ok progress) → Minidregg.Compiler.StoreCodec.blindingKey Minidregg.Compiler.HyperdocumentCell.contentWire prepared.post = Option.some (Minidregg.Compiler.HyperdocumentCell.contentBlinding.step ambient.height key)
def	Minidregg.Kernel.DeclaredResourceController.PreparedTarget.post	d04cb5fc963e244d9daa129afa91f01ff2420db486e1e961ee6f1ea63c8dd7be	124bd082aacb2aec513b68659f4d1f8eb7c765089b9cf0000e77884b4c9ecc80	75843fa42cdb380c4d2fb3aa47c3646fe8060b95a7f997e55aa07521cf57e16e	1d8be9e83aa2ca1b	Classical.choice,Quot.sound,propext	{deployment : Minidregg.Kernel.DeclaredResourceController.Deployment} → {directory : Minidregg.Theory.CellRegistry.Directory ℕ Minidregg.Kernel.DeclaredResourceController.Registry} → {snapshot : Minidregg.Kernel.DeclaredResourceController.AuthoritySnapshot} → {semantics : Minidregg.Theory.TypedAuthorization.Digest} → {ambient : Minidregg.Kernel.DeclaredResourceController.Ambient} → {command : Minidregg.Kernel.DeclaredResourceController.Command} → {target : Minidregg.Kernel.DeclaredResourceController.Target} → Minidregg.Kernel.DeclaredResourceController.PreparedTarget deployment directory snapshot semantics ambient command target → target.Outcome
theorem	Minidregg.Kernel.DeclaredResourceController.PreparedTarget.postExact	534af3d64deec3fff8567c9d35639b954dacdd3f9f44b843177fca5365033880	18194e0d2c7abb058b03b1a61f1a461aec967c3e7eadd0b2881105e0a4859397	40205c9b9ebd64efac283a5fb190c287e8541a58c1b41d3ac8be24d6b6d8999e	8c86a7bf3413254e	Classical.choice,Quot.sound,propext	∀ {deployment : Minidregg.Kernel.DeclaredResourceController.Deployment} {directory : Minidregg.Theory.CellRegistry.Directory ℕ Minidregg.Kernel.DeclaredResourceController.Registry} {snapshot : Minidregg.Kernel.DeclaredResourceController.AuthoritySnapshot} {semantics : Minidregg.Theory.TypedAuthorization.Digest} {ambient : Minidregg.Kernel.DeclaredResourceController.Ambient} {command : Minidregg.Kernel.DeclaredResourceController.Command} {target : Minidregg.Kernel.DeclaredResourceController.Target} (self : Minidregg.Kernel.DeclaredResourceController.PreparedTarget deployment directory snapshot semantics ambient command target), self.candidate.post.logical = self.post
theorem	Minidregg.Kernel.DeclaredResourceController.PreparedTarget.postLaw	d7d8f98cf8082f83f075e7ad03791c78322a08b26f41f5d8547232171f4b4165	8991d16fb1548583d84c49d15ecb88a5392b8e2159278f15832ae7689b48e70a	d21eeb8a20d78ef8da1fc6311f47d24c323bd9b32e3d44118aafbfe3a89de7f3	9bd1d29c70da935f	Classical.choice,Quot.sound,propext	∀ {deployment : Minidregg.Kernel.DeclaredResourceController.Deployment} {directory : Minidregg.Theory.CellRegistry.Directory ℕ Minidregg.Kernel.DeclaredResourceController.Registry} {snapshot : Minidregg.Kernel.DeclaredResourceController.AuthoritySnapshot} {semantics : Minidregg.Theory.TypedAuthorization.Digest} {ambient : Minidregg.Kernel.DeclaredResourceController.Ambient} {command : Minidregg.Kernel.DeclaredResourceController.Command} {target : Minidregg.Kernel.DeclaredResourceController.Target} (self : Minidregg.Kernel.DeclaredResourceController.PreparedTarget deployment directory snapshot semantics ambient command target), Minidregg.Compiler.CanonicalCellRegistry.FinalPostLaw deployment target.target self.before (Minidregg.Kernel.DeclaredResourceController.packTarget target self.candidate.post)
def	Minidregg.Kernel.DeclaredResourceController.PreparedTarget.pre	9f84bf82ed76516e9d3ffc8eeb514314e584e0e668702c24b8d785defdd811d9	1af6cbaf0c7c37b50956a1078e3c9a17a0e9e22d8f847c5700363a46594d48de	eaffb1d286c4137cb0d88c1f36936d1674cac7982e75a5d9b27fd27496b38a72	cd87c63fbd3f9e80	Classical.choice,Quot.sound,propext	{deployment : Minidregg.Kernel.DeclaredResourceController.Deployment} → {directory : Minidregg.Theory.CellRegistry.Directory ℕ Minidregg.Kernel.DeclaredResourceController.Registry} → {snapshot : Minidregg.Kernel.DeclaredResourceController.AuthoritySnapshot} → {semantics : Minidregg.Theory.TypedAuthorization.Digest} → {ambient : Minidregg.Kernel.DeclaredResourceController.Ambient} → {command : Minidregg.Kernel.DeclaredResourceController.Command} → {target : Minidregg.Kernel.DeclaredResourceController.Target} → Minidregg.Kernel.DeclaredResourceController.PreparedTarget deployment directory snapshot semantics ambient command target → Minidregg.Kernel.DeclaredResourceController.TargetCell target
theorem	Minidregg.Kernel.DeclaredResourceController.PreparedTarget.present	4393bf091b8e6f655a53211aa4d6bab143defaf6bdcc9ed1082b3c3a6068ce62	3343a2a4756ae014669fa33165f45957e25bf50079f5fecdbff51cf229f08cfd	e6f84daf73c400d83ec5536b4c1e289fa3c25b9645f0b7c182384fba595321f5	3f3ba7dd9b4e09fb	Classical.choice,Quot.sound,propext	∀ {deployment : Minidregg.Kernel.DeclaredResourceController.Deployment} {directory : Minidregg.Theory.CellRegistry.Directory ℕ Minidregg.Kernel.DeclaredResourceController.Registry} {snapshot : Minidregg.Kernel.DeclaredResourceController.AuthoritySnapshot} {semantics : Minidregg.Theory.TypedAuthorization.Digest} {ambient : Minidregg.Kernel.DeclaredResourceController.Ambient} {command : Minidregg.Kernel.DeclaredResourceController.Command} {target : Minidregg.Kernel.DeclaredResourceController.Target} (self : Minidregg.Kernel.DeclaredResourceController.PreparedTarget deployment directory snapshot semantics ambient command target), directory.slots target.target = Minidregg.Theory.CellRegistry.CellSlot.present self.before
theorem	Minidregg.Kernel.DeclaredResourceController.PreparedTarget.read_names_observe_capability	26ce742e2e35c61ffc730e99b7ce9a7820cbf3f551fe1be9af09c2e81cc20624	8361995ea20852fac23dfde3e683e511733971e09a16a777c54c9cb56ac8245e	7fd531447c6e7f03dbf5f639d485f6c3f2dfc0c092b1b684dafe013e1501978a	07ddfe575ee589f0	Classical.choice,Quot.sound,propext	∀ {deployment : Minidregg.Kernel.DeclaredResourceController.Deployment} {directory : Minidregg.Theory.CellRegistry.Directory ℕ Minidregg.Kernel.DeclaredResourceController.Registry} {snapshot : Minidregg.Kernel.DeclaredResourceController.AuthoritySnapshot} {semantics : Minidregg.Theory.TypedAuthorization.Digest} {ambient : Minidregg.Kernel.DeclaredResourceController.Ambient} {command : Minidregg.Kernel.DeclaredResourceController.Command} {target : Minidregg.Kernel.DeclaredResourceController.Target} (prepared : Minidregg.Kernel.DeclaredResourceController.PreparedTarget deployment directory snapshot semantics ambient command target), target.payload = Minidregg.Kernel.DeclaredResourceController.Payload.read → target.observeCapability = Option.some target.capability
theorem	Minidregg.Kernel.DeclaredResourceController.PreparedTarget.scalar_ratchets	72fd7efbf592c8f594506096dae27a47f24f93cfeabd60c7bd8c5fa703befb06	093aa2027225d22dcc93ac00cbe9e5dfc21e4ad646033f4b7ec0c17e471dd53d	c6e2e3b81f9ba2e2422dabbe4bc31d26cc892c651e1fe888b0710cc164a1db39	fe9c3ba874476ea2	Classical.choice,Quot.sound,propext	∀ {deployment : Minidregg.Kernel.DeclaredResourceController.Deployment} {directory : Minidregg.Theory.CellRegistry.Directory ℕ Minidregg.Kernel.DeclaredResourceController.Registry} {snapshot : Minidregg.Kernel.DeclaredResourceController.AuthoritySnapshot} {semantics : Minidregg.Theory.TypedAuthorization.Digest} {ambient : Minidregg.Kernel.DeclaredResourceController.Ambient} {command : Minidregg.Kernel.DeclaredResourceController.Command} {kind : Minidregg.Theory.TypedAuthorization.ResourceKind} {id : ℕ} {capability : Minidregg.Theory.TypedAuthorization.CapabilityId} {version : ℕ} {root : Minidregg.Theory.TypedAuthorization.Digest} {actions : List Minidregg.Theory.DeclaredActionLowering.Action} {observe : Option Minidregg.Theory.TypedAuthorization.CapabilityId} {audienceEpoch : Option ℕ} {audienceRoster : Option Minidregg.Theory.ObjectAudienceRoster.Roster} (prepared : Minidregg.Kernel.DeclaredResourceController.PreparedTarget deployment directory snapshot semantics ambient command { kind := kind, target := id, capability := capability, schemaVersion := version, expectedTargetRoot := root, payload := Minidregg.Kernel.DeclaredResourceController.Payload.scalar actions, observeCapability := observe, audienceEpoch := audienceEpoch, audienceRoster := audienceRoster }) {key : List UInt8}, Minidregg.Compiler.StoreCodec.blindingKey Minidregg.Compiler.DeclaredEffectCell.wire prepared.pre.logical = Option.some key → Minidregg.Compiler.StoreCodec.blindingKey Minidregg.Compiler.DeclaredEffectCell.wire prepared.post = Option.some (Minidregg.Compiler.DeclaredEffectCell.blinding.step ambient.height key)
theorem	Minidregg.Kernel.DeclaredResourceController.PreparedTarget.selected	ca552f0d3cc9b0f2e571794eb319843d168c033b0e70af2f5d9eb1f4c25c2a3a	764b6f046b6192dbe1cc6ae3650565c64d52998ecd9dc274b4e3353464cf4d9a	433ba8f0489dd866c1be4bb2ee7bf92a4741a23f8775c9496b5666dae38fe661	c0e7ad4a3616e94d	Classical.choice,Quot.sound,propext	∀ {deployment : Minidregg.Kernel.DeclaredResourceController.Deployment} {directory : Minidregg.Theory.CellRegistry.Directory ℕ Minidregg.Kernel.DeclaredResourceController.Registry} {snapshot : Minidregg.Kernel.DeclaredResourceController.AuthoritySnapshot} {semantics : Minidregg.Theory.TypedAuthorization.Digest} {ambient : Minidregg.Kernel.DeclaredResourceController.Ambient} {command : Minidregg.Kernel.DeclaredResourceController.Command} {target : Minidregg.Kernel.DeclaredResourceController.Target} (self : Minidregg.Kernel.DeclaredResourceController.PreparedTarget deployment directory snapshot semantics ambient command target), Minidregg.Kernel.DeclaredResourceController.selectTarget deployment target self.before = Option.some self.pre
def	Minidregg.Kernel.DeclaredResourceController.PreparedTarget.source	094ababea53ae0ecb2a66235b10a4120aaab718a5fbd16f961e72a4d2d25b41a	c5465dd011bde3c22139d554e4fc8d8df7ecec96cd38257e8c3d54259d6d1060	29921e8bcbbf642e9bfe112a7fc8e1c5a2253c397158a77f273f512a5f16db5f	ec730629a56575bc	Classical.choice,Quot.sound,propext	{deployment : Minidregg.Kernel.DeclaredResourceController.Deployment} → {directory : Minidregg.Theory.CellRegistry.Directory ℕ Minidregg.Kernel.DeclaredResourceController.Registry} → {snapshot : Minidregg.Kernel.DeclaredResourceController.AuthoritySnapshot} → {semantics : Minidregg.Theory.TypedAuthorization.Digest} → {ambient : Minidregg.Kernel.DeclaredResourceController.Ambient} → {command : Minidregg.Kernel.DeclaredResourceController.Command} → {target : Minidregg.Kernel.DeclaredResourceController.Target} → Minidregg.Kernel.DeclaredResourceController.PreparedTarget deployment directory snapshot semantics ambient command target → Minidregg.Compiler.CanonicalCellRegistry.LoadedPolicySource snapshot.domain directory (snapshot.authState.policyAddress { value := target.target } (snapshot.authState.policyRevision { value := target.target }))
def	Minidregg.Kernel.DeclaredResourceController.ProgramAccepted	8c8089157ac993194e483e9edb37d5f29f685bc5111df258e4e52325ebb43c8e	2d4db343557bda9f2e8cc9da69054a70667fb2256c43c5bcf77e7091a3006349	9a953823926c7450c8e49b9afa62a088115ba8652bab942e2abcf0e59d3012b2	0f89d644fab3afa9	Classical.choice,Quot.sound,propext	Minidregg.Compiler.Evaluator → Minidregg.Compiler.NockProgramCodec.Program → List Minidregg.Compiler.NockProgramCodec.Program → Minidregg.Kernel.DeclaredResourceController.Ambient → (command : Minidregg.Kernel.DeclaredResourceController.Command) → ((i : Fin command.targets.length) → Minidregg.Theory.Store.Store command.targets[i].layout) → Minidregg.Kernel.Run.RunClaim → List Minidregg.Theory.Eval.FieldWrite → Minidregg.Kernel.Run.Accepted → optParam (Option ℕ) Option.none → Prop := fun E program libraries ambient command pre claim writes verdict validatedFundingIndex => match program.abi.door with | Option.none => ∃ sample v, E.sampleOf program.abi (Minidregg.Kernel.DeclaredResourceController.runContext ambient command) (Minidregg.Kernel.DeclaredResourceController.programTargets command validatedFundingIndex) (Minidregg.Kernel.DeclaredResourceController.programSampleRead command pre validatedFundingIndex) = Option.some sample ∧ Minidregg.Kernel.Run.checkRun E.toMachine program libraries sample claim writes = Except.ok v ∧ Minidregg.Kernel.Run.Verdict.erase E.toMachine v = verdict | Option.some door => ∃ d view v, E.door = Option.some d ∧ Minidregg.Kernel.Door.viewOf door (Minidregg.Kernel.DeclaredResourceController.programSampleRead command pre validatedFundingIndex) = Except.ok view ∧ Minidregg.Kernel.Door.checkPoke E.toMachine d program door view claim writes = Except.ok v ∧ Minidregg.Kernel.Run.Verdict.erase E.toMachine v = verdict
def	Minidregg.Kernel.DeclaredResourceController.Registry	b2d5a4c742a6eb296f24f3ce01d697a732515e4b064f3b3b60ae9916cf68cfc3	44f45dd1328f53e20f968e4cb0fcc73a571ffc84e263b64c9457558544039a9a	065a59decc32609f31f2eca4f0f6852c718dfa0bcdf50c7447595ab112d2a5a5	5e5a7f7342a1674c	Classical.choice,Quot.sound,propext	Minidregg.Theory.CellRegistry.TypeRegistry Minidregg.Theory.TypedAuthorization.Digest
inductive	Minidregg.Kernel.DeclaredResourceController.Reject	8c98aa0c181f8a073c6f99a54d767add8df844d9ef9e5e3e0cff1631de28b40d	16946b93ac38405660f51e475eb5aa7d25b54f5e5677e0f6a10a4526cc071cbf	0f4e678579f7ee976f2a8a1a938aad5cf4d0dd38c805c58e486e094c59d1b78a	fdbaa6f0751ad7f8		Type
ctor	Minidregg.Kernel.DeclaredResourceController.Reject.audience	bc012f5879aa5cd9ad22008ea5af55908b4fa2d178c11e22cfe586c902938f68	bcc66fffdf94dbda628556ad5f7dd0e025f9ff21375602e58d28d9a3dd019e66	528f7c84c36a38f7f0c43f420123cf14e27b65f87b03f6ec97f7eddd516ab06f	0e0448b838d2cc50		Minidregg.Kernel.ObjectAudience.Reject → Minidregg.Kernel.DeclaredResourceController.Reject
def	Minidregg.Kernel.DeclaredResourceController.Reject.audience.elim	0b574f97bc11bc8aec5ff6bbfca96adb661f03dd7ea625cbb57bf4cbabc13737	84247060efa1f3fa5664010431c5e38da748e2c10c156dc3ec9c632e7fbc6631	58521bb79d25af5e71683118fc9719730ab1b381f23692d6b923197b3416819b	9a65a661e50bbdbe	-	{motive : Minidregg.Kernel.DeclaredResourceController.Reject → Sort u} → (t : Minidregg.Kernel.DeclaredResourceController.Reject) → t.ctorIdx = 47 → ((reason : Minidregg.Kernel.ObjectAudience.Reject) → motive (Minidregg.Kernel.DeclaredResourceController.Reject.audience reason)) → motive t
ctor	Minidregg.Kernel.DeclaredResourceController.Reject.authorityPreparation	e6eea808f4299f6c1cb1fce77e027178466fc822fb5b819e4a85f7ba16ed1ec5	14f012e73f566c7776b79049647ff99a36212c5e3da7c365d48a380c9270da9a	bc7037a2278b072af552895c4489410aba5765527055c76a4aa68ea0534c11fe	a6e74e17ca3a85e8		Minidregg.Kernel.DeclaredResourceController.Reject
def	Minidregg.Kernel.DeclaredResourceController.Reject.authorityPreparation.elim	94b93f28467098cfb7b48a90bb60554ffc9c796677a428d6dc84bdc60f834d01	6bf92ee79810bb66ae2f7e051cd560130c9e400853d45be8608480532152d0c6	30b11f5b8023aeb28ba1809e46b95e3b9b5fd351c16bdb5e9dd18f59fc7bac40	22194e635dfda83d	-	{motive : Minidregg.Kernel.DeclaredResourceController.Reject → Sort u} → (t : Minidregg.Kernel.DeclaredResourceController.Reject) → t.ctorIdx = 17 → motive Minidregg.Kernel.DeclaredResourceController.Reject.authorityPreparation → motive t
ctor	Minidregg.Kernel.DeclaredResourceController.Reject.authoritySignature	244ad046aa984bbfd1f05019749b46785c8d8b21fe1bd10153f8e20f71927e58	427a4cedb55db2645ae8eb8da56aca0efc914cd307845c7418aaabd3f5ca3755	946ab33f763bfbd5fbb6182abf7bc488f4ec901e77d459258113129f7ce46d87	b86056ff1110758a		Minidregg.Compiler.CredentialSignatureAdmission.Reject → Minidregg.Kernel.DeclaredResourceController.Reject
def	Minidregg.Kernel.DeclaredResourceController.Reject.authoritySignature.elim	988d36642cf4fd075dc85eb3db01371951f54b047d8e8859f4c96fc42110345a	4778bea61ea654f766f3a88347142a5a37707eca0a38ab91c0343ef9c3bad55e	826faf6015488bddb286ec03950639bf1c33ca21b0e87c45cf5fefcadb097647	b269e5329b0c114f	-	{motive : Minidregg.Kernel.DeclaredResourceController.Reject → Sort u} → (t : Minidregg.Kernel.DeclaredResourceController.Reject) → t.ctorIdx = 20 → ((reason : Minidregg.Compiler.CredentialSignatureAdmission.Reject) → motive (Minidregg.Kernel.DeclaredResourceController.Reject.authoritySignature reason)) → motive t
ctor	Minidregg.Kernel.DeclaredResourceController.Reject.authorityUnavailable	cb37cbb311df956a7b010d95c14b647db8cec5b0c0e5a920ebcfae2cbda45174	14f012e73f566c7776b79049647ff99a36212c5e3da7c365d48a380c9270da9a	b010ead4b98f3fcda66cb3c4161f7265013c79a8991951e906b24989e29fa3ee	06f8f8a1688e2d19		Minidregg.Kernel.DeclaredResourceController.Reject
def	Minidregg.Kernel.DeclaredResourceController.Reject.authorityUnavailable.elim	001073cec22056a3a062654aaa65a3cef512ff2d2fee5bf78b76d58a7f931c49	3583aeb024d332e7098a709fad4330dea37db2d88bb491dbd2ca41cfe91f7ea3	0efbf2250f668e52f21b46278d34f067c45ee24f54400b30d13c7fa50953e4cf	5232785aae3a370a	-	{motive : Minidregg.Kernel.DeclaredResourceController.Reject → Sort u} → (t : Minidregg.Kernel.DeclaredResourceController.Reject) → t.ctorIdx = 12 → motive Minidregg.Kernel.DeclaredResourceController.Reject.authorityUnavailable → motive t
ctor	Minidregg.Kernel.DeclaredResourceController.Reject.bendExecution	cf4140762d0f82855da03d270f8272909470d41b4c416e68b66bec6340a2b9e2	14f012e73f566c7776b79049647ff99a36212c5e3da7c365d48a380c9270da9a	76b01e2b5afc8ecc5704f4bf410307702c581aafe0b2f12cc206c3541bde77e8	048aa946a2ceda27		Minidregg.Kernel.DeclaredResourceController.Reject
def	Minidregg.Kernel.DeclaredResourceController.Reject.bendExecution.elim	e3cc388c75ea4472a31b5bd9aa7384def78d941f89570fa309edbe27fc53043c	147bce63776388cbfc92c4d4bff16a07e48c6aada22c7c627ba84c196d6ca1c6	31d93a3a56a4e630c3085e881b75f415b8226bcac4ac67767463a7dc93519131	fb3439b0a4146308	-	{motive : Minidregg.Kernel.DeclaredResourceController.Reject → Sort u} → (t : Minidregg.Kernel.DeclaredResourceController.Reject) → t.ctorIdx = 30 → motive Minidregg.Kernel.DeclaredResourceController.Reject.bendExecution → motive t
ctor	Minidregg.Kernel.DeclaredResourceController.Reject.capabilityRejected	d323f369ab6a5992baecedd6cd351abefb61314fb8d133fdc4e741ad6d77e142	14f012e73f566c7776b79049647ff99a36212c5e3da7c365d48a380c9270da9a	982608e615fad639796302f792afdd7d7d4d4d4e2e6ddcad2a656982ed26b0dd	d8d4869ed61354f3		Minidregg.Kernel.DeclaredResourceController.Reject
def	Minidregg.Kernel.DeclaredResourceController.Reject.capabilityRejected.elim	9d9d62a5427db9bee0b11e336809f53f6c585538d171463eeab3d05de1fbaec8	37aac0c3bc0a0d5130d68bfa16fe2727da856599a42e9fe6a17bf6aa9f545d1a	88a6b6112ddf311346aa68ffdb033c9278b8b26c57602336f57d47f2cdda1704	74c17e7743ded1c2	-	{motive : Minidregg.Kernel.DeclaredResourceController.Reject → Sort u} → (t : Minidregg.Kernel.DeclaredResourceController.Reject) → t.ctorIdx = 22 → motive Minidregg.Kernel.DeclaredResourceController.Reject.capabilityRejected → motive t
ctor	Minidregg.Kernel.DeclaredResourceController.Reject.channel	263f3aa34421aeb43fd276e7634c4da63163c66163d80094411ff4a5ce87f870	bdfd36d8e6a1980a8f68014c6400e46db0fa335065102ab7e645ed11acc9f000	bdd86a1796085750e8840e170ecac86848006295d05c2a2740927da77647329e	9cb1d920e360e1d9		Minidregg.Kernel.DomainEpoch.Refusal → Minidregg.Kernel.DeclaredResourceController.Reject
def	Minidregg.Kernel.DeclaredResourceController.Reject.channel.elim	64b72bf9bd4c37364469399f360b5175c80c2f22d03ca164be65305967acb4f8	9779b833f3b4e28c397b4204c5770bef4c4fbdc1be882a4a69f1b3c55ddf106f	5d8d537b59ea8e848181222b1079bdfad4ec5bdc6a6e8c5eef320a2b62411a4b	f032eabf6cf645c4	-	{motive : Minidregg.Kernel.DeclaredResourceController.Reject → Sort u} → (t : Minidregg.Kernel.DeclaredResourceController.Reject) → t.ctorIdx = 48 → ((reason : Minidregg.Kernel.DomainEpoch.Refusal) → motive (Minidregg.Kernel.DeclaredResourceController.Reject.channel reason)) → motive t
ctor	Minidregg.Kernel.DeclaredResourceController.Reject.clockUnavailable	bc863d263288ff42c7c98eebe9ffec1e0c279300e361f105cd7d3da7c241b75c	14f012e73f566c7776b79049647ff99a36212c5e3da7c365d48a380c9270da9a	2788de1d25ba6bced46cf3184627a9ed0dae1c77b6574c65bdffc82647d85724	9114716e7c5b91ba		Minidregg.Kernel.DeclaredResourceController.Reject
def	Minidregg.Kernel.DeclaredResourceController.Reject.clockUnavailable.elim	becc6ff18dee73abacd9b7a44aeea512f328862705fc03360c316a5e9f487113	c474d8341efc42d44adaa2909440d7549e19996df15b4bf718365a7a2fb96510	5eb353b911306d7276caf9884ca904f06ca47932fbb2ee3d2c7ea01c5d236b4a	cce28b86391603ff	-	{motive : Minidregg.Kernel.DeclaredResourceController.Reject → Sort u} → (t : Minidregg.Kernel.DeclaredResourceController.Reject) → t.ctorIdx = 39 → motive Minidregg.Kernel.DeclaredResourceController.Reject.clockUnavailable → motive t
ctor	Minidregg.Kernel.DeclaredResourceController.Reject.computeBudget	395eccd54f8a896b74ad6d88bc354af2ed9bb102c2435ecd857a4a965cd3929d	8d2b8f23522a2a998af113c614142f7d0026202d03d86b36adc0aad2c72f1b4b	a9bbfbde29da064ffe3e3ac7f4ea2d63fb18d3be4b5b6ac8c3ca4417eb870d90	4f1e1e72eb9cbf22		Minidregg.Kernel.RunComputeBudgetDomain.Reject → Minidregg.Kernel.DeclaredResourceController.Reject
def	Minidregg.Kernel.DeclaredResourceController.Reject.computeBudget.elim	cc95f8950eb8a30897ef55297c704e9a17d118b2322669706fdfc2e5af3f89e4	fede568a3fc969da204856ded239a4553195de08f0d675ae99b23daaabec0298	5d1e1ef28dd52b9e486048b8da02e7b59911bb57f3f1c28ecf02438ce6322503	a827e23034656161	-	{motive : Minidregg.Kernel.DeclaredResourceController.Reject → Sort u} → (t : Minidregg.Kernel.DeclaredResourceController.Reject) → t.ctorIdx = 45 → ((reason : Minidregg.Kernel.RunComputeBudgetDomain.Reject) → motive (Minidregg.Kernel.DeclaredResourceController.Reject.computeBudget reason)) → motive t
ctor	Minidregg.Kernel.DeclaredResourceController.Reject.computeFunding	a3e4bab9f13acc99f5da52a9a8758180f1950ded569b69ad811ca55e83643219	14f012e73f566c7776b79049647ff99a36212c5e3da7c365d48a380c9270da9a	1287d942d6df11bcb7fef824d11923587f85ddb82c730a21be7c7177305640c2	3261e61a2571c45a		Minidregg.Kernel.DeclaredResourceController.Reject
def	Minidregg.Kernel.DeclaredResourceController.Reject.computeFunding.elim	98ba943f225f85f28f8feb9c62e1c55907a2cdb920e34dea5f169d77c7205ae8	b4445e11dea9f71293f4d5c322121678b85393c9c79094dbf56bdbc5a36014e1	8cbddf9583548b8e944455618a0251099c941f7554374718ee87d91000839cf2	8d960f56440782b5	-	{motive : Minidregg.Kernel.DeclaredResourceController.Reject → Sort u} → (t : Minidregg.Kernel.DeclaredResourceController.Reject) → t.ctorIdx = 44 → motive Minidregg.Kernel.DeclaredResourceController.Reject.computeFunding → motive t
ctor	Minidregg.Kernel.DeclaredResourceController.Reject.conflictingIncidences	b6557477b5032e4dee20a553114ee12b35eeb24b4e6982e4b2a4d62cfac3f1b4	14f012e73f566c7776b79049647ff99a36212c5e3da7c365d48a380c9270da9a	906126fb1e9dc61be2e386a92094d75a26e824575f0d2e1dca50c3ba93b39888	21e2cd09f4ab5e28		Minidregg.Kernel.DeclaredResourceController.Reject
def	Minidregg.Kernel.DeclaredResourceController.Reject.conflictingIncidences.elim	a34079ebbb59e568efb1ff2173b7103da157df6ae9b6e6e54c7da558e6089ae0	113d677a2ff97b65acc993876651d182705606c130b4af853d7a458c1275fb43	a13c8f5ab649c52a7bd2a26a43be302a73b7a9a84e46c08485f076e5b155f317	9d92504bf1fe517e	-	{motive : Minidregg.Kernel.DeclaredResourceController.Reject → Sort u} → (t : Minidregg.Kernel.DeclaredResourceController.Reject) → t.ctorIdx = 26 → motive Minidregg.Kernel.DeclaredResourceController.Reject.conflictingIncidences → motive t
ctor	Minidregg.Kernel.DeclaredResourceController.Reject.content	2245d63b8841248c43e961de3cc7e63b81eec667ce90ca9a2c0e9d9a129add15	a23581557fe47a3ca86ff91893400b1537da82e9db99710f84b53c4f027c0ad2	f48b3582ffad58b10a67517a8809b5e1c12c7f52e1b7d1d59f5f16e6cfb72771	9b8a67b3fc16606d		Minidregg.Kernel.ContentResource.Reject → Minidregg.Kernel.DeclaredResourceController.Reject
def	Minidregg.Kernel.DeclaredResourceController.Reject.content.elim	1f03bb5980186745962baf9753bfa26e0816d04e77d0cd173bed35674b017ae6	c3b4cac3843272b3c01f2580b52f9750327f61bddee6954fc8729a90e9403137	c6a2b788cf3b212eac18e04dd1c61f25053a359dcec6c34077d0b4b84260fed3	65b69e00a60a31fb	-	{motive : Minidregg.Kernel.DeclaredResourceController.Reject → Sort u} → (t : Minidregg.Kernel.DeclaredResourceController.Reject) → t.ctorIdx = 9 → ((reason : Minidregg.Kernel.ContentResource.Reject) → motive (Minidregg.Kernel.DeclaredResourceController.Reject.content reason)) → motive t
ctor	Minidregg.Kernel.DeclaredResourceController.Reject.directoryUnavailable	66fe6b78bb0ff26011b250652189f00cea0170121d14a7b019bc6896d9a3daa7	14f012e73f566c7776b79049647ff99a36212c5e3da7c365d48a380c9270da9a	63405b1a09c5542752dfd3c909ded91046f4f2148f6012fa3852ba8e5d6bc3e4	61614d1c16f16cff		Minidregg.Kernel.DeclaredResourceController.Reject
def	Minidregg.Kernel.DeclaredResourceController.Reject.directoryUnavailable.elim	d913d6be7b60bfb3690c974e7162cb75668ffda83f715618524ae59155f82586	e4eecb1628d1aa8fe99d4ce620a6cc93191a12c15e76b0658cde09b3fe2ad1bb	0fa554cb9162c1054a7ebbe1dec8318df15417d49c0d735a5d89b6f64259257f	eb1700685be2885e	-	{motive : Minidregg.Kernel.DeclaredResourceController.Reject → Sort u} → (t : Minidregg.Kernel.DeclaredResourceController.Reject) → t.ctorIdx = 13 → motive Minidregg.Kernel.DeclaredResourceController.Reject.directoryUnavailable → motive t
ctor	Minidregg.Kernel.DeclaredResourceController.Reject.duplicateTargets	c1308a4fc848f2dda58bc1d8671179dc53b735f74b08e3634fbfbc530847ea7a	14f012e73f566c7776b79049647ff99a36212c5e3da7c365d48a380c9270da9a	3c7bbee0988c4f4034c0431fc6622e1a5038ff69e646ea42d07e4fee26ebb2d0	9cd1821cd48daa9e		Minidregg.Kernel.DeclaredResourceController.Reject
def	Minidregg.Kernel.DeclaredResourceController.Reject.duplicateTargets.elim	7e8b4346dbb0038569c5163fee7f3208cdf8c7298ec201626a1c2ffc0b1307ed	00f585a4eaa9625563536e4e8b0701d1c04c03c04d70af9fd7ab3f6b7addb068	ce492de8956039da9eef7221428d573d58cbfcf4c6a0a6107da43c66120017db	90d297df233d5f84	-	{motive : Minidregg.Kernel.DeclaredResourceController.Reject → Sort u} → (t : Minidregg.Kernel.DeclaredResourceController.Reject) → t.ctorIdx = 2 → motive Minidregg.Kernel.DeclaredResourceController.Reject.duplicateTargets → motive t
ctor	Minidregg.Kernel.DeclaredResourceController.Reject.emptyActions	f1f64b02491475db27be2503886454f61ae454795aaececc2ab15bfe80e6e844	14f012e73f566c7776b79049647ff99a36212c5e3da7c365d48a380c9270da9a	faa6eb3d2365d2e55e07efe56490e3a8c413e00cba30171c2a0bbddb3b633ad4	37bcfe20b6516e17		Minidregg.Kernel.DeclaredResourceController.Reject
def	Minidregg.Kernel.DeclaredResourceController.Reject.emptyActions.elim	a2b71e89acf2dcff4b1d6581e71443e497a9c987ea38f29656cfc9b18187a41d	70e69f19b59aafbdd0a32578196a567ea700fc5a354c3c219e51d68016965b6e	c9f9eee4d805890a463d1c7ba92d1e23d69b1a7c79c15ca7c5c90df1d40e4780	42e7143e7a549e6a	-	{motive : Minidregg.Kernel.DeclaredResourceController.Reject → Sort u} → (t : Minidregg.Kernel.DeclaredResourceController.Reject) → t.ctorIdx = 3 → motive Minidregg.Kernel.DeclaredResourceController.Reject.emptyActions → motive t
ctor	Minidregg.Kernel.DeclaredResourceController.Reject.emptyTargets	e902b4e66fba1ce0aa764a1dc0f7aa350170748ee9915b661db1645f43903bb0	14f012e73f566c7776b79049647ff99a36212c5e3da7c365d48a380c9270da9a	b85e10f237f15e3fd84fe2699661f4d4e7adcac58765bfb1a424bfeefec868fc	94ca4fca2a99245c		Minidregg.Kernel.DeclaredResourceController.Reject
def	Minidregg.Kernel.DeclaredResourceController.Reject.emptyTargets.elim	adbd62f5618298d012d29fbbf70124da5689ebf8182cf9e03f296931a4d15bb9	2d3fb76c46c5c25d450806ed729aab10e60bdd31632f0746c0ad3131abb7c05f	47b8fc0a6371fa4cfb9f11550e1127342c7f7c58110385d9d2319988c2c22aa6	d5c54d98354e918f	-	{motive : Minidregg.Kernel.DeclaredResourceController.Reject → Sort u} → (t : Minidregg.Kernel.DeclaredResourceController.Reject) → t.ctorIdx = 1 → motive Minidregg.Kernel.DeclaredResourceController.Reject.emptyTargets → motive t
ctor	Minidregg.Kernel.DeclaredResourceController.Reject.fieldNotNamed	d19c22fd6e31a3f0e5fd9386216a148a25eceaa529db788bd237de9f43e59830	14f012e73f566c7776b79049647ff99a36212c5e3da7c365d48a380c9270da9a	3f08e35af69da5bab7b544e2858118697a8933cafcb0eab598c9ef1eb3d302ba	ed719704a2755f68		Minidregg.Kernel.DeclaredResourceController.Reject
def	Minidregg.Kernel.DeclaredResourceController.Reject.fieldNotNamed.elim	95dd90ee83bcc243a78e12eb5003102fa4ef2a962344626b46a35d84db2947aa	4c022542ed7700aceabcfb3f6f8f848dd30ce1e50c8d6cb4631ffb83f499d69a	4b9ca478801980b346b00cf90d002a0a14120d7d0ec7886ec637f504d13597bc	f1aaab64375f1e57	-	{motive : Minidregg.Kernel.DeclaredResourceController.Reject → Sort u} → (t : Minidregg.Kernel.DeclaredResourceController.Reject) → t.ctorIdx = 49 → motive Minidregg.Kernel.DeclaredResourceController.Reject.fieldNotNamed → motive t
ctor	Minidregg.Kernel.DeclaredResourceController.Reject.invalidPost	44f258fd51712f1ab6f145e15a9be995185341b3b6392e65990a55e6804165e6	14f012e73f566c7776b79049647ff99a36212c5e3da7c365d48a380c9270da9a	0777489efe9798f97055a922d91567b76bbb252ffd03c968f9238f0442902e15	67b54b6abbb3b89e		Minidregg.Kernel.DeclaredResourceController.Reject
def	Minidregg.Kernel.DeclaredResourceController.Reject.invalidPost.elim	7d69ed451e27a4e3e352d327da185e7805086b2032cfe3c9409708c5bda6edcb	3af67266c9cec37dbfa43f7eeed369cdef22745ae428e9d7c31d2f117148e5a7	30f1c3d41e8f3e73097e52529db3abe2aec527c37803ad49f1778198097e549e	e12d958870f26aa8	-	{motive : Minidregg.Kernel.DeclaredResourceController.Reject → Sort u} → (t : Minidregg.Kernel.DeclaredResourceController.Reject) → t.ctorIdx = 11 → motive Minidregg.Kernel.DeclaredResourceController.Reject.invalidPost → motive t
ctor	Minidregg.Kernel.DeclaredResourceController.Reject.kindDefinition	867dd332110b4bcef2296361b4ae2450df58cac5affdb5d0d1fb1dfd1040d591	14f012e73f566c7776b79049647ff99a36212c5e3da7c365d48a380c9270da9a	2e855e337bf0d04d3d3068a03cf99dae4745c66b39d8dcae152ef54a734a1bf1	3a27ffb659dfe093		Minidregg.Kernel.DeclaredResourceController.Reject
def	Minidregg.Kernel.DeclaredResourceController.Reject.kindDefinition.elim	7a2f5bf0c51eb98d5b75d5395e5a78e5e451b1d966d6122702edbfe8366e62a2	81bca77b0b8d0c1a167c51365e5a891e0b19ef725e0c5ba4ee504d2124ea31ee	4d83818e3bcc62ae3e9d8fd46d441e7778b1b10be18b39c33b40ace6957a9ca0	0dac3388beb94623	-	{motive : Minidregg.Kernel.DeclaredResourceController.Reject → Sort u} → (t : Minidregg.Kernel.DeclaredResourceController.Reject) → t.ctorIdx = 43 → motive Minidregg.Kernel.DeclaredResourceController.Reject.kindDefinition → motive t
ctor	Minidregg.Kernel.DeclaredResourceController.Reject.legSignature	4307520c84019e25d7f43b58033aa1bf24483fa741dccedae054b75fe3a86653	427a4cedb55db2645ae8eb8da56aca0efc914cd307845c7418aaabd3f5ca3755	832023691d95d0667797959c445b861de9cae5ac50967c9949eef8988c58e109	70088462e1aa9875		Minidregg.Compiler.CredentialSignatureAdmission.Reject → Minidregg.Kernel.DeclaredResourceController.Reject
def	Minidregg.Kernel.DeclaredResourceController.Reject.legSignature.elim	474841faed55b2702bd6127eb97a83713d255f3574a626ba8a33e251e7bc1944	cd2d237025c17eac219c08e9ca226bc73f144c6209d01a0b422ca7f457a6754a	74a81403c82e7fe6bf52f0e794e253afea3b631a2069344c6eb54d1cc4ad0f13	7fd227dae2cfc04a	-	{motive : Minidregg.Kernel.DeclaredResourceController.Reject → Sort u} → (t : Minidregg.Kernel.DeclaredResourceController.Reject) → t.ctorIdx = 21 → ((reason : Minidregg.Compiler.CredentialSignatureAdmission.Reject) → motive (Minidregg.Kernel.DeclaredResourceController.Reject.legSignature reason)) → motive t
ctor	Minidregg.Kernel.DeclaredResourceController.Reject.malformedCommand	6029887d75bcd89b4882d69d88d5cb37af97fbb2bed2a0a2ba2deb02dc12c527	14f012e73f566c7776b79049647ff99a36212c5e3da7c365d48a380c9270da9a	94e5569d6d80f02d9f78b747825f9ed2741ae1abc4c1abbcbaf2e055e6db22a7	77f4646f09b10654		Minidregg.Kernel.DeclaredResourceController.Reject
def	Minidregg.Kernel.DeclaredResourceController.Reject.malformedCommand.elim	b8aebef4fa04a01bf089dfb350b78fbd50060de1caed0e147f42a85dc109ff56	a9104869f111b647e856c03ff73e9854563e355fd3b9e8816f03b5eaf2632984	d5b9e147dc6788f765e46f13e66cd81dc7f6bee1ac5bb2857d163e8f8fab73d0	d74ffa12659f5801	-	{motive : Minidregg.Kernel.DeclaredResourceController.Reject → Sort u} → (t : Minidregg.Kernel.DeclaredResourceController.Reject) → t.ctorIdx = 0 → motive Minidregg.Kernel.DeclaredResourceController.Reject.malformedCommand → motive t
ctor	Minidregg.Kernel.DeclaredResourceController.Reject.maxDeltaExceeded	3359be5aa9c6086d5a62c1cbc098e7256f5654ac4e0f2f7b3b3cf5377f9c56d4	14f012e73f566c7776b79049647ff99a36212c5e3da7c365d48a380c9270da9a	b4365a96c4401aac8c79efceeaf34e35d4b8ef75bdcc5924524f17054fe661f3	68c1175f8db8556c		Minidregg.Kernel.DeclaredResourceController.Reject
def	Minidregg.Kernel.DeclaredResourceController.Reject.maxDeltaExceeded.elim	d19b80138a8f523c451a58aab52b4c12546998bb53d674573f8fca412ad26d9a	e7fb4875addcae9c4ed072208cc1e0f69ff7a5c71dc1e11cd752ebafc430850e	ebb50c584d36a51948b6bfff0e98991068e4131bdd655cd6387bdb5683260589	6ee7befcce193c8b	-	{motive : Minidregg.Kernel.DeclaredResourceController.Reject → Sort u} → (t : Minidregg.Kernel.DeclaredResourceController.Reject) → t.ctorIdx = 50 → motive Minidregg.Kernel.DeclaredResourceController.Reject.maxDeltaExceeded → motive t
ctor	Minidregg.Kernel.DeclaredResourceController.Reject.missingTarget	178f4fd604ed53560f35a3276f12932e3d2f682a360aa816e92170fc1b57b9e8	14f012e73f566c7776b79049647ff99a36212c5e3da7c365d48a380c9270da9a	d127fd7cb18c259d8ad176d774c98642a75091a340ef65f717bfa6e8004d41d8	66e7a709c8de8959		Minidregg.Kernel.DeclaredResourceController.Reject
def	Minidregg.Kernel.DeclaredResourceController.Reject.missingTarget.elim	91498a56cb7ec39804654008a7b5ae297d7d7daf4ea7641c350dd6518a5e96b8	04a1b0724de95a1d703d6bff140378e615f914987ea1adb348498bcdae7e5d63	28bda2b19d0a4236da68fa30678fb42a8650bf22a6680e3bda78eca40dd3d481	244b1642040df294	-	{motive : Minidregg.Kernel.DeclaredResourceController.Reject → Sort u} → (t : Minidregg.Kernel.DeclaredResourceController.Reject) → t.ctorIdx = 5 → motive Minidregg.Kernel.DeclaredResourceController.Reject.missingTarget → motive t
ctor	Minidregg.Kernel.DeclaredResourceController.Reject.money	a0042bc0d647d040426166d30f52ccd4130ca0584dd963c41fbeaf30d308f1b7	1f73e49058ca89ee19004d6c9daa139eea47465db733c1644e8ee5a872196bea	35d03ab8eb57d7ced0b8f12fb94f84d5d53da852e58c8127125d5a27f1c22329	2d6a18f654c4c6d6		Minidregg.Kernel.ResourceMoneyReceiver.Reject → Minidregg.Kernel.DeclaredResourceController.Reject
def	Minidregg.Kernel.DeclaredResourceController.Reject.money.elim	56f10d2d22135df2e0f4601e4a4d2b208e5c18302859357dcd522c92716c8f9f	639f0ccbcae14c4aed26c59859505b41fe9c8ce1a581cecc1b7077b6f10cf118	5d44b79d6e4bf93c35ebd83048fda98b10ae65033c523412bb9e1f56ddb35d5f	2ce2376a4fb3efd5	-	{motive : Minidregg.Kernel.DeclaredResourceController.Reject → Sort u} → (t : Minidregg.Kernel.DeclaredResourceController.Reject) → t.ctorIdx = 46 → ((reason : Minidregg.Kernel.ResourceMoneyReceiver.Reject) → motive (Minidregg.Kernel.DeclaredResourceController.Reject.money reason)) → motive t
ctor	Minidregg.Kernel.DeclaredResourceController.Reject.noReadOracle	fa568b886322fd0c62eb0c69f6f577467f87c357ada1084bddf32b91ba8c5a81	14f012e73f566c7776b79049647ff99a36212c5e3da7c365d48a380c9270da9a	fe0c9ced56eab034fd9bd56bd160461cd2390c51f1b602fd5a8eb2db7087b817	05a76ac1bb965ef1		Minidregg.Kernel.DeclaredResourceController.Reject
def	Minidregg.Kernel.DeclaredResourceController.Reject.noReadOracle.elim	09769851dcc26384c7c9d487461b351e045bd368b0f6ef78b63209dfc98140c4	6d88776a47c8ab4a4c9901e69bf2eebeb37d58a8a420364d3b893e992ef299af	aabf8f8fb16caa3fdb4abb80fda1ca3e6a2af1b11ac7a22c5e9477b14bf1d487	fd0805f8935d3378	-	{motive : Minidregg.Kernel.DeclaredResourceController.Reject → Sort u} → (t : Minidregg.Kernel.DeclaredResourceController.Reject) → t.ctorIdx = 31 → motive Minidregg.Kernel.DeclaredResourceController.Reject.noReadOracle → motive t
ctor	Minidregg.Kernel.DeclaredResourceController.Reject.nullifierUsed	3b356a4c6226f8927906f510bce6a254b94ce220aa3e3026b85e5e414ea06fac	14f012e73f566c7776b79049647ff99a36212c5e3da7c365d48a380c9270da9a	6dfd936834650e5cd3726672ffb609f44660f7f88b126aca8857000e839b101e	f5f50ad637d98822		Minidregg.Kernel.DeclaredResourceController.Reject
def	Minidregg.Kernel.DeclaredResourceController.Reject.nullifierUsed.elim	728cd525cb06b745f5ec74baebac425c4019e3b83fca5833affd0d908bd375aa	c00ac9071f0d7c9506fd47da47d744988581a84f289eee70261a857f27dc8a75	3730452ca3d1656f86ef76a3ae5645455025b11dd15ecebdd7d811ce8c4bcd7f	79cd2fa4ebbedd89	-	{motive : Minidregg.Kernel.DeclaredResourceController.Reject → Sort u} → (t : Minidregg.Kernel.DeclaredResourceController.Reject) → t.ctorIdx = 14 → motive Minidregg.Kernel.DeclaredResourceController.Reject.nullifierUsed → motive t
ctor	Minidregg.Kernel.DeclaredResourceController.Reject.objectiveInput	384e23c261a0d77847ced6f2f546792b21c721a4bf26e85d5eb46bcec79bdd0b	14f012e73f566c7776b79049647ff99a36212c5e3da7c365d48a380c9270da9a	da53207c56579745fda7b15b7e6b2eea4c7b6f84a2dcef3e6ec13b710074d8e1	555f72525109a7b6		Minidregg.Kernel.DeclaredResourceController.Reject
def	Minidregg.Kernel.DeclaredResourceController.Reject.objectiveInput.elim	2c907ed81dc27c09d3a39b65a69ec24a94f1b3e564bf22ae3e3b2a515409bcab	cc7c764425879ddd7794b02049914c24bfb37776331d1b2760e158f2b6e32d82	270fd7b3eba2ef474859ba70a11f2f790d01d5734f932b664d3ce12aaf0c6272	e1d734c2d059ffb8	-	{motive : Minidregg.Kernel.DeclaredResourceController.Reject → Sort u} → (t : Minidregg.Kernel.DeclaredResourceController.Reject) → t.ctorIdx = 34 → motive Minidregg.Kernel.DeclaredResourceController.Reject.objectiveInput → motive t
ctor	Minidregg.Kernel.DeclaredResourceController.Reject.objectiveOutput	6fd9ce9dbaf59dae408427751de997de6e01f6621b37ec327f684bf4e57cd95c	14f012e73f566c7776b79049647ff99a36212c5e3da7c365d48a380c9270da9a	dda28541bf0cc6c522cb4b402ec51bb877ef8a7fb98856f495a8e58aa17804f3	08001b27e9182e8f		Minidregg.Kernel.DeclaredResourceController.Reject
def	Minidregg.Kernel.DeclaredResourceController.Reject.objectiveOutput.elim	a2b1393f105fe1e08d6f3141da206b9f2656cf40813fba9f25e2765ee4a8fc33	a06fadcab7e1d574cb80d727f8683cbc629612f26b8431068d7a926efb54b02e	0f698850520bd028e5c67f89de7b47fab649e5cfa15be7b29bd4a8574c213254	c8ae6f938bb9995b	-	{motive : Minidregg.Kernel.DeclaredResourceController.Reject → Sort u} → (t : Minidregg.Kernel.DeclaredResourceController.Reject) → t.ctorIdx = 35 → motive Minidregg.Kernel.DeclaredResourceController.Reject.objectiveOutput → motive t
ctor	Minidregg.Kernel.DeclaredResourceController.Reject.objectiveSource	1556d5cdba992845c2dd669b5906cb005b2293c05679abaefbc8799a8305edf0	14f012e73f566c7776b79049647ff99a36212c5e3da7c365d48a380c9270da9a	4f5a3fad5acb5c8802b31083382c55f5c9760cdfa84cbe5c00552f077d1fdb70	94a9b793e06e996c		Minidregg.Kernel.DeclaredResourceController.Reject
def	Minidregg.Kernel.DeclaredResourceController.Reject.objectiveSource.elim	39c79e7c75b935bcc9c73e5aa50a8992bb0f61361ed480361462620127e01fd7	c38e257bc9449f2f75da3a2913a0919fae15c9b8d8f9108729e0e603b1eeaa62	1b35bf69ef546372535c071f9ca4ca367efe70257c3182733cfd70b714f75025	b1cd8da3c2d883f8	-	{motive : Minidregg.Kernel.DeclaredResourceController.Reject → Sort u} → (t : Minidregg.Kernel.DeclaredResourceController.Reject) → t.ctorIdx = 33 → motive Minidregg.Kernel.DeclaredResourceController.Reject.objectiveSource → motive t
ctor	Minidregg.Kernel.DeclaredResourceController.Reject.objectiveTariff	277fb4e65c1b524b20db465ddfd163648c5864a364a5b670637a2fd1a4f01f16	14f012e73f566c7776b79049647ff99a36212c5e3da7c365d48a380c9270da9a	e793ce342e0f86644d98ad44f58434f8ebfecf62c17f8464be5542816dd55a9b	41b28cc577bc1fc7		Minidregg.Kernel.DeclaredResourceController.Reject
def	Minidregg.Kernel.DeclaredResourceController.Reject.objectiveTariff.elim	bfddbf359e194f7109359b63eccb3b234248d2f29fd69b09ec1d605abbf66b75	c0bbfb6c4fd56c271b2ef3cfbad19f85626613f97b93812af30cef368913a7ee	341ff5e2762611d8035982b2327405c0e35f9ad99760fcf56102e0a30bedecab	1bbafc846131b4bc	-	{motive : Minidregg.Kernel.DeclaredResourceController.Reject → Sort u} → (t : Minidregg.Kernel.DeclaredResourceController.Reject) → t.ctorIdx = 32 → motive Minidregg.Kernel.DeclaredResourceController.Reject.objectiveTariff → motive t
ctor	Minidregg.Kernel.DeclaredResourceController.Reject.objectiveUsage	bc38b604d2769636713e94a61889692f77f3ab8c9a2b0025ee8c015c3c35f759	14f012e73f566c7776b79049647ff99a36212c5e3da7c365d48a380c9270da9a	8fdabe14b68d7060de9310dc1c7472f7f94840022c1865255f8309121c499433	09d0631e0bc5b045		Minidregg.Kernel.DeclaredResourceController.Reject
def	Minidregg.Kernel.DeclaredResourceController.Reject.objectiveUsage.elim	358b9e535560d04b3fc3a5fef6a3d908ffef9720817cdefaf67efcf02996b50f	da8fc8020759e7fbe84416e779a35ae6a3d64d2c8c0b2524d36e1c409cfd1642	5579e349e99ae5ac970fc96308e7da6b7e6661489c3d2206e7ddfd4343688850	61a8cef3505bddb0	-	{motive : Minidregg.Kernel.DeclaredResourceController.Reject → Sort u} → (t : Minidregg.Kernel.DeclaredResourceController.Reject) → t.ctorIdx = 36 → motive Minidregg.Kernel.DeclaredResourceController.Reject.objectiveUsage → motive t
ctor	Minidregg.Kernel.DeclaredResourceController.Reject.observationRejected	5512ba7aee23b079d45f8133984942550e1e969dbcc76e6b1875770722807f6e	14f012e73f566c7776b79049647ff99a36212c5e3da7c365d48a380c9270da9a	0ac0502ff86f2c928959244d8fb8459548281e6e0f0c86b02447df08ba2e03e9	4a6dd492586b6aa6		Minidregg.Kernel.DeclaredResourceController.Reject
def	Minidregg.Kernel.DeclaredResourceController.Reject.observationRejected.elim	7709efefcba4cbc3dd9cd963a3d8f2ebcf5e32d7733b767be81e3e0c96bb304f	54efe03b4a64beb29395ea6c68a5e007389476ea3c40fb43e7f21e13484a6487	e7f8d75ed1747bea822b603ada66213a2fe80e70b542e266f208629cefb3586f	ad7bf7bab2f5600c	-	{motive : Minidregg.Kernel.DeclaredResourceController.Reject → Sort u} → (t : Minidregg.Kernel.DeclaredResourceController.Reject) → t.ctorIdx = 38 → motive Minidregg.Kernel.DeclaredResourceController.Reject.observationRejected → motive t
ctor	Minidregg.Kernel.DeclaredResourceController.Reject.observationRequired	f48244f4ddb41b9ad74e997b307c5d5738bf19bc7fbf491a8599d4293d457c17	14f012e73f566c7776b79049647ff99a36212c5e3da7c365d48a380c9270da9a	0f992fc21a7613720bfca465f7af881ec6a3ab46795a02ed1416cc41d5a1dfac	685b12de9d4ecd9d		Minidregg.Kernel.DeclaredResourceController.Reject
def	Minidregg.Kernel.DeclaredResourceController.Reject.observationRequired.elim	ac28fecbd97dfa126d6d4fc619b098aff707a615a4ae63a0c7aaae52c442d9af	73822cd8dfcef1c44205b172d1cc85b92e1ad3f815c17ffd5826febbcd013c24	01811d34e03f9d3c23d2f4a625a311e74926cf47b47c0923e3d087b7d42202c4	199fb9bb143a8a5d	-	{motive : Minidregg.Kernel.DeclaredResourceController.Reject → Sort u} → (t : Minidregg.Kernel.DeclaredResourceController.Reject) → t.ctorIdx = 37 → motive Minidregg.Kernel.DeclaredResourceController.Reject.observationRequired → motive t
ctor	Minidregg.Kernel.DeclaredResourceController.Reject.patchValidation	bae139307e0a026450ffae139cff91d283ff51489f2ad4a538b415e96261b092	14f012e73f566c7776b79049647ff99a36212c5e3da7c365d48a380c9270da9a	4438cf0e25a48a1ccc34a705e557c7b4d67002c77b879313495a616db90ff922	405eac4c277e7e46		Minidregg.Kernel.DeclaredResourceController.Reject
def	Minidregg.Kernel.DeclaredResourceController.Reject.patchValidation.elim	9acc1f554aea5136ea2d939f1a35ab49526ee8261d1bb3518447e07ccca1d68d	268133c89e886173dc0c8e8599171b67ee7fb38db8ddd357fb5536747f581b6e	bdc650eeac7736395da650e7ccdf636d25a0c9bb68d313b565afc1e04047c15e	5274f1d0cb153c6a	-	{motive : Minidregg.Kernel.DeclaredResourceController.Reject → Sort u} → (t : Minidregg.Kernel.DeclaredResourceController.Reject) → t.ctorIdx = 10 → motive Minidregg.Kernel.DeclaredResourceController.Reject.patchValidation → motive t
ctor	Minidregg.Kernel.DeclaredResourceController.Reject.physicalPreparation	83825441a6da8d5aafb0227e9595b9741d182b3f2c999476d278c0a16a5a0ff1	14f012e73f566c7776b79049647ff99a36212c5e3da7c365d48a380c9270da9a	df89ed7bea9d5a5af017d6b6a6a68943e03dc16e44c6fd57e0d2f17418758445	2af45c9acbc93d13		Minidregg.Kernel.DeclaredResourceController.Reject
def	Minidregg.Kernel.DeclaredResourceController.Reject.physicalPreparation.elim	6bffa83dd0ea271cf2df4c8192d53732d4225cd92d671a56b70eec6f2ce89c48	8ed39c824b02cfe33797aa38da9ab2714d95f7e1f650bd8c131a2dab872547d1	ec583ec7c201f5c13c8ed106202fc877eed30da572fa1fccff144988cc6a590a	5e27ee951db1471d	-	{motive : Minidregg.Kernel.DeclaredResourceController.Reject → Sort u} → (t : Minidregg.Kernel.DeclaredResourceController.Reject) → t.ctorIdx = 18 → motive Minidregg.Kernel.DeclaredResourceController.Reject.physicalPreparation → motive t
ctor	Minidregg.Kernel.DeclaredResourceController.Reject.policyCastAlias	dab76b0ce250b2e88f56b666247c409ab438a5c2d779ad1f8dad5c632ec127ce	14f012e73f566c7776b79049647ff99a36212c5e3da7c365d48a380c9270da9a	6525787142c2d3d6280c7dbe0ad0a37a72e964e135c56a883dd00549cfda5aac	d4182d039ead1135		Minidregg.Kernel.DeclaredResourceController.Reject
def	Minidregg.Kernel.DeclaredResourceController.Reject.policyCastAlias.elim	a3745d018d2a317833b7f4b3e6705b2b2ea00bc107aab076ab9329f1701c5dc5	553eaea9334ecd0ff453a0387c83fc595ad5d0de64d031db6643e10a6c36f872	f94f5757081cefa5c0c134353ac11ae8f0eca3017ad9e88098f1dc41c89f4309	ff5fa05a7fe282f8	-	{motive : Minidregg.Kernel.DeclaredResourceController.Reject → Sort u} → (t : Minidregg.Kernel.DeclaredResourceController.Reject) → t.ctorIdx = 25 → motive Minidregg.Kernel.DeclaredResourceController.Reject.policyCastAlias → motive t
ctor	Minidregg.Kernel.DeclaredResourceController.Reject.policyInputRange	e25c3986efb7e878f748523051f748d09dac7330b3b43c93fdad32c6c14c8272	14f012e73f566c7776b79049647ff99a36212c5e3da7c365d48a380c9270da9a	d7c284bc6ebcf247e6ec00f17f024925bc3aeea4e5fbe9ea2b76ceccce8bda28	bf2223454f58c726		Minidregg.Kernel.DeclaredResourceController.Reject
def	Minidregg.Kernel.DeclaredResourceController.Reject.policyInputRange.elim	2bd1c3d707b9c281aeb912ba67bf1f7f7a4e0e7786e70fa929b372868d17dc54	9e18c0be66bb43a82b8c78f9fddd58b4c09a8d7cc43f6c0beec096bdae2bdddc	9f796245c1e37eee6326560a4119a19f09dbdb172b7c98dd53a6e2360b1c2756	49bb0d9ebd9d2f83	-	{motive : Minidregg.Kernel.DeclaredResourceController.Reject → Sort u} → (t : Minidregg.Kernel.DeclaredResourceController.Reject) → t.ctorIdx = 24 → motive Minidregg.Kernel.DeclaredResourceController.Reject.policyInputRange → motive t
ctor	Minidregg.Kernel.DeclaredResourceController.Reject.policyRejected	285f08a01049fed93fa972bf499fe34ee4d2cd36efcfc47fefc1bf6ce323d026	14f012e73f566c7776b79049647ff99a36212c5e3da7c365d48a380c9270da9a	c5b4fa4680cb1cff6070cb1f0c9a1cb5df7f35dffdd9c61e8c3bca838a38f0d1	e769b21693f59f0b		Minidregg.Kernel.DeclaredResourceController.Reject
def	Minidregg.Kernel.DeclaredResourceController.Reject.policyRejected.elim	0a8ce29c5a051986feb7e66d370d05a93ebe982c849d2b16e4007768cb4443f7	52e578f6f9b60529bf7a7b545c782bec6008b4d76221663aaae9e88b60c0db2c	bf80ce639d08ff7f741116572db8d375ed197249cd1eedcfe16eb936b74c19a2	c6346c63d3623d94	-	{motive : Minidregg.Kernel.DeclaredResourceController.Reject → Sort u} → (t : Minidregg.Kernel.DeclaredResourceController.Reject) → t.ctorIdx = 23 → motive Minidregg.Kernel.DeclaredResourceController.Reject.policyRejected → motive t
ctor	Minidregg.Kernel.DeclaredResourceController.Reject.policyUnavailable	bed0c128545f87aef81fbfc245bbf5e8da6bc4ea497e61ae4622ee1578cedf89	14f012e73f566c7776b79049647ff99a36212c5e3da7c365d48a380c9270da9a	e09eaf442ee6f2e0950472c7a98cf478e70d5c778a83bbd6245e99d5ec53678e	12f4fb3af44f0da8		Minidregg.Kernel.DeclaredResourceController.Reject
def	Minidregg.Kernel.DeclaredResourceController.Reject.policyUnavailable.elim	2d3b5692ebf22b949f6a696da4a73333c9fdfb921607f534d2a499e5e9f4d0c0	67d6a1a2e77ed865c129419167284199381f2bdecb9b01f3a9a591e909165b98	bbf52f2c9e4021a6e86815d6b0def9b787de749c3e21659d7b1bf5caa8c95216	66384dfaf1661319	-	{motive : Minidregg.Kernel.DeclaredResourceController.Reject → Sort u} → (t : Minidregg.Kernel.DeclaredResourceController.Reject) → t.ctorIdx = 19 → motive Minidregg.Kernel.DeclaredResourceController.Reject.policyUnavailable → motive t
ctor	Minidregg.Kernel.DeclaredResourceController.Reject.readOnlyCommand	12c183fcaf30a32822ee5bf06dd10213ebd0c290bb0908fb90ed161c81bace5a	14f012e73f566c7776b79049647ff99a36212c5e3da7c365d48a380c9270da9a	b6a063cbea312fdb332eb1f54f023c2c0a1f18e96ed1c1daff440551a4c0f79c	092438660615367a		Minidregg.Kernel.DeclaredResourceController.Reject
def	Minidregg.Kernel.DeclaredResourceController.Reject.readOnlyCommand.elim	d96b53a3545007907dd05ce2693cc6d879ba071e7fc098d4a75bcafa1221e0e8	6fdefadd3698ae27a16f916785587830a42053af9decd09dffd3627cea2ccb36	8d5325841d0620bc64b0f25f9ec1d39d14e56d537eed7c6fd868589f75fb8bb5	c823c5d0de350054	-	{motive : Minidregg.Kernel.DeclaredResourceController.Reject → Sort u} → (t : Minidregg.Kernel.DeclaredResourceController.Reject) → t.ctorIdx = 29 → motive Minidregg.Kernel.DeclaredResourceController.Reject.readOnlyCommand → motive t
ctor	Minidregg.Kernel.DeclaredResourceController.Reject.readTargetEnvelope	4c2b7a70c247f007dc7a770cbe1825b4dbe8ec9fb6db7de46f1895402eb1bcf5	14f012e73f566c7776b79049647ff99a36212c5e3da7c365d48a380c9270da9a	2b2e53bf35d1f73071159bd4412940078bf915afc4c8e77604da64e8ca702a3b	e0d7b507ec7265b5		Minidregg.Kernel.DeclaredResourceController.Reject
def	Minidregg.Kernel.DeclaredResourceController.Reject.readTargetEnvelope.elim	e5063bc6bae5179466a18de0466c2cbe01019944cbed179f36c35622936e4bd9	7199cfb0714f3e131d2d67103f5a727341c318dec20d7e6c27018846c224a59e	d0c6582fa7b56c68bf76bb58a70a829e33cb7c4a9877c35e4b4c2d32d65fb1d2	7655d43f4717d8d7	-	{motive : Minidregg.Kernel.DeclaredResourceController.Reject → Sort u} → (t : Minidregg.Kernel.DeclaredResourceController.Reject) → t.ctorIdx = 28 → motive Minidregg.Kernel.DeclaredResourceController.Reject.readTargetEnvelope → motive t
ctor	Minidregg.Kernel.DeclaredResourceController.Reject.refusalLane	0fb1b3ce015d7e8cd42f807aa8f45782f3ddcc5f507d82178dc484fe4470e607	14f012e73f566c7776b79049647ff99a36212c5e3da7c365d48a380c9270da9a	1094dc0fb3267ccfaf25575517f5d5accade542fa12c6157b304ee53557f5678	240fb4cf6ac102c0		Minidregg.Kernel.DeclaredResourceController.Reject
def	Minidregg.Kernel.DeclaredResourceController.Reject.refusalLane.elim	c93c5f61aa1be4567b7b8ab4189e864784d2cbe3d1a8205c25d5fbc02d47d726	1d74245870c337b59190d5c987e0fa9653cb2a492683525c6c79ebf7ffbdb253	d15a27c9c180fdc90e8caaf42df6d92f7e94543f225f63fa92665c6072a71610	de2d97b09b922925	-	{motive : Minidregg.Kernel.DeclaredResourceController.Reject → Sort u} → (t : Minidregg.Kernel.DeclaredResourceController.Reject) → t.ctorIdx = 52 → motive Minidregg.Kernel.DeclaredResourceController.Reject.refusalLane → motive t
ctor	Minidregg.Kernel.DeclaredResourceController.Reject.run	2ee3586646a909d0c7d5fa0f4bbb9e79e717fd72de5427e7795211831b80d135	8a0d70f7fa0ca54b9852b0ac8476eef97903bed7a1bc2958dc1a28a10889ad01	d29d0c7b6b32ea4bbe7c1f706810a7298140fb8637540dd2105a373512649222	732524249459c23c		Minidregg.Kernel.Run.Refusal → Minidregg.Kernel.DeclaredResourceController.Reject
def	Minidregg.Kernel.DeclaredResourceController.Reject.run.elim	b364e5fbd076d803778f523fb6182b1ba398c61e19dc5f34c9ad1d152520dc0a	ac9b3acef370ae63ac69ce445d0452c7a5f8ce5a42b5ea9574a55a8ad5f4862e	6bab2a10f7cd2034f2128fbe2c0dc955666b41d0f4c220c50fda122b4ede7a42	7929502cd8159775	-	{motive : Minidregg.Kernel.DeclaredResourceController.Reject → Sort u} → (t : Minidregg.Kernel.DeclaredResourceController.Reject) → t.ctorIdx = 51 → ((reason : Minidregg.Kernel.Run.Refusal) → motive (Minidregg.Kernel.DeclaredResourceController.Reject.run reason)) → motive t
ctor	Minidregg.Kernel.DeclaredResourceController.Reject.scalar	f2b61b9b97adc382181041e89c4a33bf417faa55eb3a0eea33e80d9764686570	c36eb1f76aa02ec037a3a3f3ef0cf4a0412c20aff0d506f1f8ef6b4254e0a054	91717da0d0af472346199c281989e5a51f784299dc111bae8a11af81c320d10b	3cfb77d6e8da2e6c		Minidregg.Kernel.DeclaredResourceScalar.Reject → Minidregg.Kernel.DeclaredResourceController.Reject
def	Minidregg.Kernel.DeclaredResourceController.Reject.scalar.elim	c787e1fb376c4fa90a85e007714727473e6377067b22f3bbfc44404fb9ebe198	d50b0696cd5c307dd663d5cde43242f2b25f93b5da984557c2a97a1d88c1a404	4009017b84ceaa0177fa4d89785906487216771fb9c497c877ebd47ac246181a	7b7644f82a00bc73	-	{motive : Minidregg.Kernel.DeclaredResourceController.Reject → Sort u} → (t : Minidregg.Kernel.DeclaredResourceController.Reject) → t.ctorIdx = 8 → ((reason : Minidregg.Kernel.DeclaredResourceScalar.Reject) → motive (Minidregg.Kernel.DeclaredResourceController.Reject.scalar reason)) → motive t
ctor	Minidregg.Kernel.DeclaredResourceController.Reject.staleTarget	f1a90044a9e9a3599c44c55db05fa57d72a30a08c045ff434ee6446119984d56	14f012e73f566c7776b79049647ff99a36212c5e3da7c365d48a380c9270da9a	30e6111ef8fc34a7b72be0892c48ab1a741a2376ce672fd0534ae2e7b62317ee	b9c2d80959064b88		Minidregg.Kernel.DeclaredResourceController.Reject
def	Minidregg.Kernel.DeclaredResourceController.Reject.staleTarget.elim	291d1d8e87d9aacf2275bb056d3f41badb21bb89cd20c8aed669d30a0cb7449a	68cd3ae081f679bc1cedc82eb6994cb08371e0ad8a15ab4f27492bf4721621cf	3e3357a2dd52dc95efab8af309e443a2c667ec4fbbf3dc91906c0efb7bfc341b	606ed483806894ae	-	{motive : Minidregg.Kernel.DeclaredResourceController.Reject → Sort u} → (t : Minidregg.Kernel.DeclaredResourceController.Reject) → t.ctorIdx = 7 → motive Minidregg.Kernel.DeclaredResourceController.Reject.staleTarget → motive t
ctor	Minidregg.Kernel.DeclaredResourceController.Reject.streamPayload	e1568ba82db72db5d39497ec6468910e52b1c926a7015e83d36344e0fb67a1c1	14f012e73f566c7776b79049647ff99a36212c5e3da7c365d48a380c9270da9a	08f229d65aebf9dfc7cb8600656c05156e909a9c209c90d8777b29a771b43e47	e19482b173749843		Minidregg.Kernel.DeclaredResourceController.Reject
def	Minidregg.Kernel.DeclaredResourceController.Reject.streamPayload.elim	1ad2eb36f37d57f933aad16940a7d1dd3c383819c21738fbd02899fac51cf864	c8ea23c406f2ef6760474852178ab69b037c6d5fff98ace11b8b99daf55f80a3	fc4178230a396f0321383e87725cb7f68dbaec62b5eaa256c0dc4cc5283fb0a9	2cb00490fb2a499e	-	{motive : Minidregg.Kernel.DeclaredResourceController.Reject → Sort u} → (t : Minidregg.Kernel.DeclaredResourceController.Reject) → t.ctorIdx = 41 → motive Minidregg.Kernel.DeclaredResourceController.Reject.streamPayload → motive t
ctor	Minidregg.Kernel.DeclaredResourceController.Reject.streamTopic	31afcb3e916c6c6baab70d37239c9dea21b3d7789bee2f4bd9ff1f9e2ef54616	14f012e73f566c7776b79049647ff99a36212c5e3da7c365d48a380c9270da9a	2b9504bf180ff782b0e31c67419c81fbbd292fce40c1b73782ebf1b4ba3c8561	45317ae49c2f581f		Minidregg.Kernel.DeclaredResourceController.Reject
def	Minidregg.Kernel.DeclaredResourceController.Reject.streamTopic.elim	81edcc54419c135e1d9cda3586447a33298327fcd56ef637da57ed8236080f93	b334129225c142e9d8fc68367dca6f6c4feeb20a710a8b583dc4f05496312ab8	ffb3070cef4a1a4a39c539ac723a4900b5db87fb70ccbece67c3f0746fb197ca	f94fa04fc70ebdbb	-	{motive : Minidregg.Kernel.DeclaredResourceController.Reject → Sort u} → (t : Minidregg.Kernel.DeclaredResourceController.Reject) → t.ctorIdx = 40 → motive Minidregg.Kernel.DeclaredResourceController.Reject.streamTopic → motive t
ctor	Minidregg.Kernel.DeclaredResourceController.Reject.undeclaredMarker	f06f555b61a6897b9313edb10f4c559112268aa2ae450f1d6122d28f5aa3f2fe	14f012e73f566c7776b79049647ff99a36212c5e3da7c365d48a380c9270da9a	6292cd83bab475e5efe52e7b22d77fa58174d520a31747f43071c7a5f4f8aa61	c6bcbb8532522e32		Minidregg.Kernel.DeclaredResourceController.Reject
def	Minidregg.Kernel.DeclaredResourceController.Reject.undeclaredMarker.elim	79a645e199b4a6348c28d178756d46a90199fa975171abb046ee4100887284c9	c1699292ec37c913676dcfb8e4a969626eba00df5d551b3e7418db6ee796fbcb	5b56399f1a3238373ecd3c629ef4e140a31e413698779c43c8774e5f2d23db98	f5a4aec290cb8326	-	{motive : Minidregg.Kernel.DeclaredResourceController.Reject → Sort u} → (t : Minidregg.Kernel.DeclaredResourceController.Reject) → t.ctorIdx = 15 → motive Minidregg.Kernel.DeclaredResourceController.Reject.undeclaredMarker → motive t
ctor	Minidregg.Kernel.DeclaredResourceController.Reject.undeclaredTransaction	c37fd8c4e7f8662788867c1e422ca19c408108a1b711d22e2303d53caef65470	14f012e73f566c7776b79049647ff99a36212c5e3da7c365d48a380c9270da9a	bf05058feff08123065343171d236e7e8eb620cfeb54180491b8e623345ec08d	796a49ec5ebb8a6f		Minidregg.Kernel.DeclaredResourceController.Reject
def	Minidregg.Kernel.DeclaredResourceController.Reject.undeclaredTransaction.elim	bd509e5c0174d4f991a808a67d479721d6bdeb7a2a126ec0c6d6d8e2b92c43b6	df300405eb2ba2fee76efce800cbed44c471c40010a944340ce0b323004b9fe4	86392032fe17440228f8a7596664d13e44c33ce1707595f57543a2b60d9fe205	94b0743528edae9f	-	{motive : Minidregg.Kernel.DeclaredResourceController.Reject → Sort u} → (t : Minidregg.Kernel.DeclaredResourceController.Reject) → t.ctorIdx = 16 → motive Minidregg.Kernel.DeclaredResourceController.Reject.undeclaredTransaction → motive t
ctor	Minidregg.Kernel.DeclaredResourceController.Reject.unsupportedVersion	dabb269a13b6d7fcbb39150cdafdb43c82208c4e93a6026eb5a96d5168d6e26b	14f012e73f566c7776b79049647ff99a36212c5e3da7c365d48a380c9270da9a	297d3b875e41892b3ff6bab41956fc7a47487898887b09d353d413dace9b912b	96d9393ff91d077f		Minidregg.Kernel.DeclaredResourceController.Reject
def	Minidregg.Kernel.DeclaredResourceController.Reject.unsupportedVersion.elim	f6bc1c62f4780857902d754b615646f912f20420865c83c7932f401e6bf9f198	cfd280c0088ad404348d9bd170a8dd268967ba5cc292476f14e5e3db08fc9f2d	00828901eec7bcb662a094061d96fa0833b6d9f0ecfd2272e58ec60cf75efd66	0009cf291bd6b9c7	-	{motive : Minidregg.Kernel.DeclaredResourceController.Reject → Sort u} → (t : Minidregg.Kernel.DeclaredResourceController.Reject) → t.ctorIdx = 4 → motive Minidregg.Kernel.DeclaredResourceController.Reject.unsupportedVersion → motive t
ctor	Minidregg.Kernel.DeclaredResourceController.Reject.worldKind	aa65227119ba1f92d59435335d836dc0a5dfb8848120f60776e6062c6bbf7d73	14f012e73f566c7776b79049647ff99a36212c5e3da7c365d48a380c9270da9a	15855faee1c8960fd3ef16463c899eca8edee23f1f92215550c72c59c0df6ff5	2f7cc0641bfa01ad		Minidregg.Kernel.DeclaredResourceController.Reject
def	Minidregg.Kernel.DeclaredResourceController.Reject.worldKind.elim	4c7f7d8e36f7cd064b3e7dcf92e694108a6ed71ea9213a12b9236d28432a70b2	658eedde3edc60e33f6eb321c087e6097cc7aa20768e31f3ef65e7d5904402dd	5c1df571490c69471d39953fcfcc1b48275d0513691963e0b417314d9178645c	cdba6aeb14769f92	-	{motive : Minidregg.Kernel.DeclaredResourceController.Reject → Sort u} → (t : Minidregg.Kernel.DeclaredResourceController.Reject) → t.ctorIdx = 42 → motive Minidregg.Kernel.DeclaredResourceController.Reject.worldKind → motive t
ctor	Minidregg.Kernel.DeclaredResourceController.Reject.wrongEnvelopeCount	f860551c24d6b4d6c7af986574f278c832315f5638add74a65c5e13855343c6b	14f012e73f566c7776b79049647ff99a36212c5e3da7c365d48a380c9270da9a	828e3cdf0fad6f89bb789d82805af8998b8a27d5a70466d2c016cc929fb034b8	a189ee7deea58b24		Minidregg.Kernel.DeclaredResourceController.Reject
def	Minidregg.Kernel.DeclaredResourceController.Reject.wrongEnvelopeCount.elim	ac18c9e823b32885ed5237c07eb87c90076bc3d2ef0dac84eb7b5d86c9ee55e6	5b9e3e10b907455102f70f425709ae2a82d1906d9de90ae07acef431d4400ee9	83c786531524baa2bd624272d4d448d976b6b81c561524ad255ee69f7a50f58d	a112765c732c9bc4	-	{motive : Minidregg.Kernel.DeclaredResourceController.Reject → Sort u} → (t : Minidregg.Kernel.DeclaredResourceController.Reject) → t.ctorIdx = 27 → motive Minidregg.Kernel.DeclaredResourceController.Reject.wrongEnvelopeCount → motive t
ctor	Minidregg.Kernel.DeclaredResourceController.Reject.wrongRole	e9ee23e5d6588b5db1da92e86eba77d18fdc0235e29959698bf6efd34c963925	14f012e73f566c7776b79049647ff99a36212c5e3da7c365d48a380c9270da9a	b70a5591928a9a085957df0cb351e1d93ff35b7324faabf077c9b744d23af512	23a5bec7b67604a5		Minidregg.Kernel.DeclaredResourceController.Reject
def	Minidregg.Kernel.DeclaredResourceController.Reject.wrongRole.elim	f3c5cc8f74c70634dde10598b743637668db9f964cb85995cf507ee6ed8ed119	3223eea59f009d953a7fedd2ecc94a3162371cdf46ef91b91c2154c0543abe64	423b2acb2e568014dd5f32844a02775ff9ac3c947279077a308afc7ae55e31fe	85ba941069926f18	-	{motive : Minidregg.Kernel.DeclaredResourceController.Reject → Sort u} → (t : Minidregg.Kernel.DeclaredResourceController.Reject) → t.ctorIdx = 6 → motive Minidregg.Kernel.DeclaredResourceController.Reject.wrongRole → motive t
inductive	Minidregg.Kernel.DeclaredResourceController.Target	05e988ce27ec70fcbbad62203902a2e75e05aa5ca2193836de9b93dc89ff094d	16946b93ac38405660f51e475eb5aa7d25b54f5e5677e0f6a10a4526cc071cbf	b65a3ea4d2aee2ac1078d3fd5809d6187e9dbab78da35fc2ecf8214403bad09e	6cf38d953a744f2b		Type
def	Minidregg.Kernel.DeclaredResourceController.Target.Outcome	dec3cc5e7b95161aa2418791bf82f6d42e4c6a7af6a07e706a3bc2fb9d45b06e	3bdbb595816ca8940f7c7fcbda2b54be291324d6b9d2a7882fcf9a0b4bb1c7c0	310d1fd949e284d075fb268c7f11e3c26f03d55236ca7442173a797de38de2bd	535e781fe3fdd9f0	Classical.choice,Quot.sound,propext	Minidregg.Kernel.DeclaredResourceController.Target → Type
def	Minidregg.Kernel.DeclaredResourceController.Target.audienceEpoch	d9a9ef108eb1d54a6a31e87efb3aa0914726f0b757b9663d4d0fae34322112a7	26b9dd3f92f2e0ee943b23112b45693832f6510097a33faae9bc15b2243cf05d	54ea7c1a38118216546d6b6b3e17337c1dad13aacdd992e380251268130976ab	97d7c38cf048844f	Quot.sound,propext	Minidregg.Kernel.DeclaredResourceController.Target → Option ℕ
def	Minidregg.Kernel.DeclaredResourceController.Target.audienceRoster	ffe8076adc574a69a1357d224ceb614c625089f66d5522e53317453577e1a539	4fe62e18ad800bed04e49bd9170b6eaa8d4a348ee0a103df510131eb56c8ec0c	01aa7da6b75eff4ebf1e67be56a7ecbffe2c3f3981b9b2956d280b9a9fa0812e	b067aa41f19d173c	Quot.sound,propext	Minidregg.Kernel.DeclaredResourceController.Target → Option Minidregg.Theory.ObjectAudienceRoster.Roster
def	Minidregg.Kernel.DeclaredResourceController.Target.capability	cea64932badd9c6aa370a4fb1756dd50ce78c343f7a7a650cec9a0100d7c1dd4	8214637859ef064203917e2abf47c57203e51363af738364eefc6acbfdf82165	69e776b04695ab21769a969247e32a16f1ff06088e0a51b4c43182adb48e5e8d	add43317368cdd33	Quot.sound,propext	Minidregg.Kernel.DeclaredResourceController.Target → Minidregg.Theory.TypedAuthorization.CapabilityId
def	Minidregg.Kernel.DeclaredResourceController.Target.contentStore?	125389d162e11a357d65868f22a3d4ecde5ebdfa394710861fd162c22050329a	a06d28ffeadeaee79345c4a1260ef55ad17be9bb4b989d1bd57775e2b77c6751	a85cd820a5d67ede8d619ddb2d2c068623f713f6cdefbbc5f8cbeea871211048	353d8462c258e6a9	Classical.choice,Quot.sound,propext	(target : Minidregg.Kernel.DeclaredResourceController.Target) → Minidregg.Kernel.DeclaredResourceController.TargetCell target → Option Minidregg.Kernel.ContentResource.ContentStore
def	Minidregg.Kernel.DeclaredResourceController.Target.expectedTargetRoot	6f879e35fee202b88d6be7c8e63e5b4ac004a4d349f732ffe8095d23b7e612fd	212eb923237ff11db06ea39e27dbe818b20ac718a7572ac8ebfd022da039cdf4	dc6e7c256ce4f452057e4c26622c3b1b62a558def824a939e4cc68758c343b63	9ef112f0e059227c	Quot.sound,propext	Minidregg.Kernel.DeclaredResourceController.Target → Minidregg.Theory.TypedAuthorization.Digest
def	Minidregg.Kernel.DeclaredResourceController.Target.kind	ced54206b3c26db0cb316667ac0658b7d8319865d2f8afb4cfc16056d5cd7ec9	49778a1c33bfe1bf811984aad88d0c1fc28d24aee0e5861e36b35809cf1b1b0e	98a961bd9a8da6ba65adee618ed37a21051ed0f1e708c6669914deb9d2f133ec	a2a62a97cc023fed	Quot.sound,propext	Minidregg.Kernel.DeclaredResourceController.Target → Minidregg.Theory.TypedAuthorization.ResourceKind
def	Minidregg.Kernel.DeclaredResourceController.Target.layout	e8ba88f7cb1cbfd33fb6c25731561da0a2dfe9d374bc5f6dab21a65937582217	03b085cb9f7f13f17b529844298e76c8887370ccce1698708f9591ef7b137332	abf101491c691722852e6a2127ebe48b94caffd19bedcb75ccdb0746ada53f44	1a10b602cd16b9a8	Classical.choice,Quot.sound,propext	Minidregg.Kernel.DeclaredResourceController.Target → Minidregg.Theory.Store.Layout
def	Minidregg.Kernel.DeclaredResourceController.Target.materializer	dd32d151c6468b5785656bb65c043809f00375cc5893098bdb81e2b163898397	e7b1a4b1ef2c9e56a672d2b46c45a8e525ad07b25259cf03c02b23446cd783d1	60889c6d232c6189287e290fca335991456fdfff685c8c505b15cac23ae0a00a	ad266b81b3bc6b7b	Classical.choice,Quot.sound,propext	(target : Minidregg.Kernel.DeclaredResourceController.Target) → Minidregg.Theory.CellState.Materializer target.layout Minidregg.Theory.TypedAuthorization.Digest
ctor	Minidregg.Kernel.DeclaredResourceController.Target.mk	a8efe9b1416b93283c0a3cf7dd094c61b84b3cb110227534699462bfc591a24b	0688bd8439be56c327662ec6aa58f3f8e6ceff93a650a6c1c0b8fbb157b502f6	5d67b91cd9701f8c9268b958bd9f404f32e4d5222c9c210d38a83fa863f684f0	dbb25d0ff3674f58		Minidregg.Theory.TypedAuthorization.ResourceKind → ℕ → Minidregg.Theory.TypedAuthorization.CapabilityId → ℕ → Minidregg.Theory.TypedAuthorization.Digest → Minidregg.Kernel.DeclaredResourceController.Payload → Option Minidregg.Theory.TypedAuthorization.CapabilityId → Option ℕ → Option Minidregg.Theory.ObjectAudienceRoster.Roster → Minidregg.Kernel.DeclaredResourceController.Target
def	Minidregg.Kernel.DeclaredResourceController.Target.observeCapability	e5584c958c221f680a19113756106234450b9566e3c01ef275625713695c6d87	202375dc194c32b2152e80a9cb466c26ed7eb37b293810c975130ab5fc1986c3	f7c3d1ad24b53b314ff7e54a48e8de95a13c7f966ea3dfeb066456af60cd1a2d	4cf1c09b51a55272	Quot.sound,propext	Minidregg.Kernel.DeclaredResourceController.Target → Option Minidregg.Theory.TypedAuthorization.CapabilityId
def	Minidregg.Kernel.DeclaredResourceController.Target.observeOnly	7a56d3c2f70b4ce3e3b7af5fbc047c31ba21e24f032aa877ee48083f5a09f52a	aa676ac4aea25a65d169785a7992ce58d5af6cff19089e0215e0342eaa24cc86	2cfd918ee582865df7c66b80acb2a2b8614cc1703e69ca5ec96ef55b44d58a4e	cd823a4db556797d	Quot.sound,propext	Minidregg.Kernel.DeclaredResourceController.Target → Bool
def	Minidregg.Kernel.DeclaredResourceController.Target.outcomeCodec	e28303c24b1cb033302846a5c8b1ebdca1af4d922bca3a78d2a3e0f670a7aafc	8224ed939310b6c6c9851fb1bca8a9ecb94a06ecb9c73674fe1de4aa29da3295	ff8926bc7f1b4ca76919275bfc5a9579032211e3515dfa4555c2dd78696c8181	f37f436c1b3f5163	Classical.choice,Quot.sound,propext	(target : Minidregg.Kernel.DeclaredResourceController.Target) → Minidregg.Theory.IndexedProgram.LawfulCodec target.Outcome
def	Minidregg.Kernel.DeclaredResourceController.Target.payload	77e2dc8f1159591d5108d2e5b758561f79aa7d054d950656d4e66589af59e357	dfce2459137b309cb1dd457526724bac00abf9404569fe5e912ee4bc2ccd13b5	087440405423b51f31562dfd490e104ea24e21f750f31106a07ca9b0b9b4d012	8aa0ad3f78c5841e	Quot.sound,propext	Minidregg.Kernel.DeclaredResourceController.Target → Minidregg.Kernel.DeclaredResourceController.Payload
def	Minidregg.Kernel.DeclaredResourceController.Target.schemaVersion	55e96ff7f0f99ac5c11017cf6dff96c6e2dd81365646e2b317ca865d38d2437c	ac5d411e9d272e63032eb670d6fe0b298196800d36ef0e3ffa04838d31306ffd	3fd82654e5f78ed92fe5a38e9fc7cb8abc3c507af99aaafe432e0267cfe2a60f	e2deeef9ad85f45a	Quot.sound,propext	Minidregg.Kernel.DeclaredResourceController.Target → ℕ
def	Minidregg.Kernel.DeclaredResourceController.Target.target	d7c3a40399f2cdcf6e7593f7fc5081446732d24ac920730c2232ed8935a97a16	ac5d411e9d272e63032eb670d6fe0b298196800d36ef0e3ffa04838d31306ffd	5741f3af425bafdd6c31c7ec9eee3776453e33db462795c387b07b8f4f98374c	bc2f2d5b33ff1a90	Quot.sound,propext	Minidregg.Kernel.DeclaredResourceController.Target → ℕ
def	Minidregg.Kernel.DeclaredResourceController.Target.verb	0d8b49bab8cd5dc5163c955a74e4312390d222b1a5c7970473e3d0ed2d5431ac	fa6bc86cba239dddc99e2d5d8a099500c1de5deff35957e82ec6c92b28533aef	135b23195b85a56be49d2fc5d30d87edbebdc53b9c251c57b593018963eaf844	9a84430a7dddb1e3	Quot.sound,propext	(target : Minidregg.Kernel.DeclaredResourceController.Target) → Minidregg.Theory.TypedAuthorization.Verb target.kind
def	Minidregg.Kernel.DeclaredResourceController.TargetCell	fe871df5eec98a45adf370f03e4108e27dadd10e5f71b39bb6ca7c9eea2b5c69	3bdbb595816ca8940f7c7fcbda2b54be291324d6b9d2a7882fcf9a0b4bb1c7c0	158121c86cafc310c9b17c31811ea76954802e059572f4bfe8eb6d3bed676c88	b9bca2ffc77d1b8d	Classical.choice,Quot.sound,propext	Minidregg.Kernel.DeclaredResourceController.Target → Type
def	Minidregg.Kernel.DeclaredResourceController.TargetIndex	766d267ba5245cd4af0b34ff7f8bb18fcd154f7390e5166a4655d00c27eb976b	41bfee4618e7c5b3bad41fc47043bd8bfe5ed4fffdc7a3275f037dd90c8d37b8	e10b793798dd8cc3b9ce9a4b4c881bf3100ee952b6e397b312a01ce68372b37c	cacc5fccc8e020e9	Quot.sound,propext	Minidregg.Kernel.DeclaredResourceController.Command → Type
def	Minidregg.Kernel.DeclaredResourceController.actionWrite	c16d90436dc4fcd3bb96ab782e04449da20689c8e6eef45e6c9e5d609550e9ba	4c41f98ab9fce33e26b63f0a1d62361b184a9fc2a35ddc286cae30318aee6b4e	e7d87b0be57db106f445e4a584dc272c20772aeec1640465dee4bb5f942c42ba	3281716d71cb961b	propext	ℕ → ℕ → Minidregg.Theory.DeclaredActionLowering.Action → Option Minidregg.Theory.Eval.FieldWrite
def	Minidregg.Kernel.DeclaredResourceController.appendedEntry	67be1e3a307d4c728a2e2282b2fee507dc740545bc1c90c817fa53382b366353	a938c3c0de83fde4ee3b6728c26627f37a753e1650b95ce933f54d0933f2570b	4cd75e878981d28a7fc6c2da61531296a29a353d3753816c3f856c48317b7c08	9d3075644cbeb8ae	Classical.choice,Quot.sound,propext	Minidregg.Kernel.DeclaredResourceController.AuthoritySnapshot → Minidregg.Theory.TypedAuthorization.Digest → Minidregg.Kernel.DeclaredResourceController.Ambient → Minidregg.Kernel.DeclaredResourceController.Command → (target : Minidregg.Kernel.DeclaredResourceController.Target) → Minidregg.Kernel.DeclaredResourceController.TargetCell target → Option Minidregg.Compiler.StreamCell.Entry
def	Minidregg.Kernel.DeclaredResourceController.argsDigest	7b34ed2f53a15c5a720b6e48dccc02045cfabfaa8d5ecec92ff47d9f91f47836	f049bb4ad6a90363565af71087a1db26e3462420994bec46cadc3322cf52c079	18530655a9c9208c0d5d4a5faaa9698ebd8a0aceba8454a685c5e165e54cdc61	e6b7bbcc2195dfac	Classical.choice,Quot.sound,propext	Minidregg.Theory.TypedAuthorization.Digest → Minidregg.Theory.TypedAuthorization.Digest → Minidregg.Kernel.DeclaredResourceController.Command → Minidregg.Theory.TypedAuthorization.Digest
def	Minidregg.Kernel.DeclaredResourceController.authorityReadPatch	3cdaf58b8b4afd5196fa5a1aaebf9d5b90fd037e54c69035872b6d84f2e357eb	23a05d63064b9142d90bb9fd4383c711c87bf2ec213411a6aa4b855f19890e91	6cb305249ff42ad0fe0ac2ca22ad239fb0e299519fd52f989af3926254ffba3c	445b1b985fa871cf	Classical.choice,Quot.sound,propext	Minidregg.Theory.Store.Patch Minidregg.Theory.CredentialAuthorityState.layout
def	Minidregg.Kernel.DeclaredResourceController.checkClaim	6226a823138fbc50f96ad35f09759f374668f6156830c46c61b8aafee40341ee	22843043c480246b005e0527034de1712db789bba5e36c9a8c264fd10f2de28c	659ac746494438fd86b6f3ac91fab6635f51ef529a499d8667f2eac9ef92abea	453c33de61d34aee	Classical.choice,Quot.sound,propext	List Minidregg.Theory.TypedAuthorization.Digest → Minidregg.Theory.TypedAuthorization.Digest → Minidregg.Theory.CellRegistry.Directory ℕ Minidregg.Kernel.DeclaredResourceController.Registry → Minidregg.Kernel.DeclaredResourceController.Ambient → (command : Minidregg.Kernel.DeclaredResourceController.Command) → ((i : Fin command.targets.length) → Minidregg.Theory.Store.Store command.targets[i].layout) → Minidregg.Kernel.Run.RunClaim → optParam (Option ℕ) Option.none → Except Minidregg.Kernel.Run.Refusal Minidregg.Kernel.DeclaredResourceController.CheckedRun
theorem	Minidregg.Kernel.DeclaredResourceController.checkClaim_sound	3d13f3ff98c79218dfea653f4be43fbbbb20eb3d102aa0c93e41ab03ad94eda1	050b6745ca2ff8021cf633d61beb4bf8a0119dafa89ee579c002e9cc2facbcc0	d981f46dc2365f4d3671cb95c56000dddeb6c8bd088604668ca867d45c7342b4	8363e06cc83c5d99	Classical.choice,Quot.sound,propext	∀ {disabled : List Minidregg.Theory.TypedAuthorization.Digest} {domain : Minidregg.Theory.TypedAuthorization.Digest} {validatedFundingIndex : Option ℕ} {directory : Minidregg.Theory.CellRegistry.Directory ℕ Minidregg.Kernel.DeclaredResourceController.Registry} {ambient : Minidregg.Kernel.DeclaredResourceController.Ambient} {command : Minidregg.Kernel.DeclaredResourceController.Command} {pre : (i : Fin command.targets.length) → Minidregg.Theory.Store.Store command.targets[i].layout} {claim : Minidregg.Kernel.Run.RunClaim} {checked : Minidregg.Kernel.DeclaredResourceController.CheckedRun}, Minidregg.Kernel.DeclaredResourceController.checkClaim disabled domain directory ambient command pre claim validatedFundingIndex = Except.ok checked → ∃ program E libraries writes, checked.claim = claim ∧ Minidregg.Compiler.CanonicalCellRegistry.loadProgram domain directory checked.claim.programId = Option.some program ∧ Minidregg.Kernel.Run.resolve disabled program.evaluator = Except.ok E ∧ checked.evaluator = E.id ∧ List.mapM (fun library => Minidregg.Kernel.Run.require Minidregg.Kernel.Run.Refusal.libraryUnknown (Minidregg.Compiler.CanonicalCellRegistry.loadProgram domain directory library)) program.abi.libraries = Except.ok libraries ∧ Minidregg.Kernel.Run.librariesAgree program libraries = Bool.true ∧ Minidregg.Kernel.DeclaredResourceController.commandWrites command pre claim.programId validatedFundingIndex = Option.some writes ∧ checked.fuel = program.abi.fuel ∧ Minidregg.Kernel.DeclaredResourceController.ProgramAccepted E program libraries ambient command pre checked.claim writes checked.verdict validatedFundingIndex
theorem	Minidregg.Kernel.DeclaredResourceController.checkClaim_unknownEvaluator	a2a978538f11c6afb53ce76dba0c206ac7f8c618684a994b71f397736cb8084a	b9677a828da8cd1c584fefe53f29c05f424934e1ac5160ba15b809727d25e683	afb7b3fdcdf3db36ded3808578abccae8f12c7c162b30531e7d909ce1a8bbcb2	72548d3b78e84d10	Classical.choice,Quot.sound,propext	∀ {disabled : List Minidregg.Theory.TypedAuthorization.Digest} {domain : Minidregg.Theory.TypedAuthorization.Digest} {validatedFundingIndex : Option ℕ} {directory : Minidregg.Theory.CellRegistry.Directory ℕ Minidregg.Kernel.DeclaredResourceController.Registry} {ambient : Minidregg.Kernel.DeclaredResourceController.Ambient} {command : Minidregg.Kernel.DeclaredResourceController.Command} {pre : (i : Fin command.targets.length) → Minidregg.Theory.Store.Store command.targets[i].layout} {claim : Minidregg.Kernel.Run.RunClaim} {program : Minidregg.Compiler.NockProgramCodec.Program}, Minidregg.Compiler.CanonicalCellRegistry.loadProgram domain directory claim.programId = Option.some program → (∀ E ∈ Minidregg.Compiler.Evaluator.registry, E.id ≠ program.evaluator) → Minidregg.Kernel.DeclaredResourceController.checkClaim disabled domain directory ambient command pre claim validatedFundingIndex = Except.error Minidregg.Kernel.Run.Refusal.unknownEvaluator
def	Minidregg.Kernel.DeclaredResourceController.checkCommandRun	0cdabc07b277882288b81b2d19800aeb8708b1abf8762324ab928a73b35a2375	4da456a3e047990a26afc4d2984cf8fb8fd4545dc4448931aa177da9d1494e6c	df3ebab485c35b9c68066ee10163b98f63624ac98502bd620d6b6f597f8a8489	a44cd3a6bbbf2604	Classical.choice,Quot.sound,propext	List Minidregg.Theory.TypedAuthorization.Digest → Minidregg.Theory.TypedAuthorization.Digest → Minidregg.Theory.CellRegistry.Directory ℕ Minidregg.Kernel.DeclaredResourceController.Registry → Minidregg.Kernel.DeclaredResourceController.Ambient → (command : Minidregg.Kernel.DeclaredResourceController.Command) → ((i : Fin command.targets.length) → Minidregg.Theory.Store.Store command.targets[i].layout) → optParam (Option ℕ) Option.none → Except Minidregg.Kernel.DeclaredResourceController.Reject (Option Minidregg.Kernel.DeclaredResourceController.CheckedRun)
theorem	Minidregg.Kernel.DeclaredResourceController.checkCommandRun_claimed	5aef3430a085718370d9dde2cd52f65b1a5ce6b446bf2d7ded4d060b0c028754	99d4c9ff1216fccc57933b1c96e18d51ab56ea9e74ac89f512426c9c72e167a5	bc32c3aad76916c76740a3a92df311b95d1e843b8eb73b481d5253b2e5771dfa	3bef9d20c9f4a3ee	Classical.choice,Quot.sound,propext	∀ {disabled : List Minidregg.Theory.TypedAuthorization.Digest} {domain : Minidregg.Theory.TypedAuthorization.Digest} {validatedFundingIndex : Option ℕ} {directory : Minidregg.Theory.CellRegistry.Directory ℕ Minidregg.Kernel.DeclaredResourceController.Registry} {ambient : Minidregg.Kernel.DeclaredResourceController.Ambient} {command : Minidregg.Kernel.DeclaredResourceController.Command} {pre : (i : Fin command.targets.length) → Minidregg.Theory.Store.Store command.targets[i].layout} {claim : Minidregg.Kernel.Run.RunClaim}, command.run = Option.some claim → Minidregg.Kernel.DeclaredResourceController.checkCommandRun disabled domain directory ambient command pre validatedFundingIndex ≠ Except.ok Option.none
theorem	Minidregg.Kernel.DeclaredResourceController.checkCommandRun_none	60db1f4084cb4578c47afd3d1326368385525c1fc1f43fc7ff732e4358453afd	bc4f0d3ef649ca9b7c8fbf7d2e51156014019647c64963965326ea4fdea7ded6	4cc0775f8101a5e789dc830091f99c41e48d5c4d0612820eb2ab33f05bb2a875	dc65776f7b16a344	Classical.choice,Quot.sound,propext	∀ {disabled : List Minidregg.Theory.TypedAuthorization.Digest} {domain : Minidregg.Theory.TypedAuthorization.Digest} {validatedFundingIndex : Option ℕ} {directory : Minidregg.Theory.CellRegistry.Directory ℕ Minidregg.Kernel.DeclaredResourceController.Registry} {ambient : Minidregg.Kernel.DeclaredResourceController.Ambient} {command : Minidregg.Kernel.DeclaredResourceController.Command} {pre : (i : Fin command.targets.length) → Minidregg.Theory.Store.Store command.targets[i].layout}, command.run = Option.none → Minidregg.Kernel.DeclaredResourceController.checkCommandRun disabled domain directory ambient command pre validatedFundingIndex = Except.ok Option.none
theorem	Minidregg.Kernel.DeclaredResourceController.checkCommandRun_sound	76847f9678130855ec738b5bb4df64888404eb34ab2244f1a777e71812f836e6	c8d2c47f335681dacc83d7bbbd0d00730f926be58e194285413ed3427283fea6	8944ebc38713449153e700efa4601d5bf1cd699f25a69795ba9e22854f91ddbf	0c4eca8fee6360eb	Classical.choice,Quot.sound,propext	∀ {disabled : List Minidregg.Theory.TypedAuthorization.Digest} {domain : Minidregg.Theory.TypedAuthorization.Digest} {validatedFundingIndex : Option ℕ} {directory : Minidregg.Theory.CellRegistry.Directory ℕ Minidregg.Kernel.DeclaredResourceController.Registry} {ambient : Minidregg.Kernel.DeclaredResourceController.Ambient} {command : Minidregg.Kernel.DeclaredResourceController.Command} {pre : (i : Fin command.targets.length) → Minidregg.Theory.Store.Store command.targets[i].layout} {checked : Minidregg.Kernel.DeclaredResourceController.CheckedRun}, Minidregg.Kernel.DeclaredResourceController.checkCommandRun disabled domain directory ambient command pre validatedFundingIndex = Except.ok (Option.some checked) → command.run = Option.some checked.claim ∧ Minidregg.Kernel.DeclaredResourceController.checkClaim disabled domain directory ambient command pre checked.claim validatedFundingIndex = Except.ok checked
def	Minidregg.Kernel.DeclaredResourceController.checkProgram	b4b3915995c861093cad45556c44e7a57425489fe6481435e31ce3954b16346d	74fe264b6580720deddc4799a8a03d71a5b0d25cade5d0f2aa3459cfbcd8cb29	180436b31f666fa2d2eb7a76739483d2c802b5947768c9d9eb6e7e8dda9a09d1	d2e371bbc216f7ab	Classical.choice,Quot.sound,propext	Minidregg.Compiler.Evaluator → Minidregg.Compiler.NockProgramCodec.Program → List Minidregg.Compiler.NockProgramCodec.Program → Minidregg.Kernel.DeclaredResourceController.Ambient → (command : Minidregg.Kernel.DeclaredResourceController.Command) → ((i : Fin command.targets.length) → Minidregg.Theory.Store.Store command.targets[i].layout) → Minidregg.Kernel.Run.RunClaim → List Minidregg.Theory.Eval.FieldWrite → optParam (Option ℕ) Option.none → Except Minidregg.Kernel.Run.Refusal Minidregg.Kernel.Run.Accepted
theorem	Minidregg.Kernel.DeclaredResourceController.checkProgram_fieldOverMax	451c0fb7f3b6f41253370d7792592ee9138b6b3ec22c90978e7d94801fe7136c	9672c6e6acc5eaadafbdba89f0c4fe7b3a63841fabb1e19d9bfbe9ee45cbcdff	a2edd0d14aad23a1bbce74325a227e545ca7ebb79f8b98db1ad175043f7da3bc	ef8544b1c110c4ca	Classical.choice,Quot.sound,propext	∀ {E : Minidregg.Compiler.Evaluator} {program : Minidregg.Compiler.NockProgramCodec.Program} {validatedFundingIndex : Option ℕ} {libraries : List Minidregg.Compiler.NockProgramCodec.Program} {ambient : Minidregg.Kernel.DeclaredResourceController.Ambient} {command : Minidregg.Kernel.DeclaredResourceController.Command} {pre : (i : Fin command.targets.length) → Minidregg.Theory.Store.Store command.targets[i].layout} {claim : Minidregg.Kernel.Run.RunClaim} {writes : List Minidregg.Theory.Eval.FieldWrite} {slot : Minidregg.Compiler.NockProgramCodec.SampleSlot}, program.abi.door = Option.none → E.overMax (Minidregg.Kernel.DeclaredResourceController.programSampleRead command pre validatedFundingIndex) program.abi.sample = Option.some slot → Minidregg.Kernel.DeclaredResourceController.checkProgram E program libraries ambient command pre claim writes validatedFundingIndex = Except.error Minidregg.Kernel.Run.Refusal.fieldOverMax
theorem	Minidregg.Kernel.DeclaredResourceController.checkProgram_sound	8cb9ab2707687ab24c932c18d262a1544e3f7d00f21f56fdcc256561bd67fe4a	515334efd05ea480fdc5aa22d9aa2ae79b46c92ffaee3ef9288b3d83aeadf264	f1bda342a3e6a7ac3cf92495d661c5bcbe5532936754af5cafde8d05e5b0713f	c49babd38dc15360	Classical.choice,Quot.sound,propext	∀ {E : Minidregg.Compiler.Evaluator} {program : Minidregg.Compiler.NockProgramCodec.Program} {validatedFundingIndex : Option ℕ} {libraries : List Minidregg.Compiler.NockProgramCodec.Program} {ambient : Minidregg.Kernel.DeclaredResourceController.Ambient} {command : Minidregg.Kernel.DeclaredResourceController.Command} {pre : (i : Fin command.targets.length) → Minidregg.Theory.Store.Store command.targets[i].layout} {claim : Minidregg.Kernel.Run.RunClaim} {writes : List Minidregg.Theory.Eval.FieldWrite} {verdict : Minidregg.Kernel.Run.Accepted}, Minidregg.Kernel.DeclaredResourceController.checkProgram E program libraries ambient command pre claim writes validatedFundingIndex = Except.ok verdict → Minidregg.Kernel.DeclaredResourceController.ProgramAccepted E program libraries ambient command pre claim writes verdict validatedFundingIndex
def	Minidregg.Kernel.DeclaredResourceController.collect	6dddf18c23c5499b3b8f526b3113ca8d9387268c5d9e3003322e4e8a1f9d9b13	85917f0ac50e5bfa25ba12d681f9405c7e6630442315010b46e295a90cdad63f	71b6fdc17b3476e6ce15a804231876e55bb874937abec25f19b23dcc6f396627	7a7850d430f56d23	Quot.sound,propext	{α E : Type} → {P : α → Type} → (values : List α) → ((value : α) → Except E (P value)) → Except E ((i : Fin values.length) → P values[i])
def	Minidregg.Kernel.DeclaredResourceController.commandBytes	aa3bef25148ee004b90c44ed664b615ab19f5f70fcc74f6029a5138e095b4adf	f8f3766e6f08f2134f810710d4ea8f47d3d5996a2de916e496324dfc380a2a04	759a8b65d39aa985220e5391616ec6e08a07cbcdcd8abeb40e49e3262cc5fe37	89b03e2710b06971	Classical.choice,Quot.sound,propext	Minidregg.Theory.TypedAuthorization.Digest → Minidregg.Theory.TypedAuthorization.Digest → Minidregg.Kernel.DeclaredResourceController.Command → List UInt8
def	Minidregg.Kernel.DeclaredResourceController.commandCodec	90547880131afcf88de42a51fb061ca779c05b927a76d2960ec49b22952de225	58a2917671106e9c09dc8c68ed0f99b5d5d670ec3dc2edcdd02204e176daf538	f1be77e624a97e04bb246d473589369af6a4ed467e16bce60cbbeff2ca0384a3	f541eb2f6ef6c1d2	Classical.choice,Quot.sound,propext	Minidregg.Theory.IndexedProgram.LawfulCodec Minidregg.Kernel.DeclaredResourceController.Command
def	Minidregg.Kernel.DeclaredResourceController.commandStream	b1456ad0c7211238f54ea99cee059e38d246194df46ac6761b02381bdcf5c78f	3b7cc75c92b47d4f35719e518623efc5c5684226f43b2e45c8ce38da8760048c	20d2c92d44da70746dbf86283fa42619c82cd762881917ef1660c0fcd7108d19	48545977fa85dd30	Classical.choice,Quot.sound,propext	Minidregg.Compiler.Tower256ConcreteBackend.StreamCodec Minidregg.Kernel.DeclaredResourceController.Command
def	Minidregg.Kernel.DeclaredResourceController.commandWrites	a23e991c614649044e5025bfe63f2c434c28a6a1e08b410a64c91abdb0ead8bf	2ab8e89b51698d18be9e832715cf4dd6a9d13f4c2845982e3042319a75c134ea	476d646946ca305fa21ea6944d7d877251ef4fa6f7cad2d4fd436da29d9888d1	80768ee537c1b51d	Classical.choice,Quot.sound,propext	(command : Minidregg.Kernel.DeclaredResourceController.Command) → ((i : Fin command.targets.length) → Minidregg.Theory.Store.Store command.targets[i].layout) → Minidregg.Theory.TypedAuthorization.Digest → optParam (Option ℕ) Option.none → Option (List Minidregg.Theory.Eval.FieldWrite)
theorem	Minidregg.Kernel.DeclaredResourceController.command_decode_canonical	179a3b4d4f35114bb6bfaeef5801efa297096b3d2ef72f163b21ec52f1196a9c	c6891a1faae8bccf4cb212e940fa3721c37c673729ac28248cd773e9fb0bbb2c	f1653d2e0e9448a3142acbfb3de0ebe3adc68b733494662b3e990710f4852107	2ed68281a95a91e4	Classical.choice,Quot.sound,propext	∀ {bytes : List UInt8} {command : Minidregg.Kernel.DeclaredResourceController.Command}, Minidregg.Kernel.DeclaredResourceController.commandCodec.decode bytes = Option.some command → Minidregg.Kernel.DeclaredResourceController.commandCodec.encode command = bytes
theorem	Minidregg.Kernel.DeclaredResourceController.command_decode_encode	856fb41a7a8991c322daaede58dbc38e85da8f7e175be7c7818b5bc7b8db09ac	cf9c3debbf041eaa22a308e3359a67604cd822da08531902fb3b3c9140993ff1	a98c5ddca57b27c309951c2cd1569d74774bbb09b2f5e4afb60d30d796f57847	b7915c4218c0303f	Classical.choice,Quot.sound,propext	∀ (command : Minidregg.Kernel.DeclaredResourceController.Command), Minidregg.Kernel.DeclaredResourceController.commandCodec.decode (Minidregg.Kernel.DeclaredResourceController.commandCodec.encode command) = Option.some command
def	Minidregg.Kernel.DeclaredResourceController.computeExecutionMatches	99ac7d07000e17670157f1c26e56b3eca7622fa1949835e7d5b11eb585e19681	631209f8a22e785144b71856332af368f24ea2bc2355cb14a5f6357b45ff7060	8948d9fb934c8e4ca2de5abf0efd9a7c7f37d51c4bf533c6c81615e7efa0673b	0b8f60c3c1660175	Classical.choice,Quot.sound,propext	{deployment : Minidregg.Kernel.DeclaredResourceController.Deployment} → {physical : Minidregg.Kernel.RunComputeBudgetDomain.Physical} → {subject : Minidregg.Theory.TypedAuthorization.SubjectId} → Minidregg.Kernel.DeclaredResourceController.Command → Option (Minidregg.Kernel.RunComputeBudgetDomain.Prepared deployment physical subject) → Option Minidregg.Kernel.DeclaredResourceController.CheckedRun → Bool
def	Minidregg.Kernel.DeclaredResourceController.computeFundingIndex	14a4a84a2eeacd1869e1093fdbfccf3b0fe6cdbd29576c1a34f33cfcfd165d51	c339d7c35e7d49f6d20980b977fcab53c493d7ac2910f359aa7bd38e8e719a85	cba1f1e387bbe5e3d487caecf2f47418aa70cdba17b6e3366763d82a6f7047dd	46fd4776d45ebfc6	Classical.choice,Quot.sound,propext	{deployment : Minidregg.Kernel.DeclaredResourceController.Deployment} → {physical : Minidregg.Kernel.RunComputeBudgetDomain.Physical} → {subject : Minidregg.Theory.TypedAuthorization.SubjectId} → Option (Minidregg.Kernel.RunComputeBudgetDomain.Prepared deployment physical subject) → Option ℕ
def	Minidregg.Kernel.DeclaredResourceController.computeFundingStream	f17f7a1c4b1efb16d8ba312c9a62caf2b602c3e45c76e54f7bff6e9e6cb9cc69	5e10d03b65e39877b2aeddb019130321b9f882a446cde51a398ff5d9be96846a	0f647722f177529dd5fa2a2b1b1ff8aa20a92696c5354c6c3ec4255c063877b2	4ad9b58623e7f237	Classical.choice,Quot.sound,propext	Minidregg.Compiler.Tower256ConcreteBackend.StreamCodec Minidregg.Kernel.ResourceMoneyWire.FundingConsent
def	Minidregg.Kernel.DeclaredResourceController.computeRunMatches	75d3e7f870a90767f1fb69572423c9fc513f8d51798e6fdd2b5f2c1df502f9fc	bd49bca22a723b68e6014356372c5ac31966ba854306c1ac669597db85fbb46f	1487c85d44eb2e350c1dcaced6b7727c581dee7bcf82560bdcaec2ed5d95e4ba	83a28cd41eb18854	Classical.choice,Quot.sound,propext	{deployment : Minidregg.Kernel.DeclaredResourceController.Deployment} → {physical : Minidregg.Kernel.RunComputeBudgetDomain.Physical} → {subject : Minidregg.Theory.TypedAuthorization.SubjectId} → Option (Minidregg.Kernel.RunComputeBudgetDomain.Prepared deployment physical subject) → Option Minidregg.Kernel.DeclaredResourceController.CheckedRun → Bool
def	Minidregg.Kernel.DeclaredResourceController.computeTarget	ce7fc9b84c1d1805d3351b427610d371e135e20a9315ee6ee97ad2081aae5cd6	74a75a2509eb13c93a24c07a639acb7205cf8c389c18fc46ce394ea80fe63976	b9b166bb04a9debda5eee64b73e9ccb39ded0960e1db690d60474e1301d173d8	2d8f03897223af81	Classical.choice,Quot.sound,propext	Minidregg.Kernel.DeclaredResourceController.AuthoritySnapshot → Minidregg.Theory.TypedAuthorization.Digest → Minidregg.Kernel.DeclaredResourceController.Ambient → Minidregg.Kernel.DeclaredResourceController.Command → (target : Minidregg.Kernel.DeclaredResourceController.Target) → Minidregg.Kernel.DeclaredResourceController.TargetCell target → Except Minidregg.Kernel.DeclaredResourceController.Reject target.Outcome
theorem	Minidregg.Kernel.DeclaredResourceController.computeTarget_read_observe	2d90b8fac237954e6b8b307fdd97a2f1b26e2c0ed88bcaa0a106c3f0ccc45184	35eec53ad695d016e4270f35bfd157bcc63477eb456a37d87c8b4f94a264ab0e	c3b3682b4b74a288f8d48ee954a9197d001f31b36d6c2f14968066a71ba5444f	1464fd4d0a8eaaa6	Classical.choice,Quot.sound,propext	∀ (snapshot : Minidregg.Kernel.DeclaredResourceController.AuthoritySnapshot) (semantics : Minidregg.Theory.TypedAuthorization.Digest) (ambient : Minidregg.Kernel.DeclaredResourceController.Ambient) (command : Minidregg.Kernel.DeclaredResourceController.Command) (target : Minidregg.Kernel.DeclaredResourceController.Target) (pre : Minidregg.Kernel.DeclaredResourceController.TargetCell target) (post : target.Outcome), target.payload = Minidregg.Kernel.DeclaredResourceController.Payload.read → Minidregg.Kernel.DeclaredResourceController.computeTarget snapshot semantics ambient command target pre = Except.ok post → target.observeCapability = Option.some target.capability
theorem	Minidregg.Kernel.DeclaredResourceController.compute_objective_matches_exact	3942cdcfc052a6deed79dfc9f07828368beadee37bf5cc2f3e39c1ba06326598	7c7728794811d7bfefb11bb7aba4bece65843ce4347cd564e330a3a83f69ed89	35e769196ef7aaa667b899ea72f194d5f2195556987e97802cb61b9f5b6cc4bf	2d65176a2ae78b00	Classical.choice,Quot.sound,propext	∀ {deployment : Minidregg.Kernel.DeclaredResourceController.Deployment} {physical : Minidregg.Kernel.RunComputeBudgetDomain.Physical} {subject : Minidregg.Theory.TypedAuthorization.SubjectId} (command : Minidregg.Kernel.DeclaredResourceController.Command) (claim : Minidregg.Compiler.ObjectiveInvocationClaim.Claim) (compute : Option (Minidregg.Kernel.RunComputeBudgetDomain.Prepared deployment physical subject)) (run : Option Minidregg.Kernel.DeclaredResourceController.CheckedRun), command.objectiveClaim = Except.ok (Option.some claim) → Minidregg.Kernel.DeclaredResourceController.computeExecutionMatches command compute run = Bool.true → run = Option.none ∧ ∃ funded, compute = Option.some funded ∧ funded.steps = claim.capacity.proofWork ∧ funded.credits = claim.capacity.feeDebit
def	Minidregg.Kernel.DeclaredResourceController.contentAuthor	b7c50bb4174b2c83eeebde6462de2373a9a8fa97dee17da5ad92cd96d0d3b398	3a8c2616d0934082c3563c6beb99a46d7ff40f2f293dbc578aa9ba1d95760548	a15c2be2cc10d1187c6bad374a3bacedf35ed7d46a30dd9303516037ed6b10dc	32d122a2ba101b78	Quot.sound,propext	Minidregg.Kernel.DeclaredResourceController.Command → Minidregg.Kernel.DeclaredResourceController.Target → Minidregg.Theory.Hyperdocument.PrincipalRef
def	Minidregg.Kernel.DeclaredResourceController.contentContext	f296265cae36fb19f1c47595bccce3e0e99c27cb6be2449aebd25f00139fbcee	067253d7f0d5531846ebd3708b14451b596a057cf1db5c5889576e106ded5216	8d64271fb35f7a34dab1230188b6a4388584c0ca9056f0b7b177be46f3490912	c224df7413dcfce4	Classical.choice,Quot.sound,propext	Minidregg.Kernel.DeclaredResourceController.AuthoritySnapshot → Minidregg.Kernel.DeclaredResourceController.Ambient → Minidregg.Kernel.DeclaredResourceController.Command → Minidregg.Kernel.ContentResource.Context
def	Minidregg.Kernel.DeclaredResourceController.contentOperation	a721f6c87850d4ea9adbb3da98fd472333204a8c13f8dadee90f33b93c4cba9f	f8fddb40bbe7c2cf5651dd3b65f586f8294cd0119ff12709c1231b60cbf1c52d	7dc7b560ea23ff13a405b9d681bee35cfa78233f7e6712c40e7bc98afaa1e4fd	f11eb8c31fbec555	Classical.choice,Quot.sound,propext	Minidregg.Kernel.DeclaredResourceController.AuthoritySnapshot → Minidregg.Theory.TypedAuthorization.Digest → Minidregg.Kernel.DeclaredResourceController.Command → Minidregg.Theory.Hyperdocument.OperationId
def	Minidregg.Kernel.DeclaredResourceController.effectsDigest	85dec42502553be34ad439753fb8e3daf44bcb06be55b81ff751daa8bb2a264e	f049bb4ad6a90363565af71087a1db26e3462420994bec46cadc3322cf52c079	96012d247f590e007b863c0888568b6784f361a7758cf6c7b262f0dc2a94037d	6fe45d49c4fa80b5	Classical.choice,Quot.sound,propext	Minidregg.Theory.TypedAuthorization.Digest → Minidregg.Theory.TypedAuthorization.Digest → Minidregg.Kernel.DeclaredResourceController.Command → Minidregg.Theory.TypedAuthorization.Digest
def	Minidregg.Kernel.DeclaredResourceController.familyCommandFrame	e1225ab58b7eb6dd20aa71f26686806378ea1142d8f0b72eaa6d4587b1512110	268fce01293bcb84de059c093737d89d8980bbc789bd14e1bc6693665008f358	02d719760104018202005d92c0a42dcf057d9b90b89607ba9076e0414020c7b3	f0705277db80af6c	propext	List UInt8
theorem	Minidregg.Kernel.DeclaredResourceController.family_commandBytes_exact	b6c726deb6277cae1d267c7a3eced587a36f1443407ddbbc0e450f1a21cc2f41	9e60be2627b6efd35641dadbc6231988b2e7cefccee3f9bf0eab2475d0ae5763	2a8823c77a858cd383acace39cfaf8d8c893be34101e225dcd988c10e63495bd	b19b91dc410106da	Classical.choice,Quot.sound,propext	∀ (domain semantics : Minidregg.Theory.TypedAuthorization.Digest) (command : Minidregg.Kernel.DeclaredResourceController.Command) (family : Minidregg.Compiler.NativeInvocationStatement.Family), command.family = Option.some family → Minidregg.Kernel.DeclaredResourceController.commandBytes domain semantics command = Minidregg.Compiler.NativeInvocationStatement.encode (Minidregg.Kernel.DeclaredResourceController.statement domain semantics command)
def	Minidregg.Kernel.DeclaredResourceController.framedCommandBytes	8e6a39ad3445df31dab326b2a823fc74b366c82edcea3a60507905c9480ca25b	cff20b13ee09a394e4c77437034b0842510a6507391f053bbecbad5c189fffb4	db5baea4179f527888f452d5fbf84e460fb86318ffacfd9b4704e18bfc1c229f	3f8c7e943af15827	Classical.choice,Quot.sound,propext	Minidregg.Theory.TypedAuthorization.Digest → Minidregg.Theory.TypedAuthorization.Digest → List UInt8 → List UInt8
theorem	Minidregg.Kernel.DeclaredResourceController.framedCommandBytes_exact	f8a630eef8317d79d9609817279b6bad512df204773f77e346f233db09d5f4cc	1ea4ddebc9a6967af24f3673f22f51ea9167b1418698ca259d0587517c59cc71	c6a8f5e7226025e3760652dd6e5af7b549f791f21a5d07b05fb0040dfb25424f	f0bbaac0554426b2	Classical.choice,Quot.sound,propext	∀ (domain semantics : Minidregg.Theory.TypedAuthorization.Digest) (command : Minidregg.Kernel.DeclaredResourceController.Command), command.family = Option.none → Minidregg.Kernel.DeclaredResourceController.framedCommandBytes domain semantics (Minidregg.Kernel.DeclaredResourceController.commandCodec.encode command) = Minidregg.Kernel.DeclaredResourceController.commandBytes domain semantics command
def	Minidregg.Kernel.DeclaredResourceController.fundingProject	de45fd05ea403931925b89f2a4bbf822434e283ad29a56004a000604849e36bb	0e804e605dd4b26b28f6061bf7b43f2a77ca428b9bcf492e365beedff37a4a74	52d9ccdfc8385a056d01a10605281c5cbcb008fdfe68447b24bc918096dff63c	f825383901e03cb7	-	Minidregg.Kernel.DeclaredResourceController.ComputeFunding → List (String × ℤ)
theorem	Minidregg.Kernel.DeclaredResourceController.funding_unvalidated	c29a2ef3c03e37a25f2984630f3e9632fc05b74180e54e1bc9b1d8d40b8652ab	658934db8681308e9cb3be55021c96c08eea4fa06c32165ab2ea9fa03d43c887	45532bb092b30b659e56d929c11bccd26189345a9e2640f771885ceddf4d6e1e	8148d1cc1d126aa6	Classical.choice,Quot.sound,propext	∀ (index target : ℕ) (capability : Minidregg.Theory.TypedAuthorization.CapabilityId) (root program : Minidregg.Theory.TypedAuthorization.Digest) (funding : Minidregg.Kernel.DeclaredResourceController.ComputeFunding) (pre : Minidregg.Theory.Store.Store Minidregg.Theory.EffectDeclaration.effectLayout), Minidregg.Kernel.DeclaredResourceController.targetWrites index { kind := Minidregg.Theory.TypedAuthorization.ResourceKind.account, target := target, capability := capability, schemaVersion := 1, expectedTargetRoot := root, payload := Minidregg.Kernel.DeclaredResourceController.Payload.computeFunding funding } pre program = Option.none
def	Minidregg.Kernel.DeclaredResourceController.incidences	bd5d0246eb4ae80bd0273797e0b1c4fc4708a46d34592072ed55edfaee3ed1e3	49cac8286cbeebd286499a9d43329d9d4fa2d3eee8a3762f5396fbe9fac6259d	5120b6a3f016aa95af8d7fb9d1b2099322b7a8273bac2936cd2e8eec3f15a578	2df942afbddfef6a	Quot.sound,propext	(command : Minidregg.Kernel.DeclaredResourceController.Command) → List (Minidregg.Kernel.DeclaredResourceController.Incidence command)
def	Minidregg.Kernel.DeclaredResourceController.legacyCommandStream	a698a4fbda330da92c79309e5c1219612650b588a4a1eec882418101f0e789a3	4c1407905a8fcc8def62b782253d55d607753bfecc9051301cc8b31eb28ad7da	379dde730f8ce23e7792d05aabbf685e568e6527c94ade4d7bde7afcc8b50f0d	d32108c1b127440a	Classical.choice,Quot.sound,propext	Minidregg.Compiler.Tower256ConcreteBackend.StreamCodec (Minidregg.Theory.TypedAuthorization.SubjectId × ℕ × List Minidregg.Kernel.DeclaredResourceController.Target × Option Minidregg.Kernel.Run.RunClaim)
def	Minidregg.Kernel.DeclaredResourceController.markerDeclaredOn	f7f00eebf59046d5cd4d1f5b72a41e908a7eb720949e740f0c426c2634c7abb4	d600904e6b23194182257807a5cab67e58b70b26e79047b02b66d503003c7670	91ebf9abfdc6abea34baf37653f70b7cf94d955df36dc3f5d3bc28378a58bb7d	f5e56e52e43a79b1	Classical.choice,Quot.sound,propext	{deployment : Minidregg.Kernel.DeclaredResourceController.Deployment} → Minidregg.Kernel.DeclaredResourceController.Ground deployment → Minidregg.Theory.TypedAuthorization.Digest → Minidregg.Theory.TypedAuthorization.Digest → Minidregg.Kernel.DeclaredResourceController.Command → Bool
def	Minidregg.Kernel.DeclaredResourceController.markerFamily	161931b0c425d5d68566938cb2f9de7df9e8739f32542c77227d69bb7f546167	6a84a2c65adc9f9a13fb18b8f541168d0be18f77a7d927ac5a907f8684ba147e	c961dbf106ea83687d46bdc174ea934ece2bdc4f502906dc3ff2173f6487667d	942826d009c44747	Classical.choice,Quot.sound,propext	Minidregg.Kernel.DeclaredResourceController.AuthoritySnapshot → Minidregg.Theory.TypedAuthorization.Digest → Minidregg.Kernel.DeclaredResourceController.Ambient → Minidregg.Theory.SemanticEffectFamily Minidregg.Theory.CredentialAuthorityState.layout Minidregg.Compiler.CredentialAuthorityCell.materializer ℕ
def	Minidregg.Kernel.DeclaredResourceController.moneyEntries	639770ee82eb3d15db63598b63c96109881997b1889aed7d03a431ecc6451c1f	d668bc62bb605ee82b1089b17ea451d492a90f6b1d16471db02c34f1fd8983a7	ad6ac4335b8a65db22e836a10516c94b927b331699e6b12e714ae4bf741e83f8	7e6d541431d52fa0	Quot.sound,propext	Minidregg.Kernel.DeclaredResourceController.Command → List Minidregg.Kernel.ResourceMoneyWire.Entry
theorem	Minidregg.Kernel.DeclaredResourceController.nock.checkProgram_fieldOverMax	61a1ab1848c0ce041bea11fec71cc8e3ad1d314ec49215d521cdde482740e0c7	e5422721fe62ab944d78d2aeb27e817683ef5dfed57647bd60d6b1a59027281e	a6dcca60763290844d5a2b13519e302476c41f2b42bd21e91e6c435dab39484d	dfecdf0f8f1d32b3	Classical.choice,Quot.sound,propext	∀ {program : Minidregg.Compiler.NockProgramCodec.Program} {validatedFundingIndex : Option ℕ} {libraries : List Minidregg.Compiler.NockProgramCodec.Program} {ambient : Minidregg.Kernel.DeclaredResourceController.Ambient} {command : Minidregg.Kernel.DeclaredResourceController.Command} {pre : (i : Fin command.targets.length) → Minidregg.Theory.Store.Store command.targets[i].layout} {claim : Minidregg.Kernel.Run.RunClaim} {writes : List Minidregg.Theory.Eval.FieldWrite} {slot : Minidregg.Compiler.NockProgramCodec.SampleSlot}, program.abi.door = Option.none → Minidregg.Kernel.NockProgramCell.overMax (Minidregg.Kernel.DeclaredResourceController.programSampleRead command pre validatedFundingIndex) program.abi.sample = Option.some slot → Minidregg.Kernel.DeclaredResourceController.checkProgram Minidregg.Compiler.Evaluator.nock program libraries ambient command pre claim writes validatedFundingIndex = Except.error Minidregg.Kernel.Run.Refusal.fieldOverMax
theorem	Minidregg.Kernel.DeclaredResourceController.nock.pinned_claim_admissible_across_heights	6bc275978604c94c34c84033408538211c5431011de662cf3fd7090cc80ffd9b	fda5a9b96e0550001ede7f87816e45f0c3710c44671bf6290998ed92aefe34e6	e83334b14baf3ac33170228365dc1f5693ce721851c1aa497254136a05bc2eda	4dbab6946a63a9f1	Classical.choice,Quot.sound,propext	∀ {program : Minidregg.Compiler.NockProgramCodec.Program} {validatedFundingIndex : Option ℕ} {libraries : List Minidregg.Compiler.NockProgramCodec.Program} {ambient ambient' : Minidregg.Kernel.DeclaredResourceController.Ambient} {command command' : Minidregg.Kernel.DeclaredResourceController.Command} {validatedFundingIndex' : Option ℕ} {pre : (i : Fin command.targets.length) → Minidregg.Theory.Store.Store command.targets[i].layout} {pre' : (i : Fin command'.targets.length) → Minidregg.Theory.Store.Store command'.targets[i].layout} {claim : Minidregg.Kernel.Run.RunClaim} {writes : List Minidregg.Theory.Eval.FieldWrite} {verdict : Minidregg.Kernel.Run.Accepted}, program.abi.door = Option.none → program.abi.context = Minidregg.Compiler.NockProgramCodec.ContextMode.pinned → Minidregg.Kernel.DeclaredResourceController.programTargets command' validatedFundingIndex' = Minidregg.Kernel.DeclaredResourceController.programTargets command validatedFundingIndex → (∀ slot ∈ program.abi.sample, Minidregg.Kernel.DeclaredResourceController.programSampleRead command' pre' validatedFundingIndex' slot.target slot.slot = Minidregg.Kernel.DeclaredResourceController.programSampleRead command pre validatedFundingIndex slot.target slot.slot) → Minidregg.Kernel.DeclaredResourceController.checkProgram Minidregg.Compiler.Evaluator.nock program libraries ambient command pre claim writes validatedFundingIndex = Except.ok verdict → Minidregg.Kernel.DeclaredResourceController.checkProgram Minidregg.Compiler.Evaluator.nock program libraries ambient' command' pre' claim writes validatedFundingIndex' = Except.ok verdict
theorem	Minidregg.Kernel.DeclaredResourceController.nock.pinned_claim_stale_on_field_change	59ebbede292bfa187b3eaecc0d31f5912670983d1abf8e3067325d199d9f01c2	fd6ca46ecb578cf930db5e6ec3162fee87556765921dbc6574317b5672cdb15c	9da784b33ef8a4ccc5e1381ca3200bcb6627124e8495131db2704881544a9e84	b669f2e38577f27d	Classical.choice,Quot.sound,propext	∀ {program : Minidregg.Compiler.NockProgramCodec.Program} {validatedFundingIndex : Option ℕ} {libraries : List Minidregg.Compiler.NockProgramCodec.Program} {ambient ambient' : Minidregg.Kernel.DeclaredResourceController.Ambient} {command command' : Minidregg.Kernel.DeclaredResourceController.Command} {validatedFundingIndex' : Option ℕ} {pre : (i : Fin command.targets.length) → Minidregg.Theory.Store.Store command.targets[i].layout} {pre' : (i : Fin command'.targets.length) → Minidregg.Theory.Store.Store command'.targets[i].layout} {claim : Minidregg.Kernel.Run.RunClaim} {writes writes' : List Minidregg.Theory.Eval.FieldWrite} {verdict : Minidregg.Kernel.Run.Accepted} {slot : Minidregg.Compiler.NockProgramCodec.SampleSlot} {sample' : Minidregg.Theory.Noun}, program.abi.door = Option.none → program.abi.context = Minidregg.Compiler.NockProgramCodec.ContextMode.pinned → Minidregg.Kernel.DeclaredResourceController.programTargets command' validatedFundingIndex' = Minidregg.Kernel.DeclaredResourceController.programTargets command validatedFundingIndex → Minidregg.Kernel.DeclaredResourceController.checkProgram Minidregg.Compiler.Evaluator.nock program libraries ambient command pre claim writes validatedFundingIndex = Except.ok verdict → Minidregg.Kernel.NockProgramCell.sampleOf program.abi (Minidregg.Kernel.DeclaredResourceController.runContext ambient' command') (Minidregg.Kernel.DeclaredResourceController.programTargets command' validatedFundingIndex') (Minidregg.Kernel.DeclaredResourceController.programSampleRead command' pre' validatedFundingIndex') = Option.some sample' → slot ∈ program.abi.sample → Minidregg.Kernel.DeclaredResourceController.programSampleRead command pre validatedFundingIndex slot.target slot.slot ≠ Minidregg.Kernel.DeclaredResourceController.programSampleRead command' pre' validatedFundingIndex' slot.target slot.slot → (∀ s ∈ program.abi.sample, s ≠ slot → Minidregg.Kernel.DeclaredResourceController.programSampleRead command pre validatedFundingIndex s.target s.slot = Minidregg.Kernel.DeclaredResourceController.programSampleRead command' pre' validatedFundingIndex' s.target s.slot) → Minidregg.Kernel.DeclaredResourceController.checkProgram Minidregg.Compiler.Evaluator.nock program libraries ambient' command' pre' claim writes' validatedFundingIndex' = Except.error (Minidregg.Kernel.Run.Refusal.sampleStale (Option.some slot.key))
def	Minidregg.Kernel.DeclaredResourceController.observeVerb	656ce70636a966334d93eae84048d33788800abe4fcb4061ecd46fb7d538e24f	b60c02040d543f12050872095323a30c260dc3f1aee129861cb90ffb04d8e737	5526ce35eb5134dd50fc5198342d65667e8cfe1753ef92cf08e238c4a07ea694	f85e2f9ef065c742	-	(kind : Minidregg.Theory.TypedAuthorization.ResourceKind) → Minidregg.Theory.TypedAuthorization.Verb kind
def	Minidregg.Kernel.DeclaredResourceController.openingsCheck	c5592aa58c6a5e05283226a2dd008a838ff82d5b266f0ce99f048532e9b3cc43	183769ce6a336488f88fe410cb0946f4aa3050bfd5652bbf9a6da4e2a94c5261	3b34fc442687cbf6ef674e5c10c41ed86045a5d38bbeafaf550efaddadac6cad	a93ec2cb024d0590	Classical.choice,Quot.sound,propext	(command : Minidregg.Kernel.DeclaredResourceController.Command) → (Minidregg.Kernel.DeclaredResourceController.TargetIndex command → Option Minidregg.Kernel.ContentResource.ContentStore) → Bool
def	Minidregg.Kernel.DeclaredResourceController.operationMarker	d7a34ccf9de5d3c9007d5fbc532143429e63c8382c158836f39468ad4bd6c34a	be5b648c5a28ed21600b90c0907787ac16fe2c890e198e85ed20e4f3951cefe4	a69bf7d4bddad81693535d51660c7eb6834e1a8028798b5b5abeb99ac735619b	00bea7f21d6725be	Classical.choice,Quot.sound,propext	Minidregg.Theory.TypedAuthorization.Digest → Minidregg.Theory.TypedAuthorization.Digest → Minidregg.Kernel.DeclaredResourceController.Command → ℕ
def	Minidregg.Kernel.DeclaredResourceController.ordinaryVerb	d6e93f1a8c34ca30dce638593a8d78b771e6c9d6920159cae09e396d87d5c004	b60c02040d543f12050872095323a30c260dc3f1aee129861cb90ffb04d8e737	3f1e23a7dc3c0174fa0cb0ebd1f3e30f23bd4be17644f86eed5130183edfb1f0	002f4432ea88239b	-	(kind : Minidregg.Theory.TypedAuthorization.ResourceKind) → Minidregg.Theory.TypedAuthorization.Verb kind
def	Minidregg.Kernel.DeclaredResourceController.packTarget	fe904a0eb1b842168ac00882e4b9c1cbcf3786f43b4b32534c47eb50b4d43342	9ab4aafa80fdd6808621f477f9b08d775017bfbefcd7d9c446ca947075661252	3205ee47595e948ca2b76b75927d81e6acc3d9c343aef3198821e5befc731c51	ae3728de3df62eb8	Classical.choice,Quot.sound,propext	(target : Minidregg.Kernel.DeclaredResourceController.Target) → Minidregg.Kernel.DeclaredResourceController.TargetCell target → Minidregg.Theory.CellRegistry.PackedCell Minidregg.Kernel.DeclaredResourceController.Registry
def	Minidregg.Kernel.DeclaredResourceController.payloadStream	a3e536fe8233441d84d8f84d07720e1afe90e96836ef7fc5f533a95bca1d7c2f	b7c9c60522cae292d8a5e3203e56d72589454feb250f595aca76b5cba67a8cc9	76b98aa55caf5c8c0de635479674092589fc1febacdbbc36219d1c6d2963236e	036623edd4c7dd30	Classical.choice,Quot.sound,propext	Minidregg.Compiler.Tower256ConcreteBackend.StreamCodec Minidregg.Kernel.DeclaredResourceController.Payload
def	Minidregg.Kernel.DeclaredResourceController.payloadVerb	e39cb20ded6f93932aa0929e227a8f060822e539fc98abcb3512e52321605c06	48202cb1a47229f4b28a39e75fe4c6456c70dbb1462df08556c3c1f03d9fc6f7	1580231cbd779e54d02b7b6d5c11dbb2c5deb89719a006d3621f7964688f65d7	6df692d4766ce0d3	Quot.sound,propext	(kind : Minidregg.Theory.TypedAuthorization.ResourceKind) → Minidregg.Kernel.DeclaredResourceController.Payload → Minidregg.Theory.TypedAuthorization.Verb kind
theorem	Minidregg.Kernel.DeclaredResourceController.pinned_claim_admissible_across_heights	9a3428a336aa9c4ad57988168928c07c4be4023b4c8c7ac4034c1cabc29947f5	d323bcd8ee2ff4e7d9c1eb9a3c6b121a243a8d649d2bb9b303e0c8505faa5608	4cbbf31ab74696c3866cfb803d45506af2a9225916fd33a475d8999695155b58	8866fd62470a816b	Classical.choice,Quot.sound,propext	∀ {E : Minidregg.Compiler.Evaluator} {program : Minidregg.Compiler.NockProgramCodec.Program} {validatedFundingIndex : Option ℕ} {libraries : List Minidregg.Compiler.NockProgramCodec.Program} {ambient ambient' : Minidregg.Kernel.DeclaredResourceController.Ambient} {command command' : Minidregg.Kernel.DeclaredResourceController.Command} {validatedFundingIndex' : Option ℕ} {pre : (i : Fin command.targets.length) → Minidregg.Theory.Store.Store command.targets[i].layout} {pre' : (i : Fin command'.targets.length) → Minidregg.Theory.Store.Store command'.targets[i].layout} {claim : Minidregg.Kernel.Run.RunClaim} {writes : List Minidregg.Theory.Eval.FieldWrite} {verdict : Minidregg.Kernel.Run.Accepted}, program.abi.door = Option.none → program.abi.context = Minidregg.Compiler.NockProgramCodec.ContextMode.pinned → Minidregg.Kernel.DeclaredResourceController.programTargets command' validatedFundingIndex' = Minidregg.Kernel.DeclaredResourceController.programTargets command validatedFundingIndex → (∀ slot ∈ program.abi.sample, Minidregg.Kernel.DeclaredResourceController.programSampleRead command' pre' validatedFundingIndex' slot.target slot.slot = Minidregg.Kernel.DeclaredResourceController.programSampleRead command pre validatedFundingIndex slot.target slot.slot) → Minidregg.Kernel.DeclaredResourceController.checkProgram E program libraries ambient command pre claim writes validatedFundingIndex = Except.ok verdict → Minidregg.Kernel.DeclaredResourceController.checkProgram E program libraries ambient' command' pre' claim writes validatedFundingIndex' = Except.ok verdict
theorem	Minidregg.Kernel.DeclaredResourceController.pinned_claim_stale_on_field_change	174b3f707abc728ae5ca2b795bdf21196ed7f9a466e454be83bbf2a4c63af657	98df3df08769a7fc438818cad72f1874f95405246014d03e76e2be5976eb2713	0e9b3c4bb7fe46bd59b3218bcfacd7e1730a8cbc2342f349a13280be6aa078c6	1158620bd8acd5cc	Classical.choice,Quot.sound,propext	∀ {E : Minidregg.Compiler.Evaluator} {program : Minidregg.Compiler.NockProgramCodec.Program} {validatedFundingIndex : Option ℕ} {libraries : List Minidregg.Compiler.NockProgramCodec.Program} {ambient ambient' : Minidregg.Kernel.DeclaredResourceController.Ambient} {command command' : Minidregg.Kernel.DeclaredResourceController.Command} {validatedFundingIndex' : Option ℕ} {pre : (i : Fin command.targets.length) → Minidregg.Theory.Store.Store command.targets[i].layout} {pre' : (i : Fin command'.targets.length) → Minidregg.Theory.Store.Store command'.targets[i].layout} {claim : Minidregg.Kernel.Run.RunClaim} {writes writes' : List Minidregg.Theory.Eval.FieldWrite} {verdict : Minidregg.Kernel.Run.Accepted} {slot : Minidregg.Compiler.NockProgramCodec.SampleSlot} {sample' : E.Input}, program.abi.door = Option.none → program.abi.context = Minidregg.Compiler.NockProgramCodec.ContextMode.pinned → Minidregg.Kernel.DeclaredResourceController.programTargets command' validatedFundingIndex' = Minidregg.Kernel.DeclaredResourceController.programTargets command validatedFundingIndex → Minidregg.Kernel.DeclaredResourceController.checkProgram E program libraries ambient command pre claim writes validatedFundingIndex = Except.ok verdict → E.sampleOf program.abi (Minidregg.Kernel.DeclaredResourceController.runContext ambient' command') (Minidregg.Kernel.DeclaredResourceController.programTargets command' validatedFundingIndex') (Minidregg.Kernel.DeclaredResourceController.programSampleRead command' pre' validatedFundingIndex') = Option.some sample' → slot ∈ program.abi.sample → Minidregg.Kernel.DeclaredResourceController.programSampleRead command pre validatedFundingIndex slot.target slot.slot ≠ Minidregg.Kernel.DeclaredResourceController.programSampleRead command' pre' validatedFundingIndex' slot.target slot.slot → (∀ s ∈ program.abi.sample, s ≠ slot → Minidregg.Kernel.DeclaredResourceController.programSampleRead command pre validatedFundingIndex s.target s.slot = Minidregg.Kernel.DeclaredResourceController.programSampleRead command' pre' validatedFundingIndex' s.target s.slot) → Minidregg.Kernel.DeclaredResourceController.checkProgram E program libraries ambient' command' pre' claim writes' validatedFundingIndex' = Except.error (Minidregg.Kernel.Run.Refusal.sampleStale (Option.some slot.key))
def	Minidregg.Kernel.DeclaredResourceController.prepare	4b7c3770b140d67fedc7eea1ef3df5dba189b535d5461aa35397e21f9a212178	fac3545c33f2426a8045bf6c640384f8f9f2bfd9a41b31c8aa1e00485a14ab7c	8f8e4578f557508bf7f8873f62f59309b0f74da48095699d8aa0d19253e4950b	fa05c30b11e11143	Classical.choice,Quot.sound,propext	{F : Type} → [inst : Field F] → (deployment : Minidregg.Kernel.DeclaredResourceController.Deployment) → (profile : Minidregg.Compiler.CanonicalRuntimeProfile.Profile F) → (ambient : Minidregg.Kernel.DeclaredResourceController.Ambient) → (ground : Minidregg.Kernel.DeclaredResourceController.Ground deployment) → (command : Minidregg.Kernel.DeclaredResourceController.Command) → Except Minidregg.Kernel.DeclaredResourceController.Reject (Minidregg.Kernel.DeclaredResourceController.PreparedInvocation deployment profile ambient ground command)
def	Minidregg.Kernel.DeclaredResourceController.prepareCompute	aca3f3d0e8a61cf8767d4df8ef190cd60570d55952542d23d29b279e5bad652a	fe0fae09a260bcc263908c36a843e0221a5e9dadc452fe562c6b4d0421a6981b	d41d27dcaeaac0d2968dd610befb098b076bae89d72ab0f3251b34d0549dbe1b	e8346785c2c69591	Classical.choice,Quot.sound,propext	(deployment : Minidregg.Kernel.DeclaredResourceController.Deployment) → (physical : Minidregg.Kernel.RunComputeBudgetDomain.Physical) → Minidregg.Kernel.ClockCell.Clock → (command : Minidregg.Kernel.DeclaredResourceController.Command) → Except Minidregg.Kernel.DeclaredResourceController.Reject (Option (Minidregg.Kernel.RunComputeBudgetDomain.Prepared deployment physical command.subject))
def	Minidregg.Kernel.DeclaredResourceController.prepareMarker	e4de74d37238c54d687a3e372003ca4148f39f8fef7f188711899543bc69069c	90ab5378c18c15d823166180afbe2b55eb783448d37e291d887414cac9d6768b	aa76536ac8401c49fe8c306b2870dc96338bf09fccbc909b055f2878373d5347	56e72a1f657d5605	Classical.choice,Quot.sound,propext	(snapshot : Minidregg.Kernel.DeclaredResourceController.AuthoritySnapshot) → (semantics : Minidregg.Theory.TypedAuthorization.Digest) → (command : Minidregg.Kernel.DeclaredResourceController.Command) → Except Minidregg.Kernel.DeclaredResourceController.Reject (Minidregg.Kernel.DeclaredResourceController.MarkerMode snapshot semantics command)
def	Minidregg.Kernel.DeclaredResourceController.prepareMoney	d1b32d509ee0d9e68e500ba906ba522bce4f6082b48d9285a92deeee8f6be59a	71b0c7656c5a77e9f9aec3895063c7eaae85c018cca864119bb3c254262a98c4	aa22bbb91515e96f8ef1747eab4a2ccda837c315dd2ac19f95b98e6fdac165ed	04c072649ae18f37	Classical.choice,Quot.sound,propext	(deployment : Minidregg.Kernel.DeclaredResourceController.Deployment) → (physical : Minidregg.Kernel.RunComputeBudgetDomain.Physical) → (command : Minidregg.Kernel.DeclaredResourceController.Command) → Option (Minidregg.Kernel.RunComputeBudgetDomain.Prepared deployment physical command.subject) → Except Minidregg.Kernel.DeclaredResourceController.Reject (Option (Minidregg.Kernel.ResourceMoneyReceiver.Prepared deployment physical (Minidregg.Kernel.DeclaredResourceController.moneyEntries command)))
def	Minidregg.Kernel.DeclaredResourceController.prepareOn	277675b97ad9bed18b84513f5a6deb0b6f8c09734db492637ae577e556de55ad	f9df3988dd613d3aed74f15eb5fcdce8fe79b33e99e3123092dd2f73ff2e12ec	6091627518758c99626241b4591273ebf82709b89d926491a5dbdfbba0d18f05	7316906c217f9051	Classical.choice,Quot.sound,propext	{F : Type} → [inst : Field F] → (deployment : Minidregg.Kernel.DeclaredResourceController.Deployment) → (profile : Minidregg.Compiler.CanonicalRuntimeProfile.Profile F) → (ambient : Minidregg.Kernel.DeclaredResourceController.Ambient) → (directory : Minidregg.Theory.CellRegistry.Directory ℕ Minidregg.Kernel.DeclaredResourceController.Registry) → (authority : Minidregg.Kernel.DeclaredResourceController.AuthoritySnapshot) → (cells : Minidregg.Kernel.RunComputeBudgetDomain.Physical) → (declared : Bool) → (command : Minidregg.Kernel.DeclaredResourceController.Command) → Except Minidregg.Kernel.DeclaredResourceController.Reject (Minidregg.Kernel.DeclaredResourceController.PreparedOn deployment profile ambient directory authority cells declared command)
def	Minidregg.Kernel.DeclaredResourceController.prepareTarget	3f663be92f02b02a592cbf1c2c1280da79e8b530215ddaf48186c2746084b07e	64236be6d1f5ceb68f9c09dba6d6968c926843089a6a1636b4dd578461400e48	9caaa9c4fa551598bda886e5f9b55caa1807a1cfebd3acdb3178b68641056612	bf33be2e1dee8040	Classical.choice,Quot.sound,propext	(deployment : Minidregg.Kernel.DeclaredResourceController.Deployment) → (directory : Minidregg.Theory.CellRegistry.Directory ℕ Minidregg.Kernel.DeclaredResourceController.Registry) → (snapshot : Minidregg.Kernel.DeclaredResourceController.AuthoritySnapshot) → (semantics : Minidregg.Theory.TypedAuthorization.Digest) → (ambient : Minidregg.Kernel.DeclaredResourceController.Ambient) → (command : Minidregg.Kernel.DeclaredResourceController.Command) → (target : Minidregg.Kernel.DeclaredResourceController.Target) → Except Minidregg.Kernel.DeclaredResourceController.Reject (Minidregg.Kernel.DeclaredResourceController.PreparedTarget deployment directory snapshot semantics ambient command target)
theorem	Minidregg.Kernel.DeclaredResourceController.prepare_agrees	6f058717f3f44dab6c5f9355ae1ea1b0f4281d3b00ca5025066953321df1b564	45843f368267bd189f44d01382fd1ba18646bf095d72af15a3990f2006be7158	0793235a12892a1d8e08a97eae2cbc13307c3ad2fd158121dd1a4259004eb334	b50cac23da8f7b8a	Classical.choice,Quot.sound,propext	∀ {F : Type} [inst : Field F] (deployment : Minidregg.Kernel.DeclaredResourceController.Deployment) (profile : Minidregg.Compiler.CanonicalRuntimeProfile.Profile F) (ambient : Minidregg.Kernel.DeclaredResourceController.Ambient) (first second : Minidregg.Kernel.DeclaredResourceController.Ground deployment) (command : Minidregg.Kernel.DeclaredResourceController.Command), Minidregg.Compiler.ServedBasis.Ground.directory first = Minidregg.Compiler.ServedBasis.Ground.directory second → Minidregg.Compiler.ServedBasis.Ground.authority first = Minidregg.Compiler.ServedBasis.Ground.authority second → Minidregg.Compiler.ServedBasis.Ground.cells first = Minidregg.Compiler.ServedBasis.Ground.cells second → Minidregg.Compiler.ServedBasis.Ground.declaresNullifier first (Minidregg.Compiler.CredentialAuthorityReplay.nullifier deployment.domain (Minidregg.Kernel.DeclaredResourceController.operationMarker (Minidregg.Compiler.ServedBasis.Ground.authority first).domain profile.semantics command)) = Minidregg.Compiler.ServedBasis.Ground.declaresNullifier second (Minidregg.Compiler.CredentialAuthorityReplay.nullifier deployment.domain (Minidregg.Kernel.DeclaredResourceController.operationMarker (Minidregg.Compiler.ServedBasis.Ground.authority second).domain profile.semantics command)) → Except.map (fun x => ()) (Minidregg.Kernel.DeclaredResourceController.prepare deployment profile ambient first command) = Except.map (fun x => ()) (Minidregg.Kernel.DeclaredResourceController.prepare deployment profile ambient second command)
theorem	Minidregg.Kernel.DeclaredResourceController.prepare_light_full	b0b0dbd7b9cf90ab6fea471d4c1f1f049db92ff5fc8f5ec6eacb29a5b5ad130e	bc7c91c4f5ba653ab94a9a9a39cbe840159b5fc83458665b1811d51511d1ceef	b41066a7b454c864a3fa6438d834d696d114e35fdead21b9d9d1684747bfe974	068e0199cd1f6e8f	Classical.choice,Quot.sound,propext	∀ {F : Type} [inst : Field F] (deployment : Minidregg.Kernel.DeclaredResourceController.Deployment) (profile : Minidregg.Compiler.CanonicalRuntimeProfile.Profile F) (ambient : Minidregg.Kernel.DeclaredResourceController.Ambient) {store : Minidregg.Compiler.DurableHistory.StoreIdentity} (basis : Minidregg.Compiler.ServedBasis.Basis deployment store) (loaded : Minidregg.Compiler.DurableReceiverIO.Loaded Minidregg.Compiler.ResourceBirthCodec.rootBytes) (fullDirectory : Minidregg.Compiler.CredentialAuthorityDomainReceiver.LoadedDirectory loaded) (fullAuthority : Minidregg.Compiler.CredentialAuthorityDomainReceiver.Loaded deployment loaded.snapshot) (sameStart : store.logStart = loaded.logStart), basis.served = Minidregg.Compiler.DurableServed.Served.ofLoaded loaded sameStart → (Minidregg.Compiler.ServedBasis.Ground.ofBasis basis).directory = (Minidregg.Compiler.ServedBasis.Ground.full loaded fullDirectory fullAuthority).directory → (Minidregg.Compiler.ServedBasis.Ground.ofBasis basis).authority = (Minidregg.Compiler.ServedBasis.Ground.full loaded fullDirectory fullAuthority).authority → ∀ (command : Minidregg.Kernel.DeclaredResourceController.Command), Minidregg.Compiler.CredentialAuthorityReplay.nullifier deployment.domain (Minidregg.Kernel.DeclaredResourceController.operationMarker (Minidregg.Compiler.ServedBasis.Ground.ofBasis basis).authority.domain profile.semantics command) ∈ basis.keys.nullifiers → Except.map (fun x => ()) (Minidregg.Kernel.DeclaredResourceController.prepare deployment profile ambient (Minidregg.Compiler.ServedBasis.Ground.ofBasis basis) command) = Except.map (fun x => ()) (Minidregg.Kernel.DeclaredResourceController.prepare deployment profile ambient (Minidregg.Compiler.ServedBasis.Ground.full loaded fullDirectory fullAuthority) command)
theorem	Minidregg.Kernel.DeclaredResourceController.prepare_refuses_lone_read	6d6ee6f8747ebad6a0f13342082908be1a5c2cd077c5e34e9021f465436a0ca7	6ec0dbd08db2cffa3f0e662185d178ca1c557d56c773fcdb5da39d3f264bebd3	4298c2562aa503600b1bcf15c92e15118f6e52bcfcd67e095f1c1e50c717a405	bb00eea2e2fdd84c	Classical.choice,Quot.sound,propext	∀ {F : Type} [inst : Field F] (deployment : Minidregg.Kernel.DeclaredResourceController.Deployment) (profile : Minidregg.Compiler.CanonicalRuntimeProfile.Profile F) (ambient : Minidregg.Kernel.DeclaredResourceController.Ambient) (ground : Minidregg.Kernel.DeclaredResourceController.Ground deployment) (command : Minidregg.Kernel.DeclaredResourceController.Command) (target : Minidregg.Kernel.DeclaredResourceController.Target), command.targets = [target] → target.observeOnly = Bool.true → Minidregg.Kernel.DeclaredResourceController.prepare deployment profile ambient ground command = Except.error Minidregg.Kernel.DeclaredResourceController.Reject.readOnlyCommand
theorem	Minidregg.Kernel.DeclaredResourceController.prepare_refuses_read_only	ffd8dac490c4a2bb4aa3003376b7e9ca83d3898ff2cb7dcfb334e29aa41b638e	cdbe7a6646496b2a60d12fd76c2da25f91bd3b4fc1df14e90c04318078f7dcd7	0b4a80392dc5a13169af192a4f173f3c8c2fc4b0d18b368409a753bce1901a46	53d2eecb2ace7f39	Classical.choice,Quot.sound,propext	∀ {F : Type} [inst : Field F] (deployment : Minidregg.Kernel.DeclaredResourceController.Deployment) (profile : Minidregg.Compiler.CanonicalRuntimeProfile.Profile F) (ambient : Minidregg.Kernel.DeclaredResourceController.Ambient) (ground : Minidregg.Kernel.DeclaredResourceController.Ground deployment) (command : Minidregg.Kernel.DeclaredResourceController.Command), command.targets ≠ [] → (List.map Minidregg.Kernel.DeclaredResourceController.Target.target command.targets).Nodup → command.writesSome = Bool.false → Minidregg.Kernel.DeclaredResourceController.prepare deployment profile ambient ground command = Except.error Minidregg.Kernel.DeclaredResourceController.Reject.readOnlyCommand
theorem	Minidregg.Kernel.DeclaredResourceController.prepare_undeclared	4d231c32390de5525f22fc9de3a0849a536ed1706b7a094d56f822313614746a	496d0efdc5d77255b03ddc7599bc9b4433f67894cde5bea197b3f34fa1a9cdaf	361200deb56923b09b637cb983562398097e32fe21415fedad67ff009a3cf7cd	958db2a06f117b20	Classical.choice,Quot.sound,propext	∀ {F : Type} [inst : Field F] (deployment : Minidregg.Kernel.DeclaredResourceController.Deployment) (profile : Minidregg.Compiler.CanonicalRuntimeProfile.Profile F) (ambient : Minidregg.Kernel.DeclaredResourceController.Ambient) {store : Minidregg.Compiler.DurableHistory.StoreIdentity} (basis : Minidregg.Compiler.ServedBasis.Basis deployment store) (command : Minidregg.Kernel.DeclaredResourceController.Command), command.targets ≠ [] → (List.map Minidregg.Kernel.DeclaredResourceController.Target.target command.targets).Nodup → command.writesSome = Bool.true → Minidregg.Compiler.CredentialAuthorityReplay.nullifier deployment.domain (Minidregg.Kernel.DeclaredResourceController.operationMarker deployment.domain profile.semantics command) ∉ basis.keys.nullifiers → Minidregg.Kernel.DeclaredResourceController.prepare deployment profile ambient (Minidregg.Compiler.ServedBasis.Ground.ofBasis basis) command = Except.error Minidregg.Kernel.DeclaredResourceController.Reject.undeclaredMarker
def	Minidregg.Kernel.DeclaredResourceController.programSampleRead	be3a08a89b2ccf78d4683ee3968c515475787dae2d069331f59b287258c8bc0d	fccb652e222dee54587044a2eafa7f0b354c8c5d4bbe193445e7c4e4e892f834	919a5392f919ceeec1fe97198eaab2aaf7a795361d38fbd46edc7a4a4be1bdbc	1f7d5c6a00ff7445	Classical.choice,Quot.sound,propext	(command : Minidregg.Kernel.DeclaredResourceController.Command) → ((i : Fin command.targets.length) → Minidregg.Theory.Store.Store command.targets[i].layout) → optParam (Option ℕ) Option.none → ℕ → String → Option ℤ
theorem	Minidregg.Kernel.DeclaredResourceController.programSampleRead_outside	add7e144ceeefb1b99e5647e8c2a736e4707dd9d89035312716716b63a139315	aab7090670e511f43b9a006342e32cfad20d2b46800ec3adb5f200379d3d083b	e5ed16b8a9655f6d3113b0dccb11e3b5f96d6fe5d4017a9c9824aa90378052ec	0a7982e454ab6686	Classical.choice,Quot.sound,propext	∀ {command : Minidregg.Kernel.DeclaredResourceController.Command} {pre : (i : Fin command.targets.length) → Minidregg.Theory.Store.Store command.targets[i].layout} {fundingIndex i : ℕ} (slot : String), (Minidregg.Kernel.DeclaredResourceController.programTargets command (Option.some fundingIndex)).length ≤ i → Minidregg.Kernel.DeclaredResourceController.programSampleRead command pre (Option.some fundingIndex) i slot = Option.none
def	Minidregg.Kernel.DeclaredResourceController.programTargets	e3baf146967acf6c465e5e32f858e3001c5ac5afe770bcece74f3021358c56b4	c255ec2eee6af51c859c717b0b1b3b7b35ac7856cd3969e95fddd5ddeab98889	dc11ac02abbb532c2d71796709445b1a7758a0c2f20a26edf339104bed8a8568	2aa014249d17e5c1	Quot.sound,propext	Minidregg.Kernel.DeclaredResourceController.Command → optParam (Option ℕ) Option.none → List ℕ
theorem	Minidregg.Kernel.DeclaredResourceController.programTargets_unfunded	eebdaa137f60c893d1febd7be37f543cf639ee44f3a55036f92aa51b2e7bb696	f5f0ae475c87f8d55ec4b893a161376ec2794944e22769664b2e7ad25d6b5425	fff09a6e30d6b231dd017215ac005369e72798d884903cdf24b4591a230709e6	597085bfd6800d4d	Quot.sound,propext	∀ (command : Minidregg.Kernel.DeclaredResourceController.Command), Minidregg.Kernel.DeclaredResourceController.programTargets command = List.map Minidregg.Kernel.DeclaredResourceController.Target.target command.targets
def	Minidregg.Kernel.DeclaredResourceController.rawCommandCodec	0af46bd4cff3dc8cca1c398e724afb142e6239480bcce462fd17c95af9815824	58a2917671106e9c09dc8c68ed0f99b5d5d670ec3dc2edcdd02204e176daf538	86b253cb8981babc9b427ebffcedabc02bb992123e5761efe26f315f9f7470d4	a91aab891399163c	Classical.choice,Quot.sound,propext	Minidregg.Theory.IndexedProgram.LawfulCodec Minidregg.Kernel.DeclaredResourceController.Command
def	Minidregg.Kernel.DeclaredResourceController.request	dece564ac9bfc4f3ac561a8d15ef0560a541cc84daa0c678f82d694d95d7eee8	c6864089063b401c39cd63fe57f6325ad0291636724c643859ba20bbf30e9288	a5483cef38adf8c21038efa4a6c7882fa246da32b9a4637bd7f2fe5e5ad5f53b	90e8b47c91993a6c	Classical.choice,Quot.sound,propext	Minidregg.Kernel.DeclaredResourceController.AuthoritySnapshot → Minidregg.Theory.TypedAuthorization.Digest → Minidregg.Kernel.DeclaredResourceController.Ambient → (command : Minidregg.Kernel.DeclaredResourceController.Command) → Minidregg.Theory.TypedAuthorization.Digest → Minidregg.Theory.TypedAuthorization.Request command.first.kind
def	Minidregg.Kernel.DeclaredResourceController.requestCost	f7bdca0fca9b4e2676537cd7e5fc5743ce70e78477090f6c514224786fb26bfe	7699f6b3c64ea07425e224cfa6b8a2041fcb9bb53340bb79dc8a0ec3bc742396	60188727baa25976cbff944f2b5c09a0742d57a723ad4ba074c97299a1358580	0a2cc163c7c4455a	Quot.sound,propext	List UInt8 → Minidregg.Kernel.DeclaredResourceController.Target → ℕ
def	Minidregg.Kernel.DeclaredResourceController.requestFor	4a19958c67e4123ba1ee233a0dce28f6042c41b26e3512975eaa9765241d0c5d	e69d3443d17fc4ce67137d37b0ff0a8ef9fab795359c912b91db1cbb49453c7d	ef470358dd3f345b9501e7c08a931a1b9c96481556c7e5114970596de0845241	0b77126b37dfa75f	Classical.choice,Quot.sound,propext	Minidregg.Kernel.DeclaredResourceController.AuthoritySnapshot → Minidregg.Theory.TypedAuthorization.Digest → Minidregg.Kernel.DeclaredResourceController.Ambient → Minidregg.Kernel.DeclaredResourceController.Command → (target : Minidregg.Kernel.DeclaredResourceController.Target) → Minidregg.Theory.TypedAuthorization.Digest → Minidregg.Theory.TypedAuthorization.Request target.kind
def	Minidregg.Kernel.DeclaredResourceController.requestForReference	db40dccbafa0e89f1676cbe573222f330cf96586ed119f86d44d1914829d8b06	e69d3443d17fc4ce67137d37b0ff0a8ef9fab795359c912b91db1cbb49453c7d	e3e5019e0df568188145faf60c90ea366dedfeddb29fb17b2c469f59edc143fb	c71aa78578cac6d0	Classical.choice,Quot.sound,propext	Minidregg.Kernel.DeclaredResourceController.AuthoritySnapshot → Minidregg.Theory.TypedAuthorization.Digest → Minidregg.Kernel.DeclaredResourceController.Ambient → Minidregg.Kernel.DeclaredResourceController.Command → (target : Minidregg.Kernel.DeclaredResourceController.Target) → Minidregg.Theory.TypedAuthorization.Digest → Minidregg.Theory.TypedAuthorization.Request target.kind
theorem	Minidregg.Kernel.DeclaredResourceController.requestFor_eq_reference	203433abf7b75a3e3bf5b4bcc9cf3ea414fa0f00cc7239ef49fd04807e64d9d2	f2a69a649fb159850b94238819b72229f64cc40e463266ba0df9a7b9a47836c4	a184e48d86d7c3552abdf9795cdd401f66c6e570911549b53ffe271eba4288a0	2162bc365c7fa27f	Classical.choice,Quot.sound,propext	∀ (snapshot : Minidregg.Kernel.DeclaredResourceController.AuthoritySnapshot) (semantics : Minidregg.Theory.TypedAuthorization.Digest) (ambient : Minidregg.Kernel.DeclaredResourceController.Ambient) (command : Minidregg.Kernel.DeclaredResourceController.Command) (target : Minidregg.Kernel.DeclaredResourceController.Target) (preRoot : Minidregg.Theory.TypedAuthorization.Digest), Minidregg.Kernel.DeclaredResourceController.requestFor snapshot semantics ambient command target preRoot = Minidregg.Kernel.DeclaredResourceController.requestForReference snapshot semantics ambient command target preRoot
def	Minidregg.Kernel.DeclaredResourceController.requireSome	b4637c5b07cf9a9ff5137c6d90ff565c418b73abe609443dab01b63239b549ff	9d03f486d4376c74745bc29508f8d6fdf1cda12b98179463ebacbc277eb34a75	1949c3c52289922b3e26ae7f4d022b19275cd28dd1b0c6661bc6fa93de4f2c16	d3c9d908f68830a3	-	{α : Type} → Minidregg.Kernel.DeclaredResourceController.Reject → Option α → Except Minidregg.Kernel.DeclaredResourceController.Reject α
def	Minidregg.Kernel.DeclaredResourceController.runClaimStream	7e2545855a327a10e5727b180d25de086cdfc3f923e4719746d26e9ea1fab8d4	68cf61ff444e87c0ec4743139796b0c01dab6025aa978c355b39a82197a4147d	1bff273243709207b3ce28e967eb6ca6b0be15c74c6b89dd2dafb6c59a65f14a	782dcf49747c7d69	Classical.choice,Quot.sound,propext	Minidregg.Compiler.Tower256ConcreteBackend.StreamCodec Minidregg.Kernel.Run.RunClaim
def	Minidregg.Kernel.DeclaredResourceController.runContext	23d77f8b7ac72a7e02768e394eeaaed1b48d770efb315173f94664ffaeb7b354	fc5f62d812e6cf6200f2b05daa97797fb4332384f1a2ed17986e591e4aff4ec6	7415baaa28d3c5787dbdad1f482ddbd7ebd677e3a81c3087979c1c95954b6725	801c96186cfb5344	Quot.sound,propext	Minidregg.Kernel.DeclaredResourceController.Ambient → Minidregg.Kernel.DeclaredResourceController.Command → Minidregg.Kernel.NockProgramCell.Context
def	Minidregg.Kernel.DeclaredResourceController.sampleRead	6d688b9fd535df2fb68416fab9d4c254f04064ee93207373dba3af40c752a12f	b368f4bdcac8dbcb3fd0b46a317c5a3fa1c25524609aa902daa296ecde8b5b1f	26d7b7292c1ec49b371a987a76e67bc662b341a8a0d97a4403a1d75e98d1f455	01962e3b6ef72f18	Classical.choice,Quot.sound,propext	(command : Minidregg.Kernel.DeclaredResourceController.Command) → ((i : Fin command.targets.length) → Minidregg.Theory.Store.Store command.targets[i].layout) → ℕ → String → Option ℤ
def	Minidregg.Kernel.DeclaredResourceController.scalarCommand	9d61990dcb8ae1a986dd32aed70a0ff1c612c9d6949c0c79df87a3d699547771	9c4e4a00dd0f0ec5a86a36166c98d850e2ca8835dc23e21a730c0f998113b69e	977929358a3efb923bf82290b4442ef94eb60f63b7163bfd11e7889c7fd76dd5	2f56d765cda308c9	Quot.sound,propext	Minidregg.Kernel.DeclaredResourceController.Command → Minidregg.Kernel.DeclaredResourceController.Target → List Minidregg.Theory.DeclaredActionLowering.Action → Minidregg.Kernel.DeclaredResourceScalar.Command
def	Minidregg.Kernel.DeclaredResourceController.selectTarget	738d77dede0ce942d68cbbc8ed78df27be7b8555749a0b026552ed4367957956	b04fdbfacbdf6f71b0bd0c01d95f403c5be296977c0c00f28ed5201f99059f07	3992ca52d040bd89093a9538070abf8d4fef9e0d7632734f013a1db200245579	1c9afd9f4157f17b	Classical.choice,Quot.sound,propext	Minidregg.Kernel.DeclaredResourceController.Deployment → (target : Minidregg.Kernel.DeclaredResourceController.Target) → Minidregg.Theory.CellRegistry.PackedCell Minidregg.Kernel.DeclaredResourceController.Registry → Option (Minidregg.Kernel.DeclaredResourceController.TargetCell target)
def	Minidregg.Kernel.DeclaredResourceController.sourcePolicy	9d704baffee506e6b050c2d3c589d98e73e02d322d610f4f538ef8f0fdbb9190	47f01646db4c32a9acebf7164e9733c7820b70d215691655d79466bd18bf6480	f7be792d4ba2eb0a0559fe5b14154955eca0ec82fb30971dbbdc9f1e3ffc05c2	a21c3fc585ac8840	Classical.choice,Quot.sound,propext	Minidregg.Kernel.DeclaredResourceController.AuthoritySnapshot → ℕ → Minidregg.Theory.TypedAuthorization.Digest
def	Minidregg.Kernel.DeclaredResourceController.sourceStore	1fdc9b4caee9c970f68f04b92266081c102013b9f56276375247f3541636eefb	7e7e05f51bc145169385aea31c9a690ecad609f86a64044cfb3c9572a3a90166	24ba767ee6fdc76272e21bf77799bdaf28a2cf442406060541766cc3d9033ac6	50164fa45b06beaa	Classical.choice,Quot.sound,propext	Minidregg.Theory.TypedAuthorization.Digest → Minidregg.Theory.CellRegistry.Directory ℕ Minidregg.Kernel.DeclaredResourceController.Registry → Minidregg.Kernel.CanonicalPolicyRegistry.PayloadStore
def	Minidregg.Kernel.DeclaredResourceController.statement	5b787c7c32f52dbaad5575bfaac982c4925a048828973362004f3f2ffcb88919	072021318ebe2c2bbd2cc23d40d30d85934905473c284e2d5e94dacbf072d23a	91e96f8cca1347dff7a232945c3d2cc0a24db6a1d9120b627d08fc2818449d58	9c73b99eddf4cd6c	Classical.choice,Quot.sound,propext	Minidregg.Theory.TypedAuthorization.Digest → Minidregg.Theory.TypedAuthorization.Digest → Minidregg.Kernel.DeclaredResourceController.Command → Minidregg.Compiler.NativeInvocationStatement.Statement
theorem	Minidregg.Kernel.DeclaredResourceController.statement_body_exact	f23c956da8ba1e7aca773423e4f487ba4feda1273f08f997e8803cfa245548fa	b77e0065a2dd8047ef9e63cb1cfc3ff592e342e4e71c63af16f858050001aba5	f89dbf0f371d37e44c44988c1300dbd2c9576e35a9295e94e4213e6ed9e3531e	2865b68d67650c6e	Classical.choice,Quot.sound,propext	∀ (domain semantics : Minidregg.Theory.TypedAuthorization.Digest) (command : Minidregg.Kernel.DeclaredResourceController.Command), (Minidregg.Kernel.DeclaredResourceController.statement domain semantics command).bodyBytes = command.bodyBytes
def	Minidregg.Kernel.DeclaredResourceController.streamRecord	80689f5f0c36e42c52b0bd4123ab9398dc73cf914c1902f0bb93027bc8d23844	5539bf24e21da4353a5ec11a4525dc70c8ac8f7481861582daac6606bfa72bdd	a5d3ce065dfa85fd2a16c3c7f0ee4306404a8171485acaa0fbce155db8dd02bb	5d599e6add1acc4e	Classical.choice,Quot.sound,propext	Minidregg.Kernel.DeclaredResourceController.AuthoritySnapshot → Minidregg.Theory.TypedAuthorization.Digest → Minidregg.Kernel.DeclaredResourceController.Ambient → Minidregg.Kernel.DeclaredResourceController.Command → Minidregg.Compiler.StreamCell.Append → Minidregg.Compiler.StreamCell.StreamRecord
def	Minidregg.Kernel.DeclaredResourceController.streamSlots	c9ab7ba43f0bf35e13f00b3ae65f2496c3b2aca205c99dbf20787733bf48d9e7	dce7c9f1c5b670a719bf6104648ee9affcada9c1c08cf17abf7dc2f8871d7b32	d33e27975b2326fee2c6ae0c43a08d7933724e19ec75180eb68db001e2032024	2e0087668cf29c77	Quot.sound,propext	Minidregg.Compiler.StreamCell.Append → Minidregg.Theory.Store.Store Minidregg.Compiler.StreamCell.headLayout → List (String × ℤ)
def	Minidregg.Kernel.DeclaredResourceController.targetFamily	ea1715c3384fcfdd764dc4057d0d61e53d1c07bdf0b5cf7b330404dc2c3c093c	949308bdd2f787c2b5ab61eba7851eb818d1b2afe8aa0465833ba23296d490b9	2262972fddc74193b74688d91a50b737eae35409ec4e49cf85d6059f9c545c64	718a20da561117f4	Classical.choice,Quot.sound,propext	Minidregg.Kernel.DeclaredResourceController.Deployment → Minidregg.Kernel.DeclaredResourceController.AuthoritySnapshot → Minidregg.Theory.TypedAuthorization.Digest → Minidregg.Kernel.DeclaredResourceController.Ambient → Minidregg.Kernel.DeclaredResourceController.Command → (target : Minidregg.Kernel.DeclaredResourceController.Target) → Minidregg.Kernel.DeclaredResourceController.TargetCell target → Minidregg.Theory.SemanticEffectFamily target.layout target.materializer ℕ
def	Minidregg.Kernel.DeclaredResourceController.targetPatch	5a2c8ade13674acd09976068eda2d65d54c5a6ac49d00548043f3583f1bf8a06	eff39a3588c178445ad0ac73b8bec5bc6344e253498cb278421192f464f9d049	39347abeeacb0ec6d89e0378f0fc05c081ca90b247c0bd3aff72e924c7010f99	1e8d7df454129640	Classical.choice,Quot.sound,propext	Minidregg.Kernel.DeclaredResourceController.AuthoritySnapshot → Minidregg.Theory.TypedAuthorization.Digest → Minidregg.Kernel.DeclaredResourceController.Ambient → Minidregg.Kernel.DeclaredResourceController.Command → (target : Minidregg.Kernel.DeclaredResourceController.Target) → Minidregg.Kernel.DeclaredResourceController.TargetCell target → Minidregg.Theory.Store.Patch target.layout
theorem	Minidregg.Kernel.DeclaredResourceController.targetPatch_observeOnly	1da64e275dbdba717eb3b04759882176a6c5581533470bfa30a56f3dfc9c2d04	c4ab52dd42ff2d5091129f4f2dc6165012ffdd0a5750005bbacd88d5c19f49fa	ad1bc2ea89e39a1ac08aa99924d51252f68afcaa4062a6ec05684320b2dca3c5	4e35f12875895fd1	Classical.choice,Quot.sound,propext	∀ (snapshot : Minidregg.Kernel.DeclaredResourceController.AuthoritySnapshot) (semantics : Minidregg.Theory.TypedAuthorization.Digest) (ambient : Minidregg.Kernel.DeclaredResourceController.Ambient) (command : Minidregg.Kernel.DeclaredResourceController.Command) (target : Minidregg.Kernel.DeclaredResourceController.Target) (pre : Minidregg.Kernel.DeclaredResourceController.TargetCell target), target.observeOnly = Bool.true → Minidregg.Kernel.DeclaredResourceController.targetPatch snapshot semantics ambient command target pre = []
def	Minidregg.Kernel.DeclaredResourceController.targetProjection	b774fe4ad7ccd3ff8b2b077e8e42b56f9c835a13e9cf1301983ed83020851ae6	c17edeafcffe5771e8d81e912ff62172f23ea32e58f48e04d84cb44b5e8fcc19	72e4168b4d89399988048ef69017d38e0a3746fc6320e6a1c00411be617d1f8f	300e82d24a10f5e8	Classical.choice,Quot.sound,propext	Minidregg.Theory.TypedAuthorization.SubjectId → (target : Minidregg.Kernel.DeclaredResourceController.Target) → Minidregg.Theory.Store.Store target.layout → Minidregg.Theory.Store.Store target.layout → List (String × ℤ)
def	Minidregg.Kernel.DeclaredResourceController.targetStream	21424999d347f29d59fb781a5c6c2f3f7945a9d58b53eec5dcc302d1dc4aed41	2a1104992d3839b92928e6eda532797654d635bdadaac5c5f7f61605f95d8022	128b4496f3e316206cd284d98c975446bb5e19556f4550ea003fb0797054297b	fc77d7fcf38d1de7	Classical.choice,Quot.sound,propext	Minidregg.Compiler.Tower256ConcreteBackend.StreamCodec Minidregg.Kernel.DeclaredResourceController.Target
def	Minidregg.Kernel.DeclaredResourceController.targetWrites	83332fe45b371885a43174b9c7cc712ed28f62281d1e16bf5e5f578e38a6a9ef	8aecec67499a171eb4638a29d0be36102cf2f18eae9a07877d92403e14656fc4	981fad0f23484dcfd2878668206c764df6a9d1e57fc8ec7950e3f918f7e2a854	931d5a983fb60e29	Classical.choice,Quot.sound,propext	ℕ → (target : Minidregg.Kernel.DeclaredResourceController.Target) → Minidregg.Theory.Store.Store target.layout → Minidregg.Theory.TypedAuthorization.Digest → optParam (Option ℕ) Option.none → Option (List Minidregg.Theory.Eval.FieldWrite)
def	Minidregg.Kernel.DeclaredResourceController.targetsValidDecidable	4f025dcfd9c690b8c606b517dc4bc4192d9e3dc7c055527a8aacc2377329c248	8580df530177a0c14c03d4bb6aad1bbea46445df88dcd5a72f0d74fac98f3bbf	fa7f682cb18ede493d383b8737a42cac34aa8aab70370d38412e503020bb427c	1f9db86077d0eaaf	Quot.sound,propext	(command : Minidregg.Kernel.DeclaredResourceController.Command) → Decidable command.TargetsValid
theorem	Minidregg.Kernel.DeclaredResourceController.v11_command_refused	a4e801f58c21718bbdccf02a4eb69c476a5f96e07df3ebf1c8076f5b25b9d666	fc9c86e56da3d18145954ad65bfb8eccfed165e124fed41f6242485433e1f9a0	012026448f2762b13b5eb3c5444d5cafa269b79d6b78022e87d76fcf4cc4c4de	2b7518a00d595cb1	Classical.choice,Quot.sound,propext	∀ (payload : List UInt8), Minidregg.Kernel.DeclaredResourceController.rawCommandCodec.decode ("DREGG/RESOURCE/TRANSACTION".toUTF8.toList ++ 11 :: payload) = Option.none
theorem	Minidregg.Kernel.DeclaredResourceController.v12_command_refused	49dd5409dbcb7e5d7b84572ebbd4d2df4d9406d91d3e25860ce9721f2ade8b39	290af17ef41f5167e0dfbb8fbe8eeb4c97242432ac75c5c00d4e9365911bb9f8	9952fb13866cef6fdb2dc328821410f398a445704bad59e3f6b0669a671f87f1	6b2fb3bc7366c92f	Classical.choice,Quot.sound,propext	∀ (payload : List UInt8), Minidregg.Kernel.DeclaredResourceController.rawCommandCodec.decode ("DREGG/RESOURCE/TRANSACTION".toUTF8.toList ++ 12 :: payload) = Option.none
theorem	Minidregg.Kernel.DeclaredResourceController.v4_command_refused	b866efbcb77e66e5f78e74cac3f5b944af49f3bcde60635d4ec3878e59cd0775	fade2a7f49bbbd4cd8cd0ee7db208695c4ee7bddda249eb960cc107c6a4fc272	2f6a8329c556b655c8c98f56b584c2c01f82d8e9d9fcbfc9fd42639583f77d32	461c2f494dc4acdd	Classical.choice,Quot.sound,propext	∀ (payload : List UInt8), Minidregg.Kernel.DeclaredResourceController.rawCommandCodec.decode ("DREGG/RESOURCE/TRANSACTION".toUTF8.toList ++ 4 :: payload) = Option.none
theorem	Minidregg.Kernel.DeclaredResourceController.v5_command_refused	6594995e02d28a83c021aaadc0213f97e06bf2067aeb2a2edc37210053198068	be4cb6cddaa0635f78389fa66d35799f64f9d2a423c90dec554da2eae807a38c	7cbf9a9f5a2250ac15ce0a3c5a833b6eaca6e21631ee5d506450c5fb7c6dacc9	3ea5e63644988433	Classical.choice,Quot.sound,propext	∀ (payload : List UInt8), Minidregg.Kernel.DeclaredResourceController.rawCommandCodec.decode ("DREGG/RESOURCE/TRANSACTION".toUTF8.toList ++ 5 :: payload) = Option.none
theorem	Minidregg.Kernel.DeclaredResourceController.v6_command_refused	cb45bda6edce0c67f174ad302983df6fe0a8b24fd196482b214dfde794339a32	6195384bb9c0c1e4201d68c6a05125ae26daa7d7b1a62e13bf4aeec76bd0ebe7	fe6cce54508753ef9e0a38cc25a58f95de6b251a2e2a683b58847fbe235ccfd2	f376b67a10830ad1	Classical.choice,Quot.sound,propext	∀ (payload : List UInt8), Minidregg.Kernel.DeclaredResourceController.rawCommandCodec.decode ("DREGG/RESOURCE/TRANSACTION".toUTF8.toList ++ 6 :: payload) = Option.none
theorem	Minidregg.Kernel.DeclaredResourceController.v7_command_refused	fac583f31fe9f9491c91650ee275ff7bf4403bfc33af58108397660e1bb215f2	b5082497ae4463d20ffa3c75e31e45f7e4ce02035b08c24dea8326419c81b8dc	15f8b3af3ec4997cad7b66abf67314c81a4f04602a3f9b281b0dfe79a46d94cf	407de4fe8445a8e4	Classical.choice,Quot.sound,propext	∀ (payload : List UInt8), Minidregg.Kernel.DeclaredResourceController.rawCommandCodec.decode ("DREGG/RESOURCE/TRANSACTION".toUTF8.toList ++ 7 :: payload) = Option.none
theorem	Minidregg.Kernel.DeclaredResourceController.v8_command_refused	c837425e8475cbef3341d29ad2f90d1b6ac08d64b1cfec8f5dffadcab7ebd062	a2741cc103989fd52244a4c97d967d866bb18aae7e451d5e86a3b994958dc990	a75b768e7a026b66cfa13d868c435269ecc2332dd0852eb7486a39bbe16248f4	1f5ef9b0b73d20a1	Classical.choice,Quot.sound,propext	∀ (payload : List UInt8), Minidregg.Kernel.DeclaredResourceController.rawCommandCodec.decode ("DREGG/RESOURCE/TRANSACTION".toUTF8.toList ++ 8 :: payload) = Option.none
theorem	Minidregg.Kernel.DeclaredResourceController.v9_command_refused	6c72e617a3d416be47d6bac344297fd13e76f3daac7bf05795804dbd108ef7fe	7914c111d3130a7ef838690107cea1ec7a96f17dfde092a1c501bec77a7cccc1	a7039d5b6dddd2b4ff6bcc6f10244e2db60e8be7e3d07ea85cadd845b8cdae26	63ba9d797232146e	Classical.choice,Quot.sound,propext	∀ (payload : List UInt8), Minidregg.Kernel.DeclaredResourceController.rawCommandCodec.decode ("DREGG/RESOURCE/TRANSACTION".toUTF8.toList ++ 9 :: payload) = Option.none
ctor	private Minidregg.Kernel.DeclaredResourceController.PreparedOn.mk @Kernel.ResourceTransaction	5b7e7e0273463bbcdfb7e4a4d079efc31f693453831b87f9a03a72f54146867f	04610a56963a89a78241825052ff9c344d0df075f3bd997dca360a6b40ea0efd	b91361724f957b719cad8fce534572f0dee62792114a97cc7d3f01acaafb9eb1	f0c72ce4afc82e1d		{F : Type} → [inst : Field F] → {deployment : Minidregg.Kernel.DeclaredResourceController.Deployment} → {profile : Minidregg.Compiler.CanonicalRuntimeProfile.Profile F} → {ambient : Minidregg.Kernel.DeclaredResourceController.Ambient} → {directory : Minidregg.Theory.CellRegistry.Directory ℕ Minidregg.Kernel.DeclaredResourceController.Registry} → {authority : Minidregg.Kernel.DeclaredResourceController.AuthoritySnapshot} → {cells : Minidregg.Kernel.RunComputeBudgetDomain.Physical} → {declared : Bool} → {command : Minidregg.Kernel.DeclaredResourceController.Command} → command.targets ≠ [] → (List.map Minidregg.Kernel.DeclaredResourceController.Target.target command.targets).Nodup → command.writesSome = Bool.true → declared = Bool.true → (clock : Minidregg.Kernel.ClockCellDomain.Loaded deployment cells) → (targets : (i : Minidregg.Kernel.DeclaredResourceController.TargetIndex command) → Minidregg.Kernel.DeclaredResourceController.PreparedTarget deployment directory authority profile.semantics ambient command command.targets[i]) → (Minidregg.Kernel.DeclaredResourceController.openingsCheck command fun j => command.targets[j].contentStore? (targets j).pre) = Bool.true → Minidregg.Kernel.DeclaredResourceController.MarkerMode authority profile.semantics command → (compute : Option (Minidregg.Kernel.RunComputeBudgetDomain.Prepared deployment cells command.subject)) → Minidregg.Kernel.DeclaredResourceController.prepareCompute deployment cells clock.clock command = Except.ok compute → (money : Option (Minidregg.Kernel.ResourceMoneyReceiver.Prepared deployment cells (Minidregg.Kernel.DeclaredResourceController.moneyEntries command))) → Minidregg.Kernel.DeclaredResourceController.prepareMoney deployment cells command compute = Except.ok money → (run : Option Minidregg.Kernel.DeclaredResourceController.CheckedRun) → Minidregg.Kernel.DeclaredResourceController.checkCommandRun profile.disabledEvaluators deployment.domain directory ambient command (fun i => (targets i).pre.logical) (Minidregg.Kernel.DeclaredResourceController.computeFundingIndex compute) = Except.ok run → Minidregg.Kernel.DeclaredResourceController.computeExecutionMatches command compute run = Bool.true → Minidregg.Kernel.DeclaredResourceController.PreparedOn deployment profile ambient directory authority cells declared command
ctor	private Minidregg.Kernel.DeclaredResourceController.PreparedTarget.mk @Kernel.ResourceTransaction	9dc09f1fbd2047e9e2d517bb70e2cdcf0ce6bc3699bb33f974a2ad03748feb86	afe73bbc99c619b26f58491004478da788a0b970d32ed47ee81032ec46a7c040	4c34c0b850340ad719b8137d414f73e2f4d1e1b2ead99e7b7b9b7f8bbdb90a20	a2a15b857a37c046		{deployment : Minidregg.Kernel.DeclaredResourceController.Deployment} → {directory : Minidregg.Theory.CellRegistry.Directory ℕ Minidregg.Kernel.DeclaredResourceController.Registry} → {snapshot : Minidregg.Kernel.DeclaredResourceController.AuthoritySnapshot} → {semantics : Minidregg.Theory.TypedAuthorization.Digest} → {ambient : Minidregg.Kernel.DeclaredResourceController.Ambient} → {command : Minidregg.Kernel.DeclaredResourceController.Command} → {target : Minidregg.Kernel.DeclaredResourceController.Target} → (before : Minidregg.Theory.CellRegistry.PackedCell Minidregg.Kernel.DeclaredResourceController.Registry) → directory.slots target.target = Minidregg.Theory.CellRegistry.CellSlot.present before → (pre : Minidregg.Kernel.DeclaredResourceController.TargetCell target) → Minidregg.Kernel.DeclaredResourceController.selectTarget deployment target before = Option.some pre → (post : target.Outcome) → (candidate : Minidregg.Theory.PolicyInstall.Candidate (Minidregg.Kernel.DeclaredResourceController.targetFamily deployment snapshot semantics ambient command target pre) pre () post) → candidate.post.logical = post → Minidregg.Compiler.CanonicalCellRegistry.FinalPostLaw deployment target.target before (Minidregg.Kernel.DeclaredResourceController.packTarget target candidate.post) → (source : Minidregg.Compiler.CanonicalCellRegistry.LoadedPolicySource snapshot.domain directory (snapshot.authState.policyAddress { value := target.target } (snapshot.authState.policyRevision { value := target.target }))) → Minidregg.Kernel.ObjectAudience.checkFresh source.record.audience target.target target.audienceEpoch = Except.ok () → Minidregg.Kernel.DeclaredResourceController.PreparedTarget deployment directory snapshot semantics ambient command target
theorem	private Minidregg.Kernel.DeclaredResourceController.drop_tagged_frame @Kernel.ResourceTransaction	fc4399d8f6a5ec4d2c2a72576a4625844a43a133df15001fb47fe127bdaa1ec7	1c4feb335aebda9161df84f3d84974219ad9b7bd922526379636183fb7e44654	298706abefd8409d0ff05ccb5afdda891b538c50054bb9b00da86bc3a1995784	3e6e8208962bb9fb	propext	∀ (headerBytes : List UInt8) (tag : UInt8) (payload : List UInt8), List.drop (headerBytes.length + 1) (headerBytes ++ tag :: payload) = payload
theorem	private Minidregg.Kernel.DeclaredResourceController.stream_roundtrip @Kernel.ResourceTransaction	a0b70090bc8959659ea2cb72e76307db44e45cf90770c16c74e9d4b06929cf54	cfb2da5e1c7cfe413d7b9a9c1cedd6151f163b756da415050be91f82ffeb40da	f0a91e7026083a64abcdbb74b0f239de7333341ad2057881f3da9dca58188787	92ee284872920998	propext	∀ {α : Type} (codec : Minidregg.Compiler.Tower256ConcreteBackend.StreamCodec α) (value : α), codec.toLawful.decode (codec.encode value) = Option.some value
theorem	private Minidregg.Kernel.DeclaredResourceController.take_tagged_frame @Kernel.ResourceTransaction	6aa608d8acd6796d3676165963b9d894d5877e8707f96ea898333f3f9cc2a03e	fb68b6f54e28a3c9969189045747a3c18fb1fd2dccb23b86e62c8dcb9ae2e871	90de14b27442694669427913fe0035bf29466542f65423e188f42612e48458c4	1c0bf363d3d8de11	propext	∀ (headerBytes : List UInt8) (tag : UInt8) (payload : List UInt8), List.take (headerBytes.length + 1) (headerBytes ++ tag :: payload) = headerBytes ++ [tag]
