# Kernel.GrainResourceBirthAdmission: Objective contract manifest. Written by `scripts/check-objective-proofs.sh proofs --pin`;
# a removed or changed row needs a line in scripts/gates/objective-contract-changes.txt.
inductive	Minidregg.Kernel.GrainResourceBirthAdmission.Accepted	f3e064582056ee8a59879c9af7f7c409edeb474c561660c8a9632357fab4f752	40c6644821428e1ec327033e755a16f944c4a8b0b9ebf2f58da345cea4f4e071	7b5f18d342cdddf5f141bf64b9786724aafbb44dcde9a6eaaeb1a85a298fa7c7	2432ceda186c0293		{F : Type} → [inst : Field F] → [DecidableEq F] → (profile : Minidregg.Compiler.CanonicalRuntimeProfile.Profile F) → (deployment : Minidregg.Kernel.GrainResourceBirthAdmission.Deployment) → (pins : Minidregg.Theory.ResourceBirth.FactoryPins) → (durable : Minidregg.Kernel.GrainResourceBirthAdmission.Durable) → (ambient : Minidregg.Kernel.GrainResourceBirthAdmission.Ambient) → (tariff : Minidregg.Kernel.GrainResourceBirthAdmission.Tariff) → (source : Minidregg.Kernel.GrainResourceBirthAdmission.Source) → (birth : Minidregg.Compiler.GrainResourceBirthController.PreparedSourceBirth profile.compilerProfile deployment pins durable profile.semantics tariff source) → Minidregg.Kernel.GrainResourceBirthTransaction.PreparedTargets deployment birth.prepared.pre.directory.directory birth.prepared.pre.authority.snapshot profile.semantics ambient (Minidregg.Compiler.GrainResourceBirthController.Source.grainCommand tariff source) → Minidregg.Kernel.GrainResourceBirthPolicyController.DecodedIngress → Type
def	Minidregg.Kernel.GrainResourceBirthAdmission.Accepted.admissionEvidence	9623a48e86cda28711500e09bc755aa4e138ed221d3d5b6a27a481d0a0739fe0	dc0fb25afd856f9949040eb35e6b2f6ef781d0d1c8d56b68c9592767958d6e37	677cd4aa826b0cd696547ad61afdf47878f5441e70633644093d142905be8014	c43f2f48bad5d897	Classical.choice,Quot.sound,propext	{F : Type} → [inst : Field F] → [inst_1 : DecidableEq F] → {profile : Minidregg.Compiler.CanonicalRuntimeProfile.Profile F} → {deployment : Minidregg.Kernel.GrainResourceBirthAdmission.Deployment} → {pins : Minidregg.Theory.ResourceBirth.FactoryPins} → {durable : Minidregg.Kernel.GrainResourceBirthAdmission.Durable} → {ambient : Minidregg.Kernel.GrainResourceBirthAdmission.Ambient} → {tariff : Minidregg.Kernel.GrainResourceBirthAdmission.Tariff} → {source : Minidregg.Kernel.GrainResourceBirthAdmission.Source} → {birth : Minidregg.Compiler.GrainResourceBirthController.PreparedSourceBirth profile.compilerProfile deployment pins durable profile.semantics tariff source} → {grain : Minidregg.Kernel.GrainResourceBirthTransaction.PreparedTargets deployment birth.prepared.pre.directory.directory birth.prepared.pre.authority.snapshot profile.semantics ambient (Minidregg.Compiler.GrainResourceBirthController.Source.grainCommand tariff source)} → {ingress : Minidregg.Kernel.GrainResourceBirthPolicyController.DecodedIngress} → (accepted : Minidregg.Kernel.GrainResourceBirthAdmission.Accepted profile deployment pins durable ambient tariff source birth grain ingress) → accepted.pending.tuple.AdmissionEvidence accepted.portals
def	Minidregg.Kernel.GrainResourceBirthAdmission.Accepted.apex	cb9d240326b1268c0e73a9e0c29aba0c29d89efef8106885e795155e146a0880	3fbfc9fd6146d57798f034c5268ceb2abb824fa7e0acc03a8207e2c49b3431b3	ce31f243a72d10c7d2fb174d613d6d75097b480169f9f6a021ebebfa42920718	3b466196f1b3b25e	Classical.choice,Quot.sound,propext	{F : Type} → [inst : Field F] → [inst_1 : DecidableEq F] → {profile : Minidregg.Compiler.CanonicalRuntimeProfile.Profile F} → {deployment : Minidregg.Kernel.GrainResourceBirthAdmission.Deployment} → {pins : Minidregg.Theory.ResourceBirth.FactoryPins} → {durable : Minidregg.Kernel.GrainResourceBirthAdmission.Durable} → {ambient : Minidregg.Kernel.GrainResourceBirthAdmission.Ambient} → {tariff : Minidregg.Kernel.GrainResourceBirthAdmission.Tariff} → {source : Minidregg.Kernel.GrainResourceBirthAdmission.Source} → {birth : Minidregg.Compiler.GrainResourceBirthController.PreparedSourceBirth profile.compilerProfile deployment pins durable profile.semantics tariff source} → {grain : Minidregg.Kernel.GrainResourceBirthTransaction.PreparedTargets deployment birth.prepared.pre.directory.directory birth.prepared.pre.authority.snapshot profile.semantics ambient (Minidregg.Compiler.GrainResourceBirthController.Source.grainCommand tariff source)} → {ingress : Minidregg.Kernel.GrainResourceBirthPolicyController.DecodedIngress} → Minidregg.Kernel.GrainResourceBirthAdmission.Accepted profile deployment pins durable ambient tariff source birth grain ingress → Minidregg.Theory.TypedAuthorization.Digest
theorem	Minidregg.Kernel.GrainResourceBirthAdmission.Accepted.births_named	68772c000809cc4a691ff21445f6bc6835c8554c758bd6111d2dd3797fbcb85b	4c8db96d68c2ad8dafd3bc049420e384d9dfb024780a4f8b4237baede144986d	4923faca66d1861f9057432546babe7de293af54abcc711033387c98458d0b76	63e698980f561ca5	Classical.choice,Quot.sound,propext	∀ {F : Type} [inst : Field F] [inst_1 : DecidableEq F] {profile : Minidregg.Compiler.CanonicalRuntimeProfile.Profile F} {deployment : Minidregg.Kernel.GrainResourceBirthAdmission.Deployment} {pins : Minidregg.Theory.ResourceBirth.FactoryPins} {durable : Minidregg.Kernel.GrainResourceBirthAdmission.Durable} {ambient : Minidregg.Kernel.GrainResourceBirthAdmission.Ambient} {tariff : Minidregg.Kernel.GrainResourceBirthAdmission.Tariff} {source : Minidregg.Kernel.GrainResourceBirthAdmission.Source} {birth : Minidregg.Compiler.GrainResourceBirthController.PreparedSourceBirth profile.compilerProfile deployment pins durable profile.semantics tariff source} {grain : Minidregg.Kernel.GrainResourceBirthTransaction.PreparedTargets deployment birth.prepared.pre.directory.directory birth.prepared.pre.authority.snapshot profile.semantics ambient (Minidregg.Compiler.GrainResourceBirthController.Source.grainCommand tariff source)} {ingress : Minidregg.Kernel.GrainResourceBirthPolicyController.DecodedIngress} (accepted : Minidregg.Kernel.GrainResourceBirthAdmission.Accepted profile deployment pins durable ambient tariff source birth grain ingress), (∀ write ∈ Minidregg.Kernel.GrainResourceBirthTransaction.writes birth grain, Minidregg.Kernel.ResourceBirthController.Concrete.bornIn write = Bool.true → Minidregg.Kernel.ReceivingLaw.namesBirth (accepted.pending.branchStep (Sum.inl Minidregg.Kernel.ResourceBirthPolicyController.Concrete.PolicyBranch.factory)) write = Bool.true) ∧ ∃ graph, Minidregg.Compiler.PolicyComponentResolution.loadTarget (accepted.pending.branchConfig (Sum.inl Minidregg.Kernel.ResourceBirthPolicyController.Concrete.PolicyBranch.factory)).snapshot (accepted.pending.branchConfig (Sum.inl Minidregg.Kernel.ResourceBirthPolicyController.Concrete.PolicyBranch.factory)).store (accepted.pending.branchConfig (Sum.inl Minidregg.Kernel.ResourceBirthPolicyController.Concrete.PolicyBranch.factory)).profile.semantics (accepted.pending.branchConfig (Sum.inl Minidregg.Kernel.ResourceBirthPolicyController.Concrete.PolicyBranch.factory)).target (accepted.pending.branchConfig (Sum.inl Minidregg.Kernel.ResourceBirthPolicyController.Concrete.PolicyBranch.factory)).resolutionBudget (accepted.pending.branchConfig (Sum.inl Minidregg.Kernel.ResourceBirthPolicyController.Concrete.PolicyBranch.factory)).additional = Except.ok graph ∧ Minidregg.Pred.eval (Minidregg.Compiler.ResolvedLawCompilation.predicate graph.resolved) (accepted.pending.branchStep (Sum.inl Minidregg.Kernel.ResourceBirthPolicyController.Concrete.PolicyBranch.factory)).oldState (accepted.pending.branchStep (Sum.inl Minidregg.Kernel.ResourceBirthPolicyController.Concrete.PolicyBranch.factory)).newState = Bool.true
def	Minidregg.Kernel.GrainResourceBirthAdmission.Accepted.checked	162fbc88590410d35e5c3ccf723c6cacae40d1d9a01f2b959a674d59c01757b3	3e8bef94bc6c58dbe37ea2ee8f948935e6d5e21c3adcda72f4f8e1996cdf10b8	de5240a848b68cf1005d09726d22d97cbef2758c9cf7c06052052ec204633a9e	f240fcc992493eea	Classical.choice,Quot.sound,propext	{F : Type} → [inst : Field F] → [inst_1 : DecidableEq F] → {profile : Minidregg.Compiler.CanonicalRuntimeProfile.Profile F} → {deployment : Minidregg.Kernel.GrainResourceBirthAdmission.Deployment} → {pins : Minidregg.Theory.ResourceBirth.FactoryPins} → {durable : Minidregg.Kernel.GrainResourceBirthAdmission.Durable} → {ambient : Minidregg.Kernel.GrainResourceBirthAdmission.Ambient} → {tariff : Minidregg.Kernel.GrainResourceBirthAdmission.Tariff} → {source : Minidregg.Kernel.GrainResourceBirthAdmission.Source} → {birth : Minidregg.Compiler.GrainResourceBirthController.PreparedSourceBirth profile.compilerProfile deployment pins durable profile.semantics tariff source} → {grain : Minidregg.Kernel.GrainResourceBirthTransaction.PreparedTargets deployment birth.prepared.pre.directory.directory birth.prepared.pre.authority.snapshot profile.semantics ambient (Minidregg.Compiler.GrainResourceBirthController.Source.grainCommand tariff source)} → {ingress : Minidregg.Kernel.GrainResourceBirthPolicyController.DecodedIngress} → (self : Minidregg.Kernel.GrainResourceBirthAdmission.Accepted profile deployment pins durable ambient tariff source birth grain ingress) → (branch : Minidregg.Kernel.GrainResourceBirthAdmission.Branch tariff source) → Minidregg.Kernel.GrainResourceBirthAdmission.CheckedBranch self.pending branch (Minidregg.Kernel.GrainResourceBirthAdmission.credentialFor self.signed branch)
def	Minidregg.Kernel.GrainResourceBirthAdmission.Accepted.declaration	9ba6a9cacbdebd03a0995c77e9df4d77fe52b56807264f790e0ef8a1901c9227	2d9802f9814b4af83fe94cc88922b05cb7c51cbfe65fe984517fb89460cf5c95	1e69cf1de122bf548f04c8a920658ef9c20f3fe3b8ac6446861c5b4751832f96	17e7d908d7c60373	Classical.choice,Quot.sound,propext	{F : Type} → [inst : Field F] → [inst_1 : DecidableEq F] → {profile : Minidregg.Compiler.CanonicalRuntimeProfile.Profile F} → {deployment : Minidregg.Kernel.GrainResourceBirthAdmission.Deployment} → {pins : Minidregg.Theory.ResourceBirth.FactoryPins} → {durable : Minidregg.Kernel.GrainResourceBirthAdmission.Durable} → {ambient : Minidregg.Kernel.GrainResourceBirthAdmission.Ambient} → {tariff : Minidregg.Kernel.GrainResourceBirthAdmission.Tariff} → {source : Minidregg.Kernel.GrainResourceBirthAdmission.Source} → {birth : Minidregg.Compiler.GrainResourceBirthController.PreparedSourceBirth profile.compilerProfile deployment pins durable profile.semantics tariff source} → {grain : Minidregg.Kernel.GrainResourceBirthTransaction.PreparedTargets deployment birth.prepared.pre.directory.directory birth.prepared.pre.authority.snapshot profile.semantics ambient (Minidregg.Compiler.GrainResourceBirthController.Source.grainCommand tariff source)} → {ingress : Minidregg.Kernel.GrainResourceBirthPolicyController.DecodedIngress} → (accepted : Minidregg.Kernel.GrainResourceBirthAdmission.Accepted profile deployment pins durable ambient tariff source birth grain ingress) → Minidregg.Kernel.MultiCellHyperedge.Declaration ((Minidregg.Kernel.GrainResourceBirthTransaction.layout birth grain).withPortals accepted.portals)
theorem	Minidregg.Kernel.GrainResourceBirthAdmission.Accepted.guardShape	18c1e244fea6c8c36e58088148c1c4c09afc90c2ab948c8b24cdbf5443b33d46	930d98476eb8239740c50e019e62c672e1f39aa11ff7426a9519fde185f2859c	dffbdfd679af3d2e83849dfdf8efac4e64fa13e428bbf929e115abf6c669b592	9e947c66b9bff9c8	Classical.choice,Quot.sound,propext	∀ {F : Type} [inst : Field F] [inst_1 : DecidableEq F] {profile : Minidregg.Compiler.CanonicalRuntimeProfile.Profile F} {deployment : Minidregg.Kernel.GrainResourceBirthAdmission.Deployment} {pins : Minidregg.Theory.ResourceBirth.FactoryPins} {durable : Minidregg.Kernel.GrainResourceBirthAdmission.Durable} {ambient : Minidregg.Kernel.GrainResourceBirthAdmission.Ambient} {tariff : Minidregg.Kernel.GrainResourceBirthAdmission.Tariff} {source : Minidregg.Kernel.GrainResourceBirthAdmission.Source} {birth : Minidregg.Compiler.GrainResourceBirthController.PreparedSourceBirth profile.compilerProfile deployment pins durable profile.semantics tariff source} {grain : Minidregg.Kernel.GrainResourceBirthTransaction.PreparedTargets deployment birth.prepared.pre.directory.directory birth.prepared.pre.authority.snapshot profile.semantics ambient (Minidregg.Compiler.GrainResourceBirthController.Source.grainCommand tariff source)} {ingress : Minidregg.Kernel.GrainResourceBirthPolicyController.DecodedIngress} (self : Minidregg.Kernel.GrainResourceBirthAdmission.Accepted profile deployment pins durable ambient tariff source birth grain ingress), Minidregg.Kernel.GrainResourceBirthAdmission.PolicyGuardShape self.signed self.checked self.observations
def	Minidregg.Kernel.GrainResourceBirthAdmission.Accepted.legs	3e8ec17e642d61382260953c3a8fa793dfa9e945f5bc1b8e87cb7c58ce1c802f	218baeaa2c5cada2ad505be329ede9a0bd17cc795387b248d6c1cc91d2379d0f	7cd800c654ecbfa918c7724e18ff30f90670e5f30d71f84e7a9d0851efca7efe	3b30327ee9960b68	Classical.choice,Quot.sound,propext	{F : Type} → [inst : Field F] → [inst_1 : DecidableEq F] → {profile : Minidregg.Compiler.CanonicalRuntimeProfile.Profile F} → {deployment : Minidregg.Kernel.GrainResourceBirthAdmission.Deployment} → {pins : Minidregg.Theory.ResourceBirth.FactoryPins} → {durable : Minidregg.Kernel.GrainResourceBirthAdmission.Durable} → {ambient : Minidregg.Kernel.GrainResourceBirthAdmission.Ambient} → {tariff : Minidregg.Kernel.GrainResourceBirthAdmission.Tariff} → {source : Minidregg.Kernel.GrainResourceBirthAdmission.Source} → {birth : Minidregg.Compiler.GrainResourceBirthController.PreparedSourceBirth profile.compilerProfile deployment pins durable profile.semantics tariff source} → {grain : Minidregg.Kernel.GrainResourceBirthTransaction.PreparedTargets deployment birth.prepared.pre.directory.directory birth.prepared.pre.authority.snapshot profile.semantics ambient (Minidregg.Compiler.GrainResourceBirthController.Source.grainCommand tariff source)} → {ingress : Minidregg.Kernel.GrainResourceBirthPolicyController.DecodedIngress} → (accepted : Minidregg.Kernel.GrainResourceBirthAdmission.Accepted profile deployment pins durable ambient tariff source birth grain ingress) → accepted.declaration.AcceptedLegs
theorem	Minidregg.Kernel.GrainResourceBirthAdmission.Accepted.named	ea9e14f87fbccb45205b293153a221a11a05dd83b1d5c3a3e1a36735ec265e48	6610596bf5c1486cb5a41fbc543ddef7e3853d593a265a9cdb3b83e20560f7c3	ce4603b1e641283862a723934b863bd67720988f8fbbdee32fced849715502a5	94f8cad1a8fa0ace	Classical.choice,Quot.sound,propext	∀ {F : Type} [inst : Field F] [inst_1 : DecidableEq F] {profile : Minidregg.Compiler.CanonicalRuntimeProfile.Profile F} {deployment : Minidregg.Kernel.GrainResourceBirthAdmission.Deployment} {pins : Minidregg.Theory.ResourceBirth.FactoryPins} {durable : Minidregg.Kernel.GrainResourceBirthAdmission.Durable} {ambient : Minidregg.Kernel.GrainResourceBirthAdmission.Ambient} {tariff : Minidregg.Kernel.GrainResourceBirthAdmission.Tariff} {source : Minidregg.Kernel.GrainResourceBirthAdmission.Source} {birth : Minidregg.Compiler.GrainResourceBirthController.PreparedSourceBirth profile.compilerProfile deployment pins durable profile.semantics tariff source} {grain : Minidregg.Kernel.GrainResourceBirthTransaction.PreparedTargets deployment birth.prepared.pre.directory.directory birth.prepared.pre.authority.snapshot profile.semantics ambient (Minidregg.Compiler.GrainResourceBirthController.Source.grainCommand tariff source)} {ingress : Minidregg.Kernel.GrainResourceBirthPolicyController.DecodedIngress} (self : Minidregg.Kernel.GrainResourceBirthAdmission.Accepted profile deployment pins durable ambient tariff source birth grain ingress), Minidregg.Kernel.ResourceBirthController.Concrete.Named (self.pending.branchStep (Sum.inl Minidregg.Kernel.ResourceBirthPolicyController.Concrete.PolicyBranch.factory)) (Minidregg.Kernel.GrainResourceBirthTransaction.writes birth grain)
def	Minidregg.Kernel.GrainResourceBirthAdmission.Accepted.observations	e364c0d40228b526e5ebeaf05866d12c3d6c88eb053302ca0210e91978498b2a	4efb8c7022d1d18e7c36c2ab57279d63b98dc93872042a5e7bc6d1263b4f216a	3eb42afad0481d1c6c27941d271215866e44e4c7c736f64e31face95fed6cd57	edb5ab23406d9c0a	Classical.choice,Quot.sound,propext	{F : Type} → [inst : Field F] → [inst_1 : DecidableEq F] → {profile : Minidregg.Compiler.CanonicalRuntimeProfile.Profile F} → {deployment : Minidregg.Kernel.GrainResourceBirthAdmission.Deployment} → {pins : Minidregg.Theory.ResourceBirth.FactoryPins} → {durable : Minidregg.Kernel.GrainResourceBirthAdmission.Durable} → {ambient : Minidregg.Kernel.GrainResourceBirthAdmission.Ambient} → {tariff : Minidregg.Kernel.GrainResourceBirthAdmission.Tariff} → {source : Minidregg.Kernel.GrainResourceBirthAdmission.Source} → {birth : Minidregg.Compiler.GrainResourceBirthController.PreparedSourceBirth profile.compilerProfile deployment pins durable profile.semantics tariff source} → {grain : Minidregg.Kernel.GrainResourceBirthTransaction.PreparedTargets deployment birth.prepared.pre.directory.directory birth.prepared.pre.authority.snapshot profile.semantics ambient (Minidregg.Compiler.GrainResourceBirthController.Source.grainCommand tariff source)} → {ingress : Minidregg.Kernel.GrainResourceBirthPolicyController.DecodedIngress} → (self : Minidregg.Kernel.GrainResourceBirthAdmission.Accepted profile deployment pins durable ambient tariff source birth grain ingress) → (index : Minidregg.Kernel.DeclaredResourceController.TargetIndex (Minidregg.Compiler.GrainResourceBirthController.Source.grainCommand tariff source)) → Minidregg.Kernel.GrainResourceBirthAdmission.ReadLeg birth grain index (Minidregg.Kernel.GrainResourceBirthAdmission.observationEnvelope self.signed index)
def	Minidregg.Kernel.GrainResourceBirthAdmission.Accepted.pending	7e3bb3025dbcd2fff1063bd4246afc9147afdabc148cba7825b59cf3f21d401c	e722455c08cc60a2016a48134a29a195a9b1dffb28668c517983cf5515761c71	2a8ad0afda7d74c04212141a6e6a1640bab514c7151cd309f7ba075f7443ac0f	2378fad04e4e3432	Classical.choice,Quot.sound,propext	{F : Type} → [inst : Field F] → [inst_1 : DecidableEq F] → {profile : Minidregg.Compiler.CanonicalRuntimeProfile.Profile F} → {deployment : Minidregg.Kernel.GrainResourceBirthAdmission.Deployment} → {pins : Minidregg.Theory.ResourceBirth.FactoryPins} → {durable : Minidregg.Kernel.GrainResourceBirthAdmission.Durable} → {ambient : Minidregg.Kernel.GrainResourceBirthAdmission.Ambient} → {tariff : Minidregg.Kernel.GrainResourceBirthAdmission.Tariff} → {source : Minidregg.Kernel.GrainResourceBirthAdmission.Source} → {birth : Minidregg.Compiler.GrainResourceBirthController.PreparedSourceBirth profile.compilerProfile deployment pins durable profile.semantics tariff source} → {grain : Minidregg.Kernel.GrainResourceBirthTransaction.PreparedTargets deployment birth.prepared.pre.directory.directory birth.prepared.pre.authority.snapshot profile.semantics ambient (Minidregg.Compiler.GrainResourceBirthController.Source.grainCommand tariff source)} → {ingress : Minidregg.Kernel.GrainResourceBirthPolicyController.DecodedIngress} → Minidregg.Kernel.GrainResourceBirthAdmission.Accepted profile deployment pins durable ambient tariff source birth grain ingress → Minidregg.Kernel.GrainResourceBirthAdmission.Pending profile deployment pins durable ambient tariff source birth grain
def	Minidregg.Kernel.GrainResourceBirthAdmission.Accepted.portals	e8db617538a217188105cd5f5c6daa0adf84a309a1dd6258dcc403ef2ce1861a	ec66e9d660db0d3af55181cc968913cce2c3465b0c8900d5024f5e148e1ace2b	93ad47d6fed6cf353e3043106e90bcfab530ffbd8f2192955e29b72d36a0c559	2784461400142a79	Classical.choice,Quot.sound,propext	{F : Type} → [inst : Field F] → [inst_1 : DecidableEq F] → {profile : Minidregg.Compiler.CanonicalRuntimeProfile.Profile F} → {deployment : Minidregg.Kernel.GrainResourceBirthAdmission.Deployment} → {pins : Minidregg.Theory.ResourceBirth.FactoryPins} → {durable : Minidregg.Kernel.GrainResourceBirthAdmission.Durable} → {ambient : Minidregg.Kernel.GrainResourceBirthAdmission.Ambient} → {tariff : Minidregg.Kernel.GrainResourceBirthAdmission.Tariff} → {source : Minidregg.Kernel.GrainResourceBirthAdmission.Source} → {birth : Minidregg.Compiler.GrainResourceBirthController.PreparedSourceBirth profile.compilerProfile deployment pins durable profile.semantics tariff source} → {grain : Minidregg.Kernel.GrainResourceBirthTransaction.PreparedTargets deployment birth.prepared.pre.directory.directory birth.prepared.pre.authority.snapshot profile.semantics ambient (Minidregg.Compiler.GrainResourceBirthController.Source.grainCommand tariff source)} → {ingress : Minidregg.Kernel.GrainResourceBirthPolicyController.DecodedIngress} → Minidregg.Kernel.GrainResourceBirthAdmission.Accepted profile deployment pins durable ambient tariff source birth grain ingress → Minidregg.Kernel.GrainResourceBirthTransaction.Incidence tariff source → Minidregg.Theory.TypedAuthorization.Portal
theorem	Minidregg.Kernel.GrainResourceBirthAdmission.Accepted.post_exact	050a2a07716597e6e5adb2683d1eae5b736e596c1b153e68e58af3225dccab1c	ec75df764466a9f3689d63267e46e1ba8630a6e65c282f6dfc289aa53e30ddfc	636db01f88b6443d68d5e0e7b7948dc5319a5b3aeeb555baf51defe06ad401fa	cf6ff459583a345d	Classical.choice,Quot.sound,propext	∀ {F : Type} [inst : Field F] [inst_1 : DecidableEq F] {profile : Minidregg.Compiler.CanonicalRuntimeProfile.Profile F} {deployment : Minidregg.Kernel.GrainResourceBirthAdmission.Deployment} {pins : Minidregg.Theory.ResourceBirth.FactoryPins} {durable : Minidregg.Kernel.GrainResourceBirthAdmission.Durable} {ambient : Minidregg.Kernel.GrainResourceBirthAdmission.Ambient} {tariff : Minidregg.Kernel.GrainResourceBirthAdmission.Tariff} {source : Minidregg.Kernel.GrainResourceBirthAdmission.Source} {birth : Minidregg.Compiler.GrainResourceBirthController.PreparedSourceBirth profile.compilerProfile deployment pins durable profile.semantics tariff source} {grain : Minidregg.Kernel.GrainResourceBirthTransaction.PreparedTargets deployment birth.prepared.pre.directory.directory birth.prepared.pre.authority.snapshot profile.semantics ambient (Minidregg.Compiler.GrainResourceBirthController.Source.grainCommand tariff source)} {ingress : Minidregg.Kernel.GrainResourceBirthPolicyController.DecodedIngress} (accepted : Minidregg.Kernel.GrainResourceBirthAdmission.Accepted profile deployment pins durable ambient tariff source birth grain ingress) (incidence : Minidregg.Kernel.GrainResourceBirthTransaction.Incidence tariff source), accepted.declaration.post accepted.legs incidence = (Minidregg.Kernel.GrainResourceBirthTransaction.validated birth grain ambient.height incidence).apply
def	Minidregg.Kernel.GrainResourceBirthAdmission.Accepted.readGuards	4884a20e7e57578ea2dc6ddfdc7f81d23f693ae07f19fca3c91a8344d4540b56	66a4a45e1d609c3b658bef6cbf147684b322c7f4b7ec649dc1e77c69155bf7fb	4f67d3b906f9ca868784a0a10c039d3dd3295a15827078d7531095f8d12560eb	8020eab00ac2e021	Classical.choice,Quot.sound,propext	{F : Type} → [inst : Field F] → [inst_1 : DecidableEq F] → {profile : Minidregg.Compiler.CanonicalRuntimeProfile.Profile F} → {deployment : Minidregg.Kernel.GrainResourceBirthAdmission.Deployment} → {pins : Minidregg.Theory.ResourceBirth.FactoryPins} → {durable : Minidregg.Kernel.GrainResourceBirthAdmission.Durable} → {ambient : Minidregg.Kernel.GrainResourceBirthAdmission.Ambient} → {tariff : Minidregg.Kernel.GrainResourceBirthAdmission.Tariff} → {source : Minidregg.Kernel.GrainResourceBirthAdmission.Source} → {birth : Minidregg.Compiler.GrainResourceBirthController.PreparedSourceBirth profile.compilerProfile deployment pins durable profile.semantics tariff source} → {grain : Minidregg.Kernel.GrainResourceBirthTransaction.PreparedTargets deployment birth.prepared.pre.directory.directory birth.prepared.pre.authority.snapshot profile.semantics ambient (Minidregg.Compiler.GrainResourceBirthController.Source.grainCommand tariff source)} → {ingress : Minidregg.Kernel.GrainResourceBirthPolicyController.DecodedIngress} → Minidregg.Kernel.GrainResourceBirthAdmission.Accepted profile deployment pins durable ambient tariff source birth grain ingress → List Minidregg.Kernel.DurableDataIntent.ReadGuard
theorem	Minidregg.Kernel.GrainResourceBirthAdmission.Accepted.readGuards_exact	689848b0264f17c035412fce990a247ae80e1fcf1b26107fdd093ee881437972	4ea0070946193096505006c749d44cb1fb7490df4c6278cc8820cd7462a40ff5	3b9c2442f50ae87e21d25560040ae3bb9cd3797ab74cfbf64e9b09d85ef17829	b82016cb31cbc516	Classical.choice,Quot.sound,propext	∀ {F : Type} [inst : Field F] [inst_1 : DecidableEq F] {profile : Minidregg.Compiler.CanonicalRuntimeProfile.Profile F} {deployment : Minidregg.Kernel.GrainResourceBirthAdmission.Deployment} {pins : Minidregg.Theory.ResourceBirth.FactoryPins} {durable : Minidregg.Kernel.GrainResourceBirthAdmission.Durable} {ambient : Minidregg.Kernel.GrainResourceBirthAdmission.Ambient} {tariff : Minidregg.Kernel.GrainResourceBirthAdmission.Tariff} {source : Minidregg.Kernel.GrainResourceBirthAdmission.Source} {birth : Minidregg.Compiler.GrainResourceBirthController.PreparedSourceBirth profile.compilerProfile deployment pins durable profile.semantics tariff source} {grain : Minidregg.Kernel.GrainResourceBirthTransaction.PreparedTargets deployment birth.prepared.pre.directory.directory birth.prepared.pre.authority.snapshot profile.semantics ambient (Minidregg.Compiler.GrainResourceBirthController.Source.grainCommand tariff source)} {ingress : Minidregg.Kernel.GrainResourceBirthPolicyController.DecodedIngress} (accepted : Minidregg.Kernel.GrainResourceBirthAdmission.Accepted profile deployment pins durable ambient tariff source birth grain ingress), ∀ guard ∈ accepted.readGuards, guard.expectedRoot = durable.snapshot.model.roots guard.cellId
theorem	Minidregg.Kernel.GrainResourceBirthAdmission.Accepted.readGuards_readonly	e1a71b96726b87284195a1e59ce3c845ccbe573529918dce70c1b7fa98cedfce	eac6b3ff5f8117520f63930e6ee70f5c6cf0dd3919fa4ea3c900ba16470e8391	6a736b3d064431234c9438eca4d53a5086186fe006aeff13c646df02c2615f1a	2370af6e8fc344fa	Classical.choice,Quot.sound,propext	∀ {F : Type} [inst : Field F] [inst_1 : DecidableEq F] {profile : Minidregg.Compiler.CanonicalRuntimeProfile.Profile F} {deployment : Minidregg.Kernel.GrainResourceBirthAdmission.Deployment} {pins : Minidregg.Theory.ResourceBirth.FactoryPins} {durable : Minidregg.Kernel.GrainResourceBirthAdmission.Durable} {ambient : Minidregg.Kernel.GrainResourceBirthAdmission.Ambient} {tariff : Minidregg.Kernel.GrainResourceBirthAdmission.Tariff} {source : Minidregg.Kernel.GrainResourceBirthAdmission.Source} {birth : Minidregg.Compiler.GrainResourceBirthController.PreparedSourceBirth profile.compilerProfile deployment pins durable profile.semantics tariff source} {grain : Minidregg.Kernel.GrainResourceBirthTransaction.PreparedTargets deployment birth.prepared.pre.directory.directory birth.prepared.pre.authority.snapshot profile.semantics ambient (Minidregg.Compiler.GrainResourceBirthController.Source.grainCommand tariff source)} {ingress : Minidregg.Kernel.GrainResourceBirthPolicyController.DecodedIngress} (accepted : Minidregg.Kernel.GrainResourceBirthAdmission.Accepted profile deployment pins durable ambient tariff source birth grain ingress), ∀ guard ∈ accepted.readGuards, guard.cellId ∉ List.map Minidregg.Kernel.DurableDataIntent.DataWrite.cellId (Minidregg.Kernel.GrainResourceBirthTransaction.writes birth grain)
theorem	Minidregg.Kernel.GrainResourceBirthAdmission.Accepted.signed	b6600e7796a21cbcd4f3a28af77c4c0b087b4cdeeb77a881a0b6fd7a81eddc1d	7208b95dbadfca1f43139593cd143165b98ea07a2f2a4984ece3913622b0c0bf	144569ef53153bd30501f05bf7e3c96a92f54c43b5c2ece97125e021c306bb7f	9ba2f6f79c8bfcc7	Classical.choice,Quot.sound,propext	∀ {F : Type} [inst : Field F] [inst_1 : DecidableEq F] {profile : Minidregg.Compiler.CanonicalRuntimeProfile.Profile F} {deployment : Minidregg.Kernel.GrainResourceBirthAdmission.Deployment} {pins : Minidregg.Theory.ResourceBirth.FactoryPins} {durable : Minidregg.Kernel.GrainResourceBirthAdmission.Durable} {ambient : Minidregg.Kernel.GrainResourceBirthAdmission.Ambient} {tariff : Minidregg.Kernel.GrainResourceBirthAdmission.Tariff} {source : Minidregg.Kernel.GrainResourceBirthAdmission.Source} {birth : Minidregg.Compiler.GrainResourceBirthController.PreparedSourceBirth profile.compilerProfile deployment pins durable profile.semantics tariff source} {grain : Minidregg.Kernel.GrainResourceBirthTransaction.PreparedTargets deployment birth.prepared.pre.directory.directory birth.prepared.pre.authority.snapshot profile.semantics ambient (Minidregg.Compiler.GrainResourceBirthController.Source.grainCommand tariff source)} {ingress : Minidregg.Kernel.GrainResourceBirthPolicyController.DecodedIngress} (self : Minidregg.Kernel.GrainResourceBirthAdmission.Accepted profile deployment pins durable ambient tariff source birth grain ingress), Minidregg.Kernel.GrainResourceBirthAdmission.SignedShape profile deployment tariff source ingress
def	Minidregg.Kernel.GrainResourceBirthAdmission.Ambient	237185f0d591580f21ff4a6df686229bb4d11df823dd75d27b74f4908c71081f	89855d392aa192071e8a2b2230d30ecae8fc9de0c15fa6a53f6209226829292a	0a2ab0bc4dabc6537eff319c7bf2bff632142f5dee71451682eb259401e04412	390d537830c96ffa	-	Type
def	Minidregg.Kernel.GrainResourceBirthAdmission.Branch	84cc3263900e1f498492a8c895a31af9675fb8006ececc6a7acf4380ce4668f0	2e63734f5e393f3f0421facf3464d83a9ec85eea013f3d98946b868a8faf8ea3	09eed729318903c0bea969228251b8c420bc37c5de19e1161f052425841cb63e	70b4916ba4edd3d9	Classical.choice,Quot.sound,propext	Minidregg.Kernel.GrainResourceBirthAdmission.Tariff → Minidregg.Kernel.GrainResourceBirthAdmission.Source → Type
inductive	Minidregg.Kernel.GrainResourceBirthAdmission.CheckedBranch	f8af5eaf73035c9a873e4bf9b6e02097ecb602f9cab6eb1235439fa01f38107c	e1c726528d0b14d4e5f7f2e924665e6eef7aa28e544b284ba7666ed999809b23	badde98f061d4a03791f795c5dcc42672a81039a4de6f61dad9404cab8d0b2bf	57fcfde5394c3233		{F : Type} → [inst : Field F] → [DecidableEq F] → {profile : Minidregg.Compiler.CanonicalRuntimeProfile.Profile F} → {deployment : Minidregg.Kernel.GrainResourceBirthAdmission.Deployment} → {pins : Minidregg.Theory.ResourceBirth.FactoryPins} → {durable : Minidregg.Kernel.GrainResourceBirthAdmission.Durable} → {ambient : Minidregg.Kernel.GrainResourceBirthAdmission.Ambient} → {tariff : Minidregg.Kernel.GrainResourceBirthAdmission.Tariff} → {source : Minidregg.Kernel.GrainResourceBirthAdmission.Source} → {birth : Minidregg.Compiler.GrainResourceBirthController.PreparedSourceBirth profile.compilerProfile deployment pins durable profile.semantics tariff source} → {grain : Minidregg.Kernel.GrainResourceBirthTransaction.PreparedTargets deployment birth.prepared.pre.directory.directory birth.prepared.pre.authority.snapshot profile.semantics ambient (Minidregg.Compiler.GrainResourceBirthController.Source.grainCommand tariff source)} → Minidregg.Kernel.GrainResourceBirthAdmission.Pending profile deployment pins durable ambient tariff source birth grain → Minidregg.Kernel.GrainResourceBirthAdmission.Branch tariff source → Minidregg.Kernel.ResourceBirthPolicyController.Concrete.BranchCredential → Type
def	Minidregg.Kernel.GrainResourceBirthAdmission.CheckedBranch.authorization	e77390eb3877bf6a8eb4c55aca3606e677b50ec5407f83866eb1b31f7c329e25	b9a933d67e4b8ff77839171f1128705c03f34234b00b4c519efa45b14e22daa9	38256b9cf45d14b40286d557f34553b4f43c2dabd99387301c5aa6a4a28d4c6a	def1b6dbb0c3e9a2	Classical.choice,Quot.sound,propext	{F : Type} → [inst : Field F] → [inst_1 : DecidableEq F] → {profile : Minidregg.Compiler.CanonicalRuntimeProfile.Profile F} → {deployment : Minidregg.Kernel.GrainResourceBirthAdmission.Deployment} → {pins : Minidregg.Theory.ResourceBirth.FactoryPins} → {durable : Minidregg.Kernel.GrainResourceBirthAdmission.Durable} → {ambient : Minidregg.Kernel.GrainResourceBirthAdmission.Ambient} → {tariff : Minidregg.Kernel.GrainResourceBirthAdmission.Tariff} → {source : Minidregg.Kernel.GrainResourceBirthAdmission.Source} → {birth : Minidregg.Compiler.GrainResourceBirthController.PreparedSourceBirth profile.compilerProfile deployment pins durable profile.semantics tariff source} → {grain : Minidregg.Kernel.GrainResourceBirthTransaction.PreparedTargets deployment birth.prepared.pre.directory.directory birth.prepared.pre.authority.snapshot profile.semantics ambient (Minidregg.Compiler.GrainResourceBirthController.Source.grainCommand tariff source)} → {pending : Minidregg.Kernel.GrainResourceBirthAdmission.Pending profile deployment pins durable ambient tariff source birth grain} → {branch : Minidregg.Kernel.GrainResourceBirthAdmission.Branch tariff source} → {credential : Minidregg.Kernel.ResourceBirthPolicyController.Concrete.BranchCredential} → Minidregg.Kernel.GrainResourceBirthAdmission.CheckedBranch pending branch credential → Minidregg.Theory.TypedAuthorization.Authorized pending.portal birth.prepared.pre.authority.snapshot.authState (Minidregg.Kernel.GrainResourceBirthAdmission.branchRequest birth grain ambient.height branch).snd
def	Minidregg.Kernel.GrainResourceBirthAdmission.CheckedBranch.dependencies	4782792575e654921014f0865105a89af6b25d62c50761366adf1d80b1ee6551	8296ee4ed2bcb560287322c348d938851e226973af9cbd5150a78c3156f3d3a4	6c7980880b4b1f99e322c8236ce99886bbac3a75141dc702c92f962844af37a1	cf4f1f503f5f8f3b	Classical.choice,Quot.sound,propext	{F : Type} → [inst : Field F] → [inst_1 : DecidableEq F] → {profile : Minidregg.Compiler.CanonicalRuntimeProfile.Profile F} → {deployment : Minidregg.Kernel.GrainResourceBirthAdmission.Deployment} → {pins : Minidregg.Theory.ResourceBirth.FactoryPins} → {durable : Minidregg.Kernel.GrainResourceBirthAdmission.Durable} → {ambient : Minidregg.Kernel.GrainResourceBirthAdmission.Ambient} → {tariff : Minidregg.Kernel.GrainResourceBirthAdmission.Tariff} → {source : Minidregg.Kernel.GrainResourceBirthAdmission.Source} → {birth : Minidregg.Compiler.GrainResourceBirthController.PreparedSourceBirth profile.compilerProfile deployment pins durable profile.semantics tariff source} → {grain : Minidregg.Kernel.GrainResourceBirthTransaction.PreparedTargets deployment birth.prepared.pre.directory.directory birth.prepared.pre.authority.snapshot profile.semantics ambient (Minidregg.Compiler.GrainResourceBirthController.Source.grainCommand tariff source)} → {pending : Minidregg.Kernel.GrainResourceBirthAdmission.Pending profile deployment pins durable ambient tariff source birth grain} → {branch : Minidregg.Kernel.GrainResourceBirthAdmission.Branch tariff source} → {credential : Minidregg.Kernel.ResourceBirthPolicyController.Concrete.BranchCredential} → Minidregg.Kernel.GrainResourceBirthAdmission.CheckedBranch pending branch credential → Minidregg.Compiler.WorldKindLawDependencies.Dependencies
theorem	Minidregg.Kernel.GrainResourceBirthAdmission.CheckedBranch.dependenciesExact	c5421836ce88a413eca005443f4865efef4a76f75533a9bebe1cf59371b950da	b55eccceac9845fd8f13a84026b47e4505eaf7585c9ee906d06a2400316c87af	932370d7847db126ea62786190c88c7f4efc1bfb303a553f52ecd79cd84946bc	647a68383b8b222a	Classical.choice,Quot.sound,propext	∀ {F : Type} [inst : Field F] [inst_1 : DecidableEq F] {profile : Minidregg.Compiler.CanonicalRuntimeProfile.Profile F} {deployment : Minidregg.Kernel.GrainResourceBirthAdmission.Deployment} {pins : Minidregg.Theory.ResourceBirth.FactoryPins} {durable : Minidregg.Kernel.GrainResourceBirthAdmission.Durable} {ambient : Minidregg.Kernel.GrainResourceBirthAdmission.Ambient} {tariff : Minidregg.Kernel.GrainResourceBirthAdmission.Tariff} {source : Minidregg.Kernel.GrainResourceBirthAdmission.Source} {birth : Minidregg.Compiler.GrainResourceBirthController.PreparedSourceBirth profile.compilerProfile deployment pins durable profile.semantics tariff source} {grain : Minidregg.Kernel.GrainResourceBirthTransaction.PreparedTargets deployment birth.prepared.pre.directory.directory birth.prepared.pre.authority.snapshot profile.semantics ambient (Minidregg.Compiler.GrainResourceBirthController.Source.grainCommand tariff source)} {pending : Minidregg.Kernel.GrainResourceBirthAdmission.Pending profile deployment pins durable ambient tariff source birth grain} {branch : Minidregg.Kernel.GrainResourceBirthAdmission.Branch tariff source} {credential : Minidregg.Kernel.ResourceBirthPolicyController.Concrete.BranchCredential} (self : Minidregg.Kernel.GrainResourceBirthAdmission.CheckedBranch pending branch credential), pending.branchDependencies branch = Option.some self.dependencies
theorem	Minidregg.Kernel.GrainResourceBirthAdmission.CheckedBranch.envelopeExact	a73bec9cc8df0033d1c7c09da74c070661224dad8a779fc484680da56a1ca7a2	50d7bb513891598498499c01d81c53fc05b5602b13ca95141898f4bd9b7df71e	f520820f91515883cb18fb4c22000c511759ee9de3a6d6ab366d3d604dda9c49	8b1ece234363cac6	Classical.choice,Quot.sound,propext	∀ {F : Type} [inst : Field F] [inst_1 : DecidableEq F] {profile : Minidregg.Compiler.CanonicalRuntimeProfile.Profile F} {deployment : Minidregg.Kernel.GrainResourceBirthAdmission.Deployment} {pins : Minidregg.Theory.ResourceBirth.FactoryPins} {durable : Minidregg.Kernel.GrainResourceBirthAdmission.Durable} {ambient : Minidregg.Kernel.GrainResourceBirthAdmission.Ambient} {tariff : Minidregg.Kernel.GrainResourceBirthAdmission.Tariff} {source : Minidregg.Kernel.GrainResourceBirthAdmission.Source} {birth : Minidregg.Compiler.GrainResourceBirthController.PreparedSourceBirth profile.compilerProfile deployment pins durable profile.semantics tariff source} {grain : Minidregg.Kernel.GrainResourceBirthTransaction.PreparedTargets deployment birth.prepared.pre.directory.directory birth.prepared.pre.authority.snapshot profile.semantics ambient (Minidregg.Compiler.GrainResourceBirthController.Source.grainCommand tariff source)} {pending : Minidregg.Kernel.GrainResourceBirthAdmission.Pending profile deployment pins durable ambient tariff source birth grain} {branch : Minidregg.Kernel.GrainResourceBirthAdmission.Branch tariff source} {credential : Minidregg.Kernel.ResourceBirthPolicyController.Concrete.BranchCredential} (self : Minidregg.Kernel.GrainResourceBirthAdmission.CheckedBranch pending branch credential), self.receipt.envelopeBytes = credential.envelope
def	Minidregg.Kernel.GrainResourceBirthAdmission.CheckedBranch.lawGuards	dc9c87ddfa500f28bce4dc8f7bec89be4297069a2ecccb2012b10e3155a4a387	d2dc17dc1079d5cb9627b25feecfcd1791ced120762babb305b6656a584bc202	899237ccb4a51d0201b6fdfe14ec97bc67e16522f714b17d6cbd8c42599460bb	a5a8a19262025fb3	Classical.choice,Quot.sound,propext	{F : Type} → [inst : Field F] → [inst_1 : DecidableEq F] → {profile : Minidregg.Compiler.CanonicalRuntimeProfile.Profile F} → {deployment : Minidregg.Kernel.GrainResourceBirthAdmission.Deployment} → {pins : Minidregg.Theory.ResourceBirth.FactoryPins} → {durable : Minidregg.Kernel.GrainResourceBirthAdmission.Durable} → {ambient : Minidregg.Kernel.GrainResourceBirthAdmission.Ambient} → {tariff : Minidregg.Kernel.GrainResourceBirthAdmission.Tariff} → {source : Minidregg.Kernel.GrainResourceBirthAdmission.Source} → {birth : Minidregg.Compiler.GrainResourceBirthController.PreparedSourceBirth profile.compilerProfile deployment pins durable profile.semantics tariff source} → {grain : Minidregg.Kernel.GrainResourceBirthTransaction.PreparedTargets deployment birth.prepared.pre.directory.directory birth.prepared.pre.authority.snapshot profile.semantics ambient (Minidregg.Compiler.GrainResourceBirthController.Source.grainCommand tariff source)} → {pending : Minidregg.Kernel.GrainResourceBirthAdmission.Pending profile deployment pins durable ambient tariff source birth grain} → {branch : Minidregg.Kernel.GrainResourceBirthAdmission.Branch tariff source} → {credential : Minidregg.Kernel.ResourceBirthPolicyController.Concrete.BranchCredential} → Minidregg.Kernel.GrainResourceBirthAdmission.CheckedBranch pending branch credential → List (ℕ × Minidregg.Theory.TypedAuthorization.Digest)
theorem	Minidregg.Kernel.GrainResourceBirthAdmission.CheckedBranch.lawGuardsBound	13d06d8b2ce57aa9cb68d2083a4c2172d3dfc8d21756c70124b466918bb509e6	d291fa76debba816dc743e60cea82ee87e96c93467d27dd165d9d18135440a1a	12a4ce83bc7f2dacc77735ef5879ad9d49e01a5fc0ba5b2d0f1ab5bb585d9f9c	5c0b8573431774fc	Classical.choice,Quot.sound,propext	∀ {F : Type} [inst : Field F] [inst_1 : DecidableEq F] {profile : Minidregg.Compiler.CanonicalRuntimeProfile.Profile F} {deployment : Minidregg.Kernel.GrainResourceBirthAdmission.Deployment} {pins : Minidregg.Theory.ResourceBirth.FactoryPins} {durable : Minidregg.Kernel.GrainResourceBirthAdmission.Durable} {ambient : Minidregg.Kernel.GrainResourceBirthAdmission.Ambient} {tariff : Minidregg.Kernel.GrainResourceBirthAdmission.Tariff} {source : Minidregg.Kernel.GrainResourceBirthAdmission.Source} {birth : Minidregg.Compiler.GrainResourceBirthController.PreparedSourceBirth profile.compilerProfile deployment pins durable profile.semantics tariff source} {grain : Minidregg.Kernel.GrainResourceBirthTransaction.PreparedTargets deployment birth.prepared.pre.directory.directory birth.prepared.pre.authority.snapshot profile.semantics ambient (Minidregg.Compiler.GrainResourceBirthController.Source.grainCommand tariff source)} {pending : Minidregg.Kernel.GrainResourceBirthAdmission.Pending profile deployment pins durable ambient tariff source birth grain} {branch : Minidregg.Kernel.GrainResourceBirthAdmission.Branch tariff source} {credential : Minidregg.Kernel.ResourceBirthPolicyController.Concrete.BranchCredential} (self : Minidregg.Kernel.GrainResourceBirthAdmission.CheckedBranch pending branch credential), (self.lawGuards.all fun guard => Decidable.decide (guard.2 = durable.snapshot.model.roots { value := guard.1 })) = Bool.true
theorem	Minidregg.Kernel.GrainResourceBirthAdmission.CheckedBranch.lawGuardsExact	c6556b56104120ba6fc1943480f1b01e027bf4d00d750c5eb3b796eb0a5e9194	ed496817394245d2e735691263472805c4a6f08fe4a00f4b474d4907cd05c9c9	94de1a768c3a6a64d745b71423a8bc8ce10f157adaca19b2dc9a6bfd1f842851	a5c1de29e903ac05	Classical.choice,Quot.sound,propext	∀ {F : Type} [inst : Field F] [inst_1 : DecidableEq F] {profile : Minidregg.Compiler.CanonicalRuntimeProfile.Profile F} {deployment : Minidregg.Kernel.GrainResourceBirthAdmission.Deployment} {pins : Minidregg.Theory.ResourceBirth.FactoryPins} {durable : Minidregg.Kernel.GrainResourceBirthAdmission.Durable} {ambient : Minidregg.Kernel.GrainResourceBirthAdmission.Ambient} {tariff : Minidregg.Kernel.GrainResourceBirthAdmission.Tariff} {source : Minidregg.Kernel.GrainResourceBirthAdmission.Source} {birth : Minidregg.Compiler.GrainResourceBirthController.PreparedSourceBirth profile.compilerProfile deployment pins durable profile.semantics tariff source} {grain : Minidregg.Kernel.GrainResourceBirthTransaction.PreparedTargets deployment birth.prepared.pre.directory.directory birth.prepared.pre.authority.snapshot profile.semantics ambient (Minidregg.Compiler.GrainResourceBirthController.Source.grainCommand tariff source)} {pending : Minidregg.Kernel.GrainResourceBirthAdmission.Pending profile deployment pins durable ambient tariff source birth grain} {branch : Minidregg.Kernel.GrainResourceBirthAdmission.Branch tariff source} {credential : Minidregg.Kernel.ResourceBirthPolicyController.Concrete.BranchCredential} (self : Minidregg.Kernel.GrainResourceBirthAdmission.CheckedBranch pending branch credential), pending.branchLawGuards branch = Option.some self.lawGuards
theorem	Minidregg.Kernel.GrainResourceBirthAdmission.CheckedBranch.law_admits_step	b4a32fd12dd713df3055657e10eb047c961086160e7b1f98da9292f9227aa367	f25583622c3879e254f5f3ec569d2c23e80343ce69eb0a6431fa7443718fb0c3	774094bcf0fe35652bb3d8412d666d54b7569cf89755d33b0ac6f422d88c0797	7de893b00cd17d90	Classical.choice,Quot.sound,propext	∀ {F : Type} [inst : Field F] [inst_1 : DecidableEq F] {profile : Minidregg.Compiler.CanonicalRuntimeProfile.Profile F} {deployment : Minidregg.Kernel.GrainResourceBirthAdmission.Deployment} {pins : Minidregg.Theory.ResourceBirth.FactoryPins} {durable : Minidregg.Kernel.GrainResourceBirthAdmission.Durable} {ambient : Minidregg.Kernel.GrainResourceBirthAdmission.Ambient} {tariff : Minidregg.Kernel.GrainResourceBirthAdmission.Tariff} {source : Minidregg.Kernel.GrainResourceBirthAdmission.Source} {birth : Minidregg.Compiler.GrainResourceBirthController.PreparedSourceBirth profile.compilerProfile deployment pins durable profile.semantics tariff source} {grain : Minidregg.Kernel.GrainResourceBirthTransaction.PreparedTargets deployment birth.prepared.pre.directory.directory birth.prepared.pre.authority.snapshot profile.semantics ambient (Minidregg.Compiler.GrainResourceBirthController.Source.grainCommand tariff source)} {pending : Minidregg.Kernel.GrainResourceBirthAdmission.Pending profile deployment pins durable ambient tariff source birth grain} {branch : Minidregg.Kernel.GrainResourceBirthAdmission.Branch tariff source} {credential : Minidregg.Kernel.ResourceBirthPolicyController.Concrete.BranchCredential} (checked : Minidregg.Kernel.GrainResourceBirthAdmission.CheckedBranch pending branch credential), ∃ graph, Minidregg.Compiler.PolicyComponentResolution.loadTarget (pending.branchConfig branch).snapshot (pending.branchConfig branch).store (pending.branchConfig branch).profile.semantics (pending.branchConfig branch).target (pending.branchConfig branch).resolutionBudget (pending.branchConfig branch).additional = Except.ok graph ∧ Minidregg.Pred.eval (Minidregg.Compiler.ResolvedLawCompilation.predicate graph.resolved) (pending.branchStep branch).oldState (pending.branchStep branch).newState = Bool.true
ctor	Minidregg.Kernel.GrainResourceBirthAdmission.CheckedBranch.mk	0878e5fa62a8942fbd6d775126dcdecc7ea415ac85c4aab474c993ca6ff47a76	d3444e8206097d5a66bc86e728c50748e4f93b48ab713776b7103ee774132f0a	dea17617b82ee615e3401b2509be98fd3bf369852ac3a05688779e02e013efae	dbc404e570dc0148		{F : Type} → [inst : Field F] → [inst_1 : DecidableEq F] → {profile : Minidregg.Compiler.CanonicalRuntimeProfile.Profile F} → {deployment : Minidregg.Kernel.GrainResourceBirthAdmission.Deployment} → {pins : Minidregg.Theory.ResourceBirth.FactoryPins} → {durable : Minidregg.Kernel.GrainResourceBirthAdmission.Durable} → {ambient : Minidregg.Kernel.GrainResourceBirthAdmission.Ambient} → {tariff : Minidregg.Kernel.GrainResourceBirthAdmission.Tariff} → {source : Minidregg.Kernel.GrainResourceBirthAdmission.Source} → {birth : Minidregg.Compiler.GrainResourceBirthController.PreparedSourceBirth profile.compilerProfile deployment pins durable profile.semantics tariff source} → {grain : Minidregg.Kernel.GrainResourceBirthTransaction.PreparedTargets deployment birth.prepared.pre.directory.directory birth.prepared.pre.authority.snapshot profile.semantics ambient (Minidregg.Compiler.GrainResourceBirthController.Source.grainCommand tariff source)} → {pending : Minidregg.Kernel.GrainResourceBirthAdmission.Pending profile deployment pins durable ambient tariff source birth grain} → {branch : Minidregg.Kernel.GrainResourceBirthAdmission.Branch tariff source} → {credential : Minidregg.Kernel.ResourceBirthPolicyController.Concrete.BranchCredential} → (receipt : Minidregg.Compiler.CredentialSignatureAdmission.CheckedSignature birth.prepared.pre.authority.snapshot) → receipt.envelopeBytes = credential.envelope → Minidregg.Compiler.CanonicalCellRegistry.LoadedPolicySource deployment.domain birth.prepared.pre.directory.directory (birth.prepared.pre.authority.snapshot.authState.policyAddress (Minidregg.Kernel.GrainResourceBirthAdmission.branchRequest birth grain ambient.height branch).snd.policyId (Minidregg.Kernel.GrainResourceBirthAdmission.branchRequest birth grain ambient.height branch).snd.policyRevision) → (dependencies : Minidregg.Compiler.WorldKindLawDependencies.Dependencies) → pending.branchDependencies branch = Option.some dependencies → (lawGuards : List (ℕ × Minidregg.Theory.TypedAuthorization.Digest)) → pending.branchLawGuards branch = Option.some lawGuards → (lawGuards.all fun guard => Decidable.decide (guard.2 = durable.snapshot.model.roots { value := guard.1 })) = Bool.true → (authorization : Minidregg.Theory.TypedAuthorization.Authorized pending.portal birth.prepared.pre.authority.snapshot.authState (Minidregg.Kernel.GrainResourceBirthAdmission.branchRequest birth grain ambient.height branch).snd) → (Minidregg.Kernel.GrainResourceBirthAdmission.requiresCapability branch = Bool.true → authorization.evidence.capabilityValue.isSome = Bool.true) → Minidregg.Kernel.GrainResourceBirthAdmission.CheckedBranch pending branch credential
theorem	Minidregg.Kernel.GrainResourceBirthAdmission.CheckedBranch.modeBound	fa6dfb12c8b64a707249f519ef437ee65eced74ceb8764085ba9bd93cffd333e	8b697e96d6ac790600a14fdffd46437a193c82733727bb887a85d59d3b20c228	6f839c772013ce9bb1c3e9fa0c588255d68109f22af718c18fab6a49879b78cf	0a09da802ca03287	Classical.choice,Quot.sound,propext	∀ {F : Type} [inst : Field F] [inst_1 : DecidableEq F] {profile : Minidregg.Compiler.CanonicalRuntimeProfile.Profile F} {deployment : Minidregg.Kernel.GrainResourceBirthAdmission.Deployment} {pins : Minidregg.Theory.ResourceBirth.FactoryPins} {durable : Minidregg.Kernel.GrainResourceBirthAdmission.Durable} {ambient : Minidregg.Kernel.GrainResourceBirthAdmission.Ambient} {tariff : Minidregg.Kernel.GrainResourceBirthAdmission.Tariff} {source : Minidregg.Kernel.GrainResourceBirthAdmission.Source} {birth : Minidregg.Compiler.GrainResourceBirthController.PreparedSourceBirth profile.compilerProfile deployment pins durable profile.semantics tariff source} {grain : Minidregg.Kernel.GrainResourceBirthTransaction.PreparedTargets deployment birth.prepared.pre.directory.directory birth.prepared.pre.authority.snapshot profile.semantics ambient (Minidregg.Compiler.GrainResourceBirthController.Source.grainCommand tariff source)} {pending : Minidregg.Kernel.GrainResourceBirthAdmission.Pending profile deployment pins durable ambient tariff source birth grain} {branch : Minidregg.Kernel.GrainResourceBirthAdmission.Branch tariff source} {credential : Minidregg.Kernel.ResourceBirthPolicyController.Concrete.BranchCredential} (self : Minidregg.Kernel.GrainResourceBirthAdmission.CheckedBranch pending branch credential), Minidregg.Kernel.GrainResourceBirthAdmission.requiresCapability branch = Bool.true → self.authorization.evidence.capabilityValue.isSome = Bool.true
def	Minidregg.Kernel.GrainResourceBirthAdmission.CheckedBranch.policySource	efa771362ec8ea03be20faf48a11ce1105d35c247522ac6100cb762b2d4a1d88	cd0f3bd4971b8f62a3552ecf09f50fd504a8fc9c4fb64698e561e9f6d5ee3276	01b98797d218159eb0bec4c316e20494ba832e258354da297f6923078a1729ee	b1ba21f8c596c3ef	Classical.choice,Quot.sound,propext	{F : Type} → [inst : Field F] → [inst_1 : DecidableEq F] → {profile : Minidregg.Compiler.CanonicalRuntimeProfile.Profile F} → {deployment : Minidregg.Kernel.GrainResourceBirthAdmission.Deployment} → {pins : Minidregg.Theory.ResourceBirth.FactoryPins} → {durable : Minidregg.Kernel.GrainResourceBirthAdmission.Durable} → {ambient : Minidregg.Kernel.GrainResourceBirthAdmission.Ambient} → {tariff : Minidregg.Kernel.GrainResourceBirthAdmission.Tariff} → {source : Minidregg.Kernel.GrainResourceBirthAdmission.Source} → {birth : Minidregg.Compiler.GrainResourceBirthController.PreparedSourceBirth profile.compilerProfile deployment pins durable profile.semantics tariff source} → {grain : Minidregg.Kernel.GrainResourceBirthTransaction.PreparedTargets deployment birth.prepared.pre.directory.directory birth.prepared.pre.authority.snapshot profile.semantics ambient (Minidregg.Compiler.GrainResourceBirthController.Source.grainCommand tariff source)} → {pending : Minidregg.Kernel.GrainResourceBirthAdmission.Pending profile deployment pins durable ambient tariff source birth grain} → {branch : Minidregg.Kernel.GrainResourceBirthAdmission.Branch tariff source} → {credential : Minidregg.Kernel.ResourceBirthPolicyController.Concrete.BranchCredential} → Minidregg.Kernel.GrainResourceBirthAdmission.CheckedBranch pending branch credential → Minidregg.Compiler.CanonicalCellRegistry.LoadedPolicySource deployment.domain birth.prepared.pre.directory.directory (birth.prepared.pre.authority.snapshot.authState.policyAddress (Minidregg.Kernel.GrainResourceBirthAdmission.branchRequest birth grain ambient.height branch).snd.policyId (Minidregg.Kernel.GrainResourceBirthAdmission.branchRequest birth grain ambient.height branch).snd.policyRevision)
def	Minidregg.Kernel.GrainResourceBirthAdmission.CheckedBranch.receipt	be9d2e0cae7d55e2886a7f171cb5f671eea69b8f5c5aad2801e2115f9ade5abb	a17db2baf937596ed68f04330a3320b0831d2a59daf0ffc6f771e45ab6169c29	06126aa475d2a68fa1f6b63c9dfaaca754a113f8bdb0919381465fff8d1b7746	48e047aec089b5bc	Classical.choice,Quot.sound,propext	{F : Type} → [inst : Field F] → [inst_1 : DecidableEq F] → {profile : Minidregg.Compiler.CanonicalRuntimeProfile.Profile F} → {deployment : Minidregg.Kernel.GrainResourceBirthAdmission.Deployment} → {pins : Minidregg.Theory.ResourceBirth.FactoryPins} → {durable : Minidregg.Kernel.GrainResourceBirthAdmission.Durable} → {ambient : Minidregg.Kernel.GrainResourceBirthAdmission.Ambient} → {tariff : Minidregg.Kernel.GrainResourceBirthAdmission.Tariff} → {source : Minidregg.Kernel.GrainResourceBirthAdmission.Source} → {birth : Minidregg.Compiler.GrainResourceBirthController.PreparedSourceBirth profile.compilerProfile deployment pins durable profile.semantics tariff source} → {grain : Minidregg.Kernel.GrainResourceBirthTransaction.PreparedTargets deployment birth.prepared.pre.directory.directory birth.prepared.pre.authority.snapshot profile.semantics ambient (Minidregg.Compiler.GrainResourceBirthController.Source.grainCommand tariff source)} → {pending : Minidregg.Kernel.GrainResourceBirthAdmission.Pending profile deployment pins durable ambient tariff source birth grain} → {branch : Minidregg.Kernel.GrainResourceBirthAdmission.Branch tariff source} → {credential : Minidregg.Kernel.ResourceBirthPolicyController.Concrete.BranchCredential} → Minidregg.Kernel.GrainResourceBirthAdmission.CheckedBranch pending branch credential → Minidregg.Compiler.CredentialSignatureAdmission.CheckedSignature birth.prepared.pre.authority.snapshot
def	Minidregg.Kernel.GrainResourceBirthAdmission.Deployment	b9c5d698b439bdaaabbce8340f6eae62c701de01ec70d68088cc5e5ff493d67a	89855d392aa192071e8a2b2230d30ecae8fc9de0c15fa6a53f6209226829292a	2ad89ea669a2e2c418664c064702fd51ef0d3ad54f5e146fa6a684ca7a78721c	8a1d1d9935af54c3	-	Type
def	Minidregg.Kernel.GrainResourceBirthAdmission.Durable	c60943b30063bbe4785fd4768a48bede36fe93ccadd86da3bcc16efbb445b881	89855d392aa192071e8a2b2230d30ecae8fc9de0c15fa6a53f6209226829292a	94ea254578a01d286710fed00bdfc6119c8355c8d2ae427ab200908162ffd3ed	6ecd2d3b087f10b6	Classical.choice,Quot.sound,propext	Type
inductive	Minidregg.Kernel.GrainResourceBirthAdmission.Pending	5c13b58086ace2b0f84d4433578769d12a1702a537b72cefcfa4dcfd5163d8dd	5956585804e3a8584ce10754c3a21b28c0b82302f92ce7c78817aa66fdeb6ebf	b855f30e85921e64bb39c9388e24256537391df7dcd37cbe40a17e44a240a537	3a2738b4d7f48ffb		{F : Type} → [inst : Field F] → (profile : Minidregg.Compiler.CanonicalRuntimeProfile.Profile F) → (deployment : Minidregg.Kernel.GrainResourceBirthAdmission.Deployment) → (pins : Minidregg.Theory.ResourceBirth.FactoryPins) → (durable : Minidregg.Kernel.GrainResourceBirthAdmission.Durable) → (ambient : Minidregg.Kernel.GrainResourceBirthAdmission.Ambient) → (tariff : Minidregg.Kernel.GrainResourceBirthAdmission.Tariff) → (source : Minidregg.Kernel.GrainResourceBirthAdmission.Source) → (birth : Minidregg.Compiler.GrainResourceBirthController.PreparedSourceBirth profile.compilerProfile deployment pins durable profile.semantics tariff source) → Minidregg.Kernel.GrainResourceBirthTransaction.PreparedTargets deployment birth.prepared.pre.directory.directory birth.prepared.pre.authority.snapshot profile.semantics ambient (Minidregg.Compiler.GrainResourceBirthController.Source.grainCommand tariff source) → Type
def	Minidregg.Kernel.GrainResourceBirthAdmission.Pending.admitBranch	45edc8d70e9cdf260d07fc0c8684ce7f50b9debc5455aa3dfb862db5d5dea270	eb2e3b0d0e937c79cebd0c1e43e98767dcb81f6e0233599ed44d2ae4b8d4eceb	14121a9ca5e882ddc0826b973fdbb3241b3b0694e9140e7a94bdce24bf12c1ab	296f020ff9116bf0	Classical.choice,Quot.sound,propext	{F : Type} → [inst : Field F] → [inst_1 : DecidableEq F] → {profile : Minidregg.Compiler.CanonicalRuntimeProfile.Profile F} → {deployment : Minidregg.Kernel.GrainResourceBirthAdmission.Deployment} → {pins : Minidregg.Theory.ResourceBirth.FactoryPins} → {durable : Minidregg.Kernel.GrainResourceBirthAdmission.Durable} → {ambient : Minidregg.Kernel.GrainResourceBirthAdmission.Ambient} → {tariff : Minidregg.Kernel.GrainResourceBirthAdmission.Tariff} → {source : Minidregg.Kernel.GrainResourceBirthAdmission.Source} → {birth : Minidregg.Compiler.GrainResourceBirthController.PreparedSourceBirth profile.compilerProfile deployment pins durable profile.semantics tariff source} → {grain : Minidregg.Kernel.GrainResourceBirthTransaction.PreparedTargets deployment birth.prepared.pre.directory.directory birth.prepared.pre.authority.snapshot profile.semantics ambient (Minidregg.Compiler.GrainResourceBirthController.Source.grainCommand tariff source)} → (pending : Minidregg.Kernel.GrainResourceBirthAdmission.Pending profile deployment pins durable ambient tariff source birth grain) → (branch : Minidregg.Kernel.GrainResourceBirthAdmission.Branch tariff source) → (credential : Minidregg.Kernel.ResourceBirthPolicyController.Concrete.BranchCredential) → Minidregg.Compiler.CredentialSignatureAdmission.CheckedSignature birth.prepared.pre.authority.snapshot → Except Minidregg.Kernel.GrainResourceBirthAdmission.Reject (Minidregg.Kernel.GrainResourceBirthAdmission.CheckedBranch pending branch credential)
def	Minidregg.Kernel.GrainResourceBirthAdmission.Pending.admitBranchNative	01ecceb59bc2636db635f479e798ed7c764d3401c71b0019a1bb1f785ee3b713	7728d3332cfb9ab5544f66190bc0d5541fe382b4ad5b4683dd0d38a137716867	5d50a23c1f34f5bc22c1fff2b68b11b8a0ca139843aa716132b4ebec7077a11a	b7044fe945c23823	Classical.choice,Quot.sound,propext	{F : Type} → [inst : Field F] → [inst_1 : DecidableEq F] → {profile : Minidregg.Compiler.CanonicalRuntimeProfile.Profile F} → {deployment : Minidregg.Kernel.GrainResourceBirthAdmission.Deployment} → {pins : Minidregg.Theory.ResourceBirth.FactoryPins} → {durable : Minidregg.Kernel.GrainResourceBirthAdmission.Durable} → {ambient : Minidregg.Kernel.GrainResourceBirthAdmission.Ambient} → {tariff : Minidregg.Kernel.GrainResourceBirthAdmission.Tariff} → {source : Minidregg.Kernel.GrainResourceBirthAdmission.Source} → {birth : Minidregg.Compiler.GrainResourceBirthController.PreparedSourceBirth profile.compilerProfile deployment pins durable profile.semantics tariff source} → {grain : Minidregg.Kernel.GrainResourceBirthTransaction.PreparedTargets deployment birth.prepared.pre.directory.directory birth.prepared.pre.authority.snapshot profile.semantics ambient (Minidregg.Compiler.GrainResourceBirthController.Source.grainCommand tariff source)} → (pending : Minidregg.Kernel.GrainResourceBirthAdmission.Pending profile deployment pins durable ambient tariff source birth grain) → (branch : Minidregg.Kernel.GrainResourceBirthAdmission.Branch tariff source) → Minidregg.Compiler.CredentialSignatureIO.NativeConfig → (credential : Minidregg.Kernel.ResourceBirthPolicyController.Concrete.BranchCredential) → IO (Except Minidregg.Kernel.GrainResourceBirthAdmission.Reject (Minidregg.Kernel.GrainResourceBirthAdmission.CheckedBranch pending branch credential))
theorem	Minidregg.Kernel.GrainResourceBirthAdmission.Pending.bornLineage	01e947fec3041ee129d6c7427fb5b989b4f5c9e467e0906555503184359bc930	9043b42f69981d7214d367bc3a403be23a5870bfc3fc6bb7b2be14715b54203b	859b6feba0c3271c886707ffe0f80b1c0950b7edcdfe08ff8657acf8aa9bb64a	84be3b589b8d84ad	Classical.choice,Quot.sound,propext	∀ {F : Type} [inst : Field F] {profile : Minidregg.Compiler.CanonicalRuntimeProfile.Profile F} {deployment : Minidregg.Kernel.GrainResourceBirthAdmission.Deployment} {pins : Minidregg.Theory.ResourceBirth.FactoryPins} {durable : Minidregg.Kernel.GrainResourceBirthAdmission.Durable} {ambient : Minidregg.Kernel.GrainResourceBirthAdmission.Ambient} {tariff : Minidregg.Kernel.GrainResourceBirthAdmission.Tariff} {source : Minidregg.Kernel.GrainResourceBirthAdmission.Source} {birth : Minidregg.Compiler.GrainResourceBirthController.PreparedSourceBirth profile.compilerProfile deployment pins durable profile.semantics tariff source} {grain : Minidregg.Kernel.GrainResourceBirthTransaction.PreparedTargets deployment birth.prepared.pre.directory.directory birth.prepared.pre.authority.snapshot profile.semantics ambient (Minidregg.Compiler.GrainResourceBirthController.Source.grainCommand tariff source)} (self : Minidregg.Kernel.GrainResourceBirthAdmission.Pending profile deployment pins durable ambient tariff source birth grain), Minidregg.Kernel.ResourceBirthPolicyController.Concrete.BornLineage (Minidregg.Kernel.ResourceBirthPolicyController.Concrete.placementLineage birth.prepared.pre.authority.snapshot.cell) source.birth
def	Minidregg.Kernel.GrainResourceBirthAdmission.Pending.branchConfig	294a6c683eebd2a5cbb4d25c62419a27afe7350c533bf4b4c1f4fb8aac74453a	4b19124cf95ce897b2f68fddeba2f726647d138cd0e3827776c96218dc7a1c47	38f77350322bc8ca5181356caa63b6710a8e59b75af8b287c4e6d646137a8532	2a719fa47bbf069c	Classical.choice,Quot.sound,propext	{F : Type} → [inst : Field F] → [inst_1 : DecidableEq F] → {profile : Minidregg.Compiler.CanonicalRuntimeProfile.Profile F} → {deployment : Minidregg.Kernel.GrainResourceBirthAdmission.Deployment} → {pins : Minidregg.Theory.ResourceBirth.FactoryPins} → {durable : Minidregg.Kernel.GrainResourceBirthAdmission.Durable} → {ambient : Minidregg.Kernel.GrainResourceBirthAdmission.Ambient} → {tariff : Minidregg.Kernel.GrainResourceBirthAdmission.Tariff} → {source : Minidregg.Kernel.GrainResourceBirthAdmission.Source} → {birth : Minidregg.Compiler.GrainResourceBirthController.PreparedSourceBirth profile.compilerProfile deployment pins durable profile.semantics tariff source} → {grain : Minidregg.Kernel.GrainResourceBirthTransaction.PreparedTargets deployment birth.prepared.pre.directory.directory birth.prepared.pre.authority.snapshot profile.semantics ambient (Minidregg.Compiler.GrainResourceBirthController.Source.grainCommand tariff source)} → Minidregg.Kernel.GrainResourceBirthAdmission.Pending profile deployment pins durable ambient tariff source birth grain → Minidregg.Kernel.GrainResourceBirthAdmission.Branch tariff source → Minidregg.Compiler.ComposedPolicyAdmission.Config F
def	Minidregg.Kernel.GrainResourceBirthAdmission.Pending.branchDependencies	d91c8680c6bb6f94572dab84cf1b9675e52f73a7542787fe1565952d3fb46a93	6e67b157f5ce9e518d599d839a44e221d88f48af021b33b40ad3e768252d5ff8	fc1bb0e62ded724e026d9a5fa4b2989b59910e15298e1948631f6f67a25dcb37	cbf8cf38f1489fa2	Classical.choice,Quot.sound,propext	{F : Type} → [inst : Field F] → [DecidableEq F] → {profile : Minidregg.Compiler.CanonicalRuntimeProfile.Profile F} → {deployment : Minidregg.Kernel.GrainResourceBirthAdmission.Deployment} → {pins : Minidregg.Theory.ResourceBirth.FactoryPins} → {durable : Minidregg.Kernel.GrainResourceBirthAdmission.Durable} → {ambient : Minidregg.Kernel.GrainResourceBirthAdmission.Ambient} → {tariff : Minidregg.Kernel.GrainResourceBirthAdmission.Tariff} → {source : Minidregg.Kernel.GrainResourceBirthAdmission.Source} → {birth : Minidregg.Compiler.GrainResourceBirthController.PreparedSourceBirth profile.compilerProfile deployment pins durable profile.semantics tariff source} → {grain : Minidregg.Kernel.GrainResourceBirthTransaction.PreparedTargets deployment birth.prepared.pre.directory.directory birth.prepared.pre.authority.snapshot profile.semantics ambient (Minidregg.Compiler.GrainResourceBirthController.Source.grainCommand tariff source)} → Minidregg.Kernel.GrainResourceBirthAdmission.Pending profile deployment pins durable ambient tariff source birth grain → Minidregg.Kernel.GrainResourceBirthAdmission.Branch tariff source → Option Minidregg.Compiler.WorldKindLawDependencies.Dependencies
def	Minidregg.Kernel.GrainResourceBirthAdmission.Pending.branchLawGuards	8956f25a1f9546c20abeefa96faf0c2dddcd9e0f96fc58ce2b4e6e664a29e3d0	8836198f7cd6732b82fb8bf350ae0aa0b25fdf8e943d4ff4f7b463010ae748a6	ed8e418302ed16bff562cfe9e326ec8017f3624c4ba43e23791124daf2e6491a	17529ae2d54edfd5	Classical.choice,Quot.sound,propext	{F : Type} → [inst : Field F] → [DecidableEq F] → {profile : Minidregg.Compiler.CanonicalRuntimeProfile.Profile F} → {deployment : Minidregg.Kernel.GrainResourceBirthAdmission.Deployment} → {pins : Minidregg.Theory.ResourceBirth.FactoryPins} → {durable : Minidregg.Kernel.GrainResourceBirthAdmission.Durable} → {ambient : Minidregg.Kernel.GrainResourceBirthAdmission.Ambient} → {tariff : Minidregg.Kernel.GrainResourceBirthAdmission.Tariff} → {source : Minidregg.Kernel.GrainResourceBirthAdmission.Source} → {birth : Minidregg.Compiler.GrainResourceBirthController.PreparedSourceBirth profile.compilerProfile deployment pins durable profile.semantics tariff source} → {grain : Minidregg.Kernel.GrainResourceBirthTransaction.PreparedTargets deployment birth.prepared.pre.directory.directory birth.prepared.pre.authority.snapshot profile.semantics ambient (Minidregg.Compiler.GrainResourceBirthController.Source.grainCommand tariff source)} → Minidregg.Kernel.GrainResourceBirthAdmission.Pending profile deployment pins durable ambient tariff source birth grain → Minidregg.Kernel.GrainResourceBirthAdmission.Branch tariff source → Option (List (ℕ × Minidregg.Theory.TypedAuthorization.Digest))
def	Minidregg.Kernel.GrainResourceBirthAdmission.Pending.branchStep	89e4f5ef28fbb56d25c8b067e2f154347d83d9c9db725c01b2d12289bb8e676a	e788a51c2fcca5974e333716fb025429705d330d912b0d6a7b175b3e337e0bac	55ef63d2e063fbc2e683d31c617ade77841792ba4dc6b0c5790f44a023237c86	7b848aef5da5f83b	Classical.choice,Quot.sound,propext	{F : Type} → [inst : Field F] → {profile : Minidregg.Compiler.CanonicalRuntimeProfile.Profile F} → {deployment : Minidregg.Kernel.GrainResourceBirthAdmission.Deployment} → {pins : Minidregg.Theory.ResourceBirth.FactoryPins} → {durable : Minidregg.Kernel.GrainResourceBirthAdmission.Durable} → {ambient : Minidregg.Kernel.GrainResourceBirthAdmission.Ambient} → {tariff : Minidregg.Kernel.GrainResourceBirthAdmission.Tariff} → {source : Minidregg.Kernel.GrainResourceBirthAdmission.Source} → {birth : Minidregg.Compiler.GrainResourceBirthController.PreparedSourceBirth profile.compilerProfile deployment pins durable profile.semantics tariff source} → {grain : Minidregg.Kernel.GrainResourceBirthTransaction.PreparedTargets deployment birth.prepared.pre.directory.directory birth.prepared.pre.authority.snapshot profile.semantics ambient (Minidregg.Compiler.GrainResourceBirthController.Source.grainCommand tariff source)} → Minidregg.Kernel.GrainResourceBirthAdmission.Pending profile deployment pins durable ambient tariff source birth grain → Minidregg.Kernel.GrainResourceBirthAdmission.Branch tariff source → Minidregg.Compiler.CanonicalPolicyAdmission.PolicyStepContext
theorem	Minidregg.Kernel.GrainResourceBirthAdmission.Pending.branchStep_states	00b873ced9a87e23664b505951a592c9cc81abd8832da2bc71187c232c60cd18	00be0875f11c21fd907526555cb8d80ad919b563bc7eb4e6fac3daa3ebf546a4	76c0a47454a54d90ad6d9d7a06eca2aafed6f4e57016d84c20c8c9166409909f	64a9dbe63aebf3fd	Classical.choice,Quot.sound,propext	∀ {F : Type} [inst : Field F] {profile : Minidregg.Compiler.CanonicalRuntimeProfile.Profile F} {deployment : Minidregg.Kernel.GrainResourceBirthAdmission.Deployment} {pins : Minidregg.Theory.ResourceBirth.FactoryPins} {durable : Minidregg.Kernel.GrainResourceBirthAdmission.Durable} {ambient : Minidregg.Kernel.GrainResourceBirthAdmission.Ambient} {tariff : Minidregg.Kernel.GrainResourceBirthAdmission.Tariff} {source : Minidregg.Kernel.GrainResourceBirthAdmission.Source} {birth : Minidregg.Compiler.GrainResourceBirthController.PreparedSourceBirth profile.compilerProfile deployment pins durable profile.semantics tariff source} {grain : Minidregg.Kernel.GrainResourceBirthTransaction.PreparedTargets deployment birth.prepared.pre.directory.directory birth.prepared.pre.authority.snapshot profile.semantics ambient (Minidregg.Compiler.GrainResourceBirthController.Source.grainCommand tariff source)} (pending : Minidregg.Kernel.GrainResourceBirthAdmission.Pending profile deployment pins durable ambient tariff source birth grain) (branch : Minidregg.Kernel.GrainResourceBirthAdmission.Branch tariff source), (pending.branchStep branch).oldState = Minidregg.Kernel.GrainResourceBirthAdmission.project birth grain ambient.height branch pending.tuple.logicalPre ∧ (pending.branchStep branch).newState = Minidregg.Kernel.GrainResourceBirthAdmission.project birth grain ambient.height branch pending.tuple.logicalPost
def	Minidregg.Kernel.GrainResourceBirthAdmission.Pending.branchTuple	ec66fb389098bf5b8b09e08d1c7c03a057a058b7078394d58dd7d7c9ae2368e1	fd5cc7ae57972f8ddf4a35f4f4a05b9b97c9337180c56f77f54816f4b63e451d	55bdda557bc71129b855c8809f29a6b1401008e331275ac5b9e77249901c793a	082b1ba1dfdb73cc	Classical.choice,Quot.sound,propext	{F : Type} → [inst : Field F] → {profile : Minidregg.Compiler.CanonicalRuntimeProfile.Profile F} → {deployment : Minidregg.Kernel.GrainResourceBirthAdmission.Deployment} → {pins : Minidregg.Theory.ResourceBirth.FactoryPins} → {durable : Minidregg.Kernel.GrainResourceBirthAdmission.Durable} → {ambient : Minidregg.Kernel.GrainResourceBirthAdmission.Ambient} → {tariff : Minidregg.Kernel.GrainResourceBirthAdmission.Tariff} → {source : Minidregg.Kernel.GrainResourceBirthAdmission.Source} → {birth : Minidregg.Compiler.GrainResourceBirthController.PreparedSourceBirth profile.compilerProfile deployment pins durable profile.semantics tariff source} → {grain : Minidregg.Kernel.GrainResourceBirthTransaction.PreparedTargets deployment birth.prepared.pre.directory.directory birth.prepared.pre.authority.snapshot profile.semantics ambient (Minidregg.Compiler.GrainResourceBirthController.Source.grainCommand tariff source)} → Minidregg.Kernel.GrainResourceBirthAdmission.Pending profile deployment pins durable ambient tariff source birth grain → Minidregg.Kernel.GrainResourceBirthAdmission.Branch tariff source → Minidregg.Kernel.MultiCellHyperedge.PreparedTuple (Minidregg.Kernel.GrainResourceBirthTransaction.plan birth grain ambient.height)
theorem	Minidregg.Kernel.GrainResourceBirthAdmission.Pending.checked	2684c097905f2499101b50a677ce616a8ae8cb9b4738e213fed624fe76441efc	bd4ee57f0d33106e66efb5d06bf10b806b0608acb16adc3be707d86eafd52a36	32d728723ac875ccd687d9b2549e3f89b97c600110b0da7ceab716c08676949a	58579eb77398ca7c	Classical.choice,Quot.sound,propext	∀ {F : Type} [inst : Field F] {profile : Minidregg.Compiler.CanonicalRuntimeProfile.Profile F} {deployment : Minidregg.Kernel.GrainResourceBirthAdmission.Deployment} {pins : Minidregg.Theory.ResourceBirth.FactoryPins} {durable : Minidregg.Kernel.GrainResourceBirthAdmission.Durable} {ambient : Minidregg.Kernel.GrainResourceBirthAdmission.Ambient} {tariff : Minidregg.Kernel.GrainResourceBirthAdmission.Tariff} {source : Minidregg.Kernel.GrainResourceBirthAdmission.Source} {birth : Minidregg.Compiler.GrainResourceBirthController.PreparedSourceBirth profile.compilerProfile deployment pins durable profile.semantics tariff source} {grain : Minidregg.Kernel.GrainResourceBirthTransaction.PreparedTargets deployment birth.prepared.pre.directory.directory birth.prepared.pre.authority.snapshot profile.semantics ambient (Minidregg.Compiler.GrainResourceBirthController.Source.grainCommand tariff source)} (self : Minidregg.Kernel.GrainResourceBirthAdmission.Pending profile deployment pins durable ambient tariff source birth grain), Minidregg.Kernel.ResourceBirthPolicyController.Checked pins Minidregg.Compiler.CanonicalCellRegistry.sourceEncoding birth.prepared.pre.authority.snapshot.authState source.birth
theorem	Minidregg.Kernel.GrainResourceBirthAdmission.Pending.dispatched_request_exact	333b063a2457dedd4decf3bcbe47f002821e017d637190af6d517ef981ded636	9209099f41865636c8bb9f6dd8ca40c73bab91bf8575e2f31b8b6d6ba60c05ec	315bedb7936f377b04c670301c6254f57fd6e66ceb9d0488340d9d08637022f5	19437f4b030f4e94	Classical.choice,Quot.sound,propext	∀ {F : Type} [inst : Field F] [inst_1 : DecidableEq F] {profile : Minidregg.Compiler.CanonicalRuntimeProfile.Profile F} {deployment : Minidregg.Kernel.GrainResourceBirthAdmission.Deployment} {pins : Minidregg.Theory.ResourceBirth.FactoryPins} {durable : Minidregg.Kernel.GrainResourceBirthAdmission.Durable} {ambient : Minidregg.Kernel.GrainResourceBirthAdmission.Ambient} {tariff : Minidregg.Kernel.GrainResourceBirthAdmission.Tariff} {source : Minidregg.Kernel.GrainResourceBirthAdmission.Source} {birth : Minidregg.Compiler.GrainResourceBirthController.PreparedSourceBirth profile.compilerProfile deployment pins durable profile.semantics tariff source} {grain : Minidregg.Kernel.GrainResourceBirthTransaction.PreparedTargets deployment birth.prepared.pre.directory.directory birth.prepared.pre.authority.snapshot profile.semantics ambient (Minidregg.Compiler.GrainResourceBirthController.Source.grainCommand tariff source)} (pending : Minidregg.Kernel.GrainResourceBirthAdmission.Pending profile deployment pins durable ambient tariff source birth grain) {kind : Minidregg.Theory.TypedAuthorization.ResourceKind} (request : Minidregg.Theory.TypedAuthorization.Request kind) (address : Minidregg.Theory.TypedAuthorization.Digest) (witness : pending.portal.PolicyWitness), pending.portal.verifyCommittedPolicy address request witness = Bool.true → ⟨kind, request⟩ = Minidregg.Kernel.GrainResourceBirthAdmission.branchRequest birth grain ambient.height witness.1 ∧ (pending.branchConfig witness.1).portal.verifyCommittedPolicy address request witness.2 = Bool.true
def	Minidregg.Kernel.GrainResourceBirthAdmission.Pending.liftAuthorization	1b8cdc7d7c188ec45c40c9064a676135404dd78eb3ced4a83d9f9f35e2974529	72a9ff8af97ac7e2621ee315ba9025dedd7b8addec30b0af50ac9fd250825823	25095163d14199559419b43da6b7cb59cf7a38ec647b9701c9b516be502eae76	a44fbedd1de58c61	Classical.choice,Quot.sound,propext	{F : Type} → [inst : Field F] → [inst_1 : DecidableEq F] → {profile : Minidregg.Compiler.CanonicalRuntimeProfile.Profile F} → {deployment : Minidregg.Kernel.GrainResourceBirthAdmission.Deployment} → {pins : Minidregg.Theory.ResourceBirth.FactoryPins} → {durable : Minidregg.Kernel.GrainResourceBirthAdmission.Durable} → {ambient : Minidregg.Kernel.GrainResourceBirthAdmission.Ambient} → {tariff : Minidregg.Kernel.GrainResourceBirthAdmission.Tariff} → {source : Minidregg.Kernel.GrainResourceBirthAdmission.Source} → {birth : Minidregg.Compiler.GrainResourceBirthController.PreparedSourceBirth profile.compilerProfile deployment pins durable profile.semantics tariff source} → {grain : Minidregg.Kernel.GrainResourceBirthTransaction.PreparedTargets deployment birth.prepared.pre.directory.directory birth.prepared.pre.authority.snapshot profile.semantics ambient (Minidregg.Compiler.GrainResourceBirthController.Source.grainCommand tariff source)} → (pending : Minidregg.Kernel.GrainResourceBirthAdmission.Pending profile deployment pins durable ambient tariff source birth grain) → (branch : Minidregg.Kernel.GrainResourceBirthAdmission.Branch tariff source) → Minidregg.Theory.TypedAuthorization.Authorized (pending.branchConfig branch).portal birth.prepared.pre.authority.snapshot.authState (Minidregg.Kernel.GrainResourceBirthAdmission.branchRequest birth grain ambient.height branch).snd → Minidregg.Theory.TypedAuthorization.Authorized pending.portal birth.prepared.pre.authority.snapshot.authState (Minidregg.Kernel.GrainResourceBirthAdmission.branchRequest birth grain ambient.height branch).snd
def	Minidregg.Kernel.GrainResourceBirthAdmission.Pending.liftEvidence	04e4a6da6a1605ba971521345c45052706dcfec80e16570098f7f9bbaf44c5d6	174f8acbb5a23ba6172060699b45d2e49022d06b898e224080c009d01673842b	53cfd3527d7690acf76babd92a4b21fcbee27070e595d559efdddbc9d5dde005	84a6ed3057ebf95d	Classical.choice,Quot.sound,propext	{F : Type} → [inst : Field F] → [inst_1 : DecidableEq F] → {profile : Minidregg.Compiler.CanonicalRuntimeProfile.Profile F} → {deployment : Minidregg.Kernel.GrainResourceBirthAdmission.Deployment} → {pins : Minidregg.Theory.ResourceBirth.FactoryPins} → {durable : Minidregg.Kernel.GrainResourceBirthAdmission.Durable} → {ambient : Minidregg.Kernel.GrainResourceBirthAdmission.Ambient} → {tariff : Minidregg.Kernel.GrainResourceBirthAdmission.Tariff} → {source : Minidregg.Kernel.GrainResourceBirthAdmission.Source} → {birth : Minidregg.Compiler.GrainResourceBirthController.PreparedSourceBirth profile.compilerProfile deployment pins durable profile.semantics tariff source} → {grain : Minidregg.Kernel.GrainResourceBirthTransaction.PreparedTargets deployment birth.prepared.pre.directory.directory birth.prepared.pre.authority.snapshot profile.semantics ambient (Minidregg.Compiler.GrainResourceBirthController.Source.grainCommand tariff source)} → (pending : Minidregg.Kernel.GrainResourceBirthAdmission.Pending profile deployment pins durable ambient tariff source birth grain) → (branch : Minidregg.Kernel.GrainResourceBirthAdmission.Branch tariff source) → {kind : Minidregg.Theory.TypedAuthorization.ResourceKind} → {request : Minidregg.Theory.TypedAuthorization.Request kind} → Minidregg.Theory.TypedAuthorization.Evidence (pending.branchConfig branch).portal birth.prepared.pre.authority.snapshot.authState request → Minidregg.Theory.TypedAuthorization.Evidence pending.portal birth.prepared.pre.authority.snapshot.authState request
theorem	Minidregg.Kernel.GrainResourceBirthAdmission.Pending.physical	02e98f86a6252bbde4b741e0dba36567624a7e929fc7f4515e90ed19274ac918	53ef55b3220b97229ab6efa221b81bb9b87a00bb04b1d4c2daed330f2e803161	942a99156f521816462e49b377f8a3027c43ad7123751c614d4dcd66566fdd8d	8c1f15201fc1dccb	Classical.choice,Quot.sound,propext	∀ {F : Type} [inst : Field F] {profile : Minidregg.Compiler.CanonicalRuntimeProfile.Profile F} {deployment : Minidregg.Kernel.GrainResourceBirthAdmission.Deployment} {pins : Minidregg.Theory.ResourceBirth.FactoryPins} {durable : Minidregg.Kernel.GrainResourceBirthAdmission.Durable} {ambient : Minidregg.Kernel.GrainResourceBirthAdmission.Ambient} {tariff : Minidregg.Kernel.GrainResourceBirthAdmission.Tariff} {source : Minidregg.Kernel.GrainResourceBirthAdmission.Source} {birth : Minidregg.Compiler.GrainResourceBirthController.PreparedSourceBirth profile.compilerProfile deployment pins durable profile.semantics tariff source} {grain : Minidregg.Kernel.GrainResourceBirthTransaction.PreparedTargets deployment birth.prepared.pre.directory.directory birth.prepared.pre.authority.snapshot profile.semantics ambient (Minidregg.Compiler.GrainResourceBirthController.Source.grainCommand tariff source)} (self : Minidregg.Kernel.GrainResourceBirthAdmission.Pending profile deployment pins durable ambient tariff source birth grain), Minidregg.Kernel.GrainResourceBirthTransaction.PhysicalShape birth grain
def	Minidregg.Kernel.GrainResourceBirthAdmission.Pending.portal	f2832522aeda9d9e3be9c4decfe04859036ce6fd1338807d7e48d05c83dd838a	5d1ca08bf9acf4045fe41d804e8b5648a73428072c31deb47d91619a6845e34a	99bf0c7229faa07b12eefed7cc6e09e8ef79883cfe4cc4e51621e1770d9ed463	d8b7989dd17a783c	Classical.choice,Quot.sound,propext	{F : Type} → [inst : Field F] → [DecidableEq F] → {profile : Minidregg.Compiler.CanonicalRuntimeProfile.Profile F} → {deployment : Minidregg.Kernel.GrainResourceBirthAdmission.Deployment} → {pins : Minidregg.Theory.ResourceBirth.FactoryPins} → {durable : Minidregg.Kernel.GrainResourceBirthAdmission.Durable} → {ambient : Minidregg.Kernel.GrainResourceBirthAdmission.Ambient} → {tariff : Minidregg.Kernel.GrainResourceBirthAdmission.Tariff} → {source : Minidregg.Kernel.GrainResourceBirthAdmission.Source} → {birth : Minidregg.Compiler.GrainResourceBirthController.PreparedSourceBirth profile.compilerProfile deployment pins durable profile.semantics tariff source} → {grain : Minidregg.Kernel.GrainResourceBirthTransaction.PreparedTargets deployment birth.prepared.pre.directory.directory birth.prepared.pre.authority.snapshot profile.semantics ambient (Minidregg.Compiler.GrainResourceBirthController.Source.grainCommand tariff source)} → Minidregg.Kernel.GrainResourceBirthAdmission.Pending profile deployment pins durable ambient tariff source birth grain → Minidregg.Theory.TypedAuthorization.Portal
theorem	Minidregg.Kernel.GrainResourceBirthAdmission.Pending.requestsDistinct	83464dc64f7d56721c0dfb045eaaa2b59e3f176d9878de92f28c538e0a14d67f	2491fdbfa64de15474e31d92e856efdc2c0977a22f1ac0e74b5266677af136c0	ed8d49fb8b5397a16dd1ec40ee2cb061648fb21b289ecf156a13b3007d928be1	6db082002bd5d268	Classical.choice,Quot.sound,propext	∀ {F : Type} [inst : Field F] {profile : Minidregg.Compiler.CanonicalRuntimeProfile.Profile F} {deployment : Minidregg.Kernel.GrainResourceBirthAdmission.Deployment} {pins : Minidregg.Theory.ResourceBirth.FactoryPins} {durable : Minidregg.Kernel.GrainResourceBirthAdmission.Durable} {ambient : Minidregg.Kernel.GrainResourceBirthAdmission.Ambient} {tariff : Minidregg.Kernel.GrainResourceBirthAdmission.Tariff} {source : Minidregg.Kernel.GrainResourceBirthAdmission.Source} {birth : Minidregg.Compiler.GrainResourceBirthController.PreparedSourceBirth profile.compilerProfile deployment pins durable profile.semantics tariff source} {grain : Minidregg.Kernel.GrainResourceBirthTransaction.PreparedTargets deployment birth.prepared.pre.directory.directory birth.prepared.pre.authority.snapshot profile.semantics ambient (Minidregg.Compiler.GrainResourceBirthController.Source.grainCommand tariff source)} (self : Minidregg.Kernel.GrainResourceBirthAdmission.Pending profile deployment pins durable ambient tariff source birth grain), Function.Injective (Minidregg.Kernel.GrainResourceBirthAdmission.branchIdentity birth grain ambient.height)
theorem	Minidregg.Kernel.GrainResourceBirthAdmission.Pending.templateBound	dea8d087e423d3e131932318cbe9217dab9e28c8aeade5509767396daff35113	cbe308f697ad9acaa454bef6226abbf03abe9c104507a30abb81f876afed49d1	7e1b0a89df01f7821f455e7e74209914a917d31490e844936f199761f28e9320	1750f76499992fc2	Classical.choice,Quot.sound,propext	∀ {F : Type} [inst : Field F] {profile : Minidregg.Compiler.CanonicalRuntimeProfile.Profile F} {deployment : Minidregg.Kernel.GrainResourceBirthAdmission.Deployment} {pins : Minidregg.Theory.ResourceBirth.FactoryPins} {durable : Minidregg.Kernel.GrainResourceBirthAdmission.Durable} {ambient : Minidregg.Kernel.GrainResourceBirthAdmission.Ambient} {tariff : Minidregg.Kernel.GrainResourceBirthAdmission.Tariff} {source : Minidregg.Kernel.GrainResourceBirthAdmission.Source} {birth : Minidregg.Compiler.GrainResourceBirthController.PreparedSourceBirth profile.compilerProfile deployment pins durable profile.semantics tariff source} {grain : Minidregg.Kernel.GrainResourceBirthTransaction.PreparedTargets deployment birth.prepared.pre.directory.directory birth.prepared.pre.authority.snapshot profile.semantics ambient (Minidregg.Compiler.GrainResourceBirthController.Source.grainCommand tariff source)} (self : Minidregg.Kernel.GrainResourceBirthAdmission.Pending profile deployment pins durable ambient tariff source birth grain), Minidregg.Kernel.ResourceBirthPolicyController.Concrete.TemplateBound profile.template birth.prepared.pre.authority.snapshot.authState ambient.height source.birth
def	Minidregg.Kernel.GrainResourceBirthAdmission.Pending.tuple	7c960cca0c54be6bb97d4d2e2119ba13ae5332887478b57ab81e2826b5255aef	f7198dbd7f0334ec57d319bb34d459c64bd5babb4be065aa7543db1a7ca5f376	e664a3a531f463dbeed9ee7543dd51be969b663dceb27e9528e4025ca7d07f6f	d5ab216ac1ccd538	Classical.choice,Quot.sound,propext	{F : Type} → [inst : Field F] → {profile : Minidregg.Compiler.CanonicalRuntimeProfile.Profile F} → {deployment : Minidregg.Kernel.GrainResourceBirthAdmission.Deployment} → {pins : Minidregg.Theory.ResourceBirth.FactoryPins} → {durable : Minidregg.Kernel.GrainResourceBirthAdmission.Durable} → {ambient : Minidregg.Kernel.GrainResourceBirthAdmission.Ambient} → {tariff : Minidregg.Kernel.GrainResourceBirthAdmission.Tariff} → {source : Minidregg.Kernel.GrainResourceBirthAdmission.Source} → {birth : Minidregg.Compiler.GrainResourceBirthController.PreparedSourceBirth profile.compilerProfile deployment pins durable profile.semantics tariff source} → {grain : Minidregg.Kernel.GrainResourceBirthTransaction.PreparedTargets deployment birth.prepared.pre.directory.directory birth.prepared.pre.authority.snapshot profile.semantics ambient (Minidregg.Compiler.GrainResourceBirthController.Source.grainCommand tariff source)} → Minidregg.Kernel.GrainResourceBirthAdmission.Pending profile deployment pins durable ambient tariff source birth grain → Minidregg.Kernel.MultiCellHyperedge.PreparedTuple (Minidregg.Kernel.GrainResourceBirthTransaction.plan birth grain ambient.height)
def	Minidregg.Kernel.GrainResourceBirthAdmission.PolicyGuardShape	d643f61fdeb2c4fee6796f3b82b7087cdb2dde7eb2a5f48c52435b7920d7add5	05a65f767a4f6e9141a1ea212003159cf88e8068ea16ef19a7129de8bd1e9797	839e52c475e0e4282bac35d054431b0584d97581fd4a3fef20bdbd192accc1b3	ff79ff3e885e4061	Classical.choice,Quot.sound,propext	{F : Type} → [inst : Field F] → [inst_1 : DecidableEq F] → {profile : Minidregg.Compiler.CanonicalRuntimeProfile.Profile F} → {deployment : Minidregg.Kernel.GrainResourceBirthAdmission.Deployment} → {pins : Minidregg.Theory.ResourceBirth.FactoryPins} → {durable : Minidregg.Kernel.GrainResourceBirthAdmission.Durable} → {ambient : Minidregg.Kernel.GrainResourceBirthAdmission.Ambient} → {tariff : Minidregg.Kernel.GrainResourceBirthAdmission.Tariff} → {source : Minidregg.Kernel.GrainResourceBirthAdmission.Source} → {birth : Minidregg.Compiler.GrainResourceBirthController.PreparedSourceBirth profile.compilerProfile deployment pins durable profile.semantics tariff source} → {grain : Minidregg.Kernel.GrainResourceBirthTransaction.PreparedTargets deployment birth.prepared.pre.directory.directory birth.prepared.pre.authority.snapshot profile.semantics ambient (Minidregg.Compiler.GrainResourceBirthController.Source.grainCommand tariff source)} → {pending : Minidregg.Kernel.GrainResourceBirthAdmission.Pending profile deployment pins durable ambient tariff source birth grain} → {ingress : Minidregg.Kernel.GrainResourceBirthPolicyController.DecodedIngress} → (signed : Minidregg.Kernel.GrainResourceBirthAdmission.SignedShape profile deployment tariff source ingress) → ((branch : Minidregg.Kernel.GrainResourceBirthAdmission.Branch tariff source) → Minidregg.Kernel.GrainResourceBirthAdmission.CheckedBranch pending branch (Minidregg.Kernel.GrainResourceBirthAdmission.credentialFor signed branch)) → ((index : Minidregg.Kernel.DeclaredResourceController.TargetIndex (Minidregg.Compiler.GrainResourceBirthController.Source.grainCommand tariff source)) → Minidregg.Kernel.GrainResourceBirthAdmission.ReadLeg birth grain index (Minidregg.Kernel.GrainResourceBirthAdmission.observationEnvelope signed index)) → Prop := fun {F} [Field F] [DecidableEq F] {profile} {deployment} {pins} {durable} {ambient} {tariff} {source} {birth} {grain} {pending} {ingress} signed checked observations => (∀ guard ∈ Minidregg.Kernel.GrainResourceBirthAdmission.policySourceGuards signed checked observations, guard.cellId ∉ List.map Minidregg.Kernel.DurableDataIntent.DataWrite.cellId (Minidregg.Kernel.GrainResourceBirthTransaction.writes birth grain)) ∧ ∀ guard ∈ Minidregg.Kernel.GrainResourceBirthAdmission.policySourceGuards signed checked observations, guard.expectedRoot = durable.snapshot.model.roots guard.cellId
inductive	Minidregg.Kernel.GrainResourceBirthAdmission.ReadLeg	c8b855b34567230d8dbc98aeeb9a8444e3fde488d61bc03c1edcdf3ae226abf8	992106968abf09c61999aabf93721198cadd8d67548e39f66e12116288e21354	68f27c5bb3cf6d92a10ce4e56deddf6974fe27ab91b43b4f661eed57e14d3e86	d4e57bc5b28825b4		{F : Type} → [inst : Field F] → [DecidableEq F] → {profile : Minidregg.Compiler.CanonicalRuntimeProfile.Profile F} → {deployment : Minidregg.Kernel.GrainResourceBirthAdmission.Deployment} → {pins : Minidregg.Theory.ResourceBirth.FactoryPins} → {durable : Minidregg.Kernel.GrainResourceBirthAdmission.Durable} → {ambient : Minidregg.Kernel.GrainResourceBirthAdmission.Ambient} → {tariff : Minidregg.Kernel.GrainResourceBirthAdmission.Tariff} → {source : Minidregg.Kernel.GrainResourceBirthAdmission.Source} → (birth : Minidregg.Compiler.GrainResourceBirthController.PreparedSourceBirth profile.compilerProfile deployment pins durable profile.semantics tariff source) → Minidregg.Kernel.GrainResourceBirthTransaction.PreparedTargets deployment birth.prepared.pre.directory.directory birth.prepared.pre.authority.snapshot profile.semantics ambient (Minidregg.Compiler.GrainResourceBirthController.Source.grainCommand tariff source) → Minidregg.Kernel.DeclaredResourceController.TargetIndex (Minidregg.Compiler.GrainResourceBirthController.Source.grainCommand tariff source) → List UInt8 → Type
theorem	Minidregg.Kernel.GrainResourceBirthAdmission.ReadLeg.capabilityPresent	418a055f2d37a0bd9c18c3dee0098a8b3b5ea78b14d8b84307fc7b1f09840ac3	e24e60bc1ef02f087d2a63e89e451689587b98e06679c06b8aa76ff839cf33eb	9e1a1ee6dbf25455dc575f5ff35a1d7ddefe7fd633d291d3e001348b80bae398	95c07480faf09449	Classical.choice,Quot.sound,propext	∀ {F : Type} [inst : Field F] [inst_1 : DecidableEq F] {profile : Minidregg.Compiler.CanonicalRuntimeProfile.Profile F} {deployment : Minidregg.Kernel.GrainResourceBirthAdmission.Deployment} {pins : Minidregg.Theory.ResourceBirth.FactoryPins} {durable : Minidregg.Kernel.GrainResourceBirthAdmission.Durable} {ambient : Minidregg.Kernel.GrainResourceBirthAdmission.Ambient} {tariff : Minidregg.Kernel.GrainResourceBirthAdmission.Tariff} {source : Minidregg.Kernel.GrainResourceBirthAdmission.Source} {birth : Minidregg.Compiler.GrainResourceBirthController.PreparedSourceBirth profile.compilerProfile deployment pins durable profile.semantics tariff source} {grain : Minidregg.Kernel.GrainResourceBirthTransaction.PreparedTargets deployment birth.prepared.pre.directory.directory birth.prepared.pre.authority.snapshot profile.semantics ambient (Minidregg.Compiler.GrainResourceBirthController.Source.grainCommand tariff source)} {index : Minidregg.Kernel.DeclaredResourceController.TargetIndex (Minidregg.Compiler.GrainResourceBirthController.Source.grainCommand tariff source)} {envelope : List UInt8} (self : Minidregg.Kernel.GrainResourceBirthAdmission.ReadLeg birth grain index envelope), (Minidregg.Compiler.GrainResourceBirthController.Source.grainCommand tariff source).targets[index].observeCapability.isSome = Bool.true
def	Minidregg.Kernel.GrainResourceBirthAdmission.ReadLeg.checked	960315a73cb9035134efd053d4343595632253ebc158ebb7038b19422a95df56	f1fc0de8da6ad5f4ab2099e13139da2e425c49350d3ae31dc92107c0d8467660	8d9659d3d1faac9f61905f611cc859c0c83ffcddb55b5a144c0bf20236e6ab67	010c1b274f3074ff	Classical.choice,Quot.sound,propext	{F : Type} → [inst : Field F] → [inst_1 : DecidableEq F] → {profile : Minidregg.Compiler.CanonicalRuntimeProfile.Profile F} → {deployment : Minidregg.Kernel.GrainResourceBirthAdmission.Deployment} → {pins : Minidregg.Theory.ResourceBirth.FactoryPins} → {durable : Minidregg.Kernel.GrainResourceBirthAdmission.Durable} → {ambient : Minidregg.Kernel.GrainResourceBirthAdmission.Ambient} → {tariff : Minidregg.Kernel.GrainResourceBirthAdmission.Tariff} → {source : Minidregg.Kernel.GrainResourceBirthAdmission.Source} → {birth : Minidregg.Compiler.GrainResourceBirthController.PreparedSourceBirth profile.compilerProfile deployment pins durable profile.semantics tariff source} → {grain : Minidregg.Kernel.GrainResourceBirthTransaction.PreparedTargets deployment birth.prepared.pre.directory.directory birth.prepared.pre.authority.snapshot profile.semantics ambient (Minidregg.Compiler.GrainResourceBirthController.Source.grainCommand tariff source)} → {index : Minidregg.Kernel.DeclaredResourceController.TargetIndex (Minidregg.Compiler.GrainResourceBirthController.Source.grainCommand tariff source)} → {envelope : List UInt8} → (self : Minidregg.Kernel.GrainResourceBirthAdmission.ReadLeg birth grain index envelope) → Minidregg.Kernel.ResourceObservationAdmission.Checked self.selected envelope
def	Minidregg.Kernel.GrainResourceBirthAdmission.ReadLeg.lawGuards	7b0788eacf95ec677b63c50c159eb87e7c602b68eeb67703e7e8414e14b64072	01cddce76dc540ed0561aa7598bd3625aba6a4195c7f566190670fa150f0e65f	4502845d83628291edef1f3a83906132296e057fa3b8d970254bbd6a942ece7c	3809cd1626f9e196	Classical.choice,Quot.sound,propext	{F : Type} → [inst : Field F] → [inst_1 : DecidableEq F] → {profile : Minidregg.Compiler.CanonicalRuntimeProfile.Profile F} → {deployment : Minidregg.Kernel.GrainResourceBirthAdmission.Deployment} → {pins : Minidregg.Theory.ResourceBirth.FactoryPins} → {durable : Minidregg.Kernel.GrainResourceBirthAdmission.Durable} → {ambient : Minidregg.Kernel.GrainResourceBirthAdmission.Ambient} → {tariff : Minidregg.Kernel.GrainResourceBirthAdmission.Tariff} → {source : Minidregg.Kernel.GrainResourceBirthAdmission.Source} → {birth : Minidregg.Compiler.GrainResourceBirthController.PreparedSourceBirth profile.compilerProfile deployment pins durable profile.semantics tariff source} → {grain : Minidregg.Kernel.GrainResourceBirthTransaction.PreparedTargets deployment birth.prepared.pre.directory.directory birth.prepared.pre.authority.snapshot profile.semantics ambient (Minidregg.Compiler.GrainResourceBirthController.Source.grainCommand tariff source)} → {index : Minidregg.Kernel.DeclaredResourceController.TargetIndex (Minidregg.Compiler.GrainResourceBirthController.Source.grainCommand tariff source)} → {envelope : List UInt8} → Minidregg.Kernel.GrainResourceBirthAdmission.ReadLeg birth grain index envelope → List (ℕ × Minidregg.Theory.TypedAuthorization.Digest)
theorem	Minidregg.Kernel.GrainResourceBirthAdmission.ReadLeg.lawGuardsBound	5fc511ec0fce4d95044bbcd4f3caad0e55d3b3508ba8fd38a8a1d6b3f4b66e61	dc803673306c708136e0c76e895ee743d02589a13e5e9c81ba4e2307b4904b91	32c77e50c2db40f2b51728e67ce15559a815ce87c2aef21e3a981d8510692f9b	24ba28d8a2206b68	Classical.choice,Quot.sound,propext	∀ {F : Type} [inst : Field F] [inst_1 : DecidableEq F] {profile : Minidregg.Compiler.CanonicalRuntimeProfile.Profile F} {deployment : Minidregg.Kernel.GrainResourceBirthAdmission.Deployment} {pins : Minidregg.Theory.ResourceBirth.FactoryPins} {durable : Minidregg.Kernel.GrainResourceBirthAdmission.Durable} {ambient : Minidregg.Kernel.GrainResourceBirthAdmission.Ambient} {tariff : Minidregg.Kernel.GrainResourceBirthAdmission.Tariff} {source : Minidregg.Kernel.GrainResourceBirthAdmission.Source} {birth : Minidregg.Compiler.GrainResourceBirthController.PreparedSourceBirth profile.compilerProfile deployment pins durable profile.semantics tariff source} {grain : Minidregg.Kernel.GrainResourceBirthTransaction.PreparedTargets deployment birth.prepared.pre.directory.directory birth.prepared.pre.authority.snapshot profile.semantics ambient (Minidregg.Compiler.GrainResourceBirthController.Source.grainCommand tariff source)} {index : Minidregg.Kernel.DeclaredResourceController.TargetIndex (Minidregg.Compiler.GrainResourceBirthController.Source.grainCommand tariff source)} {envelope : List UInt8} (self : Minidregg.Kernel.GrainResourceBirthAdmission.ReadLeg birth grain index envelope), (self.lawGuards.all fun guard => Decidable.decide (guard.2 = durable.snapshot.model.roots { value := guard.1 })) = Bool.true
theorem	Minidregg.Kernel.GrainResourceBirthAdmission.ReadLeg.lawGuardsExact	c3128646ef230a7e51616f5ce03e04f23b6c5c00d771cf0626ef512fba0a62e1	a4cd49800c92c275309a41ebe54b200a1a6e47edfeeaa753de0b0f6daf578fb0	296455abb36446215c1210bbba1c074660c9b3b37e369b20385360936cf8d95f	af12c87c8cdf5a38	Classical.choice,Quot.sound,propext	∀ {F : Type} [inst : Field F] [inst_1 : DecidableEq F] {profile : Minidregg.Compiler.CanonicalRuntimeProfile.Profile F} {deployment : Minidregg.Kernel.GrainResourceBirthAdmission.Deployment} {pins : Minidregg.Theory.ResourceBirth.FactoryPins} {durable : Minidregg.Kernel.GrainResourceBirthAdmission.Durable} {ambient : Minidregg.Kernel.GrainResourceBirthAdmission.Ambient} {tariff : Minidregg.Kernel.GrainResourceBirthAdmission.Tariff} {source : Minidregg.Kernel.GrainResourceBirthAdmission.Source} {birth : Minidregg.Compiler.GrainResourceBirthController.PreparedSourceBirth profile.compilerProfile deployment pins durable profile.semantics tariff source} {grain : Minidregg.Kernel.GrainResourceBirthTransaction.PreparedTargets deployment birth.prepared.pre.directory.directory birth.prepared.pre.authority.snapshot profile.semantics ambient (Minidregg.Compiler.GrainResourceBirthController.Source.grainCommand tariff source)} {index : Minidregg.Kernel.DeclaredResourceController.TargetIndex (Minidregg.Compiler.GrainResourceBirthController.Source.grainCommand tariff source)} {envelope : List UInt8} (self : Minidregg.Kernel.GrainResourceBirthAdmission.ReadLeg birth grain index envelope), Minidregg.Kernel.ResourceObservationAdmission.lawReadGuards self.selected = Option.some self.lawGuards
ctor	Minidregg.Kernel.GrainResourceBirthAdmission.ReadLeg.mk	a8d64c2af51015624fcf9cc81677457747f0a4dd29884757e9b4021c223dfaa1	d65dd185bb36ca81ee954af93f45e00502cc4b9740a9eed54b3bfdee2845406c	bd77af3c1f07183ca31d31e446c383d45772bef2f6c32e78ef7ebc34410925a9	216a9cfceea49501		{F : Type} → [inst : Field F] → [inst_1 : DecidableEq F] → {profile : Minidregg.Compiler.CanonicalRuntimeProfile.Profile F} → {deployment : Minidregg.Kernel.GrainResourceBirthAdmission.Deployment} → {pins : Minidregg.Theory.ResourceBirth.FactoryPins} → {durable : Minidregg.Kernel.GrainResourceBirthAdmission.Durable} → {ambient : Minidregg.Kernel.GrainResourceBirthAdmission.Ambient} → {tariff : Minidregg.Kernel.GrainResourceBirthAdmission.Tariff} → {source : Minidregg.Kernel.GrainResourceBirthAdmission.Source} → {birth : Minidregg.Compiler.GrainResourceBirthController.PreparedSourceBirth profile.compilerProfile deployment pins durable profile.semantics tariff source} → {grain : Minidregg.Kernel.GrainResourceBirthTransaction.PreparedTargets deployment birth.prepared.pre.directory.directory birth.prepared.pre.authority.snapshot profile.semantics ambient (Minidregg.Compiler.GrainResourceBirthController.Source.grainCommand tariff source)} → {index : Minidregg.Kernel.DeclaredResourceController.TargetIndex (Minidregg.Compiler.GrainResourceBirthController.Source.grainCommand tariff source)} → {envelope : List UInt8} → (Minidregg.Compiler.GrainResourceBirthController.Source.grainCommand tariff source).targets[index].observeCapability.isSome = Bool.true → (selected : Minidregg.Kernel.ResourceObservationAdmission.Prepared (Minidregg.Kernel.GrainResourceBirthAdmission.readContext birth) profile (Minidregg.Kernel.GrainResourceBirthAdmission.readRequest birth grain index) (Minidregg.Kernel.GrainResourceBirthAdmission.useMarker profile deployment tariff source) ((Minidregg.Compiler.GrainResourceBirthController.Source.grainCommand tariff source).targets[index].observeCapability.getD { value := 0 }) (Minidregg.Kernel.DeclaredResourceController.commandCodec.encode (Minidregg.Compiler.GrainResourceBirthController.Source.grainCommand tariff source))) → Minidregg.Kernel.ResourceObservationAdmission.Checked selected envelope → (lawGuards : List (ℕ × Minidregg.Theory.TypedAuthorization.Digest)) → Minidregg.Kernel.ResourceObservationAdmission.lawReadGuards selected = Option.some lawGuards → (lawGuards.all fun guard => Decidable.decide (guard.2 = durable.snapshot.model.roots { value := guard.1 })) = Bool.true → Minidregg.Kernel.GrainResourceBirthAdmission.ReadLeg birth grain index envelope
def	Minidregg.Kernel.GrainResourceBirthAdmission.ReadLeg.selected	da2d9bf59a9353295f1a4fc44d35fa3e4347ca2f83543fb28bb659555ed15f64	896c2b4bf5342ffabe03cfeb6744b97127f79a8d1d17abe9666030995c39b03e	3e99748c65cfc6e28aae8d25450ea8cc618321d98afe766c0a7b10be756bb4ed	210f7a1e09890040	Classical.choice,Quot.sound,propext	{F : Type} → [inst : Field F] → [inst_1 : DecidableEq F] → {profile : Minidregg.Compiler.CanonicalRuntimeProfile.Profile F} → {deployment : Minidregg.Kernel.GrainResourceBirthAdmission.Deployment} → {pins : Minidregg.Theory.ResourceBirth.FactoryPins} → {durable : Minidregg.Kernel.GrainResourceBirthAdmission.Durable} → {ambient : Minidregg.Kernel.GrainResourceBirthAdmission.Ambient} → {tariff : Minidregg.Kernel.GrainResourceBirthAdmission.Tariff} → {source : Minidregg.Kernel.GrainResourceBirthAdmission.Source} → {birth : Minidregg.Compiler.GrainResourceBirthController.PreparedSourceBirth profile.compilerProfile deployment pins durable profile.semantics tariff source} → {grain : Minidregg.Kernel.GrainResourceBirthTransaction.PreparedTargets deployment birth.prepared.pre.directory.directory birth.prepared.pre.authority.snapshot profile.semantics ambient (Minidregg.Compiler.GrainResourceBirthController.Source.grainCommand tariff source)} → {index : Minidregg.Kernel.DeclaredResourceController.TargetIndex (Minidregg.Compiler.GrainResourceBirthController.Source.grainCommand tariff source)} → {envelope : List UInt8} → Minidregg.Kernel.GrainResourceBirthAdmission.ReadLeg birth grain index envelope → Minidregg.Kernel.ResourceObservationAdmission.Prepared (Minidregg.Kernel.GrainResourceBirthAdmission.readContext birth) profile (Minidregg.Kernel.GrainResourceBirthAdmission.readRequest birth grain index) (Minidregg.Kernel.GrainResourceBirthAdmission.useMarker profile deployment tariff source) ((Minidregg.Compiler.GrainResourceBirthController.Source.grainCommand tariff source).targets[index].observeCapability.getD { value := 0 }) (Minidregg.Kernel.DeclaredResourceController.commandCodec.encode (Minidregg.Compiler.GrainResourceBirthController.Source.grainCommand tariff source))
inductive	Minidregg.Kernel.GrainResourceBirthAdmission.Reject	5182b1c8bb98896b21480c0ac50e330bbebcb15fc8cbe674d4407c0fa1361914	16946b93ac38405660f51e475eb5aa7d25b54f5e5677e0f6a10a4526cc071cbf	ddd68b912add20a6b131d369f79a8886a500f26e02774060d1541efd2a72bfd6	b426ea175df2fa23		Type
ctor	Minidregg.Kernel.GrainResourceBirthAdmission.Reject.ambiguousRequests	74887cede2cd56120d628e5f70d41f684bbee8ec9ef7a2817b2f98159d153c88	16090df23ae4d2e6bec918a2658fc288aa30de93753d24ced8e367a9618c0fd9	8e186e81b83d244175470716f2077d52bf443dbcc2d535e8b64ff565f2a5f76d	58dec2273c182898		Minidregg.Kernel.GrainResourceBirthAdmission.Reject
def	Minidregg.Kernel.GrainResourceBirthAdmission.Reject.ambiguousRequests.elim	e82a285cf535470ed28c285df735dcffad2c941e0bac5f18978a42e490f1019e	13123ef84917fe06311f0129f75df6637b6bfe0fa99d6fecaed43ca27e22eea6	2d6e7a621a617686131c4a97a79da6b006d57fa8cfd4c75e0ce26a3f03c6a064	7b1b3a82c9cd7e49	-	{motive : Minidregg.Kernel.GrainResourceBirthAdmission.Reject → Sort u} → (t : Minidregg.Kernel.GrainResourceBirthAdmission.Reject) → t.ctorIdx = 3 → motive Minidregg.Kernel.GrainResourceBirthAdmission.Reject.ambiguousRequests → motive t
ctor	Minidregg.Kernel.GrainResourceBirthAdmission.Reject.capability	5989f3499a81dfe0d148f708a45b4e5aee53da15ba1627ec50bccad696296a64	16090df23ae4d2e6bec918a2658fc288aa30de93753d24ced8e367a9618c0fd9	8a0143996c5546e90f3997163d07f84c6c63ba985cc0c84f9bfc2b4b78d8801b	76d14eac2443ecdc		Minidregg.Kernel.GrainResourceBirthAdmission.Reject
def	Minidregg.Kernel.GrainResourceBirthAdmission.Reject.capability.elim	b66eb36fe0df4dc7c571ec43ca25a6812d6c6356950adeb54e72e4da2e2baa20	a9b59936b1015143450f4bc2669a04842d06a14220700cae09a091caba007871	8018c1a3efb4d96890438d2024a854cd05eb95ffb9a3694a322d6fcce260d43b	732f416f57bfbe62	-	{motive : Minidregg.Kernel.GrainResourceBirthAdmission.Reject → Sort u} → (t : Minidregg.Kernel.GrainResourceBirthAdmission.Reject) → t.ctorIdx = 4 → motive Minidregg.Kernel.GrainResourceBirthAdmission.Reject.capability → motive t
ctor	Minidregg.Kernel.GrainResourceBirthAdmission.Reject.credentialShape	26d8396b99660818a8e5ed97c653d6dd36dae2c29c8e690d87264d39c9736cb6	16090df23ae4d2e6bec918a2658fc288aa30de93753d24ced8e367a9618c0fd9	c2d9e5348eb2258f74640509d587e0e0caeb52186873063156deac67ad1d9df6	17b9d31e60660cf1		Minidregg.Kernel.GrainResourceBirthAdmission.Reject
def	Minidregg.Kernel.GrainResourceBirthAdmission.Reject.credentialShape.elim	9cac849857ccc3e60f42aac680dc71853a631b97acc01247a7e4f16056ec3ef9	aa6802b65fa5e6884bdcf6ce7ea2e48fef47fb0fb8a73a2af492031866199d34	d45824bc0985e6d0527e2c01342c9450290535824d6476ef96830f41f9d33e5b	50f4ed4cf8672f84	-	{motive : Minidregg.Kernel.GrainResourceBirthAdmission.Reject → Sort u} → (t : Minidregg.Kernel.GrainResourceBirthAdmission.Reject) → t.ctorIdx = 5 → motive Minidregg.Kernel.GrainResourceBirthAdmission.Reject.credentialShape → motive t
ctor	Minidregg.Kernel.GrainResourceBirthAdmission.Reject.metadata	7bf4bb614be3c233d88bbd9add0ed10de8c353e4e084f6361a748884086a2491	85e7965d9b3b110fda1c6336eed1006c6857db601fc43f8daca78cb00927a09c	98c0f631629c42b0f579219fbb0b585fe4f2a0d1b0ed094f08dd028024c81594	d157f1f3e38f86de		Minidregg.Kernel.ResourceBirthPolicyController.Reject → Minidregg.Kernel.GrainResourceBirthAdmission.Reject
def	Minidregg.Kernel.GrainResourceBirthAdmission.Reject.metadata.elim	688a9d6d4d3a07fb015a4fcf1524fea0a0d525fe41e97c914eb7dfd21d731292	201cbf3c685388a5eed9acec160de32920d623dab25d044b155b08823dcc89f3	33678b8ff57c254cee97f72c52f668333c0a08032e15f98acc2d71d8785c405a	bc2368b276f24cb9	-	{motive : Minidregg.Kernel.GrainResourceBirthAdmission.Reject → Sort u} → (t : Minidregg.Kernel.GrainResourceBirthAdmission.Reject) → t.ctorIdx = 2 → ((reason : Minidregg.Kernel.ResourceBirthPolicyController.Reject) → motive (Minidregg.Kernel.GrainResourceBirthAdmission.Reject.metadata reason)) → motive t
ctor	Minidregg.Kernel.GrainResourceBirthAdmission.Reject.nativeSignature	eef637f09d0f4e027a754495e74ef9141bdefaa010ffdeeaeb703579ca8373a7	ce6d2daf78baffda4e277913a50c56922856ea27f2306776b578520306dfa2ee	c908985f6546329bbc80046bc7d8231389bb8f3300b18bebfd08281353414df5	072ffdd3df877410		Minidregg.Compiler.CredentialSignatureAdmission.Reject → Minidregg.Kernel.GrainResourceBirthAdmission.Reject
def	Minidregg.Kernel.GrainResourceBirthAdmission.Reject.nativeSignature.elim	406b43f00fffa5a30c0a880ffc84b27e420d2b6a9d4f3453c0275b6b895e06e9	f75ee9585c83804db3d32790570d546cc3860bd613bd7d6749f6753a5956c07d	efc9cbfdc5bfd0a49f6f00be38e7ad9f6bab6b9a59912b3d39fe566f0d02dabe	03ce5d507565fbfc	-	{motive : Minidregg.Kernel.GrainResourceBirthAdmission.Reject → Sort u} → (t : Minidregg.Kernel.GrainResourceBirthAdmission.Reject) → t.ctorIdx = 6 → ((reason : Minidregg.Compiler.CredentialSignatureAdmission.Reject) → motive (Minidregg.Kernel.GrainResourceBirthAdmission.Reject.nativeSignature reason)) → motive t
ctor	Minidregg.Kernel.GrainResourceBirthAdmission.Reject.neutralBirthUnjudged	cb9e0ae1bc3651a344aab62923dcb89bbbfa86496be5cf93b3d4b5cb74b2ed1b	69cd228972206cfe2f4d0182cce29d44bfd00c5fcdb199c1c4a7dc731619ddc6	01d6e4f752de664b66b7a55f17aa97428863a542c7b58d26c10b7d9698fd85d2	9756f9130fe76452		ℕ → Minidregg.Kernel.GrainResourceBirthAdmission.Reject
def	Minidregg.Kernel.GrainResourceBirthAdmission.Reject.neutralBirthUnjudged.elim	906804d27cf3d95bec8555a910087f35cafeec612e6a5c1140e81940416bc53e	71f451f124a4c82793c0aece098cdce1c45e6c781b29e069be61e09e6df6e8c0	3c5613d9e10ddabe422f1e5edd8621da8e37db341c9bf7081be00147d18f2a08	61dfe58c49e4be12	-	{motive : Minidregg.Kernel.GrainResourceBirthAdmission.Reject → Sort u} → (t : Minidregg.Kernel.GrainResourceBirthAdmission.Reject) → t.ctorIdx = 13 → ((cell : ℕ) → motive (Minidregg.Kernel.GrainResourceBirthAdmission.Reject.neutralBirthUnjudged cell)) → motive t
ctor	Minidregg.Kernel.GrainResourceBirthAdmission.Reject.physical	00448dfcd31680a9babea9fb54294f2d0145903630134d70efc6adea71afe490	16090df23ae4d2e6bec918a2658fc288aa30de93753d24ced8e367a9618c0fd9	52c379bd3e776d3edf67e5fa0377ba143e55250a1bd47c3a7ee35a517b8883a9	7a5284e0a4675175		Minidregg.Kernel.GrainResourceBirthAdmission.Reject
def	Minidregg.Kernel.GrainResourceBirthAdmission.Reject.physical.elim	0f9b307c26daeeaaad800890647f809a20469d4924d1e376a467eddbe28c1349	f2ffc99042dce6d31616d48181d1b7552fde2e6d118452687de462f507bf0ec5	0f40a4e8fe95732c4f5d5aea6977e9ce5fc3b827c2eb61a28349808caeb35fdf	829948427c1315a5	-	{motive : Minidregg.Kernel.GrainResourceBirthAdmission.Reject → Sort u} → (t : Minidregg.Kernel.GrainResourceBirthAdmission.Reject) → t.ctorIdx = 1 → motive Minidregg.Kernel.GrainResourceBirthAdmission.Reject.physical → motive t
ctor	Minidregg.Kernel.GrainResourceBirthAdmission.Reject.policyCastAlias	200f3ab4e6c5cd98b1cb26d2c031b66aac74de099d91ce835642a3d4edfe8e95	16090df23ae4d2e6bec918a2658fc288aa30de93753d24ced8e367a9618c0fd9	1ffa104d541ad568af368f05405bded1473be15ace988d3dc2b3541a572be47f	56da4a78d73a4888		Minidregg.Kernel.GrainResourceBirthAdmission.Reject
def	Minidregg.Kernel.GrainResourceBirthAdmission.Reject.policyCastAlias.elim	cfa7563c50e9f686e358e60f5ea1342f2037f63a08c857a0def0ace817c3be2f	988e42449b646aa4edad2ddea7b98796cabf4f8c6324567e9a26987ea6350d37	e1b05cc1de56144ffa2c8987191efca5ce038d517b6eacdd2824c566d1ca6d59	2a40d266bf7add24	-	{motive : Minidregg.Kernel.GrainResourceBirthAdmission.Reject → Sort u} → (t : Minidregg.Kernel.GrainResourceBirthAdmission.Reject) → t.ctorIdx = 11 → motive Minidregg.Kernel.GrainResourceBirthAdmission.Reject.policyCastAlias → motive t
ctor	Minidregg.Kernel.GrainResourceBirthAdmission.Reject.policyInputRange	d1de8063355fd8b005596287ffa7fe52810efd827563d949e7a8a838c40f6e12	16090df23ae4d2e6bec918a2658fc288aa30de93753d24ced8e367a9618c0fd9	532270f92add338adf680b0836b37abfe96c830a99c393efa5728fb3297e00be	e8d049603632164c		Minidregg.Kernel.GrainResourceBirthAdmission.Reject
def	Minidregg.Kernel.GrainResourceBirthAdmission.Reject.policyInputRange.elim	6b1c951e976835f9c2cacc03a4e6ae9df16f8d6906519df1d82089df4984f348	a4c5cb8f24f153c08907b484f96c8ac6dcb5cb987a261ce90422ec44356aa4ff	23e2a326ea856bdb4110ae3d83e2cbd831d3687d1eb4e4b0e5552f672630584b	ae4353297b33dc55	-	{motive : Minidregg.Kernel.GrainResourceBirthAdmission.Reject → Sort u} → (t : Minidregg.Kernel.GrainResourceBirthAdmission.Reject) → t.ctorIdx = 10 → motive Minidregg.Kernel.GrainResourceBirthAdmission.Reject.policyInputRange → motive t
ctor	Minidregg.Kernel.GrainResourceBirthAdmission.Reject.policyRejected	fac59aec465fbe5fbdc6718e9de6abe71ea84a3698ccd019f7aa45e2ed8047a5	16090df23ae4d2e6bec918a2658fc288aa30de93753d24ced8e367a9618c0fd9	18f0eb9fcd39c3cf984c03b90833f84226cc6a7fc2e53c8ade88c18a1912115c	b26f5fd222ff4289		Minidregg.Kernel.GrainResourceBirthAdmission.Reject
def	Minidregg.Kernel.GrainResourceBirthAdmission.Reject.policyRejected.elim	0d6b047eb18e287d0fca6013cba27cd364659b60f87a3b54638eda054de7aabe	1600cda1b8615200b5f0f6fdd1dbd9fcd7238180491d7b7b2c36134dd6ee21a7	556cb9e2299c7fb08265d5e01cb2a35094d7c804fed970839fc642983cbfc501	b61c7b3023ac87d3	-	{motive : Minidregg.Kernel.GrainResourceBirthAdmission.Reject → Sort u} → (t : Minidregg.Kernel.GrainResourceBirthAdmission.Reject) → t.ctorIdx = 12 → motive Minidregg.Kernel.GrainResourceBirthAdmission.Reject.policyRejected → motive t
ctor	Minidregg.Kernel.GrainResourceBirthAdmission.Reject.policySourceConflict	e62719f0a88945b8944692c7ec262aa1f1937b31c73dbee2ee22cc098fb5b2e7	16090df23ae4d2e6bec918a2658fc288aa30de93753d24ced8e367a9618c0fd9	ee559b6cb30b48c4b4c063ea33b48b0f6adfec2e17ee476f2b43467def58bbcc	24ca05a2bf53aa98		Minidregg.Kernel.GrainResourceBirthAdmission.Reject
def	Minidregg.Kernel.GrainResourceBirthAdmission.Reject.policySourceConflict.elim	784b499e86d5ffe738d37ed64a9c49603aa97b293fbe86a32c46fa870ad68281	7efb6d9df1d5e7ce9d6e129579c83d7d000cc220a1ed73ce50302ff973f0ba69	80fbe95756caeb227e15eb656563f98ff3e82f918bb30c613f5a1093a6189a97	57ec60a9519af1b8	-	{motive : Minidregg.Kernel.GrainResourceBirthAdmission.Reject → Sort u} → (t : Minidregg.Kernel.GrainResourceBirthAdmission.Reject) → t.ctorIdx = 8 → motive Minidregg.Kernel.GrainResourceBirthAdmission.Reject.policySourceConflict → motive t
ctor	Minidregg.Kernel.GrainResourceBirthAdmission.Reject.policySourceUnavailable	4746d0e1516253e3779294e813b84cd463a015f1ae788e236f5d28547011d52e	16090df23ae4d2e6bec918a2658fc288aa30de93753d24ced8e367a9618c0fd9	b7382567aa1d397e10290737526012dd9127fd5beaebf37b6eef9e81b0795847	34fd54e159eca982		Minidregg.Kernel.GrainResourceBirthAdmission.Reject
def	Minidregg.Kernel.GrainResourceBirthAdmission.Reject.policySourceUnavailable.elim	fb2eee7cc95436a142209f84e0901cac1577a3700a0527e5e2fe61c181098a3f	d7951274c55307a789e337fb2684d16fe1bcca2fbd0155506fa37994b69ad71a	113bb8371742a2188088516dd1b01f4227e0816525508a06d9ee66fb28c0c1ef	f447d7862641b748	-	{motive : Minidregg.Kernel.GrainResourceBirthAdmission.Reject → Sort u} → (t : Minidregg.Kernel.GrainResourceBirthAdmission.Reject) → t.ctorIdx = 7 → motive Minidregg.Kernel.GrainResourceBirthAdmission.Reject.policySourceUnavailable → motive t
ctor	Minidregg.Kernel.GrainResourceBirthAdmission.Reject.policyUnavailable	ed649acef5bbf044aa8ae5ab7d53d48fb521930880613129054a7ef513152cc6	16090df23ae4d2e6bec918a2658fc288aa30de93753d24ced8e367a9618c0fd9	78301576a665197354106ae8e6a7f1f9ca3adacfac410b68beed78e555d73309	93e2dce42dac4f95		Minidregg.Kernel.GrainResourceBirthAdmission.Reject
def	Minidregg.Kernel.GrainResourceBirthAdmission.Reject.policyUnavailable.elim	50aa926c116002c6add72ed32b055ea0bd22e77c3678617b889772087025bbfa	ac429e5c69095ac35062be4f2bdb4291bea9ea73731b1e308eab6bb3f8d519b7	4139332f81a6ee7290d1cdc67516b8a7c3523d03dd71a0b8e65262e31dc41d77	c61bcee2d291e1a5	-	{motive : Minidregg.Kernel.GrainResourceBirthAdmission.Reject → Sort u} → (t : Minidregg.Kernel.GrainResourceBirthAdmission.Reject) → t.ctorIdx = 9 → motive Minidregg.Kernel.GrainResourceBirthAdmission.Reject.policyUnavailable → motive t
ctor	Minidregg.Kernel.GrainResourceBirthAdmission.Reject.tuple	09cd832ced61159befc5462160f62547698b06fa2df98f9efabaeac13dd18069	16090df23ae4d2e6bec918a2658fc288aa30de93753d24ced8e367a9618c0fd9	f2dbcb6fc2f6c6f4ed8510acfc6b8245a3ba3ee4f5ab75d3d10169213a3803e8	e125b34cadeeed0a		Minidregg.Kernel.GrainResourceBirthAdmission.Reject
def	Minidregg.Kernel.GrainResourceBirthAdmission.Reject.tuple.elim	b1e74cd637b14f69dbf358ec82530ab18d894bc6d3731c91e3fb4d26ee6c583b	fb953ad3a7bd246e6e7c0f30e5da77d5c8429db643813554bfec74e631295851	d81e43db3d08f19288f4f03143ac8992ec482c768cd30e00afeea7fdb6bf5e97	7f40d4363920d398	-	{motive : Minidregg.Kernel.GrainResourceBirthAdmission.Reject → Sort u} → (t : Minidregg.Kernel.GrainResourceBirthAdmission.Reject) → t.ctorIdx = 0 → motive Minidregg.Kernel.GrainResourceBirthAdmission.Reject.tuple → motive t
def	Minidregg.Kernel.GrainResourceBirthAdmission.SignedShape	cbaba4ee8f02f2cd264c44d9656fb8bbe66e5d334bbfce3ccbf1ce9f7d04a244	55b032c6c80466bfa53e70ea55cf97ef8c5bfb7886fb51796fe450458b8b4fc7	cbaeffe33aa26a0947bddad1bbe5eaed9db35673dd748881cca8e1d5bc2a95cc	4f559f56cde26e8f	Classical.choice,Quot.sound,propext	{F : Type} → [inst : Field F] → Minidregg.Compiler.CanonicalRuntimeProfile.Profile F → Minidregg.Kernel.GrainResourceBirthAdmission.Deployment → Minidregg.Kernel.GrainResourceBirthAdmission.Tariff → Minidregg.Kernel.GrainResourceBirthAdmission.Source → Minidregg.Kernel.GrainResourceBirthPolicyController.DecodedIngress → Prop := fun {F} [Field F] profile deployment tariff source ingress => Minidregg.Kernel.GrainResourceBirthPolicyController.SourceBound deployment.domain profile.semantics tariff source ingress ∧ ingress.birth.ingress.credentials.allocations.length = source.birth.createRequests.length ∧ ingress.birth.ingress.credentials.sources.length = source.birth.resourceBatch.operations.length ∧ ingress.grain.2.2.targetEnvelopes.length = (Minidregg.Compiler.GrainResourceBirthController.Source.grainCommand tariff source).targets.length ∧ ingress.grain.2.2.observeEnvelopes.length = (Minidregg.Compiler.GrainResourceBirthController.Source.grainCommand tariff source).targets.length ∧ ingress.birth.ingress.credentials.authority.envelope = ingress.grain.2.2.authorityEnvelope
def	Minidregg.Kernel.GrainResourceBirthAdmission.Source	40eb6496477ffbdbadcf4b8ba725b950ea473f67742321de386a97d3f2e37875	89855d392aa192071e8a2b2230d30ecae8fc9de0c15fa6a53f6209226829292a	f1b811c2d54112d1bddf3e499573b7d3cbdeaf650ba57631d74780e095b6b111	596051d372bae4e0	Classical.choice,Quot.sound,propext	Type
def	Minidregg.Kernel.GrainResourceBirthAdmission.Tariff	1d3ca8714cd65355982d40aca1feb0f6eb2e6eb03f4a589addbe93b501b67c17	89855d392aa192071e8a2b2230d30ecae8fc9de0c15fa6a53f6209226829292a	020a17f06302b470d31353c232cbcead5711392b137936a94caf45b10e989f01	c9c55e1b8c144048	-	Type
def	Minidregg.Kernel.GrainResourceBirthAdmission.admitDecodedNative	f78ab6c62d00291fc862fefba9bcf8979af2e973f7d3e05023f0e868cfcadf4e	b9b2a5a1aea773c241e6433746ef4c57d30aee4a186ee551378a47c3e552d296	ca840e232e61a6abe90251ec4350ef28651aee6e2de8f5dc1787be8fafc45688	1dca5724794954cb	Classical.choice,Quot.sound,propext	{F : Type} → [inst : Field F] → [inst_1 : DecidableEq F] → (profile : Minidregg.Compiler.CanonicalRuntimeProfile.Profile F) → (deployment : Minidregg.Kernel.GrainResourceBirthAdmission.Deployment) → (pins : Minidregg.Theory.ResourceBirth.FactoryPins) → (durable : Minidregg.Kernel.GrainResourceBirthAdmission.Durable) → (ambient : Minidregg.Kernel.GrainResourceBirthAdmission.Ambient) → (tariff : Minidregg.Kernel.GrainResourceBirthAdmission.Tariff) → (source : Minidregg.Kernel.GrainResourceBirthAdmission.Source) → (birth : Minidregg.Compiler.GrainResourceBirthController.PreparedSourceBirth profile.compilerProfile deployment pins durable profile.semantics tariff source) → (grain : Minidregg.Kernel.GrainResourceBirthTransaction.PreparedTargets deployment birth.prepared.pre.directory.directory birth.prepared.pre.authority.snapshot profile.semantics ambient (Minidregg.Compiler.GrainResourceBirthController.Source.grainCommand tariff source)) → Minidregg.Compiler.CredentialSignatureIO.NativeConfig → (ingress : Minidregg.Kernel.GrainResourceBirthPolicyController.DecodedIngress) → IO (Except Minidregg.Kernel.GrainResourceBirthAdmission.Reject (Minidregg.Kernel.GrainResourceBirthAdmission.Accepted profile deployment pins durable ambient tariff source birth grain ingress))
def	Minidregg.Kernel.GrainResourceBirthAdmission.branchIdentity	aea81e14526998a90c900267c3adaf2e7273949afbc3007d9de621a26ae73c0b	31cc370ef059c1b95a4d34339c7768e509191bcd9d10a94abfda353a873cfc1a	33d6f9f256c98a44d8f5ef7f57855018dc56face5962d5d95b98d2204bcf29b3	c67bd3323d432785	Classical.choice,Quot.sound,propext	{F : Type} → [inst : Field F] → {profile : Minidregg.Compiler.CanonicalRuntimeProfile.Profile F} → {deployment : Minidregg.Kernel.GrainResourceBirthAdmission.Deployment} → {pins : Minidregg.Theory.ResourceBirth.FactoryPins} → {durable : Minidregg.Kernel.GrainResourceBirthAdmission.Durable} → {ambient : Minidregg.Kernel.GrainResourceBirthAdmission.Ambient} → {tariff : Minidregg.Kernel.GrainResourceBirthAdmission.Tariff} → {source : Minidregg.Kernel.GrainResourceBirthAdmission.Source} → (birth : Minidregg.Compiler.GrainResourceBirthController.PreparedSourceBirth profile.compilerProfile deployment pins durable profile.semantics tariff source) → Minidregg.Kernel.GrainResourceBirthTransaction.PreparedTargets deployment birth.prepared.pre.directory.directory birth.prepared.pre.authority.snapshot profile.semantics ambient (Minidregg.Compiler.GrainResourceBirthController.Source.grainCommand tariff source) → Minidregg.Theory.TypedAuthorization.Height → Minidregg.Kernel.GrainResourceBirthAdmission.Branch tariff source → Minidregg.Theory.AuthorizationDeclaration.RequestWire
def	Minidregg.Kernel.GrainResourceBirthAdmission.branchPrimary	85412ea81b5cd3a7700093a1a7d132ac7896388c01a242bfd8532774616e8948	31794ffbb6fa91ef71c8049cd871cf3a34137644402117f34a1e4f0e6dffe3fb	65c9703cda45910f525c1185ed40a0c6c9284a51ebf120538b586c0f8b35b138	4f49989f86cf4a13	Classical.choice,Quot.sound,propext	{tariff : Minidregg.Kernel.GrainResourceBirthAdmission.Tariff} → {source : Minidregg.Kernel.GrainResourceBirthAdmission.Source} → Minidregg.Kernel.GrainResourceBirthAdmission.Branch tariff source → Minidregg.Kernel.GrainResourceBirthTransaction.Incidence tariff source
def	Minidregg.Kernel.GrainResourceBirthAdmission.branchRequest	432483edb69bec8d31e977be519a21287fff29ccf2a7e213144b7e33b03862e7	f6c331a280af7e28de3b718792c7f69cad9d265f3f6796abd7911702169bc4a3	05fd726c562077c884d5f5d9a616777cf991a4ef32c4e55d0cfdc533dbb5ca29	df020b6abf9c206e	Classical.choice,Quot.sound,propext	{F : Type} → [inst : Field F] → {profile : Minidregg.Compiler.CanonicalRuntimeProfile.Profile F} → {deployment : Minidregg.Kernel.GrainResourceBirthAdmission.Deployment} → {pins : Minidregg.Theory.ResourceBirth.FactoryPins} → {durable : Minidregg.Kernel.GrainResourceBirthAdmission.Durable} → {ambient : Minidregg.Kernel.GrainResourceBirthAdmission.Ambient} → {tariff : Minidregg.Kernel.GrainResourceBirthAdmission.Tariff} → {source : Minidregg.Kernel.GrainResourceBirthAdmission.Source} → (birth : Minidregg.Compiler.GrainResourceBirthController.PreparedSourceBirth profile.compilerProfile deployment pins durable profile.semantics tariff source) → Minidregg.Kernel.GrainResourceBirthTransaction.PreparedTargets deployment birth.prepared.pre.directory.directory birth.prepared.pre.authority.snapshot profile.semantics ambient (Minidregg.Compiler.GrainResourceBirthController.Source.grainCommand tariff source) → Minidregg.Theory.TypedAuthorization.Height → Minidregg.Kernel.GrainResourceBirthAdmission.Branch tariff source → Minidregg.Theory.PackedEffectRequest
def	Minidregg.Kernel.GrainResourceBirthAdmission.branches	ca3b9dc3664ad618db30ccfc00713df8398fd7778c51324b26577ea1a499c85d	73906c1105d399a12d7bb0be392b5f85bfc0df8e495315b321d772c16634dc2c	8231af6f7b3cfc3ebb8aefbaefb92455477ea7885021c45818e420d9447f8f5e	630d24e0b5425739	Classical.choice,Quot.sound,propext	(tariff : Minidregg.Kernel.GrainResourceBirthAdmission.Tariff) → (source : Minidregg.Kernel.GrainResourceBirthAdmission.Source) → List (Minidregg.Kernel.GrainResourceBirthAdmission.Branch tariff source)
theorem	Minidregg.Kernel.GrainResourceBirthAdmission.composite_header_differs_from_bare	72fe7c6220c5f99633819054d91e10db4766103f1c7c6aa7fc62ae311d87b363	09fe738bf86847305eb9b8ca035bb34f6df5d5e75a9221c0bed8894e0ffb2a77	b8fb431d70992a690a39f1a750bc13657257683a80733cce4fe2a440f8bf017e	858b534cbd86289f	Classical.choice,Quot.sound,propext	∀ {F : Type} [inst : Field F] {profile : Minidregg.Compiler.CanonicalRuntimeProfile.Profile F} {deployment : Minidregg.Kernel.GrainResourceBirthAdmission.Deployment} {pins : Minidregg.Theory.ResourceBirth.FactoryPins} {durable : Minidregg.Kernel.GrainResourceBirthAdmission.Durable} {tariff : Minidregg.Kernel.GrainResourceBirthAdmission.Tariff} {source : Minidregg.Kernel.GrainResourceBirthAdmission.Source} (birth : Minidregg.Compiler.GrainResourceBirthController.PreparedSourceBirth profile.compilerProfile deployment pins durable profile.semantics tariff source) (key : Minidregg.Theory.CredentialSigningKey.KeyRecord) (request : Minidregg.Theory.AuthorizationDeclaration.SomeRequest) (validUntil validUntil' : ℕ), Minidregg.Compiler.CredentialSignatureAdmission.header birth.prepared.pre.authority.snapshot key (Minidregg.Kernel.GrainResourceBirthAdmission.useMarker profile deployment tariff source) request validUntil ≠ Minidregg.Compiler.CredentialSignatureAdmission.header birth.prepared.pre.authority.snapshot key source.birth.authorityNullifier request validUntil'
def	Minidregg.Kernel.GrainResourceBirthAdmission.credentialFor	ee714e0f0369a99b6b7ff1c5b1af60842ec920396c6e26db6aa8c8fdc7be17ef	8ab36827d51fa68c36c687a18f0135211d982671a44fab98de4e782f1aa3faee	df2215d82ca011b55ba3c9d0c7eb0d7b9e445a629eeac799b12168f1f18aef85	3402d5380d5fa299	Classical.choice,Quot.sound,propext	{F : Type} → [inst : Field F] → {profile : Minidregg.Compiler.CanonicalRuntimeProfile.Profile F} → {deployment : Minidregg.Kernel.GrainResourceBirthAdmission.Deployment} → {tariff : Minidregg.Kernel.GrainResourceBirthAdmission.Tariff} → {source : Minidregg.Kernel.GrainResourceBirthAdmission.Source} → {ingress : Minidregg.Kernel.GrainResourceBirthPolicyController.DecodedIngress} → Minidregg.Kernel.GrainResourceBirthAdmission.SignedShape profile deployment tariff source ingress → Minidregg.Kernel.GrainResourceBirthAdmission.Branch tariff source → Minidregg.Kernel.ResourceBirthPolicyController.Concrete.BranchCredential
theorem	Minidregg.Kernel.GrainResourceBirthAdmission.mem_branches	6e7463612bddc175ef844b597a4a03e6363fde3e9b88066fcef49086cfe07e64	fec986c76ca2c40d54017f90a8ba7f15ee2d4626bc1d3f152b47c0075d855913	833e094359b553698e0bd676a75340a2a2412937f48675724a52ac652884c953	bb9800ddb64c8e49	Classical.choice,Quot.sound,propext	∀ {tariff : Minidregg.Kernel.GrainResourceBirthAdmission.Tariff} {source : Minidregg.Kernel.GrainResourceBirthAdmission.Source} (branch : Minidregg.Kernel.GrainResourceBirthAdmission.Branch tariff source), branch ∈ Minidregg.Kernel.GrainResourceBirthAdmission.branches tariff source
def	Minidregg.Kernel.GrainResourceBirthAdmission.observationEnvelope	5b701736ef49568e23071cd9c2da85b2709a09a1fcd5f53e268b5fa834fc3190	20c894752f26e6b32359f2fd7af0093ed0f0c08c96e4cd38ca95480fa860a641	f5e4e5b2412c4a5d6c40f0a08c22f75f3a18c8335adaf6cf5d9c834bf559fbb7	c97e6eb12129f6a2	Classical.choice,Quot.sound,propext	{F : Type} → [inst : Field F] → {profile : Minidregg.Compiler.CanonicalRuntimeProfile.Profile F} → {deployment : Minidregg.Kernel.GrainResourceBirthAdmission.Deployment} → {tariff : Minidregg.Kernel.GrainResourceBirthAdmission.Tariff} → {source : Minidregg.Kernel.GrainResourceBirthAdmission.Source} → {ingress : Minidregg.Kernel.GrainResourceBirthPolicyController.DecodedIngress} → Minidregg.Kernel.GrainResourceBirthAdmission.SignedShape profile deployment tariff source ingress → Minidregg.Kernel.DeclaredResourceController.TargetIndex (Minidregg.Compiler.GrainResourceBirthController.Source.grainCommand tariff source) → List UInt8
def	Minidregg.Kernel.GrainResourceBirthAdmission.policyDependencyPairs	97b7dd2dff770a66d08aaf0f1df74e4b3c142ff1aebccb64d69add673df5227f	535ebcfb97ec539d65918e43ff6da679e35bdab9a5f4019f0ff2aa46557d36d0	f19dd1f6588400d95d065c1c9b43101e8111ab9a7d447ab5f5aa4f897ee5a818	66c0051c61907592	Classical.choice,Quot.sound,propext	{F : Type} → [inst : Field F] → [inst_1 : DecidableEq F] → {profile : Minidregg.Compiler.CanonicalRuntimeProfile.Profile F} → {deployment : Minidregg.Kernel.GrainResourceBirthAdmission.Deployment} → {pins : Minidregg.Theory.ResourceBirth.FactoryPins} → {durable : Minidregg.Kernel.GrainResourceBirthAdmission.Durable} → {ambient : Minidregg.Kernel.GrainResourceBirthAdmission.Ambient} → {tariff : Minidregg.Kernel.GrainResourceBirthAdmission.Tariff} → {source : Minidregg.Kernel.GrainResourceBirthAdmission.Source} → {birth : Minidregg.Compiler.GrainResourceBirthController.PreparedSourceBirth profile.compilerProfile deployment pins durable profile.semantics tariff source} → {grain : Minidregg.Kernel.GrainResourceBirthTransaction.PreparedTargets deployment birth.prepared.pre.directory.directory birth.prepared.pre.authority.snapshot profile.semantics ambient (Minidregg.Compiler.GrainResourceBirthController.Source.grainCommand tariff source)} → {pending : Minidregg.Kernel.GrainResourceBirthAdmission.Pending profile deployment pins durable ambient tariff source birth grain} → {ingress : Minidregg.Kernel.GrainResourceBirthPolicyController.DecodedIngress} → (signed : Minidregg.Kernel.GrainResourceBirthAdmission.SignedShape profile deployment tariff source ingress) → ((branch : Minidregg.Kernel.GrainResourceBirthAdmission.Branch tariff source) → Minidregg.Kernel.GrainResourceBirthAdmission.CheckedBranch pending branch (Minidregg.Kernel.GrainResourceBirthAdmission.credentialFor signed branch)) → ((index : Minidregg.Kernel.DeclaredResourceController.TargetIndex (Minidregg.Compiler.GrainResourceBirthController.Source.grainCommand tariff source)) → Minidregg.Kernel.GrainResourceBirthAdmission.ReadLeg birth grain index (Minidregg.Kernel.GrainResourceBirthAdmission.observationEnvelope signed index)) → List (ℕ × Minidregg.Theory.TypedAuthorization.Digest)
theorem	Minidregg.Kernel.GrainResourceBirthAdmission.policyDependency_covered	cad09fbbb52c87ac7812a85db9c6cb9cefc056f95bb8fdb68db23d72a7674ac5	0726a2ce39ac9a25afcdc0ad3a7b4dbe36ecaaf4895b4708eab13af4b2fd883e	3a2439e2a61eec8d1aae7aadfd630448c2eea09f7767a156c3ad3b1b72cb984a	c2ee01f11547d928	Classical.choice,Quot.sound,propext	∀ {F : Type} [inst : Field F] [inst_1 : DecidableEq F] {profile : Minidregg.Compiler.CanonicalRuntimeProfile.Profile F} {deployment : Minidregg.Kernel.GrainResourceBirthAdmission.Deployment} {pins : Minidregg.Theory.ResourceBirth.FactoryPins} {durable : Minidregg.Kernel.GrainResourceBirthAdmission.Durable} {ambient : Minidregg.Kernel.GrainResourceBirthAdmission.Ambient} {tariff : Minidregg.Kernel.GrainResourceBirthAdmission.Tariff} {source : Minidregg.Kernel.GrainResourceBirthAdmission.Source} {birth : Minidregg.Compiler.GrainResourceBirthController.PreparedSourceBirth profile.compilerProfile deployment pins durable profile.semantics tariff source} {grain : Minidregg.Kernel.GrainResourceBirthTransaction.PreparedTargets deployment birth.prepared.pre.directory.directory birth.prepared.pre.authority.snapshot profile.semantics ambient (Minidregg.Compiler.GrainResourceBirthController.Source.grainCommand tariff source)} {pending : Minidregg.Kernel.GrainResourceBirthAdmission.Pending profile deployment pins durable ambient tariff source birth grain} {ingress : Minidregg.Kernel.GrainResourceBirthPolicyController.DecodedIngress} (signed : Minidregg.Kernel.GrainResourceBirthAdmission.SignedShape profile deployment tariff source ingress) (checked : (branch : Minidregg.Kernel.GrainResourceBirthAdmission.Branch tariff source) → Minidregg.Kernel.GrainResourceBirthAdmission.CheckedBranch pending branch (Minidregg.Kernel.GrainResourceBirthAdmission.credentialFor signed branch)) (observations : (index : Minidregg.Kernel.DeclaredResourceController.TargetIndex (Minidregg.Compiler.GrainResourceBirthController.Source.grainCommand tariff source)) → Minidregg.Kernel.GrainResourceBirthAdmission.ReadLeg birth grain index (Minidregg.Kernel.GrainResourceBirthAdmission.observationEnvelope signed index)), ∀ pair ∈ Minidregg.Kernel.GrainResourceBirthAdmission.policyDependencyPairs signed checked observations, { value := pair.1 } ∈ List.map Minidregg.Kernel.DurableDataIntent.DataWrite.cellId (Minidregg.Kernel.GrainResourceBirthTransaction.writes birth grain) ∨ { cellId := { value := pair.1 }, expectedRoot := pair.2 } ∈ Minidregg.Kernel.GrainResourceBirthAdmission.policySourceGuards signed checked observations
def	Minidregg.Kernel.GrainResourceBirthAdmission.policyGuardShapeDecidable	ffe6fc22b5eed6921470a3fbf1c567bc872832f3e4902f47cd44db8b97c8e59a	89e92908a40f1f28737987123a95a14a63e921314280b79ac7b520b41f0b8b18	09adbcddf636b0110ebe5fb79f0ff365f3fa3187f65d0eaf4b0f576d4c05fdb9	86c457f1b805db4c	Classical.choice,Quot.sound,propext	{F : Type} → [inst : Field F] → [inst_1 : DecidableEq F] → {profile : Minidregg.Compiler.CanonicalRuntimeProfile.Profile F} → {deployment : Minidregg.Kernel.GrainResourceBirthAdmission.Deployment} → {pins : Minidregg.Theory.ResourceBirth.FactoryPins} → {durable : Minidregg.Kernel.GrainResourceBirthAdmission.Durable} → {ambient : Minidregg.Kernel.GrainResourceBirthAdmission.Ambient} → {tariff : Minidregg.Kernel.GrainResourceBirthAdmission.Tariff} → {source : Minidregg.Kernel.GrainResourceBirthAdmission.Source} → {birth : Minidregg.Compiler.GrainResourceBirthController.PreparedSourceBirth profile.compilerProfile deployment pins durable profile.semantics tariff source} → {grain : Minidregg.Kernel.GrainResourceBirthTransaction.PreparedTargets deployment birth.prepared.pre.directory.directory birth.prepared.pre.authority.snapshot profile.semantics ambient (Minidregg.Compiler.GrainResourceBirthController.Source.grainCommand tariff source)} → {pending : Minidregg.Kernel.GrainResourceBirthAdmission.Pending profile deployment pins durable ambient tariff source birth grain} → {ingress : Minidregg.Kernel.GrainResourceBirthPolicyController.DecodedIngress} → (signed : Minidregg.Kernel.GrainResourceBirthAdmission.SignedShape profile deployment tariff source ingress) → (checked : (branch : Minidregg.Kernel.GrainResourceBirthAdmission.Branch tariff source) → Minidregg.Kernel.GrainResourceBirthAdmission.CheckedBranch pending branch (Minidregg.Kernel.GrainResourceBirthAdmission.credentialFor signed branch)) → (observations : (index : Minidregg.Kernel.DeclaredResourceController.TargetIndex (Minidregg.Compiler.GrainResourceBirthController.Source.grainCommand tariff source)) → Minidregg.Kernel.GrainResourceBirthAdmission.ReadLeg birth grain index (Minidregg.Kernel.GrainResourceBirthAdmission.observationEnvelope signed index)) → Decidable (Minidregg.Kernel.GrainResourceBirthAdmission.PolicyGuardShape signed checked observations)
def	Minidregg.Kernel.GrainResourceBirthAdmission.policySourceGuards	9c46c9bd4f50956abf469869ffa89735567a30b70a7f5b9a5eed06665fc769d3	3311151392a494be5ebc41ce4a38e5cde0ea638d015f6bb9247ac9d05088233b	b5e1f2ae7b157ce473d22f1627356614bcd0e820ffa4d094001ef9a65bf9fdc4	65b53cfec900bb59	Classical.choice,Quot.sound,propext	{F : Type} → [inst : Field F] → [inst_1 : DecidableEq F] → {profile : Minidregg.Compiler.CanonicalRuntimeProfile.Profile F} → {deployment : Minidregg.Kernel.GrainResourceBirthAdmission.Deployment} → {pins : Minidregg.Theory.ResourceBirth.FactoryPins} → {durable : Minidregg.Kernel.GrainResourceBirthAdmission.Durable} → {ambient : Minidregg.Kernel.GrainResourceBirthAdmission.Ambient} → {tariff : Minidregg.Kernel.GrainResourceBirthAdmission.Tariff} → {source : Minidregg.Kernel.GrainResourceBirthAdmission.Source} → {birth : Minidregg.Compiler.GrainResourceBirthController.PreparedSourceBirth profile.compilerProfile deployment pins durable profile.semantics tariff source} → {grain : Minidregg.Kernel.GrainResourceBirthTransaction.PreparedTargets deployment birth.prepared.pre.directory.directory birth.prepared.pre.authority.snapshot profile.semantics ambient (Minidregg.Compiler.GrainResourceBirthController.Source.grainCommand tariff source)} → {pending : Minidregg.Kernel.GrainResourceBirthAdmission.Pending profile deployment pins durable ambient tariff source birth grain} → {ingress : Minidregg.Kernel.GrainResourceBirthPolicyController.DecodedIngress} → (signed : Minidregg.Kernel.GrainResourceBirthAdmission.SignedShape profile deployment tariff source ingress) → ((branch : Minidregg.Kernel.GrainResourceBirthAdmission.Branch tariff source) → Minidregg.Kernel.GrainResourceBirthAdmission.CheckedBranch pending branch (Minidregg.Kernel.GrainResourceBirthAdmission.credentialFor signed branch)) → ((index : Minidregg.Kernel.DeclaredResourceController.TargetIndex (Minidregg.Compiler.GrainResourceBirthController.Source.grainCommand tariff source)) → Minidregg.Kernel.GrainResourceBirthAdmission.ReadLeg birth grain index (Minidregg.Kernel.GrainResourceBirthAdmission.observationEnvelope signed index)) → List Minidregg.Kernel.DurableDataIntent.ReadGuard
def	Minidregg.Kernel.GrainResourceBirthAdmission.preparePending	d7f1ad953600f350bb0d155e1587220220121258206a1f8cd3b6fe65476baafc	50771801a84525aea83fb1ffb52b401fb0fa8567cf069ed7dcb3ec791e7ecb58	decc8f5dad35b5e5a5337a27960a097b2541f8496308ce8c36d90ffd44e9376a	2b491af5dedb1234	Classical.choice,Quot.sound,propext	{F : Type} → [inst : Field F] → (profile : Minidregg.Compiler.CanonicalRuntimeProfile.Profile F) → (deployment : Minidregg.Kernel.GrainResourceBirthAdmission.Deployment) → (pins : Minidregg.Theory.ResourceBirth.FactoryPins) → (durable : Minidregg.Kernel.GrainResourceBirthAdmission.Durable) → (ambient : Minidregg.Kernel.GrainResourceBirthAdmission.Ambient) → (tariff : Minidregg.Kernel.GrainResourceBirthAdmission.Tariff) → (source : Minidregg.Kernel.GrainResourceBirthAdmission.Source) → (birth : Minidregg.Compiler.GrainResourceBirthController.PreparedSourceBirth profile.compilerProfile deployment pins durable profile.semantics tariff source) → (grain : Minidregg.Kernel.GrainResourceBirthTransaction.PreparedTargets deployment birth.prepared.pre.directory.directory birth.prepared.pre.authority.snapshot profile.semantics ambient (Minidregg.Compiler.GrainResourceBirthController.Source.grainCommand tariff source)) → Except Minidregg.Kernel.GrainResourceBirthAdmission.Reject (Minidregg.Kernel.GrainResourceBirthAdmission.Pending profile deployment pins durable ambient tariff source birth grain)
def	Minidregg.Kernel.GrainResourceBirthAdmission.project	1b3a07adab954d69a315ff557d6d31643988cc6555b31de08c76de108b263a76	15705e20936899f31f7b26448832382d774ea2ead5f0d1341ab9f8178bac231c	39081cee0efee9705e436c6fdf563ceae546c862a97c64286c094d26f3a1ae5b	aa653636dd06d7a1	Classical.choice,Quot.sound,propext	{F : Type} → [inst : Field F] → {profile : Minidregg.Compiler.CanonicalRuntimeProfile.Profile F} → {deployment : Minidregg.Kernel.GrainResourceBirthAdmission.Deployment} → {pins : Minidregg.Theory.ResourceBirth.FactoryPins} → {durable : Minidregg.Kernel.GrainResourceBirthAdmission.Durable} → {ambient : Minidregg.Kernel.GrainResourceBirthAdmission.Ambient} → {tariff : Minidregg.Kernel.GrainResourceBirthAdmission.Tariff} → {source : Minidregg.Kernel.GrainResourceBirthAdmission.Source} → (birth : Minidregg.Compiler.GrainResourceBirthController.PreparedSourceBirth profile.compilerProfile deployment pins durable profile.semantics tariff source) → (grain : Minidregg.Kernel.GrainResourceBirthTransaction.PreparedTargets deployment birth.prepared.pre.directory.directory birth.prepared.pre.authority.snapshot profile.semantics ambient (Minidregg.Compiler.GrainResourceBirthController.Source.grainCommand tariff source)) → Minidregg.Theory.TypedAuthorization.Height → Minidregg.Kernel.GrainResourceBirthAdmission.Branch tariff source → ((incidence : Minidregg.Kernel.GrainResourceBirthTransaction.Incidence tariff source) → Minidregg.Theory.Store.Store ((Minidregg.Kernel.GrainResourceBirthTransaction.layout birth grain).storeLayout incidence)) → Minidregg.Pred.State
def	Minidregg.Kernel.GrainResourceBirthAdmission.readContext	dffc0a0913b0d24ed68531880e6408df417ea07ff50662c773935b66a4d4dc9f	1dd6c72d0b20ecaaa9848b09753af3de71bb055aa3b4d8697f1794e0c2b60628	a919c7ab12718c58fd333d947fa28e6d8e15d6f3b88a21e8b42739b733a9ee0a	8b45c9f7248fca77	Classical.choice,Quot.sound,propext	{F : Type} → [inst : Field F] → {profile : Minidregg.Compiler.CanonicalRuntimeProfile.Profile F} → {deployment : Minidregg.Kernel.GrainResourceBirthAdmission.Deployment} → {pins : Minidregg.Theory.ResourceBirth.FactoryPins} → {durable : Minidregg.Kernel.GrainResourceBirthAdmission.Durable} → {tariff : Minidregg.Kernel.GrainResourceBirthAdmission.Tariff} → {source : Minidregg.Kernel.GrainResourceBirthAdmission.Source} → Minidregg.Compiler.GrainResourceBirthController.PreparedSourceBirth profile.compilerProfile deployment pins durable profile.semantics tariff source → Minidregg.Kernel.ResourceObservationAdmission.Context deployment
def	Minidregg.Kernel.GrainResourceBirthAdmission.readPreparation	f8e12888748342708a002863c208b5f3cfa8c55e1ae83230a23ab826a2f82424	d25e99b47b317abebaa3c81f67d310c66947c990c1859b802856db71e26c5ec6	7dd69cdbadaa7c3d66713ebb02e87149627b107d50606213b49f20ba1d7af288	83876942d1fcc678	Classical.choice,Quot.sound,propext	{F : Type} → [inst : Field F] → [DecidableEq F] → {profile : Minidregg.Compiler.CanonicalRuntimeProfile.Profile F} → {deployment : Minidregg.Kernel.GrainResourceBirthAdmission.Deployment} → {pins : Minidregg.Theory.ResourceBirth.FactoryPins} → {durable : Minidregg.Kernel.GrainResourceBirthAdmission.Durable} → {ambient : Minidregg.Kernel.GrainResourceBirthAdmission.Ambient} → {tariff : Minidregg.Kernel.GrainResourceBirthAdmission.Tariff} → {source : Minidregg.Kernel.GrainResourceBirthAdmission.Source} → (birth : Minidregg.Compiler.GrainResourceBirthController.PreparedSourceBirth profile.compilerProfile deployment pins durable profile.semantics tariff source) → (grain : Minidregg.Kernel.GrainResourceBirthTransaction.PreparedTargets deployment birth.prepared.pre.directory.directory birth.prepared.pre.authority.snapshot profile.semantics ambient (Minidregg.Compiler.GrainResourceBirthController.Source.grainCommand tariff source)) → (index : Minidregg.Kernel.DeclaredResourceController.TargetIndex (Minidregg.Compiler.GrainResourceBirthController.Source.grainCommand tariff source)) → Except Minidregg.Compiler.Refusal (Minidregg.Kernel.ResourceObservationAdmission.Prepared (Minidregg.Kernel.GrainResourceBirthAdmission.readContext birth) profile (Minidregg.Kernel.GrainResourceBirthAdmission.readRequest birth grain index) (Minidregg.Kernel.GrainResourceBirthAdmission.useMarker profile deployment tariff source) ((Minidregg.Compiler.GrainResourceBirthController.Source.grainCommand tariff source).targets[index].observeCapability.getD { value := 0 }) (Minidregg.Kernel.DeclaredResourceController.commandCodec.encode (Minidregg.Compiler.GrainResourceBirthController.Source.grainCommand tariff source)))
def	Minidregg.Kernel.GrainResourceBirthAdmission.readRequest	df4bb12eaf3daa4411f8bedf4a07a42b29c5748b1e737da3b0d6513e91b3d26f	ca17d6b1d43a80a070a38d87131f7c053f8f74eafa02bce79e028781323e52fe	a9fb76221431a574b2349fa989d52447b40aecee2310c7e69c4e179aa3657324	270be25898eb40f3	Classical.choice,Quot.sound,propext	{F : Type} → [inst : Field F] → {profile : Minidregg.Compiler.CanonicalRuntimeProfile.Profile F} → {deployment : Minidregg.Kernel.GrainResourceBirthAdmission.Deployment} → {pins : Minidregg.Theory.ResourceBirth.FactoryPins} → {durable : Minidregg.Kernel.GrainResourceBirthAdmission.Durable} → {ambient : Minidregg.Kernel.GrainResourceBirthAdmission.Ambient} → {tariff : Minidregg.Kernel.GrainResourceBirthAdmission.Tariff} → {source : Minidregg.Kernel.GrainResourceBirthAdmission.Source} → (birth : Minidregg.Compiler.GrainResourceBirthController.PreparedSourceBirth profile.compilerProfile deployment pins durable profile.semantics tariff source) → Minidregg.Kernel.GrainResourceBirthTransaction.PreparedTargets deployment birth.prepared.pre.directory.directory birth.prepared.pre.authority.snapshot profile.semantics ambient (Minidregg.Compiler.GrainResourceBirthController.Source.grainCommand tariff source) → (index : Minidregg.Kernel.DeclaredResourceController.TargetIndex (Minidregg.Compiler.GrainResourceBirthController.Source.grainCommand tariff source)) → Minidregg.Theory.TypedAuthorization.Request (Minidregg.Compiler.GrainResourceBirthController.Source.grainCommand tariff source).targets[index].kind
def	Minidregg.Kernel.GrainResourceBirthAdmission.requiresCapability	113c973dd61257f755580074710196b846eea06a4a187cea94109d340f7920a6	d89c22301c69c3c0995434879e877de350e0db421c369a7d8006aec2d6b8a23d	5614dc6cc1b5c9b53a8fdae07aebfd50d26f1818713b6cfc385314befc97e736	ebb67bbb8149df30	Classical.choice,Quot.sound,propext	{tariff : Minidregg.Kernel.GrainResourceBirthAdmission.Tariff} → {source : Minidregg.Kernel.GrainResourceBirthAdmission.Source} → Minidregg.Kernel.GrainResourceBirthAdmission.Branch tariff source → Bool
def	Minidregg.Kernel.GrainResourceBirthAdmission.signedShapeDecidable	dc1b57002918467f949c4854948198228649580807abe689b0040eebdf730a8d	6dd7d81adff56646048d865feca627d9045062a0fba7092ffc9e14191228f82b	5946ea83acc6b03e26068d3ce4a9b057a4be45e49ecac79b187f1c9479965933	53e6f32992b9a745	Classical.choice,Quot.sound,propext	{F : Type} → [inst : Field F] → (profile : Minidregg.Compiler.CanonicalRuntimeProfile.Profile F) → (deployment : Minidregg.Kernel.GrainResourceBirthAdmission.Deployment) → (tariff : Minidregg.Kernel.GrainResourceBirthAdmission.Tariff) → (source : Minidregg.Kernel.GrainResourceBirthAdmission.Source) → (ingress : Minidregg.Kernel.GrainResourceBirthPolicyController.DecodedIngress) → Decidable (Minidregg.Kernel.GrainResourceBirthAdmission.SignedShape profile deployment tariff source ingress)
def	Minidregg.Kernel.GrainResourceBirthAdmission.useMarker	17667cde632c2c473207d0df2da2921579dcf008cfbd895c2ae877b6e9117af1	f65e5c6ab8d9690240c7dd72cbace8bb2c5ea7d6b840451530654e01588244a3	cfdbf88c91c0c8f4e2e8a7b89abd6373a2c76a75543e16f26c26525ad48da2c3	e3018d701d5a0d6a	Classical.choice,Quot.sound,propext	{F : Type} → [inst : Field F] → Minidregg.Compiler.CanonicalRuntimeProfile.Profile F → Minidregg.Kernel.GrainResourceBirthAdmission.Deployment → Minidregg.Kernel.GrainResourceBirthAdmission.Tariff → Minidregg.Kernel.GrainResourceBirthAdmission.Source → ℕ
def	Minidregg.Kernel.GrainResourceBirthAdmission.verifyRead	d6421343893cf6748d882acbdccb9196432d16935e603f3a33c913b719855b36	66a0658175267b410882754442d525a85d7d2db038148cdaa6a0c50ee3e32f95	ec40e1b25c7d2dd4622befc0ac37a0b666d56c8f236f60517ceae919ca242b3c	2eaeac80e317fffa	Classical.choice,Quot.sound,propext	{F : Type} → [inst : Field F] → [inst_1 : DecidableEq F] → {profile : Minidregg.Compiler.CanonicalRuntimeProfile.Profile F} → {deployment : Minidregg.Kernel.GrainResourceBirthAdmission.Deployment} → {pins : Minidregg.Theory.ResourceBirth.FactoryPins} → {durable : Minidregg.Kernel.GrainResourceBirthAdmission.Durable} → {ambient : Minidregg.Kernel.GrainResourceBirthAdmission.Ambient} → {tariff : Minidregg.Kernel.GrainResourceBirthAdmission.Tariff} → {source : Minidregg.Kernel.GrainResourceBirthAdmission.Source} → (birth : Minidregg.Compiler.GrainResourceBirthController.PreparedSourceBirth profile.compilerProfile deployment pins durable profile.semantics tariff source) → (grain : Minidregg.Kernel.GrainResourceBirthTransaction.PreparedTargets deployment birth.prepared.pre.directory.directory birth.prepared.pre.authority.snapshot profile.semantics ambient (Minidregg.Compiler.GrainResourceBirthController.Source.grainCommand tariff source)) → (index : Minidregg.Kernel.DeclaredResourceController.TargetIndex (Minidregg.Compiler.GrainResourceBirthController.Source.grainCommand tariff source)) → Minidregg.Compiler.CredentialSignatureIO.NativeConfig → (envelope : List UInt8) → IO (Except Minidregg.Kernel.GrainResourceBirthAdmission.Reject (Minidregg.Kernel.GrainResourceBirthAdmission.ReadLeg birth grain index envelope))
ctor	private Minidregg.Kernel.GrainResourceBirthAdmission.Accepted.mk @Kernel.GrainResourceBirthAdmission	226850af3202eba11c58367e358d742d3aa64c706045cf683e5a2fb82c304cb6	bd464d1dd198ba04636be91f87e3436857307302f37f4a6a3e35d46efd9226ec	f0479fb96b51afb9fbddc3be87544d14040ea64e3290fa8eac4a7a77c41328e8	ca140d0dda0eb1a0		{F : Type} → [inst : Field F] → [inst_1 : DecidableEq F] → {profile : Minidregg.Compiler.CanonicalRuntimeProfile.Profile F} → {deployment : Minidregg.Kernel.GrainResourceBirthAdmission.Deployment} → {pins : Minidregg.Theory.ResourceBirth.FactoryPins} → {durable : Minidregg.Kernel.GrainResourceBirthAdmission.Durable} → {ambient : Minidregg.Kernel.GrainResourceBirthAdmission.Ambient} → {tariff : Minidregg.Kernel.GrainResourceBirthAdmission.Tariff} → {source : Minidregg.Kernel.GrainResourceBirthAdmission.Source} → {birth : Minidregg.Compiler.GrainResourceBirthController.PreparedSourceBirth profile.compilerProfile deployment pins durable profile.semantics tariff source} → {grain : Minidregg.Kernel.GrainResourceBirthTransaction.PreparedTargets deployment birth.prepared.pre.directory.directory birth.prepared.pre.authority.snapshot profile.semantics ambient (Minidregg.Compiler.GrainResourceBirthController.Source.grainCommand tariff source)} → {ingress : Minidregg.Kernel.GrainResourceBirthPolicyController.DecodedIngress} → (signed : Minidregg.Kernel.GrainResourceBirthAdmission.SignedShape profile deployment tariff source ingress) → (pending : Minidregg.Kernel.GrainResourceBirthAdmission.Pending profile deployment pins durable ambient tariff source birth grain) → (observations : (index : Minidregg.Kernel.DeclaredResourceController.TargetIndex (Minidregg.Compiler.GrainResourceBirthController.Source.grainCommand tariff source)) → Minidregg.Kernel.GrainResourceBirthAdmission.ReadLeg birth grain index (Minidregg.Kernel.GrainResourceBirthAdmission.observationEnvelope signed index)) → (checked : (branch : Minidregg.Kernel.GrainResourceBirthAdmission.Branch tariff source) → Minidregg.Kernel.GrainResourceBirthAdmission.CheckedBranch pending branch (Minidregg.Kernel.GrainResourceBirthAdmission.credentialFor signed branch)) → Minidregg.Kernel.GrainResourceBirthAdmission.PolicyGuardShape signed checked observations → Minidregg.Kernel.ResourceBirthController.Concrete.Named (pending.branchStep (Sum.inl Minidregg.Kernel.ResourceBirthPolicyController.Concrete.PolicyBranch.factory)) (Minidregg.Kernel.GrainResourceBirthTransaction.writes birth grain) → Minidregg.Kernel.GrainResourceBirthAdmission.Accepted profile deployment pins durable ambient tariff source birth grain ingress
ctor	private Minidregg.Kernel.GrainResourceBirthAdmission.Pending.mk @Kernel.GrainResourceBirthAdmission	c13898b25bb7fe3c0b909203ffd56c1cd34445dea83af73a4683d411b41efeb2	4c46ebb077f5a5a3efe3a51afd06f9bdc72477928b2cbb1acd2ec909aa0d5032	da54c1e8347e254533d5fc374b041ed3de8173c579f6e6e6ccbf8eb1e07a2e13	be776d086a386ab2		{F : Type} → [inst : Field F] → {profile : Minidregg.Compiler.CanonicalRuntimeProfile.Profile F} → {deployment : Minidregg.Kernel.GrainResourceBirthAdmission.Deployment} → {pins : Minidregg.Theory.ResourceBirth.FactoryPins} → {durable : Minidregg.Kernel.GrainResourceBirthAdmission.Durable} → {ambient : Minidregg.Kernel.GrainResourceBirthAdmission.Ambient} → {tariff : Minidregg.Kernel.GrainResourceBirthAdmission.Tariff} → {source : Minidregg.Kernel.GrainResourceBirthAdmission.Source} → {birth : Minidregg.Compiler.GrainResourceBirthController.PreparedSourceBirth profile.compilerProfile deployment pins durable profile.semantics tariff source} → {grain : Minidregg.Kernel.GrainResourceBirthTransaction.PreparedTargets deployment birth.prepared.pre.directory.directory birth.prepared.pre.authority.snapshot profile.semantics ambient (Minidregg.Compiler.GrainResourceBirthController.Source.grainCommand tariff source)} → Minidregg.Kernel.MultiCellHyperedge.PreparedTuple (Minidregg.Kernel.GrainResourceBirthTransaction.plan birth grain ambient.height) → Minidregg.Kernel.GrainResourceBirthTransaction.PhysicalShape birth grain → Minidregg.Kernel.ResourceBirthPolicyController.Checked pins Minidregg.Compiler.CanonicalCellRegistry.sourceEncoding birth.prepared.pre.authority.snapshot.authState source.birth → Minidregg.Kernel.ResourceBirthPolicyController.Concrete.TemplateBound profile.template birth.prepared.pre.authority.snapshot.authState ambient.height source.birth → Minidregg.Kernel.ResourceBirthPolicyController.Concrete.BornLineage (Minidregg.Kernel.ResourceBirthPolicyController.Concrete.placementLineage birth.prepared.pre.authority.snapshot.cell) source.birth → Function.Injective (Minidregg.Kernel.GrainResourceBirthAdmission.branchIdentity birth grain ambient.height) → Minidregg.Kernel.GrainResourceBirthAdmission.Pending profile deployment pins durable ambient tariff source birth grain
