# Kernel.ObjectiveUpgradeInvariant: Objective contract manifest. Written by `scripts/check-objective-proofs.sh proofs --pin`;
# a removed or changed row needs a line in scripts/gates/objective-contract-changes.txt.
theorem	Minidregg.Kernel.ObjectiveUpgradeInvariant.Abandonment.upgradable	4af0aa84732c766e273c76cc31d9d2a08ccb887608bf9561c29bdbc5e0277205	a474c46aa2f29058e658dc165267f9689f46950a6b6ccd828f392de9852f2417	55399058251f8c58a29054c73ba01fc71ee3105d3a046005553b5afe2b8aeaa1	e7609923fcd4d807	Classical.choice,Quot.sound,propext	∀ {rootBytes : Minidregg.Kernel.ObjectiveActivityWire.Bytes → Minidregg.Theory.TypedAuthorization.Digest} {config : Minidregg.Kernel.ObjectiveActivity.Config} {snapshot : Minidregg.Kernel.ObjectiveActivity.Snapshot rootBytes} {height : ℕ} {request : Minidregg.Kernel.ObjectiveActivity.AbandonRequest} (ab : Minidregg.Kernel.ObjectiveActivity.Abandonment config snapshot height request), Minidregg.Kernel.ObjectiveUpgradeInvariant.Upgradable config (Minidregg.Kernel.ObjectiveUpgradeInvariant.payloads snapshot.canonicalBytes) → Minidregg.Kernel.ObjectiveUpgradeInvariant.Upgradable config (Minidregg.Kernel.ObjectiveUpgradeInvariant.payloads (Minidregg.Kernel.ObjectiveActivity.afterPosts snapshot ab.posts))
theorem	Minidregg.Kernel.ObjectiveUpgradeInvariant.Abort.upgradable	9c4a2cdb634fc68bd19c254740de1bf6d518958fcb810fac8e6a4832b8a55e42	14bde7c0ca97e2c9ed66616ac4f64b79bbb1f05047162d1c83518542face2605	983c01a1670251deec0085370b0ae7a6d3823d479c677b9bd24257604db58637	0b7c408a5b398ef9	Classical.choice,Quot.sound,propext	∀ {rootBytes : Minidregg.Kernel.ObjectiveActivityWire.Bytes → Minidregg.Theory.TypedAuthorization.Digest} {config : Minidregg.Kernel.ObjectiveActivity.Config} {snapshot : Minidregg.Kernel.ObjectiveActivity.Snapshot rootBytes} {height : ℕ} {request : Minidregg.Kernel.ObjectiveActivity.AbortRequest} (aborted : Minidregg.Kernel.ObjectiveActivity.Abort config snapshot height request), Minidregg.Kernel.ObjectiveUpgradeInvariant.Upgradable config (Minidregg.Kernel.ObjectiveUpgradeInvariant.payloads snapshot.canonicalBytes) → Minidregg.Kernel.ObjectiveUpgradeInvariant.Upgradable config (Minidregg.Kernel.ObjectiveUpgradeInvariant.payloads (Minidregg.Kernel.ObjectiveActivity.afterPosts snapshot aborted.posts))
theorem	Minidregg.Kernel.ObjectiveUpgradeInvariant.AdmittedTurn.upgradable	6b14b27ade88a48be2f20c2704fcf175bafe084ad49ff9b833297fee3b47fa33	320da9d22715c560a074188bfb7220fe9b35432c8b6efb58f40dffc855b1acaa	1a9411f25b8570566c31e3bb235623fcc9b3985aadf32bce8ea06ef0b1a1016a	f5f89448d147d332	Classical.choice,Quot.sound,propext	∀ {rootBytes : Minidregg.Kernel.ObjectiveActivityWire.Bytes → Minidregg.Theory.TypedAuthorization.Digest} {config : Minidregg.Kernel.ObjectiveActivity.Config} {snapshot : Minidregg.Kernel.ObjectiveActivity.Snapshot rootBytes} {height : ℕ} (turn : Minidregg.Kernel.ObjectiveActivity.AdmittedTurn config snapshot height), Minidregg.Kernel.ObjectiveUpgradeInvariant.Upgradable config (Minidregg.Kernel.ObjectiveUpgradeInvariant.payloads snapshot.canonicalBytes) → Minidregg.Kernel.ObjectiveUpgradeInvariant.Upgradable config (Minidregg.Kernel.ObjectiveUpgradeInvariant.payloads (Minidregg.Kernel.ObjectiveActivity.afterPosts snapshot turn.posts))
theorem	Minidregg.Kernel.ObjectiveUpgradeInvariant.Adoption.upgradable	434643747a2f2d1a31845fce9e01f650abb0c3ad1dde881f88a92ca487a37e96	48e4e14457a0df0797d6cb5e842abf4b54daa1f0e804ffacfe8a72453058f916	d478c64cfaa7a0c4d6a34c804f221be0bead6d1c1678f91c69a78149d940ad2f	7d84456725390725	Classical.choice,Quot.sound,propext	∀ {rootBytes : Minidregg.Kernel.ObjectiveActivityWire.Bytes → Minidregg.Theory.TypedAuthorization.Digest} {config : Minidregg.Kernel.ObjectiveActivity.Config} {snapshot : Minidregg.Kernel.ObjectiveActivity.Snapshot rootBytes} {height : ℕ} {request : Minidregg.Kernel.ObjectiveActivity.AdoptRequest} (adopted : Minidregg.Kernel.ObjectiveActivity.Adoption config snapshot height request), Minidregg.Kernel.ObjectiveUpgradeInvariant.Upgradable config (Minidregg.Kernel.ObjectiveUpgradeInvariant.payloads snapshot.canonicalBytes) → Minidregg.Kernel.ObjectiveUpgradeInvariant.Upgradable config (Minidregg.Kernel.ObjectiveUpgradeInvariant.payloads (Minidregg.Kernel.ObjectiveActivity.afterPosts snapshot adopted.posts))
def	Minidregg.Kernel.ObjectiveUpgradeInvariant.Agree	5be0dfc98a36e20f6b24a69cad6e8f9b9a1663ef17c1818d956d8143e4b5516b	bfb972eb23c709cc816e4a343951eb152f9c81a3b33108bff0a2d197fa92dd87	59b4f6f3e10842e2c4097af9d7f17aa26ecd2b5cd9fc20b2818df30a1794ea0e	d3714a84cd408ca5	Classical.choice,Quot.sound,propext	Minidregg.Kernel.ObjectiveUpgradeInvariant.Payloads → Minidregg.Kernel.ObjectiveUpgradeInvariant.Payloads → Prop := fun P Q => ∀ (cell : Minidregg.Kernel.DurableDataIntent.CellId), Minidregg.Kernel.ObjectiveUpgradeInvariant.Protected cell → P cell = Q cell
theorem	Minidregg.Kernel.ObjectiveUpgradeInvariant.Birth.record_names	6b170a11d3f388359a26eb169ab88422a72fa1243a4341945df06c90d2f59925	ed829ff5363044adf2fb3cede00c0fc708cd28f54f84b704966d40f23812174c	1945acfdda3c59afcae46855f7cb9a53c198761eb135eb8c849fbb355af805de	b0c7545e5412bfbc	Classical.choice,Quot.sound,propext	∀ {rootBytes : Minidregg.Kernel.ObjectiveActivityWire.Bytes → Minidregg.Theory.TypedAuthorization.Digest} {config : Minidregg.Kernel.ObjectiveActivity.Config} {snapshot : Minidregg.Kernel.ObjectiveActivity.Snapshot rootBytes} {height : ℕ} {request : Minidregg.Kernel.ObjectiveActivity.BirthRequest} (born : Minidregg.Kernel.ObjectiveActivity.Birth config snapshot height request), born.record.object = request.object ∧ born.record.activity = Minidregg.Kernel.ObjectiveActivity.activityId request.object (Minidregg.Kernel.ObjectiveActivity.birthTransaction request) ∧ born.record.pin = request.pin
theorem	Minidregg.Kernel.ObjectiveUpgradeInvariant.Birth.upgradable	d19c0556e7d17262b6490a4acc5afe2606495fa63103b949a1ea4894b567041a	fae009890e24f69b0ecdf39bde32bb5b0418d0ec1bef06bebfb193aec45dcc12	93caaa9d7fce9926be450d1499d276db12e8c5a2e03b56f13f9cb1e2bc56e364	bcaab389a0a07e6d	Classical.choice,Quot.sound,propext	∀ {rootBytes : Minidregg.Kernel.ObjectiveActivityWire.Bytes → Minidregg.Theory.TypedAuthorization.Digest} {config : Minidregg.Kernel.ObjectiveActivity.Config} {snapshot : Minidregg.Kernel.ObjectiveActivity.Snapshot rootBytes} {height : ℕ} {request : Minidregg.Kernel.ObjectiveActivity.BirthRequest} (born : Minidregg.Kernel.ObjectiveActivity.Birth config snapshot height request), request.predecessor = Option.none → Minidregg.Kernel.ObjectiveUpgradeInvariant.Upgradable config (Minidregg.Kernel.ObjectiveUpgradeInvariant.payloads snapshot.canonicalBytes) → Minidregg.Kernel.ObjectiveUpgradeInvariant.Upgradable config (Minidregg.Kernel.ObjectiveUpgradeInvariant.payloads (Minidregg.Kernel.ObjectiveActivity.afterPosts snapshot born.posts))
def	Minidregg.Kernel.ObjectiveUpgradeInvariant.BookUnprotected	5844eea551c5c881348ed585ec0e35658b12619ba7fed70a3e1c8ae7521c30e1	8f9a6c50cbcca2799596958b0ac8a5e9231bdc04d4ede31512583973542b4ff6	030e79fee58c1ebf4a7af19968f19aa91ef562e44d0279173c2d4c3bae1ab0a7	09fb44111b0455eb	propext	Minidregg.Kernel.ObjectiveActivity.Config → Prop := fun config => ¬Minidregg.Kernel.ObjectiveUpgradeInvariant.Protected config.bookCell
inductive	Minidregg.Kernel.ObjectiveUpgradeInvariant.Census	ab8df476657f20d987144cc968d3c910d3bfede88e36a797ba45c5b0726950c2	f885a2c7f3fe99309829ae3e1f1bb5f29c9062b21011e0bbac07f0d507a62487	f5873f4266d22e4143d5321ce6e283c78e906449c399334b4ec47c9e830f6116	f45209bf0c3cf095		Minidregg.Kernel.ObjectiveActivity.Config → Minidregg.Kernel.ObjectiveUpgradeInvariant.Payloads → List Minidregg.Kernel.DurableDataIntent.CellId → Prop
theorem	Minidregg.Kernel.ObjectiveUpgradeInvariant.Census.counted	c4385e4905822396d8fb34acc412d65467a29877676e0ae589c5e194670ad162	aedf86f082f9e47eef32271470fca6c2d1fca429220c205c66858e5752a751bf	c43a8cbf67eb72ffa7e48ca32baf643748a2d508fa567669c08fe8ea9bfe7dc3	9b77c36fd52c82dc	Classical.choice,Quot.sound,propext	∀ {config : Minidregg.Kernel.ObjectiveActivity.Config} {P : Minidregg.Kernel.ObjectiveUpgradeInvariant.Payloads} {cells : List Minidregg.Kernel.DurableDataIntent.CellId}, Minidregg.Kernel.ObjectiveUpgradeInvariant.Census config P cells → ∀ (object : Minidregg.Kernel.DurableDataIntent.CellId) (record : Minidregg.Kernel.ObjectRecord.ObjectRecord), Minidregg.Kernel.ObjectiveUpgradeInvariant.objectView object (P (Minidregg.Kernel.ObjectiveActivity.objectCell config.domain object)) = Option.some record → ∀ (c : Minidregg.Kernel.ObjectRecord.LiveClass), record.count c = List.countP (Minidregg.Kernel.ObjectiveUpgradeInvariant.counts config P object record c) cells
theorem	Minidregg.Kernel.ObjectiveUpgradeInvariant.Census.covers	671c0fee3c0bdb242404ad1ac3ced7b19947568b58d8ba64d3fe484d59d9e047	819db6bb3e2994d2a1a55d7f761e12136faf2df1680cce987598265194c7ae4f	eb7af32a8cf72251fea0c07d04ae49b61876afe4683c1afb922dd31f539771ca	59ee7c79bdb63459	Classical.choice,Quot.sound,propext	∀ {config : Minidregg.Kernel.ObjectiveActivity.Config} {P : Minidregg.Kernel.ObjectiveUpgradeInvariant.Payloads} {cells : List Minidregg.Kernel.DurableDataIntent.CellId}, Minidregg.Kernel.ObjectiveUpgradeInvariant.Census config P cells → ∀ (cell : Minidregg.Kernel.DurableDataIntent.CellId) (activity : Minidregg.Kernel.ObjectiveActivity.Record), Minidregg.Kernel.ObjectiveUpgradeInvariant.awaitingView config P cell = Option.some activity → cell ∈ cells
theorem	Minidregg.Kernel.ObjectiveUpgradeInvariant.Census.homed	2e594921ad73bb34599cd43a6e1bac5a616c53ff716fc6670c752a5b71b04a97	1714d1868ed287c9e3d8a296052201324a1480df203637671d07d2764da682f6	a9d2d97a89ac22f98d6ef64e5d23dc47f6f1e2bda99eedbbe6f61be1be406786	d322dc05a513ec13	Classical.choice,Quot.sound,propext	∀ {config : Minidregg.Kernel.ObjectiveActivity.Config} {P : Minidregg.Kernel.ObjectiveUpgradeInvariant.Payloads} {cells : List Minidregg.Kernel.DurableDataIntent.CellId}, Minidregg.Kernel.ObjectiveUpgradeInvariant.Census config P cells → ∀ (cell : Minidregg.Kernel.DurableDataIntent.CellId) (activity : Minidregg.Kernel.ObjectiveActivity.Record), Minidregg.Kernel.ObjectiveUpgradeInvariant.awaitingView config P cell = Option.some activity → ∃ record, Minidregg.Kernel.ObjectiveUpgradeInvariant.objectView activity.object (P (Minidregg.Kernel.ObjectiveActivity.objectCell config.domain activity.object)) = Option.some record
ctor	Minidregg.Kernel.ObjectiveUpgradeInvariant.Census.mk	00b65012ada9ae40294ac690fe02d6879a5cd36b2f2cf13a34a10c17351413c8	b1b5c2c886f5833497ec7488f4cd79e35ce664b90242fca3b24336f7809104d9	ff1712e31e39d2da1e32e2383b54f063759647fa92519dc9ad3e75423862b225	628892606ae8ae3a		∀ {config : Minidregg.Kernel.ObjectiveActivity.Config} {P : Minidregg.Kernel.ObjectiveUpgradeInvariant.Payloads} {cells : List Minidregg.Kernel.DurableDataIntent.CellId}, cells.Nodup → (∀ (cell : Minidregg.Kernel.DurableDataIntent.CellId) (activity : Minidregg.Kernel.ObjectiveActivity.Record), Minidregg.Kernel.ObjectiveUpgradeInvariant.awaitingView config P cell = Option.some activity → cell ∈ cells) → (∀ (cell : Minidregg.Kernel.DurableDataIntent.CellId) (activity : Minidregg.Kernel.ObjectiveActivity.Record), Minidregg.Kernel.ObjectiveUpgradeInvariant.awaitingView config P cell = Option.some activity → ∃ record, Minidregg.Kernel.ObjectiveUpgradeInvariant.objectView activity.object (P (Minidregg.Kernel.ObjectiveActivity.objectCell config.domain activity.object)) = Option.some record) → (∀ (object : Minidregg.Kernel.DurableDataIntent.CellId) (record : Minidregg.Kernel.ObjectRecord.ObjectRecord), Minidregg.Kernel.ObjectiveUpgradeInvariant.objectView object (P (Minidregg.Kernel.ObjectiveActivity.objectCell config.domain object)) = Option.some record → ∀ (c : Minidregg.Kernel.ObjectRecord.LiveClass), record.count c = List.countP (Minidregg.Kernel.ObjectiveUpgradeInvariant.counts config P object record c) cells) → Minidregg.Kernel.ObjectiveUpgradeInvariant.Census config P cells
theorem	Minidregg.Kernel.ObjectiveUpgradeInvariant.Census.nodup	42ae1e689b9b4277e584c9a40c91f3f2d28972be5728f934ada15f5379b8670f	1645d61e39f7a4466e62bd9e11c3bb3ac253ba624d5df799a00f41254c86cf94	9847f20e90ed776fe8f7a403989f423ccbf78c62ffb85d622e6b949e7b114e5d	c63360068715b631	Classical.choice,Quot.sound,propext	∀ {config : Minidregg.Kernel.ObjectiveActivity.Config} {P : Minidregg.Kernel.ObjectiveUpgradeInvariant.Payloads} {cells : List Minidregg.Kernel.DurableDataIntent.CellId}, Minidregg.Kernel.ObjectiveUpgradeInvariant.Census config P cells → cells.Nodup
theorem	Minidregg.Kernel.ObjectiveUpgradeInvariant.Creation.upgradable	13b790cf4ddce8ad9ab64e9fe2fd7ab2ebd4fcf79779bc34c854cc7a98266e74	f92b77f79e0d2e39727323d5dd73bd6b64f89ed2467190c5f85ec392b4bf8af9	7aa5d6eb9328a5c1db17e0e5130a5f51666eab008c399e04c998cbf210ad7b86	a04f866ccc92ee49	Classical.choice,Quot.sound,propext	∀ {rootBytes : Minidregg.Kernel.ObjectiveActivityWire.Bytes → Minidregg.Theory.TypedAuthorization.Digest} {config : Minidregg.Kernel.ObjectiveActivity.Config} {snapshot : Minidregg.Kernel.ObjectiveActivity.Snapshot rootBytes} {height : ℕ} {request : Minidregg.Kernel.ObjectiveActivity.CreateRequest} (created : Minidregg.Kernel.ObjectiveActivity.Creation config snapshot height request), Minidregg.Kernel.ObjectiveUpgradeInvariant.Upgradable config (Minidregg.Kernel.ObjectiveUpgradeInvariant.payloads snapshot.canonicalBytes) → Minidregg.Kernel.ObjectiveUpgradeInvariant.Upgradable config (Minidregg.Kernel.ObjectiveUpgradeInvariant.payloads (Minidregg.Kernel.ObjectiveActivity.afterPosts snapshot created.posts))
theorem	Minidregg.Kernel.ObjectiveUpgradeInvariant.Delivery.upgradable	f646c494385b6d8d4d57ced96a155d737a8c901ee1f87c159f1bddbca9750b33	6e79cc655f7bc63778e840800cd7887a5bbd8c656a5e1f37651e0b714d2fb419	9076af7f429c7ab65f817fa9f771b488695054a7aa1616104efb7678ea08d0fd	fae27d2c291047af	Classical.choice,Quot.sound,propext	∀ {rootBytes : Minidregg.Kernel.ObjectiveActivityWire.Bytes → Minidregg.Theory.TypedAuthorization.Digest} {config : Minidregg.Kernel.ObjectiveActivity.Config} {snapshot : Minidregg.Kernel.ObjectiveActivity.Snapshot rootBytes} {height : ℕ} {request : Minidregg.Kernel.ObjectiveActivity.DeliverRequest} (delivery : Minidregg.Kernel.ObjectiveActivity.Delivery config snapshot height request), Minidregg.Kernel.ObjectiveUpgradeInvariant.Upgradable config (Minidregg.Kernel.ObjectiveUpgradeInvariant.payloads snapshot.canonicalBytes) → Minidregg.Kernel.ObjectiveUpgradeInvariant.Upgradable config (Minidregg.Kernel.ObjectiveUpgradeInvariant.payloads (Minidregg.Kernel.ObjectiveActivity.afterPosts snapshot delivery.posts))
theorem	Minidregg.Kernel.ObjectiveUpgradeInvariant.Exhaustion.upgradable	4c119f52255cd264931b0e643a40cf3deebf8f8865ad348cb7dabe696d9d7e23	268ad07f0b77b77a5c22f1ba1da0d9c66a6fb016393984569a2ca7aa73eb9514	4515505eea8469d50ba3b4b8573542b8f698e290a516926a22c3e01bed93a4ed	1fd73f0fec078736	Classical.choice,Quot.sound,propext	∀ {rootBytes : Minidregg.Kernel.ObjectiveActivityWire.Bytes → Minidregg.Theory.TypedAuthorization.Digest} {config : Minidregg.Kernel.ObjectiveActivity.Config} {snapshot : Minidregg.Kernel.ObjectiveActivity.Snapshot rootBytes} {height : ℕ} {request : Minidregg.Kernel.ObjectiveActivity.ExhaustRequest} (exhausted : Minidregg.Kernel.ObjectiveActivity.Exhaustion config snapshot height request), Minidregg.Kernel.ObjectiveUpgradeInvariant.Upgradable config (Minidregg.Kernel.ObjectiveUpgradeInvariant.payloads snapshot.canonicalBytes) → Minidregg.Kernel.ObjectiveUpgradeInvariant.Upgradable config (Minidregg.Kernel.ObjectiveUpgradeInvariant.payloads (Minidregg.Kernel.ObjectiveActivity.afterPosts snapshot exhausted.posts))
def	Minidregg.Kernel.ObjectiveUpgradeInvariant.GenesisClean	5c7d3d2cceb4977ac0d9e3e6b2a9e16ce9ddc951adec474c4a1f70e2a458b3ea	2761bf51ac19515e523c38cdb0efa9f7738c8e637de53dbe4055e35872281c81	6a72a98f988421444bd0e4b71232502e7bc4a7956b5e65a9031270bb8055c33a	b184ebc067b2a54b	Classical.choice,Quot.sound,propext	{rootBytes : Minidregg.Kernel.ObjectiveActivityWire.Bytes → Minidregg.Theory.TypedAuthorization.Digest} → Minidregg.Kernel.ObjectiveActivity.Config → Minidregg.Kernel.ObjectiveActivity.Snapshot rootBytes → Prop := fun {rootBytes} config genesis => (∀ (cell : Minidregg.Kernel.DurableDataIntent.CellId), Minidregg.Kernel.ObjectiveUpgradeInvariant.awaitingView config (Minidregg.Kernel.ObjectiveUpgradeInvariant.payloads genesis.canonicalBytes) cell = Option.none) ∧ ∀ (object : Minidregg.Kernel.DurableDataIntent.CellId), Minidregg.Kernel.ObjectiveUpgradeInvariant.objectView object (Minidregg.Kernel.ObjectiveUpgradeInvariant.payloads genesis.canonicalBytes (Minidregg.Kernel.ObjectiveActivity.objectCell config.domain object)) = Option.none
theorem	Minidregg.Kernel.ObjectiveUpgradeInvariant.Invocation.upgradable	186377361b04846acc803c2deca8c7575e46d27250d6adb7ba947fb9861d6122	37b7a7f86d19806bd433b1a46869966a544349033447be2b67925811ddcb8a3e	16803435428eb1547f2ec8555def1d179eefd857a56c81a099a176315dd511a0	66acfd99cff13038	Classical.choice,Quot.sound,propext	∀ {rootBytes : Minidregg.Kernel.ObjectiveActivityWire.Bytes → Minidregg.Theory.TypedAuthorization.Digest} {config : Minidregg.Kernel.ObjectiveActivity.Config} {snapshot : Minidregg.Kernel.ObjectiveActivity.Snapshot rootBytes} {height : ℕ} {request : Minidregg.Kernel.ObjectiveCall.InvokeRequest} (invoked : Minidregg.Kernel.ObjectiveCall.Invocation config snapshot height request), Minidregg.Kernel.ObjectiveUpgradeInvariant.Upgradable config (Minidregg.Kernel.ObjectiveUpgradeInvariant.payloads snapshot.canonicalBytes) → Minidregg.Kernel.ObjectiveUpgradeInvariant.Upgradable config (Minidregg.Kernel.ObjectiveUpgradeInvariant.payloads (Minidregg.Kernel.ObjectiveActivity.afterPosts snapshot invoked.posts))
def	Minidregg.Kernel.ObjectiveUpgradeInvariant.Kinded	72211ccf519b4f6a20add996f609bc936fb89fb45b8bdd58e5be0de63ffbcc32	8f72b3cf5cdfb28efd92a6f5fddd1847b448828bb8ad4b92fea2030debb309a1	1c421cbee11771b9a600d67a8a9c1c25211e17cf1b021bd778352f5ece2b8f83	563ad7fa8bf53adb	Classical.choice,Quot.sound,propext	{rootBytes : Minidregg.Kernel.ObjectiveActivityWire.Bytes → Minidregg.Theory.TypedAuthorization.Digest} → Minidregg.Kernel.ObjectiveActivity.Snapshot rootBytes → Minidregg.Kernel.ObjectiveActivityCell.Role → Minidregg.Kernel.ObjectiveActivityWire.Post → Prop := fun {rootBytes} snapshot role post => Minidregg.Kernel.ObjectiveUpgradeInvariant.OfRole role (Minidregg.Kernel.ObjectiveActivity.payloadOf (snapshot.canonicalBytes post.cell)) ∧ Minidregg.Kernel.ObjectiveUpgradeInvariant.OfRole role (Minidregg.Kernel.ObjectiveActivity.payloadOf post.bytes)
def	Minidregg.Kernel.ObjectiveUpgradeInvariant.LiveCounts	edd196a9862293750f1b97c12f22ae9343d5faf19193f73f9db1dc6384e046cf	9b809421d6c900f499fb194b2dd9483c385e04b3761f0e87d84e755dcb704ea0	eb8c166fa9c605a1f8dd801c076a1843278e574c6abd40a0c2af9420fced5cd8	832700adbe89e254	Classical.choice,Quot.sound,propext	Minidregg.Kernel.ObjectiveActivity.Config → Minidregg.Kernel.ObjectiveUpgradeInvariant.Payloads → Prop := fun config P => ∃ cells, Minidregg.Kernel.ObjectiveUpgradeInvariant.Census config P cells
theorem	Minidregg.Kernel.ObjectiveUpgradeInvariant.MessageDelivery.upgradable	4aee338def76554f31f0fd998fe324004518180fbe061d749f395bf3842506b6	e58d8ffd8e5a9b0df7fcdda324aa25f09e670f27c2235d9df2711d895611af28	fca167692362f760f991e6d5ef42f8a506f13ccb720f57c08c267bc302b5eba2	4c8a1fa05978a014	Classical.choice,Quot.sound,propext	∀ {rootBytes : Minidregg.Kernel.ObjectiveActivityWire.Bytes → Minidregg.Theory.TypedAuthorization.Digest} {config : Minidregg.Kernel.ObjectiveActivity.Config} {snapshot : Minidregg.Kernel.ObjectiveActivity.Snapshot rootBytes} {height : ℕ} {request : Minidregg.Kernel.ObjectiveSend.MessageRequest} (delivered : Minidregg.Kernel.ObjectiveSend.MessageDelivery config snapshot height request), Minidregg.Kernel.ObjectiveUpgradeInvariant.Upgradable config (Minidregg.Kernel.ObjectiveUpgradeInvariant.payloads snapshot.canonicalBytes) → Minidregg.Kernel.ObjectiveUpgradeInvariant.Upgradable config (Minidregg.Kernel.ObjectiveUpgradeInvariant.payloads (Minidregg.Kernel.ObjectiveActivity.afterPosts snapshot delivered.posts))
def	Minidregg.Kernel.ObjectiveUpgradeInvariant.Migratable	b2eb10c9ec9b5036eeb069f205c2a493be2d892ea5ad7a58fe84d2294631f32d	0b916ce243da1bdaeb47b631402873bcf59dc01335b61da28c7707b1789170fe	5cca56cc6a612a8f6d7704e5ad0936f33bb815607be547837f991c676b67fdc6	ca95c7cecafdb72e	Classical.choice,Quot.sound,propext	Minidregg.Kernel.ObjectiveActivity.Config → Minidregg.Kernel.ObjectiveActivityWire.Bytes → Minidregg.Kernel.ObjectRecord.ObjectRecord → Minidregg.Kernel.DurableDataIntent.CellId → Minidregg.Kernel.ObjectRecord.Pending → Minidregg.Theory.ObjectiveBendDemandData.Data → Prop := fun config package record object next value => ∃ migrated, Minidregg.Kernel.ObjectiveActivity.migrateValue config package next value = Except.ok migrated ∧ Minidregg.Kernel.ObjectRecord.admitWrite (record.successor next) (Minidregg.Kernel.ObjectRecord.migrateFacts object.value next) (Option.some migrated) migrated = Except.ok ()
def	Minidregg.Kernel.ObjectiveUpgradeInvariant.MigratableStates	379e1cfdcb27c70b9cae2d96ed70d4a3adf56dde57291f8cc7364666ec8d4953	9b809421d6c900f499fb194b2dd9483c385e04b3761f0e87d84e755dcb704ea0	7bb23d63d3c5ee4fc1318607a89644e2776de7cf38732b0bfcd731b4e2ab3eb1	8a83bcab67b9c1cf	Classical.choice,Quot.sound,propext	Minidregg.Kernel.ObjectiveActivity.Config → Minidregg.Kernel.ObjectiveUpgradeInvariant.Payloads → Prop := fun config P => ∀ (object : Minidregg.Kernel.DurableDataIntent.CellId) (record : Minidregg.Kernel.ObjectRecord.ObjectRecord) (next : Minidregg.Kernel.ObjectRecord.Pending) (deadline : ℕ) (state : Minidregg.Kernel.ObjectState), Minidregg.Kernel.ObjectiveUpgradeInvariant.objectView object (P (Minidregg.Kernel.ObjectiveActivity.objectCell config.domain object)) = Option.some record → record.phase = Minidregg.Kernel.ObjectRecord.UpgradePhase.draining next deadline → Minidregg.Kernel.ObjectiveUpgradeInvariant.stateView object (P (Minidregg.Kernel.ObjectiveActivity.stateCell config.domain object)) = Option.some state → Minidregg.Kernel.ObjectiveUpgradeInvariant.Migratable config (Minidregg.Kernel.ObjectiveUpgradeInvariant.packageView (P (Minidregg.Kernel.ObjectiveActivity.packageCell config.domain next.pin))) record object next state.value
theorem	Minidregg.Kernel.ObjectiveUpgradeInvariant.Migrated.upgradable	d4c70d420dfc6f538d6dc1207c243edf1c34daa0915655031c09a696650a42ef	ad4ff248b7d6e46524e66ada9dcada589c667090a00ff121a062e0baf0500904	7d7c90bae79d28c672370e0eaad913c49fe726103ddb01800ba984421cfce175	426f371cb9a7252b	Classical.choice,Quot.sound,propext	∀ {rootBytes : Minidregg.Kernel.ObjectiveActivityWire.Bytes → Minidregg.Theory.TypedAuthorization.Digest} {config : Minidregg.Kernel.ObjectiveActivity.Config} {snapshot : Minidregg.Kernel.ObjectiveActivity.Snapshot rootBytes} {height : ℕ} {request : Minidregg.Kernel.ObjectiveActivity.MigrateRequest} (migrated : Minidregg.Kernel.ObjectiveActivity.Migrated config snapshot height request), Minidregg.Kernel.ObjectiveUpgradeInvariant.Upgradable config (Minidregg.Kernel.ObjectiveUpgradeInvariant.payloads snapshot.canonicalBytes) → Minidregg.Kernel.ObjectiveUpgradeInvariant.Upgradable config (Minidregg.Kernel.ObjectiveUpgradeInvariant.payloads (Minidregg.Kernel.ObjectiveActivity.afterPosts snapshot migrated.posts))
def	Minidregg.Kernel.ObjectiveUpgradeInvariant.OfRole	78b7acd0389a1c14b5317806e818f3a2e682fdcef3b90174e81a636a308ef291	152d89bd51265f5fa7238fbcb1808aaa9acc7e9395358fd070404723fef8aa81	50097bf48afdba9d4e89831eaf7a8fd471c9d0dcda0a749187f8454df3c160e6	059d6fd21439ec9d	Classical.choice,Quot.sound,propext	Minidregg.Kernel.ObjectiveActivityCell.Role → Option Minidregg.Kernel.ObjectiveUpgradeInvariant.Payload → Prop := fun role payload => ∀ (p : Minidregg.Kernel.ObjectiveUpgradeInvariant.Payload), payload = Option.some p → p.role = role
def	Minidregg.Kernel.ObjectiveUpgradeInvariant.OthersAgree	2d233b13d2c62956d059a94068f791813f180187fa9a5eebc36bd02e3d87a88c	d1e8ca8bbe0e9e8abfd9f6cce1b0aee575440eb11b9fbda7879d85af1406a796	0022b2cc9563a01988abf9353dcf8cb664ed037b9d92bca764d5e6f6c634fe7d	426ee0ccab93ec5c	Classical.choice,Quot.sound,propext	Minidregg.Kernel.ObjectiveActivity.Config → Minidregg.Kernel.ObjectiveUpgradeInvariant.Payloads → Minidregg.Kernel.ObjectiveUpgradeInvariant.Payloads → Minidregg.Kernel.DurableDataIntent.CellId → Prop := fun config P Q object => ∀ (cell other : Minidregg.Kernel.DurableDataIntent.CellId), other ≠ object → Option.filter (fun a => Decidable.decide (a.object = other)) (Minidregg.Kernel.ObjectiveUpgradeInvariant.awaitingView config Q cell) = Option.filter (fun a => Decidable.decide (a.object = other)) (Minidregg.Kernel.ObjectiveUpgradeInvariant.awaitingView config P cell)
def	Minidregg.Kernel.ObjectiveUpgradeInvariant.Payload	9df13ce4bbfd162704904e6a54ca896b7fb7f5f839c8fc40167e196c6661c127	89855d392aa192071e8a2b2230d30ecae8fc9de0c15fa6a53f6209226829292a	12a184bb195f2a7a05a8ccae334ca5346f61377065166d6abd2d097f7cf57b87	2b9fe0ea7bbe5a50	Classical.choice,Quot.sound,propext	Type
def	Minidregg.Kernel.ObjectiveUpgradeInvariant.Payloads	c0826d9588a7bf7690aeb8c9073b9457e86bf13db0e8ea5697e5f1abbe92bf47	89855d392aa192071e8a2b2230d30ecae8fc9de0c15fa6a53f6209226829292a	e7a14278e650bbae7ce2bdeff684510b5b88176987f6f2bfbc9b7a4b9f5b172a	ebb6ba2f2303e704	Classical.choice,Quot.sound,propext	Type
def	Minidregg.Kernel.ObjectiveUpgradeInvariant.Protected	1213a90826035bf4e0ef2552cc753f3118714c8af09943fb8be436041bb1756e	9afe525bf665eae4a917cdc88dad5a6f5cdb74b47652e6f9a5ab37645ec80740	2985d61febab0b3f566f815f8dfb12b0bf617c58713ccd382b753d1585f115de	8b9054305013577b	propext	Minidregg.Kernel.DurableDataIntent.CellId → Prop := Minidregg.Kernel.ObjectiveActivityGate.Protected
theorem	Minidregg.Kernel.ObjectiveUpgradeInvariant.Publication.upgradable	8bf73289104e9e01501c2ef3443fe05bd8bfb71b7e4a5db2b22f69cce7df7d55	dc31b6588545c8ed3a1a0837a2b619300f6f871a6b65d9a7ddf51418c53e40e3	dbbd51733f89678b14873b794d4fba022a2bac35baa94454d3db22e8f728bec6	8c8ed02a01e84ddb	Classical.choice,Quot.sound,propext	∀ {rootBytes : Minidregg.Kernel.ObjectiveActivityWire.Bytes → Minidregg.Theory.TypedAuthorization.Digest} {config : Minidregg.Kernel.ObjectiveActivity.Config} {snapshot : Minidregg.Kernel.ObjectiveActivity.Snapshot rootBytes} {stored : Minidregg.Kernel.ObjectiveActivity.Stored} (publication : Minidregg.Kernel.ObjectiveActivity.Publication config snapshot stored), Minidregg.Kernel.ObjectiveUpgradeInvariant.Upgradable config (Minidregg.Kernel.ObjectiveUpgradeInvariant.payloads snapshot.canonicalBytes) → Minidregg.Kernel.ObjectiveUpgradeInvariant.Upgradable config (Minidregg.Kernel.ObjectiveUpgradeInvariant.payloads (Minidregg.Kernel.ObjectiveActivity.afterPosts snapshot publication.posts))
theorem	Minidregg.Kernel.ObjectiveUpgradeInvariant.Rebirth.upgradable	3ddb965748e8049afcd551dcdc8a710671af1cd67cb8406f023e1600fd45d17c	258325035669fc59f607442891b81e48205268c8175d544a4c080ca055e38ed2	2716968c2bf6e4bfc98fb8e973a68c739ef51a67f8d06f0ade07183fdcd5003a	5d64a6e79139f4b6	Classical.choice,Quot.sound,propext	∀ {rootBytes : Minidregg.Kernel.ObjectiveActivityWire.Bytes → Minidregg.Theory.TypedAuthorization.Digest} {config : Minidregg.Kernel.ObjectiveActivity.Config} {snapshot : Minidregg.Kernel.ObjectiveActivity.Snapshot rootBytes} {height : ℕ} {request : Minidregg.Kernel.ObjectiveActivity.RebirthRequest} (reborn : Minidregg.Kernel.ObjectiveActivity.Rebirth config snapshot height request), Minidregg.Kernel.ObjectiveUpgradeInvariant.Upgradable config (Minidregg.Kernel.ObjectiveUpgradeInvariant.payloads snapshot.canonicalBytes) → Minidregg.Kernel.ObjectiveUpgradeInvariant.Upgradable config (Minidregg.Kernel.ObjectiveUpgradeInvariant.payloads (Minidregg.Kernel.ObjectiveActivity.afterPosts snapshot reborn.posts))
theorem	Minidregg.Kernel.ObjectiveUpgradeInvariant.Registration.upgradable	014585e02bdfd58dead26d944aa5c8a1bbd99f18cc530d843c61bf71090a0f7b	fedcbb625f54503ad57a916e0a2f08853069f8ca620a9cfa0652f4c0c0f2caf6	2cbab1c45023effe6f91b94fab8fe9cec0bdf72a7c719c13165b66f579139cad	37c9685452f35e7a	Classical.choice,Quot.sound,propext	∀ {rootBytes : Minidregg.Kernel.ObjectiveActivityWire.Bytes → Minidregg.Theory.TypedAuthorization.Digest} {config : Minidregg.Kernel.ObjectiveActivity.Config} {snapshot : Minidregg.Kernel.ObjectiveActivity.Snapshot rootBytes} {height : ℕ} {request : Minidregg.Kernel.ObjectiveActivity.RegisterRequest} (registered : Minidregg.Kernel.ObjectiveActivity.Registration config snapshot height request), Minidregg.Kernel.ObjectiveUpgradeInvariant.Upgradable config (Minidregg.Kernel.ObjectiveUpgradeInvariant.payloads snapshot.canonicalBytes) → Minidregg.Kernel.ObjectiveUpgradeInvariant.Upgradable config (Minidregg.Kernel.ObjectiveUpgradeInvariant.payloads (Minidregg.Kernel.ObjectiveActivity.afterPosts snapshot registered.posts))
theorem	Minidregg.Kernel.ObjectiveUpgradeInvariant.Resolution.upgradable	79d79ae14b8b71420398e4c8639d35f433adce544a1651d796684c560bd18d32	7346a70f17939d8e2c811b222dec9d2a035db017edebbd47f54d59d26f606ba6	0d0f87d5871dfa5f4d41fb6ab131fab8ff1a959f6d764e766965b4fc64a62134	acae81ea4064c8c2	Classical.choice,Quot.sound,propext	∀ {rootBytes : Minidregg.Kernel.ObjectiveActivityWire.Bytes → Minidregg.Theory.TypedAuthorization.Digest} {config : Minidregg.Kernel.ObjectiveActivity.Config} {snapshot : Minidregg.Kernel.ObjectiveActivity.Snapshot rootBytes} {height : ℕ} {request : Minidregg.Kernel.ObjectiveActivity.ResolveRequest} (resolution : Minidregg.Kernel.ObjectiveActivity.Resolution config snapshot height request), Minidregg.Kernel.ObjectiveUpgradeInvariant.Upgradable config (Minidregg.Kernel.ObjectiveUpgradeInvariant.payloads snapshot.canonicalBytes) → Minidregg.Kernel.ObjectiveUpgradeInvariant.Upgradable config (Minidregg.Kernel.ObjectiveUpgradeInvariant.payloads (Minidregg.Kernel.ObjectiveActivity.afterPosts snapshot resolution.posts))
def	Minidregg.Kernel.ObjectiveUpgradeInvariant.Silent	ae0f97ad7d414fca56bebe5138799f05bac8929f33cd1341f55072028476a47d	86a157b1acf93a694a9032c7af1b49ef3c67ff707b6a4b9b37bc20dd75ddcfa6	5f35949936033021b94c4e6a520bb66de0a5944b709a85ebf89505bbee4bb23a	f5dbd2be4753bdde	Classical.choice,Quot.sound,propext	{rootBytes : Minidregg.Kernel.ObjectiveActivityWire.Bytes → Minidregg.Theory.TypedAuthorization.Digest} → Minidregg.Kernel.ObjectiveActivity.Snapshot rootBytes → Minidregg.Kernel.ObjectiveActivityWire.Post → Prop := fun {rootBytes} snapshot post => ∃ role, role ≠ Minidregg.Kernel.ObjectiveActivityCell.Role.record ∧ role ≠ Minidregg.Kernel.ObjectiveActivityCell.Role.object ∧ role ≠ Minidregg.Kernel.ObjectiveActivityCell.Role.state ∧ role ≠ Minidregg.Kernel.ObjectiveActivityCell.Role.package ∧ Minidregg.Kernel.ObjectiveUpgradeInvariant.Kinded snapshot role post
def	Minidregg.Kernel.ObjectiveUpgradeInvariant.StateJudged	d4878049d33cc724862c5a12e4b1fff38c573dde37c2caa6adbeb517440fe65d	92aff38c961b3ddac942564f2ff9ef20bc00694c8f1b89dc3e2a240600422de0	3150bd28f6047bf2792f2c816d81815015da32bc5895a7860fc480046e827bfb	ea4781e299d2242a	Classical.choice,Quot.sound,propext	{rootBytes : Minidregg.Kernel.ObjectiveActivityWire.Bytes → Minidregg.Theory.TypedAuthorization.Digest} → Minidregg.Kernel.ObjectiveActivity.Config → Minidregg.Kernel.ObjectiveActivity.Snapshot rootBytes → Minidregg.Kernel.DurableDataIntent.CellId → Minidregg.Kernel.ObjectState → Prop := fun {rootBytes} config snapshot object state => ∀ (record : Minidregg.Kernel.ObjectRecord.ObjectRecord) (next : Minidregg.Kernel.ObjectRecord.Pending) (deadline : ℕ), Minidregg.Kernel.ObjectiveActivity.readObject config snapshot object = Except.ok (Option.some record) → record.phase = Minidregg.Kernel.ObjectRecord.UpgradePhase.draining next deadline → Minidregg.Kernel.ObjectiveUpgradeInvariant.Migratable config (Minidregg.Kernel.ObjectiveActivity.packageBytes config snapshot next.pin) record object next state.value
def	Minidregg.Kernel.ObjectiveUpgradeInvariant.StatePostOk	bd2ef48f1044c1323d5d6712bca262a705b505cdc9b9280693f3f1ae6775eb8a	35c9a890584c5fa3346f18f81df76d53a0c38194d14ac9a29d2fc1117cbdc5bf	08c3c98055973d161475daa6957ff1fa3ff1e3ea26943f465af19ac838856b25	2573b2595355f31f	Classical.choice,Quot.sound,propext	{rootBytes : Minidregg.Kernel.ObjectiveActivityWire.Bytes → Minidregg.Theory.TypedAuthorization.Digest} → Minidregg.Kernel.ObjectiveActivity.Config → Minidregg.Kernel.ObjectiveActivity.Snapshot rootBytes → Minidregg.Kernel.ObjectiveActivityWire.Post → Prop := fun {rootBytes} config snapshot post => Minidregg.Kernel.ObjectiveUpgradeInvariant.Silent snapshot post ∨ ∃ object state, post = Minidregg.Kernel.ObjectiveActivity.postAt snapshot (Minidregg.Kernel.ObjectiveActivity.stateCell config.domain object) (Minidregg.Kernel.ObjectiveActivity.stateImage object state) ∧ (∃ current, Minidregg.Kernel.ObjectiveActivity.readState config snapshot object = Except.ok current) ∧ Minidregg.Kernel.ObjectiveUpgradeInvariant.StateJudged config snapshot object state
theorem	Minidregg.Kernel.ObjectiveUpgradeInvariant.Step.upgradable	fdfa71c0cb6c3a6249417578de3962c3a7a0e6e4b6022edc33f3f505117af20b	862fc9ffeb2fc419bed32b5374dc643c115a9f3ac26ab2881a2e233165be0f82	d28d61099b8aac8fd5177da5d82bf313e268d17a6e1b586d67f00a292554a760	b972f24ec343b536	Classical.choice,Quot.sound,propext	∀ {rootBytes : Minidregg.Kernel.ObjectiveActivityWire.Bytes → Minidregg.Theory.TypedAuthorization.Digest} {config : Minidregg.Kernel.ObjectiveActivity.Config} {before after : Minidregg.Kernel.ObjectiveActivity.Snapshot rootBytes}, Minidregg.Kernel.ObjectiveUpgradeInvariant.BookUnprotected config → Minidregg.Kernel.ObjectiveCheckpointInvariant.Step config before after → Minidregg.Kernel.ObjectiveUpgradeInvariant.Upgradable config (Minidregg.Kernel.ObjectiveUpgradeInvariant.payloads before.canonicalBytes) → Minidregg.Kernel.ObjectiveUpgradeInvariant.Upgradable config (Minidregg.Kernel.ObjectiveUpgradeInvariant.payloads after.canonicalBytes)
theorem	Minidregg.Kernel.ObjectiveUpgradeInvariant.TopUp.upgradable	7229cf87973ae551918ebdaf31564c4d7567ca420c40ad7e72fbcc1c3e218a6a	8b7cd7ceac848faca875192b321a7439e3074ee1e9c0d850cd1f5463d7894199	b152e438f8bdd76356ce35bb00ae196338115ea9e196f817565c2cf40eb9ee61	6f45a3837cd0a1a5	Classical.choice,Quot.sound,propext	∀ {rootBytes : Minidregg.Kernel.ObjectiveActivityWire.Bytes → Minidregg.Theory.TypedAuthorization.Digest} {config : Minidregg.Kernel.ObjectiveActivity.Config} {snapshot : Minidregg.Kernel.ObjectiveActivity.Snapshot rootBytes} {request : Minidregg.Kernel.ObjectiveActivity.TopUpRequest} (topped : Minidregg.Kernel.ObjectiveActivity.TopUp config snapshot request), Minidregg.Kernel.ObjectiveUpgradeInvariant.Upgradable config (Minidregg.Kernel.ObjectiveUpgradeInvariant.payloads snapshot.canonicalBytes) → Minidregg.Kernel.ObjectiveUpgradeInvariant.Upgradable config (Minidregg.Kernel.ObjectiveUpgradeInvariant.payloads (Minidregg.Kernel.ObjectiveActivity.afterPosts snapshot [Minidregg.Kernel.ObjectiveActivity.Postings.write config snapshot topped.posted]))
def	Minidregg.Kernel.ObjectiveUpgradeInvariant.Upgradable	a2244440d666814027c5cb0e894b7b9ba15ece2eea4e213da95aecf99cdb743d	9b809421d6c900f499fb194b2dd9483c385e04b3761f0e87d84e755dcb704ea0	6a0d0092cf091ca2bd5690d81fe9bf3933a4ccf9637eb57a442adabf94e5b384	99dd2a063089a542	Classical.choice,Quot.sound,propext	Minidregg.Kernel.ObjectiveActivity.Config → Minidregg.Kernel.ObjectiveUpgradeInvariant.Payloads → Prop := fun config P => Minidregg.Kernel.ObjectiveUpgradeInvariant.LiveCounts config P ∧ Minidregg.Kernel.ObjectiveUpgradeInvariant.MigratableStates config P
theorem	Minidregg.Kernel.ObjectiveUpgradeInvariant.abandonSlot_silent	8e873e26a0b7e8d391e73132c5cab723aaf72075fb972a6e1144063d150f1f5b	d0549d0edd25e0ab6590c6a444759b445fb707efd191eeec6735692711a7725a	46729abd2bfb6e3b64c6d1f5ea92725e04acc0bd6bc4620136118e4a8be405b5	7b94914c85eca9f0	Classical.choice,Quot.sound,propext	∀ {rootBytes : Minidregg.Kernel.ObjectiveActivityWire.Bytes → Minidregg.Theory.TypedAuthorization.Digest} {config : Minidregg.Kernel.ObjectiveActivity.Config} {snapshot : Minidregg.Kernel.ObjectiveActivity.Snapshot rootBytes} {await : Minidregg.Kernel.ObjectiveActivity.Await} {posts : List Minidregg.Kernel.ObjectiveActivityWire.Post} {claims : List Minidregg.Kernel.DurableDataIntent.StableNullifier}, Minidregg.Kernel.ObjectiveActivity.abandonSlot config snapshot await = Except.ok (posts, claims) → ∀ post ∈ posts, Minidregg.Kernel.ObjectiveUpgradeInvariant.Silent snapshot post
def	Minidregg.Kernel.ObjectiveUpgradeInvariant.awaitingView	17ef19b4c47d6ed7bf4d41159f3e2f7c080da618a6c0f62a28996a8f41645d44	65b7a7a2bf3669eccfa9a2065e350d5ab5a169ba70da03f962d89f8684db3e4f	eb46df640101d6923b4c0c24bca50f4af931c9d256eb688c29be30b16290b60f	08bfcaf2c1e2af3e	Classical.choice,Quot.sound,propext	Minidregg.Kernel.ObjectiveActivity.Config → Minidregg.Kernel.ObjectiveUpgradeInvariant.Payloads → Minidregg.Kernel.DurableDataIntent.CellId → Option Minidregg.Kernel.ObjectiveActivity.Record
theorem	Minidregg.Kernel.ObjectiveUpgradeInvariant.awaitingView_located	ed1306107f8158457eed096b7f011d81fa21d28b08d74e029379eafdb33d85e6	20560f636a73119010857555f31378aff053850f0d9cd32fb03ec2402b90a81f	9bd2b45127b5b9ccca60b8bea8f2f55710064950bc5c14e79a49aa98524a7d9b	c1442179718b17f3	Classical.choice,Quot.sound,propext	∀ {config : Minidregg.Kernel.ObjectiveActivity.Config} {P : Minidregg.Kernel.ObjectiveUpgradeInvariant.Payloads} {cell : Minidregg.Kernel.DurableDataIntent.CellId} {r : Minidregg.Kernel.ObjectiveActivity.Record}, Minidregg.Kernel.ObjectiveUpgradeInvariant.awaitingView config P cell = Option.some r → cell = Minidregg.Kernel.ObjectiveActivity.recordCell config.domain r.object r.activity ∧ r.phase.awaits = Bool.true
theorem	Minidregg.Kernel.ObjectiveUpgradeInvariant.awaitingView_of_recordView	d3d48b6996d35fe69aa8c7641cad33c1afe997cc850862aee787cdc84aaa9fed	ef7a36dea9b509e4cf8a4f1cd8ab1b0f966d1d3d2c56463d4c01ce345ff0e8e4	16edcda8c1a87aa76a18a5291c02cfade10befbb24d46772fe4174351b6c3fed	97b24636503f6ff0	Classical.choice,Quot.sound,propext	∀ {config : Minidregg.Kernel.ObjectiveActivity.Config} {P : Minidregg.Kernel.ObjectiveUpgradeInvariant.Payloads} {cell : Minidregg.Kernel.DurableDataIntent.CellId}, Minidregg.Kernel.ObjectiveUpgradeInvariant.recordView (P cell) = Option.none → Minidregg.Kernel.ObjectiveUpgradeInvariant.awaitingView config P cell = Option.none
theorem	Minidregg.Kernel.ObjectiveUpgradeInvariant.awaiting_after_kinded	e3239a0e95ad7ba3d2e4c403150516ed11c10ed88403652e555fc307f0273f8f	68f7d836355582d1915789c5b5cf037aab400243e548ac47447f8c75ecc38e73	a7d4725a98438266c633d9d6239453ae5770247498d96d3c1f2a29b3df5746ef	041297c3c327f476	Classical.choice,Quot.sound,propext	∀ {rootBytes : Minidregg.Kernel.ObjectiveActivityWire.Bytes → Minidregg.Theory.TypedAuthorization.Digest} (config : Minidregg.Kernel.ObjectiveActivity.Config) (snapshot : Minidregg.Kernel.ObjectiveActivity.Snapshot rootBytes) (posts : List Minidregg.Kernel.ObjectiveActivityWire.Post) (cell : Minidregg.Kernel.DurableDataIntent.CellId), (∀ p ∈ posts, p.cell = cell → ∃ role, role ≠ Minidregg.Kernel.ObjectiveActivityCell.Role.record ∧ Minidregg.Kernel.ObjectiveUpgradeInvariant.Kinded snapshot role p) → Minidregg.Kernel.ObjectiveUpgradeInvariant.awaitingView config (Minidregg.Kernel.ObjectiveUpgradeInvariant.payloads (Minidregg.Kernel.ObjectiveActivity.afterPosts snapshot posts)) cell = Minidregg.Kernel.ObjectiveUpgradeInvariant.awaitingView config (Minidregg.Kernel.ObjectiveUpgradeInvariant.payloads snapshot.canonicalBytes) cell
theorem	Minidregg.Kernel.ObjectiveUpgradeInvariant.awaiting_agree	d471c14fb4c25f4a8fefb68a9ce67bc1288b5926244cf938ffd66629a0d434cf	06822310fa88b67bcfa600b4196d5890df87e5fea0dd159eb82a5eadc22bf21c	222687152565f7eaaf6d8a4fbd5940f6a74c0cb70c54c75ad54396e989b20869	9d917053b7bc476a	Classical.choice,Quot.sound,propext	∀ {config : Minidregg.Kernel.ObjectiveActivity.Config} {P Q : Minidregg.Kernel.ObjectiveUpgradeInvariant.Payloads}, Minidregg.Kernel.ObjectiveUpgradeInvariant.Agree P Q → ∀ (cell : Minidregg.Kernel.DurableDataIntent.CellId), Minidregg.Kernel.ObjectiveUpgradeInvariant.awaitingView config P cell = Minidregg.Kernel.ObjectiveUpgradeInvariant.awaitingView config Q cell
theorem	Minidregg.Kernel.ObjectiveUpgradeInvariant.awaiting_protected	3b7715ebeb2d808247acb836479a6cbc49631143b4ac6def224b860e54f862be	4cf356f7b949ea27972153ca977056a4287f3cfd3caa229022c564a08f38c759	f4c8741e7827542e0b39bf81327f11311667aa5d3839296db0d8efaefe8e9347	ecb28364133c4f55	Classical.choice,Quot.sound,propext	∀ {config : Minidregg.Kernel.ObjectiveActivity.Config} {P : Minidregg.Kernel.ObjectiveUpgradeInvariant.Payloads} {cell : Minidregg.Kernel.DurableDataIntent.CellId} {record : Minidregg.Kernel.ObjectiveActivity.Record}, Minidregg.Kernel.ObjectiveUpgradeInvariant.awaitingView config P cell = Option.some record → Minidregg.Kernel.ObjectiveUpgradeInvariant.Protected cell
theorem	Minidregg.Kernel.ObjectiveUpgradeInvariant.awaiting_readRecord	88a0cc77e401434af0ed7acffcc51ff177b99d725ae7270cb746fa748bdf17f2	7fb8765994eb9f68cedc418ccd6ce66ff2d1f29b045c2dcbff5b599260f6f272	e160b546cbc93eaf2f6b206f8c6a9f6c8bac69bf415c08763b9714cccd7d02c5	55ebab444b80c0a4	Classical.choice,Quot.sound,propext	∀ {rootBytes : Minidregg.Kernel.ObjectiveActivityWire.Bytes → Minidregg.Theory.TypedAuthorization.Digest} (config : Minidregg.Kernel.ObjectiveActivity.Config) (snapshot : Minidregg.Kernel.ObjectiveActivity.Snapshot rootBytes) {cell : Minidregg.Kernel.DurableDataIntent.CellId} {record : Minidregg.Kernel.ObjectiveActivity.Record}, Minidregg.Kernel.ObjectiveActivity.readRecord snapshot cell = Option.some record → cell = Minidregg.Kernel.ObjectiveActivity.recordCell config.domain record.object record.activity → Minidregg.Kernel.ObjectiveUpgradeInvariant.awaitingView config (Minidregg.Kernel.ObjectiveUpgradeInvariant.payloads snapshot.canonicalBytes) cell = if record.phase.awaits = Bool.true then Option.some record else Option.none
theorem	Minidregg.Kernel.ObjectiveUpgradeInvariant.awaiting_recordImage	7c53fa95bd2b9dbd8795b4846f1557be63a6d67c993563874af097d3f751cfdc	8c6f0efae078bda6fbe9675709de25e52935a538af537255b80e589e03193d1d	346906336df27e8eed372b5434f71bee79459137aaf25540b62d427b4a702b63	c1f31ce232f83846	Classical.choice,Quot.sound,propext	∀ (config : Minidregg.Kernel.ObjectiveActivity.Config) (P : Minidregg.Kernel.ObjectiveUpgradeInvariant.Payloads) (cell : Minidregg.Kernel.DurableDataIntent.CellId) (record : Minidregg.Kernel.ObjectiveActivity.Record), record.Fits → P cell = Minidregg.Kernel.ObjectiveActivity.payloadOf (Minidregg.Kernel.ObjectiveActivity.recordImage record) → cell = Minidregg.Kernel.ObjectiveActivity.recordCell config.domain record.object record.activity → Minidregg.Kernel.ObjectiveUpgradeInvariant.awaitingView config P cell = if record.phase.awaits = Bool.true then Option.some record else Option.none
theorem	Minidregg.Kernel.ObjectiveUpgradeInvariant.bookUnprotected_of_lt	70d6d61aed3215042c22fb79d9c46053c1afc8ec760280f1a9806cf35188aa61	21c3af4ed3591d218b584c6cf396e22bb74283e19cc26261d7f233080f5df2da	112b8a15d8771fa51172da6377191c037f083f697d506b060ad87ee16f352d73	6e8ce10cd2b6bf18	propext	∀ {config : Minidregg.Kernel.ObjectiveActivity.Config}, config.deployment.resourceBookId < Minidregg.Kernel.ObjectiveActivityCell.reservedBase → Minidregg.Kernel.ObjectiveUpgradeInvariant.BookUnprotected config
theorem	Minidregg.Kernel.ObjectiveUpgradeInvariant.book_silent	2fc3a839f9505aa3ce074cefddc14703e2619f11614f26cb77ab0ca2e7b1b0b3	b42e822c2bd7741b126157d4f4819a2bff799712d4b8ed3118bc1c91f06826f8	683a8242e1949a35246c9adc0d308d3c024930325e2c4b89768867a2599281d5	442a8ff36ec2b019	Classical.choice,Quot.sound,propext	∀ {rootBytes : Minidregg.Kernel.ObjectiveActivityWire.Bytes → Minidregg.Theory.TypedAuthorization.Digest} {config : Minidregg.Kernel.ObjectiveActivity.Config} {snapshot : Minidregg.Kernel.ObjectiveActivity.Snapshot rootBytes} {book : Minidregg.Kernel.ObjectiveActivity.BookCell}, Minidregg.Kernel.ObjectiveActivity.loadBook config snapshot = Except.ok book → ∀ (posted : Minidregg.Kernel.ObjectiveActivity.Postings book), Minidregg.Kernel.ObjectiveUpgradeInvariant.Silent snapshot (Minidregg.Kernel.ObjectiveActivity.Postings.write config snapshot posted)
theorem	Minidregg.Kernel.ObjectiveUpgradeInvariant.bump_draining	6a234eb41fb9be6e920f119509ee7812b9996abf2df8bca882dd1676ded10bf7	46fb3a5d31f48665c4a1d5655584e673293a93956b406e8d6d1948e9abf398ac	01cc81a3da826ddc2e7e05e300a722a4db8e67cf915113d6f390b71cf9ba86d4	2f8e383e2725809e	-	∀ {record : Minidregg.Kernel.ObjectRecord.ObjectRecord} {f : ℕ → ℕ} {c : Minidregg.Kernel.ObjectRecord.LiveClass} {next : Minidregg.Kernel.ObjectRecord.Pending} {deadline : ℕ}, (record.bump f c).phase = Minidregg.Kernel.ObjectRecord.UpgradePhase.draining next deadline → ∃ old live, record.phase = Minidregg.Kernel.ObjectRecord.UpgradePhase.draining old deadline ∧ next = { pin := old.pin, stateType := old.stateType, migration := old.migration, dropped := old.dropped, law := old.law, packageLaws := old.packageLaws, upgrade := old.upgrade, rebirth := old.rebirth, envelope := old.envelope, adoptedAt := old.adoptedAt, live := live }
theorem	Minidregg.Kernel.ObjectiveUpgradeInvariant.census_end	6c3ded841779f67166dc6c7f9b4c4941753bd320a73363c752733e039416982c	9718c12e2e399760bcbd3ff334058a9474042b597a77f45dea9a16f4053c567e	57d5863834f94cb708363431768136ac79fa80de1b49d58e9ff6e8c0fa491712	8264caae7037e4cc	Classical.choice,Quot.sound,propext	∀ {config : Minidregg.Kernel.ObjectiveActivity.Config} {P Q : Minidregg.Kernel.ObjectiveUpgradeInvariant.Payloads} {cells : List Minidregg.Kernel.DurableDataIntent.CellId} {cell : Minidregg.Kernel.DurableDataIntent.CellId} {record : Minidregg.Kernel.ObjectiveActivity.Record} {object : Minidregg.Kernel.ObjectRecord.ObjectRecord}, Minidregg.Kernel.ObjectiveUpgradeInvariant.Census config P cells → Minidregg.Kernel.ObjectiveUpgradeInvariant.awaitingView config P cell = Option.some record → Minidregg.Kernel.ObjectiveUpgradeInvariant.awaitingView config Q cell = Option.none → (∀ (other : Minidregg.Kernel.DurableDataIntent.CellId), other ≠ cell → Minidregg.Kernel.ObjectiveUpgradeInvariant.awaitingView config Q other = Minidregg.Kernel.ObjectiveUpgradeInvariant.awaitingView config P other) → Minidregg.Kernel.ObjectiveUpgradeInvariant.objectView record.object (P (Minidregg.Kernel.ObjectiveActivity.objectCell config.domain record.object)) = Option.some object → (∀ (other : Minidregg.Kernel.DurableDataIntent.CellId), Minidregg.Kernel.ObjectiveUpgradeInvariant.objectView other (Q (Minidregg.Kernel.ObjectiveActivity.objectCell config.domain other)) = if other = record.object then Option.some (object.release record.pin record.activity) else Minidregg.Kernel.ObjectiveUpgradeInvariant.objectView other (P (Minidregg.Kernel.ObjectiveActivity.objectCell config.domain other))) → Minidregg.Kernel.ObjectiveUpgradeInvariant.Census config Q cells
theorem	Minidregg.Kernel.ObjectiveUpgradeInvariant.census_keys	0032d755ee5a74376f6fd61a7375aee999e0495ee253bff452590b6c45d949d4	5f7f5e3616f8bc010748fc7b9394e02e659530443b2ecef4042e609aa8170350	43cefd4db9bd256c49d3b76d06b6d46da7eb8fc596ed5dc16570fd06db851001	e3389b8a63f9402f	Classical.choice,Quot.sound,propext	∀ {config : Minidregg.Kernel.ObjectiveActivity.Config} {P Q : Minidregg.Kernel.ObjectiveUpgradeInvariant.Payloads} {cells : List Minidregg.Kernel.DurableDataIntent.CellId}, (∀ (cell : Minidregg.Kernel.DurableDataIntent.CellId), Option.map Minidregg.Kernel.ObjectiveUpgradeInvariant.recordKey' (Minidregg.Kernel.ObjectiveUpgradeInvariant.awaitingView config Q cell) = Option.map Minidregg.Kernel.ObjectiveUpgradeInvariant.recordKey' (Minidregg.Kernel.ObjectiveUpgradeInvariant.awaitingView config P cell)) → (∀ (object : Minidregg.Kernel.DurableDataIntent.CellId), Minidregg.Kernel.ObjectiveUpgradeInvariant.objectView object (Q (Minidregg.Kernel.ObjectiveActivity.objectCell config.domain object)) = Minidregg.Kernel.ObjectiveUpgradeInvariant.objectView object (P (Minidregg.Kernel.ObjectiveActivity.objectCell config.domain object))) → Minidregg.Kernel.ObjectiveUpgradeInvariant.Census config P cells → Minidregg.Kernel.ObjectiveUpgradeInvariant.Census config Q cells
theorem	Minidregg.Kernel.ObjectiveUpgradeInvariant.census_reclassify	26df6b84dd4b74e91ef0a7c3f8412bf3fd77fb683392741c2dcba288232b0e67	86175417b433f5e1221b44c055ad69800aa7cef311ba7b6b5c4b71a651bc0ead	57db07b8eff42291b71f7fe69b28f765834606fe06a00d59f57b0283cd3202ea	14e44c250165fbe8	Classical.choice,Quot.sound,propext	∀ {config : Minidregg.Kernel.ObjectiveActivity.Config} {P Q : Minidregg.Kernel.ObjectiveUpgradeInvariant.Payloads} {cells : List Minidregg.Kernel.DurableDataIntent.CellId} {object : Minidregg.Kernel.DurableDataIntent.CellId} {new : Minidregg.Kernel.ObjectRecord.ObjectRecord}, Minidregg.Kernel.ObjectiveUpgradeInvariant.Census config P cells → (∀ (cell : Minidregg.Kernel.DurableDataIntent.CellId), Minidregg.Kernel.ObjectiveUpgradeInvariant.awaitingView config Q cell = Minidregg.Kernel.ObjectiveUpgradeInvariant.awaitingView config P cell) → (∀ (other : Minidregg.Kernel.DurableDataIntent.CellId), Minidregg.Kernel.ObjectiveUpgradeInvariant.objectView other (Q (Minidregg.Kernel.ObjectiveActivity.objectCell config.domain other)) = if other = object then Option.some new else Minidregg.Kernel.ObjectiveUpgradeInvariant.objectView other (P (Minidregg.Kernel.ObjectiveActivity.objectCell config.domain other))) → (∀ (c : Minidregg.Kernel.ObjectRecord.LiveClass), new.count c = List.countP (Minidregg.Kernel.ObjectiveUpgradeInvariant.counts config P object new c) cells) → Minidregg.Kernel.ObjectiveUpgradeInvariant.Census config Q cells
theorem	Minidregg.Kernel.ObjectiveUpgradeInvariant.census_step	866fbbea4bec353b6ec170954083b9069814d0a1408c402caae08cc96945ddfa	6c427b57f4b1a6a118a26cda2f4c4bcf2489bfc8bd4ac04584d6be7e19341012	0b718e94465a85a689e6c768454a34ce1f32d9ff2ca230288ac1357324e2b605	dce39eb4debf1f80	Classical.choice,Quot.sound,propext	∀ {config : Minidregg.Kernel.ObjectiveActivity.Config} {P Q : Minidregg.Kernel.ObjectiveUpgradeInvariant.Payloads} {cells extra : List Minidregg.Kernel.DurableDataIntent.CellId} {object : Minidregg.Kernel.DurableDataIntent.CellId}, Minidregg.Kernel.ObjectiveUpgradeInvariant.Census config P cells → (cells ++ extra).Nodup → (∀ (cell : Minidregg.Kernel.DurableDataIntent.CellId) (activity : Minidregg.Kernel.ObjectiveActivity.Record), Minidregg.Kernel.ObjectiveUpgradeInvariant.awaitingView config Q cell = Option.some activity → cell ∈ cells ++ extra) → (∀ (cell : Minidregg.Kernel.DurableDataIntent.CellId) (activity : Minidregg.Kernel.ObjectiveActivity.Record), Minidregg.Kernel.ObjectiveUpgradeInvariant.awaitingView config Q cell = Option.some activity → ∃ record, Minidregg.Kernel.ObjectiveUpgradeInvariant.objectView activity.object (Q (Minidregg.Kernel.ObjectiveActivity.objectCell config.domain activity.object)) = Option.some record) → Minidregg.Kernel.ObjectiveUpgradeInvariant.OthersAgree config P Q object → (∀ (other : Minidregg.Kernel.DurableDataIntent.CellId), other ≠ object → Minidregg.Kernel.ObjectiveUpgradeInvariant.objectView other (Q (Minidregg.Kernel.ObjectiveActivity.objectCell config.domain other)) = Minidregg.Kernel.ObjectiveUpgradeInvariant.objectView other (P (Minidregg.Kernel.ObjectiveActivity.objectCell config.domain other))) → (∀ (record : Minidregg.Kernel.ObjectRecord.ObjectRecord), Minidregg.Kernel.ObjectiveUpgradeInvariant.objectView object (Q (Minidregg.Kernel.ObjectiveActivity.objectCell config.domain object)) = Option.some record → ∀ (c : Minidregg.Kernel.ObjectRecord.LiveClass), record.count c = List.countP (Minidregg.Kernel.ObjectiveUpgradeInvariant.counts config Q object record c) (cells ++ extra)) → Minidregg.Kernel.ObjectiveUpgradeInvariant.Census config Q (cells ++ extra)
theorem	Minidregg.Kernel.ObjectiveUpgradeInvariant.census_transfer	4ec0dc8bbe300cb8983c143ce2c4fdd12216ff9ad30cfbd9bb907fdb8d644adb	544968676fc5ea0b6bda5c09ec1e1420daf11f86684e03ad98a9569b1e077b2d	7dc107131d2604a67dbf36981fb8d70448bf7489ff120854b89c16326ecfff51	2da41b3119b184fb	Classical.choice,Quot.sound,propext	∀ {config : Minidregg.Kernel.ObjectiveActivity.Config} {P Q : Minidregg.Kernel.ObjectiveUpgradeInvariant.Payloads} {cells : List Minidregg.Kernel.DurableDataIntent.CellId}, Minidregg.Kernel.ObjectiveUpgradeInvariant.Agree P Q → Minidregg.Kernel.ObjectiveUpgradeInvariant.Census config P cells → Minidregg.Kernel.ObjectiveUpgradeInvariant.Census config Q cells
theorem	Minidregg.Kernel.ObjectiveUpgradeInvariant.census_views	df9762e90946b0286d73bb0ad55241ea6dd08931ef3d28b70a4724284133759c	ae16e1a9ef847fc7c0e68e8885489912948faad2a43f52918344a9f3a9d32b82	026271b515b87685db3e80ffe335015e197add990b5506d582810f56e30805ec	cb6c2c8f57317eb2	Classical.choice,Quot.sound,propext	∀ {config : Minidregg.Kernel.ObjectiveActivity.Config} {P Q : Minidregg.Kernel.ObjectiveUpgradeInvariant.Payloads} {cells : List Minidregg.Kernel.DurableDataIntent.CellId}, (∀ (cell : Minidregg.Kernel.DurableDataIntent.CellId), Minidregg.Kernel.ObjectiveUpgradeInvariant.awaitingView config Q cell = Minidregg.Kernel.ObjectiveUpgradeInvariant.awaitingView config P cell) → (∀ (object : Minidregg.Kernel.DurableDataIntent.CellId), Minidregg.Kernel.ObjectiveUpgradeInvariant.objectView object (Q (Minidregg.Kernel.ObjectiveActivity.objectCell config.domain object)) = Minidregg.Kernel.ObjectiveUpgradeInvariant.objectView object (P (Minidregg.Kernel.ObjectiveActivity.objectCell config.domain object))) → Minidregg.Kernel.ObjectiveUpgradeInvariant.Census config P cells → Minidregg.Kernel.ObjectiveUpgradeInvariant.Census config Q cells
def	Minidregg.Kernel.ObjectiveUpgradeInvariant.chosenIn	55dacc9f90346c31623189040c24c2bf7faad5ea88edb01587a21682109dbb2f	0df01ccacf79e9113ca6093a5a9d8e7c19156619ab225c0d797f7ffcc8eb5cf8	00bffa565df9b07e7750352ef3bf2ccc60dc4ab321c36b2561d7086d44e0a852	512d533fe5164287	Classical.choice,Quot.sound,propext	Minidregg.Kernel.ObjectiveActivity.Config → Minidregg.Kernel.ObjectiveUpgradeInvariant.Payloads → Minidregg.Kernel.DurableDataIntent.CellId → List Minidregg.Theory.TypedAuthorization.Digest → Minidregg.Kernel.DurableDataIntent.CellId → Bool
theorem	Minidregg.Kernel.ObjectiveUpgradeInvariant.commitYield_posts_shape	80127e423a458243ecd8616eb1942c9169fa6af22826f49bd564064b016e9caf	fb37c9e470ad23eaef497fa9882e5118fb152646a9594b0eefbc1221c2b3c4d0	06a45814db83852d99819233a10ae470071b6ab3fbaeb76c0de8469ba9b25e36	167b370d54a0494d	Classical.choice,Quot.sound,propext	∀ {rootBytes : Minidregg.Kernel.ObjectiveActivityWire.Bytes → Minidregg.Theory.TypedAuthorization.Digest} {config : Minidregg.Kernel.ObjectiveActivity.Config} {snapshot : Minidregg.Kernel.ObjectiveActivity.Snapshot rootBytes} {height : ℕ} {transaction : Minidregg.Kernel.DurableDataIntent.TransactionId} {cell object : Minidregg.Kernel.DurableDataIntent.CellId} {generation : ℕ} {checkpoint : Minidregg.Theory.TypedAuthorization.Digest} {current : Option Minidregg.Kernel.ObjectState} {viewed : Bool} {plan : Minidregg.Kernel.ObjectiveActivity.PlanAwait} {committed : Minidregg.Kernel.ObjectiveActivity.YieldCommit}, Minidregg.Kernel.ObjectiveActivity.commitYield config snapshot height transaction cell object generation checkpoint current viewed plan = Except.ok committed → ∀ post ∈ committed.posts, (∃ written, committed.written = Option.some written ∧ post = written.post) ∨ Minidregg.Kernel.ObjectiveActivity.payloadOf (snapshot.canonicalBytes post.cell) = Option.none ∧ Minidregg.Kernel.ObjectiveUpgradeInvariant.OfRole Minidregg.Kernel.ObjectiveActivityCell.Role.slot (Minidregg.Kernel.ObjectiveActivity.payloadOf post.bytes)
theorem	Minidregg.Kernel.ObjectiveUpgradeInvariant.countP_append_false	fc4fba7a02089a2b55c38737ec9136d762142eee1263963fb81991ec4bd46054	ae6ea21d3529f9f48c483ccdcb96c66c32f490cb3cf6650da13d5e5ebf147144	2194fb3d47706b4064e11ebef0d6d04f773fd5ddcb72eff9695cc77fc673c3ed	fc2117a0c627b561	Classical.choice,Quot.sound,propext	∀ {l extra : List Minidregg.Kernel.DurableDataIntent.CellId} {f : Minidregg.Kernel.DurableDataIntent.CellId → Bool}, (∀ x ∈ extra, f x = Bool.false) → List.countP f (l ++ extra) = List.countP f l
theorem	Minidregg.Kernel.ObjectiveUpgradeInvariant.countP_change_one	93d282c149c9d1773cc72a2890ec63c485d9d5c3f8bba546ca43450329c2cfd9	fd0b19aa12bcb97cda9075188aa6c15027eb2bf57a924aaa56098564cd75cd11	b6164a011801b17893dbc6f56c48a9cebd1ae4df3158d7cf1a6750d10425be88	0995318074d22d0e	Quot.sound,propext	∀ {l : List Minidregg.Kernel.DurableDataIntent.CellId}, l.Nodup → ∀ {y : Minidregg.Kernel.DurableDataIntent.CellId}, y ∈ l → ∀ {f g : Minidregg.Kernel.DurableDataIntent.CellId → Bool}, (∀ x ∈ l, x ≠ y → f x = g x) → (List.countP g l + if f y = Bool.true then 1 else 0) = List.countP f l + if g y = Bool.true then 1 else 0
theorem	Minidregg.Kernel.ObjectiveUpgradeInvariant.countP_chosen	2410b2358b7fb9bb368d0a616e99ba0dce3dfa65bd8f0c0b0fe07e2904587906	e9eb4ceed67ebee3ed04caee058768d74664f704ce9aa44f827c24c5b865b6d0	41b4ac809c7eb366be2deeff8cfc9f424d4db890b05a1548626614345caae68b	f6896d77c973e404	Classical.choice,Quot.sound,propext	∀ {config : Minidregg.Kernel.ObjectiveActivity.Config} {P : Minidregg.Kernel.ObjectiveUpgradeInvariant.Payloads} {cells : List Minidregg.Kernel.DurableDataIntent.CellId} {object : Minidregg.Kernel.DurableDataIntent.CellId}, cells.Nodup → (∀ (cell : Minidregg.Kernel.DurableDataIntent.CellId) (activity : Minidregg.Kernel.ObjectiveActivity.Record), Minidregg.Kernel.ObjectiveUpgradeInvariant.awaitingView config P cell = Option.some activity → cell ∈ cells) → ∀ (chosen : List Minidregg.Theory.TypedAuthorization.Digest), chosen.Nodup → (∀ a ∈ chosen, ∃ r, Minidregg.Kernel.ObjectiveUpgradeInvariant.awaitingView config P (Minidregg.Kernel.ObjectiveActivity.recordCell config.domain object a) = Option.some r ∧ r.object = object ∧ r.activity = a) → List.countP (Minidregg.Kernel.ObjectiveUpgradeInvariant.chosenIn config P object chosen) cells = chosen.length
theorem	Minidregg.Kernel.ObjectiveUpgradeInvariant.countP_congr_mem	e881b7d3f76064e5711c43e87cc4ea554534026fdb71238e4cc2f99061ac5d07	b633a407cdf5459b11962e565e4df779dca1489028b785fb41442aa5a4f46208	890ec26d6be003d318105dfa24191b85bda962fee501f01ac5ec7a50cadc9c40	72a09096a77c3f25	propext	∀ {l : List Minidregg.Kernel.DurableDataIntent.CellId} {f g : Minidregg.Kernel.DurableDataIntent.CellId → Bool}, (∀ x ∈ l, f x = g x) → List.countP f l = List.countP g l
theorem	Minidregg.Kernel.ObjectiveUpgradeInvariant.countP_split	e3f9729c4aa51c827c66f9ed3fbb97bf53cb048ddd792fa34971ad1c61c9292c	fe9c0f4f10bd3ea27b92e274f3ddba6fed7c659fd3eef09c0a65e2532463b15c	c39c486eb9158165f05a8bf8f5f138bbe7250d374c93e3b542171a10e5122276	7002c797f9df3082	Quot.sound,propext	∀ (l : List Minidregg.Kernel.DurableDataIntent.CellId) (f g : Minidregg.Kernel.DurableDataIntent.CellId → Bool), List.countP f l = List.countP (fun x => f x && g x) l + List.countP (fun x => f x && !g x) l
theorem	Minidregg.Kernel.ObjectiveUpgradeInvariant.countPosts_ending	302056ef568220870672c632eaaf3bc94a287572cb6915145e9202fb2faba458	39f0506350a0b634c06fb1425af5caa0b05ecb9be159bff9a0f7ec4c4671e736	16e6fa7d837bb93e9f964e78a4a1df95eb60b26514c587e2b698ac864c4fa836	f9495f1a9ddc8e69	Classical.choice,Quot.sound,propext	∀ {rootBytes : Minidregg.Kernel.ObjectiveActivityWire.Bytes → Minidregg.Theory.TypedAuthorization.Digest} (config : Minidregg.Kernel.ObjectiveActivity.Config) (snapshot : Minidregg.Kernel.ObjectiveActivity.Snapshot rootBytes) (object : Minidregg.Kernel.DurableDataIntent.CellId) (record : Minidregg.Kernel.ObjectRecord.ObjectRecord) (pin activity : Minidregg.Theory.TypedAuthorization.Digest), Minidregg.Kernel.ObjectiveActivity.countPosts config snapshot object record pin activity Bool.true Bool.false = [Minidregg.Kernel.ObjectiveActivity.postAt snapshot (Minidregg.Kernel.ObjectiveActivity.objectCell config.domain object) (Minidregg.Kernel.ObjectiveActivity.objectImage object (record.release pin activity))]
def	Minidregg.Kernel.ObjectiveUpgradeInvariant.counts	b4e5fe4b82024d6b8c6de75c04d336703614d1e3b5f51085462dc9d6780a7ab6	f39bc4d9c67cd65bdc628b997d129224fbddba5c9a18489d93ae3513a719cf28	84e8fb97c6740c51e5e92e8835f163a459f6c7ee70e9f02f9c6b217627c3538a	e56be7a6c05e0ca0	Classical.choice,Quot.sound,propext	Minidregg.Kernel.ObjectiveActivity.Config → Minidregg.Kernel.ObjectiveUpgradeInvariant.Payloads → Minidregg.Kernel.DurableDataIntent.CellId → Minidregg.Kernel.ObjectRecord.ObjectRecord → Minidregg.Kernel.ObjectRecord.LiveClass → Minidregg.Kernel.DurableDataIntent.CellId → Bool
theorem	Minidregg.Kernel.ObjectiveUpgradeInvariant.counts_agree	65b9033247b0269599510987e8e7685a4a6dbade7d35afc1479ea5c1b5577e45	e4246bd1880e4cbb96753a6cdfb8bf6ca4924d6cdce5307a6e55ef24e4de96f4	ebb8015d41e9133d4b2113577c7a53536d5644513d999a61a999079d0774f13a	72443c9905764d66	Classical.choice,Quot.sound,propext	∀ {config : Minidregg.Kernel.ObjectiveActivity.Config} {P Q : Minidregg.Kernel.ObjectiveUpgradeInvariant.Payloads}, Minidregg.Kernel.ObjectiveUpgradeInvariant.Agree P Q → ∀ (object : Minidregg.Kernel.DurableDataIntent.CellId) (record : Minidregg.Kernel.ObjectRecord.ObjectRecord) (c : Minidregg.Kernel.ObjectRecord.LiveClass), Minidregg.Kernel.ObjectiveUpgradeInvariant.counts config P object record c = Minidregg.Kernel.ObjectiveUpgradeInvariant.counts config Q object record c
theorem	Minidregg.Kernel.ObjectiveUpgradeInvariant.counts_classOf	d92be4f9c610f4bea9cd2aab570779f6c4503cba96d8bb4a39fc37b3b094a262	6f0d992ab0706f00cce497984f5d6b07d732b93aec529448700021026562f6fc	244ee227ffbf6c697fc3e65d3ea42bb1247383e5af7a504cc26393a003ff659c	7ed4d2e465b2d24c	Classical.choice,Quot.sound,propext	∀ {config : Minidregg.Kernel.ObjectiveActivity.Config} {P : Minidregg.Kernel.ObjectiveUpgradeInvariant.Payloads} {object : Minidregg.Kernel.DurableDataIntent.CellId} {record other : Minidregg.Kernel.ObjectRecord.ObjectRecord}, record.classOf = other.classOf → ∀ (c : Minidregg.Kernel.ObjectRecord.LiveClass), Minidregg.Kernel.ObjectiveUpgradeInvariant.counts config P object record c = Minidregg.Kernel.ObjectiveUpgradeInvariant.counts config P object other c
theorem	Minidregg.Kernel.ObjectiveUpgradeInvariant.counts_filter	dbe198dc4da0faa9fe0ced7eed8ad36f87904b7f5ae1060c6b646f83ebf96717	fa58848b42abe27849b4002368376c925cfd7ec81ebd0b9286a124fd17ada74b	072f3755fbbcd0f0c1a0a164aeab72006e5cf95cd5da539c43a5d5baf0a56915	4149d2c39be63c2e	Classical.choice,Quot.sound,propext	∀ (config : Minidregg.Kernel.ObjectiveActivity.Config) (P : Minidregg.Kernel.ObjectiveUpgradeInvariant.Payloads) (object : Minidregg.Kernel.DurableDataIntent.CellId) (record : Minidregg.Kernel.ObjectRecord.ObjectRecord) (c : Minidregg.Kernel.ObjectRecord.LiveClass) (cell : Minidregg.Kernel.DurableDataIntent.CellId), Minidregg.Kernel.ObjectiveUpgradeInvariant.counts config P object record c cell = match Option.filter (fun a => Decidable.decide (a.object = object)) (Minidregg.Kernel.ObjectiveUpgradeInvariant.awaitingView config P cell) with | Option.some a => Decidable.decide (record.classOf a.pin a.activity = c) | Option.none => Bool.false
theorem	Minidregg.Kernel.ObjectiveUpgradeInvariant.counts_others	c90507ba2763cf9ec5d699e00bc567b6ecc3ba2b4dbdb67cf132efa8389333d6	c452496fae163501f0e5ad1d2ca54c0cb318c51fc6423a3cc4bdc161d6dbdc42	546aec4a88c4caeb84d8e3ccbfb6ed6537069ff89fd73f72a1f65c20fed0ad26	d700f3bf236a5fdd	Classical.choice,Quot.sound,propext	∀ {config : Minidregg.Kernel.ObjectiveActivity.Config} {P Q : Minidregg.Kernel.ObjectiveUpgradeInvariant.Payloads} {object : Minidregg.Kernel.DurableDataIntent.CellId}, Minidregg.Kernel.ObjectiveUpgradeInvariant.OthersAgree config P Q object → ∀ {other : Minidregg.Kernel.DurableDataIntent.CellId}, other ≠ object → ∀ (record : Minidregg.Kernel.ObjectRecord.ObjectRecord) (c : Minidregg.Kernel.ObjectRecord.LiveClass) (cell : Minidregg.Kernel.DurableDataIntent.CellId), Minidregg.Kernel.ObjectiveUpgradeInvariant.counts config Q other record c cell = Minidregg.Kernel.ObjectiveUpgradeInvariant.counts config P other record c cell
theorem	Minidregg.Kernel.ObjectiveUpgradeInvariant.digestStream_encode_inj	77d9b2c73f680c62d8bac5427ed0e83df395322784a2478484bd70989141a1ba	a6db93d56ddbf5e1fcddeae9043fae975f555c8ae5033a91d14fc301c5950332	6bb88344561e475c456827477fbde74d45237884959816474d8ae9c0f5c7cbf7	33c6c8c5e49ef8e0	Classical.choice,Quot.sound,propext	∀ {a b : Minidregg.Theory.TypedAuthorization.Digest}, Minidregg.Compiler.Tower256ConcreteBackend.digestStream.encode a = Minidregg.Compiler.Tower256ConcreteBackend.digestStream.encode b → a = b
theorem	Minidregg.Kernel.ObjectiveUpgradeInvariant.drained_stateJudged	e13a19bb3ef719d967ac6f60692bffa359083e3c3ddac80f5b3c3726fde29831	9f5619e3b33a50a58ba8ec443ecd17b8023adf8d10786d8a0e353d5726dea773	39348bc1d3a5167cecb53781c38f0b2160d7a4267198307aaaad10f28b8b705b	dc069fdea402911f	Classical.choice,Quot.sound,propext	∀ {rootBytes : Minidregg.Kernel.ObjectiveActivityWire.Bytes → Minidregg.Theory.TypedAuthorization.Digest} {config : Minidregg.Kernel.ObjectiveActivity.Config} {snapshot : Minidregg.Kernel.ObjectiveActivity.Snapshot rootBytes} {object : Minidregg.Kernel.DurableDataIntent.CellId} {held : Minidregg.Kernel.ObjectRecord.ObjectRecord}, Minidregg.Kernel.ObjectiveActivity.readObject config snapshot object = Except.ok (Option.some held) → ∀ {written : Option Minidregg.Kernel.ObjectiveActivity.StateWritten}, Minidregg.Kernel.ObjectiveActivity.judgeDrained config snapshot held object written = Except.ok () → ∀ (one : Minidregg.Kernel.ObjectiveActivity.StateWritten), written = Option.some one → Minidregg.Kernel.ObjectiveUpgradeInvariant.StateJudged config snapshot object one.after
theorem	Minidregg.Kernel.ObjectiveUpgradeInvariant.effective_role	fb79537189c37bd6bb481d0bf4918999b4d116eb6fc3d6e72d7a04e0a22e6946	b207419682bb1fd253fe6285839bf0ca4c766b4dd4e7db262ea5882397ffdcfe	d9c691400a049a852adf98b55401313f9c9b4ee5aa3fde3f77ddc1ef7022ad06	15739e445ce3acb7	Classical.choice,Quot.sound,propext	∀ {rootBytes : Minidregg.Kernel.ObjectiveActivityWire.Bytes → Minidregg.Theory.TypedAuthorization.Digest} {snapshot : Minidregg.Kernel.ObjectiveActivity.Snapshot rootBytes} {cell : Minidregg.Kernel.DurableDataIntent.CellId} {held : Minidregg.Kernel.ObjectiveUpgradeInvariant.Payload}, Minidregg.Kernel.ObjectiveActivity.payloadOf (snapshot.canonicalBytes cell) = Option.some held → ∀ {p : Minidregg.Kernel.ObjectiveActivityWire.Post}, p.cell = cell → ∀ {role : Minidregg.Kernel.ObjectiveActivityCell.Role}, Minidregg.Kernel.ObjectiveUpgradeInvariant.Kinded snapshot role p → role = held.role
theorem	Minidregg.Kernel.ObjectiveUpgradeInvariant.ending_upgradable	e1e5cda620b0c32e5693af1be047094c0ceb520d0142e83449f06b31cd7ac2d5	255476cb83710a8ee64e8c962c0b12637bbde53b6ea671848fdd7f214cf2c933	3799862a0f4167d87dad31edb95c7a2fbaadcd424f0e411a74689a1b8e61c54c	08291cb372598739	Classical.choice,Quot.sound,propext	∀ {rootBytes : Minidregg.Kernel.ObjectiveActivityWire.Bytes → Minidregg.Theory.TypedAuthorization.Digest} {config : Minidregg.Kernel.ObjectiveActivity.Config} {snapshot : Minidregg.Kernel.ObjectiveActivity.Snapshot rootBytes} {posts slotPosts : List Minidregg.Kernel.ObjectiveActivityWire.Post} {bookPost : Minidregg.Kernel.ObjectiveActivityWire.Post} {cell : Minidregg.Kernel.DurableDataIntent.CellId} {record : Minidregg.Kernel.ObjectiveActivity.Record} {object : Minidregg.Kernel.ObjectRecord.ObjectRecord}, Minidregg.Kernel.ObjectiveActivity.readRecord snapshot cell = Option.some record → cell = Minidregg.Kernel.ObjectiveActivity.recordCell config.domain record.object record.activity → record.phase.awaits = Bool.true → Minidregg.Kernel.ObjectiveActivity.readObject config snapshot record.object = Except.ok (Option.some object) → (∀ p ∈ slotPosts, Minidregg.Kernel.ObjectiveUpgradeInvariant.Silent snapshot p) → Minidregg.Kernel.ObjectiveUpgradeInvariant.Silent snapshot bookPost → posts = Minidregg.Kernel.ObjectiveActivity.postAt snapshot cell Minidregg.Kernel.ObjectiveActivity.retiredImage :: (slotPosts ++ [bookPost] ++ [Minidregg.Kernel.ObjectiveActivity.postAt snapshot (Minidregg.Kernel.ObjectiveActivity.objectCell config.domain record.object) (Minidregg.Kernel.ObjectiveActivity.objectImage record.object (object.release record.pin record.activity))]) → Minidregg.Kernel.ObjectiveUpgradeInvariant.Upgradable config (Minidregg.Kernel.ObjectiveUpgradeInvariant.payloads snapshot.canonicalBytes) → Minidregg.Kernel.ObjectiveUpgradeInvariant.Upgradable config (Minidregg.Kernel.ObjectiveUpgradeInvariant.payloads (Minidregg.Kernel.ObjectiveActivity.afterPosts snapshot posts))
theorem	Minidregg.Kernel.ObjectiveUpgradeInvariant.finalize_agree	29c4022896a390082817c3f955fb3d4a934641d71d5723e7a8c429b40916a0b3	09aedc8ac7f2b590180e5d6b086b8cc0a88e3c0fcdbfc9e4d7805e8098418ec1	80a8d7af73b1b1b9eaa9503cd942452a34cfd6823a06c19bf1b82b9568949783	afd861dac2872b81	Classical.choice,Quot.sound,propext	∀ {rootBytes : Minidregg.Kernel.ObjectiveActivityWire.Bytes → Minidregg.Theory.TypedAuthorization.Digest} {config : Minidregg.Kernel.ObjectiveActivity.Config} {snapshot : Minidregg.Kernel.ObjectiveActivity.Snapshot rootBytes} {height : ℕ}, Minidregg.Kernel.ObjectiveUpgradeInvariant.BookUnprotected config → ∀ (turn : Minidregg.Kernel.ObjectiveActivity.AdmittedTurn config snapshot height) {posts : List Minidregg.Kernel.ObjectiveActivityWire.Post} {extra : List Minidregg.Kernel.DurableDataIntent.ReadGuard}, Minidregg.Kernel.ActivitySeatEnd.finalize config snapshot height turn = Except.ok (posts, extra) → Minidregg.Kernel.ObjectiveUpgradeInvariant.Agree (Minidregg.Kernel.ObjectiveUpgradeInvariant.payloads (Minidregg.Kernel.ObjectiveActivity.afterPosts snapshot posts)) (Minidregg.Kernel.ObjectiveUpgradeInvariant.payloads (Minidregg.Kernel.ObjectiveActivity.afterPosts snapshot turn.posts))
theorem	Minidregg.Kernel.ObjectiveUpgradeInvariant.genesisClean_of_empty	db6a77ed08b111b53e06a865bef12b0073b0e7a7943fbe08b70467c9c8b961db	b8a025193264ea0f78ec56d8fc229eb23e1df83693702814aba89c7a141f6e54	5466de6918d218eae38910a1b07cddceb2a7a02882fcdc9e6c531a7110c7ce22	fe519937fb828cad	Classical.choice,Quot.sound,propext	∀ {rootBytes : Minidregg.Kernel.ObjectiveActivityWire.Bytes → Minidregg.Theory.TypedAuthorization.Digest} {config : Minidregg.Kernel.ObjectiveActivity.Config} {genesis : Minidregg.Kernel.ObjectiveActivity.Snapshot rootBytes}, (∀ (cell : Minidregg.Kernel.DurableDataIntent.CellId), Minidregg.Kernel.ObjectiveActivity.payloadOf (genesis.canonicalBytes cell) = Option.none) → Minidregg.Kernel.ObjectiveUpgradeInvariant.GenesisClean config genesis
theorem	Minidregg.Kernel.ObjectiveUpgradeInvariant.genesis_upgradable	f51a5ddd6bd4d5696a64bde572c1fab7fed9059d3394807fa59fbc6b8b1d1ec4	b4e40c33fff33e1adef7ad90336e4f82ed88dabc63d26cb446ee8e304660d5a9	cf93144de2ebdfc4532f0a63b092cf64448dd2d20665d3646fb58610af7a12a2	876bb1b6aab35433	Classical.choice,Quot.sound,propext	∀ {rootBytes : Minidregg.Kernel.ObjectiveActivityWire.Bytes → Minidregg.Theory.TypedAuthorization.Digest} {config : Minidregg.Kernel.ObjectiveActivity.Config} {genesis : Minidregg.Kernel.ObjectiveActivity.Snapshot rootBytes}, Minidregg.Kernel.ObjectiveUpgradeInvariant.GenesisClean config genesis → Minidregg.Kernel.ObjectiveUpgradeInvariant.Upgradable config (Minidregg.Kernel.ObjectiveUpgradeInvariant.payloads genesis.canonicalBytes)
theorem	Minidregg.Kernel.ObjectiveUpgradeInvariant.head_payload	d7dd823df1ccf18fc16a6375423b6e4ed92b38a2526282251d327e71357eec0b	8102750c12d1065138f216181a9288d540409b173597ec5e94f07e3bd6f24051	9d40c1aab2a3e24b6cf93177277a05f164ccb382a9b0ec189783bd4e0830d7c3	412a15f6f12fa0aa	Classical.choice,Quot.sound,propext	∀ {rootBytes : Minidregg.Kernel.ObjectiveActivityWire.Bytes → Minidregg.Theory.TypedAuthorization.Digest} (snapshot : Minidregg.Kernel.ObjectiveActivity.Snapshot rootBytes) (first : Minidregg.Kernel.ObjectiveActivityWire.Post) (rest : List Minidregg.Kernel.ObjectiveActivityWire.Post), Minidregg.Kernel.ObjectiveUpgradeInvariant.payloads (Minidregg.Kernel.ObjectiveActivity.afterPosts snapshot (first :: rest)) first.cell = Minidregg.Kernel.ObjectiveActivity.payloadOf first.bytes
theorem	Minidregg.Kernel.ObjectiveUpgradeInvariant.head_payload_at	bedc89ac66b9db321b644e00128a14c81a1eaff7e753bcba2c19ed86a25ff0e2	f3cdf90731a2804784cbcc0e3a287bcfa09efb74f30ef0dea8b37473fb264f94	dc4d50639256652ec965498c17111ff062e19758f980309ba4076e7031950678	c6b1602f44ca5e3b	Classical.choice,Quot.sound,propext	∀ {rootBytes : Minidregg.Kernel.ObjectiveActivityWire.Bytes → Minidregg.Theory.TypedAuthorization.Digest} (snapshot : Minidregg.Kernel.ObjectiveActivity.Snapshot rootBytes) (cell : Minidregg.Kernel.DurableDataIntent.CellId) (bytes : Minidregg.Kernel.ObjectiveActivityWire.Bytes) (rest : List Minidregg.Kernel.ObjectiveActivityWire.Post), Minidregg.Kernel.ObjectiveUpgradeInvariant.payloads (Minidregg.Kernel.ObjectiveActivity.afterPosts snapshot (Minidregg.Kernel.ObjectiveActivity.postAt snapshot cell bytes :: rest)) cell = Minidregg.Kernel.ObjectiveActivity.payloadOf bytes
theorem	Minidregg.Kernel.ObjectiveUpgradeInvariant.inert_agree	44afadb7f32b6a33241ca8c315e6f19c584d87a89d894d88892cef9015c02c58	3694e02e5e63643a61e2f8a32796010b65e5a2697266bbbbd9382bb7b3cb8ca4	681c0b20d584212a4a94d4824c671300a92d0112ecdca73095845ad2ad59ce05	388e5d7cc95e577e	Classical.choice,Quot.sound,propext	∀ {rootBytes : Minidregg.Kernel.ObjectiveActivityWire.Bytes → Minidregg.Theory.TypedAuthorization.Digest} {snapshot : Minidregg.Kernel.ObjectiveActivity.Snapshot rootBytes} {posts : List Minidregg.Kernel.ObjectiveActivityWire.Post}, Minidregg.Kernel.SeatStore.Inert snapshot posts → Minidregg.Kernel.ObjectiveUpgradeInvariant.payloads (Minidregg.Kernel.ObjectiveActivity.afterPosts snapshot posts) = Minidregg.Kernel.ObjectiveUpgradeInvariant.payloads snapshot.canonicalBytes
theorem	Minidregg.Kernel.ObjectiveUpgradeInvariant.install_payloads	64740c3baa01c54f335b73893ed6a838b4a0eb1e1c81d2f61694b426b3be5445	9fbc245bce602b1898c6dfb6d5a8e53550cda7cab2723b6df09897eca52dada1	fbbb6c91f8ae5f0ddf0285a1d100cd60868caa0bf1d97b2b72eca00b55c32caf	51535dddcf83f33a	Classical.choice,Quot.sound,propext	∀ {rootBytes : Minidregg.Kernel.ObjectiveActivityWire.Bytes → Minidregg.Theory.TypedAuthorization.Digest} (snapshot : Minidregg.Kernel.ObjectiveActivity.Snapshot rootBytes) {intent : Minidregg.Kernel.DurableDataIntent.DataIntent rootBytes} {posts : List Minidregg.Kernel.ObjectiveActivityWire.Post}, intent.writes = List.map (Minidregg.Kernel.ObjectiveActivityWire.Post.write rootBytes) posts → Minidregg.Kernel.ObjectiveUpgradeInvariant.payloads (Minidregg.Kernel.DurableDataIntent.DataSnapshot.install snapshot intent).canonicalBytes = Minidregg.Kernel.ObjectiveUpgradeInvariant.payloads (Minidregg.Kernel.ObjectiveActivity.afterPosts snapshot posts)
theorem	Minidregg.Kernel.ObjectiveUpgradeInvariant.journal_posts_ok	fc9a7b68e8ee2ce48377de12d44c23017474f2f82954f665fdd9005a27ed3d94	99857863f8bb469a84aeda110b6244d10661ebacfabbcec7f39001baadc3abdc	2f564e3621c934c06fddaa368b907600705b816f053f1de88ef7b926347bc697	96ea0f7c5b9e5edd	Classical.choice,Quot.sound,propext	∀ {rootBytes : Minidregg.Kernel.ObjectiveActivityWire.Bytes → Minidregg.Theory.TypedAuthorization.Digest} {config : Minidregg.Kernel.ObjectiveActivity.Config} {snapshot : Minidregg.Kernel.ObjectiveActivity.Snapshot rootBytes} {journal : Minidregg.Kernel.ObjectiveCall.Journal}, Minidregg.Kernel.ObjectiveCall.ObjectsRead config snapshot journal → journal.drained = Bool.true → ∀ post ∈ journal.posts config snapshot, Minidregg.Kernel.ObjectiveUpgradeInvariant.StatePostOk config snapshot post
theorem	Minidregg.Kernel.ObjectiveUpgradeInvariant.judgeMigrated_iff	9ffe65dcdf0cdbadcc78ef008753fea8cc4eb77d01b51e0d3d8d014dd8ae9df7	e7b425d27183322cb7e684b797c63e399ac65be35f832392c7934752d3e30d1d	e2440553df75af10c450ea445780bf97c9305950a3b448ebb75d06a602c5e98c	7b932d43306e1a3e	Classical.choice,Quot.sound,propext	∀ {rootBytes : Minidregg.Kernel.ObjectiveActivityWire.Bytes → Minidregg.Theory.TypedAuthorization.Digest} {config : Minidregg.Kernel.ObjectiveActivity.Config} {snapshot : Minidregg.Kernel.ObjectiveActivity.Snapshot rootBytes} {record : Minidregg.Kernel.ObjectRecord.ObjectRecord} {object : Minidregg.Kernel.DurableDataIntent.CellId} {next : Minidregg.Kernel.ObjectRecord.Pending} {value : Minidregg.Theory.ObjectiveBendDemandData.Data}, (∃ migrated, Minidregg.Kernel.ObjectiveActivity.judgeMigrated config snapshot record object next value = Except.ok migrated) ↔ Minidregg.Kernel.ObjectiveUpgradeInvariant.Migratable config (Minidregg.Kernel.ObjectiveActivity.packageBytes config snapshot next.pin) record object next value
theorem	Minidregg.Kernel.ObjectiveUpgradeInvariant.kinded_cell_ne	012a26006c54c9a7fdf2e22ab7f626739b6005caa946a9b983e0e7a9b5c243a9	764e6e6d4b47a76ede0129c42f69890aed27f7962b83bcfa43093986a4514274	42df6376d5e29c42be333caf85e860852e7292592664b710ff31228824002f25	7005abf55e6a4213	Classical.choice,Quot.sound,propext	∀ {rootBytes : Minidregg.Kernel.ObjectiveActivityWire.Bytes → Minidregg.Theory.TypedAuthorization.Digest} {snapshot : Minidregg.Kernel.ObjectiveActivity.Snapshot rootBytes} {role : Minidregg.Kernel.ObjectiveActivityCell.Role} {post : Minidregg.Kernel.ObjectiveActivityWire.Post}, Minidregg.Kernel.ObjectiveUpgradeInvariant.Kinded snapshot role post → ∀ {cell : Minidregg.Kernel.DurableDataIntent.CellId} {p : Minidregg.Kernel.ObjectiveUpgradeInvariant.Payload}, Minidregg.Kernel.ObjectiveActivity.payloadOf (snapshot.canonicalBytes cell) = Option.some p → p.role ≠ role → post.cell ≠ cell
theorem	Minidregg.Kernel.ObjectiveUpgradeInvariant.live_counts	869c84802539da009702f692e2b3f27f19906978b30b17a432b9d97285dc9f4f	f55a153b4d927f4a756f357046767d905d4f1cdf1b058d291cbed0255e45a804	3b651c8ca38894aa670c2c0a2f3224a1a804e97e0a10cc163f23bb40d82dcf82	50afa85c518c0b52	Classical.choice,Quot.sound,propext	∀ {rootBytes : Minidregg.Kernel.ObjectiveActivityWire.Bytes → Minidregg.Theory.TypedAuthorization.Digest} {config : Minidregg.Kernel.ObjectiveActivity.Config} {genesis snapshot : Minidregg.Kernel.ObjectiveActivity.Snapshot rootBytes}, Minidregg.Kernel.ObjectiveUpgradeInvariant.BookUnprotected config → Minidregg.Kernel.ObjectiveUpgradeInvariant.GenesisClean config genesis → Minidregg.Kernel.ObjectiveCheckpointInvariant.Reachable config genesis snapshot → ∃ cells, cells.Nodup ∧ (∀ (cell : Minidregg.Kernel.DurableDataIntent.CellId) (activity : Minidregg.Kernel.ObjectiveActivity.Record), Minidregg.Kernel.ObjectiveUpgradeInvariant.awaitingView config (Minidregg.Kernel.ObjectiveUpgradeInvariant.payloads snapshot.canonicalBytes) cell = Option.some activity → cell ∈ cells) ∧ ∀ (object : Minidregg.Kernel.DurableDataIntent.CellId) (record : Minidregg.Kernel.ObjectRecord.ObjectRecord), Minidregg.Kernel.ObjectiveActivity.readObject config snapshot object = Except.ok (Option.some record) → record.live = List.countP (Minidregg.Kernel.ObjectiveUpgradeInvariant.counts config (Minidregg.Kernel.ObjectiveUpgradeInvariant.payloads snapshot.canonicalBytes) object record Minidregg.Kernel.ObjectRecord.LiveClass.live) cells ∧ record.rebirths = List.countP (Minidregg.Kernel.ObjectiveUpgradeInvariant.counts config (Minidregg.Kernel.ObjectiveUpgradeInvariant.payloads snapshot.canonicalBytes) object record Minidregg.Kernel.ObjectRecord.LiveClass.rebirth) cells ∧ ∀ (next : Minidregg.Kernel.ObjectRecord.Pending) (deadline : ℕ), record.phase = Minidregg.Kernel.ObjectRecord.UpgradePhase.draining next deadline → next.live = List.countP (Minidregg.Kernel.ObjectiveUpgradeInvariant.counts config (Minidregg.Kernel.ObjectiveUpgradeInvariant.payloads snapshot.canonicalBytes) object record Minidregg.Kernel.ObjectRecord.LiveClass.pending) cells
theorem	Minidregg.Kernel.ObjectiveUpgradeInvariant.mail_kinded	58e0acf76e0de50475986f702ce120e39f7acc247587761ebf7ca170344ea4b5	0a0e28d98a40408f0bf4b9b034e41f03a78f0077bef7b8ff06e6765e2fb53a51	a4c4353befa39025b350bd521794f6e4e889c159e080876a0b930c534264467f	af87b93c5c611884	Classical.choice,Quot.sound,propext	∀ {rootBytes : Minidregg.Kernel.ObjectiveActivityWire.Bytes → Minidregg.Theory.TypedAuthorization.Digest} {config : Minidregg.Kernel.ObjectiveActivity.Config} {snapshot : Minidregg.Kernel.ObjectiveActivity.Snapshot rootBytes} (mail : Minidregg.Kernel.ObjectiveCall.Mail config snapshot), ∀ post ∈ mail.posts, Minidregg.Kernel.ObjectiveUpgradeInvariant.Silent snapshot post
theorem	Minidregg.Kernel.ObjectiveUpgradeInvariant.migratable_counter	8c06cab79c6de31ca391359211c9ab3e149f0fdc1a392f67ebcc6c8cbf7b2fbf	357211765c1df24a19732f8c9551e83fba776e5e363f9cea4e98d0e1e8ab7f03	985c67179f3a4d5916017a856e0204bd8c6594f7c0ec8f115e7c2a81ac5493cd	f9690674afeec708	Classical.choice,Quot.sound,propext	∀ {config : Minidregg.Kernel.ObjectiveActivity.Config} {P Q : Minidregg.Kernel.ObjectiveUpgradeInvariant.Payloads} {objectId : Minidregg.Kernel.DurableDataIntent.CellId} {object posted : Minidregg.Kernel.ObjectRecord.ObjectRecord}, Minidregg.Kernel.ObjectiveUpgradeInvariant.MigratableStates config P → Minidregg.Kernel.ObjectiveUpgradeInvariant.objectView objectId (P (Minidregg.Kernel.ObjectiveActivity.objectCell config.domain objectId)) = Option.some object → (∀ (other : Minidregg.Kernel.DurableDataIntent.CellId), Minidregg.Kernel.ObjectiveUpgradeInvariant.objectView other (Q (Minidregg.Kernel.ObjectiveActivity.objectCell config.domain other)) = if other = objectId then Option.some posted else Minidregg.Kernel.ObjectiveUpgradeInvariant.objectView other (P (Minidregg.Kernel.ObjectiveActivity.objectCell config.domain other))) → (∀ (next : Minidregg.Kernel.ObjectRecord.Pending) (deadline : ℕ), posted.phase = Minidregg.Kernel.ObjectRecord.UpgradePhase.draining next deadline → ∃ old live, object.phase = Minidregg.Kernel.ObjectRecord.UpgradePhase.draining old deadline ∧ next = { pin := old.pin, stateType := old.stateType, migration := old.migration, dropped := old.dropped, law := old.law, packageLaws := old.packageLaws, upgrade := old.upgrade, rebirth := old.rebirth, envelope := old.envelope, adoptedAt := old.adoptedAt, live := live }) → (∀ (other : Minidregg.Kernel.DurableDataIntent.CellId), Minidregg.Kernel.ObjectiveUpgradeInvariant.stateView other (Q (Minidregg.Kernel.ObjectiveActivity.stateCell config.domain other)) = Minidregg.Kernel.ObjectiveUpgradeInvariant.stateView other (P (Minidregg.Kernel.ObjectiveActivity.stateCell config.domain other))) → (∀ (pin : Minidregg.Theory.TypedAuthorization.Digest), Minidregg.Kernel.ObjectiveUpgradeInvariant.packageView (Q (Minidregg.Kernel.ObjectiveActivity.packageCell config.domain pin)) = Minidregg.Kernel.ObjectiveUpgradeInvariant.packageView (P (Minidregg.Kernel.ObjectiveActivity.packageCell config.domain pin))) → Minidregg.Kernel.ObjectiveUpgradeInvariant.MigratableStates config Q
theorem	Minidregg.Kernel.ObjectiveUpgradeInvariant.migratable_counter_states	1c8c37742fdee3fbaad20f35380b8f4a585bccf3197acbeb253b9068f0549c52	e20448edbe0a6581160c5756b6f49bcf094f4ae2184851d7f234ac166d1e88aa	49b493faeb60dd7fdf9c4339766aecd5ff93fd45a7089f5595c266b526db3ce9	f420e012f466ee8a	Classical.choice,Quot.sound,propext	∀ {rootBytes : Minidregg.Kernel.ObjectiveActivityWire.Bytes → Minidregg.Theory.TypedAuthorization.Digest} {config : Minidregg.Kernel.ObjectiveActivity.Config} {snapshot : Minidregg.Kernel.ObjectiveActivity.Snapshot rootBytes} {posts : List Minidregg.Kernel.ObjectiveActivityWire.Post} {objectId : Minidregg.Kernel.DurableDataIntent.CellId} {object posted : Minidregg.Kernel.ObjectRecord.ObjectRecord}, Minidregg.Kernel.ObjectiveUpgradeInvariant.MigratableStates config (Minidregg.Kernel.ObjectiveUpgradeInvariant.payloads snapshot.canonicalBytes) → Minidregg.Kernel.ObjectiveUpgradeInvariant.objectView objectId (Minidregg.Kernel.ObjectiveUpgradeInvariant.payloads snapshot.canonicalBytes (Minidregg.Kernel.ObjectiveActivity.objectCell config.domain objectId)) = Option.some object → (∀ (other : Minidregg.Kernel.DurableDataIntent.CellId), Minidregg.Kernel.ObjectiveUpgradeInvariant.objectView other (Minidregg.Kernel.ObjectiveUpgradeInvariant.payloads (Minidregg.Kernel.ObjectiveActivity.afterPosts snapshot posts) (Minidregg.Kernel.ObjectiveActivity.objectCell config.domain other)) = if other = objectId then Option.some posted else Minidregg.Kernel.ObjectiveUpgradeInvariant.objectView other (Minidregg.Kernel.ObjectiveUpgradeInvariant.payloads snapshot.canonicalBytes (Minidregg.Kernel.ObjectiveActivity.objectCell config.domain other))) → (∀ (next : Minidregg.Kernel.ObjectRecord.Pending) (deadline : ℕ), posted.phase = Minidregg.Kernel.ObjectRecord.UpgradePhase.draining next deadline → ∃ old live, object.phase = Minidregg.Kernel.ObjectRecord.UpgradePhase.draining old deadline ∧ next = { pin := old.pin, stateType := old.stateType, migration := old.migration, dropped := old.dropped, law := old.law, packageLaws := old.packageLaws, upgrade := old.upgrade, rebirth := old.rebirth, envelope := old.envelope, adoptedAt := old.adoptedAt, live := live }) → (∀ p ∈ posts, (∃ role, role ≠ Minidregg.Kernel.ObjectiveActivityCell.Role.state ∧ Minidregg.Kernel.ObjectiveUpgradeInvariant.Kinded snapshot role p) ∨ ∃ object state, p = Minidregg.Kernel.ObjectiveActivity.postAt snapshot (Minidregg.Kernel.ObjectiveActivity.stateCell config.domain object) (Minidregg.Kernel.ObjectiveActivity.stateImage object state) ∧ Minidregg.Kernel.ObjectiveUpgradeInvariant.StateJudged config snapshot object state) → (∀ (pin : Minidregg.Theory.TypedAuthorization.Digest), Minidregg.Kernel.ObjectiveUpgradeInvariant.packageView (Minidregg.Kernel.ObjectiveUpgradeInvariant.payloads (Minidregg.Kernel.ObjectiveActivity.afterPosts snapshot posts) (Minidregg.Kernel.ObjectiveActivity.packageCell config.domain pin)) = Minidregg.Kernel.ObjectiveUpgradeInvariant.packageView (Minidregg.Kernel.ObjectiveUpgradeInvariant.payloads snapshot.canonicalBytes (Minidregg.Kernel.ObjectiveActivity.packageCell config.domain pin))) → Minidregg.Kernel.ObjectiveUpgradeInvariant.MigratableStates config (Minidregg.Kernel.ObjectiveUpgradeInvariant.payloads (Minidregg.Kernel.ObjectiveActivity.afterPosts snapshot posts))
theorem	Minidregg.Kernel.ObjectiveUpgradeInvariant.migratable_empty_package	4b7460d6345d1f56b1e9929a1bd1e5e048d3b995036402f9a5e9e8a4ad87fa43	ca5a64a65e5bebf7dd1ea0e1a9554762f6c221b305bfe0740ebf7b1b42770f09	e8537166cb5a167c8845ad2bbdc97245d65d4201c2af62013636da39ec70bddf	adcd3d2a05eadeb5	Classical.choice,Quot.sound,propext	∀ {config : Minidregg.Kernel.ObjectiveActivity.Config} {record : Minidregg.Kernel.ObjectRecord.ObjectRecord} {object : Minidregg.Kernel.DurableDataIntent.CellId} {next : Minidregg.Kernel.ObjectRecord.Pending} {value : Minidregg.Theory.ObjectiveBendDemandData.Data}, Minidregg.Kernel.ObjectiveUpgradeInvariant.Migratable config [] record object next value → ∀ (package : Minidregg.Kernel.ObjectiveActivityWire.Bytes), Minidregg.Kernel.ObjectiveUpgradeInvariant.Migratable config package record object next value
theorem	Minidregg.Kernel.ObjectiveUpgradeInvariant.migratable_record	1970c46be05a8f11dcf3fb726f355e6fa70603e4dc31010e78b358b2fea67a31	da9ce7fbe45819c4594553a747bbd887e43ee29319b4fe81482e04e76e1adbc3	23731b9256b8a91f1b22455331a3fb3b312d40da44e6dfc5fe1e02d575c3a094	af2aef23bac2829a	Classical.choice,Quot.sound,propext	∀ (config : Minidregg.Kernel.ObjectiveActivity.Config) (package : Minidregg.Kernel.ObjectiveActivityWire.Bytes) (record other : Minidregg.Kernel.ObjectRecord.ObjectRecord) (object : Minidregg.Kernel.DurableDataIntent.CellId) (next : Minidregg.Kernel.ObjectRecord.Pending) (live : ℕ) (value : Minidregg.Theory.ObjectiveBendDemandData.Data), Minidregg.Kernel.ObjectiveUpgradeInvariant.Migratable config package record object next value → Minidregg.Kernel.ObjectiveUpgradeInvariant.Migratable config package other object { pin := next.pin, stateType := next.stateType, migration := next.migration, dropped := next.dropped, law := next.law, packageLaws := next.packageLaws, upgrade := next.upgrade, rebirth := next.rebirth, envelope := next.envelope, adoptedAt := next.adoptedAt, live := live } value
theorem	Minidregg.Kernel.ObjectiveUpgradeInvariant.migratable_transfer	619c15fceb1c67954ecf8aaddc52440d60ff1ae47e10b497b2ea6148743e95ad	2c63ad4b5c4569e8e507c242b90b4e039a365073b2e8089ed6dcc552a14c09b2	e37a8f2ea5ecc6f338e0bc01d1f20941062ad1f17f1c579023eae6b36e7b953e	b68fdaa282032a46	Classical.choice,Quot.sound,propext	∀ {config : Minidregg.Kernel.ObjectiveActivity.Config} {P Q : Minidregg.Kernel.ObjectiveUpgradeInvariant.Payloads}, Minidregg.Kernel.ObjectiveUpgradeInvariant.Agree P Q → Minidregg.Kernel.ObjectiveUpgradeInvariant.MigratableStates config P → Minidregg.Kernel.ObjectiveUpgradeInvariant.MigratableStates config Q
theorem	Minidregg.Kernel.ObjectiveUpgradeInvariant.migratable_views	9dd41f8aa18cf13e2bf500ae24028a0207c3d56c562663dbbad228903cf32904	9c09d6294f595082e0341e0b2d5b1640588e6dbca9b750ec257bddfd27fbb563	1a54b8af4c6546de18c30c431dee55ddb77ca43e534ab356182254545c33734b	5118a67f1bddd3b3	Classical.choice,Quot.sound,propext	∀ {config : Minidregg.Kernel.ObjectiveActivity.Config} {P Q : Minidregg.Kernel.ObjectiveUpgradeInvariant.Payloads}, (∀ (object : Minidregg.Kernel.DurableDataIntent.CellId), Minidregg.Kernel.ObjectiveUpgradeInvariant.objectView object (Q (Minidregg.Kernel.ObjectiveActivity.objectCell config.domain object)) = Minidregg.Kernel.ObjectiveUpgradeInvariant.objectView object (P (Minidregg.Kernel.ObjectiveActivity.objectCell config.domain object))) → (∀ (object : Minidregg.Kernel.DurableDataIntent.CellId), Minidregg.Kernel.ObjectiveUpgradeInvariant.stateView object (Q (Minidregg.Kernel.ObjectiveActivity.stateCell config.domain object)) = Minidregg.Kernel.ObjectiveUpgradeInvariant.stateView object (P (Minidregg.Kernel.ObjectiveActivity.stateCell config.domain object))) → (∀ (pin : Minidregg.Theory.TypedAuthorization.Digest), Minidregg.Kernel.ObjectiveUpgradeInvariant.packageView (Q (Minidregg.Kernel.ObjectiveActivity.packageCell config.domain pin)) = Minidregg.Kernel.ObjectiveUpgradeInvariant.packageView (P (Minidregg.Kernel.ObjectiveActivity.packageCell config.domain pin))) → Minidregg.Kernel.ObjectiveUpgradeInvariant.MigratableStates config P → Minidregg.Kernel.ObjectiveUpgradeInvariant.MigratableStates config Q
theorem	Minidregg.Kernel.ObjectiveUpgradeInvariant.migratable_views'	0bdac2b4676fac9267c4c9cb1b3614670c5ce45c897d0e2a073c1300366e0de1	4e2beb96244531c16950120908ec907fe8becc10fd5d05a536be58d844c23060	e32240104811c64ee28679a8bafab4af0d1f640643ff57e8a9fae47a2f89eed7	f1aedbb596c32e26	Classical.choice,Quot.sound,propext	∀ {config : Minidregg.Kernel.ObjectiveActivity.Config} {P Q : Minidregg.Kernel.ObjectiveUpgradeInvariant.Payloads}, (∀ (object : Minidregg.Kernel.DurableDataIntent.CellId), Minidregg.Kernel.ObjectiveUpgradeInvariant.objectView object (Q (Minidregg.Kernel.ObjectiveActivity.objectCell config.domain object)) = Minidregg.Kernel.ObjectiveUpgradeInvariant.objectView object (P (Minidregg.Kernel.ObjectiveActivity.objectCell config.domain object))) → (∀ (object : Minidregg.Kernel.DurableDataIntent.CellId), Minidregg.Kernel.ObjectiveUpgradeInvariant.stateView object (Q (Minidregg.Kernel.ObjectiveActivity.stateCell config.domain object)) = Minidregg.Kernel.ObjectiveUpgradeInvariant.stateView object (P (Minidregg.Kernel.ObjectiveActivity.stateCell config.domain object))) → (∀ (pin : Minidregg.Theory.TypedAuthorization.Digest), Minidregg.Kernel.ObjectiveUpgradeInvariant.packageView (Q (Minidregg.Kernel.ObjectiveActivity.packageCell config.domain pin)) = Minidregg.Kernel.ObjectiveUpgradeInvariant.packageView (P (Minidregg.Kernel.ObjectiveActivity.packageCell config.domain pin)) ∨ Minidregg.Kernel.ObjectiveUpgradeInvariant.packageView (P (Minidregg.Kernel.ObjectiveActivity.packageCell config.domain pin)) = []) → Minidregg.Kernel.ObjectiveUpgradeInvariant.MigratableStates config P → Minidregg.Kernel.ObjectiveUpgradeInvariant.MigratableStates config Q
theorem	Minidregg.Kernel.ObjectiveUpgradeInvariant.migrateValue_live	1d097642a11f7a684b4276e2ed7d685cada108558705176afa00fc6039b5e03b	85dc8f145c5e2e963187552c6193aaa81d39ffd14ae135b4a075fadd18ee5ac0	6bdf8814df7b551792c6bebe08ced8024add933b148695634f5f5f3821228b12	f753b318b3b651a4	Classical.choice,Quot.sound,propext	∀ (config : Minidregg.Kernel.ObjectiveActivity.Config) (package : Minidregg.Kernel.ObjectiveActivityWire.Bytes) (next : Minidregg.Kernel.ObjectRecord.Pending) (live : ℕ) (value : Minidregg.Theory.ObjectiveBendDemandData.Data), Minidregg.Kernel.ObjectiveActivity.migrateValue config package { pin := next.pin, stateType := next.stateType, migration := next.migration, dropped := next.dropped, law := next.law, packageLaws := next.packageLaws, upgrade := next.upgrade, rebirth := next.rebirth, envelope := next.envelope, adoptedAt := next.adoptedAt, live := live } value = Minidregg.Kernel.ObjectiveActivity.migrateValue config package next value
theorem	Minidregg.Kernel.ObjectiveUpgradeInvariant.migrate_cannot_fail	935ec9992667eb44bc31c1b112552beb60aa962db879c84dcbe0f117560ceb9c	e1103bb0cfce71de9bbf4efd2b9aad87efb9be47908f1c14c47e343bb51ebf5b	ede603fa48a1fbfed1cf530af02bd3bfeeb48a6878d5161e314b55d3e376d6e9	d69455907f55a3af	Classical.choice,Quot.sound,propext	∀ {rootBytes : Minidregg.Kernel.ObjectiveActivityWire.Bytes → Minidregg.Theory.TypedAuthorization.Digest} {config : Minidregg.Kernel.ObjectiveActivity.Config} {genesis snapshot : Minidregg.Kernel.ObjectiveActivity.Snapshot rootBytes}, Minidregg.Kernel.ObjectiveUpgradeInvariant.BookUnprotected config → Minidregg.Kernel.ObjectiveUpgradeInvariant.GenesisClean config genesis → Minidregg.Kernel.ObjectiveCheckpointInvariant.Reachable config genesis snapshot → ∀ {height : ℕ} {request : Minidregg.Kernel.ObjectiveActivity.MigrateRequest} {record : Minidregg.Kernel.ObjectRecord.ObjectRecord} {next : Minidregg.Kernel.ObjectRecord.Pending} {deadline : ℕ}, Minidregg.Kernel.ObjectiveActivity.readObject config snapshot request.object = Except.ok (Option.some record) → record.phase = Minidregg.Kernel.ObjectRecord.UpgradePhase.draining next deadline → record.live = 0 → ∀ {current : Option Minidregg.Kernel.ObjectState}, Minidregg.Kernel.ObjectiveActivity.readState config snapshot request.object = Except.ok current → ∀ {bookCell : Minidregg.Kernel.ObjectiveActivity.BookCell}, Minidregg.Kernel.ObjectiveActivity.loadBook config snapshot = Except.ok bookCell → (∃ posted, Minidregg.Kernel.ObjectiveActivity.postings bookCell (Minidregg.Kernel.ObjectiveActivity.migrateBatch config request next) = Except.ok posted) → ∃ migrated, Minidregg.Kernel.ObjectiveActivity.migrate config snapshot height request = Except.ok migrated
theorem	Minidregg.Kernel.ObjectiveUpgradeInvariant.objectCell_protected	bef0b9c985bb2bc63f6339f25b720895296784d58a9f530e42d24c818208e9e7	ce282d0ce0c44e643ad08e581b40065ed337dd9a1c778d9ab322a1d0142064ab	e7605c96151b29c1b3c83a6cbf95a8e83e9e99ec23ad44936a2c1643ba56512b	5c2585865bf97ed3	Classical.choice,Quot.sound,propext	∀ (config : Minidregg.Kernel.ObjectiveActivity.Config) (object : Minidregg.Kernel.DurableDataIntent.CellId), Minidregg.Kernel.ObjectiveUpgradeInvariant.Protected (Minidregg.Kernel.ObjectiveActivity.objectCell config.domain object)
theorem	Minidregg.Kernel.ObjectiveUpgradeInvariant.objectKey_inj	6a05a1018e131a0bff7a42beb10475a7ecdf37612b512e8ee6cd94227e3e1441	d43c1580565d642540b5305a0fd06cab59e8ac10a09df0def2a631ac2c5333bf	838e702e100e7b9a42c534dcf036f7adccd2f58edd9d659e23693c2ea69fd23c	603832c9c431aa69	Classical.choice,Quot.sound,propext	∀ {a b : Minidregg.Kernel.DurableDataIntent.CellId}, Minidregg.Kernel.ObjectiveActivity.objectKey a = Minidregg.Kernel.ObjectiveActivity.objectKey b → a = b
def	Minidregg.Kernel.ObjectiveUpgradeInvariant.objectView	11c68a31d1a206edc2e2fea94dfe3e5b0818e726f4ae3eefdfb372e82e3c0da5	d1d3da3f5a6ccf5fc1141cd55b63a91aa76e1fd043537bca471d02326c20d5d5	92d0db071f93f15e9f11adb50d8c2bd1e67c515ebb179cf6d5ece608d96ff083	0efb7d26c0f93e4f	Classical.choice,Quot.sound,propext	Minidregg.Kernel.DurableDataIntent.CellId → Option Minidregg.Kernel.ObjectiveUpgradeInvariant.Payload → Option Minidregg.Kernel.ObjectRecord.ObjectRecord
theorem	Minidregg.Kernel.ObjectiveUpgradeInvariant.objectView_after_kinded	7c35539d74e8dbafc3c7d2a88c5a64a35bf03b4c3d6859c6958e7408a188f5f7	5e5966d4fc524739fe027f561a191748aafec91a37e4e770fa5d88f03488524c	f6f023cac672cfd43a69e5e7e5abf7b3c7a95ec9f6a5c6910625ac57ab9c491c	4ed0a2cce8d6c10f	Classical.choice,Quot.sound,propext	∀ {rootBytes : Minidregg.Kernel.ObjectiveActivityWire.Bytes → Minidregg.Theory.TypedAuthorization.Digest} (snapshot : Minidregg.Kernel.ObjectiveActivity.Snapshot rootBytes) (posts : List Minidregg.Kernel.ObjectiveActivityWire.Post) (object cell : Minidregg.Kernel.DurableDataIntent.CellId), (∀ p ∈ posts, p.cell = cell → ∃ role, role ≠ Minidregg.Kernel.ObjectiveActivityCell.Role.object ∧ Minidregg.Kernel.ObjectiveUpgradeInvariant.Kinded snapshot role p) → Minidregg.Kernel.ObjectiveUpgradeInvariant.objectView object (Minidregg.Kernel.ObjectiveUpgradeInvariant.payloads (Minidregg.Kernel.ObjectiveActivity.afterPosts snapshot posts) cell) = Minidregg.Kernel.ObjectiveUpgradeInvariant.objectView object (Minidregg.Kernel.ObjectiveUpgradeInvariant.payloads snapshot.canonicalBytes cell)
theorem	Minidregg.Kernel.ObjectiveUpgradeInvariant.objectView_held_other	72d0e8aa35074e73d8cc599751f4b9928cb9481c401a1f9a6b34d2e8c0872c12	4096022db8f0b5ca5d87366746279cf140c12377905975818b0a084cf69130c5	a6adfac42e2755a7b2365d56da1abd876680d60bb3489ab220ac7ac1d27f1c84	7cadf6377663e2a5	Classical.choice,Quot.sound,propext	∀ {payload : Option Minidregg.Kernel.ObjectiveUpgradeInvariant.Payload} {object other : Minidregg.Kernel.DurableDataIntent.CellId} {record : Minidregg.Kernel.ObjectRecord.ObjectRecord}, Minidregg.Kernel.ObjectiveUpgradeInvariant.objectView object payload = Option.some record → other ≠ object → Minidregg.Kernel.ObjectiveUpgradeInvariant.objectView other payload = Option.none
theorem	Minidregg.Kernel.ObjectiveUpgradeInvariant.objectView_key	a12f782ee9a672ea8ecb245de4590e16c79c4c5e401769552c1b4840b00d0dda	f35bcbe0634e70e802e3fd359c087cab8c53bd9d87118421bd86d0d04cc6f936	079ac4d62c8630133db2a5b35a37f872a3eac175c42e5167b13655a706f49015	f25f69994de7f7e9	Classical.choice,Quot.sound,propext	∀ {object : Minidregg.Kernel.DurableDataIntent.CellId} {p : Minidregg.Kernel.ObjectiveUpgradeInvariant.Payload} {record : Minidregg.Kernel.ObjectRecord.ObjectRecord}, Minidregg.Kernel.ObjectiveUpgradeInvariant.objectView object (Option.some p) = Option.some record → p.key = Minidregg.Kernel.ObjectiveActivity.objectKey object
theorem	Minidregg.Kernel.ObjectiveUpgradeInvariant.objectView_objectImage	8b9315c9000cc13e66c1fb433eb8069294ec1e31bb7dac0e153532e51efbb1a3	a12ad24aacb76c868e991ccf3d968dde9ab92772332da4b30531a8e4261b2349	0ebab4123763fd8edad35a9cf17416b522fc2cfdda7a801a7140d8ed09adde5b	69aab605f9a4b510	Classical.choice,Quot.sound,propext	∀ (object other : Minidregg.Kernel.DurableDataIntent.CellId) (record : Minidregg.Kernel.ObjectRecord.ObjectRecord), Minidregg.Kernel.ObjectiveUpgradeInvariant.objectView other (Minidregg.Kernel.ObjectiveActivity.payloadOf (Minidregg.Kernel.ObjectiveActivity.objectImage object record)) = if other = object then Option.some record else Option.none
theorem	Minidregg.Kernel.ObjectiveUpgradeInvariant.objectView_of_role	90ee0d490273d626cc2643f6dfa437887e447fdf22c5898f71b4518c1de1c587	5f383c12102f4dc3940ea43e11e274c69354d72623703022f4db5b4c905ae9cc	03e05082877bca9c6bf3f7d3b11ac50d39d8efc4f11fc432a09182a20cd62152	0d4a0db8da1edecd	Classical.choice,Quot.sound,propext	∀ {role : Minidregg.Kernel.ObjectiveActivityCell.Role} {payload : Option Minidregg.Kernel.ObjectiveUpgradeInvariant.Payload}, role ≠ Minidregg.Kernel.ObjectiveActivityCell.Role.object → Minidregg.Kernel.ObjectiveUpgradeInvariant.OfRole role payload → ∀ (object : Minidregg.Kernel.DurableDataIntent.CellId), Minidregg.Kernel.ObjectiveUpgradeInvariant.objectView object payload = Option.none
theorem	Minidregg.Kernel.ObjectiveUpgradeInvariant.objectView_readObject	2d8761b4d94083a89ca4e1f59cd5c9fc8d28d90ceb90fab168f1c5f03b3670ac	42961c4224fd28b6d074649d5b8a2fc4cb9af4263bb14fc00644e5e53e477495	480019db69d4fefe9bea73e79e15bfcb817bd8b89236fb212a8bd33f9ae00416	8a16009ecc6ebb32	Classical.choice,Quot.sound,propext	∀ {rootBytes : Minidregg.Kernel.ObjectiveActivityWire.Bytes → Minidregg.Theory.TypedAuthorization.Digest} {config : Minidregg.Kernel.ObjectiveActivity.Config} {snapshot : Minidregg.Kernel.ObjectiveActivity.Snapshot rootBytes} {object : Minidregg.Kernel.DurableDataIntent.CellId} {record : Minidregg.Kernel.ObjectRecord.ObjectRecord}, Minidregg.Kernel.ObjectiveUpgradeInvariant.objectView object (Minidregg.Kernel.ObjectiveUpgradeInvariant.payloads snapshot.canonicalBytes (Minidregg.Kernel.ObjectiveActivity.objectCell config.domain object)) = Option.some record → Minidregg.Kernel.ObjectiveActivity.readObject config snapshot object = Except.ok (Option.some record)
theorem	Minidregg.Kernel.ObjectiveUpgradeInvariant.objectView_role	24c67da4c97c0031c3640cc1f062d9e516d82d1d336572dc390542afb069e9c9	a1555783ec9286f0ebf3f9c9f18bcfc7b0bcb7e0c2024d1ac4319e2382ea63f7	c21b72922526b782f93c6965811cbacd082cb2ed4d9d097a04d206c25baa1554	6ca4c253d50f1dc8	Classical.choice,Quot.sound,propext	∀ {object : Minidregg.Kernel.DurableDataIntent.CellId} {payload : Option Minidregg.Kernel.ObjectiveUpgradeInvariant.Payload} {record : Minidregg.Kernel.ObjectRecord.ObjectRecord}, Minidregg.Kernel.ObjectiveUpgradeInvariant.objectView object payload = Option.some record → ∃ p, payload = Option.some p ∧ p.role = Minidregg.Kernel.ObjectiveActivityCell.Role.object
theorem	Minidregg.Kernel.ObjectiveUpgradeInvariant.object_post_effective	4830d6cbdb535ad34baaa1a54df4ca9c68d8b45dc9356b0bdec0b863306b15a6	39ab41603c172e389a00b3b4f3f63022bb088b2300b2dccb147a1101d7aa91ad	c609c66795a7ab80605b7ce67d359c86cbf56b560a248af6aa0560112b5dcc23	3b2095aa702ce6de	Classical.choice,Quot.sound,propext	∀ {rootBytes : Minidregg.Kernel.ObjectiveActivityWire.Bytes → Minidregg.Theory.TypedAuthorization.Digest} (config : Minidregg.Kernel.ObjectiveActivity.Config) (snapshot : Minidregg.Kernel.ObjectiveActivity.Snapshot rootBytes) (posts : List Minidregg.Kernel.ObjectiveActivityWire.Post) (object : Minidregg.Kernel.DurableDataIntent.CellId) (record held : Minidregg.Kernel.ObjectRecord.ObjectRecord), Minidregg.Kernel.ObjectiveActivity.postAt snapshot (Minidregg.Kernel.ObjectiveActivity.objectCell config.domain object) (Minidregg.Kernel.ObjectiveActivity.objectImage object record) ∈ posts → (∀ p ∈ posts, p = Minidregg.Kernel.ObjectiveActivity.postAt snapshot (Minidregg.Kernel.ObjectiveActivity.objectCell config.domain object) (Minidregg.Kernel.ObjectiveActivity.objectImage object record) ∨ ∃ role, role ≠ Minidregg.Kernel.ObjectiveActivityCell.Role.object ∧ Minidregg.Kernel.ObjectiveUpgradeInvariant.Kinded snapshot role p) → Minidregg.Kernel.ObjectiveUpgradeInvariant.objectView object (Minidregg.Kernel.ObjectiveUpgradeInvariant.payloads snapshot.canonicalBytes (Minidregg.Kernel.ObjectiveActivity.objectCell config.domain object)) = Option.some held → Minidregg.Kernel.ObjectiveUpgradeInvariant.payloads (Minidregg.Kernel.ObjectiveActivity.afterPosts snapshot posts) (Minidregg.Kernel.ObjectiveActivity.objectCell config.domain object) = Minidregg.Kernel.ObjectiveActivity.payloadOf (Minidregg.Kernel.ObjectiveActivity.objectImage object record)
theorem	Minidregg.Kernel.ObjectiveUpgradeInvariant.object_post_kinded	ae50fa763048b94fd621a0c461b30c585169f1f7b7eb56509e70eecde5f76873	717a0be44e211d85d494c5fb4912e51a1aa8901816e3e61f3ea6f2df8672eb41	d9b856fa38012104cc1f09b6a7b121cdd1f8c9191ca4352db77b1d2302ee1b48	5b2f4aa8d9d1af11	Classical.choice,Quot.sound,propext	∀ {rootBytes : Minidregg.Kernel.ObjectiveActivityWire.Bytes → Minidregg.Theory.TypedAuthorization.Digest} {config : Minidregg.Kernel.ObjectiveActivity.Config} {snapshot : Minidregg.Kernel.ObjectiveActivity.Snapshot rootBytes} {object : Minidregg.Kernel.DurableDataIntent.CellId} {held record : Minidregg.Kernel.ObjectRecord.ObjectRecord}, Minidregg.Kernel.ObjectiveUpgradeInvariant.objectView object (Minidregg.Kernel.ObjectiveUpgradeInvariant.payloads snapshot.canonicalBytes (Minidregg.Kernel.ObjectiveActivity.objectCell config.domain object)) = Option.some held → Minidregg.Kernel.ObjectiveUpgradeInvariant.Kinded snapshot Minidregg.Kernel.ObjectiveActivityCell.Role.object (Minidregg.Kernel.ObjectiveActivity.postAt snapshot (Minidregg.Kernel.ObjectiveActivity.objectCell config.domain object) (Minidregg.Kernel.ObjectiveActivity.objectImage object record))
theorem	Minidregg.Kernel.ObjectiveUpgradeInvariant.objects_after_general	4fb9567692610d90f402dc1cc048585ea3fc6dd8db32a0c59190e73534c293c9	9d0545b8d1be38a8d3e165f9c12e2c64cbfe88c3f33ec79fc65a0558749f8f72	947386cc704a4455f38da9874c9963d254e635924b0227a0bc82e23529ba5a5a	240b64c853d7d7e2	Classical.choice,Quot.sound,propext	∀ {rootBytes : Minidregg.Kernel.ObjectiveActivityWire.Bytes → Minidregg.Theory.TypedAuthorization.Digest} (config : Minidregg.Kernel.ObjectiveActivity.Config) (snapshot : Minidregg.Kernel.ObjectiveActivity.Snapshot rootBytes) (posts : List Minidregg.Kernel.ObjectiveActivityWire.Post) (object : Minidregg.Kernel.DurableDataIntent.CellId) (posted held : Minidregg.Kernel.ObjectRecord.ObjectRecord), (∀ p ∈ posts, p = Minidregg.Kernel.ObjectiveActivity.postAt snapshot (Minidregg.Kernel.ObjectiveActivity.objectCell config.domain object) (Minidregg.Kernel.ObjectiveActivity.objectImage object posted) ∨ ∃ role, role ≠ Minidregg.Kernel.ObjectiveActivityCell.Role.object ∧ Minidregg.Kernel.ObjectiveUpgradeInvariant.Kinded snapshot role p) → Minidregg.Kernel.ObjectiveUpgradeInvariant.objectView object (Minidregg.Kernel.ObjectiveUpgradeInvariant.payloads snapshot.canonicalBytes (Minidregg.Kernel.ObjectiveActivity.objectCell config.domain object)) = Option.some held → Minidregg.Kernel.ObjectiveActivity.postAt snapshot (Minidregg.Kernel.ObjectiveActivity.objectCell config.domain object) (Minidregg.Kernel.ObjectiveActivity.objectImage object posted) ∈ posts ∨ posted = held → ∀ (other : Minidregg.Kernel.DurableDataIntent.CellId), Minidregg.Kernel.ObjectiveUpgradeInvariant.objectView other (Minidregg.Kernel.ObjectiveUpgradeInvariant.payloads (Minidregg.Kernel.ObjectiveActivity.afterPosts snapshot posts) (Minidregg.Kernel.ObjectiveActivity.objectCell config.domain other)) = if other = object then Option.some posted else Minidregg.Kernel.ObjectiveUpgradeInvariant.objectView other (Minidregg.Kernel.ObjectiveUpgradeInvariant.payloads snapshot.canonicalBytes (Minidregg.Kernel.ObjectiveActivity.objectCell config.domain other))
theorem	Minidregg.Kernel.ObjectiveUpgradeInvariant.objects_after_one	58b7fd2d3eab900108e947a890298bee058dc8bd649564fd338f9e923eec9744	3c6584be61ac336371413f532eff46b644784f48e8433717c0dfe66b9dfbce64	48ddf6f2eb6f904b48f94f8d2abb920dd44a549955d35f9b74f79001eb9abea5	0e4abec090e9861b	Classical.choice,Quot.sound,propext	∀ {rootBytes : Minidregg.Kernel.ObjectiveActivityWire.Bytes → Minidregg.Theory.TypedAuthorization.Digest} (config : Minidregg.Kernel.ObjectiveActivity.Config) (snapshot : Minidregg.Kernel.ObjectiveActivity.Snapshot rootBytes) (posts : List Minidregg.Kernel.ObjectiveActivityWire.Post) (object : Minidregg.Kernel.DurableDataIntent.CellId) (record : Minidregg.Kernel.ObjectRecord.ObjectRecord), Minidregg.Kernel.ObjectiveUpgradeInvariant.payloads (Minidregg.Kernel.ObjectiveActivity.afterPosts snapshot posts) (Minidregg.Kernel.ObjectiveActivity.objectCell config.domain object) = Minidregg.Kernel.ObjectiveActivity.payloadOf (Minidregg.Kernel.ObjectiveActivity.objectImage object record) → (∀ p ∈ posts, p = Minidregg.Kernel.ObjectiveActivity.postAt snapshot (Minidregg.Kernel.ObjectiveActivity.objectCell config.domain object) (Minidregg.Kernel.ObjectiveActivity.objectImage object record) ∨ ∃ role, role ≠ Minidregg.Kernel.ObjectiveActivityCell.Role.object ∧ Minidregg.Kernel.ObjectiveUpgradeInvariant.Kinded snapshot role p) → (∀ (other : Minidregg.Kernel.DurableDataIntent.CellId), other ≠ object → Minidregg.Kernel.ObjectiveUpgradeInvariant.objectView other (Minidregg.Kernel.ObjectiveUpgradeInvariant.payloads snapshot.canonicalBytes (Minidregg.Kernel.ObjectiveActivity.objectCell config.domain object)) = Option.none) → ∀ (other : Minidregg.Kernel.DurableDataIntent.CellId), Minidregg.Kernel.ObjectiveUpgradeInvariant.objectView other (Minidregg.Kernel.ObjectiveUpgradeInvariant.payloads (Minidregg.Kernel.ObjectiveActivity.afterPosts snapshot posts) (Minidregg.Kernel.ObjectiveActivity.objectCell config.domain other)) = if other = object then Option.some record else Minidregg.Kernel.ObjectiveUpgradeInvariant.objectView other (Minidregg.Kernel.ObjectiveUpgradeInvariant.payloads snapshot.canonicalBytes (Minidregg.Kernel.ObjectiveActivity.objectCell config.domain other))
theorem	Minidregg.Kernel.ObjectiveUpgradeInvariant.packageBytes_view	8930a165822015cdcc2c67cfab11ff54ddbbc68bdb1e99e878c6c82f5f69cf6c	d70280b65b4c9d8ea085c9855a0ca02f888a62ebb8db67bb98fb550f2cf35163	bb22543798ff6d87be9c994eacf1c2217a7f193e278fe7aef75fa55521e99709	39e391bc4a766e2c	Classical.choice,Quot.sound,propext	∀ {rootBytes : Minidregg.Kernel.ObjectiveActivityWire.Bytes → Minidregg.Theory.TypedAuthorization.Digest} (config : Minidregg.Kernel.ObjectiveActivity.Config) (snapshot : Minidregg.Kernel.ObjectiveActivity.Snapshot rootBytes) (pin : Minidregg.Theory.TypedAuthorization.Digest), Minidregg.Kernel.ObjectiveActivity.packageBytes config snapshot pin = Minidregg.Kernel.ObjectiveUpgradeInvariant.packageView (Minidregg.Kernel.ObjectiveUpgradeInvariant.payloads snapshot.canonicalBytes (Minidregg.Kernel.ObjectiveActivity.packageCell config.domain pin))
theorem	Minidregg.Kernel.ObjectiveUpgradeInvariant.packageCell_protected	72859e9f1aa78290224097b3e5176f90970a92efe48361d9d6ac07b66be10201	eaf66c08c6ae51d53f911a3cc5909f2b6af7ee439ae31783aa30fe03fd5bd95f	927e2f61d994b704fd55380f5fd2577eb63cd02119fddfadbb4b274d47210716	999573e19ffce07e	Classical.choice,Quot.sound,propext	∀ (config : Minidregg.Kernel.ObjectiveActivity.Config) (pin : Minidregg.Theory.TypedAuthorization.Digest), Minidregg.Kernel.ObjectiveUpgradeInvariant.Protected (Minidregg.Kernel.ObjectiveActivity.packageCell config.domain pin)
def	Minidregg.Kernel.ObjectiveUpgradeInvariant.packageView	b79518e178260e29814ebdddc30317114ff160c798947b60c3530d2651021e06	172763a72d208ce575573a9cac88199308d6e122c8c252f1f0b3a69ad4bc703d	1689560c825a94410312b673e49d6821f724d43a837fdb4134f856f558a6eecd	b74ed90770b1b01a	Classical.choice,Quot.sound,propext	Option Minidregg.Kernel.ObjectiveUpgradeInvariant.Payload → Minidregg.Kernel.ObjectiveActivityWire.Bytes
theorem	Minidregg.Kernel.ObjectiveUpgradeInvariant.packageView_after_kinded	33542c148a8ec2f5ea5ae2473c74f846b3c4ccde1d0013e7c922e0de3ecef0d8	2bcbc0675da3eeaca0238c3ad94b4459a98b6cf802388478e22bf973bb09b905	90227804698ce79bc9f319abfadcbdcf660814e6e78bd06488cdb2ba9f3f8f6c	390a3dfb6d58d063	Classical.choice,Quot.sound,propext	∀ {rootBytes : Minidregg.Kernel.ObjectiveActivityWire.Bytes → Minidregg.Theory.TypedAuthorization.Digest} (snapshot : Minidregg.Kernel.ObjectiveActivity.Snapshot rootBytes) (posts : List Minidregg.Kernel.ObjectiveActivityWire.Post) (cell : Minidregg.Kernel.DurableDataIntent.CellId), (∀ p ∈ posts, p.cell = cell → ∃ role, role ≠ Minidregg.Kernel.ObjectiveActivityCell.Role.package ∧ Minidregg.Kernel.ObjectiveUpgradeInvariant.Kinded snapshot role p) → Minidregg.Kernel.ObjectiveUpgradeInvariant.packageView (Minidregg.Kernel.ObjectiveUpgradeInvariant.payloads (Minidregg.Kernel.ObjectiveActivity.afterPosts snapshot posts) cell) = Minidregg.Kernel.ObjectiveUpgradeInvariant.packageView (Minidregg.Kernel.ObjectiveUpgradeInvariant.payloads snapshot.canonicalBytes cell)
theorem	Minidregg.Kernel.ObjectiveUpgradeInvariant.packageView_of_role	290fa2dfbfc4e99b05fac9a3a82bbc26483149191589f62920597018f5a609e4	a49f55f9f36ea87b9999d24809e26e8e9e0840c4ecd273e5057eb77daf52f802	43d1266ab39d92416d598b09c7bf01102be80a8d7227a399d0f1fdab8d8afd42	303af1a338235113	Classical.choice,Quot.sound,propext	∀ {role : Minidregg.Kernel.ObjectiveActivityCell.Role} {payload : Option Minidregg.Kernel.ObjectiveUpgradeInvariant.Payload}, role ≠ Minidregg.Kernel.ObjectiveActivityCell.Role.package → Minidregg.Kernel.ObjectiveUpgradeInvariant.OfRole role payload → Minidregg.Kernel.ObjectiveUpgradeInvariant.packageView payload = []
theorem	Minidregg.Kernel.ObjectiveUpgradeInvariant.payloadOf_image_role	1df87adebb77fc23f44546172a36742a80e07b0d9871efdfa3cfba29442431eb	2b1d1075579f456324fbc0b8323aa0c30055fee2492e7629f551f3b41fca37c6	817d2dbf3fbd16fee228de4ac787b03b21f184334de87e42750af94fd68a4f98	ff1ac6ea3713f4f9	Classical.choice,Quot.sound,propext	∀ (role : Minidregg.Kernel.ObjectiveActivityCell.Role) (key body : Minidregg.Kernel.ObjectiveActivityWire.Bytes), Minidregg.Kernel.ObjectiveUpgradeInvariant.OfRole role (Minidregg.Kernel.ObjectiveActivity.payloadOf (Minidregg.Kernel.ObjectiveActivity.image role key body))
def	Minidregg.Kernel.ObjectiveUpgradeInvariant.payloads	73fc3b91330e569a7dc24ffa96225f7c4c0de62c77be46827c447a81402737d9	ca52513084f6e8a2eecf561225e9a863891007b1e2022c29aa306e88653d7c31	0c951a32f91e1a973fea104dbc1aead9502188829511f142aacc39c86d5fa0b8	91710d469ad2dffa	Classical.choice,Quot.sound,propext	(Minidregg.Kernel.DurableDataIntent.CellId → Minidregg.Kernel.ObjectiveActivityWire.Bytes) → Minidregg.Kernel.ObjectiveUpgradeInvariant.Payloads
theorem	Minidregg.Kernel.ObjectiveUpgradeInvariant.payloads_after	0e08b9fa4a05809172b1e4539576d2b01ffea29283be1eac56be79527186452f	41d799405d747b09a87f2c24b7afc1b28c28149a076e40794c2ab4d7c6efe610	cbc646ea9458c381ab5b0678b909417981d5e781f5c4c5410e50a73fd5732cd6	4b68d9b9cba205c7	Classical.choice,Quot.sound,propext	∀ {rootBytes : Minidregg.Kernel.ObjectiveActivityWire.Bytes → Minidregg.Theory.TypedAuthorization.Digest} (snapshot : Minidregg.Kernel.ObjectiveActivity.Snapshot rootBytes) (posts : List Minidregg.Kernel.ObjectiveActivityWire.Post) (cell : Minidregg.Kernel.DurableDataIntent.CellId), (Minidregg.Kernel.ObjectiveUpgradeInvariant.payloads (Minidregg.Kernel.ObjectiveActivity.afterPosts snapshot posts) cell = Minidregg.Kernel.ObjectiveUpgradeInvariant.payloads snapshot.canonicalBytes cell ∧ ∀ p ∈ posts, p.cell ≠ cell) ∨ ∃ p ∈ posts, p.cell = cell ∧ Minidregg.Kernel.ObjectiveUpgradeInvariant.payloads (Minidregg.Kernel.ObjectiveActivity.afterPosts snapshot posts) cell = Minidregg.Kernel.ObjectiveActivity.payloadOf p.bytes
theorem	Minidregg.Kernel.ObjectiveUpgradeInvariant.reachable_upgradable	58b975b59d81902c92cea0d6c7334a84a4e3ffccab589b883b8952205fb8eab4	8172aa78d5abf266168c68d8dbf053ad867c258591a991e343d8bb27362d0d0d	8fcece6d970d2148d2931a6375515951f95e63762de9151be5ce0ce859791e4c	1ebb4a24890eab8c	Classical.choice,Quot.sound,propext	∀ {rootBytes : Minidregg.Kernel.ObjectiveActivityWire.Bytes → Minidregg.Theory.TypedAuthorization.Digest} {config : Minidregg.Kernel.ObjectiveActivity.Config} {genesis snapshot : Minidregg.Kernel.ObjectiveActivity.Snapshot rootBytes}, Minidregg.Kernel.ObjectiveUpgradeInvariant.BookUnprotected config → Minidregg.Kernel.ObjectiveUpgradeInvariant.GenesisClean config genesis → Minidregg.Kernel.ObjectiveCheckpointInvariant.Reachable config genesis snapshot → Minidregg.Kernel.ObjectiveUpgradeInvariant.Upgradable config (Minidregg.Kernel.ObjectiveUpgradeInvariant.payloads snapshot.canonicalBytes)
theorem	Minidregg.Kernel.ObjectiveUpgradeInvariant.readInbox_role	668234d46f9031e8eb10921f6ae2b4ae325f3793c3357e336e68f2f5631ce69f	6c11ec3553e5e0d863a21b2925ad087e6c8bed7afad22f8ebb47d996c9914e67	036e0eaaeab2d6a451145ff8c1960747275295a6cc2c8e50313f2fd293a686c0	eeeca92620a54d2f	Classical.choice,Quot.sound,propext	∀ {rootBytes : Minidregg.Kernel.ObjectiveActivityWire.Bytes → Minidregg.Theory.TypedAuthorization.Digest} {snapshot : Minidregg.Kernel.ObjectiveActivity.Snapshot rootBytes} {cell : Minidregg.Kernel.DurableDataIntent.CellId} {read : Option Minidregg.Kernel.Inbox.Inbox}, Minidregg.Kernel.ObjectiveActivity.readInbox snapshot cell = Option.some read → Minidregg.Kernel.ObjectiveUpgradeInvariant.OfRole Minidregg.Kernel.ObjectiveActivityCell.Role.inbox (Minidregg.Kernel.ObjectiveActivity.payloadOf (snapshot.canonicalBytes cell))
theorem	Minidregg.Kernel.ObjectiveUpgradeInvariant.readObject_none	8afd327a34979b24900eb75d5dc99ebd0d1393d1890314b8810d124317413b76	5a46c3ff3497f7ad3f41beaf28206304e9f455a2f9fdc37e9d12a6f2a22c68c2	cdf0c9cb0bfdfa838242db7c4d65c7c060d8aa626a6c30f1d4d104a6577bfd6f	44541fda7c94f938	Classical.choice,Quot.sound,propext	∀ {rootBytes : Minidregg.Kernel.ObjectiveActivityWire.Bytes → Minidregg.Theory.TypedAuthorization.Digest} {config : Minidregg.Kernel.ObjectiveActivity.Config} {snapshot : Minidregg.Kernel.ObjectiveActivity.Snapshot rootBytes} {object : Minidregg.Kernel.DurableDataIntent.CellId}, Minidregg.Kernel.ObjectiveActivity.readObject config snapshot object = Except.ok Option.none → Minidregg.Kernel.ObjectiveUpgradeInvariant.payloads snapshot.canonicalBytes (Minidregg.Kernel.ObjectiveActivity.objectCell config.domain object) = Option.none
theorem	Minidregg.Kernel.ObjectiveUpgradeInvariant.readObject_role	df57b997f8343ce07045deddd816e677ce11d23a57d6d617c8f5a14b964cf974	2c809a029c382da7d53d14b75dea92fdd85e0ec11604bfc428f9d265c3676bd6	98ea73b0a8e2fc3d58e5733ade1a7a09b99d9ce9a30f5e8e638af74081a9fca6	34b182dccaa59aa1	Classical.choice,Quot.sound,propext	∀ {rootBytes : Minidregg.Kernel.ObjectiveActivityWire.Bytes → Minidregg.Theory.TypedAuthorization.Digest} {config : Minidregg.Kernel.ObjectiveActivity.Config} {snapshot : Minidregg.Kernel.ObjectiveActivity.Snapshot rootBytes} {object : Minidregg.Kernel.DurableDataIntent.CellId} {record : Minidregg.Kernel.ObjectRecord.ObjectRecord}, Minidregg.Kernel.ObjectiveActivity.readObject config snapshot object = Except.ok (Option.some record) → Minidregg.Kernel.ObjectiveUpgradeInvariant.OfRole Minidregg.Kernel.ObjectiveActivityCell.Role.object (Minidregg.Kernel.ObjectiveActivity.payloadOf (snapshot.canonicalBytes (Minidregg.Kernel.ObjectiveActivity.objectCell config.domain object))) ∧ ∀ (p : Minidregg.Kernel.ObjectiveActivityCell.Payload), Minidregg.Kernel.ObjectiveActivity.payloadOf (snapshot.canonicalBytes (Minidregg.Kernel.ObjectiveActivity.objectCell config.domain object)) = Option.some p → p.key = Minidregg.Kernel.ObjectiveActivity.objectKey object
theorem	Minidregg.Kernel.ObjectiveUpgradeInvariant.readObject_some	2483e92383bc4ff3f6d001dd751374ff19679fc689401474bd4cdae6358a6ef6	7b82c962e1756908222cb16b2345e17d5217777e7c5cb56085a53b90b621dfd2	eee9058430426c6cfba1ed3c542c35691bba02e136e881d864d9704ac35fb392	7bd02cf9c11acc7a	Classical.choice,Quot.sound,propext	∀ {rootBytes : Minidregg.Kernel.ObjectiveActivityWire.Bytes → Minidregg.Theory.TypedAuthorization.Digest} {config : Minidregg.Kernel.ObjectiveActivity.Config} {snapshot : Minidregg.Kernel.ObjectiveActivity.Snapshot rootBytes} {object : Minidregg.Kernel.DurableDataIntent.CellId} {record : Minidregg.Kernel.ObjectRecord.ObjectRecord}, Minidregg.Kernel.ObjectiveActivity.readObject config snapshot object = Except.ok (Option.some record) → Minidregg.Kernel.ObjectiveUpgradeInvariant.objectView object (Minidregg.Kernel.ObjectiveUpgradeInvariant.payloads snapshot.canonicalBytes (Minidregg.Kernel.ObjectiveActivity.objectCell config.domain object)) = Option.some record
theorem	Minidregg.Kernel.ObjectiveUpgradeInvariant.readRecord_role	8e9c442c83ae421ac35115a2966bf37da4c8d3108487a20b157c6af11319ec63	71a92a3c22825c0ae2b415bbf882039cbfd4ac4f28d5ddf1f352d0c74661f515	0d7efee6d2755463e9db1e49b27e773c402fd104788572f30e8221d7d696a9c4	22a76d028c1c0da4	Classical.choice,Quot.sound,propext	∀ {rootBytes : Minidregg.Kernel.ObjectiveActivityWire.Bytes → Minidregg.Theory.TypedAuthorization.Digest} {snapshot : Minidregg.Kernel.ObjectiveActivity.Snapshot rootBytes} {cell : Minidregg.Kernel.DurableDataIntent.CellId} {record : Minidregg.Kernel.ObjectiveActivity.Record}, Minidregg.Kernel.ObjectiveActivity.readRecord snapshot cell = Option.some record → Minidregg.Kernel.ObjectiveUpgradeInvariant.OfRole Minidregg.Kernel.ObjectiveActivityCell.Role.record (Minidregg.Kernel.ObjectiveActivity.payloadOf (snapshot.canonicalBytes cell))
theorem	Minidregg.Kernel.ObjectiveUpgradeInvariant.readSlot_role	aa10bb6b5b111b9cb24a601b4bddcbf71ee99b6c3fe34935c537b0cff4e9c3d2	863602c5741ec649965aae1283ca110e5d84c3b3c36dcee238ca247205cc3e28	c5613ace99d492e61161ad1cfd30733256155f621603001b899850e8da2b445c	c1ddcdd5fa3db324	Classical.choice,Quot.sound,propext	∀ {rootBytes : Minidregg.Kernel.ObjectiveActivityWire.Bytes → Minidregg.Theory.TypedAuthorization.Digest} {config : Minidregg.Kernel.ObjectiveActivity.Config} {snapshot : Minidregg.Kernel.ObjectiveActivity.Snapshot rootBytes} {name : Minidregg.Theory.TypedAuthorization.Digest} {slot : Minidregg.Kernel.AnswerSlot.Slot}, Minidregg.Kernel.ObjectiveActivity.readSlot config snapshot name = Option.some slot → Minidregg.Kernel.ObjectiveUpgradeInvariant.OfRole Minidregg.Kernel.ObjectiveActivityCell.Role.slot (Minidregg.Kernel.ObjectiveActivity.payloadOf (snapshot.canonicalBytes (Minidregg.Kernel.AnswerSlot.cell config.domain name)))
theorem	Minidregg.Kernel.ObjectiveUpgradeInvariant.readState_role	8a2b644c5ec52b465a28c59bc81dd0dc6e8891e4540bd9e5b507fa8a0299ecbf	24c7031719485d148888af72d214358ff836ea96dadf1cbf53d4865cb3135f29	beb99c51d41284821d2111086626df657a69d808c7474c73a058db6778b7174a	f4dfcd7def404841	Classical.choice,Quot.sound,propext	∀ {rootBytes : Minidregg.Kernel.ObjectiveActivityWire.Bytes → Minidregg.Theory.TypedAuthorization.Digest} {config : Minidregg.Kernel.ObjectiveActivity.Config} {snapshot : Minidregg.Kernel.ObjectiveActivity.Snapshot rootBytes} {object : Minidregg.Kernel.DurableDataIntent.CellId} {current : Option Minidregg.Kernel.ObjectState}, Minidregg.Kernel.ObjectiveActivity.readState config snapshot object = Except.ok current → Minidregg.Kernel.ObjectiveUpgradeInvariant.OfRole Minidregg.Kernel.ObjectiveActivityCell.Role.state (Minidregg.Kernel.ObjectiveActivity.payloadOf (snapshot.canonicalBytes (Minidregg.Kernel.ObjectiveActivity.stateCell config.domain object)))
theorem	Minidregg.Kernel.ObjectiveUpgradeInvariant.readState_some	ab9553795fc6fbd2549803bec3ffd2466d556d85cbd0c74adf868d2de133e799	3236848afb7b07ee2b663ddb513a1c9ab07b95a6aaa95d38fa5de42a508cbec1	3a2950c0413f0e67cac54e708d2f90b088d8d1ebfa265a9c9345d16a8d6b6e7d	baf6c160d48816ee	Classical.choice,Quot.sound,propext	∀ {rootBytes : Minidregg.Kernel.ObjectiveActivityWire.Bytes → Minidregg.Theory.TypedAuthorization.Digest} {config : Minidregg.Kernel.ObjectiveActivity.Config} {snapshot : Minidregg.Kernel.ObjectiveActivity.Snapshot rootBytes} {object : Minidregg.Kernel.DurableDataIntent.CellId} {state : Minidregg.Kernel.ObjectState}, Minidregg.Kernel.ObjectiveActivity.readState config snapshot object = Except.ok (Option.some state) → Minidregg.Kernel.ObjectiveUpgradeInvariant.stateView object (Minidregg.Kernel.ObjectiveUpgradeInvariant.payloads snapshot.canonicalBytes (Minidregg.Kernel.ObjectiveActivity.stateCell config.domain object)) = Option.some state
theorem	Minidregg.Kernel.ObjectiveUpgradeInvariant.rebirthTarget_ok	ed40a23419cf5dc52de72228130953a151da0529941c9fe08ee29bf6006d2df8	e30098e63cbb9c7e996d65db177904a7581f422229e7c5e0d6a5126d6655b7f9	e9998332a8916e8eb1ca1b4c09f91ad0960924271fe09ce8f1f7fe5db5004db1	1220f0c1573ab373	Classical.choice,Quot.sound,propext	∀ {rootBytes : Minidregg.Kernel.ObjectiveActivityWire.Bytes → Minidregg.Theory.TypedAuthorization.Digest} {config : Minidregg.Kernel.ObjectiveActivity.Config} {snapshot : Minidregg.Kernel.ObjectiveActivity.Snapshot rootBytes} {object : Minidregg.Kernel.DurableDataIntent.CellId} {record : Minidregg.Kernel.ObjectRecord.ObjectRecord} {pin activity : Minidregg.Theory.TypedAuthorization.Digest}, Minidregg.Kernel.ObjectiveActivity.rebirthTarget config snapshot object record pin activity = Except.ok () → ∃ target, Minidregg.Kernel.ObjectiveActivity.readRecord snapshot (Minidregg.Kernel.ObjectiveActivity.recordCell config.domain object activity) = Option.some target ∧ target.object = object ∧ target.activity = activity ∧ target.pin = record.pin ∧ target.phase.awaits = Bool.true
theorem	Minidregg.Kernel.ObjectiveUpgradeInvariant.rebirthTargets_ok	3f5f2ead84c5602a155fc78a66cd0716514ecc873a101bcfd907648ab5b2197e	6d841a1433b53a95e75810a6011a6e49a87383bcaeb2833667997cc1a479f40b	57763794c9f147670cb1df1b20cc787f973c37e79e12817e2c90837e35e13c1f	a96426d71f8f74c0	Classical.choice,Quot.sound,propext	∀ {rootBytes : Minidregg.Kernel.ObjectiveActivityWire.Bytes → Minidregg.Theory.TypedAuthorization.Digest} {config : Minidregg.Kernel.ObjectiveActivity.Config} {snapshot : Minidregg.Kernel.ObjectiveActivity.Snapshot rootBytes} {object : Minidregg.Kernel.DurableDataIntent.CellId} {record : Minidregg.Kernel.ObjectRecord.ObjectRecord} {pin : Minidregg.Theory.TypedAuthorization.Digest} (activities : List Minidregg.Theory.TypedAuthorization.Digest), Minidregg.Kernel.ObjectiveActivity.rebirthTargets config snapshot object record pin activities = Except.ok () → ∀ a ∈ activities, ∃ target, Minidregg.Kernel.ObjectiveActivity.readRecord snapshot (Minidregg.Kernel.ObjectiveActivity.recordCell config.domain object a) = Option.some target ∧ target.object = object ∧ target.activity = a ∧ target.pin = record.pin ∧ target.phase.awaits = Bool.true
theorem	Minidregg.Kernel.ObjectiveUpgradeInvariant.rebirth_count	60b139882a4098fcd8c0ea48ccea7c3912ff06b0854b81dcaaf52b54c8781874	b24e7ba1d0394c2487367c7178331bdb6eb8baeed6222ed5fc43f51ef7df6327	291d588f978f3b0ff31eaeb539d7f60d19b20583f23159d9ebc60743e6c7f392	382e6f11d40992fe	Quot.sound,propext	∀ (object : Minidregg.Kernel.ObjectRecord.ObjectRecord) (oldPin oldActivity pin activity : Minidregg.Theory.TypedAuthorization.Digest) (awaits : Bool) (c : Minidregg.Kernel.ObjectRecord.LiveClass), (Minidregg.Kernel.ObjectiveActivity.recount (object.release oldPin oldActivity) pin activity Bool.false awaits).count c = (object.count c - if c = object.classOf oldPin oldActivity then 1 else 0) + if awaits = Bool.true ∧ c = object.classOf pin activity then 1 else 0
theorem	Minidregg.Kernel.ObjectiveUpgradeInvariant.rebirth_upgradable	02af0419e5de812f8884f34264af8656ce966a0a78b7b71402b4dc2546549c2a	3dca642d3f8bc8122fe34891fa28ece967cab6e4a48fecb607628c52c59b2f98	02fb40c202fc503c453cd1380ed28c1178f1a2a52dfbe80df0ab0470ee4c200e	2f2d1f45588aaf43	Classical.choice,Quot.sound,propext	∀ {rootBytes : Minidregg.Kernel.ObjectiveActivityWire.Bytes → Minidregg.Theory.TypedAuthorization.Digest} {config : Minidregg.Kernel.ObjectiveActivity.Config} {snapshot : Minidregg.Kernel.ObjectiveActivity.Snapshot rootBytes} {posts rest slotPosts : List Minidregg.Kernel.ObjectiveActivityWire.Post} {cell oldCell : Minidregg.Kernel.DurableDataIntent.CellId} {record old : Minidregg.Kernel.ObjectiveActivity.Record} {object : Minidregg.Kernel.ObjectRecord.ObjectRecord} {bookPost : Minidregg.Kernel.ObjectiveActivityWire.Post}, Minidregg.Kernel.ObjectiveActivity.payloadOf (snapshot.canonicalBytes cell) = Option.none → cell = Minidregg.Kernel.ObjectiveActivity.recordCell config.domain record.object record.activity → Minidregg.Kernel.ObjectiveActivity.readRecord snapshot oldCell = Option.some old → oldCell = Minidregg.Kernel.ObjectiveActivity.recordCell config.domain old.object old.activity → old.phase.awaits = Bool.true → old.object = record.object → Minidregg.Kernel.ObjectiveActivity.readObject config snapshot record.object = Except.ok (Option.some object) → (∀ p ∈ rest, Minidregg.Kernel.ObjectiveUpgradeInvariant.StatePostOk config snapshot p) → Minidregg.Kernel.ObjectiveUpgradeInvariant.Silent snapshot bookPost → (∀ p ∈ slotPosts, Minidregg.Kernel.ObjectiveUpgradeInvariant.Silent snapshot p) → posts = Minidregg.Kernel.ObjectiveActivity.postAt snapshot cell (Minidregg.Kernel.ObjectiveActivity.recordImage record) :: (rest ++ [bookPost] ++ Minidregg.Kernel.ObjectiveActivity.objectPost config snapshot record.object object (Minidregg.Kernel.ObjectiveActivity.recount (object.release old.pin old.activity) record.pin record.activity Bool.false record.phase.awaits)) ++ Minidregg.Kernel.ObjectiveActivity.postAt snapshot oldCell Minidregg.Kernel.ObjectiveActivity.retiredImage :: slotPosts → Minidregg.Kernel.ObjectiveUpgradeInvariant.Upgradable config (Minidregg.Kernel.ObjectiveUpgradeInvariant.payloads snapshot.canonicalBytes) → record.Fits → Minidregg.Kernel.ObjectiveUpgradeInvariant.Upgradable config (Minidregg.Kernel.ObjectiveUpgradeInvariant.payloads (Minidregg.Kernel.ObjectiveActivity.afterPosts snapshot posts))
theorem	Minidregg.Kernel.ObjectiveUpgradeInvariant.recordCell_protected	948389a6a5cbecc4d4907c0032f8823ca760364f3062b0968d4547793fb28000	dd231aed9c78f1d9c9a6e72bf87222c23598e6a104dcfe404ed85465503c6597	fbe9c6da27500c9b58075f9eddf39db66820f33eda116ce0eda62e1a82a570e5	bc3a560a85374a6c	Classical.choice,Quot.sound,propext	∀ (config : Minidregg.Kernel.ObjectiveActivity.Config) (object : Minidregg.Kernel.DurableDataIntent.CellId) (activity : Minidregg.Theory.TypedAuthorization.Digest), Minidregg.Kernel.ObjectiveUpgradeInvariant.Protected (Minidregg.Kernel.ObjectiveActivity.recordCell config.domain object activity)
theorem	Minidregg.Kernel.ObjectiveUpgradeInvariant.recordImage_role	8b2fc7ee363337a718e88e520c5e76e92b034de254b03f76602673c3486008d9	ea39053b803429fcdc03c6a405ccf11e516d96ffa708679814bbd166bd804ff7	789de4dee643d39732436f374d12e5971edb2cbe345a66a2590d8c3bea4ad3cd	2e35406d38e13abf	Classical.choice,Quot.sound,propext	∀ (record : Minidregg.Kernel.ObjectiveActivity.Record), Minidregg.Kernel.ObjectiveUpgradeInvariant.OfRole Minidregg.Kernel.ObjectiveActivityCell.Role.record (Minidregg.Kernel.ObjectiveActivity.payloadOf (Minidregg.Kernel.ObjectiveActivity.recordImage record))
def	Minidregg.Kernel.ObjectiveUpgradeInvariant.recordKey'	4e452ed0079d30700ff014e6b38a3422990a929817c70b2c3b448b83e410ce7e	57a808c0b1d516b6b4ba4538777bdc2726f73fc6ecf0397f3ff4455dd3ce1c19	42bb8f843bf9c9619c415e8645adf9c72119c278e7368c067183d8812972c878	074229072ff09b11	-	Minidregg.Kernel.ObjectiveActivity.Record → Minidregg.Kernel.DurableDataIntent.CellId × Minidregg.Theory.TypedAuthorization.Digest × Minidregg.Theory.TypedAuthorization.Digest
def	Minidregg.Kernel.ObjectiveUpgradeInvariant.recordView	3728c1953663c6b4836e9cd1b78bc1ebd620a5b5b466a03763379f182fdd5002	10e0f22aa57da8027d811278acb53402e1baef16e39de4164da9b38cfc9e7daf	a67f91328c2e6f4386933f46fb9f4db6be9276bb66ad17482ba375f62471a2f3	6d78af70ea7a7604	Classical.choice,Quot.sound,propext	Option Minidregg.Kernel.ObjectiveUpgradeInvariant.Payload → Option Minidregg.Kernel.ObjectiveActivity.Record
theorem	Minidregg.Kernel.ObjectiveUpgradeInvariant.recordView_of_role	094da3ae567a93ce60052db06f91191e5a794982ee8ad3ae3de7fe3d250da3a7	0643a753ffb09a65326b27f2252e3aca68abff7f3b7e21170ef1b9378ee098ff	274c03a4db9b05ec6adf0d42c54ee7b3eba7b6c7255e2c84c5a7eeae7b6a03d5	77a7e5178d410fcf	Classical.choice,Quot.sound,propext	∀ {role : Minidregg.Kernel.ObjectiveActivityCell.Role} {payload : Option Minidregg.Kernel.ObjectiveUpgradeInvariant.Payload}, role ≠ Minidregg.Kernel.ObjectiveActivityCell.Role.record → Minidregg.Kernel.ObjectiveUpgradeInvariant.OfRole role payload → Minidregg.Kernel.ObjectiveUpgradeInvariant.recordView payload = Option.none
theorem	Minidregg.Kernel.ObjectiveUpgradeInvariant.recount_birth_count	ef3187ea655b145aa1c3216e7683b4fac6f5618ccf0d08c015e05075ae89b199	e5e7b4e44304fd192861fdcee87ced9961953dce079e0d392334d3306768438d	33a56b6fd4ff1186428ce2fcfeb93f3d3d08cbd86270e53bba71c00ab878f069	e763d2c24dd01ea0	propext	∀ (record : Minidregg.Kernel.ObjectRecord.ObjectRecord) (pin activity : Minidregg.Theory.TypedAuthorization.Digest) (awaits : Bool) (c : Minidregg.Kernel.ObjectRecord.LiveClass), (Minidregg.Kernel.ObjectiveActivity.recount record pin activity Bool.false awaits).count c = record.count c + if awaits = Bool.true ∧ c = record.classOf pin activity then 1 else 0
theorem	Minidregg.Kernel.ObjectiveUpgradeInvariant.recount_classOf	f650f40e367b9af872db3a5b7a09941fc544d9f664c5d77d8f35ad78fa9ec1c6	19114632298387ea5e7fede5a92e1c95c189c69297d93aff89e9ee8e16b754fb	5c5cc7838c963783fce8ed76e14ecd9dd7daa360791e394eec82612b78bf4957	4866a9e4159783a2	Quot.sound,propext	∀ (record : Minidregg.Kernel.ObjectRecord.ObjectRecord) (pin activity : Minidregg.Theory.TypedAuthorization.Digest) (before after : Bool), (Minidregg.Kernel.ObjectiveActivity.recount record pin activity before after).classOf = record.classOf
theorem	Minidregg.Kernel.ObjectiveUpgradeInvariant.recount_draining	5f7a5627e7648b7606230570318c33aa81d299121914f7323410a6b29025b034	b736cc3094eead71d4c8d67dc037a248d504f688bb9540178587d7329cd82c3c	b4573a9ec96973891d245a8d8544cb93d8776997ee7426a3a29033b3ac330a46	892f5f2ca97ee010	propext	∀ {record : Minidregg.Kernel.ObjectRecord.ObjectRecord} {pin activity : Minidregg.Theory.TypedAuthorization.Digest} {before after : Bool} {next : Minidregg.Kernel.ObjectRecord.Pending} {deadline : ℕ}, (Minidregg.Kernel.ObjectiveActivity.recount record pin activity before after).phase = Minidregg.Kernel.ObjectRecord.UpgradePhase.draining next deadline → ∃ old live, record.phase = Minidregg.Kernel.ObjectRecord.UpgradePhase.draining old deadline ∧ next = { pin := old.pin, stateType := old.stateType, migration := old.migration, dropped := old.dropped, law := old.law, packageLaws := old.packageLaws, upgrade := old.upgrade, rebirth := old.rebirth, envelope := old.envelope, adoptedAt := old.adoptedAt, live := live }
theorem	Minidregg.Kernel.ObjectiveUpgradeInvariant.resolution_silent	ed116b98294c4932640f31d22295f739484b21dce806b62a0114be05a0b575bb	f2bd2680dd9779858334fe6161bee718e2477d01491b84c69059f160f1410e5f	beaa0dfae55235cde25828479e9aebb3d07ef78c0241cd20bb06ea796868c2d0	2b7cfa908a80f5f6	Classical.choice,Quot.sound,propext	∀ {rootBytes : Minidregg.Kernel.ObjectiveActivityWire.Bytes → Minidregg.Theory.TypedAuthorization.Digest} {config : Minidregg.Kernel.ObjectiveActivity.Config} {snapshot : Minidregg.Kernel.ObjectiveActivity.Snapshot rootBytes} {height : ℕ} {request : Minidregg.Kernel.ObjectiveActivity.ResolveRequest} (resolution : Minidregg.Kernel.ObjectiveActivity.Resolution config snapshot height request), ∀ post ∈ resolution.posts, Minidregg.Kernel.ObjectiveUpgradeInvariant.Silent snapshot post
theorem	Minidregg.Kernel.ObjectiveUpgradeInvariant.runMessage_drained	8e500102e989a3700244ee66fd1f8372f45a5a6c949c663d148b525fe9b4ce7b	02dbe32bbd82cd827fe34d0fb768fb5aa594b42976a8842f9a3350c825815d0b	204a9a237c7e57376a51fd8b1b0862d2b324467bdc510cbe92ce15f2db0e5387	d063c562eefa0822	Classical.choice,Quot.sound,propext	∀ {rootBytes : Minidregg.Kernel.ObjectiveActivityWire.Bytes → Minidregg.Theory.TypedAuthorization.Digest} {config : Minidregg.Kernel.ObjectiveActivity.Config} {snapshot : Minidregg.Kernel.ObjectiveActivity.Snapshot rootBytes} {height target : ℕ} {message : Minidregg.Kernel.Inbox.Message} {result : Minidregg.Theory.ObjectiveBendDemandData.Data} {journal : Minidregg.Kernel.ObjectiveCall.Journal}, Minidregg.Kernel.ObjectiveSend.runMessage config snapshot height target message = Minidregg.Kernel.ObjectiveSend.Outcome.replied result journal → journal.drained = Bool.true
theorem	Minidregg.Kernel.ObjectiveUpgradeInvariant.segmentCommit_posts_ok	ab4ca2396aa968b8600d7836ddd8f6c0e6f6491f945fd1d9532f80586c2d0fde	a503a8b353dbdce60cc18ec60941a6936322a4458390b193fa564eb227d8b5b2	b68a8e7041c2c3d51f4200b145579fc1fbad1e18fbce14871db836866e997f4b	68af42fcd46beefc	Classical.choice,Quot.sound,propext	∀ {rootBytes : Minidregg.Kernel.ObjectiveActivityWire.Bytes → Minidregg.Theory.TypedAuthorization.Digest} {config : Minidregg.Kernel.ObjectiveActivity.Config} {snapshot : Minidregg.Kernel.ObjectiveActivity.Snapshot rootBytes} {height : ℕ} {transaction : Minidregg.Kernel.DurableDataIntent.TransactionId} {cell object : Minidregg.Kernel.DurableDataIntent.CellId} {generation : ℕ} {current : Option Minidregg.Kernel.ObjectState} {viewed : Bool} {segment : Minidregg.Kernel.ObjectiveActivity.Segment} {yielded : Option Minidregg.Kernel.ObjectiveActivity.YieldCommit}, Minidregg.Kernel.ObjectiveActivity.segmentCommit config snapshot height transaction cell object generation current viewed segment = Except.ok yielded → (∃ c, Minidregg.Kernel.ObjectiveActivity.readState config snapshot object = Except.ok c) → (∀ (written : Minidregg.Kernel.ObjectiveActivity.StateWritten), yielded.bind Minidregg.Kernel.ObjectiveActivity.YieldCommit.written = Option.some written → Minidregg.Kernel.ObjectiveUpgradeInvariant.StateJudged config snapshot object written.after) → ∀ post ∈ (Option.map Minidregg.Kernel.ObjectiveActivity.YieldCommit.posts yielded).getD [], Minidregg.Kernel.ObjectiveUpgradeInvariant.StatePostOk config snapshot post
theorem	Minidregg.Kernel.ObjectiveUpgradeInvariant.settle_silent	ad5d4a7a64174902eb4d2c51a76e34179133c2815a18a2e094b3c177e8dfc8aa	76b90463e746ecb1e3e5847b80a5142f780b12129a5e5d305478713704e9e19f	ced595a3f701a2e15a53cdc7d6051a43c005dff89196d2f84a8a2b81c409f7b3	9f8a1866c5fab76f	Classical.choice,Quot.sound,propext	∀ {rootBytes : Minidregg.Kernel.ObjectiveActivityWire.Bytes → Minidregg.Theory.TypedAuthorization.Digest} {config : Minidregg.Kernel.ObjectiveActivity.Config} {snapshot : Minidregg.Kernel.ObjectiveActivity.Snapshot rootBytes} {height : ℕ} {cell : Minidregg.Kernel.DurableDataIntent.CellId} {await : Minidregg.Kernel.ObjectiveActivity.Await} {settlement : Minidregg.Kernel.ObjectiveActivity.Settlement}, Minidregg.Kernel.ObjectiveActivity.settle config snapshot height cell await = Except.ok settlement → ∀ post ∈ settlement.posts, Minidregg.Kernel.ObjectiveUpgradeInvariant.Silent snapshot post
theorem	Minidregg.Kernel.ObjectiveUpgradeInvariant.silent_preserves	177cf6aee8d152dbfbc8eeb939bfd3452de146595a40d00cdd97589ccd24d787	f30b9904f8abb616485ea44af8a06160b7731f120c6200836136563b4fc72408	5ddbf37492bec2c3b74879e69ff6b33e88ce317bdf8368ab5fa758274e77fd6f	44303ce966e1f35f	Classical.choice,Quot.sound,propext	∀ {rootBytes : Minidregg.Kernel.ObjectiveActivityWire.Bytes → Minidregg.Theory.TypedAuthorization.Digest} {config : Minidregg.Kernel.ObjectiveActivity.Config} {snapshot : Minidregg.Kernel.ObjectiveActivity.Snapshot rootBytes} {posts : List Minidregg.Kernel.ObjectiveActivityWire.Post}, (∀ post ∈ posts, Minidregg.Kernel.ObjectiveUpgradeInvariant.Silent snapshot post) → Minidregg.Kernel.ObjectiveUpgradeInvariant.Upgradable config (Minidregg.Kernel.ObjectiveUpgradeInvariant.payloads snapshot.canonicalBytes) → Minidregg.Kernel.ObjectiveUpgradeInvariant.Upgradable config (Minidregg.Kernel.ObjectiveUpgradeInvariant.payloads (Minidregg.Kernel.ObjectiveActivity.afterPosts snapshot posts))
theorem	Minidregg.Kernel.ObjectiveUpgradeInvariant.starting_upgradable	f94729306b91f2c31079853590bb1682bf626fdd06423c6b441de2906f5ffacf	4e6622081d13992bfb556cafab966280b64ec9804e0d3f2c47b0df99503b470a	77047bff47e7e1011bab75ecf0bd25d6e920b7fd791dd2b9b156ec9e844aa400	3b5109aac8662ee6	Classical.choice,Quot.sound,propext	∀ {rootBytes : Minidregg.Kernel.ObjectiveActivityWire.Bytes → Minidregg.Theory.TypedAuthorization.Digest} {config : Minidregg.Kernel.ObjectiveActivity.Config} {snapshot : Minidregg.Kernel.ObjectiveActivity.Snapshot rootBytes} {posts rest : List Minidregg.Kernel.ObjectiveActivityWire.Post} {cell : Minidregg.Kernel.DurableDataIntent.CellId} {record : Minidregg.Kernel.ObjectiveActivity.Record} {object : Minidregg.Kernel.ObjectRecord.ObjectRecord} {bookPost : Minidregg.Kernel.ObjectiveActivityWire.Post}, Minidregg.Kernel.ObjectiveActivity.payloadOf (snapshot.canonicalBytes cell) = Option.none → cell = Minidregg.Kernel.ObjectiveActivity.recordCell config.domain record.object record.activity → Minidregg.Kernel.ObjectiveActivity.readObject config snapshot record.object = Except.ok (Option.some object) → (∀ p ∈ rest, Minidregg.Kernel.ObjectiveUpgradeInvariant.StatePostOk config snapshot p) → Minidregg.Kernel.ObjectiveUpgradeInvariant.Silent snapshot bookPost → posts = Minidregg.Kernel.ObjectiveActivity.postAt snapshot cell (Minidregg.Kernel.ObjectiveActivity.recordImage record) :: (rest ++ [bookPost] ++ Minidregg.Kernel.ObjectiveActivity.objectPost config snapshot record.object object (Minidregg.Kernel.ObjectiveActivity.recount object record.pin record.activity Bool.false record.phase.awaits)) → Minidregg.Kernel.ObjectiveUpgradeInvariant.Upgradable config (Minidregg.Kernel.ObjectiveUpgradeInvariant.payloads snapshot.canonicalBytes) → record.Fits → Minidregg.Kernel.ObjectiveUpgradeInvariant.Upgradable config (Minidregg.Kernel.ObjectiveUpgradeInvariant.payloads (Minidregg.Kernel.ObjectiveActivity.afterPosts snapshot posts))
theorem	Minidregg.Kernel.ObjectiveUpgradeInvariant.stateCell_protected	9c727684dd5869f573bdc44c6b32fa100fc58ddf60bd1c26c8fbd48c0d076511	d0cf7faed87449c504d4c5bacf1770f901ed1167dd5c74ae3c36150c5101d9d4	de8bc2862360c51539b422843c5e10951bec736961e6d8dedc26b8ee5d290dbc	1c6a227dfd11cbb3	Classical.choice,Quot.sound,propext	∀ (config : Minidregg.Kernel.ObjectiveActivity.Config) (object : Minidregg.Kernel.DurableDataIntent.CellId), Minidregg.Kernel.ObjectiveUpgradeInvariant.Protected (Minidregg.Kernel.ObjectiveActivity.stateCell config.domain object)
theorem	Minidregg.Kernel.ObjectiveUpgradeInvariant.stateKey_inj	52b622927186fc32a732b4bdf33ec567477a30dc5f3d1db1cc217705582d338d	75c0555e994652cece26a7ff4433b3f1ae0f55a2e1aca98cbfc0de9600cde337	dc182a08195f719a6516d41d0394b0b44e0ac8d6cb6a81f1bc550ce7e8d8e8cd	4bf45e76af55e9ed	Classical.choice,Quot.sound,propext	∀ {a b : Minidregg.Kernel.DurableDataIntent.CellId}, Minidregg.Kernel.ObjectiveActivity.stateKey a = Minidregg.Kernel.ObjectiveActivity.stateKey b → a = b
theorem	Minidregg.Kernel.ObjectiveUpgradeInvariant.statePostOk_each	97eabbabe3b2234307fd1438e9c8240b780ef2e7d34351232cb99dad7281049d	88bc31295507e06d93b42cfc74343ebb5c9ff1a364612720a87d27ac63d4db1d	27efb7a7cf0949f94bb7d38b937525075c1ed0def52d53a6378bb0466cf9117c	268351b655e03de6	Classical.choice,Quot.sound,propext	∀ {rootBytes : Minidregg.Kernel.ObjectiveActivityWire.Bytes → Minidregg.Theory.TypedAuthorization.Digest} {config : Minidregg.Kernel.ObjectiveActivity.Config} {snapshot : Minidregg.Kernel.ObjectiveActivity.Snapshot rootBytes} {post : Minidregg.Kernel.ObjectiveActivityWire.Post}, Minidregg.Kernel.ObjectiveUpgradeInvariant.StatePostOk config snapshot post → (∃ role, role ≠ Minidregg.Kernel.ObjectiveActivityCell.Role.state ∧ Minidregg.Kernel.ObjectiveUpgradeInvariant.Kinded snapshot role post) ∨ ∃ object state, post = Minidregg.Kernel.ObjectiveActivity.postAt snapshot (Minidregg.Kernel.ObjectiveActivity.stateCell config.domain object) (Minidregg.Kernel.ObjectiveActivity.stateImage object state) ∧ Minidregg.Kernel.ObjectiveUpgradeInvariant.StateJudged config snapshot object state
theorem	Minidregg.Kernel.ObjectiveUpgradeInvariant.statePostOk_kinded	f2773486a8292207db49bce926db0a0b326a4bc40344742504bc88bb8a602891	7cfe316423a5a08ad34c5ffd968f90124635adf7ebc26b4aa1ef95b4e5546a21	e7409e8b840c132ddec0e23fe2d7f8a5e7f7451f7ecc506bf720a2d41bdcb6ca	f0a1f99c8998733d	Classical.choice,Quot.sound,propext	∀ {rootBytes : Minidregg.Kernel.ObjectiveActivityWire.Bytes → Minidregg.Theory.TypedAuthorization.Digest} {config : Minidregg.Kernel.ObjectiveActivity.Config} {snapshot : Minidregg.Kernel.ObjectiveActivity.Snapshot rootBytes} {post : Minidregg.Kernel.ObjectiveActivityWire.Post}, Minidregg.Kernel.ObjectiveUpgradeInvariant.StatePostOk config snapshot post → ∃ role, role ≠ Minidregg.Kernel.ObjectiveActivityCell.Role.record ∧ role ≠ Minidregg.Kernel.ObjectiveActivityCell.Role.object ∧ role ≠ Minidregg.Kernel.ObjectiveActivityCell.Role.package ∧ Minidregg.Kernel.ObjectiveUpgradeInvariant.Kinded snapshot role post
def	Minidregg.Kernel.ObjectiveUpgradeInvariant.stateView	ba56418834aea97b3d98790ae5de887f7918abda3d9d351252867f8fbc3356b0	4abb5ed6d99131da69770b8e3298186d52839974775273182aaad500ba0fffe8	040d95aabe333c8f4f7f6a8c062a20e6378390ad6bb283bf72e772d5488db05e	85fa675f520adaf4	Classical.choice,Quot.sound,propext	Minidregg.Kernel.DurableDataIntent.CellId → Option Minidregg.Kernel.ObjectiveUpgradeInvariant.Payload → Option Minidregg.Kernel.ObjectState
theorem	Minidregg.Kernel.ObjectiveUpgradeInvariant.stateView_after_kinded	2f716fe7b9e5bfdd422312a2b0f99f91421ef7816479d6541242dd429e5ca9c3	4e41a31a6af6d0630e36b0e538047b256198088d425f474205e34a5ee340162d	f9661d5d8384fff7ea62c226cc724ad259437abad92af2d4873c50cdd0bfe835	eb737c164a3eb214	Classical.choice,Quot.sound,propext	∀ {rootBytes : Minidregg.Kernel.ObjectiveActivityWire.Bytes → Minidregg.Theory.TypedAuthorization.Digest} (snapshot : Minidregg.Kernel.ObjectiveActivity.Snapshot rootBytes) (posts : List Minidregg.Kernel.ObjectiveActivityWire.Post) (object cell : Minidregg.Kernel.DurableDataIntent.CellId), (∀ p ∈ posts, p.cell = cell → ∃ role, role ≠ Minidregg.Kernel.ObjectiveActivityCell.Role.state ∧ Minidregg.Kernel.ObjectiveUpgradeInvariant.Kinded snapshot role p) → Minidregg.Kernel.ObjectiveUpgradeInvariant.stateView object (Minidregg.Kernel.ObjectiveUpgradeInvariant.payloads (Minidregg.Kernel.ObjectiveActivity.afterPosts snapshot posts) cell) = Minidregg.Kernel.ObjectiveUpgradeInvariant.stateView object (Minidregg.Kernel.ObjectiveUpgradeInvariant.payloads snapshot.canonicalBytes cell)
theorem	Minidregg.Kernel.ObjectiveUpgradeInvariant.stateView_of_role	a190e817c6b9a5beeedf6e5f865ea7d2d554076e9f23a912098d9598a1dd5c6b	e138dd2553be6133f47d5142d2ab2528794ef22b299683c8bebf7234ba1f664e	e6abf98c53aae1fa189fe7abab23114179a9a820f181dea8a446d9e60dae79d4	3edf7c9c53f0147f	Classical.choice,Quot.sound,propext	∀ {role : Minidregg.Kernel.ObjectiveActivityCell.Role} {payload : Option Minidregg.Kernel.ObjectiveUpgradeInvariant.Payload}, role ≠ Minidregg.Kernel.ObjectiveActivityCell.Role.state → Minidregg.Kernel.ObjectiveUpgradeInvariant.OfRole role payload → ∀ (object : Minidregg.Kernel.DurableDataIntent.CellId), Minidregg.Kernel.ObjectiveUpgradeInvariant.stateView object payload = Option.none
theorem	Minidregg.Kernel.ObjectiveUpgradeInvariant.stateView_readState	7b39c1c3a813dcb75d9466e88a17929917697eec10de53a65a7c4c66f63184a0	9ffca07414d97e4a17ae9e7f92adf441464232a0a1c0d29ad27877964c51e57e	994c3e19b80f87788d57432029f77d5b9476b64aadcb103e38e1cd324eccb7a7	9019758668199b8b	Classical.choice,Quot.sound,propext	∀ {rootBytes : Minidregg.Kernel.ObjectiveActivityWire.Bytes → Minidregg.Theory.TypedAuthorization.Digest} {config : Minidregg.Kernel.ObjectiveActivity.Config} {snapshot : Minidregg.Kernel.ObjectiveActivity.Snapshot rootBytes} {object : Minidregg.Kernel.DurableDataIntent.CellId} {state : Minidregg.Kernel.ObjectState}, Minidregg.Kernel.ObjectiveUpgradeInvariant.stateView object (Minidregg.Kernel.ObjectiveUpgradeInvariant.payloads snapshot.canonicalBytes (Minidregg.Kernel.ObjectiveActivity.stateCell config.domain object)) = Option.some state → Minidregg.Kernel.ObjectiveActivity.readState config snapshot object = Except.ok (Option.some state)
theorem	Minidregg.Kernel.ObjectiveUpgradeInvariant.stateView_stateImage	1de91751586aa0d1e84685b925fe63ffd43f399ceaaa48820580e9ed0ffdea22	93a365d37a43641271e9feb47a5a3a5d0346a40b35b37f6e05d0a2672872dc5c	807bbc97dc13a727a3a12a4288e8df2c5a36e75d312e62b35a18c4ce12d8aa3f	2c47e147cfc6b71f	Classical.choice,Quot.sound,propext	∀ (object other : Minidregg.Kernel.DurableDataIntent.CellId) (state : Minidregg.Kernel.ObjectState), Minidregg.Kernel.ObjectiveUpgradeInvariant.stateView other (Minidregg.Kernel.ObjectiveActivity.payloadOf (Minidregg.Kernel.ObjectiveActivity.stateImage object state)) = if other = object then Option.some state else Option.none
theorem	Minidregg.Kernel.ObjectiveUpgradeInvariant.stateWrite_post	786854c98859dfabfb3bc8830581abf574c8db07b764e01a25aaeb73ed46cbdc	190c23fa7e067ca0f59a58c466dfa5e007793f5d26d3bb3c6cb75fe3aeeaad4a	6a82ff5e02233a913532b325afa3e41301ced159a7a252861d7f67ef2ac4caec	2a687fa26550cf6f	Classical.choice,Quot.sound,propext	∀ {rootBytes : Minidregg.Kernel.ObjectiveActivityWire.Bytes → Minidregg.Theory.TypedAuthorization.Digest} {config : Minidregg.Kernel.ObjectiveActivity.Config} {snapshot : Minidregg.Kernel.ObjectiveActivity.Snapshot rootBytes} {object : Minidregg.Kernel.DurableDataIntent.CellId} {current : Option Minidregg.Kernel.ObjectState} {viewed : Bool} {write : Minidregg.Theory.ObjectiveBendDemandData.Data} {written : Minidregg.Kernel.ObjectiveActivity.StateWritten}, Minidregg.Kernel.ObjectiveActivity.stateWrite config snapshot object current viewed write = Except.ok (Option.some written) → written.post = Minidregg.Kernel.ObjectiveActivity.postAt snapshot (Minidregg.Kernel.ObjectiveActivity.stateCell config.domain object) (Minidregg.Kernel.ObjectiveActivity.stateImage object written.after)
theorem	Minidregg.Kernel.ObjectiveUpgradeInvariant.stateful_preserves	9a40eaba6b174568f9f414ab286aa553ce83307c497006e855e2a3c2b7e1cafb	8f9f9ba64b9215371d7b83a586f12f6ff677d6c4dd07ea09b191d1b56a2d48fd	e08c61818cd8c9b0d2601d59803fd95c7c71602419a6984518242413d902a64c	bb539cb1b96bd704	Classical.choice,Quot.sound,propext	∀ {rootBytes : Minidregg.Kernel.ObjectiveActivityWire.Bytes → Minidregg.Theory.TypedAuthorization.Digest} {config : Minidregg.Kernel.ObjectiveActivity.Config} {snapshot : Minidregg.Kernel.ObjectiveActivity.Snapshot rootBytes} {posts : List Minidregg.Kernel.ObjectiveActivityWire.Post}, (∀ post ∈ posts, Minidregg.Kernel.ObjectiveUpgradeInvariant.StatePostOk config snapshot post) → Minidregg.Kernel.ObjectiveUpgradeInvariant.Upgradable config (Minidregg.Kernel.ObjectiveUpgradeInvariant.payloads snapshot.canonicalBytes) → Minidregg.Kernel.ObjectiveUpgradeInvariant.Upgradable config (Minidregg.Kernel.ObjectiveUpgradeInvariant.payloads (Minidregg.Kernel.ObjectiveActivity.afterPosts snapshot posts))
theorem	Minidregg.Kernel.ObjectiveUpgradeInvariant.states_migratable	eb7dadb43804be4e104e14b6f5b8119075041d4ead2794be1e417234c652fb74	ebe0b735ed3a9dd2ea65676db50dcf69030ca910f4a4b15df0511b59032ce1d6	7319f0a8e32afe2f4341a5478c81db9c87f5a5931297841731af3e03c08dd94e	eadb4d9490397bb4	Classical.choice,Quot.sound,propext	∀ {rootBytes : Minidregg.Kernel.ObjectiveActivityWire.Bytes → Minidregg.Theory.TypedAuthorization.Digest} {config : Minidregg.Kernel.ObjectiveActivity.Config} {snapshot : Minidregg.Kernel.ObjectiveActivity.Snapshot rootBytes} {posts : List Minidregg.Kernel.ObjectiveActivityWire.Post}, (∀ p ∈ posts, (∃ role, role ≠ Minidregg.Kernel.ObjectiveActivityCell.Role.state ∧ Minidregg.Kernel.ObjectiveUpgradeInvariant.Kinded snapshot role p) ∨ ∃ object state, p = Minidregg.Kernel.ObjectiveActivity.postAt snapshot (Minidregg.Kernel.ObjectiveActivity.stateCell config.domain object) (Minidregg.Kernel.ObjectiveActivity.stateImage object state) ∧ Minidregg.Kernel.ObjectiveUpgradeInvariant.StateJudged config snapshot object state) → (∀ (object : Minidregg.Kernel.DurableDataIntent.CellId), Minidregg.Kernel.ObjectiveUpgradeInvariant.objectView object (Minidregg.Kernel.ObjectiveUpgradeInvariant.payloads (Minidregg.Kernel.ObjectiveActivity.afterPosts snapshot posts) (Minidregg.Kernel.ObjectiveActivity.objectCell config.domain object)) = Minidregg.Kernel.ObjectiveUpgradeInvariant.objectView object (Minidregg.Kernel.ObjectiveUpgradeInvariant.payloads snapshot.canonicalBytes (Minidregg.Kernel.ObjectiveActivity.objectCell config.domain object))) → (∀ (pin : Minidregg.Theory.TypedAuthorization.Digest), Minidregg.Kernel.ObjectiveUpgradeInvariant.packageView (Minidregg.Kernel.ObjectiveUpgradeInvariant.payloads (Minidregg.Kernel.ObjectiveActivity.afterPosts snapshot posts) (Minidregg.Kernel.ObjectiveActivity.packageCell config.domain pin)) = Minidregg.Kernel.ObjectiveUpgradeInvariant.packageView (Minidregg.Kernel.ObjectiveUpgradeInvariant.payloads snapshot.canonicalBytes (Minidregg.Kernel.ObjectiveActivity.packageCell config.domain pin))) → Minidregg.Kernel.ObjectiveUpgradeInvariant.MigratableStates config (Minidregg.Kernel.ObjectiveUpgradeInvariant.payloads snapshot.canonicalBytes) → Minidregg.Kernel.ObjectiveUpgradeInvariant.MigratableStates config (Minidregg.Kernel.ObjectiveUpgradeInvariant.payloads (Minidregg.Kernel.ObjectiveActivity.afterPosts snapshot posts))
theorem	Minidregg.Kernel.ObjectiveUpgradeInvariant.successor_admits	01d774835f54ade910ba9afdc5bdf03666e0f1508e1b3ac8272351518e4755b3	1b8ecfff71cea41044bbb17bc7825cd2666716650e80d0a087bb5a2be85a7ef7	db223b2eb1fa22a1cf8c5bd749077981384a4cf419eb9db86bb2e1bcd6ec5c06	84fa9b9287a7901a	Classical.choice,Quot.sound,propext	∀ (record other : Minidregg.Kernel.ObjectRecord.ObjectRecord) (next : Minidregg.Kernel.ObjectRecord.Pending) (facts : Minidregg.Kernel.ObjectRecord.Facts) (old : Option Minidregg.Theory.ObjectiveBendDemandData.Data) (new : Minidregg.Theory.ObjectiveBendDemandData.Data), Minidregg.Kernel.ObjectRecord.admitWrite (record.successor next) facts old new = Minidregg.Kernel.ObjectRecord.admitWrite (other.successor next) facts old new
theorem	Minidregg.Kernel.ObjectiveUpgradeInvariant.upgradable_of_domains_only	7148089a5a6e4b8746c8a37752e2b088695932abf8f0a5418d3555e637268d1b	ae4bcdcf36cfb4a04afb8e712c3a6e0b15850493135ef447975d83c6d8240319	f1385b3be7054f356ff31094496173b993eb9ef689fa5423fa0a5b3c0f7e5518	6c488e81404c108e	Classical.choice,Quot.sound,propext	∀ {config : Minidregg.Kernel.ObjectiveActivity.Config} {P Q : Minidregg.Kernel.ObjectiveUpgradeInvariant.Payloads}, (∀ (cell : Minidregg.Kernel.DurableDataIntent.CellId), Minidregg.Kernel.ObjectiveUpgradeInvariant.awaitingView config Q cell = Minidregg.Kernel.ObjectiveUpgradeInvariant.awaitingView config P cell) → (∀ (cell : Minidregg.Kernel.DurableDataIntent.CellId), Minidregg.Kernel.ObjectiveUpgradeInvariant.packageView (Q cell) = Minidregg.Kernel.ObjectiveUpgradeInvariant.packageView (P cell)) → (∀ (object : Minidregg.Kernel.DurableDataIntent.CellId), Minidregg.Kernel.ObjectiveUpgradeInvariant.stateView object (Q (Minidregg.Kernel.ObjectiveActivity.stateCell config.domain object)) = Minidregg.Kernel.ObjectiveUpgradeInvariant.stateView object (P (Minidregg.Kernel.ObjectiveActivity.stateCell config.domain object))) → (∀ (object : Minidregg.Kernel.DurableDataIntent.CellId) (record : Minidregg.Kernel.ObjectRecord.ObjectRecord), Minidregg.Kernel.ObjectiveUpgradeInvariant.objectView object (P (Minidregg.Kernel.ObjectiveActivity.objectCell config.domain object)) = Option.some record → ∃ domains, Minidregg.Kernel.ObjectiveUpgradeInvariant.objectView object (Q (Minidregg.Kernel.ObjectiveActivity.objectCell config.domain object)) = Option.some { id := record.id, pin := record.pin, stateType := record.stateType, schemaVersion := record.schemaVersion, law := record.law, packageLaws := record.packageLaws, upgrade := record.upgrade, continuity := record.continuity, payer := record.payer, live := record.live, rebirths := record.rebirths, phase := record.phase, domains := domains }) → (∀ (object : Minidregg.Kernel.DurableDataIntent.CellId) (record : Minidregg.Kernel.ObjectRecord.ObjectRecord), Minidregg.Kernel.ObjectiveUpgradeInvariant.objectView object (Q (Minidregg.Kernel.ObjectiveActivity.objectCell config.domain object)) = Option.some record → ∃ before domains, Minidregg.Kernel.ObjectiveUpgradeInvariant.objectView object (P (Minidregg.Kernel.ObjectiveActivity.objectCell config.domain object)) = Option.some before ∧ record = { id := before.id, pin := before.pin, stateType := before.stateType, schemaVersion := before.schemaVersion, law := before.law, packageLaws := before.packageLaws, upgrade := before.upgrade, continuity := before.continuity, payer := before.payer, live := before.live, rebirths := before.rebirths, phase := before.phase, domains := domains }) → Minidregg.Kernel.ObjectiveUpgradeInvariant.Upgradable config P → Minidregg.Kernel.ObjectiveUpgradeInvariant.Upgradable config Q
theorem	Minidregg.Kernel.ObjectiveUpgradeInvariant.upgradable_transfer	8c94dbc6642008743974068f8d7695e1d21bf430f24666198c6d12adb376c0a5	70e55f01f160250b572efec4e83ecbca38871797d75a2dd9f521b7c1267cf935	95eea4976d9929841a065220d2837b6a94b1df74f2b8461e78f94d0f099a6cb3	340497fdf9f44fa7	Classical.choice,Quot.sound,propext	∀ {config : Minidregg.Kernel.ObjectiveActivity.Config} {P Q : Minidregg.Kernel.ObjectiveUpgradeInvariant.Payloads}, Minidregg.Kernel.ObjectiveUpgradeInvariant.Agree P Q → Minidregg.Kernel.ObjectiveUpgradeInvariant.Upgradable config P → Minidregg.Kernel.ObjectiveUpgradeInvariant.Upgradable config Q
theorem	Minidregg.Kernel.ObjectiveUpgradeInvariant.yield_upgradable	bd8893d3cbf4d41a89b2e985bc929122979e833df39e674876b81504dec70b79	ac5fa65ba2a2ee67e8dc5f32df3bb2ebbd4b5832611b50e157450e6a20c40e45	d3d2f61f6d92cd343398fa4b29ec354645296fbf7e2e2121a9c2e1cbbb76e600	d1622e82f6997f69	Classical.choice,Quot.sound,propext	∀ {rootBytes : Minidregg.Kernel.ObjectiveActivityWire.Bytes → Minidregg.Theory.TypedAuthorization.Digest} {config : Minidregg.Kernel.ObjectiveActivity.Config} {snapshot : Minidregg.Kernel.ObjectiveActivity.Snapshot rootBytes} {posts rest : List Minidregg.Kernel.ObjectiveActivityWire.Post} {cell : Minidregg.Kernel.DurableDataIntent.CellId} {old new : Minidregg.Kernel.ObjectiveActivity.Record}, posts = Minidregg.Kernel.ObjectiveActivity.postAt snapshot cell (Minidregg.Kernel.ObjectiveActivity.recordImage new) :: rest → Minidregg.Kernel.ObjectiveActivity.readRecord snapshot cell = Option.some old → cell = Minidregg.Kernel.ObjectiveActivity.recordCell config.domain old.object old.activity → old.phase.awaits = Bool.true → new.phase.awaits = Bool.true → Minidregg.Kernel.ObjectiveUpgradeInvariant.recordKey' new = Minidregg.Kernel.ObjectiveUpgradeInvariant.recordKey' old → (∀ p ∈ rest, Minidregg.Kernel.ObjectiveUpgradeInvariant.StatePostOk config snapshot p) → Minidregg.Kernel.ObjectiveUpgradeInvariant.Upgradable config (Minidregg.Kernel.ObjectiveUpgradeInvariant.payloads snapshot.canonicalBytes) → new.Fits → Minidregg.Kernel.ObjectiveUpgradeInvariant.Upgradable config (Minidregg.Kernel.ObjectiveUpgradeInvariant.payloads (Minidregg.Kernel.ObjectiveActivity.afterPosts snapshot posts))
