# Kernel.World: Objective contract manifest. Written by `scripts/check-objective-proofs.sh proofs --pin`;
# a removed or changed row needs a line in scripts/gates/objective-contract-changes.txt.
inductive	Minidregg.Kernel.World.Cell	f16144832d841c609a7e97bb1af12f39d9642338f3ee3fa8b4c19e54c3b9cb0e	880cc982d4e69798279e9a15f7c83d7f6e675779e6de8678af375d673ed57c86	e329c6a63ada36cb731e9f86c698f2b3c2b5e005657f15dba8d29134afbe475b	769de2e29fca4c26		Minidregg.Kernel.World.Registry → Type
theorem	Minidregg.Kernel.World.Cell.eq_of_storeAt	534aaf146f3f0ef6c813fadc32aa9fd7bdc0d8fae98b38a43663501b9a50cdb2	9f3f36745e91766aab0c0e52ceb3e7c2b6994fe1e80e59a43f497eee6944c40b	a5ee63a588cf9221b14e0e8fbce6cc1916975421e910fb0b89471eb6441abccf	43ebb01257c9bfc0	propext	∀ {R : Minidregg.Kernel.World.Registry} {cell : Minidregg.Kernel.World.Cell R} {k : R.Kind} {s : Minidregg.Theory.Store.Store (R.layout k)}, cell.storeAt k = Option.some s → cell = { kind := k, store := s }
def	Minidregg.Kernel.World.Cell.kind	1387008751dd282f14e93cb938b9016a1fdb21bb1e508180891aa9253e9b15e7	df76c6a073c49639a7c5b6706fcb1d100023969eb789eac6bf83ec1aca6fa7c7	51e4d7034d49d75e02bb881d4c71c4587d396c3cebad6c2aec9eb8bc4c6a95e6	f1510ab012fc0bf1	propext	{R : Minidregg.Kernel.World.Registry} → Minidregg.Kernel.World.Cell R → R.Kind
ctor	Minidregg.Kernel.World.Cell.mk	9ba9b705c57decf45c6cd6ba51684ffd52e635a951d5710ffca900c4e7b1fd98	cb1e25314ce19ca5f1f04f51fa45f8892490abb4eb7b10bd3bcea77583e2095c	dc540e5954994aea042c8bd24f1c50b1c4fb5651b87c8e24e470f1b502f9cd61	ac8f91d9978c6f4f		{R : Minidregg.Kernel.World.Registry} → (kind : R.Kind) → Minidregg.Theory.Store.Store (R.layout kind) → Minidregg.Kernel.World.Cell R
def	Minidregg.Kernel.World.Cell.store	6ab0d2fd71d01948f1b939c178623d3c3817cd001af7483576a9510867707b76	7403d0d1ab2bdb63927b0251ce5347221de85d958f5828467fef1462ace03a15	5992b66abcca19c6c4c3fd64f273f23a1d1acfa890e9069a63edf00463b88034	ef870e18d7f816d7	propext	{R : Minidregg.Kernel.World.Registry} → (self : Minidregg.Kernel.World.Cell R) → Minidregg.Theory.Store.Store (R.layout self.kind)
def	Minidregg.Kernel.World.Cell.storeAt	46e7d9455933862c0d62a31222a850eab53d827105c98cba87e640e21aac3984	afc7093efe8c675461d0f82f479bd8a0da08b7eff404eaed1c920068b0dc7ac0	f2251792531458c464af54910ddcbc25d366dcd7923edbbab7023df010a19e41	2e94e9fd5741a44e	propext	{R : Minidregg.Kernel.World.Registry} → Minidregg.Kernel.World.Cell R → (k : R.Kind) → Option (Minidregg.Theory.Store.Store (R.layout k))
theorem	Minidregg.Kernel.World.Cell.storeAt_self	b41251e54a9ca20f7ecc46ea34fcb0d61304976d7972699bbef33c510a21b008	10c90ffd7cd592055f4b19c818a847bf2ea87a98d0edd1d32d042746f1eedaa7	0fdccf48df2aa14f9f59b8aa8da125ddcc20fbceb3f62e50cd6f30ea288a3655	a31a8ea0af9d123b	propext	∀ {R : Minidregg.Kernel.World.Registry} (k : R.Kind) (s : Minidregg.Theory.Store.Store (R.layout k)), { kind := k, store := s }.storeAt k = Option.some s
def	Minidregg.Kernel.World.CellId	583930b638385506605124af6e33930f8cee81aec1141a31df248e85e2eb0b52	89855d392aa192071e8a2b2230d30ecae8fc9de0c15fa6a53f6209226829292a	70a5242d7621089b37fd041ccc30cb003ff6155ef515e8f47c875b59a59fe87c	420d5f9cc1edb6b7	-	Type
def	Minidregg.Kernel.World.Cells	36fba5ce5a8507b2e09442bf43becf5c46e9bc8cf8b40c3022dba3a5d23d4d1b	153af97e34e9ae893e4972a09cc920f4bf63173cdff96cc02feebe9d9004dddc	c697dffb9cf9fd8e3bc353421d59e5f7e197e362c5e34e36d997b9e88f5d4682	c9a393c76e9d50b1	propext	Minidregg.Kernel.World.Registry → Type
inductive	Minidregg.Kernel.World.Checkpoint	baf689f88c11f83e297b9faf488a2fcca4cb5f549d452ec2ee0d96ffa2cf6108	38f4860f8dfc599ea871ff1513ce38542bc27e55191f5f57f614cc96cb74ea21	0481f4eee6c1541a3035aede583d7150fd25fed170b65dd62ee4729943b44bc1	fcc0724c29e58d23		Minidregg.Kernel.World.Registry → (TxId D : Type) → Type → [DecidableEq TxId] → [DecidableEq D] → Type
def	Minidregg.Kernel.World.Checkpoint.check	7d7f4fc4db45c3fabda2aafd7b21249db54e317cce2dce0310204b18d1508663	0f63b96006eb40cf59e0e0795198dc187e91fc9068d681b8cf7559e78f75c2da	fa90d328756ddf3be5de297b208c79f6dfc02ecb063285fddceca08f3af15175	d537e6377ea2f2c7	propext	{R : Minidregg.Kernel.World.Registry} → {TxId D : Type} → [inst : DecidableEq TxId] → [inst_1 : DecidableEq D] → {Root : Type} → [DecidableEq Root] → (Minidregg.Kernel.World.World R TxId D → Root) → Minidregg.Kernel.World.Checkpoint R TxId D Root → Bool
def	Minidregg.Kernel.World.Checkpoint.height	bce528dee7e8117b703676cbb6649a01c4f19c32fc7c8fd470a340410737c7ce	4cc1eaf37d9a41c49166ea635306c86b8477f644639d1b177b7f41dd3b37cf95	d05d059bde2d56140fe3ebebb5dce4282dc9b33a7bc58fb4ed3fc65072da7f84	ff25d09e055263b3	propext	{R : Minidregg.Kernel.World.Registry} → {TxId D Root : Type} → [inst : DecidableEq TxId] → [inst_1 : DecidableEq D] → Minidregg.Kernel.World.Checkpoint R TxId D Root → ℕ
ctor	Minidregg.Kernel.World.Checkpoint.mk	5da651ff9759532108653ae445cc2024f825844d774d9eff65e16d28f6c0e028	748e67e069476620a5363e588b344f4024176088247cbd82f9ab031f5b4b72d0	2397947eb3e3ab9b1518d3a6024915b1ff1afdcb9849623fab49d4e1aa9e7a5e	58692e44cd78a47e		{R : Minidregg.Kernel.World.Registry} → {TxId D Root : Type} → [inst : DecidableEq TxId] → [inst_1 : DecidableEq D] → ℕ → Minidregg.Kernel.World.World R TxId D → Root → Minidregg.Kernel.World.Checkpoint R TxId D Root
def	Minidregg.Kernel.World.Checkpoint.resume	dcad3de111a33f55c46461c95928f13fed277b86ca85a6d4ec957b4f96773b03	d630619334e84d52f7bac545bc4acbabb837838feec16f61a77eb3dc5c656ec2	0b7f286bed64b70f7bf3d6bf11d22631cbb5698be559669efae48356de32a6d1	8d7f733b19fc7a13	Classical.choice,Quot.sound,propext	{R : Minidregg.Kernel.World.Registry} → {TxId Ev D : Type} → [inst : DecidableEq TxId] → [inst_1 : DecidableEq D] → Minidregg.Kernel.World.History R TxId Ev D → {Root : Type} → [DecidableEq Root] → (Minidregg.Kernel.World.World R TxId D → Root) → Minidregg.Kernel.World.Checkpoint R TxId D Root → List (Minidregg.Kernel.World.Turn R TxId Ev D) → Option (Minidregg.Kernel.World.World R TxId D)
def	Minidregg.Kernel.World.Checkpoint.root	af07db1f398f7355b08f92c3444fb9f59c74b8b39f0cf93743582bebd152146d	41d6b4129502c85c072819093068fe89fdd5cc950c0ba306b0d09ae061332718	7aaebc09c5987b7db75dfe0150c24685297d42ec9dc51f91c2b6d7556b06d809	83a84d4d6cce5784	propext	{R : Minidregg.Kernel.World.Registry} → {TxId D Root : Type} → [inst : DecidableEq TxId] → [inst_1 : DecidableEq D] → Minidregg.Kernel.World.Checkpoint R TxId D Root → Root
def	Minidregg.Kernel.World.Checkpoint.world	9d68b23998af527af6d7d996f328fc337ea5d3dadadd4b03a91bc27191640691	36d0fad3e938f34892295d60c02b9497d3f7439aec4797543c8efe0e57fa36c5	fa2c9a4cbccc83efdd25b63fcc6b9735d0977b760f188ab9cae948bf9c310e8d	6d1ac125ec0186e0	propext	{R : Minidregg.Kernel.World.Registry} → {TxId D Root : Type} → [inst : DecidableEq TxId] → [inst_1 : DecidableEq D] → Minidregg.Kernel.World.Checkpoint R TxId D Root → Minidregg.Kernel.World.World R TxId D
def	Minidregg.Kernel.World.Example.ToyTurn	44ede3fe8755222ebb545d59a1ccad299d191b6cfe9be66f5f48d5ebb53eacf2	89855d392aa192071e8a2b2230d30ecae8fc9de0c15fa6a53f6209226829292a	897e66365eb4759ef4512f2f9412c78ef7c0aad7c29ab263d9320ffe03cd17a1	a9a7522dbd353c86	propext	Type
def	Minidregg.Kernel.World.Example.ToyWorld	530a4dd1f95f28da9304b6ac94c907c69b40a2e599df73637459c43d82b619ef	89855d392aa192071e8a2b2230d30ecae8fc9de0c15fa6a53f6209226829292a	2198b876ab2b9c8501a467fbebb9ceaca598b55220964b838519929c6c0465a5	9847c43323547a52	propext	Type
def	Minidregg.Kernel.World.Example.alloc	6dfff4d4635cc36d65234b85d8a51dcc94441103c338b4eb340589c9406e7227	f89e367a8b0803303438dddf95c295a4df3f50c88e7a1ae16d439767e62958ba	ff516338860b90fea594747c6ae44cc16fd5463ce0a4e185be42dd1138f1a5be	039e824f2261e57e	-	ℕ → ℕ → Minidregg.Theory.Store.Op Minidregg.Kernel.World.Example.toyLayout
theorem	Minidregg.Kernel.World.Example.digest_collision_hides_conflict	4f2b6095722fa6f1878578749c85343d26d04d95fdc0edf45dffccd3bdcf4497	7b519fd7481f44e91adfd33403783df09fe0bb155ce088a5f0f03158ae370d5e	35b9daff54656975258b31236cc8bbbcc8fae8272450dbaa319c7eb22e3d13c4	ffcbae73892ab1fc	Classical.choice,Quot.sound,propext	Option.map (fun w => Minidregg.Kernel.World.classify Minidregg.Kernel.World.Example.toyH w (Minidregg.Kernel.World.Example.turn 2 [] [Minidregg.Kernel.World.Example.leg 0 [Minidregg.Kernel.World.Example.wr 0 5 7], Minidregg.Kernel.World.Example.leg 1 [Minidregg.Kernel.World.Example.rd 0 (Option.some 9)]])) (Minidregg.Kernel.World.fold Minidregg.Kernel.World.Example.toyH Minidregg.Kernel.World.Example.g Minidregg.Kernel.World.Example.log2) = Option.some (Minidregg.Kernel.World.Resubmission.replay 1)
theorem	Minidregg.Kernel.World.Example.duplicate_txId_log_refused	f77d3f7d3de438466f1f34cc77f2917f6fc83560c429f201492508da85fa169e	219f120275a64862036b5877656701ad396cd76a77646a07376ffb4b6bc63cee	85d9ff1421f4cea514781043e49ac5d6758ba4e305bf55e13e4cd6d87ca8c728	190d46c10e82f175	Classical.choice,Quot.sound,propext	(Minidregg.Kernel.World.fold Minidregg.Kernel.World.Example.toyH Minidregg.Kernel.World.Example.g [Minidregg.Kernel.World.Example.t0, Minidregg.Kernel.World.Example.turn 1 [] [Minidregg.Kernel.World.Example.leg 0 [Minidregg.Kernel.World.Example.wr 0 5 6]]]).isNone = Bool.true
theorem	Minidregg.Kernel.World.Example.frame_poles	572725806415f3634d6765b3f71f83e6ef789a31d60be79d10dae15b2f9e891d	f888141907171d712feef2d856e8f2b3f1777786047ae27e22ffa2f9ee3dbd1e	1a5609b8a2202b664691d4550f459a3df5cfab70d94f48c009ceda21943949bd	ee4c279a5f0383f3	Classical.choice,Quot.sound,propext	Option.map (fun w => (Minidregg.Kernel.World.Example.val w 0, Minidregg.Kernel.World.Example.val w 1)) (Minidregg.Kernel.World.World.step Minidregg.Kernel.World.Example.toyH Minidregg.Kernel.World.Example.w1 (Minidregg.Kernel.World.Example.turn 9 [] [Minidregg.Kernel.World.Example.leg 1 [Minidregg.Kernel.World.Example.wr 0 9 10]])) = Option.some (Minidregg.Kernel.World.Example.val Minidregg.Kernel.World.Example.w1 0, Option.some 10) ∧ Minidregg.Kernel.World.Example.val Minidregg.Kernel.World.Example.w1 1 = Option.some 9
def	Minidregg.Kernel.World.Example.free	fb5edf49dd0e099dac8a5daa07d7d3982a6324845b481c353ed9527e93fa0258	f89e367a8b0803303438dddf95c295a4df3f50c88e7a1ae16d439767e62958ba	e9346f5db607125f6849aa865b391672388146d3f599b9f1cec9b59258cb27a7	99031b52e4fc1dc4	-	ℕ → ℕ → Minidregg.Theory.Store.Op Minidregg.Kernel.World.Example.toyLayout
def	Minidregg.Kernel.World.Example.g	55e28ecddc188cf1eb45bea0c37bba48a2faf68e3679db4b7bc52e15b96293ed	f1000907ed30338d61b6adfdda82b99fb1bdaf512610de2348936f43d4b567e8	f8249860fe2a9804595ead89e7cc874bbf6720127918d837e1c734e29180101a	39a00d25c7a91c39	Classical.choice,Quot.sound,propext	Minidregg.Kernel.World.Example.ToyWorld
def	Minidregg.Kernel.World.Example.headRoot	f7ce4fca43c8cd5b0440897465091bcd153c44b14870abadca0c0066d3d02782	105914dc8f1d5af1b7e0235a9b56e2c7307c3dddc5a4a835ce6eb8db3b3b1c7a	e7f7cbcbb6557574daf50aaa2d3f80d8f28e2d81e53df3820f541daef551df72	8035d6ab535b3064	Quot.sound,propext	Minidregg.Kernel.World.Example.ToyWorld → Option (ℕ × ℕ)
def	Minidregg.Kernel.World.Example.honest	1e58485ec9868da6b55e5e0e55d0558f857991320c85e1066390fffcff85697a	1ecb312059900bdca341a6fcb38b616540403cd24453dc83f435bac5f4bcd5af	ef5d1032b55fcb853c2e45baf7a642887a068cddd89b745478b47bab62ba05a3	f153dd99342c42b5	Classical.choice,Quot.sound,propext	Minidregg.Kernel.World.Checkpoint Minidregg.Kernel.World.Example.toyR ℕ ℕ (List (Option ℕ) × Option (ℕ × ℕ))
theorem	Minidregg.Kernel.World.Example.honest_resumes	6bfa92dfaea2c013ffd7b7141b33cb8b8fc9774f0a423e9f4d605c97ef9734ce	b7b1283018d8e3e17185b1970b5a59493b5ef7e1a74c44842921e264dc5bf11e	d281469c40823248a744c1f629db3e88196677a3b53f6834943799cf418c4f11	7c4bd1b1a774d98e	Classical.choice,Quot.sound,propext	Minidregg.Kernel.World.Checkpoint.check Minidregg.Kernel.World.Example.toyRoot Minidregg.Kernel.World.Example.honest = Bool.true ∧ Minidregg.Kernel.World.Checkpoint.resume Minidregg.Kernel.World.Example.toyH Minidregg.Kernel.World.Example.toyRoot Minidregg.Kernel.World.Example.honest (List.drop Minidregg.Kernel.World.Example.honest.height Minidregg.Kernel.World.Example.log2) = Minidregg.Kernel.World.fold Minidregg.Kernel.World.Example.toyH Minidregg.Kernel.World.Example.g Minidregg.Kernel.World.Example.log2
def	Minidregg.Kernel.World.Example.leg	b8d8f3f7962bcdeb3b583c9687d48fb7d3518d13d59e576b0164700a43a61c97	e1f6a429f3d9dee9d5457e7b09eaf4bcb81c02921d1d39742cf0567118d3ade5	b454e4188815916359f3a6b04dabe723a6918e12a51ce69c5fa8080b2789400d	a89f4c2f8cbe05ea	-	Minidregg.Kernel.World.CellId → Minidregg.Theory.Store.Patch Minidregg.Kernel.World.Example.toyLayout → Minidregg.Kernel.World.Leg Minidregg.Kernel.World.Example.toyR
def	Minidregg.Kernel.World.Example.log2	a50ee7e8915db4dcd3e169008508e96bfcb1965bab6057cb1e47fb39526009ee	bbb28a2a97086b26ef6c0de1f5e1cc4f255d629ce39a5f6e3939229e3f4843a0	c3544dc748cdd2310297f04d6e085b317c92da9421177194b593308a48e4c84f	891b5c5330ab40f0	propext	List Minidregg.Kernel.World.Example.ToyTurn
theorem	Minidregg.Kernel.World.Example.log2_conflict	151994bfee251627a079394c6ef606dd8a9fd0c92e1fa41f8e59685c02c35b72	ef00cb6cdf5ef81f8e7af8929f6410d1f2ebe4592834757278f89adf305cbb62	b2fd405493edadc65606f2c63884ce53876786f47c9bae1bd6951de1a2fecc4a	cb721deb9a884333	Classical.choice,Quot.sound,propext	Option.map (fun w => Minidregg.Kernel.World.classify Minidregg.Kernel.World.Example.toyH w (Minidregg.Kernel.World.Example.turn 2 [] [Minidregg.Kernel.World.Example.leg 0 [Minidregg.Kernel.World.Example.wr 0 6 7]])) (Minidregg.Kernel.World.fold Minidregg.Kernel.World.Example.toyH Minidregg.Kernel.World.Example.g Minidregg.Kernel.World.Example.log2) = Option.some (Minidregg.Kernel.World.Resubmission.conflict 1)
theorem	Minidregg.Kernel.World.Example.log2_folds	a34d80e42f91c1654decbaa29d8e1b3031bd0302a3049a62e077b97e773073c1	c83ac3b3578aa3a99249ba3eb314bfb5e0f77727dcef9507be6a8453ed66d989	23ee4fe70b2cbde59b46616fabd57e6f7aae4e69517dba8c775c4eb5182e291d	0227e3a445f8e526	Classical.choice,Quot.sound,propext	Option.map (fun w => (Minidregg.Kernel.World.Example.val w 0, Minidregg.Kernel.World.Example.val w 1)) (Minidregg.Kernel.World.fold Minidregg.Kernel.World.Example.toyH Minidregg.Kernel.World.Example.g Minidregg.Kernel.World.Example.log2) = Option.some (Option.some 6, Option.some 9)
theorem	Minidregg.Kernel.World.Example.log2_journal	a345a6fe88e4d622938f8b7f3c1209a9ba2e163cbc652aeb179886d53b2e6e92	1ddc43997572e8999fed492e238979f4c416ab7dbe43f02ea38139100b3530ab	41d0fe1e404116c7a28ffcaf4d1478d15b64ba010959aa0f4ae44ee65824c5e5	ea09888012e27a17	Classical.choice,Quot.sound,propext	Option.map (fun w => (w.journal 1, w.journal 2, w.journal 3, w.head)) (Minidregg.Kernel.World.fold Minidregg.Kernel.World.Example.toyH Minidregg.Kernel.World.Example.g Minidregg.Kernel.World.Example.log2) = Option.some (Option.some (0, 9), Option.some (1, 16), Option.none, Option.some (2, Minidregg.Kernel.World.logChain Minidregg.Kernel.World.Example.toyH 1 Minidregg.Kernel.World.Example.log2))
theorem	Minidregg.Kernel.World.Example.log2_reaches	9d7004f43d6bcaad1306c630b076d722c73b4ef774583abc03eb93c2ef9634b8	8dd78ec0fe5a2ee44c858129ef5481818321fc3cea7f1d44e708ca8c824a6d63	7e3637a318cd1ae7bbb7159aa031f9c447d30233cca4a6d637e4e0976a8a31b8	4caaea24d4fc9aa7	Classical.choice,Quot.sound,propext	∃ W, Minidregg.Kernel.World.Reaches Minidregg.Kernel.World.Example.toyH Minidregg.Kernel.World.Example.g Minidregg.Kernel.World.Example.log2 W
theorem	Minidregg.Kernel.World.Example.log2_retry	66b09417a8d9021759b589c6aba7edc83610e3a47c9e92889fd372508d869c55	7dac62bba551997bf14e1abe2ed7a518f0f7b96a73be7a80716e6a2867f0ddb4	289ab5a29fa241cff0d51bbb688fc4036e0d80da261d73a1910958e398f48b9d	82214c0471d3802a	Classical.choice,Quot.sound,propext	Option.map (fun w => (Minidregg.Kernel.World.classify Minidregg.Kernel.World.Example.toyH w Minidregg.Kernel.World.Example.t1, Minidregg.Kernel.World.rejectOf (Minidregg.Kernel.World.World.admit Minidregg.Kernel.World.Example.toyH w Minidregg.Kernel.World.Example.t1))) (Minidregg.Kernel.World.fold Minidregg.Kernel.World.Example.toyH Minidregg.Kernel.World.Example.g Minidregg.Kernel.World.Example.log2) = Option.some (Minidregg.Kernel.World.Resubmission.replay 1, Option.some Minidregg.Kernel.World.Reject.replayedTransaction)
theorem	Minidregg.Kernel.World.Example.nonbinding_root_accepts_tamper	b6e3929adecde4a616fdad6358298ff6bd299c8e333cecaeecf5dfce147a8543	5bd0bff3cd1181ce59ad6e14d305b65631187d2b64f52f8a34da1c6a1638b07b	067f6d2ab473e189ca49d92645ca9a3a7ff516f3c1911ebeaea607d1d09158c3	435a7bfff5faa025	Classical.choice,Quot.sound,propext	Minidregg.Kernel.World.Checkpoint.check Minidregg.Kernel.World.Example.headRoot { height := 1, world := Minidregg.Kernel.World.Example.tamperedWorld, root := Minidregg.Kernel.World.Example.headRoot Minidregg.Kernel.World.Example.w1 } = Bool.true ∧ Option.map (fun w => Minidregg.Kernel.World.Example.val w 1) (Minidregg.Kernel.World.Checkpoint.resume Minidregg.Kernel.World.Example.toyH Minidregg.Kernel.World.Example.headRoot { height := 1, world := Minidregg.Kernel.World.Example.tamperedWorld, root := Minidregg.Kernel.World.Example.headRoot Minidregg.Kernel.World.Example.w1 } (List.drop 1 Minidregg.Kernel.World.Example.log2)) ≠ Option.map (fun w => Minidregg.Kernel.World.Example.val w 1) (Minidregg.Kernel.World.fold Minidregg.Kernel.World.Example.toyH Minidregg.Kernel.World.Example.g Minidregg.Kernel.World.Example.log2)
def	Minidregg.Kernel.World.Example.rd	5bc755f69e98bf5ef5fadae068c0eb7698cdf199a794a3cbe108f7c4ef06c10a	4cf70fe6c658618aafac6fcf7b752fe231eda7bbbc8826280074b7786aa3948a	9a4b0e0ddc6d39daca10c85b049c393733a24635b5fb8edf863498fa1e2f28b6	1aca5999c4854e02	-	ℕ → Option ℕ → Minidregg.Theory.Store.Op Minidregg.Kernel.World.Example.toyLayout
theorem	Minidregg.Kernel.World.Example.reject_cellPresent	eea7067666d2d195696a9ebbc2f5888f23669fa7ff48b7dd82b8e29f3f233139	61e3b4f8e4027516b134c546880d8d1878dabb56ac1cbe955c423bb996015a11	01c1886a946b1c1c1300ce654cf14c1ccae14d40ad0f8a090152c7a6d0bfa8e9	fdfe3c73be7715f7	Classical.choice,Quot.sound,propext	Minidregg.Kernel.World.rejectOf (Minidregg.Kernel.World.World.admit Minidregg.Kernel.World.Example.toyH Minidregg.Kernel.World.Example.w1 (Minidregg.Kernel.World.Example.turn 5 [(0, Bool.false)] [])) = Option.some (Minidregg.Kernel.World.Reject.cellPresent 0)
theorem	Minidregg.Kernel.World.Example.reject_duplicateCreate	0091ab3866f96ef0e3279aa4847105bd7c3b587d5814674965eb3f5b5eb0565b	b70b2e3716c44e6245b8eba5b3e56aeff037fabe5c97cffc17a7d5717fabee6e	b9b28f8b90e400400f26aed6c67fef558203e18e1db79ac21cd4d28db6638b82	2473578be78d80a3	Classical.choice,Quot.sound,propext	Minidregg.Kernel.World.rejectOf (Minidregg.Kernel.World.World.admit Minidregg.Kernel.World.Example.toyH Minidregg.Kernel.World.Example.w1 (Minidregg.Kernel.World.Example.turn 5 [(4, Bool.false), (4, Bool.true)] [])) = Option.some Minidregg.Kernel.World.Reject.duplicateCreate
theorem	Minidregg.Kernel.World.Example.reject_duplicateLegCell	cb55da22ebf7074576cb21cc3a9ea26641bd1e9139cfe7c75f832b37d7f5ca86	7089853433bd39366aca7fc8f8883b35fea5c1a60e8df1bf0ba71b20f856adfc	84e435dfc8851c963de6a0178031167e791ae0629c40e7585c713332161ef824	07957586c5daee7b	Classical.choice,Quot.sound,propext	Minidregg.Kernel.World.rejectOf (Minidregg.Kernel.World.World.admit Minidregg.Kernel.World.Example.toyH Minidregg.Kernel.World.Example.w1 (Minidregg.Kernel.World.Example.turn 5 [] [Minidregg.Kernel.World.Example.leg 0 [], Minidregg.Kernel.World.Example.leg 0 []])) = Option.some Minidregg.Kernel.World.Reject.duplicateLegCell
theorem	Minidregg.Kernel.World.Example.reject_duplicateRetire	602dfa5c211152bedf0d676beb2cb50c225e7c14a7eb9dbe7b6eabf8686cf1f1	2445573526c7c05f9fc7c3e2d1f4cb256152f8f0951d4a826b4850a7649749b6	e8018d8922f823ef1e1625b0581d8fa2624ab8a04db41d32ad9e630723e2d935	a52e8e6c3e1a3e29	Classical.choice,Quot.sound,propext	Minidregg.Kernel.World.rejectOf (Minidregg.Kernel.World.World.admit Minidregg.Kernel.World.Example.toyH Minidregg.Kernel.World.Example.w1 (Minidregg.Kernel.World.Example.turn 5 [] [] [0, 0])) = Option.some Minidregg.Kernel.World.Reject.duplicateRetire
theorem	Minidregg.Kernel.World.Example.reject_emptyTurn	de216e67efa6f1d7c7744150b5e9c80b8adbac864fcfc53e3e23f6b5d21c41a7	c7513c9296fa1b901800bd084bfc5a9d87fbba7e001640d7ef90df5ad9862bd4	a1d7a1b85c41849507675c3cc22c1644544cfde8496a97bd6f9511d9b98b56b7	2d590ee5a9fe7656	Classical.choice,Quot.sound,propext	Minidregg.Kernel.World.rejectOf (Minidregg.Kernel.World.World.admit Minidregg.Kernel.World.Example.toyH Minidregg.Kernel.World.Example.w1 (Minidregg.Kernel.World.Example.turn 5 [] [])) = Option.some Minidregg.Kernel.World.Reject.emptyTurn
theorem	Minidregg.Kernel.World.Example.reject_guardFailed	30311d73917653fd421f30be716c7601b347ce92eef0f00d25051e0a8792eb8c	ed60da05b7682f5ae67c67850a17eba7c59090396a4ddf7a2fb83eccf396f093	8c67932684d5d3871bfb9d11c9350de99183316a31c4554768b0f9f0359ef001	ea863e668b67a680	Classical.choice,Quot.sound,propext	Minidregg.Kernel.World.rejectOf (Minidregg.Kernel.World.World.admit Minidregg.Kernel.World.Example.toyH Minidregg.Kernel.World.Example.w1 (Minidregg.Kernel.World.Example.turn 5 [] [Minidregg.Kernel.World.Example.leg 0 [Minidregg.Kernel.World.Example.rd 0 (Option.some 5), Minidregg.Kernel.World.Example.wr 0 4 6]])) = Option.some (Minidregg.Kernel.World.Reject.guardFailed 0 1)
theorem	Minidregg.Kernel.World.Example.reject_kindMismatch	86ea7c7df6214a0e19572287a345ed62b923fe3d38d709420b0e5cbf2dff9bb2	db730f8aa83405533d87cd3135a50e183d704bbb6103c978837e2a7762803fc3	0aa43b98e4a51e2c2374628ccb325441eb558826b988a773449440d3cdcfd14a	c2ebfce47c468eba	Classical.choice,Quot.sound,propext	Minidregg.Kernel.World.rejectOf (Minidregg.Kernel.World.World.admit Minidregg.Kernel.World.Example.toyH Minidregg.Kernel.World.Example.w1 (Minidregg.Kernel.World.Example.turn 5 [] [{ cell := 0, kind := Bool.true, patch := [Minidregg.Kernel.World.Example.rd 0 (Option.some 5)] }])) = Option.some (Minidregg.Kernel.World.Reject.kindMismatch 0)
theorem	Minidregg.Kernel.World.Example.reject_missingCell	0e88df012e46de4ea91c5d60ca9eb169321d4eee8f7f6a4c9f60611d26bdec2d	3417f77113da27fcf8710964671e5889a88c8878aaae2e38d74444f6511d1237	3bb587dcb1407e74fbeb84b7052d1558aab7291fe1890f4640b296116b57dac9	750f58b8a870f92e	Classical.choice,Quot.sound,propext	Minidregg.Kernel.World.rejectOf (Minidregg.Kernel.World.World.admit Minidregg.Kernel.World.Example.toyH Minidregg.Kernel.World.Example.w1 (Minidregg.Kernel.World.Example.turn 5 [] [Minidregg.Kernel.World.Example.leg 7 [Minidregg.Kernel.World.Example.rd 0 Option.none]])) = Option.some (Minidregg.Kernel.World.Reject.missingCell 7)
theorem	Minidregg.Kernel.World.Example.reject_missingParent	25bfa10dd171cad555304f3f7e7871399ba81e00fc80d87daf901216839cce90	6b38ba06ba5a96386ceb87a9b33ed9cfbed2386280992f3484aacb322a4e6fe5	2de6c5d8e8b4b5d91277b305c484c106a3aaeea1f79095ea229295cf20cd2109	e6a249e4e318175d	Classical.choice,Quot.sound,propext	Minidregg.Kernel.World.rejectOf (Minidregg.Kernel.World.World.admit Minidregg.Kernel.World.Example.toyH Minidregg.Kernel.World.Example.w1 (Minidregg.Kernel.World.Example.turnIn 6 [(5, Bool.false, Option.some 99)] [])) = Option.some (Minidregg.Kernel.World.Reject.missingParent 5 99)
theorem	Minidregg.Kernel.World.Example.reject_noHead	edae8b24a6e93ba6e35e6a4131b68451c8baad054eed46f35a18530f0c8b6199	5dbc45b4a2309048c7a6a378ba2e7cb982f8746e0b519bdf171c9223eb81a9fd	805aa17a1f62bf58029947a20440761aea5744f0b8e0d00ec6f92480cee131c1	fb825dc00733d228	Classical.choice,Quot.sound,propext	Minidregg.Kernel.World.rejectOf (Minidregg.Kernel.World.World.admit Minidregg.Kernel.World.Example.toyH { cells := 0, system := 0 } Minidregg.Kernel.World.Example.t0) = Option.some Minidregg.Kernel.World.Reject.noHead
theorem	Minidregg.Kernel.World.Example.reject_replayedTransaction	ade2d894d267e654829c468015662b6f2dd4856277d914588425b9ff43d62c9c	e54397f0968b71e8113d724ac019a95b2f3c5085397598f0efb6f74cf99774e9	16c8d8ee189cb6ecb0c1898dfff4845d69981d84af27e815e99b19930fbd6364	42445702fb87f6fc	Classical.choice,Quot.sound,propext	Minidregg.Kernel.World.rejectOf (Minidregg.Kernel.World.World.admit Minidregg.Kernel.World.Example.toyH Minidregg.Kernel.World.Example.w1 (Minidregg.Kernel.World.Example.turn 1 [] [Minidregg.Kernel.World.Example.leg 0 [Minidregg.Kernel.World.Example.wr 0 5 6]])) = Option.some Minidregg.Kernel.World.Reject.replayedTransaction
theorem	Minidregg.Kernel.World.Example.reject_retireNonEmpty	6c3b875b0bd1227eb91fd324290be9821f41b387ae5c0cc46c264d8f55d9dc3f	d527123c1e03fdad5152ad1589ea8f757dc5ee90343d36d3bd1c403e97c8cb90	5a6dc12d242e94d0b3e61fc5b941c2e2534cc3874420a2edbacaaa47451cab3a	c420e809d3722a08	Classical.choice,Quot.sound,propext	Minidregg.Kernel.World.rejectOf (Minidregg.Kernel.World.World.admit Minidregg.Kernel.World.Example.toyH Minidregg.Kernel.World.Example.w1 (Minidregg.Kernel.World.Example.turn 5 [] [] [0])) = Option.some (Minidregg.Kernel.World.Reject.retireNonEmpty 0)
theorem	Minidregg.Kernel.World.Example.reject_retiredIdentifier	d5ef668a43de9b1cb1f9299971895797f1c74d4249aeab78c739d7b78f87c0cf	c49b15e797ce175cd0817edf13191259375ca64dc2fd020446bc13f36d43e03b	3f6492b4c9a0f403c0b764cfb0e950a51fd3120a0537d6187cc3ec455f5053d0	4051879ac000913c	Classical.choice,Quot.sound,propext	Option.map (fun w => Minidregg.Kernel.World.rejectOf (Minidregg.Kernel.World.World.admit Minidregg.Kernel.World.Example.toyH w (Minidregg.Kernel.World.Example.turn 6 [(0, Bool.false)] []))) (Minidregg.Kernel.World.World.step Minidregg.Kernel.World.Example.toyH Minidregg.Kernel.World.Example.w1 Minidregg.Kernel.World.Example.tRetire) = Option.some (Option.some Minidregg.Kernel.World.Reject.retiredIdentifier)
theorem	Minidregg.Kernel.World.Example.reject_room_created_later	f6171bdadbdb59de557b00188d54926b9355cb32933baed1d63a7f0cdf8180fc	fdc292c9f489803e059b3e3453a7d0977b6a697ef7d242dbf0ac8312f6ee6aa0	e9e5b381e6f033567754778ee045135d6f36816d05199c41f47a2d50dc8ea8e2	29cf882d7301426d	Classical.choice,Quot.sound,propext	Minidregg.Kernel.World.rejectOf (Minidregg.Kernel.World.World.admit Minidregg.Kernel.World.Example.toyH Minidregg.Kernel.World.Example.w1 (Minidregg.Kernel.World.Example.turnIn 6 [(6, Bool.false, Option.some 5), (5, Bool.false, Option.some 0)] [])) = Option.some (Minidregg.Kernel.World.Reject.missingParent 6 5)
theorem	Minidregg.Kernel.World.Example.retire_accepted	0d7ff793e1c0a12c3647878bb7abb797f19b64f42da4bb39b4991525ff2803f6	74fb6241e2476b99185572162798c521dd94a50b5c453460de2c68379f874555	cdc6ed1124e9a131f9554d1db487969591c2ff0fc662d3c45903e8ff9a3bd506	4b26cbd023d26658	Classical.choice,Quot.sound,propext	Option.map (fun w => (Minidregg.Kernel.World.Example.val w 0, Minidregg.Kernel.World.World.retired w 0, Minidregg.Kernel.World.Example.val w 1)) (Minidregg.Kernel.World.World.step Minidregg.Kernel.World.Example.toyH Minidregg.Kernel.World.Example.w1 Minidregg.Kernel.World.Example.tRetire) = Option.some (Option.none, Option.some (), Option.some 9)
theorem	Minidregg.Kernel.World.Example.room_chain_covers	232ac59b4b13e34276d2ed7950a8a0e961d157957c7f055011bd2e17ae9d49f4	ca7148ed0c29ac00ac5c4d9e7c88700a2e958e2ce428eed7869d052acdcc2e65	22f12e3fbe65cd85c1b9bd78f16e8ae9c081eb06dc02a5a30d1f1bd8b495d4f8	68050fe1f0514ef8	Classical.choice,Quot.sound,propext	Option.map (fun w => (Decidable.decide ((Minidregg.Theory.TypedAuthorization.TargetSet.under 0).Covers w.parentage { value := 6 }), Decidable.decide ((Minidregg.Theory.TypedAuthorization.TargetSet.under 0).Covers w.parentage { value := 0 }), Decidable.decide ((Minidregg.Theory.TypedAuthorization.TargetSet.under 5).Covers w.parentage { value := 0 }))) (Minidregg.Kernel.World.World.step Minidregg.Kernel.World.Example.toyH Minidregg.Kernel.World.Example.w1 Minidregg.Kernel.World.Example.tRoom) = Option.some (Bool.true, Bool.true, Bool.false)
theorem	Minidregg.Kernel.World.Example.room_create_accepted	a1cfd89cfa564a95c3afb622e005013b3561703b7b3069c82e752c283444c27f	d674c797d606d6d8a241cbd21d5110c9c650f8770e04e7b3851357fdb45be178	68c489ed771219226d4721cdb734aac58b43ff496e52bebb60b328612f151042	0f017a3b32d23877	Classical.choice,Quot.sound,propext	Option.map (fun w => (w.parent 5, w.parent 6, w.parent 0)) (Minidregg.Kernel.World.World.step Minidregg.Kernel.World.Example.toyH Minidregg.Kernel.World.Example.w1 Minidregg.Kernel.World.Example.tRoom) = Option.some (Option.some 0, Option.some 5, Option.none)
theorem	Minidregg.Kernel.World.Example.stale_guard_log_refused	52776843c9ad24e056a2fe8fa15ef6d0a83c380400dea6c3f48f43291c529e32	67b1859be1bdbaa07e64b91e1495483c2d07aeea9dcaca1dd44147fc1c11cab4	4bc798e64a6a33a9bc3779bd4de4e5af2ddeb5b119e7e11713322f7469c5eb80	4df8947401e8bc11	Classical.choice,Quot.sound,propext	(Minidregg.Kernel.World.fold Minidregg.Kernel.World.Example.toyH Minidregg.Kernel.World.Example.g [Minidregg.Kernel.World.Example.t0, Minidregg.Kernel.World.Example.turn 2 [] [Minidregg.Kernel.World.Example.leg 0 [Minidregg.Kernel.World.Example.wr 0 4 6]]]).isNone = Bool.true
def	Minidregg.Kernel.World.Example.t0	06b803058695d1073e0a0315bef798331eeaca62d3546a51a852f477cc87607d	aaebd8df611a8bd62647cbb4dca12cae40eab02af61fd9e884d9b15589edef14	9d2c4a9b3f25a5ed930f5ab932a7e3bacff8a8cdfbf178d60f0c96a9964749ea	627307577a71b35a	propext	Minidregg.Kernel.World.Example.ToyTurn
def	Minidregg.Kernel.World.Example.t1	9e1144bc7a07de9cbe8cd32e72b6a6ef7b1ae8320be5fabffdbd518b6ff0b4fe	aaebd8df611a8bd62647cbb4dca12cae40eab02af61fd9e884d9b15589edef14	c809b3487c877af26f17aa929fc55f8aa4e48f19075e175ac50f6ed65c83cbec	8ec841db8aa4234e	propext	Minidregg.Kernel.World.Example.ToyTurn
theorem	Minidregg.Kernel.World.Example.t1_accepted_at_w1	80c4eff44345724d67a365771541229bcf00ddb267c2ef4c40fa45564f085fe5	532bb2d4f8bf98272fea39b72c4896ff5c5dd7babb52f0c14cff28c6e1ec4859	08f90a306adb7b7e7698546973199122db5339f585b435caa27fb7d0d4e3fd61	49b14977576db847	Classical.choice,Quot.sound,propext	(Minidregg.Kernel.World.World.step Minidregg.Kernel.World.Example.toyH Minidregg.Kernel.World.Example.w1 Minidregg.Kernel.World.Example.t1).isSome = Bool.true
theorem	Minidregg.Kernel.World.Example.t1_refused_after_read_moves	b7ee4d2723304f4fce79e0d8e9fc15721a5273d606c36123d014a20fde3dc8e5	878f66e0d3bef789ec557a8327106c7732ad68462d795fcb6187748ae280e705	0b812ee978726a264c987d302c87b23bd2bb851b4809622e0eff675d7e394a18	3b1910890d6a12e8	Classical.choice,Quot.sound,propext	Option.map (fun w => Minidregg.Kernel.World.rejectOf (Minidregg.Kernel.World.World.admit Minidregg.Kernel.World.Example.toyH w Minidregg.Kernel.World.Example.t1)) (Minidregg.Kernel.World.World.step Minidregg.Kernel.World.Example.toyH Minidregg.Kernel.World.Example.w1 (Minidregg.Kernel.World.Example.turn 9 [] [Minidregg.Kernel.World.Example.leg 1 [Minidregg.Kernel.World.Example.wr 0 9 10]])) = Option.some (Option.some (Minidregg.Kernel.World.Reject.guardFailed 1 0))
def	Minidregg.Kernel.World.Example.tRetire	075daa3ba76f7f2558e08ee5a64cf75535f6235921ffc51c62b4397b4cee8f03	aaebd8df611a8bd62647cbb4dca12cae40eab02af61fd9e884d9b15589edef14	e84cd0a607bef7ee87bc876d36082e05fdebebfbb1eb9ae5b39c76a586383e17	05b001b200a68d9a	propext	Minidregg.Kernel.World.Example.ToyTurn
def	Minidregg.Kernel.World.Example.tRoom	e4ce127c99fd24bee22d34ff4a47ca43d3065e47434fc1a65bc57ad2ba901259	aaebd8df611a8bd62647cbb4dca12cae40eab02af61fd9e884d9b15589edef14	5447f261e407cb2bc687cebb39b9b94e64cd9ca64a700fdd55f80f701f98fb2f	c066b89cac39aec6	propext	Minidregg.Kernel.World.Example.ToyTurn
def	Minidregg.Kernel.World.Example.tamperedWorld	5b3f44a14d8d5095a706e426093a8018f2a470b7902d11b333d1c553d9dea986	f1000907ed30338d61b6adfdda82b99fb1bdaf512610de2348936f43d4b567e8	d1a1b80e29c3f0304052d3dfec3d5b8e0884eaf9dd98b4f03e437b63f0084b28	543b271533c6e8db	Classical.choice,Quot.sound,propext	Minidregg.Kernel.World.Example.ToyWorld
theorem	Minidregg.Kernel.World.Example.tampered_check_fails	4839ec10ee124a9f1031c050fb4d105cfd0b13d753dcf0e2e6b59c5a9b0fcad9	4ac381fc8a35e239dbf3871b42a9afb72663d176ebd07e170bb53f04c47a4d5a	f28140e3295f3d52ed98a076db149e0731b5a853c5dca0a31f3c6020cb86337a	73cefb5cdc7eea58	Classical.choice,Quot.sound,propext	Minidregg.Kernel.World.Checkpoint.check Minidregg.Kernel.World.Example.toyRoot { height := 1, world := Minidregg.Kernel.World.Example.tamperedWorld, root := Minidregg.Kernel.World.Example.toyRoot Minidregg.Kernel.World.Example.w1 } = Bool.false
def	Minidregg.Kernel.World.Example.toyH	c6c4ef93cc04663a0ba7b69c295244406b62b281cc9de83dd822f1efd45370f3	fd0ae273a2e2bb9a4fcf0acaf8d55029121fc5e2cf936c1fccc94b4b50345b32	7240091bab4cdfdf9d0408e742e5072ba62c32a905b191a1536cecfb2d0bba0d	a9e8ef466325f920	propext	Minidregg.Kernel.World.History Minidregg.Kernel.World.Example.toyR ℕ Unit ℕ
def	Minidregg.Kernel.World.Example.toyLayout	3f20b4959fa2bc8add1c5e4de9329586421918c43f9f37c2e04e034302da23b1	dad500dfb65855651d9c20aebc7c049ff4c45e048a2aac0189bf686476ee35b4	d21d6aaac573c93c4ee8a74b1ca79a6e3e3d0fd88ae66a716547a58792c7f9c8	dfb5b6bcdcb62223	-	Minidregg.Theory.Store.Layout
def	Minidregg.Kernel.World.Example.toyR	5aebb68b4eb2091490ec58b8e3c5b492a5a3e75e4619151bbf688206f2bc357c	7d324b4f648226cce9e18b0b4b647ca4dfa86883d4d66b64ac59de0ef11dedba	0622d5256703f77ef05cf8394b025aed265b34216b9c80c9667d65d3e8468608	33e476901484fa7e	-	Minidregg.Kernel.World.Registry
def	Minidregg.Kernel.World.Example.toyRoot	24631598e324fc53bb76f35bdf8f3f28e712801928f7d03b0b306279856c05b0	24919d28c212da2ce9a1a2baae86047492b1dd4f154afff0b3414c8fa7f87e3a	44953a243259477815e9ee8e3758973bbeca1f0a90b0d730374d58b41ac10685	a7a05f89119e66cb	Quot.sound,propext	Minidregg.Kernel.World.Example.ToyWorld → List (Option ℕ) × Option (ℕ × ℕ)
def	Minidregg.Kernel.World.Example.turn	52521e1ee9c688e5886208d8088e9c98c8c25df0289e942a476968267557bfc2	b6b882c3736fe404f9acfd40affc06ad472d1338b2ad62a9a3b866a297167e24	705e303f3c27687979edde11527c4766ccb5d21f0ead190718dc9677852bae7a	e518e6ae3c4779ef	propext	ℕ → List (Minidregg.Kernel.World.CellId × Bool) → List (Minidregg.Kernel.World.Leg Minidregg.Kernel.World.Example.toyR) → optParam (List Minidregg.Kernel.World.CellId) [] → Minidregg.Kernel.World.Example.ToyTurn
def	Minidregg.Kernel.World.Example.turnIn	8d39ac0bee03cd872deb2a89bce109498db86061fccd2fde2a2cc4f81d1421d7	f873ad24914e9ca2646deaa4e2a611dcd04d51e51f487dd86142339dda377f04	f9eefcb7d2c912c680c36b9254b45bf0a2bb87134b0917016dcdfd4995e68dd1	c681ff32cac4c6eb	propext	ℕ → List (Minidregg.Kernel.World.CellId × Bool × Option Minidregg.Kernel.World.CellId) → List (Minidregg.Kernel.World.Leg Minidregg.Kernel.World.Example.toyR) → Minidregg.Kernel.World.Example.ToyTurn
def	Minidregg.Kernel.World.Example.val	4c1fec76c80ebd7c8fc42a44dcbc3dcc29b6d2d7a9b5843460764ff89f8ba242	5ad8a69845e9981a6c1e588392a8a95622597229b28c1c4a73e21025e4f08858	7065d5c28ab5b2f17d85ec95f958d06cd235e26b2522a028296d78a0aa6b7fdd	7cd1f2f638838e2a	Quot.sound,propext	Minidregg.Kernel.World.Example.ToyWorld → Minidregg.Kernel.World.CellId → Option ℕ
def	Minidregg.Kernel.World.Example.w1	2fbb281b5b133add496ba28fb02a408085be69f1532cd53c940129d3df2195d7	f1000907ed30338d61b6adfdda82b99fb1bdaf512610de2348936f43d4b567e8	3b0a1e8546e9bb3ec6d1c0b41e25e10add44ec130eb266dd782f41255ab018f6	be6c30ed817dfb9c	Classical.choice,Quot.sound,propext	Minidregg.Kernel.World.Example.ToyWorld
theorem	Minidregg.Kernel.World.Example.w1_prefix	38078093b22d8d37b90581e5669b0fd91f1a03124ba2b06531bd80c7a08464dd	c4eaeacf2cf56e8985b77fce46a63e983940fd4338605ddd9c4d29e1b1000b08	00fdd4ead785f8255a75729b800a5dd0e21c9c6aa1686abad9b318c811d822d9	54bdbb6f2861d317	Classical.choice,Quot.sound,propext	Minidregg.Kernel.World.fold Minidregg.Kernel.World.Example.toyH Minidregg.Kernel.World.Example.g (List.take 1 Minidregg.Kernel.World.Example.log2) = Option.some Minidregg.Kernel.World.Example.w1
def	Minidregg.Kernel.World.Example.wr	7ab7c1586b0f224733af2d2c6baa39b91526779108656638bf4aff9cc1b5d614	1fc99c0d41c556a21a3f07ef61c944e0c865eedae35acda9d8fc4b94a96342a1	7a8fa28f44ca7f97a7651e174ae696be5670a686753dc23d129de95a58fb93cc	e4feea5fa35898b8	-	ℕ → ℕ → ℕ → Minidregg.Theory.Store.Op Minidregg.Kernel.World.Example.toyLayout
def	Minidregg.Kernel.World.Genesis	4eaddadbfaad604d4830f3f8e77325fb7f749b5e0aa2ed67df96b1e665cba6ac	5bad5cf7e4f6818aa08cd3bcb0712cf88786670a010a98061829ac4a674ea645	c8086afef28fae39ce113199ee2b966c6f14f36c759f42c19dc216a27c87860c	3fb99563eb87ae50	Quot.sound,propext	{R : Minidregg.Kernel.World.Registry} → {TxId Ev D : Type} → [inst : DecidableEq TxId] → [inst_1 : DecidableEq D] → Minidregg.Kernel.World.History R TxId Ev D → Minidregg.Kernel.World.World R TxId D → Prop := fun {R} {TxId Ev D} [DecidableEq TxId] [DecidableEq D] H g => g.head = Option.some (0, H.logRoot0) ∧ ∀ (x : TxId), g.journal x = Option.none
inductive	Minidregg.Kernel.World.History	55129db7dcbd3e93bee3e54a103b17f4f4b75333626c8aa8db1124414ba476c4	165d272e68ba90024b03e126150f2e473d6d2dbf62cd26897264cd340d997deb	7a9129619e17cf6759bcb6015353a046f7f9020d4a1b18796c28c0bda4406eeb	97f1a11c0a790315		Minidregg.Kernel.World.Registry → Type → Type → Type → Type
def	Minidregg.Kernel.World.History.chain	a33af4ae7edbb906bbc8b3a48f4c98fcb623da3ece4a365f8668ca931c1368f0	e4f9611b6e1f51f011ae52f1d14e048bc2f495337c3fe79990858970621c9d86	3a74e93bb970cfefaa3e40a7c2ef9a5738c1d1202bba1174c06ae203f0677a57	0b2ef39848241928	propext	{R : Minidregg.Kernel.World.Registry} → {TxId Ev D : Type} → Minidregg.Kernel.World.History R TxId Ev D → D → D → D
def	Minidregg.Kernel.World.History.imageBytes	63adec73955e668f2f33c88442b310c412a5b1868440ca17ae08582eeff0506b	0474ed22506733fddffe16ac387ddcd0822de3c1ce51aaa9c70820938ebe60e0	2e98cacc46bfc1ecd75d41830abb030c87f33766a4709d2202cf099f69b97a48	a9290d5529124dbc	propext	{R : Minidregg.Kernel.World.Registry} → {TxId Ev D : Type} → Minidregg.Kernel.World.History R TxId Ev D → Minidregg.Kernel.World.Cell R → ℕ
def	Minidregg.Kernel.World.History.legBytes	4dd315901338d80c607ec274127c3a15c41abf0b5a1aa98ffb6c4655b1f8bec9	e9a098a269943e849d128073eb89165582dc90e4cb93e9e546bc43ebec814a80	d404b3057247112b6e85ff31e1363357136eab79ab43c88da75785b7001c46cb	b417c301b00bd9e1	propext	{R : Minidregg.Kernel.World.Registry} → {TxId Ev D : Type} → Minidregg.Kernel.World.History R TxId Ev D → Minidregg.Kernel.World.Leg R → ℕ
def	Minidregg.Kernel.World.History.logRoot0	f544dda08e507920bddda4a8ff9576e5cbff6fb55cf8fe2f73e534536ba2fda0	3c21142e1f62ea6b5b65fad9e7fcfd3484481e3317796c99c0a6723bd64f0a4b	90df2265c3ad3b265626c33b57d7edd06ccb82f567c31d4e111cc20381a545ae	a48bdbc6d200f996	propext	{R : Minidregg.Kernel.World.Registry} → {TxId Ev D : Type} → Minidregg.Kernel.World.History R TxId Ev D → D
ctor	Minidregg.Kernel.World.History.mk	adcd861e83c17a7090218bb5c7c2762eceed09dbc048bab743c4bf7dfacf5211	b032463cce8255dad027adad9a445cfc31f87d55baf7e80fb5f251413bb4a19b	c36d7ac9fa768dc5c17ea91532c209d43cd869b452b4d7284db1b958ba1dea80	772ad64d46158982		{R : Minidregg.Kernel.World.Registry} → {TxId Ev D : Type} → (Minidregg.Kernel.World.Turn R TxId Ev D → D) → (D → D → D) → D → (Minidregg.Kernel.World.Leg R → ℕ) → (Minidregg.Kernel.World.Cell R → ℕ) → Minidregg.Kernel.World.History R TxId Ev D
def	Minidregg.Kernel.World.History.turnDigest	3e741c0d0bbccaf7f7cb9605d2ca4e440fdf9e9bc2f8cbd3d527cabd89c3d7b9	fb7ab1446cd4c486c1085baa1fe4dc8d2a4d57634f6ca6f6e25753d9ef196673	71b06671ce03cdf2d883f15032dcbf3292cd3ab9a7811333a43d960f5d318344	50d4ab5b975557a3	propext	{R : Minidregg.Kernel.World.Registry} → {TxId Ev D : Type} → Minidregg.Kernel.World.History R TxId Ev D → Minidregg.Kernel.World.Turn R TxId Ev D → D
inductive	Minidregg.Kernel.World.Leg	c31ed563f2cce144db0a5f1c2d7bfe79a9f6757c8477e8323a94946a4c3ca5b8	880cc982d4e69798279e9a15f7c83d7f6e675779e6de8678af375d673ed57c86	f9d721d75147e07dc1918378765a78fece65f8bdad49f3334debda19b744319f	8c1fcf7638c0ba75		Minidregg.Kernel.World.Registry → Type
def	Minidregg.Kernel.World.Leg.cell	320d431e6e89c71f37ac526c5d9f973c4116f3573964deabf5ddd124b4a9dc31	012d8177bffbc28575c4ab2fe307c5a49674e754a6ee49eee9fee047dffcecae	b2e08417e8850864c9e850cb416cc1bb5984806660a0bf755c99767b775afdb0	95e64efbd2b46274	-	{R : Minidregg.Kernel.World.Registry} → Minidregg.Kernel.World.Leg R → Minidregg.Kernel.World.CellId
def	Minidregg.Kernel.World.Leg.guards	21ee857223b0eb1bb33b078f9931cfb5c4fd902695c3f11fcca9f1dac47dfa81	849872e31a9cd0bae66b6086d4fd5ac4fc912480f61b595a47e61f0ab13ea0e1	5042e529063b5593985cb7d730fe5e0837d6ef7ec5023721fab4c54c207ba633	6c81e2fba94b8494	propext	{R : Minidregg.Kernel.World.Registry} → (leg : Minidregg.Kernel.World.Leg R) → Minidregg.Theory.Store.Patch (R.layout leg.kind)
def	Minidregg.Kernel.World.Leg.kind	996b7c8b08b72bba2d50f24de86d4423c0575b141da4ae20af6022732fe264ca	b0fd25b74c0916c35d07c5672cbe6f493b9decdab596c969c253ef292c9b0d6e	4b8cb8843a1c81ab87c4fea7ec4bb927930a585ab9bc2ae37c330d6d5d76c694	c2fbd42035cf3f95	-	{R : Minidregg.Kernel.World.Registry} → Minidregg.Kernel.World.Leg R → R.Kind
ctor	Minidregg.Kernel.World.Leg.mk	0882aa94d611a141679d769d4d0c22ac75f43480278f47165e4ce3068c979b91	e42085af7c94c0ddba681529c854c705f9b6a21a92eda8bf815d6b43f34b321e	a7cd9b47324b844ae04bd5ae613aece3bc0cedd48001c790e5a83a80fffc3f75	5a460dcbb1a3d332		{R : Minidregg.Kernel.World.Registry} → Minidregg.Kernel.World.CellId → (kind : R.Kind) → Minidregg.Theory.Store.Patch (R.layout kind) → Minidregg.Kernel.World.Leg R
def	Minidregg.Kernel.World.Leg.patch	f744898a85614239a08ac4be565725159a2b0953610df3c997922515acb2e50e	849872e31a9cd0bae66b6086d4fd5ac4fc912480f61b595a47e61f0ab13ea0e1	08c24c04aa18380a0fb7955d466a5a08d01e8f462d1c48d304a8c2e860b48824	780d36e1e2fcca2e	-	{R : Minidregg.Kernel.World.Registry} → (self : Minidregg.Kernel.World.Leg R) → Minidregg.Theory.Store.Patch (R.layout self.kind)
def	Minidregg.Kernel.World.Op.isRead	181dec49df9f77e914902c4feced7ed87f040e98c751507da9695a70c8b64ac6	f64b8faa799f4fd449412c420f8340e46dfc1ec0c03637112ddc26d4cf93e987	5d40af3999967d482515d5934806791226f4b779edfd565344e0590367c3b025	d7f056609fcf57e3	propext	{L : Minidregg.Theory.Store.Layout} → Minidregg.Theory.Store.Op L → Bool
inductive	Minidregg.Kernel.World.Reaches	97e3d68e4c84ad60acda6023203ff0ad9d40f5cd27d9ec87e51dfdc238a48a28	47f045a189769b1948b96236ad598bd78716742810ca72de6160850ae0a810af	5cd2b7ea9caaa0a082990846d9551912fba3462c027fd0e805c09c4bdb62e43d	8f8a918c7c540218		{R : Minidregg.Kernel.World.Registry} → {TxId Ev D : Type} → [inst : DecidableEq TxId] → [inst_1 : DecidableEq D] → Minidregg.Kernel.World.History R TxId Ev D → Minidregg.Kernel.World.World R TxId D → List (Minidregg.Kernel.World.Turn R TxId Ev D) → Minidregg.Kernel.World.World R TxId D → Prop
ctor	Minidregg.Kernel.World.Reaches.nil	fbb074172a9912ade6cad7280e92e2f3b28561313943dd5b32cd2578218eaf89	948f2504aba214ffe1ff7c68f0a550bd6d73df221f71812bc1a83ca89d4c0d22	d0162931413d1eef1433d8825f9c47e00daa3a4759d6de84c8cd8023db53f9bd	f92e3be4ccf12ef1		∀ {R : Minidregg.Kernel.World.Registry} {TxId Ev D : Type} [inst : DecidableEq TxId] [inst_1 : DecidableEq D] {H : Minidregg.Kernel.World.History R TxId Ev D} {g : Minidregg.Kernel.World.World R TxId D}, Minidregg.Kernel.World.Reaches H g [] g
ctor	Minidregg.Kernel.World.Reaches.snoc	19e4c298d5d35503ded639de4992240aec3d563e071b22943417558753a03eac	33bcd4998acc60606a16cba83604688e4d448576c308e4e8a9dd7bec83a3610b	b7891733194573d967c2b9e806f65e7808c7f98c4c8e89968c268299c10828aa	2e9393a45f58c998		∀ {R : Minidregg.Kernel.World.Registry} {TxId Ev D : Type} [inst : DecidableEq TxId] [inst_1 : DecidableEq D] {H : Minidregg.Kernel.World.History R TxId Ev D} {g : Minidregg.Kernel.World.World R TxId D} {log : List (Minidregg.Kernel.World.Turn R TxId Ev D)} {t : Minidregg.Kernel.World.Turn R TxId Ev D} {w w' : Minidregg.Kernel.World.World R TxId D}, Minidregg.Kernel.World.Reaches H g log w → Minidregg.Kernel.World.World.step H w t = Option.some w' → Minidregg.Kernel.World.Reaches H g (log ++ [t]) w'
inductive	Minidregg.Kernel.World.Registry	82a0c2e8c5392bd34726c2406a6cd228f64dc64db174f54da54ad06b5295e4ef	9673be8185fe408c0031e964c5e80159c7abded08ab202b527881fdef0c493d1	137f97df9ba094d92c9d4711d43e202c1ccaef85777ccbbd640ccecbc7a40d85	ce8e5f077c2986f0		Type 1
def	Minidregg.Kernel.World.Registry.Kind	355ee0df66939acd6be363437a057f5ca12989bdc182b8ddc7f196dcd0edc82d	153af97e34e9ae893e4972a09cc920f4bf63173cdff96cc02feebe9d9004dddc	78d40db43dfc384229aa6d5e94d4a91cbe8ffcda292ff387e6734c1245a98407	66741dd1fa8fd7a4	-	Minidregg.Kernel.World.Registry → Type
def	Minidregg.Kernel.World.Registry.kindDecEq	d0e60ffbfb0001549530223cb406d2dae13436922b113c76d022fa8bfc2796f4	1b83a71bec1870ff06e549be725328f86c39ed6ef380cadab5e8d8cbbc12db58	9a01f88ddbd1cba0d6929d36682a9785261ccf35a9ec153ef6b19a12018d564a	cb35cf5f51cdcc0f	-	(self : Minidregg.Kernel.World.Registry) → DecidableEq self.Kind
def	Minidregg.Kernel.World.Registry.layout	b08b69bbd355c352ed2555dc8bb7207e519ef9b6fcc053c1552c1193b82cd9a6	9f5deb886db1d0f9b1c00ff6f230dfdf8298c7e31eb6e7fb450236c92f125140	3a18c827f84841029c395fd7ac8de9fe5a7327130008b59b752c90ee7be8a947	3fc22206290a4703	-	(self : Minidregg.Kernel.World.Registry) → self.Kind → Minidregg.Theory.Store.Layout
ctor	Minidregg.Kernel.World.Registry.mk	edd8ca8b028d4825e3915fe5366769ad0ada3e6bfa08b4a04966c884ec402125	1ee2d734ab8ce9458c5bc9ae83df47505a0aebbb6868444a1e8266d7dfd48b60	6454de66ea49278e987e5cc83f575b162433cf162c0e4c76f34b98340d93e8bc	631b3925b6a3fe16		(Kind : Type) → (Kind → Minidregg.Theory.Store.Layout) → [kindDecEq : DecidableEq Kind] → Minidregg.Kernel.World.Registry
inductive	Minidregg.Kernel.World.Reject	fa7b5a666ad73cf504d3b9f668b6c300a1af718596936f10697ab541209fbdd7	16946b93ac38405660f51e475eb5aa7d25b54f5e5677e0f6a10a4526cc071cbf	f5a03428cd6a057cdcd1994b1d0a6ce96755781202c53c0c8e114859b99a5b1b	3272ebd670612ebe		Type
ctor	Minidregg.Kernel.World.Reject.cellPresent	6d4fe7ab16609bafaa2740b1fa55056ad94d178e5f366d276674d642afa5840b	507c956ffd352102fba341064d10eff07569bb8fd1c3f0e792807abae8d189d9	3833313a61597831bcd2cf2ec7615a3967d775b5dd2a2a75cae19a504c79738d	9b59afcfd8f1d778		Minidregg.Kernel.World.CellId → Minidregg.Kernel.World.Reject
def	Minidregg.Kernel.World.Reject.cellPresent.elim	42410330b1ee463f17b4618c877a59b877911ac1b576b3b5c1499ace2d367ddf	8a04677dd692f2d9a8ae16d56aae6b9d37c9d3a4b82b9cd884e36315020273f4	9917194d5b30a7b00f4e1a6bba6eca83929502c8be9d801ff940f6c253679656	485aada7e7783701	-	{motive : Minidregg.Kernel.World.Reject → Sort u} → (t : Minidregg.Kernel.World.Reject) → t.ctorIdx = 7 → ((cell : Minidregg.Kernel.World.CellId) → motive (Minidregg.Kernel.World.Reject.cellPresent cell)) → motive t
ctor	Minidregg.Kernel.World.Reject.chargeMismatch	d137226ede79bc0238926861aae1f48612fdaceab9d8c597c1e2d78e4f1879f9	4c4ec08979c528f0a56a8df7305b1abc7bfde2da39145b9d24aa94e37505424f	cb9f0297e5c789060d32a2a64ce5a3d5c1869735f83953298ad34bb8ff235880	8fb581dcd7a3c775		Minidregg.Kernel.World.Reject
def	Minidregg.Kernel.World.Reject.chargeMismatch.elim	80347d6253518c4dfffc3438d7177b5eed5944fe5fe4d175deca6744b684db98	508b89c5a424b4692d15910e916a0915d721da3a492622918228401ed8f4fa46	833fc1783b06aa737381ec70433240bb817bc6b999be229ba61f55ec8353bdaa	085b5d1998caccf7	-	{motive : Minidregg.Kernel.World.Reject → Sort u} → (t : Minidregg.Kernel.World.Reject) → t.ctorIdx = 16 → motive Minidregg.Kernel.World.Reject.chargeMismatch → motive t
ctor	Minidregg.Kernel.World.Reject.duplicateCreate	bf31af6ec0fa91450df75f46d187d3dd99a49b9317f65d0c631e5d7435f7eeb7	4c4ec08979c528f0a56a8df7305b1abc7bfde2da39145b9d24aa94e37505424f	d2243d6306010b096dc38ec77a35e10cfa7d238b4fb98ce430af722ba8aaeec0	c1bacdc37f31a395		Minidregg.Kernel.World.Reject
def	Minidregg.Kernel.World.Reject.duplicateCreate.elim	dc654797ca3a15bc253aeb9c6ebc88393d4d18e6a352b17c053a2211113dca4f	321aca7c5864e494cb17e32f5640f0c734f87d9d5ba3547c74de797d68a60e81	82af015cceb9406dc91401879ffda299f07688bc68276ea950c697316ba2db99	5cd1b2ed8f3cd1c9	-	{motive : Minidregg.Kernel.World.Reject → Sort u} → (t : Minidregg.Kernel.World.Reject) → t.ctorIdx = 2 → motive Minidregg.Kernel.World.Reject.duplicateCreate → motive t
ctor	Minidregg.Kernel.World.Reject.duplicateLegCell	e81a92db5cb7615b7f6390490f2f107ac2fcb639760258c8ceccf83b5efe9a65	4c4ec08979c528f0a56a8df7305b1abc7bfde2da39145b9d24aa94e37505424f	9f7344d46155805516f6382485c9028c7a440229f263d5073877f9aa2024b531	3749ff273a5a6010		Minidregg.Kernel.World.Reject
def	Minidregg.Kernel.World.Reject.duplicateLegCell.elim	e84c090eb2226a3c5cd30c62d22107b2341778392d25b27ddbddd594fe89d9e9	31f1a175cb84d57d08dba24934f8707986f106294a233978514beb60e4de51df	e5587710f963e336e31a8b5ce4cbb9a49c9edefb9e21890d4334332da5dc3c34	00b0778429ee9766	-	{motive : Minidregg.Kernel.World.Reject → Sort u} → (t : Minidregg.Kernel.World.Reject) → t.ctorIdx = 1 → motive Minidregg.Kernel.World.Reject.duplicateLegCell → motive t
ctor	Minidregg.Kernel.World.Reject.duplicateNullifier	c3b59770238d6bb428243f11f5814e034a7720e2a852cee0ebe82be2c840b14c	4c4ec08979c528f0a56a8df7305b1abc7bfde2da39145b9d24aa94e37505424f	833bc540ea3be24df5d5569eac33664b84eb40c3037f6ef89b390b4559a0fd94	e47a24c518527240		Minidregg.Kernel.World.Reject
def	Minidregg.Kernel.World.Reject.duplicateNullifier.elim	ea2967027124b36cccf4fa31a9c08df82db8dffd0f0984da3ae88ffd3d8414fa	c4af9b3924b8f1165859ea206ed9a91cae773c56a4f9a737ed003b9b5c2d781f	b9b462010c49cd4c53ee74a4fcb4146db507669fc2e191ae9ccca0b09b28507c	c8140856542b3817	-	{motive : Minidregg.Kernel.World.Reject → Sort u} → (t : Minidregg.Kernel.World.Reject) → t.ctorIdx = 13 → motive Minidregg.Kernel.World.Reject.duplicateNullifier → motive t
ctor	Minidregg.Kernel.World.Reject.duplicateRetire	688d57ee2adf250cb333fe9cb53effa9b6343ec06589e7ecfac53b06bf6beade	4c4ec08979c528f0a56a8df7305b1abc7bfde2da39145b9d24aa94e37505424f	a704d60ea6763e46796082b164b128a44443b5873d560131b429fc3da4311b22	e8cb579f465313e7		Minidregg.Kernel.World.Reject
def	Minidregg.Kernel.World.Reject.duplicateRetire.elim	2041797f495b9a49962a0db5320e5b4b1310438083719530fb83ae4518247278	179a635b84885888f767acd2c86f030db9e734d8083f0997b37c7cf7764905af	3f5ddf7d0120f5d262828bd36bb3ef788b428248073da11c2399e4e42c896e03	69ecde11d4019d4c	-	{motive : Minidregg.Kernel.World.Reject → Sort u} → (t : Minidregg.Kernel.World.Reject) → t.ctorIdx = 3 → motive Minidregg.Kernel.World.Reject.duplicateRetire → motive t
ctor	Minidregg.Kernel.World.Reject.emptyTurn	3cd437a2fa5da409f507f881517be9f8677d24d43180315dd71cdd39e98590d9	4c4ec08979c528f0a56a8df7305b1abc7bfde2da39145b9d24aa94e37505424f	5c38d9a6b64495d5ad3f9bbc542616ec3e887fac373c1331a561fce08de281e6	2713ac2032798fc3		Minidregg.Kernel.World.Reject
def	Minidregg.Kernel.World.Reject.emptyTurn.elim	a4f78313ea372c0cef095c0c4a0c0734c9a9b08c54f8f9ed21b95f0586f5974d	dd4dab40164bb89871da6e3bc1beedfadd4050f506a730b8bcd1eea145ea8de7	edc2b2409cf1eac890d7a562fc49231c28f1eed65edf20290e2c015e5247c8f5	5ff5eef589949abf	-	{motive : Minidregg.Kernel.World.Reject → Sort u} → (t : Minidregg.Kernel.World.Reject) → t.ctorIdx = 0 → motive Minidregg.Kernel.World.Reject.emptyTurn → motive t
ctor	Minidregg.Kernel.World.Reject.guardFailed	9a31380a9b608e8333cfab5052ee93bc53a33933c6f7d4b0b417392efbb5a0a5	1b6c1819bb096c77d4334c306cf77c0ef411469222f8edd711b3adbc86b030cc	14d82c04a4f7880c58968e6eecbad4b167086ffe21130f60618e9e2f32a7c8e3	654be21bd26e2c75		Minidregg.Kernel.World.CellId → ℕ → Minidregg.Kernel.World.Reject
def	Minidregg.Kernel.World.Reject.guardFailed.elim	d9536737664939c839e1f0b69679980c069a8abdc2fbe11502ccb44dea4971ed	45d6035c29003a247279240e1855aebad6cc0e7716c1d6a7a870a23b6b40bb1f	7d5a3b436d753cde1c74a9f43ec9509142602eeef82308c55d838d069291255a	e3c07f9a45f3ec26	-	{motive : Minidregg.Kernel.World.Reject → Sort u} → (t : Minidregg.Kernel.World.Reject) → t.ctorIdx = 10 → ((cell : Minidregg.Kernel.World.CellId) → (index : ℕ) → motive (Minidregg.Kernel.World.Reject.guardFailed cell index)) → motive t
ctor	Minidregg.Kernel.World.Reject.imageNotRom	7dbe9f1ef930e2abb60b6102534882e4b80a1cc0b3f5b14fa704049ce509eb78	507c956ffd352102fba341064d10eff07569bb8fd1c3f0e792807abae8d189d9	c040b93f9bd069fea28ab00baf1c9c40a3e3be4c89e1a534831ef3b2c9937203	8ee99333102bf4a0		Minidregg.Kernel.World.CellId → Minidregg.Kernel.World.Reject
def	Minidregg.Kernel.World.Reject.imageNotRom.elim	ae054ae93de5d1546402a0ed1acb7be359c13366b00bcdb162793505ff8574d9	721f8ffdb420a02e478c82ea10c1ab2f6aac44b19391a4627317b4e2cc81852c	58758b968800622f154f9cdcf6360cd20744ca05f62fa9d0d5355118a010eeb9	3e059aefcc6fe209	-	{motive : Minidregg.Kernel.World.Reject → Sort u} → (t : Minidregg.Kernel.World.Reject) → t.ctorIdx = 18 → ((cell : Minidregg.Kernel.World.CellId) → motive (Minidregg.Kernel.World.Reject.imageNotRom cell)) → motive t
ctor	Minidregg.Kernel.World.Reject.kindMismatch	ea5eca5f3f02aeaa1055ccdd71661aeb03c54898c73ec5caddcec197caf77b65	507c956ffd352102fba341064d10eff07569bb8fd1c3f0e792807abae8d189d9	211c632fd211ea285244562d59d0d0adfd1ed6db1e7b2124851ba6de7b6bd13f	fe7eefe211fb01d2		Minidregg.Kernel.World.CellId → Minidregg.Kernel.World.Reject
def	Minidregg.Kernel.World.Reject.kindMismatch.elim	7be0d125933506ada16c64396553293a47f6c0b404ef1e9b7544d830cba63e52	d46b32a2afb2b05ab5906005052160351dfc9f83e5a1aa365540b18b6cb5d3eb	a2c639cc3210c44fef874e09dd63dd840eab15166a52a92952a73e1a151dfdf7	f7c2d963a95e4fe7	-	{motive : Minidregg.Kernel.World.Reject → Sort u} → (t : Minidregg.Kernel.World.Reject) → t.ctorIdx = 9 → ((cell : Minidregg.Kernel.World.CellId) → motive (Minidregg.Kernel.World.Reject.kindMismatch cell)) → motive t
ctor	Minidregg.Kernel.World.Reject.missingCell	309abb521ae02f59c137f18f1ce5ef0a214c4e439ccbe94ff22ce7603ce772f5	507c956ffd352102fba341064d10eff07569bb8fd1c3f0e792807abae8d189d9	c6e77d849817daacc28e9091aa73d1ca6aa23b1a05349299f8fb4ca5d6038be2	aa8c30719d60ffab		Minidregg.Kernel.World.CellId → Minidregg.Kernel.World.Reject
def	Minidregg.Kernel.World.Reject.missingCell.elim	5e3e17f3be5cd8d245dc63751952083561994703bdb89450262153554f51139f	051fffa2b818ed02711eefaf8beeb50ac9c9979829040ae44259a106b3e2ee54	f45299cd04ef5d68cc0b78bb135d20f5e060f91c8f16a79671246aaaabf2c7b6	db1321cdd0911e4f	-	{motive : Minidregg.Kernel.World.Reject → Sort u} → (t : Minidregg.Kernel.World.Reject) → t.ctorIdx = 8 → ((cell : Minidregg.Kernel.World.CellId) → motive (Minidregg.Kernel.World.Reject.missingCell cell)) → motive t
ctor	Minidregg.Kernel.World.Reject.missingParent	b12f943d3a6fcff05415c08f3f389053552c18b4ea124413d404c5be1ec058df	0f376164816221e9031895ae3345a3d0df9ce7ef2032301a2a2c2a814bafa812	5b77c0ecf37844b2939b946e4ef72cfcbee502e901a61b3ea9e8de4b344c7b18	8ada1691435b7513		Minidregg.Kernel.World.CellId → Minidregg.Kernel.World.CellId → Minidregg.Kernel.World.Reject
def	Minidregg.Kernel.World.Reject.missingParent.elim	9a6e17e6c0c8193b627a5df80291894c2feb2d58bb924c27c07b605815c65229	efe1bce599ca0ba298ee5e1db2a424226f1c609b1878182fb380d58f272b7717	28dec84268c032c21f41ad68180d7e8a14513b940a7f4861c7801335e8144154	3f8b1cf94e85e8b0	-	{motive : Minidregg.Kernel.World.Reject → Sort u} → (t : Minidregg.Kernel.World.Reject) → t.ctorIdx = 12 → ((cell room : Minidregg.Kernel.World.CellId) → motive (Minidregg.Kernel.World.Reject.missingParent cell room)) → motive t
ctor	Minidregg.Kernel.World.Reject.noHead	0d036b77c4c459e83096ab7fae146a067727b4253d8e8990673a0688c526af84	4c4ec08979c528f0a56a8df7305b1abc7bfde2da39145b9d24aa94e37505424f	3d0a8504ed18f8f2a8517a05f237d48a33799275293f0e92b15a34ed7629bf94	b7101d4d684bb95c		Minidregg.Kernel.World.Reject
def	Minidregg.Kernel.World.Reject.noHead.elim	7e4324e9b0b979f5c9bac61eefb0afe3f4237e36a68c3f0b890ed70da721d444	52507151c294736184a2a6319f97f22ddf29adf089acc7be6fdc87f65256c580	5a454ffac827de36898479420140bf67e26cb231d92d7dd57f7dbeac9cb9c44a	025cbe41cb192a13	-	{motive : Minidregg.Kernel.World.Reject → Sort u} → (t : Minidregg.Kernel.World.Reject) → t.ctorIdx = 4 → motive Minidregg.Kernel.World.Reject.noHead → motive t
ctor	Minidregg.Kernel.World.Reject.nullifierSpent	26035b4104833fbf0d5596eef5ea8f743b59b3ee26d4c706186ae214f4ac8006	4c4ec08979c528f0a56a8df7305b1abc7bfde2da39145b9d24aa94e37505424f	9a772622e0b414f21a17eaf0b8787d70cb5539e3714a97fb88388ffc1927e314	bb314f5a976ca461		Minidregg.Kernel.World.Reject
def	Minidregg.Kernel.World.Reject.nullifierSpent.elim	77fb1e3b43962fe7d7953557da00f3a2bb237f5820c080fc3c34b6a379f36fad	3091eed44df238f9d0698331936089f9093d7fb642d86fb3770c3115230bdd85	115859cfb2e0ff7e8c7dc7dfe302dacb2179b3425160fef4833c7cac313a1acf	b3a6eca563c04564	-	{motive : Minidregg.Kernel.World.Reject → Sort u} → (t : Minidregg.Kernel.World.Reject) → t.ctorIdx = 15 → motive Minidregg.Kernel.World.Reject.nullifierSpent → motive t
ctor	Minidregg.Kernel.World.Reject.outsideWindow	7e041a06df7e56c758d37aba2fbf448f398a2f0393205662effc2af47ad4edd3	4c4ec08979c528f0a56a8df7305b1abc7bfde2da39145b9d24aa94e37505424f	449a71f00c71dd0bbfeedea465ff77597336364f34cf5e53de14cd1fe7e204e0	5e7ea171d89dd7b9		Minidregg.Kernel.World.Reject
def	Minidregg.Kernel.World.Reject.outsideWindow.elim	d2a047326f7c1bc2b4f197386c021a2caa7088d6e07eaa804cf476cb499f9674	9847595e634ba1e6d48f4fd8a25a3c6da997cea112df002e092c9a344b16b04d	9f84e491b890f5298d6e6375e583ca30942c17e714f4ab23c3e20225d2b599ea	71afc0aa5221d3cd	-	{motive : Minidregg.Kernel.World.Reject → Sort u} → (t : Minidregg.Kernel.World.Reject) → t.ctorIdx = 14 → motive Minidregg.Kernel.World.Reject.outsideWindow → motive t
ctor	Minidregg.Kernel.World.Reject.overAllowance	5b05f1ea4e159a3dadeeabb55454851cca9052d42254edc2811a82305b09e4b5	4c4ec08979c528f0a56a8df7305b1abc7bfde2da39145b9d24aa94e37505424f	c4cd92bd63f4c76ae5c4eaa5971584894a16dc777a84754fba3fb923062b942f	a55ce7ed7bdeef7b		Minidregg.Kernel.World.Reject
def	Minidregg.Kernel.World.Reject.overAllowance.elim	6a56eb3821c4a28d448f837b5eb6d9abf182a3b4fed54ce0f83d5b12774a2232	841b1c57fc6a8c37e7665de74fc399c83c48ee87fd54358788ed2e1ff8e45ae9	e79f7eb61cb5790766b7e3a31e713c3b249bff62644a25dc703ceda391be88fd	2a1b0fb39cc855e8	-	{motive : Minidregg.Kernel.World.Reject → Sort u} → (t : Minidregg.Kernel.World.Reject) → t.ctorIdx = 17 → motive Minidregg.Kernel.World.Reject.overAllowance → motive t
ctor	Minidregg.Kernel.World.Reject.replayedTransaction	4e05cf85693bf8f7e5a0b71a8251df8ba16a2354ca54e9c727bc53c62d1c7b31	4c4ec08979c528f0a56a8df7305b1abc7bfde2da39145b9d24aa94e37505424f	e959862bbb7ae1021635379d915f441c1d24f80a854f853582efccbe8c0b74ad	8fa33fd03c317333		Minidregg.Kernel.World.Reject
def	Minidregg.Kernel.World.Reject.replayedTransaction.elim	402ae9e805025f6337983713c406b5561745dcfe425198683bd1618d5becf124	b92ebfc1b6814d50b616971f6081c828832f0ea963cfb7bf49d0b9fb604227dd	6bd04cdbc8e5a0f552135f426f78249c0354122753182afdaccff474c2718ae5	416d712f162fa04e	-	{motive : Minidregg.Kernel.World.Reject → Sort u} → (t : Minidregg.Kernel.World.Reject) → t.ctorIdx = 5 → motive Minidregg.Kernel.World.Reject.replayedTransaction → motive t
ctor	Minidregg.Kernel.World.Reject.retireNonEmpty	1e179927630f68815829a3c00b5e7bdfeafcdc73e0ff2ef88a6c0a166f3cd209	507c956ffd352102fba341064d10eff07569bb8fd1c3f0e792807abae8d189d9	fa62bfde508de231b0882e106fdec9172212952b053666dee290e4dfa3c6acfd	f88685a915a6334c		Minidregg.Kernel.World.CellId → Minidregg.Kernel.World.Reject
def	Minidregg.Kernel.World.Reject.retireNonEmpty.elim	46ce91fb72ce4f538b8d065d3a18ff8787e19d1640fb3d118e6e56e65088037b	7051d30ae88bb4cae6a7b4a2e5150f41d5794854f2a0ca5cc8f4f28b6595a90b	4001d369427d0e8e9ecba7728889fa33a1de717386cbb4b82bd2f5f52db6b569	5904b51dd86881b9	-	{motive : Minidregg.Kernel.World.Reject → Sort u} → (t : Minidregg.Kernel.World.Reject) → t.ctorIdx = 11 → ((cell : Minidregg.Kernel.World.CellId) → motive (Minidregg.Kernel.World.Reject.retireNonEmpty cell)) → motive t
ctor	Minidregg.Kernel.World.Reject.retiredIdentifier	822fdd9f319e5374299c962548807016d7c3e66aed6d06412c7e5823254ff287	4c4ec08979c528f0a56a8df7305b1abc7bfde2da39145b9d24aa94e37505424f	7054a17a8880854962fcc188dc8de4b220165524acf201afcbe603d7b2f85bf0	fed33ed495a3912e		Minidregg.Kernel.World.Reject
def	Minidregg.Kernel.World.Reject.retiredIdentifier.elim	fd50684d481b0a3bf99c1a2842b92e7195713c623121039ee9f408d426585f38	bbe05a9923fea04d2ec43e1e45540daa94ddc7bf8c46df5b3e4c66b58fe6a539	696ef982166e154643eeaaf28fb49c1ae9808d764044292cadf2c5506eb1189a	1d52e05f96f51ca0	-	{motive : Minidregg.Kernel.World.Reject → Sort u} → (t : Minidregg.Kernel.World.Reject) → t.ctorIdx = 6 → motive Minidregg.Kernel.World.Reject.retiredIdentifier → motive t
inductive	Minidregg.Kernel.World.Resubmission	327ac9b3c0c47bb2e08da0aff3b51edb92665b607f1085976a051116d01c36b2	16946b93ac38405660f51e475eb5aa7d25b54f5e5677e0f6a10a4526cc071cbf	a5d37af634e0f49c8f0c8c0a60765ed85fccc4b26e29d8e0dbdb1ec2de1da8a8	b6fe1f9b966e0bf5		Type
ctor	Minidregg.Kernel.World.Resubmission.conflict	7939d64be72474916d9c48222bad693304995461eb6219b4bb243781fe81e708	bd9107e49035d76b2a011bd45eb71e2135e0771b1f6f33b498bbedc1b6dad125	a906d4ccca981134a8979eb68e927340e9336cb38e1c95132b889ed9e8ed45ef	8c71c1c58eeb97cc		ℕ → Minidregg.Kernel.World.Resubmission
def	Minidregg.Kernel.World.Resubmission.conflict.elim	d0bae7fba9b37d7a9d774e6aae96445b41286c28b268d0db638c950fab561648	76838f5b63bd39e2a659977737f38281a7a397b09ef93a5a5bf0c80f13490946	04669575abf5ec47a0804e7fc7e54b3728bb5e5db6890b25b4228046d38b66fe	ccb502c67b57a464	-	{motive : Minidregg.Kernel.World.Resubmission → Sort u} → (t : Minidregg.Kernel.World.Resubmission) → t.ctorIdx = 2 → ((height : ℕ) → motive (Minidregg.Kernel.World.Resubmission.conflict height)) → motive t
ctor	Minidregg.Kernel.World.Resubmission.fresh	0c9dc2dc827cb7e44323bb0ae607b9bd867f103f75c46b9e1607536303904cb8	29f536db523a8998e1015c37e54e569ed25a0c16725db4de1013b6e4fc0d090f	f6a692da32026e743469b3eff007dd6c88da2ab4906479aa3d505b628a17873a	737096e649bc8a50		Minidregg.Kernel.World.Resubmission
def	Minidregg.Kernel.World.Resubmission.fresh.elim	8167fce425882dcfa7f903f45f3a1a4b1bf95d669e1c5536d7c871f256730783	a024a1038d68e0cd697036f7fd1c0bd68c6052c6557b2fb14bff70ee33b20f98	4f7cee440617fff8e2daf29a86e76dfdcbaad6ae863d333538abeb396dc0740f	b46a614b36fb8ca9	-	{motive : Minidregg.Kernel.World.Resubmission → Sort u} → (t : Minidregg.Kernel.World.Resubmission) → t.ctorIdx = 0 → motive Minidregg.Kernel.World.Resubmission.fresh → motive t
ctor	Minidregg.Kernel.World.Resubmission.replay	0c72d44676cc7c4cf727ad8d402797159daac8d030c25ca2bb77b4f8b4f5f76d	bd9107e49035d76b2a011bd45eb71e2135e0771b1f6f33b498bbedc1b6dad125	ece8266ddb2a952ffe523f3bb5925f9f1ad6b8b997d0b1632ef807a6bc2a113e	2085d493bef8004d		ℕ → Minidregg.Kernel.World.Resubmission
def	Minidregg.Kernel.World.Resubmission.replay.elim	f8960d975812413a9a8ce9c7218b1fe5d68cc0ee4ed3e3f145ca07d2626316d6	b3facee50b638256ff1b62dcf5dcd9a12f4f9ea9409c6d9fb099a14c56229be8	5b16eb867396b8c49b6b97b9bc4c8f2f93d241b9c8f38fa2f249e3ea312bf999	b67d5e7ff5d94563	-	{motive : Minidregg.Kernel.World.Resubmission → Sort u} → (t : Minidregg.Kernel.World.Resubmission) → t.ctorIdx = 1 → ((height : ℕ) → motive (Minidregg.Kernel.World.Resubmission.replay height)) → motive t
inductive	Minidregg.Kernel.World.RomExample.Space	52381099e69bfd588e5a1616f6ff44ef2afa16c4eef0027225279f95ebe2f1ab	16946b93ac38405660f51e475eb5aa7d25b54f5e5677e0f6a10a4526cc071cbf	8e97f8e426a764ef9ff4db63627a9558939cc61432568419fe663733c2136826	c2015666fcef221a		Type
ctor	Minidregg.Kernel.World.RomExample.Space.code	ff6adc7bb47201b4ce480e55c3a810e1b5a14448ecfb35b21825f7490cbfd2e5	16228bb0532c89a03211849093e4be6d1444819cfbbd232f2fb663dbcb1cc4ba	f9bf6db834b73bb86031116df905e08942708fe422137cf7a10490a0dd9978df	693ec51d34e9d371		Minidregg.Kernel.World.RomExample.Space
def	Minidregg.Kernel.World.RomExample.Space.code.elim	9555b7305750ef0d1c728f510d2a278bd35b2c32e33b0190758388988e321759	214217f0407ed7ac4313ef0f186a04f269abc0e8f965e177b1b055eee45b9100	c0e505d467871ce616095ec4d3d1a84c086dbf022139aa3c6787eb31d4af65d7	488e4e4c5f053e97	-	{motive : Minidregg.Kernel.World.RomExample.Space → Sort u} → (t : Minidregg.Kernel.World.RomExample.Space) → t.ctorIdx = 0 → motive Minidregg.Kernel.World.RomExample.Space.code → motive t
ctor	Minidregg.Kernel.World.RomExample.Space.heap	b97b20542bbb06fae38fa3581398f5e945bf80e7d875f38caa88494921a8d6f4	16228bb0532c89a03211849093e4be6d1444819cfbbd232f2fb663dbcb1cc4ba	8fc5346ed4204967fb5fe7c1345ffd8005e7b64da7d0cf5bb10f38ab6222c90d	710ad402e25d0910		Minidregg.Kernel.World.RomExample.Space
def	Minidregg.Kernel.World.RomExample.Space.heap.elim	fdf7a9c99f7df98eff2aab0fbd5c8c0ede974223f3da64b330a3a8f538040704	246a5ec2dfcba24b1fc1c45b09f7e75578391eb0f70fa27f9de7f5c446885932	65ccabce232698912cf89423311d3b00556ca17099c9c16920de1c7d1717243d	92066d420aa3fe03	-	{motive : Minidregg.Kernel.World.RomExample.Space → Sort u} → (t : Minidregg.Kernel.World.RomExample.Space) → t.ctorIdx = 1 → motive Minidregg.Kernel.World.RomExample.Space.heap → motive t
def	Minidregg.Kernel.World.RomExample.Space.ofNat	50edda12672619d1c7503d7e6fb6544f83663e42b539f1d6ebbd581cf0581100	22a0c788021835db559465a25995aff60d6d28c720365253f39462c328312ef5	4b98326c13e3d44766b9638abd58246faee8f5cc9d466101291e8bdb82e08191	5a2feb85f745a40b	-	ℕ → Minidregg.Kernel.World.RomExample.Space
theorem	Minidregg.Kernel.World.RomExample.Space.ofNat_ctorIdx	59bfe1ae7d5616c614e01112319b455995932ec29f41403e118e95afdae1112b	c31c44be1906cbeedf24bee274fe18f180b4d5626537989bcee5e9eb2eac0211	32d2d7d59efe21c2ce9302b71d517b5272d0a56d217a7055100d383a325c26eb	dd6be162436ee6ac	-	∀ (x : Minidregg.Kernel.World.RomExample.Space), Minidregg.Kernel.World.RomExample.Space.ofNat x.ctorIdx = x
def	Minidregg.Kernel.World.RomExample.badImage	a65e2058fc78eedd4f811378a0fd678862e0ae12af13fb148d27681142d7b418	0469db791a7f9deacd0aaaa966693e7b6fdbec59d61eaa82b9515e167043bd57	27053cae95eb94baef3c86b1f3c1d1ae660b69dc715a505655526d747e979027	5205b657ab705b70	Classical.choice,Quot.sound,propext	Minidregg.Theory.Store.Store Minidregg.Kernel.World.RomExample.romLayout
theorem	Minidregg.Kernel.World.RomExample.bad_image_refused	7b0ebc0c6b2d04c35eea657ac4e338b2b9e9cc513acdfba7a2f8242ad9f3efa9	94e3c36ee39ba01878746e0cba305a9fb748dcadd11c3f2d5ce935e79fdf61de	ff4cf47966378b4575667a4eabe5dccf49ac54d3da7a0868b577633188b8b148	42c8b11c0eba26e4	Classical.choice,Quot.sound,propext	Minidregg.Kernel.World.rejectOf (Minidregg.Kernel.World.World.admit Minidregg.Kernel.World.RomExample.romH Minidregg.Kernel.World.RomExample.g (Minidregg.Kernel.World.RomExample.birthOf 1 Minidregg.Kernel.World.RomExample.badImage 16)) = Option.some (Minidregg.Kernel.World.Reject.imageNotRom 0)
def	Minidregg.Kernel.World.RomExample.birthOf	6217e7cfcec5bfe7e2b54d702e70cdc534f891525f8beafa96c988464add2dc7	322f7bc1fde8421b3744b02321936fe55dc32b332d978108f1cff0ced8087fb4	416c3491424e5faaf74bfcc34fbbf02f0c57ee59e3d441b4396c0e2005c2c807	3193fbe16476e956	propext	ℕ → Minidregg.Theory.Store.Store Minidregg.Kernel.World.RomExample.romLayout → ℕ → Minidregg.Kernel.World.Turn Minidregg.Kernel.World.RomExample.romR ℕ Unit ℕ
def	Minidregg.Kernel.World.RomExample.codeAt	4771026973abb5adf4f7075b595e50949d5c3748cfab40c418a595e2abb05094	4c1642ad9f523d95dd2dcae4686e7cfee85b9ecc4a8799b9bd89be2a21e6123d	379d09d1b826f61bf008c5730abae8f6d91e910deec62bfaa049c5accb9ea1f9	7872864ec4bbaba5	Quot.sound,propext	Minidregg.Kernel.World.World Minidregg.Kernel.World.RomExample.romR ℕ ℕ → Option ℕ
def	Minidregg.Kernel.World.RomExample.g	2a3ca80b115d53fb956e8257045e3e304c4ca8f684828279d04a72025b36e64f	03e8d4fb6464f239cda40d5e997aa0fb2101564b0b33c8675a3fc3a12b996a41	6200e3ca74198a766cc5d6ab9e032e6c938088a131d7b43e93c6784cd67aa67f	37f0e3169078920c	Classical.choice,Quot.sound,propext	Minidregg.Kernel.World.World Minidregg.Kernel.World.RomExample.romR ℕ ℕ
def	Minidregg.Kernel.World.RomExample.image	ff8e2cdbd63967b9b9578cd3761a4ed09092b46aad0a7145fcb08ccb2f323569	0469db791a7f9deacd0aaaa966693e7b6fdbec59d61eaa82b9515e167043bd57	48ce210d8b122c152d672824f578ca9eb3f96164bed8bdf031a6e9d23e2fe814	e803f2ccf7ff8144	Classical.choice,Quot.sound,propext	Minidregg.Theory.Store.Store Minidregg.Kernel.World.RomExample.romLayout
def	Minidregg.Kernel.World.RomExample.leg0	5ae045e4f80bc2c2287fbb03425280aaed619cc4601e3badc5baf28eb6961e3e	07d7b45f0bb897e2d042b943774f1c920ec0f38b31fe4aac197ed2d55fcc80a8	6c7bc0b7880adfc94bd73d41a3d2620c9912263e6292521d29e996626af853c9	5bcbf9683f77d737	-	Minidregg.Theory.Store.Patch Minidregg.Kernel.World.RomExample.romLayout → Minidregg.Kernel.World.Leg Minidregg.Kernel.World.RomExample.romR
def	Minidregg.Kernel.World.RomExample.legTurn	0f5b1822712b7117a0b400f4aeff8c7ac1f3ac7f02b8d1699f4df91ad46292b7	97c38ebca63b02500325974722bf92767dce7132f0977f5362ffb447b87ea8f9	5dedd74b29d52b54a6b756225236b8a37f1884761612367d6e4241fae991599c	74aeb7b62b04c973	propext	ℕ → Minidregg.Theory.Store.Patch Minidregg.Kernel.World.RomExample.romLayout → Minidregg.Kernel.World.Turn Minidregg.Kernel.World.RomExample.romR ℕ Unit ℕ
def	Minidregg.Kernel.World.RomExample.romH	210227375e2829451bbe23960a708fc750aae6920978e4d43952441e5bb099ab	123a170a656766c71bd3f5d7bb156f8d5d30fe294f2961b935708fdf4b74a51c	3572245458bae5c52fc128d0e8132ba4e6bfcbf5ac8059654fabb348dfaf8d58	8e93bf335c1bdc57	Classical.choice,Quot.sound,propext	Minidregg.Kernel.World.History Minidregg.Kernel.World.RomExample.romR ℕ Unit ℕ
def	Minidregg.Kernel.World.RomExample.romLayout	a65d2dc5fc1ce53d3af73e5aa32111db1c9b3cb8050835acfbddabafc90cc535	dad500dfb65855651d9c20aebc7c049ff4c45e048a2aac0189bf686476ee35b4	9e7562a9b5030f9480bbf5cab8f120e510109b8df21819009e7c2345102dcf10	50e029f98bf88e5f	-	Minidregg.Theory.Store.Layout
def	Minidregg.Kernel.World.RomExample.romR	6e27c8578d4aee38eb6861233c760cef3b0e55ebb2c1b1b8b5d7fb788bd40f80	7d324b4f648226cce9e18b0b4b647ca4dfa86883d4d66b64ac59de0ef11dedba	75da744c80d3ca572e53896987ea33e628d2f37aac535d89fc040beee6bbefc5	159f09d311053e1d	-	Minidregg.Kernel.World.Registry
theorem	Minidregg.Kernel.World.RomExample.rom_birth_admitted	230a6a6c61eb064e34c9bb6099feb7b7373c93aed404db44f939b60fa1dc15fc	3a0ebf441a69985dab136a496ed4133bef031767fb3b909f86fc420a633a23c4	5763950aee102be08c01cf7d16b5eb07faa9e827c0bba45ddb51c436f00f1b6b	cf131d3e6a54a230	Classical.choice,Quot.sound,propext	Option.map (fun w => (Minidregg.Kernel.World.RomExample.codeAt w, w.meter Minidregg.Theory.ResourceCost.Lane.storageBytes)) (Minidregg.Kernel.World.World.step Minidregg.Kernel.World.RomExample.romH Minidregg.Kernel.World.RomExample.g (Minidregg.Kernel.World.RomExample.birthOf 1 Minidregg.Kernel.World.RomExample.image 16)) = Option.some (Option.some 42, 48)
theorem	Minidregg.Kernel.World.RomExample.rom_cell_ram_written	99aff6d07d643cd813ba4e94cd26b2be6c395904352f0bd800d3571e5cac268d	b4699ebe87b0756a580a025557c8e66f46236b39b38b7ee5a4ba89e1e88a8d31	3a6bff57d1ab4ee0f04307372f90419098a68c763b36d702c3b2d8d7e466ed43	f8ebe0590021add5	Classical.choice,Quot.sound,propext	Option.map (fun w => Minidregg.Kernel.World.rejectOf (Minidregg.Kernel.World.World.admit Minidregg.Kernel.World.RomExample.romH w (Minidregg.Kernel.World.RomExample.legTurn 2 [Minidregg.Theory.Store.Op.read Minidregg.Kernel.World.RomExample.Space.code 0 (Option.some 42), Minidregg.Theory.Store.Op.allocate Minidregg.Kernel.World.RomExample.Space.heap 0 7]))) (Minidregg.Kernel.World.World.step Minidregg.Kernel.World.RomExample.romH Minidregg.Kernel.World.RomExample.g (Minidregg.Kernel.World.RomExample.birthOf 1 Minidregg.Kernel.World.RomExample.image 16)) = Option.some Option.none
theorem	Minidregg.Kernel.World.RomExample.rom_overwrite_after_birth_refused	eae681f0f320710790c38f760ec9a8bcdbc459e70d98a7d627363bb77ef8c39b	6906772f48308522a58383a318028524c9edc57a18005ddf8722f669ba9aa010	7df9e8a36218980c879a3c27c1f270dcebddf80a51e44de8bd42401b663bbe7b	e562850057f29ff7	Classical.choice,Quot.sound,propext	Option.map (fun w => Minidregg.Kernel.World.rejectOf (Minidregg.Kernel.World.World.admit Minidregg.Kernel.World.RomExample.romH w (Minidregg.Kernel.World.RomExample.legTurn 2 [Minidregg.Theory.Store.Op.write Minidregg.Kernel.World.RomExample.Space.code 0 42 43]))) (Minidregg.Kernel.World.World.step Minidregg.Kernel.World.RomExample.romH Minidregg.Kernel.World.RomExample.g (Minidregg.Kernel.World.RomExample.birthOf 1 Minidregg.Kernel.World.RomExample.image 16)) = Option.some (Option.some (Minidregg.Kernel.World.Reject.guardFailed 0 0))
theorem	Minidregg.Kernel.World.RomExample.rom_write_into_existing_refused	6a898a3f6a8793980d8d08e354c1a25ceeaaa54ebb604c1a27a4d0fddf012249	df93abfe2ef72a03b94397bc9f623bf93eb1fa1c3646804109a2da5e94751430	8cc225750aa14a979074d9a61046abbcbbaaad2c432332e4739fcf3db4cf465d	e04463e0ae2073b5	Classical.choice,Quot.sound,propext	Option.map (fun w => Minidregg.Kernel.World.rejectOf (Minidregg.Kernel.World.World.admit Minidregg.Kernel.World.RomExample.romH w (Minidregg.Kernel.World.RomExample.legTurn 2 [Minidregg.Theory.Store.Op.allocate Minidregg.Kernel.World.RomExample.Space.code 0 42]))) (Minidregg.Kernel.World.World.step Minidregg.Kernel.World.RomExample.romH Minidregg.Kernel.World.RomExample.g (Minidregg.Kernel.World.RomExample.birthOf 1 0 0)) = Option.some (Option.some (Minidregg.Kernel.World.Reject.guardFailed 0 0))
theorem	Minidregg.Kernel.World.RomExample.uncharged_image_refused	9d447e82161c33e6239abd54c63614e027ea87681793c91dfe053c9ffd845b11	41d9ea4a3c92b7a2d2b7ff9a68596be6ac03a26459e6f1f4170a2f7758782756	a1933a55ca95a3be6c870e03abfb39034aab1f8d6577fe2e97a89adb716bf7d7	f14e5d2660b05ae3	Classical.choice,Quot.sound,propext	Minidregg.Kernel.World.rejectOf (Minidregg.Kernel.World.World.admit Minidregg.Kernel.World.RomExample.romH Minidregg.Kernel.World.RomExample.g (Minidregg.Kernel.World.RomExample.birthOf 1 Minidregg.Kernel.World.RomExample.image 0)) = Option.some Minidregg.Kernel.World.Reject.chargeMismatch
def	Minidregg.Kernel.World.RomOnly	6b9d8b8eb58db89beaa4110a38dac7b7c032575f16eb14fbd93ecdb46bc07dd9	e45d3ac3e6eb52530864461377a61dd19744fbdf85dd9584841849b01aeebf9e	0310ccc2ba4ab26fc4dad47059092f5b94116ce07145de04b6b6ae3f2f11796d	04dbfa43c087ba9a	Quot.sound,propext	{L : Minidregg.Theory.Store.Layout} → Minidregg.Theory.Store.Store L → Prop := fun {L} s => ∀ (a : Minidregg.Theory.Store.Address L), s a ≠ Option.none → L.discipline a.fst = Minidregg.Theory.Store.Discipline.rom
def	Minidregg.Kernel.World.Shaped	5986f99adbf264d31ebf48d3f68a0be1bea27ef4f3fc563de918154e07fa4fda	002c03ae62fc90ac9c93cd1c4716689d426d2895e47ec804eaf12b13015a3866	d4d6e680f5e7b6eb03118ea5f9fcfdda66c1b77a28b53bb29e0eb8fe3ba3749b	99a32a881afc9cb7	propext	{R : Minidregg.Kernel.World.Registry} → {TxId Ev D : Type} → Minidregg.Kernel.World.Turn R TxId Ev D → Prop := fun {R} {TxId Ev D} t => ¬(t.legs.isEmpty = Bool.true ∧ t.creates.isEmpty = Bool.true ∧ t.retires.isEmpty = Bool.true) ∧ (List.map Minidregg.Kernel.World.Leg.cell t.legs).Nodup ∧ (List.map Prod.fst t.creates).Nodup ∧ t.retires.Nodup
def	Minidregg.Kernel.World.SysKey	dd8b578f5d68a6f32a07ed91ae5e0bf7e354b62de2a8292af5b6c04937377102	475df4d6781f4da9b27ac506a02c5e9923e9163e1c4619087781a86f5113cb72	4068943e506b72afd50385e575b4d3493edeb71e6987ade4c2483f35e56b0e31	6c66ac85bf74b0ed	-	Type → Type → Minidregg.Kernel.World.SysSpace → Type
inductive	Minidregg.Kernel.World.SysSpace	f8a21dcfeb006e0b5f38f46d8702d95bea6880dbdd309b5af8ddb99490cdae94	16946b93ac38405660f51e475eb5aa7d25b54f5e5677e0f6a10a4526cc071cbf	1690cb9314acb5da0581f54203dc4b97fbb63d1072712872caeb191536c75f70	918d5f68bd8c7e8c		Type
ctor	Minidregg.Kernel.World.SysSpace.allowance	5a724ece10b2e0a2a599019839f01fbd5e69dc8c3c7c0972d1d6c39cc0b205e4	a60f21eb3cd33752001b3d172ba1daaa45719e48260e22ee424e7965c603ff81	89d4e0b8582d3215c0e382738d3088cf3fbf8e90903271dc306be51405d886e5	a13a9aa869729a90		Minidregg.Kernel.World.SysSpace
def	Minidregg.Kernel.World.SysSpace.allowance.elim	ff0fe3c4cbeb0173330ddc72f89f1f96ef24978adc6da81e0afbb71c36a8268c	8284b01a7e21aea38c99a1fa1b5661b82c733eabd29e53196650643d82f7142e	5c7babdcf3e035724dd3856236e824214a973081828a0203c1f9f3037a9813b2	92c50c1032756f42	-	{motive : Minidregg.Kernel.World.SysSpace → Sort u} → (t : Minidregg.Kernel.World.SysSpace) → t.ctorIdx = 5 → motive Minidregg.Kernel.World.SysSpace.allowance → motive t
ctor	Minidregg.Kernel.World.SysSpace.head	83b6cc12d1e2e0ee828a6737670ef34914290f2d3a7fac18b549c32d9e5b6647	a60f21eb3cd33752001b3d172ba1daaa45719e48260e22ee424e7965c603ff81	79bdc2b62296295f192d0708bac34426c543ba8d8b5d383263a732f68636cffd	ebdcdae1260fa243		Minidregg.Kernel.World.SysSpace
def	Minidregg.Kernel.World.SysSpace.head.elim	90392dcd3ffa704fc500a5ed643d320da3fda79515e43f13028ba2a5a9c7e5b3	20f2ab79074ff8ef9a6213c8f5d122820af0d2173807badf11109dfbea768923	dd4dc564756df1b1b30a7eb6a16bd6d469d6df21385b729642e597f87a4c7f6b	5c1c36b95cf73a50	-	{motive : Minidregg.Kernel.World.SysSpace → Sort u} → (t : Minidregg.Kernel.World.SysSpace) → t.ctorIdx = 1 → motive Minidregg.Kernel.World.SysSpace.head → motive t
ctor	Minidregg.Kernel.World.SysSpace.journal	2007948e7a0fc1158ca50095f9f8570262f1104fec83b1b9d55f283557ff590f	a60f21eb3cd33752001b3d172ba1daaa45719e48260e22ee424e7965c603ff81	a4ef925c9faacb902ca5a854a29f8d065cab7e6f565d0546189095d27f50af10	1ea1ba91a0be3035		Minidregg.Kernel.World.SysSpace
def	Minidregg.Kernel.World.SysSpace.journal.elim	41f3e4399b2172cc77def405cb4546bfd35ecb4091707ae9b562f848af3b4b99	4af22e4da74d3fccf87336c302deb6928eb6cbf8d78f856b16e7f0c2b1b364d2	ca5d4a9ddf2369ba8ccbf27793665749e046e67d90d2ea45ee2f767a6f19af06	740b26cd7493532b	-	{motive : Minidregg.Kernel.World.SysSpace → Sort u} → (t : Minidregg.Kernel.World.SysSpace) → t.ctorIdx = 0 → motive Minidregg.Kernel.World.SysSpace.journal → motive t
def	Minidregg.Kernel.World.SysSpace.ofNat	90d4b2f61b21d88649fccdcf21ffd2c6f97ec57fb978fe12e9bd42b9ee937b88	a0fd8333cbb5d9ef94033e385979687b4706ee63002286a33d07345245527b69	dc712639c0f1000305baccc731ae644972090cc404ed13cdd5169d5ab7a3ee93	24d049c62b722541	-	ℕ → Minidregg.Kernel.World.SysSpace
theorem	Minidregg.Kernel.World.SysSpace.ofNat_ctorIdx	9b0fec6414d80e779fb43358f0b6f406f5f37e5c98a8b10e8320a21fccaa3cab	34f4a5481b465ffee9094ef67fe458b3c4c5ae1f3ebf31b6fc1f1534a88ed876	8a2dae7a0b915093c3c3dcf8d1fa5f1fc08907759b314c408604abb476da8a69	4476833f17f9f9e1	-	∀ (x : Minidregg.Kernel.World.SysSpace), Minidregg.Kernel.World.SysSpace.ofNat x.ctorIdx = x
ctor	Minidregg.Kernel.World.SysSpace.parent	9b806cbd979370342520b9c58b2db64788c14a31fdb14e7a2b41e5bd04d32739	a60f21eb3cd33752001b3d172ba1daaa45719e48260e22ee424e7965c603ff81	63264c722cd828bed462a90b43b3cbf036e80ccb095bd9d59e6fd97f14550dfd	820e7f78e331f3c5		Minidregg.Kernel.World.SysSpace
def	Minidregg.Kernel.World.SysSpace.parent.elim	e6c46d635eaf26e5af43b51ff694af762f992d12a1120b87efa28765ff96e88d	68af28188eb531bac1d0f80017bf37a69b15c3afe4036e46978711042acb2df7	8d8f415ed032c7403159a502b43b3d8049fcadde96e71b783f9fb2b6fa7bdfa4	5c53893b665733cc	-	{motive : Minidregg.Kernel.World.SysSpace → Sort u} → (t : Minidregg.Kernel.World.SysSpace) → t.ctorIdx = 3 → motive Minidregg.Kernel.World.SysSpace.parent → motive t
ctor	Minidregg.Kernel.World.SysSpace.retired	904701eab61c1123a70c2862aeb323d99cbc157123cfa73035edd3a8db6bcc25	a60f21eb3cd33752001b3d172ba1daaa45719e48260e22ee424e7965c603ff81	88ae71c3793927a1f525b460d3c8483d68639bd52099a2cc28bcba62b9853702	7891a4a365ecd7ef		Minidregg.Kernel.World.SysSpace
def	Minidregg.Kernel.World.SysSpace.retired.elim	4c1ef90ed3378077076024d9401197fec2eaaa6a5ea6c5530cc2a88124ca49c9	7d6fecbe9c6b34e7ab764c9d1af4442132783a1e99243989504b9787f9cb158b	0ceaf808ff7a8722ee4ff6405ae33f0e3f469d22fa79c04c22ba75aa74ab7acf	84ecc24a356b009d	-	{motive : Minidregg.Kernel.World.SysSpace → Sort u} → (t : Minidregg.Kernel.World.SysSpace) → t.ctorIdx = 2 → motive Minidregg.Kernel.World.SysSpace.retired → motive t
ctor	Minidregg.Kernel.World.SysSpace.spent	caf4be34f5e43d7996adbbae8b4337c4e7ec40c72a549758950cb7c824103a58	a60f21eb3cd33752001b3d172ba1daaa45719e48260e22ee424e7965c603ff81	1f5e48ae30d4ec2761b622511c0e4b09ae2f1d9f9d8547662f42c83583253ae8	40f8e5d0f43276d6		Minidregg.Kernel.World.SysSpace
def	Minidregg.Kernel.World.SysSpace.spent.elim	a379cd5ec7d5e6f06e98fb95fac848f00bf35548e30ee1ff8151238a57b53ef3	05faff39292f88cdd8ab750ab6552f8e6e8a4b6d82cc7788e535f78698e45b50	40ba4395f223f70ec7ba9f60949fd9dee42c316bb1b2e232330a33f6567cd660	e436d703d9dad9f1	-	{motive : Minidregg.Kernel.World.SysSpace → Sort u} → (t : Minidregg.Kernel.World.SysSpace) → t.ctorIdx = 4 → motive Minidregg.Kernel.World.SysSpace.spent → motive t
def	Minidregg.Kernel.World.SysValue	a23619f59196a72013e24a1762ff773a55ed16b5e47c4b571f6f3eda7cba8c0d	92822942f25bf87a5c53151abe918af5652e0c3d6fbbc67c3034ebea139739e4	78dfcf507270ac1013ee5b4f1779589ed3389e5898aa5a776e9320cbb0f5acb9	7dcf780ec7bc5f8d	-	Type → Minidregg.Kernel.World.SysSpace → Type
inductive	Minidregg.Kernel.World.Turn	67b8c36e4d980c602d23adadfe0f459353d3f12629e627c39f2bf83a862b33a4	165d272e68ba90024b03e126150f2e473d6d2dbf62cd26897264cd340d997deb	228be4ceedd5bb1cb56847ae9cd686db35e011244aa173ac745ebb7403a536b5	56b15475438ad381		Minidregg.Kernel.World.Registry → Type → Type → Type → Type
def	Minidregg.Kernel.World.Turn.capability	0f1cc64c4c48890e68158228d670b664719d0fa679033e092f043b2402f6c023	ded85f38db426c1034c8d7e420d41594540bad9ab9fd847f2cc7fcc0f9c5da84	aef5662b9dc8bf13380774d1a6ff92343ae426773310f18385c5d3e48173c6fb	1645a84d99d2bce7	propext	{R : Minidregg.Kernel.World.Registry} → {TxId Ev D : Type} → Minidregg.Kernel.World.Turn R TxId Ev D → Option D
def	Minidregg.Kernel.World.Turn.charge	625ffb1461e1e3bb1e17848b31019f9ccdace3e75032c7c30b5ba7bed6292b21	a04cfa54c0cfd8dac7bada06030f3cad0934c6d8c5b70ac668af8294a1d70f7f	d985624a5e13bd6936d9e6045342ab135f5a85117a7f128d603fe0f96def1e2b	38c330195225a02b	propext	{R : Minidregg.Kernel.World.Registry} → {TxId Ev D : Type} → Minidregg.Kernel.World.Turn R TxId Ev D → Minidregg.Theory.ResourceCost.Charge
def	Minidregg.Kernel.World.Turn.creates	2d4692ca6c3fc0c865dd5b13b3abaa0e4f322832bf03e7304b24a36bcadf1fd3	84a072391a997d0a4934c5204e5601d577156b16bf3d9e50febb871a4ace81b6	7327c1d4d0a57ce6633cd73fa8e27b262d23c47a65f8a7cdfb6897d96447cd94	7f4b0ee555b07439	propext	{R : Minidregg.Kernel.World.Registry} → {TxId Ev D : Type} → Minidregg.Kernel.World.Turn R TxId Ev D → List (Minidregg.Kernel.World.CellId × Minidregg.Kernel.World.Cell R × Option Minidregg.Kernel.World.CellId)
def	Minidregg.Kernel.World.Turn.event	48dfcf55dcbc361f3bb03369f833727363a201d2718509cfd4aca7f93924f79e	60dd73a4ae00ebd812c8c084b89319a8daca262cb60bd2236cc2c8651ec5331d	c28b7cfab0885cd557798e746a17f3fbcadcee207ad2a8f35bb5c3568543ac41	fd3af3ca764345b1	propext	{R : Minidregg.Kernel.World.Registry} → {TxId Ev D : Type} → Minidregg.Kernel.World.Turn R TxId Ev D → Ev
def	Minidregg.Kernel.World.Turn.footprint	39553621f1df1297b9dcc7e818226a5773eb0fc7a3a1a85d7211a36508bd6bfe	c89ff22de2a65b6b85244b4f400ecb0942b6092d74f2fcc8b64da79b8414b65f	f69322af4b426928b1a2ca8e522e79ff31fa85f743200dff8cd19c64803d8559	b90f11cd37c16686	propext	{R : Minidregg.Kernel.World.Registry} → {TxId Ev D : Type} → Minidregg.Kernel.World.Turn R TxId Ev D → List Minidregg.Kernel.World.CellId
def	Minidregg.Kernel.World.Turn.keyEpoch	fefd3048bc58e240900e9a34417ad1df777d286f858aab522eed37901d32a598	77cc475d5029b6331cf6fc132b122c59faf186d62e2a4872576d337b7b95ff00	a1fdd8e9434c6fb823017f749692ef14592aead612ed761bde965f1d9cadab82	2135356889bb7960	propext	{R : Minidregg.Kernel.World.Registry} → {TxId Ev D : Type} → Minidregg.Kernel.World.Turn R TxId Ev D → ℕ
def	Minidregg.Kernel.World.Turn.legs	41d028eee4416eaff7a89f516fc52d9791c3ac0a34142b4733f0dea549620706	825da13a85aadbe32c273a84782213cdd174289418efeca496ab5af27d8e9331	0f93e75b48c926c9ebceb864cd05841c100bd81494fbc415765a98dd3a2952a8	f0033669a6d1efca	propext	{R : Minidregg.Kernel.World.Registry} → {TxId Ev D : Type} → Minidregg.Kernel.World.Turn R TxId Ev D → List (Minidregg.Kernel.World.Leg R)
ctor	Minidregg.Kernel.World.Turn.mk	f514cbf19140523258b918cef99d2a0b07da2bf16889f56db1a305609e1015f1	775a4e129e67c829e0b4c4a13bf7875635fed217b275ca6e6520ecffd9c0bd79	d312e1420f29db75c560a1f00b1e44d053e96829862f642b70c84e8149a80642	64f79767f8e41c69		{R : Minidregg.Kernel.World.Registry} → {TxId Ev D : Type} → TxId → List (Minidregg.Kernel.World.CellId × Minidregg.Kernel.World.Cell R × Option Minidregg.Kernel.World.CellId) → List (Minidregg.Kernel.World.Leg R) → List Minidregg.Kernel.World.CellId → Ev → List D → Minidregg.Theory.ResourceCost.Charge → Option Minidregg.Theory.TypedAuthorization.SubjectId → ℕ → Option D → ℕ → Option ℕ → Minidregg.Kernel.World.Turn R TxId Ev D
def	Minidregg.Kernel.World.Turn.notBefore	01b5c6c0d0d714ce7a4487349f5f8785fd00e8fe57b446a6d0a7b88a8c3fb727	77cc475d5029b6331cf6fc132b122c59faf186d62e2a4872576d337b7b95ff00	750993be4917513c576b49f42d37f39f5ed332a6347771a4bb5bdc9b39b838af	7b8a380a6340bde7	propext	{R : Minidregg.Kernel.World.Registry} → {TxId Ev D : Type} → Minidregg.Kernel.World.Turn R TxId Ev D → ℕ
def	Minidregg.Kernel.World.Turn.nullifiers	67e4ea80c82ea6ecf0e41a3432f561753dc95ddca0d9163c70cfbf66b8949416	e948d5be943c9dd0175be8f2fb190c09ce3ab9ec7fcdf374e9c2833838244e61	5c1b35f78b0c7119c88149a7d43fc8795266d422355746949d08499b4e3df546	09a561dfe2779b86	propext	{R : Minidregg.Kernel.World.Registry} → {TxId Ev D : Type} → Minidregg.Kernel.World.Turn R TxId Ev D → List D
def	Minidregg.Kernel.World.Turn.parentRows	366a9d489b8eef73efae850ed6335d4069d74777fc9a4a047b0e42c61eafbf8c	82af31266341611a2f28cef875908b7368ded82bfedb974428a3143b051eecef	6634b03691c8e7c7b47019713fd1897ed60b6a85137ce3dedbd0b4bdb1f19154	936c558686b20efc	propext	{R : Minidregg.Kernel.World.Registry} → {TxId Ev D : Type} → Minidregg.Kernel.World.Turn R TxId Ev D → List (Minidregg.Kernel.World.CellId × Minidregg.Kernel.World.CellId)
def	Minidregg.Kernel.World.Turn.retires	25a395e8743af0153b44cfb7d17da3ca3cfd5486edfb7fe52f66b18da1a01ccd	c89ff22de2a65b6b85244b4f400ecb0942b6092d74f2fcc8b64da79b8414b65f	10897e646ec1a251585e59eac219b31ec0b291fb94de1f62a715cd5c1024c3b2	ab9b8152e67baeb5	propext	{R : Minidregg.Kernel.World.Registry} → {TxId Ev D : Type} → Minidregg.Kernel.World.Turn R TxId Ev D → List Minidregg.Kernel.World.CellId
def	Minidregg.Kernel.World.Turn.subject	e3994ede0dab9f05db84bfb65f63fd2899e1d88710eceb5c5f4d84e93a420674	798bf6e1969a060633b7637e4c4d63deb3e99aed741ae28a133ba71f15dbfcc2	333176aed28151309d0ca56e4bd7f33f1453e3010cc28c4924fa0ce0ef94201b	434ff101d579cd45	propext	{R : Minidregg.Kernel.World.Registry} → {TxId Ev D : Type} → Minidregg.Kernel.World.Turn R TxId Ev D → Option Minidregg.Theory.TypedAuthorization.SubjectId
def	Minidregg.Kernel.World.Turn.txId	bea3749388f92051832fc28d06c098e8c279b02bbed5b6ce64cf9590e984a1ba	bf88e9758bd61f7aeaa7d4ff94b870872f293f046345fe63e8d26b5c7fb14959	fba8ec993639070a52fb5d67a2d8ce0a26d2e6d0da7064e11cabd554e59fbdc3	d4ce5afa0e9396be	propext	{R : Minidregg.Kernel.World.Registry} → {TxId Ev D : Type} → Minidregg.Kernel.World.Turn R TxId Ev D → TxId
def	Minidregg.Kernel.World.Turn.validUntil	931b658693a755cac2df8f3a67eba3deeff30a69e098e240d5f5fbf7c190c228	2b4d93c9744f73485271cef01002e4c3a3110d9d3956820646cc44c85a7980f1	d6d3e1ca93c204cab01eb4f08fc1d7f24c535553d571682c8dc380191249be42	4d5495d809640407	propext	{R : Minidregg.Kernel.World.Registry} → {TxId Ev D : Type} → Minidregg.Kernel.World.Turn R TxId Ev D → Option ℕ
inductive	Minidregg.Kernel.World.World	9f47559ef0c5642d8365cb3c9720903d02914a2578b6552f67ad9f7da22ac42f	41f2a8588064fe300b963c8deec2b0172baffed08d27b34b73574f00837ce024	a92fc74d69bf958c3c30541e76a65120a4765432c0d3b43b8f496f7903f0c2cf	c221e09e0c1b4633		Minidregg.Kernel.World.Registry → (TxId D : Type) → [DecidableEq TxId] → [DecidableEq D] → Type
def	Minidregg.Kernel.World.World.WF	e82af347f58777aa5dbe4ef5b12193038240a927b05b90737251c90ad0e5dd75	7c69fb91d2f8598d09c883d4bc846935996be1afcbfdba4e0843745872303e12	acd488d1388508de87b41d315cedab4e2eac4ed9d36ffbfce4bda75d4afbfa9b	135c3e2c9a7f1670	Quot.sound,propext	{R : Minidregg.Kernel.World.Registry} → {TxId D : Type} → [inst : DecidableEq TxId] → [inst_1 : DecidableEq D] → Minidregg.Kernel.World.World R TxId D → Prop := fun {R} {TxId D} [DecidableEq TxId] [DecidableEq D] w => ∀ (c : Minidregg.Kernel.World.CellId), w.cells c ≠ Option.none → w.retired c = Option.none
def	Minidregg.Kernel.World.World.admit	6efa89c0ed4e9cd2411e34f3449de2c5f197e351d20a0e82986c5537ecec6748	9e1e55880c03064d1d2480991e2c0cc908573feaab1a15120678d11b845848eb	394841201fd35453b7bea48f303e39a80a2a76a96306bb1b9f33a68365c4763b	a17c6187f6a8224e	Classical.choice,Quot.sound,propext	{R : Minidregg.Kernel.World.Registry} → {TxId Ev D : Type} → [inst : DecidableEq TxId] → [inst_1 : DecidableEq D] → Minidregg.Kernel.World.History R TxId Ev D → Minidregg.Kernel.World.World R TxId D → Minidregg.Kernel.World.Turn R TxId Ev D → Except Minidregg.Kernel.World.Reject (Minidregg.Kernel.World.World R TxId D)
def	Minidregg.Kernel.World.World.allowanceOf	d66a765d570a53c4005889f2632db97b71490eafc42ad507a0f91774332fa005	720d92eef20f9b2c75d598e569c5c446695645ec69c44bff8b61c69132b7b11e	5ad931b142026ea43737ca883428f9b1193b8358ce2926a8580c76b46a1fcaf6	6c05992eb4389f81	Quot.sound,propext	{R : Minidregg.Kernel.World.Registry} → {TxId D : Type} → [inst : DecidableEq TxId] → [inst_1 : DecidableEq D] → Minidregg.Kernel.World.World R TxId D → Minidregg.Theory.ResourceCost.Lane → Option ℕ
def	Minidregg.Kernel.World.World.cells	f22e8652b793f05711b306fe19fbf6663f235f1be0344fb30e7a050349bbd6cf	d72162b5faad055caa0c245e8d3f95c6f183ef44b7958f10bc3dc39c48eb926e	48d6b5660af77a815f90010a00d343750ead7a89bdef46135f1c2368748dc6db	328b05c4fd716cf0	propext	{R : Minidregg.Kernel.World.Registry} → {TxId D : Type} → [inst : DecidableEq TxId] → [inst_1 : DecidableEq D] → Minidregg.Kernel.World.World R TxId D → Minidregg.Kernel.World.Cells R
def	Minidregg.Kernel.World.World.head	4000bb494088b8d254320863cbac478625982277cc30d9269fb378d89eecf810	b7f2772920c3f73dccd922435f0dee14246e5f9e2e05b7746e70488482f7a1bd	ece8ec8d8e0a3b52d8e70c25a5f223e08a0b78de7a45edce436c2fbba2e27f4a	62be72fa93a13e1b	Quot.sound,propext	{R : Minidregg.Kernel.World.Registry} → {TxId D : Type} → [inst : DecidableEq TxId] → [inst_1 : DecidableEq D] → Minidregg.Kernel.World.World R TxId D → Option (ℕ × D)
def	Minidregg.Kernel.World.World.journal	2f20e34bee654da093aff308cfc7ce4c590dcb0a7d41f8806560dac67db1896d	a29641e89bd2b53e5f0bcd647800f17f3e90278763a2251684c7a6055e8acd1b	fa60f872745552503697ed5b4979d55ad9a57141ffdebdc0c17382f46d622310	ac5e43f3b970d5cb	Quot.sound,propext	{R : Minidregg.Kernel.World.Registry} → {TxId D : Type} → [inst : DecidableEq TxId] → [inst_1 : DecidableEq D] → Minidregg.Kernel.World.World R TxId D → TxId → Option (ℕ × D)
theorem	Minidregg.Kernel.World.World.mem_parentKeys	c6726c954575dad6b3596fa4984f8b787b9fbb20f03626b7ee49e902f4c8176e	a936d7cfd16dd393a8343e7189b66759ee8c46711b70621ce2dc3886ab4211f9	3a29e249c64f459b06b866085a54e86bdd930923ac870299c4c2d75b03fe4271	94c2d8b3821cb5ea	Classical.choice,Quot.sound,propext	∀ {TxId D : Type} [inst : DecidableEq TxId] [inst_1 : DecidableEq D] (s : Minidregg.Theory.Store.Store (Minidregg.Kernel.World.sysLayout TxId D)) (c : Minidregg.Kernel.World.CellId), c ∈ (DFinsupp.support s).biUnion Minidregg.Kernel.World.World.parentKeyAt ↔ (s ⟨Minidregg.Kernel.World.SysSpace.parent, c⟩).isSome = Bool.true
def	Minidregg.Kernel.World.World.meter	3dc53e1ddc1007571d319abee42d64c38020cbe4dbe85b5f85210ba553986382	4eb47e449a149325a41ac1bbf994eb6223287e9dd96e4f0935d4d41b59ce4f89	2526835f0707727430dcc25cd6443c58938fb41cd9807841c90d746340e6678a	23043f876a1261c6	Quot.sound,propext	{R : Minidregg.Kernel.World.Registry} → {TxId D : Type} → [inst : DecidableEq TxId] → [inst_1 : DecidableEq D] → Minidregg.Kernel.World.World R TxId D → Minidregg.Theory.ResourceCost.Charge
ctor	Minidregg.Kernel.World.World.mk	eadf831401bad2b04d85b6ce3771d8fc10a2178abe8e41b890311de4a1179117	552ce87368031985a919a7c0559fbb3a9af219a7c58d9821775ec61c8b34278d	e4b05be48c2c0641b8a20f7fd6f5b9cfd559a16a2cfc574a1aa2e37314a91045	65056b42a780c592		{R : Minidregg.Kernel.World.Registry} → {TxId D : Type} → [inst : DecidableEq TxId] → [inst_1 : DecidableEq D] → Minidregg.Kernel.World.Cells R → Minidregg.Theory.Store.Store (Minidregg.Kernel.World.sysLayout TxId D) → Minidregg.Kernel.World.World R TxId D
def	Minidregg.Kernel.World.World.parent	a5b401c40fad8b7e25076423dd36304d0ce41940a496963871992b76ae7ec4ab	1a36ca0fd79ea214a54d051efc20d99d2bbf1c3524022a8c73c585677a92c15a	4e6ea65895490aa4843a4ebbecbe0c3958659d9797fa2a0fb75a8c9885c86623	3693920b4958b6dc	Quot.sound,propext	{R : Minidregg.Kernel.World.Registry} → {TxId D : Type} → [inst : DecidableEq TxId] → [inst_1 : DecidableEq D] → Minidregg.Kernel.World.World R TxId D → Minidregg.Kernel.World.CellId → Option Minidregg.Kernel.World.CellId
def	Minidregg.Kernel.World.World.parentKeyAt	bfafe1cf2c5750084ca4a490ce364f01bf1d35072c645e56bdb4db803685a2b5	27ca8fb78b36107dde6907388934680338e117179fd1d24efebe700c1968bee3	acb013738b8e1dab1e347bad7183de86bf247c4267ffa55815b958f10978dc8c	4f16476dd52bf2dc	Quot.sound,propext	{TxId D : Type} → [inst : DecidableEq TxId] → [inst_1 : DecidableEq D] → Minidregg.Theory.Store.Address (Minidregg.Kernel.World.sysLayout TxId D) → Finset Minidregg.Kernel.World.CellId
def	Minidregg.Kernel.World.World.parentage	35474cbbd00bfd9f4b4d12d6132511cfa15baea1bbd64a4a7e4e17f2e67087bd	496730d32d58b5a122c2346cd112ff900c8c64afbd53916285a70a5f2e9b1f72	b4cd9a1dde617b7d6e67ada67bb58d4fd9ef720d4ccbc777bdbda808193b16e3	7e16257cb1ecaf4f	Classical.choice,Quot.sound,propext	{R : Minidregg.Kernel.World.Registry} → {TxId D : Type} → [inst : DecidableEq TxId] → [inst_1 : DecidableEq D] → Minidregg.Kernel.World.World R TxId D → Minidregg.Theory.TypedAuthorization.Parentage
def	Minidregg.Kernel.World.World.retired	e4611489d895753a32d24b8621fd2525063c1eb21904d35ec30491518b32e019	a7bdc1b30a25e91beaab21ae7de46c208d1379e10165c71df53462216f320d3f	9b0fc6da5bae2d7b21c245260abdc46449bab677564b6cab3af40fb97b9290c1	d73d6f68d9593735	Quot.sound,propext	{R : Minidregg.Kernel.World.Registry} → {TxId D : Type} → [inst : DecidableEq TxId] → [inst_1 : DecidableEq D] → Minidregg.Kernel.World.World R TxId D → Minidregg.Kernel.World.CellId → Option Unit
def	Minidregg.Kernel.World.World.spent	d9c0895d019e4729954891a5ed0ea7c05fe1056a3b1e893fa170f36ac4287cda	1c43d79c0aba78747ddb9e0182f4ef397c30cee159fbd9a3a960325de05232af	6376df22012a0833a4e559a847a9a3b80827af537b802e6d9b3311f83ff8d125	efc27703de95677a	Quot.sound,propext	{R : Minidregg.Kernel.World.Registry} → {TxId D : Type} → [inst : DecidableEq TxId] → [inst_1 : DecidableEq D] → Minidregg.Kernel.World.World R TxId D → D → Option Unit
def	Minidregg.Kernel.World.World.step	6b7ddbfcdf8083398093215808a9309f173be255f3b6ec81ea15ef86f519bad4	3d5162f612da04ad3db00c12c830b95f5a2cb637ce339b8b368fa2c7a941085c	7faac61991f007e8a81a9d15d8c1c921bfa2a56ca138b4a7da793c09230c1d91	73b757822c027ac4	Classical.choice,Quot.sound,propext	{R : Minidregg.Kernel.World.Registry} → {TxId Ev D : Type} → [inst : DecidableEq TxId] → [inst_1 : DecidableEq D] → Minidregg.Kernel.World.History R TxId Ev D → Minidregg.Kernel.World.World R TxId D → Minidregg.Kernel.World.Turn R TxId Ev D → Option (Minidregg.Kernel.World.World R TxId D)
def	Minidregg.Kernel.World.World.system	8787d325a18fa10b93f2d5c49f10256e8cae3d8f2e65d112e288fb6fef373700	bb4d179b49b6f177ddf398b3baed348cd6cf14fe5b371adf456136d4bc632fd1	fee76d6286f9cd28078d1154d13039048cab47199670164ac0cce8b9a2d27300	27781caaefe54bd6	propext	{R : Minidregg.Kernel.World.Registry} → {TxId D : Type} → [inst : DecidableEq TxId] → [inst_1 : DecidableEq D] → Minidregg.Kernel.World.World R TxId D → Minidregg.Theory.Store.Store (Minidregg.Kernel.World.sysLayout TxId D)
theorem	Minidregg.Kernel.World.admit_of	6f72511ca9090e4e862bf3a981c87d02f3cb65f03cdc25f92009d93a9528fe8a	68f041eabc19cad106efc0d4b6df2aa4947074289830b290ebd57f9cc2acff45	374c241c32944b4ecaeb17487a481e3b5e4f7602cf926b82dcf6e4e94492e194	fb18479a8844621a	Classical.choice,Quot.sound,propext	∀ {R : Minidregg.Kernel.World.Registry} {TxId Ev D : Type} [inst : DecidableEq TxId] [inst_1 : DecidableEq D] (H : Minidregg.Kernel.World.History R TxId Ev D) {w : Minidregg.Kernel.World.World R TxId D} {t : Minidregg.Kernel.World.Turn R TxId Ev D} {height : ℕ} {logRoot : D} {cells : Minidregg.Kernel.World.Cells R}, Minidregg.Kernel.World.Shaped t → w.head = Option.some (height, logRoot) → w.journal t.txId = Option.none → Minidregg.Kernel.World.turnCheck H w t height = Option.none → Minidregg.Theory.Store.Patch.ValidFrom w.system (Minidregg.Kernel.World.sysPatch H t height logRoot w.meter) → Minidregg.Kernel.World.applyCells w.cells t = Except.ok cells → Minidregg.Kernel.World.World.admit H w t = Except.ok { cells := cells, system := Minidregg.Theory.Store.Patch.run w.system (Minidregg.Kernel.World.sysPatch H t height logRoot w.meter) }
theorem	Minidregg.Kernel.World.admit_ok	670cce6701f44e1cb743ecd70f9b8d3ddc021ac293b27db682fd7919c40db60b	3d9622943a7eeec4a86236fab1f114f9fbf642f1475edb509675ddb56b8c47f0	7f898e35254d04f32a60bf9f588688ca6c81a08c491f3734afa851f47751305e	23c7740c6392201f	Classical.choice,Quot.sound,propext	∀ {R : Minidregg.Kernel.World.Registry} {TxId Ev D : Type} [inst : DecidableEq TxId] [inst_1 : DecidableEq D] (H : Minidregg.Kernel.World.History R TxId Ev D) {w w' : Minidregg.Kernel.World.World R TxId D} {t : Minidregg.Kernel.World.Turn R TxId Ev D}, Minidregg.Kernel.World.World.admit H w t = Except.ok w' → Minidregg.Kernel.World.Shaped t ∧ ∃ height logRoot, w.head = Option.some (height, logRoot) ∧ w.journal t.txId = Option.none ∧ Minidregg.Theory.Store.Patch.ValidFrom w.system (Minidregg.Kernel.World.sysPatch H t height logRoot w.meter) ∧ Minidregg.Kernel.World.applyCells w.cells t = Except.ok w'.cells ∧ w'.system = Minidregg.Theory.Store.Patch.run w.system (Minidregg.Kernel.World.sysPatch H t height logRoot w.meter)
theorem	Minidregg.Kernel.World.admit_ok_turnCheck	9395e32412b7ef2fc2f24ba18348ab99f49d2eef270c66db2843b149dcc902da	05d4d4c8bf0a1332a339333098a088cab777a5e8d141553b0c6661f742ba22b7	01669d4b07fa7c3fc0a92fc1aba0ca59fc7de78f64a4b0282744e875dd954902	4b60cf53e5ffcc71	Classical.choice,Quot.sound,propext	∀ {R : Minidregg.Kernel.World.Registry} {TxId Ev D : Type} [inst : DecidableEq TxId] [inst_1 : DecidableEq D] (H : Minidregg.Kernel.World.History R TxId Ev D) {w w' : Minidregg.Kernel.World.World R TxId D} {t : Minidregg.Kernel.World.Turn R TxId Ev D}, Minidregg.Kernel.World.World.admit H w t = Except.ok w' → ∃ height logRoot, w.head = Option.some (height, logRoot) ∧ Minidregg.Kernel.World.turnCheck H w t height = Option.none
theorem	Minidregg.Kernel.World.admit_retry_refused	56f058b5a8dea0c4aec1d28038f46ab7ce428dc98d2dfa33be7dc72984404ba9	39b897e6fd0370efef9057a6869904cc200bf577946e3d1e299e8db49177804c	7b53d1c02b999ad54ac1d5f2e600c10a8670bc5aaaa22e75a9c4d730e73e7738	2afe59ec0dfaffc7	Classical.choice,Quot.sound,propext	∀ {R : Minidregg.Kernel.World.Registry} {TxId Ev D : Type} [inst : DecidableEq TxId] [inst_1 : DecidableEq D] (H : Minidregg.Kernel.World.History R TxId Ev D) {w w' : Minidregg.Kernel.World.World R TxId D} {t : Minidregg.Kernel.World.Turn R TxId Ev D}, Minidregg.Kernel.World.World.step H w t = Option.some w' → Minidregg.Kernel.World.World.admit H w' t = Except.error Minidregg.Kernel.World.Reject.replayedTransaction
def	Minidregg.Kernel.World.applyCells	bb97df99d9b1145ae6ec50544dc8f9415cd30798d96c5822ef7ca8ef66ff8e69	bc88625742d592a4f667d8e84b3906d5319b8f71839ccff54edd2cd0a4f3979c	08333a19cccd9c7d4b7991fa473b175d9d004c41c3cbc3b47405625dbc21e379	61d85fcd20b1c1e0	Classical.choice,Quot.sound,propext	{R : Minidregg.Kernel.World.Registry} → {TxId Ev D : Type} → Minidregg.Kernel.World.Cells R → Minidregg.Kernel.World.Turn R TxId Ev D → Except Minidregg.Kernel.World.Reject (Minidregg.Kernel.World.Cells R)
theorem	Minidregg.Kernel.World.applyCells_ok	a6ecdc9cb7dddfd18a8961461b86b83f8173eddc61c79b5254c485b18bc77646	d81eff787702abf7c1714c329b263c80b16db84b7d72b0f428ee49ef663b296d	8eb7e3f6caf49982b15481f46a7bbebc50bec0eddb36e0754d81a6d71ef48b26	59d518cca9dc54fc	Classical.choice,Quot.sound,propext	∀ {R : Minidregg.Kernel.World.Registry} {TxId Ev D : Type} [DecidableEq D] {cells cells' : Minidregg.Kernel.World.Cells R} {t : Minidregg.Kernel.World.Turn R TxId Ev D}, Minidregg.Kernel.World.applyCells cells t = Except.ok cells' → ∃ c1 c2, Minidregg.Kernel.World.applyCreates cells t.creates = Except.ok c1 ∧ Minidregg.Kernel.World.applyLegs c1 t.legs = Except.ok c2 ∧ Minidregg.Kernel.World.applyRetires c2 t.retires = Except.ok cells'
def	Minidregg.Kernel.World.applyCreates	25318e2478f29561f62399cc675720089972162a8a0e2bbb60e84e958501bad7	9e0e757b9108dba0a74f1438011f67169618fd0d275fdf167fe3fd53a31d32cd	8556ca395e875be565ac433371fb35363147a4326063fc27b3fd29f90b98bcce	402f1d64f486331d	Classical.choice,Quot.sound,propext	{R : Minidregg.Kernel.World.Registry} → Minidregg.Kernel.World.Cells R → List (Minidregg.Kernel.World.CellId × Minidregg.Kernel.World.Cell R × Option Minidregg.Kernel.World.CellId) → Except Minidregg.Kernel.World.Reject (Minidregg.Kernel.World.Cells R)
theorem	Minidregg.Kernel.World.applyCreates_frame	7c91a3dccd131d0f716587adbefe13cce5f24e8049d6eafda85f7700b0397816	1bff898beaf869a05ac8eacc9b158c8c2e0c1a1971f6f60373446d16c65784cc	b38948807f40db9f6fa9888a7c67ba21b28a44637413212370fb701024afacc8	f00a59475296f79d	Classical.choice,Quot.sound,propext	∀ {R : Minidregg.Kernel.World.Registry} {cells cells' : Minidregg.Kernel.World.Cells R} {cs : List (Minidregg.Kernel.World.CellId × Minidregg.Kernel.World.Cell R × Option Minidregg.Kernel.World.CellId)}, Minidregg.Kernel.World.applyCreates cells cs = Except.ok cells' → ∀ x ∉ List.map Prod.fst cs, cells' x = cells x
theorem	Minidregg.Kernel.World.applyCreates_image_refused	c2a5ff82840500dd380cbfd7880479f92fd4ee3eb9b7717d317ef4c6d40d4d63	b21db3ae5c23c298228843cacc670a9dff09f4aed15b39ba0ac391768682044e	3c303327ea777b5699e6b67eac4e7760840154651ccfa08db9c858ea1caacc9c	68aa383f61972df0	Classical.choice,Quot.sound,propext	∀ {R : Minidregg.Kernel.World.Registry} (cells : Minidregg.Kernel.World.Cells R) (c : Minidregg.Kernel.World.CellId) (b : Minidregg.Kernel.World.Cell R) (p : Option Minidregg.Kernel.World.CellId) (rest : List (Minidregg.Kernel.World.CellId × Minidregg.Kernel.World.Cell R × Option Minidregg.Kernel.World.CellId)), cells c = Option.none → Minidregg.Kernel.World.roomPresent cells p = Bool.true → ¬Minidregg.Kernel.World.RomOnly b.store → Minidregg.Kernel.World.applyCreates cells ((c, b, p) :: rest) = Except.error (Minidregg.Kernel.World.Reject.imageNotRom c)
theorem	Minidregg.Kernel.World.applyCreates_mem	517fe2410abc1a733b61231ccf4e5b09cc8926602b94ca79e61fa2707589e368	419c9285b4c4fd643cd3e8104c078991e1cf2a3c11dd4483b28a62d73d610657	e08fe8e0e37ae3716a02c7381728b6c4268d2f35805b438268840fa826aa6561	87d4ce11da8a4f14	Classical.choice,Quot.sound,propext	∀ {R : Minidregg.Kernel.World.Registry} {cells cells' : Minidregg.Kernel.World.Cells R} {cs : List (Minidregg.Kernel.World.CellId × Minidregg.Kernel.World.Cell R × Option Minidregg.Kernel.World.CellId)}, Minidregg.Kernel.World.applyCreates cells cs = Except.ok cells' → (List.map Prod.fst cs).Nodup → ∀ (c : Minidregg.Kernel.World.CellId) (b : Minidregg.Kernel.World.Cell R) (p : Option Minidregg.Kernel.World.CellId), (c, b, p) ∈ cs → cells c = Option.none ∧ cells' c = Option.some b
theorem	Minidregg.Kernel.World.applyCreates_missing_room	10dc27f0894d40bde18cf28b03e3e642963a6e9fd8c1c2468e719090ff43f4d3	28dda1feafcf5425bc2a95472c6016532189620255e3dad0bf3b58b43214537d	06b19fa7b540d09c53ed550b19b0b142c13b86b53704e9baa20e688b24d7f11d	7ab975ff9fb1938d	Classical.choice,Quot.sound,propext	∀ {R : Minidregg.Kernel.World.Registry} (cells : Minidregg.Kernel.World.Cells R) (c : Minidregg.Kernel.World.CellId) (b : Minidregg.Kernel.World.Cell R) (room : Minidregg.Kernel.World.CellId) (rest : List (Minidregg.Kernel.World.CellId × Minidregg.Kernel.World.Cell R × Option Minidregg.Kernel.World.CellId)), cells c = Option.none → cells room = Option.none → Minidregg.Kernel.World.applyCreates cells ((c, b, Option.some room) :: rest) = Except.error (Minidregg.Kernel.World.Reject.missingParent c room)
theorem	Minidregg.Kernel.World.applyCreates_present	fbad8d9062dbb9828342b0ea51e98b81dcccbf1b6e13593078e0ea85db9edb67	c34bebc2c630e903d51f292612130d55e8b964bdbba50949ab4b0c6eaedcbdb7	e87a1ff89c5fea7a46a888eab59c403a389a89b71c54927d60d4ac3d499c211d	eb66977a4d21eaf9	Classical.choice,Quot.sound,propext	∀ {R : Minidregg.Kernel.World.Registry} {cells cells' : Minidregg.Kernel.World.Cells R} {cs : List (Minidregg.Kernel.World.CellId × Minidregg.Kernel.World.Cell R × Option Minidregg.Kernel.World.CellId)}, Minidregg.Kernel.World.applyCreates cells cs = Except.ok cells' → ∀ (x : Minidregg.Kernel.World.CellId), cells' x ≠ Option.none → cells x ≠ Option.none ∨ x ∈ List.map Prod.fst cs
theorem	Minidregg.Kernel.World.applyCreates_romOnly	a7a4e9866ffa413435ab137bf1cd1f415a01285831409d4cbf52ffc837b6f2b7	809706ab6b43978b85d94399d7f8a6766e273e2a962e535f147d1c03f3559a6e	35745a9b30effa7e04572e17803a7528d377eb3ab85cce5f80f7738c3e479c51	70b132ca4195cdc3	Classical.choice,Quot.sound,propext	∀ {R : Minidregg.Kernel.World.Registry} {cells cells' : Minidregg.Kernel.World.Cells R} {cs : List (Minidregg.Kernel.World.CellId × Minidregg.Kernel.World.Cell R × Option Minidregg.Kernel.World.CellId)}, Minidregg.Kernel.World.applyCreates cells cs = Except.ok cells' → ∀ (c : Minidregg.Kernel.World.CellId) (b : Minidregg.Kernel.World.Cell R) (p : Option Minidregg.Kernel.World.CellId), (c, b, p) ∈ cs → Minidregg.Kernel.World.RomOnly b.store
theorem	Minidregg.Kernel.World.applyCreates_room	f4a3e0c29c8b64fb5c7e6cab058360c251951dae370ea21a5abe6bd3d176717d	f3b8136888ca53bbc98f90282478d28df3a741d4f89d315be480c75417300a1a	c90ef0a0339361293bdfaa19c984c6e31f0c18c8e19dcb13e470c756980b1394	094427cd7247f0b3	Classical.choice,Quot.sound,propext	∀ {R : Minidregg.Kernel.World.Registry} {cells cells' : Minidregg.Kernel.World.Cells R} {cs : List (Minidregg.Kernel.World.CellId × Minidregg.Kernel.World.Cell R × Option Minidregg.Kernel.World.CellId)}, Minidregg.Kernel.World.applyCreates cells cs = Except.ok cells' → ∀ (c : Minidregg.Kernel.World.CellId) (k : Minidregg.Kernel.World.Cell R) (room : Minidregg.Kernel.World.CellId), (c, k, Option.some room) ∈ cs → cells room ≠ Option.none ∨ room ∈ List.map Prod.fst cs
def	Minidregg.Kernel.World.applyLeg	f895ad4bc70e016536fe6b6d4f8f70e29193aecc906c037e57837735d7a1566c	2307d90dba19267458c769b6786c2af292346d88f0029f893fe5193d2fece578	1c885fa43a9bf24931b42281e4f046cd064efbc245f110a360ba36e5f935266f	34709ac6732ec5e8	Classical.choice,Quot.sound,propext	{R : Minidregg.Kernel.World.Registry} → Minidregg.Kernel.World.Cells R → Minidregg.Kernel.World.Leg R → Except Minidregg.Kernel.World.Reject (Minidregg.Kernel.World.Cells R)
theorem	Minidregg.Kernel.World.applyLeg_ok	8db17eecd138208912c75bdafdd05af363e7818c8c84c38db2a61e56734ee97f	73d31fae069ec4a3e156ab95187ef0708ecc916d24e7a1a45433141bfd3a83c5	76b242032a3c941d6690b47415963a105bbd77eca749e4c1dde5ce488d16e9d2	ef24fcec3b56229c	Classical.choice,Quot.sound,propext	∀ {R : Minidregg.Kernel.World.Registry} {cells cells' : Minidregg.Kernel.World.Cells R} {leg : Minidregg.Kernel.World.Leg R}, Minidregg.Kernel.World.applyLeg cells leg = Except.ok cells' → ∃ cell pre, cells leg.cell = Option.some cell ∧ cell.storeAt leg.kind = Option.some pre ∧ Minidregg.Theory.Store.Patch.ValidFrom pre leg.patch ∧ cells' = DFinsupp.update cells leg.cell (Option.some { kind := leg.kind, store := Minidregg.Theory.Store.Patch.run pre leg.patch })
def	Minidregg.Kernel.World.applyLegs	8bd29c1ed1a2e86f80c06772862dd4759010c725d946c94011611de6a606f1dd	0d9ccb8b23b502682e30b376e30b6ed518376a77a3e27afa078afaceab704baf	19d05301b7994da9d5efc694557b501c8b96dff92da9257e58038216bdbcfed2	cc48a1fee7d20953	Classical.choice,Quot.sound,propext	{R : Minidregg.Kernel.World.Registry} → Minidregg.Kernel.World.Cells R → List (Minidregg.Kernel.World.Leg R) → Except Minidregg.Kernel.World.Reject (Minidregg.Kernel.World.Cells R)
theorem	Minidregg.Kernel.World.applyLegs_frame	23b69afebbd0c4d44553d51a2673c44cf4b511bc0eabf90f3c2eef61393fd3e8	6a2c068253e5ff3f6dd00758ae01eae05f26c2f31390753be96c4500900ad3ff	b30ccffb296a4c8de9b6bd25ac8b9e06cd941428424f5f86e11c1cccf5e2c01c	d1d3106a62e3c942	Classical.choice,Quot.sound,propext	∀ {R : Minidregg.Kernel.World.Registry} {cells cells' : Minidregg.Kernel.World.Cells R} {legs : List (Minidregg.Kernel.World.Leg R)}, Minidregg.Kernel.World.applyLegs cells legs = Except.ok cells' → ∀ x ∉ List.map Minidregg.Kernel.World.Leg.cell legs, cells' x = cells x
theorem	Minidregg.Kernel.World.applyLegs_mem	00cfa71330be334d36b3cfc9b71f4fd9d7bab4469c52da0ffb9626bd44ef68dc	0e01159624a44dd8e8c5d465d9dae2ce5459eff5b0a4f91c0381ec4577362fab	04fbb91f2af6ee6e478d3d48a71d2b4c6ea3d3d05d96796c18ceebe965490f69	a290cdbeaaa6bf89	Classical.choice,Quot.sound,propext	∀ {R : Minidregg.Kernel.World.Registry} {cells cells' : Minidregg.Kernel.World.Cells R} {legs : List (Minidregg.Kernel.World.Leg R)}, Minidregg.Kernel.World.applyLegs cells legs = Except.ok cells' → (List.map Minidregg.Kernel.World.Leg.cell legs).Nodup → ∀ leg ∈ legs, ∃ pre, ((cells leg.cell).bind fun x => x.storeAt leg.kind) = Option.some pre ∧ Minidregg.Theory.Store.Patch.ValidFrom pre leg.patch ∧ cells' leg.cell = Option.some { kind := leg.kind, store := Minidregg.Theory.Store.Patch.run pre leg.patch }
theorem	Minidregg.Kernel.World.applyLegs_present	5ca9da30cced83c28d957d13e664ea04232eaa4ee0982e3931f571daa73fac14	a01de0d01ebe395de496ac79f50402221502ec81b729dd280e70990e41c63bff	e2bbfdff13315814f99faac9005ce9430452e52ddf7382a61b9a7745c57c0c6e	e82d467544eb7c83	Classical.choice,Quot.sound,propext	∀ {R : Minidregg.Kernel.World.Registry} {cells cells' : Minidregg.Kernel.World.Cells R} {legs : List (Minidregg.Kernel.World.Leg R)}, Minidregg.Kernel.World.applyLegs cells legs = Except.ok cells' → ∀ (x : Minidregg.Kernel.World.CellId), cells' x ≠ Option.none → cells x ≠ Option.none
def	Minidregg.Kernel.World.applyRetires	4d7191248b4aaadb48f90fa7e3069ba9a6780be3cb4abbdb915378c120fdfdc5	2043667f348346f692a96165a00a1abd5c6b30839837c46393ac35748ed290ba	b6a74cd7c937944fe89eb513630090813be9cf5b665b117c0b47cc8e6ee7ac14	c1ee0c16e3553719	Classical.choice,Quot.sound,propext	{R : Minidregg.Kernel.World.Registry} → Minidregg.Kernel.World.Cells R → List Minidregg.Kernel.World.CellId → Except Minidregg.Kernel.World.Reject (Minidregg.Kernel.World.Cells R)
theorem	Minidregg.Kernel.World.applyRetires_frame	bc9acc1493aff931679468a455f466f228d21454df7c12f561c82c990f03c3ec	85de9e88bbc06d594c35faa0da684d9e841290b2b430d3d69965bf196deb6764	a89b42d9123af4c6d38e1651c13d1e398f3a106a62389a25940e0e0ab14afc89	9aef52baa3bc3fea	Classical.choice,Quot.sound,propext	∀ {R : Minidregg.Kernel.World.Registry} {cells cells' : Minidregg.Kernel.World.Cells R} {rs : List Minidregg.Kernel.World.CellId}, Minidregg.Kernel.World.applyRetires cells rs = Except.ok cells' → ∀ x ∉ rs, cells' x = cells x
theorem	Minidregg.Kernel.World.applyRetires_mem	ce281e1a51da3fdfffa45a5495fdedda0ab7c5aecbc2811423ba778288ced494	b489b12763089dbcb35223da6a0bdc49b357bdd7639e2b20b008065540f7546a	9487b22b99c926f697c700981a37784e868e520befc043c89eaf80d44f4ff364	b2badd7eef0421bf	Classical.choice,Quot.sound,propext	∀ {R : Minidregg.Kernel.World.Registry} {cells cells' : Minidregg.Kernel.World.Cells R} {rs : List Minidregg.Kernel.World.CellId}, Minidregg.Kernel.World.applyRetires cells rs = Except.ok cells' → rs.Nodup → ∀ c ∈ rs, (∃ cell, cells c = Option.some cell ∧ cell.store = 0) ∧ cells' c = Option.none
theorem	Minidregg.Kernel.World.applyRetires_present	7f33ae46a31503c0ad7e59cd8a311cde5e16e7839ea703553ef5bd4359f26747	0177d4f2cf2530755e5373eb2a3d89a557574e345ead83f85960ed316bb0914b	700df47959c1b17dd076b980082695896741513138235768901f442b9ae8e9e7	44fd1b06d2ccb2a6	Classical.choice,Quot.sound,propext	∀ {R : Minidregg.Kernel.World.Registry} {cells cells' : Minidregg.Kernel.World.Cells R} {rs : List Minidregg.Kernel.World.CellId}, Minidregg.Kernel.World.applyRetires cells rs = Except.ok cells' → ∀ (x : Minidregg.Kernel.World.CellId), cells' x ≠ Option.none → cells x ≠ Option.none
theorem	Minidregg.Kernel.World.cells_update_ne	b925379e2b981c252d1b8e0a4cc086827ca8d08ebbdff812280158599892d529	29960f4c53adf32c9c704a4164d5c54aa9fb839733847acfa112406010ceeb7d	ac088a1cf6dc960a2f6c91244f46330170e6a8ac294bd5d58cfd8ff7850e6383	07263ad936fceabb	Classical.choice,Quot.sound,propext	∀ {R : Minidregg.Kernel.World.Registry} (cells : Minidregg.Kernel.World.Cells R) {c x : Minidregg.Kernel.World.CellId} (v : Option (Minidregg.Kernel.World.Cell R)), x ≠ c → (DFinsupp.update cells c v) x = cells x
theorem	Minidregg.Kernel.World.cells_update_self	394dd7ce1386315ef1e8465a7d7ff7f8609d1639ea7ae79ae381fa19d2dda9a2	0be190e389fad2d0c838c0187707c40f5002443dfc3b1e90ccd2015124a26fdc	4824aaad32de846f29983dfa54f6b544c0ec906099588e8e9de813a6b9c8c109	473b8f44d5516e07	Classical.choice,Quot.sound,propext	∀ {R : Minidregg.Kernel.World.Registry} (cells : Minidregg.Kernel.World.Cells R) (c : Minidregg.Kernel.World.CellId) (v : Option (Minidregg.Kernel.World.Cell R)), (DFinsupp.update cells c v) c = v
theorem	Minidregg.Kernel.World.charge_is_patch_bytes	d1fa10556494226c2b7d6dd062fb320086c90cc2d67c19680e652fa4dfca7145	08ac2a22a7ac8fe66ec11482df97ec88d9f387aa8ca67fd2c83887dc14518f39	602c6e72fe5053c7c3434ceb56be2e0f1aeb604341a254a14ee92302fb942bec	9b0878328c861f03	Classical.choice,Quot.sound,propext	∀ {R : Minidregg.Kernel.World.Registry} {TxId Ev D : Type} [inst : DecidableEq TxId] [inst_1 : DecidableEq D] (H : Minidregg.Kernel.World.History R TxId Ev D) {w w' : Minidregg.Kernel.World.World R TxId D} {t : Minidregg.Kernel.World.Turn R TxId Ev D}, Minidregg.Kernel.World.World.step H w t = Option.some w' → t.charge Minidregg.Theory.ResourceCost.Lane.storageBytes = Minidregg.Kernel.World.patchBytes H t
theorem	Minidregg.Kernel.World.charge_le_allowance	6aead5b608eb0cad510d8501d5fabe09e62e21f34b4e051ae621f64ae6eaaecf	5a4cb846b6bf7b17a196cf0e5fa4711a8f067fb7deef9c4bf14766f64a9b3a78	12a92d7b723b186bd61c7411dc32b7719098e24a2f8728ecab8e1ea9017f5bf5	7f08ee2c97ad947a	Classical.choice,Quot.sound,propext	∀ {R : Minidregg.Kernel.World.Registry} {TxId Ev D : Type} [inst : DecidableEq TxId] [inst_1 : DecidableEq D] (H : Minidregg.Kernel.World.History R TxId Ev D) {w w' : Minidregg.Kernel.World.World R TxId D} {t : Minidregg.Kernel.World.Turn R TxId Ev D}, Minidregg.Kernel.World.World.step H w t = Option.some w' → t.charge ≤ w.meter ∧ ∀ (l : Minidregg.Theory.ResourceCost.Lane), w'.meter l = w.meter l - t.charge l
def	Minidregg.Kernel.World.chargedLanes	711589148cfa50fc424313d779e16f9079a7af5232ba5e91f41801056932bdb6	b7b067cefaee9d1a69432effa09ce0454fc8577ffd04a510775e6cf307a18284	e1d793c212e29bece2200946a9383f1c99e0fd1e5e36895ae787f40cba48d979	4e2d6742cd199ee3	-	Minidregg.Theory.ResourceCost.Charge → List Minidregg.Theory.ResourceCost.Lane
theorem	Minidregg.Kernel.World.chargedLanes_nodup	f9d0f949dd5e43edfd16701313ed4b2ee6c022aef7eb0e781707f2b4f1f7762f	b505ea705607adc8e0feb3cf48cb47639f0591799033e02214bed565759ad8ee	b8d0294f7243dc815fe2df296041af60be8b3ef919da3ad9912912c747670c2b	6bf2642c10a90dcd	propext	∀ (charge : Minidregg.Theory.ResourceCost.Charge), (Minidregg.Kernel.World.chargedLanes charge).Nodup
theorem	Minidregg.Kernel.World.checkpoint_suffix	659bbdb6074a6e48d22a8d465a02742073899d9c56304e4807a74652de4c9c6e	e42471fb184f0129a79e7b09e9eea99753cc24a0ab63fb1ab22995c7b1470c62	d6a714fc212afa5d8bbff89eab1a9dbee8e711fabfb5b69c33ce861436ccceac	2fb3426013b7f233	Classical.choice,Quot.sound,propext	∀ {R : Minidregg.Kernel.World.Registry} {TxId Ev D : Type} [inst : DecidableEq TxId] [inst_1 : DecidableEq D] (H : Minidregg.Kernel.World.History R TxId Ev D) (g W_h : Minidregg.Kernel.World.World R TxId D) (log : List (Minidregg.Kernel.World.Turn R TxId Ev D)) (h : ℕ), Minidregg.Kernel.World.fold H g (List.take h log) = Option.some W_h → Minidregg.Kernel.World.fold H W_h (List.drop h log) = Minidregg.Kernel.World.fold H g log
def	Minidregg.Kernel.World.classify	a1ffa80e03db91aea6e8d92cb098adabeaad09522966fc7d5a595683e388db44	899c79b9b546c506e625d3312e8ea99a74fe6186174f87b470477c3b682f270c	2c5b91274dfc3570cc793affccfef6f9d400dee5b32eb61cc3db68949a4ca02c	4a62d6d61d9e3da0	Quot.sound,propext	{R : Minidregg.Kernel.World.Registry} → {TxId Ev D : Type} → [inst : DecidableEq TxId] → [inst_1 : DecidableEq D] → Minidregg.Kernel.World.History R TxId Ev D → Minidregg.Kernel.World.World R TxId D → Minidregg.Kernel.World.Turn R TxId Ev D → Minidregg.Kernel.World.Resubmission
theorem	Minidregg.Kernel.World.classify_conflict	67923ba0400311f9b9cd5f6e26c6afc2d99804aeda7c793c9bd2173143a1bd4d	ff0353ec8ef5f5eda30d1d6ef08517d4b1d873442872bbb59d30fba247f50bd9	7c0f3c2fd388aae698fe3f07c0211a39364c49e546e451ba819fcb84ee0af23c	ebf0ac12c33bc88a	Classical.choice,Quot.sound,propext	∀ {R : Minidregg.Kernel.World.Registry} {TxId Ev D : Type} [inst : DecidableEq TxId] [inst_1 : DecidableEq D] (H : Minidregg.Kernel.World.History R TxId Ev D) {g W : Minidregg.Kernel.World.World R TxId D} {log : List (Minidregg.Kernel.World.Turn R TxId Ev D)}, Minidregg.Kernel.World.Genesis H g → Minidregg.Kernel.World.fold H g log = Option.some W → ∀ {i : ℕ} {t t' : Minidregg.Kernel.World.Turn R TxId Ev D}, log[i]? = Option.some t → t'.txId = t.txId → H.turnDigest t ≠ H.turnDigest t' → Minidregg.Kernel.World.classify H W t' = Minidregg.Kernel.World.Resubmission.conflict i
theorem	Minidregg.Kernel.World.classify_fresh	cd5f049edf7952cbd08761cdc6a4f501862fceaf5da0f8a1d2f57bdfe151107f	19cd3bff2522a46c13602aaaba82db1c12ba21b95657e92eae26b85938c30c91	8d3ca816f24936b102e22bb3c008d1366840cd8d3c8f81961ab842cfe7f6d41b	62afec9bc1a1b36a	Classical.choice,Quot.sound,propext	∀ {R : Minidregg.Kernel.World.Registry} {TxId Ev D : Type} [inst : DecidableEq TxId] [inst_1 : DecidableEq D] (H : Minidregg.Kernel.World.History R TxId Ev D) {g W : Minidregg.Kernel.World.World R TxId D} {log : List (Minidregg.Kernel.World.Turn R TxId Ev D)}, Minidregg.Kernel.World.Genesis H g → Minidregg.Kernel.World.fold H g log = Option.some W → ∀ {t : Minidregg.Kernel.World.Turn R TxId Ev D}, (∀ t' ∈ log, t'.txId ≠ t.txId) → Minidregg.Kernel.World.classify H W t = Minidregg.Kernel.World.Resubmission.fresh
theorem	Minidregg.Kernel.World.classify_replay	6cbd41c843d4e8f8c5404b128f2f0943a164b56eb6ece26c8c60e3eb8607c273	2e6755eee9d664bf1451bb51e4903f2a02c09777d2143e72e36a32007f0fb8ed	44c48e38cfb6ea5926477e4618737d6af9b40d6a3a038a1b1f7e4ebec66d727c	87ea9e067e136036	Classical.choice,Quot.sound,propext	∀ {R : Minidregg.Kernel.World.Registry} {TxId Ev D : Type} [inst : DecidableEq TxId] [inst_1 : DecidableEq D] (H : Minidregg.Kernel.World.History R TxId Ev D) {g W : Minidregg.Kernel.World.World R TxId D} {log : List (Minidregg.Kernel.World.Turn R TxId Ev D)}, Minidregg.Kernel.World.Genesis H g → Minidregg.Kernel.World.fold H g log = Option.some W → ∀ {i : ℕ} {t : Minidregg.Kernel.World.Turn R TxId Ev D}, log[i]? = Option.some t → Minidregg.Kernel.World.classify H W t = Minidregg.Kernel.World.Resubmission.replay i
def	Minidregg.Kernel.World.debits	49be7c668d04d00bd4bc874764ce5d66778cd06917634361034c1229f8f6349c	0607eb0739dee01236b1e5069b2a067f72836961f26d7f71481348697a5a0602	8b6e935426d59d13ff8ddd458adfb1b2020927b1e0110f46ccd60e63bc8d0d56	e400994bc569de36	-	{TxId D : Type} → [inst : DecidableEq TxId] → [inst_1 : DecidableEq D] → List Minidregg.Theory.ResourceCost.Lane → Minidregg.Theory.ResourceCost.Charge → Minidregg.Theory.ResourceCost.Charge → Minidregg.Theory.Store.Patch (Minidregg.Kernel.World.sysLayout TxId D)
def	Minidregg.Kernel.World.fold	61a475fe86aa564cd155691787965acfdbace1a61d96bbf647322ef41d706bda	a4725489bda3a9620ae145d52622a57596dba05644c017e09250b95507f7313c	10aa2fddfe52e95d6be929e6b6073091f278920929f4c4b0d5bcc5eefbe7ba15	3916e44c54303161	Classical.choice,Quot.sound,propext	{R : Minidregg.Kernel.World.Registry} → {TxId Ev D : Type} → [inst : DecidableEq TxId] → [inst_1 : DecidableEq D] → Minidregg.Kernel.World.History R TxId Ev D → Minidregg.Kernel.World.World R TxId D → List (Minidregg.Kernel.World.Turn R TxId Ev D) → Option (Minidregg.Kernel.World.World R TxId D)
theorem	Minidregg.Kernel.World.fold_append	dcd1f8080e3a187421a403b7a598aa4446e1ecc7e6856b0e4905a5a7edb9ac24	40f07ab3749d72999dc6fe7d246389a412bfab49a42f4233cbcea0935a548a76	a626a136a5eec2fd4f93c884753e81b7e556355679c9ad181bebd8cd18b89809	ebd4732c3fe5027d	Classical.choice,Quot.sound,propext	∀ {R : Minidregg.Kernel.World.Registry} {TxId Ev D : Type} [inst : DecidableEq TxId] [inst_1 : DecidableEq D] (H : Minidregg.Kernel.World.History R TxId Ev D) (g : Minidregg.Kernel.World.World R TxId D) (l₁ l₂ : List (Minidregg.Kernel.World.Turn R TxId Ev D)), Minidregg.Kernel.World.fold H g (l₁ ++ l₂) = (Minidregg.Kernel.World.fold H g l₁).bind fun w => Minidregg.Kernel.World.fold H w l₂
theorem	Minidregg.Kernel.World.fold_cons	e5ca3b45f1888ed5dd56a245ccd334c1e1e21278d72bb158817ebed87956dcb7	838c12204c6b5fd02017abc562040b22a4429b321dd439de077e8082216e2cc0	0cefb14e3bcaae787a90d3a66c23e4a545118aa93789e8d1a04c58976b47c4e5	f1f7f430e05d1d12	Classical.choice,Quot.sound,propext	∀ {R : Minidregg.Kernel.World.Registry} {TxId Ev D : Type} [inst : DecidableEq TxId] [inst_1 : DecidableEq D] (H : Minidregg.Kernel.World.History R TxId Ev D) (g : Minidregg.Kernel.World.World R TxId D) (t : Minidregg.Kernel.World.Turn R TxId Ev D) (log : List (Minidregg.Kernel.World.Turn R TxId Ev D)), Minidregg.Kernel.World.fold H g (t :: log) = (Minidregg.Kernel.World.World.step H g t).bind fun w => Minidregg.Kernel.World.fold H w log
theorem	Minidregg.Kernel.World.fold_eq_some_iff	ae34f1bca516d47af27e7416cd10c75f132022ed3b3d0c92ee014a58daf24715	c702bc4cf7fd2d416cc5e75e5bde6bb6148de07dad5f60e7cffe645d4738f6c3	44189f9315cffcaa7eda4c7cafc852345e03e206f900fcd58fcf33b9b4948d38	7229aea149b4a9ff	Classical.choice,Quot.sound,propext	∀ {R : Minidregg.Kernel.World.Registry} {TxId Ev D : Type} [inst : DecidableEq TxId] [inst_1 : DecidableEq D] (H : Minidregg.Kernel.World.History R TxId Ev D) (g : Minidregg.Kernel.World.World R TxId D) (log : List (Minidregg.Kernel.World.Turn R TxId Ev D)) (W : Minidregg.Kernel.World.World R TxId D), Minidregg.Kernel.World.fold H g log = Option.some W ↔ Minidregg.Kernel.World.Reaches H g log W
theorem	Minidregg.Kernel.World.fold_head	8858ec27c44808d8cdce711e28108cfb52cab3586698dab19fa8e520ba29f293	a26996972290010fdc185b2dea77db3f4e77db81f04e12f132b8a5dc8d8796cc	67f5007d7669ae747882467af576d1d2f31d5d8d05b9f8c4df87e9c9a1f71ef9	f3992ccb7cff4372	Classical.choice,Quot.sound,propext	∀ {R : Minidregg.Kernel.World.Registry} {TxId Ev D : Type} [inst : DecidableEq TxId] [inst_1 : DecidableEq D] (H : Minidregg.Kernel.World.History R TxId Ev D) {g W : Minidregg.Kernel.World.World R TxId D} {log : List (Minidregg.Kernel.World.Turn R TxId Ev D)} {h0 : ℕ} {r0 : D}, g.head = Option.some (h0, r0) → Minidregg.Kernel.World.fold H g log = Option.some W → W.head = Option.some (h0 + log.length, Minidregg.Kernel.World.logChain H r0 log)
theorem	Minidregg.Kernel.World.fold_nil	2555585944c49712e508c0b23d1e500a51a98b7606e2e5a24af69964115c8910	0b2d1da23855b558d2d349fdd863adf23498b420c166798edd8dc64d5aec5950	72a69601628abd5aec4fe97808df4b95cca4f12358b4ae48bb7c37c045c9d918	33ce161495703c98	Classical.choice,Quot.sound,propext	∀ {R : Minidregg.Kernel.World.Registry} {TxId Ev D : Type} [inst : DecidableEq TxId] [inst_1 : DecidableEq D] (H : Minidregg.Kernel.World.History R TxId Ev D) (g : Minidregg.Kernel.World.World R TxId D), Minidregg.Kernel.World.fold H g [] = Option.some g
theorem	Minidregg.Kernel.World.fold_snoc	7e0f86bea8d3bb7a375f541d402246154b409136925b01813c06cfe6001907ab	b71e43952ee6a5c3fdaa58f6545bf04a61f4f8b6fd6e9f419ba405b3a7ef2986	01a3322e742c1d8ac8379276e3016e3ad7bc6836c92d804d1c4f003c98182291	78531c0d03d74c3e	Classical.choice,Quot.sound,propext	∀ {R : Minidregg.Kernel.World.Registry} {TxId Ev D : Type} [inst : DecidableEq TxId] [inst_1 : DecidableEq D] (H : Minidregg.Kernel.World.History R TxId Ev D) (g : Minidregg.Kernel.World.World R TxId D) (l : List (Minidregg.Kernel.World.Turn R TxId Ev D)) (t : Minidregg.Kernel.World.Turn R TxId Ev D), Minidregg.Kernel.World.fold H g (l ++ [t]) = (Minidregg.Kernel.World.fold H g l).bind fun w => Minidregg.Kernel.World.World.step H w t
theorem	Minidregg.Kernel.World.fold_spent_monotone	21782f907e95fcb72623a194f720babd10954f7fcbd9884e96d4925e3282415f	2fd0ed60fa78a08e62198662979593dc0d2a0123342de06dd5d008b28a017aa3	a838a44586d0fd906e7dec8b427e30d664955790042231605d0e7598952c7a8a	e73e104f65b3ae87	Classical.choice,Quot.sound,propext	∀ {R : Minidregg.Kernel.World.Registry} {TxId Ev D : Type} [inst : DecidableEq TxId] [inst_1 : DecidableEq D] (H : Minidregg.Kernel.World.History R TxId Ev D) {g W : Minidregg.Kernel.World.World R TxId D} {log : List (Minidregg.Kernel.World.Turn R TxId Ev D)}, Minidregg.Kernel.World.fold H g log = Option.some W → ∀ {n : D}, g.spent n = Option.some () → W.spent n = Option.some ()
theorem	Minidregg.Kernel.World.fold_txId_unique	dfc7800aeb0d6d612ae8c85280555a9abb0b74e1ff4031d9b61c8811d3492839	cf77e46f1f78aeae57a2f7513d15152d58ac7c338e23dc4639d6ca83d04b1e54	8ba80575fae32e167d80bb8b5ec8dafc05c991fa758ab356c819eeecc1360e14	1b3f295e5f9758a7	Classical.choice,Quot.sound,propext	∀ {R : Minidregg.Kernel.World.Registry} {TxId Ev D : Type} [inst : DecidableEq TxId] [inst_1 : DecidableEq D] (H : Minidregg.Kernel.World.History R TxId Ev D) {g W : Minidregg.Kernel.World.World R TxId D} {log : List (Minidregg.Kernel.World.Turn R TxId Ev D)}, Minidregg.Kernel.World.Genesis H g → Minidregg.Kernel.World.fold H g log = Option.some W → ∀ {i j : ℕ} {ti tj : Minidregg.Kernel.World.Turn R TxId Ev D}, log[i]? = Option.some ti → log[j]? = Option.some tj → ti.txId = tj.txId → i = j
theorem	Minidregg.Kernel.World.fold_wf	1404169b0e94ea00ff2567ff0056562498c3fd7cabb6b7e486134c0920613132	ed8aa71f26ea0a0a6d4f64d4995415d6aae78f4852a6b42e3151dce7f5cd9b4e	0a84530ea4fea5b4b5e8cdaa128a7679c116c066afafe46a0fc4e078f057a65b	251a67b9e45b680b	Classical.choice,Quot.sound,propext	∀ {R : Minidregg.Kernel.World.Registry} {TxId Ev D : Type} [inst : DecidableEq TxId] [inst_1 : DecidableEq D] (H : Minidregg.Kernel.World.History R TxId Ev D) {g W : Minidregg.Kernel.World.World R TxId D} {log : List (Minidregg.Kernel.World.Turn R TxId Ev D)}, g.WF → Minidregg.Kernel.World.fold H g log = Option.some W → W.WF
theorem	Minidregg.Kernel.World.footprint_pinned	823d99f588153d55c8ceaab87f29f73ecd6860f61769f9a6e577b3434ee2c228	a5697bd1eb2a874430a02c039fe57f27ad66d661d720e05f446f8a6cca6d84a6	bfeb96f43e9381ec0c8ec21732e94524b872e9c005119c0014ff42d303d3f7a9	615d8ba499d6cae8	Classical.choice,Quot.sound,propext	∀ {R : Minidregg.Kernel.World.Registry} {TxId Ev D : Type} [inst : DecidableEq TxId] [inst_1 : DecidableEq D] (H : Minidregg.Kernel.World.History R TxId Ev D) {w : Minidregg.Kernel.World.World R TxId D} {t : Minidregg.Kernel.World.Turn R TxId Ev D}, ∀ leg ∈ t.legs, leg.cell ∉ List.map Prod.fst t.creates → leg.cell ∉ t.retires → ∀ {pre : Minidregg.Theory.Store.Store (R.layout leg.kind)}, ((w.cells leg.cell).bind fun x => x.storeAt leg.kind) = Option.some pre → ∀ {op : Minidregg.Theory.Store.Op (R.layout leg.kind)}, op ∈ leg.guards → ¬Minidregg.Theory.Store.Op.Enabled pre op → Minidregg.Kernel.World.World.step H w t = Option.none
def	Minidregg.Kernel.World.genesis	9857fb08e5eaf0aa6e8dd499d3e8c4949aee5a653633eb73505244e6bc45044b	d04f782be44d36233e22a7c8c6f36d14831628aa18dbb6edeb0c57686321081c	904f5f98a03149866a16226b3924d78341e539ee88b8743ecaf6e7cbf88de7ed	d446f46a0e5d0aeb	Classical.choice,Quot.sound,propext	{R : Minidregg.Kernel.World.Registry} → {TxId Ev D : Type} → [inst : DecidableEq TxId] → [inst_1 : DecidableEq D] → Minidregg.Kernel.World.History R TxId Ev D → Minidregg.Kernel.World.Cells R → Minidregg.Kernel.World.World R TxId D
def	Minidregg.Kernel.World.genesisSystem	c546f26c4cfe0cc50c55dbd0c048f28f07be2c4b8815a7f420db120a74e34f77	139a09cfaabbc5434fdece2212b173dd74aeaf1d07b0f7fba3091b45663d39bb	8886c4a62970ac20e3fda37862808ca4a8f442777aee8803dd9a429b890511c5	b19f647c083214f0	Classical.choice,Quot.sound,propext	{R : Minidregg.Kernel.World.Registry} → {TxId Ev D : Type} → [inst : DecidableEq TxId] → [inst_1 : DecidableEq D] → Minidregg.Kernel.World.History R TxId Ev D → Minidregg.Theory.Store.Store (Minidregg.Kernel.World.sysLayout TxId D)
theorem	Minidregg.Kernel.World.genesis_is_Genesis	39d420572224a3efdfa44958b12c8ff7974a39abe739b1f1fb4f23f2a455d7d3	b1b83d744ff188b0742c07d1d643dfce8f2eaf3da576220965c9888a37fefc86	fe6be794fae56614e03890d46e3c8da5206bacb074d828b3b178b8e00e593a4d	2948472063b297db	Classical.choice,Quot.sound,propext	∀ {R : Minidregg.Kernel.World.Registry} {TxId Ev D : Type} [inst : DecidableEq TxId] [inst_1 : DecidableEq D] (H : Minidregg.Kernel.World.History R TxId Ev D) (cells : Minidregg.Kernel.World.Cells R), Minidregg.Kernel.World.Genesis H (Minidregg.Kernel.World.genesis H cells)
theorem	Minidregg.Kernel.World.genesis_wf	db56c61fd0f2c81c308f9fa162137a91e421f32c116636664eae4e01011b7e40	945179c823121640d1470a7243bc09824c444c5d57d1ff7d35e759bff021932b	81948dd71c0dd844f10dff442c0966c9615c4e97052822d8f1934dca40a16c5a	92b6a4913ba86f53	Classical.choice,Quot.sound,propext	∀ {R : Minidregg.Kernel.World.Registry} {TxId Ev D : Type} [inst : DecidableEq TxId] [inst_1 : DecidableEq D] (H : Minidregg.Kernel.World.History R TxId Ev D) (cells : Minidregg.Kernel.World.Cells R), (Minidregg.Kernel.World.genesis H cells).WF
theorem	Minidregg.Kernel.World.journal_exact	8d4ac06ed1a8bcbd461950f282cf63749ad3c3fca51cc01be9d25849630bef4c	302658200a2d1edfc4ea0a0f45461645207bb209674d293c0364145e504e2bad	78ce500bf1307098384349d07a39f20017322bfbc0455a0a036bd6285ca9e7f5	b8ebd5124786cdd5	Classical.choice,Quot.sound,propext	∀ {R : Minidregg.Kernel.World.Registry} {TxId Ev D : Type} [inst : DecidableEq TxId] [inst_1 : DecidableEq D] (H : Minidregg.Kernel.World.History R TxId Ev D) {g W : Minidregg.Kernel.World.World R TxId D} {log : List (Minidregg.Kernel.World.Turn R TxId Ev D)}, Minidregg.Kernel.World.Genesis H g → Minidregg.Kernel.World.fold H g log = Option.some W → ∀ (x : TxId) (i : ℕ) (d : D), W.journal x = Option.some (i, d) ↔ ∃ t, log[i]? = Option.some t ∧ t.txId = x ∧ d = H.turnDigest t
theorem	Minidregg.Kernel.World.journal_height_iff	c4eecf0f854b0a9fe6f91daf4735c4f9e87a7c51ef7384b182e14eadb5de53e0	dad801374051ad2cd48bc4a9b878e33849c2554480f35b4b3722bb003183ced1	a13ea1871db60e9de718d018e00caea0b7842cfcc92072278e9df33fbf208534	dcea11fb75983ea4	Classical.choice,Quot.sound,propext	∀ {R : Minidregg.Kernel.World.Registry} {TxId Ev D : Type} [inst : DecidableEq TxId] [inst_1 : DecidableEq D] (H : Minidregg.Kernel.World.History R TxId Ev D) {g W : Minidregg.Kernel.World.World R TxId D} {log : List (Minidregg.Kernel.World.Turn R TxId Ev D)}, Minidregg.Kernel.World.Genesis H g → Minidregg.Kernel.World.fold H g log = Option.some W → ∀ (x : TxId) (i : ℕ), Option.map Prod.fst (W.journal x) = Option.some i ↔ Option.map Minidregg.Kernel.World.Turn.txId log[i]? = Option.some x
def	Minidregg.Kernel.World.logChain	99c01765702f44b8e22055c71093e86d6193175f0ae553659c85d78934ea1b8b	ea206784c5fffc258fb4cfa271b7df1c9555dce3e0eac1039c0105f6336d7c9f	6df62d8804c585d43d6eb679a798f094c36a20cf3565892cd2376a8389f822c2	5bb7fd863199a15b	propext	{R : Minidregg.Kernel.World.Registry} → {TxId Ev D : Type} → Minidregg.Kernel.World.History R TxId Ev D → D → List (Minidregg.Kernel.World.Turn R TxId Ev D) → D
theorem	Minidregg.Kernel.World.mem_chargedLanes	60a4755c83d30cf78bee4c17e809afe110d321ba310b32b07c422b074ef4af18	706c0bd890bc168ada327b107ff52b9c9bdba8ca00564f91cf766483b584152d	96edf61a567652d771f383916154f99f102513d436ea38c90121039e85aed1a6	1b1a4f868c809ea6	Quot.sound,propext	∀ {charge : Minidregg.Theory.ResourceCost.Charge} {l : Minidregg.Theory.ResourceCost.Lane}, l ∈ Minidregg.Kernel.World.chargedLanes charge ↔ charge l ≠ 0
theorem	Minidregg.Kernel.World.mem_meterLanes	bdf5e3b109c61152d477851a7f7f1fb2ce81ccf162f93249caf6bb96bd0b0c1d	b6f941ecc5586b754201ce7264f855cc8de5c391fc45e8b36384869be09d89bb	48b7d5ed235bf9abf89be516f2c79330f5353c6a2225817d98bec18aaf3c394c	401d53ab5dfe8a63	propext	∀ (l : Minidregg.Theory.ResourceCost.Lane), l ∈ Minidregg.Kernel.World.meterLanes
theorem	Minidregg.Kernel.World.mem_parentRows	d9723ed2fd059ddb5cf8ab74afc6e37e2168ae57586640de16639023cc431645	f041b8e7bce79a25e3ca97944cae1e2fdd85b03f55e028330fae2e567db56887	21efd0b4683c2c7b2d592578d061646661adfff06a3d7a9cfa287f7efbd91e92	cfa22d52e0155c82	Quot.sound,propext	∀ {R : Minidregg.Kernel.World.Registry} {TxId Ev D : Type} [DecidableEq TxId] [DecidableEq D] {t : Minidregg.Kernel.World.Turn R TxId Ev D} {c : Minidregg.Kernel.World.CellId} {b : Minidregg.Kernel.World.Cell R} {room : Minidregg.Kernel.World.CellId}, (c, b, Option.some room) ∈ t.creates → (c, room) ∈ t.parentRows
def	Minidregg.Kernel.World.meterLanes	11cf0703b4204a97a4ba4df92efe9dcd817cb1938e502f5755da5fb032ca3af2	330886fa042a12f2e4cfc6fbc818709fc5b4de1a33e038a3ccedda882a74b983	ec5db51b18fbe7a3ef37b0c26a006f2ef568d1c7111e948e0f251cac459e5bf5	1c0397cb44da4a76	-	List Minidregg.Theory.ResourceCost.Lane
theorem	Minidregg.Kernel.World.meterLanes_nodup	639f7f58b4385ff80ce0e65b76e130c9324dc73e2a48cff692f9844b650f5191	5e573893ee15f70fea3feccf1ab0f95274877b8a137d8d04174ace4746bb2d45	7bc34af7a04aaaed3e722bd7f7eb08ae82391499075ea8fc4a54369b025b4a0e	d8f95e62ebe9dc40	-	Minidregg.Kernel.World.meterLanes.Nodup
theorem	Minidregg.Kernel.World.meter_system	528cfa643bf6bd06af7bb38a6d8781171473b334e3123cc789558cd3a337074d	db08c8ef2ae0849e529517a9aad178d4173aca74346e0b901bbb8a9759c74df7	45632d3191fe5ff631fe2c092cd016fbe90967b0639dc4504407a2d244a844f0	3b25ec44f761de2b	Quot.sound,propext	∀ {R : Minidregg.Kernel.World.Registry} {TxId D : Type} [inst : DecidableEq TxId] [inst_1 : DecidableEq D] {w : Minidregg.Kernel.World.World R TxId D} (l : Minidregg.Theory.ResourceCost.Lane), w.meter l = (w.system ⟨Minidregg.Kernel.World.SysSpace.allowance, l⟩).getD 0
theorem	Minidregg.Kernel.World.op_apply_allocate	e4d3f57b07830d76bd0e1510877bc7db7f8dbb6fb3603f884b28b13c01bb4bd8	025a9f1b91df804c4222083fc44e12dcaa621c0914b0b34dca797c4f350977a9	3c01b5b1bf9908ad36cbf2672148a010fcfacdc55e83dac9b2cc4e1df89176eb	23f5ec137eddb245	Classical.choice,Quot.sound,propext	∀ {L : Minidregg.Theory.Store.Layout} (s : Minidregg.Theory.Store.Store L) (sp : L.Namespace) (k : L.Key sp) (v : L.Value sp), Minidregg.Theory.Store.Op.apply s (Minidregg.Theory.Store.Op.allocate sp k v) = s.set ⟨sp, k⟩ (Option.some v)
theorem	Minidregg.Kernel.World.op_apply_write	88f95c41aac687a20e783342ec303474bff194d0b6b5638ecbd31d3aaa9b5c5e	4bf659bdeab458c9a1bd0fce285a962d1146e751b87cf1dc53b549e301a42fc5	e853ce23976223d89f98d4b0802919828fd91294d27e90770ff28b937a8a9829	e8698acbefcd7079	Classical.choice,Quot.sound,propext	∀ {L : Minidregg.Theory.Store.Layout} (s : Minidregg.Theory.Store.Store L) (sp : L.Namespace) (k : L.Key sp) (b a : L.Value sp), Minidregg.Theory.Store.Op.apply s (Minidregg.Theory.Store.Op.write sp k b a) = s.set ⟨sp, k⟩ (Option.some a)
theorem	Minidregg.Kernel.World.parentRows_nodup	1f6a274021e945370d7b3b6ecfe5a6771c89cc80166592eb7db84d3a6532f036	47b9412016b1f7d306c9ea8fcbad28ccba6fb3671ba9b0076a48dd82a5dca929	ad3a6574bf87ebbe183db29aa03c90cb6caad103ed014e43ebf91b04199e2433	b74219d7f75eb99c	Quot.sound,propext	∀ {R : Minidregg.Kernel.World.Registry} {TxId Ev D : Type} [DecidableEq TxId] [DecidableEq D] (t : Minidregg.Kernel.World.Turn R TxId Ev D), (List.map Prod.fst t.creates).Nodup → (List.map Prod.fst t.parentRows).Nodup
def	Minidregg.Kernel.World.patchBytes	c6e833f37d657429f86b5bd355cc54f74e87fec2864cc05a93a17cdeb70c3020	e66b0e8f7fc837e000e62f2dba09768feb79a850fa16efdc72ef9e7f4587c3b2	4203fe3a67ae45ce78dc11a32df7686b060c7b9c5aeb7e8fcbc100388f7d33aa	52aba349024bf5b9	propext	{R : Minidregg.Kernel.World.Registry} → {TxId Ev D : Type} → Minidregg.Kernel.World.History R TxId Ev D → Minidregg.Kernel.World.Turn R TxId Ev D → ℕ
def	Minidregg.Kernel.World.rejectOf	fe4ebb3e4e067c13ff339147069665f1c0a08ff1858d9c3139fe2cf836c715ed	6d927cf4db48c7130e2e91e8b870450f62a4ed69ad6bb0f6bb46fc1f90c4e7c5	e0f49c9a603ef7738ebeeee142b0285afff3700b39e10066fb8d60354b5a5df1	d23e834607d11e0a	-	{α : Type} → Except Minidregg.Kernel.World.Reject α → Option Minidregg.Kernel.World.Reject
theorem	Minidregg.Kernel.World.resume_sound	9d31baf160057ee4003a2f9eb4e9e102b7067c0c78bff7461a86e3e3626e0904	350057cdd530cf97f33fbc523de0facee9210953a951a3c4142ce1e5fd38ffa1	e047c5343b41e220269fa9a2eb7cccb8e5f0f78d3eab41167b4fc4172b6ede16	4fcc7daef598942f	Classical.choice,Quot.sound,propext	∀ {R : Minidregg.Kernel.World.Registry} {TxId Ev D : Type} [inst : DecidableEq TxId] [inst_1 : DecidableEq D] (H : Minidregg.Kernel.World.History R TxId Ev D) {Root : Type} [inst_2 : DecidableEq Root] (rootOf : Minidregg.Kernel.World.World R TxId D → Root) (g W_h : Minidregg.Kernel.World.World R TxId D) (log : List (Minidregg.Kernel.World.Turn R TxId Ev D)) (c : Minidregg.Kernel.World.Checkpoint R TxId D Root), Minidregg.Kernel.World.fold H g (List.take c.height log) = Option.some W_h → c.root = rootOf W_h → (rootOf c.world = rootOf W_h → c.world = W_h) → Minidregg.Kernel.World.Checkpoint.check rootOf c = Bool.true → Minidregg.Kernel.World.Checkpoint.resume H rootOf c (List.drop c.height log) = Minidregg.Kernel.World.fold H g log
def	Minidregg.Kernel.World.romOnlyDecidable	f336bd67b6f3d44b40ce60b4e8173a1af5d88f6f3a6c736f881e2e8d439294f6	1d35414ffb141cba0c52b98449b94972f1027ca6042e0103bd82e42861f732ca	55aa61814083ada72fb15476f9da3cc4f572a47903c1ccc93c5600248c4e7f7d	4e7961336a4dd31c	Classical.choice,Quot.sound,propext	{L : Minidregg.Theory.Store.Layout} → (s : Minidregg.Theory.Store.Store L) → Decidable (Minidregg.Kernel.World.RomOnly s)
theorem	Minidregg.Kernel.World.romOnly_zero	9512685d4e421aad815873d689a3fae5c8a13eb280080139377d3eca26761a07	bd9ccd95ea20e429d5f2c72c7c34abac9bf66549ea8221b69080889a96a663ee	0c038eb68ad33f076064695be821b2865660e41828f6387bcbba1d85d497ba81	9caa5b5977766313	Quot.sound,propext	∀ {L : Minidregg.Theory.Store.Layout}, Minidregg.Kernel.World.RomOnly 0
def	Minidregg.Kernel.World.romPart	748d7151601b8cc97a85c1047bce77e662252baf3e3a787c393ede7af20b9360	72a0e3d8d7aa224eb116728e74332e9edabcade5c9d1c8c42e1ac57edfeaee52	c5c58b2952f76b62f76a5e7a857da51b18b14eb97aa9000b1637a1a1429ded23	dc48119ee05267a2	Quot.sound,propext	{L : Minidregg.Theory.Store.Layout} → Minidregg.Theory.Store.Store L → Minidregg.Theory.Store.Store L
theorem	Minidregg.Kernel.World.romPart_apply	9b53f4a4de854a1860f292e56d17e03aaff661cb88f7cb683165325d642ce2f5	9de500d92c4a6d90fa43a2495ef256be41ed3c690693e3a4662cd9b873b1116f	6a15609093c74dee98c700f153f1bf5c8410c153589c509bf4d2620a13e7ab26	4f9498d05b98c436	Quot.sound,propext	∀ {L : Minidregg.Theory.Store.Layout} (s : Minidregg.Theory.Store.Store L) (a : Minidregg.Theory.Store.Address L), (Minidregg.Kernel.World.romPart s) a = if L.discipline a.fst = Minidregg.Theory.Store.Discipline.rom then s a else Option.none
theorem	Minidregg.Kernel.World.romPart_of_romOnly	9df90d4243d33b240565bc29dc2d890f7bc61617f456892b31aa87a4425494dc	9e6bfaf715d2c47517b029cfb57244f02561f5f4b15c5496b238bc31cc8072db	e2af3dd7b739c62f47649199202ebcec9ed06bafaf1105ba89249a5c43d4cf22	7c93bad0e033b10e	Quot.sound,propext	∀ {L : Minidregg.Theory.Store.Layout} {s : Minidregg.Theory.Store.Store L}, Minidregg.Kernel.World.RomOnly s → Minidregg.Kernel.World.romPart s = s
theorem	Minidregg.Kernel.World.romPart_romOnly	9aadf4c11df26f1fedd1f72667f7a0210e3cd432c016bab92a6a306cb1ed789f	bf74ddc00ba1ef54da03a2ab1e44609520ee1b463b236c1607cef30b28eb3c7a	27c19f1677b7990af31e561b1735e0cc981015f2f36522a07fa8e8aff6389af0	a31fcf5271c6a6ea	Quot.sound,propext	∀ {L : Minidregg.Theory.Store.Layout} (s : Minidregg.Theory.Store.Store L), Minidregg.Kernel.World.RomOnly (Minidregg.Kernel.World.romPart s)
theorem	Minidregg.Kernel.World.romPart_zero	31444dc5df55bfb8212f9b2f74188e646599676d8c7c72de0693c5f16a1c2e1f	f35590fedeba87aa651ae21ede10e84bc9a2938e005d3aca4c8b4fa0894bd884	f37af13d65dff52010e8e6074069da4b29793354e68314053e75cac88478e493	9e71c97e19b596f5	Quot.sound,propext	∀ {L : Minidregg.Theory.Store.Layout}, Minidregg.Kernel.World.romPart 0 = 0
theorem	Minidregg.Kernel.World.rom_cell_immutable_after_birth	09171bff5baa66ad8ee3f0d00ba7dfdd708860e15092871d2a2ea6cb9a594d5d	c756d8d403377bc66e790e59516f35d323e49fb4a919b1e8092c370e9b50066c	f0a5c563d530c92110f3482394ce8c95471af3558120954bd22cad347d79e0d9	0f14532e362954cb	Classical.choice,Quot.sound,propext	∀ {R : Minidregg.Kernel.World.Registry} {TxId Ev D : Type} [inst : DecidableEq TxId] [inst_1 : DecidableEq D] (H : Minidregg.Kernel.World.History R TxId Ev D) {g W : Minidregg.Kernel.World.World R TxId D} {log : List (Minidregg.Kernel.World.Turn R TxId Ev D)}, Minidregg.Kernel.World.fold H g log = Option.some W → ∀ {c : Minidregg.Kernel.World.CellId} {k : R.Kind} {s : Minidregg.Theory.Store.Store (R.layout k)}, g.cells c = Option.some { kind := k, store := s } → W.cells c = Option.none ∧ W.retired c = Option.some () ∨ ∃ s', W.cells c = Option.some { kind := k, store := s' } ∧ ∀ (a : Minidregg.Theory.Store.Address (R.layout k)), (R.layout k).discipline a.fst = Minidregg.Theory.Store.Discipline.rom → s' a = s a
def	Minidregg.Kernel.World.roomPresent	af674f5a8ddd8b57a00812645ff3ff52314b3dbe1cff27a36ea1e6aefdb0693d	82918eb6569f9d4ba9e189cb1a6e3bd8b4141dfc2225a634a0d4c0a490a9970f	b96ce72878b037f1320601a4238b56b21b3482b5cd8fdaa3fac21f7710332995	472e22d03768e40a	Quot.sound,propext	{R : Minidregg.Kernel.World.Registry} → Minidregg.Kernel.World.Cells R → Option Minidregg.Kernel.World.CellId → Bool
theorem	Minidregg.Kernel.World.run_createReads	d3346fbef9d4cafb0031d824c61d6b6a4c76c4b5864893dfe5f182749d8fa0f3	6144668e5493f29d9888249aea1755ae7a3648c121a392a7f572fecee8b9a509	3be23a5457a5d1c9351f19d525b35bfac43971a28cf3639c75cc81bf68e7b22d	8efbdcd750aa8500	Classical.choice,Quot.sound,propext	∀ {R : Minidregg.Kernel.World.Registry} {TxId D : Type} [inst : DecidableEq TxId] [inst_1 : DecidableEq D] (s : Minidregg.Theory.Store.Store (Minidregg.Kernel.World.sysLayout TxId D)) (cs : List (Minidregg.Kernel.World.CellId × Minidregg.Kernel.World.Cell R × Option Minidregg.Kernel.World.CellId)), Minidregg.Theory.Store.Patch.run s (List.map (fun c => Minidregg.Theory.Store.Op.read Minidregg.Kernel.World.SysSpace.retired c.1 Option.none) cs) = s
theorem	Minidregg.Kernel.World.run_debits_at	3823ba7f1423ddfee8c41f3216d8d25ef6a6737a4b93bf803d9ad9c734eed19c	5057820729b2a086fddd008da183be43b835eb9250b4d4ae7f9eb86b10160477	c00c550687f8115649d3af2760af65330eb35f06e823c43ba000e325a9074919	141b469d3bcd0211	Classical.choice,Quot.sound,propext	∀ {TxId D : Type} [inst : DecidableEq TxId] [inst_1 : DecidableEq D] (s : Minidregg.Theory.Store.Store (Minidregg.Kernel.World.sysLayout TxId D)) (lanes : List Minidregg.Theory.ResourceCost.Lane) (charge avail : Minidregg.Theory.ResourceCost.Charge) (l : Minidregg.Theory.ResourceCost.Lane), (Minidregg.Theory.Store.Patch.run s (Minidregg.Kernel.World.debits lanes charge avail)) ⟨Minidregg.Kernel.World.SysSpace.allowance, l⟩ = if l ∈ lanes then Option.some (avail l - charge l) else s ⟨Minidregg.Kernel.World.SysSpace.allowance, l⟩
theorem	Minidregg.Kernel.World.run_debits_ne	417ed0e20a42ec7649d6b2726a3a16a408cf38cddab69640ebb2114be1ec0896	1c7ac20a4fdad264f8bd3930545c6eb2f7509084e248e1d4bf4ffa71d858e2a6	274ee15490f216e51c56c133dde54a734bd003f5152ebc2f0f01297f8ab2a5d9	5adaada942de0f45	Classical.choice,Quot.sound,propext	∀ {TxId D : Type} [inst : DecidableEq TxId] [inst_1 : DecidableEq D] (s : Minidregg.Theory.Store.Store (Minidregg.Kernel.World.sysLayout TxId D)) (lanes : List Minidregg.Theory.ResourceCost.Lane) (charge avail : Minidregg.Theory.ResourceCost.Charge) (a : Minidregg.Theory.Store.Address (Minidregg.Kernel.World.sysLayout TxId D)), a.fst ≠ Minidregg.Kernel.World.SysSpace.allowance → (Minidregg.Theory.Store.Patch.run s (Minidregg.Kernel.World.debits lanes charge avail)) a = s a
theorem	Minidregg.Kernel.World.run_parentAllocs_mem	d156fc010e382a2ae0b51129da1d23240f23a58db1a0c06e73a179c143543d0e	c98fec281b4ba29805f1ad520390282440a8df12bd26f820785666b8fc9d9da4	304efb2914b1aceafeb50d9b80cea977509dc9fb78953750f71c886113ffd225	084d2330457c07c8	Classical.choice,Quot.sound,propext	∀ {TxId D : Type} [inst : DecidableEq TxId] [inst_1 : DecidableEq D] (s : Minidregg.Theory.Store.Store (Minidregg.Kernel.World.sysLayout TxId D)) (rows : List (Minidregg.Kernel.World.CellId × Minidregg.Kernel.World.CellId)), (List.map Prod.fst rows).Nodup → ∀ (c room : Minidregg.Kernel.World.CellId), (c, room) ∈ rows → (Minidregg.Theory.Store.Patch.run s (List.map (fun row => Minidregg.Theory.Store.Op.allocate Minidregg.Kernel.World.SysSpace.parent row.1 row.2) rows)) ⟨Minidregg.Kernel.World.SysSpace.parent, c⟩ = Option.some room
theorem	Minidregg.Kernel.World.run_parentAllocs_ne	0d1ba64f32482b9a00e0b9a775a446854d3f06e673c0752ea18bf19053800a82	7fb7982a4776ae085a8b3632fca6a1cf814f34b7c15f0913587e34ce66b866b8	3e85ecc3c82f11e90506a2c364817c5149e4c30bb0c7d601aefdb08b129e800a	3fb0cc584d71f6fe	Classical.choice,Quot.sound,propext	∀ {TxId D : Type} [inst : DecidableEq TxId] [inst_1 : DecidableEq D] (s : Minidregg.Theory.Store.Store (Minidregg.Kernel.World.sysLayout TxId D)) (rows : List (Minidregg.Kernel.World.CellId × Minidregg.Kernel.World.CellId)) (a : Minidregg.Theory.Store.Address (Minidregg.Kernel.World.sysLayout TxId D)), a.fst ≠ Minidregg.Kernel.World.SysSpace.parent → (Minidregg.Theory.Store.Patch.run s (List.map (fun row => Minidregg.Theory.Store.Op.allocate Minidregg.Kernel.World.SysSpace.parent row.1 row.2) rows)) a = s a
theorem	Minidregg.Kernel.World.run_parentAllocs_other	64099c9772f198c0ef7791d5918b71a918f4b2f92b5f6117bdd402d1667402ba	9d8576dbcb7b3a0a3da513bb56b824af12c7e91b1a23f924044fff3f3018f5c5	dc37a3a1f34a0dc106869a9c90822f82b5e92927d8fc4940673b1f41e633f178	9ce3651f0686d84a	Classical.choice,Quot.sound,propext	∀ {TxId D : Type} [inst : DecidableEq TxId] [inst_1 : DecidableEq D] (s : Minidregg.Theory.Store.Store (Minidregg.Kernel.World.sysLayout TxId D)) (rows : List (Minidregg.Kernel.World.CellId × Minidregg.Kernel.World.CellId)), ∀ c ∉ List.map Prod.fst rows, (Minidregg.Theory.Store.Patch.run s (List.map (fun row => Minidregg.Theory.Store.Op.allocate Minidregg.Kernel.World.SysSpace.parent row.1 row.2) rows)) ⟨Minidregg.Kernel.World.SysSpace.parent, c⟩ = s ⟨Minidregg.Kernel.World.SysSpace.parent, c⟩
theorem	Minidregg.Kernel.World.run_retireAllocs_at	ffdbc13c62f84f58115cb601159d68e9f05eac2d98e2cabeb36b52dfb15a5bdf	3e0e3f85f8dfb661526fe493881749eaa6e6aa86ca33f53c07f0ab16d27c76de	db8ede0894fdfd12b54e373cf933f1cc7cab0844954aab780d502ba969085664	9a70272ebeba1add	Classical.choice,Quot.sound,propext	∀ {TxId D : Type} [inst : DecidableEq TxId] [inst_1 : DecidableEq D] (s : Minidregg.Theory.Store.Store (Minidregg.Kernel.World.sysLayout TxId D)) (rs : List Minidregg.Kernel.World.CellId) (c : Minidregg.Kernel.World.CellId), (Minidregg.Theory.Store.Patch.run s (List.map (fun c => Minidregg.Theory.Store.Op.allocate Minidregg.Kernel.World.SysSpace.retired c ()) rs)) ⟨Minidregg.Kernel.World.SysSpace.retired, c⟩ = if c ∈ rs then Option.some () else s ⟨Minidregg.Kernel.World.SysSpace.retired, c⟩
theorem	Minidregg.Kernel.World.run_retireAllocs_ne	cd2366697229c014e98ab62e2dc7b144f1091eba8cacfc82e216f7294a3e4cf4	5fefd053d582c12d4328cc3d92b3dec7470927b4852c5388b433a0a00e253cf7	3d372e3ea6b336b6a61155194fdaa3f0968229def08871c1ff16b3d3b34b41f1	2d29c14fd553b062	Classical.choice,Quot.sound,propext	∀ {TxId D : Type} [inst : DecidableEq TxId] [inst_1 : DecidableEq D] (s : Minidregg.Theory.Store.Store (Minidregg.Kernel.World.sysLayout TxId D)) (rs : List Minidregg.Kernel.World.CellId) (a : Minidregg.Theory.Store.Address (Minidregg.Kernel.World.sysLayout TxId D)), a.fst ≠ Minidregg.Kernel.World.SysSpace.retired → (Minidregg.Theory.Store.Patch.run s (List.map (fun c => Minidregg.Theory.Store.Op.allocate Minidregg.Kernel.World.SysSpace.retired c ()) rs)) a = s a
theorem	Minidregg.Kernel.World.run_spentAllocs_at	e7f2f1ccc992d0576a5bc3e8840edd03201093f87842da72565f46bb4e79c539	e950e9745055d3057f2507621c29eea5365fbb84cb9f6bd89992cbc3516a510d	31a2504eac02c65550d247145d469557698f0e1d58fc96563e9040994683947f	24f840600206ec97	Classical.choice,Quot.sound,propext	∀ {TxId D : Type} [inst : DecidableEq TxId] [inst_1 : DecidableEq D] (s : Minidregg.Theory.Store.Store (Minidregg.Kernel.World.sysLayout TxId D)) (ns : List D) (n : D), (Minidregg.Theory.Store.Patch.run s (Minidregg.Kernel.World.spentAllocs ns)) ⟨Minidregg.Kernel.World.SysSpace.spent, n⟩ = if n ∈ ns then Option.some () else s ⟨Minidregg.Kernel.World.SysSpace.spent, n⟩
theorem	Minidregg.Kernel.World.run_spentAllocs_ne	28f64095428d1bcfc47104ccbac6193237372ca482dd3fb5cacaeda335e79486	9764808d76e75507544453fd819b3138f7859584585414984dac928bc4e7c783	f858e81d0b2fdb6818ae88ffd8919e6d4494b774b3c42bad6f0eca9b8362c2c1	e65d007b84938645	Classical.choice,Quot.sound,propext	∀ {TxId D : Type} [inst : DecidableEq TxId] [inst_1 : DecidableEq D] (s : Minidregg.Theory.Store.Store (Minidregg.Kernel.World.sysLayout TxId D)) (ns : List D) (a : Minidregg.Theory.Store.Address (Minidregg.Kernel.World.sysLayout TxId D)), a.fst ≠ Minidregg.Kernel.World.SysSpace.spent → (Minidregg.Theory.Store.Patch.run s (Minidregg.Kernel.World.spentAllocs ns)) a = s a
theorem	Minidregg.Kernel.World.run_sysCore_allowance	4bae2392b9f9399ff0832993f24919d7eb8440977941d67a75a5b841f6122cc6	df1ebaa5846065839fd718153e2ed2464348d8b11343468ac4a5234f28ef3626	ad2a863dc088a6585ef630d9b1c5289ade65c3e78d7eb50797d184b167e5f0e4	1565b52e7fa3f293	Classical.choice,Quot.sound,propext	∀ {R : Minidregg.Kernel.World.Registry} {TxId Ev D : Type} [inst : DecidableEq TxId] [inst_1 : DecidableEq D] (H : Minidregg.Kernel.World.History R TxId Ev D) (s : Minidregg.Theory.Store.Store (Minidregg.Kernel.World.sysLayout TxId D)) (t : Minidregg.Kernel.World.Turn R TxId Ev D) (height : ℕ) (logRoot : D) (l : Minidregg.Theory.ResourceCost.Lane), (Minidregg.Theory.Store.Patch.run s (Minidregg.Kernel.World.sysCore H t height logRoot)) ⟨Minidregg.Kernel.World.SysSpace.allowance, l⟩ = s ⟨Minidregg.Kernel.World.SysSpace.allowance, l⟩
theorem	Minidregg.Kernel.World.run_sysCore_spent	6b82673fea8be2ec90a2e8d4fb12788c2abd36cf5203c37ef324cb921f3492a3	c6fc89379773a5d5ad8ef91d73b342e2cdfd0de086452bd9b22223f95d9e58da	c7114708d595cbdfb6cc0ebcdfbff381b9dd06b0ff02c5f2be58adfa1008a091	69d195c77434187a	Classical.choice,Quot.sound,propext	∀ {R : Minidregg.Kernel.World.Registry} {TxId Ev D : Type} [inst : DecidableEq TxId] [inst_1 : DecidableEq D] (H : Minidregg.Kernel.World.History R TxId Ev D) (s : Minidregg.Theory.Store.Store (Minidregg.Kernel.World.sysLayout TxId D)) (t : Minidregg.Kernel.World.Turn R TxId Ev D) (height : ℕ) (logRoot n : D), (Minidregg.Theory.Store.Patch.run s (Minidregg.Kernel.World.sysCore H t height logRoot)) ⟨Minidregg.Kernel.World.SysSpace.spent, n⟩ = s ⟨Minidregg.Kernel.World.SysSpace.spent, n⟩
theorem	Minidregg.Kernel.World.run_sysPatch_core	a5b4816c9a43f8b704da8e1725d473c370e54ed501c6a042f2525931f0d0df35	b124cd53e8ce5df1db9b86840ec15ac59bb43072f0bb664ccf7a94b4bce1cd82	7c325c9a86a36c841911e644785930f3173253804b9f3f95d2617acf2ad7b23f	f73a79368b458d22	Classical.choice,Quot.sound,propext	∀ {R : Minidregg.Kernel.World.Registry} {TxId Ev D : Type} [inst : DecidableEq TxId] [inst_1 : DecidableEq D] (H : Minidregg.Kernel.World.History R TxId Ev D) (s : Minidregg.Theory.Store.Store (Minidregg.Kernel.World.sysLayout TxId D)) (t : Minidregg.Kernel.World.Turn R TxId Ev D) (height : ℕ) (logRoot : D) (avail : Minidregg.Theory.ResourceCost.Charge) (a : Minidregg.Theory.Store.Address (Minidregg.Kernel.World.sysLayout TxId D)), a.fst ≠ Minidregg.Kernel.World.SysSpace.spent → a.fst ≠ Minidregg.Kernel.World.SysSpace.allowance → (Minidregg.Theory.Store.Patch.run s (Minidregg.Kernel.World.sysPatch H t height logRoot avail)) a = (Minidregg.Theory.Store.Patch.run s (Minidregg.Kernel.World.sysCore H t height logRoot)) a
theorem	Minidregg.Kernel.World.spend_needs_guard	e774d3d823423a48b6ee256a564a55cc0463ac9ad0128a67a33bdcaf3c0e5be2	a7103acff15c8a1fbc755ecbca4e8171ca6d31cd7e682e459b0410939127992a	2442a9faad84a9e266a1b35a327745fa618009001e287ba201418f9ab506243e	54dc28a9b6ebfea9	Classical.choice,Quot.sound,propext	∀ {R : Minidregg.Kernel.World.Registry} {TxId Ev D : Type} [inst : DecidableEq TxId] [inst_1 : DecidableEq D] (H : Minidregg.Kernel.World.History R TxId Ev D) (w : Minidregg.Kernel.World.World R TxId D) (t : Minidregg.Kernel.World.Turn R TxId Ev D), t.legs = [] → t.creates = [] → t.retires = [] → Minidregg.Kernel.World.rejectOf (Minidregg.Kernel.World.World.admit H w t) = Option.some Minidregg.Kernel.World.Reject.emptyTurn
def	Minidregg.Kernel.World.spentAllocs	e88a70cb11bc7add83c655c8d4ffac4459a78fb2ee584e655cae6e849ee55abc	d6346f7322485abb327bfbeb8a6b00e6b7c1f5005e668b20dce9de68b50f7243	92ce178d5d8ae6df28310e7ad61afb199e3c719f8fce4c51dad2a7af6e79bc65	8467cbd62266d71f	-	{TxId D : Type} → [inst : DecidableEq TxId] → [inst_1 : DecidableEq D] → List D → Minidregg.Theory.Store.Patch (Minidregg.Kernel.World.sysLayout TxId D)
theorem	Minidregg.Kernel.World.spent_monotone	91b19ac31cc10c7826fa21816b08323ce8e71ac0291fab64f2164b9abe6c4bb2	60d4a3dfa4a382ea9db7a1500afbd48444170e0d3cb936597e47b919a006fabf	a9847b6b9f053d8e54afd47bb19f42177f8a8ca6c08714b7fee45c2529ac9278	e73417963a33d2d4	Classical.choice,Quot.sound,propext	∀ {R : Minidregg.Kernel.World.Registry} {TxId Ev D : Type} [inst : DecidableEq TxId] [inst_1 : DecidableEq D] (H : Minidregg.Kernel.World.History R TxId Ev D) {w w' : Minidregg.Kernel.World.World R TxId D} {t : Minidregg.Kernel.World.Turn R TxId Ev D}, Minidregg.Kernel.World.World.step H w t = Option.some w' → ∀ {n : D}, w.spent n = Option.some () → w'.spent n = Option.some ()
theorem	Minidregg.Kernel.World.spent_refused	d7ef5bbfd7076515fd1178f37d8d946a9b9432d8271de034bb3e8f844afc6b41	33b8ccb495bce07dfe5a4e2d33fdd3d69d189dbe42a9cad6ba59b3dbda4c168d	fcddd3697a870940f4c862552d6fdd8987f49d729c04503aa7b72cace355a9e9	3832beae0fb9a036	Classical.choice,Quot.sound,propext	∀ {R : Minidregg.Kernel.World.Registry} {TxId Ev D : Type} [inst : DecidableEq TxId] [inst_1 : DecidableEq D] (H : Minidregg.Kernel.World.History R TxId Ev D) {w : Minidregg.Kernel.World.World R TxId D} {t : Minidregg.Kernel.World.Turn R TxId Ev D} {n : D}, n ∈ t.nullifiers → w.spent n = Option.some () → Minidregg.Kernel.World.World.step H w t = Option.none
theorem	Minidregg.Kernel.World.step_create	81140001eae9fbc271b7f4535b0720a84cdeb5d64d9165adc2a6c03e1bd965ef	9c07c312bd8e7d1653bb1dd409e060d8d4eb75d0b0c4ee573d399285653cbd06	50096f7c7a0ba09576fb4186a7f4ccfee47d59593cc1754de4e01e6aa428d310	31905f261d498e03	Classical.choice,Quot.sound,propext	∀ {R : Minidregg.Kernel.World.Registry} {TxId Ev D : Type} [inst : DecidableEq TxId] [inst_1 : DecidableEq D] (H : Minidregg.Kernel.World.History R TxId Ev D) {w w' : Minidregg.Kernel.World.World R TxId D} {t : Minidregg.Kernel.World.Turn R TxId Ev D}, Minidregg.Kernel.World.World.step H w t = Option.some w' → ∀ (c : Minidregg.Kernel.World.CellId) (b : Minidregg.Kernel.World.Cell R) (p : Option Minidregg.Kernel.World.CellId), (c, b, p) ∈ t.creates → c ∉ List.map Minidregg.Kernel.World.Leg.cell t.legs → c ∉ t.retires → w.cells c = Option.none ∧ w.retired c = Option.none ∧ w'.cells c = Option.some b
theorem	Minidregg.Kernel.World.step_create_romOnly	8f6516960950943c7fba665ec8b87a0718f70816cac592cc33ce36e3e48552b4	369fab456a7422f763c3eb340390f6af971454edc334e2aeb1af79bca1f1fea8	a4b5ef6098e62bd6b7d57ffe793177f01246ed1983e2e95a1bec0b445c006955	3ab5b77fef6bb6f6	Classical.choice,Quot.sound,propext	∀ {R : Minidregg.Kernel.World.Registry} {TxId Ev D : Type} [inst : DecidableEq TxId] [inst_1 : DecidableEq D] (H : Minidregg.Kernel.World.History R TxId Ev D) {w w' : Minidregg.Kernel.World.World R TxId D} {t : Minidregg.Kernel.World.Turn R TxId Ev D}, Minidregg.Kernel.World.World.step H w t = Option.some w' → ∀ (c : Minidregg.Kernel.World.CellId) (b : Minidregg.Kernel.World.Cell R) (p : Option Minidregg.Kernel.World.CellId), (c, b, p) ∈ t.creates → Minidregg.Kernel.World.RomOnly b.store
theorem	Minidregg.Kernel.World.step_eq_some	d7071bbff57d27a4ddb3640c979b1bf0ad1353464e383815ff38378f116a4f5f	aeb3710140419830f91761471ed6ceadea16123f88fb135064a881734681b533	24c4691211c7df05ef617e0f293a93488e2457ecb9248b0326c79b159db3e093	8a50a6ff048ecb55	Classical.choice,Quot.sound,propext	∀ {R : Minidregg.Kernel.World.Registry} {TxId Ev D : Type} [inst : DecidableEq TxId] [inst_1 : DecidableEq D] (H : Minidregg.Kernel.World.History R TxId Ev D) {w w' : Minidregg.Kernel.World.World R TxId D} {t : Minidregg.Kernel.World.Turn R TxId Ev D}, Minidregg.Kernel.World.World.step H w t = Option.some w' ↔ Minidregg.Kernel.World.World.admit H w t = Except.ok w'
theorem	Minidregg.Kernel.World.step_frame	f234ff711c4b0c922ad7ae5fff1f3f5f5e61589bccc8beb8ccffebbb68228200	d921c9164b5a250efd991d9e18949dc5c27a0bcacdb95917e052e1bc22261d1d	4bb2f87f133544148a8d73c6bd25f7e11a8543a7efdc65d9c8df50e9e71cae3e	3828d281b27b021a	Classical.choice,Quot.sound,propext	∀ {R : Minidregg.Kernel.World.Registry} {TxId Ev D : Type} [inst : DecidableEq TxId] [inst_1 : DecidableEq D] (H : Minidregg.Kernel.World.History R TxId Ev D) {w w' : Minidregg.Kernel.World.World R TxId D} {t : Minidregg.Kernel.World.Turn R TxId Ev D}, Minidregg.Kernel.World.World.step H w t = Option.some w' → ∀ x ∉ List.map Prod.fst t.creates, x ∉ List.map Minidregg.Kernel.World.Leg.cell t.legs → x ∉ t.retires → w'.cells x = w.cells x
theorem	Minidregg.Kernel.World.step_head	696e99534fe9be0308098208f135d8bc32b0050b212063e5d330d62277a52160	9bb55498dde1e936d39afcad27813eadbe8cf831152bf209505aa964cc8b6caa	e87bbed9690be156b8e743bd3f0077170abe1e7bd486d638cac7029a734730a9	2511233ffdf2dead	Classical.choice,Quot.sound,propext	∀ {R : Minidregg.Kernel.World.Registry} {TxId Ev D : Type} [inst : DecidableEq TxId] [inst_1 : DecidableEq D] (H : Minidregg.Kernel.World.History R TxId Ev D) {w w' : Minidregg.Kernel.World.World R TxId D} {t : Minidregg.Kernel.World.Turn R TxId Ev D}, Minidregg.Kernel.World.World.step H w t = Option.some w' → ∃ height logRoot, w.head = Option.some (height, logRoot) ∧ w'.head = Option.some (height + 1, H.chain logRoot (H.turnDigest t))
theorem	Minidregg.Kernel.World.step_journal	6c43837bd04d0332344d900d7d435225a6ab9cd119b49b16aa8e99c11fc66558	bc0769def99a14d06590278f8383ad4e6a8a0d8c1d663349bbf353e41ae8e768	4a1948dc5776086c9813b31889405fe690302b326b69e35bd25005cf0838f64a	bfa488dd916cea38	Classical.choice,Quot.sound,propext	∀ {R : Minidregg.Kernel.World.Registry} {TxId Ev D : Type} [inst : DecidableEq TxId] [inst_1 : DecidableEq D] (H : Minidregg.Kernel.World.History R TxId Ev D) {w w' : Minidregg.Kernel.World.World R TxId D} {t : Minidregg.Kernel.World.Turn R TxId Ev D}, Minidregg.Kernel.World.World.step H w t = Option.some w' → ∃ height logRoot, w.head = Option.some (height, logRoot) ∧ w.journal t.txId = Option.none ∧ ∀ (x : TxId), w'.journal x = if x = t.txId then Option.some (height, H.turnDigest t) else w.journal x
theorem	Minidregg.Kernel.World.step_leg	64674ae92d8ffcf68513237d8845572abc59426eca4f6b0268921dd5a1445fd4	71fc9d48e1fad6cf2c0fd3962a2485c3cd44fa640cf5308290011c7eab0ccb1d	2e9e3ae60d0b3e051e5f9937a839421dfb715a2271777fa47844564ed191757b	c782cff3d11b5bda	Classical.choice,Quot.sound,propext	∀ {R : Minidregg.Kernel.World.Registry} {TxId Ev D : Type} [inst : DecidableEq TxId] [inst_1 : DecidableEq D] (H : Minidregg.Kernel.World.History R TxId Ev D) {w w' : Minidregg.Kernel.World.World R TxId D} {t : Minidregg.Kernel.World.Turn R TxId Ev D}, Minidregg.Kernel.World.World.step H w t = Option.some w' → ∀ leg ∈ t.legs, leg.cell ∉ List.map Prod.fst t.creates → leg.cell ∉ t.retires → ∃ pre, ((w.cells leg.cell).bind fun x => x.storeAt leg.kind) = Option.some pre ∧ Minidregg.Theory.Store.Patch.ValidFrom pre leg.patch ∧ w'.cells leg.cell = Option.some { kind := leg.kind, store := Minidregg.Theory.Store.Patch.run pre leg.patch }
theorem	Minidregg.Kernel.World.step_narrows_stable	da0de8c8180f825bd8d05ed2ceb25b0c3bdf32d011cf1e824a10aa7c5e8e65b5	912960ba124d8c04bd4eeecd2a4cb6ab19b99f2179967bfbce2d0243a38b1dcf	094c8e568713a7ff93e9931f836d8677e73633f6e70e5159c4831bb2e5dab395	ba5d64028a3c93cd	Classical.choice,Quot.sound,propext	∀ {R : Minidregg.Kernel.World.Registry} {TxId Ev D : Type} [inst : DecidableEq TxId] [inst_1 : DecidableEq D] (H : Minidregg.Kernel.World.History R TxId Ev D) {w w' : Minidregg.Kernel.World.World R TxId D} {t : Minidregg.Kernel.World.Turn R TxId Ev D}, Minidregg.Kernel.World.World.step H w t = Option.some w' → ∀ {kind : Minidregg.Theory.TypedAuthorization.ResourceKind} {child parent : Minidregg.Theory.TypedAuthorization.Scope kind}, child.Narrows parent w.parentage → child.Narrows parent w'.parentage
theorem	Minidregg.Kernel.World.step_parent_exists	8f0ca0687f419d5d37379b9cfb4b689c9824dd4d9ca1eb8d17c11e49d42b6237	ad5e880f791a4e80f6e39ec9572905ae873fd78b1c0d3011c2d79809c7ba560e	5af32e2bb99627a399d9e44b1fdac171c8eea42ddcfb4605954372c64c3f4d72	b0b02353f1c4b99a	Classical.choice,Quot.sound,propext	∀ {R : Minidregg.Kernel.World.Registry} {TxId Ev D : Type} [inst : DecidableEq TxId] [inst_1 : DecidableEq D] (H : Minidregg.Kernel.World.History R TxId Ev D) {w w' : Minidregg.Kernel.World.World R TxId D} {t : Minidregg.Kernel.World.Turn R TxId Ev D}, Minidregg.Kernel.World.World.step H w t = Option.some w' → ∀ {c : Minidregg.Kernel.World.CellId} {b : Minidregg.Kernel.World.Cell R} {room : Minidregg.Kernel.World.CellId}, (c, b, Option.some room) ∈ t.creates → w.cells room ≠ Option.none ∨ room ∈ List.map Prod.fst t.creates
theorem	Minidregg.Kernel.World.step_parent_recorded	e3edcb32f14af071f23c52769dca415b7c1e64a7c7ebedbdc26120ef9ccbb240	3171a6689eb75613cf69582a3661e74ed79eb821500c88a35173b21453a8b7a6	0f0a94d15742961b1ce34cd8a0a092d67557ef68d75f694a14c118cea7a64b76	20443d25e94f249c	Classical.choice,Quot.sound,propext	∀ {R : Minidregg.Kernel.World.Registry} {TxId Ev D : Type} [inst : DecidableEq TxId] [inst_1 : DecidableEq D] (H : Minidregg.Kernel.World.History R TxId Ev D) {w w' : Minidregg.Kernel.World.World R TxId D} {t : Minidregg.Kernel.World.Turn R TxId Ev D}, Minidregg.Kernel.World.World.step H w t = Option.some w' → ∀ {c : Minidregg.Kernel.World.CellId} {b : Minidregg.Kernel.World.Cell R} {room : Minidregg.Kernel.World.CellId}, (c, b, Option.some room) ∈ t.creates → w'.parent c = Option.some room
theorem	Minidregg.Kernel.World.step_parent_stable	76c7c8f03a864762202d601d00b2329848d33ea1a12bc229fa67f2b5b8cbe6de	795c54fed990c5dece00d4555b215d141959a29b7add4c0c8251db68b44d1cd0	558df3d386321f770a530b434a2a44aee528a746a1669e7ec8f2b4cae30e0aad	fcb39a9ce552a0d0	Classical.choice,Quot.sound,propext	∀ {R : Minidregg.Kernel.World.Registry} {TxId Ev D : Type} [inst : DecidableEq TxId] [inst_1 : DecidableEq D] (H : Minidregg.Kernel.World.History R TxId Ev D) {w w' : Minidregg.Kernel.World.World R TxId D} {t : Minidregg.Kernel.World.Turn R TxId Ev D}, Minidregg.Kernel.World.World.step H w t = Option.some w' → ∀ {c room : Minidregg.Kernel.World.CellId}, w.parent c = Option.some room → w'.parent c = Option.some room
theorem	Minidregg.Kernel.World.step_retire	6aa66a90f67c7936147e74a73d34d3610d9a8e0b0b40dc18e4cc9c4286c26da8	67bc5f297938dc525412656e222240b5775541a1aaf2e5e8c1be4df4e25f925d	7fe65536b000c35f90f07d141575bef06411a7c4fdd391eb7176c1309c444c0b	9b79cc2604424fc1	Classical.choice,Quot.sound,propext	∀ {R : Minidregg.Kernel.World.Registry} {TxId Ev D : Type} [inst : DecidableEq TxId] [inst_1 : DecidableEq D] (H : Minidregg.Kernel.World.History R TxId Ev D) {w w' : Minidregg.Kernel.World.World R TxId D} {t : Minidregg.Kernel.World.Turn R TxId Ev D}, Minidregg.Kernel.World.World.step H w t = Option.some w' → ∀ c ∈ t.retires, w'.cells c = Option.none ∧ w'.retired c = Option.some ()
theorem	Minidregg.Kernel.World.step_retired_absent	9376623374893810b7100ff4894097b0e8da6a65fe98adb562783cf12d426daf	e430df62b931d37b42746a5141a8de399adfeaca86b0c564ee18cf63b606ddb7	acd6dda835672eb34259e8f797f8e5829daca8326ed99e720581bd5694e0b042	7a0ad89db5071e7f	Classical.choice,Quot.sound,propext	∀ {R : Minidregg.Kernel.World.Registry} {TxId Ev D : Type} [inst : DecidableEq TxId] [inst_1 : DecidableEq D] (H : Minidregg.Kernel.World.History R TxId Ev D) {w w' : Minidregg.Kernel.World.World R TxId D} {t : Minidregg.Kernel.World.Turn R TxId Ev D}, Minidregg.Kernel.World.World.step H w t = Option.some w' → ∀ {c : Minidregg.Kernel.World.CellId}, w.retired c = Option.some () → w.cells c = Option.none → w'.cells c = Option.none
theorem	Minidregg.Kernel.World.step_retired_stable	5c08588f36e8f2c700d198f444bf276df10597466bb25b8297899329cad8c68d	f39be2135681c59997c509e52292f9fa1fa78e23b1a5112d2d9776f74a43ed1a	da9c801c15823b827cda0491439b83feaff1ba42743772c887a623b3a788f5e6	a15bb09b46b38334	Classical.choice,Quot.sound,propext	∀ {R : Minidregg.Kernel.World.Registry} {TxId Ev D : Type} [inst : DecidableEq TxId] [inst_1 : DecidableEq D] (H : Minidregg.Kernel.World.History R TxId Ev D) {w w' : Minidregg.Kernel.World.World R TxId D} {t : Minidregg.Kernel.World.Turn R TxId Ev D}, Minidregg.Kernel.World.World.step H w t = Option.some w' → ∀ {c : Minidregg.Kernel.World.CellId}, w.retired c = Option.some () → w'.retired c = Option.some ()
theorem	Minidregg.Kernel.World.step_rom_preserved	3946382aed860af981f509f081fd985ba041ac433ee6ca66fa784f3ff6820479	c9892a20e0be4575c7830d02304463a07fcc562f83f11556286f3911bf44bdb1	0545a7ed780d3946f80d19d3331b7af56fa1362fa010f6d9c81db8618243a55b	ff80a4d061f0f479	Classical.choice,Quot.sound,propext	∀ {R : Minidregg.Kernel.World.Registry} {TxId Ev D : Type} [inst : DecidableEq TxId] [inst_1 : DecidableEq D] (H : Minidregg.Kernel.World.History R TxId Ev D) {w w' : Minidregg.Kernel.World.World R TxId D} {t : Minidregg.Kernel.World.Turn R TxId Ev D}, Minidregg.Kernel.World.World.step H w t = Option.some w' → ∀ {c : Minidregg.Kernel.World.CellId} {k : R.Kind} {s : Minidregg.Theory.Store.Store (R.layout k)}, w.cells c = Option.some { kind := k, store := s } → w'.cells c = Option.none ∧ w'.retired c = Option.some () ∨ ∃ s', w'.cells c = Option.some { kind := k, store := s' } ∧ ∀ (a : Minidregg.Theory.Store.Address (R.layout k)), (R.layout k).discipline a.fst = Minidregg.Theory.Store.Discipline.rom → s' a = s a
theorem	Minidregg.Kernel.World.step_spends	9d22070ef26ed3d6942067c03209b873a5e7a93c0dd25164176b835f36b23efb	644729e9c0a0c459eb27f237fb1db51d3d9fa9186f1ac1e94b2434c2238a125f	5fd1d28eb0ef9e2d1892d9c969d44919bf3864fab15af4491bd13dc645d5c8b9	40f721f74adb170e	Classical.choice,Quot.sound,propext	∀ {R : Minidregg.Kernel.World.Registry} {TxId Ev D : Type} [inst : DecidableEq TxId] [inst_1 : DecidableEq D] (H : Minidregg.Kernel.World.History R TxId Ev D) {w w' : Minidregg.Kernel.World.World R TxId D} {t : Minidregg.Kernel.World.Turn R TxId Ev D}, Minidregg.Kernel.World.World.step H w t = Option.some w' → ∀ {n : D}, n ∈ t.nullifiers → w'.spent n = Option.some ()
theorem	Minidregg.Kernel.World.step_wf	35611f56a87e27a95688538c4c02355d2a273f238cdf41664b71e50681dea940	37a4838d2a0b9322246ce47a53a22c8bc0824b49bf42e532c749ec099b6a7700	d9fc7fd582a959c8d3c4dfece880910ec22eb6537ce367f29b6345ed2879cab5	5e5b2b4ea72f5014	Classical.choice,Quot.sound,propext	∀ {R : Minidregg.Kernel.World.Registry} {TxId Ev D : Type} [inst : DecidableEq TxId] [inst_1 : DecidableEq D] (H : Minidregg.Kernel.World.History R TxId Ev D) {w w' : Minidregg.Kernel.World.World R TxId D} {t : Minidregg.Kernel.World.Turn R TxId Ev D}, w.WF → Minidregg.Kernel.World.World.step H w t = Option.some w' → w'.WF
theorem	Minidregg.Kernel.World.step_window	ce9a0e992002c9619c8059e93a1949218947ca75158c7a0a3a8db70fb2e9e6a9	3282e4614d5bfb5858c2870ef38c9418ab5e9a30d4300cb7c189b71f7daf59bb	e900b0df457857ce5d1dcd252a8743827249c6a504e71acd898a203c1bb4cccb	808f1ee194976bd5	Classical.choice,Quot.sound,propext	∀ {R : Minidregg.Kernel.World.Registry} {TxId Ev D : Type} [inst : DecidableEq TxId] [inst_1 : DecidableEq D] (H : Minidregg.Kernel.World.History R TxId Ev D) {w w' : Minidregg.Kernel.World.World R TxId D} {t : Minidregg.Kernel.World.Turn R TxId Ev D}, Minidregg.Kernel.World.World.step H w t = Option.some w' → ∃ height logRoot, w.head = Option.some (height, logRoot) ∧ t.notBefore ≤ height ∧ ∀ u ∈ t.validUntil, height ≤ u
def	Minidregg.Kernel.World.sysCore	10a95d88e821d0fc18b821f310fd1e7fe71c56ee746c446a6aba8725f5a02bb8	ebbcd06750e52f7eb99f0f2f9677a7b587e0fdb47753af491cf87aa9cdcf52c2	22509697456e41d18692069ea7dc9a00fc6709a6ecdfad8ee37f62c903d12d1f	eebbdb8888807197	propext	{R : Minidregg.Kernel.World.Registry} → {TxId Ev D : Type} → [inst : DecidableEq TxId] → [inst_1 : DecidableEq D] → Minidregg.Kernel.World.History R TxId Ev D → Minidregg.Kernel.World.Turn R TxId Ev D → ℕ → D → Minidregg.Theory.Store.Patch (Minidregg.Kernel.World.sysLayout TxId D)
def	Minidregg.Kernel.World.sysDiscipline	8d9971a9659a8e3c31de249c15edba2c6010152f28448b6d00b7b660fe8dec1c	317919ff33d82d6f620a1bbb6033c024e2970afa75bbb6147615d30b6aefbf9f	4510c29bb7bfc232c622aefebe5ba346a63c10ebf2958313b07b57b4c9057204	de17f342c1e99485	-	Minidregg.Kernel.World.SysSpace → Minidregg.Theory.Store.Discipline
def	Minidregg.Kernel.World.sysKeyDecEq	c663ef1364cf6f5fe78230b11192f47d59ae48c8505f7286f52e2f0cba911b92	1558e1611c84e598618634642a9470e58b85eed86483744997a6d19f9513681b	1a11e812f8abd26582d804a89a3181acd9e46925234008ef71c51fd46f794172	d03d14fd8e296b4a	-	(TxId D : Type) → [DecidableEq TxId] → [DecidableEq D] → (s : Minidregg.Kernel.World.SysSpace) → DecidableEq (Minidregg.Kernel.World.SysKey TxId D s)
def	Minidregg.Kernel.World.sysLayout	6288dcbf36ba450f5edc655b7cc1d127a3ce82d389ce3d783fcbe0b82c2dd1d3	248ba3890f083b48965f176d831b5e4bb2df8516a737b0bd6a5074297975b4aa	49e80ff5975b8f07a9d5811dc3c2a4981ab470bd9517218dd6eef7564cf6787a	98332c0b7dd95e32	-	(TxId D : Type) → [DecidableEq TxId] → [DecidableEq D] → Minidregg.Theory.Store.Layout
def	Minidregg.Kernel.World.sysPatch	fd889f3bf9842a97f457edd2f474afaebd4f33906aba74a910512567bb629f80	5e300d00604259bdbb68c276ea3691b97fa49fe10265d7c2a4eb07abc007f982	57178bd155fec6fe96c55f94973b1c8da4a8935b62f33ab10e16cf049400ea4d	043ff2fb4979b5aa	propext	{R : Minidregg.Kernel.World.Registry} → {TxId Ev D : Type} → [inst : DecidableEq TxId] → [inst_1 : DecidableEq D] → Minidregg.Kernel.World.History R TxId Ev D → Minidregg.Kernel.World.Turn R TxId Ev D → ℕ → D → Minidregg.Theory.ResourceCost.Charge → Minidregg.Theory.Store.Patch (Minidregg.Kernel.World.sysLayout TxId D)
theorem	Minidregg.Kernel.World.sysPatch_valid_creates	c1b36c1a3ffebca923eaba2d75edf012ee72ef3a7ab0b430da02c8266982ba1f	b4921ad643208ed1e8217a0d217576b4c86227d2ddb7b96e699094e05411f539	803a528c22538b96bdf63b42171b59124293025b930d22f020ff9ad8c08bf1f2	dc5a653e4a7c55a8	Classical.choice,Quot.sound,propext	∀ {R : Minidregg.Kernel.World.Registry} {TxId Ev D : Type} [inst : DecidableEq TxId] [inst_1 : DecidableEq D] (H : Minidregg.Kernel.World.History R TxId Ev D) {s : Minidregg.Theory.Store.Store (Minidregg.Kernel.World.sysLayout TxId D)} {t : Minidregg.Kernel.World.Turn R TxId Ev D} {height : ℕ} {logRoot : D} {avail : Minidregg.Theory.ResourceCost.Charge}, Minidregg.Theory.Store.Patch.ValidFrom s (Minidregg.Kernel.World.sysPatch H t height logRoot avail) → ∀ c ∈ t.creates, s ⟨Minidregg.Kernel.World.SysSpace.retired, c.1⟩ = Option.none
theorem	Minidregg.Kernel.World.sysPatch_valid_plain	d92d00aed04b43a0d4330697a59ade377cd3df4974992399605a5754e0a691cf	7e6d6a55d98d98dc53b20de7f29fa561d54d7fe0dd987a3002858043b440e367	8e77415ff95c532ced0b6a910f74df17656fb44c5d681f10080539539a5d16aa	8c0508632d93aec5	Classical.choice,Quot.sound,propext	∀ {R : Minidregg.Kernel.World.Registry} {TxId Ev D : Type} [inst : DecidableEq TxId] [inst_1 : DecidableEq D] (H : Minidregg.Kernel.World.History R TxId Ev D) {s : Minidregg.Theory.Store.Store (Minidregg.Kernel.World.sysLayout TxId D)} {t : Minidregg.Kernel.World.Turn R TxId Ev D} {height : ℕ} {logRoot : D} {avail : Minidregg.Theory.ResourceCost.Charge}, t.creates = [] → t.retires = [] → s ⟨Minidregg.Kernel.World.SysSpace.journal, t.txId⟩ = Option.none → s ⟨Minidregg.Kernel.World.SysSpace.head, ()⟩ = Option.some (height, logRoot) → (t.nullifiers.Nodup ∧ ∀ n ∈ t.nullifiers, s ⟨Minidregg.Kernel.World.SysSpace.spent, n⟩ = Option.none) → (∀ (l : Minidregg.Theory.ResourceCost.Lane), t.charge l ≠ 0 → s ⟨Minidregg.Kernel.World.SysSpace.allowance, l⟩ = Option.some (avail l)) → Minidregg.Theory.Store.Patch.ValidFrom s (Minidregg.Kernel.World.sysPatch H t height logRoot avail)
theorem	Minidregg.Kernel.World.sysPost_allowance	747db5194fc9d82f8c0c06371ad87983b49db7a2b7f1e35046e1a2990a0aa1c9	d354a35f9c54865162eb74fda51e83227548aeb75eda7bdeb41c16a523965bff	9c0fc219ac4fbe66ce84ed8d13bf5ea10459eac438a199ac10166b544ad8e2a3	6bb70daa6aba8b89	Classical.choice,Quot.sound,propext	∀ {R : Minidregg.Kernel.World.Registry} {TxId Ev D : Type} [inst : DecidableEq TxId] [inst_1 : DecidableEq D] (H : Minidregg.Kernel.World.History R TxId Ev D) (s : Minidregg.Theory.Store.Store (Minidregg.Kernel.World.sysLayout TxId D)) (t : Minidregg.Kernel.World.Turn R TxId Ev D) (height : ℕ) (logRoot : D) (avail : Minidregg.Theory.ResourceCost.Charge) (l : Minidregg.Theory.ResourceCost.Lane), (Minidregg.Theory.Store.Patch.run s (Minidregg.Kernel.World.sysPatch H t height logRoot avail)) ⟨Minidregg.Kernel.World.SysSpace.allowance, l⟩ = if t.charge l ≠ 0 then Option.some (avail l - t.charge l) else s ⟨Minidregg.Kernel.World.SysSpace.allowance, l⟩
theorem	Minidregg.Kernel.World.sysPost_head	5eae61f17131e1a8c52b1c438f1a79c61c5c94338ff83fe2c28f3613f72a4c42	e9a4e3d99b739d17b935134e5718931e77e82636226614ef0ac3ea87a7ddf6b4	48ed1f57c2485ebd212eb6a86e1dcdcd8218ffd04691740809b6d4e5999ce02a	40f18f8d0628ecb8	Classical.choice,Quot.sound,propext	∀ {R : Minidregg.Kernel.World.Registry} {TxId Ev D : Type} [inst : DecidableEq TxId] [inst_1 : DecidableEq D] (H : Minidregg.Kernel.World.History R TxId Ev D) (s : Minidregg.Theory.Store.Store (Minidregg.Kernel.World.sysLayout TxId D)) (t : Minidregg.Kernel.World.Turn R TxId Ev D) (height : ℕ) (logRoot : D) (avail : Minidregg.Theory.ResourceCost.Charge), (Minidregg.Theory.Store.Patch.run s (Minidregg.Kernel.World.sysPatch H t height logRoot avail)) ⟨Minidregg.Kernel.World.SysSpace.head, ()⟩ = Option.some (height + 1, H.chain logRoot (H.turnDigest t))
theorem	Minidregg.Kernel.World.sysPost_journal	79e060e185152b4b4ef727afb9e013077d8b3f9f8e69069c00af792a66b88e6a	7d0f96b1535fca456350d299d3462ff3cb123c7fc0ef8765268a8d8a3a784be9	71b181d5f499a7045159af8cab451e61a7419d56ca9501da8df4470c1308483a	796182a4f38b5c01	Classical.choice,Quot.sound,propext	∀ {R : Minidregg.Kernel.World.Registry} {TxId Ev D : Type} [inst : DecidableEq TxId] [inst_1 : DecidableEq D] (H : Minidregg.Kernel.World.History R TxId Ev D) (s : Minidregg.Theory.Store.Store (Minidregg.Kernel.World.sysLayout TxId D)) (t : Minidregg.Kernel.World.Turn R TxId Ev D) (height : ℕ) (logRoot : D) (avail : Minidregg.Theory.ResourceCost.Charge) (x : TxId), (Minidregg.Theory.Store.Patch.run s (Minidregg.Kernel.World.sysPatch H t height logRoot avail)) ⟨Minidregg.Kernel.World.SysSpace.journal, x⟩ = if x = t.txId then Option.some (height, H.turnDigest t) else s ⟨Minidregg.Kernel.World.SysSpace.journal, x⟩
theorem	Minidregg.Kernel.World.sysPost_parent	ddf1d2cee10fa98b6357a481d27edab9b64a64841496096ea1b043acc0b46b6b	f702dcf0aa8d81f2d7d40395e8b6bc72866d0b7c0d0f94e64eef6b023e545b95	6a6836aa120024a860c5cf97aaafc416d317183993cb356cbf90779757d0975f	5330daf788f1bf02	Classical.choice,Quot.sound,propext	∀ {R : Minidregg.Kernel.World.Registry} {TxId Ev D : Type} [inst : DecidableEq TxId] [inst_1 : DecidableEq D] (H : Minidregg.Kernel.World.History R TxId Ev D) (s : Minidregg.Theory.Store.Store (Minidregg.Kernel.World.sysLayout TxId D)) (t : Minidregg.Kernel.World.Turn R TxId Ev D) (height : ℕ) (logRoot : D) (avail : Minidregg.Theory.ResourceCost.Charge), (List.map Prod.fst t.creates).Nodup → ∀ {c : Minidregg.Kernel.World.CellId} {b : Minidregg.Kernel.World.Cell R} {room : Minidregg.Kernel.World.CellId}, (c, b, Option.some room) ∈ t.creates → (Minidregg.Theory.Store.Patch.run s (Minidregg.Kernel.World.sysPatch H t height logRoot avail)) ⟨Minidregg.Kernel.World.SysSpace.parent, c⟩ = Option.some room
theorem	Minidregg.Kernel.World.sysPost_retired	4f9224f56483ec86df3aefd958e87b1f1ed53c54b2df499be738f4cac5e26e5c	bda7b85a4ad2ff4573df4e62ea1f1b47499b50cf15f630a0419601148d7810d9	c73ab9dcff4f414ffc3cefbdc875b8bc310c96979981193fde748ec3ea39f5fd	9fef24afbe3092b9	Classical.choice,Quot.sound,propext	∀ {R : Minidregg.Kernel.World.Registry} {TxId Ev D : Type} [inst : DecidableEq TxId] [inst_1 : DecidableEq D] (H : Minidregg.Kernel.World.History R TxId Ev D) (s : Minidregg.Theory.Store.Store (Minidregg.Kernel.World.sysLayout TxId D)) (t : Minidregg.Kernel.World.Turn R TxId Ev D) (height : ℕ) (logRoot : D) (avail : Minidregg.Theory.ResourceCost.Charge) (c : Minidregg.Kernel.World.CellId), (Minidregg.Theory.Store.Patch.run s (Minidregg.Kernel.World.sysPatch H t height logRoot avail)) ⟨Minidregg.Kernel.World.SysSpace.retired, c⟩ = if c ∈ t.retires then Option.some () else s ⟨Minidregg.Kernel.World.SysSpace.retired, c⟩
theorem	Minidregg.Kernel.World.sysPost_spent	f9e3c195537926fff84753894afe4d86788b5c70397f859559a6427c5c28012d	53b48934bd247560d2f594dfa3f7696b1374dc08a930e4773d8c16b4322f9224	48a06e20c315a398b068091680bd79532758691c367dab9967d8aeeb7be9e796	5ef0cc94888b3830	Classical.choice,Quot.sound,propext	∀ {R : Minidregg.Kernel.World.Registry} {TxId Ev D : Type} [inst : DecidableEq TxId] [inst_1 : DecidableEq D] (H : Minidregg.Kernel.World.History R TxId Ev D) (s : Minidregg.Theory.Store.Store (Minidregg.Kernel.World.sysLayout TxId D)) (t : Minidregg.Kernel.World.Turn R TxId Ev D) (height : ℕ) (logRoot : D) (avail : Minidregg.Theory.ResourceCost.Charge) (n : D), (Minidregg.Theory.Store.Patch.run s (Minidregg.Kernel.World.sysPatch H t height logRoot avail)) ⟨Minidregg.Kernel.World.SysSpace.spent, n⟩ = if n ∈ t.nullifiers then Option.some () else s ⟨Minidregg.Kernel.World.SysSpace.spent, n⟩
def	Minidregg.Kernel.World.sysValueDecEq	b2d26a798067a717ad34370445822506abc8dc21e641a00f7d632e532d6f8a7b	2947a80cb1e7c780acc8bdae522761a3e3e4614ef3eca24b2b1408c2b72efc62	f6595de37194048f244b85677231b0892b3f0db7c7c5584c85533313e1fb9687	027767a1be27294a	-	(D : Type) → [DecidableEq D] → (s : Minidregg.Kernel.World.SysSpace) → DecidableEq (Minidregg.Kernel.World.SysValue D s)
theorem	Minidregg.Kernel.World.sys_key_ne	2755dbb4cfc28b3b4aa6b13197981f3118028bddc1a06c4521ce1295a7562eef	8675229dc04804457ae6f6dd8c7a552bb1f459f9e006fdabb60506821b23b783	be85509f7ad0bcd3dc3744e23bd01e32ebec05c9a9e76159d84b692e668d4a5e	ff976821458582c3	-	∀ {TxId D : Type} [inst : DecidableEq TxId] [inst_1 : DecidableEq D] {a : Minidregg.Kernel.World.SysSpace} {k k' : Minidregg.Kernel.World.SysKey TxId D a}, k ≠ k' → ⟨a, k⟩ ≠ ⟨a, k'⟩
theorem	Minidregg.Kernel.World.sys_space_ne	bbbc1e41c00d8ca628323679bd3670bd0c94f5b2056e0104346a523efdcf7a06	60095c4b76b12287d1a397b83595833fe3867bebe6de058c09ad3eacc3e515dc	85e8f67cb2de99493f03060090b18c3452ee9f1a628fe669034d3f694f74d726	4ff6660c3754b8ff	-	∀ {TxId D : Type} [inst : DecidableEq TxId] [inst_1 : DecidableEq D] {a b : Minidregg.Kernel.World.SysSpace} {k : Minidregg.Kernel.World.SysKey TxId D a} {k' : Minidregg.Kernel.World.SysKey TxId D b}, a ≠ b → ⟨a, k⟩ ≠ ⟨b, k'⟩
def	Minidregg.Kernel.World.turnCheck	95b366c752931c5b3596a3716eb22bb867f9322ce2be64cb8ac78a4bdbeed124	699f333791be485126f0a60dbec4c1b7a70e3b60eeccd1f8884b435ad4ba14a0	6a5bf8432407ec788ced57e030fc2e3667e30151a6bcf5ac14448f4006af2670	8fd83f157f0961ed	Quot.sound,propext	{R : Minidregg.Kernel.World.Registry} → {TxId Ev D : Type} → [inst : DecidableEq TxId] → [inst_1 : DecidableEq D] → Minidregg.Kernel.World.History R TxId Ev D → Minidregg.Kernel.World.World R TxId D → Minidregg.Kernel.World.Turn R TxId Ev D → ℕ → Option Minidregg.Kernel.World.Reject
theorem	Minidregg.Kernel.World.turnCheck_eq_none_iff	a53c88276c5222bc2a16e1eefdda1e9121d63877b30a765bc5abedcf58cac0f2	64e3244ed9af3e4771b7023f2faf36787cccf4410febcf79b6e63137b866a76b	7ec8dd820dda3c72239e0c83011d89168adb22ec350ec298ea0ee5e94209ceee	520b83093deacb22	Quot.sound,propext	∀ {R : Minidregg.Kernel.World.Registry} {TxId Ev D : Type} [inst : DecidableEq TxId] [inst_1 : DecidableEq D] (H : Minidregg.Kernel.World.History R TxId Ev D) {w : Minidregg.Kernel.World.World R TxId D} {t : Minidregg.Kernel.World.Turn R TxId Ev D} {height : ℕ}, Minidregg.Kernel.World.turnCheck H w t height = Option.none ↔ t.nullifiers.Nodup ∧ (t.notBefore ≤ height ∧ Option.all (fun u => Decidable.decide (height ≤ u)) t.validUntil = Bool.true) ∧ (∀ n ∈ t.nullifiers, w.spent n = Option.none) ∧ t.charge Minidregg.Theory.ResourceCost.Lane.storageBytes = Minidregg.Kernel.World.patchBytes H t ∧ t.charge ≤ w.meter
theorem	Minidregg.Kernel.World.validFrom_createReads	a321846b3b7a37aebe1913d9c992bbbd6ed55e6ddb4a23c611d10e7402f63dcd	fa5dc9d97c4905a48040509d1ac0a1b28f167b2464b12a020ae8cc24a923bf8e	a252ee8830560b86f7220b3ea55e94ac3543ce9766192a61bbafc8e5a938dd19	c0929aaa864e690a	Classical.choice,Quot.sound,propext	∀ {R : Minidregg.Kernel.World.Registry} {TxId D : Type} [inst : DecidableEq TxId] [inst_1 : DecidableEq D] (s : Minidregg.Theory.Store.Store (Minidregg.Kernel.World.sysLayout TxId D)) (cs : List (Minidregg.Kernel.World.CellId × Minidregg.Kernel.World.Cell R × Option Minidregg.Kernel.World.CellId)), Minidregg.Theory.Store.Patch.ValidFrom s (List.map (fun c => Minidregg.Theory.Store.Op.read Minidregg.Kernel.World.SysSpace.retired c.1 Option.none) cs) ↔ ∀ c ∈ cs, s ⟨Minidregg.Kernel.World.SysSpace.retired, c.1⟩ = Option.none
theorem	Minidregg.Kernel.World.validFrom_debits	46b0ba3e768caa4c5a35f775de44e5a6f129205a81df7dbb8ecb956da433314c	3197bb2a7007e7bb7d12bb07fd354f5b046cc1d4024b94c1f4d5f21fc15ed1a0	19fbfe56b9dfc6ea184d3c1055c3111131b56d4c0cf2da1a2c9d218c72ee0328	8ac7fa46488412a5	Classical.choice,Quot.sound,propext	∀ {TxId D : Type} [inst : DecidableEq TxId] [inst_1 : DecidableEq D] (s : Minidregg.Theory.Store.Store (Minidregg.Kernel.World.sysLayout TxId D)) (lanes : List Minidregg.Theory.ResourceCost.Lane) (charge avail : Minidregg.Theory.ResourceCost.Charge), lanes.Nodup → (Minidregg.Theory.Store.Patch.ValidFrom s (Minidregg.Kernel.World.debits lanes charge avail) ↔ ∀ l ∈ lanes, s ⟨Minidregg.Kernel.World.SysSpace.allowance, l⟩ = Option.some (avail l))
theorem	Minidregg.Kernel.World.validFrom_reads	55b0dd4148243ce04385f12eeffa0fc7f68858a2306eb6e5108cc3e35565360c	f952c671c24bc8a44d74f57e8d8b17a7ca0637d18960a247f9589fa69b5f6cfa	e953fba4ac14bffc047163a0b5b9a9f2751e311a5d54b4f768c28d7924b758f6	489cfcb8e42b078e	Classical.choice,Quot.sound,propext	∀ {L : Minidregg.Theory.Store.Layout} {s : Minidregg.Theory.Store.Store L} {p : Minidregg.Theory.Store.Patch L}, (∀ op ∈ p, Minidregg.Kernel.World.Op.isRead op = Bool.true) → Minidregg.Theory.Store.Patch.ValidFrom s p → ∀ op ∈ p, Minidregg.Theory.Store.Op.Enabled s op
theorem	Minidregg.Kernel.World.validFrom_spentAllocs	ca27ffa183db630f12268a5b48a96ef781af7a25dd9f1f45cd4350d0b549ac6a	9c9b87cf0141b5d8a3e423424ae97d3d18376900748e431fb9b0abbba9ab3c74	a98647cc7c169efa4edfa551b4cece99586b8f96af0ff83e6b4ff12ba73a86b9	ea4dd7ac4e6e651b	Classical.choice,Quot.sound,propext	∀ {TxId D : Type} [inst : DecidableEq TxId] [inst_1 : DecidableEq D] (s : Minidregg.Theory.Store.Store (Minidregg.Kernel.World.sysLayout TxId D)) (ns : List D), Minidregg.Theory.Store.Patch.ValidFrom s (Minidregg.Kernel.World.spentAllocs ns) ↔ ns.Nodup ∧ ∀ n ∈ ns, s ⟨Minidregg.Kernel.World.SysSpace.spent, n⟩ = Option.none
theorem	Minidregg.Kernel.World.validFrom_sysPatch	5b1090436e9d12a8ec5cf0977fe835f6d669113e3f6844b13c9081ae6b8678c0	652850a51f50e6a25c4bc1f39d03d0b9a73f40757e78a742982b95abc2ca2483	d6f34ee9603e9dade2c91ae8aa3ff70c6bcd06326939f3d325cce9b9a462ceb1	5e81b3955b25da09	Classical.choice,Quot.sound,propext	∀ {R : Minidregg.Kernel.World.Registry} {TxId Ev D : Type} [inst : DecidableEq TxId] [inst_1 : DecidableEq D] (H : Minidregg.Kernel.World.History R TxId Ev D) (s : Minidregg.Theory.Store.Store (Minidregg.Kernel.World.sysLayout TxId D)) (t : Minidregg.Kernel.World.Turn R TxId Ev D) (height : ℕ) (logRoot : D) (avail : Minidregg.Theory.ResourceCost.Charge), Minidregg.Theory.Store.Patch.ValidFrom s (Minidregg.Kernel.World.sysPatch H t height logRoot avail) ↔ Minidregg.Theory.Store.Patch.ValidFrom s (Minidregg.Kernel.World.sysCore H t height logRoot) ∧ Minidregg.Theory.Store.Patch.ValidFrom (Minidregg.Theory.Store.Patch.run s (Minidregg.Kernel.World.sysCore H t height logRoot)) (Minidregg.Kernel.World.spentAllocs t.nullifiers) ∧ Minidregg.Theory.Store.Patch.ValidFrom (Minidregg.Theory.Store.Patch.run (Minidregg.Theory.Store.Patch.run s (Minidregg.Kernel.World.sysCore H t height logRoot)) (Minidregg.Kernel.World.spentAllocs t.nullifiers)) (Minidregg.Kernel.World.debits (Minidregg.Kernel.World.chargedLanes t.charge) t.charge avail)
theorem	private Minidregg.Kernel.World.getElem?_snoc @Kernel.World	1663e57fb0b383516d78fdc6b05466bf81acc94451dcc918ddeae5ed6238beac	038cf9cfec6af4d14c682db9ac0bec46c8ca83c02c9c9661749581d6ae48c7aa	d6da9f9662a1171e6f8d21415b3893b60effddb959cddb900911155890742f56	b8787878506331d0	Classical.choice,Quot.sound,propext	∀ {α : Type} (l : List α) (t : α) (i : ℕ), (l ++ [t])[i]? = if i < l.length then l[i]? else if i = l.length then Option.some t else Option.none
