# Kernel.ObjectiveActivityReceiverCore: Objective contract manifest. Written by `scripts/check-objective-proofs.sh proofs --pin`;
# a removed or changed row needs a line in scripts/gates/objective-contract-changes.txt.
inductive	Minidregg.Kernel.ObjectiveActivityReceiver.Accepted	2dfe1dec67699eee95770044b1874b1b9cba1385a77fd0dfa286bb2d49ae810a	f7a8f8a65cccd73123be3a9709b430e156cea52a337c4c5f1d29134500e5e9fe	1fa1a1246bc3c262a4b8126672d2e0cf5d883860503d51cd71fa5ec145ab1a18	fc0503f65b675bb5		{F : Type} → [inst : Field F] → [DecidableEq F] → Minidregg.Kernel.ObjectiveActivityReceiver.Deployment → Minidregg.Compiler.CanonicalRuntimeProfile.Profile F → Minidregg.Kernel.ObjectiveKernelConfig.Ambient → Minidregg.Kernel.ObjectiveActivityReceiver.Durable → Minidregg.Kernel.ObjectiveActivityReceiver.DecodedIngress → Type
theorem	Minidregg.Kernel.ObjectiveActivityReceiver.Accepted.envelopeExact	d1411b9241568607a767219ac39a50ee3b253d59c6d9b64c0801aac060f6896f	7aa86e6ef921a407808c4da741cc403772cd3f9776d56350dfc02c2f62e12b5c	2748a5dca1d1c049d82fa78de3e25b0c4a593fa6c43926e9e31f444e5a6bbab4	8f626131fa585513	Classical.choice,Quot.sound,propext	∀ {F : Type} [inst : Field F] [inst_1 : DecidableEq F] {deployment : Minidregg.Kernel.ObjectiveActivityReceiver.Deployment} {profile : Minidregg.Compiler.CanonicalRuntimeProfile.Profile F} {ambient : Minidregg.Kernel.ObjectiveKernelConfig.Ambient} {durable : Minidregg.Kernel.ObjectiveActivityReceiver.Durable} {ingress : Minidregg.Kernel.ObjectiveActivityReceiver.DecodedIngress} (self : Minidregg.Kernel.ObjectiveActivityReceiver.Accepted deployment profile ambient durable ingress), self.receipt.envelopeBytes = ingress.ingress.envelope
def	Minidregg.Kernel.ObjectiveActivityReceiver.Accepted.gated	410a224d562f558d03cb333908ea2770937cc4359c2eaba9d14cd9515df89991	fc8cc414f49d75b9c854824971a57df324eb24ff32687c00b78d29edb708bd43	106bdac1a153a6653899979c977f71713a5cd22d86dc8cb2b7b7e6b85f3bcfc7	dde5a6656c967850	Classical.choice,Quot.sound,propext	{F : Type} → [inst : Field F] → [inst_1 : DecidableEq F] → {deployment : Minidregg.Kernel.ObjectiveActivityReceiver.Deployment} → {profile : Minidregg.Compiler.CanonicalRuntimeProfile.Profile F} → {ambient : Minidregg.Kernel.ObjectiveKernelConfig.Ambient} → {durable : Minidregg.Kernel.ObjectiveActivityReceiver.Durable} → {ingress : Minidregg.Kernel.ObjectiveActivityReceiver.DecodedIngress} → Minidregg.Kernel.ObjectiveActivityReceiver.Accepted deployment profile ambient durable ingress → Minidregg.Kernel.ObjectiveActivityReceiver.Gated deployment profile ambient durable ingress.command ingress.ingress.outcome
theorem	Minidregg.Kernel.ObjectiveActivityReceiver.Accepted.physical	05b30859e5b702f93e579509fe720c069dca927a9f990c2c0e7115f732fd561d	da461697fbb91136d21d441c45a0497c3acaba0187a72b4f9f44bc65fd99207d	3421acd4ec1eb9a1e04c987c23f9ab20d9e8a07ad44c15f2797666cab0e7ed14	c6cdb7dfd082c2b9	Classical.choice,Quot.sound,propext	∀ {F : Type} [inst : Field F] [inst_1 : DecidableEq F] {deployment : Minidregg.Kernel.ObjectiveActivityReceiver.Deployment} {profile : Minidregg.Compiler.CanonicalRuntimeProfile.Profile F} {ambient : Minidregg.Kernel.ObjectiveKernelConfig.Ambient} {durable : Minidregg.Kernel.ObjectiveActivityReceiver.Durable} {ingress : Minidregg.Kernel.ObjectiveActivityReceiver.DecodedIngress} (self : Minidregg.Kernel.ObjectiveActivityReceiver.Accepted deployment profile ambient durable ingress), Minidregg.Kernel.ObjectiveActivityReceiver.PhysicalShape self.prepared ingress
def	Minidregg.Kernel.ObjectiveActivityReceiver.Accepted.prepared	f9151a7c2067fb602fd1a0a27e469fde6392fea5d9ecf70e07fa5e8f2b1735e9	9a6db6376b06957a11cc07cb107dd1d706bed1420fe496cf01dfe504633beec1	6c9e1e5176b65cc3332e32699ec7f79a1377ff6cedb3fe8f5d2c2d9bb5468ddc	bf0585f449dd7c4b	Classical.choice,Quot.sound,propext	{F : Type} → [inst : Field F] → [inst_1 : DecidableEq F] → {deployment : Minidregg.Kernel.ObjectiveActivityReceiver.Deployment} → {profile : Minidregg.Compiler.CanonicalRuntimeProfile.Profile F} → {ambient : Minidregg.Kernel.ObjectiveKernelConfig.Ambient} → {durable : Minidregg.Kernel.ObjectiveActivityReceiver.Durable} → {ingress : Minidregg.Kernel.ObjectiveActivityReceiver.DecodedIngress} → Minidregg.Kernel.ObjectiveActivityReceiver.Accepted deployment profile ambient durable ingress → Minidregg.Kernel.ObjectiveActivityReceiver.Prepared deployment profile ambient durable ingress.command
theorem	Minidregg.Kernel.ObjectiveActivityReceiver.Accepted.preparedExact	bd16fed8bff9650e4f6bf4b79aae11feb3b1a9c3182da9e7d7a9edba895acd19	50eb08cb482f1e71e94c33cf1648324f73c8b401e057c4f524d19b2aba878608	18055a5b94d65e0d1a0adbcbbd19aa44c8f40a610318b0fd7fe774146ed61647	b7abc877fc7bbbee	Classical.choice,Quot.sound,propext	∀ {F : Type} [inst : Field F] [inst_1 : DecidableEq F] {deployment : Minidregg.Kernel.ObjectiveActivityReceiver.Deployment} {profile : Minidregg.Compiler.CanonicalRuntimeProfile.Profile F} {ambient : Minidregg.Kernel.ObjectiveKernelConfig.Ambient} {durable : Minidregg.Kernel.ObjectiveActivityReceiver.Durable} {ingress : Minidregg.Kernel.ObjectiveActivityReceiver.DecodedIngress} (self : Minidregg.Kernel.ObjectiveActivityReceiver.Accepted deployment profile ambient durable ingress), Minidregg.Kernel.ObjectiveActivityReceiver.prepare self.gated = Except.ok self.prepared
def	Minidregg.Kernel.ObjectiveActivityReceiver.Accepted.receipt	e10fa742dba01ed2296933f3d768bd4c1032870e028717184023548cd3f8a44b	58cb799f7c7b3774b7a35ae52426706b173263af84d25df312c32aa228185902	1e2a482522e994cd2f9afdfbfde4d05974021731ae5303dcee1a58f5b6d949fd	61b9ecc61e9e22a4	Classical.choice,Quot.sound,propext	{F : Type} → [inst : Field F] → [inst_1 : DecidableEq F] → {deployment : Minidregg.Kernel.ObjectiveActivityReceiver.Deployment} → {profile : Minidregg.Compiler.CanonicalRuntimeProfile.Profile F} → {ambient : Minidregg.Kernel.ObjectiveKernelConfig.Ambient} → {durable : Minidregg.Kernel.ObjectiveActivityReceiver.Durable} → {ingress : Minidregg.Kernel.ObjectiveActivityReceiver.DecodedIngress} → (self : Minidregg.Kernel.ObjectiveActivityReceiver.Accepted deployment profile ambient durable ingress) → Minidregg.Compiler.CredentialSignatureAdmission.CheckedSignature self.gated.authority.snapshot
def	Minidregg.Kernel.ObjectiveActivityReceiver.ActivityOrBook	f0be65f89354eded05c33be9f79ab9a657efa2468d27435f40427a4d3501b7f6	76c61e6a82ca4249fa9644fb19ef1165c12f0f8c4510e525ff555c046726551d	57d3da6f72af684d6c473755a5983ade873d8506537f9743b0e4bdd882f74fbe	283a58ce563549ab	Classical.choice,Quot.sound,propext	Minidregg.Kernel.ObjectiveActivityReceiver.Deployment → Minidregg.Kernel.DurableDataIntent.DataWrite → Prop := fun deployment write => write.cellId = { value := deployment.resourceBookId } ∨ (∃ payload, Minidregg.Kernel.ObjectiveActivity.payloadOf write.canonicalPostBytes = Option.some payload ∧ write.cellId.value = Minidregg.Kernel.ObjectiveActivityCell.coordinate deployment.domain payload.role payload.key) ∨ (∃ payload, Minidregg.Kernel.SeatStore.payloadOf write.canonicalPostBytes = Option.some payload ∧ write.cellId.value = Minidregg.Kernel.SeatCell.coordinate deployment.domain payload.role payload.key) ∨ write.canonicalPostBytes = Minidregg.Kernel.ObjectiveActivity.retiredImage ∧ Minidregg.Kernel.ObjectiveActivityCell.reservedBase ≤ write.cellId.value
def	Minidregg.Kernel.ObjectiveActivityReceiver.AdoptWire	f5041e6816c07ec429a6cda44157facd2f96d0bb54ad0022575cbd81b870bb93	89855d392aa192071e8a2b2230d30ecae8fc9de0c15fa6a53f6209226829292a	a1f65ce826c0071b43d3216a2c2b0bae90f45450b9cd559d91696d643eab8beb	a4fd1eb9f13acfa2	-	Type
inductive	Minidregg.Kernel.ObjectiveActivityReceiver.AnswerWire	cf518abfb23f886f770d0fd30218e5a6d83bd48193bb3efa9d732bcb7fd941e1	16946b93ac38405660f51e475eb5aa7d25b54f5e5677e0f6a10a4526cc071cbf	97c91c1cc926b4092e4ac0a5c0b9aac2374d01796824ed23ca603e5911976bcf	f5c7ce2ad1dbc4cf		Type
ctor	Minidregg.Kernel.ObjectiveActivityReceiver.AnswerWire.broken	cea71cba4cc7cab464f20286f6b3a5f1bfa63ac3df3262b525b82a618656aba1	2aedb56fb1bccf863bac8e4312836b8433d6e3dc8d2a0bf58ae12cd09f510b03	17e0c1bbb0157001b5585f5982d3e07737774ccf6e44b61f98764817d29cdc6f	5ff643a85b73e3c3		String → Minidregg.Kernel.ObjectiveActivityReceiver.AnswerWire
def	Minidregg.Kernel.ObjectiveActivityReceiver.AnswerWire.broken.elim	e57088df5758493e2aef477ac0245c6555c005755d3e8c701a39fcb636bc232a	c46c7fb512460793ceb06c68a3db5eb4a07e4b09d69d99d3e7833930a8faf084	2da2ee906a5aa3edfc172ec8276685870b4332d4640722c3ac966533343dc498	8c1ca6a39941545e	-	{motive : Minidregg.Kernel.ObjectiveActivityReceiver.AnswerWire → Sort u} → (t : Minidregg.Kernel.ObjectiveActivityReceiver.AnswerWire) → t.ctorIdx = 3 → ((reason : String) → motive (Minidregg.Kernel.ObjectiveActivityReceiver.AnswerWire.broken reason)) → motive t
ctor	Minidregg.Kernel.ObjectiveActivityReceiver.AnswerWire.refused	d03c9c67f98bc527cdbe4975ba31579e47789225b1944fce62278c24747b2a7e	2aedb56fb1bccf863bac8e4312836b8433d6e3dc8d2a0bf58ae12cd09f510b03	83ed388a0950e84a0cf8b9b47dae092951f578db8eb453809d1372acac152fa9	f4dabf2e6995cc7f		String → Minidregg.Kernel.ObjectiveActivityReceiver.AnswerWire
def	Minidregg.Kernel.ObjectiveActivityReceiver.AnswerWire.refused.elim	b0de41c00266e6a5a6898e7efc318753be8fb9141f444b7aca0239e9de90a0b7	7cca65c51e6957e1ac8ad78e06e5bbc4dfb987f17d2c6d131f7a101c31ff0357	ecdd7a258cd2a6f02a21ca9b3e7aed7e1575cfe418e8481ed4b6211830d421d1	59909e4593e29475	-	{motive : Minidregg.Kernel.ObjectiveActivityReceiver.AnswerWire → Sort u} → (t : Minidregg.Kernel.ObjectiveActivityReceiver.AnswerWire) → t.ctorIdx = 1 → ((reason : String) → motive (Minidregg.Kernel.ObjectiveActivityReceiver.AnswerWire.refused reason)) → motive t
ctor	Minidregg.Kernel.ObjectiveActivityReceiver.AnswerWire.reply	cb8d58aa78abb8dc348e7ed3ff2bf82fc2d03f206b04c507d580c6ef2cf7bf86	38589902acad8fa6480dc65aadc365a42e7398aa6b503fe7d3c4ae309982a01c	530bff906431e69bacc7d532475828bc1044c6608908ddefda151560af03063e	fdd761d637b026b8		List UInt8 → Minidregg.Kernel.ObjectiveActivityReceiver.AnswerWire
def	Minidregg.Kernel.ObjectiveActivityReceiver.AnswerWire.reply.elim	d9d94fd2891af112e6f5ea59441f67f9f1df78eb3083ce5a47bacb9587b0f36e	0c7e5645758c3a484443d896371c9f64f8d32702135d991567409034ba5cf074	3577ff1be18cb8ac464a7014f1e0183f8734c1ed3058a89730b62f4aff0c9891	ddd10063239d120d	-	{motive : Minidregg.Kernel.ObjectiveActivityReceiver.AnswerWire → Sort u} → (t : Minidregg.Kernel.ObjectiveActivityReceiver.AnswerWire) → t.ctorIdx = 0 → ((value : List UInt8) → motive (Minidregg.Kernel.ObjectiveActivityReceiver.AnswerWire.reply value)) → motive t
ctor	Minidregg.Kernel.ObjectiveActivityReceiver.AnswerWire.unknown	a2f82a31fcb294f038d2065f6b073f6f6a4bfb099efe203493c6e8f0bef6f5d1	0ee1c7ca47df1ceac8216243fad22dbf0af4051edd56c33744dae93cdf6222a1	bfdcf1d16e7d15ace8ffbcda99c18948a17d4a34d6a5c54fd995d484ef535abf	9d0ed62465ab8f46		Minidregg.Kernel.ObjectiveActivityReceiver.AnswerWire
def	Minidregg.Kernel.ObjectiveActivityReceiver.AnswerWire.unknown.elim	a31eb770a824c3f24673f5be3bc1ca0ce98c8a36a5ea1157e5a2e7a8e41b7f19	706048697bbf9dbd8729a45671aa70f8169b98ee90e402ed576175127bb5470d	c17cbd54128fc13af99f7a40e2c6ac99bb90b799d3caf54cf53d2590c2925921	f3e4d98a83c99914	-	{motive : Minidregg.Kernel.ObjectiveActivityReceiver.AnswerWire → Sort u} → (t : Minidregg.Kernel.ObjectiveActivityReceiver.AnswerWire) → t.ctorIdx = 2 → motive Minidregg.Kernel.ObjectiveActivityReceiver.AnswerWire.unknown → motive t
def	Minidregg.Kernel.ObjectiveActivityReceiver.AnswersRecorded	d0834972262b4a96e5a1d6e1ebd7fa4042bd9c260448a556db4365895274c629	fdca425a4e93f5acbee5c7dab1e6879415d8c14e5adef482d2ba998fcff06806	47c2cde405190b41863393c7600c71ef9dbfa45127fd7bc93556c6bbb5dacbd0	a05c15f33e2db9d3	-	Minidregg.Kernel.ObjectiveActivityReceiver.Receipt → Minidregg.Kernel.ObjectiveActivityReceiver.RecordedDisposition → Minidregg.Kernel.ObjectiveActivityReceiver.Result → Prop := fun prior disposition answer => match disposition with | Minidregg.Kernel.ObjectiveActivityReceiver.RecordedDisposition.confirmed => answer = Minidregg.Kernel.ObjectiveActivityReceiver.Result.confirmed Minidregg.Compiler.DurableReceiverIO.Confirmation.replayed prior | Minidregg.Kernel.ObjectiveActivityReceiver.RecordedDisposition.charged cause => answer = Minidregg.Kernel.ObjectiveActivityReceiver.Result.charged Minidregg.Compiler.DurableReceiverIO.Confirmation.replayed prior cause
def	Minidregg.Kernel.ObjectiveActivityReceiver.BirthWire	75d58e4c6007fe410f4f001429e49cf2762924ec145ea9e61ca4059c03f003d7	89855d392aa192071e8a2b2230d30ecae8fc9de0c15fa6a53f6209226829292a	0ed195b5f44bab438f0972dec43823a4638248e3e1e32a20d054186d8291e5b4	ced57c2b1beffe3c	-	Type
inductive	Minidregg.Kernel.ObjectiveActivityReceiver.CallRefusalTerminal	dab412c5297be0fe8d84e7a7ee3340a75cb85b5f97f0602e9273c2aeb661bf6d	16946b93ac38405660f51e475eb5aa7d25b54f5e5677e0f6a10a4526cc071cbf	c5b14632c6f43d12c4ef9801735abad3b389e968ff35b1b4600a90be987fac14	d6f5626e48417614		Type
ctor	Minidregg.Kernel.ObjectiveActivityReceiver.CallRefusalTerminal.allowanceExceeded	0277b77aa42344269bd2860e10ecb6af8a6f1eddabfb5e6a86a98df45d3f473d	b27f0201b092e0413c33a7d1ca2fe0197650962b416e650c8c203a5351ee492f	ebd0cf908f797b349a9e4ca424314fa5bb43c3197c609836050c99c8efc2435b	c80eaba860cd3f61		ℕ → ℕ → Minidregg.Kernel.ObjectiveActivityReceiver.CallRefusalTerminal
def	Minidregg.Kernel.ObjectiveActivityReceiver.CallRefusalTerminal.allowanceExceeded.elim	c843db6714d15f2112d15254f1e26e583b08b27ea8f75cf0bb90fa76404b016a	34c72f7acb0736b1aa7c02f04cd5791c585587239546dbfea27244e4f3dc0f4f	82443ce7d64b2b875de6ecdff424a44d0f6a8863b30464f879800a0c25394d5a	103a9eafc7d48ec1	-	{motive : Minidregg.Kernel.ObjectiveActivityReceiver.CallRefusalTerminal → Sort u} → (t : Minidregg.Kernel.ObjectiveActivityReceiver.CallRefusalTerminal) → t.ctorIdx = 13 → ((needed held : ℕ) → motive (Minidregg.Kernel.ObjectiveActivityReceiver.CallRefusalTerminal.allowanceExceeded needed held)) → motive t
ctor	Minidregg.Kernel.ObjectiveActivityReceiver.CallRefusalTerminal.argumentType	41f4b669bda52f2b1ec8de50a45df1e1b264cd534407d091194e48152d200fbe	968745e405a8648ceee7a3b3fa9ea5dea4bcd1203cb40d4fc8739904643fbb00	86be565fcd5eadfe636769e0512f4716e8602f951e5301abb76480b427ef54c3	bd41cd8bb745abfb		ℕ → String → Minidregg.Kernel.ObjectiveActivityReceiver.CallRefusalTerminal
def	Minidregg.Kernel.ObjectiveActivityReceiver.CallRefusalTerminal.argumentType.elim	8c86dddd0a588da0c0ed9d4556eb5275990dd57aeed9ee7a84068f75417d52da	f42ebd638fef4ce78ffeb609212764d6df9c28a189c79c4e16745a0e975a5504	37fecf693def7895bf0dbb1dc9a8a484666e8d0602628024b5298691c333bfd8	cb11ebd0c9f174d9	-	{motive : Minidregg.Kernel.ObjectiveActivityReceiver.CallRefusalTerminal → Sort u} → (t : Minidregg.Kernel.ObjectiveActivityReceiver.CallRefusalTerminal) → t.ctorIdx = 15 → ((target : ℕ) → (method : String) → motive (Minidregg.Kernel.ObjectiveActivityReceiver.CallRefusalTerminal.argumentType target method)) → motive t
ctor	Minidregg.Kernel.ObjectiveActivityReceiver.CallRefusalTerminal.callShape	16f8c4030a987a07285493a3378b9354e14b3f142282a989eef370a752627de7	49dabbae1f4a8f0f3453b6accd926ea716ff9cd8a10c479f6fc74b4972ed31bd	88dd921ebec26a39ab31a569578792b9c43f99584df97bf446ce5d97b13783f8	e0fb3d53bae250d0		ℕ → String → String → Minidregg.Kernel.ObjectiveActivityReceiver.CallRefusalTerminal
def	Minidregg.Kernel.ObjectiveActivityReceiver.CallRefusalTerminal.callShape.elim	170c0de8b558818694ad9889d1968405c35bb355f42ad04ebc5a262a94f8f05a	f65150aa75d4868a4c4c661ecc52eb5d0739aa37a5aebbaba04f2c0adbbbda2f	4cd0e8389ce2f7ea6a44dce7314ded4930c50dcde19991d43f8050389e44c5e9	ba6584afcec6a3e8	-	{motive : Minidregg.Kernel.ObjectiveActivityReceiver.CallRefusalTerminal → Sort u} → (t : Minidregg.Kernel.ObjectiveActivityReceiver.CallRefusalTerminal) → t.ctorIdx = 16 → ((target : ℕ) → (method reason : String) → motive (Minidregg.Kernel.ObjectiveActivityReceiver.CallRefusalTerminal.callShape target method reason)) → motive t
ctor	Minidregg.Kernel.ObjectiveActivityReceiver.CallRefusalTerminal.continuationDepth	a02e1712365dd9ddf01d3249ff7d7be249a17a4428b5ea94e2f21bdf748a2992	338444b47e945dcfa744e3d17eced64d006b3dc053e5d064b86260d971174fbc	9325f15fcd5c245771ed8e14b8302ea2f17724ef54e16c00b9982c902c1b256d	a9da01daf7de4df6		ℕ → Minidregg.Kernel.ObjectiveActivityReceiver.CallRefusalTerminal
def	Minidregg.Kernel.ObjectiveActivityReceiver.CallRefusalTerminal.continuationDepth.elim	e3dc873bdc10341bafcd7550b19d1c3074811dcfae2061dcf44070b5adf520dd	c292435221823732271cac7b3f0c9b681ba05183084a14885eae411c52b86c08	67ec7ff96cf68deb8e716879e2c6e4e8f0c821c4cb7c2ecb94e127622be3b8d5	eb7cf1cc5c26df6e	-	{motive : Minidregg.Kernel.ObjectiveActivityReceiver.CallRefusalTerminal → Sort u} → (t : Minidregg.Kernel.ObjectiveActivityReceiver.CallRefusalTerminal) → t.ctorIdx = 11 → ((limit : ℕ) → motive (Minidregg.Kernel.ObjectiveActivityReceiver.CallRefusalTerminal.continuationDepth limit)) → motive t
ctor	Minidregg.Kernel.ObjectiveActivityReceiver.CallRefusalTerminal.depth	abdbbc103a3aaa95e839051b4bbfd94b3809a0b523c5b10fbae13850e98f5a70	338444b47e945dcfa744e3d17eced64d006b3dc053e5d064b86260d971174fbc	1228169838dd3b7739c9ae7ec143532f7036f9b83a190565f54355415b83353a	35a02a6ab6e46d1c		ℕ → Minidregg.Kernel.ObjectiveActivityReceiver.CallRefusalTerminal
def	Minidregg.Kernel.ObjectiveActivityReceiver.CallRefusalTerminal.depth.elim	62905f01e570f73241496b473efe499532560746238eedb36020313b8449374d	4a9dbac15e487a60c930c2442dc742321c589d3efeb88548bf3b7a82275bbc3a	51b1c02082b5bf7b1a04121cbd55d0018d4940e979251bf0fc01cd6c1958ab4a	ab2b8e8f21d5da47	-	{motive : Minidregg.Kernel.ObjectiveActivityReceiver.CallRefusalTerminal → Sort u} → (t : Minidregg.Kernel.ObjectiveActivityReceiver.CallRefusalTerminal) → t.ctorIdx = 4 → ((limit : ℕ) → motive (Minidregg.Kernel.ObjectiveActivityReceiver.CallRefusalTerminal.depth limit)) → motive t
ctor	Minidregg.Kernel.ObjectiveActivityReceiver.CallRefusalTerminal.drainConflict	4393ecf8af4072d394c18ce403586e2329a987e448892b1b07260c29aec26d9a	338444b47e945dcfa744e3d17eced64d006b3dc053e5d064b86260d971174fbc	a64ae85a451fb30dc2bd55e948216c5f5e8eb155f0b9b48b976dac855a665382	a3d5e8915cd9e0ec		ℕ → Minidregg.Kernel.ObjectiveActivityReceiver.CallRefusalTerminal
def	Minidregg.Kernel.ObjectiveActivityReceiver.CallRefusalTerminal.drainConflict.elim	4774e64c1a22db0b03b5c79864ff9529a1f7af5f5efbd5d9304b3fac3fcf0c77	80d0f13c79bfe9b99e67c56a839b149f2616930a4103feca17b3852150421917	5af5b0af525efac6429dd3a933d5db4933264a7470944761d9e2cf9556da0f5d	80eb14e96beedf57	-	{motive : Minidregg.Kernel.ObjectiveActivityReceiver.CallRefusalTerminal → Sort u} → (t : Minidregg.Kernel.ObjectiveActivityReceiver.CallRefusalTerminal) → t.ctorIdx = 32 → ((target : ℕ) → motive (Minidregg.Kernel.ObjectiveActivityReceiver.CallRefusalTerminal.drainConflict target)) → motive t
ctor	Minidregg.Kernel.ObjectiveActivityReceiver.CallRefusalTerminal.exhausted	196ffa166a9442982ecc18beed4b480fbb389630bdc01a1c600fe9e3123ae1e1	a4ca18ae4908257d0fa9a482d4c5dc4b4008feeb432d0be68f8a1eb36de4b34c	e88c7c64a5d05ec6433b03a9f6587a1f549cd5bbec741df782499c439549cccc	605cca9eaf6a6b1d		Minidregg.Kernel.ObjectiveActivityReceiver.CallRefusalTerminal
def	Minidregg.Kernel.ObjectiveActivityReceiver.CallRefusalTerminal.exhausted.elim	e48d517f25d3575650fa2e5ea3a7a1f59f6cc3f1b399e041cbfdbe63f58c1791	57c9f104e363a63e96e5cfe58d78e19955079b731db1e3d980ebded50ddc7655	a242a4a8e012402363aaa019f41f44d92431fc0bc17a74e448aa746d5e29475a	aec27ffdc65c8e32	-	{motive : Minidregg.Kernel.ObjectiveActivityReceiver.CallRefusalTerminal → Sort u} → (t : Minidregg.Kernel.ObjectiveActivityReceiver.CallRefusalTerminal) → t.ctorIdx = 25 → motive Minidregg.Kernel.ObjectiveActivityReceiver.CallRefusalTerminal.exhausted → motive t
ctor	Minidregg.Kernel.ObjectiveActivityReceiver.CallRefusalTerminal.extractionAllowanceExhausted	ebce7f750b49d395abcbcc6a40d87c98f79a10a8a51f24ff0c78d25a079e8244	a4ca18ae4908257d0fa9a482d4c5dc4b4008feeb432d0be68f8a1eb36de4b34c	1fe22951b5c1253ff41b7760a96d97ed0c9bfe5129c88f2476f969009ee832d1	9be5ccd6e63718ee		Minidregg.Kernel.ObjectiveActivityReceiver.CallRefusalTerminal
def	Minidregg.Kernel.ObjectiveActivityReceiver.CallRefusalTerminal.extractionAllowanceExhausted.elim	d8c41b4f3d6dfc3c063ea8e7d1346e76fb268d4ca9e894944f9651b0acf293e0	167b25e1c30b8cc89c3fccc60fd9ce2f88093bc0d1b970cb15137775adc515c8	a3e6e35a20300b9458cf0d9d1dce0d5e6c30e3e38b28b8e00ad00cc863a0f42e	fac45c2ab99d3153	-	{motive : Minidregg.Kernel.ObjectiveActivityReceiver.CallRefusalTerminal → Sort u} → (t : Minidregg.Kernel.ObjectiveActivityReceiver.CallRefusalTerminal) → t.ctorIdx = 0 → motive Minidregg.Kernel.ObjectiveActivityReceiver.CallRefusalTerminal.extractionAllowanceExhausted → motive t
ctor	Minidregg.Kernel.ObjectiveActivityReceiver.CallRefusalTerminal.extractionFailed	2c1e6ac14ecfd0edb48a203945f2963027716a508c85280e73c1277a0dff916f	651e2e84bb1859fd33ffc9cfaed160942acac95755d65b6a33096c8a6619a318	fb6701c6dff56dd059938e5db8bd1673d9e73308950603a0d60d392597866c3c	ce2e3df78b7d2de8		String → Minidregg.Kernel.ObjectiveActivityReceiver.CallRefusalTerminal
def	Minidregg.Kernel.ObjectiveActivityReceiver.CallRefusalTerminal.extractionFailed.elim	99a05861c07189b018df73651de68a03398a8bd4b29de89ac0823c3aabda26b0	8441bb5be7005a046147963f304de4479028b2c9c243aebd730185b61594d931	73ec44f1a9292f90d089f533adf6eb4de4de5889263d2746228957643eea0695	210317b60a4a813a	-	{motive : Minidregg.Kernel.ObjectiveActivityReceiver.CallRefusalTerminal → Sort u} → (t : Minidregg.Kernel.ObjectiveActivityReceiver.CallRefusalTerminal) → t.ctorIdx = 1 → ((reason : String) → motive (Minidregg.Kernel.ObjectiveActivityReceiver.CallRefusalTerminal.extractionFailed reason)) → motive t
ctor	Minidregg.Kernel.ObjectiveActivityReceiver.CallRefusalTerminal.fanOut	1914e1a11a84eabdae0a99d18477e2fdf4adfdbc9d17ddc1094fdfb3ab5017b3	338444b47e945dcfa744e3d17eced64d006b3dc053e5d064b86260d971174fbc	603ba660c67b12c10fcea2dd3513de75c8e4eb911b4b94d423facc2b232b5fcf	6905ed94568228c1		ℕ → Minidregg.Kernel.ObjectiveActivityReceiver.CallRefusalTerminal
def	Minidregg.Kernel.ObjectiveActivityReceiver.CallRefusalTerminal.fanOut.elim	7a2ad48f9a81c94a500087edd93de823ae9375e622fc81b6e467d62251a78836	2c46c51d767d54140a427209733fad6f01ab4e5f94bf061aedd81f14de0cbe46	8835e2b414cb16c6915002b85fa70df90ba3de5913f75fc3271581a632faa526	2814a0fa43d6c777	-	{motive : Minidregg.Kernel.ObjectiveActivityReceiver.CallRefusalTerminal → Sort u} → (t : Minidregg.Kernel.ObjectiveActivityReceiver.CallRefusalTerminal) → t.ctorIdx = 12 → ((limit : ℕ) → motive (Minidregg.Kernel.ObjectiveActivityReceiver.CallRefusalTerminal.fanOut limit)) → motive t
ctor	Minidregg.Kernel.ObjectiveActivityReceiver.CallRefusalTerminal.frameFault	9b9b1fcf7d97c3e333ef664961fa1742e921c94c89ac2cfdc8ec2f3e70950927	49dabbae1f4a8f0f3453b6accd926ea716ff9cd8a10c479f6fc74b4972ed31bd	7f8448a7ab2b133ef2f273f4cc3cffdf5398fd1cbe040cffde3447ff4db3605d	474f99871e6a10df		ℕ → String → String → Minidregg.Kernel.ObjectiveActivityReceiver.CallRefusalTerminal
def	Minidregg.Kernel.ObjectiveActivityReceiver.CallRefusalTerminal.frameFault.elim	cfa87fcd946c14f7a862f07ae6ba83f4b69040b028a45e0d8a3122886cd730fa	fc144274868a33e502a115fbeb53f85ba35a0e58f4ba23a53c222649100eb3cd	d98398173a931e64ef87e33ffe01d1f8d3408ed11917f7c09ba1b03d4f42e7e8	e5ffd6758c78733c	-	{motive : Minidregg.Kernel.ObjectiveActivityReceiver.CallRefusalTerminal → Sort u} → (t : Minidregg.Kernel.ObjectiveActivityReceiver.CallRefusalTerminal) → t.ctorIdx = 17 → ((target : ℕ) → (method reason : String) → motive (Minidregg.Kernel.ObjectiveActivityReceiver.CallRefusalTerminal.frameFault target method reason)) → motive t
ctor	Minidregg.Kernel.ObjectiveActivityReceiver.CallRefusalTerminal.frontEndExhausted	f1d16038393bbab3c5873919d523d0eb0d2be70f1cb5d17dab29282f8ee86b55	c05d5db49cfc52c5f357451f6adfaeee105062f6649e23031707a401244bf33f	49680935ebb4456d1204fe10131adc1f6535a6fdee69fd3ae069d5ea913b2462	3fab9b1cede57a29		Minidregg.Kernel.ObjectiveWorkAccount.Stage → ℕ → ℕ → Minidregg.Kernel.ObjectiveActivityReceiver.CallRefusalTerminal
def	Minidregg.Kernel.ObjectiveActivityReceiver.CallRefusalTerminal.frontEndExhausted.elim	097887664ad8c5805604553e6a6d14a82a44ea9c070a2940b6133a9389574bd1	b6756adbf4eb0fb1ef0a57f19550eb2a07e7755c06bd17375512b450dd09c057	194a2812a0eb92697b27a929e96c1601e39641389f4ac50a9d1ef7945fa41c8a	2a5763de5215050d	-	{motive : Minidregg.Kernel.ObjectiveActivityReceiver.CallRefusalTerminal → Sort u} → (t : Minidregg.Kernel.ObjectiveActivityReceiver.CallRefusalTerminal) → t.ctorIdx = 6 → ((stage : Minidregg.Kernel.ObjectiveWorkAccount.Stage) → (needed left : ℕ) → motive (Minidregg.Kernel.ObjectiveActivityReceiver.CallRefusalTerminal.frontEndExhausted stage needed left)) → motive t
ctor	Minidregg.Kernel.ObjectiveActivityReceiver.CallRefusalTerminal.grantMismatch	e84cc50defffa60b26ccf221cb3c71b4fd570cc05ca34b27776438087962a420	d962d93c2814dbd60e1df0d0c8c42baafe123c03b3895dd76e0c8119efe7584b	a95d722274b64ccf2edd7f7bd0c93213d8874ba0dab470c7070ca08181b224ff	e2982d851e8051fc		ℕ → String → Minidregg.Kernel.ObjectiveCall.GrantField → Minidregg.Kernel.ObjectiveActivityReceiver.CallRefusalTerminal
def	Minidregg.Kernel.ObjectiveActivityReceiver.CallRefusalTerminal.grantMismatch.elim	5b6b4659613d3f2c1c16f683e1b970d5d8a38986a477154c2f05e68f5e5f8a74	0ed0c9cb63adbe8829877bea15cf3781406538b43e4514a78f0525859e64c86b	d8cfa46d2177b466b06e3731d6495b814562d05bc40289d16fc5b38f6f594798	19aa3e4850f537c3	-	{motive : Minidregg.Kernel.ObjectiveActivityReceiver.CallRefusalTerminal → Sort u} → (t : Minidregg.Kernel.ObjectiveActivityReceiver.CallRefusalTerminal) → t.ctorIdx = 20 → ((target : ℕ) → (method : String) → (field : Minidregg.Kernel.ObjectiveCall.GrantField) → motive (Minidregg.Kernel.ObjectiveActivityReceiver.CallRefusalTerminal.grantMismatch target method field)) → motive t
ctor	Minidregg.Kernel.ObjectiveActivityReceiver.CallRefusalTerminal.grantSpent	51edfd0810a6e7b48b1ce4ab3642f2051f9d62749c08a71494f4b5a7e212edfb	968745e405a8648ceee7a3b3fa9ea5dea4bcd1203cb40d4fc8739904643fbb00	2bcf32afbf8bcdf4583ef999cee4d4493b2589664a8ae2f88ef5a4da527f1f1b	1b4dfba8bb06f6db		ℕ → String → Minidregg.Kernel.ObjectiveActivityReceiver.CallRefusalTerminal
def	Minidregg.Kernel.ObjectiveActivityReceiver.CallRefusalTerminal.grantSpent.elim	5cecb58da8ba9679615a6b2f9a170adb4c0a6856e4c7f99f8b26d8685141f8ab	3c83b3cc3a07ac4903747892a62902932dc55669bc56db0ecfe4c4f44afa48d3	153e467084340203ba661282580aca5eaaa0944756e85406cc0e191cbdf0be2c	4ff4ea2d0c32f916	-	{motive : Minidregg.Kernel.ObjectiveActivityReceiver.CallRefusalTerminal → Sort u} → (t : Minidregg.Kernel.ObjectiveActivityReceiver.CallRefusalTerminal) → t.ctorIdx = 19 → ((target : ℕ) → (method : String) → motive (Minidregg.Kernel.ObjectiveActivityReceiver.CallRefusalTerminal.grantSpent target method)) → motive t
ctor	Minidregg.Kernel.ObjectiveActivityReceiver.CallRefusalTerminal.inboxCodec	95330013ed1b0ed6428fa001e029a21fe10184d13233f4cc439617a42f806b5e	b27f0201b092e0413c33a7d1ca2fe0197650962b416e650c8c203a5351ee492f	aca7ead3a31e9785094fe0937ad7b2583a8c8eebd95e7fe5f7714831cd9a6342	2c68428d9a562093		ℕ → ℕ → Minidregg.Kernel.ObjectiveActivityReceiver.CallRefusalTerminal
def	Minidregg.Kernel.ObjectiveActivityReceiver.CallRefusalTerminal.inboxCodec.elim	5485e39b3b82e03549d09e8e04637d1dcd84c131df9ceea2a0d71a25caa1ae4c	1517d68664b109bdb4c0e2ab6d7c3af476b566f25be4f23e139844c0ac011bba	612721af1fa98a22baad7186742deec43e08dc149cb3e02e1e9dd0172b823cff	6b581056eac2e99c	-	{motive : Minidregg.Kernel.ObjectiveActivityReceiver.CallRefusalTerminal → Sort u} → (t : Minidregg.Kernel.ObjectiveActivityReceiver.CallRefusalTerminal) → t.ctorIdx = 30 → ((sender target : ℕ) → motive (Minidregg.Kernel.ObjectiveActivityReceiver.CallRefusalTerminal.inboxCodec sender target)) → motive t
ctor	Minidregg.Kernel.ObjectiveActivityReceiver.CallRefusalTerminal.kernel	b3daed574f99fe328c17ddc1f40e4e2a4ff8565dfb959503eaa0fde8a14cef13	ae581284d2d00e7389c01e67f7bd97756aeabbf15968e3d69ef45176a10ec975	403734f0886cbd15ae0e08b0434586f3d0e430f4650d01cbbce84be7ba5bab57	3bc58b67197dbc21		Minidregg.Kernel.ObjectiveActivity.Refusal → Minidregg.Kernel.ObjectiveActivityReceiver.CallRefusalTerminal
def	Minidregg.Kernel.ObjectiveActivityReceiver.CallRefusalTerminal.kernel.elim	e72f14d2a543b797de736614fa3331222f25819fff8fd470a2f97807732226d4	86dfea43509d4aa950ab449893e177a3f564760045e53d5e8df67e6a92b3bb77	59c95d4602c1cfe7d6fe28405906e9683c5194789a584197a592953b41632cfe	170251da316fefad	-	{motive : Minidregg.Kernel.ObjectiveActivityReceiver.CallRefusalTerminal → Sort u} → (t : Minidregg.Kernel.ObjectiveActivityReceiver.CallRefusalTerminal) → t.ctorIdx = 2 → ((reason : Minidregg.Kernel.ObjectiveActivity.Refusal) → motive (Minidregg.Kernel.ObjectiveActivityReceiver.CallRefusalTerminal.kernel reason)) → motive t
ctor	Minidregg.Kernel.ObjectiveActivityReceiver.CallRefusalTerminal.lawDenied	74bfb9c6f0cf021fd5df228f9efbd724a00f1a2f690643ca56522e0c26af675b	5fb567a5e904c6ee9e52bb5d09dbc88c5e6e8b2cde48ebf5dd444dee063cabc0	9edb48916b5eb85837c67b7319a9b0fbf629b73eab23d0df69097652dfb993e4	9173394c6d63192b		ℕ → String → Minidregg.Kernel.ObjectRecord.WriteRefusal → Minidregg.Kernel.ObjectiveActivityReceiver.CallRefusalTerminal
def	Minidregg.Kernel.ObjectiveActivityReceiver.CallRefusalTerminal.lawDenied.elim	02e4da31b792fc3c16c4f6b25375b42ab8b73a28fa1fda291ecc3bff6d45461a	7cffc82bfa9a944b84561879853e6fce8a546ee2df02b87296723448b854fbe3	7afeb199e5e4893e387fdde667ce28ad4609d244f2aaa67ccdbb4c51c24e853a	2581fbd5a216508e	-	{motive : Minidregg.Kernel.ObjectiveActivityReceiver.CallRefusalTerminal → Sort u} → (t : Minidregg.Kernel.ObjectiveActivityReceiver.CallRefusalTerminal) → t.ctorIdx = 24 → ((target : ℕ) → (method : String) → (reason : Minidregg.Kernel.ObjectRecord.WriteRefusal) → motive (Minidregg.Kernel.ObjectiveActivityReceiver.CallRefusalTerminal.lawDenied target method reason)) → motive t
ctor	Minidregg.Kernel.ObjectiveActivityReceiver.CallRefusalTerminal.messageWide	68a34a85c28d6d4845174fbcaf102c57724db379de02aadd0f4a819af1d6e4f0	338444b47e945dcfa744e3d17eced64d006b3dc053e5d064b86260d971174fbc	deebdd48932a9ce7f7799a9be496fec726ea57b955c3cec7dba4d5c3bd95de7d	c15428b0a67187d2		ℕ → Minidregg.Kernel.ObjectiveActivityReceiver.CallRefusalTerminal
def	Minidregg.Kernel.ObjectiveActivityReceiver.CallRefusalTerminal.messageWide.elim	d8858cec2cf5ca73cb5bcf92e28655089d7360b3c48067654f3b39971445ca08	a4911fc87a3369b1d7673e0b6c5fb0e270fceac4870b612acf458a721fc6d68e	684a40a2b49fdfa44d81b8abfadafabb941d4555624907d406b305cf817cc190	3357672a9c94fe5e	-	{motive : Minidregg.Kernel.ObjectiveActivityReceiver.CallRefusalTerminal → Sort u} → (t : Minidregg.Kernel.ObjectiveActivityReceiver.CallRefusalTerminal) → t.ctorIdx = 14 → ((entryId : ℕ) → motive (Minidregg.Kernel.ObjectiveActivityReceiver.CallRefusalTerminal.messageWide entryId)) → motive t
ctor	Minidregg.Kernel.ObjectiveActivityReceiver.CallRefusalTerminal.notAnObject	b370f6fb6b8764dbb3c055e291462df4d4f384c2621e4c48fa1d88085dd6444a	338444b47e945dcfa744e3d17eced64d006b3dc053e5d064b86260d971174fbc	bb7e15adc3881e3b726ec8cbf17f489728b807efe47fd83f5b153971cd46490a	c613ac3833396fa4		ℕ → Minidregg.Kernel.ObjectiveActivityReceiver.CallRefusalTerminal
def	Minidregg.Kernel.ObjectiveActivityReceiver.CallRefusalTerminal.notAnObject.elim	68969847063313c786e6b24e6b245022ca309e144afad577facf0b2f86f7b50e	40ab42278a97aab293d6016e015767a9ba686323582c2c72199c309e2b944ffc	7afac28fe8d844f4aecdc160dce0f62585361206b70240c855ee1acb0ff9a3d7	27cf1a2508e50c5a	-	{motive : Minidregg.Kernel.ObjectiveActivityReceiver.CallRefusalTerminal → Sort u} → (t : Minidregg.Kernel.ObjectiveActivityReceiver.CallRefusalTerminal) → t.ctorIdx = 5 → ((target : ℕ) → motive (Minidregg.Kernel.ObjectiveActivityReceiver.CallRefusalTerminal.notAnObject target)) → motive t
ctor	Minidregg.Kernel.ObjectiveActivityReceiver.CallRefusalTerminal.notCallable	17707c0ff28d03e830d453caac5814d064b5507c1c966c10a9cf397c99951d15	49dabbae1f4a8f0f3453b6accd926ea716ff9cd8a10c479f6fc74b4972ed31bd	2ec8623ba6f2d1c428f5686a92dc82b67bce6e1ef0c3f44bda41fe0d45215f0d	c8b494c63db1b4d6		ℕ → String → String → Minidregg.Kernel.ObjectiveActivityReceiver.CallRefusalTerminal
def	Minidregg.Kernel.ObjectiveActivityReceiver.CallRefusalTerminal.notCallable.elim	1a20323b4c9126730da0200f169426b000556f36d7ed6dcbd50208a76315348d	bc0a97f915cae937edc07cc11bd4f0b48bfdf7fe993dda8fce2a48285782e11d	423b00579e0a6c4fe493b438f2110fcc337cacc18f34b93e6ee90cdc71d5b03f	639c8ea8ce8992ba	-	{motive : Minidregg.Kernel.ObjectiveActivityReceiver.CallRefusalTerminal → Sort u} → (t : Minidregg.Kernel.ObjectiveActivityReceiver.CallRefusalTerminal) → t.ctorIdx = 9 → ((target : ℕ) → (method reason : String) → motive (Minidregg.Kernel.ObjectiveActivityReceiver.CallRefusalTerminal.notCallable target method reason)) → motive t
ctor	Minidregg.Kernel.ObjectiveActivityReceiver.CallRefusalTerminal.notControllable	bb4b73d4af2a8aefa395400d51091400c4a4c95ae6660e656ba1ff3d35d2c3f7	338444b47e945dcfa744e3d17eced64d006b3dc053e5d064b86260d971174fbc	a0fa95f235ba27c7838fd12d2dddb3fce0cdcf195c90650b0be824a55505d675	5347cf25ce048d34		ℕ → Minidregg.Kernel.ObjectiveActivityReceiver.CallRefusalTerminal
def	Minidregg.Kernel.ObjectiveActivityReceiver.CallRefusalTerminal.notControllable.elim	71ddc75aa03e5fb7f3e5b5f732aa6c07c9610f3effe37a6c23c6b167fcdb8ca2	89ee0a70388cb8faf57aa3c19cc8d4187f8f5fc0ae67e99ddfbcee07a62f88e7	bb065124a191328c36f34553cb5b639adb68b81449f05093dee3e26e71cb60ac	140d68fa0b91d109	-	{motive : Minidregg.Kernel.ObjectiveActivityReceiver.CallRefusalTerminal → Sort u} → (t : Minidregg.Kernel.ObjectiveActivityReceiver.CallRefusalTerminal) → t.ctorIdx = 21 → ((slot : ℕ) → motive (Minidregg.Kernel.ObjectiveActivityReceiver.CallRefusalTerminal.notControllable slot)) → motive t
ctor	Minidregg.Kernel.ObjectiveActivityReceiver.CallRefusalTerminal.notDeliverable	0b9381abf188f485c8647c1fd23bcb5916f6c73a13fcc55f3af0ee5184ea0236	49dabbae1f4a8f0f3453b6accd926ea716ff9cd8a10c479f6fc74b4972ed31bd	56c0452bf588a8db8b4e6da177e351eaf12cfe2b4d170ad2230622759e27d4d3	c0beeafae218946b		ℕ → String → String → Minidregg.Kernel.ObjectiveActivityReceiver.CallRefusalTerminal
def	Minidregg.Kernel.ObjectiveActivityReceiver.CallRefusalTerminal.notDeliverable.elim	782a46a434dd8a84869c4bb8b9f851c7515071083c162c65a6398b88f92389ed	1f525aa0849e0fad1bddcde58495061d996b2faa385654c376b8f1506450c5b5	0ba78b285372040874964b8eb12ccd924af8cce62e77c4218a60ee0bf454071b	7a34b7fee0c2c506	-	{motive : Minidregg.Kernel.ObjectiveActivityReceiver.CallRefusalTerminal → Sort u} → (t : Minidregg.Kernel.ObjectiveActivityReceiver.CallRefusalTerminal) → t.ctorIdx = 10 → ((target : ℕ) → (method reason : String) → motive (Minidregg.Kernel.ObjectiveActivityReceiver.CallRefusalTerminal.notDeliverable target method reason)) → motive t
ctor	Minidregg.Kernel.ObjectiveActivityReceiver.CallRefusalTerminal.notPipelinable	4c21845bacf0dfae0f67b773ffd88ece6b275342f9621fb76487ebbbd4349e97	338444b47e945dcfa744e3d17eced64d006b3dc053e5d064b86260d971174fbc	e24bc8944afe2099ebfac432fed95b3303695870afc7c4c6fb5b40c19079f95b	82e61f0879c276b6		ℕ → Minidregg.Kernel.ObjectiveActivityReceiver.CallRefusalTerminal
def	Minidregg.Kernel.ObjectiveActivityReceiver.CallRefusalTerminal.notPipelinable.elim	927a3dc6735410f5d90c285e0a8d0552803492997da50b24aae78309be697442	b138d5d372ab22ad4147c085da52af13bccba27714b42ffc639eeeb4408415aa	a481cac006d479f51d788adc9b8065faf5f6961df1bef47fd83fa7aca3366846	d05d0c1294a87f93	-	{motive : Minidregg.Kernel.ObjectiveActivityReceiver.CallRefusalTerminal → Sort u} → (t : Minidregg.Kernel.ObjectiveActivityReceiver.CallRefusalTerminal) → t.ctorIdx = 28 → ((slot : ℕ) → motive (Minidregg.Kernel.ObjectiveActivityReceiver.CallRefusalTerminal.notPipelinable slot)) → motive t
ctor	Minidregg.Kernel.ObjectiveActivityReceiver.CallRefusalTerminal.notSender	df77908084f18d30afb0f679df5ba202611407069b92ca0e36d84c63fb524034	b27f0201b092e0413c33a7d1ca2fe0197650962b416e650c8c203a5351ee492f	9f9274c97376cc605af61f1a638354eebc2a9fae6e190bd63dd3cab7294ef8d7	166ff7ff11fdd6d8		ℕ → ℕ → Minidregg.Kernel.ObjectiveActivityReceiver.CallRefusalTerminal
def	Minidregg.Kernel.ObjectiveActivityReceiver.CallRefusalTerminal.notSender.elim	d36f6168b23ff4c5ab491eb142271d4b1bc60f3b9e4944d22aba7ba07e749757	d63fa61687692eb56017d008d7732d7ba91f0386e2dfae36b9f4b029cfd79c8a	52a5ec4117138ca49f9d223b63302f2eafbc11c97175cafef33486cd2b828789	05afe8b052197321	-	{motive : Minidregg.Kernel.ObjectiveActivityReceiver.CallRefusalTerminal → Sort u} → (t : Minidregg.Kernel.ObjectiveActivityReceiver.CallRefusalTerminal) → t.ctorIdx = 22 → ((slot sender : ℕ) → motive (Minidregg.Kernel.ObjectiveActivityReceiver.CallRefusalTerminal.notSender slot sender)) → motive t
ctor	Minidregg.Kernel.ObjectiveActivityReceiver.CallRefusalTerminal.packageCell	f022e9f6bbc53de3b67c26830af485dda12bc7b82f788ff104873159fb1e035d	338444b47e945dcfa744e3d17eced64d006b3dc053e5d064b86260d971174fbc	83f612b13ce58f11ebb28ad17f43480c35cea33826203c86e8ecf92ad055d3cc	d890148aff289c66		ℕ → Minidregg.Kernel.ObjectiveActivityReceiver.CallRefusalTerminal
def	Minidregg.Kernel.ObjectiveActivityReceiver.CallRefusalTerminal.packageCell.elim	0c37a681f6c4aa01b450db277cd02bf2adb01e66c0e809349db1f651d415aa18	f127db4614942711c00ec60643a8285b06f41c2e319c48f1f5c6d84661497951	b786830af7e1f673de1867ab8fd9d2a72da248724b03ade28afe261713c74572	0b005f0a364e4d06	-	{motive : Minidregg.Kernel.ObjectiveActivityReceiver.CallRefusalTerminal → Sort u} → (t : Minidregg.Kernel.ObjectiveActivityReceiver.CallRefusalTerminal) → t.ctorIdx = 31 → ((cell : ℕ) → motive (Minidregg.Kernel.ObjectiveActivityReceiver.CallRefusalTerminal.packageCell cell)) → motive t
ctor	Minidregg.Kernel.ObjectiveActivityReceiver.CallRefusalTerminal.postageFrontEnd	4e63e17cb6e42e278ac840a8520d25890cee3182a7065c7dd28c7c4f3adc593a	383a20d29fd7b568d28ae75169d55a18ace040a29a40581e633cb0bb08b321f0	d5721a965ecd0b86b121047852a68dcd358458369bb9b46dd39b35b1d17c9732	01580661be3dbfc6		ℕ → Minidregg.Kernel.ObjectiveWorkAccount.Stage → ℕ → ℕ → Minidregg.Kernel.ObjectiveActivityReceiver.CallRefusalTerminal
def	Minidregg.Kernel.ObjectiveActivityReceiver.CallRefusalTerminal.postageFrontEnd.elim	f2c50293ff7aa6cb5e4bec6e5c4ca2ea39438b0f2200a14dcb3ca73a7e930c40	22b755cfb807e23fb96f9295536409821374862a9a6dce345060a834caeea1d1	d19be7e3b999c0f5a33ff82bce1ff450f50d8ea78682d88ccf3cd12e1a6263a2	80a9ae908897043d	-	{motive : Minidregg.Kernel.ObjectiveActivityReceiver.CallRefusalTerminal → Sort u} → (t : Minidregg.Kernel.ObjectiveActivityReceiver.CallRefusalTerminal) → t.ctorIdx = 7 → ((target : ℕ) → (stage : Minidregg.Kernel.ObjectiveWorkAccount.Stage) → (needed declared : ℕ) → motive (Minidregg.Kernel.ObjectiveActivityReceiver.CallRefusalTerminal.postageFrontEnd target stage needed declared)) → motive t
ctor	Minidregg.Kernel.ObjectiveActivityReceiver.CallRefusalTerminal.queueFull	d005b06ccc6e647a1ed50bf367519db656ff3010b27cf0f39fa68386bb6d2d29	b27f0201b092e0413c33a7d1ca2fe0197650962b416e650c8c203a5351ee492f	16577e91febceade79f15be192f377c9549dd669137a3d098db115d682762c5d	2500a630c3a19100		ℕ → ℕ → Minidregg.Kernel.ObjectiveActivityReceiver.CallRefusalTerminal
def	Minidregg.Kernel.ObjectiveActivityReceiver.CallRefusalTerminal.queueFull.elim	848e8c1c1f2e09345c045aad073e26a4f063457aa036341f33de947102e242f5	09449179bf07a53e2f0b8c1ae7ac0dc7e113f521d3ae1d77399d00716b43a295	f2272ec46e7746e5e85f4cda3de21103af088d5ac8a29be37c12f81b1b47d84c	c394a0d7ab06a9b4	-	{motive : Minidregg.Kernel.ObjectiveActivityReceiver.CallRefusalTerminal → Sort u} → (t : Minidregg.Kernel.ObjectiveActivityReceiver.CallRefusalTerminal) → t.ctorIdx = 26 → ((sender target : ℕ) → motive (Minidregg.Kernel.ObjectiveActivityReceiver.CallRefusalTerminal.queueFull sender target)) → motive t
ctor	Minidregg.Kernel.ObjectiveActivityReceiver.CallRefusalTerminal.reentry	264b405617613c688df5927a05ff3f23c52353ee25f34c647e12b641b7d9e79a	d507d0dec95412219bebe1791d1d82492ffd3c7afafc2eb77420f8eaf6c25ca3	e9f82a9ad8e790598f92c127dbab6fb21b1e61818e0e4c9e8a836d3156033cdf	578fc92b360fabb8		ℕ → List ℕ → Minidregg.Kernel.ObjectiveActivityReceiver.CallRefusalTerminal
def	Minidregg.Kernel.ObjectiveActivityReceiver.CallRefusalTerminal.reentry.elim	373a4a68e356840ef70ecc708481b88a34b25e4cea44ed162726bc742c1a6b72	6e1a748d03b1a9ecbffb29d9b29083fd86304b161df27112ce4aae751a21cff3	f7633e23c20358439e8b1c033798f24172bdc612132b0d9d6a79e0102c47be06	f1c8cbb05e62afbe	-	{motive : Minidregg.Kernel.ObjectiveActivityReceiver.CallRefusalTerminal → Sort u} → (t : Minidregg.Kernel.ObjectiveActivityReceiver.CallRefusalTerminal) → t.ctorIdx = 3 → ((target : ℕ) → (stack : List ℕ) → motive (Minidregg.Kernel.ObjectiveActivityReceiver.CallRefusalTerminal.reentry target stack)) → motive t
ctor	Minidregg.Kernel.ObjectiveActivityReceiver.CallRefusalTerminal.resultType	874bc69a14c600adaf246523b699569818b1a73ef6977e121deef82565dcd717	968745e405a8648ceee7a3b3fa9ea5dea4bcd1203cb40d4fc8739904643fbb00	94d694e3af8b58e416f6ee28d53c49b94a39492de1afcb4182fd038cf94d6bbb	826b9907a1abb40b		ℕ → String → Minidregg.Kernel.ObjectiveActivityReceiver.CallRefusalTerminal
def	Minidregg.Kernel.ObjectiveActivityReceiver.CallRefusalTerminal.resultType.elim	5cc1de233efd95ae6b16e121cdd1ff158ead573b420d8035869c1586e3b1cc50	2c5ffb05cc6b3976877aec613c24ceac63c93614dcee3d52e8abee02d904aac4	db368dd992b109b6bf7d65645b61c5e2b662525f512614bb8540cc7dce75bf46	6474f94dfe9d65ec	-	{motive : Minidregg.Kernel.ObjectiveActivityReceiver.CallRefusalTerminal → Sort u} → (t : Minidregg.Kernel.ObjectiveActivityReceiver.CallRefusalTerminal) → t.ctorIdx = 18 → ((caller : ℕ) → (method : String) → motive (Minidregg.Kernel.ObjectiveActivityReceiver.CallRefusalTerminal.resultType caller method)) → motive t
ctor	Minidregg.Kernel.ObjectiveActivityReceiver.CallRefusalTerminal.slotInbox	2e07ff3bfb7d64e912d19c049f5b429b21b4f040e59dae93358e87bd65afa254	968745e405a8648ceee7a3b3fa9ea5dea4bcd1203cb40d4fc8739904643fbb00	4ecb68606f231cdbf0aaa5127c8c835235ffdb3b621be82605d770cec9bf9a4b	e7b4f8fee6146832		ℕ → String → Minidregg.Kernel.ObjectiveActivityReceiver.CallRefusalTerminal
def	Minidregg.Kernel.ObjectiveActivityReceiver.CallRefusalTerminal.slotInbox.elim	5f563d29c2164f57b503480a1ea2eada7f3e5c4894db34cf512634e72f8812b0	62b8d8b6293883bc372e9d70381b4ae2615d20ebb31b80eef9c6863ecbc9ed1e	f47bbd2abc1a53f2507e20716b2c4991d27028c8c46b3c76f329b9ecd53f2142	39d562d948b13b5f	-	{motive : Minidregg.Kernel.ObjectiveActivityReceiver.CallRefusalTerminal → Sort u} → (t : Minidregg.Kernel.ObjectiveActivityReceiver.CallRefusalTerminal) → t.ctorIdx = 23 → ((slot : ℕ) → (reason : String) → motive (Minidregg.Kernel.ObjectiveActivityReceiver.CallRefusalTerminal.slotInbox slot reason)) → motive t
ctor	Minidregg.Kernel.ObjectiveActivityReceiver.CallRefusalTerminal.slotQueueFull	7311f179d73e4472051786f9019f9c797a5003d5c24ec7680dc53edb213178e5	338444b47e945dcfa744e3d17eced64d006b3dc053e5d064b86260d971174fbc	468a2766dc127399631186a5e717cadb5c7d9093222b53d841ec72002ba9a4cc	fb99d54017ea9215		ℕ → Minidregg.Kernel.ObjectiveActivityReceiver.CallRefusalTerminal
def	Minidregg.Kernel.ObjectiveActivityReceiver.CallRefusalTerminal.slotQueueFull.elim	ccd83b7b358f4ddd4d8d5aa1bdbc3f00eebe9a32eae8bee0578b47302f1571da	c96db59c15f80caf856f975c282b0a3238b77afb3224f934a489fb3f493b5116	a4cfca51b46d4b29c4d04838f59d4f04608a49401cf46174f73318426764fcb9	851f4109d4143ccb	-	{motive : Minidregg.Kernel.ObjectiveActivityReceiver.CallRefusalTerminal → Sort u} → (t : Minidregg.Kernel.ObjectiveActivityReceiver.CallRefusalTerminal) → t.ctorIdx = 27 → ((slot : ℕ) → motive (Minidregg.Kernel.ObjectiveActivityReceiver.CallRefusalTerminal.slotQueueFull slot)) → motive t
ctor	Minidregg.Kernel.ObjectiveActivityReceiver.CallRefusalTerminal.slotTaken	4e3dffaefd804879896811164b6064fd677b2dc6a41c4803e936068beda744c5	338444b47e945dcfa744e3d17eced64d006b3dc053e5d064b86260d971174fbc	7ee236938b05309f751579fda0aa50dae3c3742cc4b22adf56b070178044ceba	925c5f4cab2a1bb5		ℕ → Minidregg.Kernel.ObjectiveActivityReceiver.CallRefusalTerminal
def	Minidregg.Kernel.ObjectiveActivityReceiver.CallRefusalTerminal.slotTaken.elim	d31fb45846afd11c21e35a53b5d86a8ca7baa4ffc3738044ab65d98f9389aa7f	5f8a99730168ed016ddc606f83bca6306c75740d5bb716f38139e4c862b2907f	78c64a3534546587fd93360e43d7616542313dba95945e27fd43e621f20cff71	36d6ad56c6fe9ef2	-	{motive : Minidregg.Kernel.ObjectiveActivityReceiver.CallRefusalTerminal → Sort u} → (t : Minidregg.Kernel.ObjectiveActivityReceiver.CallRefusalTerminal) → t.ctorIdx = 29 → ((slot : ℕ) → motive (Minidregg.Kernel.ObjectiveActivityReceiver.CallRefusalTerminal.slotTaken slot)) → motive t
ctor	Minidregg.Kernel.ObjectiveActivityReceiver.CallRefusalTerminal.stateMissing	ee9add0ddc7537b8a16c331bf19ef4e6b45d1d7851e499a3eeda0c6ab06fc5bc	338444b47e945dcfa744e3d17eced64d006b3dc053e5d064b86260d971174fbc	67a83d04bda6c02fa37e1c898e639a38da90ed0481b48ce3bd465bf4162d2315	ff1cc87d32a4dfa2		ℕ → Minidregg.Kernel.ObjectiveActivityReceiver.CallRefusalTerminal
def	Minidregg.Kernel.ObjectiveActivityReceiver.CallRefusalTerminal.stateMissing.elim	5a2a178fe02e78d4a67946492f69d806a395c33a413fd6cb662fcff70a6251ef	e0297d62f065225e98c32f05a46325d1b01f6942433ced50f4666058116fc56d	40190f3b5c91c81168e825862325c436465f439eddb5fd42d3263c11d8255530	4046c071aa8dd830	-	{motive : Minidregg.Kernel.ObjectiveActivityReceiver.CallRefusalTerminal → Sort u} → (t : Minidregg.Kernel.ObjectiveActivityReceiver.CallRefusalTerminal) → t.ctorIdx = 8 → ((target : ℕ) → motive (Minidregg.Kernel.ObjectiveActivityReceiver.CallRefusalTerminal.stateMissing target)) → motive t
inductive	Minidregg.Kernel.ObjectiveActivityReceiver.Command	6ea32a21db6e9bb34ca81bb8fdb0927ac5f3332344e92db24c9aabe5acb514a9	16946b93ac38405660f51e475eb5aa7d25b54f5e5677e0f6a10a4526cc071cbf	107a4a7dcad35edd6a6342c950480bfea78f9369fb0296b6cb5a1544042794b3	e1177535a6d42320		Type
def	Minidregg.Kernel.ObjectiveActivityReceiver.Command.expectedAuthorityRoot	ddafdcf19bdca2839feee79a1ad3d773551b4a33437a44a1bdab5f7f9be411cd	59915a77309a01cb1993e6dac8a0d5773e01fe41507d98fac60d6926dcbfa610	825864563e15ba02734b39b58bf27f315e2e0e32c4495a72a6bc3b96f6c8e555	79dc14cc72ada041	-	Minidregg.Kernel.ObjectiveActivityReceiver.Command → Minidregg.Theory.TypedAuthorization.Digest
def	Minidregg.Kernel.ObjectiveActivityReceiver.Command.isInvoke	cdf9796f8b5b067ac73c94aca4883c0daabdd9025035407491f95e7c4ae89d50	6807f41ee6a69e403d9f12d8cd9d6b4f159de4acd234fdaad9f2df1a7624ad62	93ba3fc57117efe7f285f4c0a5f6abb0c9a9d2879629184676a73166cdf48f68	ede19dac9ec3039a	propext	Minidregg.Kernel.ObjectiveActivityReceiver.Command → Bool
ctor	Minidregg.Kernel.ObjectiveActivityReceiver.Command.mk	e47ff05a0cafd01b32af659a0c8ce15e03b43e4c2b29527e33f0140147790778	18618f69d6bdf4511831864312086d634f604cd30b5ed268565df4d910806a12	90b959d00c9ecddfc78182ec4b92e94c4e6a14f1fa525d9fe9287213e431b670	789ba5612d216856		Minidregg.Theory.TypedAuthorization.SubjectId → ℕ → Minidregg.Theory.TypedAuthorization.Digest → Minidregg.Kernel.ObjectiveActivityReceiver.Turn → Minidregg.Kernel.ObjectiveActivityReceiver.Command
def	Minidregg.Kernel.ObjectiveActivityReceiver.Command.nonce	0603d1906aa67b76168165dd2f2c9e87dfb1555d1b143453247fe984cdc50948	ff6bfd18b3fc02aa36a1e0220280ba7db94f023d2062350e8f6cba62b7f9298b	312819a7bb4dbd29bd1bf35610a52e412a6d805499b0c6312bf6269967404b20	419f36d427b58a9b	-	Minidregg.Kernel.ObjectiveActivityReceiver.Command → ℕ
def	Minidregg.Kernel.ObjectiveActivityReceiver.Command.subject	79d1ccb64fc6639acc2ac176230c4e60b4420c4018788ddc0bfe8a0acb5be36d	dcccb54f1f3224a29e420a6bf92a76569a681491ea249299b59e7bd74294ba91	f0a58844cc1262057e15746f9c492c97753d60ad4f887ee2466dc008af327164	ae1ac5572a5bd9ee	-	Minidregg.Kernel.ObjectiveActivityReceiver.Command → Minidregg.Theory.TypedAuthorization.SubjectId
def	Minidregg.Kernel.ObjectiveActivityReceiver.Command.turn	cd034cc230e21e679a7aea508086cd586ccbb9d13d68b2175b285b9355d75962	ea036a5e447cdbeee502a4b33e130e4979ba873e7ae3b7617925cfb57bd40732	b80ffa5bbee4741fafa42e026852ce1e0e3e471841fb75bebfcac93eab7278dc	2615e56ea072e887	-	Minidregg.Kernel.ObjectiveActivityReceiver.Command → Minidregg.Kernel.ObjectiveActivityReceiver.Turn
def	Minidregg.Kernel.ObjectiveActivityReceiver.CreateWire	e2e625dea45798f6ce7d3f6e9394f1c7cb484193c485f8788f4f98d1881c4976	89855d392aa192071e8a2b2230d30ecae8fc9de0c15fa6a53f6209226829292a	fa8d707559f623a4403c38409c191d6b4d57bc4d769e776540dfa231099d8bf4	ed0c6b67ac4407da	-	Type
def	Minidregg.Kernel.ObjectiveActivityReceiver.Decided	2fbb39cd9dbff0f0450f1271f828ca2c823a55864a30533c3f5e56772bbc3699	4320b90099b943079568b098f8d6afd5ebf47aa8bf39f1328bd9982aa571e255	504c729dbfe13be222bee6ca637cf674d1fe751471ceec48d89121ba5a340f86	cdea563da4e907b9	Classical.choice,Quot.sound,propext	{rootBytes : List UInt8 → Minidregg.Theory.TypedAuthorization.Digest} → Minidregg.Kernel.ObjectiveActivity.Config → Minidregg.Kernel.DurableDataIntent.DataSnapshot rootBytes → ℕ → Minidregg.Kernel.ObjectiveActivityReceiver.Command → Type
inductive	Minidregg.Kernel.ObjectiveActivityReceiver.Declaration	ff09147034b5ec27e9a5556ddeecd16a2c2dcde37f3dd43b4346ec33c6fa23e4	16946b93ac38405660f51e475eb5aa7d25b54f5e5677e0f6a10a4526cc071cbf	fdf81afb5b053c04fb62824772a7c56e44587d116dc05ce0ccc7c5bb58a1b3ee	8518eff31d06e9f5		Type
ctor	Minidregg.Kernel.ObjectiveActivityReceiver.Declaration.mk	2cf76765a11fa4f7e41091119b628ce955792008ce7b029ae5da03cf234ed63d	4cc941f801388c1eecd0a548039ac54c6d375fc0e0fe4acca761a5c81d1ee3a9	8681f7a7cac3ead984b5f9691445c14130ef85c613982bc291849c5ad4ef4a7d	6d242e036ed882fd		Minidregg.Theory.TypedAuthorization.Digest → ℕ → Minidregg.Kernel.ObjectiveActivityReceiver.Declaration
def	Minidregg.Kernel.ObjectiveActivityReceiver.Declaration.operationNullifier	f2bac417c79d0a3a99b48044e61fddddf0dc26afc19ec0737753936394adc46c	9851045d9cd939aea78d7894c7f36fd6b88c7ae89358dd61e6234516b19173b3	b18cd267534da7345f8bef828992b482bf6342e0705794baf9bc087ace25f4d9	59be17f6bdc83d71	-	Minidregg.Kernel.ObjectiveActivityReceiver.Declaration → ℕ
def	Minidregg.Kernel.ObjectiveActivityReceiver.Declaration.outcome	753206598b1e4c0b9d23ffb920cbed202d7e3c3eeebe1d3325888a55e6a73b2e	facd29a228db490b430703dae978bbea345703283e6c6c2268e9bd0953c4b7e7	3ee806752bd0df4ddfec8de24052832c366983d352d73e620b58481ae547fb05	5981101d25665859	-	Minidregg.Kernel.ObjectiveActivityReceiver.Declaration → Minidregg.Theory.TypedAuthorization.Digest
inductive	Minidregg.Kernel.ObjectiveActivityReceiver.DecodedIngress	321444f845901e17033bcb5691784ce4dd718a0b606c0941ba3bae2a3c0d684e	16946b93ac38405660f51e475eb5aa7d25b54f5e5677e0f6a10a4526cc071cbf	5c9cd3606fad287735f3b7d81e2034afba9b908e7b8df1d53d13166a540b6a11	ac5ff8be287c9d97		Type
def	Minidregg.Kernel.ObjectiveActivityReceiver.DecodedIngress.bytes	c73345d6117f45c3a32f6e0215b539c6c963433ddc1a6c4496208e77b183cc34	6ef8565f4bbf2ebf1c80a81288248236b33550a193de460cb91e0e68fdd541a8	8479c5bcbf2d31179f781eceb7eafca4bfdf7ddcef67a21172ad4eaef417beb5	243237a128ea51c4	Classical.choice,Quot.sound,propext	Minidregg.Kernel.ObjectiveActivityReceiver.DecodedIngress → List UInt8
theorem	Minidregg.Kernel.ObjectiveActivityReceiver.DecodedIngress.canonical	72fe2a4541f3c52adaed8230d516fd24c912aac9bfb3ce0226f10663c8443c02	b5b3e9b16c9139aa8b9169f69ffe2bcb02d4b1596ee30e2b01e4572243ed99a7	2f1e06bb4a7c78237b8dc6f803964f97b6f0786d195169da1576a9f6535610e9	339eb8911f6c2fca	Classical.choice,Quot.sound,propext	∀ (self : Minidregg.Kernel.ObjectiveActivityReceiver.DecodedIngress), Minidregg.Kernel.ObjectiveActivityReceiver.commandCodec.encode self.command = self.ingress.commandBytes
def	Minidregg.Kernel.ObjectiveActivityReceiver.DecodedIngress.command	0776fc379c56da64bdf076a11040f7b2abcbf1d5170605f5d844bd10fdd8c29d	055fab1b67399bbe9709279e966dfe18242604f9d4276c91dd4a1696e6fd6c63	f60cea8a10dff2a49cbdecb9472709f2fd4bf6af749c222d7a9a4bcf67e6a679	cbb741f8f3a54321	Classical.choice,Quot.sound,propext	Minidregg.Kernel.ObjectiveActivityReceiver.DecodedIngress → Minidregg.Kernel.ObjectiveActivityReceiver.Command
def	Minidregg.Kernel.ObjectiveActivityReceiver.DecodedIngress.envelope	0fec808c4f2b30788173f5d9a256cb9f2aceab6e90a3df60a504af9e311a2b45	afa549a80bd17b8e59532b9c14ee2b2184e07a683ee7572ea65d60dc34e49584	221b3753957bb2153949567b47e8679f98acc270233f8cff21be755d12ea0e68	54b280a52287e8c3	Classical.choice,Quot.sound,propext	Minidregg.Kernel.ObjectiveActivityReceiver.DecodedIngress → Minidregg.Kernel.CredentialSignedEnvelopeController.SignedEnvelope
theorem	Minidregg.Kernel.ObjectiveActivityReceiver.DecodedIngress.envelopeExact	2ff9d6c702aaf4742f2e1057fe30db2b6c6bac766ad7a68167d882ea47895c1d	4a3fc9f10075a37b1825b4fa80f4a745622d7cd9fbafa3adb4a769c95158d1f5	84037f72d24af0a4b67569184f0ed8a8856296eb61bcf7f141925344620a4087	eb91a11a33a66dfd	Classical.choice,Quot.sound,propext	∀ (self : Minidregg.Kernel.ObjectiveActivityReceiver.DecodedIngress), Minidregg.Compiler.CredentialSignatureAdmission.canonicalEnvelopeCodec.decode self.ingress.envelope = Option.some self.envelope
def	Minidregg.Kernel.ObjectiveActivityReceiver.DecodedIngress.ingress	e3fe34040c3cee0f11c5e34fa3bf7d3bbe0aacfd14462c5aff4c540e948294ed	43940be103b46d1f885c2fb1dce4e7581daf4382ca39a204b33a8e844d6a74d9	8757a976909d42e5f59c5bded35d52607fb0fe73334cb86bd14923679429e8fa	4d78da2de916b729	Classical.choice,Quot.sound,propext	Minidregg.Kernel.ObjectiveActivityReceiver.DecodedIngress → Minidregg.Kernel.ObjectiveActivityReceiver.Ingress
def	Minidregg.Kernel.ObjectiveActivityReceiver.Deployment	3cac373b218d3df6578790bde2c691fe5e0e8f82dcf1f1cd48576498632cf1e9	89855d392aa192071e8a2b2230d30ecae8fc9de0c15fa6a53f6209226829292a	1d96a6060e015fec0a4321c37391684b91d3a3b82a8bc3306e948ad3da1174fb	8a1d1d9935af54c3	-	Type
def	Minidregg.Kernel.ObjectiveActivityReceiver.Durable	cb35156fe4b39d3618675eb2cf6bed03df10ccbe7878588bcf44edb4545aaf2e	89855d392aa192071e8a2b2230d30ecae8fc9de0c15fa6a53f6209226829292a	95a5ebbda3d4c778ed5d60ad080c1443282a1fcc3c69bee626573183e5c6067b	fb6452717d283c3b	Classical.choice,Quot.sound,propext	Type
def	Minidregg.Kernel.ObjectiveActivityReceiver.EndWire	ec0f298cf97ae2d65c6b3c2473d84b125ecafdedea9a8af9f504f87f8bf697d0	89855d392aa192071e8a2b2230d30ecae8fc9de0c15fa6a53f6209226829292a	802068114c0a38fdef2797a13d2b294daf3235950f9a7c1208026a6bf7d4090b	9f88de04b74d5434	-	Type
inductive	Minidregg.Kernel.ObjectiveActivityReceiver.Failed	67beea5d51302697226959c453d681f47935cb8fe4baaca0da4359cf40dcb60e	f7a8f8a65cccd73123be3a9709b430e156cea52a337c4c5f1d29134500e5e9fe	32aa0228511b9bf5a953506ca48966a4e0c4b75f8ca269a6cf563181616ced71	4568eb4cced3b596		{F : Type} → [inst : Field F] → [DecidableEq F] → Minidregg.Kernel.ObjectiveActivityReceiver.Deployment → Minidregg.Compiler.CanonicalRuntimeProfile.Profile F → Minidregg.Kernel.ObjectiveKernelConfig.Ambient → Minidregg.Kernel.ObjectiveActivityReceiver.Durable → Minidregg.Kernel.ObjectiveActivityReceiver.DecodedIngress → Type
def	Minidregg.Kernel.ObjectiveActivityReceiver.Failed.cause	4653ea7be5f7e8c15674df7a9c88ef880bdee19ec2b3f3027ac34ab3b45da911	07e0f4ac824d7090daaeff4a7532b1fa8d238c20d5ae98bebbae1abe2b735191	ecd6b248ead4633a6ab448f75e233315e7b9a04e2fcceba00f6159cf5ce417ce	645d45b5dfdb7d7c	Classical.choice,Quot.sound,propext	{F : Type} → [inst : Field F] → [inst_1 : DecidableEq F] → {deployment : Minidregg.Kernel.ObjectiveActivityReceiver.Deployment} → {profile : Minidregg.Compiler.CanonicalRuntimeProfile.Profile F} → {ambient : Minidregg.Kernel.ObjectiveKernelConfig.Ambient} → {durable : Minidregg.Kernel.ObjectiveActivityReceiver.Durable} → {ingress : Minidregg.Kernel.ObjectiveActivityReceiver.DecodedIngress} → Minidregg.Kernel.ObjectiveActivityReceiver.Failed deployment profile ambient durable ingress → Minidregg.Kernel.ObjectiveActivityReceiver.Reject
theorem	Minidregg.Kernel.ObjectiveActivityReceiver.Failed.causeExact	1f8e584f4ec4f9427c5b520f995da7969c4fef10c7d1ba0425362f3f39b27189	59c7e7154cd757ae2c4e6e531e54df598850f576d32d1b246b5b510ef0b7a50f	9530e384ce8afbf9beadb20c370a0cac302cd5ea2a0ca5de956d4188634edab5	3b504d9a5c712b88	Classical.choice,Quot.sound,propext	∀ {F : Type} [inst : Field F] [inst_1 : DecidableEq F] {deployment : Minidregg.Kernel.ObjectiveActivityReceiver.Deployment} {profile : Minidregg.Compiler.CanonicalRuntimeProfile.Profile F} {ambient : Minidregg.Kernel.ObjectiveKernelConfig.Ambient} {durable : Minidregg.Kernel.ObjectiveActivityReceiver.Durable} {ingress : Minidregg.Kernel.ObjectiveActivityReceiver.DecodedIngress} (self : Minidregg.Kernel.ObjectiveActivityReceiver.Failed deployment profile ambient durable ingress), Minidregg.Kernel.ObjectiveActivityReceiver.prepare self.gated = Except.error self.cause
theorem	Minidregg.Kernel.ObjectiveActivityReceiver.Failed.charged	f1bf80e4c447d2212a923ad5ae97e4224765182fdd31db6467e9f06562100fd4	c283dd934e87b5d77e6a9559b0a14aedab9fe917fc32dff01f5fde9aaaa0b0be	18a1621e62c4524362c413b19ff1ad72846e4c73756e01f355511123284b220f	f30240eb5ec3729d	Classical.choice,Quot.sound,propext	∀ {F : Type} [inst : Field F] [inst_1 : DecidableEq F] {deployment : Minidregg.Kernel.ObjectiveActivityReceiver.Deployment} {profile : Minidregg.Compiler.CanonicalRuntimeProfile.Profile F} {ambient : Minidregg.Kernel.ObjectiveKernelConfig.Ambient} {durable : Minidregg.Kernel.ObjectiveActivityReceiver.Durable} {ingress : Minidregg.Kernel.ObjectiveActivityReceiver.DecodedIngress} (self : Minidregg.Kernel.ObjectiveActivityReceiver.Failed deployment profile ambient durable ingress), Minidregg.Kernel.ObjectiveActivityReceiver.chargedCause self.cause = Bool.true
theorem	Minidregg.Kernel.ObjectiveActivityReceiver.Failed.envelopeExact	c5976fa4ab39cd2700b75c61bb4c6cdba3b8bc95edc6395e96a290cee517e7c7	eecd2880fbf5e66c4ba81a068ba05d59372ad49393188989cbfcf0cd51173c0b	885f478cfca6aaa6385883dd9a75db69659a268aecd97f25c8c04ccc644fb5db	c8a30f5c8e398ad9	Classical.choice,Quot.sound,propext	∀ {F : Type} [inst : Field F] [inst_1 : DecidableEq F] {deployment : Minidregg.Kernel.ObjectiveActivityReceiver.Deployment} {profile : Minidregg.Compiler.CanonicalRuntimeProfile.Profile F} {ambient : Minidregg.Kernel.ObjectiveKernelConfig.Ambient} {durable : Minidregg.Kernel.ObjectiveActivityReceiver.Durable} {ingress : Minidregg.Kernel.ObjectiveActivityReceiver.DecodedIngress} (self : Minidregg.Kernel.ObjectiveActivityReceiver.Failed deployment profile ambient durable ingress), self.receipt.envelopeBytes = ingress.ingress.envelope
def	Minidregg.Kernel.ObjectiveActivityReceiver.Failed.failure	2f22a482b2a59a369a45311b62475993b72331728d2d2944cf2cdcb93082a6d0	34590e60dd5600961bf1d121ad159971fd7245a195e9e43a7cc21358531957a5	768d6319e6680b3f5dd33fe54e0684758fadb34099870a5e9d288e842b9f3932	53b300c74550e0e7	Classical.choice,Quot.sound,propext	{F : Type} → [inst : Field F] → [inst_1 : DecidableEq F] → {deployment : Minidregg.Kernel.ObjectiveActivityReceiver.Deployment} → {profile : Minidregg.Compiler.CanonicalRuntimeProfile.Profile F} → {ambient : Minidregg.Kernel.ObjectiveKernelConfig.Ambient} → {durable : Minidregg.Kernel.ObjectiveActivityReceiver.Durable} → {ingress : Minidregg.Kernel.ObjectiveActivityReceiver.DecodedIngress} → (self : Minidregg.Kernel.ObjectiveActivityReceiver.Failed deployment profile ambient durable ingress) → Minidregg.Kernel.ObjectiveActivity.ChargedFailure self.gated.config durable.snapshot self.request
def	Minidregg.Kernel.ObjectiveActivityReceiver.Failed.final	7dddbff6c83fee4854c5b6adcc586cd4e7e72dd79ab9907cc817db282f2ee155	47c143de834701cc477f63816725d468937c39a2f6b4b820b61985e20d471977	61b235c33b67b1b3689c3c65687edb7e99ae8111242ed01ac0a73ec4d8296279	2ebc8f515eb6ed2f	Classical.choice,Quot.sound,propext	{F : Type} → [inst : Field F] → [inst_1 : DecidableEq F] → {deployment : Minidregg.Kernel.ObjectiveActivityReceiver.Deployment} → {profile : Minidregg.Compiler.CanonicalRuntimeProfile.Profile F} → {ambient : Minidregg.Kernel.ObjectiveKernelConfig.Ambient} → {durable : Minidregg.Kernel.ObjectiveActivityReceiver.Durable} → {ingress : Minidregg.Kernel.ObjectiveActivityReceiver.DecodedIngress} → Minidregg.Kernel.ObjectiveActivityReceiver.Failed deployment profile ambient durable ingress → List Minidregg.Kernel.ObjectiveActivityWire.Post × List Minidregg.Kernel.DurableDataIntent.ReadGuard
theorem	Minidregg.Kernel.ObjectiveActivityReceiver.Failed.finalExact	4b030af6b66e6024dd4666674df1a6768f64c2d570d45b3075020c5de0f08528	de8d2577ff027736183abc54d92422b21b3d8a9263f50324dd91d3f6dc2f2f9e	513d827ef9ee66ca6f4a7acf2b030270fc544d86241d79d90a4879ee06c7dcbe	cea19632a4bf5106	Classical.choice,Quot.sound,propext	∀ {F : Type} [inst : Field F] [inst_1 : DecidableEq F] {deployment : Minidregg.Kernel.ObjectiveActivityReceiver.Deployment} {profile : Minidregg.Compiler.CanonicalRuntimeProfile.Profile F} {ambient : Minidregg.Kernel.ObjectiveKernelConfig.Ambient} {durable : Minidregg.Kernel.ObjectiveActivityReceiver.Durable} {ingress : Minidregg.Kernel.ObjectiveActivityReceiver.DecodedIngress} (self : Minidregg.Kernel.ObjectiveActivityReceiver.Failed deployment profile ambient durable ingress), Minidregg.Kernel.ActivitySeatEnd.finish self.gated.config durable.snapshot ambient.height (Minidregg.Kernel.ObjectiveActivity.AdmittedTurn.failed self.request self.failure) = Except.ok self.final
def	Minidregg.Kernel.ObjectiveActivityReceiver.Failed.gated	65a6b20bc2f4ce86998dd9f6db151cf0c473a11ee9ac842b1ff82ec419ae58ae	fdcb4ce29ad38eeda252fc806d04054217f3ac1517b42414f46597ad5886dabc	933db1b3e42abf64e3ebe22a7c6a755ce2ba3d9badf9c06a3bec29cacfb34eba	40b0f969af82c886	Classical.choice,Quot.sound,propext	{F : Type} → [inst : Field F] → [inst_1 : DecidableEq F] → {deployment : Minidregg.Kernel.ObjectiveActivityReceiver.Deployment} → {profile : Minidregg.Compiler.CanonicalRuntimeProfile.Profile F} → {ambient : Minidregg.Kernel.ObjectiveKernelConfig.Ambient} → {durable : Minidregg.Kernel.ObjectiveActivityReceiver.Durable} → {ingress : Minidregg.Kernel.ObjectiveActivityReceiver.DecodedIngress} → Minidregg.Kernel.ObjectiveActivityReceiver.Failed deployment profile ambient durable ingress → Minidregg.Kernel.ObjectiveActivityReceiver.Gated deployment profile ambient durable ingress.command ingress.ingress.outcome
def	Minidregg.Kernel.ObjectiveActivityReceiver.Failed.intent	6ce5f0d62210375de73fbe1e72216761539866aee9f8110b79eb8772d5a8f411	7d94797697ee30be9ad9d9d3b00c89198d3b564b48758421be986071661529df	ee1924f8972ca16f6751b03c516ae6054d118396e5d322e4312c90c09fc24e20	70929ff2fccb8097	Classical.choice,Quot.sound,propext	{F : Type} → [inst : Field F] → {deployment : Minidregg.Kernel.ObjectiveActivityReceiver.Deployment} → {profile : Minidregg.Compiler.CanonicalRuntimeProfile.Profile F} → {ambient : Minidregg.Kernel.ObjectiveKernelConfig.Ambient} → {durable : Minidregg.Kernel.ObjectiveActivityReceiver.Durable} → [inst_1 : DecidableEq F] → {ingress : Minidregg.Kernel.ObjectiveActivityReceiver.DecodedIngress} → Minidregg.Kernel.ObjectiveActivityReceiver.Failed deployment profile ambient durable ingress → Minidregg.Kernel.DurableDataIntent.DataIntent Minidregg.Compiler.ResourceBirthCodec.rootBytes
theorem	Minidregg.Kernel.ObjectiveActivityReceiver.Failed.physical	066d2402e83f0b3b4b1dba68dd0968e9f4f0e74ee171e97935298ba902e36de6	0b6437b4c527827dd7a9c6c7ff9acade6d6158e0735a959952680e98e1340a15	fe9ed34481a67ba2d4284221d81c752096cadf36b9964678729ce63d912dee9b	74ed8ea338182da5	Classical.choice,Quot.sound,propext	∀ {F : Type} [inst : Field F] [inst_1 : DecidableEq F] {deployment : Minidregg.Kernel.ObjectiveActivityReceiver.Deployment} {profile : Minidregg.Compiler.CanonicalRuntimeProfile.Profile F} {ambient : Minidregg.Kernel.ObjectiveKernelConfig.Ambient} {durable : Minidregg.Kernel.ObjectiveActivityReceiver.Durable} {ingress : Minidregg.Kernel.ObjectiveActivityReceiver.DecodedIngress} (self : Minidregg.Kernel.ObjectiveActivityReceiver.Failed deployment profile ambient durable ingress), Minidregg.Kernel.ObjectiveActivityReceiver.IntentShape deployment durable (Minidregg.Kernel.ObjectiveActivityReceiver.failedIntent self.gated.authority self.gated.config ingress self.cause self.request self.failure self.final)
def	Minidregg.Kernel.ObjectiveActivityReceiver.Failed.receipt	26405c551880e657d8a118664f0ea4bed45e344685c9ece9f705735750997ee3	ed91b135a200971fe478d5f4bc29accdf52014e46b842262f788cd90cc049498	a275eb1a8f1c3577c82c885ad9060746df8d9100bc0c6244157493aa88fd59bf	654b038588c5789b	Classical.choice,Quot.sound,propext	{F : Type} → [inst : Field F] → [inst_1 : DecidableEq F] → {deployment : Minidregg.Kernel.ObjectiveActivityReceiver.Deployment} → {profile : Minidregg.Compiler.CanonicalRuntimeProfile.Profile F} → {ambient : Minidregg.Kernel.ObjectiveKernelConfig.Ambient} → {durable : Minidregg.Kernel.ObjectiveActivityReceiver.Durable} → {ingress : Minidregg.Kernel.ObjectiveActivityReceiver.DecodedIngress} → (self : Minidregg.Kernel.ObjectiveActivityReceiver.Failed deployment profile ambient durable ingress) → Minidregg.Compiler.CredentialSignatureAdmission.CheckedSignature self.gated.authority.snapshot
def	Minidregg.Kernel.ObjectiveActivityReceiver.Failed.request	655e43eb05f1c11ab130e893c631b8359ed9ae3a6bf63c0dcb5b6ed86384ff64	e61b0e5f0a27ac071af66dee6a927cc518acdcd25b428b48b3a9021b1bccd4de	55a05159ff45282d1aa3316f120d060fd1e5aa0050fc89cef4d754c3bd006f7e	589af56753f31a52	Classical.choice,Quot.sound,propext	{F : Type} → [inst : Field F] → [inst_1 : DecidableEq F] → {deployment : Minidregg.Kernel.ObjectiveActivityReceiver.Deployment} → {profile : Minidregg.Compiler.CanonicalRuntimeProfile.Profile F} → {ambient : Minidregg.Kernel.ObjectiveKernelConfig.Ambient} → {durable : Minidregg.Kernel.ObjectiveActivityReceiver.Durable} → {ingress : Minidregg.Kernel.ObjectiveActivityReceiver.DecodedIngress} → Minidregg.Kernel.ObjectiveActivityReceiver.Failed deployment profile ambient durable ingress → Minidregg.Kernel.ObjectiveActivity.FailureRequest
theorem	Minidregg.Kernel.ObjectiveActivityReceiver.Failed.requestExact	b33b4994e8e21e771446408faee8863245c9794c4df10897aef9c6e5f4d350a0	b59cddf8927ba9782edf9eeb81c43946635efa04980c8bc7063ab176f0e72d59	92274682314454ce7fed0dc3dc5a9172253549eedbd128cd1d74012a47cf27a7	ca4cf31df7fc8f6e	Classical.choice,Quot.sound,propext	∀ {F : Type} [inst : Field F] [inst_1 : DecidableEq F] {deployment : Minidregg.Kernel.ObjectiveActivityReceiver.Deployment} {profile : Minidregg.Compiler.CanonicalRuntimeProfile.Profile F} {ambient : Minidregg.Kernel.ObjectiveKernelConfig.Ambient} {durable : Minidregg.Kernel.ObjectiveActivityReceiver.Durable} {ingress : Minidregg.Kernel.ObjectiveActivityReceiver.DecodedIngress} (self : Minidregg.Kernel.ObjectiveActivityReceiver.Failed deployment profile ambient durable ingress), Minidregg.Kernel.ObjectiveActivityReceiver.failureRequest deployment.domain profile.semantics ingress.command = Option.some self.request
inductive	Minidregg.Kernel.ObjectiveActivityReceiver.Gated	24ca8b7360530b0e29aa8c8b95bf32df95e5eba073858098d6f52c184751513b	59ad4be47e87300ad506345ba14da592bc90a583eecca006dad12bae6e6c172b	8d57dc447db4f37f2087b28713dd9bd9e70d9408b5e9f6481402cd7aee4df26b	337e038939c66f52		{F : Type} → [inst : Field F] → Minidregg.Kernel.ObjectiveActivityReceiver.Deployment → Minidregg.Compiler.CanonicalRuntimeProfile.Profile F → Minidregg.Kernel.ObjectiveKernelConfig.Ambient → Minidregg.Kernel.ObjectiveActivityReceiver.Durable → Minidregg.Kernel.ObjectiveActivityReceiver.Command → Minidregg.Theory.TypedAuthorization.Digest → Type
def	Minidregg.Kernel.ObjectiveActivityReceiver.Gated.authority	31925acb51803180dbe868bd4e8b0bb8374112c7468578f915d5553f4accd3da	cffbce865afe3f680f3f8fac2400e345262f8d4857f3b964703ff027b8e74eb7	bf0e5e1fdf86f8986c05e8b4fbb4e527e1e3e30539e77b0ccbc357709e5c0121	11c000a72916a3ec	Classical.choice,Quot.sound,propext	{F : Type} → [inst : Field F] → {deployment : Minidregg.Kernel.ObjectiveActivityReceiver.Deployment} → {profile : Minidregg.Compiler.CanonicalRuntimeProfile.Profile F} → {ambient : Minidregg.Kernel.ObjectiveKernelConfig.Ambient} → {durable : Minidregg.Kernel.ObjectiveActivityReceiver.Durable} → {command : Minidregg.Kernel.ObjectiveActivityReceiver.Command} → {claimed : Minidregg.Theory.TypedAuthorization.Digest} → Minidregg.Kernel.ObjectiveActivityReceiver.Gated deployment profile ambient durable command claimed → Minidregg.Compiler.CredentialAuthorityDomainReceiver.Loaded deployment durable.snapshot
theorem	Minidregg.Kernel.ObjectiveActivityReceiver.Gated.authorizedExact	68e5541b358c45d02005e65a87c496aab88e15359597aab35fefd7e62b287f33	cdda7f31a6538af80b3dd30a6307679299f59914abac99b23b1ae309e706f475	072387dd29cf958c11290e69978b000eb9a4aa1ec6788a36c8309148e15f4647	0d485e98d98b9f55	Classical.choice,Quot.sound,propext	∀ {F : Type} [inst : Field F] {deployment : Minidregg.Kernel.ObjectiveActivityReceiver.Deployment} {profile : Minidregg.Compiler.CanonicalRuntimeProfile.Profile F} {ambient : Minidregg.Kernel.ObjectiveKernelConfig.Ambient} {durable : Minidregg.Kernel.ObjectiveActivityReceiver.Durable} {command : Minidregg.Kernel.ObjectiveActivityReceiver.Command} {claimed : Minidregg.Theory.TypedAuthorization.Digest} (self : Minidregg.Kernel.ObjectiveActivityReceiver.Gated deployment profile ambient durable command claimed), Minidregg.Kernel.ObjectiveActivityReceiver.authorized self.authority.snapshot profile.semantics ambient command self.preRoot claimed = Except.ok ()
def	Minidregg.Kernel.ObjectiveActivityReceiver.Gated.config	35c94712652c09017596fc489dfe89d82f63cc8a67078c8f3f9ac7fbe5d74927	ed05c371cdd9a61aae0fb918daa6f722832b47c4c512e0d1b0820cc77a162b3f	5a00795bd94be13a2d986b50038367a76da18bec44f5c65026b41a2f72fe49fa	ec139b5575042c7e	Classical.choice,Quot.sound,propext	{F : Type} → [inst : Field F] → {deployment : Minidregg.Kernel.ObjectiveActivityReceiver.Deployment} → {profile : Minidregg.Compiler.CanonicalRuntimeProfile.Profile F} → {ambient : Minidregg.Kernel.ObjectiveKernelConfig.Ambient} → {durable : Minidregg.Kernel.ObjectiveActivityReceiver.Durable} → {command : Minidregg.Kernel.ObjectiveActivityReceiver.Command} → {claimed : Minidregg.Theory.TypedAuthorization.Digest} → Minidregg.Kernel.ObjectiveActivityReceiver.Gated deployment profile ambient durable command claimed → Minidregg.Kernel.ObjectiveActivity.Config
theorem	Minidregg.Kernel.ObjectiveActivityReceiver.Gated.configExact	bfefcc791bdf5ab0a4dd2a4177857430bb6e7078dcc8b73cb9d54262625b918e	4812c60fc0bb1b69c310e890d2336f44ad34236ba5563ffc0c2a10ac81eaf25a	533e221dfbc8c95245e3fe00ec103d45c065eacfe7aadc6e9486281f1992461c	517857fa3bbeebff	Classical.choice,Quot.sound,propext	∀ {F : Type} [inst : Field F] {deployment : Minidregg.Kernel.ObjectiveActivityReceiver.Deployment} {profile : Minidregg.Compiler.CanonicalRuntimeProfile.Profile F} {ambient : Minidregg.Kernel.ObjectiveKernelConfig.Ambient} {durable : Minidregg.Kernel.ObjectiveActivityReceiver.Durable} {command : Minidregg.Kernel.ObjectiveActivityReceiver.Command} {claimed : Minidregg.Theory.TypedAuthorization.Digest} (self : Minidregg.Kernel.ObjectiveActivityReceiver.Gated deployment profile ambient durable command claimed), Minidregg.Kernel.ObjectiveKernelConfig.configOf deployment profile ambient = Except.ok self.config
def	Minidregg.Kernel.ObjectiveActivityReceiver.Gated.directory	4242bdf332464fb0f662267b2793b8591107e926e9fca247ab0882d1c17df32f	08f979619c1b2b3208fc14a227ba393463c3ab47c77e0c295a8643726a761b62	14b82f7fc16317c41dca79cc857ee5891ee2be498bf75c2b1d6820881fba18f4	8aaed2ec6e08d3de	Classical.choice,Quot.sound,propext	{F : Type} → [inst : Field F] → {deployment : Minidregg.Kernel.ObjectiveActivityReceiver.Deployment} → {profile : Minidregg.Compiler.CanonicalRuntimeProfile.Profile F} → {ambient : Minidregg.Kernel.ObjectiveKernelConfig.Ambient} → {durable : Minidregg.Kernel.ObjectiveActivityReceiver.Durable} → {command : Minidregg.Kernel.ObjectiveActivityReceiver.Command} → {claimed : Minidregg.Theory.TypedAuthorization.Digest} → Minidregg.Kernel.ObjectiveActivityReceiver.Gated deployment profile ambient durable command claimed → Minidregg.Compiler.CredentialAuthorityDomainReceiver.LoadedDirectory durable
theorem	Minidregg.Kernel.ObjectiveActivityReceiver.Gated.funded	21f4fdcdb649b533ffb64ed18db4a991a3910a3db4b0865759ba70767b6fa71d	87f5535f34b6c84cba795ac0323d4ff89cdee47ed3e6b7aa0430fbdc8dfbe54b	d755833bde60700a23ed1d7274dfa89488d95c4fced812ad3d96d682ed51d920	7597ebc2e010dfe3	Classical.choice,Quot.sound,propext	∀ {F : Type} [inst : Field F] {deployment : Minidregg.Kernel.ObjectiveActivityReceiver.Deployment} {profile : Minidregg.Compiler.CanonicalRuntimeProfile.Profile F} {ambient : Minidregg.Kernel.ObjectiveKernelConfig.Ambient} {durable : Minidregg.Kernel.ObjectiveActivityReceiver.Durable} {command : Minidregg.Kernel.ObjectiveActivityReceiver.Command} {claimed : Minidregg.Theory.TypedAuthorization.Digest} (self : Minidregg.Kernel.ObjectiveActivityReceiver.Gated deployment profile ambient durable command claimed), Minidregg.Kernel.ObjectiveActivityReceiver.funding self.config durable command = Except.ok ()
def	Minidregg.Kernel.ObjectiveActivityReceiver.Gated.preRoot	279330ec425c49fa2aa33b397ca38c5eccf6570c2d949fd3cf64dee48c198728	0a8fb1f3b646a87807d82bcad51f758a84d842187fca39769be60613ac4585c9	a094a8652f511d55de9cd056d0d73f47b0ab8ce79a38564e4d987adf99c81d2c	6582a7b9a2ebbce2	Classical.choice,Quot.sound,propext	{F : Type} → [inst : Field F] → {deployment : Minidregg.Kernel.ObjectiveActivityReceiver.Deployment} → {profile : Minidregg.Compiler.CanonicalRuntimeProfile.Profile F} → {ambient : Minidregg.Kernel.ObjectiveKernelConfig.Ambient} → {durable : Minidregg.Kernel.ObjectiveActivityReceiver.Durable} → {command : Minidregg.Kernel.ObjectiveActivityReceiver.Command} → {claimed : Minidregg.Theory.TypedAuthorization.Digest} → Minidregg.Kernel.ObjectiveActivityReceiver.Gated deployment profile ambient durable command claimed → Minidregg.Theory.TypedAuthorization.Digest
theorem	Minidregg.Kernel.ObjectiveActivityReceiver.Gated.preRootExact	5e85d09d3c10222de9debb10bf0221d12fa63e453532d442f698cc103cab67d2	65a13cf9647a6ea38e3ce6981410d82b332050e1a19f79fda637a978421234b9	f8efd1930cec54b2e3ba0b331618a8fb2a286ad6e915b9afbadb8902df48aa50	7d13a239cfdf7351	Classical.choice,Quot.sound,propext	∀ {F : Type} [inst : Field F] {deployment : Minidregg.Kernel.ObjectiveActivityReceiver.Deployment} {profile : Minidregg.Compiler.CanonicalRuntimeProfile.Profile F} {ambient : Minidregg.Kernel.ObjectiveKernelConfig.Ambient} {durable : Minidregg.Kernel.ObjectiveActivityReceiver.Durable} {command : Minidregg.Kernel.ObjectiveActivityReceiver.Command} {claimed : Minidregg.Theory.TypedAuthorization.Digest} (self : Minidregg.Kernel.ObjectiveActivityReceiver.Gated deployment profile ambient durable command claimed), self.preRoot = durable.snapshot.model.roots { value := (Minidregg.Kernel.ObjectiveActivityReceiver.signedTarget deployment.domain command).2 }
def	Minidregg.Kernel.ObjectiveActivityReceiver.Gated.request	9b1774b5bf971813c08fdd06e31c78a7cdb32f1e7296f8a9d6a3a34e06258b06	aeadd7e38801693ccbf6de9c4ae8e82993ebbd30932567895f396d7ec3c9b594	84e1a677051e9968a616e36892cd7044f6d42411909626e9cc4668b93370ec54	f5575e51a887f8ee	Classical.choice,Quot.sound,propext	{F : Type} → [inst : Field F] → {deployment : Minidregg.Kernel.ObjectiveActivityReceiver.Deployment} → {profile : Minidregg.Compiler.CanonicalRuntimeProfile.Profile F} → {ambient : Minidregg.Kernel.ObjectiveKernelConfig.Ambient} → {durable : Minidregg.Kernel.ObjectiveActivityReceiver.Durable} → {command : Minidregg.Kernel.ObjectiveActivityReceiver.Command} → {claimed : Minidregg.Theory.TypedAuthorization.Digest} → Minidregg.Kernel.ObjectiveActivityReceiver.Gated deployment profile ambient durable command claimed → Minidregg.Theory.PackedEffectRequest
theorem	Minidregg.Kernel.ObjectiveActivityReceiver.Gated.unique	86cbc03c325dd9d4cda8af82a054e477b86cc471fe1730ef493cfdc8beb7f90a	3e71c452acf55986053efbe9cedbabe8254903da50ee42a278b55ef96a651271	e85761beef40a002fda7f2b6ee4c63974d000a33fa52fe6302edb14b4081e934	22fcc4d9b6f18705	Classical.choice,Quot.sound,propext	∀ {F : Type} [inst : Field F] {deployment : Minidregg.Kernel.ObjectiveActivityReceiver.Deployment} {profile : Minidregg.Compiler.CanonicalRuntimeProfile.Profile F} {ambient : Minidregg.Kernel.ObjectiveKernelConfig.Ambient} {durable : Minidregg.Kernel.ObjectiveActivityReceiver.Durable} {command : Minidregg.Kernel.ObjectiveActivityReceiver.Command} [DecidableEq F] {claimed : Minidregg.Theory.TypedAuthorization.Digest} (left right : Minidregg.Kernel.ObjectiveActivityReceiver.Gated deployment profile ambient durable command claimed), left = right
inductive	Minidregg.Kernel.ObjectiveActivityReceiver.Ingress	f35c8e0ad33c3d8372ff09dbf013dd329e69493b9a71771ddca8145830441559	16946b93ac38405660f51e475eb5aa7d25b54f5e5677e0f6a10a4526cc071cbf	f26a44e4b8f93fee3b3bccdabb1e6c5885d173d16414a723fbbd0f12e666ebcc	a9bf5d8885c51397		Type
def	Minidregg.Kernel.ObjectiveActivityReceiver.Ingress.commandBytes	c71f19d95801932b4b709d997a9e34fbc09a4f33d55eacaf36bdbb37868bc6ec	920a22861b19a84b9142c34e533c3473dfe826d8cc3b155a1bc6e7a84fb84a59	6c3627fc45535c4d4d91ac8e72496fd55cc0aac9e4a195dbc2d4697a3b343feb	1a3dd2a3aa2a209b	-	Minidregg.Kernel.ObjectiveActivityReceiver.Ingress → List UInt8
def	Minidregg.Kernel.ObjectiveActivityReceiver.Ingress.envelope	34fde03995fce27176d6ea9d77e5dda17f27278a9e48cf2d48bd1ec8328e57a2	920a22861b19a84b9142c34e533c3473dfe826d8cc3b155a1bc6e7a84fb84a59	5982f018d19dd7b7c27e687cad8f962ac09e4afcf2764d8d3d1f0f84f0b6ecc8	1d3e1ef70b905c0a	-	Minidregg.Kernel.ObjectiveActivityReceiver.Ingress → List UInt8
ctor	Minidregg.Kernel.ObjectiveActivityReceiver.Ingress.mk	7a4edaba21db19f35724e7d854ed9b7702ed6ac063fba85bc17a22b879ddb4f0	60677bd384e52028b9926f79744fa13d0c8652494f7aee8a705303f6fdeee163	7f669348848d39a17ea9342fa4d3c3ad7f8245b648aa1361990e42cbf91b0fb3	4d4deb43cdafa89f		List UInt8 → Minidregg.Theory.TypedAuthorization.Digest → List UInt8 → Minidregg.Kernel.ObjectiveActivityReceiver.Ingress
def	Minidregg.Kernel.ObjectiveActivityReceiver.Ingress.outcome	06326ff349276aa6ee5d350bfe296008d0be29e2340a41b31c7c72395cf36d6b	40f4654e1f673650437c1428a209d90ad0d775c9bbb08157369ecbbcd42cabc9	3d7aa4090a1a62ba9d87f850eaeb2adbdf3838493967635c7e27bd7080f4eedd	5148d9e2040e0b22	-	Minidregg.Kernel.ObjectiveActivityReceiver.Ingress → Minidregg.Theory.TypedAuthorization.Digest
def	Minidregg.Kernel.ObjectiveActivityReceiver.IntentShape	05a452122339d3d0dbed1728921b56e00e70a6c732c58707aabe7288fb57a1e5	a6e8fd58d3287214653ce2cf00a5374b393b3e01e5a81181804c6a6a1154ec64	0389495723191665756408d0a8fb09ff340a7bc99d99f767fc25e8a8462c81be	d747d4f534d30eb9	Classical.choice,Quot.sound,propext	Minidregg.Kernel.ObjectiveActivityReceiver.Deployment → Minidregg.Kernel.ObjectiveActivityReceiver.Durable → Minidregg.Kernel.DurableDataIntent.DataIntent Minidregg.Compiler.ResourceBirthCodec.rootBytes → Prop := fun deployment durable intent => (List.map Minidregg.Kernel.DurableDataIntent.DataWrite.cellId intent.writes).Nodup ∧ (∀ write ∈ intent.writes, write.expectedPre = durable.snapshot.model.roots write.cellId) ∧ (∀ write ∈ intent.writes, Minidregg.Kernel.ResourceBirthController.Concrete.PhysicalPostLaw deployment write) ∧ (∀ write ∈ intent.writes, Minidregg.Kernel.ObjectiveActivityReceiver.ActivityOrBook deployment write) ∧ (∀ guard ∈ intent.readGuards, guard.expectedRoot = durable.snapshot.model.roots guard.cellId) ∧ ∀ write ∈ intent.writes, Minidregg.Kernel.ObjectiveActivity.isRetired (durable.snapshot.canonicalBytes write.cellId) = Bool.false
def	Minidregg.Kernel.ObjectiveActivityReceiver.InvokeWire	adc39169b14e0cbf6681249a65982a3af2c74cc8fa67de4723d7f8962904d6b9	89855d392aa192071e8a2b2230d30ecae8fc9de0c15fa6a53f6209226829292a	35ec2499e2315b71cedbab210f3a4eb618226c40c29f5ed04d1e6e5b2a507d99	091bedc71856eebe	-	Type
def	Minidregg.Kernel.ObjectiveActivityReceiver.PhysicalShape	c487cbd80cc78b2807a4cb24abcf814ad2d332c28e236e1ce2a9b8d7832c76fa	6872dcf8b1560565af3bffc9631f60d17d39f1f39268a674db44228f0b8d9498	6cdc84ae35b5b4b7a5c39ca5144d4f2fdd4e323948729bb91acde7f4de7d9370	497d95074a42b72a	Classical.choice,Quot.sound,propext	{F : Type} → [inst : Field F] → {deployment : Minidregg.Kernel.ObjectiveActivityReceiver.Deployment} → {profile : Minidregg.Compiler.CanonicalRuntimeProfile.Profile F} → {ambient : Minidregg.Kernel.ObjectiveKernelConfig.Ambient} → {durable : Minidregg.Kernel.ObjectiveActivityReceiver.Durable} → {command : Minidregg.Kernel.ObjectiveActivityReceiver.Command} → Minidregg.Kernel.ObjectiveActivityReceiver.Prepared deployment profile ambient durable command → Minidregg.Kernel.ObjectiveActivityReceiver.DecodedIngress → Prop := fun {F} [Field F] {deployment} {profile} {ambient} {durable} {command} prepared ingress => have intent := prepared.intent ingress; (List.map Minidregg.Kernel.DurableDataIntent.DataWrite.cellId intent.writes).Nodup ∧ (∀ write ∈ intent.writes, write.expectedPre = durable.snapshot.model.roots write.cellId) ∧ (∀ write ∈ intent.writes, Minidregg.Kernel.ResourceBirthController.Concrete.PhysicalPostLaw deployment write) ∧ (∀ write ∈ intent.writes, Minidregg.Kernel.ObjectiveActivityReceiver.ActivityOrBook deployment write) ∧ (∀ guard ∈ intent.readGuards, guard.expectedRoot = durable.snapshot.model.roots guard.cellId) ∧ ∀ write ∈ intent.writes, Minidregg.Kernel.ObjectiveActivity.isRetired (durable.snapshot.canonicalBytes write.cellId) = Bool.false
inductive	Minidregg.Kernel.ObjectiveActivityReceiver.Prepared	85022d47ce4e3486c0fc9a72df8bc4c03e3c13fc68227e67a474bb71f3e1273e	f986f951872e498ecbb57cf7a55b34fba86a017a22d00953e2dd18372918a194	1963e85d43f8e1c8da8e8404914890788da9ac6ae26b8fbcf8632c1a554e2e96	e49507292ba21217		{F : Type} → [inst : Field F] → Minidregg.Kernel.ObjectiveActivityReceiver.Deployment → Minidregg.Compiler.CanonicalRuntimeProfile.Profile F → Minidregg.Kernel.ObjectiveKernelConfig.Ambient → Minidregg.Kernel.ObjectiveActivityReceiver.Durable → Minidregg.Kernel.ObjectiveActivityReceiver.Command → Type
def	Minidregg.Kernel.ObjectiveActivityReceiver.Prepared.authority	803c1914da08bac629033f33b4e861be5431cee01216c0e8f6d83597f22d9d59	1310ef45273c8af15b55c49a8e433c0e9268423157eadda7e5a15cf32cc01add	e88279350205f9f7542e24abbfdc5db1fee81ed044fb8a874a5495b650333be1	e212f15fecc892ed	Classical.choice,Quot.sound,propext	{F : Type} → [inst : Field F] → {deployment : Minidregg.Kernel.ObjectiveActivityReceiver.Deployment} → {profile : Minidregg.Compiler.CanonicalRuntimeProfile.Profile F} → {ambient : Minidregg.Kernel.ObjectiveKernelConfig.Ambient} → {durable : Minidregg.Kernel.ObjectiveActivityReceiver.Durable} → {command : Minidregg.Kernel.ObjectiveActivityReceiver.Command} → Minidregg.Kernel.ObjectiveActivityReceiver.Prepared deployment profile ambient durable command → Minidregg.Compiler.CredentialAuthorityDomainReceiver.Loaded deployment durable.snapshot
theorem	Minidregg.Kernel.ObjectiveActivityReceiver.Prepared.authorizedExact	016d9758ccfd4652802e8f7866eacf5784b147f90db87598bb8865eaf1d3d466	3ed76ad71316b0a4f46a0b04e7be22acd7ea8813aa2aaa1036f963672c3be962	6dd80ad557ae1cb4cd47649948d3b722fda80c810219f6efed32da72738d1a70	83107fc5b9fa1223	Classical.choice,Quot.sound,propext	∀ {F : Type} [inst : Field F] {deployment : Minidregg.Kernel.ObjectiveActivityReceiver.Deployment} {profile : Minidregg.Compiler.CanonicalRuntimeProfile.Profile F} {ambient : Minidregg.Kernel.ObjectiveKernelConfig.Ambient} {durable : Minidregg.Kernel.ObjectiveActivityReceiver.Durable} {command : Minidregg.Kernel.ObjectiveActivityReceiver.Command} (self : Minidregg.Kernel.ObjectiveActivityReceiver.Prepared deployment profile ambient durable command), Minidregg.Kernel.ObjectiveActivityReceiver.authorized self.authority.snapshot profile.semantics ambient command self.preRoot self.outcome = Except.ok ()
def	Minidregg.Kernel.ObjectiveActivityReceiver.Prepared.config	6958747e72d54e4e2162cedfa9b6a12b8d32ca0e28c300ca31a9cf92f32b2c59	f07a0852a87cd9e37a4437bbb0724dac06c7239800a824a9d8db39c7e21f0930	77db8a6266f7fc5de81b364c111c2b0aa6972e6387e596ce38833cff924baa7c	a163b9cf61f91fd5	Classical.choice,Quot.sound,propext	{F : Type} → [inst : Field F] → {deployment : Minidregg.Kernel.ObjectiveActivityReceiver.Deployment} → {profile : Minidregg.Compiler.CanonicalRuntimeProfile.Profile F} → {ambient : Minidregg.Kernel.ObjectiveKernelConfig.Ambient} → {durable : Minidregg.Kernel.ObjectiveActivityReceiver.Durable} → {command : Minidregg.Kernel.ObjectiveActivityReceiver.Command} → Minidregg.Kernel.ObjectiveActivityReceiver.Prepared deployment profile ambient durable command → Minidregg.Kernel.ObjectiveActivity.Config
theorem	Minidregg.Kernel.ObjectiveActivityReceiver.Prepared.configExact	a941ed7f5d262723db48d73eeff62f9f27a6d0531e859fc6ba1790374e88ddd3	e8b5761071b3649a1efdac44759ef2bb9ddeed12df01965e8d2daeaceb9f9d16	569b784a7a653c0f5ad03903668840e0e4a7e039bde8675a88645a23fb1345be	79b29ef7767fcc1e	Classical.choice,Quot.sound,propext	∀ {F : Type} [inst : Field F] {deployment : Minidregg.Kernel.ObjectiveActivityReceiver.Deployment} {profile : Minidregg.Compiler.CanonicalRuntimeProfile.Profile F} {ambient : Minidregg.Kernel.ObjectiveKernelConfig.Ambient} {durable : Minidregg.Kernel.ObjectiveActivityReceiver.Durable} {command : Minidregg.Kernel.ObjectiveActivityReceiver.Command} (self : Minidregg.Kernel.ObjectiveActivityReceiver.Prepared deployment profile ambient durable command), Minidregg.Kernel.ObjectiveKernelConfig.configOf deployment profile ambient = Except.ok self.config
def	Minidregg.Kernel.ObjectiveActivityReceiver.Prepared.decided	39eb03c9a6ef2cd516222ed5b765d8655b00854c96daf749587a58fb7464467e	5df34c97c148456c45a38f4380ff48f0b42c622ac53f389e3b98d37f4a28658e	a3fb7ee95c67ec7c80475300171fe3bc8069e102ebc675d23848ec896d49bb8f	c89877e71fb58787	Classical.choice,Quot.sound,propext	{F : Type} → [inst : Field F] → {deployment : Minidregg.Kernel.ObjectiveActivityReceiver.Deployment} → {profile : Minidregg.Compiler.CanonicalRuntimeProfile.Profile F} → {ambient : Minidregg.Kernel.ObjectiveKernelConfig.Ambient} → {durable : Minidregg.Kernel.ObjectiveActivityReceiver.Durable} → {command : Minidregg.Kernel.ObjectiveActivityReceiver.Command} → (self : Minidregg.Kernel.ObjectiveActivityReceiver.Prepared deployment profile ambient durable command) → Minidregg.Kernel.ObjectiveActivityReceiver.Decided self.config durable.snapshot ambient.height command
theorem	Minidregg.Kernel.ObjectiveActivityReceiver.Prepared.decidedExact	2ec8d01b6b0d4d4bf20417eee127e5d5a7283c720cad296754df40756655ced2	c2b9d48282df7de3b58c7dd1ab943e3db859a5cf33452acaa36d719b7137da17	111f6007774e33720cf324e2d9fe94564feef1a20fc932039f48f75e28caa6c9	8a712b39141f920a	Classical.choice,Quot.sound,propext	∀ {F : Type} [inst : Field F] {deployment : Minidregg.Kernel.ObjectiveActivityReceiver.Deployment} {profile : Minidregg.Compiler.CanonicalRuntimeProfile.Profile F} {ambient : Minidregg.Kernel.ObjectiveKernelConfig.Ambient} {durable : Minidregg.Kernel.ObjectiveActivityReceiver.Durable} {command : Minidregg.Kernel.ObjectiveActivityReceiver.Command} (self : Minidregg.Kernel.ObjectiveActivityReceiver.Prepared deployment profile ambient durable command), Minidregg.Kernel.ObjectiveActivityReceiver.decideTurn self.config durable.snapshot ambient.height command = Except.ok self.decided
def	Minidregg.Kernel.ObjectiveActivityReceiver.Prepared.directory	50fef05f9e4727ec3447ca75a9368d4a27db355607ee10d48415e89c1b45ae5e	aaf60033df8288cfd7a7e2fe3f242cc1f43d041db3a1f6e2e6fd87909562700e	6a02414cb52b7172717851eede0b8b897b6ad5bf3bb8efbc6e67915d169e7908	99337dd4532e63fe	Classical.choice,Quot.sound,propext	{F : Type} → [inst : Field F] → {deployment : Minidregg.Kernel.ObjectiveActivityReceiver.Deployment} → {profile : Minidregg.Compiler.CanonicalRuntimeProfile.Profile F} → {ambient : Minidregg.Kernel.ObjectiveKernelConfig.Ambient} → {durable : Minidregg.Kernel.ObjectiveActivityReceiver.Durable} → {command : Minidregg.Kernel.ObjectiveActivityReceiver.Command} → Minidregg.Kernel.ObjectiveActivityReceiver.Prepared deployment profile ambient durable command → Minidregg.Compiler.CredentialAuthorityDomainReceiver.LoadedDirectory durable
def	Minidregg.Kernel.ObjectiveActivityReceiver.Prepared.final	d5bb3edbc77f646fab953734172ab61cec038d535ab802a533909db48338d5ab	c3a08401b8e816e8a196c40543d2bc16891df3a0a6052104b24e834533488995	52b78b22625ee5da83791314ff975872c01e129fe31d1cc17a76024b9220c7d6	264323ad7d84eca2	Classical.choice,Quot.sound,propext	{F : Type} → [inst : Field F] → {deployment : Minidregg.Kernel.ObjectiveActivityReceiver.Deployment} → {profile : Minidregg.Compiler.CanonicalRuntimeProfile.Profile F} → {ambient : Minidregg.Kernel.ObjectiveKernelConfig.Ambient} → {durable : Minidregg.Kernel.ObjectiveActivityReceiver.Durable} → {command : Minidregg.Kernel.ObjectiveActivityReceiver.Command} → Minidregg.Kernel.ObjectiveActivityReceiver.Prepared deployment profile ambient durable command → List Minidregg.Kernel.ObjectiveActivityWire.Post × List Minidregg.Kernel.DurableDataIntent.ReadGuard
theorem	Minidregg.Kernel.ObjectiveActivityReceiver.Prepared.finalExact	981be8d9313e311f1c305d6e64c0b894ba91f8880da5d40ffdbea55d816d4ec8	59a513f39f5eecd4d5b411f9452d2debe2049a96461189ce20574b5b16f28693	07e6717fc402e0d7d2dd84586f760a611d29b17bb27339ce4bd5cba56ea236bd	b588172fef902e93	Classical.choice,Quot.sound,propext	∀ {F : Type} [inst : Field F] {deployment : Minidregg.Kernel.ObjectiveActivityReceiver.Deployment} {profile : Minidregg.Compiler.CanonicalRuntimeProfile.Profile F} {ambient : Minidregg.Kernel.ObjectiveKernelConfig.Ambient} {durable : Minidregg.Kernel.ObjectiveActivityReceiver.Durable} {command : Minidregg.Kernel.ObjectiveActivityReceiver.Command} (self : Minidregg.Kernel.ObjectiveActivityReceiver.Prepared deployment profile ambient durable command), Minidregg.Kernel.ActivitySeatEnd.finish self.config durable.snapshot ambient.height self.decided = Except.ok self.final
def	Minidregg.Kernel.ObjectiveActivityReceiver.Prepared.intent	18e9e9227fb8c79585f13340e68453745a554276c2b3eb8244884e6d68b8858b	956abc729539752d2958866004b6d19ad19ad3d9ffb63f973a204da5c8eb5197	3ffa36e150d1a07e13e04e409b893cde83a716fd7f9219080b5147812763d56d	81b818cc3ccecc3a	Classical.choice,Quot.sound,propext	{F : Type} → [inst : Field F] → {deployment : Minidregg.Kernel.ObjectiveActivityReceiver.Deployment} → {profile : Minidregg.Compiler.CanonicalRuntimeProfile.Profile F} → {ambient : Minidregg.Kernel.ObjectiveKernelConfig.Ambient} → {durable : Minidregg.Kernel.ObjectiveActivityReceiver.Durable} → {command : Minidregg.Kernel.ObjectiveActivityReceiver.Command} → Minidregg.Kernel.ObjectiveActivityReceiver.Prepared deployment profile ambient durable command → Minidregg.Kernel.ObjectiveActivityReceiver.DecodedIngress → Minidregg.Kernel.DurableDataIntent.DataIntent Minidregg.Compiler.ResourceBirthCodec.rootBytes
def	Minidregg.Kernel.ObjectiveActivityReceiver.Prepared.outcome	c9884b285d7f402f0e58d22706258a2adf99cad4dda3c6fff0ddc2a373027ff2	04f8449d6ba398df2287c954fb002224d839adfc5847999151aecdcd14bc39a0	c2a030235f0a4c80a8b374656e1fe6915e2e27e64ceac2f633d0e7b1967e4ff7	c31b665516e79d62	Classical.choice,Quot.sound,propext	{F : Type} → [inst : Field F] → {deployment : Minidregg.Kernel.ObjectiveActivityReceiver.Deployment} → {profile : Minidregg.Compiler.CanonicalRuntimeProfile.Profile F} → {ambient : Minidregg.Kernel.ObjectiveKernelConfig.Ambient} → {durable : Minidregg.Kernel.ObjectiveActivityReceiver.Durable} → {command : Minidregg.Kernel.ObjectiveActivityReceiver.Command} → Minidregg.Kernel.ObjectiveActivityReceiver.Prepared deployment profile ambient durable command → Minidregg.Theory.TypedAuthorization.Digest
theorem	Minidregg.Kernel.ObjectiveActivityReceiver.Prepared.outcomeExact	a43d85d69d819b87acd358d656632221cf8601a238ec7d95431fc57d8f9619b3	56e8b7d553537b6c6a72bed637c3a4fa40836ed6923d17f641acc2a22198a4e1	889374d40d42b874ea7b85e56b5435d90a4d9555bf4d774a19c3f1ef8c3d4899	d27d84aa2c77e07c	Classical.choice,Quot.sound,propext	∀ {F : Type} [inst : Field F] {deployment : Minidregg.Kernel.ObjectiveActivityReceiver.Deployment} {profile : Minidregg.Compiler.CanonicalRuntimeProfile.Profile F} {ambient : Minidregg.Kernel.ObjectiveKernelConfig.Ambient} {durable : Minidregg.Kernel.ObjectiveActivityReceiver.Durable} {command : Minidregg.Kernel.ObjectiveActivityReceiver.Command} (self : Minidregg.Kernel.ObjectiveActivityReceiver.Prepared deployment profile ambient durable command), self.outcome = Minidregg.Kernel.ObjectiveActivityReceiver.outcomeDigest self.final.1
def	Minidregg.Kernel.ObjectiveActivityReceiver.Prepared.preRoot	4cfbecd1a53105404b4990e0aeb76d4579ba1a4b8e32a37b10cda10a6fa55ead	04f8449d6ba398df2287c954fb002224d839adfc5847999151aecdcd14bc39a0	77c7d29d51ba346c97eeabbcb8118e3e723e6a18067a31a52ccdf5dccefecce9	cfac32591e499a1a	Classical.choice,Quot.sound,propext	{F : Type} → [inst : Field F] → {deployment : Minidregg.Kernel.ObjectiveActivityReceiver.Deployment} → {profile : Minidregg.Compiler.CanonicalRuntimeProfile.Profile F} → {ambient : Minidregg.Kernel.ObjectiveKernelConfig.Ambient} → {durable : Minidregg.Kernel.ObjectiveActivityReceiver.Durable} → {command : Minidregg.Kernel.ObjectiveActivityReceiver.Command} → Minidregg.Kernel.ObjectiveActivityReceiver.Prepared deployment profile ambient durable command → Minidregg.Theory.TypedAuthorization.Digest
theorem	Minidregg.Kernel.ObjectiveActivityReceiver.Prepared.preRootExact	6ab23e2654e6dbae1ce4fb7d9a20d5b8d438a885a2269a3009bd84084b25f28b	8c852ec0a6292fa01e705ab403c95820333fc881db519c50f9e55e228297597e	c8a6fa044a61f7dca25ed3b305fa3f8e6a28a4edb0431982d42722edca9eac04	9cd837120d431431	Classical.choice,Quot.sound,propext	∀ {F : Type} [inst : Field F] {deployment : Minidregg.Kernel.ObjectiveActivityReceiver.Deployment} {profile : Minidregg.Compiler.CanonicalRuntimeProfile.Profile F} {ambient : Minidregg.Kernel.ObjectiveKernelConfig.Ambient} {durable : Minidregg.Kernel.ObjectiveActivityReceiver.Durable} {command : Minidregg.Kernel.ObjectiveActivityReceiver.Command} (self : Minidregg.Kernel.ObjectiveActivityReceiver.Prepared deployment profile ambient durable command), self.preRoot = durable.snapshot.model.roots { value := (Minidregg.Kernel.ObjectiveActivityReceiver.signedTarget deployment.domain command).2 }
def	Minidregg.Kernel.ObjectiveActivityReceiver.Prepared.request	09d4106aad3c9bd6f081e1451234e00a757e0adc7faf59ec5dd901e8a64bfb2d	b054a223c09a4232bfbc0cf9eb388c98c550878d774f84e49b62d07321eb3440	1855faeb46dfcceef51722ab73fcd065256c01c31175c61e09a0ff45d1723f9b	d164ad360977d377	Classical.choice,Quot.sound,propext	{F : Type} → [inst : Field F] → {deployment : Minidregg.Kernel.ObjectiveActivityReceiver.Deployment} → {profile : Minidregg.Compiler.CanonicalRuntimeProfile.Profile F} → {ambient : Minidregg.Kernel.ObjectiveKernelConfig.Ambient} → {durable : Minidregg.Kernel.ObjectiveActivityReceiver.Durable} → {command : Minidregg.Kernel.ObjectiveActivityReceiver.Command} → Minidregg.Kernel.ObjectiveActivityReceiver.Prepared deployment profile ambient durable command → Minidregg.Theory.PackedEffectRequest
def	Minidregg.Kernel.ObjectiveActivityReceiver.PublishWire	3855fd815fc4eeca8f1a4803f0b2b043de3d1369d371a47165cfc9b6b0e80d12	89855d392aa192071e8a2b2230d30ecae8fc9de0c15fa6a53f6209226829292a	138e209371fb93f5983e64043025bba0c614211045186c97bc07cd54e02cde66	5a97835583152e7b	-	Type
inductive	Minidregg.Kernel.ObjectiveActivityReceiver.Receipt	816bda3b0ff4aeb47df33f6fba7d0f55a2516293e91c186cfd4fbfe12dac2f7a	16946b93ac38405660f51e475eb5aa7d25b54f5e5677e0f6a10a4526cc071cbf	dce74cd3becb50744976116f84da6c869f1e361c6612397787305ffcf435e76b	c7f1868e0017cff8		Type
def	Minidregg.Kernel.ObjectiveActivityReceiver.Receipt.eventId	171f32adf1acfebea25fd3d6de7d9adebe738bcf227d213998dcb98eb50a66b7	ca4ac4fb86ccde19420685611567470061bebc7c49d36a8f0f34b88058d87212	9e4c83fe44cc3d05fe96da5e293e8cc963748313aa0b40be90b8ba666aa82e12	daaf4da718234513	-	Minidregg.Kernel.ObjectiveActivityReceiver.Receipt → Minidregg.Theory.TypedAuthorization.Digest
ctor	Minidregg.Kernel.ObjectiveActivityReceiver.Receipt.mk	3b794f7ca56b723cf062a372a40ad9b0f58e5b0245714fefe7c00664684fed85	6cfec71c18334aa8744745d3deacdb53a36729666aeccf6136b64ea4916da656	99cab4a4e2afceeff9bb1f89962bc4b70811b8d8056ea15925151847e99e6431	4ca829acac3eeea3		Minidregg.Theory.TypedAuthorization.Digest → Minidregg.Theory.TypedAuthorization.Digest → Minidregg.Kernel.ObjectiveActivityReceiver.Receipt
def	Minidregg.Kernel.ObjectiveActivityReceiver.Receipt.transactionId	513e128556b11794360264b54220e705899b816abc3719a6669e48853b8dc126	ca4ac4fb86ccde19420685611567470061bebc7c49d36a8f0f34b88058d87212	6d6ff9877fff56050a2eb2f2ab55b7473357cfd741add7d010922046190e9ed7	f91249e3649dc948	-	Minidregg.Kernel.ObjectiveActivityReceiver.Receipt → Minidregg.Theory.TypedAuthorization.Digest
inductive	Minidregg.Kernel.ObjectiveActivityReceiver.RecordedDisposition	79e81eae4001cf6b8ccdc634ae14c8ef7ab95c863844bbf717acffe8fc797b3f	16946b93ac38405660f51e475eb5aa7d25b54f5e5677e0f6a10a4526cc071cbf	70ceefd6b55fafd78418d2287b4c9e580b701dc08d7f0b272fb1a79837a32ae1	28c7f20dc008832a		Type
ctor	Minidregg.Kernel.ObjectiveActivityReceiver.RecordedDisposition.charged	14808119cf11f706ca40801dfaee3e658b6da5492d7c3186e84ebedd3e11f0aa	a80d61dde864f15cf638857460e1b59ea644f535d047ecf25f9a0379e5cca2a7	237555b3af6a9b89a3084b32f3a61e262941f194745072005e2b86dc87ab8741	37eba966a4301963		Minidregg.Kernel.ObjectiveActivityReceiver.Reject → Minidregg.Kernel.ObjectiveActivityReceiver.RecordedDisposition
def	Minidregg.Kernel.ObjectiveActivityReceiver.RecordedDisposition.charged.elim	ca38e11d0f2876633eeba0d8f45c3999eaeee05403676fa918c87da1f56e99b2	cdb9b845e62c2657a6a8f2d18a88a5f4a2b9c1a58fcd685cb1a8e703cefa44fc	a72537d9b7a8e1f0be2b8ed29707413157ca6fe766b0690da74f29135c7d6ad8	460574aa0695d90b	-	{motive : Minidregg.Kernel.ObjectiveActivityReceiver.RecordedDisposition → Sort u} → (t : Minidregg.Kernel.ObjectiveActivityReceiver.RecordedDisposition) → t.ctorIdx = 1 → ((cause : Minidregg.Kernel.ObjectiveActivityReceiver.Reject) → motive (Minidregg.Kernel.ObjectiveActivityReceiver.RecordedDisposition.charged cause)) → motive t
ctor	Minidregg.Kernel.ObjectiveActivityReceiver.RecordedDisposition.confirmed	35fb4db58eb5cc3f61bec9fa6460180b4d3ea54ed10519c13fe1402a7351798d	a5f35d1c9d20c448144aea8dfe87e1e8e9f1b359c3d4483b90dc42eb2adaf775	adf1dcb8597a3b758cb426e6439b59de29c0792d439a4925e219fd564b21bf24	54c0bae9eced0a40		Minidregg.Kernel.ObjectiveActivityReceiver.RecordedDisposition
def	Minidregg.Kernel.ObjectiveActivityReceiver.RecordedDisposition.confirmed.elim	69bde94caeb7018d29972e1267162b666889de13c404c18c8cdc3caca3f6dc7b	196888baff6ad1294c55876d56cb3584ac42d18fa95460f1cc1607db3532203c	648507763448c2138d5658cee613dac630b5f7f741dd95af07e5faf7ae121037	1ce45fae9552c776	-	{motive : Minidregg.Kernel.ObjectiveActivityReceiver.RecordedDisposition → Sort u} → (t : Minidregg.Kernel.ObjectiveActivityReceiver.RecordedDisposition) → t.ctorIdx = 0 → motive Minidregg.Kernel.ObjectiveActivityReceiver.RecordedDisposition.confirmed → motive t
inductive	Minidregg.Kernel.ObjectiveActivityReceiver.RecordedFailure	5c5f9c44ccb531601574bb2b7594e9db260a27c20ad8417311a167f41bfe0e01	16946b93ac38405660f51e475eb5aa7d25b54f5e5677e0f6a10a4526cc071cbf	825c5572a9b0e9d78a67dbaa766e8f048949e1f39ad9ba211615c54b87c51141	6099da11e5581ec0		Type
def	Minidregg.Kernel.ObjectiveActivityReceiver.RecordedFailure.cause	213544159dbb42c6e1f44d66fbd0bd8db8fae9678ac974029cc2dec7066dc317	9a415062c40ed7184184460618ce143fc4d6820b17dbaa4557f20ba2eb0c1c6f	eb6db92f198a2efda7373e7e3dba8278b38767123ee73f827450e24247c3a672	952c85f2a67b060a	-	Minidregg.Kernel.ObjectiveActivityReceiver.RecordedFailure → Minidregg.Kernel.ObjectiveActivityReceiver.Reject
ctor	Minidregg.Kernel.ObjectiveActivityReceiver.RecordedFailure.mk	5b2a902fca352ff669c0768928e1f4c30f88748abd2b59da13a60cbd3d1db093	0f8cc3caa6076f7503ea11d7cf9062734bdbade96ad8eb5079811648343bc533	31535f3b02514900d287427af8f846025caa259eb59611dff3b4ddc50a4392b5	471ba71fe5427cc5		Minidregg.Kernel.DurableDataIntent.StableEvent → Minidregg.Kernel.ObjectiveActivityReceiver.Reject → Minidregg.Kernel.ObjectiveActivityReceiver.RecordedFailure
def	Minidregg.Kernel.ObjectiveActivityReceiver.RecordedFailure.source	324cc004c125c332dbd491b5a786a01bcf4901836c743b4a55d3c617127fa1e6	b91b9a526812d457dc293cc286dc7b802955e157a3025e2b576f9fd7d1610bb6	34a22fe00e720bf51a8c823f5f007fd256aa01d6ef90d8389ef5512e65ae2f9f	7c684e720b7be3eb	-	Minidregg.Kernel.ObjectiveActivityReceiver.RecordedFailure → Minidregg.Kernel.DurableDataIntent.StableEvent
def	Minidregg.Kernel.ObjectiveActivityReceiver.RegisterWire	71e9f2ac2e42fd7dcc060b6827ff1bcb164696671110ca2c81ca3f11eb348395	89855d392aa192071e8a2b2230d30ecae8fc9de0c15fa6a53f6209226829292a	2838d476026e23476693f1e2d19b6be33b26d69b910de594df06b699b29755ae	a4fe9ee14948f95e	-	Type
def	Minidregg.Kernel.ObjectiveActivityReceiver.Registry	889c2157a64b279c825d961a593ba5ed08a9c01b6b7958491ff676bd78054a85	44f45dd1328f53e20f968e4cb0fcc73a571ffc84e263b64c9457558544039a9a	92439b7db789f35b9f2d5417c9b63e6383d3eda7af33ebd18b6ab150fdec8c25	5e5a7f7342a1674c	Classical.choice,Quot.sound,propext	Minidregg.Theory.CellRegistry.TypeRegistry Minidregg.Theory.TypedAuthorization.Digest
inductive	Minidregg.Kernel.ObjectiveActivityReceiver.Reject	536f50c1dbbf0143b387e9f1602217f52f1d93a54184bc2d4b4dec731b3166b6	16946b93ac38405660f51e475eb5aa7d25b54f5e5677e0f6a10a4526cc071cbf	699d3ca87badb0a39ce010bcf0219f69d55ddb9b9aa06ef5d43c4970e4136bd3	85fca6e4758b5a90		Type
ctor	Minidregg.Kernel.ObjectiveActivityReceiver.Reject.authorityUnavailable	29301934e2da3c01a1f16af77c1c7d0337c130d92ad0fe7f0c06556646893fe8	024513b08f1fed6f2185d3da64e2933ebdea2b54dab06582729e6be2dff62303	c0816fd57962fcd7d96895f11dad328f2ac94466fe4b4de048438e7a6ab020fd	fb24367a77de1651		Minidregg.Kernel.ObjectiveActivityReceiver.Reject
def	Minidregg.Kernel.ObjectiveActivityReceiver.Reject.authorityUnavailable.elim	3756c99b8f654c53da352bc168a7365c67e8c1dd3b8f65b1256dfe168b5733d6	0b2f7e0c176734667d77f8a175837492a1e4b4ef25ed3cc8dbddc95cc2a9ccb5	3d9e30b6c83f0c68c796a956ebd6b9437c88a05fe1aa17f72f3c973ad8b96c84	62489d308343c381	-	{motive : Minidregg.Kernel.ObjectiveActivityReceiver.Reject → Sort u} → (t : Minidregg.Kernel.ObjectiveActivityReceiver.Reject) → t.ctorIdx = 2 → motive Minidregg.Kernel.ObjectiveActivityReceiver.Reject.authorityUnavailable → motive t
ctor	Minidregg.Kernel.ObjectiveActivityReceiver.Reject.call	e7601f5f33640b4ed40297ca8221f21866e2c1a94844053b04f2801ce9940e64	1e72be11097d418598009cbb2fd1f5af6ae8acbaf54555dbb7024f7f3ef03644	f54aa585300be2396c48602b354a3e097c1229cdc0d16f6064fcfda2b75b775e	b5ae2fe51ca4214a		Minidregg.Kernel.ObjectiveCall.CallRefusal → Minidregg.Kernel.ObjectiveCall.FrontEnd → Minidregg.Kernel.ObjectiveActivityReceiver.Reject
def	Minidregg.Kernel.ObjectiveActivityReceiver.Reject.call.elim	5dc5962d430e6b9efc47514e8e737be3d590d583b1b1984e3e65474d683ef3d7	3d0facd3112045ff17023fd1ab9e9643c52c011cae5d0d34bf74713e8e8efde1	17e905e15b778243fcb72631ec1bba552130220d9e1aa4d19ae4d9de8eff9e80	05832bf6b84bf654	-	{motive : Minidregg.Kernel.ObjectiveActivityReceiver.Reject → Sort u} → (t : Minidregg.Kernel.ObjectiveActivityReceiver.Reject) → t.ctorIdx = 9 → ((reason : Minidregg.Kernel.ObjectiveCall.CallRefusal) → (drawn : Minidregg.Kernel.ObjectiveCall.FrontEnd) → motive (Minidregg.Kernel.ObjectiveActivityReceiver.Reject.call reason drawn)) → motive t
ctor	Minidregg.Kernel.ObjectiveActivityReceiver.Reject.directoryUnavailable	76822a95d48c481f44ab6fb04d4f2aae2ba4306c8f9cc22c400cc3456a5538bc	024513b08f1fed6f2185d3da64e2933ebdea2b54dab06582729e6be2dff62303	7a2e3c8f9162f365f54efc49affcdf7fd41cf138c41bb2711bb73233daa47683	2b55ebb378e1a633		Minidregg.Kernel.ObjectiveActivityReceiver.Reject
def	Minidregg.Kernel.ObjectiveActivityReceiver.Reject.directoryUnavailable.elim	deca47aaa053110da60bea68ab1cc7e32a49e0ce7ceb39309464e5e4c98f6ca1	304c79a6d4020f14074c09594f777067af959a520916c586d8f9b8b7235f3e88	20f08451a10adb53ac6bb12fff1b3d59914651b1197358bc9f5cb7b6532d0e12	5f14be0cf1bd4602	-	{motive : Minidregg.Kernel.ObjectiveActivityReceiver.Reject → Sort u} → (t : Minidregg.Kernel.ObjectiveActivityReceiver.Reject) → t.ctorIdx = 1 → motive Minidregg.Kernel.ObjectiveActivityReceiver.Reject.directoryUnavailable → motive t
ctor	Minidregg.Kernel.ObjectiveActivityReceiver.Reject.inputUndecodable	ffe7956b7fef278c8749d221b1f35b0450e00adf724760055182fe7c527aa6c7	024513b08f1fed6f2185d3da64e2933ebdea2b54dab06582729e6be2dff62303	955ac70159b20d5753e37ebd911563da0d215571950aea9ca91ccb6048170532	10d05011a13277b5		Minidregg.Kernel.ObjectiveActivityReceiver.Reject
def	Minidregg.Kernel.ObjectiveActivityReceiver.Reject.inputUndecodable.elim	e5e2c1b9d3abfb9c3c7c152de9033995803fd9f77813f6a45ede41b32335efd7	9e15a6f4c2b13032e53ce2c00bfbb4c25b31ff93c0e7bb9b6be97dd312ed7eb3	37cdd87a6ddb0bc52cd66c4ea91590a93e8818cffa23710a34e4521c72fb3904	126b9e9373553383	-	{motive : Minidregg.Kernel.ObjectiveActivityReceiver.Reject → Sort u} → (t : Minidregg.Kernel.ObjectiveActivityReceiver.Reject) → t.ctorIdx = 6 → motive Minidregg.Kernel.ObjectiveActivityReceiver.Reject.inputUndecodable → motive t
ctor	Minidregg.Kernel.ObjectiveActivityReceiver.Reject.kernel	2523e12d9c9ce8591a1c6ecfc2574d70be1e9778cda5e2f62c8ac025dc899de0	244718b86c402fcbfb641fcd38a79bfb0aaaba8b74992654cb84b1e7f6b6dae8	a2dec41475af89c06d0dd71edf1288afe66279d228bce4c62e21260dd9bab1e2	eef389e5f5271cc9		Minidregg.Kernel.ObjectiveActivity.Refusal → Minidregg.Kernel.ObjectiveActivityReceiver.Reject
def	Minidregg.Kernel.ObjectiveActivityReceiver.Reject.kernel.elim	284258ece8bd9143f04c5411ad149d84ce4d97d6ed9a890909c6541bbe109562	e4f0e0c1bb78532bde75886dccd32241fd4557a10258c403b5e281ade416352a	44529503087484679990b7478f9131f8377bbb50fe2aa5555b500abd02698330	c44956d79554670a	-	{motive : Minidregg.Kernel.ObjectiveActivityReceiver.Reject → Sort u} → (t : Minidregg.Kernel.ObjectiveActivityReceiver.Reject) → t.ctorIdx = 7 → ((reason : Minidregg.Kernel.ObjectiveActivity.Refusal) → motive (Minidregg.Kernel.ObjectiveActivityReceiver.Reject.kernel reason)) → motive t
ctor	Minidregg.Kernel.ObjectiveActivityReceiver.Reject.malformedIngress	4817bf9e8051cd695511873d1a25800fb067bf708962b0906d0054e5366624e7	024513b08f1fed6f2185d3da64e2933ebdea2b54dab06582729e6be2dff62303	221e26bc394057ab753846782bb63aa08181074fa05d50761da1f4824836e52c	e6faa3597606be4e		Minidregg.Kernel.ObjectiveActivityReceiver.Reject
def	Minidregg.Kernel.ObjectiveActivityReceiver.Reject.malformedIngress.elim	a548eb55bbba6bc1fa84cb2396ae99e248cfcd5a79903c8d43971e77cecdf0a4	8916d4da6bedda886e1e22e20617711a0935d914aa4fb644479a589b594ce7c2	6f23a65ff3e1bcda581fdc703ea22e1b224999f33410ef11c5cbbd01588b3def	b213a843babb4645	-	{motive : Minidregg.Kernel.ObjectiveActivityReceiver.Reject → Sort u} → (t : Minidregg.Kernel.ObjectiveActivityReceiver.Reject) → t.ctorIdx = 0 → motive Minidregg.Kernel.ObjectiveActivityReceiver.Reject.malformedIngress → motive t
ctor	Minidregg.Kernel.ObjectiveActivityReceiver.Reject.message	07a2e0cf5c1c3ed4db380861d666dbe0b7c3d3e8342e757441eb0f837f9099df	8da0d5d22ed0a0f2e52819627403b00a05afb902a023f78a923cefdb398d34fa	6201593b08128e87719c8cff38453c32a511127449943f329ddf2cc2f2d03beb	b4587db6d14024ae		Minidregg.Kernel.ObjectiveSend.MessageRefusal → Minidregg.Kernel.ObjectiveActivityReceiver.Reject
def	Minidregg.Kernel.ObjectiveActivityReceiver.Reject.message.elim	7a194b7918856d7fda244d73f92676258340d709c04c275c7a40f5b986534600	93d2e40737e63cd90703df5c22450d1237d394b6fbc76600f1acd6a72d28fbfe	7dc8ee15826d984aad50de95c6346ea674c18459e29b3fb265b9e6109691b01a	8604c6ebbe4062f3	-	{motive : Minidregg.Kernel.ObjectiveActivityReceiver.Reject → Sort u} → (t : Minidregg.Kernel.ObjectiveActivityReceiver.Reject) → t.ctorIdx = 10 → ((reason : Minidregg.Kernel.ObjectiveSend.MessageRefusal) → motive (Minidregg.Kernel.ObjectiveActivityReceiver.Reject.message reason)) → motive t
ctor	Minidregg.Kernel.ObjectiveActivityReceiver.Reject.notAccountOwner	34ab437361a653bdbf1f3c962fcf62d6bd746121b96db35df87a7046a8c34361	024513b08f1fed6f2185d3da64e2933ebdea2b54dab06582729e6be2dff62303	37b65aaa317d2bcd73c156557949870ff1227a780d7c8b533450588a86286c79	00602026f7912f23		Minidregg.Kernel.ObjectiveActivityReceiver.Reject
def	Minidregg.Kernel.ObjectiveActivityReceiver.Reject.notAccountOwner.elim	5ad18ef0591a4b4c8c831a0d2e21608d03d3139e54cdd266bdc9136c462f748f	094a93108da5f309972fa3b4edb230dbadf12f9ff61d5235991593eeed17d139	41aa8a8cd21eb13352c7720ff27880af20a4b65a8fd9caf11162fd7bac5f1b0f	7a8f1a3917d45cde	-	{motive : Minidregg.Kernel.ObjectiveActivityReceiver.Reject → Sort u} → (t : Minidregg.Kernel.ObjectiveActivityReceiver.Reject) → t.ctorIdx = 13 → motive Minidregg.Kernel.ObjectiveActivityReceiver.Reject.notAccountOwner → motive t
ctor	Minidregg.Kernel.ObjectiveActivityReceiver.Reject.notObjectHolder	07b5fbb2823868004f7d74d8a51ff2e17c5d41b5c1dbb9c3508263396a458932	024513b08f1fed6f2185d3da64e2933ebdea2b54dab06582729e6be2dff62303	87411d7c404c40312a6b576ce631d64d2e9dd2704779c08a3209764e67560385	bac40488b4c2f7c6		Minidregg.Kernel.ObjectiveActivityReceiver.Reject
def	Minidregg.Kernel.ObjectiveActivityReceiver.Reject.notObjectHolder.elim	1de71c5ea435bc6b82216c2cfaefa679846944b12200ef644ee2852e8373e50b	40aaa92d712da6deee47a8e258c0c4201087139c168b07452d7395505fd61952	3a96d38aba29b5861052092345c1d98b7b6259c6a23dbd5e7bfc76fc76435b8e	000debb4c3dc981c	-	{motive : Minidregg.Kernel.ObjectiveActivityReceiver.Reject → Sort u} → (t : Minidregg.Kernel.ObjectiveActivityReceiver.Reject) → t.ctorIdx = 12 → motive Minidregg.Kernel.ObjectiveActivityReceiver.Reject.notObjectHolder → motive t
ctor	Minidregg.Kernel.ObjectiveActivityReceiver.Reject.outcomeMoved	32baec3b6fae65e5d3bb28a03f85ad8c42ff0273cb00a3320849fd7aae333d5b	812f061e925ada726aca2d47b53b7f9151c01490c48cb7b8a3507a410958fb06	91977feb5b3c3b038dc6d8867294cc2484f29b73fec79d4488f6fc6732f1a450	472de6c95727d6a2		Minidregg.Theory.TypedAuthorization.Digest → Minidregg.Theory.TypedAuthorization.Digest → Minidregg.Kernel.ObjectiveActivityReceiver.Reject
def	Minidregg.Kernel.ObjectiveActivityReceiver.Reject.outcomeMoved.elim	bb623d507cce236a266eed39c7982500ccda953e168cdc9c8fe62ba427e7f7c6	ee0fd0bbeb849cc329441a94882d46dc3a1351941c73a238a02bb1cb81f5a619	54ed8f509fd62f2815457e0e122e3daefacbd2734d0326c5e7615ebf29667321	327dd00276929264	-	{motive : Minidregg.Kernel.ObjectiveActivityReceiver.Reject → Sort u} → (t : Minidregg.Kernel.ObjectiveActivityReceiver.Reject) → t.ctorIdx = 14 → ((claimed decided : Minidregg.Theory.TypedAuthorization.Digest) → motive (Minidregg.Kernel.ObjectiveActivityReceiver.Reject.outcomeMoved claimed decided)) → motive t
ctor	Minidregg.Kernel.ObjectiveActivityReceiver.Reject.physicalPreparation	8b460090babc803db2e37f48197bff510b5b852f7cfe14bd67d7d9113583b4cc	024513b08f1fed6f2185d3da64e2933ebdea2b54dab06582729e6be2dff62303	af3358acbdbd513c655f8daf4a80b39cac0bdffedd58802f0207ee2bd1f9b080	f5484a76bbe260a8		Minidregg.Kernel.ObjectiveActivityReceiver.Reject
def	Minidregg.Kernel.ObjectiveActivityReceiver.Reject.physicalPreparation.elim	febb2c18865a39466e19f02d3d939ba46146c92830743ce4e4800c7dc9222458	90b94825b2a91e99490819d236bf420cabff2b0d6b691a425d72ef2dd2302108	d383ab44f65f6372855941d4c4b258176a63462dbf27b6a1305d0815f9542047	8834f106ee077dc0	-	{motive : Minidregg.Kernel.ObjectiveActivityReceiver.Reject → Sort u} → (t : Minidregg.Kernel.ObjectiveActivityReceiver.Reject) → t.ctorIdx = 5 → motive Minidregg.Kernel.ObjectiveActivityReceiver.Reject.physicalPreparation → motive t
ctor	Minidregg.Kernel.ObjectiveActivityReceiver.Reject.replayedMarker	efb1643789952e3c90ff231c9d441f201bc38cf3925e91e85c13cdddd58a7828	024513b08f1fed6f2185d3da64e2933ebdea2b54dab06582729e6be2dff62303	37f7d115a1e2a040546bbda6e207597c4757d63f1fb0879cba6a4953ad2dc15d	2ac864ed9a52bb59		Minidregg.Kernel.ObjectiveActivityReceiver.Reject
def	Minidregg.Kernel.ObjectiveActivityReceiver.Reject.replayedMarker.elim	63e1f5423757b7e86b03ff6d7e77f457f45e8b17112a36e6db5cd683cb68ee18	1587223740076c72afc2ef81576647e17f47df53b554893892d919429e72932d	f3c72497a4851729f504cbf2d36039a0499805cb099785460f1cb0352adf3a56	486e65f16db5a023	-	{motive : Minidregg.Kernel.ObjectiveActivityReceiver.Reject → Sort u} → (t : Minidregg.Kernel.ObjectiveActivityReceiver.Reject) → t.ctorIdx = 4 → motive Minidregg.Kernel.ObjectiveActivityReceiver.Reject.replayedMarker → motive t
ctor	Minidregg.Kernel.ObjectiveActivityReceiver.Reject.seats	397c805d25af1e6512ccf08fcb33b6e0cc45ae5832c954b999165a5dae96c5df	6fbf61bbcdcc4f5af250c63049bce51d5d08eb7beb85b2fe1c8e32370cdb87d3	a568512885291444a9d45e4ea060c0425c4fba2230d7bec8edb61fa78eb979ad	d080af6f6fac7759		Minidregg.Kernel.SeatStore.Refusal → Minidregg.Kernel.ObjectiveActivityReceiver.Reject
def	Minidregg.Kernel.ObjectiveActivityReceiver.Reject.seats.elim	04201baf5944f5aa8b721fe672ffc026b058da71e4b9e686409620ff4a6edb40	824376cdba4465cab33442181b6c24e0973fe3b2d08d2534894feced6a284ae3	ab6b27ac6ac8b11cfaf68b375550e61f02229d035608d1d456921ad40a28e6ea	4b6a456b5282a265	-	{motive : Minidregg.Kernel.ObjectiveActivityReceiver.Reject → Sort u} → (t : Minidregg.Kernel.ObjectiveActivityReceiver.Reject) → t.ctorIdx = 8 → ((reason : Minidregg.Kernel.SeatStore.Refusal) → motive (Minidregg.Kernel.ObjectiveActivityReceiver.Reject.seats reason)) → motive t
ctor	Minidregg.Kernel.ObjectiveActivityReceiver.Reject.signature	bd6f20cc99d3cdd2eb2bda02dce87077c6a79c643fa75ae232aaa6638c7a4322	8e138e0deb815af97d03670ecb8857daa8f66261dfa74e440dc6e45b63dea9e9	17e3406f379204328dd63323cc6503eb0185bff2d966d778cc3bebf006eea923	0aab688694d69282		Minidregg.Compiler.CredentialSignatureAdmission.Reject → Minidregg.Kernel.ObjectiveActivityReceiver.Reject
def	Minidregg.Kernel.ObjectiveActivityReceiver.Reject.signature.elim	1d5cd453779abc302d1cd107e8aa14197ce614f8b5ddbd1e14d2501c0e169d17	4b002246fa60727abaafd237f3ec0b640096fdbed519c1871ccf8b0b6f7d505f	4609f980d96e86f7d0bb2bcebfc214267b9efea6a5372d63d2b9ad7368056e01	7f2e710b5ca7399c	-	{motive : Minidregg.Kernel.ObjectiveActivityReceiver.Reject → Sort u} → (t : Minidregg.Kernel.ObjectiveActivityReceiver.Reject) → t.ctorIdx = 15 → ((reason : Minidregg.Compiler.CredentialSignatureAdmission.Reject) → motive (Minidregg.Kernel.ObjectiveActivityReceiver.Reject.signature reason)) → motive t
ctor	Minidregg.Kernel.ObjectiveActivityReceiver.Reject.staleAuthority	bd656d1c1652d8db7b24266e61ef4f6257ce29b9eed97b3c022d005d7793b2b5	024513b08f1fed6f2185d3da64e2933ebdea2b54dab06582729e6be2dff62303	8b5ba50ea12eca656bb60f83e434fd3b991d321933d6ec5b34d93d329963f18f	8b402e33f47b924c		Minidregg.Kernel.ObjectiveActivityReceiver.Reject
def	Minidregg.Kernel.ObjectiveActivityReceiver.Reject.staleAuthority.elim	8b4e16b1dc4a9e249cc6997afaea1816aa9e89bf1c172ce334a12323a2333ac0	273618e5a00b9ffcbc82e4de3722ac8f8743b1e7cbb8113bdd3b5c9778cd67d0	1f11cb969f47c5df17aa83f710bb4def92d310cddee15e93e18f8df65e406854	a336eb3bb5794d06	-	{motive : Minidregg.Kernel.ObjectiveActivityReceiver.Reject → Sort u} → (t : Minidregg.Kernel.ObjectiveActivityReceiver.Reject) → t.ctorIdx = 3 → motive Minidregg.Kernel.ObjectiveActivityReceiver.Reject.staleAuthority → motive t
ctor	Minidregg.Kernel.ObjectiveActivityReceiver.Reject.staleAwait	03f0ee0f1c1d1c4975d2eace6da1d8e66ea9d4a6315c26e0512af3a6864ec3e9	024513b08f1fed6f2185d3da64e2933ebdea2b54dab06582729e6be2dff62303	3992e8b7ed46809b244cce3fa6cf314ffda033d001ec59354cb4eb907469c0c5	b61398f59c3bd35b		Minidregg.Kernel.ObjectiveActivityReceiver.Reject
def	Minidregg.Kernel.ObjectiveActivityReceiver.Reject.staleAwait.elim	39c1d7014372ef86ac6c76fa3821b012c9491284f1b045143078d84d1d0d36d5	5c027f62a172521cf03e2587287d514797af3752666198a29abf52da08566d6c	6655660a9f682bb7adc1c5566bb1c1638ca6fe404294cdb8ab30f5d4aee29065	5b22ee931982bcf2	-	{motive : Minidregg.Kernel.ObjectiveActivityReceiver.Reject → Sort u} → (t : Minidregg.Kernel.ObjectiveActivityReceiver.Reject) → t.ctorIdx = 11 → motive Minidregg.Kernel.ObjectiveActivityReceiver.Reject.staleAwait → motive t
inductive	Minidregg.Kernel.ObjectiveActivityReceiver.Replayed	3df286e114885c00b121cdf6f5ececcef77f42b3c2571748a53f67d91283d807	16946b93ac38405660f51e475eb5aa7d25b54f5e5677e0f6a10a4526cc071cbf	7eaeac39e4afc66925ccacef618087afd986857bbd5ba6f54349b5491587dd25	3d4f169f700ad8cc		Type
ctor	Minidregg.Kernel.ObjectiveActivityReceiver.Replayed.exact	d769e7a48964227305f1ef63a44af156b6d7d77a2b6307c6ead84173f8bbfb46	b865e4a8b494fa3ffdfe29df460ea7217e9da3c64b131558d9bc299edd50b92e	bd557ff5a0cda3ca21bba50ae37ddcbf50eadd3bbd5b88b3c1d939262676f01a	b1108e27be148c7b		Minidregg.Kernel.ObjectiveActivityReceiver.Receipt → Minidregg.Kernel.ObjectiveActivityReceiver.RecordedDisposition → Minidregg.Kernel.ObjectiveActivityReceiver.Replayed
def	Minidregg.Kernel.ObjectiveActivityReceiver.Replayed.exact.elim	2e3478e359f681849f5c0ff4c20841ca3e9b20c9df8074a92497c5fdcce9bc2e	305ad82578ef9608c9dbc5879d8009a1de3684e2447a616d64a66eb603a0d6e3	562e7a6b17db2bd581215be057ae1fb8a55ac6d5b70520b51bf0dafb4b064f13	13cbae658e819658	-	{motive : Minidregg.Kernel.ObjectiveActivityReceiver.Replayed → Sort u} → (t : Minidregg.Kernel.ObjectiveActivityReceiver.Replayed) → t.ctorIdx = 0 → ((receipt : Minidregg.Kernel.ObjectiveActivityReceiver.Receipt) → (disposition : Minidregg.Kernel.ObjectiveActivityReceiver.RecordedDisposition) → motive (Minidregg.Kernel.ObjectiveActivityReceiver.Replayed.exact receipt disposition)) → motive t
ctor	Minidregg.Kernel.ObjectiveActivityReceiver.Replayed.retry	df62728e46ead2e4907b530587569febd50fd82294f6ba1f0196dfda368ef336	b865e4a8b494fa3ffdfe29df460ea7217e9da3c64b131558d9bc299edd50b92e	f2a3f9af19cf2a504f71925ae9ee770fb7162925ca1a1873f2ce1bb760954f69	d0460c32b3727c52		Minidregg.Kernel.ObjectiveActivityReceiver.Receipt → Minidregg.Kernel.ObjectiveActivityReceiver.RecordedDisposition → Minidregg.Kernel.ObjectiveActivityReceiver.Replayed
def	Minidregg.Kernel.ObjectiveActivityReceiver.Replayed.retry.elim	8d726fcf63d1a022019922a1d5145d29977267c92d6baa5bbabf52095a85be6c	0d137b32098c2e3ab7163adb6f37e180b8a21c1390e81e53f7b25480b7a43ce5	467eb869ec5a0d5251882f1a0ec5b41a4e03839a44155bec308f0ef8d15d140e	214b77d302c0121b	-	{motive : Minidregg.Kernel.ObjectiveActivityReceiver.Replayed → Sort u} → (t : Minidregg.Kernel.ObjectiveActivityReceiver.Replayed) → t.ctorIdx = 1 → ((receipt : Minidregg.Kernel.ObjectiveActivityReceiver.Receipt) → (disposition : Minidregg.Kernel.ObjectiveActivityReceiver.RecordedDisposition) → motive (Minidregg.Kernel.ObjectiveActivityReceiver.Replayed.retry receipt disposition)) → motive t
inductive	Minidregg.Kernel.ObjectiveActivityReceiver.Result	8c8f27d5b69a604e9f3b4ccdde4b3b4d4e75882770968d64d1639940e7efc51b	16946b93ac38405660f51e475eb5aa7d25b54f5e5677e0f6a10a4526cc071cbf	7ee85fc7691d750fb18a57e8077bcbfb1bb7cf571ac2d738f621e225593a39a6	5645f715706c9d20		Type
ctor	Minidregg.Kernel.ObjectiveActivityReceiver.Result.charged	2c0b591f9434fd4c85a065a2a0aaca0366a488177a8dd8defb86e24fd57bb956	c7a2c0ff88ec39724b0a14fbddfa0246a9fd058efe3b5206667ba0b9f094e426	3f7c4ba3e6ad5cbc499995fb11c4ca959a836b2c4f8732be589ff732955b8d5c	ad8d2cc6ebf6869a		Minidregg.Compiler.DurableReceiverIO.Confirmation → Minidregg.Kernel.ObjectiveActivityReceiver.Receipt → Minidregg.Kernel.ObjectiveActivityReceiver.Reject → Minidregg.Kernel.ObjectiveActivityReceiver.Result
def	Minidregg.Kernel.ObjectiveActivityReceiver.Result.charged.elim	93cf0906b91869de1a5368ee366206d84aaddff2bbade816cd9cc852c529abc6	5e1145bf77f26c8ac270ca766f7a76508f82f878bb9d28d3e3493fbbfa7fb158	dec62779a8a2dc199da8516e0aab263a39b8abce0600935f45d90822ab5033a0	99a9605bff3361e7	-	{motive : Minidregg.Kernel.ObjectiveActivityReceiver.Result → Sort u} → (t : Minidregg.Kernel.ObjectiveActivityReceiver.Result) → t.ctorIdx = 1 → ((kind : Minidregg.Compiler.DurableReceiverIO.Confirmation) → (receipt : Minidregg.Kernel.ObjectiveActivityReceiver.Receipt) → (cause : Minidregg.Kernel.ObjectiveActivityReceiver.Reject) → motive (Minidregg.Kernel.ObjectiveActivityReceiver.Result.charged kind receipt cause)) → motive t
ctor	Minidregg.Kernel.ObjectiveActivityReceiver.Result.confirmed	a1aca11f28e312fe86cae5ad91c18e4e0d595ae7ae95b403d739ec608e625c9f	437fc2c73652b48b9701ad6fd984b8b06fa51c6451cda43db7b4952a781d4b66	f1789498370885244cbf60f8974b6a27b80bb962985d4a9a489ab4409a161b34	fbe2d30d80663740		Minidregg.Compiler.DurableReceiverIO.Confirmation → Minidregg.Kernel.ObjectiveActivityReceiver.Receipt → Minidregg.Kernel.ObjectiveActivityReceiver.Result
def	Minidregg.Kernel.ObjectiveActivityReceiver.Result.confirmed.elim	8105e5dab43f243237fdd98ed8e6a6681fc76df4f87b3a6f1de463ed2b256882	b71fd9e4d3d6a45acb1029b2015e5df5393b34bb79713d238b943420b814a8b9	778a2101478b20b0bffa6b8d1dc9109c3ce936af8579cab97989843108aaa597	d12da10e3ff17705	-	{motive : Minidregg.Kernel.ObjectiveActivityReceiver.Result → Sort u} → (t : Minidregg.Kernel.ObjectiveActivityReceiver.Result) → t.ctorIdx = 0 → ((kind : Minidregg.Compiler.DurableReceiverIO.Confirmation) → (receipt : Minidregg.Kernel.ObjectiveActivityReceiver.Receipt) → motive (Minidregg.Kernel.ObjectiveActivityReceiver.Result.confirmed kind receipt)) → motive t
ctor	Minidregg.Kernel.ObjectiveActivityReceiver.Result.contention	f0e45ff1c5b33a1e04d8283527ce395197869143bd365bac8f2518ae92c22037	8f9c654a16c31380d42e6d7cbd171e3d9be04aabba977cd2b91aef8a2a611c4f	598546570e29b648f1596c48084690cecb45b12ae19d2a8333845795ba035752	dd501719504951a8		Minidregg.Kernel.ObjectiveActivityReceiver.Result
def	Minidregg.Kernel.ObjectiveActivityReceiver.Result.contention.elim	5570d6049f56e749ee8b1498d6a3a9e1385ee84d4cc439a5106f4d9b273d7b82	c0d8bc9530ec10885602f36e0b8fe8a2b637709739be5132951edb724d29f481	a3b213b4050381bc121d6b0490c10ff6fa6d3e25c52dda5b182cd7e8e4016eab	8f50d197a428f8be	-	{motive : Minidregg.Kernel.ObjectiveActivityReceiver.Result → Sort u} → (t : Minidregg.Kernel.ObjectiveActivityReceiver.Result) → t.ctorIdx = 5 → motive Minidregg.Kernel.ObjectiveActivityReceiver.Result.contention → motive t
ctor	Minidregg.Kernel.ObjectiveActivityReceiver.Result.durableRejected	6709cab06c07fd0748a8aec9ace81a5c5f677935626908f112558bc0d02f3e39	414b2ee4dfc88061e44cef598e3cb90b28e4f0477260983f03d5605ed4e045b4	a4140b3bfaaa6d508d80ff949046a62f9548707b117d3aa934a16d2120864d3f	04be9340441ffdad		Minidregg.Kernel.DurableDataIntent.RejectReason → Minidregg.Kernel.ObjectiveActivityReceiver.Result
def	Minidregg.Kernel.ObjectiveActivityReceiver.Result.durableRejected.elim	dc8e639893497d16e6270e9637ae2117e09b08a4cf7d45db45e4413370e8a23f	4bea8da2d377fe65a0d8f6f1e9836256774e86e0b6387eef3315956d839b8260	90bdb7687e82af586e4f8b72876ee1d6ff0d8270378f232b306324bc5d6a0835	59043fc1b90820a0	-	{motive : Minidregg.Kernel.ObjectiveActivityReceiver.Result → Sort u} → (t : Minidregg.Kernel.ObjectiveActivityReceiver.Result) → t.ctorIdx = 4 → ((reason : Minidregg.Kernel.DurableDataIntent.RejectReason) → motive (Minidregg.Kernel.ObjectiveActivityReceiver.Result.durableRejected reason)) → motive t
ctor	Minidregg.Kernel.ObjectiveActivityReceiver.Result.rejected	9ab038cca78f48e2ddcad201adf046dcf3045fd15948a64f00472f7728d87ad9	8db821a73a9e408c7fa1cb4e065a12b7157a9558e936d432bdd26c12a82a5f23	64952310b14db387490bfd92ad87dcad20d326811b92ac5c3e1b4073cb9d5644	1815defc00792d47		Minidregg.Kernel.ObjectiveActivityReceiver.Reject → Minidregg.Kernel.ObjectiveActivityReceiver.Result
def	Minidregg.Kernel.ObjectiveActivityReceiver.Result.rejected.elim	f327cd19f164815b6ce22d6c4c5aca05915aafa6e0002e287f426ae6c4c62fcf	771eb651669c99054c26e83780fbb65cef2be876178f085993d5902a1fa45bcb	75922fb8e72a83ecdb1f8a4f51c5e7218fd55fd1f367e2152f6e4df158d85e9a	221a3e66a63fa01c	-	{motive : Minidregg.Kernel.ObjectiveActivityReceiver.Result → Sort u} → (t : Minidregg.Kernel.ObjectiveActivityReceiver.Result) → t.ctorIdx = 2 → ((reason : Minidregg.Kernel.ObjectiveActivityReceiver.Reject) → motive (Minidregg.Kernel.ObjectiveActivityReceiver.Result.rejected reason)) → motive t
ctor	Minidregg.Kernel.ObjectiveActivityReceiver.Result.transactionConflict	9686a5a5bd25da49525a16fa0cec9459cae82708394611186a62d4c8fa38401c	8f9c654a16c31380d42e6d7cbd171e3d9be04aabba977cd2b91aef8a2a611c4f	47b0f5ca93d395a3bf02e5cf1a2b4c82f605fd0553f44330b9c1b7b829c5392a	d72015635c71c3ad		Minidregg.Kernel.ObjectiveActivityReceiver.Result
def	Minidregg.Kernel.ObjectiveActivityReceiver.Result.transactionConflict.elim	6c399faa260161fa5028258402fe8154537ef558d50a2542f1af8e2bec360643	ac11ec44732856faec182028ddad571c783110e82a64b0e18cff16b2d1cc0f0f	7c6bf4265fc0cfc0752773b102a571e8df9534b73bec5d7b6419559ea3afade9	2b7652991fb18905	-	{motive : Minidregg.Kernel.ObjectiveActivityReceiver.Result → Sort u} → (t : Minidregg.Kernel.ObjectiveActivityReceiver.Result) → t.ctorIdx = 3 → motive Minidregg.Kernel.ObjectiveActivityReceiver.Result.transactionConflict → motive t
ctor	Minidregg.Kernel.ObjectiveActivityReceiver.Result.unavailable	f7038b5332643cfef614b7ba2c6b0ee8d93863158ab7d6dc4ec201ea0d5850bc	c48c2216c7e66165f4b0bb438c7e0110ddb3c6ef29679bebdf609e773e1e0079	9a3a3613f985cad7ba47de60a9694e28befc7590325a4e2d7bf7b3571bf59d00	0d895a79809a736d		String → Minidregg.Kernel.ObjectiveActivityReceiver.Result
def	Minidregg.Kernel.ObjectiveActivityReceiver.Result.unavailable.elim	414403eddd1c41ac137878e7c1fa27d16a1c566563c45b0036b53c54143a3584	75d51a2363e00a49c38cc8b52a70ad44f7dfedd37d491688bc9dd92524a33a7e	88b82ee1de489eb330f50a6d248b45a861987c27e644f618981cbba736563884	704730b15978e770	-	{motive : Minidregg.Kernel.ObjectiveActivityReceiver.Result → Sort u} → (t : Minidregg.Kernel.ObjectiveActivityReceiver.Result) → t.ctorIdx = 6 → ((detail : String) → motive (Minidregg.Kernel.ObjectiveActivityReceiver.Result.unavailable detail)) → motive t
ctor	Minidregg.Kernel.ObjectiveActivityReceiver.Result.uncertain	732394fa1328a93cd5397cb94494508f6007f2a41817671374da0d637dc2deaa	c48c2216c7e66165f4b0bb438c7e0110ddb3c6ef29679bebdf609e773e1e0079	dab7bfe810e28559a2a70a89894191d38478e764923f06c489e332b1cf1ca669	6a1532c66116c4e4		String → Minidregg.Kernel.ObjectiveActivityReceiver.Result
def	Minidregg.Kernel.ObjectiveActivityReceiver.Result.uncertain.elim	2b9685e91dba9f0634a52f1dfc02316ddf54a9d3ef1d9713364a03770016194b	54dd170d448304652870b9f50f64fa75e9cb022ea9b558908011e4d78a8bde77	4955fb326a0e22d575722bd8045cd2dd397ef40e80efc7d71e5cef80b15361f4	8a2de2dd11499b72	-	{motive : Minidregg.Kernel.ObjectiveActivityReceiver.Result → Sort u} → (t : Minidregg.Kernel.ObjectiveActivityReceiver.Result) → t.ctorIdx = 7 → ((detail : String) → motive (Minidregg.Kernel.ObjectiveActivityReceiver.Result.uncertain detail)) → motive t
def	Minidregg.Kernel.ObjectiveActivityReceiver.Snapshot	137bd76413fe94d536fb807749e6fafa2d7d76c1d0fde86ebe8ba63f53b476f1	89855d392aa192071e8a2b2230d30ecae8fc9de0c15fa6a53f6209226829292a	2a68012eee6db875a4082c42d61f7c3999e907771b94c2ddd9d4d8095cc86fdd	f046ec6127898f26	Classical.choice,Quot.sound,propext	Type
inductive	Minidregg.Kernel.ObjectiveActivityReceiver.Turn	156285a841493cb2243899281b1b917476fba66a03085bfc4ea058407a9a877c	16946b93ac38405660f51e475eb5aa7d25b54f5e5677e0f6a10a4526cc071cbf	9141df78b5ccb9a8a79c4c33e7cdc3aee2806588dc642c1366e3ba23cb4b2231	5c9c4e084b6a539b		Type
ctor	Minidregg.Kernel.ObjectiveActivityReceiver.Turn.abandon	2f0c26bb931e7f86bb0178070000644fbb1b96e261e6e67fe0f08a22b6030c70	674316e224228bf8cdd33187043bee7bf3151ded86ac940e1ca81b6f9c6013fd	4f184055880bb7280d9cb5bb30097c54e4ab774589415ced33fa03e7eee82b74	8b0e8a6de0da9350		Minidregg.Theory.TypedAuthorization.Digest → Minidregg.Theory.TypedAuthorization.Digest → Minidregg.Kernel.ObjectiveActivityReceiver.Turn
def	Minidregg.Kernel.ObjectiveActivityReceiver.Turn.abandon.elim	038ba44f10ecbf915a04edff5250cdd8762ab1a6a6fe434a21e3310f5d7df2ef	82429c03cfc57694e5503545e4763f11d7f5d3485f3f9835d89364a9e92fc4c4	e3f6406e5066a350d27d0be648796e6f1e3a634b5faf6e55d130d1a6fb9961ea	9167e78659e2807c	-	{motive : Minidregg.Kernel.ObjectiveActivityReceiver.Turn → Sort u} → (t : Minidregg.Kernel.ObjectiveActivityReceiver.Turn) → t.ctorIdx = 7 → ((record await : Minidregg.Theory.TypedAuthorization.Digest) → motive (Minidregg.Kernel.ObjectiveActivityReceiver.Turn.abandon record await)) → motive t
ctor	Minidregg.Kernel.ObjectiveActivityReceiver.Turn.abortDrained	fd929771bd0df31ff76406d5397005f229c959195922faeba31a62e0f3e926dd	7c0f1922db9d84232ef26c37b130b91003d876ea96e61e4dcdc05cc83e97e343	ae19e857deaec813b5a977f0b0ec406b604d9cdb19d67b1edd18cc9a4c6392cc	ab01e513948f0c44		Minidregg.Theory.TypedAuthorization.Digest → Minidregg.Theory.TypedAuthorization.Digest → Minidregg.Compiler.ObjectiveInvocationClaim.Capacity → ℕ → Minidregg.Theory.TypedAuthorization.CapabilityId → Minidregg.Kernel.ObjectiveActivityReceiver.Turn
def	Minidregg.Kernel.ObjectiveActivityReceiver.Turn.abortDrained.elim	8efc1487cb20d7f599aa58480b289f35153fce05604b04efbc56bd64ad8a3ddd	3a04710abea396c8f8fb75914c6aa317c3e4264e56c368b6d24190a58e147cdf	31cc8fb137d967a6fc5ed3c4666b3aa68306bcb34c85f2ceb79a8e89c4471193	471ca458641a391a	-	{motive : Minidregg.Kernel.ObjectiveActivityReceiver.Turn → Sort u} → (t : Minidregg.Kernel.ObjectiveActivityReceiver.Turn) → t.ctorIdx = 12 → ((record await : Minidregg.Theory.TypedAuthorization.Digest) → (extra : Minidregg.Compiler.ObjectiveInvocationClaim.Capacity) → (account : ℕ) → (accountCapability : Minidregg.Theory.TypedAuthorization.CapabilityId) → motive (Minidregg.Kernel.ObjectiveActivityReceiver.Turn.abortDrained record await extra account accountCapability)) → motive t
ctor	Minidregg.Kernel.ObjectiveActivityReceiver.Turn.adopt	91c76adb5e37aa544b1c7111f4791651dcadd0e88b7eec809a081b0f8c3a3791	72f72cd99ba3eeb120a88dd4066a3415bd70d0009f33a357a25309a48fcb3146	8b24b370650a181baa4f57822d8319255bbcfe0bbf10dae1ba5cb5ee8abbad22	72e062159c95aa28		ℕ → Minidregg.Theory.TypedAuthorization.CapabilityId → Minidregg.Theory.TypedAuthorization.Digest → Minidregg.Theory.ObjectiveBendTypes.Ty → Option String → List String → Minidregg.Pred.Pred → Minidregg.Kernel.ObjectRecord.UpgradePolicy → List Minidregg.Theory.TypedAuthorization.Digest → Minidregg.Compiler.ObjectiveInvocationClaim.Capacity → ℕ → ℕ → Minidregg.Theory.TypedAuthorization.CapabilityId → Minidregg.Kernel.ObjectiveActivityReceiver.Turn
def	Minidregg.Kernel.ObjectiveActivityReceiver.Turn.adopt.elim	e55b31de438971050d0212aa00d495602f69374552304c082797c1802b790619	ea86206882f784c75a493b51a526a550ca036ba668b7e9e0788a3122c08581ee	713cafe307cab3ee471754ee35cf9c2c25621d2a438344907295bd8ec817814f	23863bdd04c595e9	-	{motive : Minidregg.Kernel.ObjectiveActivityReceiver.Turn → Sort u} → (t : Minidregg.Kernel.ObjectiveActivityReceiver.Turn) → t.ctorIdx = 10 → ((object : ℕ) → (objectCapability : Minidregg.Theory.TypedAuthorization.CapabilityId) → (pin : Minidregg.Theory.TypedAuthorization.Digest) → (stateType : Minidregg.Theory.ObjectiveBendTypes.Ty) → (migration : Option String) → (dropped : List String) → (law : Minidregg.Pred.Pred) → (upgrade : Minidregg.Kernel.ObjectRecord.UpgradePolicy) → (rebirth : List Minidregg.Theory.TypedAuthorization.Digest) → (envelope : Minidregg.Compiler.ObjectiveInvocationClaim.Capacity) → (patience account : ℕ) → (accountCapability : Minidregg.Theory.TypedAuthorization.CapabilityId) → motive (Minidregg.Kernel.ObjectiveActivityReceiver.Turn.adopt object objectCapability pin stateType migration dropped law upgrade rebirth envelope patience account accountCapability)) → motive t
ctor	Minidregg.Kernel.ObjectiveActivityReceiver.Turn.birth	d75e9bfcdf73baaaf9b72fc529685a724d1ce3f8cdc76002b94248f3e38fbc4d	3c865518b2d0d69fa32b5ea8624ab979a935e196917893e8a7e5dfd528ac6bcc	ddff60a8cfe768e9eded2b76480db039cffacd4347418b384c3c6a1bddd47e26	1cfef9940dcf75dc		ℕ → Minidregg.Theory.TypedAuthorization.CapabilityId → ℕ → Minidregg.Theory.TypedAuthorization.CapabilityId → Minidregg.Theory.TypedAuthorization.Digest → List UInt8 → Minidregg.Compiler.ObjectiveInvocationClaim.Capacity → Minidregg.Compiler.ObjectiveInvocationClaim.Capacity → Minidregg.Compiler.ObjectiveInvocationClaim.Capacity → ℕ → Minidregg.Kernel.ObjectiveActivityReceiver.Turn
def	Minidregg.Kernel.ObjectiveActivityReceiver.Turn.birth.elim	4f4874705b4fce2a86ac8737968d7980ec808f830ca6f41109c10b62680aadca	509067ed29e1175833416f5332261f7a507f022bc2360ae1acba0424dce9a318	c1262973a6fdecfeb71af40337850bb38474fc69a9fd198c3d3432e5b16b7e3e	168a33976c83682c	-	{motive : Minidregg.Kernel.ObjectiveActivityReceiver.Turn → Sort u} → (t : Minidregg.Kernel.ObjectiveActivityReceiver.Turn) → t.ctorIdx = 2 → ((object : ℕ) → (objectCapability : Minidregg.Theory.TypedAuthorization.CapabilityId) → (account : ℕ) → (accountCapability : Minidregg.Theory.TypedAuthorization.CapabilityId) → (pin : Minidregg.Theory.TypedAuthorization.Digest) → (input : List UInt8) → (envelope resume timeout : Minidregg.Compiler.ObjectiveInvocationClaim.Capacity) → (deposit : ℕ) → motive (Minidregg.Kernel.ObjectiveActivityReceiver.Turn.birth object objectCapability account accountCapability pin input envelope resume timeout deposit)) → motive t
ctor	Minidregg.Kernel.ObjectiveActivityReceiver.Turn.create	b60ebdd36a209457470d1584301d63f42bf0fccd1776a404c43781ede1da2f30	419f260533b9f49f109da46dc6cd3094defe007b1912d03b0e697b219a995346	e013b430e907841f43adcff66120992a2877baf3e349592ce0afddc74e5d7b22	cdbd7760e7fa1e6a		ℕ → Minidregg.Theory.TypedAuthorization.CapabilityId → Minidregg.Theory.TypedAuthorization.Digest → Minidregg.Theory.ObjectiveBendTypes.Ty → Minidregg.Pred.Pred → Minidregg.Kernel.ObjectRecord.UpgradePolicy → Option (List UInt8) → ℕ → Minidregg.Theory.TypedAuthorization.CapabilityId → Minidregg.Kernel.ObjectiveActivityReceiver.Turn
def	Minidregg.Kernel.ObjectiveActivityReceiver.Turn.create.elim	71b9b449a7a8d74886134fe717b9776ce076f12846bb557570cbb0df6428026d	0fdbbf8ed526d30e6f1d42317e4566f0530bc89cb9a7b3ff55f4b8b89dba8aa0	b2631669e70b7b7b78e89029ae8cc0eb0e697fc95947bcd44582d1eaab0c4608	73430ee4507fc905	-	{motive : Minidregg.Kernel.ObjectiveActivityReceiver.Turn → Sort u} → (t : Minidregg.Kernel.ObjectiveActivityReceiver.Turn) → t.ctorIdx = 1 → ((object : ℕ) → (objectCapability : Minidregg.Theory.TypedAuthorization.CapabilityId) → (pin : Minidregg.Theory.TypedAuthorization.Digest) → (stateType : Minidregg.Theory.ObjectiveBendTypes.Ty) → (law : Minidregg.Pred.Pred) → (upgrade : Minidregg.Kernel.ObjectRecord.UpgradePolicy) → (seed : Option (List UInt8)) → (payer : ℕ) → (payerCapability : Minidregg.Theory.TypedAuthorization.CapabilityId) → motive (Minidregg.Kernel.ObjectiveActivityReceiver.Turn.create object objectCapability pin stateType law upgrade seed payer payerCapability)) → motive t
ctor	Minidregg.Kernel.ObjectiveActivityReceiver.Turn.deliver	17c3997f823cc2fa31bac1938c716dc5c0ae41d5bd05221da01bbc2fbcb5a0be	7c0f1922db9d84232ef26c37b130b91003d876ea96e61e4dcdc05cc83e97e343	69447bac6a7a5ffbca65f79ebd10ac2bed930fc443b87e588658faa2370ec19d	b883abcd1f83ac92		Minidregg.Theory.TypedAuthorization.Digest → Minidregg.Theory.TypedAuthorization.Digest → Minidregg.Compiler.ObjectiveInvocationClaim.Capacity → ℕ → Minidregg.Theory.TypedAuthorization.CapabilityId → Minidregg.Kernel.ObjectiveActivityReceiver.Turn
def	Minidregg.Kernel.ObjectiveActivityReceiver.Turn.deliver.elim	1f4833e0e6bbf7855ffc1465e56213fe2e8985959b08a311b6be8ffb5c4821f1	66a5ab87d5924fc4495d5bd3f305ece0d49e7717140b0065c04073c84a8a65d9	707f73675eb12a39ff99a88275da12dc649cb52bad64778c3e7f9b74e1ec72f4	5468dad283625349	-	{motive : Minidregg.Kernel.ObjectiveActivityReceiver.Turn → Sort u} → (t : Minidregg.Kernel.ObjectiveActivityReceiver.Turn) → t.ctorIdx = 4 → ((record await : Minidregg.Theory.TypedAuthorization.Digest) → (extra : Minidregg.Compiler.ObjectiveInvocationClaim.Capacity) → (account : ℕ) → (accountCapability : Minidregg.Theory.TypedAuthorization.CapabilityId) → motive (Minidregg.Kernel.ObjectiveActivityReceiver.Turn.deliver record await extra account accountCapability)) → motive t
ctor	Minidregg.Kernel.ObjectiveActivityReceiver.Turn.deliverMessage	5f505c5e3034ab180a44767a82fc084c5327eba6fee61324de1d0c4dcf8977bb	558b2f4cccc9f100e720596f86099d7de3196261e5c7179b4a378aa6004866a2	aba766a82e0a9ccca82c2181a6deecd24a84b0b3ba574980767c91c646ffb155	a9404afe4153efb7		ℕ → ℕ → Minidregg.Theory.TypedAuthorization.Digest → Minidregg.Kernel.ObjectiveActivityReceiver.Turn
def	Minidregg.Kernel.ObjectiveActivityReceiver.Turn.deliverMessage.elim	56a6b41cb122ec6e644a879a2e7c1ebfa44cb20d827544269589c8e5a2eaec93	0f5b2da0e418ff6784ca759972472d1625d4fcf0c35be5ec557a1f330b45ccd2	77af94fb48b4d987e2cd46748fbdaf99a17a5e15bf0add79239fe91900f64709	17f49ffaba112bf7	-	{motive : Minidregg.Kernel.ObjectiveActivityReceiver.Turn → Sort u} → (t : Minidregg.Kernel.ObjectiveActivityReceiver.Turn) → t.ctorIdx = 9 → ((sender target : ℕ) → (message : Minidregg.Theory.TypedAuthorization.Digest) → motive (Minidregg.Kernel.ObjectiveActivityReceiver.Turn.deliverMessage sender target message)) → motive t
ctor	Minidregg.Kernel.ObjectiveActivityReceiver.Turn.exhaust	e35fc5fbcd9290262ef3d7573c29fd87672216389c2a7397f611974a3ca4f548	7c0f1922db9d84232ef26c37b130b91003d876ea96e61e4dcdc05cc83e97e343	c59f07516d4cd1eb1d8934d26e8e4850254526227201a8705738a947283b552e	c1de4c5ba3d80ba3		Minidregg.Theory.TypedAuthorization.Digest → Minidregg.Theory.TypedAuthorization.Digest → Minidregg.Compiler.ObjectiveInvocationClaim.Capacity → ℕ → Minidregg.Theory.TypedAuthorization.CapabilityId → Minidregg.Kernel.ObjectiveActivityReceiver.Turn
def	Minidregg.Kernel.ObjectiveActivityReceiver.Turn.exhaust.elim	2726fca0483bca4cec9bdd8cbdb8582a0e22ee5ecbd14320f4e32a59e53360c9	007655b9d3f8573e9f5710d0e74d45fc1c84753b5e05a23ed324335b1598c245	cad4744cd9c848e4f99e13c0b7cd6be8bc5820c6da2fe9e5f917189b5e3ef07a	10bc782815d8667b	-	{motive : Minidregg.Kernel.ObjectiveActivityReceiver.Turn → Sort u} → (t : Minidregg.Kernel.ObjectiveActivityReceiver.Turn) → t.ctorIdx = 6 → ((record await : Minidregg.Theory.TypedAuthorization.Digest) → (extra : Minidregg.Compiler.ObjectiveInvocationClaim.Capacity) → (account : ℕ) → (accountCapability : Minidregg.Theory.TypedAuthorization.CapabilityId) → motive (Minidregg.Kernel.ObjectiveActivityReceiver.Turn.exhaust record await extra account accountCapability)) → motive t
ctor	Minidregg.Kernel.ObjectiveActivityReceiver.Turn.invoke	2b2a9cdb1aa7234b86e56530a50d18c32a1bfea8a872e5f4c9cadd190cffbdfc	a4342d690dad359179080d3d1e0b7f54f772d3546e70cd1aa35dcef27b2ea34c	860c5134e8b208666c5911b27db96f7280da5105786f45a5618c79f23bd9ebba	ad50022ced0490e1		ℕ → Minidregg.Theory.TypedAuthorization.CapabilityId → String → List UInt8 → List Minidregg.Kernel.ObjectiveCall.Grant → Minidregg.Compiler.ObjectiveInvocationClaim.Capacity → Minidregg.Compiler.ObjectiveInvocationClaim.Capacity → ℕ → ℕ → Minidregg.Theory.TypedAuthorization.CapabilityId → Minidregg.Kernel.ObjectiveActivityReceiver.Turn
def	Minidregg.Kernel.ObjectiveActivityReceiver.Turn.invoke.elim	2fdd6c06d5d6ac2e8445b50ffa707cc1ea247b138db4e238ee670ee2e6cb4239	bca497b325ca43e26e4d280e2eb7199a28483661032b526669f23085eba18eb2	d27be6d7896b9be4d7be5fcb44bdaf38b531f1c80020f92fc6a7a9e7387dc938	94eb48a45cf731d9	-	{motive : Minidregg.Kernel.ObjectiveActivityReceiver.Turn → Sort u} → (t : Minidregg.Kernel.ObjectiveActivityReceiver.Turn) → t.ctorIdx = 8 → ((object : ℕ) → (objectCapability : Minidregg.Theory.TypedAuthorization.CapabilityId) → (method : String) → (args : List UInt8) → (grants : List Minidregg.Kernel.ObjectiveCall.Grant) → (envelope postage : Minidregg.Compiler.ObjectiveInvocationClaim.Capacity) → (allowance account : ℕ) → (accountCapability : Minidregg.Theory.TypedAuthorization.CapabilityId) → motive (Minidregg.Kernel.ObjectiveActivityReceiver.Turn.invoke object objectCapability method args grants envelope postage allowance account accountCapability)) → motive t
ctor	Minidregg.Kernel.ObjectiveActivityReceiver.Turn.migrate	ed5fecaaccefbafd236efdcec21af0125d7ba88e8cf7a9d1ce073816ba88221e	ec141bbc1d712556888d638bb118df44fc7c55ae9b476661216f6b2ec578e0fd	52dcddc1a230afc5194c2e4d2eaeb583f270bc4e90922465741f6b781523a89c	948fe4b7f8797aec		ℕ → ℕ → Minidregg.Theory.TypedAuthorization.CapabilityId → Minidregg.Kernel.ObjectiveActivityReceiver.Turn
def	Minidregg.Kernel.ObjectiveActivityReceiver.Turn.migrate.elim	d7f04f6b154cf8d8b5c38985316fe8bdc29983791014676cc6a4e01358d1acf5	edbb8c2d9014468254a2ec468fa00baa0ac709b2a90af92e070ec87d071eed92	5664744794274412d772c46cdc119c749e225f815ccd842951de048bbb34489e	d1a34201fba0d5b3	-	{motive : Minidregg.Kernel.ObjectiveActivityReceiver.Turn → Sort u} → (t : Minidregg.Kernel.ObjectiveActivityReceiver.Turn) → t.ctorIdx = 11 → ((object account : ℕ) → (accountCapability : Minidregg.Theory.TypedAuthorization.CapabilityId) → motive (Minidregg.Kernel.ObjectiveActivityReceiver.Turn.migrate object account accountCapability)) → motive t
def	Minidregg.Kernel.ObjectiveActivityReceiver.Turn.ofWire	6008bd7de8c0f880ca6487fb341fff403a6c5d4109b4fd74c46a9cf47454bd77	edaa4bc87bb90bf6a6af4a4cf91cc12660d3ea2d29219c38dde98560df1074c6	fb08454ecd68bbcd2fdab46060f74723769086ecb4bb8ec2f06bb7d0c8effccb	ccdb7d2cfb661459	-	Minidregg.Kernel.ObjectiveActivityReceiver.TurnWire → Minidregg.Kernel.ObjectiveActivityReceiver.Turn
ctor	Minidregg.Kernel.ObjectiveActivityReceiver.Turn.publish	4df8892b15d0b2bf56e5cb437d8c417b6cbdd46a58e0ec04c1e069ab32fc8d73	722bab9c4d13673d2ca42056dadc90146cb65cea05bd667b0b78511883b6015d	e467cddcf7f4dc26d7ff9e1e8ebd525d4228733f834859dd190efcf273f1dd6f	d5df502cb8aa9453		List UInt8 → List UInt8 → ℕ → Minidregg.Theory.TypedAuthorization.CapabilityId → Minidregg.Kernel.ObjectiveActivityReceiver.Turn
def	Minidregg.Kernel.ObjectiveActivityReceiver.Turn.publish.elim	35a43db331f60ba78701ffe01585819b37dd77dc4397b48835d3c8a34e7ce026	2e6ee084b87aee4854ee9eb2f157ea18f834cf3b593e7626deb7f6823acc29f2	b1254d73ef06e1b5057a3363160c8ffe3de580da77fe54957228b142f767a92f	6df3563ec4349c09	-	{motive : Minidregg.Kernel.ObjectiveActivityReceiver.Turn → Sort u} → (t : Minidregg.Kernel.ObjectiveActivityReceiver.Turn) → t.ctorIdx = 0 → ((artifact package : List UInt8) → (payer : ℕ) → (payerCapability : Minidregg.Theory.TypedAuthorization.CapabilityId) → motive (Minidregg.Kernel.ObjectiveActivityReceiver.Turn.publish artifact package payer payerCapability)) → motive t
ctor	Minidregg.Kernel.ObjectiveActivityReceiver.Turn.rebirth	b28defac66af9d4803d51d42ca0c0c7a00d7cd244a2874e92198960c73fa6fae	59181c42cee5b36d0a18b4513dcdd11f8d70d2e21ae24f49a9e14900d9ea562e	cd070ba20e9435ce698825dde4ed50db31b396f69010cd93410022984b9fbed9	ddc989bea8d95207		Minidregg.Theory.TypedAuthorization.Digest → Minidregg.Theory.TypedAuthorization.Digest → Minidregg.Compiler.ObjectiveInvocationClaim.Capacity → Minidregg.Kernel.ObjectiveActivityReceiver.Turn
def	Minidregg.Kernel.ObjectiveActivityReceiver.Turn.rebirth.elim	f12d7280abcea505e5c74b8ecedb93c7a76ebc506c60090b105605933251e6f7	1dd7e6badd786f2f359c69dbcc5e4948efa3051047cbeac3d59dbe2ea2a71530	29c0af9a03810da81557249d1a532d284e56f7931c9c3ecdaac08756dd78b48a	d660d8edee4da59e	-	{motive : Minidregg.Kernel.ObjectiveActivityReceiver.Turn → Sort u} → (t : Minidregg.Kernel.ObjectiveActivityReceiver.Turn) → t.ctorIdx = 13 → ((record await : Minidregg.Theory.TypedAuthorization.Digest) → (envelope : Minidregg.Compiler.ObjectiveInvocationClaim.Capacity) → motive (Minidregg.Kernel.ObjectiveActivityReceiver.Turn.rebirth record await envelope)) → motive t
ctor	Minidregg.Kernel.ObjectiveActivityReceiver.Turn.registerDomain	98cda90a9c534324138e6f37622ac167917055b476696ab8f1d5f668268f38a1	81480a8e3f98a8e3e1857cc0f25cd62be57f9113a70d5b0f125657e2513aefdb	9369198cb1e4b77feccd2830d608a6aa2cb3475328116dce628179d84d1e9e86	6c2e321f4e2ef356		List (ℕ × Minidregg.Theory.TypedAuthorization.CapabilityId) → Minidregg.Pred.Pred → ℕ → Minidregg.Theory.TypedAuthorization.CapabilityId → Minidregg.Compiler.ObjectiveInvocationClaim.Capacity → Minidregg.Kernel.ObjectiveActivityReceiver.Turn
def	Minidregg.Kernel.ObjectiveActivityReceiver.Turn.registerDomain.elim	dd00bdd57097becbee8baccb4be15ef953784a8a12ff4b054404abbfc02dfe67	d86f70b9d53a57a44293a6e1ab2537c2638526be7fabdaa3904401f5259cefd5	86589707a9535a9abddaa6f3b153c661d4ff3e4cfb2c4504629e7d6acad5017d	eb360bde32c8be18	-	{motive : Minidregg.Kernel.ObjectiveActivityReceiver.Turn → Sort u} → (t : Minidregg.Kernel.ObjectiveActivityReceiver.Turn) → t.ctorIdx = 14 → ((members : List (ℕ × Minidregg.Theory.TypedAuthorization.CapabilityId)) → (law : Minidregg.Pred.Pred) → (payer : ℕ) → (payerCapability : Minidregg.Theory.TypedAuthorization.CapabilityId) → (envelope : Minidregg.Compiler.ObjectiveInvocationClaim.Capacity) → motive (Minidregg.Kernel.ObjectiveActivityReceiver.Turn.registerDomain members law payer payerCapability envelope)) → motive t
ctor	Minidregg.Kernel.ObjectiveActivityReceiver.Turn.resolve	e12570e248f83d8b97ed52d38ad2c8385bf69e965c434e8c050ee23c7acdce98	97c70d2d841c8b1d4d606ba1ec04b0801b37650df0df175651349ae4ba9d5da1	1e05d26d60632743f93bd9b538813f403828460167bc476e185a10862f9ead68	2f7af544a51f91ae		Minidregg.Theory.TypedAuthorization.Digest → Minidregg.Kernel.ObjectiveActivityReceiver.AnswerWire → Minidregg.Kernel.ObjectiveActivityReceiver.Turn
def	Minidregg.Kernel.ObjectiveActivityReceiver.Turn.resolve.elim	0ea39d042a1eb95f3c2e26f25d5a5641ffbfdf7ff9d1a58f8eeb10f94ea4b440	50bc95c827dbaec9054aea864812141b4b1a47d98ec9084ee6cef89e013ae700	086f66b59ee27764332ef10a8ac9f4dddff65d5d77ef1c80865226f6a6e39525	0c1ee94a3bd08933	-	{motive : Minidregg.Kernel.ObjectiveActivityReceiver.Turn → Sort u} → (t : Minidregg.Kernel.ObjectiveActivityReceiver.Turn) → t.ctorIdx = 3 → ((slot : Minidregg.Theory.TypedAuthorization.Digest) → (answer : Minidregg.Kernel.ObjectiveActivityReceiver.AnswerWire) → motive (Minidregg.Kernel.ObjectiveActivityReceiver.Turn.resolve slot answer)) → motive t
def	Minidregg.Kernel.ObjectiveActivityReceiver.Turn.toWire	75bd5d96861a6761213b7d1cde5a51afae1cf9ebbd92ef848c6af38860c8d1c2	85fa970f2f0695bc885e56c5a9e8368ee549e596a36a54ed6f9b81c7aea205c8	3096f8c1280f118915a1d0b1281431c392f3c1cb6b35bb2fab74c6268efdc343	0d771453311f0def	-	Minidregg.Kernel.ObjectiveActivityReceiver.Turn → Minidregg.Kernel.ObjectiveActivityReceiver.TurnWire
ctor	Minidregg.Kernel.ObjectiveActivityReceiver.Turn.topUp	01f614d44605d738296ee3eb1e758c6b1cd539e8c9cff7801ce461a768580d9f	810feaca9f2449b0a102951eabc987dec7b15fd86cbc2fe74d081b5b48b0a286	4331cf632e117506ca1e5bd1655dc777e657257902fc0af148ea5de1266a9ce0	d0dc5e2f5f160429		Minidregg.Theory.TypedAuthorization.Digest → ℕ → Minidregg.Theory.TypedAuthorization.CapabilityId → ℕ → Minidregg.Kernel.ObjectiveActivityReceiver.Turn
def	Minidregg.Kernel.ObjectiveActivityReceiver.Turn.topUp.elim	363e3aa472993d280c5bb5b84eb99470287edf0024f1b8949123a254d00af38b	2f23c06011d45e27e01912070b8220314c983ed51193616c0930295154b2da52	bb79b6c5ced4f55ac8bebfd3ce6cdb8e74c34f5abb9d57d9d28ed43f56a7b846	3b0c31f42f2ff4b5	-	{motive : Minidregg.Kernel.ObjectiveActivityReceiver.Turn → Sort u} → (t : Minidregg.Kernel.ObjectiveActivityReceiver.Turn) → t.ctorIdx = 5 → ((record : Minidregg.Theory.TypedAuthorization.Digest) → (account : ℕ) → (accountCapability : Minidregg.Theory.TypedAuthorization.CapabilityId) → (amount : ℕ) → motive (Minidregg.Kernel.ObjectiveActivityReceiver.Turn.topUp record account accountCapability amount)) → motive t
def	Minidregg.Kernel.ObjectiveActivityReceiver.TurnWire	2fe4d8dc3724f29beb61f9981f0c0a70be906c540b76c38a5bf8987bdb4c440a	89855d392aa192071e8a2b2230d30ecae8fc9de0c15fa6a53f6209226829292a	8b27e21a3f0fa709d0c02df591fe914162c6638da946809cae67a4dee736dd9b	f118ecdbc4c668b9	-	Type
inductive	Minidregg.Kernel.ObjectiveActivityReceiver.Verdict	c9ce995ce2c499aeb75a5a4a5533049b6f286d917c17e5cbcca0126800905cfb	f7a8f8a65cccd73123be3a9709b430e156cea52a337c4c5f1d29134500e5e9fe	fd512629a89d0e850a3ab061c5afb91f328c0e03fb0fa99adb71cd6b2e76bbd1	2cbba97854734f2a		{F : Type} → [inst : Field F] → [DecidableEq F] → Minidregg.Kernel.ObjectiveActivityReceiver.Deployment → Minidregg.Compiler.CanonicalRuntimeProfile.Profile F → Minidregg.Kernel.ObjectiveKernelConfig.Ambient → Minidregg.Kernel.ObjectiveActivityReceiver.Durable → Minidregg.Kernel.ObjectiveActivityReceiver.DecodedIngress → Type
ctor	Minidregg.Kernel.ObjectiveActivityReceiver.Verdict.accepted	db450bcb9e8eec412c86361f1772ae829f8c78dbe2c562cf033c4e6525c93921	eee91ee1c3966819eac66626e61b72ef25a933c93e34408a70e3161de8283730	317ac4f6872e1849ffae5974ce0b5784fa49b0d2244a318bd757f78d7499a9ac	bdefcf83168ca68e		{F : Type} → [inst : Field F] → [inst_1 : DecidableEq F] → {deployment : Minidregg.Kernel.ObjectiveActivityReceiver.Deployment} → {profile : Minidregg.Compiler.CanonicalRuntimeProfile.Profile F} → {ambient : Minidregg.Kernel.ObjectiveKernelConfig.Ambient} → {durable : Minidregg.Kernel.ObjectiveActivityReceiver.Durable} → {ingress : Minidregg.Kernel.ObjectiveActivityReceiver.DecodedIngress} → Minidregg.Kernel.ObjectiveActivityReceiver.Accepted deployment profile ambient durable ingress → Minidregg.Kernel.ObjectiveActivityReceiver.Verdict deployment profile ambient durable ingress
def	Minidregg.Kernel.ObjectiveActivityReceiver.Verdict.accepted.elim	0802d0a7f2cd913fb15b645d994484f3235999eb13c58146b80157147b0e6591	7e91f3caeadc63387c61112c156cbec52af063770a908cfbd89a82dc7bae9da2	802c043066136206d127eacca797c4d5929701e6e77ce5ce6b80187e614678bd	49a3eee09c404838	Classical.choice,Quot.sound,propext	{F : Type} → [inst : Field F] → [inst_1 : DecidableEq F] → {deployment : Minidregg.Kernel.ObjectiveActivityReceiver.Deployment} → {profile : Minidregg.Compiler.CanonicalRuntimeProfile.Profile F} → {ambient : Minidregg.Kernel.ObjectiveKernelConfig.Ambient} → {durable : Minidregg.Kernel.ObjectiveActivityReceiver.Durable} → {ingress : Minidregg.Kernel.ObjectiveActivityReceiver.DecodedIngress} → {motive : Minidregg.Kernel.ObjectiveActivityReceiver.Verdict deployment profile ambient durable ingress → Sort u} → (t : Minidregg.Kernel.ObjectiveActivityReceiver.Verdict deployment profile ambient durable ingress) → t.ctorIdx = 0 → ((accepted : Minidregg.Kernel.ObjectiveActivityReceiver.Accepted deployment profile ambient durable ingress) → motive (Minidregg.Kernel.ObjectiveActivityReceiver.Verdict.accepted accepted)) → motive t
ctor	Minidregg.Kernel.ObjectiveActivityReceiver.Verdict.failed	94c7badf52d7c6657d1a9e4705f0620a45dc27616cbef0647ca7df5db11f2a91	3d751b5e33029c7c5c4a6be8251df066b0e7e37f039282cbe0323c3e37e75309	bec53b968e9332f9ebd02f377b2da9ac326896964dfab8e55e1d2291c4e9091b	ff0d2f724ccc33e0		{F : Type} → [inst : Field F] → [inst_1 : DecidableEq F] → {deployment : Minidregg.Kernel.ObjectiveActivityReceiver.Deployment} → {profile : Minidregg.Compiler.CanonicalRuntimeProfile.Profile F} → {ambient : Minidregg.Kernel.ObjectiveKernelConfig.Ambient} → {durable : Minidregg.Kernel.ObjectiveActivityReceiver.Durable} → {ingress : Minidregg.Kernel.ObjectiveActivityReceiver.DecodedIngress} → Minidregg.Kernel.ObjectiveActivityReceiver.Failed deployment profile ambient durable ingress → Minidregg.Kernel.ObjectiveActivityReceiver.Verdict deployment profile ambient durable ingress
def	Minidregg.Kernel.ObjectiveActivityReceiver.Verdict.failed.elim	a31d0a75c4cc1a075c1f2bd118075501b634c69ef215e39d4327aa85a009b4ad	23f1822807cc3c405f7f35f4bce77aeccab50e449c0d5f5e1cad565bc487e9e8	14df3b4ff1b3033fb67209996668bfa2cb4a1dffd860a5c797fedf773852b392	450cbb4731dae0ef	Classical.choice,Quot.sound,propext	{F : Type} → [inst : Field F] → [inst_1 : DecidableEq F] → {deployment : Minidregg.Kernel.ObjectiveActivityReceiver.Deployment} → {profile : Minidregg.Compiler.CanonicalRuntimeProfile.Profile F} → {ambient : Minidregg.Kernel.ObjectiveKernelConfig.Ambient} → {durable : Minidregg.Kernel.ObjectiveActivityReceiver.Durable} → {ingress : Minidregg.Kernel.ObjectiveActivityReceiver.DecodedIngress} → {motive : Minidregg.Kernel.ObjectiveActivityReceiver.Verdict deployment profile ambient durable ingress → Sort u} → (t : Minidregg.Kernel.ObjectiveActivityReceiver.Verdict deployment profile ambient durable ingress) → t.ctorIdx = 1 → ((failed : Minidregg.Kernel.ObjectiveActivityReceiver.Failed deployment profile ambient durable ingress) → motive (Minidregg.Kernel.ObjectiveActivityReceiver.Verdict.failed failed)) → motive t
def	Minidregg.Kernel.ObjectiveActivityReceiver.Verdict.intent	4694dff4963616770871fffa7a095f80b15c8bb3f9dd23ec95b36b0b3003e141	1d605f0853071c3e6970889aa2e9ef8c0baf6ea598d56233c55b4fd875f62908	964321c43354a55acc19719554060afe52a372ca7b454bdc95bfbde163769efa	106e89eb7236f256	Classical.choice,Quot.sound,propext	{F : Type} → [inst : Field F] → {deployment : Minidregg.Kernel.ObjectiveActivityReceiver.Deployment} → {profile : Minidregg.Compiler.CanonicalRuntimeProfile.Profile F} → {ambient : Minidregg.Kernel.ObjectiveKernelConfig.Ambient} → {durable : Minidregg.Kernel.ObjectiveActivityReceiver.Durable} → [inst_1 : DecidableEq F] → {ingress : Minidregg.Kernel.ObjectiveActivityReceiver.DecodedIngress} → Minidregg.Kernel.ObjectiveActivityReceiver.Verdict deployment profile ambient durable ingress → Minidregg.Kernel.DurableDataIntent.DataIntent Minidregg.Compiler.ResourceBirthCodec.rootBytes
theorem	Minidregg.Kernel.ObjectiveActivityReceiver.Verdict.intent_determined	6a46d49df725a89013d9536433eba960925120cceacf7963fa69755b091a2381	1461fbbd8c91feddc67ebda9e2b8f516834275b2f1f6084bcd5cce2acd1f398f	e2ff0f9063452013fad927e5bb138505e06171b8fe0fcd295502f992bd4f4430	0437987442e4c7c0	Classical.choice,Quot.sound,propext	∀ {F : Type} [inst : Field F] {deployment : Minidregg.Kernel.ObjectiveActivityReceiver.Deployment} {profile : Minidregg.Compiler.CanonicalRuntimeProfile.Profile F} {ambient : Minidregg.Kernel.ObjectiveKernelConfig.Ambient} {durable : Minidregg.Kernel.ObjectiveActivityReceiver.Durable} [inst_1 : DecidableEq F] {ingress : Minidregg.Kernel.ObjectiveActivityReceiver.DecodedIngress} (left right : Minidregg.Kernel.ObjectiveActivityReceiver.Verdict deployment profile ambient durable ingress), left.intent = right.intent
theorem	Minidregg.Kernel.ObjectiveActivityReceiver.Verdict.writes_unretired	99317e5d68cc66fb9813aca2fefd0e2008842e2bd86def84b29781539127ceca	7b7555113020f89d7f5f5053f8e1903cd74e8a3d2e5078df4ffb6bc2bc3b8fc9	571a50b9b180f996d86f329fec4096bb203c624be82c81b0cbefe09a91fbd180	9dc6bcaece53166b	Classical.choice,Quot.sound,propext	∀ {F : Type} [inst : Field F] {deployment : Minidregg.Kernel.ObjectiveActivityReceiver.Deployment} {profile : Minidregg.Compiler.CanonicalRuntimeProfile.Profile F} {ambient : Minidregg.Kernel.ObjectiveKernelConfig.Ambient} {durable : Minidregg.Kernel.ObjectiveActivityReceiver.Durable} [inst_1 : DecidableEq F] {ingress : Minidregg.Kernel.ObjectiveActivityReceiver.DecodedIngress} (verdict : Minidregg.Kernel.ObjectiveActivityReceiver.Verdict deployment profile ambient durable ingress), ∀ write ∈ verdict.intent.writes, Minidregg.Kernel.ObjectiveActivity.isRetired (durable.snapshot.canonicalBytes write.cellId) = Bool.false
def	Minidregg.Kernel.ObjectiveActivityReceiver.accountHolder	e9001ada4c510285f2295370072e698303218376b9ed399739a4c9c465e97ea7	7be02649099059912ccdc6280e4119c787afeaf267d9ab0f62fd57e60599184a	fcae468ceb272aa0ee9a318401e7e034806435ea18051a6791ba7649dc92471c	4534f9af86dc67f5	Classical.choice,Quot.sound,propext	Minidregg.Kernel.ObjectiveActivityReceiver.Snapshot → Minidregg.Theory.TypedAuthorization.Digest → Minidregg.Kernel.ObjectiveKernelConfig.Ambient → Minidregg.Kernel.ObjectiveActivityReceiver.Command → ℕ → Minidregg.Theory.TypedAuthorization.CapabilityId → Minidregg.Theory.TypedAuthorization.Digest → Minidregg.Theory.TypedAuthorization.Digest → Bool
def	Minidregg.Kernel.ObjectiveActivityReceiver.activityCellAt	830bd1382c31a41f65618f393a77c9c5ab407fcc5437c854e89322b8a8117fcd	4167a8c220f268b9e99f3a7475afbdd8b7a7fe504540bb1c590460e15c1b9717	3958ee1545198d6a5c2288f4c2e03eab9c741d68da0e23b3ab8c5ef9060fa2f9	304de9befc80a20e	Classical.choice,Quot.sound,propext	Minidregg.Kernel.ObjectiveActivityReceiver.Deployment → Minidregg.Kernel.DurableDataIntent.DataWrite → Bool
theorem	Minidregg.Kernel.ObjectiveActivityReceiver.activityOrBook_iff	43cccca32de003603527b672a32207278403c750345bfbbd3ac19daf2bc7c4cf	cda9d9e5d7296250dd7681cf644abf640c7e13cc7dc819dfc2af2a43280a5660	57c1162905673c895a3d202c356840a3aadb385c33b5d5fb97c6e916c13c3246	adfb8b61379ea575	Classical.choice,Quot.sound,propext	∀ (deployment : Minidregg.Kernel.ObjectiveActivityReceiver.Deployment) (write : Minidregg.Kernel.DurableDataIntent.DataWrite), Minidregg.Kernel.ObjectiveActivityReceiver.ActivityOrBook deployment write ↔ write.cellId = { value := deployment.resourceBookId } ∨ Minidregg.Kernel.ObjectiveActivityReceiver.activityCellAt deployment write = Bool.true ∨ Minidregg.Kernel.ObjectiveActivityReceiver.seatCellAt deployment write = Bool.true ∨ Minidregg.Kernel.ObjectiveActivityReceiver.retiredAt write = Bool.true
def	Minidregg.Kernel.ObjectiveActivityReceiver.admissionSeal	5eacfc8b3e1659355c88b1fbaeafbcd3e45b4aaa7744f9c628bc2b9a5b466ed6	e61c65b03a316a92a110602d507fe68212200ff17c17acbadd873df158b7d22c	75b70ef2d44a83604735780c4a41914e41b3835f626e45c500b5b6fc7fd1cddb	ee468f31ee08a8ce	Classical.choice,Quot.sound,propext	{F : Type} → [inst : Field F] → {deployment : Minidregg.Kernel.ObjectiveActivityReceiver.Deployment} → {profile : Minidregg.Compiler.CanonicalRuntimeProfile.Profile F} → {ambient : Minidregg.Kernel.ObjectiveKernelConfig.Ambient} → {durable : Minidregg.Kernel.ObjectiveActivityReceiver.Durable} → {command : Minidregg.Kernel.ObjectiveActivityReceiver.Command} → Minidregg.Kernel.ObjectiveActivityReceiver.Prepared deployment profile ambient durable command → Minidregg.Kernel.ObjectiveActivityReceiver.DecodedIngress → Minidregg.Kernel.ObjectiveActivityWire.Seal
def	Minidregg.Kernel.ObjectiveActivityReceiver.admitDecodedNative	5425ba9bdeaf97e89a857e691478d84fbd95dc055ad7c3892f10bd709db18dda	4e55306c19bcb36a845ce2cda91b350e37e01f84abcd199c22d4797e943f18e3	0f8040011e97a086af587d1608f815efaad300cbb5fc754992e323565f57b9eb	24ae335fb9111784	Classical.choice,Quot.sound,propext	{F : Type} → [inst : Field F] → [inst_1 : DecidableEq F] → (deployment : Minidregg.Kernel.ObjectiveActivityReceiver.Deployment) → (profile : Minidregg.Compiler.CanonicalRuntimeProfile.Profile F) → (ambient : Minidregg.Kernel.ObjectiveKernelConfig.Ambient) → (durable : Minidregg.Kernel.ObjectiveActivityReceiver.Durable) → Minidregg.Compiler.CredentialSignatureIO.NativeConfig → (ingress : Minidregg.Kernel.ObjectiveActivityReceiver.DecodedIngress) → IO (Except Minidregg.Kernel.ObjectiveActivityReceiver.Reject (Minidregg.Kernel.ObjectiveActivityReceiver.Verdict deployment profile ambient durable ingress))
def	Minidregg.Kernel.ObjectiveActivityReceiver.adoptRequest	fac6ff8d0b23e2251df04432e7957f59e6df01ea554ef5706f89915fd03e1c5b	d129acad97bb6855f312b72ef740f425e97f939c91d7543e2bd049782afd10d1	32d962f7e0c2ddea31816a1ae90370475be76d7c2ea15ccdef8b173cac658172	bae152bdeeb122e1	-	Minidregg.Kernel.ObjectiveActivityReceiver.Command → ℕ → Minidregg.Theory.TypedAuthorization.Digest → Minidregg.Theory.ObjectiveBendTypes.Ty → Option String → List String → Minidregg.Pred.Pred → Minidregg.Kernel.ObjectRecord.UpgradePolicy → List Minidregg.Theory.TypedAuthorization.Digest → Minidregg.Compiler.ObjectiveInvocationClaim.Capacity → ℕ → ℕ → Minidregg.Kernel.ObjectiveActivity.AdoptRequest
def	Minidregg.Kernel.ObjectiveActivityReceiver.adoptStream	7e46a98e36d069553ada7125a1ee8b91cb5e0a832e4318b4129898376f250d07	af7d87cadc49dea70c8063072e1eb31bf4f3571960e1c26ffd6baf67f20381cc	3163550f6d042d53cdf5d04742af2f89be04f3c30674380080bfa8f5fb7d4f25	7f03b90a1c2294fc	Classical.choice,Quot.sound,propext	Minidregg.Compiler.Tower256ConcreteBackend.StreamCodec Minidregg.Kernel.ObjectiveActivityReceiver.AdoptWire
def	Minidregg.Kernel.ObjectiveActivityReceiver.answerOf	91e6423eb630a5aa96cca4754c41513c3c1268aeae4dc33f42eaaed027b2b2c8	81c028426f59a8da34aa23e4dcb1b1a99b0725da68228c68b720c0c08e64ef86	45497b15cf3519d3195a6d22124ad1cf6dd3e36dbec1b2177073ce28bae13166	2080ff99906d5422	Classical.choice,Quot.sound,propext	Minidregg.Kernel.ObjectiveActivityReceiver.AnswerWire → Except Minidregg.Kernel.ObjectiveActivity.Refusal Minidregg.Kernel.ObjectiveActivity.Answer
def	Minidregg.Kernel.ObjectiveActivityReceiver.answerStream	94310683fe745de5dd70564a4507860892d990038dc961fffc1bb639d33655f7	7ced53dda481ab3884144962b4a6d6d66a8aea7f8fbe54df260bc8da87256a5e	3932f98d6748cac5beee02031712bb65343696aad8831d4303e15a2de8ca3eb6	68370ce64a816463	Classical.choice,Quot.sound,propext	Minidregg.Compiler.Tower256ConcreteBackend.StreamCodec Minidregg.Kernel.ObjectiveActivityReceiver.AnswerWire
def	Minidregg.Kernel.ObjectiveActivityReceiver.authorized	e489ae644df5de21ad2c0a05dcf70de49f555d648a3ed72b400bb3ca3b05cb88	5a9d391ceff65878f1845b3d6ff2f058250e7a071a41bdbc983cb5039d65b44c	0de2dd6519ee03154fecafecf4e261323eb2d21528219458dcfbf986b5ea913e	c6c788ec215f70ef	Classical.choice,Quot.sound,propext	Minidregg.Kernel.ObjectiveActivityReceiver.Snapshot → Minidregg.Theory.TypedAuthorization.Digest → Minidregg.Kernel.ObjectiveKernelConfig.Ambient → Minidregg.Kernel.ObjectiveActivityReceiver.Command → Minidregg.Theory.TypedAuthorization.Digest → Minidregg.Theory.TypedAuthorization.Digest → Except Minidregg.Kernel.ObjectiveActivityReceiver.Reject Unit
def	Minidregg.Kernel.ObjectiveActivityReceiver.birthRequest	92f60f68e7954d0b0cb7f8864ce7ecd69cb0e6ea6e32d3d4223a71fc52d2180b	2380440a13f4c1b3fc4181083b183cea313de84b8798e36471e74d515cd39d50	60a8c707d4beb8e600269ef9748d1ecf47b8fc62d788889eb13f05b84dfb7d32	b0e35eb2aeb0bb50	-	Minidregg.Kernel.ObjectiveActivityReceiver.Command → ℕ → ℕ → Minidregg.Theory.TypedAuthorization.Digest → Minidregg.Theory.ObjectiveBendDemandData.Data → Minidregg.Compiler.ObjectiveInvocationClaim.Capacity → Minidregg.Compiler.ObjectiveInvocationClaim.Capacity → Minidregg.Compiler.ObjectiveInvocationClaim.Capacity → ℕ → Minidregg.Kernel.ObjectiveActivity.BirthRequest
def	Minidregg.Kernel.ObjectiveActivityReceiver.birthStream	48f15cf9b4562c651386ef4216fb1278d1f326571e48a873ec1578a2fa1b40e0	5d7a0e106f88d9cb9da971e0e7002ff665741944194d9c349cfe2a6063e61379	2d218cbd193baf1c8aa0f958ada2e5096d965066493c219f30c28b10174fea9f	2b59fc9d36e22b8b	Classical.choice,Quot.sound,propext	Minidregg.Compiler.Tower256ConcreteBackend.StreamCodec Minidregg.Kernel.ObjectiveActivityReceiver.BirthWire
theorem	Minidregg.Kernel.ObjectiveActivityReceiver.birth_requires_object_holder	951d37cd28cb52432506a5d0df4921c46cb1668008e1e6e98a49202d823f5ad3	03a73282f38450c28e2a1ed9f6a3326f69c8687720c152620095e08f1a0036e9	77682d4b9392cf0ec7c5b112e94703e39c8a3a0db31b8e62ef1b89dcb120337c	14bae45e9000d3cc	Classical.choice,Quot.sound,propext	∀ {F : Type} [inst : Field F] {deployment : Minidregg.Kernel.ObjectiveActivityReceiver.Deployment} {profile : Minidregg.Compiler.CanonicalRuntimeProfile.Profile F} {ambient : Minidregg.Kernel.ObjectiveKernelConfig.Ambient} {durable : Minidregg.Kernel.ObjectiveActivityReceiver.Durable} [inst_1 : DecidableEq F] {ingress : Minidregg.Kernel.ObjectiveActivityReceiver.DecodedIngress} (accepted : Minidregg.Kernel.ObjectiveActivityReceiver.Accepted deployment profile ambient durable ingress) {object account deposit : ℕ} {envelope resume timeout : Minidregg.Compiler.ObjectiveInvocationClaim.Capacity} {objectCapability accountCapability : Minidregg.Theory.TypedAuthorization.CapabilityId} {pin : Minidregg.Theory.TypedAuthorization.Digest} {input : List UInt8}, ingress.command.turn = Minidregg.Kernel.ObjectiveActivityReceiver.Turn.birth object objectCapability account accountCapability pin input envelope resume timeout deposit → Minidregg.Kernel.ObjectiveActivityReceiver.objectHolder accepted.prepared.authority.snapshot profile.semantics ambient ingress.command object objectCapability accepted.prepared.preRoot accepted.prepared.outcome = Bool.true ∧ Minidregg.Kernel.ObjectiveActivityReceiver.accountHolder accepted.prepared.authority.snapshot profile.semantics ambient ingress.command account accountCapability accepted.prepared.preRoot accepted.prepared.outcome = Bool.true
def	Minidregg.Kernel.ObjectiveActivityReceiver.callAfterWork	e7c84773011e600e8bfb7ecaa771df3d857b78bce4a4bf6dfd4f38601d3a4550	858edada26724a93353ca467ad710c43918ff6526b6fdd90b053d59ab19519fb	290479674604532c510d7f64251ecde28399df9d692c81d3d866acf7e8b28c2e	1d5b09f5f4af4e6e	-	Minidregg.Kernel.ObjectiveCall.CallRefusal → Bool
def	Minidregg.Kernel.ObjectiveActivityReceiver.callRefusalStream	0644ba8a5153d549f249e80f602f58cce23b578a66b74f1768eff911d3a2f21c	ef05b5b2aaceec9f2feae79ed091f49822379343d6529d39c144d3ab5e9b512e	fad96c72b1d96636b107b2224df4ee670f827153a23d1bb52f826503926047c7	5d500ac02fd1506a	Classical.choice,Quot.sound,propext	Minidregg.Compiler.Tower256ConcreteBackend.StreamCodec Minidregg.Kernel.ObjectiveCall.CallRefusal
theorem	Minidregg.Kernel.ObjectiveActivityReceiver.callRefusalStream_injective	995fad6373b7540c3f579c0db38403f17b9b0e076bcf310cf9b8dbd6de4d52b9	fd40c255b809896ad32a0a15e170fd6063d40d143ed95ea111d8f7c5749464a9	d6d4c901b4ff525ccd1cc30d06926d794d833ad848637ee387db37c4515ef0dc	550e2f749db7a81c	Classical.choice,Quot.sound,propext	Function.Injective Minidregg.Kernel.ObjectiveActivityReceiver.callRefusalStream.encode
theorem	Minidregg.Kernel.ObjectiveActivityReceiver.callRefusalStream_prefix_roundtrip	9a7231e68af1259e12af2e13acb361d549a8bce99842405267c32f2efb554c30	cb25ddc34281e4287125bbadd6ab7e7f3cb65c703f75c4116ab9618294dcc3f4	619f2e31be996d9f6f0f4087894f9630abfe076a500bae15dd7c8b9775822e36	8d89a4cb5666005c	Classical.choice,Quot.sound,propext	∀ (reason : Minidregg.Kernel.ObjectiveCall.CallRefusal) (suffix : List UInt8), Minidregg.Kernel.ObjectiveActivityReceiver.callRefusalStream.decodePrefix (Minidregg.Kernel.ObjectiveActivityReceiver.callRefusalStream.encode reason ++ suffix) = Option.some (reason, suffix)
theorem	Minidregg.Kernel.ObjectiveActivityReceiver.callRefusal_encode_roundtrip	b799335d3e7ae9e777be9421a559388fdb52b4d015b210e17c904009bf8bd318	4fef43a7f1bb9f58aab0002f0d71582460ea600c0cc75af571340346c70b096e	16551e2f99058ea532c19ecce595414f3268dcf4d649e5690b2f0cfb444d8758	7b6d99e8a6a8d5d6	Classical.choice,Quot.sound,propext	∀ (reason : Minidregg.Kernel.ObjectiveCall.CallRefusal), Minidregg.Kernel.ObjectiveActivityReceiver.callRefusalStream.toLawful.decode (Minidregg.Kernel.ObjectiveActivityReceiver.callRefusalStream.encode reason) = Option.some reason
def	Minidregg.Kernel.ObjectiveActivityReceiver.charge	433df3df3e7dc4434124c7af67efa88056db01443ad82c7d75fe9d777f9c3f6c	28126450a3b2081350c05f9b381d07fff3128c896d1a916af0a1780c56e39509	34da9e6f8ea07421c791c3dd54ebe9c352379c75549d604957c04fb198d8e3e5	073ba8e83319ed93	Classical.choice,Quot.sound,propext	Minidregg.Kernel.ObjectiveActivityReceiver.DecodedIngress → List Minidregg.Kernel.ObjectiveActivityWire.Post → List Minidregg.Kernel.DurableDataIntent.ReadGuard → Minidregg.Theory.ResourceCost.Charge
def	Minidregg.Kernel.ObjectiveActivityReceiver.chargedCause	d2c55e48f300470090b4eafbef410a036c1876c3dadf6ef522c42ccb247074cb	95bb1bd7baffcd6032e3a8604c08a399aa5255e692d7b08fd36f42a93ece7336	505b089a0761e4d924b9a8d8ad3b0f916435461728b34fdd1f3d08bf88eb85d9	2125dc3081530250	-	Minidregg.Kernel.ObjectiveActivityReceiver.Reject → Bool
theorem	Minidregg.Kernel.ObjectiveActivityReceiver.chargedFailure_unique	05e108850cd0e0561bc9bb43f513cac6b1cd35b78221ccfad7ac80ca6d0fb842	1e509ee4e87bf7479c59f00f5c4bcde66eb381e50431305f38117d1aea9978a2	3816e29e982b1b549fe6a8c1dd192c62d7518ab9dd16e91eaab533d0c8cd19b5	31c688c5f570ffde	Classical.choice,Quot.sound,propext	∀ {durable : Minidregg.Kernel.ObjectiveActivityReceiver.Durable} {ob : Minidregg.Kernel.ObjectiveActivity.Config} {request : Minidregg.Kernel.ObjectiveActivity.FailureRequest} (left right : Minidregg.Kernel.ObjectiveActivity.ChargedFailure ob durable.snapshot request), left = right
def	Minidregg.Kernel.ObjectiveActivityReceiver.commandCodec	0708b6c321666822d137ae5a0e29bb6cfedf7b71873edf14f4009b1899fad648	ca8c8582122f20604d083ee213ce335aba7f13c4c2f369be92f51c42c9ae5ec0	63d823c17b7c4b224c6d5d63a1f3570250d8416662fb6411672872b123da72ad	4f9573409dfaf317	Classical.choice,Quot.sound,propext	Minidregg.Theory.IndexedProgram.LawfulCodec Minidregg.Kernel.ObjectiveActivityReceiver.Command
def	Minidregg.Kernel.ObjectiveActivityReceiver.commandFrame	c85ebb6edaa82938326daaf8c6fd1a53dfe650c6b0efcdb8d59f3e8587b47f7a	268fce01293bcb84de059c093737d89d8980bbc789bd14e1bc6693665008f358	b825a18a9f40bfca8a0af2fd0de38b222eca771fd6bb4efd3c085f2a55ab61ad	9946defbc2e538d3	propext	List UInt8
def	Minidregg.Kernel.ObjectiveActivityReceiver.commandStream	91a528fa2699602ebc33dd3adfbe2b190c1aa8b5127c0ba519e16b40ad823d8b	9ba08bc6b9079eb5c7b68c75d4f6880bf7e5539c65db73f3aec1e6870e3ebe5d	7038760bfa89bbe57ece0a11d33894300869d9508eee94b1685fd73c8e4597d0	95a047630ae2b8e9	Classical.choice,Quot.sound,propext	Minidregg.Compiler.Tower256ConcreteBackend.StreamCodec Minidregg.Kernel.ObjectiveActivityReceiver.Command
theorem	Minidregg.Kernel.ObjectiveActivityReceiver.command_canonical	eda909fb3c571702412019531075553bfa87a053dcb9243503571e43bed826e8	9457c8391ff21fe089b463910157c6d203c8242ac7d019706c4e6caa357897bd	d7a600e44ee1b3e84f6ce767355e4e17c8b11628f23863e04b5c4a5df672cfce	d4aac51fd0e41a10	Classical.choice,Quot.sound,propext	∀ {bytes : List UInt8} {command : Minidregg.Kernel.ObjectiveActivityReceiver.Command}, Minidregg.Kernel.ObjectiveActivityReceiver.commandCodec.decode bytes = Option.some command → Minidregg.Kernel.ObjectiveActivityReceiver.commandCodec.encode command = bytes
theorem	Minidregg.Kernel.ObjectiveActivityReceiver.command_roundtrip	29cff319d0e7b94b5540ea41a7952d2656783d180a56e0cbe8d074e6cddbb7ad	ec2965e23ed32863abf4c0f3aacc5e671207b6527b3d23afec7380e9ca9f19e2	c4eb376a50190cce90b958013c7a9002f316f3b13e6ac0aa9ced761f1b24396a	6a14febe821c43de	Classical.choice,Quot.sound,propext	∀ (command : Minidregg.Kernel.ObjectiveActivityReceiver.Command), Minidregg.Kernel.ObjectiveActivityReceiver.commandCodec.decode (Minidregg.Kernel.ObjectiveActivityReceiver.commandCodec.encode command) = Option.some command
theorem	Minidregg.Kernel.ObjectiveActivityReceiver.command_v9_refuses	875da04ae65d147e0d0d02f99bee36373239dcd9b4e597bed757ac3cf1df9246	430c5b427cbf6fb4dce8f26e082c51f326518c1d100e8fe004a9ce61169563f3	61d88bb0792682126936e800ee137e48876ca9f1bf5f4964defebd7bf130918f	f48249ee8de99d28	Classical.choice,Quot.sound,propext	∀ (body : List UInt8), Minidregg.Kernel.ObjectiveActivityReceiver.commandCodec.decode ("DREGG/OBJECTIVE/ACTIVITY/COMMAND/v9".toUTF8.toList ++ body) = Option.none
def	Minidregg.Kernel.ObjectiveActivityReceiver.contextAt	38da1c66685bd97b223c6ae0605275d10db3032326f8915e8396f25d2080a463	534425ea4e9f5083d8451de71073ea34432db37a4abe4ca681099d0858039ec3	1b6218e240dcd3e4e25f0c27ae6766a0d7aec58e8e13643786b25a4816bfad1d	f37e03422cbdae6a	Classical.choice,Quot.sound,propext	Minidregg.Kernel.ObjectiveActivityReceiver.Snapshot → Minidregg.Theory.TypedAuthorization.Digest → Minidregg.Kernel.ObjectiveKernelConfig.Ambient → Minidregg.Kernel.ObjectiveActivityReceiver.Command → Minidregg.Theory.TypedAuthorization.ResourceKind → ℕ → Minidregg.Theory.CredentialAuthorityEffects.RequestContext
def	Minidregg.Kernel.ObjectiveActivityReceiver.createRequest	c5f5671b77344d88dff3d43637492a172312dc74083b4930fe84cb6d6cf4eff5	6e4380309915d3f9a5176b79a0f97f427c3f9d406f4b8be2b231dcccd88d88e8	67353dbfa3bf4834282fb193d15e344f62309fcd9b4f857e690957ced735ad3a	0c5576618735a236	-	Minidregg.Kernel.ObjectiveActivityReceiver.Command → ℕ → Minidregg.Theory.TypedAuthorization.Digest → Minidregg.Theory.ObjectiveBendTypes.Ty → Minidregg.Pred.Pred → Minidregg.Kernel.ObjectRecord.UpgradePolicy → Option Minidregg.Theory.ObjectiveBendDemandData.Data → ℕ → Minidregg.Kernel.ObjectiveActivity.CreateRequest
def	Minidregg.Kernel.ObjectiveActivityReceiver.createStream	a302080f62673d876579bd58132aa8ca5f0b661e74abd8840416ff23345285e5	879bc183d7b2d3fd36606b1c47411f0d5b4c53d6f21495ebe7815c641f562f67	2136df16062bc01242dadc8d816063b08071cd98c9595e3f3e3710f9b2d7b330	014b093ed7cb821b	Classical.choice,Quot.sound,propext	Minidregg.Compiler.Tower256ConcreteBackend.StreamCodec Minidregg.Kernel.ObjectiveActivityReceiver.CreateWire
theorem	Minidregg.Kernel.ObjectiveActivityReceiver.create_requires_object_holder	4210c25d8cab23a5f1ad6c375bed22f977b479a3560fd1fa26df0ff128675c21	8a7367ceadd2131b3034f13b7a957a31f3c12f3921241e8ae53191b29205b2d9	4d7a6c873212dfb684dffe549f31bdb161f416e0f9c006b744421adb2aa7ccf0	0562f545ebcf2c33	Classical.choice,Quot.sound,propext	∀ {F : Type} [inst : Field F] {deployment : Minidregg.Kernel.ObjectiveActivityReceiver.Deployment} {profile : Minidregg.Compiler.CanonicalRuntimeProfile.Profile F} {ambient : Minidregg.Kernel.ObjectiveKernelConfig.Ambient} {durable : Minidregg.Kernel.ObjectiveActivityReceiver.Durable} [inst_1 : DecidableEq F] {ingress : Minidregg.Kernel.ObjectiveActivityReceiver.DecodedIngress} (accepted : Minidregg.Kernel.ObjectiveActivityReceiver.Accepted deployment profile ambient durable ingress) {object payer : ℕ} {objectCapability payerCapability : Minidregg.Theory.TypedAuthorization.CapabilityId} {pin : Minidregg.Theory.TypedAuthorization.Digest} {stateType : Minidregg.Theory.ObjectiveBendTypes.Ty} {law : Minidregg.Pred.Pred} {upgrade : Minidregg.Kernel.ObjectRecord.UpgradePolicy} {seed : Option (List UInt8)}, ingress.command.turn = Minidregg.Kernel.ObjectiveActivityReceiver.Turn.create object objectCapability pin stateType law upgrade seed payer payerCapability → Minidregg.Kernel.ObjectiveActivityReceiver.objectHolder accepted.prepared.authority.snapshot profile.semantics ambient ingress.command object objectCapability accepted.prepared.preRoot accepted.prepared.outcome = Bool.true ∧ Minidregg.Kernel.ObjectiveActivityReceiver.accountHolder accepted.prepared.authority.snapshot profile.semantics ambient ingress.command payer payerCapability accepted.prepared.preRoot accepted.prepared.outcome = Bool.true
def	Minidregg.Kernel.ObjectiveActivityReceiver.decideTurn	9637f7cb61a8783b6766fc4be8ba476077396ab8c04be307c6f8eadbaa30227b	9d34f6b79dd37c15fc315552548a85db3e6db46cb8f6cc1fd2832008f7af06e8	778dd9c2dffadd902bb7ca90c767b971b63ec84962ff349ac5f75cd52923a59f	481c50ea9340c0f3	Classical.choice,Quot.sound,propext	{rootBytes : List UInt8 → Minidregg.Theory.TypedAuthorization.Digest} → (config : Minidregg.Kernel.ObjectiveActivity.Config) → (snapshot : Minidregg.Kernel.DurableDataIntent.DataSnapshot rootBytes) → (height : ℕ) → (command : Minidregg.Kernel.ObjectiveActivityReceiver.Command) → Except Minidregg.Kernel.ObjectiveActivityReceiver.Reject (Minidregg.Kernel.ObjectiveActivityReceiver.Decided config snapshot height command)
def	Minidregg.Kernel.ObjectiveActivityReceiver.declarationCodec	19f85d0b97d99a5601fd95bde56543b9fa7f46b53bbfb30722a4bd7c2dc32014	7e6dfc3174fa3337058bbde1081c3bd319cd72903c494e21fbd9bbf4c718d5c9	c5285d61b4769d3616c1a3a7c33d082dedf3e9208f338e7bbe5e2501c0e79040	4145191a87bcb27d	Classical.choice,Quot.sound,propext	Minidregg.Theory.IndexedProgram.LawfulCodec Minidregg.Kernel.ObjectiveActivityReceiver.Declaration
def	Minidregg.Kernel.ObjectiveActivityReceiver.declarationStream	8228e1029d12b40591a7c3a46ae7c5ae6287c76f922115a8a707a7f7b88dca62	adaf240093f06f5a0640e7f57f2335f196a6eca9ef9ee719a23d214d5868dcb9	a7f7dbce92e8e11c6cc71c4cd853307d27080d55c6620b7d4d3bb09af106dffd	8cb8d5560f6f9bdf	Classical.choice,Quot.sound,propext	Minidregg.Compiler.Tower256ConcreteBackend.StreamCodec Minidregg.Kernel.ObjectiveActivityReceiver.Declaration
def	Minidregg.Kernel.ObjectiveActivityReceiver.decodeIngress	b91a5fb40eb71550de56fb712b8cf8c0612d2636972356e5d4baae1c8e879e71	69a3875333d41774bb331f73b7f17c3e4ae8cad90a29009d1567616d0be053fe	92d3b90351826ea39b512d3c241a61b23089186cd53ad4e007e9339eccb306de	c283f553f8b3bc44	Classical.choice,Quot.sound,propext	List UInt8 → Option Minidregg.Kernel.ObjectiveActivityReceiver.DecodedIngress
def	Minidregg.Kernel.ObjectiveActivityReceiver.decodeSeed	654b04e03894f387d384251ef274d78b70636683d6772e846064b6473aa7f4b2	2830dbfa1057a11ccda1c7416f3526775d8849a6a82e6a03938f7254229c3cef	c6a93a5b227bf02259d619cf8bc44111d09cc39c7c60d8e231dae37f4ebae7e0	86fb47b13a44a397	Classical.choice,Quot.sound,propext	Option (List UInt8) → Option (Option Minidregg.Theory.ObjectiveBendDemandData.Data)
def	Minidregg.Kernel.ObjectiveActivityReceiver.dispositionAnswer	846c94157b21e0db9ff8fde3b870b5b08f15ed3f50ecd8c77555d57b2a9ca4ce	317b35841e23149e57d6723a3fb935b5b12c1a03a8c0dc15c73b79a4965923d2	e4a429da4996e63cb8d80873e05ce89c0909a238e088224588cbfeb5f170a22e	c6b02f970929938e	-	Minidregg.Kernel.ObjectiveActivityReceiver.Receipt → Minidregg.Kernel.ObjectiveActivityReceiver.RecordedDisposition → Minidregg.Kernel.ObjectiveActivityReceiver.Result
def	Minidregg.Kernel.ObjectiveActivityReceiver.effectDigest	1ec7dcd7dea522177efa67e40fbe43f7805c624f86ea431193cfffe9ba1a5c9b	125baeafc2402e29f03b14772c41b8d1ac62465c1ea60f1675bbddbd0dedfa5c	50cd2a552c4d75eba3df4e223e768c1c813b62ac7725a09073615b276afd25e5	372fff0de48c7f46	Classical.choice,Quot.sound,propext	Minidregg.Theory.TypedAuthorization.Digest → Minidregg.Theory.TypedAuthorization.Digest → Minidregg.Kernel.ObjectiveActivityReceiver.Command → Minidregg.Kernel.ObjectiveActivityReceiver.Declaration → Minidregg.Theory.TypedAuthorization.Digest
def	Minidregg.Kernel.ObjectiveActivityReceiver.endStream	ae79a7c7ff9d6d1d738d37a9f00e19fb47605fd456971614e3e6b6b255bc55eb	5fbdf6b7d5e4cc29c1a569136916529ba6f3a8cfc7bb280735eb46b594a38712	6cdb57a84c3330d3f2ef0fdcaa26dc7663bef238430cbdc8fe56a9df88a864ed	9a4aa819fca27874	Classical.choice,Quot.sound,propext	Minidregg.Compiler.Tower256ConcreteBackend.StreamCodec Minidregg.Kernel.ObjectiveActivityReceiver.EndWire
def	Minidregg.Kernel.ObjectiveActivityReceiver.event	9e9ab5cace66e0fd8c18543fa212f48b6be1e75743558fc473ae597772be09ba	951c6f1879cf1253f46a4331461ae43c45fe7e4f6becc38ec54ea9f36a923225	2da2eca0acc7ba90fc21f4f806c27efc78c1a6b081d49d0008d6b5cae88a3dc1	7b7c0481928d0715	Classical.choice,Quot.sound,propext	Minidregg.Theory.TypedAuthorization.Digest → Minidregg.Theory.TypedAuthorization.Digest → Minidregg.Kernel.ObjectiveActivityReceiver.DecodedIngress → Minidregg.Kernel.DurableDataIntent.StableEvent
def	Minidregg.Kernel.ObjectiveActivityReceiver.failedEvent	8538fcb443176037eaf5862aa7901f170ade881ebd290938906c4d95b525624f	6d665e74776aef26c8e1e1ac49d4172bb8dbe410b9616437f526268fbd8c7735	bda25e7e1b72a10aafa9adfa1f34bb5df99903a713dea5f3a064382e71d7a12d	b0768d2efb7434b4	Classical.choice,Quot.sound,propext	Minidregg.Kernel.DurableDataIntent.StableEvent → Minidregg.Kernel.ObjectiveActivityReceiver.Reject → Minidregg.Kernel.DurableDataIntent.StableEvent
def	Minidregg.Kernel.ObjectiveActivityReceiver.failedIntent	18ebe8a91cd353912879f161bec74361b21867de9228fa94f65f118f22f39c0c	c97f7ebf4c392d0480698fdb18a364042ec1a818c65b948001d44d693beae1f7	65a6dd60a0fc36b94bf8b0eaca9ad81be5bad75021d237fa2d920069f4760e5f	587a88b2598f3ff3	Classical.choice,Quot.sound,propext	{F : Type} → [inst : Field F] → {deployment : Minidregg.Kernel.ObjectiveActivityReceiver.Deployment} → {profile : Minidregg.Compiler.CanonicalRuntimeProfile.Profile F} → {ambient : Minidregg.Kernel.ObjectiveKernelConfig.Ambient} → {durable : Minidregg.Kernel.ObjectiveActivityReceiver.Durable} → Minidregg.Compiler.CredentialAuthorityDomainReceiver.Loaded deployment durable.snapshot → (config : Minidregg.Kernel.ObjectiveActivity.Config) → Minidregg.Kernel.ObjectiveActivityReceiver.DecodedIngress → Minidregg.Kernel.ObjectiveActivityReceiver.Reject → (request : Minidregg.Kernel.ObjectiveActivity.FailureRequest) → Minidregg.Kernel.ObjectiveActivity.ChargedFailure config durable.snapshot request → List Minidregg.Kernel.ObjectiveActivityWire.Post × List Minidregg.Kernel.DurableDataIntent.ReadGuard → Minidregg.Kernel.DurableDataIntent.DataIntent Minidregg.Compiler.ResourceBirthCodec.rootBytes
theorem	Minidregg.Kernel.ObjectiveActivityReceiver.failed_charges_and_rolls_back	c7e871eef392fe1834ecf3468594a8d9262cf283165203b72902377538060fd8	371723358f26bd75bc1b5bd2d4574f8d65826d18187cf854651df3336ab9e13c	981e2787e00f03a7ae497b83ae71f51b97f388e7c358c1ff7c439a84fe27235d	e4a51c4499d0711f	Classical.choice,Quot.sound,propext	∀ {F : Type} [inst : Field F] {deployment : Minidregg.Kernel.ObjectiveActivityReceiver.Deployment} {profile : Minidregg.Compiler.CanonicalRuntimeProfile.Profile F} {ambient : Minidregg.Kernel.ObjectiveKernelConfig.Ambient} {durable : Minidregg.Kernel.ObjectiveActivityReceiver.Durable} [inst_1 : DecidableEq F] {ingress : Minidregg.Kernel.ObjectiveActivityReceiver.DecodedIngress} (failed : Minidregg.Kernel.ObjectiveActivityReceiver.Failed deployment profile ambient durable ingress), failed.intent.writes.length = 1 ∧ (∀ write ∈ failed.intent.writes, write.cellId = failed.gated.config.bookCell) ∧ failed.failure.posted.batch = { registrations := [], operations := [Minidregg.Theory.CanonicalResourceKernel.Operation.fee failed.request.account failed.gated.config.collector failed.gated.config.asset (failed.gated.config.tariff.workOf failed.request.envelope)], deregistrations := [] }
def	Minidregg.Kernel.ObjectiveActivityReceiver.failureRequest	6e64570903752a892ad2ee83112165bfa975f541fb95bf95584f7434e831b551	f4e6e67e84295b6f541140269804cb02a1f2fedf75064bdfc0f9eabb3ce28a93	a04ed964658ca1a1184fd598a01ab40ab77afa6c735b79799d5313231e9b2f75	34836113f1930e82	Classical.choice,Quot.sound,propext	Minidregg.Theory.TypedAuthorization.Digest → Minidregg.Theory.TypedAuthorization.Digest → Minidregg.Kernel.ObjectiveActivityReceiver.Command → Option Minidregg.Kernel.ObjectiveActivity.FailureRequest
def	Minidregg.Kernel.ObjectiveActivityReceiver.funding	79da91fd9153f2f6a13ed91215c7b5fb9feae7845144447b00af79685c92dea2	b42c50d9cfc03d38b25db8bfaf02701152aef21d5adfb4c009030ef007a20011	078f11a4dd99e63074bacc76434a3207c8a7189a455860a9362a080a6fa4ae0e	4b74bb48bed7d8a4	Classical.choice,Quot.sound,propext	Minidregg.Kernel.ObjectiveActivity.Config → Minidregg.Kernel.ObjectiveActivityReceiver.Durable → Minidregg.Kernel.ObjectiveActivityReceiver.Command → Except Minidregg.Kernel.ObjectiveActivityReceiver.Reject Unit
def	Minidregg.Kernel.ObjectiveActivityReceiver.gate	fe43cadbb1eb81bf36dbfa324e433a25e7faea177f8d4b71ef49a30b459d0099	374a3c279c595933645acf2488c4beee3539a3e4f1421c91c576cecfef536ecd	a69d2cccd9503ffd05eda472359418cd6c3bddd482ac07bc39eba2eabd0232b5	d739f99394909f22	Classical.choice,Quot.sound,propext	{F : Type} → [inst : Field F] → (deployment : Minidregg.Kernel.ObjectiveActivityReceiver.Deployment) → (profile : Minidregg.Compiler.CanonicalRuntimeProfile.Profile F) → (ambient : Minidregg.Kernel.ObjectiveKernelConfig.Ambient) → (durable : Minidregg.Kernel.ObjectiveActivityReceiver.Durable) → (command : Minidregg.Kernel.ObjectiveActivityReceiver.Command) → (claimed : Minidregg.Theory.TypedAuthorization.Digest) → Except Minidregg.Kernel.ObjectiveActivityReceiver.Reject (Minidregg.Kernel.ObjectiveActivityReceiver.Gated deployment profile ambient durable command claimed)
theorem	Minidregg.Kernel.ObjectiveActivityReceiver.gate_refusal_runs_nothing	ca4716d09d7c571bff6525d9a57819099e778c1693111beb9494f0f824c1b887	179fda86dc860ef75acc863412f757273a1aba54dfe4bf8bcdb17350cb7019be	5ef8c184e83055192aa5e092f23c41b8b348f9772a5068edb94962f8a53d3302	6aaa75e5c6341f3e	Classical.choice,Quot.sound,propext	∀ {F : Type} [inst : Field F] {deployment : Minidregg.Kernel.ObjectiveActivityReceiver.Deployment} {profile : Minidregg.Compiler.CanonicalRuntimeProfile.Profile F} {ambient : Minidregg.Kernel.ObjectiveKernelConfig.Ambient} {durable : Minidregg.Kernel.ObjectiveActivityReceiver.Durable} [inst_1 : DecidableEq F] (native : Minidregg.Compiler.CredentialSignatureIO.NativeConfig) {ingress : Minidregg.Kernel.ObjectiveActivityReceiver.DecodedIngress} {reason : Minidregg.Kernel.ObjectiveActivityReceiver.Reject}, Minidregg.Kernel.ObjectiveActivityReceiver.gate deployment profile ambient durable ingress.command ingress.ingress.outcome = Except.error reason → Minidregg.Kernel.ObjectiveActivityReceiver.admitDecodedNative deployment profile ambient durable native ingress = Pure.pure (Except.error reason)
theorem	Minidregg.Kernel.ObjectiveActivityReceiver.gate_spent_refused	cd8e117a249f5379e81b4c989dcbc5888e340e9f4d858341a2d96a1787bd8ed0	ca5c66bcf5143fdea6a02735ac20ed811af27cdcd83a938f2204441aafcd4db6	cd64a7d9a1832abd11dd1a919eb9acaf3bc0349ad2d4adf79244d6d229f2d9fb	559f07a0696a1fdf	Classical.choice,Quot.sound,propext	∀ {F : Type} [inst : Field F] {deployment : Minidregg.Kernel.ObjectiveActivityReceiver.Deployment} {profile : Minidregg.Compiler.CanonicalRuntimeProfile.Profile F} {ambient : Minidregg.Kernel.ObjectiveKernelConfig.Ambient} {durable : Minidregg.Kernel.ObjectiveActivityReceiver.Durable} {command : Minidregg.Kernel.ObjectiveActivityReceiver.Command} {directory : Minidregg.Compiler.CredentialAuthorityDomainReceiver.LoadedDirectory durable} {authority : Minidregg.Compiler.CredentialAuthorityDomainReceiver.Loaded deployment durable.snapshot} {claimed : Minidregg.Theory.TypedAuthorization.Digest}, Minidregg.Compiler.CredentialAuthorityDomainReceiver.loadDirectory durable = Option.some directory → Minidregg.Compiler.CredentialAuthorityDomainReceiver.loadDeployment deployment durable.snapshot = Option.some authority → command.expectedAuthorityRoot = Minidregg.Theory.CellState.Materialized.root authority.snapshot.cell → authority.snapshot.spent (Minidregg.Kernel.ObjectiveActivityReceiver.marker authority.snapshot.domain profile.semantics command) = Bool.true → Minidregg.Kernel.ObjectiveActivityReceiver.gate deployment profile ambient durable command claimed = Except.error Minidregg.Kernel.ObjectiveActivityReceiver.Reject.replayedMarker
def	Minidregg.Kernel.ObjectiveActivityReceiver.ingressCodec	def7d97585dc8d20a9237e42d9e2ca582143495dd5bdcdeb4c176678693088fb	1509e8e47dc4bfb6732ab35026042d848d9087c0f2dae3663d189cdd53f9d767	7a217e1295d61d71e3fc310372f9975056a6f7f44e8acfddb55e804951a7aa8e	37bbc5ccc2e598f2	Classical.choice,Quot.sound,propext	Minidregg.Theory.IndexedProgram.LawfulCodec Minidregg.Kernel.ObjectiveActivityReceiver.Ingress
def	Minidregg.Kernel.ObjectiveActivityReceiver.ingressFrame	5ea8803e8def70f56a0712221583e79c007d26bcf1fe6914aaf3efc0c455f4a2	268fce01293bcb84de059c093737d89d8980bbc789bd14e1bc6693665008f358	ac6bc259d41df4c4ff556bf5bdb197d6c26171d89cf837b0e08ebcbbf5cfda58	73120bf565f59cd7	propext	List UInt8
def	Minidregg.Kernel.ObjectiveActivityReceiver.ingressStream	6466c07edf8b8624d6f2fede66637b6a92c45ac343f6802609fe5a997bc336e6	5ab442155ef2374764a0ef284243add74ee8c14563d945ecf17579ac5b54d1b4	d8826ce1da3b791deace39886b5d70d496e6d4d443ea270da66148e491ec1b90	11368ada35821922	Classical.choice,Quot.sound,propext	Minidregg.Compiler.Tower256ConcreteBackend.StreamCodec Minidregg.Kernel.ObjectiveActivityReceiver.Ingress
def	Minidregg.Kernel.ObjectiveActivityReceiver.intent	aa5ba8ee2e21fb0375417da445817a654f59316e6afe5f51b49de60e61f144ea	f60295cefd250bab9d7c7a4004afa148b5c8e1b371308b6c024f3adc5dc7a4d2	afff1badc6f5e94152325c3c8ea331deb218882066a679ecaf3db0be87f1fdeb	1d4b1593a9f17733	Classical.choice,Quot.sound,propext	{F : Type} → [inst : Field F] → {deployment : Minidregg.Kernel.ObjectiveActivityReceiver.Deployment} → {profile : Minidregg.Compiler.CanonicalRuntimeProfile.Profile F} → {ambient : Minidregg.Kernel.ObjectiveKernelConfig.Ambient} → {durable : Minidregg.Kernel.ObjectiveActivityReceiver.Durable} → [inst_1 : DecidableEq F] → {ingress : Minidregg.Kernel.ObjectiveActivityReceiver.DecodedIngress} → Minidregg.Kernel.ObjectiveActivityReceiver.Accepted deployment profile ambient durable ingress → Minidregg.Kernel.DurableDataIntent.DataIntent Minidregg.Compiler.ResourceBirthCodec.rootBytes
def	Minidregg.Kernel.ObjectiveActivityReceiver.intentShapeDecidable	e1516a78ea1189b5c0fe0895615523d54c0694649dc58c7ced535a68e379ab89	5d50a53af739400b884c32cffdf246260865c93131449fe3eb3872b0d77fff44	ee28d18829a22a7bed4a1cb30aae9c7d79482b07a4e5d8fb7ce91b97c8e038c0	aecce4e81dcc1c61	Classical.choice,Quot.sound,propext	(deployment : Minidregg.Kernel.ObjectiveActivityReceiver.Deployment) → (durable : Minidregg.Kernel.ObjectiveActivityReceiver.Durable) → (intent : Minidregg.Kernel.DurableDataIntent.DataIntent Minidregg.Compiler.ResourceBirthCodec.rootBytes) → Decidable (Minidregg.Kernel.ObjectiveActivityReceiver.IntentShape deployment durable intent)
theorem	Minidregg.Kernel.ObjectiveActivityReceiver.intent_writes_activity_or_book	257b8cc564ec272182e80b083cc06acb0a286a72b379a39133ef3957ff207b62	804501f2d9443a90fdde40cef5aee387a3ae78fa1d893aad0fc475ce7673bd66	a5995383dce3eadd850e9ebf3d9031a0ed2bd340c02c114f4ceecdcd42638d75	58f20dd84702e48b	Classical.choice,Quot.sound,propext	∀ {F : Type} [inst : Field F] {deployment : Minidregg.Kernel.ObjectiveActivityReceiver.Deployment} {profile : Minidregg.Compiler.CanonicalRuntimeProfile.Profile F} {ambient : Minidregg.Kernel.ObjectiveKernelConfig.Ambient} {durable : Minidregg.Kernel.ObjectiveActivityReceiver.Durable} [inst_1 : DecidableEq F] {ingress : Minidregg.Kernel.ObjectiveActivityReceiver.DecodedIngress} (accepted : Minidregg.Kernel.ObjectiveActivityReceiver.Accepted deployment profile ambient durable ingress), ∀ write ∈ (Minidregg.Kernel.ObjectiveActivityReceiver.intent accepted).writes, Minidregg.Kernel.ObjectiveActivityReceiver.ActivityOrBook deployment write
theorem	Minidregg.Kernel.ObjectiveActivityReceiver.intent_writes_lawful	31695099d40fe06683fbe388bbaa9383069d24f8ba20868425ef0d5a2cbd2ab3	e954c7ac9528450e81932574c15b5051e02d4f445126c0663e0939b8ff66ec6e	981bfdde0378282cb334120a17c69b93c153870964321c27eea5351b0e16bafe	63f60c826865ddb8	Classical.choice,Quot.sound,propext	∀ {F : Type} [inst : Field F] {deployment : Minidregg.Kernel.ObjectiveActivityReceiver.Deployment} {profile : Minidregg.Compiler.CanonicalRuntimeProfile.Profile F} {ambient : Minidregg.Kernel.ObjectiveKernelConfig.Ambient} {durable : Minidregg.Kernel.ObjectiveActivityReceiver.Durable} [inst_1 : DecidableEq F] {ingress : Minidregg.Kernel.ObjectiveActivityReceiver.DecodedIngress} (accepted : Minidregg.Kernel.ObjectiveActivityReceiver.Accepted deployment profile ambient durable ingress), ∀ write ∈ (Minidregg.Kernel.ObjectiveActivityReceiver.intent accepted).writes, Minidregg.Kernel.ResourceBirthController.Concrete.PhysicalPostLaw deployment write
def	Minidregg.Kernel.ObjectiveActivityReceiver.invokeRequest	dc567d8925f69547145ebe180744dc92aef9334142e30a943e763cb66b9585b8	5f246fbe5ad4f9031793bee1a31ac12080bd0483cc2192cc85efdc5812c08255	32f2b6c68d1c02187693e2c1c510adc4958c78b7bb4688b7ee05b95c7e1f3398	6f9f9720c01523e2	-	Minidregg.Kernel.ObjectiveActivityReceiver.Command → ℕ → String → Minidregg.Theory.ObjectiveBendDemandData.Data → List Minidregg.Kernel.ObjectiveCall.Grant → Minidregg.Compiler.ObjectiveInvocationClaim.Capacity → Minidregg.Compiler.ObjectiveInvocationClaim.Capacity → ℕ → ℕ → Minidregg.Kernel.ObjectiveCall.InvokeRequest
def	Minidregg.Kernel.ObjectiveActivityReceiver.invokeStream	596343fe8bfdd8ca5ca10cedcf172c46d47b40e76995a2659275ce44b9f9f432	14c808da3d56ef4b0e92b5dc4e625950eed228720d2ce544282929bf0b757036	efa44a4e6631272a4f557830c5e92baae6970f74b6d545ea7cf96ac9533e5ba2	c1b3f62021efb20d	Classical.choice,Quot.sound,propext	Minidregg.Compiler.Tower256ConcreteBackend.StreamCodec Minidregg.Kernel.ObjectiveActivityReceiver.InvokeWire
def	Minidregg.Kernel.ObjectiveActivityReceiver.kernel	89602e32565db495ae73ea9fee2c77856889a37d6a0e814d4bb06700115a4e3d	16207b8357b5b06dd8641d7fc15c3425679c83d7d9b8dcff88d7efaa0e9f15e9	de1478add228d8d81ed5d7366f380bc863ae8fb039602a41d1d11d0870e8333e	8b7d0cb6bc70b73d	-	{α : Type} → Except Minidregg.Kernel.ObjectiveActivity.Refusal α → Except Minidregg.Kernel.ObjectiveActivityReceiver.Reject α
def	Minidregg.Kernel.ObjectiveActivityReceiver.marker	609adae9e56dd2d317238c283e0d4e705bfce3207617350de8af4a7eb5e44ba6	8bc38af3f32de4d204747ba3e86a87b09f321f933c8e72868a67c52b70eaf632	4f849dd8b1eabf966fe945f2b93dfa396a9799c5b5fc2adfbbcb450448d3ff96	1f40d2644db1fdd1	Classical.choice,Quot.sound,propext	Minidregg.Theory.TypedAuthorization.Digest → Minidregg.Theory.TypedAuthorization.Digest → Minidregg.Kernel.ObjectiveActivityReceiver.Command → ℕ
def	Minidregg.Kernel.ObjectiveActivityReceiver.messageRequest	3a77b2976b2d182a123788bde513753c057c42573c0b8aeeafedccddf4374685	4302b4f673d3c8bd8dbfe326ca63273c38aa2a055232ce6eb8f422f233dc382d	490f7e2a22b3037ffc79ef1e0afbddde49defebf418e978181f5e7eb3ad01ebc	62e4b8f2c7c54246	-	Minidregg.Kernel.ObjectiveActivityReceiver.Command → ℕ → ℕ → Minidregg.Theory.TypedAuthorization.Digest → Minidregg.Kernel.ObjectiveSend.MessageRequest
def	Minidregg.Kernel.ObjectiveActivityReceiver.migrateRequest	5b1ec8d372c93aa5086432cc82f169e695509c9a571241be2f8b80ec770874a8	d55fde248e5f99089ae98fa6daf42b84905ee75cab863a8a21724bd3b3633b2d	ac952ce36474ab51f32cf9fc21119cb9721034b3b5ff62be3590875422163823	9b3579a6409c88d9	-	Minidregg.Kernel.ObjectiveActivityReceiver.Command → ℕ → ℕ → Minidregg.Kernel.ObjectiveActivity.MigrateRequest
theorem	Minidregg.Kernel.ObjectiveActivityReceiver.native_birth_on_pinned_object	6a3eca637887fb2afd227f3212c12e1553a40e6511abda1e3a468e8af1d80bed	bfda6238d5c260b5ca395cf41cbd434a6fdb91157dc5363ff1d563fc40e680a3	65a9b7ea2de330e73197a8b89dbaace15a00e226edf98da21387def0f2a6e3a1	fba52c7d25495ce3	Classical.choice,Quot.sound,propext	∀ {F : Type} [inst : Field F] {deployment : Minidregg.Kernel.ObjectiveActivityReceiver.Deployment} {profile : Minidregg.Compiler.CanonicalRuntimeProfile.Profile F} {ambient : Minidregg.Kernel.ObjectiveKernelConfig.Ambient} {durable : Minidregg.Kernel.ObjectiveActivityReceiver.Durable} [inst_1 : DecidableEq F] {ingress : Minidregg.Kernel.ObjectiveActivityReceiver.DecodedIngress} (accepted : Minidregg.Kernel.ObjectiveActivityReceiver.Accepted deployment profile ambient durable ingress) {request : Minidregg.Kernel.ObjectiveActivity.BirthRequest} {born : Minidregg.Kernel.ObjectiveActivity.Birth accepted.prepared.config durable.snapshot ambient.height request} {signed : request.predecessor = Option.none}, accepted.prepared.decided = Minidregg.Kernel.ObjectiveActivity.AdmittedTurn.birth request signed born → ∃ object, Minidregg.Kernel.ObjectiveActivity.readObject accepted.prepared.config durable.snapshot request.object = Except.ok (Option.some object) ∧ object.activePin = request.pin
theorem	Minidregg.Kernel.ObjectiveActivityReceiver.native_delivery_consumes_once	ecd0c12e927742e7302ebac1e664dbdfba986173f7d6ae31157fb903396b83cc	3230d30af8e46e03799a6f1926a68f873e21aeca04632cb80a78cd03d4d4c674	24c7a22da917a0c8a8003644d4ae5f6bd2d34fc131805d82e0009069dcc2cc16	01d6d42be6ea4a46	Classical.choice,Quot.sound,propext	∀ {F : Type} [inst : Field F] {deployment : Minidregg.Kernel.ObjectiveActivityReceiver.Deployment} {profile : Minidregg.Compiler.CanonicalRuntimeProfile.Profile F} {ambient : Minidregg.Kernel.ObjectiveKernelConfig.Ambient} {durable : Minidregg.Kernel.ObjectiveActivityReceiver.Durable} [inst_1 : DecidableEq F] {ingress : Minidregg.Kernel.ObjectiveActivityReceiver.DecodedIngress} (accepted : Minidregg.Kernel.ObjectiveActivityReceiver.Accepted deployment profile ambient durable ingress) {request : Minidregg.Kernel.ObjectiveActivity.DeliverRequest} {delivery : Minidregg.Kernel.ObjectiveActivity.Delivery accepted.prepared.config durable.snapshot ambient.height request}, accepted.prepared.decided = Minidregg.Kernel.ObjectiveActivity.AdmittedTurn.deliver request delivery → ∀ {next : Minidregg.Kernel.DurableDataIntent.DataSnapshot Minidregg.Compiler.ResourceBirthCodec.rootBytes}, Minidregg.Kernel.DurableDataIntent.execute Minidregg.Kernel.DurableCommitProtocol.Schedule.complete durable.snapshot (Minidregg.Kernel.ObjectiveActivityReceiver.intent accepted) = Minidregg.Kernel.DurableDataIntent.Outcome.accepted next → (∀ (later : Minidregg.Kernel.DurableDataIntent.DataIntent Minidregg.Compiler.ResourceBirthCodec.rootBytes), Minidregg.Kernel.ObjectiveActivity.awaitClaim delivery.await.id ∈ later.nullifiers → ∀ (schedule : Minidregg.Kernel.DurableCommitProtocol.Schedule) (after : Minidregg.Kernel.DurableDataIntent.DataSnapshot Minidregg.Compiler.ResourceBirthCodec.rootBytes), Minidregg.Kernel.DurableDataIntent.execute schedule next later ≠ Minidregg.Kernel.DurableDataIntent.Outcome.accepted after) ∧ ∀ (schedule : Minidregg.Kernel.DurableCommitProtocol.Schedule), Minidregg.Kernel.DurableDataIntent.execute schedule next (Minidregg.Kernel.ObjectiveActivityReceiver.intent accepted) = Minidregg.Kernel.DurableDataIntent.Outcome.replayed (Minidregg.Kernel.ObjectiveActivityReceiver.intent accepted).erase
theorem	Minidregg.Kernel.ObjectiveActivityReceiver.native_delivery_fields_bind_checkpoint	40dfc1e97d7edcfd722422e08691add12f39dbd3ee3455f86859b2703e436507	33aca3322232ab1a94b1fbad2c02afc7c4b9b5726278a7f4668ce2ca3dec0e69	06d3b888740392fca7dc177080f56918d3ae306edc524f5bc29fe369a2164362	4941cb094d2cb109	Classical.choice,Quot.sound,propext	∀ {F : Type} [inst : Field F] {deployment : Minidregg.Kernel.ObjectiveActivityReceiver.Deployment} {profile : Minidregg.Compiler.CanonicalRuntimeProfile.Profile F} {ambient : Minidregg.Kernel.ObjectiveKernelConfig.Ambient} {durable : Minidregg.Kernel.ObjectiveActivityReceiver.Durable} [inst_1 : DecidableEq F] {ingress : Minidregg.Kernel.ObjectiveActivityReceiver.DecodedIngress} (accepted : Minidregg.Kernel.ObjectiveActivityReceiver.Accepted deployment profile ambient durable ingress) {request : Minidregg.Kernel.ObjectiveActivity.DeliverRequest} {delivery : Minidregg.Kernel.ObjectiveActivity.Delivery accepted.prepared.config durable.snapshot ambient.height request}, accepted.prepared.decided = Minidregg.Kernel.ObjectiveActivity.AdmittedTurn.deliver request delivery → ∃ record state, Minidregg.Kernel.ObjectiveActivity.readRecord durable.snapshot request.record = Option.some record ∧ record.phase = Minidregg.Kernel.ObjectiveActivity.Phase.awaiting delivery.await ∧ delivery.await.id = Minidregg.Kernel.ObjectiveActivity.awaitId request.record record.generation (Minidregg.Kernel.ObjectiveActivityWire.checkpointDigest record.checkpoint) ∧ Minidregg.Kernel.ObjectiveActivityWire.decodeCheckpoint record.checkpoint = Option.some state ∧ Minidregg.Theory.ObjectiveBendDemandMachine.resume (Minidregg.Kernel.ObjectiveActivity.responseData delivery.settlement.decided delivery.view).term state = Option.some delivery.resumed
theorem	Minidregg.Kernel.ObjectiveActivityReceiver.native_end_closes_held_seats	3ba6c40b49893fb80b2a3d7f54effe4b57c0d119b075042155d33177baea7550	15b10a9907b0b40543b97b1b620bc249cbabe466457de2cebcc2a5ce3f078552	911e00d9e4fd8355a08025390d4982f00566c2c5450ddbf5bc36492eaa9e1a2f	16a916954f446642	Classical.choice,Quot.sound,propext	∀ {F : Type} [inst : Field F] {deployment : Minidregg.Kernel.ObjectiveActivityReceiver.Deployment} {profile : Minidregg.Compiler.CanonicalRuntimeProfile.Profile F} {ambient : Minidregg.Kernel.ObjectiveKernelConfig.Ambient} {durable : Minidregg.Kernel.ObjectiveActivityReceiver.Durable} [inst_1 : DecidableEq F] {ingress : Minidregg.Kernel.ObjectiveActivityReceiver.DecodedIngress} (accepted : Minidregg.Kernel.ObjectiveActivityReceiver.Accepted deployment profile ambient durable ingress) {record : ℕ} {pre : Minidregg.Kernel.ObjectiveActivity.BookCell} {posted : Minidregg.Kernel.ObjectiveActivity.Postings pre}, Minidregg.Kernel.ActivitySeatEnd.AdmittedTurn.ending accepted.prepared.decided = Option.some (record, ⟨pre, posted⟩) → Minidregg.Kernel.SeatStore.readHoldings durable.snapshot accepted.prepared.config.domain record ≠ [] → ∃ joined, accepted.prepared.final.1 = joined.rewrite (Minidregg.Kernel.ObjectiveActivity.AdmittedTurn.posts accepted.prepared.decided) ∧ (∀ seat ∈ Minidregg.Kernel.Seats.heldOpen (joined.held.loaded.world (posted.batch.apply (Minidregg.Theory.CanonicalResourceKernel.logicalBook pre.logical))) ambient.height record, ∀ after ∈ joined.held.next.seats, after.account ≠ seat.account) ∧ Minidregg.Kernel.Seats.Posts (Minidregg.Theory.CanonicalResourceKernel.logicalBook pre.logical) (Minidregg.Kernel.Seats.seqBatch posted.batch joined.held.batch) joined.held.next.book
def	Minidregg.Kernel.ObjectiveActivityReceiver.nullifier	3e679ebaf41b4d78bdacb751c0cb646d90d2c9edf95d656025dc44dfac11d11f	393f77fadfd991fb30ba60753a8febf3346446110908788e4e7287cc7e18b261	c5695149dd318146c0910332c0f6f0613569d639d54b6d5d5559fe7afdd4f2b2	86717dbd0899e7f8	Classical.choice,Quot.sound,propext	Minidregg.Theory.TypedAuthorization.Digest → Minidregg.Theory.TypedAuthorization.Digest → Minidregg.Kernel.ObjectiveActivityReceiver.Command → Minidregg.Kernel.DurableDataIntent.StableNullifier
def	Minidregg.Kernel.ObjectiveActivityReceiver.objectHolder	8b0a5f1e8c49e7a8ddb9f87af794fd3d5e3862f1065fe77f884a71229fa4fcc6	7be02649099059912ccdc6280e4119c787afeaf267d9ab0f62fd57e60599184a	3df169251dcf14fec3ad23481724fe414daace3a4303ca962ab45e97d720d18e	13e6f9ceb20de40c	Classical.choice,Quot.sound,propext	Minidregg.Kernel.ObjectiveActivityReceiver.Snapshot → Minidregg.Theory.TypedAuthorization.Digest → Minidregg.Kernel.ObjectiveKernelConfig.Ambient → Minidregg.Kernel.ObjectiveActivityReceiver.Command → ℕ → Minidregg.Theory.TypedAuthorization.CapabilityId → Minidregg.Theory.TypedAuthorization.Digest → Minidregg.Theory.TypedAuthorization.Digest → Bool
def	Minidregg.Kernel.ObjectiveActivityReceiver.outcomeDigest	16be0915971d5f618fc09fca901e50b1e04a3b59a5fef7d7c866cc156170485d	ec714776af2b02c14f411aca7a133ceac3308c48de03042a93bc7ec333f4032c	3840c50798e14663ab868637b81081a1dff25af7aeb57c1e2068d4a455850d4a	4496b456e52353a3	Classical.choice,Quot.sound,propext	List Minidregg.Kernel.ObjectiveActivityWire.Post → Minidregg.Theory.TypedAuthorization.Digest
def	Minidregg.Kernel.ObjectiveActivityReceiver.payment	880600d44c28b7b5111c5ae3f9e287de472e71e47af6f37cdcf3557e638bf650	5c3016081c5e87e814503da7135bf4f1ac037467fdceba1252fc79f813c65970	8c73e08d0ac03581d914c86aaab5494c50776c81d787831e6667c990c7477d9d	ea2aec2c9c39ef7f	propext	Minidregg.Kernel.ObjectiveActivity.Config → Minidregg.Kernel.ObjectiveActivityReceiver.Command → Option (ℕ × ℕ)
def	Minidregg.Kernel.ObjectiveActivityReceiver.physicalShapeDecidable	96cfb11c197c6dc8cf270349e4fd08819956df0047166cfbb50d67df6e8a43e7	a5e803b85714e0301a92daf2f1353d2eeb828e14a0f090c5a936ef59bb58730c	b9a28b8639d83a7d47c6df3c456d5dc8c681604b00ca703f81f23ee0bc0c44be	9446b800363b6e65	Classical.choice,Quot.sound,propext	{F : Type} → [inst : Field F] → {deployment : Minidregg.Kernel.ObjectiveActivityReceiver.Deployment} → {profile : Minidregg.Compiler.CanonicalRuntimeProfile.Profile F} → {ambient : Minidregg.Kernel.ObjectiveKernelConfig.Ambient} → {durable : Minidregg.Kernel.ObjectiveActivityReceiver.Durable} → {command : Minidregg.Kernel.ObjectiveActivityReceiver.Command} → (prepared : Minidregg.Kernel.ObjectiveActivityReceiver.Prepared deployment profile ambient durable command) → (ingress : Minidregg.Kernel.ObjectiveActivityReceiver.DecodedIngress) → Decidable (Minidregg.Kernel.ObjectiveActivityReceiver.PhysicalShape prepared ingress)
def	Minidregg.Kernel.ObjectiveActivityReceiver.planOutcome	296e334bfe647c005a1152d127438ed431caa3c5cdfe0bc5b3fb22f7fcf6406f	6b2c35fc2019150a0473b3ee83908eaaa3bc27a5b247246f5d2f65a9de37a141	dee03da73d88c612e87571c56df002563cb9fc4f45bc7d539a79c195ed69de6c	1d72d07544422517	Classical.choice,Quot.sound,propext	{F : Type} → [inst : Field F] → Minidregg.Kernel.ObjectiveActivityReceiver.Deployment → Minidregg.Compiler.CanonicalRuntimeProfile.Profile F → Minidregg.Kernel.ObjectiveKernelConfig.Ambient → Minidregg.Kernel.ObjectiveActivityReceiver.Durable → Minidregg.Kernel.ObjectiveActivityReceiver.Command → Minidregg.Theory.TypedAuthorization.Digest
def	Minidregg.Kernel.ObjectiveActivityReceiver.postStream	0aa7c9a25fd759755fbb17ea9e959f1da0a51e93ceaecbbc0295881068d2089c	1f4518b53361acf8f73319042104a29987b4f6ed6c80d6e599de5d44724467bf	b0d4313619a96af0d7b7efac97208dd3c41ef05b53dac957874bf7ade72867e3	a6bae553f55983de	Classical.choice,Quot.sound,propext	Minidregg.Compiler.Tower256ConcreteBackend.StreamCodec Minidregg.Kernel.ObjectiveActivityWire.Post
def	Minidregg.Kernel.ObjectiveActivityReceiver.prepare	ad465806b2e90a818e2f0412c0d3e731bc0cea798a23390766ff56a6e1a677c2	d307e0a3bb96526fc7a102c70e179af752dead840dba06c54872cbb1068a1306	a779f722706e787e8e78baf0e0317d467dd126de77f2bf781c295c3b76ba5327	42e4d1b68cf88c8b	Classical.choice,Quot.sound,propext	{F : Type} → [inst : Field F] → {deployment : Minidregg.Kernel.ObjectiveActivityReceiver.Deployment} → {profile : Minidregg.Compiler.CanonicalRuntimeProfile.Profile F} → {ambient : Minidregg.Kernel.ObjectiveKernelConfig.Ambient} → {durable : Minidregg.Kernel.ObjectiveActivityReceiver.Durable} → {command : Minidregg.Kernel.ObjectiveActivityReceiver.Command} → {claimed : Minidregg.Theory.TypedAuthorization.Digest} → Minidregg.Kernel.ObjectiveActivityReceiver.Gated deployment profile ambient durable command claimed → Except Minidregg.Kernel.ObjectiveActivityReceiver.Reject (Minidregg.Kernel.ObjectiveActivityReceiver.Prepared deployment profile ambient durable command)
def	Minidregg.Kernel.ObjectiveActivityReceiver.publishStream	f9c6138599aa3a4fe19ef7a954e7e39b5ac03fd3c9571e410161789e624e34e7	fc024eaf749bfa4759b646e62b268194a88f348cadf9e7e9f8f770c96e38466f	53f8cf59e69bf56d58fc0bc0eaa4829ca0e32ed442d2303e3b8d5fb846e8a1cc	d0c6825e58a8fc00	Classical.choice,Quot.sound,propext	Minidregg.Compiler.Tower256ConcreteBackend.StreamCodec Minidregg.Kernel.ObjectiveActivityReceiver.PublishWire
def	Minidregg.Kernel.ObjectiveActivityReceiver.receipt	698e061d5a637a3d2e036e636978c00c530a312dc9bc177fd8ba5a55cb3ef7c2	e431d15c2c34e69b05004c289793d898fb16ac1dabcfb40d2dac79faa830927f	1239668804ffbd0fa6a989a000b0b83a4bae8b0bffcf0ba6f5e58cf6c1ae6c4f	8ecc9691a25e6d30	Classical.choice,Quot.sound,propext	Minidregg.Theory.TypedAuthorization.Digest → Minidregg.Theory.TypedAuthorization.Digest → Minidregg.Kernel.ObjectiveActivityReceiver.DecodedIngress → Minidregg.Kernel.ObjectiveActivityReceiver.Receipt
def	Minidregg.Kernel.ObjectiveActivityReceiver.recordedDisposition	0ab2736fb4474384da2ce30afa994ba65b849eacdbcc42b07e6198449f1d9801	4f24936a890f9a5726a4f2ff44b633720ff010220718a5ceb52df7b27c36cea0	6082190cc2009ffc3e9668a9b6c7f1c9ae3624c282c848d141167e6a69247203	120dd48effae938d	Classical.choice,Quot.sound,propext	Minidregg.Kernel.DurableDataIntent.StableEvent → Option (Minidregg.Kernel.DurableDataIntent.StableEvent × Minidregg.Kernel.ObjectiveActivityReceiver.RecordedDisposition)
theorem	Minidregg.Kernel.ObjectiveActivityReceiver.recordedDisposition_event	091ce61cd7209a37081a6464d004aa3ade598d6263c298b4e7ddedd7b054b152	834a723995fc2c2d48bb8c12cdd41aa11314c0429ea11d367bc5cbc68dbba326	35bd1127bc22f0980e49416ecf36db5ea725130caee5a5e810ce4a79f9997348	cf0460066e9a4029	Classical.choice,Quot.sound,propext	∀ (domain semantics : Minidregg.Theory.TypedAuthorization.Digest) (ingress : Minidregg.Kernel.ObjectiveActivityReceiver.DecodedIngress), Minidregg.Kernel.ObjectiveActivityReceiver.recordedDisposition (Minidregg.Kernel.ObjectiveActivityReceiver.event domain semantics ingress) = Option.some (Minidregg.Kernel.ObjectiveActivityReceiver.event domain semantics ingress, Minidregg.Kernel.ObjectiveActivityReceiver.RecordedDisposition.confirmed)
theorem	Minidregg.Kernel.ObjectiveActivityReceiver.recordedDisposition_failedEvent	80fdfd986f7f590f71515961de1ad452697d5160cd869c93bcee4868c6bdb9d9	fef93ca02f1fa1287fad803543d1d93d023997543846beb4ebc2ca9241ae85f6	e05ebf4bf63d3b5cf8844dbde88de92ed2b42bf4f44dbf920a3d2d7ebbb18323	4599a613724cd721	Classical.choice,Quot.sound,propext	∀ (domain semantics : Minidregg.Theory.TypedAuthorization.Digest) (ingress : Minidregg.Kernel.ObjectiveActivityReceiver.DecodedIngress) (cause : Minidregg.Kernel.ObjectiveActivityReceiver.Reject), Minidregg.Kernel.ObjectiveActivityReceiver.recordedDisposition (Minidregg.Kernel.ObjectiveActivityReceiver.failedEvent (Minidregg.Kernel.ObjectiveActivityReceiver.event domain semantics ingress) cause) = Option.some (Minidregg.Kernel.ObjectiveActivityReceiver.event domain semantics ingress, Minidregg.Kernel.ObjectiveActivityReceiver.RecordedDisposition.charged cause)
def	Minidregg.Kernel.ObjectiveActivityReceiver.recordedEventStream	61addfd6caea6c59d6e4c73e8ee583c5bc3f312a101f5f28ea8d3ef25542271f	d47960a31bac97ed26bdf07574c94a5258dbf9bbb25874217d84c55608ad15c3	36a62949f1a9087ef6d17998c0ece05f561a2aabad3d9a074b19eeec38fc52ab	99c17395910e8ecc	Classical.choice,Quot.sound,propext	Minidregg.Compiler.Tower256ConcreteBackend.StreamCodec Minidregg.Kernel.DurableDataIntent.StableEvent
def	Minidregg.Kernel.ObjectiveActivityReceiver.recordedFailureCodec	9e513ef1b309682e33fd3d4b08eb39102aa28e1f6397ce3d20c05c34ee05e390	b3a59617e7dc068ab47b95d49cf011c3d7b7670923dad542fc7afe9c750aa170	f1ea3e435f3fec9570b9b88594a1659a7c97253281ec616690417fecca5e7277	def3bbf03ac4225c	Classical.choice,Quot.sound,propext	Minidregg.Theory.IndexedProgram.LawfulCodec Minidregg.Kernel.ObjectiveActivityReceiver.RecordedFailure
theorem	Minidregg.Kernel.ObjectiveActivityReceiver.recordedFailureCodec_v1_refuses	f3aa96daae35ff3074fa001dca3d72ba1afd1f9ba7129ecd86dc117999beb94c	000893007eebfd4eed599fd74034d6411cdaea27c1d8bcc743651412054f219a	e37ad8871cc2b0f8be891a4df1e40c47b5f469b5e06b78e68cb86db90ea87a86	d8bd6d5acdf9ab5b	Classical.choice,Quot.sound,propext	∀ (body : List UInt8), Minidregg.Kernel.ObjectiveActivityReceiver.recordedFailureCodec.decode ("DREGG/OBJECTIVE/ACTIVITY/RECORDED-FAILURE/v1".toUTF8.toList ++ body) = Option.none
def	Minidregg.Kernel.ObjectiveActivityReceiver.recordedFailureStream	2f82d30d17e378e704a090730d15919e5f2e42475e40b75d10d00d8256afc9bb	f38cbc0ea82162ad6e2c67d4b9fd7ddb2dbb0d4f34f5e4e4f7c2af2c8ac6c517	6f7070b9fc31a97f1dd3adcc491cc8b2af937880bc79683c264346582283db6e	601bb5c29ea4efe2	Classical.choice,Quot.sound,propext	Minidregg.Compiler.Tower256ConcreteBackend.StreamCodec Minidregg.Kernel.ObjectiveActivityReceiver.RecordedFailure
def	Minidregg.Kernel.ObjectiveActivityReceiver.registerRequest	0b466e6e8a4b8d43d1dd78ccb7e56300e21082c553550a76cbbdb7bf6d9a88f4	95b8932127ff2469df50d89653edb3563c78171176a71253f4a6b2f989cc04fa	88437ed5b774c3262c108bf981f425e1a021056ac0cb19f6313366cd147147a6	a4808f5427e1ea72	-	Minidregg.Kernel.ObjectiveActivityReceiver.Command → List (ℕ × Minidregg.Theory.TypedAuthorization.CapabilityId) → Minidregg.Pred.Pred → ℕ → Minidregg.Compiler.ObjectiveInvocationClaim.Capacity → Minidregg.Kernel.ObjectiveActivity.RegisterRequest
def	Minidregg.Kernel.ObjectiveActivityReceiver.registerStream	853db915d9d37fffdaa8d9d728152361ac7b999c5bf7f26e5d4d77ae9ac328b8	f00cb2ecdfabf94d88a7d200515c1b6c1861bbbe73cd6593a1635dececcbfdbc	8fc985b30d91e92b5cf023837d1d3c797ba20c7f38f6f31d9724caebd2586f54	641cb0fc04da5fb8	Classical.choice,Quot.sound,propext	Minidregg.Compiler.Tower256ConcreteBackend.StreamCodec Minidregg.Kernel.ObjectiveActivityReceiver.RegisterWire
def	Minidregg.Kernel.ObjectiveActivityReceiver.rejectCodec	e25ee37a8cd5c188174691416926ac4f3458c9f336b368b1ccd7224cc77db0ab	30c7154b3285f7ed2193619399a7924aacbd986e746624688acd092b556ef462	506eeaecd7b35efd3c9c4a0a4f1a56f6e1f1f7f3e2a4e81c7d0c7df1a81f343c	bc8572b5eda40ca2	Classical.choice,Quot.sound,propext	Minidregg.Theory.IndexedProgram.LawfulCodec Minidregg.Kernel.ObjectiveActivityReceiver.Reject
theorem	Minidregg.Kernel.ObjectiveActivityReceiver.rejectCodec_injective	efc8d67d744657fe76168d1bc911852babb56cfecce6ba1e33c8a4e676887de3	ada894cb8a33015a30ac61184ddf58a25efa866e001ff50a5ac0e2e46d9d7c3f	ee76b1ddbaa6b0061d8245587effe3ca353e03aaf8a58427dc1d414b01724bed	dc84fc6df0a956c1	Classical.choice,Quot.sound,propext	Function.Injective Minidregg.Kernel.ObjectiveActivityReceiver.rejectCodec.encode
theorem	Minidregg.Kernel.ObjectiveActivityReceiver.rejectCodec_roundtrip	c4db5f605a08d3473165acd75591cead4b4b06ae56298fd0e9d8264cde97af15	5a4afab7ab5c9139ff00fafe97608a38dc9d079faa5e43246b3113a04595ad41	9a80b81c091c2f05b9a839b49b3cee7d05628598f9c1c86a0e369a1c99be187c	5efc45d78eea69c1	Classical.choice,Quot.sound,propext	∀ (cause : Minidregg.Kernel.ObjectiveActivityReceiver.Reject), Minidregg.Kernel.ObjectiveActivityReceiver.rejectCodec.decode (Minidregg.Kernel.ObjectiveActivityReceiver.rejectCodec.encode cause) = Option.some cause
theorem	Minidregg.Kernel.ObjectiveActivityReceiver.rejectCodec_v1_refuses	329248bdfa9838ea13af458c9d78d651f37e0bbae818ca1f5fba12bbc5418e47	20ac70d58005f3ebaff8d150468b87e68d3867db4c839dcc634cbe90b616db09	99211a1f45e025763d260d256344f35d71ac1f8c544b46804ec48b71c8c08853	8676a360e5d54632	Classical.choice,Quot.sound,propext	∀ (body : List UInt8), Minidregg.Kernel.ObjectiveActivityReceiver.rejectCodec.decode ("DREGG/OBJECTIVE/ACTIVITY/REJECT/v1".toUTF8.toList ++ body) = Option.none
def	Minidregg.Kernel.ObjectiveActivityReceiver.rejectStream	d3751a4f27c17b9afbae5dbf7f55daf7b63084e2c63be475bc2907aa9038b590	d52c0cd2286c9ef3108d94122ef045764090f9824244a4242bd02b4dd1a80eb6	c308e43135525b0129f56b91207f1854c2751632c4b42fe03e341a194938ff19	5afa6dd5bb300e7b	Classical.choice,Quot.sound,propext	Minidregg.Compiler.Tower256ConcreteBackend.StreamCodec Minidregg.Kernel.ObjectiveActivityReceiver.Reject
theorem	Minidregg.Kernel.ObjectiveActivityReceiver.rejectStream_prefix_roundtrip	1ca9dcb8091e698c4dd77f447bb3f87cfd3179f5a970bc772ec5429dbd5ce612	249efa3bf9d0b2da655f769b393b4ad153dbea338ebbff77402e7c2657730299	617ac7204f2b90915b65ab7baa4993393a742300b14da80a4e8e8218366075d1	a1c48b295745dc54	Classical.choice,Quot.sound,propext	∀ (cause : Minidregg.Kernel.ObjectiveActivityReceiver.Reject) (suffix : List UInt8), Minidregg.Kernel.ObjectiveActivityReceiver.rejectStream.decodePrefix (Minidregg.Kernel.ObjectiveActivityReceiver.rejectStream.encode cause ++ suffix) = Option.some (cause, suffix)
def	Minidregg.Kernel.ObjectiveActivityReceiver.replay	402cacdabc4da4a9af233695de11ab46c512adbf36304ea144c34bf300181c9e	647024136b80ed72388449ccb7bc58243480d7f50324aa9a1cb5b9ed7e6c440c	e2449fdfa4d9b9b9d96a8e113ae8bb68c9255897baeed01f24d590db3ca3d50b	840e1737e8ce2366	Classical.choice,Quot.sound,propext	Minidregg.Theory.TypedAuthorization.Digest → Minidregg.Theory.TypedAuthorization.Digest → Minidregg.Kernel.ObjectiveActivityReceiver.Durable → Minidregg.Kernel.ObjectiveActivityReceiver.DecodedIngress → Option (Except Unit Minidregg.Kernel.ObjectiveActivityReceiver.Replayed)
def	Minidregg.Kernel.ObjectiveActivityReceiver.replayAnswer	f23b7172f6d6f1f59b1eadd35830687f8d16d02b1f026cb6551a1e1a8fea163b	63ffb0c28db9f610f4562157d02dba11633e4f32254ee8f89343040f82c48751	b48bc8247b0b15cfd843356136175926a32e3f04f2ee784d8e65fae8cb6a8a62	b7c63ca04e922298	-	Except Minidregg.Kernel.ObjectiveActivityReceiver.Reject Unit → Minidregg.Kernel.ObjectiveActivityReceiver.Replayed → Minidregg.Kernel.ObjectiveActivityReceiver.Result
theorem	Minidregg.Kernel.ObjectiveActivityReceiver.replayAnswer_preserves_recorded_disposition	633e884d1b5f2839ac1b79b1b3325cda5f00835001b9b67751300949b0b2d6ca	87a66ce39419dfe85d7d4916d8cc33c4906e5bdd81d8430e041a34c9abe59600	744025d6db8bdee3b61162f7ab9854730bc7ca90f54fdfd00a8eafb7f3efab4f	e2e3c50abc75d3db	-	∀ (prior : Minidregg.Kernel.ObjectiveActivityReceiver.Receipt) (disposition : Minidregg.Kernel.ObjectiveActivityReceiver.RecordedDisposition), Minidregg.Kernel.ObjectiveActivityReceiver.AnswersRecorded prior disposition (Minidregg.Kernel.ObjectiveActivityReceiver.replayAnswer (Except.ok ()) (Minidregg.Kernel.ObjectiveActivityReceiver.Replayed.exact prior disposition)) ∧ Minidregg.Kernel.ObjectiveActivityReceiver.AnswersRecorded prior disposition (Minidregg.Kernel.ObjectiveActivityReceiver.replayAnswer (Except.ok ()) (Minidregg.Kernel.ObjectiveActivityReceiver.Replayed.retry prior disposition))
theorem	Minidregg.Kernel.ObjectiveActivityReceiver.replay_exact	ff10e4113f011aa0cb3d5dc28ccc9754b677ff88236f51d263fe42a4cd608c46	4f3e23f672722d4756c0fd0ff3977605a2c045c6991f8506253cd2fd4b4786b6	ac4eb2790f9f90315f529c1fe4923135c310cc18c7029159c8131e8b1465dadb	72f6250496114c33	Classical.choice,Quot.sound,propext	∀ {domain semantics : Minidregg.Theory.TypedAuthorization.Digest} {durable : Minidregg.Kernel.ObjectiveActivityReceiver.Durable} {ingress : Minidregg.Kernel.ObjectiveActivityReceiver.DecodedIngress} {recorded : Minidregg.Kernel.DurableCommitProtocol.Intent Minidregg.Theory.TypedAuthorization.Digest Minidregg.Kernel.DurableDataIntent.CellId Minidregg.Kernel.DurableDataIntent.StableNullifier Minidregg.Kernel.DurableDataIntent.ReplayEnvelope} {disposition : Minidregg.Kernel.ObjectiveActivityReceiver.RecordedDisposition}, Minidregg.Kernel.DurableCommitProtocol.Snapshot.lookupRecorded (Minidregg.Kernel.ObjectiveActivityReceiver.transactionId domain semantics ingress) durable.snapshot.model.journal = Option.some recorded → recorded.transactionId = Minidregg.Kernel.ObjectiveActivityReceiver.transactionId domain semantics ingress → Minidregg.Kernel.ObjectiveActivityReceiver.recordedDisposition recorded.event.event = Option.some (Minidregg.Kernel.ObjectiveActivityReceiver.event domain semantics ingress, disposition) → Minidregg.Kernel.ObjectiveActivityReceiver.replay domain semantics durable ingress = Option.some (Except.ok (Minidregg.Kernel.ObjectiveActivityReceiver.Replayed.exact (Minidregg.Kernel.ObjectiveActivityReceiver.receipt domain semantics ingress) disposition))
theorem	Minidregg.Kernel.ObjectiveActivityReceiver.replay_invoke_recorded	8e52f7f73a66a0677285c8074d9378f2eb13e609ec17307052df1821c42b29b8	a63ddf4caed10e4c7500a15c3b1753d44bfedfcca49fae32137337504e3cb92f	015fb7aafd235b0f8ac4f068f3eccf45ca484d8bdf8de244512d57d3e1444270	529f5f091c267704	Classical.choice,Quot.sound,propext	∀ {domain semantics : Minidregg.Theory.TypedAuthorization.Digest} {durable : Minidregg.Kernel.ObjectiveActivityReceiver.Durable} {ingress : Minidregg.Kernel.ObjectiveActivityReceiver.DecodedIngress} {recorded : Minidregg.Kernel.DurableCommitProtocol.Intent Minidregg.Theory.TypedAuthorization.Digest Minidregg.Kernel.DurableDataIntent.CellId Minidregg.Kernel.DurableDataIntent.StableNullifier Minidregg.Kernel.DurableDataIntent.ReplayEnvelope} {source : Minidregg.Kernel.DurableDataIntent.StableEvent} {disposition : Minidregg.Kernel.ObjectiveActivityReceiver.RecordedDisposition}, Minidregg.Kernel.DurableCommitProtocol.Snapshot.lookupRecorded (Minidregg.Kernel.ObjectiveActivityReceiver.transactionId domain semantics ingress) durable.snapshot.model.journal = Option.some recorded → recorded.transactionId = Minidregg.Kernel.ObjectiveActivityReceiver.transactionId domain semantics ingress → Minidregg.Kernel.ObjectiveActivityReceiver.recordedDisposition recorded.event.event = Option.some (source, disposition) → source ≠ Minidregg.Kernel.ObjectiveActivityReceiver.event domain semantics ingress → ingress.command.isInvoke = Bool.true → Minidregg.Kernel.ObjectiveActivityReceiver.replay domain semantics durable ingress = Option.some (Except.ok (Minidregg.Kernel.ObjectiveActivityReceiver.Replayed.retry { transactionId := recorded.transactionId, eventId := source.eventId } disposition))
theorem	Minidregg.Kernel.ObjectiveActivityReceiver.replay_routes_recorded_disposition	e3ebb832268bbec929a83b5a3a7073ba6ae816b459e82833c35c4166fa33dacb	69d8d1483b97472dd21559644e94a13bea29702d66eac4e093f4e7b8f637169c	88eb2420c1a77cf06bafda51d46a7967277c752cb4ec7bc0ea5f192ec5ded835	b6b3177442852b45	Classical.choice,Quot.sound,propext	∀ {domain semantics : Minidregg.Theory.TypedAuthorization.Digest} {durable : Minidregg.Kernel.ObjectiveActivityReceiver.Durable} {ingress : Minidregg.Kernel.ObjectiveActivityReceiver.DecodedIngress} {recorded : Minidregg.Kernel.DurableCommitProtocol.Intent Minidregg.Theory.TypedAuthorization.Digest Minidregg.Kernel.DurableDataIntent.CellId Minidregg.Kernel.DurableDataIntent.StableNullifier Minidregg.Kernel.DurableDataIntent.ReplayEnvelope} {source : Minidregg.Kernel.DurableDataIntent.StableEvent} {disposition : Minidregg.Kernel.ObjectiveActivityReceiver.RecordedDisposition}, Minidregg.Kernel.DurableCommitProtocol.Snapshot.lookupRecorded (Minidregg.Kernel.ObjectiveActivityReceiver.transactionId domain semantics ingress) durable.snapshot.model.journal = Option.some recorded → recorded.transactionId = Minidregg.Kernel.ObjectiveActivityReceiver.transactionId domain semantics ingress → Minidregg.Kernel.ObjectiveActivityReceiver.recordedDisposition recorded.event.event = Option.some (source, disposition) → (source = Minidregg.Kernel.ObjectiveActivityReceiver.event domain semantics ingress → Minidregg.Kernel.ObjectiveActivityReceiver.replay domain semantics durable ingress = Option.some (Except.ok (Minidregg.Kernel.ObjectiveActivityReceiver.Replayed.exact { transactionId := recorded.transactionId, eventId := source.eventId } disposition)) ∧ Minidregg.Kernel.ObjectiveActivityReceiver.AnswersRecorded { transactionId := recorded.transactionId, eventId := source.eventId } disposition (Minidregg.Kernel.ObjectiveActivityReceiver.replayAnswer (Except.ok ()) (Minidregg.Kernel.ObjectiveActivityReceiver.Replayed.exact { transactionId := recorded.transactionId, eventId := source.eventId } disposition))) ∧ (source ≠ Minidregg.Kernel.ObjectiveActivityReceiver.event domain semantics ingress → ingress.command.isInvoke = Bool.true → Minidregg.Kernel.ObjectiveActivityReceiver.replay domain semantics durable ingress = Option.some (Except.ok (Minidregg.Kernel.ObjectiveActivityReceiver.Replayed.retry { transactionId := recorded.transactionId, eventId := source.eventId } disposition)) ∧ Minidregg.Kernel.ObjectiveActivityReceiver.AnswersRecorded { transactionId := recorded.transactionId, eventId := source.eventId } disposition (Minidregg.Kernel.ObjectiveActivityReceiver.replayAnswer (Except.ok ()) (Minidregg.Kernel.ObjectiveActivityReceiver.Replayed.retry { transactionId := recorded.transactionId, eventId := source.eventId } disposition)))
def	Minidregg.Kernel.ObjectiveActivityReceiver.requestAt	5d931434ef0735683eefde56c84fef71f3b32942256c613dd14b5e84d30b242e	83202cd61ddf938cc46f9e66ed99655ea12430c0b214f90cf23ecb7f2c21e1d0	8d94f70562fdb1e6d904f8501952ae9dca6a5009c177d2a308b8727069bec992	6de335cbd2b0b68f	Classical.choice,Quot.sound,propext	Minidregg.Kernel.ObjectiveActivityReceiver.Snapshot → Minidregg.Theory.TypedAuthorization.Digest → Minidregg.Kernel.ObjectiveKernelConfig.Ambient → Minidregg.Kernel.ObjectiveActivityReceiver.Command → Minidregg.Theory.TypedAuthorization.ResourceKind → ℕ → Minidregg.Theory.TypedAuthorization.Digest → Minidregg.Theory.TypedAuthorization.Digest → Minidregg.Theory.PackedEffectRequest
def	Minidregg.Kernel.ObjectiveActivityReceiver.requireSome	a2c9793584cd5d34da4e9513bd0196a006fb7fd4fe12f0c0cabdff6cedc87cd6	b125449d88dea309b5e7ecfc923c05a1fd633f95f66a00e9d265dc41338c7f8c	e7eea224aff2c9ac69c1d96bbd57120f2cd470e015f15811a800f61b195e8be8	2e6abfdc13333aca	-	{A : Type} → Minidregg.Kernel.ObjectiveActivityReceiver.Reject → Option A → Except Minidregg.Kernel.ObjectiveActivityReceiver.Reject A
def	Minidregg.Kernel.ObjectiveActivityReceiver.retiredAt	586768bc753345068f6f35779cde411128bc5b7c4f206d58316c1e2f8f8b0296	5b23fc4cc669decc49d21ac398518eed386e0a983fc853aa6b2c86696c9ef82b	7d5c2ebbcac5f5204300b325d0e29927e865f25d3ab44677a1542eff58306215	7d009dd68c1f1b1a	Classical.choice,Quot.sound,propext	Minidregg.Kernel.DurableDataIntent.DataWrite → Bool
def	Minidregg.Kernel.ObjectiveActivityReceiver.retryAnswer	cfdd9305df7f2a50487fd906fd21f486a2a87fc5b190d4f4f0277c992e805aca	df299602c5c1f2b77720b2d9c37f320b83d56d62e0a65842e9f1cb040874c9b4	872cb85aa1dd5827913ce5bbc83f68e7936d1999b8602b3e562e2e696460d918	6ad2bc3b204da896	-	Except Minidregg.Kernel.ObjectiveActivityReceiver.Reject Unit → Minidregg.Kernel.ObjectiveActivityReceiver.Receipt → Minidregg.Kernel.ObjectiveActivityReceiver.RecordedDisposition → Minidregg.Kernel.ObjectiveActivityReceiver.Result
def	Minidregg.Kernel.ObjectiveActivityReceiver.retrySnapshot	a6cfea2f932d539bb5fca1cb674f43d44501b6ca2e374325789c86efd9441fec	05401f3a128f1ba2dac9bc42eb7be94630c73ff754d2cf5d713344e0225e2518	cb5996ed18d70cb8fb36b963532fbf5db473cc5cef0e30d49034f89a0a9ed086	9801e7d08aee000b	Classical.choice,Quot.sound,propext	Minidregg.Compiler.CredentialAuthorityDomain.Snapshot → ℕ → Minidregg.Compiler.CredentialAuthorityDomain.Snapshot
theorem	Minidregg.Kernel.ObjectiveActivityReceiver.retry_unverified_refused	a4074fa60cc3d26dfec759fb42630bd7020de17b5f6b3324e4cc3e97568ded7e	4cf48e4abf9a5e19f4245f6fbc2692b960c011db6c1102bf93e8040a5187b364	3d3c39056d9c53c72fb1e68d0c67036975ee281ac2e32f76f7863b8994a64ffd	05f784e2ce9d0cbe	propext	∀ (reason : Minidregg.Kernel.ObjectiveActivityReceiver.Reject) (prior : Minidregg.Kernel.ObjectiveActivityReceiver.Receipt) (disposition : Minidregg.Kernel.ObjectiveActivityReceiver.RecordedDisposition), Minidregg.Kernel.ObjectiveActivityReceiver.retryAnswer (Except.error reason) prior disposition = Minidregg.Kernel.ObjectiveActivityReceiver.Result.rejected reason ∧ (∀ (kind : Minidregg.Compiler.DurableReceiverIO.Confirmation) (receipt : Minidregg.Kernel.ObjectiveActivityReceiver.Receipt), Minidregg.Kernel.ObjectiveActivityReceiver.retryAnswer (Except.error reason) prior disposition ≠ Minidregg.Kernel.ObjectiveActivityReceiver.Result.confirmed kind receipt) ∧ ∀ (kind : Minidregg.Compiler.DurableReceiverIO.Confirmation) (receipt : Minidregg.Kernel.ObjectiveActivityReceiver.Receipt) (cause : Minidregg.Kernel.ObjectiveActivityReceiver.Reject), Minidregg.Kernel.ObjectiveActivityReceiver.retryAnswer (Except.error reason) prior disposition ≠ Minidregg.Kernel.ObjectiveActivityReceiver.Result.charged kind receipt cause
def	Minidregg.Kernel.ObjectiveActivityReceiver.sealAt	945f1381d588ce390a9c1bda402302c1d34a223e60d3b526b9750590bab5f23e	daba592c2ffca8682f3187facc064e80f7edaa12d3fb2b3efc56baf8df9f9842	849b45fcfcf9083daaf58be53ed460c33e17d070b96cc5c17281ac58261891cd	c342c6fa3df58a0e	Classical.choice,Quot.sound,propext	{F : Type} → [inst : Field F] → {deployment : Minidregg.Kernel.ObjectiveActivityReceiver.Deployment} → {profile : Minidregg.Compiler.CanonicalRuntimeProfile.Profile F} → {durable : Minidregg.Kernel.ObjectiveActivityReceiver.Durable} → Minidregg.Compiler.CredentialAuthorityDomainReceiver.Loaded deployment durable.snapshot → Minidregg.Kernel.ObjectiveActivityReceiver.Command → Minidregg.Kernel.ObjectiveActivityReceiver.DecodedIngress → Minidregg.Kernel.ObjectiveActivityWire.Seal
def	Minidregg.Kernel.ObjectiveActivityReceiver.seatCellAt	1c205a8ea2540d7ca7053810e0318224b844292b0857c5c54ab36658419ec38b	4167a8c220f268b9e99f3a7475afbdd8b7a7fe504540bb1c590460e15c1b9717	c60cc232236746930e3f294f6f4e18a555b336cb952553e7ed9539e2a1e9e9c2	76a3d62da5a0546d	Classical.choice,Quot.sound,propext	Minidregg.Kernel.ObjectiveActivityReceiver.Deployment → Minidregg.Kernel.DurableDataIntent.DataWrite → Bool
def	Minidregg.Kernel.ObjectiveActivityReceiver.signedRequest	fac9dee0ab269f0a5264734bd04e9b01feb9c90ee2bd5e9838a4f602ed2148c9	5943dd5bb04c9b4028e841998c19ef2b231f7e2510513b4e706886c67acdc074	c09c08fa2a5c92b7143f0ad3a553f36888690ee505f8280d2ebe8165346db96c	dd9206a8f32531e3	Classical.choice,Quot.sound,propext	Minidregg.Kernel.ObjectiveActivityReceiver.Snapshot → Minidregg.Theory.TypedAuthorization.Digest → Minidregg.Kernel.ObjectiveKernelConfig.Ambient → Minidregg.Kernel.ObjectiveActivityReceiver.Command → Minidregg.Theory.TypedAuthorization.Digest → Minidregg.Theory.TypedAuthorization.Digest → Minidregg.Theory.PackedEffectRequest
def	Minidregg.Kernel.ObjectiveActivityReceiver.signedTarget	ff92121377fd962e920124d5fc715203078a71153741a518ba144f77cb33a9c8	392e5ab706c91358eb82cae9fff0d2d155f382679adcd2859bdfe6fa03963515	74e5b9ee3a24f4cec9c7ccd97a64d96fb1995e1a6df455312ee809dbebc8c534	4cf377ae66ac43c4	Classical.choice,Quot.sound,propext	Minidregg.Theory.TypedAuthorization.Digest → Minidregg.Kernel.ObjectiveActivityReceiver.Command → Minidregg.Theory.TypedAuthorization.ResourceKind × ℕ
theorem	Minidregg.Kernel.ObjectiveActivityReceiver.stranger_birth_refused	36e91693daa2e33f160cbb72eb978015eda31a8fd8efb40cb74ff24a6aea2b0c	fd35de6bd18a764ca47a722df1a295436e741b2c8f771130744e71d4ffd73120	ca91ae5ca18fab1f76b97804d6b7fe256a431f5ad0d3cb1188f509c488133ebf	2ef19987ac601a89	Classical.choice,Quot.sound,propext	∀ {ambient : Minidregg.Kernel.ObjectiveKernelConfig.Ambient} {command : Minidregg.Kernel.ObjectiveActivityReceiver.Command} {snapshot : Minidregg.Kernel.ObjectiveActivityReceiver.Snapshot} {semantics : Minidregg.Theory.TypedAuthorization.Digest} {object account deposit : ℕ} {envelope resume timeout : Minidregg.Compiler.ObjectiveInvocationClaim.Capacity} {objectCapability accountCapability : Minidregg.Theory.TypedAuthorization.CapabilityId} {pin : Minidregg.Theory.TypedAuthorization.Digest} {input : List UInt8} {preRoot outcome : Minidregg.Theory.TypedAuthorization.Digest}, command.turn = Minidregg.Kernel.ObjectiveActivityReceiver.Turn.birth object objectCapability account accountCapability pin input envelope resume timeout deposit → Minidregg.Kernel.ObjectiveActivityReceiver.objectHolder snapshot semantics ambient command object objectCapability preRoot outcome = Bool.false → Minidregg.Kernel.ObjectiveActivityReceiver.authorized snapshot semantics ambient command preRoot outcome = Except.error Minidregg.Kernel.ObjectiveActivityReceiver.Reject.notObjectHolder
def	Minidregg.Kernel.ObjectiveActivityReceiver.transactionId	312a02e100e773ebef38479783a49ac703876200b68691dd61e221156a9fca6c	0d3c6c9a14d06f82988c18ef75404dc869280cd934c5eacbb9052618787eefe4	dedd522a308dbda81a2942b1faa0b9fa63e4593632deb9d6fefddd1fb562ed36	22e70f62dcfcb2b2	Classical.choice,Quot.sound,propext	Minidregg.Theory.TypedAuthorization.Digest → Minidregg.Theory.TypedAuthorization.Digest → Minidregg.Kernel.ObjectiveActivityReceiver.DecodedIngress → Minidregg.Theory.TypedAuthorization.Digest
def	Minidregg.Kernel.ObjectiveActivityReceiver.transactionOf	3350a719a7ee6ea07887d2d494c685715cc760b567fc94dd75249234af4e8612	1bdfbe7e19e02724c0d58985ebdf302466398dbfb2a63c73fb9f72cd4b7f791a	64b9446f34271814d3694fd26248c55fda0189181324eca754d80f3935ad2200	7dcbd2ed63826720	Classical.choice,Quot.sound,propext	Minidregg.Kernel.ObjectiveActivityReceiver.Command → Option Minidregg.Kernel.DurableDataIntent.TransactionId
def	Minidregg.Kernel.ObjectiveActivityReceiver.turnStream	3f7111497740261cd06cede4dd6c446b479cd69a905a148d685240c872b8df12	f60676af0ae75da931ef681a5ec883e1486382e47e4b5839f4ef236638e5ad6c	e0a984799f98ee24f6245be5d7d317fc5b35accce4d6c18486ed9769ad633062	d648d9f46a886f9c	Classical.choice,Quot.sound,propext	Minidregg.Compiler.Tower256ConcreteBackend.StreamCodec Minidregg.Kernel.ObjectiveActivityReceiver.Turn
theorem	Minidregg.Kernel.ObjectiveActivityReceiver.unfunded_not_gated	af06f638ce097e5168573f32d56236abfad262a04c722e00a3047bd63b5908e0	c0648e5534de99a547897fefef5ef53c5212e002da6218d30e58cd5ea06bc7db	75e4a5a0461a75efaacdd28057918eaacb8ea30e07c11ebf4e0781994c7e2ef5	dc9efb485b4159e0	Classical.choice,Quot.sound,propext	∀ {F : Type} [inst : Field F] {deployment : Minidregg.Kernel.ObjectiveActivityReceiver.Deployment} {profile : Minidregg.Compiler.CanonicalRuntimeProfile.Profile F} {ambient : Minidregg.Kernel.ObjectiveKernelConfig.Ambient} {durable : Minidregg.Kernel.ObjectiveActivityReceiver.Durable} {command : Minidregg.Kernel.ObjectiveActivityReceiver.Command} {claimed : Minidregg.Theory.TypedAuthorization.Digest} {config : Minidregg.Kernel.ObjectiveActivity.Config} {reason : Minidregg.Kernel.ObjectiveActivityReceiver.Reject}, Minidregg.Kernel.ObjectiveKernelConfig.configOf deployment profile ambient = Except.ok config → Minidregg.Kernel.ObjectiveActivityReceiver.funding config durable command = Except.error reason → ¬Nonempty (Minidregg.Kernel.ObjectiveActivityReceiver.Gated deployment profile ambient durable command claimed)
def	Minidregg.Kernel.ObjectiveActivityReceiver.verbFor	b1376a437870bdd14b7c5fc3094f5f8961cbaf5fd1b0e261bbd36285a6fc3798	b60c02040d543f12050872095323a30c260dc3f1aee129861cb90ffb04d8e737	1a39b7e073a519a8dd4fccbe93d09aa280a513526ef4806f6a2ba0467fef411d	6e6e44d021e7a5b4	-	(kind : Minidregg.Theory.TypedAuthorization.ResourceKind) → Minidregg.Theory.TypedAuthorization.Verb kind
def	Minidregg.Kernel.ObjectiveActivityReceiver.verifyRetry	f19970242bf9259792f9a02f5da7bba9a7c5ec6af74acfca386064dece8bd4c3	0a3f20b45f84d5398d75f851bfc642710b2425f2b503f9f1ca55e2d8fb38d6e3	553cf7ad4fdda84eacb193200b98db72fe51a378d90764663c82ecbdd44653e0	05d6e39fe2c80d28	Classical.choice,Quot.sound,propext	{F : Type} → [inst : Field F] → Minidregg.Kernel.ObjectiveActivityReceiver.Deployment → Minidregg.Compiler.CanonicalRuntimeProfile.Profile F → Minidregg.Kernel.ObjectiveKernelConfig.Ambient → Minidregg.Compiler.CredentialSignatureIO.NativeConfig → Minidregg.Kernel.ObjectiveActivityReceiver.Durable → Minidregg.Kernel.ObjectiveActivityReceiver.DecodedIngress → IO (Except Minidregg.Kernel.ObjectiveActivityReceiver.Reject Unit)
ctor	private Minidregg.Kernel.ObjectiveActivityReceiver.Accepted.mk @Kernel.ObjectiveActivityReceiverCore	f8152533e9f0384080c1368481b72d48251ba3f6dd02d895fbe6141e8355d16a	3b41aa7bd43f627d4a2f99859534dc8dcbefd656cb25514265e4a75d4a3467a7	69727e67ebd8ad5bcae1393652ce798524231469a6edc862a34e45312e8dc81b	a031aebb4c1d78fd		{F : Type} → [inst : Field F] → [inst_1 : DecidableEq F] → {deployment : Minidregg.Kernel.ObjectiveActivityReceiver.Deployment} → {profile : Minidregg.Compiler.CanonicalRuntimeProfile.Profile F} → {ambient : Minidregg.Kernel.ObjectiveKernelConfig.Ambient} → {durable : Minidregg.Kernel.ObjectiveActivityReceiver.Durable} → {ingress : Minidregg.Kernel.ObjectiveActivityReceiver.DecodedIngress} → (gated : Minidregg.Kernel.ObjectiveActivityReceiver.Gated deployment profile ambient durable ingress.command ingress.ingress.outcome) → (receipt : Minidregg.Compiler.CredentialSignatureAdmission.CheckedSignature gated.authority.snapshot) → receipt.envelopeBytes = ingress.ingress.envelope → (prepared : Minidregg.Kernel.ObjectiveActivityReceiver.Prepared deployment profile ambient durable ingress.command) → Minidregg.Kernel.ObjectiveActivityReceiver.prepare gated = Except.ok prepared → Minidregg.Kernel.ObjectiveActivityReceiver.PhysicalShape prepared ingress → Minidregg.Kernel.ObjectiveActivityReceiver.Accepted deployment profile ambient durable ingress
def	private Minidregg.Kernel.ObjectiveActivityReceiver.CallRefusalTerminal.refusal @Kernel.ObjectiveActivityReceiverCore	1697b907a45165aea1d93a79bc0b6343fc864bfea6d58ce036e211a1cfeca04a	3622093ea3427af039bbf0aea45e908145fff3369b43f9a11832d3c8dc6832d1	8d9c7baeaea9e92665b2830d39cbe6dfecf46d5db71ecc097afa91e545816658	f1dd9e93151d39f3	-	Minidregg.Kernel.ObjectiveActivityReceiver.CallRefusalTerminal → Minidregg.Kernel.ObjectiveCall.CallRefusal
ctor	private Minidregg.Kernel.ObjectiveActivityReceiver.DecodedIngress.mk @Kernel.ObjectiveActivityReceiverCore	cf5ced48a3c3e662d9d350d2b39028eca154e1daeb675ac0a3b1e3467dbcc451	602c0978dd7003f058abad40247fe67e2175769314ba62ebbda5a7840034db96	f5061f09ebb0859779459f419eb714cd8b170e4d8fd28680e531db4753389d98	dfe0081cf9a259b4		(ingress : Minidregg.Kernel.ObjectiveActivityReceiver.Ingress) → (command : Minidregg.Kernel.ObjectiveActivityReceiver.Command) → Minidregg.Kernel.ObjectiveActivityReceiver.commandCodec.encode command = ingress.commandBytes → (envelope : Minidregg.Kernel.CredentialSignedEnvelopeController.SignedEnvelope) → Minidregg.Compiler.CredentialSignatureAdmission.canonicalEnvelopeCodec.decode ingress.envelope = Option.some envelope → Minidregg.Kernel.ObjectiveActivityReceiver.DecodedIngress
ctor	private Minidregg.Kernel.ObjectiveActivityReceiver.Failed.mk @Kernel.ObjectiveActivityReceiverCore	cedc34f9cd27d0452f5e4c9ce3a8507ff78fcb9a48214d21f40c17822a8135da	d2eae14c6c8cbad2193feb0d3fc1d3600b52eba335f5e042a954ee6686782e6e	a28e9e0021a97061918fb12af20d55f5dcdc522419dd639e9966d964dd14346b	d0d2a1e1525b14b2		{F : Type} → [inst : Field F] → [inst_1 : DecidableEq F] → {deployment : Minidregg.Kernel.ObjectiveActivityReceiver.Deployment} → {profile : Minidregg.Compiler.CanonicalRuntimeProfile.Profile F} → {ambient : Minidregg.Kernel.ObjectiveKernelConfig.Ambient} → {durable : Minidregg.Kernel.ObjectiveActivityReceiver.Durable} → {ingress : Minidregg.Kernel.ObjectiveActivityReceiver.DecodedIngress} → (gated : Minidregg.Kernel.ObjectiveActivityReceiver.Gated deployment profile ambient durable ingress.command ingress.ingress.outcome) → (receipt : Minidregg.Compiler.CredentialSignatureAdmission.CheckedSignature gated.authority.snapshot) → receipt.envelopeBytes = ingress.ingress.envelope → (cause : Minidregg.Kernel.ObjectiveActivityReceiver.Reject) → Minidregg.Kernel.ObjectiveActivityReceiver.prepare gated = Except.error cause → Minidregg.Kernel.ObjectiveActivityReceiver.chargedCause cause = Bool.true → (request : Minidregg.Kernel.ObjectiveActivity.FailureRequest) → Minidregg.Kernel.ObjectiveActivityReceiver.failureRequest deployment.domain profile.semantics ingress.command = Option.some request → (failure : Minidregg.Kernel.ObjectiveActivity.ChargedFailure gated.config durable.snapshot request) → (final : List Minidregg.Kernel.ObjectiveActivityWire.Post × List Minidregg.Kernel.DurableDataIntent.ReadGuard) → Minidregg.Kernel.ActivitySeatEnd.finish gated.config durable.snapshot ambient.height (Minidregg.Kernel.ObjectiveActivity.AdmittedTurn.failed request failure) = Except.ok final → Minidregg.Kernel.ObjectiveActivityReceiver.IntentShape deployment durable (Minidregg.Kernel.ObjectiveActivityReceiver.failedIntent gated.authority gated.config ingress cause request failure final) → Minidregg.Kernel.ObjectiveActivityReceiver.Failed deployment profile ambient durable ingress
ctor	private Minidregg.Kernel.ObjectiveActivityReceiver.Gated.mk @Kernel.ObjectiveActivityReceiverCore	c9cf7de663e87107117c85fca5d9266b37b5f80bb975ab791defbd46c786ca0e	1e20498ab3b3c2fff1987504ff21ad0e32a95a2205c1a07f19b5b005d79fd49e	f6270b11bcbd5657849692b7ec94949938de339ccc9ddad79e5b1bd7e1bf0ffa	5cf40d9ef329c1f4		{F : Type} → [inst : Field F] → {deployment : Minidregg.Kernel.ObjectiveActivityReceiver.Deployment} → {profile : Minidregg.Compiler.CanonicalRuntimeProfile.Profile F} → {ambient : Minidregg.Kernel.ObjectiveKernelConfig.Ambient} → {durable : Minidregg.Kernel.ObjectiveActivityReceiver.Durable} → {command : Minidregg.Kernel.ObjectiveActivityReceiver.Command} → {claimed : Minidregg.Theory.TypedAuthorization.Digest} → Minidregg.Compiler.CredentialAuthorityDomainReceiver.LoadedDirectory durable → (authority : Minidregg.Compiler.CredentialAuthorityDomainReceiver.Loaded deployment durable.snapshot) → (config : Minidregg.Kernel.ObjectiveActivity.Config) → Minidregg.Kernel.ObjectiveKernelConfig.configOf deployment profile ambient = Except.ok config → (preRoot : Minidregg.Theory.TypedAuthorization.Digest) → preRoot = durable.snapshot.model.roots { value := (Minidregg.Kernel.ObjectiveActivityReceiver.signedTarget deployment.domain command).2 } → Minidregg.Kernel.ObjectiveActivityReceiver.authorized authority.snapshot profile.semantics ambient command preRoot claimed = Except.ok () → Minidregg.Kernel.ObjectiveActivityReceiver.funding config durable command = Except.ok () → Minidregg.Kernel.ObjectiveActivityReceiver.Gated deployment profile ambient durable command claimed
ctor	private Minidregg.Kernel.ObjectiveActivityReceiver.Prepared.mk @Kernel.ObjectiveActivityReceiverCore	c062025f1e071185fce4c39bedfe5773a9a0a8ebbe8776bd48b63c53d3a7a0a0	5b6dbb7ed0a9a4c272ce1fd730eec4f9092908911ad6b1f4676c8f8ed0ab027e	40f247604037ce999c29c60295d8384ca22b22dac907adff689070d1e01c7d45	b02cb0c3a34e32cc		{F : Type} → [inst : Field F] → {deployment : Minidregg.Kernel.ObjectiveActivityReceiver.Deployment} → {profile : Minidregg.Compiler.CanonicalRuntimeProfile.Profile F} → {ambient : Minidregg.Kernel.ObjectiveKernelConfig.Ambient} → {durable : Minidregg.Kernel.ObjectiveActivityReceiver.Durable} → {command : Minidregg.Kernel.ObjectiveActivityReceiver.Command} → Minidregg.Compiler.CredentialAuthorityDomainReceiver.LoadedDirectory durable → (authority : Minidregg.Compiler.CredentialAuthorityDomainReceiver.Loaded deployment durable.snapshot) → (config : Minidregg.Kernel.ObjectiveActivity.Config) → Minidregg.Kernel.ObjectiveKernelConfig.configOf deployment profile ambient = Except.ok config → (decided : Minidregg.Kernel.ObjectiveActivityReceiver.Decided config durable.snapshot ambient.height command) → Minidregg.Kernel.ObjectiveActivityReceiver.decideTurn config durable.snapshot ambient.height command = Except.ok decided → (preRoot : Minidregg.Theory.TypedAuthorization.Digest) → preRoot = durable.snapshot.model.roots { value := (Minidregg.Kernel.ObjectiveActivityReceiver.signedTarget deployment.domain command).2 } → (final : List Minidregg.Kernel.ObjectiveActivityWire.Post × List Minidregg.Kernel.DurableDataIntent.ReadGuard) → Minidregg.Kernel.ActivitySeatEnd.finish config durable.snapshot ambient.height decided = Except.ok final → (outcome : Minidregg.Theory.TypedAuthorization.Digest) → outcome = Minidregg.Kernel.ObjectiveActivityReceiver.outcomeDigest final.1 → Minidregg.Kernel.ObjectiveActivityReceiver.authorized authority.snapshot profile.semantics ambient command preRoot outcome = Except.ok () → Minidregg.Kernel.ObjectiveActivityReceiver.Prepared deployment profile ambient durable command
def	private Minidregg.Kernel.ObjectiveActivityReceiver.activityRefusalStream @Kernel.ObjectiveActivityReceiverCore	349a1f511a1fbb45fd5c7fc1e58a25a03a1ad57f11686ea5e970b00f1b1c2f05	4913c01a019cb7a827ee386c62f5804e934c3ecac11c0bef4856774aa579eee3	2db31e909f223ca75a1fdf052f12814d21020fc2129a7462f9bf6b6d9d5adc11	cc8c2cd80e85743a	Classical.choice,Quot.sound,propext	Minidregg.Compiler.Tower256ConcreteBackend.StreamCodec Minidregg.Kernel.ObjectiveActivity.Refusal
theorem	private Minidregg.Kernel.ObjectiveActivityReceiver.activityRefusalStream_stateRetired_encode @Kernel.ObjectiveActivityReceiverCore	2e065d4247104faf89d46aa359760b3c3343eeeb5a880b5a2c0223deb9d6de38	0e017e34de4512626ce1b3487290dcd8503201e3c25aca0556d482361a9d9fdf	4b38e31c9929783b64909de60531e7f47663decdcfb786b6035dd34eea75a5c7	c3a7dc74ea06e66f	Classical.choice,Quot.sound,propext	Minidregg.Kernel.ObjectiveActivityReceiver.activityRefusalStream✝.encode Minidregg.Kernel.ObjectiveActivity.Refusal.stateRetired = [2]
theorem	private Minidregg.Kernel.ObjectiveActivityReceiver.activityRefusalStream_stateRetired_prefix @Kernel.ObjectiveActivityReceiverCore	54fd470ac1c53f402b48697fdcf606f8fab3ea82c88252edbd8af56e4f47cf24	107c6a8aa6a0cb0a92a12f261da8936150a46550f2a62ccc90b93594f0409228	84a29362820fa9c592d6bbc03608e5300272fc89f6d93190c9a4c026b1ffd9d5	1027ec23e411118e	Classical.choice,Quot.sound,propext	∀ (suffix : List UInt8), Minidregg.Kernel.ObjectiveActivityReceiver.activityRefusalStream✝.decodePrefix (2 :: suffix) = Option.some (Minidregg.Kernel.ObjectiveActivity.Refusal.stateRetired, suffix)
def	private Minidregg.Kernel.ObjectiveActivityReceiver.bookRefusalStream @Kernel.ObjectiveActivityReceiverCore	47f696b67b51eaa42eb39ee419c35e28d02033b1627179e8228e178a67a6543a	6ab9984fe429ba3f68df03c3c606ec8ce827a512dfc75f338c35018452040e0d	c2b1b849fcf500d2c0c335f901a39eb2ee9b2e861734f36685cbb96cbad92966	a853cc993c0854d2	Classical.choice,Quot.sound,propext	Minidregg.Compiler.Tower256ConcreteBackend.StreamCodec Minidregg.Kernel.Seats.BookRefusal
def	private Minidregg.Kernel.ObjectiveActivityReceiver.callRefusalTerminalStream @Kernel.ObjectiveActivityReceiverCore	2042172c88da53befc858c8f75a96315f9a9d9f6250e07571e91d25e769e977c	c1f1ca9acea37f2786a29a4b66a5c5b1af8467f807b6207f93c53c9ea5dcc933	3d0c5b3dcaf6cb8ef886496280a64c37b5dacbad346066a5a28e15a0e898d09c	4b5fbb5d5f5a67a3	Classical.choice,Quot.sound,propext	Minidregg.Compiler.Tower256ConcreteBackend.StreamCodec Minidregg.Kernel.ObjectiveActivityReceiver.CallRefusalTerminal
def	private Minidregg.Kernel.ObjectiveActivityReceiver.frontEndStream @Kernel.ObjectiveActivityReceiverCore	21b1bb993cd77d1280a55ae6bccc7749456f34adf8954ad97ba813402bc1bde2	c530cdd534bada238dd5992b447fcd32a45694c865bbd13f6d76fb9d9bd0958f	20f4264c30c7a1078b15333db6e632f76653d1c156b127186c69bf5b32b1d956	e7d564e8720133d1	Classical.choice,Quot.sound,propext	Minidregg.Compiler.Tower256ConcreteBackend.StreamCodec Minidregg.Kernel.ObjectiveCall.FrontEnd
def	private Minidregg.Kernel.ObjectiveActivityReceiver.grantFieldStream @Kernel.ObjectiveActivityReceiverCore	52f2c308bc54994b475384da76ee32172b66b2224e9ccea2cb7fa003e495a926	d3bd0e3c228c9f09a24cfc608d58587c07c79b4bdfc7de5914ca31d9f00cd500	736cbbbdea5ea83e681700b1b9534601b72c57b96003d7f3f63992e5d8212495	2f480e47225d0270	propext	Minidregg.Compiler.Tower256ConcreteBackend.StreamCodec Minidregg.Kernel.ObjectiveCall.GrantField
def	private Minidregg.Kernel.ObjectiveActivityReceiver.invitationRefusalStream @Kernel.ObjectiveActivityReceiverCore	62e75f4f2d44002987a40a70bf049adb7f54ce054ece351ba255118eb826eb13	9915af5dbd5b085df786ce06bd721c97ed2993b0004d5a878cd6dd0bb717d07e	1686166b984baa6765d47295688d98c8879b8ce8b150c4c0e4eb936a8d55ff19	c36869c054aeca1e	Classical.choice,Quot.sound,propext	Minidregg.Compiler.Tower256ConcreteBackend.StreamCodec Minidregg.Kernel.Invitations.Refusal
def	private Minidregg.Kernel.ObjectiveActivityReceiver.joinCallRefusal @Kernel.ObjectiveActivityReceiverCore	16d323719116880ba4f3d9ed1a7349db817c34c8f14c2bd70b3fb958ecc2feb5	e97d78ab92bf642d347f13ba0a96d0512a9f4d724a4dbc1f2c3e17cc6973397d	81b3041692853a31a03eb530b843ca49f335529f3def9d0382b315deef06c88c	b1591df2fe7c60e9	-	List (ℕ × ℕ) × Minidregg.Kernel.ObjectiveActivityReceiver.CallRefusalTerminal → Minidregg.Kernel.ObjectiveCall.CallRefusal
def	private Minidregg.Kernel.ObjectiveActivityReceiver.joinWriteRefusal @Kernel.ObjectiveActivityReceiverCore	e4506f7a1ae1431c23cacc4d5b4b7bee45e509150e6ca663f6e40c7c53c35704	1d55aca49c25a296a0394a6d38b367cb4c86b7688c6e39039c39aa5459056bd6	d565809f7271dcc59d97bbddff4f4c8f81856aec2c577826f4264c20c42021a1	bcb355220b5826a7	-	ℕ → Unit ⊕ Unit ⊕ Minidregg.Compiler.LawLeaf ⊕ Unit → Minidregg.Kernel.ObjectRecord.WriteRefusal
theorem	private Minidregg.Kernel.ObjectiveActivityReceiver.join_split_callRefusal @Kernel.ObjectiveActivityReceiverCore	2250ed3fa7d7c61d6a0f7a27d1409ad107c4302b80e0689acf1104b2888740a7	dbdff0376324eb5289d1bacccce763baa3410f5165efad3a6cdbb99107a602d3	8a0fffa66ee7704ed0236d756a7c6534a62e891f7f49232a504f9edf28d26200	6edeb7c70bcbe598	-	∀ (reason : Minidregg.Kernel.ObjectiveCall.CallRefusal), Minidregg.Kernel.ObjectiveActivityReceiver.joinCallRefusal✝ (Minidregg.Kernel.ObjectiveActivityReceiver.splitCallRefusal✝ reason) = reason
theorem	private Minidregg.Kernel.ObjectiveActivityReceiver.join_split_writeRefusal @Kernel.ObjectiveActivityReceiverCore	93655a451d06e352b2a512412c5097a51576450aaebdbee4531c662bc71f4bca	01616cecf1c99c5d6af7c0bd9936ace2629d0deb2a1aaebb60009e008bb02405	822a15e0e0fd86355c40698c55c5affd658f4ab25c9470462862cac7c2c3f3de	6d11f5f28b81d2ef	-	∀ (reason : Minidregg.Kernel.ObjectRecord.WriteRefusal), Minidregg.Kernel.ObjectiveActivityReceiver.joinWriteRefusal✝ (Minidregg.Kernel.ObjectiveActivityReceiver.splitWriteRefusal✝ reason).1 (Minidregg.Kernel.ObjectiveActivityReceiver.splitWriteRefusal✝ reason).2 = reason
def	private Minidregg.Kernel.ObjectiveActivityReceiver.messageRefusalStream @Kernel.ObjectiveActivityReceiverCore	441cb8aa3cf3a51bcc6d1ea6552553baef8f40d79c1994e3ef02644c421b71a5	a71bf6cb44f78bfdee97e4ccc1906ddc5a9d172b0d3e552f058e83bde63024fd	c452dde3a183e3727a49a60ea883ec61e090d824aef21c621b20e57838362584	77f271caa36cc190	Classical.choice,Quot.sound,propext	Minidregg.Compiler.Tower256ConcreteBackend.StreamCodec Minidregg.Kernel.ObjectiveSend.MessageRefusal
def	private Minidregg.Kernel.ObjectiveActivityReceiver.seatRefusalStream @Kernel.ObjectiveActivityReceiverCore	6b40c2d0af91b77ea0679293b0fcb1a17ef421396165d2ed5694f12b4e4a0402	f59c9de928f86f569e0199eed5952560eeb8ec3a25f4ea035da3832247136dbb	212d09351dcc023b79dee1ec9df25345468ebebd959e88b44e95673b1f79f0d3	d4c8463f7d90fb90	Classical.choice,Quot.sound,propext	Minidregg.Compiler.Tower256ConcreteBackend.StreamCodec Minidregg.Kernel.Seats.Refusal
def	private Minidregg.Kernel.ObjectiveActivityReceiver.seatStoreRefusalStream @Kernel.ObjectiveActivityReceiverCore	854bfcf1de4a22416acec3dd8860cbdf088e3b7b4e3e5f30c8dd0b5e015941df	a2bed11bb6a7aab9350a43588ba913c45ae47679088b08810ac150f5b44c09b8	c448ad8176bfec9cd64ccca9da003cf72b57905ca59f88e621a59bf934a6e953	7a6d4b2e7ce64ada	Classical.choice,Quot.sound,propext	Minidregg.Compiler.Tower256ConcreteBackend.StreamCodec Minidregg.Kernel.SeatStore.Refusal
def	private Minidregg.Kernel.ObjectiveActivityReceiver.signatureErrorStream @Kernel.ObjectiveActivityReceiverCore	b07f11763185ca0d6972893dab43e7d0f9a09c1a84f2b0572052b543cc49d473	00ba106a1d9bb374ecfcaa395b25ca3c62448d69f2526f61ba202793f7e7404d	2ea4aad7f501a5871a103177b8e5bee41a83df55f9d1deb56ea46fc6bb3f1b4e	324bfe0a8d046aca	Classical.choice,Quot.sound,propext	Minidregg.Compiler.Tower256ConcreteBackend.StreamCodec Minidregg.Compiler.CredentialSignatureIO.Error
def	private Minidregg.Kernel.ObjectiveActivityReceiver.signatureFailureStream @Kernel.ObjectiveActivityReceiverCore	8450088a1c938c859d2003e8b6081d1ee72e01310f69475060187e77d3af77d0	53561c828bf466f1ff05a2033894b026ae8b641a0cea906cbbc20ced0922e244	338bca8f52ded90881f0f07a044fec0662c41cc4b12379100492fc9980c06ec4	d7e57b0a03ffe9d2	Classical.choice,Quot.sound,propext	Minidregg.Compiler.Tower256ConcreteBackend.StreamCodec (Minidregg.Kernel.CredentialSignedEnvelopeController.Failure Minidregg.Compiler.CredentialSignatureIO.Error)
def	private Minidregg.Kernel.ObjectiveActivityReceiver.signatureRejectStream @Kernel.ObjectiveActivityReceiverCore	f29030ffc64a73e96392f1fec63bb976cc23288259ff60e02187e8393ac39d05	024065fb6af747f2d9e9e54099410266c12b1baa6521e3ff0492eaa06fd98f4b	34c3a7747a0ff0d9fb26bacbea00725ae804b7f8d396b3bf7f646f76ee1fa811	df9964f22f1dd6e1	Classical.choice,Quot.sound,propext	Minidregg.Compiler.Tower256ConcreteBackend.StreamCodec Minidregg.Compiler.CredentialSignatureAdmission.Reject
def	private Minidregg.Kernel.ObjectiveActivityReceiver.slotRefusalStream @Kernel.ObjectiveActivityReceiverCore	73d8c12efd77663ed287032e8b4a162da9f5e96af4d7eb70d7a5486d3950f883	4c6feeab2fca001dc5477f81ff7a67d565945152b1970fe8164eb6f3a32854f0	11182246dc2b8ca90c103b1b879916dceb6ffad93f634134fd989bfb7f307917	7b34c72a053e720e	Classical.choice,Quot.sound,propext	Minidregg.Compiler.Tower256ConcreteBackend.StreamCodec Minidregg.Kernel.AnswerSlot.Refusal
def	private Minidregg.Kernel.ObjectiveActivityReceiver.splitCallRefusal @Kernel.ObjectiveActivityReceiverCore	6b0c5c2874bb11d9a48eee2dd4192367395b8b4052447f18a69dbe2e80fa0405	710478fdf41c8fefe992d8c9dc2b6f99d106b709323a68c150bbf5b677e4b97d	327eebf0dc8f2ec45926ca198df9b2ebda2989846701910ca796afd446092fdc	a5d3b40e94a4409d	-	Minidregg.Kernel.ObjectiveCall.CallRefusal → List (ℕ × ℕ) × Minidregg.Kernel.ObjectiveActivityReceiver.CallRefusalTerminal
def	private Minidregg.Kernel.ObjectiveActivityReceiver.splitWriteRefusal @Kernel.ObjectiveActivityReceiverCore	098147ceb3969011c2074c33991805932f5c2d006fc0bd0e7dc0f0941e71b64c	8baf778115e3840fef2ec0c0049075fd48ce9a1334d2382f6c7b9ec42be62aea	ac7dd0d06a5fe83127eaea276e22669c23cdbd5f9637bda7ff57faa88ca75685	3f71a3c07324dd27	-	Minidregg.Kernel.ObjectRecord.WriteRefusal → ℕ × (Unit ⊕ Unit ⊕ Minidregg.Compiler.LawLeaf ⊕ Unit)
def	private Minidregg.Kernel.ObjectiveActivityReceiver.stageStream @Kernel.ObjectiveActivityReceiverCore	4d61bad5d7297fe7c6a3dfc76e7d1ac2557b751d478d4d61aed74a1eedaaabe8	fef7ca866a2075c554e39ae82bf5098581301d31d27388a3de9cb594d03cf18d	4a8ea38b1afa0a7229e0b540c0a2d0aacd62da251c06868b2e425fc2e910694d	dd92fda7c7a55313	propext	Minidregg.Compiler.Tower256ConcreteBackend.StreamCodec Minidregg.Kernel.ObjectiveWorkAccount.Stage
def	private Minidregg.Kernel.ObjectiveActivityReceiver.sumWithStateRetired @Kernel.ObjectiveActivityReceiverCore	49d248c86cc19b12b2d4efa3b6d36c3b2ebabe07a33bafeb9fc8c705f24fada9	da738ce5e80a809dbe1792458b88ab8b164787c1b26bcddc932c5ae890578fae	d02c7b1d5642f22bed1d1146983819b46c3b2f2cdc4d18ed7220ff9b7decdc56	1e3c876465206016	propext	{A B : Type} → Minidregg.Compiler.Tower256ConcreteBackend.StreamCodec A → Minidregg.Compiler.Tower256ConcreteBackend.StreamCodec B → Minidregg.Compiler.Tower256ConcreteBackend.StreamCodec ((A ⊕ B) ⊕ Unit)
theorem	private Minidregg.Kernel.ObjectiveActivityReceiver.sumWithStateRetired_existing @Kernel.ObjectiveActivityReceiverCore	c56d329243927d74c868669bb1207bd5277277bbe44e28f1435f144757f5e103	a866ea750abb5a4ec5b73a1d64c19111ca318cbc7b8dff05340fb898f0074ab2	5fe4575a2eb95d2b19997e07b6de551419039f79473121c8e6cfe463a97470b5	fbd74204a91ce457	propext	∀ {A B : Type} (left : Minidregg.Compiler.Tower256ConcreteBackend.StreamCodec A) (right : Minidregg.Compiler.Tower256ConcreteBackend.StreamCodec B) (value : A ⊕ B), (Minidregg.Kernel.ObjectiveActivityReceiver.sumWithStateRetired✝ left right).encode (Sum.inl value) = (left.sum right).encode value
def	private Minidregg.Kernel.ObjectiveActivityReceiver.transferStream @Kernel.ObjectiveActivityReceiverCore	47b5e7b800694ad8498e5a085959540a4eb840f6ea28ad92ebf1ec04ba001a45	c06c83089a80f03ed722c21ecff1f51cf14a93a0244c98678db60e24837b2147	9df1953c11fdecb326b762e864c21ddaeb4e16d93f4031242ab1070f93da68c1	ef9d48177c028d13	Classical.choice,Quot.sound,propext	Minidregg.Compiler.Tower256ConcreteBackend.StreamCodec Minidregg.Kernel.Seats.Transfer
def	private Minidregg.Kernel.ObjectiveActivityReceiver.uint32Stream @Kernel.ObjectiveActivityReceiverCore	6e6c960e0f6f99baa1a83049dc12e1c5afec38a84bb3375992d6980ec420c19d	9d60f7c11b28ff9f4a51492f7e382b5626d1c2069d550027b6cebbe16cb13523	29cb38fc717c49135aa6ede1d11a9d962cdeee54d289019ed91f93a17c1d443b	e6ccad486ba5468a	Classical.choice,Quot.sound,propext	Minidregg.Compiler.Tower256ConcreteBackend.StreamCodec UInt32
def	private Minidregg.Kernel.ObjectiveActivityReceiver.unitStream @Kernel.ObjectiveActivityReceiverCore	b325103430d7668d7cacee071c3a1717ccbe32bb8167aca573fceb0fccda747f	8a4d1ccdf192d4fc2304cbb8579ed59e61704fc77b17ea2bea46eec1c48fe89b	1d87af493785e41653e18369aeec3f9512650ffe699d17aaa63585040b8fa13d	aa850ee9539c1cf6	-	Minidregg.Compiler.Tower256ConcreteBackend.StreamCodec Unit
def	private Minidregg.Kernel.ObjectiveActivityReceiver.writeRefusalStream @Kernel.ObjectiveActivityReceiverCore	14cc922f3588468ab211e031c2fdf43240aa0b0ee7a816ff215fe0e6b7aa24ab	5d4ede9c2838a2e11b92c0dbb8e43fb27c096c6b73c55825f4f4e86c623fc35a	e6a5cf086ae38a85a04caa880abab76a991dbddedd0f45bf8e00c750bb5fb828	cc0e837b1aeca6f9	Classical.choice,Quot.sound,propext	Minidregg.Compiler.Tower256ConcreteBackend.StreamCodec Minidregg.Kernel.ObjectRecord.WriteRefusal
