# Kernel.PurseRefillReceiver: Objective contract manifest. Written by `scripts/check-objective-proofs.sh proofs --pin`;
# a removed or changed row needs a line in scripts/gates/objective-contract-changes.txt.
inductive	Minidregg.Kernel.PurseRefillReceiver.Accepted	407fcbf967ac978583e0012c31ac3bc46f8578856abd06f70bf2877c8f7a9b96	9bd4f724e97ec6022cd6da01a31b13697e0749babc0980b87e839ac1b1c00351	9b528e76c769582f407aa30db40a104c846c345dec6acb0bf4a6d4ca0ea1a4c6	4991fdba9f79fb7a		{F : Type} → [inst : Field F] → {deployment : Minidregg.Kernel.PurseRefillReceiver.Deployment} → {profile : Minidregg.Compiler.CanonicalRuntimeProfile.Profile F} → {ambient : Minidregg.Kernel.PurseRefillReceiver.Ambient} → {durable : Minidregg.Kernel.PurseRefillReceiver.Durable} → {command : Minidregg.Kernel.PurseRefillReceiver.Command} → [DecidableEq F] → Minidregg.Kernel.PurseRefillReceiver.Prepared deployment profile ambient durable command → Minidregg.Kernel.PurseRefillReceiver.DecodedIngress → Type
theorem	Minidregg.Kernel.PurseRefillReceiver.Accepted.envelopeExact	6fd69f090db7316b5829514956a1772271e4b6233a26846e4a7227aff9d3a746	24b85eda1860163619dc40cf5e4c4833cd5e04b64f09b190abb0cda8b7b642cc	b3d8eb7612dbeeace510526a0752835ee4a6e9d10dda8ef404f999474e41733a	64b438c56f902208	Classical.choice,Quot.sound,propext	∀ {F : Type} [inst : Field F] {deployment : Minidregg.Kernel.PurseRefillReceiver.Deployment} {profile : Minidregg.Compiler.CanonicalRuntimeProfile.Profile F} {ambient : Minidregg.Kernel.PurseRefillReceiver.Ambient} {durable : Minidregg.Kernel.PurseRefillReceiver.Durable} {command : Minidregg.Kernel.PurseRefillReceiver.Command} [inst_1 : DecidableEq F] {prepared : Minidregg.Kernel.PurseRefillReceiver.Prepared deployment profile ambient durable command} {ingress : Minidregg.Kernel.PurseRefillReceiver.DecodedIngress} (self : Minidregg.Kernel.PurseRefillReceiver.Accepted prepared ingress), self.receipt.envelopeBytes = ingress.ingress.envelope
def	Minidregg.Kernel.PurseRefillReceiver.Accepted.receipt	82abea907925463af0b2d5162c524ef2771c4e241ff029db26780fe5d9dfa339	0e11b9a2d5ba409a50cda3f3ee1427808f175503a03ae19de6e2ae3ad7d1cd11	f3da70aaf9f7e56e0416713aa02578033c6b5271a7dd756f5fac327fa53f3446	bb894bfa0d3e7590	Classical.choice,Quot.sound,propext	{F : Type} → [inst : Field F] → {deployment : Minidregg.Kernel.PurseRefillReceiver.Deployment} → {profile : Minidregg.Compiler.CanonicalRuntimeProfile.Profile F} → {ambient : Minidregg.Kernel.PurseRefillReceiver.Ambient} → {durable : Minidregg.Kernel.PurseRefillReceiver.Durable} → {command : Minidregg.Kernel.PurseRefillReceiver.Command} → [inst_1 : DecidableEq F] → {prepared : Minidregg.Kernel.PurseRefillReceiver.Prepared deployment profile ambient durable command} → {ingress : Minidregg.Kernel.PurseRefillReceiver.DecodedIngress} → Minidregg.Kernel.PurseRefillReceiver.Accepted prepared ingress → Minidregg.Compiler.CredentialSignatureAdmission.CheckedSignature prepared.authority.snapshot
def	Minidregg.Kernel.PurseRefillReceiver.Accepted.semantic	60b68f5adc25f0de9e2573dc0b6f1fc94a91d4b1b10bdc9882ffdee3d8e8675d	0316afe3d8ccd35027ab9429a9b456897272584c60e3b6c0d1412c4a0a47cd66	6197525d8c645bc494a957e1e450a6f121b0f52c01a93aebd2a84808d4d693e3	63ae1964543a23c9	Classical.choice,Quot.sound,propext	{F : Type} → [inst : Field F] → {deployment : Minidregg.Kernel.PurseRefillReceiver.Deployment} → {profile : Minidregg.Compiler.CanonicalRuntimeProfile.Profile F} → {ambient : Minidregg.Kernel.PurseRefillReceiver.Ambient} → {durable : Minidregg.Kernel.PurseRefillReceiver.Durable} → {command : Minidregg.Kernel.PurseRefillReceiver.Command} → [inst_1 : DecidableEq F] → {prepared : Minidregg.Kernel.PurseRefillReceiver.Prepared deployment profile ambient durable command} → {ingress : Minidregg.Kernel.PurseRefillReceiver.DecodedIngress} → Minidregg.Kernel.PurseRefillReceiver.Accepted prepared ingress → prepared.SemanticAccepted
inductive	Minidregg.Kernel.PurseRefillReceiver.AcceptedRefill	e665a95094adaeb671aa22124bef9fc9b440b6ea1b2e62ed0190a01478b9c8a5	d892dde1e5b65f9174ea1c068e6e479ffb74da9e387ce75408d2cdcd1a2bb860	50279995077e47151b3e64bbe3a5ef73b0f40200ae09eb11d10347cda4065e9f	9704c417ca45e959		{F : Type} → [inst : Field F] → [DecidableEq F] → Minidregg.Kernel.PurseRefillReceiver.Deployment → Minidregg.Compiler.CanonicalRuntimeProfile.Profile F → Minidregg.Kernel.PurseRefillReceiver.Ambient → Minidregg.Kernel.PurseRefillReceiver.Durable → Minidregg.Kernel.PurseRefillReceiver.DecodedIngress → Type
def	Minidregg.Kernel.PurseRefillReceiver.AcceptedRefill.accepted	a7bf2346f0e5ee8a50b8ca2488036cf9932dd0304f2ee605c1de5d48a522dee0	0d735e8a21c0720890338617965418179c8d662789ac8de42137aca710c44f1f	e7c3d026e0e81930c66f084d71bc8233a48d8986d7ff4dea8af0d8b61dd942bd	4b2cb4d7a73d49c7	Classical.choice,Quot.sound,propext	{F : Type} → [inst : Field F] → [inst_1 : DecidableEq F] → {deployment : Minidregg.Kernel.PurseRefillReceiver.Deployment} → {profile : Minidregg.Compiler.CanonicalRuntimeProfile.Profile F} → {ambient : Minidregg.Kernel.PurseRefillReceiver.Ambient} → {durable : Minidregg.Kernel.PurseRefillReceiver.Durable} → {ingress : Minidregg.Kernel.PurseRefillReceiver.DecodedIngress} → (self : Minidregg.Kernel.PurseRefillReceiver.AcceptedRefill deployment profile ambient durable ingress) → Minidregg.Kernel.PurseRefillReceiver.Accepted self.prepared ingress
theorem	Minidregg.Kernel.PurseRefillReceiver.AcceptedRefill.physical	7548b47e832dd3e0d29073fc2b8c7c6b4b345e3bf0e6c3247287fa9794d7f75a	b3d8ca67a5c6d07b2bb2e58835149128b40dc48e950264e402a529794417a6fd	008cfb9e9020a6a92ac119238b67faf649cd1395d42889d516876e935bf86b41	1ee6313f7b5aa7ca	Classical.choice,Quot.sound,propext	∀ {F : Type} [inst : Field F] [inst_1 : DecidableEq F] {deployment : Minidregg.Kernel.PurseRefillReceiver.Deployment} {profile : Minidregg.Compiler.CanonicalRuntimeProfile.Profile F} {ambient : Minidregg.Kernel.PurseRefillReceiver.Ambient} {durable : Minidregg.Kernel.PurseRefillReceiver.Durable} {ingress : Minidregg.Kernel.PurseRefillReceiver.DecodedIngress} (self : Minidregg.Kernel.PurseRefillReceiver.AcceptedRefill deployment profile ambient durable ingress), Minidregg.Kernel.PurseRefillReceiver.PhysicalShape self.prepared
def	Minidregg.Kernel.PurseRefillReceiver.AcceptedRefill.prepared	aa97db292c745a3abe46376a2437687525ece9de93b5e5f9c94084245c0e7172	05ec32d59dd68375714cb2bdc75b62a137c3731b69a415701d9872dd192a4d65	335090e945ef13c4a8d42a0e8971f4e8313f632fbbf2660c8fdce6c209a3a9b5	8e1463ae6a25aa7d	Classical.choice,Quot.sound,propext	{F : Type} → [inst : Field F] → [inst_1 : DecidableEq F] → {deployment : Minidregg.Kernel.PurseRefillReceiver.Deployment} → {profile : Minidregg.Compiler.CanonicalRuntimeProfile.Profile F} → {ambient : Minidregg.Kernel.PurseRefillReceiver.Ambient} → {durable : Minidregg.Kernel.PurseRefillReceiver.Durable} → {ingress : Minidregg.Kernel.PurseRefillReceiver.DecodedIngress} → Minidregg.Kernel.PurseRefillReceiver.AcceptedRefill deployment profile ambient durable ingress → Minidregg.Kernel.PurseRefillReceiver.Prepared deployment profile ambient durable ingress.command
inductive	Minidregg.Kernel.PurseRefillReceiver.Ambient	939a5d01ca96b0895bd72ede309fcf69134e995e3529cd36ca739b90d9783aab	16946b93ac38405660f51e475eb5aa7d25b54f5e5677e0f6a10a4526cc071cbf	7fbc84cf1a48761394f74dfbeb9976ff96f55c3eb290347f9c455118c3c2875e	fcb6999da3bb553d		Type
def	Minidregg.Kernel.PurseRefillReceiver.Ambient.federation	aa95e3f58be7af80d7f9501bd988d119d8cd4c9f3c066fdd9deb2863d1188470	d45ca0e5734aceaebfb1bc8abf7c5ce55c1f84b690b176bb37ee1e41a1fbf711	a1c0135d21d5bbdb6844b812ef6c39d1a2079592064dfd5bef0519c7f9c9efdb	d03c3248f851ff4e	-	Minidregg.Kernel.PurseRefillReceiver.Ambient → Minidregg.Theory.TypedAuthorization.FederationId
def	Minidregg.Kernel.PurseRefillReceiver.Ambient.height	dcef1dee77bd09f6d709cc8f7ac7251fd4d2f92f4287dd855c02630d23cc4899	2a8ade6a8bfa9e95dbecb2113f1ba1caf23e2534f9a62d065fd8333209bb5c0e	22112f919ac318e160b226d28481af618db7b448be4771e181ac7d7dee8ecdd2	f4fc0cd9ddb7c44e	-	Minidregg.Kernel.PurseRefillReceiver.Ambient → Minidregg.Theory.TypedAuthorization.Height
ctor	Minidregg.Kernel.PurseRefillReceiver.Ambient.mk	6d244869e1dc50bf0b29f9820875e7be3cb98b1010439540db514d5a7e10ff52	df02e5f9a9eb89b4a0747a36231ed695996525fe905fa69a22ac188f19b2e505	6822828ac6ce26d7aae87f2ea42cbdb8cd7968d828ddc2010238507e12a6e25c	a7a5656effe05c6d		Minidregg.Theory.TypedAuthorization.FederationId → Minidregg.Theory.TypedAuthorization.Height → Minidregg.Kernel.PurseRefillReceiver.Ambient
def	Minidregg.Kernel.PurseRefillReceiver.BookCell	42f0a287fc4f321824fd1f5ee804cec40a40ba4eecf8127b3971a5f84e8761de	b906da13eee33674d8271b75fc3573cf3e0942504c06b51f24155b25e27c5f8a	2e5a449570302a71739ced6972a58546b1aa3748901ef66d37a2fdbbe68682cd	d24e0d61702719d9	Classical.choice,Quot.sound,propext	Minidregg.Kernel.PurseRefillReceiver.Deployment → Minidregg.Theory.CellRegistry.Directory ℕ Minidregg.Kernel.PurseRefillReceiver.Registry → Type
inductive	Minidregg.Kernel.PurseRefillReceiver.Command	6b7c5cf179e8699cc0e83917ca85e66f33ef0275d9c28b6f6d9fbb9786e6e951	16946b93ac38405660f51e475eb5aa7d25b54f5e5677e0f6a10a4526cc071cbf	11a69158f1f344c7b12fcb15d84617f7664928c327f0270f62497b460e1af710	9ebaf2fef240f4c9		Type
def	Minidregg.Kernel.PurseRefillReceiver.Command.account	5199078a1a44e85a37373d10b16b10483180f5506df80e446788971ce087b7f1	e120d1303da7768fccaf431ecc12f2a454e2d497fad3f2afbea20b3b4ea4395f	93d837c3207bc76273c215c67f423b3df26e273c35da794c7afdf572e452d6cb	b3e14293dbf5d727	-	Minidregg.Kernel.PurseRefillReceiver.Command → ℕ
def	Minidregg.Kernel.PurseRefillReceiver.Command.amount	fdd6d134079131648593ddc17bd9418ccf243c602aac77a9be4e9f4cf8dbeb70	e120d1303da7768fccaf431ecc12f2a454e2d497fad3f2afbea20b3b4ea4395f	76babb13ca43eb76169373dd368611de39aba44558aff59c8f59f8d094a0a092	2de4ef2f23131819	-	Minidregg.Kernel.PurseRefillReceiver.Command → ℕ
def	Minidregg.Kernel.PurseRefillReceiver.Command.capability	78e436955716379ce2a9c9af682ad1f3cba93a5d6f4ec20f9be248209cddf309	5617b8a8a32e552a43105fc81808865956897397b62f284c18f30e9cb7427782	aa1f5388541a3b4d89b2e38ea42c6ba462cd75a5412f76c84e7d3dc62f147a6f	855441ff8a0800b1	-	Minidregg.Kernel.PurseRefillReceiver.Command → Minidregg.Theory.TypedAuthorization.CapabilityId
def	Minidregg.Kernel.PurseRefillReceiver.Command.expectedAuthorityRoot	a2438df36264936d8cb4b71578a9e732fa8f23d156928c7285924c725fb52c6f	0f65d7d5e5633b05446eb3db4fc25494a29647ed2ad821e82e65761fcca45075	cdcec7269ed8f7a51ebe6e2f2975b96caa5a58c9828846f4a334e43163d00473	b4d3f1a072bd7e77	-	Minidregg.Kernel.PurseRefillReceiver.Command → Minidregg.Theory.TypedAuthorization.Digest
def	Minidregg.Kernel.PurseRefillReceiver.Command.gain	92fb6aee2b88fc476af0f264908d307881b3f1bbfaa97a1e2e96caea83f93682	e120d1303da7768fccaf431ecc12f2a454e2d497fad3f2afbea20b3b4ea4395f	0ea7fc15dd364434cef6da5d59dbed399702bf01c5cb3724f9b847497f8b4e5f	4215d738385a5e0f	-	Minidregg.Kernel.PurseRefillReceiver.Command → ℕ
ctor	Minidregg.Kernel.PurseRefillReceiver.Command.mk	0f435908966c703cd31604a41961ccc157921e5de833fa651e9fc1619f0ba2c4	76a559c5eacff3d82cfbc982c9d330db8cc8aa601c9afb0e456ee2db7c331857	1ae362ca7c16e8ab0383526690ecc10506f9cd68b3d120e1e1f5beeb63ef72eb	a5901835ece67f0a		Minidregg.Theory.TypedAuthorization.SubjectId → Minidregg.Theory.TypedAuthorization.CapabilityId → ℕ → ℕ → ℕ → ℕ → ℕ → Minidregg.Theory.TypedAuthorization.Digest → Minidregg.Kernel.PurseRefillReceiver.Command
def	Minidregg.Kernel.PurseRefillReceiver.Command.nonce	3260fdd4d65e7c8592436aab2642b60f422828d23f60bd8a204f96e249cff353	e120d1303da7768fccaf431ecc12f2a454e2d497fad3f2afbea20b3b4ea4395f	027b296214e6067e5e3a5e5b72a4532c3a127bc90b4814c681399430ec8a0f0d	ad387a4b71e63db6	-	Minidregg.Kernel.PurseRefillReceiver.Command → ℕ
def	Minidregg.Kernel.PurseRefillReceiver.Command.subject	647c6576e3ee43563bb4d4378ef1e5713c509bc6ee16f70d6058a4db6a4e2470	245707df9f6c4bc79587f16225b5095193dfa3abd457fe442fb30ef81b2d885b	23a8113d9b15ec450ffaf3b95092a88fc86221dc9ef7841e07cb9a99e6360177	b07e24d5573c2676	-	Minidregg.Kernel.PurseRefillReceiver.Command → Minidregg.Theory.TypedAuthorization.SubjectId
def	Minidregg.Kernel.PurseRefillReceiver.Command.task	4925e3f36a4c79adac76d8494d06ab9e3c953c2975c6959b6739281417b04da8	e120d1303da7768fccaf431ecc12f2a454e2d497fad3f2afbea20b3b4ea4395f	697dcd8948eaa748fb07b4b7b32a0d77c943a74a5c8dcf96813bdebb8df49dd2	c505c5b25bc32844	-	Minidregg.Kernel.PurseRefillReceiver.Command → ℕ
inductive	Minidregg.Kernel.PurseRefillReceiver.Declaration	41e78904117db8461296ab87af4920dcc2610de956e79297810312e71a0bdef2	16946b93ac38405660f51e475eb5aa7d25b54f5e5677e0f6a10a4526cc071cbf	e2a834c4f0e4d14a0fd4860e39ac7e2da77149029b8c5a4396cc904596712fe7	9efcf552b7676559		Type
def	Minidregg.Kernel.PurseRefillReceiver.Declaration.expectedPreRoot	37184efebcabc2bb6c2dce003158b8bbb4366345ae2da0164695e69672786f33	4fd1463f2a85296cfceb171547c0c0da86f57ac90cdcfbd7e6016025a6e8c9bd	d56ed71362be4cc53445b3f6d4f098217a8e290d30791feec9387272a150a83a	478cf7fd554126a9	-	Minidregg.Kernel.PurseRefillReceiver.Declaration → Minidregg.Theory.TypedAuthorization.Digest
ctor	Minidregg.Kernel.PurseRefillReceiver.Declaration.mk	19b29a35a45f644d368fb38a2a092665369c9caba712f4b8a97f0abf10244ea8	b1a41d2ef2345eb890e4d6f81fa7613834d7bfe7994632d1bd296dba1f9eea2f	2bf36c648d396c7eb4e56292fb43ff3e673686aaf2a98f6e5e500423057d7288	7f05b04434434dca		Minidregg.Kernel.PurseRefill.Plan → Minidregg.Theory.TypedAuthorization.Digest → ℕ → Minidregg.Kernel.PurseRefillReceiver.Declaration
def	Minidregg.Kernel.PurseRefillReceiver.Declaration.operationNullifier	4becd8b3234e05a13e8902d4cb29a8db03fb4f41ebf8480cfdb335e423222bfe	27a57b67a3abaeebd7959362857b7e3edc73627c17015ece1a2ffc27f8320ccf	2909bf0130cdd6b9da27eade1e38c0fb859fffa22f63133dd957f28cd35ba772	36654dcb99184c34	-	Minidregg.Kernel.PurseRefillReceiver.Declaration → ℕ
def	Minidregg.Kernel.PurseRefillReceiver.Declaration.plan	be3c5033d94f926e598319e8dd1940fc8643ec1c9ed1fe78f1db7f860ee0fb3e	350de4a389e0c3b12d131462087c66a3f87f89814d3b7e35bb6523588449e5d4	ad0dfeb3ced5db5f6309b0521b5d9cb4206ba3069f2073e7a8c1f92b36141148	ddd93e3c09a4366a	-	Minidregg.Kernel.PurseRefillReceiver.Declaration → Minidregg.Kernel.PurseRefill.Plan
inductive	Minidregg.Kernel.PurseRefillReceiver.DecodedIngress	be2abe54184b6d4e0c662f5ed05333caddb14bf71c611cb44160111050ba1eaa	16946b93ac38405660f51e475eb5aa7d25b54f5e5677e0f6a10a4526cc071cbf	5867274fde2cbe80f3f773be9c4f3dbffda42ebb4384cbf800e2957938c3296e	a2f3832ac552dea5		Type
def	Minidregg.Kernel.PurseRefillReceiver.DecodedIngress.bytes	bbb6e91dba71f6b52ca708b45f5671fca55988a63600b51e4e2ca9405705f848	8809b65b4e837c39b04d919bd8162b792c70bc5d7dec66dcaf6a05b33bfefe02	51a94f838fb9cb4698da7cc1e79be380a352ddf6dcfe1a04ca20709d6167f4b2	450f73d8805beb24	Classical.choice,Quot.sound,propext	Minidregg.Kernel.PurseRefillReceiver.DecodedIngress → List UInt8
theorem	Minidregg.Kernel.PurseRefillReceiver.DecodedIngress.canonical	b49f209f216aa178035ce1afe14e7411334a5b3ee6f8f1fe010b74d4f72f03f5	50295334def9e5600f17aa900911d1cf43bae2f135ed4fbf33269e2c5bd98a1d	e6fcc810dca962681dc106c796b8575ddcadb707f95c1c28af330efbbe02e602	486516e54c5db536	Classical.choice,Quot.sound,propext	∀ (self : Minidregg.Kernel.PurseRefillReceiver.DecodedIngress), Minidregg.Kernel.PurseRefillReceiver.commandCodec.encode self.command = self.ingress.commandBytes
def	Minidregg.Kernel.PurseRefillReceiver.DecodedIngress.command	75599f4b2a323725eac603148f8227befc3ff806296d97c7d9e81edc9c6a7f01	171a3d92018279cf2e19bfb0f0548ee40f97f0c9e784dfeb99da8a14553e1e2f	63ace432b103955dbe1b2f48d912178d435d6397027dfc57d8274fc4a12c908d	608bda141f0cb771	Classical.choice,Quot.sound,propext	Minidregg.Kernel.PurseRefillReceiver.DecodedIngress → Minidregg.Kernel.PurseRefillReceiver.Command
def	Minidregg.Kernel.PurseRefillReceiver.DecodedIngress.envelope	e0f2b743c2c5ff3b320855d470e0efbe36e0ffdb5f09e38a2269d9bad9ad239a	acdbda7e30585df50fda557807edcb4eba96ca10f7ba2bfb2277ddaacf577890	cb5a20f5fd2addbd1d31ebf9e346e0b99857993d0b811216e87455ee8f990217	2dde8e9474c6a41b	Classical.choice,Quot.sound,propext	Minidregg.Kernel.PurseRefillReceiver.DecodedIngress → Minidregg.Kernel.CredentialSignedEnvelopeController.SignedEnvelope
theorem	Minidregg.Kernel.PurseRefillReceiver.DecodedIngress.envelopeExact	159cca482128a701b914f9cf979f6e5d8e8184fd6643dcbb71c083b152338948	97ef02de0aacc0be69b7bfa36564078e4d90020a40d4de6e332557585d3fdee7	7bf3520fb12a9c26d64874206dde52986e04623ad650a5680a633d266f8ddbb2	9e96d87b46bff4ce	Classical.choice,Quot.sound,propext	∀ (self : Minidregg.Kernel.PurseRefillReceiver.DecodedIngress), Minidregg.Compiler.CredentialSignatureAdmission.canonicalEnvelopeCodec.decode self.ingress.envelope = Option.some self.envelope
def	Minidregg.Kernel.PurseRefillReceiver.DecodedIngress.ingress	6693a4f63d20581b32eefe2c682048a390e5bc4e7aebe03bd7b2b339e2836b04	2971cf8ffe19a94aa127a01cb98be3633384192e2e2b21e72501b14906baa4aa	2cb3aafa82af29a911943485da331695a941085d3979297eb48f834042c4208a	4f953d71fb7a17f4	Classical.choice,Quot.sound,propext	Minidregg.Kernel.PurseRefillReceiver.DecodedIngress → Minidregg.Kernel.PurseRefillReceiver.Ingress
def	Minidregg.Kernel.PurseRefillReceiver.Deployment	226f9a3c2c798d0799572074911f98a68128b8babad1fea252342487a44e50f1	89855d392aa192071e8a2b2230d30ecae8fc9de0c15fa6a53f6209226829292a	473edd47ba9ad5cc81c8d3186c8054a13e85d212cb2452c5b28e5d1950217b53	8a1d1d9935af54c3	-	Type
def	Minidregg.Kernel.PurseRefillReceiver.Durable	443053b49e6d8f5bcdcedef38e728703d95c3560350171c97b6388f70e019059	89855d392aa192071e8a2b2230d30ecae8fc9de0c15fa6a53f6209226829292a	aa0dceb9563b9e2fabcf842991b7ef0bb96269a2dde334a39f7dff04f4aa68ce	fb6452717d283c3b	Classical.choice,Quot.sound,propext	Type
inductive	Minidregg.Kernel.PurseRefillReceiver.Ingress	37ff5a08580bd4485aee0ba1e3622ccde3c0eb005782011d13e4613ba0d8b8c3	16946b93ac38405660f51e475eb5aa7d25b54f5e5677e0f6a10a4526cc071cbf	2916325bb74c16a4adbbd3afb291777e2c1155180b84c19841223ba44c2ccffd	0b67c2c3208e25f1		Type
def	Minidregg.Kernel.PurseRefillReceiver.Ingress.commandBytes	1355eb3e75570fabdd7a235bddea15630f6ed417530a917cfca7586773d263cc	4ae0a9eb737bbea7f13b57421ba9f8ee3694245ade0ba05c87cc10aaad23fe5a	bb5cbccc14d15447be4f8947265d6860c4e7ba93a005d822347a43a2b3b73395	08aaedb500cd7327	-	Minidregg.Kernel.PurseRefillReceiver.Ingress → List UInt8
def	Minidregg.Kernel.PurseRefillReceiver.Ingress.envelope	962b9046c09de393d6eabbdecbc8056d710aec3fa2736a6bd8ca53943fb34315	4ae0a9eb737bbea7f13b57421ba9f8ee3694245ade0ba05c87cc10aaad23fe5a	75c21b4c26ad4ca5a372311d750a87a7e08cbf3d149389b9d97df62cb9155552	1b0d4fc8165e664b	-	Minidregg.Kernel.PurseRefillReceiver.Ingress → List UInt8
ctor	Minidregg.Kernel.PurseRefillReceiver.Ingress.mk	9827de9c4ce0f5ca39fdc88630f26eaa19c2e43ba1538881a34a6d990d80bb1b	7a5b7c9926f7177b51f74452cc306860c5182ea79f019f61e74ab642883d791b	425e3eab79953127209bebb7da790c3500ea19119fb319fd3efd9bf0cabf15fb	7f4d3778cf624029		List UInt8 → List UInt8 → Minidregg.Kernel.PurseRefillReceiver.Ingress
inductive	Minidregg.Kernel.PurseRefillReceiver.LoadedPurse	4f8093408da6442a362adaba2756d0f125f89e97dc8ebf1cc12d6c8cbbc9908f	be66c802c7619500cdb7e9f8c3d9cc37fa73e32f911398dda540d5ea54d80783	d0dbb7662863ed80672f7433fe52f6a753271dd4b316c2ced945c2954aa5e20e	31ae2b813f162e78		Minidregg.Kernel.PurseRefillReceiver.Deployment → Minidregg.Theory.CellRegistry.Directory ℕ Minidregg.Kernel.PurseRefillReceiver.Registry → ℕ → Type
ctor	Minidregg.Kernel.PurseRefillReceiver.LoadedPurse.mk	b5d3dc0731b7d05556304bd9f7a1fcac8503fc09cbcc534193a1785df29ae064	d67b604f59af506e596bd3de69b963143831623d635fed76efe036d7cd50dffd	81a4712e0658edc1bcf43345a756d5708a50f41678bf8c88411afe80539a9ac6	e42714c06669a239		{deployment : Minidregg.Kernel.PurseRefillReceiver.Deployment} → {directory : Minidregg.Theory.CellRegistry.Directory ℕ Minidregg.Kernel.PurseRefillReceiver.Registry} → {task : ℕ} → (packed : Minidregg.Theory.CellRegistry.PackedCell Minidregg.Kernel.PurseRefillReceiver.Registry) → directory.slots task = Minidregg.Theory.CellRegistry.CellSlot.present packed → (purse : Minidregg.Kernel.PurseRefillReceiver.PurseCell) → Minidregg.Compiler.CanonicalCellRegistry.selectDeclared deployment task Minidregg.Theory.TypedAuthorization.ResourceKind.object packed = Option.some purse → Minidregg.Kernel.PurseRefillReceiver.LoadedPurse deployment directory task
def	Minidregg.Kernel.PurseRefillReceiver.LoadedPurse.packed	bdb0dcc4fc90965963979bc45857ddd081a64c9f79ffc6aafef846bf61f7fce6	bc1efac0cd430ad3d45f34fa617cca0e432c1171aa3f54b8b12fce0312614eb9	e81a0fc24fc307e91894e1fe4e6583a524929693f852e35ebf6d9bb7012c155e	6f170eb0d7b45344	Classical.choice,Quot.sound,propext	{deployment : Minidregg.Kernel.PurseRefillReceiver.Deployment} → {directory : Minidregg.Theory.CellRegistry.Directory ℕ Minidregg.Kernel.PurseRefillReceiver.Registry} → {task : ℕ} → Minidregg.Kernel.PurseRefillReceiver.LoadedPurse deployment directory task → Minidregg.Theory.CellRegistry.PackedCell Minidregg.Kernel.PurseRefillReceiver.Registry
theorem	Minidregg.Kernel.PurseRefillReceiver.LoadedPurse.present	ff3ef7a8ffddf687d94a6ed9019b87fb2f09512709f8d3ce0a86d7758b27b256	ca0d61c29b46aa5095a7cf2213654917a6429a79a15af7abb9770bf344fb9640	8c66e724cb00c74945815f8601d8fadf57a8ea3fa5139f2ad21de266c475e987	5a509a2ceddb8d1a	Classical.choice,Quot.sound,propext	∀ {deployment : Minidregg.Kernel.PurseRefillReceiver.Deployment} {directory : Minidregg.Theory.CellRegistry.Directory ℕ Minidregg.Kernel.PurseRefillReceiver.Registry} {task : ℕ} (self : Minidregg.Kernel.PurseRefillReceiver.LoadedPurse deployment directory task), directory.slots task = Minidregg.Theory.CellRegistry.CellSlot.present self.packed
def	Minidregg.Kernel.PurseRefillReceiver.LoadedPurse.purse	11eb16d74358b689794c6b01fa126b652f0a17a22b95024d35ca6c2605ed1d7d	e09684326a0c12a1f22c91cc8d596046cbdcc9746ba01066a20295c6aa4a02f2	94dec22a862214d082eda8b61a2eb87e59f3b6b66d51c08a04e8da82a72ccbf2	0fa08de675f65a29	Classical.choice,Quot.sound,propext	{deployment : Minidregg.Kernel.PurseRefillReceiver.Deployment} → {directory : Minidregg.Theory.CellRegistry.Directory ℕ Minidregg.Kernel.PurseRefillReceiver.Registry} → {task : ℕ} → Minidregg.Kernel.PurseRefillReceiver.LoadedPurse deployment directory task → Minidregg.Kernel.PurseRefillReceiver.PurseCell
theorem	Minidregg.Kernel.PurseRefillReceiver.LoadedPurse.selected	4958b5a7ff92791bc936b44d0c8ef1bf664a9b99e490c083aa0042509be3e506	5cd1e7df7d31c717d8cb9efc162e48467d7641f84997a78f0aca4623e9afa26a	140e61be3d64e987914acad6e04571e133920a098772f8134573b94054c6926c	3a0ceb8448bfefdc	Classical.choice,Quot.sound,propext	∀ {deployment : Minidregg.Kernel.PurseRefillReceiver.Deployment} {directory : Minidregg.Theory.CellRegistry.Directory ℕ Minidregg.Kernel.PurseRefillReceiver.Registry} {task : ℕ} (self : Minidregg.Kernel.PurseRefillReceiver.LoadedPurse deployment directory task), Minidregg.Compiler.CanonicalCellRegistry.selectDeclared deployment task Minidregg.Theory.TypedAuthorization.ResourceKind.object self.packed = Option.some self.purse
inductive	Minidregg.Kernel.PurseRefillReceiver.Mode	61f9b47c42386cfd030c6ba2684fd3e8de01e05d3da30428ff9480b49fb9d5e2	c5b5b3f474c7eb8be5f9cf8870157fb314f7054c06c4fdca41bc4dad57efced3	bdf4a20858b9fe111c06ecad032bfc4b23a9d02176c48e68140511fcd321c924	2d174bcf08c914d1		{M : Minidregg.Theory.CellState.Materializer Minidregg.Theory.EffectDeclaration.effectLayout Minidregg.Theory.TypedAuthorization.Digest} → Minidregg.Theory.CellState.Materialized M → Minidregg.Kernel.PurseRefillReceiver.Declaration → Type
ctor	Minidregg.Kernel.PurseRefillReceiver.Mode.mk	0f8b48f5360024abe2a2ef3670b4d93fe4db2c71a3d14bdbf5d33343ac9d5f75	15557645e24a3ac48036552b45875db0c85bcd67d5e1b02fab49df77b5939575	35c7348b2d658cebba487b150603a6cd80c05347ec0f89cecb67aea3528a7617	3c403e8598215e9f		{M : Minidregg.Theory.CellState.Materializer Minidregg.Theory.EffectDeclaration.effectLayout Minidregg.Theory.TypedAuthorization.Digest} → {pre : Minidregg.Theory.CellState.Materialized M} → {d : Minidregg.Kernel.PurseRefillReceiver.Declaration} → d.expectedPreRoot = pre.root → Minidregg.Kernel.PurseRefillReceiver.Mode pre d
theorem	Minidregg.Kernel.PurseRefillReceiver.Mode.rootExact	2bf0b17a379a81fabd242e92a3526808b4556fb86ed32e232912e8ae7781dead	8541021b75f8b099a18db8a4b7eec821dcf2e2fe0204be569fef219bb79ad5fc	9934b17c25ba43b6a28513d7e70785476bb6bdcd31cc52efc3c9183d4d3b67cc	483d04b10723fcaa	propext	∀ {M : Minidregg.Theory.CellState.Materializer Minidregg.Theory.EffectDeclaration.effectLayout Minidregg.Theory.TypedAuthorization.Digest} {pre : Minidregg.Theory.CellState.Materialized M} {d : Minidregg.Kernel.PurseRefillReceiver.Declaration} (self : Minidregg.Kernel.PurseRefillReceiver.Mode pre d), d.expectedPreRoot = pre.root
def	Minidregg.Kernel.PurseRefillReceiver.PhysicalShape	1d2e77a5100d0ead01add11108117871b5b78d96e5502932cf8b903f6e45b489	2fcff854f3a9c33da18ac93b63a9082565aa9994a96ea46e61cdd26e7d0e7c4e	9f7fa73af88f01d82c424cd0563c0e3233a727ad3917658bf61366f4bf63c184	62b18b006f9ad0b1	Classical.choice,Quot.sound,propext	{F : Type} → [inst : Field F] → {deployment : Minidregg.Kernel.PurseRefillReceiver.Deployment} → {profile : Minidregg.Compiler.CanonicalRuntimeProfile.Profile F} → {ambient : Minidregg.Kernel.PurseRefillReceiver.Ambient} → {durable : Minidregg.Kernel.PurseRefillReceiver.Durable} → {command : Minidregg.Kernel.PurseRefillReceiver.Command} → Minidregg.Kernel.PurseRefillReceiver.Prepared deployment profile ambient durable command → Prop := fun {F} [Field F] {deployment} {profile} {ambient} {durable} {command} prepared => (List.map Minidregg.Kernel.DurableDataIntent.DataWrite.cellId (Minidregg.Kernel.PurseRefillReceiver.writes prepared)).Nodup ∧ (∀ write ∈ Minidregg.Kernel.PurseRefillReceiver.writes prepared, write.expectedPre = durable.snapshot.model.roots write.cellId) ∧ (∀ write ∈ Minidregg.Kernel.PurseRefillReceiver.writes prepared, Minidregg.Kernel.ResourceBirthController.Concrete.PhysicalPostLaw deployment write) ∧ (∀ write ∈ Minidregg.Kernel.PurseRefillReceiver.writes prepared, Minidregg.Compiler.ResourceBirthCodec.rootBytes write.canonicalPostBytes = write.exactPost) ∧ (∀ guard ∈ Minidregg.Kernel.PurseRefillReceiver.sourceGuards prepared, guard.cellId ∉ List.map Minidregg.Kernel.DurableDataIntent.DataWrite.cellId (Minidregg.Kernel.PurseRefillReceiver.writes prepared)) ∧ (∀ guard ∈ Minidregg.Kernel.PurseRefillReceiver.readGuards prepared, guard.expectedRoot = durable.snapshot.model.roots guard.cellId) ∧ (Minidregg.Kernel.PurseRefillReceiver.lawReadGuards prepared).isSome = Bool.true ∧ Minidregg.Kernel.PurseRefillReceiver.effectLawAccepted prepared = Bool.true
inductive	Minidregg.Kernel.PurseRefillReceiver.Prepared	b7f6982e954038e40cb50d91a6d42870dcdcafdc839cff8a8db100de234133bf	397e8a21eacec728e98e7e57cfcef974d7b43db52f3df8210aa03481d484aedc	4d1fd2af430df8b68005f383ae5f758bfd3007a1bcd04c39166d882a6f3f354b	85b3a89c5b2865dd		{F : Type} → [inst : Field F] → Minidregg.Kernel.PurseRefillReceiver.Deployment → Minidregg.Compiler.CanonicalRuntimeProfile.Profile F → Minidregg.Kernel.PurseRefillReceiver.Ambient → Minidregg.Kernel.PurseRefillReceiver.Durable → Minidregg.Kernel.PurseRefillReceiver.Command → Type
def	Minidregg.Kernel.PurseRefillReceiver.Prepared.SemanticAccepted	57ad0bef332e37c75c1bc9ab726f12ae96b63c19862a6cdc17309c80bc8b15f0	93e149c1a153886e94d100c9382ac68b295559e8f9dd76b0aefe097de28a20fb	877b70b765d77df01100eb68907ccf97c972c661c85896ee0f7fdbba4ec1acda	fb9bee02cbc3f9aa	Classical.choice,Quot.sound,propext	{F : Type} → [inst : Field F] → {deployment : Minidregg.Kernel.PurseRefillReceiver.Deployment} → {profile : Minidregg.Compiler.CanonicalRuntimeProfile.Profile F} → {ambient : Minidregg.Kernel.PurseRefillReceiver.Ambient} → {durable : Minidregg.Kernel.PurseRefillReceiver.Durable} → {command : Minidregg.Kernel.PurseRefillReceiver.Command} → [DecidableEq F] → Minidregg.Kernel.PurseRefillReceiver.Prepared deployment profile ambient durable command → Type
def	Minidregg.Kernel.PurseRefillReceiver.Prepared.authority	ea2c8673665c2f49dd17aaa63ccbc341a84e1c16eae15b2e456bab7db89e0ed2	9d0950e7f488539a2b260617bfae1bc4fe1958d25b3d2acf6e07a0c842736577	1ea78816bbd039b6e9334b60c51bc5291b24a864721ee568abc8b8a201d8fe41	219bc2dee389ba18	Classical.choice,Quot.sound,propext	{F : Type} → [inst : Field F] → {deployment : Minidregg.Kernel.PurseRefillReceiver.Deployment} → {profile : Minidregg.Compiler.CanonicalRuntimeProfile.Profile F} → {ambient : Minidregg.Kernel.PurseRefillReceiver.Ambient} → {durable : Minidregg.Kernel.PurseRefillReceiver.Durable} → {command : Minidregg.Kernel.PurseRefillReceiver.Command} → Minidregg.Kernel.PurseRefillReceiver.Prepared deployment profile ambient durable command → Minidregg.Compiler.CredentialAuthorityDomainReceiver.Loaded deployment durable.snapshot
theorem	Minidregg.Kernel.PurseRefillReceiver.Prepared.balanced	2ce5d5bc2c59f17362aeb2eecec871a723b7d078698caf40c4eaafe58273d29b	e4e8f957fe22bd6ed9185edf27b2ecf6a9e8affa1cada926da61e52a7e56f12e	4d524abdc2d7aaf5d709b15cecfdba4cb919b250535e625404a409ba9eb934af	9cfb4530e637b205	Classical.choice,Quot.sound,propext	∀ {F : Type} [inst : Field F] {deployment : Minidregg.Kernel.PurseRefillReceiver.Deployment} {profile : Minidregg.Compiler.CanonicalRuntimeProfile.Profile F} {ambient : Minidregg.Kernel.PurseRefillReceiver.Ambient} {durable : Minidregg.Kernel.PurseRefillReceiver.Durable} {command : Minidregg.Kernel.PurseRefillReceiver.Command} (prepared : Minidregg.Kernel.PurseRefillReceiver.Prepared deployment profile ambient durable command), Minidregg.Kernel.PurseRefill.aggregateDelta (Minidregg.Kernel.PurseRefillReceiver.bookOf prepared.book) prepared.plan = 0
def	Minidregg.Kernel.PurseRefillReceiver.Prepared.book	69bdb1c895122831d7b767dc5e349e6a0dcb73e343964862c5e5187833290cb2	85ce04ea4b71bd2c7f1bfeba42025b8a9bc66fc45e5facb54a05db2fb7301403	a6f2c3c8ccc1cf55682378169ba246177e4578bc80150731115053ce3a9bf6f7	fa20897033d1e81a	Classical.choice,Quot.sound,propext	{F : Type} → [inst : Field F] → {deployment : Minidregg.Kernel.PurseRefillReceiver.Deployment} → {profile : Minidregg.Compiler.CanonicalRuntimeProfile.Profile F} → {ambient : Minidregg.Kernel.PurseRefillReceiver.Ambient} → {durable : Minidregg.Kernel.PurseRefillReceiver.Durable} → {command : Minidregg.Kernel.PurseRefillReceiver.Command} → (self : Minidregg.Kernel.PurseRefillReceiver.Prepared deployment profile ambient durable command) → Minidregg.Kernel.PurseRefillReceiver.BookCell deployment self.directory.directory
def	Minidregg.Kernel.PurseRefillReceiver.Prepared.bookPost	215f6f26ab3e22d23c2e3eaee77906cab6db38e6ab55503d85ad75140123187e	c5d0f325a734f7d07cab155771d7c5ea945e9fe04e9644894b0e90a4bd2ecdef	3fb14930fa76286c4076a3c4eca068c25106097872d22b715faa5c297613e5c5	707d3c240130aa56	Classical.choice,Quot.sound,propext	{F : Type} → [inst : Field F] → {deployment : Minidregg.Kernel.PurseRefillReceiver.Deployment} → {profile : Minidregg.Compiler.CanonicalRuntimeProfile.Profile F} → {ambient : Minidregg.Kernel.PurseRefillReceiver.Ambient} → {durable : Minidregg.Kernel.PurseRefillReceiver.Durable} → {command : Minidregg.Kernel.PurseRefillReceiver.Command} → Minidregg.Kernel.PurseRefillReceiver.Prepared deployment profile ambient durable command → Minidregg.Theory.CellState.Materialized (Minidregg.Compiler.CanonicalCellRegistry.materializer Minidregg.Compiler.CanonicalCellRegistry.Kind.resourceBook)
theorem	Minidregg.Kernel.PurseRefillReceiver.Prepared.bookPost_exact	dd89433c0c0a48c792bf963585e05f1180a2f0a0f2ce84b1f91e5a72ce2b9d87	857d803dc63e058c3e08cf2a31fc252fac90f76793e053f4c70abfa522e3b053	f4dac15f084df60721037922d608c6dce0a2ddf77d2152d07bc8f417ddbecde7	38200fffe04e3dc2	Classical.choice,Quot.sound,propext	∀ {F : Type} [inst : Field F] {deployment : Minidregg.Kernel.PurseRefillReceiver.Deployment} {profile : Minidregg.Compiler.CanonicalRuntimeProfile.Profile F} {ambient : Minidregg.Kernel.PurseRefillReceiver.Ambient} {durable : Minidregg.Kernel.PurseRefillReceiver.Durable} {command : Minidregg.Kernel.PurseRefillReceiver.Command} (prepared : Minidregg.Kernel.PurseRefillReceiver.Prepared deployment profile ambient durable command), Minidregg.Theory.CanonicalResourceKernel.logicalBook prepared.bookPost.logical = prepared.plan.batch.apply (Minidregg.Kernel.PurseRefillReceiver.bookOf prepared.book)
def	Minidregg.Kernel.PurseRefillReceiver.Prepared.candidate	a9f2233fdba7067c99272417364dc81e183d9e3b32b2e191d961c0c66e604914	5415b56bc7940d195cafc9ea992c10bdf999987984913bbff4da67c0464e9f0d	8306691460f9a36099998f10513c0604eb5291e77bc4039895eb7ad4cb67900a	f893e33ec1048187	Classical.choice,Quot.sound,propext	{F : Type} → [inst : Field F] → {deployment : Minidregg.Kernel.PurseRefillReceiver.Deployment} → {profile : Minidregg.Compiler.CanonicalRuntimeProfile.Profile F} → {ambient : Minidregg.Kernel.PurseRefillReceiver.Ambient} → {durable : Minidregg.Kernel.PurseRefillReceiver.Durable} → {command : Minidregg.Kernel.PurseRefillReceiver.Command} → (self : Minidregg.Kernel.PurseRefillReceiver.Prepared deployment profile ambient durable command) → Minidregg.Theory.PolicyInstall.Candidate (Minidregg.Kernel.PurseRefillReceiver.family self.authority.snapshot self.purse profile.semantics ambient command) self.purse (Minidregg.Kernel.PurseRefillReceiver.declaration self.authority.snapshot.domain profile.semantics command (Minidregg.Theory.CellState.Materialized.root self.purse) self.plan) ()
theorem	Minidregg.Kernel.PurseRefillReceiver.Prepared.conserves	a73d93f5c36fbb96631fb7dd3505268618392d8e334fd8c9b142d27c13ffe09c	c967994fdfd68acfc35de430c1da50df036a5a4900fba5ab64e62f17ffc84cc4	23dafa1a5528c3c34f1becc9eef078874d35c731e6e3882a83353c5105bf2a53	33edc9b5974a1e6f	Classical.choice,Quot.sound,propext	∀ {F : Type} [inst : Field F] {deployment : Minidregg.Kernel.PurseRefillReceiver.Deployment} {profile : Minidregg.Compiler.CanonicalRuntimeProfile.Profile F} {ambient : Minidregg.Kernel.PurseRefillReceiver.Ambient} {durable : Minidregg.Kernel.PurseRefillReceiver.Durable} {command : Minidregg.Kernel.PurseRefillReceiver.Command} (prepared : Minidregg.Kernel.PurseRefillReceiver.Prepared deployment profile ambient durable command), (Minidregg.Theory.CanonicalResourceKernel.logicalBook prepared.bookPost.logical).totalAsset prepared.plan.asset = (Minidregg.Kernel.PurseRefillReceiver.bookOf prepared.book).totalAsset prepared.plan.asset ∧ Minidregg.Kernel.PurseRefill.budget prepared.plan.after = Minidregg.Kernel.PurseRefill.budget prepared.plan.before + Int.ofNat command.amount
theorem	Minidregg.Kernel.PurseRefillReceiver.Prepared.decided	cd638b25355ba0e709d5e9d389fb789a60d0fa3f1793faf96af68cca6f98f58c	b9a860b3b17d2042e8cd13d72b064c8af481716e2ed3588dd9d9f7af38062a06	c2834b2079d1758c7c95e2d548ea1cdb284bb87653fbb79f674d86850258e11b	85c5a4f3e4db8df6	Classical.choice,Quot.sound,propext	∀ {F : Type} [inst : Field F] {deployment : Minidregg.Kernel.PurseRefillReceiver.Deployment} {profile : Minidregg.Compiler.CanonicalRuntimeProfile.Profile F} {ambient : Minidregg.Kernel.PurseRefillReceiver.Ambient} {durable : Minidregg.Kernel.PurseRefillReceiver.Durable} {command : Minidregg.Kernel.PurseRefillReceiver.Command} (self : Minidregg.Kernel.PurseRefillReceiver.Prepared deployment profile ambient durable command), Minidregg.Kernel.PurseRefill.decideRefill (Minidregg.Kernel.PayCell.tariffOf self.pay.cell.logical) (Minidregg.Theory.CredentialAuthorityState.readCapability self.authority.snapshot.cell Minidregg.Theory.TypedAuthorization.ResourceKind.account command.capability) command.subject (Minidregg.Kernel.PurseRefillReceiver.bookOf self.book) (Minidregg.Kernel.AgentGrain.readState command.task self.purse.logical) command.account command.amount command.gain = Except.ok self.plan
def	Minidregg.Kernel.PurseRefillReceiver.Prepared.directory	bbd3e577b2bdf4be0d6c1853b5ceab360c8221f02194ade9ac4c661169ee3e66	25466401b226699f38283bc030155279caef8fa1244512e43bd5f8d3404d0a65	287b0f446c2cf020b1252dc9574712fbc0760c52cf8da509ca53dc5c00b897f5	16e5cd5a9921ede0	Classical.choice,Quot.sound,propext	{F : Type} → [inst : Field F] → {deployment : Minidregg.Kernel.PurseRefillReceiver.Deployment} → {profile : Minidregg.Compiler.CanonicalRuntimeProfile.Profile F} → {ambient : Minidregg.Kernel.PurseRefillReceiver.Ambient} → {durable : Minidregg.Kernel.PurseRefillReceiver.Durable} → {command : Minidregg.Kernel.PurseRefillReceiver.Command} → Minidregg.Kernel.PurseRefillReceiver.Prepared deployment profile ambient durable command → Minidregg.Compiler.CredentialAuthorityDomainReceiver.LoadedDirectory durable
theorem	Minidregg.Kernel.PurseRefillReceiver.Prepared.owner	2fbc0f61f43226b8c5a019e85d9a9814da7f02a1f43cbc1494b79fcbb2a1be73	5e3b0f22f41ebea2c1eaca682988ec5b659e35ad1c064f96a6d6c27c9e85490a	9c6036906dac67409db54ffd7bd9ed844e4d1140541c7c2f8a42870d767f7db9	04d4da97b0c66e48	Classical.choice,Quot.sound,propext	∀ {F : Type} [inst : Field F] {deployment : Minidregg.Kernel.PurseRefillReceiver.Deployment} {profile : Minidregg.Compiler.CanonicalRuntimeProfile.Profile F} {ambient : Minidregg.Kernel.PurseRefillReceiver.Ambient} {durable : Minidregg.Kernel.PurseRefillReceiver.Durable} {command : Minidregg.Kernel.PurseRefillReceiver.Command} (prepared : Minidregg.Kernel.PurseRefillReceiver.Prepared deployment profile ambient durable command), Minidregg.Kernel.PayAssignmentReceiver.OwnerGrant (Minidregg.Theory.CredentialAuthorityState.readCapability prepared.authority.snapshot.cell Minidregg.Theory.TypedAuthorization.ResourceKind.account command.capability) command.subject command.account
def	Minidregg.Kernel.PurseRefillReceiver.Prepared.pay	4e27c276acc84359e77a062f40c2fc1c781e6b1a2b79b426bb5e00cdb3cfa49d	5a7dd0bc00c26dbd746eac686eef1cba0a4804b1671985c9757443f4d50ab1ed	68f2bfc031ae676a3eec78ce3aff84b66944badf404a1b8e48150a523d5ef9f9	24d27bfc78d7716b	Classical.choice,Quot.sound,propext	{F : Type} → [inst : Field F] → {deployment : Minidregg.Kernel.PurseRefillReceiver.Deployment} → {profile : Minidregg.Compiler.CanonicalRuntimeProfile.Profile F} → {ambient : Minidregg.Kernel.PurseRefillReceiver.Ambient} → {durable : Minidregg.Kernel.PurseRefillReceiver.Durable} → {command : Minidregg.Kernel.PurseRefillReceiver.Command} → Minidregg.Kernel.PurseRefillReceiver.Prepared deployment profile ambient durable command → Minidregg.Kernel.PayCellDomain.Loaded deployment durable.snapshot
def	Minidregg.Kernel.PurseRefillReceiver.Prepared.plan	21007982c0a904c82b7039e94d8f9647abaed16bdfae02f7f28aac5bcababbb6	6e8c0e5aa6dffa297b34d6cd535831552c7721200b1c7d2e21ecddaf26705ed0	1b02135ccff1b64043d7358202f0ed0a248322ff4582d61f285e04a482b7d86f	dff91632ca0f87bc	Classical.choice,Quot.sound,propext	{F : Type} → [inst : Field F] → {deployment : Minidregg.Kernel.PurseRefillReceiver.Deployment} → {profile : Minidregg.Compiler.CanonicalRuntimeProfile.Profile F} → {ambient : Minidregg.Kernel.PurseRefillReceiver.Ambient} → {durable : Minidregg.Kernel.PurseRefillReceiver.Durable} → {command : Minidregg.Kernel.PurseRefillReceiver.Command} → Minidregg.Kernel.PurseRefillReceiver.Prepared deployment profile ambient durable command → Minidregg.Kernel.PurseRefill.Plan
def	Minidregg.Kernel.PurseRefillReceiver.Prepared.purse	d2ccd862694e703964bea6828368dd5bd5afeb0c9450d24ab7a3c151977af5fe	473bbb08fc25c3a4ea62710a0ae228b9a9719346f4c84d0e42e6dd1258caf00d	26a2097b7a390f1ee7847397e7d83352ac814b669e3d26da927a2cdbc63af1fc	32e220075976c723	Classical.choice,Quot.sound,propext	{F : Type} → [inst : Field F] → {deployment : Minidregg.Kernel.PurseRefillReceiver.Deployment} → {profile : Minidregg.Compiler.CanonicalRuntimeProfile.Profile F} → {ambient : Minidregg.Kernel.PurseRefillReceiver.Ambient} → {durable : Minidregg.Kernel.PurseRefillReceiver.Durable} → {command : Minidregg.Kernel.PurseRefillReceiver.Command} → Minidregg.Kernel.PurseRefillReceiver.Prepared deployment profile ambient durable command → Minidregg.Kernel.PurseRefillReceiver.PurseCell
theorem	Minidregg.Kernel.PurseRefillReceiver.Prepared.purseAccepted	1c262823546e6f5450bd15052b12aee21f888b31b9c0ebc2815f843187492f04	35a9f1b69a13a429d55ed1abeedc67d1e2a94e78e437196ab4f2a76b1675866d	ba29089aef63c9e179fc84ec0d4a9eac1127b75bddb69e6c63a71f28fcb31d99	a3f00d1f1e6c9be2	Classical.choice,Quot.sound,propext	∀ {F : Type} [inst : Field F] {deployment : Minidregg.Kernel.PurseRefillReceiver.Deployment} {profile : Minidregg.Compiler.CanonicalRuntimeProfile.Profile F} {ambient : Minidregg.Kernel.PurseRefillReceiver.Ambient} {durable : Minidregg.Kernel.PurseRefillReceiver.Durable} {command : Minidregg.Kernel.PurseRefillReceiver.Command} (self : Minidregg.Kernel.PurseRefillReceiver.Prepared deployment profile ambient durable command), Minidregg.Pred.eval self.purseLaw.record.predicate { slots := [] } (Minidregg.Kernel.PurseRefillReceiver.purseState command self.purse.logical self.candidate.validated.apply.logical) = Bool.true
def	Minidregg.Kernel.PurseRefillReceiver.Prepared.purseBefore	a75b4223ac23dfe35b4fc493a7dc64092678b2c95fa13288f37ed747fb6dbe84	6e501449ee08bd3c3ad1922846ada75b69a29a4ba446e1b68e14688bb5080b81	887f63c407cee53cb6aec0ee46bc1e201c1b5a54f29c41d61a6d2259a25172c4	0ffe5f9a80251f89	Classical.choice,Quot.sound,propext	{F : Type} → [inst : Field F] → {deployment : Minidregg.Kernel.PurseRefillReceiver.Deployment} → {profile : Minidregg.Compiler.CanonicalRuntimeProfile.Profile F} → {ambient : Minidregg.Kernel.PurseRefillReceiver.Ambient} → {durable : Minidregg.Kernel.PurseRefillReceiver.Durable} → {command : Minidregg.Kernel.PurseRefillReceiver.Command} → Minidregg.Kernel.PurseRefillReceiver.Prepared deployment profile ambient durable command → Minidregg.Theory.CellRegistry.PackedCell Minidregg.Kernel.PurseRefillReceiver.Registry
def	Minidregg.Kernel.PurseRefillReceiver.Prepared.purseLaw	17f878973e5cff6f621abcd0f31c86415458e3d330f2cde68a8a8344467eaadf	11cce552149d72a344b4f0ad3aded182bf07e471a01cf0f25c326810b2bea5bc	0d087fbc86c2346b2d7054aaba1ad8b90475c8702129c322018be32ec7a8e376	850c00bf162b9d05	Classical.choice,Quot.sound,propext	{F : Type} → [inst : Field F] → {deployment : Minidregg.Kernel.PurseRefillReceiver.Deployment} → {profile : Minidregg.Compiler.CanonicalRuntimeProfile.Profile F} → {ambient : Minidregg.Kernel.PurseRefillReceiver.Ambient} → {durable : Minidregg.Kernel.PurseRefillReceiver.Durable} → {command : Minidregg.Kernel.PurseRefillReceiver.Command} → (self : Minidregg.Kernel.PurseRefillReceiver.Prepared deployment profile ambient durable command) → Minidregg.Compiler.CanonicalCellRegistry.LoadedPolicySource self.authority.snapshot.domain self.directory.directory (self.authority.snapshot.authState.policyAddress { value := command.task } (self.authority.snapshot.authState.policyRevision { value := command.task }))
def	Minidregg.Kernel.PurseRefillReceiver.Prepared.pursePost	8772ace4dc8e6bcd1d18e056d6b4b3e671a054cf2d94cb005b74c10e57d6ae22	473bbb08fc25c3a4ea62710a0ae228b9a9719346f4c84d0e42e6dd1258caf00d	385b55f1ac85c6cd9d0c81ac102593ada6aed73b696d92d518120ff9a83cd6f7	c93d797c208d14d5	Classical.choice,Quot.sound,propext	{F : Type} → [inst : Field F] → {deployment : Minidregg.Kernel.PurseRefillReceiver.Deployment} → {profile : Minidregg.Compiler.CanonicalRuntimeProfile.Profile F} → {ambient : Minidregg.Kernel.PurseRefillReceiver.Ambient} → {durable : Minidregg.Kernel.PurseRefillReceiver.Durable} → {command : Minidregg.Kernel.PurseRefillReceiver.Command} → Minidregg.Kernel.PurseRefillReceiver.Prepared deployment profile ambient durable command → Minidregg.Kernel.PurseRefillReceiver.PurseCell
theorem	Minidregg.Kernel.PurseRefillReceiver.Prepared.pursePresent	58fcf0b1a544c99b4bd0eb0880ff3a704c3518396eea69855d03f18795360e16	a0a5aae080227a38f84c0e94ca5a75293b4ce47590ea446d48aa5d9f054eec15	6c33c40793dbf25110c52766cef99e55000081c78cef88d7f6754122e8a11c16	1be367c5f0674f75	Classical.choice,Quot.sound,propext	∀ {F : Type} [inst : Field F] {deployment : Minidregg.Kernel.PurseRefillReceiver.Deployment} {profile : Minidregg.Compiler.CanonicalRuntimeProfile.Profile F} {ambient : Minidregg.Kernel.PurseRefillReceiver.Ambient} {durable : Minidregg.Kernel.PurseRefillReceiver.Durable} {command : Minidregg.Kernel.PurseRefillReceiver.Command} (self : Minidregg.Kernel.PurseRefillReceiver.Prepared deployment profile ambient durable command), self.directory.directory.slots command.task = Minidregg.Theory.CellRegistry.CellSlot.present self.purseBefore
theorem	Minidregg.Kernel.PurseRefillReceiver.Prepared.purseSelected	5c7dc52bf37458fa9e02d23fdba8f29165889f045f4dffb4a5ef92c849eb549a	fcdc63139a67f234326e84a5a6b60296e869ca10d826ec00f30558cb7263f649	da2be492c65cc811bc4aa7fb3eb9660fb475bb138e81262445881e77fd90d54f	d0f0f935ec07ee23	Classical.choice,Quot.sound,propext	∀ {F : Type} [inst : Field F] {deployment : Minidregg.Kernel.PurseRefillReceiver.Deployment} {profile : Minidregg.Compiler.CanonicalRuntimeProfile.Profile F} {ambient : Minidregg.Kernel.PurseRefillReceiver.Ambient} {durable : Minidregg.Kernel.PurseRefillReceiver.Durable} {command : Minidregg.Kernel.PurseRefillReceiver.Command} (self : Minidregg.Kernel.PurseRefillReceiver.Prepared deployment profile ambient durable command), Minidregg.Compiler.CanonicalCellRegistry.selectDeclared deployment command.task Minidregg.Theory.TypedAuthorization.ResourceKind.object self.purseBefore = Option.some self.purse
theorem	Minidregg.Kernel.PurseRefillReceiver.Prepared.purse_before	de05116bd4259552c5acf1113e0cc526afef20e936bd8f5b2e5051940518c56b	b11db6f1a756b649cd8fe8b0a71c81348ae337e169c5d1f0ad8148faff712b72	47f3b83fc38c6135d5eb53cefc430afdcfb39fe8357e5bcfed7b2f2037d18dfa	e4b31926b05c9b06	Classical.choice,Quot.sound,propext	∀ {F : Type} [inst : Field F] {deployment : Minidregg.Kernel.PurseRefillReceiver.Deployment} {profile : Minidregg.Compiler.CanonicalRuntimeProfile.Profile F} {ambient : Minidregg.Kernel.PurseRefillReceiver.Ambient} {durable : Minidregg.Kernel.PurseRefillReceiver.Durable} {command : Minidregg.Kernel.PurseRefillReceiver.Command} (prepared : Minidregg.Kernel.PurseRefillReceiver.Prepared deployment profile ambient durable command), Minidregg.Kernel.AgentGrain.readState command.task prepared.purse.logical = Option.some prepared.plan.before
theorem	Minidregg.Kernel.PurseRefillReceiver.Prepared.resources	315790e55a3b3345b93b8e7295ebab8fb6d36cf96477174340c8687dbbb4be81	6434c6643cae0f717571d71fefc5d647b727e270fa0dd50e2be91f097a1d212e	3a72b46cd40f4a2ebc6477232ecab13a13799ef1807a180e47225a181a58a409	de4f4f34d9a85a48	Classical.choice,Quot.sound,propext	∀ {F : Type} [inst : Field F] {deployment : Minidregg.Kernel.PurseRefillReceiver.Deployment} {profile : Minidregg.Compiler.CanonicalRuntimeProfile.Profile F} {ambient : Minidregg.Kernel.PurseRefillReceiver.Ambient} {durable : Minidregg.Kernel.PurseRefillReceiver.Durable} {command : Minidregg.Kernel.PurseRefillReceiver.Command} (self : Minidregg.Kernel.PurseRefillReceiver.Prepared deployment profile ambient durable command), Minidregg.Theory.CanonicalResourceKernel.AcceptedBatch self.book.payload self.plan.batch
def	Minidregg.Kernel.PurseRefillReceiver.Prepared.source	b212549dc9978bbe3c5a08cf5d7db10be9bad88867e87e9ace4127f7bb711276	b3c77150fa2e017c2b3eeeab4a48d3f945ace90b7aa3dc684060d7a794e6efaf	cbcf4009cde13474312e527b6ba98476e1787095a3ce79137ad4ab2323e03f8d	83ecf95a5dbb6068	Classical.choice,Quot.sound,propext	{F : Type} → [inst : Field F] → {deployment : Minidregg.Kernel.PurseRefillReceiver.Deployment} → {profile : Minidregg.Compiler.CanonicalRuntimeProfile.Profile F} → {ambient : Minidregg.Kernel.PurseRefillReceiver.Ambient} → {durable : Minidregg.Kernel.PurseRefillReceiver.Durable} → {command : Minidregg.Kernel.PurseRefillReceiver.Command} → (self : Minidregg.Kernel.PurseRefillReceiver.Prepared deployment profile ambient durable command) → Minidregg.Compiler.CanonicalCellRegistry.LoadedPolicySource self.authority.snapshot.domain self.directory.directory (self.authority.snapshot.authState.policyAddress { value := command.account } (self.authority.snapshot.authState.policyRevision { value := command.account }))
def	Minidregg.Kernel.PurseRefillReceiver.PurseCell	11abaa18cd89b39ec997e31e68e95c23a3cbe96750e824dac6fb0f715dcf49d9	89855d392aa192071e8a2b2230d30ecae8fc9de0c15fa6a53f6209226829292a	4c1231f1ad9d42bfe0af8c5dd175b941509be8a6f1f81ea6d844c28aa36e4cc9	83040c77ffeeaef8	Classical.choice,Quot.sound,propext	Type
inductive	Minidregg.Kernel.PurseRefillReceiver.Receipt	cb939904540e42563ac6968d4aed7481f2bf5c5d9f08501d265fbf3adf7ef58f	16946b93ac38405660f51e475eb5aa7d25b54f5e5677e0f6a10a4526cc071cbf	5081102f30fded90c5b0b14feb69219bfdc082849e44ed6d316f8444c238e651	f9d543d0b896e250		Type
def	Minidregg.Kernel.PurseRefillReceiver.Receipt.eventId	651f44fb63363f8f66a001310024b199db13b1ea765c4f71d75a368fb7527e70	f56e63c4fd41c59f6594703732c0065d95c170bd9168e90ac1a051bf544d8e6d	8f93f373d387bbf7af2e8443ddc5d0af48c59b7e5de2ff9f683605d824d3d6a5	d7693899e93b1782	-	Minidregg.Kernel.PurseRefillReceiver.Receipt → Minidregg.Theory.TypedAuthorization.Digest
ctor	Minidregg.Kernel.PurseRefillReceiver.Receipt.mk	6421d559f6ef9fe773bb74b07149f9cc5d20c5440ebc6c3796e3862ef76974a5	442e106cb2ca4ebd1eaecd63323caafcc83360d0acb0957907a7f1298989a8d0	f491535ebb43510a73b98e4efb3f0ad2b7f8e1a1984363df5f1b59d20663730f	7deae10d74e13507		Minidregg.Theory.TypedAuthorization.Digest → Minidregg.Theory.TypedAuthorization.Digest → Minidregg.Kernel.PurseRefillReceiver.Receipt
def	Minidregg.Kernel.PurseRefillReceiver.Receipt.transactionId	4b3944eee32701a0ec01743393ef9fb4cbff50fd917760d5a5498aed6fab2f18	f56e63c4fd41c59f6594703732c0065d95c170bd9168e90ac1a051bf544d8e6d	95fc3a6207a0562d6d6dafbb109f4c859f4f11ada942cdb31e6c8714dc97c928	60edfa41a6ca531e	-	Minidregg.Kernel.PurseRefillReceiver.Receipt → Minidregg.Theory.TypedAuthorization.Digest
def	Minidregg.Kernel.PurseRefillReceiver.Registry	1d2f9baf34230d53e689dfbb1d46878d9fd23ff54dd8be8b84c42a0ee2526535	44f45dd1328f53e20f968e4cb0fcc73a571ffc84e263b64c9457558544039a9a	410e72d09e26aca152e995bb63ab797b9023e3fd449a28691c2ff2344dc27811	5e5a7f7342a1674c	Classical.choice,Quot.sound,propext	Minidregg.Theory.CellRegistry.TypeRegistry Minidregg.Theory.TypedAuthorization.Digest
inductive	Minidregg.Kernel.PurseRefillReceiver.Result	b534f070107dbe2fac3876e0cf87f999f0a209bea5e42429a047fffc12ae2d59	16946b93ac38405660f51e475eb5aa7d25b54f5e5677e0f6a10a4526cc071cbf	05dcca6fb470288900881c380c79e623f81d333dd20f841ead8722a03ba49e8e	4e52e6a9cba7c91d		Type
ctor	Minidregg.Kernel.PurseRefillReceiver.Result.confirmed	32e822aea5c359c824aec4a8b3d97f088748c8ce865d7c593ecb91a262d1c85a	60a61d7cbff4d5db91ef875b897bf8b128077f3d49a0286d76c4f38732b1c259	7ad14167dbe09472b598d1a520a3f2a59b4bc2fbe092283d5c0cc4bc40f25fa4	aa6ee11069ad3b49		Minidregg.Compiler.DurableReceiverIO.Confirmation → Minidregg.Kernel.PurseRefillReceiver.Receipt → Minidregg.Kernel.PurseRefillReceiver.Result
def	Minidregg.Kernel.PurseRefillReceiver.Result.confirmed.elim	00f2789c446e7df50e9e5e535f5915bbdcd02475330e3343916b51174dd1c013	1d5a83a2f2461525039d7c7cfb0beb9c52909494403635f5741cd8612fa4e21c	89c3ac166258c1dd5b50bde24cf7bb7670c63d1ef0db4e179dd8c87cf261f9ec	f2f4fa2610f61643	-	{motive : Minidregg.Kernel.PurseRefillReceiver.Result → Sort u} → (t : Minidregg.Kernel.PurseRefillReceiver.Result) → t.ctorIdx = 0 → ((kind : Minidregg.Compiler.DurableReceiverIO.Confirmation) → (receipt : Minidregg.Kernel.PurseRefillReceiver.Receipt) → motive (Minidregg.Kernel.PurseRefillReceiver.Result.confirmed kind receipt)) → motive t
ctor	Minidregg.Kernel.PurseRefillReceiver.Result.contention	eb27a3d72e89d116ce81ab84f5964692b702654bcbde2b29e9b9c52f7cf4b07d	63dab620cdddc8152902147d9bcac575cdab9b64884f8478a2933710ac938a85	456053a79c8d568ee17c5ebf0268f132b96280cb1a61028bbf4e4b962cd3aea7	576f59062c3ab034		Minidregg.Kernel.PurseRefillReceiver.Result
def	Minidregg.Kernel.PurseRefillReceiver.Result.contention.elim	1d6bd171de0bf99b2bbc1ca9ef06e3e5de197a27df288c610ce47f0f1c1193b2	a9bc45c19a99e28f268a8e38bcb3b9e26b959e9f347e42e978ad65a4ae2b962a	8735433327bf18a4690702075fcda37426a24fad1cf41bac70097e6452ef35b4	727e7ca64e2a5eca	-	{motive : Minidregg.Kernel.PurseRefillReceiver.Result → Sort u} → (t : Minidregg.Kernel.PurseRefillReceiver.Result) → t.ctorIdx = 4 → motive Minidregg.Kernel.PurseRefillReceiver.Result.contention → motive t
ctor	Minidregg.Kernel.PurseRefillReceiver.Result.durableRejected	fce96e5ac00220e0e94221dd5626bd25f939a5bb50bc64266708dc2818878a12	a79ed8aae1dd3f5ac5a876501effd667ffb3af335018cea5812904daf49295d9	abf48362bb3f698c4ef7bc23ff5bed4dc2342d5e5c8def3129948db6b4886351	714f637756042a0c		Minidregg.Kernel.DurableDataIntent.RejectReason → Minidregg.Kernel.PurseRefillReceiver.Result
def	Minidregg.Kernel.PurseRefillReceiver.Result.durableRejected.elim	15d8ed105b2929cd9046c67280dd344fe6e187d312d7c05520d4eefc45ec9e47	cf6c64d264316cd1f1948db78bb30158b4b67fae1a7775154be3d3aeebe17cc9	edde5a73d1c9492c89d9e08837fe6d2752da10e2214f92d2e8a31cddf541ec26	572584e59ed39974	-	{motive : Minidregg.Kernel.PurseRefillReceiver.Result → Sort u} → (t : Minidregg.Kernel.PurseRefillReceiver.Result) → t.ctorIdx = 3 → ((reason : Minidregg.Kernel.DurableDataIntent.RejectReason) → motive (Minidregg.Kernel.PurseRefillReceiver.Result.durableRejected reason)) → motive t
ctor	Minidregg.Kernel.PurseRefillReceiver.Result.rejected	57f68eb4ed991623eef13090270b727cb5643cb5a44b1f15a7bd3bcf9ff749c4	205a45ca2026434ad6ff070552c08bca077fd85cd415c6aa3b5f10a3a15ac9be	337c4839e327cddde182606fb1c38602d6bc6c7324d3e79d94478d795643a96b	2916a46e843d67cc		Minidregg.Kernel.PurseRefill.Reject → Minidregg.Kernel.PurseRefillReceiver.Result
def	Minidregg.Kernel.PurseRefillReceiver.Result.rejected.elim	5165f2b73cda9c87f4fe578966f3674d56395a8f9908c2beb55686fff0a5c441	5f0fcd3c66ec19a03d5787e20b04b624c59e03a0230ff36027ee7a47a5fbf51c	7162f6a152584010205f5ee60cd4bc21880b4f4aef8fbfc5527cb6b4978929af	eae2f2a614c797a9	-	{motive : Minidregg.Kernel.PurseRefillReceiver.Result → Sort u} → (t : Minidregg.Kernel.PurseRefillReceiver.Result) → t.ctorIdx = 1 → ((reason : Minidregg.Kernel.PurseRefill.Reject) → motive (Minidregg.Kernel.PurseRefillReceiver.Result.rejected reason)) → motive t
ctor	Minidregg.Kernel.PurseRefillReceiver.Result.transactionConflict	d984c5eed6e9c2f18ec4c7b21b9143321a6bb6d5d489812bd584635906fd483d	63dab620cdddc8152902147d9bcac575cdab9b64884f8478a2933710ac938a85	1c31747e6d166157581465251df3399ca3e7fd8270b56b3d19c3c1f2c4a0a890	87210b69c473086f		Minidregg.Kernel.PurseRefillReceiver.Result
def	Minidregg.Kernel.PurseRefillReceiver.Result.transactionConflict.elim	581e3e788184dc04402b4f088836e24a93d40493d34e995e09c6fd3cda4b7e21	96dd43934f75da2286903977250189050490f68e10264a45f62a66d05990e0ca	be7b431e884ee97c44fe93809102fb0e3e28fe636b2ec84bf610aefbfcb898b7	df055785b885dc93	-	{motive : Minidregg.Kernel.PurseRefillReceiver.Result → Sort u} → (t : Minidregg.Kernel.PurseRefillReceiver.Result) → t.ctorIdx = 2 → motive Minidregg.Kernel.PurseRefillReceiver.Result.transactionConflict → motive t
ctor	Minidregg.Kernel.PurseRefillReceiver.Result.unavailable	b6ebd092b37e0b59f44f64d6b9c48fc278d2d610f451db570e554d486f3db3d3	9bb3defd8fd02c9dea3c8acf75dc91d1eab8bce9c4eb206af971de225f3864b6	b0a0cab4e6ce1f602eeb1502805ef0a4be5e75f873e52e545d34659128eb8ec1	d9775b9d09f41014		String → Minidregg.Kernel.PurseRefillReceiver.Result
def	Minidregg.Kernel.PurseRefillReceiver.Result.unavailable.elim	b4aed32236429a9eb37a644071b88ca0fe18d82a902e9ca877ab53a02e1cde43	9c66feebbdf2a4332b48a62413ae1f5061682c572b0481c8f9707064aebe4899	ecc5dd38139a34fcef40bc153aec689d509a7721fca812aa3fda59604c798393	a72d5d2ab2a2d780	-	{motive : Minidregg.Kernel.PurseRefillReceiver.Result → Sort u} → (t : Minidregg.Kernel.PurseRefillReceiver.Result) → t.ctorIdx = 5 → ((detail : String) → motive (Minidregg.Kernel.PurseRefillReceiver.Result.unavailable detail)) → motive t
ctor	Minidregg.Kernel.PurseRefillReceiver.Result.uncertain	1ce36bf8b7ade72d5857b33995de4f5441a6c5edc0481ad567079517448a69f5	9bb3defd8fd02c9dea3c8acf75dc91d1eab8bce9c4eb206af971de225f3864b6	c3a6091ecf581d9979f0027bbd57a3fb1ae3af6ff4315641a68f508d16db364f	59efa7c477e4073a		String → Minidregg.Kernel.PurseRefillReceiver.Result
def	Minidregg.Kernel.PurseRefillReceiver.Result.uncertain.elim	aa3b70ce394d91e280c25ccb0ebff2d7ec0bf2070c6622f7d62198717bddffda	08877487be2422154f08bf5a32384a901f471b7ecf2043ecaa3bed05ac63272a	c6da91be71f6d77cac41bb285f5783a3b5fa6eba80b436c19321095b89d27f0c	af43fef4fdb0bb0b	-	{motive : Minidregg.Kernel.PurseRefillReceiver.Result → Sort u} → (t : Minidregg.Kernel.PurseRefillReceiver.Result) → t.ctorIdx = 6 → ((detail : String) → motive (Minidregg.Kernel.PurseRefillReceiver.Result.uncertain detail)) → motive t
def	Minidregg.Kernel.PurseRefillReceiver.Snapshot	90e93408b9d508e44597fccc7558aca0a2dfb911d74acdd736d0620943e73f9a	89855d392aa192071e8a2b2230d30ecae8fc9de0c15fa6a53f6209226829292a	7fa523dec5f887baa80796835478ed1b7033600b3aec8acb6ae324e4966aaed1	f046ec6127898f26	Classical.choice,Quot.sound,propext	Type
theorem	Minidregg.Kernel.PurseRefillReceiver.accepted_balanced	620bb816c57c43df807d13ad009cdc44a56f9f7eef03f327866f0d50d7d7ff0c	f783c377fc086be1cfb4c874408b5256ac7d136528bef0032e2797ba6e1916f1	d8cd205ada903d49f89cac1bd270529448cb1a2f70926b5824e1cf4235d527d1	ffc4dbf255cb4a83	Classical.choice,Quot.sound,propext	∀ {F : Type} [inst : Field F] {deployment : Minidregg.Kernel.PurseRefillReceiver.Deployment} {profile : Minidregg.Compiler.CanonicalRuntimeProfile.Profile F} {ambient : Minidregg.Kernel.PurseRefillReceiver.Ambient} {durable : Minidregg.Kernel.PurseRefillReceiver.Durable} [inst_1 : DecidableEq F] {ingress : Minidregg.Kernel.PurseRefillReceiver.DecodedIngress} (accepted : Minidregg.Kernel.PurseRefillReceiver.AcceptedRefill deployment profile ambient durable ingress), Minidregg.Kernel.PurseRefill.aggregateDelta (Minidregg.Kernel.PurseRefillReceiver.bookOf accepted.prepared.book) accepted.prepared.plan = 0
def	Minidregg.Kernel.PurseRefillReceiver.admitDecodedNative	5676634e5e404fc09e5718ac8538d57f6c436a539bcb4778671eccd234a2c0fd	3392eaccce17589e1f2e05034daf7a0b2a532b22939258f00031d77b2ef9ed46	455d5e0803e7db8939e7a87e706c7528618604947831dc4999e7e436f1f627e4	908109c3b8f2129c	Classical.choice,Quot.sound,propext	{F : Type} → [inst : Field F] → [inst_1 : DecidableEq F] → (deployment : Minidregg.Kernel.PurseRefillReceiver.Deployment) → (profile : Minidregg.Compiler.CanonicalRuntimeProfile.Profile F) → (ambient : Minidregg.Kernel.PurseRefillReceiver.Ambient) → (durable : Minidregg.Kernel.PurseRefillReceiver.Durable) → Minidregg.Compiler.CredentialSignatureIO.NativeConfig → (ingress : Minidregg.Kernel.PurseRefillReceiver.DecodedIngress) → IO (Except Minidregg.Kernel.PurseRefill.Reject (Minidregg.Kernel.PurseRefillReceiver.AcceptedRefill deployment profile ambient durable ingress))
def	Minidregg.Kernel.PurseRefillReceiver.admitNative	b81422c94d36b82839c07a49f4bcd3814e5fa716098aae5fc706533bc15ab8ee	fc17fe5234326563cd2c721e77305a43af7450e57cbc53631c24b67ab785e9bf	5559c7baa036d234adf7a4288ec0da3687329ad49fb1ecc50bdf38d772733afb	f9c1b6dfa7e0d48e	Classical.choice,Quot.sound,propext	{F : Type} → [inst : Field F] → {deployment : Minidregg.Kernel.PurseRefillReceiver.Deployment} → {profile : Minidregg.Compiler.CanonicalRuntimeProfile.Profile F} → {ambient : Minidregg.Kernel.PurseRefillReceiver.Ambient} → {durable : Minidregg.Kernel.PurseRefillReceiver.Durable} → {command : Minidregg.Kernel.PurseRefillReceiver.Command} → [inst_1 : DecidableEq F] → Minidregg.Compiler.CredentialSignatureIO.NativeConfig → (prepared : Minidregg.Kernel.PurseRefillReceiver.Prepared deployment profile ambient durable command) → (ingress : Minidregg.Kernel.PurseRefillReceiver.DecodedIngress) → IO (Except Minidregg.Kernel.PurseRefill.Reject (Minidregg.Kernel.PurseRefillReceiver.Accepted prepared ingress))
def	Minidregg.Kernel.PurseRefillReceiver.authorize	0adba6179f516df8b0b8bfceb377e6158a4d5cfa0837ee58063eac4b4ce0e290	f56ac83e97823ce5998073150c3fb747e70920612b0c25a1c2a059e40edd4b69	7e31427d0e1fae094ec1c8041d6b07ee2fbd37b1c78ba6308c8497e5c7a2187c	570133f339c53bb8	Classical.choice,Quot.sound,propext	{F : Type} → [inst : Field F] → {deployment : Minidregg.Kernel.PurseRefillReceiver.Deployment} → {profile : Minidregg.Compiler.CanonicalRuntimeProfile.Profile F} → {ambient : Minidregg.Kernel.PurseRefillReceiver.Ambient} → {durable : Minidregg.Kernel.PurseRefillReceiver.Durable} → {command : Minidregg.Kernel.PurseRefillReceiver.Command} → [inst_1 : DecidableEq F] → (prepared : Minidregg.Kernel.PurseRefillReceiver.Prepared deployment profile ambient durable command) → Minidregg.Compiler.CredentialSignatureAdmission.CheckedSignature prepared.authority.snapshot → Except Minidregg.Kernel.PurseRefill.Reject prepared.SemanticAccepted
def	Minidregg.Kernel.PurseRefillReceiver.bookOf	27f7f6d8e3bf2ae2d563549d81ab80af053688cdb5b0027cd285d2037dded533	0ccd3eff0702907fdc855806baf1665f23a79c569cd4a557d624592024ab4275	7817358048bfa4fb80c5e0982cbecb9d62272e13c7a49c850a7eaf525a8ad68a	08c1a60d10cb5d76	Classical.choice,Quot.sound,propext	{deployment : Minidregg.Kernel.PurseRefillReceiver.Deployment} → {directory : Minidregg.Theory.CellRegistry.Directory ℕ Minidregg.Kernel.PurseRefillReceiver.Registry} → Minidregg.Kernel.PurseRefillReceiver.BookCell deployment directory → Minidregg.Theory.CanonicalResourceKernel.Book
def	Minidregg.Kernel.PurseRefillReceiver.bookWrite	55b2d7e81e348c17a36574995e582e1835f4d866fc93d6bc2e2a4fd316322794	7044b1e719b548fce20f64360a8b7d3db71523cd92aa46c86b8986963b46e834	ff542c419c3eb928da77abc33afc10fb5d4d7e2b8982b46f2309c2b4bf691d1a	70e2be6f079355d9	Classical.choice,Quot.sound,propext	{F : Type} → [inst : Field F] → {deployment : Minidregg.Kernel.PurseRefillReceiver.Deployment} → {profile : Minidregg.Compiler.CanonicalRuntimeProfile.Profile F} → {ambient : Minidregg.Kernel.PurseRefillReceiver.Ambient} → {durable : Minidregg.Kernel.PurseRefillReceiver.Durable} → {command : Minidregg.Kernel.PurseRefillReceiver.Command} → Minidregg.Kernel.PurseRefillReceiver.Prepared deployment profile ambient durable command → Minidregg.Kernel.DurableDataIntent.DataWrite
def	Minidregg.Kernel.PurseRefillReceiver.charge	0f658aad82435faf2ddb1558a4d9e70500e3976bec20ae4c359d3ead89a30c29	1898c05cb7a2231b9f8cdacabb7fd6dda6b50d22b5c9b97ed51125cb8328aeab	af8e6956bd39e0a950e28f0943c8b1e238ebb87f38303f63b0cd60addc17fadf	8cd747f66827fe4a	Classical.choice,Quot.sound,propext	{F : Type} → [inst : Field F] → {deployment : Minidregg.Kernel.PurseRefillReceiver.Deployment} → {profile : Minidregg.Compiler.CanonicalRuntimeProfile.Profile F} → {ambient : Minidregg.Kernel.PurseRefillReceiver.Ambient} → {durable : Minidregg.Kernel.PurseRefillReceiver.Durable} → [inst_1 : DecidableEq F] → {ingress : Minidregg.Kernel.PurseRefillReceiver.DecodedIngress} → Minidregg.Kernel.PurseRefillReceiver.AcceptedRefill deployment profile ambient durable ingress → Minidregg.Theory.ResourceCost.Charge
def	Minidregg.Kernel.PurseRefillReceiver.commandCodec	96dbb164222c4886f3d5c82caab425ff6ce1f743cc7ed994d751b3c9548faa7c	11704190f08d66ab0a81b8bece6f3cd08128eca2a3d0070b1ea66e93f2ed7309	71681e67020a091458e5eac9969386b870be33c63d6a0da70fe0b906c1128ed1	40cf0f15077fcdba	Classical.choice,Quot.sound,propext	Minidregg.Theory.IndexedProgram.LawfulCodec Minidregg.Kernel.PurseRefillReceiver.Command
def	Minidregg.Kernel.PurseRefillReceiver.commandFrame	e1fdc720ce3e4b1611094da607d50c4601a3e13f75e856d04876e8405d52b186	268fce01293bcb84de059c093737d89d8980bbc789bd14e1bc6693665008f358	cc0e9ce7f3bae1289d11c3bb4003b1d178b7b86190f3ddf3f88408a792402455	c014e0ab5a2b99d1	propext	List UInt8
def	Minidregg.Kernel.PurseRefillReceiver.commandStream	4903f54f84b3099e01315942ccfca5e0257d843843a2e26f595a96b54397d70e	1f927513e822256a45a6ff81ed14e89a05c84166deefc8ddc986c3d79c4cdcd4	dc8d22e96b18ee1ca6cb90be6dc18db5738d9b2320cbbee8aff43769f3d6bc21	5063139beca990ae	Classical.choice,Quot.sound,propext	Minidregg.Compiler.Tower256ConcreteBackend.StreamCodec Minidregg.Kernel.PurseRefillReceiver.Command
theorem	Minidregg.Kernel.PurseRefillReceiver.command_canonical	ecde03a7a2b2a1cbd8e57f94fe0c849f91671e044eab3b6fbac8a7a80e178245	688e6829548a5b09c4d2619cdb81e4ad764441825dc2213ae4702f0bb67050aa	c543c99719fac762e6ddae01223dc16cb6f92af91cec7a4057d9ac80bffdc4c8	45f9e965ca5f172d	Classical.choice,Quot.sound,propext	∀ {bytes : List UInt8} {command : Minidregg.Kernel.PurseRefillReceiver.Command}, Minidregg.Kernel.PurseRefillReceiver.commandCodec.decode bytes = Option.some command → Minidregg.Kernel.PurseRefillReceiver.commandCodec.encode command = bytes
theorem	Minidregg.Kernel.PurseRefillReceiver.command_roundtrip	547099a04f4401a9a9475582771cb8f926885bfd3736292c8139278574d2c75b	8f04a2a23ab47edcd7549a8650ba249a313c89f6575865b5aa54ba0d4cc9d5d4	c67ed20dc2d7800da4441a19d0bc3c537a1fe14026ecd594d4ba72022c4699de	945f95742da8ab2d	Classical.choice,Quot.sound,propext	∀ (command : Minidregg.Kernel.PurseRefillReceiver.Command), Minidregg.Kernel.PurseRefillReceiver.commandCodec.decode (Minidregg.Kernel.PurseRefillReceiver.commandCodec.encode command) = Option.some command
def	Minidregg.Kernel.PurseRefillReceiver.context	cfe9987cc042c50de09145b6fa772fb88176df7d43892ecd5387853743a5a5ed	a5b002d6ba3735319a284eb2d6b8a1b04240d24562e4f42fba1a99fca60331b1	b0f9ba1c9b8a671b5b264adccf7fc7e1b84d3552cab16f6fc4debcd65592fe0f	0398c999d9a6a68c	Classical.choice,Quot.sound,propext	Minidregg.Kernel.PurseRefillReceiver.Snapshot → Minidregg.Theory.TypedAuthorization.Digest → Minidregg.Kernel.PurseRefillReceiver.Ambient → Minidregg.Kernel.PurseRefillReceiver.Command → Minidregg.Theory.CredentialAuthorityEffects.RequestContext
def	Minidregg.Kernel.PurseRefillReceiver.declaration	059f1e2743deeb758e437bb8cca884b3478c8ce52b11e7800d36b5ebd284771a	7cba68f053a00f14ae23ac869275f4aae0ed190ad2f4aec43bceb71f2b76258d	ab231571495b620a03a6e61b525e37c68f621311efdf6fe3cb0552946f94563b	04a2946d28563865	Classical.choice,Quot.sound,propext	Minidregg.Theory.TypedAuthorization.Digest → Minidregg.Theory.TypedAuthorization.Digest → Minidregg.Kernel.PurseRefillReceiver.Command → Minidregg.Theory.TypedAuthorization.Digest → Minidregg.Kernel.PurseRefill.Plan → Minidregg.Kernel.PurseRefillReceiver.Declaration
def	Minidregg.Kernel.PurseRefillReceiver.declarationCodec	cf4387047c5046e1691196bc88b21160525809fc607acf59bba2525637286a19	4b8eb5142571672226e1e68f6a3d02eacd9f73e1f107c513b66c6e5f0f505fcd	461d2f521f34f58899018b6c1d7f76ed1a80307fdee1a4d20a54e62f03b9356d	1b4f19726bde612d	Classical.choice,Quot.sound,propext	Minidregg.Theory.IndexedProgram.LawfulCodec Minidregg.Kernel.PurseRefillReceiver.Declaration
def	Minidregg.Kernel.PurseRefillReceiver.declarationStream	2b9886f5abb488eff0ff127c34035f3e332d261ebb3997279b9c705a59422b40	72e1f234093f0b08737ee0e22d9a10e22bd1adfc1da797bc5c28350cee08383d	26017f6b26243ec5d4be0a923120cf9dae9e4d0f7fe0b14f6033c22418ea0dcd	ec7d736c11cf6189	Classical.choice,Quot.sound,propext	Minidregg.Compiler.Tower256ConcreteBackend.StreamCodec Minidregg.Kernel.PurseRefillReceiver.Declaration
def	Minidregg.Kernel.PurseRefillReceiver.decodeIngress	44c56697b34326f95a2377cce4d3b850c6ab695112c794482e3d7d473470e57e	9b6bd68949df0d7f431a9b53ebb334193ddb548ab44c31613d708cfe339d9564	32301c536b68cb510d38c26cb86f2fda47c3f386c9d72fa0553818b53ab75285	771f034880e8c35b	Classical.choice,Quot.sound,propext	List UInt8 → Option Minidregg.Kernel.PurseRefillReceiver.DecodedIngress
def	Minidregg.Kernel.PurseRefillReceiver.effectDigest	9303ea2e1eb1193af8fb1a7840386c94296627e9ecbbee0ce9a0465aa77b49b0	53c12e301ce905b4e7caf947a1e9f18a620e9d209628162d5e772592c56deb9f	7057a3c651032d495f691712df4908f6d6ab240e5a5d8223c5ddcce6b0903f4e	0277b12b05210bd9	Classical.choice,Quot.sound,propext	Minidregg.Theory.TypedAuthorization.Digest → Minidregg.Theory.TypedAuthorization.Digest → Minidregg.Kernel.PurseRefillReceiver.Command → Minidregg.Kernel.PurseRefillReceiver.Declaration → Minidregg.Theory.TypedAuthorization.Digest
def	Minidregg.Kernel.PurseRefillReceiver.effectLaw	0cb32468d8276d2fcb0f72c9a4c26022243c4609af055d919677692e7b4f01d6	6f87fa26267c767d5ea094353d3999e252a6abf173040d211d2d61640a5fe005	de661376c3c92f29032a2ad746cf0461cc0da6481bb30f48cf8a05fe99d0af0a	de04156414279b10	Classical.choice,Quot.sound,propext	{F : Type} → [inst : Field F] → {deployment : Minidregg.Kernel.PurseRefillReceiver.Deployment} → {profile : Minidregg.Compiler.CanonicalRuntimeProfile.Profile F} → {ambient : Minidregg.Kernel.PurseRefillReceiver.Ambient} → {durable : Minidregg.Kernel.PurseRefillReceiver.Durable} → {command : Minidregg.Kernel.PurseRefillReceiver.Command} → Minidregg.Kernel.PurseRefillReceiver.Prepared deployment profile ambient durable command → Option (Minidregg.Pred.Pred × List (ℕ × Minidregg.Theory.TypedAuthorization.Digest))
def	Minidregg.Kernel.PurseRefillReceiver.effectLawAccepted	2bec9fa9b8da38a9496f822d43898fe8558585ad26a2ceb32b31031ada463d2d	9a220f61b0b25ad71ea89309631f9edde62fb8906f2a2318a61094916e1fc3ea	d64368db40145c059cf0fb8eb1a08416504d554c6003e6fce8d79fe4c7ff899a	e49a0887fa13ca08	Classical.choice,Quot.sound,propext	{F : Type} → [inst : Field F] → {deployment : Minidregg.Kernel.PurseRefillReceiver.Deployment} → {profile : Minidregg.Compiler.CanonicalRuntimeProfile.Profile F} → {ambient : Minidregg.Kernel.PurseRefillReceiver.Ambient} → {durable : Minidregg.Kernel.PurseRefillReceiver.Durable} → {command : Minidregg.Kernel.PurseRefillReceiver.Command} → Minidregg.Kernel.PurseRefillReceiver.Prepared deployment profile ambient durable command → Bool
def	Minidregg.Kernel.PurseRefillReceiver.effectProject	8724daeaef8a9c0c8df829c0d55b52fb6e8fb5371e50f2c2db20164769fc7d03	3163008dc1b7ca5cbe81222d6d8d9e8bce0c74b79566bcfcd75e8015162ef167	ee722adda8af7f1f472eac74d4b67018a241d2c9fe8391d6374552fef3f83b89	95b7b125febf3908	Classical.choice,Quot.sound,propext	{F : Type} → [inst : Field F] → {deployment : Minidregg.Kernel.PurseRefillReceiver.Deployment} → {profile : Minidregg.Compiler.CanonicalRuntimeProfile.Profile F} → {ambient : Minidregg.Kernel.PurseRefillReceiver.Ambient} → {durable : Minidregg.Kernel.PurseRefillReceiver.Durable} → {command : Minidregg.Kernel.PurseRefillReceiver.Command} → Minidregg.Kernel.PurseRefillReceiver.Prepared deployment profile ambient durable command → Minidregg.Theory.Store.Store Minidregg.Theory.EffectDeclaration.effectLayout → Minidregg.Pred.State
theorem	Minidregg.Kernel.PurseRefillReceiver.effect_refusal_blocks_physical	507c2416aa545cad0619cd70f574d2749cd8194f2afee945635ff2ab65537904	b70c3e0044df4d8b004ecc6670f6f20bf8e6472cc1b997deef0c21301b83c417	ae6080d6b560136250d372e12d8fb26e593f08746466a14535e67f72e23d16ea	d0edb112156027f6	Classical.choice,Quot.sound,propext	∀ {F : Type} [inst : Field F] {deployment : Minidregg.Kernel.PurseRefillReceiver.Deployment} {profile : Minidregg.Compiler.CanonicalRuntimeProfile.Profile F} {ambient : Minidregg.Kernel.PurseRefillReceiver.Ambient} {durable : Minidregg.Kernel.PurseRefillReceiver.Durable} {command : Minidregg.Kernel.PurseRefillReceiver.Command} (prepared : Minidregg.Kernel.PurseRefillReceiver.Prepared deployment profile ambient durable command), Minidregg.Kernel.PurseRefillReceiver.effectLawAccepted prepared = Bool.false → ¬Minidregg.Kernel.PurseRefillReceiver.PhysicalShape prepared
def	Minidregg.Kernel.PurseRefillReceiver.event	16dc67ce9c066b4fd5c19f46260bb3f454dea4a6a601a661204ecb65451ef1cc	8f1d7dd91a346b3db8083df7eeb579e23fb19d37dc9c97065b7624bcaa2f24a8	aa4b862e7927eb92566b880bebd86e7cb2976dbf80b1ae561423ef9573c04942	2746ab70a2181a46	Classical.choice,Quot.sound,propext	Minidregg.Theory.TypedAuthorization.Digest → Minidregg.Theory.TypedAuthorization.Digest → Minidregg.Kernel.PurseRefillReceiver.DecodedIngress → Minidregg.Kernel.DurableDataIntent.StableEvent
def	Minidregg.Kernel.PurseRefillReceiver.family	9de36eecbf4397312649a9a8edbff15a38c85403d58a27d41c7354a552725eca	b79297cc3bc676ec68b5e6f9ed362a232a8abbe3bc2e866f386283e3f6e75c5f	592fb709a1674a463e182337b8a903509419270bca6af91e29e444d7e426ae49	606ed9c7428024ca	Classical.choice,Quot.sound,propext	Minidregg.Kernel.PurseRefillReceiver.Snapshot → Minidregg.Kernel.PurseRefillReceiver.PurseCell → Minidregg.Theory.TypedAuthorization.Digest → Minidregg.Kernel.PurseRefillReceiver.Ambient → Minidregg.Kernel.PurseRefillReceiver.Command → Minidregg.Theory.SemanticEffectFamily Minidregg.Theory.EffectDeclaration.effectLayout Minidregg.Compiler.DeclaredEffectCell.materializer ℕ
def	Minidregg.Kernel.PurseRefillReceiver.ingressCodec	579648fce6f44c9816f556613ebbe3806ad9135c809d7a13c8befa4537d04143	887ec1dd2496c19be7716294f92bada6f96bf3c93bf391f9d9c287b0722cfbd3	4752ebe39bd9ba4b9e2456101264c63aadb52f66a36f5e3479c76b3ee193073e	b277770df5ee28c3	Classical.choice,Quot.sound,propext	Minidregg.Theory.IndexedProgram.LawfulCodec Minidregg.Kernel.PurseRefillReceiver.Ingress
def	Minidregg.Kernel.PurseRefillReceiver.ingressFrame	16b58e1c1d760c4e19b4257b33cec4f5323ec5d75ddaafa6464e22dcafc156cd	268fce01293bcb84de059c093737d89d8980bbc789bd14e1bc6693665008f358	4bdbe0072a8ee55a839ee94e643628050377d43b574c722c5b2290e869e5a89c	a8605c4b387ee32e	propext	List UInt8
def	Minidregg.Kernel.PurseRefillReceiver.ingressStream	4f02585644cc13686388caeb80572c8e0f21243e4b261cddf4a2018cff359224	fdfaf134a75d8b998178e91cc8c21325ad9f2955faea5709934fb96e14e361c1	740ad5cd4370d018471e1360e7f44820a97a922e50ff6e8827253f67c7b16b41	d8f087106d9b2ddc	Classical.choice,Quot.sound,propext	Minidregg.Compiler.Tower256ConcreteBackend.StreamCodec Minidregg.Kernel.PurseRefillReceiver.Ingress
theorem	Minidregg.Kernel.PurseRefillReceiver.ingress_roundtrip	043109558782d387831dbc71ef257449c52dffd8e3ca56d12c142bb73c531380	20e003207f883bb525cd4ef5f9a58dad840792e8be968350c35addd1068020a0	6226539c307315da634652addf2f9eb9308633f0dde20e517d4ac189d4b2b042	a5317b2b49ed4310	Classical.choice,Quot.sound,propext	∀ (ingress : Minidregg.Kernel.PurseRefillReceiver.Ingress), Minidregg.Kernel.PurseRefillReceiver.ingressCodec.decode (Minidregg.Kernel.PurseRefillReceiver.ingressCodec.encode ingress) = Option.some ingress
def	Minidregg.Kernel.PurseRefillReceiver.intent	704b946801b3291d8ac8dd1d3a19596bcd2a2efe87f14ee95ca33816aea0d1b1	3685f6e36cb0b084bd253bf7aa82db3562b08f24049470b6fbf09d243f207762	20a709d52c4276febec9eac51cf763cb9d7859da285d2404ea13c5bb5ff90356	b939851bcf51a89c	Classical.choice,Quot.sound,propext	{F : Type} → [inst : Field F] → {deployment : Minidregg.Kernel.PurseRefillReceiver.Deployment} → {profile : Minidregg.Compiler.CanonicalRuntimeProfile.Profile F} → {ambient : Minidregg.Kernel.PurseRefillReceiver.Ambient} → {durable : Minidregg.Kernel.PurseRefillReceiver.Durable} → [inst_1 : DecidableEq F] → {ingress : Minidregg.Kernel.PurseRefillReceiver.DecodedIngress} → Minidregg.Kernel.PurseRefillReceiver.AcceptedRefill deployment profile ambient durable ingress → Minidregg.Kernel.DurableDataIntent.DataIntent Minidregg.Compiler.ResourceBirthCodec.rootBytes
theorem	Minidregg.Kernel.PurseRefillReceiver.intent_writes	42f81891661d7e0b0ed5170b34f6591fb05506d3ed33fb66c7a978d53aca4edf	285661571ae9507683da9ae6eb124fa16441bed1ee92cdc47a403bbd02401d80	a2a4fca2b428319c94d4f1ed65081faa769950f996b85d787db69404e38f0f73	beb4c02a2a2fef39	Classical.choice,Quot.sound,propext	∀ {F : Type} [inst : Field F] {deployment : Minidregg.Kernel.PurseRefillReceiver.Deployment} {profile : Minidregg.Compiler.CanonicalRuntimeProfile.Profile F} {ambient : Minidregg.Kernel.PurseRefillReceiver.Ambient} {durable : Minidregg.Kernel.PurseRefillReceiver.Durable} [inst_1 : DecidableEq F] {ingress : Minidregg.Kernel.PurseRefillReceiver.DecodedIngress} (accepted : Minidregg.Kernel.PurseRefillReceiver.AcceptedRefill deployment profile ambient durable ingress), List.map Minidregg.Kernel.DurableDataIntent.DataWrite.cellId (Minidregg.Kernel.PurseRefillReceiver.intent accepted).writes = [{ value := ingress.command.task }, { value := deployment.resourceBookId }]
def	Minidregg.Kernel.PurseRefillReceiver.kindDependencies	1754a8d66ff7c4f12fd3fc9d60cd5494b86f72233490fd7dffef7cd1fe824f48	7535d9a5ee3d01f899dce82607bd809146a9d1f0c6add8bfce2d750fcdf27dde	671e3aea587ca3b8564e38e37733d758ac190d1d92268e79f88b4523ff86f5b2	2c330887609770b5	Classical.choice,Quot.sound,propext	{F : Type} → [inst : Field F] → {deployment : Minidregg.Kernel.PurseRefillReceiver.Deployment} → {profile : Minidregg.Compiler.CanonicalRuntimeProfile.Profile F} → {ambient : Minidregg.Kernel.PurseRefillReceiver.Ambient} → {durable : Minidregg.Kernel.PurseRefillReceiver.Durable} → {command : Minidregg.Kernel.PurseRefillReceiver.Command} → Minidregg.Kernel.PurseRefillReceiver.Prepared deployment profile ambient durable command → Option Minidregg.Compiler.WorldKindLawDependencies.Dependencies
def	Minidregg.Kernel.PurseRefillReceiver.lawReadGuards	f3e400c76c153080b65531e5b5ac07fcdb52921d95e512c45aced96b467bdddf	e9d7712b7ed3ebd58da5eb8a43e229904904e25277aef8946fcb275d07af1023	04a2561c1265f8dde0fc610c7f2d81f7d7b35493c058d5222b416fce69f93760	5fa568e274a29d9f	Classical.choice,Quot.sound,propext	{F : Type} → [inst : Field F] → {deployment : Minidregg.Kernel.PurseRefillReceiver.Deployment} → {profile : Minidregg.Compiler.CanonicalRuntimeProfile.Profile F} → {ambient : Minidregg.Kernel.PurseRefillReceiver.Ambient} → {durable : Minidregg.Kernel.PurseRefillReceiver.Durable} → {command : Minidregg.Kernel.PurseRefillReceiver.Command} → Minidregg.Kernel.PurseRefillReceiver.Prepared deployment profile ambient durable command → Option (List (ℕ × Minidregg.Theory.TypedAuthorization.Digest))
def	Minidregg.Kernel.PurseRefillReceiver.loadPurse	e887015d6827ef9b069b9ecfb849bd0aa5ce283d87768afb82eb5640de39142f	6802b38d27b50cde87af30c3cfcda0932f91b1a6009e4eb33a4d868d04577614	1a89cbbe37d32756eeccbe322eed173206593e43cb4aa66001f02799fcd17cba	b65bf91cdd172e48	Classical.choice,Quot.sound,propext	(deployment : Minidregg.Kernel.PurseRefillReceiver.Deployment) → (directory : Minidregg.Theory.CellRegistry.Directory ℕ Minidregg.Kernel.PurseRefillReceiver.Registry) → (task : ℕ) → Option (Minidregg.Kernel.PurseRefillReceiver.LoadedPurse deployment directory task)
def	Minidregg.Kernel.PurseRefillReceiver.marker	5ba82373248107831e40904de66ebd122c5fcc99668515c99c74117dbd5ce1d3	ce79cade42939deddc2b5c2356ea8b5fd59543759a16a2b7a8a33675dd03df7f	e61bac7874d8d9439f1cde253e5323b14893eb3fa1095c30a1d0564c172c59fc	927f3748f9ac79b7	Classical.choice,Quot.sound,propext	Minidregg.Theory.TypedAuthorization.Digest → Minidregg.Theory.TypedAuthorization.Digest → Minidregg.Kernel.PurseRefillReceiver.Command → ℕ
def	Minidregg.Kernel.PurseRefillReceiver.nullifier	cac08e4c73c54cd2de6f9531988f1d6f04b5f7d815880a967764b29ad101a600	d74af34122aeecf31201ebce6b721ea617d1a9b08567175dff011394f8c3d512	57ff4133f3bd1be6053047c55f9817945c939579f4c095f7c733ebfea9a17433	a4d4dd5be149611f	Classical.choice,Quot.sound,propext	Minidregg.Theory.TypedAuthorization.Digest → Minidregg.Theory.TypedAuthorization.Digest → Minidregg.Kernel.PurseRefillReceiver.DecodedIngress → Minidregg.Kernel.DurableDataIntent.StableNullifier
def	Minidregg.Kernel.PurseRefillReceiver.payGuard	a8e146d5839c38d289fe58f9e151ef61beb3cd00d4aabc303e21bc397fe56c9c	4059a1bbf26d7cbaf3891e1bfb710e85c17e5a55d24971a54349ed71b4904464	63c0ca1b86f0d401111c3189878ce9553d02790f53b515f879eddff28ef23f56	f50387add67d27b6	Classical.choice,Quot.sound,propext	{F : Type} → [inst : Field F] → {deployment : Minidregg.Kernel.PurseRefillReceiver.Deployment} → {profile : Minidregg.Compiler.CanonicalRuntimeProfile.Profile F} → {ambient : Minidregg.Kernel.PurseRefillReceiver.Ambient} → {durable : Minidregg.Kernel.PurseRefillReceiver.Durable} → {command : Minidregg.Kernel.PurseRefillReceiver.Command} → Minidregg.Kernel.PurseRefillReceiver.Prepared deployment profile ambient durable command → Minidregg.Kernel.DurableDataIntent.ReadGuard
def	Minidregg.Kernel.PurseRefillReceiver.physicalShapeDecidable	b844f1fe85321ca6a467b9ea399cef538c0e74b868d5a97e7a8f6c322205080a	f2d7cd6fc036ac45f75bc5ae51cbcc42957bc4a7f5dc3c9c31a5164be90c6d33	9ef82080e58c22f536d7bdb136e780a9cab122094508e64568f3c4d664dd217d	8e62a1ab526a7055	Classical.choice,Quot.sound,propext	{F : Type} → [inst : Field F] → {deployment : Minidregg.Kernel.PurseRefillReceiver.Deployment} → {profile : Minidregg.Compiler.CanonicalRuntimeProfile.Profile F} → {ambient : Minidregg.Kernel.PurseRefillReceiver.Ambient} → {durable : Minidregg.Kernel.PurseRefillReceiver.Durable} → {command : Minidregg.Kernel.PurseRefillReceiver.Command} → (prepared : Minidregg.Kernel.PurseRefillReceiver.Prepared deployment profile ambient durable command) → Decidable (Minidregg.Kernel.PurseRefillReceiver.PhysicalShape prepared)
def	Minidregg.Kernel.PurseRefillReceiver.planStream	26d597c6c3bbd5c5cd53863dea31d534137810ca8890da46bb43b6811fac2410	1eb6615b889751d7bc0aef3b935d85dc5e7f5c5fc70bebbe5bdfe1d94e4ae55b	a9752fd60c8bdafde1169cf3f248ebdfd697e314f40aee7c4727c55f2c20b0e6	02aeb90ae0c81cc1	Classical.choice,Quot.sound,propext	Minidregg.Compiler.Tower256ConcreteBackend.StreamCodec Minidregg.Kernel.PurseRefill.Plan
def	Minidregg.Kernel.PurseRefillReceiver.policyConfig	82e039e7dc0c5bfdd459ca3e315d4338ecdb41623c1ed5a0a4448aff3908446a	59614d46c8dc7423d30f3e0c07512147526ee55e163ddc187ee8bde0379b1645	b639345519998d699056192e9aca7aaf5ae62cb440e6b9478b072fd389c54a19	3a7341e26a0341c4	Classical.choice,Quot.sound,propext	{F : Type} → [inst : Field F] → {deployment : Minidregg.Kernel.PurseRefillReceiver.Deployment} → {profile : Minidregg.Compiler.CanonicalRuntimeProfile.Profile F} → {ambient : Minidregg.Kernel.PurseRefillReceiver.Ambient} → {durable : Minidregg.Kernel.PurseRefillReceiver.Durable} → {command : Minidregg.Kernel.PurseRefillReceiver.Command} → [inst_1 : DecidableEq F] → Minidregg.Kernel.PurseRefillReceiver.Prepared deployment profile ambient durable command → Minidregg.Compiler.ComposedPolicyAdmission.Config F
def	Minidregg.Kernel.PurseRefillReceiver.policyGuard	9a80316ce7762d5bfff942e89106795678ee26c6a062734a80b0770060616e60	4059a1bbf26d7cbaf3891e1bfb710e85c17e5a55d24971a54349ed71b4904464	5930383f78d9808e2f1da8d8077b71b71430abb2d9652b1791c44aa862beb016	0fc99c1f2dc36b15	Classical.choice,Quot.sound,propext	{F : Type} → [inst : Field F] → {deployment : Minidregg.Kernel.PurseRefillReceiver.Deployment} → {profile : Minidregg.Compiler.CanonicalRuntimeProfile.Profile F} → {ambient : Minidregg.Kernel.PurseRefillReceiver.Ambient} → {durable : Minidregg.Kernel.PurseRefillReceiver.Durable} → {command : Minidregg.Kernel.PurseRefillReceiver.Command} → Minidregg.Kernel.PurseRefillReceiver.Prepared deployment profile ambient durable command → Minidregg.Kernel.DurableDataIntent.ReadGuard
def	Minidregg.Kernel.PurseRefillReceiver.prepare	917fc0b5180e6b956c8c506ca3b376bbae95125ab9ef07072c3c37e381c931a8	b5bc86f814913a662cd16eab399341ad7807685a26c79c3712a22910aa4f89fd	ee2c0cb194b8f6c813b5fc5801453c040d393185194f07eb4dfc394b4952c3fa	8cddfd017e5953eb	Classical.choice,Quot.sound,propext	{F : Type} → [inst : Field F] → (deployment : Minidregg.Kernel.PurseRefillReceiver.Deployment) → (profile : Minidregg.Compiler.CanonicalRuntimeProfile.Profile F) → (ambient : Minidregg.Kernel.PurseRefillReceiver.Ambient) → (durable : Minidregg.Kernel.PurseRefillReceiver.Durable) → (command : Minidregg.Kernel.PurseRefillReceiver.Command) → Except Minidregg.Kernel.PurseRefill.Reject (Minidregg.Kernel.PurseRefillReceiver.Prepared deployment profile ambient durable command)
def	Minidregg.Kernel.PurseRefillReceiver.project	b69bce2a8a88588bc010f1e0d3d99f3a5bf4730e3306ef01fcc386155183f626	3163008dc1b7ca5cbe81222d6d8d9e8bce0c74b79566bcfcd75e8015162ef167	fddfe74232aeb9aaf0554c91926227302f1a38b7cf4d83e0efa4d44a88c36b4d	2f3d5bd9ff4cf72b	Classical.choice,Quot.sound,propext	{F : Type} → [inst : Field F] → {deployment : Minidregg.Kernel.PurseRefillReceiver.Deployment} → {profile : Minidregg.Compiler.CanonicalRuntimeProfile.Profile F} → {ambient : Minidregg.Kernel.PurseRefillReceiver.Ambient} → {durable : Minidregg.Kernel.PurseRefillReceiver.Durable} → {command : Minidregg.Kernel.PurseRefillReceiver.Command} → Minidregg.Kernel.PurseRefillReceiver.Prepared deployment profile ambient durable command → Minidregg.Theory.Store.Store Minidregg.Theory.EffectDeclaration.effectLayout → Minidregg.Pred.State
def	Minidregg.Kernel.PurseRefillReceiver.purseLawGuard	95067c618754e6280181967282fef9aae9903db3a5ffc83b8bab95343d706cf4	4059a1bbf26d7cbaf3891e1bfb710e85c17e5a55d24971a54349ed71b4904464	4fe6e7bb1b3b07bbb35e281df10e71b2b71a3292c9d308a893e33025fbcbb351	0d2a84518a6963ed	Classical.choice,Quot.sound,propext	{F : Type} → [inst : Field F] → {deployment : Minidregg.Kernel.PurseRefillReceiver.Deployment} → {profile : Minidregg.Compiler.CanonicalRuntimeProfile.Profile F} → {ambient : Minidregg.Kernel.PurseRefillReceiver.Ambient} → {durable : Minidregg.Kernel.PurseRefillReceiver.Durable} → {command : Minidregg.Kernel.PurseRefillReceiver.Command} → Minidregg.Kernel.PurseRefillReceiver.Prepared deployment profile ambient durable command → Minidregg.Kernel.DurableDataIntent.ReadGuard
def	Minidregg.Kernel.PurseRefillReceiver.pursePatch	5439062e53ddc82c9f89fca66e6ebfd65524eeee35f266da0993fb9ae13ad3af	9d99ca1cf4651e3193e2674c1484b96425ddd137abd3f00a8ed64b0e6e35afe5	7774ec0b02e7b591d7cb29b46bb5fb084a6aa48c2bc2cf1429a766d969be5fe2	3c6bdbb3b4aada6e	Classical.choice,Quot.sound,propext	Minidregg.Kernel.PurseRefillReceiver.Command → Minidregg.Kernel.PurseRefillReceiver.Declaration → Minidregg.Theory.Store.Store Minidregg.Theory.EffectDeclaration.effectLayout → ℕ → Minidregg.Theory.Store.Patch Minidregg.Theory.EffectDeclaration.effectLayout
def	Minidregg.Kernel.PurseRefillReceiver.purseState	d1e05a5fe8275ba96ece9ef3f2c131fcbcc573dd0c5dba7b39dae5671e197140	4a55ac997d352047a3688cb2f97757d56cabc9a273e57eb4ddba47cba26eb71b	89a0ecffca694312ee86b22fffb3ca2e7913ae579bfd71628c7167b59c19a858	4197fc282246e784	Classical.choice,Quot.sound,propext	Minidregg.Kernel.PurseRefillReceiver.Command → Minidregg.Theory.Store.Store Minidregg.Theory.EffectDeclaration.effectLayout → Minidregg.Theory.Store.Store Minidregg.Theory.EffectDeclaration.effectLayout → Minidregg.Pred.State
def	Minidregg.Kernel.PurseRefillReceiver.purseWrite	3e01b9f1b30126f029422fdf8685ac86b61fde7eb7957cad6e60048f87dd9c21	7044b1e719b548fce20f64360a8b7d3db71523cd92aa46c86b8986963b46e834	032ad60eb7a3030830ad28a8466fa2b47133889183958986bdfc0f6be7de706a	cbb25ad1aa29f400	Classical.choice,Quot.sound,propext	{F : Type} → [inst : Field F] → {deployment : Minidregg.Kernel.PurseRefillReceiver.Deployment} → {profile : Minidregg.Compiler.CanonicalRuntimeProfile.Profile F} → {ambient : Minidregg.Kernel.PurseRefillReceiver.Ambient} → {durable : Minidregg.Kernel.PurseRefillReceiver.Durable} → {command : Minidregg.Kernel.PurseRefillReceiver.Command} → Minidregg.Kernel.PurseRefillReceiver.Prepared deployment profile ambient durable command → Minidregg.Kernel.DurableDataIntent.DataWrite
def	Minidregg.Kernel.PurseRefillReceiver.readGuards	0444d637c6d8f9e8b9d8098262fa1c4586b507100be269884039cfe86db659ba	8e282c407d0ea8ff6df398879db14426c408e6e42d81eb4e2f3bb7c9985cc7de	7e2d0b190d7b84a9549237a610874f1b3e872915db23d4d5d747a90ef74d3269	99b402a59799aba0	Classical.choice,Quot.sound,propext	{F : Type} → [inst : Field F] → {deployment : Minidregg.Kernel.PurseRefillReceiver.Deployment} → {profile : Minidregg.Compiler.CanonicalRuntimeProfile.Profile F} → {ambient : Minidregg.Kernel.PurseRefillReceiver.Ambient} → {durable : Minidregg.Kernel.PurseRefillReceiver.Durable} → {command : Minidregg.Kernel.PurseRefillReceiver.Command} → Minidregg.Kernel.PurseRefillReceiver.Prepared deployment profile ambient durable command → List Minidregg.Kernel.DurableDataIntent.ReadGuard
theorem	Minidregg.Kernel.PurseRefillReceiver.readGuards_readonly	4b153db220b17184101fcd277c021700820717339f5a72db02cf49cfc7d85130	8c2134f3a781487d0fe003d0d34f504c10831e1decf43a0d48647e9f4624c22d	a243893ff8e3908d5f17716cb7652aa8dfae59cc36f52a07ca352055ba290d83	45fa3836e5ff8e7d	Classical.choice,Quot.sound,propext	∀ {F : Type} [inst : Field F] {deployment : Minidregg.Kernel.PurseRefillReceiver.Deployment} {profile : Minidregg.Compiler.CanonicalRuntimeProfile.Profile F} {ambient : Minidregg.Kernel.PurseRefillReceiver.Ambient} {durable : Minidregg.Kernel.PurseRefillReceiver.Durable} {command : Minidregg.Kernel.PurseRefillReceiver.Command} (prepared : Minidregg.Kernel.PurseRefillReceiver.Prepared deployment profile ambient durable command), Minidregg.Kernel.PurseRefillReceiver.PhysicalShape prepared → ∀ guard ∈ Minidregg.Kernel.PurseRefillReceiver.readGuards prepared, guard.cellId ∉ List.map Minidregg.Kernel.DurableDataIntent.DataWrite.cellId (Minidregg.Kernel.PurseRefillReceiver.writes prepared)
def	Minidregg.Kernel.PurseRefillReceiver.receipt	d647a3432be3bfbe36bb9c69aee35f2579d073ce7deccf07159b141f8377030a	1fd1129a0581a51a6e6321802a0c66f3e192d4054aec00f81fa069a135c53efa	74596d34874db927136d06dc6c1d29123d9f557d998f9943ab0a2b9f86e4ebff	b16563a7950f411f	Classical.choice,Quot.sound,propext	Minidregg.Theory.TypedAuthorization.Digest → Minidregg.Theory.TypedAuthorization.Digest → Minidregg.Kernel.PurseRefillReceiver.DecodedIngress → Minidregg.Kernel.PurseRefillReceiver.Receipt
def	Minidregg.Kernel.PurseRefillReceiver.receiveLoaded	8ecfca8ff144b96c77453dc6d9a40bb69fffefff84f843abeb2b8819ae24627d	2b6437b3f9875db646b31a681e844e311d8be7a5d9d371a90ec4fb25c671eb3c	8bcf04b5e661b7629d3c3fb8661e06add5464ae5d2194c4ddcec556f26114a29	e1e9b9d85879679a	Classical.choice,Quot.sound,propext	{F : Type} → [inst : Field F] → [DecidableEq F] → Minidregg.Kernel.PurseRefillReceiver.Deployment → Minidregg.Compiler.CanonicalRuntimeProfile.Profile F → Minidregg.Kernel.PurseRefillReceiver.Ambient → Minidregg.Compiler.CredentialSignatureIO.NativeConfig → Minidregg.Compiler.DurableReceiverIO.Transport → Minidregg.Kernel.PurseRefillReceiver.Durable → List UInt8 → IO Minidregg.Kernel.PurseRefillReceiver.Result
def	Minidregg.Kernel.PurseRefillReceiver.replay	5f5be71b43d5c901915d528d02e42ea3c98ce28ec641db0a94cc585e0f49a166	92f9c6146ead87f5f54afddb45fbdb7c7a9f9c88c0a224fe936f7038cd4d26a1	fb1a568512d383b0fb995d67b29e510c98121785f3da077fd5b62153b96fa631	5da30302a0d56307	Classical.choice,Quot.sound,propext	Minidregg.Theory.TypedAuthorization.Digest → Minidregg.Theory.TypedAuthorization.Digest → Minidregg.Kernel.PurseRefillReceiver.Durable → Minidregg.Kernel.PurseRefillReceiver.DecodedIngress → Option (Except Unit Minidregg.Kernel.PurseRefillReceiver.Receipt)
def	Minidregg.Kernel.PurseRefillReceiver.request	347fa6351267fcc94a5fa45f2544b7c3ca7774ad84c5f468165cf78ce9b24910	108fca17c63ce8bde228c77e8f7f037b33673738507c42133d23754166031d2b	526fe99ab57ac779367904466e703d9e4f2deaba6423562265e399ff00dfce7c	a853cd427a7b7925	Classical.choice,Quot.sound,propext	Minidregg.Kernel.PurseRefillReceiver.Snapshot → Minidregg.Kernel.PurseRefillReceiver.PurseCell → Minidregg.Theory.TypedAuthorization.Digest → Minidregg.Kernel.PurseRefillReceiver.Ambient → Minidregg.Kernel.PurseRefillReceiver.Command → Minidregg.Kernel.PurseRefill.Plan → Minidregg.Theory.TypedAuthorization.Request Minidregg.Theory.TypedAuthorization.ResourceKind.account
def	Minidregg.Kernel.PurseRefillReceiver.requireSome	7f77232421c3e6a9bbb163370c4fc3438f8574f1ee639bdd34374772293348a7	8009f3a10aca47d28de239ed134c6d6154e5bc7f538f3cbaf8cab104870211b5	b991444804d07d85d379e7d2f5a44fed94dd2a3d617cb2ee87f71585f2b749a7	69030a498143103e	-	{A : Type} → Minidregg.Kernel.PurseRefill.Reject → Option A → Except Minidregg.Kernel.PurseRefill.Reject A
def	Minidregg.Kernel.PurseRefillReceiver.scalarCommand	3196d7ecf2b7b6d7ef4f58c4f33455de20166f2068d8b0ea86f94fe39c664c9a	a39c9185eea1d8702a7104c962a0cc94f1cfa644f400756d92484a52e8534e36	1a68dd58bc97ebcf35520c9cd6881ab5d30478e309e17d5688d3e85cc759948b	dfe9d5c6f75f6d10	-	Minidregg.Kernel.PurseRefillReceiver.Command → Minidregg.Kernel.PurseRefillReceiver.Declaration → Minidregg.Kernel.DeclaredResourceScalar.Command
def	Minidregg.Kernel.PurseRefillReceiver.signingHeader	5b8e95ae457ef711d788699e0fd3633c69ab5ffefa39367dafabe085b38cc979	c1e64619124460820b36e6b8d57f247b10e0a743f6de6adbee37ac24e86e9e7c	df7a07a5798bc6e385ec53aa3779b0013a9f72d44d236843fcc7ff0a39e25178	3474f481131d62f0	Classical.choice,Quot.sound,propext	{F : Type} → [inst : Field F] → Minidregg.Kernel.PurseRefillReceiver.Deployment → Minidregg.Compiler.CanonicalRuntimeProfile.Profile F → Minidregg.Kernel.PurseRefillReceiver.Ambient → Minidregg.Kernel.PurseRefillReceiver.Durable → Minidregg.Kernel.PurseRefillReceiver.Command → Except String Minidregg.Kernel.CredentialSignedEnvelopeController.SignedHeader
def	Minidregg.Kernel.PurseRefillReceiver.sourceGuards	f2956a7089245cc3c46614ef1962bea247823c9487457b3b6f85b9f0ec9366df	8e282c407d0ea8ff6df398879db14426c408e6e42d81eb4e2f3bb7c9985cc7de	3770c9f169c567e9b2749e171398771c2d113dbb94fa97f6c3939b2cfc8c5055	9c03c477a34cbd80	Classical.choice,Quot.sound,propext	{F : Type} → [inst : Field F] → {deployment : Minidregg.Kernel.PurseRefillReceiver.Deployment} → {profile : Minidregg.Compiler.CanonicalRuntimeProfile.Profile F} → {ambient : Minidregg.Kernel.PurseRefillReceiver.Ambient} → {durable : Minidregg.Kernel.PurseRefillReceiver.Durable} → {command : Minidregg.Kernel.PurseRefillReceiver.Command} → Minidregg.Kernel.PurseRefillReceiver.Prepared deployment profile ambient durable command → List Minidregg.Kernel.DurableDataIntent.ReadGuard
def	Minidregg.Kernel.PurseRefillReceiver.sourceStore	f487702e5fc820e9d98bfd41c15685d83f61a53c1a79b03a00922ad8e19e4c88	44f1fe3dd6c8237d3fd6d272a5731adbcc16f9813c7483e8a33bc778d0f215df	3e4b7e738d05670f91d61e701e72445e5f3a38e05d2b0d3462af68d507d80207	1ba6a0871c022671	Classical.choice,Quot.sound,propext	{F : Type} → [inst : Field F] → {deployment : Minidregg.Kernel.PurseRefillReceiver.Deployment} → {profile : Minidregg.Compiler.CanonicalRuntimeProfile.Profile F} → {ambient : Minidregg.Kernel.PurseRefillReceiver.Ambient} → {durable : Minidregg.Kernel.PurseRefillReceiver.Durable} → {command : Minidregg.Kernel.PurseRefillReceiver.Command} → Minidregg.Kernel.PurseRefillReceiver.Prepared deployment profile ambient durable command → Minidregg.Kernel.CanonicalPolicyRegistry.PayloadStore
def	Minidregg.Kernel.PurseRefillReceiver.stateStream	dee06e456fcb07531b63c7b1b846b38b3e8f85c749d0e091980e436c7c121d18	4b3ec8295ef42da38b4b5f784618350595e78395dce1c3834dab9d1005f0ab41	71444fef0f7e52b6a1aa115a25940c4a78d931b81367382e33399be5295fe0d0	d850835c0664d368	Classical.choice,Quot.sound,propext	Minidregg.Compiler.Tower256ConcreteBackend.StreamCodec Minidregg.Kernel.AgentGrain.State
def	Minidregg.Kernel.PurseRefillReceiver.step	80357f15dfb0555014ebbefbef8df3a6ea899491b1001f28f60ef5f0da325c66	15f626de40ac88159156c0f5106e10951f7e198ad50841a2a6bb84a22824ba95	aaf4cb937eb1dbdfef444a7f739cd7cc6330c7d0f8da50fdeee72fe816392998	170b9b473163b349	Classical.choice,Quot.sound,propext	{F : Type} → [inst : Field F] → {deployment : Minidregg.Kernel.PurseRefillReceiver.Deployment} → {profile : Minidregg.Compiler.CanonicalRuntimeProfile.Profile F} → {ambient : Minidregg.Kernel.PurseRefillReceiver.Ambient} → {durable : Minidregg.Kernel.PurseRefillReceiver.Durable} → {command : Minidregg.Kernel.PurseRefillReceiver.Command} → Minidregg.Kernel.PurseRefillReceiver.Prepared deployment profile ambient durable command → Minidregg.Compiler.CanonicalPolicyAdmission.PolicyStepContext
def	Minidregg.Kernel.PurseRefillReceiver.transactionId	55ee5060fb062b4b48614bc61388f9763362e3f8a8b799928a2076a2abbafcf8	b26492e7bcf25d6519a907be995de94f9b7d9abc63fe583fdf2a085bae03c67f	895ec8b0f31690b27fa6b35b05ef5261b14ad407a88d65409749a630fa8e9368	9f91c96aa73278ee	Classical.choice,Quot.sound,propext	Minidregg.Theory.TypedAuthorization.Digest → Minidregg.Theory.TypedAuthorization.Digest → Minidregg.Kernel.PurseRefillReceiver.DecodedIngress → Minidregg.Theory.TypedAuthorization.Digest
theorem	Minidregg.Kernel.PurseRefillReceiver.unavailable_law_blocks_physical	fc5c23377051253d6ea28a540061b376da6b72c441d7653068e4dbb7c11fd9e4	1c24ff89320f600e44204ae185774f64812aecb89c00a66e7492490a8073b97b	b5a2ff3b72692cc5c1d2e87a5c27fc29c897b4d85e83a64f26500b33fc1579d6	8d7d2f26ffb03627	Classical.choice,Quot.sound,propext	∀ {F : Type} [inst : Field F] {deployment : Minidregg.Kernel.PurseRefillReceiver.Deployment} {profile : Minidregg.Compiler.CanonicalRuntimeProfile.Profile F} {ambient : Minidregg.Kernel.PurseRefillReceiver.Ambient} {durable : Minidregg.Kernel.PurseRefillReceiver.Durable} {command : Minidregg.Kernel.PurseRefillReceiver.Command} (prepared : Minidregg.Kernel.PurseRefillReceiver.Prepared deployment profile ambient durable command), Minidregg.Kernel.PurseRefillReceiver.lawReadGuards prepared = Option.none → ¬Minidregg.Kernel.PurseRefillReceiver.PhysicalShape prepared
def	Minidregg.Kernel.PurseRefillReceiver.writes	021b336b9119104f281daf865b406395d8da2782278e0e76d249d8b83cb222db	447d1596a285c7bb87f5ba86728a4d6c38529a2085d6a185d1d713b2e8bfddbe	78575d3116f435db40d73a4ac487f062d84982ca9e6f296e30fc0e5a3a5ca333	9a8ac75a8e190927	Classical.choice,Quot.sound,propext	{F : Type} → [inst : Field F] → {deployment : Minidregg.Kernel.PurseRefillReceiver.Deployment} → {profile : Minidregg.Compiler.CanonicalRuntimeProfile.Profile F} → {ambient : Minidregg.Kernel.PurseRefillReceiver.Ambient} → {durable : Minidregg.Kernel.PurseRefillReceiver.Durable} → {command : Minidregg.Kernel.PurseRefillReceiver.Command} → Minidregg.Kernel.PurseRefillReceiver.Prepared deployment profile ambient durable command → List Minidregg.Kernel.DurableDataIntent.DataWrite
ctor	private Minidregg.Kernel.PurseRefillReceiver.Accepted.mk @Kernel.PurseRefillReceiver	85815037d6a0b7dffd3a01446abf9a21993f79697886434351faaa0a94d87b78	dc95961252ee8cc69ad234841f1c80da3aa57e01769e921e500163c4bdf58d5e	400415371353b9e1656f4fee8d504ee7c138249c366aadedf642bcfae79528f0	247104a10a6a71a0		{F : Type} → [inst : Field F] → {deployment : Minidregg.Kernel.PurseRefillReceiver.Deployment} → {profile : Minidregg.Compiler.CanonicalRuntimeProfile.Profile F} → {ambient : Minidregg.Kernel.PurseRefillReceiver.Ambient} → {durable : Minidregg.Kernel.PurseRefillReceiver.Durable} → {command : Minidregg.Kernel.PurseRefillReceiver.Command} → [inst_1 : DecidableEq F] → {prepared : Minidregg.Kernel.PurseRefillReceiver.Prepared deployment profile ambient durable command} → {ingress : Minidregg.Kernel.PurseRefillReceiver.DecodedIngress} → (receipt : Minidregg.Compiler.CredentialSignatureAdmission.CheckedSignature prepared.authority.snapshot) → receipt.envelopeBytes = ingress.ingress.envelope → prepared.SemanticAccepted → Minidregg.Kernel.PurseRefillReceiver.Accepted prepared ingress
ctor	private Minidregg.Kernel.PurseRefillReceiver.AcceptedRefill.mk @Kernel.PurseRefillReceiver	aa95e6fd8749063e21f57a6e7bb17857c81126ca495f8c74b0ad63b540fad31a	c8158a4276042874743dbbf793b99c6f3adf5bc3cb99a1734cc6cbfdce472a73	50f963b166572910925f50ffed75b2537ce56eeb1d9888a81f7744adcec84e4d	b9183920bb110962		{F : Type} → [inst : Field F] → [inst_1 : DecidableEq F] → {deployment : Minidregg.Kernel.PurseRefillReceiver.Deployment} → {profile : Minidregg.Compiler.CanonicalRuntimeProfile.Profile F} → {ambient : Minidregg.Kernel.PurseRefillReceiver.Ambient} → {durable : Minidregg.Kernel.PurseRefillReceiver.Durable} → {ingress : Minidregg.Kernel.PurseRefillReceiver.DecodedIngress} → (prepared : Minidregg.Kernel.PurseRefillReceiver.Prepared deployment profile ambient durable ingress.command) → Minidregg.Kernel.PurseRefillReceiver.Accepted prepared ingress → Minidregg.Kernel.PurseRefillReceiver.PhysicalShape prepared → Minidregg.Kernel.PurseRefillReceiver.AcceptedRefill deployment profile ambient durable ingress
ctor	private Minidregg.Kernel.PurseRefillReceiver.DecodedIngress.mk @Kernel.PurseRefillReceiver	3de86822fd02c851f911a8f18bf6225cc7718312c99cd5cb34db15a3e0994360	cf6b74374efc1308a6b67fca0be84bdfd85ab01ce4ef16f53fa83dbc5eaf185e	ffeddde1fd39181d94ac81306ed18f6512168ffd017a8e0923ebbec280c8e00e	a074a4b421b51f36		(ingress : Minidregg.Kernel.PurseRefillReceiver.Ingress) → (command : Minidregg.Kernel.PurseRefillReceiver.Command) → Minidregg.Kernel.PurseRefillReceiver.commandCodec.encode command = ingress.commandBytes → (envelope : Minidregg.Kernel.CredentialSignedEnvelopeController.SignedEnvelope) → Minidregg.Compiler.CredentialSignatureAdmission.canonicalEnvelopeCodec.decode ingress.envelope = Option.some envelope → Minidregg.Kernel.PurseRefillReceiver.DecodedIngress
ctor	private Minidregg.Kernel.PurseRefillReceiver.Prepared.mk @Kernel.PurseRefillReceiver	d32dffb3372dec7dcbc314d96cb17b4a52a5b2f8a09af5652c97743c60cf32e0	a24ef4db6f0135f4775326e125d64825b6fce2d4cdb114cc450504d85caf5af8	683407dd3699995c952d20e666532bef52013ebe1331d9079b3a0ff26a16a0fc	869304c04ced52bc		{F : Type} → [inst : Field F] → {deployment : Minidregg.Kernel.PurseRefillReceiver.Deployment} → {profile : Minidregg.Compiler.CanonicalRuntimeProfile.Profile F} → {ambient : Minidregg.Kernel.PurseRefillReceiver.Ambient} → {durable : Minidregg.Kernel.PurseRefillReceiver.Durable} → {command : Minidregg.Kernel.PurseRefillReceiver.Command} → (directory : Minidregg.Compiler.CredentialAuthorityDomainReceiver.LoadedDirectory durable) → (authority : Minidregg.Compiler.CredentialAuthorityDomainReceiver.Loaded deployment durable.snapshot) → (pay : Minidregg.Kernel.PayCellDomain.Loaded deployment durable.snapshot) → (book : Minidregg.Kernel.PurseRefillReceiver.BookCell deployment directory.directory) → (purseBefore : Minidregg.Theory.CellRegistry.PackedCell Minidregg.Kernel.PurseRefillReceiver.Registry) → directory.directory.slots command.task = Minidregg.Theory.CellRegistry.CellSlot.present purseBefore → (purse : Minidregg.Kernel.PurseRefillReceiver.PurseCell) → Minidregg.Compiler.CanonicalCellRegistry.selectDeclared deployment command.task Minidregg.Theory.TypedAuthorization.ResourceKind.object purseBefore = Option.some purse → (plan : Minidregg.Kernel.PurseRefill.Plan) → Minidregg.Kernel.PurseRefill.decideRefill (Minidregg.Kernel.PayCell.tariffOf pay.cell.logical) (Minidregg.Theory.CredentialAuthorityState.readCapability authority.snapshot.cell Minidregg.Theory.TypedAuthorization.ResourceKind.account command.capability) command.subject (Minidregg.Kernel.PurseRefillReceiver.bookOf book) (Minidregg.Kernel.AgentGrain.readState command.task purse.logical) command.account command.amount command.gain = Except.ok plan → Minidregg.Theory.CanonicalResourceKernel.AcceptedBatch book.payload plan.batch → (candidate : Minidregg.Theory.PolicyInstall.Candidate (Minidregg.Kernel.PurseRefillReceiver.family authority.snapshot purse profile.semantics ambient command) purse (Minidregg.Kernel.PurseRefillReceiver.declaration authority.snapshot.domain profile.semantics command (Minidregg.Theory.CellState.Materialized.root purse) plan) ()) → (purseLaw : Minidregg.Compiler.CanonicalCellRegistry.LoadedPolicySource authority.snapshot.domain directory.directory (authority.snapshot.authState.policyAddress { value := command.task } (authority.snapshot.authState.policyRevision { value := command.task }))) → Minidregg.Pred.eval purseLaw.record.predicate { slots := [] } (Minidregg.Kernel.PurseRefillReceiver.purseState command purse.logical candidate.validated.apply.logical) = Bool.true → Minidregg.Compiler.CanonicalCellRegistry.LoadedPolicySource authority.snapshot.domain directory.directory (authority.snapshot.authState.policyAddress { value := command.account } (authority.snapshot.authState.policyRevision { value := command.account })) → Minidregg.Kernel.PurseRefillReceiver.Prepared deployment profile ambient durable command
