# Theory.Hyperdocument: Objective contract manifest. Written by `scripts/check-objective-proofs.sh proofs --pin`;
# a removed or changed row needs a line in scripts/gates/objective-contract-changes.txt.
def	Minidregg.Theory.Hyperdocument.Address	9feafbdfd602589e40754dad37b13266e9a46b121751955744c6296576a1a59f	89855d392aa192071e8a2b2230d30ecae8fc9de0c15fa6a53f6209226829292a	03618641d314e1e4ada75654a8fd7623f3c41a6b5166304f90f2f01a044a50b6	31b7589164b1fb49	Classical.choice,Quot.sound,propext	Type
inductive	Minidregg.Theory.Hyperdocument.AnchorBias	42e15f4292e7b0144482163e1f917b105356324f7803ba72b4eae98c97af27b9	16946b93ac38405660f51e475eb5aa7d25b54f5e5677e0f6a10a4526cc071cbf	5630285b58facb94d22c54fe96d49a03709cf9d422729c20eb6fe6c420dc2a13	1208801d400beb36		Type
ctor	Minidregg.Theory.Hyperdocument.AnchorBias.after	b5f1d994be8f7dbafd837bc9c1f0c3bb5bb5be7bb20aaed5d3460e869cef483c	aa7a20e7b2630e862bacc7f282c40b116344357243b07ffa9d9c6fc2e75e6433	122b8746083a5269a4830c81ce8bd0504ad93dbea2adea0e44a0f44dc8f3aa43	d1ff18f6bc7b340f		Minidregg.Theory.Hyperdocument.AnchorBias
def	Minidregg.Theory.Hyperdocument.AnchorBias.after.elim	ee873d8226f894a850840d64d8e32ebcb1d08d1b7072cbeb23d36b4eeff7bb07	a0a07b7c2be5fb4e9860bedb2c2777f2186eafca8aaf99e2b6a7af9e12be0223	041af9b80bf65039cba2dfe8e83fb7d8c37443addc56ac7ac65de1a9ea1edceb	8e3bdf568c34eed8	-	{motive : Minidregg.Theory.Hyperdocument.AnchorBias → Sort u} → (t : Minidregg.Theory.Hyperdocument.AnchorBias) → t.ctorIdx = 1 → motive Minidregg.Theory.Hyperdocument.AnchorBias.after → motive t
ctor	Minidregg.Theory.Hyperdocument.AnchorBias.before	88cace8415d5a565a0aefd1633e63ec028d1458a15ba3eb9fdc8fdf42f9639e4	aa7a20e7b2630e862bacc7f282c40b116344357243b07ffa9d9c6fc2e75e6433	c89661ef9a58e99087b197ac52f66a4b0b7d432c56579100222793d1e6afd4c6	66aa5acfa2c2f862		Minidregg.Theory.Hyperdocument.AnchorBias
def	Minidregg.Theory.Hyperdocument.AnchorBias.before.elim	818a052be6836a2a0bf7b41642912da4efa88cc2ff478fd35bc241d4890b87ba	c4ca19bc90ac22356290d5a31567360fefafc51ab5c2de7c2301cbbc2c442a06	f7ada10ea8a918b2f92356dd888b7883a466318bac4698f5fa69f74f25c4a5db	f0f5e536cff7e5f4	-	{motive : Minidregg.Theory.Hyperdocument.AnchorBias → Sort u} → (t : Minidregg.Theory.Hyperdocument.AnchorBias) → t.ctorIdx = 0 → motive Minidregg.Theory.Hyperdocument.AnchorBias.before → motive t
def	Minidregg.Theory.Hyperdocument.AnchorBias.ofNat	829b2ad1c35b547d3dd01a860e05abc2521a4c946978aa94b7b860a2c633fe69	291094360c4aa4034e8de2f358ce08f194ec11856f59f3e91d54add05a456b58	71ff5bbdc497860cce874dfadecc40238af98e12d6bc651180ed465de7369235	59ccc1ca2a7a7a2b	-	ℕ → Minidregg.Theory.Hyperdocument.AnchorBias
theorem	Minidregg.Theory.Hyperdocument.AnchorBias.ofNat_ctorIdx	1bce07ca1e7b076efdb6bdb41d408ac8e3f26085123f3e2fb85f304f280207a9	7264191b1541bf569b6ecd4d8522fad1d508e4faecd3be1bebf0ea7af607735b	269c32f3b27290cdeed588dd9d47dfb6e9a3834498cb9041bc6eb6c7008d328b	ee42d789c3ab0a6d	-	∀ (x : Minidregg.Theory.Hyperdocument.AnchorBias), Minidregg.Theory.Hyperdocument.AnchorBias.ofNat x.ctorIdx = x
inductive	Minidregg.Theory.Hyperdocument.AnnotationAnchor	cae8fd4e92c619b2a79d5581df52393a6b6fb037c7438dd63fcdfccf2f4edcdb	16946b93ac38405660f51e475eb5aa7d25b54f5e5677e0f6a10a4526cc071cbf	78d73081e725cf441c70e73d1623006dd359ff6481660ca6319207ecca397e55	d264fef314675e43		Type
ctor	Minidregg.Theory.Hyperdocument.AnnotationAnchor.atom	2ed2d7c2f765312b11a7351c724b0a4d4700248f236a1cc3a654d43f52993aab	9eb1e35f10565ad6cbc3b4c66e0226e406463bf29140d2f277839fafb21af05c	2f125dff05fbadd660432aa37aae7512be36fbb2401f2273f4b11b0892ad7c57	03e654a5c88d25dc		Minidregg.Theory.Hyperdocument.AtomId → Minidregg.Theory.Hyperdocument.OperationId → Minidregg.Theory.Hyperdocument.AnnotationAnchor
def	Minidregg.Theory.Hyperdocument.AnnotationAnchor.atom.elim	3706e094b5e978b07e7ba6fc70c11e8d2cbdc4924ff63e74eecbd1b35277ab13	4dbeea5c2e070e1eebc26aaafb1a9165f58393a786ea7b486e3b744eb69654f5	421385d43d5599808f7d87dd4f7aea77695cc6a7e7c83b666ff10d2da660767b	9c461dda4647e31c	-	{motive : Minidregg.Theory.Hyperdocument.AnnotationAnchor → Sort u} → (t : Minidregg.Theory.Hyperdocument.AnnotationAnchor) → t.ctorIdx = 2 → ((atom : Minidregg.Theory.Hyperdocument.AtomId) → (revision : Minidregg.Theory.Hyperdocument.OperationId) → motive (Minidregg.Theory.Hyperdocument.AnnotationAnchor.atom atom revision)) → motive t
ctor	Minidregg.Theory.Hyperdocument.AnnotationAnchor.document	8165e1d55158589baebb28ae1ad58b32d679b7d9bbb654f8938adc3c352223e4	8c3fccf9f8edcacfeb0145ca6830dad9492590cf9108c1213229d53e26ae72b5	7636b30a57926758a6bc6cfc969d98a197d4b3aba3ce91565e9b5f392c9dcab8	44d141f8f7714c1d		Minidregg.Theory.Hyperdocument.AnnotationAnchor
def	Minidregg.Theory.Hyperdocument.AnnotationAnchor.document.elim	e3daa0e5f2e0ad96c3c2700f8fb76ae61468b1e39d84910d43a1ff4210f18924	94e89577d23e84ae24e502ee182d4ec27bb1bdc11088485f860a0d6e2ab9ea58	4c6ec670712d444b0c1c165650ba8c8f42ffe4f2b010c8c40ce2b290d46cf05b	955031932684184f	-	{motive : Minidregg.Theory.Hyperdocument.AnnotationAnchor → Sort u} → (t : Minidregg.Theory.Hyperdocument.AnnotationAnchor) → t.ctorIdx = 0 → motive Minidregg.Theory.Hyperdocument.AnnotationAnchor.document → motive t
ctor	Minidregg.Theory.Hyperdocument.AnnotationAnchor.range	4770996796763ad1c83f5390f8ab3011885a78e5b9a9ed860e5de8ee6f078884	f82ca78fac5e8d7a08ac36ace0c12d8f6c937f0b46e68fa554cf3202f4ac32bb	ab53b118421749c0a729060f5d062dfec1537b49a7c25a7d4e4ab3cd8ccd339c	85ca506527e2d2d8		Minidregg.Theory.Hyperdocument.StableRange → Minidregg.Theory.Hyperdocument.AnnotationAnchor
def	Minidregg.Theory.Hyperdocument.AnnotationAnchor.range.elim	e8a638620b4b6fa7ab14b9f93430f6f5acbcce5b7eaa6a76123c26d3edc3373c	c3a904416596ce7cbdf08635de2c3092415bce95f3bf1bb082ddfd43383e8691	7ad548c557535ab98cea260f9a2f2898b23406a89d2bba24c4a612e23c91642c	f938571eaea59527	-	{motive : Minidregg.Theory.Hyperdocument.AnnotationAnchor → Sort u} → (t : Minidregg.Theory.Hyperdocument.AnnotationAnchor) → t.ctorIdx = 1 → ((range : Minidregg.Theory.Hyperdocument.StableRange) → motive (Minidregg.Theory.Hyperdocument.AnnotationAnchor.range range)) → motive t
inductive	Minidregg.Theory.Hyperdocument.AnnotationBody	21d203ec8ef83065179444253a464d6297c542e9488c9ec0beffe6c422c1f95d	16946b93ac38405660f51e475eb5aa7d25b54f5e5677e0f6a10a4526cc071cbf	9c1fae2cc1b0b872bb558487ed76e59dad0da1ff73a6ee780c58ef1d3c4be378	16875d4a60821abd		Type
ctor	Minidregg.Theory.Hyperdocument.AnnotationBody.inline	9458e13de07e1a9bcc09e1c94ef394a3b8ded931ec03fa67ae09addda881de5a	3017c3f30aebdda71e39a47b9284af5014a0cadd8395af5451cacb85bb47213c	76db33b92c0f841beae245604cb25e487160abb87664cf9b9003a97573b8688b	a6cc725256f0ea9b		List UInt8 → Minidregg.Theory.Hyperdocument.AnnotationBody
def	Minidregg.Theory.Hyperdocument.AnnotationBody.inline.elim	9d08da7d307a4493b6bb278bbf3ade83ccbd3ba9d9d67c0cebdc4636a04e1175	a18167a12ade8d0aae8f34e8427a84d2e31afac0f72cd43dfda0261206cceb89	4682cb61b47fcf0236de1892ae816d0ccf2859c761fc299883eb2585b320fb4b	dfab49be68d0acd8	-	{motive : Minidregg.Theory.Hyperdocument.AnnotationBody → Sort u} → (t : Minidregg.Theory.Hyperdocument.AnnotationBody) → t.ctorIdx = 0 → ((bytes : List UInt8) → motive (Minidregg.Theory.Hyperdocument.AnnotationBody.inline bytes)) → motive t
ctor	Minidregg.Theory.Hyperdocument.AnnotationBody.reference	5dc23609a7ca8f466366e21021f0772d731c4005c6170220d64d7b9cbb331fe9	4a05dce38f718f3f2373bf5cc6925a368f1efaad10a41b684ffbde89259a994e	d7aabee78462e85a01f7be816c7280bcc5ffa203ad1db8be86a2b142a7a1d1fc	222125f8f78155f2		Minidregg.Theory.Hyperdocument.DocumentId → Minidregg.Theory.Hyperdocument.AnnotationBody
def	Minidregg.Theory.Hyperdocument.AnnotationBody.reference.elim	e7f836328744df210e2be412464e5de7492bc52887c8efd6e2ed5cb5f8b0a386	d5218982f471bc4da592d694ad52aaa4a27791ebb27eb1c279e6e450666b8fba	cdb65d26cc3bfe7804943505a6029983147e0396c645dc6726766c4f5856ed27	dc81a543b70df8f1	-	{motive : Minidregg.Theory.Hyperdocument.AnnotationBody → Sort u} → (t : Minidregg.Theory.Hyperdocument.AnnotationBody) → t.ctorIdx = 1 → ((document : Minidregg.Theory.Hyperdocument.DocumentId) → motive (Minidregg.Theory.Hyperdocument.AnnotationBody.reference document)) → motive t
ctor	Minidregg.Theory.Hyperdocument.AnnotationBody.sealed	6872057372bc244856f1653f76e80d184ea7cb0835bc58c55700f5a4758e9f35	908e9085a393c1b337bb8f81cadc7d210dac3cd6b23ae6aeb9e82d51567612f0	5f67a4c8b73b2f9bddf70c579b8e847e2679ffd8139858123a842b9649a53ee1	0ffb3f7049b30b87		Minidregg.Theory.Hyperdocument.AuthoredFragment → Minidregg.Theory.Hyperdocument.AnnotationBody
def	Minidregg.Theory.Hyperdocument.AnnotationBody.sealed.elim	50ddcd2d1327f6cc8fa355317c8218ac55863a5494e64cf3fad213733a8035ce	f9cf020a2acbb4f7c3fbf69440f7668bb0d77cfc17c74162adee631cc879872d	bd2a683ca309a2cc8c0edfc2a209ad667c9ddbfa6325f7849539e48d4e6a70cc	10d9136a1a97e232	-	{motive : Minidregg.Theory.Hyperdocument.AnnotationBody → Sort u} → (t : Minidregg.Theory.Hyperdocument.AnnotationBody) → t.ctorIdx = 2 → ((fragment : Minidregg.Theory.Hyperdocument.AuthoredFragment) → motive (Minidregg.Theory.Hyperdocument.AnnotationBody.sealed fragment)) → motive t
def	Minidregg.Theory.Hyperdocument.AnnotationId	b83bb7becae11a2a42f0b68b2c38824b16f123dc550720f9fe3b322729f9acd6	89855d392aa192071e8a2b2230d30ecae8fc9de0c15fa6a53f6209226829292a	8a7832d627215c2f912d034eb97c11e841db7e13418cc1e05645ffbca32bbf03	c40d85c07e1d8173	-	Type
inductive	Minidregg.Theory.Hyperdocument.AnnotationRecord	20715e4e734964da1ec5df8ab02c406b31ef86f342b3cc77ae70a82d0a72cdfe	16946b93ac38405660f51e475eb5aa7d25b54f5e5677e0f6a10a4526cc071cbf	c85be14d5fdbecf893fbe59605314e2f275d0a96a3861f569cb1a2ce52c91187	e27116182e575e67		Type
def	Minidregg.Theory.Hyperdocument.AnnotationRecord.anchor	a8c20c8fcf6f21766d26e44d2763a2e90fbfc0441311dcf388b5cf31b64dc8dc	25a3d6274b58ee3996315d160fbbaf7e3695d4f000fd960bd52782fb16727832	2da1c83387a2e60cbdc9e6dd2bce9f0910ad10999561822a10fd13e25df6f5db	b67257c87a10bbe4	-	Minidregg.Theory.Hyperdocument.AnnotationRecord → Minidregg.Theory.Hyperdocument.AnnotationAnchor
def	Minidregg.Theory.Hyperdocument.AnnotationRecord.author	55615cf07c8db33d3359d797d13276a46ddc63198fcc79dac6d3c724098b4aa5	b80782d070565ecf1f4fc43e125817d6b3b76b490a90ae0eb20821b8b9861614	d7bcca14c1264567d8e775cf5db1edf2e351f550174325a301f571ed2c6c61b1	de02d590f7a79ed7	-	Minidregg.Theory.Hyperdocument.AnnotationRecord → Minidregg.Theory.Hyperdocument.PrincipalRef
def	Minidregg.Theory.Hyperdocument.AnnotationRecord.body	543857d2ad7678033ea0f42a9e791d18b9acc559a03875199a6d72bd5ed5ea00	bae04aabf991a64b6a8156117e95b48b46d71aa41d617a0135812c8fe625b91d	390f5f23238be4a1749a2927338dea015d86ab16f335cecbc2a46528846a2692	49d9b21b1d6c9481	-	Minidregg.Theory.Hyperdocument.AnnotationRecord → Minidregg.Theory.Hyperdocument.AnnotationBody
def	Minidregg.Theory.Hyperdocument.AnnotationRecord.document	e6e8d60ff3df47a26f4baa664bf5c1527226fdc3990c118dc9ac7ef68ea79101	3585d4005c8e7e69feae16b8964ec0aae021a68beb200c88f85f374b54aaebaf	70bf0b2b23dc2fd45f10e8b61476c03d753c39d2c968a290202b49303684986f	12edca8bdbf340b6	-	Minidregg.Theory.Hyperdocument.AnnotationRecord → Minidregg.Theory.Hyperdocument.DocumentId
ctor	Minidregg.Theory.Hyperdocument.AnnotationRecord.mk	a1f4202ddbd4e9ac68a2fca5dbba19c764b8f084bd27c0dd2a81e9cb330418e0	24fa3795c5b10ccf5f81f93da243d6fbba26cf0d7bdc97e4a5b63a9107fee2dd	344b86789aa088aa762d5c1496faad3ed908621a9f2bda2c033af0fcd5d2576c	8e74b8e4d46d738f		Minidregg.Theory.Hyperdocument.DocumentId → Minidregg.Theory.Hyperdocument.AnnotationAnchor → Minidregg.Theory.Hyperdocument.AnnotationBody → Minidregg.Theory.Hyperdocument.PrincipalRef → Minidregg.Theory.Hyperdocument.OperationId → Minidregg.Theory.TypedAuthorization.Digest → Option Minidregg.Theory.Hyperdocument.OperationId → Minidregg.Theory.Hyperdocument.AnnotationRecord
def	Minidregg.Theory.Hyperdocument.AnnotationRecord.operation	ac247e3a6b30ed36ae7e0f869cbbd54bacbb574e3a84203ed100bedd62e19f08	bac979e70d43be14ec9e4daa24c1e1797c3f48427e3ebf096fb216bf2bd8e3e7	22f92158f89126b9a6fcb0c3911898a56c0e27928752f31f75ab29a23aed1d84	903e7069e51f3e4e	-	Minidregg.Theory.Hyperdocument.AnnotationRecord → Minidregg.Theory.Hyperdocument.OperationId
def	Minidregg.Theory.Hyperdocument.AnnotationRecord.tombstonedAt	dc7723cbfd2045de8f813e4f5fe87083b9a96b949dba28fc10370b9fa5a2c401	9e02028d647f278f22aaba68cd000029dbeca82f7d527d7dc57aff3621119620	796f99af15cb962ac94e7d437c5b241588c6b3b4a63e755a56310add99d5a93a	5edeff0c6ee77817	-	Minidregg.Theory.Hyperdocument.AnnotationRecord → Option Minidregg.Theory.Hyperdocument.OperationId
def	Minidregg.Theory.Hyperdocument.AnnotationRecord.visibilityPolicy	22e1ec97293423a4b69ca40384d397bf60177e0c5606e3ac98996e276a2e8978	d363b8fe642365a057295d7ddf2a1e28e087a8f35ac26fe2f20a59926409877f	36c21176f454372d2f51697df600e6e554262fa10e93e45bae227903a36de8e1	acceb4481bbed8c9	-	Minidregg.Theory.Hyperdocument.AnnotationRecord → Minidregg.Theory.TypedAuthorization.Digest
def	Minidregg.Theory.Hyperdocument.AtomId	76e8370ac1d3ca7a1202a49e465abd264f03cea0e3408017014a5a5defe2acc5	89855d392aa192071e8a2b2230d30ecae8fc9de0c15fa6a53f6209226829292a	db6d463fb9289f4366d6f87cd49a25846954b4a294fccad6a723c5bb07eb5eca	bca7f6aa99653220	-	Type
inductive	Minidregg.Theory.Hyperdocument.AtomKind	e7d9a5c16289a81d6301d07d0d6fbd7ba02d1d9eef0bac983af2158a5c54790f	16946b93ac38405660f51e475eb5aa7d25b54f5e5677e0f6a10a4526cc071cbf	b8c678d0a5c781d7e3519f33036f6c07627c5938a670e26a302029888380df00	7b61d71979006b6e		Type
def	Minidregg.Theory.Hyperdocument.AtomKind.authored	86baae7ac09a7543f1625f0ee32cd3dfbef0111a01a89ad3e94280af2e46e62a	e454b0cb61ec30d2522a3663b3627f54c897f1d316cd0686f6f234cc478bba4f	24b9ea8966e736e14cd020786dcf68b52261b8319e47c563e5499cfbf0042afb	5cdf4bd9607e6c02	propext	Minidregg.Theory.Hyperdocument.PrincipalRef → Minidregg.Theory.Hyperdocument.OperationId → Minidregg.Theory.Hyperdocument.AtomKind → Minidregg.Theory.Hyperdocument.AtomKind
ctor	Minidregg.Theory.Hyperdocument.AtomKind.inlineObject	8eb0ece5ecf94276146cbbc4da4ecfdde163fc1a547d4e34ea2638f1b388a302	1aa2f90812e909095cf6308830f1096186f08dffb67b402ba84f726a7f3d4d17	f7265be8efcefdaad641a1b5352df67d3a0c04c4a5966a1f3baf884c7b54bee6	2bc6080e00d2d03e		Minidregg.Theory.TypedAuthorization.Digest → Minidregg.Theory.Hyperdocument.AtomKind
def	Minidregg.Theory.Hyperdocument.AtomKind.inlineObject.elim	b22ed099c6ae8176833425d5f1d2fff0bbf78bd400bcd201737e6ed5154027f9	0f659f07fbf06f9025d76a30c0a5c87752854fb237ca8e2961f967cb9968b428	1da0c486363c5b1bee80ab938e32262ed593fdabbf568c1d344313a5426429df	141375a7df8675c2	-	{motive : Minidregg.Theory.Hyperdocument.AtomKind → Sort u} → (t : Minidregg.Theory.Hyperdocument.AtomKind) → t.ctorIdx = 1 → ((schema : Minidregg.Theory.TypedAuthorization.Digest) → motive (Minidregg.Theory.Hyperdocument.AtomKind.inlineObject schema)) → motive t
ctor	Minidregg.Theory.Hyperdocument.AtomKind.sealedObject	1b914addec67f5606c0b333e7b30b02173ed9b5c59740ef6b14703f3af5f6f35	38626d8698f2e198ca7ee0d23d6a02f99e836cb6bbe807fccf7fdda9b8988464	e0644dfdcedba8751eaf9359d2a7236f829a33e74896ff360e0bffe357202901	f69eecaff244ffa0		Minidregg.Theory.TypedAuthorization.Digest → Minidregg.Theory.Hyperdocument.AuthoredFragment → Minidregg.Theory.Hyperdocument.AtomKind
def	Minidregg.Theory.Hyperdocument.AtomKind.sealedObject.elim	4e98b88fb1a366242c13ba698bb6afd2724c342cc74fa9cc007c3f8ca9de9dcb	4d9697213a6accef7331022bb8f88c57176c8cb0df11f0c105cafbc7bc97ef67	0ba2acd2dd67a6255e9551dd3f55514d9d8614e9ac4d0ae63586be35014811d1	e1499a4499b25ab7	-	{motive : Minidregg.Theory.Hyperdocument.AtomKind → Sort u} → (t : Minidregg.Theory.Hyperdocument.AtomKind) → t.ctorIdx = 2 → ((schema : Minidregg.Theory.TypedAuthorization.Digest) → (fragment : Minidregg.Theory.Hyperdocument.AuthoredFragment) → motive (Minidregg.Theory.Hyperdocument.AtomKind.sealedObject schema fragment)) → motive t
ctor	Minidregg.Theory.Hyperdocument.AtomKind.text	6112c8d4f79ba31762f7437ac118be68461158acc9d976ee3b897c01e3db5e70	2bbce5af56911cd0fc4a84e1667628ec46b151508127a57aa9f7686bf7340b14	baabd48c69d1e81a6fa0fe39ee3daec75b397e197683fa64c2002999c3d998c6	a28dd041a7cdffd4		Minidregg.Theory.Hyperdocument.AtomKind
def	Minidregg.Theory.Hyperdocument.AtomKind.text.elim	e7c334212e2a5afe86bd1858b4321bd618de3562e618f046d978ff975c42f914	082d8caeb0752f76bfa011c33af4c69634cc7914693ebb23bae33ff2c5a7c6b4	d854135e519658b2198adb97776e1b1a32c8e6164df160ae82209b78c02c8fee	29deb309891ec889	-	{motive : Minidregg.Theory.Hyperdocument.AtomKind → Sort u} → (t : Minidregg.Theory.Hyperdocument.AtomKind) → t.ctorIdx = 0 → motive Minidregg.Theory.Hyperdocument.AtomKind.text → motive t
def	Minidregg.Theory.Hyperdocument.AtomKind.validPayload	5748ea7d7069e305ebf804c6e48cf8561c3f224e1afc21dab8fa3eecbc5a1af8	f33f01ec35ffcb619ddb10872fbc81aa073e55360b7d23326fada75fb2c733ae	9ca6832c00feb15b20739d3120560c4fcefb08704a2117dba89af04181469f10	c099e33dd40c56e4	propext	Minidregg.Theory.Hyperdocument.AtomKind → List UInt8 → Bool
inductive	Minidregg.Theory.Hyperdocument.AtomRecord	bf6acad76e4d45e5319fe9a9cf1d177d25f0cbe9b56d395f53494615751c2251	16946b93ac38405660f51e475eb5aa7d25b54f5e5677e0f6a10a4526cc071cbf	89c7019bb0cec455758e71dda71da7f5511d8f827d5c4cf1da9744e3a6e1ecd5	ca029b65920b1d51		Type
def	Minidregg.Theory.Hyperdocument.AtomRecord.bodyBytes	7ad9b3811828ef5cab63b39e4e64adb459c1edaf9ca8a276492e4b49cbac9001	36777cd4bc48eb77062a3d7e35068eeb1041a000002b19ef0b0a43bbe0dfbe55	e9ed0426134564d8995fdd8fa5f13f8cef65c7ce161a3039407fd85ee9107ff7	fa6a308d63071323	propext	Minidregg.Theory.Hyperdocument.AtomRecord → List UInt8
def	Minidregg.Theory.Hyperdocument.AtomRecord.createdAt	f104e04b00da3a45d91148ff797c45aa1bf0458f62c8b2baf3d29f620d12c481	170bfbbf9aca1153645acfaa544d85af0b8ec0a00a140d5f3e0dbfda63a81203	3e5273e8abef169f8a78c9f22819a2b51d8299ba60e5c93bfb7a05239946d3a6	fdfd77929650dc40	-	Minidregg.Theory.Hyperdocument.AtomRecord → Minidregg.Theory.Hyperdocument.OperationId
def	Minidregg.Theory.Hyperdocument.AtomRecord.createdBy	548a7b17b28b7a85f47253d8c1c6492740a566a1c25050071242b4291b22835a	48a94ccf1a82687b34aba4da427d7c951b7c5d9a479cf849ca4f0b9b26416524	b11c42f048fedd09b8db7ded452c4b2a3d4bda25b13ac6f82cd788d6f7ef81fd	6e4013147daff0e8	-	Minidregg.Theory.Hyperdocument.AtomRecord → Minidregg.Theory.Hyperdocument.PrincipalRef
def	Minidregg.Theory.Hyperdocument.AtomRecord.document	f61038eec2abb87c41fa43f19616fb1b9c01b746e850d23aa36bebd7ef140a0c	7f10f9d76015beada3bd74e881fd4c9e913f93bd087b0cbaec53caf589ef73a8	0957a3b3f1bc3b72bce8ae0cd503fe69f89a905741d1f979edea47427d06b672	f22157fa5de7182b	-	Minidregg.Theory.Hyperdocument.AtomRecord → Minidregg.Theory.Hyperdocument.DocumentId
def	Minidregg.Theory.Hyperdocument.AtomRecord.kind	e662f922e350fb5b42775892763cfe8549c20b2c169e4a866d6ea0d8a3e9787e	77368cdf57788f92c9a66c7717d3bb6eee82ad197b8f593f68e2390c9a9bad59	163e5d8be7ca39519afc1111fc6ed0804167ce26cb77beecaba386464dfa8de8	bef9b20620634b2d	-	Minidregg.Theory.Hyperdocument.AtomRecord → Minidregg.Theory.Hyperdocument.AtomKind
ctor	Minidregg.Theory.Hyperdocument.AtomRecord.mk	2567daf49293b138aab8333eebc4d58d0c1f20b0516ee2a36cc9705e41d23c52	0587f588bc791366023388fe872698d83494259881de425105a619e6b13a77c7	d6ec9a7d23c5f190e0b9f40d3a6d5db5b1b1ec8991be30508a82119c0570b858	adfceaa17fed02d5		Minidregg.Theory.Hyperdocument.DocumentId → Minidregg.Theory.Hyperdocument.AtomKind → List UInt8 → Minidregg.Theory.Hyperdocument.PrincipalRef → Minidregg.Theory.Hyperdocument.OperationId → Minidregg.Theory.Hyperdocument.OperationId → Option Minidregg.Theory.Hyperdocument.OperationId → Minidregg.Theory.Hyperdocument.AtomRecord
def	Minidregg.Theory.Hyperdocument.AtomRecord.payload	673a464b61326fa1d277f691c10ff91737116d6e131b0de0c52ef02f85fb936d	36777cd4bc48eb77062a3d7e35068eeb1041a000002b19ef0b0a43bbe0dfbe55	b79a4fd952985660ee8ab534afea2350f2b38b76384354cc2246e22f8bf28ba5	f929836612884787	-	Minidregg.Theory.Hyperdocument.AtomRecord → List UInt8
def	Minidregg.Theory.Hyperdocument.AtomRecord.revision	9e4f8e3e7bfa1726c5892aa2088f133d2a1439c1dd84439cc200563e61f4d92d	170bfbbf9aca1153645acfaa544d85af0b8ec0a00a140d5f3e0dbfda63a81203	53cb712bc119f9a3654a29672926b6fc63c31d86955ee652dda6ffe8b30e62be	00c7727786fe5d8d	-	Minidregg.Theory.Hyperdocument.AtomRecord → Minidregg.Theory.Hyperdocument.OperationId
def	Minidregg.Theory.Hyperdocument.AtomRecord.semantic	a55be42589eecdc9dd55c4b210e0d61a8fe4a1f3fa65f7fccd1a8106d2e5bb5d	981eb5b67bcdf4080235198c707dcc335d8e1cf333d409c6c10ad75fbb4eb5fb	e8ad62bb087b7b093ac59046284a4af70ee97f3465aa4fa0c419265a473d99c8	5397bbfc1f9cdcb2	propext	Minidregg.Theory.Hyperdocument.AtomRecord → Minidregg.Theory.Hyperdocument.AtomRecord
theorem	Minidregg.Theory.Hyperdocument.AtomRecord.semantic_revision	a1c2e3edc5d5e6b3567c4bf0adf917dc395db8ab8115e2fc92910c6cd604afa9	0ef70d796924ccb33aca744a354346bc2a58042da85960616e5dd054fda154dc	aa42c523c47b633a179977e2021e677ddc29014720be9b642f94066a56384e7e	f4e5dd8e79137ad2	propext	∀ (record : Minidregg.Theory.Hyperdocument.AtomRecord), record.semantic.revision = record.revision
def	Minidregg.Theory.Hyperdocument.AtomRecord.tombstonedAt	5cf7be46996e6d5bd9e70af6326dff50545e2749d980d3b7b01005fc42defd03	b8ea706242aac119e877fcf3237cbeb94954d761e9b175549634b27599261aad	1fc64383142289a5fd5a225f1c100228ad4a17dee3510567e133646d7442dbd5	5e391884cd25ec77	-	Minidregg.Theory.Hyperdocument.AtomRecord → Option Minidregg.Theory.Hyperdocument.OperationId
inductive	Minidregg.Theory.Hyperdocument.AuthenticatedPrincipal	168ab0acb5bb8a9a04c23d5a657da0b957a646ded2c89ef0c80d82bda5ac495d	bfa0b681af92253dc6109c0e9ff2cee3955a4975e577c6bc9feb467d4c178744	c6a4a25477f44a3c82afba9137c466c04e16bedf7ddf87df38e1ec7fe3beb322	97265cb5d4f225ea		{M : Minidregg.Theory.CredentialAuthorityState.Materializer} → Minidregg.Theory.CredentialAuthorityState.Cell M → Minidregg.Theory.TypedAuthorization.Height → Minidregg.Theory.Hyperdocument.PrincipalRef → Type
theorem	Minidregg.Theory.Hyperdocument.AuthenticatedPrincipal.ancestorsNotRevoked	6c48181b99ceb0d851d2baf9d09dd54f0e2037094143a1942679794d3c988295	0da7e34426d8e13891ab4c7b037a13614202adc8f89a240f31387fdb6d70a036	0f45e13e7f7005d36eb58b46187cf04af1e49e9a08cfc8c8ff6245f5b3bae1b9	d5002f7dcefd6d68	Classical.choice,Quot.sound,propext	∀ {M : Minidregg.Theory.CredentialAuthorityState.Materializer} {authorityCell : Minidregg.Theory.CredentialAuthorityState.Cell M} {height : Minidregg.Theory.TypedAuthorization.Height} {principal : Minidregg.Theory.Hyperdocument.PrincipalRef} (self : Minidregg.Theory.Hyperdocument.AuthenticatedPrincipal authorityCell height principal), ∀ ancestor ∈ self.stored.head.ancestors, Minidregg.Theory.TypedAuthorization.RevocationKey.capability ancestor ∉ (Minidregg.Theory.CredentialAuthorityState.authState authorityCell).revoked
theorem	Minidregg.Theory.Hyperdocument.AuthenticatedPrincipal.channelsNotRevoked	131fc64c5675e6fea6ae39cb8c98e8c930683baf048d6ecd470b5b5f8d9d6b08	933b2694ed876dd09efc50ec21dada1168be070ba69add9a466a0b9b9d1b8a08	d07d08003dde8fd4c5227a068c3b1b47e73f8bd963cbf1b6359762182a678034	c05d63afe7676fa1	Classical.choice,Quot.sound,propext	∀ {M : Minidregg.Theory.CredentialAuthorityState.Materializer} {authorityCell : Minidregg.Theory.CredentialAuthorityState.Cell M} {height : Minidregg.Theory.TypedAuthorization.Height} {principal : Minidregg.Theory.Hyperdocument.PrincipalRef} (self : Minidregg.Theory.Hyperdocument.AuthenticatedPrincipal authorityCell height principal), ∀ channel ∈ self.stored.head.channels, Minidregg.Theory.TypedAuthorization.RevocationKey.channel channel ∉ (Minidregg.Theory.CredentialAuthorityState.authState authorityCell).revoked
theorem	Minidregg.Theory.Hyperdocument.AuthenticatedPrincipal.holderBound	f1f2d3a23545d5ae201a98093c418c97af75ab78f0a77fb3c9f924d52b238ffd	1b5d285e9734a64be72912c83131df592474484c77e1f925972608dc8c0f287e	82c732441a7968729ac89871ce3e1aaffc84f5ef8bd3633530a582e0475c51da	788ab1bd2d2a3b12	Classical.choice,Quot.sound,propext	∀ {M : Minidregg.Theory.CredentialAuthorityState.Materializer} {authorityCell : Minidregg.Theory.CredentialAuthorityState.Cell M} {height : Minidregg.Theory.TypedAuthorization.Height} {principal : Minidregg.Theory.Hyperdocument.PrincipalRef} (self : Minidregg.Theory.Hyperdocument.AuthenticatedPrincipal authorityCell height principal), self.stored.head.holder = Minidregg.Theory.TypedAuthorization.Holder.subject principal.subject
theorem	Minidregg.Theory.Hyperdocument.AuthenticatedPrincipal.idBound	6e25a5593d457fc5e11e856d71f60612ea6727ba965e2e4ef543f4471ce0cd42	4a7e5dbcf5d9557b65a47be228c49c13631b78ba14cb7d2ecc35c7e858054643	d88287d6689812300efaf10c611fe2710e1d1b6be9cc51b7469d5fa5547b8b5e	920844357bef14e9	Classical.choice,Quot.sound,propext	∀ {M : Minidregg.Theory.CredentialAuthorityState.Materializer} {authorityCell : Minidregg.Theory.CredentialAuthorityState.Cell M} {height : Minidregg.Theory.TypedAuthorization.Height} {principal : Minidregg.Theory.Hyperdocument.PrincipalRef} (self : Minidregg.Theory.Hyperdocument.AuthenticatedPrincipal authorityCell height principal), self.stored.head.id = principal.capabilityId
theorem	Minidregg.Theory.Hyperdocument.AuthenticatedPrincipal.issuerCurrent	2189a50f09bb4da1026e4eeec7144bb71ff59993b2bc169dc08cccb8ee917466	25df34ce346cc8f279217a3a97d602e278d6014f5475e4e3dadf3fc2f1084bd7	39a60a2b6303df771171d9f2dce989a9f79c5718eb29e728b43c88c72b380bc0	0211bbee9c62db8e	Classical.choice,Quot.sound,propext	∀ {M : Minidregg.Theory.CredentialAuthorityState.Materializer} {authorityCell : Minidregg.Theory.CredentialAuthorityState.Cell M} {height : Minidregg.Theory.TypedAuthorization.Height} {principal : Minidregg.Theory.Hyperdocument.PrincipalRef} (self : Minidregg.Theory.Hyperdocument.AuthenticatedPrincipal authorityCell height principal), self.stored.head.issuerEpoch = (Minidregg.Theory.CredentialAuthorityState.authState authorityCell).issuerEpoch self.stored.head.issuer
theorem	Minidregg.Theory.Hyperdocument.AuthenticatedPrincipal.lineage	e40b70da2790ff4fcf94d2832a782d17b60b1bae094d5f2f28226aa1b1d46cbb	257cc0223932a4a93d8b27dec57ee2d0c664b899288314597d106b7aead73880	925e13edeb07473154dd258bd53b10a467c83b793754845ceccd6548ba537a95	4a6fba40141a1e74	Classical.choice,Quot.sound,propext	∀ {M : Minidregg.Theory.CredentialAuthorityState.Materializer} {authorityCell : Minidregg.Theory.CredentialAuthorityState.Cell M} {height : Minidregg.Theory.TypedAuthorization.Height} {principal : Minidregg.Theory.Hyperdocument.PrincipalRef} (self : Minidregg.Theory.Hyperdocument.AuthenticatedPrincipal authorityCell height principal), Minidregg.Theory.CredentialAuthorityState.LineageValid (Minidregg.Theory.CredentialAuthorityState.authState authorityCell).parent self.stored
ctor	Minidregg.Theory.Hyperdocument.AuthenticatedPrincipal.mk	53e026ec5e56029d67abc90a178838d68d3a2ef9aa37251cf60fd07c5af6d94a	b51a9e95e2f9506b2adfea93f59544c0e5ad4bb908f3e992e20065e4d441c44a	4b57fe856bb221a5e6f10f8bb5c1e10009bf6cf2302bd4ba0e60a6ea9a827c18	895a275df8e0454c		{M : Minidregg.Theory.CredentialAuthorityState.Materializer} → {authorityCell : Minidregg.Theory.CredentialAuthorityState.Cell M} → {height : Minidregg.Theory.TypedAuthorization.Height} → {principal : Minidregg.Theory.Hyperdocument.PrincipalRef} → (stored : Minidregg.Theory.CredentialAuthorityState.StoredCapability principal.capabilityKind) → Minidregg.Theory.CredentialAuthorityState.readCapability authorityCell principal.capabilityKind principal.capabilityId = Option.some stored → stored.head.id = principal.capabilityId → stored.head.holder = Minidregg.Theory.TypedAuthorization.Holder.subject principal.subject → Minidregg.Theory.CredentialAuthorityState.LineageValid (Minidregg.Theory.CredentialAuthorityState.authState authorityCell).parent stored → stored.head.notBefore ≤ height → height ≤ stored.head.notAfter → stored.head.issuerEpoch = (Minidregg.Theory.CredentialAuthorityState.authState authorityCell).issuerEpoch stored.head.issuer → stored.head.policyEpoch = (Minidregg.Theory.CredentialAuthorityState.authState authorityCell).policyEpoch stored.head.policyId → Minidregg.Theory.TypedAuthorization.RevocationKey.capability stored.head.id ∉ (Minidregg.Theory.CredentialAuthorityState.authState authorityCell).revoked → (∀ ancestor ∈ stored.head.ancestors, Minidregg.Theory.TypedAuthorization.RevocationKey.capability ancestor ∉ (Minidregg.Theory.CredentialAuthorityState.authState authorityCell).revoked) → (∀ channel ∈ stored.head.channels, Minidregg.Theory.TypedAuthorization.RevocationKey.channel channel ∉ (Minidregg.Theory.CredentialAuthorityState.authState authorityCell).revoked) → Minidregg.Theory.Hyperdocument.AuthenticatedPrincipal authorityCell height principal
theorem	Minidregg.Theory.Hyperdocument.AuthenticatedPrincipal.opened	655e6da77c74387e4f5d8e15594fdfcf98657174c2c8aeb8096c75418271c0ca	741b6c1e2e67b486861bd4565b76267c463b1f90ec65eead8474bd61ee7d04a2	ac877eeb9956c3c6fcf8ebfd08a837503af16970ee8eaafe81c00c8a32c1145f	813066715a783de2	Classical.choice,Quot.sound,propext	∀ {M : Minidregg.Theory.CredentialAuthorityState.Materializer} {authorityCell : Minidregg.Theory.CredentialAuthorityState.Cell M} {height : Minidregg.Theory.TypedAuthorization.Height} {principal : Minidregg.Theory.Hyperdocument.PrincipalRef} (self : Minidregg.Theory.Hyperdocument.AuthenticatedPrincipal authorityCell height principal), Minidregg.Theory.CredentialAuthorityState.readCapability authorityCell principal.capabilityKind principal.capabilityId = Option.some self.stored
theorem	Minidregg.Theory.Hyperdocument.AuthenticatedPrincipal.policyCurrent	12ca0dd73aec9f142144e6295a0f8d9a2f19790a28a9f498e2721e038e2c6233	3ae9cc14b39b12b44eb1730c0d95776fe620a52eb0bb4e89034ce66b62c27b01	757c8b45f91a6b3c7b05266fac10d2592d5887ff28f1622dd42a3673808da474	fce246772b11e233	Classical.choice,Quot.sound,propext	∀ {M : Minidregg.Theory.CredentialAuthorityState.Materializer} {authorityCell : Minidregg.Theory.CredentialAuthorityState.Cell M} {height : Minidregg.Theory.TypedAuthorization.Height} {principal : Minidregg.Theory.Hyperdocument.PrincipalRef} (self : Minidregg.Theory.Hyperdocument.AuthenticatedPrincipal authorityCell height principal), self.stored.head.policyEpoch = (Minidregg.Theory.CredentialAuthorityState.authState authorityCell).policyEpoch self.stored.head.policyId
theorem	Minidregg.Theory.Hyperdocument.AuthenticatedPrincipal.selfNotRevoked	feed2f5ded2c8fe26323eba90e7571741f956763d6c7da7d172c6c457dfc5757	3a03face79291209b17c83452bbe6b05c9005c57aa43ee919fffb22b7b60121f	5efa724446ae5876e183b8b0a848fe90f8b469c4262c9c3e81b5f3805e48bae7	3298363122f76e29	Classical.choice,Quot.sound,propext	∀ {M : Minidregg.Theory.CredentialAuthorityState.Materializer} {authorityCell : Minidregg.Theory.CredentialAuthorityState.Cell M} {height : Minidregg.Theory.TypedAuthorization.Height} {principal : Minidregg.Theory.Hyperdocument.PrincipalRef} (self : Minidregg.Theory.Hyperdocument.AuthenticatedPrincipal authorityCell height principal), Minidregg.Theory.TypedAuthorization.RevocationKey.capability self.stored.head.id ∉ (Minidregg.Theory.CredentialAuthorityState.authState authorityCell).revoked
def	Minidregg.Theory.Hyperdocument.AuthenticatedPrincipal.stored	405230089662b344c587c6af1a53e8150c8e1bfb1c0ff2a8f16f7a2f9a0b52a6	51bfdf871e3e5ba48df7a9c6b5f7cb71a1aa8eb0c4b4f860fbe5e41d11ed655c	eebcb4ff0b1446735a1255c5fb0a8b574f327a4259013156c23d7a21ee7012c8	a6251b143bc0bd5f	Classical.choice,Quot.sound,propext	{M : Minidregg.Theory.CredentialAuthorityState.Materializer} → {authorityCell : Minidregg.Theory.CredentialAuthorityState.Cell M} → {height : Minidregg.Theory.TypedAuthorization.Height} → {principal : Minidregg.Theory.Hyperdocument.PrincipalRef} → Minidregg.Theory.Hyperdocument.AuthenticatedPrincipal authorityCell height principal → Minidregg.Theory.CredentialAuthorityState.StoredCapability principal.capabilityKind
theorem	Minidregg.Theory.Hyperdocument.AuthenticatedPrincipal.validFrom	1a52625ad00b520add2c57522f27f0f699c7e9e9a0bdb1ba30a8fa0bc67f855f	e5458bbfbbca1e166b5cf248b46eaa3148c96f1b70a48ec090e499067e89cdad	c217394e8980cd8fe2c39a822baae25206ab464c0bc9e00d9ce724421f5e9945	cc43256a5b7c0aa7	Classical.choice,Quot.sound,propext	∀ {M : Minidregg.Theory.CredentialAuthorityState.Materializer} {authorityCell : Minidregg.Theory.CredentialAuthorityState.Cell M} {height : Minidregg.Theory.TypedAuthorization.Height} {principal : Minidregg.Theory.Hyperdocument.PrincipalRef} (self : Minidregg.Theory.Hyperdocument.AuthenticatedPrincipal authorityCell height principal), self.stored.head.notBefore ≤ height
theorem	Minidregg.Theory.Hyperdocument.AuthenticatedPrincipal.validUntil	b117988ddd973fa06cf934496e7376fc693a195d8c0e8ba3981344c5fa25abb7	42bf209bfcdcab6e69e2d2b49f51c978e6e17e4827ea0c63bbbc09505320cddd	16aa511fe66e0e17e34b5df99e3908d24a0b483501a8d3485b6ddda1f5a90cea	45874e1f580a8ec5	Classical.choice,Quot.sound,propext	∀ {M : Minidregg.Theory.CredentialAuthorityState.Materializer} {authorityCell : Minidregg.Theory.CredentialAuthorityState.Cell M} {height : Minidregg.Theory.TypedAuthorization.Height} {principal : Minidregg.Theory.Hyperdocument.PrincipalRef} (self : Minidregg.Theory.Hyperdocument.AuthenticatedPrincipal authorityCell height principal), height ≤ self.stored.head.notAfter
inductive	Minidregg.Theory.Hyperdocument.AuthoredFragment	2c6c68ce8ab2a9a00724133e90fd793ea0f0820d10b86d231d7e9223f0eb96da	16946b93ac38405660f51e475eb5aa7d25b54f5e5677e0f6a10a4526cc071cbf	164f0364c9318e9e9c3b9db4c7504c9ea8ac34ae0b36d6f88d80e286e81d8508	527ac1b5dea81731		Type
def	Minidregg.Theory.Hyperdocument.AuthoredFragment.author	5843092b062c46361cee9ee5415dd1c725899fd1fdb18234cc0307ae1e557388	9b39f8b4fe175e278fb2d6d1cfdc14db7e86c7b0abef83a2d5180224c8da9e30	c9fc7e6c432704cf34bd45547510fa7be4308b0b76749c5326006f6f2dd2062a	a65ed4d821882a87	-	Minidregg.Theory.Hyperdocument.AuthoredFragment → Minidregg.Theory.Hyperdocument.PrincipalRef
def	Minidregg.Theory.Hyperdocument.AuthoredFragment.authored	88dca3aec87d63355baa5f804a38cf64548feaba0cd4e7a42564b40aa335aea8	65633cbdcdaf6aed89b8bf82e7fd64cbfe43cc378bb08def64a28caf698b6065	5f6633b38641c00e882fe8da31eafefb9c5d863e62b6164066a5d649de5a5bb2	804638e451b8e27a	-	Minidregg.Theory.Hyperdocument.PrincipalRef → Minidregg.Theory.Hyperdocument.OperationId → Minidregg.Theory.Hyperdocument.AuthoredFragment → Minidregg.Theory.Hyperdocument.AuthoredFragment
def	Minidregg.Theory.Hyperdocument.AuthoredFragment.ciphertext	8a567ca86784adaa20f0b09690cb84a79c4d003b347d217f15f603621407d6bf	4235470a0b3542240373e217fcfed88edbb872ba169354a3b3407286aa2f0a97	aecec6075e1492ea36dda2fbc1736a22463607a50de35ae475c2f44212261d40	35fe5e228c54daed	-	Minidregg.Theory.Hyperdocument.AuthoredFragment → List UInt8
ctor	Minidregg.Theory.Hyperdocument.AuthoredFragment.mk	7401c3650556ded2221418eec47504d80d511301176e1bba012bf80d720968a4	7d62b5e4093b13faec09f28a85de0171c304982e1385c4323ed43a0dbbf4d300	db859c4264a0e4bdc32b1efd0af55987dd47993e9971962a83bcc5be165b4583	6cf47d9abfc89917		List UInt8 → List UInt8 → Minidregg.Theory.Hyperdocument.PrincipalRef → Minidregg.Theory.Hyperdocument.OperationId → Minidregg.Theory.Hyperdocument.PrincipalRef → Minidregg.Theory.Hyperdocument.OperationId → Minidregg.Theory.Hyperdocument.AuthoredFragment
def	Minidregg.Theory.Hyperdocument.AuthoredFragment.operation	f82144c2c9e8f15923c791e69cfc3ea4ec7cccb4dc55e492adddad5925d5115d	e5163b12dbc9663ea2d661cf700eb5a92b956f8bdb931a7696f7b9eb0ffd3915	63c3d7129b0d47fb3b99339dda3ac78f62940dbab93d0d8636ba5b58505d019b	133b5531ed624f57	-	Minidregg.Theory.Hyperdocument.AuthoredFragment → Minidregg.Theory.Hyperdocument.OperationId
def	Minidregg.Theory.Hyperdocument.AuthoredFragment.rewrapped	e3f20c3c5e2fbc1d0c1711fddeac33d2c3e31c61c0e3afa92a0fcb403adc0047	7ece1549202857815d4d6ad865afa7234acb51ea28fca167e5ee6b225b7159b0	a50c87f22d5bcc2817f5ad12a2b2a47065ac068701c48767ff1061ce86e101b0	3d0c5475635d8980	-	Minidregg.Theory.Hyperdocument.PrincipalRef → Minidregg.Theory.Hyperdocument.OperationId → List UInt8 → Minidregg.Theory.Hyperdocument.AuthoredFragment → Minidregg.Theory.Hyperdocument.AuthoredFragment
def	Minidregg.Theory.Hyperdocument.AuthoredFragment.wrappedAt	0ab07566f0bc1abd7ef3f1ed75cd6c20387a32cea77e2a7c9d9144f16038a55b	e5163b12dbc9663ea2d661cf700eb5a92b956f8bdb931a7696f7b9eb0ffd3915	93d19ef5534665d503ca38bc031f8a3eb86f0173bdc1abd2e7409bbee9c4a61d	3d9472cb8c635a72	-	Minidregg.Theory.Hyperdocument.AuthoredFragment → Minidregg.Theory.Hyperdocument.OperationId
def	Minidregg.Theory.Hyperdocument.AuthoredFragment.wrappedBy	c219152ac6d084ca0827bd22f405ab82521a1e877eec870904bb4ebdf6ae408e	9b39f8b4fe175e278fb2d6d1cfdc14db7e86c7b0abef83a2d5180224c8da9e30	fa7939334cbd3e647a85521eb15f25f89dba797572858eb3b606329bdaff2afb	a9f5e2c088ad8b01	-	Minidregg.Theory.Hyperdocument.AuthoredFragment → Minidregg.Theory.Hyperdocument.PrincipalRef
def	Minidregg.Theory.Hyperdocument.AuthoredFragment.wrapping	2579c387dc59716f040ca8511e7dc0e9f9dc245413c4a6b222f3d958ce3d598f	4235470a0b3542240373e217fcfed88edbb872ba169354a3b3407286aa2f0a97	c315ba65f5c2d19025cea8dc7ced9ddb041f5ba9af2e1949a1651048c28396ca	cf03ea805bb9b7e1	-	Minidregg.Theory.Hyperdocument.AuthoredFragment → List UInt8
def	Minidregg.Theory.Hyperdocument.Cell	674b160cc41243289392e326ec2248898e5746c97b0179ff40958cbf080300f9	c64ab9f91881da7f0f7fbe269cf920df3ecb5476c4ac9014479cd5c04b0ee140	eda72dd1d0c3479dff8fb10f5ec6b7f2d4c775833886bc6d87e80df75900f625	d8e05ec4715b29d6	Classical.choice,Quot.sound,propext	{Root : Type} → Minidregg.Theory.Hyperdocument.Materializer Root → Type
theorem	Minidregg.Theory.Hyperdocument.CellState.Materialized.decode_bytes	5a1350e202d4504bb9222358035da9779ec78038c221f89edb4c706fccd3a5b8	81e47c9c2a0f7cc419a7226813a816cf86f54d48574212d39cc734b37426d253	0e5daadd70aaaadceeca14e2475941da05231c61da9bb0fba6946b20702a165b	65e7e169f52648ac	Classical.choice,Quot.sound,propext	∀ {Root : Type} {materializer : Minidregg.Theory.Hyperdocument.Materializer Root} (cell : Minidregg.Theory.Hyperdocument.Cell materializer), materializer.codec.decode (Minidregg.Theory.CellState.Materialized.bytes cell) = Option.some cell.logical
inductive	Minidregg.Theory.Hyperdocument.CodecVersion	a22013ac05f82f4a2f52ad452de246d0635e4eeda726918aa48abfec573decf7	16946b93ac38405660f51e475eb5aa7d25b54f5e5677e0f6a10a4526cc071cbf	e5cdd94d4fc30846314ee968ace7699291750e8c447c261c0a1ef8a4c2c92efa	47c4cec75996cd1b		Type
def	Minidregg.Theory.Hyperdocument.CodecVersion.ofNat	5e0d3bfadc88fc823d44d0959587a46b514ed245efd281dee46bafcdec0a434c	78c5cc4b3c8acc53c28851986231e12d9a4e80d0e5c25de4e19a1d42b88185d5	ac352968376cd04df9aae17df44a534a38a28f39d229c325255ebae172fd5c6f	bbf64805432a8e6d	-	ℕ → Minidregg.Theory.Hyperdocument.CodecVersion
theorem	Minidregg.Theory.Hyperdocument.CodecVersion.ofNat_ctorIdx	95bfb2eb3ba23b54264c76d13fe3dbbf16c0b471f50519b76c6d6cffec959208	b59b8dd09de491792228dcf7cdc17640d8a07a0635bb0f3d375553d812ac905e	fcebc83d31a0a75f78e96c2a8b3857b2ab2aaeb63083c59941f3441bf4d49ce4	5fedc3ced53414bc	-	∀ (x : Minidregg.Theory.Hyperdocument.CodecVersion), Minidregg.Theory.Hyperdocument.CodecVersion.ofNat x.ctorIdx = x
def	Minidregg.Theory.Hyperdocument.CodecVersion.tag	e1f7ee9bb027af2a5e85dec8762d31b9c489bc4d66398e4f1f0821562eed62ff	df2946b293a65594d5a829a487f7cd06e74d3b6337866ea82ee78a5ec130b5c6	26b6cfe7f1566cb97f4eb293a62cd576cb1f3904dcc632c898590dd729db50a5	a8fafd2a773025d0	-	Minidregg.Theory.Hyperdocument.CodecVersion → UInt8
ctor	Minidregg.Theory.Hyperdocument.CodecVersion.v1	38e31964229fc80acee0dc953dbdee8d52755f17a27a07fd1526a0148d11b13c	13cf0c4bb46dd9f9f57c6987deffa9bc4b90021663668f8005b8aadb6c040a24	c38a6462f181b53c6d8ebb11002ef752dabb6b74a1b4868676279373ed89faea	bd941351340aa872		Minidregg.Theory.Hyperdocument.CodecVersion
inductive	Minidregg.Theory.Hyperdocument.ConflictAlternative	1238ee4f4406bab59b4e93cfce57954b72ff5ff74969ad46561d8e9551e5b352	16946b93ac38405660f51e475eb5aa7d25b54f5e5677e0f6a10a4526cc071cbf	a7d4c50b70e35d196ffc25da9b2445f427d97e3464e65c62c482305bb623b28d	aea560c6c0bb8a75		Type
def	Minidregg.Theory.Hyperdocument.ConflictAlternative.author	225ee90ff9aae1951daf4efa6890c7eb67efd64300b2ce5e2f88dc9841773b80	4b90716089ff6149b35939b1d77033e61370456ee2b6d4387587379898d5d37c	1932ac578c6a55a5289ab3a1d16d83da1ecbe2c38ad5960007af4c9d87994994	aa4a0598c8a0757c	-	Minidregg.Theory.Hyperdocument.ConflictAlternative → Minidregg.Theory.Hyperdocument.PrincipalRef
ctor	Minidregg.Theory.Hyperdocument.ConflictAlternative.mk	75eb97833a081831d018868f5210bb35ff73c6050339daab495756884d038743	a0f0f5a3bfe28f56ed4222cdc2d54e01c5b7bb3cc24d4743da5a04ff372efb26	9e168dc8159f5368c9899fc840f7cb6dbe8344b402f1480834e33c81344c33e5	c54adec49ea31eb3		(valueType : Minidregg.Theory.Hyperdocument.FieldType) → valueType.Value → Minidregg.Theory.Hyperdocument.PrincipalRef → Minidregg.Theory.Hyperdocument.OperationId → Minidregg.Theory.Hyperdocument.ConflictAlternative
def	Minidregg.Theory.Hyperdocument.ConflictAlternative.operation	4265766ca5a643eabdce6edd99fd5e94abf1e7a01107db93d6a940444caefb2d	53445ac4cc8815bc6ff9aa2c22f467df82f23efdfaf3de13deef33edb5b00cdd	c52c4f6149c83ccb706275dd1d6eff4c61f9b4d22118c037c18e813ef8e9c3bb	43c79d7dd6809c1e	-	Minidregg.Theory.Hyperdocument.ConflictAlternative → Minidregg.Theory.Hyperdocument.OperationId
def	Minidregg.Theory.Hyperdocument.ConflictAlternative.value	0e6f8758f0bb2e807f1052dc002037d198ce296f4fe2359d73bd7878c20d07a4	21ec521a808ebf90247eebcc0d9d0c814740df67ce5084ea62b8d5cc87131bd3	f260560d2ddc9316bc608e25ff5d84f5ac7eba87ee3ab237a7bee9e4487266f2	65de309721da0df0	-	(self : Minidregg.Theory.Hyperdocument.ConflictAlternative) → self.valueType.Value
def	Minidregg.Theory.Hyperdocument.ConflictAlternative.valueType	4196c4b4f5498fce97921a30ba16a42f8fbe4e4510aad4aa5cc90847eba510f2	27e33275fcb8c2dd2fd640c098cd1bda54d7e3b6749baf9ed67100303ff4932d	3cbe34fba8f57f2ac8b0f303ac3f35538d9ec6a04701723e00ce3d6d56a243ce	a608545130524269	-	Minidregg.Theory.Hyperdocument.ConflictAlternative → Minidregg.Theory.Hyperdocument.FieldType
def	Minidregg.Theory.Hyperdocument.ConflictId	700c6f6d60671a4070df513703d7fcf35a9e024880ee17ecdb04537bf072bbbd	89855d392aa192071e8a2b2230d30ecae8fc9de0c15fa6a53f6209226829292a	ad9dc7c2fabe51af1b43a5f0878b54c5b9d58ccb39911a236efd82f02673e32b	1da9ca23715bfc39	-	Type
inductive	Minidregg.Theory.Hyperdocument.ConflictRecord	9901f9d62d918e1877deb11102e2fbda0374c571ef8ecd668366fbe22f566115	16946b93ac38405660f51e475eb5aa7d25b54f5e5677e0f6a10a4526cc071cbf	be432ebae4a0b20e36311347981836c20e692c6b7f91d66df473879dd09fbb7e	49c5e50c9ae8e8d6		Type
def	Minidregg.Theory.Hyperdocument.ConflictRecord.alternatives	e539ab2b4f0cf791042c91969de38e311879f57f077d85fa2728008c59499864	6c71065f2d656b8604d3226280e37bc25b397d94bf451a0650496d3fae1ae6c7	96233fc2ca0a78033b992711ca26f72f8549e96e20bbe7876d9a278a93dcaee5	2fb6a4b91c8e9550	-	Minidregg.Theory.Hyperdocument.ConflictRecord → List Minidregg.Theory.Hyperdocument.ConflictAlternative
def	Minidregg.Theory.Hyperdocument.ConflictRecord.base	9507f22aa1bd72897c9fa7277690af8764856a601a01b68da34121acf4d29835	c7b51114b56c6434d9f0dfce6e5592927b636a67a2550cb9c711088566c539a7	b12a0666394c88fc85f2fd8fc10c388806937832726ce3d90645ae606a43f47b	e3296642246dd808	-	Minidregg.Theory.Hyperdocument.ConflictRecord → Option Minidregg.Theory.Hyperdocument.VersionEventId
def	Minidregg.Theory.Hyperdocument.ConflictRecord.field	a6dbc6c40844b7362cd44ec7cf47451f98b78ae31e4bc494e9f2c13b251968d1	c047162965cf879691229066461d238b3d4c04366a35c591f81a8a02f75ba986	a7542b0a5f6fa8ad3ceceaf15a36946e6b0f32e31567c517b0c02d7d2e1314c0	4b8ef520f25d8f5c	-	Minidregg.Theory.Hyperdocument.ConflictRecord → Minidregg.Theory.Hyperdocument.FieldKey
ctor	Minidregg.Theory.Hyperdocument.ConflictRecord.mk	a026c0d196ab49fc3832071c779f8fb64eb44e2e61d3978098ac7a525c31d96d	295a9f3743d9cefa8e1c17cff927b3c175904d403d4eea112413478106eedd41	3ede1e02679a11d10a3ca4a4427195e3eda846230ca6f6ff030fe2153cc44421	f5c17789b569bc6a		Minidregg.Theory.Hyperdocument.FieldKey → Option Minidregg.Theory.Hyperdocument.VersionEventId → List Minidregg.Theory.Hyperdocument.ConflictAlternative → Minidregg.Theory.Hyperdocument.MergeRegime → Minidregg.Theory.Hyperdocument.OperationId → Minidregg.Theory.Hyperdocument.ConflictRecord
def	Minidregg.Theory.Hyperdocument.ConflictRecord.recordedAt	6b8a5ae94d7611062a4a9da2a142a50c4be34d8a2670fc12d8f1988cd1f8a3ee	e6d05348d1c3425088021495f07d7936bc54cbdadbbb2d5ea24d7794e4a6a29a	b36bf9ae3b8eeaedd1b389f85b6b1a0ff772a53a21753eabea3060d949df6b67	8b1cd0b554f5f743	-	Minidregg.Theory.Hyperdocument.ConflictRecord → Minidregg.Theory.Hyperdocument.OperationId
def	Minidregg.Theory.Hyperdocument.ConflictRecord.regime	2ff45107cae3c06d9e379d5e4153302f1086c49e3fb099d83722129642e56871	c7289aa6d7468103978eb1b7d606889f12c63b47cb7c9b99673ad47c0c46aee8	8fdd2fab9082d3d077c6f37d6d8318cf34654ec68b5e6b88e066d51b44bbe193	f1547d8ed30a71fc	-	Minidregg.Theory.Hyperdocument.ConflictRecord → Minidregg.Theory.Hyperdocument.MergeRegime
inductive	Minidregg.Theory.Hyperdocument.DigestDerivation	7782ff0364689758391d0e43616d9128a0c7c69d94989487d4e8127b68e2f2b4	16946b93ac38405660f51e475eb5aa7d25b54f5e5677e0f6a10a4526cc071cbf	028e8520912de12cbe4a45ff5c30d07684740bf740dfd714c35225cb1d991e90	99d509e8434c994a		Type
def	Minidregg.Theory.Hyperdocument.DigestDerivation.digestBytes	c9cdd4b0e46c2c82ecae99e38ead24d72447b4efc81ac681d9ca00ae0a7f6e64	c5e181ba8c53a979d77609b6ea7f4a8a70b661f650fe304ec131bff4d91202d4	9b60869138311c023d1e038a05acd33210746c1c3006b6b99252937720fce7b3	86de43d3f9e43b71	-	Minidregg.Theory.Hyperdocument.DigestDerivation → List UInt8 → Minidregg.Theory.TypedAuthorization.Digest
ctor	Minidregg.Theory.Hyperdocument.DigestDerivation.mk	6b1931dc6f7035f19fde4da30bc1e2af778e05a113ab8e85760ec5aba2ddbf09	b31e07cf70f184dbb61ca6c0caab176718d7640a04077653b95ea272922d878c	2918c051998939b26ae85cfa801a44048d24c571d4ec9cfe4dbf6f35e18e4683	cc941144c572b458		(List UInt8 → Minidregg.Theory.TypedAuthorization.Digest) → Minidregg.Theory.Hyperdocument.DigestDerivation
inductive	Minidregg.Theory.Hyperdocument.DisclosureAtom	5e9feb67b2180fcf696acdba50fac1ed4e3aaaff87243fd1d3013cc666f35e2f	16946b93ac38405660f51e475eb5aa7d25b54f5e5677e0f6a10a4526cc071cbf	f1531407f3eb17b21ca0aaa3fa33e3b155f0899f0c1fc1adf75527c7592e8b3e	7bdbd42666fb11bc		Type
ctor	Minidregg.Theory.Hyperdocument.DisclosureAtom.mk	48cd7f97a3158a5da43cbf3151841681020dce6fefe7c1eaa287d3a427b0a37d	eb40222600b5c0af28fd3f9b193b1138e2c06718ebfff369ece1ffcfded09d59	9d0ae8eadf87161c93940a3180a1144175489405be457917d8b90581f07ea125	5a3efd5c24466019		Minidregg.Theory.TypedAuthorization.Digest → List UInt8 → Minidregg.Theory.Hyperdocument.DisclosureAtom
def	Minidregg.Theory.Hyperdocument.DisclosureAtom.namespaceId	614a18de2efb2ee5bf52adb20726c03f1252ea1c616c80d9694459f3e940c8e9	d2dc01cc448cc6725f422b8a106104ddc17640351ca890fad71983cf9c8bfd15	dd5d2da4ecc90b8b8ce4522318c08e8d39286c75b8f88e7422ba767e66a93679	141dc950f7fa491e	-	Minidregg.Theory.Hyperdocument.DisclosureAtom → Minidregg.Theory.TypedAuthorization.Digest
def	Minidregg.Theory.Hyperdocument.DisclosureAtom.payload	af19ad1e2960d8b0e15601d611c9a88226194636d6b45c207ed41f4256fbd5fd	18a5e64455cb15d4602a74698ac81c6a99aeb23936d87fae4eeca36ce666a353	c84a525a189b94b82b8640ae75213494f9b6bba5ad4b56ece16dd043e8cc06b6	62163c26045a6817	-	Minidregg.Theory.Hyperdocument.DisclosureAtom → List UInt8
def	Minidregg.Theory.Hyperdocument.DocumentId	2bbfb9f82c8088d6106d0787c6284a4a353d2fb923a3c81a435e1687d7e8fc00	89855d392aa192071e8a2b2230d30ecae8fc9de0c15fa6a53f6209226829292a	24af97986846c13d7c6652f5c1923ef663e2f75744a8f54881cdf1ca89ea0a27	38af2136b9509f34	-	Type
inductive	Minidregg.Theory.Hyperdocument.DocumentRecord	49fdfcdd1308cbe781ad40ce2787a71c71ae2850490e957b33bcbc7286caa4bf	16946b93ac38405660f51e475eb5aa7d25b54f5e5677e0f6a10a4526cc071cbf	c64beb54a7d64eecbd3f05713d37cb9fad5b1f15dd8d484161684b630bef1700	15902c05ef2bcdee		Type
def	Minidregg.Theory.Hyperdocument.DocumentRecord.createdAt	b1c25f7ac635ff4c97557683af2ae1c83350f2ff81ca5192e3067f8581cd2296	30c7f36e8f0b882f9d1cf7e82dbf0f280bd0e39ec9e4adb377775d74bd7af9d2	a05173a430094baa0e11621d36736cd0bd0ff24b71f3eb028877a72f3ef4e6e2	2d9ffc22e6b87a03	-	Minidregg.Theory.Hyperdocument.DocumentRecord → Minidregg.Theory.Hyperdocument.OperationId
def	Minidregg.Theory.Hyperdocument.DocumentRecord.createdBy	d2c789128112ce93d398a4755dc00f7d27d471da7f4567aede0b16a6c09fbb49	e0b23c9dea7970955c3ed361b5c7933febf28632c3a11f2abd4e88384d3e98d7	ae44c2a562356f8faed372761ed5c0a7720fae5666a851d30b46c4d00f637353	1f98bd5721d5ed3c	-	Minidregg.Theory.Hyperdocument.DocumentRecord → Minidregg.Theory.Hyperdocument.PrincipalRef
ctor	Minidregg.Theory.Hyperdocument.DocumentRecord.mk	f699da0a50404e56cebab0a7ccf3f803d0fe85fd2c2ce6ce179d9adb13700afa	ff4da9b5d70d3a461c19747ea403202719afd193069475e0dedc6a802f930b06	daa9dc18d54200f2e3c10076ab5edb83050a9729294c1d50b87bbac9566c13f2	fad8d1a5b3b12888		Minidregg.Theory.Hyperdocument.ElementId → Minidregg.Theory.TypedAuthorization.Digest → Minidregg.Theory.Hyperdocument.PrincipalRef → Minidregg.Theory.Hyperdocument.OperationId → Minidregg.Theory.Hyperdocument.DocumentRecord
def	Minidregg.Theory.Hyperdocument.DocumentRecord.rootElement	087bb4256c7c992bae95b26f820ba1c4157f5116b08c5249161438bef8805822	8fdf0656807a33e8ba1b8e20a20f87d0e78140ea69d8458c128b1e6b34f6b077	790c34a16924d60cdec58f77cca8d532c4b34944bd85a7fa559e0511413521e3	589039668df158af	-	Minidregg.Theory.Hyperdocument.DocumentRecord → Minidregg.Theory.Hyperdocument.ElementId
def	Minidregg.Theory.Hyperdocument.DocumentRecord.schema	38d1a1ebb5dd34d4a0d8471be7f5b1e9dc77d1027db148bce26ae5f4fd0c710e	a71cc04fb2cb433e77d4280ac2f8f3788dd4081e9630f491b6ac7ff24098f780	95b1f58466f189a1287dae24bea9487700d09fcccc3cd478ede45e4c5c421421	59d2a6ee051f5d3d	-	Minidregg.Theory.Hyperdocument.DocumentRecord → Minidregg.Theory.TypedAuthorization.Digest
inductive	Minidregg.Theory.Hyperdocument.ElementBody	bfa127c962a83fece3ea9445562115ca4de9db99e6db4ec04a812c920c2e4b6b	16946b93ac38405660f51e475eb5aa7d25b54f5e5677e0f6a10a4526cc071cbf	9bebbc5ba7d128471a9e635ad0a9ceca14f7610fe751bfbb1557f271a5429711	a6c9fb157b45af48		Type
ctor	Minidregg.Theory.Hyperdocument.ElementBody.atom	d1765287d971a202538780c8dfd5836a553899d647472ffb3cc0116a7e7e1953	7eabfa409131f3bac622612526e4195fe4b49d0af2b632b42493da8e5cb0bb2e	bb321717a14aafc4a8d4fe7b5f08568c10e9614ecb2269fe383c8560858f43f8	8d55af7e6c7c1492		Minidregg.Theory.Hyperdocument.AtomId → Minidregg.Theory.Hyperdocument.ElementBody
def	Minidregg.Theory.Hyperdocument.ElementBody.atom.elim	333e4872a38e7406136e629f1739cb836592bde0f00a8064ee90dccaa9a8b096	1dc7bdb5373d93c74e7bb2c87745040cfdaaaf8baf0646f2c6d9270720129cc0	263d2c5fbf4c4c91fcc7c83d482b6e2fb13e1e770b7e7476fec73db61979fff4	50c0d5c49bdaeebe	-	{motive : Minidregg.Theory.Hyperdocument.ElementBody → Sort u} → (t : Minidregg.Theory.Hyperdocument.ElementBody) → t.ctorIdx = 3 → ((atom : Minidregg.Theory.Hyperdocument.AtomId) → motive (Minidregg.Theory.Hyperdocument.ElementBody.atom atom)) → motive t
ctor	Minidregg.Theory.Hyperdocument.ElementBody.container	5a942f58fb35ff925caad29e90ad66e9b7f41c8d484c62dd3c5b84ecf806c9db	2f3abf91754af307d1fde38b291e23e30fcafbc26a7ebdd7ebc4d5bbb3cea02f	f2ea061428fb5de4ac21ff5c3bafeaa613f3e6e05921669007e1f1624f5ef10e	430484f3be9db471		List Minidregg.Theory.Hyperdocument.ElementId → Minidregg.Theory.Hyperdocument.ElementBody
def	Minidregg.Theory.Hyperdocument.ElementBody.container.elim	5c318688d2ff4d8a3ed0d2917d202471fe1b41c2d8f2bcd9e0cafac3d365dbd0	d9c6a29aaa6f2cf1a2fc020c2d10921541fb2cb8e445b3cb82d8366ec1c97a6e	61fd802165a59f5fc36db0e7f504456bcd84f87730dbd727ca8a7768b73a5316	828009c797d66d53	-	{motive : Minidregg.Theory.Hyperdocument.ElementBody → Sort u} → (t : Minidregg.Theory.Hyperdocument.ElementBody) → t.ctorIdx = 0 → ((children : List Minidregg.Theory.Hyperdocument.ElementId) → motive (Minidregg.Theory.Hyperdocument.ElementBody.container children)) → motive t
ctor	Minidregg.Theory.Hyperdocument.ElementBody.embed	fc76a0fd0b41c50e4528a448fa3556c9c26906c001c59914c6b0d236a9af51f9	cda8e325486f6743d481ffa199401d5633c212f672f310c4fbb038d903616b93	7f9e3885e71f983881dbcba24677699a4b5c04211a973b05a01add8cb8e2fd93	26bc999ac37a6421		Minidregg.Theory.Hyperdocument.TransclusionId → Minidregg.Theory.Hyperdocument.ElementBody
def	Minidregg.Theory.Hyperdocument.ElementBody.embed.elim	98151c610c310a92c12efec8f408848f19d1a8593e8940cfda3dc8ac71c034d6	723a71bf27dddfcec64b5dad218c2a44abcfaab7e644aa38d2f9bb34dbff4146	631f20de3f5fbba931e64b2b898c52790f05c405db375a5a1867593be337e09d	07de5fc508012d54	-	{motive : Minidregg.Theory.Hyperdocument.ElementBody → Sort u} → (t : Minidregg.Theory.Hyperdocument.ElementBody) → t.ctorIdx = 2 → ((transclusion : Minidregg.Theory.Hyperdocument.TransclusionId) → motive (Minidregg.Theory.Hyperdocument.ElementBody.embed transclusion)) → motive t
ctor	Minidregg.Theory.Hyperdocument.ElementBody.opaque	567c4e5badf30afcf7c0d84a38691fb1c65e61938a64d07969b9335ea6bc5b11	4575b2d671864533ab71ba6186d10d344bffe3aaed6f06d4edd67ab8ea362fac	6d44b84ed75ec15e28fdd88aa7617d1b50af29200fa8f89920743d6c50a164e3	a3e038d4dd21c5c2		Minidregg.Theory.TypedAuthorization.Digest → List UInt8 → Minidregg.Theory.Hyperdocument.ElementBody
def	Minidregg.Theory.Hyperdocument.ElementBody.opaque.elim	e2e7728f9c0a4a50c547033c24535e4dd75e795c42c86c2b85d10a7a06f5e07a	10380cdaa53f97df116b37f93f8f6bdc8df86614e5835deeb383589b32d991c0	ccf758c90a0490707356192415fd028c6808b9465ac496911803171fc071f236	2e11f8e895c4eaef	-	{motive : Minidregg.Theory.Hyperdocument.ElementBody → Sort u} → (t : Minidregg.Theory.Hyperdocument.ElementBody) → t.ctorIdx = 4 → ((schema : Minidregg.Theory.TypedAuthorization.Digest) → (payload : List UInt8) → motive (Minidregg.Theory.Hyperdocument.ElementBody.opaque schema payload)) → motive t
ctor	Minidregg.Theory.Hyperdocument.ElementBody.runs	35543ec63cdf6e4329f54224fb5a2d5772782a2e58b344de11f43921e790fb85	4f4792263cdd77e29d92d34428e82130eb8a9b8eaab611bc0052cf1e406bb4c1	9b11091de670354d5672c88e577cd1306d8a33a40a008775b14954a811038a44	d563c0367dbbcd4c		List Minidregg.Theory.Hyperdocument.RunId → Minidregg.Theory.Hyperdocument.ElementBody
def	Minidregg.Theory.Hyperdocument.ElementBody.runs.elim	4464ec809e3c2b2d5bfc5e9e62a6028e8469928c119e78b020bef15380a4f51d	8e198cb12803bf1838fa7c252fa813eeab2a87d9085f660321952e5f00f7b9d8	10bd8d8155a5ff45e9fcf33350068ddf11b492aa5f5cc27cea7a1335d56995d7	f0f6a014ae6e9aa4	-	{motive : Minidregg.Theory.Hyperdocument.ElementBody → Sort u} → (t : Minidregg.Theory.Hyperdocument.ElementBody) → t.ctorIdx = 1 → ((runs : List Minidregg.Theory.Hyperdocument.RunId) → motive (Minidregg.Theory.Hyperdocument.ElementBody.runs runs)) → motive t
def	Minidregg.Theory.Hyperdocument.ElementId	ee8b6ace57cfe7368ec1cfab593e4e9beb142d789869cb4f8b43e6ca4db3a68b	89855d392aa192071e8a2b2230d30ecae8fc9de0c15fa6a53f6209226829292a	04c4e88568d4cbc7f3867d4bd78b1bad8b19f6d979a323848c98487c13860586	0e2e5ebf11b5ca53	-	Type
inductive	Minidregg.Theory.Hyperdocument.ElementRecord	16912cdd5ed6e3d8562d299a1779463a4e167e40c1ad4e2890f5454535a6bf4f	16946b93ac38405660f51e475eb5aa7d25b54f5e5677e0f6a10a4526cc071cbf	7731a5f60c6d3c751337febbd01200f7678d9ef5ff3f19330c8827a099977257	4470c427dc2665d7		Type
def	Minidregg.Theory.Hyperdocument.ElementRecord.body	7d940d4780d1177996c2fd875273eeca24bb1663d8b49dea3cd204994b704a71	d88033fc4e41dfc2a4c82e87cd3dd5e2385b67059272588df023fdc29c491c55	48f5cf42b5e18e89b32e871ab367de24e4bd21c24ec7a18babc74db044d4f8b5	108a50914b9a6f45	-	Minidregg.Theory.Hyperdocument.ElementRecord → Minidregg.Theory.Hyperdocument.ElementBody
def	Minidregg.Theory.Hyperdocument.ElementRecord.createdAt	6e226d9a59521d5808b5331376c7f4283976b4f5c3a97b60bf41656f449855f6	6ebb8e324edf5ff60dc4eaf26add1393d74864867b301a2370a3f01001b2e0e6	806ba592463c953e1ff55848a8d124c8760d6482ffd2b1945dc771044bed5aaf	2cfc7c10df088607	-	Minidregg.Theory.Hyperdocument.ElementRecord → Minidregg.Theory.Hyperdocument.OperationId
def	Minidregg.Theory.Hyperdocument.ElementRecord.createdBy	62fa3faedbe786b0484167e480a221b1a2a31152d2f3d61712d971764b2a5b61	440396d088531b211964a2baff944559306fc3dd96484e6f6e87e7365c061282	30aad505901ee44529ce7632a1b57108ab8696c6938e9d2a005e622bc3073b1f	6422e21d515e3412	-	Minidregg.Theory.Hyperdocument.ElementRecord → Minidregg.Theory.Hyperdocument.PrincipalRef
def	Minidregg.Theory.Hyperdocument.ElementRecord.document	ab03fcdc0d4025ff409e516bda96ac77764b09d6a7ab21784df73e2006be7e54	6652c25b1e095813c6f0b044cc7d091de2bd8a802bdac7471bf2f6cde7fecdf7	d797e26d75edb6e01ee3fd8c172e52ee54b3f05520afbededee61ffc862217c6	11395358aec4021d	-	Minidregg.Theory.Hyperdocument.ElementRecord → Minidregg.Theory.Hyperdocument.DocumentId
ctor	Minidregg.Theory.Hyperdocument.ElementRecord.mk	128de49ce7b4fbc28d231ce633e78310e5594036084cbb61c7bfc4961a17cb3f	cfaf13e1267fc8102e3cb7a762a1722092845167b6d12a2bf636a9a7f809108d	193e0441955247d310daf248fe54af316a8e470d4eafcf6803c1d7cd53f70702	ece72013d84ee5df		Minidregg.Theory.Hyperdocument.DocumentId → Option Minidregg.Theory.Hyperdocument.ElementId → Minidregg.Theory.Hyperdocument.ElementBody → Minidregg.Theory.Hyperdocument.PrincipalRef → Minidregg.Theory.Hyperdocument.OperationId → Minidregg.Theory.Hyperdocument.OperationId → Option Minidregg.Theory.Hyperdocument.OperationId → Minidregg.Theory.Hyperdocument.ElementRecord
def	Minidregg.Theory.Hyperdocument.ElementRecord.parent	24ddf18e87ed08697247e06271b92f825e7218a72d41c338724146fe5f40ec1f	bc1c9abe45199caa548c1c2f1abf8307ae6a5ece75d86d0e0e97f9eea91691d0	a899581c07b32e40c55b32e24e4cd880ecaf3b00d2a232a676aeda6d59037682	6112971849e52869	-	Minidregg.Theory.Hyperdocument.ElementRecord → Option Minidregg.Theory.Hyperdocument.ElementId
def	Minidregg.Theory.Hyperdocument.ElementRecord.revision	e4a86bc18d83de56ada98cfddfbc19482cd2265c654fe9cd80596197bea3dbad	6ebb8e324edf5ff60dc4eaf26add1393d74864867b301a2370a3f01001b2e0e6	c738f3907d1134d5825b3ae33ca7c713940cd2e223967e75b530a759f50f2bd3	2d9f9b13d97fb0ac	-	Minidregg.Theory.Hyperdocument.ElementRecord → Minidregg.Theory.Hyperdocument.OperationId
def	Minidregg.Theory.Hyperdocument.ElementRecord.tombstonedAt	ff7cc414972926ca1b7b4eb0682f4aaa35d5211670940b00243ba50a242c5459	5249469ff84a647e53326ae002c2ef05d9250c3c58cedec21e8383c8f932b8b3	bc7d10f72e4de8496f880d78703615403844ae01e6418bd683b4b2762affed67	8122c31d2e49455d	-	Minidregg.Theory.Hyperdocument.ElementRecord → Option Minidregg.Theory.Hyperdocument.OperationId
inductive	Minidregg.Theory.Hyperdocument.EndpointDeathPolicy	045698117112b236950b1647ee95e3499ba7c76b8ff55c4a54fd04ab334b78e7	16946b93ac38405660f51e475eb5aa7d25b54f5e5677e0f6a10a4526cc071cbf	236e19b76ec017851c2f3cb55b05bc1b8d43406f34eb30d1f63981a4848f90f2	222b1f8ca269e181		Type
ctor	Minidregg.Theory.Hyperdocument.EndpointDeathPolicy.invalidate	b90e9c9379badaa5f6908a8e886fad4233720f1e0c6407c3cc168f7e9805d78e	5ed08388e91ebc8bf11ba2f07a8308bde7aeb4a2368f59afd4eb9beb8f46c4a8	fbaf0e307481db31771b0efcdd841dbfb79ecf5f9c8dee7b46f847a0ea1cc601	419469f8e078cfb3		Minidregg.Theory.Hyperdocument.EndpointDeathPolicy
def	Minidregg.Theory.Hyperdocument.EndpointDeathPolicy.invalidate.elim	f91d538c14c912987c2d0022a8f54c9422443b1e7602f58d5d8cdced49aced28	49c1386a130ba23b8a07ded5e4cd20f0f8a59f7187d3a0e5b1802e045366980b	27063408bb0c0d8afa8f859eeb0fe7aa2fdb42a0d6ab1756b96e165c55f7696d	c33fb22bd86873cd	-	{motive : Minidregg.Theory.Hyperdocument.EndpointDeathPolicy → Sort u} → (t : Minidregg.Theory.Hyperdocument.EndpointDeathPolicy) → t.ctorIdx = 0 → motive Minidregg.Theory.Hyperdocument.EndpointDeathPolicy.invalidate → motive t
ctor	Minidregg.Theory.Hyperdocument.EndpointDeathPolicy.keepTombstone	6176a2301f2532d4f05207267e49f1ab5be5813e0ab8c57725752fa0546fa002	5ed08388e91ebc8bf11ba2f07a8308bde7aeb4a2368f59afd4eb9beb8f46c4a8	4de724277b37db99b3c146a22a9b27d676b1194444bc4f26963b9a9709cafa59	f2197cb402901b1b		Minidregg.Theory.Hyperdocument.EndpointDeathPolicy
def	Minidregg.Theory.Hyperdocument.EndpointDeathPolicy.keepTombstone.elim	96f20f15b7d19e59f032b433fc63341c7acc1547775e5652beb31f232b0752fd	a311d64544d4ef923e90cccc2784919f053a476a4945548e57dafef288bb91d5	8d8ef820933ea42fa587e7b16bb305778c00d9595199e4aaa580251cbb6393e8	6ce46ee2c7cb3638	-	{motive : Minidregg.Theory.Hyperdocument.EndpointDeathPolicy → Sort u} → (t : Minidregg.Theory.Hyperdocument.EndpointDeathPolicy) → t.ctorIdx = 1 → motive Minidregg.Theory.Hyperdocument.EndpointDeathPolicy.keepTombstone → motive t
def	Minidregg.Theory.Hyperdocument.EndpointDeathPolicy.ofNat	e050a1e86fdeb1c219a2d646825cd6602054aa99022443c089b4ecb7b6151376	185b011d6dc67d719c192f51e73427a8d8b66526a38e679844684d89d8176083	650d206eeea9dee20b2a552013a71661efa23b45965f73b1af4bbb2901b6fd3e	9239e806318e93fb	-	ℕ → Minidregg.Theory.Hyperdocument.EndpointDeathPolicy
theorem	Minidregg.Theory.Hyperdocument.EndpointDeathPolicy.ofNat_ctorIdx	8803158204c5c78cc38005dddf50e9961ec0c16dd4a790698fb0e5bc0d6008b0	57ef0d02744cbaab6071d2b338a37702af6781eee663d54acfdf568d473c6604	f6dc7132c89fa3dac4fe7f30a36dbb38facb79e4c670af707f4b4857220df13b	caedcb0f007d3103	-	∀ (x : Minidregg.Theory.Hyperdocument.EndpointDeathPolicy), Minidregg.Theory.Hyperdocument.EndpointDeathPolicy.ofNat x.ctorIdx = x
ctor	Minidregg.Theory.Hyperdocument.EndpointDeathPolicy.preferNext	bf8898d7b4f95169d6f7d8e4d02be51c9fefba3f4417c42ef823ac9ae4dbf0f4	5ed08388e91ebc8bf11ba2f07a8308bde7aeb4a2368f59afd4eb9beb8f46c4a8	a714d582889d4d306bf7d8c926b9eb1a410c00214360b2babdb3eb72853eda4b	1f47a944ff71864c		Minidregg.Theory.Hyperdocument.EndpointDeathPolicy
def	Minidregg.Theory.Hyperdocument.EndpointDeathPolicy.preferNext.elim	dac86dd7c652575f1967f6a33459d64e3a676159312a995e017d47860a83b38c	f1997f8c41747100cacdf8df539d5fb9a67d00ad01f47da9d23d81c11ddb43d4	18c3d7786d97abaa37cd1fd8ed8f95f09cbc6ee6154154d09bf5e4a0724e6c7d	3b6cfcbb371ad75c	-	{motive : Minidregg.Theory.Hyperdocument.EndpointDeathPolicy → Sort u} → (t : Minidregg.Theory.Hyperdocument.EndpointDeathPolicy) → t.ctorIdx = 3 → motive Minidregg.Theory.Hyperdocument.EndpointDeathPolicy.preferNext → motive t
ctor	Minidregg.Theory.Hyperdocument.EndpointDeathPolicy.preferNextThenPrevious	559c6fd0cfa11fc4ee5da2abb3269188f2a08f10fe76a490f22a63f08a6af8f4	5ed08388e91ebc8bf11ba2f07a8308bde7aeb4a2368f59afd4eb9beb8f46c4a8	c45b19f69aad7809f71eee1ca8c8e0c9a76a740b10fa40212d395c6a9605a800	c05708709a1d1aef		Minidregg.Theory.Hyperdocument.EndpointDeathPolicy
def	Minidregg.Theory.Hyperdocument.EndpointDeathPolicy.preferNextThenPrevious.elim	b27c35e57e9d28cd31215e9aceaeaa22d6bdb663f0f1a56ef56c547aac77f87c	eeee9c5ba567c2e2a9ac8ddea2de22d90726c68e8096b40fe932729a7b920432	717f2248c09573ad1023b7f8d207fe749313f2f2dfa99816b5c9689aab614e87	8a1c8096541c6fc3	-	{motive : Minidregg.Theory.Hyperdocument.EndpointDeathPolicy → Sort u} → (t : Minidregg.Theory.Hyperdocument.EndpointDeathPolicy) → t.ctorIdx = 5 → motive Minidregg.Theory.Hyperdocument.EndpointDeathPolicy.preferNextThenPrevious → motive t
ctor	Minidregg.Theory.Hyperdocument.EndpointDeathPolicy.preferPrevious	f425d1b0c54d63e20c370996e8269a834dca9149ceda10dc038613770321bdce	5ed08388e91ebc8bf11ba2f07a8308bde7aeb4a2368f59afd4eb9beb8f46c4a8	13e915290a5f56d2a27c0f92a6c4a76c8ddd03c19dfdef9fdd6d617d5b8edfc5	ed92d26a504e8ebd		Minidregg.Theory.Hyperdocument.EndpointDeathPolicy
def	Minidregg.Theory.Hyperdocument.EndpointDeathPolicy.preferPrevious.elim	2ace8159ef049549b3934a3311b9e065ce0299500ace3dd69d28b88d80eda6d4	ed9de35fe38c11a4b13f850dc651e693764db78a8c3d3772b7c8bfb0b1d1e236	b25f8e7b22e8ee99731692565bca06c1015ccb5b953e17588ced51532f628475	0e9ab0d5301ec7b2	-	{motive : Minidregg.Theory.Hyperdocument.EndpointDeathPolicy → Sort u} → (t : Minidregg.Theory.Hyperdocument.EndpointDeathPolicy) → t.ctorIdx = 2 → motive Minidregg.Theory.Hyperdocument.EndpointDeathPolicy.preferPrevious → motive t
ctor	Minidregg.Theory.Hyperdocument.EndpointDeathPolicy.preferPreviousThenNext	799b7f4d3b7a7315b39924379843e522c2eccef687324e2d5108aa9c427fef1c	5ed08388e91ebc8bf11ba2f07a8308bde7aeb4a2368f59afd4eb9beb8f46c4a8	2cb676493d124f4213af056d1375c3d2ba59f02ea50a51e95645a692605f5aa5	c3fe88875e0fdbf1		Minidregg.Theory.Hyperdocument.EndpointDeathPolicy
def	Minidregg.Theory.Hyperdocument.EndpointDeathPolicy.preferPreviousThenNext.elim	f97a67b8d197d6f16a762fb7effdaccbafeb1c6d5ea3a6262ee3d31955f03e72	0d165d92afaec489e90cc89fb96b943861bd541eb8fa1f932d86301cdba0345e	ca5bfae1adc69c72eec7903ea3597292c9ccd486c17b6faa10a4304e230f9a87	3d2b732b1b7ace0c	-	{motive : Minidregg.Theory.Hyperdocument.EndpointDeathPolicy → Sort u} → (t : Minidregg.Theory.Hyperdocument.EndpointDeathPolicy) → t.ctorIdx = 4 → motive Minidregg.Theory.Hyperdocument.EndpointDeathPolicy.preferPreviousThenNext → motive t
def	Minidregg.Theory.Hyperdocument.FieldId	b366ee9da0ca0b1d1d424ffc12145beae21ef3a3311dcfdb7c089b649e776f51	89855d392aa192071e8a2b2230d30ecae8fc9de0c15fa6a53f6209226829292a	cc93982187564a6d0d818b6e45ad55c452a9e45333bb63da3879b5b6fd669ccf	7d02f302c2f98c72	-	Type
inductive	Minidregg.Theory.Hyperdocument.FieldKey	b918518579e3b9b37d3b69f377b0fb7336c472b5c3582205a3eba46cd23b93ad	16946b93ac38405660f51e475eb5aa7d25b54f5e5677e0f6a10a4526cc071cbf	c31c3c16b098524a123a1176d4f2aa376a16758f81f7c365b8826d153290088a	84488159d273bdf4		Type
ctor	Minidregg.Theory.Hyperdocument.FieldKey.mk	ebae0f4914ed492517b9850dc97036c3d0297b110d3007f6688b63fe4fe07c7c	8fd696d1ea8269f314ddfc6ad6c2eff87e0f45a18c328903d02e402d8037d073	786ce93d754050223525f122407287a38b70211224f815b7feba50d4cf9e3d9f	069a85621061a553		Minidregg.Theory.Hyperdocument.FieldOwner → Minidregg.Theory.TypedAuthorization.Digest → Minidregg.Theory.Hyperdocument.FieldKey
def	Minidregg.Theory.Hyperdocument.FieldKey.name	3eea2b5be3b76aa3dfd27d12589222de6676bcc4f8c87eb9c2ed801126fe3569	9649e06b1dfe9a4dc60ebf4659241ebcb2353ad737da2216c63712f7a90606a6	73e316f9823b637ad4237f65a1b30bf5bf7215949af1aa1ea720446a9c8d294a	facc4986da2c6d3d	-	Minidregg.Theory.Hyperdocument.FieldKey → Minidregg.Theory.TypedAuthorization.Digest
def	Minidregg.Theory.Hyperdocument.FieldKey.owner	1f0ea519965d0c7b3d80a5fc97fbe8c42b84b850691ac4114c432905a3c0369b	fe22d85e76ac5395268bdc78bf1edc4af55f647491f15757c90609933959cf15	207d6eef9fb453675665206f2ccd9fc5ed9a214d3ebb9adfdb5d80db1ed3e9db	a7158fa8ea4b0814	-	Minidregg.Theory.Hyperdocument.FieldKey → Minidregg.Theory.Hyperdocument.FieldOwner
inductive	Minidregg.Theory.Hyperdocument.FieldOwner	db3552dc88fdbfb9707979e1d95776c33e541e45fb8ae2c7129b457877957723	16946b93ac38405660f51e475eb5aa7d25b54f5e5677e0f6a10a4526cc071cbf	c404c466eadb32c9ed110bb5a5a15c83d14a2d0e511ea7ef5d8f0c7462d77adf	dd45b619dab5b285		Type
ctor	Minidregg.Theory.Hyperdocument.FieldOwner.document	8e74a8c85edeb087314936a6ae4a5254826db7478ab74a0f2f7d4ab3295fc04b	7672351a84df420ceeebebdd4b3e031e7552687bb72d756b32df0610b849e0ae	4a22ce2900772891bbbc678d0c51670438a336a95f34337987ad78c41a597f78	6b5a6295c6a5d2ee		Minidregg.Theory.Hyperdocument.DocumentId → Minidregg.Theory.Hyperdocument.FieldOwner
def	Minidregg.Theory.Hyperdocument.FieldOwner.document.elim	10a792ce9fbb7dc3c7dc4cd761253d8ecf31207c43254a1f41cf34b97227e836	ffcdeb41a3903c75faaf39d331916e2f6625f2208d41b920a7c74aae0330dda9	242531a5595be38bb7233637ad6ddaf1087a86fdb3aeacb495b3b4f716aa9784	db3cae0cee545a33	-	{motive : Minidregg.Theory.Hyperdocument.FieldOwner → Sort u} → (t : Minidregg.Theory.Hyperdocument.FieldOwner) → t.ctorIdx = 0 → ((id : Minidregg.Theory.Hyperdocument.DocumentId) → motive (Minidregg.Theory.Hyperdocument.FieldOwner.document id)) → motive t
ctor	Minidregg.Theory.Hyperdocument.FieldOwner.element	746e0ce8ff1667cbfe14f0610c9ce243aaf5721bab26463c23500b0bb5f97499	997fe31a77a7562aa96cfc8696039e7945118d7ad480e3467068a1f3b3ac5e56	5e56dd6b0fa55a360af57d6ad4229f54496c9d7fc3d31f965cbe42007384c876	4427bfa50292fb64		Minidregg.Theory.Hyperdocument.ElementId → Minidregg.Theory.Hyperdocument.FieldOwner
def	Minidregg.Theory.Hyperdocument.FieldOwner.element.elim	703fc26116be00201d7f55dd3bda85282399c0f924322b3163df08124ce432a8	18d95da70b98b13c9025f3d8c6d1234631762699d428575d53c760b414e310f2	bffe3756bd27f84361133bcb3f3d132d8283e2dcf969f6803565f4c058d38de0	e77ffb65e550aa81	-	{motive : Minidregg.Theory.Hyperdocument.FieldOwner → Sort u} → (t : Minidregg.Theory.Hyperdocument.FieldOwner) → t.ctorIdx = 1 → ((id : Minidregg.Theory.Hyperdocument.ElementId) → motive (Minidregg.Theory.Hyperdocument.FieldOwner.element id)) → motive t
inductive	Minidregg.Theory.Hyperdocument.FieldRecord	2e160b1330c9075d7fff938c4cd58410a243f880860ee48530e9f5788c140a6f	16946b93ac38405660f51e475eb5aa7d25b54f5e5677e0f6a10a4526cc071cbf	117078b5bf94e164dd23c8a48ecf70e395d015cccf594c8748401cbd08ec60d8	ab4894baeb3e5605		Type
def	Minidregg.Theory.Hyperdocument.FieldRecord.merge	d1479d9fb35b90423333e132575f0c2b8524f9b97b8dd79bdc1ed03f652cfdc8	fb941c08486b902e0645c109a5a547a627a87ef177b9f0f8fbb3d14cd8ca54fd	378268fc3b63572fb119e2cb7e01d8099e8b77cb1b3541cb83a70df1cc8fd471	32a7a0d52843cc1d	-	Minidregg.Theory.Hyperdocument.FieldRecord → Minidregg.Theory.Hyperdocument.MergeRegime
ctor	Minidregg.Theory.Hyperdocument.FieldRecord.mk	9ae499abccada205e329ad029c1ee43b384ccf4097cb81bf668bc760c14ba4e4	9ff0fd60591ea2e52bb2349f2556795181675538d5ba75323827df312f80ce45	d65d9d7cffa36847655f8c88f3089bb5e0d857cbdb4ca8cc57fb017179a76743	b5cfa06110454832		(valueType : Minidregg.Theory.Hyperdocument.FieldType) → valueType.Value → Minidregg.Theory.Hyperdocument.MergeRegime → Minidregg.Theory.Hyperdocument.PrincipalRef → Minidregg.Theory.Hyperdocument.OperationId → Minidregg.Theory.Hyperdocument.FieldRecord
def	Minidregg.Theory.Hyperdocument.FieldRecord.value	16e87011c076b4aedd8b2cbdf42a90a3d8b85a47c020e0a76911a4a1301d7c32	3592d16a64b7cc0acd21dc4cce6ecb186bb4ecbc4cb9a5003f2730598f0ddc8f	4d7f99224dfdcd3729c4726d78c34a81857bbeaf2b29506b0487e99eacac773c	0b63a2793bfb14ed	-	(self : Minidregg.Theory.Hyperdocument.FieldRecord) → self.valueType.Value
def	Minidregg.Theory.Hyperdocument.FieldRecord.valueType	e35a011f27e54e3b98ca440810f2461a274c90db3d1e1b53f077c335635aec1d	94322cd90d136a71e2ee8988f0c3f420e0f4fddf5b5a9fe1c7cb10d86f0c187d	050737704f77d9366c2a282c0c664d9f8c35d383d4a3e3761616bfc71648d6e9	ff37036df18d3d6d	-	Minidregg.Theory.Hyperdocument.FieldRecord → Minidregg.Theory.Hyperdocument.FieldType
def	Minidregg.Theory.Hyperdocument.FieldRecord.writtenAt	a62e77876be7f5447c837aa6157e39561cb9724a5871de7bf0b25ac8ebd7404d	5482d4a7c2c1a24c751c1e9e33aa70af2dd094fcc43c6838e9b3ba267e7eb2c8	e24419dd7822d12919ea2b44caeb4a670fd946413f0a183799d98fe29814e593	599a496429c329cf	-	Minidregg.Theory.Hyperdocument.FieldRecord → Minidregg.Theory.Hyperdocument.OperationId
def	Minidregg.Theory.Hyperdocument.FieldRecord.writtenBy	b69cb62f4f191cb168a40866d8a09ef2ecfcbba87c64496ee215c6e802815a27	09987a0a842e3afe368fe0e9e9255276657af5c3811855fd2661e58edbff3bc3	8584fdec9f2f6b931d0b4001653bc2e4766a487af87bce01af32ce8136c47492	497fa96cc6b3362d	-	Minidregg.Theory.Hyperdocument.FieldRecord → Minidregg.Theory.Hyperdocument.PrincipalRef
inductive	Minidregg.Theory.Hyperdocument.FieldType	b1f2fc2a3d8f231cb3b0b2e2778532e36ce7286f200f752557aa80593525bd77	16946b93ac38405660f51e475eb5aa7d25b54f5e5677e0f6a10a4526cc071cbf	81097e202fbf9755fddeabab06390974fabab2ecdf843894d208b4a45bd1ba2c	c571dada4f76f71b		Type
def	Minidregg.Theory.Hyperdocument.FieldType.Value	fa92fb529486d10fc76f971f39b66c64d9ee179dbd459d204d2447e40257e95a	01bba475f99563dd2f8bbdf6853b97586b4dea3e39b3ef6a3d54f67ac7a7ed52	1128fcf540b93b819743d67e344059df0c36bbf63a8210a9cc4e130678a0287d	93715a053aa147c5	-	Minidregg.Theory.Hyperdocument.FieldType → Type
ctor	Minidregg.Theory.Hyperdocument.FieldType.digest	78d7604c5b02bb08e6c5f80df4502546c88ba3e8ac4cce71b9004f414378e031	24768a568a57ca9bbea77dba36fb9c7a44282dd6f150b84229b950600b6bf59c	156e9f5f94e00403ec1bd94286e3d27a9b4ddefe1ca5d3e037e0396b436f92b2	4e0642d041ebe04a		Minidregg.Theory.Hyperdocument.FieldType
def	Minidregg.Theory.Hyperdocument.FieldType.digest.elim	87090b98642e7124da0f8efb8ce7424cd47c3a37aac6b0b897448937db8dd2bd	a1a826b83be18f2cd78135df2d00e43f6f34b80a8dfe6d6de439ff438a8f30ec	09fd55309f63e6621e1eaf116b55ca6988cad961b20c7eca4cc7b9070e8bd29c	de49d1ec0c76eeae	-	{motive : Minidregg.Theory.Hyperdocument.FieldType → Sort u} → (t : Minidregg.Theory.Hyperdocument.FieldType) → t.ctorIdx = 3 → motive Minidregg.Theory.Hyperdocument.FieldType.digest → motive t
ctor	Minidregg.Theory.Hyperdocument.FieldType.flag	578650f9dbcdaaa78b7832104e521cb08248ea40a0a5bb21f15de715d92ac808	24768a568a57ca9bbea77dba36fb9c7a44282dd6f150b84229b950600b6bf59c	d41c4cc32edbbebf55543703c32189f27a42656e37bf122c6f9024a1d4de91a2	f464764f63fcf23a		Minidregg.Theory.Hyperdocument.FieldType
def	Minidregg.Theory.Hyperdocument.FieldType.flag.elim	3efabd52951c78230345de941c684f47f4a180010d0c7f5c7991d3694f5f1ddb	78396b43a8fd04263845b302dcfb23c23e4d6c4f3ff102ef152990dd38dfad1c	72736252301198c18631d42de365440057a403e655295b76e26a26ad54087b35	34ec84e1dd18910b	-	{motive : Minidregg.Theory.Hyperdocument.FieldType → Sort u} → (t : Minidregg.Theory.Hyperdocument.FieldType) → t.ctorIdx = 2 → motive Minidregg.Theory.Hyperdocument.FieldType.flag → motive t
ctor	Minidregg.Theory.Hyperdocument.FieldType.natural	e6a02faa522dbe26c3a623478b1068c0e018d3205166c4b9fc1ee1b035370e9e	24768a568a57ca9bbea77dba36fb9c7a44282dd6f150b84229b950600b6bf59c	0fe0f8cedb24a74806e8a2e7fd316e5cde732f11cef2c417295ce687342fbf75	70d2a5713846cd61		Minidregg.Theory.Hyperdocument.FieldType
def	Minidregg.Theory.Hyperdocument.FieldType.natural.elim	a512ab026c8b0d27a2776f72a64f80eb4af3207fc56b4aeebeebb5cf0e8480ba	0607e1ec8a40424fd40d222363f9c2ac0ec0c66d535b2ed3ee16892673736186	45737030bce2ce085163bb75fff2a2d875144dfd9d274f63a5d46e225ff0045f	9994dd9352e19f6f	-	{motive : Minidregg.Theory.Hyperdocument.FieldType → Sort u} → (t : Minidregg.Theory.Hyperdocument.FieldType) → t.ctorIdx = 1 → motive Minidregg.Theory.Hyperdocument.FieldType.natural → motive t
ctor	Minidregg.Theory.Hyperdocument.FieldType.opaque	a2cbd9e07f0ded918d1315753a2bba8f35efe94313b2a96102cdf8294f4b949b	1c268c42b14153d1a18fc96358ad7d164e6db7dfed38680f7e63bd77a9b2d22e	c777c6f94cc5f3443f23e6006b4b87b4eca9b52b313b4696e5729cc24f07ccf8	9a1059c0dc58127e		Minidregg.Theory.TypedAuthorization.Digest → Minidregg.Theory.Hyperdocument.FieldType
def	Minidregg.Theory.Hyperdocument.FieldType.opaque.elim	dbc5a8bde18d8d95a964f947121fb5cf1dc5afe35469a3cc5c7be62f0c076752	00d1ebb524db5eedab9525b9325b1d7a370fed2228da6a594707e8049401f607	6bc8d5aa9a437d174725f9d186fa90f471cc0604424654a6f4e7c7dc53380609	b4b46f311173c00b	-	{motive : Minidregg.Theory.Hyperdocument.FieldType → Sort u} → (t : Minidregg.Theory.Hyperdocument.FieldType) → t.ctorIdx = 5 → ((schema : Minidregg.Theory.TypedAuthorization.Digest) → motive (Minidregg.Theory.Hyperdocument.FieldType.opaque schema)) → motive t
ctor	Minidregg.Theory.Hyperdocument.FieldType.reference	028773c665c9d1dd44738128e37cfe78aa12a03cbf91d8f578a2275c59ecea3d	8f80c8f0ab3185965fd017721dd8997bf9eb371d49a13bf5eef83d04b6f7e215	b1a911079adc750af2e74187045458e823c63bf99ff16bf35efb97be94a59180	864db0c2ca5a0710		Minidregg.Theory.Hyperdocument.IdDomain → Minidregg.Theory.Hyperdocument.FieldType
def	Minidregg.Theory.Hyperdocument.FieldType.reference.elim	b8d8ed193a16423fbeff610ad46a45306077b4cb306113f317de4bcf7f331654	8cd27e3d020e5c0354b61595f1479ab3600be9c21943e87384c8add48b817583	7c7303bb99a0e1b048982a61d71f27ae89f09d2d57c10c61387e78f91602bb29	d1fe1ce41b1b548b	-	{motive : Minidregg.Theory.Hyperdocument.FieldType → Sort u} → (t : Minidregg.Theory.Hyperdocument.FieldType) → t.ctorIdx = 4 → ((domain : Minidregg.Theory.Hyperdocument.IdDomain) → motive (Minidregg.Theory.Hyperdocument.FieldType.reference domain)) → motive t
ctor	Minidregg.Theory.Hyperdocument.FieldType.text	5c14f91417053feea28b210d8ecf639d64ab91fcf79abf0ab8ac4f9ebc356bbb	24768a568a57ca9bbea77dba36fb9c7a44282dd6f150b84229b950600b6bf59c	5a11d9f0115ed3d9e5c85b85b685dfb53f347a0d0c11af883b0588a05e05f65f	d2292d50e516ea38		Minidregg.Theory.Hyperdocument.FieldType
def	Minidregg.Theory.Hyperdocument.FieldType.text.elim	f230a535545a831ca8ecf502c4ca586fc9a196c9b24edcb989082b807cdbf196	c33457fe42d7225a4d6acb2997091bdaee9a13dcdf04fa9146ee30d3c5f6eebb	6877bccd023df562c1c524f61791abf092314ae4f56c8df5b3d08efac9ff0d1f	14c66f17acba6440	-	{motive : Minidregg.Theory.Hyperdocument.FieldType → Sort u} → (t : Minidregg.Theory.Hyperdocument.FieldType) → t.ctorIdx = 0 → motive Minidregg.Theory.Hyperdocument.FieldType.text → motive t
def	Minidregg.Theory.Hyperdocument.FieldType.valueDecEq	d80434e04423b9764281bca0f3ff5b13b7bf155823f8e00614b442cf169cb1a4	94892963ac1bad662ebaf0ac65734aafd61e13d1ec7090c0f36386c4eaccae25	b6271c1f5c8f678965d91818e6875eab383a2d67ac7475938788cd72cbcf1799	b654c50ecbf80cc4	-	(fieldType : Minidregg.Theory.Hyperdocument.FieldType) → DecidableEq fieldType.Value
inductive	Minidregg.Theory.Hyperdocument.IdDomain	9774b7d0b94a053f1c92728a053ca33b90005e1b14604c92494ab90cecc7b7a1	16946b93ac38405660f51e475eb5aa7d25b54f5e5677e0f6a10a4526cc071cbf	8bee59d2f7d8f1e9337eb618b3bd66b19416c8215abf248b7e3ad0e8cc260140	e1db5e6464efae73		Type
ctor	Minidregg.Theory.Hyperdocument.IdDomain.annotation	a4cd0c8e7743752bc14b50f9a61aa640e3595cebee5c66d3fdcff77f23dc9d77	7f4b4062226d45d1f8a293d4a86df5ceabead8cf9bb9b1e9a1bd6d790dfcdc79	548ef4e83e8593d9bee154726f49a58734caf3b996d9df7d31e74355d9037e71	dfc02f717f0f615a		Minidregg.Theory.Hyperdocument.IdDomain
def	Minidregg.Theory.Hyperdocument.IdDomain.annotation.elim	630a74eee9303a0e22ba317a4989f5bf2fd16467c21f3de18414fc464cb0a573	5edc6456516bc077a71d5c03840dbf2c12d0ed1a93f2d80b7cd3e5d75d426fb8	23c3b164afc1eed45e6ed9176fe262d9723d5f751a86a19f92a9894f8b5d2332	15bbddcfcceee656	-	{motive : Minidregg.Theory.Hyperdocument.IdDomain → Sort u} → (t : Minidregg.Theory.Hyperdocument.IdDomain) → t.ctorIdx = 9 → motive Minidregg.Theory.Hyperdocument.IdDomain.annotation → motive t
ctor	Minidregg.Theory.Hyperdocument.IdDomain.atom	a01b546be8d8f696de89a4e612ebd0044b433c06992a9d184e54eb986d7adaa8	7f4b4062226d45d1f8a293d4a86df5ceabead8cf9bb9b1e9a1bd6d790dfcdc79	87eee37f61e6dc1c904763299c4394279f673f31df97a002b97b138e72a46b90	adc0e5089311688e		Minidregg.Theory.Hyperdocument.IdDomain
def	Minidregg.Theory.Hyperdocument.IdDomain.atom.elim	46738641d31f53a7457fd1b5380380305c87baae7292f4aabd1468957989ae00	9021d9dfb09883c864106c5d4c50ea4ec38d6a01e056286bf26121bead275233	9c27042b7abf927c13d8ad515bec24a2ff0a2a0e72237a8817945494879f3f9c	b19ea5d7c919f9ce	-	{motive : Minidregg.Theory.Hyperdocument.IdDomain → Sort u} → (t : Minidregg.Theory.Hyperdocument.IdDomain) → t.ctorIdx = 1 → motive Minidregg.Theory.Hyperdocument.IdDomain.atom → motive t
ctor	Minidregg.Theory.Hyperdocument.IdDomain.conflict	add3159316f99120e98c85708f309c221f5ef7043d9cda2d40bfb32a01196aa9	7f4b4062226d45d1f8a293d4a86df5ceabead8cf9bb9b1e9a1bd6d790dfcdc79	a5e5e291dbde3ec175ed235415bfdf042491c00f5936ae993f6c9883e5af3f99	0e02b9eb2526bb3e		Minidregg.Theory.Hyperdocument.IdDomain
def	Minidregg.Theory.Hyperdocument.IdDomain.conflict.elim	1b28c6438d78739b5e03549eb926bcdcf64ab33dbf39efbe525289e05dec092a	f06d42aa981d2f54789f06343d6bff32723b4bb3ca66ee27565f8985fa480e7c	a9f749a70e0cff256d924fae916001f7c0bc8746db8481eb8a07e1cd19a4682d	0f2d546091f7cb2d	-	{motive : Minidregg.Theory.Hyperdocument.IdDomain → Sort u} → (t : Minidregg.Theory.Hyperdocument.IdDomain) → t.ctorIdx = 5 → motive Minidregg.Theory.Hyperdocument.IdDomain.conflict → motive t
ctor	Minidregg.Theory.Hyperdocument.IdDomain.document	366a43e6cc2fb5709ac47d9164b7ecd3794d854674db5132c00203d2a4e8ff45	7f4b4062226d45d1f8a293d4a86df5ceabead8cf9bb9b1e9a1bd6d790dfcdc79	00831416eb2c66406b0e7c45c5a461cf2b9b5e79126556f0f86c10dd9a7ad5cb	e22233aea5ecd7a5		Minidregg.Theory.Hyperdocument.IdDomain
def	Minidregg.Theory.Hyperdocument.IdDomain.document.elim	2c8bb06f6ed2912bcb9e7611e151058a23fbf6b26223d343d0c155896e758d12	ab383432accd0fe88cfc17bcbce88386b870047a1a9e4c9914307a147c9f97e1	d5fc36bc706a77554feb8f84836c028a2bb9791a3a685797f4adfdaa6aadb353	f7682243d2ae8876	-	{motive : Minidregg.Theory.Hyperdocument.IdDomain → Sort u} → (t : Minidregg.Theory.Hyperdocument.IdDomain) → t.ctorIdx = 0 → motive Minidregg.Theory.Hyperdocument.IdDomain.document → motive t
ctor	Minidregg.Theory.Hyperdocument.IdDomain.element	4e30fa67211419a27e256c18f4ca8df32d8fc534c04646f934d60243f9e8b893	7f4b4062226d45d1f8a293d4a86df5ceabead8cf9bb9b1e9a1bd6d790dfcdc79	642bd12d2024ede1195fbc83127d3a5c1d7d1d031e4194c41d5eacf4771f3d99	8784d3ce292217df		Minidregg.Theory.Hyperdocument.IdDomain
def	Minidregg.Theory.Hyperdocument.IdDomain.element.elim	30c9be2ca77da0a10a3282dda536c5e4231fe78ce01617ab2ff5d9ec19e86f45	a3bb0df756b98887b85f776cd3824eced42876b565de45157f0e82616d8c874d	f6b0cb9516df73a19f2c30769e89c73a68fbe3ba776122d9a0427b236e35ee4c	f91ae480b016274c	-	{motive : Minidregg.Theory.Hyperdocument.IdDomain → Sort u} → (t : Minidregg.Theory.Hyperdocument.IdDomain) → t.ctorIdx = 3 → motive Minidregg.Theory.Hyperdocument.IdDomain.element → motive t
ctor	Minidregg.Theory.Hyperdocument.IdDomain.field	59dbe04354cd48aa943ef6facd2d7e5946ea4c144cf7e6f9e937e1cf0a23d355	7f4b4062226d45d1f8a293d4a86df5ceabead8cf9bb9b1e9a1bd6d790dfcdc79	eb846d0c80bc0eadbe01644ee279a7d13aa7e4a02a4b8b633bfe9376f8de4a94	b091cab191136fd7		Minidregg.Theory.Hyperdocument.IdDomain
def	Minidregg.Theory.Hyperdocument.IdDomain.field.elim	5275544c8bba4928deefb225947fd46c2eedd387507da5d4bc70769d98aa7c8a	7d2e661d4bfe90f43b90c714cb1ec9ca75a851d0a54ebb08cadfbcf9ddaf019c	99efd3beb32461b1fd0c5e4c57e6f8048a40bfdc101747adc4784e0149227fb6	ecf92a4da464a70d	-	{motive : Minidregg.Theory.Hyperdocument.IdDomain → Sort u} → (t : Minidregg.Theory.Hyperdocument.IdDomain) → t.ctorIdx = 4 → motive Minidregg.Theory.Hyperdocument.IdDomain.field → motive t
ctor	Minidregg.Theory.Hyperdocument.IdDomain.link	5259fad2035828b55ba9207e6cb260e8d340b9c6e7aca98177123528f71f61b9	7f4b4062226d45d1f8a293d4a86df5ceabead8cf9bb9b1e9a1bd6d790dfcdc79	8eca669072861ebf2f60b534c3f1b20eec2241b7800e21d93b9cfd8b2183c36a	fe92c40fc6fed17c		Minidregg.Theory.Hyperdocument.IdDomain
def	Minidregg.Theory.Hyperdocument.IdDomain.link.elim	aa2e79f0bc864a02eb1eabf0f06a206e6c47fc6da69afb26c0cf2641a4082c34	02783299b42071e09314390ded9b585f5ce9dc0545738317ea627885728b1e7c	029254b1107cf50595480ee62269ea8a1039dc22c16adefa463ae61d9aacae3d	0fe7c561e990a8ce	-	{motive : Minidregg.Theory.Hyperdocument.IdDomain → Sort u} → (t : Minidregg.Theory.Hyperdocument.IdDomain) → t.ctorIdx = 6 → motive Minidregg.Theory.Hyperdocument.IdDomain.link → motive t
ctor	Minidregg.Theory.Hyperdocument.IdDomain.mark	4c32ef286c34bd6230ec4b0c6fe160a054edea8026bc67dbb67f7b5a32148e24	7f4b4062226d45d1f8a293d4a86df5ceabead8cf9bb9b1e9a1bd6d790dfcdc79	8df26ac571b14b26ac8c3d4353b20ce756bbe7eaef8bf14b83012b5334ef53ac	20fca10ed91ea2f9		Minidregg.Theory.Hyperdocument.IdDomain
def	Minidregg.Theory.Hyperdocument.IdDomain.mark.elim	8b89c2997a54aefe2ac5d7124fd688175efe72730694c4f2db5df7e40556ee96	79e42faeb890af8c7c2a797dedd3a7887616c3b0b2226f358b876ae6edb1d51f	4e07d66c1ef0aa6ef13c9e3c5827a1ceffacba99cf472cc28705b982cd02f9e3	f35ad8f435cda492	-	{motive : Minidregg.Theory.Hyperdocument.IdDomain → Sort u} → (t : Minidregg.Theory.Hyperdocument.IdDomain) → t.ctorIdx = 8 → motive Minidregg.Theory.Hyperdocument.IdDomain.mark → motive t
def	Minidregg.Theory.Hyperdocument.IdDomain.ofNat	d23ff6b3ae7fc7fc60bea1bf4246e84936982c3434e1f096ac8df1d553e0b63e	ed716d98d433040cad7982667e29ea6e49b4fe68d9a4def8d9d323732b9c0688	be8583574ed0a2f82ee9cd08a63056a1802bcf8a36bd564ce4fb316a6dfedbde	46a84b24fca14e4b	-	ℕ → Minidregg.Theory.Hyperdocument.IdDomain
theorem	Minidregg.Theory.Hyperdocument.IdDomain.ofNat_ctorIdx	e48e9dca4d38b2b029420a9ca95b7885d0f0f2fc581033bfca84023eb99d8b11	fb1853de500d71c388f3e32221826e1edffccface8c9035b77ff5f822d630bfe	8c0279679d59e9a9f4d29711142af06dcb9250b2ba4ae515d148c884e1e7c253	07c08e1d1d20c24c	-	∀ (x : Minidregg.Theory.Hyperdocument.IdDomain), Minidregg.Theory.Hyperdocument.IdDomain.ofNat x.ctorIdx = x
ctor	Minidregg.Theory.Hyperdocument.IdDomain.operationIntent	2a690432e1caa4ac82f59d9b94a25d2d9a005b36af9f06446d330f9c98d217b2	7f4b4062226d45d1f8a293d4a86df5ceabead8cf9bb9b1e9a1bd6d790dfcdc79	f829676f60cb5524e251e34cbc8cab8aef9a231e38b4ef3bd12eba65de3d8b2a	06bb1fcb3944c49c		Minidregg.Theory.Hyperdocument.IdDomain
def	Minidregg.Theory.Hyperdocument.IdDomain.operationIntent.elim	c3926bdf4821915f9989f8b5de2de0eb47932f8e1a929663402c156d88b57369	d556f999fe7ef2b58bc003020984bfb7d02dfcf2515a1fc21b15c51ec4516c9c	03e1c0c4193b9410f3dbf793482e8d526ecb49e75d5e3c242cbdb6e65ab5da11	77ab51974f4fd48d	-	{motive : Minidregg.Theory.Hyperdocument.IdDomain → Sort u} → (t : Minidregg.Theory.Hyperdocument.IdDomain) → t.ctorIdx = 11 → motive Minidregg.Theory.Hyperdocument.IdDomain.operationIntent → motive t
ctor	Minidregg.Theory.Hyperdocument.IdDomain.run	3d68b96226c1fdfc0f894128430ae387843ecc40cce9a848082cf18f5a636efe	7f4b4062226d45d1f8a293d4a86df5ceabead8cf9bb9b1e9a1bd6d790dfcdc79	fb7e1dcfa88a964936ee4f39e76f6e57edb6c421989d62c377f134de4d50656a	436a3cbdcbba02e2		Minidregg.Theory.Hyperdocument.IdDomain
def	Minidregg.Theory.Hyperdocument.IdDomain.run.elim	741e80d568779374c9529190db7e4de13e4f83046972cce6b2a5db960bf4086e	6c8056b2bcff5e591d4ac8831e3cd6a9297875f16bf160d4f4005900dcb112db	08b0b3df703ac88661a06c5c01089b575f5db8c9520525186e08a8b49991837c	3283aa3b98e85bd2	-	{motive : Minidregg.Theory.Hyperdocument.IdDomain → Sort u} → (t : Minidregg.Theory.Hyperdocument.IdDomain) → t.ctorIdx = 2 → motive Minidregg.Theory.Hyperdocument.IdDomain.run → motive t
def	Minidregg.Theory.Hyperdocument.IdDomain.tag	c68e1cfc73cb0a442b39ea3a79d60cc06df6c804a4352413f0727936803481c9	09b08800bfbbf51c3c7af6a2e9acb2e06ad27b33c1d56000da64ff571be7809c	8b776cc9381c37e879b2231eac556328dfc34b653a785818255e42302f3cd067	f0771ece13b9deb9	-	Minidregg.Theory.Hyperdocument.IdDomain → UInt8
theorem	Minidregg.Theory.Hyperdocument.IdDomain.tag_injective	b25b10b9899ac08d59bdf4a107fac4ef717e517e03c4b9eadd9f8c508a4c8797	79d7a5070d3f8269d416179f7d46dbd42c5cde911bd372cd032d2fa974d68c77	e3d76022149c24feff4560427e0cbc7c080b713cbdb6e8a0cd3381d4374fb770	5ee46bea1fe9b5f4	propext	Function.Injective Minidregg.Theory.Hyperdocument.IdDomain.tag
ctor	Minidregg.Theory.Hyperdocument.IdDomain.transclusion	0dadf419e2012d1b935f47499fa621ad67478bea326ad0b76989dc55989321f4	7f4b4062226d45d1f8a293d4a86df5ceabead8cf9bb9b1e9a1bd6d790dfcdc79	d88d4d426e96d52b63210c4e2cd24f5fd37f68995c6ed11f2d3fc576905c7c71	532e77d808367a95		Minidregg.Theory.Hyperdocument.IdDomain
def	Minidregg.Theory.Hyperdocument.IdDomain.transclusion.elim	5e6df95d1316d58033e7f03483b2ae3cb85b21b8a94c3cb20793ccea1730bf98	30adf4c9248c7d44ba2cb076ab10c860ef98528e18699567238908817328b739	0ff6dce65309666cbf2509b93e6e572e169bcb7d8fb6871ed5e33cd66fd63fc6	78ec9cc8d66e96db	-	{motive : Minidregg.Theory.Hyperdocument.IdDomain → Sort u} → (t : Minidregg.Theory.Hyperdocument.IdDomain) → t.ctorIdx = 7 → motive Minidregg.Theory.Hyperdocument.IdDomain.transclusion → motive t
ctor	Minidregg.Theory.Hyperdocument.IdDomain.versionEvent	1cab9bdcedb8e9c23e9efbf2352669e7cdf049d2fde56e9ebe1475427c65f7f5	7f4b4062226d45d1f8a293d4a86df5ceabead8cf9bb9b1e9a1bd6d790dfcdc79	47dd6cdaaede3ecfbd7c04aab04a48d6a6e8968dc18aa42bd15481e7f6871576	625f8f2080c435db		Minidregg.Theory.Hyperdocument.IdDomain
def	Minidregg.Theory.Hyperdocument.IdDomain.versionEvent.elim	864a6c5bbc95a4a70a9d4e664308b524227f85ae4775de00294344dd066064a2	db8495193407c94e8fabb3cf33d43cf18d3fdf773ff11a9d21baa1c682ef161c	9e2992abea0ad731b893ddedfad2ac670e340ffaef723258d44ed8b2fce94bb0	c3b41dc86617438e	-	{motive : Minidregg.Theory.Hyperdocument.IdDomain → Sort u} → (t : Minidregg.Theory.Hyperdocument.IdDomain) → t.ctorIdx = 10 → motive Minidregg.Theory.Hyperdocument.IdDomain.versionEvent → motive t
inductive	Minidregg.Theory.Hyperdocument.IdPreimage	b236382016e30453d70c26e631c687e6e92a60abef1a8cfcacb37282ca40a45c	37ae080e7dff8f879b7b9e2af7bca5fc1bcca3b03052128d751c336716769692	81244c432d2b3e1d1a99ca7452f7772f02537d48f63ad97cf7d245c221854924	b96320b64bc0ed3b		Minidregg.Theory.Hyperdocument.CodecVersion → Minidregg.Theory.Hyperdocument.IdDomain → Type
ctor	Minidregg.Theory.Hyperdocument.IdPreimage.mk	2e52bc83465b18a3983f0f27cab153169c0ee39b2f103b09b6a17ec4a5bc5d08	3fe20b368a0c97b348d278176be7e60366aa9086c20f28130482371691dad2c0	6c089fb1df0c27bf6652898c4f885cc8940f8fe7cda649048aac6e0f37332e43	17d6158014cc88c7		{version : Minidregg.Theory.Hyperdocument.CodecVersion} → {domain : Minidregg.Theory.Hyperdocument.IdDomain} → List UInt8 → Minidregg.Theory.Hyperdocument.IdPreimage version domain
def	Minidregg.Theory.Hyperdocument.IdPreimage.payload	bf6329efd3bc2b2be7843f63cf3914f2c9522ab70ea7c251c7cf29bca1c85c52	f38a13575418b7df48cea0c6085501f95135cd9057936e9386f1f6f2f3ea1115	e559312736e26db020fb694b6e42da41312d601eeb8f78a5753c7d690f6a23ed	49629652b7e8271b	-	{version : Minidregg.Theory.Hyperdocument.CodecVersion} → {domain : Minidregg.Theory.Hyperdocument.IdDomain} → Minidregg.Theory.Hyperdocument.IdPreimage version domain → List UInt8
inductive	Minidregg.Theory.Hyperdocument.Identifier	518f69d33f4b1430da85f0a45aa9d8fa3d835e984a8ee29e61b4e8b3e1faf625	37ae080e7dff8f879b7b9e2af7bca5fc1bcca3b03052128d751c336716769692	fd09109e0e8c87929c79d95b29f13042da0418fe905516f9ae547a646f48f13d	a0a2e13849bde9ce		Minidregg.Theory.Hyperdocument.CodecVersion → Minidregg.Theory.Hyperdocument.IdDomain → Type
def	Minidregg.Theory.Hyperdocument.Identifier.digest	e4025baabbf97aeefcb92b509d56c990e7b4fe31491f0f076eb5512d008f39e2	3635764187ca80156d7831896d968a7b754ce5257d32154f1a9f2d4ab4bfedb1	4277928ebc20a9d4eb18f75f344079b579eadcf51d51fc8ec478f1932d1bc90c	ae62617c63a2284d	-	{version : Minidregg.Theory.Hyperdocument.CodecVersion} → {domain : Minidregg.Theory.Hyperdocument.IdDomain} → Minidregg.Theory.Hyperdocument.Identifier version domain → Minidregg.Theory.TypedAuthorization.Digest
ctor	Minidregg.Theory.Hyperdocument.Identifier.mk	6128af75d70aafdcae6cf848a98e79c5f34cbc7993e791747fb23ace06ba64a4	28c5ec1906fe72e01e059023f574fb00fba20a71853a35ffec187c9486e91b5f	49d9ad559474508c6d296fc024f076acd4f73213e314d5dfb03c09f09272ebf6	49278e0414f59cf9		{version : Minidregg.Theory.Hyperdocument.CodecVersion} → {domain : Minidregg.Theory.Hyperdocument.IdDomain} → Minidregg.Theory.TypedAuthorization.Digest → Minidregg.Theory.Hyperdocument.Identifier version domain
def	Minidregg.Theory.Hyperdocument.Key	39b8ad202171900e540590ac51234740be4dedd4fa95510deda312d7c92348d6	16456775d4ea0d8d3b514cf61e8eb7c452df8c13abf6aa7ce85387fafc1442f9	d50d255b1c1a4820ded6e873106afbb00e17c07ce5011821c4bc7356fcf6d0d0	65d6c2acd5f4b43b	-	Minidregg.Theory.Hyperdocument.Namespace → Type
def	Minidregg.Theory.Hyperdocument.LinkId	23abd3d30a1b896baa22d923cb137e209d2bab590359be5baca994c706010f76	89855d392aa192071e8a2b2230d30ecae8fc9de0c15fa6a53f6209226829292a	ce7b640d4b76cda96520eba06011147eba9cfa17c89a83a59a47315e99660250	0c031288e8698582	-	Type
inductive	Minidregg.Theory.Hyperdocument.LinkRecord	a51b42d1be6d6cdff9bdaec448654ac01c5c6d88437a273f1d48e26e6e63ee16	16946b93ac38405660f51e475eb5aa7d25b54f5e5677e0f6a10a4526cc071cbf	b48265038f649044b1415aac1b3188930fa7ae1ad06f4e93eee28217ea032b7d	c2cef894788dec05		Type
def	Minidregg.Theory.Hyperdocument.LinkRecord.author	2f06ee60b7c34f9c1c88034b9036e45df315170d3cef8e335115c0c349584fcf	041fb88b1ece24549103d2e2839cc42d8158abc4cdf381136d9daa49c753ef30	61d26d7476d4acb1aecbb06d67b6156d03b81fa3752db6b98440cb5a4054f045	540d54e4c4fe472d	Quot.sound,propext	Minidregg.Theory.Hyperdocument.LinkRecord → Minidregg.Theory.Hyperdocument.PrincipalRef
ctor	Minidregg.Theory.Hyperdocument.LinkRecord.mk	9239541fbd2547ab86a67df2a13f03fcf828567685bf636191ab839ba70a0e46	6c1ebe9c73ee6f471c3e3cd98f1e808ac42acd48682ccd9743744be22b1155c9	a3f1ebbc6e652930789a6f1f9c982faa08bc433d801380e5aee9dcd872184d8b	95b7f1566c9e74a1		Minidregg.Theory.Hyperdocument.DocumentId → Option Minidregg.Theory.Hyperdocument.StableRange → Minidregg.Theory.Hyperdocument.LinkTarget → Minidregg.Theory.TypedAuthorization.Digest → Minidregg.Theory.Hyperdocument.PrincipalRef → Minidregg.Theory.Hyperdocument.OperationId → Option Minidregg.Theory.Hyperdocument.OperationId → Minidregg.Theory.Hyperdocument.LinkRecord
def	Minidregg.Theory.Hyperdocument.LinkRecord.operation	328090dd4deb579aece858abef7bc6825b9e213bfa290a1889c8effa129f44c4	5d951db1a11c95fb78c35e67632e8533b3fc9c726e98bae90e695056ed3a020e	5425c27c51a37c21b6ab839e772c6809c46f7d30ed29f13c53dea6c1e6283038	f73380738a95e139	Quot.sound,propext	Minidregg.Theory.Hyperdocument.LinkRecord → Minidregg.Theory.Hyperdocument.OperationId
def	Minidregg.Theory.Hyperdocument.LinkRecord.relation	da0e25b08c537ca054f1e52fa31c1c27498d602eb805b42bbc80928066928a75	330a2987609fee7bf716429b19caa03b81bcbe3a49f829cd1668c1f0852d8840	a87feb0570054a1c624ad771d431abf3e618cd872c9b1ea5f668f1215fc994dc	d9570f5d7566901b	Quot.sound,propext	Minidregg.Theory.Hyperdocument.LinkRecord → Minidregg.Theory.TypedAuthorization.Digest
def	Minidregg.Theory.Hyperdocument.LinkRecord.source	8eea796525415e5d6e260ae8ee8780ec3fbedc0f3d0000b240ac51fba65e9423	69197e20d09ee20a98d43ff4f47bf148d1dcb22fd92673d16cf8ccf601160908	51c960cb6b6ad7f763a6819be9958baac9eca335f3f8ecc54b172558438cf105	2f396f4d81d27c48	Quot.sound,propext	Minidregg.Theory.Hyperdocument.LinkRecord → Option Minidregg.Theory.Hyperdocument.StableRange
def	Minidregg.Theory.Hyperdocument.LinkRecord.sourceDocument	30c858146dcbb28949febf56a57ca6aeeb667b6930716c360da9f2a950be08ab	bc549fd8810ac73c14e457f1d5808e229f4a7fb2bc578cb520af2ae144ad15a2	8f2a47602897cff312737fab15f55855a6f682124adc8b425925a88da1fc62a0	18287b6d91afc108	Quot.sound,propext	Minidregg.Theory.Hyperdocument.LinkRecord → Minidregg.Theory.Hyperdocument.DocumentId
def	Minidregg.Theory.Hyperdocument.LinkRecord.target	38995f62ef5801c102b66be330811e5fb384e3fb80d38750fc89e81acddbc1ee	b8afeb1547a192fb06762d8433622459faa4fca883e06d06bf460de773e8433e	042949eaa8badfa19485bacdc8f3c7853aab33171ea03157f38eb6b89f8c4023	a6df10cb9b524ff9	Quot.sound,propext	Minidregg.Theory.Hyperdocument.LinkRecord → Minidregg.Theory.Hyperdocument.LinkTarget
def	Minidregg.Theory.Hyperdocument.LinkRecord.tombstonedAt	94b3486dc281e7062549dc841dc8b7984b72971fca98b276d5f4437e22bb8ca8	be2d43cd0a7a863c90255b9ad59e462434f6c4392233b6e8ce8e9ea7c229699b	edc052ea0bba22998f7de216605bce988af5defc64505f974f70647824b410de	179e62b08cdc0681	Quot.sound,propext	Minidregg.Theory.Hyperdocument.LinkRecord → Option Minidregg.Theory.Hyperdocument.OperationId
inductive	Minidregg.Theory.Hyperdocument.LinkTarget	42767ddbcc01f265c5c9ee18d4859f715e83e43cd50751ed921e81eba0e8c758	16946b93ac38405660f51e475eb5aa7d25b54f5e5677e0f6a10a4526cc071cbf	96ebd88cfdec51e03ea81809794eeb57b30dd1bc905926ab8989ec4c56830f5f	db651d441ab55af3		Type
ctor	Minidregg.Theory.Hyperdocument.LinkTarget.document	3b7317a44743ef09d9519c23f78358dd1c8c033e2bde633451cbc8fa70b69155	07967d34e2c9f37568cd37c6611aa3fe8a805b9a114aa3182d160d2c17a6e844	d5d98c87f4e5ce76971112668b5be3cf9e9f2d35d99b7f3ef610a39464d267ba	218cf65804ee1325		Minidregg.Theory.Hyperdocument.DocumentId → Minidregg.Theory.Hyperdocument.LinkTarget
def	Minidregg.Theory.Hyperdocument.LinkTarget.document.elim	a7890a0b2fdfe2f122234a2a4986a833760e5347ddbc2996235a40c288f7a48e	de2bd845a06a988a1033580dab112253ecce9ce43579b0486317e2fc2c778977	38351f83158f8726fffc95d080133926ccb2c0d9fda58687035ecdbc1622a1d8	4c64b2e1b4236f30	Quot.sound,propext	{motive : Minidregg.Theory.Hyperdocument.LinkTarget → Sort u} → (t : Minidregg.Theory.Hyperdocument.LinkTarget) → t.ctorIdx = 0 → ((id : Minidregg.Theory.Hyperdocument.DocumentId) → motive (Minidregg.Theory.Hyperdocument.LinkTarget.document id)) → motive t
ctor	Minidregg.Theory.Hyperdocument.LinkTarget.element	26dada43cbb58c8a6af589c3cf5315c8ecb1ab4a7fbc21fc3f8e20a0e6d65693	46788ac62694444f28848a7006d934b460747d01cd827f44f6456f6c8820c1f9	7bcf2a8e141b1d08802928aea306b05e78f77cfe2c9a1eb985f3369057038cb6	d748230aa36650cc		Minidregg.Theory.Hyperdocument.ElementId → Minidregg.Theory.Hyperdocument.LinkTarget
def	Minidregg.Theory.Hyperdocument.LinkTarget.element.elim	b7f157ffbb5273a6c31a80b7c455fa716fae26f19b91036abf727dd664a2f98b	3138309a9a1d98fed0946721b357777b5f049b6dd7a1c649dcb7dea4f04739aa	b31dec256e62cc9ee1a4d747520a2dd7ec4e8ba689b06ed790177e5494b9b34e	3618996a04005fd4	Quot.sound,propext	{motive : Minidregg.Theory.Hyperdocument.LinkTarget → Sort u} → (t : Minidregg.Theory.Hyperdocument.LinkTarget) → t.ctorIdx = 1 → ((id : Minidregg.Theory.Hyperdocument.ElementId) → motive (Minidregg.Theory.Hyperdocument.LinkTarget.element id)) → motive t
ctor	Minidregg.Theory.Hyperdocument.LinkTarget.external	2d6fe3a22ac175283edd90fc17a6fed6de457ca374fb47e0e680d626ba16e1c2	098c1caa3f9c404fbf9ceef2ca1c8d8e9edf6b00653135a7a1f9fd6ef2ef7b91	271b2ee6443d58a75cb64066a990656c81d92d9bda201e37f7b4f0ba11e7e27d	8a0fc38db7a2552a		List UInt8 → List UInt8 → List UInt8 → Minidregg.Theory.Hyperdocument.LinkTarget
def	Minidregg.Theory.Hyperdocument.LinkTarget.external.elim	1977f12d62249418ee16e004839a29f1fd9bf165b9a1b907c6bf4b64f95a8a31	3a257a6938deb4bc359aeaab2a3a61cd5db1a11334d3cd32608752cf0bb50373	b50c9f7ee3bca502bfcf6757b58d274fd6d8dba7871fe38c4192fab998028d4c	46415023e54e2a82	Quot.sound,propext	{motive : Minidregg.Theory.Hyperdocument.LinkTarget → Sort u} → (t : Minidregg.Theory.Hyperdocument.LinkTarget) → t.ctorIdx = 4 → ((scheme authority path : List UInt8) → motive (Minidregg.Theory.Hyperdocument.LinkTarget.external scheme authority path)) → motive t
ctor	Minidregg.Theory.Hyperdocument.LinkTarget.range	6e7463abed07354579aa7f2fa898efaea7286b1cc2e893f44e8813115c18d9e9	b56bde5916f7b9b58119ac97e8c262bf5dd57415e39eaa91e8095df418f9ccc1	82cdf6f9d62ebabf5e8d675d1bee3dbf3abb42df5be35f265b9265e1bf0ff77e	be97ed6bd2a08778		Minidregg.Theory.Hyperdocument.DocumentId → Minidregg.Theory.Hyperdocument.StableRange → Minidregg.Theory.Hyperdocument.LinkTarget
def	Minidregg.Theory.Hyperdocument.LinkTarget.range.elim	ecd43547ee8b28e20583e05871ff1aebf22c37c26a0eb377fb1338d4a2fb9fb3	208aab23d1692f1e1e223f1c5cd55985a6b0c80f5ebd373fd9821d5bb196a696	22c761fc4e7f2061f5ad258fa2798dc57ad558324825942b5eaba8dfb2de0272	b8584b3359090a9c	Quot.sound,propext	{motive : Minidregg.Theory.Hyperdocument.LinkTarget → Sort u} → (t : Minidregg.Theory.Hyperdocument.LinkTarget) → t.ctorIdx = 2 → ((document : Minidregg.Theory.Hyperdocument.DocumentId) → (range : Minidregg.Theory.Hyperdocument.StableRange) → motive (Minidregg.Theory.Hyperdocument.LinkTarget.range document range)) → motive t
ctor	Minidregg.Theory.Hyperdocument.LinkTarget.transclusion	166427414452947336a8e7ad34629cc02d89b57669cd74b9b62ac654708c033a	603bfc83cc281a99b6d5f8453d28e1bd13443f13fdd2285462cdd4bf50876d6d	87889d62cba9f64fa1526427898046b16fe7a93b6104ebf2faaa00d87df9f55b	82d8523d8fb2d1de		Minidregg.Theory.Hyperdocument.TransclusionId → Minidregg.Theory.Hyperdocument.StoredTransclusionRef → Minidregg.Theory.Hyperdocument.LinkTarget
def	Minidregg.Theory.Hyperdocument.LinkTarget.transclusion.elim	6fe4d51660f324a521547bc04e0678dffefe4989e42efe164a3c090a92f9fb4b	06c903936ee6f9103020b7ff774f0fa3800bbae41dd8d4684501952bf6b15b8b	ee5f9ad3faa9001142b1f67e4dd95383cd2707158d5695d9c426e3c4889467bf	2c317a2f8444e774	Quot.sound,propext	{motive : Minidregg.Theory.Hyperdocument.LinkTarget → Sort u} → (t : Minidregg.Theory.Hyperdocument.LinkTarget) → t.ctorIdx = 3 → ((id : Minidregg.Theory.Hyperdocument.TransclusionId) → (reference : Minidregg.Theory.Hyperdocument.StoredTransclusionRef) → motive (Minidregg.Theory.Hyperdocument.LinkTarget.transclusion id reference)) → motive t
inductive	Minidregg.Theory.Hyperdocument.MarkAnchor	f2477d57ce6ee247bbbffba7470ba4659c0149e2c1cbdb5f4a3ac711c0fafb0e	16946b93ac38405660f51e475eb5aa7d25b54f5e5677e0f6a10a4526cc071cbf	a39b091558a40db473a00b0357b4e9b4e91f77626405260b567b913822ea44a3	41fd7a61a2a8a924		Type
ctor	Minidregg.Theory.Hyperdocument.MarkAnchor.atom	ed01e7639e4b82ab121b72ec97f2e6e4f132433d78fac279dd5b389c2784bd0c	19469334f78e1c4d0bb1c53361364ca025b4b2bd8432b6028af63f6c883980e8	1a232fec35b9a51c079972ad954fd969ebc49156e0cef3b8feea2e5b064df5e5	8f18b1e77030614a		Minidregg.Theory.Hyperdocument.AtomId → Minidregg.Theory.Hyperdocument.OperationId → Minidregg.Theory.Hyperdocument.MarkAnchor
def	Minidregg.Theory.Hyperdocument.MarkAnchor.atom.elim	69c6754d38222375794674dba9463ebe45a4faa5d67ceb2a6ae3f976f7fdfdec	cbe614f7109065010d867ab31626b46ed7cd2537d6bcfb5bdeb2d1be80895ea7	ef901ff32ac9928803cdbff8417d556478ca91574e389ac64afde7c0987a1dbe	336f1c2793604f83	-	{motive : Minidregg.Theory.Hyperdocument.MarkAnchor → Sort u} → (t : Minidregg.Theory.Hyperdocument.MarkAnchor) → t.ctorIdx = 1 → ((atom : Minidregg.Theory.Hyperdocument.AtomId) → (revision : Minidregg.Theory.Hyperdocument.OperationId) → motive (Minidregg.Theory.Hyperdocument.MarkAnchor.atom atom revision)) → motive t
ctor	Minidregg.Theory.Hyperdocument.MarkAnchor.element	7d4b005f667e6959b7f106b6b3e3d6e2bc658b655357ded532933bcf2e08da74	0bccd57100e947b9d5a7fec9a23ea95413b7cf5a749512b06de00ffbc19cbe3d	38a9731746d5a7812e1c86c55dc6d2d2427305c2bef8432762147cccca97e5e0	c7e58c5e605b95e7		Minidregg.Theory.Hyperdocument.ElementId → Minidregg.Theory.Hyperdocument.OperationId → Minidregg.Theory.Hyperdocument.MarkAnchor
def	Minidregg.Theory.Hyperdocument.MarkAnchor.element.elim	8d9393672df286a9db36b95653cf82c3511f019db1f30d563365fa3c47fe2e23	03cf25314838f2b6a42e752c7f9cec9e2a3226020eb83be3a844ba1d5c595f03	7015b94979192bea4d7e907a63337ef4a4d8b59587cc09f8648caaaa0b40fba9	41df842cb56ef80d	-	{motive : Minidregg.Theory.Hyperdocument.MarkAnchor → Sort u} → (t : Minidregg.Theory.Hyperdocument.MarkAnchor) → t.ctorIdx = 2 → ((element : Minidregg.Theory.Hyperdocument.ElementId) → (revision : Minidregg.Theory.Hyperdocument.OperationId) → motive (Minidregg.Theory.Hyperdocument.MarkAnchor.element element revision)) → motive t
ctor	Minidregg.Theory.Hyperdocument.MarkAnchor.range	f2a42c3caa31c4f342ed39a1476cc3fd2d95c9770c88a5f92c16152ba5b23be1	5e782d7e2551d9996a0f9aab8a9d9cb23e36f4d8dcfbf6aa5df11c0a8788207e	f5497dfba7a13096119e3200b00c8df77194f56d17f5da961c9c8dbf96b019d7	52c755dd2e56f914		Minidregg.Theory.Hyperdocument.StableRange → Minidregg.Theory.Hyperdocument.MarkAnchor
def	Minidregg.Theory.Hyperdocument.MarkAnchor.range.elim	06b0992bb65b49521f02dc7cc962c09e6eebc183211bf7d4c686d3b6da1894b3	b7ebe19e80ab3db39b38354db10c8f63f861574ab436a4f9cfe289beffd92258	fa0f39b5b5182b4844e135eb07fb733a8e804d531104421d2e263e26b6657c70	819ffbd63cbd3a7d	-	{motive : Minidregg.Theory.Hyperdocument.MarkAnchor → Sort u} → (t : Minidregg.Theory.Hyperdocument.MarkAnchor) → t.ctorIdx = 0 → ((range : Minidregg.Theory.Hyperdocument.StableRange) → motive (Minidregg.Theory.Hyperdocument.MarkAnchor.range range)) → motive t
def	Minidregg.Theory.Hyperdocument.MarkId	7ddb26e148b4ec105b613b10c3d4e124fde6b18e6539faa600c4fc8d8e771a82	89855d392aa192071e8a2b2230d30ecae8fc9de0c15fa6a53f6209226829292a	fd430bc8af95b1fdb7d3ad40c4917a77ae9cc70ad6c1c7c40cf0e64eb6659e5c	8f33bf35e9643a8f	-	Type
inductive	Minidregg.Theory.Hyperdocument.MarkKind	a025a9acc5b021f13789d04660f22a2c73b1364a5841f566bc251c5bd08be88f	16946b93ac38405660f51e475eb5aa7d25b54f5e5677e0f6a10a4526cc071cbf	88301ae796a52671c5b3884ef74fdc7b4f38da26f9aad4a922365c41b262cbc1	87bcbe6af2fcf0bc		Type
ctor	Minidregg.Theory.Hyperdocument.MarkKind.bold	51f05d9780df2d0ccb2b9594239cb08cd28c8a9a0256332ece893c835e2e47a5	49c337510b53f88171fadefcd5810acdc7d8ce75686ccd56098350f854e5ec8f	9d90eb2bae291edc11bfd33bb19425bddd0a089c9e4dcbee969989f6bf9c1763	188e144120647d5c		Minidregg.Theory.Hyperdocument.MarkKind
def	Minidregg.Theory.Hyperdocument.MarkKind.bold.elim	8282fe9f8cdd8e1e4000b17d72799f5d5bc5578657996b89f9721c0d05aff6f5	1a2a61c1804bb70e84c5b982ecb0724b92505903f42e1ad1e2096688c40df796	9e6bf710b1d2620fb18e23c1b69b610a03dc7236982bc497ac09084cd5171dee	00e38e8f917f84a1	-	{motive : Minidregg.Theory.Hyperdocument.MarkKind → Sort u} → (t : Minidregg.Theory.Hyperdocument.MarkKind) → t.ctorIdx = 0 → motive Minidregg.Theory.Hyperdocument.MarkKind.bold → motive t
ctor	Minidregg.Theory.Hyperdocument.MarkKind.code	a62f0611e65afcfb0352c147030f224c5a0f61b1ce847e7037f795128a9f5995	49c337510b53f88171fadefcd5810acdc7d8ce75686ccd56098350f854e5ec8f	0e6c17adc8a6a62404aaf32b327f4af8045dbf4d327af9855e0325f4832db1f2	304343d740d2a76c		Minidregg.Theory.Hyperdocument.MarkKind
def	Minidregg.Theory.Hyperdocument.MarkKind.code.elim	89245354c132def3308e5887879449d912ef536d85b0e8d597e8ee1276b15f89	3715b38b395b7d2ab70b337972ad3e34f392725bad23297132db46636a763053	f09e9103291389241283a14b10358bb2c3f47a87f82a498d8f59fa52060075c5	56881d4ebd5d2da1	-	{motive : Minidregg.Theory.Hyperdocument.MarkKind → Sort u} → (t : Minidregg.Theory.Hyperdocument.MarkKind) → t.ctorIdx = 2 → motive Minidregg.Theory.Hyperdocument.MarkKind.code → motive t
ctor	Minidregg.Theory.Hyperdocument.MarkKind.heading	6e41ef07a563261def2b166d4b3f6307381a15cb6c622de3c269a136e5561a28	49c337510b53f88171fadefcd5810acdc7d8ce75686ccd56098350f854e5ec8f	9519720b7eada7c4c2dea91ddb3f3d3a2458d7d1604c18aa9370d93ba08dd039	bbe400ba000a18de		Minidregg.Theory.Hyperdocument.MarkKind
def	Minidregg.Theory.Hyperdocument.MarkKind.heading.elim	b2b3a9e4da22ec11c71dff3b276bfd4d093c62efe9c1f251155d780b93920dcb	a7f5129c566a9197dda732307e0b9f89ecfa375e5fff5b830eb2d0c24210d246	cc8de3ff4a9e1225b8b5d1752a4d8037a4e17681ac8f402a7e3442c832356fbb	9313995b0f4293cf	-	{motive : Minidregg.Theory.Hyperdocument.MarkKind → Sort u} → (t : Minidregg.Theory.Hyperdocument.MarkKind) → t.ctorIdx = 3 → motive Minidregg.Theory.Hyperdocument.MarkKind.heading → motive t
ctor	Minidregg.Theory.Hyperdocument.MarkKind.italic	f1338f859ad804d20913fb455bacd9abe4920142d85faecb50a555c9af61f271	49c337510b53f88171fadefcd5810acdc7d8ce75686ccd56098350f854e5ec8f	3dc0bb526ae35a4da7ecf0441cb6a212f64c70fb7319ffdf3de537e52f8ee12a	1f08187dfb513575		Minidregg.Theory.Hyperdocument.MarkKind
def	Minidregg.Theory.Hyperdocument.MarkKind.italic.elim	87dca6e218dd02c00366aed27244bdfc9f2fe8094b58a12e1a2c65634981f998	2fcf671e8c24417d8b52d2433aa755421bdf7c5d5d0d7a3529bc9baa6206d7a8	1943c91a1f316d580428ba8b7fc310fd5fb84339c2c31c491db81b25c542221a	e5a53f613fc21377	-	{motive : Minidregg.Theory.Hyperdocument.MarkKind → Sort u} → (t : Minidregg.Theory.Hyperdocument.MarkKind) → t.ctorIdx = 1 → motive Minidregg.Theory.Hyperdocument.MarkKind.italic → motive t
ctor	Minidregg.Theory.Hyperdocument.MarkKind.link	ac6116f4a56afdfffcba893a4a44ad76c67332733b4d1bfb577aa0560903ad31	20b86ec971e29334e5b4fe4a0f4f8c9095797f5e6ec27782035daacf2814c589	17b6a28dfb8c0ec6bbcf5c8537723ecbe134aba4989a0a0e73c9d3eeacbe3e82	2e790195ba76b419		Minidregg.Theory.Hyperdocument.LinkId → Minidregg.Theory.Hyperdocument.MarkKind
def	Minidregg.Theory.Hyperdocument.MarkKind.link.elim	f223daa652601519df7acc2bba0ea6da0cd2b7e9a19bf08aab0a72366cd8dc62	2aff40f9c93bc9d56a9481fa71dcd795c64241607cfffb3c11f364e44d187e7f	9ceeb42ae2b7b20d5a85cecdc3bbb372fc273a0752ebaeccc63b68cf6607b3a3	56f8ca56f23ae3fd	-	{motive : Minidregg.Theory.Hyperdocument.MarkKind → Sort u} → (t : Minidregg.Theory.Hyperdocument.MarkKind) → t.ctorIdx = 4 → ((link : Minidregg.Theory.Hyperdocument.LinkId) → motive (Minidregg.Theory.Hyperdocument.MarkKind.link link)) → motive t
inductive	Minidregg.Theory.Hyperdocument.MarkRecord	5d5a51bd5b93c34500d917ac6464c5099dbe932c527f1ac1d741f3391abad82c	16946b93ac38405660f51e475eb5aa7d25b54f5e5677e0f6a10a4526cc071cbf	961dd1f429d92f4b8ebaa23a3c363a40f57486168f9591b8e0a406cdec2d7925	988022dbbd7899d1		Type
def	Minidregg.Theory.Hyperdocument.MarkRecord.anchor	1f472fed0676eec1cd8792d533a540a1e8fe23921b0bde1167202568f8c9adf2	683f22f64218e9aa2d8689521a46f2908314fe3bb1905cd4b6aab3364297167b	1454d1a03882469f7464e14dfe9d4bca5bda7687b7769c67552eee50955c03c8	1e09f70b30159478	-	Minidregg.Theory.Hyperdocument.MarkRecord → Minidregg.Theory.Hyperdocument.MarkAnchor
def	Minidregg.Theory.Hyperdocument.MarkRecord.author	e9ad456450a6c23a29d74e5ae59c1b2be0d97dc768901f86d8074de5354b2a7a	ee920ef242963e397baebbf20fce674f70a300db46b6b93c5be0b1e58eacca65	39c513b2335ff44df91ee381a47673f415ff83043a256af171b6fd68decec961	50093b4d7f457285	-	Minidregg.Theory.Hyperdocument.MarkRecord → Minidregg.Theory.Hyperdocument.PrincipalRef
def	Minidregg.Theory.Hyperdocument.MarkRecord.document	033d4decca15e1d9b97e13edc35be78685883eda1f579e455e0a83a691fd56ff	130dac5a3573adc292fdc0efb51c6ee4b56f72bc98ac7eaea9e652b87bae54aa	5614171b20ae36fc0ed60ce5b6bcb16794b0bd31fb54d90ca86af6dc5ce1f575	04da2d1b45416272	-	Minidregg.Theory.Hyperdocument.MarkRecord → Minidregg.Theory.Hyperdocument.DocumentId
def	Minidregg.Theory.Hyperdocument.MarkRecord.kind	2a3bee8eda1cac07ffe04b66dd7db24f7439d4c716e995cd0e59a8dd81709d7b	a9282f314065084994b44318f98db0f234a6a3dc433aa18dfd3aeabc9d99c0cf	1efe9ec9fc2127dc25e6ae1fdbe396aa51079ed2f104be8b3d7cb01003c119ee	3e20fd83097034f7	-	Minidregg.Theory.Hyperdocument.MarkRecord → Minidregg.Theory.Hyperdocument.MarkKind
ctor	Minidregg.Theory.Hyperdocument.MarkRecord.mk	c3038b2f9f384bfe03e24524b9db51f883794d4f7da4f252665d6475692965a9	4e4c82b8b091387822029306270cdb6a545895642350aaca9a26859b7e16e252	7a46831bf0b08e612ae26a690da67a82989fbf9aa01aad79e178fc34bc280792	a141b39e72edd377		Minidregg.Theory.Hyperdocument.DocumentId → Minidregg.Theory.Hyperdocument.MarkAnchor → Minidregg.Theory.Hyperdocument.MarkKind → Minidregg.Theory.Hyperdocument.PrincipalRef → Minidregg.Theory.Hyperdocument.OperationId → Minidregg.Theory.TypedAuthorization.Digest → Option Minidregg.Theory.Hyperdocument.OperationId → Minidregg.Theory.Hyperdocument.MarkRecord
def	Minidregg.Theory.Hyperdocument.MarkRecord.operation	e99369791eea7ef2130d673624a279962184669657d2a2f155bb667525aaafba	71d04255a19f2ca70215baf99f96ca7adeccf48bd7111bdf1674deee18051608	c248dfe20593cc155e805b5ef1dc1ea9ec5d8a7c250c5a83d02c4f8198697b62	b789f0c2b60e00d1	-	Minidregg.Theory.Hyperdocument.MarkRecord → Minidregg.Theory.Hyperdocument.OperationId
def	Minidregg.Theory.Hyperdocument.MarkRecord.tombstonedAt	4e6c13357b05bf3206f503a6650aa9917e5eea3dd33f8c6bbe34ee77c253a77b	07af78380846aa97c1897959b7d83d9e1689ce3205980a9d3e1857500867dad8	62849741e5125f4f2fa2043833781273c966d82cc03d6c201de16db4423410eb	0f4494426dd2ace0	-	Minidregg.Theory.Hyperdocument.MarkRecord → Option Minidregg.Theory.Hyperdocument.OperationId
def	Minidregg.Theory.Hyperdocument.MarkRecord.visibilityPolicy	2926d450a480fcf2d837f4c0045dff646b5d1c4b5c86bb61b18b8b40124b3583	512bef155051a27312e19ddef54006846a4de10eafcac8bc07eb6609c50057e6	833482d3d8957a8209ddc365b0187e4cb42611f58797e11710690ba741f8d5c4	6f9f30b7c1376e8c	-	Minidregg.Theory.Hyperdocument.MarkRecord → Minidregg.Theory.TypedAuthorization.Digest
def	Minidregg.Theory.Hyperdocument.Materializer	d68eef929f6673997bb5af7a6bc1854373c515219c5f8744a8f15a4daf279369	603b5a488c8f62d53fcb1d5e8fd24f07efaf38b2f85976b18434fc6c080bf657	0c6aa10e8887e1dae8205b680c95b282eb4a0e90cdcc694656a6dcce86626ea1	bfe71bda3256f3fe	Classical.choice,Quot.sound,propext	Type → Type
inductive	Minidregg.Theory.Hyperdocument.MergeRegime	479557fc8d0f95651b398a67544826c9218576562461a66c0f81e736d9b3b1c8	16946b93ac38405660f51e475eb5aa7d25b54f5e5677e0f6a10a4526cc071cbf	8b5102f9fa9b146b6c5585d137f21e2a8b4c06f222350647a0db99af5694c875	958dbbf0b799e797		Type
ctor	Minidregg.Theory.Hyperdocument.MergeRegime.additiveCounter	31f67dd0d025e1faa9d55f37ed4a366d03790b62ef727e50a93d29645cfd2537	e12b3e57af3f7594cfb8c4b6d2403407a1055e19d6f214ec4d01fc31ae442786	ed5ab4012c3fa5e2da7050a5e1f08c6940d61da96f83b51131f603ade8f589b1	12737adeec31ba95		Minidregg.Theory.Hyperdocument.MergeRegime
def	Minidregg.Theory.Hyperdocument.MergeRegime.additiveCounter.elim	9699468b10691b0fe8a1f44974c8ec4d41e5f2deaff91975b8198465a4a0cbe1	545f683bcf7bc2756564eb8e91290d5f94b9acf33c6fe238c688e688012bbdcf	21dbf2aaccbd8da9d71235f1fd2a7d7b05e69dab56ed6eac43d0e39bb7395578	daba94b205d30195	-	{motive : Minidregg.Theory.Hyperdocument.MergeRegime → Sort u} → (t : Minidregg.Theory.Hyperdocument.MergeRegime) → t.ctorIdx = 3 → motive Minidregg.Theory.Hyperdocument.MergeRegime.additiveCounter → motive t
ctor	Minidregg.Theory.Hyperdocument.MergeRegime.exclusive	744a2b8659ff5351240387b89b7b93d390b3162c5b6ee09acdaa214236079753	e12b3e57af3f7594cfb8c4b6d2403407a1055e19d6f214ec4d01fc31ae442786	72c3b1af366708a39324f9ae97bdd1b420ce4aaa8e62d20ac9cdc64ae42cb983	75d309e78455849a		Minidregg.Theory.Hyperdocument.MergeRegime
def	Minidregg.Theory.Hyperdocument.MergeRegime.exclusive.elim	78afac2e13a14ffc619e1e4e117665260b80542ce9fa3272219c39c5ad315c11	67d41e8796b28c88307738fbb055289819471418508e6a74d676bba6e062278b	a4a95360954b22cd576631703964453774cdc22c3db8b922abfec9d5dcc3cbe3	28ea11a19fa1aac2	-	{motive : Minidregg.Theory.Hyperdocument.MergeRegime → Sort u} → (t : Minidregg.Theory.Hyperdocument.MergeRegime) → t.ctorIdx = 0 → motive Minidregg.Theory.Hyperdocument.MergeRegime.exclusive → motive t
ctor	Minidregg.Theory.Hyperdocument.MergeRegime.join	ca7c01e5f8832fc1dbf71377bd8a5e36b2079657a7996fcee37e47d46b90960f	e12b3e57af3f7594cfb8c4b6d2403407a1055e19d6f214ec4d01fc31ae442786	77184f9aab5910bc53ff7c51f7e06ec5215042b029339ef75bee197a149ab06c	e37737a1b45b5a7b		Minidregg.Theory.Hyperdocument.MergeRegime
def	Minidregg.Theory.Hyperdocument.MergeRegime.join.elim	c499b22c25ed9e3d9ca385c7830255804aa87d8a08141dfdce491feac251efa1	4937d1e04bdf701f66c576a87e25ebc7387919b0d8ad30ab523f015d9382c8c9	0a67a349f7060fa8ed51f554cf0de0d74b1f192457e40fa61e110f17cd76079e	5da8d1992298da21	-	{motive : Minidregg.Theory.Hyperdocument.MergeRegime → Sort u} → (t : Minidregg.Theory.Hyperdocument.MergeRegime) → t.ctorIdx = 1 → motive Minidregg.Theory.Hyperdocument.MergeRegime.join → motive t
ctor	Minidregg.Theory.Hyperdocument.MergeRegime.multiValue	d197d0882a218bd4e49cfbc55ffab41d46850792c039a1a60eccee26d790aa02	e12b3e57af3f7594cfb8c4b6d2403407a1055e19d6f214ec4d01fc31ae442786	b2c9d094d7ecdd23e6fd6358003f167fc20aec3b5f2e232db974a3727dfdce53	fa5c77f622bfaed9		Minidregg.Theory.Hyperdocument.MergeRegime
def	Minidregg.Theory.Hyperdocument.MergeRegime.multiValue.elim	5d13257c4a353f31a0929abffc3a8841f3bc2f073c48e8410644ecdb19c7e47e	c11d8a1591ca11861d0ab14eba995e9040e8fc9c1fd18beb77e25e5ab3fd2461	000f7e44bf6e6c61223ee4133d9600b8b38f76c9640025ea4f58df5cf253d95c	d1aa9f5db37a85da	-	{motive : Minidregg.Theory.Hyperdocument.MergeRegime → Sort u} → (t : Minidregg.Theory.Hyperdocument.MergeRegime) → t.ctorIdx = 2 → motive Minidregg.Theory.Hyperdocument.MergeRegime.multiValue → motive t
def	Minidregg.Theory.Hyperdocument.MergeRegime.ofNat	19ef3f7e5cdf1aaf15fd7ca2e97eb352510548c5d402be7f8d9d4781b206792e	1c06069163235f8244a2409d28e52461205f889136df04c37ff8f81f522b0724	a97f100c54cabbb381fe491807613bce4df241c21cb85107ca3fd35bdb6c58a0	1159b4638e392f86	-	ℕ → Minidregg.Theory.Hyperdocument.MergeRegime
theorem	Minidregg.Theory.Hyperdocument.MergeRegime.ofNat_ctorIdx	1c41084caeca743c89424e090d25572bf9626a47b9d2a6628b1f0d1aeec742a0	9cb887a8b069d3d0bd41db34a85d102f518b29740d1985da2ce0fdc94b499cae	5b86b9c0e08c5d6f9810a5f7147e5317e1d59df5d94e56c41decbe9eeebcd0c0	bd6ce6957f28f789	-	∀ (x : Minidregg.Theory.Hyperdocument.MergeRegime), Minidregg.Theory.Hyperdocument.MergeRegime.ofNat x.ctorIdx = x
ctor	Minidregg.Theory.Hyperdocument.MergeRegime.orderedSequence	e80cc743bde95bd32a0797ba3df33e63e2a328291130f89410e76490041080ed	e12b3e57af3f7594cfb8c4b6d2403407a1055e19d6f214ec4d01fc31ae442786	84798f74c329fadfc17e06191e3f2143d2d366ca7dff738eccda334563e71f5a	33c5a19c8f273069		Minidregg.Theory.Hyperdocument.MergeRegime
def	Minidregg.Theory.Hyperdocument.MergeRegime.orderedSequence.elim	94225aedeb79e0dbbf29e45c7ab1027ae1c81130dd1f11ccef94e3182621a357	af0b8012a84a25503e41a81b86d4d53aee73c5aab962aa645328e0b7ecaaadf2	8e85d330095270bb49c3b27922b6d026dc3b10eaa7bc9784a1d72466c1994df1	b6a51ca12226a361	-	{motive : Minidregg.Theory.Hyperdocument.MergeRegime → Sort u} → (t : Minidregg.Theory.Hyperdocument.MergeRegime) → t.ctorIdx = 4 → motive Minidregg.Theory.Hyperdocument.MergeRegime.orderedSequence → motive t
inductive	Minidregg.Theory.Hyperdocument.MigrationRule	6de11250c257bd9bea1058b629f859bd5ed5123df40d414232afa6db20b1586a	acfc43aa6d0f54cccadfe3f678141493dc51528765d627b3377f1316d1eddcbc	dfec7dad0118f3cb15153c775135966c1af8e49c1a2cee3fed625d54312bdd91	bb6c1b76713e9fa7		Minidregg.Theory.Hyperdocument.CodecVersion → Minidregg.Theory.Hyperdocument.CodecVersion → Type
def	Minidregg.Theory.Hyperdocument.MigrationRule.migrate	a685281f68f3f983825575987eed744cd77a76ce803b7f3858267305f44192bf	4443aa6f84f3848b24772b97aaefb0634f7bce5669f8b06dede7578fad0f1786	01629d346a238b37d9530ca0644ef7d9551bf6581470bbeeb931d7ca95a3914d	f5cfb1686a69abcc	-	{sourceVersion targetVersion : Minidregg.Theory.Hyperdocument.CodecVersion} → Minidregg.Theory.Hyperdocument.MigrationRule sourceVersion targetVersion → (domain : Minidregg.Theory.Hyperdocument.IdDomain) → Minidregg.Theory.Hyperdocument.IdPreimage sourceVersion domain → Minidregg.Theory.Hyperdocument.IdPreimage targetVersion domain
ctor	Minidregg.Theory.Hyperdocument.MigrationRule.mk	e8d0839f992bbd3e0a1db7f851d329784ac6292076b1797ed9d95274a829ea91	af47609a4e628f71cdc9fa006205e348171d4c0d485fd9da6d804eb9909a838d	737efddd42e459cfc29fd4b502c34c9b16128108d7f0411b9bc5d081392339cb	9703f1e77dfde984		{sourceVersion targetVersion : Minidregg.Theory.Hyperdocument.CodecVersion} → ((domain : Minidregg.Theory.Hyperdocument.IdDomain) → Minidregg.Theory.Hyperdocument.IdPreimage sourceVersion domain → Minidregg.Theory.Hyperdocument.IdPreimage targetVersion domain) → Minidregg.Theory.Hyperdocument.MigrationRule sourceVersion targetVersion
inductive	Minidregg.Theory.Hyperdocument.Namespace	f0f4450e4a7c7d11900d8d1c9c165afefffb7ea74783d799cdc4c10af630cf89	16946b93ac38405660f51e475eb5aa7d25b54f5e5677e0f6a10a4526cc071cbf	54de4ba9f389b1db524470b0ae3290d1827c57213c20df28f97fe3e0956638a8	adcab00c5cbad4cb		Type
ctor	Minidregg.Theory.Hyperdocument.Namespace.annotations	e1ea33ed10a8557e4aa18289a6bc04010858afe6ade87adf6e4c6700bf227deb	e87a6e83ab09abb9f5e152b020fbea8a4ffe55b9ec2b471e71a1670bbe107898	0a44a14e5bd407d53304d02574ef7da5a68dd0ba4f7d6185412362458ce9e8a4	14b948dca47e2245		Minidregg.Theory.Hyperdocument.Namespace
def	Minidregg.Theory.Hyperdocument.Namespace.annotations.elim	79fcd10afdc13f6111c3d8289b40ba9b4bc3a635e32f5e49960f32b428417de2	e5016ee418df2bdfe0344d48333d1761729e5620a658276411299e9eaf551e16	a8d738bcdfba5cba2d604a9109793a664b005bdc8bbe98e845fc61732fd527d9	28b49567c45b76db	-	{motive : Minidregg.Theory.Hyperdocument.Namespace → Sort u} → (t : Minidregg.Theory.Hyperdocument.Namespace) → t.ctorIdx = 9 → motive Minidregg.Theory.Hyperdocument.Namespace.annotations → motive t
ctor	Minidregg.Theory.Hyperdocument.Namespace.atoms	8c57f5b0304bf27b471d454bd430a195ce0f2017f09e6d0d0def3e2cb10810dc	e87a6e83ab09abb9f5e152b020fbea8a4ffe55b9ec2b471e71a1670bbe107898	65788ebfaadf62625dc55f29f71562c3c45d5922ce6c1545f01ac70141523be3	89db79ad96bdd607		Minidregg.Theory.Hyperdocument.Namespace
def	Minidregg.Theory.Hyperdocument.Namespace.atoms.elim	416b76ed03b836a4f62ac55901c74226157594877c25e2ec24c6bc5141afb1fb	261304459227ad33ec8ff6f30e88e593a0d9fd85ab53f5a640025d660de25260	6e44b214ec7524c2b660c44323a7629122d7bf53ccaa930ad5c344eba466453d	33097ffac522a2d5	-	{motive : Minidregg.Theory.Hyperdocument.Namespace → Sort u} → (t : Minidregg.Theory.Hyperdocument.Namespace) → t.ctorIdx = 1 → motive Minidregg.Theory.Hyperdocument.Namespace.atoms → motive t
ctor	Minidregg.Theory.Hyperdocument.Namespace.blinding	02fc811af9af1ebfb0fd079180f1c7ab4375e6fbea74701048280dcedd175176	e87a6e83ab09abb9f5e152b020fbea8a4ffe55b9ec2b471e71a1670bbe107898	364d4be2ad1349d75af9f579cee7a8069b975cf4864d8e9637b7e858dab55070	79b3b357d64d0a8f		Minidregg.Theory.Hyperdocument.Namespace
def	Minidregg.Theory.Hyperdocument.Namespace.blinding.elim	56a36e106cc13714df8c22268616671348f28fa59d13190c54c1027f425a0038	6590541077b31488e76a776a35c3fd476fa83bf774ade4b1984ca44b16a840dd	d7054dd1bbc57fe949bba732f1d6dfa2ebea498bfb493f96d396492750d59b08	fd042e2f8a1983e6	-	{motive : Minidregg.Theory.Hyperdocument.Namespace → Sort u} → (t : Minidregg.Theory.Hyperdocument.Namespace) → t.ctorIdx = 10 → motive Minidregg.Theory.Hyperdocument.Namespace.blinding → motive t
ctor	Minidregg.Theory.Hyperdocument.Namespace.conflicts	000203dfc8c7f209b2bdeb9fc4a01f6049eb546a3cdd1ae77f6ede579edbbf19	e87a6e83ab09abb9f5e152b020fbea8a4ffe55b9ec2b471e71a1670bbe107898	7a315497a677eff6431269c9357efea50c6896447e717661f9d784a713375aac	93689a33663ef10b		Minidregg.Theory.Hyperdocument.Namespace
def	Minidregg.Theory.Hyperdocument.Namespace.conflicts.elim	b40e78ff8ce0b17e01faf27bd049dfc25a3cebf0ddf2e2ac7e74ff7cc737ec79	8572d8b85d233b665e49bde6eaed43a3d992e51f2b5c1be3636ccdd0f5084094	58defcfe3d2bdb33ce9377e7042153f25f2f68d565da7f7658a2d87e4bcb87cf	3befd92fb3d34fb8	-	{motive : Minidregg.Theory.Hyperdocument.Namespace → Sort u} → (t : Minidregg.Theory.Hyperdocument.Namespace) → t.ctorIdx = 5 → motive Minidregg.Theory.Hyperdocument.Namespace.conflicts → motive t
ctor	Minidregg.Theory.Hyperdocument.Namespace.documents	8984cd2e791ff2c0363c0f995383b6f3a0937590b55f383122b446a88c1e28ca	e87a6e83ab09abb9f5e152b020fbea8a4ffe55b9ec2b471e71a1670bbe107898	dbb7d2a8cb3b7dbb4c5b35e56e172314ab7cc29c78a00798289cee77f766cbd3	37093094ad91c3dd		Minidregg.Theory.Hyperdocument.Namespace
def	Minidregg.Theory.Hyperdocument.Namespace.documents.elim	6383a4e85bb8f6aee1c010fe52550f9aaa059f26c43d15e13ebcbd94e61c882d	bf748e4419b2d5354ff5d18261fefc3e809f4e1c6f381802fcad59719887cf6f	002cd31518bda3105a6693268e69a2126a8adff02400f3777c13666ddaa759c9	e010a5fcc4936501	-	{motive : Minidregg.Theory.Hyperdocument.Namespace → Sort u} → (t : Minidregg.Theory.Hyperdocument.Namespace) → t.ctorIdx = 0 → motive Minidregg.Theory.Hyperdocument.Namespace.documents → motive t
ctor	Minidregg.Theory.Hyperdocument.Namespace.elements	418d1d0a43e9a1d576f1e6af32e2245cc85624aa54bc13ddd877ab44989f1b93	e87a6e83ab09abb9f5e152b020fbea8a4ffe55b9ec2b471e71a1670bbe107898	ab27405dff4ce71c622f3293fb3330c56e03b88e5b48e78340b95ae5b2424a4c	adcdc405b46f27cc		Minidregg.Theory.Hyperdocument.Namespace
def	Minidregg.Theory.Hyperdocument.Namespace.elements.elim	49ba468464edb4306df9f750c5bfc5cfc696d529b9c176927249e6c61538aba2	b74d76e54c227ed71c5b462c2e3054a0902904fa6a3da8158c64a6044d4d9484	492d769434d7bb9d5d856c9157eba0fe6b327683788fa0af1f6ee56c49d6f72d	112d5360e1553d84	-	{motive : Minidregg.Theory.Hyperdocument.Namespace → Sort u} → (t : Minidregg.Theory.Hyperdocument.Namespace) → t.ctorIdx = 3 → motive Minidregg.Theory.Hyperdocument.Namespace.elements → motive t
ctor	Minidregg.Theory.Hyperdocument.Namespace.fields	347aff186ce023f6fee9cebab83491827ab34c35ed6e9a684baef2725cddc21c	e87a6e83ab09abb9f5e152b020fbea8a4ffe55b9ec2b471e71a1670bbe107898	d051b77680446669cd3619e4134fa8bcbae419228300c72509061a3d255e60a5	acc4fcf1dcb5b9f6		Minidregg.Theory.Hyperdocument.Namespace
def	Minidregg.Theory.Hyperdocument.Namespace.fields.elim	67edba2e94f30ed0d064d120bd741b7081bf18e6580e4c698ada958332eaebf1	77052822662e65e48156da532cfae37cd2dde15647ab43f54cb6f384e197b674	95bb1e58f517420e780cbdeb069a94fbf7b05b4b49aaf2acf221868990d2797e	c347002839e6ac30	-	{motive : Minidregg.Theory.Hyperdocument.Namespace → Sort u} → (t : Minidregg.Theory.Hyperdocument.Namespace) → t.ctorIdx = 4 → motive Minidregg.Theory.Hyperdocument.Namespace.fields → motive t
ctor	Minidregg.Theory.Hyperdocument.Namespace.links	3a720a5bf2dfea2b458b646860eba171cc60d4f0ed5af082ea93764388e192da	e87a6e83ab09abb9f5e152b020fbea8a4ffe55b9ec2b471e71a1670bbe107898	6ee6a1d134dbc3ea13fc952b77830998252d8554d405c3d395a49bbceda81d23	c34597e2800f8049		Minidregg.Theory.Hyperdocument.Namespace
def	Minidregg.Theory.Hyperdocument.Namespace.links.elim	58b9d473e319d366e830471ad4e176c267ea36f79289f2d460747cb530682ddd	53ee8af3b9c0d5bba15e430872a081fd47f8e39f2bced59cb6441bd0ba9641c0	d4b2cd6e563d03d7dc0763c4953c8d3a299481c9f22bdd5d1717abc992c289a1	f5b18f1351fab942	-	{motive : Minidregg.Theory.Hyperdocument.Namespace → Sort u} → (t : Minidregg.Theory.Hyperdocument.Namespace) → t.ctorIdx = 6 → motive Minidregg.Theory.Hyperdocument.Namespace.links → motive t
ctor	Minidregg.Theory.Hyperdocument.Namespace.marks	51927c4bcdd3a4f0fbb7fe0e9affa5bc67bd2da39f6d8829ba11b67856f289e1	e87a6e83ab09abb9f5e152b020fbea8a4ffe55b9ec2b471e71a1670bbe107898	2c270cd41033279c0674732397fd7180b7f465f163465697f039c0ad396b5822	a4de702da87ec95b		Minidregg.Theory.Hyperdocument.Namespace
def	Minidregg.Theory.Hyperdocument.Namespace.marks.elim	1d1915a2890214c0f40b063c71acc16993cfdb1571e311427a73434d5c7c9b72	866a08647adf6e9580a21e0ef8e3adfd728c1566830fcc7ab0187a34ba0a88b6	782ffbc7d8c7c8db4ce2a21ecbb6394944ce0ad4450e0ab7dbad5e6a678fcd14	94cb7d95480ee205	-	{motive : Minidregg.Theory.Hyperdocument.Namespace → Sort u} → (t : Minidregg.Theory.Hyperdocument.Namespace) → t.ctorIdx = 8 → motive Minidregg.Theory.Hyperdocument.Namespace.marks → motive t
def	Minidregg.Theory.Hyperdocument.Namespace.ofNat	5d813b7f87544ebff2f9caaf417d301e8fd8c5b8a0aca6b662a706b5a7b6b951	b22b508a8aa38e21ff39188cf8415cf2efad7d61b8ed0908199fc74e6858fd71	dabb3b0a8082509bb2400661c78c1b07d628189c4816d0120201be815f86215a	fa05bb186be513d1	-	ℕ → Minidregg.Theory.Hyperdocument.Namespace
theorem	Minidregg.Theory.Hyperdocument.Namespace.ofNat_ctorIdx	d8212225e0abf2c3f28e3962a5c0427593b14a984cdc4402e50f256a6dd4168c	83c50c9f5643aab136763433a8bd824646b6675a987f0300aaf4684e5da2003d	7dcfc070042d07fbc3bd6edce5a011bacfbb3e3181d475d5adf7be12fbd3fcaf	d2a0c9daece25034	-	∀ (x : Minidregg.Theory.Hyperdocument.Namespace), Minidregg.Theory.Hyperdocument.Namespace.ofNat x.ctorIdx = x
ctor	Minidregg.Theory.Hyperdocument.Namespace.runs	368ca4ca078913cb581bcced1d0cf8fc80e13eaf4f980e8ff8b1db76752f5f8c	e87a6e83ab09abb9f5e152b020fbea8a4ffe55b9ec2b471e71a1670bbe107898	51f6b05f7105d062202599646bc76a6982c5acc0defea9ecb135eacd3c477519	b5b0c54db7e78334		Minidregg.Theory.Hyperdocument.Namespace
def	Minidregg.Theory.Hyperdocument.Namespace.runs.elim	ac443cbba723854687a38d9cab42f24bea6072e46ca08a89be5aebac18274df8	9475c66f8cde0a696954c8f92e90ee7ee86a04af0986d2d5135496ac86f78641	5d7e62e03f96806997f0377d10102f1590cdf038d4064903ee19acd50319c398	57f69fc3aeabbc73	-	{motive : Minidregg.Theory.Hyperdocument.Namespace → Sort u} → (t : Minidregg.Theory.Hyperdocument.Namespace) → t.ctorIdx = 2 → motive Minidregg.Theory.Hyperdocument.Namespace.runs → motive t
ctor	Minidregg.Theory.Hyperdocument.Namespace.transclusions	5b0e4b01ac94402da2b01e3ac936e9a366b50cc176c423f6f8d36a78ecdbc730	e87a6e83ab09abb9f5e152b020fbea8a4ffe55b9ec2b471e71a1670bbe107898	0054b0fcfe0e5eae6332c14b5bb7a01e1ce6f04bfb93d8eb7b7ae6484f0bd807	e0bdbc78e873bf5c		Minidregg.Theory.Hyperdocument.Namespace
def	Minidregg.Theory.Hyperdocument.Namespace.transclusions.elim	c2b3258f6fe9b0c8bdd909fd7007d429a186b825c7b81c10078c5d99e9c17f61	74fd2c042dfe22324d52fc07f10fd29be74b0625db082ea799073409bbb6422f	bca90826d0d84e25744ede4cc2384b859346732aa81eccbfecc7e8057683ac3b	07c1b2d1d002a975	-	{motive : Minidregg.Theory.Hyperdocument.Namespace → Sort u} → (t : Minidregg.Theory.Hyperdocument.Namespace) → t.ctorIdx = 7 → motive Minidregg.Theory.Hyperdocument.Namespace.transclusions → motive t
inductive	Minidregg.Theory.Hyperdocument.OpeningDescriptor	d859e02fa913b3f6671f6683dbe111587488949f36a233cf909994869a3c32c9	16946b93ac38405660f51e475eb5aa7d25b54f5e5677e0f6a10a4526cc071cbf	c18bda0e082d4059a87b5301c95f01ae2b6ffb8d78ee857e6afc85d63a7bba51	13059c6c73e370ad		Type
def	Minidregg.Theory.Hyperdocument.OpeningDescriptor.canonicalDescriptor	2579a86c897eeaebe7f0f530d454aec1c773ab61234ddf4fd4a6fa35acae111f	3e18d9f97a830cd0e7b5166b13e019a6c77e7fcccfb652bdd6d4b1d1161d5909	27edf7143f28472d18b88e761392a7dcb2055894484de0c357fb18105397bcf5	802da199439232c1	-	Minidregg.Theory.Hyperdocument.OpeningDescriptor → List UInt8
ctor	Minidregg.Theory.Hyperdocument.OpeningDescriptor.mk	043588a776352c5f6564bc751ec493db3496332742855879cbf1d0a520c907d3	143247cdab3119f8ffbadb0473f6d07154b864bc644d0998902e91d380f97c6e	19c122459b919fe8ca95283ad3b0371c5ae2f4a29efcb73597232d2a68819d61	ecf75dbfdf3db6f0		Minidregg.Theory.Hyperdocument.StoredOpeningShape → Minidregg.Theory.TypedAuthorization.Digest → Minidregg.Theory.TypedAuthorization.Digest → List UInt8 → Minidregg.Theory.TypedAuthorization.Digest → Minidregg.Theory.Hyperdocument.OpeningDescriptor
def	Minidregg.Theory.Hyperdocument.OpeningDescriptor.openingCodecId	1f3cf90a948b6a197109a69d831e9f0fb39b89e59ae485da8b92369dfdc8e410	ec7ac910eb50f3fa590bb3988edcbb5cba01d85b88eab713587de6cb4ef989de	eece2ff198ef56faf06aada75571bd62d7cd0c041ead6ffeeef14ccb6c5b1cab	894c83922bf2afa5	-	Minidregg.Theory.Hyperdocument.OpeningDescriptor → Minidregg.Theory.TypedAuthorization.Digest
def	Minidregg.Theory.Hyperdocument.OpeningDescriptor.openingCommitment	5904e4d004978bd837ee689a857b9b746cfa15d125695a4d76e4275af6adb6ea	ec7ac910eb50f3fa590bb3988edcbb5cba01d85b88eab713587de6cb4ef989de	87d2c9a3d1c76cdad4707204e8199a98944d6486f7b97142546dcac7c66a9ba6	293cec70e0249ade	-	Minidregg.Theory.Hyperdocument.OpeningDescriptor → Minidregg.Theory.TypedAuthorization.Digest
def	Minidregg.Theory.Hyperdocument.OpeningDescriptor.openingRelationId	dc3682706095b0c91d1abc7d72d2f6da55e2b030722b09ac80e09a12fc76327b	ec7ac910eb50f3fa590bb3988edcbb5cba01d85b88eab713587de6cb4ef989de	74ea59465f240f0a69c296f86d249bb38768a427ec9321a8b34f7f3d6cfc7853	9c097274db9a3cde	-	Minidregg.Theory.Hyperdocument.OpeningDescriptor → Minidregg.Theory.TypedAuthorization.Digest
def	Minidregg.Theory.Hyperdocument.OpeningDescriptor.shape	b691982a32569f1192bf0287ef9165f0d4673bf0ecb937b2977bd13e8a430374	fc8d52f39b82cd1b11911c971ac75cc1c49064a2f95346b9e07950b46309d647	4726506cfa99d090ff46a3bf0f7e6ea75e28706fd2a8f11d1f2d0c30f0628a45	8f543e45df75c5af	-	Minidregg.Theory.Hyperdocument.OpeningDescriptor → Minidregg.Theory.Hyperdocument.StoredOpeningShape
def	Minidregg.Theory.Hyperdocument.OperationId	01b92b01ab5f86703e40edd566ca15382e8a50fb1c7ea7da4ed4a7c5129d2ca7	89855d392aa192071e8a2b2230d30ecae8fc9de0c15fa6a53f6209226829292a	3174ca872d988d078d7e3e76867018b529271b23f64a238780d4f6b9c4646e78	0fa94aec7a963eb2	-	Type
inductive	Minidregg.Theory.Hyperdocument.PrincipalRef	aa827ff53def4e374e544c476fec3e0ce614a86b9045529f9203ce0b032b5786	16946b93ac38405660f51e475eb5aa7d25b54f5e5677e0f6a10a4526cc071cbf	c3c8450c79f689763ec708bf7a85840f0577396373ae8a3bfc4a33a9753a8d00	953e533984235305		Type
def	Minidregg.Theory.Hyperdocument.PrincipalRef.authorId	b5cc0e8da1bd7533b2d13a0f74526be364258b157acde790fe42e6502b776e3a	54409702bdb2fb6b0e80e11eadea51d6276bbc3c8ab313a13abc1ecf2a405334	d195920f96ca0dfd7ba577fdc39c93316d51bd1d8dfea2d9b6c3c8d7a5b64296	c634941311119a78	-	Minidregg.Theory.Hyperdocument.PrincipalRef → Minidregg.Theory.TypedAuthorization.Digest
def	Minidregg.Theory.Hyperdocument.PrincipalRef.capabilityId	8d117500df090efac6eeca66559b4861897bf70b141ca863fc4d2bce65192f8c	291bd7983cc6acab61ca9aeae3b089b4c8fac6df6a4e157281efa3e5ba6fd15d	c73b371e79c28a9ebf97edced0fc5c5cda4e77ce1ae9ffe205746d2e885e96d9	f845fd31968c1091	-	Minidregg.Theory.Hyperdocument.PrincipalRef → Minidregg.Theory.TypedAuthorization.CapabilityId
def	Minidregg.Theory.Hyperdocument.PrincipalRef.capabilityKind	12dd408ad400b62c2597f03da8e0f551dd7145e081ca4c933c1952571767c6a1	53504edd8afd7fe9a9ecddcf503bfd5d28359d487f5b7ac402c902cef7da56ef	102717e280a1d01fc7dc97cdd734d0137ab1a6a152e3f87695f2498bae464bb5	ad64ee3fb513b76e	-	Minidregg.Theory.Hyperdocument.PrincipalRef → Minidregg.Theory.TypedAuthorization.ResourceKind
theorem	Minidregg.Theory.Hyperdocument.PrincipalRef.eq_of_history_ids	779c9eef053322c67c69c7ddf78bb4fe7e5430827939499fbedc841aad7d5f43	da1c0bfa78509962d35c04cb6197440c43d7587c75b6cfd400423d81c55a56bc	68a6a64194bdc4e3140107c0319917166e6bd6ff93a05deefa3dcb9304849b15	eab39bb2fe3fb097	Classical.choice,Quot.sound,propext	∀ {left right : Minidregg.Theory.Hyperdocument.PrincipalRef}, left.authorId = right.authorId → left.principalId = right.principalId → left = right
ctor	Minidregg.Theory.Hyperdocument.PrincipalRef.mk	55903569c46a1ed6f80d0d7244cfcc816060ccbd809cc34710af9b14f7c38444	de2d2c748e5befb94cfbf68ba173becfd61213a3ff5be9bbd8887d26f54b00bc	7a814600203fa66ba10f0016dab95e450d750c1af59725d6227d1517aa6dd8ac	a91d78ce96d94773		Minidregg.Theory.TypedAuthorization.SubjectId → Minidregg.Theory.TypedAuthorization.ResourceKind → Minidregg.Theory.TypedAuthorization.CapabilityId → Minidregg.Theory.Hyperdocument.PrincipalRef
def	Minidregg.Theory.Hyperdocument.PrincipalRef.principalId	873428cd2abfff0cbf337a07372e5965de909fbff72988aeb6c1aa73a6e336c1	54409702bdb2fb6b0e80e11eadea51d6276bbc3c8ab313a13abc1ecf2a405334	5e58e919bd4bc63b8d75b44eb5fdca3714df6bd79d39f9d19ae71e18017488aa	85d3c287dc26b04c	-	Minidregg.Theory.Hyperdocument.PrincipalRef → Minidregg.Theory.TypedAuthorization.Digest
def	Minidregg.Theory.Hyperdocument.PrincipalRef.subject	4e3ba4fdc13595da65b18501341fa4c9b066e9167184a0033e73ac0df808199e	205db6eef44bf1bdf6c2cf03581ef9decc574edd87cd5187d0947843fe5da06a	fc512ec912103d75d0566749612f4fc2b2567595ca300db0582c21b3822d9389	bc3abb4710a032ee	-	Minidregg.Theory.Hyperdocument.PrincipalRef → Minidregg.Theory.TypedAuthorization.SubjectId
def	Minidregg.Theory.Hyperdocument.RunId	8c4685b9490e4c7507c573f617e86126499fdf5b5392ce5f7ce8afa1f33cae7f	89855d392aa192071e8a2b2230d30ecae8fc9de0c15fa6a53f6209226829292a	99964964026ae55ce822042d91e327086e3daf72a8d3c06d88bb5195d6b529eb	de731c6e32bc1798	-	Type
inductive	Minidregg.Theory.Hyperdocument.RunRecord	45d15511a2a08288d378f6ebaf059bd914ba4680595ced9a019baa7c6be594e9	16946b93ac38405660f51e475eb5aa7d25b54f5e5677e0f6a10a4526cc071cbf	3f76310245cd55869f6f11b3b61ca36791df8edffc9755507d9b3d1821067c9a	02d76f69546d7e36		Type
def	Minidregg.Theory.Hyperdocument.RunRecord.atoms	4f3186411be603b682f06680be7b92f99065b97e3e9efa72aeca28b0cc3c0001	9698bd9938186dfaca5dc7ccfaa833fa5ef26979bef90a77ef952c809666f07e	44f7dea4ca4ccd837398ec52d4cc01a27e91b91f9bfe216829b644ca2d7530e8	a7a410279b693772	-	Minidregg.Theory.Hyperdocument.RunRecord → List Minidregg.Theory.Hyperdocument.AtomId
def	Minidregg.Theory.Hyperdocument.RunRecord.createdAt	bc2e4e563e84e71cfc8bb291b09969f471f0446bcb321add7f8d91a5c6f4d78a	1a52ab0cdb5c3efa7c117df0bfa4c50dd7c1284a4dd314398c259336e62efae7	2a8a42f747d1b81e1064495aed9ea3d8822426a2442d797a5276bd1904b3cf6a	db188077c195e450	-	Minidregg.Theory.Hyperdocument.RunRecord → Minidregg.Theory.Hyperdocument.OperationId
def	Minidregg.Theory.Hyperdocument.RunRecord.createdBy	db8a9438aaad0a17cca3cfb07a320b00cdbacf3abc8e5e0ef3ec26d7580fa2eb	b899de72ceb9e561daeceeb108138a9b339b978137bfc8f7516cfc932867ff8c	9f7aa449d44f2a5d2aa1ed2fb899cb1bee70c9e61ade05066f21c6977639ccd2	b36da5f06541d7af	-	Minidregg.Theory.Hyperdocument.RunRecord → Minidregg.Theory.Hyperdocument.PrincipalRef
def	Minidregg.Theory.Hyperdocument.RunRecord.document	b4f3245e15b8176a76f88ee51301259e525c72b7c155315cc07045f3baeb56fe	33ad492d5446d5c549d04d45d272a005d79dfd5a4e90aefe4b0066d6e4ac6aef	79c3cf544e3f9d725cb5f20c9386e3c36e81ec011efe703b5a989fe5b31c639c	d631f455722f00e9	-	Minidregg.Theory.Hyperdocument.RunRecord → Minidregg.Theory.Hyperdocument.DocumentId
ctor	Minidregg.Theory.Hyperdocument.RunRecord.mk	8027f7336af09a9c5091fd4863390ac04ed208c94fbebdab8dc24fa3ed1a22eb	2547b9cfd678317a9a4ed63ebe8a91b22da1e913b41d6b0e99256a449a69ec15	331a0a15438c9aba5b91bb6198cefc11d9ad35a7621bf6ef385cdbecc2b16a80	f1ebbaf2e782edc5		Minidregg.Theory.Hyperdocument.DocumentId → List Minidregg.Theory.Hyperdocument.AtomId → Minidregg.Theory.Hyperdocument.PrincipalRef → Minidregg.Theory.Hyperdocument.OperationId → Option Minidregg.Theory.Hyperdocument.OperationId → Minidregg.Theory.Hyperdocument.RunRecord
def	Minidregg.Theory.Hyperdocument.RunRecord.tombstonedAt	f5fc775b570a7782f5c003b2c7f57fba9474ce77f644d6ebb1d83f363acafc70	340be471a2bce817099d2e7ff8647c845837a7740fc15d2d446a895c9a00a5e5	37cca151c6aa8f7e9fea73d9ed1fd53fd3fb8bba510eb18af3d28a3072e6a377	10a50654777fbf8e	-	Minidregg.Theory.Hyperdocument.RunRecord → Option Minidregg.Theory.Hyperdocument.OperationId
inductive	Minidregg.Theory.Hyperdocument.StablePoint	5a52e1a82d6f5137012e543fd55364e808765e90563a66a37c9f5460e1b915ed	16946b93ac38405660f51e475eb5aa7d25b54f5e5677e0f6a10a4526cc071cbf	66ee70ec78c9680fbda5a6b6d141bbdf300fdc1679d03a4a7c20e0b0e3590a5e	eda90b8849e77611		Type
def	Minidregg.Theory.Hyperdocument.StablePoint.bias	e828c1d756d81775c719914b15f7c4aa7d81c4539402bae907616902e2c965cb	f9f93355bda7856c0130803c32bcabfb856998d0b9cca39bc407fa20d580c5bf	db8f203b84a82cedc885d349e6d6936b72fccbeb309f9a30b5081a371cf866b5	18e32575eabc7f2d	-	Minidregg.Theory.Hyperdocument.StablePoint → Minidregg.Theory.Hyperdocument.AnchorBias
def	Minidregg.Theory.Hyperdocument.StablePoint.death	fc34cf31d48a163523a28c52ae808bee3908f9fe05cce699104a1fbe96a1f25f	bb8d2b8afcea868c5a562fe0e3895357e077b85051f123bcdae3f37a3115d186	abe2a31cfd44f599ec4d961294d5270b2381770536b6fd737680fe6b31d626a7	805611a32d0f79af	-	Minidregg.Theory.Hyperdocument.StablePoint → Minidregg.Theory.Hyperdocument.EndpointDeathPolicy
ctor	Minidregg.Theory.Hyperdocument.StablePoint.mk	5fe7b7226011e49731cadbf8bf81ecce363776845cbc9626781fe8742037f59c	ca2021ac5c71cd8ba1f4e6cd0dc269f0059f87c658251c3a37629158667bc742	33371ec79413935c570358daf850c929106decf3f83a97566e36e8cdd2a77e04	9523ad7cbae505a4		Minidregg.Theory.Hyperdocument.RunId → Option Minidregg.Theory.Hyperdocument.AtomId → Minidregg.Theory.Hyperdocument.AnchorBias → Minidregg.Theory.Hyperdocument.EndpointDeathPolicy → Minidregg.Theory.Hyperdocument.StablePoint
def	Minidregg.Theory.Hyperdocument.StablePoint.neighbor	30d98bf69eb34c7015e3239ca8ac526ec2e3efa8ead7ae31f929096a68f93ab3	594b078fd884d3a89d8e367fab0dee2c7f90cb04263cdb388f9b8560cf35f6c9	2b21c9b07d9546f9dc376581593c54478de0285c17c353bf925efa205cbed4b9	03c545f606e3d3c7	-	Minidregg.Theory.Hyperdocument.StablePoint → Option Minidregg.Theory.Hyperdocument.AtomId
def	Minidregg.Theory.Hyperdocument.StablePoint.run	0387e713f612294462b064296d3e6235a3719b411b640e48682542dae480f167	31a9c53515408c1abf1b7777bb75a3b64d1afa5c692338664a45764b7d817db2	2f56b3d1a642a115affd9a2c688147241469b6f34a346ccd7aa9f39356387c23	85a34037831dbdae	-	Minidregg.Theory.Hyperdocument.StablePoint → Minidregg.Theory.Hyperdocument.RunId
inductive	Minidregg.Theory.Hyperdocument.StableRange	15b3d7dbea3a2b370d99d9c699f81fbd81bb62dc27c7cd0822e9f65d907736ec	16946b93ac38405660f51e475eb5aa7d25b54f5e5677e0f6a10a4526cc071cbf	3978e95c902c88f3daa8ffa778e4fd0d417f83ad1857e52e0ac339a3dfea3bd0	a7aac124e9340b33		Type
def	Minidregg.Theory.Hyperdocument.StableRange.finish	07006aa08694a03414ac43adaa968db50a30b239b68c158f2e0b6aeec82253e6	a76b5afc8e8feee2628b957d0c75986c7b26012857dc583450d2ebfcef89ca80	7eb0b4eee4c5d689e70330e5f38098fad4365b7dfc27a7316e97eec77c0f035f	21d7cd9dd1b6836b	-	Minidregg.Theory.Hyperdocument.StableRange → Minidregg.Theory.Hyperdocument.StablePoint
ctor	Minidregg.Theory.Hyperdocument.StableRange.mk	306913b98dd3d7f0ba03e90dc48efa317655098572e960b8b3014d8b2d9480d2	6b90bedc25c954a2ae207da5b7648f012bbacac5c3950cd08f2e98fb849644ed	e12bcca9e100f05d98f3e004c0285501ad5ab28bb38513a40acd5a3e33791a29	c5ad512aac66a4f5		Minidregg.Theory.Hyperdocument.StablePoint → Minidregg.Theory.Hyperdocument.StablePoint → Minidregg.Theory.Hyperdocument.StableRange
def	Minidregg.Theory.Hyperdocument.StableRange.start	e0d58222765d0def0839f79b21634ee157aed82f6113498c59d3301c5b8297ef	a76b5afc8e8feee2628b957d0c75986c7b26012857dc583450d2ebfcef89ca80	b72a182d718da80ac47b1e37f5675364483ce1fe1ef9ed8fbbb93a886c1a1c97	9ccf6dc60d7187c0	-	Minidregg.Theory.Hyperdocument.StableRange → Minidregg.Theory.Hyperdocument.StablePoint
inductive	Minidregg.Theory.Hyperdocument.StoredOpeningShape	802ab08cc880e8f3fb6a6513800a1ae7f1aef3b23ebe12e685382d5f94f469bd	16946b93ac38405660f51e475eb5aa7d25b54f5e5677e0f6a10a4526cc071cbf	6bd86096318e69bf88bb91a37e4865b223c90519595b968847033e330690a4ff	22a5f14dae5abcc9		Type
def	Minidregg.Theory.Hyperdocument.StoredOpeningShape.ofNat	4a3085e4c5861da97d2dfd9ab1a2c3eee18d842f0b03feef50eac5f473d0f508	9d52b86813f722c462d9fdefaf5dd1e61173f7906bfd6c674a70b9547d460bc4	8adfad40be6147eaff5cc13ec1994ed4b12d9759003a6cbe358fce11ab26ffdd	095b3dbf32d0f1c9	-	ℕ → Minidregg.Theory.Hyperdocument.StoredOpeningShape
theorem	Minidregg.Theory.Hyperdocument.StoredOpeningShape.ofNat_ctorIdx	b2faf705d4b764cf7c588e92944b1240467472cfbe6fa8e4db7669bb429f8717	cc8e31caa83549e8e1fcc906072d08c63ecdef72d0e9592da2a9b7b189578289	40b3608fbc3618965b7ed13f52317673f0160cb18445830d159eeb026dbec0fb	128ae67e082a0e51	-	∀ (x : Minidregg.Theory.Hyperdocument.StoredOpeningShape), Minidregg.Theory.Hyperdocument.StoredOpeningShape.ofNat x.ctorIdx = x
ctor	Minidregg.Theory.Hyperdocument.StoredOpeningShape.range	214e661d8bdd31fdaf56ff81b147189eba3993a0fd20ec2a669e56c6c760359f	970bf60f244e80846b2d81ffd5de4098a8638376176942b53a52e3a6d9ad0ba2	c9258cd27b64e59a90eda0cf0560cf55645d8c0b1717ab4c3c74bb28e00d6c14	4f71f00557a4e6f0		Minidregg.Theory.Hyperdocument.StoredOpeningShape
def	Minidregg.Theory.Hyperdocument.StoredOpeningShape.range.elim	864d5096ff8fe5b62593c79ebd1c57148cbbc42593e46ed0c9b3ec449c6b2928	c6d886479ac9f8a6f2a775b0ae5af0838dd2198387605b502bb938b5fc05a14d	5b3c323e7e7138193684dae6bf44b852218e3c57380b55137ca0e41cd6e14bb4	b5adc7f258ec7840	-	{motive : Minidregg.Theory.Hyperdocument.StoredOpeningShape → Sort u} → (t : Minidregg.Theory.Hyperdocument.StoredOpeningShape) → t.ctorIdx = 1 → motive Minidregg.Theory.Hyperdocument.StoredOpeningShape.range → motive t
ctor	Minidregg.Theory.Hyperdocument.StoredOpeningShape.value	fe36be90d07e9ffe8f6b0587784a26ef3430788e5f6e7329afdd6c76773aa3b7	970bf60f244e80846b2d81ffd5de4098a8638376176942b53a52e3a6d9ad0ba2	0445bbdc0983a176b2a7d02d53c386bacd0a10c3b677da73fadc2bd246af1954	0bcbfd485ecb7b00		Minidregg.Theory.Hyperdocument.StoredOpeningShape
def	Minidregg.Theory.Hyperdocument.StoredOpeningShape.value.elim	d684fdabc08746c7d1143645cdcf30871800da2b06e2bf13e9e9de1f3ed7d126	2fb32aff5a432722d796b4b186f331f42fb8b3bf550403cb4178bdde66cc0e69	767fb027752a67c74f2df44bf1f4393ce25623b95f49e6854765b58d174c4915	8e93cf99559c30db	-	{motive : Minidregg.Theory.Hyperdocument.StoredOpeningShape → Sort u} → (t : Minidregg.Theory.Hyperdocument.StoredOpeningShape) → t.ctorIdx = 0 → motive Minidregg.Theory.Hyperdocument.StoredOpeningShape.value → motive t
inductive	Minidregg.Theory.Hyperdocument.StoredSourceIdentity	c5a3ea792f17a518a345b6410e10f8bcbdbdd311349276970abee206dec430e0	16946b93ac38405660f51e475eb5aa7d25b54f5e5677e0f6a10a4526cc071cbf	e003f71178df9b5860b7c31711b7e8f574768521a9cda336c72738a58ffb4034	50e4f7a243ba9cc4		Type
def	Minidregg.Theory.Hyperdocument.StoredSourceIdentity.historyDomain	81e7872114099243d5ff6073eb91d920516cdde8e730fbd44244bcef9f0680cb	9a01999b51056ff37e5c96f4204c389a2a427aa27b5ee9bac452d7d08b3e4b74	338fb0d803eec320d057efe671d3ccceddb0154ce8fb80e60f46d268c9eff0e1	d4adf358de8b6f92	-	Minidregg.Theory.Hyperdocument.StoredSourceIdentity → Minidregg.Theory.TypedAuthorization.Digest
def	Minidregg.Theory.Hyperdocument.StoredSourceIdentity.historyEntryRoot	fc6d8d6960ea1aeb6034644ddcfb77e947cd103c191e33500ec191d7151214c0	9a01999b51056ff37e5c96f4204c389a2a427aa27b5ee9bac452d7d08b3e4b74	44d98875bf4e9c3070139c9d8ad609a96f46e1300fd69ba6214be284f98e7962	43591556155f3395	-	Minidregg.Theory.Hyperdocument.StoredSourceIdentity → Minidregg.Theory.TypedAuthorization.Digest
ctor	Minidregg.Theory.Hyperdocument.StoredSourceIdentity.mk	cd46bf38f41d61aa613e4a36774f3d5168969f30b7660009022ab3b836ef06ae	5ec97ace3a015c6b69a7f0eb2c2a0b26f76c331a483c9bf5e8bcc2ff7a5c62ba	99eccfed4c9a89e1635cd4f580ef360465580df00f2a62b32658fb9397449e2f	37ab1c3e31a98af1		Minidregg.Theory.TypedAuthorization.Digest → Minidregg.Theory.TypedAuthorization.Digest → Minidregg.Theory.TypedAuthorization.Digest → Minidregg.Theory.TypedAuthorization.Digest → Minidregg.Theory.Hyperdocument.StoredSourceIdentity
def	Minidregg.Theory.Hyperdocument.StoredSourceIdentity.objectRoot	4f4c0528dda27877b7f76615649eb6afd86907c62d7f24ffd57774538e947f78	9a01999b51056ff37e5c96f4204c389a2a427aa27b5ee9bac452d7d08b3e4b74	fc5dc38982fabe402ea6049081232c123e71ae36c52621129d8d7754ae39840a	e8ef851f98d8bde3	-	Minidregg.Theory.Hyperdocument.StoredSourceIdentity → Minidregg.Theory.TypedAuthorization.Digest
def	Minidregg.Theory.Hyperdocument.StoredSourceIdentity.semanticRoot	b257aac48324b4962b5b76de05a6587afc630c306b8e074327c32a19adee2227	9a01999b51056ff37e5c96f4204c389a2a427aa27b5ee9bac452d7d08b3e4b74	cb854538099951f44acf98455263ea3e65f282c0c0ce35e0a02a45a93e7f7ce8	65d41ae01b7e0af3	-	Minidregg.Theory.Hyperdocument.StoredSourceIdentity → Minidregg.Theory.TypedAuthorization.Digest
inductive	Minidregg.Theory.Hyperdocument.StoredTransclusionRef	840df9a2f4a5d720cdb032eafaefe1bcfb5e991b0fcbdd193238caf9961ae7da	16946b93ac38405660f51e475eb5aa7d25b54f5e5677e0f6a10a4526cc071cbf	c73ef28cfc37713b2de48326b9d9cba987782935dcade3b880502bb568cf0fc7	a6e55be33c9384da		Type
def	Minidregg.Theory.Hyperdocument.StoredTransclusionRef.capabilityCeiling	9e0284170853d6fdd3b39f64c36b0d072b9f5ac082fb7b19c779a059f7602cdd	58682e0446b25cddf76d0f39ad7a91eb44c0cc896a02f0b72ae33a1a4f58a378	26a978fcc7c6db0d1d71b9ca7034bd423c516e8d664f4ae69ac89e2e9a46b25f	60479f0540189ff7	Quot.sound,propext	Minidregg.Theory.Hyperdocument.StoredTransclusionRef → Finset Minidregg.Theory.Hyperdocument.DisclosureAtom
def	Minidregg.Theory.Hyperdocument.StoredTransclusionRef.disclosureScope	4bac9ad589730fd4c0c8e4830bb17887d4b2ae747811ebe9a309c4193add5fad	58682e0446b25cddf76d0f39ad7a91eb44c0cc896a02f0b72ae33a1a4f58a378	1449944ffd1322b93e89d63194beb7bad1689273bd086234e74b81c0a924847e	6506e57f418f6c76	Quot.sound,propext	Minidregg.Theory.Hyperdocument.StoredTransclusionRef → Finset Minidregg.Theory.Hyperdocument.DisclosureAtom
ctor	Minidregg.Theory.Hyperdocument.StoredTransclusionRef.mk	30bdaffea2e6762c05f6a874791f6a679d9ba6b2e20392ad55d932bdf818533f	50a9e517a1fbb390dce92334519f71fab05f632049710ed62b25e1a21ff5e1b8	005001119facca0780c23a21a351d75bbc5a85153938d242e44cc99ba13dc2be	ec951edb2f3d02e2		Minidregg.Theory.TypedAuthorization.Digest → Minidregg.Theory.Hyperdocument.StoredSourceIdentity → Minidregg.Theory.Hyperdocument.OpeningDescriptor → Minidregg.Theory.Hyperdocument.TransclusionMode → Finset Minidregg.Theory.Hyperdocument.DisclosureAtom → Finset Minidregg.Theory.Hyperdocument.DisclosureAtom → Minidregg.Theory.Hyperdocument.StoredTransclusionRef
def	Minidregg.Theory.Hyperdocument.StoredTransclusionRef.mode	2553b138b0cf3fd47204767f97508656ff8318af27a3e6ac56236a9bbf2a56c8	a2a3162da870399f580b7be95c99f879285d54a0d918f876af1e7d7b03fb151c	c09408f43496f0bd27a7aa179877c909e4038e16cf0e19c9071d1bc38d34843b	319184e54f05fc48	Quot.sound,propext	Minidregg.Theory.Hyperdocument.StoredTransclusionRef → Minidregg.Theory.Hyperdocument.TransclusionMode
def	Minidregg.Theory.Hyperdocument.StoredTransclusionRef.opening	d5517c56e657120d682162dace10c6f04a30d739882098cbe6abe3370f60a183	60d169db9d0dd5525ebd53c9cda6f4c34f953be82586ca192afe606b91bfb483	f03e3001fe3e0ef9579b112543adc3b1c426c465dbf0d3714cadb50f771312c1	8f914d54139c36e9	Quot.sound,propext	Minidregg.Theory.Hyperdocument.StoredTransclusionRef → Minidregg.Theory.Hyperdocument.OpeningDescriptor
def	Minidregg.Theory.Hyperdocument.StoredTransclusionRef.referenceRoot	6cf0e723eaa703c06cf778e34764b919a3c7455527e3d24a257066fe0daf5a45	2436b80e8c4e5997858882587f4400ca5de775b134501b311b8adce92ec21dc6	0c972d4fa909eac7ef69854afbebc758590ec2421ee0f36c04007b6284811d7b	5aa6b7e3be3bd0d9	Quot.sound,propext	Minidregg.Theory.Hyperdocument.StoredTransclusionRef → Minidregg.Theory.TypedAuthorization.Digest
def	Minidregg.Theory.Hyperdocument.StoredTransclusionRef.source	a023739e38921fc5b5b2b8daacda11d36207d08df2097ae618e9fd7c58303962	6b86cb381843cfeda06e91bbee367139023ac1c8c9fe08e3a6525852c758011c	d6a6ff412d35c1fbfa02470b4d043dc65e6e13f1494c8397583ae80ed1f75746	f76b1031fc3ba6df	Quot.sound,propext	Minidregg.Theory.Hyperdocument.StoredTransclusionRef → Minidregg.Theory.Hyperdocument.StoredSourceIdentity
inductive	Minidregg.Theory.Hyperdocument.StoredVersionEvent	869bf8e3a018d0b43c302b668977860024099d4b9b7acd39f3f13285e6a45628	61dbb644291e20692ff944a4fd15d55328813ade2f8983a3d058886f9d934801	9180faf31e0edc688bceda35b5ae8d911a5ed04fa05edef77b1cc732cf098c0f	90a2d3e46220e2f1		Minidregg.Theory.CausalVersionDag.ContentAddressing → Type
def	Minidregg.Theory.Hyperdocument.StoredVersionEvent.derive	9495fa02749b6d9d6760c4c0d4edee776f11bccc80611ebce57bb3f7ef648855	a79aabf358dc686c9bd34ce32c26d6ce22d38659ca2c53aa5bd54562ee2d248a	d285bf8b75ce6b81a59290e759bcf295aa68f9cbc31556f84c8208b8b25bbef8	4caed02f4c274efc	-	(eventCodec : Minidregg.Theory.IndexedProgram.LawfulCodec Minidregg.Theory.CausalVersionDag.EventPreimage) → (derivation : Minidregg.Theory.Hyperdocument.DigestDerivation) → (record : Minidregg.Theory.Hyperdocument.VersionEventRecord) → record.CausallyWellFormed → Minidregg.Theory.Hyperdocument.StoredVersionEvent (Minidregg.Theory.Hyperdocument.causalVersionAddressing eventCodec derivation)
def	Minidregg.Theory.Hyperdocument.StoredVersionEvent.key	94c31be7a9f18552ebd60c3084aa54374db0b260f10ed38cff873163940cb558	c8f55be59cd24d61f48ff6526721252d567c0409ac22c5c44aca0bc3f67914f2	41517573082c9cf2ff50a42e1af7b268f15ad55fc6edaf82e0ffb834f7fca37a	88931bb5687e6c0c	-	{scheme : Minidregg.Theory.CausalVersionDag.ContentAddressing} → Minidregg.Theory.Hyperdocument.StoredVersionEvent scheme → Minidregg.Theory.Hyperdocument.VersionEventId
theorem	Minidregg.Theory.Hyperdocument.StoredVersionEvent.keyExact	1e9c6f713bf738eff569c1fbd6ae41408891160efed26df7127f005d9a9ad3f1	ada97f64efdea0873a83b203576c5029ea16f5bc801dfa9b8cf44729ab22b98c	dfbfb3aa5ddba9f4cafdc850c13662c625976bf37ce7ef08faebb95f46b49c3d	e5182cc7e4b5224b	-	∀ {scheme : Minidregg.Theory.CausalVersionDag.ContentAddressing} (self : Minidregg.Theory.Hyperdocument.StoredVersionEvent scheme), self.key.digest = scheme.address self.record.toCausalPreimage
ctor	Minidregg.Theory.Hyperdocument.StoredVersionEvent.mk	dc8130a783d524de049fe74a62a6ee6c01a1b26617b4a2f958d66734bc7f53aa	c5bb979c31154f40675a5c8eacf77a89e968c29255dffbe94cac1215aa793c3d	555091502c618d8c6a40c5af27005a95c2f26af054a4253544cbdb074f2e16cf	661c9adb795b45f1		{scheme : Minidregg.Theory.CausalVersionDag.ContentAddressing} → (key : Minidregg.Theory.Hyperdocument.VersionEventId) → (record : Minidregg.Theory.Hyperdocument.VersionEventRecord) → record.CausallyWellFormed → key.digest = scheme.address record.toCausalPreimage → Minidregg.Theory.Hyperdocument.StoredVersionEvent scheme
def	Minidregg.Theory.Hyperdocument.StoredVersionEvent.record	c5bdd40975ca2c02d81a96dba993602247eb8c61ad3ae0409a7471ade8b2390a	c73b3601de5218e96f22daaad4944e1bdf720e61b617216afda227a1851effd6	c5b6f690513bfd054d76dc4b15e598ad950190b559218b10401ff4b0c53c1b14	18331994135c6573	-	{scheme : Minidregg.Theory.CausalVersionDag.ContentAddressing} → Minidregg.Theory.Hyperdocument.StoredVersionEvent scheme → Minidregg.Theory.Hyperdocument.VersionEventRecord
theorem	Minidregg.Theory.Hyperdocument.StoredVersionEvent.record_eq_of_key_eq	9720c0085a287f2852d4fd35b8e6da56af1df1b0c15198a9b54cf35ed141cbee	68ef92a2cad7a79c57c7d91fba6b541fade806adc10e1e06e891e77ce76c3788	6828d3cf6acd0fd81a5660ead027a0460af2936b885272f574823d8f91772c34	de6882c58bd6a131	Classical.choice,Quot.sound,propext	∀ {scheme : Minidregg.Theory.CausalVersionDag.ContentAddressing}, scheme.BindingPremise → ∀ {left right : Minidregg.Theory.Hyperdocument.StoredVersionEvent scheme}, left.key = right.key → left.record = right.record
def	Minidregg.Theory.Hyperdocument.StoredVersionEvent.toAddressedEvent	9a073c0966b254dc7c5f1e5d4a47a2a7c4c78b91300f58df6e689f7efcf8d76b	68ee6842de8c964750c9d5511c5984985c2b9f773ef5ba0f64d26e79371d7c18	a89c1b9ea22ee1c279879d8bc7cdc46aab2063bde7f75b3dfcbaa8ff6b236f8d	281bcc5d369c212e	-	{scheme : Minidregg.Theory.CausalVersionDag.ContentAddressing} → Minidregg.Theory.Hyperdocument.StoredVersionEvent scheme → Minidregg.Theory.CausalVersionDag.AddressedEvent scheme
theorem	Minidregg.Theory.Hyperdocument.StoredVersionEvent.toAddressedEvent_entryId	239dedee2321cbc6aa7cd14c4043a101357dee939128c2f1e31f01facbe6b1b7	b3ec025d52ffba73cf0f4480923f4e199d104cf0b2640e9491f062baf3303831	ecc97e24fe06ad72ffcfb3b10a3c147884075ba00e0c1ec0302f93fc26282af0	31041855606a4a75	-	∀ {scheme : Minidregg.Theory.CausalVersionDag.ContentAddressing} (stored : Minidregg.Theory.Hyperdocument.StoredVersionEvent scheme), stored.toAddressedEvent.entryId = stored.key.digest
theorem	Minidregg.Theory.Hyperdocument.StoredVersionEvent.toAddressedEvent_preimage	82286b91bfc944f8d2a5d947bcb05c82855fb22c8c7da5594fe92479da8686ba	70f9cd195e2091485faa9435ad230f9e05e6d1801f4380932268a44cdd58c603	f440bf31fd4d5e5cbff02b7f9b12f5945ee55e2e08c6b207aaaf35100c2bde1b	0ddc76b64a592407	-	∀ {scheme : Minidregg.Theory.CausalVersionDag.ContentAddressing} (stored : Minidregg.Theory.Hyperdocument.StoredVersionEvent scheme), stored.toAddressedEvent.preimage = stored.record.toCausalPreimage
def	Minidregg.Theory.Hyperdocument.StoredVersionEvent.toVerifiedEvent	d8c3e58fe4e76d81c50fad82f08505ff1a780df5549db8515c0ae15e3ca0c21c	d099abbe86eab3d0069a7f2e1a963c68e08e1bfcae8d2e51bd37e90250f92149	0a840c431090bb7f880131bee9b0418ae9268a62f34ae87c5b7194c1e7f1ef4c	275b03074fe7b483	-	{State : Type u} → {scheme : Minidregg.Theory.CausalVersionDag.ContentAddressing} → {family : Minidregg.Theory.CausalVersionDag.SemanticFamily State} → (stored : Minidregg.Theory.Hyperdocument.StoredVersionEvent scheme) → family.Evidence stored.record.toCausalPreimage → Minidregg.Theory.CausalVersionDag.VerifiedEvent scheme family
theorem	Minidregg.Theory.Hyperdocument.StoredVersionEvent.wellFormed	355881dbc829bbf63dcc402d5d6f555d66d451e43a62db1d6646d7f9f52f55ea	3072cceb2ef1a2f70ed1791b32fec80c2a6c1339d0956349f901a352300192b1	ca48235f59b9bbcd35fea2d4449bca38720b39d693f6433963203f14d0145ab9	44265f6964dde3ee	-	∀ {scheme : Minidregg.Theory.CausalVersionDag.ContentAddressing} (self : Minidregg.Theory.Hyperdocument.StoredVersionEvent scheme), self.record.CausallyWellFormed
def	Minidregg.Theory.Hyperdocument.TransclusionId	e87375aa67a25d3adffaa47bae07b44a4155d7ef3f01f8146e92ffa2cae3053e	89855d392aa192071e8a2b2230d30ecae8fc9de0c15fa6a53f6209226829292a	9bdde3ec9f2740141089ecfadc843f21817ca24a32f28aec4a0aea02cf3cbcb1	a03ae7dcfbf52f6e	-	Type
inductive	Minidregg.Theory.Hyperdocument.TransclusionMode	7fed0ec92b9b20ef73f4deb47429c0ea011e9b84eb9d011a62840dcdd38e9234	16946b93ac38405660f51e475eb5aa7d25b54f5e5677e0f6a10a4526cc071cbf	b35829862fb28da7df8dff7fda656ea2e7cc28a901d7b95863b7ffccb6ae6649	860c58b49424dba1		Type
ctor	Minidregg.Theory.Hyperdocument.TransclusionMode.live	ed8a72654b740d57af01d232a5df0b06de9703545a8511b223092ec4dc43575d	19d5987eb56e598c8c22d01dd3277b3c473dd085481d7e262d0b68e50adb9f9c	c30466209c7b5f59e72ae28eab332a37742575c293d7a69c45deddd2652c7850	d42704fd8f704a45		Minidregg.Theory.Hyperdocument.TransclusionMode
def	Minidregg.Theory.Hyperdocument.TransclusionMode.live.elim	78681ba8d452973b3dcbc87181c108c6071eeed015c9314df9369453d692557a	8ffe48bdc007d886a8ee504f78ae90af58478c7b13ee9d8e9d255baa096fc91a	7c2d28fc1da879386067e6d03693eb5ca5fbe34408c94b000a0f9ae1480e447c	6693f992a8236c8b	-	{motive : Minidregg.Theory.Hyperdocument.TransclusionMode → Sort u} → (t : Minidregg.Theory.Hyperdocument.TransclusionMode) → t.ctorIdx = 1 → motive Minidregg.Theory.Hyperdocument.TransclusionMode.live → motive t
def	Minidregg.Theory.Hyperdocument.TransclusionMode.ofNat	a3d44b317d435d95f9cc142fd17d7f3243ca75c2945ac774f6872599af2e25de	e5d5e4ed1ed74d044164cd9d4145de14b68bc3fff9008380474622cfecb130bd	1d6124fde21a96008fa08f5f5b8c7730c0419146b3d0490deba79dcf35b97493	7ccf608fbbc3a320	-	ℕ → Minidregg.Theory.Hyperdocument.TransclusionMode
theorem	Minidregg.Theory.Hyperdocument.TransclusionMode.ofNat_ctorIdx	23346c8a9efc9c1c48e3af9ced4b8761b45a2ccd023fd88955032945de2a756e	2c1a114e3559e2b19ccd111120e7605fa086d37f4c8f2a01122e70d33956990c	5140728e33524054e252f9a61569d9e88c94e1d8bcd6de447d07a8813370a292	25b1967b5e174688	-	∀ (x : Minidregg.Theory.Hyperdocument.TransclusionMode), Minidregg.Theory.Hyperdocument.TransclusionMode.ofNat x.ctorIdx = x
ctor	Minidregg.Theory.Hyperdocument.TransclusionMode.snapshot	e4a6ecdd6e503a4276ba90b399e65256bbb2c2d6ab6811e180afee5b279a37e3	19d5987eb56e598c8c22d01dd3277b3c473dd085481d7e262d0b68e50adb9f9c	edc36c5c9f6025ca1035433bdf075159eafc115a1fdb4f7afd3270fb16093e89	542ba16db893d11a		Minidregg.Theory.Hyperdocument.TransclusionMode
def	Minidregg.Theory.Hyperdocument.TransclusionMode.snapshot.elim	ff42718a92a3d6cf36fcd5a38494034f2ed7cfe09cf616d6cf97fde1e5790006	fc2935522d01c095a2ed028a6d952aa8b83191cf9ccaccc43eccab8d0f3aeca8	7969fb960fac901c999aa2890252f6f1125cead396d86f193f968b8e331f0483	37074a07900a3ded	-	{motive : Minidregg.Theory.Hyperdocument.TransclusionMode → Sort u} → (t : Minidregg.Theory.Hyperdocument.TransclusionMode) → t.ctorIdx = 0 → motive Minidregg.Theory.Hyperdocument.TransclusionMode.snapshot → motive t
inductive	Minidregg.Theory.Hyperdocument.TransclusionRecord	57fc404f77ea79e47c0704bddb028b4dad37598594707b4a7127e8e92b82176c	16946b93ac38405660f51e475eb5aa7d25b54f5e5677e0f6a10a4526cc071cbf	290064fc6db13a2d757405a246c4d14cf3a3d802e1bc0d9fa5d959250bbc569b	e5f79b6c5b9fa7be		Type
def	Minidregg.Theory.Hyperdocument.TransclusionRecord.author	6310a12c8d687d706f903123cfdc48a9bf240503936b14eae361c6e5f63368d0	63b8a005b038d19d9e84fb099f75eab4d671accf8d88e665a3cbc3114ed44786	20a8a88edc2c933a251a4668e7abe95e693d5003a8d1eae521e884c58e618360	8d3c76e9c4eabb68	Quot.sound,propext	Minidregg.Theory.Hyperdocument.TransclusionRecord → Minidregg.Theory.Hyperdocument.PrincipalRef
def	Minidregg.Theory.Hyperdocument.TransclusionRecord.disclosurePolicy	0bbc6fec5b059392b4727f4761bc0d2fdad6455ba5c0cd993f76d4f049334c2c	e7ed56a499e3fffab61bf67805c1f36f045a283fb417309666ef54089269d866	b39bb4d2355d22c081d88a5941200159d39178a8298a87007ca73d1cacc40fb1	4a034465e7c279a8	Quot.sound,propext	Minidregg.Theory.Hyperdocument.TransclusionRecord → Minidregg.Theory.TypedAuthorization.Digest
def	Minidregg.Theory.Hyperdocument.TransclusionRecord.hostDocument	970ce6b4c27decd9f4f7813807217f200915ddac86283ae0fa3938e3696bdcdf	5b2f43e18c19d6d30863925835d4c2fa5eb13dc8d9f93f7fc5cd2033d7a922f0	237af19dfc881a17e66f84cfaa35f9285cfceea0e2e47db0b909461f91932050	7a305100568350db	Quot.sound,propext	Minidregg.Theory.Hyperdocument.TransclusionRecord → Minidregg.Theory.Hyperdocument.DocumentId
ctor	Minidregg.Theory.Hyperdocument.TransclusionRecord.mk	20b1f2a83f215d5c5d238f8cf3ece5c84099e9f339fdf723970e3c8b610fe8cf	1764ef95c46bf92a8e38f76fe3912a2672b0cce235c25f2add4a6490cd32135e	e8783b8912bb9a409942aa404b2a2e099819ad350bf0d82f2a66b648e7dedb75	aec3a72f966423b1		Minidregg.Theory.Hyperdocument.DocumentId → Minidregg.Theory.Hyperdocument.StoredTransclusionRef → Minidregg.Theory.Hyperdocument.PrincipalRef → Minidregg.Theory.Hyperdocument.OperationId → Minidregg.Theory.TypedAuthorization.Digest → Option Minidregg.Theory.Hyperdocument.OperationId → Minidregg.Theory.Hyperdocument.TransclusionRecord
def	Minidregg.Theory.Hyperdocument.TransclusionRecord.operation	9703e171f1656ca7387b77318cb5b398f2d02ab233836fa28f9fe176c37d009c	c662a0860a849b095bdb9f88c6142ca3c9cc42369f19c64efa22e21f017504f7	272df29b28fb6bee088aa8ee9a38a56b98c5e028cb675d7a9961544b4f780a8f	1dca2af7b83f6b4b	Quot.sound,propext	Minidregg.Theory.Hyperdocument.TransclusionRecord → Minidregg.Theory.Hyperdocument.OperationId
def	Minidregg.Theory.Hyperdocument.TransclusionRecord.reference	12249adcdec471c4a940eaea3340db6a5a9ea5d4522994422e13d38bc56a617e	bf3ce118d8ea0ac338912069fe9d42336096c339f485a151992198522dd21a79	b22a7f175bfdeb9de516e856c6f2710ab57dc83e2faa7987901e644b0e2243f3	62e42ee6695d9e3b	Quot.sound,propext	Minidregg.Theory.Hyperdocument.TransclusionRecord → Minidregg.Theory.Hyperdocument.StoredTransclusionRef
def	Minidregg.Theory.Hyperdocument.TransclusionRecord.tombstonedAt	73b6ed67434e0b616d893cbb7fdc7dd2d057442d6a54deb84184f841ea4a940f	9b8fe27ce6d1ec9c2c11ac214ecb9f657b8a31a3450bdc263516173347f229c5	3e08616c386f23e07d3d0accb2c4d1dcda7f6344547be3a0c5c2a4115d687e19	eba001596b246a8d	Quot.sound,propext	Minidregg.Theory.Hyperdocument.TransclusionRecord → Option Minidregg.Theory.Hyperdocument.OperationId
def	Minidregg.Theory.Hyperdocument.Value	ef2f18f72b0a846ee891895dda973c5e8abb3937e14120b20a16874129a30347	16456775d4ea0d8d3b514cf61e8eb7c452df8c13abf6aa7ce85387fafc1442f9	26db3fa6b43c7dbafaf84f62a46b9cca47082778d5cd5d506d21d7bb838f64d5	f2d15feeb0903acf	Quot.sound,propext	Minidregg.Theory.Hyperdocument.Namespace → Type
def	Minidregg.Theory.Hyperdocument.VersionEventId	321f643d4a23c41e9f313985acd6aba618c0263e8387df8e26e18238b37641c4	89855d392aa192071e8a2b2230d30ecae8fc9de0c15fa6a53f6209226829292a	ee0f3455ddb7b51a0b9610d679e6af221d2d020bab2e65bf6d4bcfd82d887ef3	94247a052ff636f0	-	Type
inductive	Minidregg.Theory.Hyperdocument.VersionEventRecord	7eccd14dce8504b0f72d047854e72f34745ed2fba4e1acdaf4f37e64e271faa8	16946b93ac38405660f51e475eb5aa7d25b54f5e5677e0f6a10a4526cc071cbf	6dc7ebb5bf42ce160b136bc1033d22fe92361e5bab1b948f74be9e8edf513a89	9bad381c3ead248d		Type
def	Minidregg.Theory.Hyperdocument.VersionEventRecord.CausallyWellFormed	f9920549883dd0ea1b3d73fd8b898905bbca55eda3a26da2370cabb274d72fc4	4bbcc6868b8f23375c39e6e017883d249cd64c5b3ab7b2316677322dc288b423	359a06caedfc01434dbe154c2c0f0d7c684f39c6894a935316d0330168fa1c0a	f486be300d173c56	-	Minidregg.Theory.Hyperdocument.VersionEventRecord → Prop := fun event => event.toCausalPreimage.WellFormed
def	Minidregg.Theory.Hyperdocument.VersionEventRecord.author	7a4304f85e0832a2f6058af877b8fde55098e6e2955763f87214cc9b05a99b98	5d880aa7784f14f0936702f211a8c3844b31d084b38b0d938973db529182ac2f	706d647b8d9947d53c458f617f5c3e3b36c692c156a1aa35ac8bfd5002938569	e707b96d2befd614	-	Minidregg.Theory.Hyperdocument.VersionEventRecord → Minidregg.Theory.Hyperdocument.PrincipalRef
def	Minidregg.Theory.Hyperdocument.VersionEventRecord.document	a71efd599ef81f5434075e844d1a56e0ea133b5460518fdd3b7d61a0f931fea7	ef27267eb077a7b56f4960b1b66d6d0ac6f6b4e58cf65fd86cafa0e5af904267	2900ba180f76765bd7ac41c692fc1cd573c29262f829373ebf7aeecffec9b931	55574d58857e905d	-	Minidregg.Theory.Hyperdocument.VersionEventRecord → Minidregg.Theory.Hyperdocument.DocumentId
def	Minidregg.Theory.Hyperdocument.VersionEventRecord.effectId	8043a77a8b3390d8dd765070dbce80bb799c171cc8fcb93f7284c11bbd33e6d2	baf888132fee48a0fa70de0d90f6302f18a7acf5c6c7e92c0ff5fcdb8f029237	08ad7028bc5ac9cd83b1adb8ceec25388e732b3fd2fae491ef8be74650ec5f81	d1d4f0938cba97c8	-	Minidregg.Theory.Hyperdocument.VersionEventRecord → Minidregg.Theory.TypedAuthorization.Digest
def	Minidregg.Theory.Hyperdocument.VersionEventRecord.historyDomain	a3fa5fa2385f0af7fc6b30125a489ce7a86343f5eceb301b02bb8a32efbdff9e	baf888132fee48a0fa70de0d90f6302f18a7acf5c6c7e92c0ff5fcdb8f029237	08c6a5aafccf8d24741ed093337346ee68e751da7d6223cbb98a65e29fa91483	079734ed94af1d6a	-	Minidregg.Theory.Hyperdocument.VersionEventRecord → Minidregg.Theory.TypedAuthorization.Digest
ctor	Minidregg.Theory.Hyperdocument.VersionEventRecord.mk	896812dd58b49cf41409ece07ea2c114f32c90571ccef7b0f182b5720a9f5b3d	b0bd2ff5768233fa210f1e68015ae4089f99e0ed4c0bc83ba619f3e7e7e80653	d0aad932a10018f805d524f81cd36e9c6ccd4e06275bb61323bb6f2245fbaa6a	5d81808a6c6d5964		Minidregg.Theory.TypedAuthorization.Digest → Minidregg.Theory.Hyperdocument.DocumentId → Minidregg.Theory.CausalVersionDag.SchemaRef → ℕ → Minidregg.Theory.Hyperdocument.OperationId → List Minidregg.Theory.Hyperdocument.VersionEventId → Minidregg.Theory.TypedAuthorization.Digest → Minidregg.Theory.TypedAuthorization.Digest → Minidregg.Theory.TypedAuthorization.Digest → Minidregg.Theory.TypedAuthorization.Digest → Minidregg.Theory.Hyperdocument.PrincipalRef → Minidregg.Theory.Hyperdocument.VersionEventRecord
def	Minidregg.Theory.Hyperdocument.VersionEventRecord.ofCausalPreimage	4bec4fea69590192d3f4a9fed4af8ffd0c0501b0c2eb30846ba2bee9e787912c	f475649bd561653468b026347171bee1a0c8bdf7a6f9d0006fea2af949a4ce41	6355f6bae159bd4758fd6018ec6700638d71f9570c987adc6cbc5873d7034dd3	4a3076979b338daf	-	Minidregg.Theory.Hyperdocument.PrincipalRef → Minidregg.Theory.CausalVersionDag.EventPreimage → Minidregg.Theory.Hyperdocument.VersionEventRecord
theorem	Minidregg.Theory.Hyperdocument.VersionEventRecord.ofCausalPreimage_toCausalPreimage	c5c2573466821fadf04c01ff0677343809310ed1446cfcd31cdda748a6b563fb	5297290a514b6563df69a482b798a929df4bb567080169502190cc08ce37fab4	9b7607baa3cceac42fa207dabe51c158dd2721e15f5d64b5e8ab363c750595b8	81af2233911eada2	Quot.sound,propext	∀ (event : Minidregg.Theory.Hyperdocument.VersionEventRecord), Minidregg.Theory.Hyperdocument.VersionEventRecord.ofCausalPreimage event.author event.toCausalPreimage = event
def	Minidregg.Theory.Hyperdocument.VersionEventRecord.operation	bfb4f7f85e37928f3cf495c7507c097bb9bb89e0a9b106863c88899da184a9a1	9ad060001bc9033a30fd89953f63f7b5b03d6a74534534d0b109abf38bb1c5c9	d622d249d1088459cf2f40168ace9bd4528291716a8e5d8d5a1af8e7414625f4	c6b9db1063464646	-	Minidregg.Theory.Hyperdocument.VersionEventRecord → Minidregg.Theory.Hyperdocument.OperationId
def	Minidregg.Theory.Hyperdocument.VersionEventRecord.parents	c24f79596b1b0ad9cfeeffcd34ded79f592d4f224fc38582f0a24b7860ee45ea	8b1d902dd2cb9a9103791d9d91f84ae4173a916b40bc425c2e02b1c4b086e27b	8ed009a41563dca9623dd6972ae06648e05d4a822c008dd062a7e966d7a58f7c	f78dec2e9c16dada	-	Minidregg.Theory.Hyperdocument.VersionEventRecord → List Minidregg.Theory.Hyperdocument.VersionEventId
def	Minidregg.Theory.Hyperdocument.VersionEventRecord.postStateRoot	82ec49379277242202dd88f15d143e3c99641a892c066ac5302e9b0ff58776f8	baf888132fee48a0fa70de0d90f6302f18a7acf5c6c7e92c0ff5fcdb8f029237	d56c1562b6a6ab2f4570dd42ca1334529bb99cb2a3ca1a4cc99cc815af828695	46c5fcd7e2481421	-	Minidregg.Theory.Hyperdocument.VersionEventRecord → Minidregg.Theory.TypedAuthorization.Digest
def	Minidregg.Theory.Hyperdocument.VersionEventRecord.preStateRoot	363af3645905fefa2c5fbc46a7e380e2abc4911cea4069ba2303dd4c471b00d7	baf888132fee48a0fa70de0d90f6302f18a7acf5c6c7e92c0ff5fcdb8f029237	4b232303302d79c3ed2ed75322e7e678afb2252bb7506cf71daafabff3f4c28e	9e9e4a498eef0a80	-	Minidregg.Theory.Hyperdocument.VersionEventRecord → Minidregg.Theory.TypedAuthorization.Digest
def	Minidregg.Theory.Hyperdocument.VersionEventRecord.requestId	1ab30d66036f1757321fc6bae764772f5246aa2e60a938852811a24212872bb4	baf888132fee48a0fa70de0d90f6302f18a7acf5c6c7e92c0ff5fcdb8f029237	373347bc6e05799268d07800e685759199fe287eb13f184e820aa3b48d6fe522	345b5fc3dea3c9c4	-	Minidregg.Theory.Hyperdocument.VersionEventRecord → Minidregg.Theory.TypedAuthorization.Digest
def	Minidregg.Theory.Hyperdocument.VersionEventRecord.schema	2e81e85fba3f5f8d869604149d8cf5cfb76add00c8df0c6787fccb5b256e88fa	5ddbd4a00e53bd78f5a78fb4ee0d084f53f12a408778f8510731b193c419a2a2	0cb0fa17dd1b85a01669e0583850c91d96d63c901216b84141719bc1346b58d2	024847607720ba39	-	Minidregg.Theory.Hyperdocument.VersionEventRecord → Minidregg.Theory.CausalVersionDag.SchemaRef
def	Minidregg.Theory.Hyperdocument.VersionEventRecord.semanticVersion	d4440e97324f1c862d4b376f6855153811ae5e344ed4ad396e6e8c6c3c37e763	7549798ee5ebe806a367680cd1136d6f7a37f30aed006251a2c245829f14ab5e	aef9417da44f57ff2ddbc480941336b7250becad85f02ad53563ea1383e81479	193f8c2df30441e8	-	Minidregg.Theory.Hyperdocument.VersionEventRecord → ℕ
def	Minidregg.Theory.Hyperdocument.VersionEventRecord.toCausalPreimage	eafdeb0c4754779cf7567ebfab965ca9428a2421282645b3aa352611425fada3	5611b46e14d246998ac66ca2934b4da3142af44e2760c8ac227de254257ae1bb	d7d8157ed5c6d853550679f62eaf605b71f606b76088ff4efd7740f1edcbb0c1	59183ecbef8646b4	-	Minidregg.Theory.Hyperdocument.VersionEventRecord → Minidregg.Theory.CausalVersionDag.EventPreimage
theorem	Minidregg.Theory.Hyperdocument.VersionEventRecord.toCausalPreimage_injective	1bb1549808794f3faee46b0fe601bb74b8b707d8994b901e9abd046be03f87a0	279f5a68543b537b4cb6c799bdfadfbbf311da63b2dc5168edec9d36f3171c37	5c15e7536aa656a729912da6444cee9c4d1c736655be13384d4a9c9e73302df6	662d25523d317886	Classical.choice,Quot.sound,propext	Function.Injective Minidregg.Theory.Hyperdocument.VersionEventRecord.toCausalPreimage
theorem	Minidregg.Theory.Hyperdocument.VersionEventRecord.toCausalPreimage_ofCausalPreimage	5463fe853f45fcec11dec990a96e2eeaaffbc90798ddfa438547ad8313690d31	663ee388d9bc1c7bfb5296741c7ce2e3929caa9bff8de2dd904f45c62a9c55dd	9070999197549c2b272766d7f4a0c3cb6bde8d77765d7cecb34a29051935056a	e66a8839a5aa876a	Quot.sound,propext	∀ (author : Minidregg.Theory.Hyperdocument.PrincipalRef) (event : Minidregg.Theory.CausalVersionDag.EventPreimage), event.authorId = author.authorId → event.principalId = author.principalId → (Minidregg.Theory.Hyperdocument.VersionEventRecord.ofCausalPreimage author event).toCausalPreimage = event
theorem	Minidregg.Theory.Hyperdocument.address_namespace_eq_of_eq	fabca8247bd2ce0d643f92ffa50690a05abf332bc8431c82d1f38caf4ab26205	4da40439d06fe5bf5eec7f52f3e5f46d85af0f468e66f75cfbd7cfc185353223	1a49e5caa38abbad4813e55530549702898b61d9fdfcca1c89398831d9364a0b	d6b31e52e825ee68	Classical.choice,Quot.sound,propext	∀ {leftSpace rightSpace : Minidregg.Theory.Hyperdocument.Namespace} (leftKey : Minidregg.Theory.Hyperdocument.Key leftSpace) (rightKey : Minidregg.Theory.Hyperdocument.Key rightSpace), ⟨leftSpace, leftKey⟩ = ⟨rightSpace, rightKey⟩ → leftSpace = rightSpace
theorem	Minidregg.Theory.Hyperdocument.addresses_disjoint	85e6cd58f23ba6c8b21e4af9fafb55f18d2fbc98d663dc04ca2e0655e0bf4ddf	47e4a663958e31747b5121fab8536a5ec4126a94f20a2cb09aaec3644addba3c	29a785b87f34e4f147a04c041255cb0265c6cead579fb614c4098b601de26d17	00c6f06f0310ca9e	Classical.choice,Quot.sound,propext	∀ {leftSpace rightSpace : Minidregg.Theory.Hyperdocument.Namespace}, (leftSpace = rightSpace → False) → ∀ (leftKey : Minidregg.Theory.Hyperdocument.Key leftSpace) (rightKey : Minidregg.Theory.Hyperdocument.Key rightSpace), ⟨leftSpace, leftKey⟩ = ⟨rightSpace, rightKey⟩ → False
def	Minidregg.Theory.Hyperdocument.causalVersionAddressing	be3af837b59fb7a823e16e0eb5fd83b8ed4d531c40287090e81152118dd947c9	cfbd78056ac7ccb4073b0bd2c95a5c9f43ad0378026c5f86145469b618483208	8b8d91918e879c0bbd13d7cbbf04a86173ed59f4b3675d2beb8b87e6d17df4f5	4f51de66123cc84b	-	Minidregg.Theory.IndexedProgram.LawfulCodec Minidregg.Theory.CausalVersionDag.EventPreimage → Minidregg.Theory.Hyperdocument.DigestDerivation → Minidregg.Theory.CausalVersionDag.ContentAddressing
def	Minidregg.Theory.Hyperdocument.decodePreimage	5431f8c48e07c6c796bf4991955dc8b9ff95eea47d30ca62c4ee3f154aba396f	9dfafa60f02b2fe76cd6988a6586c2300278d6a7c516ec971d03a8581702693c	7f9995b0e29b4eae773f6764ff2b15cc0d8e3fe0c18e5ddbf3ba3348096cb70d	444db1ddf5f57a86	propext	(version : Minidregg.Theory.Hyperdocument.CodecVersion) → (domain : Minidregg.Theory.Hyperdocument.IdDomain) → List UInt8 → Option (Minidregg.Theory.Hyperdocument.IdPreimage version domain)
theorem	Minidregg.Theory.Hyperdocument.decodePreimage_encodePreimage	6f8eeeef26e3f90096b553075bc6943b6443c6eb4ba2b6e4ff26cd51130f0302	38f4a618ce919db07f7a2b2259b95dfc8b51d8cf5a6dba39ae0b37899b6ec0a4	6df1ce10b7647c263731defcbdfffce0ee4e3a836fd502d243624a14d8524755	3c8198f8d1a476e4	propext	∀ {version : Minidregg.Theory.Hyperdocument.CodecVersion} {domain : Minidregg.Theory.Hyperdocument.IdDomain} (preimage : Minidregg.Theory.Hyperdocument.IdPreimage version domain), Minidregg.Theory.Hyperdocument.decodePreimage version domain (Minidregg.Theory.Hyperdocument.encodePreimage preimage) = Option.some preimage
def	Minidregg.Theory.Hyperdocument.deriveIdentifier	5e968254ef19f819642d4ffe4d55286455a994fe4adcec0b82cd6c61f9fec7bb	9a9e09854f14cd101665cbf09b618da6dc4d47d98ea541c65bd455c734c832f1	c0e27d95690797bace19884f9b812413a63a5f39c918a65c0ae59f1f69984007	4d8882008d7156e0	-	Minidregg.Theory.Hyperdocument.DigestDerivation → {version : Minidregg.Theory.Hyperdocument.CodecVersion} → {domain : Minidregg.Theory.Hyperdocument.IdDomain} → Minidregg.Theory.Hyperdocument.IdPreimage version domain → Minidregg.Theory.Hyperdocument.Identifier version domain
def	Minidregg.Theory.Hyperdocument.deriveVersionEventId	deb8fda53e9ee129ff5a719f4c632f628f41d30c529ecc2d9c7d807c85a0b7f0	97cd18e71802f7eab11ce1ab5bd5fe62be486509595748334735d2bc04f3fb76	7e6c3f3d919567f3bca9d6471e5743cfe1815408e75b107cc6ba3bfffb0443af	c43176909ffb42ce	-	Minidregg.Theory.IndexedProgram.LawfulCodec Minidregg.Theory.CausalVersionDag.EventPreimage → Minidregg.Theory.Hyperdocument.DigestDerivation → Minidregg.Theory.Hyperdocument.VersionEventRecord → Minidregg.Theory.Hyperdocument.VersionEventId
theorem	Minidregg.Theory.Hyperdocument.deriveVersionEventId_address_exact	a43e8928d28057cf14436b4d678619cd1ba63b2bbfde60704626254ed208f760	08b449cf50d4cdf414baa169f91ba8490271d9cf157e2533391d5f1d24a6f006	8bb1b80b625d636d232029c91023d818339658f348d221dc4105462266b1764b	4297438ee2f80bd5	-	∀ (eventCodec : Minidregg.Theory.IndexedProgram.LawfulCodec Minidregg.Theory.CausalVersionDag.EventPreimage) (derivation : Minidregg.Theory.Hyperdocument.DigestDerivation) (event : Minidregg.Theory.Hyperdocument.VersionEventRecord), (Minidregg.Theory.Hyperdocument.deriveVersionEventId eventCodec derivation event).digest = (Minidregg.Theory.Hyperdocument.causalVersionAddressing eventCodec derivation).address event.toCausalPreimage
def	Minidregg.Theory.Hyperdocument.encodePreimage	0d092f652fa577efbd05bfc137caf0bd9ce06dc2542b2d1018b00c30d04c568e	f38a13575418b7df48cea0c6085501f95135cd9057936e9386f1f6f2f3ea1115	83172380c694b03b343134047b20681c95e3cd1c70ad8abc669e46b944f0ff26	b100682d22c0db71	-	{version : Minidregg.Theory.Hyperdocument.CodecVersion} → {domain : Minidregg.Theory.Hyperdocument.IdDomain} → Minidregg.Theory.Hyperdocument.IdPreimage version domain → List UInt8
def	Minidregg.Theory.Hyperdocument.keyDecidableEq	82e28c4c5adf112b88bd2a653cbcf3676246570e78a9601f767c08abd4042927	38e56a9cc335c11d21c9ce382da8f9c9ef0523e94c8c8a91fba6d6fe425cbabb	74f1996da7e1bf9b824ea610efdfc63c2079f6e1c3b0b8b836eeebeaf602ed3e	219165c65afb8e64	-	(space : Minidregg.Theory.Hyperdocument.Namespace) → DecidableEq (Minidregg.Theory.Hyperdocument.Key space)
theorem	Minidregg.Theory.Hyperdocument.lawfulCodec_encode_injective	f65fd0c2018a2dd7090c78c324388e4e8f88c7d9584602ebb189bffdb179f8a8	6887af0725128cbb460b6acf2f1f8db7481534bde2cca9f2aeaa74f843d2c314	27edffff0c6864a1963aa748167d53985bc5536563f5c6c3c5b999b1771ed56f	dce2352a22d4a2a3	-	∀ {alpha : Type u} (codec : Minidregg.Theory.IndexedProgram.LawfulCodec alpha), Function.Injective codec.encode
def	Minidregg.Theory.Hyperdocument.layout	7fd90b469ee2d90b7dea41b8dad4aaa5198f69f459a49685e0f1ad03d1f8bab6	dad500dfb65855651d9c20aebc7c049ff4c45e048a2aac0189bf686476ee35b4	b72330459dcc8a53291d46dd75a39d434b792a57b6f49ca782598bb38f2cf403	e127befd29a6afc2	Classical.choice,Quot.sound,propext	Minidregg.Theory.Store.Layout
def	Minidregg.Theory.Hyperdocument.lookup	245907ace62f8cbfb61b3d35c206c37d9507c1374c7d1da4a58d51d157743fd7	9c1e415b81779efb33aecffba88738550a10e25a19b1212a4fb45e4849a6552e	dda834fe0402f5a62bb3963a8338f5085f58d5196d66ce5e9ea7a27e59d9a617	541e27718e6a6154	Classical.choice,Quot.sound,propext	Minidregg.Theory.Store.Store Minidregg.Theory.Hyperdocument.layout → (space : Minidregg.Theory.Hyperdocument.Namespace) → Minidregg.Theory.Hyperdocument.Key space → Option (Minidregg.Theory.Hyperdocument.Value space)
def	Minidregg.Theory.Hyperdocument.preimageCodec	f3f6631813e26ef915bbf8c899d12a443052a0ad68c22d88be3d5dc3dd44edae	6cb868cc4216affec6b6c2de72140a1737d88bf4aadacc2c3d8a698a08de11bf	0cd5c47853748af5f17ca5468c00c6a87f7ce649bd1af87c3b116e475a4716d9	a31a4bb8ea67b5bc	propext	(version : Minidregg.Theory.Hyperdocument.CodecVersion) → (domain : Minidregg.Theory.Hyperdocument.IdDomain) → Minidregg.Theory.IndexedProgram.LawfulCodec (Minidregg.Theory.Hyperdocument.IdPreimage version domain)
theorem	Minidregg.Theory.Hyperdocument.preimageCodec_encode_injective	8ea646e004348d061df4cc974e5e5cfec2caaef6f9b890a7658806b7db20701b	b16f06b7d37905a72e71cc56202a5a13360e24ff1f7c07b2ddb3619d17aaf6d9	f4b9543bfd6aa95f92a38d05941040f27d3cdd06b0c7acf8fd1b95c0dee5bdc2	93152cf7b72f1541	propext	∀ (version : Minidregg.Theory.Hyperdocument.CodecVersion) (domain : Minidregg.Theory.Hyperdocument.IdDomain), Function.Injective (Minidregg.Theory.Hyperdocument.preimageCodec version domain).encode
def	Minidregg.Theory.Hyperdocument.preimageHeader	00ea06ea97ce53a9b85b186a3d49301fdd74c057311ac8adc64854b818992666	8520f61dc467f383508fb2d3268a1f8f7a9f4b9c64824c9853fa6a451db8eeb5	af800e186285174846d1dd66831af7f0beaa99fdfe5e404f608bd96a23a70d9f	15efb0be14e7a837	-	Minidregg.Theory.Hyperdocument.CodecVersion → Minidregg.Theory.Hyperdocument.IdDomain → List UInt8
theorem	Minidregg.Theory.Hyperdocument.preimage_encoding_domain_injective	4c2f927d0091d611b66eb32b78b65a846ccfeed5c35a89260ae229af328fb6cd	bbaabd7515dbe5cc9e07e5afd050142d49b64923a5bd2453d9034b2dda1f0348	984f8c04146f2b62ffabbdb1fe864d8680a4c05dce4827c345effc936565ee75	a67c9d5cd52283e2	propext	∀ {version : Minidregg.Theory.Hyperdocument.CodecVersion} {leftDomain rightDomain : Minidregg.Theory.Hyperdocument.IdDomain} (left : Minidregg.Theory.Hyperdocument.IdPreimage version leftDomain) (right : Minidregg.Theory.Hyperdocument.IdPreimage version rightDomain), Minidregg.Theory.Hyperdocument.encodePreimage left = Minidregg.Theory.Hyperdocument.encodePreimage right → leftDomain = rightDomain
theorem	Minidregg.Theory.Hyperdocument.preimage_encodings_disjoint	00cdba5d4993d5a658a8b7828fbed6f7b5b9ce15e501a0f4811df726ac5a3db6	8420fb0fb11234135af07238b161afe7e014dbd5887870e6b546135b233f8a81	78bfa86d8c17eedc3bee88d2541f8e4b60b30007375ae9f68bb9ec0584cbbfd6	ccfda2c7c9d9d480	propext	∀ {version : Minidregg.Theory.Hyperdocument.CodecVersion} {leftDomain rightDomain : Minidregg.Theory.Hyperdocument.IdDomain}, (leftDomain = rightDomain → False) → ∀ (left : Minidregg.Theory.Hyperdocument.IdPreimage version leftDomain) (right : Minidregg.Theory.Hyperdocument.IdPreimage version rightDomain), Minidregg.Theory.Hyperdocument.encodePreimage left = Minidregg.Theory.Hyperdocument.encodePreimage right → False
def	Minidregg.Theory.Hyperdocument.resourceKindPrincipalTag	c61aa967741d9002a77ea5398de3d32af1401e3a25710af4d2445a39b6068c90	dce72e8b667e841ca769a93688393c8b0d3c880ea0c71d1d741cfa140f43f95a	d5f5bb6c91d33d69488d3edac064431f72b88a9f57faa53ca3c59001a15f117e	4b3f53b1e10ee652	-	Minidregg.Theory.TypedAuthorization.ResourceKind → ℕ
theorem	Minidregg.Theory.Hyperdocument.semantically_effective_field_change_changes_canonical_bytes	bb5f6ad619bacfa0197a81a216befc4b96556d315bdd79bb2fe200670d96d360	63bef093c4ab74b13e6aacb21c7db0623077639d1387beab923f505d730f16eb	4095e2b117d52aa9193382f7ed307f5b1f11a7a7ec1b64dfab2a48cd59511429	1c8c6f7085e08534	Classical.choice,Quot.sound,propext	∀ {Root : Type} (materializer : Minidregg.Theory.Hyperdocument.Materializer Root) (left right : Minidregg.Theory.Store.Store Minidregg.Theory.Hyperdocument.layout) (address : Minidregg.Theory.Hyperdocument.Address), (left address = right address → False) → materializer.codec.encode left = materializer.codec.encode right → False
def	Minidregg.Theory.Hyperdocument.valueDecidableEq	d0905729b64e248fb737b4b96ed761ee61bf30e2848e5a4808e69358ab29f987	869338d7bfc248873f8f580f8b11fa2c5bddf5d7f2e5053458102a0facd964a4	aa22418ede7f28cb9cf751dbd4d117bd0f3275ad7df4907e55397aae2036151d	1e1880972299f2fc	Classical.choice,Quot.sound,propext	(space : Minidregg.Theory.Hyperdocument.Namespace) → DecidableEq (Minidregg.Theory.Hyperdocument.Value space)
def	Minidregg.Theory.Hyperdocument.versionEventIdPreimage	54d389dc39e24b6944c6d52024cc43e739fc70ed5ff350449577193daabab353	cdab5c7977df2540fc296a03583dea190ea1d0cfefc99e42ea5e0005674bcbc8	a7528b2446ac4235bc354846595d0411bd925e314b11e237081465bcee8c4044	bd61cc103d3d6007	-	Minidregg.Theory.IndexedProgram.LawfulCodec Minidregg.Theory.CausalVersionDag.EventPreimage → Minidregg.Theory.Hyperdocument.VersionEventRecord → Minidregg.Theory.Hyperdocument.IdPreimage Minidregg.Theory.Hyperdocument.CodecVersion.v1 Minidregg.Theory.Hyperdocument.IdDomain.versionEvent
theorem	Minidregg.Theory.Hyperdocument.versionEventIdPreimage_injective	47bbbbf05c1a05749a6768cb43a4b3ea2244b36cd3d0a472b404f2f2a4139ad6	227fa307f44e33f0e4f9e6b9694ec8c2b6834fd8e03ced96799c9251c8938386	888c8975fa0d58736c35af4d13744a866c9614d6ede9afe435b613a4b1397a0e	a9451efb6ddba182	Classical.choice,Quot.sound,propext	∀ (eventCodec : Minidregg.Theory.IndexedProgram.LawfulCodec Minidregg.Theory.CausalVersionDag.EventPreimage), Function.Injective (Minidregg.Theory.Hyperdocument.versionEventIdPreimage eventCodec)
