# Theory.ObjectiveBendOpenRecursion: Objective contract manifest. Written by `scripts/check-objective-proofs.sh proofs --pin`;
# a removed or changed row needs a line in scripts/gates/objective-contract-changes.txt.
def	Minidregg.Theory.ObjectiveBendOpenRecursion.Evaluates	8d380bbd9ae8605c076504312a36d768ad28b6132cc70d9a40752ef5e581f3f5	b8a3731bf8c742e5b774cc189e2eab43d96fda82b6e884e957761e0aad3d0628	e70d7b9e01f753b055f7ac1e4ffb5bb282b3ca78b9841a9c14b2517f9e2518ee	a3a07f21c30dbfdd	Quot.sound,propext	Minidregg.Theory.ObjectiveBendOpenRecursion.Term → Minidregg.Theory.ObjectiveBendOpenRecursion.Term → Prop := fun initial result => Minidregg.Theory.ObjectiveBendOpenRecursion.Steps initial result ∧ Minidregg.Theory.ObjectiveBendOpenRecursion.Value result
inductive	Minidregg.Theory.ObjectiveBendOpenRecursion.Interaction	941bb4e279dffa5b3991a05bd006564fa098eabe1c8387935120ffa3776e962f	c567ab6331046835f2dfc5ccfc6ab89d74ae4237cf1d7410c1d163c32065c394	735f5123357e7a0fcfd3d184851821d3996fb3259ec9951a1111e35e335450fc	92dfec00d0f0ed13		Minidregg.Theory.ObjectiveBendOpenRecursion.Term → List (Minidregg.Theory.ObjectiveBendOpenRecursion.Term × Minidregg.Theory.ObjectiveBendOpenRecursion.Term) → Minidregg.Theory.ObjectiveBendOpenRecursion.Term → Prop
ctor	Minidregg.Theory.ObjectiveBendOpenRecursion.Interaction.finish	497935e190b38d64de0d60af6337b85b71f187402cb7b1c628333357da98ae89	d3d90940f9c44b2acd3c1e528f8327617d2e65f48ef16940023893470c1f619a	f6b116b045619f75c3e57e3ac7c6b464490e02a4e9c9c4788d7869d799f75508	6ff1d0b939846efd		∀ {term value : Minidregg.Theory.ObjectiveBendOpenRecursion.Term}, Minidregg.Theory.ObjectiveBendOpenRecursion.Evaluates term value → Minidregg.Theory.ObjectiveBendOpenRecursion.Interaction term [] value
ctor	Minidregg.Theory.ObjectiveBendOpenRecursion.Interaction.turn	1815a096e33874c964597384bd05db2ac99cdb0d0565bf737de83ae9901f0d3b	9bfabba047d9a60785fd15f90f3ab2d052a308445ee3885ccc83b56873187886	d818990c88262379a12062554b25a6a528fa943d96a13db854e250539f6fd0c1	6864c62ce452f21d		∀ {term yielded plan response value : Minidregg.Theory.ObjectiveBendOpenRecursion.Term} {context : List Minidregg.Theory.ObjectiveBendOpenRecursion.SourceFrame} {rest : List (Minidregg.Theory.ObjectiveBendOpenRecursion.Term × Minidregg.Theory.ObjectiveBendOpenRecursion.Term)}, Minidregg.Theory.ObjectiveBendOpenRecursion.Steps term yielded → Minidregg.Theory.ObjectiveBendOpenRecursion.Yields yielded plan context → Minidregg.Theory.ObjectiveBendOpenRecursion.Interaction (Minidregg.Theory.ObjectiveBendOpenRecursion.plug context response) rest value → Minidregg.Theory.ObjectiveBendOpenRecursion.Interaction term ((plan, response) :: rest) value
inductive	Minidregg.Theory.ObjectiveBendOpenRecursion.MachineSteps	83b97d2cf32aab873dca893d8f0986de0649c1e02a098eed12727ee1b48c0a5e	8a8855a042d8869ae027863f97de8a9cc1e048b25f8d08f9fe79c1264ebe6e3a	890a8fe7fcd888331ce935477cee59ea4d4bbd978f88cbe71476f41290917dae	96be04d145581808		{State : Type} → (State → Minidregg.Theory.ObjectiveBendOpenRecursion.Transition State) → State → State → Prop
ctor	Minidregg.Theory.ObjectiveBendOpenRecursion.MachineSteps.next	1b08c06d486d3cebc04b897bbe5a8a8cfdc5da2816c43db607adfe3ba692fe32	28dfd76a387aa5766815c81c61de9dcf43584f02091cbf2815a27dd2b8729fa8	6b215eae76085b14edea2e6cf14084aca65eeb74283115230db4cf87e04dfbb2	1933b43871068f47		∀ {State : Type} {step : State → Minidregg.Theory.ObjectiveBendOpenRecursion.Transition State} {initial middle result : State}, step initial = Minidregg.Theory.ObjectiveBendOpenRecursion.Transition.advanced middle → Minidregg.Theory.ObjectiveBendOpenRecursion.MachineSteps step middle result → Minidregg.Theory.ObjectiveBendOpenRecursion.MachineSteps step initial result
ctor	Minidregg.Theory.ObjectiveBendOpenRecursion.MachineSteps.refl	e4da30b74e4925a373a23626afa00c591009f061c7bbe0ecf651dc0c02b7d06a	19c3c4a50951dbc69707fcae0c703d31f470f7a74e88a51f46b6e8e917bde69b	5625865a270d90ddda0d3cfdc5c04ade6aaedcfde10a8af4fd760ffd23c6c6c1	915b4fca15914f18		∀ {State : Type} {step : State → Minidregg.Theory.ObjectiveBendOpenRecursion.Transition State} (state : State), Minidregg.Theory.ObjectiveBendOpenRecursion.MachineSteps step state state
inductive	Minidregg.Theory.ObjectiveBendOpenRecursion.Observation	8ea629687c325f93fcb925e7bf1c72bc3eb5c96232ec8872fdb1c5d5cc5ca43e	16946b93ac38405660f51e475eb5aa7d25b54f5e5677e0f6a10a4526cc071cbf	7c9abb0cf633e684efafebce47ae49bdbd70ab0e6ee9490f5e5f329867125df2	59fbf9e6970315d8		Type
ctor	Minidregg.Theory.ObjectiveBendOpenRecursion.Observation.boolean	16bbdfa3ebb972637a8fdd0915966521975f36e0156678e8b4d247dc2cd5f333	f1234849d7d519500544e27b61d3afc6c9655cfdc02d5e010c66ac56dd66b724	08c28a0f73c10dedf7798d87d2596d8a7acc4d1bfca6a0b1ac3fb8647633a771	c2e40d252b3db590		Bool → Minidregg.Theory.ObjectiveBendOpenRecursion.Observation
def	Minidregg.Theory.ObjectiveBendOpenRecursion.Observation.boolean.elim	11b3cecd1d8bafa26384c158f01b554029aba6226c453b6ffee58f0a15c2aa07	6395af5b0b0176fc3ef72c851a74c6d3b4d63790342a62ffe27031a501324bd1	ae4ba276f0cf7f3dacca43c2ee1cd84a76f70e941a54841d5a6fa5f26af59251	8f79b7e2c687ecbe	-	{motive : Minidregg.Theory.ObjectiveBendOpenRecursion.Observation → Sort u} → (t : Minidregg.Theory.ObjectiveBendOpenRecursion.Observation) → t.ctorIdx = 1 → ((value : Bool) → motive (Minidregg.Theory.ObjectiveBendOpenRecursion.Observation.boolean value)) → motive t
ctor	Minidregg.Theory.ObjectiveBendOpenRecursion.Observation.label	d4ba56e22e6408dea55d9085c8c6417b6787048a71ad835617951d8a609f24cd	5d60d68b6d6dfd7162bc6639211079f8c48d51a8c1541ed6d08f17a3c0dea8b5	13b1cbe5d582277b8d9bb871e1949d513d57491d1449acdccf8e32744108f09d	004fc6b7948b5742		String → Minidregg.Theory.ObjectiveBendOpenRecursion.Observation
def	Minidregg.Theory.ObjectiveBendOpenRecursion.Observation.label.elim	6250d3df521fcdc087b12ca281b241d9ae79b245c20c9fe763202c85cdea672a	2b7190cb280a46192e1e796cb947972d57180f5b9877cb6799aaeecd0d658da2	d8098d79e2ce8c09591cfb425bcc81cd1e9dbd2e7759ad99e66aad35e500d13f	017d18427f18b8ac	-	{motive : Minidregg.Theory.ObjectiveBendOpenRecursion.Observation → Sort u} → (t : Minidregg.Theory.ObjectiveBendOpenRecursion.Observation) → t.ctorIdx = 2 → ((value : String) → motive (Minidregg.Theory.ObjectiveBendOpenRecursion.Observation.label value)) → motive t
ctor	Minidregg.Theory.ObjectiveBendOpenRecursion.Observation.natural	f2dbfdcb1834846416b9c532c85f1ef813e1af00531b4682bd274dd2eb39a56e	24af2ab395fb41f4882d6326de8daa66eca877d7325d833a45f0d09a9fe5a8df	3166126a878d4d1045dcabc158fc920d7854a5dfc926e8ee8791163edf149c1a	4bc27bc2541da5ba		Nat → Minidregg.Theory.ObjectiveBendOpenRecursion.Observation
def	Minidregg.Theory.ObjectiveBendOpenRecursion.Observation.natural.elim	16ef7a47a70fea5d22df5af69d954088c32a679be5c99b1876903406181a7dfb	fde7a29c939f12f40a32fb09052fbc94887985781f5b8c9ef627efc7b62d84ec	5cca4fa2d61e137516a5ace04f221b7aa231252c53062e789ae5bbc772a6a46a	f00c8ae2d683903e	-	{motive : Minidregg.Theory.ObjectiveBendOpenRecursion.Observation → Sort u} → (t : Minidregg.Theory.ObjectiveBendOpenRecursion.Observation) → t.ctorIdx = 0 → ((value : Nat) → motive (Minidregg.Theory.ObjectiveBendOpenRecursion.Observation.natural value)) → motive t
inductive	Minidregg.Theory.ObjectiveBendOpenRecursion.Observes	42424ee6b375cf2f3ac4b19b46f218d2832b0367b9ab702783301a0a8e673b9d	fd4d811f31cdb367431fc8ba0f4a4d146aba7b27d78a318782f6702545f1aa43	35850689c06996ae3b7949f7dbe2efd077557d5e2d9f7f3f9bcd17d824a5eace	2e95e1acc77118f2		Minidregg.Theory.ObjectiveBendOpenRecursion.Term → Minidregg.Theory.ObjectiveBendOpenRecursion.Observation → Prop
ctor	Minidregg.Theory.ObjectiveBendOpenRecursion.Observes.boolean	7684cd49c3320294d32121a9bdc174eaf3b97b256d3d690e3c33d26b19c12253	ce7c47cdb9f8362ab22373d928bb8018424cc98199dedcb4bd956fa093f5589a	d4e4ec2269e5ac6437c3f71e16421161d783df98a2e22c25143ca993d7353fea	7d3112ef16155aad		∀ (value : Bool), Minidregg.Theory.ObjectiveBendOpenRecursion.Observes (Minidregg.Theory.ObjectiveBendOpenRecursion.Term.boolean value) (Minidregg.Theory.ObjectiveBendOpenRecursion.Observation.boolean value)
ctor	Minidregg.Theory.ObjectiveBendOpenRecursion.Observes.label	405f542f5cf1e62b38393521bbdde82934522c65ebf40dedbf710afaae9396c8	9481da13b13b75134a51f781038416a983089cb243d31c9708eaaf91b9bb84e8	7e56efb9db1cbf5db307d8e34f93149c48176a5fb6f06c8c70e1a8b7bb2c1e6c	82cc3af2eba2f0c8		∀ (value : String), Minidregg.Theory.ObjectiveBendOpenRecursion.Observes (Minidregg.Theory.ObjectiveBendOpenRecursion.Term.label value) (Minidregg.Theory.ObjectiveBendOpenRecursion.Observation.label value)
ctor	Minidregg.Theory.ObjectiveBendOpenRecursion.Observes.natural	76f96ccde0bc82786e64e0d45c122803c00e5b9d9e9108a1d76473af61a8ae65	eb1362a154d1f0e737d7b34123a1e2a96e40fb30d666be3c7d9444c1b87998eb	80f4504b4a720befd869a768ba8fa719b3d16f14dea7283f06b6858770984463	fdb8ccec2401f3df		∀ (value : Nat), Minidregg.Theory.ObjectiveBendOpenRecursion.Observes (Minidregg.Theory.ObjectiveBendOpenRecursion.Term.nat value) (Minidregg.Theory.ObjectiveBendOpenRecursion.Observation.natural value)
inductive	Minidregg.Theory.ObjectiveBendOpenRecursion.PositiveSteps	d6e967e105a0561b2a0294e4fa2b5714b4074a3a6741d0990ba37afa6e5621ab	14c35c5503458c56268e22364cfe11ffc22574cb520264b044834c623419e910	cbddcf345f2ce4e89e0d679c056f1bc0793c74ce5f503fccff6587e607abe696	200f45923da41857		Minidregg.Theory.ObjectiveBendOpenRecursion.Term → Minidregg.Theory.ObjectiveBendOpenRecursion.Term → Prop
ctor	Minidregg.Theory.ObjectiveBendOpenRecursion.PositiveSteps.begin	144312cbf744c4530efdb3f8fb6cf51926af27f3afe6e7bc28360e7d443a9303	85c8df023806b6f86b0e42a9effe291a1811ec75ba2b269b2ab90d03dc4c2f01	4832230813a17dd0ccd1371cf473cfd00125a8254ba9332fd715c4e690033d08	ea07675d7d290117		∀ {initial middle result : Minidregg.Theory.ObjectiveBendOpenRecursion.Term}, Minidregg.Theory.ObjectiveBendOpenRecursion.Step initial middle → Minidregg.Theory.ObjectiveBendOpenRecursion.Steps middle result → Minidregg.Theory.ObjectiveBendOpenRecursion.PositiveSteps initial result
inductive	Minidregg.Theory.ObjectiveBendOpenRecursion.Primitive	68db10a4ee01ad22d0f051b3683fecbc54e2b2049a652d816c5647ec3d0f696b	16946b93ac38405660f51e475eb5aa7d25b54f5e5677e0f6a10a4526cc071cbf	1f0d52f79879ae4239827e76ce2db55455c0a19630647f4d82bb27aab7ed50d1	8cb10dc2b176efdc		Type
ctor	Minidregg.Theory.ObjectiveBendOpenRecursion.Primitive.add	53f361e0ace8709a1b1ade9912cf93ed9996126f31f277a1a4b270806009d0d4	fff4c5eb35d7d41cd2b27c19428ec21b66652c628bac1cd9c7418cc4b333a8bc	a23df25202058890692feb1aa637a282293ed0a377777ebe31502d11886fe531	512c0183de7769a5		Minidregg.Theory.ObjectiveBendOpenRecursion.Primitive
def	Minidregg.Theory.ObjectiveBendOpenRecursion.Primitive.add.elim	fd0d257b490a8b430679df17e00f6dc80601bdaf62bd16cfe4da3bfaf4965aeb	e9b0332165d7c83b8d71671d91aa03a47a8073a55b575fa7204f2429ec8d01db	1ab58e4f4674b1b5c6fd91b5599cf01a1e24102d1cdb142989744b2a48f42e09	d5d67d7261aab755	-	{motive : Minidregg.Theory.ObjectiveBendOpenRecursion.Primitive → Sort u} → (t : Minidregg.Theory.ObjectiveBendOpenRecursion.Primitive) → t.ctorIdx = 0 → motive Minidregg.Theory.ObjectiveBendOpenRecursion.Primitive.add → motive t
ctor	Minidregg.Theory.ObjectiveBendOpenRecursion.Primitive.conjunction	78e58c5c1c43af5fa4af06be2188a9d7dfb91adb264a45fb61ef496215684898	fff4c5eb35d7d41cd2b27c19428ec21b66652c628bac1cd9c7418cc4b333a8bc	5ae3ee732926ef1d77bf5f52edd544f33e3608c6938eb1736cff95233576fb9b	a89b88be24bb9a15		Minidregg.Theory.ObjectiveBendOpenRecursion.Primitive
def	Minidregg.Theory.ObjectiveBendOpenRecursion.Primitive.conjunction.elim	bba6cb6c033a643323836958f10ce034ca5b4f7cc7d581c20a58f11804a688c2	9529862d495312fce00ffd8561aec1286833cbe3fc57d5aea6c5aced1c5deba9	2baa0fd0891a1eb0d5fcadb2c75bc228344457732b06e465e57978b3be5ebf08	d182d8894030977b	-	{motive : Minidregg.Theory.ObjectiveBendOpenRecursion.Primitive → Sort u} → (t : Minidregg.Theory.ObjectiveBendOpenRecursion.Primitive) → t.ctorIdx = 3 → motive Minidregg.Theory.ObjectiveBendOpenRecursion.Primitive.conjunction → motive t
ctor	Minidregg.Theory.ObjectiveBendOpenRecursion.Primitive.divide	7363a5d937b99463d636b187227e847df7035ba66684d97f8e3cc319b8f815f3	fff4c5eb35d7d41cd2b27c19428ec21b66652c628bac1cd9c7418cc4b333a8bc	9cad98ab1b1de7bb3c704ea09a3aab4f627eccdcab3f523690d1f342d8f3da8d	6cb2fa99186d456b		Minidregg.Theory.ObjectiveBendOpenRecursion.Primitive
def	Minidregg.Theory.ObjectiveBendOpenRecursion.Primitive.divide.elim	46a972a340c460b482fc1b7a74c846fa2fff28d2e2f5a08cd35dc42358221e99	693a246cc6b15a6268d45c5701fa54eb5f5f877e053513914253ca6596f69e61	dbc7f08970ebe5ea61c8779f28ba26637141d52632c54c5c32348777217858fa	b25a585e777f6c4b	-	{motive : Minidregg.Theory.ObjectiveBendOpenRecursion.Primitive → Sort u} → (t : Minidregg.Theory.ObjectiveBendOpenRecursion.Primitive) → t.ctorIdx = 6 → motive Minidregg.Theory.ObjectiveBendOpenRecursion.Primitive.divide → motive t
ctor	Minidregg.Theory.ObjectiveBendOpenRecursion.Primitive.equal	9c7974e6bd022a8cba5251297eeb15905af8e79ab6292d37a74afbb0b3e1ccf4	fff4c5eb35d7d41cd2b27c19428ec21b66652c628bac1cd9c7418cc4b333a8bc	b06d137afdbe8787d7f2992f403f559c18fe62dffbf44c7b6a8bf468b13cffb0	78f9df8ddd3856c0		Minidregg.Theory.ObjectiveBendOpenRecursion.Primitive
def	Minidregg.Theory.ObjectiveBendOpenRecursion.Primitive.equal.elim	56d1013d9cb2199527b5cb466f04fe687287b3bc6f1763c2394c7e20563be573	d6102b307382e404e51eacd2bc683cd5c1aa7bd003dcc3068bfda28cfbe6f220	d2322f8b523422f7eff2b1b23b70f3053c59f3dc000bd9c24249e1be1288bcdc	8c21961856d822c8	-	{motive : Minidregg.Theory.ObjectiveBendOpenRecursion.Primitive → Sort u} → (t : Minidregg.Theory.ObjectiveBendOpenRecursion.Primitive) → t.ctorIdx = 2 → motive Minidregg.Theory.ObjectiveBendOpenRecursion.Primitive.equal → motive t
ctor	Minidregg.Theory.ObjectiveBendOpenRecursion.Primitive.labelEqual	90a9da2dbe37eb3e750d6b6ba5a996bd44f5f51cb67a2226d21e37df14fa16bc	fff4c5eb35d7d41cd2b27c19428ec21b66652c628bac1cd9c7418cc4b333a8bc	e8f3ba5be30c46f6001a1c6064ad22e924ed61fd098920eea2809a3d41c62d57	98fcc1121d4863a7		Minidregg.Theory.ObjectiveBendOpenRecursion.Primitive
def	Minidregg.Theory.ObjectiveBendOpenRecursion.Primitive.labelEqual.elim	1002121d74fd62daaee5bc705dade210610770c450ed1fcdfda2dfaeb2070a8c	945d076e297c9dd4b1befda030cc269d70fe073ae7644386c22ab5a56b000728	6af72c9c956dc95a758092301303675270f910752d16a7aa27cca901ddfc380a	8939a47ef3620799	-	{motive : Minidregg.Theory.ObjectiveBendOpenRecursion.Primitive → Sort u} → (t : Minidregg.Theory.ObjectiveBendOpenRecursion.Primitive) → t.ctorIdx = 4 → motive Minidregg.Theory.ObjectiveBendOpenRecursion.Primitive.labelEqual → motive t
ctor	Minidregg.Theory.ObjectiveBendOpenRecursion.Primitive.less	9830cb4da6f155bf9b137e1b69865f15f541b7ac6c865846e004dc3a5d50ad82	fff4c5eb35d7d41cd2b27c19428ec21b66652c628bac1cd9c7418cc4b333a8bc	f2515ee11d7eb36a013070297608028d124405e1070130e1a02238530f90792c	e590a41dcdd5056d		Minidregg.Theory.ObjectiveBendOpenRecursion.Primitive
def	Minidregg.Theory.ObjectiveBendOpenRecursion.Primitive.less.elim	a20d0c84eec727985791d5fb7c59b6ac61f98e37dbace30e17775bebd2ef81b3	624617e213d388803eab8147150646ea12f09cfec221b07494ac4844e85789b4	d9c0f866dfa82941e56dd129c4869aa139c5659e29dffd0424da40fa7ea2cb73	b7d45057c5e857a0	-	{motive : Minidregg.Theory.ObjectiveBendOpenRecursion.Primitive → Sort u} → (t : Minidregg.Theory.ObjectiveBendOpenRecursion.Primitive) → t.ctorIdx = 7 → motive Minidregg.Theory.ObjectiveBendOpenRecursion.Primitive.less → motive t
ctor	Minidregg.Theory.ObjectiveBendOpenRecursion.Primitive.lessEqual	aa70034fcfd13954df6918f7aa87a00f4357b48ded6b726be309e070ebdb0ab1	fff4c5eb35d7d41cd2b27c19428ec21b66652c628bac1cd9c7418cc4b333a8bc	f08e5ed77aac3d2c2f3609b77c3edf3a30cebdb073abb1086adba9ad43bb3e16	09f4b9a3da4e88a7		Minidregg.Theory.ObjectiveBendOpenRecursion.Primitive
def	Minidregg.Theory.ObjectiveBendOpenRecursion.Primitive.lessEqual.elim	69aec59c7c2a75795ca9e587bd2e361526bc879f49443971bfb6cb61999cb9b2	b14fa82a44c19f300db6b1d8cb2e0087044303c0c3981bc1978888b739d015eb	499a5bc9aa3b486d927694a5a3c0ae3c04bd30650910d28149c52b01d5b6a01f	64c6298c01e6a337	-	{motive : Minidregg.Theory.ObjectiveBendOpenRecursion.Primitive → Sort u} → (t : Minidregg.Theory.ObjectiveBendOpenRecursion.Primitive) → t.ctorIdx = 8 → motive Minidregg.Theory.ObjectiveBendOpenRecursion.Primitive.lessEqual → motive t
ctor	Minidregg.Theory.ObjectiveBendOpenRecursion.Primitive.modulo	e04d595023b07f7666fadb9bb6653102eccaae9a06fe8bc6228c5657c5cdc167	fff4c5eb35d7d41cd2b27c19428ec21b66652c628bac1cd9c7418cc4b333a8bc	87ee91d0823644b49dd38d7ff2b45c61237d022b892d488fa758e1d2e75c28c5	7446267cb9903849		Minidregg.Theory.ObjectiveBendOpenRecursion.Primitive
def	Minidregg.Theory.ObjectiveBendOpenRecursion.Primitive.modulo.elim	71afd70213fe6e0c69fc773dd18dde7ee043e890dd9d3f30fd1d1a3150d8d978	9204d14e0769589eb821b9be20b8c403f0f4547d28d773635e08157d5fb484f8	ced32e6054dbb8d5af5cf9e2f7ec63ed74bce784f6482149ee481a0ae76c4467	b3457f266d1d67cd	-	{motive : Minidregg.Theory.ObjectiveBendOpenRecursion.Primitive → Sort u} → (t : Minidregg.Theory.ObjectiveBendOpenRecursion.Primitive) → t.ctorIdx = 9 → motive Minidregg.Theory.ObjectiveBendOpenRecursion.Primitive.modulo → motive t
ctor	Minidregg.Theory.ObjectiveBendOpenRecursion.Primitive.multiply	2edb329c61c66a15571b25f680dc753c87c4b3e7d2824e33115fd96f5ae69ff4	fff4c5eb35d7d41cd2b27c19428ec21b66652c628bac1cd9c7418cc4b333a8bc	736dfc1863d656d845a4649a11e5d9cd14a4fc057a53c78017dd3cc77beb8e9b	c2696d4f3e49aa36		Minidregg.Theory.ObjectiveBendOpenRecursion.Primitive
def	Minidregg.Theory.ObjectiveBendOpenRecursion.Primitive.multiply.elim	d3831ffff83ff7eb07486e40fbaa9d5905ec58ec2a8fb1e6e836ed2c4d014d87	69b32df418f32ccb285d315ef9c3103f6b988b8dbd54c21612131a750e80cf02	87246d147a67142fb74204540ab2d875ce42c1ddb2dcfd27d196e4aadf519bb0	54d1e8a64f538236	-	{motive : Minidregg.Theory.ObjectiveBendOpenRecursion.Primitive → Sort u} → (t : Minidregg.Theory.ObjectiveBendOpenRecursion.Primitive) → t.ctorIdx = 1 → motive Minidregg.Theory.ObjectiveBendOpenRecursion.Primitive.multiply → motive t
def	Minidregg.Theory.ObjectiveBendOpenRecursion.Primitive.ofNat	89d44e8044fbc8b0873f22d620b90dd92d37d47812e2f97cb00c9adb029fd6c0	d2640ef476e27afa3ab7bedadee6005b58299f7fb5fde39ef47151d295d6ce21	2e4f60f816cb097a3fb493779dbcf7010cba70f9d2476abcb225730b76a5c313	64d4b69ae0bab401	-	Nat → Minidregg.Theory.ObjectiveBendOpenRecursion.Primitive
theorem	Minidregg.Theory.ObjectiveBendOpenRecursion.Primitive.ofNat_ctorIdx	655b32ae4cc03f44ef24f1d84689f3c2044a243aa747fdec83bed583eaed9e99	dc259e2428aa5d09175788545d28349681d80113c13485d4b5ea7f270f4ed40e	5f08da3ed956abc6bd78a095f61ac2661f0ae1f5943fba5857efc83a1a9e0b57	6485057e823f6419	-	∀ (x : Minidregg.Theory.ObjectiveBendOpenRecursion.Primitive), Minidregg.Theory.ObjectiveBendOpenRecursion.Primitive.ofNat x.ctorIdx = x
ctor	Minidregg.Theory.ObjectiveBendOpenRecursion.Primitive.subtract	c89676261e7046c38f284fab79f8e7a47a006f4acf04840b978662ae443040f3	fff4c5eb35d7d41cd2b27c19428ec21b66652c628bac1cd9c7418cc4b333a8bc	c60b2e8b54a6ad3e01339c82d7840843203b866e49ad68f6c973e0cfeb30035f	a2b1f717210dead1		Minidregg.Theory.ObjectiveBendOpenRecursion.Primitive
def	Minidregg.Theory.ObjectiveBendOpenRecursion.Primitive.subtract.elim	805dfd54abb5e2c169c6efd4fd380ceff9f52952b35c9791850d791f9a4f52db	12faa065fdd057c12962f344a6ba73182c913671faf7df1fea3d2223a75756af	3ba4907409eb8b3f7769311089d54133c4298d8d0b6fea595c46d8e5e7b50cdb	7676b7cc59c39e6a	-	{motive : Minidregg.Theory.ObjectiveBendOpenRecursion.Primitive → Sort u} → (t : Minidregg.Theory.ObjectiveBendOpenRecursion.Primitive) → t.ctorIdx = 5 → motive Minidregg.Theory.ObjectiveBendOpenRecursion.Primitive.subtract → motive t
inductive	Minidregg.Theory.ObjectiveBendOpenRecursion.Representation	8422e8ecddabd27814770fe6d907610d835d38a56c5ff2b7f7835f21f278c7d0	391a1563cacad1c0cec8bc4776d5241c9cd54204a2b8c89bfe59630b8ea14d52	4695a6b6cfc887512def59d883fdc384ad9484c97b2925affed4ca0254801224	53f8d7cb880983b6		Type → (Minidregg.Theory.ObjectiveBendOpenRecursion.Term → Prop) → Type
def	Minidregg.Theory.ObjectiveBendOpenRecursion.Representation.administrativeRank	3f5d2f95908efdc565882209e25d18b7beadb3e6dd777ab1e3e7dc7ae14bf98d	39ca7eecca43bb77a824295e3823cf64897c4c6b1e456c4f717088c672cf637e	2158aab323225b36114178793a7c33c5eef128b011cc8e77e83cd854d8dc063a	14354eebd45cfbb9	Quot.sound,propext	{State : Type} → {Supported : Minidregg.Theory.ObjectiveBendOpenRecursion.Term → Prop} → Minidregg.Theory.ObjectiveBendOpenRecursion.Representation State Supported → State → Nat
theorem	Minidregg.Theory.ObjectiveBendOpenRecursion.Representation.evaluationComplete	43b50f66bafa824dd37e7df96807f639535b5918266abda2c639a81f63e00756	ccce73b9fcea026efb93b461a1ab1c275854533f7db0141100284b39422b044e	21eed0ad0876fa901d8e2c59984975278fc08a308f7f48cfe612ce7ea6adcc52	2f9c656739e10fb0	Quot.sound,propext	∀ {State : Type} {Supported : Minidregg.Theory.ObjectiveBendOpenRecursion.Term → Prop} (self : Minidregg.Theory.ObjectiveBendOpenRecursion.Representation State Supported) (source value : Minidregg.Theory.ObjectiveBendOpenRecursion.Term) (result : Minidregg.Theory.ObjectiveBendOpenRecursion.Observation), Supported source → Minidregg.Theory.ObjectiveBendOpenRecursion.Evaluates source value → Minidregg.Theory.ObjectiveBendOpenRecursion.Observes value result → ∃ initial final, self.start source = Option.some initial ∧ Minidregg.Theory.ObjectiveBendOpenRecursion.MachineSteps self.step initial final ∧ self.step final = Minidregg.Theory.ObjectiveBendOpenRecursion.Transition.finished result
theorem	Minidregg.Theory.ObjectiveBendOpenRecursion.Representation.initialized	d8f91f1a6172a73883f1207b1b67994f9f8b6c1e7e1271ca608063db3c8001ad	81885132764ad1facb59b9e794ba91ffe1c142cbe0bfd90cf9c7f5fe71a5a640	c7e8138e4792f08d97c05d38ff943f8e751028a4caa058db25ac073cb5100360	0b35903fa091d628	Quot.sound,propext	∀ {State : Type} {Supported : Minidregg.Theory.ObjectiveBendOpenRecursion.Term → Prop} (self : Minidregg.Theory.ObjectiveBendOpenRecursion.Representation State Supported) (source : Minidregg.Theory.ObjectiveBendOpenRecursion.Term) (state : State), self.start source = Option.some state → self.represents state source
theorem	Minidregg.Theory.ObjectiveBendOpenRecursion.Representation.initializesSupported	411a29c7f0925c3804964228d452653444dc9d9ff27ad99e740f9c97ae6c28c1	bb6f1b9f0d4698d652799e757992d1d8c50dcda408768fa161047dc4f38f35fe	1d64b43c585f86e3c41b75799b2352bd29f0be0aff43747eb6e27c46d5e907d5	a1031eda380cd38d	Quot.sound,propext	∀ {State : Type} {Supported : Minidregg.Theory.ObjectiveBendOpenRecursion.Term → Prop} (self : Minidregg.Theory.ObjectiveBendOpenRecursion.Representation State Supported) (source : Minidregg.Theory.ObjectiveBendOpenRecursion.Term), Supported source → ∃ state, self.start source = Option.some state
ctor	Minidregg.Theory.ObjectiveBendOpenRecursion.Representation.mk	fdcf739209f18e2d1c1276639ccc1b20ff3e6ccdd52724238027d2e0f3c7d467	a55c68851033c021adead2972daaaecb7b81588c3ed5753aaf0cb21cd0e53a1e	f780e13e39224d84379e4de2734a3b884825cb32e9af63a5ec03efd0e05b3938	c84048fdb4d0325a		{State : Type} → {Supported : Minidregg.Theory.ObjectiveBendOpenRecursion.Term → Prop} → (represents : State → Minidregg.Theory.ObjectiveBendOpenRecursion.Term → Prop) → (start : Minidregg.Theory.ObjectiveBendOpenRecursion.Term → Option State) → (∀ (source : Minidregg.Theory.ObjectiveBendOpenRecursion.Term), Supported source → ∃ state, start source = Option.some state) → (∀ (source : Minidregg.Theory.ObjectiveBendOpenRecursion.Term) (state : State), start source = Option.some state → represents state source) → (step : State → Minidregg.Theory.ObjectiveBendOpenRecursion.Transition State) → (administrativeRank : State → Nat) → (∀ (state successor : State) (source : Minidregg.Theory.ObjectiveBendOpenRecursion.Term), represents state source → step state = Minidregg.Theory.ObjectiveBendOpenRecursion.Transition.advanced successor → ∃ next, represents successor next ∧ (next = source ∧ administrativeRank successor < administrativeRank state ∨ Minidregg.Theory.ObjectiveBendOpenRecursion.PositiveSteps source next)) → (∀ (state : State) (source : Minidregg.Theory.ObjectiveBendOpenRecursion.Term) (result : Minidregg.Theory.ObjectiveBendOpenRecursion.Observation), represents state source → step state = Minidregg.Theory.ObjectiveBendOpenRecursion.Transition.finished result → ∃ value, Minidregg.Theory.ObjectiveBendOpenRecursion.Steps source value ∧ Minidregg.Theory.ObjectiveBendOpenRecursion.Value value ∧ Minidregg.Theory.ObjectiveBendOpenRecursion.Observes value result) → (∀ (state retained : State), step state = Minidregg.Theory.ObjectiveBendOpenRecursion.Transition.suspended retained → retained = state) → (∀ (source value : Minidregg.Theory.ObjectiveBendOpenRecursion.Term) (result : Minidregg.Theory.ObjectiveBendOpenRecursion.Observation), Supported source → Minidregg.Theory.ObjectiveBendOpenRecursion.Evaluates source value → Minidregg.Theory.ObjectiveBendOpenRecursion.Observes value result → ∃ initial final, start source = Option.some initial ∧ Minidregg.Theory.ObjectiveBendOpenRecursion.MachineSteps step initial final ∧ step final = Minidregg.Theory.ObjectiveBendOpenRecursion.Transition.finished result) → Minidregg.Theory.ObjectiveBendOpenRecursion.Representation State Supported
def	Minidregg.Theory.ObjectiveBendOpenRecursion.Representation.represents	69e33a0e8b85ca9daaf5281a0248065929844be753cf8ab233900a7f34cc9faa	d2cdd6e3ab2be4d9a24a74fa784f037bc9b66c34a7c4e39390b88570dbf90532	ed76c14f3e009e232b722531a793c4e92e7621f30b29be3fbe797da717680403	c3599ce1d5160683	Quot.sound,propext	{State : Type} → {Supported : Minidregg.Theory.ObjectiveBendOpenRecursion.Term → Prop} → Minidregg.Theory.ObjectiveBendOpenRecursion.Representation State Supported → State → Minidregg.Theory.ObjectiveBendOpenRecursion.Term → Prop := fun State Supported self => self.1
theorem	Minidregg.Theory.ObjectiveBendOpenRecursion.Representation.simulation	4c5f714d24b8aae94bc2f0dc67258a7f40a1cfcaef0ae0836eee9311a7109d44	12fffaa3fe5b79966b62166065d1086a0b402016f74e15aff5c31b8619dd6a60	b3e1e4964dc40840478e84ac037346203789849903097fe2b4fbb4f89f9ec490	79fca10a0f9f60a8	Quot.sound,propext	∀ {State : Type} {Supported : Minidregg.Theory.ObjectiveBendOpenRecursion.Term → Prop} (self : Minidregg.Theory.ObjectiveBendOpenRecursion.Representation State Supported) (state successor : State) (source : Minidregg.Theory.ObjectiveBendOpenRecursion.Term), self.represents state source → self.step state = Minidregg.Theory.ObjectiveBendOpenRecursion.Transition.advanced successor → ∃ next, self.represents successor next ∧ (next = source ∧ self.administrativeRank successor < self.administrativeRank state ∨ Minidregg.Theory.ObjectiveBendOpenRecursion.PositiveSteps source next)
def	Minidregg.Theory.ObjectiveBendOpenRecursion.Representation.start	a11ff544a4202fc7098d1ce126c81bfb3fbbd73e843b18b7d2c8675c179ec32f	effa4629a6953a042b33ab4cfe3c009e6b4b39ae5baf9d09d2f9e396921d637b	215e8d57f6764a344e3d510c59087dadf27d1dd77cac9950ec1ec377d4fed1ee	279eb08371a73eef	Quot.sound,propext	{State : Type} → {Supported : Minidregg.Theory.ObjectiveBendOpenRecursion.Term → Prop} → Minidregg.Theory.ObjectiveBendOpenRecursion.Representation State Supported → Minidregg.Theory.ObjectiveBendOpenRecursion.Term → Option State
def	Minidregg.Theory.ObjectiveBendOpenRecursion.Representation.step	714804d9b2b31e826da6f636b82657302a6396d340c24b169898a5d4e9530b79	2fc66de97716d688c3ffa31159c657bd82d23393d0158d907db317533933690c	37f05941088477c3a413f33e930cd9585a1f8777cdcbaedafc2eb06120298ac7	481438f649700fc6	Quot.sound,propext	{State : Type} → {Supported : Minidregg.Theory.ObjectiveBendOpenRecursion.Term → Prop} → Minidregg.Theory.ObjectiveBendOpenRecursion.Representation State Supported → State → Minidregg.Theory.ObjectiveBendOpenRecursion.Transition State
theorem	Minidregg.Theory.ObjectiveBendOpenRecursion.Representation.suspensionExact	744a1d559fb4536745a039929e8a59eaaf9580541fbf15c255bd70db67944098	f81c0b2365b2b27cab1d338901249db504f8e231925cd794d8a567535c231d24	8c4666f55ca7a1a0c6933fe4b4cee2ece9395c1f21a5778734d7c64c6537cff9	08679773713b081d	Quot.sound,propext	∀ {State : Type} {Supported : Minidregg.Theory.ObjectiveBendOpenRecursion.Term → Prop} (self : Minidregg.Theory.ObjectiveBendOpenRecursion.Representation State Supported) (state retained : State), self.step state = Minidregg.Theory.ObjectiveBendOpenRecursion.Transition.suspended retained → retained = state
theorem	Minidregg.Theory.ObjectiveBendOpenRecursion.Representation.valueAdequacy	fb9aa6f6bef5f1f079c1f9d861c187d65349fc041d8c2e9e125f477210829cb3	aff91e66eccb0f7378e3be30de12ca1a39bb3beb156bfaa76ba45de63ad2faef	ada5653b0b225da761e833b020e38fb787174d6bb7d7dde510432991fa57a691	a20e41ce0e7e0587	Quot.sound,propext	∀ {State : Type} {Supported : Minidregg.Theory.ObjectiveBendOpenRecursion.Term → Prop} (self : Minidregg.Theory.ObjectiveBendOpenRecursion.Representation State Supported) (state : State) (source : Minidregg.Theory.ObjectiveBendOpenRecursion.Term) (result : Minidregg.Theory.ObjectiveBendOpenRecursion.Observation), self.represents state source → self.step state = Minidregg.Theory.ObjectiveBendOpenRecursion.Transition.finished result → ∃ value, Minidregg.Theory.ObjectiveBendOpenRecursion.Steps source value ∧ Minidregg.Theory.ObjectiveBendOpenRecursion.Value value ∧ Minidregg.Theory.ObjectiveBendOpenRecursion.Observes value result
inductive	Minidregg.Theory.ObjectiveBendOpenRecursion.SourceFrame	51cc1a873a3090b1016a5d6367da18530b64425c26076d8b4f4fe7b41d0ce0a0	16946b93ac38405660f51e475eb5aa7d25b54f5e5677e0f6a10a4526cc071cbf	2f791074c0236b1c17312c4a226b6533aafb8b6e3c3df9fa45d05778f5c4c432	2b4c0ed4bc26da03		Type
ctor	Minidregg.Theory.ObjectiveBendOpenRecursion.SourceFrame.application	8b39ea2cf4e24638a60b0682038a088e3c9a073c73e4f86305c37badad2924e3	5710df4bc7dc122ad0362725b04c81118b2a3aad3748ea98ed496416d3ff7346	833901a7b96ed89fb6f946a80ba0167465a1f7feb2eb674760d704a5d004833c	28bb382b7969a862		Minidregg.Theory.ObjectiveBendOpenRecursion.Term → Minidregg.Theory.ObjectiveBendOpenRecursion.SourceFrame
def	Minidregg.Theory.ObjectiveBendOpenRecursion.SourceFrame.application.elim	3b867ec0ce12fdb5d9373ca3238ee7742bfa18531ec0591cc203e162ec050185	9ae9a552d9aca594117b6827038dab0a53221b2b0b908017614901666d5b8d55	0a1ffc07355f19bf29c7c646ae7122ac36bf1ff6c0ff618e25f01fd241a94b3c	37efface143f3e54	-	{motive : Minidregg.Theory.ObjectiveBendOpenRecursion.SourceFrame → Sort u} → (t : Minidregg.Theory.ObjectiveBendOpenRecursion.SourceFrame) → t.ctorIdx = 0 → ((argument : Minidregg.Theory.ObjectiveBendOpenRecursion.Term) → motive (Minidregg.Theory.ObjectiveBendOpenRecursion.SourceFrame.application argument)) → motive t
ctor	Minidregg.Theory.ObjectiveBendOpenRecursion.SourceFrame.binaryLeft	5e4c81045423d4587b67b70f58839d12ee2302091e2f1723ad57af2f48bf5aa4	3e89dbeccee4c092255f4165ff4ef6cf9cfc1235fb319a826df33002933a1277	992eb5f458305b707c538bbe5768cf39fd58390f6143cbb5915b5c548277e88c	2b06e05a246ad8c9		Minidregg.Theory.ObjectiveBendOpenRecursion.Primitive → Minidregg.Theory.ObjectiveBendOpenRecursion.Term → Minidregg.Theory.ObjectiveBendOpenRecursion.SourceFrame
def	Minidregg.Theory.ObjectiveBendOpenRecursion.SourceFrame.binaryLeft.elim	d416523264d2810f25fbf77884ead10b1a291ce637519004fddd143592ed28ba	62325b0346b48143a8f0cad06fd6799c28ee9d6b8f0a559c4144a89bba2c44fa	0c9931e008c876c52c476038f1ed0b8ba8dec211f7f3c8c934ae924060b69283	10e0ea2e824b96c0	-	{motive : Minidregg.Theory.ObjectiveBendOpenRecursion.SourceFrame → Sort u} → (t : Minidregg.Theory.ObjectiveBendOpenRecursion.SourceFrame) → t.ctorIdx = 3 → ((primitive : Minidregg.Theory.ObjectiveBendOpenRecursion.Primitive) → (right : Minidregg.Theory.ObjectiveBendOpenRecursion.Term) → motive (Minidregg.Theory.ObjectiveBendOpenRecursion.SourceFrame.binaryLeft primitive right)) → motive t
ctor	Minidregg.Theory.ObjectiveBendOpenRecursion.SourceFrame.binaryRight	676a9dac8c2308cb1cce55357406fbd80ecae395e3f18c9ee06545db4f6fb213	3e89dbeccee4c092255f4165ff4ef6cf9cfc1235fb319a826df33002933a1277	d0a4f5f20ac87757dcbe0e1b1ae721d595bfa7c068edfe82d8438c66f08d44ca	d16c2bcbde4307bd		Minidregg.Theory.ObjectiveBendOpenRecursion.Primitive → Minidregg.Theory.ObjectiveBendOpenRecursion.Term → Minidregg.Theory.ObjectiveBendOpenRecursion.SourceFrame
def	Minidregg.Theory.ObjectiveBendOpenRecursion.SourceFrame.binaryRight.elim	6a397993ea3090592eeb41239e1f3905f2bbace20c693ab6d8a79b37b57760d1	ff4165a30cbb150ad4857201276ea0058092728a0edef0776d5235395d43033b	c30889c904bfc2f31f7c88255013fac0e584e9dcb8dfdc446cd9240d970dd590	854a24a402697948	-	{motive : Minidregg.Theory.ObjectiveBendOpenRecursion.SourceFrame → Sort u} → (t : Minidregg.Theory.ObjectiveBendOpenRecursion.SourceFrame) → t.ctorIdx = 4 → ((primitive : Minidregg.Theory.ObjectiveBendOpenRecursion.Primitive) → (left : Minidregg.Theory.ObjectiveBendOpenRecursion.Term) → motive (Minidregg.Theory.ObjectiveBendOpenRecursion.SourceFrame.binaryRight primitive left)) → motive t
ctor	Minidregg.Theory.ObjectiveBendOpenRecursion.SourceFrame.case	8f8e5f33451db5f65e6c29ff7fa83f44734855d6be9f23bf729211df1840def8	cd1306f977ac668069a9c69a7c02f0fa42977e1ff164ed95528253acff10c503	186613c278165571129a93cc6185b821b9a501beac165cf90018c42f5eca1be2	bc91ee0af5648729		List (String × Minidregg.Theory.ObjectiveBendOpenRecursion.Term) → Minidregg.Theory.ObjectiveBendOpenRecursion.SourceFrame
def	Minidregg.Theory.ObjectiveBendOpenRecursion.SourceFrame.case.elim	7ea3024653b453c8ba6557e5b9b294826ce58f4b1017e2f2e0565481a3e91bf3	749498f22071ecc0f8cc0c755ec8159bc0b58c415e789c446a31e63e9514e46a	23314d85bef546276744eeec493339a0ec9da3f3856977c58528004423b3756c	6aa3a949aaf9bbb2	-	{motive : Minidregg.Theory.ObjectiveBendOpenRecursion.SourceFrame → Sort u} → (t : Minidregg.Theory.ObjectiveBendOpenRecursion.SourceFrame) → t.ctorIdx = 6 → ((arms : List (String × Minidregg.Theory.ObjectiveBendOpenRecursion.Term)) → motive (Minidregg.Theory.ObjectiveBendOpenRecursion.SourceFrame.case arms)) → motive t
ctor	Minidregg.Theory.ObjectiveBendOpenRecursion.SourceFrame.condition	220a4399a0476918dc68d65b09fbc60bc1e8bb618cf03b9cbe6fe5dfa2bc6374	5b791cdfa36586f0015fc3aacdd8b79af2da0a8b9f7984ca7384ccf51ca613bd	634121ea7e7549fe478e2d9f6683a71f6283c27029bce43086af3bae5da59e21	6892fb49633c6fb2		Minidregg.Theory.ObjectiveBendOpenRecursion.Term → Minidregg.Theory.ObjectiveBendOpenRecursion.Term → Minidregg.Theory.ObjectiveBendOpenRecursion.SourceFrame
def	Minidregg.Theory.ObjectiveBendOpenRecursion.SourceFrame.condition.elim	c289db45e94e0650854e5d417a91a4dba4385920c0e31245cad01396a2eb226d	92daa217d25d6b82fefacc1fa271ad40e85572104c11265ddde093766d71c4c8	d5af960da9a924a4fc11069d45d0134a5c3c18146b18b946188aaae2ae1c2b52	2c029801ae9425d3	-	{motive : Minidregg.Theory.ObjectiveBendOpenRecursion.SourceFrame → Sort u} → (t : Minidregg.Theory.ObjectiveBendOpenRecursion.SourceFrame) → t.ctorIdx = 5 → ((zero successorBody : Minidregg.Theory.ObjectiveBendOpenRecursion.Term) → motive (Minidregg.Theory.ObjectiveBendOpenRecursion.SourceFrame.condition zero successorBody)) → motive t
ctor	Minidregg.Theory.ObjectiveBendOpenRecursion.SourceFrame.extend	8aab3a094e4c76fdffac312737b76052a663e36659ef8ee743b2847296a2de4b	cd1306f977ac668069a9c69a7c02f0fa42977e1ff164ed95528253acff10c503	7074a1efaa4addbe3d57421dd5f7c338d7484bed8f6e780c91739c3de527b3ef	c90ca9cf7b51dd94		List (String × Minidregg.Theory.ObjectiveBendOpenRecursion.Term) → Minidregg.Theory.ObjectiveBendOpenRecursion.SourceFrame
def	Minidregg.Theory.ObjectiveBendOpenRecursion.SourceFrame.extend.elim	a9c8e5170362ede02e51361bde81235d6717da12e789d8c945f0c80a13b5b7cb	20448ce662fecb757b50917c25598edafad327bcdeba869e1e07fcd1ea5da305	e1269c7e7f5f8e09235ec48a023b3fd170497b04b6ed3c535f240d17b587128f	0cbb69b9fbf209c6	-	{motive : Minidregg.Theory.ObjectiveBendOpenRecursion.SourceFrame → Sort u} → (t : Minidregg.Theory.ObjectiveBendOpenRecursion.SourceFrame) → t.ctorIdx = 2 → ((fields : List (String × Minidregg.Theory.ObjectiveBendOpenRecursion.Term)) → motive (Minidregg.Theory.ObjectiveBendOpenRecursion.SourceFrame.extend fields)) → motive t
ctor	Minidregg.Theory.ObjectiveBendOpenRecursion.SourceFrame.field	a982b6268db2a4925884232a6581c999ddb7deb6832fb104f669357a9c119c2a	528e1397a638208037470c8155d1334f233be3229d57578795991f61ba885868	42b0964b5823562ed1d748db0783a98ac3335dd47c9a7eb4d033d07070d627b8	2f0bfc264e940dbe		String → Minidregg.Theory.ObjectiveBendOpenRecursion.SourceFrame
def	Minidregg.Theory.ObjectiveBendOpenRecursion.SourceFrame.field.elim	e49df9f483f5a5ff449cbeae10f52f8b4c6c53c362370c492aecb28df7ec514b	574318d3814cf3cf8eee4c5daf827b91173eb912d06b01f9eae2e10ace52e91e	299fcf974498181346641d4bca483160237ed6bf8178a12e0317b1349d75659e	25b0f9d87166cf79	-	{motive : Minidregg.Theory.ObjectiveBendOpenRecursion.SourceFrame → Sort u} → (t : Minidregg.Theory.ObjectiveBendOpenRecursion.SourceFrame) → t.ctorIdx = 1 → ((name : String) → motive (Minidregg.Theory.ObjectiveBendOpenRecursion.SourceFrame.field name)) → motive t
ctor	Minidregg.Theory.ObjectiveBendOpenRecursion.SourceFrame.ifBool	92a8734ab981d7acf2a2f7d10cf66905a7a11f6c16c272498833638d339a4413	5b791cdfa36586f0015fc3aacdd8b79af2da0a8b9f7984ca7384ccf51ca613bd	f7dfc2ffa10af3b5244eea99ee671f041874fa6d7b3038fb1d9c637f9e428eee	ec467492b589cae9		Minidregg.Theory.ObjectiveBendOpenRecursion.Term → Minidregg.Theory.ObjectiveBendOpenRecursion.Term → Minidregg.Theory.ObjectiveBendOpenRecursion.SourceFrame
def	Minidregg.Theory.ObjectiveBendOpenRecursion.SourceFrame.ifBool.elim	4f9bf4ed7912fe22a9d9d6e3b4abfaf5fcb08c33c7e6d3720dd236fc29f275dc	9fddbf7440d132eac6e56ba30184e47ee7dc088be2f675108dc9dcb1b5e9cecc	6af8a792bb268b6a4c4d22e8bbe9da315d0932878b2ff5e7ce68c258d53d9e40	e18a07ffb509b3e7	-	{motive : Minidregg.Theory.ObjectiveBendOpenRecursion.SourceFrame → Sort u} → (t : Minidregg.Theory.ObjectiveBendOpenRecursion.SourceFrame) → t.ctorIdx = 7 → ((whenTrue whenFalse : Minidregg.Theory.ObjectiveBendOpenRecursion.Term) → motive (Minidregg.Theory.ObjectiveBendOpenRecursion.SourceFrame.ifBool whenTrue whenFalse)) → motive t
ctor	Minidregg.Theory.ObjectiveBendOpenRecursion.SourceFrame.metadata	78dbe44e69eb553207eca0b45953a4a55e81405a2f21941133d33b4bd479614a	15a2f45774177ad5b32082c45b37f3026816d2220aacca1445c9c76b447bed84	31e50ca6d8e0d91a950cb373fa36d8bb54135143e0bbd9a752b9da7d4ebd152e	f160e67c0780e52b		Minidregg.Theory.ObjectiveBendOpenRecursion.SourceFrame
def	Minidregg.Theory.ObjectiveBendOpenRecursion.SourceFrame.metadata.elim	6c892cf2c0b87aa88e4af3edef946fd2ca81d03391e0b17e958a6c26dfebbd2e	0c40defdced6fe9df3c3b2267542edc05ec767d9aab4763a8893080b6f91dabb	7c7d17ba7a40d59d50386e229619669e825a6ab48c1565dfda43b7580d6a9238	b10800874505293e	-	{motive : Minidregg.Theory.ObjectiveBendOpenRecursion.SourceFrame → Sort u} → (t : Minidregg.Theory.ObjectiveBendOpenRecursion.SourceFrame) → t.ctorIdx = 9 → motive Minidregg.Theory.ObjectiveBendOpenRecursion.SourceFrame.metadata → motive t
def	Minidregg.Theory.ObjectiveBendOpenRecursion.SourceFrame.plug	c68a694c78fff901fc9041a4a8b76db29385e26f7eed99c81e7a56b88769a077	3395b035b08d3e6b9a0a1dfaa3e271eff13bd5f3bb6c48a3d01da38180f1a106	73311f3e1c112fe6d470762b7daa71ea280f3709b294987da52dd4a537b5bf9c	0672f0b46333849e	-	Minidregg.Theory.ObjectiveBendOpenRecursion.SourceFrame → Minidregg.Theory.ObjectiveBendOpenRecursion.Term → Minidregg.Theory.ObjectiveBendOpenRecursion.Term
ctor	Minidregg.Theory.ObjectiveBendOpenRecursion.SourceFrame.project	659108819ff4bd502da595593faac44f0d24f15ed174a7f2a0037921bdbc9f23	15a2f45774177ad5b32082c45b37f3026816d2220aacca1445c9c76b447bed84	57a584726a8a317bb8c9b38a06b170fb6e988099dea32de38bcc434ecfd03076	ec933f97915bfa79		Minidregg.Theory.ObjectiveBendOpenRecursion.SourceFrame
def	Minidregg.Theory.ObjectiveBendOpenRecursion.SourceFrame.project.elim	309b12bb46fc43e00a66370f3f2be5474d0972101f90df4a90478c30cd75be07	4fd98f49839d3f7f6a7101a124e48c1f28d94e99b8b525196087af8cb797741a	75a4c4048fc0ea0f53e5d4ecda7dd3aea9ebd4aad3e5f6699d937b797af34647	1195629080d57f55	-	{motive : Minidregg.Theory.ObjectiveBendOpenRecursion.SourceFrame → Sort u} → (t : Minidregg.Theory.ObjectiveBendOpenRecursion.SourceFrame) → t.ctorIdx = 10 → motive Minidregg.Theory.ObjectiveBendOpenRecursion.SourceFrame.project → motive t
ctor	Minidregg.Theory.ObjectiveBendOpenRecursion.SourceFrame.reflect	a43e0e4aa60cf4ce185e2ba3cf6f7688004d316c53b4315b9295279c18052288	15a2f45774177ad5b32082c45b37f3026816d2220aacca1445c9c76b447bed84	9c5ae490231d849cd86203cc0ff847522572d3c474e7cc4f756c9e9f5b8f39b2	5c00a1b844976401		Minidregg.Theory.ObjectiveBendOpenRecursion.SourceFrame
def	Minidregg.Theory.ObjectiveBendOpenRecursion.SourceFrame.reflect.elim	011c66772ace722eb1e666fb3caa41d934c2170fcd93fc280f31edde34ef0ba2	d7677d44f261ed59f3dd785cf30337040298c5b89ff88f6e2559f457e395cb6e	476d86045a18b4a1c5865fde1b5a8c752adf74a9e3eb55a3e30ae3fd21453a7a	20391fc5a37e09db	-	{motive : Minidregg.Theory.ObjectiveBendOpenRecursion.SourceFrame → Sort u} → (t : Minidregg.Theory.ObjectiveBendOpenRecursion.SourceFrame) → t.ctorIdx = 8 → motive Minidregg.Theory.ObjectiveBendOpenRecursion.SourceFrame.reflect → motive t
inductive	Minidregg.Theory.ObjectiveBendOpenRecursion.Step	403e914f9c87bd3441253d5368b5f324b77b77fdc320ee7ea597a897f6082ab1	14c35c5503458c56268e22364cfe11ffc22574cb520264b044834c623419e910	14f8cf56178a86107d7aef51d938f291963f04eb803b9cedc1f570ebb31092f3	eb60fcb29cd9c08d		Minidregg.Theory.ObjectiveBendOpenRecursion.Term → Minidregg.Theory.ObjectiveBendOpenRecursion.Term → Prop
ctor	Minidregg.Theory.ObjectiveBendOpenRecursion.Step.application	cfc1e1cae394035e52b5c2886a642144e655930bb811da896224f73dfe19dc72	a4c08e346d6f85665d2ef061606dca98e507967d1d94e3a4af185b73d8b63478	096808dc464ab9287e1a6f40ddd0b5d247b91a89908abd2a371d23deaf42015e	77a12f701bc5d37a		∀ {function next : Minidregg.Theory.ObjectiveBendOpenRecursion.Term} (argument : Minidregg.Theory.ObjectiveBendOpenRecursion.Term), Minidregg.Theory.ObjectiveBendOpenRecursion.Step function next → Minidregg.Theory.ObjectiveBendOpenRecursion.Step (function.app argument) (next.app argument)
ctor	Minidregg.Theory.ObjectiveBendOpenRecursion.Step.applySpecification	5e99da4d31d7fd286b9f809b86000e5bd5ac91247b7e13347e71b74af2cced33	5d1496d9a4138ed0272911c9db4e07655a42c867735d9c33fbf8a29c9adf6e1d	acd14bd39c05ebff39753ee0d5fbcc8e01bc3df7bb4c51463497f02958ea3788	2cf8064660bfb0d7		∀ (metadata extension argument : Minidregg.Theory.ObjectiveBendOpenRecursion.Term), Minidregg.Theory.ObjectiveBendOpenRecursion.Step ((metadata.specification extension).app argument) (extension.app argument)
ctor	Minidregg.Theory.ObjectiveBendOpenRecursion.Step.beta	d31f468d89d63632e0b32b7ae53afb16aabe395f2f5647b16a00792b7d390db3	9739cf48d3ac17e8efbad2ef101087e7d39959e273363383f36bb23646d64659	cee572c79efe9343c2fc694324ff915b38562c394c78996d1b41dd01fd91abb9	007d09c1b5bf7951		∀ (body argument : Minidregg.Theory.ObjectiveBendOpenRecursion.Term), Minidregg.Theory.ObjectiveBendOpenRecursion.Step (body.lam.app argument) (Minidregg.Theory.ObjectiveBendOpenRecursion.instantiate body argument)
ctor	Minidregg.Theory.ObjectiveBendOpenRecursion.Step.binaryLeft	f2dd687526c09e179777b1acaa382f3b9a54472be785d210a134934e10ba5548	11ac54983ead343b8c23892fea3c70e3e7e32072f6b700708a5c4bfb9bae592b	cd1501c893e36596fbea527bde7b742a48a783f067d356fd97960006fbf91fec	28816917e01a8155		∀ {left next : Minidregg.Theory.ObjectiveBendOpenRecursion.Term} (primitive : Minidregg.Theory.ObjectiveBendOpenRecursion.Primitive) (right : Minidregg.Theory.ObjectiveBendOpenRecursion.Term), Minidregg.Theory.ObjectiveBendOpenRecursion.Step left next → Minidregg.Theory.ObjectiveBendOpenRecursion.Step (Minidregg.Theory.ObjectiveBendOpenRecursion.Term.binary primitive left right) (Minidregg.Theory.ObjectiveBendOpenRecursion.Term.binary primitive next right)
ctor	Minidregg.Theory.ObjectiveBendOpenRecursion.Step.binaryRight	133583a08ae0b503b15d266ef6d97c7c0444975368e884e61726118f737ab533	98445999660ee3d7b16b7e156a26c5fc5ec338ddca9ca637eb043b48ac9e62b0	3beb70b032b4245ea0591ddb0fcb7b73a0b33f7f14870de3697b4ec0a8808f3e	3635daf6976fbb89		∀ {right next : Minidregg.Theory.ObjectiveBendOpenRecursion.Term} (primitive : Minidregg.Theory.ObjectiveBendOpenRecursion.Primitive) (left : Minidregg.Theory.ObjectiveBendOpenRecursion.Term), Minidregg.Theory.ObjectiveBendOpenRecursion.Value left → Minidregg.Theory.ObjectiveBendOpenRecursion.Step right next → Minidregg.Theory.ObjectiveBendOpenRecursion.Step (Minidregg.Theory.ObjectiveBendOpenRecursion.Term.binary primitive left right) (Minidregg.Theory.ObjectiveBendOpenRecursion.Term.binary primitive left next)
ctor	Minidregg.Theory.ObjectiveBendOpenRecursion.Step.caseInject	8762b8309e98f84c9c768ace46cf3d167b4136a16ead7e99d30760265ee09556	c5ff02ecfcc4bf20beb7471c7beba7e65b9968716c74797a2596dcdc764cbc64	49b50d178bf40805d64f203b2d5f9fef1f199f53e7e03b0db8b5520812004cd3	a11ae31ae9b6fda3		∀ (label : String) (payload : Minidregg.Theory.ObjectiveBendOpenRecursion.Term) (arms : List (String × Minidregg.Theory.ObjectiveBendOpenRecursion.Term)) (body : Minidregg.Theory.ObjectiveBendOpenRecursion.Term), List.find? (fun arm => arm.fst == label) arms = Option.some (label, body) → Minidregg.Theory.ObjectiveBendOpenRecursion.Step ((Minidregg.Theory.ObjectiveBendOpenRecursion.Term.inject label payload).case arms) (Minidregg.Theory.ObjectiveBendOpenRecursion.instantiate body payload)
ctor	Minidregg.Theory.ObjectiveBendOpenRecursion.Step.caseTarget	7f555852ca93ede8c32fd105ba54d86fcbb972d1bb0a5d9fdbfa2c21e5657e64	db03427752ec6af6295755e0cd72b898feb1f9a56c3061b288f6bcd0836e6bce	f92274eaab482b28e93bd2bd1b316de20566b9e24fee1a6741cf717df4a61d77	758a02508e63405e		∀ {scrutinee next : Minidregg.Theory.ObjectiveBendOpenRecursion.Term} (arms : List (String × Minidregg.Theory.ObjectiveBendOpenRecursion.Term)), Minidregg.Theory.ObjectiveBendOpenRecursion.Step scrutinee next → Minidregg.Theory.ObjectiveBendOpenRecursion.Step (scrutinee.case arms) (next.case arms)
ctor	Minidregg.Theory.ObjectiveBendOpenRecursion.Step.condition	71970289185bdc013f7cdc832dc4a753950254b73ca7dfe32e55d43f91281b7b	28fa6bbd6ee12d66bb10d199bc6c96fbe94c3a253b982a1541da95d112d4d9c1	4ef091873e50fe6c633fe9683b98c7a3a37a25a015a423a5013c1366b34238da	efb98c0c6dd643a3		∀ {value next : Minidregg.Theory.ObjectiveBendOpenRecursion.Term} (zero successorBody : Minidregg.Theory.ObjectiveBendOpenRecursion.Term), Minidregg.Theory.ObjectiveBendOpenRecursion.Step value next → Minidregg.Theory.ObjectiveBendOpenRecursion.Step (value.ifZero zero successorBody) (next.ifZero zero successorBody)
ctor	Minidregg.Theory.ObjectiveBendOpenRecursion.Step.done	7fd605c3c9dd27999f6772528ef05cc2d3494da2c1aba400bb6373b32de9e4d0	0aad89b60dc634cd68af55d5ad3ab49b6b987adc809f0a89f9102332a3530bb6	1535638f43e61e84b87d9bd88dd1a1732fb4413f4965b37156addf3f1ecd3d2e	9b883e281bb00266		∀ (value : Minidregg.Theory.ObjectiveBendOpenRecursion.Term), Minidregg.Theory.ObjectiveBendOpenRecursion.Step value.done value
ctor	Minidregg.Theory.ObjectiveBendOpenRecursion.Step.extendRecord	b695206486eec0460b4e8d8750b1e64d2d6c026d70d409b926f4c6d0c31cdf6f	c1e0b1225e0e18f57447bcd081d65e4d2e4154085d9e1b6467c8e1e2c5870a2f	25b4759ab48b2ec11a870c3b1b11b2baba1756595273f7f09cd32efcd0e56d68	c891433ef87de2ed		∀ (inherited fields : List (String × Minidregg.Theory.ObjectiveBendOpenRecursion.Term)), Minidregg.Theory.ObjectiveBendOpenRecursion.Step ((Minidregg.Theory.ObjectiveBendOpenRecursion.Term.record inherited).extend fields) (Minidregg.Theory.ObjectiveBendOpenRecursion.Term.record (Minidregg.Theory.ObjectiveBendOpenRecursion.extendFields inherited fields))
ctor	Minidregg.Theory.ObjectiveBendOpenRecursion.Step.extendTarget	663481f33bc9c982715c253e5283bff0bd01c3430b6a2e38aa6b32dd3187feb7	a3c548019a7d96204d4d45d1ae5840443b47c703b5d2b4282cbb25426891587e	6967bf8f618f625e187b4b2340ad059fd13818542e0bf1609a9d982d0a23926b	4a33a2ddbd0cd8ad		∀ {inherited next : Minidregg.Theory.ObjectiveBendOpenRecursion.Term} (fields : List (String × Minidregg.Theory.ObjectiveBendOpenRecursion.Term)), Minidregg.Theory.ObjectiveBendOpenRecursion.Step inherited next → Minidregg.Theory.ObjectiveBendOpenRecursion.Step (inherited.extend fields) (next.extend fields)
ctor	Minidregg.Theory.ObjectiveBendOpenRecursion.Step.field	fb14d469c4deda6eb106a529e28d7e984f8723fcc987d148536f3a25cdcc5aaa	31802e85d4fea54bce448bac6ef76e41944caabb03f28eef60960669e512009d	ecbb95d8045b54111aed7000666de214e1da071a801722e9b6c37b6e2ce32948	5d4c62b36129d66e		∀ (fields : List (String × Minidregg.Theory.ObjectiveBendOpenRecursion.Term)) (name : String) (body : Minidregg.Theory.ObjectiveBendOpenRecursion.Term), List.find? (fun field => field.fst == name) fields = Option.some (name, body) → Minidregg.Theory.ObjectiveBendOpenRecursion.Step ((Minidregg.Theory.ObjectiveBendOpenRecursion.Term.record fields).get name) body
ctor	Minidregg.Theory.ObjectiveBendOpenRecursion.Step.fix	99851bc2c773349c8e610b55d69eff03d315dd6be074135087cac7b9ca11c101	323d41d3e310b09b45e403afc1e14c16c17e9d811e548fe8b3ebc342e5d45a4b	2c58ca6e93d99812c6336567f5109d101fd75a003098182cdedec12e975c2717	f5ae4d2d38c8023b		∀ (spec inherited : Minidregg.Theory.ObjectiveBendOpenRecursion.Term), Minidregg.Theory.ObjectiveBendOpenRecursion.Step (spec.fix inherited) ((spec.app (spec.fix inherited)).app inherited)
ctor	Minidregg.Theory.ObjectiveBendOpenRecursion.Step.ifCondition	5279044c8ac0cd04540316fd0978be4c529590e4c2c8b9857fcf9db77b4ebc4e	9bbbae0466bd59450ae8167fb822f2897af2ccecd1f5cc3362282cfa239ceb7e	41718e03a144b3b1895150a9f5948fdc8fc91dcd8559129561dd6c7a66a9f04b	ca9d7d4268360f6f		∀ {condition next : Minidregg.Theory.ObjectiveBendOpenRecursion.Term} (whenTrue whenFalse : Minidregg.Theory.ObjectiveBendOpenRecursion.Term), Minidregg.Theory.ObjectiveBendOpenRecursion.Step condition next → Minidregg.Theory.ObjectiveBendOpenRecursion.Step (condition.ifBool whenTrue whenFalse) (next.ifBool whenTrue whenFalse)
ctor	Minidregg.Theory.ObjectiveBendOpenRecursion.Step.ifFalse	a1efdeed9be53c129d7f888bd6a37679086e4620c0d34f93401db5876c8b9cea	d23706bad432a0b3ac5fcdc741b28ebb5d0c040efae003a2e44ca323b766f708	0a97d1fba50a25b9aca1887e09f86bfa3e8b4dcfce39bc1503fc009a62b3443f	b5ff1cfe38142774		∀ (whenTrue whenFalse : Minidregg.Theory.ObjectiveBendOpenRecursion.Term), Minidregg.Theory.ObjectiveBendOpenRecursion.Step ((Minidregg.Theory.ObjectiveBendOpenRecursion.Term.boolean Bool.false).ifBool whenTrue whenFalse) whenFalse
ctor	Minidregg.Theory.ObjectiveBendOpenRecursion.Step.ifTrue	da79d353a5f12e2ad494fe5826da1143f88dadcbb1fb02b300727a8b8096928c	164eb38d6c7e1e81940a79d21bc1449a89839aab7620e70666dd4a9bcf5a4221	429eed52432c640c11e96d881bb2a616c2b4aab4ad2640daa15e4b1a3dec6ecf	56c499e03e2a2cdb		∀ (whenTrue whenFalse : Minidregg.Theory.ObjectiveBendOpenRecursion.Term), Minidregg.Theory.ObjectiveBendOpenRecursion.Step ((Minidregg.Theory.ObjectiveBendOpenRecursion.Term.boolean Bool.true).ifBool whenTrue whenFalse) whenTrue
ctor	Minidregg.Theory.ObjectiveBendOpenRecursion.Step.metadataSpecification	de7e7840d5547856747214a22f6a036b6cbf9a97241e800828ff0417c7dd53f1	6162840880775bbf476331b408b5131f6de6f2bdacd438fd6b49b45f89293700	92caa0d9480b45871cabd529180f4b849a64d3d588a56a7e4f642c7e596fc01a	cc399ed9df4094ab		∀ (metadata extension : Minidregg.Theory.ObjectiveBendOpenRecursion.Term), Minidregg.Theory.ObjectiveBendOpenRecursion.Step (metadata.specification extension).metadata metadata
ctor	Minidregg.Theory.ObjectiveBendOpenRecursion.Step.metadataStep	33b61e611d07f9f45f7fe20dcff9514abc7d47df87e7e9849859ea1c3d4f2cac	b63c4a1571b8598a48c2e53f77949abba0e3d4e91398064347b9d84f4b0109a0	c04036d345bfb81d4eb993dacbee9e69fcf3c4194f6240b3257d8513b12339b6	6f070289d473569d		∀ {term next : Minidregg.Theory.ObjectiveBendOpenRecursion.Term}, Minidregg.Theory.ObjectiveBendOpenRecursion.Step term next → Minidregg.Theory.ObjectiveBendOpenRecursion.Step term.metadata next.metadata
ctor	Minidregg.Theory.ObjectiveBendOpenRecursion.Step.mix	c4a8dfc38256d7c00b2892c754493fd75204a2bb56527023444fccd2c1a8f124	2fc0567126e775593b2bddd32b712532af132c0462227da41fbf8d5f9c243374	4cc462a2e84c8ba1db1288d2fe610d8461b1c13762d02cb7be4db5ea19b8933e	39adbf80216a27c8		∀ (lower upper : Minidregg.Theory.ObjectiveBendOpenRecursion.Term), Minidregg.Theory.ObjectiveBendOpenRecursion.Step (lower.mix upper) (Minidregg.Theory.ObjectiveBendOpenRecursion.mixBody lower upper)
ctor	Minidregg.Theory.ObjectiveBendOpenRecursion.Step.primitive	6bb8ff8e275ae3577c26427edc2572e2521a9d577f60b255eba24770beb94d02	b2494e5a4147e821c6a2b844e3d0f895171a0fd2d1cdef8bcb5af1fb07decc03	a38565a1ec20cc2981cfe06723e78d4cb18d82bbd9ea371021d609d12a74111d	e9fb50bcd8b61f16		∀ (primitive : Minidregg.Theory.ObjectiveBendOpenRecursion.Primitive) (left right result : Minidregg.Theory.ObjectiveBendOpenRecursion.Term), Minidregg.Theory.ObjectiveBendOpenRecursion.Value left → Minidregg.Theory.ObjectiveBendOpenRecursion.Value right → Minidregg.Theory.ObjectiveBendOpenRecursion.primitiveResult primitive left right = Option.some result → Minidregg.Theory.ObjectiveBendOpenRecursion.Step (Minidregg.Theory.ObjectiveBendOpenRecursion.Term.binary primitive left right) result
ctor	Minidregg.Theory.ObjectiveBendOpenRecursion.Step.projectPrototype	22700ca67da07b7896768b19f15ac5be51caecf1a257cc732b4342efada5e311	758944f065eb76647313048eaecac336087e9fca4c4a47149b782bd217e2e6c7	b0240157e3b070fe939a7f085b1b81e4b7a7fabb8dfcbdc227720e5db00062af	c21b409c73f93074		∀ (spec target : Minidregg.Theory.ObjectiveBendOpenRecursion.Term), Minidregg.Theory.ObjectiveBendOpenRecursion.Step (spec.prototype target).project target
ctor	Minidregg.Theory.ObjectiveBendOpenRecursion.Step.projectStep	b99d373186ad412a85f4b1f0014e882016f247ac1012ec45416f57ab337a654f	1ebd0820f1b7e00b32777ba75a53af84710d1e1607f904d7a5f76a63f17343e9	291715fe4274535679523c60698f3eb321fb0df322659bf9bb11f917e4ee640c	aff6055b368d1170		∀ {term next : Minidregg.Theory.ObjectiveBendOpenRecursion.Term}, Minidregg.Theory.ObjectiveBendOpenRecursion.Step term next → Minidregg.Theory.ObjectiveBendOpenRecursion.Step term.project next.project
ctor	Minidregg.Theory.ObjectiveBendOpenRecursion.Step.reflectPrototype	99efc2aeaa1906cb9c06e205093231b25633c1fb729770399144fe78a774ebdc	714754381f4103089cd4ce691dde296b499eef260eadbbf6f0e22b20ebc1b59a	86b4e95bd6c1853172de0477b1941bf91235908e9e1bac0e9ac83952d3cd3b0a	369688734b482f8f		∀ (spec target : Minidregg.Theory.ObjectiveBendOpenRecursion.Term), Minidregg.Theory.ObjectiveBendOpenRecursion.Step (spec.prototype target).reflect spec
ctor	Minidregg.Theory.ObjectiveBendOpenRecursion.Step.reflectStep	ef660b3878bc6c2e3c099e7ae92bbd425451a6d778887c7769be96981f057fbf	6a70ddba8a318887496a700b87409b074e17f969c3fe05520e9f744b9e09b090	4f61e2f34118ae5bc7b1f9e10eccb7e4b601d1efebeb81024e9b81f06b058ca9	d15f17fc89217846		∀ {term next : Minidregg.Theory.ObjectiveBendOpenRecursion.Term}, Minidregg.Theory.ObjectiveBendOpenRecursion.Step term next → Minidregg.Theory.ObjectiveBendOpenRecursion.Step term.reflect next.reflect
ctor	Minidregg.Theory.ObjectiveBendOpenRecursion.Step.successor	87dfd4dc604bb67fb83b802f823842905ab285e6369c282d3b8714a79b0b9a73	e44df1b758aa6dea4c34c43f771cc29576b9ce432a0dc8facef6f0b89716481d	949785363c1fe2cb78bce42afe763b288a7e17fe14e7f5a3e841844b23f6119b	63b947dad07530a5		∀ (n : Nat) (zero successorBody : Minidregg.Theory.ObjectiveBendOpenRecursion.Term), Minidregg.Theory.ObjectiveBendOpenRecursion.Step ((Minidregg.Theory.ObjectiveBendOpenRecursion.Term.nat (n + 1)).ifZero zero successorBody) (Minidregg.Theory.ObjectiveBendOpenRecursion.instantiate successorBody (Minidregg.Theory.ObjectiveBendOpenRecursion.Term.nat n))
ctor	Minidregg.Theory.ObjectiveBendOpenRecursion.Step.target	7be6f3dbef92b76210fbb611f768dd3d71f18225c732db5cefc8e0833713084c	0fb47d8b2a6f8939e4aa13cf83d46e0163600119e754ea60bffed9fc93e034c7	1019777b9202f2858a3760b5baf0ead7694b1aa4c1e7b29a4a3e849e6a4a6bab	4010366029be9dc6		∀ {target next : Minidregg.Theory.ObjectiveBendOpenRecursion.Term} (name : String), Minidregg.Theory.ObjectiveBendOpenRecursion.Step target next → Minidregg.Theory.ObjectiveBendOpenRecursion.Step (target.get name) (next.get name)
ctor	Minidregg.Theory.ObjectiveBendOpenRecursion.Step.zero	3a877c3a022e2068a42c10bd06a390dc477a484a6e9da68cae0f510838001ead	a94e91b82d61dd00e6d82efaa37652d519b9a5603864bd7114d96c9260e9fda4	35d5932aeac518a98b0c33d4cf5b43e06bc41bb7bbdfe0e3f210c55a1a7bd211	ee9f0f80fc7fcab1		∀ (zero successorBody : Minidregg.Theory.ObjectiveBendOpenRecursion.Term), Minidregg.Theory.ObjectiveBendOpenRecursion.Step ((Minidregg.Theory.ObjectiveBendOpenRecursion.Term.nat 0).ifZero zero successorBody) zero
inductive	Minidregg.Theory.ObjectiveBendOpenRecursion.Steps	d6425c958c149eec89dcc5b4b99c2b2b798540e7673a7ca5a99ace5fda69be69	14c35c5503458c56268e22364cfe11ffc22574cb520264b044834c623419e910	0e3f9c9cb8c4d9178e55576c05717fa9921041430eafd16215cd52bb682832ad	ee71e325cfc82bed		Minidregg.Theory.ObjectiveBendOpenRecursion.Term → Minidregg.Theory.ObjectiveBendOpenRecursion.Term → Prop
ctor	Minidregg.Theory.ObjectiveBendOpenRecursion.Steps.next	9828471d5d1070f97e33796fc9994e9e8cae157f8ca63444f373bed9460095f6	73dec02e1958ef6cc24b2254a10eba6c9190a3f43fd616d2963acd2272c2f42e	0c8b9cc310df55aad442bbe249e4eee4ef60461026812f446f44c9cd4e47f62b	b507cb890594375c		∀ {initial middle result : Minidregg.Theory.ObjectiveBendOpenRecursion.Term}, Minidregg.Theory.ObjectiveBendOpenRecursion.Step initial middle → Minidregg.Theory.ObjectiveBendOpenRecursion.Steps middle result → Minidregg.Theory.ObjectiveBendOpenRecursion.Steps initial result
ctor	Minidregg.Theory.ObjectiveBendOpenRecursion.Steps.refl	5c27fec2b147ca4814d2e1e89070ad2b55c94934059b029307c2ae7d99cc452e	8905154cd27ba9a7a6329c10d8be7ae0e96a17950c1606210b03683308194acf	5c970e59d392af19eaf793f4d292170de5e16f480da9c7e3038a57315cd0a486	2a2f75d05970c3a5		∀ (term : Minidregg.Theory.ObjectiveBendOpenRecursion.Term), Minidregg.Theory.ObjectiveBendOpenRecursion.Steps term term
inductive	Minidregg.Theory.ObjectiveBendOpenRecursion.Term	8befc127f9cfe4f9029cb35e0e70898460345ea7b90d68b881acf7dc0efa7a02	16946b93ac38405660f51e475eb5aa7d25b54f5e5677e0f6a10a4526cc071cbf	d190bbab1b9d6c13fac2f95857e975c6d9b4fae5997d5bfab94994598f3f7156	48bad029fc69f103		Type
ctor	Minidregg.Theory.ObjectiveBendOpenRecursion.Term.app	16b9c36bb3930eebc9ee4789ebed0a9c5487e85342710aab22809e96da3ec56a	1f9341c519dd0192b232b4e59489d8aeac20a844dc46918f373d7bd36de092de	acc11565d524a3da669d7468e475db350e77eb2e34816d0f27bf48d31c7728c4	2a73d96846cdea7b		Minidregg.Theory.ObjectiveBendOpenRecursion.Term → Minidregg.Theory.ObjectiveBendOpenRecursion.Term → Minidregg.Theory.ObjectiveBendOpenRecursion.Term
def	Minidregg.Theory.ObjectiveBendOpenRecursion.Term.app.elim	18a1ceef7fa0e87932e22274c2abe7acbf66ae4cb9e9f52b90d24fba6bce7ad6	1a047bd002b4fbcfb94b766bb34dde3a849150b4095664a24641edfb7f469390	85b2a1a75884bbeca45f73733580910cb8c552427815ab6f4c542de3e0fda92c	31f848537c457fd8	-	{motive_1 : Minidregg.Theory.ObjectiveBendOpenRecursion.Term → Sort u} → (t : Minidregg.Theory.ObjectiveBendOpenRecursion.Term) → t.ctorIdx = 2 → ((function argument : Minidregg.Theory.ObjectiveBendOpenRecursion.Term) → motive_1 (function.app argument)) → motive_1 t
def	Minidregg.Theory.ObjectiveBendOpenRecursion.Term.below_1	263ad0ce23f0f087336d82fcf3b50c10ec63b29c8d37baa4786b867d02f719e2	21cb3f33d6c8099a78c4eb2236b88d394c39303a27f80f641fe1433630d4a542	711ea23bbdc3245f8552c5bb1c9e8c018bebee48df205482f21ed0cfff1e92f8	372389411b173859	-	{motive_1 : Minidregg.Theory.ObjectiveBendOpenRecursion.Term → Sort u} → {motive_2 : List (String × Minidregg.Theory.ObjectiveBendOpenRecursion.Term) → Sort u} → {motive_3 : String × Minidregg.Theory.ObjectiveBendOpenRecursion.Term → Sort u} → List (String × Minidregg.Theory.ObjectiveBendOpenRecursion.Term) → Sort (max 1 u)
def	Minidregg.Theory.ObjectiveBendOpenRecursion.Term.below_2	174d7f1f5c701b5868f6cd17205bcb95e90d3df05c9028487391413e9373fc9c	5b94f21d73dc97ac38adee746621ddb17df687747707ca8ca07049c5cec2636c	d7fb7e5da0ade2a08f371d557b188e0c5a8d2fc2d97e63c588a87a5eb026653b	13b80c250cf66353	-	{motive_1 : Minidregg.Theory.ObjectiveBendOpenRecursion.Term → Sort u} → {motive_2 : List (String × Minidregg.Theory.ObjectiveBendOpenRecursion.Term) → Sort u} → {motive_3 : String × Minidregg.Theory.ObjectiveBendOpenRecursion.Term → Sort u} → String × Minidregg.Theory.ObjectiveBendOpenRecursion.Term → Sort (max 1 u)
ctor	Minidregg.Theory.ObjectiveBendOpenRecursion.Term.binary	5fcd90b8a330378e33656161b105cfa050bf6d3eea7e5ef8759498ea96b8e99a	84b662ed73a35479a11146f490e8ac1836aaaa530feb8e9d4363376aef9b0fbc	2d999d754789533034faa6bc3c0c07b93576935bc1da9cbe74786e47cda37006	bb36ed85d2f9b0d7		Minidregg.Theory.ObjectiveBendOpenRecursion.Primitive → Minidregg.Theory.ObjectiveBendOpenRecursion.Term → Minidregg.Theory.ObjectiveBendOpenRecursion.Term → Minidregg.Theory.ObjectiveBendOpenRecursion.Term
def	Minidregg.Theory.ObjectiveBendOpenRecursion.Term.binary.elim	d2f74c4692371c64689a1d07292e08adbee8121f42d72a4381c8ede10c85e499	7d63b4774fab99c2829e0462ec3a3e69df3e22fc5ad2f6ddb0dec863b09226b2	dab491d8c33740c7977c03b4e2739b13ac589b7c2f2f4592598615894f3bd370	b3c9c2b2187726ab	-	{motive_1 : Minidregg.Theory.ObjectiveBendOpenRecursion.Term → Sort u} → (t : Minidregg.Theory.ObjectiveBendOpenRecursion.Term) → t.ctorIdx = 13 → ((primitive : Minidregg.Theory.ObjectiveBendOpenRecursion.Primitive) → (left right : Minidregg.Theory.ObjectiveBendOpenRecursion.Term) → motive_1 (Minidregg.Theory.ObjectiveBendOpenRecursion.Term.binary primitive left right)) → motive_1 t
ctor	Minidregg.Theory.ObjectiveBendOpenRecursion.Term.boolean	c2a6d2ce8c192b63e78b811658970584efd52b7c9ae30481d02522a739eae6de	3dae7b1fd2bb1193b53651dd9367eb7c7850295a9530fec80893a72ba9ee50a3	c99c15862be3fc8e0a41f9282bb000b7d42a8ada89ff2ce9d24da25046fbb360	e905a25154b98b43		Bool → Minidregg.Theory.ObjectiveBendOpenRecursion.Term
def	Minidregg.Theory.ObjectiveBendOpenRecursion.Term.boolean.elim	9e2e75cab1ab727875d1bd79f40ee10994355a3a4c2bf95811ab86aad5a70d66	9a078536bbe9c3937fb2380b925201f195c1992ef770b9f664181691a0a7eca0	e3efd0798143835e4d51036eb1579153535e14a2965529c60133e59c0dddf5fa	3c7f8bf44baf2b75	-	{motive_1 : Minidregg.Theory.ObjectiveBendOpenRecursion.Term → Sort u} → (t : Minidregg.Theory.ObjectiveBendOpenRecursion.Term) → t.ctorIdx = 11 → ((value : Bool) → motive_1 (Minidregg.Theory.ObjectiveBendOpenRecursion.Term.boolean value)) → motive_1 t
ctor	Minidregg.Theory.ObjectiveBendOpenRecursion.Term.bound	b11e9e61c2dfa600222c32adaf0a6ef50c91e0b365e2544121ae043afcfd3067	0409610da215a6096e16419e0e4c94d329f4348fe9523db32116f2cc0e33783a	f2ecbbe97a674146205fae86f98b0ef03c98023f1942c16dc013883a87a973c4	6378e3fd55c47bfd		Nat → Minidregg.Theory.ObjectiveBendOpenRecursion.Term
def	Minidregg.Theory.ObjectiveBendOpenRecursion.Term.bound.elim	db3e5028e9664e02c6049645a4de797a0f290b4a3f757505a062e17850f44012	eea04e2558bdafb0c9230fd0396b3401064f26240c9bbc0268955ba8c7feacba	a78ba867bf0f6166f21df51c0f50de44cc7f2d40db3464eaef6c4dc9bbd1243a	c0db079bcd23dde9	-	{motive_1 : Minidregg.Theory.ObjectiveBendOpenRecursion.Term → Sort u} → (t : Minidregg.Theory.ObjectiveBendOpenRecursion.Term) → t.ctorIdx = 0 → ((index : Nat) → motive_1 (Minidregg.Theory.ObjectiveBendOpenRecursion.Term.bound index)) → motive_1 t
def	Minidregg.Theory.ObjectiveBendOpenRecursion.Term.brecOn_1	325a6a1f7b9284a31a3da5606a32178453e476f3b26bd01c959ac8b88c83ab5e	08b7e632d4a964c5318781d707d206d6f6e234f1882c7fdfc265312115e29e40	0c6dbb6153b35f2947c0cafa9eb045cfcc2bcd2c4ff1d2aafc867d23ebf873ca	62650922c1fdf929	-	{motive_1 : Minidregg.Theory.ObjectiveBendOpenRecursion.Term → Sort u} → {motive_2 : List (String × Minidregg.Theory.ObjectiveBendOpenRecursion.Term) → Sort u} → {motive_3 : String × Minidregg.Theory.ObjectiveBendOpenRecursion.Term → Sort u} → (t : List (String × Minidregg.Theory.ObjectiveBendOpenRecursion.Term)) → ((t : Minidregg.Theory.ObjectiveBendOpenRecursion.Term) → t.below → motive_1 t) → ((t : List (String × Minidregg.Theory.ObjectiveBendOpenRecursion.Term)) → Minidregg.Theory.ObjectiveBendOpenRecursion.Term.below_1 t → motive_2 t) → ((t : String × Minidregg.Theory.ObjectiveBendOpenRecursion.Term) → Minidregg.Theory.ObjectiveBendOpenRecursion.Term.below_2 t → motive_3 t) → motive_2 t
theorem	Minidregg.Theory.ObjectiveBendOpenRecursion.Term.brecOn_1.eq	bcde103e2044f63f0b66f1448ba75c7704103dd0605da1ff4b2cc5fbde6225b5	ecdab6b4dd4a714159984aac52c274704f6b5928d69282393752f3776085ae2e	fc59eee3ac71c4938cb05e214514455009e9ebdab1ce0bf03ccfdbe686e673d3	30574e8e2756655f	-	∀ {motive_1 : Minidregg.Theory.ObjectiveBendOpenRecursion.Term → Sort u} {motive_2 : List (String × Minidregg.Theory.ObjectiveBendOpenRecursion.Term) → Sort u} {motive_3 : String × Minidregg.Theory.ObjectiveBendOpenRecursion.Term → Sort u} (t : List (String × Minidregg.Theory.ObjectiveBendOpenRecursion.Term)) (F_1 : (t : Minidregg.Theory.ObjectiveBendOpenRecursion.Term) → t.below → motive_1 t) (F_2 : (t : List (String × Minidregg.Theory.ObjectiveBendOpenRecursion.Term)) → Minidregg.Theory.ObjectiveBendOpenRecursion.Term.below_1 t → motive_2 t) (F_3 : (t : String × Minidregg.Theory.ObjectiveBendOpenRecursion.Term) → Minidregg.Theory.ObjectiveBendOpenRecursion.Term.below_2 t → motive_3 t), Minidregg.Theory.ObjectiveBendOpenRecursion.Term.brecOn_1 t F_1 F_2 F_3 = F_2 t (Minidregg.Theory.ObjectiveBendOpenRecursion.Term.brecOn_1.go t F_1 F_2 F_3).2
def	Minidregg.Theory.ObjectiveBendOpenRecursion.Term.brecOn_1.go	e9247c95ebae9dcfc41a8c3b4616cd7692de1df1863880f042cd49f76155b5a1	502f43db086c7174a15fc7f11edc3c87fc70bf512c90e593a22409ede32b43ef	d35971c89da58d6a7ab3fb746ef6b70e269fa6d9e98e2044c2f1c3f946335c59	698d5253b6f994ac	-	{motive_1 : Minidregg.Theory.ObjectiveBendOpenRecursion.Term → Sort u} → {motive_2 : List (String × Minidregg.Theory.ObjectiveBendOpenRecursion.Term) → Sort u} → {motive_3 : String × Minidregg.Theory.ObjectiveBendOpenRecursion.Term → Sort u} → (t : List (String × Minidregg.Theory.ObjectiveBendOpenRecursion.Term)) → ((t : Minidregg.Theory.ObjectiveBendOpenRecursion.Term) → t.below → motive_1 t) → ((t : List (String × Minidregg.Theory.ObjectiveBendOpenRecursion.Term)) → Minidregg.Theory.ObjectiveBendOpenRecursion.Term.below_1 t → motive_2 t) → ((t : String × Minidregg.Theory.ObjectiveBendOpenRecursion.Term) → Minidregg.Theory.ObjectiveBendOpenRecursion.Term.below_2 t → motive_3 t) → motive_2 t ×' Minidregg.Theory.ObjectiveBendOpenRecursion.Term.below_1 t
def	Minidregg.Theory.ObjectiveBendOpenRecursion.Term.brecOn_2	a730e933f852fd144153626754da9ae34a891cbb5f7ed52c571a31d7b80cc1f8	f41fcf75a5df114f5f1fa655ad77e2bc4c7af1de3cc0ebc54f317e9ad3fdfed7	1c65b31f7de9ba9595efbad6a3fb33c52081be3bdc86f0b662c8757fb49853a8	a175c3d99593fb6d	-	{motive_1 : Minidregg.Theory.ObjectiveBendOpenRecursion.Term → Sort u} → {motive_2 : List (String × Minidregg.Theory.ObjectiveBendOpenRecursion.Term) → Sort u} → {motive_3 : String × Minidregg.Theory.ObjectiveBendOpenRecursion.Term → Sort u} → (t : String × Minidregg.Theory.ObjectiveBendOpenRecursion.Term) → ((t : Minidregg.Theory.ObjectiveBendOpenRecursion.Term) → t.below → motive_1 t) → ((t : List (String × Minidregg.Theory.ObjectiveBendOpenRecursion.Term)) → Minidregg.Theory.ObjectiveBendOpenRecursion.Term.below_1 t → motive_2 t) → ((t : String × Minidregg.Theory.ObjectiveBendOpenRecursion.Term) → Minidregg.Theory.ObjectiveBendOpenRecursion.Term.below_2 t → motive_3 t) → motive_3 t
theorem	Minidregg.Theory.ObjectiveBendOpenRecursion.Term.brecOn_2.eq	00d64e93671455f4619d426f4d3aeec819c23b8dda84adcfb1ad31f0df7d2060	5d49581c219a6c0d54dfde45a97eb02d31d5b0fa388e9cf922b1cde0a4ec886b	e5978db7dd5eb3421ef50556ecb70c17567ef4d90108abdb15a9f617dcf8e60e	dc3a988696389bf3	-	∀ {motive_1 : Minidregg.Theory.ObjectiveBendOpenRecursion.Term → Sort u} {motive_2 : List (String × Minidregg.Theory.ObjectiveBendOpenRecursion.Term) → Sort u} {motive_3 : String × Minidregg.Theory.ObjectiveBendOpenRecursion.Term → Sort u} (t : String × Minidregg.Theory.ObjectiveBendOpenRecursion.Term) (F_1 : (t : Minidregg.Theory.ObjectiveBendOpenRecursion.Term) → t.below → motive_1 t) (F_2 : (t : List (String × Minidregg.Theory.ObjectiveBendOpenRecursion.Term)) → Minidregg.Theory.ObjectiveBendOpenRecursion.Term.below_1 t → motive_2 t) (F_3 : (t : String × Minidregg.Theory.ObjectiveBendOpenRecursion.Term) → Minidregg.Theory.ObjectiveBendOpenRecursion.Term.below_2 t → motive_3 t), Minidregg.Theory.ObjectiveBendOpenRecursion.Term.brecOn_2 t F_1 F_2 F_3 = F_3 t (Minidregg.Theory.ObjectiveBendOpenRecursion.Term.brecOn_2.go t F_1 F_2 F_3).2
def	Minidregg.Theory.ObjectiveBendOpenRecursion.Term.brecOn_2.go	1fb97ba7661ea245eb13ed30fe8cbbe54bedc128030d1b93fb66d418effc46d8	b6ad7e85374d2e7df6b97ab2dd046098f94f3d806d18cfa1b46dde96a3dd577a	94c67b10f5e3a87517243fe760181437dae2f4151f0820f3156c8e24501a5a85	1e70685b1747202d	-	{motive_1 : Minidregg.Theory.ObjectiveBendOpenRecursion.Term → Sort u} → {motive_2 : List (String × Minidregg.Theory.ObjectiveBendOpenRecursion.Term) → Sort u} → {motive_3 : String × Minidregg.Theory.ObjectiveBendOpenRecursion.Term → Sort u} → (t : String × Minidregg.Theory.ObjectiveBendOpenRecursion.Term) → ((t : Minidregg.Theory.ObjectiveBendOpenRecursion.Term) → t.below → motive_1 t) → ((t : List (String × Minidregg.Theory.ObjectiveBendOpenRecursion.Term)) → Minidregg.Theory.ObjectiveBendOpenRecursion.Term.below_1 t → motive_2 t) → ((t : String × Minidregg.Theory.ObjectiveBendOpenRecursion.Term) → Minidregg.Theory.ObjectiveBendOpenRecursion.Term.below_2 t → motive_3 t) → motive_3 t ×' Minidregg.Theory.ObjectiveBendOpenRecursion.Term.below_2 t
ctor	Minidregg.Theory.ObjectiveBendOpenRecursion.Term.case	d9b1a598aced2162464932b8f1e441bf4b1cf39f5ce390ad101c2e535fef9363	16ac5a281d807ef1f7f513cdafe65d163a4ec3722090db32358d8ae4d8871114	6c0360d15e438ae8c6a920cbc0c65d0181d9ecb90fee1436fc5c0c03de725505	799ef4b033ad5310		Minidregg.Theory.ObjectiveBendOpenRecursion.Term → List (String × Minidregg.Theory.ObjectiveBendOpenRecursion.Term) → Minidregg.Theory.ObjectiveBendOpenRecursion.Term
def	Minidregg.Theory.ObjectiveBendOpenRecursion.Term.case.elim	f03fe10bab50356b00243b6e1216ec79fee72377e46bb5a3fe79b486cba21342	f45f1e8455760101de52807d5421bd262e1b8b55be4629a1f8fffe98b270031b	0e83488d799b3c0d89f220e8932be4f7c00e1d0df318a355297e8a3da9ce58cd	30d16a5d20789ded	-	{motive_1 : Minidregg.Theory.ObjectiveBendOpenRecursion.Term → Sort u} → (t : Minidregg.Theory.ObjectiveBendOpenRecursion.Term) → t.ctorIdx = 19 → ((scrutinee : Minidregg.Theory.ObjectiveBendOpenRecursion.Term) → (arms : List (String × Minidregg.Theory.ObjectiveBendOpenRecursion.Term)) → motive_1 (scrutinee.case arms)) → motive_1 t
ctor	Minidregg.Theory.ObjectiveBendOpenRecursion.Term.done	0b24e8bd03f5bf11cb99f5ff29499ec7496136b221870ee273cf02004e6b37cc	f9f53b718d7861029c69638b684a2f42436b7e556fd124f2acaca1b4f716c185	45d3b717f456f147e148f8cf14f4091c68d95973e5ee3d821f9a960604a5d3fc	b9ba17076c38da33		Minidregg.Theory.ObjectiveBendOpenRecursion.Term → Minidregg.Theory.ObjectiveBendOpenRecursion.Term
def	Minidregg.Theory.ObjectiveBendOpenRecursion.Term.done.elim	ff521fb5e6e709dd4c2e51de276bbc8c936b44dadcffa111ffbb3862d9aefb43	f87623cb79fccee1deb637758b02b643b8777f8cf7588e017afafbf1cd874f18	e66122698539c2ae819bd5d60986793efb0d0f1c19e4ab55c37a90d85c025f4e	470ddf3d20041312	-	{motive_1 : Minidregg.Theory.ObjectiveBendOpenRecursion.Term → Sort u} → (t : Minidregg.Theory.ObjectiveBendOpenRecursion.Term) → t.ctorIdx = 22 → ((value : Minidregg.Theory.ObjectiveBendOpenRecursion.Term) → motive_1 value.done) → motive_1 t
ctor	Minidregg.Theory.ObjectiveBendOpenRecursion.Term.extend	d65660726c989682713c5298de3083b15fe57768fe9220881e6d226d822ed017	16ac5a281d807ef1f7f513cdafe65d163a4ec3722090db32358d8ae4d8871114	aa30a23ab0a329ddd5201c3d37569956b82bf1959597bcf1a6d2439cbc1b9a74	934bcf0c282edfc6		Minidregg.Theory.ObjectiveBendOpenRecursion.Term → List (String × Minidregg.Theory.ObjectiveBendOpenRecursion.Term) → Minidregg.Theory.ObjectiveBendOpenRecursion.Term
def	Minidregg.Theory.ObjectiveBendOpenRecursion.Term.extend.elim	29dcc59a92fe6e4d326b0bd5af6eb11bd036c1d41a6fe24e495eef284acdc5a6	5f43c0cead165c657cd8df7ae43f0b6d30f975d46cbee6f5acabc846fba3b3bc	28b522f23096a57091c67c3111281bbdd90ad39240e47fc11164be22b858c215	a431d3bdbd2fe58f	-	{motive_1 : Minidregg.Theory.ObjectiveBendOpenRecursion.Term → Sort u} → (t : Minidregg.Theory.ObjectiveBendOpenRecursion.Term) → t.ctorIdx = 14 → ((inherited : Minidregg.Theory.ObjectiveBendOpenRecursion.Term) → (fields : List (String × Minidregg.Theory.ObjectiveBendOpenRecursion.Term)) → motive_1 (inherited.extend fields)) → motive_1 t
ctor	Minidregg.Theory.ObjectiveBendOpenRecursion.Term.fix	f8a3b8d34e1cd40816739e0d5aff799847dd53908c4b7f8278601957fe3627a1	1f9341c519dd0192b232b4e59489d8aeac20a844dc46918f373d7bd36de092de	f9047158a421f95193474755bda5c8f597a2c393926dd3559f7e0fbf0b289a54	db2c51cb775085b8		Minidregg.Theory.ObjectiveBendOpenRecursion.Term → Minidregg.Theory.ObjectiveBendOpenRecursion.Term → Minidregg.Theory.ObjectiveBendOpenRecursion.Term
def	Minidregg.Theory.ObjectiveBendOpenRecursion.Term.fix.elim	98d3fd8bc58c505a6c9778a76b6af13bef822067206fdfa61efe5aeb2222aa76	69912cdb6a921321db812d3684cdcfc7535161f96715f712a22522677f88d93a	b250bd4c0883503d7e1e33d2f04ae9a6cb0c49d9e81cb5ca67a5189494a3e3e8	866abbb3592effbf	-	{motive_1 : Minidregg.Theory.ObjectiveBendOpenRecursion.Term → Sort u} → (t : Minidregg.Theory.ObjectiveBendOpenRecursion.Term) → t.ctorIdx = 4 → ((specification inherited : Minidregg.Theory.ObjectiveBendOpenRecursion.Term) → motive_1 (specification.fix inherited)) → motive_1 t
ctor	Minidregg.Theory.ObjectiveBendOpenRecursion.Term.get	fb1eac05a3697fa61f0312c64cd452047a3b583be70173cc4bf55aad4031a2b8	651db71d6e7d48913452bd0205b4dfd1b6980a85c60a72b348f6b5310a5d187a	7511c8c8cdc00d2d45082d2398064bd5c2c3059eee9d51c8453c94ce128bc696	a743472469830d39		Minidregg.Theory.ObjectiveBendOpenRecursion.Term → String → Minidregg.Theory.ObjectiveBendOpenRecursion.Term
def	Minidregg.Theory.ObjectiveBendOpenRecursion.Term.get.elim	7d09aa2abda63688cf4b542fad0af0533384fbca8c81a5311b9ae24f6e1d08cf	6896bc300d6c159e606c37ff32662bc5a794d7f82bf0a309d16b104683886ca1	fa2f831d2faa9e343fd7288dfde96b10a94ce4417c5dfcc0fc7baf4bc44330e6	8b0b94d8b2e9a2b7	-	{motive_1 : Minidregg.Theory.ObjectiveBendOpenRecursion.Term → Sort u} → (t : Minidregg.Theory.ObjectiveBendOpenRecursion.Term) → t.ctorIdx = 16 → ((target : Minidregg.Theory.ObjectiveBendOpenRecursion.Term) → (name : String) → motive_1 (target.get name)) → motive_1 t
ctor	Minidregg.Theory.ObjectiveBendOpenRecursion.Term.ifBool	e90fb9f50bbd19dc7211f4cf703eac8d737a03dc9774bb893784f36356fd11b8	2e2c2567f0822c88edb3b150adc243eb5f9225a7ffb9fb9390848b4c233485d0	c583e71335da06d9aea742b2f2a3482333fab5e3a7fcf4234e4d42e5fbde0ab8	3293196ab76695ad		Minidregg.Theory.ObjectiveBendOpenRecursion.Term → Minidregg.Theory.ObjectiveBendOpenRecursion.Term → Minidregg.Theory.ObjectiveBendOpenRecursion.Term → Minidregg.Theory.ObjectiveBendOpenRecursion.Term
def	Minidregg.Theory.ObjectiveBendOpenRecursion.Term.ifBool.elim	e6a7872fcbddadfebe3245d7b1dedf8ad31a9823e0dd950315000ed8670b333d	838b80d0a03869f6c8974b28590beb001827c70241fd5046f0d4d8c4d6d80876	e7d7d08bf23b2be54d05eac73f6e85941cfb00230da1f1b25297fb60c5237005	6f466754c40dedac	-	{motive_1 : Minidregg.Theory.ObjectiveBendOpenRecursion.Term → Sort u} → (t : Minidregg.Theory.ObjectiveBendOpenRecursion.Term) → t.ctorIdx = 20 → ((condition whenTrue whenFalse : Minidregg.Theory.ObjectiveBendOpenRecursion.Term) → motive_1 (condition.ifBool whenTrue whenFalse)) → motive_1 t
ctor	Minidregg.Theory.ObjectiveBendOpenRecursion.Term.ifZero	36d69d1a9e236edfc5d4f5d310aa2a8a9f78f8c815400075b3474b8dd60803e1	2e2c2567f0822c88edb3b150adc243eb5f9225a7ffb9fb9390848b4c233485d0	f0b93e5dcfdabcd4a01a08e585d3ca49bf3edbafe1b95d46cb88ddb43c53b720	fd1083d02bb7886c		Minidregg.Theory.ObjectiveBendOpenRecursion.Term → Minidregg.Theory.ObjectiveBendOpenRecursion.Term → Minidregg.Theory.ObjectiveBendOpenRecursion.Term → Minidregg.Theory.ObjectiveBendOpenRecursion.Term
def	Minidregg.Theory.ObjectiveBendOpenRecursion.Term.ifZero.elim	1385821a0e39406d343488e433ffdab89b5d33516cec08cb382f7fe9ba2eaa82	dbb4ec339876384131f3cbcd60794a1422ce034df1207e3c6d282609ee9b37b3	25b6f3ca2064e976786528046a3f825e7ecf10acb001b54158815d7acd333df1	88ec337da0498d52	-	{motive_1 : Minidregg.Theory.ObjectiveBendOpenRecursion.Term → Sort u} → (t : Minidregg.Theory.ObjectiveBendOpenRecursion.Term) → t.ctorIdx = 17 → ((value zero successorBody : Minidregg.Theory.ObjectiveBendOpenRecursion.Term) → motive_1 (value.ifZero zero successorBody)) → motive_1 t
ctor	Minidregg.Theory.ObjectiveBendOpenRecursion.Term.inject	df63a000bda0d3c5d07c513ba6516b7b451dfa386b98b3d247b2a8dc8224dccf	491a5435f7f1c68cb39ab15f792c2b303cf24d10f06943aa29bac880f7f17e14	f002292d1a52b665263f07e3c5c4f2036aba80e15c402ae8cd1e99a6dddf3044	b79fca4138e21949		String → Minidregg.Theory.ObjectiveBendOpenRecursion.Term → Minidregg.Theory.ObjectiveBendOpenRecursion.Term
def	Minidregg.Theory.ObjectiveBendOpenRecursion.Term.inject.elim	d2a48402f3c59ff5d9e8cabf3e5dc1a0bd437f4e985dc01b48d1b4dd8238a7d5	71091224188c17fb753f718c2f4e3f6e2120d4786ddcfa56ae9318859c318c69	101c9dd341c6121ec1442e81f277d8a48aacac1e673c5545403b61094d0c1e37	87e7408884b388ef	-	{motive_1 : Minidregg.Theory.ObjectiveBendOpenRecursion.Term → Sort u} → (t : Minidregg.Theory.ObjectiveBendOpenRecursion.Term) → t.ctorIdx = 18 → ((label : String) → (payload : Minidregg.Theory.ObjectiveBendOpenRecursion.Term) → motive_1 (Minidregg.Theory.ObjectiveBendOpenRecursion.Term.inject label payload)) → motive_1 t
ctor	Minidregg.Theory.ObjectiveBendOpenRecursion.Term.label	9249344c553ece4488f1113e4e58cd8bedf45d3451d7b942e9728cf051d630c5	d059045a2f31f6f95ebed42247df7bc919761f4892a8ee3146c026c099c53fc0	eaebe6d8ec10797f3ba383a1c0f3af6403b7b16d66f54064d9922a69db44718e	3a62b5c0c01460cd		String → Minidregg.Theory.ObjectiveBendOpenRecursion.Term
def	Minidregg.Theory.ObjectiveBendOpenRecursion.Term.label.elim	22596a80a45971ab3e8e5e335d370c4b6722b8e5ec3325997cd47b7eddb767e0	9e4dbf35ca889700d30c540307276118fc8a3ae1de19658fea5de4c03a28fb5f	d4b8d5d0539e43391333742cc3d4d6f68370fca614d8a13ad0b8df7411fb094c	dbc0d81fdc1b07f2	-	{motive_1 : Minidregg.Theory.ObjectiveBendOpenRecursion.Term → Sort u} → (t : Minidregg.Theory.ObjectiveBendOpenRecursion.Term) → t.ctorIdx = 12 → ((value : String) → motive_1 (Minidregg.Theory.ObjectiveBendOpenRecursion.Term.label value)) → motive_1 t
ctor	Minidregg.Theory.ObjectiveBendOpenRecursion.Term.lam	e31a74dfd156508510d0212c357524906d3aa6d6d1defdb95b376c7dbfe02fa2	f9f53b718d7861029c69638b684a2f42436b7e556fd124f2acaca1b4f716c185	4076f8e3e3c132e11ba1a8d1fa020f54d369c924c79035d7a1eed8673809d1ac	168aa1f0487724eb		Minidregg.Theory.ObjectiveBendOpenRecursion.Term → Minidregg.Theory.ObjectiveBendOpenRecursion.Term
def	Minidregg.Theory.ObjectiveBendOpenRecursion.Term.lam.elim	2b6a5288270f4b735e1630fd213a50b1069b4ebc02f73714262ff34a1b21f4f7	18c851f03ad43bddd0948d81290cf86972c295099bd86ffe269cd7296ed1a149	010d6cfa31fa00c8d577b1c5f7fbe8934b69d48de6a0cb3a59eda2bc413bed52	719dbca5744c2757	-	{motive_1 : Minidregg.Theory.ObjectiveBendOpenRecursion.Term → Sort u} → (t : Minidregg.Theory.ObjectiveBendOpenRecursion.Term) → t.ctorIdx = 1 → ((body : Minidregg.Theory.ObjectiveBendOpenRecursion.Term) → motive_1 body.lam) → motive_1 t
ctor	Minidregg.Theory.ObjectiveBendOpenRecursion.Term.metadata	1c6a67207887696816f63834c3e39fac8064f1985994bbbf4e1dc0292544b2a6	f9f53b718d7861029c69638b684a2f42436b7e556fd124f2acaca1b4f716c185	26cf7a5150bda04858b73bf76e9eed5591c90e08650f796155afca42ffb8172b	8d0990b9d7403349		Minidregg.Theory.ObjectiveBendOpenRecursion.Term → Minidregg.Theory.ObjectiveBendOpenRecursion.Term
def	Minidregg.Theory.ObjectiveBendOpenRecursion.Term.metadata.elim	5d8f56142439a54a66ad28b93695d825272ba92b9d42e645f33f27dea8e51f20	c8ac3168d87661ba856ce80981707ab6ff9dcdb2aab5837c2c9d6b8a37cf78c9	c4e522864022cfafec05a194154235e780ceb9b3acab747e54f390b209bd16ec	e695d85a962d26ff	-	{motive_1 : Minidregg.Theory.ObjectiveBendOpenRecursion.Term → Sort u} → (t : Minidregg.Theory.ObjectiveBendOpenRecursion.Term) → t.ctorIdx = 8 → ((specification : Minidregg.Theory.ObjectiveBendOpenRecursion.Term) → motive_1 specification.metadata) → motive_1 t
ctor	Minidregg.Theory.ObjectiveBendOpenRecursion.Term.mix	5f33c1d4894ed1d05b15cffb4757b0b0743f17a5652a853e713e892a4ec832b9	1f9341c519dd0192b232b4e59489d8aeac20a844dc46918f373d7bd36de092de	feb98b7fd55c781a0a391565f02115e51395f8aa20078b2b604fab2ddf163655	c61e0264bbd890ce		Minidregg.Theory.ObjectiveBendOpenRecursion.Term → Minidregg.Theory.ObjectiveBendOpenRecursion.Term → Minidregg.Theory.ObjectiveBendOpenRecursion.Term
def	Minidregg.Theory.ObjectiveBendOpenRecursion.Term.mix.elim	41d39c1754dc9f58fe2292c3345c7274b92a7c7a5bb234d1bc0f87891ef7579c	5e06149536ad3f68cff84bc413416981de6909b70deac51723bb5f9e691353bc	e9eb4735fed65d3853ef24d6b0770a08ce43f228f2ac2c7de9887c626c098131	48fc7b00b76fb9f5	-	{motive_1 : Minidregg.Theory.ObjectiveBendOpenRecursion.Term → Sort u} → (t : Minidregg.Theory.ObjectiveBendOpenRecursion.Term) → t.ctorIdx = 3 → ((inheritedExtension wrappingExtension : Minidregg.Theory.ObjectiveBendOpenRecursion.Term) → motive_1 (inheritedExtension.mix wrappingExtension)) → motive_1 t
ctor	Minidregg.Theory.ObjectiveBendOpenRecursion.Term.nat	2957cd639db1468bdb3960b373d86540af99f25f4c613afbe15236a379534f15	0409610da215a6096e16419e0e4c94d329f4348fe9523db32116f2cc0e33783a	bb82b9e11cf449dedb5796f137a72f50ff4209bbef8b3510a59ad8d76e10c3dd	60fe4f0d102f618b		Nat → Minidregg.Theory.ObjectiveBendOpenRecursion.Term
def	Minidregg.Theory.ObjectiveBendOpenRecursion.Term.nat.elim	ab374f8b211bbc5e2f67cd2342e7700353699394b861af5bba1c40c739b3d938	f4768b3fc0b16f42662920d7b382cd7592e29408550e80023555457a7d30b2e7	650905fc359a39997ecb534ddbbfa12ad4a8dfc14f203a9eb053f94a76369aa8	fe3b045779a6e27f	-	{motive_1 : Minidregg.Theory.ObjectiveBendOpenRecursion.Term → Sort u} → (t : Minidregg.Theory.ObjectiveBendOpenRecursion.Term) → t.ctorIdx = 10 → ((value : Nat) → motive_1 (Minidregg.Theory.ObjectiveBendOpenRecursion.Term.nat value)) → motive_1 t
ctor	Minidregg.Theory.ObjectiveBendOpenRecursion.Term.perform	81d21c8da011e4af1202f796a3429c257383506e4129dca773965ede3a769823	f9f53b718d7861029c69638b684a2f42436b7e556fd124f2acaca1b4f716c185	200617d5f60f56ab2eeb1f144c61488b91d8f3a1b745e5b7fbef49451f28698b	0f1203b93384fb69		Minidregg.Theory.ObjectiveBendOpenRecursion.Term → Minidregg.Theory.ObjectiveBendOpenRecursion.Term
def	Minidregg.Theory.ObjectiveBendOpenRecursion.Term.perform.elim	81149a9f15ddac9eca979e8c0f4d4252633020e7ef2d5429da8a50e483329e58	a075a7cdbbb4243e392a18c44a7e20462245b0d429a81a7adb049e6c6e554cca	8dcb7a15d3330e8c017b3c5670644495752c07b0cfa8f6892f64418bae215ae8	68e667eb6c025a88	-	{motive_1 : Minidregg.Theory.ObjectiveBendOpenRecursion.Term → Sort u} → (t : Minidregg.Theory.ObjectiveBendOpenRecursion.Term) → t.ctorIdx = 21 → ((plan : Minidregg.Theory.ObjectiveBendOpenRecursion.Term) → motive_1 plan.perform) → motive_1 t
ctor	Minidregg.Theory.ObjectiveBendOpenRecursion.Term.project	9594fa5e73d25e450ce46e8cd33af7f27fe7a178aa6d6d5cd486d5f7bad7d52b	f9f53b718d7861029c69638b684a2f42436b7e556fd124f2acaca1b4f716c185	7f895d774573203a37c8275e063981d06da0395fe31f023017f706e9f006bea7	7ead0eacae4479e1		Minidregg.Theory.ObjectiveBendOpenRecursion.Term → Minidregg.Theory.ObjectiveBendOpenRecursion.Term
def	Minidregg.Theory.ObjectiveBendOpenRecursion.Term.project.elim	3fdd368b0eedc6bf1b243beb5ebf8314b2deee5f93f3754ca82a0f2e6e6e22fd	fbedf9e362660759fc934aed777d1d02679808169a0258294108db6ba67949a4	bdd3fbcb8ee6a88bd11c3c0c0540ee62469dda88101a6a35675a4a5ad38183b0	1ba76199fb16e903	-	{motive_1 : Minidregg.Theory.ObjectiveBendOpenRecursion.Term → Sort u} → (t : Minidregg.Theory.ObjectiveBendOpenRecursion.Term) → t.ctorIdx = 9 → ((prototype : Minidregg.Theory.ObjectiveBendOpenRecursion.Term) → motive_1 prototype.project) → motive_1 t
ctor	Minidregg.Theory.ObjectiveBendOpenRecursion.Term.prototype	428396e70dc5c285d4458f56fbdf60d332da9ad0793d0ce106dcc3fd8e99faf8	1f9341c519dd0192b232b4e59489d8aeac20a844dc46918f373d7bd36de092de	6436254e836bb6816ded4ea959e038cd6bfb8cdd8e8c76a21357f85a62c5d726	7fa90fab87d1cb02		Minidregg.Theory.ObjectiveBendOpenRecursion.Term → Minidregg.Theory.ObjectiveBendOpenRecursion.Term → Minidregg.Theory.ObjectiveBendOpenRecursion.Term
def	Minidregg.Theory.ObjectiveBendOpenRecursion.Term.prototype.elim	cf7fa13b2d207d1d5ca90e833a347d1277b7e7ef1fc38ad4f2b035d71cd5f410	2ae87deb7062ddc283c18e30555cadb9cf03c00ea48a0e08f9b866d1bc4e7e1d	51157f498cf64dd71264d38f4795b5e501b4d9289d30fd50cdea66f7cb363e66	aadab7bf74cb6131	-	{motive_1 : Minidregg.Theory.ObjectiveBendOpenRecursion.Term → Sort u} → (t : Minidregg.Theory.ObjectiveBendOpenRecursion.Term) → t.ctorIdx = 6 → ((specification target : Minidregg.Theory.ObjectiveBendOpenRecursion.Term) → motive_1 (specification.prototype target)) → motive_1 t
ctor	Minidregg.Theory.ObjectiveBendOpenRecursion.Term.record	44426708f5d65b53e4e7db34ceba8b0452378dc4ad5dc2bc9839b2888039ce96	f103c9194ce0ae7988a683f23d364cea5ef398942e42b4bae4c30b50a8976bc1	64911b4dc0648f5c10f7cb70936c10efaa6785986aaba1972aa2baa7cd3a3f9e	4300754681fe7584		List (String × Minidregg.Theory.ObjectiveBendOpenRecursion.Term) → Minidregg.Theory.ObjectiveBendOpenRecursion.Term
def	Minidregg.Theory.ObjectiveBendOpenRecursion.Term.record.elim	0d902f5ba8ecd8ab07429a636dc194f57c9dc2dcb1444b48e5db96a8be11b9ad	a78ec83d36d865c96e4ea11cb7549959ce7e7fad2f2364752aea3431cf146538	eb6c0c95ced873ed32fb49cfb97463e38a767e030b3caad1b09dd760cf22fdfd	7fcee27b8969b8bd	-	{motive_1 : Minidregg.Theory.ObjectiveBendOpenRecursion.Term → Sort u} → (t : Minidregg.Theory.ObjectiveBendOpenRecursion.Term) → t.ctorIdx = 15 → ((fields : List (String × Minidregg.Theory.ObjectiveBendOpenRecursion.Term)) → motive_1 (Minidregg.Theory.ObjectiveBendOpenRecursion.Term.record fields)) → motive_1 t
ctor	Minidregg.Theory.ObjectiveBendOpenRecursion.Term.reflect	81ceafd8e33f60366cb6d6d91d7698e146a42952fa80222a3b946c8e96b8b4a7	f9f53b718d7861029c69638b684a2f42436b7e556fd124f2acaca1b4f716c185	d3f19a38ad0b196a6090efe979c08fb95ce547732fe82ebc020ac65f54cf86f5	37666e3694c4130d		Minidregg.Theory.ObjectiveBendOpenRecursion.Term → Minidregg.Theory.ObjectiveBendOpenRecursion.Term
def	Minidregg.Theory.ObjectiveBendOpenRecursion.Term.reflect.elim	c0f76669fc3af58e62a15da6cdb5bf626d631ea1d2ed2f3b6f6234b1abd53c41	a9c28ae453392d8269781e63acc347a28cd625ba7e6c141b1284c897bebecd73	5f0de4805190a45f37f4dfdd9280aebab99af5343ace83d9b35f3894ec15acdb	cb944fcd4ee9533d	-	{motive_1 : Minidregg.Theory.ObjectiveBendOpenRecursion.Term → Sort u} → (t : Minidregg.Theory.ObjectiveBendOpenRecursion.Term) → t.ctorIdx = 7 → ((prototype : Minidregg.Theory.ObjectiveBendOpenRecursion.Term) → motive_1 prototype.reflect) → motive_1 t
def	Minidregg.Theory.ObjectiveBendOpenRecursion.Term.rename	2e48d2460a4efac4da48fc8da6f4abddf59f76d0ee8147f5f4dac7f950cbb515	445fc4423f54093477e2efd61e598f077c07caf1231f38dce371cbc3e9a7d911	a5135f6b6f273a4edb5206cacf183da6a63f2d85e74e8fc3a3c584110223f7f2	05b6124d8625c5d4	Quot.sound,propext	(Nat → Nat) → Minidregg.Theory.ObjectiveBendOpenRecursion.Term → Minidregg.Theory.ObjectiveBendOpenRecursion.Term
ctor	Minidregg.Theory.ObjectiveBendOpenRecursion.Term.specification	1975604b7bb641e065dd757f00afcf10b08acae1a392254fba8c708e5121464c	1f9341c519dd0192b232b4e59489d8aeac20a844dc46918f373d7bd36de092de	5e8a53e5b3b9456ddc3c16e4dd4b5d89f6dbe815dbb35771a86bec47d77d54c1	f9d0a537ce4addca		Minidregg.Theory.ObjectiveBendOpenRecursion.Term → Minidregg.Theory.ObjectiveBendOpenRecursion.Term → Minidregg.Theory.ObjectiveBendOpenRecursion.Term
def	Minidregg.Theory.ObjectiveBendOpenRecursion.Term.specification.elim	6016041822091085915656d7c6e7944f32b23769c2e0f23c6096c73d5c29c6c4	fdc5ced85e4411694f45171fa030e5eef9bc79dc992d195762e7234fd1950c33	6d209c554894712951344dd357d3023bd21d241e78370e52342dfa491e41a2bc	d4047a062bab3039	-	{motive_1 : Minidregg.Theory.ObjectiveBendOpenRecursion.Term → Sort u} → (t : Minidregg.Theory.ObjectiveBendOpenRecursion.Term) → t.ctorIdx = 5 → ((metadata extension : Minidregg.Theory.ObjectiveBendOpenRecursion.Term) → motive_1 (metadata.specification extension)) → motive_1 t
def	Minidregg.Theory.ObjectiveBendOpenRecursion.Term.substitute	0f22e678662724972caf629d22f21d9bd42438ae70b99304a10dc4da6eaa7955	bc3197c1dbabb2db844d1cc6f1e4151453951b25b35f737ded9d9e98a7528cd7	457cf8bf59df311e76fe19ba24ad733ebd36145846ccb19bad6aa186a9d4e0c5	ecb91b68dad52905	Quot.sound,propext	(Nat → Minidregg.Theory.ObjectiveBendOpenRecursion.Term) → Minidregg.Theory.ObjectiveBendOpenRecursion.Term → Minidregg.Theory.ObjectiveBendOpenRecursion.Term
inductive	Minidregg.Theory.ObjectiveBendOpenRecursion.Transition	67080ed4c670859a6064516daab122f51aec1b43a4444f05d985e96ddc641ea7	905c6124761c1849a1355f9860ade9e373abc249d1d0d65b64f3866a4f187947	fc04e8cd3845806fd60f4640acdc11e8ece0c5cc36cc3088386240a8c5eb9dce	d0516c01548630da		Type → Type
ctor	Minidregg.Theory.ObjectiveBendOpenRecursion.Transition.advanced	f1a4bdd0c9fd72f8ad55ed77df7739db6d8d7a4a80eca3a210b9777919e382c8	ee5cdf8e8e4954c1833339163da14eb738052a9614aefda6edbea59f6dea7bc6	4cd00863517635646b691366db7c7f8152f700ef162fe18e9f8162a53f6d6a78	fd48f0e583a54daa		{State : Type} → State → Minidregg.Theory.ObjectiveBendOpenRecursion.Transition State
def	Minidregg.Theory.ObjectiveBendOpenRecursion.Transition.advanced.elim	ac2b5cb70ecd04fc3fcc8cc15b3760b0ec351dede6c9e38102e21ae9756cc295	1f0223b1ce9be6537723e75615e73526328a803466529c9da0b4529b258e2af5	0dc23fa3a820bf41c91768702d8b593f8a5e5d1c6bc968e5e53c1f97a70053ed	033eef0f2445c1b2	-	{State : Type} → {motive : Minidregg.Theory.ObjectiveBendOpenRecursion.Transition State → Sort u} → (t : Minidregg.Theory.ObjectiveBendOpenRecursion.Transition State) → t.ctorIdx = 0 → ((next : State) → motive (Minidregg.Theory.ObjectiveBendOpenRecursion.Transition.advanced next)) → motive t
ctor	Minidregg.Theory.ObjectiveBendOpenRecursion.Transition.finished	89e432e7e10674b490487f090052eee71df456b59c8e73c6bb6009c56bdc8bdd	d087aa34f1aed42d55268c3454c6b39f65bd1cbbb1b6dd6b2a70aa2813f66d40	9183be50465003252fac6fc8be53565758cbc1b98dc41254d2907a2a6500bdaa	b0bf07a4952b3835		{State : Type} → Minidregg.Theory.ObjectiveBendOpenRecursion.Observation → Minidregg.Theory.ObjectiveBendOpenRecursion.Transition State
def	Minidregg.Theory.ObjectiveBendOpenRecursion.Transition.finished.elim	8250e68a3b6b5881ed295e3209a56ba7ec8832158d392518a20cab59d95279b4	3e6315ee290f08d388a7f259b3b735fb9e5f8d1893f6f4efcdfc08604bd2f281	b9613e1edeb49e8866069829e8847c77402c3af48d95508463d23089c865e1de	aaf3b2a9c438db9d	-	{State : Type} → {motive : Minidregg.Theory.ObjectiveBendOpenRecursion.Transition State → Sort u} → (t : Minidregg.Theory.ObjectiveBendOpenRecursion.Transition State) → t.ctorIdx = 1 → ((result : Minidregg.Theory.ObjectiveBendOpenRecursion.Observation) → motive (Minidregg.Theory.ObjectiveBendOpenRecursion.Transition.finished result)) → motive t
ctor	Minidregg.Theory.ObjectiveBendOpenRecursion.Transition.refused	4f7bd746d2bce7332c2787e024899a291ba7e59410585492ecd3a363e140f35d	86b3196d9da4154821f80c07738e950e1bc522522d76ee3464b3bbd3ed2af9b2	91efe90ebc1fd2fc6aa2c302c7bc54505f1495832b2161c74b00f0ce797e421d	80145f5a19b07a23		{State : Type} → String → Minidregg.Theory.ObjectiveBendOpenRecursion.Transition State
def	Minidregg.Theory.ObjectiveBendOpenRecursion.Transition.refused.elim	c8efb335bbea0cc473bdd0b3eae66ca1c4ee9d22605e5eab5b0403db21c8d424	83a2d270b4d2bdd6f6b5c8b736e3671a38273dde42ec35a933a4ede63fd90816	5dd2db8c05cbc7fd7a8de85b62708635b5a3d5c9d9ae305de4494461869f186b	436585802a9d9cdb	-	{State : Type} → {motive : Minidregg.Theory.ObjectiveBendOpenRecursion.Transition State → Sort u} → (t : Minidregg.Theory.ObjectiveBendOpenRecursion.Transition State) → t.ctorIdx = 3 → ((diagnostic : String) → motive (Minidregg.Theory.ObjectiveBendOpenRecursion.Transition.refused diagnostic)) → motive t
ctor	Minidregg.Theory.ObjectiveBendOpenRecursion.Transition.suspended	0f88c18523452d1fa2acdc6f06d583ba6cfffeb0d609d4da2bff8619074ae112	ee5cdf8e8e4954c1833339163da14eb738052a9614aefda6edbea59f6dea7bc6	296a6a3e0507f5a706e2f7986a56b8200c4d0c89ffa40d96476bda5250dc95b8	93445069f90034a8		{State : Type} → State → Minidregg.Theory.ObjectiveBendOpenRecursion.Transition State
def	Minidregg.Theory.ObjectiveBendOpenRecursion.Transition.suspended.elim	25ac739dba87a13a5bdfc73d3f1f8aa382771df3392dd1cd1a178f4e526ceeda	92e5c1d90058460d8620385e2db49226bcd845a3b5192622f4407b25f5bb8f67	0364121dd7f10f14b0f55dd375c53fd12af9f4be667cf048179a7b01fbbb480b	8ae0ea8d3e2b34bf	-	{State : Type} → {motive : Minidregg.Theory.ObjectiveBendOpenRecursion.Transition State → Sort u} → (t : Minidregg.Theory.ObjectiveBendOpenRecursion.Transition State) → t.ctorIdx = 2 → ((retained : State) → motive (Minidregg.Theory.ObjectiveBendOpenRecursion.Transition.suspended retained)) → motive t
ctor	Minidregg.Theory.ObjectiveBendOpenRecursion.Transition.yielded	6b6c7061184ee6293c39a54aefa374d0d6423e090cdb6a3051b72172cad37485	ee5cdf8e8e4954c1833339163da14eb738052a9614aefda6edbea59f6dea7bc6	9ca1446c7fb50094182da75dd1d2940f286184ddf9db1f39cd2cf725c4ad101d	fdfd7cdf668b4592		{State : Type} → State → Minidregg.Theory.ObjectiveBendOpenRecursion.Transition State
def	Minidregg.Theory.ObjectiveBendOpenRecursion.Transition.yielded.elim	712d40f2d93358ddcf7cfcb47df32cc96863b868c65effdd08a6ef16a284835f	3aa2fad3b66b10f988226783c37d6d97cd1a6bb64f44d89b9765b44cb2419f22	bdb5d8b7ef82d16a95a2ee18bdc7cff5657322e5bc5c2011b609d7a614159274	80f11c1716d6dbf4	-	{State : Type} → {motive : Minidregg.Theory.ObjectiveBendOpenRecursion.Transition State → Sort u} → (t : Minidregg.Theory.ObjectiveBendOpenRecursion.Transition State) → t.ctorIdx = 4 → ((waiting : State) → motive (Minidregg.Theory.ObjectiveBendOpenRecursion.Transition.yielded waiting)) → motive t
inductive	Minidregg.Theory.ObjectiveBendOpenRecursion.Value	cc2f96bfb4f6304d73afabc8e1e1cf641556db2634960057c28a01a9da504a90	4896687913d05de98bc4721a249a307454f6b805c53c066fcf45afda077be6c8	397d5c51f52ff9e4f06446d50cef4981cea424e1419b84c74410cf05c85d3661	a234a488ecb07760		Minidregg.Theory.ObjectiveBendOpenRecursion.Term → Prop
ctor	Minidregg.Theory.ObjectiveBendOpenRecursion.Value.boolean	a89062bcc72ab61423f2023d44298f9f042899d6949a8cb4534a399c9b8e6eb5	0721a02cac0703b0fc4edb3e660e6c87fc5be1782151f94c58e3400aec7d5602	2c6c2fbc5acd896b3eb00ead0fc9958d663eb6148f5f27fcf921dce97b6608b1	ed44ee3576984512		∀ (value : Bool), Minidregg.Theory.ObjectiveBendOpenRecursion.Value (Minidregg.Theory.ObjectiveBendOpenRecursion.Term.boolean value)
ctor	Minidregg.Theory.ObjectiveBendOpenRecursion.Value.function	5d083dab672036ba39f19270b6406d3335852a7c57c5bb52d38921865cd0174b	e3bc3273ed7674509a02bedd64c21bd11d3d07f5f9680a587b5e8a561e01ca4e	e32c8e6781e8f313ad252bfbf042c6e1e72f7c81b8689809467326668ec88d6b	5a7104e81c528db6		∀ (body : Minidregg.Theory.ObjectiveBendOpenRecursion.Term), Minidregg.Theory.ObjectiveBendOpenRecursion.Value body.lam
ctor	Minidregg.Theory.ObjectiveBendOpenRecursion.Value.inject	11eb3d880a53d04473c3e8aa06bf343a4b0c79e59063ef3947aca93521cdd80f	7f10fc8f2b73c5daa46c7fec10277444a0151e4f8993cb0501b06c8cd7852a00	3f3795932e3496919e532888e95bcdc348e24dfd57d3818c22fcda98ea139c56	c77558725bd7b497		∀ (label : String) (payload : Minidregg.Theory.ObjectiveBendOpenRecursion.Term), Minidregg.Theory.ObjectiveBendOpenRecursion.Value (Minidregg.Theory.ObjectiveBendOpenRecursion.Term.inject label payload)
ctor	Minidregg.Theory.ObjectiveBendOpenRecursion.Value.label	24b9b713d014873ec882aa9657daac1401233ca47884d010dc53fdacfe2af587	a4d4926080d90599e678fa7a9ef16baf96b6a67c9e4b2259b40142de3a89375a	5724131a4135edc2a62cc17e63d7696988767f36e320be9a48289c27c7c62344	691a4851a4abef8f		∀ (name : String), Minidregg.Theory.ObjectiveBendOpenRecursion.Value (Minidregg.Theory.ObjectiveBendOpenRecursion.Term.label name)
ctor	Minidregg.Theory.ObjectiveBendOpenRecursion.Value.natural	cf2a52dc3b853771bb56e077a0c6abcf6cb8439007326e116b93bb9c97b03a26	ed42e2a18e3c4978c614954118158733c9076dc5eae104838953316a791be907	0e2b6e4ecd22fdb5681f701166ece5bb31167fc03efc390e1ab85ef79034d951	777540f9dcc57360		∀ (n : Nat), Minidregg.Theory.ObjectiveBendOpenRecursion.Value (Minidregg.Theory.ObjectiveBendOpenRecursion.Term.nat n)
ctor	Minidregg.Theory.ObjectiveBendOpenRecursion.Value.prototype	3e1cc6d51d58f1f460181d05cc92a049be671acea14380ea334bee621c906e18	ee3db5bd4c5a50a095d56a78e7ba94dd237df02a5657c7047b76a5d97707622b	1dc9a3d64b5d3fc447977e7fa7ebb241fbc70ff10a913d4a621e2f008a32783e	8b25ff50dc1ab7e3		∀ (spec target : Minidregg.Theory.ObjectiveBendOpenRecursion.Term), Minidregg.Theory.ObjectiveBendOpenRecursion.Value (spec.prototype target)
ctor	Minidregg.Theory.ObjectiveBendOpenRecursion.Value.record	6134f693c95426d06122be4d2bac0a545083321af1faa3150271f518cd4511b5	3df636273ab8d8b475b76befbce769e949d1e402a7d3368d0d2aa32c9f3ea9a0	619ccab197c3cccb5da321b4f11df4c7509719501a9730b9567b8eb915a758c3	207ffc70ee58bb2f		∀ (fields : List (String × Minidregg.Theory.ObjectiveBendOpenRecursion.Term)), Minidregg.Theory.ObjectiveBendOpenRecursion.Value (Minidregg.Theory.ObjectiveBendOpenRecursion.Term.record fields)
ctor	Minidregg.Theory.ObjectiveBendOpenRecursion.Value.specification	efab8678070b3ebfa0c013343d5be13a865a4112f023722fceae4b754847d95a	1a475a8944d04af922a3ee4ad31c7575a2b232312169f1325e7b1b99cb75d45b	9f62088a80e6a91322e8ab41465bc3f8e2ca390aa9af4a43e50e5b421e648319	ee87e96e1c3dfa89		∀ (metadata extension : Minidregg.Theory.ObjectiveBendOpenRecursion.Term), Minidregg.Theory.ObjectiveBendOpenRecursion.Value (metadata.specification extension)
inductive	Minidregg.Theory.ObjectiveBendOpenRecursion.Yields	89a1eaf56e50286599406520922adf1e5b3baf3ef236a0f9b81fe36c3b8dd078	60007b973216934941375ddd8bfebecabdfdaa739f0426486d7ba3a1f99ba6bb	9d29bca46a26b926fcf489e54b4be268c27182d617149dfd803f2013440fb989	a07be912d40f5e83		Minidregg.Theory.ObjectiveBendOpenRecursion.Term → Minidregg.Theory.ObjectiveBendOpenRecursion.Term → List Minidregg.Theory.ObjectiveBendOpenRecursion.SourceFrame → Prop
ctor	Minidregg.Theory.ObjectiveBendOpenRecursion.Yields.application	d7305e6e3b1b83e3d2b3cc3c49bfdea269adbec6f16e24bd151f0c165f09ff64	8e33c2b5e3d054aed65e0633c5c6c7c0e42f810802d62859573db3c7d3ace425	18df9b217acb7aed3818e7a84db41d237d1c6f11abaac729dd09dd0d1b41b1aa	0b4b9ce1246c9044		∀ {function plan : Minidregg.Theory.ObjectiveBendOpenRecursion.Term} {context : List Minidregg.Theory.ObjectiveBendOpenRecursion.SourceFrame} (argument : Minidregg.Theory.ObjectiveBendOpenRecursion.Term), Minidregg.Theory.ObjectiveBendOpenRecursion.Yields function plan context → Minidregg.Theory.ObjectiveBendOpenRecursion.Yields (function.app argument) plan (context ++ [Minidregg.Theory.ObjectiveBendOpenRecursion.SourceFrame.application argument])
ctor	Minidregg.Theory.ObjectiveBendOpenRecursion.Yields.binaryLeft	38798366f5c0355b3e071d7ec37aa708926af44b1add9e8b52043272e4123c65	966f6cdd9cfb7e729f86888ff15941d3f6d01d6f0acda58509052dff17b41fce	f36b7c97b414536a6eb8fe3e31a587c2a83927751e74e741e44791cf58ad486c	b5407eb9c2861099		∀ {left plan : Minidregg.Theory.ObjectiveBendOpenRecursion.Term} {context : List Minidregg.Theory.ObjectiveBendOpenRecursion.SourceFrame} (primitive : Minidregg.Theory.ObjectiveBendOpenRecursion.Primitive) (right : Minidregg.Theory.ObjectiveBendOpenRecursion.Term), Minidregg.Theory.ObjectiveBendOpenRecursion.Yields left plan context → Minidregg.Theory.ObjectiveBendOpenRecursion.Yields (Minidregg.Theory.ObjectiveBendOpenRecursion.Term.binary primitive left right) plan (context ++ [Minidregg.Theory.ObjectiveBendOpenRecursion.SourceFrame.binaryLeft primitive right])
ctor	Minidregg.Theory.ObjectiveBendOpenRecursion.Yields.binaryRight	4c829a066d884aafe8613e0df5ea3636334aac409badee384f893337c1f325a2	ef13f99f9b5565bba56e6acfdebf102c7d59cecc202006f6fff9955208b12e21	0870b3f605424e2e623c66491754dafc12a82437108bf2a406d7c81fe709d2e7	8e7085e5db537c53		∀ {left right plan : Minidregg.Theory.ObjectiveBendOpenRecursion.Term} {context : List Minidregg.Theory.ObjectiveBendOpenRecursion.SourceFrame} (primitive : Minidregg.Theory.ObjectiveBendOpenRecursion.Primitive), Minidregg.Theory.ObjectiveBendOpenRecursion.Value left → Minidregg.Theory.ObjectiveBendOpenRecursion.Yields right plan context → Minidregg.Theory.ObjectiveBendOpenRecursion.Yields (Minidregg.Theory.ObjectiveBendOpenRecursion.Term.binary primitive left right) plan (context ++ [Minidregg.Theory.ObjectiveBendOpenRecursion.SourceFrame.binaryRight primitive left])
ctor	Minidregg.Theory.ObjectiveBendOpenRecursion.Yields.case	bd88cfbff41b63570a2753711507e9ce60c14fa051ea73c2add4b4100621cc1a	06056546f5d36b9d038d7ef9f894a0e7062334b34ff551c7ade9bfaffd8a0e19	547df5358a3d542c7e9774d60275abe0269af52056bc1095439f9f7659c48fc3	818d4c217920e990		∀ {scrutinee plan : Minidregg.Theory.ObjectiveBendOpenRecursion.Term} {context : List Minidregg.Theory.ObjectiveBendOpenRecursion.SourceFrame} (arms : List (String × Minidregg.Theory.ObjectiveBendOpenRecursion.Term)), Minidregg.Theory.ObjectiveBendOpenRecursion.Yields scrutinee plan context → Minidregg.Theory.ObjectiveBendOpenRecursion.Yields (scrutinee.case arms) plan (context ++ [Minidregg.Theory.ObjectiveBendOpenRecursion.SourceFrame.case arms])
ctor	Minidregg.Theory.ObjectiveBendOpenRecursion.Yields.condition	6c3110c26eeba34d228d13ba763b826054515fcf2bd251fcc3598d4b4c7b9803	bbe256e09a6e857ead9c197229e85f5d7485509d9cbed056c95f1c05494c4220	38220c5b607cc3e08b73c3341259ab5efdc9bb7ef779e37b1e82a7c93ae01b7f	74cfb5e04f2b15f5		∀ {value plan : Minidregg.Theory.ObjectiveBendOpenRecursion.Term} {context : List Minidregg.Theory.ObjectiveBendOpenRecursion.SourceFrame} (zero successorBody : Minidregg.Theory.ObjectiveBendOpenRecursion.Term), Minidregg.Theory.ObjectiveBendOpenRecursion.Yields value plan context → Minidregg.Theory.ObjectiveBendOpenRecursion.Yields (value.ifZero zero successorBody) plan (context ++ [Minidregg.Theory.ObjectiveBendOpenRecursion.SourceFrame.condition zero successorBody])
ctor	Minidregg.Theory.ObjectiveBendOpenRecursion.Yields.extend	64fd5af650763ad25843488cbd2d8a27bc87393b35cd221359c0a98f5cb49f69	964b81a1701511c7892b89bae1dfe57e8d366e2cd7911247429b20ae664fa6ce	3da1428e36d5e5883df1c69fe28f23118e9551509a23c1f9c98e569af3216753	6da1427733e7a2d8		∀ {inherited plan : Minidregg.Theory.ObjectiveBendOpenRecursion.Term} {context : List Minidregg.Theory.ObjectiveBendOpenRecursion.SourceFrame} (fields : List (String × Minidregg.Theory.ObjectiveBendOpenRecursion.Term)), Minidregg.Theory.ObjectiveBendOpenRecursion.Yields inherited plan context → Minidregg.Theory.ObjectiveBendOpenRecursion.Yields (inherited.extend fields) plan (context ++ [Minidregg.Theory.ObjectiveBendOpenRecursion.SourceFrame.extend fields])
ctor	Minidregg.Theory.ObjectiveBendOpenRecursion.Yields.field	712c541434ee40ccef0cfa25f6517b175f4eb4a4e4d0ac03cd3632fd7d79b6d3	5be371d4917ef0cbd1167ffac209d2478d599eb98eb79e584dde61182413163b	4b23195f44425b48cb0ab425bb3a20f0a84cffd4bcfe35e506a0097fe4b3be15	744f71c81d597db2		∀ {target plan : Minidregg.Theory.ObjectiveBendOpenRecursion.Term} {context : List Minidregg.Theory.ObjectiveBendOpenRecursion.SourceFrame} (name : String), Minidregg.Theory.ObjectiveBendOpenRecursion.Yields target plan context → Minidregg.Theory.ObjectiveBendOpenRecursion.Yields (target.get name) plan (context ++ [Minidregg.Theory.ObjectiveBendOpenRecursion.SourceFrame.field name])
ctor	Minidregg.Theory.ObjectiveBendOpenRecursion.Yields.ifBool	a5634e4d8c4ee54238425be2b40140f5bc17d95345ec3389b556f0176abf8720	9e5cddf9b0f0c8c5bda365fa852d6fd993911cfa47a59207117bf5167d57af61	eec148531387b0bb2ea4c92608f130ac1f4d800a8921da8ab28428cc210f5697	c51df1ea1e5ecf73		∀ {condition plan : Minidregg.Theory.ObjectiveBendOpenRecursion.Term} {context : List Minidregg.Theory.ObjectiveBendOpenRecursion.SourceFrame} (whenTrue whenFalse : Minidregg.Theory.ObjectiveBendOpenRecursion.Term), Minidregg.Theory.ObjectiveBendOpenRecursion.Yields condition plan context → Minidregg.Theory.ObjectiveBendOpenRecursion.Yields (condition.ifBool whenTrue whenFalse) plan (context ++ [Minidregg.Theory.ObjectiveBendOpenRecursion.SourceFrame.ifBool whenTrue whenFalse])
ctor	Minidregg.Theory.ObjectiveBendOpenRecursion.Yields.metadata	94509f96adebc2b4f35a22c6cad6a8dde1931e08076f6e38b2c27a7dd1df1cc3	c6feef02dafba13a876787280937204f587fa1ee25a532754a94b2a4a712a672	4f836e9cc2c30d59f2228852c800cd2990ff7207ff8da0ed44bec6b289aca103	055d3f49e2272886		∀ {target plan : Minidregg.Theory.ObjectiveBendOpenRecursion.Term} {context : List Minidregg.Theory.ObjectiveBendOpenRecursion.SourceFrame}, Minidregg.Theory.ObjectiveBendOpenRecursion.Yields target plan context → Minidregg.Theory.ObjectiveBendOpenRecursion.Yields target.metadata plan (context ++ [Minidregg.Theory.ObjectiveBendOpenRecursion.SourceFrame.metadata])
ctor	Minidregg.Theory.ObjectiveBendOpenRecursion.Yields.perform	6309d860ea9c2219cae6e5c136fb69adbe235254a7e1852df6c5db408a8fab83	88a9f407e96bf2b5076cb7a82bb8d1f0c8b09634ad69938296ef697c82b61e7e	a4dc853ab1b302c85467bc86f98d73a25532c9032396a02d36af32df83deca15	04bf5ced2526afd5		∀ (plan : Minidregg.Theory.ObjectiveBendOpenRecursion.Term), Minidregg.Theory.ObjectiveBendOpenRecursion.Yields plan.perform plan []
ctor	Minidregg.Theory.ObjectiveBendOpenRecursion.Yields.project	cdf186ebf5f2ce0c035ff0ad1ed01ba1ab51029f37721304e34df3f397decf96	07b853e614f6938994d00b6ba57ae914da59f0eb1344b2efe3747024d257fe27	73fcd98e662011da281fbe8eb400a7dc2d2cc672e6fe3e31ce757066455dbb97	1af2b58f561807cc		∀ {target plan : Minidregg.Theory.ObjectiveBendOpenRecursion.Term} {context : List Minidregg.Theory.ObjectiveBendOpenRecursion.SourceFrame}, Minidregg.Theory.ObjectiveBendOpenRecursion.Yields target plan context → Minidregg.Theory.ObjectiveBendOpenRecursion.Yields target.project plan (context ++ [Minidregg.Theory.ObjectiveBendOpenRecursion.SourceFrame.project])
ctor	Minidregg.Theory.ObjectiveBendOpenRecursion.Yields.reflect	b6456873cc0d2fa73b69ef420e936d5454430cdc2108f939a0e51c8396e15abd	cc148532af9410f982716628f34bb038aca64158948de980890c5ad0dbb133f0	0d4611bc76c95a3d517ee66abf345ed77ddc8905651195bf4b58b055195e6c8e	43e0ab8accf408eb		∀ {target plan : Minidregg.Theory.ObjectiveBendOpenRecursion.Term} {context : List Minidregg.Theory.ObjectiveBendOpenRecursion.SourceFrame}, Minidregg.Theory.ObjectiveBendOpenRecursion.Yields target plan context → Minidregg.Theory.ObjectiveBendOpenRecursion.Yields target.reflect plan (context ++ [Minidregg.Theory.ObjectiveBendOpenRecursion.SourceFrame.reflect])
theorem	Minidregg.Theory.ObjectiveBendOpenRecursion.case_selects_injected_arm	b66b57623e91698506b0b1ed3f691d03b58ba6a7de3e47625bd97c70f25e79af	a7faecdca0b53eaffaf5dd9d051059a02bee6b20ec63b84302e1273f18de1f78	59b898dd23f13a32b7f1927f70ac2640b3a90c845b5e6e4c1322863fe17575f8	2d452aec86fe1d7d	Quot.sound,propext	∀ (unused : Minidregg.Theory.ObjectiveBendOpenRecursion.Term), Minidregg.Theory.ObjectiveBendOpenRecursion.Evaluates ((Minidregg.Theory.ObjectiveBendOpenRecursion.Term.inject "some" (Minidregg.Theory.ObjectiveBendOpenRecursion.Term.nat 7)).case [("none", unused), ("some", Minidregg.Theory.ObjectiveBendOpenRecursion.Term.bound 0)]) (Minidregg.Theory.ObjectiveBendOpenRecursion.Term.nat 7)
theorem	Minidregg.Theory.ObjectiveBendOpenRecursion.conjunction_boolean_exact	8a5548b0f254cdbcfb07d05875f89947e3eae82e3321296328f222ff535b913b	e00c2aed8a3a5a01243fc1c1607a3c718c0adccea4d825275250f8ee1a87e542	4ea4bc16caf8b3ca2b6f817456ce098545777ed755f20781f354b0bc47d0cec5	e41c9898e8c844d0	propext	∀ (left right : Bool), Minidregg.Theory.ObjectiveBendOpenRecursion.primitiveResult Minidregg.Theory.ObjectiveBendOpenRecursion.Primitive.conjunction (Minidregg.Theory.ObjectiveBendOpenRecursion.Term.boolean left) (Minidregg.Theory.ObjectiveBendOpenRecursion.Term.boolean right) = Option.some (Minidregg.Theory.ObjectiveBendOpenRecursion.Term.boolean (left && right))
theorem	Minidregg.Theory.ObjectiveBendOpenRecursion.conjunction_labels_refused	9fe20659fcf3aa9127863e4db932cee44b0e8b67cc91950113bcae071f69643d	3c97b5cc402a67ebfbd324571530966a3cf6a58bf7f6397f0de5e308f799c3d4	ab4d0d972aa3864502eb161addf80006d5ef932539d50a1a690d2d0a5c554f60	2bb38a1603720bfb	propext	∀ (left right : String), Minidregg.Theory.ObjectiveBendOpenRecursion.primitiveResult Minidregg.Theory.ObjectiveBendOpenRecursion.Primitive.conjunction (Minidregg.Theory.ObjectiveBendOpenRecursion.Term.label left) (Minidregg.Theory.ObjectiveBendOpenRecursion.Term.label right) = Option.none
theorem	Minidregg.Theory.ObjectiveBendOpenRecursion.divide_floor_exact	6cce3ab3b46da95b43305eba3fd222fb54076dd261b08a7c35b8e6bd092d0b55	da0d9b977edd032a200e34d45b3ff5b598f87ffefb2ceb4f5369e5167bcc9e6f	d4d0ee2f342e1366f20bee0c4f58c74639d6f566d0f07d66e9b5d96f4c48eca4	13562f469a770774	propext	∀ (left right : Nat), Minidregg.Theory.ObjectiveBendOpenRecursion.primitiveResult Minidregg.Theory.ObjectiveBendOpenRecursion.Primitive.divide (Minidregg.Theory.ObjectiveBendOpenRecursion.Term.nat left) (Minidregg.Theory.ObjectiveBendOpenRecursion.Term.nat right) = Option.some (Minidregg.Theory.ObjectiveBendOpenRecursion.Term.nat (left / right)) ∧ Minidregg.Theory.ObjectiveBendOpenRecursion.primitiveResult Minidregg.Theory.ObjectiveBendOpenRecursion.Primitive.divide (Minidregg.Theory.ObjectiveBendOpenRecursion.Term.nat left) (Minidregg.Theory.ObjectiveBendOpenRecursion.Term.nat 0) = Option.some (Minidregg.Theory.ObjectiveBendOpenRecursion.Term.nat 0) ∧ (0 < right → ∀ (quotient : Nat), Minidregg.Theory.ObjectiveBendOpenRecursion.primitiveResult Minidregg.Theory.ObjectiveBendOpenRecursion.Primitive.divide (Minidregg.Theory.ObjectiveBendOpenRecursion.Term.nat left) (Minidregg.Theory.ObjectiveBendOpenRecursion.Term.nat right) = Option.some (Minidregg.Theory.ObjectiveBendOpenRecursion.Term.nat quotient) → quotient * right ≤ left ∧ left < (quotient + 1) * right)
theorem	Minidregg.Theory.ObjectiveBendOpenRecursion.divide_modulo_reconstruct	addce68ce08a1addbe99700ea81b1f3a42c7839c347d3e81f1bcc07ef4d157a3	ea3cd689438f05209cbde781ae9c5bf8f6f9130037b49d8a3070890bf88c2541	827aff9850aa8d806d3ce31584dd45ca22e2611671ceac96afe604e3f08af163	facb05aade6f8cfe	propext	∀ (left right quotient remainder : Nat), Minidregg.Theory.ObjectiveBendOpenRecursion.primitiveResult Minidregg.Theory.ObjectiveBendOpenRecursion.Primitive.divide (Minidregg.Theory.ObjectiveBendOpenRecursion.Term.nat left) (Minidregg.Theory.ObjectiveBendOpenRecursion.Term.nat right) = Option.some (Minidregg.Theory.ObjectiveBendOpenRecursion.Term.nat quotient) → Minidregg.Theory.ObjectiveBendOpenRecursion.primitiveResult Minidregg.Theory.ObjectiveBendOpenRecursion.Primitive.modulo (Minidregg.Theory.ObjectiveBendOpenRecursion.Term.nat left) (Minidregg.Theory.ObjectiveBendOpenRecursion.Term.nat right) = Option.some (Minidregg.Theory.ObjectiveBendOpenRecursion.Term.nat remainder) → quotient * right + remainder = left ∧ (0 < right → remainder < right) ∧ (right = 0 → remainder = left)
theorem	Minidregg.Theory.ObjectiveBendOpenRecursion.equality_boolean_exact	94218c1705af707c36b61271fffff55a95bb7067fe8d7c3bd774a2156bf3cdf8	1e3af91183d54afe3f6b355d5b6e6883aa990ddb61d6d45408f0982238cb56f2	5b44de732c1e938a8b42ae8e423de335ced72e7a16a1f07cc5c8ac2450d1fe74	984ba4307dbbe8d3	propext	∀ (left right : Nat), Minidregg.Theory.ObjectiveBendOpenRecursion.primitiveResult Minidregg.Theory.ObjectiveBendOpenRecursion.Primitive.equal (Minidregg.Theory.ObjectiveBendOpenRecursion.Term.nat left) (Minidregg.Theory.ObjectiveBendOpenRecursion.Term.nat right) = Option.some (Minidregg.Theory.ObjectiveBendOpenRecursion.Term.boolean (left == right))
theorem	Minidregg.Theory.ObjectiveBendOpenRecursion.equality_drives_branch	eb43aa522da2c1f62fd3ab419758709639c5e3fc4aa349d7c5d58f01fd6aab4c	03652a5b2d5d6c1cb14df65da252539cbfa9651b69f72e239b2e2eaf2d7b7d85	0c0c0ea232f10e7909b26ec74a8342fb52c36b80ff81837a5b3fd23997c934ec	7f098366d4934643	Quot.sound,propext	∀ (left right : Nat), Minidregg.Theory.ObjectiveBendOpenRecursion.Evaluates ((Minidregg.Theory.ObjectiveBendOpenRecursion.Term.binary Minidregg.Theory.ObjectiveBendOpenRecursion.Primitive.equal (Minidregg.Theory.ObjectiveBendOpenRecursion.Term.nat left) (Minidregg.Theory.ObjectiveBendOpenRecursion.Term.nat right)).ifBool (Minidregg.Theory.ObjectiveBendOpenRecursion.Term.label "same") (Minidregg.Theory.ObjectiveBendOpenRecursion.Term.label "different")) (Minidregg.Theory.ObjectiveBendOpenRecursion.Term.label (if (left == right) = Bool.true then "same" else "different"))
def	Minidregg.Theory.ObjectiveBendOpenRecursion.extendFields	32707af110f7ed17958ecbd57ba90ba458e6ad4256d66e5992bcd2eb1757501b	f56aca9620a0d08e3e75b57463aaecc9ad14f0b68702eff6a9825a74390c8592	727b89af02960bb0043a802e1a673bb4e3f0a4acac2ff2e8b0154d3b5e017004	4d6cd3f6a5403def	-	List (String × Minidregg.Theory.ObjectiveBendOpenRecursion.Term) → List (String × Minidregg.Theory.ObjectiveBendOpenRecursion.Term) → List (String × Minidregg.Theory.ObjectiveBendOpenRecursion.Term)
def	Minidregg.Theory.ObjectiveBendOpenRecursion.instantiate	826ba66f77aad094af9ebbb281b1561a42f83bba4b874797f039b2c21b9a7eb2	9f2046dab4f4f9ac33129cba0b23bf635bcb31d875d851ea183d02ab2aa0a3c7	7fd76954ebf3fc0c8309d73ba2e52c163b270d379c9ec53bb1461c8446dda7e3	26e65bdbe0d57642	Quot.sound,propext	Minidregg.Theory.ObjectiveBendOpenRecursion.Term → Minidregg.Theory.ObjectiveBendOpenRecursion.Term → Minidregg.Theory.ObjectiveBendOpenRecursion.Term
def	Minidregg.Theory.ObjectiveBendOpenRecursion.instantiatePrototype	102c768a30bb5dd5246e1ca7ffe54be8e76686246b72303577243fa2eb31470e	9f2046dab4f4f9ac33129cba0b23bf635bcb31d875d851ea183d02ab2aa0a3c7	a6dc531a9c30eb1b00b42331f9ba4d087612a2c3270e45920d1f38dfd4434e91	574f6d92ff8f468e	Quot.sound,propext	Minidregg.Theory.ObjectiveBendOpenRecursion.Term → Minidregg.Theory.ObjectiveBendOpenRecursion.Term → Minidregg.Theory.ObjectiveBendOpenRecursion.Term
theorem	Minidregg.Theory.ObjectiveBendOpenRecursion.label_equality_boolean_exact	fbbaa4fe4b5cea831d011c1ea06ebbfae8e98bab1e733cde23dc01bbc2458592	ae5b68610ac6b89e0550efefeeed115c5b4a097d93098d593e4f05403c910103	c83fdfbc53aadbdebf117c080b28ad9562ec48cc5fb7461b748bce03e27c0ac0	03529f6575a8f7e1	propext	∀ (left right : String), Minidregg.Theory.ObjectiveBendOpenRecursion.primitiveResult Minidregg.Theory.ObjectiveBendOpenRecursion.Primitive.labelEqual (Minidregg.Theory.ObjectiveBendOpenRecursion.Term.label left) (Minidregg.Theory.ObjectiveBendOpenRecursion.Term.label right) = Option.some (Minidregg.Theory.ObjectiveBendOpenRecursion.Term.boolean (left == right))
theorem	Minidregg.Theory.ObjectiveBendOpenRecursion.label_equality_booleans_refused	91295811cb4b14daaf15dc77a78c98000305deeb7101f0f62b3271a51aa8f767	756833bb1dcd853baf6135837ff0d69ee03fd47fb9cab23be394b7e42fc24b83	b6a5167c34b39a5209ee15532adedc2ee0b87cfd0a7c3dd70c35989f4dc3dd5b	4da704d46128789a	propext	∀ (left right : Bool), Minidregg.Theory.ObjectiveBendOpenRecursion.primitiveResult Minidregg.Theory.ObjectiveBendOpenRecursion.Primitive.labelEqual (Minidregg.Theory.ObjectiveBendOpenRecursion.Term.boolean left) (Minidregg.Theory.ObjectiveBendOpenRecursion.Term.boolean right) = Option.none
theorem	Minidregg.Theory.ObjectiveBendOpenRecursion.lazy_fixed_function	5eaa9f1e83de6c84a9a45f4582d93b505b36d8abc5eebfaa6548c01d5089ca45	4f01faa80b931aa4711e22d96c49d9e832d922a847a212a4d3cca0c6a3a4216c	2250f8338710b43f06a7e209079e45e8efc6957ce492127e89376a447b8235fc	1fc096b06184e000	Quot.sound,propext	Minidregg.Theory.ObjectiveBendOpenRecursion.Evaluates ((Minidregg.Theory.ObjectiveBendOpenRecursion.Term.bound 0).lam.lam.lam.fix (Minidregg.Theory.ObjectiveBendOpenRecursion.Term.nat 7)) (Minidregg.Theory.ObjectiveBendOpenRecursion.Term.bound 0).lam
def	Minidregg.Theory.ObjectiveBendOpenRecursion.liftRename	41d02de9c0539fa7c3ab8b4b2e43d57b46b6b7c004cb38c6956383ccb9f5c57c	46699a0f2f24a3681fd0103a5c95ec882a8fa8c4494d5ccab5f2db04752f6967	714d1423a760b97ec2732f1a9ef995739077c9f7ca7c25afb715f36fc5fa7a58	91b22e332cf9c1fa	-	(Nat → Nat) → Nat → Nat
def	Minidregg.Theory.ObjectiveBendOpenRecursion.liftSubstitution	e74186a2e995f1a069c4c30c2e8aee7de345ebc8e50e3300310839f31cc367d8	f7c43e2fa641cdfc9eb85e5e687f07b2fcc91e6d903a00b31d07d89f84a31949	e41aa95c6bbceca00145de9de76e3cf1cde1367825023bf9174d4adb7b2fa7ba	3d0d18507c3af414	Quot.sound,propext	(Nat → Minidregg.Theory.ObjectiveBendOpenRecursion.Term) → Nat → Minidregg.Theory.ObjectiveBendOpenRecursion.Term
def	Minidregg.Theory.ObjectiveBendOpenRecursion.mixBody	962e23260055b0f6d3e8116546fd18f0e280181dfd0ac160d04bf84af6f8af77	9f2046dab4f4f9ac33129cba0b23bf635bcb31d875d851ea183d02ab2aa0a3c7	ce42924faf0ede65a0aef7467b266ca22c987bb5569156dde520baf75b2ebe88	d5f2003b2a93342d	Quot.sound,propext	Minidregg.Theory.ObjectiveBendOpenRecursion.Term → Minidregg.Theory.ObjectiveBendOpenRecursion.Term → Minidregg.Theory.ObjectiveBendOpenRecursion.Term
theorem	Minidregg.Theory.ObjectiveBendOpenRecursion.nat_primitives_refuse_labels	2b13cf87d987d5c918e7b3ed833413293ce4558f044dcc1d39f2f812c33344cb	c1dcb6b6965488151e50e9145545db0f681425a1f100816d95cfa5fa2ba678e7	5d7dba6ab3a67d9a3db9e8915cda0f64cacae35b3cd6a11b66a2f9b4649abc39	1501cb91cb2f570a	propext	∀ (primitive : Minidregg.Theory.ObjectiveBendOpenRecursion.Primitive) (left right : String), primitive = Minidregg.Theory.ObjectiveBendOpenRecursion.Primitive.subtract ∨ primitive = Minidregg.Theory.ObjectiveBendOpenRecursion.Primitive.divide ∨ primitive = Minidregg.Theory.ObjectiveBendOpenRecursion.Primitive.less ∨ primitive = Minidregg.Theory.ObjectiveBendOpenRecursion.Primitive.lessEqual ∨ primitive = Minidregg.Theory.ObjectiveBendOpenRecursion.Primitive.modulo → Minidregg.Theory.ObjectiveBendOpenRecursion.primitiveResult primitive (Minidregg.Theory.ObjectiveBendOpenRecursion.Term.label left) (Minidregg.Theory.ObjectiveBendOpenRecursion.Term.label right) = Option.none ∧ Minidregg.Theory.ObjectiveBendOpenRecursion.primitiveResult primitive (Minidregg.Theory.ObjectiveBendOpenRecursion.Term.boolean (Decidable.decide (left = right))) (Minidregg.Theory.ObjectiveBendOpenRecursion.Term.nat 0) = Option.none
theorem	Minidregg.Theory.ObjectiveBendOpenRecursion.one_turn_interaction	d0f2e2642bd1e794dd09e4af0a1596a39977a3a4d206735d2635e26d4f744636	ee585e474f6d1fdb14f708e32643647676e41b0f0e17ae3fb79dab7075e12629	68d26897f6b34552a8d0a8df2d15da39c4adba10a33b0b296910b8efed7b1942	8330346c41042e79	Quot.sound,propext	∀ (plan : Minidregg.Theory.ObjectiveBendOpenRecursion.Term), Minidregg.Theory.ObjectiveBendOpenRecursion.Interaction (plan.perform.case [("written", (Minidregg.Theory.ObjectiveBendOpenRecursion.Term.nat 1).done), ("refused", (Minidregg.Theory.ObjectiveBendOpenRecursion.Term.nat 0).done)]) [(plan, Minidregg.Theory.ObjectiveBendOpenRecursion.Term.inject "written" (Minidregg.Theory.ObjectiveBendOpenRecursion.Term.record []))] (Minidregg.Theory.ObjectiveBendOpenRecursion.Term.nat 1)
theorem	Minidregg.Theory.ObjectiveBendOpenRecursion.order_exact	0877b2d2bc60494965f1c14da9abee57c7ac0e6ab1ee9af56378db3bcfe2835c	ceb2b69b2fdad2ef7f429cbfb3ecf6157810f88c71a3cf788bf31aa10417ee0d	46567a302cc9473d1f12e4a50c40fd38f2e862705eebc528f8a2a527355d59d5	f0d8c814fc4d3ab6	propext	∀ (left right : Nat), Minidregg.Theory.ObjectiveBendOpenRecursion.primitiveResult Minidregg.Theory.ObjectiveBendOpenRecursion.Primitive.less (Minidregg.Theory.ObjectiveBendOpenRecursion.Term.nat left) (Minidregg.Theory.ObjectiveBendOpenRecursion.Term.nat right) = Option.some (Minidregg.Theory.ObjectiveBendOpenRecursion.Term.boolean (Decidable.decide (left < right))) ∧ Minidregg.Theory.ObjectiveBendOpenRecursion.primitiveResult Minidregg.Theory.ObjectiveBendOpenRecursion.Primitive.lessEqual (Minidregg.Theory.ObjectiveBendOpenRecursion.Term.nat left) (Minidregg.Theory.ObjectiveBendOpenRecursion.Term.nat right) = Option.some (Minidregg.Theory.ObjectiveBendOpenRecursion.Term.boolean (Decidable.decide (left ≤ right)))
def	Minidregg.Theory.ObjectiveBendOpenRecursion.plug	3042990efa32ce8c82ca086d31e9194abe0fa0a362bd64c94d24f17858a28532	2e64d78e2f6ea800a532073e665c35ae448e85b65f88d2ca1d059d5ed108ca53	f8e51568360a407b6f878c63b03ea8e74cdf2716f94746afccd38326fedd26e3	a21d0ee24c4be419	-	List Minidregg.Theory.ObjectiveBendOpenRecursion.SourceFrame → Minidregg.Theory.ObjectiveBendOpenRecursion.Term → Minidregg.Theory.ObjectiveBendOpenRecursion.Term
def	Minidregg.Theory.ObjectiveBendOpenRecursion.primitiveResult	1521447db946e215e718bde00eb935eee40af57b0429d87cbc6d3a8c7792e196	cb04d3ad80febc7834792c2047077770765ffd95cb8879f32874ed86b427b736	80234cfa874e5131ed6d2434b9fb6590ec32e0a7e664e9378b59c665c167234b	469a902597ed5da5	propext	Minidregg.Theory.ObjectiveBendOpenRecursion.Primitive → Minidregg.Theory.ObjectiveBendOpenRecursion.Term → Minidregg.Theory.ObjectiveBendOpenRecursion.Term → Option Minidregg.Theory.ObjectiveBendOpenRecursion.Term
theorem	Minidregg.Theory.ObjectiveBendOpenRecursion.prototype_metadata_unforced	19b08c923dea75a45b9af1e1d890b2c28ee55d0b0b287fc6e8584eaba60fea37	755741483f5c364c08ae38706b8578b2512de5517295214f316ac26379ee68bc	65028c63e5046688f13f494413317f0c34a31d5ac5ea93d8de5e927f285bc17a	1fdc2d28fbfb06b8	Quot.sound,propext	∀ (spec divergent : Minidregg.Theory.ObjectiveBendOpenRecursion.Term), Minidregg.Theory.ObjectiveBendOpenRecursion.Step (spec.prototype divergent).reflect spec
theorem	Minidregg.Theory.ObjectiveBendOpenRecursion.specification_metadata_unforced	34c6685004d0b788733681edd3bf78292cca88c9e2b3cdc0832a9ab45f3badeb	ad94423c3c6479d76169cde5ece5c705b5cbe6b1796e69a2d68bfba50ce4ca96	9bb6eba40f406b6c0f198807b3c30ac58f78d7e2e0f5040f8f6b804590689515	67ce952d1f923ca3	Quot.sound,propext	∀ (metadata divergent : Minidregg.Theory.ObjectiveBendOpenRecursion.Term), Minidregg.Theory.ObjectiveBendOpenRecursion.Step (metadata.specification divergent).metadata metadata
theorem	Minidregg.Theory.ObjectiveBendOpenRecursion.subtract_truncated_exact	61861b786663751008de2799c46f3a240dfbff8426b4cecee996403a666a55a3	c3ac044221defe74350449d5748a06dc3c13ae6af987d366696eb42b8edc5934	bede9f80e6b60b175a681ec2b37d65736096c3197682d266491297cfd0366698	61aa5b0767cc4837	propext	∀ (left right : Nat), Minidregg.Theory.ObjectiveBendOpenRecursion.primitiveResult Minidregg.Theory.ObjectiveBendOpenRecursion.Primitive.subtract (Minidregg.Theory.ObjectiveBendOpenRecursion.Term.nat left) (Minidregg.Theory.ObjectiveBendOpenRecursion.Term.nat right) = Option.some (Minidregg.Theory.ObjectiveBendOpenRecursion.Term.nat (left - right)) ∧ (left ≤ right → Minidregg.Theory.ObjectiveBendOpenRecursion.primitiveResult Minidregg.Theory.ObjectiveBendOpenRecursion.Primitive.subtract (Minidregg.Theory.ObjectiveBendOpenRecursion.Term.nat left) (Minidregg.Theory.ObjectiveBendOpenRecursion.Term.nat right) = Option.some (Minidregg.Theory.ObjectiveBendOpenRecursion.Term.nat 0))
theorem	Minidregg.Theory.ObjectiveBendOpenRecursion.value_no_step	40fd0e41d56f3a55eb1a8d55420ca2eda8ca03c6a1fc66c8fc744aadcbeee7a3	5f90dfe132ea4085e33829bcdbeb8f5b6d41b60cec90c67c87ae74fb1f300bf2	d93b80aec63bc1a4ffee9f5082348733ee1a00f5fdd067f0cddd6921135f5e8f	6648bd5f39a9bdc7	Quot.sound,propext	∀ {term next : Minidregg.Theory.ObjectiveBendOpenRecursion.Term}, Minidregg.Theory.ObjectiveBendOpenRecursion.Value term → ¬Minidregg.Theory.ObjectiveBendOpenRecursion.Step term next
theorem	Minidregg.Theory.ObjectiveBendOpenRecursion.yields_deterministic	b344362362db7fd5c3b6509719a74cba3bb84f1dfd9730816d68271bae2a1e49	b3034d880ae297a43562cc3e23dc4863c95817f4138d15b0f1f1f15c2c5fda6d	aa588595325c23f68e9530061da5f1451a0db472c4143b2a2b9f1fcc92df66a4	eedf49ac2a43d855	-	∀ {term plan plan' : Minidregg.Theory.ObjectiveBendOpenRecursion.Term} {context context' : List Minidregg.Theory.ObjectiveBendOpenRecursion.SourceFrame}, Minidregg.Theory.ObjectiveBendOpenRecursion.Yields term plan context → Minidregg.Theory.ObjectiveBendOpenRecursion.Yields term plan' context' → plan = plan' ∧ context = context'
theorem	Minidregg.Theory.ObjectiveBendOpenRecursion.yields_no_step	bd733cbed206780571496c137ece6206969f1b5df3802de536008c421c3ba549	ba584d461a773f72174c5969af04f9fbf962653e387a187368624babeedc00e8	e083d3a8306bb423707aa5548cb763a64dd1420f53bca7d99cf8a30122ac2f91	fdc37dc2e45d06b7	Quot.sound,propext	∀ {term plan : Minidregg.Theory.ObjectiveBendOpenRecursion.Term} {context : List Minidregg.Theory.ObjectiveBendOpenRecursion.SourceFrame}, Minidregg.Theory.ObjectiveBendOpenRecursion.Yields term plan context → ∀ (next : Minidregg.Theory.ObjectiveBendOpenRecursion.Term), ¬Minidregg.Theory.ObjectiveBendOpenRecursion.Step term next
theorem	Minidregg.Theory.ObjectiveBendOpenRecursion.yields_not_value	31a86e89e0b62c89930f2fd3959158fb7dda8df7b490b1bce256c0af15493c8f	d378cad1fd24ed048ac930b3f135e6b0073b1057878968af4cec81d7821f91dc	3ee9991a0d89f5545248afefb9afa8a0c37f7bc99a46af1f033bc2b06d9107b7	7d8835d3c2183525	-	∀ {term plan : Minidregg.Theory.ObjectiveBendOpenRecursion.Term} {context : List Minidregg.Theory.ObjectiveBendOpenRecursion.SourceFrame}, Minidregg.Theory.ObjectiveBendOpenRecursion.Yields term plan context → ¬Minidregg.Theory.ObjectiveBendOpenRecursion.Value term
theorem	Minidregg.Theory.ObjectiveBendOpenRecursion.yields_plug	6ef3a8bff8979727eec7e913debd2ff933309976a2977c0ee68d79b757e7f752	b1c6c55f560584b586a302e13318e280fab686ab296c137ec3ac2fa64dff3e07	ae86e9d5cdf130f891838aa9a5207d1a884b7643c1c6d3d853bbbac48f901e71	27a151bfe8de268a	Quot.sound,propext	∀ {term plan : Minidregg.Theory.ObjectiveBendOpenRecursion.Term} {context : List Minidregg.Theory.ObjectiveBendOpenRecursion.SourceFrame}, Minidregg.Theory.ObjectiveBendOpenRecursion.Yields term plan context → term = Minidregg.Theory.ObjectiveBendOpenRecursion.plug context plan.perform
