# Theory.CredentialAuthorityEffects: Objective contract manifest. Written by `scripts/check-objective-proofs.sh proofs --pin`;
# a removed or changed row needs a line in scripts/gates/objective-contract-changes.txt.
def	Minidregg.Theory.CredentialAuthorityEffects.Assignable	98f1ba9673ce1f7041578c3cb2239d0887e32001806b5780ed238ee4a8cd2abf	59f19d4ad7ceaa3e930d3b28ed702e6f9074f72b56c5c330f1816a336f58794f	c84cb5acd20edff45046773b22e69333265499e555f3df79acb98f5a54f39929	5cd2afe5b25e1cf7	Classical.choice,Quot.sound,propext	Minidregg.Theory.Store.Store Minidregg.Theory.CredentialAuthorityState.layout → Minidregg.Theory.Store.Address Minidregg.Theory.CredentialAuthorityState.layout → Prop := fun store address => Minidregg.Theory.CredentialAuthorityState.layout.discipline address.fst = Minidregg.Theory.Store.Discipline.ram ∨ store address = Option.none
def	Minidregg.Theory.CredentialAuthorityEffects.AssignableAll	9ffeb6eb27b9047f7ea63f8c8cac4bd87df25897b7a9f77ce88df5b2fb43e237	6f8a56463b56773ab367f67c758c8f15add3d513f8d6670f28a08b018ccde75c	80be76f73c6826dbbaa0ab365782a63caf0534c1623e31d1af0f30eb67129fea	b1369443e715ec28	Classical.choice,Quot.sound,propext	Minidregg.Theory.Store.Store Minidregg.Theory.CredentialAuthorityState.layout → List (Minidregg.Theory.Store.Entry Minidregg.Theory.CredentialAuthorityState.layout) → Prop := fun x x_1 => List.brecOn (motive := fun x => Minidregg.Theory.Store.Store Minidregg.Theory.CredentialAuthorityState.layout → Prop) x_1 Minidregg.Theory.CredentialAuthorityEffects.AssignableAll._f x
inductive	Minidregg.Theory.CredentialAuthorityEffects.AttenuateDeclaration	bc2f319830486e3841cb043c5f5a991493c5fef359df9623378fa90a1521ab91	1c00a75b8070f719171d4d247bb3a578659f0036ebde4aa37fa48621b07fb041	3620410463b8e14820e6e8b3fd2d02707cfec6d0afca58a64232fde54876a928	ff3a2dcc82b4a389		Minidregg.Theory.TypedAuthorization.ResourceKind → Type
def	Minidregg.Theory.CredentialAuthorityEffects.AttenuateDeclaration.capabilityEntry	69310fbd49efedcd1788f4197c3f997a84a1ca958f959bd3eef8843316b71462	bb6cebda12b8e4c23ede36690de3b1195853c658df529279b5632f8d6402597e	3cd4cfae8d0b41a4bce0fff7d9b4075679a8ebdf6799d3fcfb45ca8e80816107	67fa5662b94d9f12	Classical.choice,Quot.sound,propext	{kind : Minidregg.Theory.TypedAuthorization.ResourceKind} → Minidregg.Theory.CredentialAuthorityEffects.AttenuateDeclaration kind → Minidregg.Theory.CredentialAuthorityState.StoredCapability kind → Minidregg.Theory.Store.Entry Minidregg.Theory.CredentialAuthorityState.layout
def	Minidregg.Theory.CredentialAuthorityEffects.AttenuateDeclaration.child	2e14075cf9c98e218301156781cf77b7fac0f0afa0ac9677f8c62fc276955757	b8fef71a014eb231f01e8fd5d54e95b5eb82f350256e1ab4cf246d97b8210c21	5148d87699a21d75ecde2669be70fc99721d2350f776249a950a2ed4a8498977	2c45504d08605a3a	Quot.sound,propext	{kind : Minidregg.Theory.TypedAuthorization.ResourceKind} → Minidregg.Theory.CredentialAuthorityEffects.AttenuateDeclaration kind → Minidregg.Theory.TypedAuthorization.Capability kind
def	Minidregg.Theory.CredentialAuthorityEffects.AttenuateDeclaration.entries	c3b96812cf8fba8844df2a738540eca1bae70a45702a5680c632ff71ae3035eb	aa98226665cb2c5d4202ed3749bbe1a0171287831e91e804766bbbc486297590	b2ddbc9a3ac2e28a28fa89f723729a0887edae1c9a7a3c4e6b0f7757ebc0654d	65fe50ce03668d9b	Classical.choice,Quot.sound,propext	{kind : Minidregg.Theory.TypedAuthorization.ResourceKind} → Minidregg.Theory.CredentialAuthorityEffects.AttenuateDeclaration kind → Minidregg.Theory.CredentialAuthorityState.StoredCapability kind → List (Minidregg.Theory.Store.Entry Minidregg.Theory.CredentialAuthorityState.layout)
def	Minidregg.Theory.CredentialAuthorityEffects.AttenuateDeclaration.expectedPreRoot	b18d1b6a4baf8c27748af88672bef231b286244aaeb654ea8aa8275edbd6cbea	d14df0433a3b1d76af5a152a79c2c6c39ddbe958490761b0aea5a9b024ea58ba	91d1cb52f501eccf3b5d19d315838b6c25d29a3bb4c6773afebb8a1667a1e707	671e9ae133ced55a	Quot.sound,propext	{kind : Minidregg.Theory.TypedAuthorization.ResourceKind} → Minidregg.Theory.CredentialAuthorityEffects.AttenuateDeclaration kind → Minidregg.Theory.TypedAuthorization.Digest
ctor	Minidregg.Theory.CredentialAuthorityEffects.AttenuateDeclaration.mk	6d8c7fe5c7ea3cffebe14daea6d5377bc47a3a21c5080f3990019e09928946f8	3455e3935aa31fe1a94b15ab01c83f088874fd5303414223afef9379f70234a5	62c606a4dd1050bb301f882fb482609e67f3b5fcfd77341ff8f8df7da7677784	3310801494f526ee		{kind : Minidregg.Theory.TypedAuthorization.ResourceKind} → Minidregg.Theory.TypedAuthorization.Capability kind → Minidregg.Theory.TypedAuthorization.CapabilityId → Minidregg.Theory.TypedAuthorization.Digest → Minidregg.Theory.CredentialAuthorityEffects.OperationNullifier → Minidregg.Theory.CredentialAuthorityEffects.AttenuateDeclaration kind
def	Minidregg.Theory.CredentialAuthorityEffects.AttenuateDeclaration.operationNullifier	8bf1535575890f79c12935b24b96181c82f5444acd6909fe6a95229258bce365	3d1e8d2cff037d68c6a816a40b5d2a9ce8b3d2fa6c1a6562577ff152092b36ab	f2b1ff9733e0093ff720e8e5572b91d822f190e00f48fd7f476da18e2d86cf30	cef7da9417143da1	Quot.sound,propext	{kind : Minidregg.Theory.TypedAuthorization.ResourceKind} → Minidregg.Theory.CredentialAuthorityEffects.AttenuateDeclaration kind → Minidregg.Theory.CredentialAuthorityEffects.OperationNullifier
def	Minidregg.Theory.CredentialAuthorityEffects.AttenuateDeclaration.parentId	fd5d49799e8eb65cde96fa8823d16e6a2577b9da3b2336fcf571c1e7231c04f1	a51e9c1022b566871b2ebf3b9733973c79c7b04c7a35cdb098e04c4dafe2342a	3fcb1ae3cfe8143de4ba773c3966b5ed8498f4f9bd2659542f873283a851585d	b97ffa8ea0413b90	Quot.sound,propext	{kind : Minidregg.Theory.TypedAuthorization.ResourceKind} → Minidregg.Theory.CredentialAuthorityEffects.AttenuateDeclaration kind → Minidregg.Theory.TypedAuthorization.CapabilityId
def	Minidregg.Theory.CredentialAuthorityEffects.AttenuateDeclaration.patch	5a212b700ddb86467a85f7b6271d9751114da4d41ed911fddd712a72bb5813a5	9a0386a453e4091c2724b1b33d57fdbc5bcbf1932f517bc1b1c4c1d82788e024	9fe245a49cf3c48497cb7af9afb9a27d8d1360a926a1d16778e633f7dcbda62e	7357a8451a433a53	Classical.choice,Quot.sound,propext	{kind : Minidregg.Theory.TypedAuthorization.ResourceKind} → Minidregg.Theory.CredentialAuthorityEffects.AttenuateDeclaration kind → Minidregg.Theory.CredentialAuthorityState.StoredCapability kind → Minidregg.Theory.Store.Store Minidregg.Theory.CredentialAuthorityState.layout → Minidregg.Theory.Store.Patch Minidregg.Theory.CredentialAuthorityState.layout
theorem	Minidregg.Theory.CredentialAuthorityEffects.AttenuateDeclaration.patch_writeFootprint	bc6fb5f04072738539794ea27c5cdd5d867209ffc671e59561ca09d3edf8c4ad	73e7366231d9404348ca5e62a41fe1b7fbbfeb0797c4af3886f8e0f967939ea9	39c56ef754814f144a6d9408dd3c5f4b002f9b38234873a10984af336f4cf1c9	45c2d2d9ee17592c	Classical.choice,Quot.sound,propext	∀ {kind : Minidregg.Theory.TypedAuthorization.ResourceKind} (declaration : Minidregg.Theory.CredentialAuthorityEffects.AttenuateDeclaration kind) (parent : Minidregg.Theory.CredentialAuthorityState.StoredCapability kind) (store : Minidregg.Theory.Store.Store Minidregg.Theory.CredentialAuthorityState.layout), (declaration.patch parent store).writeFootprint = {⟨Minidregg.Theory.CredentialAuthorityState.AuthorityPlane.capability kind, declaration.child.id⟩, ⟨Minidregg.Theory.CredentialAuthorityState.AuthorityPlane.registered, Minidregg.Theory.TypedAuthorization.RevocationKey.capability declaration.child.id⟩}
inductive	Minidregg.Theory.CredentialAuthorityEffects.AttenuateEvidence	7c2a9d42c810a5dadd46bef9d5e00c6533f6c44626677d720fee4edce6949ccf	3826b8405526847b94c22e05de277039d8496260b932d35b450d6bd589ace3d3	eaf9b0ed158e59ebe449498d63e066cf8495b75fc592d3a7231f1d09eae9c547	4df2b0b2328fa073		{M : Minidregg.Theory.CredentialAuthorityState.Materializer} → Minidregg.Theory.CredentialAuthorityState.Cell M → {kind : Minidregg.Theory.TypedAuthorization.ResourceKind} → Minidregg.Theory.CredentialAuthorityEffects.AttenuateDeclaration kind → Minidregg.Theory.CredentialAuthorityState.StoredCapability kind → Type
theorem	Minidregg.Theory.CredentialAuthorityEffects.AttenuateEvidence.childLineageAnchored	20ad9aaf3f9018c7cb74244f7d58bc7d63a3eae10c31e7e9ef0204b950840fa0	8083f52b70cbb325525688ae00b116885de376ee65ea48be9203207c93ab03ab	e9b79bfdbecad7e158b621542cda159b92de1cc97573be306e0bcd9157cf5acf	4e352cf6ef5e267b	Classical.choice,Quot.sound,propext	∀ {M : Minidregg.Theory.CredentialAuthorityState.Materializer} {pre : Minidregg.Theory.CredentialAuthorityState.Cell M} {kind : Minidregg.Theory.TypedAuthorization.ResourceKind} {declaration : Minidregg.Theory.CredentialAuthorityEffects.AttenuateDeclaration kind} {parent : Minidregg.Theory.CredentialAuthorityState.StoredCapability kind} {expectedPreRoot : Minidregg.Theory.TypedAuthorization.Digest} (evidence : Minidregg.Theory.CredentialAuthorityEffects.AttenuateEvidence pre declaration parent) (validated : Minidregg.Theory.CellState.ValidatedPatch M pre expectedPreRoot (declaration.patch parent pre.logical)), Minidregg.Theory.CredentialLineageAdmission.LineageAnchored validated.apply (Minidregg.Theory.CredentialAuthorityEffects.descendedCapability declaration.child parent)
theorem	Minidregg.Theory.CredentialAuthorityEffects.AttenuateEvidence.childLineageValid	33b0ae7549d2676ef54dd3c4fc0006adabed26e21848baf1f8ec9937651f5d75	782602255f7f4c432190a38d5ef14531619484fb1755ad7269e8e3b57f00110b	855bdc23c3ab559ca714b81871d2ee521c1844f6dd497a472c29a6e4a8cb96c4	db7887c3aa3b468c	Classical.choice,Quot.sound,propext	∀ {M : Minidregg.Theory.CredentialAuthorityState.Materializer} {pre : Minidregg.Theory.CredentialAuthorityState.Cell M} {kind : Minidregg.Theory.TypedAuthorization.ResourceKind} {declaration : Minidregg.Theory.CredentialAuthorityEffects.AttenuateDeclaration kind} {parent : Minidregg.Theory.CredentialAuthorityState.StoredCapability kind} (evidence : Minidregg.Theory.CredentialAuthorityEffects.AttenuateEvidence pre declaration parent), Minidregg.Theory.CredentialAuthorityState.LineageValid (Minidregg.Theory.CredentialAuthorityState.authState pre).parent (Minidregg.Theory.CredentialAuthorityEffects.descendedCapability declaration.child parent)
ctor	Minidregg.Theory.CredentialAuthorityEffects.AttenuateEvidence.mk	3025dff021c878fce79226aeb3368fa435cd0f8643e19f1a1c5ae530c1666c3d	9f52e600ebcfed8586d4e4ccd72dd75978454b126ab490d8bd30a5be860cb643	142e977a0847a94b413cee694982cef8bb06e385edf3b6e92f98e93ac1aa6ca2	fd6beacf05601aaf		{M : Minidregg.Theory.CredentialAuthorityState.Materializer} → {pre : Minidregg.Theory.CredentialAuthorityState.Cell M} → {kind : Minidregg.Theory.TypedAuthorization.ResourceKind} → {declaration : Minidregg.Theory.CredentialAuthorityEffects.AttenuateDeclaration kind} → {parent : Minidregg.Theory.CredentialAuthorityState.StoredCapability kind} → Minidregg.Theory.CredentialAuthorityEffects.DescentEvidence pre declaration.expectedPreRoot declaration.parentId declaration.child parent → declaration.child.StrictAttenuates parent.head (Minidregg.Theory.CredentialAuthorityState.authState pre).parent → Minidregg.Theory.CredentialAuthorityEffects.AttenuateEvidence pre declaration parent
theorem	Minidregg.Theory.CredentialAuthorityEffects.AttenuateEvidence.strict	6ff7e31e16bb42f8dab1c2f74bfab7ad3442c9ca12dca3db7577cc1e302e328c	0b85607c4a1430c53a8e4c315d3d90e01d6e8b346a67aca4f128a8e42221e9de	e3a60029a7ad0ef049a0b2d3aa238489220f0ed2bb0b66fe41226c7f4f83a7e0	533a7fe80db07f1e	Classical.choice,Quot.sound,propext	∀ {M : Minidregg.Theory.CredentialAuthorityState.Materializer} {pre : Minidregg.Theory.CredentialAuthorityState.Cell M} {kind : Minidregg.Theory.TypedAuthorization.ResourceKind} {declaration : Minidregg.Theory.CredentialAuthorityEffects.AttenuateDeclaration kind} {parent : Minidregg.Theory.CredentialAuthorityState.StoredCapability kind} (self : Minidregg.Theory.CredentialAuthorityEffects.AttenuateEvidence pre declaration parent), declaration.child.StrictAttenuates parent.head (Minidregg.Theory.CredentialAuthorityState.authState pre).parent
def	Minidregg.Theory.CredentialAuthorityEffects.AttenuateEvidence.toDescentEvidence	7a1de7eb007a2a332eca3fd4df14f74b3b38a102a7b9e66b34c7ada08243f6a1	8b3f70dd3b8b74bf11e1c76db03caa3efabae3cfd6b988f1c437f73ba3f7715e	23b33844eb9488af1fa2e848e51c647c8a01ef68959e62eac23323eab568fd83	d2a0a198ba51131e	Classical.choice,Quot.sound,propext	{M : Minidregg.Theory.CredentialAuthorityState.Materializer} → {pre : Minidregg.Theory.CredentialAuthorityState.Cell M} → {kind : Minidregg.Theory.TypedAuthorization.ResourceKind} → {declaration : Minidregg.Theory.CredentialAuthorityEffects.AttenuateDeclaration kind} → {parent : Minidregg.Theory.CredentialAuthorityState.StoredCapability kind} → Minidregg.Theory.CredentialAuthorityEffects.AttenuateEvidence pre declaration parent → Minidregg.Theory.CredentialAuthorityEffects.DescentEvidence pre declaration.expectedPreRoot declaration.parentId declaration.child parent
inductive	Minidregg.Theory.CredentialAuthorityEffects.DelegateDeclaration	64f0d83fcc0e9cd479331aa4159ed5e2d9c1ac978a2861718ee1e66af150f88a	1c00a75b8070f719171d4d247bb3a578659f0036ebde4aa37fa48621b07fb041	e0d717741dd6b2fa2d9a53d75c0f6725151511a244dee11c9ca53ed7ada7f6e1	066941b58f27405f		Minidregg.Theory.TypedAuthorization.ResourceKind → Type
def	Minidregg.Theory.CredentialAuthorityEffects.DelegateDeclaration.capabilityEntry	b96a180632168e4c37dd5a8f8ee174d64d4cebfdaf37a57f3f860111b57a3040	7579e2e65747add8a6fa986e90fd662b62c47852869effcbe341811a8344180a	c2bb16924f7860bf79eaae4c0737d9b7066704b14bb51a5b3c454ffd7ebdf738	3eec7254d1db1beb	Classical.choice,Quot.sound,propext	{kind : Minidregg.Theory.TypedAuthorization.ResourceKind} → Minidregg.Theory.CredentialAuthorityEffects.DelegateDeclaration kind → Minidregg.Theory.CredentialAuthorityState.StoredCapability kind → Minidregg.Theory.TypedAuthorization.Request kind → Minidregg.Theory.Store.Entry Minidregg.Theory.CredentialAuthorityState.layout
def	Minidregg.Theory.CredentialAuthorityEffects.DelegateDeclaration.child	616e22aa5048bcb083c11024b545a6e475fbdc1e5bb9bed8164a0204c46cfc15	5219a3085398a67c4dcb75db28f7e0e4a5068d305672521cbee4d944f743f09a	45fe22d2cc7ecd56fb94bd3f53a6d9f3d40b0fa66636faeb1d28d9fbb78b9dda	4c918de9231db455	Quot.sound,propext	{kind : Minidregg.Theory.TypedAuthorization.ResourceKind} → Minidregg.Theory.CredentialAuthorityEffects.DelegateDeclaration kind → Minidregg.Theory.TypedAuthorization.Capability kind
def	Minidregg.Theory.CredentialAuthorityEffects.DelegateDeclaration.entries	601765639673aebc8ef42e2e1144128d8b46fea6dca9cd160ada196d5cf93ef4	3c0d2e11a4d8b4fcda6c2bcb9b70b6dfa401ada75f0964fe02aee97b5a2477e2	feea6fb5556608a1faf73ffd0463d68ac83a40b40e10d09045d3bfe2c684c020	2aacd0ce9620272b	Classical.choice,Quot.sound,propext	{kind : Minidregg.Theory.TypedAuthorization.ResourceKind} → Minidregg.Theory.CredentialAuthorityEffects.DelegateDeclaration kind → Minidregg.Theory.CredentialAuthorityState.StoredCapability kind → Minidregg.Theory.TypedAuthorization.Request kind → List (Minidregg.Theory.Store.Entry Minidregg.Theory.CredentialAuthorityState.layout)
def	Minidregg.Theory.CredentialAuthorityEffects.DelegateDeclaration.expectedPreRoot	504f3de863b040f94491b9732713f075e6a5fd94237510592b169d5775570c03	e3bd7d74e54b6c0c55de8cb09cbdcde1b594faf72dd4d55ee3915f1451ac2313	64384ed0b44c6c976333d773fe45db96a40c6a86f417e8d1ce49ed96d9720325	80431becfc5d60e5	Quot.sound,propext	{kind : Minidregg.Theory.TypedAuthorization.ResourceKind} → Minidregg.Theory.CredentialAuthorityEffects.DelegateDeclaration kind → Minidregg.Theory.TypedAuthorization.Digest
ctor	Minidregg.Theory.CredentialAuthorityEffects.DelegateDeclaration.mk	e4edd5193f95a5af497f6611483ccec31d4631d653a69752af87bbd432299a41	ce836798b60f5b36498ca53735b94b7bcd08442bc5cee28c8ef798f702a74976	be56e8f53c18f0b1cdb23995c44dcc1db4594e67f9510976cc2b266532e8fd0d	ca3279dfa0b7f33c		{kind : Minidregg.Theory.TypedAuthorization.ResourceKind} → Minidregg.Theory.TypedAuthorization.Capability kind → Minidregg.Theory.TypedAuthorization.CapabilityId → Minidregg.Theory.TypedAuthorization.ResourceId kind → Minidregg.Theory.TypedAuthorization.Digest → Minidregg.Theory.CredentialAuthorityEffects.OperationNullifier → Minidregg.Theory.CredentialAuthorityEffects.DelegateDeclaration kind
def	Minidregg.Theory.CredentialAuthorityEffects.DelegateDeclaration.operationNullifier	274694d1052aafa0c0434909f9cf2a4ee2d4400eee73c4c6cf3e7d3b8490a571	56af327dda47bc351cc632ae8fee3c523762f1da9eff0cf05e882ef83e6e97bb	d8178550ac552cac00328d30761fea0c8cfee0fc46e09ccaf6d4a9227b73ceb9	71074b919049c7b5	Quot.sound,propext	{kind : Minidregg.Theory.TypedAuthorization.ResourceKind} → Minidregg.Theory.CredentialAuthorityEffects.DelegateDeclaration kind → Minidregg.Theory.CredentialAuthorityEffects.OperationNullifier
def	Minidregg.Theory.CredentialAuthorityEffects.DelegateDeclaration.parentId	58e70746d8bae41c5f9e773ad34e4f0bcb0a7fa3aaab8582db1bcd6d3beb8ffb	3606197c458799254a1f1dc8c810f5f1a377df790bbbcd4a3b694140b37f34b9	028d39f3cb7bfb9c914592db92b8c524906d2ac72d52f04e3f9c7cd58c85e158	9da61e733ce5f9f5	Quot.sound,propext	{kind : Minidregg.Theory.TypedAuthorization.ResourceKind} → Minidregg.Theory.CredentialAuthorityEffects.DelegateDeclaration kind → Minidregg.Theory.TypedAuthorization.CapabilityId
def	Minidregg.Theory.CredentialAuthorityEffects.DelegateDeclaration.patch	092c03bf57d776909a9139cced960dbd17d35f53dd1c6e1fa31733d6103941b1	c8efb5753416d3c9daf28e647a3a98e95f50d2178f9da7c52cd9dbd90a06ff8d	8e71313fa5076368e89b1fe2da7756410daec59569f51a743bce097e6a0b5763	1431b0d05252d101	Classical.choice,Quot.sound,propext	{kind : Minidregg.Theory.TypedAuthorization.ResourceKind} → Minidregg.Theory.CredentialAuthorityEffects.DelegateDeclaration kind → Minidregg.Theory.CredentialAuthorityState.StoredCapability kind → Minidregg.Theory.TypedAuthorization.Request kind → Minidregg.Theory.Store.Store Minidregg.Theory.CredentialAuthorityState.layout → Minidregg.Theory.Store.Patch Minidregg.Theory.CredentialAuthorityState.layout
theorem	Minidregg.Theory.CredentialAuthorityEffects.DelegateDeclaration.patch_writeFootprint	6d9dd41f29844511c933a88379c671a5e7b4afda3598ee3feae0f9a5c34a4813	d4fcae5e86c3901d68b8b77897fab5ac962c0acf8ee5e82243d0973a8384bb8a	2d0d52c92f718b740d6d11836ad03bf9fb141c8b1c4c16e50e7a8a7f4ad4b7df	d4b17be06a80126a	Classical.choice,Quot.sound,propext	∀ {kind : Minidregg.Theory.TypedAuthorization.ResourceKind} (declaration : Minidregg.Theory.CredentialAuthorityEffects.DelegateDeclaration kind) (parent : Minidregg.Theory.CredentialAuthorityState.StoredCapability kind) (request : Minidregg.Theory.TypedAuthorization.Request kind) (store : Minidregg.Theory.Store.Store Minidregg.Theory.CredentialAuthorityState.layout), (declaration.patch parent request store).writeFootprint = {⟨Minidregg.Theory.CredentialAuthorityState.AuthorityPlane.capability kind, declaration.child.id⟩, ⟨Minidregg.Theory.CredentialAuthorityState.AuthorityPlane.registered, Minidregg.Theory.TypedAuthorization.RevocationKey.capability declaration.child.id⟩}
def	Minidregg.Theory.CredentialAuthorityEffects.DelegateDeclaration.target	d0984d37117be5015dd80b40631be25248e70be1d76a0d1e668dc7f48ad9dbe3	f13f48ef9719300aacd52ece1ad3429703cee04f4b8fb26c38c91874da970f24	ed0b72ad64269a1b58e6080e36065b8192b7508ea7677a9560bef1c50a4de8cd	83fadb96c6f7c404	Quot.sound,propext	{kind : Minidregg.Theory.TypedAuthorization.ResourceKind} → Minidregg.Theory.CredentialAuthorityEffects.DelegateDeclaration kind → Minidregg.Theory.TypedAuthorization.ResourceId kind
inductive	Minidregg.Theory.CredentialAuthorityEffects.DelegationContext	577ba4e38917a788f197857badf10415dc95726f7339afb47a5023474c513981	16946b93ac38405660f51e475eb5aa7d25b54f5e5677e0f6a10a4526cc071cbf	e24a1054ec309f91fd1f21a13cd68d17d730f21df5dd35984b0852bd726deccc	b0af95a855581d81		Type
def	Minidregg.Theory.CredentialAuthorityEffects.DelegationContext.argsDigestBytes	15c1cf7659b70fa8b012ebc9d4eeb6b985b6392900101b1c7038861b2c4a2cb7	793df24f6b57860dfc9131ee510ef90e55c23dae27d5cf038b366dbd6aaa678d	bc0e75c2cfb32d1ed4b41f8820ff27512f58d7ed5e634ae6ae741c15c9d5dc04	908b243e53fba2ee	-	Minidregg.Theory.CredentialAuthorityEffects.DelegationContext → List UInt8 → Minidregg.Theory.TypedAuthorization.Digest
def	Minidregg.Theory.CredentialAuthorityEffects.DelegationContext.cost	e2103280c93f0025459303cf7ca6c4c1af26070a2e1c9c24905cd0096746777a	e006fece4cf174f3f59cf0b282999109c1ad0d093abc2efa04ac505d0c6d4863	b3b9c46b82a8277c9e7222bc3cf1de54138ee0ed9db351890705b629d29cf262	0e11e58b4029d1ae	-	Minidregg.Theory.CredentialAuthorityEffects.DelegationContext → ℕ
def	Minidregg.Theory.CredentialAuthorityEffects.DelegationContext.domain	eff5f24d2253b33cba9d04f96c2871971d70358572eb63807dfda49fc661e6bf	242e5e6498d27278f47cddf129ba2fc5365bc02481641022ab2b454cb2fc543a	514a22cab5984c1d275a4e2d68fef65bb02bd6c3403ee88a791443b1294e43cd	6b16632d715b5860	-	Minidregg.Theory.CredentialAuthorityEffects.DelegationContext → Minidregg.Theory.TypedAuthorization.Digest
def	Minidregg.Theory.CredentialAuthorityEffects.DelegationContext.federation	cd73b3e82b8c8c73b2f908eb88c18e22420473e2958d9333e30ba45e3d8a3670	a9cf149432766fd1a69e809cff6baae6bc4780ee71d263fc03bcc6bceca0d5b5	228edad813cdaecf4f2b1cd277730af6e3525ca8bcae58002d0af04485162d20	d8ae8973b41d028f	-	Minidregg.Theory.CredentialAuthorityEffects.DelegationContext → Minidregg.Theory.TypedAuthorization.FederationId
def	Minidregg.Theory.CredentialAuthorityEffects.DelegationContext.height	5f6a99efce8619ed1d8736c8739db0813490584e43aac2d76653ef1bac8cdabd	b411e4647e1a089a9f7e8050b95bf106dbb7f345527cb46b4b3d373ac646d247	8a33b828305573a10cbd0521d27be4ea3f500dc898402b4d2f63bb9d35894f7f	4d90d0828627d9ca	-	Minidregg.Theory.CredentialAuthorityEffects.DelegationContext → Minidregg.Theory.TypedAuthorization.Height
ctor	Minidregg.Theory.CredentialAuthorityEffects.DelegationContext.mk	594cab1d8a88b8fc8c3d84288d45b5faad6141c1c0b1b3577a6ac5d759fc21d3	8d5657e3842598531a27950f4c2c21099d1bde3144d73872fc6edeb823bcb21e	c569526c9a56ce82075fe20aafe2a9f9df5fb6fcda63a447ca2855358974306b	4bf1f53c0b8dc00e		Minidregg.Theory.TypedAuthorization.Digest → Minidregg.Theory.TypedAuthorization.Digest → Minidregg.Theory.TypedAuthorization.FederationId → Minidregg.Theory.TypedAuthorization.SubjectId → Minidregg.Theory.TypedAuthorization.Epoch → Minidregg.Theory.TypedAuthorization.Height → ℕ → (List UInt8 → Minidregg.Theory.TypedAuthorization.Digest) → Minidregg.Theory.CredentialAuthorityEffects.DelegationContext
def	Minidregg.Theory.CredentialAuthorityEffects.DelegationContext.request	e70c783b1bac26d6b115da614a493b690d014b9d76aa399c28b24d260516c6b1	fce0882ef7fac0ef44bb6c568ed06e81386bf9aff5bc5e42cd3475e83a431d1b	cdebfa2139e0d6b0a8157c6e18048930fe9db17ede09af61718248dba4190770	2aab1ade3568e7f7	Classical.choice,Quot.sound,propext	Minidregg.Theory.CredentialAuthorityEffects.DelegationContext → {M : Minidregg.Theory.CredentialAuthorityState.Materializer} → {kind : Minidregg.Theory.TypedAuthorization.ResourceKind} → Minidregg.Theory.IndexedProgram.LawfulCodec (Minidregg.Theory.CredentialAuthorityEffects.DelegateDeclaration kind) → (Minidregg.Theory.CredentialAuthorityEffects.DelegateDeclaration kind → Minidregg.Theory.TypedAuthorization.Digest) → Minidregg.Theory.CredentialAuthorityState.Cell M → Minidregg.Theory.CredentialAuthorityEffects.DelegateDeclaration kind → Minidregg.Theory.TypedAuthorization.Request kind
def	Minidregg.Theory.CredentialAuthorityEffects.DelegationContext.semantics	01ec4b7f17ac25433f81abf0bdb1097f2c61cc92ee2b0ba48211ca4a7c4bca8f	242e5e6498d27278f47cddf129ba2fc5365bc02481641022ab2b454cb2fc543a	5eb2cecac75385b4d5bb9d3f9182f55b037c35c2c851fefc8e51a62e044a84e4	ac368c7bb39e98c8	-	Minidregg.Theory.CredentialAuthorityEffects.DelegationContext → Minidregg.Theory.TypedAuthorization.Digest
def	Minidregg.Theory.CredentialAuthorityEffects.DelegationContext.subject	c5839315d6df3a8b7bc0afcaa686694e48b1db5b83217df25448f5729fc1b697	a7b09e6e84b3e545b926a8a9c1ed7705e915ae669351e3e6a7a3e01a57664277	d0884d5235c66d49ba1a2e62f1cd1b297851bd5b485a7dce726e16b55a330173	9dcee0bc4e3129d2	-	Minidregg.Theory.CredentialAuthorityEffects.DelegationContext → Minidregg.Theory.TypedAuthorization.SubjectId
def	Minidregg.Theory.CredentialAuthorityEffects.DelegationContext.subjectKeyEpoch	23399bac7863680cf1cdba688e4e8d57d700176cd3aa7f2a1ab803cc3dfa08de	2e7fe16defb03ece9adb6252ff2ee02a60b74f94c03db8b2a482f0b4a507c1ea	8ee17c6f4dbe4e89d072c57f974093c1f23c8be3450d3625c9c9a219a7ffccf0	0aa0653b3c2211d3	-	Minidregg.Theory.CredentialAuthorityEffects.DelegationContext → Minidregg.Theory.TypedAuthorization.Epoch
inductive	Minidregg.Theory.CredentialAuthorityEffects.DelegationEvidence	afab24e15ec0a31830b2bcaffc1bdaffcf51bd838e30f16f52946168df0fa813	74d7c65ac74d610035529ec7a31050444859f93ffa39f9496dbd33fcf7f8d68e	d194c83ea8ead05ad7bb0ca39519eecd23074ed763b639796c11d2b3b99d9ce9	555a8b632036915f		{M : Minidregg.Theory.CredentialAuthorityState.Materializer} → Minidregg.Theory.CredentialAuthorityState.Cell M → Minidregg.Theory.TypedAuthorization.Portal → Minidregg.Theory.CredentialAuthorityEffects.DelegationContext → {kind : Minidregg.Theory.TypedAuthorization.ResourceKind} → Minidregg.Theory.IndexedProgram.LawfulCodec (Minidregg.Theory.CredentialAuthorityEffects.DelegateDeclaration kind) → (Minidregg.Theory.CredentialAuthorityEffects.DelegateDeclaration kind → Minidregg.Theory.TypedAuthorization.Digest) → Minidregg.Theory.CredentialAuthorityEffects.DelegateDeclaration kind → Minidregg.Theory.CredentialAuthorityState.StoredCapability kind → Type
theorem	Minidregg.Theory.CredentialAuthorityEffects.DelegationEvidence.childLineageAnchored	a2c653658665b28c020ed54e1257514fa2daa87cfe078c7ecc4f032b1637fe20	bbff0606dfa2df095658e7746f30943fcc3865081f9edc4087b719cfccf29a85	5685a836dcf5b1670664f21a23ae2e12124ac68417f529a65100026d370a5eec	d0be1ea8e9729de7	Classical.choice,Quot.sound,propext	∀ {M : Minidregg.Theory.CredentialAuthorityState.Materializer} {pre : Minidregg.Theory.CredentialAuthorityState.Cell M} {portal : Minidregg.Theory.TypedAuthorization.Portal} {context : Minidregg.Theory.CredentialAuthorityEffects.DelegationContext} {kind : Minidregg.Theory.TypedAuthorization.ResourceKind} {codec : Minidregg.Theory.IndexedProgram.LawfulCodec (Minidregg.Theory.CredentialAuthorityEffects.DelegateDeclaration kind)} {effectDigest : Minidregg.Theory.CredentialAuthorityEffects.DelegateDeclaration kind → Minidregg.Theory.TypedAuthorization.Digest} {declaration : Minidregg.Theory.CredentialAuthorityEffects.DelegateDeclaration kind} {parent : Minidregg.Theory.CredentialAuthorityState.StoredCapability kind} {expectedPreRoot : Minidregg.Theory.TypedAuthorization.Digest} (evidence : Minidregg.Theory.CredentialAuthorityEffects.DelegationEvidence pre portal context codec effectDigest declaration parent) (validated : Minidregg.Theory.CellState.ValidatedPatch M pre expectedPreRoot (declaration.patch parent (context.request codec effectDigest pre declaration) pre.logical)), Minidregg.Theory.CredentialLineageAdmission.LineageAnchored validated.apply (Minidregg.Theory.CredentialAuthorityEffects.delegatedCapability declaration.child parent (context.request codec effectDigest pre declaration))
theorem	Minidregg.Theory.CredentialAuthorityEffects.DelegationEvidence.childLineageValid	9d538f21158ed27d7f1a2369940a5e0e798e411ace488f884aee3f9f0ec18bd9	a27a326c0a0a41a13692172c306be629e31ecbe823e9332390e3633902ebcf29	5a8b2ffd5356d84d74028fcaaa73083ddfe10c90b810ec926b5c9d323501ab18	28f5998db2e00c39	Classical.choice,Quot.sound,propext	∀ {M : Minidregg.Theory.CredentialAuthorityState.Materializer} {pre : Minidregg.Theory.CredentialAuthorityState.Cell M} {portal : Minidregg.Theory.TypedAuthorization.Portal} {context : Minidregg.Theory.CredentialAuthorityEffects.DelegationContext} {kind : Minidregg.Theory.TypedAuthorization.ResourceKind} {codec : Minidregg.Theory.IndexedProgram.LawfulCodec (Minidregg.Theory.CredentialAuthorityEffects.DelegateDeclaration kind)} {effectDigest : Minidregg.Theory.CredentialAuthorityEffects.DelegateDeclaration kind → Minidregg.Theory.TypedAuthorization.Digest} {declaration : Minidregg.Theory.CredentialAuthorityEffects.DelegateDeclaration kind} {parent : Minidregg.Theory.CredentialAuthorityState.StoredCapability kind} (evidence : Minidregg.Theory.CredentialAuthorityEffects.DelegationEvidence pre portal context codec effectDigest declaration parent), Minidregg.Theory.CredentialAuthorityState.LineageValid (Minidregg.Theory.CredentialAuthorityState.authState pre).parent (Minidregg.Theory.CredentialAuthorityEffects.delegatedCapability declaration.child parent (context.request codec effectDigest pre declaration))
theorem	Minidregg.Theory.CredentialAuthorityEffects.DelegationEvidence.child_bounds	e9af1f631d86830a377507f1a00c01504e3d34f9114280bd3e9447fc7955ac46	4d22b85231a2dde90e00280f52706a3911a3b451a122eddd5281f663edee8ec1	0e77cda1ba5056e06a886cef5f00e113d0078f8e3e93135cfa59f15a74f77cc6	3c7cd404454d93bf	Classical.choice,Quot.sound,propext	∀ {M : Minidregg.Theory.CredentialAuthorityState.Materializer} {pre : Minidregg.Theory.CredentialAuthorityState.Cell M} {portal : Minidregg.Theory.TypedAuthorization.Portal} {context : Minidregg.Theory.CredentialAuthorityEffects.DelegationContext} {kind : Minidregg.Theory.TypedAuthorization.ResourceKind} {codec : Minidregg.Theory.IndexedProgram.LawfulCodec (Minidregg.Theory.CredentialAuthorityEffects.DelegateDeclaration kind)} {effectDigest : Minidregg.Theory.CredentialAuthorityEffects.DelegateDeclaration kind → Minidregg.Theory.TypedAuthorization.Digest} {declaration : Minidregg.Theory.CredentialAuthorityEffects.DelegateDeclaration kind} {parent : Minidregg.Theory.CredentialAuthorityState.StoredCapability kind} (mode : Minidregg.Theory.CredentialAuthorityEffects.DelegationEvidence pre portal context codec effectDigest declaration parent), declaration.child.LineageBounds parent.head (Minidregg.Theory.CredentialAuthorityState.authState pre).parent
ctor	Minidregg.Theory.CredentialAuthorityEffects.DelegationEvidence.mk	cd88197e583d24626fbe7084d9fc4a3e4ad838f32116e49d9dbf11032c9e423a	e9294f2da8b9fb5d09d2357d44796815a0a4357e5aff43f5b839b6f743b7a934	11c058e1699f2f89893fc76f38152a3c885eba08ce998496f21e6b7cb4bfb8d7	ea36b993ffa08d70		{M : Minidregg.Theory.CredentialAuthorityState.Materializer} → {pre : Minidregg.Theory.CredentialAuthorityState.Cell M} → {portal : Minidregg.Theory.TypedAuthorization.Portal} → {context : Minidregg.Theory.CredentialAuthorityEffects.DelegationContext} → {kind : Minidregg.Theory.TypedAuthorization.ResourceKind} → {codec : Minidregg.Theory.IndexedProgram.LawfulCodec (Minidregg.Theory.CredentialAuthorityEffects.DelegateDeclaration kind)} → {effectDigest : Minidregg.Theory.CredentialAuthorityEffects.DelegateDeclaration kind → Minidregg.Theory.TypedAuthorization.Digest} → {declaration : Minidregg.Theory.CredentialAuthorityEffects.DelegateDeclaration kind} → {parent : Minidregg.Theory.CredentialAuthorityState.StoredCapability kind} → Minidregg.Theory.CredentialAuthorityEffects.DescentEvidence pre declaration.expectedPreRoot declaration.parentId declaration.child parent → (parentCommitment : Minidregg.Theory.TypedAuthorization.Digest) → (parentAuthorization : Minidregg.Theory.TypedAuthorization.Authorized portal (Minidregg.Theory.CredentialAuthorityState.authState pre) (context.request codec effectDigest pre declaration)) → parentAuthorization.evidence.capabilityValue = Option.some (parent.head, parentCommitment) → Minidregg.Theory.CredentialAuthorityFamily.DelegationShape (context.request codec effectDigest pre declaration) declaration.child parent.head (Minidregg.Theory.CredentialAuthorityState.authState pre).parent → Minidregg.Theory.CredentialAuthorityEffects.DelegationEvidence pre portal context codec effectDigest declaration parent
def	Minidregg.Theory.CredentialAuthorityEffects.DelegationEvidence.parentAuthorization	4f0d04b931951bc939e68da3df75a1342fe69046def4fca0091e7c1100acb0b5	262d1613262ae2103cb1fa4be29d1c53857c0debf00aecd7e1a68fbeb05f61c8	cba5f79fc92fda4e0c2948afe008a3953e5c48eda7974165f16e349c81bfd05a	47a34c146531de5a	Classical.choice,Quot.sound,propext	{M : Minidregg.Theory.CredentialAuthorityState.Materializer} → {pre : Minidregg.Theory.CredentialAuthorityState.Cell M} → {portal : Minidregg.Theory.TypedAuthorization.Portal} → {context : Minidregg.Theory.CredentialAuthorityEffects.DelegationContext} → {kind : Minidregg.Theory.TypedAuthorization.ResourceKind} → {codec : Minidregg.Theory.IndexedProgram.LawfulCodec (Minidregg.Theory.CredentialAuthorityEffects.DelegateDeclaration kind)} → {effectDigest : Minidregg.Theory.CredentialAuthorityEffects.DelegateDeclaration kind → Minidregg.Theory.TypedAuthorization.Digest} → {declaration : Minidregg.Theory.CredentialAuthorityEffects.DelegateDeclaration kind} → {parent : Minidregg.Theory.CredentialAuthorityState.StoredCapability kind} → Minidregg.Theory.CredentialAuthorityEffects.DelegationEvidence pre portal context codec effectDigest declaration parent → Minidregg.Theory.TypedAuthorization.Authorized portal (Minidregg.Theory.CredentialAuthorityState.authState pre) (context.request codec effectDigest pre declaration)
def	Minidregg.Theory.CredentialAuthorityEffects.DelegationEvidence.parentCommitment	8871de54193461a877b885602ae15b3198073855d955d9a93b490941ab4cbecf	7bf3093ba664b48652b7771497bcfd8485b8020f7a0b07e639d74cc6ff1e5cbc	1ed206378d7031994ad5d388a8aa8a3883d7ee9bdd1ae9c6012d11b2ef3ed498	32d96f68b13f7d4f	Classical.choice,Quot.sound,propext	{M : Minidregg.Theory.CredentialAuthorityState.Materializer} → {pre : Minidregg.Theory.CredentialAuthorityState.Cell M} → {portal : Minidregg.Theory.TypedAuthorization.Portal} → {context : Minidregg.Theory.CredentialAuthorityEffects.DelegationContext} → {kind : Minidregg.Theory.TypedAuthorization.ResourceKind} → {codec : Minidregg.Theory.IndexedProgram.LawfulCodec (Minidregg.Theory.CredentialAuthorityEffects.DelegateDeclaration kind)} → {effectDigest : Minidregg.Theory.CredentialAuthorityEffects.DelegateDeclaration kind → Minidregg.Theory.TypedAuthorization.Digest} → {declaration : Minidregg.Theory.CredentialAuthorityEffects.DelegateDeclaration kind} → {parent : Minidregg.Theory.CredentialAuthorityState.StoredCapability kind} → Minidregg.Theory.CredentialAuthorityEffects.DelegationEvidence pre portal context codec effectDigest declaration parent → Minidregg.Theory.TypedAuthorization.Digest
theorem	Minidregg.Theory.CredentialAuthorityEffects.DelegationEvidence.parentNamed	9347beede4cbb743d655f7b6c1b9fccb1a64c3935be1ac01d896d2536a036cbf	b8aa3fa82daccb3ebe8a9cb01942be6c2f8dd8665602b2d74f80dc15ecbacc25	e46e058d0ad0f018151d8e57b59a7f3fae62755037214b8769dc47eeec795098	6e6988a9842da8d8	Classical.choice,Quot.sound,propext	∀ {M : Minidregg.Theory.CredentialAuthorityState.Materializer} {pre : Minidregg.Theory.CredentialAuthorityState.Cell M} {portal : Minidregg.Theory.TypedAuthorization.Portal} {context : Minidregg.Theory.CredentialAuthorityEffects.DelegationContext} {kind : Minidregg.Theory.TypedAuthorization.ResourceKind} {codec : Minidregg.Theory.IndexedProgram.LawfulCodec (Minidregg.Theory.CredentialAuthorityEffects.DelegateDeclaration kind)} {effectDigest : Minidregg.Theory.CredentialAuthorityEffects.DelegateDeclaration kind → Minidregg.Theory.TypedAuthorization.Digest} {declaration : Minidregg.Theory.CredentialAuthorityEffects.DelegateDeclaration kind} {parent : Minidregg.Theory.CredentialAuthorityState.StoredCapability kind} (self : Minidregg.Theory.CredentialAuthorityEffects.DelegationEvidence pre portal context codec effectDigest declaration parent), self.parentAuthorization.evidence.capabilityValue = Option.some (parent.head, self.parentCommitment)
theorem	Minidregg.Theory.CredentialAuthorityEffects.DelegationEvidence.parent_exact	af7eefb18670fdb0e4e1621a01575924c5dc8ea38888d62bc487058a45220685	12fe668b120371b8de213baa42334dfaa20dba7ae7f56cdeb50992d2dbeafda3	913ae12ccb6c3c0e221c93476d3459243510f116aacfd864a74148f849c74aea	3f4fc3d9e1518d58	Classical.choice,Quot.sound,propext	∀ {M : Minidregg.Theory.CredentialAuthorityState.Materializer} {pre : Minidregg.Theory.CredentialAuthorityState.Cell M} {portal : Minidregg.Theory.TypedAuthorization.Portal} {context : Minidregg.Theory.CredentialAuthorityEffects.DelegationContext} {kind : Minidregg.Theory.TypedAuthorization.ResourceKind} {codec : Minidregg.Theory.IndexedProgram.LawfulCodec (Minidregg.Theory.CredentialAuthorityEffects.DelegateDeclaration kind)} {effectDigest : Minidregg.Theory.CredentialAuthorityEffects.DelegateDeclaration kind → Minidregg.Theory.TypedAuthorization.Digest} {declaration : Minidregg.Theory.CredentialAuthorityEffects.DelegateDeclaration kind} {parent : Minidregg.Theory.CredentialAuthorityState.StoredCapability kind} (mode : Minidregg.Theory.CredentialAuthorityEffects.DelegationEvidence pre portal context codec effectDigest declaration parent), Minidregg.Theory.CredentialAuthorityState.readCapability pre kind declaration.parentId = Option.some parent ∧ mode.parentAuthorization.evidence.capabilityValue = Option.some (parent.head, mode.parentCommitment) ∧ Minidregg.Theory.CredentialAuthorityState.LineageValid (Minidregg.Theory.CredentialAuthorityState.authState pre).parent parent ∧ Minidregg.Theory.CredentialLineageAdmission.LineageAnchored pre parent
theorem	Minidregg.Theory.CredentialAuthorityEffects.DelegationEvidence.parent_use_verified	6abecde7e5787e08b03c43730a88bcb43ac956e7a7446c465a6d3154801c35e8	c5d341845eb75531b3276cdecdb74da3eeb5869a66ce56487014a02987472b25	ec7ef8cf3f4ba462878732066751696f577f1b1f7c06d6a6ba1a7b0936f365ab	def99571d6e8db57	Classical.choice,Quot.sound,propext	∀ {M : Minidregg.Theory.CredentialAuthorityState.Materializer} {pre : Minidregg.Theory.CredentialAuthorityState.Cell M} {portal : Minidregg.Theory.TypedAuthorization.Portal} {context : Minidregg.Theory.CredentialAuthorityEffects.DelegationContext} {kind : Minidregg.Theory.TypedAuthorization.ResourceKind} {codec : Minidregg.Theory.IndexedProgram.LawfulCodec (Minidregg.Theory.CredentialAuthorityEffects.DelegateDeclaration kind)} {effectDigest : Minidregg.Theory.CredentialAuthorityEffects.DelegateDeclaration kind → Minidregg.Theory.TypedAuthorization.Digest} {declaration : Minidregg.Theory.CredentialAuthorityEffects.DelegateDeclaration kind} {parent : Minidregg.Theory.CredentialAuthorityState.StoredCapability kind} (mode : Minidregg.Theory.CredentialAuthorityEffects.DelegationEvidence pre portal context codec effectDigest declaration parent), ∃ witness, portal.verifyCapabilityUse (context.request codec effectDigest pre declaration) parent.head mode.parentCommitment witness = Bool.true
theorem	Minidregg.Theory.CredentialAuthorityEffects.DelegationEvidence.reject_bearer_child	a92b7bddf9211b036ea6521dfdbc0843fc05193231ba5d989a644d3d87fd311c	dc32d4b8b94589fe8dea7a062db30492633580e21aa12aea06211497e57f31ad	dddf8c293db99cc0aa7c309383f2c8ac848311efa8d211d3eeaba5b32884d3d7	372cfcaf013a6ab7	Classical.choice,Quot.sound,propext	∀ {M : Minidregg.Theory.CredentialAuthorityState.Materializer} {pre : Minidregg.Theory.CredentialAuthorityState.Cell M} {portal : Minidregg.Theory.TypedAuthorization.Portal} {context : Minidregg.Theory.CredentialAuthorityEffects.DelegationContext} {kind : Minidregg.Theory.TypedAuthorization.ResourceKind} {codec : Minidregg.Theory.IndexedProgram.LawfulCodec (Minidregg.Theory.CredentialAuthorityEffects.DelegateDeclaration kind)} {effectDigest : Minidregg.Theory.CredentialAuthorityEffects.DelegateDeclaration kind → Minidregg.Theory.TypedAuthorization.Digest} {declaration : Minidregg.Theory.CredentialAuthorityEffects.DelegateDeclaration kind} {parent : Minidregg.Theory.CredentialAuthorityState.StoredCapability kind} (mode : Minidregg.Theory.CredentialAuthorityEffects.DelegationEvidence pre portal context codec effectDigest declaration parent), declaration.child.holder = Minidregg.Theory.TypedAuthorization.Holder.bearer → False
theorem	Minidregg.Theory.CredentialAuthorityEffects.DelegationEvidence.reject_missing_delegate	7899368f67b3081538ec17ad0b1a4f47a5beebf2f3a39f19a8dcd70ff04f002a	1be166d83ca2a7cdb57cd70b4975a745c72ea7a9d1bf6a24692ea4a2a5a47a40	150de8fb033fdec18664719c43856004f9c6b174525b4e954427de4f58d9d519	04c6ed0413fecd1e	Classical.choice,Quot.sound,propext	∀ {M : Minidregg.Theory.CredentialAuthorityState.Materializer} {pre : Minidregg.Theory.CredentialAuthorityState.Cell M} {portal : Minidregg.Theory.TypedAuthorization.Portal} {context : Minidregg.Theory.CredentialAuthorityEffects.DelegationContext} {kind : Minidregg.Theory.TypedAuthorization.ResourceKind} {codec : Minidregg.Theory.IndexedProgram.LawfulCodec (Minidregg.Theory.CredentialAuthorityEffects.DelegateDeclaration kind)} {effectDigest : Minidregg.Theory.CredentialAuthorityEffects.DelegateDeclaration kind → Minidregg.Theory.TypedAuthorization.Digest} {declaration : Minidregg.Theory.CredentialAuthorityEffects.DelegateDeclaration kind} {parent : Minidregg.Theory.CredentialAuthorityState.StoredCapability kind} (mode : Minidregg.Theory.CredentialAuthorityEffects.DelegationEvidence pre portal context codec effectDigest declaration parent), Minidregg.Theory.CredentialAuthorityFamily.delegateVerb kind ∉ parent.head.scope.verbs → False
theorem	Minidregg.Theory.CredentialAuthorityEffects.DelegationEvidence.reject_non_capability_mode	9a1cb6a607e4c31878791fd3df99e458702a2f31be9cc076130356ca1a506b37	4bcb5e78de2af2e44d101c7d209c8858924b36d0678d5bcea7506d43587cffb8	96636ff1dbfbd701dfef7723ef99693460a28884b9a1a6537afe9b390b66dfa0	2b13ebdfd79e70fb	Classical.choice,Quot.sound,propext	∀ {M : Minidregg.Theory.CredentialAuthorityState.Materializer} {pre : Minidregg.Theory.CredentialAuthorityState.Cell M} {portal : Minidregg.Theory.TypedAuthorization.Portal} {context : Minidregg.Theory.CredentialAuthorityEffects.DelegationContext} {kind : Minidregg.Theory.TypedAuthorization.ResourceKind} {codec : Minidregg.Theory.IndexedProgram.LawfulCodec (Minidregg.Theory.CredentialAuthorityEffects.DelegateDeclaration kind)} {effectDigest : Minidregg.Theory.CredentialAuthorityEffects.DelegateDeclaration kind → Minidregg.Theory.TypedAuthorization.Digest} {declaration : Minidregg.Theory.CredentialAuthorityEffects.DelegateDeclaration kind} {parent : Minidregg.Theory.CredentialAuthorityState.StoredCapability kind} (mode : Minidregg.Theory.CredentialAuthorityEffects.DelegationEvidence pre portal context codec effectDigest declaration parent), mode.parentAuthorization.evidence.capabilityValue = Option.none → False
theorem	Minidregg.Theory.CredentialAuthorityEffects.DelegationEvidence.reject_wrong_grantor	72a4c272585c955dc80cc61e0abb7c5aed6567221e1f389953d964bcf933d1d4	4455f31fa346e4fe80dbad50720771e90a12a3bc4684306b3ce52f789c105054	6d172bd2fd22d9cdc0aab99e73591507d6276baafa154cbbb066ac20e3fcbb52	8bc34a047f0b1ee3	Classical.choice,Quot.sound,propext	∀ {M : Minidregg.Theory.CredentialAuthorityState.Materializer} {pre : Minidregg.Theory.CredentialAuthorityState.Cell M} {portal : Minidregg.Theory.TypedAuthorization.Portal} {context : Minidregg.Theory.CredentialAuthorityEffects.DelegationContext} {kind : Minidregg.Theory.TypedAuthorization.ResourceKind} {codec : Minidregg.Theory.IndexedProgram.LawfulCodec (Minidregg.Theory.CredentialAuthorityEffects.DelegateDeclaration kind)} {effectDigest : Minidregg.Theory.CredentialAuthorityEffects.DelegateDeclaration kind → Minidregg.Theory.TypedAuthorization.Digest} {declaration : Minidregg.Theory.CredentialAuthorityEffects.DelegateDeclaration kind} {parent : Minidregg.Theory.CredentialAuthorityState.StoredCapability kind} (mode : Minidregg.Theory.CredentialAuthorityEffects.DelegationEvidence pre portal context codec effectDigest declaration parent), parent.head.holder ≠ Minidregg.Theory.TypedAuthorization.Holder.subject context.subject → False
theorem	Minidregg.Theory.CredentialAuthorityEffects.DelegationEvidence.reject_wrong_parent	b810f5dde4bd97b9612e415195c007d44092859b2816ac0c5ee087738506a826	7535c1e8c0f3d269bdb102b26514a5fdae49a49022c942672b185240edd1fdfb	844504f1e3fd42d39e1bc0f9d637cc6d8296a217d87789409217f907642d3896	d5b7c791998ae934	Classical.choice,Quot.sound,propext	∀ {M : Minidregg.Theory.CredentialAuthorityState.Materializer} {pre : Minidregg.Theory.CredentialAuthorityState.Cell M} {portal : Minidregg.Theory.TypedAuthorization.Portal} {context : Minidregg.Theory.CredentialAuthorityEffects.DelegationContext} {kind : Minidregg.Theory.TypedAuthorization.ResourceKind} {codec : Minidregg.Theory.IndexedProgram.LawfulCodec (Minidregg.Theory.CredentialAuthorityEffects.DelegateDeclaration kind)} {effectDigest : Minidregg.Theory.CredentialAuthorityEffects.DelegateDeclaration kind → Minidregg.Theory.TypedAuthorization.Digest} {declaration : Minidregg.Theory.CredentialAuthorityEffects.DelegateDeclaration kind} {parent : Minidregg.Theory.CredentialAuthorityState.StoredCapability kind} (mode : Minidregg.Theory.CredentialAuthorityEffects.DelegationEvidence pre portal context codec effectDigest declaration parent) (actual : Minidregg.Theory.CredentialAuthorityState.StoredCapability kind), Minidregg.Theory.CredentialAuthorityState.readCapability pre kind declaration.parentId = Option.some actual → actual ≠ parent → False
theorem	Minidregg.Theory.CredentialAuthorityEffects.DelegationEvidence.shape	366db9c789ef6f0d9a96ed1f0d185a1773bf1aa4891a79582ffd24619fc7acca	389e58cae58a93bc9b86991d462171e802ac63cf4464e5c6da0a21ce6ddc6921	1c38055f7554a997db1239168c81175f1ec6cec73c0ff2447cf39d228985c3aa	09fafac2f992f5cb	Classical.choice,Quot.sound,propext	∀ {M : Minidregg.Theory.CredentialAuthorityState.Materializer} {pre : Minidregg.Theory.CredentialAuthorityState.Cell M} {portal : Minidregg.Theory.TypedAuthorization.Portal} {context : Minidregg.Theory.CredentialAuthorityEffects.DelegationContext} {kind : Minidregg.Theory.TypedAuthorization.ResourceKind} {codec : Minidregg.Theory.IndexedProgram.LawfulCodec (Minidregg.Theory.CredentialAuthorityEffects.DelegateDeclaration kind)} {effectDigest : Minidregg.Theory.CredentialAuthorityEffects.DelegateDeclaration kind → Minidregg.Theory.TypedAuthorization.Digest} {declaration : Minidregg.Theory.CredentialAuthorityEffects.DelegateDeclaration kind} {parent : Minidregg.Theory.CredentialAuthorityState.StoredCapability kind} (self : Minidregg.Theory.CredentialAuthorityEffects.DelegationEvidence pre portal context codec effectDigest declaration parent), Minidregg.Theory.CredentialAuthorityFamily.DelegationShape (context.request codec effectDigest pre declaration) declaration.child parent.head (Minidregg.Theory.CredentialAuthorityState.authState pre).parent
def	Minidregg.Theory.CredentialAuthorityEffects.DelegationEvidence.toDescentEvidence	8df6477cce684018c30e37983a506ad82efd97a8663573390b03c5274b8c82ea	1aa628d003ebbadc6eaec9ab17de7282c526323ea22769b879ba5a3c4658dd67	9d8068f85578509119f6c7c600410f08bee450f00603bf607780cce1f10f0b7b	9a7fd37114f68a73	Classical.choice,Quot.sound,propext	{M : Minidregg.Theory.CredentialAuthorityState.Materializer} → {pre : Minidregg.Theory.CredentialAuthorityState.Cell M} → {portal : Minidregg.Theory.TypedAuthorization.Portal} → {context : Minidregg.Theory.CredentialAuthorityEffects.DelegationContext} → {kind : Minidregg.Theory.TypedAuthorization.ResourceKind} → {codec : Minidregg.Theory.IndexedProgram.LawfulCodec (Minidregg.Theory.CredentialAuthorityEffects.DelegateDeclaration kind)} → {effectDigest : Minidregg.Theory.CredentialAuthorityEffects.DelegateDeclaration kind → Minidregg.Theory.TypedAuthorization.Digest} → {declaration : Minidregg.Theory.CredentialAuthorityEffects.DelegateDeclaration kind} → {parent : Minidregg.Theory.CredentialAuthorityState.StoredCapability kind} → Minidregg.Theory.CredentialAuthorityEffects.DelegationEvidence pre portal context codec effectDigest declaration parent → Minidregg.Theory.CredentialAuthorityEffects.DescentEvidence pre declaration.expectedPreRoot declaration.parentId declaration.child parent
inductive	Minidregg.Theory.CredentialAuthorityEffects.DescentEvidence	e4634dbb5652de21b60a596334daa2d38b6d007572ecd5d94d39ba410bf44563	cf45c026e1455a9df86ad0c292ab562136c7e4634dc017718215e8535a777f9e	4589e5ef092d7653a46710a3cdd42db6db2fd1651c751a9b7b58108243600c37	17acd9b63f1ad62b		{M : Minidregg.Theory.CredentialAuthorityState.Materializer} → Minidregg.Theory.CredentialAuthorityState.Cell M → {kind : Minidregg.Theory.TypedAuthorization.ResourceKind} → Minidregg.Theory.TypedAuthorization.Digest → Minidregg.Theory.TypedAuthorization.CapabilityId → Minidregg.Theory.TypedAuthorization.Capability kind → Minidregg.Theory.CredentialAuthorityState.StoredCapability kind → Type
theorem	Minidregg.Theory.CredentialAuthorityEffects.DescentEvidence.ancestorsLive	5476006a8721753f01458fe94e49085ba24982b5d483d271a17f5cf52049ac1f	54b4849143529bc475c0a92d7b6db04a5c634c2fcdb7f66adaf9a18f13341c1b	ae902d111348678159340b441d9c0a444895a90a42976777e9f41f15226b0613	e2c0b9ff013dab8a	Classical.choice,Quot.sound,propext	∀ {M : Minidregg.Theory.CredentialAuthorityState.Materializer} {pre : Minidregg.Theory.CredentialAuthorityState.Cell M} {kind : Minidregg.Theory.TypedAuthorization.ResourceKind} {expectedPreRoot : Minidregg.Theory.TypedAuthorization.Digest} {parentId : Minidregg.Theory.TypedAuthorization.CapabilityId} {child : Minidregg.Theory.TypedAuthorization.Capability kind} {parent : Minidregg.Theory.CredentialAuthorityState.StoredCapability kind} (self : Minidregg.Theory.CredentialAuthorityEffects.DescentEvidence pre expectedPreRoot parentId child parent), ∀ ancestor ∈ child.ancestors, Minidregg.Theory.CredentialAuthorityState.isRevoked pre (Minidregg.Theory.TypedAuthorization.RevocationKey.capability ancestor) = Bool.false
theorem	Minidregg.Theory.CredentialAuthorityEffects.DescentEvidence.ancestorsRegistered	71391c8fb700da28f2b3f1f9473494c990f310b89f96be96bc6a2e996ce7c3d7	1c8db95027b6794fe402da6f08784007b9c54eea17e7fe500d9813509fb0af94	8afe6714ba43af26eb18ee83aed09d7a2ed3a47c12bbf03510755ce8a102b374	a90243158bef6ff0	Classical.choice,Quot.sound,propext	∀ {M : Minidregg.Theory.CredentialAuthorityState.Materializer} {pre : Minidregg.Theory.CredentialAuthorityState.Cell M} {kind : Minidregg.Theory.TypedAuthorization.ResourceKind} {expectedPreRoot : Minidregg.Theory.TypedAuthorization.Digest} {parentId : Minidregg.Theory.TypedAuthorization.CapabilityId} {child : Minidregg.Theory.TypedAuthorization.Capability kind} {parent : Minidregg.Theory.CredentialAuthorityState.StoredCapability kind} (self : Minidregg.Theory.CredentialAuthorityEffects.DescentEvidence pre expectedPreRoot parentId child parent), ∀ ancestor ∈ child.ancestors, Minidregg.Theory.CredentialAuthorityState.isRegistered pre (Minidregg.Theory.TypedAuthorization.RevocationKey.capability ancestor) = Bool.true
theorem	Minidregg.Theory.CredentialAuthorityEffects.DescentEvidence.channelsLive	528ae1812b1fa62276e522eaa85944fe872827983af238ce29059021fa5f5a4a	29ae1a04b26458fcc93da780adab8da70122d71f18d65e1b6e78a32de04fc4b4	04e43af49128d66154726d800a2d5ab3d137c528aa76684e88feea2b8f70d7ca	2f1f2254be672ac9	Classical.choice,Quot.sound,propext	∀ {M : Minidregg.Theory.CredentialAuthorityState.Materializer} {pre : Minidregg.Theory.CredentialAuthorityState.Cell M} {kind : Minidregg.Theory.TypedAuthorization.ResourceKind} {expectedPreRoot : Minidregg.Theory.TypedAuthorization.Digest} {parentId : Minidregg.Theory.TypedAuthorization.CapabilityId} {child : Minidregg.Theory.TypedAuthorization.Capability kind} {parent : Minidregg.Theory.CredentialAuthorityState.StoredCapability kind} (self : Minidregg.Theory.CredentialAuthorityEffects.DescentEvidence pre expectedPreRoot parentId child parent), ∀ channel ∈ child.channels, Minidregg.Theory.CredentialAuthorityState.isRevoked pre (Minidregg.Theory.TypedAuthorization.RevocationKey.channel channel) = Bool.false
theorem	Minidregg.Theory.CredentialAuthorityEffects.DescentEvidence.channelsRegistered	4c0fa6ff8ba576fca98a284ab26a3e47dd486387f83018409eb9b995a6c2a105	abf42f5ca7810053dcaeb792b1e2c4592cc7e036c11e8e2e7c767b92d5bea07c	47b5b739a24e26a38b2462207a5a734b57314cdf7148c0f6433fb53bc582268d	f3c30b6f9239a444	Classical.choice,Quot.sound,propext	∀ {M : Minidregg.Theory.CredentialAuthorityState.Materializer} {pre : Minidregg.Theory.CredentialAuthorityState.Cell M} {kind : Minidregg.Theory.TypedAuthorization.ResourceKind} {expectedPreRoot : Minidregg.Theory.TypedAuthorization.Digest} {parentId : Minidregg.Theory.TypedAuthorization.CapabilityId} {child : Minidregg.Theory.TypedAuthorization.Capability kind} {parent : Minidregg.Theory.CredentialAuthorityState.StoredCapability kind} (self : Minidregg.Theory.CredentialAuthorityEffects.DescentEvidence pre expectedPreRoot parentId child parent), ∀ channel ∈ child.channels, Minidregg.Theory.CredentialAuthorityState.isRegistered pre (Minidregg.Theory.TypedAuthorization.RevocationKey.channel channel) = Bool.true
theorem	Minidregg.Theory.CredentialAuthorityEffects.DescentEvidence.childSlotFresh	462d5e6e72e1c445bb5f93fbdeeb2da1f6dae3a566d094315fd1c12dedc5bc52	a09528b1a9620a9ce978d6f91715e5ccf5af5602e828e276b8d42741fbc2cf41	a3ac2bb2f86a044359810d55c207eaefbbd4806ab26eff74e3c53387c791e809	617eb2c52b6939da	Classical.choice,Quot.sound,propext	∀ {M : Minidregg.Theory.CredentialAuthorityState.Materializer} {pre : Minidregg.Theory.CredentialAuthorityState.Cell M} {kind : Minidregg.Theory.TypedAuthorization.ResourceKind} {expectedPreRoot : Minidregg.Theory.TypedAuthorization.Digest} {parentId : Minidregg.Theory.TypedAuthorization.CapabilityId} {child : Minidregg.Theory.TypedAuthorization.Capability kind} {parent : Minidregg.Theory.CredentialAuthorityState.StoredCapability kind} (self : Minidregg.Theory.CredentialAuthorityEffects.DescentEvidence pre expectedPreRoot parentId child parent), Minidregg.Theory.CredentialLineageAdmission.CapabilityIdFresh pre child.id
theorem	Minidregg.Theory.CredentialAuthorityEffects.DescentEvidence.issuerCurrent	f99510735bc39deac9bfba3e62b4c132629863a89c889f3e248de3eb95151578	05d52220033883e82e551641d1096115d26be7b28581c43cb2ab5c20fad27dda	5e05d0b58782e420bece2f3c287a6c0d85685f3b74212d72e11bce39642b8aeb	d7563b015d274651	Classical.choice,Quot.sound,propext	∀ {M : Minidregg.Theory.CredentialAuthorityState.Materializer} {pre : Minidregg.Theory.CredentialAuthorityState.Cell M} {kind : Minidregg.Theory.TypedAuthorization.ResourceKind} {expectedPreRoot : Minidregg.Theory.TypedAuthorization.Digest} {parentId : Minidregg.Theory.TypedAuthorization.CapabilityId} {child : Minidregg.Theory.TypedAuthorization.Capability kind} {parent : Minidregg.Theory.CredentialAuthorityState.StoredCapability kind} (self : Minidregg.Theory.CredentialAuthorityEffects.DescentEvidence pre expectedPreRoot parentId child parent), child.issuerEpoch = Minidregg.Theory.CredentialAuthorityState.issuerEpochAt pre child.issuer
ctor	Minidregg.Theory.CredentialAuthorityEffects.DescentEvidence.mk	9ad2683e9472d4ebb85e53c3c2e50ecab5715e65569bf7118eb410eebabfba23	872eb33cbf2c29b1e268331e4762661c8d7c68f3bff4ced7ae1809cef24346cf	b729affd47fea45e4bb3b3e4c9affd5c3fc6900188d4701ab22aff3259985490	d5272e6a2b3ad96c		{M : Minidregg.Theory.CredentialAuthorityState.Materializer} → {pre : Minidregg.Theory.CredentialAuthorityState.Cell M} → {kind : Minidregg.Theory.TypedAuthorization.ResourceKind} → {expectedPreRoot : Minidregg.Theory.TypedAuthorization.Digest} → {parentId : Minidregg.Theory.TypedAuthorization.CapabilityId} → {child : Minidregg.Theory.TypedAuthorization.Capability kind} → {parent : Minidregg.Theory.CredentialAuthorityState.StoredCapability kind} → expectedPreRoot = Minidregg.Theory.CellState.Materialized.root pre → Minidregg.Theory.CredentialAuthorityState.readCapability pre kind parentId = Option.some parent → parent.head.id = parentId → Minidregg.Theory.CredentialAuthorityState.LineageValid (Minidregg.Theory.CredentialAuthorityState.authState pre).parent parent → Minidregg.Theory.CredentialLineageAdmission.LineageAnchored pre parent → Minidregg.Theory.CredentialLineageAdmission.CapabilityIdFresh pre child.id → child.issuerEpoch = Minidregg.Theory.CredentialAuthorityState.issuerEpochAt pre child.issuer → child.policyEpoch = Minidregg.Theory.CredentialAuthorityState.policyEpochAt pre child.policyId → Minidregg.Theory.CredentialAuthorityState.isRegistered pre (Minidregg.Theory.TypedAuthorization.RevocationKey.capability child.id) = Bool.false → (∀ ancestor ∈ child.ancestors, Minidregg.Theory.CredentialAuthorityState.isRegistered pre (Minidregg.Theory.TypedAuthorization.RevocationKey.capability ancestor) = Bool.true) → (∀ channel ∈ child.channels, Minidregg.Theory.CredentialAuthorityState.isRegistered pre (Minidregg.Theory.TypedAuthorization.RevocationKey.channel channel) = Bool.true) → Minidregg.Theory.CredentialAuthorityState.isRevoked pre (Minidregg.Theory.TypedAuthorization.RevocationKey.capability child.id) = Bool.false → (∀ ancestor ∈ child.ancestors, Minidregg.Theory.CredentialAuthorityState.isRevoked pre (Minidregg.Theory.TypedAuthorization.RevocationKey.capability ancestor) = Bool.false) → (∀ channel ∈ child.channels, Minidregg.Theory.CredentialAuthorityState.isRevoked pre (Minidregg.Theory.TypedAuthorization.RevocationKey.channel channel) = Bool.false) → Minidregg.Theory.CredentialAuthorityEffects.DescentEvidence pre expectedPreRoot parentId child parent
theorem	Minidregg.Theory.CredentialAuthorityEffects.DescentEvidence.parentExact	5bed2276f53540af1afd527e280566f6f4c6343e82af2e8c6b8fc176eef8860a	cffbc4c8146093b417952655c89f45acb0af74f6b31783a128039f9f6b6133a9	2d708fa0274c01ed9eea3cb14cd51da89dc0b23280ce488081a9675caf44d6b8	8a2a0e3a1b336527	Classical.choice,Quot.sound,propext	∀ {M : Minidregg.Theory.CredentialAuthorityState.Materializer} {pre : Minidregg.Theory.CredentialAuthorityState.Cell M} {kind : Minidregg.Theory.TypedAuthorization.ResourceKind} {expectedPreRoot : Minidregg.Theory.TypedAuthorization.Digest} {parentId : Minidregg.Theory.TypedAuthorization.CapabilityId} {child : Minidregg.Theory.TypedAuthorization.Capability kind} {parent : Minidregg.Theory.CredentialAuthorityState.StoredCapability kind} (self : Minidregg.Theory.CredentialAuthorityEffects.DescentEvidence pre expectedPreRoot parentId child parent), Minidregg.Theory.CredentialAuthorityState.readCapability pre kind parentId = Option.some parent
theorem	Minidregg.Theory.CredentialAuthorityEffects.DescentEvidence.parentIdExact	15038494bdd6713854cb0e97ab2af012baa88483a7c253e253567e2a7ac86142	7455bf474a8d2849851e64db6b2ce9e03320e75e52bc41d122ca0f559a63a35f	8c823b4ca16cb610cbb94877fd5cf6f52c887592996d5198313a4c07599343aa	f01074f9bc2c8062	Classical.choice,Quot.sound,propext	∀ {M : Minidregg.Theory.CredentialAuthorityState.Materializer} {pre : Minidregg.Theory.CredentialAuthorityState.Cell M} {kind : Minidregg.Theory.TypedAuthorization.ResourceKind} {expectedPreRoot : Minidregg.Theory.TypedAuthorization.Digest} {parentId : Minidregg.Theory.TypedAuthorization.CapabilityId} {child : Minidregg.Theory.TypedAuthorization.Capability kind} {parent : Minidregg.Theory.CredentialAuthorityState.StoredCapability kind} (self : Minidregg.Theory.CredentialAuthorityEffects.DescentEvidence pre expectedPreRoot parentId child parent), parent.head.id = parentId
theorem	Minidregg.Theory.CredentialAuthorityEffects.DescentEvidence.parentLineageAnchored	71e34676d7b570b1effb47bbc7a9b8adf24644528aeffdf277f38f5280a98fa3	76ef81da118b6b7d7cddcf785e43b9b9e6691ecca59a7b7f4a7464c34bc89381	004533763181f7841c670df473d4ff8067976500f7baf5962d4404107d07195e	34ec07b2d7494c4c	Classical.choice,Quot.sound,propext	∀ {M : Minidregg.Theory.CredentialAuthorityState.Materializer} {pre : Minidregg.Theory.CredentialAuthorityState.Cell M} {kind : Minidregg.Theory.TypedAuthorization.ResourceKind} {expectedPreRoot : Minidregg.Theory.TypedAuthorization.Digest} {parentId : Minidregg.Theory.TypedAuthorization.CapabilityId} {child : Minidregg.Theory.TypedAuthorization.Capability kind} {parent : Minidregg.Theory.CredentialAuthorityState.StoredCapability kind} (self : Minidregg.Theory.CredentialAuthorityEffects.DescentEvidence pre expectedPreRoot parentId child parent), Minidregg.Theory.CredentialLineageAdmission.LineageAnchored pre parent
theorem	Minidregg.Theory.CredentialAuthorityEffects.DescentEvidence.parentLineageValid	eada6f7222db49d24ff0222c32988cc1477805fc11f65b2bc888c307b308dbae	c943126c95bc2ebcd8830e26ce3205e3141a81af782e1b4d8f04551ca61bee11	dd2556cbbf5e71c72711e2050a168b98297658e4d32877c604bc62d46bb41cda	b45b8137c73a8b15	Classical.choice,Quot.sound,propext	∀ {M : Minidregg.Theory.CredentialAuthorityState.Materializer} {pre : Minidregg.Theory.CredentialAuthorityState.Cell M} {kind : Minidregg.Theory.TypedAuthorization.ResourceKind} {expectedPreRoot : Minidregg.Theory.TypedAuthorization.Digest} {parentId : Minidregg.Theory.TypedAuthorization.CapabilityId} {child : Minidregg.Theory.TypedAuthorization.Capability kind} {parent : Minidregg.Theory.CredentialAuthorityState.StoredCapability kind} (self : Minidregg.Theory.CredentialAuthorityEffects.DescentEvidence pre expectedPreRoot parentId child parent), Minidregg.Theory.CredentialAuthorityState.LineageValid (Minidregg.Theory.CredentialAuthorityState.authState pre).parent parent
theorem	Minidregg.Theory.CredentialAuthorityEffects.DescentEvidence.policyCurrent	0a2d4fa90b9df518f797ceb377e6bc2b5d44d170c088490ae03b2df7744deb38	05ee33b4c1b836b56bce1a317a36513ceee0f78e8adf19739170a865d4b96525	96884c8d1fbb8ecf49953d95d5b53aba1d59573e9a7419c376ac20532012e53f	b3de3b31be8cae7d	Classical.choice,Quot.sound,propext	∀ {M : Minidregg.Theory.CredentialAuthorityState.Materializer} {pre : Minidregg.Theory.CredentialAuthorityState.Cell M} {kind : Minidregg.Theory.TypedAuthorization.ResourceKind} {expectedPreRoot : Minidregg.Theory.TypedAuthorization.Digest} {parentId : Minidregg.Theory.TypedAuthorization.CapabilityId} {child : Minidregg.Theory.TypedAuthorization.Capability kind} {parent : Minidregg.Theory.CredentialAuthorityState.StoredCapability kind} (self : Minidregg.Theory.CredentialAuthorityEffects.DescentEvidence pre expectedPreRoot parentId child parent), child.policyEpoch = Minidregg.Theory.CredentialAuthorityState.policyEpochAt pre child.policyId
theorem	Minidregg.Theory.CredentialAuthorityEffects.DescentEvidence.preRootExact	584914887d3a35cf1256f45da4cb82c53b453fbf73dfe763131e32d5e89c2794	6fc99d4692c2f1053df9b2fa913c162c54ec4f320be5042a749461089511b7c7	2f3f849b47c22ae07c136def6d04451d56cd2978759193232c2dbd744d3f1ab7	a1225c962964d481	Classical.choice,Quot.sound,propext	∀ {M : Minidregg.Theory.CredentialAuthorityState.Materializer} {pre : Minidregg.Theory.CredentialAuthorityState.Cell M} {kind : Minidregg.Theory.TypedAuthorization.ResourceKind} {expectedPreRoot : Minidregg.Theory.TypedAuthorization.Digest} {parentId : Minidregg.Theory.TypedAuthorization.CapabilityId} {child : Minidregg.Theory.TypedAuthorization.Capability kind} {parent : Minidregg.Theory.CredentialAuthorityState.StoredCapability kind} (self : Minidregg.Theory.CredentialAuthorityEffects.DescentEvidence pre expectedPreRoot parentId child parent), expectedPreRoot = Minidregg.Theory.CellState.Materialized.root pre
theorem	Minidregg.Theory.CredentialAuthorityEffects.DescentEvidence.reject_existing_child	08dd4d1492110a710bd1a5b4edd6115ddfa7795aa56ea401122c554389eac8c8	2b9f93f48f2c6a7859984e2cc0a0fed403d59df07063b6ea7215abe52440b1a0	43bfb58290ea708bf03eeec50bc2f5f690bd94c93e7dcb718bd22882fb626029	ee47b6b587e0d608	Classical.choice,Quot.sound,propext	∀ {M : Minidregg.Theory.CredentialAuthorityState.Materializer} {pre : Minidregg.Theory.CredentialAuthorityState.Cell M} {kind : Minidregg.Theory.TypedAuthorization.ResourceKind} {expectedPreRoot : Minidregg.Theory.TypedAuthorization.Digest} {parentId : Minidregg.Theory.TypedAuthorization.CapabilityId} {child : Minidregg.Theory.TypedAuthorization.Capability kind} {parent : Minidregg.Theory.CredentialAuthorityState.StoredCapability kind} (mode : Minidregg.Theory.CredentialAuthorityEffects.DescentEvidence pre expectedPreRoot parentId child parent) (otherKind : Minidregg.Theory.TypedAuthorization.ResourceKind) (existing : Minidregg.Theory.CredentialAuthorityState.StoredCapability otherKind), Minidregg.Theory.CredentialAuthorityState.readCapability pre otherKind child.id = Option.some existing → False
theorem	Minidregg.Theory.CredentialAuthorityEffects.DescentEvidence.selfLive	ecec70ed6a0c8bd4e823047917a104bea2f3c46e4040cf2870902cc7ed895e71	2ffd96c4858ec9e4ae6f4f5ed2b3b4d774fca722c0cb9bb28d220f53fd9ca99a	2e966b53fab91f7522325313714e31b32ab901b4892dd4b933482df0a1b8dfa6	cdb06b9492fc5d3d	Classical.choice,Quot.sound,propext	∀ {M : Minidregg.Theory.CredentialAuthorityState.Materializer} {pre : Minidregg.Theory.CredentialAuthorityState.Cell M} {kind : Minidregg.Theory.TypedAuthorization.ResourceKind} {expectedPreRoot : Minidregg.Theory.TypedAuthorization.Digest} {parentId : Minidregg.Theory.TypedAuthorization.CapabilityId} {child : Minidregg.Theory.TypedAuthorization.Capability kind} {parent : Minidregg.Theory.CredentialAuthorityState.StoredCapability kind} (self : Minidregg.Theory.CredentialAuthorityEffects.DescentEvidence pre expectedPreRoot parentId child parent), Minidregg.Theory.CredentialAuthorityState.isRevoked pre (Minidregg.Theory.TypedAuthorization.RevocationKey.capability child.id) = Bool.false
theorem	Minidregg.Theory.CredentialAuthorityEffects.DescentEvidence.selfUnregistered	515c0efabc6c9583e1eb42060b5ae6fc24ea191703501317036dd8df10919f23	d90376641ef46cd1202ced276772ae3b5ac9868f47755428fe1c93a81013ec02	1575be17326f25bdc0b94ef70b9c05bf96d6c2eedfd44a067593d6fcac5d62a7	e592e80cf464aae1	Classical.choice,Quot.sound,propext	∀ {M : Minidregg.Theory.CredentialAuthorityState.Materializer} {pre : Minidregg.Theory.CredentialAuthorityState.Cell M} {kind : Minidregg.Theory.TypedAuthorization.ResourceKind} {expectedPreRoot : Minidregg.Theory.TypedAuthorization.Digest} {parentId : Minidregg.Theory.TypedAuthorization.CapabilityId} {child : Minidregg.Theory.TypedAuthorization.Capability kind} {parent : Minidregg.Theory.CredentialAuthorityState.StoredCapability kind} (self : Minidregg.Theory.CredentialAuthorityEffects.DescentEvidence pre expectedPreRoot parentId child parent), Minidregg.Theory.CredentialAuthorityState.isRegistered pre (Minidregg.Theory.TypedAuthorization.RevocationKey.capability child.id) = Bool.false
inductive	Minidregg.Theory.CredentialAuthorityEffects.EpochTarget	b81b4bc1fc32f204457f9335ddc5f91170f4f2940d8b439001a67ecbbb3a7aa5	16946b93ac38405660f51e475eb5aa7d25b54f5e5677e0f6a10a4526cc071cbf	b7237cd8674cc2d9ddd339f53f7ae2275554dbad0fe8dca8f3d5fe5753bbd861	03e7e6ce9016623e		Type
def	Minidregg.Theory.CredentialAuthorityEffects.EpochTarget.SourceFramed	590f3eff9a37785b90b772182bab0406c73bdd079ffee84413cb10fde419ef5d	db746328b62e56abb59ff735e5041f7ba649c27f6095120075c97953d632c70a	e05ad11769ed21261a240d1fd8ad191206449967547f2aed534da11704611fc4	cf4b1116997c63f7	Classical.choice,Quot.sound,propext	Minidregg.Theory.CredentialAuthorityEffects.EpochTarget → Minidregg.Theory.Store.Store Minidregg.Theory.CredentialAuthorityState.layout → Minidregg.Theory.Store.Store Minidregg.Theory.CredentialAuthorityState.layout → Prop := fun target pre post => match target with | Minidregg.Theory.CredentialAuthorityEffects.EpochTarget.policy policyId => post ⟨Minidregg.Theory.CredentialAuthorityState.AuthorityPlane.policyRevision, policyId⟩ = pre ⟨Minidregg.Theory.CredentialAuthorityState.AuthorityPlane.policyRevision, policyId⟩ ∧ ∀ (revision : Minidregg.Theory.TypedAuthorization.PolicyRevision), post ⟨Minidregg.Theory.CredentialAuthorityState.AuthorityPlane.policyAddress, (policyId, revision)⟩ = pre ⟨Minidregg.Theory.CredentialAuthorityState.AuthorityPlane.policyAddress, (policyId, revision)⟩ | x => True
def	Minidregg.Theory.CredentialAuthorityEffects.EpochTarget.address	cf1c57223384bd6f5b39393f81710cbe9d16d98c1c837c2e387f672eb0c419a4	d8e3729fa37afcbe5124d54e8a10e41930aeecce7d44879fe9b00512bfcf2e9b	d8dd6c9bb743bbac1da72f0061f1ad0b1554b5358cc3744dee993c2c03518ae9	6fb8bb35a19e4d5a	Classical.choice,Quot.sound,propext	Minidregg.Theory.CredentialAuthorityEffects.EpochTarget → Minidregg.Theory.Store.Address Minidregg.Theory.CredentialAuthorityState.layout
def	Minidregg.Theory.CredentialAuthorityEffects.EpochTarget.entry	81fca11f8b71bed46fe577dbfe7bae541c5b64e71c1a2b4dcdc524c1be160ea8	229c2b835946782bfe3b856144eea6cbc8337d45daaa3d3ed8a170a8cf3941da	f97ac65542e834756c19b3f5819955b16b4c49e51908e401e2e67ac9d869d24a	0a23b844d530aaaf	Classical.choice,Quot.sound,propext	Minidregg.Theory.CredentialAuthorityEffects.EpochTarget → Minidregg.Theory.TypedAuthorization.Epoch → Minidregg.Theory.Store.Entry Minidregg.Theory.CredentialAuthorityState.layout
theorem	Minidregg.Theory.CredentialAuthorityEffects.EpochTarget.entry_address	16f27332a8d1f1a9ec3bccfcf1fc11ca7f9b93df29701224da1d614c86163662	e7d6d783739ba5f1ac45d36b4260b5db76b9c5d43d9540d39d0965168bbf854e	be9577e7034f527a3e76a6d0c2d474e3bd2e60ee30b4ae7074d73d0a2f052c7f	716e6240102bdc48	Classical.choice,Quot.sound,propext	∀ (target : Minidregg.Theory.CredentialAuthorityEffects.EpochTarget) (epoch : Minidregg.Theory.TypedAuthorization.Epoch), (target.entry epoch).fst = target.address
theorem	Minidregg.Theory.CredentialAuthorityEffects.EpochTarget.entry_ram	e40eab0204e483956a9dcf0e0784be1307cda615bddb82a5042849e3c92ab095	682e3c0172205b5610192ed4c103f5c6abe9a0d52a440e1605ffbabe1baadeb8	a3024affefe31d6d8be5ae2c32c8b88e7451c58b8c3296ef4192bcbb54c12dbd	8e79536eae0485a1	Classical.choice,Quot.sound,propext	∀ (target : Minidregg.Theory.CredentialAuthorityEffects.EpochTarget) (epoch : Minidregg.Theory.TypedAuthorization.Epoch), Minidregg.Theory.CredentialAuthorityState.layout.discipline (target.entry epoch).fst.fst = Minidregg.Theory.Store.Discipline.ram
ctor	Minidregg.Theory.CredentialAuthorityEffects.EpochTarget.issuer	b65a391f460d3bccf242fb154f4e9aaa5c761f44570f31fffc19e703d40c08f2	3d4992670c00825ee16414344511077ecdb56aaaf31b2dd4130e248e1a43d39c	85e082dde07af7a33cff0cf73b8c1eb623bc469d074b87e5b95a6db850ad9e46	962fe09579f6746b		Minidregg.Theory.TypedAuthorization.IssuerId → Minidregg.Theory.CredentialAuthorityEffects.EpochTarget
def	Minidregg.Theory.CredentialAuthorityEffects.EpochTarget.issuer.elim	c4c03f3bc7cf6023e75a06dcc54f031da577971f8051f77c3dd2c093b47c6d28	e736edeafdf8ff088c3ea68c6682903aac23bd91ddbf9cd5e9798d061e0d6065	5365367b480388e3139ff98b212ec82f5092fffe8f04cb2a6d1fdc75b535480a	c7423795cd004d87	-	{motive : Minidregg.Theory.CredentialAuthorityEffects.EpochTarget → Sort u} → (t : Minidregg.Theory.CredentialAuthorityEffects.EpochTarget) → t.ctorIdx = 0 → ((issuer : Minidregg.Theory.TypedAuthorization.IssuerId) → motive (Minidregg.Theory.CredentialAuthorityEffects.EpochTarget.issuer issuer)) → motive t
ctor	Minidregg.Theory.CredentialAuthorityEffects.EpochTarget.policy	ff1e26e9057a0655c376303548242a8fe2d5d50d10bf9c55b32db2789bd741b8	a44591c1cbb36bac038a8357cfb0569e6f46b7112f119ddc9737147adb84d681	5f04aa541c5910fee5023d052ec237e28bcdbc271290d13dbf520f74937f6f23	1db70e4efb4b2227		Minidregg.Theory.TypedAuthorization.PolicyId → Minidregg.Theory.CredentialAuthorityEffects.EpochTarget
def	Minidregg.Theory.CredentialAuthorityEffects.EpochTarget.policy.elim	d34957c2745e826c1fe7292f1d74f842a7ddef7acef8ff1490abd5f3299b0dd5	c40fe715e65519ac5a6f93b54f34d5c1bfe23d6193ba6803a9a4527d0cc0f2ed	c56888352c4d07596b60c77b1959bdf5cebe177d0be60daf2d5ae0a6ac023c6f	143b67130c5cbba3	-	{motive : Minidregg.Theory.CredentialAuthorityEffects.EpochTarget → Sort u} → (t : Minidregg.Theory.CredentialAuthorityEffects.EpochTarget) → t.ctorIdx = 1 → ((policy : Minidregg.Theory.TypedAuthorization.PolicyId) → motive (Minidregg.Theory.CredentialAuthorityEffects.EpochTarget.policy policy)) → motive t
def	Minidregg.Theory.CredentialAuthorityEffects.EpochTarget.read	0b287b118e30d06ef69ff0c1cd27d331919c382d4651c9911732716f1548cd35	f84dfa7d2b03d69f3567c9263468afed71474889d8cc5ab44d60bdf5e268e3ff	385077758baa5367f630b7116e9f9c4ad4d3e90a3f95b71557795d7ca115c7c4	7377c0575947400f	Classical.choice,Quot.sound,propext	{M : Minidregg.Theory.CredentialAuthorityState.Materializer} → Minidregg.Theory.CredentialAuthorityState.Cell M → Minidregg.Theory.CredentialAuthorityEffects.EpochTarget → Minidregg.Theory.TypedAuthorization.Epoch
def	Minidregg.Theory.CredentialAuthorityEffects.EpochTarget.readAuth	2526255e5716bd3aa4fa2227f8e8f9d868d7bfdae4e793bd81d9a5ab8380634d	437c2ed2e8bf3ff78cfa9cf1b269d5a70706764b2a16ed686ea739dec260f91f	3cddd11aef5b74f1ff6de21128bf83b186ffe492c4c2b6ecf0ede1149b1d9eaf	08f17fe6837df224	Quot.sound,propext	Minidregg.Theory.TypedAuthorization.AuthState → Minidregg.Theory.CredentialAuthorityEffects.EpochTarget → Minidregg.Theory.TypedAuthorization.Epoch
theorem	Minidregg.Theory.CredentialAuthorityEffects.EpochTarget.readAuth_authState	f661bc10572ee082ef593ed52f8fbdceb564806ab7fe054bdf13180ae1767193	0402e06a2206b7b965ae099a8aff453650e34af4f5a2fb4b3e51813a8d2ea453	ae574faf20fd950761e04e5035becbedc729f8fb0e2f7bcea53e0ef1e92f9333	c38eba6d20e724df	Classical.choice,Quot.sound,propext	∀ {M : Minidregg.Theory.CredentialAuthorityState.Materializer} (pre : Minidregg.Theory.CredentialAuthorityState.Cell M) (target : Minidregg.Theory.CredentialAuthorityEffects.EpochTarget), Minidregg.Theory.CredentialAuthorityEffects.EpochTarget.readAuth (Minidregg.Theory.CredentialAuthorityState.authState pre) target = Minidregg.Theory.CredentialAuthorityEffects.EpochTarget.read pre target
theorem	Minidregg.Theory.CredentialAuthorityEffects.EpochTarget.read_of_entry	4fe58e413517f521372376b28973e8748449679fef4c653b75e0fec87f06db29	01eacbfb268a487ee8be8387db35b5bbe35be2329943ae44c44c5b3932c52c5b	554d4b6eee58a51f813290786487fcfe963a308479ddad2cd9516a601d72fbdc	b7eb927ec7ff30a2	Classical.choice,Quot.sound,propext	∀ {M : Minidregg.Theory.CredentialAuthorityState.Materializer} (target : Minidregg.Theory.CredentialAuthorityEffects.EpochTarget) (cell : Minidregg.Theory.CredentialAuthorityState.Cell M) {epoch : Minidregg.Theory.TypedAuthorization.Epoch}, cell.logical (target.entry epoch).fst = Option.some (target.entry epoch).snd → Minidregg.Theory.CredentialAuthorityEffects.EpochTarget.read cell target = epoch
ctor	Minidregg.Theory.CredentialAuthorityEffects.EpochTarget.subjectKey	19eb109560d3f280e3c296f970ef15ddda066b561249165873ecce66ad53b1b5	6cba9f8b33bc6ac71de0189430f7339c28582009f2a8d721492127dd4ba5aa09	81cdcc4a58e0813c26e327bb0cb2171042bdac311edb8533ec887ae967cba724	6cc999d8e35c3c7c		Minidregg.Theory.TypedAuthorization.SubjectId → Minidregg.Theory.CredentialAuthorityEffects.EpochTarget
def	Minidregg.Theory.CredentialAuthorityEffects.EpochTarget.subjectKey.elim	363378d2717320c35947151823f2816bc8de0d7766747bd8f1368bfa8af03f11	5620f04586795ca87733741dc900f3066be6a665ea78671971dcde3bc8cbb6b2	70cd2b702d53c3f48cc867a52d593f1bc083251c90f70002c0bbd883bb79b59b	9b5f1a964efb0093	-	{motive : Minidregg.Theory.CredentialAuthorityEffects.EpochTarget → Sort u} → (t : Minidregg.Theory.CredentialAuthorityEffects.EpochTarget) → t.ctorIdx = 2 → ((subject : Minidregg.Theory.TypedAuthorization.SubjectId) → motive (Minidregg.Theory.CredentialAuthorityEffects.EpochTarget.subjectKey subject)) → motive t
inductive	Minidregg.Theory.CredentialAuthorityEffects.IssueDeclaration	5a77eb1f15583f8587f1adca03dd38a91a0276a5150f9f7d4214f243efeff539	1c00a75b8070f719171d4d247bb3a578659f0036ebde4aa37fa48621b07fb041	918620d1bf2a33562f7311843915e5785875d8e2757517ad00579a744d29b683	bb5eb00eb6ee3cee		Minidregg.Theory.TypedAuthorization.ResourceKind → Type
def	Minidregg.Theory.CredentialAuthorityEffects.IssueDeclaration.capability	d3e50d7f468fac85212834f07e2735e4391f43d9d2019ba8135e8a44196535f1	38c1ee6e50797eaa777ca881204047825e378c0416640cd2dc19d5f1cadb9096	24170012306f9ccb2a1c5ee973a31733c98fe7e064907e90d3af0054bb7a8389	1150be2c65c6fadc	Quot.sound,propext	{kind : Minidregg.Theory.TypedAuthorization.ResourceKind} → Minidregg.Theory.CredentialAuthorityEffects.IssueDeclaration kind → Minidregg.Theory.TypedAuthorization.Capability kind
def	Minidregg.Theory.CredentialAuthorityEffects.IssueDeclaration.capabilityEntry	973b5671aa91ddc1225baa4a128e3e6a0db5b9183dcf1b60b1b845ea5d39b094	cc89ee94cb1f860e544306c0bfe868323d30032cb9c59a92a92dda63fa3463e2	3f3cf5fd8c6ceed402818e8b33a297cab0b9db15a482f7951de968453fbd424c	0d3e9baf1f60df0c	Classical.choice,Quot.sound,propext	{kind : Minidregg.Theory.TypedAuthorization.ResourceKind} → Minidregg.Theory.CredentialAuthorityEffects.IssueDeclaration kind → Minidregg.Theory.Store.Entry Minidregg.Theory.CredentialAuthorityState.layout
def	Minidregg.Theory.CredentialAuthorityEffects.IssueDeclaration.entries	904b1179472569ea1053e02ab257b8af92303626396e36c25e1ea01ab3b51231	392a3c0898b5cd23a76209984ca3909355e71d06034d706abe8c8b74014ac58a	489b61d6e893548a73fc585d6eaefcea57c52fa82d051ab65f9ba9726b73d7d4	9ef236915901958e	Classical.choice,Quot.sound,propext	{kind : Minidregg.Theory.TypedAuthorization.ResourceKind} → Minidregg.Theory.CredentialAuthorityEffects.IssueDeclaration kind → List (Minidregg.Theory.Store.Entry Minidregg.Theory.CredentialAuthorityState.layout)
def	Minidregg.Theory.CredentialAuthorityEffects.IssueDeclaration.expectedPreRoot	5e7bb7c94e4412155f8cac95aab54d910f7a5d3cc5694a40e61c103f1db2aef6	de5a25248d0df63aa62eb69e97c5b48784e2bb66c847f33fc57b28951e0ad096	0c57a2213f75c3573e9b36f82d069961c2d089c41ff246c353d9acdf8bad5139	492f456f3bed6a7d	Quot.sound,propext	{kind : Minidregg.Theory.TypedAuthorization.ResourceKind} → Minidregg.Theory.CredentialAuthorityEffects.IssueDeclaration kind → Minidregg.Theory.TypedAuthorization.Digest
ctor	Minidregg.Theory.CredentialAuthorityEffects.IssueDeclaration.mk	455ce88df230a01d6d972c136b956736307871fa72a19eb27a43918597d5ac6f	fe8d74932960af9b71e454b06b7b9916eb7fc9ca0d2f7485dc9a72b430a97ae4	877351da574686f6279b5ed800089167a9b29aef7623121b51ab2fff35ec7a81	28c61bb4996f93cb		{kind : Minidregg.Theory.TypedAuthorization.ResourceKind} → Minidregg.Theory.TypedAuthorization.Capability kind → Minidregg.Theory.TypedAuthorization.Digest → Minidregg.Theory.CredentialAuthorityEffects.OperationNullifier → Minidregg.Theory.CredentialAuthorityEffects.IssueDeclaration kind
def	Minidregg.Theory.CredentialAuthorityEffects.IssueDeclaration.operationNullifier	426bad064473d5a58be7e68ec6a35a66720833699d1a2984a281034f88be47ca	6f2360ab705d9dbcf11d7597a6890234efff5e4218e3082de8bc27de020e6ebd	00881c691ee15c63ab5337f741b8ebf711b4ada9c8578f2eaf1ad1757d9cb548	20b2ec92294bbbde	Quot.sound,propext	{kind : Minidregg.Theory.TypedAuthorization.ResourceKind} → Minidregg.Theory.CredentialAuthorityEffects.IssueDeclaration kind → Minidregg.Theory.CredentialAuthorityEffects.OperationNullifier
def	Minidregg.Theory.CredentialAuthorityEffects.IssueDeclaration.patch	22eb450a16f24f1e733da65e38ac9be0cdc574907c162b3d000c8f22b54a673d	5c7ee2394e8dccfb8ac4473ae1d27b608835f301680b5367066573a14e47f693	17ecd05fca17fb19849e6a502af969eb4c83e5f1ab0d3b6f3b6d70009d7ca336	fbca9df1bf59db7c	Classical.choice,Quot.sound,propext	{kind : Minidregg.Theory.TypedAuthorization.ResourceKind} → Minidregg.Theory.CredentialAuthorityEffects.IssueDeclaration kind → Minidregg.Theory.Store.Store Minidregg.Theory.CredentialAuthorityState.layout → Minidregg.Theory.Store.Patch Minidregg.Theory.CredentialAuthorityState.layout
theorem	Minidregg.Theory.CredentialAuthorityEffects.IssueDeclaration.patch_writeFootprint	fdfca9c6ab75b847b44d25d485c379b686a230bdf8c58afc2ed1f45930b23027	12b35d37dc532539d36bef0a3f4608fa94a7a2c79a5cc90f2672055a6c579418	95196e1612413b416dcfe74f06616da262421d19d689820571e016229ce009e9	0cbac78fcae63b45	Classical.choice,Quot.sound,propext	∀ {kind : Minidregg.Theory.TypedAuthorization.ResourceKind} (declaration : Minidregg.Theory.CredentialAuthorityEffects.IssueDeclaration kind) (store : Minidregg.Theory.Store.Store Minidregg.Theory.CredentialAuthorityState.layout), (declaration.patch store).writeFootprint = {⟨Minidregg.Theory.CredentialAuthorityState.AuthorityPlane.capability kind, declaration.capability.id⟩, ⟨Minidregg.Theory.CredentialAuthorityState.AuthorityPlane.registered, Minidregg.Theory.TypedAuthorization.RevocationKey.capability declaration.capability.id⟩}
inductive	Minidregg.Theory.CredentialAuthorityEffects.IssueEvidence	3894fc530d70d78fc78daaa084ff72c0812b892315662467c96b36aa30bb4e4b	b14cc1a6d49b8b131b5c24f97b04941e83c3b02b501c5484b0727eb95a18494d	1f6de53daa63fef3116c7b5398dcd709e62fe21be337f7a8eb2392316a5d8583	12549786a2353acb		{M : Minidregg.Theory.CredentialAuthorityState.Materializer} → Minidregg.Theory.CredentialAuthorityState.Cell M → {kind : Minidregg.Theory.TypedAuthorization.ResourceKind} → Minidregg.Theory.CredentialAuthorityEffects.IssueDeclaration kind → Type
theorem	Minidregg.Theory.CredentialAuthorityEffects.IssueEvidence.ancestorsLive	31377309ac772024dfe8dc6c321e46eb8ab5d520bfb7830d301e5bf3f957bad4	6eafa91d29b489fe7c62781fa67d6420b0f3885448ee4aa8414d9a38e35bc508	3a969819ed750c256f4175f239b3c5a7e9f1ea547b390e8cfef5c156d0efc578	cc51d216aaec7ed0	Classical.choice,Quot.sound,propext	∀ {M : Minidregg.Theory.CredentialAuthorityState.Materializer} {pre : Minidregg.Theory.CredentialAuthorityState.Cell M} {kind : Minidregg.Theory.TypedAuthorization.ResourceKind} {declaration : Minidregg.Theory.CredentialAuthorityEffects.IssueDeclaration kind} (self : Minidregg.Theory.CredentialAuthorityEffects.IssueEvidence pre declaration), ∀ ancestor ∈ declaration.capability.ancestors, Minidregg.Theory.CredentialAuthorityState.isRevoked pre (Minidregg.Theory.TypedAuthorization.RevocationKey.capability ancestor) = Bool.false
theorem	Minidregg.Theory.CredentialAuthorityEffects.IssueEvidence.ancestorsRegistered	74ebdd8ae30b656877674ba4fd37579b934abcf465ce202e50fdc721cd1c7029	7bf41d9d5854b0ef497bc7d43244e690b088b129ae17ee6637771fda149f5839	90ee4d113515b78f462cd03b1b5f157f9b75d1342f5b1e3a35f4cc1044dd431b	d049b9b04d93f7f3	Classical.choice,Quot.sound,propext	∀ {M : Minidregg.Theory.CredentialAuthorityState.Materializer} {pre : Minidregg.Theory.CredentialAuthorityState.Cell M} {kind : Minidregg.Theory.TypedAuthorization.ResourceKind} {declaration : Minidregg.Theory.CredentialAuthorityEffects.IssueDeclaration kind} (self : Minidregg.Theory.CredentialAuthorityEffects.IssueEvidence pre declaration), ∀ ancestor ∈ declaration.capability.ancestors, Minidregg.Theory.CredentialAuthorityState.isRegistered pre (Minidregg.Theory.TypedAuthorization.RevocationKey.capability ancestor) = Bool.true
theorem	Minidregg.Theory.CredentialAuthorityEffects.IssueEvidence.channelsLive	e4f3b8b905d82b774cddd7188ceb1bd95ec7b36c409d1dcab0882f56b3c14e5d	6504da12609b40add2b20d4ce1ebe2b1a6fccc90f4d93ba0ebd4e0c49bb3ed2a	e91943513cd3b22b39d040f94d484d1c5d92f78580af830fbc07e66938c8b878	6cec6a2b71cd74fb	Classical.choice,Quot.sound,propext	∀ {M : Minidregg.Theory.CredentialAuthorityState.Materializer} {pre : Minidregg.Theory.CredentialAuthorityState.Cell M} {kind : Minidregg.Theory.TypedAuthorization.ResourceKind} {declaration : Minidregg.Theory.CredentialAuthorityEffects.IssueDeclaration kind} (self : Minidregg.Theory.CredentialAuthorityEffects.IssueEvidence pre declaration), ∀ channel ∈ declaration.capability.channels, Minidregg.Theory.CredentialAuthorityState.isRevoked pre (Minidregg.Theory.TypedAuthorization.RevocationKey.channel channel) = Bool.false
theorem	Minidregg.Theory.CredentialAuthorityEffects.IssueEvidence.channelsRegistered	e60341bbe77540ccfd50a7f8c06009b6f7c79cb558e547657e8447b39de0a19b	8e2985aeac5b24b8c281d85edb7e6ba2b61db0808a9279e8cb37442f1c43c45d	5f9bec4e76148df8947f1674b89488ce82162f6042e1e8ed2b39f37ba01fa68b	a8f54910a0ff8bcf	Classical.choice,Quot.sound,propext	∀ {M : Minidregg.Theory.CredentialAuthorityState.Materializer} {pre : Minidregg.Theory.CredentialAuthorityState.Cell M} {kind : Minidregg.Theory.TypedAuthorization.ResourceKind} {declaration : Minidregg.Theory.CredentialAuthorityEffects.IssueDeclaration kind} (self : Minidregg.Theory.CredentialAuthorityEffects.IssueEvidence pre declaration), ∀ channel ∈ declaration.capability.channels, Minidregg.Theory.CredentialAuthorityState.isRegistered pre (Minidregg.Theory.TypedAuthorization.RevocationKey.channel channel) = Bool.true
theorem	Minidregg.Theory.CredentialAuthorityEffects.IssueEvidence.issuerCurrent	f91a3ebbcb0f8781e7706bb9c63f5461cb681ad7d4cd8f2508834c9295b5c63d	ec069cf7e5d6680df9335c6976f8af228ef029081ae4ac16d81246ff7a5ce38c	4f1fcd257836861233da2740f51939e034273ff2ecef32db848128653791ded6	94163e33ffc42c48	Classical.choice,Quot.sound,propext	∀ {M : Minidregg.Theory.CredentialAuthorityState.Materializer} {pre : Minidregg.Theory.CredentialAuthorityState.Cell M} {kind : Minidregg.Theory.TypedAuthorization.ResourceKind} {declaration : Minidregg.Theory.CredentialAuthorityEffects.IssueDeclaration kind} (self : Minidregg.Theory.CredentialAuthorityEffects.IssueEvidence pre declaration), declaration.capability.issuerEpoch = Minidregg.Theory.CredentialAuthorityState.issuerEpochAt pre declaration.capability.issuer
ctor	Minidregg.Theory.CredentialAuthorityEffects.IssueEvidence.mk	9d10926047f84cbed051f44d623d2e2ee2160579ce72730af61427ba2b5204cd	0795cae5f6f6a4261fd07924be627e33128cfe23b5bd675a20d806235712f7c0	9b429981643068211d80b557cd6dbb876dfa467951ad142729ef4fb109b88173	5cf569539afe8963		{M : Minidregg.Theory.CredentialAuthorityState.Materializer} → {pre : Minidregg.Theory.CredentialAuthorityState.Cell M} → {kind : Minidregg.Theory.TypedAuthorization.ResourceKind} → {declaration : Minidregg.Theory.CredentialAuthorityEffects.IssueDeclaration kind} → declaration.expectedPreRoot = Minidregg.Theory.CellState.Materialized.root pre → Minidregg.Theory.CredentialLineageAdmission.CapabilityIdFresh pre declaration.capability.id → declaration.capability.parent = Option.none → declaration.capability.root = declaration.capability.id → (∀ ancestor ∈ declaration.capability.ancestors, Minidregg.Theory.CredentialAuthorityState.isRegistered pre (Minidregg.Theory.TypedAuthorization.RevocationKey.capability ancestor) = Bool.true) → declaration.capability.issuerEpoch = Minidregg.Theory.CredentialAuthorityState.issuerEpochAt pre declaration.capability.issuer → declaration.capability.policyEpoch = Minidregg.Theory.CredentialAuthorityState.policyEpochAt pre declaration.capability.policyId → Minidregg.Theory.CredentialAuthorityState.isRegistered pre (Minidregg.Theory.TypedAuthorization.RevocationKey.capability declaration.capability.id) = Bool.false → (∀ channel ∈ declaration.capability.channels, Minidregg.Theory.CredentialAuthorityState.isRegistered pre (Minidregg.Theory.TypedAuthorization.RevocationKey.channel channel) = Bool.true) → Minidregg.Theory.CredentialAuthorityState.isRevoked pre (Minidregg.Theory.TypedAuthorization.RevocationKey.capability declaration.capability.id) = Bool.false → (∀ channel ∈ declaration.capability.channels, Minidregg.Theory.CredentialAuthorityState.isRevoked pre (Minidregg.Theory.TypedAuthorization.RevocationKey.channel channel) = Bool.false) → (∀ ancestor ∈ declaration.capability.ancestors, Minidregg.Theory.CredentialAuthorityState.isRevoked pre (Minidregg.Theory.TypedAuthorization.RevocationKey.capability ancestor) = Bool.false) → Minidregg.Theory.CredentialAuthorityEffects.IssueEvidence pre declaration
theorem	Minidregg.Theory.CredentialAuthorityEffects.IssueEvidence.policyCurrent	fc7626361f1538ad1d29ab024fd44b7413f2bbe95efe6e463652279fc7c002d5	3afccf0c1eef6aa8d8f01da75b6c3092b5680725f03da64954035dd7ad46b958	3057fc22bcc19073482aa4833f05ad1ac58952577329138d43e2fa3e5d7ca0b5	e741e353d02bb6d8	Classical.choice,Quot.sound,propext	∀ {M : Minidregg.Theory.CredentialAuthorityState.Materializer} {pre : Minidregg.Theory.CredentialAuthorityState.Cell M} {kind : Minidregg.Theory.TypedAuthorization.ResourceKind} {declaration : Minidregg.Theory.CredentialAuthorityEffects.IssueDeclaration kind} (self : Minidregg.Theory.CredentialAuthorityEffects.IssueEvidence pre declaration), declaration.capability.policyEpoch = Minidregg.Theory.CredentialAuthorityState.policyEpochAt pre declaration.capability.policyId
theorem	Minidregg.Theory.CredentialAuthorityEffects.IssueEvidence.preRootExact	03ec8510f8e843f339505cb58ed885de1b393a683ba9c2430e34d50ce97c0bea	35a4b683db4609239ba719db01536d393bd43fdac5cd852bcf1df2e530c12332	deed6cd9134fe230994f9b425be052f44a91b70d3f8745b1c7a4e6abf9a8e548	47277f90006c7807	Classical.choice,Quot.sound,propext	∀ {M : Minidregg.Theory.CredentialAuthorityState.Materializer} {pre : Minidregg.Theory.CredentialAuthorityState.Cell M} {kind : Minidregg.Theory.TypedAuthorization.ResourceKind} {declaration : Minidregg.Theory.CredentialAuthorityEffects.IssueDeclaration kind} (self : Minidregg.Theory.CredentialAuthorityEffects.IssueEvidence pre declaration), declaration.expectedPreRoot = Minidregg.Theory.CellState.Materialized.root pre
theorem	Minidregg.Theory.CredentialAuthorityEffects.IssueEvidence.reject_existing_id	0ad65f003aed8abd694b700d7013e100e321c5ea6aac66f607256d5e39f2ce23	0502db476affad827b71889c3dcea273881d98b944915579f59e330550470bb7	21f2c447f22c9ada1d7ace03416698015e80d84de3e352f88eba5a96006dcbb8	e31afd4c943f67bc	Classical.choice,Quot.sound,propext	∀ {M : Minidregg.Theory.CredentialAuthorityState.Materializer} {pre : Minidregg.Theory.CredentialAuthorityState.Cell M} {kind : Minidregg.Theory.TypedAuthorization.ResourceKind} {declaration : Minidregg.Theory.CredentialAuthorityEffects.IssueDeclaration kind} (mode : Minidregg.Theory.CredentialAuthorityEffects.IssueEvidence pre declaration) (otherKind : Minidregg.Theory.TypedAuthorization.ResourceKind) (existing : Minidregg.Theory.CredentialAuthorityState.StoredCapability otherKind), Minidregg.Theory.CredentialAuthorityState.readCapability pre otherKind declaration.capability.id = Option.some existing → False
theorem	Minidregg.Theory.CredentialAuthorityEffects.IssueEvidence.rootParent	d19d662304169a35d38c583657e21f5b4f1517edde0fe2cff5778adadd4143ab	9c65c4d3fb53d46be6d02e3dccb71ffdbb7e89d403f7cde4409a0fa4e63faa88	a9dbad418f1d58c9ece76583c9ca0db2181116a13867c459ee9a46b97ba5166d	fe2283d2097e1ff4	Classical.choice,Quot.sound,propext	∀ {M : Minidregg.Theory.CredentialAuthorityState.Materializer} {pre : Minidregg.Theory.CredentialAuthorityState.Cell M} {kind : Minidregg.Theory.TypedAuthorization.ResourceKind} {declaration : Minidregg.Theory.CredentialAuthorityEffects.IssueDeclaration kind} (self : Minidregg.Theory.CredentialAuthorityEffects.IssueEvidence pre declaration), declaration.capability.parent = Option.none
theorem	Minidregg.Theory.CredentialAuthorityEffects.IssueEvidence.rootSelf	b518954ab204bd229ebf7eac26af5351257c68bae2eb76bd2a6cf21280573ce0	56ccff39a0284a8444439b8641fd7c019fa7ffe60d9f1372e8613dd13147d707	5134caf58ec5339e535263c00ac0c60aab3799fd334d0ff9e0e01bda9f427e06	62bc1d957832e6e1	Classical.choice,Quot.sound,propext	∀ {M : Minidregg.Theory.CredentialAuthorityState.Materializer} {pre : Minidregg.Theory.CredentialAuthorityState.Cell M} {kind : Minidregg.Theory.TypedAuthorization.ResourceKind} {declaration : Minidregg.Theory.CredentialAuthorityEffects.IssueDeclaration kind} (self : Minidregg.Theory.CredentialAuthorityEffects.IssueEvidence pre declaration), declaration.capability.root = declaration.capability.id
theorem	Minidregg.Theory.CredentialAuthorityEffects.IssueEvidence.selfLive	7dab1dca79060db6828d2f8f1621ea69c925a39d5d3aa0b328b99569600145bd	31b04c8ba0febbdaab98ed821b74bb712cd65012b082d1ae050ec87f63fc5d47	ae345edd5854d6c6d0429e2b08bfbf9359ed2d28e7dbcd06872cc39c665e8f80	436db090ad14f337	Classical.choice,Quot.sound,propext	∀ {M : Minidregg.Theory.CredentialAuthorityState.Materializer} {pre : Minidregg.Theory.CredentialAuthorityState.Cell M} {kind : Minidregg.Theory.TypedAuthorization.ResourceKind} {declaration : Minidregg.Theory.CredentialAuthorityEffects.IssueDeclaration kind} (self : Minidregg.Theory.CredentialAuthorityEffects.IssueEvidence pre declaration), Minidregg.Theory.CredentialAuthorityState.isRevoked pre (Minidregg.Theory.TypedAuthorization.RevocationKey.capability declaration.capability.id) = Bool.false
theorem	Minidregg.Theory.CredentialAuthorityEffects.IssueEvidence.selfUnregistered	b8a03851748a043812893c56182e1b4436a2ca33de7b0082d07352d3113238ca	58235ea46aa180e79b8d626535268a30fdb224a9c1233250638658085922643a	c138d24303deb81d25581137e291c19ce8cb86597ce1f97ac10be04192547d37	6fb908a7cc2f999d	Classical.choice,Quot.sound,propext	∀ {M : Minidregg.Theory.CredentialAuthorityState.Materializer} {pre : Minidregg.Theory.CredentialAuthorityState.Cell M} {kind : Minidregg.Theory.TypedAuthorization.ResourceKind} {declaration : Minidregg.Theory.CredentialAuthorityEffects.IssueDeclaration kind} (self : Minidregg.Theory.CredentialAuthorityEffects.IssueEvidence pre declaration), Minidregg.Theory.CredentialAuthorityState.isRegistered pre (Minidregg.Theory.TypedAuthorization.RevocationKey.capability declaration.capability.id) = Bool.false
theorem	Minidregg.Theory.CredentialAuthorityEffects.IssueEvidence.slotFresh	5d24bc74973da5e3c62e4e1cac1c8db54398b6aad6255f439c17a029bd9769c9	a01e0843f428e1073b3680562804b7f59c59f1cd15f511ac74c5f52172aacbf1	d06f70735e56940e9d0ae0ecfd6021db6974b5433b916a4a022367643c3d347c	33f8d1d5b4059893	Classical.choice,Quot.sound,propext	∀ {M : Minidregg.Theory.CredentialAuthorityState.Materializer} {pre : Minidregg.Theory.CredentialAuthorityState.Cell M} {kind : Minidregg.Theory.TypedAuthorization.ResourceKind} {declaration : Minidregg.Theory.CredentialAuthorityEffects.IssueDeclaration kind} (self : Minidregg.Theory.CredentialAuthorityEffects.IssueEvidence pre declaration), Minidregg.Theory.CredentialLineageAdmission.CapabilityIdFresh pre declaration.capability.id
def	Minidregg.Theory.CredentialAuthorityEffects.OperationNullifier	ecc5f84b37c2b66f68535c2cd5dc00a2e21f83e768c1bf220b563eaf2d456712	89855d392aa192071e8a2b2230d30ecae8fc9de0c15fa6a53f6209226829292a	b18b257b9a06fac82e22deb98fbd957ff912d931651b99d71e21fc4b4212221e	420d5f9cc1edb6b7	-	Type
inductive	Minidregg.Theory.CredentialAuthorityEffects.RequestContext	27c25285ecf0493bbf1dc16733375e22a0c630dc56782ed8b48a09bd5ad92128	16946b93ac38405660f51e475eb5aa7d25b54f5e5677e0f6a10a4526cc071cbf	a9fc55c8c043e46d03015abcd2d6f208771f55fd64dc5e563b37d4c05c6976c6	f9700a891984fee4		Type
def	Minidregg.Theory.CredentialAuthorityEffects.RequestContext.argsDigestBytes	231fef48c592d442d270ff88939ed3a68bff055f5a622b102751ce3d6de9eab3	75f293924e6efa7520133875f29c95526f0d5bba2a841b3d7968b99f6a12c52f	13cb34fb5375023e949a2d227c01efeef0dda8c1295f78d48ed28dfa438f4a08	3c2b6cd834928860	-	Minidregg.Theory.CredentialAuthorityEffects.RequestContext → List UInt8 → Minidregg.Theory.TypedAuthorization.Digest
def	Minidregg.Theory.CredentialAuthorityEffects.RequestContext.authority	1a966b1d512fb792c8394806a595faa6c93d65e42f2212e15eb9501797c5113b	dfa34fb0883dd498d5e0e7f268353a14d9e8fd835e2a81219cac6ca7aea32ad4	d11bf0bbb2ac8a60f0791e139232d580ddfb7167066957da9e9a22da1da15066	f7014552c144a579	-	Minidregg.Theory.CredentialAuthorityEffects.RequestContext → Minidregg.Theory.EffectRequestContext
ctor	Minidregg.Theory.CredentialAuthorityEffects.RequestContext.mk	dc197518000cdcf534d5e6661430d51b58399379967458fd7e0a30816c25578a	304c30b8a31560ae30abb008f95e5e5b5b5bdbaebc6f70c60eb74c1e9cc55364	2f01642a011b2d2aec3278be8ab9cabc7e4aae1de482d3eb4ff27f7ff3d5d131	027bda2a3ab801dc		Minidregg.Theory.EffectRequestContext → (List UInt8 → Minidregg.Theory.TypedAuthorization.Digest) → Minidregg.Theory.CredentialAuthorityEffects.RequestContext
def	Minidregg.Theory.CredentialAuthorityEffects.RequestContext.request	af9ebcb63e17e587836f2e4be6d196a88b14a6543fb52b0fdd725fdd2031e447	a309d8a352cb401d0a5074a060226c376f7c2151b8ffdabef1919ec93589f2ea	d03be9c40dcaf1751dca635b673b1503e30d2d14865f7ad0e65593f4cccc2c91	9ebb5223793de7e9	-	{Declaration : Type} → Minidregg.Theory.CredentialAuthorityEffects.RequestContext → Minidregg.Theory.IndexedProgram.LawfulCodec Declaration → (Declaration → Minidregg.Theory.TypedAuthorization.Digest) → Minidregg.Theory.TypedAuthorization.Digest → ℕ → Declaration → Minidregg.Theory.PackedEffectRequest
inductive	Minidregg.Theory.CredentialAuthorityEffects.RevokeDeclaration	77f4b7a87cfb2a653f39e4ac0bc6bc627c71c693c0c9fece3719ba9917bfe07d	16946b93ac38405660f51e475eb5aa7d25b54f5e5677e0f6a10a4526cc071cbf	5a4a738043188cb55b44977eb8f9237fb88bc03318000cb8b68ff01f863208cc	dd9a0900188e4394		Type
def	Minidregg.Theory.CredentialAuthorityEffects.RevokeDeclaration.entries	f4b3e26c8fcc232fab91d55bf352d92f83d32f6df2a867ec90d5a81981b30758	b24d82309754d6ebe69ce20775e6366daa3bce22791ed24ddb257cf68ea3a558	8fb207d1317b08e5609523627078a5cfc82b95e03ec56f85d02a909b6679e08b	cb9cc659ebdf1aa0	Classical.choice,Quot.sound,propext	Minidregg.Theory.CredentialAuthorityEffects.RevokeDeclaration → List (Minidregg.Theory.Store.Entry Minidregg.Theory.CredentialAuthorityState.layout)
def	Minidregg.Theory.CredentialAuthorityEffects.RevokeDeclaration.expectedPreRoot	5e981e8701be82551d9cf0a944ffc49596b04c4473f212f3615aa41fb475fb96	1cdedd9fbb3ed91219b38cc509307388383d8388cb2ec4348364cd2942d91179	cd5e9ec63e8d4bf9f363232217ff3f97b584698720087996fead8400e7375b27	8eb9f7c3c830676b	-	Minidregg.Theory.CredentialAuthorityEffects.RevokeDeclaration → Minidregg.Theory.TypedAuthorization.Digest
def	Minidregg.Theory.CredentialAuthorityEffects.RevokeDeclaration.key	0593bdd2e403d55453adece3b950541d4ff1632e72c30eeb39c612c086d2d0b4	6c89fb178e5625eb3d02ad36073f65886cd028612eb171ef67c6d601d97b8e5e	304661324f27fed1f5db95ff94d2646bdcc0dd98aeb17e568e7d68542c1b674d	fb9a9a2a8a4b7e96	-	Minidregg.Theory.CredentialAuthorityEffects.RevokeDeclaration → Minidregg.Theory.TypedAuthorization.RevocationKey
ctor	Minidregg.Theory.CredentialAuthorityEffects.RevokeDeclaration.mk	ba41b1e8a67bf5da3d0307f83d65b528b28046c254e1c0fa22113527f552dee9	90fe55c26cd278f1fb3c4b718fa6066295a1464a9a4edf68273753a72152d5f5	a8b381eddf8780c1d0e4c8a64aa62e3f475819a8f052f40cbf18af54a8230f8c	e8e99aed7b554cc7		Minidregg.Theory.TypedAuthorization.RevocationKey → Minidregg.Theory.TypedAuthorization.Digest → Minidregg.Theory.CredentialAuthorityEffects.OperationNullifier → Minidregg.Theory.CredentialAuthorityEffects.RevokeDeclaration
def	Minidregg.Theory.CredentialAuthorityEffects.RevokeDeclaration.operationNullifier	aad83018bf328f7dfc2d060441c36716c1222fa5dbd65f5373f56bad20714c56	2ce1a5f565fb4e5b08009c70d6023fa521d1df2e6379f3eedd43c2edc305f833	1a6c582445aaecd6e478fdf6b5e40436aa4f6a59e070e7437476a922e8ddf953	b44b229011e19887	-	Minidregg.Theory.CredentialAuthorityEffects.RevokeDeclaration → Minidregg.Theory.CredentialAuthorityEffects.OperationNullifier
def	Minidregg.Theory.CredentialAuthorityEffects.RevokeDeclaration.patch	b45f67e7de2979ac7d3f645f7d0c05572caabf3e84b435853d2e2b81d21904cf	38d4b2807b1a298c49be2cd7b65aa3f80ec7731adf285903c680e72e06afa475	8aaffea264a74e292d7e49fb50ed9181f322def4b9f6d48a62a62086d60b62bf	9b5cd0e951678947	Classical.choice,Quot.sound,propext	Minidregg.Theory.CredentialAuthorityEffects.RevokeDeclaration → Minidregg.Theory.Store.Store Minidregg.Theory.CredentialAuthorityState.layout → Minidregg.Theory.Store.Patch Minidregg.Theory.CredentialAuthorityState.layout
theorem	Minidregg.Theory.CredentialAuthorityEffects.RevokeDeclaration.patch_writeFootprint	78b0ecb1c6aa6f6b69dc2f545a25ac5b2151817e69cdec5dcee7dfbb333d8661	3a0b144f9c483d4017f45b04de850c9354ef3bc438611d6fe7d44d7855093f8e	eb8979c2d68e0b24d75fffb6a45c6c0d8784dfa7290279015fe2261439241eb6	cd7118a5a67ad6e0	Classical.choice,Quot.sound,propext	∀ (declaration : Minidregg.Theory.CredentialAuthorityEffects.RevokeDeclaration) (store : Minidregg.Theory.Store.Store Minidregg.Theory.CredentialAuthorityState.layout), (declaration.patch store).writeFootprint = {⟨Minidregg.Theory.CredentialAuthorityState.AuthorityPlane.revoked, declaration.key⟩}
def	Minidregg.Theory.CredentialAuthorityEffects.RevokeDeclaration.revokedEntry	1ae35171d45bc3722bd56e47580cd8819603c2ddc7d69eec810a09a7e428da21	363b92bd91c84d495b9b0a1bf735e28f568d94284d0957c587ed3ced4bdec5f3	3e2fddad6a8298b4e39d88ec62ea211107ec0ec9d7bc5080cbf532b615bfb1bf	98611d738d595a25	Classical.choice,Quot.sound,propext	Minidregg.Theory.CredentialAuthorityEffects.RevokeDeclaration → Minidregg.Theory.Store.Entry Minidregg.Theory.CredentialAuthorityState.layout
inductive	Minidregg.Theory.CredentialAuthorityEffects.RevokeEvidence	0975850b1bcdb2b421c4e68aa817b1bb8eaf3005dc5b7d98442ab01b0e774fe0	772f30b048c64d0610d503a519fbaeed83a8f74702871b3aa167254153f2dae1	870e3a29aedc585ba9fff2c49ec3f33a2c10827cb80d43a0328c19ba4d97565c	20a90836273f79c8		{M : Minidregg.Theory.CredentialAuthorityState.Materializer} → Minidregg.Theory.CredentialAuthorityState.Cell M → Minidregg.Theory.CredentialAuthorityEffects.RevokeDeclaration → Type
theorem	Minidregg.Theory.CredentialAuthorityEffects.RevokeEvidence.live	c31aba519db3aa8a7e3df0db163df7173fd61028fc9d07cc8070b1e451cb7017	c63a0cbc5f7156ca58c24ea6dcaba941e841c1843d881900279a478dd2a00d1a	0df2a7d4881b2d4c10767c26965f2a6d030e3bb16b8eb7f8745b8afffb58f291	fe1b4329f83ac732	Classical.choice,Quot.sound,propext	∀ {M : Minidregg.Theory.CredentialAuthorityState.Materializer} {pre : Minidregg.Theory.CredentialAuthorityState.Cell M} {declaration : Minidregg.Theory.CredentialAuthorityEffects.RevokeDeclaration} (self : Minidregg.Theory.CredentialAuthorityEffects.RevokeEvidence pre declaration), Minidregg.Theory.CredentialAuthorityState.isRevoked pre declaration.key = Bool.false
ctor	Minidregg.Theory.CredentialAuthorityEffects.RevokeEvidence.mk	2e834b39c06a85637efd8f5ff711a335e9fcca3be70514a8fe21892655b55ec8	5029849431298623b8d52bf1dfab4183532c49873cb195c2ab22bb39d386942e	d35c58cf0e530cc2ae832bc841b0ef9b484fe460b160dae99150eb9fb7832cdf	66a41c15e2bb2c24		{M : Minidregg.Theory.CredentialAuthorityState.Materializer} → {pre : Minidregg.Theory.CredentialAuthorityState.Cell M} → {declaration : Minidregg.Theory.CredentialAuthorityEffects.RevokeDeclaration} → declaration.expectedPreRoot = Minidregg.Theory.CellState.Materialized.root pre → Minidregg.Theory.CredentialAuthorityState.isRegistered pre declaration.key = Bool.true → Minidregg.Theory.CredentialAuthorityState.isRevoked pre declaration.key = Bool.false → Minidregg.Theory.CredentialAuthorityEffects.RevokeEvidence pre declaration
theorem	Minidregg.Theory.CredentialAuthorityEffects.RevokeEvidence.preRootExact	655038320cf8e7e15080153b9156a9c9f3435a7299846c5fbd0f7166a26bfbeb	92e4c41f76a743555ef861b30efb9d4dfc9375dfa6942f265db3c850f6081000	621f2fe40a272e865faf39ebe97b127c3dcb5f3c1b56a60520469f8db4180387	2c738f007dcbbc68	Classical.choice,Quot.sound,propext	∀ {M : Minidregg.Theory.CredentialAuthorityState.Materializer} {pre : Minidregg.Theory.CredentialAuthorityState.Cell M} {declaration : Minidregg.Theory.CredentialAuthorityEffects.RevokeDeclaration} (self : Minidregg.Theory.CredentialAuthorityEffects.RevokeEvidence pre declaration), declaration.expectedPreRoot = Minidregg.Theory.CellState.Materialized.root pre
theorem	Minidregg.Theory.CredentialAuthorityEffects.RevokeEvidence.registered	94145c571fffb4655c08426a1f9a93736c3c8c17945175051fdc428bdcab6354	035ab518dd6d6c1d9657546adafb8747fa915eb27cd38f07e7ce80013540b958	931ac19e798c5ffaff88bdc505eba3134078eeb00fee619e826e7c883a8ea78d	a8a0576f8d16fd73	Classical.choice,Quot.sound,propext	∀ {M : Minidregg.Theory.CredentialAuthorityState.Materializer} {pre : Minidregg.Theory.CredentialAuthorityState.Cell M} {declaration : Minidregg.Theory.CredentialAuthorityEffects.RevokeDeclaration} (self : Minidregg.Theory.CredentialAuthorityEffects.RevokeEvidence pre declaration), Minidregg.Theory.CredentialAuthorityState.isRegistered pre declaration.key = Bool.true
theorem	Minidregg.Theory.CredentialAuthorityEffects.RevokeEvidence.reject_unregistered	499bf4847b035df1784f43b011880c9846f89d1026f28dd5f9770fcdc151c469	386d4b7a00003e1c99f0023d7b48c69d5ab6b1c3b6cc8a97a612195c75b34060	5854dbb1536e6b3e6ece8d0371ad04e74c247f34bbbc5ef6096695832b19eaab	4eb6050a23ab825c	Classical.choice,Quot.sound,propext	∀ {M : Minidregg.Theory.CredentialAuthorityState.Materializer} {pre : Minidregg.Theory.CredentialAuthorityState.Cell M} {declaration : Minidregg.Theory.CredentialAuthorityEffects.RevokeDeclaration}, Minidregg.Theory.CredentialAuthorityState.isRegistered pre declaration.key = Bool.false → IsEmpty (Minidregg.Theory.CredentialAuthorityEffects.RevokeEvidence pre declaration)
inductive	Minidregg.Theory.CredentialAuthorityEffects.RotateEpochDeclaration	5bd6ed4d2703a2afd572036d488f6c732368ff4ed33ac1adcc6df6172920716f	16946b93ac38405660f51e475eb5aa7d25b54f5e5677e0f6a10a4526cc071cbf	013d8cb1011f84024f08d4bb9810599f960bdcfd09d7bbd620e35b2692f44809	cce0aa9f09e6114d		Type
def	Minidregg.Theory.CredentialAuthorityEffects.RotateEpochDeclaration.entries	c349c27025e8f559fb41211f16ad1ebd4a4f26292b24c9305620ecbd365b0717	f56ec1634117ff9f401fa2cae516dd7668a0fc55b38a31fc78c6c56b49928e45	dacc649663aa61edc7a4e1446064956069371c4df03cd40aa17c1e43fb1c5d30	f8a003a38bbe42bb	Classical.choice,Quot.sound,propext	Minidregg.Theory.CredentialAuthorityEffects.RotateEpochDeclaration → List (Minidregg.Theory.Store.Entry Minidregg.Theory.CredentialAuthorityState.layout)
def	Minidregg.Theory.CredentialAuthorityEffects.RotateEpochDeclaration.expectedEpoch	0d582c7d7509556b7e1c4d3c499114da92b0c3ed53d21f3d4c3bf0e593663068	55e8a690e6f4bf4fe3d8289fa9d4c36a75de4f4187dcc43927389b6391812f9d	350ae1b68d5967bd9f73b437cb256bd1127e5de432ea7bc745a8bce89c3382cc	a779c54f0413fce1	-	Minidregg.Theory.CredentialAuthorityEffects.RotateEpochDeclaration → Minidregg.Theory.TypedAuthorization.Epoch
def	Minidregg.Theory.CredentialAuthorityEffects.RotateEpochDeclaration.expectedPreRoot	ff532e8b4fc6955694df758d79e841fba43f6ec2745f7139cfb50b030979deb7	a37c7199f53967d4875e8dd0ae3b052dca36c39cf1f065e02957f5e38c55064e	31b0e7df14e78a4d2eec889150c4b8aa49916af05d94e33f80e3a0b4bc199672	1abe216d315e0f31	-	Minidregg.Theory.CredentialAuthorityEffects.RotateEpochDeclaration → Minidregg.Theory.TypedAuthorization.Digest
ctor	Minidregg.Theory.CredentialAuthorityEffects.RotateEpochDeclaration.mk	e2cc2a449dc4b447a96483596253ee2444191283d7b61f73adac6d576582cd26	a2767bcb5a05bbf8a7aa242865aabb0aaee8e04b1464f7ed7e02b6858a19c1b6	a534d31a19fc58de16aaa7afca9c2c4afd698be259fa1e4816e61ba9da77992d	09f92f44a3f2fc7a		Minidregg.Theory.CredentialAuthorityEffects.EpochTarget → Minidregg.Theory.TypedAuthorization.Epoch → Minidregg.Theory.TypedAuthorization.Epoch → Minidregg.Theory.TypedAuthorization.Digest → Minidregg.Theory.CredentialAuthorityEffects.OperationNullifier → Minidregg.Theory.CredentialAuthorityEffects.RotateEpochDeclaration
def	Minidregg.Theory.CredentialAuthorityEffects.RotateEpochDeclaration.nextEpoch	68a74ae0cfd67b204be87316dbc94fdec133a56bab13997c1de80d56430b9aa2	55e8a690e6f4bf4fe3d8289fa9d4c36a75de4f4187dcc43927389b6391812f9d	3c448893396d6c2ccf341b7b30e9aed2bf37f09bc620bde92da6b97b86c736a2	c81f44c7e29b32c8	-	Minidregg.Theory.CredentialAuthorityEffects.RotateEpochDeclaration → Minidregg.Theory.TypedAuthorization.Epoch
def	Minidregg.Theory.CredentialAuthorityEffects.RotateEpochDeclaration.operationNullifier	45b873f4e1176807b97b84079f4c010b142c40f75eba4ae9ca1820a169787e77	595ae68c693e6dbffbaf339871753bb3ea90ad55b8dba02a898a12e791bbb238	2721dd1167bd330e7acdf87d29551c2f7f0d4df25e56ac762a38edf43a0f61c4	a0fa77fc5f9a3b71	-	Minidregg.Theory.CredentialAuthorityEffects.RotateEpochDeclaration → Minidregg.Theory.CredentialAuthorityEffects.OperationNullifier
def	Minidregg.Theory.CredentialAuthorityEffects.RotateEpochDeclaration.patch	c3084b67fe0a411ee376a11704152c72c163ae98d2ad96cf479107a2bcd7594a	35df9c46191b597e9f4d2ffd64ca319a064db1ff97f43a905dbc10fddd42a15f	1922d51bb96989a9cbc65139e06d5f8a519d49baf9a7935a10d839bea68ef3aa	1c03048bc217709e	Classical.choice,Quot.sound,propext	Minidregg.Theory.CredentialAuthorityEffects.RotateEpochDeclaration → Minidregg.Theory.Store.Store Minidregg.Theory.CredentialAuthorityState.layout → Minidregg.Theory.Store.Patch Minidregg.Theory.CredentialAuthorityState.layout
theorem	Minidregg.Theory.CredentialAuthorityEffects.RotateEpochDeclaration.patch_writeFootprint	dd3f38d54a1d972ace9cfc36cc5b5db427e028a2c7df14d3e52e90e5cf303e28	bab00ec1c91ac601ca014432f82712f697d705994b38ef8ecf40f7f31a0cbcd3	89893abd1d1256206c1c3047a207b81fc0fd43949f9ca0ce033a49398d2454df	ee84aec00c61542b	Classical.choice,Quot.sound,propext	∀ (declaration : Minidregg.Theory.CredentialAuthorityEffects.RotateEpochDeclaration) (store : Minidregg.Theory.Store.Store Minidregg.Theory.CredentialAuthorityState.layout), (declaration.patch store).writeFootprint = {declaration.target.address}
theorem	Minidregg.Theory.CredentialAuthorityEffects.RotateEpochDeclaration.source_framed	a5d2b26e012e70758237b3fc95c6070c39123639f6a75e4a6ef8669a3a0be4d0	9fa161d41d77d6f30bdb6f6749a89b9c6d2a393e24facdf8189c05309f357e6c	3c66379f4f7434ac0358ddab3c06cb25eef4e3586592ea3b9752b0d7f4494ec9	154740f503934230	Classical.choice,Quot.sound,propext	∀ {M : Minidregg.Theory.CredentialAuthorityState.Materializer} {pre : Minidregg.Theory.CredentialAuthorityState.Cell M} {expectedPreRoot : Minidregg.Theory.TypedAuthorization.Digest} (declaration : Minidregg.Theory.CredentialAuthorityEffects.RotateEpochDeclaration) (validated : Minidregg.Theory.CellState.ValidatedPatch M pre expectedPreRoot (declaration.patch pre.logical)), declaration.target.SourceFramed pre.logical validated.apply.logical
def	Minidregg.Theory.CredentialAuthorityEffects.RotateEpochDeclaration.target	63dfa69b3f9f93f06026dd7a954c20f36d383011d881b466f41251faa4313bf1	223823b46d7f4662cb5f3a35e991208c6a96dcb6275634173071b0d7e503d2d8	b3c6fd1c8c998723256ec75a2c4e78322f70fd235a05150e21b87c526c47cd4a	e2d4134f88963d2c	-	Minidregg.Theory.CredentialAuthorityEffects.RotateEpochDeclaration → Minidregg.Theory.CredentialAuthorityEffects.EpochTarget
inductive	Minidregg.Theory.CredentialAuthorityEffects.RotateEpochEvidence	c2df84fb51677cd361d9e0576a20ba1b71a493a6c80e03cea0ca52eb55222a18	158380131cf9bd342b6c6c9b9d5efd7fa730f0e284419475580d0ea2156f2f68	53a110b33ac9c0f28dd80754496984c03f23b4f8f597dac9573b9b118b743e35	0d4bc1af41c06f58		{M : Minidregg.Theory.CredentialAuthorityState.Materializer} → Minidregg.Theory.CredentialAuthorityState.Cell M → Minidregg.Theory.CredentialAuthorityEffects.RotateEpochDeclaration → Type
theorem	Minidregg.Theory.CredentialAuthorityEffects.RotateEpochEvidence.currentExact	7329bd166d2a5946d930a78ec9e42bcbf3663e82cbad2efded777af687f259f1	86ffbac5d461263745ec158c0b1bdea64261c26890aff66180c8e5ca06098e30	7d2fae6a8f4d17349e25cdfc68270707d9012d77afb382625082327b75f89e11	63cfbc8d4f4da249	Classical.choice,Quot.sound,propext	∀ {M : Minidregg.Theory.CredentialAuthorityState.Materializer} {pre : Minidregg.Theory.CredentialAuthorityState.Cell M} {declaration : Minidregg.Theory.CredentialAuthorityEffects.RotateEpochDeclaration} (self : Minidregg.Theory.CredentialAuthorityEffects.RotateEpochEvidence pre declaration), Minidregg.Theory.CredentialAuthorityEffects.EpochTarget.read pre declaration.target = declaration.expectedEpoch
ctor	Minidregg.Theory.CredentialAuthorityEffects.RotateEpochEvidence.mk	25d344fa9cf2a89eb5743de1ede2e141e5b018239d802b21e901180cddd24a7d	b3d4ba4887be60539e1adf6093247cbec9f4d084aa3da39f087b999581a067c9	a3c347be79bdc60b35a8070560a3372ebab3f50ca54c94b22cd68162f6668451	cd9181f9dbb831b3		{M : Minidregg.Theory.CredentialAuthorityState.Materializer} → {pre : Minidregg.Theory.CredentialAuthorityState.Cell M} → {declaration : Minidregg.Theory.CredentialAuthorityEffects.RotateEpochDeclaration} → declaration.expectedPreRoot = Minidregg.Theory.CellState.Materialized.root pre → Minidregg.Theory.CredentialAuthorityEffects.EpochTarget.read pre declaration.target = declaration.expectedEpoch → declaration.nextEpoch = declaration.expectedEpoch + 1 → Minidregg.Theory.CredentialAuthorityEffects.RotateEpochEvidence pre declaration
theorem	Minidregg.Theory.CredentialAuthorityEffects.RotateEpochEvidence.preRootExact	7f458c354272b3bc771fb244aca807c2b9442d704b9d4e21ef83cb3c69c5a574	3b933d9dc9d482ae6459cc997fa96aa0426c6e9d3e855819f54409591a0a1986	7d38e70137b80f7e64fa2b39000a3c7786b72d710db89739349feb1eacd0c48f	0ee901fd55f882ac	Classical.choice,Quot.sound,propext	∀ {M : Minidregg.Theory.CredentialAuthorityState.Materializer} {pre : Minidregg.Theory.CredentialAuthorityState.Cell M} {declaration : Minidregg.Theory.CredentialAuthorityEffects.RotateEpochDeclaration} (self : Minidregg.Theory.CredentialAuthorityEffects.RotateEpochEvidence pre declaration), declaration.expectedPreRoot = Minidregg.Theory.CellState.Materialized.root pre
theorem	Minidregg.Theory.CredentialAuthorityEffects.RotateEpochEvidence.successorExact	ce6e767239f4c7b55b67a8e497d2c32002a1cb49b79d6075b5cf35a5dd01cc76	ef50b2a310930e752a9347b780c3c9d8c21ad3d8f19a1d53b8689e09a295a44a	0b77e51ef70ab3ddb94c37bb671b10bdf81b5d89b6588bfc80ca5c3af6c1b625	7007161b9a47239e	Classical.choice,Quot.sound,propext	∀ {M : Minidregg.Theory.CredentialAuthorityState.Materializer} {pre : Minidregg.Theory.CredentialAuthorityState.Cell M} {declaration : Minidregg.Theory.CredentialAuthorityEffects.RotateEpochDeclaration} (self : Minidregg.Theory.CredentialAuthorityEffects.RotateEpochEvidence pre declaration), declaration.nextEpoch = declaration.expectedEpoch + 1
def	Minidregg.Theory.CredentialAuthorityEffects.acceptAttenuation	e59079cb1c325fa57ddf94ab7eeae50a854108750d79e5b8180fd5806bd0d5df	541b0d1debc2fed2afa363dfe55983b35000dd643c524a67aeaf167e1106311c	107f9b280bf0bf2b54d7f3e71963829f662f9e61666bc6860c5450aaa218398a	c5fb9472fd017d98	Classical.choice,Quot.sound,propext	{M : Minidregg.Theory.CredentialAuthorityState.Materializer} → (pre : Minidregg.Theory.CredentialAuthorityState.Cell M) → (context : Minidregg.Theory.CredentialAuthorityEffects.RequestContext) → {portal : Minidregg.Theory.TypedAuthorization.Portal} → {kind : Minidregg.Theory.TypedAuthorization.ResourceKind} → {request : Minidregg.Theory.TypedAuthorization.Request kind} → (codec : Minidregg.Theory.IndexedProgram.LawfulCodec (Minidregg.Theory.CredentialAuthorityEffects.AttenuateDeclaration kind)) → (parentCodec : Minidregg.Theory.IndexedProgram.LawfulCodec (Minidregg.Theory.CredentialAuthorityState.StoredCapability kind)) → (effectDigest : Minidregg.Theory.CredentialAuthorityEffects.AttenuateDeclaration kind → Minidregg.Theory.TypedAuthorization.Digest) → (declaration : Minidregg.Theory.CredentialAuthorityEffects.AttenuateDeclaration kind) → (parent : Minidregg.Theory.CredentialAuthorityState.StoredCapability kind) → Minidregg.Theory.TypedAuthorization.Authorized portal (Minidregg.Theory.CredentialAuthorityState.authState pre) request → ⟨kind, request⟩ = context.request codec effectDigest (Minidregg.Theory.CellState.Materialized.root pre) declaration.operationNullifier declaration → request.effectsDigest = effectDigest declaration → request.preStateRoot = Minidregg.Theory.CellState.Materialized.root pre → Minidregg.Theory.CredentialAuthorityEffects.AttenuateEvidence pre declaration parent → Minidregg.Theory.AcceptedCellEffect (Minidregg.Theory.CredentialAuthorityEffects.attenuateFamily pre codec parentCodec effectDigest context) request pre declaration parent
def	Minidregg.Theory.CredentialAuthorityEffects.acceptDelegation	43a5acc5a5513b11375337df7225fda796be9ba5901a121afccb751e3b508f9e	4fb64a79a7d47376a53c1dbf6d9ff0b2c8211bb67f6ff4e3dc998c0bee9636f3	fa62da689000846c2ec4fcecaf6f69ba7e4b657f781ceb0060cb652ac714b314	47a57fc05c78bd4f	Classical.choice,Quot.sound,propext	{M : Minidregg.Theory.CredentialAuthorityState.Materializer} → (pre : Minidregg.Theory.CredentialAuthorityState.Cell M) → (portal : Minidregg.Theory.TypedAuthorization.Portal) → (context : Minidregg.Theory.CredentialAuthorityEffects.DelegationContext) → {kind : Minidregg.Theory.TypedAuthorization.ResourceKind} → (codec : Minidregg.Theory.IndexedProgram.LawfulCodec (Minidregg.Theory.CredentialAuthorityEffects.DelegateDeclaration kind)) → (parentCodec : Minidregg.Theory.IndexedProgram.LawfulCodec (Minidregg.Theory.CredentialAuthorityState.StoredCapability kind)) → (effectDigest : Minidregg.Theory.CredentialAuthorityEffects.DelegateDeclaration kind → Minidregg.Theory.TypedAuthorization.Digest) → (declaration : Minidregg.Theory.CredentialAuthorityEffects.DelegateDeclaration kind) → (parent : Minidregg.Theory.CredentialAuthorityState.StoredCapability kind) → Minidregg.Theory.CredentialAuthorityEffects.DelegationEvidence pre portal context codec effectDigest declaration parent → Minidregg.Theory.AcceptedCellEffect (Minidregg.Theory.CredentialAuthorityEffects.delegateFamily pre portal context codec parentCodec effectDigest) (context.request codec effectDigest pre declaration) pre declaration parent
def	Minidregg.Theory.CredentialAuthorityEffects.acceptEpochRotation	d9c72400af55928b77eb1904f50590dcf630fc499ee758e0c207da7b5b290021	975a26ad1012fd26a46bfdd660384d2b8743d33d33fdd135a46120200f822d16	8f83b9b86c52ad4ebd4034b1eb2d499ddebc7158d27a607ec9d12fef80e4534c	afe9f37d9d6f5603	Classical.choice,Quot.sound,propext	{M : Minidregg.Theory.CredentialAuthorityState.Materializer} → (pre : Minidregg.Theory.CredentialAuthorityState.Cell M) → (context : Minidregg.Theory.CredentialAuthorityEffects.RequestContext) → {portal : Minidregg.Theory.TypedAuthorization.Portal} → {kind : Minidregg.Theory.TypedAuthorization.ResourceKind} → {request : Minidregg.Theory.TypedAuthorization.Request kind} → (codec : Minidregg.Theory.IndexedProgram.LawfulCodec Minidregg.Theory.CredentialAuthorityEffects.RotateEpochDeclaration) → (effectDigest : Minidregg.Theory.CredentialAuthorityEffects.RotateEpochDeclaration → Minidregg.Theory.TypedAuthorization.Digest) → (declaration : Minidregg.Theory.CredentialAuthorityEffects.RotateEpochDeclaration) → Minidregg.Theory.TypedAuthorization.Authorized portal (Minidregg.Theory.CredentialAuthorityState.authState pre) request → ⟨kind, request⟩ = context.request codec effectDigest (Minidregg.Theory.CellState.Materialized.root pre) declaration.operationNullifier declaration → request.effectsDigest = effectDigest declaration → request.preStateRoot = Minidregg.Theory.CellState.Materialized.root pre → Minidregg.Theory.CredentialAuthorityEffects.RotateEpochEvidence pre declaration → Minidregg.Theory.AcceptedCellEffect (Minidregg.Theory.CredentialAuthorityEffects.rotateEpochFamily pre codec effectDigest context) request pre declaration ()
def	Minidregg.Theory.CredentialAuthorityEffects.acceptIssue	c2f71d1d06c66f7291c2ea7a3d97d50b41c07a5157da8f9b7958b5a0dbe842f4	09075b78d340a767e696b8588503f119434a3b757aba29e55c1241bf039213cc	ee6999de56520f3f92970722b3407427ed7014281b19756316af7e0968effbeb	877f6e137cda0119	Classical.choice,Quot.sound,propext	{M : Minidregg.Theory.CredentialAuthorityState.Materializer} → (pre : Minidregg.Theory.CredentialAuthorityState.Cell M) → (context : Minidregg.Theory.CredentialAuthorityEffects.RequestContext) → {portal : Minidregg.Theory.TypedAuthorization.Portal} → {kind : Minidregg.Theory.TypedAuthorization.ResourceKind} → {request : Minidregg.Theory.TypedAuthorization.Request kind} → (codec : Minidregg.Theory.IndexedProgram.LawfulCodec (Minidregg.Theory.CredentialAuthorityEffects.IssueDeclaration kind)) → (effectDigest : Minidregg.Theory.CredentialAuthorityEffects.IssueDeclaration kind → Minidregg.Theory.TypedAuthorization.Digest) → (declaration : Minidregg.Theory.CredentialAuthorityEffects.IssueDeclaration kind) → Minidregg.Theory.TypedAuthorization.Authorized portal (Minidregg.Theory.CredentialAuthorityState.authState pre) request → ⟨kind, request⟩ = context.request codec effectDigest (Minidregg.Theory.CellState.Materialized.root pre) declaration.operationNullifier declaration → request.effectsDigest = effectDigest declaration → request.preStateRoot = Minidregg.Theory.CellState.Materialized.root pre → Minidregg.Theory.CredentialAuthorityEffects.IssueEvidence pre declaration → Minidregg.Theory.AcceptedCellEffect (Minidregg.Theory.CredentialAuthorityEffects.issueFamily pre codec effectDigest context) request pre declaration ()
def	Minidregg.Theory.CredentialAuthorityEffects.acceptRevocation	db9d265f10141d33bc7a08834579e546362b2c36f18fbf34b83c9c950e593272	b96e136d3291d2c938e6468bef527e4e5c070420a2ba0a8487a2de8733f71c0a	2c471dfa26c4ecbcd14b3db8c6ab2d7840db63e857a6f6c371a6cc7ffd48ab08	a2f9e977765d232d	Classical.choice,Quot.sound,propext	{M : Minidregg.Theory.CredentialAuthorityState.Materializer} → (pre : Minidregg.Theory.CredentialAuthorityState.Cell M) → (context : Minidregg.Theory.CredentialAuthorityEffects.RequestContext) → {portal : Minidregg.Theory.TypedAuthorization.Portal} → {kind : Minidregg.Theory.TypedAuthorization.ResourceKind} → {request : Minidregg.Theory.TypedAuthorization.Request kind} → (codec : Minidregg.Theory.IndexedProgram.LawfulCodec Minidregg.Theory.CredentialAuthorityEffects.RevokeDeclaration) → (effectDigest : Minidregg.Theory.CredentialAuthorityEffects.RevokeDeclaration → Minidregg.Theory.TypedAuthorization.Digest) → (declaration : Minidregg.Theory.CredentialAuthorityEffects.RevokeDeclaration) → Minidregg.Theory.TypedAuthorization.Authorized portal (Minidregg.Theory.CredentialAuthorityState.authState pre) request → ⟨kind, request⟩ = context.request codec effectDigest (Minidregg.Theory.CellState.Materialized.root pre) declaration.operationNullifier declaration → request.effectsDigest = effectDigest declaration → request.preStateRoot = Minidregg.Theory.CellState.Materialized.root pre → Minidregg.Theory.CredentialAuthorityEffects.RevokeEvidence pre declaration → Minidregg.Theory.AcceptedCellEffect (Minidregg.Theory.CredentialAuthorityEffects.revokeFamily pre codec effectDigest context) request pre declaration ()
theorem	Minidregg.Theory.CredentialAuthorityEffects.apply_creation_member	819534e411ca90b1bc1d0a70989e3e2a31cb7431602b23f12d1ce302586bc91a	01a8f1f05d3bc13d3eea0cea33b1b02123e24d6b70ca2dc717aea17a1b99c81d	ec005cc86f6c7c4ee14a00098e723997cb31f48d14d1ecb2051bd32a4740d8ca	b723a5cafde94cea	Classical.choice,Quot.sound,propext	∀ {M : Minidregg.Theory.CredentialAuthorityState.Materializer} {pre : Minidregg.Theory.CredentialAuthorityState.Cell M} {expectedPreRoot : Minidregg.Theory.TypedAuthorization.Digest} {record : Minidregg.Theory.Store.Entry Minidregg.Theory.CredentialAuthorityState.layout} {key : Minidregg.Theory.TypedAuthorization.RevocationKey} (validated : Minidregg.Theory.CellState.ValidatedPatch M pre expectedPreRoot (Minidregg.Theory.CredentialAuthorityEffects.assignAll pre.logical [record, Minidregg.Theory.CredentialAuthorityEffects.registrationEntry key])), Minidregg.Theory.CredentialAuthorityState.layout.discipline record.fst.fst = Minidregg.Theory.Store.Discipline.ram → ∀ entry ∈ [record, Minidregg.Theory.CredentialAuthorityEffects.registrationEntry key], validated.apply.logical entry.fst = Option.some entry.snd
theorem	Minidregg.Theory.CredentialAuthorityEffects.apply_single	2a95b6396924c584d9c09e616445c3217f60a9a6f7931113f6b388bf87421d14	d856e39f5b7d242bf94e06145d205f8928f664476b7f4371d7ec1f5a986a9cb8	4f41c05b742d0f335fbcaf0f15b8670d99928a19f3aaee5c7932c0f413ed36ed	8e35cedd40e0b86b	Classical.choice,Quot.sound,propext	∀ {M : Minidregg.Theory.CredentialAuthorityState.Materializer} {pre : Minidregg.Theory.CredentialAuthorityState.Cell M} {expectedPreRoot : Minidregg.Theory.TypedAuthorization.Digest} {record : Minidregg.Theory.Store.Entry Minidregg.Theory.CredentialAuthorityState.layout} (validated : Minidregg.Theory.CellState.ValidatedPatch M pre expectedPreRoot (Minidregg.Theory.CredentialAuthorityEffects.assignAll pre.logical [record])), validated.apply.logical record.fst = Option.some record.snd
def	Minidregg.Theory.CredentialAuthorityEffects.assignAll	7509bbafe0edec883b87ab086d8b8dbe061892964127f63f8b65fb634131a8ea	1aff14ec14e13f03af17daf24ecb059c86b98ff477bb91dffb0c9539b385eb69	3d56ecfaa9ca70f7813a6b89cc2d1d4d297c19f41cda1125cd9734766fdefd95	d0a03d3481cafc0c	Classical.choice,Quot.sound,propext	Minidregg.Theory.Store.Store Minidregg.Theory.CredentialAuthorityState.layout → List (Minidregg.Theory.Store.Entry Minidregg.Theory.CredentialAuthorityState.layout) → Minidregg.Theory.Store.Patch Minidregg.Theory.CredentialAuthorityState.layout
theorem	Minidregg.Theory.CredentialAuthorityEffects.assignAll_refused_of_changed	a8034ceb2d8263a0990607a3b86aef8bc9154e823a36611d5086a32c4340f216	2fd7a40373ffbd88e342add9b4604308608f68363f164ea0627e0358ee2f8256	a4e543c1f410e6ef908eb76504b22bcd2a266f7fcbac1b3adb8e01cccc40963a	50e025fc1f95946b	Classical.choice,Quot.sound,propext	∀ (store other : Minidregg.Theory.Store.Store Minidregg.Theory.CredentialAuthorityState.layout) (entry : Minidregg.Theory.Store.Entry Minidregg.Theory.CredentialAuthorityState.layout) (rest : List (Minidregg.Theory.Store.Entry Minidregg.Theory.CredentialAuthorityState.layout)), other entry.fst ≠ store entry.fst → ¬Minidregg.Theory.Store.Patch.ValidFrom other (Minidregg.Theory.CredentialAuthorityEffects.assignAll store (entry :: rest))
theorem	Minidregg.Theory.CredentialAuthorityEffects.assignAll_valid	b7a5751708f767e8e568cca5618761c8b0669b52ee4b5b28b736aba3b9f297e9	3790e4c515b5d6c8bf37f5d19c43791a7ca0e4e5db4fc6dffe2add10e50705cd	aaa4443f2f5cb10ad8fe68fe5c8e3a803693a7470d5d01ae78f89bb19dd8bc22	ec18e2fed1e22fc9	Classical.choice,Quot.sound,propext	∀ (store : Minidregg.Theory.Store.Store Minidregg.Theory.CredentialAuthorityState.layout) (entries : List (Minidregg.Theory.Store.Entry Minidregg.Theory.CredentialAuthorityState.layout)), Minidregg.Theory.CredentialAuthorityEffects.AssignableAll store entries → Minidregg.Theory.Store.Patch.ValidFrom store (Minidregg.Theory.CredentialAuthorityEffects.assignAll store entries)
theorem	Minidregg.Theory.CredentialAuthorityEffects.assignAll_valid_iff	8e5fbc4af361ded2f6b59caacc7a427e659f974dc45e1da1fd35bee2ace6c5cc	80a09bca021e1b99a5430eb413e5f52da7562e0cb7950c47459a0eb95de5b289	d8c78e9906a7e771b765a1c6b4126c61c6c561d00212a2af329a569b3ef05cef	a2c3480dbd1f6dd9	Classical.choice,Quot.sound,propext	∀ (store : Minidregg.Theory.Store.Store Minidregg.Theory.CredentialAuthorityState.layout) (entries : List (Minidregg.Theory.Store.Entry Minidregg.Theory.CredentialAuthorityState.layout)), Minidregg.Theory.Store.Patch.ValidFrom store (Minidregg.Theory.CredentialAuthorityEffects.assignAll store entries) ↔ Minidregg.Theory.CredentialAuthorityEffects.AssignableAll store entries
theorem	Minidregg.Theory.CredentialAuthorityEffects.assignAll_writeFootprint	ef88e50f3e71e306277b4217807fbc559ec7b00e9b7672a75980fcd9beb9c927	4d729099d9f9af34a4c14a771ef40e94354e45f0bbf9739d9d68a334cb838e58	b128dfeaa403578610243cf36f88f378d6c6e5a27077c592b1134ca30b9333a5	e1d84cf326cf56ac	Classical.choice,Quot.sound,propext	∀ (store : Minidregg.Theory.Store.Store Minidregg.Theory.CredentialAuthorityState.layout) (entries : List (Minidregg.Theory.Store.Entry Minidregg.Theory.CredentialAuthorityState.layout)), (Minidregg.Theory.CredentialAuthorityEffects.assignAll store entries).writeFootprint = (List.map Sigma.fst entries).toFinset
def	Minidregg.Theory.CredentialAuthorityEffects.assignOp	10e0ff943275abf95792175b572a4af32eaa1ee28b9fdc8b08d978f32b96de2b	558ecec7d05d529d0208d85fe9163cf02d8da679aaab53a5d8cc04ff6fbb20a1	ad7ec5800a95a7de79f6fe0ef8c5133ec834a09cc3c04c26373e0f830ed35aaa	b8ecee34d64c344c	Classical.choice,Quot.sound,propext	Minidregg.Theory.Store.Store Minidregg.Theory.CredentialAuthorityState.layout → (address : Minidregg.Theory.Store.Address Minidregg.Theory.CredentialAuthorityState.layout) → Minidregg.Theory.CredentialAuthorityState.layout.Value address.fst → Minidregg.Theory.Store.Op Minidregg.Theory.CredentialAuthorityState.layout
theorem	Minidregg.Theory.CredentialAuthorityEffects.assignOp_apply	a6128be70493218d17f5adb9493524f4c747643ec4d3b5163e250bf5d876f3d7	a72692fac034b22974950a1c219f452b958d6ca6e522ceb5eaf4b7c433afff27	51c0d092285670dea3cfa54e06ae61af7ee1f5653d0e2084f92a0409b8d1a601	c2230df4ea8d152c	Classical.choice,Quot.sound,propext	∀ (store : Minidregg.Theory.Store.Store Minidregg.Theory.CredentialAuthorityState.layout) (address : Minidregg.Theory.Store.Address Minidregg.Theory.CredentialAuthorityState.layout) (value : Minidregg.Theory.CredentialAuthorityState.layout.Value address.fst), Minidregg.Theory.Store.Op.apply store (Minidregg.Theory.CredentialAuthorityEffects.assignOp store address value) = store.set address (Option.some value)
theorem	Minidregg.Theory.CredentialAuthorityEffects.assignOp_enabled	105710280e3584f5d5cef513ee9fafc017b3c362d815ba917344b2c2479f333e	f000fdca346aadecd696dd0926f0f0390bffdd166f7972fdc359df553d3a7239	32ac32a369f09bc304fb77a6b65ee720853ae1e7dafbb096f68af7b35750bc92	7706fc539208bd55	Classical.choice,Quot.sound,propext	∀ (store : Minidregg.Theory.Store.Store Minidregg.Theory.CredentialAuthorityState.layout) (address : Minidregg.Theory.Store.Address Minidregg.Theory.CredentialAuthorityState.layout) (value : Minidregg.Theory.CredentialAuthorityState.layout.Value address.fst), Minidregg.Theory.CredentialAuthorityEffects.Assignable store address → Minidregg.Theory.Store.Op.Enabled store (Minidregg.Theory.CredentialAuthorityEffects.assignOp store address value)
theorem	Minidregg.Theory.CredentialAuthorityEffects.assignOp_enabled_iff	ee10f9106061c5d3959cf997633c16d75c2e845c2dce78d772fc20cf8725549a	36349cf1cb5b35eb5f2f6e59d4b29e77331f262d946a4c8001ff529c4f048815	04a66317f4f345893f29c76eb8446be045a81cc2ec9455d3f37c6f7f93691130	c22d0625d6b7a659	Classical.choice,Quot.sound,propext	∀ (store : Minidregg.Theory.Store.Store Minidregg.Theory.CredentialAuthorityState.layout) (address : Minidregg.Theory.Store.Address Minidregg.Theory.CredentialAuthorityState.layout) (value : Minidregg.Theory.CredentialAuthorityState.layout.Value address.fst), Minidregg.Theory.Store.Op.Enabled store (Minidregg.Theory.CredentialAuthorityEffects.assignOp store address value) ↔ Minidregg.Theory.CredentialAuthorityEffects.Assignable store address
theorem	Minidregg.Theory.CredentialAuthorityEffects.assignOp_not_enabled_of_ne	68d2133c785eb3b22612f9576bd09bbda89c84ec58d9c0c49c3580d2bd98f488	6f3939ec142a5922e94442da51004f8d21fba3581df5bc9165040d6bc5028964	21945e1d10547efcc2e51cc483d4112988fbc457519b17bb0543563e671d2051	496ee1d65c10cd52	Classical.choice,Quot.sound,propext	∀ (store other : Minidregg.Theory.Store.Store Minidregg.Theory.CredentialAuthorityState.layout) (address : Minidregg.Theory.Store.Address Minidregg.Theory.CredentialAuthorityState.layout) (value : Minidregg.Theory.CredentialAuthorityState.layout.Value address.fst), other address ≠ store address → ¬Minidregg.Theory.Store.Op.Enabled other (Minidregg.Theory.CredentialAuthorityEffects.assignOp store address value)
theorem	Minidregg.Theory.CredentialAuthorityEffects.assignOp_writeAddress	d128d72ca58bfe4eb26832c9f892677b5f1fe85e73071989f3d59edc53028ca2	2a0fd012ba2a8c9551b44feb7ada97661ae72a0d561b4aedb3c4f1ffd10ff619	f1f4eba3f98b2ea531d0a90b376a587317b79af3766a208c0623b4d03f076479	541039c0d2f4dc2e	Classical.choice,Quot.sound,propext	∀ (store : Minidregg.Theory.Store.Store Minidregg.Theory.CredentialAuthorityState.layout) (address : Minidregg.Theory.Store.Address Minidregg.Theory.CredentialAuthorityState.layout) (value : Minidregg.Theory.CredentialAuthorityState.layout.Value address.fst), (Minidregg.Theory.CredentialAuthorityEffects.assignOp store address value).writeAddress? = Option.some address
theorem	Minidregg.Theory.CredentialAuthorityEffects.assignableAll_append_last	c7fbec9ed176ec8b081c11c758c12a9e99cabe44946fe9a56b33683b57210741	6851892bf9f395bcd70736328334d6a14e6ec8e445a78ea8e0504c88e2166240	56fd5d22b88cb6bc4d6baccf60d55e4349dada05f8505e220183e2b92ee2ce8f	278557f7a3715add	Classical.choice,Quot.sound,propext	∀ (store : Minidregg.Theory.Store.Store Minidregg.Theory.CredentialAuthorityState.layout) (front : List (Minidregg.Theory.Store.Entry Minidregg.Theory.CredentialAuthorityState.layout)) (last : Minidregg.Theory.Store.Entry Minidregg.Theory.CredentialAuthorityState.layout), Minidregg.Theory.CredentialAuthorityEffects.AssignableAll store (front ++ [last]) → Minidregg.Theory.CredentialAuthorityEffects.Assignable (Minidregg.Theory.CredentialAuthorityEffects.setAll store front) last.fst
theorem	Minidregg.Theory.CredentialAuthorityEffects.assignableAll_creation	0841b6705fdaed4a81163571706d300ca42ea706e23ac22c564a1b81bc66b5ee	bcfa980c88e501749f9b70de7e8f7f21d33c4f582d3fbfefc94168a60dfac2b0	4822af5bfead215f75b8b69fd68f01bfadca8c1c23103fd66f624a053e1c28a8	10d4eaac3f6b3310	Classical.choice,Quot.sound,propext	∀ {M : Minidregg.Theory.CredentialAuthorityState.Materializer} (pre : Minidregg.Theory.CredentialAuthorityState.Cell M) (record : Minidregg.Theory.Store.Entry Minidregg.Theory.CredentialAuthorityState.layout) (key : Minidregg.Theory.TypedAuthorization.RevocationKey), Minidregg.Theory.CredentialAuthorityState.layout.discipline record.fst.fst = Minidregg.Theory.Store.Discipline.ram → Minidregg.Theory.CredentialAuthorityState.isRegistered pre key = Bool.false → Minidregg.Theory.CredentialAuthorityEffects.AssignableAll pre.logical [record, Minidregg.Theory.CredentialAuthorityEffects.registrationEntry key]
theorem	Minidregg.Theory.CredentialAuthorityEffects.assignableAll_of_nodup	3f62ed5d3762caba4837dd82115599519fb7fee1c5b0ed0ad9a5e9418e1c5e57	83963561d271cc628791ab567bace7ff6a32ae12d861782e67102b3b095bd7cf	91f9ac2c56649c8b2af10551c5466559177329ccdaa9957f362b66f4d7edd5d4	661a3a8783ed03dc	Classical.choice,Quot.sound,propext	∀ (store : Minidregg.Theory.Store.Store Minidregg.Theory.CredentialAuthorityState.layout) (entries : List (Minidregg.Theory.Store.Entry Minidregg.Theory.CredentialAuthorityState.layout)), (List.map Sigma.fst entries).Nodup → (∀ entry ∈ entries, Minidregg.Theory.CredentialAuthorityEffects.Assignable store entry.fst) → Minidregg.Theory.CredentialAuthorityEffects.AssignableAll store entries
theorem	Minidregg.Theory.CredentialAuthorityEffects.assignableAll_of_ram	944ef53fc4c1c87171f7cac1899792ffbfe15fda6247b62c3902a822769ee698	0ea87ad0b1a6ef520ba62cc61e53be72f19ce3a09e4446b689eb935f9ed3dea9	ecacaf33efc5eeeff5bdccfb8e6e22a04a7eedbb5890e40c997f9b02dd12f211	ecf1efb0c42a2dd6	Classical.choice,Quot.sound,propext	∀ (store : Minidregg.Theory.Store.Store Minidregg.Theory.CredentialAuthorityState.layout) (entries : List (Minidregg.Theory.Store.Entry Minidregg.Theory.CredentialAuthorityState.layout)), (∀ entry ∈ entries, Minidregg.Theory.CredentialAuthorityState.layout.discipline entry.fst.fst = Minidregg.Theory.Store.Discipline.ram) → Minidregg.Theory.CredentialAuthorityEffects.AssignableAll store entries
theorem	Minidregg.Theory.CredentialAuthorityEffects.assignableAll_ram_append_iff	bb27a3609d8298d1d40c1448e7c0bce7d2595acc40c19fce6869397362c49a97	c382ae2252181698895dbc79f69e1297983dbac0bf589140744eb2395eb9b65d	e1076a3078094100947a4efffe38084e88e9f1af4acdd48b688f5227a630ce14	a3cb75471ed0a63f	Classical.choice,Quot.sound,propext	∀ (store : Minidregg.Theory.Store.Store Minidregg.Theory.CredentialAuthorityState.layout) (ram : List (Minidregg.Theory.Store.Entry Minidregg.Theory.CredentialAuthorityState.layout)) (last : Minidregg.Theory.Store.Entry Minidregg.Theory.CredentialAuthorityState.layout), (∀ entry ∈ ram, Minidregg.Theory.CredentialAuthorityState.layout.discipline entry.fst.fst = Minidregg.Theory.Store.Discipline.ram) → (Minidregg.Theory.CredentialAuthorityEffects.AssignableAll store (ram ++ [last]) ↔ Minidregg.Theory.CredentialAuthorityEffects.Assignable store last.fst)
theorem	Minidregg.Theory.CredentialAuthorityEffects.assignableAll_single	0546e8c089ba299470db5702b7ae32830c6aedefa78beb015f85304c1fe92aaf	ff4757963423dc9d76bb317967d74afd5efad6a6a289737f7e9a5f6f9db6c90c	f032e355173b6ea2c24053b598d2856e1e5e67ff85fd8d73fe9ad06e0c6881be	9f038ad45372261e	Classical.choice,Quot.sound,propext	∀ (store : Minidregg.Theory.Store.Store Minidregg.Theory.CredentialAuthorityState.layout) (record : Minidregg.Theory.Store.Entry Minidregg.Theory.CredentialAuthorityState.layout), Minidregg.Theory.CredentialAuthorityEffects.Assignable store record.fst → Minidregg.Theory.CredentialAuthorityEffects.AssignableAll store [record]
theorem	Minidregg.Theory.CredentialAuthorityEffects.assignable_of_absent	8e1509586f1756765fa2edd3e121cc3baa222e125abd91e2c1aea395532dd762	6b0f18852601bf1dca488638b38558a1389abd9671b7025c897a5e94eec3620a	840e782411e9e2c3f67b249af45353f78bbfc04649858d0074ed16af8b576a35	1c606cdeb3183ecf	Classical.choice,Quot.sound,propext	∀ (store : Minidregg.Theory.Store.Store Minidregg.Theory.CredentialAuthorityState.layout) (address : Minidregg.Theory.Store.Address Minidregg.Theory.CredentialAuthorityState.layout), (store address).isSome = Bool.false → Minidregg.Theory.CredentialAuthorityEffects.Assignable store address
theorem	Minidregg.Theory.CredentialAuthorityEffects.assignable_of_ram	6b87a552878339779a235f5a5bad3497e5448a539db3716eae3de66735211d8e	413ac35db0a576a84110bb9f6d921c0c553725d546db24849795f70e786038a2	1082bb2fda799231b7389a62fe83c1bc53aafbb7d5ce71777d1e37330a98f8c8	3f2b995e1d3281d9	Classical.choice,Quot.sound,propext	∀ (store : Minidregg.Theory.Store.Store Minidregg.Theory.CredentialAuthorityState.layout) (address : Minidregg.Theory.Store.Address Minidregg.Theory.CredentialAuthorityState.layout), Minidregg.Theory.CredentialAuthorityState.layout.discipline address.fst = Minidregg.Theory.Store.Discipline.ram → Minidregg.Theory.CredentialAuthorityEffects.Assignable store address
def	Minidregg.Theory.CredentialAuthorityEffects.attenuateFamily	cfc3a45f2928f1ef9df655240cc2e8772e201f740d057fc18674211ae2e8b66c	0022f490fa0a88b620bdf2c798a656684883441ff14fcb0efcf9f7e44f10b6bc	21612bfa55f8bd6ae68485b96b9af8841f7ff68b17adae498a48c13191a71627	1d056de199048656	Classical.choice,Quot.sound,propext	{M : Minidregg.Theory.CredentialAuthorityState.Materializer} → Minidregg.Theory.CredentialAuthorityState.Cell M → {kind : Minidregg.Theory.TypedAuthorization.ResourceKind} → Minidregg.Theory.IndexedProgram.LawfulCodec (Minidregg.Theory.CredentialAuthorityEffects.AttenuateDeclaration kind) → Minidregg.Theory.IndexedProgram.LawfulCodec (Minidregg.Theory.CredentialAuthorityState.StoredCapability kind) → (Minidregg.Theory.CredentialAuthorityEffects.AttenuateDeclaration kind → Minidregg.Theory.TypedAuthorization.Digest) → Minidregg.Theory.CredentialAuthorityEffects.RequestContext → Minidregg.Theory.SemanticEffectFamily Minidregg.Theory.CredentialAuthorityState.layout M Minidregg.Theory.CredentialAuthorityEffects.OperationNullifier
theorem	Minidregg.Theory.CredentialAuthorityEffects.attenuation_post_capability_exact	bb92c987eea6c97a3dbc4a048f579a003b2837fd05de5bbcbafd9fb6ec9bbc2b	a7b4876c163c3df7fbd9fabd7df418cd3e5b48b8c970ed7fdc2fb4956c7533f5	5f518ea190ecfa5dc9f53bd9967c85631059d386773df358a9277b6fa124c3c9	096396aba2f466bf	Classical.choice,Quot.sound,propext	∀ {context : Minidregg.Theory.CredentialAuthorityEffects.RequestContext} {M : Minidregg.Theory.CredentialAuthorityState.Materializer} {pre : Minidregg.Theory.CredentialAuthorityState.Cell M} {portal : Minidregg.Theory.TypedAuthorization.Portal} {kind : Minidregg.Theory.TypedAuthorization.ResourceKind} {request : Minidregg.Theory.TypedAuthorization.Request kind} {codec : Minidregg.Theory.IndexedProgram.LawfulCodec (Minidregg.Theory.CredentialAuthorityEffects.AttenuateDeclaration kind)} {parentCodec : Minidregg.Theory.IndexedProgram.LawfulCodec (Minidregg.Theory.CredentialAuthorityState.StoredCapability kind)} {effectDigest : Minidregg.Theory.CredentialAuthorityEffects.AttenuateDeclaration kind → Minidregg.Theory.TypedAuthorization.Digest} {declaration : Minidregg.Theory.CredentialAuthorityEffects.AttenuateDeclaration kind} {parent : Minidregg.Theory.CredentialAuthorityState.StoredCapability kind} (accepted : Minidregg.Theory.AcceptedCellEffect (Minidregg.Theory.CredentialAuthorityEffects.attenuateFamily pre codec parentCodec effectDigest context) request pre declaration parent), Minidregg.Theory.CredentialAuthorityState.readCapability accepted.prepared.post kind declaration.child.id = Option.some (Minidregg.Theory.CredentialAuthorityEffects.descendedCapability declaration.child parent)
theorem	Minidregg.Theory.CredentialAuthorityEffects.attenuation_post_lineage_anchored	486f0e05cbb79e3ff758e7ee357ccb5dc324e4984b416083e691a2468e2083a5	c49e14c19eb5b141a95e4afaaa4ddf4a684a62dad3617ad24100954ce8d3a849	ba065daf23bda5b7dae21a7bc99599c55e14e8b5970274d534f2ecbb818dae77	8f13f7396dd9eb9b	Classical.choice,Quot.sound,propext	∀ {context : Minidregg.Theory.CredentialAuthorityEffects.RequestContext} {M : Minidregg.Theory.CredentialAuthorityState.Materializer} {pre : Minidregg.Theory.CredentialAuthorityState.Cell M} {portal : Minidregg.Theory.TypedAuthorization.Portal} {kind : Minidregg.Theory.TypedAuthorization.ResourceKind} {request : Minidregg.Theory.TypedAuthorization.Request kind} {codec : Minidregg.Theory.IndexedProgram.LawfulCodec (Minidregg.Theory.CredentialAuthorityEffects.AttenuateDeclaration kind)} {parentCodec : Minidregg.Theory.IndexedProgram.LawfulCodec (Minidregg.Theory.CredentialAuthorityState.StoredCapability kind)} {effectDigest : Minidregg.Theory.CredentialAuthorityEffects.AttenuateDeclaration kind → Minidregg.Theory.TypedAuthorization.Digest} {declaration : Minidregg.Theory.CredentialAuthorityEffects.AttenuateDeclaration kind} {parent : Minidregg.Theory.CredentialAuthorityState.StoredCapability kind} (accepted : Minidregg.Theory.AcceptedCellEffect (Minidregg.Theory.CredentialAuthorityEffects.attenuateFamily pre codec parentCodec effectDigest context) request pre declaration parent), Minidregg.Theory.CredentialLineageAdmission.LineageAnchored accepted.prepared.post (Minidregg.Theory.CredentialAuthorityEffects.descendedCapability declaration.child parent)
theorem	Minidregg.Theory.CredentialAuthorityEffects.attenuation_post_lineage_valid	96a2e04b70eae580a2091eb8b065e6454c47620114a99ed35a420dfd3becc260	2a1e4fca8f321a1f1de61a9854b40c4fb7b63f510f8432abad9444ca848de799	ac2e102c51bcb6bff4dcf09a405fba06e34ab18f5e1e3509e8e462a21a34aa97	abe008663cb1cf64	Classical.choice,Quot.sound,propext	∀ {context : Minidregg.Theory.CredentialAuthorityEffects.RequestContext} {M : Minidregg.Theory.CredentialAuthorityState.Materializer} {pre : Minidregg.Theory.CredentialAuthorityState.Cell M} {portal : Minidregg.Theory.TypedAuthorization.Portal} {kind : Minidregg.Theory.TypedAuthorization.ResourceKind} {request : Minidregg.Theory.TypedAuthorization.Request kind} {codec : Minidregg.Theory.IndexedProgram.LawfulCodec (Minidregg.Theory.CredentialAuthorityEffects.AttenuateDeclaration kind)} {parentCodec : Minidregg.Theory.IndexedProgram.LawfulCodec (Minidregg.Theory.CredentialAuthorityState.StoredCapability kind)} {effectDigest : Minidregg.Theory.CredentialAuthorityEffects.AttenuateDeclaration kind → Minidregg.Theory.TypedAuthorization.Digest} {declaration : Minidregg.Theory.CredentialAuthorityEffects.AttenuateDeclaration kind} {parent : Minidregg.Theory.CredentialAuthorityState.StoredCapability kind} (accepted : Minidregg.Theory.AcceptedCellEffect (Minidregg.Theory.CredentialAuthorityEffects.attenuateFamily pre codec parentCodec effectDigest context) request pre declaration parent), ∃ stored, Minidregg.Theory.CredentialAuthorityState.readCapability accepted.prepared.post kind declaration.child.id = Option.some stored ∧ Minidregg.Theory.CredentialAuthorityState.LineageValid (Minidregg.Theory.CredentialAuthorityState.authState pre).parent stored
theorem	Minidregg.Theory.CredentialAuthorityEffects.attenuation_post_registered	2bac11f46db6b7dedb2eb3d2cc0dca34dc62a6656ee41c6285ed13955ab47563	1bb313169f825a2ef5a41fd3ec87e0f564705243091b7f5d96f21cf6545c4cac	322b48b65e212ae7fd42738b4432b26bf8853dbf464a7c68da5cadade6b0b47a	184691774c8905bf	Classical.choice,Quot.sound,propext	∀ {context : Minidregg.Theory.CredentialAuthorityEffects.RequestContext} {M : Minidregg.Theory.CredentialAuthorityState.Materializer} {pre : Minidregg.Theory.CredentialAuthorityState.Cell M} {portal : Minidregg.Theory.TypedAuthorization.Portal} {kind : Minidregg.Theory.TypedAuthorization.ResourceKind} {request : Minidregg.Theory.TypedAuthorization.Request kind} {codec : Minidregg.Theory.IndexedProgram.LawfulCodec (Minidregg.Theory.CredentialAuthorityEffects.AttenuateDeclaration kind)} {parentCodec : Minidregg.Theory.IndexedProgram.LawfulCodec (Minidregg.Theory.CredentialAuthorityState.StoredCapability kind)} {effectDigest : Minidregg.Theory.CredentialAuthorityEffects.AttenuateDeclaration kind → Minidregg.Theory.TypedAuthorization.Digest} {declaration : Minidregg.Theory.CredentialAuthorityEffects.AttenuateDeclaration kind} {parent : Minidregg.Theory.CredentialAuthorityState.StoredCapability kind} (accepted : Minidregg.Theory.AcceptedCellEffect (Minidregg.Theory.CredentialAuthorityEffects.attenuateFamily pre codec parentCodec effectDigest context) request pre declaration parent), Minidregg.Theory.CredentialAuthorityState.isRegistered accepted.prepared.post (Minidregg.Theory.TypedAuthorization.RevocationKey.capability declaration.child.id) = Bool.true
theorem	Minidregg.Theory.CredentialAuthorityEffects.authorization_consults_same_canonical_pre	f6e1f7c2bf8a5be1b0580c9a1f3a850eb305b840e3473af32c425cc16dcb2a73	58b1008ef06ddf24606553d70660ef29c20ffb90ec79b721cad258cffab88952	052407175b45b3bda14f159a1835ac7a5b1147fb5f5d46e1d31df0ad2eca89b2	11e4788797a5a909	Classical.choice,Quot.sound,propext	∀ {M : Minidregg.Theory.CredentialAuthorityState.Materializer} {pre : Minidregg.Theory.CredentialAuthorityState.Cell M} {portal : Minidregg.Theory.TypedAuthorization.Portal} {kind : Minidregg.Theory.TypedAuthorization.ResourceKind} {request : Minidregg.Theory.TypedAuthorization.Request kind} {family : Minidregg.Theory.SemanticEffectFamily Minidregg.Theory.CredentialAuthorityState.layout M Minidregg.Theory.CredentialAuthorityEffects.OperationNullifier} {declaration : family.Declaration} {outcome : family.Outcome declaration} (accepted : Minidregg.Theory.AcceptedCellEffect family request pre declaration outcome), request.preStateRoot = Minidregg.Theory.CellState.Materialized.root pre ∧ (Minidregg.Theory.CredentialAuthorityState.authState pre).capabilityRoot = Minidregg.Theory.CellState.Materialized.root pre ∧ (Minidregg.Theory.CredentialAuthorityState.authState pre).revocationRoot = Minidregg.Theory.CellState.Materialized.root pre
theorem	Minidregg.Theory.CredentialAuthorityEffects.capabilityProduction_preserves_present	20650dd82eb3a29bc8ec914c3c41093b12e303e43f017cafd72bb0bdf28ba5d8	35d7194c336ae1005f9e1e9d67f18afb676b533df2433bcb7be60199231be628	378dea70ffabebbc9bedde58b8f5a39e093785f2864c9f206d04dcb3359feea7	40f7c0874400ecfc	Classical.choice,Quot.sound,propext	∀ {M : Minidregg.Theory.CredentialAuthorityState.Materializer} {pre : Minidregg.Theory.CredentialAuthorityState.Cell M} {expectedPreRoot : Minidregg.Theory.TypedAuthorization.Digest} {patch : Minidregg.Theory.Store.Patch Minidregg.Theory.CredentialAuthorityState.layout} {kind : Minidregg.Theory.TypedAuthorization.ResourceKind} {identifier : Minidregg.Theory.TypedAuthorization.CapabilityId} (validated : Minidregg.Theory.CellState.ValidatedPatch M pre expectedPreRoot patch), patch.writeFootprint = {⟨Minidregg.Theory.CredentialAuthorityState.AuthorityPlane.capability kind, identifier⟩, ⟨Minidregg.Theory.CredentialAuthorityState.AuthorityPlane.registered, Minidregg.Theory.TypedAuthorization.RevocationKey.capability identifier⟩} → Minidregg.Theory.CredentialLineageAdmission.CapabilityIdFresh pre identifier → ∀ (otherKind : Minidregg.Theory.TypedAuthorization.ResourceKind) (otherId : Minidregg.Theory.TypedAuthorization.CapabilityId) (stored : Minidregg.Theory.CredentialAuthorityState.StoredCapability otherKind), Minidregg.Theory.CredentialAuthorityState.readCapability pre otherKind otherId = Option.some stored → Minidregg.Theory.CredentialAuthorityState.readCapability validated.apply otherKind otherId = Option.some stored
theorem	Minidregg.Theory.CredentialAuthorityEffects.creation_addresses_nodup	7e9a796859dfda5438a86420ba3f6af8c722ec6b5f6f240254b3caf889b9ecfe	644a8190c33194fa225228c37a0e998a68158203a7865e718c45e6f44c9b52ca	c314bcd20e8c0c278081812a2d2c8f7994b99ef880f9d2ed58bb4e201d4ab2d0	1782abc7fe918011	Classical.choice,Quot.sound,propext	∀ (record : Minidregg.Theory.Store.Entry Minidregg.Theory.CredentialAuthorityState.layout) (key : Minidregg.Theory.TypedAuthorization.RevocationKey), Minidregg.Theory.CredentialAuthorityState.layout.discipline record.fst.fst = Minidregg.Theory.Store.Discipline.ram → (List.map Sigma.fst [record, Minidregg.Theory.CredentialAuthorityEffects.registrationEntry key]).Nodup
def	Minidregg.Theory.CredentialAuthorityEffects.delegateFamily	6f28c8d94c54c5417e8196c62b66990da1dbeacaf52c2874c557f5991e9b1426	317b3e6ae121d1fa132d4c00050366b7b0c32c816fdc8b7926c87b282fdb8848	8026b5b9e199aaaa222363da0a29249e64e8b07f6c3a24ec41ce5c2db2103e0d	665f593e91db9e17	Classical.choice,Quot.sound,propext	{M : Minidregg.Theory.CredentialAuthorityState.Materializer} → Minidregg.Theory.CredentialAuthorityState.Cell M → Minidregg.Theory.TypedAuthorization.Portal → Minidregg.Theory.CredentialAuthorityEffects.DelegationContext → {kind : Minidregg.Theory.TypedAuthorization.ResourceKind} → Minidregg.Theory.IndexedProgram.LawfulCodec (Minidregg.Theory.CredentialAuthorityEffects.DelegateDeclaration kind) → Minidregg.Theory.IndexedProgram.LawfulCodec (Minidregg.Theory.CredentialAuthorityState.StoredCapability kind) → (Minidregg.Theory.CredentialAuthorityEffects.DelegateDeclaration kind → Minidregg.Theory.TypedAuthorization.Digest) → Minidregg.Theory.SemanticEffectFamily Minidregg.Theory.CredentialAuthorityState.layout M Minidregg.Theory.CredentialAuthorityEffects.OperationNullifier
def	Minidregg.Theory.CredentialAuthorityEffects.delegatedCapability	bafed9e283e3d37676b5f095af39d90210abacae92b29ae04d02b9b373404c7f	33b567f5dc00bef5f6b84de8a007050dfbd7a57b3a4f885d8d211518b8a13c3e	8df54c6f61d9e2efe9d673b4c9958a5b96bc419dfdbdc90e0a8c7125e251f504	4712ccc7159e6355	Quot.sound,propext	{kind : Minidregg.Theory.TypedAuthorization.ResourceKind} → Minidregg.Theory.TypedAuthorization.Capability kind → Minidregg.Theory.CredentialAuthorityState.StoredCapability kind → Minidregg.Theory.TypedAuthorization.Request kind → Minidregg.Theory.CredentialAuthorityState.StoredCapability kind
theorem	Minidregg.Theory.CredentialAuthorityEffects.delegation_post_capability_exact	b9129388b7e9f51866f412c1d74bee64a961b372ff069b419fbbc5e6ccccc847	bd300da5776d21fcf3d74909321ff1affdb682ae3f379360903e8cc2535976e2	eb8ccb20d2de2405e9c669c1d282b591b8565d6c8c0d536b8f401745db2e6b83	40b016d65f5b82bb	Classical.choice,Quot.sound,propext	∀ {M : Minidregg.Theory.CredentialAuthorityState.Materializer} {pre : Minidregg.Theory.CredentialAuthorityState.Cell M} {portal : Minidregg.Theory.TypedAuthorization.Portal} {context : Minidregg.Theory.CredentialAuthorityEffects.DelegationContext} {kind : Minidregg.Theory.TypedAuthorization.ResourceKind} {codec : Minidregg.Theory.IndexedProgram.LawfulCodec (Minidregg.Theory.CredentialAuthorityEffects.DelegateDeclaration kind)} {parentCodec : Minidregg.Theory.IndexedProgram.LawfulCodec (Minidregg.Theory.CredentialAuthorityState.StoredCapability kind)} {effectDigest : Minidregg.Theory.CredentialAuthorityEffects.DelegateDeclaration kind → Minidregg.Theory.TypedAuthorization.Digest} {declaration : Minidregg.Theory.CredentialAuthorityEffects.DelegateDeclaration kind} {parent : Minidregg.Theory.CredentialAuthorityState.StoredCapability kind} (accepted : Minidregg.Theory.AcceptedCellEffect (Minidregg.Theory.CredentialAuthorityEffects.delegateFamily pre portal context codec parentCodec effectDigest) (context.request codec effectDigest pre declaration) pre declaration parent), Minidregg.Theory.CredentialAuthorityState.readCapability accepted.prepared.post kind declaration.child.id = Option.some (Minidregg.Theory.CredentialAuthorityEffects.delegatedCapability declaration.child parent (context.request codec effectDigest pre declaration))
theorem	Minidregg.Theory.CredentialAuthorityEffects.delegation_post_lineage_valid	b0343f6a49edb113d629d4dd72e7c7861144d8d1f678224a23ebcd16d50324ba	1dbfc5533b71d8ab957ad57e919968f1e5ee1a83d566b4bba1d978d50b40ce29	d697a2f86a50415d6816e19f025b1ad4af2fc9839a447434b5b70dd3a6f4d1c5	a26256e08e4240aa	Classical.choice,Quot.sound,propext	∀ {M : Minidregg.Theory.CredentialAuthorityState.Materializer} {pre : Minidregg.Theory.CredentialAuthorityState.Cell M} {portal : Minidregg.Theory.TypedAuthorization.Portal} {context : Minidregg.Theory.CredentialAuthorityEffects.DelegationContext} {kind : Minidregg.Theory.TypedAuthorization.ResourceKind} {codec : Minidregg.Theory.IndexedProgram.LawfulCodec (Minidregg.Theory.CredentialAuthorityEffects.DelegateDeclaration kind)} {parentCodec : Minidregg.Theory.IndexedProgram.LawfulCodec (Minidregg.Theory.CredentialAuthorityState.StoredCapability kind)} {effectDigest : Minidregg.Theory.CredentialAuthorityEffects.DelegateDeclaration kind → Minidregg.Theory.TypedAuthorization.Digest} {declaration : Minidregg.Theory.CredentialAuthorityEffects.DelegateDeclaration kind} {parent : Minidregg.Theory.CredentialAuthorityState.StoredCapability kind} (accepted : Minidregg.Theory.AcceptedCellEffect (Minidregg.Theory.CredentialAuthorityEffects.delegateFamily pre portal context codec parentCodec effectDigest) (context.request codec effectDigest pre declaration) pre declaration parent), ∃ stored, Minidregg.Theory.CredentialAuthorityState.readCapability accepted.prepared.post kind declaration.child.id = Option.some stored ∧ Minidregg.Theory.CredentialAuthorityState.LineageValid (Minidregg.Theory.CredentialAuthorityState.authState pre).parent stored ∧ Minidregg.Theory.CredentialLineageAdmission.LineageAnchored accepted.prepared.post stored
theorem	Minidregg.Theory.CredentialAuthorityEffects.delegation_post_registered	31696c6b9323ab516e186e3281406aab7a8b7a6550addf4ba7798dc6c471f3cf	d7366e8c231e7cb481a1b803feac89f3e76c9525061456c23124706bc7193234	6222aa8a341f8e2e045090bf3daedce7ea18af30ead2c049e3a1fc2ee5e43ef6	2fa29d3e20f61eaa	Classical.choice,Quot.sound,propext	∀ {M : Minidregg.Theory.CredentialAuthorityState.Materializer} {pre : Minidregg.Theory.CredentialAuthorityState.Cell M} {portal : Minidregg.Theory.TypedAuthorization.Portal} {context : Minidregg.Theory.CredentialAuthorityEffects.DelegationContext} {kind : Minidregg.Theory.TypedAuthorization.ResourceKind} {codec : Minidregg.Theory.IndexedProgram.LawfulCodec (Minidregg.Theory.CredentialAuthorityEffects.DelegateDeclaration kind)} {parentCodec : Minidregg.Theory.IndexedProgram.LawfulCodec (Minidregg.Theory.CredentialAuthorityState.StoredCapability kind)} {effectDigest : Minidregg.Theory.CredentialAuthorityEffects.DelegateDeclaration kind → Minidregg.Theory.TypedAuthorization.Digest} {declaration : Minidregg.Theory.CredentialAuthorityEffects.DelegateDeclaration kind} {parent : Minidregg.Theory.CredentialAuthorityState.StoredCapability kind} (accepted : Minidregg.Theory.AcceptedCellEffect (Minidregg.Theory.CredentialAuthorityEffects.delegateFamily pre portal context codec parentCodec effectDigest) (context.request codec effectDigest pre declaration) pre declaration parent), Minidregg.Theory.CredentialAuthorityState.isRegistered accepted.prepared.post (Minidregg.Theory.TypedAuthorization.RevocationKey.capability declaration.child.id) = Bool.true
def	Minidregg.Theory.CredentialAuthorityEffects.descendedCapability	342d9c1eb0ebdf06dc350c60e41cddd639958e2f8a5946c38fd71472b796727a	f00f17c6c1635e5463a18176234f1ba1add464ab4207a94bfcd679ae8ac64117	34d541a66851001839f6f90fd51d6b760ee652a5e116d6918154dacd35f988ac	dea94b8085a2486f	Quot.sound,propext	{kind : Minidregg.Theory.TypedAuthorization.ResourceKind} → Minidregg.Theory.TypedAuthorization.Capability kind → Minidregg.Theory.CredentialAuthorityState.StoredCapability kind → Minidregg.Theory.CredentialAuthorityState.StoredCapability kind
theorem	Minidregg.Theory.CredentialAuthorityEffects.discipline_ne_rom	d3264383c085f5e71b6c27d7f5cf256983e540c8cbbb66c11349121b5159112c	17ae467f7050edd3e67fe0abb64c32b6f8380d8c97538e29f2ccad1818e6b684	cc28f84c574248a931e9631098467c02b12f94c60023dc6a6a5a083f69be1410	86697f6f01dbe9d2	Classical.choice,Quot.sound,propext	∀ (plane : Minidregg.Theory.CredentialAuthorityState.AuthorityPlane), Minidregg.Theory.CredentialAuthorityState.layout.discipline plane ≠ Minidregg.Theory.Store.Discipline.rom
def	Minidregg.Theory.CredentialAuthorityEffects.issueFamily	5df767884cdcf310dad3894b55da1d442906da0f02bacf6efd32301e2c9d3a31	bec81225df830e8a9751faf7a39a2643aa3380082a52404b911a8136ab34725d	a61dfb71a799f64f258a4e4b3076c9daf8c4fb41d85b7a2cfefb28ecba118a7e	616cd494167f723a	Classical.choice,Quot.sound,propext	{M : Minidregg.Theory.CredentialAuthorityState.Materializer} → Minidregg.Theory.CredentialAuthorityState.Cell M → {kind : Minidregg.Theory.TypedAuthorization.ResourceKind} → Minidregg.Theory.IndexedProgram.LawfulCodec (Minidregg.Theory.CredentialAuthorityEffects.IssueDeclaration kind) → (Minidregg.Theory.CredentialAuthorityEffects.IssueDeclaration kind → Minidregg.Theory.TypedAuthorization.Digest) → Minidregg.Theory.CredentialAuthorityEffects.RequestContext → Minidregg.Theory.SemanticEffectFamily Minidregg.Theory.CredentialAuthorityState.layout M Minidregg.Theory.CredentialAuthorityEffects.OperationNullifier
theorem	Minidregg.Theory.CredentialAuthorityEffects.issue_post_capability_exact	c73e7e34b6f686b29d1c7331eef6bb478ee00f883c019329935d8826ca5a0f5d	cba38e6ead3cd57079e5b2f8b3486f529a830e239f2c98eea618a83c68e79126	3dd1e7d66ea06a0b50065acdd9441746fd18ab59648f7a070b8326c5185b800a	a3dddba8ac216c22	Classical.choice,Quot.sound,propext	∀ {context : Minidregg.Theory.CredentialAuthorityEffects.RequestContext} {M : Minidregg.Theory.CredentialAuthorityState.Materializer} {pre : Minidregg.Theory.CredentialAuthorityState.Cell M} {portal : Minidregg.Theory.TypedAuthorization.Portal} {kind : Minidregg.Theory.TypedAuthorization.ResourceKind} {request : Minidregg.Theory.TypedAuthorization.Request kind} {codec : Minidregg.Theory.IndexedProgram.LawfulCodec (Minidregg.Theory.CredentialAuthorityEffects.IssueDeclaration kind)} {effectDigest : Minidregg.Theory.CredentialAuthorityEffects.IssueDeclaration kind → Minidregg.Theory.TypedAuthorization.Digest} {declaration : Minidregg.Theory.CredentialAuthorityEffects.IssueDeclaration kind} (accepted : Minidregg.Theory.AcceptedCellEffect (Minidregg.Theory.CredentialAuthorityEffects.issueFamily pre codec effectDigest context) request pre declaration ()), accepted.prepared.post.logical ⟨Minidregg.Theory.CredentialAuthorityState.AuthorityPlane.capability kind, declaration.capability.id⟩ = Option.some { head := declaration.capability, ancestry := [] }
theorem	Minidregg.Theory.CredentialAuthorityEffects.issue_post_lineage_valid	51cf4f979932da26c5278e69779ca8fcc75757b31edd55242c644f0696a88829	eb1386998bc63a32e19d847b943e6fed9cb53995c912f07da22a423a662c4a46	baf16ec6625fc74074e472a3b9240c64899769e678512fd045649fe585321598	68ac3248729f2daf	Classical.choice,Quot.sound,propext	∀ {context : Minidregg.Theory.CredentialAuthorityEffects.RequestContext} {M : Minidregg.Theory.CredentialAuthorityState.Materializer} {pre : Minidregg.Theory.CredentialAuthorityState.Cell M} {portal : Minidregg.Theory.TypedAuthorization.Portal} {kind : Minidregg.Theory.TypedAuthorization.ResourceKind} {request : Minidregg.Theory.TypedAuthorization.Request kind} {codec : Minidregg.Theory.IndexedProgram.LawfulCodec (Minidregg.Theory.CredentialAuthorityEffects.IssueDeclaration kind)} {effectDigest : Minidregg.Theory.CredentialAuthorityEffects.IssueDeclaration kind → Minidregg.Theory.TypedAuthorization.Digest} {declaration : Minidregg.Theory.CredentialAuthorityEffects.IssueDeclaration kind} (accepted : Minidregg.Theory.AcceptedCellEffect (Minidregg.Theory.CredentialAuthorityEffects.issueFamily pre codec effectDigest context) request pre declaration ()), ∃ stored, Minidregg.Theory.CredentialAuthorityState.readCapability accepted.prepared.post kind declaration.capability.id = Option.some stored ∧ Minidregg.Theory.CredentialAuthorityState.LineageValid (Minidregg.Theory.CredentialAuthorityState.authState pre).parent stored ∧ Minidregg.Theory.CredentialLineageAdmission.LineageAnchored accepted.prepared.post stored
theorem	Minidregg.Theory.CredentialAuthorityEffects.issue_post_registered	0a8b14d9d60ae5d8b2d6da041bf4ed1c0e6ce70488da6f2f66e96f890007eb83	826e9f9e18086216bbc4f09305a70f95a9c415b30bf20282bd96744051d63b8e	48645e8f634b3be62e0524d743513fa4990a5307bd0dd6c29ce86f6101c07b2e	03c060a4d31e03f3	Classical.choice,Quot.sound,propext	∀ {context : Minidregg.Theory.CredentialAuthorityEffects.RequestContext} {M : Minidregg.Theory.CredentialAuthorityState.Materializer} {pre : Minidregg.Theory.CredentialAuthorityState.Cell M} {portal : Minidregg.Theory.TypedAuthorization.Portal} {kind : Minidregg.Theory.TypedAuthorization.ResourceKind} {request : Minidregg.Theory.TypedAuthorization.Request kind} {codec : Minidregg.Theory.IndexedProgram.LawfulCodec (Minidregg.Theory.CredentialAuthorityEffects.IssueDeclaration kind)} {effectDigest : Minidregg.Theory.CredentialAuthorityEffects.IssueDeclaration kind → Minidregg.Theory.TypedAuthorization.Digest} {declaration : Minidregg.Theory.CredentialAuthorityEffects.IssueDeclaration kind} (accepted : Minidregg.Theory.AcceptedCellEffect (Minidregg.Theory.CredentialAuthorityEffects.issueFamily pre codec effectDigest context) request pre declaration ()), Minidregg.Theory.CredentialAuthorityState.isRegistered accepted.prepared.post (Minidregg.Theory.TypedAuthorization.RevocationKey.capability declaration.capability.id) = Bool.true
def	Minidregg.Theory.CredentialAuthorityEffects.registrationEntry	d1bc9c44fd91e83a49bb971676a5e523969fb207cb449a4f5565c81803c40a43	337a6553e29e5d3dc3e20ce010f590501ac440b926be26c60b9e4ecde897fa95	8e4c78014ed4ba30b1758fd6b2c89183cfb00d5657aa1b641db38460a15238b6	ee033c3ed3918c72	Classical.choice,Quot.sound,propext	Minidregg.Theory.TypedAuthorization.RevocationKey → Minidregg.Theory.Store.Entry Minidregg.Theory.CredentialAuthorityState.layout
theorem	Minidregg.Theory.CredentialAuthorityEffects.revocation_post_exact	f2503201c44b5c02b21e77fef280267c8f6be63e2a4413fca2a1e7b9b97db7da	f2f21fd90250586c422190b05abef7118e4813db754111d9997ada5fd1ee264c	5d87ade5ebd158ca3e53037e628fc30589fdabf558274a25d40c9662bc3ab9e4	94f68213b9840301	Classical.choice,Quot.sound,propext	∀ {context : Minidregg.Theory.CredentialAuthorityEffects.RequestContext} {M : Minidregg.Theory.CredentialAuthorityState.Materializer} {pre : Minidregg.Theory.CredentialAuthorityState.Cell M} {portal : Minidregg.Theory.TypedAuthorization.Portal} {kind : Minidregg.Theory.TypedAuthorization.ResourceKind} {request : Minidregg.Theory.TypedAuthorization.Request kind} {codec : Minidregg.Theory.IndexedProgram.LawfulCodec Minidregg.Theory.CredentialAuthorityEffects.RevokeDeclaration} {effectDigest : Minidregg.Theory.CredentialAuthorityEffects.RevokeDeclaration → Minidregg.Theory.TypedAuthorization.Digest} {declaration : Minidregg.Theory.CredentialAuthorityEffects.RevokeDeclaration} (accepted : Minidregg.Theory.AcceptedCellEffect (Minidregg.Theory.CredentialAuthorityEffects.revokeFamily pre codec effectDigest context) request pre declaration ()), Minidregg.Theory.CredentialAuthorityState.isRevoked accepted.prepared.post declaration.key = Bool.true
theorem	Minidregg.Theory.CredentialAuthorityEffects.revocation_post_is_authorizer_member	e9233ad82c4636cf67d4e3154f0c5f678c61d4682fa74877670d2c5dd25830f8	f37323ca844b20d04a28d26c4231a32f285975ec7eda6062f7e0b1971bd848de	69dced3d1ba2aa12b8abe9a5b3eccb47c5a98282004f8d3aff92ed4783807c67	446205c462154980	Classical.choice,Quot.sound,propext	∀ {context : Minidregg.Theory.CredentialAuthorityEffects.RequestContext} {M : Minidregg.Theory.CredentialAuthorityState.Materializer} {pre : Minidregg.Theory.CredentialAuthorityState.Cell M} {portal : Minidregg.Theory.TypedAuthorization.Portal} {kind : Minidregg.Theory.TypedAuthorization.ResourceKind} {request : Minidregg.Theory.TypedAuthorization.Request kind} {codec : Minidregg.Theory.IndexedProgram.LawfulCodec Minidregg.Theory.CredentialAuthorityEffects.RevokeDeclaration} {effectDigest : Minidregg.Theory.CredentialAuthorityEffects.RevokeDeclaration → Minidregg.Theory.TypedAuthorization.Digest} {declaration : Minidregg.Theory.CredentialAuthorityEffects.RevokeDeclaration} (accepted : Minidregg.Theory.AcceptedCellEffect (Minidregg.Theory.CredentialAuthorityEffects.revokeFamily pre codec effectDigest context) request pre declaration ()), declaration.key ∈ (Minidregg.Theory.CredentialAuthorityState.authState accepted.prepared.post).revoked
theorem	Minidregg.Theory.CredentialAuthorityEffects.revocation_post_registered_and_revoked	a3f0305e459d61f36ba61cf55fd41056cfd1e4ddf34675ead662e850c26d738e	94b9214705bc4f35e9a7320e1260de6ae1b72611189ca0ca00a377606ccf74d7	c9856ae64edcae4b22a8930efe8dcc2497a548bca9384e9dfc693513c30fce43	147d198eea4fd5a5	Classical.choice,Quot.sound,propext	∀ {context : Minidregg.Theory.CredentialAuthorityEffects.RequestContext} {M : Minidregg.Theory.CredentialAuthorityState.Materializer} {pre : Minidregg.Theory.CredentialAuthorityState.Cell M} {portal : Minidregg.Theory.TypedAuthorization.Portal} {kind : Minidregg.Theory.TypedAuthorization.ResourceKind} {request : Minidregg.Theory.TypedAuthorization.Request kind} {codec : Minidregg.Theory.IndexedProgram.LawfulCodec Minidregg.Theory.CredentialAuthorityEffects.RevokeDeclaration} {effectDigest : Minidregg.Theory.CredentialAuthorityEffects.RevokeDeclaration → Minidregg.Theory.TypedAuthorization.Digest} {declaration : Minidregg.Theory.CredentialAuthorityEffects.RevokeDeclaration} (accepted : Minidregg.Theory.AcceptedCellEffect (Minidregg.Theory.CredentialAuthorityEffects.revokeFamily pre codec effectDigest context) request pre declaration ()), Minidregg.Theory.CredentialAuthorityState.isRegistered accepted.prepared.post declaration.key = Bool.true ∧ Minidregg.Theory.CredentialAuthorityState.isRevoked accepted.prepared.post declaration.key = Bool.true
def	Minidregg.Theory.CredentialAuthorityEffects.revokeFamily	232c3156e40efbbcf7e56eb472a0910d90dafe309561156bb62a4e917276aa12	30ae0c8195f12907552eefd31ee94d35503489ebe78ec33bc19210f4255c9c5c	645ebb3bf991d71669bc94ad9ab046f018a5468284f1b5cefdcbbfe44f56db9e	00998fcb0d3eb088	Classical.choice,Quot.sound,propext	{M : Minidregg.Theory.CredentialAuthorityState.Materializer} → Minidregg.Theory.CredentialAuthorityState.Cell M → Minidregg.Theory.IndexedProgram.LawfulCodec Minidregg.Theory.CredentialAuthorityEffects.RevokeDeclaration → (Minidregg.Theory.CredentialAuthorityEffects.RevokeDeclaration → Minidregg.Theory.TypedAuthorization.Digest) → Minidregg.Theory.CredentialAuthorityEffects.RequestContext → Minidregg.Theory.SemanticEffectFamily Minidregg.Theory.CredentialAuthorityState.layout M Minidregg.Theory.CredentialAuthorityEffects.OperationNullifier
theorem	Minidregg.Theory.CredentialAuthorityEffects.revoke_frame	dd9615c2da52d5e9418d79ec73232d01a3be090a5f37dfb0714dffae4c6415f6	b54178dcd4a76356cdc335ff64b5574624b671a7d3dc490a0e88e129d7c7a57a	ec6c46e1b21edbc1f63f73887c00b2c16ce2524a2180ad03a09ff193ed5db8d5	5b9787b0c000ae63	Classical.choice,Quot.sound,propext	∀ {context : Minidregg.Theory.CredentialAuthorityEffects.RequestContext} {M : Minidregg.Theory.CredentialAuthorityState.Materializer} {pre : Minidregg.Theory.CredentialAuthorityState.Cell M} {portal : Minidregg.Theory.TypedAuthorization.Portal} {kind : Minidregg.Theory.TypedAuthorization.ResourceKind} {request : Minidregg.Theory.TypedAuthorization.Request kind} {codec : Minidregg.Theory.IndexedProgram.LawfulCodec Minidregg.Theory.CredentialAuthorityEffects.RevokeDeclaration} {effectDigest : Minidregg.Theory.CredentialAuthorityEffects.RevokeDeclaration → Minidregg.Theory.TypedAuthorization.Digest} {declaration : Minidregg.Theory.CredentialAuthorityEffects.RevokeDeclaration} (accepted : Minidregg.Theory.AcceptedCellEffect (Minidregg.Theory.CredentialAuthorityEffects.revokeFamily pre codec effectDigest context) request pre declaration ()), ∀ address ∉ {⟨Minidregg.Theory.CredentialAuthorityState.AuthorityPlane.revoked, declaration.key⟩}, accepted.prepared.post.logical address = pre.logical address
theorem	Minidregg.Theory.CredentialAuthorityEffects.revoke_nullifier_exact	3457d6c58fe7bd884d6f231d84e1f9d41f228f7afa961f02f375e0bf86f2c8ee	88af9fc6cdd8d91f317fe96bdc0a1652a42f95c6795009932dadb33cc25b9d1b	285d1d93b8611e56fe0d5fbab989b9bdb87a8bec0a20a1fb659b247916d127de	6a460d7c98eeff7d	Classical.choice,Quot.sound,propext	∀ {context : Minidregg.Theory.CredentialAuthorityEffects.RequestContext} {M : Minidregg.Theory.CredentialAuthorityState.Materializer} {pre : Minidregg.Theory.CredentialAuthorityState.Cell M} {portal : Minidregg.Theory.TypedAuthorization.Portal} {kind : Minidregg.Theory.TypedAuthorization.ResourceKind} {request : Minidregg.Theory.TypedAuthorization.Request kind} {codec : Minidregg.Theory.IndexedProgram.LawfulCodec Minidregg.Theory.CredentialAuthorityEffects.RevokeDeclaration} {effectDigest : Minidregg.Theory.CredentialAuthorityEffects.RevokeDeclaration → Minidregg.Theory.TypedAuthorization.Digest} {declaration : Minidregg.Theory.CredentialAuthorityEffects.RevokeDeclaration} (accepted : Minidregg.Theory.AcceptedCellEffect (Minidregg.Theory.CredentialAuthorityEffects.revokeFamily pre codec effectDigest context) request pre declaration ()), accepted.prepared.nullifier = Option.some declaration.operationNullifier
def	Minidregg.Theory.CredentialAuthorityEffects.rotateEpochFamily	5b27370d8c2957b3032ce781bdb8ac3d4e92fa6368949229055802d7dcd38681	97fa3227f2f90e80106d7ff20123b9ce1911177da352ef69e4b07f119306539f	55224d3729ff529016a8b088f58176fd9465bded4e56b5dffbc9b70e28800c36	6dceb56ab91b03c9	Classical.choice,Quot.sound,propext	{M : Minidregg.Theory.CredentialAuthorityState.Materializer} → Minidregg.Theory.CredentialAuthorityState.Cell M → Minidregg.Theory.IndexedProgram.LawfulCodec Minidregg.Theory.CredentialAuthorityEffects.RotateEpochDeclaration → (Minidregg.Theory.CredentialAuthorityEffects.RotateEpochDeclaration → Minidregg.Theory.TypedAuthorization.Digest) → Minidregg.Theory.CredentialAuthorityEffects.RequestContext → Minidregg.Theory.SemanticEffectFamily Minidregg.Theory.CredentialAuthorityState.layout M Minidregg.Theory.CredentialAuthorityEffects.OperationNullifier
theorem	Minidregg.Theory.CredentialAuthorityEffects.rotation_joint_post_source_framed	62648bca00cf75a6bdc56576cda9b05a6f093adab1fe0b10fd2566d594e8bd60	99bb4c7bc9f35d972636685614be3eb88252816e6f045f91c8c280c356540793	273da12d2e628254427a3bb442dc8d2943661da8f75abc7833cae4167bf3928f	88b5a34f067822e2	Classical.choice,Quot.sound,propext	∀ {context : Minidregg.Theory.CredentialAuthorityEffects.RequestContext} {M : Minidregg.Theory.CredentialAuthorityState.Materializer} {pre : Minidregg.Theory.CredentialAuthorityState.Cell M} {codec : Minidregg.Theory.IndexedProgram.LawfulCodec Minidregg.Theory.CredentialAuthorityEffects.RotateEpochDeclaration} {effectDigest : Minidregg.Theory.CredentialAuthorityEffects.RotateEpochDeclaration → Minidregg.Theory.TypedAuthorization.Digest} {declaration : Minidregg.Theory.CredentialAuthorityEffects.RotateEpochDeclaration} {post : Minidregg.Theory.Store.Store Minidregg.Theory.CredentialAuthorityState.layout}, (Minidregg.Theory.CredentialAuthorityEffects.rotateEpochFamily pre codec effectDigest context).Postcondition declaration () post → declaration.target.SourceFramed pre.logical post
theorem	Minidregg.Theory.CredentialAuthorityEffects.rotation_post_exact	868d36f7ab98e5982c232501737bda85682eec03107cc25ecd2faeb9cf396801	96f340015c25bf188f692453fd83f5cd1b25734f4a1c7c6a43052e728eb77489	e8f7501fe521fd3a2bb8827d21d18e54bd08de60d532db3145229863db34627f	5a5fcff49a0d4970	Classical.choice,Quot.sound,propext	∀ {context : Minidregg.Theory.CredentialAuthorityEffects.RequestContext} {M : Minidregg.Theory.CredentialAuthorityState.Materializer} {pre : Minidregg.Theory.CredentialAuthorityState.Cell M} {portal : Minidregg.Theory.TypedAuthorization.Portal} {kind : Minidregg.Theory.TypedAuthorization.ResourceKind} {request : Minidregg.Theory.TypedAuthorization.Request kind} {codec : Minidregg.Theory.IndexedProgram.LawfulCodec Minidregg.Theory.CredentialAuthorityEffects.RotateEpochDeclaration} {effectDigest : Minidregg.Theory.CredentialAuthorityEffects.RotateEpochDeclaration → Minidregg.Theory.TypedAuthorization.Digest} {declaration : Minidregg.Theory.CredentialAuthorityEffects.RotateEpochDeclaration} (accepted : Minidregg.Theory.AcceptedCellEffect (Minidregg.Theory.CredentialAuthorityEffects.rotateEpochFamily pre codec effectDigest context) request pre declaration ()), Minidregg.Theory.CredentialAuthorityEffects.EpochTarget.read accepted.prepared.post declaration.target = declaration.nextEpoch
theorem	Minidregg.Theory.CredentialAuthorityEffects.rotation_post_is_authorizer_epoch	2f298189c4d011d1b32a325e7d961dd70c72ee5e5f487792ce91d279611e2f4c	90943534805cd0abc3fa2f49b493c9e1366dfff951defc2325a990292affdcf6	d9f8ddefb92704b43100a37d0dbc1c42714f47d8c2f73fbaae84d01dcebf1a40	451417cca8627281	Classical.choice,Quot.sound,propext	∀ {context : Minidregg.Theory.CredentialAuthorityEffects.RequestContext} {M : Minidregg.Theory.CredentialAuthorityState.Materializer} {pre : Minidregg.Theory.CredentialAuthorityState.Cell M} {portal : Minidregg.Theory.TypedAuthorization.Portal} {kind : Minidregg.Theory.TypedAuthorization.ResourceKind} {request : Minidregg.Theory.TypedAuthorization.Request kind} {codec : Minidregg.Theory.IndexedProgram.LawfulCodec Minidregg.Theory.CredentialAuthorityEffects.RotateEpochDeclaration} {effectDigest : Minidregg.Theory.CredentialAuthorityEffects.RotateEpochDeclaration → Minidregg.Theory.TypedAuthorization.Digest} {declaration : Minidregg.Theory.CredentialAuthorityEffects.RotateEpochDeclaration} (accepted : Minidregg.Theory.AcceptedCellEffect (Minidregg.Theory.CredentialAuthorityEffects.rotateEpochFamily pre codec effectDigest context) request pre declaration ()), Minidregg.Theory.CredentialAuthorityEffects.EpochTarget.readAuth (Minidregg.Theory.CredentialAuthorityState.authState accepted.prepared.post) declaration.target = declaration.nextEpoch
theorem	Minidregg.Theory.CredentialAuthorityEffects.rotation_post_source_framed	78b8880e1ca0a32b1e041b9fa5aa4b6188f6ef5d4510936c68402439c261ad33	4cde81a2e794babbc3bae1540c70ddfbf2dfef13a8379336e08824d27354a9bc	7acef1fca3020e8729e917a36801aa2db3d1826152f37386fa8eb03d035c65b0	33726539c9b9da35	Classical.choice,Quot.sound,propext	∀ {context : Minidregg.Theory.CredentialAuthorityEffects.RequestContext} {M : Minidregg.Theory.CredentialAuthorityState.Materializer} {pre : Minidregg.Theory.CredentialAuthorityState.Cell M} {portal : Minidregg.Theory.TypedAuthorization.Portal} {kind : Minidregg.Theory.TypedAuthorization.ResourceKind} {request : Minidregg.Theory.TypedAuthorization.Request kind} {codec : Minidregg.Theory.IndexedProgram.LawfulCodec Minidregg.Theory.CredentialAuthorityEffects.RotateEpochDeclaration} {effectDigest : Minidregg.Theory.CredentialAuthorityEffects.RotateEpochDeclaration → Minidregg.Theory.TypedAuthorization.Digest} {declaration : Minidregg.Theory.CredentialAuthorityEffects.RotateEpochDeclaration} (accepted : Minidregg.Theory.AcceptedCellEffect (Minidregg.Theory.CredentialAuthorityEffects.rotateEpochFamily pre codec effectDigest context) request pre declaration ()), declaration.target.SourceFramed pre.logical accepted.prepared.post.logical
theorem	Minidregg.Theory.CredentialAuthorityEffects.run_assignAll	dfcc8b7e9ee8f5c7e6cad7c644639211b05730cb6d816f5afa0d9eff4593d315	542fe7381cb461620aa08191fefb1dcdb0fec8b067c43f2549580a14a668cc2b	29fbfec71b550cf9416326906dd842a82b2bd82f0eeaa38d5ba75e175049f29e	7ffb0efc56fc5311	Classical.choice,Quot.sound,propext	∀ (store : Minidregg.Theory.Store.Store Minidregg.Theory.CredentialAuthorityState.layout) (entries : List (Minidregg.Theory.Store.Entry Minidregg.Theory.CredentialAuthorityState.layout)), Minidregg.Theory.Store.Patch.run store (Minidregg.Theory.CredentialAuthorityEffects.assignAll store entries) = Minidregg.Theory.CredentialAuthorityEffects.setAll store entries
def	Minidregg.Theory.CredentialAuthorityEffects.sealedOnly	251553e122f24b800e29f4a847b0ddd7e1d113b243b16ac0cf2e26ae39b2002d	4224e6aa42dd776ced48c2737db32a886977b155342939cf7ff7e5bfd1a8afef	18e1c12d7b9baea5a616b80e83aabff901731600fa041b7875c49fc0c25fcfdb	70bbc34010fddd23	-	(Minidregg.Theory.DisclosureDecision Unit Unit fun x => Unit) → Prop := fun x => match x with | Minidregg.Theory.DisclosureDecision.sealed => True | Minidregg.Theory.DisclosureDecision.reveal release authorization => False | Minidregg.Theory.DisclosureDecision.declassify authority release authorization => False
def	Minidregg.Theory.CredentialAuthorityEffects.setAll	022f91e2118303c83819856b860ee1453fcc21413741e1ed357381ef7d9f6863	33fef2958d9495fdc0fd00e60e3ef18e117d1c11fb6ff1ce56c0baa2a272b7bb	c9c47b0049b7ca6c737af0a83a5aa78da2503503a8f00fe766d62aa0e32fd4e6	c605db2c9b888c60	Classical.choice,Quot.sound,propext	Minidregg.Theory.Store.Store Minidregg.Theory.CredentialAuthorityState.layout → List (Minidregg.Theory.Store.Entry Minidregg.Theory.CredentialAuthorityState.layout) → Minidregg.Theory.Store.Store Minidregg.Theory.CredentialAuthorityState.layout
theorem	Minidregg.Theory.CredentialAuthorityEffects.setAll_frame	06b6bd4e594871c722b6213798a1a1eb590827e94ed5c9adfa5192f47e5cc8b2	79497250287481e16a610084d1fe4a818ecacbf3b0acc63c8fd65ad92fa93988	638dd2ae99d24f31d46ed21deab702180c3275bae2ecdd38f84269c9100372ad	361bba30afedccb6	Classical.choice,Quot.sound,propext	∀ (store : Minidregg.Theory.Store.Store Minidregg.Theory.CredentialAuthorityState.layout) (entries : List (Minidregg.Theory.Store.Entry Minidregg.Theory.CredentialAuthorityState.layout)), ∀ address ∉ List.map Sigma.fst entries, (Minidregg.Theory.CredentialAuthorityEffects.setAll store entries) address = store address
theorem	Minidregg.Theory.CredentialAuthorityEffects.setAll_member	14bbefe708c3582a1948fc77e59dd5336785e7412840bc5a853591fc77272748	796a987102254144b6e92be7a0671e80db5c77492d6909085a8e68187b12652d	715b47bb7bee8fe3babea89ba75b95715e911b959f96dd9caa41a87e52f4df13	f049b465bc7251fb	Classical.choice,Quot.sound,propext	∀ (store : Minidregg.Theory.Store.Store Minidregg.Theory.CredentialAuthorityState.layout) (entries : List (Minidregg.Theory.Store.Entry Minidregg.Theory.CredentialAuthorityState.layout)), (List.map Sigma.fst entries).Nodup → ∀ entry ∈ entries, (Minidregg.Theory.CredentialAuthorityEffects.setAll store entries) entry.fst = Option.some entry.snd
theorem	Minidregg.Theory.CredentialAuthorityEffects.setAll_single	c2140f748efc1ac5a864ceb6b259b8f0c59afd53d86396627e32fc5daf99a9ea	f72e945c611719eaeb78d36fa6294b2819fb8dc21ba26bcc811bc23cdac3c325	ba57dbcc01974900a7d74d4595eae0fadff49286a28c2bbd3968c3c48c6417f7	d1d9f75230465a1d	Classical.choice,Quot.sound,propext	∀ (store : Minidregg.Theory.Store.Store Minidregg.Theory.CredentialAuthorityState.layout) (record : Minidregg.Theory.Store.Entry Minidregg.Theory.CredentialAuthorityState.layout), (Minidregg.Theory.CredentialAuthorityEffects.setAll store [record]) record.fst = Option.some record.snd
def	Minidregg.Theory.CredentialAuthorityEffects.unitCodec	5057020c6984538b261459b614dc8ecfd4d7d134858c3403f93341abffb38ccc	f5509b1ba129b751ce9666413fb3e4c9b84c07d5735374f442aadeb759d3f50e	942e090ab840610f307a9bdda0048a91e904bbee04502f0a1399b43ac5919227	eeef9902d2439863	Quot.sound,propext	Minidregg.Theory.IndexedProgram.LawfulCodec Unit
theorem	Minidregg.Theory.CredentialAuthorityEffects.validated_of_assign	4dba4cdde39fb9729154aff607d64d72088de63bd10febb6b83da7c41fd58e59	ca910204207132114a0d928dec6ce8dc81e0579b2627056ae48780616e785c6f	2a0b3fddaaf0ac216ba92d8505c93799c8c14298dc00e1e5229c0f8b742fea57	77bd7a34eee89bfb	Classical.choice,Quot.sound,propext	∀ {M : Minidregg.Theory.CredentialAuthorityState.Materializer} {pre : Minidregg.Theory.CredentialAuthorityState.Cell M} {expectedPreRoot : Minidregg.Theory.TypedAuthorization.Digest} (entries : List (Minidregg.Theory.Store.Entry Minidregg.Theory.CredentialAuthorityState.layout)), expectedPreRoot = Minidregg.Theory.CellState.Materialized.root pre → Minidregg.Theory.CredentialAuthorityEffects.AssignableAll pre.logical entries → Minidregg.Theory.CellState.ValidatedPatch M pre expectedPreRoot (Minidregg.Theory.CredentialAuthorityEffects.assignAll pre.logical entries)
