# Theory.PrivateComputationDeclaration: Objective contract manifest. Written by `scripts/check-objective-proofs.sh proofs --pin`;
# a removed or changed row needs a line in scripts/gates/objective-contract-changes.txt.
inductive	Minidregg.Theory.CheckedPrivateEvidence	d902d5a308310d6a9c895964f00116877952588a9eda4b9765ab47f368000ac0	43d7128ca0a367e117975273b83907f514a7c96cb96742b533446ca790026857	b986cd1732ae6d350be8b560cee0931aebc7fa50809950e926681397a0c4a017	756f5c659aeb5f34		{Statement : Type u_1} → {Witness : Type u_2} → Minidregg.Theory.PrivateEvidencePortal Statement Witness → Statement → Type u_2
theorem	Minidregg.Theory.CheckedPrivateEvidence.accepts	a8de0c3ef489b87efcdeeab0f4d65442663bdab2e31a0d0813c48eaf161dd54d	b6b17fafe22e44c330f734ddf0f15c031db9c911fc283d11661786583c0a5b64	c05d35cce6e77803ddfe7f540d79fdffd7003f7482651e1677a13ba7075a7e69	4bb8656f77163121	-	∀ {Statement : Type u_1} {Witness : Type u_2} {portal : Minidregg.Theory.PrivateEvidencePortal Statement Witness} {statement : Statement} (checked : Minidregg.Theory.CheckedPrivateEvidence portal statement), portal.Accepts statement checked.witness
ctor	Minidregg.Theory.CheckedPrivateEvidence.mk	35855d08050fa99d4e05ab4c5480418b9bbebddf71048efdf5dd88b144f97884	a1c3eeb3edf7e0464a7286fd30c53fb381e32ae2ffe49526c6bef1d6eaf7e705	aa218471e12cd7ebe49b63866b4efb3fe0ac255aee56634f3e7539c99fe88f7a	a6db34257acfc79d		{Statement : Type u_1} → {Witness : Type u_2} → {portal : Minidregg.Theory.PrivateEvidencePortal Statement Witness} → {statement : Statement} → (witness : Witness) → portal.verify statement witness = Bool.true → Minidregg.Theory.CheckedPrivateEvidence portal statement
theorem	Minidregg.Theory.CheckedPrivateEvidence.verified	6ccd4563ee5a7101df75a6b3848a8e7a4ba7b334f1f23e7004787d628c555b24	d79f833eca5f04cbb037cc69a536586339b631c98a3de5b6a2ab763cc342731e	158b2883cfae5dbbbd52f70dbdfdc019cc63a4889c43e0a98a964c33b524705f	78fd015a45c1089d	-	∀ {Statement : Type u_1} {Witness : Type u_2} {portal : Minidregg.Theory.PrivateEvidencePortal Statement Witness} {statement : Statement} (self : Minidregg.Theory.CheckedPrivateEvidence portal statement), portal.verify statement self.witness = Bool.true
def	Minidregg.Theory.CheckedPrivateEvidence.witness	2dbb18ac20e3b8eb1c446274199a4c48f348affa5e9eff12f24c9277c5cf712d	64f08d24af6cd025cee341f545dec199c84d3b6db7c4eee899deda7b6951833a	9932453f85567fbebe4592eef3ba38b13c91a7807e0b9e449604416d7da956b1	7ce2febcebb4044f	-	{Statement : Type u_1} → {Witness : Type u_2} → {portal : Minidregg.Theory.PrivateEvidencePortal Statement Witness} → {statement : Statement} → Minidregg.Theory.CheckedPrivateEvidence portal statement → Witness
inductive	Minidregg.Theory.ComputationDeclaration	fec0ae166922673d378cc14d5c28ce9720e67d86312b7d5d0186bf0422bbfe2a	ff048afef9d3b4e10c9f492b4922e29a0a082f7b80718847c949d473e3464765	c725de17092715f920e8524b59a37b3b94d8e352aee1b20d0c20dbbe1e9cff5a	01a429e998cb62d3		Minidregg.Theory.PrivateComputationLanguage → Minidregg.Theory.PrivateComputationKind → Type u_1 → Type u_2 → Type u_3 → Type u_4 → Type u_5 → Type u_6 → Type u_7 → Type u_8 → Type u_9 → Type u_10 → Type u_11 → Type u_12 → Type (max (max (max (max (max (max (max (max u_1 u_12) u_2) u_3) u_4) u_5) u_6) u_7) u_8)
inductive	Minidregg.Theory.ComputationDeclaration.Completion	3bce6447a0715212fa8bd1a6eecc4a78e0e803c4f272891d170dd2373a19648e	eaa724edb0bdccf7042f0e84d75552fe14f39f89bcfc8e3d709d6a18ec432248	f2e9fae08701f866c23c53b28f2a1f724785daf15f57eedb6f31c69404248dd6	24ae145bc97c1e57		{language : Minidregg.Theory.PrivateComputationLanguage} → {mode : Minidregg.Theory.PrivateComputationKind} → {Relation : Type u_1} → {BridgeName : Type u_2} → {CanonicalInput : Type u_3} → {SemanticInput : Type u_4} → {InputSourceWitness : Type u_5} → {InputTargetWitness : Type u_6} → {OutputCommitment : Type u_7} → {PrivateOutput : Type u_8} → {ResourceEffect : Type u_9} → {Footprint : Type u_10} → {Nullifier : Type u_11} → {ModeEvidencePins : Type u_12} → (declaration : Minidregg.Theory.ComputationDeclaration language mode Relation BridgeName CanonicalInput SemanticInput InputSourceWitness InputTargetWitness OutputCommitment PrivateOutput ResourceEffect Footprint Nullifier ModeEvidencePins) → declaration.Request → declaration.Result → Type (max u_5 u_6)
def	Minidregg.Theory.ComputationDeclaration.Completion.computation	4e948787eec4db1b98f261a759e3a9eae79af371c0baa6dd07b1134f90726134	86e6ba9aa8b1fe4c6c98c83e55f1e4bbb91a8347b0999166e6c6168616e990e3	38de464460d28ca3c980fca404a3ce7fd0e64ee2019d1f216abe5339cb92af5f	d2628b0af7c76c80	-	{language : Minidregg.Theory.PrivateComputationLanguage} → {mode : Minidregg.Theory.PrivateComputationKind} → {Relation : Type u_1} → {BridgeName : Type u_2} → {CanonicalInput : Type u_3} → {SemanticInput : Type u_4} → {InputSourceWitness : Type u_5} → {InputTargetWitness : Type u_6} → {OutputCommitment : Type u_7} → {PrivateOutput : Type u_8} → {ResourceEffect : Type u_9} → {Footprint : Type u_10} → {Nullifier : Type u_11} → {ModeEvidencePins : Type u_12} → {declaration : Minidregg.Theory.ComputationDeclaration language mode Relation BridgeName CanonicalInput SemanticInput InputSourceWitness InputTargetWitness OutputCommitment PrivateOutput ResourceEffect Footprint Nullifier ModeEvidencePins} → {request : declaration.Request} → {result : declaration.Result} → declaration.Completion request result → Minidregg.Theory.CheckedPrivateEvidence declaration.computationPortal (declaration.statementOf request result)
theorem	Minidregg.Theory.ComputationDeclaration.Completion.implies_computation_semantics	3a2d8c33af5b026bc5e20d2b5e1849e2193057815afcce6ce46b4f5d8855a8cc	ffaf6fa05f6b7f51a861cd37dc2bc286c577ba5ccd02ef58c3f571abb6c15bf3	52479baf950f3ac22c8951929816ffd254dbb270f200ed67430f614260dbd625	b2a4b386d82a4718	propext	∀ {language : Minidregg.Theory.PrivateComputationLanguage} {mode : Minidregg.Theory.PrivateComputationKind} {Relation : Type u_1} {BridgeName : Type u_2} {CanonicalInput : Type u_3} {SemanticInput : Type u_4} {InputSourceWitness : Type u_5} {InputTargetWitness : Type u_6} {OutputCommitment : Type u_7} {PrivateOutput : Type u_8} {ResourceEffect : Type u_9} {Footprint : Type u_10} {Nullifier : Type u_11} {ModeEvidencePins : Type u_12} (declaration : Minidregg.Theory.ComputationDeclaration language mode Relation BridgeName CanonicalInput SemanticInput InputSourceWitness InputTargetWitness OutputCommitment PrivateOutput ResourceEffect Footprint Nullifier ModeEvidencePins) {request : declaration.Request} {result : declaration.Result} (completion : declaration.Completion request result), Minidregg.Theory.SameOpening declaration.inputBridge.sourceSemantics declaration.inputBridge.targetSemantics request.canonicalInput completion.inputIdentity.sourceWitness request.computationInput completion.inputIdentity.targetWitness ∧ declaration.computationPortal.Accepts (declaration.statementOf request result) completion.computation.witness
def	Minidregg.Theory.ComputationDeclaration.Completion.inputIdentity	93164285b6af96e3376be03d4039045a3d033b4af32d16b556ba1ba5d2aacbdf	38fd9367bae25b8d568a8f144dbfe22819020273d6e348bc737e72f08cce9d5e	6c683debae16d8b2edab6ca366d7a4a5277e9ea34404da8b6b8eef117498f26a	c3ff05924c301ff9	-	{language : Minidregg.Theory.PrivateComputationLanguage} → {mode : Minidregg.Theory.PrivateComputationKind} → {Relation : Type u_1} → {BridgeName : Type u_2} → {CanonicalInput : Type u_3} → {SemanticInput : Type u_4} → {InputSourceWitness : Type u_5} → {InputTargetWitness : Type u_6} → {OutputCommitment : Type u_7} → {PrivateOutput : Type u_8} → {ResourceEffect : Type u_9} → {Footprint : Type u_10} → {Nullifier : Type u_11} → {ModeEvidencePins : Type u_12} → {declaration : Minidregg.Theory.ComputationDeclaration language mode Relation BridgeName CanonicalInput SemanticInput InputSourceWitness InputTargetWitness OutputCommitment PrivateOutput ResourceEffect Footprint Nullifier ModeEvidencePins} → {request : declaration.Request} → {result : declaration.Result} → declaration.Completion request result → declaration.inputBridge.CheckedIdentity request.inputBridgeName request.canonicalInput request.computationInput request.inputValue
ctor	Minidregg.Theory.ComputationDeclaration.Completion.mk	aa0c1b7c8bcf75d1551b0e03b4c81009afb366f8534554208c80e2d0ef31c2fc	a790e293935dd4074bc6eb830323dad7612f383082afff203b528949a798f728	f2fbdc8e51c151068e50458b7eed3684af845cef2518ab0e65ac58e93f9f40e6	5476d5e02349433c		{language : Minidregg.Theory.PrivateComputationLanguage} → {mode : Minidregg.Theory.PrivateComputationKind} → {Relation : Type u_1} → {BridgeName : Type u_2} → {CanonicalInput : Type u_3} → {SemanticInput : Type u_4} → {InputSourceWitness : Type u_5} → {InputTargetWitness : Type u_6} → {OutputCommitment : Type u_7} → {PrivateOutput : Type u_8} → {ResourceEffect : Type u_9} → {Footprint : Type u_10} → {Nullifier : Type u_11} → {ModeEvidencePins : Type u_12} → {declaration : Minidregg.Theory.ComputationDeclaration language mode Relation BridgeName CanonicalInput SemanticInput InputSourceWitness InputTargetWitness OutputCommitment PrivateOutput ResourceEffect Footprint Nullifier ModeEvidencePins} → {request : declaration.Request} → {result : declaration.Result} → declaration.inputBridge.CheckedIdentity request.inputBridgeName request.canonicalInput request.computationInput request.inputValue → Minidregg.Theory.CheckedPrivateEvidence declaration.computationPortal (declaration.statementOf request result) → declaration.Completion request result
def	Minidregg.Theory.ComputationDeclaration.Request	21d99e2657447b2bd6e74de352d16f0d5406d475670a71f288509f74fb54f358	2c83785ac12046df6e06a8db36dea9c25955386eadfb36579afda1394fc07ca0	b7255d5eab0f8ddc9712722f34ac9194674be29d1ae36868343cbab07c0398a4	ff427c83a9b6ba00	-	{language : Minidregg.Theory.PrivateComputationLanguage} → {mode : Minidregg.Theory.PrivateComputationKind} → {Relation : Type u_1} → {BridgeName : Type u_2} → {CanonicalInput : Type u_3} → {SemanticInput : Type u_4} → {InputSourceWitness : Type u_5} → {InputTargetWitness : Type u_6} → {OutputCommitment : Type u_7} → {PrivateOutput : Type u_8} → {ResourceEffect : Type u_9} → {Footprint : Type u_10} → {Nullifier : Type u_11} → {ModeEvidencePins : Type u_12} → Minidregg.Theory.ComputationDeclaration language mode Relation BridgeName CanonicalInput SemanticInput InputSourceWitness InputTargetWitness OutputCommitment PrivateOutput ResourceEffect Footprint Nullifier ModeEvidencePins → Type (max (max (max (max (max (max (max (max u_1 u_2) u_3) u_4) u_7) u_9) u_10) u_11) u_12)
def	Minidregg.Theory.ComputationDeclaration.Result	6c221829c5fd590a4669a56e0eb7dfaef5a02c0a9c7447c6fb8e3a68f2606437	4bbb3d14aa4fd5f589774533ca6afec21ff568dfe4d6c75f0bd91bb345d8de43	37214a086c457dcff29bba9df7b1dde169125b1f960da61d46aa4b9e48786aa5	cd0d9b8c15090f66	-	{language : Minidregg.Theory.PrivateComputationLanguage} → {mode : Minidregg.Theory.PrivateComputationKind} → {Relation : Type u_1} → {BridgeName : Type u_2} → {CanonicalInput : Type u_3} → {SemanticInput : Type u_4} → {InputSourceWitness : Type u_5} → {InputTargetWitness : Type u_6} → {OutputCommitment : Type u_7} → {PrivateOutput : Type u_8} → {ResourceEffect : Type u_9} → {Footprint : Type u_10} → {Nullifier : Type u_11} → {ModeEvidencePins : Type u_12} → Minidregg.Theory.ComputationDeclaration language mode Relation BridgeName CanonicalInput SemanticInput InputSourceWitness InputTargetWitness OutputCommitment PrivateOutput ResourceEffect Footprint Nullifier ModeEvidencePins → Type u_8
def	Minidregg.Theory.ComputationDeclaration.computationPortal	1b023bf50711c5115ca1c4b4c026f69ebcfaca671d001b26c28ca1d122407398	cdeb1ca5a9f7c884920fd390a22f7bfa8be535b3defaafc96a9f8408c3e41d2f	7004e6988fa77c1075fca092da1a10ea3514c32c5f9c715730c5a4dadbb12537	9a5c55791aa63e4b	-	{language : Minidregg.Theory.PrivateComputationLanguage} → {mode : Minidregg.Theory.PrivateComputationKind} → {Relation : Type u_1} → {BridgeName : Type u_2} → {CanonicalInput : Type u_3} → {SemanticInput : Type u_4} → {InputSourceWitness : Type u_5} → {InputTargetWitness : Type u_6} → {OutputCommitment : Type u_7} → {PrivateOutput : Type u_8} → {ResourceEffect : Type u_9} → {Footprint : Type u_10} → {Nullifier : Type u_11} → {ModeEvidencePins : Type u_12} → Minidregg.Theory.ComputationDeclaration language mode Relation BridgeName CanonicalInput SemanticInput InputSourceWitness InputTargetWitness OutputCommitment PrivateOutput ResourceEffect Footprint Nullifier ModeEvidencePins → Minidregg.Theory.PrivateEvidencePortal (Minidregg.Theory.CoreStatement language mode Relation SemanticInput OutputCommitment PrivateOutput ModeEvidencePins) (language.Evidence mode)
def	Minidregg.Theory.ComputationDeclaration.inputBridge	ddcc25a3b2d7518aab1bc54ddf5d7836b9144eeed4b83f5a56e2851029ab380a	74ca70e586e8d6810040dcb167b885c1ae7e8f0192742968f0d33dd4aed38157	11fd5ad50c5da0934966089e0b3189ef2d172e712902ae2461b7c7aa7837e2d3	6750a4a7f0b2179d	-	{language : Minidregg.Theory.PrivateComputationLanguage} → {mode : Minidregg.Theory.PrivateComputationKind} → {Relation : Type u_1} → {BridgeName : Type u_2} → {CanonicalInput : Type u_3} → {SemanticInput : Type u_4} → {InputSourceWitness : Type u_5} → {InputTargetWitness : Type u_6} → {OutputCommitment : Type u_7} → {PrivateOutput : Type u_8} → {ResourceEffect : Type u_9} → {Footprint : Type u_10} → {Nullifier : Type u_11} → {ModeEvidencePins : Type u_12} → Minidregg.Theory.ComputationDeclaration language mode Relation BridgeName CanonicalInput SemanticInput InputSourceWitness InputTargetWitness OutputCommitment PrivateOutput ResourceEffect Footprint Nullifier ModeEvidencePins → Minidregg.Theory.NamedRepresentationBridge BridgeName CanonicalInput InputSourceWitness (language.InputArtifact mode) InputTargetWitness SemanticInput
ctor	Minidregg.Theory.ComputationDeclaration.mk	a4f12ecb1ad88fda0eacfec1430ed86b436443dd62307d0e16aea7cae0df6064	6a1591b1ce3c725dfc29331617c1b16d718b5c2724bfed25f7f585317f9f148e	a45fe9977e01b769ba4307c096eba219e258add967f8b41c85edc5abb22d6205	4e8de029ececc1f3		{language : Minidregg.Theory.PrivateComputationLanguage} → {mode : Minidregg.Theory.PrivateComputationKind} → {Relation : Type u_1} → {BridgeName : Type u_2} → {CanonicalInput : Type u_3} → {SemanticInput : Type u_4} → {InputSourceWitness : Type u_5} → {InputTargetWitness : Type u_6} → {OutputCommitment : Type u_7} → {PrivateOutput : Type u_8} → {ResourceEffect : Type u_9} → {Footprint : Type u_10} → {Nullifier : Type u_11} → {ModeEvidencePins : Type u_12} → Minidregg.Theory.NamedRepresentationBridge BridgeName CanonicalInput InputSourceWitness (language.InputArtifact mode) InputTargetWitness SemanticInput → Minidregg.Theory.PrivateEvidencePortal (Minidregg.Theory.CoreStatement language mode Relation SemanticInput OutputCommitment PrivateOutput ModeEvidencePins) (language.Evidence mode) → Minidregg.Theory.ComputationDeclaration language mode Relation BridgeName CanonicalInput SemanticInput InputSourceWitness InputTargetWitness OutputCommitment PrivateOutput ResourceEffect Footprint Nullifier ModeEvidencePins
def	Minidregg.Theory.ComputationDeclaration.statementOf	c548a7a18cc18251f5194213f81865f377fbd6111c092de7857645d965966144	07575aa9b8f340210dd1096e3dae8c22dc05c763093556253c02baa4dc0cf51f	0577f6a458f022d61bb9c259043d9d5293f12deb1ab1317e1bd1d65aeca42d4e	56e2e1c92f675080	-	{language : Minidregg.Theory.PrivateComputationLanguage} → {mode : Minidregg.Theory.PrivateComputationKind} → {Relation : Type u_1} → {BridgeName : Type u_2} → {CanonicalInput : Type u_3} → {SemanticInput : Type u_4} → {InputSourceWitness : Type u_5} → {InputTargetWitness : Type u_6} → {OutputCommitment : Type u_7} → {PrivateOutput : Type u_8} → {ResourceEffect : Type u_9} → {Footprint : Type u_10} → {Nullifier : Type u_11} → {ModeEvidencePins : Type u_12} → (declaration : Minidregg.Theory.ComputationDeclaration language mode Relation BridgeName CanonicalInput SemanticInput InputSourceWitness InputTargetWitness OutputCommitment PrivateOutput ResourceEffect Footprint Nullifier ModeEvidencePins) → declaration.Request → declaration.Result → Minidregg.Theory.CoreStatement language mode Relation SemanticInput OutputCommitment PrivateOutput ModeEvidencePins
inductive	Minidregg.Theory.ComputationFootprint	02b6e30efa11b2b2b0266cd3d71841e8b3e03b114a931bc52a61b62a4ede99a2	0b6399e3566a41b62dc32aad0b80c56850b195a0cd2cb8a122947076963555ba	fced18c2b13074a7db119ea3093c3b6029b3a75be24c25faf5883e63b5e9cef2	9adff7f71e29dc9d		Type u_1 → Type u_2 → Type (max u_1 u_2)
def	Minidregg.Theory.ComputationFootprint.fields	7c63acf64c9ba85e0a8c837d39f50f3615c5fc01aa1e3464b4f6131beeef60bf	2e3e17cbf6c5249ee64051cead2fbf24c7da23460d83c5e0d5e700b900578878	954dcf857f9845cf9a69d050401880ef071f910bac5af3474506e698955b7f91	4cac64bd41fc1ec6	Quot.sound,propext	{Field : Type u_1} → {Resource : Type u_2} → Minidregg.Theory.ComputationFootprint Field Resource → Finset Field
ctor	Minidregg.Theory.ComputationFootprint.mk	e00e5936afbbcf286a9beb0f3fc39afecdf1d23f24ea81955b597a5818e88aea	912d5b012a16b2ca884fc4cba7113edbc38438b516c04ff9722f4ee9a916ca04	ac0c83197c3ab353c79b6641f1e56aa83cf29783006fcf3b56733be1acb59d5e	1e740768450f92ff		{Field : Type u_1} → {Resource : Type u_2} → Finset Field → Finset Resource → Minidregg.Theory.ComputationFootprint Field Resource
def	Minidregg.Theory.ComputationFootprint.resources	86b6a18ba0a85c88eb5684880ca448ee7aa6795d43e5bf9a924738a596f541d9	88ea02f5bc0faf28eb58daa841830b219edbe79a03e7ee33046fa6a82a4170bb	3f1202df6a513792603e4a5ec6a75ea124a74d2db1ee683f7a2b92a774c21074	ffd1150890d4e95a	Quot.sound,propext	{Field : Type u_1} → {Resource : Type u_2} → Minidregg.Theory.ComputationFootprint Field Resource → Finset Resource
inductive	Minidregg.Theory.CoreRequest	338e19a04b2e37313418475f31fba111b90d4914e06df78425e9dc38e2d868d7	4969a33224542ff3b511a593f8821dafe0cd95f9a9a71d9a567dc98af3037dc5	058a09aac74e7ffc2a9e106e04a72b2337f6c01a3210ce6c26f68a79986d63d3	4dc4d55862e63dad		Minidregg.Theory.PrivateComputationLanguage → Minidregg.Theory.PrivateComputationKind → Type u_1 → Type u_2 → Type u_3 → Type u_4 → Type u_5 → Type u_6 → Type u_7 → Type u_8 → Type u_9 → Type (max (max (max (max (max (max (max (max u_1 u_2) u_3) u_4) u_5) u_6) u_7) u_8) u_9)
def	Minidregg.Theory.CoreRequest.canonicalInput	4fabb36348ba5d24997b5a8aec12ae7de7731cebf229d0281ea9ae02b09ce27b	b76de2014037050b0f6618d7722123a73b075379b3ecc9ecc82dd3f5b6fc8d65	ad8e9ca0efb692b29f0825d940b19761ae462d6e05e08d12e9b709863f785176	0f192662ab4ee799	-	{language : Minidregg.Theory.PrivateComputationLanguage} → {mode : Minidregg.Theory.PrivateComputationKind} → {Relation : Type u_1} → {BridgeName : Type u_2} → {CanonicalInput : Type u_3} → {SemanticInput : Type u_4} → {OutputCommitment : Type u_5} → {ResourceEffect : Type u_6} → {Footprint : Type u_7} → {Nullifier : Type u_8} → {ModeEvidencePins : Type u_9} → Minidregg.Theory.CoreRequest language mode Relation BridgeName CanonicalInput SemanticInput OutputCommitment ResourceEffect Footprint Nullifier ModeEvidencePins → CanonicalInput
def	Minidregg.Theory.CoreRequest.computationInput	181a1c5c4b55b5efb6a200814aef6663b1b54df5c0406085565673940603e1e9	08b9da47f741b4e3915218714e301b79f3d459f8f428319d075439235d1b4b17	59150c48e824a8c99b36b250e7a4f2095b43f6436b1af9521c93ce728c1a0011	a06c8bb80203c701	-	{language : Minidregg.Theory.PrivateComputationLanguage} → {mode : Minidregg.Theory.PrivateComputationKind} → {Relation : Type u_1} → {BridgeName : Type u_2} → {CanonicalInput : Type u_3} → {SemanticInput : Type u_4} → {OutputCommitment : Type u_5} → {ResourceEffect : Type u_6} → {Footprint : Type u_7} → {Nullifier : Type u_8} → {ModeEvidencePins : Type u_9} → Minidregg.Theory.CoreRequest language mode Relation BridgeName CanonicalInput SemanticInput OutputCommitment ResourceEffect Footprint Nullifier ModeEvidencePins → language.InputArtifact mode
def	Minidregg.Theory.CoreRequest.footprint	046abb1a37672526bc5808f06f6c7766d5ac775c19b179b99a05bed17ab732d6	d603194119ac6d3ced4e305a15de75805e5add9c71433d49ee0c21314a9f37c3	d725ecc057b348efe8575db2ed80ffb70afc9cd738511c11691017701a0e1bd4	a9ee044e4683d810	-	{language : Minidregg.Theory.PrivateComputationLanguage} → {mode : Minidregg.Theory.PrivateComputationKind} → {Relation : Type u_1} → {BridgeName : Type u_2} → {CanonicalInput : Type u_3} → {SemanticInput : Type u_4} → {OutputCommitment : Type u_5} → {ResourceEffect : Type u_6} → {Footprint : Type u_7} → {Nullifier : Type u_8} → {ModeEvidencePins : Type u_9} → Minidregg.Theory.CoreRequest language mode Relation BridgeName CanonicalInput SemanticInput OutputCommitment ResourceEffect Footprint Nullifier ModeEvidencePins → Footprint
def	Minidregg.Theory.CoreRequest.inputBridgeName	b92e9ad266f2d4a4073f5d9956654488aaee5207d44fb2562fa4a627a5d3f5b2	3dcc2f7c3f41ce5089f9e2834845c0291d8316fa085fd15b13d4607d9495a779	9aa83d357c1f27f6c516fd3be9b8ad313ed9cf38178c17f83303f4bbeb0570dd	2c88655d6e9d337c	-	{language : Minidregg.Theory.PrivateComputationLanguage} → {mode : Minidregg.Theory.PrivateComputationKind} → {Relation : Type u_1} → {BridgeName : Type u_2} → {CanonicalInput : Type u_3} → {SemanticInput : Type u_4} → {OutputCommitment : Type u_5} → {ResourceEffect : Type u_6} → {Footprint : Type u_7} → {Nullifier : Type u_8} → {ModeEvidencePins : Type u_9} → Minidregg.Theory.CoreRequest language mode Relation BridgeName CanonicalInput SemanticInput OutputCommitment ResourceEffect Footprint Nullifier ModeEvidencePins → BridgeName
def	Minidregg.Theory.CoreRequest.inputValue	80278436ae340e856a36d7e2958708ad0a85c83800c66dfefa3f16bf383ea9b4	da19fc6dcc129d61f89130c82e3acd8bdbb006759d47c4f0301611eeba55aaab	4cd4f4d51d283d04230ea0f54fb2ec820875068999ee04332530716bdf1126cb	a8836a56ab6ac961	-	{language : Minidregg.Theory.PrivateComputationLanguage} → {mode : Minidregg.Theory.PrivateComputationKind} → {Relation : Type u_1} → {BridgeName : Type u_2} → {CanonicalInput : Type u_3} → {SemanticInput : Type u_4} → {OutputCommitment : Type u_5} → {ResourceEffect : Type u_6} → {Footprint : Type u_7} → {Nullifier : Type u_8} → {ModeEvidencePins : Type u_9} → Minidregg.Theory.CoreRequest language mode Relation BridgeName CanonicalInput SemanticInput OutputCommitment ResourceEffect Footprint Nullifier ModeEvidencePins → SemanticInput
ctor	Minidregg.Theory.CoreRequest.mk	d1fee27ed77e3320141e6d712fa060f6ac59ce17ca2442775b844f2b31f6310f	a425f1d3f22f5632ed603997927288f0862f4b4a002153acbd39b26f86ef22bd	60df0d589fb9fab93c2793f9d1e8cda573b86b5714f764ac67692aded67849e9	d4a35118593df10a		{language : Minidregg.Theory.PrivateComputationLanguage} → {mode : Minidregg.Theory.PrivateComputationKind} → {Relation : Type u_1} → {BridgeName : Type u_2} → {CanonicalInput : Type u_3} → {SemanticInput : Type u_4} → {OutputCommitment : Type u_5} → {ResourceEffect : Type u_6} → {Footprint : Type u_7} → {Nullifier : Type u_8} → {ModeEvidencePins : Type u_9} → language.Program mode → Relation → CanonicalInput → language.InputArtifact mode → SemanticInput → BridgeName → OutputCommitment → List ResourceEffect → Footprint → Option Nullifier → ModeEvidencePins → Minidregg.Theory.CoreRequest language mode Relation BridgeName CanonicalInput SemanticInput OutputCommitment ResourceEffect Footprint Nullifier ModeEvidencePins
def	Minidregg.Theory.CoreRequest.modeEvidencePins	eb3f306a0e185af6476eb659b8f8198e1894de7f9c4d5dbeb5aac507f18e5024	01dc7d52245132a10e32fd94fb263d2aa6d8f49172c8c43040aab0faa5f96257	1087e7459c43e3544d34b7b830aef293e8e182fe9ce5ae5797f414deec73bda1	f093c1b43989ad5f	-	{language : Minidregg.Theory.PrivateComputationLanguage} → {mode : Minidregg.Theory.PrivateComputationKind} → {Relation : Type u_1} → {BridgeName : Type u_2} → {CanonicalInput : Type u_3} → {SemanticInput : Type u_4} → {OutputCommitment : Type u_5} → {ResourceEffect : Type u_6} → {Footprint : Type u_7} → {Nullifier : Type u_8} → {ModeEvidencePins : Type u_9} → Minidregg.Theory.CoreRequest language mode Relation BridgeName CanonicalInput SemanticInput OutputCommitment ResourceEffect Footprint Nullifier ModeEvidencePins → ModeEvidencePins
def	Minidregg.Theory.CoreRequest.nullifier	716b4228c8db3c8b0c2fab5f77ce588c302482ff5fbc6e45c3bd26bef6bb4611	27515fa757ad78a153fafea718cd5d0dce1a9e6ad4fdf2c625a3b258a03b9b01	8b0da80f93eff0373e682e3014cd13e5be418f6e0d3e3a91840288501cc682c9	b806aea4c287695e	-	{language : Minidregg.Theory.PrivateComputationLanguage} → {mode : Minidregg.Theory.PrivateComputationKind} → {Relation : Type u_1} → {BridgeName : Type u_2} → {CanonicalInput : Type u_3} → {SemanticInput : Type u_4} → {OutputCommitment : Type u_5} → {ResourceEffect : Type u_6} → {Footprint : Type u_7} → {Nullifier : Type u_8} → {ModeEvidencePins : Type u_9} → Minidregg.Theory.CoreRequest language mode Relation BridgeName CanonicalInput SemanticInput OutputCommitment ResourceEffect Footprint Nullifier ModeEvidencePins → Option Nullifier
def	Minidregg.Theory.CoreRequest.outputCommitment	de1de9b40350eaaa826fb0a8993ac705863c60175a24f94bd52fe15f27b5afb3	8a8546b5b001ca1a683505cf8221950ca478e89dce722312792d44ff650df49b	9a974e9608926eee03009593f359fff1630443202d660e941b4f0dbc93b3be6f	5cd2ad38dac25639	-	{language : Minidregg.Theory.PrivateComputationLanguage} → {mode : Minidregg.Theory.PrivateComputationKind} → {Relation : Type u_1} → {BridgeName : Type u_2} → {CanonicalInput : Type u_3} → {SemanticInput : Type u_4} → {OutputCommitment : Type u_5} → {ResourceEffect : Type u_6} → {Footprint : Type u_7} → {Nullifier : Type u_8} → {ModeEvidencePins : Type u_9} → Minidregg.Theory.CoreRequest language mode Relation BridgeName CanonicalInput SemanticInput OutputCommitment ResourceEffect Footprint Nullifier ModeEvidencePins → OutputCommitment
def	Minidregg.Theory.CoreRequest.program	15c8812cf9aad6ae1e8fa7bf8e2cece2827cf2a640c87685fec8de98d3ce43fe	894b929140f576ace6c4a99a1a4e237964d69b05fd96b95471baaf84a15a316f	e6c00318899f308b852b64840244910b2b2e3f3d6e49595f017c0fdb4f809e86	1b8147def466d4b2	-	{language : Minidregg.Theory.PrivateComputationLanguage} → {mode : Minidregg.Theory.PrivateComputationKind} → {Relation : Type u_1} → {BridgeName : Type u_2} → {CanonicalInput : Type u_3} → {SemanticInput : Type u_4} → {OutputCommitment : Type u_5} → {ResourceEffect : Type u_6} → {Footprint : Type u_7} → {Nullifier : Type u_8} → {ModeEvidencePins : Type u_9} → Minidregg.Theory.CoreRequest language mode Relation BridgeName CanonicalInput SemanticInput OutputCommitment ResourceEffect Footprint Nullifier ModeEvidencePins → language.Program mode
def	Minidregg.Theory.CoreRequest.relation	bdf63bd756131c1843ebf85d820ac67066785068dfd72f5ca3c7bb0a0623dc72	139ec2c01ac22f57fe1fa8200ac0ae4236f9b796597b2766f15e1a51c37c6a20	a64f7408420bf836e83e6862c87ed86c720047d304caff02bfe36be764366cd2	d6f270aea97003ea	-	{language : Minidregg.Theory.PrivateComputationLanguage} → {mode : Minidregg.Theory.PrivateComputationKind} → {Relation : Type u_1} → {BridgeName : Type u_2} → {CanonicalInput : Type u_3} → {SemanticInput : Type u_4} → {OutputCommitment : Type u_5} → {ResourceEffect : Type u_6} → {Footprint : Type u_7} → {Nullifier : Type u_8} → {ModeEvidencePins : Type u_9} → Minidregg.Theory.CoreRequest language mode Relation BridgeName CanonicalInput SemanticInput OutputCommitment ResourceEffect Footprint Nullifier ModeEvidencePins → Relation
def	Minidregg.Theory.CoreRequest.resourceEffects	da7bf860f794622abbf89f86a4dd41e81357f0b223c4c4dd928d3d8cb68840d7	1590f7a91b2c384203cbe620a69a6cc421479cd64593d0a53fdb4107d72d4e23	78bbe256347f24dc36cbc59d97502777a04b3b9a4c666555717f44c3ecc40be0	b9d0ba8b6cc32647	-	{language : Minidregg.Theory.PrivateComputationLanguage} → {mode : Minidregg.Theory.PrivateComputationKind} → {Relation : Type u_1} → {BridgeName : Type u_2} → {CanonicalInput : Type u_3} → {SemanticInput : Type u_4} → {OutputCommitment : Type u_5} → {ResourceEffect : Type u_6} → {Footprint : Type u_7} → {Nullifier : Type u_8} → {ModeEvidencePins : Type u_9} → Minidregg.Theory.CoreRequest language mode Relation BridgeName CanonicalInput SemanticInput OutputCommitment ResourceEffect Footprint Nullifier ModeEvidencePins → List ResourceEffect
inductive	Minidregg.Theory.CoreResult	3c5f065bf2dd74af0087cd61fd1fc56393d6b1930d2320c76c918bea0f92d198	01302226227282aa7d0406556621bec0baf4936cff2cf714233e4578bffe4f98	21793c96208b85f83ae5a5933393c2c7be65203ac2fc870ed86dfb02e49f15c1	e2766ef3eb643ab8		Minidregg.Theory.PrivateComputationLanguage → Minidregg.Theory.PrivateComputationKind → Type u_1 → Type u_1
ctor	Minidregg.Theory.CoreResult.mk	2d4d2c57ba9ad3fe2624698b19d777f0be0f40dd4d0d6620f987e427ea7ba559	fba8eb7addac903c23ec9f6d65605658f232c5cdd6785092fb27523e5c1f0410	1a6d25948e96430185a01a0015bc9b4ae74613782dad8f97ab72b01d269adc89	2b9b2de4150109de		{language : Minidregg.Theory.PrivateComputationLanguage} → {mode : Minidregg.Theory.PrivateComputationKind} → {PrivateOutput : Type u_1} → language.OutputArtifact mode → PrivateOutput → Minidregg.Theory.CoreResult language mode PrivateOutput
def	Minidregg.Theory.CoreResult.outputRepresentation	0f04bc6ccd6005a0fd1cec3de1074720a9d6c859387fee36934214c386bc8ee7	d7b368a20cbc0dacecb87dde571b715d32ca45da619d07db1295ca9ff7eca5ef	866d08a00b1a5dd69913a5463c8fb789398a1a12814973a2e63cc1f0c4365b88	3181c4dc7b8ecc5e	-	{language : Minidregg.Theory.PrivateComputationLanguage} → {mode : Minidregg.Theory.PrivateComputationKind} → {PrivateOutput : Type u_1} → Minidregg.Theory.CoreResult language mode PrivateOutput → language.OutputArtifact mode
def	Minidregg.Theory.CoreResult.privateOutput	14563f9221c65b15c4860969595178fcf32540818509730a042907f994214418	6e99ad1e461741d53bcc245c41908261b5926da3fe739bbb71078b4be454acf8	8c2e81c39b96e2a9ea8e99a1f615cdb48418f90a74f8d5a3bad67a80549ef234	dbbdef651f3885a8	-	{language : Minidregg.Theory.PrivateComputationLanguage} → {mode : Minidregg.Theory.PrivateComputationKind} → {PrivateOutput : Type u_1} → Minidregg.Theory.CoreResult language mode PrivateOutput → PrivateOutput
inductive	Minidregg.Theory.CoreStatement	889a81bb4f85daaace0456e518dc8d1c22cd96051872ff2e284d020637f9a68c	b516d988614aa62eb90acaeb57a47605d8452700c5da4406cc2a3b888f27c15d	24314ad2940d77191af955194bde495b2179d88072f40215dd616936017daf62	101a4e3e588523ea		Minidregg.Theory.PrivateComputationLanguage → Minidregg.Theory.PrivateComputationKind → Type u_1 → Type u_2 → Type u_3 → Type u_4 → Type u_5 → Type (max (max (max (max u_1 u_2) u_3) u_4) u_5)
def	Minidregg.Theory.CoreStatement.inputArtifact	1c5410a559ac73fad52d245353653c855422bcb645af5b0e6859b5d98f07cbb0	49511cfb3947bf5cbe6289d43621e319a0bb43b3656c8116735001d22f80c9d2	a5797ba38d59644e8a307402688b5cfc4201fc97fde318c489c0cbd793743f0d	81b0b2e5b7c763f0	-	{language : Minidregg.Theory.PrivateComputationLanguage} → {mode : Minidregg.Theory.PrivateComputationKind} → {Relation : Type u_1} → {SemanticInput : Type u_2} → {OutputCommitment : Type u_3} → {PrivateOutput : Type u_4} → {ModeEvidencePins : Type u_5} → Minidregg.Theory.CoreStatement language mode Relation SemanticInput OutputCommitment PrivateOutput ModeEvidencePins → language.InputArtifact mode
def	Minidregg.Theory.CoreStatement.inputValue	7c9278a1c79c271af2dbc4e625918b655fa8a7a386301a691a7fa00ba94c39b1	ff3fb3856ce7a7855e50f094533bc35573738391bba6f62b31b9981acf339b23	d97db51e78ee95521c7543ad447a2b038b47ad6ea54593ccb28110e0cdbfebb2	6de86c7102675ead	-	{language : Minidregg.Theory.PrivateComputationLanguage} → {mode : Minidregg.Theory.PrivateComputationKind} → {Relation : Type u_1} → {SemanticInput : Type u_2} → {OutputCommitment : Type u_3} → {PrivateOutput : Type u_4} → {ModeEvidencePins : Type u_5} → Minidregg.Theory.CoreStatement language mode Relation SemanticInput OutputCommitment PrivateOutput ModeEvidencePins → SemanticInput
ctor	Minidregg.Theory.CoreStatement.mk	d88df1f06dcd533e1aa1e2ff0074fbd23a96d3e285039538413b8ee97c7ac503	5add7d7ce94039a3318d613c17b7c223b89285f394fe9660ed9d20fbf979da92	3e275ee4bb3d9bcdfd4b41aff792d07a1c7f19ba08f02d4f2c2120dc7d0c3af6	5864f7c1d77c701f		{language : Minidregg.Theory.PrivateComputationLanguage} → {mode : Minidregg.Theory.PrivateComputationKind} → {Relation : Type u_1} → {SemanticInput : Type u_2} → {OutputCommitment : Type u_3} → {PrivateOutput : Type u_4} → {ModeEvidencePins : Type u_5} → language.Program mode → Relation → SemanticInput → language.InputArtifact mode → OutputCommitment → language.OutputArtifact mode → PrivateOutput → ModeEvidencePins → Minidregg.Theory.CoreStatement language mode Relation SemanticInput OutputCommitment PrivateOutput ModeEvidencePins
def	Minidregg.Theory.CoreStatement.modeEvidencePins	0e332d511ea0a4abfeb58c198476860c93927010e3001eab1bfdeb9b2db853e8	9d484d40973ae573b9ae9d0532d54a97f193dde60680012176a7b71a0e58fa69	eb5ffb692f69f8c04cb568272d467964e8cf8d4143134978be3f5a6aa49373b4	0b09584ad3bd0169	-	{language : Minidregg.Theory.PrivateComputationLanguage} → {mode : Minidregg.Theory.PrivateComputationKind} → {Relation : Type u_1} → {SemanticInput : Type u_2} → {OutputCommitment : Type u_3} → {PrivateOutput : Type u_4} → {ModeEvidencePins : Type u_5} → Minidregg.Theory.CoreStatement language mode Relation SemanticInput OutputCommitment PrivateOutput ModeEvidencePins → ModeEvidencePins
def	Minidregg.Theory.CoreStatement.outputArtifact	63f7da082230e4832c39e693746ef0853c7a4fa764fdc487e125f3ebf1f3be45	a8a1c661a9d1a8efdefb21adaa20aea2615a6be19835d1f42985f0368b26c58e	be3fbc4234bd77e244baf1b31d58a0628ee6e5002a709683bcfd0c1426994aae	1e0cb4e2001307c4	-	{language : Minidregg.Theory.PrivateComputationLanguage} → {mode : Minidregg.Theory.PrivateComputationKind} → {Relation : Type u_1} → {SemanticInput : Type u_2} → {OutputCommitment : Type u_3} → {PrivateOutput : Type u_4} → {ModeEvidencePins : Type u_5} → Minidregg.Theory.CoreStatement language mode Relation SemanticInput OutputCommitment PrivateOutput ModeEvidencePins → language.OutputArtifact mode
def	Minidregg.Theory.CoreStatement.outputCommitment	db25e20efd894a4333d4c6a0c63ea41dcf809d1613f4b3bfc22f59b17a5b44c4	c553a736cfb59a3112fcf8da18a2695131b11db135b7d23c43bc6d2afc3d0be1	b4cb06bc392917ba44cbae46dd15e12a63f18d8e6724b2d5432e7df06ccc86d2	23fa2ec65f1e9683	-	{language : Minidregg.Theory.PrivateComputationLanguage} → {mode : Minidregg.Theory.PrivateComputationKind} → {Relation : Type u_1} → {SemanticInput : Type u_2} → {OutputCommitment : Type u_3} → {PrivateOutput : Type u_4} → {ModeEvidencePins : Type u_5} → Minidregg.Theory.CoreStatement language mode Relation SemanticInput OutputCommitment PrivateOutput ModeEvidencePins → OutputCommitment
def	Minidregg.Theory.CoreStatement.privateOutput	dac995ff46cea1ed12a660cf6ab90320137101e314344b615dd688dea61c38a5	017c8d64378a5b2fffd50006ddb5931cb62a118525fe1a888e0ae9237898d523	f7bdfeadd5e078282e9c9b9dc273248092a333b208fd5fd81d8ede615dc36e28	3c78ee45a9f1529c	-	{language : Minidregg.Theory.PrivateComputationLanguage} → {mode : Minidregg.Theory.PrivateComputationKind} → {Relation : Type u_1} → {SemanticInput : Type u_2} → {OutputCommitment : Type u_3} → {PrivateOutput : Type u_4} → {ModeEvidencePins : Type u_5} → Minidregg.Theory.CoreStatement language mode Relation SemanticInput OutputCommitment PrivateOutput ModeEvidencePins → PrivateOutput
def	Minidregg.Theory.CoreStatement.program	fabb17a1802328b404a46b4763e9eb0bdc296f52ed522baed92b4bab6eb5c28c	5df608ba3dde6da447057b11043d462193e40632c0a045436b05c8cfc6a66994	a2cb0ae2fac8d410e9ddae7ee949ba08b04e66528bef7a86b06e697f19bb4780	9b376157dcadd846	-	{language : Minidregg.Theory.PrivateComputationLanguage} → {mode : Minidregg.Theory.PrivateComputationKind} → {Relation : Type u_1} → {SemanticInput : Type u_2} → {OutputCommitment : Type u_3} → {PrivateOutput : Type u_4} → {ModeEvidencePins : Type u_5} → Minidregg.Theory.CoreStatement language mode Relation SemanticInput OutputCommitment PrivateOutput ModeEvidencePins → language.Program mode
def	Minidregg.Theory.CoreStatement.relation	b777a4bc0a2f2e0e1b5d640ca73db8db1f25276fe9ce30029d42d62335dff9e9	4c546a9ae91ffab661d4d8e4ec802b4a0b3d23996d19390a9afa09bf6b97a3a1	71b0d61a6d756e6e77dc9d376086365fd34233bf0e8d1ebdb205b44d1b5bf6f3	6cb35e6088e4b4af	-	{language : Minidregg.Theory.PrivateComputationLanguage} → {mode : Minidregg.Theory.PrivateComputationKind} → {Relation : Type u_1} → {SemanticInput : Type u_2} → {OutputCommitment : Type u_3} → {PrivateOutput : Type u_4} → {ModeEvidencePins : Type u_5} → Minidregg.Theory.CoreStatement language mode Relation SemanticInput OutputCommitment PrivateOutput ModeEvidencePins → Relation
inductive	Minidregg.Theory.DisclosureEffect	9a19a73ca50caf9e6e6cc5252cbe9ddf757e143160b14fbdebb497213f2faa8c	0b6399e3566a41b62dc32aad0b80c56850b195a0cd2cb8a122947076963555ba	b2e3b0af60732e7bd12809c38156faf83fe4a671fd4794057aa5ea6d4ad644ec	7f44b2e5f961bb4c		Type u_1 → Type u_2 → Type (max u_1 u_2)
ctor	Minidregg.Theory.DisclosureEffect.declassify	d5476534b57be7d8299f94e6f6242e0e59b9570356e768e34b3bc97ef1c600d0	dd4cca97bf246cb38c02bb7887849e2b27f50afc0781ddab4daf81f209b8711f	5d72abfaf51a4f1f9f510e747f84737631426821fb92e0aef4c0272a7087987e	975d6dbee71d7f0b		{DeclassificationAuthority : Type u_1} → {Release : Type u_2} → DeclassificationAuthority → Release → Minidregg.Theory.DisclosureEffect DeclassificationAuthority Release
def	Minidregg.Theory.DisclosureEffect.declassify.elim	dfe59860795852173ee5e8720cab07345fc5c9475e392cb9cae149293579ab24	6b7e5239e2f9c8fb4e5c948f24954973a0f1fc76be7183a9a0e2cbb0781e86cf	66f77125cd923d10464230f31514e7316b48248330820c9d0f469068066da4ec	40f9b1cd3f041b9e	-	{DeclassificationAuthority : Type u_1} → {Release : Type u_2} → {motive : Minidregg.Theory.DisclosureEffect DeclassificationAuthority Release → Sort u} → (t : Minidregg.Theory.DisclosureEffect DeclassificationAuthority Release) → t.ctorIdx = 1 → ((authority : DeclassificationAuthority) → (release : Release) → motive (Minidregg.Theory.DisclosureEffect.declassify authority release)) → motive t
ctor	Minidregg.Theory.DisclosureEffect.reveal	7f55ed400edec2358ae09744cf7621b8321c1a29ff35c6b4253edfda6073ce49	f210247066ae0489823153c9404491fb2ca6c4f3448d48c91d4b8217db012314	52808064bb22d837d758e0eec6a7e81a5e06f66ccf6cd448fa22663b50d0a115	008c07fa354a2da2		{DeclassificationAuthority : Type u_1} → {Release : Type u_2} → Release → Minidregg.Theory.DisclosureEffect DeclassificationAuthority Release
def	Minidregg.Theory.DisclosureEffect.reveal.elim	5c6a17a4ca389ca7bf8117228b624e0e94d330a6ff2d2382654a8f1d5950ff4e	681cb90ed5ced4860cffdca9ecbfc866faa327e914dbca88abbcf53ac954baa0	e9fedbe16ddcb7f574ab7589d04572e07d323e979fe04f4d15c7e993996f71e1	5be1312defee081d	-	{DeclassificationAuthority : Type u_1} → {Release : Type u_2} → {motive : Minidregg.Theory.DisclosureEffect DeclassificationAuthority Release → Sort u} → (t : Minidregg.Theory.DisclosureEffect DeclassificationAuthority Release) → t.ctorIdx = 0 → ((release : Release) → motive (Minidregg.Theory.DisclosureEffect.reveal release)) → motive t
inductive	Minidregg.Theory.DisclosureIntent	4b8414b250eea43ae590079711b14b11da7b6642c3bce3943869ed14be7dd921	e752d00be0d121caa7633d8af9073551cc2eef5f41bd559e33054a32c0254645	461e97bdf85d3d1b4c22d8ce12d5a49827e45a996c7cf8c95a624e6e77990ad6	f0cdf6f9089a5585		Type u_1 → Type u_1
ctor	Minidregg.Theory.DisclosureIntent.declassify	f2a1139c0deaffc66c13b48d773b18d721939b7a57372b88e329681174a46565	0ec81fba76bf3feae046736928c6fc5f33e68f2251a03df366a0a3de2a9af2c2	1833ab7f01af98c62924745a342479b26e59b825624b36d19a402ecb272de684	7f15f58dac3dad6d		{DeclassificationAuthority : Type u_1} → DeclassificationAuthority → Minidregg.Theory.DisclosureIntent DeclassificationAuthority
def	Minidregg.Theory.DisclosureIntent.declassify.elim	6d9472b52dc56ee7577aecbad4d730eae12f2f48465592c2702b24fe0a089fb7	c6a6ee4b8be0c3a54aaa97ed6a46399ca161a836a935dae160ed648553e9ed7c	56a95406c0ae9338651285215212f4fb11d4c54f1a4f5b9e4f27f312a8ace9ac	6692c7ca89c4397a	-	{DeclassificationAuthority : Type u_1} → {motive : Minidregg.Theory.DisclosureIntent DeclassificationAuthority → Sort u} → (t : Minidregg.Theory.DisclosureIntent DeclassificationAuthority) → t.ctorIdx = 1 → ((authority : DeclassificationAuthority) → motive (Minidregg.Theory.DisclosureIntent.declassify authority)) → motive t
def	Minidregg.Theory.DisclosureIntent.materialize	9777ce4c80110f0532bdbdeea88ca727d1fc2fd66cd05d19344d9c6c3aee8bac	5c2f2a30c848fbdf030d99a4b95de8deb75c3c61b5f2556ae49a2921ecdf7b68	b9a6f268ded737a00355b29429af1cdbdf3c4701058a62456240f4dcc505b31b	ebc5f9025e864d24	-	{DeclassificationAuthority : Type u_1} → {Release : Type u_2} → Minidregg.Theory.DisclosureIntent DeclassificationAuthority → Release → Minidregg.Theory.DisclosureEffect DeclassificationAuthority Release
ctor	Minidregg.Theory.DisclosureIntent.reveal	06fd4341f62a5cd9a15f3daaf87cd6ce61588e129b29ab60f6937ea1e2e45699	8be39c97893c0215993a2a49b924366403a19725b0253a79ff56f57f9d585239	b8f7e670531aabffe86bfb088dc7ab3dadc8a170153c9c51031942a2a15867ca	465b923b564eac76		{DeclassificationAuthority : Type u_1} → Minidregg.Theory.DisclosureIntent DeclassificationAuthority
def	Minidregg.Theory.DisclosureIntent.reveal.elim	90fd214c2c6d091eaa988e8db173112a51724992433549e745e314413709d59a	4c97926f5ccd190356b31340775772be5407b8a79e7e2cd69257bde990a4d971	8658ef0aa919ca6533cd3168937ff550d8095401caf7cce81603c4345239dd01	26ff4b39fe929e02	-	{DeclassificationAuthority : Type u_1} → {motive : Minidregg.Theory.DisclosureIntent DeclassificationAuthority → Sort u} → (t : Minidregg.Theory.DisclosureIntent DeclassificationAuthority) → t.ctorIdx = 0 → motive Minidregg.Theory.DisclosureIntent.reveal → motive t
inductive	Minidregg.Theory.NamedRepresentationBridge	4818e4802f834b0e41fa324c3f21942e236a4563d14c0683289e6e18339b7cbc	ccb8433955a13acd78bbeced421232bb61f27ac8d507751e1d0930220312ddd0	f274033e5a85fd0f10f9d2324dbe2609f09181bf43ddfddf72f84f4297b772f0	c9a6d408a7772e93		Type u_1 → Type u_2 → Type u_3 → Type u_4 → Type u_5 → Type u_6 → Type (max (max (max (max (max u_1 u_2) u_3) u_4) u_5) u_6)
inductive	Minidregg.Theory.NamedRepresentationBridge.CheckedIdentity	82b9b0fe0882884a375a570ce598f13c8da158cceccdaf0b0f09e753d5745e77	03b5f6d5328d90eb730fc04ffacf164998e55b49ffb62cb8303cdf168e89ac3b	fe7da6e55b02e86649b7ad8a6bff77f8c9c81aa684dfb5d0e5602f5926fe9f32	cfdf620acaeb9b8f		{BridgeName : Type u_1} → {SourceArtifact : Type u_2} → {SourceWitness : Type u_3} → {TargetArtifact : Type u_4} → {TargetWitness : Type u_5} → {Value : Type u_6} → Minidregg.Theory.NamedRepresentationBridge BridgeName SourceArtifact SourceWitness TargetArtifact TargetWitness Value → BridgeName → SourceArtifact → TargetArtifact → Value → Type (max u_3 u_5)
ctor	Minidregg.Theory.NamedRepresentationBridge.CheckedIdentity.mk	36cdb395c0ab67ab962ef53cf3c780a24355e84c7f9304c289b6f06b53bab4f8	fff452e4bb6403d7a844898aad36236a80573a05a8e28f34836ea1049eeafac3	64f3ee71ab9ca2dcd5fb75275f9b3939f077b6f985c5b460bac0d34a4ca60704	0626dafba4465dd2		{BridgeName : Type u_1} → {SourceArtifact : Type u_2} → {SourceWitness : Type u_3} → {TargetArtifact : Type u_4} → {TargetWitness : Type u_5} → {Value : Type u_6} → {bridge : Minidregg.Theory.NamedRepresentationBridge BridgeName SourceArtifact SourceWitness TargetArtifact TargetWitness Value} → {declaredName : BridgeName} → {source : SourceArtifact} → {target : TargetArtifact} → {value : Value} → declaredName = bridge.name → (sourceWitness : SourceWitness) → (targetWitness : TargetWitness) → bridge.verifyIdentity source sourceWitness target targetWitness value = Bool.true → bridge.CheckedIdentity declaredName source target value
theorem	Minidregg.Theory.NamedRepresentationBridge.CheckedIdentity.nameBound	da23486a5251599a9a46c817b44014c60ef10ab8144fc98b19bca13e74824e10	8090bd69fe729c16d417a57021b5e170bcfae319ccab56e734422477f4218fb1	50832a1b11538a34ca048a093b51ef3bf8434326f7311141cf6868b5615d9389	1e3d0d13cc3fc72a	-	∀ {BridgeName : Type u_1} {SourceArtifact : Type u_2} {SourceWitness : Type u_3} {TargetArtifact : Type u_4} {TargetWitness : Type u_5} {Value : Type u_6} {bridge : Minidregg.Theory.NamedRepresentationBridge BridgeName SourceArtifact SourceWitness TargetArtifact TargetWitness Value} {declaredName : BridgeName} {source : SourceArtifact} {target : TargetArtifact} {value : Value} (self : bridge.CheckedIdentity declaredName source target value), declaredName = bridge.name
theorem	Minidregg.Theory.NamedRepresentationBridge.CheckedIdentity.sameOpening	a428ea382ab10575809cf366e9eeaa40a1acf52e8fea6fe3a784ca1f71f35c8e	cc7087d6553177723b695af04caa4ccc8d74ee707868f1e0989b43ea32b6a72f	0be2c867f3d468a560775fa06ce8690c9982ee56ba48b0fd65699e2b50cfbcc3	1b31f5d02dc83c42	propext	∀ {BridgeName : Type u_1} {SourceArtifact : Type u_2} {SourceWitness : Type u_3} {TargetArtifact : Type u_4} {TargetWitness : Type u_5} {Value : Type u_6} (bridge : Minidregg.Theory.NamedRepresentationBridge BridgeName SourceArtifact SourceWitness TargetArtifact TargetWitness Value) {declaredName : BridgeName} {source : SourceArtifact} {target : TargetArtifact} {value : Value} (checked : bridge.CheckedIdentity declaredName source target value), Minidregg.Theory.SameOpening bridge.sourceSemantics bridge.targetSemantics source checked.sourceWitness target checked.targetWitness
def	Minidregg.Theory.NamedRepresentationBridge.CheckedIdentity.sourceWitness	1a58a083a5c7c4770d4f59917c71f15ddce24d685d0c238b9ccf1ea608ead037	306dbe4ff239ad175c30cb03563cedd4e28640b871a61c145e805ac120cbbe0b	11284eaec76a34085231790e426df236733ea4c2379cf78a31b2970ee117b2e7	fd7c7344779c9280	-	{BridgeName : Type u_1} → {SourceArtifact : Type u_2} → {SourceWitness : Type u_3} → {TargetArtifact : Type u_4} → {TargetWitness : Type u_5} → {Value : Type u_6} → {bridge : Minidregg.Theory.NamedRepresentationBridge BridgeName SourceArtifact SourceWitness TargetArtifact TargetWitness Value} → {declaredName : BridgeName} → {source : SourceArtifact} → {target : TargetArtifact} → {value : Value} → bridge.CheckedIdentity declaredName source target value → SourceWitness
def	Minidregg.Theory.NamedRepresentationBridge.CheckedIdentity.targetWitness	6939976ea1e7859c74513a2fe3a231ea9cd3b8ad11c4304733ddea7b2b005a05	86aa58e725ec4086c0b7d3d97f39a5de7c7afa95a8be9f80eaa08675588200b7	737eca6799d0fd140b0ff39e2a7be79b501a2576e33f450b85f79b241953870f	048ca490a8da4357	-	{BridgeName : Type u_1} → {SourceArtifact : Type u_2} → {SourceWitness : Type u_3} → {TargetArtifact : Type u_4} → {TargetWitness : Type u_5} → {Value : Type u_6} → {bridge : Minidregg.Theory.NamedRepresentationBridge BridgeName SourceArtifact SourceWitness TargetArtifact TargetWitness Value} → {declaredName : BridgeName} → {source : SourceArtifact} → {target : TargetArtifact} → {value : Value} → bridge.CheckedIdentity declaredName source target value → TargetWitness
theorem	Minidregg.Theory.NamedRepresentationBridge.CheckedIdentity.verified	035f648662a621c3878c4334076408a56b59566bf7401b39612a9e74e0a44169	ced12a76802f22e5864afe6db6e062b667cc2d370464fdaf3d703b0fca3bbc9b	651b53e03f472c1c69ac9ade1fe4949944c52123cd688df85d42ed946bbef94b	ae3ae3fcbf6c5b7c	-	∀ {BridgeName : Type u_1} {SourceArtifact : Type u_2} {SourceWitness : Type u_3} {TargetArtifact : Type u_4} {TargetWitness : Type u_5} {Value : Type u_6} {bridge : Minidregg.Theory.NamedRepresentationBridge BridgeName SourceArtifact SourceWitness TargetArtifact TargetWitness Value} {declaredName : BridgeName} {source : SourceArtifact} {target : TargetArtifact} {value : Value} (self : bridge.CheckedIdentity declaredName source target value), bridge.verifyIdentity source self.sourceWitness target self.targetWitness value = Bool.true
ctor	Minidregg.Theory.NamedRepresentationBridge.mk	b58e7cac5fcbb921958ed3aae6fc1770b9bbefa70ff1560aabc1f6be207aba76	67af868f78603b27b6747cbab4643b81e10e89c87af9e71d7c9c75069d5db25e	c2cf692746e3e4a171ada4848f0d40add48fe6b1778135144e906444aa12e258	035678b3df49c750		{BridgeName : Type u_1} → {SourceArtifact : Type u_2} → {SourceWitness : Type u_3} → {TargetArtifact : Type u_4} → {TargetWitness : Type u_5} → {Value : Type u_6} → BridgeName → (SourceArtifact → SourceWitness → Value → Bool) → (TargetArtifact → TargetWitness → Value → Bool) → Minidregg.Theory.NamedRepresentationBridge BridgeName SourceArtifact SourceWitness TargetArtifact TargetWitness Value
def	Minidregg.Theory.NamedRepresentationBridge.name	3a1e0ba6ea2914165dfe5b18a65632d6ac090a82a453180b107bae0604b90af9	7736bc9ecf8ad94ec377171bbd5b7409a60572a4d543abcaa1429037571c6f6e	2dc2a8b586c8724a2e63886ae6e045a128a0636d13c31305fd118b455a3b6088	6661d933c32437ad	-	{BridgeName : Type u_1} → {SourceArtifact : Type u_2} → {SourceWitness : Type u_3} → {TargetArtifact : Type u_4} → {TargetWitness : Type u_5} → {Value : Type u_6} → Minidregg.Theory.NamedRepresentationBridge BridgeName SourceArtifact SourceWitness TargetArtifact TargetWitness Value → BridgeName
def	Minidregg.Theory.NamedRepresentationBridge.sourceSemantics	55d38eebd6ecb34807c953ff4e8ac0e3c201df1f57623f11d81a104e2194355f	80d36d9eab65ddda09a485424c4a6e1c6a1c8edaa18c7492158c59728e85bce9	408a9961e3047061fea1bb4baaafcc9c5b7352bc80f3b002f7991aebc3a1619a	7cf7a33812610183	-	{BridgeName : Type u_1} → {SourceArtifact : Type u_2} → {SourceWitness : Type u_3} → {TargetArtifact : Type u_4} → {TargetWitness : Type u_5} → {Value : Type u_6} → Minidregg.Theory.NamedRepresentationBridge BridgeName SourceArtifact SourceWitness TargetArtifact TargetWitness Value → Minidregg.Theory.OpeningSemantics SourceArtifact SourceWitness Value
def	Minidregg.Theory.NamedRepresentationBridge.targetSemantics	c2a58edeb3c8222547fb478e387f33f2fadbef2946ebd2d839059e1dabc7ca9f	737364f02c89bf365f5360897c19c29c49bf068817dce8987c61e6f5b3a7777f	a2a384cfe5e745030baee105982417118ad32b8b852bc5a54d59ddcf2d708063	29809ea0d6b283ca	-	{BridgeName : Type u_1} → {SourceArtifact : Type u_2} → {SourceWitness : Type u_3} → {TargetArtifact : Type u_4} → {TargetWitness : Type u_5} → {Value : Type u_6} → Minidregg.Theory.NamedRepresentationBridge BridgeName SourceArtifact SourceWitness TargetArtifact TargetWitness Value → Minidregg.Theory.OpeningSemantics TargetArtifact TargetWitness Value
def	Minidregg.Theory.NamedRepresentationBridge.verifyIdentity	51829aeb11527e5f3b8aafaa49b7c5845a65bce7e0eeeb3e36bb71788db87880	61da30b3d61c86ebc60132942dbfdb63ed3117c228886911210d131a7241e8c3	973100351379ca404d3d15ae4dd4fb624b5d409a110fcc1faccdf78f942286fa	643ac5256aed9b1f	-	{BridgeName : Type u_1} → {SourceArtifact : Type u_2} → {SourceWitness : Type u_3} → {TargetArtifact : Type u_4} → {TargetWitness : Type u_5} → {Value : Type u_6} → Minidregg.Theory.NamedRepresentationBridge BridgeName SourceArtifact SourceWitness TargetArtifact TargetWitness Value → SourceArtifact → SourceWitness → TargetArtifact → TargetWitness → Value → Bool
def	Minidregg.Theory.NamedRepresentationBridge.verifySource	7d67e6edea7363273edde9373775e8bac82ecbf1ac9769c3e4f635fdb9b29c3a	2626b9d4662c01985022d367169d3201ad5706d644c0e7b83cad5021b3caade4	599bac386fb695078a15b1548ef9e94c07fa17019a6fd6bdb37b4ac2bb6dc40a	1339773a9bbc68c7	-	{BridgeName : Type u_1} → {SourceArtifact : Type u_2} → {SourceWitness : Type u_3} → {TargetArtifact : Type u_4} → {TargetWitness : Type u_5} → {Value : Type u_6} → Minidregg.Theory.NamedRepresentationBridge BridgeName SourceArtifact SourceWitness TargetArtifact TargetWitness Value → SourceArtifact → SourceWitness → Value → Bool
def	Minidregg.Theory.NamedRepresentationBridge.verifyTarget	b6eb1b80bc0be63467b190d60f65559cf0cf8f7117198920443b55cec88b2c90	f84458c38b58ac2dc71814ecb2fcd8bb68ee6a4b4cd88113dcc9783201ed1051	79985f421d7e433238d6c6d6ca8439fd9f101793e5c3d667aa9434cb8d3bba6d	c188bf091d1d257f	-	{BridgeName : Type u_1} → {SourceArtifact : Type u_2} → {SourceWitness : Type u_3} → {TargetArtifact : Type u_4} → {TargetWitness : Type u_5} → {Value : Type u_6} → Minidregg.Theory.NamedRepresentationBridge BridgeName SourceArtifact SourceWitness TargetArtifact TargetWitness Value → TargetArtifact → TargetWitness → Value → Bool
inductive	Minidregg.Theory.PrivateComputationDeclaration	8f988702146d9828284d48f3e4b01652fa83bebee7d1f4f05775b7ac21b34cbe	8b185449bbeb647bab544f613669a91bb593be78d6bb33e744183c325bdc8e95	415c77327e84347a859cef4806583911dea61df820c048e1b9cc1afefb14380a	6f63a7d3ebb59d04		Minidregg.Theory.PrivateComputationLanguage → Minidregg.Theory.PrivateComputationKind → Type u_1 → Type u_2 → Type u_3 → Type u_4 → Type u_5 → Type u_6 → Type u_7 → Type u_8 → Type u_9 → Type u_10 → Type u_11 → Type u_12 → Type u_13 → Type u_14 → Type u_15 → Type u_16 → Type u_17 → Type u_18 → Type (max (max (max (max (max (max (max (max (max (max (max (max (max (max (max (max (max u_1 u_10) u_11) u_12) u_13) u_14) u_15) u_16) u_17) u_18) u_2) u_3) u_4) u_5) u_6) u_7) u_8) u_9)
inductive	Minidregg.Theory.PrivateComputationDeclaration.Completion	42cbe6a14e9965521b57df7337ef1f4c6a1daeacc559840dd9e6303fe53ef638	f6851ef8e61c41ada595b0d6198a99fce88427302bc12e29452571961ab70e4a	88117b5dd8dfa1f072dea308b719cb722b32abdfbedf962b5843a116218b3fa0	6d6cdcc0d7964364		{language : Minidregg.Theory.PrivateComputationLanguage} → {mode : Minidregg.Theory.PrivateComputationKind} → {Observer : Type u_1} → {Policy : Type u_2} → {Recipient : Type u_3} → {Purpose : Type u_4} → {BridgeName : Type u_5} → {AuthorizationContext : Type u_6} → {CanonicalInput : Type u_7} → {SemanticInput : Type u_8} → {InputSourceWitness : Type u_9} → {InputTargetWitness : Type u_10} → {AuthorizationWitness : Type u_11} → {OutputCommitment : Type u_12} → {PrivateOutput : Type u_13} → {OutputSourceWitness : Type u_14} → {OutputTargetWitness : Type u_15} → {ReleaseAuthorizationWitness : Type u_16} → {DeclassificationAuthority : Type u_17} → {Release : Type u_18} → (declaration : Minidregg.Theory.PrivateComputationDeclaration language mode Observer Policy Recipient Purpose BridgeName AuthorizationContext CanonicalInput SemanticInput InputSourceWitness InputTargetWitness AuthorizationWitness OutputCommitment PrivateOutput OutputSourceWitness OutputTargetWitness ReleaseAuthorizationWitness DeclassificationAuthority Release) → [DecidableEq Release] → declaration.Request → declaration.Outcome → Type (max (max (max (max (max u_10 u_11) u_14) u_15) u_16) u_9)
def	Minidregg.Theory.PrivateComputationDeclaration.Completion.authorization	3981e5a8a85c6a25d401863536296971eebbd7a60d74ae513a0e467fade2c83d	084c0271cfa501ad67c0a4c296261982b7a08b7025a6a72a4f3c4c927b245ca2	deb395eb0fb7e6446989ffd26acba9a738195e51a52ee2af69c04cc6d8f1bd8d	6646cfe7e6039a80	-	{language : Minidregg.Theory.PrivateComputationLanguage} → {mode : Minidregg.Theory.PrivateComputationKind} → {Observer : Type u_1} → {Policy : Type u_2} → {Recipient : Type u_3} → {Purpose : Type u_4} → {BridgeName : Type u_5} → {AuthorizationContext : Type u_6} → {CanonicalInput : Type u_7} → {SemanticInput : Type u_8} → {InputSourceWitness : Type u_9} → {InputTargetWitness : Type u_10} → {AuthorizationWitness : Type u_11} → {OutputCommitment : Type u_12} → {PrivateOutput : Type u_13} → {OutputSourceWitness : Type u_14} → {OutputTargetWitness : Type u_15} → {ReleaseAuthorizationWitness : Type u_16} → {DeclassificationAuthority : Type u_17} → {Release : Type u_18} → {declaration : Minidregg.Theory.PrivateComputationDeclaration language mode Observer Policy Recipient Purpose BridgeName AuthorizationContext CanonicalInput SemanticInput InputSourceWitness InputTargetWitness AuthorizationWitness OutputCommitment PrivateOutput OutputSourceWitness OutputTargetWitness ReleaseAuthorizationWitness DeclassificationAuthority Release} → [inst : DecidableEq Release] → {request : declaration.Request} → {outcome : declaration.Outcome} → declaration.Completion request outcome → Minidregg.Theory.CheckedPrivateEvidence declaration.authorizationPortal request
def	Minidregg.Theory.PrivateComputationDeclaration.Completion.computation	6bda2797a12b2c699feea0ee0028e592f0b0a1bd59ce0739340de03966a34298	f91133c3f760041902b41857fbf8c02dda99ba2db5fdabbb071bcb1006d4241d	001d06b90d70d6bae3b0ea6605fd06f7164c85356f27232c68a125eaf53b8890	35feeaa78b01975b	-	{language : Minidregg.Theory.PrivateComputationLanguage} → {mode : Minidregg.Theory.PrivateComputationKind} → {Observer : Type u_1} → {Policy : Type u_2} → {Recipient : Type u_3} → {Purpose : Type u_4} → {BridgeName : Type u_5} → {AuthorizationContext : Type u_6} → {CanonicalInput : Type u_7} → {SemanticInput : Type u_8} → {InputSourceWitness : Type u_9} → {InputTargetWitness : Type u_10} → {AuthorizationWitness : Type u_11} → {OutputCommitment : Type u_12} → {PrivateOutput : Type u_13} → {OutputSourceWitness : Type u_14} → {OutputTargetWitness : Type u_15} → {ReleaseAuthorizationWitness : Type u_16} → {DeclassificationAuthority : Type u_17} → {Release : Type u_18} → {declaration : Minidregg.Theory.PrivateComputationDeclaration language mode Observer Policy Recipient Purpose BridgeName AuthorizationContext CanonicalInput SemanticInput InputSourceWitness InputTargetWitness AuthorizationWitness OutputCommitment PrivateOutput OutputSourceWitness OutputTargetWitness ReleaseAuthorizationWitness DeclassificationAuthority Release} → [inst : DecidableEq Release] → {request : declaration.Request} → {outcome : declaration.Outcome} → declaration.Completion request outcome → Minidregg.Theory.CheckedPrivateEvidence declaration.computationPortal (declaration.statementOf request outcome)
theorem	Minidregg.Theory.PrivateComputationDeclaration.Completion.disclosureDeclared	bb2f6958476a64c694dd3acb1524946c78156ec6d42baf1efe7e6b183f970335	f3d21e7fb44708ec1364989b2b62dae77c7c9529f96acbd42ace41d6b64327e7	2991ff549b42ed94013bc5911944fe04238475fdbabeddc3fcaff083942cb214	24bfecc4f2844891	-	∀ {language : Minidregg.Theory.PrivateComputationLanguage} {mode : Minidregg.Theory.PrivateComputationKind} {Observer : Type u_1} {Policy : Type u_2} {Recipient : Type u_3} {Purpose : Type u_4} {BridgeName : Type u_5} {AuthorizationContext : Type u_6} {CanonicalInput : Type u_7} {SemanticInput : Type u_8} {InputSourceWitness : Type u_9} {InputTargetWitness : Type u_10} {AuthorizationWitness : Type u_11} {OutputCommitment : Type u_12} {PrivateOutput : Type u_13} {OutputSourceWitness : Type u_14} {OutputTargetWitness : Type u_15} {ReleaseAuthorizationWitness : Type u_16} {DeclassificationAuthority : Type u_17} {Release : Type u_18} {declaration : Minidregg.Theory.PrivateComputationDeclaration language mode Observer Policy Recipient Purpose BridgeName AuthorizationContext CanonicalInput SemanticInput InputSourceWitness InputTargetWitness AuthorizationWitness OutputCommitment PrivateOutput OutputSourceWitness OutputTargetWitness ReleaseAuthorizationWitness DeclassificationAuthority Release} [inst : DecidableEq Release] {request : declaration.Request} {outcome : declaration.Outcome} (self : declaration.Completion request outcome), outcome.disclosureEffect = request.disclosureIntent.materialize outcome.release
theorem	Minidregg.Theory.PrivateComputationDeclaration.Completion.implies_declared_semantics	78f0e2e2619448a09ae8fa9ea99bc6d7ab519b86b68840e449b7b5b5677fc9a7	361201254593a0d511594821739e2de7b712de27a8bf11bd9cda801bd55ddf46	71dcb7e8f32536c784002465fa0638f9452b9c3db579518958d1289dc71802d9	44feff50567cf2f1	propext	∀ {language : Minidregg.Theory.PrivateComputationLanguage} {mode : Minidregg.Theory.PrivateComputationKind} {Observer : Type u_1} {Policy : Type u_2} {Recipient : Type u_3} {Purpose : Type u_4} {BridgeName : Type u_5} {AuthorizationContext : Type u_6} {CanonicalInput : Type u_7} {SemanticInput : Type u_8} {InputSourceWitness : Type u_9} {InputTargetWitness : Type u_10} {AuthorizationWitness : Type u_11} {OutputCommitment : Type u_12} {PrivateOutput : Type u_13} {OutputSourceWitness : Type u_14} {OutputTargetWitness : Type u_15} {ReleaseAuthorizationWitness : Type u_16} {DeclassificationAuthority : Type u_17} {Release : Type u_18} (declaration : Minidregg.Theory.PrivateComputationDeclaration language mode Observer Policy Recipient Purpose BridgeName AuthorizationContext CanonicalInput SemanticInput InputSourceWitness InputTargetWitness AuthorizationWitness OutputCommitment PrivateOutput OutputSourceWitness OutputTargetWitness ReleaseAuthorizationWitness DeclassificationAuthority Release) [inst : DecidableEq Release] {request : declaration.Request} {outcome : declaration.Outcome} (completion : declaration.Completion request outcome), declaration.authorizationPortal.Accepts request completion.authorization.witness ∧ Minidregg.Theory.SameOpening declaration.inputBridge.sourceSemantics declaration.inputBridge.targetSemantics request.canonicalInput completion.inputIdentity.sourceWitness request.computationInput completion.inputIdentity.targetWitness ∧ declaration.computationPortal.Accepts (declaration.statementOf request outcome) completion.computation.witness ∧ outcome.disclosureEffect = request.disclosureIntent.materialize outcome.release ∧ Minidregg.Theory.SameOpening declaration.disclosureDeclaration.sourceOpeningSemantics declaration.disclosureDeclaration.targetOpeningSemantics outcome.output.commitment completion.outputDisclosure.sameOpening.witness.source outcome.output.representation completion.outputDisclosure.sameOpening.witness.target ∧ Minidregg.Theory.AuthorizedRelease declaration.disclosureDeclaration.releaseSemantics request.disclosureRequest request.disclosureRequest.recipient request.disclosureRequest.purpose outcome.output.privateOutput outcome.release
def	Minidregg.Theory.PrivateComputationDeclaration.Completion.inputIdentity	7d4d13e6421092d6ac46c8b3bc3d5cdc12aa052b3d4fb4d7bc7a939364457a12	9810d51c3654ca09329451e0f786b6df282854637cbc5d5047fc0d569c2231a4	2abaad8ea49bb0205073934e0f390ba2ca8834130e4262aac93ff09f74caa691	486d1bc1cb6a0fd6	-	{language : Minidregg.Theory.PrivateComputationLanguage} → {mode : Minidregg.Theory.PrivateComputationKind} → {Observer : Type u_1} → {Policy : Type u_2} → {Recipient : Type u_3} → {Purpose : Type u_4} → {BridgeName : Type u_5} → {AuthorizationContext : Type u_6} → {CanonicalInput : Type u_7} → {SemanticInput : Type u_8} → {InputSourceWitness : Type u_9} → {InputTargetWitness : Type u_10} → {AuthorizationWitness : Type u_11} → {OutputCommitment : Type u_12} → {PrivateOutput : Type u_13} → {OutputSourceWitness : Type u_14} → {OutputTargetWitness : Type u_15} → {ReleaseAuthorizationWitness : Type u_16} → {DeclassificationAuthority : Type u_17} → {Release : Type u_18} → {declaration : Minidregg.Theory.PrivateComputationDeclaration language mode Observer Policy Recipient Purpose BridgeName AuthorizationContext CanonicalInput SemanticInput InputSourceWitness InputTargetWitness AuthorizationWitness OutputCommitment PrivateOutput OutputSourceWitness OutputTargetWitness ReleaseAuthorizationWitness DeclassificationAuthority Release} → [inst : DecidableEq Release] → {request : declaration.Request} → {outcome : declaration.Outcome} → declaration.Completion request outcome → declaration.inputBridge.CheckedIdentity request.inputBridgeName request.canonicalInput request.computationInput request.inputValue
ctor	Minidregg.Theory.PrivateComputationDeclaration.Completion.mk	c211665b04e597f62be7acca6b6d871f9311893f6bbecf41becf89be8d3a8dbe	434eb16a7b01ab756abc7bd94a975513a53a28853fe5be41b8dec90c5f35d3d5	2ff308c33517276658fd595e46956419a31a7b2ac633f2af5ad2665b27dfbd96	68d006ac3816b32d		{language : Minidregg.Theory.PrivateComputationLanguage} → {mode : Minidregg.Theory.PrivateComputationKind} → {Observer : Type u_1} → {Policy : Type u_2} → {Recipient : Type u_3} → {Purpose : Type u_4} → {BridgeName : Type u_5} → {AuthorizationContext : Type u_6} → {CanonicalInput : Type u_7} → {SemanticInput : Type u_8} → {InputSourceWitness : Type u_9} → {InputTargetWitness : Type u_10} → {AuthorizationWitness : Type u_11} → {OutputCommitment : Type u_12} → {PrivateOutput : Type u_13} → {OutputSourceWitness : Type u_14} → {OutputTargetWitness : Type u_15} → {ReleaseAuthorizationWitness : Type u_16} → {DeclassificationAuthority : Type u_17} → {Release : Type u_18} → {declaration : Minidregg.Theory.PrivateComputationDeclaration language mode Observer Policy Recipient Purpose BridgeName AuthorizationContext CanonicalInput SemanticInput InputSourceWitness InputTargetWitness AuthorizationWitness OutputCommitment PrivateOutput OutputSourceWitness OutputTargetWitness ReleaseAuthorizationWitness DeclassificationAuthority Release} → [inst : DecidableEq Release] → {request : declaration.Request} → {outcome : declaration.Outcome} → Minidregg.Theory.CheckedPrivateEvidence declaration.authorizationPortal request → declaration.inputBridge.CheckedIdentity request.inputBridgeName request.canonicalInput request.computationInput request.inputValue → Minidregg.Theory.CheckedPrivateEvidence declaration.computationPortal (declaration.statementOf request outcome) → declaration.disclosureDeclaration.VerifiedRelease request.disclosureRequest outcome.output outcome.release → outcome.disclosureEffect = request.disclosureIntent.materialize outcome.release → declaration.Completion request outcome
def	Minidregg.Theory.PrivateComputationDeclaration.Completion.outputDisclosure	9ddec05066a4d2396b6e90a56416e64c45fb292756ed6422db6270580a48a34a	7325eed5d8822c9f49ab245b2427f95451e3a25b50a9128895e923bfb546c446	62bed5996fea93f6c2db78946dd5b9680e1c5ace3eca98e0ed4d41195ea87e54	8d95978730cc4b46	-	{language : Minidregg.Theory.PrivateComputationLanguage} → {mode : Minidregg.Theory.PrivateComputationKind} → {Observer : Type u_1} → {Policy : Type u_2} → {Recipient : Type u_3} → {Purpose : Type u_4} → {BridgeName : Type u_5} → {AuthorizationContext : Type u_6} → {CanonicalInput : Type u_7} → {SemanticInput : Type u_8} → {InputSourceWitness : Type u_9} → {InputTargetWitness : Type u_10} → {AuthorizationWitness : Type u_11} → {OutputCommitment : Type u_12} → {PrivateOutput : Type u_13} → {OutputSourceWitness : Type u_14} → {OutputTargetWitness : Type u_15} → {ReleaseAuthorizationWitness : Type u_16} → {DeclassificationAuthority : Type u_17} → {Release : Type u_18} → {declaration : Minidregg.Theory.PrivateComputationDeclaration language mode Observer Policy Recipient Purpose BridgeName AuthorizationContext CanonicalInput SemanticInput InputSourceWitness InputTargetWitness AuthorizationWitness OutputCommitment PrivateOutput OutputSourceWitness OutputTargetWitness ReleaseAuthorizationWitness DeclassificationAuthority Release} → [inst : DecidableEq Release] → {request : declaration.Request} → {outcome : declaration.Outcome} → declaration.Completion request outcome → declaration.disclosureDeclaration.VerifiedRelease request.disclosureRequest outcome.output outcome.release
def	Minidregg.Theory.PrivateComputationDeclaration.Completion.toComputationCompletion	6ba3342a9299a60dfbb14e629f72fa53960fea73c6fc7adb85f032fc36a0dcd8	e25a9d8927e64ebf748e1efbc51c318e8f0338351971e43d42ef3387a406a475	cb895e7802fd3ac6e39bc3038e774a22816de31cdd2c37809bb1c531ff1aa0e0	45af91c2be1466c0	-	{language : Minidregg.Theory.PrivateComputationLanguage} → {mode : Minidregg.Theory.PrivateComputationKind} → {Observer : Type u_1} → {Policy : Type u_2} → {Recipient : Type u_3} → {Purpose : Type u_4} → {BridgeName : Type u_5} → {AuthorizationContext : Type u_6} → {CanonicalInput : Type u_7} → {SemanticInput : Type u_8} → {InputSourceWitness : Type u_9} → {InputTargetWitness : Type u_10} → {AuthorizationWitness : Type u_11} → {OutputCommitment : Type u_12} → {PrivateOutput : Type u_13} → {OutputSourceWitness : Type u_14} → {OutputTargetWitness : Type u_15} → {ReleaseAuthorizationWitness : Type u_16} → {DeclassificationAuthority : Type u_17} → {Release : Type u_18} → (declaration : Minidregg.Theory.PrivateComputationDeclaration language mode Observer Policy Recipient Purpose BridgeName AuthorizationContext CanonicalInput SemanticInput InputSourceWitness InputTargetWitness AuthorizationWitness OutputCommitment PrivateOutput OutputSourceWitness OutputTargetWitness ReleaseAuthorizationWitness DeclassificationAuthority Release) → [inst : DecidableEq Release] → {request : declaration.Request} → {outcome : declaration.Outcome} → declaration.Completion request outcome → declaration.ComputationCompletion request (Minidregg.Theory.PrivateComputationDeclaration.Outcome.computation declaration outcome)
inductive	Minidregg.Theory.PrivateComputationDeclaration.ComputationCompletion	b8e69c97daafec53d21a6cc70b799d5b24725b59b32d320fbc90c9896a3c7bcd	27dca881fd2932395aa260ab86d7e0e9faa9e08304aec509424a19a89765e074	f20f76fbdda8f5be28b5507af1073b03cf548bb6d754270edfcd3e8c7a750a97	692cd844f13ffb56		{language : Minidregg.Theory.PrivateComputationLanguage} → {mode : Minidregg.Theory.PrivateComputationKind} → {Observer : Type u_1} → {Policy : Type u_2} → {Recipient : Type u_3} → {Purpose : Type u_4} → {BridgeName : Type u_5} → {AuthorizationContext : Type u_6} → {CanonicalInput : Type u_7} → {SemanticInput : Type u_8} → {InputSourceWitness : Type u_9} → {InputTargetWitness : Type u_10} → {AuthorizationWitness : Type u_11} → {OutputCommitment : Type u_12} → {PrivateOutput : Type u_13} → {OutputSourceWitness : Type u_14} → {OutputTargetWitness : Type u_15} → {ReleaseAuthorizationWitness : Type u_16} → {DeclassificationAuthority : Type u_17} → {Release : Type u_18} → (declaration : Minidregg.Theory.PrivateComputationDeclaration language mode Observer Policy Recipient Purpose BridgeName AuthorizationContext CanonicalInput SemanticInput InputSourceWitness InputTargetWitness AuthorizationWitness OutputCommitment PrivateOutput OutputSourceWitness OutputTargetWitness ReleaseAuthorizationWitness DeclassificationAuthority Release) → declaration.Request → declaration.ComputationOutcome → Type (max (max u_10 u_11) u_9)
def	Minidregg.Theory.PrivateComputationDeclaration.ComputationCompletion.authorization	dca1b12a64e16e5f895e7c2c509907079fedfd62aca2fc6c36b8b2ccaa1ba957	3ffdf0f438846a5e9f7429271fd0ea44e9e79ec549667665ffb819bcad421128	33b672a71a4706913000809d39884ccaa3c2ddfdbfc32e930dd770a08733b7ad	76784fd0b489d6ff	-	{language : Minidregg.Theory.PrivateComputationLanguage} → {mode : Minidregg.Theory.PrivateComputationKind} → {Observer : Type u_1} → {Policy : Type u_2} → {Recipient : Type u_3} → {Purpose : Type u_4} → {BridgeName : Type u_5} → {AuthorizationContext : Type u_6} → {CanonicalInput : Type u_7} → {SemanticInput : Type u_8} → {InputSourceWitness : Type u_9} → {InputTargetWitness : Type u_10} → {AuthorizationWitness : Type u_11} → {OutputCommitment : Type u_12} → {PrivateOutput : Type u_13} → {OutputSourceWitness : Type u_14} → {OutputTargetWitness : Type u_15} → {ReleaseAuthorizationWitness : Type u_16} → {DeclassificationAuthority : Type u_17} → {Release : Type u_18} → {declaration : Minidregg.Theory.PrivateComputationDeclaration language mode Observer Policy Recipient Purpose BridgeName AuthorizationContext CanonicalInput SemanticInput InputSourceWitness InputTargetWitness AuthorizationWitness OutputCommitment PrivateOutput OutputSourceWitness OutputTargetWitness ReleaseAuthorizationWitness DeclassificationAuthority Release} → {request : declaration.Request} → {outcome : declaration.ComputationOutcome} → declaration.ComputationCompletion request outcome → Minidregg.Theory.CheckedPrivateEvidence declaration.authorizationPortal request
def	Minidregg.Theory.PrivateComputationDeclaration.ComputationCompletion.computation	8c7d5270bfa70227360f7ba107e31e05499ccb909f15e022fd4c3eb609e3a748	2158362c131bae6a1e72b84e7528d45cccdcb6b5dbc024df881e20128ab861b2	6cfa872123caf3818fdfaad821f3a89469e8870bfcc0483c86fa08e172139f1c	983809696c38684e	-	{language : Minidregg.Theory.PrivateComputationLanguage} → {mode : Minidregg.Theory.PrivateComputationKind} → {Observer : Type u_1} → {Policy : Type u_2} → {Recipient : Type u_3} → {Purpose : Type u_4} → {BridgeName : Type u_5} → {AuthorizationContext : Type u_6} → {CanonicalInput : Type u_7} → {SemanticInput : Type u_8} → {InputSourceWitness : Type u_9} → {InputTargetWitness : Type u_10} → {AuthorizationWitness : Type u_11} → {OutputCommitment : Type u_12} → {PrivateOutput : Type u_13} → {OutputSourceWitness : Type u_14} → {OutputTargetWitness : Type u_15} → {ReleaseAuthorizationWitness : Type u_16} → {DeclassificationAuthority : Type u_17} → {Release : Type u_18} → {declaration : Minidregg.Theory.PrivateComputationDeclaration language mode Observer Policy Recipient Purpose BridgeName AuthorizationContext CanonicalInput SemanticInput InputSourceWitness InputTargetWitness AuthorizationWitness OutputCommitment PrivateOutput OutputSourceWitness OutputTargetWitness ReleaseAuthorizationWitness DeclassificationAuthority Release} → {request : declaration.Request} → {outcome : declaration.ComputationOutcome} → declaration.ComputationCompletion request outcome → Minidregg.Theory.CheckedPrivateEvidence declaration.computationPortal (declaration.computationStatementOf request outcome)
theorem	Minidregg.Theory.PrivateComputationDeclaration.ComputationCompletion.implies_computation_semantics	f67e5e1d43b606f4735ed1002dc8cd15852025566959af0b3ad4819c06479982	2bf57c716b5418b3854a62ce5db594cc838fd2427b9aabd002baf26547255376	7e9e019806ead3b3b60affc27d28e7378a2273218cf66c7755eeafe159343db0	e348cdfffac6ed20	propext	∀ {language : Minidregg.Theory.PrivateComputationLanguage} {mode : Minidregg.Theory.PrivateComputationKind} {Observer : Type u_1} {Policy : Type u_2} {Recipient : Type u_3} {Purpose : Type u_4} {BridgeName : Type u_5} {AuthorizationContext : Type u_6} {CanonicalInput : Type u_7} {SemanticInput : Type u_8} {InputSourceWitness : Type u_9} {InputTargetWitness : Type u_10} {AuthorizationWitness : Type u_11} {OutputCommitment : Type u_12} {PrivateOutput : Type u_13} {OutputSourceWitness : Type u_14} {OutputTargetWitness : Type u_15} {ReleaseAuthorizationWitness : Type u_16} {DeclassificationAuthority : Type u_17} {Release : Type u_18} (declaration : Minidregg.Theory.PrivateComputationDeclaration language mode Observer Policy Recipient Purpose BridgeName AuthorizationContext CanonicalInput SemanticInput InputSourceWitness InputTargetWitness AuthorizationWitness OutputCommitment PrivateOutput OutputSourceWitness OutputTargetWitness ReleaseAuthorizationWitness DeclassificationAuthority Release) {request : declaration.Request} {outcome : declaration.ComputationOutcome} (completion : declaration.ComputationCompletion request outcome), declaration.authorizationPortal.Accepts request completion.authorization.witness ∧ Minidregg.Theory.SameOpening declaration.inputBridge.sourceSemantics declaration.inputBridge.targetSemantics request.canonicalInput completion.inputIdentity.sourceWitness request.computationInput completion.inputIdentity.targetWitness ∧ declaration.computationPortal.Accepts (declaration.computationStatementOf request outcome) completion.computation.witness
def	Minidregg.Theory.PrivateComputationDeclaration.ComputationCompletion.inputIdentity	9b0cfd6fc517055208589e828ad99b7e9b72434d0e1fda0a55fb3e3cba73777d	3f468c92e25dfc23d9c91328cbffbc18b54f608552875bdfb36ff9c8b144b25d	b98823cc372ad1ba053efa892bf5f65b69db169417de48ee850ed0e69511ce73	ea01e6bac4f4bdd9	-	{language : Minidregg.Theory.PrivateComputationLanguage} → {mode : Minidregg.Theory.PrivateComputationKind} → {Observer : Type u_1} → {Policy : Type u_2} → {Recipient : Type u_3} → {Purpose : Type u_4} → {BridgeName : Type u_5} → {AuthorizationContext : Type u_6} → {CanonicalInput : Type u_7} → {SemanticInput : Type u_8} → {InputSourceWitness : Type u_9} → {InputTargetWitness : Type u_10} → {AuthorizationWitness : Type u_11} → {OutputCommitment : Type u_12} → {PrivateOutput : Type u_13} → {OutputSourceWitness : Type u_14} → {OutputTargetWitness : Type u_15} → {ReleaseAuthorizationWitness : Type u_16} → {DeclassificationAuthority : Type u_17} → {Release : Type u_18} → {declaration : Minidregg.Theory.PrivateComputationDeclaration language mode Observer Policy Recipient Purpose BridgeName AuthorizationContext CanonicalInput SemanticInput InputSourceWitness InputTargetWitness AuthorizationWitness OutputCommitment PrivateOutput OutputSourceWitness OutputTargetWitness ReleaseAuthorizationWitness DeclassificationAuthority Release} → {request : declaration.Request} → {outcome : declaration.ComputationOutcome} → declaration.ComputationCompletion request outcome → declaration.inputBridge.CheckedIdentity request.inputBridgeName request.canonicalInput request.computationInput request.inputValue
ctor	Minidregg.Theory.PrivateComputationDeclaration.ComputationCompletion.mk	63a2944d098e0bfe7208ef76306453dc4631997ab5f9f7ccc793cdd45f977291	5410b9fa489384869c9682b03c7be3a7ed72e42fce60594da19de0c3551ad65f	3e832e1f12687165ae5b6b3ad8e78dd75c754c7feb9c5caa85b68712f59413a0	0a3e11149e9ee2a4		{language : Minidregg.Theory.PrivateComputationLanguage} → {mode : Minidregg.Theory.PrivateComputationKind} → {Observer : Type u_1} → {Policy : Type u_2} → {Recipient : Type u_3} → {Purpose : Type u_4} → {BridgeName : Type u_5} → {AuthorizationContext : Type u_6} → {CanonicalInput : Type u_7} → {SemanticInput : Type u_8} → {InputSourceWitness : Type u_9} → {InputTargetWitness : Type u_10} → {AuthorizationWitness : Type u_11} → {OutputCommitment : Type u_12} → {PrivateOutput : Type u_13} → {OutputSourceWitness : Type u_14} → {OutputTargetWitness : Type u_15} → {ReleaseAuthorizationWitness : Type u_16} → {DeclassificationAuthority : Type u_17} → {Release : Type u_18} → {declaration : Minidregg.Theory.PrivateComputationDeclaration language mode Observer Policy Recipient Purpose BridgeName AuthorizationContext CanonicalInput SemanticInput InputSourceWitness InputTargetWitness AuthorizationWitness OutputCommitment PrivateOutput OutputSourceWitness OutputTargetWitness ReleaseAuthorizationWitness DeclassificationAuthority Release} → {request : declaration.Request} → {outcome : declaration.ComputationOutcome} → Minidregg.Theory.CheckedPrivateEvidence declaration.authorizationPortal request → declaration.inputBridge.CheckedIdentity request.inputBridgeName request.canonicalInput request.computationInput request.inputValue → Minidregg.Theory.CheckedPrivateEvidence declaration.computationPortal (declaration.computationStatementOf request outcome) → declaration.ComputationCompletion request outcome
def	Minidregg.Theory.PrivateComputationDeclaration.ComputationOutcome	cbb4d6e50d06b454f4755ad8a3a3bf29d541fb0c3cc2149fb92bc807c5ddcf04	f07bbdb326ac932a5bcceeac4b20cdce551a79cd8d8ac315265ef9f298363078	21fab79b9a6261f7c6827bf590951e94fdc6f6e5998b966607a01f7365fa36bb	e309bb3d2058a3d4	-	{language : Minidregg.Theory.PrivateComputationLanguage} → {mode : Minidregg.Theory.PrivateComputationKind} → {Observer : Type u_1} → {Policy : Type u_2} → {Recipient : Type u_3} → {Purpose : Type u_4} → {BridgeName : Type u_5} → {AuthorizationContext : Type u_6} → {CanonicalInput : Type u_7} → {SemanticInput : Type u_8} → {InputSourceWitness : Type u_9} → {InputTargetWitness : Type u_10} → {AuthorizationWitness : Type u_11} → {OutputCommitment : Type u_12} → {PrivateOutput : Type u_13} → {OutputSourceWitness : Type u_14} → {OutputTargetWitness : Type u_15} → {ReleaseAuthorizationWitness : Type u_16} → {DeclassificationAuthority : Type u_17} → {Release : Type u_18} → Minidregg.Theory.PrivateComputationDeclaration language mode Observer Policy Recipient Purpose BridgeName AuthorizationContext CanonicalInput SemanticInput InputSourceWitness InputTargetWitness AuthorizationWitness OutputCommitment PrivateOutput OutputSourceWitness OutputTargetWitness ReleaseAuthorizationWitness DeclassificationAuthority Release → Type (max u_12 u_13)
inductive	Minidregg.Theory.PrivateComputationDeclaration.LegacyCoreProjection	9807800701b6c078c9f6b0e8704254724a4d146c88df3e3b77315da7544a4637	071c1d80aeb5b39704b15605afe6ea50664d5c5fa666a3b991adfcfec25673fe	7684f853c4ae58e9744c62720c52731de41dd9b82644880abc841ac0e1b9bd47	126d8edf4b1321dc		{language : Minidregg.Theory.PrivateComputationLanguage} → {mode : Minidregg.Theory.PrivateComputationKind} → {Observer : Type u_1} → {Policy : Type u_2} → {Recipient : Type u_3} → {Purpose : Type u_4} → {BridgeName : Type u_5} → {AuthorizationContext : Type u_6} → {CanonicalInput : Type u_7} → {SemanticInput : Type u_8} → {InputSourceWitness : Type u_9} → {InputTargetWitness : Type u_10} → {AuthorizationWitness : Type u_11} → {OutputCommitment : Type u_12} → {PrivateOutput : Type u_13} → {OutputSourceWitness : Type u_14} → {OutputTargetWitness : Type u_15} → {ReleaseAuthorizationWitness : Type u_16} → {DeclassificationAuthority : Type u_17} → {Release : Type u_18} → Minidregg.Theory.PrivateComputationDeclaration language mode Observer Policy Recipient Purpose BridgeName AuthorizationContext CanonicalInput SemanticInput InputSourceWitness InputTargetWitness AuthorizationWitness OutputCommitment PrivateOutput OutputSourceWitness OutputTargetWitness ReleaseAuthorizationWitness DeclassificationAuthority Release → Type u_19 → Type u_20 → Type u_21 → Type u_22 → Type u_23 → Type (max (max (max (max (max (max (max (max (max (max (max (max (max (max (max u_1 u_12) u_13) u_17) u_19) u_2) u_20) u_21) u_22) u_23) u_3) u_4) u_5) u_6) u_7) u_8)
def	Minidregg.Theory.PrivateComputationDeclaration.LegacyCoreProjection.footprint	967bc75be437bb71a74745004fc43def48eb7abe549637941b8dcefd6b7d5891	3af93d14a5971483a3e9e046131c6dced66b21bc1d7b6a64ae4ce700449b6150	7d9533fe1c481c4397092c8aac5a55366434154543591728df2edaca5eac47e6	cf5f7165cc3195b7	-	{language : Minidregg.Theory.PrivateComputationLanguage} → {mode : Minidregg.Theory.PrivateComputationKind} → {Observer : Type u_1} → {Policy : Type u_2} → {Recipient : Type u_3} → {Purpose : Type u_4} → {BridgeName : Type u_5} → {AuthorizationContext : Type u_6} → {CanonicalInput : Type u_7} → {SemanticInput : Type u_8} → {InputSourceWitness : Type u_9} → {InputTargetWitness : Type u_10} → {AuthorizationWitness : Type u_11} → {OutputCommitment : Type u_12} → {PrivateOutput : Type u_13} → {OutputSourceWitness : Type u_14} → {OutputTargetWitness : Type u_15} → {ReleaseAuthorizationWitness : Type u_16} → {DeclassificationAuthority : Type u_17} → {Release : Type u_18} → {declaration : Minidregg.Theory.PrivateComputationDeclaration language mode Observer Policy Recipient Purpose BridgeName AuthorizationContext CanonicalInput SemanticInput InputSourceWitness InputTargetWitness AuthorizationWitness OutputCommitment PrivateOutput OutputSourceWitness OutputTargetWitness ReleaseAuthorizationWitness DeclassificationAuthority Release} → {Relation : Type u_19} → {ResourceEffect : Type u_20} → {Footprint : Type u_21} → {Nullifier : Type u_22} → {ModeEvidencePins : Type u_23} → declaration.LegacyCoreProjection Relation ResourceEffect Footprint Nullifier ModeEvidencePins → declaration.Request → declaration.ComputationOutcome → Footprint
ctor	Minidregg.Theory.PrivateComputationDeclaration.LegacyCoreProjection.mk	032015fb3d221d7fa6d0c5898c6fa37cccaa4862aab46891dc4d0038960ac12c	bdc99cf78806745eb51d7d3a34cd210823043d268eaaa0b6dfe90b794b31ed13	7c3f0ef9e465f689f7c08c187ec8d40d49c436b40e584c8e4f9d1794975d3578	6cbb5e494eeb787f		{language : Minidregg.Theory.PrivateComputationLanguage} → {mode : Minidregg.Theory.PrivateComputationKind} → {Observer : Type u_1} → {Policy : Type u_2} → {Recipient : Type u_3} → {Purpose : Type u_4} → {BridgeName : Type u_5} → {AuthorizationContext : Type u_6} → {CanonicalInput : Type u_7} → {SemanticInput : Type u_8} → {InputSourceWitness : Type u_9} → {InputTargetWitness : Type u_10} → {AuthorizationWitness : Type u_11} → {OutputCommitment : Type u_12} → {PrivateOutput : Type u_13} → {OutputSourceWitness : Type u_14} → {OutputTargetWitness : Type u_15} → {ReleaseAuthorizationWitness : Type u_16} → {DeclassificationAuthority : Type u_17} → {Release : Type u_18} → {declaration : Minidregg.Theory.PrivateComputationDeclaration language mode Observer Policy Recipient Purpose BridgeName AuthorizationContext CanonicalInput SemanticInput InputSourceWitness InputTargetWitness AuthorizationWitness OutputCommitment PrivateOutput OutputSourceWitness OutputTargetWitness ReleaseAuthorizationWitness DeclassificationAuthority Release} → {Relation : Type u_19} → {ResourceEffect : Type u_20} → {Footprint : Type u_21} → {Nullifier : Type u_22} → {ModeEvidencePins : Type u_23} → (declaration.Request → Relation) → (declaration.Request → declaration.ComputationOutcome → List ResourceEffect) → (declaration.Request → declaration.ComputationOutcome → Footprint) → (declaration.Request → declaration.ComputationOutcome → Option Nullifier) → (declaration.Request → ModeEvidencePins) → declaration.LegacyCoreProjection Relation ResourceEffect Footprint Nullifier ModeEvidencePins
def	Minidregg.Theory.PrivateComputationDeclaration.LegacyCoreProjection.modeEvidencePins	7715769a8b09282ce0e507023ea34d4cb25bed72c858b93fdaa22e3704e36dac	9215553677aaabc12a4da0189d9c88d035face247ec7e848c9bf4e027b5b7212	a90e11899c35d77089fe0728162924b5170a3b26200b7fa58ac5d9ac4a66b43c	a8b5cd2c05a4a003	-	{language : Minidregg.Theory.PrivateComputationLanguage} → {mode : Minidregg.Theory.PrivateComputationKind} → {Observer : Type u_1} → {Policy : Type u_2} → {Recipient : Type u_3} → {Purpose : Type u_4} → {BridgeName : Type u_5} → {AuthorizationContext : Type u_6} → {CanonicalInput : Type u_7} → {SemanticInput : Type u_8} → {InputSourceWitness : Type u_9} → {InputTargetWitness : Type u_10} → {AuthorizationWitness : Type u_11} → {OutputCommitment : Type u_12} → {PrivateOutput : Type u_13} → {OutputSourceWitness : Type u_14} → {OutputTargetWitness : Type u_15} → {ReleaseAuthorizationWitness : Type u_16} → {DeclassificationAuthority : Type u_17} → {Release : Type u_18} → {declaration : Minidregg.Theory.PrivateComputationDeclaration language mode Observer Policy Recipient Purpose BridgeName AuthorizationContext CanonicalInput SemanticInput InputSourceWitness InputTargetWitness AuthorizationWitness OutputCommitment PrivateOutput OutputSourceWitness OutputTargetWitness ReleaseAuthorizationWitness DeclassificationAuthority Release} → {Relation : Type u_19} → {ResourceEffect : Type u_20} → {Footprint : Type u_21} → {Nullifier : Type u_22} → {ModeEvidencePins : Type u_23} → declaration.LegacyCoreProjection Relation ResourceEffect Footprint Nullifier ModeEvidencePins → declaration.Request → ModeEvidencePins
def	Minidregg.Theory.PrivateComputationDeclaration.LegacyCoreProjection.nullifier	dd57a2bc882681378d9ef5bde7aa9e8665506e6253f4cbe7285243d88949938c	63a0aa174a69a1f6993132dff4f8e77f6976c12faceb9bc9330373c13ee22042	c410bff30ab04c85110411822b78e008509578465f233340723d5234794816b5	7fed77768bb62ad2	-	{language : Minidregg.Theory.PrivateComputationLanguage} → {mode : Minidregg.Theory.PrivateComputationKind} → {Observer : Type u_1} → {Policy : Type u_2} → {Recipient : Type u_3} → {Purpose : Type u_4} → {BridgeName : Type u_5} → {AuthorizationContext : Type u_6} → {CanonicalInput : Type u_7} → {SemanticInput : Type u_8} → {InputSourceWitness : Type u_9} → {InputTargetWitness : Type u_10} → {AuthorizationWitness : Type u_11} → {OutputCommitment : Type u_12} → {PrivateOutput : Type u_13} → {OutputSourceWitness : Type u_14} → {OutputTargetWitness : Type u_15} → {ReleaseAuthorizationWitness : Type u_16} → {DeclassificationAuthority : Type u_17} → {Release : Type u_18} → {declaration : Minidregg.Theory.PrivateComputationDeclaration language mode Observer Policy Recipient Purpose BridgeName AuthorizationContext CanonicalInput SemanticInput InputSourceWitness InputTargetWitness AuthorizationWitness OutputCommitment PrivateOutput OutputSourceWitness OutputTargetWitness ReleaseAuthorizationWitness DeclassificationAuthority Release} → {Relation : Type u_19} → {ResourceEffect : Type u_20} → {Footprint : Type u_21} → {Nullifier : Type u_22} → {ModeEvidencePins : Type u_23} → declaration.LegacyCoreProjection Relation ResourceEffect Footprint Nullifier ModeEvidencePins → declaration.Request → declaration.ComputationOutcome → Option Nullifier
def	Minidregg.Theory.PrivateComputationDeclaration.LegacyCoreProjection.relation	08f2481a87fca1749247d20ab8f78529c815cfc8d047c3473a92fa994c56869f	b5feb582529fcac29a5c7fe8b1769ca212829e3d70a723592c61c7427c886196	30b6e902b34378941240d7ffe34c774e393416bcbd9d8e5031fa7609f209e751	48910ebb8fb94ff2	-	{language : Minidregg.Theory.PrivateComputationLanguage} → {mode : Minidregg.Theory.PrivateComputationKind} → {Observer : Type u_1} → {Policy : Type u_2} → {Recipient : Type u_3} → {Purpose : Type u_4} → {BridgeName : Type u_5} → {AuthorizationContext : Type u_6} → {CanonicalInput : Type u_7} → {SemanticInput : Type u_8} → {InputSourceWitness : Type u_9} → {InputTargetWitness : Type u_10} → {AuthorizationWitness : Type u_11} → {OutputCommitment : Type u_12} → {PrivateOutput : Type u_13} → {OutputSourceWitness : Type u_14} → {OutputTargetWitness : Type u_15} → {ReleaseAuthorizationWitness : Type u_16} → {DeclassificationAuthority : Type u_17} → {Release : Type u_18} → {declaration : Minidregg.Theory.PrivateComputationDeclaration language mode Observer Policy Recipient Purpose BridgeName AuthorizationContext CanonicalInput SemanticInput InputSourceWitness InputTargetWitness AuthorizationWitness OutputCommitment PrivateOutput OutputSourceWitness OutputTargetWitness ReleaseAuthorizationWitness DeclassificationAuthority Release} → {Relation : Type u_19} → {ResourceEffect : Type u_20} → {Footprint : Type u_21} → {Nullifier : Type u_22} → {ModeEvidencePins : Type u_23} → declaration.LegacyCoreProjection Relation ResourceEffect Footprint Nullifier ModeEvidencePins → declaration.Request → Relation
def	Minidregg.Theory.PrivateComputationDeclaration.LegacyCoreProjection.request	2f9e6f51ea7ec6a1ea284d46af420e2eb1157f607dd9d9b1ae2652ba11a1276b	cf6d0b0be3de02797ad952b26d87acbbc6bc5be3e04c3995af89fb15facd4f6a	a6bac1f2ee0b00b874b087c91260b4b1e3728a5128237308b70d108fe1c7e28e	39a96abb44a8b591	-	{language : Minidregg.Theory.PrivateComputationLanguage} → {mode : Minidregg.Theory.PrivateComputationKind} → {Observer : Type u_1} → {Policy : Type u_2} → {Recipient : Type u_3} → {Purpose : Type u_4} → {BridgeName : Type u_5} → {AuthorizationContext : Type u_6} → {CanonicalInput : Type u_7} → {SemanticInput : Type u_8} → {InputSourceWitness : Type u_9} → {InputTargetWitness : Type u_10} → {AuthorizationWitness : Type u_11} → {OutputCommitment : Type u_12} → {PrivateOutput : Type u_13} → {OutputSourceWitness : Type u_14} → {OutputTargetWitness : Type u_15} → {ReleaseAuthorizationWitness : Type u_16} → {DeclassificationAuthority : Type u_17} → {Release : Type u_18} → (declaration : Minidregg.Theory.PrivateComputationDeclaration language mode Observer Policy Recipient Purpose BridgeName AuthorizationContext CanonicalInput SemanticInput InputSourceWitness InputTargetWitness AuthorizationWitness OutputCommitment PrivateOutput OutputSourceWitness OutputTargetWitness ReleaseAuthorizationWitness DeclassificationAuthority Release) → {Relation : Type u_19} → {ResourceEffect : Type u_20} → {Footprint : Type u_21} → {Nullifier : Type u_22} → {ModeEvidencePins : Type u_23} → declaration.LegacyCoreProjection Relation ResourceEffect Footprint Nullifier ModeEvidencePins → declaration.Request → declaration.ComputationOutcome → Minidregg.Theory.CoreRequest language mode Relation BridgeName CanonicalInput SemanticInput OutputCommitment ResourceEffect Footprint Nullifier ModeEvidencePins
def	Minidregg.Theory.PrivateComputationDeclaration.LegacyCoreProjection.resourceEffects	8ef02b638eefc1407bbe49bf2e31b53689923b5395d0cee7a5c287cf03bb97c3	ce7ddc3b3b1c9f8f5165c0bdf0a95ed248d7a87aad4a22a9a7e435afc2cf6a80	aaf7f030d965443f4d12a0e2ba90869f4f34b7130a12177b3a62b8d8a4134cb7	5fda52d425642855	-	{language : Minidregg.Theory.PrivateComputationLanguage} → {mode : Minidregg.Theory.PrivateComputationKind} → {Observer : Type u_1} → {Policy : Type u_2} → {Recipient : Type u_3} → {Purpose : Type u_4} → {BridgeName : Type u_5} → {AuthorizationContext : Type u_6} → {CanonicalInput : Type u_7} → {SemanticInput : Type u_8} → {InputSourceWitness : Type u_9} → {InputTargetWitness : Type u_10} → {AuthorizationWitness : Type u_11} → {OutputCommitment : Type u_12} → {PrivateOutput : Type u_13} → {OutputSourceWitness : Type u_14} → {OutputTargetWitness : Type u_15} → {ReleaseAuthorizationWitness : Type u_16} → {DeclassificationAuthority : Type u_17} → {Release : Type u_18} → {declaration : Minidregg.Theory.PrivateComputationDeclaration language mode Observer Policy Recipient Purpose BridgeName AuthorizationContext CanonicalInput SemanticInput InputSourceWitness InputTargetWitness AuthorizationWitness OutputCommitment PrivateOutput OutputSourceWitness OutputTargetWitness ReleaseAuthorizationWitness DeclassificationAuthority Release} → {Relation : Type u_19} → {ResourceEffect : Type u_20} → {Footprint : Type u_21} → {Nullifier : Type u_22} → {ModeEvidencePins : Type u_23} → declaration.LegacyCoreProjection Relation ResourceEffect Footprint Nullifier ModeEvidencePins → declaration.Request → declaration.ComputationOutcome → List ResourceEffect
def	Minidregg.Theory.PrivateComputationDeclaration.LegacyCoreProjection.result	328dc06edeb7541ef8edd564653ce83e30d4ece6f8858fc08faa335213384531	d00bc418baf5a6035741f90d95aeb54e20491bb2c2fe723e80ab0038f2eb4562	db9115767f99ceb3eec19c9d76b9fef2ff994a842ba110f92cd91e1ebbdc0405	bff77a91a1319111	-	{language : Minidregg.Theory.PrivateComputationLanguage} → {mode : Minidregg.Theory.PrivateComputationKind} → {Observer : Type u_1} → {Policy : Type u_2} → {Recipient : Type u_3} → {Purpose : Type u_4} → {BridgeName : Type u_5} → {AuthorizationContext : Type u_6} → {CanonicalInput : Type u_7} → {SemanticInput : Type u_8} → {InputSourceWitness : Type u_9} → {InputTargetWitness : Type u_10} → {AuthorizationWitness : Type u_11} → {OutputCommitment : Type u_12} → {PrivateOutput : Type u_13} → {OutputSourceWitness : Type u_14} → {OutputTargetWitness : Type u_15} → {ReleaseAuthorizationWitness : Type u_16} → {DeclassificationAuthority : Type u_17} → {Release : Type u_18} → (declaration : Minidregg.Theory.PrivateComputationDeclaration language mode Observer Policy Recipient Purpose BridgeName AuthorizationContext CanonicalInput SemanticInput InputSourceWitness InputTargetWitness AuthorizationWitness OutputCommitment PrivateOutput OutputSourceWitness OutputTargetWitness ReleaseAuthorizationWitness DeclassificationAuthority Release) → {Relation : Type u_19} → {ResourceEffect : Type u_20} → {Footprint : Type u_21} → {Nullifier : Type u_22} → {ModeEvidencePins : Type u_23} → declaration.LegacyCoreProjection Relation ResourceEffect Footprint Nullifier ModeEvidencePins → declaration.ComputationOutcome → Minidregg.Theory.CoreResult language mode PrivateOutput
def	Minidregg.Theory.PrivateComputationDeclaration.Outcome	ddcae6b0cf26da4f5cf9b46fea4b6107fa495fe0ebcc40e4eddd4b32699065ad	126ded2393f08d3e7ca3ef15a420a6d236b8e02b068f66c59b3b4c4a36b4a62b	90ed7b8210731aa4cef665befe9e508972c23a38418d48033535a7a92bf580f3	9632572e0842ed40	-	{language : Minidregg.Theory.PrivateComputationLanguage} → {mode : Minidregg.Theory.PrivateComputationKind} → {Observer : Type u_1} → {Policy : Type u_2} → {Recipient : Type u_3} → {Purpose : Type u_4} → {BridgeName : Type u_5} → {AuthorizationContext : Type u_6} → {CanonicalInput : Type u_7} → {SemanticInput : Type u_8} → {InputSourceWitness : Type u_9} → {InputTargetWitness : Type u_10} → {AuthorizationWitness : Type u_11} → {OutputCommitment : Type u_12} → {PrivateOutput : Type u_13} → {OutputSourceWitness : Type u_14} → {OutputTargetWitness : Type u_15} → {ReleaseAuthorizationWitness : Type u_16} → {DeclassificationAuthority : Type u_17} → {Release : Type u_18} → Minidregg.Theory.PrivateComputationDeclaration language mode Observer Policy Recipient Purpose BridgeName AuthorizationContext CanonicalInput SemanticInput InputSourceWitness InputTargetWitness AuthorizationWitness OutputCommitment PrivateOutput OutputSourceWitness OutputTargetWitness ReleaseAuthorizationWitness DeclassificationAuthority Release → Type (max (max (max u_12 u_13) u_17) u_18)
def	Minidregg.Theory.PrivateComputationDeclaration.Outcome.computation	a0c2d181d44e298a387bb422b0451a1d0ad73302d9873b871b922a51805a7009	a29ff3a5f1c27880c93d3786e8ee817bb8293ed7eb3854923da1827e8205e4d1	e5e42a577a3d8e8c0e8b923fdae101d361891339228c0ec8b404378e95440e8c	e15521e0c81b3ceb	-	{language : Minidregg.Theory.PrivateComputationLanguage} → {mode : Minidregg.Theory.PrivateComputationKind} → {Observer : Type u_1} → {Policy : Type u_2} → {Recipient : Type u_3} → {Purpose : Type u_4} → {BridgeName : Type u_5} → {AuthorizationContext : Type u_6} → {CanonicalInput : Type u_7} → {SemanticInput : Type u_8} → {InputSourceWitness : Type u_9} → {InputTargetWitness : Type u_10} → {AuthorizationWitness : Type u_11} → {OutputCommitment : Type u_12} → {PrivateOutput : Type u_13} → {OutputSourceWitness : Type u_14} → {OutputTargetWitness : Type u_15} → {ReleaseAuthorizationWitness : Type u_16} → {DeclassificationAuthority : Type u_17} → {Release : Type u_18} → (declaration : Minidregg.Theory.PrivateComputationDeclaration language mode Observer Policy Recipient Purpose BridgeName AuthorizationContext CanonicalInput SemanticInput InputSourceWitness InputTargetWitness AuthorizationWitness OutputCommitment PrivateOutput OutputSourceWitness OutputTargetWitness ReleaseAuthorizationWitness DeclassificationAuthority Release) → declaration.Outcome → declaration.ComputationOutcome
def	Minidregg.Theory.PrivateComputationDeclaration.Request	34392e85217088eaf6efb3d1282ffc420fb0fbf5ca9121a56d1f9585e7f5af6b	4f3cf64622e83b3b53881ac913db1976ce7a77f96ecaf4413684fcff83339531	718d1fbce8c1dcd7f1ec346307eef86ea144fc0d42d02e53f34e81966c6b2238	49718169e7aebcd9	-	{language : Minidregg.Theory.PrivateComputationLanguage} → {mode : Minidregg.Theory.PrivateComputationKind} → {Observer : Type u_1} → {Policy : Type u_2} → {Recipient : Type u_3} → {Purpose : Type u_4} → {BridgeName : Type u_5} → {AuthorizationContext : Type u_6} → {CanonicalInput : Type u_7} → {SemanticInput : Type u_8} → {InputSourceWitness : Type u_9} → {InputTargetWitness : Type u_10} → {AuthorizationWitness : Type u_11} → {OutputCommitment : Type u_12} → {PrivateOutput : Type u_13} → {OutputSourceWitness : Type u_14} → {OutputTargetWitness : Type u_15} → {ReleaseAuthorizationWitness : Type u_16} → {DeclassificationAuthority : Type u_17} → {Release : Type u_18} → Minidregg.Theory.PrivateComputationDeclaration language mode Observer Policy Recipient Purpose BridgeName AuthorizationContext CanonicalInput SemanticInput InputSourceWitness InputTargetWitness AuthorizationWitness OutputCommitment PrivateOutput OutputSourceWitness OutputTargetWitness ReleaseAuthorizationWitness DeclassificationAuthority Release → Type (max (max (max (max (max (max (max (max u_1 u_2) u_3) u_4) u_5) u_6) u_7) u_8) u_17)
def	Minidregg.Theory.PrivateComputationDeclaration.authorizationPortal	ada02d72d40030f10dcd376565e1ccd7b41811397219877ac93e87c505ef9a4f	c302122a0cf2cee20a0f92a648c73fc1e210a182dfbc4e88dd89fce518d95a42	c58db1912cea6b8b5d3e96e3c04a15bd46de31738b63594f0a20a812f0d2eca4	a63842f6dbb48f4f	-	{language : Minidregg.Theory.PrivateComputationLanguage} → {mode : Minidregg.Theory.PrivateComputationKind} → {Observer : Type u_1} → {Policy : Type u_2} → {Recipient : Type u_3} → {Purpose : Type u_4} → {BridgeName : Type u_5} → {AuthorizationContext : Type u_6} → {CanonicalInput : Type u_7} → {SemanticInput : Type u_8} → {InputSourceWitness : Type u_9} → {InputTargetWitness : Type u_10} → {AuthorizationWitness : Type u_11} → {OutputCommitment : Type u_12} → {PrivateOutput : Type u_13} → {OutputSourceWitness : Type u_14} → {OutputTargetWitness : Type u_15} → {ReleaseAuthorizationWitness : Type u_16} → {DeclassificationAuthority : Type u_17} → {Release : Type u_18} → Minidregg.Theory.PrivateComputationDeclaration language mode Observer Policy Recipient Purpose BridgeName AuthorizationContext CanonicalInput SemanticInput InputSourceWitness InputTargetWitness AuthorizationWitness OutputCommitment PrivateOutput OutputSourceWitness OutputTargetWitness ReleaseAuthorizationWitness DeclassificationAuthority Release → Minidregg.Theory.PrivateEvidencePortal (Minidregg.Theory.PrivateComputationRequest language mode Observer Policy Recipient Purpose BridgeName AuthorizationContext CanonicalInput SemanticInput DeclassificationAuthority) AuthorizationWitness
def	Minidregg.Theory.PrivateComputationDeclaration.computationPortal	39f0dd616ef05487965110479f4d3ab95ee4245484a6b03e0e0e78cd2b7432ba	26b53819a7d4cf32fd4c45f3f3e8d1d9d5d647bd8321e4d4b1ffb541c5de361b	cdb2d68158fe93f64b4bd209d6217ec3e59236b7894d39b68f639e539ab70b8a	863cf9ea82560891	-	{language : Minidregg.Theory.PrivateComputationLanguage} → {mode : Minidregg.Theory.PrivateComputationKind} → {Observer : Type u_1} → {Policy : Type u_2} → {Recipient : Type u_3} → {Purpose : Type u_4} → {BridgeName : Type u_5} → {AuthorizationContext : Type u_6} → {CanonicalInput : Type u_7} → {SemanticInput : Type u_8} → {InputSourceWitness : Type u_9} → {InputTargetWitness : Type u_10} → {AuthorizationWitness : Type u_11} → {OutputCommitment : Type u_12} → {PrivateOutput : Type u_13} → {OutputSourceWitness : Type u_14} → {OutputTargetWitness : Type u_15} → {ReleaseAuthorizationWitness : Type u_16} → {DeclassificationAuthority : Type u_17} → {Release : Type u_18} → Minidregg.Theory.PrivateComputationDeclaration language mode Observer Policy Recipient Purpose BridgeName AuthorizationContext CanonicalInput SemanticInput InputSourceWitness InputTargetWitness AuthorizationWitness OutputCommitment PrivateOutput OutputSourceWitness OutputTargetWitness ReleaseAuthorizationWitness DeclassificationAuthority Release → Minidregg.Theory.PrivateEvidencePortal (Minidregg.Theory.PrivateComputationStatement language mode SemanticInput OutputCommitment PrivateOutput) (language.Evidence mode)
def	Minidregg.Theory.PrivateComputationDeclaration.computationStatementOf	10f97e2c1cb63010a0cba3a35d7ac96cdb117c3bc46d0925ba06a4139f6fb9a7	b06eab88c3c93905449ca3e032002e1360496b53d90f18c3269fc6cee0946814	c8db37e5ca730ce15a29af6fcc96c28d53a1a326ca6a5829a246c9421e24ea5d	b8708bf8b233382e	-	{language : Minidregg.Theory.PrivateComputationLanguage} → {mode : Minidregg.Theory.PrivateComputationKind} → {Observer : Type u_1} → {Policy : Type u_2} → {Recipient : Type u_3} → {Purpose : Type u_4} → {BridgeName : Type u_5} → {AuthorizationContext : Type u_6} → {CanonicalInput : Type u_7} → {SemanticInput : Type u_8} → {InputSourceWitness : Type u_9} → {InputTargetWitness : Type u_10} → {AuthorizationWitness : Type u_11} → {OutputCommitment : Type u_12} → {PrivateOutput : Type u_13} → {OutputSourceWitness : Type u_14} → {OutputTargetWitness : Type u_15} → {ReleaseAuthorizationWitness : Type u_16} → {DeclassificationAuthority : Type u_17} → {Release : Type u_18} → (declaration : Minidregg.Theory.PrivateComputationDeclaration language mode Observer Policy Recipient Purpose BridgeName AuthorizationContext CanonicalInput SemanticInput InputSourceWitness InputTargetWitness AuthorizationWitness OutputCommitment PrivateOutput OutputSourceWitness OutputTargetWitness ReleaseAuthorizationWitness DeclassificationAuthority Release) → declaration.Request → declaration.ComputationOutcome → Minidregg.Theory.PrivateComputationStatement language mode SemanticInput OutputCommitment PrivateOutput
def	Minidregg.Theory.PrivateComputationDeclaration.disclosureDeclaration	ebf5730030cedb9d4de8af8d4244e17cdcf8b2eea038219bb47ae51ca684342e	3b0f2c18768b217d2021d50c60dce7a20e6daf9d4473133a240a1ab0cb8dd663	c29a1827a5eb1e81685473615a38266332e02897808d5c609180da3d53a973c0	7d4eea7f95c7aa5a	-	{language : Minidregg.Theory.PrivateComputationLanguage} → {mode : Minidregg.Theory.PrivateComputationKind} → {Observer : Type u_1} → {Policy : Type u_2} → {Recipient : Type u_3} → {Purpose : Type u_4} → {BridgeName : Type u_5} → {AuthorizationContext : Type u_6} → {CanonicalInput : Type u_7} → {SemanticInput : Type u_8} → {InputSourceWitness : Type u_9} → {InputTargetWitness : Type u_10} → {AuthorizationWitness : Type u_11} → {OutputCommitment : Type u_12} → {PrivateOutput : Type u_13} → {OutputSourceWitness : Type u_14} → {OutputTargetWitness : Type u_15} → {ReleaseAuthorizationWitness : Type u_16} → {DeclassificationAuthority : Type u_17} → {Release : Type u_18} → Minidregg.Theory.PrivateComputationDeclaration language mode Observer Policy Recipient Purpose BridgeName AuthorizationContext CanonicalInput SemanticInput InputSourceWitness InputTargetWitness AuthorizationWitness OutputCommitment PrivateOutput OutputSourceWitness OutputTargetWitness ReleaseAuthorizationWitness DeclassificationAuthority Release → Minidregg.Theory.DisclosureDeclaration Observer Policy Recipient Purpose OutputCommitment (language.OutputArtifact mode) PrivateOutput OutputSourceWitness OutputTargetWitness ReleaseAuthorizationWitness Release
def	Minidregg.Theory.PrivateComputationDeclaration.inputBridge	b95968d67a58c06e698b4edc781151b9ce188a6f58544c3e8878e7b1ac7b9a9c	8f2b07874d65fb99d2a42ad205450315e14b4878e050a1d479f2eda8a4b9cd4d	6ab78f45f4fadbd3f838790f5d32ce9221d219b74d30ac7d0fd7c623d53c9912	f2c3bab6099f1d9c	-	{language : Minidregg.Theory.PrivateComputationLanguage} → {mode : Minidregg.Theory.PrivateComputationKind} → {Observer : Type u_1} → {Policy : Type u_2} → {Recipient : Type u_3} → {Purpose : Type u_4} → {BridgeName : Type u_5} → {AuthorizationContext : Type u_6} → {CanonicalInput : Type u_7} → {SemanticInput : Type u_8} → {InputSourceWitness : Type u_9} → {InputTargetWitness : Type u_10} → {AuthorizationWitness : Type u_11} → {OutputCommitment : Type u_12} → {PrivateOutput : Type u_13} → {OutputSourceWitness : Type u_14} → {OutputTargetWitness : Type u_15} → {ReleaseAuthorizationWitness : Type u_16} → {DeclassificationAuthority : Type u_17} → {Release : Type u_18} → Minidregg.Theory.PrivateComputationDeclaration language mode Observer Policy Recipient Purpose BridgeName AuthorizationContext CanonicalInput SemanticInput InputSourceWitness InputTargetWitness AuthorizationWitness OutputCommitment PrivateOutput OutputSourceWitness OutputTargetWitness ReleaseAuthorizationWitness DeclassificationAuthority Release → Minidregg.Theory.NamedRepresentationBridge BridgeName CanonicalInput InputSourceWitness (language.InputArtifact mode) InputTargetWitness SemanticInput
ctor	Minidregg.Theory.PrivateComputationDeclaration.mk	c872079b4377fa3c21147d5f648de9d650816ed9d499fc0531aa687135da7e1d	87ade56cb8af7cfe3c2af856f68d94fd9c35a0e6fb11630ef42d87accab88984	c2b1cae08ad253bb7f1498e26a8e8db560f702e3e179eb4210f91d9af37b971e	96942780e8633ef2		{language : Minidregg.Theory.PrivateComputationLanguage} → {mode : Minidregg.Theory.PrivateComputationKind} → {Observer : Type u_1} → {Policy : Type u_2} → {Recipient : Type u_3} → {Purpose : Type u_4} → {BridgeName : Type u_5} → {AuthorizationContext : Type u_6} → {CanonicalInput : Type u_7} → {SemanticInput : Type u_8} → {InputSourceWitness : Type u_9} → {InputTargetWitness : Type u_10} → {AuthorizationWitness : Type u_11} → {OutputCommitment : Type u_12} → {PrivateOutput : Type u_13} → {OutputSourceWitness : Type u_14} → {OutputTargetWitness : Type u_15} → {ReleaseAuthorizationWitness : Type u_16} → {DeclassificationAuthority : Type u_17} → {Release : Type u_18} → Minidregg.Theory.PrivateEvidencePortal (Minidregg.Theory.PrivateComputationRequest language mode Observer Policy Recipient Purpose BridgeName AuthorizationContext CanonicalInput SemanticInput DeclassificationAuthority) AuthorizationWitness → Minidregg.Theory.NamedRepresentationBridge BridgeName CanonicalInput InputSourceWitness (language.InputArtifact mode) InputTargetWitness SemanticInput → Minidregg.Theory.PrivateEvidencePortal (Minidregg.Theory.PrivateComputationStatement language mode SemanticInput OutputCommitment PrivateOutput) (language.Evidence mode) → Minidregg.Theory.DisclosureDeclaration Observer Policy Recipient Purpose OutputCommitment (language.OutputArtifact mode) PrivateOutput OutputSourceWitness OutputTargetWitness ReleaseAuthorizationWitness Release → Minidregg.Theory.PrivateComputationDeclaration language mode Observer Policy Recipient Purpose BridgeName AuthorizationContext CanonicalInput SemanticInput InputSourceWitness InputTargetWitness AuthorizationWitness OutputCommitment PrivateOutput OutputSourceWitness OutputTargetWitness ReleaseAuthorizationWitness DeclassificationAuthority Release
def	Minidregg.Theory.PrivateComputationDeclaration.statementOf	e23f955585dda9d81ff6e101dbdfd580cd29928ae859e765a9704741482649e1	58bc54eb2806c3057f99754237f962d97ee7e68d09acd708890ed4bf75c0a6d2	4b3ecb07824664034e91cc7489698524646ad7c053b50d304343fffcd2f6bffd	3315baf76e8beaa7	-	{language : Minidregg.Theory.PrivateComputationLanguage} → {mode : Minidregg.Theory.PrivateComputationKind} → {Observer : Type u_1} → {Policy : Type u_2} → {Recipient : Type u_3} → {Purpose : Type u_4} → {BridgeName : Type u_5} → {AuthorizationContext : Type u_6} → {CanonicalInput : Type u_7} → {SemanticInput : Type u_8} → {InputSourceWitness : Type u_9} → {InputTargetWitness : Type u_10} → {AuthorizationWitness : Type u_11} → {OutputCommitment : Type u_12} → {PrivateOutput : Type u_13} → {OutputSourceWitness : Type u_14} → {OutputTargetWitness : Type u_15} → {ReleaseAuthorizationWitness : Type u_16} → {DeclassificationAuthority : Type u_17} → {Release : Type u_18} → (declaration : Minidregg.Theory.PrivateComputationDeclaration language mode Observer Policy Recipient Purpose BridgeName AuthorizationContext CanonicalInput SemanticInput InputSourceWitness InputTargetWitness AuthorizationWitness OutputCommitment PrivateOutput OutputSourceWitness OutputTargetWitness ReleaseAuthorizationWitness DeclassificationAuthority Release) → declaration.Request → declaration.Outcome → Minidregg.Theory.PrivateComputationStatement language mode SemanticInput OutputCommitment PrivateOutput
inductive	Minidregg.Theory.PrivateComputationKind	a6dbfd1903d5023559c49b1c514186fa293f77a2aeffb56fc88de26649ef2b3e	16946b93ac38405660f51e475eb5aa7d25b54f5e5677e0f6a10a4526cc071cbf	f270187cb8f5f7485258e8bea2d867d822d97accf5ec2dd120096fafc76f7566	76f9bd12b4eb7fd6		Type
ctor	Minidregg.Theory.PrivateComputationKind.encryptedRnsFhe	e62dccd0b9d2e81170f53022ecb288f7d43e2feb29d1494753e4c4f1b7b10349	0939a709b0adda7336c74038807ebabae46fab6471842d607bd22f1ef54d98ea	024c2884ada48e28148ad3a572c5b639d23950b39cf7c8388404c43417587156	942dd77776ababd8		Minidregg.Theory.PrivateComputationKind
def	Minidregg.Theory.PrivateComputationKind.encryptedRnsFhe.elim	b8919ea6772a99581f7fef4ecc1eaf57581acdbd078f720bfdf4516706bd1ce9	cf3b375dfb7a55aed136cd4666e0836a0ea674481db26d5a1514964e871d8ac9	25487eb58f867590832737af769b2d5393388591fe00167078a1a3bda0709cd5	9cb6f5f327c6ed76	-	{motive : Minidregg.Theory.PrivateComputationKind → Sort u} → (t : Minidregg.Theory.PrivateComputationKind) → t.ctorIdx = 2 → motive Minidregg.Theory.PrivateComputationKind.encryptedRnsFhe → motive t
def	Minidregg.Theory.PrivateComputationKind.ofNat	5aa94886ea9565c5630f283d3c382b8373c9bf2464d177707a64fba61ee435c6	baad40760382d216209086da5f502b378a939e317a70eca15f4fac12dc9be81b	0b677a443db617456db413a50f4c7548313907ef6bf3bd3ec5f5a9c5c914eff5	5ee1bad50398c068	-	ℕ → Minidregg.Theory.PrivateComputationKind
theorem	Minidregg.Theory.PrivateComputationKind.ofNat_ctorIdx	8ffbfc44b0d9b18a5602e1e64dec8b206899515c70dce74502f5b278ba91f057	7399cb3fa2e75daa2cc951d29e24c705d823a3d6f6cd67ee3dc56baabca84462	4fb081de0bc086cc1f570f962702f8b9fe8bd8c728dc012a0b619e606f521425	cfe7c3409e2c4959	-	∀ (x : Minidregg.Theory.PrivateComputationKind), Minidregg.Theory.PrivateComputationKind.ofNat x.ctorIdx = x
ctor	Minidregg.Theory.PrivateComputationKind.sharedMpc	d52ac9dcfa5d2e2820f52cb06d42b0b9eb15f70e818841698d682e2b56579ccc	0939a709b0adda7336c74038807ebabae46fab6471842d607bd22f1ef54d98ea	0687335ef2bb9ca87f4a3eea492cbd1bd5cd225c1b29e06f3a9f25ac279afd15	b557d38e1064e1a6		Minidregg.Theory.PrivateComputationKind
def	Minidregg.Theory.PrivateComputationKind.sharedMpc.elim	27ee5839bbe4a5aae065fccbf5feb352da1039a714331f44e99630e3b8449163	7e544d6e44dfd2c21df353cd2f2c912a874a9ca142b9f0b7cd0e3ca1443f314f	2f31557cc0e043c69d353e55902c6f1704b81fe33905dcd581ccd91a85d8cecd	1f04a6b2fb53dea4	-	{motive : Minidregg.Theory.PrivateComputationKind → Sort u} → (t : Minidregg.Theory.PrivateComputationKind) → t.ctorIdx = 1 → motive Minidregg.Theory.PrivateComputationKind.sharedMpc → motive t
ctor	Minidregg.Theory.PrivateComputationKind.witnessZk	2648ee3572fb350a616bae650407605b25e21c3f47b08adb4b28a1acb0e7e0f4	0939a709b0adda7336c74038807ebabae46fab6471842d607bd22f1ef54d98ea	837237625da4e5038779b32b12870e1b1ecf009f66c38d1ad293ef05d1cf044e	d615c70d649bf687		Minidregg.Theory.PrivateComputationKind
def	Minidregg.Theory.PrivateComputationKind.witnessZk.elim	64fb8c90c7179d6c76efe2caf941168594c8e0ed11b5a352da04e8272c3fb538	fddd1b7e55b903c321f3fd82c1ba3dcbe1d7d5473fcaf8971b1b8314c110d72f	44439714f42bd9e44d06d5a9fca5205c12cbb25189ec52f86c63559cbd284d99	382b21d88105a2de	-	{motive : Minidregg.Theory.PrivateComputationKind → Sort u} → (t : Minidregg.Theory.PrivateComputationKind) → t.ctorIdx = 0 → motive Minidregg.Theory.PrivateComputationKind.witnessZk → motive t
inductive	Minidregg.Theory.PrivateComputationLanguage	94d549e39031e03bd7c191c3a7bdfb632bbf5d9c710554aeeabb2d968cbd1d6d	9673be8185fe408c0031e964c5e80159c7abded08ab202b527881fdef0c493d1	589d0b683ad41b98f366a8b44cea1aab53051705a807919194517c09e939068e	980e159c9ec57078		Type 1
def	Minidregg.Theory.PrivateComputationLanguage.Evidence	9dc7fc7d33b35bf7a570abb5c871b6b31897adc635304c48f3f09426e39c46a4	3e9f4c9dc68739f22e3bc746e2be6538eecd91ce99b22ccccee5daf12069d854	351688fb299ee693e07abbbe1f937a2bc0788353798ff9610eaea861220c727b	862d7b4a9c4b6705	-	Minidregg.Theory.PrivateComputationLanguage → Minidregg.Theory.PrivateComputationKind → Type
def	Minidregg.Theory.PrivateComputationLanguage.InputArtifact	aadc1967a3d19a1d97d34407febd09bdcf4d6a2f2a10617707e0d9f9eeb24c06	3e9f4c9dc68739f22e3bc746e2be6538eecd91ce99b22ccccee5daf12069d854	b37e51af988d1aefc7a1fb212ad17576299583c6e156ea5ba374dc7fd923a4ed	6fe7d335622714ce	-	Minidregg.Theory.PrivateComputationLanguage → Minidregg.Theory.PrivateComputationKind → Type
def	Minidregg.Theory.PrivateComputationLanguage.OutputArtifact	d6ae58b0b245e68d0bee9f2d30d665280d3ebe1d2ee79ada5c28ac6c8053caae	3e9f4c9dc68739f22e3bc746e2be6538eecd91ce99b22ccccee5daf12069d854	f483922cbad8cbceb3e13c0b6152532a20c1093d08876acf17bd726ac0f31af5	ee224af481535c5a	-	Minidregg.Theory.PrivateComputationLanguage → Minidregg.Theory.PrivateComputationKind → Type
def	Minidregg.Theory.PrivateComputationLanguage.Program	aff4094d1420adf0a6dfc528e774fa80700988f5bf9853c274229af481d2916f	3e9f4c9dc68739f22e3bc746e2be6538eecd91ce99b22ccccee5daf12069d854	744a9435f315a7c5e4df2ff3fcb93c929c3c6b3874ab1c5252e3c7a9adbb9559	7f12cc2eefa5f331	-	Minidregg.Theory.PrivateComputationLanguage → Minidregg.Theory.PrivateComputationKind → Type
ctor	Minidregg.Theory.PrivateComputationLanguage.mk	bfcd83953ce02d2669fbe670e13b7befb6609acff751fc3f13de8743adbf19e8	792addc9f71d6f8745e6a1a8f92435fc6657911aa641358c4cf5366245b50904	df03a6524fcb37564c62e0c2a882d6a1755b51e7ef887b8e70ea07854745a68e	3b60e5d9f8904b66		(Minidregg.Theory.PrivateComputationKind → Type) → (Minidregg.Theory.PrivateComputationKind → Type) → (Minidregg.Theory.PrivateComputationKind → Type) → (Minidregg.Theory.PrivateComputationKind → Type) → Minidregg.Theory.PrivateComputationLanguage
inductive	Minidregg.Theory.PrivateComputationOutcome	3493f34325615936faf0d48fbf28de640089fa983b58ce7c610d75fa19f246ac	09cb5a9a0eb54331b28cfc916c0165eb8ba4d7afc9acea7afdd0201019071f01	10c7cf93f7578632e2207e62c7a7c9b936fafb0b301942fbb6fa669f523c3a1f	b5012ad42266b991		Minidregg.Theory.PrivateComputationLanguage → Minidregg.Theory.PrivateComputationKind → Type u_1 → Type u_2 → Type u_3 → Type u_4 → Type (max (max (max u_1 u_2) u_3) u_4)
def	Minidregg.Theory.PrivateComputationOutcome.disclosureEffect	7dbef8a45a9f81f05e34baa29f03debb779326a29397453b379f1a43d60e1d04	d9ae00b4ecf15afccf3044fa821e637a0f80c99b61657019825734e7ad6ddf1f	b460c50e97aabf7c3cf693732ad6e5646f058e10838bb7963d12f49e5586fa70	7240059b1e863279	-	{language : Minidregg.Theory.PrivateComputationLanguage} → {mode : Minidregg.Theory.PrivateComputationKind} → {OutputCommitment : Type u_1} → {PrivateOutput : Type u_2} → {DeclassificationAuthority : Type u_3} → {Release : Type u_4} → Minidregg.Theory.PrivateComputationOutcome language mode OutputCommitment PrivateOutput DeclassificationAuthority Release → Minidregg.Theory.DisclosureEffect DeclassificationAuthority Release
def	Minidregg.Theory.PrivateComputationOutcome.evidence	82a85c5b414b56adb878f12321ddd278fd718dea81b641c449ed02005129e38f	3830695b2fe3d03f6782b0cefa6f162f74b72f0a7ccf20bbe5a4dfe12113ca6d	e24f226e26e855cf3fbcbc21b2bdc759d9647db0aeca662020df7e9e3f4a2172	a4dcfa94ea7facac	-	{language : Minidregg.Theory.PrivateComputationLanguage} → {mode : Minidregg.Theory.PrivateComputationKind} → {OutputCommitment : Type u_1} → {PrivateOutput : Type u_2} → {DeclassificationAuthority : Type u_3} → {Release : Type u_4} → Minidregg.Theory.PrivateComputationOutcome language mode OutputCommitment PrivateOutput DeclassificationAuthority Release → language.Evidence mode
ctor	Minidregg.Theory.PrivateComputationOutcome.mk	d6b915bde7676401a9ddebadafec6bc054c4bed104e734eabee833be7b9fd2ac	04797d5d1ec05ca8660cdf899e28d520b1ab61dddf9554c9b4ee66ad6015c534	b04af108ff787f6a2acadab76da919dac784bf93cda78de13bfb568a47d80db2	747f462f77cf2610		{language : Minidregg.Theory.PrivateComputationLanguage} → {mode : Minidregg.Theory.PrivateComputationKind} → {OutputCommitment : Type u_1} → {PrivateOutput : Type u_2} → {DeclassificationAuthority : Type u_3} → {Release : Type u_4} → Minidregg.Theory.CommittedPrivateOutput OutputCommitment (language.OutputArtifact mode) PrivateOutput → language.Evidence mode → Release → Minidregg.Theory.DisclosureEffect DeclassificationAuthority Release → Minidregg.Theory.PrivateComputationOutcome language mode OutputCommitment PrivateOutput DeclassificationAuthority Release
def	Minidregg.Theory.PrivateComputationOutcome.output	828614d4ed9f8bcb9a4a574be6237c2b5a363ce334e7ca4be469f4d20a1d45bc	f2e175ea37aeb7484dfbd9c079f36f642d674cddc96c2073c34393c6f6786d1e	57646cf3422c6471a24f992ddbc71075508802c679ea90c806fd9724b3ba4785	3c97d02afee34ff2	-	{language : Minidregg.Theory.PrivateComputationLanguage} → {mode : Minidregg.Theory.PrivateComputationKind} → {OutputCommitment : Type u_1} → {PrivateOutput : Type u_2} → {DeclassificationAuthority : Type u_3} → {Release : Type u_4} → Minidregg.Theory.PrivateComputationOutcome language mode OutputCommitment PrivateOutput DeclassificationAuthority Release → Minidregg.Theory.CommittedPrivateOutput OutputCommitment (language.OutputArtifact mode) PrivateOutput
def	Minidregg.Theory.PrivateComputationOutcome.release	97acd0ad7e25228876b0df79bdb59978d3c5bd0dd071a7727bcc301a866d6549	6c760f1d7f927edede7dbb876bd6309278ed31a2003b9c07c8fdb7875a96fc2e	ac4f7e31e535932c5cbc87a2e2373c5adb9bbe97f7eb485b2c671c6eae9fb653	114ff36f60eaa19c	-	{language : Minidregg.Theory.PrivateComputationLanguage} → {mode : Minidregg.Theory.PrivateComputationKind} → {OutputCommitment : Type u_1} → {PrivateOutput : Type u_2} → {DeclassificationAuthority : Type u_3} → {Release : Type u_4} → Minidregg.Theory.PrivateComputationOutcome language mode OutputCommitment PrivateOutput DeclassificationAuthority Release → Release
inductive	Minidregg.Theory.PrivateComputationRequest	3490cd466342c5b5925ef7a5e6405336d72497c02f71719ce1c82bac923934dd	4969a33224542ff3b511a593f8821dafe0cd95f9a9a71d9a567dc98af3037dc5	feb9c6f3068363a33501deef3a7f31faafc99f1fb6bdd7fe7a1ce94778e8462e	cfa0a4fdc37142e2		Minidregg.Theory.PrivateComputationLanguage → Minidregg.Theory.PrivateComputationKind → Type u_1 → Type u_2 → Type u_3 → Type u_4 → Type u_5 → Type u_6 → Type u_7 → Type u_8 → Type u_9 → Type (max (max (max (max (max (max (max (max u_1 u_2) u_3) u_4) u_5) u_6) u_7) u_8) u_9)
def	Minidregg.Theory.PrivateComputationRequest.authorizationContext	df50bc7141629663ae4595f6ca137a4be49bef30a0cce86b5820daa68c5232c5	bafed0e8a0ce5d965432d068ab2bd19b1ef621624c73776e8ae2122f666187bc	0b4b55b55f99425ef263067b0bb52412e3632b183ede3b4197de9e59e98a92d1	94a5a6f7ae5ae6c2	-	{language : Minidregg.Theory.PrivateComputationLanguage} → {mode : Minidregg.Theory.PrivateComputationKind} → {Observer : Type u_1} → {Policy : Type u_2} → {Recipient : Type u_3} → {Purpose : Type u_4} → {BridgeName : Type u_5} → {AuthorizationContext : Type u_6} → {CanonicalInput : Type u_7} → {SemanticInput : Type u_8} → {DeclassificationAuthority : Type u_9} → Minidregg.Theory.PrivateComputationRequest language mode Observer Policy Recipient Purpose BridgeName AuthorizationContext CanonicalInput SemanticInput DeclassificationAuthority → AuthorizationContext
def	Minidregg.Theory.PrivateComputationRequest.canonicalInput	416331920d2b06b56689df9c38ce8c82a17c6c4c455feb7dc3360719ff607f4b	d9657b438b35c127edeb1dc9195e5a44d3092b5b6c42c97d1270bf1042c03ec9	8078af9153bb875775141be496fd146e68b4d23cba4426377645f871d0804ccc	f1908a4cef1351fd	-	{language : Minidregg.Theory.PrivateComputationLanguage} → {mode : Minidregg.Theory.PrivateComputationKind} → {Observer : Type u_1} → {Policy : Type u_2} → {Recipient : Type u_3} → {Purpose : Type u_4} → {BridgeName : Type u_5} → {AuthorizationContext : Type u_6} → {CanonicalInput : Type u_7} → {SemanticInput : Type u_8} → {DeclassificationAuthority : Type u_9} → Minidregg.Theory.PrivateComputationRequest language mode Observer Policy Recipient Purpose BridgeName AuthorizationContext CanonicalInput SemanticInput DeclassificationAuthority → CanonicalInput
def	Minidregg.Theory.PrivateComputationRequest.computationInput	2d990bf004bca5f927925e59ac5b457cea313f3b80983d5e7dee05adb78c8a23	54a0042230b7e26e179c21491a7e14e75b9bed9aee1b362a5c9206056638277d	cd4a469827bb453f2d25381931ac6fd8c8485a6a2f2d1a17a1d48c7acb17ef06	12453ac0decde750	-	{language : Minidregg.Theory.PrivateComputationLanguage} → {mode : Minidregg.Theory.PrivateComputationKind} → {Observer : Type u_1} → {Policy : Type u_2} → {Recipient : Type u_3} → {Purpose : Type u_4} → {BridgeName : Type u_5} → {AuthorizationContext : Type u_6} → {CanonicalInput : Type u_7} → {SemanticInput : Type u_8} → {DeclassificationAuthority : Type u_9} → Minidregg.Theory.PrivateComputationRequest language mode Observer Policy Recipient Purpose BridgeName AuthorizationContext CanonicalInput SemanticInput DeclassificationAuthority → language.InputArtifact mode
def	Minidregg.Theory.PrivateComputationRequest.disclosureIntent	a5001e80fa1df4907dea734c5d4f4df0450ae918ceb64b599db231a22c0583bd	dd39ec785fdfb6b0417023a82ac9f4b44017e34569cfad4daf0794bcb1a72c7e	8f045f9bee1989520f1f4066955e189553da1ecd3bdc50c8acaf936f4f5c2820	17ad6cb704ef0259	-	{language : Minidregg.Theory.PrivateComputationLanguage} → {mode : Minidregg.Theory.PrivateComputationKind} → {Observer : Type u_1} → {Policy : Type u_2} → {Recipient : Type u_3} → {Purpose : Type u_4} → {BridgeName : Type u_5} → {AuthorizationContext : Type u_6} → {CanonicalInput : Type u_7} → {SemanticInput : Type u_8} → {DeclassificationAuthority : Type u_9} → Minidregg.Theory.PrivateComputationRequest language mode Observer Policy Recipient Purpose BridgeName AuthorizationContext CanonicalInput SemanticInput DeclassificationAuthority → Minidregg.Theory.DisclosureIntent DeclassificationAuthority
def	Minidregg.Theory.PrivateComputationRequest.disclosureRequest	391642f54d9149d5cb9f1765e97c39df33e7a75546929d3ea73a84e733e3f3f1	a7d1178bc09c446ed95f2194c13a4b889bb86b9ff5bbb41aece39640cd477949	fa187ac24bc1554312a52e53167d1f2d9e64d981fd297e49a0b7903974517195	3731ed630e10e040	-	{language : Minidregg.Theory.PrivateComputationLanguage} → {mode : Minidregg.Theory.PrivateComputationKind} → {Observer : Type u_1} → {Policy : Type u_2} → {Recipient : Type u_3} → {Purpose : Type u_4} → {BridgeName : Type u_5} → {AuthorizationContext : Type u_6} → {CanonicalInput : Type u_7} → {SemanticInput : Type u_8} → {DeclassificationAuthority : Type u_9} → Minidregg.Theory.PrivateComputationRequest language mode Observer Policy Recipient Purpose BridgeName AuthorizationContext CanonicalInput SemanticInput DeclassificationAuthority → Minidregg.Theory.DisclosureRequest Observer Policy Recipient Purpose
def	Minidregg.Theory.PrivateComputationRequest.inputBridgeName	27d03261bf96b897e48f45238e645e8581612fbaf38ebee23ce70113d7882562	4bb3409c65b6da9807547e706836d679ce4de244316eb2ac1b06f2c4e2002c09	651d04d0bdf9439ce5d0482428599f1fc47273e33a313f1cdea5583b29a489fe	b72e13142d688c87	-	{language : Minidregg.Theory.PrivateComputationLanguage} → {mode : Minidregg.Theory.PrivateComputationKind} → {Observer : Type u_1} → {Policy : Type u_2} → {Recipient : Type u_3} → {Purpose : Type u_4} → {BridgeName : Type u_5} → {AuthorizationContext : Type u_6} → {CanonicalInput : Type u_7} → {SemanticInput : Type u_8} → {DeclassificationAuthority : Type u_9} → Minidregg.Theory.PrivateComputationRequest language mode Observer Policy Recipient Purpose BridgeName AuthorizationContext CanonicalInput SemanticInput DeclassificationAuthority → BridgeName
def	Minidregg.Theory.PrivateComputationRequest.inputValue	0a48db964d57975d7c7f0270cae1c66c5148057a47e1ff4535f3ffc1b310fa90	e0bb8b88a0b2c3d387823074ece7ef897dd779d56a6f67a7a61c2ab35ef257ac	63e4ea33b52e068160a81a47e955caf2ad7e65f9597a49a9193e47097ad3e924	ccba8e7e4a2f9cdc	-	{language : Minidregg.Theory.PrivateComputationLanguage} → {mode : Minidregg.Theory.PrivateComputationKind} → {Observer : Type u_1} → {Policy : Type u_2} → {Recipient : Type u_3} → {Purpose : Type u_4} → {BridgeName : Type u_5} → {AuthorizationContext : Type u_6} → {CanonicalInput : Type u_7} → {SemanticInput : Type u_8} → {DeclassificationAuthority : Type u_9} → Minidregg.Theory.PrivateComputationRequest language mode Observer Policy Recipient Purpose BridgeName AuthorizationContext CanonicalInput SemanticInput DeclassificationAuthority → SemanticInput
ctor	Minidregg.Theory.PrivateComputationRequest.mk	903411a626decb9263d43d5b3baa96a6f881049d78ba5765e4400315d7f2a213	07dee78c8d47b655f03a6a6b362958421402a44abf169fbc32cc149bb3645a0c	361ec7a7f08228662b868c6d20eedb9cadae2e5273bdc1c92cb78261e157a4cd	c97fbcd656c86f9f		{language : Minidregg.Theory.PrivateComputationLanguage} → {mode : Minidregg.Theory.PrivateComputationKind} → {Observer : Type u_1} → {Policy : Type u_2} → {Recipient : Type u_3} → {Purpose : Type u_4} → {BridgeName : Type u_5} → {AuthorizationContext : Type u_6} → {CanonicalInput : Type u_7} → {SemanticInput : Type u_8} → {DeclassificationAuthority : Type u_9} → AuthorizationContext → language.Program mode → CanonicalInput → language.InputArtifact mode → SemanticInput → BridgeName → Minidregg.Theory.DisclosureRequest Observer Policy Recipient Purpose → Minidregg.Theory.DisclosureIntent DeclassificationAuthority → Minidregg.Theory.PrivateComputationRequest language mode Observer Policy Recipient Purpose BridgeName AuthorizationContext CanonicalInput SemanticInput DeclassificationAuthority
def	Minidregg.Theory.PrivateComputationRequest.program	f32859c6d8da633705f36c7e9049ceec507e6a7ba7f5da212a2f19d0a0762677	19b479f7ea93170dfe0602ba9071a156e11b576caebaf4cdfa5a5dacd42ae5ab	d05fd359f6269da04d361cadbcf0e2bf5b54cdba9ffb7949466af506ea7db252	e393f50f8c8c3cb4	-	{language : Minidregg.Theory.PrivateComputationLanguage} → {mode : Minidregg.Theory.PrivateComputationKind} → {Observer : Type u_1} → {Policy : Type u_2} → {Recipient : Type u_3} → {Purpose : Type u_4} → {BridgeName : Type u_5} → {AuthorizationContext : Type u_6} → {CanonicalInput : Type u_7} → {SemanticInput : Type u_8} → {DeclassificationAuthority : Type u_9} → Minidregg.Theory.PrivateComputationRequest language mode Observer Policy Recipient Purpose BridgeName AuthorizationContext CanonicalInput SemanticInput DeclassificationAuthority → language.Program mode
inductive	Minidregg.Theory.PrivateComputationResult	1279ff103099ee3d3f0fdc8acb96d43701d808dbcfa5b5534111d580e573a7f3	0894977a2274ae4e04d7a10ae76c565fb9508f213f2c01d5bf215f0a2de4a34a	186292c8da567c6ecff4777917e2c76bb9285a9462aa99904e241a4b123403c8	a6b47a3a4149bfd7		Minidregg.Theory.PrivateComputationLanguage → Minidregg.Theory.PrivateComputationKind → Type u_1 → Type u_2 → Type (max u_1 u_2)
def	Minidregg.Theory.PrivateComputationResult.evidence	a07e887a38a0b4f8f94d94694d8f0cbd9328f76456a11a5e2c178bb623961673	b77528f26ff12544ca4a4d2987d32cab02aa0cc37037660423566a1b6b6bbdf9	0c2ac85dfca717551b577ef29a0c364f43d912fabfb62c53a8bbbb851f736d2f	178d413a2ac726bd	-	{language : Minidregg.Theory.PrivateComputationLanguage} → {mode : Minidregg.Theory.PrivateComputationKind} → {OutputCommitment : Type u_1} → {PrivateOutput : Type u_2} → Minidregg.Theory.PrivateComputationResult language mode OutputCommitment PrivateOutput → language.Evidence mode
ctor	Minidregg.Theory.PrivateComputationResult.mk	4c2e838f43737d4d449ee9d45b12bcfb037e36653ac70264e4450f035b2496ef	84b84b9b05fe2f42d9ece3a0787b2a49cd8d26333e30cad675c41b8e8455fc95	d099a8e66a13898d32aeb5b4095ee2d8c7fcaa724e97b00fe4b40c552f90df4b	35ecd31f5cefe8b8		{language : Minidregg.Theory.PrivateComputationLanguage} → {mode : Minidregg.Theory.PrivateComputationKind} → {OutputCommitment : Type u_1} → {PrivateOutput : Type u_2} → Minidregg.Theory.CommittedPrivateOutput OutputCommitment (language.OutputArtifact mode) PrivateOutput → language.Evidence mode → Minidregg.Theory.PrivateComputationResult language mode OutputCommitment PrivateOutput
def	Minidregg.Theory.PrivateComputationResult.output	90e50a5b257dcd365a63d5b008de8b412799a5073cf7a20b1ac47c57fcb375af	574697f58cf02eda29c66930a497cebbd508a3eeba72f251f0f3adbe7f6a1e63	8cbe89a187d1c259310d95c52c2830c39e28686317b50fd7c04470c2b812678b	4e587772ea4a4c06	-	{language : Minidregg.Theory.PrivateComputationLanguage} → {mode : Minidregg.Theory.PrivateComputationKind} → {OutputCommitment : Type u_1} → {PrivateOutput : Type u_2} → Minidregg.Theory.PrivateComputationResult language mode OutputCommitment PrivateOutput → Minidregg.Theory.CommittedPrivateOutput OutputCommitment (language.OutputArtifact mode) PrivateOutput
inductive	Minidregg.Theory.PrivateComputationStatement	b0b218fae36870b66f14fa97f7290c145a30eb817a1aeb611a944251d654fd1e	563f9c2effe46d129732335564506619db6a792720962f2141e3ac20e6021081	764f481b758bd99de2924478541ad61abc1da38b55d2871c8bd3fd9ccc8470d8	16de27f4b1a78347		Minidregg.Theory.PrivateComputationLanguage → Minidregg.Theory.PrivateComputationKind → Type u_1 → Type u_2 → Type u_3 → Type (max (max u_1 u_2) u_3)
def	Minidregg.Theory.PrivateComputationStatement.inputArtifact	43f1ad773b1dde1c3e0c14214241f2e5c464cbcf99976353a40bc829eeb7afbc	80ea6e65060d29d25d7f63264933742bfec4a903c8e244daf865dcd0b8456e21	f0f9a0ff2b6aa268e61a98db719800239eb0081022bef9f3b23028f63e2d2e19	5863078284356ef8	-	{language : Minidregg.Theory.PrivateComputationLanguage} → {mode : Minidregg.Theory.PrivateComputationKind} → {SemanticInput : Type u_1} → {OutputCommitment : Type u_2} → {PrivateOutput : Type u_3} → Minidregg.Theory.PrivateComputationStatement language mode SemanticInput OutputCommitment PrivateOutput → language.InputArtifact mode
def	Minidregg.Theory.PrivateComputationStatement.inputValue	c0862be9f7707e0583a35f776ed43a66a70abecf1a8de5800cf6e64ce2b25fdd	e8ff6268eeb7e7c39e16c59450b89d4f8b97323cdad75c56ffd1ed7dde4ea865	962f20bfedcd50667272c5218ed3be825921d30805b1463a9c94d52ba3156ea0	22399b8961a11466	-	{language : Minidregg.Theory.PrivateComputationLanguage} → {mode : Minidregg.Theory.PrivateComputationKind} → {SemanticInput : Type u_1} → {OutputCommitment : Type u_2} → {PrivateOutput : Type u_3} → Minidregg.Theory.PrivateComputationStatement language mode SemanticInput OutputCommitment PrivateOutput → SemanticInput
ctor	Minidregg.Theory.PrivateComputationStatement.mk	885d341cd0e1d80caf5ee9fffcb17d0b0c080950edcb946ec479f23236ccdcfc	6a23110a7ca230d40aa70b7f8db7cfaaa6545603da9bc06d822f30bc8ff5c5a8	8e742590dba8873e64a986756031f7fe830c2d132d012fec59e4c66c2d1ba35d	ed791f557cd8b9c1		{language : Minidregg.Theory.PrivateComputationLanguage} → {mode : Minidregg.Theory.PrivateComputationKind} → {SemanticInput : Type u_1} → {OutputCommitment : Type u_2} → {PrivateOutput : Type u_3} → language.Program mode → SemanticInput → language.InputArtifact mode → OutputCommitment → language.OutputArtifact mode → PrivateOutput → Minidregg.Theory.PrivateComputationStatement language mode SemanticInput OutputCommitment PrivateOutput
def	Minidregg.Theory.PrivateComputationStatement.outputArtifact	a3f2781108df40dbb51498a8bb4464fad16eacfdeaf677dd08c27e06dc670c29	f03b28191842f338fed2b95a03ccba2983d66b68a56ca42692198ad32461a5c7	24f81a570e06f9f5e40e131a24a31f874cb76ecf3f24539c03bb2c312be03bea	0a85915ad4781ac2	-	{language : Minidregg.Theory.PrivateComputationLanguage} → {mode : Minidregg.Theory.PrivateComputationKind} → {SemanticInput : Type u_1} → {OutputCommitment : Type u_2} → {PrivateOutput : Type u_3} → Minidregg.Theory.PrivateComputationStatement language mode SemanticInput OutputCommitment PrivateOutput → language.OutputArtifact mode
def	Minidregg.Theory.PrivateComputationStatement.outputCommitment	6dc8b5bdf38d6118eaba767b72fdac21ceb41b20920ea24e82c1bdd6c2146e9f	330a0b10c4a7cd7cd8ae00e048dd718930f65ca9790b62a0965f8865f94ea185	9a1cdbbe416781a88221ddb0ecb44ad90748ef281c0c02c54b5ddcfeea2ced21	32c45a872d76afdc	-	{language : Minidregg.Theory.PrivateComputationLanguage} → {mode : Minidregg.Theory.PrivateComputationKind} → {SemanticInput : Type u_1} → {OutputCommitment : Type u_2} → {PrivateOutput : Type u_3} → Minidregg.Theory.PrivateComputationStatement language mode SemanticInput OutputCommitment PrivateOutput → OutputCommitment
def	Minidregg.Theory.PrivateComputationStatement.privateOutput	f3df1402c414f558857212c8b0ddb99baf4ccfe929b41a1e9e61e729715266fd	a925eb27e0282c3f6472353a064822c5b063443509ba6a9e7a3e5dd2c1f471b5	2eab78383a241a26ea86a553f7921a590520531e745c710681fcc2f87b2dc90a	1c9eed930a0ade84	-	{language : Minidregg.Theory.PrivateComputationLanguage} → {mode : Minidregg.Theory.PrivateComputationKind} → {SemanticInput : Type u_1} → {OutputCommitment : Type u_2} → {PrivateOutput : Type u_3} → Minidregg.Theory.PrivateComputationStatement language mode SemanticInput OutputCommitment PrivateOutput → PrivateOutput
def	Minidregg.Theory.PrivateComputationStatement.program	ae025b18e50887dfea904436b074d680720a0d9b4429b18549f34a17669cf75d	89bbc8f6c7f1c22add1a32e83893fd815d3a26c219135a42851678bb7c679bf3	d46f586116e190736e82b11fbcd827f693717963742ca7fd6e5f18dfd6efc80a	ae8d83c4919268eb	-	{language : Minidregg.Theory.PrivateComputationLanguage} → {mode : Minidregg.Theory.PrivateComputationKind} → {SemanticInput : Type u_1} → {OutputCommitment : Type u_2} → {PrivateOutput : Type u_3} → Minidregg.Theory.PrivateComputationStatement language mode SemanticInput OutputCommitment PrivateOutput → language.Program mode
inductive	Minidregg.Theory.PrivateEvidencePortal	ed6999adeac374afb6c53d4d077ac8ffb52480be2f06ba47fbce7054ca9349bf	0b6399e3566a41b62dc32aad0b80c56850b195a0cd2cb8a122947076963555ba	b49d1b26e5b0a8e7731aa164c398505ee8957b539e4fc2845aa335353f64c6b8	0129121e7f1b0f6b		Type u_1 → Type u_2 → Type (max u_1 u_2)
def	Minidregg.Theory.PrivateEvidencePortal.Accepts	0ec8786ad4e2e841b08c4140ce08eadefbb558063680fa669906624ec8381622	5725fdfb4dd0f97d25adcfe35def60e7d8661d2d760887dc1c2f3e20f5c2d6cb	05b3faa4a33854e92df79ec611ee4c9d1e2d126d9958d0c8e5ae135188b15705	57395e27c2074db7	-	{Statement : Type u_1} → {Witness : Type u_2} → Minidregg.Theory.PrivateEvidencePortal Statement Witness → Statement → Witness → Prop := fun Statement Witness self => self.2
theorem	Minidregg.Theory.PrivateEvidencePortal.accepted_law	907845461e5de831ff271431a73f9903991dd17ba29f457296e8912f73545a9f	25d2151325ce23bdcb42645e2a1b8ec5157adda1a72626d198ce73367696a276	a7c350736119f982fd33cdcc7679128610308e090287526bca0b003a86d10208	f3d3743e772ed324	-	∀ {Statement : Type u_1} {Witness : Type u_2} (self : Minidregg.Theory.PrivateEvidencePortal Statement Witness) (statement : Statement) (witness : Witness), self.verify statement witness = Bool.true → self.Accepts statement witness
ctor	Minidregg.Theory.PrivateEvidencePortal.mk	ce5a85a648f57fd7e845b624ad439976a42ee9412f09c4116de7ff5605726b21	3618a3f0d2cedbdde40ddf819624ab346f746c17e370a15e26f60df2a7495ee2	5dbecaab0ecd2c487924d077290670aa38830ddb9e47abcc093041cf0ac69ee8	46049db5c8f2fb63		{Statement : Type u_1} → {Witness : Type u_2} → (verify : Statement → Witness → Bool) → (Accepts : Statement → Witness → Prop) → (∀ (statement : Statement) (witness : Witness), verify statement witness = Bool.true → Accepts statement witness) → Minidregg.Theory.PrivateEvidencePortal Statement Witness
def	Minidregg.Theory.PrivateEvidencePortal.verify	3847666fc415b9feb059960b1574ff6b4149780fdd3e8ccfb1a732a020fe7454	5be1a470655e0878b8f138805921faec5427a48862e0853bcc4f64761ec926ae	6fb474ebea0ca391115772538c23468c6bacb74a130724fedcb4efe50da5fb65	6037cce924dfaa8e	-	{Statement : Type u_1} → {Witness : Type u_2} → Minidregg.Theory.PrivateEvidencePortal Statement Witness → Statement → Witness → Bool
