# Theory.ObjectiveBendDemandAdequacy: Objective contract manifest. Written by `scripts/check-objective-proofs.sh proofs --pin`;
# a removed or changed row needs a line in scripts/gates/objective-contract-changes.txt.
def	Minidregg.Theory.ObjectiveBendDemandAdequacy.AddressMeaning	ad0ffceb75f2154bb52d169a291f5949290252ecf303f81e7c0e500b1769fa07	89855d392aa192071e8a2b2230d30ecae8fc9de0c15fa6a53f6209226829292a	fe780fd5b8265505597e8ca45457200f8de40576c2d4bed80e8b785d8a76c768	5b5362fb3ae960ab	-	Type
def	Minidregg.Theory.ObjectiveBendDemandAdequacy.AdministrativeBudget	ac2a7be841da71ef70bcb6abf360e680f2cebc54fb646ea52672371b77808ed1	3cb81f5d2c8bd24d01f8b0a16bd5fcea0232f8acf9b002e5e82509047e21f743	b2032c8818815196755c9f6327764c1d410777525c81447fee22b3d0a4459551	5f3e19789e37e646	Quot.sound,propext	Nat → Nat → Prop := fun cost cap => ∀ (meaning : Minidregg.Theory.ObjectiveBendDemandAdequacy.AddressMeaning) (state : Minidregg.Theory.ObjectiveBendDemandMachine.State), Minidregg.Theory.ObjectiveBendDemandAdequacy.HeapRealizes meaning state.heap → Minidregg.Theory.ObjectiveBendDemandAdequacy.HeapOriginsBorn state.heap → (∀ (address : Minidregg.Theory.ObjectiveBendDemandMachine.Address) (result : Minidregg.Theory.ObjectiveBendOpenRecursion.Term), state.control = Minidregg.Theory.ObjectiveBendDemandMachine.Control.enter address → address + 1 ≤ cap → Minidregg.Theory.ObjectiveBendDemandAdequacy.SourceDerivation (meaning address) result cost → Minidregg.Theory.ObjectiveBendDemandAdequacy.DemandAdministrationHalts state) ∧ ∀ (term : Minidregg.Theory.ObjectiveBendOpenRecursion.Term) (environment : Minidregg.Theory.ObjectiveBendDemandMachine.Environment) (result : Minidregg.Theory.ObjectiveBendOpenRecursion.Term), state.control = Minidregg.Theory.ObjectiveBendDemandMachine.Control.evaluate term environment → Minidregg.Theory.ObjectiveBendDemandInvariant.EnvironmentValid cap environment → Minidregg.Theory.ObjectiveBendDemandAdequacy.SourceDerivation (Minidregg.Theory.ObjectiveBendDemandAdequacy.closeTerm meaning environment term) result cost → Minidregg.Theory.ObjectiveBendDemandAdequacy.DemandAdministrationHalts state
def	Minidregg.Theory.ObjectiveBendDemandAdequacy.CellRealizes	8b285ce4cb32175931a6b69211f64c3cc8832622d0668fba0751ad0e47fe88c1	459fe74800f89afc588bbc0d27b0c9788fd710733bc622f956f3fc1f4dd23a99	d4e94ed2f6862ce79a926efbbabfb09ac0ac7492e4b83cda6d0565db5e3665ef	c5b403c5365b7005	Quot.sound,propext	Minidregg.Theory.ObjectiveBendDemandAdequacy.AddressMeaning → Minidregg.Theory.ObjectiveBendDemandMachine.Address → Minidregg.Theory.ObjectiveBendDemandMachine.Cell → Prop := fun meaning address cell => Minidregg.Theory.ObjectiveBendOpenRecursion.Steps (meaning address) (Minidregg.Theory.ObjectiveBendDemandAdequacy.closeOrigin meaning (Minidregg.Theory.ObjectiveBendDemandInvariant.cellOrigin cell)) ∧ match cell with | Minidregg.Theory.ObjectiveBendDemandMachine.Cell.cached origin value => Minidregg.Theory.ObjectiveBendOpenRecursion.Evaluates (meaning address) (Minidregg.Theory.ObjectiveBendDemandAdequacy.valueMeaning meaning value) | x => True
def	Minidregg.Theory.ObjectiveBendDemandAdequacy.DemandAdministrationHalts	203588ab5fe2717a34d7bfbf140fb04c6d9ce40fb7cb589340cb8680127db2b2	dc3cfd585039a4f195886f670a436649545a152b1e91276b11c91e84320efc7d	2409a16c070857d4339ba7fba82ca06f5c68fcf46a0e6250349ef7a0ccb3f60e	d1942aa9d26c2d28	Quot.sound,propext	Minidregg.Theory.ObjectiveBendDemandMachine.State → Prop := fun state => ∃ ticks, ¬Minidregg.Theory.ObjectiveBendDemandAdequacy.DemandAdministrative (Minidregg.Theory.ObjectiveBendDemandAdequacy.rawRun ticks state)
def	Minidregg.Theory.ObjectiveBendDemandAdequacy.DemandAdministrative	1d50613988a22a4ccfa0a168d7e9c3baace67edff2f324057124567556d164f8	dc3cfd585039a4f195886f670a436649545a152b1e91276b11c91e84320efc7d	166688cd675284f61cbf6cc468844ae2bdb40cc2b9794b8d2e044f74cef2a56a	7165c96130c042c2	propext	Minidregg.Theory.ObjectiveBendDemandMachine.State → Prop := fun state => match state.control with | Minidregg.Theory.ObjectiveBendDemandMachine.Control.enter address => True | Minidregg.Theory.ObjectiveBendDemandMachine.Control.evaluate (Minidregg.Theory.ObjectiveBendOpenRecursion.Term.bound index) environment => True | x => False
inductive	Minidregg.Theory.ObjectiveBendDemandAdequacy.DemandContext	f7e1fd5035944c2ca5bd7d5865ca25944292fdfa8eae35c12a78aa27a863c9d3	16946b93ac38405660f51e475eb5aa7d25b54f5e5677e0f6a10a4526cc071cbf	bf3ac3299a1a552156a0e0b6871819a82ff52ec89da423d74391c7cf1c25c363	e22baeb5d8f88ac3		Type
ctor	Minidregg.Theory.ObjectiveBendDemandAdequacy.DemandContext.argument	3721c626bff79d15c2715d5794c80888da43ab46602fdaa8d7219c7f35e55986	97bb58db19ee56ad37f5cfe05c823af85278be66791a0c07c9672a012da264ef	ebed1be069b709b5892ca2df6402bc8e6c72b5627dc0a038160ade8802a15d63	6eaf94f1e15777b4		Minidregg.Theory.ObjectiveBendOpenRecursion.Term → Minidregg.Theory.ObjectiveBendDemandAdequacy.DemandContext
def	Minidregg.Theory.ObjectiveBendDemandAdequacy.DemandContext.argument.elim	3513f3680b92a0d7ad32154e7f09debdd3bb380183b7ae1b8307309888fb92f6	ef022c956ef52e542c0e8201c522cbdf50d600b4beca92edbbc7911c04136312	e0ebb48812efce8c6de8184cdc193211d442f51ee3b95175708896d8730785c2	87aa27cf9ede6958	-	{motive : Minidregg.Theory.ObjectiveBendDemandAdequacy.DemandContext → Sort u} → (t : Minidregg.Theory.ObjectiveBendDemandAdequacy.DemandContext) → t.ctorIdx = 0 → ((term : Minidregg.Theory.ObjectiveBendOpenRecursion.Term) → motive (Minidregg.Theory.ObjectiveBendDemandAdequacy.DemandContext.argument term)) → motive t
ctor	Minidregg.Theory.ObjectiveBendDemandAdequacy.DemandContext.binary	a65f50607c0e32ff52dcf627c35371aebfba6175af2b99f64e600606a9ff2386	8af3f72e697ee700bc9c4f7ad1b06446526888b8d014fb5bbfc70071ed725f1c	9735f3458b8f0e2c40321dadcd1db23d2161d0e911bc9916302a858603588d25	1484f7180b12ddd5		Minidregg.Theory.ObjectiveBendOpenRecursion.Primitive → Minidregg.Theory.ObjectiveBendOpenRecursion.Term → Minidregg.Theory.ObjectiveBendDemandAdequacy.DemandContext
def	Minidregg.Theory.ObjectiveBendDemandAdequacy.DemandContext.binary.elim	d354af4fb1f5a468fb9df1b64f1055e73c1690bb4b69f087923c674e3c9b1d3a	76c9d785874e1a2079d1c23e97311dace74395d134d92518cfdb600dca8720eb	db4301b08d6c6cb12f6ee33b8ec657c5ee19f9ad55aa1fa9430fcdea675182a6	fb7a9df3ab000e8a	-	{motive : Minidregg.Theory.ObjectiveBendDemandAdequacy.DemandContext → Sort u} → (t : Minidregg.Theory.ObjectiveBendDemandAdequacy.DemandContext) → t.ctorIdx = 7 → ((primitive : Minidregg.Theory.ObjectiveBendOpenRecursion.Primitive) → (right : Minidregg.Theory.ObjectiveBendOpenRecursion.Term) → motive (Minidregg.Theory.ObjectiveBendDemandAdequacy.DemandContext.binary primitive right)) → motive t
ctor	Minidregg.Theory.ObjectiveBendDemandAdequacy.DemandContext.case	e2eb55d3b6d98fa7077747a1514c86b14abd9ac934016e250ac811c9df5093dd	9a4f293c803127c5c5b2c7b4d363580563c3f632e92014d5490b8c1d3a7b16f9	0e446388fd70ef636deb041fa8cb872395a0d4487dd130c1ed19813d8697939d	a8539069c0cdd866		List (String × Minidregg.Theory.ObjectiveBendOpenRecursion.Term) → Minidregg.Theory.ObjectiveBendDemandAdequacy.DemandContext
def	Minidregg.Theory.ObjectiveBendDemandAdequacy.DemandContext.case.elim	afd6a421c9b7b03ea0d3db3449831991c04c246a5bc7778702ef0f878fd15f81	a2fcfa404435f74ca9ee48f7874768834987c4eb664a356a24eecd905b203a2d	a1663bae16bfefd96f59f424ef80ddf6b6352dbd00776ba71f2acb6bc0b9de76	62426172b0891fa1	-	{motive : Minidregg.Theory.ObjectiveBendDemandAdequacy.DemandContext → Sort u} → (t : Minidregg.Theory.ObjectiveBendDemandAdequacy.DemandContext) → t.ctorIdx = 8 → ((arms : List (String × Minidregg.Theory.ObjectiveBendOpenRecursion.Term)) → motive (Minidregg.Theory.ObjectiveBendDemandAdequacy.DemandContext.case arms)) → motive t
ctor	Minidregg.Theory.ObjectiveBendDemandAdequacy.DemandContext.condition	9033f958955cd3f307b5146597df6cd0f3697829dd6cf66209bf3f686cf23da3	0b6bcb958da54000661108fcb588fbce7fe5924b573d60557a31c875af42c8ee	005775aab8e200b2822acc1a91a4e672b841ca82ea6dc987f326500deb65afbc	74a1bcbd172f02e4		Minidregg.Theory.ObjectiveBendOpenRecursion.Term → Minidregg.Theory.ObjectiveBendOpenRecursion.Term → Minidregg.Theory.ObjectiveBendDemandAdequacy.DemandContext
def	Minidregg.Theory.ObjectiveBendDemandAdequacy.DemandContext.condition.elim	b514c56ec80c4fbb369ee09c4321c928212a7bccefce0854dd71ff89d57dbca7	ecf6c630e91dd3dad22f45edbe5d4db35705d60107f717fb146bec90735e87d7	02906d4b3944f648c65d62ce012f354469fbdc8b6dcd16c669086d47f3bf7c54	7b789f0fbb4e272a	-	{motive : Minidregg.Theory.ObjectiveBendDemandAdequacy.DemandContext → Sort u} → (t : Minidregg.Theory.ObjectiveBendDemandAdequacy.DemandContext) → t.ctorIdx = 6 → ((zero successorBody : Minidregg.Theory.ObjectiveBendOpenRecursion.Term) → motive (Minidregg.Theory.ObjectiveBendDemandAdequacy.DemandContext.condition zero successorBody)) → motive t
ctor	Minidregg.Theory.ObjectiveBendDemandAdequacy.DemandContext.extend	1c07d9ae6c4903d0dbdff5aa98fe7794ff6de1552c50a0acc7022025191d492c	9a4f293c803127c5c5b2c7b4d363580563c3f632e92014d5490b8c1d3a7b16f9	a572e5a55338d796786566adb6e84218c441e39e324a80d76f7aa400ca623bc0	d12b3a3660e799c9		List (String × Minidregg.Theory.ObjectiveBendOpenRecursion.Term) → Minidregg.Theory.ObjectiveBendDemandAdequacy.DemandContext
def	Minidregg.Theory.ObjectiveBendDemandAdequacy.DemandContext.extend.elim	42f46eb37595d335ca5c5dc277b085b3e7fcdc5a488df49ed8db252540d94d53	f8a97859cf4a0bc69bd31e0cea92484d0549bc90160bdae76edad70fe9f45571	f61908fb02fed1f59de7899788df4cb4dc9072c7f0d043043f05507b1d61087b	bdb08d47190fab3e	-	{motive : Minidregg.Theory.ObjectiveBendDemandAdequacy.DemandContext → Sort u} → (t : Minidregg.Theory.ObjectiveBendDemandAdequacy.DemandContext) → t.ctorIdx = 5 → ((fields : List (String × Minidregg.Theory.ObjectiveBendOpenRecursion.Term)) → motive (Minidregg.Theory.ObjectiveBendDemandAdequacy.DemandContext.extend fields)) → motive t
ctor	Minidregg.Theory.ObjectiveBendDemandAdequacy.DemandContext.field	e1e8eff97f175ca3917291c42d203384dce3f6961503625749d78f6a0131680a	f8d543064f20febb973c7e2f7186a87fa510c25b7540a03de8437af20fccf13a	83dc6e83ad36c18e491479e2cab54b30b1d738d1991d095c6f409f8cd647391d	f0048a90170776ae		String → Minidregg.Theory.ObjectiveBendDemandAdequacy.DemandContext
def	Minidregg.Theory.ObjectiveBendDemandAdequacy.DemandContext.field.elim	873a7b8ba01d580485315aa84dc9fdd7f7dc16f556596c2e0806412e4606ee36	f299bf823125e7515a15f2daa4dc5dce2f90e75ecaa6aa5ea94c325f1b1580be	f24ba94a209cf39062c95a9129a762ec36aef59f21bb8494108a6937469296c2	35b7a96fc5c34b42	-	{motive : Minidregg.Theory.ObjectiveBendDemandAdequacy.DemandContext → Sort u} → (t : Minidregg.Theory.ObjectiveBendDemandAdequacy.DemandContext) → t.ctorIdx = 1 → ((name : String) → motive (Minidregg.Theory.ObjectiveBendDemandAdequacy.DemandContext.field name)) → motive t
def	Minidregg.Theory.ObjectiveBendDemandAdequacy.DemandContext.frame	a543c7bd76027ed2cef975e6d8b2cd078dd512175f3d08ecfa8f1f8bc8ac310d	04d879f50f1116f91ca79a97792d5e45273d7ce76653f5ef7c88db238ea6b23d	297d7e11ce3d486a8762e7f463b3c6fbd1c564a63a556ec3f6199d75b8b6390d	22055fd579dadd1c	-	Minidregg.Theory.ObjectiveBendDemandAdequacy.DemandContext → Minidregg.Theory.ObjectiveBendDemandMachine.Environment → Minidregg.Theory.ObjectiveBendDemandMachine.Frame
ctor	Minidregg.Theory.ObjectiveBendDemandAdequacy.DemandContext.ifBool	9ddfe6e710a5d44afe8586a81516b96c57cb7049ada0b269c1eebaac243a3a84	0b6bcb958da54000661108fcb588fbce7fe5924b573d60557a31c875af42c8ee	30525142a99d200996859e969785774ee032e50b54afd65704f29eea2c0b51bf	2b48c66ce6e3f89a		Minidregg.Theory.ObjectiveBendOpenRecursion.Term → Minidregg.Theory.ObjectiveBendOpenRecursion.Term → Minidregg.Theory.ObjectiveBendDemandAdequacy.DemandContext
def	Minidregg.Theory.ObjectiveBendDemandAdequacy.DemandContext.ifBool.elim	a0a779e8846f016ea1f8378a502d786dfb65923b9aa7e903f3aebe767674c52e	06fafb39103ec7aa69b5792c9aad2bc0ab0e881a0a3711586732ef036c37463a	558f16f9717b2d4f4f5fa9265792aadb4130a0ed53959c0dd86dfd446e2b93f8	eb20f28e4b294c06	-	{motive : Minidregg.Theory.ObjectiveBendDemandAdequacy.DemandContext → Sort u} → (t : Minidregg.Theory.ObjectiveBendDemandAdequacy.DemandContext) → t.ctorIdx = 9 → ((whenTrue whenFalse : Minidregg.Theory.ObjectiveBendOpenRecursion.Term) → motive (Minidregg.Theory.ObjectiveBendDemandAdequacy.DemandContext.ifBool whenTrue whenFalse)) → motive t
ctor	Minidregg.Theory.ObjectiveBendDemandAdequacy.DemandContext.metadata	9ec0f50bb3df6e1eb966857f5e51dbb628462b0a32fdd781ae11b15e3ecd4c6b	d60fe95e59301d8c4b103ae8c68705e2cc55b9656cbcf06f8500577809d0e1f0	a066dd95fe55708186789b55320daceb63c4cbe4fcefcdaaa1c122004566fd2e	670a7a9b78f6b4de		Minidregg.Theory.ObjectiveBendDemandAdequacy.DemandContext
def	Minidregg.Theory.ObjectiveBendDemandAdequacy.DemandContext.metadata.elim	222d07625ed7f4ce77014dc1831fd4aca116a3d62050b437bee20867bd8e7238	e643e13821a657d8b71a73077980c37266774da60536fe27a0da422483bd83ee	4222e8f54b479eb23d0afa9c3fe8a97a2ab065c20f96ec01c94ab6388296703a	2f99d3a3d3573aee	-	{motive : Minidregg.Theory.ObjectiveBendDemandAdequacy.DemandContext → Sort u} → (t : Minidregg.Theory.ObjectiveBendDemandAdequacy.DemandContext) → t.ctorIdx = 3 → motive Minidregg.Theory.ObjectiveBendDemandAdequacy.DemandContext.metadata → motive t
ctor	Minidregg.Theory.ObjectiveBendDemandAdequacy.DemandContext.project	51237ba6b80844a2135a6fb9b62179c64fdc2f3a73e9ddadf4eebb141a8db447	d60fe95e59301d8c4b103ae8c68705e2cc55b9656cbcf06f8500577809d0e1f0	7d2d8c154a7ef26157e4df9ec6973d3836342ca3f5c4a7ad807a9ceab7b5ff7b	d44f72b13d148a27		Minidregg.Theory.ObjectiveBendDemandAdequacy.DemandContext
def	Minidregg.Theory.ObjectiveBendDemandAdequacy.DemandContext.project.elim	3c295f85e330cc6c98ef47a6dbd717a506c1f66d34aa26de0b5e129afd84933c	ebfd75131fb22ec46eac3254c42f87e628b40f10cf825e78289f91cae905f11f	4ef8e2b9bd650405dce5dacde1387f7a109bd83d45637cd85c00cf3ab251d254	ad43c1fd465aba8d	-	{motive : Minidregg.Theory.ObjectiveBendDemandAdequacy.DemandContext → Sort u} → (t : Minidregg.Theory.ObjectiveBendDemandAdequacy.DemandContext) → t.ctorIdx = 4 → motive Minidregg.Theory.ObjectiveBendDemandAdequacy.DemandContext.project → motive t
ctor	Minidregg.Theory.ObjectiveBendDemandAdequacy.DemandContext.reflect	71300701e41360103693bf4935193070b3453de74844d9afe7f858b5652d2fa3	d60fe95e59301d8c4b103ae8c68705e2cc55b9656cbcf06f8500577809d0e1f0	838e5958b356e7aa978124220b7abb232b57a3b05c3bb7e28b4d0e72a7538f18	3e82304974a8c2bf		Minidregg.Theory.ObjectiveBendDemandAdequacy.DemandContext
def	Minidregg.Theory.ObjectiveBendDemandAdequacy.DemandContext.reflect.elim	16e6d141ea65b4a08edef1e93e960b6c7cbf963817c57c5242d8acc25cc1b434	1f34abef9bf4323d95026ce15f081dd27a9b0ec6660aec6c944767554c2d5ab8	223882e05cc8f3b8d4456ded7a446d99cc2c4621e43fb05647c3ed3b86d294d8	42de67171e90602f	-	{motive : Minidregg.Theory.ObjectiveBendDemandAdequacy.DemandContext → Sort u} → (t : Minidregg.Theory.ObjectiveBendDemandAdequacy.DemandContext) → t.ctorIdx = 2 → motive Minidregg.Theory.ObjectiveBendDemandAdequacy.DemandContext.reflect → motive t
def	Minidregg.Theory.ObjectiveBendDemandAdequacy.DemandContext.term	5fbae626a5269ceedc1afa2e4f2f18638f292bfed16751484d8cb5a01e7f3f4d	e5fe0112e8c600ac4d27dadb18b168b00304b68a41e0eb4e81610c8addc8cb2a	59f037daffb3c41981ad29de8393092ccc7a6ac8f4324be1b2f746cc2201deae	446a87499621701e	-	Minidregg.Theory.ObjectiveBendDemandAdequacy.DemandContext → Minidregg.Theory.ObjectiveBendOpenRecursion.Term → Minidregg.Theory.ObjectiveBendOpenRecursion.Term
def	Minidregg.Theory.ObjectiveBendDemandAdequacy.DemandSafety	a8cd67c737951b52b81de97803efbe50167ac057bcd4de21634f1b58653062f2	9595efeea97342aa89dbe6836760b9f9c66408321f71e3caccb8cab283ee831c	d1b09a3222f822d7dd8cbfd1e4e751725a47a2908074039dfaa5b7d2b496b729	cc07a9d2c83b1616	Quot.sound,propext	Minidregg.Theory.ObjectiveBendDemandAdequacy.AddressMeaning → Minidregg.Theory.ObjectiveBendDemandMachine.State → Prop := fun meaning state => ∀ (address : Minidregg.Theory.ObjectiveBendDemandMachine.Address) (origin : Minidregg.Theory.ObjectiveBendDemandMachine.Closure), state.heap[address]? = Option.some (Minidregg.Theory.ObjectiveBendDemandMachine.Cell.evaluating origin) → ∀ (nameValue : Minidregg.Theory.ObjectiveBendOpenRecursion.Term) (nameCost : Nat), Minidregg.Theory.ObjectiveBendDemandAdequacy.SourceDerivation (meaning address) nameValue nameCost → ∀ (focus : Minidregg.Theory.ObjectiveBendOpenRecursion.Term), Minidregg.Theory.ObjectiveBendDemandAdequacy.budgetFocus meaning state = Option.some focus → ∀ (focusValue : Minidregg.Theory.ObjectiveBendOpenRecursion.Term) (focusCost : Nat), Minidregg.Theory.ObjectiveBendDemandAdequacy.SourceDerivation focus focusValue focusCost → focusCost < nameCost ∨ focusCost = nameCost ∧ Minidregg.Theory.ObjectiveBendDemandAdequacy.budgetCap state ≤ address
inductive	Minidregg.Theory.ObjectiveBendDemandAdequacy.EvaluatingSegment	aaab97e988893ac7f8bed8a7adb001f4cd6b13ea065b6a2344f73b6f5d3f3a12	b4e6509c1dd394f5d25f775c7ac9e9de7165c5ebfdbc94471526c35c82f6c819	12727bbc686643bc8758c7acd0078a5ef1b6a02ceccc8a5c96de75b2d94795e1	62ca5bcfebffff4d		Minidregg.Theory.ObjectiveBendDemandMachine.Address → Minidregg.Theory.ObjectiveBendDemandMachine.Closure → Minidregg.Theory.ObjectiveBendDemandMachine.State → Minidregg.Theory.ObjectiveBendDemandMachine.State → Prop
ctor	Minidregg.Theory.ObjectiveBendDemandAdequacy.EvaluatingSegment.next	85e942d2944e1d480b28e4c739d232e904bc3a4d24340faf6e78bf3d7ac52ff3	7572db857d356ccf5f69c0905f2784ab13cf2b725e63847f1a9421646f2d3cc3	74903bc68ba5d5cd5a6e96836916ceefa369c25b1b4daf0bb9ffe58d25fed920	d6a37696d3f60292		∀ {address : Minidregg.Theory.ObjectiveBendDemandMachine.Address} {origin : Minidregg.Theory.ObjectiveBendDemandMachine.Closure} {entered state : Minidregg.Theory.ObjectiveBendDemandMachine.State}, Minidregg.Theory.ObjectiveBendDemandAdequacy.EvaluatingSegment address origin entered state → (Minidregg.Theory.ObjectiveBendDemandMachine.stepRaw state).heap[address]? = Option.some (Minidregg.Theory.ObjectiveBendDemandMachine.Cell.evaluating origin) → Minidregg.Theory.ObjectiveBendDemandAdequacy.EvaluatingSegment address origin entered (Minidregg.Theory.ObjectiveBendDemandMachine.stepRaw state)
ctor	Minidregg.Theory.ObjectiveBendDemandAdequacy.EvaluatingSegment.start	9154bf617c487d46a0ecb243eb7986a5d1a0a766305961a57621c29ca386b6d1	d6ed28be1b2d5d9940e9c86dcc391ec18f6f8b8a554563e617455bf899736162	caa217ac757bdd7cac500cb7bb6abcfd0aac44a95d54745552cc654d239256a8	53acaf04d0120202		∀ {address : Minidregg.Theory.ObjectiveBendDemandMachine.Address} {origin : Minidregg.Theory.ObjectiveBendDemandMachine.Closure} {entered : Minidregg.Theory.ObjectiveBendDemandMachine.State}, entered.control = Minidregg.Theory.ObjectiveBendDemandMachine.Control.enter address → entered.heap[address]? = Option.some (Minidregg.Theory.ObjectiveBendDemandMachine.Cell.suspended origin) → Minidregg.Theory.ObjectiveBendDemandAdequacy.EvaluatingSegment address origin entered (Minidregg.Theory.ObjectiveBendDemandMachine.stepRaw entered)
def	Minidregg.Theory.ObjectiveBendDemandAdequacy.GraphRepresents	4d6882d40bce3b42b0880d86a59d7b2dd0424e4c4b9e2b3664b833fbcd82d6a1	6803fe4ae3de95135d9ccef48ab2081a86a0c1d2945234c55f17d3e0a7f45058	2962ace0f5c138930e01fe9d3af5d21f9127c71744fd63395f47799e3d043cf4	e0977adb4910e740	Quot.sound,propext	Minidregg.Theory.ObjectiveBendDemandMachine.State → Minidregg.Theory.ObjectiveBendOpenRecursion.Term → Prop := fun state source => Minidregg.Theory.ObjectiveBendDemandInvariant.LexicalInvariant state ∧ Minidregg.Theory.ObjectiveBendDemandInvariant.BusyInvariant state ∧ Minidregg.Theory.ObjectiveBendDemandInvariant.FinalStackInvariant state ∧ ∃ meaning, Minidregg.Theory.ObjectiveBendDemandAdequacy.MeaningsScoped state.heap.size meaning ∧ Minidregg.Theory.ObjectiveBendDemandAdequacy.HeapRealizes meaning state.heap ∧ ∃ residual, Minidregg.Theory.ObjectiveBendDemandAdequacy.controlMeaning meaning state.control = Option.some residual ∧ Minidregg.Theory.ObjectiveBendDemandAdequacy.StackRealizes meaning source residual state.stack
def	Minidregg.Theory.ObjectiveBendDemandAdequacy.GraphRepresentsBy	9b30852b6b819aa42481cf4e74ecd34b6f23787c59358e1892473c11da62b0b0	f201f6ce6d21bd8b6f4172fd54f68f10e574998e73ffca2cb069a7e392d853d2	19c8c16817defb2c97e562f129c6e075c4b2c437b54a20a587ad042302eaa021	3de1ead372b14cd3	Quot.sound,propext	Minidregg.Theory.ObjectiveBendDemandAdequacy.AddressMeaning → Minidregg.Theory.ObjectiveBendDemandMachine.State → Minidregg.Theory.ObjectiveBendOpenRecursion.Term → Prop := fun meaning state source => Minidregg.Theory.ObjectiveBendDemandInvariant.LexicalInvariant state ∧ Minidregg.Theory.ObjectiveBendDemandInvariant.BusyInvariant state ∧ Minidregg.Theory.ObjectiveBendDemandInvariant.FinalStackInvariant state ∧ Minidregg.Theory.ObjectiveBendDemandAdequacy.MeaningsScoped state.heap.size meaning ∧ Minidregg.Theory.ObjectiveBendDemandAdequacy.HeapRealizes meaning state.heap ∧ ∃ residual, Minidregg.Theory.ObjectiveBendDemandAdequacy.controlMeaning meaning state.control = Option.some residual ∧ Minidregg.Theory.ObjectiveBendDemandAdequacy.StackRealizes meaning source residual state.stack
def	Minidregg.Theory.ObjectiveBendDemandAdequacy.HeapOriginsBorn	9005e123791e92e938065ca622c29612883bec94c406280c20ce32c8ff2c21a3	8888013df1c2c15401a0e7a8f7c83f4dcb797abd736deefff8eed2691d07965e	aafd7e6f2b6816ac8ab7fa57d5e078862dc7065a59822d08d88e42846ec1addc	4dc505f5421e16b2	Quot.sound,propext	Array Minidregg.Theory.ObjectiveBendDemandMachine.Cell → Prop := fun heap => ∀ (address : Minidregg.Theory.ObjectiveBendDemandMachine.Address) (cell : Minidregg.Theory.ObjectiveBendDemandMachine.Cell), heap[address]? = Option.some cell → Minidregg.Theory.ObjectiveBendDemandAdequacy.OriginBorn address (Minidregg.Theory.ObjectiveBendDemandInvariant.cellOrigin cell)
def	Minidregg.Theory.ObjectiveBendDemandAdequacy.HeapRealizes	e3a02b601ff9afd52d81f221f7a7e0e337b0d97a3cef4be3ef391e9afbfc2562	717aa071116fa8a62ad24d8480a7e61e2edbcdc288ba4b629c0a373ed71b4039	2ea5e09c00d6fd9066cfec3693376c65d34c3d834aa4a08e5d49b99bd212cb8d	3a9e9f4095ea0e26	Quot.sound,propext	Minidregg.Theory.ObjectiveBendDemandAdequacy.AddressMeaning → Array Minidregg.Theory.ObjectiveBendDemandMachine.Cell → Prop := fun meaning heap => ∀ (address : Nat) (cell : Minidregg.Theory.ObjectiveBendDemandMachine.Cell), heap[address]? = Option.some cell → Minidregg.Theory.ObjectiveBendDemandAdequacy.CellRealizes meaning address cell
inductive	Minidregg.Theory.ObjectiveBendDemandAdequacy.ImmediateValue	b560988ced8034702c46e3ee3e1101f8ed3bd0fad289937749dc08906cc1f834	16946b93ac38405660f51e475eb5aa7d25b54f5e5677e0f6a10a4526cc071cbf	8d310336be1d28e53cc4ebbae22a45ec55cfd5c11ab4fc978a8b9adcb86e1744	6a55b6438bab4b5e		Type
ctor	Minidregg.Theory.ObjectiveBendDemandAdequacy.ImmediateValue.boolean	5eaa26aa70dd01f8693ecdd04b4ca35e928d84aba0ac0b89fb9953e8dea8ffb0	0936359169dae9c731303e0cf3cf54f600a141d2782dcb31acb2c6a9da75d1e1	07d4938c19fed21b4038c8442e3ceb6498dcbeb854492c88138b4e8e12676787	a0ecd75b27b6fefb		Bool → Minidregg.Theory.ObjectiveBendDemandAdequacy.ImmediateValue
def	Minidregg.Theory.ObjectiveBendDemandAdequacy.ImmediateValue.boolean.elim	0369011a30befb261f2bbff56b7607a954347191810144f036a2d2a24f831dbb	470eb205673d8c27b3abbb462eb5a09f82c05e09c5f52e8d8c25726076cb73a8	d48497894a66ff6e8f2079b968ab27659521cba9bf7d6e6605a9729dbf88ee07	f10bbe6e90491547	-	{motive : Minidregg.Theory.ObjectiveBendDemandAdequacy.ImmediateValue → Sort u} → (t : Minidregg.Theory.ObjectiveBendDemandAdequacy.ImmediateValue) → t.ctorIdx = 2 → ((value : Bool) → motive (Minidregg.Theory.ObjectiveBendDemandAdequacy.ImmediateValue.boolean value)) → motive t
ctor	Minidregg.Theory.ObjectiveBendDemandAdequacy.ImmediateValue.closure	f4e5917e315ea5302721ec17c34632b7d0024c0c6287d9fb90c1b81dd0e37321	bf3296c3c387537ebfdc9a3b129d35139c9531683d0a051a3e616352fc8b2238	f5c039fa89740522fb44acc61a38a5d89535d71925bfd62acb56d80e14297741	ebd75b82315496c9		Minidregg.Theory.ObjectiveBendOpenRecursion.Term → Minidregg.Theory.ObjectiveBendDemandAdequacy.ImmediateValue
def	Minidregg.Theory.ObjectiveBendDemandAdequacy.ImmediateValue.closure.elim	96a2c032d1e5bbc40a192faaac6d192f3e7f8319fb296629f9ff927fa39852de	7b6aa336f1fbb0784e706095815b79f501b2e1420e56e746da351759e9186b02	d4a7f73cb73ca5fd4680e41fdf5ec66cf02014404e4f91566406ae6ab080ceff	73546eee5e01a417	-	{motive : Minidregg.Theory.ObjectiveBendDemandAdequacy.ImmediateValue → Sort u} → (t : Minidregg.Theory.ObjectiveBendDemandAdequacy.ImmediateValue) → t.ctorIdx = 0 → ((body : Minidregg.Theory.ObjectiveBendOpenRecursion.Term) → motive (Minidregg.Theory.ObjectiveBendDemandAdequacy.ImmediateValue.closure body)) → motive t
ctor	Minidregg.Theory.ObjectiveBendDemandAdequacy.ImmediateValue.label	d334b8a118dd36e2d9efeeb25224a4148706fef6eea4c373e753b59e68eb15f2	b4de49f753467e855b33957b35b8794fec34f33bd773e9741e4fbd96bd1ba24f	ddbde69969380a0e75a77b6fcc8a1ab30350a301fe789ea149a423ef139d2185	510711f420e4d96e		String → Minidregg.Theory.ObjectiveBendDemandAdequacy.ImmediateValue
def	Minidregg.Theory.ObjectiveBendDemandAdequacy.ImmediateValue.label.elim	149ab110a1e61af060884a29615ee692f7affc4c494665c76a0bbe1e5e888706	984b390526811773f24d117bee947104fbfd293f369b1f9bd5d7aafe9d634378	1d4c03e0224a8621934f98cd0f9ae8e6ad11d6233cc1edd9ec277a0e7f268399	57bcd22b08926425	-	{motive : Minidregg.Theory.ObjectiveBendDemandAdequacy.ImmediateValue → Sort u} → (t : Minidregg.Theory.ObjectiveBendDemandAdequacy.ImmediateValue) → t.ctorIdx = 3 → ((name : String) → motive (Minidregg.Theory.ObjectiveBendDemandAdequacy.ImmediateValue.label name)) → motive t
ctor	Minidregg.Theory.ObjectiveBendDemandAdequacy.ImmediateValue.natural	c07a824e983c4e923b0df842441a2b614851517054d3a3e9612c57f930bafcc4	c8d30b3626c69b34dffeca750c33caddfa17c196f876d37b571f1ff958f1c1c8	9efa4e4312e6ade809346900d0adec2b45e10ed0bb384330a8d66e991bd34d26	ffe9b4506507ebd1		Nat → Minidregg.Theory.ObjectiveBendDemandAdequacy.ImmediateValue
def	Minidregg.Theory.ObjectiveBendDemandAdequacy.ImmediateValue.natural.elim	05b6f48f0b5f42a0fe41d3d0d3f6a71514d6282158b6077a2f1e30c0983af611	dace6b2da2e2aa82cd328a8b0f1234ca9b4b647c1978ce297162343b0618a715	7587a2d3ab5ec70af4bd7397b071129f4bf15c0b26fc74e32d3b77c8504f6038	e5e3184899455ad6	-	{motive : Minidregg.Theory.ObjectiveBendDemandAdequacy.ImmediateValue → Sort u} → (t : Minidregg.Theory.ObjectiveBendDemandAdequacy.ImmediateValue) → t.ctorIdx = 1 → ((number : Nat) → motive (Minidregg.Theory.ObjectiveBendDemandAdequacy.ImmediateValue.natural number)) → motive t
def	Minidregg.Theory.ObjectiveBendDemandAdequacy.ImmediateValue.runtime	f5926de6600bf7fd719bd71e686c86c089becde15f1f02121999bb5fe175ca26	13f5fae20e0f3b7a2ab7015c773ad69c8e2fc38da1d92a1f9c2b81596f2db890	6a90c7cc68af96c2c55c0a512ff968b15bf3676be4962022e9df006289ab1008	cf005260e717991a	-	Minidregg.Theory.ObjectiveBendDemandAdequacy.ImmediateValue → Minidregg.Theory.ObjectiveBendDemandMachine.Environment → Minidregg.Theory.ObjectiveBendDemandMachine.RuntimeValue
def	Minidregg.Theory.ObjectiveBendDemandAdequacy.ImmediateValue.term	906fb7b02a8b8f4ab3d89c80cf2d456607a9c5494378f54d8a0340f4cc6c6233	22c82b4c94591a56a59b7685802fbe1787b092c8d46c97874e8c06a00d731ad8	1d768bf2f4874b8f7ef978d4f8f95eeb36e108c96d8b91133a94fee58c3fb527	0bc587c7c0813701	-	Minidregg.Theory.ObjectiveBendDemandAdequacy.ImmediateValue → Minidregg.Theory.ObjectiveBendOpenRecursion.Term
def	Minidregg.Theory.ObjectiveBendDemandAdequacy.MeaningsScoped	f7a04d52d4d53e756826e087eb3bea3569489762b2a800ef351961a335d6ef99	61fc86938fb4633365cbef2b411d6bad54317f5ac5895b4542755ad8c635f53b	38cb5a6b62a9c13e4d7c4fe2844f7f945843d3092d52357ea6173123ac6e4b8b	650e6eea44893a1b	-	Nat → Minidregg.Theory.ObjectiveBendDemandAdequacy.AddressMeaning → Prop := fun bound meaning => ∀ (address : Nat), address < bound → Minidregg.Theory.ObjectiveBendDemandInvariant.Scoped 0 (meaning address)
inductive	Minidregg.Theory.ObjectiveBendDemandAdequacy.ObjectAccess	67c2cb3be30da536658bef321d6906ba9756a7554cb6a027eac13117b3cd460d	16946b93ac38405660f51e475eb5aa7d25b54f5e5677e0f6a10a4526cc071cbf	c8084c087deb6c9f7f0aefceee59c70eac2b01876eae4d75dc33b275ed8aea2e	516157c0de312783		Type
def	Minidregg.Theory.ObjectiveBendDemandAdequacy.ObjectAccess.address	df43b7c02208e04fcfeedf713f5fabd2bbf278be6e845b0029925df65d644d60	ffd34171a8a03f7df2d026183049b09e929af0a9d7e619da4c404bab1641b8fd	2170409495b472c202d8dec9dda184a8e6d58e7d312926c4a43b4eb3d1bcc4ad	24881298f45cbc99	-	Minidregg.Theory.ObjectiveBendDemandAdequacy.ObjectAccess → Minidregg.Theory.ObjectiveBendDemandMachine.Address → Minidregg.Theory.ObjectiveBendDemandMachine.Address → Minidregg.Theory.ObjectiveBendDemandMachine.Address
def	Minidregg.Theory.ObjectiveBendDemandAdequacy.ObjectAccess.frame	938d6532838d7bfa287c77d33b980b8cd759fbc4197650101fbd11923ebeceb8	c31580406d11e07fd899dbd55ecb2c6d657a9351145e6c179d2d2203846a2fbf	32beb7b6b8fb83c6cecdaa29d44e8597eae59021f8f184950402cb09f4889d11	e3293633377413e9	-	Minidregg.Theory.ObjectiveBendDemandAdequacy.ObjectAccess → Minidregg.Theory.ObjectiveBendDemandMachine.Frame
ctor	Minidregg.Theory.ObjectiveBendDemandAdequacy.ObjectAccess.metadata	4276802f14fe970cc837e91125d35b18e1fe592638832676175eaa2c6ceaae9a	edd40edca3fbb80efb701e425743359fbc20931167998133e689a4ca9dfae04c	f6746d1c7c53c657d4053c81fed047c3f5a509f7eb20e8c72c0504550a958db3	332119153d6de235		Minidregg.Theory.ObjectiveBendDemandAdequacy.ObjectAccess
def	Minidregg.Theory.ObjectiveBendDemandAdequacy.ObjectAccess.metadata.elim	3be7ab3cd38cbaf292d06c983096763473f2df913c6d601d86b3567ae468ecab	a4b0b90ea84bdc69ffdff8ba86fa5c5b8db0bb24b59e2fc2d378c0d1c26d005a	8744e49e1c6d77e5df6b2e81f8d4eec3fefea314b92cbe1ef8492b00b1bcb3ff	6acdd96779501eb2	-	{motive : Minidregg.Theory.ObjectiveBendDemandAdequacy.ObjectAccess → Sort u} → (t : Minidregg.Theory.ObjectiveBendDemandAdequacy.ObjectAccess) → t.ctorIdx = 1 → motive Minidregg.Theory.ObjectiveBendDemandAdequacy.ObjectAccess.metadata → motive t
ctor	Minidregg.Theory.ObjectiveBendDemandAdequacy.ObjectAccess.project	a86729fb85c261d61d2946190559582cace66a142db23602e54f8803900a211c	edd40edca3fbb80efb701e425743359fbc20931167998133e689a4ca9dfae04c	31763f56ff6b6b1fbb6ca4f1069e1cc71d2639ff39854136e463b48d4ad864d5	c5ee90c38c9969d5		Minidregg.Theory.ObjectiveBendDemandAdequacy.ObjectAccess
def	Minidregg.Theory.ObjectiveBendDemandAdequacy.ObjectAccess.project.elim	129632fc3418ab9c0c6943a0eb0a9dab97fd22293e2d883e1a83cf3534cefa48	bd5e23f6e171acc8a8d7da8013d548821b43ecf3a03da9c475cb89f1eecfdb5d	4e0039e02c50ad4c025d17bd1d4f5817668bcc1a2acf3ba5f1088f5b91c695ef	5a0f843696ae69cc	-	{motive : Minidregg.Theory.ObjectiveBendDemandAdequacy.ObjectAccess → Sort u} → (t : Minidregg.Theory.ObjectiveBendDemandAdequacy.ObjectAccess) → t.ctorIdx = 2 → motive Minidregg.Theory.ObjectiveBendDemandAdequacy.ObjectAccess.project → motive t
ctor	Minidregg.Theory.ObjectiveBendDemandAdequacy.ObjectAccess.reflect	9827fda5f315d0e7f42310eef6f25524aea6542b50ba0ab909aac7af5bfc4819	edd40edca3fbb80efb701e425743359fbc20931167998133e689a4ca9dfae04c	52499e665aa125e9c1a57c2647696a0d8ccda193d9fcf44b4bc6921212601346	7024a2c00360ff72		Minidregg.Theory.ObjectiveBendDemandAdequacy.ObjectAccess
def	Minidregg.Theory.ObjectiveBendDemandAdequacy.ObjectAccess.reflect.elim	aa45ceb593cf3feeee51dd7ce6a11e29ff9a3c412d4b55c78453efd5e586c020	b70507e965c7bff168202d96015f59eb955e3d032079e596043cffa72a59ba4f	64878cd19a94df161cb44ec0ab4caddf0c0c3da1205e01681006cc70a2bd6e6a	f28caa1a629da437	-	{motive : Minidregg.Theory.ObjectiveBendDemandAdequacy.ObjectAccess → Sort u} → (t : Minidregg.Theory.ObjectiveBendDemandAdequacy.ObjectAccess) → t.ctorIdx = 0 → motive Minidregg.Theory.ObjectiveBendDemandAdequacy.ObjectAccess.reflect → motive t
def	Minidregg.Theory.ObjectiveBendDemandAdequacy.ObjectAccess.value	2fcc266f4adc67ed60a966bbe3c6612514cb1601a6255ed400ae05562b54ee3b	91b80e52d3c810582908fd25bc7d5b3d5e69ff64477ec0db61097c0139cdce70	2ee014f6c0677196070acf1f719b52b641396e2b4073b4f235271e979fd027e3	0e099aaee782d4f2	-	Minidregg.Theory.ObjectiveBendDemandAdequacy.ObjectAccess → Minidregg.Theory.ObjectiveBendDemandMachine.Address → Minidregg.Theory.ObjectiveBendDemandMachine.Address → Minidregg.Theory.ObjectiveBendDemandMachine.RuntimeValue
def	Minidregg.Theory.ObjectiveBendDemandAdequacy.OriginBorn	4561ce00d80aed09cebbf73211754b0e3cecaff88589e4e192a90b2775dc2bea	df6c57aefe85b5a73b720edb052f90ee7041b92131277b7b1488377128ba5bd3	e4141490a1685b6de246fef9a3a368f0cdafb1c43761d0d442068dc9bf7721e3	eb4a06b56d7aea20	Quot.sound,propext	Minidregg.Theory.ObjectiveBendDemandMachine.Address → Minidregg.Theory.ObjectiveBendDemandMachine.Closure → Prop := fun address origin => Minidregg.Theory.ObjectiveBendDemandInvariant.EnvironmentValid address origin.environment ∨ ∃ spec inherited captured, origin.environment = address :: captured ∧ Minidregg.Theory.ObjectiveBendDemandInvariant.EnvironmentValid address captured ∧ origin.term = ((Minidregg.Theory.ObjectiveBendOpenRecursion.Term.rename Nat.succ spec).app (Minidregg.Theory.ObjectiveBendOpenRecursion.Term.bound 0)).app (Minidregg.Theory.ObjectiveBendOpenRecursion.Term.rename Nat.succ inherited)
inductive	Minidregg.Theory.ObjectiveBendDemandAdequacy.PairObject	3d166d9f8e11764031d15a4e959cd00b9a904c4751935280a893c559bd132a2d	16946b93ac38405660f51e475eb5aa7d25b54f5e5677e0f6a10a4526cc071cbf	bdd5eb75996e898c6122e9f5806498a18addbbddd1eb91519d2059f392a695b2	369132b1ecf5b29a		Type
ctor	Minidregg.Theory.ObjectiveBendDemandAdequacy.PairObject.prototype	80908fb7e1c9866852f749e2437b15d0c7442308e0ff40d5845ecc1654fad13f	ead635ca2382a6385a587b6562d7300d8a15bf2f72ac4c2a80f5a0e2d9a0124b	329e23c3da9088255155deada97ff53b9f9e9891a2b5fbfbf99d2caf826c1936	bef3c32aad5101d0		Minidregg.Theory.ObjectiveBendDemandAdequacy.PairObject
def	Minidregg.Theory.ObjectiveBendDemandAdequacy.PairObject.prototype.elim	2b5577023a4cabb87c706368b3143c385f402653df52ac8db4cf4096d3528e82	15577a30b144c23287c4d62d13424276ba3671d4b8c0d9f8b0955d7f49183eb7	620f897fc031dca1a10fca3727f20838f790267ace6319b9e443fdd218ae741e	9dde326c86824704	-	{motive : Minidregg.Theory.ObjectiveBendDemandAdequacy.PairObject → Sort u} → (t : Minidregg.Theory.ObjectiveBendDemandAdequacy.PairObject) → t.ctorIdx = 1 → motive Minidregg.Theory.ObjectiveBendDemandAdequacy.PairObject.prototype → motive t
ctor	Minidregg.Theory.ObjectiveBendDemandAdequacy.PairObject.specification	115e23355fa4f944c796314abbaaf0a4180fa92cc42364aeba7fe69c012ce1ff	ead635ca2382a6385a587b6562d7300d8a15bf2f72ac4c2a80f5a0e2d9a0124b	b0c51277349fc7380c25c15fd379b1414ca583faa8809e0f2e577dba157a5c83	2c661b0a743e363c		Minidregg.Theory.ObjectiveBendDemandAdequacy.PairObject
def	Minidregg.Theory.ObjectiveBendDemandAdequacy.PairObject.specification.elim	a6a557c084aa7db054f1f7d2ad0f4d53e4ba57aa34ea5d0c6ef59c14360646c4	5358bae37e217fcbbe3284c32a600e3e44f07268b8d30b785efcd4b4cc5c2051	c3e50835894989663b47fafdf0651b5da55aa215081402fe8c1014609b98493e	23f587d5b81d9138	-	{motive : Minidregg.Theory.ObjectiveBendDemandAdequacy.PairObject → Sort u} → (t : Minidregg.Theory.ObjectiveBendDemandAdequacy.PairObject) → t.ctorIdx = 0 → motive Minidregg.Theory.ObjectiveBendDemandAdequacy.PairObject.specification → motive t
def	Minidregg.Theory.ObjectiveBendDemandAdequacy.PairObject.term	6a42332f74448c35f724d8b6211f1b1946f4e7481d72d7784010e31827a475ff	2d78073a914b5d8983efa22b3956a4cb63daa4cd919625d8fa9e66f429de040d	316d0128e337cbf833218f563299e232b31aa7d7e9ca7e638690aa37b9ed854c	604c1b3da95268da	-	Minidregg.Theory.ObjectiveBendDemandAdequacy.PairObject → Minidregg.Theory.ObjectiveBendOpenRecursion.Term → Minidregg.Theory.ObjectiveBendOpenRecursion.Term → Minidregg.Theory.ObjectiveBendOpenRecursion.Term
def	Minidregg.Theory.ObjectiveBendDemandAdequacy.PairObject.value	c759e3ae6deb8201dcb7f08e5268364fc2325bc2002d3a96dd050700d8cd88db	75b508f24227c8523ffc000e8d71aa3fbbfe923e23f85d2870a1584a26341407	401cfd7a5d72313f6a2f52bb87d7409b9bb0e1156e8da928a5071a35a3709e64	914a011f633283be	-	Minidregg.Theory.ObjectiveBendDemandAdequacy.PairObject → Minidregg.Theory.ObjectiveBendDemandMachine.Address → Minidregg.Theory.ObjectiveBendDemandMachine.Address → Minidregg.Theory.ObjectiveBendDemandMachine.RuntimeValue
def	Minidregg.Theory.ObjectiveBendDemandAdequacy.ResultControl	86f97befcd7b7259beb9432836be4e9d5d23176e9b444f70678e887bbf415bc8	7ff2084a59eadff89f4590ffececdd3b0220e6cfb6714db588edee3af2baa096	283529cd826e02347b4c2b1efa7cc183f3282269bb31c6036c63a85f0f689892	a7577572ae0d7d8a	-	Minidregg.Theory.ObjectiveBendDemandMachine.Control → Prop := fun x => match x with | Minidregg.Theory.ObjectiveBendDemandMachine.Control.evaluate term environment => True | Minidregg.Theory.ObjectiveBendDemandMachine.Control.enter address => True | Minidregg.Theory.ObjectiveBendDemandMachine.Control.returned value => True | Minidregg.Theory.ObjectiveBendDemandMachine.Control.complete value => True | Minidregg.Theory.ObjectiveBendDemandMachine.Control.refused reason => False | Minidregg.Theory.ObjectiveBendDemandMachine.Control.blackhole address => False | Minidregg.Theory.ObjectiveBendDemandMachine.Control.yielded plan => False
inductive	Minidregg.Theory.ObjectiveBendDemandAdequacy.SourceDerivation	54343845595e40e14bddd642f552d85cde5ea2b79feab5a1d0274b6c25eef043	eefeb67dc36e1c8ec1b02119f45a7d48d863eebc0b9f3f7717758223875f2c78	a60ad34e9414a890cf22a2d8138ae3b01cc1cc2c8884aa0dae6d519e2cfd67b1	e6b8dfe964bdbfb3		Minidregg.Theory.ObjectiveBendOpenRecursion.Term → Minidregg.Theory.ObjectiveBendOpenRecursion.Term → Nat → Prop
ctor	Minidregg.Theory.ObjectiveBendDemandAdequacy.SourceDerivation.applicationLambda	8a041c0d5d44d32aa96482b4b77cc8262538208470cf18a1143bbc63f86fef1b	8d149576afd5bdaf3ff19a1acddbf039c3cd82da0f77fb823f85ae987be4bb83	c2769e8c7bf7ba9039e6d5642451fac03300e240f8166d1dcba16e706caf65e7	3e25e27bd7a1d1f0		∀ {function body argument result : Minidregg.Theory.ObjectiveBendOpenRecursion.Term} {functionCost bodyCost : Nat}, Minidregg.Theory.ObjectiveBendDemandAdequacy.SourceDerivation function body.lam functionCost → Minidregg.Theory.ObjectiveBendDemandAdequacy.SourceDerivation (Minidregg.Theory.ObjectiveBendOpenRecursion.instantiate body argument) result bodyCost → Minidregg.Theory.ObjectiveBendDemandAdequacy.SourceDerivation (function.app argument) result (functionCost + bodyCost + 1)
ctor	Minidregg.Theory.ObjectiveBendDemandAdequacy.SourceDerivation.applicationSpecification	1b4c2770a6a6175c8cbeb82a0760bc2c8f7b39ddf3c86bd6f2f05df0bc2f1508	24d96b22507e003ca0f72d279f2fb315587983f3cee3f6754aabab6f999e6405	8f0507914de5f26e515461c7611210c85997a3d101778e5e1fdd9472683eb4a6	4c68f326d5b9aef0		∀ {function descriptor extension argument result : Minidregg.Theory.ObjectiveBendOpenRecursion.Term} {functionCost bodyCost : Nat}, Minidregg.Theory.ObjectiveBendDemandAdequacy.SourceDerivation function (descriptor.specification extension) functionCost → Minidregg.Theory.ObjectiveBendDemandAdequacy.SourceDerivation (extension.app argument) result bodyCost → Minidregg.Theory.ObjectiveBendDemandAdequacy.SourceDerivation (function.app argument) result (functionCost + bodyCost + 1)
ctor	Minidregg.Theory.ObjectiveBendDemandAdequacy.SourceDerivation.binary	adebd28a98e83005279ebe2b8da16af72a86d8120f3ccff4e0d829e270f2dfbd	c626cd81713b1e9837423682ee75b67a5a4cbcb20af39a3ec0ea4fa4b843c85b	0898128f78484f19b5a57f417474ef029dc3e5911ec9cd43e886455f0b60d332	caa81e0a8f1b2f64		∀ {primitive : Minidregg.Theory.ObjectiveBendOpenRecursion.Primitive} {left right leftValue rightValue result : Minidregg.Theory.ObjectiveBendOpenRecursion.Term} {leftCost rightCost : Nat}, Minidregg.Theory.ObjectiveBendDemandAdequacy.SourceDerivation left leftValue leftCost → Minidregg.Theory.ObjectiveBendDemandAdequacy.SourceDerivation right rightValue rightCost → Minidregg.Theory.ObjectiveBendOpenRecursion.primitiveResult primitive leftValue rightValue = Option.some result → Minidregg.Theory.ObjectiveBendDemandAdequacy.SourceDerivation (Minidregg.Theory.ObjectiveBendOpenRecursion.Term.binary primitive left right) result (leftCost + rightCost + 1)
ctor	Minidregg.Theory.ObjectiveBendDemandAdequacy.SourceDerivation.case	9d6f7d1b732b9c50efb9ff6189a2925041dd5f4527b0dc6e1ff7f5b1ead7a594	b8d0bfba7b9c8e1288609752eb41cb82a98a5901c627d361fba0e4b5bf9a7879	ee67fcca5ed6aea8f07647269ff457ca5de4daf28f12052b71414ca87d9f8112	2b0fa9740a4e7a40		∀ {scrutinee payload body result : Minidregg.Theory.ObjectiveBendOpenRecursion.Term} {arms : List (String × Minidregg.Theory.ObjectiveBendOpenRecursion.Term)} {tag : String} {scrutineeCost resultCost : Nat}, Minidregg.Theory.ObjectiveBendDemandAdequacy.SourceDerivation scrutinee (Minidregg.Theory.ObjectiveBendOpenRecursion.Term.inject tag payload) scrutineeCost → List.find? (fun arm => arm.fst == tag) arms = Option.some (tag, body) → Minidregg.Theory.ObjectiveBendDemandAdequacy.SourceDerivation (Minidregg.Theory.ObjectiveBendOpenRecursion.instantiate body payload) result resultCost → Minidregg.Theory.ObjectiveBendDemandAdequacy.SourceDerivation (scrutinee.case arms) result (scrutineeCost + resultCost + 1)
ctor	Minidregg.Theory.ObjectiveBendDemandAdequacy.SourceDerivation.done	a58a04aefa2d51bfd638ae52fe63f741ef9e95bbcfc505d6aa9771405399c602	f91a3c9d5b959cec1d394ebd8ea97bb99f6359dbc69f8e4630abaad76b70e67d	ef0cd95717ff99953ea389300320f85b5059eeb9fb23f683ab6cee3ee0c9a25c	bc220848f7dac8a2		∀ {value result : Minidregg.Theory.ObjectiveBendOpenRecursion.Term} {cost : Nat}, Minidregg.Theory.ObjectiveBendDemandAdequacy.SourceDerivation value result cost → Minidregg.Theory.ObjectiveBendDemandAdequacy.SourceDerivation value.done result (cost + 1)
ctor	Minidregg.Theory.ObjectiveBendDemandAdequacy.SourceDerivation.extend	078067d5c0ef0d9078daeacddfb7852ab9ccc02db3b47c711d141f9124571f48	14b1ab3f9cfc0326658add05fc89a221cea17e7bc92f6eb6e5d2ac9b8f556393	08fc0361568967710106208279644db613d0ff805c8848bb6f50467c71741efa	9e135910dcc3fa6e		∀ {target : Minidregg.Theory.ObjectiveBendOpenRecursion.Term} {inherited fields : List (String × Minidregg.Theory.ObjectiveBendOpenRecursion.Term)} {targetCost : Nat}, Minidregg.Theory.ObjectiveBendDemandAdequacy.SourceDerivation target (Minidregg.Theory.ObjectiveBendOpenRecursion.Term.record inherited) targetCost → Minidregg.Theory.ObjectiveBendDemandAdequacy.SourceDerivation (target.extend fields) (Minidregg.Theory.ObjectiveBendOpenRecursion.Term.record (Minidregg.Theory.ObjectiveBendOpenRecursion.extendFields inherited fields)) (targetCost + 1)
ctor	Minidregg.Theory.ObjectiveBendDemandAdequacy.SourceDerivation.field	0a8bda8668cdc62349ca95252f55bafb19a9a2cdeaec6b6361003e514c68f169	51527a5f2d11ccef27c59715397478172e627a7dd74affc35bc0f57d64fe27a2	dc46e7724b5adbdda46020bdcaf9943265899737cce5e0a1dd529511550da2bd	3ef6edb06c09d132		∀ {target body result : Minidregg.Theory.ObjectiveBendOpenRecursion.Term} {fields : List (String × Minidregg.Theory.ObjectiveBendOpenRecursion.Term)} {name : String} {targetCost resultCost : Nat}, Minidregg.Theory.ObjectiveBendDemandAdequacy.SourceDerivation target (Minidregg.Theory.ObjectiveBendOpenRecursion.Term.record fields) targetCost → List.find? (fun field => field.fst == name) fields = Option.some (name, body) → Minidregg.Theory.ObjectiveBendDemandAdequacy.SourceDerivation body result resultCost → Minidregg.Theory.ObjectiveBendDemandAdequacy.SourceDerivation (target.get name) result (targetCost + resultCost + 1)
ctor	Minidregg.Theory.ObjectiveBendDemandAdequacy.SourceDerivation.fix	95fe64e00f8927f130d7a1c86dc98ea28c9d3734678a43be0264f609e21a2740	9b42067ecec809dfdf09e21aa72450e08c80e30af81be2cc74952ba19820ed13	fb6979924f9ecfe81e1899cebcf3d1462ff2c8f1cec534fb7801ff306330096a	8f0943a3fbf6d7c9		∀ {spec inherited result : Minidregg.Theory.ObjectiveBendOpenRecursion.Term} {cost : Nat}, Minidregg.Theory.ObjectiveBendDemandAdequacy.SourceDerivation ((spec.app (spec.fix inherited)).app inherited) result cost → Minidregg.Theory.ObjectiveBendDemandAdequacy.SourceDerivation (spec.fix inherited) result (cost + 1)
ctor	Minidregg.Theory.ObjectiveBendDemandAdequacy.SourceDerivation.ifFalse	0fe56fd5fa5741e256dde2fcfea431f5879efc77c3dc1371f1d34be223fafd06	769335b068ec6e4172816d819cef6e0305d219ae43077559b13fb6345290b832	b83f85c49afc912f598fe01ad96c9f51ca01956c2cb6f2e3aa0c7310e0b47f66	56e287cfa2c051fd		∀ {condition whenTrue whenFalse result : Minidregg.Theory.ObjectiveBendOpenRecursion.Term} {conditionCost resultCost : Nat}, Minidregg.Theory.ObjectiveBendDemandAdequacy.SourceDerivation condition (Minidregg.Theory.ObjectiveBendOpenRecursion.Term.boolean Bool.false) conditionCost → Minidregg.Theory.ObjectiveBendDemandAdequacy.SourceDerivation whenFalse result resultCost → Minidregg.Theory.ObjectiveBendDemandAdequacy.SourceDerivation (condition.ifBool whenTrue whenFalse) result (conditionCost + resultCost + 1)
ctor	Minidregg.Theory.ObjectiveBendDemandAdequacy.SourceDerivation.ifTrue	46adcf5d0d692e28c919eec6250cf5665dfe44456dd7206c892472b1b01311ad	70440a3120be6b5cf078ee8884018256b2fb53b78eef87216d389400c58fadbf	f7b8f09db7d446db41f9292a98205bad7c1519bcbaab78bd8aa456c1b5dc3354	1efa4ebc830ce589		∀ {condition whenTrue whenFalse result : Minidregg.Theory.ObjectiveBendOpenRecursion.Term} {conditionCost resultCost : Nat}, Minidregg.Theory.ObjectiveBendDemandAdequacy.SourceDerivation condition (Minidregg.Theory.ObjectiveBendOpenRecursion.Term.boolean Bool.true) conditionCost → Minidregg.Theory.ObjectiveBendDemandAdequacy.SourceDerivation whenTrue result resultCost → Minidregg.Theory.ObjectiveBendDemandAdequacy.SourceDerivation (condition.ifBool whenTrue whenFalse) result (conditionCost + resultCost + 1)
ctor	Minidregg.Theory.ObjectiveBendDemandAdequacy.SourceDerivation.metadata	116c5294896540042c0b8071f7469901da6b07989c3d973975ce418a39837b44	a39bd9deabf78c604901a411fd5a174f3ee064c5d02dcffd1f6ebc488806d91e	c18474b77dbef346745064552ef1065aaa75f959a41fb46be7fc5d07f6585e88	ddd8af147df2c335		∀ {target descriptor extension result : Minidregg.Theory.ObjectiveBendOpenRecursion.Term} {targetCost resultCost : Nat}, Minidregg.Theory.ObjectiveBendDemandAdequacy.SourceDerivation target (descriptor.specification extension) targetCost → Minidregg.Theory.ObjectiveBendDemandAdequacy.SourceDerivation descriptor result resultCost → Minidregg.Theory.ObjectiveBendDemandAdequacy.SourceDerivation target.metadata result (targetCost + resultCost + 1)
ctor	Minidregg.Theory.ObjectiveBendDemandAdequacy.SourceDerivation.mix	2162e1e378f6f7d3dd916109471e74a993c57507af84cadf85d67d99403d73a0	cda0a9059f18a960ecf704b95d740aeda328c1afedfc342f86bdd7cf7d98efb7	22e07751581214d5dca723a31256709ba184bf643d5e58872b6d1db2f1461ff7	154d7d9c4cfa1415		∀ {lower upper result : Minidregg.Theory.ObjectiveBendOpenRecursion.Term} {cost : Nat}, Minidregg.Theory.ObjectiveBendDemandAdequacy.SourceDerivation (Minidregg.Theory.ObjectiveBendOpenRecursion.mixBody lower upper) result cost → Minidregg.Theory.ObjectiveBendDemandAdequacy.SourceDerivation (lower.mix upper) result (cost + 1)
ctor	Minidregg.Theory.ObjectiveBendDemandAdequacy.SourceDerivation.project	af269b7522d254e0993b034172d828cda507abf6c5ef79874ec4bff0d143e67b	262c8cc6913a5359034e7d07712affb38f17568f7520453bb354b1e2338e3fdf	d4c9e059bfe6e7747a92641c494fe2fd74ea7103deba546aea6d48d6fe0761c6	4d40eda46cc6db12		∀ {target spec inherited result : Minidregg.Theory.ObjectiveBendOpenRecursion.Term} {targetCost resultCost : Nat}, Minidregg.Theory.ObjectiveBendDemandAdequacy.SourceDerivation target (spec.prototype inherited) targetCost → Minidregg.Theory.ObjectiveBendDemandAdequacy.SourceDerivation inherited result resultCost → Minidregg.Theory.ObjectiveBendDemandAdequacy.SourceDerivation target.project result (targetCost + resultCost + 1)
ctor	Minidregg.Theory.ObjectiveBendDemandAdequacy.SourceDerivation.reflect	4a9d925dc14285941a697f91ecee03203d97a6097010237a7894052a4eec629c	e8d3dabdb905d59a28f1f55d7cc2fce78a2699789d7eeb26db9e8a056914e17a	d7bb1f93416db2355c8fa89f168b29fdfa78c7288cc85bc9fb89a6063da04dc3	05d516583653337f		∀ {target spec inherited result : Minidregg.Theory.ObjectiveBendOpenRecursion.Term} {targetCost resultCost : Nat}, Minidregg.Theory.ObjectiveBendDemandAdequacy.SourceDerivation target (spec.prototype inherited) targetCost → Minidregg.Theory.ObjectiveBendDemandAdequacy.SourceDerivation spec result resultCost → Minidregg.Theory.ObjectiveBendDemandAdequacy.SourceDerivation target.reflect result (targetCost + resultCost + 1)
ctor	Minidregg.Theory.ObjectiveBendDemandAdequacy.SourceDerivation.successor	df907bde9d2934619cae02ec71e15e596c40cf1976f757f2fce72304a2340bcc	c63d183bf47be0435ec5bf1b064b96201dd1df591fb070b14ea3f12b103ab276	868ac2c650b55fc6f3e799898545d452ae5702b5d0c9275796ee2e13b5ed01df	4af79168548ba710		∀ {condition zero body result : Minidregg.Theory.ObjectiveBendOpenRecursion.Term} {number conditionCost resultCost : Nat}, Minidregg.Theory.ObjectiveBendDemandAdequacy.SourceDerivation condition (Minidregg.Theory.ObjectiveBendOpenRecursion.Term.nat (number + 1)) conditionCost → Minidregg.Theory.ObjectiveBendDemandAdequacy.SourceDerivation (Minidregg.Theory.ObjectiveBendOpenRecursion.instantiate body (Minidregg.Theory.ObjectiveBendOpenRecursion.Term.nat number)) result resultCost → Minidregg.Theory.ObjectiveBendDemandAdequacy.SourceDerivation (condition.ifZero zero body) result (conditionCost + resultCost + 1)
ctor	Minidregg.Theory.ObjectiveBendDemandAdequacy.SourceDerivation.value	07a486d1c327d8a8dae570d9615068bc970d70425ef9f0c1f32a2f215bf64875	e3f672ee8168f64eb878a316384a3a2495cda40e2f00b61699b0fa1ec99fce1c	11cded1e6993f38288bcefe855bdfdfb9280789bfc67d752e2feb10bf913f0b9	168916a3d97956a0		∀ {term : Minidregg.Theory.ObjectiveBendOpenRecursion.Term}, Minidregg.Theory.ObjectiveBendOpenRecursion.Value term → Minidregg.Theory.ObjectiveBendDemandAdequacy.SourceDerivation term term 1
ctor	Minidregg.Theory.ObjectiveBendDemandAdequacy.SourceDerivation.zero	d26d980adefec1354d580d45b08f0bbdfc955bb80cf35b84a01d4f557dcd3041	3229909e41de524cdff86273187cd08a8ce8d5c1ab0e56d551a1e377ee52b19d	5586289d4f87c98351cbe5cea478140cac5aa7fa5fe382a56b48229de13074c0	4d7f180f273e9364		∀ {condition zero body result : Minidregg.Theory.ObjectiveBendOpenRecursion.Term} {conditionCost resultCost : Nat}, Minidregg.Theory.ObjectiveBendDemandAdequacy.SourceDerivation condition (Minidregg.Theory.ObjectiveBendOpenRecursion.Term.nat 0) conditionCost → Minidregg.Theory.ObjectiveBendDemandAdequacy.SourceDerivation zero result resultCost → Minidregg.Theory.ObjectiveBendDemandAdequacy.SourceDerivation (condition.ifZero zero body) result (conditionCost + resultCost + 1)
def	Minidregg.Theory.ObjectiveBendDemandAdequacy.SourceDispatch	dba17ad619de98333e1c3817a5d925d5a170340796c8dc14d762115aa7cf4a37	c16a8d5b08536eed77966d8aadd820bb6b071a8437e1a315ad25bc24aac3190d	45fab6f5e87d32ae1793497f8ab88ec09ab2a85b6072d424e5ce9dc71e891d56	d9109c3fe5312d4e	Quot.sound,propext	Minidregg.Theory.ObjectiveBendDemandAdequacy.AddressMeaning → Minidregg.Theory.ObjectiveBendDemandAdequacy.AddressMeaning → Minidregg.Theory.ObjectiveBendDemandMachine.State → Prop := fun meaning next state => ∃ consumed before after, Minidregg.Theory.ObjectiveBendDemandAdequacy.controlMeaning meaning state.control = Option.some before ∧ Minidregg.Theory.ObjectiveBendDemandAdequacy.controlMeaning next (Minidregg.Theory.ObjectiveBendDemandMachine.stepRaw state).control = Option.some after ∧ state.stack = consumed ++ (Minidregg.Theory.ObjectiveBendDemandMachine.stepRaw state).stack ∧ Minidregg.Theory.ObjectiveBendOpenRecursion.Step (Minidregg.Theory.ObjectiveBendDemandAdequacy.stackMeaning meaning consumed before) after
def	Minidregg.Theory.ObjectiveBendDemandAdequacy.SourceNamesAgree	8fda8b9b1eb0eb2ae40d59c3c718cc9ee2b6d3d58fea8820d5a5a0253aa3cdfc	8c0aa826eb068b1adbdce9d868bc90ceb072497cd2acf1f5c735c1e8f6927f82	9dd93abc8157b1de6762655cbf0a3e2a36eaa4aac297e6101e0d1e2795f4514b	2187c76622f9fb21	-	Minidregg.Theory.ObjectiveBendDemandMachine.State → Minidregg.Theory.ObjectiveBendDemandAdequacy.AddressMeaning → Minidregg.Theory.ObjectiveBendDemandAdequacy.AddressMeaning → Prop := fun before meaning next => ∀ (address : Nat), address < before.heap.size → meaning address = next address
def	Minidregg.Theory.ObjectiveBendDemandAdequacy.StackRealizes	2c802f908d4666642935cc34a7dad880be86ad176ccc914420fef2dca02dfc92	77b1f439f34ff806578ad0fc1fec37fcbcdf676e572f66de9ea3d30c7ea31903	c81886edb6280e71867e546a89176a411e36c5d39246c8e0ab664b997ad314be	a9f1b65d74924024	Quot.sound,propext	Minidregg.Theory.ObjectiveBendDemandAdequacy.AddressMeaning → Minidregg.Theory.ObjectiveBendOpenRecursion.Term → Minidregg.Theory.ObjectiveBendOpenRecursion.Term → List Minidregg.Theory.ObjectiveBendDemandMachine.Frame → Prop := fun meaning root focus x => List.brecOn (motive := fun x => Minidregg.Theory.ObjectiveBendOpenRecursion.Term → Prop) x (Minidregg.Theory.ObjectiveBendDemandAdequacy.StackRealizes._f meaning root) focus
def	Minidregg.Theory.ObjectiveBendDemandAdequacy.TraceFits	bb3759361097e58b687584df87b201bbbfe22299fb43accb649f6462ef6d5c95	de7eb89cc328052e7cf1fbfb351e5ad4325af94af5cac7c50370d5d13057cdca	a2438a3a724473aa5b86b692bd9ad7a92f560696a3eb17cb665cd8d2b3336c41	c6824c0a4bab5364	Quot.sound,propext	Minidregg.Theory.ObjectiveBendDemandMachine.Limits → Nat → Minidregg.Theory.ObjectiveBendDemandMachine.State → Prop := fun limits x x_1 => Nat.brecOn (motive := fun x => Minidregg.Theory.ObjectiveBendDemandMachine.State → Prop) x (Minidregg.Theory.ObjectiveBendDemandAdequacy.TraceFits._f limits) x_1
theorem	Minidregg.Theory.ObjectiveBendDemandAdequacy.adequate_trace_completion	30ac7aa4ec58e173ec91c6baa0da65f4294165bec50ff446c309c529dd3c7b5c	69d2bbe8c11d5c48a9370996e418836a4d4039346384076b85305af9bdd8c8b0	4f453d3720d62565f830a53e74b92bf48bc1e46a0d27828763f17a4c0d87b036	70ba66beaf4bbde0	Quot.sound,propext	∀ {ticks : Nat} {state : Minidregg.Theory.ObjectiveBendDemandMachine.State} {value : Minidregg.Theory.ObjectiveBendDemandMachine.RuntimeValue}, (Minidregg.Theory.ObjectiveBendDemandAdequacy.rawRun ticks state).control = Minidregg.Theory.ObjectiveBendDemandMachine.Control.complete value → Minidregg.Theory.ObjectiveBendDemandMachine.runBounded (Minidregg.Theory.ObjectiveBendDemandAdequacy.traceLimits ticks state) ticks state = Minidregg.Theory.ObjectiveBendDemandMachine.Outcome.finished value (Minidregg.Theory.ObjectiveBendDemandAdequacy.rawRun ticks state)
theorem	Minidregg.Theory.ObjectiveBendDemandAdequacy.adequate_trace_execution	5caa3c44ac7f9ef3814185f5aa131c243ae302bbbe0b399df6f41770b59dc60c	ebf96a8275c3d965f9cf6f48e11fd4a6f05c6fc7c332b5937fab4f415d53d9a1	0143d7d6b54ca9404097b3363f9310a5060176a828a822dfd8f76c4a08b24a1b	d3de4dbe43ae5298	Quot.sound,propext	∀ (ticks : Nat) (state : Minidregg.Theory.ObjectiveBendDemandMachine.State), Minidregg.Theory.ObjectiveBendDemandAdequacy.retainedState (Minidregg.Theory.ObjectiveBendDemandMachine.runBounded (Minidregg.Theory.ObjectiveBendDemandAdequacy.traceLimits ticks state) ticks state) = Minidregg.Theory.ObjectiveBendDemandAdequacy.rawRun ticks state
theorem	Minidregg.Theory.ObjectiveBendDemandAdequacy.administrative_budget_halts	bef78c0473cfe78e3ceeed5c5fb2d6824317145bdc2f164d8a7dca5ac6fd7b35	08e98d66106777179b9e482ad5e2751b85c774f31bd03a83ea93cea223329fa8	c304dc4ff9d519b30b2b604d185ecc23f773e436570367dc9e5755e6eb5ca6ff	bccc6a9f332fde3b	Classical.choice,Quot.sound,propext	∀ (cost cap : Nat), Minidregg.Theory.ObjectiveBendDemandAdequacy.AdministrativeBudget cost cap
theorem	Minidregg.Theory.ObjectiveBendDemandAdequacy.allocateClosure_realizes	0b8196daab3f32be3977007391e7dc0f0ddab0bfba9dd9a313676b25711266a0	cc8e06b893363f802a56d9f2e8b9fc0da87b4fdb9c6c1c096674a7bf1b3d30e6	dde5014168dd710e6f2a78bb09f4f5cb30550bbf690fa1295b4c18711636ee23	5c4600d07cd92666	Classical.choice,Quot.sound,propext	∀ {heap : Array Minidregg.Theory.ObjectiveBendDemandMachine.Cell} {meaning : Minidregg.Theory.ObjectiveBendDemandAdequacy.AddressMeaning} {term : Minidregg.Theory.ObjectiveBendOpenRecursion.Term} {environment : Minidregg.Theory.ObjectiveBendDemandMachine.Environment}, Minidregg.Theory.ObjectiveBendDemandInvariant.HeapValid heap → Minidregg.Theory.ObjectiveBendDemandAdequacy.MeaningsScoped heap.size meaning → Minidregg.Theory.ObjectiveBendDemandAdequacy.HeapRealizes meaning heap → Minidregg.Theory.ObjectiveBendDemandInvariant.Scoped (List.length environment) term → Minidregg.Theory.ObjectiveBendDemandInvariant.EnvironmentValid heap.size environment → ∃ extended, Minidregg.Theory.ObjectiveBendDemandAdequacy.MeaningsScoped (heap.push (Minidregg.Theory.ObjectiveBendDemandMachine.Cell.suspended { term := term, environment := environment })).size extended ∧ Minidregg.Theory.ObjectiveBendDemandAdequacy.HeapRealizes extended (heap.push (Minidregg.Theory.ObjectiveBendDemandMachine.Cell.suspended { term := term, environment := environment })) ∧ (∀ (address : Nat), address < heap.size → meaning address = extended address) ∧ extended heap.size = Minidregg.Theory.ObjectiveBendDemandAdequacy.closeTerm meaning environment term
theorem	Minidregg.Theory.ObjectiveBendDemandAdequacy.allocateFields_cons	bd27d4d679b3de881c300c544a57e0c32d8f451b40e0735647c54a6762788455	baef325c5c42679bb02ae98d7109131f674510e796c404e6b39fd9c3abc87fac	fb243547e32e8fd67ddad35a6fdd352b5fe8beefbecc4f57af82a336644af0a2	0b16c8a460af8a23	propext	∀ (heap : Array Minidregg.Theory.ObjectiveBendDemandMachine.Cell) (environment : Minidregg.Theory.ObjectiveBendDemandMachine.Environment) (field : String × Minidregg.Theory.ObjectiveBendOpenRecursion.Term) (fields : List (String × Minidregg.Theory.ObjectiveBendOpenRecursion.Term)), Minidregg.Theory.ObjectiveBendDemandMachine.allocateFields heap environment (field :: fields) = ((Minidregg.Theory.ObjectiveBendDemandMachine.allocateFields (heap.push (Minidregg.Theory.ObjectiveBendDemandMachine.Cell.suspended { term := field.snd, environment := environment })) environment fields).fst, (field.fst, heap.size) :: (Minidregg.Theory.ObjectiveBendDemandMachine.allocateFields (heap.push (Minidregg.Theory.ObjectiveBendDemandMachine.Cell.suspended { term := field.snd, environment := environment })) environment fields).snd)
theorem	Minidregg.Theory.ObjectiveBendDemandAdequacy.allocateFields_evaluating_backward	21f6eaab607726022aa5af0f18a0d8eeda381fb955ffeaafe826300c362ba0bb	0771947868f47e4c27d89e4e919eb352c0fefe228b3343e98698efa50d3b90bf	a2f7291554c03415b69772eeed2ba6ad9c9431266486b5f2e961cd063fe920a7	f7720dd7ec8bbdde	Classical.choice,Quot.sound,propext	∀ {heap : Array Minidregg.Theory.ObjectiveBendDemandMachine.Cell} {environment : Minidregg.Theory.ObjectiveBendDemandMachine.Environment} {fields : List (String × Minidregg.Theory.ObjectiveBendOpenRecursion.Term)} {address : Minidregg.Theory.ObjectiveBendDemandMachine.Address} {origin : Minidregg.Theory.ObjectiveBendDemandMachine.Closure}, (Minidregg.Theory.ObjectiveBendDemandMachine.allocateFields heap environment fields).fst[address]? = Option.some (Minidregg.Theory.ObjectiveBendDemandMachine.Cell.evaluating origin) → heap[address]? = Option.some (Minidregg.Theory.ObjectiveBendDemandMachine.Cell.evaluating origin)
theorem	Minidregg.Theory.ObjectiveBendDemandAdequacy.allocateFields_originsBorn	dc606f0189c87a573064a448e8bd85454dce3e5724a987d7b2d5816218a38423	8d91bf8ae2921deaf1df02277a95d731fd06eb2c28958df51519081082ebb976	035833b0ace7b826b17fb336b8799e8dddb16661df9b3d538c3ca2c21ae192b5	88b7b02b737241d7	Classical.choice,Quot.sound,propext	∀ {heap : Array Minidregg.Theory.ObjectiveBendDemandMachine.Cell} {environment : Minidregg.Theory.ObjectiveBendDemandMachine.Environment} {fields : List (String × Minidregg.Theory.ObjectiveBendOpenRecursion.Term)}, Minidregg.Theory.ObjectiveBendDemandAdequacy.HeapOriginsBorn heap → Minidregg.Theory.ObjectiveBendDemandInvariant.EnvironmentValid heap.size environment → Minidregg.Theory.ObjectiveBendDemandAdequacy.HeapOriginsBorn (Minidregg.Theory.ObjectiveBendDemandMachine.allocateFields heap environment fields).fst
theorem	Minidregg.Theory.ObjectiveBendDemandAdequacy.allocateFields_realizes	bdb757b1177e48a625e55714fdac76116aaba4fa8c4526779158dcdcd7c15ef0	efa83dd05e39603e8bc923fdd20cdd1cce3f719fc26011103d7474655e87d650	ed060e4b00b21090ca27748188939ba5a9c1b003092ffa3d79f4a35196c12ea9	91c837696cbc77ff	Classical.choice,Quot.sound,propext	∀ {heap : Array Minidregg.Theory.ObjectiveBendDemandMachine.Cell} {meaning : Minidregg.Theory.ObjectiveBendDemandAdequacy.AddressMeaning} {environment : Minidregg.Theory.ObjectiveBendDemandMachine.Environment} {fields : List (String × Minidregg.Theory.ObjectiveBendOpenRecursion.Term)}, Minidregg.Theory.ObjectiveBendDemandInvariant.HeapValid heap → Minidregg.Theory.ObjectiveBendDemandAdequacy.MeaningsScoped heap.size meaning → Minidregg.Theory.ObjectiveBendDemandAdequacy.HeapRealizes meaning heap → Minidregg.Theory.ObjectiveBendDemandInvariant.EnvironmentValid heap.size environment → (∀ (field : String × Minidregg.Theory.ObjectiveBendOpenRecursion.Term), field ∈ fields → Minidregg.Theory.ObjectiveBendDemandInvariant.Scoped (List.length environment) field.snd) → ∃ extended, Minidregg.Theory.ObjectiveBendDemandAdequacy.MeaningsScoped (Minidregg.Theory.ObjectiveBendDemandMachine.allocateFields heap environment fields).fst.size extended ∧ Minidregg.Theory.ObjectiveBendDemandAdequacy.HeapRealizes extended (Minidregg.Theory.ObjectiveBendDemandMachine.allocateFields heap environment fields).fst ∧ (∀ (address : Nat), address < heap.size → meaning address = extended address) ∧ List.map (fun field => (field.fst, extended field.snd)) (Minidregg.Theory.ObjectiveBendDemandMachine.allocateFields heap environment fields).snd = List.map (fun field => (field.fst, Minidregg.Theory.ObjectiveBendDemandAdequacy.closeTerm meaning environment field.snd)) fields
def	Minidregg.Theory.ObjectiveBendDemandAdequacy.allocationLoop	78646ad68e748d53d92609f6c2047132a1d1da1ac196fd9ba732c8f2d18bbd14	2bf2311685ebb56ccc17d7d3c95865af48f55b8fe74b132469c8c615b0893c37	6a6dd4a523d34ff2501eff397631586f6cd501b0fd3307bcd90537ce5014f15c	c79633517efd7bce	-	Minidregg.Theory.ObjectiveBendDemandMachine.Environment → List (String × Minidregg.Theory.ObjectiveBendOpenRecursion.Term) → Array Minidregg.Theory.ObjectiveBendDemandMachine.Cell → List (String × Minidregg.Theory.ObjectiveBendDemandMachine.Address) → Array Minidregg.Theory.ObjectiveBendDemandMachine.Cell × List (String × Minidregg.Theory.ObjectiveBendDemandMachine.Address)
theorem	Minidregg.Theory.ObjectiveBendDemandAdequacy.allocationLoop_accumulator	060aaaa5281452b35bc8cdebe4c450b0f8cb463015582519ebe90e9b77de75f1	6e683749ae04871a12727669647739601ce5aeb0977cd9ef323f70c475a6dc80	5b2a393799ea43fcfb44367e81674a8a3d9edee072e1dfe860b232fe433eb285	0a960f84908c51bd	propext	∀ (environment : Minidregg.Theory.ObjectiveBendDemandMachine.Environment) (fields : List (String × Minidregg.Theory.ObjectiveBendOpenRecursion.Term)) (heap : Array Minidregg.Theory.ObjectiveBendDemandMachine.Cell) (prior : List (String × Minidregg.Theory.ObjectiveBendDemandMachine.Address)), Minidregg.Theory.ObjectiveBendDemandAdequacy.allocationLoop environment fields heap prior = ((Minidregg.Theory.ObjectiveBendDemandAdequacy.allocationLoop environment fields heap []).fst, (Minidregg.Theory.ObjectiveBendDemandAdequacy.allocationLoop environment fields heap []).snd ++ prior)
def	Minidregg.Theory.ObjectiveBendDemandAdequacy.budgetCap	810d789908b3b32ca842a612042780fdd4c15e0b63b1884c0c6237b8de2696ba	356c521a751c0786d176280ba671a266562e7f75f075c1cf7576be55515f16f5	d6be9b836b621bd26ef651e4a3d8818f7fb72843f6d738b596c6f5f3bf87e69e	37ea67c23f46b62d	propext	Minidregg.Theory.ObjectiveBendDemandMachine.State → Nat
theorem	Minidregg.Theory.ObjectiveBendDemandAdequacy.budgetCap_enter_bound	c84dc076b3ed3b37e431371be0250b60fe56d2a05b47cf1ea935500f4a86f1a0	f427af7b9ed4b69805847f82d5101ea7a04ee2ca6e650e053fcb20facfe4ce19	4eb9e3f6f8382fe4a9d5e9af2da6bf798fa24a73dc6237af36777bb70e58ac16	f1fcf8cc89a0f5d8	Quot.sound,propext	∀ {state : Minidregg.Theory.ObjectiveBendDemandMachine.State} {address : Minidregg.Theory.ObjectiveBendDemandMachine.Address}, Minidregg.Theory.ObjectiveBendDemandAdequacy.HeapOriginsBorn state.heap → state.control = Minidregg.Theory.ObjectiveBendDemandMachine.Control.enter address → Minidregg.Theory.ObjectiveBendDemandAdequacy.budgetCap state ≤ address + 1
def	Minidregg.Theory.ObjectiveBendDemandAdequacy.budgetFocus	2a2a68dc9bc8854adcb28de540cc98e978e627aa168647baa17160ccc13bf8ec	545ed2d25edf00956b5e5f1471e70ca5dd09fb527a3d4abf2e183c3e92d557ed	debdcd8c23b2baf3e4079c4248aa0868ba2e960be7ee333a1d71201ede6c8e32	23732b12d36cd532	Quot.sound,propext	Minidregg.Theory.ObjectiveBendDemandAdequacy.AddressMeaning → Minidregg.Theory.ObjectiveBendDemandMachine.State → Option Minidregg.Theory.ObjectiveBendOpenRecursion.Term
theorem	Minidregg.Theory.ObjectiveBendDemandAdequacy.budgetFocus_control_steps	41fa39aeaccfa9585238e73a51a5edfd9ffbe96f1c7ad32eb7dc5de25eef21a2	c845fae1d04aa19ee73086d0cd6cad9f1371a9d62da28e9b0062cd04aad1dccc	4604b4d6b4f4785e10cff5cdda925963bfda04b8006609973f580f1c6912a5f7	2de4cfc8e90db873	Quot.sound,propext	∀ {meaning : Minidregg.Theory.ObjectiveBendDemandAdequacy.AddressMeaning} {state : Minidregg.Theory.ObjectiveBendDemandMachine.State} {before focus : Minidregg.Theory.ObjectiveBendOpenRecursion.Term}, Minidregg.Theory.ObjectiveBendDemandAdequacy.HeapRealizes meaning state.heap → Minidregg.Theory.ObjectiveBendDemandAdequacy.controlMeaning meaning state.control = Option.some before → Minidregg.Theory.ObjectiveBendDemandAdequacy.budgetFocus meaning state = Option.some focus → Minidregg.Theory.ObjectiveBendOpenRecursion.Steps before focus
theorem	Minidregg.Theory.ObjectiveBendDemandAdequacy.budgetFocus_enter_steps	bb35e0fb594c1928610b34c024139889639c888f0d49d0aa007e7bc92581e2c2	5941afd9904afce8614638f3364970683ad76346fd8c4b6dfec9b91863ffefa1	399d416d218e3b874b426f81d758b34b24d732b98853cbf7517e4a9566dafaf4	26f6165c6f0f5f93	Quot.sound,propext	∀ {meaning : Minidregg.Theory.ObjectiveBendDemandAdequacy.AddressMeaning} {state : Minidregg.Theory.ObjectiveBendDemandMachine.State} {address : Minidregg.Theory.ObjectiveBendDemandMachine.Address} {focus : Minidregg.Theory.ObjectiveBendOpenRecursion.Term}, Minidregg.Theory.ObjectiveBendDemandAdequacy.HeapRealizes meaning state.heap → state.control = Minidregg.Theory.ObjectiveBendDemandMachine.Control.enter address → Minidregg.Theory.ObjectiveBendDemandAdequacy.budgetFocus meaning state = Option.some focus → Minidregg.Theory.ObjectiveBendOpenRecursion.Steps (meaning address) focus
theorem	Minidregg.Theory.ObjectiveBendDemandAdequacy.budgetFocus_meaning_congr	d25e41bf4ddebdb1cc117ff9cbf6462396352e602f2d2d2aaf1eb40c8b657745	acba91d0373aca1bf6222e9e5f9af90a6a5d0e4b1f657435aabceac6c6d16d77	32a4232d1696a1664bf66695c8407abf06c14977050443a433bd89b9eecead33	13e1f8602980a262	Quot.sound,propext	∀ {meaning next : Minidregg.Theory.ObjectiveBendDemandAdequacy.AddressMeaning} {state : Minidregg.Theory.ObjectiveBendDemandMachine.State}, Minidregg.Theory.ObjectiveBendDemandInvariant.LexicalInvariant state → (∀ (address : Nat), address < state.heap.size → meaning address = next address) → Minidregg.Theory.ObjectiveBendDemandAdequacy.budgetFocus meaning state = Minidregg.Theory.ObjectiveBendDemandAdequacy.budgetFocus next state
theorem	Minidregg.Theory.ObjectiveBendDemandAdequacy.cachedCell_realizes	ba5af4cf8c55c76107a51f865ec890c2235f043f962517b13d4429d96fc2a8db	337ed920995601e6c2705289ce4199a82b7899407b42b91086af2b1b16524884	0cd0cc98a49c72578c0df06bbb07ce0c62ca325ca20cd7704bef461905d65fa6	83e95b33b645ce0a	Quot.sound,propext	∀ {meaning : Minidregg.Theory.ObjectiveBendDemandAdequacy.AddressMeaning} {heap : Array Minidregg.Theory.ObjectiveBendDemandMachine.Cell} {address : Nat} {origin : Minidregg.Theory.ObjectiveBendDemandMachine.Closure} {root : Minidregg.Theory.ObjectiveBendOpenRecursion.Term} {rest : List Minidregg.Theory.ObjectiveBendDemandMachine.Frame} {value : Minidregg.Theory.ObjectiveBendDemandMachine.RuntimeValue}, Minidregg.Theory.ObjectiveBendDemandAdequacy.HeapRealizes meaning heap → heap[address]? = Option.some (Minidregg.Theory.ObjectiveBendDemandMachine.Cell.evaluating origin) → Minidregg.Theory.ObjectiveBendDemandAdequacy.StackRealizes meaning root (Minidregg.Theory.ObjectiveBendDemandAdequacy.valueMeaning meaning value) (Minidregg.Theory.ObjectiveBendDemandMachine.Frame.update address :: rest) → Minidregg.Theory.ObjectiveBendDemandAdequacy.CellRealizes meaning address (Minidregg.Theory.ObjectiveBendDemandMachine.Cell.cached origin value)
def	Minidregg.Theory.ObjectiveBendDemandAdequacy.captureCap	3197c70642e34cc891d8818a6bd26fba478f33dc81e376cf8624e166e202aa3e	b52faf5d28c1d021774281885debb8ea7bde671f18de92168f06bc63593a7a85	b846069247e64c274d905a1d79ced31489e1e84ef968a22d485967b542d1250a	b11c731574075baf	-	Minidregg.Theory.ObjectiveBendDemandMachine.Environment → Nat
theorem	Minidregg.Theory.ObjectiveBendDemandAdequacy.captureCap_le	7d6781aa2aabc3035f5abbae06ef7abd4ad343f621d136d51d06614fe5f2df57	54c57e74920165fafc03ef67f1491ddaa3894b3275477865b22e8106c522ce2c	075d3e25fd29e58c299afd66d484f53c35437653062dd9fb7e4d6df247bdce81	75cf2f2afbe2cad9	propext	∀ {environment : Minidregg.Theory.ObjectiveBendDemandMachine.Environment} {cap : Nat}, Minidregg.Theory.ObjectiveBendDemandInvariant.EnvironmentValid cap environment → Minidregg.Theory.ObjectiveBendDemandAdequacy.captureCap environment ≤ cap
theorem	Minidregg.Theory.ObjectiveBendDemandAdequacy.captureCap_valid	621e6ee9b32a0cd8272a5bae2ae2b578714fb43ee8abd3cf079201a5f414622d	022d1de47c0d1bcb396ac5f9501d768909433d718424b4eaa98989fcb6d748b2	96db6f04d64a6b9ff6c6c955f4a8cdba8ad77107b1c4fa3ab6ef47656d8633d3	5c02a8feb739a542	Quot.sound,propext	∀ (environment : Minidregg.Theory.ObjectiveBendDemandMachine.Environment), Minidregg.Theory.ObjectiveBendDemandInvariant.EnvironmentValid (Minidregg.Theory.ObjectiveBendDemandAdequacy.captureCap environment) environment
theorem	Minidregg.Theory.ObjectiveBendDemandAdequacy.cellRealizes_congr	625ac86f1a2961c1e7d1399528400aed8dba2b54105e28b34193634788428af0	d12b219e88e59006382919dc5b32085749ecbf79614a297dda22a931653e3a3c	ab8f37f5324d68584a3f91ffd496e25c417b50c5b96b5e3ef28c4386373c0881	dae5343eac75deed	Quot.sound,propext	∀ {bound address : Nat} {first second : Minidregg.Theory.ObjectiveBendDemandAdequacy.AddressMeaning} {cell : Minidregg.Theory.ObjectiveBendDemandMachine.Cell}, address < bound → Minidregg.Theory.ObjectiveBendDemandInvariant.CellValid bound cell → (∀ (address : Nat), address < bound → first address = second address) → (Minidregg.Theory.ObjectiveBendDemandAdequacy.CellRealizes first address cell ↔ Minidregg.Theory.ObjectiveBendDemandAdequacy.CellRealizes second address cell)
def	Minidregg.Theory.ObjectiveBendDemandAdequacy.closeOrigin	9bf57da1f198a221d5b65b694ba77e6f37f4d6b56fcfc2b29864c456c8ea212d	4df9827be3674d8011a9138ee1e0bee5b3b5085bda937bdaaf03899632f9b28b	3fd8181fefaaf56fe2b93d3de402198fa97f308dc08fbb258faab5f4881568a6	933ec2d461d323c1	Quot.sound,propext	Minidregg.Theory.ObjectiveBendDemandAdequacy.AddressMeaning → Minidregg.Theory.ObjectiveBendDemandMachine.Closure → Minidregg.Theory.ObjectiveBendOpenRecursion.Term
def	Minidregg.Theory.ObjectiveBendDemandAdequacy.closeTerm	3e4cd0d817dabf0b227dc86cc31cd74286b277b46873cb8040d3853727b04535	5b5a2974332106fd6f2c709403d187753be0f282d9d4893c11a77c9c7a295007	f6e31fb2dc88e06eb834e85d4acc557bd268fa7bdba88e454e1eb168baaf0c88	92f97f83c410a88e	Quot.sound,propext	Minidregg.Theory.ObjectiveBendDemandAdequacy.AddressMeaning → Minidregg.Theory.ObjectiveBendDemandMachine.Environment → Minidregg.Theory.ObjectiveBendOpenRecursion.Term → Minidregg.Theory.ObjectiveBendOpenRecursion.Term
theorem	Minidregg.Theory.ObjectiveBendDemandAdequacy.closeTerm_app	aa24086cbc33538208a0c0539329046fbd2526a535f1311da444ba05ed05eca5	4b22287312a79ac49ef39ebeb7f158606c0664f554de837f0d0b133288412e39	fc465680c7b9c217d372711e49f79e2dba159a5f4f70d139052d5e6ece87aa2d	87daeab34b69f5bd	Quot.sound,propext	∀ (meaning : Minidregg.Theory.ObjectiveBendDemandAdequacy.AddressMeaning) (environment : Minidregg.Theory.ObjectiveBendDemandMachine.Environment) (function argument : Minidregg.Theory.ObjectiveBendOpenRecursion.Term), Minidregg.Theory.ObjectiveBendDemandAdequacy.closeTerm meaning environment (function.app argument) = (Minidregg.Theory.ObjectiveBendDemandAdequacy.closeTerm meaning environment function).app (Minidregg.Theory.ObjectiveBendDemandAdequacy.closeTerm meaning environment argument)
theorem	Minidregg.Theory.ObjectiveBendDemandAdequacy.closeTerm_beta	9e0f837cb988e8708d2cd87b9189ded15bbf495d4072270ca2b41a60354567d1	47e9aa43bf6c5dbc6c7591af48b97564a9f929d9b0da4c9a8ed3e9f96eb01068	d5ed61fbde5913fe870667803db9d6cb83561cb60f6660bdc14fddddef6e4769	4f9191daf9d1f1bd	Classical.choice,Quot.sound,propext	∀ {bound : Nat} {meaning extended : Minidregg.Theory.ObjectiveBendDemandAdequacy.AddressMeaning} {captured : Minidregg.Theory.ObjectiveBendDemandMachine.Environment} {body argument : Minidregg.Theory.ObjectiveBendOpenRecursion.Term}, Minidregg.Theory.ObjectiveBendDemandAdequacy.MeaningsScoped bound meaning → Minidregg.Theory.ObjectiveBendDemandInvariant.EnvironmentValid bound captured → Minidregg.Theory.ObjectiveBendDemandInvariant.Scoped (List.length captured + 1) body → Minidregg.Theory.ObjectiveBendDemandInvariant.Scoped 0 argument → (∀ (address : Nat), address < bound → meaning address = extended address) → extended bound = argument → Minidregg.Theory.ObjectiveBendOpenRecursion.instantiate (Minidregg.Theory.ObjectiveBendOpenRecursion.Term.substitute (Minidregg.Theory.ObjectiveBendOpenRecursion.liftSubstitution (Minidregg.Theory.ObjectiveBendDemandAdequacy.environmentSubstitution meaning captured)) body) argument = Minidregg.Theory.ObjectiveBendDemandAdequacy.closeTerm extended (bound :: captured) body
theorem	Minidregg.Theory.ObjectiveBendDemandAdequacy.closeTerm_done	ac46fb607c9ce40d455e64b522e5b91876c45b1f645e96488970c8b0bf811f5f	4356aaf2ca535a720774b765608c409774ebdba1687baf805d9891becf2a1d3d	92671b2bd2e1e702434bc5bbe7d4c5e0d370f97cee4bb0217c999b67a7d7ac43	ebce2c59f9a45f90	Quot.sound,propext	∀ (meaning : Minidregg.Theory.ObjectiveBendDemandAdequacy.AddressMeaning) (environment : Minidregg.Theory.ObjectiveBendDemandMachine.Environment) (value : Minidregg.Theory.ObjectiveBendOpenRecursion.Term), Minidregg.Theory.ObjectiveBendDemandAdequacy.closeTerm meaning environment value.done = (Minidregg.Theory.ObjectiveBendDemandAdequacy.closeTerm meaning environment value).done
theorem	Minidregg.Theory.ObjectiveBendDemandAdequacy.closeTerm_eq_substitution	2c05dd9bfdbaa0a944ea4491a4166e3b025995ed35746c30db41862a53e5bb0a	313c082fd76be79a793b1d91855ebb1a6af6d9e38f8a9b54ca80fcd8293e9da2	460b1da477e8ca1841629e10f974d529dddc293e8f7c8d8007c2dc4cd22f5d86	c6625a6976d20dee	Quot.sound,propext	∀ {meaning : Minidregg.Theory.ObjectiveBendDemandAdequacy.AddressMeaning} {environment : Minidregg.Theory.ObjectiveBendDemandMachine.Environment} {term : Minidregg.Theory.ObjectiveBendOpenRecursion.Term}, Minidregg.Theory.ObjectiveBendDemandInvariant.Scoped (List.length environment) term → Minidregg.Theory.ObjectiveBendDemandAdequacy.closeTerm meaning environment term = Minidregg.Theory.ObjectiveBendOpenRecursion.Term.substitute (Minidregg.Theory.ObjectiveBendDemandAdequacy.environmentSubstitution meaning environment) term
theorem	Minidregg.Theory.ObjectiveBendDemandAdequacy.closeTerm_fix	85c497c36e562310b5885115cd29fa554288c6af6bfbfd49d8d0da9cedd504e4	230056c79176b1a3c7cd4a06372261198e0e2d7dfd25ed30f1559fb1e03e772f	ee2f63d8a834c2fe74d48e0de16fed0dbc6a53018bc14613624ea74bffe3d7b5	80d811c1f3b23b8a	Quot.sound,propext	∀ (meaning : Minidregg.Theory.ObjectiveBendDemandAdequacy.AddressMeaning) (environment : Minidregg.Theory.ObjectiveBendDemandMachine.Environment) (spec inherited : Minidregg.Theory.ObjectiveBendOpenRecursion.Term), Minidregg.Theory.ObjectiveBendDemandAdequacy.closeTerm meaning environment (spec.fix inherited) = (Minidregg.Theory.ObjectiveBendDemandAdequacy.closeTerm meaning environment spec).fix (Minidregg.Theory.ObjectiveBendDemandAdequacy.closeTerm meaning environment inherited)
theorem	Minidregg.Theory.ObjectiveBendDemandAdequacy.closeTerm_inject	3c689a1ee7d97e16c6e118fe2fdbea87a2182742211403158f0cfda774adabe7	473f4975ce01daae5713962caa591d212ec32d081e21f455d2d0c3ea4042e5bd	95a3e0e10c8d03783681fa6aac935431bf3a3bc4c20a742e474c8d6c03cf4990	bfce767be096433b	Quot.sound,propext	∀ (meaning : Minidregg.Theory.ObjectiveBendDemandAdequacy.AddressMeaning) (environment : Minidregg.Theory.ObjectiveBendDemandMachine.Environment) (tag : String) (payload : Minidregg.Theory.ObjectiveBendOpenRecursion.Term), Minidregg.Theory.ObjectiveBendDemandAdequacy.closeTerm meaning environment (Minidregg.Theory.ObjectiveBendOpenRecursion.Term.inject tag payload) = Minidregg.Theory.ObjectiveBendOpenRecursion.Term.inject tag (Minidregg.Theory.ObjectiveBendDemandAdequacy.closeTerm meaning environment payload)
theorem	Minidregg.Theory.ObjectiveBendDemandAdequacy.closeTerm_lam_form	233541def14b2e031cdac017548d0b38e7aeeb436f137baa8725c560d2c5e604	bb97037eb1fbbe82c9a21fbf684b1139e4cbf504beb57b6bbe9bd9915b896fa1	cfe9a967175992f15896b388be630ca959614104dca28cac4ce9ae32f1f5d7e5	2a8b71cb553e68c2	Quot.sound,propext	∀ (meaning : Minidregg.Theory.ObjectiveBendDemandAdequacy.AddressMeaning) (environment : Minidregg.Theory.ObjectiveBendDemandMachine.Environment) (body : Minidregg.Theory.ObjectiveBendOpenRecursion.Term), Minidregg.Theory.ObjectiveBendDemandAdequacy.closeTerm meaning environment body.lam = (match environment with | [] => body | head :: tail => Minidregg.Theory.ObjectiveBendOpenRecursion.Term.substitute (Minidregg.Theory.ObjectiveBendOpenRecursion.liftSubstitution (Minidregg.Theory.ObjectiveBendDemandAdequacy.environmentSubstitution meaning environment)) body).lam
theorem	Minidregg.Theory.ObjectiveBendDemandAdequacy.closeTerm_lambda	98cd2513afd79574de343c120d4bd6ac0d878425f60aba32c03d12bb94c191b6	6aef71869bb263f8592ef9263f0170acc295f9c3e0d01c6690f191e5dd28fb1b	98fc8feb834b68d46b40ec790263aa9ed5248026ce98eec5af850b081a13a53e	5d0baf914f558d6c	Quot.sound,propext	∀ {meaning : Minidregg.Theory.ObjectiveBendDemandAdequacy.AddressMeaning} {environment : Minidregg.Theory.ObjectiveBendDemandMachine.Environment} {body : Minidregg.Theory.ObjectiveBendOpenRecursion.Term}, Minidregg.Theory.ObjectiveBendDemandInvariant.Scoped (List.length environment + 1) body → Minidregg.Theory.ObjectiveBendDemandAdequacy.closeTerm meaning environment body.lam = (Minidregg.Theory.ObjectiveBendOpenRecursion.Term.substitute (Minidregg.Theory.ObjectiveBendOpenRecursion.liftSubstitution (Minidregg.Theory.ObjectiveBendDemandAdequacy.environmentSubstitution meaning environment)) body).lam
theorem	Minidregg.Theory.ObjectiveBendDemandAdequacy.closeTerm_meaning_congr	5600efc7159ca002890ccb9e1ac03f4edd35adb94829f585ddcb597515f978a2	df1a6d20b51c5d71c3437c29912dc5c1a9b8f0bc75d63b9c35f2ca225e055e1d	c716361368305300eca75fcd7c6f0ecf27b38ca589149568a2615fb23254083d	a1e50f6ba344fc9e	Quot.sound,propext	∀ {bound : Nat} {first second : Minidregg.Theory.ObjectiveBendDemandAdequacy.AddressMeaning} {environment : Minidregg.Theory.ObjectiveBendDemandMachine.Environment} {term : Minidregg.Theory.ObjectiveBendOpenRecursion.Term}, Minidregg.Theory.ObjectiveBendDemandInvariant.EnvironmentValid bound environment → Minidregg.Theory.ObjectiveBendDemandInvariant.Scoped (List.length environment) term → (∀ (address : Nat), address < bound → first address = second address) → Minidregg.Theory.ObjectiveBendDemandAdequacy.closeTerm first environment term = Minidregg.Theory.ObjectiveBendDemandAdequacy.closeTerm second environment term
theorem	Minidregg.Theory.ObjectiveBendDemandAdequacy.closeTerm_mixBody	932c0480e6c79e11666da2a0b40d47d84c2ab8714d878ce1a50a8ff87a2fc658	94e6988a4183a8e8f92b910c3503254c97f5adb4299f14a11cb1556452144b9c	7519103e602576a5cc4376738846b67f35dce560bc44727f8341884fb40d6efb	ba79f180c6b25c01	Quot.sound,propext	∀ {bound : Nat} {meaning : Minidregg.Theory.ObjectiveBendDemandAdequacy.AddressMeaning} {environment : Minidregg.Theory.ObjectiveBendDemandMachine.Environment} {lower upper : Minidregg.Theory.ObjectiveBendOpenRecursion.Term}, Minidregg.Theory.ObjectiveBendDemandAdequacy.MeaningsScoped bound meaning → Minidregg.Theory.ObjectiveBendDemandInvariant.EnvironmentValid bound environment → Minidregg.Theory.ObjectiveBendDemandInvariant.Scoped (List.length environment) lower → Minidregg.Theory.ObjectiveBendDemandInvariant.Scoped (List.length environment) upper → Minidregg.Theory.ObjectiveBendDemandAdequacy.closeTerm meaning environment (Minidregg.Theory.ObjectiveBendOpenRecursion.mixBody lower upper) = Minidregg.Theory.ObjectiveBendOpenRecursion.mixBody (Minidregg.Theory.ObjectiveBendDemandAdequacy.closeTerm meaning environment lower) (Minidregg.Theory.ObjectiveBendDemandAdequacy.closeTerm meaning environment upper)
theorem	Minidregg.Theory.ObjectiveBendDemandAdequacy.closeTerm_perform	acb8d55d05bf094395ab7d8c4c5943ebc99fd72e8cfbd956f2d3b51020a8ca67	1ed0bb30a6204869708c6e5c6c74e34716e4a2c93bfb0771cc591423f9a74bbf	285e60d1d51efa1fd50f2cb4af1a5d24ccae14ba89a24d61a7848b2c97159d1a	8e4271e95cc73713	Quot.sound,propext	∀ (meaning : Minidregg.Theory.ObjectiveBendDemandAdequacy.AddressMeaning) (environment : Minidregg.Theory.ObjectiveBendDemandMachine.Environment) (plan : Minidregg.Theory.ObjectiveBendOpenRecursion.Term), Minidregg.Theory.ObjectiveBendDemandAdequacy.closeTerm meaning environment plan.perform = (Minidregg.Theory.ObjectiveBendDemandAdequacy.closeTerm meaning environment plan).perform
theorem	Minidregg.Theory.ObjectiveBendDemandAdequacy.closeTerm_record	cebf3be7f2c25cb825598e41bea62716297bc259312f20ce61d0c6f33c33d793	25c5e478ccfa2f75ae53a6753761da0251498964df47c2a51b9396abb1b2d6ac	e65825bf358536407bb08e0b3d26cfa17386cd38153e2a40739cd0e7e0e86066	d297c2ccd4bef7a2	Quot.sound,propext	∀ (meaning : Minidregg.Theory.ObjectiveBendDemandAdequacy.AddressMeaning) (environment : Minidregg.Theory.ObjectiveBendDemandMachine.Environment) (fields : List (String × Minidregg.Theory.ObjectiveBendOpenRecursion.Term)), Minidregg.Theory.ObjectiveBendDemandAdequacy.closeTerm meaning environment (Minidregg.Theory.ObjectiveBendOpenRecursion.Term.record fields) = Minidregg.Theory.ObjectiveBendOpenRecursion.Term.record (List.map (fun field => (field.fst, Minidregg.Theory.ObjectiveBendDemandAdequacy.closeTerm meaning environment field.snd)) fields)
theorem	Minidregg.Theory.ObjectiveBendDemandAdequacy.closeTerm_scoped	789e4bec8a2ccacb2fab9bfb74f5f3c6f99d99fd74002f4093a7c90e19bb76db	25979a741a7d4e6ae978c8dcefab7fe29f31d8f94bb71fadd6ca5d95bd082539	9c2dbcf66ad0ad66e2b7fc83e1e74ba724079f73c7196bbbfe7c2c9a71a77bcf	e5bddb521483d7a6	Quot.sound,propext	∀ {bound : Nat} {meaning : Minidregg.Theory.ObjectiveBendDemandAdequacy.AddressMeaning} {environment : Minidregg.Theory.ObjectiveBendDemandMachine.Environment} {term : Minidregg.Theory.ObjectiveBendOpenRecursion.Term}, Minidregg.Theory.ObjectiveBendDemandAdequacy.MeaningsScoped bound meaning → Minidregg.Theory.ObjectiveBendDemandInvariant.EnvironmentValid bound environment → Minidregg.Theory.ObjectiveBendDemandInvariant.Scoped (List.length environment) term → Minidregg.Theory.ObjectiveBendDemandInvariant.Scoped 0 (Minidregg.Theory.ObjectiveBendDemandAdequacy.closeTerm meaning environment term)
theorem	Minidregg.Theory.ObjectiveBendDemandAdequacy.closeTerm_weaken	c52a8aa6cf4dce5c75bfb534e6d6c9eb05bfcd59f8253ccf2975923eee0ebc93	cb387f7f5c069b61fe751e7ae92289b164e1cef62a0f7e77f834dd7998593883	ba00edfe542bb725b4c98897192373890d807c39fbdf07b199a948fc1228e894	c84971dcc1c948a9	Quot.sound,propext	∀ {bound : Nat} {meaning extended : Minidregg.Theory.ObjectiveBendDemandAdequacy.AddressMeaning} {environment : Minidregg.Theory.ObjectiveBendDemandMachine.Environment} {term : Minidregg.Theory.ObjectiveBendOpenRecursion.Term}, Minidregg.Theory.ObjectiveBendDemandInvariant.EnvironmentValid bound environment → Minidregg.Theory.ObjectiveBendDemandInvariant.Scoped (List.length environment) term → (∀ (address : Nat), address < bound → meaning address = extended address) → Minidregg.Theory.ObjectiveBendDemandAdequacy.closeTerm extended (bound :: environment) (Minidregg.Theory.ObjectiveBendOpenRecursion.Term.rename Nat.succ term) = Minidregg.Theory.ObjectiveBendDemandAdequacy.closeTerm meaning environment term
def	Minidregg.Theory.ObjectiveBendDemandAdequacy.controlMeaning	3d87bc258bdf2c944873ca86a4423a7d5169200a3caa15ca8dd97ab7e9e74b5d	e2fc22b0b1ff2210453b7ee013eb671d504e7a5b1df8f7293d3cbe6548578696	85e015f8da8b1cf74c96ac0e543cfec2dc6ed19feabfe28a6b6e7cc3df49ff91	3d58ad3dd5da176f	Quot.sound,propext	Minidregg.Theory.ObjectiveBendDemandAdequacy.AddressMeaning → Minidregg.Theory.ObjectiveBendDemandMachine.Control → Option Minidregg.Theory.ObjectiveBendOpenRecursion.Term
theorem	Minidregg.Theory.ObjectiveBendDemandAdequacy.demandContext_closes	fd048a320bc09925002bd636a025422e74e7a214570fd4203f53542a907c6144	61811c1191a6a385027d64eecd3051bb397a48e275f014c71f9c2aad749a894f	88a5b9a96302a2412ee0d07715d1be139ff599bb4555ea2a2c4db034224f4721	07fe546bfbd81e04	Quot.sound,propext	∀ (context : Minidregg.Theory.ObjectiveBendDemandAdequacy.DemandContext) (meaning : Minidregg.Theory.ObjectiveBendDemandAdequacy.AddressMeaning) (environment : Minidregg.Theory.ObjectiveBendDemandMachine.Environment) (hole : Minidregg.Theory.ObjectiveBendOpenRecursion.Term), Minidregg.Theory.ObjectiveBendDemandInvariant.Scoped (List.length environment) (context.term hole) → Minidregg.Theory.ObjectiveBendDemandAdequacy.closeTerm meaning environment (context.term hole) = Minidregg.Theory.ObjectiveBendDemandAdequacy.frameMeaning meaning (context.frame environment) (Minidregg.Theory.ObjectiveBendDemandAdequacy.closeTerm meaning environment hole)
theorem	Minidregg.Theory.ObjectiveBendDemandAdequacy.demandContext_dispatch	dcb311314ea94e9c13d5129ad21354ce6bbcc97e3a0751dd49848fab0fe1687b	72d1c0b0a7809e25ae841a2a7f38321382a7b1cd2f1cfc0b0bd3f5d28a944173	97023deb39472d0f971d89634a354aad279d7417141a48d3b4d25c938c0395ba	c734bd407bb5e0b0	Quot.sound,propext	∀ {state : Minidregg.Theory.ObjectiveBendDemandMachine.State} {context : Minidregg.Theory.ObjectiveBendDemandAdequacy.DemandContext} {hole : Minidregg.Theory.ObjectiveBendOpenRecursion.Term} {environment : Minidregg.Theory.ObjectiveBendDemandMachine.Environment}, state.control = Minidregg.Theory.ObjectiveBendDemandMachine.Control.evaluate (context.term hole) environment → Minidregg.Theory.ObjectiveBendDemandMachine.stepRaw state = { heap := state.heap, control := Minidregg.Theory.ObjectiveBendDemandMachine.Control.evaluate hole environment, stack := context.frame environment :: state.stack }
theorem	Minidregg.Theory.ObjectiveBendDemandAdequacy.demandSafety_complete	10648ebe38973ac427c9fbbebfaea9403f6da030e731c73b3b4f1047729f2cbc	4e2aea651f8ab5003551aa6cfef90f36e5bb841d98a186c562ffe5a9efc2166b	c82eb8268a2ed64c246e7787550a2467bb3e275f3592cfe458dca0571675f7ea	ae97fa6848fc17a4	Quot.sound,propext	∀ {meaning : Minidregg.Theory.ObjectiveBendDemandAdequacy.AddressMeaning} {state : Minidregg.Theory.ObjectiveBendDemandMachine.State} {value : Minidregg.Theory.ObjectiveBendDemandMachine.RuntimeValue}, state.control = Minidregg.Theory.ObjectiveBendDemandMachine.Control.complete value → Minidregg.Theory.ObjectiveBendDemandAdequacy.DemandSafety meaning state
theorem	Minidregg.Theory.ObjectiveBendDemandAdequacy.demandSafety_forbids_finite_reentry	77fa35e9153f0e8080c2266bb6ec7f1e44f2f731e10f7cc1d3d39d535064c24a	a81cdf2349ee81b1963518403cc33b6e5c694f1b99230497b81ddff064baadda	48815bb24f4dcd942b4037494d5e154d4ef2216d978ee32020fcfe314b4128dc	b6d56cdfe112e6c9	Quot.sound,propext	∀ {meaning : Minidregg.Theory.ObjectiveBendDemandAdequacy.AddressMeaning} {state : Minidregg.Theory.ObjectiveBendDemandMachine.State} {address : Minidregg.Theory.ObjectiveBendDemandMachine.Address} {origin : Minidregg.Theory.ObjectiveBendDemandMachine.Closure} {value : Minidregg.Theory.ObjectiveBendOpenRecursion.Term} {cost : Nat}, Minidregg.Theory.ObjectiveBendDemandAdequacy.DemandSafety meaning state → state.control = Minidregg.Theory.ObjectiveBendDemandMachine.Control.enter address → state.heap[address]? = Option.some (Minidregg.Theory.ObjectiveBendDemandMachine.Cell.evaluating origin) → Minidregg.Theory.ObjectiveBendDemandAdequacy.SourceDerivation (meaning address) value cost → False
theorem	Minidregg.Theory.ObjectiveBendDemandAdequacy.demandSafety_meaning_congr	50ddb6a4486fb8af584e521d38535afe8ec16a4c134d0adf74722624213e746b	d591b92172073970330c9cc34f2b21dd2f2648e8fcf04c3f0c8a9ad4745b2e52	5e5297e075e5d4765c9b3241d8eabc96077b28b3f8f3fa40f36b88351e1f1701	f23e1ec580e39b8b	Quot.sound,propext	∀ {meaning next : Minidregg.Theory.ObjectiveBendDemandAdequacy.AddressMeaning} {state : Minidregg.Theory.ObjectiveBendDemandMachine.State}, Minidregg.Theory.ObjectiveBendDemandInvariant.LexicalInvariant state → (∀ (address : Nat), address < state.heap.size → meaning address = next address) → Minidregg.Theory.ObjectiveBendDemandAdequacy.DemandSafety meaning state → Minidregg.Theory.ObjectiveBendDemandAdequacy.DemandSafety next state
theorem	Minidregg.Theory.ObjectiveBendDemandAdequacy.demandSafety_returned	58ea24bf55a23dea987d22f7777575593cc5cac2bb8fab3fcc32629b872a9a72	5c3e87d8d1ebaf19d9a697fb4e74847c5d25ec2fda95e6ebf45b119fbbc09db0	b4230d53d38f3aa11b468a46a43bbddb4113dde1e5a660725bc3d91cd67a9e23	9e4312e67e7dde3a	Quot.sound,propext	∀ {meaning : Minidregg.Theory.ObjectiveBendDemandAdequacy.AddressMeaning} {state : Minidregg.Theory.ObjectiveBendDemandMachine.State} {value : Minidregg.Theory.ObjectiveBendDemandMachine.RuntimeValue}, state.control = Minidregg.Theory.ObjectiveBendDemandMachine.Control.returned value → Minidregg.Theory.ObjectiveBendDemandAdequacy.DemandSafety meaning state
theorem	Minidregg.Theory.ObjectiveBendDemandAdequacy.demandSafety_terminal	a5b1d5a526115f2d914461b2acb554cfc27cf4e36aed79b25370395fb8260f00	c6dec61555c2b04e8baa5becdc757c1eb63b28cfc07455d498bd0ff5fc07a33b	dc1921dbb2d5f63e25a89908f8ffedca02d6b31e2cd47e9f508b4d601007b1dc	8684a080098a0062	Quot.sound,propext	∀ {meaning : Minidregg.Theory.ObjectiveBendDemandAdequacy.AddressMeaning} {state : Minidregg.Theory.ObjectiveBendDemandMachine.State}, ((∃ reason, state.control = Minidregg.Theory.ObjectiveBendDemandMachine.Control.refused reason) ∨ ∃ address, state.control = Minidregg.Theory.ObjectiveBendDemandMachine.Control.blackhole address) → Minidregg.Theory.ObjectiveBendDemandAdequacy.DemandSafety meaning state
def	Minidregg.Theory.ObjectiveBendDemandAdequacy.enteredFocus	d901acbd009f1b90595593900b2af42e242eeb3b827763c3da30f18fbab35394	b92035d5a5c79c1c1f23cd302bd1c72403d431ebb98989b07d44d96cd90b1ddc	426d35ae0191957108a2f3e50eda28075f0d6518eb8b3d44e87867490a060d1c	454660a432df961d	Quot.sound,propext	Minidregg.Theory.ObjectiveBendDemandAdequacy.AddressMeaning → Array Minidregg.Theory.ObjectiveBendDemandMachine.Cell → Minidregg.Theory.ObjectiveBendDemandMachine.Control → Option Minidregg.Theory.ObjectiveBendOpenRecursion.Term
theorem	Minidregg.Theory.ObjectiveBendDemandAdequacy.enteredFocus_steps	a7424fbbeb3a1856c8fdaa083b0e6580f4fb950c759cd255f2b9ef45a0ae4d0d	bc38f90e277fcf387e10e5c12867ce1bb0db6a10b2b2e7a46515eeb3340b2754	25441ebd927bb0088fafd7a35e16c10c97de10a8f2d4da6ae352a48bacebf120	00795f395dfe702e	Quot.sound,propext	∀ {meaning : Minidregg.Theory.ObjectiveBendDemandAdequacy.AddressMeaning} {heap : Array Minidregg.Theory.ObjectiveBendDemandMachine.Cell} {control : Minidregg.Theory.ObjectiveBendDemandMachine.Control} {before after : Minidregg.Theory.ObjectiveBendOpenRecursion.Term}, Minidregg.Theory.ObjectiveBendDemandAdequacy.HeapRealizes meaning heap → Minidregg.Theory.ObjectiveBendDemandAdequacy.controlMeaning meaning control = Option.some before → Minidregg.Theory.ObjectiveBendDemandAdequacy.enteredFocus meaning heap control = Option.some after → Minidregg.Theory.ObjectiveBendOpenRecursion.Steps before after
def	Minidregg.Theory.ObjectiveBendDemandAdequacy.environmentSubstitution	f0e8cf42d080aec030e8f956d87e86872a5a64abe76c4e7515ace3896ec88126	3342c40e2c70702197702178247d84929a14fd04ec9d6ea8b080d7e0189b1f8c	15c78c38f7a437447323347918c77ab8b3e4485399c643df8dd71fd5b0593e74	7c4e6711b2e984c3	propext	Minidregg.Theory.ObjectiveBendDemandAdequacy.AddressMeaning → Minidregg.Theory.ObjectiveBendDemandMachine.Environment → Nat → Minidregg.Theory.ObjectiveBendOpenRecursion.Term
theorem	Minidregg.Theory.ObjectiveBendDemandAdequacy.environmentSubstitution_scoped	9e75aec9a836ed272beabad0c3c13712ec755eb5bbe95599e9784b3aff8a9257	d5f45f3fbb4ce41a0cac352ca7082d911632708c2f63c5663324f4b22d1d33d1	744ac4e48b6b62ce78def834121dc90e33fa3200b3ce0e5f8f0544288c0e9e86	0dff61d1230470e9	propext	∀ {bound : Nat} {meaning : Minidregg.Theory.ObjectiveBendDemandAdequacy.AddressMeaning} {environment : Minidregg.Theory.ObjectiveBendDemandMachine.Environment}, Minidregg.Theory.ObjectiveBendDemandAdequacy.MeaningsScoped bound meaning → Minidregg.Theory.ObjectiveBendDemandInvariant.EnvironmentValid bound environment → ∀ (index : Nat), index < List.length environment → Minidregg.Theory.ObjectiveBendDemandInvariant.Scoped 0 (Minidregg.Theory.ObjectiveBendDemandAdequacy.environmentSubstitution meaning environment index)
theorem	Minidregg.Theory.ObjectiveBendDemandAdequacy.evaluatingSegment_cell	d8f6cf63ad99ab07e60fa724fea30a04b93f777391927c4ce2811fe22290254f	ef527c3d207a9582c089716c2ac0ef12dc6eec9618df706b3fdf3bfc4f9f8fd6	c852feb15e7f82b3b5252d35680051b8473498f5480735f9f4bb9aaaca52c719	57eab79f0b588d73	Quot.sound,propext	∀ {address : Minidregg.Theory.ObjectiveBendDemandMachine.Address} {origin : Minidregg.Theory.ObjectiveBendDemandMachine.Closure} {entered state : Minidregg.Theory.ObjectiveBendDemandMachine.State}, Minidregg.Theory.ObjectiveBendDemandAdequacy.EvaluatingSegment address origin entered state → state.heap[address]? = Option.some (Minidregg.Theory.ObjectiveBendDemandMachine.Cell.evaluating origin)
theorem	Minidregg.Theory.ObjectiveBendDemandAdequacy.evaluatingSegment_from_entry	5ca5e43d2f45ac53b35fae9801afbc86d7b65c84315d3552d45a162452258a5a	f562081063807c80d764b6aa118f5b61be2c604fdcad8582d3c9d3b13ccf9b89	f3e9ed495ab41dca170aca99c44fe82b5969f1f454175451a564a566cb53d625	25605e9ef2543fca	Quot.sound,propext	∀ {address : Minidregg.Theory.ObjectiveBendDemandMachine.Address} {origin : Minidregg.Theory.ObjectiveBendDemandMachine.Closure} {entered state : Minidregg.Theory.ObjectiveBendDemandMachine.State}, Minidregg.Theory.ObjectiveBendDemandAdequacy.EvaluatingSegment address origin entered state → Minidregg.Theory.ObjectiveBendDemandInvariant.Reachable entered state
theorem	Minidregg.Theory.ObjectiveBendDemandAdequacy.evaluatingSegment_reachable	d972faa46cb3603d3ea73d0fa0432600e3ff2203c420abecd9b34e1bbb9af6fe	61cfacbf976ed5db2b1192b320d6452160d48acf03f5c047ef4ecce435793af3	de4a43b10f2bd3a7051271e1e4e2e9ade978dcb5f6be8ddc10ab984db080bc17	78c5715be6258f1f	Quot.sound,propext	∀ {address : Minidregg.Theory.ObjectiveBendDemandMachine.Address} {origin : Minidregg.Theory.ObjectiveBendDemandMachine.Closure} {entered state : Minidregg.Theory.ObjectiveBendDemandMachine.State}, Minidregg.Theory.ObjectiveBendDemandAdequacy.EvaluatingSegment address origin entered state → Minidregg.Theory.ObjectiveBendDemandInvariant.Reachable (Minidregg.Theory.ObjectiveBendDemandMachine.stepRaw entered) state
def	Minidregg.Theory.ObjectiveBendDemandAdequacy.extendMeaning	0e884f6a535dab836261e51344ee57252708d5c7b5833ca54ccc2aee1a9e9a10	cf01ea644447d50d1cf7c96caa25df16bc7bdcc418defa5882166bba9c6080a7	eed3d7840807e9e344752ee7b10b5e6b95c52157325660230dc778281ab73461	fe2039d9163ac2a2	-	Minidregg.Theory.ObjectiveBendDemandAdequacy.AddressMeaning → Minidregg.Theory.ObjectiveBendDemandMachine.Address → Minidregg.Theory.ObjectiveBendOpenRecursion.Term → Minidregg.Theory.ObjectiveBendDemandAdequacy.AddressMeaning
theorem	Minidregg.Theory.ObjectiveBendDemandAdequacy.extendMeaning_prefix	9f345b4007c459bc95d4cfde05f5778d669d84cab7b6a98d193b3054e71fb402	e8b75fe8a40899cd9140b39f6cc0c2065e4e3294a9ccd8c28f0f4128b7a42e1f	e2eb3393aad47515affd5b628a5e77e73b0151b0000587b39a50db347bf8ed90	50ccd7fdd3aed4c0	propext	∀ (meaning : Minidregg.Theory.ObjectiveBendDemandAdequacy.AddressMeaning) (bound : Nat) (term : Minidregg.Theory.ObjectiveBendOpenRecursion.Term) (address : Nat), address < bound → meaning address = Minidregg.Theory.ObjectiveBendDemandAdequacy.extendMeaning meaning bound term address
theorem	Minidregg.Theory.ObjectiveBendDemandAdequacy.find_arm_label	668d7403b2dc1a7e8e5b84529e1985bd589216430b9a66c06bc132e74d9a4c42	b0dda2d7e8414b10d5409cf9116fe8aca44592638276a7bb81108edd4f78222e	ecaa2cdedb7159ceb633c547af6c0e0bbd0a5eadf1e9339d66e77f39de8e98be	489fcf2589a40a0d	propext	∀ {arms : List (String × Minidregg.Theory.ObjectiveBendOpenRecursion.Term)} {tag key : String} {body : Minidregg.Theory.ObjectiveBendOpenRecursion.Term}, List.find? (fun arm => arm.fst == tag) arms = Option.some (key, body) → key = tag
theorem	Minidregg.Theory.ObjectiveBendDemandAdequacy.find_map_arms	1e7b79a3c26d9a886377820f30ab068f0921948e6a3d8d55e2e4b02ac6bb1a0d	a187c41248f3637f4086c2f0ba36be21890ca62acf5926f96543053d9122b376	a069b49895e7da3aa0e29073dc4ba3d95f7947520aa3deb659b7921d28fa0bcc	30a2a7ac02261cc7	propext	∀ (arms : List (String × Minidregg.Theory.ObjectiveBendOpenRecursion.Term)) (f : Minidregg.Theory.ObjectiveBendOpenRecursion.Term → Minidregg.Theory.ObjectiveBendOpenRecursion.Term) (tag : String), List.find? (fun arm => arm.fst == tag) (List.map (fun arm => (arm.fst, f arm.snd)) arms) = Option.map (fun arm => (arm.fst, f arm.snd)) (List.find? (fun arm => arm.fst == tag) arms)
theorem	Minidregg.Theory.ObjectiveBendDemandAdequacy.fixed_constant_executor	bd15054c7bec7c29549b1dc176baad40753255496c7f568108f23bcf894f0808	211287dc7ec9db6a300034689553ab197db34441d82548e087c3a050aa9fc480	27463d2f5c8c0ab9fb8f0cde0f8665dcbb2bc89fdbf4c693c0d8ed294edd874e	75e26011d70b4487	Quot.sound,propext	∀ (inherited : Minidregg.Theory.ObjectiveBendOpenRecursion.Term) (number : Nat), Minidregg.Theory.ObjectiveBendDemandMachine.runBounded { heap := 3, stack := 3 } 11 (Minidregg.Theory.ObjectiveBendDemandMachine.initial ((Minidregg.Theory.ObjectiveBendOpenRecursion.Term.nat number).lam.lam.fix inherited)) = Minidregg.Theory.ObjectiveBendDemandMachine.Outcome.finished (Minidregg.Theory.ObjectiveBendDemandMachine.RuntimeValue.natural number) { heap := #[Minidregg.Theory.ObjectiveBendDemandMachine.Cell.cached { term := ((Minidregg.Theory.ObjectiveBendOpenRecursion.Term.nat number).lam.lam.app (Minidregg.Theory.ObjectiveBendOpenRecursion.Term.bound 0)).app (Minidregg.Theory.ObjectiveBendOpenRecursion.Term.rename Nat.succ inherited), environment := [0] } (Minidregg.Theory.ObjectiveBendDemandMachine.RuntimeValue.natural number), Minidregg.Theory.ObjectiveBendDemandMachine.Cell.suspended { term := Minidregg.Theory.ObjectiveBendOpenRecursion.Term.bound 0, environment := [0] }, Minidregg.Theory.ObjectiveBendDemandMachine.Cell.suspended { term := Minidregg.Theory.ObjectiveBendOpenRecursion.Term.rename Nat.succ inherited, environment := [0] }], control := Minidregg.Theory.ObjectiveBendDemandMachine.Control.complete (Minidregg.Theory.ObjectiveBendDemandMachine.RuntimeValue.natural number), stack := [] }
theorem	Minidregg.Theory.ObjectiveBendDemandAdequacy.fixed_constant_source	139a6f0f3170aedee53c42a66b1abd4c7fbb3d1cfb88ef5461c8ba25484bc126	68ae42aacd020df7f5170ad331c8e89babcd47c08c50bf93e74be58f140264a7	536cf78b8cf1096c6fb03a6515d5d1eeda2cd56cbdfa4e1f7c6695c8540fc50a	20b6387cde0800a8	Quot.sound,propext	∀ (inherited : Minidregg.Theory.ObjectiveBendOpenRecursion.Term) (number : Nat), Minidregg.Theory.ObjectiveBendOpenRecursion.Evaluates ((Minidregg.Theory.ObjectiveBendOpenRecursion.Term.nat number).lam.lam.fix inherited) (Minidregg.Theory.ObjectiveBendOpenRecursion.Term.nat number)
def	Minidregg.Theory.ObjectiveBendDemandAdequacy.frameMeaning	62fd2722a0641cdc715b466fdfe691d42e31873e3b6f34f5b8797b2c41a449ed	4b79352601a14ce6a1776e10efad824b034a2f7ff9deafec1e9f93c90e3aa291	120ce8b5630a7d0686c962dfd48ffc20f84757458c636fd5c2ed5d09f801bd2f	0dab6f4ca4fb28e9	Quot.sound,propext	Minidregg.Theory.ObjectiveBendDemandAdequacy.AddressMeaning → Minidregg.Theory.ObjectiveBendDemandMachine.Frame → Minidregg.Theory.ObjectiveBendOpenRecursion.Term → Minidregg.Theory.ObjectiveBendOpenRecursion.Term
theorem	Minidregg.Theory.ObjectiveBendDemandAdequacy.frameMeaning_congr	73870b5488d58f8b4a164a1b0242d93f4f14119fdaf66d7470cccc01b7f07057	93998b9e358f90135087fe62f61b4957690a12ddae5d283acdcd0c2fa6d8560e	f441fbc2bf874ca46bbbdfca513e5eecf58f4684fc753babe35867baf830b34a	a1f0331fb4890bbc	Quot.sound,propext	∀ {bound : Nat} {first second : Minidregg.Theory.ObjectiveBendDemandAdequacy.AddressMeaning} {frame : Minidregg.Theory.ObjectiveBendDemandMachine.Frame} {hole : Minidregg.Theory.ObjectiveBendOpenRecursion.Term}, Minidregg.Theory.ObjectiveBendDemandInvariant.FrameValid bound frame → (∀ (address : Nat), address < bound → first address = second address) → Minidregg.Theory.ObjectiveBendDemandAdequacy.frameMeaning first frame hole = Minidregg.Theory.ObjectiveBendDemandAdequacy.frameMeaning second frame hole
theorem	Minidregg.Theory.ObjectiveBendDemandAdequacy.frame_derivation_demand	1012923e39e2be426e81212f978361643804d6e2e5fb58ec3038d4afd34aa379	c577c87ddf6d58f37662982bc54dffefb95ae836f9fbaad9d64b23832cb670b7	33ddf9bc8420f5c47984e0143583d815504108177f09f52ce1051987de52d812	47009c0de3d79406	Quot.sound,propext	∀ {meaning : Minidregg.Theory.ObjectiveBendDemandAdequacy.AddressMeaning} {frame : Minidregg.Theory.ObjectiveBendDemandMachine.Frame} {focus result : Minidregg.Theory.ObjectiveBendOpenRecursion.Term} {cost : Nat}, Minidregg.Theory.ObjectiveBendDemandAdequacy.SourceDerivation (Minidregg.Theory.ObjectiveBendDemandAdequacy.frameMeaning meaning frame focus) result cost → ∃ value demandCost, Minidregg.Theory.ObjectiveBendDemandAdequacy.SourceDerivation focus value demandCost ∧ demandCost ≤ cost
theorem	Minidregg.Theory.ObjectiveBendDemandAdequacy.frame_derivation_demand_strict	a69bad08b08427741ddea0becafb9a1557b46f2e94e65b736cdf5d3e5618004c	723b759f12f8e4ee52271672332e2576396fe891b0be0db8c89abe7a61c88b92	2bc2580cd58a233414a072c6352e4c8ca0dec651980e100818c5bc56d611824b	53104cc984128521	Quot.sound,propext	∀ {meaning : Minidregg.Theory.ObjectiveBendDemandAdequacy.AddressMeaning} {frame : Minidregg.Theory.ObjectiveBendDemandMachine.Frame} {focus result : Minidregg.Theory.ObjectiveBendOpenRecursion.Term} {cost : Nat}, (∀ (address : Minidregg.Theory.ObjectiveBendDemandMachine.Address), frame ≠ Minidregg.Theory.ObjectiveBendDemandMachine.Frame.update address) → Minidregg.Theory.ObjectiveBendDemandAdequacy.SourceDerivation (Minidregg.Theory.ObjectiveBendDemandAdequacy.frameMeaning meaning frame focus) result cost → ∃ value demandCost, Minidregg.Theory.ObjectiveBendDemandAdequacy.SourceDerivation focus value demandCost ∧ demandCost < cost
theorem	Minidregg.Theory.ObjectiveBendDemandAdequacy.frame_derivation_return_progress	b25cc7363a93126fd88aca8990f7b95676c9b41127dbfc76620d6e7fa8006de6	e71e83ba57faf1e938b7c5680886c917880e6a9bac04faf4610b2cefde5d3842	3aca110654a596a35cdd7b1f59aa5486909c10e9e781aeea575d16e5d7ef030a	169a85c323ae151f	Quot.sound,propext	∀ {meaning : Minidregg.Theory.ObjectiveBendDemandAdequacy.AddressMeaning} {state : Minidregg.Theory.ObjectiveBendDemandMachine.State} {frame : Minidregg.Theory.ObjectiveBendDemandMachine.Frame} {rest : List Minidregg.Theory.ObjectiveBendDemandMachine.Frame} {returnedValue : Minidregg.Theory.ObjectiveBendDemandMachine.RuntimeValue} {result : Minidregg.Theory.ObjectiveBendOpenRecursion.Term} {cost : Nat}, Minidregg.Theory.ObjectiveBendDemandInvariant.BusyInvariant state → state.control = Minidregg.Theory.ObjectiveBendDemandMachine.Control.returned returnedValue → state.stack = frame :: rest → Minidregg.Theory.ObjectiveBendDemandAdequacy.SourceDerivation (Minidregg.Theory.ObjectiveBendDemandAdequacy.frameMeaning meaning frame (Minidregg.Theory.ObjectiveBendDemandAdequacy.valueMeaning meaning returnedValue)) result cost → Minidregg.Theory.ObjectiveBendDemandAdequacy.ResultControl (Minidregg.Theory.ObjectiveBendDemandMachine.stepRaw state).control
theorem	Minidregg.Theory.ObjectiveBendDemandAdequacy.graphBy_enter_tied_demandSafety	3183f48ed43aeb27fa125e37a9320939d3d59f959aa4be04dc2062264925afd6	cc3ffbcdb4d7c3528e0091fb11f2d5f4edc365511f6b841f77f9a94a2a0e9ef6	827be73bdf2ac8daad3720a7a48ab208131fe5a310115f4975671399f2636895	ffe2b03ba70a07ae	Classical.choice,Quot.sound,propext	∀ {meaning : Minidregg.Theory.ObjectiveBendDemandAdequacy.AddressMeaning} {state : Minidregg.Theory.ObjectiveBendDemandMachine.State} {source spec inherited : Minidregg.Theory.ObjectiveBendOpenRecursion.Term} {address : Minidregg.Theory.ObjectiveBendDemandMachine.Address} {captured : Minidregg.Theory.ObjectiveBendDemandMachine.Environment}, Minidregg.Theory.ObjectiveBendDemandAdequacy.GraphRepresentsBy meaning state source → state.control = Minidregg.Theory.ObjectiveBendDemandMachine.Control.enter address → state.heap[address]? = Option.some (Minidregg.Theory.ObjectiveBendDemandMachine.Cell.suspended { term := ((Minidregg.Theory.ObjectiveBendOpenRecursion.Term.rename Nat.succ spec).app (Minidregg.Theory.ObjectiveBendOpenRecursion.Term.bound 0)).app (Minidregg.Theory.ObjectiveBendOpenRecursion.Term.rename Nat.succ inherited), environment := address :: captured }) → Minidregg.Theory.ObjectiveBendDemandAdequacy.DemandSafety meaning state
theorem	Minidregg.Theory.ObjectiveBendDemandAdequacy.graphBy_graph	44ff261d572a3e32855e4c84eacddb0b1b9efd402fc5584dd588f696d0d6091e	43e7ec1ec1881ca9794b2c4f8682ed004804117848cbcd2083a58a1a6fb59a98	da2e0964a9c90e1b44ae0e792fbf0bf6443c636a11040a9444b5756ec317a50c	b37b5e48aba7d1d9	Quot.sound,propext	∀ {meaning : Minidregg.Theory.ObjectiveBendDemandAdequacy.AddressMeaning} {state : Minidregg.Theory.ObjectiveBendDemandMachine.State} {source : Minidregg.Theory.ObjectiveBendOpenRecursion.Term}, Minidregg.Theory.ObjectiveBendDemandAdequacy.GraphRepresentsBy meaning state source → Minidregg.Theory.ObjectiveBendDemandAdequacy.GraphRepresents state source
theorem	Minidregg.Theory.ObjectiveBendDemandAdequacy.graphBy_initializes	de47d03e856e7e253258e334ddea75c8bee6551df361fe2dd8db15c23df24051	3c9afe0411d46e9e11b638a47616b4f14685ba72087215981549e7e299e04292	c4b7510dd14fb6d3f40e6adc39d9110173e3e3c6123a46a9c07a7853a8f8b7da	a11ee2f2dfd914b7	Quot.sound,propext	∀ {source : Minidregg.Theory.ObjectiveBendOpenRecursion.Term}, Minidregg.Theory.ObjectiveBendDemandInvariant.Scoped 0 source → Minidregg.Theory.ObjectiveBendDemandAdequacy.GraphRepresentsBy (fun x => Minidregg.Theory.ObjectiveBendOpenRecursion.Term.bound 0) (Minidregg.Theory.ObjectiveBendDemandMachine.initial source) source
theorem	Minidregg.Theory.ObjectiveBendDemandAdequacy.graphBy_nonUpdate_head_demandSafety	39964161128bfbf2e2399bde39e412374f5308b2b958c6c331219a1880166560	cb349d17c60c2d9573f32fde464c18a5c023457cf6b4d00a853cfcb9bed3766b	300ba16171d36c0492fd42c949bde0e92ac859445a756bdbfba03450f6dcde63	e8775c23ebf0e148	Classical.choice,Quot.sound,propext	∀ {meaning : Minidregg.Theory.ObjectiveBendDemandAdequacy.AddressMeaning} {state : Minidregg.Theory.ObjectiveBendDemandMachine.State} {source : Minidregg.Theory.ObjectiveBendOpenRecursion.Term} {frame : Minidregg.Theory.ObjectiveBendDemandMachine.Frame} {rest : List Minidregg.Theory.ObjectiveBendDemandMachine.Frame}, Minidregg.Theory.ObjectiveBendDemandAdequacy.GraphRepresentsBy meaning state source → state.stack = frame :: rest → (∀ (address : Minidregg.Theory.ObjectiveBendDemandMachine.Address), frame ≠ Minidregg.Theory.ObjectiveBendDemandMachine.Frame.update address) → Minidregg.Theory.ObjectiveBendDemandAdequacy.DemandSafety meaning state
theorem	Minidregg.Theory.ObjectiveBendDemandAdequacy.graphBy_pending_budget	a422f8c09e079b618b2acc73fbe4f4859a5b87e7fe8b8f8825a30e309300149e	bba93c7cc3b43bfc6ee98b26d1a6b1ec1c8f05a8c81b2f028454662f07f36782	319e2e92e7180f137ddf7a50a8089a480eee98940b5f8b0bd58ed035d9613700	66289a70dfa523c3	Classical.choice,Quot.sound,propext	∀ {meaning : Minidregg.Theory.ObjectiveBendDemandAdequacy.AddressMeaning} {state : Minidregg.Theory.ObjectiveBendDemandMachine.State} {source nameValue focus : Minidregg.Theory.ObjectiveBendOpenRecursion.Term} {address : Minidregg.Theory.ObjectiveBendDemandMachine.Address} {before after : List Minidregg.Theory.ObjectiveBendDemandMachine.Frame} {nameCost : Nat}, Minidregg.Theory.ObjectiveBendDemandAdequacy.GraphRepresentsBy meaning state source → state.stack = before ++ Minidregg.Theory.ObjectiveBendDemandMachine.Frame.update address :: after → Minidregg.Theory.ObjectiveBendDemandAdequacy.controlMeaning meaning state.control = Option.some focus → Minidregg.Theory.ObjectiveBendDemandAdequacy.SourceDerivation (meaning address) nameValue nameCost → ∃ focusValue focusCost, Minidregg.Theory.ObjectiveBendDemandAdequacy.SourceDerivation focus focusValue focusCost ∧ focusCost ≤ nameCost
theorem	Minidregg.Theory.ObjectiveBendDemandAdequacy.graphBy_semantic_reduction_demandSafety	4ac7e4892269956c81fe32374121c3438ffa68c819eb6238512dc80cacea5692	845c022939dc9424518abe70a42d779520efd2daa251792a0a230afb42f93f3a	c3e723012503d96e351661d55d5eb393f6de8a98d68671a7aa215bfc5771acff	5f57d30346f365bc	Classical.choice,Quot.sound,propext	∀ {meaning next : Minidregg.Theory.ObjectiveBendDemandAdequacy.AddressMeaning} {state : Minidregg.Theory.ObjectiveBendDemandMachine.State} {source before after : Minidregg.Theory.ObjectiveBendOpenRecursion.Term} {consumed : List Minidregg.Theory.ObjectiveBendDemandMachine.Frame}, Minidregg.Theory.ObjectiveBendDemandAdequacy.GraphRepresentsBy meaning state source → Minidregg.Theory.ObjectiveBendDemandAdequacy.SourceNamesAgree state meaning next → Minidregg.Theory.ObjectiveBendDemandAdequacy.GraphRepresentsBy next (Minidregg.Theory.ObjectiveBendDemandMachine.stepRaw state) source → (∀ (address : Minidregg.Theory.ObjectiveBendDemandMachine.Address), state.control ≠ Minidregg.Theory.ObjectiveBendDemandMachine.Control.enter address) → state.stack = consumed ++ (Minidregg.Theory.ObjectiveBendDemandMachine.stepRaw state).stack → Minidregg.Theory.ObjectiveBendDemandAdequacy.controlMeaning meaning state.control = Option.some before → Minidregg.Theory.ObjectiveBendDemandAdequacy.controlMeaning next (Minidregg.Theory.ObjectiveBendDemandMachine.stepRaw state).control = Option.some after → Minidregg.Theory.ObjectiveBendOpenRecursion.Step (Minidregg.Theory.ObjectiveBendDemandAdequacy.stackMeaning meaning consumed before) after → Minidregg.Theory.ObjectiveBendDemandAdequacy.DemandSafety next (Minidregg.Theory.ObjectiveBendDemandMachine.stepRaw state)
theorem	Minidregg.Theory.ObjectiveBendDemandAdequacy.graphBy_terminating_control_budget	9a0f710b8debbb73688ec1a103aff1f66d36153cc74630c6fe186994d154c3b0	0984bc93f9d36f7201e93138c33357c173539f621d6c7222ec8a10cd80c63c3f	322c0ba4651819e3b84efea863d08dc14ea8cbdb2e261623750bd9f20b1886ca	1de72403a366967a	Classical.choice,Quot.sound,propext	∀ {meaning : Minidregg.Theory.ObjectiveBendDemandAdequacy.AddressMeaning} {state : Minidregg.Theory.ObjectiveBendDemandMachine.State} {source result focus : Minidregg.Theory.ObjectiveBendOpenRecursion.Term}, Minidregg.Theory.ObjectiveBendDemandAdequacy.GraphRepresentsBy meaning state source → Minidregg.Theory.ObjectiveBendOpenRecursion.Evaluates source result → Minidregg.Theory.ObjectiveBendDemandAdequacy.controlMeaning meaning state.control = Option.some focus → ∃ value cost, Minidregg.Theory.ObjectiveBendDemandAdequacy.SourceDerivation focus value cost
theorem	Minidregg.Theory.ObjectiveBendDemandAdequacy.graphBy_terminating_next_result	d7ed746728f33f1b4a0359579c2fd181ac0380342b442fcf4901b4ea131935a0	d7576b20a379671b2ce69c52dfc2799a6c3eff29857af9a98f51f4a6b5c2d670	e8ae74fe6a74c6752d54e5286d5ab388f8af3230119e488ab5284be5b7fd317b	59609ee3b3d7cd21	Classical.choice,Quot.sound,propext	∀ {meaning : Minidregg.Theory.ObjectiveBendDemandAdequacy.AddressMeaning} {state : Minidregg.Theory.ObjectiveBendDemandMachine.State} {source result : Minidregg.Theory.ObjectiveBendOpenRecursion.Term}, Minidregg.Theory.ObjectiveBendDemandAdequacy.GraphRepresentsBy meaning state source → Minidregg.Theory.ObjectiveBendDemandAdequacy.DemandSafety meaning state → Minidregg.Theory.ObjectiveBendOpenRecursion.Evaluates source result → Minidregg.Theory.ObjectiveBendDemandAdequacy.ResultControl (Minidregg.Theory.ObjectiveBendDemandMachine.stepRaw state).control
theorem	Minidregg.Theory.ObjectiveBendDemandAdequacy.graphBy_terminating_reentry_impossible	1d31973a0c0f08696362b4b76dba55d4ff1a2d23a1e4d7a57db1cd702ed81ffe	0db03b7993a223be4eb84e14cf040996bdd5f007d8aa86f0e46b01d4d80fb2e0	63a57f66d78e978acafb51be364b12d8cfe649b5684f5d856ae5480f09e3f5f6	a97be51dacdfe159	Classical.choice,Quot.sound,propext	∀ {meaning : Minidregg.Theory.ObjectiveBendDemandAdequacy.AddressMeaning} {state : Minidregg.Theory.ObjectiveBendDemandMachine.State} {source result : Minidregg.Theory.ObjectiveBendOpenRecursion.Term} {address : Minidregg.Theory.ObjectiveBendDemandMachine.Address} {origin : Minidregg.Theory.ObjectiveBendDemandMachine.Closure}, Minidregg.Theory.ObjectiveBendDemandAdequacy.GraphRepresentsBy meaning state source → Minidregg.Theory.ObjectiveBendDemandAdequacy.DemandSafety meaning state → Minidregg.Theory.ObjectiveBendOpenRecursion.Evaluates source result → state.control = Minidregg.Theory.ObjectiveBendDemandMachine.Control.enter address → state.heap[address]? = Option.some (Minidregg.Theory.ObjectiveBendDemandMachine.Cell.evaluating origin) → False
theorem	Minidregg.Theory.ObjectiveBendDemandAdequacy.graph_administrative_safety	7c549895b33ffde34652996a6ffbbd27f62311735c49d937a9f6c6f0d0934970	81670e86fe7674f70d30ba3b7fa1f2b3dbc19569a032ede10da11219ac01cf2f	975af4e57dd8fb4a06f8146af4cd3c92893da0a746ff0424052db10584f39ea3	b406028d8c34f38a	Classical.choice,Quot.sound,propext	∀ {meaning : Minidregg.Theory.ObjectiveBendDemandAdequacy.AddressMeaning} {state : Minidregg.Theory.ObjectiveBendDemandMachine.State} {source : Minidregg.Theory.ObjectiveBendOpenRecursion.Term}, Minidregg.Theory.ObjectiveBendDemandAdequacy.GraphRepresentsBy meaning state source → Minidregg.Theory.ObjectiveBendDemandAdequacy.DemandSafety meaning state → Minidregg.Theory.ObjectiveBendDemandAdequacy.HeapOriginsBorn state.heap → Minidregg.Theory.ObjectiveBendDemandAdequacy.ResultControl (Minidregg.Theory.ObjectiveBendDemandMachine.stepRaw state).control → Minidregg.Theory.ObjectiveBendDemandAdequacy.DemandAdministrative state → ∃ next, Minidregg.Theory.ObjectiveBendDemandAdequacy.SourceNamesAgree state meaning next ∧ Minidregg.Theory.ObjectiveBendDemandAdequacy.GraphRepresentsBy next (Minidregg.Theory.ObjectiveBendDemandMachine.stepRaw state) source ∧ Minidregg.Theory.ObjectiveBendDemandAdequacy.DemandSafety next (Minidregg.Theory.ObjectiveBendDemandMachine.stepRaw state)
theorem	Minidregg.Theory.ObjectiveBendDemandAdequacy.graph_binary_left_return	b711843adf738ff5a2058cb9a0ce78ce972aadcf948e9d2dd262bec9ea980e92	3fafe2b0be153f1524ec80fc1900aab760cac91ea02bbf56c4e39626ce89b99f	4f0f835be002eb2b25825ce2060e328492f3a1aaab34f0f3afe7b70bf605e0ab	ab695071fe165199	Classical.choice,Quot.sound,propext	∀ {state : Minidregg.Theory.ObjectiveBendDemandMachine.State} {source right : Minidregg.Theory.ObjectiveBendOpenRecursion.Term} {primitive : Minidregg.Theory.ObjectiveBendOpenRecursion.Primitive} {environment : Minidregg.Theory.ObjectiveBendDemandMachine.Environment} {rest : List Minidregg.Theory.ObjectiveBendDemandMachine.Frame} {value : Minidregg.Theory.ObjectiveBendDemandMachine.RuntimeValue}, Minidregg.Theory.ObjectiveBendDemandAdequacy.GraphRepresents state source → state.control = Minidregg.Theory.ObjectiveBendDemandMachine.Control.returned value → state.stack = Minidregg.Theory.ObjectiveBendDemandMachine.Frame.binaryLeft primitive right environment :: rest → Minidregg.Theory.ObjectiveBendDemandAdequacy.GraphRepresents (Minidregg.Theory.ObjectiveBendDemandMachine.stepRaw state) source
theorem	Minidregg.Theory.ObjectiveBendDemandAdequacy.graph_binary_left_return_names	37ebae108d7924902169b592a662509dd05e9eb526450b7406626eac8abb14cf	7ff2b67842388f82e1428a4dafcb732e9ba9674fd655dac75b3708c536228082	ba9aa3f6a2c72babb3b350c3ea306f08f7c14bc10d5170020ad0cad23f6390f3	d0e90b85b4e9ebf4	Classical.choice,Quot.sound,propext	∀ {meaning : Minidregg.Theory.ObjectiveBendDemandAdequacy.AddressMeaning} {state : Minidregg.Theory.ObjectiveBendDemandMachine.State} {source right : Minidregg.Theory.ObjectiveBendOpenRecursion.Term} {primitive : Minidregg.Theory.ObjectiveBendOpenRecursion.Primitive} {environment : Minidregg.Theory.ObjectiveBendDemandMachine.Environment} {rest : List Minidregg.Theory.ObjectiveBendDemandMachine.Frame} {value : Minidregg.Theory.ObjectiveBendDemandMachine.RuntimeValue}, Minidregg.Theory.ObjectiveBendDemandAdequacy.GraphRepresentsBy meaning state source → state.control = Minidregg.Theory.ObjectiveBendDemandMachine.Control.returned value → state.stack = Minidregg.Theory.ObjectiveBendDemandMachine.Frame.binaryLeft primitive right environment :: rest → ∃ next, Minidregg.Theory.ObjectiveBendDemandAdequacy.SourceNamesAgree state meaning next ∧ Minidregg.Theory.ObjectiveBendDemandAdequacy.GraphRepresentsBy next (Minidregg.Theory.ObjectiveBendDemandMachine.stepRaw state) source
theorem	Minidregg.Theory.ObjectiveBendDemandAdequacy.graph_cache_update	62b484b0ff55d208cfb91915292d42cdfb60b8f8849deba4602f4caf208f43f4	fc11e678f1bb6fdb742085f8581cb2e723a2bd7002444446d11726332fedf498	8c5eb9066ffb7e5d4407546d4f9d077421e520c83b98e76ec684c753fb0e9ed9	3cc75b167179fce4	Classical.choice,Quot.sound,propext	∀ {state : Minidregg.Theory.ObjectiveBendDemandMachine.State} {source : Minidregg.Theory.ObjectiveBendOpenRecursion.Term} {address : Nat} {rest : List Minidregg.Theory.ObjectiveBendDemandMachine.Frame} {value : Minidregg.Theory.ObjectiveBendDemandMachine.RuntimeValue}, Minidregg.Theory.ObjectiveBendDemandAdequacy.GraphRepresents state source → state.control = Minidregg.Theory.ObjectiveBendDemandMachine.Control.returned value → state.stack = Minidregg.Theory.ObjectiveBendDemandMachine.Frame.update address :: rest → Minidregg.Theory.ObjectiveBendDemandAdequacy.GraphRepresents (Minidregg.Theory.ObjectiveBendDemandMachine.stepRaw state) source
theorem	Minidregg.Theory.ObjectiveBendDemandAdequacy.graph_cache_update_names	58d334a25e5442da1723629c4f2738799f3a13b5f5d01e12faa40927826c3657	c71ea79f9a058a1effb126fa477b34c100fc817b85710a06cc5f5036a07e40a9	9b098214690e6c380b56e6ab0e17b87efea69f18dd42a0fc73dbe5f33dbdc502	db4bb6a2f9c750c9	Classical.choice,Quot.sound,propext	∀ {meaning : Minidregg.Theory.ObjectiveBendDemandAdequacy.AddressMeaning} {state : Minidregg.Theory.ObjectiveBendDemandMachine.State} {source : Minidregg.Theory.ObjectiveBendOpenRecursion.Term} {address : Nat} {rest : List Minidregg.Theory.ObjectiveBendDemandMachine.Frame} {value : Minidregg.Theory.ObjectiveBendDemandMachine.RuntimeValue}, Minidregg.Theory.ObjectiveBendDemandAdequacy.GraphRepresentsBy meaning state source → state.control = Minidregg.Theory.ObjectiveBendDemandMachine.Control.returned value → state.stack = Minidregg.Theory.ObjectiveBendDemandMachine.Frame.update address :: rest → ∃ next, Minidregg.Theory.ObjectiveBendDemandAdequacy.SourceNamesAgree state meaning next ∧ Minidregg.Theory.ObjectiveBendDemandAdequacy.GraphRepresentsBy next (Minidregg.Theory.ObjectiveBendDemandMachine.stepRaw state) source
theorem	Minidregg.Theory.ObjectiveBendDemandAdequacy.graph_case_return_execution	76837495683fa39674abfcc88ffe0d26c0445c0884cf6b148439a39f9cd143e8	cf0c2bcbdc6573f1b5a47840e2e01d13db14a139a3344fd4ac1d2e2b9981b843	87dbbf3716deacdd297daca8653ccb539d8f6009b5448c50ddf4b8455c52dd6a	608bbefec57f1e0e	Classical.choice,Quot.sound,propext	∀ {meaning : Minidregg.Theory.ObjectiveBendDemandAdequacy.AddressMeaning} {state : Minidregg.Theory.ObjectiveBendDemandMachine.State} {source body : Minidregg.Theory.ObjectiveBendOpenRecursion.Term} {arms : List (String × Minidregg.Theory.ObjectiveBendOpenRecursion.Term)} {environment : Minidregg.Theory.ObjectiveBendDemandMachine.Environment} {tag key : String} {payload : Minidregg.Theory.ObjectiveBendDemandMachine.Address} {rest : List Minidregg.Theory.ObjectiveBendDemandMachine.Frame}, Minidregg.Theory.ObjectiveBendDemandAdequacy.GraphRepresentsBy meaning state source → state.control = Minidregg.Theory.ObjectiveBendDemandMachine.Control.returned (Minidregg.Theory.ObjectiveBendDemandMachine.RuntimeValue.variant tag payload) → state.stack = Minidregg.Theory.ObjectiveBendDemandMachine.Frame.case arms environment :: rest → List.find? (fun arm => arm.fst == tag) arms = Option.some (key, body) → ∃ next, Minidregg.Theory.ObjectiveBendDemandAdequacy.SourceNamesAgree state meaning next ∧ Minidregg.Theory.ObjectiveBendDemandAdequacy.GraphRepresentsBy next (Minidregg.Theory.ObjectiveBendDemandMachine.stepRaw state) source ∧ Minidregg.Theory.ObjectiveBendDemandAdequacy.SourceDispatch meaning next state
theorem	Minidregg.Theory.ObjectiveBendDemandAdequacy.graph_case_return_names	7d1d4155dc98b7159b5eb57a597e161b26cfc29073c8f00c360af675e976b4bf	6945fd68b71f44a2176a7e4c5c5bdf21ef4fc4c9e8e69848a6575758f3f88056	e1a27f90a7935018985594a2467d2456117ff86013bfc38b6a60525579d86261	3541977c23876605	Classical.choice,Quot.sound,propext	∀ {meaning : Minidregg.Theory.ObjectiveBendDemandAdequacy.AddressMeaning} {state : Minidregg.Theory.ObjectiveBendDemandMachine.State} {source body : Minidregg.Theory.ObjectiveBendOpenRecursion.Term} {arms : List (String × Minidregg.Theory.ObjectiveBendOpenRecursion.Term)} {environment : Minidregg.Theory.ObjectiveBendDemandMachine.Environment} {tag key : String} {payload : Minidregg.Theory.ObjectiveBendDemandMachine.Address} {rest : List Minidregg.Theory.ObjectiveBendDemandMachine.Frame}, Minidregg.Theory.ObjectiveBendDemandAdequacy.GraphRepresentsBy meaning state source → state.control = Minidregg.Theory.ObjectiveBendDemandMachine.Control.returned (Minidregg.Theory.ObjectiveBendDemandMachine.RuntimeValue.variant tag payload) → state.stack = Minidregg.Theory.ObjectiveBendDemandMachine.Frame.case arms environment :: rest → List.find? (fun arm => arm.fst == tag) arms = Option.some (key, body) → ∃ next, Minidregg.Theory.ObjectiveBendDemandAdequacy.SourceNamesAgree state meaning next ∧ Minidregg.Theory.ObjectiveBendDemandAdequacy.GraphRepresentsBy next (Minidregg.Theory.ObjectiveBendDemandMachine.stepRaw state) source
theorem	Minidregg.Theory.ObjectiveBendDemandAdequacy.graph_case_return_safety	138b57477d0bbc484fce9b7f2dce1614e43e0362d0718360f93be3aef42fe43c	49b41430659be0127f04d8a381c885d1b747194b55c1f4e2e87d66f146f53810	8d7da6ebb3fe315b2da5402accd56ea8da0866896f322dc5e672b0bf621b0726	773d7526c431bcae	Classical.choice,Quot.sound,propext	∀ {meaning : Minidregg.Theory.ObjectiveBendDemandAdequacy.AddressMeaning} {state : Minidregg.Theory.ObjectiveBendDemandMachine.State} {source body : Minidregg.Theory.ObjectiveBendOpenRecursion.Term} {arms : List (String × Minidregg.Theory.ObjectiveBendOpenRecursion.Term)} {environment : Minidregg.Theory.ObjectiveBendDemandMachine.Environment} {tag key : String} {payload : Minidregg.Theory.ObjectiveBendDemandMachine.Address} {rest : List Minidregg.Theory.ObjectiveBendDemandMachine.Frame}, Minidregg.Theory.ObjectiveBendDemandAdequacy.GraphRepresentsBy meaning state source → state.control = Minidregg.Theory.ObjectiveBendDemandMachine.Control.returned (Minidregg.Theory.ObjectiveBendDemandMachine.RuntimeValue.variant tag payload) → state.stack = Minidregg.Theory.ObjectiveBendDemandMachine.Frame.case arms environment :: rest → List.find? (fun arm => arm.fst == tag) arms = Option.some (key, body) → ∃ next, Minidregg.Theory.ObjectiveBendDemandAdequacy.SourceNamesAgree state meaning next ∧ Minidregg.Theory.ObjectiveBendDemandAdequacy.GraphRepresentsBy next (Minidregg.Theory.ObjectiveBendDemandMachine.stepRaw state) source ∧ Minidregg.Theory.ObjectiveBendDemandAdequacy.DemandSafety next (Minidregg.Theory.ObjectiveBendDemandMachine.stepRaw state)
theorem	Minidregg.Theory.ObjectiveBendDemandAdequacy.graph_closure_call	d508303ca15624d15e7f0696d8a462e924152b517048255f344e84e834cd5c96	e455a72b477c70b653b9a309e9a83ae3d6191f9d0b8411f3b4fa709015760da4	a99727c6f9ea6c5606608f32a2c3782caaa237bf519a77c916e1409666e0e5d0	12b28a72594b7fcf	Classical.choice,Quot.sound,propext	∀ {state : Minidregg.Theory.ObjectiveBendDemandMachine.State} {source body argument : Minidregg.Theory.ObjectiveBendOpenRecursion.Term} {captured environment : Minidregg.Theory.ObjectiveBendDemandMachine.Environment} {rest : List Minidregg.Theory.ObjectiveBendDemandMachine.Frame}, Minidregg.Theory.ObjectiveBendDemandAdequacy.GraphRepresents state source → state.control = Minidregg.Theory.ObjectiveBendDemandMachine.Control.returned (Minidregg.Theory.ObjectiveBendDemandMachine.RuntimeValue.closure body captured) → state.stack = Minidregg.Theory.ObjectiveBendDemandMachine.Frame.argument argument environment :: rest → Minidregg.Theory.ObjectiveBendDemandAdequacy.GraphRepresents (Minidregg.Theory.ObjectiveBendDemandMachine.stepRaw state) source
theorem	Minidregg.Theory.ObjectiveBendDemandAdequacy.graph_closure_call_execution	5e54b0c73882c4fd83c2d46d06443da4f3b4c1395a4964f043afabc6bc50b02f	4e18dd87a7a2d319cd6f3eadf13677a6fd27bc48735107e4e75201cfc02bf071	ff1d9f6c4e8acb6af0a6f121dd3b2b811ef2a97bb9c241fdb8204877d06b220d	44363b6ed0ac43f2	Classical.choice,Quot.sound,propext	∀ {meaning : Minidregg.Theory.ObjectiveBendDemandAdequacy.AddressMeaning} {state : Minidregg.Theory.ObjectiveBendDemandMachine.State} {source body argument : Minidregg.Theory.ObjectiveBendOpenRecursion.Term} {captured environment : Minidregg.Theory.ObjectiveBendDemandMachine.Environment} {rest : List Minidregg.Theory.ObjectiveBendDemandMachine.Frame}, Minidregg.Theory.ObjectiveBendDemandAdequacy.GraphRepresentsBy meaning state source → state.control = Minidregg.Theory.ObjectiveBendDemandMachine.Control.returned (Minidregg.Theory.ObjectiveBendDemandMachine.RuntimeValue.closure body captured) → state.stack = Minidregg.Theory.ObjectiveBendDemandMachine.Frame.argument argument environment :: rest → ∃ next, Minidregg.Theory.ObjectiveBendDemandAdequacy.SourceNamesAgree state meaning next ∧ Minidregg.Theory.ObjectiveBendDemandAdequacy.GraphRepresentsBy next (Minidregg.Theory.ObjectiveBendDemandMachine.stepRaw state) source ∧ Minidregg.Theory.ObjectiveBendDemandAdequacy.SourceDispatch meaning next state
theorem	Minidregg.Theory.ObjectiveBendDemandAdequacy.graph_closure_call_names	ec234a76c6f2d73336857695770fd87c49b5a8c2a55ae0b3447ba4084f27a1cc	5bb6424566f0a041d2e153602a3dc0febbb29e7a05722502226b9f88aaa98b27	8935b232ad7a78327ab248151adb5abad0defd0243016f5b3ddba745f9aee53e	8e29e5188382b6ad	Classical.choice,Quot.sound,propext	∀ {meaning : Minidregg.Theory.ObjectiveBendDemandAdequacy.AddressMeaning} {state : Minidregg.Theory.ObjectiveBendDemandMachine.State} {source body argument : Minidregg.Theory.ObjectiveBendOpenRecursion.Term} {captured environment : Minidregg.Theory.ObjectiveBendDemandMachine.Environment} {rest : List Minidregg.Theory.ObjectiveBendDemandMachine.Frame}, Minidregg.Theory.ObjectiveBendDemandAdequacy.GraphRepresentsBy meaning state source → state.control = Minidregg.Theory.ObjectiveBendDemandMachine.Control.returned (Minidregg.Theory.ObjectiveBendDemandMachine.RuntimeValue.closure body captured) → state.stack = Minidregg.Theory.ObjectiveBendDemandMachine.Frame.argument argument environment :: rest → ∃ next, Minidregg.Theory.ObjectiveBendDemandAdequacy.SourceNamesAgree state meaning next ∧ Minidregg.Theory.ObjectiveBendDemandAdequacy.GraphRepresentsBy next (Minidregg.Theory.ObjectiveBendDemandMachine.stepRaw state) source
theorem	Minidregg.Theory.ObjectiveBendDemandAdequacy.graph_closure_call_safety	efc3ae9e296b2aba6b7cedf9e39fb029d1e7aaa273f5fb6e0a408cf3f439dad8	c2da1c0e71ba6e24af53658be26154738a17bcfd114b6051f76dd0334007fffa	1489920db912b8da54069c379992e5cfea964fdd7abcbe47bd76eda86384996e	f21c888b9c73295a	Classical.choice,Quot.sound,propext	∀ {meaning : Minidregg.Theory.ObjectiveBendDemandAdequacy.AddressMeaning} {state : Minidregg.Theory.ObjectiveBendDemandMachine.State} {source body argument : Minidregg.Theory.ObjectiveBendOpenRecursion.Term} {captured environment : Minidregg.Theory.ObjectiveBendDemandMachine.Environment} {rest : List Minidregg.Theory.ObjectiveBendDemandMachine.Frame}, Minidregg.Theory.ObjectiveBendDemandAdequacy.GraphRepresentsBy meaning state source → state.control = Minidregg.Theory.ObjectiveBendDemandMachine.Control.returned (Minidregg.Theory.ObjectiveBendDemandMachine.RuntimeValue.closure body captured) → state.stack = Minidregg.Theory.ObjectiveBendDemandMachine.Frame.argument argument environment :: rest → ∃ next, Minidregg.Theory.ObjectiveBendDemandAdequacy.SourceNamesAgree state meaning next ∧ Minidregg.Theory.ObjectiveBendDemandAdequacy.GraphRepresentsBy next (Minidregg.Theory.ObjectiveBendDemandMachine.stepRaw state) source ∧ Minidregg.Theory.ObjectiveBendDemandAdequacy.DemandSafety next (Minidregg.Theory.ObjectiveBendDemandMachine.stepRaw state)
theorem	Minidregg.Theory.ObjectiveBendDemandAdequacy.graph_complete_boolean_sound	502e3ecbb592f0703be44832d479fbd5d0b324d01b811edd940eaff366d678fd	928d48f5d8018d710988e04313ed6bb5fb9dcc7a0c4e1dc14accfc1f1ad4de57	e6bd1d57d2ba263981a14b5e374efd45c796caf855d1b2fa796df378def7d5ea	c92b5e47e3f80ba0	Quot.sound,propext	∀ {state : Minidregg.Theory.ObjectiveBendDemandMachine.State} {source : Minidregg.Theory.ObjectiveBendOpenRecursion.Term} {value : Bool}, Minidregg.Theory.ObjectiveBendDemandAdequacy.GraphRepresents state source → state.control = Minidregg.Theory.ObjectiveBendDemandMachine.Control.complete (Minidregg.Theory.ObjectiveBendDemandMachine.RuntimeValue.boolean value) → Minidregg.Theory.ObjectiveBendOpenRecursion.Evaluates source (Minidregg.Theory.ObjectiveBendOpenRecursion.Term.boolean value)
theorem	Minidregg.Theory.ObjectiveBendDemandAdequacy.graph_complete_label_sound	5c306a217bf51df562101e9117cdbdb377ca8260292d68baccb85cbccf7e7521	8702d6152b0f14967775b3ca6e3fac6a00f25b30a1d1c98380bab903b005d192	6c56012354c23b370e3dfd1bc9c91ae3d40137e585f6823880b0683ea82626ef	ea01ba1aad55980e	Quot.sound,propext	∀ {state : Minidregg.Theory.ObjectiveBendDemandMachine.State} {source : Minidregg.Theory.ObjectiveBendOpenRecursion.Term} {name : String}, Minidregg.Theory.ObjectiveBendDemandAdequacy.GraphRepresents state source → state.control = Minidregg.Theory.ObjectiveBendDemandMachine.Control.complete (Minidregg.Theory.ObjectiveBendDemandMachine.RuntimeValue.label name) → Minidregg.Theory.ObjectiveBendOpenRecursion.Evaluates source (Minidregg.Theory.ObjectiveBendOpenRecursion.Term.label name)
theorem	Minidregg.Theory.ObjectiveBendDemandAdequacy.graph_complete_natural_sound	0b9b0d43c4f1a1b94ec1a20b9237f39e5383d13dd09fdc19e62613bbba91bf51	03c4574a60134c15c24faa1e7ada501fd04ffb1c8fcabe2ffaf0124093c872de	8fa5a33843fa0816750ef1d5ecd688fff1bb553b3d19b241a0a46cd5dcd80bb8	2e75671e6111aa4c	Quot.sound,propext	∀ {state : Minidregg.Theory.ObjectiveBendDemandMachine.State} {source : Minidregg.Theory.ObjectiveBendOpenRecursion.Term} {number : Nat}, Minidregg.Theory.ObjectiveBendDemandAdequacy.GraphRepresents state source → state.control = Minidregg.Theory.ObjectiveBendDemandMachine.Control.complete (Minidregg.Theory.ObjectiveBendDemandMachine.RuntimeValue.natural number) → Minidregg.Theory.ObjectiveBendOpenRecursion.Evaluates source (Minidregg.Theory.ObjectiveBendOpenRecursion.Term.nat number)
theorem	Minidregg.Theory.ObjectiveBendDemandAdequacy.graph_complete_return	7ac52b592744cf5ac233545c762296e24b62ac5b50fafa0875865ff187a2da26	1116d25126f3291babe8c7d2ae366e07fc4ba270d1858e634822bd05203aa576	34fc76efc4bccb550a0fd540dad6dcde39ffc1c1d4df1043a060f1acc93a90d9	259651bd5bedaa32	Classical.choice,Quot.sound,propext	∀ {state : Minidregg.Theory.ObjectiveBendDemandMachine.State} {source : Minidregg.Theory.ObjectiveBendOpenRecursion.Term} {value : Minidregg.Theory.ObjectiveBendDemandMachine.RuntimeValue}, Minidregg.Theory.ObjectiveBendDemandAdequacy.GraphRepresents state source → state.control = Minidregg.Theory.ObjectiveBendDemandMachine.Control.returned value → state.stack = [] → Minidregg.Theory.ObjectiveBendDemandAdequacy.GraphRepresents (Minidregg.Theory.ObjectiveBendDemandMachine.stepRaw state) source
theorem	Minidregg.Theory.ObjectiveBendDemandAdequacy.graph_complete_return_names	f14b48a3525b9cd8794cb6f89ae5c33caf5241c69ed9c027b30f8b1842d58bd3	83ed5fc48a3ef93ab7e2ea8f1d4ccd3d600c86ceb9952ca408864337499756b6	2c56b6746f4321c41f18d8fe14c33f0417cd99e36a4ba9c053d5c2adb570a64a	ff30f53a75dfa9d2	Classical.choice,Quot.sound,propext	∀ {meaning : Minidregg.Theory.ObjectiveBendDemandAdequacy.AddressMeaning} {state : Minidregg.Theory.ObjectiveBendDemandMachine.State} {source : Minidregg.Theory.ObjectiveBendOpenRecursion.Term} {value : Minidregg.Theory.ObjectiveBendDemandMachine.RuntimeValue}, Minidregg.Theory.ObjectiveBendDemandAdequacy.GraphRepresentsBy meaning state source → state.control = Minidregg.Theory.ObjectiveBendDemandMachine.Control.returned value → state.stack = [] → ∃ next, Minidregg.Theory.ObjectiveBendDemandAdequacy.SourceNamesAgree state meaning next ∧ Minidregg.Theory.ObjectiveBendDemandAdequacy.GraphRepresentsBy next (Minidregg.Theory.ObjectiveBendDemandMachine.stepRaw state) source
theorem	Minidregg.Theory.ObjectiveBendDemandAdequacy.graph_complete_value_sound	0872aeb408ba737bc2f8ca562c8fe6f273e57a0dfa79980522ca5e0067d89194	b707e4aff0829dd3769ede34584011f28173dd21ffa0b11916cc4a6d4771c944	ed81172f090c01bb1fe7a4fd9838622da35e82259f438489bacee43839bcc932	b0d5c7fe31f1584b	Quot.sound,propext	∀ {state : Minidregg.Theory.ObjectiveBendDemandMachine.State} {source : Minidregg.Theory.ObjectiveBendOpenRecursion.Term} {value : Minidregg.Theory.ObjectiveBendDemandMachine.RuntimeValue}, Minidregg.Theory.ObjectiveBendDemandAdequacy.GraphRepresents state source → state.control = Minidregg.Theory.ObjectiveBendDemandMachine.Control.complete value → ∃ meaning, Minidregg.Theory.ObjectiveBendDemandAdequacy.MeaningsScoped state.heap.size meaning ∧ Minidregg.Theory.ObjectiveBendDemandAdequacy.HeapRealizes meaning state.heap ∧ Minidregg.Theory.ObjectiveBendOpenRecursion.Evaluates source (Minidregg.Theory.ObjectiveBendDemandAdequacy.valueMeaning meaning value)
theorem	Minidregg.Theory.ObjectiveBendDemandAdequacy.graph_condition_successor	5c03519439737ad63774007e074ff2f702048dbabba75de0bb8c2d72d4f22fed	f3d76cd88143f1ae3b5249857b44db6e428ced65954b2bc55ec9634443c6d325	8c08c5c7eb57262737708e8668e7e70fff4f1199579913aecc55d47330031c66	8e3d4fa00ede0026	Classical.choice,Quot.sound,propext	∀ {state : Minidregg.Theory.ObjectiveBendDemandMachine.State} {source zero body : Minidregg.Theory.ObjectiveBendOpenRecursion.Term} {environment : Minidregg.Theory.ObjectiveBendDemandMachine.Environment} {number : Nat} {rest : List Minidregg.Theory.ObjectiveBendDemandMachine.Frame}, Minidregg.Theory.ObjectiveBendDemandAdequacy.GraphRepresents state source → state.control = Minidregg.Theory.ObjectiveBendDemandMachine.Control.returned (Minidregg.Theory.ObjectiveBendDemandMachine.RuntimeValue.natural (number + 1)) → state.stack = Minidregg.Theory.ObjectiveBendDemandMachine.Frame.condition zero body environment :: rest → Minidregg.Theory.ObjectiveBendDemandAdequacy.GraphRepresents (Minidregg.Theory.ObjectiveBendDemandMachine.stepRaw state) source
theorem	Minidregg.Theory.ObjectiveBendDemandAdequacy.graph_condition_successor_execution	577bc647bf608a548a776808784e17bcb132088f9f49b29b404f284ecdf76768	50b8669a5e07a8fc75fec2cf237fb5644464dea3820c5933f7134b66fb0a17fd	1d99e5c10ba2e551455f243d6f6fab5a469b7dcc57e1db0417f3d7e8774d041e	02207568bc1a144c	Classical.choice,Quot.sound,propext	∀ {meaning : Minidregg.Theory.ObjectiveBendDemandAdequacy.AddressMeaning} {state : Minidregg.Theory.ObjectiveBendDemandMachine.State} {source zero body : Minidregg.Theory.ObjectiveBendOpenRecursion.Term} {environment : Minidregg.Theory.ObjectiveBendDemandMachine.Environment} {number : Nat} {rest : List Minidregg.Theory.ObjectiveBendDemandMachine.Frame}, Minidregg.Theory.ObjectiveBendDemandAdequacy.GraphRepresentsBy meaning state source → state.control = Minidregg.Theory.ObjectiveBendDemandMachine.Control.returned (Minidregg.Theory.ObjectiveBendDemandMachine.RuntimeValue.natural (number + 1)) → state.stack = Minidregg.Theory.ObjectiveBendDemandMachine.Frame.condition zero body environment :: rest → ∃ next, Minidregg.Theory.ObjectiveBendDemandAdequacy.SourceNamesAgree state meaning next ∧ Minidregg.Theory.ObjectiveBendDemandAdequacy.GraphRepresentsBy next (Minidregg.Theory.ObjectiveBendDemandMachine.stepRaw state) source ∧ Minidregg.Theory.ObjectiveBendDemandAdequacy.SourceDispatch meaning next state
theorem	Minidregg.Theory.ObjectiveBendDemandAdequacy.graph_condition_successor_names	e15c0adf493930297dbed924a8664f0fda177927e2330718ab350debfa2a1889	43946a931097a2152cbd8bf626cce233451da2795c9000ceaf2e1ee5f2dd137c	308156eaa701f3d5d99236e99851dee014dbb2fb7b9f1521f748894e919e9579	a172c37a4d1ea60f	Classical.choice,Quot.sound,propext	∀ {meaning : Minidregg.Theory.ObjectiveBendDemandAdequacy.AddressMeaning} {state : Minidregg.Theory.ObjectiveBendDemandMachine.State} {source zero body : Minidregg.Theory.ObjectiveBendOpenRecursion.Term} {environment : Minidregg.Theory.ObjectiveBendDemandMachine.Environment} {number : Nat} {rest : List Minidregg.Theory.ObjectiveBendDemandMachine.Frame}, Minidregg.Theory.ObjectiveBendDemandAdequacy.GraphRepresentsBy meaning state source → state.control = Minidregg.Theory.ObjectiveBendDemandMachine.Control.returned (Minidregg.Theory.ObjectiveBendDemandMachine.RuntimeValue.natural (number + 1)) → state.stack = Minidregg.Theory.ObjectiveBendDemandMachine.Frame.condition zero body environment :: rest → ∃ next, Minidregg.Theory.ObjectiveBendDemandAdequacy.SourceNamesAgree state meaning next ∧ Minidregg.Theory.ObjectiveBendDemandAdequacy.GraphRepresentsBy next (Minidregg.Theory.ObjectiveBendDemandMachine.stepRaw state) source
theorem	Minidregg.Theory.ObjectiveBendDemandAdequacy.graph_condition_successor_safety	e0ee5d2a4b2558354fbbe75a69bf2649193606efc488050358099ff8acc9144a	6f2a878b00fbcb29c1942b17137db46d2a0dec93d633cf9c7d9b250f9dad3193	2d58c65e27384304efb2f2c6984682c57592667cbe6970beec44e7f3db29db23	688366a4c8a23005	Classical.choice,Quot.sound,propext	∀ {meaning : Minidregg.Theory.ObjectiveBendDemandAdequacy.AddressMeaning} {state : Minidregg.Theory.ObjectiveBendDemandMachine.State} {source zero body : Minidregg.Theory.ObjectiveBendOpenRecursion.Term} {environment : Minidregg.Theory.ObjectiveBendDemandMachine.Environment} {rest : List Minidregg.Theory.ObjectiveBendDemandMachine.Frame} {number : Nat}, Minidregg.Theory.ObjectiveBendDemandAdequacy.GraphRepresentsBy meaning state source → state.control = Minidregg.Theory.ObjectiveBendDemandMachine.Control.returned (Minidregg.Theory.ObjectiveBendDemandMachine.RuntimeValue.natural (number + 1)) → state.stack = Minidregg.Theory.ObjectiveBendDemandMachine.Frame.condition zero body environment :: rest → ∃ next, Minidregg.Theory.ObjectiveBendDemandAdequacy.SourceNamesAgree state meaning next ∧ Minidregg.Theory.ObjectiveBendDemandAdequacy.GraphRepresentsBy next (Minidregg.Theory.ObjectiveBendDemandMachine.stepRaw state) source ∧ Minidregg.Theory.ObjectiveBendDemandAdequacy.DemandSafety next (Minidregg.Theory.ObjectiveBendDemandMachine.stepRaw state)
theorem	Minidregg.Theory.ObjectiveBendDemandAdequacy.graph_condition_zero	0ce9f4bcef9cc4737e0dfcc50db7b5504999d49d248d1f1357f407de886a3563	45062737cf1202c0a28fc1768cc304ec52cb5886998f493263653f72c7060ca8	e172a4f101185ad50b0e938a64531522cdca8b78f11ab1370a6d43e6a6ba35ec	6cc95a5659e4b599	Classical.choice,Quot.sound,propext	∀ {state : Minidregg.Theory.ObjectiveBendDemandMachine.State} {source zero body : Minidregg.Theory.ObjectiveBendOpenRecursion.Term} {environment : Minidregg.Theory.ObjectiveBendDemandMachine.Environment} {rest : List Minidregg.Theory.ObjectiveBendDemandMachine.Frame}, Minidregg.Theory.ObjectiveBendDemandAdequacy.GraphRepresents state source → state.control = Minidregg.Theory.ObjectiveBendDemandMachine.Control.returned (Minidregg.Theory.ObjectiveBendDemandMachine.RuntimeValue.natural 0) → state.stack = Minidregg.Theory.ObjectiveBendDemandMachine.Frame.condition zero body environment :: rest → Minidregg.Theory.ObjectiveBendDemandAdequacy.GraphRepresents (Minidregg.Theory.ObjectiveBendDemandMachine.stepRaw state) source
theorem	Minidregg.Theory.ObjectiveBendDemandAdequacy.graph_condition_zero_execution	a4349e3c37e18f4f9fb56f9474941d3340276a7e50ebef91d7fb565d446e2604	32508485cdc5960f786792e0b1b35e57dbb794dcf88b36b1b10bbfc97b7bbf6c	0f62749dd1e43ae7704414ade294292befcc9452c64e9fd9a35dedf9e95a8589	0e9bd8f1e976a796	Classical.choice,Quot.sound,propext	∀ {meaning : Minidregg.Theory.ObjectiveBendDemandAdequacy.AddressMeaning} {state : Minidregg.Theory.ObjectiveBendDemandMachine.State} {source zero body : Minidregg.Theory.ObjectiveBendOpenRecursion.Term} {environment : Minidregg.Theory.ObjectiveBendDemandMachine.Environment} {rest : List Minidregg.Theory.ObjectiveBendDemandMachine.Frame}, Minidregg.Theory.ObjectiveBendDemandAdequacy.GraphRepresentsBy meaning state source → state.control = Minidregg.Theory.ObjectiveBendDemandMachine.Control.returned (Minidregg.Theory.ObjectiveBendDemandMachine.RuntimeValue.natural 0) → state.stack = Minidregg.Theory.ObjectiveBendDemandMachine.Frame.condition zero body environment :: rest → ∃ next, Minidregg.Theory.ObjectiveBendDemandAdequacy.SourceNamesAgree state meaning next ∧ Minidregg.Theory.ObjectiveBendDemandAdequacy.GraphRepresentsBy next (Minidregg.Theory.ObjectiveBendDemandMachine.stepRaw state) source ∧ Minidregg.Theory.ObjectiveBendDemandAdequacy.SourceDispatch meaning next state
theorem	Minidregg.Theory.ObjectiveBendDemandAdequacy.graph_condition_zero_names	a7ca6b8afd2d8f55f469c938881604af02501cc843a89e9444d167efd35b9520	5a43fdeb93f93768a3005cf57d66c44e5a244e3815606514fc757631b25462b6	70f52625da4272ca12ea55f18f1356f1327b1f49ef9fa0504c3b77286d8de312	c2c15764b5c7bc14	Classical.choice,Quot.sound,propext	∀ {meaning : Minidregg.Theory.ObjectiveBendDemandAdequacy.AddressMeaning} {state : Minidregg.Theory.ObjectiveBendDemandMachine.State} {source zero body : Minidregg.Theory.ObjectiveBendOpenRecursion.Term} {environment : Minidregg.Theory.ObjectiveBendDemandMachine.Environment} {rest : List Minidregg.Theory.ObjectiveBendDemandMachine.Frame}, Minidregg.Theory.ObjectiveBendDemandAdequacy.GraphRepresentsBy meaning state source → state.control = Minidregg.Theory.ObjectiveBendDemandMachine.Control.returned (Minidregg.Theory.ObjectiveBendDemandMachine.RuntimeValue.natural 0) → state.stack = Minidregg.Theory.ObjectiveBendDemandMachine.Frame.condition zero body environment :: rest → ∃ next, Minidregg.Theory.ObjectiveBendDemandAdequacy.SourceNamesAgree state meaning next ∧ Minidregg.Theory.ObjectiveBendDemandAdequacy.GraphRepresentsBy next (Minidregg.Theory.ObjectiveBendDemandMachine.stepRaw state) source
theorem	Minidregg.Theory.ObjectiveBendDemandAdequacy.graph_condition_zero_safety	aab4df15bd1e7273b6c5b39842d57159c4fe7f041c337b90f6d31e42851a45e9	7e3efb857c0b0fc0930cd9c62ddba0385147fe7c8a6dac351b6c5b782eeccbc2	d3674dbe2a75ec73f0984da27a09b2bc1c7ab685b3a832c975e8792d18e73a1f	a570cf9a1b4e3e1f	Classical.choice,Quot.sound,propext	∀ {meaning : Minidregg.Theory.ObjectiveBendDemandAdequacy.AddressMeaning} {state : Minidregg.Theory.ObjectiveBendDemandMachine.State} {source zero body : Minidregg.Theory.ObjectiveBendOpenRecursion.Term} {environment : Minidregg.Theory.ObjectiveBendDemandMachine.Environment} {rest : List Minidregg.Theory.ObjectiveBendDemandMachine.Frame}, Minidregg.Theory.ObjectiveBendDemandAdequacy.GraphRepresentsBy meaning state source → state.control = Minidregg.Theory.ObjectiveBendDemandMachine.Control.returned (Minidregg.Theory.ObjectiveBendDemandMachine.RuntimeValue.natural 0) → state.stack = Minidregg.Theory.ObjectiveBendDemandMachine.Frame.condition zero body environment :: rest → ∃ next, Minidregg.Theory.ObjectiveBendDemandAdequacy.SourceNamesAgree state meaning next ∧ Minidregg.Theory.ObjectiveBendDemandAdequacy.GraphRepresentsBy next (Minidregg.Theory.ObjectiveBendDemandMachine.stepRaw state) source ∧ Minidregg.Theory.ObjectiveBendDemandAdequacy.DemandSafety next (Minidregg.Theory.ObjectiveBendDemandMachine.stepRaw state)
theorem	Minidregg.Theory.ObjectiveBendDemandAdequacy.graph_enter_cached	2b3108ff37fd22bf76576c217173f3ff7fbec34163fe01401d6af4b248b1c532	30a16ef793b710076aeb723fc8e5664aa18fce97e3227d80b2b43aaf10b8cb94	3e7549c8cb340e63c32d0f09298e9f2226f3d66b45d85a1f2043d993b1db2da6	a74da64be0c8ddd3	Classical.choice,Quot.sound,propext	∀ {state : Minidregg.Theory.ObjectiveBendDemandMachine.State} {source : Minidregg.Theory.ObjectiveBendOpenRecursion.Term} {address : Nat} {origin : Minidregg.Theory.ObjectiveBendDemandMachine.Closure} {value : Minidregg.Theory.ObjectiveBendDemandMachine.RuntimeValue}, Minidregg.Theory.ObjectiveBendDemandAdequacy.GraphRepresents state source → state.control = Minidregg.Theory.ObjectiveBendDemandMachine.Control.enter address → state.heap[address]? = Option.some (Minidregg.Theory.ObjectiveBendDemandMachine.Cell.cached origin value) → Minidregg.Theory.ObjectiveBendDemandAdequacy.GraphRepresents (Minidregg.Theory.ObjectiveBendDemandMachine.stepRaw state) source
theorem	Minidregg.Theory.ObjectiveBendDemandAdequacy.graph_enter_cached_names	6975f58c79dd277f533d1d61933e5abf0d6d5f46db728d8365585a5d6595064f	0219588bd0bf70b3443d7935f6b07a6140ef3947210c6fbfb200cbd68da660d6	47db28312e2d527e1316a324e1f8ddd6c62e213a2a00a317f280fe9ab44d0216	579bf4b4eeebd87e	Classical.choice,Quot.sound,propext	∀ {meaning : Minidregg.Theory.ObjectiveBendDemandAdequacy.AddressMeaning} {state : Minidregg.Theory.ObjectiveBendDemandMachine.State} {source : Minidregg.Theory.ObjectiveBendOpenRecursion.Term} {address : Nat} {origin : Minidregg.Theory.ObjectiveBendDemandMachine.Closure} {value : Minidregg.Theory.ObjectiveBendDemandMachine.RuntimeValue}, Minidregg.Theory.ObjectiveBendDemandAdequacy.GraphRepresentsBy meaning state source → state.control = Minidregg.Theory.ObjectiveBendDemandMachine.Control.enter address → state.heap[address]? = Option.some (Minidregg.Theory.ObjectiveBendDemandMachine.Cell.cached origin value) → ∃ next, Minidregg.Theory.ObjectiveBendDemandAdequacy.SourceNamesAgree state meaning next ∧ Minidregg.Theory.ObjectiveBendDemandAdequacy.GraphRepresentsBy next (Minidregg.Theory.ObjectiveBendDemandMachine.stepRaw state) source
theorem	Minidregg.Theory.ObjectiveBendDemandAdequacy.graph_enter_suspended	1c441a16c63d530667d31db7125af35844cd2aa2b747529d777eab258b413296	90a66487a9d4f9b39e6d878d5e3b9f5fa3461fd292d4de6cef5f51e9c44ec0c9	e59291e06acd00c423ce12dfb1b5958166abafc56cd312c1cc5ff31b83042157	7c7df8065240d1dc	Classical.choice,Quot.sound,propext	∀ {state : Minidregg.Theory.ObjectiveBendDemandMachine.State} {source : Minidregg.Theory.ObjectiveBendOpenRecursion.Term} {address : Nat} {origin : Minidregg.Theory.ObjectiveBendDemandMachine.Closure}, Minidregg.Theory.ObjectiveBendDemandAdequacy.GraphRepresents state source → state.control = Minidregg.Theory.ObjectiveBendDemandMachine.Control.enter address → state.heap[address]? = Option.some (Minidregg.Theory.ObjectiveBendDemandMachine.Cell.suspended origin) → Minidregg.Theory.ObjectiveBendDemandAdequacy.GraphRepresents (Minidregg.Theory.ObjectiveBendDemandMachine.stepRaw state) source
theorem	Minidregg.Theory.ObjectiveBendDemandAdequacy.graph_enter_suspended_names	46cf10fe090225855df3dc048492fdfe50f608a958e2b85ded8831b4c0b8703d	e08601af58e493f057413bf1010a6ca2066d9dbe7d53c7194949bb9f30437812	e8143ba7218d2f5080ca949c8327be5171254fb090cd6ba87c0f038fe52cf2c5	f24e44efba7e6e69	Classical.choice,Quot.sound,propext	∀ {meaning : Minidregg.Theory.ObjectiveBendDemandAdequacy.AddressMeaning} {state : Minidregg.Theory.ObjectiveBendDemandMachine.State} {source : Minidregg.Theory.ObjectiveBendOpenRecursion.Term} {address : Nat} {origin : Minidregg.Theory.ObjectiveBendDemandMachine.Closure}, Minidregg.Theory.ObjectiveBendDemandAdequacy.GraphRepresentsBy meaning state source → state.control = Minidregg.Theory.ObjectiveBendDemandMachine.Control.enter address → state.heap[address]? = Option.some (Minidregg.Theory.ObjectiveBendDemandMachine.Cell.suspended origin) → ∃ next, Minidregg.Theory.ObjectiveBendDemandAdequacy.SourceNamesAgree state meaning next ∧ Minidregg.Theory.ObjectiveBendDemandAdequacy.GraphRepresentsBy next (Minidregg.Theory.ObjectiveBendDemandMachine.stepRaw state) source
theorem	Minidregg.Theory.ObjectiveBendDemandAdequacy.graph_enteredFocus_source	18d97b6c838515d733d751a4a27b5a3d947a636967e7a06b40a357c66035797e	a3f467d09d10349f92028be26655c2df80e4e5eb3ae579424f89bbd41e14e015	2858cefa7f2a9fa9af775824ae6cd64eea50bd44721d8cc2c01e251aff44e278	a6ef225a4c8efe51	Quot.sound,propext	∀ {state : Minidregg.Theory.ObjectiveBendDemandMachine.State} {source : Minidregg.Theory.ObjectiveBendOpenRecursion.Term}, Minidregg.Theory.ObjectiveBendDemandAdequacy.GraphRepresents state source → ∃ meaning, Minidregg.Theory.ObjectiveBendDemandAdequacy.MeaningsScoped state.heap.size meaning ∧ Minidregg.Theory.ObjectiveBendDemandAdequacy.HeapRealizes meaning state.heap ∧ ∀ (focus : Minidregg.Theory.ObjectiveBendOpenRecursion.Term), Minidregg.Theory.ObjectiveBendDemandAdequacy.enteredFocus meaning state.heap state.control = Option.some focus → Minidregg.Theory.ObjectiveBendOpenRecursion.Steps source (Minidregg.Theory.ObjectiveBendDemandAdequacy.stackMeaning meaning state.stack focus)
theorem	Minidregg.Theory.ObjectiveBendDemandAdequacy.graph_evaluate_application	0d3817b6746e6a66a93890420dcbe50a8d473259f55b69960c7ee514043cd805	d8b2d620ad395b1ac7f4317624775c40835dd026e99cbdfc5c5684f35b00bbb5	15279787bc0178a6010c85e442c9aef6b1a2aa059057d20cc5cc3f3f367aac9e	2e50ad217adbbe3c	Classical.choice,Quot.sound,propext	∀ {state : Minidregg.Theory.ObjectiveBendDemandMachine.State} {source function argument : Minidregg.Theory.ObjectiveBendOpenRecursion.Term} {environment : Minidregg.Theory.ObjectiveBendDemandMachine.Environment}, Minidregg.Theory.ObjectiveBendDemandAdequacy.GraphRepresents state source → state.control = Minidregg.Theory.ObjectiveBendDemandMachine.Control.evaluate (function.app argument) environment → Minidregg.Theory.ObjectiveBendDemandAdequacy.GraphRepresents (Minidregg.Theory.ObjectiveBendDemandMachine.stepRaw state) source
theorem	Minidregg.Theory.ObjectiveBendDemandAdequacy.graph_evaluate_application_names	30c089c0b7c2a3ee7049c5155a96460699ef87cbf5bc6ab37b83768d3c1f239d	832503e2f28d7baec631f0d63b3e9cc35dbdf5c6cf68d71228ae832e01eaf372	9d0db34e3e0c9f7f2228fe3efa176ff3f0cd240af9b1a000ef1c243370768fbf	cf791243537708ac	Classical.choice,Quot.sound,propext	∀ {meaning : Minidregg.Theory.ObjectiveBendDemandAdequacy.AddressMeaning} {state : Minidregg.Theory.ObjectiveBendDemandMachine.State} {source function argument : Minidregg.Theory.ObjectiveBendOpenRecursion.Term} {environment : Minidregg.Theory.ObjectiveBendDemandMachine.Environment}, Minidregg.Theory.ObjectiveBendDemandAdequacy.GraphRepresentsBy meaning state source → state.control = Minidregg.Theory.ObjectiveBendDemandMachine.Control.evaluate (function.app argument) environment → ∃ next, Minidregg.Theory.ObjectiveBendDemandAdequacy.SourceNamesAgree state meaning next ∧ Minidregg.Theory.ObjectiveBendDemandAdequacy.GraphRepresentsBy next (Minidregg.Theory.ObjectiveBendDemandMachine.stepRaw state) source
theorem	Minidregg.Theory.ObjectiveBendDemandAdequacy.graph_evaluate_bound	6c2349f29655e163b6b6c16175bc30ab38a4f1e2c8cd2f75cce719435b0f7f10	226f59b0d84f88b4e5b357f3033fe0dea22282fc68cef30e9c8b05abb479d007	8caa88363172f38053167bac0b43ff73c06fc6ddad3246fdfc968298f5c89da5	a37d8aaead39a79d	Classical.choice,Quot.sound,propext	∀ {state : Minidregg.Theory.ObjectiveBendDemandMachine.State} {source : Minidregg.Theory.ObjectiveBendOpenRecursion.Term} {environment : Minidregg.Theory.ObjectiveBendDemandMachine.Environment} {index address : Nat}, Minidregg.Theory.ObjectiveBendDemandAdequacy.GraphRepresents state source → state.control = Minidregg.Theory.ObjectiveBendDemandMachine.Control.evaluate (Minidregg.Theory.ObjectiveBendOpenRecursion.Term.bound index) environment → environment[index]? = Option.some address → Minidregg.Theory.ObjectiveBendDemandAdequacy.GraphRepresents (Minidregg.Theory.ObjectiveBendDemandMachine.stepRaw state) source
theorem	Minidregg.Theory.ObjectiveBendDemandAdequacy.graph_evaluate_bound_names	7d249835c3bb4890246b7196f9e1b75a2872a05efa13dbf64814fc31c0ffb139	450bf824a5e6cacb262a1895cf5ec30bf4b4f0907f2daa13e585db67cc45a224	f3d5e1541d2f34e4d18a869446b4cc86bae445c64b644de9a8a8199dd4a411ee	7419d403e296b7aa	Classical.choice,Quot.sound,propext	∀ {meaning : Minidregg.Theory.ObjectiveBendDemandAdequacy.AddressMeaning} {state : Minidregg.Theory.ObjectiveBendDemandMachine.State} {source : Minidregg.Theory.ObjectiveBendOpenRecursion.Term} {environment : Minidregg.Theory.ObjectiveBendDemandMachine.Environment} {index address : Nat}, Minidregg.Theory.ObjectiveBendDemandAdequacy.GraphRepresentsBy meaning state source → state.control = Minidregg.Theory.ObjectiveBendDemandMachine.Control.evaluate (Minidregg.Theory.ObjectiveBendOpenRecursion.Term.bound index) environment → environment[index]? = Option.some address → ∃ next, Minidregg.Theory.ObjectiveBendDemandAdequacy.SourceNamesAgree state meaning next ∧ Minidregg.Theory.ObjectiveBendDemandAdequacy.GraphRepresentsBy next (Minidregg.Theory.ObjectiveBendDemandMachine.stepRaw state) source
theorem	Minidregg.Theory.ObjectiveBendDemandAdequacy.graph_evaluate_context	5460f8403094798449881428dafe2a51fb8e4304a384c531f09ede5a26cc3e08	d0e829c6f19529387d4c0a362a2a9fb9a15702ab77240cb1272032c39d5f9a3e	ee327c01b650660abfc91144ce6f9bcffd7fb6f4118cff976a68ae7854d34149	20ad1cfdff93c999	Classical.choice,Quot.sound,propext	∀ {state : Minidregg.Theory.ObjectiveBendDemandMachine.State} {source hole : Minidregg.Theory.ObjectiveBendOpenRecursion.Term} {context : Minidregg.Theory.ObjectiveBendDemandAdequacy.DemandContext} {environment : Minidregg.Theory.ObjectiveBendDemandMachine.Environment}, Minidregg.Theory.ObjectiveBendDemandAdequacy.GraphRepresents state source → state.control = Minidregg.Theory.ObjectiveBendDemandMachine.Control.evaluate (context.term hole) environment → Minidregg.Theory.ObjectiveBendDemandAdequacy.GraphRepresents (Minidregg.Theory.ObjectiveBendDemandMachine.stepRaw state) source
theorem	Minidregg.Theory.ObjectiveBendDemandAdequacy.graph_evaluate_context_names	a5e53cf3740527d1054c0106568a0b679e803ed9e6929d5c997eb00b4ec0ef88	5ba62e3c963afeb43085c41a059497644c1c192799bf837f4059bfa8dc75db43	6111001406c1d75f90a04c52523d840c39272160cbf3a76cd8c9b26cd71a7256	8468f4816d04c8bb	Classical.choice,Quot.sound,propext	∀ {meaning : Minidregg.Theory.ObjectiveBendDemandAdequacy.AddressMeaning} {state : Minidregg.Theory.ObjectiveBendDemandMachine.State} {source hole : Minidregg.Theory.ObjectiveBendOpenRecursion.Term} {context : Minidregg.Theory.ObjectiveBendDemandAdequacy.DemandContext} {environment : Minidregg.Theory.ObjectiveBendDemandMachine.Environment}, Minidregg.Theory.ObjectiveBendDemandAdequacy.GraphRepresentsBy meaning state source → state.control = Minidregg.Theory.ObjectiveBendDemandMachine.Control.evaluate (context.term hole) environment → ∃ next, Minidregg.Theory.ObjectiveBendDemandAdequacy.SourceNamesAgree state meaning next ∧ Minidregg.Theory.ObjectiveBendDemandAdequacy.GraphRepresentsBy next (Minidregg.Theory.ObjectiveBendDemandMachine.stepRaw state) source
theorem	Minidregg.Theory.ObjectiveBendDemandAdequacy.graph_evaluate_context_safety	b53c1df9b0de396aee6fcd0be45776daf95b44f57d055ee9a6550a9dd151b0d3	4dfe7352cb25899de0306383e7ea991bf5bf6a14bf5b97d375ca96cdfb149d2b	b87cf67ac4b64826043b41bbf2a8f21ed9895863ed91c9dc5d7ae5dcd5eadb4e	0a89adf016585266	Classical.choice,Quot.sound,propext	∀ {meaning : Minidregg.Theory.ObjectiveBendDemandAdequacy.AddressMeaning} {state : Minidregg.Theory.ObjectiveBendDemandMachine.State} {source hole : Minidregg.Theory.ObjectiveBendOpenRecursion.Term} {context : Minidregg.Theory.ObjectiveBendDemandAdequacy.DemandContext} {environment : Minidregg.Theory.ObjectiveBendDemandMachine.Environment}, Minidregg.Theory.ObjectiveBendDemandAdequacy.GraphRepresentsBy meaning state source → state.control = Minidregg.Theory.ObjectiveBendDemandMachine.Control.evaluate (context.term hole) environment → ∃ next, Minidregg.Theory.ObjectiveBendDemandAdequacy.SourceNamesAgree state meaning next ∧ Minidregg.Theory.ObjectiveBendDemandAdequacy.GraphRepresentsBy next (Minidregg.Theory.ObjectiveBendDemandMachine.stepRaw state) source ∧ Minidregg.Theory.ObjectiveBendDemandAdequacy.DemandSafety next (Minidregg.Theory.ObjectiveBendDemandMachine.stepRaw state)
theorem	Minidregg.Theory.ObjectiveBendDemandAdequacy.graph_evaluate_done_execution	03eba7ceb122e7b8ed6ed8cbabefa12eadfa5ae9d7e7180e6ca913bc92266c25	b377cad6b803895163a2f226b15aeadaea58aa4dc747b98b2bc0346cbebe7b3f	a348a2af4735cb30d19fc3cd6012fc2546cc1beddb59ccd42e886d5bb1ecf312	1f0264214765e21a	Classical.choice,Quot.sound,propext	∀ {meaning : Minidregg.Theory.ObjectiveBendDemandAdequacy.AddressMeaning} {state : Minidregg.Theory.ObjectiveBendDemandMachine.State} {source value : Minidregg.Theory.ObjectiveBendOpenRecursion.Term} {environment : Minidregg.Theory.ObjectiveBendDemandMachine.Environment}, Minidregg.Theory.ObjectiveBendDemandAdequacy.GraphRepresentsBy meaning state source → state.control = Minidregg.Theory.ObjectiveBendDemandMachine.Control.evaluate value.done environment → ∃ next, Minidregg.Theory.ObjectiveBendDemandAdequacy.SourceNamesAgree state meaning next ∧ Minidregg.Theory.ObjectiveBendDemandAdequacy.GraphRepresentsBy next (Minidregg.Theory.ObjectiveBendDemandMachine.stepRaw state) source ∧ Minidregg.Theory.ObjectiveBendDemandAdequacy.SourceDispatch meaning next state
theorem	Minidregg.Theory.ObjectiveBendDemandAdequacy.graph_evaluate_done_names	7814bd13ef6e338e77bf3b1860f2c0661d53e54ebf23cee1690b59b67091769a	6d62be3d8da0d57e648205193f21cfa9bba985906f2e7e5af0d524bd232330dc	0d3cba3783ede6cb0180be799c3867082169964d29a621544a79f72e85dfe958	0ec97d558e4bea13	Classical.choice,Quot.sound,propext	∀ {meaning : Minidregg.Theory.ObjectiveBendDemandAdequacy.AddressMeaning} {state : Minidregg.Theory.ObjectiveBendDemandMachine.State} {source value : Minidregg.Theory.ObjectiveBendOpenRecursion.Term} {environment : Minidregg.Theory.ObjectiveBendDemandMachine.Environment}, Minidregg.Theory.ObjectiveBendDemandAdequacy.GraphRepresentsBy meaning state source → state.control = Minidregg.Theory.ObjectiveBendDemandMachine.Control.evaluate value.done environment → ∃ next, Minidregg.Theory.ObjectiveBendDemandAdequacy.SourceNamesAgree state meaning next ∧ Minidregg.Theory.ObjectiveBendDemandAdequacy.GraphRepresentsBy next (Minidregg.Theory.ObjectiveBendDemandMachine.stepRaw state) source
theorem	Minidregg.Theory.ObjectiveBendDemandAdequacy.graph_evaluate_done_safety	8f05f0a0d86bd1f3a3ecf9c052e062f7ad3d8b06b0c988a3e7ad2a44877b44d0	0a1cda78f51466a984d4f00d68323bab284f1ed0112c59a70c8c8e3574b97923	ae2eb90ca83b8f7d1a57b2ba8fb1c33fa78df59637fc5a539e4da80f0440c4e9	f4a9eda209892b93	Classical.choice,Quot.sound,propext	∀ {meaning : Minidregg.Theory.ObjectiveBendDemandAdequacy.AddressMeaning} {state : Minidregg.Theory.ObjectiveBendDemandMachine.State} {source value : Minidregg.Theory.ObjectiveBendOpenRecursion.Term} {environment : Minidregg.Theory.ObjectiveBendDemandMachine.Environment}, Minidregg.Theory.ObjectiveBendDemandAdequacy.GraphRepresentsBy meaning state source → state.control = Minidregg.Theory.ObjectiveBendDemandMachine.Control.evaluate value.done environment → ∃ next, Minidregg.Theory.ObjectiveBendDemandAdequacy.SourceNamesAgree state meaning next ∧ Minidregg.Theory.ObjectiveBendDemandAdequacy.GraphRepresentsBy next (Minidregg.Theory.ObjectiveBendDemandMachine.stepRaw state) source ∧ Minidregg.Theory.ObjectiveBendDemandAdequacy.DemandSafety next (Minidregg.Theory.ObjectiveBendDemandMachine.stepRaw state)
theorem	Minidregg.Theory.ObjectiveBendDemandAdequacy.graph_evaluate_fix	2b6138744ee2231d03bf8dbf3cdea5f94b36f18f4431100b04454bb128a6e425	8f3fd65e91ee2e7862ae21fba7091ccbf8844c0ce80229c3ed17a7f70aecabdf	c9519bd023c47f1be310d295abbc8e7d91955cc2b1e5b0b60245794d6af2e3ca	609f78fded90cda0	Classical.choice,Quot.sound,propext	∀ {state : Minidregg.Theory.ObjectiveBendDemandMachine.State} {source spec inherited : Minidregg.Theory.ObjectiveBendOpenRecursion.Term} {environment : Minidregg.Theory.ObjectiveBendDemandMachine.Environment}, Minidregg.Theory.ObjectiveBendDemandAdequacy.GraphRepresents state source → state.control = Minidregg.Theory.ObjectiveBendDemandMachine.Control.evaluate (spec.fix inherited) environment → Minidregg.Theory.ObjectiveBendDemandAdequacy.GraphRepresents (Minidregg.Theory.ObjectiveBendDemandMachine.stepRaw state) source
theorem	Minidregg.Theory.ObjectiveBendDemandAdequacy.graph_evaluate_fix_names	9dfdbac4dd21f8094d0647f614b0ecf089a967c8a865fa032a5054d1b858426f	d328aff36d11279ed5554ad47330f7476c0fcb163d5894a78617cb4add56f0b3	7d058b369cc25dd0881b94cd0bfdad1125616572bad4a600bfaeadf7496b4d3f	8d49be9a7d0109c8	Classical.choice,Quot.sound,propext	∀ {meaning : Minidregg.Theory.ObjectiveBendDemandAdequacy.AddressMeaning} {state : Minidregg.Theory.ObjectiveBendDemandMachine.State} {source spec inherited : Minidregg.Theory.ObjectiveBendOpenRecursion.Term} {environment : Minidregg.Theory.ObjectiveBendDemandMachine.Environment}, Minidregg.Theory.ObjectiveBendDemandAdequacy.GraphRepresentsBy meaning state source → state.control = Minidregg.Theory.ObjectiveBendDemandMachine.Control.evaluate (spec.fix inherited) environment → ∃ next, Minidregg.Theory.ObjectiveBendDemandAdequacy.SourceNamesAgree state meaning next ∧ Minidregg.Theory.ObjectiveBendDemandAdequacy.GraphRepresentsBy next (Minidregg.Theory.ObjectiveBendDemandMachine.stepRaw state) source
theorem	Minidregg.Theory.ObjectiveBendDemandAdequacy.graph_evaluate_fix_safety	c7abe698c70099e3647df9fd2da8b69e799802523e50df58a443d0f6af237c0f	f7983273ae23c42640bdb9f3b12cd1b8f78a21edff6b22fd37fd13aa5779adf3	ce021c0a40d017d20fa0d484909d374ac90aa9f60d693eec0fcc55ada79fa996	554d2bf388a45324	Classical.choice,Quot.sound,propext	∀ {meaning : Minidregg.Theory.ObjectiveBendDemandAdequacy.AddressMeaning} {state : Minidregg.Theory.ObjectiveBendDemandMachine.State} {source spec inherited : Minidregg.Theory.ObjectiveBendOpenRecursion.Term} {environment : Minidregg.Theory.ObjectiveBendDemandMachine.Environment}, Minidregg.Theory.ObjectiveBendDemandAdequacy.GraphRepresentsBy meaning state source → state.control = Minidregg.Theory.ObjectiveBendDemandMachine.Control.evaluate (spec.fix inherited) environment → ∃ next, Minidregg.Theory.ObjectiveBendDemandAdequacy.SourceNamesAgree state meaning next ∧ Minidregg.Theory.ObjectiveBendDemandAdequacy.GraphRepresentsBy next (Minidregg.Theory.ObjectiveBendDemandMachine.stepRaw state) source ∧ Minidregg.Theory.ObjectiveBendDemandAdequacy.DemandSafety next (Minidregg.Theory.ObjectiveBendDemandMachine.stepRaw state)
theorem	Minidregg.Theory.ObjectiveBendDemandAdequacy.graph_evaluate_immediate	6066d7a28d7703f0c753ce90766cde48151eff397fec26eeef0626d02c720e7e	fb15efd83bd27305af925682c810d4e1dcf3425271465b2641685a4314745db1	86f16f4f23eb4bf18d5b6ec72f28a4ac46ec558ac1c7fe952ee640c62797c502	7352c708b9e3b824	Classical.choice,Quot.sound,propext	∀ {state : Minidregg.Theory.ObjectiveBendDemandMachine.State} {source : Minidregg.Theory.ObjectiveBendOpenRecursion.Term} {immediate : Minidregg.Theory.ObjectiveBendDemandAdequacy.ImmediateValue} {environment : Minidregg.Theory.ObjectiveBendDemandMachine.Environment}, Minidregg.Theory.ObjectiveBendDemandAdequacy.GraphRepresents state source → state.control = Minidregg.Theory.ObjectiveBendDemandMachine.Control.evaluate immediate.term environment → Minidregg.Theory.ObjectiveBendDemandAdequacy.GraphRepresents (Minidregg.Theory.ObjectiveBendDemandMachine.stepRaw state) source
theorem	Minidregg.Theory.ObjectiveBendDemandAdequacy.graph_evaluate_immediate_names	65dc5f98199910546bcf8e60a0235d99dc9dffa955900b77516e43d0cba605d3	0486fd0b9cf228d59ae3fdf2aff1625d248d5774cfb0816925776da06ccafcb0	7dc95265c707b4628f5657ac20ff148cca420e6ca1ca6c39a043a9fadd5e2e89	c5d5706aa0a07814	Classical.choice,Quot.sound,propext	∀ {meaning : Minidregg.Theory.ObjectiveBendDemandAdequacy.AddressMeaning} {state : Minidregg.Theory.ObjectiveBendDemandMachine.State} {source : Minidregg.Theory.ObjectiveBendOpenRecursion.Term} {immediate : Minidregg.Theory.ObjectiveBendDemandAdequacy.ImmediateValue} {environment : Minidregg.Theory.ObjectiveBendDemandMachine.Environment}, Minidregg.Theory.ObjectiveBendDemandAdequacy.GraphRepresentsBy meaning state source → state.control = Minidregg.Theory.ObjectiveBendDemandMachine.Control.evaluate immediate.term environment → ∃ next, Minidregg.Theory.ObjectiveBendDemandAdequacy.SourceNamesAgree state meaning next ∧ Minidregg.Theory.ObjectiveBendDemandAdequacy.GraphRepresentsBy next (Minidregg.Theory.ObjectiveBendDemandMachine.stepRaw state) source
theorem	Minidregg.Theory.ObjectiveBendDemandAdequacy.graph_evaluate_inject_names	12f3d9f90d8379323d79a38e7c755be7ad1b8998b450c5433708c00e26fb0de4	89a9dfe5542219725dc157869db3814b65b77366856c6f0b365c6bd93bbbe5e0	e6b22f3ac69514e04776b5fbb5a22a7cd2e5e64e0d89ec736c3a821bef8a7290	d332ca4786de3371	Classical.choice,Quot.sound,propext	∀ {meaning : Minidregg.Theory.ObjectiveBendDemandAdequacy.AddressMeaning} {state : Minidregg.Theory.ObjectiveBendDemandMachine.State} {source payload : Minidregg.Theory.ObjectiveBendOpenRecursion.Term} {tag : String} {environment : Minidregg.Theory.ObjectiveBendDemandMachine.Environment}, Minidregg.Theory.ObjectiveBendDemandAdequacy.GraphRepresentsBy meaning state source → state.control = Minidregg.Theory.ObjectiveBendDemandMachine.Control.evaluate (Minidregg.Theory.ObjectiveBendOpenRecursion.Term.inject tag payload) environment → ∃ next, Minidregg.Theory.ObjectiveBendDemandAdequacy.SourceNamesAgree state meaning next ∧ Minidregg.Theory.ObjectiveBendDemandAdequacy.GraphRepresentsBy next (Minidregg.Theory.ObjectiveBendDemandMachine.stepRaw state) source
theorem	Minidregg.Theory.ObjectiveBendDemandAdequacy.graph_evaluate_mix	d20f7da304c1bf05b392041844cd52f7e918519bf6f9656ca1bccd5b7b5c35b3	62e5e0892424cf59d089b54b954e8fbbbb1d341501bb1fff8238946cef2dc081	d2e04b5c004a44a55da005937bf853fd2d1ccda3029343c5623aabd5c60adda0	19c86ce2dabc6cf5	Classical.choice,Quot.sound,propext	∀ {state : Minidregg.Theory.ObjectiveBendDemandMachine.State} {source lower upper : Minidregg.Theory.ObjectiveBendOpenRecursion.Term} {environment : Minidregg.Theory.ObjectiveBendDemandMachine.Environment}, Minidregg.Theory.ObjectiveBendDemandAdequacy.GraphRepresents state source → state.control = Minidregg.Theory.ObjectiveBendDemandMachine.Control.evaluate (lower.mix upper) environment → Minidregg.Theory.ObjectiveBendDemandAdequacy.GraphRepresents (Minidregg.Theory.ObjectiveBendDemandMachine.stepRaw state) source
theorem	Minidregg.Theory.ObjectiveBendDemandAdequacy.graph_evaluate_mix_execution	1312681e62f8606ac1c467b87a6016f49d6bbf367f8a60061ccd713c85835eab	fadf71ca2d348d36e5841f8251401045b4b741a1982c5df99b5360730da5cc9e	e3290b38bfa211598e06d9210ee9fdab81796d4d55f5f8ad6fbf8ebceb11706a	25a8655d44ee7e0a	Classical.choice,Quot.sound,propext	∀ {meaning : Minidregg.Theory.ObjectiveBendDemandAdequacy.AddressMeaning} {state : Minidregg.Theory.ObjectiveBendDemandMachine.State} {source lower upper : Minidregg.Theory.ObjectiveBendOpenRecursion.Term} {environment : Minidregg.Theory.ObjectiveBendDemandMachine.Environment}, Minidregg.Theory.ObjectiveBendDemandAdequacy.GraphRepresentsBy meaning state source → state.control = Minidregg.Theory.ObjectiveBendDemandMachine.Control.evaluate (lower.mix upper) environment → ∃ next, Minidregg.Theory.ObjectiveBendDemandAdequacy.SourceNamesAgree state meaning next ∧ Minidregg.Theory.ObjectiveBendDemandAdequacy.GraphRepresentsBy next (Minidregg.Theory.ObjectiveBendDemandMachine.stepRaw state) source ∧ Minidregg.Theory.ObjectiveBendDemandAdequacy.SourceDispatch meaning next state
theorem	Minidregg.Theory.ObjectiveBendDemandAdequacy.graph_evaluate_mix_names	7db3f4d3ed743e09927cb64dc81b1e7ae21bae8568d09deeab738a6a16761f2d	6e3e30d3e12304352e148f084ec1b46a00daa117b06d98ba910b5f594d95a070	7269964430cef05b374109f9f6c3325ec0473b8455d31603360afce71195bb04	813f0e8157c064ae	Classical.choice,Quot.sound,propext	∀ {meaning : Minidregg.Theory.ObjectiveBendDemandAdequacy.AddressMeaning} {state : Minidregg.Theory.ObjectiveBendDemandMachine.State} {source lower upper : Minidregg.Theory.ObjectiveBendOpenRecursion.Term} {environment : Minidregg.Theory.ObjectiveBendDemandMachine.Environment}, Minidregg.Theory.ObjectiveBendDemandAdequacy.GraphRepresentsBy meaning state source → state.control = Minidregg.Theory.ObjectiveBendDemandMachine.Control.evaluate (lower.mix upper) environment → ∃ next, Minidregg.Theory.ObjectiveBendDemandAdequacy.SourceNamesAgree state meaning next ∧ Minidregg.Theory.ObjectiveBendDemandAdequacy.GraphRepresentsBy next (Minidregg.Theory.ObjectiveBendDemandMachine.stepRaw state) source
theorem	Minidregg.Theory.ObjectiveBendDemandAdequacy.graph_evaluate_mix_safety	2f6462f688bf0a93e34e7d3015fa1de086546d0df5a6cb0e445a2e2990395482	48468ab553d22b2e2c8de1f3e865d2c31127e526a4321b173f6c0a6b7d41d53c	03cc20c6e1c067350d7219055eb10b9ef08cb3cfa10c0f707b0e93cd3c3ebba8	db72e1b788837ae3	Classical.choice,Quot.sound,propext	∀ {meaning : Minidregg.Theory.ObjectiveBendDemandAdequacy.AddressMeaning} {state : Minidregg.Theory.ObjectiveBendDemandMachine.State} {source lower upper : Minidregg.Theory.ObjectiveBendOpenRecursion.Term} {environment : Minidregg.Theory.ObjectiveBendDemandMachine.Environment}, Minidregg.Theory.ObjectiveBendDemandAdequacy.GraphRepresentsBy meaning state source → state.control = Minidregg.Theory.ObjectiveBendDemandMachine.Control.evaluate (lower.mix upper) environment → ∃ next, Minidregg.Theory.ObjectiveBendDemandAdequacy.SourceNamesAgree state meaning next ∧ Minidregg.Theory.ObjectiveBendDemandAdequacy.GraphRepresentsBy next (Minidregg.Theory.ObjectiveBendDemandMachine.stepRaw state) source ∧ Minidregg.Theory.ObjectiveBendDemandAdequacy.DemandSafety next (Minidregg.Theory.ObjectiveBendDemandMachine.stepRaw state)
theorem	Minidregg.Theory.ObjectiveBendDemandAdequacy.graph_evaluate_pair	cbc984de36395a5b4e91fe504f1512cc2779ce47c4a19983fcf251c3e13908a2	45a4a8b246370a1fa38959e4cab31195f09ccd194835170ee19b6056719fbc0c	4a62e2c00e2500f8be1a8a4e6fa9670f34afee59e1e5ecc9cb0e376e8b8cdc54	1f7c2efa266a8608	Classical.choice,Quot.sound,propext	∀ {state : Minidregg.Theory.ObjectiveBendDemandMachine.State} {source first second : Minidregg.Theory.ObjectiveBendOpenRecursion.Term} {environment : Minidregg.Theory.ObjectiveBendDemandMachine.Environment} {kind : Minidregg.Theory.ObjectiveBendDemandAdequacy.PairObject}, Minidregg.Theory.ObjectiveBendDemandAdequacy.GraphRepresents state source → state.control = Minidregg.Theory.ObjectiveBendDemandMachine.Control.evaluate (kind.term first second) environment → Minidregg.Theory.ObjectiveBendDemandAdequacy.GraphRepresents (Minidregg.Theory.ObjectiveBendDemandMachine.stepRaw state) source
theorem	Minidregg.Theory.ObjectiveBendDemandAdequacy.graph_evaluate_pair_names	995542aabc5ab91e9da62b291df3977b4740707acbb9255ce27b55bf9fd8651d	b7be61d8c909738d9e5acfe80b6972ab2feecac77a1f12d9e62e6f12eede3a34	3f51a1c5f8a15acfc51395eb5b88c4d93cf0d3e5bad95beb0a78412ab96a80bb	9bdd8fb8eb9c1640	Classical.choice,Quot.sound,propext	∀ {meaning : Minidregg.Theory.ObjectiveBendDemandAdequacy.AddressMeaning} {state : Minidregg.Theory.ObjectiveBendDemandMachine.State} {source first second : Minidregg.Theory.ObjectiveBendOpenRecursion.Term} {environment : Minidregg.Theory.ObjectiveBendDemandMachine.Environment} {kind : Minidregg.Theory.ObjectiveBendDemandAdequacy.PairObject}, Minidregg.Theory.ObjectiveBendDemandAdequacy.GraphRepresentsBy meaning state source → state.control = Minidregg.Theory.ObjectiveBendDemandMachine.Control.evaluate (kind.term first second) environment → ∃ next, Minidregg.Theory.ObjectiveBendDemandAdequacy.SourceNamesAgree state meaning next ∧ Minidregg.Theory.ObjectiveBendDemandAdequacy.GraphRepresentsBy next (Minidregg.Theory.ObjectiveBendDemandMachine.stepRaw state) source
theorem	Minidregg.Theory.ObjectiveBendDemandAdequacy.graph_evaluate_perform_names	11d9cc868b1f97b8e42102b8703e7a502488baa1d39b954f5f9e080966c47d8f	54d512bc8f5933d5adc7713020afb357be2e05f3b4c244c1339835ad02e68bd9	726783c2b91bf888aa2b8eff043b6a1a44af18df488fa027625408c48b720c02	75ea098dc0893964	Classical.choice,Quot.sound,propext	∀ {meaning : Minidregg.Theory.ObjectiveBendDemandAdequacy.AddressMeaning} {state : Minidregg.Theory.ObjectiveBendDemandMachine.State} {source plan : Minidregg.Theory.ObjectiveBendOpenRecursion.Term} {environment : Minidregg.Theory.ObjectiveBendDemandMachine.Environment}, Minidregg.Theory.ObjectiveBendDemandAdequacy.GraphRepresentsBy meaning state source → state.control = Minidregg.Theory.ObjectiveBendDemandMachine.Control.evaluate plan.perform environment → Minidregg.Theory.ObjectiveBendDemandMachine.forcingShared state.stack = Bool.false → ∃ next, Minidregg.Theory.ObjectiveBendDemandAdequacy.SourceNamesAgree state meaning next ∧ Minidregg.Theory.ObjectiveBendDemandAdequacy.GraphRepresentsBy next (Minidregg.Theory.ObjectiveBendDemandMachine.stepRaw state) source
theorem	Minidregg.Theory.ObjectiveBendDemandAdequacy.graph_evaluate_record	543b9356256081399cf23b347882ba5c08b66a6fafc2e306ce2dd2d1995f3092	fc78584fb323084d71e48289934f67731bcba357e52030fe2628c954a3c88afb	cfb25fb5116cc5f8faa83fa500e5c1a67d3bb62625b018460a67d53df330158c	71b8b4f1dfc12417	Classical.choice,Quot.sound,propext	∀ {state : Minidregg.Theory.ObjectiveBendDemandMachine.State} {source : Minidregg.Theory.ObjectiveBendOpenRecursion.Term} {fields : List (String × Minidregg.Theory.ObjectiveBendOpenRecursion.Term)} {environment : Minidregg.Theory.ObjectiveBendDemandMachine.Environment}, Minidregg.Theory.ObjectiveBendDemandAdequacy.GraphRepresents state source → state.control = Minidregg.Theory.ObjectiveBendDemandMachine.Control.evaluate (Minidregg.Theory.ObjectiveBendOpenRecursion.Term.record fields) environment → Minidregg.Theory.ObjectiveBendDemandAdequacy.GraphRepresents (Minidregg.Theory.ObjectiveBendDemandMachine.stepRaw state) source
theorem	Minidregg.Theory.ObjectiveBendDemandAdequacy.graph_evaluate_record_names	f3ba7826a6b1328c0fde36d37f2cf75a30473bc7910ddc2afa08e9096df5f64f	7a2fb0fd6708627c1ad115e2c74a556384fd1c98d3308b7305db63415015de0e	bbff5a1bba74dc0a84bd3c680f34c16f37b2d3f4d9fdb8065a2b869154cc47fd	5500e3a761194737	Classical.choice,Quot.sound,propext	∀ {meaning : Minidregg.Theory.ObjectiveBendDemandAdequacy.AddressMeaning} {state : Minidregg.Theory.ObjectiveBendDemandMachine.State} {source : Minidregg.Theory.ObjectiveBendOpenRecursion.Term} {fields : List (String × Minidregg.Theory.ObjectiveBendOpenRecursion.Term)} {environment : Minidregg.Theory.ObjectiveBendDemandMachine.Environment}, Minidregg.Theory.ObjectiveBendDemandAdequacy.GraphRepresentsBy meaning state source → state.control = Minidregg.Theory.ObjectiveBendDemandMachine.Control.evaluate (Minidregg.Theory.ObjectiveBendOpenRecursion.Term.record fields) environment → ∃ next, Minidregg.Theory.ObjectiveBendDemandAdequacy.SourceNamesAgree state meaning next ∧ Minidregg.Theory.ObjectiveBendDemandAdequacy.GraphRepresentsBy next (Minidregg.Theory.ObjectiveBendDemandMachine.stepRaw state) source
theorem	Minidregg.Theory.ObjectiveBendDemandAdequacy.graph_execution_demandSafety	3400f013e9f91f149ab41e3800bbcba5ad658093e8cb5281f64b17a95ff5a0f3	239d204fbc920f524659ec49126cddfcd4e2f904ff4056e807bf852a2b8a3409	1f4919182dcc67d69e5f9fcc12607a7bc1bbd7dfa83d79287bf04d0a95ab9e81	baa31b0fabb52890	Classical.choice,Quot.sound,propext	∀ {meaning next : Minidregg.Theory.ObjectiveBendDemandAdequacy.AddressMeaning} {state : Minidregg.Theory.ObjectiveBendDemandMachine.State} {source : Minidregg.Theory.ObjectiveBendOpenRecursion.Term}, Minidregg.Theory.ObjectiveBendDemandAdequacy.GraphRepresentsBy meaning state source → Minidregg.Theory.ObjectiveBendDemandAdequacy.SourceNamesAgree state meaning next → Minidregg.Theory.ObjectiveBendDemandAdequacy.GraphRepresentsBy next (Minidregg.Theory.ObjectiveBendDemandMachine.stepRaw state) source → (∀ (address : Minidregg.Theory.ObjectiveBendDemandMachine.Address), state.control ≠ Minidregg.Theory.ObjectiveBendDemandMachine.Control.enter address) → Minidregg.Theory.ObjectiveBendDemandAdequacy.SourceDispatch meaning next state → Minidregg.Theory.ObjectiveBendDemandAdequacy.DemandSafety next (Minidregg.Theory.ObjectiveBendDemandMachine.stepRaw state)
theorem	Minidregg.Theory.ObjectiveBendDemandAdequacy.graph_extend_record	463ef07842a9f3a1225441ecfa2dfca3473738d1a9c7d1df5b5e85a7d609fbe7	e8e3753ca826712e9247f8df06681ec536ebdf3076f89796d3f557c090cddf82	fe8741827afd743d8b31febc45a9880bb6d75a8a3f370b68b132856a5b31b64c	c2ab64c8a8b1662b	Classical.choice,Quot.sound,propext	∀ {state : Minidregg.Theory.ObjectiveBendDemandMachine.State} {source : Minidregg.Theory.ObjectiveBendOpenRecursion.Term} {inherited : List (String × Minidregg.Theory.ObjectiveBendDemandMachine.Address)} {fields : List (String × Minidregg.Theory.ObjectiveBendOpenRecursion.Term)} {environment : Minidregg.Theory.ObjectiveBendDemandMachine.Environment} {rest : List Minidregg.Theory.ObjectiveBendDemandMachine.Frame}, Minidregg.Theory.ObjectiveBendDemandAdequacy.GraphRepresents state source → state.control = Minidregg.Theory.ObjectiveBendDemandMachine.Control.returned (Minidregg.Theory.ObjectiveBendDemandMachine.RuntimeValue.record inherited) → state.stack = Minidregg.Theory.ObjectiveBendDemandMachine.Frame.extend fields environment :: rest → Minidregg.Theory.ObjectiveBendDemandAdequacy.GraphRepresents (Minidregg.Theory.ObjectiveBendDemandMachine.stepRaw state) source
theorem	Minidregg.Theory.ObjectiveBendDemandAdequacy.graph_extend_record_names	7ece772e693ce17b68e4f002cad795489c3e158ccbdea0aef42c3793d21cc375	03cb53c3e4721863b0ace4571095cbad949aee843c4a4601582f9ea61f1cf253	a3ef4d2f0a6f1b12ec6162720db2716d742720f798f96c335c8219e43b1474c8	b8aa8e1d29c8a2df	Classical.choice,Quot.sound,propext	∀ {meaning : Minidregg.Theory.ObjectiveBendDemandAdequacy.AddressMeaning} {state : Minidregg.Theory.ObjectiveBendDemandMachine.State} {source : Minidregg.Theory.ObjectiveBendOpenRecursion.Term} {inherited : List (String × Minidregg.Theory.ObjectiveBendDemandMachine.Address)} {fields : List (String × Minidregg.Theory.ObjectiveBendOpenRecursion.Term)} {environment : Minidregg.Theory.ObjectiveBendDemandMachine.Environment} {rest : List Minidregg.Theory.ObjectiveBendDemandMachine.Frame}, Minidregg.Theory.ObjectiveBendDemandAdequacy.GraphRepresentsBy meaning state source → state.control = Minidregg.Theory.ObjectiveBendDemandMachine.Control.returned (Minidregg.Theory.ObjectiveBendDemandMachine.RuntimeValue.record inherited) → state.stack = Minidregg.Theory.ObjectiveBendDemandMachine.Frame.extend fields environment :: rest → ∃ next, Minidregg.Theory.ObjectiveBendDemandAdequacy.SourceNamesAgree state meaning next ∧ Minidregg.Theory.ObjectiveBendDemandAdequacy.GraphRepresentsBy next (Minidregg.Theory.ObjectiveBendDemandMachine.stepRaw state) source
theorem	Minidregg.Theory.ObjectiveBendDemandAdequacy.graph_field_return	029c51ed83e75b7c66cd38fe00318f28c419c18d8e3039e457ea93a85ffc3eef	9867ccd0717c063deadb59cb5406e87150955e71b1ca66df118ce760849251a3	a965032dcd03734fcc01782932cdca25f50bafc74eef034c7e7645e1dc93d3ea	5b7ceae15499b621	Classical.choice,Quot.sound,propext	∀ {state : Minidregg.Theory.ObjectiveBendDemandMachine.State} {source : Minidregg.Theory.ObjectiveBendOpenRecursion.Term} {fields : List (String × Minidregg.Theory.ObjectiveBendDemandMachine.Address)} {name key : String} {address : Minidregg.Theory.ObjectiveBendDemandMachine.Address} {rest : List Minidregg.Theory.ObjectiveBendDemandMachine.Frame}, Minidregg.Theory.ObjectiveBendDemandAdequacy.GraphRepresents state source → state.control = Minidregg.Theory.ObjectiveBendDemandMachine.Control.returned (Minidregg.Theory.ObjectiveBendDemandMachine.RuntimeValue.record fields) → state.stack = Minidregg.Theory.ObjectiveBendDemandMachine.Frame.field name :: rest → List.find? (fun field => field.fst == name) fields = Option.some (key, address) → Minidregg.Theory.ObjectiveBendDemandAdequacy.GraphRepresents (Minidregg.Theory.ObjectiveBendDemandMachine.stepRaw state) source
theorem	Minidregg.Theory.ObjectiveBendDemandAdequacy.graph_field_return_execution	efecb91b78e475af6857cee5fc95b119f972d3e71ccc15ba44b8f5f46085cedc	e6341f24cb5446cbcd453c7bbe57b110bcf21f1ddda39a899514e61d77761f41	21b4724a66861ed57400e18c44e64ff5291182023cd168b4bf957f7779d065e1	f2845555ec71583b	Classical.choice,Quot.sound,propext	∀ {meaning : Minidregg.Theory.ObjectiveBendDemandAdequacy.AddressMeaning} {state : Minidregg.Theory.ObjectiveBendDemandMachine.State} {source : Minidregg.Theory.ObjectiveBendOpenRecursion.Term} {fields : List (String × Minidregg.Theory.ObjectiveBendDemandMachine.Address)} {name key : String} {address : Minidregg.Theory.ObjectiveBendDemandMachine.Address} {rest : List Minidregg.Theory.ObjectiveBendDemandMachine.Frame}, Minidregg.Theory.ObjectiveBendDemandAdequacy.GraphRepresentsBy meaning state source → state.control = Minidregg.Theory.ObjectiveBendDemandMachine.Control.returned (Minidregg.Theory.ObjectiveBendDemandMachine.RuntimeValue.record fields) → state.stack = Minidregg.Theory.ObjectiveBendDemandMachine.Frame.field name :: rest → List.find? (fun field => field.fst == name) fields = Option.some (key, address) → ∃ next, Minidregg.Theory.ObjectiveBendDemandAdequacy.SourceNamesAgree state meaning next ∧ Minidregg.Theory.ObjectiveBendDemandAdequacy.GraphRepresentsBy next (Minidregg.Theory.ObjectiveBendDemandMachine.stepRaw state) source ∧ Minidregg.Theory.ObjectiveBendDemandAdequacy.SourceDispatch meaning next state
theorem	Minidregg.Theory.ObjectiveBendDemandAdequacy.graph_field_return_names	5fcac6b0659dd543ec6be9083a800e1f2b1d61c3241bc1111abe4ee4dbd11dac	c0835d68e0e3026d9e3d773d082c121f6a8751fd3538517e21c6302f775be85c	11800ff58b87e87d9ac07fff93fd7227825714f7fce502aa677c45af0f8841d1	6e97604d68a2d0a9	Classical.choice,Quot.sound,propext	∀ {meaning : Minidregg.Theory.ObjectiveBendDemandAdequacy.AddressMeaning} {state : Minidregg.Theory.ObjectiveBendDemandMachine.State} {source : Minidregg.Theory.ObjectiveBendOpenRecursion.Term} {fields : List (String × Minidregg.Theory.ObjectiveBendDemandMachine.Address)} {name key : String} {address : Minidregg.Theory.ObjectiveBendDemandMachine.Address} {rest : List Minidregg.Theory.ObjectiveBendDemandMachine.Frame}, Minidregg.Theory.ObjectiveBendDemandAdequacy.GraphRepresentsBy meaning state source → state.control = Minidregg.Theory.ObjectiveBendDemandMachine.Control.returned (Minidregg.Theory.ObjectiveBendDemandMachine.RuntimeValue.record fields) → state.stack = Minidregg.Theory.ObjectiveBendDemandMachine.Frame.field name :: rest → List.find? (fun field => field.fst == name) fields = Option.some (key, address) → ∃ next, Minidregg.Theory.ObjectiveBendDemandAdequacy.SourceNamesAgree state meaning next ∧ Minidregg.Theory.ObjectiveBendDemandAdequacy.GraphRepresentsBy next (Minidregg.Theory.ObjectiveBendDemandMachine.stepRaw state) source
theorem	Minidregg.Theory.ObjectiveBendDemandAdequacy.graph_field_return_safety	53b6360d79c1f664695d9a5664c27170e4845dfe8cb5c0df0eaa4040ccede394	a9e9c05446b5b7134a4bd8ca5b881d8c58b125c7dab05247815c35432bc5985e	47d8b351d50c12063556c5cc22e47c78273910b2d19bbb8c1c01949f08db978e	4c3f08cf2560009a	Classical.choice,Quot.sound,propext	∀ {meaning : Minidregg.Theory.ObjectiveBendDemandAdequacy.AddressMeaning} {state : Minidregg.Theory.ObjectiveBendDemandMachine.State} {source : Minidregg.Theory.ObjectiveBendOpenRecursion.Term} {fields : List (String × Minidregg.Theory.ObjectiveBendDemandMachine.Address)} {name key : String} {address : Minidregg.Theory.ObjectiveBendDemandMachine.Address} {rest : List Minidregg.Theory.ObjectiveBendDemandMachine.Frame}, Minidregg.Theory.ObjectiveBendDemandAdequacy.GraphRepresentsBy meaning state source → state.control = Minidregg.Theory.ObjectiveBendDemandMachine.Control.returned (Minidregg.Theory.ObjectiveBendDemandMachine.RuntimeValue.record fields) → state.stack = Minidregg.Theory.ObjectiveBendDemandMachine.Frame.field name :: rest → List.find? (fun field => field.fst == name) fields = Option.some (key, address) → ∃ next, Minidregg.Theory.ObjectiveBendDemandAdequacy.SourceNamesAgree state meaning next ∧ Minidregg.Theory.ObjectiveBendDemandAdequacy.GraphRepresentsBy next (Minidregg.Theory.ObjectiveBendDemandMachine.stepRaw state) source ∧ Minidregg.Theory.ObjectiveBendDemandAdequacy.DemandSafety next (Minidregg.Theory.ObjectiveBendDemandMachine.stepRaw state)
theorem	Minidregg.Theory.ObjectiveBendDemandAdequacy.graph_ifBool_return_execution	3a3343c7b8dc37a74bf38c491f3d2891b99c65740c2867f7b9d5e5db950a626c	9e3d744a31a5a10bf89cee5d3dad4c2d1accc248a042e8dc765134eb98d4b834	5dd113cec6cf6cccb0bf38359ed7b917ff4a233449cf22fafc344f990afb4639	9046c923c3763b08	Classical.choice,Quot.sound,propext	∀ {meaning : Minidregg.Theory.ObjectiveBendDemandAdequacy.AddressMeaning} {state : Minidregg.Theory.ObjectiveBendDemandMachine.State} {source whenTrue whenFalse : Minidregg.Theory.ObjectiveBendOpenRecursion.Term} {environment : Minidregg.Theory.ObjectiveBendDemandMachine.Environment} {rest : List Minidregg.Theory.ObjectiveBendDemandMachine.Frame} {value : Bool}, Minidregg.Theory.ObjectiveBendDemandAdequacy.GraphRepresentsBy meaning state source → state.control = Minidregg.Theory.ObjectiveBendDemandMachine.Control.returned (Minidregg.Theory.ObjectiveBendDemandMachine.RuntimeValue.boolean value) → state.stack = Minidregg.Theory.ObjectiveBendDemandMachine.Frame.ifBool whenTrue whenFalse environment :: rest → ∃ next, Minidregg.Theory.ObjectiveBendDemandAdequacy.SourceNamesAgree state meaning next ∧ Minidregg.Theory.ObjectiveBendDemandAdequacy.GraphRepresentsBy next (Minidregg.Theory.ObjectiveBendDemandMachine.stepRaw state) source ∧ Minidregg.Theory.ObjectiveBendDemandAdequacy.SourceDispatch meaning next state
theorem	Minidregg.Theory.ObjectiveBendDemandAdequacy.graph_ifBool_return_names	442ef581ba64d1ae52c1604f068b935dea0cefa1d087166effb9b0d57684904f	e792237a63db5004b01a974eb4b6db0e025adef02824f2b4bd950255c770cc89	a6bbc3002961cc45fd7750d322ef548388f80795da99249ecedddfbd932a1367	2226d598ccdc5017	Classical.choice,Quot.sound,propext	∀ {meaning : Minidregg.Theory.ObjectiveBendDemandAdequacy.AddressMeaning} {state : Minidregg.Theory.ObjectiveBendDemandMachine.State} {source whenTrue whenFalse : Minidregg.Theory.ObjectiveBendOpenRecursion.Term} {environment : Minidregg.Theory.ObjectiveBendDemandMachine.Environment} {rest : List Minidregg.Theory.ObjectiveBendDemandMachine.Frame} {value : Bool}, Minidregg.Theory.ObjectiveBendDemandAdequacy.GraphRepresentsBy meaning state source → state.control = Minidregg.Theory.ObjectiveBendDemandMachine.Control.returned (Minidregg.Theory.ObjectiveBendDemandMachine.RuntimeValue.boolean value) → state.stack = Minidregg.Theory.ObjectiveBendDemandMachine.Frame.ifBool whenTrue whenFalse environment :: rest → ∃ next, Minidregg.Theory.ObjectiveBendDemandAdequacy.SourceNamesAgree state meaning next ∧ Minidregg.Theory.ObjectiveBendDemandAdequacy.GraphRepresentsBy next (Minidregg.Theory.ObjectiveBendDemandMachine.stepRaw state) source
theorem	Minidregg.Theory.ObjectiveBendDemandAdequacy.graph_ifBool_return_safety	26e834a724944f9697d2e68b65dbb95e0ec64f23e3474b0a14a5c9894c8a4831	fa050aee8e14b88db5ff156823388288f200820958ceca6f15a3f124eb27006b	c53e655a06a2f99ba56744c951eb78e1d0cbee9a9a2100372ded6db57eee0541	8c7dfa0f4048244e	Classical.choice,Quot.sound,propext	∀ {meaning : Minidregg.Theory.ObjectiveBendDemandAdequacy.AddressMeaning} {state : Minidregg.Theory.ObjectiveBendDemandMachine.State} {source whenTrue whenFalse : Minidregg.Theory.ObjectiveBendOpenRecursion.Term} {environment : Minidregg.Theory.ObjectiveBendDemandMachine.Environment} {rest : List Minidregg.Theory.ObjectiveBendDemandMachine.Frame} {value : Bool}, Minidregg.Theory.ObjectiveBendDemandAdequacy.GraphRepresentsBy meaning state source → state.control = Minidregg.Theory.ObjectiveBendDemandMachine.Control.returned (Minidregg.Theory.ObjectiveBendDemandMachine.RuntimeValue.boolean value) → state.stack = Minidregg.Theory.ObjectiveBendDemandMachine.Frame.ifBool whenTrue whenFalse environment :: rest → ∃ next, Minidregg.Theory.ObjectiveBendDemandAdequacy.SourceNamesAgree state meaning next ∧ Minidregg.Theory.ObjectiveBendDemandAdequacy.GraphRepresentsBy next (Minidregg.Theory.ObjectiveBendDemandMachine.stepRaw state) source ∧ Minidregg.Theory.ObjectiveBendDemandAdequacy.DemandSafety next (Minidregg.Theory.ObjectiveBendDemandMachine.stepRaw state)
theorem	Minidregg.Theory.ObjectiveBendDemandAdequacy.graph_initializes	2526a2e98da15d3e165807bdc32752fc3f8a176d019762847753c38fc0a68229	90d48b2b6a9ee3cac8fb6cc6c5d46b7cd78628cb75d431963199d2d4c9291701	010ab72b72b7ad7625a7d9387dcf028326c1a620c620be7b95fdc87d2e3fd6c2	784701b2323415f8	Quot.sound,propext	∀ {source : Minidregg.Theory.ObjectiveBendOpenRecursion.Term}, Minidregg.Theory.ObjectiveBendDemandInvariant.Scoped 0 source → Minidregg.Theory.ObjectiveBendDemandAdequacy.GraphRepresents (Minidregg.Theory.ObjectiveBendDemandMachine.initial source) source
theorem	Minidregg.Theory.ObjectiveBendDemandAdequacy.graph_next_complete_safety	416bcccd2ad52739e9c3a763c0cc253d52e6cbe139a87bb97a261db94f3bf0a4	c46bc8019414615dd7e3e2a959af2040078d469310c7cc047ea9d490f34fb515	cd33e207b584ca6b51332c0a65a1dc291f0b4fd7fbe1058730a8d211bd329e93	9c4f3d6170c814f6	Classical.choice,Quot.sound,propext	∀ {meaning : Minidregg.Theory.ObjectiveBendDemandAdequacy.AddressMeaning} {state : Minidregg.Theory.ObjectiveBendDemandMachine.State} {source : Minidregg.Theory.ObjectiveBendOpenRecursion.Term}, Minidregg.Theory.ObjectiveBendDemandAdequacy.GraphRepresentsBy meaning state source → Minidregg.Theory.ObjectiveBendDemandAdequacy.ResultControl (Minidregg.Theory.ObjectiveBendDemandMachine.stepRaw state).control → (∃ value, (Minidregg.Theory.ObjectiveBendDemandMachine.stepRaw state).control = Minidregg.Theory.ObjectiveBendDemandMachine.Control.complete value) → ∃ next, Minidregg.Theory.ObjectiveBendDemandAdequacy.SourceNamesAgree state meaning next ∧ Minidregg.Theory.ObjectiveBendDemandAdequacy.GraphRepresentsBy next (Minidregg.Theory.ObjectiveBendDemandMachine.stepRaw state) source ∧ Minidregg.Theory.ObjectiveBendDemandAdequacy.DemandSafety next (Minidregg.Theory.ObjectiveBendDemandMachine.stepRaw state)
theorem	Minidregg.Theory.ObjectiveBendDemandAdequacy.graph_next_ordinary_safety	3f0afcdb1c32d7e090e253c9a39234144ef76f38a4b672bdcc5f8115b5f4f47e	f32bac2f0422001ec18687e983bdd4419b8e7b4620c2ac1e62d7e00cae717a2a	403239c34af0875e0206cb98568c070acbee50e1eb9cb1a08f4baaf34af52911	ed821af8637aef46	Classical.choice,Quot.sound,propext	∀ {meaning : Minidregg.Theory.ObjectiveBendDemandAdequacy.AddressMeaning} {state : Minidregg.Theory.ObjectiveBendDemandMachine.State} {source : Minidregg.Theory.ObjectiveBendOpenRecursion.Term} {frame : Minidregg.Theory.ObjectiveBendDemandMachine.Frame} {rest : List Minidregg.Theory.ObjectiveBendDemandMachine.Frame}, Minidregg.Theory.ObjectiveBendDemandAdequacy.GraphRepresentsBy meaning state source → Minidregg.Theory.ObjectiveBendDemandAdequacy.ResultControl (Minidregg.Theory.ObjectiveBendDemandMachine.stepRaw state).control → (Minidregg.Theory.ObjectiveBendDemandMachine.stepRaw state).stack = frame :: rest → (∀ (address : Minidregg.Theory.ObjectiveBendDemandMachine.Address), frame ≠ Minidregg.Theory.ObjectiveBendDemandMachine.Frame.update address) → ∃ next, Minidregg.Theory.ObjectiveBendDemandAdequacy.SourceNamesAgree state meaning next ∧ Minidregg.Theory.ObjectiveBendDemandAdequacy.GraphRepresentsBy next (Minidregg.Theory.ObjectiveBendDemandMachine.stepRaw state) source ∧ Minidregg.Theory.ObjectiveBendDemandAdequacy.DemandSafety next (Minidregg.Theory.ObjectiveBendDemandMachine.stepRaw state)
theorem	Minidregg.Theory.ObjectiveBendDemandAdequacy.graph_next_returned_safety	094e5c5e691b23a35bcc57b0d50bc40ebb674cff410865d892b86993be82d82d	1b5e0f1bfca855d789c135e34926d19484435d2d83d78a0fd38889389636062c	b3be903ed6aa999d49c98c63108b6b092365d854acb24de9048252cd3f127f78	c06e9399be96c89b	Classical.choice,Quot.sound,propext	∀ {meaning : Minidregg.Theory.ObjectiveBendDemandAdequacy.AddressMeaning} {state : Minidregg.Theory.ObjectiveBendDemandMachine.State} {source : Minidregg.Theory.ObjectiveBendOpenRecursion.Term}, Minidregg.Theory.ObjectiveBendDemandAdequacy.GraphRepresentsBy meaning state source → Minidregg.Theory.ObjectiveBendDemandAdequacy.ResultControl (Minidregg.Theory.ObjectiveBendDemandMachine.stepRaw state).control → (∃ value, (Minidregg.Theory.ObjectiveBendDemandMachine.stepRaw state).control = Minidregg.Theory.ObjectiveBendDemandMachine.Control.returned value) → ∃ next, Minidregg.Theory.ObjectiveBendDemandAdequacy.SourceNamesAgree state meaning next ∧ Minidregg.Theory.ObjectiveBendDemandAdequacy.GraphRepresentsBy next (Minidregg.Theory.ObjectiveBendDemandMachine.stepRaw state) source ∧ Minidregg.Theory.ObjectiveBendDemandAdequacy.DemandSafety next (Minidregg.Theory.ObjectiveBendDemandMachine.stepRaw state)
theorem	Minidregg.Theory.ObjectiveBendDemandAdequacy.graph_object_access	446d05907c1474c288159a19e47b04b74308081bec8ff82be3d54a50fdca9f42	cf7261dd630b09ddb191eb7190032a8605617ce88d226da42d83a3a42fa72f3d	ecc9bfb4cd7cdad5e2c7fbd27f57f8ab021f2a57743aa93fe51eb096ff61e41c	e9369b30a93a658c	Classical.choice,Quot.sound,propext	∀ {state : Minidregg.Theory.ObjectiveBendDemandMachine.State} {source : Minidregg.Theory.ObjectiveBendOpenRecursion.Term} {access : Minidregg.Theory.ObjectiveBendDemandAdequacy.ObjectAccess} {first second : Minidregg.Theory.ObjectiveBendDemandMachine.Address} {rest : List Minidregg.Theory.ObjectiveBendDemandMachine.Frame}, Minidregg.Theory.ObjectiveBendDemandAdequacy.GraphRepresents state source → state.control = Minidregg.Theory.ObjectiveBendDemandMachine.Control.returned (access.value first second) → state.stack = access.frame :: rest → Minidregg.Theory.ObjectiveBendDemandAdequacy.GraphRepresents (Minidregg.Theory.ObjectiveBendDemandMachine.stepRaw state) source
theorem	Minidregg.Theory.ObjectiveBendDemandAdequacy.graph_object_access_execution	bb1c3355836d76bfb3fce3f5961ea0a26bb4c05b650c589b5ba162b7109a3bf6	30400141226be173dfc8997a38f99db026fab78fd26f92a66d61dcff8fb88d16	f36c242027a5088b1df936af7f8c2246757a4eca192ebf83a7a9b5b7e2c932b5	c58f6457bb7af712	Classical.choice,Quot.sound,propext	∀ {meaning : Minidregg.Theory.ObjectiveBendDemandAdequacy.AddressMeaning} {state : Minidregg.Theory.ObjectiveBendDemandMachine.State} {source : Minidregg.Theory.ObjectiveBendOpenRecursion.Term} {access : Minidregg.Theory.ObjectiveBendDemandAdequacy.ObjectAccess} {first second : Minidregg.Theory.ObjectiveBendDemandMachine.Address} {rest : List Minidregg.Theory.ObjectiveBendDemandMachine.Frame}, Minidregg.Theory.ObjectiveBendDemandAdequacy.GraphRepresentsBy meaning state source → state.control = Minidregg.Theory.ObjectiveBendDemandMachine.Control.returned (access.value first second) → state.stack = access.frame :: rest → ∃ next, Minidregg.Theory.ObjectiveBendDemandAdequacy.SourceNamesAgree state meaning next ∧ Minidregg.Theory.ObjectiveBendDemandAdequacy.GraphRepresentsBy next (Minidregg.Theory.ObjectiveBendDemandMachine.stepRaw state) source ∧ Minidregg.Theory.ObjectiveBendDemandAdequacy.SourceDispatch meaning next state
theorem	Minidregg.Theory.ObjectiveBendDemandAdequacy.graph_object_access_names	29ce556ee3618159cba77d23b01990098b3b132e3910d6b368901f77f0d37d09	e3b63e81650c556201434c39d344c1ed6863f2112d973605f915dcc5965ee18d	f4e501d119c000375c5f0e1ee2ff635000c0db3bc8b933e96a10f6a09bca7198	dd80f84b20029043	Classical.choice,Quot.sound,propext	∀ {meaning : Minidregg.Theory.ObjectiveBendDemandAdequacy.AddressMeaning} {state : Minidregg.Theory.ObjectiveBendDemandMachine.State} {source : Minidregg.Theory.ObjectiveBendOpenRecursion.Term} {access : Minidregg.Theory.ObjectiveBendDemandAdequacy.ObjectAccess} {first second : Minidregg.Theory.ObjectiveBendDemandMachine.Address} {rest : List Minidregg.Theory.ObjectiveBendDemandMachine.Frame}, Minidregg.Theory.ObjectiveBendDemandAdequacy.GraphRepresentsBy meaning state source → state.control = Minidregg.Theory.ObjectiveBendDemandMachine.Control.returned (access.value first second) → state.stack = access.frame :: rest → ∃ next, Minidregg.Theory.ObjectiveBendDemandAdequacy.SourceNamesAgree state meaning next ∧ Minidregg.Theory.ObjectiveBendDemandAdequacy.GraphRepresentsBy next (Minidregg.Theory.ObjectiveBendDemandMachine.stepRaw state) source
theorem	Minidregg.Theory.ObjectiveBendDemandAdequacy.graph_object_access_safety	60014b44df426d57a052f77f41113cc2a7b6c9741a6b7ec939aa559598d0edd7	7de42a52b22f9cef6ed3e2365bb9f49440b03a1468f13d48268436805ef8fa44	f5312f34d848fa19cf228c30f4968c97cd8fedf6494252d967bf22c07e1dfb0c	66aa0adb5408a1b2	Classical.choice,Quot.sound,propext	∀ {meaning : Minidregg.Theory.ObjectiveBendDemandAdequacy.AddressMeaning} {state : Minidregg.Theory.ObjectiveBendDemandMachine.State} {source : Minidregg.Theory.ObjectiveBendOpenRecursion.Term} {access : Minidregg.Theory.ObjectiveBendDemandAdequacy.ObjectAccess} {first second : Minidregg.Theory.ObjectiveBendDemandMachine.Address} {rest : List Minidregg.Theory.ObjectiveBendDemandMachine.Frame}, Minidregg.Theory.ObjectiveBendDemandAdequacy.GraphRepresentsBy meaning state source → state.control = Minidregg.Theory.ObjectiveBendDemandMachine.Control.returned (access.value first second) → state.stack = access.frame :: rest → ∃ next, Minidregg.Theory.ObjectiveBendDemandAdequacy.SourceNamesAgree state meaning next ∧ Minidregg.Theory.ObjectiveBendDemandAdequacy.GraphRepresentsBy next (Minidregg.Theory.ObjectiveBendDemandMachine.stepRaw state) source ∧ Minidregg.Theory.ObjectiveBendDemandAdequacy.DemandSafety next (Minidregg.Theory.ObjectiveBendDemandMachine.stepRaw state)
theorem	Minidregg.Theory.ObjectiveBendDemandAdequacy.graph_primitive_return	2ab2d44358275de23dd09dc43c1e32b6ff9031aacdd6e500e64d5cab93a8bc41	70a5a00b6ae06ed2bb995ebb525c8c14d0d59636989f99aa6f95fce3c70dc5af	3f82aeac9a54a05590b135aa7e9911168accade92c17605d425f48606ea99a36	4fbddce232b8ed44	Classical.choice,Quot.sound,propext	∀ {state : Minidregg.Theory.ObjectiveBendDemandMachine.State} {source result : Minidregg.Theory.ObjectiveBendOpenRecursion.Term} {primitive : Minidregg.Theory.ObjectiveBendOpenRecursion.Primitive} {left right next : Minidregg.Theory.ObjectiveBendDemandMachine.RuntimeValue} {rest : List Minidregg.Theory.ObjectiveBendDemandMachine.Frame}, Minidregg.Theory.ObjectiveBendDemandAdequacy.GraphRepresents state source → state.control = Minidregg.Theory.ObjectiveBendDemandMachine.Control.returned right → state.stack = Minidregg.Theory.ObjectiveBendDemandMachine.Frame.binaryRight primitive left :: rest → ((Minidregg.Theory.ObjectiveBendDemandMachine.valueTerm left).bind fun l => (Minidregg.Theory.ObjectiveBendDemandMachine.valueTerm right).bind (Minidregg.Theory.ObjectiveBendOpenRecursion.primitiveResult primitive l)) = Option.some result → Minidregg.Theory.ObjectiveBendDemandMachine.scalarValue result = Option.some next → Minidregg.Theory.ObjectiveBendDemandAdequacy.GraphRepresents (Minidregg.Theory.ObjectiveBendDemandMachine.stepRaw state) source
theorem	Minidregg.Theory.ObjectiveBendDemandAdequacy.graph_primitive_return_names	cf8555973f4a95c972647106445cd3484704db3bb53cfaf2dbf8937ddeffad31	79500757fd36c4b051d2e08baa7943a2cce3978a7d74db884e6fe1ef1c04a0e6	cf3bafad5fde70c1d245b3ecea1805b1474718ff78aedf5da9ff092cbbc36f4d	5a8d0e39ade3757d	Classical.choice,Quot.sound,propext	∀ {meaning : Minidregg.Theory.ObjectiveBendDemandAdequacy.AddressMeaning} {state : Minidregg.Theory.ObjectiveBendDemandMachine.State} {source result : Minidregg.Theory.ObjectiveBendOpenRecursion.Term} {primitive : Minidregg.Theory.ObjectiveBendOpenRecursion.Primitive} {left right next : Minidregg.Theory.ObjectiveBendDemandMachine.RuntimeValue} {rest : List Minidregg.Theory.ObjectiveBendDemandMachine.Frame}, Minidregg.Theory.ObjectiveBendDemandAdequacy.GraphRepresentsBy meaning state source → state.control = Minidregg.Theory.ObjectiveBendDemandMachine.Control.returned right → state.stack = Minidregg.Theory.ObjectiveBendDemandMachine.Frame.binaryRight primitive left :: rest → ((Minidregg.Theory.ObjectiveBendDemandMachine.valueTerm left).bind fun l => (Minidregg.Theory.ObjectiveBendDemandMachine.valueTerm right).bind (Minidregg.Theory.ObjectiveBendOpenRecursion.primitiveResult primitive l)) = Option.some result → Minidregg.Theory.ObjectiveBendDemandMachine.scalarValue result = Option.some next → ∃ next, Minidregg.Theory.ObjectiveBendDemandAdequacy.SourceNamesAgree state meaning next ∧ Minidregg.Theory.ObjectiveBendDemandAdequacy.GraphRepresentsBy next (Minidregg.Theory.ObjectiveBendDemandMachine.stepRaw state) source
theorem	Minidregg.Theory.ObjectiveBendDemandAdequacy.graph_specification_call	b5f260e95b14b57cac8df2f9280db2a74a713b5e28e8265f144125b80e3c7efc	8afcc74394cbe176112df2c011cb091562d68ec284b20dbb317ffb7c07f30129	d166c6d466ffdae4a9984ef96fa8eaa6325dfa5ef94dcfa37d7c00a05fe3ad93	b63a356744ac5d91	Classical.choice,Quot.sound,propext	∀ {state : Minidregg.Theory.ObjectiveBendDemandMachine.State} {source argument : Minidregg.Theory.ObjectiveBendOpenRecursion.Term} {environment : Minidregg.Theory.ObjectiveBendDemandMachine.Environment} {descriptor extension : Minidregg.Theory.ObjectiveBendDemandMachine.Address} {rest : List Minidregg.Theory.ObjectiveBendDemandMachine.Frame}, Minidregg.Theory.ObjectiveBendDemandAdequacy.GraphRepresents state source → state.control = Minidregg.Theory.ObjectiveBendDemandMachine.Control.returned (Minidregg.Theory.ObjectiveBendDemandMachine.RuntimeValue.specification descriptor extension) → state.stack = Minidregg.Theory.ObjectiveBendDemandMachine.Frame.argument argument environment :: rest → Minidregg.Theory.ObjectiveBendDemandAdequacy.GraphRepresents (Minidregg.Theory.ObjectiveBendDemandMachine.stepRaw state) source
theorem	Minidregg.Theory.ObjectiveBendDemandAdequacy.graph_specification_call_names	088d8e02b532bf1cc35d4fd6f2a845ad7c4067f61a6992a0a4d6459296431475	f57dc2b4894dc2c9ec59cc0c22829f3af7652de647ce3f28af62f1e7f4e8dacb	fc968a5358323ede2b83df25f026cd74631e0ec8b597617e3f635a015c0c1743	a4f510151532296d	Classical.choice,Quot.sound,propext	∀ {meaning : Minidregg.Theory.ObjectiveBendDemandAdequacy.AddressMeaning} {state : Minidregg.Theory.ObjectiveBendDemandMachine.State} {source argument : Minidregg.Theory.ObjectiveBendOpenRecursion.Term} {environment : Minidregg.Theory.ObjectiveBendDemandMachine.Environment} {descriptor extension : Minidregg.Theory.ObjectiveBendDemandMachine.Address} {rest : List Minidregg.Theory.ObjectiveBendDemandMachine.Frame}, Minidregg.Theory.ObjectiveBendDemandAdequacy.GraphRepresentsBy meaning state source → state.control = Minidregg.Theory.ObjectiveBendDemandMachine.Control.returned (Minidregg.Theory.ObjectiveBendDemandMachine.RuntimeValue.specification descriptor extension) → state.stack = Minidregg.Theory.ObjectiveBendDemandMachine.Frame.argument argument environment :: rest → ∃ next, Minidregg.Theory.ObjectiveBendDemandAdequacy.SourceNamesAgree state meaning next ∧ Minidregg.Theory.ObjectiveBendDemandAdequacy.GraphRepresentsBy next (Minidregg.Theory.ObjectiveBendDemandMachine.stepRaw state) source
theorem	Minidregg.Theory.ObjectiveBendDemandAdequacy.graph_stepRaw	22d5ea22b9fb2dbaea7e57d69ed67e0a68622ca37371e5eb1f80e46a9a086235	38a5078a34ca47fcb70bc07f3f8c9ea8b09ebb9cd680804233aa9cbf317b8669	e8c42d51446ea757ff454457a18767993bcacf8e827dbb09ce02e473caabbc7e	1e45e82a630f1679	Classical.choice,Quot.sound,propext	∀ {state : Minidregg.Theory.ObjectiveBendDemandMachine.State} {source : Minidregg.Theory.ObjectiveBendOpenRecursion.Term}, Minidregg.Theory.ObjectiveBendDemandAdequacy.GraphRepresents state source → Minidregg.Theory.ObjectiveBendDemandAdequacy.ResultControl (Minidregg.Theory.ObjectiveBendDemandMachine.stepRaw state).control → Minidregg.Theory.ObjectiveBendDemandAdequacy.GraphRepresents (Minidregg.Theory.ObjectiveBendDemandMachine.stepRaw state) source
theorem	Minidregg.Theory.ObjectiveBendDemandAdequacy.graph_stepRaw_names	b6616bb3793f43ceb072302f9beb8d7ded2028dab987e0b08d39d3f87c621f2b	322365ec843823a5330a2ea1a6898af82209f1782673bda8ad851817fd7d2345	f7713ca6001d2c8b5fc59e07de59b0c1c693095f4d604b4524be3f21ef436dae	64d58518e2785e30	Classical.choice,Quot.sound,propext	∀ {meaning : Minidregg.Theory.ObjectiveBendDemandAdequacy.AddressMeaning} {state : Minidregg.Theory.ObjectiveBendDemandMachine.State} {source : Minidregg.Theory.ObjectiveBendOpenRecursion.Term}, Minidregg.Theory.ObjectiveBendDemandAdequacy.GraphRepresentsBy meaning state source → Minidregg.Theory.ObjectiveBendDemandAdequacy.ResultControl (Minidregg.Theory.ObjectiveBendDemandMachine.stepRaw state).control → ∃ next, Minidregg.Theory.ObjectiveBendDemandAdequacy.SourceNamesAgree state meaning next ∧ Minidregg.Theory.ObjectiveBendDemandAdequacy.GraphRepresentsBy next (Minidregg.Theory.ObjectiveBendDemandMachine.stepRaw state) source
theorem	Minidregg.Theory.ObjectiveBendDemandAdequacy.graph_stepRaw_safety_names	ef26675649efac424318040065b564741fbc73075dd6debfe09bfaeb795d8169	082e8261643b134d6890dabc80d51059b8cb1e250b8dc10fbef4e766ab8553ad	2df0e29ae8b591cb20991bf14c04d249d05fd6c135f4c988c8ee674ebff592e1	1f5ad0378dc753b8	Classical.choice,Quot.sound,propext	∀ {meaning : Minidregg.Theory.ObjectiveBendDemandAdequacy.AddressMeaning} {state : Minidregg.Theory.ObjectiveBendDemandMachine.State} {source : Minidregg.Theory.ObjectiveBendOpenRecursion.Term}, Minidregg.Theory.ObjectiveBendDemandAdequacy.GraphRepresentsBy meaning state source → Minidregg.Theory.ObjectiveBendDemandAdequacy.DemandSafety meaning state → Minidregg.Theory.ObjectiveBendDemandAdequacy.HeapOriginsBorn state.heap → Minidregg.Theory.ObjectiveBendDemandAdequacy.ResultControl (Minidregg.Theory.ObjectiveBendDemandMachine.stepRaw state).control → ∃ next, Minidregg.Theory.ObjectiveBendDemandAdequacy.SourceNamesAgree state meaning next ∧ Minidregg.Theory.ObjectiveBendDemandAdequacy.GraphRepresentsBy next (Minidregg.Theory.ObjectiveBendDemandMachine.stepRaw state) source ∧ Minidregg.Theory.ObjectiveBendDemandAdequacy.DemandSafety next (Minidregg.Theory.ObjectiveBendDemandMachine.stepRaw state)
theorem	Minidregg.Theory.ObjectiveBendDemandAdequacy.graph_terminating_administration	8efc20458e806ca34040aed9277c65efa0590b074d64ab9e22c8060f191d2618	c0ba93947e79e6caf1e9e8bbe86757959cd9838ccce85250c677b5d579ba56a9	2f94ec34e74dd5677c2413413b4bbdfce6d25b2f6258dbbc2dcc1ef71272830b	0ad965b2524000d4	Classical.choice,Quot.sound,propext	∀ {state : Minidregg.Theory.ObjectiveBendDemandMachine.State} {source result : Minidregg.Theory.ObjectiveBendOpenRecursion.Term}, Minidregg.Theory.ObjectiveBendDemandAdequacy.GraphRepresents state source → Minidregg.Theory.ObjectiveBendDemandAdequacy.HeapOriginsBorn state.heap → Minidregg.Theory.ObjectiveBendOpenRecursion.Evaluates source result → Minidregg.Theory.ObjectiveBendDemandAdequacy.DemandAdministrationHalts state
theorem	Minidregg.Theory.ObjectiveBendDemandAdequacy.graph_terminating_demand	f45db4a77e49e04176dfb59a7e3628dccec89f587d1839087172f93c3c067bd0	625458652aa3e84357fd63e56ceae31d9b1c2a5f09a5f723bd6289249562a9f7	0df4ba950852ed5ba115df4674a36e8e131f7fc9c834b20e2060c31dfb736bef	c660f91721a5ea66	Classical.choice,Quot.sound,propext	∀ {state : Minidregg.Theory.ObjectiveBendDemandMachine.State} {source result : Minidregg.Theory.ObjectiveBendOpenRecursion.Term}, Minidregg.Theory.ObjectiveBendDemandAdequacy.GraphRepresents state source → Minidregg.Theory.ObjectiveBendOpenRecursion.Evaluates source result → ∃ meaning, Minidregg.Theory.ObjectiveBendDemandAdequacy.MeaningsScoped state.heap.size meaning ∧ Minidregg.Theory.ObjectiveBendDemandAdequacy.HeapRealizes meaning state.heap ∧ ∀ (focus : Minidregg.Theory.ObjectiveBendOpenRecursion.Term), Minidregg.Theory.ObjectiveBendDemandAdequacy.enteredFocus meaning state.heap state.control = Option.some focus → ∃ value cost, Minidregg.Theory.ObjectiveBendDemandAdequacy.SourceDerivation focus value cost
theorem	Minidregg.Theory.ObjectiveBendDemandAdequacy.graph_via_names	6d96a985935d8889fcb9b6b3b25c5cef14003b28d6b45858d5659901b34f809c	38a5078a34ca47fcb70bc07f3f8c9ea8b09ebb9cd680804233aa9cbf317b8669	3a97336dde1869240f04cbc9cf956ce7f546a2511957caae650b1a7f013401f2	1e45e82a630f1679	Classical.choice,Quot.sound,propext	∀ {state : Minidregg.Theory.ObjectiveBendDemandMachine.State} {source : Minidregg.Theory.ObjectiveBendOpenRecursion.Term}, Minidregg.Theory.ObjectiveBendDemandAdequacy.GraphRepresents state source → Minidregg.Theory.ObjectiveBendDemandAdequacy.ResultControl (Minidregg.Theory.ObjectiveBendDemandMachine.stepRaw state).control → Minidregg.Theory.ObjectiveBendDemandAdequacy.GraphRepresents (Minidregg.Theory.ObjectiveBendDemandMachine.stepRaw state) source
theorem	Minidregg.Theory.ObjectiveBendDemandAdequacy.heapOriginsBorn_fix	c325a41fbbf95784c0bb4d74a1b0bbf7a66d77e9d680a3ada5edb742753fa782	770a65cc58fb969636a27483f355b61fa1b78cb845c17a4901802dda59689ae8	7cc596325d198df3d928f136ef7200fba3cd3b123cacd680221a8c4ee2375abe	9594bfbf3978c06e	Classical.choice,Quot.sound,propext	∀ {heap : Array Minidregg.Theory.ObjectiveBendDemandMachine.Cell} {spec inherited : Minidregg.Theory.ObjectiveBendOpenRecursion.Term} {environment : Minidregg.Theory.ObjectiveBendDemandMachine.Environment}, Minidregg.Theory.ObjectiveBendDemandAdequacy.HeapOriginsBorn heap → Minidregg.Theory.ObjectiveBendDemandInvariant.EnvironmentValid heap.size environment → Minidregg.Theory.ObjectiveBendDemandAdequacy.HeapOriginsBorn (heap.push (Minidregg.Theory.ObjectiveBendDemandMachine.Cell.suspended { term := ((Minidregg.Theory.ObjectiveBendOpenRecursion.Term.rename Nat.succ spec).app (Minidregg.Theory.ObjectiveBendOpenRecursion.Term.bound 0)).app (Minidregg.Theory.ObjectiveBendOpenRecursion.Term.rename Nat.succ inherited), environment := heap.size :: environment }))
theorem	Minidregg.Theory.ObjectiveBendDemandAdequacy.heapOriginsBorn_push	90cd6592622e707ed64379518399ee2c15f98423d15c7640a2a0b6f37ada5ed2	22a4e132984c2fd4d5875c2cb523fb423f0551cd8354562af0dd97d14209fda6	bf70764424d955f138aba4dcdd78c8ab3dc782d4c09873b2343b2fe1485b34b9	bbb9dd4148f68c37	Classical.choice,Quot.sound,propext	∀ {heap : Array Minidregg.Theory.ObjectiveBendDemandMachine.Cell} {cell : Minidregg.Theory.ObjectiveBendDemandMachine.Cell}, Minidregg.Theory.ObjectiveBendDemandAdequacy.HeapOriginsBorn heap → Minidregg.Theory.ObjectiveBendDemandAdequacy.OriginBorn heap.size (Minidregg.Theory.ObjectiveBendDemandInvariant.cellOrigin cell) → Minidregg.Theory.ObjectiveBendDemandAdequacy.HeapOriginsBorn (heap.push cell)
theorem	Minidregg.Theory.ObjectiveBendDemandAdequacy.heapOriginsBorn_sameSize	8ad856f2a73b067b5133e822e299e0362f466c059c13019df495d21b42890a96	18bcd0ea8b6951674d462572fec10ae0c6dbab52e45aa15d3c6557cc434935f2	6144259243905e5bb63a494e38a6ce948d074d436b3102df0d5a34867cbe596d	099668d032c3f2a9	Quot.sound,propext	∀ {before after : Array Minidregg.Theory.ObjectiveBendDemandMachine.Cell}, Minidregg.Theory.ObjectiveBendDemandAdequacy.HeapOriginsBorn before → Minidregg.Theory.ObjectiveBendDemandInvariant.PreservesOrigins before after → before.size = after.size → Minidregg.Theory.ObjectiveBendDemandAdequacy.HeapOriginsBorn after
theorem	Minidregg.Theory.ObjectiveBendDemandAdequacy.heapOriginsBorn_set	03411d7a5c48e12770c3e68c680fbbbc929098291aef4ed77ba80f0c06792a5d	b43fb9fee53c511a7cfdbc934fded6e31148650e4e6d7fa6d2f072f8ae21e41c	1955f668f404ce4ae3f0bbdad91d5d6aee0b609a7620b401ebb48f566e1c7fe9	7922024a0928d2db	Quot.sound,propext	∀ {heap : Array Minidregg.Theory.ObjectiveBendDemandMachine.Cell} {address : Minidregg.Theory.ObjectiveBendDemandMachine.Address} {old next : Minidregg.Theory.ObjectiveBendDemandMachine.Cell}, Minidregg.Theory.ObjectiveBendDemandAdequacy.HeapOriginsBorn heap → heap[address]? = Option.some old → Minidregg.Theory.ObjectiveBendDemandInvariant.cellOrigin next = Minidregg.Theory.ObjectiveBendDemandInvariant.cellOrigin old → Minidregg.Theory.ObjectiveBendDemandAdequacy.HeapOriginsBorn (heap.set! address next)
theorem	Minidregg.Theory.ObjectiveBendDemandAdequacy.heapOriginsBorn_suspend	7f9f0172e13bbb81c5e3e0c190461c336535d98b3cd67010fe3f4aa27899a968	c01075ee7e4ff2cc647789139586c8f7de3cba27953d8bbe56f021d26d5e0e08	db0291f0e8d8f05db7f3de69537ac1ef68c43eba24b6bdd7d2e94590e9b9a4ce	e6a44093b1ca9f13	Classical.choice,Quot.sound,propext	∀ {heap : Array Minidregg.Theory.ObjectiveBendDemandMachine.Cell} {term : Minidregg.Theory.ObjectiveBendOpenRecursion.Term} {environment : Minidregg.Theory.ObjectiveBendDemandMachine.Environment}, Minidregg.Theory.ObjectiveBendDemandAdequacy.HeapOriginsBorn heap → Minidregg.Theory.ObjectiveBendDemandInvariant.EnvironmentValid heap.size environment → Minidregg.Theory.ObjectiveBendDemandAdequacy.HeapOriginsBorn (heap.push (Minidregg.Theory.ObjectiveBendDemandMachine.Cell.suspended { term := term, environment := environment }))
theorem	Minidregg.Theory.ObjectiveBendDemandAdequacy.heapRealizes_congr	8d7c9ea6d8f9baf94012b412eea329e2400c98f717b28a32cc30367d0aec59b6	90dafcc35d38ca02cb60c39cac65aa6991468eb3e398c23ca9931eaceee2f07d	2f142c2bcf831ea3d0084b852e8a80fd2fd473c311b7c318088e038c62515d39	7404a104fcc69caa	Quot.sound,propext	∀ {heap : Array Minidregg.Theory.ObjectiveBendDemandMachine.Cell} {first second : Minidregg.Theory.ObjectiveBendDemandAdequacy.AddressMeaning}, Minidregg.Theory.ObjectiveBendDemandInvariant.HeapValid heap → (∀ (address : Nat), address < heap.size → first address = second address) → Minidregg.Theory.ObjectiveBendDemandAdequacy.HeapRealizes first heap → Minidregg.Theory.ObjectiveBendDemandAdequacy.HeapRealizes second heap
theorem	Minidregg.Theory.ObjectiveBendDemandAdequacy.heapRealizes_push	872697a622c48e085887bcb8667e257b72b9fbe7d484871f35083c69962ea0e3	15dea8a4cb907f58701ea3718499584311158e3643a9bc477dde3a3c281b15b7	8f1012ffffb51928272d7d5bdcbcf801a6a261cfcb4bc6c1b0522ff61602b8c6	3344173efef0cb7a	Classical.choice,Quot.sound,propext	∀ {heap : Array Minidregg.Theory.ObjectiveBendDemandMachine.Cell} {meaning : Minidregg.Theory.ObjectiveBendDemandAdequacy.AddressMeaning} {cell : Minidregg.Theory.ObjectiveBendDemandMachine.Cell}, Minidregg.Theory.ObjectiveBendDemandAdequacy.HeapRealizes meaning heap → Minidregg.Theory.ObjectiveBendDemandAdequacy.CellRealizes meaning heap.size cell → Minidregg.Theory.ObjectiveBendDemandAdequacy.HeapRealizes meaning (heap.push cell)
theorem	Minidregg.Theory.ObjectiveBendDemandAdequacy.heapRealizes_set	c8dd7aff5f6fe93e2213d0d11fbb7ca6dc05037a3f3fbbf50b008e8f590e6a69	021d48709c00f483b82ba3e57ec53a96ed8b11b9373574bbe842649e2be9ad14	d5958475563cb9cc5c7ae0eecde0f94cf7422a086d17e4a021108bbf74cc63a3	db16529fc69bcf23	Quot.sound,propext	∀ {meaning : Minidregg.Theory.ObjectiveBendDemandAdequacy.AddressMeaning} {heap : Array Minidregg.Theory.ObjectiveBendDemandMachine.Cell} {address : Nat} {cell : Minidregg.Theory.ObjectiveBendDemandMachine.Cell}, Minidregg.Theory.ObjectiveBendDemandAdequacy.HeapRealizes meaning heap → Minidregg.Theory.ObjectiveBendDemandAdequacy.CellRealizes meaning address cell → Minidregg.Theory.ObjectiveBendDemandAdequacy.HeapRealizes meaning (heap.set! address cell)
theorem	Minidregg.Theory.ObjectiveBendDemandAdequacy.initial_demandSafety	25e2089923077b858d7771abd5a19e7eeea7b2c53ad506b86cf1b448896a8665	d4cfaadc769f820726012d98c6d11054a329922c0f79ec48a63a9a325bd12880	6518513cabc11d6eee18ad8c4edef5d4f8926d45b104834dc1a4aeb2fbfc7a7d	bb7d7e3dc0250229	Quot.sound,propext	∀ (source : Minidregg.Theory.ObjectiveBendOpenRecursion.Term) (meaning : Minidregg.Theory.ObjectiveBendDemandAdequacy.AddressMeaning), Minidregg.Theory.ObjectiveBendDemandAdequacy.DemandSafety meaning (Minidregg.Theory.ObjectiveBendDemandMachine.initial source)
theorem	Minidregg.Theory.ObjectiveBendDemandAdequacy.initial_fix_graph	32a2abd552f60d7011834bdfbd7a8e9e8a2327c95adea5fcba1a56b620472768	3e6e41b38c598bf84d4ab0f94676d61d55914d456c25899620638439ccc5b3cf	5885c74c4182bfc15e142b327e08afc0af78590adb65fbc6cc55823814f3a101	37506b3d62c566be	Classical.choice,Quot.sound,propext	∀ {spec inherited : Minidregg.Theory.ObjectiveBendOpenRecursion.Term}, Minidregg.Theory.ObjectiveBendDemandInvariant.Scoped 0 spec → Minidregg.Theory.ObjectiveBendDemandInvariant.Scoped 0 inherited → Minidregg.Theory.ObjectiveBendDemandAdequacy.GraphRepresents (Minidregg.Theory.ObjectiveBendDemandMachine.stepRaw (Minidregg.Theory.ObjectiveBendDemandMachine.initial (spec.fix inherited))) (spec.fix inherited)
theorem	Minidregg.Theory.ObjectiveBendDemandAdequacy.initial_originsBorn	7bea5bf5d8308a3222e7c52fba13ca445196ca15404de45742b1f5e4e425de26	21c5eb07437f6f2395d95541623fae28e30f01860f9a74f2a56189683ffbbe43	50e7ab80a324285b2f086e164da36ea1c7079258ded76a9206390e18aa2a460e	32eaab25fa976b3f	Quot.sound,propext	∀ (source : Minidregg.Theory.ObjectiveBendOpenRecursion.Term), Minidregg.Theory.ObjectiveBendDemandAdequacy.HeapOriginsBorn (Minidregg.Theory.ObjectiveBendDemandMachine.initial source).heap
def	Minidregg.Theory.ObjectiveBendDemandAdequacy.lazyFixedSource	ffe86cb4e535fda2197f62668f4994b8543a8ed4cfac1d18c7630095bce41f88	5c6813c8e16292c175257b3bf6c145bd9f30aa3822d37273e0f7b4c086baf3c7	d21665f9561627db4df79fd759bac45235173dfa10cf841c899c23f335943331	f7738adf5231b9cf	-	Minidregg.Theory.ObjectiveBendOpenRecursion.Term
theorem	Minidregg.Theory.ObjectiveBendDemandAdequacy.lazyFixedSource_closed	88155a683d95ec33126548d98923c58e783896dfb72cbcab9520a51f935aa60a	2e4d52c0ec093b63994ad9bb76a206f7fa36d1873ed42477b1ade1188d85e6b3	1290b7b0e7ac6b422bcdc50657abf052dfcb66ff9754e0c62feae8695b5fac6e	5e18d75be008abc9	-	Minidregg.Theory.ObjectiveBendDemandInvariant.Scoped 0 Minidregg.Theory.ObjectiveBendDemandAdequacy.lazyFixedSource
theorem	Minidregg.Theory.ObjectiveBendDemandAdequacy.lazyFixedSource_evaluates	72ec33ca132d8683f462e07239f48860f125d48b2680aea54800ba5a134c2e9d	951e9892fdaeebaea17bc286318c7c5f07544026e2886760b7327894e96dd044	5254c2bfc67b328b9255093e16d1a16dd981f78759e7e44cd88913405715a0f4	e7c5c9c4b983dd4f	Quot.sound,propext	Minidregg.Theory.ObjectiveBendOpenRecursion.Evaluates Minidregg.Theory.ObjectiveBendDemandAdequacy.lazyFixedSource (Minidregg.Theory.ObjectiveBendOpenRecursion.Term.bound 0).lam
theorem	Minidregg.Theory.ObjectiveBendDemandAdequacy.lazyFixedSource_finish_or_suspend	fb78318d1ec9078ec391645272c1a662b76b7982dca0b983c605d472cb6343bd	89dcf65e0d4793af04d5994aca0de2db808ed9da1a3c1573350066ed36409d20	72f8f90adbd1d6081d7072b61dac728af168d24817c56a2c19100521012f85a7	be23177b0c17ebe0	Classical.choice,Quot.sound,propext	∀ (limits : Minidregg.Theory.ObjectiveBendDemandMachine.Limits) (ticks : Nat), (∃ value final, Minidregg.Theory.ObjectiveBendDemandMachine.runBounded limits ticks (Minidregg.Theory.ObjectiveBendDemandMachine.initial Minidregg.Theory.ObjectiveBendDemandAdequacy.lazyFixedSource) = Minidregg.Theory.ObjectiveBendDemandMachine.Outcome.finished value final) ∨ ∃ reason retained, Minidregg.Theory.ObjectiveBendDemandMachine.runBounded limits ticks (Minidregg.Theory.ObjectiveBendDemandMachine.initial Minidregg.Theory.ObjectiveBendDemandAdequacy.lazyFixedSource) = Minidregg.Theory.ObjectiveBendDemandMachine.Outcome.suspended reason retained
theorem	Minidregg.Theory.ObjectiveBendDemandAdequacy.lazyFixedSource_resultControl	a373fa7fca06e12e7e91de45d7fca92cebb168d15d95f0ea251fe59d7814b789	9c8e6b7f44430a7433efa62946243dfd5abe56ecc876160f380cf038ca928d99	3ffb126e5c9eee553de9d35989c5395a6c285468c1b28c3eb3449b6a60323162	cb4487adb97d1d8c	Classical.choice,Quot.sound,propext	∀ (ticks : Nat), Minidregg.Theory.ObjectiveBendDemandAdequacy.ResultControl (Minidregg.Theory.ObjectiveBendDemandAdequacy.rawRun ticks (Minidregg.Theory.ObjectiveBendDemandMachine.initial Minidregg.Theory.ObjectiveBendDemandAdequacy.lazyFixedSource)).control
theorem	Minidregg.Theory.ObjectiveBendDemandAdequacy.liftRename_comp	0561c7801b6ee7a1dbb1e98727ca7a3c6807f30dc3eb8bfa7ba5ab6f95fa2553	e416031c284f2abd5baa0f79ad6656fa635295a1d3f3aa15c5b101e81c14fefe	02b9b2769a8379985a5fc1aafa120d0ced37cb47648cb8e0a1b7adaffcc8f5d7	f18b9e7a86e27108	Quot.sound	∀ (first second : Nat → Nat), (fun i => Minidregg.Theory.ObjectiveBendOpenRecursion.liftRename second (Minidregg.Theory.ObjectiveBendOpenRecursion.liftRename first i)) = Minidregg.Theory.ObjectiveBendOpenRecursion.liftRename fun i => second (first i)
theorem	Minidregg.Theory.ObjectiveBendDemandAdequacy.liftRename_substitution_comp	b07ef84d2309a23300b0e5df7b3032753e5e2dc42c454d2d0c31d038954c75ca	3e2e680a6524a3787e270953c429a359788d868fa21ea9d99a4a0eb1c3296a06	889f8137a2d2aac5bbb7e921660da5a90a278ef2891811a72d3900f840df6e07	cac8b5f3411047aa	Quot.sound,propext	∀ (rename : Nat → Nat) (substitution : Nat → Minidregg.Theory.ObjectiveBendOpenRecursion.Term), (fun i => Minidregg.Theory.ObjectiveBendOpenRecursion.liftSubstitution substitution (Minidregg.Theory.ObjectiveBendOpenRecursion.liftRename rename i)) = Minidregg.Theory.ObjectiveBendOpenRecursion.liftSubstitution fun i => substitution (rename i)
theorem	Minidregg.Theory.ObjectiveBendDemandAdequacy.lifted_substitution_comp	c4ea170bfe81f0be9cf18eac24cd5461f03cc014ea2e64ca1cf51bc63dea745e	b587278b293678ed7d118c93359e2e9b01070958f5f6411632dab8b8fefdff7c	b7adf203411c69131d42ec27502177efe20270cd49c2cd5c22536e6135dae3f7	afa3c86cad09d07e	Quot.sound,propext	∀ {n m k : Nat} {first second : Nat → Minidregg.Theory.ObjectiveBendOpenRecursion.Term}, (∀ (i : Nat), i < n → Minidregg.Theory.ObjectiveBendDemandInvariant.Scoped m (first i)) → (∀ (i : Nat), i < m → Minidregg.Theory.ObjectiveBendDemandInvariant.Scoped k (second i)) → ∀ (i : Nat), i < n + 1 → Minidregg.Theory.ObjectiveBendOpenRecursion.Term.substitute (Minidregg.Theory.ObjectiveBendOpenRecursion.liftSubstitution second) (Minidregg.Theory.ObjectiveBendOpenRecursion.liftSubstitution first i) = Minidregg.Theory.ObjectiveBendOpenRecursion.liftSubstitution (fun j => Minidregg.Theory.ObjectiveBendOpenRecursion.Term.substitute second (first j)) i
theorem	Minidregg.Theory.ObjectiveBendDemandAdequacy.lifted_substitution_rename	33b2f78e9119a6c0359169e08a4017e872e8019f60685fb38d62a6621aa4ab1b	89c53d9498ab6915d189b9d1beaf6f377fa5eea44be352e19d0dfc9da6d07252	0bdea5fb6e4ded464759795510dbff429d3b4f0153f9c3311076f275380e397e	34eb6898c2d9227c	Quot.sound,propext	∀ {n m : Nat} {substitution : Nat → Minidregg.Theory.ObjectiveBendOpenRecursion.Term}, (∀ (i : Nat), i < n → Minidregg.Theory.ObjectiveBendDemandInvariant.Scoped m (substitution i)) → ∀ (rename : Nat → Nat) (i : Nat), i < n + 1 → Minidregg.Theory.ObjectiveBendOpenRecursion.Term.rename (Minidregg.Theory.ObjectiveBendOpenRecursion.liftRename rename) (Minidregg.Theory.ObjectiveBendOpenRecursion.liftSubstitution substitution i) = Minidregg.Theory.ObjectiveBendOpenRecursion.liftSubstitution (fun j => Minidregg.Theory.ObjectiveBendOpenRecursion.Term.rename rename (substitution j)) i
theorem	Minidregg.Theory.ObjectiveBendDemandAdequacy.lifted_substitution_scoped	9f18bd8eba2ade1b40e73d1d093373cf41ba935b1d9d18cb7d9c580b2bb70ec1	febf71fb74dfe3ca9499b08e2557b8c82d33e8ffcab7545afe9d2534e0571326	ed7dfea5ed1a54f641313a346a3b3fe44da6914967c403bc40ec46835bfa45f8	23fb3542bfa7a0fc	Quot.sound,propext	∀ {n m : Nat} {substitution : Nat → Minidregg.Theory.ObjectiveBendOpenRecursion.Term}, (∀ (i : Nat), i < n → Minidregg.Theory.ObjectiveBendDemandInvariant.Scoped m (substitution i)) → ∀ (i : Nat), i < n + 1 → Minidregg.Theory.ObjectiveBendDemandInvariant.Scoped (m + 1) (Minidregg.Theory.ObjectiveBendOpenRecursion.liftSubstitution substitution i)
def	Minidregg.Theory.ObjectiveBendDemandAdequacy.observationRuntime	bdcbfbf66f76b08987a4d20d4c564f966bceaa262bdb5148d80f649f51b798d8	9e381ae192412fae94026d0e3d9a909811e4afd23b1f9fe49faa45d274d356ad	4a36e95b9dc2722574031752148571a3322d9abc602d19ca4e1589cf0043487c	d4df2ffc72e103a2	-	Minidregg.Theory.ObjectiveBendOpenRecursion.Observation → Minidregg.Theory.ObjectiveBendDemandMachine.RuntimeValue
def	Minidregg.Theory.ObjectiveBendDemandAdequacy.observationTerm	06cb29ef087ac0bf01f847873272a97dc874cd36ffebac30de25f4f7496e1903	4b1457b3d9198d20d79d993adba7f43b07cc257cc1a4b9c3fbed60cd82bf5bb3	a3c604c2b64a94a3fd20ebb48c3345340ad1041056f01d2c1e516a0b2de15bf2	f6d59b6430808884	-	Minidregg.Theory.ObjectiveBendOpenRecursion.Observation → Minidregg.Theory.ObjectiveBendOpenRecursion.Term
theorem	Minidregg.Theory.ObjectiveBendDemandAdequacy.originBorn_capture_bound	af5e4b46d1da8f8b12d4dafe58361d221b3c2f57f6905d64dd676450bb789644	2fe58a5836573d4bec04b660393f62b72c8fb0f8f8b05bba15e1e341ffc7a73a	69606d0b96a17529434c2ccefe978509b4337a6721d42bbf06a42c6281f34fb6	ccf912cf7fd98c7e	Quot.sound,propext	∀ {address : Minidregg.Theory.ObjectiveBendDemandMachine.Address} {origin : Minidregg.Theory.ObjectiveBendDemandMachine.Closure}, Minidregg.Theory.ObjectiveBendDemandAdequacy.OriginBorn address origin → Minidregg.Theory.ObjectiveBendDemandInvariant.EnvironmentValid (address + 1) origin.environment
theorem	Minidregg.Theory.ObjectiveBendDemandAdequacy.originBorn_demand_descent	9b82d93d42328a3763352bc455cc076095daf9855e5f4fcc986e441b7ae7ec20	28a4ce06e1d54cd71db6ece99422953598d4f4db5a6ece16c9caf224e6e5395f	7ecca92b34bf1bfaef6f3e9977c3a03d4cc14d7806b159a02274d62db970cc0c	422b9cf2b1d82de4	Classical.choice,Quot.sound,propext	∀ {meaning : Minidregg.Theory.ObjectiveBendDemandAdequacy.AddressMeaning} {address : Minidregg.Theory.ObjectiveBendDemandMachine.Address} {origin : Minidregg.Theory.ObjectiveBendDemandMachine.Closure} {result : Minidregg.Theory.ObjectiveBendOpenRecursion.Term} {cost : Nat}, Minidregg.Theory.ObjectiveBendDemandAdequacy.OriginBorn address origin → Minidregg.Theory.ObjectiveBendOpenRecursion.Steps (meaning address) (Minidregg.Theory.ObjectiveBendDemandAdequacy.closeOrigin meaning origin) → Minidregg.Theory.ObjectiveBendDemandAdequacy.SourceDerivation (meaning address) result cost → Minidregg.Theory.ObjectiveBendDemandInvariant.EnvironmentValid address origin.environment ∨ ∃ smaller, Minidregg.Theory.ObjectiveBendDemandAdequacy.SourceDerivation (Minidregg.Theory.ObjectiveBendDemandAdequacy.closeOrigin meaning origin) result smaller ∧ smaller < cost
theorem	Minidregg.Theory.ObjectiveBendDemandAdequacy.primitiveResult_value	c9b0afda9917e2373349814d6ef841c49ea5e6f38e0199c35c2b72fdc5c82797	6ebbe8a5225ef28717da62d3a460187adeeb91bd46139daa1aec5bc6909afad3	c0c924169e08de36e421cf37668881f1d29543c4c08ba243fad8becc88eb9cc8	8f0664e38ccf3175	propext	∀ {primitive : Minidregg.Theory.ObjectiveBendOpenRecursion.Primitive} {left right result : Minidregg.Theory.ObjectiveBendOpenRecursion.Term}, Minidregg.Theory.ObjectiveBendOpenRecursion.primitiveResult primitive left right = Option.some result → Minidregg.Theory.ObjectiveBendOpenRecursion.Value result
theorem	Minidregg.Theory.ObjectiveBendDemandAdequacy.push_nonEvaluating_backward	078c742a0a9006c41d2f4bdb4dc121fcd336728880b852d1f3a8e228067c492c	5f9e74d1b86429adb658e0c47fb392db2c1a6f169d5707643fe014e7ed1ba775	a0a580c289975c36192f97a2b1e337207bbef79c3a9195c0f9bfa678b97c7de2	80f030600e463eb3	Classical.choice,Quot.sound,propext	∀ {heap : Array Minidregg.Theory.ObjectiveBendDemandMachine.Cell} {cell : Minidregg.Theory.ObjectiveBendDemandMachine.Cell} {address : Minidregg.Theory.ObjectiveBendDemandMachine.Address} {origin : Minidregg.Theory.ObjectiveBendDemandMachine.Closure}, (∀ (source : Minidregg.Theory.ObjectiveBendDemandMachine.Closure), cell ≠ Minidregg.Theory.ObjectiveBendDemandMachine.Cell.evaluating source) → (heap.push cell)[address]? = Option.some (Minidregg.Theory.ObjectiveBendDemandMachine.Cell.evaluating origin) → heap[address]? = Option.some (Minidregg.Theory.ObjectiveBendDemandMachine.Cell.evaluating origin)
def	Minidregg.Theory.ObjectiveBendDemandAdequacy.rawRun	23000875972c6be0f8b129f2522914758e1068e6faa072e06c6f443a0b72e16c	978749a5b5264dc47fae05e8f9a15f82ac8c2744a3f5acb850339f2c7d48bfa6	b68388462286b7a5f7f276aa41e76be737fff7cdadadef49a0e98bea7d5fe4d8	e6d4d0515dc68114	Quot.sound,propext	Nat → Minidregg.Theory.ObjectiveBendDemandMachine.State → Minidregg.Theory.ObjectiveBendDemandMachine.State
theorem	Minidregg.Theory.ObjectiveBendDemandAdequacy.rawRun_absorbs	b81f036e3a782eee718a012f359bbdccd33ad8105c0f6a86fd387b2e1bc578e0	1606c8db1cd8e46b35f543c801ad6ea829b79841afab69f6284beb78e99bbb55	5aa4b7554c9edceb5227f1e06cc4f8eda07a92b9b289836d8b8c56b809b54490	1bfa7f64b6463c86	Quot.sound,propext	∀ {state : Minidregg.Theory.ObjectiveBendDemandMachine.State} (ticks : Nat), Minidregg.Theory.ObjectiveBendDemandMachine.stepRaw state = state → Minidregg.Theory.ObjectiveBendDemandAdequacy.rawRun ticks state = state
theorem	Minidregg.Theory.ObjectiveBendDemandAdequacy.rawRun_boolean_sound	116d2fc5df8741f744558f5e689c8f96701a2b06a1e6493b10b2c07e4adba8e8	44355e16f32c2160ca7499a1a7fee1ccb0d48220f4db1935f989c20d73971826	abd09643a459bee21c458f3cb9a119c62fa3a406848192e279ba9d822bf7090d	2b9ee48b79aeb3cd	Classical.choice,Quot.sound,propext	∀ {ticks : Nat} {source : Minidregg.Theory.ObjectiveBendOpenRecursion.Term} {value : Bool}, Minidregg.Theory.ObjectiveBendDemandInvariant.Scoped 0 source → (Minidregg.Theory.ObjectiveBendDemandAdequacy.rawRun ticks (Minidregg.Theory.ObjectiveBendDemandMachine.initial source)).control = Minidregg.Theory.ObjectiveBendDemandMachine.Control.complete (Minidregg.Theory.ObjectiveBendDemandMachine.RuntimeValue.boolean value) → Minidregg.Theory.ObjectiveBendOpenRecursion.Evaluates source (Minidregg.Theory.ObjectiveBendOpenRecursion.Term.boolean value)
theorem	Minidregg.Theory.ObjectiveBendDemandAdequacy.rawRun_closed_demandSafety	51de50e59dd43db68917d22842e5b0e1367f53de11b0aee1b12bc5ae895d6ac1	0d56f10edc79f515bc6307583ed5d19181887d3ae664398d54042ddcc724e889	2bedee424690773e980cb5a84cc4a03b20dcfffa70d4d2c8583d3dd1187eb5e4	d9d1b196a564577f	Classical.choice,Quot.sound,propext	∀ {source : Minidregg.Theory.ObjectiveBendOpenRecursion.Term}, Minidregg.Theory.ObjectiveBendDemandInvariant.Scoped 0 source → ∀ (ticks : Nat), Minidregg.Theory.ObjectiveBendDemandAdequacy.ResultControl (Minidregg.Theory.ObjectiveBendDemandAdequacy.rawRun ticks (Minidregg.Theory.ObjectiveBendDemandMachine.initial source)).control → ∃ meaning, Minidregg.Theory.ObjectiveBendDemandAdequacy.GraphRepresentsBy meaning (Minidregg.Theory.ObjectiveBendDemandAdequacy.rawRun ticks (Minidregg.Theory.ObjectiveBendDemandMachine.initial source)) source ∧ Minidregg.Theory.ObjectiveBendDemandAdequacy.DemandSafety meaning (Minidregg.Theory.ObjectiveBendDemandAdequacy.rawRun ticks (Minidregg.Theory.ObjectiveBendDemandMachine.initial source))
theorem	Minidregg.Theory.ObjectiveBendDemandAdequacy.rawRun_graph	711e8218a105fcf318764a9c08df2b336ab308d47ec833638be788de4ca36198	51dfdf0ec2bb10400ab12c9842f8ad6c462635f2092d59184566bc95b1cd5cf8	93bb0c966e6bf321a4b1364379493e792289cb25795abe4a3e9a96ab3035938f	f78449d3a737cfcb	Classical.choice,Quot.sound,propext	∀ {ticks : Nat} {state : Minidregg.Theory.ObjectiveBendDemandMachine.State} {source : Minidregg.Theory.ObjectiveBendOpenRecursion.Term}, Minidregg.Theory.ObjectiveBendDemandAdequacy.GraphRepresents state source → Minidregg.Theory.ObjectiveBendDemandAdequacy.ResultControl (Minidregg.Theory.ObjectiveBendDemandAdequacy.rawRun ticks state).control → Minidregg.Theory.ObjectiveBendDemandAdequacy.GraphRepresents (Minidregg.Theory.ObjectiveBendDemandAdequacy.rawRun ticks state) source
theorem	Minidregg.Theory.ObjectiveBendDemandAdequacy.rawRun_graphBy_names	f66209a225c2d8a74ce80cfc11a39d8a1e7dd5be3c3d39797502b03fd4ac2199	ad11c30f72140bf1c981e44391a86c97c89280926a7a0503cc0ca4191db922c3	be54a406ef22762351f6cc8f73c79467e12c793733954b88cc3436b382cbc2a9	135251aadb0d606e	Classical.choice,Quot.sound,propext	∀ {meaning : Minidregg.Theory.ObjectiveBendDemandAdequacy.AddressMeaning} {state : Minidregg.Theory.ObjectiveBendDemandMachine.State} {source : Minidregg.Theory.ObjectiveBendOpenRecursion.Term} {ticks : Nat}, Minidregg.Theory.ObjectiveBendDemandAdequacy.GraphRepresentsBy meaning state source → Minidregg.Theory.ObjectiveBendDemandAdequacy.ResultControl (Minidregg.Theory.ObjectiveBendDemandAdequacy.rawRun ticks state).control → ∃ next, Minidregg.Theory.ObjectiveBendDemandAdequacy.SourceNamesAgree state meaning next ∧ Minidregg.Theory.ObjectiveBendDemandAdequacy.GraphRepresentsBy next (Minidregg.Theory.ObjectiveBendDemandAdequacy.rawRun ticks state) source
theorem	Minidregg.Theory.ObjectiveBendDemandAdequacy.rawRun_graphBy_safety_names	e6acb0bea2a7f90a02c2faf31f14846fec83dd74041dfb0c55d09fafbd321945	5768b2e4e735a22448c41a645957547063974d4c8fce523365dab46cce1a8587	89e838f430a103813418eb3d17e5132c489d4b815ab2ab2e6a285eebac1b7d85	c1883f63e3f8beb4	Classical.choice,Quot.sound,propext	∀ {meaning : Minidregg.Theory.ObjectiveBendDemandAdequacy.AddressMeaning} {state : Minidregg.Theory.ObjectiveBendDemandMachine.State} {source : Minidregg.Theory.ObjectiveBendOpenRecursion.Term} {ticks : Nat}, Minidregg.Theory.ObjectiveBendDemandAdequacy.GraphRepresentsBy meaning state source → Minidregg.Theory.ObjectiveBendDemandAdequacy.DemandSafety meaning state → Minidregg.Theory.ObjectiveBendDemandAdequacy.HeapOriginsBorn state.heap → Minidregg.Theory.ObjectiveBendDemandAdequacy.ResultControl (Minidregg.Theory.ObjectiveBendDemandAdequacy.rawRun ticks state).control → ∃ next, Minidregg.Theory.ObjectiveBendDemandAdequacy.SourceNamesAgree state meaning next ∧ Minidregg.Theory.ObjectiveBendDemandAdequacy.GraphRepresentsBy next (Minidregg.Theory.ObjectiveBendDemandAdequacy.rawRun ticks state) source ∧ Minidregg.Theory.ObjectiveBendDemandAdequacy.DemandSafety next (Minidregg.Theory.ObjectiveBendDemandAdequacy.rawRun ticks state)
theorem	Minidregg.Theory.ObjectiveBendDemandAdequacy.rawRun_label_sound	c5bee726ef81c31e2efb9253eca7822424d590c2da8547c8d97f40b2dfd8b582	8d152e77edbae9a1af0c739007ae80aa3cd8eb5b4afdb15363643bb47120ce80	ddddecae76852f34ed3de3e64e9649c3dae4e87edf303988ab4ed7478f73d09f	5b5e53b48ad108ed	Classical.choice,Quot.sound,propext	∀ {ticks : Nat} {source : Minidregg.Theory.ObjectiveBendOpenRecursion.Term} {name : String}, Minidregg.Theory.ObjectiveBendDemandInvariant.Scoped 0 source → (Minidregg.Theory.ObjectiveBendDemandAdequacy.rawRun ticks (Minidregg.Theory.ObjectiveBendDemandMachine.initial source)).control = Minidregg.Theory.ObjectiveBendDemandMachine.Control.complete (Minidregg.Theory.ObjectiveBendDemandMachine.RuntimeValue.label name) → Minidregg.Theory.ObjectiveBendOpenRecursion.Evaluates source (Minidregg.Theory.ObjectiveBendOpenRecursion.Term.label name)
theorem	Minidregg.Theory.ObjectiveBendDemandAdequacy.rawRun_lexicalInvariant	9ab0bf530ecb28ddd30c8445689f35847be871a748968d80b54d7d14bc28a3d2	28878b282a555721bdbab18c7aec75140b056499fd3072084afff0429c5bb8b7	9d6dc005fb6c205b7ecbafdfb148cb8849ad2adc3ea1a3954e319b54c009d061	b85772343bbc5d5b	Classical.choice,Quot.sound,propext	∀ {source : Minidregg.Theory.ObjectiveBendOpenRecursion.Term}, Minidregg.Theory.ObjectiveBendDemandInvariant.Scoped 0 source → ∀ (ticks : Nat), Minidregg.Theory.ObjectiveBendDemandInvariant.LexicalInvariant (Minidregg.Theory.ObjectiveBendDemandAdequacy.rawRun ticks (Minidregg.Theory.ObjectiveBendDemandMachine.initial source))
theorem	Minidregg.Theory.ObjectiveBendDemandAdequacy.rawRun_named_graph	e6e9e6aa671f992eb60bfd7f549afb3d8b6eef2f884d699f73a2d02fe105be3a	eeba1a7546a24ff8b08d30a3743c22878855e482ec4e94d72635baf1c0289f1b	4fc9e089d34998475a8af803e7d58d5e0d72a2f88893c2886fc6ed20ec243462	dbcf3185df25a18b	Classical.choice,Quot.sound,propext	∀ {source : Minidregg.Theory.ObjectiveBendOpenRecursion.Term}, Minidregg.Theory.ObjectiveBendDemandInvariant.Scoped 0 source → ∀ (ticks : Nat), Minidregg.Theory.ObjectiveBendDemandAdequacy.ResultControl (Minidregg.Theory.ObjectiveBendDemandAdequacy.rawRun ticks (Minidregg.Theory.ObjectiveBendDemandMachine.initial source)).control → ∃ meaning, Minidregg.Theory.ObjectiveBendDemandAdequacy.GraphRepresentsBy meaning (Minidregg.Theory.ObjectiveBendDemandAdequacy.rawRun ticks (Minidregg.Theory.ObjectiveBendDemandMachine.initial source)) source
theorem	Minidregg.Theory.ObjectiveBendDemandAdequacy.rawRun_natural_sound	3dbd50398f5204be811c088bac417f59105c6a8d14f386fc9269cd9adfd93857	0fa91b70cda30d37c12839258bbf654d1c0680aa2c7fc5a258186e2ac776b979	6f71846e64374c3af57892b99fcefbdc37cebbc3c53cf08d699b58607e45fcf6	863f840bca130bea	Classical.choice,Quot.sound,propext	∀ {ticks : Nat} {source : Minidregg.Theory.ObjectiveBendOpenRecursion.Term} {number : Nat}, Minidregg.Theory.ObjectiveBendDemandInvariant.Scoped 0 source → (Minidregg.Theory.ObjectiveBendDemandAdequacy.rawRun ticks (Minidregg.Theory.ObjectiveBendDemandMachine.initial source)).control = Minidregg.Theory.ObjectiveBendDemandMachine.Control.complete (Minidregg.Theory.ObjectiveBendDemandMachine.RuntimeValue.natural number) → Minidregg.Theory.ObjectiveBendOpenRecursion.Evaluates source (Minidregg.Theory.ObjectiveBendOpenRecursion.Term.nat number)
theorem	Minidregg.Theory.ObjectiveBendDemandAdequacy.rawRun_preservesCached	389c8ee15fe8fdf3df0af7d3338c0d643c756bf68b6238f139622da90950c2ab	68973384cc70864086d7060191781e1108286ad7c465a0c8c9105613900ec9a2	6919a44b1f07bdcb11efb592f96df332deb7db493fc95ebddf880a81cadc8b0b	c6d53ec4bf4ec19c	Classical.choice,Quot.sound,propext	∀ (ticks : Nat) (state : Minidregg.Theory.ObjectiveBendDemandMachine.State), Minidregg.Theory.ObjectiveBendDemandInvariant.PreservesCached state.heap (Minidregg.Theory.ObjectiveBendDemandAdequacy.rawRun ticks state).heap
theorem	Minidregg.Theory.ObjectiveBendDemandAdequacy.rawRun_preservesOrigins	6255b4c463ed89a87295a9e98909f4a6740b91961d64054869324dadb577e451	f63a11c64d735cfa0ec977098fbb39b80c91a3fe764500c86bf5b9a2213cb85a	d1447d37bf290d97cf5c6b45b259b0c784f6f0d4de805a6b0d64022efd06bd15	7b3345f58519359d	Classical.choice,Quot.sound,propext	∀ (ticks : Nat) (state : Minidregg.Theory.ObjectiveBendDemandMachine.State), Minidregg.Theory.ObjectiveBendDemandInvariant.PreservesOrigins state.heap (Minidregg.Theory.ObjectiveBendDemandAdequacy.rawRun ticks state).heap
theorem	Minidregg.Theory.ObjectiveBendDemandAdequacy.rawRun_reachable	2f0a0335cbe958b71ebac31834e4ec506c04b38a5c51be93d0ac2da46622bf8e	006ac1b8532601d5c840fb234dd0ff30000dbb9355642462ed6f3a7b77b08f9e	1068fc229c02dad0c70c1b4cb7466e63a865e3f388cbc21bb436bcbec1ecbb4f	f9e7256155529dda	Quot.sound,propext	∀ {start state : Minidregg.Theory.ObjectiveBendDemandMachine.State}, Minidregg.Theory.ObjectiveBendDemandInvariant.Reachable start state → ∀ (ticks : Nat), Minidregg.Theory.ObjectiveBendDemandInvariant.Reachable start (Minidregg.Theory.ObjectiveBendDemandAdequacy.rawRun ticks state)
theorem	Minidregg.Theory.ObjectiveBendDemandAdequacy.rawRun_resultControl	9a6b610a06d512d89f93f7e5a5be42bc0c6add5d1c5571b09832c61e0073ce51	73cf847f68461eddbb6c39a07ee154a4aa8c3c3f36429d4d6e8f16de6374811f	ca857b35beb1675582a3cdb026c189919e7d1c3b27bbd9273657096175d63388	c3f0bef8e23a311c	Quot.sound,propext	∀ {ticks : Nat} {state : Minidregg.Theory.ObjectiveBendDemandMachine.State}, Minidregg.Theory.ObjectiveBendDemandAdequacy.ResultControl (Minidregg.Theory.ObjectiveBendDemandAdequacy.rawRun ticks state).control → Minidregg.Theory.ObjectiveBendDemandAdequacy.ResultControl state.control
theorem	Minidregg.Theory.ObjectiveBendDemandAdequacy.rawRun_terminating_administration	a4409c0e33261aaeb63df121914d5904252e30a9dd682a1c527791b00a77b840	e2cc12691bc0ea704d11bc55792ecc54a12bf35b817928079babd9bb3affc83f	ea693a74c21673038e5f5ceeada4390a4a11571a0591a4a934f3928cb4bf6c8a	2520c4db6b60024c	Classical.choice,Quot.sound,propext	∀ {source result : Minidregg.Theory.ObjectiveBendOpenRecursion.Term}, Minidregg.Theory.ObjectiveBendDemandInvariant.Scoped 0 source → Minidregg.Theory.ObjectiveBendOpenRecursion.Evaluates source result → ∀ (ticks : Nat), Minidregg.Theory.ObjectiveBendDemandAdequacy.ResultControl (Minidregg.Theory.ObjectiveBendDemandAdequacy.rawRun ticks (Minidregg.Theory.ObjectiveBendDemandMachine.initial source)).control → Minidregg.Theory.ObjectiveBendDemandAdequacy.DemandAdministrationHalts (Minidregg.Theory.ObjectiveBendDemandAdequacy.rawRun ticks (Minidregg.Theory.ObjectiveBendDemandMachine.initial source))
theorem	Minidregg.Theory.ObjectiveBendDemandAdequacy.rawRun_terminating_graphSafety	076c4fb5f7416cef04516876a16fc497129c0ca1160abf86f6fa7281403935fd	83f55f42cf015eb3bcbdd4602f16a311b872887fc8f179cbd1a3616634ae945b	b289797a9a35d8dae9fde9c2e73a072a4338bc02fe13113c3700551ba361d29d	bc1aec14d717f1e1	Classical.choice,Quot.sound,propext	∀ {meaning : Minidregg.Theory.ObjectiveBendDemandAdequacy.AddressMeaning} {state : Minidregg.Theory.ObjectiveBendDemandMachine.State} {source result : Minidregg.Theory.ObjectiveBendOpenRecursion.Term}, Minidregg.Theory.ObjectiveBendDemandAdequacy.GraphRepresentsBy meaning state source → Minidregg.Theory.ObjectiveBendDemandAdequacy.DemandSafety meaning state → Minidregg.Theory.ObjectiveBendDemandAdequacy.HeapOriginsBorn state.heap → Minidregg.Theory.ObjectiveBendOpenRecursion.Evaluates source result → ∀ (ticks : Nat), ∃ next, Minidregg.Theory.ObjectiveBendDemandAdequacy.GraphRepresentsBy next (Minidregg.Theory.ObjectiveBendDemandAdequacy.rawRun ticks state) source ∧ Minidregg.Theory.ObjectiveBendDemandAdequacy.DemandSafety next (Minidregg.Theory.ObjectiveBendDemandAdequacy.rawRun ticks state)
theorem	Minidregg.Theory.ObjectiveBendDemandAdequacy.rawRun_terminating_no_blackhole	8a43a581ae0daa3329a95d1c8986fc6fb3ed8d363dedfc380109a454f2304a81	7b7427332170405bc0b8690d38428040ffcfad2106e4fae58e5972f7a3271b8d	42cff4a7da8989a5b6af473d7c84fcc81db97caaea5e588b2f3009d100cec905	effd012f2c6b3372	Classical.choice,Quot.sound,propext	∀ {source result : Minidregg.Theory.ObjectiveBendOpenRecursion.Term}, Minidregg.Theory.ObjectiveBendDemandInvariant.Scoped 0 source → Minidregg.Theory.ObjectiveBendOpenRecursion.Evaluates source result → ∀ (ticks : Nat) (address : Minidregg.Theory.ObjectiveBendDemandMachine.Address), (Minidregg.Theory.ObjectiveBendDemandAdequacy.rawRun ticks (Minidregg.Theory.ObjectiveBendDemandMachine.initial source)).control ≠ Minidregg.Theory.ObjectiveBendDemandMachine.Control.blackhole address
theorem	Minidregg.Theory.ObjectiveBendDemandAdequacy.rawRun_terminating_reentry_impossible	f43f8014ec31b74d9e48c1778d03b2add11c68c05020b7add8ab7954bdd632ff	daa2e678c85cb9ac7983b0f12368a9f3367f644392b9b5646ec3699470b6ac7e	8d16e9d7e8f00dd1b11cff21ab433d5227765c6758b32d4ea2e9ce1ac568361e	352b171fe71bb078	Classical.choice,Quot.sound,propext	∀ {source result : Minidregg.Theory.ObjectiveBendOpenRecursion.Term} {ticks : Nat} {address : Minidregg.Theory.ObjectiveBendDemandMachine.Address} {origin : Minidregg.Theory.ObjectiveBendDemandMachine.Closure}, Minidregg.Theory.ObjectiveBendDemandInvariant.Scoped 0 source → Minidregg.Theory.ObjectiveBendOpenRecursion.Evaluates source result → (Minidregg.Theory.ObjectiveBendDemandAdequacy.rawRun ticks (Minidregg.Theory.ObjectiveBendDemandMachine.initial source)).control = Minidregg.Theory.ObjectiveBendDemandMachine.Control.enter address → (Minidregg.Theory.ObjectiveBendDemandAdequacy.rawRun ticks (Minidregg.Theory.ObjectiveBendDemandMachine.initial source)).heap[address]? = Option.some (Minidregg.Theory.ObjectiveBendDemandMachine.Cell.evaluating origin) → False
theorem	Minidregg.Theory.ObjectiveBendDemandAdequacy.rawRun_terminating_resultControl	b92d0915aa5338e6ed27b072fd096a4edc33565fbdd5df742ff086f70e06aea6	7d2c337829b722a024c8a5e4e75b37ea91273fe23b49fbcafd918c3a600b1470	cbab7dffa371bf681e3ef43ecc19515865f7a37ada4e20e6ccef737efd9047c9	b91bc9456b41c793	Classical.choice,Quot.sound,propext	∀ {source result : Minidregg.Theory.ObjectiveBendOpenRecursion.Term}, Minidregg.Theory.ObjectiveBendDemandInvariant.Scoped 0 source → Minidregg.Theory.ObjectiveBendOpenRecursion.Evaluates source result → ∀ (ticks : Nat), Minidregg.Theory.ObjectiveBendDemandAdequacy.ResultControl (Minidregg.Theory.ObjectiveBendDemandAdequacy.rawRun ticks (Minidregg.Theory.ObjectiveBendDemandMachine.initial source)).control
theorem	Minidregg.Theory.ObjectiveBendDemandAdequacy.reachable_closed_demandSafety	da4521641e01a91680d74ef9988dc1d257532050580a02f93730fc0814e51fe0	ead2c187846efa785f14a483105b0db625a6fb34ad3f36bf3b14968f5bef6c9f	acb1ba1139421209281d65b220a694de5c853196d2725e57a5e484024840118b	0881822b4089d978	Classical.choice,Quot.sound,propext	∀ {source : Minidregg.Theory.ObjectiveBendOpenRecursion.Term} {state : Minidregg.Theory.ObjectiveBendDemandMachine.State}, Minidregg.Theory.ObjectiveBendDemandInvariant.Scoped 0 source → Minidregg.Theory.ObjectiveBendDemandInvariant.Reachable (Minidregg.Theory.ObjectiveBendDemandMachine.initial source) state → Minidregg.Theory.ObjectiveBendDemandAdequacy.ResultControl state.control → ∃ meaning, Minidregg.Theory.ObjectiveBendDemandAdequacy.GraphRepresentsBy meaning state source ∧ Minidregg.Theory.ObjectiveBendDemandAdequacy.DemandSafety meaning state
theorem	Minidregg.Theory.ObjectiveBendDemandAdequacy.reachable_evaluating_budget	b1bf1511269fca2c84ac8a04065d9eff5148669cd1be44f8746ff9f6301ccc26	39c88c55b9211e7d30e2111eed04a3078df67824457b2edbd022c9930668311a	282201320f233d7306f8aa490c84e8b312789e801fa191548921b2159ecb596e	a8845ff43dd52bed	Classical.choice,Quot.sound,propext	∀ {source result : Minidregg.Theory.ObjectiveBendOpenRecursion.Term} {state : Minidregg.Theory.ObjectiveBendDemandMachine.State} {address : Minidregg.Theory.ObjectiveBendDemandMachine.Address} {origin : Minidregg.Theory.ObjectiveBendDemandMachine.Closure}, Minidregg.Theory.ObjectiveBendDemandInvariant.Scoped 0 source → Minidregg.Theory.ObjectiveBendOpenRecursion.Evaluates source result → Minidregg.Theory.ObjectiveBendDemandInvariant.Reachable (Minidregg.Theory.ObjectiveBendDemandMachine.initial source) state → state.heap[address]? = Option.some (Minidregg.Theory.ObjectiveBendDemandMachine.Cell.evaluating origin) → ∃ entered meaning value nameCost originCost, Minidregg.Theory.ObjectiveBendDemandInvariant.Reachable (Minidregg.Theory.ObjectiveBendDemandMachine.initial source) entered ∧ entered.control = Minidregg.Theory.ObjectiveBendDemandMachine.Control.enter address ∧ entered.heap[address]? = Option.some (Minidregg.Theory.ObjectiveBendDemandMachine.Cell.suspended origin) ∧ Minidregg.Theory.ObjectiveBendDemandAdequacy.EvaluatingSegment address origin entered state ∧ Minidregg.Theory.ObjectiveBendDemandAdequacy.GraphRepresentsBy meaning entered source ∧ Minidregg.Theory.ObjectiveBendDemandAdequacy.SourceDerivation (meaning address) value nameCost ∧ Minidregg.Theory.ObjectiveBendDemandAdequacy.SourceDerivation (Minidregg.Theory.ObjectiveBendDemandAdequacy.closeOrigin meaning origin) value originCost ∧ originCost ≤ nameCost ∧ (Minidregg.Theory.ObjectiveBendDemandInvariant.EnvironmentValid address origin.environment ∨ originCost < nameCost)
theorem	Minidregg.Theory.ObjectiveBendDemandAdequacy.reachable_evaluating_current_budget	ed75107cf8bb4a19bc41270cd462d00ab4d891684be719ef3539b3eb00ab4707	fbf272adbe787b8717e0b76c194e2089e2e848bfd4a97aacc916799996089309	92d88162da708b206ecf83c52aaee490792584a082cf6dc914f3ae9235dfbfcb	dc5a3eccb8825831	Classical.choice,Quot.sound,propext	∀ {source result : Minidregg.Theory.ObjectiveBendOpenRecursion.Term} {state : Minidregg.Theory.ObjectiveBendDemandMachine.State} {address : Minidregg.Theory.ObjectiveBendDemandMachine.Address} {origin : Minidregg.Theory.ObjectiveBendDemandMachine.Closure}, Minidregg.Theory.ObjectiveBendDemandInvariant.Scoped 0 source → Minidregg.Theory.ObjectiveBendOpenRecursion.Evaluates source result → Minidregg.Theory.ObjectiveBendDemandInvariant.Reachable (Minidregg.Theory.ObjectiveBendDemandMachine.initial source) state → Minidregg.Theory.ObjectiveBendDemandAdequacy.ResultControl state.control → state.heap[address]? = Option.some (Minidregg.Theory.ObjectiveBendDemandMachine.Cell.evaluating origin) → ∃ meaning value nameCost originCost, Minidregg.Theory.ObjectiveBendDemandAdequacy.GraphRepresentsBy meaning state source ∧ Minidregg.Theory.ObjectiveBendDemandAdequacy.SourceDerivation (meaning address) value nameCost ∧ Minidregg.Theory.ObjectiveBendDemandAdequacy.SourceDerivation (Minidregg.Theory.ObjectiveBendDemandAdequacy.closeOrigin meaning origin) value originCost ∧ originCost ≤ nameCost ∧ (Minidregg.Theory.ObjectiveBendDemandInvariant.EnvironmentValid address origin.environment ∨ originCost < nameCost)
theorem	Minidregg.Theory.ObjectiveBendDemandAdequacy.reachable_evaluating_segment	3b0d5380f8512332a788bee72685af7c761bf92c4286acd3a5ceb6782dd9b136	2bb090ca7dfe171286d4f520d6253ca435b40864337e67587c3280048287bbce	37474ca2ed9b1819b487a700ebea48356ea448b6d6fb7f9bcb977677959f174d	f9ac5462ec7e28bc	Classical.choice,Quot.sound,propext	∀ {source : Minidregg.Theory.ObjectiveBendOpenRecursion.Term} {state : Minidregg.Theory.ObjectiveBendDemandMachine.State} {address : Minidregg.Theory.ObjectiveBendDemandMachine.Address} {origin : Minidregg.Theory.ObjectiveBendDemandMachine.Closure}, Minidregg.Theory.ObjectiveBendDemandInvariant.Reachable (Minidregg.Theory.ObjectiveBendDemandMachine.initial source) state → state.heap[address]? = Option.some (Minidregg.Theory.ObjectiveBendDemandMachine.Cell.evaluating origin) → ∃ entered, Minidregg.Theory.ObjectiveBendDemandInvariant.Reachable (Minidregg.Theory.ObjectiveBendDemandMachine.initial source) entered ∧ entered.control = Minidregg.Theory.ObjectiveBendDemandMachine.Control.enter address ∧ entered.heap[address]? = Option.some (Minidregg.Theory.ObjectiveBendDemandMachine.Cell.suspended origin) ∧ Minidregg.Theory.ObjectiveBendDemandAdequacy.EvaluatingSegment address origin entered state
theorem	Minidregg.Theory.ObjectiveBendDemandAdequacy.reachable_evaluating_started	7c52cff638eafb0028066b07750ca64adb578804321ff219c014c7c6bdc3e5e4	39f186f381892cbce38acb78aa5e87ba76e5a66d292c201a98710a17ebd8cb9b	ee7f87ec354f00b5cfa70a36c98c15e2e5d5967333726d00ce55c3eaec4a20c0	a7c4cfeeb7d93c2f	Classical.choice,Quot.sound,propext	∀ {source : Minidregg.Theory.ObjectiveBendOpenRecursion.Term} {state : Minidregg.Theory.ObjectiveBendDemandMachine.State} {address : Minidregg.Theory.ObjectiveBendDemandMachine.Address} {origin : Minidregg.Theory.ObjectiveBendDemandMachine.Closure}, Minidregg.Theory.ObjectiveBendDemandInvariant.Reachable (Minidregg.Theory.ObjectiveBendDemandMachine.initial source) state → state.heap[address]? = Option.some (Minidregg.Theory.ObjectiveBendDemandMachine.Cell.evaluating origin) → ∃ entered, Minidregg.Theory.ObjectiveBendDemandInvariant.Reachable (Minidregg.Theory.ObjectiveBendDemandMachine.initial source) entered ∧ entered.control = Minidregg.Theory.ObjectiveBendDemandMachine.Control.enter address ∧ entered.heap[address]? = Option.some (Minidregg.Theory.ObjectiveBendDemandMachine.Cell.suspended origin)
theorem	Minidregg.Theory.ObjectiveBendDemandAdequacy.reachable_graphBy_names	9458e0ad17d4a2d94804194497fb96fb1f76fea4c8c0f7a8be2c7629a76300c4	b1e37de82767a5bcbc0e32d466f546c323d4dd1173abd92b0a402275ce267fc9	a685c92e6187ad120c146ff8effffb5af6dab85718f5ce9648e456bd42cff66a	361aacc54b00d68d	Classical.choice,Quot.sound,propext	∀ {start state : Minidregg.Theory.ObjectiveBendDemandMachine.State} {source : Minidregg.Theory.ObjectiveBendOpenRecursion.Term} {meaning : Minidregg.Theory.ObjectiveBendDemandAdequacy.AddressMeaning}, Minidregg.Theory.ObjectiveBendDemandAdequacy.GraphRepresentsBy meaning start source → Minidregg.Theory.ObjectiveBendDemandInvariant.Reachable start state → Minidregg.Theory.ObjectiveBendDemandAdequacy.ResultControl state.control → ∃ next, Minidregg.Theory.ObjectiveBendDemandAdequacy.SourceNamesAgree start meaning next ∧ Minidregg.Theory.ObjectiveBendDemandAdequacy.GraphRepresentsBy next state source
theorem	Minidregg.Theory.ObjectiveBendDemandAdequacy.reachable_originsBorn	161b6edbd84775a438c3c46ea8a574493e1c1aa15dc1b1de56e84cf52849f4e2	9e639fd30a3675bdaa700a0734a17a115cba4bec51469dc2cec9d821323cf63f	b26a7fb51645a2df9217673f0a2aa2a9743842bfddbdfe17c832d98c58ece4f6	42fa75fbd05fe28b	Classical.choice,Quot.sound,propext	∀ {source : Minidregg.Theory.ObjectiveBendOpenRecursion.Term} {state : Minidregg.Theory.ObjectiveBendDemandMachine.State}, Minidregg.Theory.ObjectiveBendDemandInvariant.Scoped 0 source → Minidregg.Theory.ObjectiveBendDemandInvariant.Reachable (Minidregg.Theory.ObjectiveBendDemandMachine.initial source) state → Minidregg.Theory.ObjectiveBendDemandAdequacy.HeapOriginsBorn state.heap
theorem	Minidregg.Theory.ObjectiveBendDemandAdequacy.reachable_terminating_no_blackhole	43a93c7c35bface2e9959d6ba886c3d438c797413cb01cded2ef4a5dad80e78f	90ce0f40557776bcaf532beed914689a7397e4fe21553a691e69e16500eb60df	5a2835d089597bf5e85447e41522b13e588d7cf675bd0f2a4dbaf6f0a8478772	f57497618b74f0c9	Classical.choice,Quot.sound,propext	∀ {source result : Minidregg.Theory.ObjectiveBendOpenRecursion.Term} {state : Minidregg.Theory.ObjectiveBendDemandMachine.State}, Minidregg.Theory.ObjectiveBendDemandInvariant.Scoped 0 source → Minidregg.Theory.ObjectiveBendOpenRecursion.Evaluates source result → Minidregg.Theory.ObjectiveBendDemandInvariant.Reachable (Minidregg.Theory.ObjectiveBendDemandMachine.initial source) state → ∀ (address : Minidregg.Theory.ObjectiveBendDemandMachine.Address), state.control ≠ Minidregg.Theory.ObjectiveBendDemandMachine.Control.blackhole address
theorem	Minidregg.Theory.ObjectiveBendDemandAdequacy.represented_born_blackhole_counterexample	5a82ed1c27fe11cef0cf99000f21de5f6b230949d8e31cf4ac30ba1e62d9b409	0afefc05d958442222634e922b1a35134fa5011cfa38ba6554276ca19e8bafe6	e6e7b6faa07da8b3fb9a2d51c3eb69c40a4be11a6e62522624d71f4a91e6370f	f14dca3a86266936	Quot.sound,propext	∃ state, Minidregg.Theory.ObjectiveBendDemandAdequacy.GraphRepresents state (Minidregg.Theory.ObjectiveBendOpenRecursion.Term.nat 0) ∧ Minidregg.Theory.ObjectiveBendDemandAdequacy.HeapOriginsBorn state.heap ∧ Minidregg.Theory.ObjectiveBendOpenRecursion.Evaluates (Minidregg.Theory.ObjectiveBendOpenRecursion.Term.nat 0) (Minidregg.Theory.ObjectiveBendOpenRecursion.Term.nat 0) ∧ (Minidregg.Theory.ObjectiveBendDemandMachine.stepRaw state).control = Minidregg.Theory.ObjectiveBendDemandMachine.Control.blackhole 0
def	Minidregg.Theory.ObjectiveBendDemandAdequacy.retainedState	43ca23dcf9e9fa409cf193696c617c471f4a81a3a486361b2bc4d39c1cb81062	166458662b130138297828c1cad046792193561040b3d3b0dec4b4d66e3ade49	8bc203e3261e4a966f7606b70f9b50562e92e59acfcf400d16bbf8f79dcf0f36	32678cb3be5eb906	-	Minidregg.Theory.ObjectiveBendDemandMachine.Outcome → Minidregg.Theory.ObjectiveBendDemandMachine.State
theorem	Minidregg.Theory.ObjectiveBendDemandAdequacy.runBounded_boolean_sound	ac4e075bf2aa5daa45e66c191dbb2401a6efda8dbf9cfd65e7d00673f886be76	97f2ce5766f15063815b8a6326f79098f8e23df3ba6ca8c72a5d42a95044d64f	3234811ac814afcdc6eee4a160ad1c64a1e598db93dc53fdd2220a4c2d1889b7	030b451421c05071	Classical.choice,Quot.sound,propext	∀ {limits : Minidregg.Theory.ObjectiveBendDemandMachine.Limits} {ticks : Nat} {source : Minidregg.Theory.ObjectiveBendOpenRecursion.Term} {value : Bool} {final : Minidregg.Theory.ObjectiveBendDemandMachine.State}, Minidregg.Theory.ObjectiveBendDemandInvariant.Scoped 0 source → Minidregg.Theory.ObjectiveBendDemandMachine.runBounded limits ticks (Minidregg.Theory.ObjectiveBendDemandMachine.initial source) = Minidregg.Theory.ObjectiveBendDemandMachine.Outcome.finished (Minidregg.Theory.ObjectiveBendDemandMachine.RuntimeValue.boolean value) final → Minidregg.Theory.ObjectiveBendOpenRecursion.Evaluates source (Minidregg.Theory.ObjectiveBendOpenRecursion.Term.boolean value)
theorem	Minidregg.Theory.ObjectiveBendDemandAdequacy.runBounded_complete_classifies	55b317961e690a20fc15341a81354cfd18019c5577e35492f02bd060d8afedd4	bb390f1e8e4b3953d984e66d6fe5356fbb17c8faff926f5d84fa1dc517cdbd21	6b3282e3a212e2869bbad10eaf0eca0b114bce2fc09518b2f085da3803f81d18	32bbaa8cb2624521	Quot.sound,propext	∀ {limits : Minidregg.Theory.ObjectiveBendDemandMachine.Limits} {ticks : Nat} {state : Minidregg.Theory.ObjectiveBendDemandMachine.State} {value : Minidregg.Theory.ObjectiveBendDemandMachine.RuntimeValue}, (Minidregg.Theory.ObjectiveBendDemandAdequacy.retainedState (Minidregg.Theory.ObjectiveBendDemandMachine.runBounded limits ticks state)).control = Minidregg.Theory.ObjectiveBendDemandMachine.Control.complete value → Minidregg.Theory.ObjectiveBendDemandMachine.runBounded limits ticks state = Minidregg.Theory.ObjectiveBendDemandMachine.Outcome.finished value (Minidregg.Theory.ObjectiveBendDemandAdequacy.retainedState (Minidregg.Theory.ObjectiveBendDemandMachine.runBounded limits ticks state))
theorem	Minidregg.Theory.ObjectiveBendDemandAdequacy.runBounded_finished_control	2200aeb941fc38726e4bf2f58fcb7ffd1fcc1030b962df1d68ce92617df508a4	0e5b3ac0619c8bd2ada89130cd81f963ca0034b35e9babb74fa3c7a2827d7e6b	c05ee4c83b0ea19c131cef83ece76f46aa63b2ea9a57b5323e67fcafc773716a	44692516612729d5	Quot.sound,propext	∀ {limits : Minidregg.Theory.ObjectiveBendDemandMachine.Limits} {ticks : Nat} {state final : Minidregg.Theory.ObjectiveBendDemandMachine.State} {value : Minidregg.Theory.ObjectiveBendDemandMachine.RuntimeValue}, Minidregg.Theory.ObjectiveBendDemandMachine.runBounded limits ticks state = Minidregg.Theory.ObjectiveBendDemandMachine.Outcome.finished value final → final.control = Minidregg.Theory.ObjectiveBendDemandMachine.Control.complete value
theorem	Minidregg.Theory.ObjectiveBendDemandAdequacy.runBounded_finished_graph	e18e2b5822c92ede52a6e3bcf0f1059906613aa62d007666c81aa807b59a5379	4256aba17b8eccdced9d9decd264635c9a929ca68549f3efe84f654f63e5cf3a	2abf024232aabb6a6e64625017e3a6efcc3bd71578a5f0a1cf5fbee58a3a0c5e	c1a57aa8367377da	Classical.choice,Quot.sound,propext	∀ {limits : Minidregg.Theory.ObjectiveBendDemandMachine.Limits} {ticks : Nat} {state final : Minidregg.Theory.ObjectiveBendDemandMachine.State} {source : Minidregg.Theory.ObjectiveBendOpenRecursion.Term} {value : Minidregg.Theory.ObjectiveBendDemandMachine.RuntimeValue}, Minidregg.Theory.ObjectiveBendDemandAdequacy.GraphRepresents state source → Minidregg.Theory.ObjectiveBendDemandMachine.runBounded limits ticks state = Minidregg.Theory.ObjectiveBendDemandMachine.Outcome.finished value final → Minidregg.Theory.ObjectiveBendDemandAdequacy.GraphRepresents final source
theorem	Minidregg.Theory.ObjectiveBendDemandAdequacy.runBounded_finished_resultControl	712a32d4c2b487d86e9aa1f46ad8d2173f6b0d183dfea64673df1c7608feba64	3f0a2453c9f82f686aa529028b9d179034f63b4b43a7fa7ce7130d76232ea38d	5b57b97a9f75e3409329be58dca96b62777ca76fe668367c528b24d1733cf2eb	71d787e34570ee40	Quot.sound,propext	∀ {limits : Minidregg.Theory.ObjectiveBendDemandMachine.Limits} {ticks : Nat} {state final : Minidregg.Theory.ObjectiveBendDemandMachine.State} {value : Minidregg.Theory.ObjectiveBendDemandMachine.RuntimeValue}, Minidregg.Theory.ObjectiveBendDemandMachine.runBounded limits ticks state = Minidregg.Theory.ObjectiveBendDemandMachine.Outcome.finished value final → Minidregg.Theory.ObjectiveBendDemandAdequacy.ResultControl state.control
theorem	Minidregg.Theory.ObjectiveBendDemandAdequacy.runBounded_label_sound	27ca81da290451841504c2492163e9aee50cc7ee516c381dce0d80120a8f7782	8aaa907243e0eb66e14ce5a49a5f6c8742ec2e258314e013a3cedef319a4e15d	299f0b6d0f73d9a77caf8b726ad78247f15a3204f4bd92453fb6fd992ce0d7ab	82e2f91841b6e858	Classical.choice,Quot.sound,propext	∀ {limits : Minidregg.Theory.ObjectiveBendDemandMachine.Limits} {ticks : Nat} {source : Minidregg.Theory.ObjectiveBendOpenRecursion.Term} {name : String} {final : Minidregg.Theory.ObjectiveBendDemandMachine.State}, Minidregg.Theory.ObjectiveBendDemandInvariant.Scoped 0 source → Minidregg.Theory.ObjectiveBendDemandMachine.runBounded limits ticks (Minidregg.Theory.ObjectiveBendDemandMachine.initial source) = Minidregg.Theory.ObjectiveBendDemandMachine.Outcome.finished (Minidregg.Theory.ObjectiveBendDemandMachine.RuntimeValue.label name) final → Minidregg.Theory.ObjectiveBendOpenRecursion.Evaluates source (Minidregg.Theory.ObjectiveBendOpenRecursion.Term.label name)
theorem	Minidregg.Theory.ObjectiveBendDemandAdequacy.runBounded_natural_sound	99e39fb0f0e1b6eb88ef97be8f6792e270496378fa799b570cf0724f1f396af3	187fcd8100bc3625280339904f14fb915c54e145691a26f07809d1524767b58c	299857627eb257626592b4d2489f77922fe1e151103a8a2cffbbebcb566b5d0d	380b6fc57550459a	Classical.choice,Quot.sound,propext	∀ {limits : Minidregg.Theory.ObjectiveBendDemandMachine.Limits} {ticks : Nat} {source : Minidregg.Theory.ObjectiveBendOpenRecursion.Term} {number : Nat} {final : Minidregg.Theory.ObjectiveBendDemandMachine.State}, Minidregg.Theory.ObjectiveBendDemandInvariant.Scoped 0 source → Minidregg.Theory.ObjectiveBendDemandMachine.runBounded limits ticks (Minidregg.Theory.ObjectiveBendDemandMachine.initial source) = Minidregg.Theory.ObjectiveBendDemandMachine.Outcome.finished (Minidregg.Theory.ObjectiveBendDemandMachine.RuntimeValue.natural number) final → Minidregg.Theory.ObjectiveBendOpenRecursion.Evaluates source (Minidregg.Theory.ObjectiveBendOpenRecursion.Term.nat number)
theorem	Minidregg.Theory.ObjectiveBendDemandAdequacy.runBounded_observation_sound	662443c4dc9dd6cfe23025b9bd147806eb2031b0e7c5a20b135d03f41f96bf9d	78f44be91f729b06334914dc6057927b8936d2adb108162747112b832312714e	433a8fba4dc169a6d2e52d35fa8be46f20ce0cb6a6a85e0bf68a8916905eb00e	ed45a1a681783cc9	Classical.choice,Quot.sound,propext	∀ {limits : Minidregg.Theory.ObjectiveBendDemandMachine.Limits} {ticks : Nat} {source : Minidregg.Theory.ObjectiveBendOpenRecursion.Term} {result : Minidregg.Theory.ObjectiveBendOpenRecursion.Observation} {final : Minidregg.Theory.ObjectiveBendDemandMachine.State}, Minidregg.Theory.ObjectiveBendDemandInvariant.Scoped 0 source → Minidregg.Theory.ObjectiveBendDemandMachine.runBounded limits ticks (Minidregg.Theory.ObjectiveBendDemandMachine.initial source) = Minidregg.Theory.ObjectiveBendDemandMachine.Outcome.finished (Minidregg.Theory.ObjectiveBendDemandAdequacy.observationRuntime result) final → Minidregg.Theory.ObjectiveBendOpenRecursion.Evaluates source (Minidregg.Theory.ObjectiveBendDemandAdequacy.observationTerm result)
theorem	Minidregg.Theory.ObjectiveBendDemandAdequacy.runBounded_observes_sound	a66d768cbef96f2341138a3d02d09944833e64f456abbe828b61a83c0f7c2794	172fbbdabdc12f0918745241bee724e5cd0bce406ea41518f4b5193d10e77bb7	30f1af60379c8723f05f9f8871daf75d18e36bf8a668ceceb944e84ec4ec15f8	6574f77ef3c4cabf	Classical.choice,Quot.sound,propext	∀ {limits : Minidregg.Theory.ObjectiveBendDemandMachine.Limits} {ticks : Nat} {source : Minidregg.Theory.ObjectiveBendOpenRecursion.Term} {result : Minidregg.Theory.ObjectiveBendOpenRecursion.Observation} {final : Minidregg.Theory.ObjectiveBendDemandMachine.State}, Minidregg.Theory.ObjectiveBendDemandInvariant.Scoped 0 source → Minidregg.Theory.ObjectiveBendDemandMachine.runBounded limits ticks (Minidregg.Theory.ObjectiveBendDemandMachine.initial source) = Minidregg.Theory.ObjectiveBendDemandMachine.Outcome.finished (Minidregg.Theory.ObjectiveBendDemandAdequacy.observationRuntime result) final → ∃ value, Minidregg.Theory.ObjectiveBendOpenRecursion.Evaluates source value ∧ Minidregg.Theory.ObjectiveBendOpenRecursion.Observes value result
theorem	Minidregg.Theory.ObjectiveBendDemandAdequacy.runBounded_only_finish_or_suspend	ed9af542a9006aa642ef49a8c435c49e24af147ea3b51e2f2bf6fc1431c22679	784f2695f86ab2249895e7d030a755beeaa8bd85b913e2c5f723de860186e7aa	949851b3958eaf5b83992a67c583937581e1c57b536528140d5a805b3d59b0d4	df4a3d8860e0d2b6	Quot.sound,propext	∀ (limits : Minidregg.Theory.ObjectiveBendDemandMachine.Limits) (ticks : Nat) (state : Minidregg.Theory.ObjectiveBendDemandMachine.State), (∀ (count : Nat), Minidregg.Theory.ObjectiveBendDemandAdequacy.ResultControl (Minidregg.Theory.ObjectiveBendDemandAdequacy.rawRun count state).control) → (∃ value final, Minidregg.Theory.ObjectiveBendDemandMachine.runBounded limits ticks state = Minidregg.Theory.ObjectiveBendDemandMachine.Outcome.finished value final) ∨ ∃ reason retained, Minidregg.Theory.ObjectiveBendDemandMachine.runBounded limits ticks state = Minidregg.Theory.ObjectiveBendDemandMachine.Outcome.suspended reason retained
theorem	Minidregg.Theory.ObjectiveBendDemandAdequacy.runBounded_resource_independent	3510ac42cb49f84dc1470e615381107df6f3dba7152665c6b479036431e6f8e9	47dd642baf63fe57be40d283020004a839280c2046a3ed783cb67870801ad694	c1d4fe8659199f45f0b892c50bb25a0ca24079470a8a6ce4384444619e889b4e	416304e5deed4d9b	Classical.choice,Quot.sound,propext	∀ {source : Minidregg.Theory.ObjectiveBendOpenRecursion.Term} {firstLimits secondLimits : Minidregg.Theory.ObjectiveBendDemandMachine.Limits} {firstTicks secondTicks : Nat} {first second : Minidregg.Theory.ObjectiveBendOpenRecursion.Observation} {firstState secondState : Minidregg.Theory.ObjectiveBendDemandMachine.State}, Minidregg.Theory.ObjectiveBendDemandInvariant.Scoped 0 source → Minidregg.Theory.ObjectiveBendDemandMachine.runBounded firstLimits firstTicks (Minidregg.Theory.ObjectiveBendDemandMachine.initial source) = Minidregg.Theory.ObjectiveBendDemandMachine.Outcome.finished (Minidregg.Theory.ObjectiveBendDemandAdequacy.observationRuntime first) firstState → Minidregg.Theory.ObjectiveBendDemandMachine.runBounded secondLimits secondTicks (Minidregg.Theory.ObjectiveBendDemandMachine.initial source) = Minidregg.Theory.ObjectiveBendDemandMachine.Outcome.finished (Minidregg.Theory.ObjectiveBendDemandAdequacy.observationRuntime second) secondState → first = second
theorem	Minidregg.Theory.ObjectiveBendDemandAdequacy.runBounded_retained_prefix	931d4d96ed7e094b8436cb26595e2b5d3fae03c297f9d216f34b56101211ca5e	7f95e2c221326bb60c72669817ceeb1b138e5be1de33b1ce9736d1ec64dcdbc4	4b52e209a2ea38faec8d9174f5d16bdcb2b09476c134f3bd518291bee742b789	7f973e27e3f8f926	Quot.sound,propext	∀ (limits : Minidregg.Theory.ObjectiveBendDemandMachine.Limits) (ticks : Nat) (state : Minidregg.Theory.ObjectiveBendDemandMachine.State), ∃ count, count ≤ ticks ∧ Minidregg.Theory.ObjectiveBendDemandAdequacy.retainedState (Minidregg.Theory.ObjectiveBendDemandMachine.runBounded limits ticks state) = Minidregg.Theory.ObjectiveBendDemandAdequacy.rawRun count state
theorem	Minidregg.Theory.ObjectiveBendDemandAdequacy.runBounded_retains_rawRun	473e748e381351e95dc023297c510096237dad449c932f3901241504aa1a5f5d	4080f3590447a4e8aacdad6eb2ac0f01a5e37ad7482464ed559b095ca907fa0b	238b86e1d925962379dccd7794342e3827bd971a816d9c9d2edf6fd6978a699c	c0ad9980620e1e5d	Quot.sound,propext	∀ {limits : Minidregg.Theory.ObjectiveBendDemandMachine.Limits} {ticks : Nat} {state : Minidregg.Theory.ObjectiveBendDemandMachine.State}, Minidregg.Theory.ObjectiveBendDemandAdequacy.TraceFits limits ticks state → Minidregg.Theory.ObjectiveBendDemandAdequacy.retainedState (Minidregg.Theory.ObjectiveBendDemandMachine.runBounded limits ticks state) = Minidregg.Theory.ObjectiveBendDemandAdequacy.rawRun ticks state
theorem	Minidregg.Theory.ObjectiveBendDemandAdequacy.runBounded_terminating_administration	e25e0c54ed6c8cf9c55d87e568956521f2ad66c04c2cd2c1d4e614931d77b44a	acce56178699bd73c46f239712399c28d74d54e83694572e07ce4637502248b0	f0279a1e53d230f8f43ecc0cd05e39b67cc15f6a8af5a26b8ad9a7e7144a5823	5800d0306efccd2f	Classical.choice,Quot.sound,propext	∀ {source result : Minidregg.Theory.ObjectiveBendOpenRecursion.Term}, Minidregg.Theory.ObjectiveBendDemandInvariant.Scoped 0 source → Minidregg.Theory.ObjectiveBendOpenRecursion.Evaluates source result → ∀ (prefixTicks : Nat), Minidregg.Theory.ObjectiveBendDemandAdequacy.ResultControl (Minidregg.Theory.ObjectiveBendDemandAdequacy.rawRun prefixTicks (Minidregg.Theory.ObjectiveBendDemandMachine.initial source)).control → ∃ ticks limits, ¬Minidregg.Theory.ObjectiveBendDemandAdequacy.DemandAdministrative (Minidregg.Theory.ObjectiveBendDemandAdequacy.retainedState (Minidregg.Theory.ObjectiveBendDemandMachine.runBounded limits ticks (Minidregg.Theory.ObjectiveBendDemandAdequacy.rawRun prefixTicks (Minidregg.Theory.ObjectiveBendDemandMachine.initial source))))
theorem	Minidregg.Theory.ObjectiveBendDemandAdequacy.runBounded_terminating_finish_or_suspend	3fff7157e19a7ffb11499494a13869dde13e51f7bd4bad1bbb357db554809421	572e6023eb5f8bfaf71eac304d9eae3ca7cb0bda9411ff9e8bd1236c0ab56b67	141b4b49443d538a477a5060b5955a3fba4823aa917ed8fcb255dc3df4023941	09ca6fdfd4580e1a	Classical.choice,Quot.sound,propext	∀ {source result : Minidregg.Theory.ObjectiveBendOpenRecursion.Term}, Minidregg.Theory.ObjectiveBendDemandInvariant.Scoped 0 source → Minidregg.Theory.ObjectiveBendOpenRecursion.Evaluates source result → ∀ (limits : Minidregg.Theory.ObjectiveBendDemandMachine.Limits) (ticks : Nat), (∃ value final, Minidregg.Theory.ObjectiveBendDemandMachine.runBounded limits ticks (Minidregg.Theory.ObjectiveBendDemandMachine.initial source) = Minidregg.Theory.ObjectiveBendDemandMachine.Outcome.finished value final) ∨ ∃ reason retained, Minidregg.Theory.ObjectiveBendDemandMachine.runBounded limits ticks (Minidregg.Theory.ObjectiveBendDemandMachine.initial source) = Minidregg.Theory.ObjectiveBendDemandMachine.Outcome.suspended reason retained
theorem	Minidregg.Theory.ObjectiveBendDemandAdequacy.runBounded_terminating_retained_resultControl	4d82c0e6db88047a7ac465266bcbc59c8766a984841a475817e1a05eb8673cca	b85445cdfa1cf0fb2b70b387ba53a1882b406209700bee558b5ca1fd2e2413f8	ec622dfb9cdb6c2aa3b499a6c6141dc5db4b58e00bf90c495ed86b984b7b0079	f5edf8c66cd454f9	Classical.choice,Quot.sound,propext	∀ {source result : Minidregg.Theory.ObjectiveBendOpenRecursion.Term}, Minidregg.Theory.ObjectiveBendDemandInvariant.Scoped 0 source → Minidregg.Theory.ObjectiveBendOpenRecursion.Evaluates source result → ∀ (limits : Minidregg.Theory.ObjectiveBendDemandMachine.Limits) (ticks : Nat), Minidregg.Theory.ObjectiveBendDemandAdequacy.ResultControl (Minidregg.Theory.ObjectiveBendDemandAdequacy.retainedState (Minidregg.Theory.ObjectiveBendDemandMachine.runBounded limits ticks (Minidregg.Theory.ObjectiveBendDemandMachine.initial source))).control
theorem	Minidregg.Theory.ObjectiveBendDemandAdequacy.runBounded_value_sound	96e2aaa8ca66b4cffbe14a1ea94ae19442254afafeea4dc6ce186ddcbb1b5c4f	4fb319f29316de7840e23674e3f6e70dfa1a53377b4c96794a99ca54cbc255e2	b78768a50e810315db85a3c407dfd5a3a7e771b18292671aabfff8f4fde98c5d	6ad551645af711eb	Classical.choice,Quot.sound,propext	∀ {limits : Minidregg.Theory.ObjectiveBendDemandMachine.Limits} {ticks : Nat} {source : Minidregg.Theory.ObjectiveBendOpenRecursion.Term} {value : Minidregg.Theory.ObjectiveBendDemandMachine.RuntimeValue} {final : Minidregg.Theory.ObjectiveBendDemandMachine.State}, Minidregg.Theory.ObjectiveBendDemandInvariant.Scoped 0 source → Minidregg.Theory.ObjectiveBendDemandMachine.runBounded limits ticks (Minidregg.Theory.ObjectiveBendDemandMachine.initial source) = Minidregg.Theory.ObjectiveBendDemandMachine.Outcome.finished value final → ∃ meaning, Minidregg.Theory.ObjectiveBendDemandAdequacy.MeaningsScoped final.heap.size meaning ∧ Minidregg.Theory.ObjectiveBendDemandAdequacy.HeapRealizes meaning final.heap ∧ Minidregg.Theory.ObjectiveBendOpenRecursion.Evaluates source (Minidregg.Theory.ObjectiveBendDemandAdequacy.valueMeaning meaning value)
theorem	Minidregg.Theory.ObjectiveBendDemandAdequacy.scalarValue_meaning	a6181857490292ce06467a64b7712037689fa1b9775cc8850d57a3563b9f7874	5dc2271a72179f347a5b566747a288227c717cfccccb6aa6d6443fbc1126d4e6	fd857efc1a86ac36cf41e3ad0909833158fc533f83424f6fe6023ed5a4da72ce	d3fa7f139c376cb7	Quot.sound,propext	∀ {value : Minidregg.Theory.ObjectiveBendDemandMachine.RuntimeValue} {term : Minidregg.Theory.ObjectiveBendOpenRecursion.Term}, Minidregg.Theory.ObjectiveBendDemandMachine.scalarValue term = Option.some value → ∀ (meaning : Minidregg.Theory.ObjectiveBendDemandAdequacy.AddressMeaning), Minidregg.Theory.ObjectiveBendDemandAdequacy.valueMeaning meaning value = term
theorem	Minidregg.Theory.ObjectiveBendDemandAdequacy.scoped_rename_comp	7e1dd4335e9235d1f16d49aacc693b278e8e3c570beec4600f9daa84ed39c6da	a9918bdb2ed9a84df3a492f5002ed5e098178ee6eb72926e4c9edfbe862a3ec5	67aae933b753fee1456e48fff726e4c0730d7a7ed41a0ba17a9ff6d3147110f9	078b667766b89be5	Quot.sound,propext	∀ {n : Nat} {term : Minidregg.Theory.ObjectiveBendOpenRecursion.Term}, Minidregg.Theory.ObjectiveBendDemandInvariant.Scoped n term → ∀ (first second : Nat → Nat), Minidregg.Theory.ObjectiveBendOpenRecursion.Term.rename second (Minidregg.Theory.ObjectiveBendOpenRecursion.Term.rename first term) = Minidregg.Theory.ObjectiveBendOpenRecursion.Term.rename (fun i => second (first i)) term
theorem	Minidregg.Theory.ObjectiveBendDemandAdequacy.scoped_rename_identity	1cc6b51bbfd6934485ec860998f1aac8c04db78c823ff6d4493cf9245df2c7b1	2d8099a7f6721114f514f50e88b2cdab34317b19ef014ec15bd3c921780856ef	037d5943c6636e4eb8fdadc78e6981d275767c714d60b87236123eef7bea6329	0b6fbcf5ca6d93ba	Quot.sound,propext	∀ {n : Nat} {term : Minidregg.Theory.ObjectiveBendOpenRecursion.Term}, Minidregg.Theory.ObjectiveBendDemandInvariant.Scoped n term → ∀ (f : Nat → Nat), (∀ (i : Nat), i < n → f i = i) → Minidregg.Theory.ObjectiveBendOpenRecursion.Term.rename f term = term
theorem	Minidregg.Theory.ObjectiveBendDemandAdequacy.scoped_rename_substitute	d01f9e03953b45c60c8b980440b1d7c55e77658a7fd62a4ef5b151606e98a206	f918351f0d2c44d0c8e43e2e10ccc2c95860a19fa9dcd873f874ebc2e611ec64	a6403b8c3dfb055eb9d6aa25d2d2f0075b4c3bd5744f96676e01145b6cdba20a	004418dc2007a61a	Quot.sound,propext	∀ {n : Nat} {term : Minidregg.Theory.ObjectiveBendOpenRecursion.Term}, Minidregg.Theory.ObjectiveBendDemandInvariant.Scoped n term → ∀ (first : Nat → Nat) (second : Nat → Minidregg.Theory.ObjectiveBendOpenRecursion.Term), Minidregg.Theory.ObjectiveBendOpenRecursion.Term.substitute second (Minidregg.Theory.ObjectiveBendOpenRecursion.Term.rename first term) = Minidregg.Theory.ObjectiveBendOpenRecursion.Term.substitute (fun i => second (first i)) term
theorem	Minidregg.Theory.ObjectiveBendDemandAdequacy.scoped_substitute_comp	2bcddde5d515358e5c25346adc82604ec68ecfd066dab424948c1c2d9a5ed0f2	2c36d45b86ea1386fb177ffe9fa87379a128228ebb50774bcf321faf92490abb	ecf406181300563e3c6714ca5b7c96695690176e192cd5bd9bce646557f5789c	82b46cecf23984fc	Quot.sound,propext	∀ {n m k : Nat} {term : Minidregg.Theory.ObjectiveBendOpenRecursion.Term}, Minidregg.Theory.ObjectiveBendDemandInvariant.Scoped n term → ∀ (first : Nat → Minidregg.Theory.ObjectiveBendOpenRecursion.Term), (∀ (i : Nat), i < n → Minidregg.Theory.ObjectiveBendDemandInvariant.Scoped m (first i)) → ∀ (second : Nat → Minidregg.Theory.ObjectiveBendOpenRecursion.Term), (∀ (i : Nat), i < m → Minidregg.Theory.ObjectiveBendDemandInvariant.Scoped k (second i)) → Minidregg.Theory.ObjectiveBendOpenRecursion.Term.substitute second (Minidregg.Theory.ObjectiveBendOpenRecursion.Term.substitute first term) = Minidregg.Theory.ObjectiveBendOpenRecursion.Term.substitute (fun i => Minidregg.Theory.ObjectiveBendOpenRecursion.Term.substitute second (first i)) term
theorem	Minidregg.Theory.ObjectiveBendDemandAdequacy.scoped_substitute_identity	1b19dd7cd02ed0c871ffff7391c8a2e30f444fdb413f0ffcd3fd8233cfd3712f	22a7ccddf14cc84fdd945b6e84ca29d93ce136bb58398ec46d41be66c3516ea2	22d2001f86e7a0238b667fc92df6b1eb49bb104f4231cb76e54cc455be29671d	56688389d37522fb	Quot.sound,propext	∀ {n : Nat} {term : Minidregg.Theory.ObjectiveBendOpenRecursion.Term}, Minidregg.Theory.ObjectiveBendDemandInvariant.Scoped n term → ∀ (f : Nat → Minidregg.Theory.ObjectiveBendOpenRecursion.Term), (∀ (i : Nat), i < n → f i = Minidregg.Theory.ObjectiveBendOpenRecursion.Term.bound i) → Minidregg.Theory.ObjectiveBendOpenRecursion.Term.substitute f term = term
theorem	Minidregg.Theory.ObjectiveBendDemandAdequacy.scoped_substitute_rename	8ab9e30b79aedfab1605908258c2fe5a80a8959bed74b492df835bda953f6387	1b747a4159c4e2d968ff5f9ce7b7f1e92eaf8e942a0a8599dda219ff500da7e9	05e3a5709b5297fc0ded8b03aa7e1f4dc2d562363a0c2a71126c972276050da0	56307b2dc4fefe18	Quot.sound,propext	∀ {n m : Nat} {term : Minidregg.Theory.ObjectiveBendOpenRecursion.Term}, Minidregg.Theory.ObjectiveBendDemandInvariant.Scoped n term → ∀ (substitution : Nat → Minidregg.Theory.ObjectiveBendOpenRecursion.Term), (∀ (i : Nat), i < n → Minidregg.Theory.ObjectiveBendDemandInvariant.Scoped m (substitution i)) → ∀ (rename : Nat → Nat), Minidregg.Theory.ObjectiveBendOpenRecursion.Term.rename rename (Minidregg.Theory.ObjectiveBendOpenRecursion.Term.substitute substitution term) = Minidregg.Theory.ObjectiveBendOpenRecursion.Term.substitute (fun i => Minidregg.Theory.ObjectiveBendOpenRecursion.Term.rename rename (substitution i)) term
theorem	Minidregg.Theory.ObjectiveBendDemandAdequacy.scoped_substitution_congr	75384cde72162b9240479c71b37041a95c77fe470f3a4ac346a95a0048990156	de6f64efb4f6825dbfae952f0b1398088efb00da5737944eb5f726151eb78aef	cd417daed26394983fdf6551784810705dc9ecb15f0377400af477deed43113d	a5a3540d670a5e3a	Quot.sound,propext	∀ {n : Nat} {term : Minidregg.Theory.ObjectiveBendOpenRecursion.Term}, Minidregg.Theory.ObjectiveBendDemandInvariant.Scoped n term → ∀ (first second : Nat → Minidregg.Theory.ObjectiveBendOpenRecursion.Term), (∀ (i : Nat), i < n → first i = second i) → Minidregg.Theory.ObjectiveBendOpenRecursion.Term.substitute first term = Minidregg.Theory.ObjectiveBendOpenRecursion.Term.substitute second term
theorem	Minidregg.Theory.ObjectiveBendDemandAdequacy.set_nonEvaluating_backward	acf9200bddc5c19bda474a43733c76b18ed1998fff9ae8064a3e8beecfa77316	36a9b745acb7eb384455440b34e62a194fd5a044000015e05b5b79a3c10866fe	866796e9df6fe1d66ba8dbfeefa0375058bc791e49eec6ed4c8c67906d11a133	7475c5ff55e2c8a9	propext	∀ {heap : Array Minidregg.Theory.ObjectiveBendDemandMachine.Cell} {target address : Minidregg.Theory.ObjectiveBendDemandMachine.Address} {cell : Minidregg.Theory.ObjectiveBendDemandMachine.Cell} {origin : Minidregg.Theory.ObjectiveBendDemandMachine.Closure}, (∀ (source : Minidregg.Theory.ObjectiveBendDemandMachine.Closure), cell ≠ Minidregg.Theory.ObjectiveBendDemandMachine.Cell.evaluating source) → (heap.set! target cell)[address]? = Option.some (Minidregg.Theory.ObjectiveBendDemandMachine.Cell.evaluating origin) → heap[address]? = Option.some (Minidregg.Theory.ObjectiveBendDemandMachine.Cell.evaluating origin)
theorem	Minidregg.Theory.ObjectiveBendDemandAdequacy.shared_argument_executor	14e011a9469bc43db712bb9272cb5bc121695934a159bcc6a2506d916cdd9dd7	2342e953df8c56e9883041514f242a5757b3b43bee8cc73556eb8b6f61137000	b31c25b0b422d1ff38f0ba9ee3646138eeb81f025a650efa0a69efae584d1f74	6ff9d8f1678a0420	Quot.sound,propext	∀ (number : Nat), Minidregg.Theory.ObjectiveBendDemandMachine.runBounded { heap := 1, stack := 2 } 13 (Minidregg.Theory.ObjectiveBendDemandMachine.initial ((Minidregg.Theory.ObjectiveBendOpenRecursion.Term.binary Minidregg.Theory.ObjectiveBendOpenRecursion.Primitive.add (Minidregg.Theory.ObjectiveBendOpenRecursion.Term.bound 0) (Minidregg.Theory.ObjectiveBendOpenRecursion.Term.bound 0)).lam.app (Minidregg.Theory.ObjectiveBendOpenRecursion.Term.nat number))) = Minidregg.Theory.ObjectiveBendDemandMachine.Outcome.finished (Minidregg.Theory.ObjectiveBendDemandMachine.RuntimeValue.natural (number + number)) { heap := #[Minidregg.Theory.ObjectiveBendDemandMachine.Cell.cached { term := Minidregg.Theory.ObjectiveBendOpenRecursion.Term.nat number, environment := [] } (Minidregg.Theory.ObjectiveBendDemandMachine.RuntimeValue.natural number)], control := Minidregg.Theory.ObjectiveBendDemandMachine.Control.complete (Minidregg.Theory.ObjectiveBendDemandMachine.RuntimeValue.natural (number + number)), stack := [] }
theorem	Minidregg.Theory.ObjectiveBendDemandAdequacy.shared_argument_source	9b4b98f1c5c4f289ce814002e9ead3c4061f5676a7fd5904869fc00853af1ff3	c9bfdba8d6281560b3df05155f07b8b2594160ce6b9585e19d403ad9fa1bc49f	b21ed4702d75b152104eeb1b6ca964134271f862a9fe96b9c9749ab7777d004a	fa7d9ede9407624d	Quot.sound,propext	∀ (number : Nat), Minidregg.Theory.ObjectiveBendOpenRecursion.Evaluates ((Minidregg.Theory.ObjectiveBendOpenRecursion.Term.binary Minidregg.Theory.ObjectiveBendOpenRecursion.Primitive.add (Minidregg.Theory.ObjectiveBendOpenRecursion.Term.bound 0) (Minidregg.Theory.ObjectiveBendOpenRecursion.Term.bound 0)).lam.app (Minidregg.Theory.ObjectiveBendOpenRecursion.Term.nat number)) (Minidregg.Theory.ObjectiveBendOpenRecursion.Term.nat (number + number))
theorem	Minidregg.Theory.ObjectiveBendDemandAdequacy.shared_field_executor	924f195a5b7fe2bcd736c74811a38dbc8bf1e787365b7e76b196790b57f3af28	0663cd0808cf83933c1b7b102a442a862f23ee7f55294fa6350dc375566eb34d	3dc546ba2dd3c071606a9f71dd2e70ae99a3d4e36ae7ed2b4a6b3437120f59c2	4cf37c5f4b223632	Classical.choice,Quot.sound,propext	∀ (unused : Minidregg.Theory.ObjectiveBendOpenRecursion.Term) (number : Nat), Minidregg.Theory.ObjectiveBendDemandMachine.runBounded { heap := 3, stack := 3 } 21 (Minidregg.Theory.ObjectiveBendDemandMachine.initial ((Minidregg.Theory.ObjectiveBendOpenRecursion.Term.binary Minidregg.Theory.ObjectiveBendOpenRecursion.Primitive.add ((Minidregg.Theory.ObjectiveBendOpenRecursion.Term.bound 0).get "x") ((Minidregg.Theory.ObjectiveBendOpenRecursion.Term.bound 0).get "x")).lam.app (Minidregg.Theory.ObjectiveBendOpenRecursion.Term.record [("x", Minidregg.Theory.ObjectiveBendOpenRecursion.Term.nat number), ("unused", unused)]))) = Minidregg.Theory.ObjectiveBendDemandMachine.Outcome.finished (Minidregg.Theory.ObjectiveBendDemandMachine.RuntimeValue.natural (number + number)) { heap := #[Minidregg.Theory.ObjectiveBendDemandMachine.Cell.cached { term := Minidregg.Theory.ObjectiveBendOpenRecursion.Term.record [("x", Minidregg.Theory.ObjectiveBendOpenRecursion.Term.nat number), ("unused", unused)], environment := [] } (Minidregg.Theory.ObjectiveBendDemandMachine.RuntimeValue.record [("x", 1), ("unused", 2)]), Minidregg.Theory.ObjectiveBendDemandMachine.Cell.cached { term := Minidregg.Theory.ObjectiveBendOpenRecursion.Term.nat number, environment := [] } (Minidregg.Theory.ObjectiveBendDemandMachine.RuntimeValue.natural number), Minidregg.Theory.ObjectiveBendDemandMachine.Cell.suspended { term := unused, environment := [] }], control := Minidregg.Theory.ObjectiveBendDemandMachine.Control.complete (Minidregg.Theory.ObjectiveBendDemandMachine.RuntimeValue.natural (number + number)), stack := [] }
theorem	Minidregg.Theory.ObjectiveBendDemandAdequacy.shared_field_source	dca49fbc30e7cd2c48c393369a0187034da18ddb6bd20a44b0802be3f596b4b2	350d1d16f5556d4ae0ff2b19cc1b6be455987201728a2a98c70f0070447c85e4	c079db8940cfdeb891d8a59fc640d9596f3c202175c2b94bc74abda7d393708b	def990b251e8974d	Quot.sound,propext	∀ (unused : Minidregg.Theory.ObjectiveBendOpenRecursion.Term) (number : Nat), Minidregg.Theory.ObjectiveBendOpenRecursion.Evaluates ((Minidregg.Theory.ObjectiveBendOpenRecursion.Term.binary Minidregg.Theory.ObjectiveBendOpenRecursion.Primitive.add ((Minidregg.Theory.ObjectiveBendOpenRecursion.Term.bound 0).get "x") ((Minidregg.Theory.ObjectiveBendOpenRecursion.Term.bound 0).get "x")).lam.app (Minidregg.Theory.ObjectiveBendOpenRecursion.Term.record [("x", Minidregg.Theory.ObjectiveBendOpenRecursion.Term.nat number), ("unused", unused)])) (Minidregg.Theory.ObjectiveBendOpenRecursion.Term.nat (number + number))
theorem	Minidregg.Theory.ObjectiveBendDemandAdequacy.sourceDerivation_cost_positive	75864711543d099e359cb92711cff8f576b8ecf072452183fa0f85b8eca7a289	f2975668d01c28545a813687352e446340d0eaeb96f0f47a4c940f93479d04a1	14d89dff13ba9278692376e5b879ffda288522922c0cf770aad32331df790ac9	dbb2489bb604a1b1	Quot.sound,propext	∀ {source result : Minidregg.Theory.ObjectiveBendOpenRecursion.Term} {cost : Nat}, Minidregg.Theory.ObjectiveBendDemandAdequacy.SourceDerivation source result cost → 0 < cost
theorem	Minidregg.Theory.ObjectiveBendDemandAdequacy.sourceDerivation_cost_unique	1db723c45c980ac73c6ef61325b3323899a76f2f443d42ee2ef700a61e85f817	1680f5e87b68ac8e982f1b4980fee0568974cb955d4a4068a00de81cbd499360	c21aeb3f9259a575e6ed7f6b1995469c33c271dedd32701aa310521b4e3cc3e5	c29c87ad1dcdd40f	Classical.choice,Quot.sound,propext	∀ {source first second : Minidregg.Theory.ObjectiveBendOpenRecursion.Term} {firstCost secondCost : Nat}, Minidregg.Theory.ObjectiveBendDemandAdequacy.SourceDerivation source first firstCost → Minidregg.Theory.ObjectiveBendDemandAdequacy.SourceDerivation source second secondCost → firstCost = secondCost
theorem	Minidregg.Theory.ObjectiveBendDemandAdequacy.sourceDerivation_evaluates	44e9a05f513f5b0dd1621e8c9c38688f2c2ee2eef7939533c4ac09941eab2fbe	6250adb40ebd00233c084d5d4ce9df24dda17402b3e75986456dbcd810bd0c14	0464d76717480c312cad2d8808b2deab68d1b0c4a85c0ec0daaea6c98c7ab68a	20ed98671a938ea7	Quot.sound,propext	∀ {source result : Minidregg.Theory.ObjectiveBendOpenRecursion.Term} {cost : Nat}, Minidregg.Theory.ObjectiveBendDemandAdequacy.SourceDerivation source result cost → Minidregg.Theory.ObjectiveBendOpenRecursion.Evaluates source result
theorem	Minidregg.Theory.ObjectiveBendDemandAdequacy.sourceDerivation_result_unique	dde265fb3fa410c6a5abc3d5a4525e716b3c1733d5650b52721aaddfbf105eb8	13892be79661a4c76d06f4ac8e93940986148a5ecb64372df19e45f5ac4dd907	92c2f10eef6c452a975016a4f68d401475b94c7c98185e1d3e1eb2cfb0f21ea3	e89bc20d91947bfe	Classical.choice,Quot.sound,propext	∀ {source first second : Minidregg.Theory.ObjectiveBendOpenRecursion.Term} {firstCost secondCost : Nat}, Minidregg.Theory.ObjectiveBendDemandAdequacy.SourceDerivation source first firstCost → Minidregg.Theory.ObjectiveBendDemandAdequacy.SourceDerivation source second secondCost → first = second
theorem	Minidregg.Theory.ObjectiveBendDemandAdequacy.sourceDerivation_value_inv	107fddf264fa98ba220f791edf7d0a03353469f3e61340e152004321fa85e19d	e245e13915f272b7382ec1e302de116ef808785f7d16ac9d340f5075f938748a	204676e20f6d62e41ffe96477bca881ba47e35f3a9f131820e5647b29954e452	3562f76e6c1a0624	Quot.sound,propext	∀ {source result : Minidregg.Theory.ObjectiveBendOpenRecursion.Term} {cost : Nat}, Minidregg.Theory.ObjectiveBendOpenRecursion.Value source → Minidregg.Theory.ObjectiveBendDemandAdequacy.SourceDerivation source result cost → result = source ∧ cost = 1
theorem	Minidregg.Theory.ObjectiveBendDemandAdequacy.sourceStep_derivation_prepend	d5b4175b6f01893c5c432e099fdfbf472837be0b917d4bd2274cc88498fa2df2	10d1abc48d4b131284cdbc91bb2c257ddd05159dde1134c37b1c1a006fe71c03	a7c2ade1db3c9a06a892aec67ab6843bf4ab9a754289e7a231183a7354a50248	5573625da7be4d74	Quot.sound,propext	∀ {source next result : Minidregg.Theory.ObjectiveBendOpenRecursion.Term} {cost : Nat}, Minidregg.Theory.ObjectiveBendOpenRecursion.Step source next → Minidregg.Theory.ObjectiveBendDemandAdequacy.SourceDerivation next result cost → ∃ larger, Minidregg.Theory.ObjectiveBendDemandAdequacy.SourceDerivation source result larger ∧ cost < larger
theorem	Minidregg.Theory.ObjectiveBendDemandAdequacy.sourceStep_derivation_tail	1fde26655bec0fc31d6154073f31995a0a30a7384ced89d5cfa1f734580b9136	f42f55c6fae88de8f1e784f590fe87a19e113429b20d0cb52e1d88965c57fa3f	0a5420e009bdbb92454820584854b4d609e65890d89e971918af747633ee9424	5d8085eb9be26f1e	Classical.choice,Quot.sound,propext	∀ {source next result : Minidregg.Theory.ObjectiveBendOpenRecursion.Term} {cost : Nat}, Minidregg.Theory.ObjectiveBendOpenRecursion.Step source next → Minidregg.Theory.ObjectiveBendDemandAdequacy.SourceDerivation source result cost → ∃ smaller, Minidregg.Theory.ObjectiveBendDemandAdequacy.SourceDerivation next result smaller ∧ smaller < cost
theorem	Minidregg.Theory.ObjectiveBendDemandAdequacy.sourceStep_deterministic	1c80aa56ed2a4fb7fff98bb05ae6864abc5237c6ae8e9c4f9377af5391cad263	7627df27f22531aa356cc31c7e0ae10f1b25eade73a88e8e86e31ae7650896cb	14fc340579ecce4b326d39f57d8ef6c1f156cd2f8f7829c738882970d11d57b4	4e1f45cecaf7a134	Classical.choice,Quot.sound,propext	∀ {term first second : Minidregg.Theory.ObjectiveBendOpenRecursion.Term}, Minidregg.Theory.ObjectiveBendOpenRecursion.Step term first → Minidregg.Theory.ObjectiveBendOpenRecursion.Step term second → first = second
theorem	Minidregg.Theory.ObjectiveBendDemandAdequacy.sourceStep_evaluates_tail	1b6c16129ab874978cbb1770fa5167f0186badceb5cb2d3dc9c4243eaeb08982	9a06230dfdce00c648606717ec74de2e54e040f0e9b00b2b9d0ca6fb9ad32148	269ed0cd60725fb188284277fe50d3e1809cb7bda87eed9b34ebada5a4f17dd2	a819040bcdffaf60	Classical.choice,Quot.sound,propext	∀ {source next value : Minidregg.Theory.ObjectiveBendOpenRecursion.Term}, Minidregg.Theory.ObjectiveBendOpenRecursion.Step source next → Minidregg.Theory.ObjectiveBendOpenRecursion.Evaluates source value → Minidregg.Theory.ObjectiveBendOpenRecursion.Evaluates next value
theorem	Minidregg.Theory.ObjectiveBendDemandAdequacy.sourceSteps_derivation_strict	e1e35c7da1229aad551e629f40fb01bb136a4c6b9e3adc8cfe47544869a75d69	8bcd4d0089b8872bbd65958ff62ca28bde355381f072db06550dc7edc283bb20	ac85233c46ff7cba8d834f16683a55282dbaa301ecc876d0f8683af03e3866b3	9c8a2a0b17f7bc29	Classical.choice,Quot.sound,propext	∀ {source next result : Minidregg.Theory.ObjectiveBendOpenRecursion.Term} {cost : Nat}, Minidregg.Theory.ObjectiveBendOpenRecursion.Steps source next → source ≠ next → Minidregg.Theory.ObjectiveBendDemandAdequacy.SourceDerivation source result cost → ∃ smaller, Minidregg.Theory.ObjectiveBendDemandAdequacy.SourceDerivation next result smaller ∧ smaller < cost
theorem	Minidregg.Theory.ObjectiveBendDemandAdequacy.sourceSteps_derivation_tail	f03f61d34ad18eabeb7f01b049a66db19f10fe6f99dad22234352f6f89580c83	72b651704469ddcf45bc40d6be69ef1a6b4f7274b38bbdf9b3fc62bfa114208c	f27b6bf8d9bb3429c17e0cecfbcba831032aded68d4d67badde2b6aba7b6fb0a	6ed626a822128918	Classical.choice,Quot.sound,propext	∀ {source next result : Minidregg.Theory.ObjectiveBendOpenRecursion.Term} {cost : Nat}, Minidregg.Theory.ObjectiveBendOpenRecursion.Steps source next → Minidregg.Theory.ObjectiveBendDemandAdequacy.SourceDerivation source result cost → ∃ smaller, Minidregg.Theory.ObjectiveBendDemandAdequacy.SourceDerivation next result smaller ∧ smaller ≤ cost
theorem	Minidregg.Theory.ObjectiveBendDemandAdequacy.sourceSteps_evaluates_tail	4cf056ba92f32bc318124e77a81891c0ba595b9154e0fa5161b0540d3d495d59	bcf644f33c3c5a2bb52a3090bcd3aa520792435b83d21605a8300afd167d46a7	8df3de049cfde8fa9bde9025fdd808a5d4ffcac700f5495b500df2ff2975887e	1317d76cf20d1882	Classical.choice,Quot.sound,propext	∀ {source next value : Minidregg.Theory.ObjectiveBendOpenRecursion.Term}, Minidregg.Theory.ObjectiveBendOpenRecursion.Steps source next → Minidregg.Theory.ObjectiveBendOpenRecursion.Evaluates source value → Minidregg.Theory.ObjectiveBendOpenRecursion.Evaluates next value
theorem	Minidregg.Theory.ObjectiveBendDemandAdequacy.sourceSteps_frame	1f2f34b683b0dacc533545b642fe9c32f64dfff05706943996f8a591b3df3a7a	4bd8cd6b14b5428b07465ab18c0751de9cc678376033852ff5be96e5c828c07c	fafad48c1562b791a2be226ca5cf8ba96f76a36ab25b6491e9f824d58563b21e	810d25a70578b8ba	Quot.sound,propext	∀ (meaning : Minidregg.Theory.ObjectiveBendDemandAdequacy.AddressMeaning) (frame : Minidregg.Theory.ObjectiveBendDemandMachine.Frame) {before after : Minidregg.Theory.ObjectiveBendOpenRecursion.Term}, Minidregg.Theory.ObjectiveBendOpenRecursion.Steps before after → Minidregg.Theory.ObjectiveBendOpenRecursion.Steps (Minidregg.Theory.ObjectiveBendDemandAdequacy.frameMeaning meaning frame before) (Minidregg.Theory.ObjectiveBendDemandAdequacy.frameMeaning meaning frame after)
theorem	Minidregg.Theory.ObjectiveBendDemandAdequacy.sourceSteps_lift	6b3db31483d273b46a506b1268e8a22cf6493634feb38533dc29f79402613d1a	97b0ef7e063ca43870fc1d6aa819ca720a025250c355f66fe5800fdb4c6ddef3	75d96fb16f2b61b90a916247693b89f4ea371ff15bdd8d5624acd414ce080d1c	bec874681d885dcc	Quot.sound,propext	∀ (context : Minidregg.Theory.ObjectiveBendOpenRecursion.Term → Minidregg.Theory.ObjectiveBendOpenRecursion.Term), (∀ {first second : Minidregg.Theory.ObjectiveBendOpenRecursion.Term}, Minidregg.Theory.ObjectiveBendOpenRecursion.Step first second → Minidregg.Theory.ObjectiveBendOpenRecursion.Step (context first) (context second)) → ∀ {first second : Minidregg.Theory.ObjectiveBendOpenRecursion.Term}, Minidregg.Theory.ObjectiveBendOpenRecursion.Steps first second → Minidregg.Theory.ObjectiveBendOpenRecursion.Steps (context first) (context second)
theorem	Minidregg.Theory.ObjectiveBendDemandAdequacy.sourceSteps_stack	d1e2cef5552aa5256b882c0dd8891e71c00e5d33db1e6bbb4f1d68d4e0973deb	c6297fe73e1d5b15acbadc40d59bdb74c3c6c9f900b9e57fd9a3d0b119fba60b	77bdb30ede77e90de85a0466d7df02a40fd0887057879ff09bd60406f3cd805d	da199f08217390f2	Quot.sound,propext	∀ (meaning : Minidregg.Theory.ObjectiveBendDemandAdequacy.AddressMeaning) (stack : List Minidregg.Theory.ObjectiveBendDemandMachine.Frame) {before after : Minidregg.Theory.ObjectiveBendOpenRecursion.Term}, Minidregg.Theory.ObjectiveBendOpenRecursion.Steps before after → Minidregg.Theory.ObjectiveBendOpenRecursion.Steps (Minidregg.Theory.ObjectiveBendDemandAdequacy.stackMeaning meaning stack before) (Minidregg.Theory.ObjectiveBendDemandAdequacy.stackMeaning meaning stack after)
theorem	Minidregg.Theory.ObjectiveBendDemandAdequacy.sourceSteps_trans	f1513d4859bcc313c804d7d556dafdb84167bdc93b01ded569ba9903ef708b4b	95d6de92e3048e02f6b55836cd6ec7ecf1bf85f81a6218758771b7abfdc4ea06	3feb65ccb9a684af539842152add22561e96a593a7b0dd507499a07989b893e8	0e1721ae2f279d9c	Quot.sound,propext	∀ {a b c : Minidregg.Theory.ObjectiveBendOpenRecursion.Term}, Minidregg.Theory.ObjectiveBendOpenRecursion.Steps a b → Minidregg.Theory.ObjectiveBendOpenRecursion.Steps b c → Minidregg.Theory.ObjectiveBendOpenRecursion.Steps a c
theorem	Minidregg.Theory.ObjectiveBendDemandAdequacy.source_evaluates_derivation	1306e279b9b7ce3449ae552ebd7fccb4512c40150bb14d76cdf132b444b3dee3	0f226f434a17e723f57d8a650305c5773dc735fe3120e935780d7951c5463305	8be22ef35aa5456c8b71774c90667bdf81f8dcfb2c6a1ba0659adb600a5adbc5	49750366c2354726	Quot.sound,propext	∀ {source result : Minidregg.Theory.ObjectiveBendOpenRecursion.Term}, Minidregg.Theory.ObjectiveBendOpenRecursion.Evaluates source result → ∃ cost, Minidregg.Theory.ObjectiveBendDemandAdequacy.SourceDerivation source result cost
theorem	Minidregg.Theory.ObjectiveBendDemandAdequacy.source_evaluates_iff_derivation	6a11693c652d50c025e65ea47c407f22d9c2a0430f60bf06ca6753ada5ef8090	bae0040dcb496dbb08b89b9f6277e9869e08e5c8ddf1b9b347de627861dee890	8701f6d31778fb6e3f1b14f14511ee500655c2dad95742c431b91003f060d9a7	546333fb1d3192d3	Quot.sound,propext	∀ {source result : Minidregg.Theory.ObjectiveBendOpenRecursion.Term}, Minidregg.Theory.ObjectiveBendOpenRecursion.Evaluates source result ↔ ∃ cost, Minidregg.Theory.ObjectiveBendDemandAdequacy.SourceDerivation source result cost
theorem	Minidregg.Theory.ObjectiveBendDemandAdequacy.source_evaluates_unique	10af25fad3bbe704183f423620861e68aa0829791920f74ba1725d7232bec36e	68f37b8490bac1aee474d6092cc4e5160a4d31ddd1368ff13b742ced80a4fd54	58224a0dcf6e31875df75a280b2d14c2789ea94623cfba0058143942f8c8dfc2	8fa7e6925fd29eb0	Classical.choice,Quot.sound,propext	∀ {source first second : Minidregg.Theory.ObjectiveBendOpenRecursion.Term}, Minidregg.Theory.ObjectiveBendOpenRecursion.Evaluates source first → Minidregg.Theory.ObjectiveBendOpenRecursion.Evaluates source second → first = second
theorem	Minidregg.Theory.ObjectiveBendDemandAdequacy.source_value_noStep	ff9c5b322b30fa60570eb7129f977296e932f53c3df7eab56a5dd30f5fcd5f22	39713802cbe8fee8aa46f00bb3d95358130cec7198108d79e2b493337d328117	338275662dfe5d0e077a1992ca416050b35d767c86c033001dfd6ce98602858b	d80c58fb0d83a02b	Quot.sound,propext	∀ {term next : Minidregg.Theory.ObjectiveBendOpenRecursion.Term}, Minidregg.Theory.ObjectiveBendOpenRecursion.Value term → Minidregg.Theory.ObjectiveBendOpenRecursion.Step term next → False
theorem	Minidregg.Theory.ObjectiveBendDemandAdequacy.source_value_steps_identity	1151e72d6710d75856c5aae9819f48e9dc23c01649eb043b898b0ea092694720	8904ea4ba927dc5a8b9e52e21cf9e4b45e05d4b4bba7ca5168366a979ef3fcf5	6476c421fcd6dc48952c73922c7ea237f6fa1c6b5a4e2293537413b838e01e6b	29f4dddc8a684251	Quot.sound,propext	∀ {term next : Minidregg.Theory.ObjectiveBendOpenRecursion.Term}, Minidregg.Theory.ObjectiveBendOpenRecursion.Value term → Minidregg.Theory.ObjectiveBendOpenRecursion.Steps term next → term = next
def	Minidregg.Theory.ObjectiveBendDemandAdequacy.stackMeaning	6168eb9e524553c4b3bf68836312b23e275e966c9460fbef35509b60031ed4a4	c80ecd7e4923ed3609ace43c6e6ac4912267c6d1dda5bb19abd01fbc3c143e87	82939c3c311546b19f727ea13d264be942883ec1bf583cf99a6a405fdbc41b4c	b7f0c3bb76593083	Quot.sound,propext	Minidregg.Theory.ObjectiveBendDemandAdequacy.AddressMeaning → List Minidregg.Theory.ObjectiveBendDemandMachine.Frame → Minidregg.Theory.ObjectiveBendOpenRecursion.Term → Minidregg.Theory.ObjectiveBendOpenRecursion.Term
theorem	Minidregg.Theory.ObjectiveBendDemandAdequacy.stackRealizes_congr	b5cc5eee2a8789b25c101e584f72272fdf26074d13d2bfb8f1cc7b20db4d5374	11474ea067603568c619ba2602abc14357264bec12df84d8e61145f7dc14a0d3	b428493d5023d49d49455a7a9b21e0da28f741b6ccc6b1fc9fbe6e70722f157f	03eb398a3227fe26	Quot.sound,propext	∀ {bound : Nat} {first second : Minidregg.Theory.ObjectiveBendDemandAdequacy.AddressMeaning} {root focus : Minidregg.Theory.ObjectiveBendOpenRecursion.Term} {stack : List Minidregg.Theory.ObjectiveBendDemandMachine.Frame}, (∀ (frame : Minidregg.Theory.ObjectiveBendDemandMachine.Frame), frame ∈ stack → Minidregg.Theory.ObjectiveBendDemandInvariant.FrameValid bound frame) → (∀ (address : Nat), address < bound → first address = second address) → Minidregg.Theory.ObjectiveBendDemandAdequacy.StackRealizes first root focus stack → Minidregg.Theory.ObjectiveBendDemandAdequacy.StackRealizes second root focus stack
theorem	Minidregg.Theory.ObjectiveBendDemandAdequacy.stackRealizes_erases	ce494310e572f16910599a5c06caa3519733aa86676de4969d251cfd4a5d88de	782e341f6c5e8456506e73aa68c84eaae890c364e4309320842bccbaeb98a986	9b9987787669cc8649b1429db5b884a1cd4a2efb63a20c850819f1c458d372cc	98b553bf2455945d	Quot.sound,propext	∀ {meaning : Minidregg.Theory.ObjectiveBendDemandAdequacy.AddressMeaning} {root focus : Minidregg.Theory.ObjectiveBendOpenRecursion.Term} {stack : List Minidregg.Theory.ObjectiveBendDemandMachine.Frame}, Minidregg.Theory.ObjectiveBendDemandAdequacy.StackRealizes meaning root focus stack → Minidregg.Theory.ObjectiveBendOpenRecursion.Steps root (Minidregg.Theory.ObjectiveBendDemandAdequacy.stackMeaning meaning stack focus)
theorem	Minidregg.Theory.ObjectiveBendDemandAdequacy.stackRealizes_steps	476cbd14eb33d316cb1442412bd9ffd2120c87aaa96536259156532ce40af4ed	6c3aaeba1439c811f1cc2f8ef2e2316aaca404058e15be86d0ca341eb601b10b	f39209fa6a7505cda8c3223b390a3099a117cfe1061f7f2862f10696d82e75c1	c58a45b36a84ec06	Quot.sound,propext	∀ {meaning : Minidregg.Theory.ObjectiveBendDemandAdequacy.AddressMeaning} {root before after : Minidregg.Theory.ObjectiveBendOpenRecursion.Term} {stack : List Minidregg.Theory.ObjectiveBendDemandMachine.Frame}, Minidregg.Theory.ObjectiveBendDemandAdequacy.StackRealizes meaning root before stack → Minidregg.Theory.ObjectiveBendOpenRecursion.Steps before after → Minidregg.Theory.ObjectiveBendDemandAdequacy.StackRealizes meaning root after stack
theorem	Minidregg.Theory.ObjectiveBendDemandAdequacy.stackRealizes_update_segment	0542841da7511626ad98f31aa6e51f7fc7838b1a2c467ce9e1245fa18cf57393	b8d84d031f63225a34f7ca59c3ec0b321902ea781ae6f83aeeb9be108d8c82de	271cdc77c9c9662d2ae33e7c210bfcf0e97bd98d3af18ef0abc502cdebc6df57	8baa659a77e29043	Quot.sound,propext	∀ {meaning : Minidregg.Theory.ObjectiveBendDemandAdequacy.AddressMeaning} {root focus : Minidregg.Theory.ObjectiveBendOpenRecursion.Term} {before after : List Minidregg.Theory.ObjectiveBendDemandMachine.Frame} {address : Minidregg.Theory.ObjectiveBendDemandMachine.Address}, Minidregg.Theory.ObjectiveBendDemandAdequacy.StackRealizes meaning root focus (before ++ Minidregg.Theory.ObjectiveBendDemandMachine.Frame.update address :: after) → Minidregg.Theory.ObjectiveBendOpenRecursion.Steps (meaning address) (Minidregg.Theory.ObjectiveBendDemandAdequacy.stackMeaning meaning before focus)
theorem	Minidregg.Theory.ObjectiveBendDemandAdequacy.stackUpdates_member_split	675eb953894547b3b875c4cc4ba7802dbba6bc1540563de4ecb5d3b0585b159b	8a5081e6ff4fcf26a40b0b20377faf33c1486c524e8f1f49cd02ac37e7e4e694	da1df550d6711010f444d709f68014137dbeca1ddf424d4ee235cdf84e0979b1	274541df8da59ebe	Classical.choice,Quot.sound,propext	∀ {stack : List Minidregg.Theory.ObjectiveBendDemandMachine.Frame} {address : Minidregg.Theory.ObjectiveBendDemandMachine.Address}, address ∈ Minidregg.Theory.ObjectiveBendDemandInvariant.stackUpdates stack → ∃ before after, stack = before ++ Minidregg.Theory.ObjectiveBendDemandMachine.Frame.update address :: after
theorem	Minidregg.Theory.ObjectiveBendDemandAdequacy.stack_derivation_demand	2bd2368f9219e00ed30001a8f05bd771f28e8e265ee50a711f1ac6628989597f	46a1a0b2d44611f580620efa9c6affe4a755178c188c2ecb5988d31cd01b4efd	805e2e29862bfaf4a8ff8aa7fed17deed78f9702acdca38aa947d4b215d6d365	02e22aeb72efa58b	Quot.sound,propext	∀ {meaning : Minidregg.Theory.ObjectiveBendDemandAdequacy.AddressMeaning} {stack : List Minidregg.Theory.ObjectiveBendDemandMachine.Frame} {focus result : Minidregg.Theory.ObjectiveBendOpenRecursion.Term} {cost : Nat}, Minidregg.Theory.ObjectiveBendDemandAdequacy.SourceDerivation (Minidregg.Theory.ObjectiveBendDemandAdequacy.stackMeaning meaning stack focus) result cost → ∃ value demandCost, Minidregg.Theory.ObjectiveBendDemandAdequacy.SourceDerivation focus value demandCost ∧ demandCost ≤ cost
theorem	Minidregg.Theory.ObjectiveBendDemandAdequacy.stepRaw_blackhole_origin	53f0aa978286d876eea3c1adff3f34bc0375e5987ae3a1ec50691d8590bad457	ccb263a712ae84a14457bdd6f75001903bb20b445a93977e594e1087c1c51280	009c88bb7cf8d0c2a0d46276ffd64dd4ccf9fb94f90cdccfc7e48cb5109b7770	b5162fba6c4f0620	Quot.sound,propext	∀ {state : Minidregg.Theory.ObjectiveBendDemandMachine.State} {address : Minidregg.Theory.ObjectiveBendDemandMachine.Address}, (Minidregg.Theory.ObjectiveBendDemandMachine.stepRaw state).control = Minidregg.Theory.ObjectiveBendDemandMachine.Control.blackhole address → state.control = Minidregg.Theory.ObjectiveBendDemandMachine.Control.blackhole address ∨ state.control = Minidregg.Theory.ObjectiveBendDemandMachine.Control.enter address ∧ ∃ origin, state.heap[address]? = Option.some (Minidregg.Theory.ObjectiveBendDemandMachine.Cell.evaluating origin)
theorem	Minidregg.Theory.ObjectiveBendDemandAdequacy.stepRaw_demandSafety_administrative	3358bc0ab45fa174d36bc39912d267e774f7e6b59b0bdecdd8f04f3ff5817a07	10633212560f2bd4ffe4c80c652ca46eb28654cbda419637afc8dd5b6bc43f10	64f8601db1b048444425423281934ecc3b2d2c146a248c33cb50fab1bb03fce2	2cbab82c923c501d	Classical.choice,Quot.sound,propext	∀ {meaning : Minidregg.Theory.ObjectiveBendDemandAdequacy.AddressMeaning} {state : Minidregg.Theory.ObjectiveBendDemandMachine.State}, Minidregg.Theory.ObjectiveBendDemandAdequacy.DemandSafety meaning state → Minidregg.Theory.ObjectiveBendDemandAdequacy.HeapRealizes meaning state.heap → Minidregg.Theory.ObjectiveBendDemandAdequacy.HeapOriginsBorn state.heap → Minidregg.Theory.ObjectiveBendDemandAdequacy.DemandAdministrative state → Minidregg.Theory.ObjectiveBendDemandAdequacy.DemandSafety meaning (Minidregg.Theory.ObjectiveBendDemandMachine.stepRaw state)
theorem	Minidregg.Theory.ObjectiveBendDemandAdequacy.stepRaw_demandSafety_bound	5ff63e28b86f2091f253f811ff7325657fdc8a87e97f9aedc8e0a3081c3e7242	24621a8ed406c436634bf73e478ea8b89d575eb6168731ce3cb19a99522ebc48	87302c8b717cd1d0bbee4dda4499686154b70b9ad73ac17083586117ee5572f5	f2bc86a7e28b99ca	Classical.choice,Quot.sound,propext	∀ {meaning : Minidregg.Theory.ObjectiveBendDemandAdequacy.AddressMeaning} {state : Minidregg.Theory.ObjectiveBendDemandMachine.State} {environment : Minidregg.Theory.ObjectiveBendDemandMachine.Environment} {index address : Nat}, Minidregg.Theory.ObjectiveBendDemandAdequacy.DemandSafety meaning state → Minidregg.Theory.ObjectiveBendDemandAdequacy.HeapRealizes meaning state.heap → Minidregg.Theory.ObjectiveBendDemandAdequacy.HeapOriginsBorn state.heap → state.control = Minidregg.Theory.ObjectiveBendDemandMachine.Control.evaluate (Minidregg.Theory.ObjectiveBendOpenRecursion.Term.bound index) environment → environment[index]? = Option.some address → Minidregg.Theory.ObjectiveBendDemandAdequacy.DemandSafety meaning (Minidregg.Theory.ObjectiveBendDemandMachine.stepRaw state)
theorem	Minidregg.Theory.ObjectiveBendDemandAdequacy.stepRaw_demandSafety_enter_suspended	c4bd316a6224570ce056f59b188c1309c02f23bd8dfe234ee946970c94a26baa	00094bcfe3e79aa09afa30b00f53aec2ef55dae2452d9691debef94e38b9bdcd	5f7cbf73a0b6de93171d2d453d7c139f9a9b80b8b4596ae578251895e122cc7e	56d68f4e1a6115d4	Classical.choice,Quot.sound,propext	∀ {meaning : Minidregg.Theory.ObjectiveBendDemandAdequacy.AddressMeaning} {state : Minidregg.Theory.ObjectiveBendDemandMachine.State} {address : Minidregg.Theory.ObjectiveBendDemandMachine.Address} {origin : Minidregg.Theory.ObjectiveBendDemandMachine.Closure}, Minidregg.Theory.ObjectiveBendDemandAdequacy.DemandSafety meaning state → Minidregg.Theory.ObjectiveBendDemandAdequacy.HeapRealizes meaning state.heap → Minidregg.Theory.ObjectiveBendDemandAdequacy.HeapOriginsBorn state.heap → state.control = Minidregg.Theory.ObjectiveBendDemandMachine.Control.enter address → state.heap[address]? = Option.some (Minidregg.Theory.ObjectiveBendDemandMachine.Cell.suspended origin) → Minidregg.Theory.ObjectiveBendDemandAdequacy.DemandSafety meaning (Minidregg.Theory.ObjectiveBendDemandMachine.stepRaw state)
theorem	Minidregg.Theory.ObjectiveBendDemandAdequacy.stepRaw_evaluating_birth	f2235cb6cdee7c572d0c392bc469d6efd8f187604842dbfa9b2e2c24d53c7944	15aca77b0a1fd147ee5c251d7017ffbb699f72e452ea5e01dd489256d5032632	fd733d4c48d8a2b70cb92b28dc8e0623b5e22891273f7154e7c1d9e8d8c48545	7ac2ddda30446c14	Classical.choice,Quot.sound,propext	∀ {state : Minidregg.Theory.ObjectiveBendDemandMachine.State} {address : Minidregg.Theory.ObjectiveBendDemandMachine.Address} {origin : Minidregg.Theory.ObjectiveBendDemandMachine.Closure}, (Minidregg.Theory.ObjectiveBendDemandMachine.stepRaw state).heap[address]? = Option.some (Minidregg.Theory.ObjectiveBendDemandMachine.Cell.evaluating origin) → state.heap[address]? = Option.some (Minidregg.Theory.ObjectiveBendDemandMachine.Cell.evaluating origin) ∨ state.control = Minidregg.Theory.ObjectiveBendDemandMachine.Control.enter address ∧ state.heap[address]? = Option.some (Minidregg.Theory.ObjectiveBendDemandMachine.Cell.suspended origin)
theorem	Minidregg.Theory.ObjectiveBendDemandAdequacy.stepRaw_originsBorn	7339f2a9f1a1df0c3b26664c435b555cd2b6efda003325206d385b5d734bc766	4954957746caf47799f299b814e82a5468d0e4296779adc20cb5a5e34368dfe8	624831d79384ff058a5d68f7fdacd2cb19755c12f26457c8f196153e326159c5	b529ed78b0234710	Classical.choice,Quot.sound,propext	∀ {state : Minidregg.Theory.ObjectiveBendDemandMachine.State}, Minidregg.Theory.ObjectiveBendDemandInvariant.LexicalInvariant state → Minidregg.Theory.ObjectiveBendDemandAdequacy.HeapOriginsBorn state.heap → Minidregg.Theory.ObjectiveBendDemandAdequacy.HeapOriginsBorn (Minidregg.Theory.ObjectiveBendDemandMachine.stepRaw state).heap
theorem	Minidregg.Theory.ObjectiveBendDemandAdequacy.step_finished_control	a8a5aad40e45c9ab7d9015f42bf524217f24846d6f43cdd33edd71550a35d646	19212004a69ea511b59fdd6050cea8173fb097a34f6500e663aa504595f6f830	df0df349ebdae46798c1746dbf812dc204cd9021e1c31a1c4c3820613779404b	60e81adb899a7f8a	Quot.sound,propext	∀ {limits : Minidregg.Theory.ObjectiveBendDemandMachine.Limits} {state final : Minidregg.Theory.ObjectiveBendDemandMachine.State} {value : Minidregg.Theory.ObjectiveBendDemandMachine.RuntimeValue}, Minidregg.Theory.ObjectiveBendDemandMachine.step limits state = Minidregg.Theory.ObjectiveBendDemandMachine.Outcome.finished value final → final.control = Minidregg.Theory.ObjectiveBendDemandMachine.Control.complete value
theorem	Minidregg.Theory.ObjectiveBendDemandAdequacy.step_ticks_raw	36da50ab978555f66f28b23c93f20768917fdc53d062a40864c9aa5be706ef3c	cbde8aebc49e301522b95b68f002539bfc68ba273fb10626c46a7b4847a33cb1	c3772b11e92ffbb53269ba4b7d7420ababeeddeffeaeb999626a07be9c8e8d24	a1156e4362ba8ad5	Quot.sound,propext	∀ {limits : Minidregg.Theory.ObjectiveBendDemandMachine.Limits} {state next : Minidregg.Theory.ObjectiveBendDemandMachine.State}, Minidregg.Theory.ObjectiveBendDemandMachine.step limits state = Minidregg.Theory.ObjectiveBendDemandMachine.Outcome.suspended Minidregg.Theory.ObjectiveBendDemandMachine.Suspension.ticks next → next = Minidregg.Theory.ObjectiveBendDemandMachine.stepRaw state
theorem	Minidregg.Theory.ObjectiveBendDemandAdequacy.tiedOrigin_name_proper	9710bce8ddd5a1b21c51e4a9d8e6b1f3ef24286bf1d95480c4016a595ce33c0f	820bc8fd0ce7f7f64028e20be314c5060565b0a428df9c0ae1bec1290044dcfb	832b294704158c56896e6c0c7deced0d7b2e10b9cbfd719bdea2d472f6175d5c	4b2711c8deafe1e0	Quot.sound,propext	∀ (meaning : Minidregg.Theory.ObjectiveBendDemandAdequacy.AddressMeaning) (address : Minidregg.Theory.ObjectiveBendDemandMachine.Address) (spec inherited : Minidregg.Theory.ObjectiveBendOpenRecursion.Term) (captured : Minidregg.Theory.ObjectiveBendDemandMachine.Environment), SizeOf.sizeOf (meaning address) < SizeOf.sizeOf (Minidregg.Theory.ObjectiveBendDemandAdequacy.closeOrigin meaning { term := ((Minidregg.Theory.ObjectiveBendOpenRecursion.Term.rename Nat.succ spec).app (Minidregg.Theory.ObjectiveBendOpenRecursion.Term.bound 0)).app (Minidregg.Theory.ObjectiveBendOpenRecursion.Term.rename Nat.succ inherited), environment := address :: captured })
theorem	Minidregg.Theory.ObjectiveBendDemandAdequacy.traceFits_mono	05dee7b45cc3ad596508ec31588f558d95e6b34b43b0c4530c4a2f01a3ce5eff	e6355dae1154faaa95dab1ba9e2fe8f5c2ce202db471ad7f9a8e15388a5ee223	6a63055da7d832fa1d532799ba4603bdbf3cdad18358cf72640f9a3be0198482	6eb69a1266aab3b1	Quot.sound,propext	∀ {ticks : Nat} {state : Minidregg.Theory.ObjectiveBendDemandMachine.State} {small large : Minidregg.Theory.ObjectiveBendDemandMachine.Limits}, Minidregg.Theory.ObjectiveBendDemandAdequacy.TraceFits small ticks state → small.heap ≤ large.heap → small.stack ≤ large.stack → Minidregg.Theory.ObjectiveBendDemandAdequacy.TraceFits large ticks state
theorem	Minidregg.Theory.ObjectiveBendDemandAdequacy.traceFits_traceLimits	4142c91e7a1be58698b8e65d1a3c510404688f83f66dfa724fdd28118b8bfa26	c1c189907942e7ec945e049524942917d4f61780d3b07fa45692d6486d321297	3df1ba78b9ffc2e0a8bb917ba1de178e3cb86206e5ba83eb1487f7615d4625e3	13429e4351b327c0	Quot.sound,propext	∀ (ticks : Nat) (state : Minidregg.Theory.ObjectiveBendDemandMachine.State), Minidregg.Theory.ObjectiveBendDemandAdequacy.TraceFits (Minidregg.Theory.ObjectiveBendDemandAdequacy.traceLimits ticks state) ticks state
def	Minidregg.Theory.ObjectiveBendDemandAdequacy.traceLimits	be802bc3cb23fb80b3132bff6ce5f664dfa72f0cd82dcb52f072f1ffe313cbb2	d6939911e0fc22af7484192a1f0753eb8d4581481d69882f70cd0176f78c84cd	700266498706c6a6fb438ad5763a07b9d4da0477e087b9131e7f7f72ca741e48	f19be8aa709728fb	Quot.sound,propext	Nat → Minidregg.Theory.ObjectiveBendDemandMachine.State → Minidregg.Theory.ObjectiveBendDemandMachine.Limits
theorem	Minidregg.Theory.ObjectiveBendDemandAdequacy.unused_argument_executor	ce3cd7c2c2073f7285f481cfaa3cb7cfc0695c8d25a647b969490690a9017d86	16809a1b16e3b1db6e7066a32c9079af0825ef16fb408b04f781615062452726	1c294490518fb97af61b5c8334cf0e30437ecf5aa521f2ed026bd90319762201	ac554fb7f9e0d9ce	Quot.sound,propext	∀ (argument : Minidregg.Theory.ObjectiveBendOpenRecursion.Term) (number : Nat), Minidregg.Theory.ObjectiveBendDemandMachine.runBounded { heap := 1, stack := 1 } 5 (Minidregg.Theory.ObjectiveBendDemandMachine.initial ((Minidregg.Theory.ObjectiveBendOpenRecursion.Term.nat number).lam.app argument)) = Minidregg.Theory.ObjectiveBendDemandMachine.Outcome.finished (Minidregg.Theory.ObjectiveBendDemandMachine.RuntimeValue.natural number) { heap := #[Minidregg.Theory.ObjectiveBendDemandMachine.Cell.suspended { term := argument, environment := [] }], control := Minidregg.Theory.ObjectiveBendDemandMachine.Control.complete (Minidregg.Theory.ObjectiveBendDemandMachine.RuntimeValue.natural number), stack := [] }
theorem	Minidregg.Theory.ObjectiveBendDemandAdequacy.unused_argument_source	66dfe473eb52dcfc64a3fab014e4726d02424fbd0189eb5738a3bb4d4466209c	7bf56ebe6bae64a43b12a50490bf08fd62bec74a707638c2f913863212e05eb5	1f9aea3e76a1d6e14332567f7c9fa5afa545ba3d9d56a60b158f2b2eb1964d3f	73505a082eb5433b	Quot.sound,propext	∀ (argument : Minidregg.Theory.ObjectiveBendOpenRecursion.Term) (number : Nat), Minidregg.Theory.ObjectiveBendOpenRecursion.Evaluates ((Minidregg.Theory.ObjectiveBendOpenRecursion.Term.nat number).lam.app argument) (Minidregg.Theory.ObjectiveBendOpenRecursion.Term.nat number)
def	Minidregg.Theory.ObjectiveBendDemandAdequacy.valueMeaning	be02647a5e1cbcad11c4a296e687551cfab4f59b10bc8f83470c167dc9375552	2fca1b4a50d207810a0f0f9e80152976a9349198abb290f0a088e08a9c4707d2	0c7a252b448ef8bd2d87569097d574764a827c0cceb45861494c0c94221ddf8b	4bd734c77a1ee747	Quot.sound,propext	Minidregg.Theory.ObjectiveBendDemandAdequacy.AddressMeaning → Minidregg.Theory.ObjectiveBendDemandMachine.RuntimeValue → Minidregg.Theory.ObjectiveBendOpenRecursion.Term
theorem	Minidregg.Theory.ObjectiveBendDemandAdequacy.valueMeaning_congr	12e83c56ac82251e69d32dab2ce60da2307ae3e370a482e74584af8e1a20f83f	abf5423da3f24e772bc2d7f9758fc7a2b61fc46f3a2aa7d5029091a50a745a1a	01b7be1d8a1ac836c0f39fb9790f5347dc58996f66269d0b47cb5fe3adc9e4d5	cacde9fea527c901	Quot.sound,propext	∀ {bound : Nat} {first second : Minidregg.Theory.ObjectiveBendDemandAdequacy.AddressMeaning} {value : Minidregg.Theory.ObjectiveBendDemandMachine.RuntimeValue}, Minidregg.Theory.ObjectiveBendDemandInvariant.RuntimeValueValid bound value → (∀ (address : Nat), address < bound → first address = second address) → Minidregg.Theory.ObjectiveBendDemandAdequacy.valueMeaning first value = Minidregg.Theory.ObjectiveBendDemandAdequacy.valueMeaning second value
theorem	Minidregg.Theory.ObjectiveBendDemandAdequacy.valueMeaning_scoped	81f9d1db33797ca6b5b6364d49af9fdbe1ea785b998a86c1110ab4710c3ad196	f0deb906d383c437020c64d142e629d97ad43d2cf9e69dbcc6260f47c2549068	1320f5f32fcb288c28e0853741ae56ae5567ad2abb1fcdcb52cb09d0b9a01c00	a2730daa8a8bcefe	Quot.sound,propext	∀ {bound : Nat} {meaning : Minidregg.Theory.ObjectiveBendDemandAdequacy.AddressMeaning} {value : Minidregg.Theory.ObjectiveBendDemandMachine.RuntimeValue}, Minidregg.Theory.ObjectiveBendDemandAdequacy.MeaningsScoped bound meaning → Minidregg.Theory.ObjectiveBendDemandInvariant.RuntimeValueValid bound value → Minidregg.Theory.ObjectiveBendDemandInvariant.Scoped 0 (Minidregg.Theory.ObjectiveBendDemandAdequacy.valueMeaning meaning value)
theorem	Minidregg.Theory.ObjectiveBendDemandAdequacy.valueMeaning_value	cbe1cb40497a8c6897136622be89ef20b89682de260ecec8fd79bb34187db2d6	0a0bf0a48ff572f979c6641ae49980c80ae4be4fc7934a4436027a787ed8b060	2bf8833af085678556e7e7eb92fa29b78b272a85dd4f9949abc4ce570b7f28eb	b10bc635dc5d9a8f	Quot.sound,propext	∀ (meaning : Minidregg.Theory.ObjectiveBendDemandAdequacy.AddressMeaning) (value : Minidregg.Theory.ObjectiveBendDemandMachine.RuntimeValue), Minidregg.Theory.ObjectiveBendOpenRecursion.Value (Minidregg.Theory.ObjectiveBendDemandAdequacy.valueMeaning meaning value)
theorem	Minidregg.Theory.ObjectiveBendDemandAdequacy.valueTerm_meaning	f6f0b0f1f7c93c8a0a8532ef8b2b7c7a8df11843a94a68e35fb4d9dc2c016e7d	471e57be76b6651e4d10a5fcb84fc04b630396cd1fe1e8e29f1598a87b298569	a48f39ed4fc4290824b7bf0feb3cc37f9059a882e00eb1e515efd7822769725d	6a512478b6228297	Quot.sound,propext	∀ {value : Minidregg.Theory.ObjectiveBendDemandMachine.RuntimeValue} {term : Minidregg.Theory.ObjectiveBendOpenRecursion.Term}, Minidregg.Theory.ObjectiveBendDemandMachine.valueTerm value = Option.some term → ∀ (meaning : Minidregg.Theory.ObjectiveBendDemandAdequacy.AddressMeaning), Minidregg.Theory.ObjectiveBendDemandAdequacy.valueMeaning meaning value = term
