# Theory.ObjectiveBendDemandPreservation.Base: Objective contract manifest. Written by `scripts/check-objective-proofs.sh proofs --pin`;
# a removed or changed row needs a line in scripts/gates/objective-contract-changes.txt.
inductive	Minidregg.Theory.ObjectiveBendDemandPreservation.CapturedFunction	86ab8a9ec8eae5d9eec4cecafb90499c1b430849fe9e70bb1c59a0e3e8bc2cb4	3faa40596f82f29a25f8e0fbb0d78fdff5435ad1380e71aa25edbb6dc83c6533	c33efee87fa37c02d5d024016e708453f40243a146c7971091dc89239d1d9ea3	a540177eee8e7fbc		Minidregg.Theory.ObjectiveBendTyping.Assumptions → Minidregg.Theory.ObjectiveBendDemandTyping.AddressTypes → Minidregg.Theory.ObjectiveBendOpenRecursion.Term → Minidregg.Theory.ObjectiveBendDemandMachine.Environment → Type
def	Minidregg.Theory.ObjectiveBendDemandPreservation.CapturedFunction.annotation	c1b658052cb9a335faf787335fbf1d5bc30cb9e8d68e5b273687df055a0c72de	36ad9fd19257ac3da485431d5c4e808d0203973fa57d8c975d16f928d63ea88a	055b7087f62d202aa23aa1acc98430084699431070574bf4437ca29ebf73e160	7b1eafdb47da8bfd	Classical.choice,Quot.sound,propext	{assumptions : Minidregg.Theory.ObjectiveBendTyping.Assumptions} → {types : Minidregg.Theory.ObjectiveBendDemandTyping.AddressTypes} → {body : Minidregg.Theory.ObjectiveBendOpenRecursion.Term} → {environment : Minidregg.Theory.ObjectiveBendDemandMachine.Environment} → Minidregg.Theory.ObjectiveBendDemandPreservation.CapturedFunction assumptions types body environment → Minidregg.Theory.ObjectiveBendTypes.LambdaAnnotation
def	Minidregg.Theory.ObjectiveBendDemandPreservation.CapturedFunction.arrow	bac9db910e5baa66bd825bf1e8c5f6bfe7853cec24b2c4ec4a129351418702a6	3759100e0f072daa7db864b733676ef4de65d798ebffc99bb918461991173785	70ab9d6cae5e5becadf0c53501b40019e93607c6c045636ef749222e8ea98467	5124f4b3835cf3c5	Classical.choice,Quot.sound,propext	{assumptions : Minidregg.Theory.ObjectiveBendTyping.Assumptions} → {types : Minidregg.Theory.ObjectiveBendDemandTyping.AddressTypes} → {body : Minidregg.Theory.ObjectiveBendOpenRecursion.Term} → {environment : Minidregg.Theory.ObjectiveBendDemandMachine.Environment} → Minidregg.Theory.ObjectiveBendDemandPreservation.CapturedFunction assumptions types body environment → Minidregg.Theory.ObjectiveBendTypes.Ty
theorem	Minidregg.Theory.ObjectiveBendDemandPreservation.CapturedFunction.bodyTyped	6359e3a4ec57237c30e164cf1fbe07beff679f7d00d2e1a9cd42e88df5ca830f	eb2417ed79efcddffdfaa7ff4ce35e48bcd2438b1846d99dec53ecdf94e85bca	6710f864fda46c55d40756896c75bbdfa01fd20e56ebd93af75c1b1c9fef552d	c399a61c044f10cc	Classical.choice,Quot.sound,propext	∀ {assumptions : Minidregg.Theory.ObjectiveBendTyping.Assumptions} {types : Minidregg.Theory.ObjectiveBendDemandTyping.AddressTypes} {body : Minidregg.Theory.ObjectiveBendOpenRecursion.Term} {environment : Minidregg.Theory.ObjectiveBendDemandMachine.Environment} (self : Minidregg.Theory.ObjectiveBendDemandPreservation.CapturedFunction assumptions types body environment), Minidregg.Theory.ObjectiveBendTyping.PartialTyping assumptions ({ type := self.annotation.domain, quantity := self.annotation.parameter } :: self.context) body self.annotation.codomain self.uses
theorem	Minidregg.Theory.ObjectiveBendDemandPreservation.CapturedFunction.captures	97d7d405370e060907cfd061d748b41203d45e471cad227ab0dda8eef14ec9d1	dd350b584d2bac4bbfef943ae5ae1b97d45983a347e1bf7c0858fb75b5c725e8	727849d6c82db7eb30a37e19423400cf9979d024ac70f45521caa2f0d5e04ed1	436ea964ecc7b732	Classical.choice,Quot.sound,propext	∀ {assumptions : Minidregg.Theory.ObjectiveBendTyping.Assumptions} {types : Minidregg.Theory.ObjectiveBendDemandTyping.AddressTypes} {body : Minidregg.Theory.ObjectiveBendOpenRecursion.Term} {environment : Minidregg.Theory.ObjectiveBendDemandMachine.Environment} (self : Minidregg.Theory.ObjectiveBendDemandPreservation.CapturedFunction assumptions types body environment), Minidregg.Theory.ObjectiveBendTyping.reusableAllowed assumptions self.annotation.reuse self.context (List.tail self.uses) = Bool.true
def	Minidregg.Theory.ObjectiveBendDemandPreservation.CapturedFunction.context	5418f0ed03016de510ca40ba1ac076546146d3e901279fcb827202b456cce6cd	da1a164a8e7f40ad6bf079ebb1c439da539a276d9e0bd757e4cab5febacae45c	77f40065bdfdab204a82b774b878400be89641d441eca096e301550187504b1f	19ec6dfb5280cd52	Classical.choice,Quot.sound,propext	{assumptions : Minidregg.Theory.ObjectiveBendTyping.Assumptions} → {types : Minidregg.Theory.ObjectiveBendDemandTyping.AddressTypes} → {body : Minidregg.Theory.ObjectiveBendOpenRecursion.Term} → {environment : Minidregg.Theory.ObjectiveBendDemandMachine.Environment} → Minidregg.Theory.ObjectiveBendDemandPreservation.CapturedFunction assumptions types body environment → Minidregg.Theory.ObjectiveBendTypes.Context
theorem	Minidregg.Theory.ObjectiveBendDemandPreservation.CapturedFunction.environmentTyped	cd8f588f2eb5a04553742b0a9a861f2db290ce70b0d8193efda19f6b1e3c808c	83fd8420100dc4d5fccb2ade208c2f993415eb4fd0da48f4da37c8a965c23a7c	9591e49e6136e2a7155a41e463131bfd49f2af9078c2d53901d83a8c1b9249d9	1ed19de6a0ad5cd6	Classical.choice,Quot.sound,propext	∀ {assumptions : Minidregg.Theory.ObjectiveBendTyping.Assumptions} {types : Minidregg.Theory.ObjectiveBendDemandTyping.AddressTypes} {body : Minidregg.Theory.ObjectiveBendOpenRecursion.Term} {environment : Minidregg.Theory.ObjectiveBendDemandMachine.Environment} (self : Minidregg.Theory.ObjectiveBendDemandPreservation.CapturedFunction assumptions types body environment), Minidregg.Theory.ObjectiveBendDemandTyping.EnvironmentTyping types self.context environment
ctor	Minidregg.Theory.ObjectiveBendDemandPreservation.CapturedFunction.mk	6ed4ecff9e5b89ae7149d6634423277ea8d7b56250a286c6abd13f61eadbb14e	a9631198109330160701c717f1a7958134ffa5d6eaa164a61f92a6f37cc49cb8	f31ea8406e94a57fc98d216db528f69ce14bb23e3780cf8f437e6f044e408ace	5e01d76b853ebc2f		{assumptions : Minidregg.Theory.ObjectiveBendTyping.Assumptions} → {types : Minidregg.Theory.ObjectiveBendDemandTyping.AddressTypes} → {body : Minidregg.Theory.ObjectiveBendOpenRecursion.Term} → {environment : Minidregg.Theory.ObjectiveBendDemandMachine.Environment} → (context : Minidregg.Theory.ObjectiveBendTypes.Context) → (annotation : Minidregg.Theory.ObjectiveBendTypes.LambdaAnnotation) → (uses : Minidregg.Theory.ObjectiveBendTypes.Uses) → Minidregg.Theory.ObjectiveBendDemandTyping.EnvironmentTyping types context environment → Minidregg.Theory.ObjectiveBendTyping.PartialTyping assumptions ({ type := annotation.domain, quantity := annotation.parameter } :: context) body annotation.codomain uses → Minidregg.Theory.ObjectiveBendTypes.safeUses ({ type := annotation.domain, quantity := annotation.parameter } :: context) uses = Bool.true → Minidregg.Theory.ObjectiveBendTypes.validContext assumptions.shareableVariables ({ type := annotation.domain, quantity := annotation.parameter } :: context) = Bool.true → Minidregg.Theory.ObjectiveBendTyping.reusableAllowed assumptions annotation.reuse context (List.tail uses) = Bool.true → Minidregg.Theory.ObjectiveBendDemandPreservation.CapturedFunction assumptions types body environment
theorem	Minidregg.Theory.ObjectiveBendDemandPreservation.CapturedFunction.safe	4a1f0b44c8276013b5bf06e9171cc063f4e55bc0ea5989ae24442fe2ecf9e327	ddcfbc775bf9885f44b30d3b5a5c78ca351cdeab9bddfbee82d31e907d9fc430	4722e6be48f3f963a258e073e448e900b9dcfb007169c3bcd252c285e6f92e2e	d1fae936dd1ee821	Classical.choice,Quot.sound,propext	∀ {assumptions : Minidregg.Theory.ObjectiveBendTyping.Assumptions} {types : Minidregg.Theory.ObjectiveBendDemandTyping.AddressTypes} {body : Minidregg.Theory.ObjectiveBendOpenRecursion.Term} {environment : Minidregg.Theory.ObjectiveBendDemandMachine.Environment} (self : Minidregg.Theory.ObjectiveBendDemandPreservation.CapturedFunction assumptions types body environment), Minidregg.Theory.ObjectiveBendTypes.safeUses ({ type := self.annotation.domain, quantity := self.annotation.parameter } :: self.context) self.uses = Bool.true
def	Minidregg.Theory.ObjectiveBendDemandPreservation.CapturedFunction.uses	1f6a9f4c1c8e609c84a03bc0815b6345a7df431169cbc49c8824383c2bc08f4b	4dc4a0e1049ec75e146e4ffaaa6fad5f5e06de76cb04ee6c7dcc64858908396e	3c8343c1efac003e727c39148d1bce7a357d5ce3b7b1a655828a32341c12fa42	e4736dbe9fcbb1dd	Classical.choice,Quot.sound,propext	{assumptions : Minidregg.Theory.ObjectiveBendTyping.Assumptions} → {types : Minidregg.Theory.ObjectiveBendDemandTyping.AddressTypes} → {body : Minidregg.Theory.ObjectiveBendOpenRecursion.Term} → {environment : Minidregg.Theory.ObjectiveBendDemandMachine.Environment} → Minidregg.Theory.ObjectiveBendDemandPreservation.CapturedFunction assumptions types body environment → Minidregg.Theory.ObjectiveBendTypes.Uses
theorem	Minidregg.Theory.ObjectiveBendDemandPreservation.CapturedFunction.valid	6c377ee9b6aa8c7e11226d05d1807b8a332ee73743ed05ee35b2967299822202	65526514a2b99bac229eed2ef563f50eaf5b02c738e851a1f72dc556151898aa	74ca54492644ee47ebd1b510bbc03fe9531f23d5ae425078a067f47fd417ae08	302efcfd0803012f	Classical.choice,Quot.sound,propext	∀ {assumptions : Minidregg.Theory.ObjectiveBendTyping.Assumptions} {types : Minidregg.Theory.ObjectiveBendDemandTyping.AddressTypes} {body : Minidregg.Theory.ObjectiveBendOpenRecursion.Term} {environment : Minidregg.Theory.ObjectiveBendDemandMachine.Environment} (self : Minidregg.Theory.ObjectiveBendDemandPreservation.CapturedFunction assumptions types body environment), Minidregg.Theory.ObjectiveBendTypes.validContext assumptions.shareableVariables ({ type := self.annotation.domain, quantity := self.annotation.parameter } :: self.context) = Bool.true
theorem	Minidregg.Theory.ObjectiveBendDemandPreservation.CellTyping.weaken	d45a958554599858cf8df209b9aa5141ccd325b140b960e2ea497888d51732f3	d46311e11c7af109e8c1b408c853743675ce63efa5cd2bbdbc03d28ce67014d8	2368bb710ebae95d056122ea7c967ca69167a5878aef248672b25dac646e7697	cf76f2a14a3897ff	Classical.choice,Quot.sound,propext	∀ {assumptions : Minidregg.Theory.ObjectiveBendTyping.Assumptions} {before after : Minidregg.Theory.ObjectiveBendDemandTyping.AddressTypes} {cell : Minidregg.Theory.ObjectiveBendDemandMachine.Cell} {type : Minidregg.Theory.ObjectiveBendTypes.Ty}, Minidregg.Theory.ObjectiveBendDemandTyping.TypeExtension before after → Minidregg.Theory.ObjectiveBendDemandTyping.CellTyping assumptions before cell type → Minidregg.Theory.ObjectiveBendDemandTyping.CellTyping assumptions after cell type
def	Minidregg.Theory.ObjectiveBendDemandPreservation.ClosureTyping.weaken	b97c49bf96ee9e81b30a546d230406960ae93e93dea080cefac1158a46705053	12bca86f260a8c6ffc3c0aa6ed850bf459e44f619c13b32b7cea938777204711	18363828cef7a87c8a6682eed5bb521783a7a2f432217c30eda8e427238b1f7e	b8444611e955e52c	Classical.choice,Quot.sound,propext	{assumptions : Minidregg.Theory.ObjectiveBendTyping.Assumptions} → {before after : Minidregg.Theory.ObjectiveBendDemandTyping.AddressTypes} → {closure : Minidregg.Theory.ObjectiveBendDemandMachine.Closure} → {type : Minidregg.Theory.ObjectiveBendTypes.Ty} → Minidregg.Theory.ObjectiveBendDemandTyping.TypeExtension before after → Minidregg.Theory.ObjectiveBendDemandTyping.ClosureTyping assumptions before closure type → Minidregg.Theory.ObjectiveBendDemandTyping.ClosureTyping assumptions after closure type
theorem	Minidregg.Theory.ObjectiveBendDemandPreservation.ControlTyping.weaken	0a858ae4d3e2f899331d1d49ecf780ec44b128fc098cd3141e09a1c2602e722a	fc4c46026b17bc3fec57914b56cd17b7ebca9cb93c4559981c6ba95aa4b214e5	71718eb03eb57f093585a90a3540c77d205c2ab0918b881be389d2ebeeead240	3817435ed46a0299	Classical.choice,Quot.sound,propext	∀ {assumptions : Minidregg.Theory.ObjectiveBendTyping.Assumptions} {before after : Minidregg.Theory.ObjectiveBendDemandTyping.AddressTypes} {control : Minidregg.Theory.ObjectiveBendDemandMachine.Control} {type : Minidregg.Theory.ObjectiveBendTypes.Ty}, Minidregg.Theory.ObjectiveBendDemandTyping.TypeExtension before after → Minidregg.Theory.ObjectiveBendDemandTyping.ControlTyping assumptions before control type → Minidregg.Theory.ObjectiveBendDemandTyping.ControlTyping assumptions after control type
inductive	Minidregg.Theory.ObjectiveBendDemandPreservation.FocusedSource	1077759c47dc4d3adf1186ac3242ab0b2cc95ddb09e403b57f64f55069eb1cb2	3c7fff2c8ebbfd0c0ae1edeedc0a3bd861f0b5706c3180da856e124ca00a1419	904e5af5a5fcf56f0cad7dc3e1ce3097c7d8e704390be91646bf8346a73e8742	6aec9b025e16798c		Minidregg.Theory.ObjectiveBendTyping.Assumptions → Minidregg.Theory.ObjectiveBendDemandTyping.AddressTypes → Minidregg.Theory.ObjectiveBendOpenRecursion.Term → Minidregg.Theory.ObjectiveBendDemandMachine.Environment → Minidregg.Theory.ObjectiveBendDemandMachine.Frame → Minidregg.Theory.ObjectiveBendTypes.Ty → Type
theorem	Minidregg.Theory.ObjectiveBendDemandPreservation.FocusedSource.continuation	ed6caddbde9b92ea729d1f78bba7d613a63b30c7038d3442c3139d64929fb784	104ea3f60e96b084e64b494350862d950e895bccb52f50606aed30ce055bab24	fcbd146306e43f0f2eff49667ccef37428a540f67d81a1e070e11cc34f17ca40	19a294aeb55073da	Classical.choice,Quot.sound,propext	∀ {assumptions : Minidregg.Theory.ObjectiveBendTyping.Assumptions} {types : Minidregg.Theory.ObjectiveBendDemandTyping.AddressTypes} {target : Minidregg.Theory.ObjectiveBendOpenRecursion.Term} {environment : Minidregg.Theory.ObjectiveBendDemandMachine.Environment} {frame : Minidregg.Theory.ObjectiveBendDemandMachine.Frame} {expected : Minidregg.Theory.ObjectiveBendTypes.Ty} (self : Minidregg.Theory.ObjectiveBendDemandPreservation.FocusedSource assumptions types target environment frame expected), Minidregg.Theory.ObjectiveBendDemandTyping.FrameTyping assumptions types frame self.current self.output
def	Minidregg.Theory.ObjectiveBendDemandPreservation.FocusedSource.current	83f6fcfe4014ac3baabeaf3839047de275797e79b78fd15cbe1f690c96530f36	fd2c3f6967908d19a721c5f52096bc124b1fcf053d3d2687e98b7eec248af1de	d8185dabac3b42776f38ae93d85d853b1806cfeee3c6d458b143338a3ff49a18	3399f48cf69fc8da	Classical.choice,Quot.sound,propext	{assumptions : Minidregg.Theory.ObjectiveBendTyping.Assumptions} → {types : Minidregg.Theory.ObjectiveBendDemandTyping.AddressTypes} → {target : Minidregg.Theory.ObjectiveBendOpenRecursion.Term} → {environment : Minidregg.Theory.ObjectiveBendDemandMachine.Environment} → {frame : Minidregg.Theory.ObjectiveBendDemandMachine.Frame} → {expected : Minidregg.Theory.ObjectiveBendTypes.Ty} → Minidregg.Theory.ObjectiveBendDemandPreservation.FocusedSource assumptions types target environment frame expected → Minidregg.Theory.ObjectiveBendTypes.Ty
ctor	Minidregg.Theory.ObjectiveBendDemandPreservation.FocusedSource.mk	1e7a2962ee34440caa829b8dd82b92e7bc6f2562916c461e7b16ac7cb8dc2f57	7e88cffba92b96204406b9b24c12b7e5c23066f9426e3c99f162a13af6a85a3f	f5eb30285d1ac58a1ab7a8567e84d8a1db8c0c0d631ef9f766d1cb28e90c1f61	c78cd7a9c9b25db7		{assumptions : Minidregg.Theory.ObjectiveBendTyping.Assumptions} → {types : Minidregg.Theory.ObjectiveBendDemandTyping.AddressTypes} → {target : Minidregg.Theory.ObjectiveBendOpenRecursion.Term} → {environment : Minidregg.Theory.ObjectiveBendDemandMachine.Environment} → {frame : Minidregg.Theory.ObjectiveBendDemandMachine.Frame} → {expected : Minidregg.Theory.ObjectiveBendTypes.Ty} → (current output : Minidregg.Theory.ObjectiveBendTypes.Ty) → Minidregg.Theory.ObjectiveBendDemandTyping.ClosureTyping assumptions types { term := target, environment := environment } current → Minidregg.Theory.ObjectiveBendDemandTyping.FrameTyping assumptions types frame current output → Minidregg.Theory.ObjectiveBendDemandTyping.ConversionPath assumptions output expected → Minidregg.Theory.ObjectiveBendDemandPreservation.FocusedSource assumptions types target environment frame expected
def	Minidregg.Theory.ObjectiveBendDemandPreservation.FocusedSource.origin	ecebf7f9364dc92567a724499e7d7f0bacb7d83e8d4513dc246d839a4ab33baa	9b0f5609cea7d501ab48f61ed73e22cfa10fed4fb8b6faffccf349f9bcd5d21b	dcbc556e39ae4e8d763756f9d715579ebd4ab9b097210603e8309bfa33ae7f29	e3a0a53063578eeb	Classical.choice,Quot.sound,propext	{assumptions : Minidregg.Theory.ObjectiveBendTyping.Assumptions} → {types : Minidregg.Theory.ObjectiveBendDemandTyping.AddressTypes} → {target : Minidregg.Theory.ObjectiveBendOpenRecursion.Term} → {environment : Minidregg.Theory.ObjectiveBendDemandMachine.Environment} → {frame : Minidregg.Theory.ObjectiveBendDemandMachine.Frame} → {expected : Minidregg.Theory.ObjectiveBendTypes.Ty} → (self : Minidregg.Theory.ObjectiveBendDemandPreservation.FocusedSource assumptions types target environment frame expected) → Minidregg.Theory.ObjectiveBendDemandTyping.ClosureTyping assumptions types { term := target, environment := environment } self.current
def	Minidregg.Theory.ObjectiveBendDemandPreservation.FocusedSource.output	62eeb9bb3bd70da2da7d05dd5caeca51176e3a5ecb6dee8c88fe2a741635b2e2	fd2c3f6967908d19a721c5f52096bc124b1fcf053d3d2687e98b7eec248af1de	ad6a4f8271a0081c3338191f41b83ffd3bcfe85aea984d46f144a41025bcc98f	941925d447661605	Classical.choice,Quot.sound,propext	{assumptions : Minidregg.Theory.ObjectiveBendTyping.Assumptions} → {types : Minidregg.Theory.ObjectiveBendDemandTyping.AddressTypes} → {target : Minidregg.Theory.ObjectiveBendOpenRecursion.Term} → {environment : Minidregg.Theory.ObjectiveBendDemandMachine.Environment} → {frame : Minidregg.Theory.ObjectiveBendDemandMachine.Frame} → {expected : Minidregg.Theory.ObjectiveBendTypes.Ty} → Minidregg.Theory.ObjectiveBendDemandPreservation.FocusedSource assumptions types target environment frame expected → Minidregg.Theory.ObjectiveBendTypes.Ty
theorem	Minidregg.Theory.ObjectiveBendDemandPreservation.FocusedSource.result	b38daef0b7a24bd1897ea7cdf025b7e1426be8e6dbf80246a47460b7a7e0baf5	9e52c4301578139b4ab0c22479a323bd551603a3a1ca88f9467b520d4d42fe27	d2a0e2e69660eb0cd4d6a826ab7b6a4c828435a2247db83636ae935de1fa986b	9a4e29cc5a258d18	Classical.choice,Quot.sound,propext	∀ {assumptions : Minidregg.Theory.ObjectiveBendTyping.Assumptions} {types : Minidregg.Theory.ObjectiveBendDemandTyping.AddressTypes} {target : Minidregg.Theory.ObjectiveBendOpenRecursion.Term} {environment : Minidregg.Theory.ObjectiveBendDemandMachine.Environment} {frame : Minidregg.Theory.ObjectiveBendDemandMachine.Frame} {expected : Minidregg.Theory.ObjectiveBendTypes.Ty} (self : Minidregg.Theory.ObjectiveBendDemandPreservation.FocusedSource assumptions types target environment frame expected), Minidregg.Theory.ObjectiveBendDemandTyping.ConversionPath assumptions self.output expected
theorem	Minidregg.Theory.ObjectiveBendDemandPreservation.FrameTyping.weaken	2fdd68b7918233f8f0d05b362422bffdbb60b206df18710b0c07bc9f0ba9cc29	95759f7bf1da2d52bccc7c2afe333f78cc1ef02c82326530b307011251cc5895	1dd38590df301f7e3dd06575f6111097baf49ef99a872dcda36c4e746d942a13	752db248f28981ed	Classical.choice,Quot.sound,propext	∀ {assumptions : Minidregg.Theory.ObjectiveBendTyping.Assumptions} {before after : Minidregg.Theory.ObjectiveBendDemandTyping.AddressTypes} {frame : Minidregg.Theory.ObjectiveBendDemandMachine.Frame} {input output : Minidregg.Theory.ObjectiveBendTypes.Ty}, Minidregg.Theory.ObjectiveBendDemandTyping.TypeExtension before after → Minidregg.Theory.ObjectiveBendDemandTyping.FrameTyping assumptions before frame input output → Minidregg.Theory.ObjectiveBendDemandTyping.FrameTyping assumptions after frame input output
inductive	Minidregg.Theory.ObjectiveBendDemandPreservation.HeadKind	ef9684276aa383058c5024be4be40e940658c6dfc1da77d4a062cc96a619dfb5	16946b93ac38405660f51e475eb5aa7d25b54f5e5677e0f6a10a4526cc071cbf	154ab043f56c58bc5fdf95315f2ca092c7cfff0447b85b1a7df29d240c9d2a61	b32e48342105e43f		Type
ctor	Minidregg.Theory.ObjectiveBendDemandPreservation.HeadKind.boolean	792bdea1e2c136987f75e915163bc7080d1384ef3f408a2f07d9274860d42500	8a0e99e7f480b7a61e679422715f24dede8af5d5837e60c7074e6ce8fca7e068	1d8f2a95678624ef5664e57118ced1768b846a2117677cd8deca3f0afabb6311	340621b2143580da		Minidregg.Theory.ObjectiveBendDemandPreservation.HeadKind
def	Minidregg.Theory.ObjectiveBendDemandPreservation.HeadKind.boolean.elim	fbe39709826707b4650eb34fd8c70bd2a738cd5957032c42b7c6cc7d7d00fbd9	b9dcc3ff1775b714384abc9b9626d99db36a6e69f43785805538b7da7bc923cf	f74062bd6b3a00cef2a244acc36d467373be3f8bcb082a6164de2bf62703d5f2	60214a6e07eec230	-	{motive : Minidregg.Theory.ObjectiveBendDemandPreservation.HeadKind → Sort u} → (t : Minidregg.Theory.ObjectiveBendDemandPreservation.HeadKind) → t.ctorIdx = 1 → motive Minidregg.Theory.ObjectiveBendDemandPreservation.HeadKind.boolean → motive t
ctor	Minidregg.Theory.ObjectiveBendDemandPreservation.HeadKind.computation	40645c1c763ee1c72d719cea6fb1f61af97ddc6b54af698a51b1a25a15537fdd	8a0e99e7f480b7a61e679422715f24dede8af5d5837e60c7074e6ce8fca7e068	f5dde694f33134282d686db4fdeffc2ecf10d79414f903897c808f57b53f7e33	abaf526b372106f0		Minidregg.Theory.ObjectiveBendDemandPreservation.HeadKind
def	Minidregg.Theory.ObjectiveBendDemandPreservation.HeadKind.computation.elim	654eb12f0d07b9d5beb18e362921dc87f63258a49fdd3ba8536d2d0b4f3a3e09	f155350e5078202fa84e98bca4166d6a919b5fee4833a450dbd24d9b08dbb6eb	29b6fff13fc087ae3a70f5de94405151ceafd50ffcf834243388029a8df18c3a	7646cab47aac86d1	-	{motive : Minidregg.Theory.ObjectiveBendDemandPreservation.HeadKind → Sort u} → (t : Minidregg.Theory.ObjectiveBendDemandPreservation.HeadKind) → t.ctorIdx = 10 → motive Minidregg.Theory.ObjectiveBendDemandPreservation.HeadKind.computation → motive t
ctor	Minidregg.Theory.ObjectiveBendDemandPreservation.HeadKind.custody	11bbeeb092f754a52d6c860f63b31f83e78cf32648ca6e0b806207fa36f2e33b	8a0e99e7f480b7a61e679422715f24dede8af5d5837e60c7074e6ce8fca7e068	f6d7282f56d963c252d1301f7702b401942c1140b574845048be09d3a1c7d83f	6776aabab5f85d32		Minidregg.Theory.ObjectiveBendDemandPreservation.HeadKind
def	Minidregg.Theory.ObjectiveBendDemandPreservation.HeadKind.custody.elim	e0071b3f360360bb7a0b6199d9a7217966c9a9622e4bdc1db3c77ee8588c88b1	95fa7b73c0c0987058c9cf94fb588dfb0abf0629d44d8fdaf195cb13bf764afa	2c7b4b28603a91855cf66adca1b2e8044b31cd37ff371b9166d020646aa991c4	fe267d76513e9a2a	-	{motive : Minidregg.Theory.ObjectiveBendDemandPreservation.HeadKind → Sort u} → (t : Minidregg.Theory.ObjectiveBendDemandPreservation.HeadKind) → t.ctorIdx = 7 → motive Minidregg.Theory.ObjectiveBendDemandPreservation.HeadKind.custody → motive t
ctor	Minidregg.Theory.ObjectiveBendDemandPreservation.HeadKind.function	518c2b1928622757a8b269491a70829af15e7dafb3acadb1aa0c6bd9051c4bf4	8a0e99e7f480b7a61e679422715f24dede8af5d5837e60c7074e6ce8fca7e068	a34ea6f5af6c01feb104694f31ccaa07735039c1054a75fde15e1eedef705d96	0d37261bd64ed224		Minidregg.Theory.ObjectiveBendDemandPreservation.HeadKind
def	Minidregg.Theory.ObjectiveBendDemandPreservation.HeadKind.function.elim	109f39e1534f87f4d91ebce0261f13a530875e7d5e66eca6fb002b55a69543f7	6499b0d6faed4074e6936cff548ff43fc489ff1d428dbe57f0df0ef05ec2600b	48e96ae3726e92a4f60119d9977c0456a9bcac00e9bd7f9a00cc8616f64c8baa	3895833747b1aac2	-	{motive : Minidregg.Theory.ObjectiveBendDemandPreservation.HeadKind → Sort u} → (t : Minidregg.Theory.ObjectiveBendDemandPreservation.HeadKind) → t.ctorIdx = 3 → motive Minidregg.Theory.ObjectiveBendDemandPreservation.HeadKind.function → motive t
ctor	Minidregg.Theory.ObjectiveBendDemandPreservation.HeadKind.label	3deced7a85e5c729f696b9666adcabfcea2b95c74814fb05f7711608b9962a35	8a0e99e7f480b7a61e679422715f24dede8af5d5837e60c7074e6ce8fca7e068	8406a2054b7f658e6027ebf17372e0b69020066d67cfaa1c55aa28c725b78978	1d477f96c9c74739		Minidregg.Theory.ObjectiveBendDemandPreservation.HeadKind
def	Minidregg.Theory.ObjectiveBendDemandPreservation.HeadKind.label.elim	cc6afdea751a46a70c3eb983114e82951aac9c288f18ad8725ae80976f4247c3	bb2e30fccb22bc05720d974d56c82d6cdb30bf3c97247f12cc26844ec31ff473	f6ed3549b51c56910cb65905086a25fab93bb60d6f44449faa9e79c1cbaff315	c1680a7baa1ef89c	-	{motive : Minidregg.Theory.ObjectiveBendDemandPreservation.HeadKind → Sort u} → (t : Minidregg.Theory.ObjectiveBendDemandPreservation.HeadKind) → t.ctorIdx = 2 → motive Minidregg.Theory.ObjectiveBendDemandPreservation.HeadKind.label → motive t
ctor	Minidregg.Theory.ObjectiveBendDemandPreservation.HeadKind.natural	c74e62fd2ab4a205c28a238d564f160012a93ef5fa3d756af1580321933d73e8	8a0e99e7f480b7a61e679422715f24dede8af5d5837e60c7074e6ce8fca7e068	71f785e0ec96307e96a9941a17cd7c27532daa983882cf6a762618104b1c53d9	a9f742691c29d0ee		Minidregg.Theory.ObjectiveBendDemandPreservation.HeadKind
def	Minidregg.Theory.ObjectiveBendDemandPreservation.HeadKind.natural.elim	d77828c965a7d8bebdd87278f7691fea25b0fef83cda130b364f45d8eb53057c	c66b38e443f35fb0191e83250fc7167d0e31361974aba3fc7873933a742692b9	c65d5b6cb003285e2ef3e0d349a189194a7d07f4bf0db665d2b955c298264291	b34b43e4db75d8bb	-	{motive : Minidregg.Theory.ObjectiveBendDemandPreservation.HeadKind → Sort u} → (t : Minidregg.Theory.ObjectiveBendDemandPreservation.HeadKind) → t.ctorIdx = 0 → motive Minidregg.Theory.ObjectiveBendDemandPreservation.HeadKind.natural → motive t
def	Minidregg.Theory.ObjectiveBendDemandPreservation.HeadKind.ofNat	c9b6809c5a66bab28a9c0844dd47b8d810dce9b958b1d2a0e43a91e35a3f1293	7a394fea58a7a49bf85214e91e245837ee5292580261be9325cd42fbfb2dffe1	71f2c6f2725968c494205c34bd6c0ef1a10fededadb077d6beb6c2ee8cd76006	a5fb37f0bf6a84c5	-	Nat → Minidregg.Theory.ObjectiveBendDemandPreservation.HeadKind
theorem	Minidregg.Theory.ObjectiveBendDemandPreservation.HeadKind.ofNat_ctorIdx	8d8030ee36505fc2cf37fb5a9b3f820af06b9daf791293ac7fedfe0080accc2f	2c8312ec7f96ccd39d19ee31510044f1f4ac78c0735280831980d3eb5a05caf1	091f7530f6ab75381d3597c20edd9693cdd2c512b4e62e624e5ec25a08ad4a10	5b8228cd9c448bac	-	∀ (x : Minidregg.Theory.ObjectiveBendDemandPreservation.HeadKind), Minidregg.Theory.ObjectiveBendDemandPreservation.HeadKind.ofNat x.ctorIdx = x
ctor	Minidregg.Theory.ObjectiveBendDemandPreservation.HeadKind.prototype	37eba7def5f7714730c076b15ed93a1bbd9a65829cf6df448c945fe457800015	8a0e99e7f480b7a61e679422715f24dede8af5d5837e60c7074e6ce8fca7e068	d07f0c4d88d2c4b963467f621a6357f766103fb5efbd6afd4189b655e4e81d11	86d7da6d1949a976		Minidregg.Theory.ObjectiveBendDemandPreservation.HeadKind
def	Minidregg.Theory.ObjectiveBendDemandPreservation.HeadKind.prototype.elim	650ca674c190f4888a7c96b5dcd63abd33d2802070d22c0219517c1983a15c43	ed59a8a1a5740adbd47046a1d7fc1ab6243e9c9849817d081cc0dceee2e94fc8	b694b896fae73f9c90fef4a1201139c9bcf5dbfa6288bcd01ccfea2bac37879b	6b53f589cd201762	-	{motive : Minidregg.Theory.ObjectiveBendDemandPreservation.HeadKind → Sort u} → (t : Minidregg.Theory.ObjectiveBendDemandPreservation.HeadKind) → t.ctorIdx = 6 → motive Minidregg.Theory.ObjectiveBendDemandPreservation.HeadKind.prototype → motive t
ctor	Minidregg.Theory.ObjectiveBendDemandPreservation.HeadKind.row	ddc783bbab25fbb5686161e8a0c2173757a734db03206320e1b7b3464c18aac1	8a0e99e7f480b7a61e679422715f24dede8af5d5837e60c7074e6ce8fca7e068	ad402b84c4b1a48c2148d70a35bf1980bdc836cf399be059068595e8532519be	64a6b597b55e5a2c		Minidregg.Theory.ObjectiveBendDemandPreservation.HeadKind
def	Minidregg.Theory.ObjectiveBendDemandPreservation.HeadKind.row.elim	ae0d53b6334a495d9401a3b74d2a2dea7baf66c2e983282fbd6fbc840596c0c9	6803ca3e5a309b654216de48c16e61b2c5a92fc1026169654ecb696f8978e81c	25f93312bf3c9aff885a15f8ab648d66dc08fd51a46f4e2f5df73183eeb3491a	d2a1350c33913608	-	{motive : Minidregg.Theory.ObjectiveBendDemandPreservation.HeadKind → Sort u} → (t : Minidregg.Theory.ObjectiveBendDemandPreservation.HeadKind) → t.ctorIdx = 4 → motive Minidregg.Theory.ObjectiveBendDemandPreservation.HeadKind.row → motive t
ctor	Minidregg.Theory.ObjectiveBendDemandPreservation.HeadKind.specification	6d4f736cf1f4c5744251ad79211080352f775a61bbd258b9ae0d8f4e4e9dc059	8a0e99e7f480b7a61e679422715f24dede8af5d5837e60c7074e6ce8fca7e068	8656ae125c472fffe411cab0d0835b923a4a410660f06b3543f1015c938260b8	2422b98b66ef4790		Minidregg.Theory.ObjectiveBendDemandPreservation.HeadKind
def	Minidregg.Theory.ObjectiveBendDemandPreservation.HeadKind.specification.elim	0e39e260d8c52ba61dff03c077de95bfec9bded883ebb0d83a215c386335221e	405b6c1c6cbd6c70be4c97bfd85b4d01905324dadbc52dd326338bb60721116d	a0af892c029da24567713cd2131bb5ca0318bcfe02b5f045f681cb72148ed9b1	a18adee093a2ace6	-	{motive : Minidregg.Theory.ObjectiveBendDemandPreservation.HeadKind → Sort u} → (t : Minidregg.Theory.ObjectiveBendDemandPreservation.HeadKind) → t.ctorIdx = 5 → motive Minidregg.Theory.ObjectiveBendDemandPreservation.HeadKind.specification → motive t
ctor	Minidregg.Theory.ObjectiveBendDemandPreservation.HeadKind.variable	05edf870d2055061a70a48c880fe93a294012561cc4cb5ee9cfb3846682dcf6f	8a0e99e7f480b7a61e679422715f24dede8af5d5837e60c7074e6ce8fca7e068	e95b856d9712c7db18f32436bef037af0c5516f6c33ca2f5dcba41984ad0949b	696b418246db4ad5		Minidregg.Theory.ObjectiveBendDemandPreservation.HeadKind
def	Minidregg.Theory.ObjectiveBendDemandPreservation.HeadKind.variable.elim	a2e01ae14140dddf30b17bcee17ffa019f0d4caeca7f44c7a0390df367517709	f48430508e7b5c3a7b9bd0a04c5893b5a16ae2ffb68608dde7992e6f242ea53f	f0cb8e31e274f967bfb300d6ffa7e32bd966dc8756f45c1eaaf42464e2097fe0	548566bbce9bff65	-	{motive : Minidregg.Theory.ObjectiveBendDemandPreservation.HeadKind → Sort u} → (t : Minidregg.Theory.ObjectiveBendDemandPreservation.HeadKind) → t.ctorIdx = 8 → motive Minidregg.Theory.ObjectiveBendDemandPreservation.HeadKind.variable → motive t
ctor	Minidregg.Theory.ObjectiveBendDemandPreservation.HeadKind.variant	7a9220a0a603512f4e69abecbb7204bfa439603195debafacd9522d9e990002d	8a0e99e7f480b7a61e679422715f24dede8af5d5837e60c7074e6ce8fca7e068	43e7b2093a1628536079bd7250456a6e25494d420ef4987f5a3e42c4d578a2a8	2d44307eca8761ef		Minidregg.Theory.ObjectiveBendDemandPreservation.HeadKind
def	Minidregg.Theory.ObjectiveBendDemandPreservation.HeadKind.variant.elim	4cb71c3ebf3ada2d066285a81bada765fe0592caad13a22a6e44a34c085c2362	a9c2db6516bd555352264bb3125f4bfbb6633adec39267c62d6562b6c49f9475	bc59f536b9dfcc50c6aa3f467e37622c8a85cacc742b291d298bf392c4331826	56a38aaafbd9f186	-	{motive : Minidregg.Theory.ObjectiveBendDemandPreservation.HeadKind → Sort u} → (t : Minidregg.Theory.ObjectiveBendDemandPreservation.HeadKind) → t.ctorIdx = 9 → motive Minidregg.Theory.ObjectiveBendDemandPreservation.HeadKind.variant → motive t
inductive	Minidregg.Theory.ObjectiveBendDemandPreservation.HeadNormalizes	319f90e6515532d9ea3dbf1e0a1fd9bdaf904e7bd04234617ca836c6e864e9e0	fa29128b0f26b37a2274b1842f9c5fa680aa0294441a341d78310d57f9fcb767	a5b5bb50541139236402e88f3ce63593dc2bfbaa8260c899bf1afa5a9ccc57a1	2c59ec2badcf96d9		Minidregg.Theory.ObjectiveBendTypes.Bounds → Minidregg.Theory.ObjectiveBendTypes.Ty → Minidregg.Theory.ObjectiveBendTypes.Ty → Prop
ctor	Minidregg.Theory.ObjectiveBendDemandPreservation.HeadNormalizes.alias	6b889de0f3e4fb193650c4291aaa24218fec48c28d0fab5ff20660d982859a90	d6ebf875d69d6575b7d8a9ac213fdd362a0764e8a90ecf77cc0bfab6badb2ad9	9d148ebeff13ae0724912ab112fc3d8a62941e8e14671c3cc943b1b84118e472	fc233776cc06a3ce		∀ {bounds : Minidregg.Theory.ObjectiveBendTypes.Bounds} {index : Nat} {bound result : Minidregg.Theory.ObjectiveBendTypes.Ty}, List.lookup index bounds = Option.some bound → Minidregg.Theory.ObjectiveBendDemandPreservation.HeadNormalizes bounds bound result → Minidregg.Theory.ObjectiveBendDemandPreservation.HeadNormalizes bounds (Minidregg.Theory.ObjectiveBendTypes.Ty.variable index) result
ctor	Minidregg.Theory.ObjectiveBendDemandPreservation.HeadNormalizes.direct	eaff564642401afba8e65c69e71301ec3c9b688ad4f668387f3291b63dccef3c	50c1a89719a56f8741b7d72185fd845184661b812e874f3a62d9193102c61d00	3cc8c6fe44899b38b9224ce4219715b45290d40e8b21bab906611bf4fd095377	de6b92695b263534		∀ {bounds : Minidregg.Theory.ObjectiveBendTypes.Bounds} (type : Minidregg.Theory.ObjectiveBendTypes.Ty), Minidregg.Theory.ObjectiveBendDemandPreservation.isVariable type = Bool.false → Minidregg.Theory.ObjectiveBendDemandPreservation.HeadNormalizes bounds type type.canonical
inductive	Minidregg.Theory.ObjectiveBendDemandPreservation.ReusableTerm	bd3fab06ea27d7f641a382e127a39a94b41a85c21a59c78c36589e103725d76d	28c7cdfc90004466d1240918ba9c62884f15f64ef0ae767613e25f3f17cdc5d7	e207894d0e1bba99670aa7bbaa4d854b79a3583ccd92d99818c6b0eb9ae57380	4f8575acc1b457e8		Minidregg.Theory.ObjectiveBendTyping.Assumptions → Minidregg.Theory.ObjectiveBendTypes.Context → Minidregg.Theory.ObjectiveBendOpenRecursion.Term → Minidregg.Theory.ObjectiveBendTypes.Ty → Type
def	Minidregg.Theory.ObjectiveBendDemandPreservation.ReusableTerm.abstraction	45c2dd8ec62c1d22d4c4de5c667108ed3b2d7fbcf47d971185d3bf5a5e55e64b	5c01c60e8f67c4b052c444af9f6be0d9d2d6ab19410fd2be157c57bdcd85a738	2630bde1ba33136209498777104f42497bfe2c20c78eee3f0e2cb787a86568bd	28ce3d9701218a32	Classical.choice,Quot.sound,propext	{assumptions : Minidregg.Theory.ObjectiveBendTyping.Assumptions} → {context : Minidregg.Theory.ObjectiveBendTypes.Context} → {body : Minidregg.Theory.ObjectiveBendOpenRecursion.Term} → {domain codomain : Minidregg.Theory.ObjectiveBendTypes.Ty} → {quantity : Minidregg.Theory.ObjectiveBendTypes.Quantity} → Minidregg.Theory.ObjectiveBendDemandPreservation.ReusableTerm assumptions ({ type := domain, quantity := quantity } :: context) body codomain → Minidregg.Theory.ObjectiveBendTypes.validContext assumptions.shareableVariables ({ type := domain, quantity := quantity } :: context) = Bool.true → Minidregg.Theory.ObjectiveBendDemandPreservation.ReusableTerm assumptions context body.lam (Minidregg.Theory.ObjectiveBendTypes.Ty.arrow Minidregg.Theory.ObjectiveBendTypes.Reuse.reusable quantity domain codomain)
def	Minidregg.Theory.ObjectiveBendDemandPreservation.ReusableTerm.apply	0595ed76ee78cfe98e96ade782ef0cb31e352772da2bd4c4ad110700e366eeb0	43d30a2b92b088efbf44254c72f700c8498d24b4820f5c87baeebed2dd11c4f0	6cfe0074d19d65f28f3ef9001c51c8c4cfcd5b2f38d74f5f2093b6f9695fded8	ab7445c7dfd8fdc3	Classical.choice,Quot.sound,propext	{assumptions : Minidregg.Theory.ObjectiveBendTyping.Assumptions} → {context : Minidregg.Theory.ObjectiveBendTypes.Context} → {function argument : Minidregg.Theory.ObjectiveBendOpenRecursion.Term} → {functionType domain codomain : Minidregg.Theory.ObjectiveBendTypes.Ty} → {reuse : Minidregg.Theory.ObjectiveBendTypes.Reuse} → Minidregg.Theory.ObjectiveBendDemandPreservation.ReusableTerm assumptions context function functionType → Minidregg.Theory.ObjectiveBendDemandPreservation.ReusableTerm assumptions context argument domain → Minidregg.Theory.ObjectiveBendTyping.callable functionType = Minidregg.Theory.ObjectiveBendTypes.Ty.arrow reuse Minidregg.Theory.ObjectiveBendTypes.Quantity.unrestricted domain codomain → Minidregg.Theory.ObjectiveBendTypes.Ty.shareableUnder assumptions.shareableVariables domain = Bool.true → Minidregg.Theory.ObjectiveBendDemandPreservation.ReusableTerm assumptions context (function.app argument) codomain
theorem	Minidregg.Theory.ObjectiveBendDemandPreservation.ReusableTerm.captures	aed2e63ec6e45350ef532fec1c955a14031cdf8ec2e02aab602ec6462d8e5f56	ed51f0e45ddd96399b0eab552db6d4568ae869dfb18cbd55a56af51cf04d1fb4	d8d1790cf9a1f5b85a56a4d91a74b9c497dd9e19c9babdd17d974e6f6238d175	d99c69951ea66669	Classical.choice,Quot.sound,propext	∀ {assumptions : Minidregg.Theory.ObjectiveBendTyping.Assumptions} {context : Minidregg.Theory.ObjectiveBendTypes.Context} {term : Minidregg.Theory.ObjectiveBendOpenRecursion.Term} {type : Minidregg.Theory.ObjectiveBendTypes.Ty} (self : Minidregg.Theory.ObjectiveBendDemandPreservation.ReusableTerm assumptions context term type), Minidregg.Theory.ObjectiveBendTypes.reusableCaptures assumptions.shareableVariables context self.uses = Bool.true
theorem	Minidregg.Theory.ObjectiveBendDemandPreservation.ReusableTerm.derivation	1e372091f39654d006c84573b52f192d5caf7ada257090a39d544b16a184e951	caf6d8666380feb3fd2a08ec21a3d957a24f0aabc9087c40184de683da5a597a	b3a0e6d95aaffd7624eef9e69320a7958933e48ce58b139f5bba5af420e5e727	b37d64899978e521	Classical.choice,Quot.sound,propext	∀ {assumptions : Minidregg.Theory.ObjectiveBendTyping.Assumptions} {context : Minidregg.Theory.ObjectiveBendTypes.Context} {term : Minidregg.Theory.ObjectiveBendOpenRecursion.Term} {type : Minidregg.Theory.ObjectiveBendTypes.Ty} (self : Minidregg.Theory.ObjectiveBendDemandPreservation.ReusableTerm assumptions context term type), Minidregg.Theory.ObjectiveBendTyping.PartialTyping assumptions context term type self.uses
ctor	Minidregg.Theory.ObjectiveBendDemandPreservation.ReusableTerm.mk	a60cbb2dca9d26b5dac6697b87b4a31f02fe7f61392de06887b1fdbd3e4549ac	500b5870bea307ff820264be9e5c27ff2bd9d69bc077bbb5dd1dd691414b90c9	563701965c6d9dcae6639020d28ab4427a30d50566074ed59dc1df82f154e751	be4708109fb585b1		{assumptions : Minidregg.Theory.ObjectiveBendTyping.Assumptions} → {context : Minidregg.Theory.ObjectiveBendTypes.Context} → {term : Minidregg.Theory.ObjectiveBendOpenRecursion.Term} → {type : Minidregg.Theory.ObjectiveBendTypes.Ty} → (uses : Minidregg.Theory.ObjectiveBendTypes.Uses) → Minidregg.Theory.ObjectiveBendTyping.PartialTyping assumptions context term type uses → Minidregg.Theory.ObjectiveBendTypes.reusableCaptures assumptions.shareableVariables context uses = Bool.true → Minidregg.Theory.ObjectiveBendDemandPreservation.ReusableTerm assumptions context term type
def	Minidregg.Theory.ObjectiveBendDemandPreservation.ReusableTerm.shiftTwo	2d2e48b3679b714027a5b5acd4ca4f620436b185feeaae9d997ff7a3922f7369	f8d3cf1123b3fec9ab5e4d5a7749f8637718e3aabc4a651540eabc58e4cf4623	f49af53b9493ee58d5ed8e5f1543450137fe2c6958069c843cfeecbe79becc16	8bd4719b29da2498	Classical.choice,Quot.sound,propext	{assumptions : Minidregg.Theory.ObjectiveBendTyping.Assumptions} → {context : Minidregg.Theory.ObjectiveBendTypes.Context} → {term : Minidregg.Theory.ObjectiveBendOpenRecursion.Term} → {type : Minidregg.Theory.ObjectiveBendTypes.Ty} → Minidregg.Theory.ObjectiveBendDemandPreservation.ReusableTerm assumptions context term type → (first second : Minidregg.Theory.ObjectiveBendTypes.Binding) → Minidregg.Theory.ObjectiveBendTypes.validContext assumptions.shareableVariables [first] = Bool.true → Minidregg.Theory.ObjectiveBendTypes.validContext assumptions.shareableVariables [second] = Bool.true → Minidregg.Theory.ObjectiveBendDemandPreservation.ReusableTerm assumptions (second :: first :: context) (Minidregg.Theory.ObjectiveBendOpenRecursion.Term.rename (fun index => index + 2) term) type
def	Minidregg.Theory.ObjectiveBendDemandPreservation.ReusableTerm.uses	9745f9ffcee514bf1d66ceb0640e6bd8824c9cb7da2fd75d99d52b0f310855ef	e1aad2b52ad63be8bf00e1e8ea70ea519a7a8760fe3d3e11e210467fa4f62788	95cca183f5f01d8612cbd26b0e5bf9eda6c58ecff6101c5e9a5f5ca4d0578d21	5dcdb08efe24b6f1	Classical.choice,Quot.sound,propext	{assumptions : Minidregg.Theory.ObjectiveBendTyping.Assumptions} → {context : Minidregg.Theory.ObjectiveBendTypes.Context} → {term : Minidregg.Theory.ObjectiveBendOpenRecursion.Term} → {type : Minidregg.Theory.ObjectiveBendTypes.Ty} → Minidregg.Theory.ObjectiveBendDemandPreservation.ReusableTerm assumptions context term type → Minidregg.Theory.ObjectiveBendTypes.Uses
def	Minidregg.Theory.ObjectiveBendDemandPreservation.ReusableTerm.variable	31c199dcdd633b7d794bdf7e04621dc00d45836c2ec5d7dfadf7218deae0dfa8	409fb1bc07685180a42e6f6f0a89cbd4d2e6fed3f63429fb490c0824c17e70ca	31172361719d0266d8a18ff6e733fa9c4ca40228e2cfdde5e3a801d6e8070329	324d560b44f04630	Classical.choice,Quot.sound,propext	{assumptions : Minidregg.Theory.ObjectiveBendTyping.Assumptions} → {context : Minidregg.Theory.ObjectiveBendTypes.Context} → {index : Nat} → {binding : Minidregg.Theory.ObjectiveBendTypes.Binding} → context[index]? = Option.some binding → binding.quantity = Minidregg.Theory.ObjectiveBendTypes.Quantity.unrestricted → Minidregg.Theory.ObjectiveBendTypes.Ty.shareableUnder assumptions.shareableVariables binding.type = Bool.true → Minidregg.Theory.ObjectiveBendDemandPreservation.ReusableTerm assumptions context (Minidregg.Theory.ObjectiveBendOpenRecursion.Term.bound index) binding.type
def	Minidregg.Theory.ObjectiveBendDemandPreservation.ReusableTerm.weaken	bc0f39d04377707e7566f52c2c96e2f888da5542585dab08e8ba12e5287db54a	7c8ef8811639524df2559d86566a0ba36716df8b4a27e7ce992a7968a7a76a63	48baf9ebb3775ae30a4dabdf1307a17b134efdcc045e181b2d8a4db02a365f45	0f713d06bfd9e8e0	Classical.choice,Quot.sound,propext	{assumptions : Minidregg.Theory.ObjectiveBendTyping.Assumptions} → {context : Minidregg.Theory.ObjectiveBendTypes.Context} → {term : Minidregg.Theory.ObjectiveBendOpenRecursion.Term} → {type : Minidregg.Theory.ObjectiveBendTypes.Ty} → Minidregg.Theory.ObjectiveBendDemandPreservation.ReusableTerm assumptions context term type → (binding : Minidregg.Theory.ObjectiveBendTypes.Binding) → Minidregg.Theory.ObjectiveBendTypes.validContext assumptions.shareableVariables [binding] = Bool.true → Minidregg.Theory.ObjectiveBendDemandPreservation.ReusableTerm assumptions (binding :: context) (Minidregg.Theory.ObjectiveBendOpenRecursion.Term.rename Nat.succ term) type
theorem	Minidregg.Theory.ObjectiveBendDemandPreservation.StackTyping.weaken	cb217440b44f033874bca7477d48ff1c835d2990be698fce3b76fa21c207aa97	3d02bd51ae195e2d47c36d2ab37a1ceb71f755a81c35ceb2e08928ac2cd5f42d	1209bc38a76240bf116fb1b4528f88522ec49a899dbaaf74bd69df5db3c45a79	29d60f6ffefb1461	Classical.choice,Quot.sound,propext	∀ {assumptions : Minidregg.Theory.ObjectiveBendTyping.Assumptions} {before after : Minidregg.Theory.ObjectiveBendDemandTyping.AddressTypes} {stack : List Minidregg.Theory.ObjectiveBendDemandMachine.Frame} {input output : Minidregg.Theory.ObjectiveBendTypes.Ty}, Minidregg.Theory.ObjectiveBendDemandTyping.TypeExtension before after → Minidregg.Theory.ObjectiveBendDemandTyping.StackTyping assumptions before stack input output → Minidregg.Theory.ObjectiveBendDemandTyping.StackTyping assumptions after stack input output
theorem	Minidregg.Theory.ObjectiveBendDemandPreservation.ValueTyping.weaken	771842e0ca57206855ab9acacbf921e9aea6dc86ea0f096e5abe97a364a242c4	957ac071f4451ee7dbad8a683f05297c38510f938c7ba707bfc0e88485c1c181	d224319421bafb701a94959b0fe89ed49d1dfe2ab0615655b8703a9fdfdc67ba	1010721eca8672a3	Classical.choice,Quot.sound,propext	∀ {assumptions : Minidregg.Theory.ObjectiveBendTyping.Assumptions} {before after : Minidregg.Theory.ObjectiveBendDemandTyping.AddressTypes} {value : Minidregg.Theory.ObjectiveBendDemandMachine.RuntimeValue} {type : Minidregg.Theory.ObjectiveBendTypes.Ty}, Minidregg.Theory.ObjectiveBendDemandTyping.TypeExtension before after → Minidregg.Theory.ObjectiveBendDemandTyping.ValueTyping assumptions before value type → Minidregg.Theory.ObjectiveBendDemandTyping.ValueTyping assumptions after value type
theorem	Minidregg.Theory.ObjectiveBendDemandPreservation.add_uses_comm	b5db242af1fcfb1d214a760889f40228608038d047d46e4c0a433459b1ca32df	f13c25bb33307a51bb2f2c8c1cf54bcfe0ed9717ca5d225dca053048c51e53ba	d47d136363c9ca96b0a898e418dc82b69ffaa8fe79ae0432673aff71ff9b3725	b8ed89ba73aebaef	-	∀ (first second : Minidregg.Theory.ObjectiveBendTypes.Uses), Minidregg.Theory.ObjectiveBendTypes.addUses first second = Minidregg.Theory.ObjectiveBendTypes.addUses second first
theorem	Minidregg.Theory.ObjectiveBendDemandPreservation.add_uses_insert	42546aab9944c1744693c77ec37a098f946a5bd66d960d727678157e48297dea	fd6c64098e53d5b5b5d65293de693f7ca647aa276a1debd01bc08eea0514565f	a954cfa68025ec9a6c65005e2d8264f9fd3a8547a03b12c781631542f1a6cf5a	0595fabbfedbd663	propext	∀ (first second : Minidregg.Theory.ObjectiveBendTypes.Uses) (depth : Nat), List.length first = List.length second → depth ≤ List.length first → Minidregg.Theory.ObjectiveBendTypes.addUses (List.insertIdx first depth 0) (List.insertIdx second depth 0) = List.insertIdx (Minidregg.Theory.ObjectiveBendTypes.addUses first second) depth 0
theorem	Minidregg.Theory.ObjectiveBendDemandPreservation.add_zero_uses	03b338f7b8ea9994b303f99f600c0d63fe82d0fc01bfc971dc74e08db576f8bc	1ff4f7c437dc3b62e297d2d0f7feebd194052a5e6aec017a7995ff2f762a8f15	497dabec5d2686aa5d495df534b57ae9dcea609a0343f205157336a76ecc8640	f72b1b0d46c6645c	Classical.choice,Quot.sound,propext	∀ (context : Minidregg.Theory.ObjectiveBendTypes.Context) (uses : Minidregg.Theory.ObjectiveBendTypes.Uses), List.length uses = List.length context → Minidregg.Theory.ObjectiveBendTypes.addUses uses (Minidregg.Theory.ObjectiveBendTypes.zeroUses context) = uses
theorem	Minidregg.Theory.ObjectiveBendDemandPreservation.alias_tail_lookup_realizes	c1154043c61736d50ab940518da97a6baa6d7aa94126409bfe9ff5e36e41422f	0b99330c557f3d97edad9850c1cbed031cc9b3da4f20aa1cef91849e0310ff47	da0c8faf3fbb673f166e916a8b67cc5451dbf128a96a40b27e85e78b99ece6df	3db46a6375e08391	propext	∀ (bounds : Minidregg.Theory.ObjectiveBendTypes.Bounds) (row : Minidregg.Theory.ObjectiveBendTypes.Ty) (name : String) (member : Minidregg.Theory.ObjectiveBendTypes.Ty), Minidregg.Theory.ObjectiveBendDemandPreservation.finiteLookup row name = Option.none → ∀ (index : Nat) (bound : Minidregg.Theory.ObjectiveBendTypes.Ty) (depth : Nat), row.tail = Minidregg.Theory.ObjectiveBendTypes.Ty.variable index → List.lookup index bounds = Option.some bound → Minidregg.Theory.ObjectiveBendTypes.Ty.lookup bounds depth bound name = Option.some member → ∃ fuel, Minidregg.Theory.ObjectiveBendTypes.Ty.lookup bounds fuel row name = Option.some member
theorem	Minidregg.Theory.ObjectiveBendDemandPreservation.argumentAllowed_not_computation	63a0ead3f84ccfcedd4c54e0f47a62fa8d7fd73e4917e29106c90650060c5e79	45c017d127b21b07c83fc9cf38328990c0f33d939b4a64dbfbae0e55100d06ff	95fcd4956cbce34f0f1328dd7f750642d4e0fc40337afb4fbdd6543fe125b518	0e9483fc3058cadf	propext	∀ {assumptions : Minidregg.Theory.ObjectiveBendTyping.Assumptions} {quantity : Minidregg.Theory.ObjectiveBendTypes.Quantity} {context : Minidregg.Theory.ObjectiveBendTypes.Context} {type : Minidregg.Theory.ObjectiveBendTypes.Ty} {uses : Minidregg.Theory.ObjectiveBendTypes.Uses}, Minidregg.Theory.ObjectiveBendTyping.argumentAllowed assumptions quantity context type uses = Bool.true → type.isComputation = Bool.false
theorem	Minidregg.Theory.ObjectiveBendDemandPreservation.argument_allowed_insert	684d47fc6e0f1cb5e39738856189db09bf1a94336679396df91b8ff92aa69ccb	13fa3868db52db4b208bcf7f53cf2d89b3a2198110b23efb7cf0ee9d6fee2bf5	8b982c6cf42635bceb39b02210f7cef7b706256e9443c2129fdd085a25c78b80	55575478eb507036	Classical.choice,Quot.sound,propext	∀ (assumptions : Minidregg.Theory.ObjectiveBendTyping.Assumptions) (quantity : Minidregg.Theory.ObjectiveBendTypes.Quantity) (context : Minidregg.Theory.ObjectiveBendTypes.Context) (type : Minidregg.Theory.ObjectiveBendTypes.Ty) (uses : Minidregg.Theory.ObjectiveBendTypes.Uses) (depth : Nat) (binding : Minidregg.Theory.ObjectiveBendTypes.Binding), Minidregg.Theory.ObjectiveBendTyping.argumentAllowed assumptions quantity context type uses = Bool.true → depth ≤ List.length context → Minidregg.Theory.ObjectiveBendTyping.argumentAllowed assumptions quantity (List.insertIdx context depth binding) type (List.insertIdx uses depth 0) = Bool.true
theorem	Minidregg.Theory.ObjectiveBendDemandPreservation.arms_uses_length	0c74ac68d87848a619d80c8b41f86d3c9446663c0338ad4a895e6f59eeeddbe7	f519f104322adeed61343804c83dc8350af846a3d8706881c4f91c297536fc3b	4a862b62fd6c01af0b24b93c16441b316283d4143446ad3279f22e3b7de63173	97ea05a85670f639	Classical.choice,Quot.sound,propext	∀ {assumptions : Minidregg.Theory.ObjectiveBendTyping.Assumptions} {context : Minidregg.Theory.ObjectiveBendTypes.Context} {arms : List (String × Minidregg.Theory.ObjectiveBendOpenRecursion.Term)} {row result : Minidregg.Theory.ObjectiveBendTypes.Ty} {uses : Minidregg.Theory.ObjectiveBendTypes.Uses}, Minidregg.Theory.ObjectiveBendTyping.ArmsTyping assumptions context arms row result uses → List.length uses = List.length context
theorem	Minidregg.Theory.ObjectiveBendDemandPreservation.binding_insert_shift	05f4019f307728c84a337e35b4e15abae0e69d2ad74f1f3a295c77f1167bf0ed	879fe95cc913bd4328cf5f27584a3fb05c1051c224232322b863a7dceb22e4a3	bece9697f9e27a426c98b43a80949ccbaa7d05f96ba51b7b59a65bd9cd976893	da95a3bf4d7a4c4d	Classical.choice,Quot.sound,propext	∀ {context : Minidregg.Theory.ObjectiveBendTypes.Context} {index depth : Nat} {declared binding : Minidregg.Theory.ObjectiveBendTypes.Binding}, context[index]? = Option.some declared → (List.insertIdx context depth binding)[Minidregg.Theory.ObjectiveBendDemandPreservation.shiftIndex depth index]? = Option.some declared
theorem	Minidregg.Theory.ObjectiveBendDemandPreservation.boolean_value_form	867c0619027d2542e7790d87ca9548403817d52457ba1f67160d1167ac9640e7	537d7fc8d80aa255f130e40f57d67c54f8c2ca9943a794e1e6c8d86bc720352e	21571a17b5f22323174cc9f649145f7c6be3004e5d6b0a1883aa25a024618e03	275b4b7e9f264414	Classical.choice,Quot.sound,propext	∀ {assumptions : Minidregg.Theory.ObjectiveBendTyping.Assumptions} {types : Minidregg.Theory.ObjectiveBendDemandTyping.AddressTypes} {value : Minidregg.Theory.ObjectiveBendDemandMachine.RuntimeValue}, Minidregg.Theory.ObjectiveBendDemandTyping.ValueTyping assumptions types value Minidregg.Theory.ObjectiveBendTypes.Ty.boolean → ∃ boolean, value = Minidregg.Theory.ObjectiveBendDemandMachine.RuntimeValue.boolean boolean
theorem	Minidregg.Theory.ObjectiveBendDemandPreservation.callable_arrow_not_computation	59d8f7a0f2ea68225da26bd7f04bd88f2b2eb450c11f6b6f91f28301cf18ede3	89919b8b5b1f4ed031827789a4e76dfa5eb76806c1b7dfcf214b10033bdc8e6d	0eb679079e8aa11b3aae51a5fdb5c7587ca4ccea8a1751de7a6142a0c4e2bdc9	5d435d943a664d23	propext	∀ {type : Minidregg.Theory.ObjectiveBendTypes.Ty} {reuse : Minidregg.Theory.ObjectiveBendTypes.Reuse} {quantity : Minidregg.Theory.ObjectiveBendTypes.Quantity} {domain codomain : Minidregg.Theory.ObjectiveBendTypes.Ty}, Minidregg.Theory.ObjectiveBendTyping.callable type = Minidregg.Theory.ObjectiveBendTypes.Ty.arrow reuse quantity domain codomain → type.isComputation = Bool.false
theorem	Minidregg.Theory.ObjectiveBendDemandPreservation.callable_value_form	1404911189173b3faff2de1f971f56c2b90ac8d2cc091a6688e000c053b1ddb7	8826f1d47a3826c0a10ca877e458bd0e5e82ba0968e94db68ed5044365558caa	90194129198a889a31ef2630ce7fb8472f6abdd2bd80dddee87c38ed4e6b5de2	656ca22ae90594f8	Classical.choice,Quot.sound,propext	∀ {assumptions : Minidregg.Theory.ObjectiveBendTyping.Assumptions} {types : Minidregg.Theory.ObjectiveBendDemandTyping.AddressTypes} {value : Minidregg.Theory.ObjectiveBendDemandMachine.RuntimeValue} {functionType domain codomain : Minidregg.Theory.ObjectiveBendTypes.Ty} {reuse : Minidregg.Theory.ObjectiveBendTypes.Reuse} {quantity : Minidregg.Theory.ObjectiveBendTypes.Quantity}, Minidregg.Theory.ObjectiveBendDemandTyping.ValueTyping assumptions types value functionType → Minidregg.Theory.ObjectiveBendTyping.callable functionType = Minidregg.Theory.ObjectiveBendTypes.Ty.arrow reuse quantity domain codomain → (∃ body environment, value = Minidregg.Theory.ObjectiveBendDemandMachine.RuntimeValue.closure body environment) ∨ ∃ metadata extension, value = Minidregg.Theory.ObjectiveBendDemandMachine.RuntimeValue.specification metadata extension
theorem	Minidregg.Theory.ObjectiveBendDemandPreservation.canonical_agreement_normalizes	216bde6faa6225d1b16367ae73652fe5711103c1ff4cf0c1f9563cd43eb976a9	21a28f3290af8b1c97ea13e1155b8573e9046f96603a61f142c8f25195208ad5	40a4d5336d26a296d7e1caec093decef16e0414195a3359c6968a2e84c7e8e33	f67d1f28a4543388	Classical.choice,Quot.sound,propext	∀ {bounds : Minidregg.Theory.ObjectiveBendTypes.Bounds} {first second result : Minidregg.Theory.ObjectiveBendTypes.Ty}, first.canonical = second.canonical → Minidregg.Theory.ObjectiveBendDemandPreservation.HeadNormalizes bounds first result → Minidregg.Theory.ObjectiveBendDemandPreservation.HeadNormalizes bounds second result
theorem	Minidregg.Theory.ObjectiveBendDemandPreservation.canonical_is_variable	aa73955c8be7aea1eb339fea7b80a66eef6f51e2b8f61bfba747f12afbc411c3	4b411e2d0b23212182085dfc3016b5c1f5a8717e39d92bb14068408aa5b254c2	81dda4c2710e22de7a4afa228c233427218960e8fca5090971e866dde663875d	0a9cf672c564f342	Classical.choice,Quot.sound,propext	∀ (type : Minidregg.Theory.ObjectiveBendTypes.Ty), Minidregg.Theory.ObjectiveBendDemandPreservation.isVariable type.canonical = Minidregg.Theory.ObjectiveBendDemandPreservation.isVariable type
theorem	Minidregg.Theory.ObjectiveBendDemandPreservation.canonical_lookup	a8cd1da23fa2e4093112a36b3ee86570c2a34e491c0c0f36e2dec0cba10d0b86	2b2614c5c0ef0ff0cca0d1af032ddf867e5b6e5603a416a63c77db834465c81b	416e690ae616c84fe5609e8c6a8c5310cce8938837e08fb0247f6d2174a6288a	c2b56001b0a056ce	Classical.choice,Quot.sound,propext	∀ (row : Minidregg.Theory.ObjectiveBendTypes.Ty) (query : String), Minidregg.Theory.ObjectiveBendDemandPreservation.finiteLookup row.canonical query = Option.map Minidregg.Theory.ObjectiveBendTypes.Ty.canonical (Minidregg.Theory.ObjectiveBendDemandPreservation.finiteLookup row query)
theorem	Minidregg.Theory.ObjectiveBendDemandPreservation.canonical_lookup_transport	f96cc6a03626968106e02666749c9b042a6ba701a38f71ff5ad181216d91d0fb	6ed1a5016c90f9a62ddefe0f3c4bfc181f844b675df7e42644932567ae362bce	430c69dee2a6722aa25ce1d8adf0be908f1ec8ae13b4951c75de7cb0cb48213f	18936ebdb85ffde4	Classical.choice,Quot.sound,propext	∀ (bounds : Minidregg.Theory.ObjectiveBendTypes.Bounds) (actual expected : Minidregg.Theory.ObjectiveBendTypes.Ty), actual.canonical = expected.canonical → ∀ (fuel : Nat) (name : String) (member : Minidregg.Theory.ObjectiveBendTypes.Ty), Minidregg.Theory.ObjectiveBendTypes.Ty.lookup bounds fuel expected name = Option.some member → ∃ depth actualMember, Minidregg.Theory.ObjectiveBendTypes.Ty.lookup bounds depth actual name = Option.some actualMember ∧ actualMember.canonical = member.canonical
theorem	Minidregg.Theory.ObjectiveBendDemandPreservation.canonical_row_lookup_agreement	0be56d2a8e5032288286a7348e7ddb52d02b8fe8123534e833d096583cb4c9de	05a1c565dd4883fd92fbe6399b278b37ca65db77c66b26c587ed127c7531f115	c7402b9e565e8e0b643dec38d3eec9e3316d5a5b91e40fc389d55938b593adf3	ca1abe48a18e5c5d	Classical.choice,Quot.sound,propext	∀ (first second : Minidregg.Theory.ObjectiveBendTypes.Ty) (query : String), first.canonical = second.canonical → Option.map Minidregg.Theory.ObjectiveBendTypes.Ty.canonical (Minidregg.Theory.ObjectiveBendDemandPreservation.finiteLookup first query) = Option.map Minidregg.Theory.ObjectiveBendTypes.Ty.canonical (Minidregg.Theory.ObjectiveBendDemandPreservation.finiteLookup second query)
theorem	Minidregg.Theory.ObjectiveBendDemandPreservation.canonical_same_type	762e0cd8f72d4974ce2857988ead3cb66ff8c8c075acfbaf3648356e97e670c3	64e39299c213760216a1a90e3eaff9b0773fa8c9ec780b23c8c235f962f70c3b	905dc3d6b7f065d409124ae44d17a49c44e40609279c8791a9070f0ebf9c9bc9	335c7351e9bf12a8	Classical.choice,Quot.sound,propext	∀ (assumptions : Minidregg.Theory.ObjectiveBendTyping.Assumptions) (first second : Minidregg.Theory.ObjectiveBendTypes.Ty), first.canonical = second.canonical → Minidregg.Theory.ObjectiveBendTyping.sameType assumptions first second = Bool.true
theorem	Minidregg.Theory.ObjectiveBendDemandPreservation.canonical_tail	cd255011cf916df1bf0ff70c264f3185b341f7541e1b1e8cc07348f972fe6378	3aa7b80eec6b983fddf285587ebb137443f154108280ad5527535e792af2605d	d13998a089005172ffaabdb4ecf8028dea138943d88eba4fd674a3c90c2f83c5	b30b95318314e4b5	Classical.choice,Quot.sound,propext	∀ (row : Minidregg.Theory.ObjectiveBendTypes.Ty), row.canonical.tail = row.tail.canonical
theorem	Minidregg.Theory.ObjectiveBendDemandPreservation.canonical_type_head	02bb9472a5ddd01cdcb2253b8098bbafb452355816e995a797da7956d7791d9f	2dfecc845a560b37e9f1eb43cd1b592ae165d3d89437ec3294071b2ccb74f6a8	e8b24669d91260b495c915d57ca90d40dea99dc63747aa969c7d017f2ea13cc1	686523a3ff0bad12	Classical.choice,Quot.sound,propext	∀ (type : Minidregg.Theory.ObjectiveBendTypes.Ty), Minidregg.Theory.ObjectiveBendDemandPreservation.typeHead type.canonical = Minidregg.Theory.ObjectiveBendDemandPreservation.typeHead type
theorem	Minidregg.Theory.ObjectiveBendDemandPreservation.canonical_variable_inverse	9c59e6dc7398dc60c1c74a133b025edbfe3803deb9808c8f8c2cd4465136116d	0a291bf8367dd9381083b8132f4b20dbd9d190a67c3ce48643d97e911590d804	26567869380e4d7e8d7a25f24a7e8a686a2c290d3654e0dbfe413e6b28cd64e1	914c641b7299c78e	Classical.choice,Quot.sound,propext	∀ {type : Minidregg.Theory.ObjectiveBendTypes.Ty} {index : Nat}, type.canonical = Minidregg.Theory.ObjectiveBendTypes.Ty.variable index → type = Minidregg.Theory.ObjectiveBendTypes.Ty.variable index
theorem	Minidregg.Theory.ObjectiveBendDemandPreservation.closure_callable_type	d8c97aa9c67533d51bc2a82dd82ec42f3bf7fcd5c8994f5cbba45b2842a0bcca	038c500488069215535a644fec0c2a6f7ab59f2efd6aa00f0eec4a62b38ff821	52d6a0b72b8b34e33cd4621369324cd628fb8444494eaa6545084249550742cb	170d5f9293573831	Classical.choice,Quot.sound,propext	∀ {bounds : Minidregg.Theory.ObjectiveBendTypes.Bounds} {functionType : Minidregg.Theory.ObjectiveBendTypes.Ty} {reuse actualReuse : Minidregg.Theory.ObjectiveBendTypes.Reuse} {quantity actualQuantity : Minidregg.Theory.ObjectiveBendTypes.Quantity} {domain codomain actualDomain actualCodomain : Minidregg.Theory.ObjectiveBendTypes.Ty}, Minidregg.Theory.ObjectiveBendDemandPreservation.HeadNormalizes bounds functionType (Minidregg.Theory.ObjectiveBendTypes.Ty.arrow actualReuse actualQuantity actualDomain actualCodomain).canonical → Minidregg.Theory.ObjectiveBendTyping.callable functionType = Minidregg.Theory.ObjectiveBendTypes.Ty.arrow reuse quantity domain codomain → functionType = Minidregg.Theory.ObjectiveBendTypes.Ty.arrow reuse quantity domain codomain
theorem	Minidregg.Theory.ObjectiveBendDemandPreservation.computation_canonical_inj	154386f5e1aa24a643ded8f1201560f57a8f90876f810232efafb8bf0ee96dc7	cb95d99f85d2545b14914900264a93de6538f139438f377759c3c2e29a52fd97	6e1ea184d14c90199d98dd223005e7366e5dbf2a0c1fda8b23cc809427e36d30	1ad6b4b03615c0f5	Classical.choice,Quot.sound,propext	∀ {plan response result plan' response' result' : Minidregg.Theory.ObjectiveBendTypes.Ty}, (plan.computation response result).canonical = (plan'.computation response' result').canonical → plan.canonical = plan'.canonical ∧ response.canonical = response'.canonical ∧ result.canonical = result'.canonical
theorem	Minidregg.Theory.ObjectiveBendDemandPreservation.conversionPath_isComputation	27a1e0817b1e022034075319f21df4d13ae1cf9facf29910aae722e6a156c03c	40a453263db01314ae30bd3142aea159b6f2f30aba5e8d97e6dd9edd59471198	2aee658687305f7e7fe061233352c1b8b6a57ebb37a3e18865fa3b56618e41aa	180ed4083abc4b7c	Classical.choice,Quot.sound,propext	∀ {assumptions : Minidregg.Theory.ObjectiveBendTyping.Assumptions} {first last : Minidregg.Theory.ObjectiveBendTypes.Ty}, Minidregg.Theory.ObjectiveBendDemandTyping.ConversionPath assumptions first last → first.isComputation = last.isComputation
def	Minidregg.Theory.ObjectiveBendDemandPreservation.finiteLookup	e23d58c3f2ed0f4976885b950036ddbb16ea3e4430658c409d195ab2eaa698a0	7875704998965d0ca0f57516ec7f6fe2c9a26ab7f7266db12f950837d8a73b2f	5ddf7f5eef980cac4ad7b3b2313f62a819fa1844493657953230bfa9a5f28de5	79eb160ca7e4ddb4	propext	Minidregg.Theory.ObjectiveBendTypes.Ty → String → Option Minidregg.Theory.ObjectiveBendTypes.Ty
theorem	Minidregg.Theory.ObjectiveBendDemandPreservation.finite_lookup_realizes	aee7982473884c87bfbba0ee2dddb5f030ac3e0a12dd2511e3390a7a7e9ada6e	354a46cb0c6fa277c346721cae06867bc56c17512f342444a586d66ecc355e2d	bb1b2c65b8726b805304aa2b58bf5c4986ac7e33a1e013c1f46219e1dc66f444	8c0bf8b8595b82ba	propext	∀ (bounds : Minidregg.Theory.ObjectiveBendTypes.Bounds) (row : Minidregg.Theory.ObjectiveBendTypes.Ty) (name : String) (member : Minidregg.Theory.ObjectiveBendTypes.Ty), Minidregg.Theory.ObjectiveBendDemandPreservation.finiteLookup row name = Option.some member → ∃ fuel, Minidregg.Theory.ObjectiveBendTypes.Ty.lookup bounds fuel row name = Option.some member
theorem	Minidregg.Theory.ObjectiveBendDemandPreservation.head_normalizes_unique	d2f5fcebf4729bb3676b8683bf3728a2b0c2600a467c1f52c65f958a65e709e3	000727ecabf3a1554f6052d85463d819952db5c576603e55eb7a488949146937	ab59d02a94e3df9e40a789a02233ebeac0326d252c3020ee55531391026e3e81	0f7215ac284ae0ca	Classical.choice,Quot.sound,propext	∀ {bounds : Minidregg.Theory.ObjectiveBendTypes.Bounds} {type first second : Minidregg.Theory.ObjectiveBendTypes.Ty}, Minidregg.Theory.ObjectiveBendDemandPreservation.HeadNormalizes bounds type first → Minidregg.Theory.ObjectiveBendDemandPreservation.HeadNormalizes bounds type second → first = second
theorem	Minidregg.Theory.ObjectiveBendDemandPreservation.heap_type_pure	8ec8f0054cb868ec5984ae2aa0af5dfc1201d46718821db5dc99d1014fcf3731	63b4b9f5a12abc1765fb106933776a464dfec217833d387ec0e0fa7f67b6fd96	4f03fff30b5524d9f34d4b079d285ac54b982e2371900bad435bd7fd68658243	a78cb495e361392a	Classical.choice,Quot.sound,propext	∀ {assumptions : Minidregg.Theory.ObjectiveBendTyping.Assumptions} {types : Minidregg.Theory.ObjectiveBendDemandTyping.AddressTypes} {heap : Array Minidregg.Theory.ObjectiveBendDemandMachine.Cell}, Minidregg.Theory.ObjectiveBendDemandTyping.HeapTyping assumptions types heap → ∀ {address : Minidregg.Theory.ObjectiveBendDemandMachine.Address} {type : Minidregg.Theory.ObjectiveBendTypes.Ty}, types[address]? = Option.some type → type.isComputation = Bool.false
theorem	Minidregg.Theory.ObjectiveBendDemandPreservation.heap_typed_push	fad40419d0b1388131416e2387a0a483c31fefd415ccf1739af7d7c2f91b80be	95aa08bd6c583500dd222f8854715dc4f2593797ddc3fec1212bbd84f305d06d	00158c3d05c131304759b98b25ec364c8260ad226e7e03cb42a0ea6518c69301	f2783560d43b5a5c	Classical.choice,Quot.sound,propext	∀ {assumptions : Minidregg.Theory.ObjectiveBendTyping.Assumptions} {types : Minidregg.Theory.ObjectiveBendDemandTyping.AddressTypes} {heap : Array Minidregg.Theory.ObjectiveBendDemandMachine.Cell} {cell : Minidregg.Theory.ObjectiveBendDemandMachine.Cell} {type : Minidregg.Theory.ObjectiveBendTypes.Ty}, Minidregg.Theory.ObjectiveBendDemandTyping.HeapTyping assumptions types heap → Minidregg.Theory.ObjectiveBendDemandTyping.CellTyping assumptions (types ++ [type]) cell type → Minidregg.Theory.ObjectiveBendDemandTyping.HeapTyping assumptions (types ++ [type]) (heap.push cell)
theorem	Minidregg.Theory.ObjectiveBendDemandPreservation.heap_typed_set	59b01703a4451134a914a38b913e8842bbb94a9f613b05e305bb1a7bb8972e3b	3200513a44450cdf188f0a4d661825ace3e99f0a330bbbf2a362cd848e579dd4	4320936a8b71f0aade9ae5de771aebb167e53c6777501159d016633b2ba8759e	11c509b4739d5256	Classical.choice,Quot.sound,propext	∀ {assumptions : Minidregg.Theory.ObjectiveBendTyping.Assumptions} {types : Minidregg.Theory.ObjectiveBendDemandTyping.AddressTypes} {heap : Array Minidregg.Theory.ObjectiveBendDemandMachine.Cell} {address : Minidregg.Theory.ObjectiveBendDemandMachine.Address} {type : Minidregg.Theory.ObjectiveBendTypes.Ty} {replacement : Minidregg.Theory.ObjectiveBendDemandMachine.Cell}, Minidregg.Theory.ObjectiveBendDemandTyping.HeapTyping assumptions types heap → types[address]? = Option.some type → Minidregg.Theory.ObjectiveBendDemandTyping.CellTyping assumptions types replacement type → Minidregg.Theory.ObjectiveBendDemandTyping.HeapTyping assumptions types (heap.set! address replacement)
theorem	Minidregg.Theory.ObjectiveBendDemandPreservation.insert_canonical_lookup	690b19838e761aece975db3111a423cd613e9031631642236c9c00fd327643f8	ef7781a2a477e614cfe64f6e6b98bf642ce12b7a8554207fde1aaa9579e0fa2e	90b97ae44d78e662222668c98cb405387fdb28b938d783749651624cf00fa2a1	8981645f06f15f88	Classical.choice,Quot.sound,propext	∀ (row : Minidregg.Theory.ObjectiveBendTypes.Ty) (name query : String) (member : Minidregg.Theory.ObjectiveBendTypes.Ty), Minidregg.Theory.ObjectiveBendDemandPreservation.finiteLookup (row.insertCanonical name member) query = if name = query then Option.some member else Minidregg.Theory.ObjectiveBendDemandPreservation.finiteLookup row query
theorem	Minidregg.Theory.ObjectiveBendDemandPreservation.insert_canonical_not_variable	3f857a9725ab1a1166b0de06b4b831424967d1998bcec8b04a3c2f241552bae9	8afff9c6d50ba437447c3d7651f88dbd218ca237a5200116b6a89cbbdcf7f51c	ae3d0b029d190449156e5ff02ad4838a6750bb61eb80cb52c9f6a935ac237f2a	111322fcd984b8d7	Classical.choice,Quot.sound,propext	∀ (row : Minidregg.Theory.ObjectiveBendTypes.Ty) (name : String) (member : Minidregg.Theory.ObjectiveBendTypes.Ty), Minidregg.Theory.ObjectiveBendDemandPreservation.isVariable (row.insertCanonical name member) = Bool.false
theorem	Minidregg.Theory.ObjectiveBendDemandPreservation.insert_canonical_row_head	c4802a612a85ea3ebcd2bb525febdbf2a97b0182930e0c56cdbb092642e1accc	32ecbc0ed5a7876826f595705b6a5384f8890f3e7774416ea7b79043497995c3	4c0a250aacce603e5c24e9329e2ef3999054a7486e3af5f13e87000253adfa4f	d36fd2d46389d097	Classical.choice,Quot.sound,propext	∀ (row : Minidregg.Theory.ObjectiveBendTypes.Ty) (name : String) (member : Minidregg.Theory.ObjectiveBendTypes.Ty), Minidregg.Theory.ObjectiveBendDemandPreservation.typeHead (row.insertCanonical name member) = Minidregg.Theory.ObjectiveBendDemandPreservation.HeadKind.row
theorem	Minidregg.Theory.ObjectiveBendDemandPreservation.insert_canonical_tail	780e4aae538328b6fd4362b12940530da129478733c32fc6fe4305cbc9af5175	13177ea58f5deb5bba5d1be308c1c3b413eaf83a435732741b2f9e7c5984ee86	bbaabdbf59095b81fc3c4e65ddd474fc994e87972437940d3798552dc8bb938b	d66eea573d19c4dd	Classical.choice,Quot.sound,propext	∀ (row : Minidregg.Theory.ObjectiveBendTypes.Ty) (name : String) (member : Minidregg.Theory.ObjectiveBendTypes.Ty), (row.insertCanonical name member).tail = row.tail
theorem	Minidregg.Theory.ObjectiveBendDemandPreservation.insert_usage_bound	09e3a3a969d2ede2629cce7ccb75bf09c9e06346c86351a924b0ae0e3f6646cf	e45fd1aa62bd9cadd8f92c0b8cfb6c73cc762b208560d209567222683f9fcf68	8c262f6e98b5a15444b728a064b9bf78f7bab0f9319b64891821c083abf39be7	10df91ee4004e523	Classical.choice,Quot.sound,propext	∀ {assumptions : Minidregg.Theory.ObjectiveBendTyping.Assumptions} {context : Minidregg.Theory.ObjectiveBendTypes.Context} {term : Minidregg.Theory.ObjectiveBendOpenRecursion.Term} {type : Minidregg.Theory.ObjectiveBendTypes.Ty} {uses : Minidregg.Theory.ObjectiveBendTypes.Uses}, Minidregg.Theory.ObjectiveBendTyping.PartialTyping assumptions context term type uses → ∀ {depth : Nat}, depth ≤ List.length context → depth ≤ List.length uses
theorem	Minidregg.Theory.ObjectiveBendDemandPreservation.isRow_not_computation	63a1fa5e1cfcfe7672d4cb6f69fe2388247083024848ce01a573647f371f486e	612d28ee48d38929429d30b2d78e01aa77179b5bfc30bf8caab04d8ffe88c717	49fdfbfa3b00bfce4a952eb7e2a4aae19fe4037577e90d2d377da925a0d06f60	a0825f3ed95a3864	propext	∀ (bounds : Minidregg.Theory.ObjectiveBendTypes.Bounds) (fuel : Nat) (row : Minidregg.Theory.ObjectiveBendTypes.Ty), Minidregg.Theory.ObjectiveBendTypes.Ty.isRow bounds fuel row = Bool.true → row.isComputation = Bool.false
def	Minidregg.Theory.ObjectiveBendDemandPreservation.isVariable	a2095bd068f0e7afd5297b200ac70a4cf7eb182d428c6a8a57a764b73f04f289	1c18ffdaf8a70b04ddc1a4dacab6ff8432b020ed0eddde5de8b0f270edf780d1	0ec895cb7ec5860422e6bb6433c07d700a637310a909f039f9c8550593e94f23	3b5ed864a0594221	propext	Minidregg.Theory.ObjectiveBendTypes.Ty → Bool
theorem	Minidregg.Theory.ObjectiveBendDemandPreservation.label_value_form	6717910714fccd301e5d5b60301b8113b9d9a0ba838c89b5ad904939b642fa09	12a7c7e082c12be370ac3ed4211c9aad1cf7b60f6931a9ca3d4d65d2cc7dadde	7b38fab4ee1923710256ca72ac3e3773ad003575c3d5cc7e62201d150213a097	6dda774bde5a89b7	Classical.choice,Quot.sound,propext	∀ {assumptions : Minidregg.Theory.ObjectiveBendTyping.Assumptions} {types : Minidregg.Theory.ObjectiveBendDemandTyping.AddressTypes} {value : Minidregg.Theory.ObjectiveBendDemandMachine.RuntimeValue}, Minidregg.Theory.ObjectiveBendDemandTyping.ValueTyping assumptions types value Minidregg.Theory.ObjectiveBendTypes.Ty.label → ∃ name, value = Minidregg.Theory.ObjectiveBendDemandMachine.RuntimeValue.label name
theorem	Minidregg.Theory.ObjectiveBendDemandPreservation.lift_shift_index	b23c3704cf8135cb2567fc68bf784b78f9753b05a100aedf00928e5a72671a36	6badc19982566577eebe3177f499aea4e14251a686149c5aae2c134e29c487f2	1620a19922170cf6bc70a81bec2cdeeb18982c85e2ae6b308becf2976d96ae49	09378af0464fddee	Quot.sound,propext	∀ (depth : Nat), Minidregg.Theory.ObjectiveBendOpenRecursion.liftRename (Minidregg.Theory.ObjectiveBendDemandPreservation.shiftIndex depth) = Minidregg.Theory.ObjectiveBendDemandPreservation.shiftIndex (depth + 1)
theorem	Minidregg.Theory.ObjectiveBendDemandPreservation.lookup_not_computation	22254361a5cbb757eeb7bdb3dc1cf1bc231fa0e6f80fd82fb44a0d108ba805a8	3668412a80ec35d3bffbbd9df39786ba31609ca909e898e69552f0b30d9cade7	22286af55924abdcdb2d1eecbefbc6153a0cfc6279943fb3533bbbcd6513bad9	6effb7b3a2f2df77	propext	∀ (bounds : Minidregg.Theory.ObjectiveBendTypes.Bounds) (fuel : Nat) (row : Minidregg.Theory.ObjectiveBendTypes.Ty) (name : String) (member : Minidregg.Theory.ObjectiveBendTypes.Ty), Minidregg.Theory.ObjectiveBendTypes.Ty.lookup bounds fuel row name = Option.some member → row.isComputation = Bool.false
theorem	Minidregg.Theory.ObjectiveBendDemandPreservation.lookup_prefix_or_alias	3668c9843318ac918e4a15fe7fbc4e4d6014551cdba5f5cf707d5ce323b980fb	4e563ba47ed057986a9a168711ac46da3213d78ce6b4658554d7b8a9eedff499	302b5c6edc24494d0a827bb333e33fd3308942424903fe7aa28b2b0ef1a2ba8c	f506e3c27d8e51de	propext	∀ (bounds : Minidregg.Theory.ObjectiveBendTypes.Bounds) (fuel : Nat) (row : Minidregg.Theory.ObjectiveBendTypes.Ty) (name : String) (member : Minidregg.Theory.ObjectiveBendTypes.Ty), Minidregg.Theory.ObjectiveBendTypes.Ty.lookup bounds fuel row name = Option.some member → Minidregg.Theory.ObjectiveBendDemandPreservation.finiteLookup row name = Option.some member ∨ Minidregg.Theory.ObjectiveBendDemandPreservation.finiteLookup row name = Option.none ∧ ∃ index bound depth, row.tail = Minidregg.Theory.ObjectiveBendTypes.Ty.variable index ∧ List.lookup index bounds = Option.some bound ∧ Minidregg.Theory.ObjectiveBendTypes.Ty.lookup bounds depth bound name = Option.some member
theorem	Minidregg.Theory.ObjectiveBendDemandPreservation.natural_value_form	7b1d29109ff39ed507ca1725c9ca434d15406091f77c1c1a9a1792a42349408b	afe7d66b9e960a14b4d3fae8fbfc8027afbae5e8b08fc9a2fea1a45849295381	430f0a1719629d4882f583de954aa7c44aa0bad76805c3dd0996b87dad562a59	f968644a86a6023c	Classical.choice,Quot.sound,propext	∀ {assumptions : Minidregg.Theory.ObjectiveBendTyping.Assumptions} {types : Minidregg.Theory.ObjectiveBendDemandTyping.AddressTypes} {value : Minidregg.Theory.ObjectiveBendDemandMachine.RuntimeValue}, Minidregg.Theory.ObjectiveBendDemandTyping.ValueTyping assumptions types value Minidregg.Theory.ObjectiveBendTypes.Ty.natural → ∃ number, value = Minidregg.Theory.ObjectiveBendDemandMachine.RuntimeValue.natural number
theorem	Minidregg.Theory.ObjectiveBendDemandPreservation.prototype_value_form	4f6e0953b920d0f172282629d4e2b8ac8e36c09d4279b5f58e90123d8be11df2	5a4553ea74b04a9bf6830e103ffd6aecddcca09e5cc129f3dbddc5ec69fd0b2e	640e7989c7326d8a23c2bd643271bed14ffd67139330532fc06dd5d78d70b23a	8b294d37732f220d	Classical.choice,Quot.sound,propext	∀ {assumptions : Minidregg.Theory.ObjectiveBendTyping.Assumptions} {types : Minidregg.Theory.ObjectiveBendDemandTyping.AddressTypes} {value : Minidregg.Theory.ObjectiveBendDemandMachine.RuntimeValue} {specType targetType : Minidregg.Theory.ObjectiveBendTypes.Ty}, Minidregg.Theory.ObjectiveBendDemandTyping.ValueTyping assumptions types value (specType.prototype targetType) → ∃ spec target, value = Minidregg.Theory.ObjectiveBendDemandMachine.RuntimeValue.prototype spec target
theorem	Minidregg.Theory.ObjectiveBendDemandPreservation.record_value_form	bec4994310a2fbcdcd810bf0b9f5a5d822117c1fee9b204fe75970a09342be6a	1ee668ffc72f3b7a02b74c25789b357a3eb8926711e32cf706b8bcc67d9ca81a	b6d0b8710e6a38e371c5ec82519f9b30fb54496faef88507ce99a387644b24a7	4c60a7d087a1b7b9	Classical.choice,Quot.sound,propext	∀ {assumptions : Minidregg.Theory.ObjectiveBendTyping.Assumptions} {types : Minidregg.Theory.ObjectiveBendDemandTyping.AddressTypes} {value : Minidregg.Theory.ObjectiveBendDemandMachine.RuntimeValue} {row : Minidregg.Theory.ObjectiveBendTypes.Ty}, Minidregg.Theory.ObjectiveBendDemandTyping.ValueTyping assumptions types value row → ∀ (fuel : Nat), Minidregg.Theory.ObjectiveBendTypes.Ty.isRow assumptions.bounds fuel row = Bool.true → ∃ fields, value = Minidregg.Theory.ObjectiveBendDemandMachine.RuntimeValue.record fields
theorem	Minidregg.Theory.ObjectiveBendDemandPreservation.reusable_add_uses	9da4e5f784bb354b99578b644172d76f6d70131621525771f09daf4695ac06ca	b0ef1ece9f4ca4fef03d2b1af40361aed638adcff1f14edece6401674464a6a6	becc6445e8ad43a934593d552a0af89e4d6cc39cda6eba8be91465d8f556fd4c	131f4949c62e3f1d	Quot.sound,propext	∀ (variables : List Nat) (context : Minidregg.Theory.ObjectiveBendTypes.Context) (first second : Minidregg.Theory.ObjectiveBendTypes.Uses), Minidregg.Theory.ObjectiveBendTypes.reusableCaptures variables context first = Bool.true → Minidregg.Theory.ObjectiveBendTypes.reusableCaptures variables context second = Bool.true → Minidregg.Theory.ObjectiveBendTypes.reusableCaptures variables context (Minidregg.Theory.ObjectiveBendTypes.addUses first second) = Bool.true
theorem	Minidregg.Theory.ObjectiveBendDemandPreservation.reusable_add_uses_left	c0f7c9c449aad253a2ff1400819ab79736501839eec0367d2a25b4048e8a6f8b	66278228de09d9eab13d6a75dec598825e684144c9f1ac47c831f11970a8fd23	b54c19ee986c64ada8492d1e8dc739f0819f830e0c804e3bac7ff3a8c3bdd96f	f5c4ad0a49a08e48	Classical.choice,Quot.sound,propext	∀ (variables : List Nat) (context : Minidregg.Theory.ObjectiveBendTypes.Context) (first second : Minidregg.Theory.ObjectiveBendTypes.Uses), List.length first = List.length context → List.length second = List.length context → Minidregg.Theory.ObjectiveBendTypes.reusableCaptures variables context (Minidregg.Theory.ObjectiveBendTypes.addUses first second) = Bool.true → Minidregg.Theory.ObjectiveBendTypes.reusableCaptures variables context first = Bool.true
theorem	Minidregg.Theory.ObjectiveBendDemandPreservation.reusable_allowed_insert	0e3c73b4661f852ba3cc3e3c70d1a020cb5c2983b12bd5f19dbec17802f2921c	2c396ec4a7f47a8dbabb652f39ca3abf638bb4d943136234612a7fa8772ff89b	c3de24791cdb3b815169304a390ed9485db45f36aa59343e1287e632c5d7e6a1	6049f2d8dc60aa95	Classical.choice,Quot.sound,propext	∀ (assumptions : Minidregg.Theory.ObjectiveBendTyping.Assumptions) (reuse : Minidregg.Theory.ObjectiveBendTypes.Reuse) (context : Minidregg.Theory.ObjectiveBendTypes.Context) (uses : Minidregg.Theory.ObjectiveBendTypes.Uses) (depth : Nat) (binding : Minidregg.Theory.ObjectiveBendTypes.Binding), Minidregg.Theory.ObjectiveBendTyping.reusableAllowed assumptions reuse context uses = Bool.true → depth ≤ List.length context → Minidregg.Theory.ObjectiveBendTyping.reusableAllowed assumptions reuse (List.insertIdx context depth binding) (List.insertIdx uses depth 0) = Bool.true
theorem	Minidregg.Theory.ObjectiveBendDemandPreservation.reusable_captures_insert	ed564c1a33cf30dccb22828b8bb2d0cb49b0c9ed315ac8ba18dfbff1da3d8b56	ad8c70705ae46151cb5cd3b715749f3465ed11ad8796148e545a5880c6fd6ea2	d7f6c3e931f2375996869c59c94ee5d453b7b9166b0f2acbffb1c9348227da99	f6046a25d2ee2cfb	Classical.choice,Quot.sound,propext	∀ (variables : List Nat) (context : Minidregg.Theory.ObjectiveBendTypes.Context) (uses : Minidregg.Theory.ObjectiveBendTypes.Uses) (depth : Nat) (binding : Minidregg.Theory.ObjectiveBendTypes.Binding), Minidregg.Theory.ObjectiveBendTypes.reusableCaptures variables context uses = Bool.true → depth ≤ List.length context → Minidregg.Theory.ObjectiveBendTypes.reusableCaptures variables (List.insertIdx context depth binding) (List.insertIdx uses depth 0) = Bool.true
theorem	Minidregg.Theory.ObjectiveBendDemandPreservation.reusable_count_add	cb1dbcc88368c08eddc2d6de4fe7526d695540e4e324657f13e506de4157cf99	3f94d699e51a1415d782af408cc6c96e1c4b2c8470abfc7cd427c4e994f7c0f9	e6911dabeee8704b1ea146b96a00827337ce6f633270b1e8f307415ac834313a	58fb37654781ff4b	Quot.sound,propext	∀ (quantity : Minidregg.Theory.ObjectiveBendTypes.Quantity) (shareable : Bool) (first second : Nat), (first == 0 || quantity == Minidregg.Theory.ObjectiveBendTypes.Quantity.unrestricted && shareable) = Bool.true → (second == 0 || quantity == Minidregg.Theory.ObjectiveBendTypes.Quantity.unrestricted && shareable) = Bool.true → (first + second == 0 || quantity == Minidregg.Theory.ObjectiveBendTypes.Quantity.unrestricted && shareable) = Bool.true
theorem	Minidregg.Theory.ObjectiveBendDemandPreservation.reusable_count_add_left	fab9b19eb501a38aab4219bae8008bb2fb14bdd437760dafb2fd7ea2797d733e	b436ca49e39cc132fa4831d689f65d15eb6c1663a327631d67d38274e06ffb2c	85de9affe612a73837404640a44e49ff2cb4baa9819559cdc7f2681ac25b6e29	1a928b5e1b0068d1	Classical.choice,Quot.sound,propext	∀ (quantity : Minidregg.Theory.ObjectiveBendTypes.Quantity) (shareable : Bool) (first second : Nat), (first + second == 0 || quantity == Minidregg.Theory.ObjectiveBendTypes.Quantity.unrestricted && shareable) = Bool.true → (first == 0 || quantity == Minidregg.Theory.ObjectiveBendTypes.Quantity.unrestricted && shareable) = Bool.true
theorem	Minidregg.Theory.ObjectiveBendDemandPreservation.reusable_tail	2e4a13a45b6e2c2ca19b90eadeca452929eae4d0950abc4b0f56f73b6e9910cf	df5fcf32003a3d47faaa1f7f63298be943b51f0250a569e11d19e01ccc0f8582	aa1ace8b7232accb3bf3dbc10634dc9ac23743fa09fb86ac1c7d260d14c1be57	c20b1fec768938ef	Quot.sound,propext	∀ {variables : List Nat} {binding : Minidregg.Theory.ObjectiveBendTypes.Binding} {context : Minidregg.Theory.ObjectiveBendTypes.Context} {uses : Minidregg.Theory.ObjectiveBendTypes.Uses}, Minidregg.Theory.ObjectiveBendTypes.reusableCaptures variables (binding :: context) uses = Bool.true → Minidregg.Theory.ObjectiveBendTypes.reusableCaptures variables context (List.tail uses) = Bool.true
theorem	Minidregg.Theory.ObjectiveBendDemandPreservation.reusable_uses_safe	7ba701acf3fc6c9b90c8ce108e86775fa8b8992bd2a3b23e614295129ca8e94c	c320d818f8503dc693073eeb12157d80ae43ba0859fdb8fa17033e52df9ed0e3	03965fb86da319e84736e663698d77481739ccb71f716dbe76fb16d08ec6d771	62953193fe8ae780	Classical.choice,Quot.sound,propext	∀ (variables : List Nat) (context : Minidregg.Theory.ObjectiveBendTypes.Context) (uses : Minidregg.Theory.ObjectiveBendTypes.Uses), Minidregg.Theory.ObjectiveBendTypes.reusableCaptures variables context uses = Bool.true → Minidregg.Theory.ObjectiveBendTypes.safeUses context uses = Bool.true
theorem	Minidregg.Theory.ObjectiveBendDemandPreservation.reusable_variable	b5c7d2b240a9baf349d3443e5f79445ec99bee7a537ab80b5d819b0227393d2b	e1cf1ed74def6b865a5a4206d6fec185412ffa7d7d2bf1c0592a0640a57c81d2	8e55cca7755e6adee7bafc31b3ee4122acba7490ebc0a9723ca47a875e4215c9	3fdfd70eb458e595	Classical.choice,Quot.sound,propext	∀ {variables : List Nat} {context : Minidregg.Theory.ObjectiveBendTypes.Context} {index : Nat} {binding : Minidregg.Theory.ObjectiveBendTypes.Binding}, context[index]? = Option.some binding → binding.quantity = Minidregg.Theory.ObjectiveBendTypes.Quantity.unrestricted → Minidregg.Theory.ObjectiveBendTypes.Ty.shareableUnder variables binding.type = Bool.true → Minidregg.Theory.ObjectiveBendTypes.reusableCaptures variables context (Minidregg.Theory.ObjectiveBendTypes.variableUses context index) = Bool.true
theorem	Minidregg.Theory.ObjectiveBendDemandPreservation.reusable_zero_uses	57dcc5cf7f15fc6d3f58f3692c3a0fd5639f76ad7c423700c6e64deb2568fd85	01a22bd0063019c0cd8e0a563965615434fcacb08ed89961d1941b2df50615c5	5626cf13b5f84b5ef00b6f05fa755fe87906460af89cd3e2609cff83ecc40782	007ad82fdd1dcf11	Classical.choice,Quot.sound,propext	∀ (variables : List Nat) (context : Minidregg.Theory.ObjectiveBendTypes.Context), Minidregg.Theory.ObjectiveBendTypes.reusableCaptures variables context (Minidregg.Theory.ObjectiveBendTypes.zeroUses context) = Bool.true
theorem	Minidregg.Theory.ObjectiveBendDemandPreservation.row_head_normalizes	89d2d11ec891a27b2f16c623d92c242409018a969d800aa8a8500643e41f75aa	1bf4e91fc41ad3dc01426c5d52ef3b07aaade7cef997f3c89dcb6ad30c4390ca	15263f4c1ab69a5de05e6a493ec6249a439ccf09c95d7b8af2d412b9baec2822	6e700f64a9053b32	Classical.choice,Quot.sound,propext	∀ (bounds : Minidregg.Theory.ObjectiveBendTypes.Bounds) (fuel : Nat) (row : Minidregg.Theory.ObjectiveBendTypes.Ty), Minidregg.Theory.ObjectiveBendTypes.Ty.isRow bounds fuel row = Bool.true → ∃ head, Minidregg.Theory.ObjectiveBendDemandPreservation.HeadNormalizes bounds row head ∧ Minidregg.Theory.ObjectiveBendDemandPreservation.typeHead head = Minidregg.Theory.ObjectiveBendDemandPreservation.HeadKind.row
theorem	Minidregg.Theory.ObjectiveBendDemandPreservation.safe_add_uses_left	86faecc2fd6c67b580147749b29517a45a2df24235fbda67faa2362e0dd844b8	7138831f7d355208715334ee284bf2a268a3a7a23b2621e34a6df50e8d0da004	bec1bf23ba0f9f1351574b2bbf756b22ad49871b1faf77d7a5dd87e666c7ddcd	459848fe396f21f9	Classical.choice,Quot.sound,propext	∀ (context : Minidregg.Theory.ObjectiveBendTypes.Context) (first second : Minidregg.Theory.ObjectiveBendTypes.Uses), List.length first = List.length context → List.length second = List.length context → Minidregg.Theory.ObjectiveBendTypes.safeUses context (Minidregg.Theory.ObjectiveBendTypes.addUses first second) = Bool.true → Minidregg.Theory.ObjectiveBendTypes.safeUses context first = Bool.true
theorem	Minidregg.Theory.ObjectiveBendDemandPreservation.safe_add_uses_right	93d97e78ce1fb41b264d3a87aeb8048ad4db2affe3fb45c9c731ac5ba769ff73	94c4f556b5e5b25a9386d1d20d1fd377f29570c9ab20bb09cab21b001df1100c	de8aee1c2a469df06117496f8dac1d53186f32b688f48e9e7ff51f322a87df1b	91522a86ce1977e7	Classical.choice,Quot.sound,propext	∀ (context : Minidregg.Theory.ObjectiveBendTypes.Context) (first second : Minidregg.Theory.ObjectiveBendTypes.Uses), List.length first = List.length context → List.length second = List.length context → Minidregg.Theory.ObjectiveBendTypes.safeUses context (Minidregg.Theory.ObjectiveBendTypes.addUses first second) = Bool.true → Minidregg.Theory.ObjectiveBendTypes.safeUses context second = Bool.true
theorem	Minidregg.Theory.ObjectiveBendDemandPreservation.safe_quantity_add_left	d1a85410fb4cfa8d1651b4032428f9f40f628f56cc63b6a12de14478fbf9e065	4899aa321f2da7d7ff71ebf7f5ee56458b5217bd135926f32808e65fe31adb26	d6a7eb40ca6ffe6fa2b5535ff002c8ce4f57a6ce0379deb8cbfa65816ed908f5	6a9cf1f151051954	Classical.choice,Quot.sound,propext	∀ (quantity : Minidregg.Theory.ObjectiveBendTypes.Quantity) (first second : Nat), Minidregg.Theory.ObjectiveBendTypes.safeQuantity quantity (first + second) = Bool.true → Minidregg.Theory.ObjectiveBendTypes.safeQuantity quantity first = Bool.true
theorem	Minidregg.Theory.ObjectiveBendDemandPreservation.safe_quantity_zero	3dba9d9442c28b53a096a5f51903a29c46c207d31f1362640f3ae07365b7fc73	25d1e152c5c8d22d8e1f4cb267dff1226091b3eb7e38abd81b4e18bc6e0e31dc	4da1382433b9d40f8c59cb852cbec2c3b9d99556ec2f9ae546dd13ed465e80bc	05562e4e2f3e3094	-	∀ (quantity : Minidregg.Theory.ObjectiveBendTypes.Quantity), Minidregg.Theory.ObjectiveBendTypes.safeQuantity quantity 0 = Bool.true
theorem	Minidregg.Theory.ObjectiveBendDemandPreservation.safe_uses_insert	05e2c7fd82d684230176b3d6396e91804ba62711b180cfe8b758cc8c21bf16e6	f7aabe385cfd8cf86ddcf90f4163cee03e82161d2a40f6bdbc571e64255fec95	90167fd9fd295d107b73a2a225e76eeaf6a16f8a6c41d5be81516dbf573ac642	74fe4fe46e4a1fbb	Quot.sound,propext	∀ (context : Minidregg.Theory.ObjectiveBendTypes.Context) (uses : Minidregg.Theory.ObjectiveBendTypes.Uses) (depth : Nat) (binding : Minidregg.Theory.ObjectiveBendTypes.Binding), Minidregg.Theory.ObjectiveBendTypes.safeUses context uses = Bool.true → depth ≤ List.length context → Minidregg.Theory.ObjectiveBendTypes.safeUses (List.insertIdx context depth binding) (List.insertIdx uses depth 0) = Bool.true
theorem	Minidregg.Theory.ObjectiveBendDemandPreservation.sameType_activity_canonical	25bfdec89523ffd65a416ad04d7a1a8a277d4274eda5746a6a6b3594935c7689	410be58b1c7ce91039ed5cc5176c79cfe25c8424fe87991cdff332620fc7e20c	75f61565ecb3e74dfb43a8e0d16f645a0c6e39e380c25f11705aeed861efb756	fc990d144dfb03a1	Classical.choice,Quot.sound,propext	∀ {assumptions : Minidregg.Theory.ObjectiveBendTyping.Assumptions} {actual expected plan response produced : Minidregg.Theory.ObjectiveBendTypes.Ty}, Minidregg.Theory.ObjectiveBendTyping.sameType assumptions actual expected = Bool.true → actual.canonical = (plan.computation response produced).canonical → expected.canonical = (plan.computation response produced).canonical
theorem	Minidregg.Theory.ObjectiveBendDemandPreservation.same_type_lookup_transport	dd9a91f40f7fac973a790d09fd564c746ae75575d84190f4a7d4ccb5a72de0df	6ef075b5641c3b3162ea6a7f51d849cac790ae0e30ebd7c1925fd5f33ca089ee	3bc99786fa92ee498d5cd9a8564b97b31032f1c6b4ae98be49b111f0fbcd54eb	f2d2d3d17ee2ac0d	Classical.choice,Quot.sound,propext	∀ {assumptions : Minidregg.Theory.ObjectiveBendTyping.Assumptions} {actual expected : Minidregg.Theory.ObjectiveBendTypes.Ty}, Minidregg.Theory.ObjectiveBendTyping.sameType assumptions actual expected = Bool.true → ∀ (fuel : Nat) (name : String) (member : Minidregg.Theory.ObjectiveBendTypes.Ty), Minidregg.Theory.ObjectiveBendTypes.Ty.lookup assumptions.bounds fuel expected name = Option.some member → ∃ depth actualMember, Minidregg.Theory.ObjectiveBendTypes.Ty.lookup assumptions.bounds depth actual name = Option.some actualMember ∧ actualMember.canonical = member.canonical
theorem	Minidregg.Theory.ObjectiveBendDemandPreservation.same_type_preserves_head	a0ffcb6296ec23413ff044e8263fa2a3a096a908551d019967e50bc044f62a1c	7d575db3ca0bb37908d08969fefe2947310f669cd7f53f9f19ca5f9921e64161	ab0e94ed866acf2d7f69784206d9b57e7da652b6b615424676e710e5263a2031	051fd72099de3ee6	Classical.choice,Quot.sound,propext	∀ {assumptions : Minidregg.Theory.ObjectiveBendTyping.Assumptions} {first second result : Minidregg.Theory.ObjectiveBendTypes.Ty}, Minidregg.Theory.ObjectiveBendTyping.sameType assumptions first second = Bool.true → Minidregg.Theory.ObjectiveBendDemandPreservation.HeadNormalizes assumptions.bounds first result → Minidregg.Theory.ObjectiveBendDemandPreservation.HeadNormalizes assumptions.bounds second result
def	Minidregg.Theory.ObjectiveBendDemandPreservation.shiftIndex	58c23febf39357ab9cd32cda8697fd86e2ef98db924d8431ea607890de703913	5953a7dd9cbf6f8081cc674a88ccbdfa94bdbdcd74c751c425f66edc3204581e	8b1ac0eb80f67e0c0660474a20ac8764985a1fef3c06bfbf42d5e69709710f07	1cbd2c009c723eee	-	Nat → Nat → Nat
theorem	Minidregg.Theory.ObjectiveBendDemandPreservation.shift_zero	6497c3932eb4ed7c8f3466daabc042ec02c9cd34ba7980a0d2329128f0b59305	5c29ddac31da0f25535b1306b4ef4c25889017bb9f2d90e96c821d78a4f115c2	0ac913e19480ac10d79f7b6c899f4ebd88df97d5e7df81135db9fac6e13fb9eb	8c2d9b8b5eadd536	Quot.sound,propext	Minidregg.Theory.ObjectiveBendDemandPreservation.shiftIndex 0 = Nat.succ
def	Minidregg.Theory.ObjectiveBendDemandPreservation.sourceFocus	d7d26a6752623be5db1a39b801d0f847a5940374f0a686c2195244934862fd19	dff531698a4abb7def8f32ddde72f4458ed55fa18cefb4f7b17a4d8bf98f10cf	e4f808895f4efd69a85aa92d1b7b605a9ed7d85be9210aa07c80921f72ce7578	07f25fa2cb39494d	propext	Minidregg.Theory.ObjectiveBendOpenRecursion.Term → Minidregg.Theory.ObjectiveBendDemandMachine.Environment → Option (Minidregg.Theory.ObjectiveBendOpenRecursion.Term × Minidregg.Theory.ObjectiveBendDemandMachine.Frame)
theorem	Minidregg.Theory.ObjectiveBendDemandPreservation.source_bound_assignment	0780f8256f802da9f5368f0347464d39f1198ea0895380c09f85e30b94863351	6f4ac6a16a2a1031ff34a49d80b405d317e8a225d547acce606d56f944833b59	e3d15f8f5a5c13224af74212eb3fbf096afef3e3f5a30355394f9e7480713632	a1299176666a325f	Classical.choice,Quot.sound,propext	∀ {assumptions : Minidregg.Theory.ObjectiveBendTyping.Assumptions} {context : Minidregg.Theory.ObjectiveBendTypes.Context} {term : Minidregg.Theory.ObjectiveBendOpenRecursion.Term} {type : Minidregg.Theory.ObjectiveBendTypes.Ty} {uses : Minidregg.Theory.ObjectiveBendTypes.Uses} (source : Minidregg.Theory.ObjectiveBendTyping.PartialTyping assumptions context term type uses), match term, source with | Minidregg.Theory.ObjectiveBendOpenRecursion.Term.bound index, source => ∃ binding, context[index]? = Option.some binding ∧ Minidregg.Theory.ObjectiveBendDemandTyping.ConversionPath assumptions binding.type type | x, source => True
theorem	Minidregg.Theory.ObjectiveBendDemandPreservation.source_convert_path	6d0145a48cbff289c9419b032a8869077f2d698274386c425db1a69460b5434b	5b16bf850e0815a9b0efc0f2087eb01b9b7b5df7ded4da5873e9e004ea500f47	b86faa38a59521d1d7e82d600aabfc78e6c122c39ab8af3da7d2da6b6ceb97c5	56f3a216a9346377	Classical.choice,Quot.sound,propext	∀ {assumptions : Minidregg.Theory.ObjectiveBendTyping.Assumptions} {context : Minidregg.Theory.ObjectiveBendTypes.Context} {term : Minidregg.Theory.ObjectiveBendOpenRecursion.Term} {first last : Minidregg.Theory.ObjectiveBendTypes.Ty} {uses : Minidregg.Theory.ObjectiveBendTypes.Uses}, Minidregg.Theory.ObjectiveBendTyping.PartialTyping assumptions context term first uses → Minidregg.Theory.ObjectiveBendDemandTyping.ConversionPath assumptions first last → Minidregg.Theory.ObjectiveBendTyping.PartialTyping assumptions context term last uses
theorem	Minidregg.Theory.ObjectiveBendDemandPreservation.source_focus_typed	a797d6259eaa1657e603e426603265808208c2a95d77c1983b6129abdc96f35f	09882e2224a096f64703b439a4670bbfbb8713ec24ee55be55e7a2ff5c2a2b24	9d695373353b343e338fd90da4c3d4263d9e1df538ed83de8bddd378915aa187	087fb78fbfe4c5c2	Classical.choice,Quot.sound,propext	∀ {assumptions : Minidregg.Theory.ObjectiveBendTyping.Assumptions} {context : Minidregg.Theory.ObjectiveBendTypes.Context} {term : Minidregg.Theory.ObjectiveBendOpenRecursion.Term} {type : Minidregg.Theory.ObjectiveBendTypes.Ty} {uses : Minidregg.Theory.ObjectiveBendTypes.Uses}, Minidregg.Theory.ObjectiveBendTyping.PartialTyping assumptions context term type uses → ∀ (types : Minidregg.Theory.ObjectiveBendDemandTyping.AddressTypes) (environment : Minidregg.Theory.ObjectiveBendDemandMachine.Environment), Minidregg.Theory.ObjectiveBendDemandTyping.EnvironmentTyping types context environment → Minidregg.Theory.ObjectiveBendTypes.safeUses context uses = Bool.true → Minidregg.Theory.ObjectiveBendTypes.validContext assumptions.shareableVariables context = Bool.true → match Minidregg.Theory.ObjectiveBendDemandPreservation.sourceFocus term environment with | Option.some (target, frame) => Nonempty (Minidregg.Theory.ObjectiveBendDemandPreservation.FocusedSource assumptions types target environment frame type) | Option.none => True
theorem	Minidregg.Theory.ObjectiveBendDemandPreservation.source_insert_binding	91cfc41c9d20df665e469ad044c4c51874ca69354ab454ad94998adb4031176f	ca635ff949f82e91a581239aa82114e70f2a5f79f9927899338a7e85a3c71c8d	5b41ce04d10e21c320418efb26f20eeed4535c588177e303e741fefd33078fd2	9abdb6bef364a653	Classical.choice,Quot.sound,propext	∀ {assumptions : Minidregg.Theory.ObjectiveBendTyping.Assumptions} {context : Minidregg.Theory.ObjectiveBendTypes.Context} {term : Minidregg.Theory.ObjectiveBendOpenRecursion.Term} {type : Minidregg.Theory.ObjectiveBendTypes.Ty} {uses : Minidregg.Theory.ObjectiveBendTypes.Uses}, Minidregg.Theory.ObjectiveBendTyping.PartialTyping assumptions context term type uses → ∀ (depth : Nat) (binding : Minidregg.Theory.ObjectiveBendTypes.Binding), depth ≤ List.length context → Minidregg.Theory.ObjectiveBendTypes.validContext assumptions.shareableVariables [binding] = Bool.true → Minidregg.Theory.ObjectiveBendTyping.PartialTyping assumptions (List.insertIdx context depth binding) (Minidregg.Theory.ObjectiveBendOpenRecursion.Term.rename (Minidregg.Theory.ObjectiveBendDemandPreservation.shiftIndex depth) term) type (List.insertIdx uses depth 0)
theorem	Minidregg.Theory.ObjectiveBendDemandPreservation.source_weaken	e77bb63e146d47daab53c024e3fca892111fa972eef59090e0e67ddc84546ee8	8a944a47757f8430705af323e95f0028f9c51f2b097a548a8b6e709ca246ea59	9722fe2baf310d4a635f57a6bbdbcdec7abdc98a84de5e55136e0ccd30ae31de	276d81e6aaf7da8b	Classical.choice,Quot.sound,propext	∀ {assumptions : Minidregg.Theory.ObjectiveBendTyping.Assumptions} {context : Minidregg.Theory.ObjectiveBendTypes.Context} {term : Minidregg.Theory.ObjectiveBendOpenRecursion.Term} {type : Minidregg.Theory.ObjectiveBendTypes.Ty} {uses : Minidregg.Theory.ObjectiveBendTypes.Uses}, Minidregg.Theory.ObjectiveBendTyping.PartialTyping assumptions context term type uses → ∀ (binding : Minidregg.Theory.ObjectiveBendTypes.Binding), Minidregg.Theory.ObjectiveBendTypes.validContext assumptions.shareableVariables [binding] = Bool.true → Minidregg.Theory.ObjectiveBendTyping.PartialTyping assumptions (binding :: context) (Minidregg.Theory.ObjectiveBendOpenRecursion.Term.rename Nat.succ term) type (0 :: uses)
theorem	Minidregg.Theory.ObjectiveBendDemandPreservation.source_weaken_twice	9a3d60c4c9923f9a65ae06740b2cf909f3c4f47b105910742b4a0df2d3020a85	f3b0f249a00a6fcb185611e696655526cc13b3739e4cca92e41be1a0c5bf9d6a	c24837013593167d870a0b7ab748f1ad17562d71c3d70091a90ebd9bb5b4b851	efa95f4a8de1a17e	Classical.choice,Quot.sound,propext	∀ {assumptions : Minidregg.Theory.ObjectiveBendTyping.Assumptions} {context : Minidregg.Theory.ObjectiveBendTypes.Context} {term : Minidregg.Theory.ObjectiveBendOpenRecursion.Term} {type : Minidregg.Theory.ObjectiveBendTypes.Ty} {uses : Minidregg.Theory.ObjectiveBendTypes.Uses}, Minidregg.Theory.ObjectiveBendTyping.PartialTyping assumptions context term type uses → ∀ (first second : Minidregg.Theory.ObjectiveBendTypes.Binding), Minidregg.Theory.ObjectiveBendTypes.validContext assumptions.shareableVariables [first] = Bool.true → Minidregg.Theory.ObjectiveBendTypes.validContext assumptions.shareableVariables [second] = Bool.true → Minidregg.Theory.ObjectiveBendTyping.PartialTyping assumptions (second :: first :: context) (Minidregg.Theory.ObjectiveBendOpenRecursion.Term.rename (fun index => index + 2) term) type (0 :: 0 :: uses)
theorem	Minidregg.Theory.ObjectiveBendDemandPreservation.specification_callable_type	9b4d8d451a234652c15ebf29fa8c61eff0784b404034b40691437e081845b2f3	980c9cfedead8bf2698efac79c748b69410ee465d3636bd59454a5384b73528c	37a9430ecae2c307870d95afd928df30d42097364d049fd629229bdb28b85fb0	9911d2509e1cd0c1	Classical.choice,Quot.sound,propext	∀ {bounds : Minidregg.Theory.ObjectiveBendTypes.Bounds} {functionType : Minidregg.Theory.ObjectiveBendTypes.Ty} {reuse : Minidregg.Theory.ObjectiveBendTypes.Reuse} {quantity : Minidregg.Theory.ObjectiveBendTypes.Quantity} {domain codomain metadata extension : Minidregg.Theory.ObjectiveBendTypes.Ty}, Minidregg.Theory.ObjectiveBendDemandPreservation.HeadNormalizes bounds functionType (metadata.specification extension).canonical → Minidregg.Theory.ObjectiveBendTyping.callable functionType = Minidregg.Theory.ObjectiveBendTypes.Ty.arrow reuse quantity domain codomain → ∃ metadataType extensionType, functionType = metadataType.specification extensionType
theorem	Minidregg.Theory.ObjectiveBendDemandPreservation.specification_value_form	fd579af04d0901aef6724328a78b37f983254ec9445ded6b5aefecc09f61c566	af182c50a3e597d1b7bbc8dc632be455b7372f41fd049ca31fd24c3def470fff	5116f678e98711f910508a1f9df4a2fd9212f538ecdb601accc0aa790f091db1	78ba0a6732e84182	Classical.choice,Quot.sound,propext	∀ {assumptions : Minidregg.Theory.ObjectiveBendTyping.Assumptions} {types : Minidregg.Theory.ObjectiveBendDemandTyping.AddressTypes} {value : Minidregg.Theory.ObjectiveBendDemandMachine.RuntimeValue} {metadataType extensionType : Minidregg.Theory.ObjectiveBendTypes.Ty}, Minidregg.Theory.ObjectiveBendDemandTyping.ValueTyping assumptions types value (metadataType.specification extensionType) → ∃ metadata extension, value = Minidregg.Theory.ObjectiveBendDemandMachine.RuntimeValue.specification metadata extension
theorem	Minidregg.Theory.ObjectiveBendDemandPreservation.stack_activity_head	59a9b23d5e9c7e3c3c8f1f40f7199a35865ebef49d60895f505a450f5a7d63a9	7b7a96ee3bc48f2344e7c2f1934daeec2f5657ac6d910ca128277e42177c7ebf	b552e195ddc27547a8a3418a4a4d82ae08e21b72b2525a1ede2718feac4710b0	58a82f05c453bfc4	Classical.choice,Quot.sound,propext	∀ {assumptions : Minidregg.Theory.ObjectiveBendTyping.Assumptions} {types : Minidregg.Theory.ObjectiveBendDemandTyping.AddressTypes} {stack : List Minidregg.Theory.ObjectiveBendDemandMachine.Frame} {input result : Minidregg.Theory.ObjectiveBendTypes.Ty}, Minidregg.Theory.ObjectiveBendDemandTyping.StackTyping assumptions types stack input result → input.isComputation = Bool.true → ∀ (frame : Minidregg.Theory.ObjectiveBendDemandMachine.Frame) (rest : List Minidregg.Theory.ObjectiveBendDemandMachine.Frame), stack = frame :: rest → ∃ arms environment, frame = Minidregg.Theory.ObjectiveBendDemandMachine.Frame.case arms environment
theorem	Minidregg.Theory.ObjectiveBendDemandPreservation.stack_argument_value	d94258b625c4d0b0a60150210656ab2a1f1e19f9a1e369116153aaa73f3ee409	834411debb0bbe9e6a36b3710f2264756a6703194a6f9b13db8397dabc02e610	ed3aff42845c557957ab69a07ff5cf9dff36713c2c2912b30f1735e5358487c4	9e405c5a69df7b97	Classical.choice,Quot.sound,propext	∀ {assumptions : Minidregg.Theory.ObjectiveBendTyping.Assumptions} {types : Minidregg.Theory.ObjectiveBendDemandTyping.AddressTypes} {stack : List Minidregg.Theory.ObjectiveBendDemandMachine.Frame} {input result : Minidregg.Theory.ObjectiveBendTypes.Ty} {value : Minidregg.Theory.ObjectiveBendDemandMachine.RuntimeValue}, Minidregg.Theory.ObjectiveBendDemandTyping.StackTyping assumptions types stack input result → Minidregg.Theory.ObjectiveBendDemandTyping.ValueTyping assumptions types value input → ∀ (argument : Minidregg.Theory.ObjectiveBendOpenRecursion.Term) (environment : Minidregg.Theory.ObjectiveBendDemandMachine.Environment) (rest : List Minidregg.Theory.ObjectiveBendDemandMachine.Frame), stack = Minidregg.Theory.ObjectiveBendDemandMachine.Frame.argument argument environment :: rest → ∃ functionType domain codomain reuse quantity origin, Minidregg.Theory.ObjectiveBendTyping.callable functionType = Minidregg.Theory.ObjectiveBendTypes.Ty.arrow reuse quantity domain codomain ∧ Minidregg.Theory.ObjectiveBendTyping.argumentAllowed assumptions quantity origin.context domain origin.uses = Bool.true ∧ Minidregg.Theory.ObjectiveBendDemandTyping.ValueTyping assumptions types value functionType ∧ Minidregg.Theory.ObjectiveBendDemandTyping.StackTyping assumptions types rest codomain result
theorem	Minidregg.Theory.ObjectiveBendDemandPreservation.stack_convert_path	8b9c0ded0002ab8fb1fa173db22f65d70e9f770fc539201f1f63aa0a1e09954b	16962f0e5bb616bd9ab145a400feee2c0261ff29da053c985f42f646b5a47be3	66e1af46a6ecd62d09835ea7a6a23204f97a875bb4b47066c2b3048611aa8033	902723f9be958cac	Classical.choice,Quot.sound,propext	∀ {assumptions : Minidregg.Theory.ObjectiveBendTyping.Assumptions} {types : Minidregg.Theory.ObjectiveBendDemandTyping.AddressTypes} {first last result : Minidregg.Theory.ObjectiveBendTypes.Ty} {stack : List Minidregg.Theory.ObjectiveBendDemandMachine.Frame}, Minidregg.Theory.ObjectiveBendDemandTyping.ConversionPath assumptions first last → Minidregg.Theory.ObjectiveBendDemandTyping.StackTyping assumptions types stack last result → Minidregg.Theory.ObjectiveBendDemandTyping.StackTyping assumptions types stack first result
theorem	Minidregg.Theory.ObjectiveBendDemandPreservation.stack_effect_case	3f5ee1d3d21ecf9ae781e362d88ac6515a14a2e2d05c73b529345f7317af1e21	29ca0c3406d9da58ed8df95f4a012b8ff3bdd358c186776207baab8ced1413d9	db865642ab04ca629bde9419e809542d1ec09ef3db0a142e66ee6925bb33e685	5f99652a0b2cd1da	Classical.choice,Quot.sound,propext	∀ {assumptions : Minidregg.Theory.ObjectiveBendTyping.Assumptions} {types : Minidregg.Theory.ObjectiveBendDemandTyping.AddressTypes} {stack : List Minidregg.Theory.ObjectiveBendDemandMachine.Frame} {input result : Minidregg.Theory.ObjectiveBendTypes.Ty}, Minidregg.Theory.ObjectiveBendDemandTyping.StackTyping assumptions types stack input result → ∀ (arms : List (String × Minidregg.Theory.ObjectiveBendOpenRecursion.Term)) (environment : Minidregg.Theory.ObjectiveBendDemandMachine.Environment) (rest : List Minidregg.Theory.ObjectiveBendDemandMachine.Frame) (plan response produced : Minidregg.Theory.ObjectiveBendTypes.Ty), stack = Minidregg.Theory.ObjectiveBendDemandMachine.Frame.case arms environment :: rest → input.canonical = (plan.computation response produced).canonical → ∃ row planType responseType branch context uses, Minidregg.Theory.ObjectiveBendDemandTyping.EnvironmentTyping types context environment ∧ Minidregg.Theory.ObjectiveBendTyping.ArmsTyping assumptions context arms row (planType.computation responseType branch) uses ∧ Minidregg.Theory.ObjectiveBendTypes.validContext assumptions.shareableVariables context = Bool.true ∧ produced.canonical = row.variant.canonical ∧ Minidregg.Theory.ObjectiveBendDemandTyping.StackTyping assumptions types rest (planType.computation responseType branch) result
theorem	Minidregg.Theory.ObjectiveBendDemandPreservation.stack_update_value	9cec9a191f3f28e08901f1828eb25261c65bf8bb56e378f3c8f55b48d36ba7a3	b8c1babce93473f787a5bca51050e65e329a02548a3f3fa68a87d3be7a7e63d1	096e8faeb665445bd56e33d51265f45153b00d6ddc62cf21d74ed366982e1110	e1f6590528e89942	Classical.choice,Quot.sound,propext	∀ {assumptions : Minidregg.Theory.ObjectiveBendTyping.Assumptions} {types : Minidregg.Theory.ObjectiveBendDemandTyping.AddressTypes} {stack : List Minidregg.Theory.ObjectiveBendDemandMachine.Frame} {input result : Minidregg.Theory.ObjectiveBendTypes.Ty} {value : Minidregg.Theory.ObjectiveBendDemandMachine.RuntimeValue}, Minidregg.Theory.ObjectiveBendDemandTyping.StackTyping assumptions types stack input result → Minidregg.Theory.ObjectiveBendDemandTyping.ValueTyping assumptions types value input → ∀ (address : Minidregg.Theory.ObjectiveBendDemandMachine.Address) (rest : List Minidregg.Theory.ObjectiveBendDemandMachine.Frame), stack = Minidregg.Theory.ObjectiveBendDemandMachine.Frame.update address :: rest → ∃ addressType, types[address]? = Option.some addressType ∧ Minidregg.Theory.ObjectiveBendDemandTyping.ValueTyping assumptions types value addressType ∧ Minidregg.Theory.ObjectiveBendDemandTyping.StackTyping assumptions types rest addressType result
def	Minidregg.Theory.ObjectiveBendDemandPreservation.step_alloc_certificate	3e023dc0539f854120f0882d514b65dd43f4cebc2fe2749590b06274eaf592c0	6fc266c3cb9f300b53d719afa30f374e8d0d67d8baac257d99c4c9c095f9195b	238dec6d7cc55008d7c7609dc9115515d676b5f6ce6f2ba30764adaf2468edb5	1ecc15bb57df4f43	Classical.choice,Quot.sound,propext	{assumptions : Minidregg.Theory.ObjectiveBendTyping.Assumptions} → {types : Minidregg.Theory.ObjectiveBendDemandTyping.AddressTypes} → {state : Minidregg.Theory.ObjectiveBendDemandMachine.State} → {result : Minidregg.Theory.ObjectiveBendTypes.Ty} → Minidregg.Theory.ObjectiveBendDemandTyping.StateTyping assumptions types state result → (after : Minidregg.Theory.ObjectiveBendDemandTyping.AddressTypes) → (current : Minidregg.Theory.ObjectiveBendTypes.Ty) → Minidregg.Theory.ObjectiveBendDemandTyping.HeapTyping assumptions after (Minidregg.Theory.ObjectiveBendDemandMachine.stepRaw state).heap → Minidregg.Theory.ObjectiveBendDemandTyping.ControlTyping assumptions after (Minidregg.Theory.ObjectiveBendDemandMachine.stepRaw state).control current → Minidregg.Theory.ObjectiveBendDemandTyping.StackTyping assumptions after (Minidregg.Theory.ObjectiveBendDemandMachine.stepRaw state).stack current result → Minidregg.Theory.ObjectiveBendDemandTyping.StateTyping assumptions after (Minidregg.Theory.ObjectiveBendDemandMachine.stepRaw state) result
def	Minidregg.Theory.ObjectiveBendDemandPreservation.step_certificate	71b2b4d298e80ba318d5896ce00cb30ba0515b83a3eee54c0904fc9b95f2ea26	17f6fd4f86ce6ec68e06baf5117a6a4bb67f2eddeead2d03aac39d2980811cfe	4a332dab9570e0ea5124c8c57f0b49e4832d4881a34dbf704e8415ec2125928e	f359fdcf5e0d344d	Classical.choice,Quot.sound,propext	{assumptions : Minidregg.Theory.ObjectiveBendTyping.Assumptions} → {types : Minidregg.Theory.ObjectiveBendDemandTyping.AddressTypes} → {state : Minidregg.Theory.ObjectiveBendDemandMachine.State} → {result : Minidregg.Theory.ObjectiveBendTypes.Ty} → Minidregg.Theory.ObjectiveBendDemandTyping.StateTyping assumptions types state result → (current : Minidregg.Theory.ObjectiveBendTypes.Ty) → Minidregg.Theory.ObjectiveBendDemandTyping.HeapTyping assumptions types (Minidregg.Theory.ObjectiveBendDemandMachine.stepRaw state).heap → Minidregg.Theory.ObjectiveBendDemandTyping.ControlTyping assumptions types (Minidregg.Theory.ObjectiveBendDemandMachine.stepRaw state).control current → Minidregg.Theory.ObjectiveBendDemandTyping.StackTyping assumptions types (Minidregg.Theory.ObjectiveBendDemandMachine.stepRaw state).stack current result → Minidregg.Theory.ObjectiveBendDemandTyping.StateTyping assumptions types (Minidregg.Theory.ObjectiveBendDemandMachine.stepRaw state) result
def	Minidregg.Theory.ObjectiveBendDemandPreservation.typeHead	77ab1e72c17dc2d1b699dd90000f3bf5d89dfe7c1e2585161edf2bc6660b15ef	eeb3af1c934a4da2d262987906138de351e62368dd586716b7de752b1d996650	177eabbe032513ad20bef61da054fe6a47bf958cedf98d35241f8944f1a4f812	22f9c2fa614fec48	-	Minidregg.Theory.ObjectiveBendTypes.Ty → Minidregg.Theory.ObjectiveBendDemandPreservation.HeadKind
theorem	Minidregg.Theory.ObjectiveBendDemandPreservation.type_extension_append	c5a7f4d7e71c943725a70cc4b00c82e64f643b0ea38d8b8a71d7f884bfbb44fb	a9fb3de229194ae5b9c94ed4021f8f882fba530a1c1d22dc26deef69a3de0e72	a8d4290ec5a95b433bc8eaa98b64764730bad29f70ac98237e0b5c9c154c2cf3	ff196cbed44b3cc2	propext	∀ (before additions : Minidregg.Theory.ObjectiveBendDemandTyping.AddressTypes), Minidregg.Theory.ObjectiveBendDemandTyping.TypeExtension before (before ++ additions)
theorem	Minidregg.Theory.ObjectiveBendDemandPreservation.typed_control_not_refused	e9570f1fc54c113e85c4214cc0527574052c1254c06f7d72935503c1be99b061	fc25588b9f988114b6557431a9c3b89b9ae77acc186cfee59283af0b49c3ad2e	d2be0f6f32a29758ab30c71e360b1b6aa75a142028f055ebbcf898e5c78a551c	6e0ef53013420040	Classical.choice,Quot.sound,propext	∀ {assumptions : Minidregg.Theory.ObjectiveBendTyping.Assumptions} {types : Minidregg.Theory.ObjectiveBendDemandTyping.AddressTypes} {control : Minidregg.Theory.ObjectiveBendDemandMachine.Control} {type : Minidregg.Theory.ObjectiveBendTypes.Ty}, Minidregg.Theory.ObjectiveBendDemandTyping.ControlTyping assumptions types control type → ∀ (reason : Minidregg.Theory.ObjectiveBendDemandMachine.Refusal), control ≠ Minidregg.Theory.ObjectiveBendDemandMachine.Control.refused reason
theorem	Minidregg.Theory.ObjectiveBendDemandPreservation.typed_source_focus_preserved	23c444efdc2c39cbda84fbec83cc068574c073ff3cde3fcbceb3b188a307e439	ec36e5479c522b0e75e30b7890b22067a795ed37ab9986b429d387ec3ed028dc	77913af28d9fec1449a90a14e76a049bb1cdc60074148e7f288bee4a6788b67d	dd0dae1af03211f2	Classical.choice,Quot.sound,propext	∀ {assumptions : Minidregg.Theory.ObjectiveBendTyping.Assumptions} {types : Minidregg.Theory.ObjectiveBendDemandTyping.AddressTypes} {state : Minidregg.Theory.ObjectiveBendDemandMachine.State} {result : Minidregg.Theory.ObjectiveBendTypes.Ty} {term target : Minidregg.Theory.ObjectiveBendOpenRecursion.Term} {environment : Minidregg.Theory.ObjectiveBendDemandMachine.Environment} {frame : Minidregg.Theory.ObjectiveBendDemandMachine.Frame} (typed : Minidregg.Theory.ObjectiveBendDemandTyping.StateTyping assumptions types state result), state.control = Minidregg.Theory.ObjectiveBendDemandMachine.Control.evaluate term environment → Minidregg.Theory.ObjectiveBendDemandPreservation.sourceFocus term environment = Option.some (target, frame) → Nonempty (Minidregg.Theory.ObjectiveBendDemandTyping.StateTyping assumptions types (Minidregg.Theory.ObjectiveBendDemandMachine.stepRaw state) result)
theorem	Minidregg.Theory.ObjectiveBendDemandPreservation.typed_step_no_invalidUpdate	673f4bd2e8d775d0a660855df4eddc66c5f375c4f76f575f5300e4a941da8cd5	d76aaa33d822834d8b8fc6c9d5d52428e321a8073e2ccfdb741d56759f2a12c9	352e95cc759855d18bec40779d1534095e4593e2039e66f2fa67df5a3d0840f5	f1edbdf29a13fbdc	Classical.choice,Quot.sound,propext	∀ {assumptions : Minidregg.Theory.ObjectiveBendTyping.Assumptions} {types : Minidregg.Theory.ObjectiveBendDemandTyping.AddressTypes} {state : Minidregg.Theory.ObjectiveBendDemandMachine.State} {result : Minidregg.Theory.ObjectiveBendTypes.Ty} (typed : Minidregg.Theory.ObjectiveBendDemandTyping.StateTyping assumptions types state result), (Minidregg.Theory.ObjectiveBendDemandMachine.stepRaw state).control ≠ Minidregg.Theory.ObjectiveBendDemandMachine.Control.refused Minidregg.Theory.ObjectiveBendDemandMachine.Refusal.invalidUpdate
theorem	Minidregg.Theory.ObjectiveBendDemandPreservation.uses_tail_insert	be9cbc426243f53cb4a2c0644ded393b9778625e47683ed0c91f4eb8b87c3968	379d50a94be84cab3dc3a6e866ebee33550f9b673af342efd33e3a3a1fa12539	8f49124d33ea301a19c4da9538a6cb2d878609a9e1cbff9c14cdcd00a9cac07a	6d874fbed22d1328	propext	∀ {uses : Minidregg.Theory.ObjectiveBendTypes.Uses}, 0 < List.length uses → ∀ (depth : Nat), (List.insertIdx uses (depth + 1) 0).tail = (List.tail uses).insertIdx depth 0
theorem	Minidregg.Theory.ObjectiveBendDemandPreservation.valid_context_insert	6715ea59c2bacb9c32a2d0870f449963662303509f09e1d6c73d301d0393c05f	61c17f6f03ff408f92a309cd8dca14929ee5e6af7384c5a476c02a310f13de5b	dc7afcd42c3073d7ff2c3b4f99cbe377b0137e5f27d2c06a84f51df3781396eb	6fe5fdf4a2cc0ed0	Quot.sound,propext	∀ (variables : List Nat) (context : Minidregg.Theory.ObjectiveBendTypes.Context) (depth : Nat) (binding : Minidregg.Theory.ObjectiveBendTypes.Binding), Minidregg.Theory.ObjectiveBendTypes.validContext variables context = Bool.true → Minidregg.Theory.ObjectiveBendTypes.validContext variables [binding] = Bool.true → depth ≤ List.length context → Minidregg.Theory.ObjectiveBendTypes.validContext variables (List.insertIdx context depth binding) = Bool.true
def	Minidregg.Theory.ObjectiveBendDemandPreservation.valueHead	7db376bd0f4358f1d1887e2d6dca6bf0c27dfc3a6f674e4d10b1ce186295907c	bf8f80d5402e7058ff7f3f629be087feabf42607f632d59c14b6d22164587657	47ae7ca34453dd6d99edfb8b87fcd08dc735fa4f731a7c75214bafb5379c2c13	2cde2fe7a768dbac	-	Minidregg.Theory.ObjectiveBendDemandMachine.RuntimeValue → Minidregg.Theory.ObjectiveBendDemandPreservation.HeadKind
theorem	Minidregg.Theory.ObjectiveBendDemandPreservation.value_closure_fields	2650ac8a9f24a56c959055500578e027f1e1bd54257c20a1cd23bc72f938491c	9f86f7bc81e6d2a5d285112c828e5c1b42103b17d5b2f0bfa373ac74ce321e23	b6ffb1081332aa606552a3c4d181fa95f8598169afed6fb12d19e746ea2157ba	b7714100316ea3ff	Classical.choice,Quot.sound,propext	∀ {assumptions : Minidregg.Theory.ObjectiveBendTyping.Assumptions} {types : Minidregg.Theory.ObjectiveBendDemandTyping.AddressTypes} {value : Minidregg.Theory.ObjectiveBendDemandMachine.RuntimeValue} {type : Minidregg.Theory.ObjectiveBendTypes.Ty}, Minidregg.Theory.ObjectiveBendDemandTyping.ValueTyping assumptions types value type → ∀ (body : Minidregg.Theory.ObjectiveBendOpenRecursion.Term) (environment : Minidregg.Theory.ObjectiveBendDemandMachine.Environment), value = Minidregg.Theory.ObjectiveBendDemandMachine.RuntimeValue.closure body environment → ∃ captured, Minidregg.Theory.ObjectiveBendDemandPreservation.HeadNormalizes assumptions.bounds type captured.arrow.canonical
theorem	Minidregg.Theory.ObjectiveBendDemandPreservation.value_head_correct	ec55b30fecdf88a3063d06bad97c6599599e6728e025ae4040f7937b8cf71931	ba6aa19252f038dfbbad876ac6556cabc06b686fb2b1504a326249b9eb270b3d	0f72cebf26b4610002a5c84c76b9461c3694e600147c36afeb8320eb23fe9fe5	ff0f13dde461e54c	Classical.choice,Quot.sound,propext	∀ {assumptions : Minidregg.Theory.ObjectiveBendTyping.Assumptions} {types : Minidregg.Theory.ObjectiveBendDemandTyping.AddressTypes} {value : Minidregg.Theory.ObjectiveBendDemandMachine.RuntimeValue} {type : Minidregg.Theory.ObjectiveBendTypes.Ty}, Minidregg.Theory.ObjectiveBendDemandTyping.ValueTyping assumptions types value type → ∃ head, Minidregg.Theory.ObjectiveBendDemandPreservation.HeadNormalizes assumptions.bounds type head ∧ Minidregg.Theory.ObjectiveBendDemandPreservation.typeHead head = Minidregg.Theory.ObjectiveBendDemandPreservation.valueHead value
theorem	Minidregg.Theory.ObjectiveBendDemandPreservation.value_prototype_fields	951e9a4e187109c52d70e4eacf6e61e510f97797f5b54b871ccda0943b3f4029	bf08ed12b22c6794b375b53ec25c928fac4b3f8b2e6f2e1f75afe9960a7479ac	5e6c3c8943c1e2578cbb055395da6374d0a386f9d049f330977f0d36e6f979ad	02ef278a9a7ba25a	Classical.choice,Quot.sound,propext	∀ {assumptions : Minidregg.Theory.ObjectiveBendTyping.Assumptions} {types : Minidregg.Theory.ObjectiveBendDemandTyping.AddressTypes} {value : Minidregg.Theory.ObjectiveBendDemandMachine.RuntimeValue} {type : Minidregg.Theory.ObjectiveBendTypes.Ty}, Minidregg.Theory.ObjectiveBendDemandTyping.ValueTyping assumptions types value type → ∀ (spec target : Minidregg.Theory.ObjectiveBendDemandMachine.Address), value = Minidregg.Theory.ObjectiveBendDemandMachine.RuntimeValue.prototype spec target → ∃ specType targetType, types[spec]? = Option.some specType ∧ types[target]? = Option.some targetType ∧ Minidregg.Theory.ObjectiveBendDemandPreservation.HeadNormalizes assumptions.bounds type (specType.canonical.prototype targetType.canonical)
theorem	Minidregg.Theory.ObjectiveBendDemandPreservation.value_specification_fields	b0c6019c553ca0384937949fea03619b2ddc22e00ff925a6cbcc6932d8cdd0c1	05f6edc963b43cd174e9f8e6c77cd76eb63b74fe13b70f7f9837ae0c51097146	2de1e01d7e3b3791619775354e90b59bbf22d589261e7fab253041545fa76104	90360c7828daae6a	Classical.choice,Quot.sound,propext	∀ {assumptions : Minidregg.Theory.ObjectiveBendTyping.Assumptions} {types : Minidregg.Theory.ObjectiveBendDemandTyping.AddressTypes} {value : Minidregg.Theory.ObjectiveBendDemandMachine.RuntimeValue} {type : Minidregg.Theory.ObjectiveBendTypes.Ty}, Minidregg.Theory.ObjectiveBendDemandTyping.ValueTyping assumptions types value type → ∀ (metadata extension : Minidregg.Theory.ObjectiveBendDemandMachine.Address), value = Minidregg.Theory.ObjectiveBendDemandMachine.RuntimeValue.specification metadata extension → ∃ metadataType extensionType, types[metadata]? = Option.some metadataType ∧ types[extension]? = Option.some extensionType ∧ Minidregg.Theory.ObjectiveBendDemandPreservation.HeadNormalizes assumptions.bounds type (metadataType.canonical.specification extensionType.canonical)
theorem	Minidregg.Theory.ObjectiveBendDemandPreservation.value_typed_not_computation	6117d067040b22a48863b670adab7d7680d31565db3c6ddec8f44532a62848b0	5725e93d02a36ebc03a1e363845b865aaca30b294817427098e8cd70cbd3b408	a8036dc769bc8bbffc7a049b1a71e75843689d1dc8a4738fca932b80fab4b3a9	8717c52f0149ffc3	Classical.choice,Quot.sound,propext	∀ {assumptions : Minidregg.Theory.ObjectiveBendTyping.Assumptions} {types : Minidregg.Theory.ObjectiveBendDemandTyping.AddressTypes} {value : Minidregg.Theory.ObjectiveBendDemandMachine.RuntimeValue} {type : Minidregg.Theory.ObjectiveBendTypes.Ty}, Minidregg.Theory.ObjectiveBendDemandTyping.ValueTyping assumptions types value type → type.isComputation = Bool.false
theorem	Minidregg.Theory.ObjectiveBendDemandPreservation.value_variant_fields	92e67cf49602b9b2750bf45b8c9d299cfb679b9f70117cc048d614deeade4a8a	a34d3e9d2d08460b5291d1c53db4c46a58687b46dc6e5fd6975badd650f1cf94	a7508d1aeded8e92a2fecca379bd8b404849ea9ec9928ccd33870faf85c6c98f	f4085f65537daff6	Classical.choice,Quot.sound,propext	∀ {assumptions : Minidregg.Theory.ObjectiveBendTyping.Assumptions} {types : Minidregg.Theory.ObjectiveBendDemandTyping.AddressTypes} {value : Minidregg.Theory.ObjectiveBendDemandMachine.RuntimeValue} {type : Minidregg.Theory.ObjectiveBendTypes.Ty}, Minidregg.Theory.ObjectiveBendDemandTyping.ValueTyping assumptions types value type → ∀ (tag : String) (address : Minidregg.Theory.ObjectiveBendDemandMachine.Address), value = Minidregg.Theory.ObjectiveBendDemandMachine.RuntimeValue.variant tag address → ∃ row member actual fuel, Minidregg.Theory.ObjectiveBendTypes.Ty.lookup assumptions.bounds fuel row tag = Option.some member ∧ types[address]? = Option.some actual ∧ Minidregg.Theory.ObjectiveBendDemandTyping.ConversionPath assumptions actual member ∧ Minidregg.Theory.ObjectiveBendDemandPreservation.HeadNormalizes assumptions.bounds type row.canonical.variant
theorem	Minidregg.Theory.ObjectiveBendDemandPreservation.variable_uses_cons_succ	1f23a75b971b88b594fcc3f7354907df2872425dc1ffc243de6f888c5d708a50	74c6bb94f60c566cfd6351343f1da6552e5f8eec51d7fb86988d0ba393cad9b9	564058d9e8b2315009d8c0babac58ffadd769634d4ba56aaf6813de8d7a04398	3977a46c82566155	Classical.choice,Quot.sound,propext	∀ (context : Minidregg.Theory.ObjectiveBendTypes.Context) (binding : Minidregg.Theory.ObjectiveBendTypes.Binding) (index : Nat), Minidregg.Theory.ObjectiveBendTypes.variableUses (binding :: context) (index + 1) = 0 :: Minidregg.Theory.ObjectiveBendTypes.variableUses context index
theorem	Minidregg.Theory.ObjectiveBendDemandPreservation.variable_uses_cons_zero	caa9c83d12791b4833da8aadecc5e76f6ae3b47a2f530cb1e4e2fcadf7ca189f	9b9d4c69e917b00df35fabad2a8c398ae855fdc5c954012d0a9501c55d44df4c	84b5aeb5db5185df3adf574fc4c7257aeafd87890452f2570c66576f0aaed5d7	6a368a9747a89708	Quot.sound,propext	∀ (context : Minidregg.Theory.ObjectiveBendTypes.Context) (binding : Minidregg.Theory.ObjectiveBendTypes.Binding), Minidregg.Theory.ObjectiveBendTypes.variableUses (binding :: context) 0 = 1 :: Minidregg.Theory.ObjectiveBendTypes.zeroUses context
theorem	Minidregg.Theory.ObjectiveBendDemandPreservation.variable_uses_insert	af755489fc89ab5ccbb82196255f5085cab99fd3885a0d4b11bd2796c9d0f5c1	872bcf2eace089478cc645cfb2bdbd6a7bdd5a9d838fd1e1b08ed07efbc8607c	d6394cd571c924f382d200e61d512baba77cfd2128a3edaac50d195c0a5a0f1c	5fe8f712dacaca8d	Classical.choice,Quot.sound,propext	∀ (context : Minidregg.Theory.ObjectiveBendTypes.Context) (binding : Minidregg.Theory.ObjectiveBendTypes.Binding) (index depth : Nat), depth ≤ List.length context → Minidregg.Theory.ObjectiveBendTypes.variableUses (List.insertIdx context depth binding) (Minidregg.Theory.ObjectiveBendDemandPreservation.shiftIndex depth index) = List.insertIdx (Minidregg.Theory.ObjectiveBendTypes.variableUses context index) depth 0
theorem	Minidregg.Theory.ObjectiveBendDemandPreservation.variable_uses_lookup	0df7e21767552d0daf4c4162dce2100724e1e6c3327685270e3e49499172f2e8	a509d35e43b9be1c1decce78fc9492a5e694c20418c169eb77453125efc9266d	0a4f2ef1aea2224fc1b0774507d701614a4576dd13dde55e4ebd414d0f6b5540	77c981e58d80723b	propext	∀ (context : Minidregg.Theory.ObjectiveBendTypes.Context) (index query : Nat), (Minidregg.Theory.ObjectiveBendTypes.variableUses context index)[query]? = if query < List.length context then Option.some (if query = index then 1 else 0) else Option.none
theorem	Minidregg.Theory.ObjectiveBendDemandPreservation.variant_value_form	26d9d5fb19ea4a6405109273101fca9f60de833802aa9b8557b96d8572934296	17362b0f78278156789dd4c2865e70a9821efcc459d79b150f92b34f8ec98366	38673092421fb7a092763d61f3a7f146399944880822c8c7d03324e77bfc4206	b3a09612cdc19d3f	Classical.choice,Quot.sound,propext	∀ {assumptions : Minidregg.Theory.ObjectiveBendTyping.Assumptions} {types : Minidregg.Theory.ObjectiveBendDemandTyping.AddressTypes} {value : Minidregg.Theory.ObjectiveBendDemandMachine.RuntimeValue} {row : Minidregg.Theory.ObjectiveBendTypes.Ty}, Minidregg.Theory.ObjectiveBendDemandTyping.ValueTyping assumptions types value row.variant → ∃ tag address, value = Minidregg.Theory.ObjectiveBendDemandMachine.RuntimeValue.variant tag address
theorem	Minidregg.Theory.ObjectiveBendDemandPreservation.zero_uses_insert	40ae208f67433b0aba6a603e52d89dcf4fc00e323c32eb53f341121e51bfb551	ce5c9a05466a732c78c47a2811a467dcc900ba2a0cd76198f1d8413fe4acc34c	9b7b88adcceb3f9ea2ca78b91f1d2415709e74f8327e17ad25853974d8ed3759	df691f2c1e343140	propext	∀ (context : Minidregg.Theory.ObjectiveBendTypes.Context) (binding : Minidregg.Theory.ObjectiveBendTypes.Binding) (depth : Nat), depth ≤ List.length context → Minidregg.Theory.ObjectiveBendTypes.zeroUses (List.insertIdx context depth binding) = List.insertIdx (Minidregg.Theory.ObjectiveBendTypes.zeroUses context) depth 0
