lake-manifest.json: OK
lakefile.toml: OK
lean-toolchain: OK
scripts/build-native-host.sh: OK
/Users/ember/.elan/toolchains/leanprover--lean4---v4.30.0/bin/lean: OK
/Users/ember/.elan/toolchains/leanprover--lean4---v4.30.0/bin/clang: OK
/Users/ember/.elan/toolchains/leanprover--lean4---v4.30.0/bin/leanc: OK
.lake/packages/LeanSearchClient/.lake/build/lib/lean/LeanSearchClient.olean: OK
.lake/packages/LeanSearchClient/.lake/build/lib/lean/LeanSearchClient/Basic.olean: OK
.lake/packages/LeanSearchClient/.lake/build/lib/lean/LeanSearchClient/LoogleSyntax.olean: OK
.lake/packages/LeanSearchClient/.lake/build/lib/lean/LeanSearchClient/Syntax.olean: OK
.lake/packages/Qq/.lake/build/lib/lean/Qq.olean: OK
.lake/packages/Qq/.lake/build/lib/lean/Qq/AssertInstancesCommute.olean: OK
.lake/packages/Qq/.lake/build/lib/lean/Qq/Commands.olean: OK
.lake/packages/Qq/.lake/build/lib/lean/Qq/Delab.olean: OK
.lake/packages/Qq/.lake/build/lib/lean/Qq/ForLean/Do.olean: OK
.lake/packages/Qq/.lake/build/lib/lean/Qq/ForLean/ReduceEval.olean: OK
.lake/packages/Qq/.lake/build/lib/lean/Qq/ForLean/ToExpr.olean: OK
.lake/packages/Qq/.lake/build/lib/lean/Qq/Macro.olean: OK
.lake/packages/Qq/.lake/build/lib/lean/Qq/Match.olean: OK
.lake/packages/Qq/.lake/build/lib/lean/Qq/MatchImpl.olean: OK
.lake/packages/Qq/.lake/build/lib/lean/Qq/MetaM.olean: OK
.lake/packages/Qq/.lake/build/lib/lean/Qq/Simp.olean: OK
.lake/packages/Qq/.lake/build/lib/lean/Qq/SortLocalDecls.olean: OK
.lake/packages/Qq/.lake/build/lib/lean/Qq/Typ.olean: OK
.lake/packages/aesop/.lake/build/lib/lean/Aesop.olean: OK
.lake/packages/aesop/.lake/build/lib/lean/Aesop/BaseM.olean: OK
.lake/packages/aesop/.lake/build/lib/lean/Aesop/Builder/Apply.olean: OK
.lake/packages/aesop/.lake/build/lib/lean/Aesop/Builder/Basic.olean: OK
.lake/packages/aesop/.lake/build/lib/lean/Aesop/Builder/Cases.olean: OK
.lake/packages/aesop/.lake/build/lib/lean/Aesop/Builder/Constructors.olean: OK
.lake/packages/aesop/.lake/build/lib/lean/Aesop/Builder/Default.olean: OK
.lake/packages/aesop/.lake/build/lib/lean/Aesop/Builder/Forward.olean: OK
.lake/packages/aesop/.lake/build/lib/lean/Aesop/Builder/NormSimp.olean: OK
.lake/packages/aesop/.lake/build/lib/lean/Aesop/Builder/Tactic.olean: OK
.lake/packages/aesop/.lake/build/lib/lean/Aesop/Builder/Unfold.olean: OK
.lake/packages/aesop/.lake/build/lib/lean/Aesop/BuiltinRules.olean: OK
.lake/packages/aesop/.lake/build/lib/lean/Aesop/BuiltinRules/ApplyHyps.olean: OK
.lake/packages/aesop/.lake/build/lib/lean/Aesop/BuiltinRules/Assumption.olean: OK
.lake/packages/aesop/.lake/build/lib/lean/Aesop/BuiltinRules/DestructProducts.olean: OK
.lake/packages/aesop/.lake/build/lib/lean/Aesop/BuiltinRules/Ext.olean: OK
.lake/packages/aesop/.lake/build/lib/lean/Aesop/BuiltinRules/Intros.olean: OK
.lake/packages/aesop/.lake/build/lib/lean/Aesop/BuiltinRules/Rfl.olean: OK
.lake/packages/aesop/.lake/build/lib/lean/Aesop/BuiltinRules/Split.olean: OK
.lake/packages/aesop/.lake/build/lib/lean/Aesop/BuiltinRules/Subst.olean: OK
.lake/packages/aesop/.lake/build/lib/lean/Aesop/Check.olean: OK
.lake/packages/aesop/.lake/build/lib/lean/Aesop/Constants.olean: OK
.lake/packages/aesop/.lake/build/lib/lean/Aesop/EMap.olean: OK
.lake/packages/aesop/.lake/build/lib/lean/Aesop/ElabM.olean: OK
.lake/packages/aesop/.lake/build/lib/lean/Aesop/Exception.olean: OK
.lake/packages/aesop/.lake/build/lib/lean/Aesop/Forward/LevelIndex.olean: OK
.lake/packages/aesop/.lake/build/lib/lean/Aesop/Forward/Match.olean: OK
.lake/packages/aesop/.lake/build/lib/lean/Aesop/Forward/Match/Types.olean: OK
.lake/packages/aesop/.lake/build/lib/lean/Aesop/Forward/PremiseIndex.olean: OK
.lake/packages/aesop/.lake/build/lib/lean/Aesop/Forward/RuleInfo.olean: OK
.lake/packages/aesop/.lake/build/lib/lean/Aesop/Forward/SlotIndex.olean: OK
.lake/packages/aesop/.lake/build/lib/lean/Aesop/Forward/State.olean: OK
.lake/packages/aesop/.lake/build/lib/lean/Aesop/Forward/State/ApplyGoalDiff.olean: OK
.lake/packages/aesop/.lake/build/lib/lean/Aesop/Forward/State/Initial.olean: OK
.lake/packages/aesop/.lake/build/lib/lean/Aesop/Forward/State/UpdateGoal.olean: OK
.lake/packages/aesop/.lake/build/lib/lean/Aesop/Forward/Substitution.olean: OK
.lake/packages/aesop/.lake/build/lib/lean/Aesop/Frontend.olean: OK
.lake/packages/aesop/.lake/build/lib/lean/Aesop/Frontend/Attribute.olean: OK
.lake/packages/aesop/.lake/build/lib/lean/Aesop/Frontend/Basic.olean: OK
.lake/packages/aesop/.lake/build/lib/lean/Aesop/Frontend/Command.olean: OK
.lake/packages/aesop/.lake/build/lib/lean/Aesop/Frontend/Extension.olean: OK
.lake/packages/aesop/.lake/build/lib/lean/Aesop/Frontend/Extension/Init.olean: OK
.lake/packages/aesop/.lake/build/lib/lean/Aesop/Frontend/RuleExpr.olean: OK
.lake/packages/aesop/.lake/build/lib/lean/Aesop/Frontend/Saturate.olean: OK
.lake/packages/aesop/.lake/build/lib/lean/Aesop/Frontend/Tactic.olean: OK
.lake/packages/aesop/.lake/build/lib/lean/Aesop/Index.olean: OK
.lake/packages/aesop/.lake/build/lib/lean/Aesop/Index/Basic.olean: OK
.lake/packages/aesop/.lake/build/lib/lean/Aesop/Index/DiscrTreeConfig.olean: OK
.lake/packages/aesop/.lake/build/lib/lean/Aesop/Index/Forward.olean: OK
.lake/packages/aesop/.lake/build/lib/lean/Aesop/Index/RulePattern.olean: OK
.lake/packages/aesop/.lake/build/lib/lean/Aesop/Main.olean: OK
.lake/packages/aesop/.lake/build/lib/lean/Aesop/Nanos.olean: OK
.lake/packages/aesop/.lake/build/lib/lean/Aesop/Options.olean: OK
.lake/packages/aesop/.lake/build/lib/lean/Aesop/Options/Internal.olean: OK
.lake/packages/aesop/.lake/build/lib/lean/Aesop/Options/Public.olean: OK
.lake/packages/aesop/.lake/build/lib/lean/Aesop/Percent.olean: OK
.lake/packages/aesop/.lake/build/lib/lean/Aesop/Rule.olean: OK
.lake/packages/aesop/.lake/build/lib/lean/Aesop/Rule/Basic.olean: OK
.lake/packages/aesop/.lake/build/lib/lean/Aesop/Rule/Forward.olean: OK
.lake/packages/aesop/.lake/build/lib/lean/Aesop/Rule/Name.olean: OK
.lake/packages/aesop/.lake/build/lib/lean/Aesop/RulePattern.olean: OK
.lake/packages/aesop/.lake/build/lib/lean/Aesop/RulePattern/Cache.olean: OK
.lake/packages/aesop/.lake/build/lib/lean/Aesop/RuleSet.olean: OK
.lake/packages/aesop/.lake/build/lib/lean/Aesop/RuleSet/Filter.olean: OK
.lake/packages/aesop/.lake/build/lib/lean/Aesop/RuleSet/Member.olean: OK
.lake/packages/aesop/.lake/build/lib/lean/Aesop/RuleSet/Name.olean: OK
.lake/packages/aesop/.lake/build/lib/lean/Aesop/RuleTac.olean: OK
.lake/packages/aesop/.lake/build/lib/lean/Aesop/RuleTac/Apply.olean: OK
.lake/packages/aesop/.lake/build/lib/lean/Aesop/RuleTac/Basic.olean: OK
.lake/packages/aesop/.lake/build/lib/lean/Aesop/RuleTac/Cases.olean: OK
.lake/packages/aesop/.lake/build/lib/lean/Aesop/RuleTac/Descr.olean: OK
.lake/packages/aesop/.lake/build/lib/lean/Aesop/RuleTac/ElabRuleTerm.olean: OK
.lake/packages/aesop/.lake/build/lib/lean/Aesop/RuleTac/FVarIdSubst.olean: OK
.lake/packages/aesop/.lake/build/lib/lean/Aesop/RuleTac/Forward.olean: OK
.lake/packages/aesop/.lake/build/lib/lean/Aesop/RuleTac/Forward/Basic.olean: OK
.lake/packages/aesop/.lake/build/lib/lean/Aesop/RuleTac/GoalDiff.olean: OK
.lake/packages/aesop/.lake/build/lib/lean/Aesop/RuleTac/Preprocess.olean: OK
.lake/packages/aesop/.lake/build/lib/lean/Aesop/RuleTac/RuleTerm.olean: OK
.lake/packages/aesop/.lake/build/lib/lean/Aesop/RuleTac/Tactic.olean: OK
.lake/packages/aesop/.lake/build/lib/lean/Aesop/Saturate.olean: OK
.lake/packages/aesop/.lake/build/lib/lean/Aesop/Script/Check.olean: OK
.lake/packages/aesop/.lake/build/lib/lean/Aesop/Script/CtorNames.olean: OK
.lake/packages/aesop/.lake/build/lib/lean/Aesop/Script/GoalWithMVars.olean: OK
.lake/packages/aesop/.lake/build/lib/lean/Aesop/Script/Main.olean: OK
.lake/packages/aesop/.lake/build/lib/lean/Aesop/Script/OptimizeSyntax.olean: OK
.lake/packages/aesop/.lake/build/lib/lean/Aesop/Script/SScript.olean: OK
.lake/packages/aesop/.lake/build/lib/lean/Aesop/Script/ScriptM.olean: OK
.lake/packages/aesop/.lake/build/lib/lean/Aesop/Script/SpecificTactics.olean: OK
.lake/packages/aesop/.lake/build/lib/lean/Aesop/Script/Step.olean: OK
.lake/packages/aesop/.lake/build/lib/lean/Aesop/Script/StructureDynamic.olean: OK
.lake/packages/aesop/.lake/build/lib/lean/Aesop/Script/StructureStatic.olean: OK
.lake/packages/aesop/.lake/build/lib/lean/Aesop/Script/Tactic.olean: OK
.lake/packages/aesop/.lake/build/lib/lean/Aesop/Script/TacticState.olean: OK
.lake/packages/aesop/.lake/build/lib/lean/Aesop/Script/UScript.olean: OK
.lake/packages/aesop/.lake/build/lib/lean/Aesop/Script/UScriptToSScript.olean: OK
.lake/packages/aesop/.lake/build/lib/lean/Aesop/Script/Util.olean: OK
.lake/packages/aesop/.lake/build/lib/lean/Aesop/Search/ExpandSafePrefix.olean: OK
.lake/packages/aesop/.lake/build/lib/lean/Aesop/Search/Expansion.olean: OK
.lake/packages/aesop/.lake/build/lib/lean/Aesop/Search/Expansion/Basic.olean: OK
.lake/packages/aesop/.lake/build/lib/lean/Aesop/Search/Expansion/Norm.olean: OK
.lake/packages/aesop/.lake/build/lib/lean/Aesop/Search/Expansion/Simp.olean: OK
.lake/packages/aesop/.lake/build/lib/lean/Aesop/Search/Main.olean: OK
.lake/packages/aesop/.lake/build/lib/lean/Aesop/Search/Queue.olean: OK
.lake/packages/aesop/.lake/build/lib/lean/Aesop/Search/Queue/Class.olean: OK
.lake/packages/aesop/.lake/build/lib/lean/Aesop/Search/RuleSelection.olean: OK
.lake/packages/aesop/.lake/build/lib/lean/Aesop/Search/SearchM.olean: OK
.lake/packages/aesop/.lake/build/lib/lean/Aesop/Stats/Basic.olean: OK
.lake/packages/aesop/.lake/build/lib/lean/Aesop/Stats/Extension.olean: OK
.lake/packages/aesop/.lake/build/lib/lean/Aesop/Stats/File.olean: OK
.lake/packages/aesop/.lake/build/lib/lean/Aesop/Stats/Report.olean: OK
.lake/packages/aesop/.lake/build/lib/lean/Aesop/Tracing.olean: OK
.lake/packages/aesop/.lake/build/lib/lean/Aesop/Tree.olean: OK
.lake/packages/aesop/.lake/build/lib/lean/Aesop/Tree/AddRapp.olean: OK
.lake/packages/aesop/.lake/build/lib/lean/Aesop/Tree/Check.olean: OK
.lake/packages/aesop/.lake/build/lib/lean/Aesop/Tree/Data.olean: OK
.lake/packages/aesop/.lake/build/lib/lean/Aesop/Tree/Data/ForwardRuleMatches.olean: OK
.lake/packages/aesop/.lake/build/lib/lean/Aesop/Tree/ExtractProof.olean: OK
.lake/packages/aesop/.lake/build/lib/lean/Aesop/Tree/ExtractScript.olean: OK
.lake/packages/aesop/.lake/build/lib/lean/Aesop/Tree/Free.olean: OK
.lake/packages/aesop/.lake/build/lib/lean/Aesop/Tree/RunMetaM.olean: OK
.lake/packages/aesop/.lake/build/lib/lean/Aesop/Tree/State.olean: OK
.lake/packages/aesop/.lake/build/lib/lean/Aesop/Tree/Stats.olean: OK
.lake/packages/aesop/.lake/build/lib/lean/Aesop/Tree/Tracing.olean: OK
.lake/packages/aesop/.lake/build/lib/lean/Aesop/Tree/Traversal.olean: OK
.lake/packages/aesop/.lake/build/lib/lean/Aesop/Tree/TreeM.olean: OK
.lake/packages/aesop/.lake/build/lib/lean/Aesop/Tree/UnsafeQueue.olean: OK
.lake/packages/aesop/.lake/build/lib/lean/Aesop/Util/Basic.olean: OK
.lake/packages/aesop/.lake/build/lib/lean/Aesop/Util/EqualUpToIds.olean: OK
.lake/packages/aesop/.lake/build/lib/lean/Aesop/Util/OrderedHashSet.olean: OK
.lake/packages/aesop/.lake/build/lib/lean/Aesop/Util/Tactic.olean: OK
.lake/packages/aesop/.lake/build/lib/lean/Aesop/Util/Tactic/Ext.olean: OK
.lake/packages/aesop/.lake/build/lib/lean/Aesop/Util/Tactic/Unfold.olean: OK
.lake/packages/aesop/.lake/build/lib/lean/Aesop/Util/Unfold.olean: OK
.lake/packages/aesop/.lake/build/lib/lean/Aesop/Util/UnionFind.olean: OK
.lake/packages/aesop/.lake/build/lib/lean/Aesop/Util/UnorderedArraySet.olean: OK
.lake/packages/batteries/.lake/build/lib/lean/Batteries.olean: OK
.lake/packages/batteries/.lake/build/lib/lean/Batteries/Classes/Cast.olean: OK
.lake/packages/batteries/.lake/build/lib/lean/Batteries/Classes/Deprecated.olean: OK
.lake/packages/batteries/.lake/build/lib/lean/Batteries/Classes/Order.olean: OK
.lake/packages/batteries/.lake/build/lib/lean/Batteries/Classes/RatCast.olean: OK
.lake/packages/batteries/.lake/build/lib/lean/Batteries/Classes/SatisfiesM.olean: OK
.lake/packages/batteries/.lake/build/lib/lean/Batteries/CodeAction.olean: OK
.lake/packages/batteries/.lake/build/lib/lean/Batteries/CodeAction/Attr.olean: OK
.lake/packages/batteries/.lake/build/lib/lean/Batteries/CodeAction/Basic.olean: OK
.lake/packages/batteries/.lake/build/lib/lean/Batteries/CodeAction/Deprecated.olean: OK
.lake/packages/batteries/.lake/build/lib/lean/Batteries/CodeAction/Match.olean: OK
.lake/packages/batteries/.lake/build/lib/lean/Batteries/CodeAction/Misc.olean: OK
.lake/packages/batteries/.lake/build/lib/lean/Batteries/Control/AlternativeMonad.olean: OK
.lake/packages/batteries/.lake/build/lib/lean/Batteries/Control/ForInStep.olean: OK
.lake/packages/batteries/.lake/build/lib/lean/Batteries/Control/ForInStep/Basic.olean: OK
.lake/packages/batteries/.lake/build/lib/lean/Batteries/Control/ForInStep/Lemmas.olean: OK
.lake/packages/batteries/.lake/build/lib/lean/Batteries/Control/LawfulMonadState.olean: OK
.lake/packages/batteries/.lake/build/lib/lean/Batteries/Control/Lemmas.olean: OK
.lake/packages/batteries/.lake/build/lib/lean/Batteries/Control/Monad.olean: OK
.lake/packages/batteries/.lake/build/lib/lean/Batteries/Control/Nondet/Basic.olean: OK
.lake/packages/batteries/.lake/build/lib/lean/Batteries/Control/OptionT.olean: OK
.lake/packages/batteries/.lake/build/lib/lean/Batteries/Data/Array.olean: OK
.lake/packages/batteries/.lake/build/lib/lean/Batteries/Data/Array/Basic.olean: OK
.lake/packages/batteries/.lake/build/lib/lean/Batteries/Data/Array/Init/Lemmas.olean: OK
.lake/packages/batteries/.lake/build/lib/lean/Batteries/Data/Array/Lemmas.olean: OK
.lake/packages/batteries/.lake/build/lib/lean/Batteries/Data/Array/Match.olean: OK
.lake/packages/batteries/.lake/build/lib/lean/Batteries/Data/Array/Merge.olean: OK
.lake/packages/batteries/.lake/build/lib/lean/Batteries/Data/Array/Monadic.olean: OK
.lake/packages/batteries/.lake/build/lib/lean/Batteries/Data/Array/Pairwise.olean: OK
.lake/packages/batteries/.lake/build/lib/lean/Batteries/Data/Array/Scan.olean: OK
.lake/packages/batteries/.lake/build/lib/lean/Batteries/Data/AssocList.olean: OK
.lake/packages/batteries/.lake/build/lib/lean/Batteries/Data/BinaryHeap.olean: OK
.lake/packages/batteries/.lake/build/lib/lean/Batteries/Data/BinaryHeap/Basic.olean: OK
.lake/packages/batteries/.lake/build/lib/lean/Batteries/Data/BinomialHeap.olean: OK
.lake/packages/batteries/.lake/build/lib/lean/Batteries/Data/BinomialHeap/Basic.olean: OK
.lake/packages/batteries/.lake/build/lib/lean/Batteries/Data/BinomialHeap/Lemmas.olean: OK
.lake/packages/batteries/.lake/build/lib/lean/Batteries/Data/BitVec.olean: OK
.lake/packages/batteries/.lake/build/lib/lean/Batteries/Data/BitVec/Basic.olean: OK
.lake/packages/batteries/.lake/build/lib/lean/Batteries/Data/BitVec/Lemmas.olean: OK
.lake/packages/batteries/.lake/build/lib/lean/Batteries/Data/Bool.olean: OK
.lake/packages/batteries/.lake/build/lib/lean/Batteries/Data/ByteArray.olean: OK
.lake/packages/batteries/.lake/build/lib/lean/Batteries/Data/ByteSlice.olean: OK
.lake/packages/batteries/.lake/build/lib/lean/Batteries/Data/Char.olean: OK
.lake/packages/batteries/.lake/build/lib/lean/Batteries/Data/Char/AsciiCasing.olean: OK
.lake/packages/batteries/.lake/build/lib/lean/Batteries/Data/Char/Basic.olean: OK
.lake/packages/batteries/.lake/build/lib/lean/Batteries/Data/DList.olean: OK
.lake/packages/batteries/.lake/build/lib/lean/Batteries/Data/DList/Basic.olean: OK
.lake/packages/batteries/.lake/build/lib/lean/Batteries/Data/DList/Lemmas.olean: OK
.lake/packages/batteries/.lake/build/lib/lean/Batteries/Data/Fin.olean: OK
.lake/packages/batteries/.lake/build/lib/lean/Batteries/Data/Fin/Basic.olean: OK
.lake/packages/batteries/.lake/build/lib/lean/Batteries/Data/Fin/Coding.olean: OK
.lake/packages/batteries/.lake/build/lib/lean/Batteries/Data/Fin/Fold.olean: OK
.lake/packages/batteries/.lake/build/lib/lean/Batteries/Data/Fin/Lemmas.olean: OK
.lake/packages/batteries/.lake/build/lib/lean/Batteries/Data/Fin/OfBits.olean: OK
.lake/packages/batteries/.lake/build/lib/lean/Batteries/Data/FloatArray.olean: OK
.lake/packages/batteries/.lake/build/lib/lean/Batteries/Data/HashMap.olean: OK
.lake/packages/batteries/.lake/build/lib/lean/Batteries/Data/HashMap/Basic.olean: OK
.lake/packages/batteries/.lake/build/lib/lean/Batteries/Data/Int.olean: OK
.lake/packages/batteries/.lake/build/lib/lean/Batteries/Data/List.olean: OK
.lake/packages/batteries/.lake/build/lib/lean/Batteries/Data/List/ArrayMap.olean: OK
.lake/packages/batteries/.lake/build/lib/lean/Batteries/Data/List/Basic.olean: OK
.lake/packages/batteries/.lake/build/lib/lean/Batteries/Data/List/Count.olean: OK
.lake/packages/batteries/.lake/build/lib/lean/Batteries/Data/List/Init/Lemmas.olean: OK
.lake/packages/batteries/.lake/build/lib/lean/Batteries/Data/List/Lemmas.olean: OK
.lake/packages/batteries/.lake/build/lib/lean/Batteries/Data/List/Matcher.olean: OK
.lake/packages/batteries/.lake/build/lib/lean/Batteries/Data/List/Monadic.olean: OK
.lake/packages/batteries/.lake/build/lib/lean/Batteries/Data/List/Pairwise.olean: OK
.lake/packages/batteries/.lake/build/lib/lean/Batteries/Data/List/Perm.olean: OK
.lake/packages/batteries/.lake/build/lib/lean/Batteries/Data/List/Scan.olean: OK
.lake/packages/batteries/.lake/build/lib/lean/Batteries/Data/MLList.olean: OK
.lake/packages/batteries/.lake/build/lib/lean/Batteries/Data/MLList/Basic.olean: OK
.lake/packages/batteries/.lake/build/lib/lean/Batteries/Data/MLList/Heartbeats.olean: OK
.lake/packages/batteries/.lake/build/lib/lean/Batteries/Data/MLList/IO.olean: OK
.lake/packages/batteries/.lake/build/lib/lean/Batteries/Data/NameSet.olean: OK
.lake/packages/batteries/.lake/build/lib/lean/Batteries/Data/Nat.olean: OK
.lake/packages/batteries/.lake/build/lib/lean/Batteries/Data/Nat/Basic.olean: OK
.lake/packages/batteries/.lake/build/lib/lean/Batteries/Data/Nat/Bisect.olean: OK
.lake/packages/batteries/.lake/build/lib/lean/Batteries/Data/Nat/Bitwise.olean: OK
.lake/packages/batteries/.lake/build/lib/lean/Batteries/Data/Nat/Bitwise/Lemmas.olean: OK
.lake/packages/batteries/.lake/build/lib/lean/Batteries/Data/Nat/Gcd.olean: OK
.lake/packages/batteries/.lake/build/lib/lean/Batteries/Data/Nat/Lemmas.olean: OK
.lake/packages/batteries/.lake/build/lib/lean/Batteries/Data/PairingHeap.olean: OK
.lake/packages/batteries/.lake/build/lib/lean/Batteries/Data/RBMap.olean: OK
.lake/packages/batteries/.lake/build/lib/lean/Batteries/Data/RBMap/Alter.olean: OK
.lake/packages/batteries/.lake/build/lib/lean/Batteries/Data/RBMap/Basic.olean: OK
.lake/packages/batteries/.lake/build/lib/lean/Batteries/Data/RBMap/Depth.olean: OK
.lake/packages/batteries/.lake/build/lib/lean/Batteries/Data/RBMap/Lemmas.olean: OK
.lake/packages/batteries/.lake/build/lib/lean/Batteries/Data/RBMap/WF.olean: OK
.lake/packages/batteries/.lake/build/lib/lean/Batteries/Data/Random.olean: OK
.lake/packages/batteries/.lake/build/lib/lean/Batteries/Data/Random/MersenneTwister.olean: OK
.lake/packages/batteries/.lake/build/lib/lean/Batteries/Data/Range.olean: OK
.lake/packages/batteries/.lake/build/lib/lean/Batteries/Data/Range/Lemmas.olean: OK
.lake/packages/batteries/.lake/build/lib/lean/Batteries/Data/Rat.olean: OK
.lake/packages/batteries/.lake/build/lib/lean/Batteries/Data/Rat/Float.olean: OK
.lake/packages/batteries/.lake/build/lib/lean/Batteries/Data/RunningStats.olean: OK
.lake/packages/batteries/.lake/build/lib/lean/Batteries/Data/Stream.olean: OK
.lake/packages/batteries/.lake/build/lib/lean/Batteries/Data/String.olean: OK
.lake/packages/batteries/.lake/build/lib/lean/Batteries/Data/String/AsciiCasing.olean: OK
.lake/packages/batteries/.lake/build/lib/lean/Batteries/Data/String/Basic.olean: OK
.lake/packages/batteries/.lake/build/lib/lean/Batteries/Data/String/Legacy.olean: OK
.lake/packages/batteries/.lake/build/lib/lean/Batteries/Data/String/Lemmas.olean: OK
.lake/packages/batteries/.lake/build/lib/lean/Batteries/Data/String/Matcher.olean: OK
.lake/packages/batteries/.lake/build/lib/lean/Batteries/Data/UInt.olean: OK
.lake/packages/batteries/.lake/build/lib/lean/Batteries/Data/UnionFind.olean: OK
.lake/packages/batteries/.lake/build/lib/lean/Batteries/Data/UnionFind/Basic.olean: OK
.lake/packages/batteries/.lake/build/lib/lean/Batteries/Data/UnionFind/Lemmas.olean: OK
.lake/packages/batteries/.lake/build/lib/lean/Batteries/Data/Vector.olean: OK
.lake/packages/batteries/.lake/build/lib/lean/Batteries/Data/Vector/Basic.olean: OK
.lake/packages/batteries/.lake/build/lib/lean/Batteries/Data/Vector/Lemmas.olean: OK
.lake/packages/batteries/.lake/build/lib/lean/Batteries/Data/Vector/Monadic.olean: OK
.lake/packages/batteries/.lake/build/lib/lean/Batteries/Lean/AttributeExtra.olean: OK
.lake/packages/batteries/.lake/build/lib/lean/Batteries/Lean/EStateM.olean: OK
.lake/packages/batteries/.lake/build/lib/lean/Batteries/Lean/Except.olean: OK
.lake/packages/batteries/.lake/build/lib/lean/Batteries/Lean/Expr.olean: OK
.lake/packages/batteries/.lake/build/lib/lean/Batteries/Lean/Float.olean: OK
.lake/packages/batteries/.lake/build/lib/lean/Batteries/Lean/HashMap.olean: OK
.lake/packages/batteries/.lake/build/lib/lean/Batteries/Lean/HashSet.olean: OK
.lake/packages/batteries/.lake/build/lib/lean/Batteries/Lean/IO/Process.olean: OK
.lake/packages/batteries/.lake/build/lib/lean/Batteries/Lean/Json.olean: OK
.lake/packages/batteries/.lake/build/lib/lean/Batteries/Lean/LawfulMonad.olean: OK
.lake/packages/batteries/.lake/build/lib/lean/Batteries/Lean/LawfulMonadLift.olean: OK
.lake/packages/batteries/.lake/build/lib/lean/Batteries/Lean/Meta/Basic.olean: OK
.lake/packages/batteries/.lake/build/lib/lean/Batteries/Lean/Meta/DiscrTree.olean: OK
.lake/packages/batteries/.lake/build/lib/lean/Batteries/Lean/Meta/Expr.olean: OK
.lake/packages/batteries/.lake/build/lib/lean/Batteries/Lean/Meta/Inaccessible.olean: OK
.lake/packages/batteries/.lake/build/lib/lean/Batteries/Lean/Meta/InstantiateMVars.olean: OK
.lake/packages/batteries/.lake/build/lib/lean/Batteries/Lean/Meta/SavedState.olean: OK
.lake/packages/batteries/.lake/build/lib/lean/Batteries/Lean/Meta/Simp.olean: OK
.lake/packages/batteries/.lake/build/lib/lean/Batteries/Lean/Meta/UnusedNames.olean: OK
.lake/packages/batteries/.lake/build/lib/lean/Batteries/Lean/MonadBacktrack.olean: OK
.lake/packages/batteries/.lake/build/lib/lean/Batteries/Lean/NameMapAttribute.olean: OK
.lake/packages/batteries/.lake/build/lib/lean/Batteries/Lean/PersistentHashMap.olean: OK
.lake/packages/batteries/.lake/build/lib/lean/Batteries/Lean/PersistentHashSet.olean: OK
.lake/packages/batteries/.lake/build/lib/lean/Batteries/Lean/Position.olean: OK
.lake/packages/batteries/.lake/build/lib/lean/Batteries/Lean/SatisfiesM.olean: OK
.lake/packages/batteries/.lake/build/lib/lean/Batteries/Lean/Syntax.olean: OK
.lake/packages/batteries/.lake/build/lib/lean/Batteries/Lean/System/IO.olean: OK
.lake/packages/batteries/.lake/build/lib/lean/Batteries/Lean/TagAttribute.olean: OK
.lake/packages/batteries/.lake/build/lib/lean/Batteries/Lean/Util/EnvSearch.olean: OK
.lake/packages/batteries/.lake/build/lib/lean/Batteries/Linter.olean: OK
.lake/packages/batteries/.lake/build/lib/lean/Batteries/Linter/UnnecessarySeqFocus.olean: OK
.lake/packages/batteries/.lake/build/lib/lean/Batteries/Linter/UnreachableTactic.olean: OK
.lake/packages/batteries/.lake/build/lib/lean/Batteries/Logic.olean: OK
.lake/packages/batteries/.lake/build/lib/lean/Batteries/Tactic/Alias.olean: OK
.lake/packages/batteries/.lake/build/lib/lean/Batteries/Tactic/Basic.olean: OK
.lake/packages/batteries/.lake/build/lib/lean/Batteries/Tactic/Case.olean: OK
.lake/packages/batteries/.lake/build/lib/lean/Batteries/Tactic/Congr.olean: OK
.lake/packages/batteries/.lake/build/lib/lean/Batteries/Tactic/Exact.olean: OK
.lake/packages/batteries/.lake/build/lib/lean/Batteries/Tactic/GeneralizeProofs.olean: OK
.lake/packages/batteries/.lake/build/lib/lean/Batteries/Tactic/HelpCmd.olean: OK
.lake/packages/batteries/.lake/build/lib/lean/Batteries/Tactic/Init.olean: OK
.lake/packages/batteries/.lake/build/lib/lean/Batteries/Tactic/Instances.olean: OK
.lake/packages/batteries/.lake/build/lib/lean/Batteries/Tactic/Lemma.olean: OK
.lake/packages/batteries/.lake/build/lib/lean/Batteries/Tactic/Lint.olean: OK
.lake/packages/batteries/.lake/build/lib/lean/Batteries/Tactic/Lint/Basic.olean: OK
.lake/packages/batteries/.lake/build/lib/lean/Batteries/Tactic/Lint/Frontend.olean: OK
.lake/packages/batteries/.lake/build/lib/lean/Batteries/Tactic/Lint/Misc.olean: OK
.lake/packages/batteries/.lake/build/lib/lean/Batteries/Tactic/Lint/Simp.olean: OK
.lake/packages/batteries/.lake/build/lib/lean/Batteries/Tactic/Lint/TypeClass.olean: OK
.lake/packages/batteries/.lake/build/lib/lean/Batteries/Tactic/NoMatch.olean: OK
.lake/packages/batteries/.lake/build/lib/lean/Batteries/Tactic/OpenPrivate.olean: OK
.lake/packages/batteries/.lake/build/lib/lean/Batteries/Tactic/PermuteGoals.olean: OK
.lake/packages/batteries/.lake/build/lib/lean/Batteries/Tactic/PrintDependents.olean: OK
.lake/packages/batteries/.lake/build/lib/lean/Batteries/Tactic/PrintOpaques.olean: OK
.lake/packages/batteries/.lake/build/lib/lean/Batteries/Tactic/PrintPrefix.olean: OK
.lake/packages/batteries/.lake/build/lib/lean/Batteries/Tactic/SeqFocus.olean: OK
.lake/packages/batteries/.lake/build/lib/lean/Batteries/Tactic/ShowUnused.olean: OK
.lake/packages/batteries/.lake/build/lib/lean/Batteries/Tactic/SqueezeScope.olean: OK
.lake/packages/batteries/.lake/build/lib/lean/Batteries/Tactic/Trans.olean: OK
.lake/packages/batteries/.lake/build/lib/lean/Batteries/Tactic/Unreachable.olean: OK
.lake/packages/batteries/.lake/build/lib/lean/Batteries/Util/Cache.olean: OK
.lake/packages/batteries/.lake/build/lib/lean/Batteries/Util/ExtendedBinder.olean: OK
.lake/packages/batteries/.lake/build/lib/lean/Batteries/Util/LibraryNote.olean: OK
.lake/packages/batteries/.lake/build/lib/lean/Batteries/Util/Panic.olean: OK
.lake/packages/batteries/.lake/build/lib/lean/Batteries/Util/Pickle.olean: OK
.lake/packages/batteries/.lake/build/lib/lean/Batteries/Util/ProofWanted.olean: OK
.lake/packages/batteries/.lake/build/lib/lean/runLinter.olean: OK
.lake/packages/importGraph/.lake/build/lib/lean/ImportGraph.olean: OK
.lake/packages/importGraph/.lake/build/lib/lean/ImportGraph/Export/DotFile.olean: OK
.lake/packages/importGraph/.lake/build/lib/lean/ImportGraph/Export/Gexf.olean: OK
.lake/packages/importGraph/.lake/build/lib/lean/ImportGraph/Graph/Filter.olean: OK
.lake/packages/importGraph/.lake/build/lib/lean/ImportGraph/Graph/TransitiveClosure.olean: OK
.lake/packages/importGraph/.lake/build/lib/lean/ImportGraph/Imports/FromSource.olean: OK
.lake/packages/importGraph/.lake/build/lib/lean/ImportGraph/Imports/ImportGraph.olean: OK
.lake/packages/importGraph/.lake/build/lib/lean/ImportGraph/Imports/Redundant.olean: OK
.lake/packages/importGraph/.lake/build/lib/lean/ImportGraph/Imports/RequiredModules.olean: OK
.lake/packages/importGraph/.lake/build/lib/lean/ImportGraph/Imports/Unused.olean: OK
.lake/packages/importGraph/.lake/build/lib/lean/ImportGraph/Lean/Environment.olean: OK
.lake/packages/importGraph/.lake/build/lib/lean/ImportGraph/Lean/Name.olean: OK
.lake/packages/importGraph/.lake/build/lib/lean/ImportGraph/Lean/WithImportModules.olean: OK
.lake/packages/importGraph/.lake/build/lib/lean/ImportGraph/Tools.olean: OK
.lake/packages/importGraph/.lake/build/lib/lean/ImportGraph/Tools/FindHome.olean: OK
.lake/packages/importGraph/.lake/build/lib/lean/ImportGraph/Tools/ImportDiff.olean: OK
.lake/packages/importGraph/.lake/build/lib/lean/ImportGraph/Tools/MinImports.olean: OK
.lake/packages/importGraph/.lake/build/lib/lean/ImportGraph/Tools/RedundantImports.olean: OK
.lake/packages/importGraph/.lake/build/lib/lean/ImportGraph/Util/CurrentModule.olean: OK
.lake/packages/importGraph/.lake/build/lib/lean/ImportGraph/Util/FindSorry.olean: OK
.lake/packages/importGraph/.lake/build/lib/lean/MainGraph.olean: OK
.lake/packages/mathlib/.lake/build/lib/lean/Cache/Hashing.olean: OK
.lake/packages/mathlib/.lake/build/lib/lean/Cache/IO.olean: OK
.lake/packages/mathlib/.lake/build/lib/lean/Cache/Init.olean: OK
.lake/packages/mathlib/.lake/build/lib/lean/Cache/Lean.olean: OK
.lake/packages/mathlib/.lake/build/lib/lean/Cache/Main.olean: OK
.lake/packages/mathlib/.lake/build/lib/lean/Cache/Requests.olean: OK
.lake/packages/mathlib/.lake/build/lib/lean/Mathlib.olean: OK
.lake/packages/mathlib/.lake/build/lib/lean/Mathlib/Algebra/AddConstMap/Basic.olean: OK
.lake/packages/mathlib/.lake/build/lib/lean/Mathlib/Algebra/AddConstMap/Equiv.olean: OK
.lake/packages/mathlib/.lake/build/lib/lean/Mathlib/Algebra/AddTorsor/Basic.olean: OK
.lake/packages/mathlib/.lake/build/lib/lean/Mathlib/Algebra/AddTorsor/Defs.olean: OK
.lake/packages/mathlib/.lake/build/lib/lean/Mathlib/Algebra/AffineMonoid/Basic.olean: OK
.lake/packages/mathlib/.lake/build/lib/lean/Mathlib/Algebra/AffineMonoid/Embedding.olean: OK
.lake/packages/mathlib/.lake/build/lib/lean/Mathlib/Algebra/AffineMonoid/Irreducible.olean: OK
.lake/packages/mathlib/.lake/build/lib/lean/Mathlib/Algebra/AffineMonoid/UniqueSums.olean: OK
.lake/packages/mathlib/.lake/build/lib/lean/Mathlib/Algebra/Algebra/Basic.olean: OK
.lake/packages/mathlib/.lake/build/lib/lean/Mathlib/Algebra/Algebra/Bilinear.olean: OK
.lake/packages/mathlib/.lake/build/lib/lean/Mathlib/Algebra/Algebra/Defs.olean: OK
.lake/packages/mathlib/.lake/build/lib/lean/Mathlib/Algebra/Algebra/Epi.olean: OK
.lake/packages/mathlib/.lake/build/lib/lean/Mathlib/Algebra/Algebra/Equiv.olean: OK
.lake/packages/mathlib/.lake/build/lib/lean/Mathlib/Algebra/Algebra/Field.olean: OK
.lake/packages/mathlib/.lake/build/lib/lean/Mathlib/Algebra/Algebra/Hom.olean: OK
.lake/packages/mathlib/.lake/build/lib/lean/Mathlib/Algebra/Algebra/Hom/Rat.olean: OK
.lake/packages/mathlib/.lake/build/lib/lean/Mathlib/Algebra/Algebra/IsSimpleRing.olean: OK
.lake/packages/mathlib/.lake/build/lib/lean/Mathlib/Algebra/Algebra/NonUnitalHom.olean: OK
.lake/packages/mathlib/.lake/build/lib/lean/Mathlib/Algebra/Algebra/NonUnitalSubalgebra.olean: OK
.lake/packages/mathlib/.lake/build/lib/lean/Mathlib/Algebra/Algebra/Operations.olean: OK
.lake/packages/mathlib/.lake/build/lib/lean/Mathlib/Algebra/Algebra/Opposite.olean: OK
.lake/packages/mathlib/.lake/build/lib/lean/Mathlib/Algebra/Algebra/Pi.olean: OK
.lake/packages/mathlib/.lake/build/lib/lean/Mathlib/Algebra/Algebra/Prod.olean: OK
.lake/packages/mathlib/.lake/build/lib/lean/Mathlib/Algebra/Algebra/Rat.olean: OK
.lake/packages/mathlib/.lake/build/lib/lean/Mathlib/Algebra/Algebra/RestrictScalars.olean: OK
.lake/packages/mathlib/.lake/build/lib/lean/Mathlib/Algebra/Algebra/Shrink.olean: OK
.lake/packages/mathlib/.lake/build/lib/lean/Mathlib/Algebra/Algebra/Spectrum/Basic.olean: OK
.lake/packages/mathlib/.lake/build/lib/lean/Mathlib/Algebra/Algebra/Spectrum/Pi.olean: OK
.lake/packages/mathlib/.lake/build/lib/lean/Mathlib/Algebra/Algebra/Spectrum/Quasispectrum.olean: OK
.lake/packages/mathlib/.lake/build/lib/lean/Mathlib/Algebra/Algebra/StrictPositivity.olean: OK
.lake/packages/mathlib/.lake/build/lib/lean/Mathlib/Algebra/Algebra/Subalgebra/Basic.olean: OK
.lake/packages/mathlib/.lake/build/lib/lean/Mathlib/Algebra/Algebra/Subalgebra/Centralizer.olean: OK
.lake/packages/mathlib/.lake/build/lib/lean/Mathlib/Algebra/Algebra/Subalgebra/Directed.olean: OK
.lake/packages/mathlib/.lake/build/lib/lean/Mathlib/Algebra/Algebra/Subalgebra/IsSimpleOrder.olean: OK
.lake/packages/mathlib/.lake/build/lib/lean/Mathlib/Algebra/Algebra/Subalgebra/Lattice.olean: OK
.lake/packages/mathlib/.lake/build/lib/lean/Mathlib/Algebra/Algebra/Subalgebra/Matrix.olean: OK
.lake/packages/mathlib/.lake/build/lib/lean/Mathlib/Algebra/Algebra/Subalgebra/MulOpposite.olean: OK
.lake/packages/mathlib/.lake/build/lib/lean/Mathlib/Algebra/Algebra/Subalgebra/Operations.olean: OK
.lake/packages/mathlib/.lake/build/lib/lean/Mathlib/Algebra/Algebra/Subalgebra/Order.olean: OK
.lake/packages/mathlib/.lake/build/lib/lean/Mathlib/Algebra/Algebra/Subalgebra/Pi.olean: OK
.lake/packages/mathlib/.lake/build/lib/lean/Mathlib/Algebra/Algebra/Subalgebra/Pointwise.olean: OK
.lake/packages/mathlib/.lake/build/lib/lean/Mathlib/Algebra/Algebra/Subalgebra/Prod.olean: OK
.lake/packages/mathlib/.lake/build/lib/lean/Mathlib/Algebra/Algebra/Subalgebra/Rank.olean: OK
.lake/packages/mathlib/.lake/build/lib/lean/Mathlib/Algebra/Algebra/Subalgebra/Tower.olean: OK
.lake/packages/mathlib/.lake/build/lib/lean/Mathlib/Algebra/Algebra/Subalgebra/Unitization.olean: OK
.lake/packages/mathlib/.lake/build/lib/lean/Mathlib/Algebra/Algebra/Tower.olean: OK
.lake/packages/mathlib/.lake/build/lib/lean/Mathlib/Algebra/Algebra/TransferInstance.olean: OK
.lake/packages/mathlib/.lake/build/lib/lean/Mathlib/Algebra/Algebra/Unitization.olean: OK
.lake/packages/mathlib/.lake/build/lib/lean/Mathlib/Algebra/Algebra/ZMod.olean: OK
.lake/packages/mathlib/.lake/build/lib/lean/Mathlib/Algebra/AlgebraicCard.olean: OK
.lake/packages/mathlib/.lake/build/lib/lean/Mathlib/Algebra/Azumaya/Basic.olean: OK
.lake/packages/mathlib/.lake/build/lib/lean/Mathlib/Algebra/Azumaya/Defs.olean: OK
.lake/packages/mathlib/.lake/build/lib/lean/Mathlib/Algebra/Azumaya/Matrix.olean: OK
.lake/packages/mathlib/.lake/build/lib/lean/Mathlib/Algebra/BigOperators/Associated.olean: OK
.lake/packages/mathlib/.lake/build/lib/lean/Mathlib/Algebra/BigOperators/Balance.olean: OK
.lake/packages/mathlib/.lake/build/lib/lean/Mathlib/Algebra/BigOperators/Expect.olean: OK
.lake/packages/mathlib/.lake/build/lib/lean/Mathlib/Algebra/BigOperators/Field.olean: OK
.lake/packages/mathlib/.lake/build/lib/lean/Mathlib/Algebra/BigOperators/Fin.olean: OK
.lake/packages/mathlib/.lake/build/lib/lean/Mathlib/Algebra/BigOperators/Finprod.olean: OK
.lake/packages/mathlib/.lake/build/lib/lean/Mathlib/Algebra/BigOperators/Finsupp/Basic.olean: OK
.lake/packages/mathlib/.lake/build/lib/lean/Mathlib/Algebra/BigOperators/Finsupp/Fin.olean: OK
.lake/packages/mathlib/.lake/build/lib/lean/Mathlib/Algebra/BigOperators/Group/Finset/Basic.olean: OK
.lake/packages/mathlib/.lake/build/lib/lean/Mathlib/Algebra/BigOperators/Group/Finset/Defs.olean: OK
.lake/packages/mathlib/.lake/build/lib/lean/Mathlib/Algebra/BigOperators/Group/Finset/Gaps.olean: OK
.lake/packages/mathlib/.lake/build/lib/lean/Mathlib/Algebra/BigOperators/Group/Finset/Indicator.olean: OK
.lake/packages/mathlib/.lake/build/lib/lean/Mathlib/Algebra/BigOperators/Group/Finset/Interval.olean: OK
.lake/packages/mathlib/.lake/build/lib/lean/Mathlib/Algebra/BigOperators/Group/Finset/Lemmas.olean: OK
.lake/packages/mathlib/.lake/build/lib/lean/Mathlib/Algebra/BigOperators/Group/Finset/Pi.olean: OK
.lake/packages/mathlib/.lake/build/lib/lean/Mathlib/Algebra/BigOperators/Group/Finset/Piecewise.olean: OK
.lake/packages/mathlib/.lake/build/lib/lean/Mathlib/Algebra/BigOperators/Group/Finset/Powerset.olean: OK
.lake/packages/mathlib/.lake/build/lib/lean/Mathlib/Algebra/BigOperators/Group/Finset/Preimage.olean: OK
.lake/packages/mathlib/.lake/build/lib/lean/Mathlib/Algebra/BigOperators/Group/Finset/Sigma.olean: OK
.lake/packages/mathlib/.lake/build/lib/lean/Mathlib/Algebra/BigOperators/Group/List/Basic.olean: OK
.lake/packages/mathlib/.lake/build/lib/lean/Mathlib/Algebra/BigOperators/Group/List/Defs.olean: OK
.lake/packages/mathlib/.lake/build/lib/lean/Mathlib/Algebra/BigOperators/Group/List/Lemmas.olean: OK
.lake/packages/mathlib/.lake/build/lib/lean/Mathlib/Algebra/BigOperators/Group/Multiset/Basic.olean: OK
.lake/packages/mathlib/.lake/build/lib/lean/Mathlib/Algebra/BigOperators/Group/Multiset/Defs.olean: OK
.lake/packages/mathlib/.lake/build/lib/lean/Mathlib/Algebra/BigOperators/GroupWithZero/Action.olean: OK
.lake/packages/mathlib/.lake/build/lib/lean/Mathlib/Algebra/BigOperators/GroupWithZero/Finset.olean: OK
.lake/packages/mathlib/.lake/build/lib/lean/Mathlib/Algebra/BigOperators/Intervals.olean: OK
.lake/packages/mathlib/.lake/build/lib/lean/Mathlib/Algebra/BigOperators/ModEq.olean: OK
.lake/packages/mathlib/.lake/build/lib/lean/Mathlib/Algebra/BigOperators/Module.olean: OK
.lake/packages/mathlib/.lake/build/lib/lean/Mathlib/Algebra/BigOperators/NatAntidiagonal.olean: OK
.lake/packages/mathlib/.lake/build/lib/lean/Mathlib/Algebra/BigOperators/Option.olean: OK
.lake/packages/mathlib/.lake/build/lib/lean/Mathlib/Algebra/BigOperators/Pi.olean: OK
.lake/packages/mathlib/.lake/build/lib/lean/Mathlib/Algebra/BigOperators/Ring/Finset.olean: OK
.lake/packages/mathlib/.lake/build/lib/lean/Mathlib/Algebra/BigOperators/Ring/List.olean: OK
.lake/packages/mathlib/.lake/build/lib/lean/Mathlib/Algebra/BigOperators/Ring/Multiset.olean: OK
.lake/packages/mathlib/.lake/build/lib/lean/Mathlib/Algebra/BigOperators/Ring/Nat.olean: OK
.lake/packages/mathlib/.lake/build/lib/lean/Mathlib/Algebra/BigOperators/RingEquiv.olean: OK
.lake/packages/mathlib/.lake/build/lib/lean/Mathlib/Algebra/BigOperators/Sym.olean: OK
.lake/packages/mathlib/.lake/build/lib/lean/Mathlib/Algebra/BigOperators/WithTop.olean: OK
.lake/packages/mathlib/.lake/build/lib/lean/Mathlib/Algebra/BrauerGroup/Defs.olean: OK
.lake/packages/mathlib/.lake/build/lib/lean/Mathlib/Algebra/Category/AlgCat/Basic.olean: OK
.lake/packages/mathlib/.lake/build/lib/lean/Mathlib/Algebra/Category/AlgCat/Limits.olean: OK
.lake/packages/mathlib/.lake/build/lib/lean/Mathlib/Algebra/Category/AlgCat/Monoidal.olean: OK
.lake/packages/mathlib/.lake/build/lib/lean/Mathlib/Algebra/Category/AlgCat/Symmetric.olean: OK
.lake/packages/mathlib/.lake/build/lib/lean/Mathlib/Algebra/Category/BialgCat/Basic.olean: OK
.lake/packages/mathlib/.lake/build/lib/lean/Mathlib/Algebra/Category/BialgCat/Monoidal.olean: OK
.lake/packages/mathlib/.lake/build/lib/lean/Mathlib/Algebra/Category/BoolRing.olean: OK
.lake/packages/mathlib/.lake/build/lib/lean/Mathlib/Algebra/Category/CoalgCat/Basic.olean: OK
.lake/packages/mathlib/.lake/build/lib/lean/Mathlib/Algebra/Category/CoalgCat/ComonEquivalence.olean: OK
.lake/packages/mathlib/.lake/build/lib/lean/Mathlib/Algebra/Category/CoalgCat/Monoidal.olean: OK
.lake/packages/mathlib/.lake/build/lib/lean/Mathlib/Algebra/Category/CommAlgCat/Basic.olean: OK
.lake/packages/mathlib/.lake/build/lib/lean/Mathlib/Algebra/Category/CommAlgCat/FiniteType.olean: OK
.lake/packages/mathlib/.lake/build/lib/lean/Mathlib/Algebra/Category/CommAlgCat/Monoidal.olean: OK
.lake/packages/mathlib/.lake/build/lib/lean/Mathlib/Algebra/Category/CommBialgCat.olean: OK
.lake/packages/mathlib/.lake/build/lib/lean/Mathlib/Algebra/Category/ContinuousCohomology/Basic.olean: OK
.lake/packages/mathlib/.lake/build/lib/lean/Mathlib/Algebra/Category/FGModuleCat/Abelian.olean: OK
.lake/packages/mathlib/.lake/build/lib/lean/Mathlib/Algebra/Category/FGModuleCat/Basic.olean: OK
.lake/packages/mathlib/.lake/build/lib/lean/Mathlib/Algebra/Category/FGModuleCat/Colimits.olean: OK
.lake/packages/mathlib/.lake/build/lib/lean/Mathlib/Algebra/Category/FGModuleCat/EssentiallySmall.olean: OK
.lake/packages/mathlib/.lake/build/lib/lean/Mathlib/Algebra/Category/FGModuleCat/Limits.olean: OK
.lake/packages/mathlib/.lake/build/lib/lean/Mathlib/Algebra/Category/Grp/AB.olean: OK
.lake/packages/mathlib/.lake/build/lib/lean/Mathlib/Algebra/Category/Grp/Abelian.olean: OK
.lake/packages/mathlib/.lake/build/lib/lean/Mathlib/Algebra/Category/Grp/Adjunctions.olean: OK
.lake/packages/mathlib/.lake/build/lib/lean/Mathlib/Algebra/Category/Grp/Basic.olean: OK
.lake/packages/mathlib/.lake/build/lib/lean/Mathlib/Algebra/Category/Grp/Biproducts.olean: OK
.lake/packages/mathlib/.lake/build/lib/lean/Mathlib/Algebra/Category/Grp/CartesianMonoidal.olean: OK
.lake/packages/mathlib/.lake/build/lib/lean/Mathlib/Algebra/Category/Grp/Colimits.olean: OK
.lake/packages/mathlib/.lake/build/lib/lean/Mathlib/Algebra/Category/Grp/EnoughInjectives.olean: OK
.lake/packages/mathlib/.lake/build/lib/lean/Mathlib/Algebra/Category/Grp/EpiMono.olean: OK
.lake/packages/mathlib/.lake/build/lib/lean/Mathlib/Algebra/Category/Grp/EquivalenceGroupAddGroup.olean: OK
.lake/packages/mathlib/.lake/build/lib/lean/Mathlib/Algebra/Category/Grp/FilteredColimits.olean: OK
.lake/packages/mathlib/.lake/build/lib/lean/Mathlib/Algebra/Category/Grp/FiniteGrp.olean: OK
.lake/packages/mathlib/.lake/build/lib/lean/Mathlib/Algebra/Category/Grp/ForgetCorepresentable.olean: OK
.lake/packages/mathlib/.lake/build/lib/lean/Mathlib/Algebra/Category/Grp/Images.olean: OK
.lake/packages/mathlib/.lake/build/lib/lean/Mathlib/Algebra/Category/Grp/Injective.olean: OK
.lake/packages/mathlib/.lake/build/lib/lean/Mathlib/Algebra/Category/Grp/IsFinite.olean: OK
.lake/packages/mathlib/.lake/build/lib/lean/Mathlib/Algebra/Category/Grp/Kernels.olean: OK
.lake/packages/mathlib/.lake/build/lib/lean/Mathlib/Algebra/Category/Grp/LargeColimits.olean: OK
.lake/packages/mathlib/.lake/build/lib/lean/Mathlib/Algebra/Category/Grp/LeftExactFunctor.olean: OK
.lake/packages/mathlib/.lake/build/lib/lean/Mathlib/Algebra/Category/Grp/Limits.olean: OK
.lake/packages/mathlib/.lake/build/lib/lean/Mathlib/Algebra/Category/Grp/Preadditive.olean: OK
.lake/packages/mathlib/.lake/build/lib/lean/Mathlib/Algebra/Category/Grp/Shrink.olean: OK
.lake/packages/mathlib/.lake/build/lib/lean/Mathlib/Algebra/Category/Grp/Subobject.olean: OK
.lake/packages/mathlib/.lake/build/lib/lean/Mathlib/Algebra/Category/Grp/Ulift.olean: OK
.lake/packages/mathlib/.lake/build/lib/lean/Mathlib/Algebra/Category/Grp/Yoneda.olean: OK
.lake/packages/mathlib/.lake/build/lib/lean/Mathlib/Algebra/Category/Grp/ZModuleEquivalence.olean: OK
.lake/packages/mathlib/.lake/build/lib/lean/Mathlib/Algebra/Category/Grp/Zero.olean: OK
.lake/packages/mathlib/.lake/build/lib/lean/Mathlib/Algebra/Category/GrpWithZero.olean: OK
.lake/packages/mathlib/.lake/build/lib/lean/Mathlib/Algebra/Category/HopfAlgCat/Basic.olean: OK
.lake/packages/mathlib/.lake/build/lib/lean/Mathlib/Algebra/Category/HopfAlgCat/Monoidal.olean: OK
.lake/packages/mathlib/.lake/build/lib/lean/Mathlib/Algebra/Category/ModuleCat/AB.olean: OK
.lake/packages/mathlib/.lake/build/lib/lean/Mathlib/Algebra/Category/ModuleCat/Abelian.olean: OK
.lake/packages/mathlib/.lake/build/lib/lean/Mathlib/Algebra/Category/ModuleCat/Adjunctions.olean: OK
.lake/packages/mathlib/.lake/build/lib/lean/Mathlib/Algebra/Category/ModuleCat/Algebra.olean: OK
.lake/packages/mathlib/.lake/build/lib/lean/Mathlib/Algebra/Category/ModuleCat/Basic.olean: OK
.lake/packages/mathlib/.lake/build/lib/lean/Mathlib/Algebra/Category/ModuleCat/Biproducts.olean: OK
.lake/packages/mathlib/.lake/build/lib/lean/Mathlib/Algebra/Category/ModuleCat/ChangeOfRings.olean: OK
.lake/packages/mathlib/.lake/build/lib/lean/Mathlib/Algebra/Category/ModuleCat/Colimits.olean: OK
.lake/packages/mathlib/.lake/build/lib/lean/Mathlib/Algebra/Category/ModuleCat/Descent.olean: OK
.lake/packages/mathlib/.lake/build/lib/lean/Mathlib/Algebra/Category/ModuleCat/Differentials/Basic.olean: OK
.lake/packages/mathlib/.lake/build/lib/lean/Mathlib/Algebra/Category/ModuleCat/Differentials/Presheaf.olean: OK
.lake/packages/mathlib/.lake/build/lib/lean/Mathlib/Algebra/Category/ModuleCat/EnoughInjectives.olean: OK
.lake/packages/mathlib/.lake/build/lib/lean/Mathlib/Algebra/Category/ModuleCat/EpiMono.olean: OK
.lake/packages/mathlib/.lake/build/lib/lean/Mathlib/Algebra/Category/ModuleCat/Ext/Basic.olean: OK
.lake/packages/mathlib/.lake/build/lib/lean/Mathlib/Algebra/Category/ModuleCat/Ext/DimensionShifting.olean: OK
.lake/packages/mathlib/.lake/build/lib/lean/Mathlib/Algebra/Category/ModuleCat/Ext/Finite.olean: OK
.lake/packages/mathlib/.lake/build/lib/lean/Mathlib/Algebra/Category/ModuleCat/Ext/HasExt.olean: OK
.lake/packages/mathlib/.lake/build/lib/lean/Mathlib/Algebra/Category/ModuleCat/ExteriorPower.olean: OK
.lake/packages/mathlib/.lake/build/lib/lean/Mathlib/Algebra/Category/ModuleCat/FilteredColimits.olean: OK
.lake/packages/mathlib/.lake/build/lib/lean/Mathlib/Algebra/Category/ModuleCat/Free.olean: OK
.lake/packages/mathlib/.lake/build/lib/lean/Mathlib/Algebra/Category/ModuleCat/Images.olean: OK
.lake/packages/mathlib/.lake/build/lib/lean/Mathlib/Algebra/Category/ModuleCat/Injective.olean: OK
.lake/packages/mathlib/.lake/build/lib/lean/Mathlib/Algebra/Category/ModuleCat/Kernels.olean: OK
.lake/packages/mathlib/.lake/build/lib/lean/Mathlib/Algebra/Category/ModuleCat/LeftResolution.olean: OK
.lake/packages/mathlib/.lake/build/lib/lean/Mathlib/Algebra/Category/ModuleCat/Limits.olean: OK
.lake/packages/mathlib/.lake/build/lib/lean/Mathlib/Algebra/Category/ModuleCat/Localization.olean: OK
.lake/packages/mathlib/.lake/build/lib/lean/Mathlib/Algebra/Category/ModuleCat/Monoidal/Adjunction.olean: OK
.lake/packages/mathlib/.lake/build/lib/lean/Mathlib/Algebra/Category/ModuleCat/Monoidal/Basic.olean: OK
.lake/packages/mathlib/.lake/build/lib/lean/Mathlib/Algebra/Category/ModuleCat/Monoidal/Closed.olean: OK
.lake/packages/mathlib/.lake/build/lib/lean/Mathlib/Algebra/Category/ModuleCat/Monoidal/Symmetric.olean: OK
.lake/packages/mathlib/.lake/build/lib/lean/Mathlib/Algebra/Category/ModuleCat/Presheaf.olean: OK
.lake/packages/mathlib/.lake/build/lib/lean/Mathlib/Algebra/Category/ModuleCat/Presheaf/Abelian.olean: OK
.lake/packages/mathlib/.lake/build/lib/lean/Mathlib/Algebra/Category/ModuleCat/Presheaf/ChangeOfRings.olean: OK
.lake/packages/mathlib/.lake/build/lib/lean/Mathlib/Algebra/Category/ModuleCat/Presheaf/ColimitFunctor.olean: OK
.lake/packages/mathlib/.lake/build/lib/lean/Mathlib/Algebra/Category/ModuleCat/Presheaf/Colimits.olean: OK
.lake/packages/mathlib/.lake/build/lib/lean/Mathlib/Algebra/Category/ModuleCat/Presheaf/EpiMono.olean: OK
.lake/packages/mathlib/.lake/build/lib/lean/Mathlib/Algebra/Category/ModuleCat/Presheaf/Free.olean: OK
.lake/packages/mathlib/.lake/build/lib/lean/Mathlib/Algebra/Category/ModuleCat/Presheaf/Generator.olean: OK
.lake/packages/mathlib/.lake/build/lib/lean/Mathlib/Algebra/Category/ModuleCat/Presheaf/Limits.olean: OK
.lake/packages/mathlib/.lake/build/lib/lean/Mathlib/Algebra/Category/ModuleCat/Presheaf/Monoidal.olean: OK
.lake/packages/mathlib/.lake/build/lib/lean/Mathlib/Algebra/Category/ModuleCat/Presheaf/Pullback.olean: OK
.lake/packages/mathlib/.lake/build/lib/lean/Mathlib/Algebra/Category/ModuleCat/Presheaf/Pushforward.olean: OK
.lake/packages/mathlib/.lake/build/lib/lean/Mathlib/Algebra/Category/ModuleCat/Presheaf/PushforwardZeroMonoidal.olean: OK
.lake/packages/mathlib/.lake/build/lib/lean/Mathlib/Algebra/Category/ModuleCat/Presheaf/Sheafification.olean: OK
.lake/packages/mathlib/.lake/build/lib/lean/Mathlib/Algebra/Category/ModuleCat/Presheaf/Sheafify.olean: OK
.lake/packages/mathlib/.lake/build/lib/lean/Mathlib/Algebra/Category/ModuleCat/Products.olean: OK
.lake/packages/mathlib/.lake/build/lib/lean/Mathlib/Algebra/Category/ModuleCat/Projective.olean: OK
.lake/packages/mathlib/.lake/build/lib/lean/Mathlib/Algebra/Category/ModuleCat/ProjectiveDimension.olean: OK
.lake/packages/mathlib/.lake/build/lib/lean/Mathlib/Algebra/Category/ModuleCat/Pseudofunctor.olean: OK
.lake/packages/mathlib/.lake/build/lib/lean/Mathlib/Algebra/Category/ModuleCat/Semi.olean: OK
.lake/packages/mathlib/.lake/build/lib/lean/Mathlib/Algebra/Category/ModuleCat/Sheaf.olean: OK
.lake/packages/mathlib/.lake/build/lib/lean/Mathlib/Algebra/Category/ModuleCat/Sheaf/Abelian.olean: OK
.lake/packages/mathlib/.lake/build/lib/lean/Mathlib/Algebra/Category/ModuleCat/Sheaf/ChangeOfRings.olean: OK
.lake/packages/mathlib/.lake/build/lib/lean/Mathlib/Algebra/Category/ModuleCat/Sheaf/Colimits.olean: OK
.lake/packages/mathlib/.lake/build/lib/lean/Mathlib/Algebra/Category/ModuleCat/Sheaf/Free.olean: OK
.lake/packages/mathlib/.lake/build/lib/lean/Mathlib/Algebra/Category/ModuleCat/Sheaf/Generators.olean: OK
.lake/packages/mathlib/.lake/build/lib/lean/Mathlib/Algebra/Category/ModuleCat/Sheaf/Limits.olean: OK
.lake/packages/mathlib/.lake/build/lib/lean/Mathlib/Algebra/Category/ModuleCat/Sheaf/Localization.olean: OK
.lake/packages/mathlib/.lake/build/lib/lean/Mathlib/Algebra/Category/ModuleCat/Sheaf/PullbackContinuous.olean: OK
.lake/packages/mathlib/.lake/build/lib/lean/Mathlib/Algebra/Category/ModuleCat/Sheaf/PullbackFree.olean: OK
.lake/packages/mathlib/.lake/build/lib/lean/Mathlib/Algebra/Category/ModuleCat/Sheaf/PushforwardContinuous.olean: OK
.lake/packages/mathlib/.lake/build/lib/lean/Mathlib/Algebra/Category/ModuleCat/Sheaf/Quasicoherent.olean: OK
.lake/packages/mathlib/.lake/build/lib/lean/Mathlib/Algebra/Category/ModuleCat/Simple.olean: OK
.lake/packages/mathlib/.lake/build/lib/lean/Mathlib/Algebra/Category/ModuleCat/Stalk.olean: OK
.lake/packages/mathlib/.lake/build/lib/lean/Mathlib/Algebra/Category/ModuleCat/Subobject.olean: OK
.lake/packages/mathlib/.lake/build/lib/lean/Mathlib/Algebra/Category/ModuleCat/Tannaka.olean: OK
.lake/packages/mathlib/.lake/build/lib/lean/Mathlib/Algebra/Category/ModuleCat/Topology/Basic.olean: OK
.lake/packages/mathlib/.lake/build/lib/lean/Mathlib/Algebra/Category/ModuleCat/Topology/Homology.olean: OK
.lake/packages/mathlib/.lake/build/lib/lean/Mathlib/Algebra/Category/ModuleCat/Ulift.olean: OK
.lake/packages/mathlib/.lake/build/lib/lean/Mathlib/Algebra/Category/MonCat/Adjunctions.olean: OK
.lake/packages/mathlib/.lake/build/lib/lean/Mathlib/Algebra/Category/MonCat/Basic.olean: OK
.lake/packages/mathlib/.lake/build/lib/lean/Mathlib/Algebra/Category/MonCat/Colimits.olean: OK
.lake/packages/mathlib/.lake/build/lib/lean/Mathlib/Algebra/Category/MonCat/FilteredColimits.olean: OK
.lake/packages/mathlib/.lake/build/lib/lean/Mathlib/Algebra/Category/MonCat/ForgetCorepresentable.olean: OK
.lake/packages/mathlib/.lake/build/lib/lean/Mathlib/Algebra/Category/MonCat/Limits.olean: OK
.lake/packages/mathlib/.lake/build/lib/lean/Mathlib/Algebra/Category/MonCat/Shrink.olean: OK
.lake/packages/mathlib/.lake/build/lib/lean/Mathlib/Algebra/Category/MonCat/Yoneda.olean: OK
.lake/packages/mathlib/.lake/build/lib/lean/Mathlib/Algebra/Category/Ring/Adjunctions.olean: OK
.lake/packages/mathlib/.lake/build/lib/lean/Mathlib/Algebra/Category/Ring/Basic.olean: OK
.lake/packages/mathlib/.lake/build/lib/lean/Mathlib/Algebra/Category/Ring/Colimits.olean: OK
.lake/packages/mathlib/.lake/build/lib/lean/Mathlib/Algebra/Category/Ring/Constructions.olean: OK
.lake/packages/mathlib/.lake/build/lib/lean/Mathlib/Algebra/Category/Ring/Epi.olean: OK
.lake/packages/mathlib/.lake/build/lib/lean/Mathlib/Algebra/Category/Ring/EqualizerPushout.olean: OK
.lake/packages/mathlib/.lake/build/lib/lean/Mathlib/Algebra/Category/Ring/FilteredColimits.olean: OK
.lake/packages/mathlib/.lake/build/lib/lean/Mathlib/Algebra/Category/Ring/FinitePresentation.olean: OK
.lake/packages/mathlib/.lake/build/lib/lean/Mathlib/Algebra/Category/Ring/Instances.olean: OK
.lake/packages/mathlib/.lake/build/lib/lean/Mathlib/Algebra/Category/Ring/Limits.olean: OK
.lake/packages/mathlib/.lake/build/lib/lean/Mathlib/Algebra/Category/Ring/LinearAlgebra.olean: OK
.lake/packages/mathlib/.lake/build/lib/lean/Mathlib/Algebra/Category/Ring/Small.olean: OK
.lake/packages/mathlib/.lake/build/lib/lean/Mathlib/Algebra/Category/Ring/Topology.olean: OK
.lake/packages/mathlib/.lake/build/lib/lean/Mathlib/Algebra/Category/Ring/Under/Basic.olean: OK
.lake/packages/mathlib/.lake/build/lib/lean/Mathlib/Algebra/Category/Ring/Under/Limits.olean: OK
.lake/packages/mathlib/.lake/build/lib/lean/Mathlib/Algebra/Category/Ring/Under/Property.olean: OK
.lake/packages/mathlib/.lake/build/lib/lean/Mathlib/Algebra/Category/Semigrp/Basic.olean: OK
.lake/packages/mathlib/.lake/build/lib/lean/Mathlib/Algebra/Central/Basic.olean: OK
.lake/packages/mathlib/.lake/build/lib/lean/Mathlib/Algebra/Central/Defs.olean: OK
.lake/packages/mathlib/.lake/build/lib/lean/Mathlib/Algebra/Central/End.olean: OK
.lake/packages/mathlib/.lake/build/lib/lean/Mathlib/Algebra/Central/Matrix.olean: OK
.lake/packages/mathlib/.lake/build/lib/lean/Mathlib/Algebra/Central/TensorProduct.olean: OK
.lake/packages/mathlib/.lake/build/lib/lean/Mathlib/Algebra/CharP/Algebra.olean: OK
.lake/packages/mathlib/.lake/build/lib/lean/Mathlib/Algebra/CharP/Basic.olean: OK
.lake/packages/mathlib/.lake/build/lib/lean/Mathlib/Algebra/CharP/CharAndCard.olean: OK
.lake/packages/mathlib/.lake/build/lib/lean/Mathlib/Algebra/CharP/Defs.olean: OK
.lake/packages/mathlib/.lake/build/lib/lean/Mathlib/Algebra/CharP/Frobenius.olean: OK
.lake/packages/mathlib/.lake/build/lib/lean/Mathlib/Algebra/CharP/IntermediateField.olean: OK
.lake/packages/mathlib/.lake/build/lib/lean/Mathlib/Algebra/CharP/Invertible.olean: OK
.lake/packages/mathlib/.lake/build/lib/lean/Mathlib/Algebra/CharP/Lemmas.olean: OK
.lake/packages/mathlib/.lake/build/lib/lean/Mathlib/Algebra/CharP/LinearMaps.olean: OK
.lake/packages/mathlib/.lake/build/lib/lean/Mathlib/Algebra/CharP/LocalRing.olean: OK
.lake/packages/mathlib/.lake/build/lib/lean/Mathlib/Algebra/CharP/MixedCharZero.olean: OK
.lake/packages/mathlib/.lake/build/lib/lean/Mathlib/Algebra/CharP/Pi.olean: OK
.lake/packages/mathlib/.lake/build/lib/lean/Mathlib/Algebra/CharP/Quotient.olean: OK
.lake/packages/mathlib/.lake/build/lib/lean/Mathlib/Algebra/CharP/Reduced.olean: OK
.lake/packages/mathlib/.lake/build/lib/lean/Mathlib/Algebra/CharP/Subring.olean: OK
.lake/packages/mathlib/.lake/build/lib/lean/Mathlib/Algebra/CharP/Two.olean: OK
.lake/packages/mathlib/.lake/build/lib/lean/Mathlib/Algebra/CharZero/AddMonoidHom.olean: OK
.lake/packages/mathlib/.lake/build/lib/lean/Mathlib/Algebra/CharZero/Defs.olean: OK
.lake/packages/mathlib/.lake/build/lib/lean/Mathlib/Algebra/CharZero/Infinite.olean: OK
.lake/packages/mathlib/.lake/build/lib/lean/Mathlib/Algebra/CharZero/Quotient.olean: OK
.lake/packages/mathlib/.lake/build/lib/lean/Mathlib/Algebra/Colimit/DirectLimit.olean: OK
.lake/packages/mathlib/.lake/build/lib/lean/Mathlib/Algebra/Colimit/Finiteness.olean: OK
.lake/packages/mathlib/.lake/build/lib/lean/Mathlib/Algebra/Colimit/Module.olean: OK
.lake/packages/mathlib/.lake/build/lib/lean/Mathlib/Algebra/Colimit/Ring.olean: OK
.lake/packages/mathlib/.lake/build/lib/lean/Mathlib/Algebra/Colimit/TensorProduct.olean: OK
.lake/packages/mathlib/.lake/build/lib/lean/Mathlib/Algebra/ContinuedFractions/Basic.olean: OK
.lake/packages/mathlib/.lake/build/lib/lean/Mathlib/Algebra/ContinuedFractions/Computation/ApproximationCorollaries.olean: OK
.lake/packages/mathlib/.lake/build/lib/lean/Mathlib/Algebra/ContinuedFractions/Computation/Approximations.olean: OK
.lake/packages/mathlib/.lake/build/lib/lean/Mathlib/Algebra/ContinuedFractions/Computation/Basic.olean: OK
.lake/packages/mathlib/.lake/build/lib/lean/Mathlib/Algebra/ContinuedFractions/Computation/CorrectnessTerminating.olean: OK
.lake/packages/mathlib/.lake/build/lib/lean/Mathlib/Algebra/ContinuedFractions/Computation/TerminatesIffRat.olean: OK
.lake/packages/mathlib/.lake/build/lib/lean/Mathlib/Algebra/ContinuedFractions/Computation/Translations.olean: OK
.lake/packages/mathlib/.lake/build/lib/lean/Mathlib/Algebra/ContinuedFractions/ContinuantsRecurrence.olean: OK
.lake/packages/mathlib/.lake/build/lib/lean/Mathlib/Algebra/ContinuedFractions/ConvergentsEquiv.olean: OK
.lake/packages/mathlib/.lake/build/lib/lean/Mathlib/Algebra/ContinuedFractions/Determinant.olean: OK
.lake/packages/mathlib/.lake/build/lib/lean/Mathlib/Algebra/ContinuedFractions/TerminatedStable.olean: OK
.lake/packages/mathlib/.lake/build/lib/lean/Mathlib/Algebra/ContinuedFractions/Translations.olean: OK
.lake/packages/mathlib/.lake/build/lib/lean/Mathlib/Algebra/CubicDiscriminant.olean: OK
.lake/packages/mathlib/.lake/build/lib/lean/Mathlib/Algebra/DirectSum/AddChar.olean: OK
.lake/packages/mathlib/.lake/build/lib/lean/Mathlib/Algebra/DirectSum/Algebra.olean: OK
.lake/packages/mathlib/.lake/build/lib/lean/Mathlib/Algebra/DirectSum/Basic.olean: OK
.lake/packages/mathlib/.lake/build/lib/lean/Mathlib/Algebra/DirectSum/Decomposition.olean: OK
.lake/packages/mathlib/.lake/build/lib/lean/Mathlib/Algebra/DirectSum/Finsupp.olean: OK
.lake/packages/mathlib/.lake/build/lib/lean/Mathlib/Algebra/DirectSum/Idempotents.olean: OK
.lake/packages/mathlib/.lake/build/lib/lean/Mathlib/Algebra/DirectSum/Internal.olean: OK
.lake/packages/mathlib/.lake/build/lib/lean/Mathlib/Algebra/DirectSum/LinearMap.olean: OK
.lake/packages/mathlib/.lake/build/lib/lean/Mathlib/Algebra/DirectSum/Module.olean: OK
.lake/packages/mathlib/.lake/build/lib/lean/Mathlib/Algebra/DirectSum/Ring.olean: OK
.lake/packages/mathlib/.lake/build/lib/lean/Mathlib/Algebra/Divisibility/Basic.olean: OK
.lake/packages/mathlib/.lake/build/lib/lean/Mathlib/Algebra/Divisibility/Finite.olean: OK
.lake/packages/mathlib/.lake/build/lib/lean/Mathlib/Algebra/Divisibility/Hom.olean: OK
.lake/packages/mathlib/.lake/build/lib/lean/Mathlib/Algebra/Divisibility/Prod.olean: OK
.lake/packages/mathlib/.lake/build/lib/lean/Mathlib/Algebra/Divisibility/Units.olean: OK
.lake/packages/mathlib/.lake/build/lib/lean/Mathlib/Algebra/DualNumber.olean: OK
.lake/packages/mathlib/.lake/build/lib/lean/Mathlib/Algebra/DualQuaternion.olean: OK
.lake/packages/mathlib/.lake/build/lib/lean/Mathlib/Algebra/EuclideanDomain/Basic.olean: OK
.lake/packages/mathlib/.lake/build/lib/lean/Mathlib/Algebra/EuclideanDomain/Defs.olean: OK
.lake/packages/mathlib/.lake/build/lib/lean/Mathlib/Algebra/EuclideanDomain/Field.olean: OK
.lake/packages/mathlib/.lake/build/lib/lean/Mathlib/Algebra/EuclideanDomain/Int.olean: OK
.lake/packages/mathlib/.lake/build/lib/lean/Mathlib/Algebra/Exact.olean: OK
.lake/packages/mathlib/.lake/build/lib/lean/Mathlib/Algebra/Expr.olean: OK
.lake/packages/mathlib/.lake/build/lib/lean/Mathlib/Algebra/Field/Action/ConjAct.olean: OK
.lake/packages/mathlib/.lake/build/lib/lean/Mathlib/Algebra/Field/Basic.olean: OK
.lake/packages/mathlib/.lake/build/lib/lean/Mathlib/Algebra/Field/Defs.olean: OK
.lake/packages/mathlib/.lake/build/lib/lean/Mathlib/Algebra/Field/Equiv.olean: OK
.lake/packages/mathlib/.lake/build/lib/lean/Mathlib/Algebra/Field/GeomSum.olean: OK
.lake/packages/mathlib/.lake/build/lib/lean/Mathlib/Algebra/Field/IsField.olean: OK
.lake/packages/mathlib/.lake/build/lib/lean/Mathlib/Algebra/Field/MinimalAxioms.olean: OK
.lake/packages/mathlib/.lake/build/lib/lean/Mathlib/Algebra/Field/ModEq.olean: OK
.lake/packages/mathlib/.lake/build/lib/lean/Mathlib/Algebra/Field/NegOnePow.olean: OK
.lake/packages/mathlib/.lake/build/lib/lean/Mathlib/Algebra/Field/Opposite.olean: OK
.lake/packages/mathlib/.lake/build/lib/lean/Mathlib/Algebra/Field/Periodic.olean: OK
.lake/packages/mathlib/.lake/build/lib/lean/Mathlib/Algebra/Field/Power.olean: OK
.lake/packages/mathlib/.lake/build/lib/lean/Mathlib/Algebra/Field/Rat.olean: OK
.lake/packages/mathlib/.lake/build/lib/lean/Mathlib/Algebra/Field/Shrink.olean: OK
.lake/packages/mathlib/.lake/build/lib/lean/Mathlib/Algebra/Field/Subfield/Basic.olean: OK
.lake/packages/mathlib/.lake/build/lib/lean/Mathlib/Algebra/Field/Subfield/Defs.olean: OK
.lake/packages/mathlib/.lake/build/lib/lean/Mathlib/Algebra/Field/TransferInstance.olean: OK
.lake/packages/mathlib/.lake/build/lib/lean/Mathlib/Algebra/Field/ULift.olean: OK
.lake/packages/mathlib/.lake/build/lib/lean/Mathlib/Algebra/Field/ZMod.olean: OK
.lake/packages/mathlib/.lake/build/lib/lean/Mathlib/Algebra/FiniteSupport/Basic.olean: OK
.lake/packages/mathlib/.lake/build/lib/lean/Mathlib/Algebra/FiniteSupport/Defs.olean: OK
.lake/packages/mathlib/.lake/build/lib/lean/Mathlib/Algebra/FiveLemma.olean: OK
.lake/packages/mathlib/.lake/build/lib/lean/Mathlib/Algebra/Free.olean: OK
.lake/packages/mathlib/.lake/build/lib/lean/Mathlib/Algebra/FreeAbelianGroup/Finsupp.olean: OK
.lake/packages/mathlib/.lake/build/lib/lean/Mathlib/Algebra/FreeAbelianGroup/UniqueSums.olean: OK
.lake/packages/mathlib/.lake/build/lib/lean/Mathlib/Algebra/FreeAlgebra.olean: OK
.lake/packages/mathlib/.lake/build/lib/lean/Mathlib/Algebra/FreeAlgebra/Cardinality.olean: OK
.lake/packages/mathlib/.lake/build/lib/lean/Mathlib/Algebra/FreeMonoid/Basic.olean: OK
.lake/packages/mathlib/.lake/build/lib/lean/Mathlib/Algebra/FreeMonoid/Count.olean: OK
.lake/packages/mathlib/.lake/build/lib/lean/Mathlib/Algebra/FreeMonoid/FreeSemigroup.olean: OK
.lake/packages/mathlib/.lake/build/lib/lean/Mathlib/Algebra/FreeMonoid/Symbols.olean: OK
.lake/packages/mathlib/.lake/build/lib/lean/Mathlib/Algebra/FreeMonoid/UniqueProds.olean: OK
.lake/packages/mathlib/.lake/build/lib/lean/Mathlib/Algebra/FreeNonUnitalNonAssocAlgebra.olean: OK
.lake/packages/mathlib/.lake/build/lib/lean/Mathlib/Algebra/GCDMonoid/Basic.olean: OK
.lake/packages/mathlib/.lake/build/lib/lean/Mathlib/Algebra/GCDMonoid/Finset.olean: OK
.lake/packages/mathlib/.lake/build/lib/lean/Mathlib/Algebra/GCDMonoid/FinsetLemmas.olean: OK
.lake/packages/mathlib/.lake/build/lib/lean/Mathlib/Algebra/GCDMonoid/IntegrallyClosed.olean: OK
.lake/packages/mathlib/.lake/build/lib/lean/Mathlib/Algebra/GCDMonoid/Multiset.olean: OK
.lake/packages/mathlib/.lake/build/lib/lean/Mathlib/Algebra/GCDMonoid/Nat.olean: OK
.lake/packages/mathlib/.lake/build/lib/lean/Mathlib/Algebra/GCDMonoid/PUnit.olean: OK
.lake/packages/mathlib/.lake/build/lib/lean/Mathlib/Algebra/GradedMonoid.olean: OK
.lake/packages/mathlib/.lake/build/lib/lean/Mathlib/Algebra/GradedMulAction.olean: OK
.lake/packages/mathlib/.lake/build/lib/lean/Mathlib/Algebra/Group/Action/Basic.olean: OK
.lake/packages/mathlib/.lake/build/lib/lean/Mathlib/Algebra/Group/Action/Defs.olean: OK
.lake/packages/mathlib/.lake/build/lib/lean/Mathlib/Algebra/Group/Action/End.olean: OK
.lake/packages/mathlib/.lake/build/lib/lean/Mathlib/Algebra/Group/Action/Equidecomp.olean: OK
.lake/packages/mathlib/.lake/build/lib/lean/Mathlib/Algebra/Group/Action/Faithful.olean: OK
.lake/packages/mathlib/.lake/build/lib/lean/Mathlib/Algebra/Group/Action/Hom.olean: OK
.lake/packages/mathlib/.lake/build/lib/lean/Mathlib/Algebra/Group/Action/Opposite.olean: OK
.lake/packages/mathlib/.lake/build/lib/lean/Mathlib/Algebra/Group/Action/Option.olean: OK
.lake/packages/mathlib/.lake/build/lib/lean/Mathlib/Algebra/Group/Action/Pi.olean: OK
.lake/packages/mathlib/.lake/build/lib/lean/Mathlib/Algebra/Group/Action/Pointwise/Finset.olean: OK
.lake/packages/mathlib/.lake/build/lib/lean/Mathlib/Algebra/Group/Action/Pointwise/Set/Basic.olean: OK
.lake/packages/mathlib/.lake/build/lib/lean/Mathlib/Algebra/Group/Action/Pointwise/Set/Finite.olean: OK
.lake/packages/mathlib/.lake/build/lib/lean/Mathlib/Algebra/Group/Action/Pretransitive.olean: OK
.lake/packages/mathlib/.lake/build/lib/lean/Mathlib/Algebra/Group/Action/Prod.olean: OK
.lake/packages/mathlib/.lake/build/lib/lean/Mathlib/Algebra/Group/Action/Sigma.olean: OK
.lake/packages/mathlib/.lake/build/lib/lean/Mathlib/Algebra/Group/Action/Sum.olean: OK
.lake/packages/mathlib/.lake/build/lib/lean/Mathlib/Algebra/Group/Action/TransferInstance.olean: OK
.lake/packages/mathlib/.lake/build/lib/lean/Mathlib/Algebra/Group/Action/TypeTags.olean: OK
.lake/packages/mathlib/.lake/build/lib/lean/Mathlib/Algebra/Group/Action/Units.olean: OK
.lake/packages/mathlib/.lake/build/lib/lean/Mathlib/Algebra/Group/AddChar.olean: OK
.lake/packages/mathlib/.lake/build/lib/lean/Mathlib/Algebra/Group/Basic.olean: OK
.lake/packages/mathlib/.lake/build/lib/lean/Mathlib/Algebra/Group/Center.olean: OK
.lake/packages/mathlib/.lake/build/lib/lean/Mathlib/Algebra/Group/Commutator.olean: OK
.lake/packages/mathlib/.lake/build/lib/lean/Mathlib/Algebra/Group/Commute/Basic.olean: OK
.lake/packages/mathlib/.lake/build/lib/lean/Mathlib/Algebra/Group/Commute/Defs.olean: OK
.lake/packages/mathlib/.lake/build/lib/lean/Mathlib/Algebra/Group/Commute/Hom.olean: OK
.lake/packages/mathlib/.lake/build/lib/lean/Mathlib/Algebra/Group/Commute/Units.olean: OK
.lake/packages/mathlib/.lake/build/lib/lean/Mathlib/Algebra/Group/Conj.olean: OK
.lake/packages/mathlib/.lake/build/lib/lean/Mathlib/Algebra/Group/ConjFinite.olean: OK
.lake/packages/mathlib/.lake/build/lib/lean/Mathlib/Algebra/Group/Defs.olean: OK
.lake/packages/mathlib/.lake/build/lib/lean/Mathlib/Algebra/Group/Embedding.olean: OK
.lake/packages/mathlib/.lake/build/lib/lean/Mathlib/Algebra/Group/End.olean: OK
.lake/packages/mathlib/.lake/build/lib/lean/Mathlib/Algebra/Group/Equiv/Basic.olean: OK
.lake/packages/mathlib/.lake/build/lib/lean/Mathlib/Algebra/Group/Equiv/Defs.olean: OK
.lake/packages/mathlib/.lake/build/lib/lean/Mathlib/Algebra/Group/Equiv/Finite.olean: OK
.lake/packages/mathlib/.lake/build/lib/lean/Mathlib/Algebra/Group/Equiv/Opposite.olean: OK
.lake/packages/mathlib/.lake/build/lib/lean/Mathlib/Algebra/Group/Equiv/TypeTags.olean: OK
.lake/packages/mathlib/.lake/build/lib/lean/Mathlib/Algebra/Group/Even.olean: OK
.lake/packages/mathlib/.lake/build/lib/lean/Mathlib/Algebra/Group/EvenFunction.olean: OK
.lake/packages/mathlib/.lake/build/lib/lean/Mathlib/Algebra/Group/Ext.olean: OK
.lake/packages/mathlib/.lake/build/lib/lean/Mathlib/Algebra/Group/Fin/Basic.olean: OK
.lake/packages/mathlib/.lake/build/lib/lean/Mathlib/Algebra/Group/Fin/Tuple.olean: OK
.lake/packages/mathlib/.lake/build/lib/lean/Mathlib/Algebra/Group/Finsupp.olean: OK
.lake/packages/mathlib/.lake/build/lib/lean/Mathlib/Algebra/Group/ForwardDiff.olean: OK
.lake/packages/mathlib/.lake/build/lib/lean/Mathlib/Algebra/Group/Graph.olean: OK
.lake/packages/mathlib/.lake/build/lib/lean/Mathlib/Algebra/Group/Hom/Basic.olean: OK
.lake/packages/mathlib/.lake/build/lib/lean/Mathlib/Algebra/Group/Hom/CompTypeclasses.olean: OK
.lake/packages/mathlib/.lake/build/lib/lean/Mathlib/Algebra/Group/Hom/Defs.olean: OK
.lake/packages/mathlib/.lake/build/lib/lean/Mathlib/Algebra/Group/Hom/End.olean: OK
.lake/packages/mathlib/.lake/build/lib/lean/Mathlib/Algebra/Group/Hom/Instances.olean: OK
.lake/packages/mathlib/.lake/build/lib/lean/Mathlib/Algebra/Group/Ideal.olean: OK
.lake/packages/mathlib/.lake/build/lib/lean/Mathlib/Algebra/Group/Idempotent.olean: OK
.lake/packages/mathlib/.lake/build/lib/lean/Mathlib/Algebra/Group/Indicator.olean: OK
.lake/packages/mathlib/.lake/build/lib/lean/Mathlib/Algebra/Group/InjSurj.olean: OK
.lake/packages/mathlib/.lake/build/lib/lean/Mathlib/Algebra/Group/Int/Defs.olean: OK
.lake/packages/mathlib/.lake/build/lib/lean/Mathlib/Algebra/Group/Int/Even.olean: OK
.lake/packages/mathlib/.lake/build/lib/lean/Mathlib/Algebra/Group/Int/TypeTags.olean: OK
.lake/packages/mathlib/.lake/build/lib/lean/Mathlib/Algebra/Group/Int/Units.olean: OK
.lake/packages/mathlib/.lake/build/lib/lean/Mathlib/Algebra/Group/Invertible/Basic.olean: OK
.lake/packages/mathlib/.lake/build/lib/lean/Mathlib/Algebra/Group/Invertible/Defs.olean: OK
.lake/packages/mathlib/.lake/build/lib/lean/Mathlib/Algebra/Group/Irreducible/Defs.olean: OK
.lake/packages/mathlib/.lake/build/lib/lean/Mathlib/Algebra/Group/Irreducible/Indecomposable.olean: OK
.lake/packages/mathlib/.lake/build/lib/lean/Mathlib/Algebra/Group/Irreducible/Lemmas.olean: OK
.lake/packages/mathlib/.lake/build/lib/lean/Mathlib/Algebra/Group/MinimalAxioms.olean: OK
.lake/packages/mathlib/.lake/build/lib/lean/Mathlib/Algebra/Group/ModEq.olean: OK
.lake/packages/mathlib/.lake/build/lib/lean/Mathlib/Algebra/Group/Nat/Defs.olean: OK
.lake/packages/mathlib/.lake/build/lib/lean/Mathlib/Algebra/Group/Nat/Even.olean: OK
.lake/packages/mathlib/.lake/build/lib/lean/Mathlib/Algebra/Group/Nat/Hom.olean: OK
.lake/packages/mathlib/.lake/build/lib/lean/Mathlib/Algebra/Group/Nat/Range.olean: OK
.lake/packages/mathlib/.lake/build/lib/lean/Mathlib/Algebra/Group/Nat/TypeTags.olean: OK
.lake/packages/mathlib/.lake/build/lib/lean/Mathlib/Algebra/Group/Nat/Units.olean: OK
.lake/packages/mathlib/.lake/build/lib/lean/Mathlib/Algebra/Group/NatPowAssoc.olean: OK
.lake/packages/mathlib/.lake/build/lib/lean/Mathlib/Algebra/Group/Opposite.olean: OK
.lake/packages/mathlib/.lake/build/lib/lean/Mathlib/Algebra/Group/PNatPowAssoc.olean: OK
.lake/packages/mathlib/.lake/build/lib/lean/Mathlib/Algebra/Group/PUnit.olean: OK
.lake/packages/mathlib/.lake/build/lib/lean/Mathlib/Algebra/Group/Pi/Basic.olean: OK
.lake/packages/mathlib/.lake/build/lib/lean/Mathlib/Algebra/Group/Pi/Lemmas.olean: OK
.lake/packages/mathlib/.lake/build/lib/lean/Mathlib/Algebra/Group/Pi/Units.olean: OK
.lake/packages/mathlib/.lake/build/lib/lean/Mathlib/Algebra/Group/Pointwise/Finset/Basic.olean: OK
.lake/packages/mathlib/.lake/build/lib/lean/Mathlib/Algebra/Group/Pointwise/Finset/BigOperators.olean: OK
.lake/packages/mathlib/.lake/build/lib/lean/Mathlib/Algebra/Group/Pointwise/Finset/Density.olean: OK
.lake/packages/mathlib/.lake/build/lib/lean/Mathlib/Algebra/Group/Pointwise/Finset/Interval.olean: OK
.lake/packages/mathlib/.lake/build/lib/lean/Mathlib/Algebra/Group/Pointwise/Finset/Scalar.olean: OK
.lake/packages/mathlib/.lake/build/lib/lean/Mathlib/Algebra/Group/Pointwise/Set/Basic.olean: OK
.lake/packages/mathlib/.lake/build/lib/lean/Mathlib/Algebra/Group/Pointwise/Set/BigOperators.olean: OK
.lake/packages/mathlib/.lake/build/lib/lean/Mathlib/Algebra/Group/Pointwise/Set/Card.olean: OK
.lake/packages/mathlib/.lake/build/lib/lean/Mathlib/Algebra/Group/Pointwise/Set/Finite.olean: OK
.lake/packages/mathlib/.lake/build/lib/lean/Mathlib/Algebra/Group/Pointwise/Set/Lattice.olean: OK
.lake/packages/mathlib/.lake/build/lib/lean/Mathlib/Algebra/Group/Pointwise/Set/ListOfFn.olean: OK
.lake/packages/mathlib/.lake/build/lib/lean/Mathlib/Algebra/Group/Pointwise/Set/Scalar.olean: OK
.lake/packages/mathlib/.lake/build/lib/lean/Mathlib/Algebra/Group/Pointwise/Set/Small.olean: OK
.lake/packages/mathlib/.lake/build/lib/lean/Mathlib/Algebra/Group/Prod.olean: OK
.lake/packages/mathlib/.lake/build/lib/lean/Mathlib/Algebra/Group/Semiconj/Basic.olean: OK
.lake/packages/mathlib/.lake/build/lib/lean/Mathlib/Algebra/Group/Semiconj/Defs.olean: OK
.lake/packages/mathlib/.lake/build/lib/lean/Mathlib/Algebra/Group/Semiconj/Units.olean: OK
.lake/packages/mathlib/.lake/build/lib/lean/Mathlib/Algebra/Group/Shrink.olean: OK
.lake/packages/mathlib/.lake/build/lib/lean/Mathlib/Algebra/Group/Subgroup/Actions.olean: OK
.lake/packages/mathlib/.lake/build/lib/lean/Mathlib/Algebra/Group/Subgroup/Basic.olean: OK
.lake/packages/mathlib/.lake/build/lib/lean/Mathlib/Algebra/Group/Subgroup/Defs.olean: OK
.lake/packages/mathlib/.lake/build/lib/lean/Mathlib/Algebra/Group/Subgroup/Even.olean: OK
.lake/packages/mathlib/.lake/build/lib/lean/Mathlib/Algebra/Group/Subgroup/Finite.olean: OK
.lake/packages/mathlib/.lake/build/lib/lean/Mathlib/Algebra/Group/Subgroup/Finsupp.olean: OK
.lake/packages/mathlib/.lake/build/lib/lean/Mathlib/Algebra/Group/Subgroup/Ker.olean: OK
.lake/packages/mathlib/.lake/build/lib/lean/Mathlib/Algebra/Group/Subgroup/Lattice.olean: OK
.lake/packages/mathlib/.lake/build/lib/lean/Mathlib/Algebra/Group/Subgroup/Map.olean: OK
.lake/packages/mathlib/.lake/build/lib/lean/Mathlib/Algebra/Group/Subgroup/MulOpposite.olean: OK
.lake/packages/mathlib/.lake/build/lib/lean/Mathlib/Algebra/Group/Subgroup/MulOppositeLemmas.olean: OK
.lake/packages/mathlib/.lake/build/lib/lean/Mathlib/Algebra/Group/Subgroup/Order.olean: OK
.lake/packages/mathlib/.lake/build/lib/lean/Mathlib/Algebra/Group/Subgroup/Pointwise.olean: OK
.lake/packages/mathlib/.lake/build/lib/lean/Mathlib/Algebra/Group/Subgroup/ZPowers/Basic.olean: OK
.lake/packages/mathlib/.lake/build/lib/lean/Mathlib/Algebra/Group/Subgroup/ZPowers/Lemmas.olean: OK
.lake/packages/mathlib/.lake/build/lib/lean/Mathlib/Algebra/Group/Submonoid/Basic.olean: OK
.lake/packages/mathlib/.lake/build/lib/lean/Mathlib/Algebra/Group/Submonoid/BigOperators.olean: OK
.lake/packages/mathlib/.lake/build/lib/lean/Mathlib/Algebra/Group/Submonoid/Defs.olean: OK
.lake/packages/mathlib/.lake/build/lib/lean/Mathlib/Algebra/Group/Submonoid/DistribMulAction.olean: OK
.lake/packages/mathlib/.lake/build/lib/lean/Mathlib/Algebra/Group/Submonoid/Finite.olean: OK
.lake/packages/mathlib/.lake/build/lib/lean/Mathlib/Algebra/Group/Submonoid/Finsupp.olean: OK
.lake/packages/mathlib/.lake/build/lib/lean/Mathlib/Algebra/Group/Submonoid/Membership.olean: OK
.lake/packages/mathlib/.lake/build/lib/lean/Mathlib/Algebra/Group/Submonoid/MulAction.olean: OK
.lake/packages/mathlib/.lake/build/lib/lean/Mathlib/Algebra/Group/Submonoid/MulOpposite.olean: OK
.lake/packages/mathlib/.lake/build/lib/lean/Mathlib/Algebra/Group/Submonoid/Operations.olean: OK
.lake/packages/mathlib/.lake/build/lib/lean/Mathlib/Algebra/Group/Submonoid/Pointwise.olean: OK
.lake/packages/mathlib/.lake/build/lib/lean/Mathlib/Algebra/Group/Submonoid/Saturation.olean: OK
.lake/packages/mathlib/.lake/build/lib/lean/Mathlib/Algebra/Group/Submonoid/Support.olean: OK
.lake/packages/mathlib/.lake/build/lib/lean/Mathlib/Algebra/Group/Submonoid/Units.olean: OK
.lake/packages/mathlib/.lake/build/lib/lean/Mathlib/Algebra/Group/Subsemigroup/Basic.olean: OK
.lake/packages/mathlib/.lake/build/lib/lean/Mathlib/Algebra/Group/Subsemigroup/Defs.olean: OK
.lake/packages/mathlib/.lake/build/lib/lean/Mathlib/Algebra/Group/Subsemigroup/Membership.olean: OK
.lake/packages/mathlib/.lake/build/lib/lean/Mathlib/Algebra/Group/Subsemigroup/MulOpposite.olean: OK
.lake/packages/mathlib/.lake/build/lib/lean/Mathlib/Algebra/Group/Subsemigroup/Operations.olean: OK
.lake/packages/mathlib/.lake/build/lib/lean/Mathlib/Algebra/Group/Support.olean: OK
.lake/packages/mathlib/.lake/build/lib/lean/Mathlib/Algebra/Group/Torsion.olean: OK
.lake/packages/mathlib/.lake/build/lib/lean/Mathlib/Algebra/Group/TransferInstance.olean: OK
.lake/packages/mathlib/.lake/build/lib/lean/Mathlib/Algebra/Group/Translate.olean: OK
.lake/packages/mathlib/.lake/build/lib/lean/Mathlib/Algebra/Group/TypeTags/Basic.olean: OK
.lake/packages/mathlib/.lake/build/lib/lean/Mathlib/Algebra/Group/TypeTags/Finite.olean: OK
.lake/packages/mathlib/.lake/build/lib/lean/Mathlib/Algebra/Group/TypeTags/Hom.olean: OK
.lake/packages/mathlib/.lake/build/lib/lean/Mathlib/Algebra/Group/TypeTags/Pointwise.olean: OK
.lake/packages/mathlib/.lake/build/lib/lean/Mathlib/Algebra/Group/ULift.olean: OK
.lake/packages/mathlib/.lake/build/lib/lean/Mathlib/Algebra/Group/UniqueProds/Basic.olean: OK
.lake/packages/mathlib/.lake/build/lib/lean/Mathlib/Algebra/Group/UniqueProds/VectorSpace.olean: OK
.lake/packages/mathlib/.lake/build/lib/lean/Mathlib/Algebra/Group/Units/Basic.olean: OK
.lake/packages/mathlib/.lake/build/lib/lean/Mathlib/Algebra/Group/Units/Defs.olean: OK
.lake/packages/mathlib/.lake/build/lib/lean/Mathlib/Algebra/Group/Units/Equiv.olean: OK
.lake/packages/mathlib/.lake/build/lib/lean/Mathlib/Algebra/Group/Units/Hom.olean: OK
.lake/packages/mathlib/.lake/build/lib/lean/Mathlib/Algebra/Group/Units/Opposite.olean: OK
.lake/packages/mathlib/.lake/build/lib/lean/Mathlib/Algebra/Group/WithOne/Basic.olean: OK
.lake/packages/mathlib/.lake/build/lib/lean/Mathlib/Algebra/Group/WithOne/Defs.olean: OK
.lake/packages/mathlib/.lake/build/lib/lean/Mathlib/Algebra/Group/WithOne/Map.olean: OK
.lake/packages/mathlib/.lake/build/lib/lean/Mathlib/Algebra/GroupWithZero/Action/Basic.olean: OK
.lake/packages/mathlib/.lake/build/lib/lean/Mathlib/Algebra/GroupWithZero/Action/Center.olean: OK
.lake/packages/mathlib/.lake/build/lib/lean/Mathlib/Algebra/GroupWithZero/Action/ConjAct.olean: OK
.lake/packages/mathlib/.lake/build/lib/lean/Mathlib/Algebra/GroupWithZero/Action/Defs.olean: OK
.lake/packages/mathlib/.lake/build/lib/lean/Mathlib/Algebra/GroupWithZero/Action/End.olean: OK
.lake/packages/mathlib/.lake/build/lib/lean/Mathlib/Algebra/GroupWithZero/Action/Faithful.olean: OK
.lake/packages/mathlib/.lake/build/lib/lean/Mathlib/Algebra/GroupWithZero/Action/Hom.olean: OK
.lake/packages/mathlib/.lake/build/lib/lean/Mathlib/Algebra/GroupWithZero/Action/Opposite.olean: OK
.lake/packages/mathlib/.lake/build/lib/lean/Mathlib/Algebra/GroupWithZero/Action/Pi.olean: OK
.lake/packages/mathlib/.lake/build/lib/lean/Mathlib/Algebra/GroupWithZero/Action/Pointwise/Finset.olean: OK
.lake/packages/mathlib/.lake/build/lib/lean/Mathlib/Algebra/GroupWithZero/Action/Pointwise/Set.olean: OK
.lake/packages/mathlib/.lake/build/lib/lean/Mathlib/Algebra/GroupWithZero/Action/Prod.olean: OK
.lake/packages/mathlib/.lake/build/lib/lean/Mathlib/Algebra/GroupWithZero/Action/TransferInstance.olean: OK
.lake/packages/mathlib/.lake/build/lib/lean/Mathlib/Algebra/GroupWithZero/Action/Units.olean: OK
.lake/packages/mathlib/.lake/build/lib/lean/Mathlib/Algebra/GroupWithZero/Associated.olean: OK
.lake/packages/mathlib/.lake/build/lib/lean/Mathlib/Algebra/GroupWithZero/Basic.olean: OK
.lake/packages/mathlib/.lake/build/lib/lean/Mathlib/Algebra/GroupWithZero/Center.olean: OK
.lake/packages/mathlib/.lake/build/lib/lean/Mathlib/Algebra/GroupWithZero/Commute.olean: OK
.lake/packages/mathlib/.lake/build/lib/lean/Mathlib/Algebra/GroupWithZero/Conj.olean: OK
.lake/packages/mathlib/.lake/build/lib/lean/Mathlib/Algebra/GroupWithZero/Defs.olean: OK
.lake/packages/mathlib/.lake/build/lib/lean/Mathlib/Algebra/GroupWithZero/Divisibility.olean: OK
.lake/packages/mathlib/.lake/build/lib/lean/Mathlib/Algebra/GroupWithZero/Equiv.olean: OK
.lake/packages/mathlib/.lake/build/lib/lean/Mathlib/Algebra/GroupWithZero/Hom.olean: OK
.lake/packages/mathlib/.lake/build/lib/lean/Mathlib/Algebra/GroupWithZero/Idempotent.olean: OK
.lake/packages/mathlib/.lake/build/lib/lean/Mathlib/Algebra/GroupWithZero/Indicator.olean: OK
.lake/packages/mathlib/.lake/build/lib/lean/Mathlib/Algebra/GroupWithZero/InjSurj.olean: OK
.lake/packages/mathlib/.lake/build/lib/lean/Mathlib/Algebra/GroupWithZero/Int.olean: OK
.lake/packages/mathlib/.lake/build/lib/lean/Mathlib/Algebra/GroupWithZero/Invertible.olean: OK
.lake/packages/mathlib/.lake/build/lib/lean/Mathlib/Algebra/GroupWithZero/Nat.olean: OK
.lake/packages/mathlib/.lake/build/lib/lean/Mathlib/Algebra/GroupWithZero/NeZero.olean: OK
.lake/packages/mathlib/.lake/build/lib/lean/Mathlib/Algebra/GroupWithZero/NonZeroDivisors.olean: OK
.lake/packages/mathlib/.lake/build/lib/lean/Mathlib/Algebra/GroupWithZero/Opposite.olean: OK
.lake/packages/mathlib/.lake/build/lib/lean/Mathlib/Algebra/GroupWithZero/Pi.olean: OK
.lake/packages/mathlib/.lake/build/lib/lean/Mathlib/Algebra/GroupWithZero/Pointwise/Finset.olean: OK
.lake/packages/mathlib/.lake/build/lib/lean/Mathlib/Algebra/GroupWithZero/Pointwise/Set/Basic.olean: OK
.lake/packages/mathlib/.lake/build/lib/lean/Mathlib/Algebra/GroupWithZero/Pointwise/Set/Card.olean: OK
.lake/packages/mathlib/.lake/build/lib/lean/Mathlib/Algebra/GroupWithZero/Prod.olean: OK
.lake/packages/mathlib/.lake/build/lib/lean/Mathlib/Algebra/GroupWithZero/ProdHom.olean: OK
.lake/packages/mathlib/.lake/build/lib/lean/Mathlib/Algebra/GroupWithZero/Range.olean: OK
.lake/packages/mathlib/.lake/build/lib/lean/Mathlib/Algebra/GroupWithZero/Regular.olean: OK
.lake/packages/mathlib/.lake/build/lib/lean/Mathlib/Algebra/GroupWithZero/Semiconj.olean: OK
.lake/packages/mathlib/.lake/build/lib/lean/Mathlib/Algebra/GroupWithZero/Shrink.olean: OK
.lake/packages/mathlib/.lake/build/lib/lean/Mathlib/Algebra/GroupWithZero/Subgroup.olean: OK
.lake/packages/mathlib/.lake/build/lib/lean/Mathlib/Algebra/GroupWithZero/Submonoid/CancelMulZero.olean: OK
.lake/packages/mathlib/.lake/build/lib/lean/Mathlib/Algebra/GroupWithZero/Submonoid/Instances.olean: OK
.lake/packages/mathlib/.lake/build/lib/lean/Mathlib/Algebra/GroupWithZero/Submonoid/Pointwise.olean: OK
.lake/packages/mathlib/.lake/build/lib/lean/Mathlib/Algebra/GroupWithZero/Submonoid/Primal.olean: OK
.lake/packages/mathlib/.lake/build/lib/lean/Mathlib/Algebra/GroupWithZero/Torsion.olean: OK
.lake/packages/mathlib/.lake/build/lib/lean/Mathlib/Algebra/GroupWithZero/TransferInstance.olean: OK
.lake/packages/mathlib/.lake/build/lib/lean/Mathlib/Algebra/GroupWithZero/ULift.olean: OK
.lake/packages/mathlib/.lake/build/lib/lean/Mathlib/Algebra/GroupWithZero/Units/Basic.olean: OK
.lake/packages/mathlib/.lake/build/lib/lean/Mathlib/Algebra/GroupWithZero/Units/Equiv.olean: OK
.lake/packages/mathlib/.lake/build/lib/lean/Mathlib/Algebra/GroupWithZero/Units/Lemmas.olean: OK
.lake/packages/mathlib/.lake/build/lib/lean/Mathlib/Algebra/GroupWithZero/WithZero.olean: OK
.lake/packages/mathlib/.lake/build/lib/lean/Mathlib/Algebra/HierarchyDesign.olean: OK
.lake/packages/mathlib/.lake/build/lib/lean/Mathlib/Algebra/Homology/Additive.olean: OK
.lake/packages/mathlib/.lake/build/lib/lean/Mathlib/Algebra/Homology/AlternatingConst.olean: OK
.lake/packages/mathlib/.lake/build/lib/lean/Mathlib/Algebra/Homology/Augment.olean: OK
.lake/packages/mathlib/.lake/build/lib/lean/Mathlib/Algebra/Homology/Bifunctor.olean: OK
.lake/packages/mathlib/.lake/build/lib/lean/Mathlib/Algebra/Homology/BifunctorAssociator.olean: OK
.lake/packages/mathlib/.lake/build/lib/lean/Mathlib/Algebra/Homology/BifunctorFlip.olean: OK
.lake/packages/mathlib/.lake/build/lib/lean/Mathlib/Algebra/Homology/BifunctorHomotopy.olean: OK
.lake/packages/mathlib/.lake/build/lib/lean/Mathlib/Algebra/Homology/BifunctorShift.olean: OK
.lake/packages/mathlib/.lake/build/lib/lean/Mathlib/Algebra/Homology/CochainComplexOpposite.olean: OK
.lake/packages/mathlib/.lake/build/lib/lean/Mathlib/Algebra/Homology/CochainComplexPlus.olean: OK
.lake/packages/mathlib/.lake/build/lib/lean/Mathlib/Algebra/Homology/CommSq.olean: OK
.lake/packages/mathlib/.lake/build/lib/lean/Mathlib/Algebra/Homology/ComplexShape.olean: OK
.lake/packages/mathlib/.lake/build/lib/lean/Mathlib/Algebra/Homology/ComplexShapeSigns.olean: OK
.lake/packages/mathlib/.lake/build/lib/lean/Mathlib/Algebra/Homology/ConcreteCategory.olean: OK
.lake/packages/mathlib/.lake/build/lib/lean/Mathlib/Algebra/Homology/DerivedCategory/Basic.olean: OK
.lake/packages/mathlib/.lake/build/lib/lean/Mathlib/Algebra/Homology/DerivedCategory/ExactFunctor.olean: OK
.lake/packages/mathlib/.lake/build/lib/lean/Mathlib/Algebra/Homology/DerivedCategory/Ext/Basic.olean: OK
.lake/packages/mathlib/.lake/build/lib/lean/Mathlib/Algebra/Homology/DerivedCategory/Ext/EnoughInjectives.olean: OK
.lake/packages/mathlib/.lake/build/lib/lean/Mathlib/Algebra/Homology/DerivedCategory/Ext/EnoughProjectives.olean: OK
.lake/packages/mathlib/.lake/build/lib/lean/Mathlib/Algebra/Homology/DerivedCategory/Ext/ExactSequences.olean: OK
.lake/packages/mathlib/.lake/build/lib/lean/Mathlib/Algebra/Homology/DerivedCategory/Ext/ExtClass.olean: OK
.lake/packages/mathlib/.lake/build/lib/lean/Mathlib/Algebra/Homology/DerivedCategory/Ext/Linear.olean: OK
.lake/packages/mathlib/.lake/build/lib/lean/Mathlib/Algebra/Homology/DerivedCategory/Ext/Map.olean: OK
.lake/packages/mathlib/.lake/build/lib/lean/Mathlib/Algebra/Homology/DerivedCategory/Ext/MapBijective.olean: OK
.lake/packages/mathlib/.lake/build/lib/lean/Mathlib/Algebra/Homology/DerivedCategory/Ext/TStructure.olean: OK
.lake/packages/mathlib/.lake/build/lib/lean/Mathlib/Algebra/Homology/DerivedCategory/Fractions.olean: OK
.lake/packages/mathlib/.lake/build/lib/lean/Mathlib/Algebra/Homology/DerivedCategory/FullyFaithful.olean: OK
.lake/packages/mathlib/.lake/build/lib/lean/Mathlib/Algebra/Homology/DerivedCategory/HomologySequence.olean: OK
.lake/packages/mathlib/.lake/build/lib/lean/Mathlib/Algebra/Homology/DerivedCategory/KInjective.olean: OK
.lake/packages/mathlib/.lake/build/lib/lean/Mathlib/Algebra/Homology/DerivedCategory/KProjective.olean: OK
.lake/packages/mathlib/.lake/build/lib/lean/Mathlib/Algebra/Homology/DerivedCategory/Linear.olean: OK
.lake/packages/mathlib/.lake/build/lib/lean/Mathlib/Algebra/Homology/DerivedCategory/ShortExact.olean: OK
.lake/packages/mathlib/.lake/build/lib/lean/Mathlib/Algebra/Homology/DerivedCategory/SingleTriangle.olean: OK
.lake/packages/mathlib/.lake/build/lib/lean/Mathlib/Algebra/Homology/DerivedCategory/SmallShiftedHom.olean: OK
.lake/packages/mathlib/.lake/build/lib/lean/Mathlib/Algebra/Homology/DerivedCategory/TStructure.olean: OK
.lake/packages/mathlib/.lake/build/lib/lean/Mathlib/Algebra/Homology/DifferentialObject.olean: OK
.lake/packages/mathlib/.lake/build/lib/lean/Mathlib/Algebra/Homology/Double.olean: OK
.lake/packages/mathlib/.lake/build/lib/lean/Mathlib/Algebra/Homology/Embedding/AreComplementary.olean: OK
.lake/packages/mathlib/.lake/build/lib/lean/Mathlib/Algebra/Homology/Embedding/Basic.olean: OK
.lake/packages/mathlib/.lake/build/lib/lean/Mathlib/Algebra/Homology/Embedding/Boundary.olean: OK
.lake/packages/mathlib/.lake/build/lib/lean/Mathlib/Algebra/Homology/Embedding/CochainComplex.olean: OK
.lake/packages/mathlib/.lake/build/lib/lean/Mathlib/Algebra/Homology/Embedding/Connect.olean: OK
.lake/packages/mathlib/.lake/build/lib/lean/Mathlib/Algebra/Homology/Embedding/Extend.olean: OK
.lake/packages/mathlib/.lake/build/lib/lean/Mathlib/Algebra/Homology/Embedding/ExtendHomology.olean: OK
.lake/packages/mathlib/.lake/build/lib/lean/Mathlib/Algebra/Homology/Embedding/ExtendHomotopy.olean: OK
.lake/packages/mathlib/.lake/build/lib/lean/Mathlib/Algebra/Homology/Embedding/HomEquiv.olean: OK
.lake/packages/mathlib/.lake/build/lib/lean/Mathlib/Algebra/Homology/Embedding/IsSupported.olean: OK
.lake/packages/mathlib/.lake/build/lib/lean/Mathlib/Algebra/Homology/Embedding/Restriction.olean: OK
.lake/packages/mathlib/.lake/build/lib/lean/Mathlib/Algebra/Homology/Embedding/RestrictionHomology.olean: OK
.lake/packages/mathlib/.lake/build/lib/lean/Mathlib/Algebra/Homology/Embedding/StupidTrunc.olean: OK
.lake/packages/mathlib/.lake/build/lib/lean/Mathlib/Algebra/Homology/Embedding/TruncGE.olean: OK
.lake/packages/mathlib/.lake/build/lib/lean/Mathlib/Algebra/Homology/Embedding/TruncGEHomology.olean: OK
.lake/packages/mathlib/.lake/build/lib/lean/Mathlib/Algebra/Homology/Embedding/TruncLE.olean: OK
.lake/packages/mathlib/.lake/build/lib/lean/Mathlib/Algebra/Homology/Embedding/TruncLEHomology.olean: OK
.lake/packages/mathlib/.lake/build/lib/lean/Mathlib/Algebra/Homology/EulerCharacteristic.olean: OK
.lake/packages/mathlib/.lake/build/lib/lean/Mathlib/Algebra/Homology/ExactSequence.olean: OK
.lake/packages/mathlib/.lake/build/lib/lean/Mathlib/Algebra/Homology/ExactSequenceFour.olean: OK
.lake/packages/mathlib/.lake/build/lib/lean/Mathlib/Algebra/Homology/Factorizations/Basic.olean: OK
.lake/packages/mathlib/.lake/build/lib/lean/Mathlib/Algebra/Homology/Factorizations/CM5a.olean: OK
.lake/packages/mathlib/.lake/build/lib/lean/Mathlib/Algebra/Homology/Factorizations/CM5b.olean: OK
.lake/packages/mathlib/.lake/build/lib/lean/Mathlib/Algebra/Homology/Functor.olean: OK
.lake/packages/mathlib/.lake/build/lib/lean/Mathlib/Algebra/Homology/GrothendieckAbelian.olean: OK
.lake/packages/mathlib/.lake/build/lib/lean/Mathlib/Algebra/Homology/HasNoLoop.olean: OK
.lake/packages/mathlib/.lake/build/lib/lean/Mathlib/Algebra/Homology/HomologicalBicomplex.olean: OK
.lake/packages/mathlib/.lake/build/lib/lean/Mathlib/Algebra/Homology/HomologicalComplex.olean: OK
.lake/packages/mathlib/.lake/build/lib/lean/Mathlib/Algebra/Homology/HomologicalComplexAbelian.olean: OK
.lake/packages/mathlib/.lake/build/lib/lean/Mathlib/Algebra/Homology/HomologicalComplexBiprod.olean: OK
.lake/packages/mathlib/.lake/build/lib/lean/Mathlib/Algebra/Homology/HomologicalComplexLimits.olean: OK
.lake/packages/mathlib/.lake/build/lib/lean/Mathlib/Algebra/Homology/HomologicalComplexLimitsEventuallyConstant.olean: OK
.lake/packages/mathlib/.lake/build/lib/lean/Mathlib/Algebra/Homology/HomologySequence.olean: OK
.lake/packages/mathlib/.lake/build/lib/lean/Mathlib/Algebra/Homology/HomologySequenceLemmas.olean: OK
.lake/packages/mathlib/.lake/build/lib/lean/Mathlib/Algebra/Homology/Homotopy.olean: OK
.lake/packages/mathlib/.lake/build/lib/lean/Mathlib/Algebra/Homology/HomotopyCategory.olean: OK
.lake/packages/mathlib/.lake/build/lib/lean/Mathlib/Algebra/Homology/HomotopyCategory/Acyclic.olean: OK
.lake/packages/mathlib/.lake/build/lib/lean/Mathlib/Algebra/Homology/HomotopyCategory/DegreewiseSplit.olean: OK
.lake/packages/mathlib/.lake/build/lib/lean/Mathlib/Algebra/Homology/HomotopyCategory/HomComplex.olean: OK
.lake/packages/mathlib/.lake/build/lib/lean/Mathlib/Algebra/Homology/HomotopyCategory/HomComplexCohomology.olean: OK
.lake/packages/mathlib/.lake/build/lib/lean/Mathlib/Algebra/Homology/HomotopyCategory/HomComplexInduction.olean: OK
.lake/packages/mathlib/.lake/build/lib/lean/Mathlib/Algebra/Homology/HomotopyCategory/HomComplexShift.olean: OK
.lake/packages/mathlib/.lake/build/lib/lean/Mathlib/Algebra/Homology/HomotopyCategory/HomComplexSingle.olean: OK
.lake/packages/mathlib/.lake/build/lib/lean/Mathlib/Algebra/Homology/HomotopyCategory/HomologicalFunctor.olean: OK
.lake/packages/mathlib/.lake/build/lib/lean/Mathlib/Algebra/Homology/HomotopyCategory/KInjective.olean: OK
.lake/packages/mathlib/.lake/build/lib/lean/Mathlib/Algebra/Homology/HomotopyCategory/KProjective.olean: OK
.lake/packages/mathlib/.lake/build/lib/lean/Mathlib/Algebra/Homology/HomotopyCategory/MappingCocone.olean: OK
.lake/packages/mathlib/.lake/build/lib/lean/Mathlib/Algebra/Homology/HomotopyCategory/MappingCone.olean: OK
.lake/packages/mathlib/.lake/build/lib/lean/Mathlib/Algebra/Homology/HomotopyCategory/Plus.olean: OK
.lake/packages/mathlib/.lake/build/lib/lean/Mathlib/Algebra/Homology/HomotopyCategory/Pretriangulated.olean: OK
.lake/packages/mathlib/.lake/build/lib/lean/Mathlib/Algebra/Homology/HomotopyCategory/Shift.olean: OK
.lake/packages/mathlib/.lake/build/lib/lean/Mathlib/Algebra/Homology/HomotopyCategory/ShiftSequence.olean: OK
.lake/packages/mathlib/.lake/build/lib/lean/Mathlib/Algebra/Homology/HomotopyCategory/ShortExact.olean: OK
.lake/packages/mathlib/.lake/build/lib/lean/Mathlib/Algebra/Homology/HomotopyCategory/SingleFunctors.olean: OK
.lake/packages/mathlib/.lake/build/lib/lean/Mathlib/Algebra/Homology/HomotopyCategory/SpectralObject.olean: OK
.lake/packages/mathlib/.lake/build/lib/lean/Mathlib/Algebra/Homology/HomotopyCategory/Triangulated.olean: OK
.lake/packages/mathlib/.lake/build/lib/lean/Mathlib/Algebra/Homology/HomotopyCofiber.olean: OK
.lake/packages/mathlib/.lake/build/lib/lean/Mathlib/Algebra/Homology/HomotopyFiber.olean: OK
.lake/packages/mathlib/.lake/build/lib/lean/Mathlib/Algebra/Homology/ImageToKernel.olean: OK
.lake/packages/mathlib/.lake/build/lib/lean/Mathlib/Algebra/Homology/LeftResolution/Basic.olean: OK
.lake/packages/mathlib/.lake/build/lib/lean/Mathlib/Algebra/Homology/LeftResolution/Reduced.olean: OK
.lake/packages/mathlib/.lake/build/lib/lean/Mathlib/Algebra/Homology/LeftResolution/Transport.olean: OK
.lake/packages/mathlib/.lake/build/lib/lean/Mathlib/Algebra/Homology/Linear.olean: OK
.lake/packages/mathlib/.lake/build/lib/lean/Mathlib/Algebra/Homology/LocalCohomology.olean: OK
.lake/packages/mathlib/.lake/build/lib/lean/Mathlib/Algebra/Homology/Localization.olean: OK
.lake/packages/mathlib/.lake/build/lib/lean/Mathlib/Algebra/Homology/ModelCategory/Injective.olean: OK
.lake/packages/mathlib/.lake/build/lib/lean/Mathlib/Algebra/Homology/ModelCategory/Lifting.olean: OK
.lake/packages/mathlib/.lake/build/lib/lean/Mathlib/Algebra/Homology/Monoidal.olean: OK
.lake/packages/mathlib/.lake/build/lib/lean/Mathlib/Algebra/Homology/Opposite.olean: OK
.lake/packages/mathlib/.lake/build/lib/lean/Mathlib/Algebra/Homology/Precylinder.olean: OK
.lake/packages/mathlib/.lake/build/lib/lean/Mathlib/Algebra/Homology/QuasiIso.olean: OK
.lake/packages/mathlib/.lake/build/lib/lean/Mathlib/Algebra/Homology/Refinements.olean: OK
.lake/packages/mathlib/.lake/build/lib/lean/Mathlib/Algebra/Homology/ShortComplex/Ab.olean: OK
.lake/packages/mathlib/.lake/build/lib/lean/Mathlib/Algebra/Homology/ShortComplex/Abelian.olean: OK
.lake/packages/mathlib/.lake/build/lib/lean/Mathlib/Algebra/Homology/ShortComplex/Basic.olean: OK
.lake/packages/mathlib/.lake/build/lib/lean/Mathlib/Algebra/Homology/ShortComplex/ConcreteCategory.olean: OK
.lake/packages/mathlib/.lake/build/lib/lean/Mathlib/Algebra/Homology/ShortComplex/Exact.olean: OK
.lake/packages/mathlib/.lake/build/lib/lean/Mathlib/Algebra/Homology/ShortComplex/ExactFunctor.olean: OK
.lake/packages/mathlib/.lake/build/lib/lean/Mathlib/Algebra/Homology/ShortComplex/FunctorEquivalence.olean: OK
.lake/packages/mathlib/.lake/build/lib/lean/Mathlib/Algebra/Homology/ShortComplex/HomologicalComplex.olean: OK
.lake/packages/mathlib/.lake/build/lib/lean/Mathlib/Algebra/Homology/ShortComplex/Homology.olean: OK
.lake/packages/mathlib/.lake/build/lib/lean/Mathlib/Algebra/Homology/ShortComplex/LeftHomology.olean: OK
.lake/packages/mathlib/.lake/build/lib/lean/Mathlib/Algebra/Homology/ShortComplex/Limits.olean: OK
.lake/packages/mathlib/.lake/build/lib/lean/Mathlib/Algebra/Homology/ShortComplex/Linear.olean: OK
.lake/packages/mathlib/.lake/build/lib/lean/Mathlib/Algebra/Homology/ShortComplex/ModuleCat.olean: OK
.lake/packages/mathlib/.lake/build/lib/lean/Mathlib/Algebra/Homology/ShortComplex/Preadditive.olean: OK
.lake/packages/mathlib/.lake/build/lib/lean/Mathlib/Algebra/Homology/ShortComplex/PreservesHomology.olean: OK
.lake/packages/mathlib/.lake/build/lib/lean/Mathlib/Algebra/Homology/ShortComplex/QuasiIso.olean: OK
.lake/packages/mathlib/.lake/build/lib/lean/Mathlib/Algebra/Homology/ShortComplex/Retract.olean: OK
.lake/packages/mathlib/.lake/build/lib/lean/Mathlib/Algebra/Homology/ShortComplex/RightHomology.olean: OK
.lake/packages/mathlib/.lake/build/lib/lean/Mathlib/Algebra/Homology/ShortComplex/ShortExact.olean: OK
.lake/packages/mathlib/.lake/build/lib/lean/Mathlib/Algebra/Homology/ShortComplex/SnakeLemma.olean: OK
.lake/packages/mathlib/.lake/build/lib/lean/Mathlib/Algebra/Homology/Single.olean: OK
.lake/packages/mathlib/.lake/build/lib/lean/Mathlib/Algebra/Homology/SingleHomology.olean: OK
.lake/packages/mathlib/.lake/build/lib/lean/Mathlib/Algebra/Homology/SpectralObject/Basic.olean: OK
.lake/packages/mathlib/.lake/build/lib/lean/Mathlib/Algebra/Homology/SpectralObject/Cycles.olean: OK
.lake/packages/mathlib/.lake/build/lib/lean/Mathlib/Algebra/Homology/SpectralObject/Differentials.olean: OK
.lake/packages/mathlib/.lake/build/lib/lean/Mathlib/Algebra/Homology/SpectralObject/EpiMono.olean: OK
.lake/packages/mathlib/.lake/build/lib/lean/Mathlib/Algebra/Homology/SpectralObject/FirstPage.olean: OK
.lake/packages/mathlib/.lake/build/lib/lean/Mathlib/Algebra/Homology/SpectralObject/HasSpectralSequence.olean: OK
.lake/packages/mathlib/.lake/build/lib/lean/Mathlib/Algebra/Homology/SpectralObject/Homology.olean: OK
.lake/packages/mathlib/.lake/build/lib/lean/Mathlib/Algebra/Homology/SpectralObject/Page.olean: OK
.lake/packages/mathlib/.lake/build/lib/lean/Mathlib/Algebra/Homology/SpectralObject/SpectralSequence.olean: OK
.lake/packages/mathlib/.lake/build/lib/lean/Mathlib/Algebra/Homology/SpectralSequence/Basic.olean: OK
.lake/packages/mathlib/.lake/build/lib/lean/Mathlib/Algebra/Homology/SpectralSequence/ComplexShape.olean: OK
.lake/packages/mathlib/.lake/build/lib/lean/Mathlib/Algebra/Homology/Square.olean: OK
.lake/packages/mathlib/.lake/build/lib/lean/Mathlib/Algebra/Homology/TotalComplex.olean: OK
.lake/packages/mathlib/.lake/build/lib/lean/Mathlib/Algebra/Homology/TotalComplexShift.olean: OK
.lake/packages/mathlib/.lake/build/lib/lean/Mathlib/Algebra/Homology/TotalComplexSymmetry.olean: OK
.lake/packages/mathlib/.lake/build/lib/lean/Mathlib/Algebra/IsPrimePow.olean: OK
.lake/packages/mathlib/.lake/build/lib/lean/Mathlib/Algebra/Jordan/Basic.olean: OK
.lake/packages/mathlib/.lake/build/lib/lean/Mathlib/Algebra/Lie/Abelian.olean: OK
.lake/packages/mathlib/.lake/build/lib/lean/Mathlib/Algebra/Lie/AdjointAction/Basic.olean: OK
.lake/packages/mathlib/.lake/build/lib/lean/Mathlib/Algebra/Lie/AdjointAction/Derivation.olean: OK
.lake/packages/mathlib/.lake/build/lib/lean/Mathlib/Algebra/Lie/AdjointAction/JordanChevalley.olean: OK
.lake/packages/mathlib/.lake/build/lib/lean/Mathlib/Algebra/Lie/BaseChange.olean: OK
.lake/packages/mathlib/.lake/build/lib/lean/Mathlib/Algebra/Lie/Basic.olean: OK
.lake/packages/mathlib/.lake/build/lib/lean/Mathlib/Algebra/Lie/Basis.olean: OK
.lake/packages/mathlib/.lake/build/lib/lean/Mathlib/Algebra/Lie/CartanCriterion.olean: OK
.lake/packages/mathlib/.lake/build/lib/lean/Mathlib/Algebra/Lie/CartanExists.olean: OK
.lake/packages/mathlib/.lake/build/lib/lean/Mathlib/Algebra/Lie/CartanMatrix.olean: OK
.lake/packages/mathlib/.lake/build/lib/lean/Mathlib/Algebra/Lie/CartanSubalgebra.olean: OK
.lake/packages/mathlib/.lake/build/lib/lean/Mathlib/Algebra/Lie/Character.olean: OK
.lake/packages/mathlib/.lake/build/lib/lean/Mathlib/Algebra/Lie/Classical.olean: OK
.lake/packages/mathlib/.lake/build/lib/lean/Mathlib/Algebra/Lie/Cochain.olean: OK
.lake/packages/mathlib/.lake/build/lib/lean/Mathlib/Algebra/Lie/Derivation/BaseChange.olean: OK
.lake/packages/mathlib/.lake/build/lib/lean/Mathlib/Algebra/Lie/Derivation/Basic.olean: OK
.lake/packages/mathlib/.lake/build/lib/lean/Mathlib/Algebra/Lie/Derivation/Killing.olean: OK
.lake/packages/mathlib/.lake/build/lib/lean/Mathlib/Algebra/Lie/DirectSum.olean: OK
.lake/packages/mathlib/.lake/build/lib/lean/Mathlib/Algebra/Lie/Engel.olean: OK
.lake/packages/mathlib/.lake/build/lib/lean/Mathlib/Algebra/Lie/EngelSubalgebra.olean: OK
.lake/packages/mathlib/.lake/build/lib/lean/Mathlib/Algebra/Lie/Extension.olean: OK
.lake/packages/mathlib/.lake/build/lib/lean/Mathlib/Algebra/Lie/Free.olean: OK
.lake/packages/mathlib/.lake/build/lib/lean/Mathlib/Algebra/Lie/Graded.olean: OK
.lake/packages/mathlib/.lake/build/lib/lean/Mathlib/Algebra/Lie/Ideal.olean: OK
.lake/packages/mathlib/.lake/build/lib/lean/Mathlib/Algebra/Lie/IdealOperations.olean: OK
.lake/packages/mathlib/.lake/build/lib/lean/Mathlib/Algebra/Lie/InvariantForm.olean: OK
.lake/packages/mathlib/.lake/build/lib/lean/Mathlib/Algebra/Lie/Killing.olean: OK
.lake/packages/mathlib/.lake/build/lib/lean/Mathlib/Algebra/Lie/LieTheorem.olean: OK
.lake/packages/mathlib/.lake/build/lib/lean/Mathlib/Algebra/Lie/Loop.olean: OK
.lake/packages/mathlib/.lake/build/lib/lean/Mathlib/Algebra/Lie/Matrix.olean: OK
.lake/packages/mathlib/.lake/build/lib/lean/Mathlib/Algebra/Lie/Nilpotent.olean: OK
.lake/packages/mathlib/.lake/build/lib/lean/Mathlib/Algebra/Lie/NonUnitalNonAssocAlgebra.olean: OK
.lake/packages/mathlib/.lake/build/lib/lean/Mathlib/Algebra/Lie/Normalizer.olean: OK
.lake/packages/mathlib/.lake/build/lib/lean/Mathlib/Algebra/Lie/OfAssociative.olean: OK
.lake/packages/mathlib/.lake/build/lib/lean/Mathlib/Algebra/Lie/Prod.olean: OK
.lake/packages/mathlib/.lake/build/lib/lean/Mathlib/Algebra/Lie/Quotient.olean: OK
.lake/packages/mathlib/.lake/build/lib/lean/Mathlib/Algebra/Lie/Rank.olean: OK
.lake/packages/mathlib/.lake/build/lib/lean/Mathlib/Algebra/Lie/SemiDirect.olean: OK
.lake/packages/mathlib/.lake/build/lib/lean/Mathlib/Algebra/Lie/Semisimple/Basic.olean: OK
.lake/packages/mathlib/.lake/build/lib/lean/Mathlib/Algebra/Lie/Semisimple/Defs.olean: OK
.lake/packages/mathlib/.lake/build/lib/lean/Mathlib/Algebra/Lie/Semisimple/Lemmas.olean: OK
.lake/packages/mathlib/.lake/build/lib/lean/Mathlib/Algebra/Lie/SerreConstruction.olean: OK
.lake/packages/mathlib/.lake/build/lib/lean/Mathlib/Algebra/Lie/SkewAdjoint.olean: OK
.lake/packages/mathlib/.lake/build/lib/lean/Mathlib/Algebra/Lie/Sl2.olean: OK
.lake/packages/mathlib/.lake/build/lib/lean/Mathlib/Algebra/Lie/Solvable.olean: OK
.lake/packages/mathlib/.lake/build/lib/lean/Mathlib/Algebra/Lie/Subalgebra.olean: OK
.lake/packages/mathlib/.lake/build/lib/lean/Mathlib/Algebra/Lie/Submodule.olean: OK
.lake/packages/mathlib/.lake/build/lib/lean/Mathlib/Algebra/Lie/TensorProduct.olean: OK
.lake/packages/mathlib/.lake/build/lib/lean/Mathlib/Algebra/Lie/TraceForm.olean: OK
.lake/packages/mathlib/.lake/build/lib/lean/Mathlib/Algebra/Lie/UniversalEnveloping.olean: OK
.lake/packages/mathlib/.lake/build/lib/lean/Mathlib/Algebra/Lie/Weights/Basic.olean: OK
.lake/packages/mathlib/.lake/build/lib/lean/Mathlib/Algebra/Lie/Weights/Cartan.olean: OK
.lake/packages/mathlib/.lake/build/lib/lean/Mathlib/Algebra/Lie/Weights/Chain.olean: OK
.lake/packages/mathlib/.lake/build/lib/lean/Mathlib/Algebra/Lie/Weights/IsSimple.olean: OK
.lake/packages/mathlib/.lake/build/lib/lean/Mathlib/Algebra/Lie/Weights/Killing.olean: OK
.lake/packages/mathlib/.lake/build/lib/lean/Mathlib/Algebra/Lie/Weights/Linear.olean: OK
.lake/packages/mathlib/.lake/build/lib/lean/Mathlib/Algebra/Lie/Weights/RootSystem.olean: OK
.lake/packages/mathlib/.lake/build/lib/lean/Mathlib/Algebra/LieRinehartAlgebra/Defs.olean: OK
.lake/packages/mathlib/.lake/build/lib/lean/Mathlib/Algebra/LinearRecurrence.olean: OK
.lake/packages/mathlib/.lake/build/lib/lean/Mathlib/Algebra/ModEq.olean: OK
.lake/packages/mathlib/.lake/build/lib/lean/Mathlib/Algebra/Module/Basic.olean: OK
.lake/packages/mathlib/.lake/build/lib/lean/Mathlib/Algebra/Module/BigOperators.olean: OK
.lake/packages/mathlib/.lake/build/lib/lean/Mathlib/Algebra/Module/Bimodule.olean: OK
.lake/packages/mathlib/.lake/build/lib/lean/Mathlib/Algebra/Module/Card.olean: OK
.lake/packages/mathlib/.lake/build/lib/lean/Mathlib/Algebra/Module/CharacterModule.olean: OK
.lake/packages/mathlib/.lake/build/lib/lean/Mathlib/Algebra/Module/Congruence/Defs.olean: OK
.lake/packages/mathlib/.lake/build/lib/lean/Mathlib/Algebra/Module/DedekindDomain.olean: OK
.lake/packages/mathlib/.lake/build/lib/lean/Mathlib/Algebra/Module/Defs.olean: OK
.lake/packages/mathlib/.lake/build/lib/lean/Mathlib/Algebra/Module/End.olean: OK
.lake/packages/mathlib/.lake/build/lib/lean/Mathlib/Algebra/Module/Equiv/Basic.olean: OK
.lake/packages/mathlib/.lake/build/lib/lean/Mathlib/Algebra/Module/Equiv/Defs.olean: OK
.lake/packages/mathlib/.lake/build/lib/lean/Mathlib/Algebra/Module/Equiv/Opposite.olean: OK
.lake/packages/mathlib/.lake/build/lib/lean/Mathlib/Algebra/Module/FinitePresentation.olean: OK
.lake/packages/mathlib/.lake/build/lib/lean/Mathlib/Algebra/Module/GradedModule.olean: OK
.lake/packages/mathlib/.lake/build/lib/lean/Mathlib/Algebra/Module/Hom.olean: OK
.lake/packages/mathlib/.lake/build/lib/lean/Mathlib/Algebra/Module/Injective.olean: OK
.lake/packages/mathlib/.lake/build/lib/lean/Mathlib/Algebra/Module/Lattice.olean: OK
.lake/packages/mathlib/.lake/build/lib/lean/Mathlib/Algebra/Module/LinearMap/Basic.olean: OK
.lake/packages/mathlib/.lake/build/lib/lean/Mathlib/Algebra/Module/LinearMap/Defs.olean: OK
.lake/packages/mathlib/.lake/build/lib/lean/Mathlib/Algebra/Module/LinearMap/DivisionRing.olean: OK
.lake/packages/mathlib/.lake/build/lib/lean/Mathlib/Algebra/Module/LinearMap/End.olean: OK
.lake/packages/mathlib/.lake/build/lib/lean/Mathlib/Algebra/Module/LinearMap/FiniteRange.olean: OK
.lake/packages/mathlib/.lake/build/lib/lean/Mathlib/Algebra/Module/LinearMap/Polynomial.olean: OK
.lake/packages/mathlib/.lake/build/lib/lean/Mathlib/Algebra/Module/LinearMap/Prod.olean: OK
.lake/packages/mathlib/.lake/build/lib/lean/Mathlib/Algebra/Module/LinearMap/Rat.olean: OK
.lake/packages/mathlib/.lake/build/lib/lean/Mathlib/Algebra/Module/LinearMap/Star.olean: OK
.lake/packages/mathlib/.lake/build/lib/lean/Mathlib/Algebra/Module/LocalizedModule/AtPrime.olean: OK
.lake/packages/mathlib/.lake/build/lib/lean/Mathlib/Algebra/Module/LocalizedModule/Away.olean: OK
.lake/packages/mathlib/.lake/build/lib/lean/Mathlib/Algebra/Module/LocalizedModule/Basic.olean: OK
.lake/packages/mathlib/.lake/build/lib/lean/Mathlib/Algebra/Module/LocalizedModule/Exact.olean: OK
.lake/packages/mathlib/.lake/build/lib/lean/Mathlib/Algebra/Module/LocalizedModule/Int.olean: OK
.lake/packages/mathlib/.lake/build/lib/lean/Mathlib/Algebra/Module/LocalizedModule/IsLocalization.olean: OK
.lake/packages/mathlib/.lake/build/lib/lean/Mathlib/Algebra/Module/LocalizedModule/Submodule.olean: OK
.lake/packages/mathlib/.lake/build/lib/lean/Mathlib/Algebra/Module/MinimalAxioms.olean: OK
.lake/packages/mathlib/.lake/build/lib/lean/Mathlib/Algebra/Module/NatInt.olean: OK
.lake/packages/mathlib/.lake/build/lib/lean/Mathlib/Algebra/Module/Opposite.olean: OK
.lake/packages/mathlib/.lake/build/lib/lean/Mathlib/Algebra/Module/PID.olean: OK
.lake/packages/mathlib/.lake/build/lib/lean/Mathlib/Algebra/Module/PUnit.olean: OK
.lake/packages/mathlib/.lake/build/lib/lean/Mathlib/Algebra/Module/Pi.olean: OK
.lake/packages/mathlib/.lake/build/lib/lean/Mathlib/Algebra/Module/PointwisePi.olean: OK
.lake/packages/mathlib/.lake/build/lib/lean/Mathlib/Algebra/Module/Presentation/Basic.olean: OK
.lake/packages/mathlib/.lake/build/lib/lean/Mathlib/Algebra/Module/Presentation/Cokernel.olean: OK
.lake/packages/mathlib/.lake/build/lib/lean/Mathlib/Algebra/Module/Presentation/Differentials.olean: OK
.lake/packages/mathlib/.lake/build/lib/lean/Mathlib/Algebra/Module/Presentation/DirectSum.olean: OK
.lake/packages/mathlib/.lake/build/lib/lean/Mathlib/Algebra/Module/Presentation/Finite.olean: OK
.lake/packages/mathlib/.lake/build/lib/lean/Mathlib/Algebra/Module/Presentation/Free.olean: OK
.lake/packages/mathlib/.lake/build/lib/lean/Mathlib/Algebra/Module/Presentation/RestrictScalars.olean: OK
.lake/packages/mathlib/.lake/build/lib/lean/Mathlib/Algebra/Module/Presentation/Tautological.olean: OK
.lake/packages/mathlib/.lake/build/lib/lean/Mathlib/Algebra/Module/Presentation/Tensor.olean: OK
.lake/packages/mathlib/.lake/build/lib/lean/Mathlib/Algebra/Module/Prod.olean: OK
.lake/packages/mathlib/.lake/build/lib/lean/Mathlib/Algebra/Module/Projective.olean: OK
.lake/packages/mathlib/.lake/build/lib/lean/Mathlib/Algebra/Module/Rat.olean: OK
.lake/packages/mathlib/.lake/build/lib/lean/Mathlib/Algebra/Module/RingHom.olean: OK
.lake/packages/mathlib/.lake/build/lib/lean/Mathlib/Algebra/Module/Shrink.olean: OK
.lake/packages/mathlib/.lake/build/lib/lean/Mathlib/Algebra/Module/SnakeLemma.olean: OK
.lake/packages/mathlib/.lake/build/lib/lean/Mathlib/Algebra/Module/SpanRank.olean: OK
.lake/packages/mathlib/.lake/build/lib/lean/Mathlib/Algebra/Module/SpanRankOperations.olean: OK
.lake/packages/mathlib/.lake/build/lib/lean/Mathlib/Algebra/Module/StablyFree/Basic.olean: OK
.lake/packages/mathlib/.lake/build/lib/lean/Mathlib/Algebra/Module/StablyFree/FreeOfInvertible.olean: OK
.lake/packages/mathlib/.lake/build/lib/lean/Mathlib/Algebra/Module/Submodule/Basic.olean: OK
.lake/packages/mathlib/.lake/build/lib/lean/Mathlib/Algebra/Module/Submodule/Bilinear.olean: OK
.lake/packages/mathlib/.lake/build/lib/lean/Mathlib/Algebra/Module/Submodule/Defs.olean: OK
.lake/packages/mathlib/.lake/build/lib/lean/Mathlib/Algebra/Module/Submodule/EqLocus.olean: OK
.lake/packages/mathlib/.lake/build/lib/lean/Mathlib/Algebra/Module/Submodule/Equiv.olean: OK
.lake/packages/mathlib/.lake/build/lib/lean/Mathlib/Algebra/Module/Submodule/Finsupp.olean: OK
.lake/packages/mathlib/.lake/build/lib/lean/Mathlib/Algebra/Module/Submodule/Invariant.olean: OK
.lake/packages/mathlib/.lake/build/lib/lean/Mathlib/Algebra/Module/Submodule/IterateMapComap.olean: OK
.lake/packages/mathlib/.lake/build/lib/lean/Mathlib/Algebra/Module/Submodule/Ker.olean: OK
.lake/packages/mathlib/.lake/build/lib/lean/Mathlib/Algebra/Module/Submodule/Lattice.olean: OK
.lake/packages/mathlib/.lake/build/lib/lean/Mathlib/Algebra/Module/Submodule/LinearMap.olean: OK
.lake/packages/mathlib/.lake/build/lib/lean/Mathlib/Algebra/Module/Submodule/Map.olean: OK
.lake/packages/mathlib/.lake/build/lib/lean/Mathlib/Algebra/Module/Submodule/Order.olean: OK
.lake/packages/mathlib/.lake/build/lib/lean/Mathlib/Algebra/Module/Submodule/Pointwise.olean: OK
.lake/packages/mathlib/.lake/build/lib/lean/Mathlib/Algebra/Module/Submodule/Range.olean: OK
.lake/packages/mathlib/.lake/build/lib/lean/Mathlib/Algebra/Module/Submodule/RestrictScalars.olean: OK
.lake/packages/mathlib/.lake/build/lib/lean/Mathlib/Algebra/Module/Submodule/Union.olean: OK
.lake/packages/mathlib/.lake/build/lib/lean/Mathlib/Algebra/Module/Torsion/Basic.olean: OK
.lake/packages/mathlib/.lake/build/lib/lean/Mathlib/Algebra/Module/Torsion/Field.olean: OK
.lake/packages/mathlib/.lake/build/lib/lean/Mathlib/Algebra/Module/Torsion/Free.olean: OK
.lake/packages/mathlib/.lake/build/lib/lean/Mathlib/Algebra/Module/Torsion/Pi.olean: OK
.lake/packages/mathlib/.lake/build/lib/lean/Mathlib/Algebra/Module/Torsion/PrimaryComponent.olean: OK
.lake/packages/mathlib/.lake/build/lib/lean/Mathlib/Algebra/Module/Torsion/Prod.olean: OK
.lake/packages/mathlib/.lake/build/lib/lean/Mathlib/Algebra/Module/TransferInstance.olean: OK
.lake/packages/mathlib/.lake/build/lib/lean/Mathlib/Algebra/Module/ULift.olean: OK
.lake/packages/mathlib/.lake/build/lib/lean/Mathlib/Algebra/Module/ZLattice/Basic.olean: OK
.lake/packages/mathlib/.lake/build/lib/lean/Mathlib/Algebra/Module/ZLattice/Covolume.olean: OK
.lake/packages/mathlib/.lake/build/lib/lean/Mathlib/Algebra/Module/ZLattice/Summable.olean: OK
.lake/packages/mathlib/.lake/build/lib/lean/Mathlib/Algebra/Module/ZMod.olean: OK
.lake/packages/mathlib/.lake/build/lib/lean/Mathlib/Algebra/MonoidAlgebra/Basic.olean: OK
.lake/packages/mathlib/.lake/build/lib/lean/Mathlib/Algebra/MonoidAlgebra/Cardinal.olean: OK
.lake/packages/mathlib/.lake/build/lib/lean/Mathlib/Algebra/MonoidAlgebra/Defs.olean: OK
.lake/packages/mathlib/.lake/build/lib/lean/Mathlib/Algebra/MonoidAlgebra/Degree.olean: OK
.lake/packages/mathlib/.lake/build/lib/lean/Mathlib/Algebra/MonoidAlgebra/Division.olean: OK
.lake/packages/mathlib/.lake/build/lib/lean/Mathlib/Algebra/MonoidAlgebra/Grading.olean: OK
.lake/packages/mathlib/.lake/build/lib/lean/Mathlib/Algebra/MonoidAlgebra/Ideal.olean: OK
.lake/packages/mathlib/.lake/build/lib/lean/Mathlib/Algebra/MonoidAlgebra/Lift.olean: OK
.lake/packages/mathlib/.lake/build/lib/lean/Mathlib/Algebra/MonoidAlgebra/MapDomain.olean: OK
.lake/packages/mathlib/.lake/build/lib/lean/Mathlib/Algebra/MonoidAlgebra/Module.olean: OK
.lake/packages/mathlib/.lake/build/lib/lean/Mathlib/Algebra/MonoidAlgebra/NoZeroDivisors.olean: OK
.lake/packages/mathlib/.lake/build/lib/lean/Mathlib/Algebra/MonoidAlgebra/Opposite.olean: OK
.lake/packages/mathlib/.lake/build/lib/lean/Mathlib/Algebra/MonoidAlgebra/PointwiseSMul.olean: OK
.lake/packages/mathlib/.lake/build/lib/lean/Mathlib/Algebra/MonoidAlgebra/Support.olean: OK
.lake/packages/mathlib/.lake/build/lib/lean/Mathlib/Algebra/MonoidAlgebra/ToDirectSum.olean: OK
.lake/packages/mathlib/.lake/build/lib/lean/Mathlib/Algebra/MvPolynomial/Basic.olean: OK
.lake/packages/mathlib/.lake/build/lib/lean/Mathlib/Algebra/MvPolynomial/Cardinal.olean: OK
.lake/packages/mathlib/.lake/build/lib/lean/Mathlib/Algebra/MvPolynomial/Coeff.olean: OK
.lake/packages/mathlib/.lake/build/lib/lean/Mathlib/Algebra/MvPolynomial/Comap.olean: OK
.lake/packages/mathlib/.lake/build/lib/lean/Mathlib/Algebra/MvPolynomial/CommRing.olean: OK
.lake/packages/mathlib/.lake/build/lib/lean/Mathlib/Algebra/MvPolynomial/Counit.olean: OK
.lake/packages/mathlib/.lake/build/lib/lean/Mathlib/Algebra/MvPolynomial/Degrees.olean: OK
.lake/packages/mathlib/.lake/build/lib/lean/Mathlib/Algebra/MvPolynomial/Derivation.olean: OK
.lake/packages/mathlib/.lake/build/lib/lean/Mathlib/Algebra/MvPolynomial/Division.olean: OK
.lake/packages/mathlib/.lake/build/lib/lean/Mathlib/Algebra/MvPolynomial/Equiv.olean: OK
.lake/packages/mathlib/.lake/build/lib/lean/Mathlib/Algebra/MvPolynomial/Eval.olean: OK
.lake/packages/mathlib/.lake/build/lib/lean/Mathlib/Algebra/MvPolynomial/Expand.olean: OK
.lake/packages/mathlib/.lake/build/lib/lean/Mathlib/Algebra/MvPolynomial/Funext.olean: OK
.lake/packages/mathlib/.lake/build/lib/lean/Mathlib/Algebra/MvPolynomial/Invertible.olean: OK
.lake/packages/mathlib/.lake/build/lib/lean/Mathlib/Algebra/MvPolynomial/Monad.olean: OK
.lake/packages/mathlib/.lake/build/lib/lean/Mathlib/Algebra/MvPolynomial/Nilpotent.olean: OK
.lake/packages/mathlib/.lake/build/lib/lean/Mathlib/Algebra/MvPolynomial/NoZeroDivisors.olean: OK
.lake/packages/mathlib/.lake/build/lib/lean/Mathlib/Algebra/MvPolynomial/PDeriv.olean: OK
.lake/packages/mathlib/.lake/build/lib/lean/Mathlib/Algebra/MvPolynomial/Polynomial.olean: OK
.lake/packages/mathlib/.lake/build/lib/lean/Mathlib/Algebra/MvPolynomial/Rename.olean: OK
.lake/packages/mathlib/.lake/build/lib/lean/Mathlib/Algebra/MvPolynomial/SchwartzZippel.olean: OK
.lake/packages/mathlib/.lake/build/lib/lean/Mathlib/Algebra/MvPolynomial/Supported.olean: OK
.lake/packages/mathlib/.lake/build/lib/lean/Mathlib/Algebra/MvPolynomial/Variables.olean: OK
.lake/packages/mathlib/.lake/build/lib/lean/Mathlib/Algebra/NeZero.olean: OK
.lake/packages/mathlib/.lake/build/lib/lean/Mathlib/Algebra/NoZeroSMulDivisors/Basic.olean: OK
.lake/packages/mathlib/.lake/build/lib/lean/Mathlib/Algebra/NoZeroSMulDivisors/Defs.olean: OK
.lake/packages/mathlib/.lake/build/lib/lean/Mathlib/Algebra/NoZeroSMulDivisors/Pi.olean: OK
.lake/packages/mathlib/.lake/build/lib/lean/Mathlib/Algebra/NoZeroSMulDivisors/Prod.olean: OK
.lake/packages/mathlib/.lake/build/lib/lean/Mathlib/Algebra/NonAssoc/LieAdmissible/Defs.olean: OK
.lake/packages/mathlib/.lake/build/lib/lean/Mathlib/Algebra/NonAssoc/PreLie/Basic.olean: OK
.lake/packages/mathlib/.lake/build/lib/lean/Mathlib/Algebra/Notation.olean: OK
.lake/packages/mathlib/.lake/build/lib/lean/Mathlib/Algebra/Notation/Defs.olean: OK
.lake/packages/mathlib/.lake/build/lib/lean/Mathlib/Algebra/Notation/FiniteSupport.olean: OK
.lake/packages/mathlib/.lake/build/lib/lean/Mathlib/Algebra/Notation/Indicator.olean: OK
.lake/packages/mathlib/.lake/build/lib/lean/Mathlib/Algebra/Notation/Lemmas.olean: OK
.lake/packages/mathlib/.lake/build/lib/lean/Mathlib/Algebra/Notation/Pi/Basic.olean: OK
.lake/packages/mathlib/.lake/build/lib/lean/Mathlib/Algebra/Notation/Pi/Defs.olean: OK
.lake/packages/mathlib/.lake/build/lib/lean/Mathlib/Algebra/Notation/Prod.olean: OK
.lake/packages/mathlib/.lake/build/lib/lean/Mathlib/Algebra/Notation/Support.olean: OK
.lake/packages/mathlib/.lake/build/lib/lean/Mathlib/Algebra/Opposites.olean: OK
.lake/packages/mathlib/.lake/build/lib/lean/Mathlib/Algebra/Order/AbsoluteValue/Basic.olean: OK
.lake/packages/mathlib/.lake/build/lib/lean/Mathlib/Algebra/Order/AbsoluteValue/Euclidean.olean: OK
.lake/packages/mathlib/.lake/build/lib/lean/Mathlib/Algebra/Order/AddGroupWithTop.olean: OK
.lake/packages/mathlib/.lake/build/lib/lean/Mathlib/Algebra/Order/AddTorsor.olean: OK
.lake/packages/mathlib/.lake/build/lib/lean/Mathlib/Algebra/Order/Algebra.olean: OK
.lake/packages/mathlib/.lake/build/lib/lean/Mathlib/Algebra/Order/Antidiag/Finsupp.olean: OK
.lake/packages/mathlib/.lake/build/lib/lean/Mathlib/Algebra/Order/Antidiag/FinsuppEquiv.olean: OK
.lake/packages/mathlib/.lake/build/lib/lean/Mathlib/Algebra/Order/Antidiag/Nat.olean: OK
.lake/packages/mathlib/.lake/build/lib/lean/Mathlib/Algebra/Order/Antidiag/Pi.olean: OK
.lake/packages/mathlib/.lake/build/lib/lean/Mathlib/Algebra/Order/Antidiag/Prod.olean: OK
.lake/packages/mathlib/.lake/build/lib/lean/Mathlib/Algebra/Order/Archimedean/Basic.olean: OK
.lake/packages/mathlib/.lake/build/lib/lean/Mathlib/Algebra/Order/Archimedean/Class.olean: OK
.lake/packages/mathlib/.lake/build/lib/lean/Mathlib/Algebra/Order/Archimedean/Defs.olean: OK
.lake/packages/mathlib/.lake/build/lib/lean/Mathlib/Algebra/Order/Archimedean/Hom.olean: OK
.lake/packages/mathlib/.lake/build/lib/lean/Mathlib/Algebra/Order/Archimedean/IndicatorCard.olean: OK
.lake/packages/mathlib/.lake/build/lib/lean/Mathlib/Algebra/Order/Archimedean/Submonoid.olean: OK
.lake/packages/mathlib/.lake/build/lib/lean/Mathlib/Algebra/Order/BigOperators/Expect.olean: OK
.lake/packages/mathlib/.lake/build/lib/lean/Mathlib/Algebra/Order/BigOperators/Group/Finset.olean: OK
.lake/packages/mathlib/.lake/build/lib/lean/Mathlib/Algebra/Order/BigOperators/Group/List.olean: OK
.lake/packages/mathlib/.lake/build/lib/lean/Mathlib/Algebra/Order/BigOperators/Group/LocallyFinite.olean: OK
.lake/packages/mathlib/.lake/build/lib/lean/Mathlib/Algebra/Order/BigOperators/Group/Multiset.olean: OK
.lake/packages/mathlib/.lake/build/lib/lean/Mathlib/Algebra/Order/BigOperators/GroupWithZero/Finset.olean: OK
.lake/packages/mathlib/.lake/build/lib/lean/Mathlib/Algebra/Order/BigOperators/GroupWithZero/List.olean: OK
.lake/packages/mathlib/.lake/build/lib/lean/Mathlib/Algebra/Order/BigOperators/GroupWithZero/Multiset.olean: OK
.lake/packages/mathlib/.lake/build/lib/lean/Mathlib/Algebra/Order/BigOperators/Ring/Finset.olean: OK
.lake/packages/mathlib/.lake/build/lib/lean/Mathlib/Algebra/Order/BigOperators/Ring/List.olean: OK
.lake/packages/mathlib/.lake/build/lib/lean/Mathlib/Algebra/Order/BigOperators/Ring/Multiset.olean: OK
.lake/packages/mathlib/.lake/build/lib/lean/Mathlib/Algebra/Order/CauSeq/Basic.olean: OK
.lake/packages/mathlib/.lake/build/lib/lean/Mathlib/Algebra/Order/CauSeq/BigOperators.olean: OK
.lake/packages/mathlib/.lake/build/lib/lean/Mathlib/Algebra/Order/CauSeq/Completion.olean: OK
.lake/packages/mathlib/.lake/build/lib/lean/Mathlib/Algebra/Order/Chebyshev.olean: OK
.lake/packages/mathlib/.lake/build/lib/lean/Mathlib/Algebra/Order/CompleteField.olean: OK
.lake/packages/mathlib/.lake/build/lib/lean/Mathlib/Algebra/Order/Disjointed.olean: OK
.lake/packages/mathlib/.lake/build/lib/lean/Mathlib/Algebra/Order/Field/Basic.olean: OK
.lake/packages/mathlib/.lake/build/lib/lean/Mathlib/Algebra/Order/Field/Canonical.olean: OK
.lake/packages/mathlib/.lake/build/lib/lean/Mathlib/Algebra/Order/Field/Defs.olean: OK
.lake/packages/mathlib/.lake/build/lib/lean/Mathlib/Algebra/Order/Field/GeomSum.olean: OK
.lake/packages/mathlib/.lake/build/lib/lean/Mathlib/Algebra/Order/Field/Pi.olean: OK
.lake/packages/mathlib/.lake/build/lib/lean/Mathlib/Algebra/Order/Field/Pointwise.olean: OK
.lake/packages/mathlib/.lake/build/lib/lean/Mathlib/Algebra/Order/Field/Power.olean: OK
.lake/packages/mathlib/.lake/build/lib/lean/Mathlib/Algebra/Order/Field/Rat.olean: OK
.lake/packages/mathlib/.lake/build/lib/lean/Mathlib/Algebra/Order/Field/Subfield.olean: OK
.lake/packages/mathlib/.lake/build/lib/lean/Mathlib/Algebra/Order/Floor/Defs.olean: OK
.lake/packages/mathlib/.lake/build/lib/lean/Mathlib/Algebra/Order/Floor/Div.olean: OK
.lake/packages/mathlib/.lake/build/lib/lean/Mathlib/Algebra/Order/Floor/Extended.olean: OK
.lake/packages/mathlib/.lake/build/lib/lean/Mathlib/Algebra/Order/Floor/Ring.olean: OK
.lake/packages/mathlib/.lake/build/lib/lean/Mathlib/Algebra/Order/Floor/Semifield.olean: OK
.lake/packages/mathlib/.lake/build/lib/lean/Mathlib/Algebra/Order/Floor/Semiring.olean: OK
.lake/packages/mathlib/.lake/build/lib/lean/Mathlib/Algebra/Order/Group/Abs.olean: OK
.lake/packages/mathlib/.lake/build/lib/lean/Mathlib/Algebra/Order/Group/Action.olean: OK
.lake/packages/mathlib/.lake/build/lib/lean/Mathlib/Algebra/Order/Group/Action/End.olean: OK
.lake/packages/mathlib/.lake/build/lib/lean/Mathlib/Algebra/Order/Group/Action/Flag.olean: OK
.lake/packages/mathlib/.lake/build/lib/lean/Mathlib/Algebra/Order/Group/Action/Synonym.olean: OK
.lake/packages/mathlib/.lake/build/lib/lean/Mathlib/Algebra/Order/Group/Basic.olean: OK
.lake/packages/mathlib/.lake/build/lib/lean/Mathlib/Algebra/Order/Group/Bounds.olean: OK
.lake/packages/mathlib/.lake/build/lib/lean/Mathlib/Algebra/Order/Group/CompleteLattice.olean: OK
.lake/packages/mathlib/.lake/build/lib/lean/Mathlib/Algebra/Order/Group/Cone.olean: OK
.lake/packages/mathlib/.lake/build/lib/lean/Mathlib/Algebra/Order/Group/Cyclic.olean: OK
.lake/packages/mathlib/.lake/build/lib/lean/Mathlib/Algebra/Order/Group/Defs.olean: OK
.lake/packages/mathlib/.lake/build/lib/lean/Mathlib/Algebra/Order/Group/DenselyOrdered.olean: OK
.lake/packages/mathlib/.lake/build/lib/lean/Mathlib/Algebra/Order/Group/End.olean: OK
.lake/packages/mathlib/.lake/build/lib/lean/Mathlib/Algebra/Order/Group/Equiv.olean: OK
.lake/packages/mathlib/.lake/build/lib/lean/Mathlib/Algebra/Order/Group/Finset.olean: OK
.lake/packages/mathlib/.lake/build/lib/lean/Mathlib/Algebra/Order/Group/Ideal.olean: OK
.lake/packages/mathlib/.lake/build/lib/lean/Mathlib/Algebra/Order/Group/Indicator.olean: OK
.lake/packages/mathlib/.lake/build/lib/lean/Mathlib/Algebra/Order/Group/Int.olean: OK
.lake/packages/mathlib/.lake/build/lib/lean/Mathlib/Algebra/Order/Group/Int/Sum.olean: OK
.lake/packages/mathlib/.lake/build/lib/lean/Mathlib/Algebra/Order/Group/Lattice.olean: OK
.lake/packages/mathlib/.lake/build/lib/lean/Mathlib/Algebra/Order/Group/MinMax.olean: OK
.lake/packages/mathlib/.lake/build/lib/lean/Mathlib/Algebra/Order/Group/Multiset.olean: OK
.lake/packages/mathlib/.lake/build/lib/lean/Mathlib/Algebra/Order/Group/Nat.olean: OK
.lake/packages/mathlib/.lake/build/lib/lean/Mathlib/Algebra/Order/Group/Opposite.olean: OK
.lake/packages/mathlib/.lake/build/lib/lean/Mathlib/Algebra/Order/Group/OrderIso.olean: OK
.lake/packages/mathlib/.lake/build/lib/lean/Mathlib/Algebra/Order/Group/PartialSups.olean: OK
.lake/packages/mathlib/.lake/build/lib/lean/Mathlib/Algebra/Order/Group/PiLex.olean: OK
.lake/packages/mathlib/.lake/build/lib/lean/Mathlib/Algebra/Order/Group/Pointwise/Bounds.olean: OK
.lake/packages/mathlib/.lake/build/lib/lean/Mathlib/Algebra/Order/Group/Pointwise/CompleteLattice.olean: OK
.lake/packages/mathlib/.lake/build/lib/lean/Mathlib/Algebra/Order/Group/Pointwise/Interval.olean: OK
.lake/packages/mathlib/.lake/build/lib/lean/Mathlib/Algebra/Order/Group/PosPart.olean: OK
.lake/packages/mathlib/.lake/build/lib/lean/Mathlib/Algebra/Order/Group/Synonym.olean: OK
.lake/packages/mathlib/.lake/build/lib/lean/Mathlib/Algebra/Order/Group/Unbundled/Abs.olean: OK
.lake/packages/mathlib/.lake/build/lib/lean/Mathlib/Algebra/Order/Group/Unbundled/Basic.olean: OK
.lake/packages/mathlib/.lake/build/lib/lean/Mathlib/Algebra/Order/Group/Unbundled/Int.olean: OK
.lake/packages/mathlib/.lake/build/lib/lean/Mathlib/Algebra/Order/Group/Units.olean: OK
.lake/packages/mathlib/.lake/build/lib/lean/Mathlib/Algebra/Order/GroupWithZero/Action/Synonym.olean: OK
.lake/packages/mathlib/.lake/build/lib/lean/Mathlib/Algebra/Order/GroupWithZero/Bounds.olean: OK
.lake/packages/mathlib/.lake/build/lib/lean/Mathlib/Algebra/Order/GroupWithZero/Canonical.olean: OK
.lake/packages/mathlib/.lake/build/lib/lean/Mathlib/Algebra/Order/GroupWithZero/Finset.olean: OK
.lake/packages/mathlib/.lake/build/lib/lean/Mathlib/Algebra/Order/GroupWithZero/Lex.olean: OK
.lake/packages/mathlib/.lake/build/lib/lean/Mathlib/Algebra/Order/GroupWithZero/Range.olean: OK
.lake/packages/mathlib/.lake/build/lib/lean/Mathlib/Algebra/Order/GroupWithZero/Submonoid.olean: OK
.lake/packages/mathlib/.lake/build/lib/lean/Mathlib/Algebra/Order/GroupWithZero/Synonym.olean: OK
.lake/packages/mathlib/.lake/build/lib/lean/Mathlib/Algebra/Order/GroupWithZero/Unbundled/Basic.olean: OK
.lake/packages/mathlib/.lake/build/lib/lean/Mathlib/Algebra/Order/GroupWithZero/Unbundled/Defs.olean: OK
.lake/packages/mathlib/.lake/build/lib/lean/Mathlib/Algebra/Order/GroupWithZero/Unbundled/OrderIso.olean: OK
.lake/packages/mathlib/.lake/build/lib/lean/Mathlib/Algebra/Order/GroupWithZero/WithZero.olean: OK
.lake/packages/mathlib/.lake/build/lib/lean/Mathlib/Algebra/Order/Hom/Basic.olean: OK
.lake/packages/mathlib/.lake/build/lib/lean/Mathlib/Algebra/Order/Hom/Monoid.olean: OK
.lake/packages/mathlib/.lake/build/lib/lean/Mathlib/Algebra/Order/Hom/MonoidWithZero.olean: OK
.lake/packages/mathlib/.lake/build/lib/lean/Mathlib/Algebra/Order/Hom/Ring.olean: OK
.lake/packages/mathlib/.lake/build/lib/lean/Mathlib/Algebra/Order/Hom/Submonoid.olean: OK
.lake/packages/mathlib/.lake/build/lib/lean/Mathlib/Algebra/Order/Hom/TypeTags.olean: OK
.lake/packages/mathlib/.lake/build/lib/lean/Mathlib/Algebra/Order/Hom/Units.olean: OK
.lake/packages/mathlib/.lake/build/lib/lean/Mathlib/Algebra/Order/Interval/Basic.olean: OK
.lake/packages/mathlib/.lake/build/lib/lean/Mathlib/Algebra/Order/Interval/Finset/Basic.olean: OK
.lake/packages/mathlib/.lake/build/lib/lean/Mathlib/Algebra/Order/Interval/Finset/SuccPred.olean: OK
.lake/packages/mathlib/.lake/build/lib/lean/Mathlib/Algebra/Order/Interval/Multiset.olean: OK
.lake/packages/mathlib/.lake/build/lib/lean/Mathlib/Algebra/Order/Interval/Set/Group.olean: OK
.lake/packages/mathlib/.lake/build/lib/lean/Mathlib/Algebra/Order/Interval/Set/Instances.olean: OK
.lake/packages/mathlib/.lake/build/lib/lean/Mathlib/Algebra/Order/Interval/Set/Monoid.olean: OK
.lake/packages/mathlib/.lake/build/lib/lean/Mathlib/Algebra/Order/Interval/Set/SuccPred.olean: OK
.lake/packages/mathlib/.lake/build/lib/lean/Mathlib/Algebra/Order/Invertible.olean: OK
.lake/packages/mathlib/.lake/build/lib/lean/Mathlib/Algebra/Order/IsBotOne.olean: OK
.lake/packages/mathlib/.lake/build/lib/lean/Mathlib/Algebra/Order/Kleene.olean: OK
.lake/packages/mathlib/.lake/build/lib/lean/Mathlib/Algebra/Order/Module/Algebra.olean: OK
.lake/packages/mathlib/.lake/build/lib/lean/Mathlib/Algebra/Order/Module/Archimedean.olean: OK
.lake/packages/mathlib/.lake/build/lib/lean/Mathlib/Algebra/Order/Module/Basic.olean: OK
.lake/packages/mathlib/.lake/build/lib/lean/Mathlib/Algebra/Order/Module/Defs.olean: OK
.lake/packages/mathlib/.lake/build/lib/lean/Mathlib/Algebra/Order/Module/Equiv.olean: OK
.lake/packages/mathlib/.lake/build/lib/lean/Mathlib/Algebra/Order/Module/Field.olean: OK
.lake/packages/mathlib/.lake/build/lib/lean/Mathlib/Algebra/Order/Module/HahnEmbedding.olean: OK
.lake/packages/mathlib/.lake/build/lib/lean/Mathlib/Algebra/Order/Module/Pointwise.olean: OK
.lake/packages/mathlib/.lake/build/lib/lean/Mathlib/Algebra/Order/Module/PositiveLinearMap.olean: OK
.lake/packages/mathlib/.lake/build/lib/lean/Mathlib/Algebra/Order/Module/Rat.olean: OK
.lake/packages/mathlib/.lake/build/lib/lean/Mathlib/Algebra/Order/Module/Synonym.olean: OK
.lake/packages/mathlib/.lake/build/lib/lean/Mathlib/Algebra/Order/Monoid/Associated.olean: OK
.lake/packages/mathlib/.lake/build/lib/lean/Mathlib/Algebra/Order/Monoid/Basic.olean: OK
.lake/packages/mathlib/.lake/build/lib/lean/Mathlib/Algebra/Order/Monoid/Canonical/Basic.olean: OK
.lake/packages/mathlib/.lake/build/lib/lean/Mathlib/Algebra/Order/Monoid/Canonical/Defs.olean: OK
.lake/packages/mathlib/.lake/build/lib/lean/Mathlib/Algebra/Order/Monoid/Defs.olean: OK
.lake/packages/mathlib/.lake/build/lib/lean/Mathlib/Algebra/Order/Monoid/Lex.olean: OK
.lake/packages/mathlib/.lake/build/lib/lean/Mathlib/Algebra/Order/Monoid/LocallyFiniteOrder.olean: OK
.lake/packages/mathlib/.lake/build/lib/lean/Mathlib/Algebra/Order/Monoid/NatCast.olean: OK
.lake/packages/mathlib/.lake/build/lib/lean/Mathlib/Algebra/Order/Monoid/OrderDual.olean: OK
.lake/packages/mathlib/.lake/build/lib/lean/Mathlib/Algebra/Order/Monoid/PNat.olean: OK
.lake/packages/mathlib/.lake/build/lib/lean/Mathlib/Algebra/Order/Monoid/Prod.olean: OK
.lake/packages/mathlib/.lake/build/lib/lean/Mathlib/Algebra/Order/Monoid/Submonoid.olean: OK
.lake/packages/mathlib/.lake/build/lib/lean/Mathlib/Algebra/Order/Monoid/ToMulBot.olean: OK
.lake/packages/mathlib/.lake/build/lib/lean/Mathlib/Algebra/Order/Monoid/TypeTags.olean: OK
.lake/packages/mathlib/.lake/build/lib/lean/Mathlib/Algebra/Order/Monoid/Unbundled/Basic.olean: OK
.lake/packages/mathlib/.lake/build/lib/lean/Mathlib/Algebra/Order/Monoid/Unbundled/Defs.olean: OK
.lake/packages/mathlib/.lake/build/lib/lean/Mathlib/Algebra/Order/Monoid/Unbundled/ExistsOfLE.olean: OK
.lake/packages/mathlib/.lake/build/lib/lean/Mathlib/Algebra/Order/Monoid/Unbundled/MinMax.olean: OK
.lake/packages/mathlib/.lake/build/lib/lean/Mathlib/Algebra/Order/Monoid/Unbundled/OrderDual.olean: OK
.lake/packages/mathlib/.lake/build/lib/lean/Mathlib/Algebra/Order/Monoid/Unbundled/Pow.olean: OK
.lake/packages/mathlib/.lake/build/lib/lean/Mathlib/Algebra/Order/Monoid/Unbundled/TypeTags.olean: OK
.lake/packages/mathlib/.lake/build/lib/lean/Mathlib/Algebra/Order/Monoid/Unbundled/Units.olean: OK
.lake/packages/mathlib/.lake/build/lib/lean/Mathlib/Algebra/Order/Monoid/Unbundled/WithTop.olean: OK
.lake/packages/mathlib/.lake/build/lib/lean/Mathlib/Algebra/Order/Monoid/Units.olean: OK
.lake/packages/mathlib/.lake/build/lib/lean/Mathlib/Algebra/Order/Monoid/WithTop.olean: OK
.lake/packages/mathlib/.lake/build/lib/lean/Mathlib/Algebra/Order/Monovary.olean: OK
.lake/packages/mathlib/.lake/build/lib/lean/Mathlib/Algebra/Order/Nonneg/Basic.olean: OK
.lake/packages/mathlib/.lake/build/lib/lean/Mathlib/Algebra/Order/Nonneg/Field.olean: OK
.lake/packages/mathlib/.lake/build/lib/lean/Mathlib/Algebra/Order/Nonneg/Floor.olean: OK
.lake/packages/mathlib/.lake/build/lib/lean/Mathlib/Algebra/Order/Nonneg/Lattice.olean: OK
.lake/packages/mathlib/.lake/build/lib/lean/Mathlib/Algebra/Order/Nonneg/Module.olean: OK
.lake/packages/mathlib/.lake/build/lib/lean/Mathlib/Algebra/Order/Nonneg/Ring.olean: OK
.lake/packages/mathlib/.lake/build/lib/lean/Mathlib/Algebra/Order/PUnit.olean: OK
.lake/packages/mathlib/.lake/build/lib/lean/Mathlib/Algebra/Order/Pi.olean: OK
.lake/packages/mathlib/.lake/build/lib/lean/Mathlib/Algebra/Order/Positive/Field.olean: OK
.lake/packages/mathlib/.lake/build/lib/lean/Mathlib/Algebra/Order/Positive/Ring.olean: OK
.lake/packages/mathlib/.lake/build/lib/lean/Mathlib/Algebra/Order/Quantale.olean: OK
.lake/packages/mathlib/.lake/build/lib/lean/Mathlib/Algebra/Order/Rearrangement.olean: OK
.lake/packages/mathlib/.lake/build/lib/lean/Mathlib/Algebra/Order/Ring/Abs.olean: OK
.lake/packages/mathlib/.lake/build/lib/lean/Mathlib/Algebra/Order/Ring/Archimedean.olean: OK
.lake/packages/mathlib/.lake/build/lib/lean/Mathlib/Algebra/Order/Ring/Basic.olean: OK
.lake/packages/mathlib/.lake/build/lib/lean/Mathlib/Algebra/Order/Ring/Canonical.olean: OK
.lake/packages/mathlib/.lake/build/lib/lean/Mathlib/Algebra/Order/Ring/Cast.olean: OK
.lake/packages/mathlib/.lake/build/lib/lean/Mathlib/Algebra/Order/Ring/Cone.olean: OK
.lake/packages/mathlib/.lake/build/lib/lean/Mathlib/Algebra/Order/Ring/Defs.olean: OK
.lake/packages/mathlib/.lake/build/lib/lean/Mathlib/Algebra/Order/Ring/Finset.olean: OK
.lake/packages/mathlib/.lake/build/lib/lean/Mathlib/Algebra/Order/Ring/GeomSum.olean: OK
.lake/packages/mathlib/.lake/build/lib/lean/Mathlib/Algebra/Order/Ring/Idempotent.olean: OK
.lake/packages/mathlib/.lake/build/lib/lean/Mathlib/Algebra/Order/Ring/InjSurj.olean: OK
.lake/packages/mathlib/.lake/build/lib/lean/Mathlib/Algebra/Order/Ring/Int.olean: OK
.lake/packages/mathlib/.lake/build/lib/lean/Mathlib/Algebra/Order/Ring/Interval.olean: OK
.lake/packages/mathlib/.lake/build/lib/lean/Mathlib/Algebra/Order/Ring/IsNonarchimedean.olean: OK
.lake/packages/mathlib/.lake/build/lib/lean/Mathlib/Algebra/Order/Ring/Nat.olean: OK
.lake/packages/mathlib/.lake/build/lib/lean/Mathlib/Algebra/Order/Ring/Opposite.olean: OK
.lake/packages/mathlib/.lake/build/lib/lean/Mathlib/Algebra/Order/Ring/Ordering/Basic.olean: OK
.lake/packages/mathlib/.lake/build/lib/lean/Mathlib/Algebra/Order/Ring/Ordering/Defs.olean: OK
.lake/packages/mathlib/.lake/build/lib/lean/Mathlib/Algebra/Order/Ring/Pow.olean: OK
.lake/packages/mathlib/.lake/build/lib/lean/Mathlib/Algebra/Order/Ring/Prod.olean: OK
.lake/packages/mathlib/.lake/build/lib/lean/Mathlib/Algebra/Order/Ring/Rat.olean: OK
.lake/packages/mathlib/.lake/build/lib/lean/Mathlib/Algebra/Order/Ring/StandardPart.olean: OK
.lake/packages/mathlib/.lake/build/lib/lean/Mathlib/Algebra/Order/Ring/Star.olean: OK
.lake/packages/mathlib/.lake/build/lib/lean/Mathlib/Algebra/Order/Ring/Synonym.olean: OK
.lake/packages/mathlib/.lake/build/lib/lean/Mathlib/Algebra/Order/Ring/Unbundled/Basic.olean: OK
.lake/packages/mathlib/.lake/build/lib/lean/Mathlib/Algebra/Order/Ring/Unbundled/Rat.olean: OK
.lake/packages/mathlib/.lake/build/lib/lean/Mathlib/Algebra/Order/Ring/Units.olean: OK
.lake/packages/mathlib/.lake/build/lib/lean/Mathlib/Algebra/Order/Ring/WithTop.olean: OK
.lake/packages/mathlib/.lake/build/lib/lean/Mathlib/Algebra/Order/Round.olean: OK
.lake/packages/mathlib/.lake/build/lib/lean/Mathlib/Algebra/Order/Star/Basic.olean: OK
.lake/packages/mathlib/.lake/build/lib/lean/Mathlib/Algebra/Order/Star/Conjneg.olean: OK
.lake/packages/mathlib/.lake/build/lib/lean/Mathlib/Algebra/Order/Star/Pi.olean: OK
.lake/packages/mathlib/.lake/build/lib/lean/Mathlib/Algebra/Order/Star/Prod.olean: OK
.lake/packages/mathlib/.lake/build/lib/lean/Mathlib/Algebra/Order/Sub/Basic.olean: OK
.lake/packages/mathlib/.lake/build/lib/lean/Mathlib/Algebra/Order/Sub/Defs.olean: OK
.lake/packages/mathlib/.lake/build/lib/lean/Mathlib/Algebra/Order/Sub/Prod.olean: OK
.lake/packages/mathlib/.lake/build/lib/lean/Mathlib/Algebra/Order/Sub/Unbundled/Basic.olean: OK
.lake/packages/mathlib/.lake/build/lib/lean/Mathlib/Algebra/Order/Sub/Unbundled/Hom.olean: OK
.lake/packages/mathlib/.lake/build/lib/lean/Mathlib/Algebra/Order/Sub/WithTop.olean: OK
.lake/packages/mathlib/.lake/build/lib/lean/Mathlib/Algebra/Order/SuccPred.olean: OK
.lake/packages/mathlib/.lake/build/lib/lean/Mathlib/Algebra/Order/SuccPred/PartialSups.olean: OK
.lake/packages/mathlib/.lake/build/lib/lean/Mathlib/Algebra/Order/SuccPred/TypeTags.olean: OK
.lake/packages/mathlib/.lake/build/lib/lean/Mathlib/Algebra/Order/SuccPred/WithBot.olean: OK
.lake/packages/mathlib/.lake/build/lib/lean/Mathlib/Algebra/Order/Sum.olean: OK
.lake/packages/mathlib/.lake/build/lib/lean/Mathlib/Algebra/Order/ToIntervalMod.olean: OK
.lake/packages/mathlib/.lake/build/lib/lean/Mathlib/Algebra/Order/UpperLower.olean: OK
.lake/packages/mathlib/.lake/build/lib/lean/Mathlib/Algebra/Order/WithTop/Untop0.olean: OK
.lake/packages/mathlib/.lake/build/lib/lean/Mathlib/Algebra/Order/ZeroLEOne.olean: OK
.lake/packages/mathlib/.lake/build/lib/lean/Mathlib/Algebra/PEmptyInstances.olean: OK
.lake/packages/mathlib/.lake/build/lib/lean/Mathlib/Algebra/Pointwise/Stabilizer.olean: OK
.lake/packages/mathlib/.lake/build/lib/lean/Mathlib/Algebra/Polynomial/AlgebraMap.olean: OK
.lake/packages/mathlib/.lake/build/lib/lean/Mathlib/Algebra/Polynomial/Basic.olean: OK
.lake/packages/mathlib/.lake/build/lib/lean/Mathlib/Algebra/Polynomial/Basis.olean: OK
.lake/packages/mathlib/.lake/build/lib/lean/Mathlib/Algebra/Polynomial/BigOperators.olean: OK
.lake/packages/mathlib/.lake/build/lib/lean/Mathlib/Algebra/Polynomial/Bivariate.olean: OK
.lake/packages/mathlib/.lake/build/lib/lean/Mathlib/Algebra/Polynomial/CancelLeads.olean: OK
.lake/packages/mathlib/.lake/build/lib/lean/Mathlib/Algebra/Polynomial/Cardinal.olean: OK
.lake/packages/mathlib/.lake/build/lib/lean/Mathlib/Algebra/Polynomial/Coeff.olean: OK
.lake/packages/mathlib/.lake/build/lib/lean/Mathlib/Algebra/Polynomial/CoeffList.olean: OK
.lake/packages/mathlib/.lake/build/lib/lean/Mathlib/Algebra/Polynomial/CoeffMem.olean: OK
.lake/packages/mathlib/.lake/build/lib/lean/Mathlib/Algebra/Polynomial/Degree/CardPowDegree.olean: OK
.lake/packages/mathlib/.lake/build/lib/lean/Mathlib/Algebra/Polynomial/Degree/Definitions.olean: OK
.lake/packages/mathlib/.lake/build/lib/lean/Mathlib/Algebra/Polynomial/Degree/Defs.olean: OK
.lake/packages/mathlib/.lake/build/lib/lean/Mathlib/Algebra/Polynomial/Degree/Domain.olean: OK
.lake/packages/mathlib/.lake/build/lib/lean/Mathlib/Algebra/Polynomial/Degree/IsMonicOfDegree.olean: OK
.lake/packages/mathlib/.lake/build/lib/lean/Mathlib/Algebra/Polynomial/Degree/Lemmas.olean: OK
.lake/packages/mathlib/.lake/build/lib/lean/Mathlib/Algebra/Polynomial/Degree/Monomial.olean: OK
.lake/packages/mathlib/.lake/build/lib/lean/Mathlib/Algebra/Polynomial/Degree/Operations.olean: OK
.lake/packages/mathlib/.lake/build/lib/lean/Mathlib/Algebra/Polynomial/Degree/SmallDegree.olean: OK
.lake/packages/mathlib/.lake/build/lib/lean/Mathlib/Algebra/Polynomial/Degree/Support.olean: OK
.lake/packages/mathlib/.lake/build/lib/lean/Mathlib/Algebra/Polynomial/Degree/TrailingDegree.olean: OK
.lake/packages/mathlib/.lake/build/lib/lean/Mathlib/Algebra/Polynomial/Degree/Units.olean: OK
.lake/packages/mathlib/.lake/build/lib/lean/Mathlib/Algebra/Polynomial/DenomsClearable.olean: OK
.lake/packages/mathlib/.lake/build/lib/lean/Mathlib/Algebra/Polynomial/Derivation.olean: OK
.lake/packages/mathlib/.lake/build/lib/lean/Mathlib/Algebra/Polynomial/Derivative.olean: OK
.lake/packages/mathlib/.lake/build/lib/lean/Mathlib/Algebra/Polynomial/Div.olean: OK
.lake/packages/mathlib/.lake/build/lib/lean/Mathlib/Algebra/Polynomial/EraseLead.olean: OK
.lake/packages/mathlib/.lake/build/lib/lean/Mathlib/Algebra/Polynomial/Eval/Algebra.olean: OK
.lake/packages/mathlib/.lake/build/lib/lean/Mathlib/Algebra/Polynomial/Eval/Coeff.olean: OK
.lake/packages/mathlib/.lake/build/lib/lean/Mathlib/Algebra/Polynomial/Eval/Defs.olean: OK
.lake/packages/mathlib/.lake/build/lib/lean/Mathlib/Algebra/Polynomial/Eval/Degree.olean: OK
.lake/packages/mathlib/.lake/build/lib/lean/Mathlib/Algebra/Polynomial/Eval/Irreducible.olean: OK
.lake/packages/mathlib/.lake/build/lib/lean/Mathlib/Algebra/Polynomial/Eval/SMul.olean: OK
.lake/packages/mathlib/.lake/build/lib/lean/Mathlib/Algebra/Polynomial/Eval/Subring.olean: OK
.lake/packages/mathlib/.lake/build/lib/lean/Mathlib/Algebra/Polynomial/Expand.olean: OK
.lake/packages/mathlib/.lake/build/lib/lean/Mathlib/Algebra/Polynomial/Factors.olean: OK
.lake/packages/mathlib/.lake/build/lib/lean/Mathlib/Algebra/Polynomial/FieldDivision.olean: OK
.lake/packages/mathlib/.lake/build/lib/lean/Mathlib/Algebra/Polynomial/GroupRingAction.olean: OK
.lake/packages/mathlib/.lake/build/lib/lean/Mathlib/Algebra/Polynomial/HasseDeriv.olean: OK
.lake/packages/mathlib/.lake/build/lib/lean/Mathlib/Algebra/Polynomial/Homogenize.olean: OK
.lake/packages/mathlib/.lake/build/lib/lean/Mathlib/Algebra/Polynomial/Identities.olean: OK
.lake/packages/mathlib/.lake/build/lib/lean/Mathlib/Algebra/Polynomial/Inductions.olean: OK
.lake/packages/mathlib/.lake/build/lib/lean/Mathlib/Algebra/Polynomial/Laurent.olean: OK
.lake/packages/mathlib/.lake/build/lib/lean/Mathlib/Algebra/Polynomial/Lifts.olean: OK
.lake/packages/mathlib/.lake/build/lib/lean/Mathlib/Algebra/Polynomial/Mirror.olean: OK
.lake/packages/mathlib/.lake/build/lib/lean/Mathlib/Algebra/Polynomial/Module/AEval.olean: OK
.lake/packages/mathlib/.lake/build/lib/lean/Mathlib/Algebra/Polynomial/Module/Basic.olean: OK
.lake/packages/mathlib/.lake/build/lib/lean/Mathlib/Algebra/Polynomial/Module/FiniteDimensional.olean: OK
.lake/packages/mathlib/.lake/build/lib/lean/Mathlib/Algebra/Polynomial/Module/TensorProduct.olean: OK
.lake/packages/mathlib/.lake/build/lib/lean/Mathlib/Algebra/Polynomial/Monic.olean: OK
.lake/packages/mathlib/.lake/build/lib/lean/Mathlib/Algebra/Polynomial/Monomial.olean: OK
.lake/packages/mathlib/.lake/build/lib/lean/Mathlib/Algebra/Polynomial/OfFn.olean: OK
.lake/packages/mathlib/.lake/build/lib/lean/Mathlib/Algebra/Polynomial/PartialFractions.olean: OK
.lake/packages/mathlib/.lake/build/lib/lean/Mathlib/Algebra/Polynomial/Reverse.olean: OK
.lake/packages/mathlib/.lake/build/lib/lean/Mathlib/Algebra/Polynomial/RingDivision.olean: OK
.lake/packages/mathlib/.lake/build/lib/lean/Mathlib/Algebra/Polynomial/Roots.olean: OK
.lake/packages/mathlib/.lake/build/lib/lean/Mathlib/Algebra/Polynomial/RuleOfSigns.olean: OK
.lake/packages/mathlib/.lake/build/lib/lean/Mathlib/Algebra/Polynomial/Sequence.olean: OK
.lake/packages/mathlib/.lake/build/lib/lean/Mathlib/Algebra/Polynomial/Smeval.olean: OK
.lake/packages/mathlib/.lake/build/lib/lean/Mathlib/Algebra/Polynomial/SpecificDegree.olean: OK
.lake/packages/mathlib/.lake/build/lib/lean/Mathlib/Algebra/Polynomial/Splits.olean: OK
.lake/packages/mathlib/.lake/build/lib/lean/Mathlib/Algebra/Polynomial/SumIteratedDerivative.olean: OK
.lake/packages/mathlib/.lake/build/lib/lean/Mathlib/Algebra/Polynomial/Taylor.olean: OK
.lake/packages/mathlib/.lake/build/lib/lean/Mathlib/Algebra/Polynomial/UnitTrinomial.olean: OK
.lake/packages/mathlib/.lake/build/lib/lean/Mathlib/Algebra/PresentedMonoid/Basic.olean: OK
.lake/packages/mathlib/.lake/build/lib/lean/Mathlib/Algebra/Prime/Defs.olean: OK
.lake/packages/mathlib/.lake/build/lib/lean/Mathlib/Algebra/Prime/Lemmas.olean: OK
.lake/packages/mathlib/.lake/build/lib/lean/Mathlib/Algebra/QuadraticAlgebra.olean: OK
.lake/packages/mathlib/.lake/build/lib/lean/Mathlib/Algebra/QuadraticAlgebra/Basic.olean: OK
.lake/packages/mathlib/.lake/build/lib/lean/Mathlib/Algebra/QuadraticAlgebra/Defs.olean: OK
.lake/packages/mathlib/.lake/build/lib/lean/Mathlib/Algebra/QuadraticAlgebra/NormDeterminant.olean: OK
.lake/packages/mathlib/.lake/build/lib/lean/Mathlib/Algebra/QuadraticDiscriminant.olean: OK
.lake/packages/mathlib/.lake/build/lib/lean/Mathlib/Algebra/Quandle.olean: OK
.lake/packages/mathlib/.lake/build/lib/lean/Mathlib/Algebra/Quaternion.olean: OK
.lake/packages/mathlib/.lake/build/lib/lean/Mathlib/Algebra/QuaternionBasis.olean: OK
.lake/packages/mathlib/.lake/build/lib/lean/Mathlib/Algebra/Quotient.olean: OK
.lake/packages/mathlib/.lake/build/lib/lean/Mathlib/Algebra/Regular/Basic.olean: OK
.lake/packages/mathlib/.lake/build/lib/lean/Mathlib/Algebra/Regular/Defs.olean: OK
.lake/packages/mathlib/.lake/build/lib/lean/Mathlib/Algebra/Regular/Opposite.olean: OK
.lake/packages/mathlib/.lake/build/lib/lean/Mathlib/Algebra/Regular/Pi.olean: OK
.lake/packages/mathlib/.lake/build/lib/lean/Mathlib/Algebra/Regular/Pow.olean: OK
.lake/packages/mathlib/.lake/build/lib/lean/Mathlib/Algebra/Regular/Prod.olean: OK
.lake/packages/mathlib/.lake/build/lib/lean/Mathlib/Algebra/Regular/SMul.olean: OK
.lake/packages/mathlib/.lake/build/lib/lean/Mathlib/Algebra/Regular/ULift.olean: OK
.lake/packages/mathlib/.lake/build/lib/lean/Mathlib/Algebra/Ring/Action/Basic.olean: OK
.lake/packages/mathlib/.lake/build/lib/lean/Mathlib/Algebra/Ring/Action/ConjAct.olean: OK
.lake/packages/mathlib/.lake/build/lib/lean/Mathlib/Algebra/Ring/Action/End.olean: OK
.lake/packages/mathlib/.lake/build/lib/lean/Mathlib/Algebra/Ring/Action/Field.olean: OK
.lake/packages/mathlib/.lake/build/lib/lean/Mathlib/Algebra/Ring/Action/Group.olean: OK
.lake/packages/mathlib/.lake/build/lib/lean/Mathlib/Algebra/Ring/Action/Invariant.olean: OK
.lake/packages/mathlib/.lake/build/lib/lean/Mathlib/Algebra/Ring/Action/Pointwise/Finset.olean: OK
.lake/packages/mathlib/.lake/build/lib/lean/Mathlib/Algebra/Ring/Action/Pointwise/Set.olean: OK
.lake/packages/mathlib/.lake/build/lib/lean/Mathlib/Algebra/Ring/Action/Rat.olean: OK
.lake/packages/mathlib/.lake/build/lib/lean/Mathlib/Algebra/Ring/Action/Submonoid.olean: OK
.lake/packages/mathlib/.lake/build/lib/lean/Mathlib/Algebra/Ring/Action/Subobjects.olean: OK
.lake/packages/mathlib/.lake/build/lib/lean/Mathlib/Algebra/Ring/AddAut.olean: OK
.lake/packages/mathlib/.lake/build/lib/lean/Mathlib/Algebra/Ring/Associated.olean: OK
.lake/packages/mathlib/.lake/build/lib/lean/Mathlib/Algebra/Ring/Associator.olean: OK
.lake/packages/mathlib/.lake/build/lib/lean/Mathlib/Algebra/Ring/Aut.olean: OK
.lake/packages/mathlib/.lake/build/lib/lean/Mathlib/Algebra/Ring/Basic.olean: OK
.lake/packages/mathlib/.lake/build/lib/lean/Mathlib/Algebra/Ring/BooleanRing.olean: OK
.lake/packages/mathlib/.lake/build/lib/lean/Mathlib/Algebra/Ring/Center.olean: OK
.lake/packages/mathlib/.lake/build/lib/lean/Mathlib/Algebra/Ring/Centralizer.olean: OK
.lake/packages/mathlib/.lake/build/lib/lean/Mathlib/Algebra/Ring/CentroidHom.olean: OK
.lake/packages/mathlib/.lake/build/lib/lean/Mathlib/Algebra/Ring/CharZero.olean: OK
.lake/packages/mathlib/.lake/build/lib/lean/Mathlib/Algebra/Ring/Commute.olean: OK
.lake/packages/mathlib/.lake/build/lib/lean/Mathlib/Algebra/Ring/CompTypeclasses.olean: OK
.lake/packages/mathlib/.lake/build/lib/lean/Mathlib/Algebra/Ring/Defs.olean: OK
.lake/packages/mathlib/.lake/build/lib/lean/Mathlib/Algebra/Ring/Divisibility/Basic.olean: OK
.lake/packages/mathlib/.lake/build/lib/lean/Mathlib/Algebra/Ring/Divisibility/Lemmas.olean: OK
.lake/packages/mathlib/.lake/build/lib/lean/Mathlib/Algebra/Ring/Equiv.olean: OK
.lake/packages/mathlib/.lake/build/lib/lean/Mathlib/Algebra/Ring/Ext.olean: OK
.lake/packages/mathlib/.lake/build/lib/lean/Mathlib/Algebra/Ring/Fin.olean: OK
.lake/packages/mathlib/.lake/build/lib/lean/Mathlib/Algebra/Ring/GeomSum.olean: OK
.lake/packages/mathlib/.lake/build/lib/lean/Mathlib/Algebra/Ring/GrindInstances.olean: OK
.lake/packages/mathlib/.lake/build/lib/lean/Mathlib/Algebra/Ring/Hom/Defs.olean: OK
.lake/packages/mathlib/.lake/build/lib/lean/Mathlib/Algebra/Ring/Hom/InjSurj.olean: OK
.lake/packages/mathlib/.lake/build/lib/lean/Mathlib/Algebra/Ring/Idempotent.olean: OK
.lake/packages/mathlib/.lake/build/lib/lean/Mathlib/Algebra/Ring/Identities.olean: OK
.lake/packages/mathlib/.lake/build/lib/lean/Mathlib/Algebra/Ring/InjSurj.olean: OK
.lake/packages/mathlib/.lake/build/lib/lean/Mathlib/Algebra/Ring/Int/Defs.olean: OK
.lake/packages/mathlib/.lake/build/lib/lean/Mathlib/Algebra/Ring/Int/Field.olean: OK
.lake/packages/mathlib/.lake/build/lib/lean/Mathlib/Algebra/Ring/Int/Parity.olean: OK
.lake/packages/mathlib/.lake/build/lib/lean/Mathlib/Algebra/Ring/Int/Units.olean: OK
.lake/packages/mathlib/.lake/build/lib/lean/Mathlib/Algebra/Ring/Invertible.olean: OK
.lake/packages/mathlib/.lake/build/lib/lean/Mathlib/Algebra/Ring/IsFormallyReal.olean: OK
.lake/packages/mathlib/.lake/build/lib/lean/Mathlib/Algebra/Ring/MinimalAxioms.olean: OK
.lake/packages/mathlib/.lake/build/lib/lean/Mathlib/Algebra/Ring/Nat.olean: OK
.lake/packages/mathlib/.lake/build/lib/lean/Mathlib/Algebra/Ring/NegOnePow.olean: OK
.lake/packages/mathlib/.lake/build/lib/lean/Mathlib/Algebra/Ring/NonZeroDivisors.olean: OK
.lake/packages/mathlib/.lake/build/lib/lean/Mathlib/Algebra/Ring/Opposite.olean: OK
.lake/packages/mathlib/.lake/build/lib/lean/Mathlib/Algebra/Ring/PUnit.olean: OK
.lake/packages/mathlib/.lake/build/lib/lean/Mathlib/Algebra/Ring/Parity.olean: OK
.lake/packages/mathlib/.lake/build/lib/lean/Mathlib/Algebra/Ring/Periodic.olean: OK
.lake/packages/mathlib/.lake/build/lib/lean/Mathlib/Algebra/Ring/Pi.olean: OK
.lake/packages/mathlib/.lake/build/lib/lean/Mathlib/Algebra/Ring/Pointwise/Finset.olean: OK
.lake/packages/mathlib/.lake/build/lib/lean/Mathlib/Algebra/Ring/Pointwise/Set.olean: OK
.lake/packages/mathlib/.lake/build/lib/lean/Mathlib/Algebra/Ring/Prod.olean: OK
.lake/packages/mathlib/.lake/build/lib/lean/Mathlib/Algebra/Ring/Rat.olean: OK
.lake/packages/mathlib/.lake/build/lib/lean/Mathlib/Algebra/Ring/Regular.olean: OK
.lake/packages/mathlib/.lake/build/lib/lean/Mathlib/Algebra/Ring/Semiconj.olean: OK
.lake/packages/mathlib/.lake/build/lib/lean/Mathlib/Algebra/Ring/Semireal/Defs.olean: OK
.lake/packages/mathlib/.lake/build/lib/lean/Mathlib/Algebra/Ring/Shrink.olean: OK
.lake/packages/mathlib/.lake/build/lib/lean/Mathlib/Algebra/Ring/Subgroup.olean: OK
.lake/packages/mathlib/.lake/build/lib/lean/Mathlib/Algebra/Ring/Submonoid/Basic.olean: OK
.lake/packages/mathlib/.lake/build/lib/lean/Mathlib/Algebra/Ring/Submonoid/Pointwise.olean: OK
.lake/packages/mathlib/.lake/build/lib/lean/Mathlib/Algebra/Ring/Subring/Basic.olean: OK
.lake/packages/mathlib/.lake/build/lib/lean/Mathlib/Algebra/Ring/Subring/Defs.olean: OK
.lake/packages/mathlib/.lake/build/lib/lean/Mathlib/Algebra/Ring/Subring/IntPolynomial.olean: OK
.lake/packages/mathlib/.lake/build/lib/lean/Mathlib/Algebra/Ring/Subring/MulOpposite.olean: OK
.lake/packages/mathlib/.lake/build/lib/lean/Mathlib/Algebra/Ring/Subring/Order.olean: OK
.lake/packages/mathlib/.lake/build/lib/lean/Mathlib/Algebra/Ring/Subring/Pointwise.olean: OK
.lake/packages/mathlib/.lake/build/lib/lean/Mathlib/Algebra/Ring/Subring/Units.olean: OK
.lake/packages/mathlib/.lake/build/lib/lean/Mathlib/Algebra/Ring/Subsemiring/Basic.olean: OK
.lake/packages/mathlib/.lake/build/lib/lean/Mathlib/Algebra/Ring/Subsemiring/Defs.olean: OK
.lake/packages/mathlib/.lake/build/lib/lean/Mathlib/Algebra/Ring/Subsemiring/MulOpposite.olean: OK
.lake/packages/mathlib/.lake/build/lib/lean/Mathlib/Algebra/Ring/Subsemiring/Order.olean: OK
.lake/packages/mathlib/.lake/build/lib/lean/Mathlib/Algebra/Ring/Subsemiring/Pointwise.olean: OK
.lake/packages/mathlib/.lake/build/lib/lean/Mathlib/Algebra/Ring/SumsOfSquares.olean: OK
.lake/packages/mathlib/.lake/build/lib/lean/Mathlib/Algebra/Ring/Torsion.olean: OK
.lake/packages/mathlib/.lake/build/lib/lean/Mathlib/Algebra/Ring/TransferInstance.olean: OK
.lake/packages/mathlib/.lake/build/lib/lean/Mathlib/Algebra/Ring/ULift.olean: OK
.lake/packages/mathlib/.lake/build/lib/lean/Mathlib/Algebra/Ring/Units.olean: OK
.lake/packages/mathlib/.lake/build/lib/lean/Mathlib/Algebra/Ring/WithZero.olean: OK
.lake/packages/mathlib/.lake/build/lib/lean/Mathlib/Algebra/RingQuot.olean: OK
.lake/packages/mathlib/.lake/build/lib/lean/Mathlib/Algebra/SkewMonoidAlgebra/Basic.olean: OK
.lake/packages/mathlib/.lake/build/lib/lean/Mathlib/Algebra/SkewMonoidAlgebra/Lift.olean: OK
.lake/packages/mathlib/.lake/build/lib/lean/Mathlib/Algebra/SkewMonoidAlgebra/Single.olean: OK
.lake/packages/mathlib/.lake/build/lib/lean/Mathlib/Algebra/SkewMonoidAlgebra/Support.olean: OK
.lake/packages/mathlib/.lake/build/lib/lean/Mathlib/Algebra/SkewPolynomial/Basic.olean: OK
.lake/packages/mathlib/.lake/build/lib/lean/Mathlib/Algebra/Squarefree/Basic.olean: OK
.lake/packages/mathlib/.lake/build/lib/lean/Mathlib/Algebra/Star/Basic.olean: OK
.lake/packages/mathlib/.lake/build/lib/lean/Mathlib/Algebra/Star/BigOperators.olean: OK
.lake/packages/mathlib/.lake/build/lib/lean/Mathlib/Algebra/Star/CHSH.olean: OK
.lake/packages/mathlib/.lake/build/lib/lean/Mathlib/Algebra/Star/Center.olean: OK
.lake/packages/mathlib/.lake/build/lib/lean/Mathlib/Algebra/Star/CentroidHom.olean: OK
.lake/packages/mathlib/.lake/build/lib/lean/Mathlib/Algebra/Star/Conjneg.olean: OK
.lake/packages/mathlib/.lake/build/lib/lean/Mathlib/Algebra/Star/Free.olean: OK
.lake/packages/mathlib/.lake/build/lib/lean/Mathlib/Algebra/Star/LinearMap.olean: OK
.lake/packages/mathlib/.lake/build/lib/lean/Mathlib/Algebra/Star/Module.olean: OK
.lake/packages/mathlib/.lake/build/lib/lean/Mathlib/Algebra/Star/MonoidHom.olean: OK
.lake/packages/mathlib/.lake/build/lib/lean/Mathlib/Algebra/Star/NonUnitalSubalgebra.olean: OK
.lake/packages/mathlib/.lake/build/lib/lean/Mathlib/Algebra/Star/NonUnitalSubsemiring.olean: OK
.lake/packages/mathlib/.lake/build/lib/lean/Mathlib/Algebra/Star/Pi.olean: OK
.lake/packages/mathlib/.lake/build/lib/lean/Mathlib/Algebra/Star/Pointwise.olean: OK
.lake/packages/mathlib/.lake/build/lib/lean/Mathlib/Algebra/Star/Prod.olean: OK
.lake/packages/mathlib/.lake/build/lib/lean/Mathlib/Algebra/Star/Rat.olean: OK
.lake/packages/mathlib/.lake/build/lib/lean/Mathlib/Algebra/Star/RingQuot.olean: OK
.lake/packages/mathlib/.lake/build/lib/lean/Mathlib/Algebra/Star/SelfAdjoint.olean: OK
.lake/packages/mathlib/.lake/build/lib/lean/Mathlib/Algebra/Star/StarAlgHom.olean: OK
.lake/packages/mathlib/.lake/build/lib/lean/Mathlib/Algebra/Star/StarProjection.olean: OK
.lake/packages/mathlib/.lake/build/lib/lean/Mathlib/Algebra/Star/StarRingHom.olean: OK
.lake/packages/mathlib/.lake/build/lib/lean/Mathlib/Algebra/Star/Subalgebra.olean: OK
.lake/packages/mathlib/.lake/build/lib/lean/Mathlib/Algebra/Star/Subsemiring.olean: OK
.lake/packages/mathlib/.lake/build/lib/lean/Mathlib/Algebra/Star/TensorProduct.olean: OK
.lake/packages/mathlib/.lake/build/lib/lean/Mathlib/Algebra/Star/Unitary.olean: OK
.lake/packages/mathlib/.lake/build/lib/lean/Mathlib/Algebra/Star/UnitaryStarAlgAut.olean: OK
.lake/packages/mathlib/.lake/build/lib/lean/Mathlib/Algebra/Symmetrized.olean: OK
.lake/packages/mathlib/.lake/build/lib/lean/Mathlib/Algebra/TrivSqZeroExt/Basic.olean: OK
.lake/packages/mathlib/.lake/build/lib/lean/Mathlib/Algebra/TrivSqZeroExt/Ideal.olean: OK
.lake/packages/mathlib/.lake/build/lib/lean/Mathlib/Algebra/Tropical/Basic.olean: OK
.lake/packages/mathlib/.lake/build/lib/lean/Mathlib/Algebra/Tropical/BigOperators.olean: OK
.lake/packages/mathlib/.lake/build/lib/lean/Mathlib/Algebra/Tropical/Lattice.olean: OK
.lake/packages/mathlib/.lake/build/lib/lean/Mathlib/Algebra/Vertex/HVertexOperator.olean: OK
.lake/packages/mathlib/.lake/build/lib/lean/Mathlib/Algebra/Vertex/VertexOperator.olean: OK
.lake/packages/mathlib/.lake/build/lib/lean/Mathlib/Algebra/WithConv.olean: OK
.lake/packages/mathlib/.lake/build/lib/lean/Mathlib/AlgebraicGeometry/AffineScheme.olean: OK
.lake/packages/mathlib/.lake/build/lib/lean/Mathlib/AlgebraicGeometry/AffineSpace.olean: OK
.lake/packages/mathlib/.lake/build/lib/lean/Mathlib/AlgebraicGeometry/AffineTransitionLimit.olean: OK
.lake/packages/mathlib/.lake/build/lib/lean/Mathlib/AlgebraicGeometry/AlgClosed/Basic.olean: OK
.lake/packages/mathlib/.lake/build/lib/lean/Mathlib/AlgebraicGeometry/Artinian.olean: OK
.lake/packages/mathlib/.lake/build/lib/lean/Mathlib/AlgebraicGeometry/Birational/Dominant.olean: OK
.lake/packages/mathlib/.lake/build/lib/lean/Mathlib/AlgebraicGeometry/Birational/RationalMap.olean: OK
.lake/packages/mathlib/.lake/build/lib/lean/Mathlib/AlgebraicGeometry/ColimitsOver.olean: OK
.lake/packages/mathlib/.lake/build/lib/lean/Mathlib/AlgebraicGeometry/Cover/Directed.olean: OK
.lake/packages/mathlib/.lake/build/lib/lean/Mathlib/AlgebraicGeometry/Cover/MorphismProperty.olean: OK
.lake/packages/mathlib/.lake/build/lib/lean/Mathlib/AlgebraicGeometry/Cover/Open.olean: OK
.lake/packages/mathlib/.lake/build/lib/lean/Mathlib/AlgebraicGeometry/Cover/Over.olean: OK
.lake/packages/mathlib/.lake/build/lib/lean/Mathlib/AlgebraicGeometry/Cover/QuasiCompact.olean: OK
.lake/packages/mathlib/.lake/build/lib/lean/Mathlib/AlgebraicGeometry/Cover/Sigma.olean: OK
.lake/packages/mathlib/.lake/build/lib/lean/Mathlib/AlgebraicGeometry/EffectiveEpi.olean: OK
.lake/packages/mathlib/.lake/build/lib/lean/Mathlib/AlgebraicGeometry/EllipticCurve/Affine/Basic.olean: OK
.lake/packages/mathlib/.lake/build/lib/lean/Mathlib/AlgebraicGeometry/EllipticCurve/Affine/Formula.olean: OK
.lake/packages/mathlib/.lake/build/lib/lean/Mathlib/AlgebraicGeometry/EllipticCurve/Affine/Point.olean: OK
.lake/packages/mathlib/.lake/build/lib/lean/Mathlib/AlgebraicGeometry/EllipticCurve/DivisionPolynomial/Basic.olean: OK
.lake/packages/mathlib/.lake/build/lib/lean/Mathlib/AlgebraicGeometry/EllipticCurve/DivisionPolynomial/Degree.olean: OK
.lake/packages/mathlib/.lake/build/lib/lean/Mathlib/AlgebraicGeometry/EllipticCurve/IsomOfJ.olean: OK
.lake/packages/mathlib/.lake/build/lib/lean/Mathlib/AlgebraicGeometry/EllipticCurve/Jacobian/Basic.olean: OK
.lake/packages/mathlib/.lake/build/lib/lean/Mathlib/AlgebraicGeometry/EllipticCurve/Jacobian/Formula.olean: OK
.lake/packages/mathlib/.lake/build/lib/lean/Mathlib/AlgebraicGeometry/EllipticCurve/Jacobian/Point.olean: OK
.lake/packages/mathlib/.lake/build/lib/lean/Mathlib/AlgebraicGeometry/EllipticCurve/LFunction.olean: OK
.lake/packages/mathlib/.lake/build/lib/lean/Mathlib/AlgebraicGeometry/EllipticCurve/ModelsWithJ.olean: OK
.lake/packages/mathlib/.lake/build/lib/lean/Mathlib/AlgebraicGeometry/EllipticCurve/NormalForms.olean: OK
.lake/packages/mathlib/.lake/build/lib/lean/Mathlib/AlgebraicGeometry/EllipticCurve/Projective/Basic.olean: OK
.lake/packages/mathlib/.lake/build/lib/lean/Mathlib/AlgebraicGeometry/EllipticCurve/Projective/Formula.olean: OK
.lake/packages/mathlib/.lake/build/lib/lean/Mathlib/AlgebraicGeometry/EllipticCurve/Projective/Point.olean: OK
.lake/packages/mathlib/.lake/build/lib/lean/Mathlib/AlgebraicGeometry/EllipticCurve/Reduction.olean: OK
.lake/packages/mathlib/.lake/build/lib/lean/Mathlib/AlgebraicGeometry/EllipticCurve/VariableChange.olean: OK
.lake/packages/mathlib/.lake/build/lib/lean/Mathlib/AlgebraicGeometry/EllipticCurve/Weierstrass.olean: OK
.lake/packages/mathlib/.lake/build/lib/lean/Mathlib/AlgebraicGeometry/Fiber.olean: OK
.lake/packages/mathlib/.lake/build/lib/lean/Mathlib/AlgebraicGeometry/FunctionField.olean: OK
.lake/packages/mathlib/.lake/build/lib/lean/Mathlib/AlgebraicGeometry/GammaSpecAdjunction.olean: OK
.lake/packages/mathlib/.lake/build/lib/lean/Mathlib/AlgebraicGeometry/Geometrically/Basic.olean: OK
.lake/packages/mathlib/.lake/build/lib/lean/Mathlib/AlgebraicGeometry/Geometrically/Connected.olean: OK
.lake/packages/mathlib/.lake/build/lib/lean/Mathlib/AlgebraicGeometry/Geometrically/Integral.olean: OK
.lake/packages/mathlib/.lake/build/lib/lean/Mathlib/AlgebraicGeometry/Geometrically/Irreducible.olean: OK
.lake/packages/mathlib/.lake/build/lib/lean/Mathlib/AlgebraicGeometry/Geometrically/Reduced.olean: OK
.lake/packages/mathlib/.lake/build/lib/lean/Mathlib/AlgebraicGeometry/Gluing.olean: OK
.lake/packages/mathlib/.lake/build/lib/lean/Mathlib/AlgebraicGeometry/GluingOneHypercover.olean: OK
.lake/packages/mathlib/.lake/build/lib/lean/Mathlib/AlgebraicGeometry/Group/Abelian.olean: OK
.lake/packages/mathlib/.lake/build/lib/lean/Mathlib/AlgebraicGeometry/Group/Smooth.olean: OK
.lake/packages/mathlib/.lake/build/lib/lean/Mathlib/AlgebraicGeometry/IdealSheaf/Basic.olean: OK
.lake/packages/mathlib/.lake/build/lib/lean/Mathlib/AlgebraicGeometry/IdealSheaf/Functorial.olean: OK
.lake/packages/mathlib/.lake/build/lib/lean/Mathlib/AlgebraicGeometry/IdealSheaf/IrreducibleComponent.olean: OK
.lake/packages/mathlib/.lake/build/lib/lean/Mathlib/AlgebraicGeometry/IdealSheaf/Subscheme.olean: OK
.lake/packages/mathlib/.lake/build/lib/lean/Mathlib/AlgebraicGeometry/Limits.olean: OK
.lake/packages/mathlib/.lake/build/lib/lean/Mathlib/AlgebraicGeometry/LimitsOver.olean: OK
.lake/packages/mathlib/.lake/build/lib/lean/Mathlib/AlgebraicGeometry/Modules/Presheaf.olean: OK
.lake/packages/mathlib/.lake/build/lib/lean/Mathlib/AlgebraicGeometry/Modules/Sheaf.olean: OK
.lake/packages/mathlib/.lake/build/lib/lean/Mathlib/AlgebraicGeometry/Modules/Tilde.olean: OK
.lake/packages/mathlib/.lake/build/lib/lean/Mathlib/AlgebraicGeometry/Morphisms/Affine.olean: OK
.lake/packages/mathlib/.lake/build/lib/lean/Mathlib/AlgebraicGeometry/Morphisms/AffineAnd.olean: OK
.lake/packages/mathlib/.lake/build/lib/lean/Mathlib/AlgebraicGeometry/Morphisms/Basic.olean: OK
.lake/packages/mathlib/.lake/build/lib/lean/Mathlib/AlgebraicGeometry/Morphisms/ClosedImmersion.olean: OK
.lake/packages/mathlib/.lake/build/lib/lean/Mathlib/AlgebraicGeometry/Morphisms/Constructors.olean: OK
.lake/packages/mathlib/.lake/build/lib/lean/Mathlib/AlgebraicGeometry/Morphisms/Descent.olean: OK
.lake/packages/mathlib/.lake/build/lib/lean/Mathlib/AlgebraicGeometry/Morphisms/Etale.olean: OK
.lake/packages/mathlib/.lake/build/lib/lean/Mathlib/AlgebraicGeometry/Morphisms/Finite.olean: OK
.lake/packages/mathlib/.lake/build/lib/lean/Mathlib/AlgebraicGeometry/Morphisms/FinitePresentation.olean: OK
.lake/packages/mathlib/.lake/build/lib/lean/Mathlib/AlgebraicGeometry/Morphisms/FiniteType.olean: OK
.lake/packages/mathlib/.lake/build/lib/lean/Mathlib/AlgebraicGeometry/Morphisms/Flat.olean: OK
.lake/packages/mathlib/.lake/build/lib/lean/Mathlib/AlgebraicGeometry/Morphisms/FlatDescent.olean: OK
.lake/packages/mathlib/.lake/build/lib/lean/Mathlib/AlgebraicGeometry/Morphisms/FlatMono.olean: OK
.lake/packages/mathlib/.lake/build/lib/lean/Mathlib/AlgebraicGeometry/Morphisms/FlatRank.olean: OK
.lake/packages/mathlib/.lake/build/lib/lean/Mathlib/AlgebraicGeometry/Morphisms/FormallyUnramified.olean: OK
.lake/packages/mathlib/.lake/build/lib/lean/Mathlib/AlgebraicGeometry/Morphisms/Immersion.olean: OK
.lake/packages/mathlib/.lake/build/lib/lean/Mathlib/AlgebraicGeometry/Morphisms/Integral.olean: OK
.lake/packages/mathlib/.lake/build/lib/lean/Mathlib/AlgebraicGeometry/Morphisms/IsIso.olean: OK
.lake/packages/mathlib/.lake/build/lib/lean/Mathlib/AlgebraicGeometry/Morphisms/LocalClosure.olean: OK
.lake/packages/mathlib/.lake/build/lib/lean/Mathlib/AlgebraicGeometry/Morphisms/LocalFlatDescent.olean: OK
.lake/packages/mathlib/.lake/build/lib/lean/Mathlib/AlgebraicGeometry/Morphisms/LocalIso.olean: OK
.lake/packages/mathlib/.lake/build/lib/lean/Mathlib/AlgebraicGeometry/Morphisms/OpenImmersion.olean: OK
.lake/packages/mathlib/.lake/build/lib/lean/Mathlib/AlgebraicGeometry/Morphisms/Preimmersion.olean: OK
.lake/packages/mathlib/.lake/build/lib/lean/Mathlib/AlgebraicGeometry/Morphisms/Proper.olean: OK
.lake/packages/mathlib/.lake/build/lib/lean/Mathlib/AlgebraicGeometry/Morphisms/QuasiCompact.olean: OK
.lake/packages/mathlib/.lake/build/lib/lean/Mathlib/AlgebraicGeometry/Morphisms/QuasiFinite.olean: OK
.lake/packages/mathlib/.lake/build/lib/lean/Mathlib/AlgebraicGeometry/Morphisms/QuasiSeparated.olean: OK
.lake/packages/mathlib/.lake/build/lib/lean/Mathlib/AlgebraicGeometry/Morphisms/RingHomProperties.olean: OK
.lake/packages/mathlib/.lake/build/lib/lean/Mathlib/AlgebraicGeometry/Morphisms/SchemeTheoreticallyDominant.olean: OK
.lake/packages/mathlib/.lake/build/lib/lean/Mathlib/AlgebraicGeometry/Morphisms/Separated.olean: OK
.lake/packages/mathlib/.lake/build/lib/lean/Mathlib/AlgebraicGeometry/Morphisms/Smooth.olean: OK
.lake/packages/mathlib/.lake/build/lib/lean/Mathlib/AlgebraicGeometry/Morphisms/SmoothFiber.olean: OK
.lake/packages/mathlib/.lake/build/lib/lean/Mathlib/AlgebraicGeometry/Morphisms/SurjectiveOnStalks.olean: OK
.lake/packages/mathlib/.lake/build/lib/lean/Mathlib/AlgebraicGeometry/Morphisms/UnderlyingMap.olean: OK
.lake/packages/mathlib/.lake/build/lib/lean/Mathlib/AlgebraicGeometry/Morphisms/UniversallyClosed.olean: OK
.lake/packages/mathlib/.lake/build/lib/lean/Mathlib/AlgebraicGeometry/Morphisms/UniversallyInjective.olean: OK
.lake/packages/mathlib/.lake/build/lib/lean/Mathlib/AlgebraicGeometry/Morphisms/UniversallyOpen.olean: OK
.lake/packages/mathlib/.lake/build/lib/lean/Mathlib/AlgebraicGeometry/Morphisms/WeaklyEtale.olean: OK
.lake/packages/mathlib/.lake/build/lib/lean/Mathlib/AlgebraicGeometry/Noetherian.olean: OK
.lake/packages/mathlib/.lake/build/lib/lean/Mathlib/AlgebraicGeometry/Normalization.olean: OK
.lake/packages/mathlib/.lake/build/lib/lean/Mathlib/AlgebraicGeometry/OpenImmersion.olean: OK
.lake/packages/mathlib/.lake/build/lib/lean/Mathlib/AlgebraicGeometry/Over.olean: OK
.lake/packages/mathlib/.lake/build/lib/lean/Mathlib/AlgebraicGeometry/PointsPi.olean: OK
.lake/packages/mathlib/.lake/build/lib/lean/Mathlib/AlgebraicGeometry/ProjectiveSpectrum/Basic.olean: OK
.lake/packages/mathlib/.lake/build/lib/lean/Mathlib/AlgebraicGeometry/ProjectiveSpectrum/Functor.olean: OK
.lake/packages/mathlib/.lake/build/lib/lean/Mathlib/AlgebraicGeometry/ProjectiveSpectrum/Proper.olean: OK
.lake/packages/mathlib/.lake/build/lib/lean/Mathlib/AlgebraicGeometry/ProjectiveSpectrum/Scheme.olean: OK
.lake/packages/mathlib/.lake/build/lib/lean/Mathlib/AlgebraicGeometry/ProjectiveSpectrum/StructureSheaf.olean: OK
.lake/packages/mathlib/.lake/build/lib/lean/Mathlib/AlgebraicGeometry/ProjectiveSpectrum/Topology.olean: OK
.lake/packages/mathlib/.lake/build/lib/lean/Mathlib/AlgebraicGeometry/Properties.olean: OK
.lake/packages/mathlib/.lake/build/lib/lean/Mathlib/AlgebraicGeometry/PullbackCarrier.olean: OK
.lake/packages/mathlib/.lake/build/lib/lean/Mathlib/AlgebraicGeometry/Pullbacks.olean: OK
.lake/packages/mathlib/.lake/build/lib/lean/Mathlib/AlgebraicGeometry/QuasiAffine.olean: OK
.lake/packages/mathlib/.lake/build/lib/lean/Mathlib/AlgebraicGeometry/RationalMap.olean: OK
.lake/packages/mathlib/.lake/build/lib/lean/Mathlib/AlgebraicGeometry/RelativeGluing.olean: OK
.lake/packages/mathlib/.lake/build/lib/lean/Mathlib/AlgebraicGeometry/ResidueField.olean: OK
.lake/packages/mathlib/.lake/build/lib/lean/Mathlib/AlgebraicGeometry/Restrict.olean: OK
.lake/packages/mathlib/.lake/build/lib/lean/Mathlib/AlgebraicGeometry/Scheme.olean: OK
.lake/packages/mathlib/.lake/build/lib/lean/Mathlib/AlgebraicGeometry/Sites/Affine.olean: OK
.lake/packages/mathlib/.lake/build/lib/lean/Mathlib/AlgebraicGeometry/Sites/AffineEtale.olean: OK
.lake/packages/mathlib/.lake/build/lib/lean/Mathlib/AlgebraicGeometry/Sites/BigZariski.olean: OK
.lake/packages/mathlib/.lake/build/lib/lean/Mathlib/AlgebraicGeometry/Sites/ConstantSheaf.olean: OK
.lake/packages/mathlib/.lake/build/lib/lean/Mathlib/AlgebraicGeometry/Sites/ElladicCohomology.olean: OK
.lake/packages/mathlib/.lake/build/lib/lean/Mathlib/AlgebraicGeometry/Sites/Etale.olean: OK
.lake/packages/mathlib/.lake/build/lib/lean/Mathlib/AlgebraicGeometry/Sites/Fpqc.olean: OK
.lake/packages/mathlib/.lake/build/lib/lean/Mathlib/AlgebraicGeometry/Sites/MorphismProperty.olean: OK
.lake/packages/mathlib/.lake/build/lib/lean/Mathlib/AlgebraicGeometry/Sites/Pretopology.olean: OK
.lake/packages/mathlib/.lake/build/lib/lean/Mathlib/AlgebraicGeometry/Sites/Proetale.olean: OK
.lake/packages/mathlib/.lake/build/lib/lean/Mathlib/AlgebraicGeometry/Sites/QuasiCompact.olean: OK
.lake/packages/mathlib/.lake/build/lib/lean/Mathlib/AlgebraicGeometry/Sites/Representability.olean: OK
.lake/packages/mathlib/.lake/build/lib/lean/Mathlib/AlgebraicGeometry/Sites/SheafQuasiCompact.olean: OK
.lake/packages/mathlib/.lake/build/lib/lean/Mathlib/AlgebraicGeometry/Sites/Small.olean: OK
.lake/packages/mathlib/.lake/build/lib/lean/Mathlib/AlgebraicGeometry/Sites/SmallAffineZariski.olean: OK
.lake/packages/mathlib/.lake/build/lib/lean/Mathlib/AlgebraicGeometry/Spec.olean: OK
.lake/packages/mathlib/.lake/build/lib/lean/Mathlib/AlgebraicGeometry/SpreadingOut.olean: OK
.lake/packages/mathlib/.lake/build/lib/lean/Mathlib/AlgebraicGeometry/Stalk.olean: OK
.lake/packages/mathlib/.lake/build/lib/lean/Mathlib/AlgebraicGeometry/StructureSheaf.olean: OK
.lake/packages/mathlib/.lake/build/lib/lean/Mathlib/AlgebraicGeometry/ValuativeCriterion.olean: OK
.lake/packages/mathlib/.lake/build/lib/lean/Mathlib/AlgebraicGeometry/ZariskisMainTheorem.olean: OK
.lake/packages/mathlib/.lake/build/lib/lean/Mathlib/AlgebraicTopology/AlternatingFaceMapComplex.olean: OK
.lake/packages/mathlib/.lake/build/lib/lean/Mathlib/AlgebraicTopology/CechNerve.olean: OK
.lake/packages/mathlib/.lake/build/lib/lean/Mathlib/AlgebraicTopology/DoldKan/Compatibility.olean: OK
.lake/packages/mathlib/.lake/build/lib/lean/Mathlib/AlgebraicTopology/DoldKan/Decomposition.olean: OK
.lake/packages/mathlib/.lake/build/lib/lean/Mathlib/AlgebraicTopology/DoldKan/Degeneracies.olean: OK
.lake/packages/mathlib/.lake/build/lib/lean/Mathlib/AlgebraicTopology/DoldKan/Equivalence.olean: OK
.lake/packages/mathlib/.lake/build/lib/lean/Mathlib/AlgebraicTopology/DoldKan/EquivalenceAdditive.olean: OK
.lake/packages/mathlib/.lake/build/lib/lean/Mathlib/AlgebraicTopology/DoldKan/EquivalencePseudoabelian.olean: OK
.lake/packages/mathlib/.lake/build/lib/lean/Mathlib/AlgebraicTopology/DoldKan/Faces.olean: OK
.lake/packages/mathlib/.lake/build/lib/lean/Mathlib/AlgebraicTopology/DoldKan/FunctorGamma.olean: OK
.lake/packages/mathlib/.lake/build/lib/lean/Mathlib/AlgebraicTopology/DoldKan/FunctorN.olean: OK
.lake/packages/mathlib/.lake/build/lib/lean/Mathlib/AlgebraicTopology/DoldKan/GammaCompN.olean: OK
.lake/packages/mathlib/.lake/build/lib/lean/Mathlib/AlgebraicTopology/DoldKan/Homotopies.olean: OK
.lake/packages/mathlib/.lake/build/lib/lean/Mathlib/AlgebraicTopology/DoldKan/HomotopyEquivalence.olean: OK
.lake/packages/mathlib/.lake/build/lib/lean/Mathlib/AlgebraicTopology/DoldKan/NCompGamma.olean: OK
.lake/packages/mathlib/.lake/build/lib/lean/Mathlib/AlgebraicTopology/DoldKan/NReflectsIso.olean: OK
.lake/packages/mathlib/.lake/build/lib/lean/Mathlib/AlgebraicTopology/DoldKan/Normalized.olean: OK
.lake/packages/mathlib/.lake/build/lib/lean/Mathlib/AlgebraicTopology/DoldKan/Notations.olean: OK
.lake/packages/mathlib/.lake/build/lib/lean/Mathlib/AlgebraicTopology/DoldKan/PInfty.olean: OK
.lake/packages/mathlib/.lake/build/lib/lean/Mathlib/AlgebraicTopology/DoldKan/Projections.olean: OK
.lake/packages/mathlib/.lake/build/lib/lean/Mathlib/AlgebraicTopology/DoldKan/SplitSimplicialObject.olean: OK
.lake/packages/mathlib/.lake/build/lib/lean/Mathlib/AlgebraicTopology/ExtraDegeneracy.olean: OK
.lake/packages/mathlib/.lake/build/lib/lean/Mathlib/AlgebraicTopology/FundamentalGroupoid/Basic.olean: OK
.lake/packages/mathlib/.lake/build/lib/lean/Mathlib/AlgebraicTopology/FundamentalGroupoid/FundamentalGroup.olean: OK
.lake/packages/mathlib/.lake/build/lib/lean/Mathlib/AlgebraicTopology/FundamentalGroupoid/InducedMaps.olean: OK
.lake/packages/mathlib/.lake/build/lib/lean/Mathlib/AlgebraicTopology/FundamentalGroupoid/PUnit.olean: OK
.lake/packages/mathlib/.lake/build/lib/lean/Mathlib/AlgebraicTopology/FundamentalGroupoid/Product.olean: OK
.lake/packages/mathlib/.lake/build/lib/lean/Mathlib/AlgebraicTopology/FundamentalGroupoid/SimplyConnected.olean: OK
.lake/packages/mathlib/.lake/build/lib/lean/Mathlib/AlgebraicTopology/ModelCategory/Basic.olean: OK
.lake/packages/mathlib/.lake/build/lib/lean/Mathlib/AlgebraicTopology/ModelCategory/Bifibrant.olean: OK
.lake/packages/mathlib/.lake/build/lib/lean/Mathlib/AlgebraicTopology/ModelCategory/BifibrantObjectHomotopy.olean: OK
.lake/packages/mathlib/.lake/build/lib/lean/Mathlib/AlgebraicTopology/ModelCategory/BrownLemma.olean: OK
.lake/packages/mathlib/.lake/build/lib/lean/Mathlib/AlgebraicTopology/ModelCategory/CategoryWithCofibrations.olean: OK
.lake/packages/mathlib/.lake/build/lib/lean/Mathlib/AlgebraicTopology/ModelCategory/CofibrantObjectHomotopy.olean: OK
.lake/packages/mathlib/.lake/build/lib/lean/Mathlib/AlgebraicTopology/ModelCategory/Cylinder.olean: OK
.lake/packages/mathlib/.lake/build/lib/lean/Mathlib/AlgebraicTopology/ModelCategory/DerivabilityStructureCofibrant.olean: OK
.lake/packages/mathlib/.lake/build/lib/lean/Mathlib/AlgebraicTopology/ModelCategory/DerivabilityStructureFibrant.olean: OK
.lake/packages/mathlib/.lake/build/lib/lean/Mathlib/AlgebraicTopology/ModelCategory/FibrantObjectHomotopy.olean: OK
.lake/packages/mathlib/.lake/build/lib/lean/Mathlib/AlgebraicTopology/ModelCategory/FundamentalLemma.olean: OK
.lake/packages/mathlib/.lake/build/lib/lean/Mathlib/AlgebraicTopology/ModelCategory/Homotopy.olean: OK
.lake/packages/mathlib/.lake/build/lib/lean/Mathlib/AlgebraicTopology/ModelCategory/Instances.olean: OK
.lake/packages/mathlib/.lake/build/lib/lean/Mathlib/AlgebraicTopology/ModelCategory/IsCofibrant.olean: OK
.lake/packages/mathlib/.lake/build/lib/lean/Mathlib/AlgebraicTopology/ModelCategory/JoyalTrick.olean: OK
.lake/packages/mathlib/.lake/build/lib/lean/Mathlib/AlgebraicTopology/ModelCategory/LeftHomotopy.olean: OK
.lake/packages/mathlib/.lake/build/lib/lean/Mathlib/AlgebraicTopology/ModelCategory/Opposite.olean: OK
.lake/packages/mathlib/.lake/build/lib/lean/Mathlib/AlgebraicTopology/ModelCategory/Over.olean: OK
.lake/packages/mathlib/.lake/build/lib/lean/Mathlib/AlgebraicTopology/ModelCategory/PathObject.olean: OK
.lake/packages/mathlib/.lake/build/lib/lean/Mathlib/AlgebraicTopology/ModelCategory/RightHomotopy.olean: OK
.lake/packages/mathlib/.lake/build/lib/lean/Mathlib/AlgebraicTopology/ModelCategory/Transport.olean: OK
.lake/packages/mathlib/.lake/build/lib/lean/Mathlib/AlgebraicTopology/MooreComplex.olean: OK
.lake/packages/mathlib/.lake/build/lib/lean/Mathlib/AlgebraicTopology/Quasicategory/Basic.olean: OK
.lake/packages/mathlib/.lake/build/lib/lean/Mathlib/AlgebraicTopology/Quasicategory/InnerFibration.olean: OK
.lake/packages/mathlib/.lake/build/lib/lean/Mathlib/AlgebraicTopology/Quasicategory/Nerve.olean: OK
.lake/packages/mathlib/.lake/build/lib/lean/Mathlib/AlgebraicTopology/Quasicategory/StrictBicategory.olean: OK
.lake/packages/mathlib/.lake/build/lib/lean/Mathlib/AlgebraicTopology/Quasicategory/StrictSegal.olean: OK
.lake/packages/mathlib/.lake/build/lib/lean/Mathlib/AlgebraicTopology/Quasicategory/TwoTruncated.olean: OK
.lake/packages/mathlib/.lake/build/lib/lean/Mathlib/AlgebraicTopology/RelativeCellComplex/AttachCells.olean: OK
.lake/packages/mathlib/.lake/build/lib/lean/Mathlib/AlgebraicTopology/RelativeCellComplex/Basic.olean: OK
.lake/packages/mathlib/.lake/build/lib/lean/Mathlib/AlgebraicTopology/SimplexCategory/Augmented/Basic.olean: OK
.lake/packages/mathlib/.lake/build/lib/lean/Mathlib/AlgebraicTopology/SimplexCategory/Augmented/Monoidal.olean: OK
.lake/packages/mathlib/.lake/build/lib/lean/Mathlib/AlgebraicTopology/SimplexCategory/Basic.olean: OK
.lake/packages/mathlib/.lake/build/lib/lean/Mathlib/AlgebraicTopology/SimplexCategory/Defs.olean: OK
.lake/packages/mathlib/.lake/build/lib/lean/Mathlib/AlgebraicTopology/SimplexCategory/DeltaZeroIter.olean: OK
.lake/packages/mathlib/.lake/build/lib/lean/Mathlib/AlgebraicTopology/SimplexCategory/GeneratorsRelations/Basic.olean: OK
.lake/packages/mathlib/.lake/build/lib/lean/Mathlib/AlgebraicTopology/SimplexCategory/GeneratorsRelations/EpiMono.olean: OK
.lake/packages/mathlib/.lake/build/lib/lean/Mathlib/AlgebraicTopology/SimplexCategory/GeneratorsRelations/NormalForms.olean: OK
.lake/packages/mathlib/.lake/build/lib/lean/Mathlib/AlgebraicTopology/SimplexCategory/MorphismProperty.olean: OK
.lake/packages/mathlib/.lake/build/lib/lean/Mathlib/AlgebraicTopology/SimplexCategory/Rev.olean: OK
.lake/packages/mathlib/.lake/build/lib/lean/Mathlib/AlgebraicTopology/SimplexCategory/SemiSimplexCategory.olean: OK
.lake/packages/mathlib/.lake/build/lib/lean/Mathlib/AlgebraicTopology/SimplexCategory/ToMkOne.olean: OK
.lake/packages/mathlib/.lake/build/lib/lean/Mathlib/AlgebraicTopology/SimplexCategory/Truncated.olean: OK
.lake/packages/mathlib/.lake/build/lib/lean/Mathlib/AlgebraicTopology/SimplicialCategory/Basic.olean: OK
.lake/packages/mathlib/.lake/build/lib/lean/Mathlib/AlgebraicTopology/SimplicialCategory/SimplicialObject.olean: OK
.lake/packages/mathlib/.lake/build/lib/lean/Mathlib/AlgebraicTopology/SimplicialComplex/Basic.olean: OK
.lake/packages/mathlib/.lake/build/lib/lean/Mathlib/AlgebraicTopology/SimplicialNerve.olean: OK
.lake/packages/mathlib/.lake/build/lib/lean/Mathlib/AlgebraicTopology/SimplicialObject/Basic.olean: OK
.lake/packages/mathlib/.lake/build/lib/lean/Mathlib/AlgebraicTopology/SimplicialObject/ChainHomotopy.olean: OK
.lake/packages/mathlib/.lake/build/lib/lean/Mathlib/AlgebraicTopology/SimplicialObject/Coskeletal.olean: OK
.lake/packages/mathlib/.lake/build/lib/lean/Mathlib/AlgebraicTopology/SimplicialObject/DeltaZeroIter.olean: OK
.lake/packages/mathlib/.lake/build/lib/lean/Mathlib/AlgebraicTopology/SimplicialObject/Homotopy.olean: OK
.lake/packages/mathlib/.lake/build/lib/lean/Mathlib/AlgebraicTopology/SimplicialObject/II.olean: OK
.lake/packages/mathlib/.lake/build/lib/lean/Mathlib/AlgebraicTopology/SimplicialObject/Op.olean: OK
.lake/packages/mathlib/.lake/build/lib/lean/Mathlib/AlgebraicTopology/SimplicialObject/Split.olean: OK
.lake/packages/mathlib/.lake/build/lib/lean/Mathlib/AlgebraicTopology/SimplicialSet/AnodyneExtensions/Basic.olean: OK
.lake/packages/mathlib/.lake/build/lib/lean/Mathlib/AlgebraicTopology/SimplicialSet/AnodyneExtensions/Inner/Basic.olean: OK
.lake/packages/mathlib/.lake/build/lib/lean/Mathlib/AlgebraicTopology/SimplicialSet/AnodyneExtensions/IsUniquelyCodimOneFace.olean: OK
.lake/packages/mathlib/.lake/build/lib/lean/Mathlib/AlgebraicTopology/SimplicialSet/AnodyneExtensions/Op.olean: OK
.lake/packages/mathlib/.lake/build/lib/lean/Mathlib/AlgebraicTopology/SimplicialSet/AnodyneExtensions/Pairing.olean: OK
.lake/packages/mathlib/.lake/build/lib/lean/Mathlib/AlgebraicTopology/SimplicialSet/AnodyneExtensions/PairingCore.olean: OK
.lake/packages/mathlib/.lake/build/lib/lean/Mathlib/AlgebraicTopology/SimplicialSet/AnodyneExtensions/Rank.olean: OK
.lake/packages/mathlib/.lake/build/lib/lean/Mathlib/AlgebraicTopology/SimplicialSet/AnodyneExtensions/RankNat.olean: OK
.lake/packages/mathlib/.lake/build/lib/lean/Mathlib/AlgebraicTopology/SimplicialSet/AnodyneExtensions/RelativeCellComplex.olean: OK
.lake/packages/mathlib/.lake/build/lib/lean/Mathlib/AlgebraicTopology/SimplicialSet/Basic.olean: OK
.lake/packages/mathlib/.lake/build/lib/lean/Mathlib/AlgebraicTopology/SimplicialSet/Boundary.olean: OK
.lake/packages/mathlib/.lake/build/lib/lean/Mathlib/AlgebraicTopology/SimplicialSet/CategoryWithFibrations.olean: OK
.lake/packages/mathlib/.lake/build/lib/lean/Mathlib/AlgebraicTopology/SimplicialSet/CompStruct.olean: OK
.lake/packages/mathlib/.lake/build/lib/lean/Mathlib/AlgebraicTopology/SimplicialSet/CompStructTruncated.olean: OK
.lake/packages/mathlib/.lake/build/lib/lean/Mathlib/AlgebraicTopology/SimplicialSet/Coskeletal.olean: OK
.lake/packages/mathlib/.lake/build/lib/lean/Mathlib/AlgebraicTopology/SimplicialSet/Degenerate.olean: OK
.lake/packages/mathlib/.lake/build/lib/lean/Mathlib/AlgebraicTopology/SimplicialSet/Dimension.olean: OK
.lake/packages/mathlib/.lake/build/lib/lean/Mathlib/AlgebraicTopology/SimplicialSet/Finite.olean: OK
.lake/packages/mathlib/.lake/build/lib/lean/Mathlib/AlgebraicTopology/SimplicialSet/FiniteColimits.olean: OK
.lake/packages/mathlib/.lake/build/lib/lean/Mathlib/AlgebraicTopology/SimplicialSet/FiniteProd.olean: OK
.lake/packages/mathlib/.lake/build/lib/lean/Mathlib/AlgebraicTopology/SimplicialSet/HoFunctorMonoidal.olean: OK
.lake/packages/mathlib/.lake/build/lib/lean/Mathlib/AlgebraicTopology/SimplicialSet/Homology/Basic.olean: OK
.lake/packages/mathlib/.lake/build/lib/lean/Mathlib/AlgebraicTopology/SimplicialSet/Homology/HomologyZero.olean: OK
.lake/packages/mathlib/.lake/build/lib/lean/Mathlib/AlgebraicTopology/SimplicialSet/Homology/HomotopyInvariance.olean: OK
.lake/packages/mathlib/.lake/build/lib/lean/Mathlib/AlgebraicTopology/SimplicialSet/Homology/Nondegenerate.olean: OK
.lake/packages/mathlib/.lake/build/lib/lean/Mathlib/AlgebraicTopology/SimplicialSet/Homotopy.olean: OK
.lake/packages/mathlib/.lake/build/lib/lean/Mathlib/AlgebraicTopology/SimplicialSet/HomotopyCat.olean: OK
.lake/packages/mathlib/.lake/build/lib/lean/Mathlib/AlgebraicTopology/SimplicialSet/Horn.olean: OK
.lake/packages/mathlib/.lake/build/lib/lean/Mathlib/AlgebraicTopology/SimplicialSet/HornColimits.olean: OK
.lake/packages/mathlib/.lake/build/lib/lean/Mathlib/AlgebraicTopology/SimplicialSet/KanComplex.olean: OK
.lake/packages/mathlib/.lake/build/lib/lean/Mathlib/AlgebraicTopology/SimplicialSet/KanComplex/MulStruct.olean: OK
.lake/packages/mathlib/.lake/build/lib/lean/Mathlib/AlgebraicTopology/SimplicialSet/Monoidal.olean: OK
.lake/packages/mathlib/.lake/build/lib/lean/Mathlib/AlgebraicTopology/SimplicialSet/Monomorphisms.olean: OK
.lake/packages/mathlib/.lake/build/lib/lean/Mathlib/AlgebraicTopology/SimplicialSet/Nerve.olean: OK
.lake/packages/mathlib/.lake/build/lib/lean/Mathlib/AlgebraicTopology/SimplicialSet/NerveAdjunction.olean: OK
.lake/packages/mathlib/.lake/build/lib/lean/Mathlib/AlgebraicTopology/SimplicialSet/NerveNondegenerate.olean: OK
.lake/packages/mathlib/.lake/build/lib/lean/Mathlib/AlgebraicTopology/SimplicialSet/NonDegenerateSimplices.olean: OK
.lake/packages/mathlib/.lake/build/lib/lean/Mathlib/AlgebraicTopology/SimplicialSet/NonDegenerateSimplicesSubcomplex.olean: OK
.lake/packages/mathlib/.lake/build/lib/lean/Mathlib/AlgebraicTopology/SimplicialSet/Nonempty.olean: OK
.lake/packages/mathlib/.lake/build/lib/lean/Mathlib/AlgebraicTopology/SimplicialSet/Nonsingular.olean: OK
.lake/packages/mathlib/.lake/build/lib/lean/Mathlib/AlgebraicTopology/SimplicialSet/Op.olean: OK
.lake/packages/mathlib/.lake/build/lib/lean/Mathlib/AlgebraicTopology/SimplicialSet/Path.olean: OK
.lake/packages/mathlib/.lake/build/lib/lean/Mathlib/AlgebraicTopology/SimplicialSet/PiZero.olean: OK
.lake/packages/mathlib/.lake/build/lib/lean/Mathlib/AlgebraicTopology/SimplicialSet/Presentable.olean: OK
.lake/packages/mathlib/.lake/build/lib/lean/Mathlib/AlgebraicTopology/SimplicialSet/ProdStdSimplex.olean: OK
.lake/packages/mathlib/.lake/build/lib/lean/Mathlib/AlgebraicTopology/SimplicialSet/ProdStdSimplexOne.olean: OK
.lake/packages/mathlib/.lake/build/lib/lean/Mathlib/AlgebraicTopology/SimplicialSet/PushoutProduct.olean: OK
.lake/packages/mathlib/.lake/build/lib/lean/Mathlib/AlgebraicTopology/SimplicialSet/RegularEpi.olean: OK
.lake/packages/mathlib/.lake/build/lib/lean/Mathlib/AlgebraicTopology/SimplicialSet/RelativeMorphism.olean: OK
.lake/packages/mathlib/.lake/build/lib/lean/Mathlib/AlgebraicTopology/SimplicialSet/Simplices.olean: OK
.lake/packages/mathlib/.lake/build/lib/lean/Mathlib/AlgebraicTopology/SimplicialSet/Skeleton.olean: OK
.lake/packages/mathlib/.lake/build/lib/lean/Mathlib/AlgebraicTopology/SimplicialSet/Splitting.olean: OK
.lake/packages/mathlib/.lake/build/lib/lean/Mathlib/AlgebraicTopology/SimplicialSet/StdSimplex.olean: OK
.lake/packages/mathlib/.lake/build/lib/lean/Mathlib/AlgebraicTopology/SimplicialSet/StdSimplexOne.olean: OK
.lake/packages/mathlib/.lake/build/lib/lean/Mathlib/AlgebraicTopology/SimplicialSet/StrictSegal.olean: OK
.lake/packages/mathlib/.lake/build/lib/lean/Mathlib/AlgebraicTopology/SimplicialSet/Subcomplex.olean: OK
.lake/packages/mathlib/.lake/build/lib/lean/Mathlib/AlgebraicTopology/SimplicialSet/SubcomplexColimits.olean: OK
.lake/packages/mathlib/.lake/build/lib/lean/Mathlib/AlgebraicTopology/SimplicialSet/SubcomplexEvaluation.olean: OK
.lake/packages/mathlib/.lake/build/lib/lean/Mathlib/AlgebraicTopology/SimplicialSet/SubcomplexOp.olean: OK
.lake/packages/mathlib/.lake/build/lib/lean/Mathlib/AlgebraicTopology/SimplicialSet/Subdivision.olean: OK
.lake/packages/mathlib/.lake/build/lib/lean/Mathlib/AlgebraicTopology/SimplicialSet/TopAdj.olean: OK
.lake/packages/mathlib/.lake/build/lib/lean/Mathlib/AlgebraicTopology/SingularHomology/Basic.olean: OK
.lake/packages/mathlib/.lake/build/lib/lean/Mathlib/AlgebraicTopology/SingularHomology/HomologyZero.olean: OK
.lake/packages/mathlib/.lake/build/lib/lean/Mathlib/AlgebraicTopology/SingularHomology/HomotopyInvariance.olean: OK
.lake/packages/mathlib/.lake/build/lib/lean/Mathlib/AlgebraicTopology/SingularHomology/HomotopyInvarianceTopCat.olean: OK
.lake/packages/mathlib/.lake/build/lib/lean/Mathlib/AlgebraicTopology/SingularSet.olean: OK
.lake/packages/mathlib/.lake/build/lib/lean/Mathlib/AlgebraicTopology/TopologicalSimplex.olean: OK
.lake/packages/mathlib/.lake/build/lib/lean/Mathlib/Analysis/AbsoluteValue/Equivalence.olean: OK
.lake/packages/mathlib/.lake/build/lib/lean/Mathlib/Analysis/Analytic/Basic.olean: OK
.lake/packages/mathlib/.lake/build/lib/lean/Mathlib/Analysis/Analytic/Binomial.olean: OK
.lake/packages/mathlib/.lake/build/lib/lean/Mathlib/Analysis/Analytic/CPolynomial.olean: OK
.lake/packages/mathlib/.lake/build/lib/lean/Mathlib/Analysis/Analytic/CPolynomialDef.olean: OK
.lake/packages/mathlib/.lake/build/lib/lean/Mathlib/Analysis/Analytic/ChangeOrigin.olean: OK
.lake/packages/mathlib/.lake/build/lib/lean/Mathlib/Analysis/Analytic/Composition.olean: OK
.lake/packages/mathlib/.lake/build/lib/lean/Mathlib/Analysis/Analytic/Constructions.olean: OK
.lake/packages/mathlib/.lake/build/lib/lean/Mathlib/Analysis/Analytic/ConvergenceRadius.olean: OK
.lake/packages/mathlib/.lake/build/lib/lean/Mathlib/Analysis/Analytic/Inverse.olean: OK
.lake/packages/mathlib/.lake/build/lib/lean/Mathlib/Analysis/Analytic/IsolatedZeros.olean: OK
.lake/packages/mathlib/.lake/build/lib/lean/Mathlib/Analysis/Analytic/IteratedFDeriv.olean: OK
.lake/packages/mathlib/.lake/build/lib/lean/Mathlib/Analysis/Analytic/Linear.olean: OK
.lake/packages/mathlib/.lake/build/lib/lean/Mathlib/Analysis/Analytic/OfScalars.olean: OK
.lake/packages/mathlib/.lake/build/lib/lean/Mathlib/Analysis/Analytic/Order.olean: OK
.lake/packages/mathlib/.lake/build/lib/lean/Mathlib/Analysis/Analytic/Polynomial.olean: OK
.lake/packages/mathlib/.lake/build/lib/lean/Mathlib/Analysis/Analytic/RadiusLiminf.olean: OK
.lake/packages/mathlib/.lake/build/lib/lean/Mathlib/Analysis/Analytic/Uniqueness.olean: OK
.lake/packages/mathlib/.lake/build/lib/lean/Mathlib/Analysis/Analytic/WithLp.olean: OK
.lake/packages/mathlib/.lake/build/lib/lean/Mathlib/Analysis/Analytic/Within.olean: OK
.lake/packages/mathlib/.lake/build/lib/lean/Mathlib/Analysis/AperiodicOrder/Delone/Basic.olean: OK
.lake/packages/mathlib/.lake/build/lib/lean/Mathlib/Analysis/Asymptotics/AsymptoticEquivalent.olean: OK
.lake/packages/mathlib/.lake/build/lib/lean/Mathlib/Analysis/Asymptotics/Completion.olean: OK
.lake/packages/mathlib/.lake/build/lib/lean/Mathlib/Analysis/Asymptotics/Defs.olean: OK
.lake/packages/mathlib/.lake/build/lib/lean/Mathlib/Analysis/Asymptotics/ExpGrowth.olean: OK
.lake/packages/mathlib/.lake/build/lib/lean/Mathlib/Analysis/Asymptotics/Lemmas.olean: OK
.lake/packages/mathlib/.lake/build/lib/lean/Mathlib/Analysis/Asymptotics/LinearGrowth.olean: OK
.lake/packages/mathlib/.lake/build/lib/lean/Mathlib/Analysis/Asymptotics/SpecificAsymptotics.olean: OK
.lake/packages/mathlib/.lake/build/lib/lean/Mathlib/Analysis/Asymptotics/SuperpolynomialDecay.olean: OK
.lake/packages/mathlib/.lake/build/lib/lean/Mathlib/Analysis/Asymptotics/TVS.olean: OK
.lake/packages/mathlib/.lake/build/lib/lean/Mathlib/Analysis/Asymptotics/Theta.olean: OK
.lake/packages/mathlib/.lake/build/lib/lean/Mathlib/Analysis/BoundedVariation.olean: OK
.lake/packages/mathlib/.lake/build/lib/lean/Mathlib/Analysis/BoxIntegral/Basic.olean: OK
.lake/packages/mathlib/.lake/build/lib/lean/Mathlib/Analysis/BoxIntegral/Box/Basic.olean: OK
.lake/packages/mathlib/.lake/build/lib/lean/Mathlib/Analysis/BoxIntegral/Box/SubboxInduction.olean: OK
.lake/packages/mathlib/.lake/build/lib/lean/Mathlib/Analysis/BoxIntegral/DivergenceTheorem.olean: OK
.lake/packages/mathlib/.lake/build/lib/lean/Mathlib/Analysis/BoxIntegral/Integrability.olean: OK
.lake/packages/mathlib/.lake/build/lib/lean/Mathlib/Analysis/BoxIntegral/Partition/Additive.olean: OK
.lake/packages/mathlib/.lake/build/lib/lean/Mathlib/Analysis/BoxIntegral/Partition/Basic.olean: OK
.lake/packages/mathlib/.lake/build/lib/lean/Mathlib/Analysis/BoxIntegral/Partition/Filter.olean: OK
.lake/packages/mathlib/.lake/build/lib/lean/Mathlib/Analysis/BoxIntegral/Partition/Measure.olean: OK
.lake/packages/mathlib/.lake/build/lib/lean/Mathlib/Analysis/BoxIntegral/Partition/Split.olean: OK
.lake/packages/mathlib/.lake/build/lib/lean/Mathlib/Analysis/BoxIntegral/Partition/SubboxInduction.olean: OK
.lake/packages/mathlib/.lake/build/lib/lean/Mathlib/Analysis/BoxIntegral/Partition/Tagged.olean: OK
.lake/packages/mathlib/.lake/build/lib/lean/Mathlib/Analysis/BoxIntegral/UnitPartition.olean: OK
.lake/packages/mathlib/.lake/build/lib/lean/Mathlib/Analysis/CStarAlgebra/ApproximateUnit.olean: OK
.lake/packages/mathlib/.lake/build/lib/lean/Mathlib/Analysis/CStarAlgebra/Basic.olean: OK
.lake/packages/mathlib/.lake/build/lib/lean/Mathlib/Analysis/CStarAlgebra/CStarMatrix.olean: OK
.lake/packages/mathlib/.lake/build/lib/lean/Mathlib/Analysis/CStarAlgebra/Classes.olean: OK
.lake/packages/mathlib/.lake/build/lib/lean/Mathlib/Analysis/CStarAlgebra/CompletelyPositiveMap.olean: OK
.lake/packages/mathlib/.lake/build/lib/lean/Mathlib/Analysis/CStarAlgebra/ContinuousFunctionalCalculus/Basic.olean: OK
.lake/packages/mathlib/.lake/build/lib/lean/Mathlib/Analysis/CStarAlgebra/ContinuousFunctionalCalculus/Commute.olean: OK
.lake/packages/mathlib/.lake/build/lib/lean/Mathlib/Analysis/CStarAlgebra/ContinuousFunctionalCalculus/Continuity.olean: OK
.lake/packages/mathlib/.lake/build/lib/lean/Mathlib/Analysis/CStarAlgebra/ContinuousFunctionalCalculus/Instances.olean: OK
.lake/packages/mathlib/.lake/build/lib/lean/Mathlib/Analysis/CStarAlgebra/ContinuousFunctionalCalculus/Integral.olean: OK
.lake/packages/mathlib/.lake/build/lib/lean/Mathlib/Analysis/CStarAlgebra/ContinuousFunctionalCalculus/Isometric.olean: OK
.lake/packages/mathlib/.lake/build/lib/lean/Mathlib/Analysis/CStarAlgebra/ContinuousFunctionalCalculus/NonUnital.olean: OK
.lake/packages/mathlib/.lake/build/lib/lean/Mathlib/Analysis/CStarAlgebra/ContinuousFunctionalCalculus/Note.olean: OK
.lake/packages/mathlib/.lake/build/lib/lean/Mathlib/Analysis/CStarAlgebra/ContinuousFunctionalCalculus/Order.olean: OK
.lake/packages/mathlib/.lake/build/lib/lean/Mathlib/Analysis/CStarAlgebra/ContinuousFunctionalCalculus/Pi.olean: OK
.lake/packages/mathlib/.lake/build/lib/lean/Mathlib/Analysis/CStarAlgebra/ContinuousFunctionalCalculus/Projection.olean: OK
.lake/packages/mathlib/.lake/build/lib/lean/Mathlib/Analysis/CStarAlgebra/ContinuousFunctionalCalculus/Range.olean: OK
.lake/packages/mathlib/.lake/build/lib/lean/Mathlib/Analysis/CStarAlgebra/ContinuousFunctionalCalculus/RealImaginaryPart.olean: OK
.lake/packages/mathlib/.lake/build/lib/lean/Mathlib/Analysis/CStarAlgebra/ContinuousFunctionalCalculus/Restrict.olean: OK
.lake/packages/mathlib/.lake/build/lib/lean/Mathlib/Analysis/CStarAlgebra/ContinuousFunctionalCalculus/Unique.olean: OK
.lake/packages/mathlib/.lake/build/lib/lean/Mathlib/Analysis/CStarAlgebra/ContinuousFunctionalCalculus/Unital.olean: OK
.lake/packages/mathlib/.lake/build/lib/lean/Mathlib/Analysis/CStarAlgebra/ContinuousFunctionalCalculus/Unitary.olean: OK
.lake/packages/mathlib/.lake/build/lib/lean/Mathlib/Analysis/CStarAlgebra/ContinuousLinearMap.olean: OK
.lake/packages/mathlib/.lake/build/lib/lean/Mathlib/Analysis/CStarAlgebra/ContinuousMap.olean: OK
.lake/packages/mathlib/.lake/build/lib/lean/Mathlib/Analysis/CStarAlgebra/Exponential.olean: OK
.lake/packages/mathlib/.lake/build/lib/lean/Mathlib/Analysis/CStarAlgebra/Extreme.olean: OK
.lake/packages/mathlib/.lake/build/lib/lean/Mathlib/Analysis/CStarAlgebra/Fuglede.olean: OK
.lake/packages/mathlib/.lake/build/lib/lean/Mathlib/Analysis/CStarAlgebra/GelfandDuality.olean: OK
.lake/packages/mathlib/.lake/build/lib/lean/Mathlib/Analysis/CStarAlgebra/GelfandNaimarkSegal.olean: OK
.lake/packages/mathlib/.lake/build/lib/lean/Mathlib/Analysis/CStarAlgebra/Hom.olean: OK
.lake/packages/mathlib/.lake/build/lib/lean/Mathlib/Analysis/CStarAlgebra/Matrix.olean: OK
.lake/packages/mathlib/.lake/build/lib/lean/Mathlib/Analysis/CStarAlgebra/Module/Constructions.olean: OK
.lake/packages/mathlib/.lake/build/lib/lean/Mathlib/Analysis/CStarAlgebra/Module/Defs.olean: OK
.lake/packages/mathlib/.lake/build/lib/lean/Mathlib/Analysis/CStarAlgebra/Module/Synonym.olean: OK
.lake/packages/mathlib/.lake/build/lib/lean/Mathlib/Analysis/CStarAlgebra/Multiplier.olean: OK
.lake/packages/mathlib/.lake/build/lib/lean/Mathlib/Analysis/CStarAlgebra/PositiveLinearMap.olean: OK
.lake/packages/mathlib/.lake/build/lib/lean/Mathlib/Analysis/CStarAlgebra/Projection.olean: OK
.lake/packages/mathlib/.lake/build/lib/lean/Mathlib/Analysis/CStarAlgebra/SpecialFunctions/PosPart.olean: OK
.lake/packages/mathlib/.lake/build/lib/lean/Mathlib/Analysis/CStarAlgebra/Spectrum.olean: OK
.lake/packages/mathlib/.lake/build/lib/lean/Mathlib/Analysis/CStarAlgebra/Unitary/Connected.olean: OK
.lake/packages/mathlib/.lake/build/lib/lean/Mathlib/Analysis/CStarAlgebra/Unitary/Maps.olean: OK
.lake/packages/mathlib/.lake/build/lib/lean/Mathlib/Analysis/CStarAlgebra/Unitary/Span.olean: OK
.lake/packages/mathlib/.lake/build/lib/lean/Mathlib/Analysis/CStarAlgebra/Unitization.olean: OK
.lake/packages/mathlib/.lake/build/lib/lean/Mathlib/Analysis/CStarAlgebra/lpSpace.olean: OK
.lake/packages/mathlib/.lake/build/lib/lean/Mathlib/Analysis/Calculus/AbsolutelyMonotone.olean: OK
.lake/packages/mathlib/.lake/build/lib/lean/Mathlib/Analysis/Calculus/AddTorsor/AffineMap.olean: OK
.lake/packages/mathlib/.lake/build/lib/lean/Mathlib/Analysis/Calculus/AddTorsor/Coord.olean: OK
.lake/packages/mathlib/.lake/build/lib/lean/Mathlib/Analysis/Calculus/BumpFunction/Basic.olean: OK
.lake/packages/mathlib/.lake/build/lib/lean/Mathlib/Analysis/Calculus/BumpFunction/Convolution.olean: OK
.lake/packages/mathlib/.lake/build/lib/lean/Mathlib/Analysis/Calculus/BumpFunction/FiniteDimension.olean: OK
.lake/packages/mathlib/.lake/build/lib/lean/Mathlib/Analysis/Calculus/BumpFunction/InnerProduct.olean: OK
.lake/packages/mathlib/.lake/build/lib/lean/Mathlib/Analysis/Calculus/BumpFunction/Normed.olean: OK
.lake/packages/mathlib/.lake/build/lib/lean/Mathlib/Analysis/Calculus/BumpFunction/SmoothApprox.olean: OK
.lake/packages/mathlib/.lake/build/lib/lean/Mathlib/Analysis/Calculus/Conformal/InnerProduct.olean: OK
.lake/packages/mathlib/.lake/build/lib/lean/Mathlib/Analysis/Calculus/Conformal/NormedSpace.olean: OK
.lake/packages/mathlib/.lake/build/lib/lean/Mathlib/Analysis/Calculus/ContDiff/Basic.olean: OK
.lake/packages/mathlib/.lake/build/lib/lean/Mathlib/Analysis/Calculus/ContDiff/Bounds.olean: OK
.lake/packages/mathlib/.lake/build/lib/lean/Mathlib/Analysis/Calculus/ContDiff/CPolynomial.olean: OK
.lake/packages/mathlib/.lake/build/lib/lean/Mathlib/Analysis/Calculus/ContDiff/Comp.olean: OK
.lake/packages/mathlib/.lake/build/lib/lean/Mathlib/Analysis/Calculus/ContDiff/Convolution.olean: OK
.lake/packages/mathlib/.lake/build/lib/lean/Mathlib/Analysis/Calculus/ContDiff/Defs.olean: OK
.lake/packages/mathlib/.lake/build/lib/lean/Mathlib/Analysis/Calculus/ContDiff/Deriv.olean: OK
.lake/packages/mathlib/.lake/build/lib/lean/Mathlib/Analysis/Calculus/ContDiff/FTaylorSeries.olean: OK
.lake/packages/mathlib/.lake/build/lib/lean/Mathlib/Analysis/Calculus/ContDiff/FaaDiBruno.olean: OK
.lake/packages/mathlib/.lake/build/lib/lean/Mathlib/Analysis/Calculus/ContDiff/FiniteDimension.olean: OK
.lake/packages/mathlib/.lake/build/lib/lean/Mathlib/Analysis/Calculus/ContDiff/Operations.olean: OK
.lake/packages/mathlib/.lake/build/lib/lean/Mathlib/Analysis/Calculus/ContDiff/Polynomial.olean: OK
.lake/packages/mathlib/.lake/build/lib/lean/Mathlib/Analysis/Calculus/ContDiff/RCLike.olean: OK
.lake/packages/mathlib/.lake/build/lib/lean/Mathlib/Analysis/Calculus/ContDiff/RestrictScalars.olean: OK
.lake/packages/mathlib/.lake/build/lib/lean/Mathlib/Analysis/Calculus/ContDiff/WithLp.olean: OK
.lake/packages/mathlib/.lake/build/lib/lean/Mathlib/Analysis/Calculus/ContDiffHolder/Pointwise.olean: OK
.lake/packages/mathlib/.lake/build/lib/lean/Mathlib/Analysis/Calculus/DSlope.olean: OK
.lake/packages/mathlib/.lake/build/lib/lean/Mathlib/Analysis/Calculus/Darboux.olean: OK
.lake/packages/mathlib/.lake/build/lib/lean/Mathlib/Analysis/Calculus/Deriv/Abs.olean: OK
.lake/packages/mathlib/.lake/build/lib/lean/Mathlib/Analysis/Calculus/Deriv/Add.olean: OK
.lake/packages/mathlib/.lake/build/lib/lean/Mathlib/Analysis/Calculus/Deriv/AffineMap.olean: OK
.lake/packages/mathlib/.lake/build/lib/lean/Mathlib/Analysis/Calculus/Deriv/Basic.olean: OK
.lake/packages/mathlib/.lake/build/lib/lean/Mathlib/Analysis/Calculus/Deriv/Comp.olean: OK
.lake/packages/mathlib/.lake/build/lib/lean/Mathlib/Analysis/Calculus/Deriv/CompMul.olean: OK
.lake/packages/mathlib/.lake/build/lib/lean/Mathlib/Analysis/Calculus/Deriv/Inv.olean: OK
.lake/packages/mathlib/.lake/build/lib/lean/Mathlib/Analysis/Calculus/Deriv/Inverse.olean: OK
.lake/packages/mathlib/.lake/build/lib/lean/Mathlib/Analysis/Calculus/Deriv/Linear.olean: OK
.lake/packages/mathlib/.lake/build/lib/lean/Mathlib/Analysis/Calculus/Deriv/MeanValue.olean: OK
.lake/packages/mathlib/.lake/build/lib/lean/Mathlib/Analysis/Calculus/Deriv/Mul.olean: OK
.lake/packages/mathlib/.lake/build/lib/lean/Mathlib/Analysis/Calculus/Deriv/Pi.olean: OK
.lake/packages/mathlib/.lake/build/lib/lean/Mathlib/Analysis/Calculus/Deriv/Polynomial.olean: OK
.lake/packages/mathlib/.lake/build/lib/lean/Mathlib/Analysis/Calculus/Deriv/Pow.olean: OK
.lake/packages/mathlib/.lake/build/lib/lean/Mathlib/Analysis/Calculus/Deriv/Prod.olean: OK
.lake/packages/mathlib/.lake/build/lib/lean/Mathlib/Analysis/Calculus/Deriv/Shift.olean: OK
.lake/packages/mathlib/.lake/build/lib/lean/Mathlib/Analysis/Calculus/Deriv/Slope.olean: OK
.lake/packages/mathlib/.lake/build/lib/lean/Mathlib/Analysis/Calculus/Deriv/Star.olean: OK
.lake/packages/mathlib/.lake/build/lib/lean/Mathlib/Analysis/Calculus/Deriv/Support.olean: OK
.lake/packages/mathlib/.lake/build/lib/lean/Mathlib/Analysis/Calculus/Deriv/ZPow.olean: OK
.lake/packages/mathlib/.lake/build/lib/lean/Mathlib/Analysis/Calculus/DerivativeTest.olean: OK
.lake/packages/mathlib/.lake/build/lib/lean/Mathlib/Analysis/Calculus/DiffContOnCl.olean: OK
.lake/packages/mathlib/.lake/build/lib/lean/Mathlib/Analysis/Calculus/DifferentialForm/Basic.olean: OK
.lake/packages/mathlib/.lake/build/lib/lean/Mathlib/Analysis/Calculus/DifferentialForm/VectorField.olean: OK
.lake/packages/mathlib/.lake/build/lib/lean/Mathlib/Analysis/Calculus/FDeriv/Add.olean: OK
.lake/packages/mathlib/.lake/build/lib/lean/Mathlib/Analysis/Calculus/FDeriv/Affine.olean: OK
.lake/packages/mathlib/.lake/build/lib/lean/Mathlib/Analysis/Calculus/FDeriv/Analytic.olean: OK
.lake/packages/mathlib/.lake/build/lib/lean/Mathlib/Analysis/Calculus/FDeriv/Basic.olean: OK
.lake/packages/mathlib/.lake/build/lib/lean/Mathlib/Analysis/Calculus/FDeriv/Bilinear.olean: OK
.lake/packages/mathlib/.lake/build/lib/lean/Mathlib/Analysis/Calculus/FDeriv/Comp.olean: OK
.lake/packages/mathlib/.lake/build/lib/lean/Mathlib/Analysis/Calculus/FDeriv/CompCLM.olean: OK
.lake/packages/mathlib/.lake/build/lib/lean/Mathlib/Analysis/Calculus/FDeriv/Congr.olean: OK
.lake/packages/mathlib/.lake/build/lib/lean/Mathlib/Analysis/Calculus/FDeriv/Const.olean: OK
.lake/packages/mathlib/.lake/build/lib/lean/Mathlib/Analysis/Calculus/FDeriv/ContinuousAlternatingMap.olean: OK
.lake/packages/mathlib/.lake/build/lib/lean/Mathlib/Analysis/Calculus/FDeriv/ContinuousMultilinearMap.olean: OK
.lake/packages/mathlib/.lake/build/lib/lean/Mathlib/Analysis/Calculus/FDeriv/Defs.olean: OK
.lake/packages/mathlib/.lake/build/lib/lean/Mathlib/Analysis/Calculus/FDeriv/Equiv.olean: OK
.lake/packages/mathlib/.lake/build/lib/lean/Mathlib/Analysis/Calculus/FDeriv/Extend.olean: OK
.lake/packages/mathlib/.lake/build/lib/lean/Mathlib/Analysis/Calculus/FDeriv/Linear.olean: OK
.lake/packages/mathlib/.lake/build/lib/lean/Mathlib/Analysis/Calculus/FDeriv/Measurable.olean: OK
.lake/packages/mathlib/.lake/build/lib/lean/Mathlib/Analysis/Calculus/FDeriv/Mul.olean: OK
.lake/packages/mathlib/.lake/build/lib/lean/Mathlib/Analysis/Calculus/FDeriv/Norm.olean: OK
.lake/packages/mathlib/.lake/build/lib/lean/Mathlib/Analysis/Calculus/FDeriv/OfCompLeft.olean: OK
.lake/packages/mathlib/.lake/build/lib/lean/Mathlib/Analysis/Calculus/FDeriv/Partial.olean: OK
.lake/packages/mathlib/.lake/build/lib/lean/Mathlib/Analysis/Calculus/FDeriv/Pi.olean: OK
.lake/packages/mathlib/.lake/build/lib/lean/Mathlib/Analysis/Calculus/FDeriv/Pow.olean: OK
.lake/packages/mathlib/.lake/build/lib/lean/Mathlib/Analysis/Calculus/FDeriv/Prod.olean: OK
.lake/packages/mathlib/.lake/build/lib/lean/Mathlib/Analysis/Calculus/FDeriv/RestrictScalars.olean: OK
.lake/packages/mathlib/.lake/build/lib/lean/Mathlib/Analysis/Calculus/FDeriv/Star.olean: OK
.lake/packages/mathlib/.lake/build/lib/lean/Mathlib/Analysis/Calculus/FDeriv/Symmetric.olean: OK
.lake/packages/mathlib/.lake/build/lib/lean/Mathlib/Analysis/Calculus/FDeriv/WithLp.olean: OK
.lake/packages/mathlib/.lake/build/lib/lean/Mathlib/Analysis/Calculus/FormalMultilinearSeries.olean: OK
.lake/packages/mathlib/.lake/build/lib/lean/Mathlib/Analysis/Calculus/Gradient/Basic.olean: OK
.lake/packages/mathlib/.lake/build/lib/lean/Mathlib/Analysis/Calculus/Implicit.olean: OK
.lake/packages/mathlib/.lake/build/lib/lean/Mathlib/Analysis/Calculus/ImplicitContDiff.olean: OK
.lake/packages/mathlib/.lake/build/lib/lean/Mathlib/Analysis/Calculus/ImplicitFunction/Bivariate.olean: OK
.lake/packages/mathlib/.lake/build/lib/lean/Mathlib/Analysis/Calculus/ImplicitFunction/ProdDomain.olean: OK
.lake/packages/mathlib/.lake/build/lib/lean/Mathlib/Analysis/Calculus/InverseFunctionTheorem/Analytic.olean: OK
.lake/packages/mathlib/.lake/build/lib/lean/Mathlib/Analysis/Calculus/InverseFunctionTheorem/ApproximatesLinearOn.olean: OK
.lake/packages/mathlib/.lake/build/lib/lean/Mathlib/Analysis/Calculus/InverseFunctionTheorem/ContDiff.olean: OK
.lake/packages/mathlib/.lake/build/lib/lean/Mathlib/Analysis/Calculus/InverseFunctionTheorem/Deriv.olean: OK
.lake/packages/mathlib/.lake/build/lib/lean/Mathlib/Analysis/Calculus/InverseFunctionTheorem/FDeriv.olean: OK
.lake/packages/mathlib/.lake/build/lib/lean/Mathlib/Analysis/Calculus/InverseFunctionTheorem/FiniteDimensional.olean: OK
.lake/packages/mathlib/.lake/build/lib/lean/Mathlib/Analysis/Calculus/IteratedDeriv/ConvergenceOnBall.olean: OK
.lake/packages/mathlib/.lake/build/lib/lean/Mathlib/Analysis/Calculus/IteratedDeriv/Defs.olean: OK
.lake/packages/mathlib/.lake/build/lib/lean/Mathlib/Analysis/Calculus/IteratedDeriv/FaaDiBruno.olean: OK
.lake/packages/mathlib/.lake/build/lib/lean/Mathlib/Analysis/Calculus/IteratedDeriv/Lemmas.olean: OK
.lake/packages/mathlib/.lake/build/lib/lean/Mathlib/Analysis/Calculus/IteratedDeriv/WithinZpow.olean: OK
.lake/packages/mathlib/.lake/build/lib/lean/Mathlib/Analysis/Calculus/LHopital.olean: OK
.lake/packages/mathlib/.lake/build/lib/lean/Mathlib/Analysis/Calculus/LagrangeMultipliers.olean: OK
.lake/packages/mathlib/.lake/build/lib/lean/Mathlib/Analysis/Calculus/LineDeriv/Basic.olean: OK
.lake/packages/mathlib/.lake/build/lib/lean/Mathlib/Analysis/Calculus/LineDeriv/IntegrationByParts.olean: OK
.lake/packages/mathlib/.lake/build/lib/lean/Mathlib/Analysis/Calculus/LineDeriv/Measurable.olean: OK
.lake/packages/mathlib/.lake/build/lib/lean/Mathlib/Analysis/Calculus/LineDeriv/QuadraticMap.olean: OK
.lake/packages/mathlib/.lake/build/lib/lean/Mathlib/Analysis/Calculus/LocalExtr/Basic.olean: OK
.lake/packages/mathlib/.lake/build/lib/lean/Mathlib/Analysis/Calculus/LocalExtr/LineDeriv.olean: OK
.lake/packages/mathlib/.lake/build/lib/lean/Mathlib/Analysis/Calculus/LocalExtr/Polynomial.olean: OK
.lake/packages/mathlib/.lake/build/lib/lean/Mathlib/Analysis/Calculus/LocalExtr/Rolle.olean: OK
.lake/packages/mathlib/.lake/build/lib/lean/Mathlib/Analysis/Calculus/LogDeriv.olean: OK
.lake/packages/mathlib/.lake/build/lib/lean/Mathlib/Analysis/Calculus/LogDerivUniformlyOn.olean: OK
.lake/packages/mathlib/.lake/build/lib/lean/Mathlib/Analysis/Calculus/MeanValue.olean: OK
.lake/packages/mathlib/.lake/build/lib/lean/Mathlib/Analysis/Calculus/Monotone.olean: OK
.lake/packages/mathlib/.lake/build/lib/lean/Mathlib/Analysis/Calculus/ParametricIntegral.olean: OK
.lake/packages/mathlib/.lake/build/lib/lean/Mathlib/Analysis/Calculus/ParametricIntervalIntegral.olean: OK
.lake/packages/mathlib/.lake/build/lib/lean/Mathlib/Analysis/Calculus/Rademacher.olean: OK
.lake/packages/mathlib/.lake/build/lib/lean/Mathlib/Analysis/Calculus/SmoothSeries.olean: OK
.lake/packages/mathlib/.lake/build/lib/lean/Mathlib/Analysis/Calculus/TangentCone.olean: OK
.lake/packages/mathlib/.lake/build/lib/lean/Mathlib/Analysis/Calculus/TangentCone/Basic.olean: OK
.lake/packages/mathlib/.lake/build/lib/lean/Mathlib/Analysis/Calculus/TangentCone/Defs.olean: OK
.lake/packages/mathlib/.lake/build/lib/lean/Mathlib/Analysis/Calculus/TangentCone/DimOne.olean: OK
.lake/packages/mathlib/.lake/build/lib/lean/Mathlib/Analysis/Calculus/TangentCone/Pi.olean: OK
.lake/packages/mathlib/.lake/build/lib/lean/Mathlib/Analysis/Calculus/TangentCone/Prod.olean: OK
.lake/packages/mathlib/.lake/build/lib/lean/Mathlib/Analysis/Calculus/TangentCone/ProperSpace.olean: OK
.lake/packages/mathlib/.lake/build/lib/lean/Mathlib/Analysis/Calculus/TangentCone/Real.olean: OK
.lake/packages/mathlib/.lake/build/lib/lean/Mathlib/Analysis/Calculus/TangentCone/Seq.olean: OK
.lake/packages/mathlib/.lake/build/lib/lean/Mathlib/Analysis/Calculus/Taylor.olean: OK
.lake/packages/mathlib/.lake/build/lib/lean/Mathlib/Analysis/Calculus/UniformLimitsDeriv.olean: OK
.lake/packages/mathlib/.lake/build/lib/lean/Mathlib/Analysis/Calculus/VectorField.olean: OK
.lake/packages/mathlib/.lake/build/lib/lean/Mathlib/Analysis/Complex/AbelLimit.olean: OK
.lake/packages/mathlib/.lake/build/lib/lean/Mathlib/Analysis/Complex/AbsMax.olean: OK
.lake/packages/mathlib/.lake/build/lib/lean/Mathlib/Analysis/Complex/Angle.olean: OK
.lake/packages/mathlib/.lake/build/lib/lean/Mathlib/Analysis/Complex/Arg.olean: OK
.lake/packages/mathlib/.lake/build/lib/lean/Mathlib/Analysis/Complex/Asymptotics.olean: OK
.lake/packages/mathlib/.lake/build/lib/lean/Mathlib/Analysis/Complex/Basic.olean: OK
.lake/packages/mathlib/.lake/build/lib/lean/Mathlib/Analysis/Complex/BorelCaratheodory.olean: OK
.lake/packages/mathlib/.lake/build/lib/lean/Mathlib/Analysis/Complex/BranchLogRoot.olean: OK
.lake/packages/mathlib/.lake/build/lib/lean/Mathlib/Analysis/Complex/CanonicalDecomposition.olean: OK
.lake/packages/mathlib/.lake/build/lib/lean/Mathlib/Analysis/Complex/Cardinality.olean: OK
.lake/packages/mathlib/.lake/build/lib/lean/Mathlib/Analysis/Complex/CauchyIntegral.olean: OK
.lake/packages/mathlib/.lake/build/lib/lean/Mathlib/Analysis/Complex/Circle.olean: OK
.lake/packages/mathlib/.lake/build/lib/lean/Mathlib/Analysis/Complex/Conformal.olean: OK
.lake/packages/mathlib/.lake/build/lib/lean/Mathlib/Analysis/Complex/Convex.olean: OK
.lake/packages/mathlib/.lake/build/lib/lean/Mathlib/Analysis/Complex/CoveringMap.olean: OK
.lake/packages/mathlib/.lake/build/lib/lean/Mathlib/Analysis/Complex/Exponential.olean: OK
.lake/packages/mathlib/.lake/build/lib/lean/Mathlib/Analysis/Complex/ExponentialBounds.olean: OK
.lake/packages/mathlib/.lake/build/lib/lean/Mathlib/Analysis/Complex/Hadamard.olean: OK
.lake/packages/mathlib/.lake/build/lib/lean/Mathlib/Analysis/Complex/HalfPlane.olean: OK
.lake/packages/mathlib/.lake/build/lib/lean/Mathlib/Analysis/Complex/Harmonic/Analytic.olean: OK
.lake/packages/mathlib/.lake/build/lib/lean/Mathlib/Analysis/Complex/Harmonic/Liouville.olean: OK
.lake/packages/mathlib/.lake/build/lib/lean/Mathlib/Analysis/Complex/Harmonic/MeanValue.olean: OK
.lake/packages/mathlib/.lake/build/lib/lean/Mathlib/Analysis/Complex/Harmonic/Poisson.olean: OK
.lake/packages/mathlib/.lake/build/lib/lean/Mathlib/Analysis/Complex/HasPrimitives.olean: OK
.lake/packages/mathlib/.lake/build/lib/lean/Mathlib/Analysis/Complex/IntegerCompl.olean: OK
.lake/packages/mathlib/.lake/build/lib/lean/Mathlib/Analysis/Complex/IsIntegral.olean: OK
.lake/packages/mathlib/.lake/build/lib/lean/Mathlib/Analysis/Complex/Isometry.olean: OK
.lake/packages/mathlib/.lake/build/lib/lean/Mathlib/Analysis/Complex/JensenFormula.olean: OK
.lake/packages/mathlib/.lake/build/lib/lean/Mathlib/Analysis/Complex/Liouville.olean: OK
.lake/packages/mathlib/.lake/build/lib/lean/Mathlib/Analysis/Complex/LocallyUniformLimit.olean: OK
.lake/packages/mathlib/.lake/build/lib/lean/Mathlib/Analysis/Complex/MeanValue.olean: OK
.lake/packages/mathlib/.lake/build/lib/lean/Mathlib/Analysis/Complex/Norm.olean: OK
.lake/packages/mathlib/.lake/build/lib/lean/Mathlib/Analysis/Complex/OpenMapping.olean: OK
.lake/packages/mathlib/.lake/build/lib/lean/Mathlib/Analysis/Complex/OperatorNorm.olean: OK
.lake/packages/mathlib/.lake/build/lib/lean/Mathlib/Analysis/Complex/Order.olean: OK
.lake/packages/mathlib/.lake/build/lib/lean/Mathlib/Analysis/Complex/Periodic.olean: OK
.lake/packages/mathlib/.lake/build/lib/lean/Mathlib/Analysis/Complex/PhragmenLindelof.olean: OK
.lake/packages/mathlib/.lake/build/lib/lean/Mathlib/Analysis/Complex/Poisson.olean: OK
.lake/packages/mathlib/.lake/build/lib/lean/Mathlib/Analysis/Complex/Polynomial/Basic.olean: OK
.lake/packages/mathlib/.lake/build/lib/lean/Mathlib/Analysis/Complex/Polynomial/GaussLucas.olean: OK
.lake/packages/mathlib/.lake/build/lib/lean/Mathlib/Analysis/Complex/Polynomial/UnitTrinomial.olean: OK
.lake/packages/mathlib/.lake/build/lib/lean/Mathlib/Analysis/Complex/Positivity.olean: OK
.lake/packages/mathlib/.lake/build/lib/lean/Mathlib/Analysis/Complex/ReImTopology.olean: OK
.lake/packages/mathlib/.lake/build/lib/lean/Mathlib/Analysis/Complex/RealDeriv.olean: OK
.lake/packages/mathlib/.lake/build/lib/lean/Mathlib/Analysis/Complex/RemovableSingularity.olean: OK
.lake/packages/mathlib/.lake/build/lib/lean/Mathlib/Analysis/Complex/RiemannMapping.olean: OK
.lake/packages/mathlib/.lake/build/lib/lean/Mathlib/Analysis/Complex/Schwarz.olean: OK
.lake/packages/mathlib/.lake/build/lib/lean/Mathlib/Analysis/Complex/Spectrum.olean: OK
.lake/packages/mathlib/.lake/build/lib/lean/Mathlib/Analysis/Complex/SqrtDeriv.olean: OK
.lake/packages/mathlib/.lake/build/lib/lean/Mathlib/Analysis/Complex/SummableUniformlyOn.olean: OK
.lake/packages/mathlib/.lake/build/lib/lean/Mathlib/Analysis/Complex/TaylorSeries.olean: OK
.lake/packages/mathlib/.lake/build/lib/lean/Mathlib/Analysis/Complex/Tietze.olean: OK
.lake/packages/mathlib/.lake/build/lib/lean/Mathlib/Analysis/Complex/Trigonometric.olean: OK
.lake/packages/mathlib/.lake/build/lib/lean/Mathlib/Analysis/Complex/UnitDisc/Basic.olean: OK
.lake/packages/mathlib/.lake/build/lib/lean/Mathlib/Analysis/Complex/UpperHalfPlane/Basic.olean: OK
.lake/packages/mathlib/.lake/build/lib/lean/Mathlib/Analysis/Complex/UpperHalfPlane/Exp.olean: OK
.lake/packages/mathlib/.lake/build/lib/lean/Mathlib/Analysis/Complex/UpperHalfPlane/FixedPoints.olean: OK
.lake/packages/mathlib/.lake/build/lib/lean/Mathlib/Analysis/Complex/UpperHalfPlane/FunctionsBoundedAtInfty.olean: OK
.lake/packages/mathlib/.lake/build/lib/lean/Mathlib/Analysis/Complex/UpperHalfPlane/Manifold.olean: OK
.lake/packages/mathlib/.lake/build/lib/lean/Mathlib/Analysis/Complex/UpperHalfPlane/Measure.olean: OK
.lake/packages/mathlib/.lake/build/lib/lean/Mathlib/Analysis/Complex/UpperHalfPlane/Metric.olean: OK
.lake/packages/mathlib/.lake/build/lib/lean/Mathlib/Analysis/Complex/UpperHalfPlane/MoebiusAction.olean: OK
.lake/packages/mathlib/.lake/build/lib/lean/Mathlib/Analysis/Complex/UpperHalfPlane/ProperAction.olean: OK
.lake/packages/mathlib/.lake/build/lib/lean/Mathlib/Analysis/Complex/UpperHalfPlane/Topology.olean: OK
.lake/packages/mathlib/.lake/build/lib/lean/Mathlib/Analysis/Complex/ValueDistribution/Cartan.olean: OK
.lake/packages/mathlib/.lake/build/lib/lean/Mathlib/Analysis/Complex/ValueDistribution/CharacteristicFunction.olean: OK
.lake/packages/mathlib/.lake/build/lib/lean/Mathlib/Analysis/Complex/ValueDistribution/FirstMainTheorem.olean: OK
.lake/packages/mathlib/.lake/build/lib/lean/Mathlib/Analysis/Complex/ValueDistribution/LogCounting/Asymptotic.olean: OK
.lake/packages/mathlib/.lake/build/lib/lean/Mathlib/Analysis/Complex/ValueDistribution/LogCounting/Basic.olean: OK
.lake/packages/mathlib/.lake/build/lib/lean/Mathlib/Analysis/Complex/ValueDistribution/Proximity/Basic.olean: OK
.lake/packages/mathlib/.lake/build/lib/lean/Mathlib/Analysis/ConstantSpeed.olean: OK
.lake/packages/mathlib/.lake/build/lib/lean/Mathlib/Analysis/Convex/AmpleSet.olean: OK
.lake/packages/mathlib/.lake/build/lib/lean/Mathlib/Analysis/Convex/Approximation.olean: OK
.lake/packages/mathlib/.lake/build/lib/lean/Mathlib/Analysis/Convex/Basic.olean: OK
.lake/packages/mathlib/.lake/build/lib/lean/Mathlib/Analysis/Convex/Between.olean: OK
.lake/packages/mathlib/.lake/build/lib/lean/Mathlib/Analysis/Convex/BetweenList.olean: OK
.lake/packages/mathlib/.lake/build/lib/lean/Mathlib/Analysis/Convex/Birkhoff.olean: OK
.lake/packages/mathlib/.lake/build/lib/lean/Mathlib/Analysis/Convex/Body.olean: OK
.lake/packages/mathlib/.lake/build/lib/lean/Mathlib/Analysis/Convex/Caratheodory.olean: OK
.lake/packages/mathlib/.lake/build/lib/lean/Mathlib/Analysis/Convex/Combination.olean: OK
.lake/packages/mathlib/.lake/build/lib/lean/Mathlib/Analysis/Convex/Cone/Basic.olean: OK
.lake/packages/mathlib/.lake/build/lib/lean/Mathlib/Analysis/Convex/Cone/Closure.olean: OK
.lake/packages/mathlib/.lake/build/lib/lean/Mathlib/Analysis/Convex/Cone/Dual.olean: OK
.lake/packages/mathlib/.lake/build/lib/lean/Mathlib/Analysis/Convex/Cone/Extension.olean: OK
.lake/packages/mathlib/.lake/build/lib/lean/Mathlib/Analysis/Convex/Cone/InnerDual.olean: OK
.lake/packages/mathlib/.lake/build/lib/lean/Mathlib/Analysis/Convex/Cone/TensorProduct.olean: OK
.lake/packages/mathlib/.lake/build/lib/lean/Mathlib/Analysis/Convex/Continuous.olean: OK
.lake/packages/mathlib/.lake/build/lib/lean/Mathlib/Analysis/Convex/ContinuousLinearEquiv.olean: OK
.lake/packages/mathlib/.lake/build/lib/lean/Mathlib/Analysis/Convex/Contractible.olean: OK
.lake/packages/mathlib/.lake/build/lib/lean/Mathlib/Analysis/Convex/Deriv.olean: OK
.lake/packages/mathlib/.lake/build/lib/lean/Mathlib/Analysis/Convex/DoublyStochasticMatrix.olean: OK
.lake/packages/mathlib/.lake/build/lib/lean/Mathlib/Analysis/Convex/EGauge.olean: OK
.lake/packages/mathlib/.lake/build/lib/lean/Mathlib/Analysis/Convex/Exposed.olean: OK
.lake/packages/mathlib/.lake/build/lib/lean/Mathlib/Analysis/Convex/Extrema.olean: OK
.lake/packages/mathlib/.lake/build/lib/lean/Mathlib/Analysis/Convex/Extreme.olean: OK
.lake/packages/mathlib/.lake/build/lib/lean/Mathlib/Analysis/Convex/Function.olean: OK
.lake/packages/mathlib/.lake/build/lib/lean/Mathlib/Analysis/Convex/FunctionTopology.olean: OK
.lake/packages/mathlib/.lake/build/lib/lean/Mathlib/Analysis/Convex/Gauge.olean: OK
.lake/packages/mathlib/.lake/build/lib/lean/Mathlib/Analysis/Convex/GaugeRescale.olean: OK
.lake/packages/mathlib/.lake/build/lib/lean/Mathlib/Analysis/Convex/Hull.olean: OK
.lake/packages/mathlib/.lake/build/lib/lean/Mathlib/Analysis/Convex/Independent.olean: OK
.lake/packages/mathlib/.lake/build/lib/lean/Mathlib/Analysis/Convex/Integral.olean: OK
.lake/packages/mathlib/.lake/build/lib/lean/Mathlib/Analysis/Convex/Intrinsic.olean: OK
.lake/packages/mathlib/.lake/build/lib/lean/Mathlib/Analysis/Convex/Jensen.olean: OK
.lake/packages/mathlib/.lake/build/lib/lean/Mathlib/Analysis/Convex/Join.olean: OK
.lake/packages/mathlib/.lake/build/lib/lean/Mathlib/Analysis/Convex/KreinMilman.olean: OK
.lake/packages/mathlib/.lake/build/lib/lean/Mathlib/Analysis/Convex/LinearIsometry.olean: OK
.lake/packages/mathlib/.lake/build/lib/lean/Mathlib/Analysis/Convex/Measure.olean: OK
.lake/packages/mathlib/.lake/build/lib/lean/Mathlib/Analysis/Convex/MetricSpace.olean: OK
.lake/packages/mathlib/.lake/build/lib/lean/Mathlib/Analysis/Convex/Mul.olean: OK
.lake/packages/mathlib/.lake/build/lib/lean/Mathlib/Analysis/Convex/NNReal.olean: OK
.lake/packages/mathlib/.lake/build/lib/lean/Mathlib/Analysis/Convex/PartitionOfUnity.olean: OK
.lake/packages/mathlib/.lake/build/lib/lean/Mathlib/Analysis/Convex/PathConnected.olean: OK
.lake/packages/mathlib/.lake/build/lib/lean/Mathlib/Analysis/Convex/Piecewise.olean: OK
.lake/packages/mathlib/.lake/build/lib/lean/Mathlib/Analysis/Convex/Quasiconvex.olean: OK
.lake/packages/mathlib/.lake/build/lib/lean/Mathlib/Analysis/Convex/Radon.olean: OK
.lake/packages/mathlib/.lake/build/lib/lean/Mathlib/Analysis/Convex/Segment.olean: OK
.lake/packages/mathlib/.lake/build/lib/lean/Mathlib/Analysis/Convex/Side.olean: OK
.lake/packages/mathlib/.lake/build/lib/lean/Mathlib/Analysis/Convex/SimplicialComplex/AffineIndependentUnion.olean: OK
.lake/packages/mathlib/.lake/build/lib/lean/Mathlib/Analysis/Convex/SimplicialComplex/Basic.olean: OK
.lake/packages/mathlib/.lake/build/lib/lean/Mathlib/Analysis/Convex/Slope.olean: OK
.lake/packages/mathlib/.lake/build/lib/lean/Mathlib/Analysis/Convex/SpecificFunctions/Basic.olean: OK
.lake/packages/mathlib/.lake/build/lib/lean/Mathlib/Analysis/Convex/SpecificFunctions/Deriv.olean: OK
.lake/packages/mathlib/.lake/build/lib/lean/Mathlib/Analysis/Convex/SpecificFunctions/Pow.olean: OK
.lake/packages/mathlib/.lake/build/lib/lean/Mathlib/Analysis/Convex/Star.olean: OK
.lake/packages/mathlib/.lake/build/lib/lean/Mathlib/Analysis/Convex/StdSimplex.olean: OK
.lake/packages/mathlib/.lake/build/lib/lean/Mathlib/Analysis/Convex/StoneSeparation.olean: OK
.lake/packages/mathlib/.lake/build/lib/lean/Mathlib/Analysis/Convex/Strict.olean: OK
.lake/packages/mathlib/.lake/build/lib/lean/Mathlib/Analysis/Convex/Strict/Extreme.olean: OK
.lake/packages/mathlib/.lake/build/lib/lean/Mathlib/Analysis/Convex/StrictCombination.olean: OK
.lake/packages/mathlib/.lake/build/lib/lean/Mathlib/Analysis/Convex/StrictConvexBetween.olean: OK
.lake/packages/mathlib/.lake/build/lib/lean/Mathlib/Analysis/Convex/StrictConvexSpace.olean: OK
.lake/packages/mathlib/.lake/build/lib/lean/Mathlib/Analysis/Convex/Strong.olean: OK
.lake/packages/mathlib/.lake/build/lib/lean/Mathlib/Analysis/Convex/Topology.olean: OK
.lake/packages/mathlib/.lake/build/lib/lean/Mathlib/Analysis/Convex/TotallyBounded.olean: OK
.lake/packages/mathlib/.lake/build/lib/lean/Mathlib/Analysis/Convex/Uniform.olean: OK
.lake/packages/mathlib/.lake/build/lib/lean/Mathlib/Analysis/Convex/Visible.olean: OK
.lake/packages/mathlib/.lake/build/lib/lean/Mathlib/Analysis/Convolution.olean: OK
.lake/packages/mathlib/.lake/build/lib/lean/Mathlib/Analysis/Distribution/AEEqOfIntegralContDiff.olean: OK
.lake/packages/mathlib/.lake/build/lib/lean/Mathlib/Analysis/Distribution/ContDiffMapSupportedIn.olean: OK
.lake/packages/mathlib/.lake/build/lib/lean/Mathlib/Analysis/Distribution/DerivNotation.olean: OK
.lake/packages/mathlib/.lake/build/lib/lean/Mathlib/Analysis/Distribution/Distribution.olean: OK
.lake/packages/mathlib/.lake/build/lib/lean/Mathlib/Analysis/Distribution/FourierMultiplier.olean: OK
.lake/packages/mathlib/.lake/build/lib/lean/Mathlib/Analysis/Distribution/FourierSchwartz.olean: OK
.lake/packages/mathlib/.lake/build/lib/lean/Mathlib/Analysis/Distribution/SchwartzSpace.olean: OK
.lake/packages/mathlib/.lake/build/lib/lean/Mathlib/Analysis/Distribution/SchwartzSpace/Basic.olean: OK
.lake/packages/mathlib/.lake/build/lib/lean/Mathlib/Analysis/Distribution/SchwartzSpace/Deriv.olean: OK
.lake/packages/mathlib/.lake/build/lib/lean/Mathlib/Analysis/Distribution/SchwartzSpace/Fourier.olean: OK
.lake/packages/mathlib/.lake/build/lib/lean/Mathlib/Analysis/Distribution/Sobolev.olean: OK
.lake/packages/mathlib/.lake/build/lib/lean/Mathlib/Analysis/Distribution/Support.olean: OK
.lake/packages/mathlib/.lake/build/lib/lean/Mathlib/Analysis/Distribution/TemperateGrowth.olean: OK
.lake/packages/mathlib/.lake/build/lib/lean/Mathlib/Analysis/Distribution/TemperedDistribution.olean: OK
.lake/packages/mathlib/.lake/build/lib/lean/Mathlib/Analysis/Distribution/TestFunction.olean: OK
.lake/packages/mathlib/.lake/build/lib/lean/Mathlib/Analysis/Fourier/AddCircle.olean: OK
.lake/packages/mathlib/.lake/build/lib/lean/Mathlib/Analysis/Fourier/AddCircleMulti.olean: OK
.lake/packages/mathlib/.lake/build/lib/lean/Mathlib/Analysis/Fourier/BoundedContinuousFunctionChar.olean: OK
.lake/packages/mathlib/.lake/build/lib/lean/Mathlib/Analysis/Fourier/Convolution.olean: OK
.lake/packages/mathlib/.lake/build/lib/lean/Mathlib/Analysis/Fourier/FiniteAbelian/Orthogonality.olean: OK
.lake/packages/mathlib/.lake/build/lib/lean/Mathlib/Analysis/Fourier/FiniteAbelian/PontryaginDuality.olean: OK
.lake/packages/mathlib/.lake/build/lib/lean/Mathlib/Analysis/Fourier/FourierTransform.olean: OK
.lake/packages/mathlib/.lake/build/lib/lean/Mathlib/Analysis/Fourier/FourierTransformDeriv.olean: OK
.lake/packages/mathlib/.lake/build/lib/lean/Mathlib/Analysis/Fourier/Inversion.olean: OK
.lake/packages/mathlib/.lake/build/lib/lean/Mathlib/Analysis/Fourier/LpSpace.olean: OK
.lake/packages/mathlib/.lake/build/lib/lean/Mathlib/Analysis/Fourier/Notation.olean: OK
.lake/packages/mathlib/.lake/build/lib/lean/Mathlib/Analysis/Fourier/PoissonSummation.olean: OK
.lake/packages/mathlib/.lake/build/lib/lean/Mathlib/Analysis/Fourier/RiemannLebesgueLemma.olean: OK
.lake/packages/mathlib/.lake/build/lib/lean/Mathlib/Analysis/Fourier/ZMod.olean: OK
.lake/packages/mathlib/.lake/build/lib/lean/Mathlib/Analysis/FunctionalSpaces/SobolevInequality.olean: OK
.lake/packages/mathlib/.lake/build/lib/lean/Mathlib/Analysis/Hofer.olean: OK
.lake/packages/mathlib/.lake/build/lib/lean/Mathlib/Analysis/InnerProductSpace/Adjoint.olean: OK
.lake/packages/mathlib/.lake/build/lib/lean/Mathlib/Analysis/InnerProductSpace/Affine.olean: OK
.lake/packages/mathlib/.lake/build/lib/lean/Mathlib/Analysis/InnerProductSpace/Basic.olean: OK
.lake/packages/mathlib/.lake/build/lib/lean/Mathlib/Analysis/InnerProductSpace/Calculus.olean: OK
.lake/packages/mathlib/.lake/build/lib/lean/Mathlib/Analysis/InnerProductSpace/CanonicalTensor.olean: OK
.lake/packages/mathlib/.lake/build/lib/lean/Mathlib/Analysis/InnerProductSpace/Coalgebra.olean: OK
.lake/packages/mathlib/.lake/build/lib/lean/Mathlib/Analysis/InnerProductSpace/Completion.olean: OK
.lake/packages/mathlib/.lake/build/lib/lean/Mathlib/Analysis/InnerProductSpace/ConformalLinearMap.olean: OK
.lake/packages/mathlib/.lake/build/lib/lean/Mathlib/Analysis/InnerProductSpace/Continuous.olean: OK
.lake/packages/mathlib/.lake/build/lib/lean/Mathlib/Analysis/InnerProductSpace/Convex.olean: OK
.lake/packages/mathlib/.lake/build/lib/lean/Mathlib/Analysis/InnerProductSpace/Defs.olean: OK
.lake/packages/mathlib/.lake/build/lib/lean/Mathlib/Analysis/InnerProductSpace/Dual.olean: OK
.lake/packages/mathlib/.lake/build/lib/lean/Mathlib/Analysis/InnerProductSpace/EuclideanDist.olean: OK
.lake/packages/mathlib/.lake/build/lib/lean/Mathlib/Analysis/InnerProductSpace/GramMatrix.olean: OK
.lake/packages/mathlib/.lake/build/lib/lean/Mathlib/Analysis/InnerProductSpace/GramSchmidtOrtho.olean: OK
.lake/packages/mathlib/.lake/build/lib/lean/Mathlib/Analysis/InnerProductSpace/Harmonic/Basic.olean: OK
.lake/packages/mathlib/.lake/build/lib/lean/Mathlib/Analysis/InnerProductSpace/Harmonic/Constructions.olean: OK
.lake/packages/mathlib/.lake/build/lib/lean/Mathlib/Analysis/InnerProductSpace/Harmonic/HarmonicContOnCl.olean: OK
.lake/packages/mathlib/.lake/build/lib/lean/Mathlib/Analysis/InnerProductSpace/JointEigenspace.olean: OK
.lake/packages/mathlib/.lake/build/lib/lean/Mathlib/Analysis/InnerProductSpace/Laplacian.olean: OK
.lake/packages/mathlib/.lake/build/lib/lean/Mathlib/Analysis/InnerProductSpace/LaxMilgram.olean: OK
.lake/packages/mathlib/.lake/build/lib/lean/Mathlib/Analysis/InnerProductSpace/LinearMap.olean: OK
.lake/packages/mathlib/.lake/build/lib/lean/Mathlib/Analysis/InnerProductSpace/LinearPMap.olean: OK
.lake/packages/mathlib/.lake/build/lib/lean/Mathlib/Analysis/InnerProductSpace/MeanErgodic.olean: OK
.lake/packages/mathlib/.lake/build/lib/lean/Mathlib/Analysis/InnerProductSpace/MulOpposite.olean: OK
.lake/packages/mathlib/.lake/build/lib/lean/Mathlib/Analysis/InnerProductSpace/NormPow.olean: OK
.lake/packages/mathlib/.lake/build/lib/lean/Mathlib/Analysis/InnerProductSpace/OfNorm.olean: OK
.lake/packages/mathlib/.lake/build/lib/lean/Mathlib/Analysis/InnerProductSpace/Orientation.olean: OK
.lake/packages/mathlib/.lake/build/lib/lean/Mathlib/Analysis/InnerProductSpace/Orthogonal.olean: OK
.lake/packages/mathlib/.lake/build/lib/lean/Mathlib/Analysis/InnerProductSpace/Orthonormal.olean: OK
.lake/packages/mathlib/.lake/build/lib/lean/Mathlib/Analysis/InnerProductSpace/PiL2.olean: OK
.lake/packages/mathlib/.lake/build/lib/lean/Mathlib/Analysis/InnerProductSpace/Positive.olean: OK
.lake/packages/mathlib/.lake/build/lib/lean/Mathlib/Analysis/InnerProductSpace/ProdL2.olean: OK
.lake/packages/mathlib/.lake/build/lib/lean/Mathlib/Analysis/InnerProductSpace/Projection/Basic.olean: OK
.lake/packages/mathlib/.lake/build/lib/lean/Mathlib/Analysis/InnerProductSpace/Projection/FiniteDimensional.olean: OK
.lake/packages/mathlib/.lake/build/lib/lean/Mathlib/Analysis/InnerProductSpace/Projection/Minimal.olean: OK
.lake/packages/mathlib/.lake/build/lib/lean/Mathlib/Analysis/InnerProductSpace/Projection/Reflection.olean: OK
.lake/packages/mathlib/.lake/build/lib/lean/Mathlib/Analysis/InnerProductSpace/Projection/Submodule.olean: OK
.lake/packages/mathlib/.lake/build/lib/lean/Mathlib/Analysis/InnerProductSpace/Rayleigh.olean: OK
.lake/packages/mathlib/.lake/build/lib/lean/Mathlib/Analysis/InnerProductSpace/Reproducing.olean: OK
.lake/packages/mathlib/.lake/build/lib/lean/Mathlib/Analysis/InnerProductSpace/Semisimple.olean: OK
.lake/packages/mathlib/.lake/build/lib/lean/Mathlib/Analysis/InnerProductSpace/SingularValues.olean: OK
.lake/packages/mathlib/.lake/build/lib/lean/Mathlib/Analysis/InnerProductSpace/Spectrum.olean: OK
.lake/packages/mathlib/.lake/build/lib/lean/Mathlib/Analysis/InnerProductSpace/StandardSubspace.olean: OK
.lake/packages/mathlib/.lake/build/lib/lean/Mathlib/Analysis/InnerProductSpace/StarOrder.olean: OK
.lake/packages/mathlib/.lake/build/lib/lean/Mathlib/Analysis/InnerProductSpace/Subspace.olean: OK
.lake/packages/mathlib/.lake/build/lib/lean/Mathlib/Analysis/InnerProductSpace/Symmetric.olean: OK
.lake/packages/mathlib/.lake/build/lib/lean/Mathlib/Analysis/InnerProductSpace/TensorProduct.olean: OK
.lake/packages/mathlib/.lake/build/lib/lean/Mathlib/Analysis/InnerProductSpace/Trace.olean: OK
.lake/packages/mathlib/.lake/build/lib/lean/Mathlib/Analysis/InnerProductSpace/TwoDim.olean: OK
.lake/packages/mathlib/.lake/build/lib/lean/Mathlib/Analysis/InnerProductSpace/WeakOperatorTopology.olean: OK
.lake/packages/mathlib/.lake/build/lib/lean/Mathlib/Analysis/InnerProductSpace/l2Space.olean: OK
.lake/packages/mathlib/.lake/build/lib/lean/Mathlib/Analysis/LConvolution.olean: OK
.lake/packages/mathlib/.lake/build/lib/lean/Mathlib/Analysis/LocallyConvex/AbsConvex.olean: OK
.lake/packages/mathlib/.lake/build/lib/lean/Mathlib/Analysis/LocallyConvex/AbsConvexOpen.olean: OK
.lake/packages/mathlib/.lake/build/lib/lean/Mathlib/Analysis/LocallyConvex/BalancedCoreHull.olean: OK
.lake/packages/mathlib/.lake/build/lib/lean/Mathlib/Analysis/LocallyConvex/Barrelled.olean: OK
.lake/packages/mathlib/.lake/build/lib/lean/Mathlib/Analysis/LocallyConvex/Basic.olean: OK
.lake/packages/mathlib/.lake/build/lib/lean/Mathlib/Analysis/LocallyConvex/Bounded.olean: OK
.lake/packages/mathlib/.lake/build/lib/lean/Mathlib/Analysis/LocallyConvex/ContinuousOfBounded.olean: OK
.lake/packages/mathlib/.lake/build/lib/lean/Mathlib/Analysis/LocallyConvex/Montel.olean: OK
.lake/packages/mathlib/.lake/build/lib/lean/Mathlib/Analysis/LocallyConvex/PointwiseConvergence.olean: OK
.lake/packages/mathlib/.lake/build/lib/lean/Mathlib/Analysis/LocallyConvex/Polar.olean: OK
.lake/packages/mathlib/.lake/build/lib/lean/Mathlib/Analysis/LocallyConvex/SeparatingDual.olean: OK
.lake/packages/mathlib/.lake/build/lib/lean/Mathlib/Analysis/LocallyConvex/Separation.olean: OK
.lake/packages/mathlib/.lake/build/lib/lean/Mathlib/Analysis/LocallyConvex/StrongTopology.olean: OK
.lake/packages/mathlib/.lake/build/lib/lean/Mathlib/Analysis/LocallyConvex/WeakDual.olean: OK
.lake/packages/mathlib/.lake/build/lib/lean/Mathlib/Analysis/LocallyConvex/WeakOperatorTopology.olean: OK
.lake/packages/mathlib/.lake/build/lib/lean/Mathlib/Analysis/LocallyConvex/WeakSpace.olean: OK
.lake/packages/mathlib/.lake/build/lib/lean/Mathlib/Analysis/LocallyConvex/WithSeminorms.olean: OK
.lake/packages/mathlib/.lake/build/lib/lean/Mathlib/Analysis/Matrix.olean: OK
.lake/packages/mathlib/.lake/build/lib/lean/Mathlib/Analysis/Matrix/Hermitian.olean: OK
.lake/packages/mathlib/.lake/build/lib/lean/Mathlib/Analysis/Matrix/HermitianFunctionalCalculus.olean: OK
.lake/packages/mathlib/.lake/build/lib/lean/Mathlib/Analysis/Matrix/LDL.olean: OK
.lake/packages/mathlib/.lake/build/lib/lean/Mathlib/Analysis/Matrix/Normed.olean: OK
.lake/packages/mathlib/.lake/build/lib/lean/Mathlib/Analysis/Matrix/Order.olean: OK
.lake/packages/mathlib/.lake/build/lib/lean/Mathlib/Analysis/Matrix/PosDef.olean: OK
.lake/packages/mathlib/.lake/build/lib/lean/Mathlib/Analysis/Matrix/Spectrum.olean: OK
.lake/packages/mathlib/.lake/build/lib/lean/Mathlib/Analysis/MeanInequalities.olean: OK
.lake/packages/mathlib/.lake/build/lib/lean/Mathlib/Analysis/MeanInequalitiesPow.olean: OK
.lake/packages/mathlib/.lake/build/lib/lean/Mathlib/Analysis/MellinInversion.olean: OK
.lake/packages/mathlib/.lake/build/lib/lean/Mathlib/Analysis/MellinTransform.olean: OK
.lake/packages/mathlib/.lake/build/lib/lean/Mathlib/Analysis/Meromorphic/Basic.olean: OK
.lake/packages/mathlib/.lake/build/lib/lean/Mathlib/Analysis/Meromorphic/Complex.olean: OK
.lake/packages/mathlib/.lake/build/lib/lean/Mathlib/Analysis/Meromorphic/Divisor.olean: OK
.lake/packages/mathlib/.lake/build/lib/lean/Mathlib/Analysis/Meromorphic/FactorizedRational.olean: OK
.lake/packages/mathlib/.lake/build/lib/lean/Mathlib/Analysis/Meromorphic/IsolatedZeros.olean: OK
.lake/packages/mathlib/.lake/build/lib/lean/Mathlib/Analysis/Meromorphic/NormalForm.olean: OK
.lake/packages/mathlib/.lake/build/lib/lean/Mathlib/Analysis/Meromorphic/Order.olean: OK
.lake/packages/mathlib/.lake/build/lib/lean/Mathlib/Analysis/Meromorphic/TrailingCoefficient.olean: OK
.lake/packages/mathlib/.lake/build/lib/lean/Mathlib/Analysis/Normed/Affine/AddTorsor.olean: OK
.lake/packages/mathlib/.lake/build/lib/lean/Mathlib/Analysis/Normed/Affine/AddTorsorBases.olean: OK
.lake/packages/mathlib/.lake/build/lib/lean/Mathlib/Analysis/Normed/Affine/AsymptoticCone.olean: OK
.lake/packages/mathlib/.lake/build/lib/lean/Mathlib/Analysis/Normed/Affine/Ceva.olean: OK
.lake/packages/mathlib/.lake/build/lib/lean/Mathlib/Analysis/Normed/Affine/ContinuousAffineMap.olean: OK
.lake/packages/mathlib/.lake/build/lib/lean/Mathlib/Analysis/Normed/Affine/Convex.olean: OK
.lake/packages/mathlib/.lake/build/lib/lean/Mathlib/Analysis/Normed/Affine/Isometry.olean: OK
.lake/packages/mathlib/.lake/build/lib/lean/Mathlib/Analysis/Normed/Affine/MazurUlam.olean: OK
.lake/packages/mathlib/.lake/build/lib/lean/Mathlib/Analysis/Normed/Affine/Simplex.olean: OK
.lake/packages/mathlib/.lake/build/lib/lean/Mathlib/Analysis/Normed/Algebra/Basic.olean: OK
.lake/packages/mathlib/.lake/build/lib/lean/Mathlib/Analysis/Normed/Algebra/DualNumber.olean: OK
.lake/packages/mathlib/.lake/build/lib/lean/Mathlib/Analysis/Normed/Algebra/Exponential.olean: OK
.lake/packages/mathlib/.lake/build/lib/lean/Mathlib/Analysis/Normed/Algebra/GelfandFormula.olean: OK
.lake/packages/mathlib/.lake/build/lib/lean/Mathlib/Analysis/Normed/Algebra/GelfandMazur.olean: OK
.lake/packages/mathlib/.lake/build/lib/lean/Mathlib/Analysis/Normed/Algebra/MatrixExponential.olean: OK
.lake/packages/mathlib/.lake/build/lib/lean/Mathlib/Analysis/Normed/Algebra/QuaternionExponential.olean: OK
.lake/packages/mathlib/.lake/build/lib/lean/Mathlib/Analysis/Normed/Algebra/Spectrum.olean: OK
.lake/packages/mathlib/.lake/build/lib/lean/Mathlib/Analysis/Normed/Algebra/TrivSqZeroExt.olean: OK
.lake/packages/mathlib/.lake/build/lib/lean/Mathlib/Analysis/Normed/Algebra/Ultra.olean: OK
.lake/packages/mathlib/.lake/build/lib/lean/Mathlib/Analysis/Normed/Algebra/Unitization.olean: OK
.lake/packages/mathlib/.lake/build/lib/lean/Mathlib/Analysis/Normed/Algebra/UnitizationL1.olean: OK
.lake/packages/mathlib/.lake/build/lib/lean/Mathlib/Analysis/Normed/Field/Approximation.olean: OK
.lake/packages/mathlib/.lake/build/lib/lean/Mathlib/Analysis/Normed/Field/Basic.olean: OK
.lake/packages/mathlib/.lake/build/lib/lean/Mathlib/Analysis/Normed/Field/Dense.olean: OK
.lake/packages/mathlib/.lake/build/lib/lean/Mathlib/Analysis/Normed/Field/Instances.olean: OK
.lake/packages/mathlib/.lake/build/lib/lean/Mathlib/Analysis/Normed/Field/Krasner.olean: OK
.lake/packages/mathlib/.lake/build/lib/lean/Mathlib/Analysis/Normed/Field/Lemmas.olean: OK
.lake/packages/mathlib/.lake/build/lib/lean/Mathlib/Analysis/Normed/Field/ProperSpace.olean: OK
.lake/packages/mathlib/.lake/build/lib/lean/Mathlib/Analysis/Normed/Field/TransferInstance.olean: OK
.lake/packages/mathlib/.lake/build/lib/lean/Mathlib/Analysis/Normed/Field/Ultra.olean: OK
.lake/packages/mathlib/.lake/build/lib/lean/Mathlib/Analysis/Normed/Field/UnitBall.olean: OK
.lake/packages/mathlib/.lake/build/lib/lean/Mathlib/Analysis/Normed/Field/WithAbs.olean: OK
.lake/packages/mathlib/.lake/build/lib/lean/Mathlib/Analysis/Normed/Group/AddCircle.olean: OK
.lake/packages/mathlib/.lake/build/lib/lean/Mathlib/Analysis/Normed/Group/AddTorsor.olean: OK
.lake/packages/mathlib/.lake/build/lib/lean/Mathlib/Analysis/Normed/Group/BallSphere.olean: OK
.lake/packages/mathlib/.lake/build/lib/lean/Mathlib/Analysis/Normed/Group/Basic.olean: OK
.lake/packages/mathlib/.lake/build/lib/lean/Mathlib/Analysis/Normed/Group/Bounded.olean: OK
.lake/packages/mathlib/.lake/build/lib/lean/Mathlib/Analysis/Normed/Group/CocompactMap.olean: OK
.lake/packages/mathlib/.lake/build/lib/lean/Mathlib/Analysis/Normed/Group/Completeness.olean: OK
.lake/packages/mathlib/.lake/build/lib/lean/Mathlib/Analysis/Normed/Group/Completion.olean: OK
.lake/packages/mathlib/.lake/build/lib/lean/Mathlib/Analysis/Normed/Group/Constructions.olean: OK
.lake/packages/mathlib/.lake/build/lib/lean/Mathlib/Analysis/Normed/Group/Continuity.olean: OK
.lake/packages/mathlib/.lake/build/lib/lean/Mathlib/Analysis/Normed/Group/ControlledClosure.olean: OK
.lake/packages/mathlib/.lake/build/lib/lean/Mathlib/Analysis/Normed/Group/Defs.olean: OK
.lake/packages/mathlib/.lake/build/lib/lean/Mathlib/Analysis/Normed/Group/FunctionSeries.olean: OK
.lake/packages/mathlib/.lake/build/lib/lean/Mathlib/Analysis/Normed/Group/Hom.olean: OK
.lake/packages/mathlib/.lake/build/lib/lean/Mathlib/Analysis/Normed/Group/HomCompletion.olean: OK
.lake/packages/mathlib/.lake/build/lib/lean/Mathlib/Analysis/Normed/Group/Indicator.olean: OK
.lake/packages/mathlib/.lake/build/lib/lean/Mathlib/Analysis/Normed/Group/InfiniteSum.olean: OK
.lake/packages/mathlib/.lake/build/lib/lean/Mathlib/Analysis/Normed/Group/Int.olean: OK
.lake/packages/mathlib/.lake/build/lib/lean/Mathlib/Analysis/Normed/Group/Lemmas.olean: OK
.lake/packages/mathlib/.lake/build/lib/lean/Mathlib/Analysis/Normed/Group/NullSubmodule.olean: OK
.lake/packages/mathlib/.lake/build/lib/lean/Mathlib/Analysis/Normed/Group/Pointwise.olean: OK
.lake/packages/mathlib/.lake/build/lib/lean/Mathlib/Analysis/Normed/Group/Quotient.olean: OK
.lake/packages/mathlib/.lake/build/lib/lean/Mathlib/Analysis/Normed/Group/Rat.olean: OK
.lake/packages/mathlib/.lake/build/lib/lean/Mathlib/Analysis/Normed/Group/Real.olean: OK
.lake/packages/mathlib/.lake/build/lib/lean/Mathlib/Analysis/Normed/Group/SemiNormedGrp.olean: OK
.lake/packages/mathlib/.lake/build/lib/lean/Mathlib/Analysis/Normed/Group/SemiNormedGrp/Completion.olean: OK
.lake/packages/mathlib/.lake/build/lib/lean/Mathlib/Analysis/Normed/Group/SemiNormedGrp/Kernels.olean: OK
.lake/packages/mathlib/.lake/build/lib/lean/Mathlib/Analysis/Normed/Group/Seminorm.olean: OK
.lake/packages/mathlib/.lake/build/lib/lean/Mathlib/Analysis/Normed/Group/SeparationQuotient.olean: OK
.lake/packages/mathlib/.lake/build/lib/lean/Mathlib/Analysis/Normed/Group/Subgroup.olean: OK
.lake/packages/mathlib/.lake/build/lib/lean/Mathlib/Analysis/Normed/Group/Submodule.olean: OK
.lake/packages/mathlib/.lake/build/lib/lean/Mathlib/Analysis/Normed/Group/Tannery.olean: OK
.lake/packages/mathlib/.lake/build/lib/lean/Mathlib/Analysis/Normed/Group/Ultra.olean: OK
.lake/packages/mathlib/.lake/build/lib/lean/Mathlib/Analysis/Normed/Group/Uniform.olean: OK
.lake/packages/mathlib/.lake/build/lib/lean/Mathlib/Analysis/Normed/Group/ZeroAtInfty.olean: OK
.lake/packages/mathlib/.lake/build/lib/lean/Mathlib/Analysis/Normed/Lp/LpEquiv.olean: OK
.lake/packages/mathlib/.lake/build/lib/lean/Mathlib/Analysis/Normed/Lp/Matrix.olean: OK
.lake/packages/mathlib/.lake/build/lib/lean/Mathlib/Analysis/Normed/Lp/MeasurableSpace.olean: OK
.lake/packages/mathlib/.lake/build/lib/lean/Mathlib/Analysis/Normed/Lp/PiLp.olean: OK
.lake/packages/mathlib/.lake/build/lib/lean/Mathlib/Analysis/Normed/Lp/ProdLp.olean: OK
.lake/packages/mathlib/.lake/build/lib/lean/Mathlib/Analysis/Normed/Lp/SmoothApprox.olean: OK
.lake/packages/mathlib/.lake/build/lib/lean/Mathlib/Analysis/Normed/Lp/WithLp.olean: OK
.lake/packages/mathlib/.lake/build/lib/lean/Mathlib/Analysis/Normed/Lp/lpSpace.olean: OK
.lake/packages/mathlib/.lake/build/lib/lean/Mathlib/Analysis/Normed/Module/Alternating/Basic.olean: OK
.lake/packages/mathlib/.lake/build/lib/lean/Mathlib/Analysis/Normed/Module/Alternating/Curry.olean: OK
.lake/packages/mathlib/.lake/build/lib/lean/Mathlib/Analysis/Normed/Module/Alternating/Uncurry/Fin.olean: OK
.lake/packages/mathlib/.lake/build/lib/lean/Mathlib/Analysis/Normed/Module/Ball/Action.olean: OK
.lake/packages/mathlib/.lake/build/lib/lean/Mathlib/Analysis/Normed/Module/Ball/Homeomorph.olean: OK
.lake/packages/mathlib/.lake/build/lib/lean/Mathlib/Analysis/Normed/Module/Ball/Pointwise.olean: OK
.lake/packages/mathlib/.lake/build/lib/lean/Mathlib/Analysis/Normed/Module/Ball/RadialEquiv.olean: OK
.lake/packages/mathlib/.lake/build/lib/lean/Mathlib/Analysis/Normed/Module/Bases.olean: OK
.lake/packages/mathlib/.lake/build/lib/lean/Mathlib/Analysis/Normed/Module/Basic.olean: OK
.lake/packages/mathlib/.lake/build/lib/lean/Mathlib/Analysis/Normed/Module/Complemented.olean: OK
.lake/packages/mathlib/.lake/build/lib/lean/Mathlib/Analysis/Normed/Module/Completion.olean: OK
.lake/packages/mathlib/.lake/build/lib/lean/Mathlib/Analysis/Normed/Module/Connected.olean: OK
.lake/packages/mathlib/.lake/build/lib/lean/Mathlib/Analysis/Normed/Module/ContinuousInverse.olean: OK
.lake/packages/mathlib/.lake/build/lib/lean/Mathlib/Analysis/Normed/Module/Convex.olean: OK
.lake/packages/mathlib/.lake/build/lib/lean/Mathlib/Analysis/Normed/Module/DoubleDual.olean: OK
.lake/packages/mathlib/.lake/build/lib/lean/Mathlib/Analysis/Normed/Module/Dual.olean: OK
.lake/packages/mathlib/.lake/build/lib/lean/Mathlib/Analysis/Normed/Module/ENormedSpace.olean: OK
.lake/packages/mathlib/.lake/build/lib/lean/Mathlib/Analysis/Normed/Module/Extr.olean: OK
.lake/packages/mathlib/.lake/build/lib/lean/Mathlib/Analysis/Normed/Module/FiniteDimension.olean: OK
.lake/packages/mathlib/.lake/build/lib/lean/Mathlib/Analysis/Normed/Module/HahnBanach.olean: OK
.lake/packages/mathlib/.lake/build/lib/lean/Mathlib/Analysis/Normed/Module/MStructure.olean: OK
.lake/packages/mathlib/.lake/build/lib/lean/Mathlib/Analysis/Normed/Module/Multilinear/Basic.olean: OK
.lake/packages/mathlib/.lake/build/lib/lean/Mathlib/Analysis/Normed/Module/Multilinear/Curry.olean: OK
.lake/packages/mathlib/.lake/build/lib/lean/Mathlib/Analysis/Normed/Module/MultipliableUniformlyOn.olean: OK
.lake/packages/mathlib/.lake/build/lib/lean/Mathlib/Analysis/Normed/Module/Normalize.olean: OK
.lake/packages/mathlib/.lake/build/lib/lean/Mathlib/Analysis/Normed/Module/PiTensorProduct/InjectiveSeminorm.olean: OK
.lake/packages/mathlib/.lake/build/lib/lean/Mathlib/Analysis/Normed/Module/PiTensorProduct/ProjectiveSeminorm.olean: OK
.lake/packages/mathlib/.lake/build/lib/lean/Mathlib/Analysis/Normed/Module/RCLike/Basic.olean: OK
.lake/packages/mathlib/.lake/build/lib/lean/Mathlib/Analysis/Normed/Module/RCLike/Extend.olean: OK
.lake/packages/mathlib/.lake/build/lib/lean/Mathlib/Analysis/Normed/Module/RCLike/Real.olean: OK
.lake/packages/mathlib/.lake/build/lib/lean/Mathlib/Analysis/Normed/Module/Ray.olean: OK
.lake/packages/mathlib/.lake/build/lib/lean/Mathlib/Analysis/Normed/Module/RieszLemma.olean: OK
.lake/packages/mathlib/.lake/build/lib/lean/Mathlib/Analysis/Normed/Module/Shrink.olean: OK
.lake/packages/mathlib/.lake/build/lib/lean/Mathlib/Analysis/Normed/Module/Span.olean: OK
.lake/packages/mathlib/.lake/build/lib/lean/Mathlib/Analysis/Normed/Module/TransferInstance.olean: OK
.lake/packages/mathlib/.lake/build/lib/lean/Mathlib/Analysis/Normed/Module/WeakDual.olean: OK
.lake/packages/mathlib/.lake/build/lib/lean/Mathlib/Analysis/Normed/MulAction.olean: OK
.lake/packages/mathlib/.lake/build/lib/lean/Mathlib/Analysis/Normed/Operator/Asymptotics.olean: OK
.lake/packages/mathlib/.lake/build/lib/lean/Mathlib/Analysis/Normed/Operator/Banach.olean: OK
.lake/packages/mathlib/.lake/build/lib/lean/Mathlib/Analysis/Normed/Operator/BanachSteinhaus.olean: OK
.lake/packages/mathlib/.lake/build/lib/lean/Mathlib/Analysis/Normed/Operator/Basic.olean: OK
.lake/packages/mathlib/.lake/build/lib/lean/Mathlib/Analysis/Normed/Operator/Bilinear.olean: OK
.lake/packages/mathlib/.lake/build/lib/lean/Mathlib/Analysis/Normed/Operator/BoundedLinearMaps.olean: OK
.lake/packages/mathlib/.lake/build/lib/lean/Mathlib/Analysis/Normed/Operator/Compact/Basic.olean: OK
.lake/packages/mathlib/.lake/build/lib/lean/Mathlib/Analysis/Normed/Operator/Compact/FiniteDimension.olean: OK
.lake/packages/mathlib/.lake/build/lib/lean/Mathlib/Analysis/Normed/Operator/Compact/FredholmAlternative.olean: OK
.lake/packages/mathlib/.lake/build/lib/lean/Mathlib/Analysis/Normed/Operator/CompleteCodomain.olean: OK
.lake/packages/mathlib/.lake/build/lib/lean/Mathlib/Analysis/Normed/Operator/Completeness.olean: OK
.lake/packages/mathlib/.lake/build/lib/lean/Mathlib/Analysis/Normed/Operator/Conformal.olean: OK
.lake/packages/mathlib/.lake/build/lib/lean/Mathlib/Analysis/Normed/Operator/ContinuousAlgEquiv.olean: OK
.lake/packages/mathlib/.lake/build/lib/lean/Mathlib/Analysis/Normed/Operator/ContinuousLinearMap.olean: OK
.lake/packages/mathlib/.lake/build/lib/lean/Mathlib/Analysis/Normed/Operator/Extend.olean: OK
.lake/packages/mathlib/.lake/build/lib/lean/Mathlib/Analysis/Normed/Operator/LinearIsometry.olean: OK
.lake/packages/mathlib/.lake/build/lib/lean/Mathlib/Analysis/Normed/Operator/Mul.olean: OK
.lake/packages/mathlib/.lake/build/lib/lean/Mathlib/Analysis/Normed/Operator/NNNorm.olean: OK
.lake/packages/mathlib/.lake/build/lib/lean/Mathlib/Analysis/Normed/Operator/NormedSpace.olean: OK
.lake/packages/mathlib/.lake/build/lib/lean/Mathlib/Analysis/Normed/Operator/Prod.olean: OK
.lake/packages/mathlib/.lake/build/lib/lean/Mathlib/Analysis/Normed/Order/Basic.olean: OK
.lake/packages/mathlib/.lake/build/lib/lean/Mathlib/Analysis/Normed/Order/Hom/Basic.olean: OK
.lake/packages/mathlib/.lake/build/lib/lean/Mathlib/Analysis/Normed/Order/Hom/Ultra.olean: OK
.lake/packages/mathlib/.lake/build/lib/lean/Mathlib/Analysis/Normed/Order/Lattice.olean: OK
.lake/packages/mathlib/.lake/build/lib/lean/Mathlib/Analysis/Normed/Order/UpperLower.olean: OK
.lake/packages/mathlib/.lake/build/lib/lean/Mathlib/Analysis/Normed/Ring/Basic.olean: OK
.lake/packages/mathlib/.lake/build/lib/lean/Mathlib/Analysis/Normed/Ring/Finite.olean: OK
.lake/packages/mathlib/.lake/build/lib/lean/Mathlib/Analysis/Normed/Ring/InfiniteProd.olean: OK
.lake/packages/mathlib/.lake/build/lib/lean/Mathlib/Analysis/Normed/Ring/InfiniteSum.olean: OK
.lake/packages/mathlib/.lake/build/lib/lean/Mathlib/Analysis/Normed/Ring/Int.olean: OK
.lake/packages/mathlib/.lake/build/lib/lean/Mathlib/Analysis/Normed/Ring/Lemmas.olean: OK
.lake/packages/mathlib/.lake/build/lib/lean/Mathlib/Analysis/Normed/Ring/TransferInstance.olean: OK
.lake/packages/mathlib/.lake/build/lib/lean/Mathlib/Analysis/Normed/Ring/Ultra.olean: OK
.lake/packages/mathlib/.lake/build/lib/lean/Mathlib/Analysis/Normed/Ring/Units.olean: OK
.lake/packages/mathlib/.lake/build/lib/lean/Mathlib/Analysis/Normed/Ring/WithAbs.olean: OK
.lake/packages/mathlib/.lake/build/lib/lean/Mathlib/Analysis/Normed/Unbundled/AlgebraNorm.olean: OK
.lake/packages/mathlib/.lake/build/lib/lean/Mathlib/Analysis/Normed/Unbundled/FiniteExtension.olean: OK
.lake/packages/mathlib/.lake/build/lib/lean/Mathlib/Analysis/Normed/Unbundled/InvariantExtension.olean: OK
.lake/packages/mathlib/.lake/build/lib/lean/Mathlib/Analysis/Normed/Unbundled/IsPowMulFaithful.olean: OK
.lake/packages/mathlib/.lake/build/lib/lean/Mathlib/Analysis/Normed/Unbundled/RingSeminorm.olean: OK
.lake/packages/mathlib/.lake/build/lib/lean/Mathlib/Analysis/Normed/Unbundled/SeminormFromBounded.olean: OK
.lake/packages/mathlib/.lake/build/lib/lean/Mathlib/Analysis/Normed/Unbundled/SeminormFromConst.olean: OK
.lake/packages/mathlib/.lake/build/lib/lean/Mathlib/Analysis/Normed/Unbundled/SmoothingSeminorm.olean: OK
.lake/packages/mathlib/.lake/build/lib/lean/Mathlib/Analysis/Normed/Unbundled/SpectralNorm.olean: OK
.lake/packages/mathlib/.lake/build/lib/lean/Mathlib/Analysis/NormedSpace/Alternating/Basic.olean: OK
.lake/packages/mathlib/.lake/build/lib/lean/Mathlib/Analysis/NormedSpace/Alternating/Curry.olean: OK
.lake/packages/mathlib/.lake/build/lib/lean/Mathlib/Analysis/NormedSpace/Alternating/Uncurry/Fin.olean: OK
.lake/packages/mathlib/.lake/build/lib/lean/Mathlib/Analysis/NormedSpace/Connected.olean: OK
.lake/packages/mathlib/.lake/build/lib/lean/Mathlib/Analysis/NormedSpace/ENormedSpace.olean: OK
.lake/packages/mathlib/.lake/build/lib/lean/Mathlib/Analysis/NormedSpace/Extr.olean: OK
.lake/packages/mathlib/.lake/build/lib/lean/Mathlib/Analysis/NormedSpace/HahnBanach/Extension.olean: OK
.lake/packages/mathlib/.lake/build/lib/lean/Mathlib/Analysis/NormedSpace/HahnBanach/SeparatingDual.olean: OK
.lake/packages/mathlib/.lake/build/lib/lean/Mathlib/Analysis/NormedSpace/HahnBanach/Separation.olean: OK
.lake/packages/mathlib/.lake/build/lib/lean/Mathlib/Analysis/NormedSpace/MStructure.olean: OK
.lake/packages/mathlib/.lake/build/lib/lean/Mathlib/Analysis/NormedSpace/Multilinear/Basic.olean: OK
.lake/packages/mathlib/.lake/build/lib/lean/Mathlib/Analysis/NormedSpace/Multilinear/Curry.olean: OK
.lake/packages/mathlib/.lake/build/lib/lean/Mathlib/Analysis/NormedSpace/MultipliableUniformlyOn.olean: OK
.lake/packages/mathlib/.lake/build/lib/lean/Mathlib/Analysis/NormedSpace/Normalize.olean: OK
.lake/packages/mathlib/.lake/build/lib/lean/Mathlib/Analysis/NormedSpace/PiTensorProduct/InjectiveSeminorm.olean: OK
.lake/packages/mathlib/.lake/build/lib/lean/Mathlib/Analysis/NormedSpace/PiTensorProduct/ProjectiveSeminorm.olean: OK
.lake/packages/mathlib/.lake/build/lib/lean/Mathlib/Analysis/NormedSpace/RieszLemma.olean: OK
.lake/packages/mathlib/.lake/build/lib/lean/Mathlib/Analysis/ODE/Basic.olean: OK
.lake/packages/mathlib/.lake/build/lib/lean/Mathlib/Analysis/ODE/DiscreteGronwall.olean: OK
.lake/packages/mathlib/.lake/build/lib/lean/Mathlib/Analysis/ODE/Gronwall.olean: OK
.lake/packages/mathlib/.lake/build/lib/lean/Mathlib/Analysis/ODE/PicardLindelof.olean: OK
.lake/packages/mathlib/.lake/build/lib/lean/Mathlib/Analysis/ODE/Transform.olean: OK
.lake/packages/mathlib/.lake/build/lib/lean/Mathlib/Analysis/Oscillation.olean: OK
.lake/packages/mathlib/.lake/build/lib/lean/Mathlib/Analysis/PSeries.olean: OK
.lake/packages/mathlib/.lake/build/lib/lean/Mathlib/Analysis/PSeriesComplex.olean: OK
.lake/packages/mathlib/.lake/build/lib/lean/Mathlib/Analysis/Polynomial/Basic.olean: OK
.lake/packages/mathlib/.lake/build/lib/lean/Mathlib/Analysis/Polynomial/CauchyBound.olean: OK
.lake/packages/mathlib/.lake/build/lib/lean/Mathlib/Analysis/Polynomial/Factorization.olean: OK
.lake/packages/mathlib/.lake/build/lib/lean/Mathlib/Analysis/Polynomial/Fourier.olean: OK
.lake/packages/mathlib/.lake/build/lib/lean/Mathlib/Analysis/Polynomial/MahlerMeasure.olean: OK
.lake/packages/mathlib/.lake/build/lib/lean/Mathlib/Analysis/Polynomial/Norm.olean: OK
.lake/packages/mathlib/.lake/build/lib/lean/Mathlib/Analysis/Polynomial/Order.olean: OK
.lake/packages/mathlib/.lake/build/lib/lean/Mathlib/Analysis/Quaternion.olean: OK
.lake/packages/mathlib/.lake/build/lib/lean/Mathlib/Analysis/RCLike/Basic.olean: OK
.lake/packages/mathlib/.lake/build/lib/lean/Mathlib/Analysis/RCLike/BoundedContinuous.olean: OK
.lake/packages/mathlib/.lake/build/lib/lean/Mathlib/Analysis/RCLike/ContinuousMap.olean: OK
.lake/packages/mathlib/.lake/build/lib/lean/Mathlib/Analysis/RCLike/Extend.olean: OK
.lake/packages/mathlib/.lake/build/lib/lean/Mathlib/Analysis/RCLike/Inner.olean: OK
.lake/packages/mathlib/.lake/build/lib/lean/Mathlib/Analysis/RCLike/Lemmas.olean: OK
.lake/packages/mathlib/.lake/build/lib/lean/Mathlib/Analysis/RCLike/Sqrt.olean: OK
.lake/packages/mathlib/.lake/build/lib/lean/Mathlib/Analysis/RCLike/TangentCone.olean: OK
.lake/packages/mathlib/.lake/build/lib/lean/Mathlib/Analysis/Real/Cardinality.olean: OK
.lake/packages/mathlib/.lake/build/lib/lean/Mathlib/Analysis/Real/Hyperreal.olean: OK
.lake/packages/mathlib/.lake/build/lib/lean/Mathlib/Analysis/Real/OfDigits.olean: OK
.lake/packages/mathlib/.lake/build/lib/lean/Mathlib/Analysis/Real/Pi/Bounds.olean: OK
.lake/packages/mathlib/.lake/build/lib/lean/Mathlib/Analysis/Real/Pi/Chudnovsky.olean: OK
.lake/packages/mathlib/.lake/build/lib/lean/Mathlib/Analysis/Real/Pi/Irrational.olean: OK
.lake/packages/mathlib/.lake/build/lib/lean/Mathlib/Analysis/Real/Pi/Leibniz.olean: OK
.lake/packages/mathlib/.lake/build/lib/lean/Mathlib/Analysis/Real/Pi/Wallis.olean: OK
.lake/packages/mathlib/.lake/build/lib/lean/Mathlib/Analysis/Real/Spectrum.olean: OK
.lake/packages/mathlib/.lake/build/lib/lean/Mathlib/Analysis/Seminorm.olean: OK
.lake/packages/mathlib/.lake/build/lib/lean/Mathlib/Analysis/SpecialFunctions/Arcosh.olean: OK
.lake/packages/mathlib/.lake/build/lib/lean/Mathlib/Analysis/SpecialFunctions/ArithmeticGeometricMean.olean: OK
.lake/packages/mathlib/.lake/build/lib/lean/Mathlib/Analysis/SpecialFunctions/Arsinh.olean: OK
.lake/packages/mathlib/.lake/build/lib/lean/Mathlib/Analysis/SpecialFunctions/Artanh.olean: OK
.lake/packages/mathlib/.lake/build/lib/lean/Mathlib/Analysis/SpecialFunctions/Bernstein.olean: OK
.lake/packages/mathlib/.lake/build/lib/lean/Mathlib/Analysis/SpecialFunctions/BinaryEntropy.olean: OK
.lake/packages/mathlib/.lake/build/lib/lean/Mathlib/Analysis/SpecialFunctions/Choose.olean: OK
.lake/packages/mathlib/.lake/build/lib/lean/Mathlib/Analysis/SpecialFunctions/CompareExp.olean: OK
.lake/packages/mathlib/.lake/build/lib/lean/Mathlib/Analysis/SpecialFunctions/Complex/Analytic.olean: OK
.lake/packages/mathlib/.lake/build/lib/lean/Mathlib/Analysis/SpecialFunctions/Complex/Arctan.olean: OK
.lake/packages/mathlib/.lake/build/lib/lean/Mathlib/Analysis/SpecialFunctions/Complex/Arg.olean: OK
.lake/packages/mathlib/.lake/build/lib/lean/Mathlib/Analysis/SpecialFunctions/Complex/Circle.olean: OK
.lake/packages/mathlib/.lake/build/lib/lean/Mathlib/Analysis/SpecialFunctions/Complex/CircleAddChar.olean: OK
.lake/packages/mathlib/.lake/build/lib/lean/Mathlib/Analysis/SpecialFunctions/Complex/CircleMap.olean: OK
.lake/packages/mathlib/.lake/build/lib/lean/Mathlib/Analysis/SpecialFunctions/Complex/Log.olean: OK
.lake/packages/mathlib/.lake/build/lib/lean/Mathlib/Analysis/SpecialFunctions/Complex/LogBounds.olean: OK
.lake/packages/mathlib/.lake/build/lib/lean/Mathlib/Analysis/SpecialFunctions/Complex/LogDeriv.olean: OK
.lake/packages/mathlib/.lake/build/lib/lean/Mathlib/Analysis/SpecialFunctions/ContinuousFunctionalCalculus/Abs.olean: OK
.lake/packages/mathlib/.lake/build/lib/lean/Mathlib/Analysis/SpecialFunctions/ContinuousFunctionalCalculus/ExpLog.olean: OK
.lake/packages/mathlib/.lake/build/lib/lean/Mathlib/Analysis/SpecialFunctions/ContinuousFunctionalCalculus/ExpLog/Basic.olean: OK
.lake/packages/mathlib/.lake/build/lib/lean/Mathlib/Analysis/SpecialFunctions/ContinuousFunctionalCalculus/ExpLog/Order.olean: OK
.lake/packages/mathlib/.lake/build/lib/lean/Mathlib/Analysis/SpecialFunctions/ContinuousFunctionalCalculus/PosPart/Basic.olean: OK
.lake/packages/mathlib/.lake/build/lib/lean/Mathlib/Analysis/SpecialFunctions/ContinuousFunctionalCalculus/PosPart/Isometric.olean: OK
.lake/packages/mathlib/.lake/build/lib/lean/Mathlib/Analysis/SpecialFunctions/ContinuousFunctionalCalculus/Rpow/Basic.olean: OK
.lake/packages/mathlib/.lake/build/lib/lean/Mathlib/Analysis/SpecialFunctions/ContinuousFunctionalCalculus/Rpow/ConjSqrt.olean: OK
.lake/packages/mathlib/.lake/build/lib/lean/Mathlib/Analysis/SpecialFunctions/ContinuousFunctionalCalculus/Rpow/IntegralRepresentation.olean: OK
.lake/packages/mathlib/.lake/build/lib/lean/Mathlib/Analysis/SpecialFunctions/ContinuousFunctionalCalculus/Rpow/Isometric.olean: OK
.lake/packages/mathlib/.lake/build/lib/lean/Mathlib/Analysis/SpecialFunctions/ContinuousFunctionalCalculus/Rpow/Order.olean: OK
.lake/packages/mathlib/.lake/build/lib/lean/Mathlib/Analysis/SpecialFunctions/ContinuousFunctionalCalculus/Rpow/RingInverseOrder.olean: OK
.lake/packages/mathlib/.lake/build/lib/lean/Mathlib/Analysis/SpecialFunctions/Elliptic/Weierstrass.olean: OK
.lake/packages/mathlib/.lake/build/lib/lean/Mathlib/Analysis/SpecialFunctions/Exp.olean: OK
.lake/packages/mathlib/.lake/build/lib/lean/Mathlib/Analysis/SpecialFunctions/ExpDeriv.olean: OK
.lake/packages/mathlib/.lake/build/lib/lean/Mathlib/Analysis/SpecialFunctions/Exponential.olean: OK
.lake/packages/mathlib/.lake/build/lib/lean/Mathlib/Analysis/SpecialFunctions/Gamma/Basic.olean: OK
.lake/packages/mathlib/.lake/build/lib/lean/Mathlib/Analysis/SpecialFunctions/Gamma/Beta.olean: OK
.lake/packages/mathlib/.lake/build/lib/lean/Mathlib/Analysis/SpecialFunctions/Gamma/BohrMollerup.olean: OK
.lake/packages/mathlib/.lake/build/lib/lean/Mathlib/Analysis/SpecialFunctions/Gamma/Deligne.olean: OK
.lake/packages/mathlib/.lake/build/lib/lean/Mathlib/Analysis/SpecialFunctions/Gamma/Deriv.olean: OK
.lake/packages/mathlib/.lake/build/lib/lean/Mathlib/Analysis/SpecialFunctions/Gamma/Digamma.olean: OK
.lake/packages/mathlib/.lake/build/lib/lean/Mathlib/Analysis/SpecialFunctions/Gaussian/FourierTransform.olean: OK
.lake/packages/mathlib/.lake/build/lib/lean/Mathlib/Analysis/SpecialFunctions/Gaussian/GaussianIntegral.olean: OK
.lake/packages/mathlib/.lake/build/lib/lean/Mathlib/Analysis/SpecialFunctions/Gaussian/PoissonSummation.olean: OK
.lake/packages/mathlib/.lake/build/lib/lean/Mathlib/Analysis/SpecialFunctions/ImproperIntegrals.olean: OK
.lake/packages/mathlib/.lake/build/lib/lean/Mathlib/Analysis/SpecialFunctions/Integrability/Basic.olean: OK
.lake/packages/mathlib/.lake/build/lib/lean/Mathlib/Analysis/SpecialFunctions/Integrability/LogMeromorphic.olean: OK
.lake/packages/mathlib/.lake/build/lib/lean/Mathlib/Analysis/SpecialFunctions/Integrals/Basic.olean: OK
.lake/packages/mathlib/.lake/build/lib/lean/Mathlib/Analysis/SpecialFunctions/Integrals/LogTrigonometric.olean: OK
.lake/packages/mathlib/.lake/build/lib/lean/Mathlib/Analysis/SpecialFunctions/Integrals/PosLogEqCircleAverage.olean: OK
.lake/packages/mathlib/.lake/build/lib/lean/Mathlib/Analysis/SpecialFunctions/JapaneseBracket.olean: OK
.lake/packages/mathlib/.lake/build/lib/lean/Mathlib/Analysis/SpecialFunctions/Log/Base.olean: OK
.lake/packages/mathlib/.lake/build/lib/lean/Mathlib/Analysis/SpecialFunctions/Log/Basic.olean: OK
.lake/packages/mathlib/.lake/build/lib/lean/Mathlib/Analysis/SpecialFunctions/Log/Deriv.olean: OK
.lake/packages/mathlib/.lake/build/lib/lean/Mathlib/Analysis/SpecialFunctions/Log/ENNRealLog.olean: OK
.lake/packages/mathlib/.lake/build/lib/lean/Mathlib/Analysis/SpecialFunctions/Log/ENNRealLogExp.olean: OK
.lake/packages/mathlib/.lake/build/lib/lean/Mathlib/Analysis/SpecialFunctions/Log/ERealExp.olean: OK
.lake/packages/mathlib/.lake/build/lib/lean/Mathlib/Analysis/SpecialFunctions/Log/InvLog.olean: OK
.lake/packages/mathlib/.lake/build/lib/lean/Mathlib/Analysis/SpecialFunctions/Log/Monotone.olean: OK
.lake/packages/mathlib/.lake/build/lib/lean/Mathlib/Analysis/SpecialFunctions/Log/NegMulLog.olean: OK
.lake/packages/mathlib/.lake/build/lib/lean/Mathlib/Analysis/SpecialFunctions/Log/PosLog.olean: OK
.lake/packages/mathlib/.lake/build/lib/lean/Mathlib/Analysis/SpecialFunctions/Log/RpowTendsto.olean: OK
.lake/packages/mathlib/.lake/build/lib/lean/Mathlib/Analysis/SpecialFunctions/Log/Summable.olean: OK
.lake/packages/mathlib/.lake/build/lib/lean/Mathlib/Analysis/SpecialFunctions/MulExpNegMulSq.olean: OK
.lake/packages/mathlib/.lake/build/lib/lean/Mathlib/Analysis/SpecialFunctions/MulExpNegMulSqIntegral.olean: OK
.lake/packages/mathlib/.lake/build/lib/lean/Mathlib/Analysis/SpecialFunctions/NonIntegrable.olean: OK
.lake/packages/mathlib/.lake/build/lib/lean/Mathlib/Analysis/SpecialFunctions/OrdinaryHypergeometric.olean: OK
.lake/packages/mathlib/.lake/build/lib/lean/Mathlib/Analysis/SpecialFunctions/Pochhammer.olean: OK
.lake/packages/mathlib/.lake/build/lib/lean/Mathlib/Analysis/SpecialFunctions/PolarCoord.olean: OK
.lake/packages/mathlib/.lake/build/lib/lean/Mathlib/Analysis/SpecialFunctions/PolynomialExp.olean: OK
.lake/packages/mathlib/.lake/build/lib/lean/Mathlib/Analysis/SpecialFunctions/Pow/Asymptotics.olean: OK
.lake/packages/mathlib/.lake/build/lib/lean/Mathlib/Analysis/SpecialFunctions/Pow/Complex.olean: OK
.lake/packages/mathlib/.lake/build/lib/lean/Mathlib/Analysis/SpecialFunctions/Pow/Continuity.olean: OK
.lake/packages/mathlib/.lake/build/lib/lean/Mathlib/Analysis/SpecialFunctions/Pow/Deriv.olean: OK
.lake/packages/mathlib/.lake/build/lib/lean/Mathlib/Analysis/SpecialFunctions/Pow/Integral.olean: OK
.lake/packages/mathlib/.lake/build/lib/lean/Mathlib/Analysis/SpecialFunctions/Pow/NNReal.olean: OK
.lake/packages/mathlib/.lake/build/lib/lean/Mathlib/Analysis/SpecialFunctions/Pow/NthRootLemmas.olean: OK
.lake/packages/mathlib/.lake/build/lib/lean/Mathlib/Analysis/SpecialFunctions/Pow/Real.olean: OK
.lake/packages/mathlib/.lake/build/lib/lean/Mathlib/Analysis/SpecialFunctions/Sigmoid.olean: OK
.lake/packages/mathlib/.lake/build/lib/lean/Mathlib/Analysis/SpecialFunctions/SmoothTransition.olean: OK
.lake/packages/mathlib/.lake/build/lib/lean/Mathlib/Analysis/SpecialFunctions/Sqrt.olean: OK
.lake/packages/mathlib/.lake/build/lib/lean/Mathlib/Analysis/SpecialFunctions/Stirling.olean: OK
.lake/packages/mathlib/.lake/build/lib/lean/Mathlib/Analysis/SpecialFunctions/Trigonometric/Angle.olean: OK
.lake/packages/mathlib/.lake/build/lib/lean/Mathlib/Analysis/SpecialFunctions/Trigonometric/Arctan.olean: OK
.lake/packages/mathlib/.lake/build/lib/lean/Mathlib/Analysis/SpecialFunctions/Trigonometric/ArctanDeriv.olean: OK
.lake/packages/mathlib/.lake/build/lib/lean/Mathlib/Analysis/SpecialFunctions/Trigonometric/Basic.olean: OK
.lake/packages/mathlib/.lake/build/lib/lean/Mathlib/Analysis/SpecialFunctions/Trigonometric/Bounds.olean: OK
.lake/packages/mathlib/.lake/build/lib/lean/Mathlib/Analysis/SpecialFunctions/Trigonometric/Chebyshev.olean: OK
.lake/packages/mathlib/.lake/build/lib/lean/Mathlib/Analysis/SpecialFunctions/Trigonometric/Chebyshev/Basic.olean: OK
.lake/packages/mathlib/.lake/build/lib/lean/Mathlib/Analysis/SpecialFunctions/Trigonometric/Chebyshev/ChebyshevGauss.olean: OK
.lake/packages/mathlib/.lake/build/lib/lean/Mathlib/Analysis/SpecialFunctions/Trigonometric/Chebyshev/Extremal.olean: OK
.lake/packages/mathlib/.lake/build/lib/lean/Mathlib/Analysis/SpecialFunctions/Trigonometric/Chebyshev/Orthogonality.olean: OK
.lake/packages/mathlib/.lake/build/lib/lean/Mathlib/Analysis/SpecialFunctions/Trigonometric/Chebyshev/RootsExtrema.olean: OK
.lake/packages/mathlib/.lake/build/lib/lean/Mathlib/Analysis/SpecialFunctions/Trigonometric/Complex.olean: OK
.lake/packages/mathlib/.lake/build/lib/lean/Mathlib/Analysis/SpecialFunctions/Trigonometric/ComplexDeriv.olean: OK
.lake/packages/mathlib/.lake/build/lib/lean/Mathlib/Analysis/SpecialFunctions/Trigonometric/Cotangent.olean: OK
.lake/packages/mathlib/.lake/build/lib/lean/Mathlib/Analysis/SpecialFunctions/Trigonometric/Deriv.olean: OK
.lake/packages/mathlib/.lake/build/lib/lean/Mathlib/Analysis/SpecialFunctions/Trigonometric/DerivHyp.olean: OK
.lake/packages/mathlib/.lake/build/lib/lean/Mathlib/Analysis/SpecialFunctions/Trigonometric/EulerSineProd.olean: OK
.lake/packages/mathlib/.lake/build/lib/lean/Mathlib/Analysis/SpecialFunctions/Trigonometric/Inverse.olean: OK
.lake/packages/mathlib/.lake/build/lib/lean/Mathlib/Analysis/SpecialFunctions/Trigonometric/InverseDeriv.olean: OK
.lake/packages/mathlib/.lake/build/lib/lean/Mathlib/Analysis/SpecialFunctions/Trigonometric/Meromorphic.olean: OK
.lake/packages/mathlib/.lake/build/lib/lean/Mathlib/Analysis/SpecialFunctions/Trigonometric/Series.olean: OK
.lake/packages/mathlib/.lake/build/lib/lean/Mathlib/Analysis/SpecialFunctions/Trigonometric/Sinc.olean: OK
.lake/packages/mathlib/.lake/build/lib/lean/Mathlib/Analysis/SpecificLimits/ArithmeticGeometric.olean: OK
.lake/packages/mathlib/.lake/build/lib/lean/Mathlib/Analysis/SpecificLimits/Basic.olean: OK
.lake/packages/mathlib/.lake/build/lib/lean/Mathlib/Analysis/SpecificLimits/Fibonacci.olean: OK
.lake/packages/mathlib/.lake/build/lib/lean/Mathlib/Analysis/SpecificLimits/FloorPow.olean: OK
.lake/packages/mathlib/.lake/build/lib/lean/Mathlib/Analysis/SpecificLimits/Normed.olean: OK
.lake/packages/mathlib/.lake/build/lib/lean/Mathlib/Analysis/SpecificLimits/RCLike.olean: OK
.lake/packages/mathlib/.lake/build/lib/lean/Mathlib/Analysis/Subadditive.olean: OK
.lake/packages/mathlib/.lake/build/lib/lean/Mathlib/Analysis/SumIntegralComparisons.olean: OK
.lake/packages/mathlib/.lake/build/lib/lean/Mathlib/Analysis/SumIntegralExpDecay.olean: OK
.lake/packages/mathlib/.lake/build/lib/lean/Mathlib/Analysis/SumOverResidueClass.olean: OK
.lake/packages/mathlib/.lake/build/lib/lean/Mathlib/Analysis/VonNeumannAlgebra/Basic.olean: OK
.lake/packages/mathlib/.lake/build/lib/lean/Mathlib/CategoryTheory/Abelian/Basic.olean: OK
.lake/packages/mathlib/.lake/build/lib/lean/Mathlib/CategoryTheory/Abelian/CommSq.olean: OK
.lake/packages/mathlib/.lake/build/lib/lean/Mathlib/CategoryTheory/Abelian/DiagramLemmas/Four.olean: OK
.lake/packages/mathlib/.lake/build/lib/lean/Mathlib/CategoryTheory/Abelian/DiagramLemmas/KernelCokernelComp.olean: OK
.lake/packages/mathlib/.lake/build/lib/lean/Mathlib/CategoryTheory/Abelian/EpiWithInjectiveKernel.olean: OK
.lake/packages/mathlib/.lake/build/lib/lean/Mathlib/CategoryTheory/Abelian/Exact.olean: OK
.lake/packages/mathlib/.lake/build/lib/lean/Mathlib/CategoryTheory/Abelian/Ext.olean: OK
.lake/packages/mathlib/.lake/build/lib/lean/Mathlib/CategoryTheory/Abelian/FreydMitchell.olean: OK
.lake/packages/mathlib/.lake/build/lib/lean/Mathlib/CategoryTheory/Abelian/FunctorCategory.olean: OK
.lake/packages/mathlib/.lake/build/lib/lean/Mathlib/CategoryTheory/Abelian/GrothendieckAxioms/Basic.olean: OK
.lake/packages/mathlib/.lake/build/lib/lean/Mathlib/CategoryTheory/Abelian/GrothendieckAxioms/Colim.olean: OK
.lake/packages/mathlib/.lake/build/lib/lean/Mathlib/CategoryTheory/Abelian/GrothendieckAxioms/Connected.olean: OK
.lake/packages/mathlib/.lake/build/lib/lean/Mathlib/CategoryTheory/Abelian/GrothendieckAxioms/FunctorCategory.olean: OK
.lake/packages/mathlib/.lake/build/lib/lean/Mathlib/CategoryTheory/Abelian/GrothendieckAxioms/Indization.olean: OK
.lake/packages/mathlib/.lake/build/lib/lean/Mathlib/CategoryTheory/Abelian/GrothendieckAxioms/Sheaf.olean: OK
.lake/packages/mathlib/.lake/build/lib/lean/Mathlib/CategoryTheory/Abelian/GrothendieckAxioms/Types.olean: OK
.lake/packages/mathlib/.lake/build/lib/lean/Mathlib/CategoryTheory/Abelian/GrothendieckCategory/Basic.olean: OK
.lake/packages/mathlib/.lake/build/lib/lean/Mathlib/CategoryTheory/Abelian/GrothendieckCategory/ColimCoyoneda.olean: OK
.lake/packages/mathlib/.lake/build/lib/lean/Mathlib/CategoryTheory/Abelian/GrothendieckCategory/Coseparator.olean: OK
.lake/packages/mathlib/.lake/build/lib/lean/Mathlib/CategoryTheory/Abelian/GrothendieckCategory/EnoughInjectives.olean: OK
.lake/packages/mathlib/.lake/build/lib/lean/Mathlib/CategoryTheory/Abelian/GrothendieckCategory/HasExt.olean: OK
.lake/packages/mathlib/.lake/build/lib/lean/Mathlib/CategoryTheory/Abelian/GrothendieckCategory/ModuleEmbedding/GabrielPopescu.olean: OK
.lake/packages/mathlib/.lake/build/lib/lean/Mathlib/CategoryTheory/Abelian/GrothendieckCategory/ModuleEmbedding/Opposite.olean: OK
.lake/packages/mathlib/.lake/build/lib/lean/Mathlib/CategoryTheory/Abelian/GrothendieckCategory/Monomorphisms.olean: OK
.lake/packages/mathlib/.lake/build/lib/lean/Mathlib/CategoryTheory/Abelian/GrothendieckCategory/Subobject.olean: OK
.lake/packages/mathlib/.lake/build/lib/lean/Mathlib/CategoryTheory/Abelian/Images.olean: OK
.lake/packages/mathlib/.lake/build/lib/lean/Mathlib/CategoryTheory/Abelian/Indization.olean: OK
.lake/packages/mathlib/.lake/build/lib/lean/Mathlib/CategoryTheory/Abelian/Injective/Basic.olean: OK
.lake/packages/mathlib/.lake/build/lib/lean/Mathlib/CategoryTheory/Abelian/Injective/Dimension.olean: OK
.lake/packages/mathlib/.lake/build/lib/lean/Mathlib/CategoryTheory/Abelian/Injective/Ext.olean: OK
.lake/packages/mathlib/.lake/build/lib/lean/Mathlib/CategoryTheory/Abelian/Injective/Extend.olean: OK
.lake/packages/mathlib/.lake/build/lib/lean/Mathlib/CategoryTheory/Abelian/Injective/Resolution.olean: OK
.lake/packages/mathlib/.lake/build/lib/lean/Mathlib/CategoryTheory/Abelian/LeftDerived.olean: OK
.lake/packages/mathlib/.lake/build/lib/lean/Mathlib/CategoryTheory/Abelian/Monomorphisms.olean: OK
.lake/packages/mathlib/.lake/build/lib/lean/Mathlib/CategoryTheory/Abelian/NonPreadditive.olean: OK
.lake/packages/mathlib/.lake/build/lib/lean/Mathlib/CategoryTheory/Abelian/Opposite.olean: OK
.lake/packages/mathlib/.lake/build/lib/lean/Mathlib/CategoryTheory/Abelian/Preradical/Basic.olean: OK
.lake/packages/mathlib/.lake/build/lib/lean/Mathlib/CategoryTheory/Abelian/Preradical/Colon.olean: OK
.lake/packages/mathlib/.lake/build/lib/lean/Mathlib/CategoryTheory/Abelian/Preradical/Radical.olean: OK
.lake/packages/mathlib/.lake/build/lib/lean/Mathlib/CategoryTheory/Abelian/Projective/Basic.olean: OK
.lake/packages/mathlib/.lake/build/lib/lean/Mathlib/CategoryTheory/Abelian/Projective/Dimension.olean: OK
.lake/packages/mathlib/.lake/build/lib/lean/Mathlib/CategoryTheory/Abelian/Projective/Ext.olean: OK
.lake/packages/mathlib/.lake/build/lib/lean/Mathlib/CategoryTheory/Abelian/Projective/Extend.olean: OK
.lake/packages/mathlib/.lake/build/lib/lean/Mathlib/CategoryTheory/Abelian/Projective/Resolution.olean: OK
.lake/packages/mathlib/.lake/build/lib/lean/Mathlib/CategoryTheory/Abelian/Pseudoelements.olean: OK
.lake/packages/mathlib/.lake/build/lib/lean/Mathlib/CategoryTheory/Abelian/Refinements.olean: OK
.lake/packages/mathlib/.lake/build/lib/lean/Mathlib/CategoryTheory/Abelian/RightDerived.olean: OK
.lake/packages/mathlib/.lake/build/lib/lean/Mathlib/CategoryTheory/Abelian/SerreClass/Basic.olean: OK
.lake/packages/mathlib/.lake/build/lib/lean/Mathlib/CategoryTheory/Abelian/SerreClass/Bousfield.olean: OK
.lake/packages/mathlib/.lake/build/lib/lean/Mathlib/CategoryTheory/Abelian/SerreClass/Localization.olean: OK
.lake/packages/mathlib/.lake/build/lib/lean/Mathlib/CategoryTheory/Abelian/SerreClass/MorphismProperty.olean: OK
.lake/packages/mathlib/.lake/build/lib/lean/Mathlib/CategoryTheory/Abelian/ShortExact.olean: OK
.lake/packages/mathlib/.lake/build/lib/lean/Mathlib/CategoryTheory/Abelian/Subcategory.olean: OK
.lake/packages/mathlib/.lake/build/lib/lean/Mathlib/CategoryTheory/Abelian/Subobject.olean: OK
.lake/packages/mathlib/.lake/build/lib/lean/Mathlib/CategoryTheory/Abelian/Transfer.olean: OK
.lake/packages/mathlib/.lake/build/lib/lean/Mathlib/CategoryTheory/Abelian/Yoneda.olean: OK
.lake/packages/mathlib/.lake/build/lib/lean/Mathlib/CategoryTheory/Action.olean: OK
.lake/packages/mathlib/.lake/build/lib/lean/Mathlib/CategoryTheory/Action/Basic.olean: OK
.lake/packages/mathlib/.lake/build/lib/lean/Mathlib/CategoryTheory/Action/Concrete.olean: OK
.lake/packages/mathlib/.lake/build/lib/lean/Mathlib/CategoryTheory/Action/Continuous.olean: OK
.lake/packages/mathlib/.lake/build/lib/lean/Mathlib/CategoryTheory/Action/Limits.olean: OK
.lake/packages/mathlib/.lake/build/lib/lean/Mathlib/CategoryTheory/Action/Monoidal.olean: OK
.lake/packages/mathlib/.lake/build/lib/lean/Mathlib/CategoryTheory/Adhesive.olean: OK
.lake/packages/mathlib/.lake/build/lib/lean/Mathlib/CategoryTheory/Adhesive/Basic.olean: OK
.lake/packages/mathlib/.lake/build/lib/lean/Mathlib/CategoryTheory/Adhesive/Over.olean: OK
.lake/packages/mathlib/.lake/build/lib/lean/Mathlib/CategoryTheory/Adhesive/Subobject.olean: OK
.lake/packages/mathlib/.lake/build/lib/lean/Mathlib/CategoryTheory/Adjunction/Additive.olean: OK
.lake/packages/mathlib/.lake/build/lib/lean/Mathlib/CategoryTheory/Adjunction/AdjointFunctorTheorems.olean: OK
.lake/packages/mathlib/.lake/build/lib/lean/Mathlib/CategoryTheory/Adjunction/Basic.olean: OK
.lake/packages/mathlib/.lake/build/lib/lean/Mathlib/CategoryTheory/Adjunction/Comma.olean: OK
.lake/packages/mathlib/.lake/build/lib/lean/Mathlib/CategoryTheory/Adjunction/CompositionIso.olean: OK
.lake/packages/mathlib/.lake/build/lib/lean/Mathlib/CategoryTheory/Adjunction/Evaluation.olean: OK
.lake/packages/mathlib/.lake/build/lib/lean/Mathlib/CategoryTheory/Adjunction/FullyFaithful.olean: OK
.lake/packages/mathlib/.lake/build/lib/lean/Mathlib/CategoryTheory/Adjunction/FullyFaithfulLimits.olean: OK
.lake/packages/mathlib/.lake/build/lib/lean/Mathlib/CategoryTheory/Adjunction/Lifting/Left.olean: OK
.lake/packages/mathlib/.lake/build/lib/lean/Mathlib/CategoryTheory/Adjunction/Lifting/Right.olean: OK
.lake/packages/mathlib/.lake/build/lib/lean/Mathlib/CategoryTheory/Adjunction/Limits.olean: OK
.lake/packages/mathlib/.lake/build/lib/lean/Mathlib/CategoryTheory/Adjunction/Mates.olean: OK
.lake/packages/mathlib/.lake/build/lib/lean/Mathlib/CategoryTheory/Adjunction/Opposites.olean: OK
.lake/packages/mathlib/.lake/build/lib/lean/Mathlib/CategoryTheory/Adjunction/Parametrized.olean: OK
.lake/packages/mathlib/.lake/build/lib/lean/Mathlib/CategoryTheory/Adjunction/ParametrizedLimits.olean: OK
.lake/packages/mathlib/.lake/build/lib/lean/Mathlib/CategoryTheory/Adjunction/PartialAdjoint.olean: OK
.lake/packages/mathlib/.lake/build/lib/lean/Mathlib/CategoryTheory/Adjunction/Quadruple.olean: OK
.lake/packages/mathlib/.lake/build/lib/lean/Mathlib/CategoryTheory/Adjunction/Reflective.olean: OK
.lake/packages/mathlib/.lake/build/lib/lean/Mathlib/CategoryTheory/Adjunction/Restrict.olean: OK
.lake/packages/mathlib/.lake/build/lib/lean/Mathlib/CategoryTheory/Adjunction/Triple.olean: OK
.lake/packages/mathlib/.lake/build/lib/lean/Mathlib/CategoryTheory/Adjunction/Unique.olean: OK
.lake/packages/mathlib/.lake/build/lib/lean/Mathlib/CategoryTheory/Adjunction/Whiskering.olean: OK
.lake/packages/mathlib/.lake/build/lib/lean/Mathlib/CategoryTheory/Balanced.olean: OK
.lake/packages/mathlib/.lake/build/lib/lean/Mathlib/CategoryTheory/Bicategory/Adjunction/Adj.olean: OK
.lake/packages/mathlib/.lake/build/lib/lean/Mathlib/CategoryTheory/Bicategory/Adjunction/Basic.olean: OK
.lake/packages/mathlib/.lake/build/lib/lean/Mathlib/CategoryTheory/Bicategory/Adjunction/Cat.olean: OK
.lake/packages/mathlib/.lake/build/lib/lean/Mathlib/CategoryTheory/Bicategory/Adjunction/Mate.olean: OK
.lake/packages/mathlib/.lake/build/lib/lean/Mathlib/CategoryTheory/Bicategory/Basic.olean: OK
.lake/packages/mathlib/.lake/build/lib/lean/Mathlib/CategoryTheory/Bicategory/CatEnriched.olean: OK
.lake/packages/mathlib/.lake/build/lib/lean/Mathlib/CategoryTheory/Bicategory/Coherence.olean: OK
.lake/packages/mathlib/.lake/build/lib/lean/Mathlib/CategoryTheory/Bicategory/End.olean: OK
.lake/packages/mathlib/.lake/build/lib/lean/Mathlib/CategoryTheory/Bicategory/EqToHom.olean: OK
.lake/packages/mathlib/.lake/build/lib/lean/Mathlib/CategoryTheory/Bicategory/Extension.olean: OK
.lake/packages/mathlib/.lake/build/lib/lean/Mathlib/CategoryTheory/Bicategory/Free.olean: OK
.lake/packages/mathlib/.lake/build/lib/lean/Mathlib/CategoryTheory/Bicategory/Functor/Cat.olean: OK
.lake/packages/mathlib/.lake/build/lib/lean/Mathlib/CategoryTheory/Bicategory/Functor/Cat/ObjectProperty.olean: OK
.lake/packages/mathlib/.lake/build/lib/lean/Mathlib/CategoryTheory/Bicategory/Functor/Lax.olean: OK
.lake/packages/mathlib/.lake/build/lib/lean/Mathlib/CategoryTheory/Bicategory/Functor/LocallyDiscrete.olean: OK
.lake/packages/mathlib/.lake/build/lib/lean/Mathlib/CategoryTheory/Bicategory/Functor/Oplax.olean: OK
.lake/packages/mathlib/.lake/build/lib/lean/Mathlib/CategoryTheory/Bicategory/Functor/Prelax.olean: OK
.lake/packages/mathlib/.lake/build/lib/lean/Mathlib/CategoryTheory/Bicategory/Functor/Pseudofunctor.olean: OK
.lake/packages/mathlib/.lake/build/lib/lean/Mathlib/CategoryTheory/Bicategory/Functor/StrictPseudofunctor.olean: OK
.lake/packages/mathlib/.lake/build/lib/lean/Mathlib/CategoryTheory/Bicategory/Functor/StrictlyUnitary.olean: OK
.lake/packages/mathlib/.lake/build/lib/lean/Mathlib/CategoryTheory/Bicategory/FunctorBicategory/Lax.olean: OK
.lake/packages/mathlib/.lake/build/lib/lean/Mathlib/CategoryTheory/Bicategory/FunctorBicategory/Oplax.olean: OK
.lake/packages/mathlib/.lake/build/lib/lean/Mathlib/CategoryTheory/Bicategory/FunctorBicategory/Pseudo.olean: OK
.lake/packages/mathlib/.lake/build/lib/lean/Mathlib/CategoryTheory/Bicategory/Grothendieck.olean: OK
.lake/packages/mathlib/.lake/build/lib/lean/Mathlib/CategoryTheory/Bicategory/InducedBicategory.olean: OK
.lake/packages/mathlib/.lake/build/lib/lean/Mathlib/CategoryTheory/Bicategory/Kan/Adjunction.olean: OK
.lake/packages/mathlib/.lake/build/lib/lean/Mathlib/CategoryTheory/Bicategory/Kan/HasKan.olean: OK
.lake/packages/mathlib/.lake/build/lib/lean/Mathlib/CategoryTheory/Bicategory/Kan/IsKan.olean: OK
.lake/packages/mathlib/.lake/build/lib/lean/Mathlib/CategoryTheory/Bicategory/LocallyDiscrete.olean: OK
.lake/packages/mathlib/.lake/build/lib/lean/Mathlib/CategoryTheory/Bicategory/LocallyGroupoid.olean: OK
.lake/packages/mathlib/.lake/build/lib/lean/Mathlib/CategoryTheory/Bicategory/Modification/Lax.olean: OK
.lake/packages/mathlib/.lake/build/lib/lean/Mathlib/CategoryTheory/Bicategory/Modification/Oplax.olean: OK
.lake/packages/mathlib/.lake/build/lib/lean/Mathlib/CategoryTheory/Bicategory/Modification/Pseudo.olean: OK
.lake/packages/mathlib/.lake/build/lib/lean/Mathlib/CategoryTheory/Bicategory/Monad/Basic.olean: OK
.lake/packages/mathlib/.lake/build/lib/lean/Mathlib/CategoryTheory/Bicategory/NaturalTransformation/Lax.olean: OK
.lake/packages/mathlib/.lake/build/lib/lean/Mathlib/CategoryTheory/Bicategory/NaturalTransformation/Oplax.olean: OK
.lake/packages/mathlib/.lake/build/lib/lean/Mathlib/CategoryTheory/Bicategory/NaturalTransformation/Pseudo.olean: OK
.lake/packages/mathlib/.lake/build/lib/lean/Mathlib/CategoryTheory/Bicategory/Opposites.olean: OK
.lake/packages/mathlib/.lake/build/lib/lean/Mathlib/CategoryTheory/Bicategory/Product.olean: OK
.lake/packages/mathlib/.lake/build/lib/lean/Mathlib/CategoryTheory/Bicategory/SingleObj.olean: OK
.lake/packages/mathlib/.lake/build/lib/lean/Mathlib/CategoryTheory/Bicategory/Strict/Basic.olean: OK
.lake/packages/mathlib/.lake/build/lib/lean/Mathlib/CategoryTheory/Bicategory/Strict/Pseudofunctor.olean: OK
.lake/packages/mathlib/.lake/build/lib/lean/Mathlib/CategoryTheory/Bicategory/Yoneda.olean: OK
.lake/packages/mathlib/.lake/build/lib/lean/Mathlib/CategoryTheory/CatCommSq.olean: OK
.lake/packages/mathlib/.lake/build/lib/lean/Mathlib/CategoryTheory/Category/Basic.olean: OK
.lake/packages/mathlib/.lake/build/lib/lean/Mathlib/CategoryTheory/Category/Bipointed.olean: OK
.lake/packages/mathlib/.lake/build/lib/lean/Mathlib/CategoryTheory/Category/Cat.olean: OK
.lake/packages/mathlib/.lake/build/lib/lean/Mathlib/CategoryTheory/Category/Cat/Adjunction.olean: OK
.lake/packages/mathlib/.lake/build/lib/lean/Mathlib/CategoryTheory/Category/Cat/AsSmall.olean: OK
.lake/packages/mathlib/.lake/build/lib/lean/Mathlib/CategoryTheory/Category/Cat/CartesianClosed.olean: OK
.lake/packages/mathlib/.lake/build/lib/lean/Mathlib/CategoryTheory/Category/Cat/Colimit.olean: OK
.lake/packages/mathlib/.lake/build/lib/lean/Mathlib/CategoryTheory/Category/Cat/Limit.olean: OK
.lake/packages/mathlib/.lake/build/lib/lean/Mathlib/CategoryTheory/Category/Cat/Op.olean: OK
.lake/packages/mathlib/.lake/build/lib/lean/Mathlib/CategoryTheory/Category/Cat/Terminal.olean: OK
.lake/packages/mathlib/.lake/build/lib/lean/Mathlib/CategoryTheory/Category/Factorisation.olean: OK
.lake/packages/mathlib/.lake/build/lib/lean/Mathlib/CategoryTheory/Category/GaloisConnection.olean: OK
.lake/packages/mathlib/.lake/build/lib/lean/Mathlib/CategoryTheory/Category/Grpd.olean: OK
.lake/packages/mathlib/.lake/build/lib/lean/Mathlib/CategoryTheory/Category/Init.olean: OK
.lake/packages/mathlib/.lake/build/lib/lean/Mathlib/CategoryTheory/Category/KleisliCat.olean: OK
.lake/packages/mathlib/.lake/build/lib/lean/Mathlib/CategoryTheory/Category/Pairwise.olean: OK
.lake/packages/mathlib/.lake/build/lib/lean/Mathlib/CategoryTheory/Category/PartialFun.olean: OK
.lake/packages/mathlib/.lake/build/lib/lean/Mathlib/CategoryTheory/Category/Pointed.olean: OK
.lake/packages/mathlib/.lake/build/lib/lean/Mathlib/CategoryTheory/Category/Preorder.olean: OK
.lake/packages/mathlib/.lake/build/lib/lean/Mathlib/CategoryTheory/Category/Quiv.olean: OK
.lake/packages/mathlib/.lake/build/lib/lean/Mathlib/CategoryTheory/Category/ReflQuiv.olean: OK
.lake/packages/mathlib/.lake/build/lib/lean/Mathlib/CategoryTheory/Category/RelCat.olean: OK
.lake/packages/mathlib/.lake/build/lib/lean/Mathlib/CategoryTheory/Category/TwoP.olean: OK
.lake/packages/mathlib/.lake/build/lib/lean/Mathlib/CategoryTheory/Category/ULift.olean: OK
.lake/packages/mathlib/.lake/build/lib/lean/Mathlib/CategoryTheory/Center/Basic.olean: OK
.lake/packages/mathlib/.lake/build/lib/lean/Mathlib/CategoryTheory/Center/Linear.olean: OK
.lake/packages/mathlib/.lake/build/lib/lean/Mathlib/CategoryTheory/Center/Localization.olean: OK
.lake/packages/mathlib/.lake/build/lib/lean/Mathlib/CategoryTheory/Center/NegOnePow.olean: OK
.lake/packages/mathlib/.lake/build/lib/lean/Mathlib/CategoryTheory/Center/Preadditive.olean: OK
.lake/packages/mathlib/.lake/build/lib/lean/Mathlib/CategoryTheory/Closed/Cartesian.olean: OK
.lake/packages/mathlib/.lake/build/lib/lean/Mathlib/CategoryTheory/Closed/Enrichment.olean: OK
.lake/packages/mathlib/.lake/build/lib/lean/Mathlib/CategoryTheory/Closed/Functor.olean: OK
.lake/packages/mathlib/.lake/build/lib/lean/Mathlib/CategoryTheory/Closed/FunctorCategory/Basic.olean: OK
.lake/packages/mathlib/.lake/build/lib/lean/Mathlib/CategoryTheory/Closed/FunctorCategory/Complete.olean: OK
.lake/packages/mathlib/.lake/build/lib/lean/Mathlib/CategoryTheory/Closed/FunctorCategory/Groupoid.olean: OK
.lake/packages/mathlib/.lake/build/lib/lean/Mathlib/CategoryTheory/Closed/FunctorToTypes.olean: OK
.lake/packages/mathlib/.lake/build/lib/lean/Mathlib/CategoryTheory/Closed/Ideal.olean: OK
.lake/packages/mathlib/.lake/build/lib/lean/Mathlib/CategoryTheory/Closed/Monoidal.olean: OK
.lake/packages/mathlib/.lake/build/lib/lean/Mathlib/CategoryTheory/Closed/Types.olean: OK
.lake/packages/mathlib/.lake/build/lib/lean/Mathlib/CategoryTheory/Closed/Zero.olean: OK
.lake/packages/mathlib/.lake/build/lib/lean/Mathlib/CategoryTheory/CodiscreteCategory.olean: OK
.lake/packages/mathlib/.lake/build/lib/lean/Mathlib/CategoryTheory/CofilteredSystem.olean: OK
.lake/packages/mathlib/.lake/build/lib/lean/Mathlib/CategoryTheory/CommSq.olean: OK
.lake/packages/mathlib/.lake/build/lib/lean/Mathlib/CategoryTheory/Comma/Arrow.olean: OK
.lake/packages/mathlib/.lake/build/lib/lean/Mathlib/CategoryTheory/Comma/Basic.olean: OK
.lake/packages/mathlib/.lake/build/lib/lean/Mathlib/CategoryTheory/Comma/CardinalArrow.olean: OK
.lake/packages/mathlib/.lake/build/lib/lean/Mathlib/CategoryTheory/Comma/CatCommSq.olean: OK
.lake/packages/mathlib/.lake/build/lib/lean/Mathlib/CategoryTheory/Comma/Final.olean: OK
.lake/packages/mathlib/.lake/build/lib/lean/Mathlib/CategoryTheory/Comma/LocallySmall.olean: OK
.lake/packages/mathlib/.lake/build/lib/lean/Mathlib/CategoryTheory/Comma/Over/Basic.olean: OK
.lake/packages/mathlib/.lake/build/lib/lean/Mathlib/CategoryTheory/Comma/Over/OverClass.olean: OK
.lake/packages/mathlib/.lake/build/lib/lean/Mathlib/CategoryTheory/Comma/Over/Pullback.olean: OK
.lake/packages/mathlib/.lake/build/lib/lean/Mathlib/CategoryTheory/Comma/Over/StrictInitial.olean: OK
.lake/packages/mathlib/.lake/build/lib/lean/Mathlib/CategoryTheory/Comma/Presheaf/Basic.olean: OK
.lake/packages/mathlib/.lake/build/lib/lean/Mathlib/CategoryTheory/Comma/Presheaf/Colimit.olean: OK
.lake/packages/mathlib/.lake/build/lib/lean/Mathlib/CategoryTheory/Comma/StructuredArrow/Basic.olean: OK
.lake/packages/mathlib/.lake/build/lib/lean/Mathlib/CategoryTheory/Comma/StructuredArrow/CommaMap.olean: OK
.lake/packages/mathlib/.lake/build/lib/lean/Mathlib/CategoryTheory/Comma/StructuredArrow/Final.olean: OK
.lake/packages/mathlib/.lake/build/lib/lean/Mathlib/CategoryTheory/Comma/StructuredArrow/Functor.olean: OK
.lake/packages/mathlib/.lake/build/lib/lean/Mathlib/CategoryTheory/Comma/StructuredArrow/Small.olean: OK
.lake/packages/mathlib/.lake/build/lib/lean/Mathlib/CategoryTheory/ComposableArrows/Basic.olean: OK
.lake/packages/mathlib/.lake/build/lib/lean/Mathlib/CategoryTheory/ComposableArrows/Four.olean: OK
.lake/packages/mathlib/.lake/build/lib/lean/Mathlib/CategoryTheory/ComposableArrows/One.olean: OK
.lake/packages/mathlib/.lake/build/lib/lean/Mathlib/CategoryTheory/ComposableArrows/Three.olean: OK
.lake/packages/mathlib/.lake/build/lib/lean/Mathlib/CategoryTheory/ComposableArrows/Two.olean: OK
.lake/packages/mathlib/.lake/build/lib/lean/Mathlib/CategoryTheory/ConcreteCategory/Basic.olean: OK
.lake/packages/mathlib/.lake/build/lib/lean/Mathlib/CategoryTheory/ConcreteCategory/Bundled.olean: OK
.lake/packages/mathlib/.lake/build/lib/lean/Mathlib/CategoryTheory/ConcreteCategory/BundledHom.olean: OK
.lake/packages/mathlib/.lake/build/lib/lean/Mathlib/CategoryTheory/ConcreteCategory/Elementwise.olean: OK
.lake/packages/mathlib/.lake/build/lib/lean/Mathlib/CategoryTheory/ConcreteCategory/EpiMono.olean: OK
.lake/packages/mathlib/.lake/build/lib/lean/Mathlib/CategoryTheory/ConcreteCategory/Forget.olean: OK
.lake/packages/mathlib/.lake/build/lib/lean/Mathlib/CategoryTheory/ConcreteCategory/ReflectsIso.olean: OK
.lake/packages/mathlib/.lake/build/lib/lean/Mathlib/CategoryTheory/ConcreteCategory/Representable.olean: OK
.lake/packages/mathlib/.lake/build/lib/lean/Mathlib/CategoryTheory/ConcreteCategory/UnbundledHom.olean: OK
.lake/packages/mathlib/.lake/build/lib/lean/Mathlib/CategoryTheory/Conj.olean: OK
.lake/packages/mathlib/.lake/build/lib/lean/Mathlib/CategoryTheory/ConnectedComponents.olean: OK
.lake/packages/mathlib/.lake/build/lib/lean/Mathlib/CategoryTheory/CopyDiscardCategory/Basic.olean: OK
.lake/packages/mathlib/.lake/build/lib/lean/Mathlib/CategoryTheory/CopyDiscardCategory/Cartesian.olean: OK
.lake/packages/mathlib/.lake/build/lib/lean/Mathlib/CategoryTheory/CopyDiscardCategory/Deterministic.olean: OK
.lake/packages/mathlib/.lake/build/lib/lean/Mathlib/CategoryTheory/CopyDiscardCategory/Widesubcategory.olean: OK
.lake/packages/mathlib/.lake/build/lib/lean/Mathlib/CategoryTheory/Core.olean: OK
.lake/packages/mathlib/.lake/build/lib/lean/Mathlib/CategoryTheory/Countable.olean: OK
.lake/packages/mathlib/.lake/build/lib/lean/Mathlib/CategoryTheory/Dialectica/Basic.olean: OK
.lake/packages/mathlib/.lake/build/lib/lean/Mathlib/CategoryTheory/Dialectica/Monoidal.olean: OK
.lake/packages/mathlib/.lake/build/lib/lean/Mathlib/CategoryTheory/DifferentialObject.olean: OK
.lake/packages/mathlib/.lake/build/lib/lean/Mathlib/CategoryTheory/DinatTrans.olean: OK
.lake/packages/mathlib/.lake/build/lib/lean/Mathlib/CategoryTheory/Discrete/Basic.olean: OK
.lake/packages/mathlib/.lake/build/lib/lean/Mathlib/CategoryTheory/Discrete/StructuredArrow.olean: OK
.lake/packages/mathlib/.lake/build/lib/lean/Mathlib/CategoryTheory/Discrete/SumsProducts.olean: OK
.lake/packages/mathlib/.lake/build/lib/lean/Mathlib/CategoryTheory/Distributive/Cartesian.olean: OK
.lake/packages/mathlib/.lake/build/lib/lean/Mathlib/CategoryTheory/Distributive/Monoidal.olean: OK
.lake/packages/mathlib/.lake/build/lib/lean/Mathlib/CategoryTheory/EffectiveEpi/Basic.olean: OK
.lake/packages/mathlib/.lake/build/lib/lean/Mathlib/CategoryTheory/EffectiveEpi/Comp.olean: OK
.lake/packages/mathlib/.lake/build/lib/lean/Mathlib/CategoryTheory/EffectiveEpi/Coproduct.olean: OK
.lake/packages/mathlib/.lake/build/lib/lean/Mathlib/CategoryTheory/EffectiveEpi/Enough.olean: OK
.lake/packages/mathlib/.lake/build/lib/lean/Mathlib/CategoryTheory/EffectiveEpi/Extensive.olean: OK
.lake/packages/mathlib/.lake/build/lib/lean/Mathlib/CategoryTheory/EffectiveEpi/Preserves.olean: OK
.lake/packages/mathlib/.lake/build/lib/lean/Mathlib/CategoryTheory/EffectiveEpi/RegularEpi.olean: OK
.lake/packages/mathlib/.lake/build/lib/lean/Mathlib/CategoryTheory/Elements.olean: OK
.lake/packages/mathlib/.lake/build/lib/lean/Mathlib/CategoryTheory/Elementwise.olean: OK
.lake/packages/mathlib/.lake/build/lib/lean/Mathlib/CategoryTheory/Endofunctor/Algebra.olean: OK
.lake/packages/mathlib/.lake/build/lib/lean/Mathlib/CategoryTheory/Endomorphism.olean: OK
.lake/packages/mathlib/.lake/build/lib/lean/Mathlib/CategoryTheory/Enriched/Basic.olean: OK
.lake/packages/mathlib/.lake/build/lib/lean/Mathlib/CategoryTheory/Enriched/EnrichedCat.olean: OK
.lake/packages/mathlib/.lake/build/lib/lean/Mathlib/CategoryTheory/Enriched/FunctorCategory.olean: OK
.lake/packages/mathlib/.lake/build/lib/lean/Mathlib/CategoryTheory/Enriched/HomCongr.olean: OK
.lake/packages/mathlib/.lake/build/lib/lean/Mathlib/CategoryTheory/Enriched/Limits/HasConicalLimits.olean: OK
.lake/packages/mathlib/.lake/build/lib/lean/Mathlib/CategoryTheory/Enriched/Limits/HasConicalProducts.olean: OK
.lake/packages/mathlib/.lake/build/lib/lean/Mathlib/CategoryTheory/Enriched/Limits/HasConicalPullbacks.olean: OK
.lake/packages/mathlib/.lake/build/lib/lean/Mathlib/CategoryTheory/Enriched/Limits/HasConicalTerminal.olean: OK
.lake/packages/mathlib/.lake/build/lib/lean/Mathlib/CategoryTheory/Enriched/Opposite.olean: OK
.lake/packages/mathlib/.lake/build/lib/lean/Mathlib/CategoryTheory/Enriched/Ordinary/Basic.olean: OK
.lake/packages/mathlib/.lake/build/lib/lean/Mathlib/CategoryTheory/EpiMono.olean: OK
.lake/packages/mathlib/.lake/build/lib/lean/Mathlib/CategoryTheory/EqToHom.olean: OK
.lake/packages/mathlib/.lake/build/lib/lean/Mathlib/CategoryTheory/Equivalence.olean: OK
.lake/packages/mathlib/.lake/build/lib/lean/Mathlib/CategoryTheory/Equivalence/Symmetry.olean: OK
.lake/packages/mathlib/.lake/build/lib/lean/Mathlib/CategoryTheory/EssentialImage.olean: OK
.lake/packages/mathlib/.lake/build/lib/lean/Mathlib/CategoryTheory/EssentiallySmall.olean: OK
.lake/packages/mathlib/.lake/build/lib/lean/Mathlib/CategoryTheory/Extensive.olean: OK
.lake/packages/mathlib/.lake/build/lib/lean/Mathlib/CategoryTheory/ExtremalEpi.olean: OK
.lake/packages/mathlib/.lake/build/lib/lean/Mathlib/CategoryTheory/FiberedCategory/BasedCategory.olean: OK
.lake/packages/mathlib/.lake/build/lib/lean/Mathlib/CategoryTheory/FiberedCategory/Cartesian.olean: OK
.lake/packages/mathlib/.lake/build/lib/lean/Mathlib/CategoryTheory/FiberedCategory/Cocartesian.olean: OK
.lake/packages/mathlib/.lake/build/lib/lean/Mathlib/CategoryTheory/FiberedCategory/Fiber.olean: OK
.lake/packages/mathlib/.lake/build/lib/lean/Mathlib/CategoryTheory/FiberedCategory/Fibered.olean: OK
.lake/packages/mathlib/.lake/build/lib/lean/Mathlib/CategoryTheory/FiberedCategory/Grothendieck.olean: OK
.lake/packages/mathlib/.lake/build/lib/lean/Mathlib/CategoryTheory/FiberedCategory/HasFibers.olean: OK
.lake/packages/mathlib/.lake/build/lib/lean/Mathlib/CategoryTheory/FiberedCategory/HomLift.olean: OK
.lake/packages/mathlib/.lake/build/lib/lean/Mathlib/CategoryTheory/Filtered/Basic.olean: OK
.lake/packages/mathlib/.lake/build/lib/lean/Mathlib/CategoryTheory/Filtered/Connected.olean: OK
.lake/packages/mathlib/.lake/build/lib/lean/Mathlib/CategoryTheory/Filtered/CostructuredArrow.olean: OK
.lake/packages/mathlib/.lake/build/lib/lean/Mathlib/CategoryTheory/Filtered/Final.olean: OK
.lake/packages/mathlib/.lake/build/lib/lean/Mathlib/CategoryTheory/Filtered/FinallySmall.olean: OK
.lake/packages/mathlib/.lake/build/lib/lean/Mathlib/CategoryTheory/Filtered/Flat.olean: OK
.lake/packages/mathlib/.lake/build/lib/lean/Mathlib/CategoryTheory/Filtered/Grothendieck.olean: OK
.lake/packages/mathlib/.lake/build/lib/lean/Mathlib/CategoryTheory/Filtered/OfColimitCommutesFiniteLimit.olean: OK
.lake/packages/mathlib/.lake/build/lib/lean/Mathlib/CategoryTheory/Filtered/Small.olean: OK
.lake/packages/mathlib/.lake/build/lib/lean/Mathlib/CategoryTheory/FinCategory/AsType.olean: OK
.lake/packages/mathlib/.lake/build/lib/lean/Mathlib/CategoryTheory/FinCategory/Basic.olean: OK
.lake/packages/mathlib/.lake/build/lib/lean/Mathlib/CategoryTheory/FintypeCat.olean: OK
.lake/packages/mathlib/.lake/build/lib/lean/Mathlib/CategoryTheory/Functor/Basic.olean: OK
.lake/packages/mathlib/.lake/build/lib/lean/Mathlib/CategoryTheory/Functor/Category.olean: OK
.lake/packages/mathlib/.lake/build/lib/lean/Mathlib/CategoryTheory/Functor/Const.olean: OK
.lake/packages/mathlib/.lake/build/lib/lean/Mathlib/CategoryTheory/Functor/Currying.olean: OK
.lake/packages/mathlib/.lake/build/lib/lean/Mathlib/CategoryTheory/Functor/CurryingThree.olean: OK
.lake/packages/mathlib/.lake/build/lib/lean/Mathlib/CategoryTheory/Functor/Derived/Adjunction.olean: OK
.lake/packages/mathlib/.lake/build/lib/lean/Mathlib/CategoryTheory/Functor/Derived/LeftDerived.olean: OK
.lake/packages/mathlib/.lake/build/lib/lean/Mathlib/CategoryTheory/Functor/Derived/PointwiseLeftDerived.olean: OK
.lake/packages/mathlib/.lake/build/lib/lean/Mathlib/CategoryTheory/Functor/Derived/PointwiseRightDerived.olean: OK
.lake/packages/mathlib/.lake/build/lib/lean/Mathlib/CategoryTheory/Functor/Derived/RightDerived.olean: OK
.lake/packages/mathlib/.lake/build/lib/lean/Mathlib/CategoryTheory/Functor/EpiMono.olean: OK
.lake/packages/mathlib/.lake/build/lib/lean/Mathlib/CategoryTheory/Functor/Flat.olean: OK
.lake/packages/mathlib/.lake/build/lib/lean/Mathlib/CategoryTheory/Functor/FullyFaithful.olean: OK
.lake/packages/mathlib/.lake/build/lib/lean/Mathlib/CategoryTheory/Functor/FunctorHom.olean: OK
.lake/packages/mathlib/.lake/build/lib/lean/Mathlib/CategoryTheory/Functor/Functorial.olean: OK
.lake/packages/mathlib/.lake/build/lib/lean/Mathlib/CategoryTheory/Functor/Hom.olean: OK
.lake/packages/mathlib/.lake/build/lib/lean/Mathlib/CategoryTheory/Functor/KanExtension/Adjunction.olean: OK
.lake/packages/mathlib/.lake/build/lib/lean/Mathlib/CategoryTheory/Functor/KanExtension/Basic.olean: OK
.lake/packages/mathlib/.lake/build/lib/lean/Mathlib/CategoryTheory/Functor/KanExtension/Dense.olean: OK
.lake/packages/mathlib/.lake/build/lib/lean/Mathlib/CategoryTheory/Functor/KanExtension/DenseAt.olean: OK
.lake/packages/mathlib/.lake/build/lib/lean/Mathlib/CategoryTheory/Functor/KanExtension/Pointwise.olean: OK
.lake/packages/mathlib/.lake/build/lib/lean/Mathlib/CategoryTheory/Functor/KanExtension/Preserves.olean: OK
.lake/packages/mathlib/.lake/build/lib/lean/Mathlib/CategoryTheory/Functor/OfSequence.olean: OK
.lake/packages/mathlib/.lake/build/lib/lean/Mathlib/CategoryTheory/Functor/ReflectsIso/Balanced.olean: OK
.lake/packages/mathlib/.lake/build/lib/lean/Mathlib/CategoryTheory/Functor/ReflectsIso/Basic.olean: OK
.lake/packages/mathlib/.lake/build/lib/lean/Mathlib/CategoryTheory/Functor/ReflectsIso/Exact.olean: OK
.lake/packages/mathlib/.lake/build/lib/lean/Mathlib/CategoryTheory/Functor/ReflectsIso/Jointly.olean: OK
.lake/packages/mathlib/.lake/build/lib/lean/Mathlib/CategoryTheory/Functor/ReflectsIso/Limits.olean: OK
.lake/packages/mathlib/.lake/build/lib/lean/Mathlib/CategoryTheory/Functor/RegularEpi.olean: OK
.lake/packages/mathlib/.lake/build/lib/lean/Mathlib/CategoryTheory/Functor/Trifunctor.olean: OK
.lake/packages/mathlib/.lake/build/lib/lean/Mathlib/CategoryTheory/Functor/TwoSquare.olean: OK
.lake/packages/mathlib/.lake/build/lib/lean/Mathlib/CategoryTheory/Functor/TypeValuedFlat.olean: OK
.lake/packages/mathlib/.lake/build/lib/lean/Mathlib/CategoryTheory/Galois/Action.olean: OK
.lake/packages/mathlib/.lake/build/lib/lean/Mathlib/CategoryTheory/Galois/Basic.olean: OK
.lake/packages/mathlib/.lake/build/lib/lean/Mathlib/CategoryTheory/Galois/Decomposition.olean: OK
.lake/packages/mathlib/.lake/build/lib/lean/Mathlib/CategoryTheory/Galois/Equivalence.olean: OK
.lake/packages/mathlib/.lake/build/lib/lean/Mathlib/CategoryTheory/Galois/EssSurj.olean: OK
.lake/packages/mathlib/.lake/build/lib/lean/Mathlib/CategoryTheory/Galois/Examples.olean: OK
.lake/packages/mathlib/.lake/build/lib/lean/Mathlib/CategoryTheory/Galois/Full.olean: OK
.lake/packages/mathlib/.lake/build/lib/lean/Mathlib/CategoryTheory/Galois/GaloisObjects.olean: OK
.lake/packages/mathlib/.lake/build/lib/lean/Mathlib/CategoryTheory/Galois/IsFundamentalgroup.olean: OK
.lake/packages/mathlib/.lake/build/lib/lean/Mathlib/CategoryTheory/Galois/Prorepresentability.olean: OK
.lake/packages/mathlib/.lake/build/lib/lean/Mathlib/CategoryTheory/Galois/Topology.olean: OK
.lake/packages/mathlib/.lake/build/lib/lean/Mathlib/CategoryTheory/Generator/Abelian.olean: OK
.lake/packages/mathlib/.lake/build/lib/lean/Mathlib/CategoryTheory/Generator/Basic.olean: OK
.lake/packages/mathlib/.lake/build/lib/lean/Mathlib/CategoryTheory/Generator/HomologicalComplex.olean: OK
.lake/packages/mathlib/.lake/build/lib/lean/Mathlib/CategoryTheory/Generator/Indization.olean: OK
.lake/packages/mathlib/.lake/build/lib/lean/Mathlib/CategoryTheory/Generator/Preadditive.olean: OK
.lake/packages/mathlib/.lake/build/lib/lean/Mathlib/CategoryTheory/Generator/Presheaf.olean: OK
.lake/packages/mathlib/.lake/build/lib/lean/Mathlib/CategoryTheory/Generator/Sheaf.olean: OK
.lake/packages/mathlib/.lake/build/lib/lean/Mathlib/CategoryTheory/Generator/StrongGenerator.olean: OK
.lake/packages/mathlib/.lake/build/lib/lean/Mathlib/CategoryTheory/Generator/Type.olean: OK
.lake/packages/mathlib/.lake/build/lib/lean/Mathlib/CategoryTheory/GlueData.olean: OK
.lake/packages/mathlib/.lake/build/lib/lean/Mathlib/CategoryTheory/GradedObject.olean: OK
.lake/packages/mathlib/.lake/build/lib/lean/Mathlib/CategoryTheory/GradedObject/Associator.olean: OK
.lake/packages/mathlib/.lake/build/lib/lean/Mathlib/CategoryTheory/GradedObject/Bifunctor.olean: OK
.lake/packages/mathlib/.lake/build/lib/lean/Mathlib/CategoryTheory/GradedObject/Braiding.olean: OK
.lake/packages/mathlib/.lake/build/lib/lean/Mathlib/CategoryTheory/GradedObject/Monoidal.olean: OK
.lake/packages/mathlib/.lake/build/lib/lean/Mathlib/CategoryTheory/GradedObject/Single.olean: OK
.lake/packages/mathlib/.lake/build/lib/lean/Mathlib/CategoryTheory/GradedObject/Trifunctor.olean: OK
.lake/packages/mathlib/.lake/build/lib/lean/Mathlib/CategoryTheory/GradedObject/Unitor.olean: OK
.lake/packages/mathlib/.lake/build/lib/lean/Mathlib/CategoryTheory/Grothendieck.olean: OK
.lake/packages/mathlib/.lake/build/lib/lean/Mathlib/CategoryTheory/Groupoid.olean: OK
.lake/packages/mathlib/.lake/build/lib/lean/Mathlib/CategoryTheory/Groupoid/Basic.olean: OK
.lake/packages/mathlib/.lake/build/lib/lean/Mathlib/CategoryTheory/Groupoid/Discrete.olean: OK
.lake/packages/mathlib/.lake/build/lib/lean/Mathlib/CategoryTheory/Groupoid/FreeGroupoid.olean: OK
.lake/packages/mathlib/.lake/build/lib/lean/Mathlib/CategoryTheory/Groupoid/FreeGroupoidOfCategory.olean: OK
.lake/packages/mathlib/.lake/build/lib/lean/Mathlib/CategoryTheory/Groupoid/Grpd/Basic.olean: OK
.lake/packages/mathlib/.lake/build/lib/lean/Mathlib/CategoryTheory/Groupoid/Subgroupoid.olean: OK
.lake/packages/mathlib/.lake/build/lib/lean/Mathlib/CategoryTheory/Groupoid/VertexGroup.olean: OK
.lake/packages/mathlib/.lake/build/lib/lean/Mathlib/CategoryTheory/GuitartExact/Basic.olean: OK
.lake/packages/mathlib/.lake/build/lib/lean/Mathlib/CategoryTheory/GuitartExact/HorizontalComposition.olean: OK
.lake/packages/mathlib/.lake/build/lib/lean/Mathlib/CategoryTheory/GuitartExact/KanExtension.olean: OK
.lake/packages/mathlib/.lake/build/lib/lean/Mathlib/CategoryTheory/GuitartExact/Opposite.olean: OK
.lake/packages/mathlib/.lake/build/lib/lean/Mathlib/CategoryTheory/GuitartExact/Over.olean: OK
.lake/packages/mathlib/.lake/build/lib/lean/Mathlib/CategoryTheory/GuitartExact/Quotient.olean: OK
.lake/packages/mathlib/.lake/build/lib/lean/Mathlib/CategoryTheory/GuitartExact/VerticalComposition.olean: OK
.lake/packages/mathlib/.lake/build/lib/lean/Mathlib/CategoryTheory/HomCongr.olean: OK
.lake/packages/mathlib/.lake/build/lib/lean/Mathlib/CategoryTheory/Idempotents/Basic.olean: OK
.lake/packages/mathlib/.lake/build/lib/lean/Mathlib/CategoryTheory/Idempotents/Biproducts.olean: OK
.lake/packages/mathlib/.lake/build/lib/lean/Mathlib/CategoryTheory/Idempotents/FunctorCategories.olean: OK
.lake/packages/mathlib/.lake/build/lib/lean/Mathlib/CategoryTheory/Idempotents/FunctorExtension.olean: OK
.lake/packages/mathlib/.lake/build/lib/lean/Mathlib/CategoryTheory/Idempotents/HomologicalComplex.olean: OK
.lake/packages/mathlib/.lake/build/lib/lean/Mathlib/CategoryTheory/Idempotents/Karoubi.olean: OK
.lake/packages/mathlib/.lake/build/lib/lean/Mathlib/CategoryTheory/Idempotents/KaroubiKaroubi.olean: OK
.lake/packages/mathlib/.lake/build/lib/lean/Mathlib/CategoryTheory/Idempotents/SimplicialObject.olean: OK
.lake/packages/mathlib/.lake/build/lib/lean/Mathlib/CategoryTheory/InducedCategory.olean: OK
.lake/packages/mathlib/.lake/build/lib/lean/Mathlib/CategoryTheory/IsConnected.olean: OK
.lake/packages/mathlib/.lake/build/lib/lean/Mathlib/CategoryTheory/Iso.olean: OK
.lake/packages/mathlib/.lake/build/lib/lean/Mathlib/CategoryTheory/IsomorphismClasses.olean: OK
.lake/packages/mathlib/.lake/build/lib/lean/Mathlib/CategoryTheory/Join/Basic.olean: OK
.lake/packages/mathlib/.lake/build/lib/lean/Mathlib/CategoryTheory/Join/Final.olean: OK
.lake/packages/mathlib/.lake/build/lib/lean/Mathlib/CategoryTheory/Join/Opposites.olean: OK
.lake/packages/mathlib/.lake/build/lib/lean/Mathlib/CategoryTheory/Join/Pseudofunctor.olean: OK
.lake/packages/mathlib/.lake/build/lib/lean/Mathlib/CategoryTheory/Join/Sum.olean: OK
.lake/packages/mathlib/.lake/build/lib/lean/Mathlib/CategoryTheory/LiftingProperties/Adjunction.olean: OK
.lake/packages/mathlib/.lake/build/lib/lean/Mathlib/CategoryTheory/LiftingProperties/Basic.olean: OK
.lake/packages/mathlib/.lake/build/lib/lean/Mathlib/CategoryTheory/LiftingProperties/Limits.olean: OK
.lake/packages/mathlib/.lake/build/lib/lean/Mathlib/CategoryTheory/LiftingProperties/Over.olean: OK
.lake/packages/mathlib/.lake/build/lib/lean/Mathlib/CategoryTheory/LiftingProperties/ParametrizedAdjunction.olean: OK
.lake/packages/mathlib/.lake/build/lib/lean/Mathlib/CategoryTheory/LiftingProperties/PushoutProduct.olean: OK
.lake/packages/mathlib/.lake/build/lib/lean/Mathlib/CategoryTheory/Limits/Bicones.olean: OK
.lake/packages/mathlib/.lake/build/lib/lean/Mathlib/CategoryTheory/Limits/Chosen/End.olean: OK
.lake/packages/mathlib/.lake/build/lib/lean/Mathlib/CategoryTheory/Limits/ColimitLimit.olean: OK
.lake/packages/mathlib/.lake/build/lib/lean/Mathlib/CategoryTheory/Limits/Comma.olean: OK
.lake/packages/mathlib/.lake/build/lib/lean/Mathlib/CategoryTheory/Limits/ConcreteCategory/Basic.olean: OK
.lake/packages/mathlib/.lake/build/lib/lean/Mathlib/CategoryTheory/Limits/ConcreteCategory/Filtered.olean: OK
.lake/packages/mathlib/.lake/build/lib/lean/Mathlib/CategoryTheory/Limits/ConcreteCategory/WithAlgebraicStructures.olean: OK
.lake/packages/mathlib/.lake/build/lib/lean/Mathlib/CategoryTheory/Limits/ConeCategory.olean: OK
.lake/packages/mathlib/.lake/build/lib/lean/Mathlib/CategoryTheory/Limits/Cones.olean: OK
.lake/packages/mathlib/.lake/build/lib/lean/Mathlib/CategoryTheory/Limits/Connected.olean: OK
.lake/packages/mathlib/.lake/build/lib/lean/Mathlib/CategoryTheory/Limits/Constructions/BinaryProducts.olean: OK
.lake/packages/mathlib/.lake/build/lib/lean/Mathlib/CategoryTheory/Limits/Constructions/EpiMono.olean: OK
.lake/packages/mathlib/.lake/build/lib/lean/Mathlib/CategoryTheory/Limits/Constructions/Equalizers.olean: OK
.lake/packages/mathlib/.lake/build/lib/lean/Mathlib/CategoryTheory/Limits/Constructions/EventuallyConstant.olean: OK
.lake/packages/mathlib/.lake/build/lib/lean/Mathlib/CategoryTheory/Limits/Constructions/Filtered.olean: OK
.lake/packages/mathlib/.lake/build/lib/lean/Mathlib/CategoryTheory/Limits/Constructions/FiniteProductsOfBinaryProducts.olean: OK
.lake/packages/mathlib/.lake/build/lib/lean/Mathlib/CategoryTheory/Limits/Constructions/LimitsOfProductsAndEqualizers.olean: OK
.lake/packages/mathlib/.lake/build/lib/lean/Mathlib/CategoryTheory/Limits/Constructions/Over/Basic.olean: OK
.lake/packages/mathlib/.lake/build/lib/lean/Mathlib/CategoryTheory/Limits/Constructions/Over/Connected.olean: OK
.lake/packages/mathlib/.lake/build/lib/lean/Mathlib/CategoryTheory/Limits/Constructions/Over/Products.olean: OK
.lake/packages/mathlib/.lake/build/lib/lean/Mathlib/CategoryTheory/Limits/Constructions/Pullbacks.olean: OK
.lake/packages/mathlib/.lake/build/lib/lean/Mathlib/CategoryTheory/Limits/Constructions/WeaklyInitial.olean: OK
.lake/packages/mathlib/.lake/build/lib/lean/Mathlib/CategoryTheory/Limits/Constructions/WidePullbackOfTerminal.olean: OK
.lake/packages/mathlib/.lake/build/lib/lean/Mathlib/CategoryTheory/Limits/Constructions/ZeroObjects.olean: OK
.lake/packages/mathlib/.lake/build/lib/lean/Mathlib/CategoryTheory/Limits/Creates.olean: OK
.lake/packages/mathlib/.lake/build/lib/lean/Mathlib/CategoryTheory/Limits/Elements.olean: OK
.lake/packages/mathlib/.lake/build/lib/lean/Mathlib/CategoryTheory/Limits/EpiMono.olean: OK
.lake/packages/mathlib/.lake/build/lib/lean/Mathlib/CategoryTheory/Limits/EssentiallySmall.olean: OK
.lake/packages/mathlib/.lake/build/lib/lean/Mathlib/CategoryTheory/Limits/ExactFunctor.olean: OK
.lake/packages/mathlib/.lake/build/lib/lean/Mathlib/CategoryTheory/Limits/Filtered.olean: OK
.lake/packages/mathlib/.lake/build/lib/lean/Mathlib/CategoryTheory/Limits/FilteredColimitCommutesFiniteLimit.olean: OK
.lake/packages/mathlib/.lake/build/lib/lean/Mathlib/CategoryTheory/Limits/FilteredColimitCommutesProduct.olean: OK
.lake/packages/mathlib/.lake/build/lib/lean/Mathlib/CategoryTheory/Limits/Final.olean: OK
.lake/packages/mathlib/.lake/build/lib/lean/Mathlib/CategoryTheory/Limits/Final/Connected.olean: OK
.lake/packages/mathlib/.lake/build/lib/lean/Mathlib/CategoryTheory/Limits/Final/ParallelPair.olean: OK
.lake/packages/mathlib/.lake/build/lib/lean/Mathlib/CategoryTheory/Limits/Final/Type.olean: OK
.lake/packages/mathlib/.lake/build/lib/lean/Mathlib/CategoryTheory/Limits/FinallySmall.olean: OK
.lake/packages/mathlib/.lake/build/lib/lean/Mathlib/CategoryTheory/Limits/FintypeCat.olean: OK
.lake/packages/mathlib/.lake/build/lib/lean/Mathlib/CategoryTheory/Limits/FormalCoproducts.olean: OK
.lake/packages/mathlib/.lake/build/lib/lean/Mathlib/CategoryTheory/Limits/FormalCoproducts/Basic.olean: OK
.lake/packages/mathlib/.lake/build/lib/lean/Mathlib/CategoryTheory/Limits/FormalCoproducts/Cech.olean: OK
.lake/packages/mathlib/.lake/build/lib/lean/Mathlib/CategoryTheory/Limits/FormalCoproducts/ExtraDegeneracy.olean: OK
.lake/packages/mathlib/.lake/build/lib/lean/Mathlib/CategoryTheory/Limits/Fubini.olean: OK
.lake/packages/mathlib/.lake/build/lib/lean/Mathlib/CategoryTheory/Limits/FullSubcategory.olean: OK
.lake/packages/mathlib/.lake/build/lib/lean/Mathlib/CategoryTheory/Limits/FunctorCategory/Basic.olean: OK
.lake/packages/mathlib/.lake/build/lib/lean/Mathlib/CategoryTheory/Limits/FunctorCategory/BinaryBiproducts.olean: OK
.lake/packages/mathlib/.lake/build/lib/lean/Mathlib/CategoryTheory/Limits/FunctorCategory/EpiMono.olean: OK
.lake/packages/mathlib/.lake/build/lib/lean/Mathlib/CategoryTheory/Limits/FunctorCategory/Filtered.olean: OK
.lake/packages/mathlib/.lake/build/lib/lean/Mathlib/CategoryTheory/Limits/FunctorCategory/Finite.olean: OK
.lake/packages/mathlib/.lake/build/lib/lean/Mathlib/CategoryTheory/Limits/FunctorCategory/Shapes/Images.olean: OK
.lake/packages/mathlib/.lake/build/lib/lean/Mathlib/CategoryTheory/Limits/FunctorCategory/Shapes/Kernels.olean: OK
.lake/packages/mathlib/.lake/build/lib/lean/Mathlib/CategoryTheory/Limits/FunctorCategory/Shapes/Products.olean: OK
.lake/packages/mathlib/.lake/build/lib/lean/Mathlib/CategoryTheory/Limits/FunctorCategory/Shapes/Pullbacks.olean: OK
.lake/packages/mathlib/.lake/build/lib/lean/Mathlib/CategoryTheory/Limits/FunctorCategory/Shapes/Terminal.olean: OK
.lake/packages/mathlib/.lake/build/lib/lean/Mathlib/CategoryTheory/Limits/FunctorToTypes.olean: OK
.lake/packages/mathlib/.lake/build/lib/lean/Mathlib/CategoryTheory/Limits/HasLimits.olean: OK
.lake/packages/mathlib/.lake/build/lib/lean/Mathlib/CategoryTheory/Limits/IndYoneda.olean: OK
.lake/packages/mathlib/.lake/build/lib/lean/Mathlib/CategoryTheory/Limits/Indization/Category.olean: OK
.lake/packages/mathlib/.lake/build/lib/lean/Mathlib/CategoryTheory/Limits/Indization/Equalizers.olean: OK
.lake/packages/mathlib/.lake/build/lib/lean/Mathlib/CategoryTheory/Limits/Indization/FilteredColimits.olean: OK
.lake/packages/mathlib/.lake/build/lib/lean/Mathlib/CategoryTheory/Limits/Indization/IndObject.olean: OK
.lake/packages/mathlib/.lake/build/lib/lean/Mathlib/CategoryTheory/Limits/Indization/LocallySmall.olean: OK
.lake/packages/mathlib/.lake/build/lib/lean/Mathlib/CategoryTheory/Limits/Indization/ParallelPair.olean: OK
.lake/packages/mathlib/.lake/build/lib/lean/Mathlib/CategoryTheory/Limits/Indization/Products.olean: OK
.lake/packages/mathlib/.lake/build/lib/lean/Mathlib/CategoryTheory/Limits/IsConnected.olean: OK
.lake/packages/mathlib/.lake/build/lib/lean/Mathlib/CategoryTheory/Limits/IsLimit.olean: OK
.lake/packages/mathlib/.lake/build/lib/lean/Mathlib/CategoryTheory/Limits/Lattice.olean: OK
.lake/packages/mathlib/.lake/build/lib/lean/Mathlib/CategoryTheory/Limits/MonoCoprod.olean: OK
.lake/packages/mathlib/.lake/build/lib/lean/Mathlib/CategoryTheory/Limits/MorphismProperty.olean: OK
.lake/packages/mathlib/.lake/build/lib/lean/Mathlib/CategoryTheory/Limits/Opposites.olean: OK
.lake/packages/mathlib/.lake/build/lib/lean/Mathlib/CategoryTheory/Limits/Over.olean: OK
.lake/packages/mathlib/.lake/build/lib/lean/Mathlib/CategoryTheory/Limits/Pi.olean: OK
.lake/packages/mathlib/.lake/build/lib/lean/Mathlib/CategoryTheory/Limits/Preorder.olean: OK
.lake/packages/mathlib/.lake/build/lib/lean/Mathlib/CategoryTheory/Limits/Presentation.olean: OK
.lake/packages/mathlib/.lake/build/lib/lean/Mathlib/CategoryTheory/Limits/Preserves/Basic.olean: OK
.lake/packages/mathlib/.lake/build/lib/lean/Mathlib/CategoryTheory/Limits/Preserves/Bifunctor.olean: OK
.lake/packages/mathlib/.lake/build/lib/lean/Mathlib/CategoryTheory/Limits/Preserves/BifunctorCokernel.olean: OK
.lake/packages/mathlib/.lake/build/lib/lean/Mathlib/CategoryTheory/Limits/Preserves/Creates/Finite.olean: OK
.lake/packages/mathlib/.lake/build/lib/lean/Mathlib/CategoryTheory/Limits/Preserves/Creates/Opposites.olean: OK
.lake/packages/mathlib/.lake/build/lib/lean/Mathlib/CategoryTheory/Limits/Preserves/Creates/Pullbacks.olean: OK
.lake/packages/mathlib/.lake/build/lib/lean/Mathlib/CategoryTheory/Limits/Preserves/Filtered.olean: OK
.lake/packages/mathlib/.lake/build/lib/lean/Mathlib/CategoryTheory/Limits/Preserves/Finite.olean: OK
.lake/packages/mathlib/.lake/build/lib/lean/Mathlib/CategoryTheory/Limits/Preserves/FunctorCategory.olean: OK
.lake/packages/mathlib/.lake/build/lib/lean/Mathlib/CategoryTheory/Limits/Preserves/Grothendieck.olean: OK
.lake/packages/mathlib/.lake/build/lib/lean/Mathlib/CategoryTheory/Limits/Preserves/Limits.olean: OK
.lake/packages/mathlib/.lake/build/lib/lean/Mathlib/CategoryTheory/Limits/Preserves/Opposites.olean: OK
.lake/packages/mathlib/.lake/build/lib/lean/Mathlib/CategoryTheory/Limits/Preserves/Over.olean: OK
.lake/packages/mathlib/.lake/build/lib/lean/Mathlib/CategoryTheory/Limits/Preserves/Presheaf.olean: OK
.lake/packages/mathlib/.lake/build/lib/lean/Mathlib/CategoryTheory/Limits/Preserves/Shapes/AbelianImages.olean: OK
.lake/packages/mathlib/.lake/build/lib/lean/Mathlib/CategoryTheory/Limits/Preserves/Shapes/BinaryProducts.olean: OK
.lake/packages/mathlib/.lake/build/lib/lean/Mathlib/CategoryTheory/Limits/Preserves/Shapes/Biproducts.olean: OK
.lake/packages/mathlib/.lake/build/lib/lean/Mathlib/CategoryTheory/Limits/Preserves/Shapes/Equalizers.olean: OK
.lake/packages/mathlib/.lake/build/lib/lean/Mathlib/CategoryTheory/Limits/Preserves/Shapes/Images.olean: OK
.lake/packages/mathlib/.lake/build/lib/lean/Mathlib/CategoryTheory/Limits/Preserves/Shapes/Kernels.olean: OK
.lake/packages/mathlib/.lake/build/lib/lean/Mathlib/CategoryTheory/Limits/Preserves/Shapes/Multiequalizer.olean: OK
.lake/packages/mathlib/.lake/build/lib/lean/Mathlib/CategoryTheory/Limits/Preserves/Shapes/Over.olean: OK
.lake/packages/mathlib/.lake/build/lib/lean/Mathlib/CategoryTheory/Limits/Preserves/Shapes/Preorder.olean: OK
.lake/packages/mathlib/.lake/build/lib/lean/Mathlib/CategoryTheory/Limits/Preserves/Shapes/Products.olean: OK
.lake/packages/mathlib/.lake/build/lib/lean/Mathlib/CategoryTheory/Limits/Preserves/Shapes/Pullbacks.olean: OK
.lake/packages/mathlib/.lake/build/lib/lean/Mathlib/CategoryTheory/Limits/Preserves/Shapes/Square.olean: OK
.lake/packages/mathlib/.lake/build/lib/lean/Mathlib/CategoryTheory/Limits/Preserves/Shapes/Terminal.olean: OK
.lake/packages/mathlib/.lake/build/lib/lean/Mathlib/CategoryTheory/Limits/Preserves/Shapes/Zero.olean: OK
.lake/packages/mathlib/.lake/build/lib/lean/Mathlib/CategoryTheory/Limits/Preserves/SigmaConst.olean: OK
.lake/packages/mathlib/.lake/build/lib/lean/Mathlib/CategoryTheory/Limits/Preserves/Ulift.olean: OK
.lake/packages/mathlib/.lake/build/lib/lean/Mathlib/CategoryTheory/Limits/Preserves/Yoneda.olean: OK
.lake/packages/mathlib/.lake/build/lib/lean/Mathlib/CategoryTheory/Limits/Presheaf.olean: OK
.lake/packages/mathlib/.lake/build/lib/lean/Mathlib/CategoryTheory/Limits/Set.olean: OK
.lake/packages/mathlib/.lake/build/lib/lean/Mathlib/CategoryTheory/Limits/Shapes/BinaryBiproducts.olean: OK
.lake/packages/mathlib/.lake/build/lib/lean/Mathlib/CategoryTheory/Limits/Shapes/BinaryProducts.olean: OK
.lake/packages/mathlib/.lake/build/lib/lean/Mathlib/CategoryTheory/Limits/Shapes/Biproducts.olean: OK
.lake/packages/mathlib/.lake/build/lib/lean/Mathlib/CategoryTheory/Limits/Shapes/CombinedProducts.olean: OK
.lake/packages/mathlib/.lake/build/lib/lean/Mathlib/CategoryTheory/Limits/Shapes/ConcreteCategory.olean: OK
.lake/packages/mathlib/.lake/build/lib/lean/Mathlib/CategoryTheory/Limits/Shapes/Connected.olean: OK
.lake/packages/mathlib/.lake/build/lib/lean/Mathlib/CategoryTheory/Limits/Shapes/Countable.olean: OK
.lake/packages/mathlib/.lake/build/lib/lean/Mathlib/CategoryTheory/Limits/Shapes/Diagonal.olean: OK
.lake/packages/mathlib/.lake/build/lib/lean/Mathlib/CategoryTheory/Limits/Shapes/DisjointCoproduct.olean: OK
.lake/packages/mathlib/.lake/build/lib/lean/Mathlib/CategoryTheory/Limits/Shapes/End.olean: OK
.lake/packages/mathlib/.lake/build/lib/lean/Mathlib/CategoryTheory/Limits/Shapes/Equalizers.olean: OK
.lake/packages/mathlib/.lake/build/lib/lean/Mathlib/CategoryTheory/Limits/Shapes/Equivalence.olean: OK
.lake/packages/mathlib/.lake/build/lib/lean/Mathlib/CategoryTheory/Limits/Shapes/FiniteLimits.olean: OK
.lake/packages/mathlib/.lake/build/lib/lean/Mathlib/CategoryTheory/Limits/Shapes/FiniteMultiequalizer.olean: OK
.lake/packages/mathlib/.lake/build/lib/lean/Mathlib/CategoryTheory/Limits/Shapes/FiniteProducts.olean: OK
.lake/packages/mathlib/.lake/build/lib/lean/Mathlib/CategoryTheory/Limits/Shapes/FunctorToTypes.olean: OK
.lake/packages/mathlib/.lake/build/lib/lean/Mathlib/CategoryTheory/Limits/Shapes/Grothendieck.olean: OK
.lake/packages/mathlib/.lake/build/lib/lean/Mathlib/CategoryTheory/Limits/Shapes/Images.olean: OK
.lake/packages/mathlib/.lake/build/lib/lean/Mathlib/CategoryTheory/Limits/Shapes/IsTerminal.olean: OK
.lake/packages/mathlib/.lake/build/lib/lean/Mathlib/CategoryTheory/Limits/Shapes/KernelPair.olean: OK
.lake/packages/mathlib/.lake/build/lib/lean/Mathlib/CategoryTheory/Limits/Shapes/Kernels.olean: OK
.lake/packages/mathlib/.lake/build/lib/lean/Mathlib/CategoryTheory/Limits/Shapes/Multiequalizer.olean: OK
.lake/packages/mathlib/.lake/build/lib/lean/Mathlib/CategoryTheory/Limits/Shapes/MultiequalizerPullback.olean: OK
.lake/packages/mathlib/.lake/build/lib/lean/Mathlib/CategoryTheory/Limits/Shapes/NormalMono/Basic.olean: OK
.lake/packages/mathlib/.lake/build/lib/lean/Mathlib/CategoryTheory/Limits/Shapes/NormalMono/Equalizers.olean: OK
.lake/packages/mathlib/.lake/build/lib/lean/Mathlib/CategoryTheory/Limits/Shapes/Opposites/Equalizers.olean: OK
.lake/packages/mathlib/.lake/build/lib/lean/Mathlib/CategoryTheory/Limits/Shapes/Opposites/Filtered.olean: OK
.lake/packages/mathlib/.lake/build/lib/lean/Mathlib/CategoryTheory/Limits/Shapes/Opposites/Kernels.olean: OK
.lake/packages/mathlib/.lake/build/lib/lean/Mathlib/CategoryTheory/Limits/Shapes/Opposites/Products.olean: OK
.lake/packages/mathlib/.lake/build/lib/lean/Mathlib/CategoryTheory/Limits/Shapes/Opposites/Pullbacks.olean: OK
.lake/packages/mathlib/.lake/build/lib/lean/Mathlib/CategoryTheory/Limits/Shapes/PiProd.olean: OK
.lake/packages/mathlib/.lake/build/lib/lean/Mathlib/CategoryTheory/Limits/Shapes/Preorder/Basic.olean: OK
.lake/packages/mathlib/.lake/build/lib/lean/Mathlib/CategoryTheory/Limits/Shapes/Preorder/Fin.olean: OK
.lake/packages/mathlib/.lake/build/lib/lean/Mathlib/CategoryTheory/Limits/Shapes/Preorder/HasIterationOfShape.olean: OK
.lake/packages/mathlib/.lake/build/lib/lean/Mathlib/CategoryTheory/Limits/Shapes/Preorder/PrincipalSeg.olean: OK
.lake/packages/mathlib/.lake/build/lib/lean/Mathlib/CategoryTheory/Limits/Shapes/Preorder/TransfiniteCompositionOfShape.olean: OK
.lake/packages/mathlib/.lake/build/lib/lean/Mathlib/CategoryTheory/Limits/Shapes/Preorder/WellOrderContinuous.olean: OK
.lake/packages/mathlib/.lake/build/lib/lean/Mathlib/CategoryTheory/Limits/Shapes/Products.olean: OK
.lake/packages/mathlib/.lake/build/lib/lean/Mathlib/CategoryTheory/Limits/Shapes/Pullback/Assoc.olean: OK
.lake/packages/mathlib/.lake/build/lib/lean/Mathlib/CategoryTheory/Limits/Shapes/Pullback/Categorical/Basic.olean: OK
.lake/packages/mathlib/.lake/build/lib/lean/Mathlib/CategoryTheory/Limits/Shapes/Pullback/Categorical/CatCospanTransform.olean: OK
.lake/packages/mathlib/.lake/build/lib/lean/Mathlib/CategoryTheory/Limits/Shapes/Pullback/ChosenPullback.olean: OK
.lake/packages/mathlib/.lake/build/lib/lean/Mathlib/CategoryTheory/Limits/Shapes/Pullback/CommSq.olean: OK
.lake/packages/mathlib/.lake/build/lib/lean/Mathlib/CategoryTheory/Limits/Shapes/Pullback/Connected.olean: OK
.lake/packages/mathlib/.lake/build/lib/lean/Mathlib/CategoryTheory/Limits/Shapes/Pullback/Cospan.olean: OK
.lake/packages/mathlib/.lake/build/lib/lean/Mathlib/CategoryTheory/Limits/Shapes/Pullback/Equalizer.olean: OK
.lake/packages/mathlib/.lake/build/lib/lean/Mathlib/CategoryTheory/Limits/Shapes/Pullback/Equifibered.olean: OK
.lake/packages/mathlib/.lake/build/lib/lean/Mathlib/CategoryTheory/Limits/Shapes/Pullback/EquifiberedLimits.olean: OK
.lake/packages/mathlib/.lake/build/lib/lean/Mathlib/CategoryTheory/Limits/Shapes/Pullback/HasPullback.olean: OK
.lake/packages/mathlib/.lake/build/lib/lean/Mathlib/CategoryTheory/Limits/Shapes/Pullback/IsPullback/Basic.olean: OK
.lake/packages/mathlib/.lake/build/lib/lean/Mathlib/CategoryTheory/Limits/Shapes/Pullback/IsPullback/BicartesianSq.olean: OK
.lake/packages/mathlib/.lake/build/lib/lean/Mathlib/CategoryTheory/Limits/Shapes/Pullback/IsPullback/Defs.olean: OK
.lake/packages/mathlib/.lake/build/lib/lean/Mathlib/CategoryTheory/Limits/Shapes/Pullback/IsPullback/Kernels.olean: OK
.lake/packages/mathlib/.lake/build/lib/lean/Mathlib/CategoryTheory/Limits/Shapes/Pullback/Iso.olean: OK
.lake/packages/mathlib/.lake/build/lib/lean/Mathlib/CategoryTheory/Limits/Shapes/Pullback/Mono.olean: OK
.lake/packages/mathlib/.lake/build/lib/lean/Mathlib/CategoryTheory/Limits/Shapes/Pullback/Pasting.olean: OK
.lake/packages/mathlib/.lake/build/lib/lean/Mathlib/CategoryTheory/Limits/Shapes/Pullback/PullbackCone.olean: OK
.lake/packages/mathlib/.lake/build/lib/lean/Mathlib/CategoryTheory/Limits/Shapes/Pullback/PullbackObjObj.olean: OK
.lake/packages/mathlib/.lake/build/lib/lean/Mathlib/CategoryTheory/Limits/Shapes/Pullback/Square.olean: OK
.lake/packages/mathlib/.lake/build/lib/lean/Mathlib/CategoryTheory/Limits/Shapes/Reflexive.olean: OK
.lake/packages/mathlib/.lake/build/lib/lean/Mathlib/CategoryTheory/Limits/Shapes/RegularMono.olean: OK
.lake/packages/mathlib/.lake/build/lib/lean/Mathlib/CategoryTheory/Limits/Shapes/SequentialProduct.olean: OK
.lake/packages/mathlib/.lake/build/lib/lean/Mathlib/CategoryTheory/Limits/Shapes/SingleObj.olean: OK
.lake/packages/mathlib/.lake/build/lib/lean/Mathlib/CategoryTheory/Limits/Shapes/SplitCoequalizer.olean: OK
.lake/packages/mathlib/.lake/build/lib/lean/Mathlib/CategoryTheory/Limits/Shapes/SplitEqualizer.olean: OK
.lake/packages/mathlib/.lake/build/lib/lean/Mathlib/CategoryTheory/Limits/Shapes/StrictInitial.olean: OK
.lake/packages/mathlib/.lake/build/lib/lean/Mathlib/CategoryTheory/Limits/Shapes/StrongEpi.olean: OK
.lake/packages/mathlib/.lake/build/lib/lean/Mathlib/CategoryTheory/Limits/Shapes/Terminal.olean: OK
.lake/packages/mathlib/.lake/build/lib/lean/Mathlib/CategoryTheory/Limits/Shapes/WideEqualizers.olean: OK
.lake/packages/mathlib/.lake/build/lib/lean/Mathlib/CategoryTheory/Limits/Shapes/WidePullbacks.olean: OK
.lake/packages/mathlib/.lake/build/lib/lean/Mathlib/CategoryTheory/Limits/Shapes/ZeroMorphisms.olean: OK
.lake/packages/mathlib/.lake/build/lib/lean/Mathlib/CategoryTheory/Limits/Shapes/ZeroObjects.olean: OK
.lake/packages/mathlib/.lake/build/lib/lean/Mathlib/CategoryTheory/Limits/Sifted.olean: OK
.lake/packages/mathlib/.lake/build/lib/lean/Mathlib/CategoryTheory/Limits/Skeleton.olean: OK
.lake/packages/mathlib/.lake/build/lib/lean/Mathlib/CategoryTheory/Limits/SmallComplete.olean: OK
.lake/packages/mathlib/.lake/build/lib/lean/Mathlib/CategoryTheory/Limits/Types/Coequalizers.olean: OK
.lake/packages/mathlib/.lake/build/lib/lean/Mathlib/CategoryTheory/Limits/Types/ColimitType.olean: OK
.lake/packages/mathlib/.lake/build/lib/lean/Mathlib/CategoryTheory/Limits/Types/ColimitTypeFiltered.olean: OK
.lake/packages/mathlib/.lake/build/lib/lean/Mathlib/CategoryTheory/Limits/Types/Colimits.olean: OK
.lake/packages/mathlib/.lake/build/lib/lean/Mathlib/CategoryTheory/Limits/Types/Coproducts.olean: OK
.lake/packages/mathlib/.lake/build/lib/lean/Mathlib/CategoryTheory/Limits/Types/End.olean: OK
.lake/packages/mathlib/.lake/build/lib/lean/Mathlib/CategoryTheory/Limits/Types/Equalizers.olean: OK
.lake/packages/mathlib/.lake/build/lib/lean/Mathlib/CategoryTheory/Limits/Types/Filtered.olean: OK
.lake/packages/mathlib/.lake/build/lib/lean/Mathlib/CategoryTheory/Limits/Types/Images.olean: OK
.lake/packages/mathlib/.lake/build/lib/lean/Mathlib/CategoryTheory/Limits/Types/Limits.olean: OK
.lake/packages/mathlib/.lake/build/lib/lean/Mathlib/CategoryTheory/Limits/Types/Multicoequalizer.olean: OK
.lake/packages/mathlib/.lake/build/lib/lean/Mathlib/CategoryTheory/Limits/Types/Multiequalizer.olean: OK
.lake/packages/mathlib/.lake/build/lib/lean/Mathlib/CategoryTheory/Limits/Types/Products.olean: OK
.lake/packages/mathlib/.lake/build/lib/lean/Mathlib/CategoryTheory/Limits/Types/Pullbacks.olean: OK
.lake/packages/mathlib/.lake/build/lib/lean/Mathlib/CategoryTheory/Limits/Types/Pushouts.olean: OK
.lake/packages/mathlib/.lake/build/lib/lean/Mathlib/CategoryTheory/Limits/Types/Shapes.olean: OK
.lake/packages/mathlib/.lake/build/lib/lean/Mathlib/CategoryTheory/Limits/Types/Yoneda.olean: OK
.lake/packages/mathlib/.lake/build/lib/lean/Mathlib/CategoryTheory/Limits/Unit.olean: OK
.lake/packages/mathlib/.lake/build/lib/lean/Mathlib/CategoryTheory/Limits/VanKampen.olean: OK
.lake/packages/mathlib/.lake/build/lib/lean/Mathlib/CategoryTheory/Limits/Yoneda.olean: OK
.lake/packages/mathlib/.lake/build/lib/lean/Mathlib/CategoryTheory/Linear/Basic.olean: OK
.lake/packages/mathlib/.lake/build/lib/lean/Mathlib/CategoryTheory/Linear/FunctorCategory.olean: OK
.lake/packages/mathlib/.lake/build/lib/lean/Mathlib/CategoryTheory/Linear/LinearFunctor.olean: OK
.lake/packages/mathlib/.lake/build/lib/lean/Mathlib/CategoryTheory/Linear/Yoneda.olean: OK
.lake/packages/mathlib/.lake/build/lib/lean/Mathlib/CategoryTheory/Localization/Adjunction.olean: OK
.lake/packages/mathlib/.lake/build/lib/lean/Mathlib/CategoryTheory/Localization/Bifunctor.olean: OK
.lake/packages/mathlib/.lake/build/lib/lean/Mathlib/CategoryTheory/Localization/Bousfield.olean: OK
.lake/packages/mathlib/.lake/build/lib/lean/Mathlib/CategoryTheory/Localization/BousfieldTransfiniteComposition.olean: OK
.lake/packages/mathlib/.lake/build/lib/lean/Mathlib/CategoryTheory/Localization/CalculusOfFractions.olean: OK
.lake/packages/mathlib/.lake/build/lib/lean/Mathlib/CategoryTheory/Localization/CalculusOfFractions/ComposableArrows.olean: OK
.lake/packages/mathlib/.lake/build/lib/lean/Mathlib/CategoryTheory/Localization/CalculusOfFractions/Fractions.olean: OK
.lake/packages/mathlib/.lake/build/lib/lean/Mathlib/CategoryTheory/Localization/CalculusOfFractions/OfAdjunction.olean: OK
.lake/packages/mathlib/.lake/build/lib/lean/Mathlib/CategoryTheory/Localization/CalculusOfFractions/Preadditive.olean: OK
.lake/packages/mathlib/.lake/build/lib/lean/Mathlib/CategoryTheory/Localization/Composition.olean: OK
.lake/packages/mathlib/.lake/build/lib/lean/Mathlib/CategoryTheory/Localization/Construction.olean: OK
.lake/packages/mathlib/.lake/build/lib/lean/Mathlib/CategoryTheory/Localization/DerivabilityStructure/Basic.olean: OK
.lake/packages/mathlib/.lake/build/lib/lean/Mathlib/CategoryTheory/Localization/DerivabilityStructure/Constructor.olean: OK
.lake/packages/mathlib/.lake/build/lib/lean/Mathlib/CategoryTheory/Localization/DerivabilityStructure/Derives.olean: OK
.lake/packages/mathlib/.lake/build/lib/lean/Mathlib/CategoryTheory/Localization/DerivabilityStructure/OfFunctorialResolutions.olean: OK
.lake/packages/mathlib/.lake/build/lib/lean/Mathlib/CategoryTheory/Localization/DerivabilityStructure/OfLocalizedEquivalences.olean: OK
.lake/packages/mathlib/.lake/build/lib/lean/Mathlib/CategoryTheory/Localization/DerivabilityStructure/PointwiseRightDerived.olean: OK
.lake/packages/mathlib/.lake/build/lib/lean/Mathlib/CategoryTheory/Localization/Equivalence.olean: OK
.lake/packages/mathlib/.lake/build/lib/lean/Mathlib/CategoryTheory/Localization/FiniteProducts.olean: OK
.lake/packages/mathlib/.lake/build/lib/lean/Mathlib/CategoryTheory/Localization/HasLocalization.olean: OK
.lake/packages/mathlib/.lake/build/lib/lean/Mathlib/CategoryTheory/Localization/HomEquiv.olean: OK
.lake/packages/mathlib/.lake/build/lib/lean/Mathlib/CategoryTheory/Localization/Linear.olean: OK
.lake/packages/mathlib/.lake/build/lib/lean/Mathlib/CategoryTheory/Localization/LocalizerMorphism.olean: OK
.lake/packages/mathlib/.lake/build/lib/lean/Mathlib/CategoryTheory/Localization/LocallySmall.olean: OK
.lake/packages/mathlib/.lake/build/lib/lean/Mathlib/CategoryTheory/Localization/Monoidal.olean: OK
.lake/packages/mathlib/.lake/build/lib/lean/Mathlib/CategoryTheory/Localization/Monoidal/Basic.olean: OK
.lake/packages/mathlib/.lake/build/lib/lean/Mathlib/CategoryTheory/Localization/Monoidal/Braided.olean: OK
.lake/packages/mathlib/.lake/build/lib/lean/Mathlib/CategoryTheory/Localization/Monoidal/Functor.olean: OK
.lake/packages/mathlib/.lake/build/lib/lean/Mathlib/CategoryTheory/Localization/OfQuotient.olean: OK
.lake/packages/mathlib/.lake/build/lib/lean/Mathlib/CategoryTheory/Localization/Opposite.olean: OK
.lake/packages/mathlib/.lake/build/lib/lean/Mathlib/CategoryTheory/Localization/Pi.olean: OK
.lake/packages/mathlib/.lake/build/lib/lean/Mathlib/CategoryTheory/Localization/Preadditive.olean: OK
.lake/packages/mathlib/.lake/build/lib/lean/Mathlib/CategoryTheory/Localization/Predicate.olean: OK
.lake/packages/mathlib/.lake/build/lib/lean/Mathlib/CategoryTheory/Localization/Prod.olean: OK
.lake/packages/mathlib/.lake/build/lib/lean/Mathlib/CategoryTheory/Localization/Quotient.olean: OK
.lake/packages/mathlib/.lake/build/lib/lean/Mathlib/CategoryTheory/Localization/Resolution.olean: OK
.lake/packages/mathlib/.lake/build/lib/lean/Mathlib/CategoryTheory/Localization/SmallHom.olean: OK
.lake/packages/mathlib/.lake/build/lib/lean/Mathlib/CategoryTheory/Localization/SmallShiftedHom.olean: OK
.lake/packages/mathlib/.lake/build/lib/lean/Mathlib/CategoryTheory/Localization/StructuredArrow.olean: OK
.lake/packages/mathlib/.lake/build/lib/lean/Mathlib/CategoryTheory/Localization/Triangulated.olean: OK
.lake/packages/mathlib/.lake/build/lib/lean/Mathlib/CategoryTheory/Localization/Trifunctor.olean: OK
.lake/packages/mathlib/.lake/build/lib/lean/Mathlib/CategoryTheory/LocallyCartesianClosed/ChosenPullbacksAlong.olean: OK
.lake/packages/mathlib/.lake/build/lib/lean/Mathlib/CategoryTheory/LocallyCartesianClosed/ExponentiableMorphism.olean: OK
.lake/packages/mathlib/.lake/build/lib/lean/Mathlib/CategoryTheory/LocallyCartesianClosed/Over.olean: OK
.lake/packages/mathlib/.lake/build/lib/lean/Mathlib/CategoryTheory/LocallyCartesianClosed/Sections.olean: OK
.lake/packages/mathlib/.lake/build/lib/lean/Mathlib/CategoryTheory/LocallyDirected.olean: OK
.lake/packages/mathlib/.lake/build/lib/lean/Mathlib/CategoryTheory/MarkovCategory/Basic.olean: OK
.lake/packages/mathlib/.lake/build/lib/lean/Mathlib/CategoryTheory/MarkovCategory/Positive.olean: OK
.lake/packages/mathlib/.lake/build/lib/lean/Mathlib/CategoryTheory/Monad/Adjunction.olean: OK
.lake/packages/mathlib/.lake/build/lib/lean/Mathlib/CategoryTheory/Monad/Algebra.olean: OK
.lake/packages/mathlib/.lake/build/lib/lean/Mathlib/CategoryTheory/Monad/Basic.olean: OK
.lake/packages/mathlib/.lake/build/lib/lean/Mathlib/CategoryTheory/Monad/Coequalizer.olean: OK
.lake/packages/mathlib/.lake/build/lib/lean/Mathlib/CategoryTheory/Monad/Comonadicity.olean: OK
.lake/packages/mathlib/.lake/build/lib/lean/Mathlib/CategoryTheory/Monad/Equalizer.olean: OK
.lake/packages/mathlib/.lake/build/lib/lean/Mathlib/CategoryTheory/Monad/EquivMon.olean: OK
.lake/packages/mathlib/.lake/build/lib/lean/Mathlib/CategoryTheory/Monad/Kleisli.olean: OK
.lake/packages/mathlib/.lake/build/lib/lean/Mathlib/CategoryTheory/Monad/Limits.olean: OK
.lake/packages/mathlib/.lake/build/lib/lean/Mathlib/CategoryTheory/Monad/Monadicity.olean: OK
.lake/packages/mathlib/.lake/build/lib/lean/Mathlib/CategoryTheory/Monad/Products.olean: OK
.lake/packages/mathlib/.lake/build/lib/lean/Mathlib/CategoryTheory/Monad/Types.olean: OK
.lake/packages/mathlib/.lake/build/lib/lean/Mathlib/CategoryTheory/Monoidal/Action/Basic.olean: OK
.lake/packages/mathlib/.lake/build/lib/lean/Mathlib/CategoryTheory/Monoidal/Action/End.olean: OK
.lake/packages/mathlib/.lake/build/lib/lean/Mathlib/CategoryTheory/Monoidal/Action/LinearFunctor.olean: OK
.lake/packages/mathlib/.lake/build/lib/lean/Mathlib/CategoryTheory/Monoidal/Action/Opposites.olean: OK
.lake/packages/mathlib/.lake/build/lib/lean/Mathlib/CategoryTheory/Monoidal/Arrow.olean: OK
.lake/packages/mathlib/.lake/build/lib/lean/Mathlib/CategoryTheory/Monoidal/Bimod.olean: OK
.lake/packages/mathlib/.lake/build/lib/lean/Mathlib/CategoryTheory/Monoidal/Bimon_.olean: OK
.lake/packages/mathlib/.lake/build/lib/lean/Mathlib/CategoryTheory/Monoidal/Braided/Basic.olean: OK
.lake/packages/mathlib/.lake/build/lib/lean/Mathlib/CategoryTheory/Monoidal/Braided/Multifunctor.olean: OK
.lake/packages/mathlib/.lake/build/lib/lean/Mathlib/CategoryTheory/Monoidal/Braided/Opposite.olean: OK
.lake/packages/mathlib/.lake/build/lib/lean/Mathlib/CategoryTheory/Monoidal/Braided/Reflection.olean: OK
.lake/packages/mathlib/.lake/build/lib/lean/Mathlib/CategoryTheory/Monoidal/Braided/Transport.olean: OK
.lake/packages/mathlib/.lake/build/lib/lean/Mathlib/CategoryTheory/Monoidal/Cartesian/Basic.olean: OK
.lake/packages/mathlib/.lake/build/lib/lean/Mathlib/CategoryTheory/Monoidal/Cartesian/Cat.olean: OK
.lake/packages/mathlib/.lake/build/lib/lean/Mathlib/CategoryTheory/Monoidal/Cartesian/CommGrp_.olean: OK
.lake/packages/mathlib/.lake/build/lib/lean/Mathlib/CategoryTheory/Monoidal/Cartesian/CommMon_.olean: OK
.lake/packages/mathlib/.lake/build/lib/lean/Mathlib/CategoryTheory/Monoidal/Cartesian/Comon_.olean: OK
.lake/packages/mathlib/.lake/build/lib/lean/Mathlib/CategoryTheory/Monoidal/Cartesian/FunctorCategory.olean: OK
.lake/packages/mathlib/.lake/build/lib/lean/Mathlib/CategoryTheory/Monoidal/Cartesian/Grp.olean: OK
.lake/packages/mathlib/.lake/build/lib/lean/Mathlib/CategoryTheory/Monoidal/Cartesian/GrpLimits.olean: OK
.lake/packages/mathlib/.lake/build/lib/lean/Mathlib/CategoryTheory/Monoidal/Cartesian/Grp_.olean: OK
.lake/packages/mathlib/.lake/build/lib/lean/Mathlib/CategoryTheory/Monoidal/Cartesian/InfSemilattice.olean: OK
.lake/packages/mathlib/.lake/build/lib/lean/Mathlib/CategoryTheory/Monoidal/Cartesian/Mod.olean: OK
.lake/packages/mathlib/.lake/build/lib/lean/Mathlib/CategoryTheory/Monoidal/Cartesian/Mod_.olean: OK
.lake/packages/mathlib/.lake/build/lib/lean/Mathlib/CategoryTheory/Monoidal/Cartesian/Mon.olean: OK
.lake/packages/mathlib/.lake/build/lib/lean/Mathlib/CategoryTheory/Monoidal/Cartesian/Mon_.olean: OK
.lake/packages/mathlib/.lake/build/lib/lean/Mathlib/CategoryTheory/Monoidal/Cartesian/Normal.olean: OK
.lake/packages/mathlib/.lake/build/lib/lean/Mathlib/CategoryTheory/Monoidal/Cartesian/Over.olean: OK
.lake/packages/mathlib/.lake/build/lib/lean/Mathlib/CategoryTheory/Monoidal/Cartesian/Ring.olean: OK
.lake/packages/mathlib/.lake/build/lib/lean/Mathlib/CategoryTheory/Monoidal/Cartesian/ShrinkYoneda.olean: OK
.lake/packages/mathlib/.lake/build/lib/lean/Mathlib/CategoryTheory/Monoidal/Category.olean: OK
.lake/packages/mathlib/.lake/build/lib/lean/Mathlib/CategoryTheory/Monoidal/Center.olean: OK
.lake/packages/mathlib/.lake/build/lib/lean/Mathlib/CategoryTheory/Monoidal/Closed/Basic.olean: OK
.lake/packages/mathlib/.lake/build/lib/lean/Mathlib/CategoryTheory/Monoidal/Closed/Braided.olean: OK
.lake/packages/mathlib/.lake/build/lib/lean/Mathlib/CategoryTheory/Monoidal/Closed/Cartesian.olean: OK
.lake/packages/mathlib/.lake/build/lib/lean/Mathlib/CategoryTheory/Monoidal/Closed/Enrichment.olean: OK
.lake/packages/mathlib/.lake/build/lib/lean/Mathlib/CategoryTheory/Monoidal/Closed/Functor.olean: OK
.lake/packages/mathlib/.lake/build/lib/lean/Mathlib/CategoryTheory/Monoidal/Closed/FunctorCategory/Basic.olean: OK
.lake/packages/mathlib/.lake/build/lib/lean/Mathlib/CategoryTheory/Monoidal/Closed/FunctorCategory/Complete.olean: OK
.lake/packages/mathlib/.lake/build/lib/lean/Mathlib/CategoryTheory/Monoidal/Closed/FunctorCategory/Groupoid.olean: OK
.lake/packages/mathlib/.lake/build/lib/lean/Mathlib/CategoryTheory/Monoidal/Closed/FunctorToTypes.olean: OK
.lake/packages/mathlib/.lake/build/lib/lean/Mathlib/CategoryTheory/Monoidal/Closed/Ideal.olean: OK
.lake/packages/mathlib/.lake/build/lib/lean/Mathlib/CategoryTheory/Monoidal/Closed/InternalCurrying.olean: OK
.lake/packages/mathlib/.lake/build/lib/lean/Mathlib/CategoryTheory/Monoidal/Closed/Transport.olean: OK
.lake/packages/mathlib/.lake/build/lib/lean/Mathlib/CategoryTheory/Monoidal/Closed/Types.olean: OK
.lake/packages/mathlib/.lake/build/lib/lean/Mathlib/CategoryTheory/Monoidal/Closed/Zero.olean: OK
.lake/packages/mathlib/.lake/build/lib/lean/Mathlib/CategoryTheory/Monoidal/CoherenceLemmas.olean: OK
.lake/packages/mathlib/.lake/build/lib/lean/Mathlib/CategoryTheory/Monoidal/CommComon_.olean: OK
.lake/packages/mathlib/.lake/build/lib/lean/Mathlib/CategoryTheory/Monoidal/CommGrp_.olean: OK
.lake/packages/mathlib/.lake/build/lib/lean/Mathlib/CategoryTheory/Monoidal/CommMon_.olean: OK
.lake/packages/mathlib/.lake/build/lib/lean/Mathlib/CategoryTheory/Monoidal/Comon_.olean: OK
.lake/packages/mathlib/.lake/build/lib/lean/Mathlib/CategoryTheory/Monoidal/Conv.olean: OK
.lake/packages/mathlib/.lake/build/lib/lean/Mathlib/CategoryTheory/Monoidal/DayConvolution.olean: OK
.lake/packages/mathlib/.lake/build/lib/lean/Mathlib/CategoryTheory/Monoidal/DayConvolution/Braided.olean: OK
.lake/packages/mathlib/.lake/build/lib/lean/Mathlib/CategoryTheory/Monoidal/DayConvolution/Closed.olean: OK
.lake/packages/mathlib/.lake/build/lib/lean/Mathlib/CategoryTheory/Monoidal/DayConvolution/DayFunctor.olean: OK
.lake/packages/mathlib/.lake/build/lib/lean/Mathlib/CategoryTheory/Monoidal/Discrete.olean: OK
.lake/packages/mathlib/.lake/build/lib/lean/Mathlib/CategoryTheory/Monoidal/End.olean: OK
.lake/packages/mathlib/.lake/build/lib/lean/Mathlib/CategoryTheory/Monoidal/ExternalProduct/Basic.olean: OK
.lake/packages/mathlib/.lake/build/lib/lean/Mathlib/CategoryTheory/Monoidal/ExternalProduct/KanExtension.olean: OK
.lake/packages/mathlib/.lake/build/lib/lean/Mathlib/CategoryTheory/Monoidal/Free/Basic.olean: OK
.lake/packages/mathlib/.lake/build/lib/lean/Mathlib/CategoryTheory/Monoidal/Free/Coherence.olean: OK
.lake/packages/mathlib/.lake/build/lib/lean/Mathlib/CategoryTheory/Monoidal/Functor.olean: OK
.lake/packages/mathlib/.lake/build/lib/lean/Mathlib/CategoryTheory/Monoidal/Functor/Types.olean: OK
.lake/packages/mathlib/.lake/build/lib/lean/Mathlib/CategoryTheory/Monoidal/FunctorCategory.olean: OK
.lake/packages/mathlib/.lake/build/lib/lean/Mathlib/CategoryTheory/Monoidal/Grp.olean: OK
.lake/packages/mathlib/.lake/build/lib/lean/Mathlib/CategoryTheory/Monoidal/Grp_.olean: OK
.lake/packages/mathlib/.lake/build/lib/lean/Mathlib/CategoryTheory/Monoidal/Hopf_.olean: OK
.lake/packages/mathlib/.lake/build/lib/lean/Mathlib/CategoryTheory/Monoidal/Internal/FunctorCategory.olean: OK
.lake/packages/mathlib/.lake/build/lib/lean/Mathlib/CategoryTheory/Monoidal/Internal/Limits.olean: OK
.lake/packages/mathlib/.lake/build/lib/lean/Mathlib/CategoryTheory/Monoidal/Internal/Module.olean: OK
.lake/packages/mathlib/.lake/build/lib/lean/Mathlib/CategoryTheory/Monoidal/Internal/Types/Basic.olean: OK
.lake/packages/mathlib/.lake/build/lib/lean/Mathlib/CategoryTheory/Monoidal/Internal/Types/CommGrp_.olean: OK
.lake/packages/mathlib/.lake/build/lib/lean/Mathlib/CategoryTheory/Monoidal/Internal/Types/Grp.olean: OK
.lake/packages/mathlib/.lake/build/lib/lean/Mathlib/CategoryTheory/Monoidal/Internal/Types/Grp_.olean: OK
.lake/packages/mathlib/.lake/build/lib/lean/Mathlib/CategoryTheory/Monoidal/Limits/Basic.olean: OK
.lake/packages/mathlib/.lake/build/lib/lean/Mathlib/CategoryTheory/Monoidal/Limits/Cokernels.olean: OK
.lake/packages/mathlib/.lake/build/lib/lean/Mathlib/CategoryTheory/Monoidal/Limits/Colimits.olean: OK
.lake/packages/mathlib/.lake/build/lib/lean/Mathlib/CategoryTheory/Monoidal/Limits/HasLimits.olean: OK
.lake/packages/mathlib/.lake/build/lib/lean/Mathlib/CategoryTheory/Monoidal/Limits/Preserves.olean: OK
.lake/packages/mathlib/.lake/build/lib/lean/Mathlib/CategoryTheory/Monoidal/Limits/Shapes/Pullback.olean: OK
.lake/packages/mathlib/.lake/build/lib/lean/Mathlib/CategoryTheory/Monoidal/Linear.olean: OK
.lake/packages/mathlib/.lake/build/lib/lean/Mathlib/CategoryTheory/Monoidal/Mod.olean: OK
.lake/packages/mathlib/.lake/build/lib/lean/Mathlib/CategoryTheory/Monoidal/Mod_.olean: OK
.lake/packages/mathlib/.lake/build/lib/lean/Mathlib/CategoryTheory/Monoidal/Mon.olean: OK
.lake/packages/mathlib/.lake/build/lib/lean/Mathlib/CategoryTheory/Monoidal/Mon_.olean: OK
.lake/packages/mathlib/.lake/build/lib/lean/Mathlib/CategoryTheory/Monoidal/Multifunctor.olean: OK
.lake/packages/mathlib/.lake/build/lib/lean/Mathlib/CategoryTheory/Monoidal/NaturalTransformation.olean: OK
.lake/packages/mathlib/.lake/build/lib/lean/Mathlib/CategoryTheory/Monoidal/OfHasFiniteProducts.olean: OK
.lake/packages/mathlib/.lake/build/lib/lean/Mathlib/CategoryTheory/Monoidal/Opposite.olean: OK
.lake/packages/mathlib/.lake/build/lib/lean/Mathlib/CategoryTheory/Monoidal/Opposite/Mon.olean: OK
.lake/packages/mathlib/.lake/build/lib/lean/Mathlib/CategoryTheory/Monoidal/Opposite/Mon_.olean: OK
.lake/packages/mathlib/.lake/build/lib/lean/Mathlib/CategoryTheory/Monoidal/Preadditive.olean: OK
.lake/packages/mathlib/.lake/build/lib/lean/Mathlib/CategoryTheory/Monoidal/PushoutProduct.olean: OK
.lake/packages/mathlib/.lake/build/lib/lean/Mathlib/CategoryTheory/Monoidal/Rigid/Basic.olean: OK
.lake/packages/mathlib/.lake/build/lib/lean/Mathlib/CategoryTheory/Monoidal/Rigid/Braided.olean: OK
.lake/packages/mathlib/.lake/build/lib/lean/Mathlib/CategoryTheory/Monoidal/Rigid/Functor.olean: OK
.lake/packages/mathlib/.lake/build/lib/lean/Mathlib/CategoryTheory/Monoidal/Rigid/FunctorCategory.olean: OK
.lake/packages/mathlib/.lake/build/lib/lean/Mathlib/CategoryTheory/Monoidal/Rigid/OfEquivalence.olean: OK
.lake/packages/mathlib/.lake/build/lib/lean/Mathlib/CategoryTheory/Monoidal/Ring.olean: OK
.lake/packages/mathlib/.lake/build/lib/lean/Mathlib/CategoryTheory/Monoidal/Skeleton.olean: OK
.lake/packages/mathlib/.lake/build/lib/lean/Mathlib/CategoryTheory/Monoidal/Subcategory.olean: OK
.lake/packages/mathlib/.lake/build/lib/lean/Mathlib/CategoryTheory/Monoidal/Tor.olean: OK
.lake/packages/mathlib/.lake/build/lib/lean/Mathlib/CategoryTheory/Monoidal/Transport.olean: OK
.lake/packages/mathlib/.lake/build/lib/lean/Mathlib/CategoryTheory/Monoidal/Types/Basic.olean: OK
.lake/packages/mathlib/.lake/build/lib/lean/Mathlib/CategoryTheory/Monoidal/Types/Coyoneda.olean: OK
.lake/packages/mathlib/.lake/build/lib/lean/Mathlib/CategoryTheory/Monoidal/Widesubcategory.olean: OK
.lake/packages/mathlib/.lake/build/lib/lean/Mathlib/CategoryTheory/MorphismProperty/Basic.olean: OK
.lake/packages/mathlib/.lake/build/lib/lean/Mathlib/CategoryTheory/MorphismProperty/Comma.olean: OK
.lake/packages/mathlib/.lake/build/lib/lean/Mathlib/CategoryTheory/MorphismProperty/CommaSites.olean: OK
.lake/packages/mathlib/.lake/build/lib/lean/Mathlib/CategoryTheory/MorphismProperty/Composition.olean: OK
.lake/packages/mathlib/.lake/build/lib/lean/Mathlib/CategoryTheory/MorphismProperty/Concrete.olean: OK
.lake/packages/mathlib/.lake/build/lib/lean/Mathlib/CategoryTheory/MorphismProperty/Descent.olean: OK
.lake/packages/mathlib/.lake/build/lib/lean/Mathlib/CategoryTheory/MorphismProperty/Factorization.olean: OK
.lake/packages/mathlib/.lake/build/lib/lean/Mathlib/CategoryTheory/MorphismProperty/FunctorCategory.olean: OK
.lake/packages/mathlib/.lake/build/lib/lean/Mathlib/CategoryTheory/MorphismProperty/HasCardinalLT.olean: OK
.lake/packages/mathlib/.lake/build/lib/lean/Mathlib/CategoryTheory/MorphismProperty/Ind.olean: OK
.lake/packages/mathlib/.lake/build/lib/lean/Mathlib/CategoryTheory/MorphismProperty/IsInvertedBy.olean: OK
.lake/packages/mathlib/.lake/build/lib/lean/Mathlib/CategoryTheory/MorphismProperty/IsSmall.olean: OK
.lake/packages/mathlib/.lake/build/lib/lean/Mathlib/CategoryTheory/MorphismProperty/LiftingProperty.olean: OK
.lake/packages/mathlib/.lake/build/lib/lean/Mathlib/CategoryTheory/MorphismProperty/Limits.olean: OK
.lake/packages/mathlib/.lake/build/lib/lean/Mathlib/CategoryTheory/MorphismProperty/Local.olean: OK
.lake/packages/mathlib/.lake/build/lib/lean/Mathlib/CategoryTheory/MorphismProperty/OfObjectProperty.olean: OK
.lake/packages/mathlib/.lake/build/lib/lean/Mathlib/CategoryTheory/MorphismProperty/OverAdjunction.olean: OK
.lake/packages/mathlib/.lake/build/lib/lean/Mathlib/CategoryTheory/MorphismProperty/Quotient.olean: OK
.lake/packages/mathlib/.lake/build/lib/lean/Mathlib/CategoryTheory/MorphismProperty/Representable.olean: OK
.lake/packages/mathlib/.lake/build/lib/lean/Mathlib/CategoryTheory/MorphismProperty/Retract.olean: OK
.lake/packages/mathlib/.lake/build/lib/lean/Mathlib/CategoryTheory/MorphismProperty/RetractArgument.olean: OK
.lake/packages/mathlib/.lake/build/lib/lean/Mathlib/CategoryTheory/MorphismProperty/TransfiniteComposition.olean: OK
.lake/packages/mathlib/.lake/build/lib/lean/Mathlib/CategoryTheory/MorphismProperty/WeakFactorizationSystem.olean: OK
.lake/packages/mathlib/.lake/build/lib/lean/Mathlib/CategoryTheory/NatIso.olean: OK
.lake/packages/mathlib/.lake/build/lib/lean/Mathlib/CategoryTheory/NatTrans.olean: OK
.lake/packages/mathlib/.lake/build/lib/lean/Mathlib/CategoryTheory/Noetherian.olean: OK
.lake/packages/mathlib/.lake/build/lib/lean/Mathlib/CategoryTheory/ObjectProperty/Basic.olean: OK
.lake/packages/mathlib/.lake/build/lib/lean/Mathlib/CategoryTheory/ObjectProperty/ClosedUnderIsomorphisms.olean: OK
.lake/packages/mathlib/.lake/build/lib/lean/Mathlib/CategoryTheory/ObjectProperty/ClosureShift.olean: OK
.lake/packages/mathlib/.lake/build/lib/lean/Mathlib/CategoryTheory/ObjectProperty/ColimitsCardinalClosure.olean: OK
.lake/packages/mathlib/.lake/build/lib/lean/Mathlib/CategoryTheory/ObjectProperty/ColimitsClosure.olean: OK
.lake/packages/mathlib/.lake/build/lib/lean/Mathlib/CategoryTheory/ObjectProperty/ColimitsOfShape.olean: OK
.lake/packages/mathlib/.lake/build/lib/lean/Mathlib/CategoryTheory/ObjectProperty/CompleteLattice.olean: OK
.lake/packages/mathlib/.lake/build/lib/lean/Mathlib/CategoryTheory/ObjectProperty/ContainsZero.olean: OK
.lake/packages/mathlib/.lake/build/lib/lean/Mathlib/CategoryTheory/ObjectProperty/EpiMono.olean: OK
.lake/packages/mathlib/.lake/build/lib/lean/Mathlib/CategoryTheory/ObjectProperty/Equivalence.olean: OK
.lake/packages/mathlib/.lake/build/lib/lean/Mathlib/CategoryTheory/ObjectProperty/Extensions.olean: OK
.lake/packages/mathlib/.lake/build/lib/lean/Mathlib/CategoryTheory/ObjectProperty/FiniteProducts.olean: OK
.lake/packages/mathlib/.lake/build/lib/lean/Mathlib/CategoryTheory/ObjectProperty/FullSubcategory.olean: OK
.lake/packages/mathlib/.lake/build/lib/lean/Mathlib/CategoryTheory/ObjectProperty/FunctorCategory/PreservesLimits.olean: OK
.lake/packages/mathlib/.lake/build/lib/lean/Mathlib/CategoryTheory/ObjectProperty/HasCardinalLT.olean: OK
.lake/packages/mathlib/.lake/build/lib/lean/Mathlib/CategoryTheory/ObjectProperty/Ind.olean: OK
.lake/packages/mathlib/.lake/build/lib/lean/Mathlib/CategoryTheory/ObjectProperty/InheritedFromHom.olean: OK
.lake/packages/mathlib/.lake/build/lib/lean/Mathlib/CategoryTheory/ObjectProperty/Kernels.olean: OK
.lake/packages/mathlib/.lake/build/lib/lean/Mathlib/CategoryTheory/ObjectProperty/LimitsClosure.olean: OK
.lake/packages/mathlib/.lake/build/lib/lean/Mathlib/CategoryTheory/ObjectProperty/LimitsOfShape.olean: OK
.lake/packages/mathlib/.lake/build/lib/lean/Mathlib/CategoryTheory/ObjectProperty/Local.olean: OK
.lake/packages/mathlib/.lake/build/lib/lean/Mathlib/CategoryTheory/ObjectProperty/Opposite.olean: OK
.lake/packages/mathlib/.lake/build/lib/lean/Mathlib/CategoryTheory/ObjectProperty/Orthogonal.olean: OK
.lake/packages/mathlib/.lake/build/lib/lean/Mathlib/CategoryTheory/ObjectProperty/Retract.olean: OK
.lake/packages/mathlib/.lake/build/lib/lean/Mathlib/CategoryTheory/ObjectProperty/Shift.olean: OK
.lake/packages/mathlib/.lake/build/lib/lean/Mathlib/CategoryTheory/ObjectProperty/ShiftAdditive.olean: OK
.lake/packages/mathlib/.lake/build/lib/lean/Mathlib/CategoryTheory/ObjectProperty/SiteLocal.olean: OK
.lake/packages/mathlib/.lake/build/lib/lean/Mathlib/CategoryTheory/ObjectProperty/Small.olean: OK
.lake/packages/mathlib/.lake/build/lib/lean/Mathlib/CategoryTheory/Opposites.olean: OK
.lake/packages/mathlib/.lake/build/lib/lean/Mathlib/CategoryTheory/PEmpty.olean: OK
.lake/packages/mathlib/.lake/build/lib/lean/Mathlib/CategoryTheory/PUnit.olean: OK
.lake/packages/mathlib/.lake/build/lib/lean/Mathlib/CategoryTheory/PathCategory/Basic.olean: OK
.lake/packages/mathlib/.lake/build/lib/lean/Mathlib/CategoryTheory/PathCategory/MorphismProperty.olean: OK
.lake/packages/mathlib/.lake/build/lib/lean/Mathlib/CategoryTheory/Pi/Basic.olean: OK
.lake/packages/mathlib/.lake/build/lib/lean/Mathlib/CategoryTheory/Pi/Monoidal.olean: OK
.lake/packages/mathlib/.lake/build/lib/lean/Mathlib/CategoryTheory/Preadditive/AdditiveFunctor.olean: OK
.lake/packages/mathlib/.lake/build/lib/lean/Mathlib/CategoryTheory/Preadditive/Basic.olean: OK
.lake/packages/mathlib/.lake/build/lib/lean/Mathlib/CategoryTheory/Preadditive/Biproducts.olean: OK
.lake/packages/mathlib/.lake/build/lib/lean/Mathlib/CategoryTheory/Preadditive/CommGrp_.olean: OK
.lake/packages/mathlib/.lake/build/lib/lean/Mathlib/CategoryTheory/Preadditive/EilenbergMoore.olean: OK
.lake/packages/mathlib/.lake/build/lib/lean/Mathlib/CategoryTheory/Preadditive/EndoFunctor.olean: OK
.lake/packages/mathlib/.lake/build/lib/lean/Mathlib/CategoryTheory/Preadditive/FunctorCategory.olean: OK
.lake/packages/mathlib/.lake/build/lib/lean/Mathlib/CategoryTheory/Preadditive/HomOrthogonal.olean: OK
.lake/packages/mathlib/.lake/build/lib/lean/Mathlib/CategoryTheory/Preadditive/Indization.olean: OK
.lake/packages/mathlib/.lake/build/lib/lean/Mathlib/CategoryTheory/Preadditive/Injective/Basic.olean: OK
.lake/packages/mathlib/.lake/build/lib/lean/Mathlib/CategoryTheory/Preadditive/Injective/LiftingProperties.olean: OK
.lake/packages/mathlib/.lake/build/lib/lean/Mathlib/CategoryTheory/Preadditive/Injective/Preserves.olean: OK
.lake/packages/mathlib/.lake/build/lib/lean/Mathlib/CategoryTheory/Preadditive/Injective/Resolution.olean: OK
.lake/packages/mathlib/.lake/build/lib/lean/Mathlib/CategoryTheory/Preadditive/LeftExact.olean: OK
.lake/packages/mathlib/.lake/build/lib/lean/Mathlib/CategoryTheory/Preadditive/LiftToFinset.olean: OK
.lake/packages/mathlib/.lake/build/lib/lean/Mathlib/CategoryTheory/Preadditive/Mat.olean: OK
.lake/packages/mathlib/.lake/build/lib/lean/Mathlib/CategoryTheory/Preadditive/OfBiproducts.olean: OK
.lake/packages/mathlib/.lake/build/lib/lean/Mathlib/CategoryTheory/Preadditive/Opposite.olean: OK
.lake/packages/mathlib/.lake/build/lib/lean/Mathlib/CategoryTheory/Preadditive/Projective/Basic.olean: OK
.lake/packages/mathlib/.lake/build/lib/lean/Mathlib/CategoryTheory/Preadditive/Projective/Internal.olean: OK
.lake/packages/mathlib/.lake/build/lib/lean/Mathlib/CategoryTheory/Preadditive/Projective/LiftingProperties.olean: OK
.lake/packages/mathlib/.lake/build/lib/lean/Mathlib/CategoryTheory/Preadditive/Projective/Preserves.olean: OK
.lake/packages/mathlib/.lake/build/lib/lean/Mathlib/CategoryTheory/Preadditive/Projective/Resolution.olean: OK
.lake/packages/mathlib/.lake/build/lib/lean/Mathlib/CategoryTheory/Preadditive/Schur.olean: OK
.lake/packages/mathlib/.lake/build/lib/lean/Mathlib/CategoryTheory/Preadditive/SingleObj.olean: OK
.lake/packages/mathlib/.lake/build/lib/lean/Mathlib/CategoryTheory/Preadditive/Transfer.olean: OK
.lake/packages/mathlib/.lake/build/lib/lean/Mathlib/CategoryTheory/Preadditive/Yoneda/Basic.olean: OK
.lake/packages/mathlib/.lake/build/lib/lean/Mathlib/CategoryTheory/Preadditive/Yoneda/Injective.olean: OK
.lake/packages/mathlib/.lake/build/lib/lean/Mathlib/CategoryTheory/Preadditive/Yoneda/Limits.olean: OK
.lake/packages/mathlib/.lake/build/lib/lean/Mathlib/CategoryTheory/Preadditive/Yoneda/Projective.olean: OK
.lake/packages/mathlib/.lake/build/lib/lean/Mathlib/CategoryTheory/Presentable/Adjunction.olean: OK
.lake/packages/mathlib/.lake/build/lib/lean/Mathlib/CategoryTheory/Presentable/Basic.olean: OK
.lake/packages/mathlib/.lake/build/lib/lean/Mathlib/CategoryTheory/Presentable/CardinalFilteredPresentation.olean: OK
.lake/packages/mathlib/.lake/build/lib/lean/Mathlib/CategoryTheory/Presentable/ColimitPresentation.olean: OK
.lake/packages/mathlib/.lake/build/lib/lean/Mathlib/CategoryTheory/Presentable/Dense.olean: OK
.lake/packages/mathlib/.lake/build/lib/lean/Mathlib/CategoryTheory/Presentable/Directed.olean: OK
.lake/packages/mathlib/.lake/build/lib/lean/Mathlib/CategoryTheory/Presentable/EssentiallyLarge.olean: OK
.lake/packages/mathlib/.lake/build/lib/lean/Mathlib/CategoryTheory/Presentable/Finite.olean: OK
.lake/packages/mathlib/.lake/build/lib/lean/Mathlib/CategoryTheory/Presentable/IsCardinalFiltered.olean: OK
.lake/packages/mathlib/.lake/build/lib/lean/Mathlib/CategoryTheory/Presentable/Limits.olean: OK
.lake/packages/mathlib/.lake/build/lib/lean/Mathlib/CategoryTheory/Presentable/LocallyPresentable.olean: OK
.lake/packages/mathlib/.lake/build/lib/lean/Mathlib/CategoryTheory/Presentable/OrthogonalReflection.olean: OK
.lake/packages/mathlib/.lake/build/lib/lean/Mathlib/CategoryTheory/Presentable/Presheaf.olean: OK
.lake/packages/mathlib/.lake/build/lib/lean/Mathlib/CategoryTheory/Presentable/Retracts.olean: OK
.lake/packages/mathlib/.lake/build/lib/lean/Mathlib/CategoryTheory/Presentable/StrongGenerator.olean: OK
.lake/packages/mathlib/.lake/build/lib/lean/Mathlib/CategoryTheory/Presentable/Type.olean: OK
.lake/packages/mathlib/.lake/build/lib/lean/Mathlib/CategoryTheory/Products/Associator.olean: OK
.lake/packages/mathlib/.lake/build/lib/lean/Mathlib/CategoryTheory/Products/Basic.olean: OK
.lake/packages/mathlib/.lake/build/lib/lean/Mathlib/CategoryTheory/Products/Bifunctor.olean: OK
.lake/packages/mathlib/.lake/build/lib/lean/Mathlib/CategoryTheory/Products/Unitor.olean: OK
.lake/packages/mathlib/.lake/build/lib/lean/Mathlib/CategoryTheory/Profunctor/Basic.olean: OK
.lake/packages/mathlib/.lake/build/lib/lean/Mathlib/CategoryTheory/Quotient.olean: OK
.lake/packages/mathlib/.lake/build/lib/lean/Mathlib/CategoryTheory/Quotient/Linear.olean: OK
.lake/packages/mathlib/.lake/build/lib/lean/Mathlib/CategoryTheory/Quotient/LocallySmall.olean: OK
.lake/packages/mathlib/.lake/build/lib/lean/Mathlib/CategoryTheory/Quotient/Preadditive.olean: OK
.lake/packages/mathlib/.lake/build/lib/lean/Mathlib/CategoryTheory/RegularCategory/Basic.olean: OK
.lake/packages/mathlib/.lake/build/lib/lean/Mathlib/CategoryTheory/RepresentedBy.olean: OK
.lake/packages/mathlib/.lake/build/lib/lean/Mathlib/CategoryTheory/Retract.olean: OK
.lake/packages/mathlib/.lake/build/lib/lean/Mathlib/CategoryTheory/Shift/Adjunction.olean: OK
.lake/packages/mathlib/.lake/build/lib/lean/Mathlib/CategoryTheory/Shift/Basic.olean: OK
.lake/packages/mathlib/.lake/build/lib/lean/Mathlib/CategoryTheory/Shift/CommShift.olean: OK
.lake/packages/mathlib/.lake/build/lib/lean/Mathlib/CategoryTheory/Shift/CommShiftTwo.olean: OK
.lake/packages/mathlib/.lake/build/lib/lean/Mathlib/CategoryTheory/Shift/Induced.olean: OK
.lake/packages/mathlib/.lake/build/lib/lean/Mathlib/CategoryTheory/Shift/InducedShiftSequence.olean: OK
.lake/packages/mathlib/.lake/build/lib/lean/Mathlib/CategoryTheory/Shift/Linear.olean: OK
.lake/packages/mathlib/.lake/build/lib/lean/Mathlib/CategoryTheory/Shift/Localization.olean: OK
.lake/packages/mathlib/.lake/build/lib/lean/Mathlib/CategoryTheory/Shift/Opposite.olean: OK
.lake/packages/mathlib/.lake/build/lib/lean/Mathlib/CategoryTheory/Shift/Pullback.olean: OK
.lake/packages/mathlib/.lake/build/lib/lean/Mathlib/CategoryTheory/Shift/Quotient.olean: OK
.lake/packages/mathlib/.lake/build/lib/lean/Mathlib/CategoryTheory/Shift/ShiftSequence.olean: OK
.lake/packages/mathlib/.lake/build/lib/lean/Mathlib/CategoryTheory/Shift/ShiftedHom.olean: OK
.lake/packages/mathlib/.lake/build/lib/lean/Mathlib/CategoryTheory/Shift/ShiftedHomOpposite.olean: OK
.lake/packages/mathlib/.lake/build/lib/lean/Mathlib/CategoryTheory/Shift/SingleFunctors.olean: OK
.lake/packages/mathlib/.lake/build/lib/lean/Mathlib/CategoryTheory/Shift/SingleFunctorsLift.olean: OK
.lake/packages/mathlib/.lake/build/lib/lean/Mathlib/CategoryTheory/Shift/Twist.olean: OK
.lake/packages/mathlib/.lake/build/lib/lean/Mathlib/CategoryTheory/ShrinkYoneda.olean: OK
.lake/packages/mathlib/.lake/build/lib/lean/Mathlib/CategoryTheory/Sigma/Basic.olean: OK
.lake/packages/mathlib/.lake/build/lib/lean/Mathlib/CategoryTheory/Simple.olean: OK
.lake/packages/mathlib/.lake/build/lib/lean/Mathlib/CategoryTheory/SingleObj.olean: OK
.lake/packages/mathlib/.lake/build/lib/lean/Mathlib/CategoryTheory/Sites/Abelian.olean: OK
.lake/packages/mathlib/.lake/build/lib/lean/Mathlib/CategoryTheory/Sites/Adjunction.olean: OK
.lake/packages/mathlib/.lake/build/lib/lean/Mathlib/CategoryTheory/Sites/Canonical.olean: OK
.lake/packages/mathlib/.lake/build/lib/lean/Mathlib/CategoryTheory/Sites/CartesianClosed.olean: OK
.lake/packages/mathlib/.lake/build/lib/lean/Mathlib/CategoryTheory/Sites/CartesianMonoidal.olean: OK
.lake/packages/mathlib/.lake/build/lib/lean/Mathlib/CategoryTheory/Sites/Closed.olean: OK
.lake/packages/mathlib/.lake/build/lib/lean/Mathlib/CategoryTheory/Sites/Coherent/Basic.olean: OK
.lake/packages/mathlib/.lake/build/lib/lean/Mathlib/CategoryTheory/Sites/Coherent/CoherentSheaves.olean: OK
.lake/packages/mathlib/.lake/build/lib/lean/Mathlib/CategoryTheory/Sites/Coherent/CoherentTopology.olean: OK
.lake/packages/mathlib/.lake/build/lib/lean/Mathlib/CategoryTheory/Sites/Coherent/Comparison.olean: OK
.lake/packages/mathlib/.lake/build/lib/lean/Mathlib/CategoryTheory/Sites/Coherent/Equivalence.olean: OK
.lake/packages/mathlib/.lake/build/lib/lean/Mathlib/CategoryTheory/Sites/Coherent/ExtensiveColimits.olean: OK
.lake/packages/mathlib/.lake/build/lib/lean/Mathlib/CategoryTheory/Sites/Coherent/ExtensiveSheaves.olean: OK
.lake/packages/mathlib/.lake/build/lib/lean/Mathlib/CategoryTheory/Sites/Coherent/ExtensiveTopology.olean: OK
.lake/packages/mathlib/.lake/build/lib/lean/Mathlib/CategoryTheory/Sites/Coherent/LocallySurjective.olean: OK
.lake/packages/mathlib/.lake/build/lib/lean/Mathlib/CategoryTheory/Sites/Coherent/ReflectsPrecoherent.olean: OK
.lake/packages/mathlib/.lake/build/lib/lean/Mathlib/CategoryTheory/Sites/Coherent/ReflectsPreregular.olean: OK
.lake/packages/mathlib/.lake/build/lib/lean/Mathlib/CategoryTheory/Sites/Coherent/RegularSheaves.olean: OK
.lake/packages/mathlib/.lake/build/lib/lean/Mathlib/CategoryTheory/Sites/Coherent/RegularTopology.olean: OK
.lake/packages/mathlib/.lake/build/lib/lean/Mathlib/CategoryTheory/Sites/Coherent/SequentialLimit.olean: OK
.lake/packages/mathlib/.lake/build/lib/lean/Mathlib/CategoryTheory/Sites/Coherent/SheafComparison.olean: OK
.lake/packages/mathlib/.lake/build/lib/lean/Mathlib/CategoryTheory/Sites/CompatiblePlus.olean: OK
.lake/packages/mathlib/.lake/build/lib/lean/Mathlib/CategoryTheory/Sites/CompatibleSheafification.olean: OK
.lake/packages/mathlib/.lake/build/lib/lean/Mathlib/CategoryTheory/Sites/ConcreteSheafification.olean: OK
.lake/packages/mathlib/.lake/build/lib/lean/Mathlib/CategoryTheory/Sites/ConstantSheaf.olean: OK
.lake/packages/mathlib/.lake/build/lib/lean/Mathlib/CategoryTheory/Sites/Continuous.olean: OK
.lake/packages/mathlib/.lake/build/lib/lean/Mathlib/CategoryTheory/Sites/CoproductSheafCondition.olean: OK
.lake/packages/mathlib/.lake/build/lib/lean/Mathlib/CategoryTheory/Sites/CoverLifting.olean: OK
.lake/packages/mathlib/.lake/build/lib/lean/Mathlib/CategoryTheory/Sites/CoverPreserving.olean: OK
.lake/packages/mathlib/.lake/build/lib/lean/Mathlib/CategoryTheory/Sites/Coverage.olean: OK
.lake/packages/mathlib/.lake/build/lib/lean/Mathlib/CategoryTheory/Sites/CoversTop.olean: OK
.lake/packages/mathlib/.lake/build/lib/lean/Mathlib/CategoryTheory/Sites/CoversTop/Basic.olean: OK
.lake/packages/mathlib/.lake/build/lib/lean/Mathlib/CategoryTheory/Sites/CoversTop/Over.olean: OK
.lake/packages/mathlib/.lake/build/lib/lean/Mathlib/CategoryTheory/Sites/DenseSubsite/Basic.olean: OK
.lake/packages/mathlib/.lake/build/lib/lean/Mathlib/CategoryTheory/Sites/DenseSubsite/InducedTopology.olean: OK
.lake/packages/mathlib/.lake/build/lib/lean/Mathlib/CategoryTheory/Sites/DenseSubsite/OneHypercoverDense.olean: OK
.lake/packages/mathlib/.lake/build/lib/lean/Mathlib/CategoryTheory/Sites/DenseSubsite/SheafEquiv.olean: OK
.lake/packages/mathlib/.lake/build/lib/lean/Mathlib/CategoryTheory/Sites/Descent/DescentData.olean: OK
.lake/packages/mathlib/.lake/build/lib/lean/Mathlib/CategoryTheory/Sites/Descent/DescentDataAsCoalgebra.olean: OK
.lake/packages/mathlib/.lake/build/lib/lean/Mathlib/CategoryTheory/Sites/Descent/DescentDataPrime.olean: OK
.lake/packages/mathlib/.lake/build/lib/lean/Mathlib/CategoryTheory/Sites/Descent/IsPrestack.olean: OK
.lake/packages/mathlib/.lake/build/lib/lean/Mathlib/CategoryTheory/Sites/Descent/IsStack.olean: OK
.lake/packages/mathlib/.lake/build/lib/lean/Mathlib/CategoryTheory/Sites/Descent/Precoverage.olean: OK
.lake/packages/mathlib/.lake/build/lib/lean/Mathlib/CategoryTheory/Sites/EffectiveEpimorphic.olean: OK
.lake/packages/mathlib/.lake/build/lib/lean/Mathlib/CategoryTheory/Sites/EpiMono.olean: OK
.lake/packages/mathlib/.lake/build/lib/lean/Mathlib/CategoryTheory/Sites/EqualizerSheafCondition.olean: OK
.lake/packages/mathlib/.lake/build/lib/lean/Mathlib/CategoryTheory/Sites/Equivalence.olean: OK
.lake/packages/mathlib/.lake/build/lib/lean/Mathlib/CategoryTheory/Sites/Finite.olean: OK
.lake/packages/mathlib/.lake/build/lib/lean/Mathlib/CategoryTheory/Sites/GlobalSections.olean: OK
.lake/packages/mathlib/.lake/build/lib/lean/Mathlib/CategoryTheory/Sites/Grothendieck.olean: OK
.lake/packages/mathlib/.lake/build/lib/lean/Mathlib/CategoryTheory/Sites/Hypercover/Homotopy.olean: OK
.lake/packages/mathlib/.lake/build/lib/lean/Mathlib/CategoryTheory/Sites/Hypercover/IsSheaf.olean: OK
.lake/packages/mathlib/.lake/build/lib/lean/Mathlib/CategoryTheory/Sites/Hypercover/One.olean: OK
.lake/packages/mathlib/.lake/build/lib/lean/Mathlib/CategoryTheory/Sites/Hypercover/Saturate.olean: OK
.lake/packages/mathlib/.lake/build/lib/lean/Mathlib/CategoryTheory/Sites/Hypercover/SheafOfTypes.olean: OK
.lake/packages/mathlib/.lake/build/lib/lean/Mathlib/CategoryTheory/Sites/Hypercover/Subcanonical.olean: OK
.lake/packages/mathlib/.lake/build/lib/lean/Mathlib/CategoryTheory/Sites/Hypercover/Zero.olean: OK
.lake/packages/mathlib/.lake/build/lib/lean/Mathlib/CategoryTheory/Sites/Hypercover/ZeroFamily.olean: OK
.lake/packages/mathlib/.lake/build/lib/lean/Mathlib/CategoryTheory/Sites/IsSheafFor.olean: OK
.lake/packages/mathlib/.lake/build/lib/lean/Mathlib/CategoryTheory/Sites/JointlySurjective.olean: OK
.lake/packages/mathlib/.lake/build/lib/lean/Mathlib/CategoryTheory/Sites/LeftExact.olean: OK
.lake/packages/mathlib/.lake/build/lib/lean/Mathlib/CategoryTheory/Sites/Limits.olean: OK
.lake/packages/mathlib/.lake/build/lib/lean/Mathlib/CategoryTheory/Sites/LocalProperties.olean: OK
.lake/packages/mathlib/.lake/build/lib/lean/Mathlib/CategoryTheory/Sites/Localization.olean: OK
.lake/packages/mathlib/.lake/build/lib/lean/Mathlib/CategoryTheory/Sites/LocallyBijective.olean: OK
.lake/packages/mathlib/.lake/build/lib/lean/Mathlib/CategoryTheory/Sites/LocallyFullyFaithful.olean: OK
.lake/packages/mathlib/.lake/build/lib/lean/Mathlib/CategoryTheory/Sites/LocallyInjective.olean: OK
.lake/packages/mathlib/.lake/build/lib/lean/Mathlib/CategoryTheory/Sites/LocallySurjective.olean: OK
.lake/packages/mathlib/.lake/build/lib/lean/Mathlib/CategoryTheory/Sites/MayerVietorisSquare.olean: OK
.lake/packages/mathlib/.lake/build/lib/lean/Mathlib/CategoryTheory/Sites/Monoidal.olean: OK
.lake/packages/mathlib/.lake/build/lib/lean/Mathlib/CategoryTheory/Sites/MorphismProperty.olean: OK
.lake/packages/mathlib/.lake/build/lib/lean/Mathlib/CategoryTheory/Sites/NonabelianCohomology/H1.olean: OK
.lake/packages/mathlib/.lake/build/lib/lean/Mathlib/CategoryTheory/Sites/Over.olean: OK
.lake/packages/mathlib/.lake/build/lib/lean/Mathlib/CategoryTheory/Sites/Plus.olean: OK
.lake/packages/mathlib/.lake/build/lib/lean/Mathlib/CategoryTheory/Sites/Point/Basic.olean: OK
.lake/packages/mathlib/.lake/build/lib/lean/Mathlib/CategoryTheory/Sites/Point/Category.olean: OK
.lake/packages/mathlib/.lake/build/lib/lean/Mathlib/CategoryTheory/Sites/Point/Comap.olean: OK
.lake/packages/mathlib/.lake/build/lib/lean/Mathlib/CategoryTheory/Sites/Point/Conservative.olean: OK
.lake/packages/mathlib/.lake/build/lib/lean/Mathlib/CategoryTheory/Sites/Point/IsMonoidalW.olean: OK
.lake/packages/mathlib/.lake/build/lib/lean/Mathlib/CategoryTheory/Sites/Point/Map.olean: OK
.lake/packages/mathlib/.lake/build/lib/lean/Mathlib/CategoryTheory/Sites/Point/Monoidal.olean: OK
.lake/packages/mathlib/.lake/build/lib/lean/Mathlib/CategoryTheory/Sites/Point/OfIsCofiltered.olean: OK
.lake/packages/mathlib/.lake/build/lib/lean/Mathlib/CategoryTheory/Sites/Point/Over.olean: OK
.lake/packages/mathlib/.lake/build/lib/lean/Mathlib/CategoryTheory/Sites/Point/Presheaf.olean: OK
.lake/packages/mathlib/.lake/build/lib/lean/Mathlib/CategoryTheory/Sites/Point/Skyscraper.olean: OK
.lake/packages/mathlib/.lake/build/lib/lean/Mathlib/CategoryTheory/Sites/Precoverage.olean: OK
.lake/packages/mathlib/.lake/build/lib/lean/Mathlib/CategoryTheory/Sites/PrecoverageToGrothendieck.olean: OK
.lake/packages/mathlib/.lake/build/lib/lean/Mathlib/CategoryTheory/Sites/Preserves.olean: OK
.lake/packages/mathlib/.lake/build/lib/lean/Mathlib/CategoryTheory/Sites/PreservesLimits.olean: OK
.lake/packages/mathlib/.lake/build/lib/lean/Mathlib/CategoryTheory/Sites/PreservesLocallyBijective.olean: OK
.lake/packages/mathlib/.lake/build/lib/lean/Mathlib/CategoryTheory/Sites/PreservesSheafification.olean: OK
.lake/packages/mathlib/.lake/build/lib/lean/Mathlib/CategoryTheory/Sites/Pretopology.olean: OK
.lake/packages/mathlib/.lake/build/lib/lean/Mathlib/CategoryTheory/Sites/PseudofunctorSheafOver.olean: OK
.lake/packages/mathlib/.lake/build/lib/lean/Mathlib/CategoryTheory/Sites/Pullback.olean: OK
.lake/packages/mathlib/.lake/build/lib/lean/Mathlib/CategoryTheory/Sites/RegularEpi.olean: OK
.lake/packages/mathlib/.lake/build/lib/lean/Mathlib/CategoryTheory/Sites/Sheaf.olean: OK
.lake/packages/mathlib/.lake/build/lib/lean/Mathlib/CategoryTheory/Sites/SheafCohomology/Basic.olean: OK
.lake/packages/mathlib/.lake/build/lib/lean/Mathlib/CategoryTheory/Sites/SheafCohomology/Cech.olean: OK
.lake/packages/mathlib/.lake/build/lib/lean/Mathlib/CategoryTheory/Sites/SheafCohomology/MayerVietoris.olean: OK
.lake/packages/mathlib/.lake/build/lib/lean/Mathlib/CategoryTheory/Sites/SheafHom.olean: OK
.lake/packages/mathlib/.lake/build/lib/lean/Mathlib/CategoryTheory/Sites/SheafOfTypes.olean: OK
.lake/packages/mathlib/.lake/build/lib/lean/Mathlib/CategoryTheory/Sites/Sheafification.olean: OK
.lake/packages/mathlib/.lake/build/lib/lean/Mathlib/CategoryTheory/Sites/Sieves.olean: OK
.lake/packages/mathlib/.lake/build/lib/lean/Mathlib/CategoryTheory/Sites/Spaces.olean: OK
.lake/packages/mathlib/.lake/build/lib/lean/Mathlib/CategoryTheory/Sites/Subcanonical.olean: OK
.lake/packages/mathlib/.lake/build/lib/lean/Mathlib/CategoryTheory/Sites/SubcanonicalOver.olean: OK
.lake/packages/mathlib/.lake/build/lib/lean/Mathlib/CategoryTheory/Sites/Subsheaf.olean: OK
.lake/packages/mathlib/.lake/build/lib/lean/Mathlib/CategoryTheory/Sites/Types.olean: OK
.lake/packages/mathlib/.lake/build/lib/lean/Mathlib/CategoryTheory/Sites/Whiskering.olean: OK
.lake/packages/mathlib/.lake/build/lib/lean/Mathlib/CategoryTheory/Skeletal.olean: OK
.lake/packages/mathlib/.lake/build/lib/lean/Mathlib/CategoryTheory/SmallObject/Basic.olean: OK
.lake/packages/mathlib/.lake/build/lib/lean/Mathlib/CategoryTheory/SmallObject/Construction.olean: OK
.lake/packages/mathlib/.lake/build/lib/lean/Mathlib/CategoryTheory/SmallObject/IsCardinalForSmallObjectArgument.olean: OK
.lake/packages/mathlib/.lake/build/lib/lean/Mathlib/CategoryTheory/SmallObject/Iteration/Basic.olean: OK
.lake/packages/mathlib/.lake/build/lib/lean/Mathlib/CategoryTheory/SmallObject/Iteration/ExtendToSucc.olean: OK
.lake/packages/mathlib/.lake/build/lib/lean/Mathlib/CategoryTheory/SmallObject/Iteration/FunctorOfCocone.olean: OK
.lake/packages/mathlib/.lake/build/lib/lean/Mathlib/CategoryTheory/SmallObject/Iteration/Nonempty.olean: OK
.lake/packages/mathlib/.lake/build/lib/lean/Mathlib/CategoryTheory/SmallObject/TransfiniteCompositionLifting.olean: OK
.lake/packages/mathlib/.lake/build/lib/lean/Mathlib/CategoryTheory/SmallObject/TransfiniteIteration.olean: OK
.lake/packages/mathlib/.lake/build/lib/lean/Mathlib/CategoryTheory/SmallObject/WellOrderInductionData.olean: OK
.lake/packages/mathlib/.lake/build/lib/lean/Mathlib/CategoryTheory/SmallRepresentatives.olean: OK
.lake/packages/mathlib/.lake/build/lib/lean/Mathlib/CategoryTheory/Square.olean: OK
.lake/packages/mathlib/.lake/build/lib/lean/Mathlib/CategoryTheory/Subfunctor/Basic.olean: OK
.lake/packages/mathlib/.lake/build/lib/lean/Mathlib/CategoryTheory/Subfunctor/Equalizer.olean: OK
.lake/packages/mathlib/.lake/build/lib/lean/Mathlib/CategoryTheory/Subfunctor/Finite.olean: OK
.lake/packages/mathlib/.lake/build/lib/lean/Mathlib/CategoryTheory/Subfunctor/Image.olean: OK
.lake/packages/mathlib/.lake/build/lib/lean/Mathlib/CategoryTheory/Subfunctor/OfSection.olean: OK
.lake/packages/mathlib/.lake/build/lib/lean/Mathlib/CategoryTheory/Subfunctor/Sieves.olean: OK
.lake/packages/mathlib/.lake/build/lib/lean/Mathlib/CategoryTheory/Subfunctor/Subobject.olean: OK
.lake/packages/mathlib/.lake/build/lib/lean/Mathlib/CategoryTheory/Subobject/ArtinianObject.olean: OK
.lake/packages/mathlib/.lake/build/lib/lean/Mathlib/CategoryTheory/Subobject/Basic.olean: OK
.lake/packages/mathlib/.lake/build/lib/lean/Mathlib/CategoryTheory/Subobject/Classifier/Defs.olean: OK
.lake/packages/mathlib/.lake/build/lib/lean/Mathlib/CategoryTheory/Subobject/Comma.olean: OK
.lake/packages/mathlib/.lake/build/lib/lean/Mathlib/CategoryTheory/Subobject/FactorThru.olean: OK
.lake/packages/mathlib/.lake/build/lib/lean/Mathlib/CategoryTheory/Subobject/HasCardinalLT.olean: OK
.lake/packages/mathlib/.lake/build/lib/lean/Mathlib/CategoryTheory/Subobject/Lattice.olean: OK
.lake/packages/mathlib/.lake/build/lib/lean/Mathlib/CategoryTheory/Subobject/Limits.olean: OK
.lake/packages/mathlib/.lake/build/lib/lean/Mathlib/CategoryTheory/Subobject/MonoOver.olean: OK
.lake/packages/mathlib/.lake/build/lib/lean/Mathlib/CategoryTheory/Subobject/NoetherianObject.olean: OK
.lake/packages/mathlib/.lake/build/lib/lean/Mathlib/CategoryTheory/Subobject/Presheaf.olean: OK
.lake/packages/mathlib/.lake/build/lib/lean/Mathlib/CategoryTheory/Subobject/Types.olean: OK
.lake/packages/mathlib/.lake/build/lib/lean/Mathlib/CategoryTheory/Subobject/WellPowered.olean: OK
.lake/packages/mathlib/.lake/build/lib/lean/Mathlib/CategoryTheory/Subpresheaf/Basic.olean: OK
.lake/packages/mathlib/.lake/build/lib/lean/Mathlib/CategoryTheory/Subpresheaf/Equalizer.olean: OK
.lake/packages/mathlib/.lake/build/lib/lean/Mathlib/CategoryTheory/Subpresheaf/Finite.olean: OK
.lake/packages/mathlib/.lake/build/lib/lean/Mathlib/CategoryTheory/Subpresheaf/Image.olean: OK
.lake/packages/mathlib/.lake/build/lib/lean/Mathlib/CategoryTheory/Subpresheaf/OfSection.olean: OK
.lake/packages/mathlib/.lake/build/lib/lean/Mathlib/CategoryTheory/Subpresheaf/Sieves.olean: OK
.lake/packages/mathlib/.lake/build/lib/lean/Mathlib/CategoryTheory/Subpresheaf/Subobject.olean: OK
.lake/packages/mathlib/.lake/build/lib/lean/Mathlib/CategoryTheory/Subterminal.olean: OK
.lake/packages/mathlib/.lake/build/lib/lean/Mathlib/CategoryTheory/Sums/Associator.olean: OK
.lake/packages/mathlib/.lake/build/lib/lean/Mathlib/CategoryTheory/Sums/Basic.olean: OK
.lake/packages/mathlib/.lake/build/lib/lean/Mathlib/CategoryTheory/Sums/Products.olean: OK
.lake/packages/mathlib/.lake/build/lib/lean/Mathlib/CategoryTheory/Thin.olean: OK
.lake/packages/mathlib/.lake/build/lib/lean/Mathlib/CategoryTheory/Topos/Classifier.olean: OK
.lake/packages/mathlib/.lake/build/lib/lean/Mathlib/CategoryTheory/Topos/Sheaf.olean: OK
.lake/packages/mathlib/.lake/build/lib/lean/Mathlib/CategoryTheory/Triangulated/Adjunction.olean: OK
.lake/packages/mathlib/.lake/build/lib/lean/Mathlib/CategoryTheory/Triangulated/Basic.olean: OK
.lake/packages/mathlib/.lake/build/lib/lean/Mathlib/CategoryTheory/Triangulated/Functor.olean: OK
.lake/packages/mathlib/.lake/build/lib/lean/Mathlib/CategoryTheory/Triangulated/Generators.olean: OK
.lake/packages/mathlib/.lake/build/lib/lean/Mathlib/CategoryTheory/Triangulated/HomologicalFunctor.olean: OK
.lake/packages/mathlib/.lake/build/lib/lean/Mathlib/CategoryTheory/Triangulated/LocalizingSubcategory.olean: OK
.lake/packages/mathlib/.lake/build/lib/lean/Mathlib/CategoryTheory/Triangulated/Opposite/Basic.olean: OK
.lake/packages/mathlib/.lake/build/lib/lean/Mathlib/CategoryTheory/Triangulated/Opposite/Functor.olean: OK
.lake/packages/mathlib/.lake/build/lib/lean/Mathlib/CategoryTheory/Triangulated/Opposite/OpOp.olean: OK
.lake/packages/mathlib/.lake/build/lib/lean/Mathlib/CategoryTheory/Triangulated/Opposite/Pretriangulated.olean: OK
.lake/packages/mathlib/.lake/build/lib/lean/Mathlib/CategoryTheory/Triangulated/Opposite/Subcategory.olean: OK
.lake/packages/mathlib/.lake/build/lib/lean/Mathlib/CategoryTheory/Triangulated/Opposite/Triangle.olean: OK
.lake/packages/mathlib/.lake/build/lib/lean/Mathlib/CategoryTheory/Triangulated/Opposite/Triangulated.olean: OK
.lake/packages/mathlib/.lake/build/lib/lean/Mathlib/CategoryTheory/Triangulated/Orthogonal.olean: OK
.lake/packages/mathlib/.lake/build/lib/lean/Mathlib/CategoryTheory/Triangulated/Pretriangulated.olean: OK
.lake/packages/mathlib/.lake/build/lib/lean/Mathlib/CategoryTheory/Triangulated/Rotate.olean: OK
.lake/packages/mathlib/.lake/build/lib/lean/Mathlib/CategoryTheory/Triangulated/SpectralObject.olean: OK
.lake/packages/mathlib/.lake/build/lib/lean/Mathlib/CategoryTheory/Triangulated/Subcategory.olean: OK
.lake/packages/mathlib/.lake/build/lib/lean/Mathlib/CategoryTheory/Triangulated/TStructure/AbelianSubcategory.olean: OK
.lake/packages/mathlib/.lake/build/lib/lean/Mathlib/CategoryTheory/Triangulated/TStructure/Basic.olean: OK
.lake/packages/mathlib/.lake/build/lib/lean/Mathlib/CategoryTheory/Triangulated/TStructure/ETrunc.olean: OK
.lake/packages/mathlib/.lake/build/lib/lean/Mathlib/CategoryTheory/Triangulated/TStructure/Heart.olean: OK
.lake/packages/mathlib/.lake/build/lib/lean/Mathlib/CategoryTheory/Triangulated/TStructure/Induced.olean: OK
.lake/packages/mathlib/.lake/build/lib/lean/Mathlib/CategoryTheory/Triangulated/TStructure/SpectralObject.olean: OK
.lake/packages/mathlib/.lake/build/lib/lean/Mathlib/CategoryTheory/Triangulated/TStructure/TruncLEGT.olean: OK
.lake/packages/mathlib/.lake/build/lib/lean/Mathlib/CategoryTheory/Triangulated/TStructure/TruncLTGE.olean: OK
.lake/packages/mathlib/.lake/build/lib/lean/Mathlib/CategoryTheory/Triangulated/TriangleShift.olean: OK
.lake/packages/mathlib/.lake/build/lib/lean/Mathlib/CategoryTheory/Triangulated/Triangulated.olean: OK
.lake/packages/mathlib/.lake/build/lib/lean/Mathlib/CategoryTheory/Triangulated/Yoneda.olean: OK
.lake/packages/mathlib/.lake/build/lib/lean/Mathlib/CategoryTheory/Types/Basic.olean: OK
.lake/packages/mathlib/.lake/build/lib/lean/Mathlib/CategoryTheory/Types/Epimorphisms.olean: OK
.lake/packages/mathlib/.lake/build/lib/lean/Mathlib/CategoryTheory/Types/Monomorphisms.olean: OK
.lake/packages/mathlib/.lake/build/lib/lean/Mathlib/CategoryTheory/Types/Set.olean: OK
.lake/packages/mathlib/.lake/build/lib/lean/Mathlib/CategoryTheory/UnivLE.olean: OK
.lake/packages/mathlib/.lake/build/lib/lean/Mathlib/CategoryTheory/Whiskering.olean: OK
.lake/packages/mathlib/.lake/build/lib/lean/Mathlib/CategoryTheory/Widesubcategory.olean: OK
.lake/packages/mathlib/.lake/build/lib/lean/Mathlib/CategoryTheory/WithTerminal/Basic.olean: OK
.lake/packages/mathlib/.lake/build/lib/lean/Mathlib/CategoryTheory/WithTerminal/Cone.olean: OK
.lake/packages/mathlib/.lake/build/lib/lean/Mathlib/CategoryTheory/WithTerminal/FinCategory.olean: OK
.lake/packages/mathlib/.lake/build/lib/lean/Mathlib/CategoryTheory/WithTerminal/Lemmas.olean: OK
.lake/packages/mathlib/.lake/build/lib/lean/Mathlib/CategoryTheory/Yoneda.olean: OK
.lake/packages/mathlib/.lake/build/lib/lean/Mathlib/Combinatorics/Additive/AP/Three/Behrend.olean: OK
.lake/packages/mathlib/.lake/build/lib/lean/Mathlib/Combinatorics/Additive/AP/Three/Defs.olean: OK
.lake/packages/mathlib/.lake/build/lib/lean/Mathlib/Combinatorics/Additive/ApproximateSubgroup.olean: OK
.lake/packages/mathlib/.lake/build/lib/lean/Mathlib/Combinatorics/Additive/CauchyDavenport.olean: OK
.lake/packages/mathlib/.lake/build/lib/lean/Mathlib/Combinatorics/Additive/Convolution.olean: OK
.lake/packages/mathlib/.lake/build/lib/lean/Mathlib/Combinatorics/Additive/Corner/Defs.olean: OK
.lake/packages/mathlib/.lake/build/lib/lean/Mathlib/Combinatorics/Additive/Corner/Roth.olean: OK
.lake/packages/mathlib/.lake/build/lib/lean/Mathlib/Combinatorics/Additive/CovBySMul.olean: OK
.lake/packages/mathlib/.lake/build/lib/lean/Mathlib/Combinatorics/Additive/Dissociation.olean: OK
.lake/packages/mathlib/.lake/build/lib/lean/Mathlib/Combinatorics/Additive/DoublingConst.olean: OK
.lake/packages/mathlib/.lake/build/lib/lean/Mathlib/Combinatorics/Additive/ETransform.olean: OK
.lake/packages/mathlib/.lake/build/lib/lean/Mathlib/Combinatorics/Additive/Energy.olean: OK
.lake/packages/mathlib/.lake/build/lib/lean/Mathlib/Combinatorics/Additive/ErdosGinzburgZiv.olean: OK
.lake/packages/mathlib/.lake/build/lib/lean/Mathlib/Combinatorics/Additive/FreimanHom.olean: OK
.lake/packages/mathlib/.lake/build/lib/lean/Mathlib/Combinatorics/Additive/PluenneckeRuzsa.olean: OK
.lake/packages/mathlib/.lake/build/lib/lean/Mathlib/Combinatorics/Additive/Randomisation.olean: OK
.lake/packages/mathlib/.lake/build/lib/lean/Mathlib/Combinatorics/Additive/RuzsaCovering.olean: OK
.lake/packages/mathlib/.lake/build/lib/lean/Mathlib/Combinatorics/Additive/SmallTripling.olean: OK
.lake/packages/mathlib/.lake/build/lib/lean/Mathlib/Combinatorics/Additive/SubsetSum.olean: OK
.lake/packages/mathlib/.lake/build/lib/lean/Mathlib/Combinatorics/Additive/VerySmallDoubling.olean: OK
.lake/packages/mathlib/.lake/build/lib/lean/Mathlib/Combinatorics/Colex.olean: OK
.lake/packages/mathlib/.lake/build/lib/lean/Mathlib/Combinatorics/Compactness.olean: OK
.lake/packages/mathlib/.lake/build/lib/lean/Mathlib/Combinatorics/Configuration.olean: OK
.lake/packages/mathlib/.lake/build/lib/lean/Mathlib/Combinatorics/Derangements/Basic.olean: OK
.lake/packages/mathlib/.lake/build/lib/lean/Mathlib/Combinatorics/Derangements/Exponential.olean: OK
.lake/packages/mathlib/.lake/build/lib/lean/Mathlib/Combinatorics/Derangements/Finite.olean: OK
.lake/packages/mathlib/.lake/build/lib/lean/Mathlib/Combinatorics/Digraph/Basic.olean: OK
.lake/packages/mathlib/.lake/build/lib/lean/Mathlib/Combinatorics/Digraph/Orientation.olean: OK
.lake/packages/mathlib/.lake/build/lib/lean/Mathlib/Combinatorics/Enumerative/Bell.olean: OK
.lake/packages/mathlib/.lake/build/lib/lean/Mathlib/Combinatorics/Enumerative/Catalan.olean: OK
.lake/packages/mathlib/.lake/build/lib/lean/Mathlib/Combinatorics/Enumerative/Catalan/Basic.olean: OK
.lake/packages/mathlib/.lake/build/lib/lean/Mathlib/Combinatorics/Enumerative/Catalan/Tree.olean: OK
.lake/packages/mathlib/.lake/build/lib/lean/Mathlib/Combinatorics/Enumerative/Composition.olean: OK
.lake/packages/mathlib/.lake/build/lib/lean/Mathlib/Combinatorics/Enumerative/DoubleCounting.olean: OK
.lake/packages/mathlib/.lake/build/lib/lean/Mathlib/Combinatorics/Enumerative/DyckWord.olean: OK
.lake/packages/mathlib/.lake/build/lib/lean/Mathlib/Combinatorics/Enumerative/IncidenceAlgebra.olean: OK
.lake/packages/mathlib/.lake/build/lib/lean/Mathlib/Combinatorics/Enumerative/InclusionExclusion.olean: OK
.lake/packages/mathlib/.lake/build/lib/lean/Mathlib/Combinatorics/Enumerative/Partition.olean: OK
.lake/packages/mathlib/.lake/build/lib/lean/Mathlib/Combinatorics/Enumerative/Partition/Basic.olean: OK
.lake/packages/mathlib/.lake/build/lib/lean/Mathlib/Combinatorics/Enumerative/Partition/GenFun.olean: OK
.lake/packages/mathlib/.lake/build/lib/lean/Mathlib/Combinatorics/Enumerative/Partition/Glaisher.olean: OK
.lake/packages/mathlib/.lake/build/lib/lean/Mathlib/Combinatorics/Enumerative/Pentagonal.olean: OK
.lake/packages/mathlib/.lake/build/lib/lean/Mathlib/Combinatorics/Enumerative/Schroder.olean: OK
.lake/packages/mathlib/.lake/build/lib/lean/Mathlib/Combinatorics/Enumerative/Stirling.olean: OK
.lake/packages/mathlib/.lake/build/lib/lean/Mathlib/Combinatorics/Extremal/RuzsaSzemeredi.olean: OK
.lake/packages/mathlib/.lake/build/lib/lean/Mathlib/Combinatorics/Graph/Basic.olean: OK
.lake/packages/mathlib/.lake/build/lib/lean/Mathlib/Combinatorics/Graph/Delete.olean: OK
.lake/packages/mathlib/.lake/build/lib/lean/Mathlib/Combinatorics/Graph/Lattice.olean: OK
.lake/packages/mathlib/.lake/build/lib/lean/Mathlib/Combinatorics/Graph/Maps.olean: OK
.lake/packages/mathlib/.lake/build/lib/lean/Mathlib/Combinatorics/Graph/Subgraph.olean: OK
.lake/packages/mathlib/.lake/build/lib/lean/Mathlib/Combinatorics/HalesJewett.olean: OK
.lake/packages/mathlib/.lake/build/lib/lean/Mathlib/Combinatorics/Hall/Basic.olean: OK
.lake/packages/mathlib/.lake/build/lib/lean/Mathlib/Combinatorics/Hall/Finite.olean: OK
.lake/packages/mathlib/.lake/build/lib/lean/Mathlib/Combinatorics/Hindman.olean: OK
.lake/packages/mathlib/.lake/build/lib/lean/Mathlib/Combinatorics/KatonaCircle.olean: OK
.lake/packages/mathlib/.lake/build/lib/lean/Mathlib/Combinatorics/Matroid/Basic.olean: OK
.lake/packages/mathlib/.lake/build/lib/lean/Mathlib/Combinatorics/Matroid/Circuit.olean: OK
.lake/packages/mathlib/.lake/build/lib/lean/Mathlib/Combinatorics/Matroid/Closure.olean: OK
.lake/packages/mathlib/.lake/build/lib/lean/Mathlib/Combinatorics/Matroid/Constructions.olean: OK
.lake/packages/mathlib/.lake/build/lib/lean/Mathlib/Combinatorics/Matroid/Dual.olean: OK
.lake/packages/mathlib/.lake/build/lib/lean/Mathlib/Combinatorics/Matroid/IndepAxioms.olean: OK
.lake/packages/mathlib/.lake/build/lib/lean/Mathlib/Combinatorics/Matroid/Init.olean: OK
.lake/packages/mathlib/.lake/build/lib/lean/Mathlib/Combinatorics/Matroid/Loop.olean: OK
.lake/packages/mathlib/.lake/build/lib/lean/Mathlib/Combinatorics/Matroid/Map.olean: OK
.lake/packages/mathlib/.lake/build/lib/lean/Mathlib/Combinatorics/Matroid/Minor/Contract.olean: OK
.lake/packages/mathlib/.lake/build/lib/lean/Mathlib/Combinatorics/Matroid/Minor/Delete.olean: OK
.lake/packages/mathlib/.lake/build/lib/lean/Mathlib/Combinatorics/Matroid/Minor/Order.olean: OK
.lake/packages/mathlib/.lake/build/lib/lean/Mathlib/Combinatorics/Matroid/Minor/Restrict.olean: OK
.lake/packages/mathlib/.lake/build/lib/lean/Mathlib/Combinatorics/Matroid/Rank/Cardinal.olean: OK
.lake/packages/mathlib/.lake/build/lib/lean/Mathlib/Combinatorics/Matroid/Rank/ENat.olean: OK
.lake/packages/mathlib/.lake/build/lib/lean/Mathlib/Combinatorics/Matroid/Rank/Finite.olean: OK
.lake/packages/mathlib/.lake/build/lib/lean/Mathlib/Combinatorics/Matroid/Sum.olean: OK
.lake/packages/mathlib/.lake/build/lib/lean/Mathlib/Combinatorics/Nullstellensatz.olean: OK
.lake/packages/mathlib/.lake/build/lib/lean/Mathlib/Combinatorics/Optimization/ValuedCSP.olean: OK
.lake/packages/mathlib/.lake/build/lib/lean/Mathlib/Combinatorics/Pigeonhole.olean: OK
.lake/packages/mathlib/.lake/build/lib/lean/Mathlib/Combinatorics/Quiver/Arborescence.olean: OK
.lake/packages/mathlib/.lake/build/lib/lean/Mathlib/Combinatorics/Quiver/Basic.olean: OK
.lake/packages/mathlib/.lake/build/lib/lean/Mathlib/Combinatorics/Quiver/Cast.olean: OK
.lake/packages/mathlib/.lake/build/lib/lean/Mathlib/Combinatorics/Quiver/ConnectedComponent.olean: OK
.lake/packages/mathlib/.lake/build/lib/lean/Mathlib/Combinatorics/Quiver/Covering.olean: OK
.lake/packages/mathlib/.lake/build/lib/lean/Mathlib/Combinatorics/Quiver/Path.olean: OK
.lake/packages/mathlib/.lake/build/lib/lean/Mathlib/Combinatorics/Quiver/Path/Decomposition.olean: OK
.lake/packages/mathlib/.lake/build/lib/lean/Mathlib/Combinatorics/Quiver/Path/Vertices.olean: OK
.lake/packages/mathlib/.lake/build/lib/lean/Mathlib/Combinatorics/Quiver/Path/Weight.olean: OK
.lake/packages/mathlib/.lake/build/lib/lean/Mathlib/Combinatorics/Quiver/Prefunctor.olean: OK
.lake/packages/mathlib/.lake/build/lib/lean/Mathlib/Combinatorics/Quiver/Push.olean: OK
.lake/packages/mathlib/.lake/build/lib/lean/Mathlib/Combinatorics/Quiver/ReflQuiver.olean: OK
.lake/packages/mathlib/.lake/build/lib/lean/Mathlib/Combinatorics/Quiver/Schreier.olean: OK
.lake/packages/mathlib/.lake/build/lib/lean/Mathlib/Combinatorics/Quiver/SingleObj.olean: OK
.lake/packages/mathlib/.lake/build/lib/lean/Mathlib/Combinatorics/Quiver/Subquiver.olean: OK
.lake/packages/mathlib/.lake/build/lib/lean/Mathlib/Combinatorics/Quiver/Symmetric.olean: OK
.lake/packages/mathlib/.lake/build/lib/lean/Mathlib/Combinatorics/Schnirelmann.olean: OK
.lake/packages/mathlib/.lake/build/lib/lean/Mathlib/Combinatorics/SetFamily/AhlswedeZhang.olean: OK
.lake/packages/mathlib/.lake/build/lib/lean/Mathlib/Combinatorics/SetFamily/Compression/Down.olean: OK
.lake/packages/mathlib/.lake/build/lib/lean/Mathlib/Combinatorics/SetFamily/Compression/UV.olean: OK
.lake/packages/mathlib/.lake/build/lib/lean/Mathlib/Combinatorics/SetFamily/FourFunctions.olean: OK
.lake/packages/mathlib/.lake/build/lib/lean/Mathlib/Combinatorics/SetFamily/HarrisKleitman.olean: OK
.lake/packages/mathlib/.lake/build/lib/lean/Mathlib/Combinatorics/SetFamily/Intersecting.olean: OK
.lake/packages/mathlib/.lake/build/lib/lean/Mathlib/Combinatorics/SetFamily/Kleitman.olean: OK
.lake/packages/mathlib/.lake/build/lib/lean/Mathlib/Combinatorics/SetFamily/KruskalKatona.olean: OK
.lake/packages/mathlib/.lake/build/lib/lean/Mathlib/Combinatorics/SetFamily/LYM.olean: OK
.lake/packages/mathlib/.lake/build/lib/lean/Mathlib/Combinatorics/SetFamily/Shadow.olean: OK
.lake/packages/mathlib/.lake/build/lib/lean/Mathlib/Combinatorics/SetFamily/Shatter.olean: OK
.lake/packages/mathlib/.lake/build/lib/lean/Mathlib/Combinatorics/SimpleGraph/Acyclic.olean: OK
.lake/packages/mathlib/.lake/build/lib/lean/Mathlib/Combinatorics/SimpleGraph/AdjMatrix.olean: OK
.lake/packages/mathlib/.lake/build/lib/lean/Mathlib/Combinatorics/SimpleGraph/Basic.olean: OK
.lake/packages/mathlib/.lake/build/lib/lean/Mathlib/Combinatorics/SimpleGraph/Bipartite.olean: OK
.lake/packages/mathlib/.lake/build/lib/lean/Mathlib/Combinatorics/SimpleGraph/Cayley.olean: OK
.lake/packages/mathlib/.lake/build/lib/lean/Mathlib/Combinatorics/SimpleGraph/Circulant.olean: OK
.lake/packages/mathlib/.lake/build/lib/lean/Mathlib/Combinatorics/SimpleGraph/Clique.olean: OK
.lake/packages/mathlib/.lake/build/lib/lean/Mathlib/Combinatorics/SimpleGraph/Coloring/Constructions.olean: OK
.lake/packages/mathlib/.lake/build/lib/lean/Mathlib/Combinatorics/SimpleGraph/Coloring/EdgeLabeling.olean: OK
.lake/packages/mathlib/.lake/build/lib/lean/Mathlib/Combinatorics/SimpleGraph/Coloring/VertexColoring.olean: OK
.lake/packages/mathlib/.lake/build/lib/lean/Mathlib/Combinatorics/SimpleGraph/CompleteMultipartite.olean: OK
.lake/packages/mathlib/.lake/build/lib/lean/Mathlib/Combinatorics/SimpleGraph/Connectivity/Connected.olean: OK
.lake/packages/mathlib/.lake/build/lib/lean/Mathlib/Combinatorics/SimpleGraph/Connectivity/EdgeConnectivity.olean: OK
.lake/packages/mathlib/.lake/build/lib/lean/Mathlib/Combinatorics/SimpleGraph/Connectivity/Finite.olean: OK
.lake/packages/mathlib/.lake/build/lib/lean/Mathlib/Combinatorics/SimpleGraph/Connectivity/Represents.olean: OK
.lake/packages/mathlib/.lake/build/lib/lean/Mathlib/Combinatorics/SimpleGraph/Connectivity/Subgraph.olean: OK
.lake/packages/mathlib/.lake/build/lib/lean/Mathlib/Combinatorics/SimpleGraph/Copy.olean: OK
.lake/packages/mathlib/.lake/build/lib/lean/Mathlib/Combinatorics/SimpleGraph/Dart.olean: OK
.lake/packages/mathlib/.lake/build/lib/lean/Mathlib/Combinatorics/SimpleGraph/DegreeSum.olean: OK
.lake/packages/mathlib/.lake/build/lib/lean/Mathlib/Combinatorics/SimpleGraph/DeleteEdges.olean: OK
.lake/packages/mathlib/.lake/build/lib/lean/Mathlib/Combinatorics/SimpleGraph/Density.olean: OK
.lake/packages/mathlib/.lake/build/lib/lean/Mathlib/Combinatorics/SimpleGraph/Diam.olean: OK
.lake/packages/mathlib/.lake/build/lib/lean/Mathlib/Combinatorics/SimpleGraph/Ends/Defs.olean: OK
.lake/packages/mathlib/.lake/build/lib/lean/Mathlib/Combinatorics/SimpleGraph/Ends/Properties.olean: OK
.lake/packages/mathlib/.lake/build/lib/lean/Mathlib/Combinatorics/SimpleGraph/Extremal/Basic.olean: OK
.lake/packages/mathlib/.lake/build/lib/lean/Mathlib/Combinatorics/SimpleGraph/Extremal/Turan.olean: OK
.lake/packages/mathlib/.lake/build/lib/lean/Mathlib/Combinatorics/SimpleGraph/Extremal/TuranDensity.olean: OK
.lake/packages/mathlib/.lake/build/lib/lean/Mathlib/Combinatorics/SimpleGraph/Finite.olean: OK
.lake/packages/mathlib/.lake/build/lib/lean/Mathlib/Combinatorics/SimpleGraph/Finsubgraph.olean: OK
.lake/packages/mathlib/.lake/build/lib/lean/Mathlib/Combinatorics/SimpleGraph/FiveWheelLike.olean: OK
.lake/packages/mathlib/.lake/build/lib/lean/Mathlib/Combinatorics/SimpleGraph/Girth.olean: OK
.lake/packages/mathlib/.lake/build/lib/lean/Mathlib/Combinatorics/SimpleGraph/Hall.olean: OK
.lake/packages/mathlib/.lake/build/lib/lean/Mathlib/Combinatorics/SimpleGraph/Hamiltonian.olean: OK
.lake/packages/mathlib/.lake/build/lib/lean/Mathlib/Combinatorics/SimpleGraph/Hasse.olean: OK
.lake/packages/mathlib/.lake/build/lib/lean/Mathlib/Combinatorics/SimpleGraph/IncMatrix.olean: OK
.lake/packages/mathlib/.lake/build/lib/lean/Mathlib/Combinatorics/SimpleGraph/Init.olean: OK
.lake/packages/mathlib/.lake/build/lib/lean/Mathlib/Combinatorics/SimpleGraph/LapMatrix.olean: OK
.lake/packages/mathlib/.lake/build/lib/lean/Mathlib/Combinatorics/SimpleGraph/LineGraph.olean: OK
.lake/packages/mathlib/.lake/build/lib/lean/Mathlib/Combinatorics/SimpleGraph/Maps.olean: OK
.lake/packages/mathlib/.lake/build/lib/lean/Mathlib/Combinatorics/SimpleGraph/Matching.olean: OK
.lake/packages/mathlib/.lake/build/lib/lean/Mathlib/Combinatorics/SimpleGraph/Metric.olean: OK
.lake/packages/mathlib/.lake/build/lib/lean/Mathlib/Combinatorics/SimpleGraph/Operations.olean: OK
.lake/packages/mathlib/.lake/build/lib/lean/Mathlib/Combinatorics/SimpleGraph/Partition.olean: OK
.lake/packages/mathlib/.lake/build/lib/lean/Mathlib/Combinatorics/SimpleGraph/Paths.olean: OK
.lake/packages/mathlib/.lake/build/lib/lean/Mathlib/Combinatorics/SimpleGraph/Prod.olean: OK
.lake/packages/mathlib/.lake/build/lib/lean/Mathlib/Combinatorics/SimpleGraph/Regularity/Bound.olean: OK
.lake/packages/mathlib/.lake/build/lib/lean/Mathlib/Combinatorics/SimpleGraph/Regularity/Chunk.olean: OK
.lake/packages/mathlib/.lake/build/lib/lean/Mathlib/Combinatorics/SimpleGraph/Regularity/Energy.olean: OK
.lake/packages/mathlib/.lake/build/lib/lean/Mathlib/Combinatorics/SimpleGraph/Regularity/Equitabilise.olean: OK
.lake/packages/mathlib/.lake/build/lib/lean/Mathlib/Combinatorics/SimpleGraph/Regularity/Increment.olean: OK
.lake/packages/mathlib/.lake/build/lib/lean/Mathlib/Combinatorics/SimpleGraph/Regularity/Lemma.olean: OK
.lake/packages/mathlib/.lake/build/lib/lean/Mathlib/Combinatorics/SimpleGraph/Regularity/Uniform.olean: OK
.lake/packages/mathlib/.lake/build/lib/lean/Mathlib/Combinatorics/SimpleGraph/StronglyRegular.olean: OK
.lake/packages/mathlib/.lake/build/lib/lean/Mathlib/Combinatorics/SimpleGraph/Subgraph.olean: OK
.lake/packages/mathlib/.lake/build/lib/lean/Mathlib/Combinatorics/SimpleGraph/Sum.olean: OK
.lake/packages/mathlib/.lake/build/lib/lean/Mathlib/Combinatorics/SimpleGraph/Trails.olean: OK
.lake/packages/mathlib/.lake/build/lib/lean/Mathlib/Combinatorics/SimpleGraph/Triangle/Basic.olean: OK
.lake/packages/mathlib/.lake/build/lib/lean/Mathlib/Combinatorics/SimpleGraph/Triangle/Counting.olean: OK
.lake/packages/mathlib/.lake/build/lib/lean/Mathlib/Combinatorics/SimpleGraph/Triangle/Removal.olean: OK
.lake/packages/mathlib/.lake/build/lib/lean/Mathlib/Combinatorics/SimpleGraph/Triangle/Tripartite.olean: OK
.lake/packages/mathlib/.lake/build/lib/lean/Mathlib/Combinatorics/SimpleGraph/Tutte.olean: OK
.lake/packages/mathlib/.lake/build/lib/lean/Mathlib/Combinatorics/SimpleGraph/UnitDistance/Basic.olean: OK
.lake/packages/mathlib/.lake/build/lib/lean/Mathlib/Combinatorics/SimpleGraph/UniversalVerts.olean: OK
.lake/packages/mathlib/.lake/build/lib/lean/Mathlib/Combinatorics/SimpleGraph/VertexCover.olean: OK
.lake/packages/mathlib/.lake/build/lib/lean/Mathlib/Combinatorics/SimpleGraph/Walk.olean: OK
.lake/packages/mathlib/.lake/build/lib/lean/Mathlib/Combinatorics/SimpleGraph/Walk/Basic.olean: OK
.lake/packages/mathlib/.lake/build/lib/lean/Mathlib/Combinatorics/SimpleGraph/Walk/Chord.olean: OK
.lake/packages/mathlib/.lake/build/lib/lean/Mathlib/Combinatorics/SimpleGraph/Walk/Counting.olean: OK
.lake/packages/mathlib/.lake/build/lib/lean/Mathlib/Combinatorics/SimpleGraph/Walk/Decomp.olean: OK
.lake/packages/mathlib/.lake/build/lib/lean/Mathlib/Combinatorics/SimpleGraph/Walk/Maps.olean: OK
.lake/packages/mathlib/.lake/build/lib/lean/Mathlib/Combinatorics/SimpleGraph/Walk/Operations.olean: OK
.lake/packages/mathlib/.lake/build/lib/lean/Mathlib/Combinatorics/SimpleGraph/Walk/Subwalks.olean: OK
.lake/packages/mathlib/.lake/build/lib/lean/Mathlib/Combinatorics/SimpleGraph/Walk/Traversal.olean: OK
.lake/packages/mathlib/.lake/build/lib/lean/Mathlib/Combinatorics/Tiling/Tile.olean: OK
.lake/packages/mathlib/.lake/build/lib/lean/Mathlib/Combinatorics/Young/SemistandardTableau.olean: OK
.lake/packages/mathlib/.lake/build/lib/lean/Mathlib/Combinatorics/Young/YoungDiagram.olean: OK
.lake/packages/mathlib/.lake/build/lib/lean/Mathlib/Computability/Ackermann.olean: OK
.lake/packages/mathlib/.lake/build/lib/lean/Mathlib/Computability/AkraBazzi/AkraBazzi.olean: OK
.lake/packages/mathlib/.lake/build/lib/lean/Mathlib/Computability/AkraBazzi/GrowsPolynomially.olean: OK
.lake/packages/mathlib/.lake/build/lib/lean/Mathlib/Computability/AkraBazzi/SumTransform.olean: OK
.lake/packages/mathlib/.lake/build/lib/lean/Mathlib/Computability/ContextFreeGrammar.olean: OK
.lake/packages/mathlib/.lake/build/lib/lean/Mathlib/Computability/DFA.olean: OK
.lake/packages/mathlib/.lake/build/lib/lean/Mathlib/Computability/Encoding.olean: OK
.lake/packages/mathlib/.lake/build/lib/lean/Mathlib/Computability/EpsilonNFA.olean: OK
.lake/packages/mathlib/.lake/build/lib/lean/Mathlib/Computability/Halting.olean: OK
.lake/packages/mathlib/.lake/build/lib/lean/Mathlib/Computability/Language.olean: OK
.lake/packages/mathlib/.lake/build/lib/lean/Mathlib/Computability/MyhillNerode.olean: OK
.lake/packages/mathlib/.lake/build/lib/lean/Mathlib/Computability/NFA.olean: OK
.lake/packages/mathlib/.lake/build/lib/lean/Mathlib/Computability/Partrec.olean: OK
.lake/packages/mathlib/.lake/build/lib/lean/Mathlib/Computability/PartrecBasis.olean: OK
.lake/packages/mathlib/.lake/build/lib/lean/Mathlib/Computability/PartrecCode.olean: OK
.lake/packages/mathlib/.lake/build/lib/lean/Mathlib/Computability/PostTuringMachine.olean: OK
.lake/packages/mathlib/.lake/build/lib/lean/Mathlib/Computability/Primrec.olean: OK
.lake/packages/mathlib/.lake/build/lib/lean/Mathlib/Computability/Primrec/Basic.olean: OK
.lake/packages/mathlib/.lake/build/lib/lean/Mathlib/Computability/Primrec/List.olean: OK
.lake/packages/mathlib/.lake/build/lib/lean/Mathlib/Computability/RE.olean: OK
.lake/packages/mathlib/.lake/build/lib/lean/Mathlib/Computability/RecursiveIn.olean: OK
.lake/packages/mathlib/.lake/build/lib/lean/Mathlib/Computability/Reduce.olean: OK
.lake/packages/mathlib/.lake/build/lib/lean/Mathlib/Computability/RegularExpressions.olean: OK
.lake/packages/mathlib/.lake/build/lib/lean/Mathlib/Computability/StateTransition.olean: OK
.lake/packages/mathlib/.lake/build/lib/lean/Mathlib/Computability/TMComputable.olean: OK
.lake/packages/mathlib/.lake/build/lib/lean/Mathlib/Computability/TMConfig.olean: OK
.lake/packages/mathlib/.lake/build/lib/lean/Mathlib/Computability/TMToPartrec.olean: OK
.lake/packages/mathlib/.lake/build/lib/lean/Mathlib/Computability/Tape.olean: OK
.lake/packages/mathlib/.lake/build/lib/lean/Mathlib/Computability/TuringDegree.olean: OK
.lake/packages/mathlib/.lake/build/lib/lean/Mathlib/Computability/TuringMachine.olean: OK
.lake/packages/mathlib/.lake/build/lib/lean/Mathlib/Computability/TuringMachine/Computable.olean: OK
.lake/packages/mathlib/.lake/build/lib/lean/Mathlib/Computability/TuringMachine/Config.olean: OK
.lake/packages/mathlib/.lake/build/lib/lean/Mathlib/Computability/TuringMachine/PostTuringMachine.olean: OK
.lake/packages/mathlib/.lake/build/lib/lean/Mathlib/Computability/TuringMachine/StackTuringMachine.olean: OK
.lake/packages/mathlib/.lake/build/lib/lean/Mathlib/Computability/TuringMachine/Tape.olean: OK
.lake/packages/mathlib/.lake/build/lib/lean/Mathlib/Computability/TuringMachine/ToPartrec.olean: OK
.lake/packages/mathlib/.lake/build/lib/lean/Mathlib/Condensed/AB.olean: OK
.lake/packages/mathlib/.lake/build/lib/lean/Mathlib/Condensed/Basic.olean: OK
.lake/packages/mathlib/.lake/build/lib/lean/Mathlib/Condensed/CartesianClosed.olean: OK
.lake/packages/mathlib/.lake/build/lib/lean/Mathlib/Condensed/Discrete/Basic.olean: OK
.lake/packages/mathlib/.lake/build/lib/lean/Mathlib/Condensed/Discrete/Characterization.olean: OK
.lake/packages/mathlib/.lake/build/lib/lean/Mathlib/Condensed/Discrete/Colimit.olean: OK
.lake/packages/mathlib/.lake/build/lib/lean/Mathlib/Condensed/Discrete/LocallyConstant.olean: OK
.lake/packages/mathlib/.lake/build/lib/lean/Mathlib/Condensed/Discrete/Module.olean: OK
.lake/packages/mathlib/.lake/build/lib/lean/Mathlib/Condensed/EffectiveEpi.olean: OK
.lake/packages/mathlib/.lake/build/lib/lean/Mathlib/Condensed/Epi.olean: OK
.lake/packages/mathlib/.lake/build/lib/lean/Mathlib/Condensed/Equivalence.olean: OK
.lake/packages/mathlib/.lake/build/lib/lean/Mathlib/Condensed/Explicit.olean: OK
.lake/packages/mathlib/.lake/build/lib/lean/Mathlib/Condensed/Functors.olean: OK
.lake/packages/mathlib/.lake/build/lib/lean/Mathlib/Condensed/Light/AB.olean: OK
.lake/packages/mathlib/.lake/build/lib/lean/Mathlib/Condensed/Light/Basic.olean: OK
.lake/packages/mathlib/.lake/build/lib/lean/Mathlib/Condensed/Light/CartesianClosed.olean: OK
.lake/packages/mathlib/.lake/build/lib/lean/Mathlib/Condensed/Light/EffectiveEpi.olean: OK
.lake/packages/mathlib/.lake/build/lib/lean/Mathlib/Condensed/Light/Epi.olean: OK
.lake/packages/mathlib/.lake/build/lib/lean/Mathlib/Condensed/Light/Explicit.olean: OK
.lake/packages/mathlib/.lake/build/lib/lean/Mathlib/Condensed/Light/Functors.olean: OK
.lake/packages/mathlib/.lake/build/lib/lean/Mathlib/Condensed/Light/Instances.olean: OK
.lake/packages/mathlib/.lake/build/lib/lean/Mathlib/Condensed/Light/InternallyProjective.olean: OK
.lake/packages/mathlib/.lake/build/lib/lean/Mathlib/Condensed/Light/Limits.olean: OK
.lake/packages/mathlib/.lake/build/lib/lean/Mathlib/Condensed/Light/Module.olean: OK
.lake/packages/mathlib/.lake/build/lib/lean/Mathlib/Condensed/Light/Monoidal.olean: OK
.lake/packages/mathlib/.lake/build/lib/lean/Mathlib/Condensed/Light/Sequence.olean: OK
.lake/packages/mathlib/.lake/build/lib/lean/Mathlib/Condensed/Light/Small.olean: OK
.lake/packages/mathlib/.lake/build/lib/lean/Mathlib/Condensed/Light/TopCatAdjunction.olean: OK
.lake/packages/mathlib/.lake/build/lib/lean/Mathlib/Condensed/Light/TopComparison.olean: OK
.lake/packages/mathlib/.lake/build/lib/lean/Mathlib/Condensed/Limits.olean: OK
.lake/packages/mathlib/.lake/build/lib/lean/Mathlib/Condensed/Module.olean: OK
.lake/packages/mathlib/.lake/build/lib/lean/Mathlib/Condensed/Solid.olean: OK
.lake/packages/mathlib/.lake/build/lib/lean/Mathlib/Condensed/TopCatAdjunction.olean: OK
.lake/packages/mathlib/.lake/build/lib/lean/Mathlib/Condensed/TopComparison.olean: OK
.lake/packages/mathlib/.lake/build/lib/lean/Mathlib/Control/Applicative.olean: OK
.lake/packages/mathlib/.lake/build/lib/lean/Mathlib/Control/Basic.olean: OK
.lake/packages/mathlib/.lake/build/lib/lean/Mathlib/Control/Bifunctor.olean: OK
.lake/packages/mathlib/.lake/build/lib/lean/Mathlib/Control/Bitraversable/Basic.olean: OK
.lake/packages/mathlib/.lake/build/lib/lean/Mathlib/Control/Bitraversable/Instances.olean: OK
.lake/packages/mathlib/.lake/build/lib/lean/Mathlib/Control/Bitraversable/Lemmas.olean: OK
.lake/packages/mathlib/.lake/build/lib/lean/Mathlib/Control/Combinators.olean: OK
.lake/packages/mathlib/.lake/build/lib/lean/Mathlib/Control/EquivFunctor.olean: OK
.lake/packages/mathlib/.lake/build/lib/lean/Mathlib/Control/EquivFunctor/Instances.olean: OK
.lake/packages/mathlib/.lake/build/lib/lean/Mathlib/Control/Fix.olean: OK
.lake/packages/mathlib/.lake/build/lib/lean/Mathlib/Control/Fold.olean: OK
.lake/packages/mathlib/.lake/build/lib/lean/Mathlib/Control/Functor.olean: OK
.lake/packages/mathlib/.lake/build/lib/lean/Mathlib/Control/Functor/Multivariate.olean: OK
.lake/packages/mathlib/.lake/build/lib/lean/Mathlib/Control/Lawful.olean: OK
.lake/packages/mathlib/.lake/build/lib/lean/Mathlib/Control/LawfulFix.olean: OK
.lake/packages/mathlib/.lake/build/lib/lean/Mathlib/Control/Monad/Basic.olean: OK
.lake/packages/mathlib/.lake/build/lib/lean/Mathlib/Control/Monad/Cont.olean: OK
.lake/packages/mathlib/.lake/build/lib/lean/Mathlib/Control/Monad/Writer.olean: OK
.lake/packages/mathlib/.lake/build/lib/lean/Mathlib/Control/Random.olean: OK
.lake/packages/mathlib/.lake/build/lib/lean/Mathlib/Control/Traversable/Basic.olean: OK
.lake/packages/mathlib/.lake/build/lib/lean/Mathlib/Control/Traversable/Equiv.olean: OK
.lake/packages/mathlib/.lake/build/lib/lean/Mathlib/Control/Traversable/Instances.olean: OK
.lake/packages/mathlib/.lake/build/lib/lean/Mathlib/Control/Traversable/Lemmas.olean: OK
.lake/packages/mathlib/.lake/build/lib/lean/Mathlib/Control/ULift.olean: OK
.lake/packages/mathlib/.lake/build/lib/lean/Mathlib/Control/ULiftable.olean: OK
.lake/packages/mathlib/.lake/build/lib/lean/Mathlib/Data/Analysis/Filter.olean: OK
.lake/packages/mathlib/.lake/build/lib/lean/Mathlib/Data/Analysis/Topology.olean: OK
.lake/packages/mathlib/.lake/build/lib/lean/Mathlib/Data/Array/Defs.olean: OK
.lake/packages/mathlib/.lake/build/lib/lean/Mathlib/Data/Array/Extract.olean: OK
.lake/packages/mathlib/.lake/build/lib/lean/Mathlib/Data/BitVec.olean: OK
.lake/packages/mathlib/.lake/build/lib/lean/Mathlib/Data/Bool/AllAny.olean: OK
.lake/packages/mathlib/.lake/build/lib/lean/Mathlib/Data/Bool/Basic.olean: OK
.lake/packages/mathlib/.lake/build/lib/lean/Mathlib/Data/Bool/Count.olean: OK
.lake/packages/mathlib/.lake/build/lib/lean/Mathlib/Data/Bool/Set.olean: OK
.lake/packages/mathlib/.lake/build/lib/lean/Mathlib/Data/Bracket.olean: OK
.lake/packages/mathlib/.lake/build/lib/lean/Mathlib/Data/Bundle.olean: OK
.lake/packages/mathlib/.lake/build/lib/lean/Mathlib/Data/Char.olean: OK
.lake/packages/mathlib/.lake/build/lib/lean/Mathlib/Data/Complex/Basic.olean: OK
.lake/packages/mathlib/.lake/build/lib/lean/Mathlib/Data/Complex/BigOperators.olean: OK
.lake/packages/mathlib/.lake/build/lib/lean/Mathlib/Data/Countable/Basic.olean: OK
.lake/packages/mathlib/.lake/build/lib/lean/Mathlib/Data/Countable/Defs.olean: OK
.lake/packages/mathlib/.lake/build/lib/lean/Mathlib/Data/Countable/Small.olean: OK
.lake/packages/mathlib/.lake/build/lib/lean/Mathlib/Data/DFinsupp/BigOperators.olean: OK
.lake/packages/mathlib/.lake/build/lib/lean/Mathlib/Data/DFinsupp/Defs.olean: OK
.lake/packages/mathlib/.lake/build/lib/lean/Mathlib/Data/DFinsupp/Encodable.olean: OK
.lake/packages/mathlib/.lake/build/lib/lean/Mathlib/Data/DFinsupp/Ext.olean: OK
.lake/packages/mathlib/.lake/build/lib/lean/Mathlib/Data/DFinsupp/FiniteInfinite.olean: OK
.lake/packages/mathlib/.lake/build/lib/lean/Mathlib/Data/DFinsupp/Interval.olean: OK
.lake/packages/mathlib/.lake/build/lib/lean/Mathlib/Data/DFinsupp/Lex.olean: OK
.lake/packages/mathlib/.lake/build/lib/lean/Mathlib/Data/DFinsupp/Module.olean: OK
.lake/packages/mathlib/.lake/build/lib/lean/Mathlib/Data/DFinsupp/Multiset.olean: OK
.lake/packages/mathlib/.lake/build/lib/lean/Mathlib/Data/DFinsupp/NeLocus.olean: OK
.lake/packages/mathlib/.lake/build/lib/lean/Mathlib/Data/DFinsupp/Notation.olean: OK
.lake/packages/mathlib/.lake/build/lib/lean/Mathlib/Data/DFinsupp/Order.olean: OK
.lake/packages/mathlib/.lake/build/lib/lean/Mathlib/Data/DFinsupp/Sigma.olean: OK
.lake/packages/mathlib/.lake/build/lib/lean/Mathlib/Data/DFinsupp/Small.olean: OK
.lake/packages/mathlib/.lake/build/lib/lean/Mathlib/Data/DFinsupp/Submonoid.olean: OK
.lake/packages/mathlib/.lake/build/lib/lean/Mathlib/Data/DFinsupp/WellFounded.olean: OK
.lake/packages/mathlib/.lake/build/lib/lean/Mathlib/Data/DList/Instances.olean: OK
.lake/packages/mathlib/.lake/build/lib/lean/Mathlib/Data/ENNReal/Action.olean: OK
.lake/packages/mathlib/.lake/build/lib/lean/Mathlib/Data/ENNReal/Basic.olean: OK
.lake/packages/mathlib/.lake/build/lib/lean/Mathlib/Data/ENNReal/BigOperators.olean: OK
.lake/packages/mathlib/.lake/build/lib/lean/Mathlib/Data/ENNReal/Holder.olean: OK
.lake/packages/mathlib/.lake/build/lib/lean/Mathlib/Data/ENNReal/Inv.olean: OK
.lake/packages/mathlib/.lake/build/lib/lean/Mathlib/Data/ENNReal/Lemmas.olean: OK
.lake/packages/mathlib/.lake/build/lib/lean/Mathlib/Data/ENNReal/Operations.olean: OK
.lake/packages/mathlib/.lake/build/lib/lean/Mathlib/Data/ENNReal/Real.olean: OK
.lake/packages/mathlib/.lake/build/lib/lean/Mathlib/Data/ENat/Basic.olean: OK
.lake/packages/mathlib/.lake/build/lib/lean/Mathlib/Data/ENat/BigOperators.olean: OK
.lake/packages/mathlib/.lake/build/lib/lean/Mathlib/Data/ENat/Defs.olean: OK
.lake/packages/mathlib/.lake/build/lib/lean/Mathlib/Data/ENat/Lattice.olean: OK
.lake/packages/mathlib/.lake/build/lib/lean/Mathlib/Data/ENat/Pow.olean: OK
.lake/packages/mathlib/.lake/build/lib/lean/Mathlib/Data/EReal/Basic.olean: OK
.lake/packages/mathlib/.lake/build/lib/lean/Mathlib/Data/EReal/Inv.olean: OK
.lake/packages/mathlib/.lake/build/lib/lean/Mathlib/Data/EReal/Operations.olean: OK
.lake/packages/mathlib/.lake/build/lib/lean/Mathlib/Data/Erased.olean: OK
.lake/packages/mathlib/.lake/build/lib/lean/Mathlib/Data/FP/Basic.olean: OK
.lake/packages/mathlib/.lake/build/lib/lean/Mathlib/Data/Fin/Basic.olean: OK
.lake/packages/mathlib/.lake/build/lib/lean/Mathlib/Data/Fin/Embedding.olean: OK
.lake/packages/mathlib/.lake/build/lib/lean/Mathlib/Data/Fin/Fin2.olean: OK
.lake/packages/mathlib/.lake/build/lib/lean/Mathlib/Data/Fin/FlagRange.olean: OK
.lake/packages/mathlib/.lake/build/lib/lean/Mathlib/Data/Fin/Parity.olean: OK
.lake/packages/mathlib/.lake/build/lib/lean/Mathlib/Data/Fin/Pigeonhole.olean: OK
.lake/packages/mathlib/.lake/build/lib/lean/Mathlib/Data/Fin/Rev.olean: OK
.lake/packages/mathlib/.lake/build/lib/lean/Mathlib/Data/Fin/SuccPred.olean: OK
.lake/packages/mathlib/.lake/build/lib/lean/Mathlib/Data/Fin/SuccPredOrder.olean: OK
.lake/packages/mathlib/.lake/build/lib/lean/Mathlib/Data/Fin/Tuple/Basic.olean: OK
.lake/packages/mathlib/.lake/build/lib/lean/Mathlib/Data/Fin/Tuple/BubbleSortInduction.olean: OK
.lake/packages/mathlib/.lake/build/lib/lean/Mathlib/Data/Fin/Tuple/Curry.olean: OK
.lake/packages/mathlib/.lake/build/lib/lean/Mathlib/Data/Fin/Tuple/Embedding.olean: OK
.lake/packages/mathlib/.lake/build/lib/lean/Mathlib/Data/Fin/Tuple/Finset.olean: OK
.lake/packages/mathlib/.lake/build/lib/lean/Mathlib/Data/Fin/Tuple/NatAntidiagonal.olean: OK
.lake/packages/mathlib/.lake/build/lib/lean/Mathlib/Data/Fin/Tuple/Reflection.olean: OK
.lake/packages/mathlib/.lake/build/lib/lean/Mathlib/Data/Fin/Tuple/Sort.olean: OK
.lake/packages/mathlib/.lake/build/lib/lean/Mathlib/Data/Fin/Tuple/Take.olean: OK
.lake/packages/mathlib/.lake/build/lib/lean/Mathlib/Data/Fin/VecNotation.olean: OK
.lake/packages/mathlib/.lake/build/lib/lean/Mathlib/Data/FinEnum.olean: OK
.lake/packages/mathlib/.lake/build/lib/lean/Mathlib/Data/FinEnum/Option.olean: OK
.lake/packages/mathlib/.lake/build/lib/lean/Mathlib/Data/Finite/Card.olean: OK
.lake/packages/mathlib/.lake/build/lib/lean/Mathlib/Data/Finite/Defs.olean: OK
.lake/packages/mathlib/.lake/build/lib/lean/Mathlib/Data/Finite/Perm.olean: OK
.lake/packages/mathlib/.lake/build/lib/lean/Mathlib/Data/Finite/Prod.olean: OK
.lake/packages/mathlib/.lake/build/lib/lean/Mathlib/Data/Finite/Set.olean: OK
.lake/packages/mathlib/.lake/build/lib/lean/Mathlib/Data/Finite/Sigma.olean: OK
.lake/packages/mathlib/.lake/build/lib/lean/Mathlib/Data/Finite/Sum.olean: OK
.lake/packages/mathlib/.lake/build/lib/lean/Mathlib/Data/Finite/Vector.olean: OK
.lake/packages/mathlib/.lake/build/lib/lean/Mathlib/Data/Finmap.olean: OK
.lake/packages/mathlib/.lake/build/lib/lean/Mathlib/Data/Finset/Attach.olean: OK
.lake/packages/mathlib/.lake/build/lib/lean/Mathlib/Data/Finset/Attr.olean: OK
.lake/packages/mathlib/.lake/build/lib/lean/Mathlib/Data/Finset/Basic.olean: OK
.lake/packages/mathlib/.lake/build/lib/lean/Mathlib/Data/Finset/BooleanAlgebra.olean: OK
.lake/packages/mathlib/.lake/build/lib/lean/Mathlib/Data/Finset/Card.olean: OK
.lake/packages/mathlib/.lake/build/lib/lean/Mathlib/Data/Finset/CastCard.olean: OK
.lake/packages/mathlib/.lake/build/lib/lean/Mathlib/Data/Finset/Dedup.olean: OK
.lake/packages/mathlib/.lake/build/lib/lean/Mathlib/Data/Finset/Defs.olean: OK
.lake/packages/mathlib/.lake/build/lib/lean/Mathlib/Data/Finset/DenselyOrdered.olean: OK
.lake/packages/mathlib/.lake/build/lib/lean/Mathlib/Data/Finset/Density.olean: OK
.lake/packages/mathlib/.lake/build/lib/lean/Mathlib/Data/Finset/Disjoint.olean: OK
.lake/packages/mathlib/.lake/build/lib/lean/Mathlib/Data/Finset/Empty.olean: OK
.lake/packages/mathlib/.lake/build/lib/lean/Mathlib/Data/Finset/Erase.olean: OK
.lake/packages/mathlib/.lake/build/lib/lean/Mathlib/Data/Finset/Filter.olean: OK
.lake/packages/mathlib/.lake/build/lib/lean/Mathlib/Data/Finset/Fin.olean: OK
.lake/packages/mathlib/.lake/build/lib/lean/Mathlib/Data/Finset/Finsupp.olean: OK
.lake/packages/mathlib/.lake/build/lib/lean/Mathlib/Data/Finset/Fold.olean: OK
.lake/packages/mathlib/.lake/build/lib/lean/Mathlib/Data/Finset/Functor.olean: OK
.lake/packages/mathlib/.lake/build/lib/lean/Mathlib/Data/Finset/Grade.olean: OK
.lake/packages/mathlib/.lake/build/lib/lean/Mathlib/Data/Finset/Image.olean: OK
.lake/packages/mathlib/.lake/build/lib/lean/Mathlib/Data/Finset/Insert.olean: OK
.lake/packages/mathlib/.lake/build/lib/lean/Mathlib/Data/Finset/Interval.olean: OK
.lake/packages/mathlib/.lake/build/lib/lean/Mathlib/Data/Finset/Lattice/Basic.olean: OK
.lake/packages/mathlib/.lake/build/lib/lean/Mathlib/Data/Finset/Lattice/Fold.olean: OK
.lake/packages/mathlib/.lake/build/lib/lean/Mathlib/Data/Finset/Lattice/Lemmas.olean: OK
.lake/packages/mathlib/.lake/build/lib/lean/Mathlib/Data/Finset/Lattice/Pi.olean: OK
.lake/packages/mathlib/.lake/build/lib/lean/Mathlib/Data/Finset/Lattice/Prod.olean: OK
.lake/packages/mathlib/.lake/build/lib/lean/Mathlib/Data/Finset/Lattice/Union.olean: OK
.lake/packages/mathlib/.lake/build/lib/lean/Mathlib/Data/Finset/Max.olean: OK
.lake/packages/mathlib/.lake/build/lib/lean/Mathlib/Data/Finset/MulAntidiagonal.olean: OK
.lake/packages/mathlib/.lake/build/lib/lean/Mathlib/Data/Finset/NAry.olean: OK
.lake/packages/mathlib/.lake/build/lib/lean/Mathlib/Data/Finset/NatAntidiagonal.olean: OK
.lake/packages/mathlib/.lake/build/lib/lean/Mathlib/Data/Finset/NatDivisors.olean: OK
.lake/packages/mathlib/.lake/build/lib/lean/Mathlib/Data/Finset/NoncommProd.olean: OK
.lake/packages/mathlib/.lake/build/lib/lean/Mathlib/Data/Finset/Option.olean: OK
.lake/packages/mathlib/.lake/build/lib/lean/Mathlib/Data/Finset/Order.olean: OK
.lake/packages/mathlib/.lake/build/lib/lean/Mathlib/Data/Finset/PImage.olean: OK
.lake/packages/mathlib/.lake/build/lib/lean/Mathlib/Data/Finset/Pairwise.olean: OK
.lake/packages/mathlib/.lake/build/lib/lean/Mathlib/Data/Finset/Pi.olean: OK
.lake/packages/mathlib/.lake/build/lib/lean/Mathlib/Data/Finset/PiInduction.olean: OK
.lake/packages/mathlib/.lake/build/lib/lean/Mathlib/Data/Finset/Piecewise.olean: OK
.lake/packages/mathlib/.lake/build/lib/lean/Mathlib/Data/Finset/Powerset.olean: OK
.lake/packages/mathlib/.lake/build/lib/lean/Mathlib/Data/Finset/Preimage.olean: OK
.lake/packages/mathlib/.lake/build/lib/lean/Mathlib/Data/Finset/Prod.olean: OK
.lake/packages/mathlib/.lake/build/lib/lean/Mathlib/Data/Finset/Range.olean: OK
.lake/packages/mathlib/.lake/build/lib/lean/Mathlib/Data/Finset/SDiff.olean: OK
.lake/packages/mathlib/.lake/build/lib/lean/Mathlib/Data/Finset/SMulAntidiagonal.olean: OK
.lake/packages/mathlib/.lake/build/lib/lean/Mathlib/Data/Finset/Sigma.olean: OK
.lake/packages/mathlib/.lake/build/lib/lean/Mathlib/Data/Finset/Slice.olean: OK
.lake/packages/mathlib/.lake/build/lib/lean/Mathlib/Data/Finset/Sort.olean: OK
.lake/packages/mathlib/.lake/build/lib/lean/Mathlib/Data/Finset/Sum.olean: OK
.lake/packages/mathlib/.lake/build/lib/lean/Mathlib/Data/Finset/Sups.olean: OK
.lake/packages/mathlib/.lake/build/lib/lean/Mathlib/Data/Finset/Sym.olean: OK
.lake/packages/mathlib/.lake/build/lib/lean/Mathlib/Data/Finset/SymmDiff.olean: OK
.lake/packages/mathlib/.lake/build/lib/lean/Mathlib/Data/Finset/Union.olean: OK
.lake/packages/mathlib/.lake/build/lib/lean/Mathlib/Data/Finset/Update.olean: OK
.lake/packages/mathlib/.lake/build/lib/lean/Mathlib/Data/Finsupp/AList.olean: OK
.lake/packages/mathlib/.lake/build/lib/lean/Mathlib/Data/Finsupp/Antidiagonal.olean: OK
.lake/packages/mathlib/.lake/build/lib/lean/Mathlib/Data/Finsupp/Basic.olean: OK
.lake/packages/mathlib/.lake/build/lib/lean/Mathlib/Data/Finsupp/BigOperators.olean: OK
.lake/packages/mathlib/.lake/build/lib/lean/Mathlib/Data/Finsupp/Defs.olean: OK
.lake/packages/mathlib/.lake/build/lib/lean/Mathlib/Data/Finsupp/Encodable.olean: OK
.lake/packages/mathlib/.lake/build/lib/lean/Mathlib/Data/Finsupp/Ext.olean: OK
.lake/packages/mathlib/.lake/build/lib/lean/Mathlib/Data/Finsupp/Fin.olean: OK
.lake/packages/mathlib/.lake/build/lib/lean/Mathlib/Data/Finsupp/Fintype.olean: OK
.lake/packages/mathlib/.lake/build/lib/lean/Mathlib/Data/Finsupp/Indicator.olean: OK
.lake/packages/mathlib/.lake/build/lib/lean/Mathlib/Data/Finsupp/Interval.olean: OK
.lake/packages/mathlib/.lake/build/lib/lean/Mathlib/Data/Finsupp/Lex.olean: OK
.lake/packages/mathlib/.lake/build/lib/lean/Mathlib/Data/Finsupp/MonomialOrder.olean: OK
.lake/packages/mathlib/.lake/build/lib/lean/Mathlib/Data/Finsupp/MonomialOrder/DegLex.olean: OK
.lake/packages/mathlib/.lake/build/lib/lean/Mathlib/Data/Finsupp/Multiset.olean: OK
.lake/packages/mathlib/.lake/build/lib/lean/Mathlib/Data/Finsupp/NeLocus.olean: OK
.lake/packages/mathlib/.lake/build/lib/lean/Mathlib/Data/Finsupp/Notation.olean: OK
.lake/packages/mathlib/.lake/build/lib/lean/Mathlib/Data/Finsupp/Option.olean: OK
.lake/packages/mathlib/.lake/build/lib/lean/Mathlib/Data/Finsupp/Order.olean: OK
.lake/packages/mathlib/.lake/build/lib/lean/Mathlib/Data/Finsupp/PWO.olean: OK
.lake/packages/mathlib/.lake/build/lib/lean/Mathlib/Data/Finsupp/Pointwise.olean: OK
.lake/packages/mathlib/.lake/build/lib/lean/Mathlib/Data/Finsupp/PointwiseSMul.olean: OK
.lake/packages/mathlib/.lake/build/lib/lean/Mathlib/Data/Finsupp/SMul.olean: OK
.lake/packages/mathlib/.lake/build/lib/lean/Mathlib/Data/Finsupp/SMulWithZero.olean: OK
.lake/packages/mathlib/.lake/build/lib/lean/Mathlib/Data/Finsupp/Sigma.olean: OK
.lake/packages/mathlib/.lake/build/lib/lean/Mathlib/Data/Finsupp/Single.olean: OK
.lake/packages/mathlib/.lake/build/lib/lean/Mathlib/Data/Finsupp/ToDFinsupp.olean: OK
.lake/packages/mathlib/.lake/build/lib/lean/Mathlib/Data/Finsupp/Weight.olean: OK
.lake/packages/mathlib/.lake/build/lib/lean/Mathlib/Data/Finsupp/WellFounded.olean: OK
.lake/packages/mathlib/.lake/build/lib/lean/Mathlib/Data/Fintype/Basic.olean: OK
.lake/packages/mathlib/.lake/build/lib/lean/Mathlib/Data/Fintype/BigOperators.olean: OK
.lake/packages/mathlib/.lake/build/lib/lean/Mathlib/Data/Fintype/Card.olean: OK
.lake/packages/mathlib/.lake/build/lib/lean/Mathlib/Data/Fintype/CardEmbedding.olean: OK
.lake/packages/mathlib/.lake/build/lib/lean/Mathlib/Data/Fintype/Defs.olean: OK
.lake/packages/mathlib/.lake/build/lib/lean/Mathlib/Data/Fintype/EquivFin.olean: OK
.lake/packages/mathlib/.lake/build/lib/lean/Mathlib/Data/Fintype/Fin.olean: OK
.lake/packages/mathlib/.lake/build/lib/lean/Mathlib/Data/Fintype/Inv.olean: OK
.lake/packages/mathlib/.lake/build/lib/lean/Mathlib/Data/Fintype/Lattice.olean: OK
.lake/packages/mathlib/.lake/build/lib/lean/Mathlib/Data/Fintype/List.olean: OK
.lake/packages/mathlib/.lake/build/lib/lean/Mathlib/Data/Fintype/OfMap.olean: OK
.lake/packages/mathlib/.lake/build/lib/lean/Mathlib/Data/Fintype/Option.olean: OK
.lake/packages/mathlib/.lake/build/lib/lean/Mathlib/Data/Fintype/Order.olean: OK
.lake/packages/mathlib/.lake/build/lib/lean/Mathlib/Data/Fintype/Parity.olean: OK
.lake/packages/mathlib/.lake/build/lib/lean/Mathlib/Data/Fintype/Perm.olean: OK
.lake/packages/mathlib/.lake/build/lib/lean/Mathlib/Data/Fintype/Pi.olean: OK
.lake/packages/mathlib/.lake/build/lib/lean/Mathlib/Data/Fintype/Pigeonhole.olean: OK
.lake/packages/mathlib/.lake/build/lib/lean/Mathlib/Data/Fintype/Powerset.olean: OK
.lake/packages/mathlib/.lake/build/lib/lean/Mathlib/Data/Fintype/Prod.olean: OK
.lake/packages/mathlib/.lake/build/lib/lean/Mathlib/Data/Fintype/Quotient.olean: OK
.lake/packages/mathlib/.lake/build/lib/lean/Mathlib/Data/Fintype/Sets.olean: OK
.lake/packages/mathlib/.lake/build/lib/lean/Mathlib/Data/Fintype/Shrink.olean: OK
.lake/packages/mathlib/.lake/build/lib/lean/Mathlib/Data/Fintype/Sigma.olean: OK
.lake/packages/mathlib/.lake/build/lib/lean/Mathlib/Data/Fintype/Sort.olean: OK
.lake/packages/mathlib/.lake/build/lib/lean/Mathlib/Data/Fintype/Sum.olean: OK
.lake/packages/mathlib/.lake/build/lib/lean/Mathlib/Data/Fintype/Units.olean: OK
.lake/packages/mathlib/.lake/build/lib/lean/Mathlib/Data/Fintype/Vector.olean: OK
.lake/packages/mathlib/.lake/build/lib/lean/Mathlib/Data/Fintype/WithTopBot.olean: OK
.lake/packages/mathlib/.lake/build/lib/lean/Mathlib/Data/FunLike/Basic.olean: OK
.lake/packages/mathlib/.lake/build/lib/lean/Mathlib/Data/FunLike/Embedding.olean: OK
.lake/packages/mathlib/.lake/build/lib/lean/Mathlib/Data/FunLike/Equiv.olean: OK
.lake/packages/mathlib/.lake/build/lib/lean/Mathlib/Data/FunLike/Fintype.olean: OK
.lake/packages/mathlib/.lake/build/lib/lean/Mathlib/Data/FunLike/Graded.olean: OK
.lake/packages/mathlib/.lake/build/lib/lean/Mathlib/Data/FunLike/Group.olean: OK
.lake/packages/mathlib/.lake/build/lib/lean/Mathlib/Data/FunLike/IsApply.olean: OK
.lake/packages/mathlib/.lake/build/lib/lean/Mathlib/Data/FunLike/Module.olean: OK
.lake/packages/mathlib/.lake/build/lib/lean/Mathlib/Data/FunLike/Ring.olean: OK
.lake/packages/mathlib/.lake/build/lib/lean/Mathlib/Data/Holor.olean: OK
.lake/packages/mathlib/.lake/build/lib/lean/Mathlib/Data/Ineq.olean: OK
.lake/packages/mathlib/.lake/build/lib/lean/Mathlib/Data/Int/AbsoluteValue.olean: OK
.lake/packages/mathlib/.lake/build/lib/lean/Mathlib/Data/Int/Associated.olean: OK
.lake/packages/mathlib/.lake/build/lib/lean/Mathlib/Data/Int/Basic.olean: OK
.lake/packages/mathlib/.lake/build/lib/lean/Mathlib/Data/Int/Bitwise.olean: OK
.lake/packages/mathlib/.lake/build/lib/lean/Mathlib/Data/Int/CardIntervalMod.olean: OK
.lake/packages/mathlib/.lake/build/lib/lean/Mathlib/Data/Int/Cast/Basic.olean: OK
.lake/packages/mathlib/.lake/build/lib/lean/Mathlib/Data/Int/Cast/Defs.olean: OK
.lake/packages/mathlib/.lake/build/lib/lean/Mathlib/Data/Int/Cast/Field.olean: OK
.lake/packages/mathlib/.lake/build/lib/lean/Mathlib/Data/Int/Cast/Lemmas.olean: OK
.lake/packages/mathlib/.lake/build/lib/lean/Mathlib/Data/Int/Cast/Pi.olean: OK
.lake/packages/mathlib/.lake/build/lib/lean/Mathlib/Data/Int/Cast/Prod.olean: OK
.lake/packages/mathlib/.lake/build/lib/lean/Mathlib/Data/Int/CharZero.olean: OK
.lake/packages/mathlib/.lake/build/lib/lean/Mathlib/Data/Int/ConditionallyCompleteOrder.olean: OK
.lake/packages/mathlib/.lake/build/lib/lean/Mathlib/Data/Int/DivMod.olean: OK
.lake/packages/mathlib/.lake/build/lib/lean/Mathlib/Data/Int/Fib/Basic.olean: OK
.lake/packages/mathlib/.lake/build/lib/lean/Mathlib/Data/Int/Fib/Lemmas.olean: OK
.lake/packages/mathlib/.lake/build/lib/lean/Mathlib/Data/Int/GCD.olean: OK
.lake/packages/mathlib/.lake/build/lib/lean/Mathlib/Data/Int/Init.olean: OK
.lake/packages/mathlib/.lake/build/lib/lean/Mathlib/Data/Int/Interval.olean: OK
.lake/packages/mathlib/.lake/build/lib/lean/Mathlib/Data/Int/LeastGreatest.olean: OK
.lake/packages/mathlib/.lake/build/lib/lean/Mathlib/Data/Int/Lemmas.olean: OK
.lake/packages/mathlib/.lake/build/lib/lean/Mathlib/Data/Int/Log.olean: OK
.lake/packages/mathlib/.lake/build/lib/lean/Mathlib/Data/Int/ModEq.olean: OK
.lake/packages/mathlib/.lake/build/lib/lean/Mathlib/Data/Int/NatAbs.olean: OK
.lake/packages/mathlib/.lake/build/lib/lean/Mathlib/Data/Int/NatPrime.olean: OK
.lake/packages/mathlib/.lake/build/lib/lean/Mathlib/Data/Int/Notation.olean: OK
.lake/packages/mathlib/.lake/build/lib/lean/Mathlib/Data/Int/Order/Basic.olean: OK
.lake/packages/mathlib/.lake/build/lib/lean/Mathlib/Data/Int/Order/Lemmas.olean: OK
.lake/packages/mathlib/.lake/build/lib/lean/Mathlib/Data/Int/Order/Units.olean: OK
.lake/packages/mathlib/.lake/build/lib/lean/Mathlib/Data/Int/Range.olean: OK
.lake/packages/mathlib/.lake/build/lib/lean/Mathlib/Data/Int/Sqrt.olean: OK
.lake/packages/mathlib/.lake/build/lib/lean/Mathlib/Data/Int/Star.olean: OK
.lake/packages/mathlib/.lake/build/lib/lean/Mathlib/Data/Int/SuccPred.olean: OK
.lake/packages/mathlib/.lake/build/lib/lean/Mathlib/Data/Int/WithZero.olean: OK
.lake/packages/mathlib/.lake/build/lib/lean/Mathlib/Data/List/AList.olean: OK
.lake/packages/mathlib/.lake/build/lib/lean/Mathlib/Data/List/Basic.olean: OK
.lake/packages/mathlib/.lake/build/lib/lean/Mathlib/Data/List/Chain.olean: OK
.lake/packages/mathlib/.lake/build/lib/lean/Mathlib/Data/List/ChainOfFn.olean: OK
.lake/packages/mathlib/.lake/build/lib/lean/Mathlib/Data/List/Count.olean: OK
.lake/packages/mathlib/.lake/build/lib/lean/Mathlib/Data/List/Cycle.olean: OK
.lake/packages/mathlib/.lake/build/lib/lean/Mathlib/Data/List/Dedup.olean: OK
.lake/packages/mathlib/.lake/build/lib/lean/Mathlib/Data/List/Defs.olean: OK
.lake/packages/mathlib/.lake/build/lib/lean/Mathlib/Data/List/Destutter.olean: OK
.lake/packages/mathlib/.lake/build/lib/lean/Mathlib/Data/List/DropRight.olean: OK
.lake/packages/mathlib/.lake/build/lib/lean/Mathlib/Data/List/Duplicate.olean: OK
.lake/packages/mathlib/.lake/build/lib/lean/Mathlib/Data/List/Enum.olean: OK
.lake/packages/mathlib/.lake/build/lib/lean/Mathlib/Data/List/FinRange.olean: OK
.lake/packages/mathlib/.lake/build/lib/lean/Mathlib/Data/List/Flatten.olean: OK
.lake/packages/mathlib/.lake/build/lib/lean/Mathlib/Data/List/Fold.olean: OK
.lake/packages/mathlib/.lake/build/lib/lean/Mathlib/Data/List/Forall2.olean: OK
.lake/packages/mathlib/.lake/build/lib/lean/Mathlib/Data/List/GetD.olean: OK
.lake/packages/mathlib/.lake/build/lib/lean/Mathlib/Data/List/Indexes.olean: OK
.lake/packages/mathlib/.lake/build/lib/lean/Mathlib/Data/List/Induction.olean: OK
.lake/packages/mathlib/.lake/build/lib/lean/Mathlib/Data/List/Infix.olean: OK
.lake/packages/mathlib/.lake/build/lib/lean/Mathlib/Data/List/InsertIdx.olean: OK
.lake/packages/mathlib/.lake/build/lib/lean/Mathlib/Data/List/InsertNth.olean: OK
.lake/packages/mathlib/.lake/build/lib/lean/Mathlib/Data/List/Intervals.olean: OK
.lake/packages/mathlib/.lake/build/lib/lean/Mathlib/Data/List/Iterate.olean: OK
.lake/packages/mathlib/.lake/build/lib/lean/Mathlib/Data/List/Lattice.olean: OK
.lake/packages/mathlib/.lake/build/lib/lean/Mathlib/Data/List/Lemmas.olean: OK
.lake/packages/mathlib/.lake/build/lib/lean/Mathlib/Data/List/Lex.olean: OK
.lake/packages/mathlib/.lake/build/lib/lean/Mathlib/Data/List/Lookmap.olean: OK
.lake/packages/mathlib/.lake/build/lib/lean/Mathlib/Data/List/Map2.olean: OK
.lake/packages/mathlib/.lake/build/lib/lean/Mathlib/Data/List/MinMax.olean: OK
.lake/packages/mathlib/.lake/build/lib/lean/Mathlib/Data/List/ModifyLast.olean: OK
.lake/packages/mathlib/.lake/build/lib/lean/Mathlib/Data/List/Monad.olean: OK
.lake/packages/mathlib/.lake/build/lib/lean/Mathlib/Data/List/NatAntidiagonal.olean: OK
.lake/packages/mathlib/.lake/build/lib/lean/Mathlib/Data/List/Nodup.olean: OK
.lake/packages/mathlib/.lake/build/lib/lean/Mathlib/Data/List/NodupEquivFin.olean: OK
.lake/packages/mathlib/.lake/build/lib/lean/Mathlib/Data/List/OfFn.olean: OK
.lake/packages/mathlib/.lake/build/lib/lean/Mathlib/Data/List/OffDiag.olean: OK
.lake/packages/mathlib/.lake/build/lib/lean/Mathlib/Data/List/Pairwise.olean: OK
.lake/packages/mathlib/.lake/build/lib/lean/Mathlib/Data/List/Palindrome.olean: OK
.lake/packages/mathlib/.lake/build/lib/lean/Mathlib/Data/List/PeriodicityLemma.olean: OK
.lake/packages/mathlib/.lake/build/lib/lean/Mathlib/Data/List/Perm/Basic.olean: OK
.lake/packages/mathlib/.lake/build/lib/lean/Mathlib/Data/List/Perm/Lattice.olean: OK
.lake/packages/mathlib/.lake/build/lib/lean/Mathlib/Data/List/Perm/Subperm.olean: OK
.lake/packages/mathlib/.lake/build/lib/lean/Mathlib/Data/List/Permutation.olean: OK
.lake/packages/mathlib/.lake/build/lib/lean/Mathlib/Data/List/Pi.olean: OK
.lake/packages/mathlib/.lake/build/lib/lean/Mathlib/Data/List/Prime.olean: OK
.lake/packages/mathlib/.lake/build/lib/lean/Mathlib/Data/List/ProdSigma.olean: OK
.lake/packages/mathlib/.lake/build/lib/lean/Mathlib/Data/List/Range.olean: OK
.lake/packages/mathlib/.lake/build/lib/lean/Mathlib/Data/List/ReduceOption.olean: OK
.lake/packages/mathlib/.lake/build/lib/lean/Mathlib/Data/List/Rotate.olean: OK
.lake/packages/mathlib/.lake/build/lib/lean/Mathlib/Data/List/Sections.olean: OK
.lake/packages/mathlib/.lake/build/lib/lean/Mathlib/Data/List/Shortlex.olean: OK
.lake/packages/mathlib/.lake/build/lib/lean/Mathlib/Data/List/Sigma.olean: OK
.lake/packages/mathlib/.lake/build/lib/lean/Mathlib/Data/List/Sort.olean: OK
.lake/packages/mathlib/.lake/build/lib/lean/Mathlib/Data/List/SplitBy.olean: OK
.lake/packages/mathlib/.lake/build/lib/lean/Mathlib/Data/List/SplitLengths.olean: OK
.lake/packages/mathlib/.lake/build/lib/lean/Mathlib/Data/List/SplitOn.olean: OK
.lake/packages/mathlib/.lake/build/lib/lean/Mathlib/Data/List/Sublists.olean: OK
.lake/packages/mathlib/.lake/build/lib/lean/Mathlib/Data/List/Sym.olean: OK
.lake/packages/mathlib/.lake/build/lib/lean/Mathlib/Data/List/TFAE.olean: OK
.lake/packages/mathlib/.lake/build/lib/lean/Mathlib/Data/List/TakeDrop.olean: OK
.lake/packages/mathlib/.lake/build/lib/lean/Mathlib/Data/List/TakeWhile.olean: OK
.lake/packages/mathlib/.lake/build/lib/lean/Mathlib/Data/List/ToFinsupp.olean: OK
.lake/packages/mathlib/.lake/build/lib/lean/Mathlib/Data/List/Triplewise.olean: OK
.lake/packages/mathlib/.lake/build/lib/lean/Mathlib/Data/List/Zip.olean: OK
.lake/packages/mathlib/.lake/build/lib/lean/Mathlib/Data/Matrix/Action.olean: OK
.lake/packages/mathlib/.lake/build/lib/lean/Mathlib/Data/Matrix/Auto.olean: OK
.lake/packages/mathlib/.lake/build/lib/lean/Mathlib/Data/Matrix/Basic.olean: OK
.lake/packages/mathlib/.lake/build/lib/lean/Mathlib/Data/Matrix/Basis.olean: OK
.lake/packages/mathlib/.lake/build/lib/lean/Mathlib/Data/Matrix/Bilinear.olean: OK
.lake/packages/mathlib/.lake/build/lib/lean/Mathlib/Data/Matrix/Block.olean: OK
.lake/packages/mathlib/.lake/build/lib/lean/Mathlib/Data/Matrix/Cartan.olean: OK
.lake/packages/mathlib/.lake/build/lib/lean/Mathlib/Data/Matrix/ColumnRowPartitioned.olean: OK
.lake/packages/mathlib/.lake/build/lib/lean/Mathlib/Data/Matrix/Composition.olean: OK
.lake/packages/mathlib/.lake/build/lib/lean/Mathlib/Data/Matrix/DMatrix.olean: OK
.lake/packages/mathlib/.lake/build/lib/lean/Mathlib/Data/Matrix/Diagonal.olean: OK
.lake/packages/mathlib/.lake/build/lib/lean/Mathlib/Data/Matrix/DualNumber.olean: OK
.lake/packages/mathlib/.lake/build/lib/lean/Mathlib/Data/Matrix/Invertible.olean: OK
.lake/packages/mathlib/.lake/build/lib/lean/Mathlib/Data/Matrix/Mul.olean: OK
.lake/packages/mathlib/.lake/build/lib/lean/Mathlib/Data/Matrix/PEquiv.olean: OK
.lake/packages/mathlib/.lake/build/lib/lean/Mathlib/Data/Matrix/Reflection.olean: OK
.lake/packages/mathlib/.lake/build/lib/lean/Mathlib/Data/Multiset/AddSub.olean: OK
.lake/packages/mathlib/.lake/build/lib/lean/Mathlib/Data/Multiset/Antidiagonal.olean: OK
.lake/packages/mathlib/.lake/build/lib/lean/Mathlib/Data/Multiset/Basic.olean: OK
.lake/packages/mathlib/.lake/build/lib/lean/Mathlib/Data/Multiset/Bind.olean: OK
.lake/packages/mathlib/.lake/build/lib/lean/Mathlib/Data/Multiset/Count.olean: OK
.lake/packages/mathlib/.lake/build/lib/lean/Mathlib/Data/Multiset/Dedup.olean: OK
.lake/packages/mathlib/.lake/build/lib/lean/Mathlib/Data/Multiset/Defs.olean: OK
.lake/packages/mathlib/.lake/build/lib/lean/Mathlib/Data/Multiset/DershowitzManna.olean: OK
.lake/packages/mathlib/.lake/build/lib/lean/Mathlib/Data/Multiset/Filter.olean: OK
.lake/packages/mathlib/.lake/build/lib/lean/Mathlib/Data/Multiset/FinsetOps.olean: OK
.lake/packages/mathlib/.lake/build/lib/lean/Mathlib/Data/Multiset/Fintype.olean: OK
.lake/packages/mathlib/.lake/build/lib/lean/Mathlib/Data/Multiset/Fold.olean: OK
.lake/packages/mathlib/.lake/build/lib/lean/Mathlib/Data/Multiset/Functor.olean: OK
.lake/packages/mathlib/.lake/build/lib/lean/Mathlib/Data/Multiset/Interval.olean: OK
.lake/packages/mathlib/.lake/build/lib/lean/Mathlib/Data/Multiset/Lattice.olean: OK
.lake/packages/mathlib/.lake/build/lib/lean/Mathlib/Data/Multiset/MapFold.olean: OK
.lake/packages/mathlib/.lake/build/lib/lean/Mathlib/Data/Multiset/NatAntidiagonal.olean: OK
.lake/packages/mathlib/.lake/build/lib/lean/Mathlib/Data/Multiset/OrderedMonoid.olean: OK
.lake/packages/mathlib/.lake/build/lib/lean/Mathlib/Data/Multiset/Pairwise.olean: OK
.lake/packages/mathlib/.lake/build/lib/lean/Mathlib/Data/Multiset/Pi.olean: OK
.lake/packages/mathlib/.lake/build/lib/lean/Mathlib/Data/Multiset/Powerset.olean: OK
.lake/packages/mathlib/.lake/build/lib/lean/Mathlib/Data/Multiset/Range.olean: OK
.lake/packages/mathlib/.lake/build/lib/lean/Mathlib/Data/Multiset/Replicate.olean: OK
.lake/packages/mathlib/.lake/build/lib/lean/Mathlib/Data/Multiset/Sections.olean: OK
.lake/packages/mathlib/.lake/build/lib/lean/Mathlib/Data/Multiset/Sort.olean: OK
.lake/packages/mathlib/.lake/build/lib/lean/Mathlib/Data/Multiset/Sum.olean: OK
.lake/packages/mathlib/.lake/build/lib/lean/Mathlib/Data/Multiset/Sym.olean: OK
.lake/packages/mathlib/.lake/build/lib/lean/Mathlib/Data/Multiset/UnionInter.olean: OK
.lake/packages/mathlib/.lake/build/lib/lean/Mathlib/Data/Multiset/ZeroCons.olean: OK
.lake/packages/mathlib/.lake/build/lib/lean/Mathlib/Data/NNRat/BigOperators.olean: OK
.lake/packages/mathlib/.lake/build/lib/lean/Mathlib/Data/NNRat/Defs.olean: OK
.lake/packages/mathlib/.lake/build/lib/lean/Mathlib/Data/NNRat/Encodable.olean: OK
.lake/packages/mathlib/.lake/build/lib/lean/Mathlib/Data/NNRat/Floor.olean: OK
.lake/packages/mathlib/.lake/build/lib/lean/Mathlib/Data/NNRat/Lemmas.olean: OK
.lake/packages/mathlib/.lake/build/lib/lean/Mathlib/Data/NNRat/Order.olean: OK
.lake/packages/mathlib/.lake/build/lib/lean/Mathlib/Data/NNReal/Basic.olean: OK
.lake/packages/mathlib/.lake/build/lib/lean/Mathlib/Data/NNReal/Defs.olean: OK
.lake/packages/mathlib/.lake/build/lib/lean/Mathlib/Data/NNReal/Star.olean: OK
.lake/packages/mathlib/.lake/build/lib/lean/Mathlib/Data/Nat/Basic.olean: OK
.lake/packages/mathlib/.lake/build/lib/lean/Mathlib/Data/Nat/BinaryRec.olean: OK
.lake/packages/mathlib/.lake/build/lib/lean/Mathlib/Data/Nat/BitIndices.olean: OK
.lake/packages/mathlib/.lake/build/lib/lean/Mathlib/Data/Nat/Bits.olean: OK
.lake/packages/mathlib/.lake/build/lib/lean/Mathlib/Data/Nat/Bitwise.olean: OK
.lake/packages/mathlib/.lake/build/lib/lean/Mathlib/Data/Nat/Cast/Basic.olean: OK
.lake/packages/mathlib/.lake/build/lib/lean/Mathlib/Data/Nat/Cast/Commute.olean: OK
.lake/packages/mathlib/.lake/build/lib/lean/Mathlib/Data/Nat/Cast/Defs.olean: OK
.lake/packages/mathlib/.lake/build/lib/lean/Mathlib/Data/Nat/Cast/Field.olean: OK
.lake/packages/mathlib/.lake/build/lib/lean/Mathlib/Data/Nat/Cast/NeZero.olean: OK
.lake/packages/mathlib/.lake/build/lib/lean/Mathlib/Data/Nat/Cast/Order/Basic.olean: OK
.lake/packages/mathlib/.lake/build/lib/lean/Mathlib/Data/Nat/Cast/Order/Field.olean: OK
.lake/packages/mathlib/.lake/build/lib/lean/Mathlib/Data/Nat/Cast/Order/Ring.olean: OK
.lake/packages/mathlib/.lake/build/lib/lean/Mathlib/Data/Nat/Cast/Prod.olean: OK
.lake/packages/mathlib/.lake/build/lib/lean/Mathlib/Data/Nat/Cast/SetInterval.olean: OK
.lake/packages/mathlib/.lake/build/lib/lean/Mathlib/Data/Nat/Cast/Synonym.olean: OK
.lake/packages/mathlib/.lake/build/lib/lean/Mathlib/Data/Nat/Cast/WithTop.olean: OK
.lake/packages/mathlib/.lake/build/lib/lean/Mathlib/Data/Nat/ChineseRemainder.olean: OK
.lake/packages/mathlib/.lake/build/lib/lean/Mathlib/Data/Nat/Choose/Basic.olean: OK
.lake/packages/mathlib/.lake/build/lib/lean/Mathlib/Data/Nat/Choose/Bounds.olean: OK
.lake/packages/mathlib/.lake/build/lib/lean/Mathlib/Data/Nat/Choose/Cast.olean: OK
.lake/packages/mathlib/.lake/build/lib/lean/Mathlib/Data/Nat/Choose/Central.olean: OK
.lake/packages/mathlib/.lake/build/lib/lean/Mathlib/Data/Nat/Choose/Dvd.olean: OK
.lake/packages/mathlib/.lake/build/lib/lean/Mathlib/Data/Nat/Choose/Factorization.olean: OK
.lake/packages/mathlib/.lake/build/lib/lean/Mathlib/Data/Nat/Choose/Lucas.olean: OK
.lake/packages/mathlib/.lake/build/lib/lean/Mathlib/Data/Nat/Choose/Mul.olean: OK
.lake/packages/mathlib/.lake/build/lib/lean/Mathlib/Data/Nat/Choose/Multinomial.olean: OK
.lake/packages/mathlib/.lake/build/lib/lean/Mathlib/Data/Nat/Choose/Sum.olean: OK
.lake/packages/mathlib/.lake/build/lib/lean/Mathlib/Data/Nat/Choose/Vandermonde.olean: OK
.lake/packages/mathlib/.lake/build/lib/lean/Mathlib/Data/Nat/Count.olean: OK
.lake/packages/mathlib/.lake/build/lib/lean/Mathlib/Data/Nat/Digits/Defs.olean: OK
.lake/packages/mathlib/.lake/build/lib/lean/Mathlib/Data/Nat/Digits/Div.olean: OK
.lake/packages/mathlib/.lake/build/lib/lean/Mathlib/Data/Nat/Digits/Lemmas.olean: OK
.lake/packages/mathlib/.lake/build/lib/lean/Mathlib/Data/Nat/Dist.olean: OK
.lake/packages/mathlib/.lake/build/lib/lean/Mathlib/Data/Nat/EvenOddRec.olean: OK
.lake/packages/mathlib/.lake/build/lib/lean/Mathlib/Data/Nat/Factorial/Basic.olean: OK
.lake/packages/mathlib/.lake/build/lib/lean/Mathlib/Data/Nat/Factorial/BigOperators.olean: OK
.lake/packages/mathlib/.lake/build/lib/lean/Mathlib/Data/Nat/Factorial/Cast.olean: OK
.lake/packages/mathlib/.lake/build/lib/lean/Mathlib/Data/Nat/Factorial/DoubleFactorial.olean: OK
.lake/packages/mathlib/.lake/build/lib/lean/Mathlib/Data/Nat/Factorial/NatCast.olean: OK
.lake/packages/mathlib/.lake/build/lib/lean/Mathlib/Data/Nat/Factorial/SuperFactorial.olean: OK
.lake/packages/mathlib/.lake/build/lib/lean/Mathlib/Data/Nat/Factorization/Basic.olean: OK
.lake/packages/mathlib/.lake/build/lib/lean/Mathlib/Data/Nat/Factorization/Defs.olean: OK
.lake/packages/mathlib/.lake/build/lib/lean/Mathlib/Data/Nat/Factorization/Divisors.olean: OK
.lake/packages/mathlib/.lake/build/lib/lean/Mathlib/Data/Nat/Factorization/Induction.olean: OK
.lake/packages/mathlib/.lake/build/lib/lean/Mathlib/Data/Nat/Factorization/LCM.olean: OK
.lake/packages/mathlib/.lake/build/lib/lean/Mathlib/Data/Nat/Factorization/PrimePow.olean: OK
.lake/packages/mathlib/.lake/build/lib/lean/Mathlib/Data/Nat/Factorization/Root.olean: OK
.lake/packages/mathlib/.lake/build/lib/lean/Mathlib/Data/Nat/Factors.olean: OK
.lake/packages/mathlib/.lake/build/lib/lean/Mathlib/Data/Nat/Fib/Basic.olean: OK
.lake/packages/mathlib/.lake/build/lib/lean/Mathlib/Data/Nat/Fib/Zeckendorf.olean: OK
.lake/packages/mathlib/.lake/build/lib/lean/Mathlib/Data/Nat/Find.olean: OK
.lake/packages/mathlib/.lake/build/lib/lean/Mathlib/Data/Nat/GCD/Basic.olean: OK
.lake/packages/mathlib/.lake/build/lib/lean/Mathlib/Data/Nat/GCD/BigOperators.olean: OK
.lake/packages/mathlib/.lake/build/lib/lean/Mathlib/Data/Nat/GCD/Prime.olean: OK
.lake/packages/mathlib/.lake/build/lib/lean/Mathlib/Data/Nat/Hyperoperation.olean: OK
.lake/packages/mathlib/.lake/build/lib/lean/Mathlib/Data/Nat/Init.olean: OK
.lake/packages/mathlib/.lake/build/lib/lean/Mathlib/Data/Nat/Lattice.olean: OK
.lake/packages/mathlib/.lake/build/lib/lean/Mathlib/Data/Nat/Log.olean: OK
.lake/packages/mathlib/.lake/build/lib/lean/Mathlib/Data/Nat/MaxPowDiv.olean: OK
.lake/packages/mathlib/.lake/build/lib/lean/Mathlib/Data/Nat/ModEq.olean: OK
.lake/packages/mathlib/.lake/build/lib/lean/Mathlib/Data/Nat/Multiplicity.olean: OK
.lake/packages/mathlib/.lake/build/lib/lean/Mathlib/Data/Nat/Notation.olean: OK
.lake/packages/mathlib/.lake/build/lib/lean/Mathlib/Data/Nat/Nth.olean: OK
.lake/packages/mathlib/.lake/build/lib/lean/Mathlib/Data/Nat/NthRoot/Defs.olean: OK
.lake/packages/mathlib/.lake/build/lib/lean/Mathlib/Data/Nat/Order/Lemmas.olean: OK
.lake/packages/mathlib/.lake/build/lib/lean/Mathlib/Data/Nat/PSub.olean: OK
.lake/packages/mathlib/.lake/build/lib/lean/Mathlib/Data/Nat/Pairing.olean: OK
.lake/packages/mathlib/.lake/build/lib/lean/Mathlib/Data/Nat/Periodic.olean: OK
.lake/packages/mathlib/.lake/build/lib/lean/Mathlib/Data/Nat/Prime/Basic.olean: OK
.lake/packages/mathlib/.lake/build/lib/lean/Mathlib/Data/Nat/Prime/Defs.olean: OK
.lake/packages/mathlib/.lake/build/lib/lean/Mathlib/Data/Nat/Prime/Factorial.olean: OK
.lake/packages/mathlib/.lake/build/lib/lean/Mathlib/Data/Nat/Prime/Infinite.olean: OK
.lake/packages/mathlib/.lake/build/lib/lean/Mathlib/Data/Nat/Prime/Int.olean: OK
.lake/packages/mathlib/.lake/build/lib/lean/Mathlib/Data/Nat/Prime/Nth.olean: OK
.lake/packages/mathlib/.lake/build/lib/lean/Mathlib/Data/Nat/Prime/Pow.olean: OK
.lake/packages/mathlib/.lake/build/lib/lean/Mathlib/Data/Nat/PrimeFin.olean: OK
.lake/packages/mathlib/.lake/build/lib/lean/Mathlib/Data/Nat/Set.olean: OK
.lake/packages/mathlib/.lake/build/lib/lean/Mathlib/Data/Nat/Size.olean: OK
.lake/packages/mathlib/.lake/build/lib/lean/Mathlib/Data/Nat/Sqrt.olean: OK
.lake/packages/mathlib/.lake/build/lib/lean/Mathlib/Data/Nat/Squarefree.olean: OK
.lake/packages/mathlib/.lake/build/lib/lean/Mathlib/Data/Nat/SuccPred.olean: OK
.lake/packages/mathlib/.lake/build/lib/lean/Mathlib/Data/Nat/Totient.olean: OK
.lake/packages/mathlib/.lake/build/lib/lean/Mathlib/Data/Nat/Upto.olean: OK
.lake/packages/mathlib/.lake/build/lib/lean/Mathlib/Data/Nat/WithBot.olean: OK
.lake/packages/mathlib/.lake/build/lib/lean/Mathlib/Data/Num/Basic.olean: OK
.lake/packages/mathlib/.lake/build/lib/lean/Mathlib/Data/Num/Bitwise.olean: OK
.lake/packages/mathlib/.lake/build/lib/lean/Mathlib/Data/Num/Lemmas.olean: OK
.lake/packages/mathlib/.lake/build/lib/lean/Mathlib/Data/Num/Prime.olean: OK
.lake/packages/mathlib/.lake/build/lib/lean/Mathlib/Data/Num/ZNum.olean: OK
.lake/packages/mathlib/.lake/build/lib/lean/Mathlib/Data/Opposite.olean: OK
.lake/packages/mathlib/.lake/build/lib/lean/Mathlib/Data/Option/Basic.olean: OK
.lake/packages/mathlib/.lake/build/lib/lean/Mathlib/Data/Option/Defs.olean: OK
.lake/packages/mathlib/.lake/build/lib/lean/Mathlib/Data/Option/NAry.olean: OK
.lake/packages/mathlib/.lake/build/lib/lean/Mathlib/Data/Ordering/Basic.olean: OK
.lake/packages/mathlib/.lake/build/lib/lean/Mathlib/Data/Ordering/Lemmas.olean: OK
.lake/packages/mathlib/.lake/build/lib/lean/Mathlib/Data/Ordmap/Invariants.olean: OK
.lake/packages/mathlib/.lake/build/lib/lean/Mathlib/Data/Ordmap/Ordnode.olean: OK
.lake/packages/mathlib/.lake/build/lib/lean/Mathlib/Data/Ordmap/Ordset.olean: OK
.lake/packages/mathlib/.lake/build/lib/lean/Mathlib/Data/PEquiv.olean: OK
.lake/packages/mathlib/.lake/build/lib/lean/Mathlib/Data/PFun.olean: OK
.lake/packages/mathlib/.lake/build/lib/lean/Mathlib/Data/PFunctor/Multivariate/Basic.olean: OK
.lake/packages/mathlib/.lake/build/lib/lean/Mathlib/Data/PFunctor/Multivariate/M.olean: OK
.lake/packages/mathlib/.lake/build/lib/lean/Mathlib/Data/PFunctor/Multivariate/W.olean: OK
.lake/packages/mathlib/.lake/build/lib/lean/Mathlib/Data/PFunctor/Univariate/Basic.olean: OK
.lake/packages/mathlib/.lake/build/lib/lean/Mathlib/Data/PFunctor/Univariate/M.olean: OK
.lake/packages/mathlib/.lake/build/lib/lean/Mathlib/Data/PNat/Basic.olean: OK
.lake/packages/mathlib/.lake/build/lib/lean/Mathlib/Data/PNat/Defs.olean: OK
.lake/packages/mathlib/.lake/build/lib/lean/Mathlib/Data/PNat/Equiv.olean: OK
.lake/packages/mathlib/.lake/build/lib/lean/Mathlib/Data/PNat/Factors.olean: OK
.lake/packages/mathlib/.lake/build/lib/lean/Mathlib/Data/PNat/Find.olean: OK
.lake/packages/mathlib/.lake/build/lib/lean/Mathlib/Data/PNat/Interval.olean: OK
.lake/packages/mathlib/.lake/build/lib/lean/Mathlib/Data/PNat/Notation.olean: OK
.lake/packages/mathlib/.lake/build/lib/lean/Mathlib/Data/PNat/Order.olean: OK
.lake/packages/mathlib/.lake/build/lib/lean/Mathlib/Data/PNat/Prime.olean: OK
.lake/packages/mathlib/.lake/build/lib/lean/Mathlib/Data/PNat/Xgcd.olean: OK
.lake/packages/mathlib/.lake/build/lib/lean/Mathlib/Data/PSigma/Order.olean: OK
.lake/packages/mathlib/.lake/build/lib/lean/Mathlib/Data/Part.olean: OK
.lake/packages/mathlib/.lake/build/lib/lean/Mathlib/Data/Pi/Interval.olean: OK
.lake/packages/mathlib/.lake/build/lib/lean/Mathlib/Data/Prod/Basic.olean: OK
.lake/packages/mathlib/.lake/build/lib/lean/Mathlib/Data/Prod/Lex.olean: OK
.lake/packages/mathlib/.lake/build/lib/lean/Mathlib/Data/Prod/PProd.olean: OK
.lake/packages/mathlib/.lake/build/lib/lean/Mathlib/Data/Prod/TProd.olean: OK
.lake/packages/mathlib/.lake/build/lib/lean/Mathlib/Data/QPF/Multivariate/Basic.olean: OK
.lake/packages/mathlib/.lake/build/lib/lean/Mathlib/Data/QPF/Multivariate/Constructions/Cofix.olean: OK
.lake/packages/mathlib/.lake/build/lib/lean/Mathlib/Data/QPF/Multivariate/Constructions/Comp.olean: OK
.lake/packages/mathlib/.lake/build/lib/lean/Mathlib/Data/QPF/Multivariate/Constructions/Const.olean: OK
.lake/packages/mathlib/.lake/build/lib/lean/Mathlib/Data/QPF/Multivariate/Constructions/Fix.olean: OK
.lake/packages/mathlib/.lake/build/lib/lean/Mathlib/Data/QPF/Multivariate/Constructions/Prj.olean: OK
.lake/packages/mathlib/.lake/build/lib/lean/Mathlib/Data/QPF/Multivariate/Constructions/Quot.olean: OK
.lake/packages/mathlib/.lake/build/lib/lean/Mathlib/Data/QPF/Multivariate/Constructions/Sigma.olean: OK
.lake/packages/mathlib/.lake/build/lib/lean/Mathlib/Data/QPF/Univariate/Basic.olean: OK
.lake/packages/mathlib/.lake/build/lib/lean/Mathlib/Data/Quot.olean: OK
.lake/packages/mathlib/.lake/build/lib/lean/Mathlib/Data/Rat/BigOperators.olean: OK
.lake/packages/mathlib/.lake/build/lib/lean/Mathlib/Data/Rat/Cardinal.olean: OK
.lake/packages/mathlib/.lake/build/lib/lean/Mathlib/Data/Rat/Cast/CharZero.olean: OK
.lake/packages/mathlib/.lake/build/lib/lean/Mathlib/Data/Rat/Cast/Defs.olean: OK
.lake/packages/mathlib/.lake/build/lib/lean/Mathlib/Data/Rat/Cast/Lemmas.olean: OK
.lake/packages/mathlib/.lake/build/lib/lean/Mathlib/Data/Rat/Cast/OfScientific.olean: OK
.lake/packages/mathlib/.lake/build/lib/lean/Mathlib/Data/Rat/Cast/Order.olean: OK
.lake/packages/mathlib/.lake/build/lib/lean/Mathlib/Data/Rat/Defs.olean: OK
.lake/packages/mathlib/.lake/build/lib/lean/Mathlib/Data/Rat/Denumerable.olean: OK
.lake/packages/mathlib/.lake/build/lib/lean/Mathlib/Data/Rat/Encodable.olean: OK
.lake/packages/mathlib/.lake/build/lib/lean/Mathlib/Data/Rat/Floor.olean: OK
.lake/packages/mathlib/.lake/build/lib/lean/Mathlib/Data/Rat/Init.olean: OK
.lake/packages/mathlib/.lake/build/lib/lean/Mathlib/Data/Rat/Lemmas.olean: OK
.lake/packages/mathlib/.lake/build/lib/lean/Mathlib/Data/Rat/NatSqrt/Defs.olean: OK
.lake/packages/mathlib/.lake/build/lib/lean/Mathlib/Data/Rat/NatSqrt/Real.olean: OK
.lake/packages/mathlib/.lake/build/lib/lean/Mathlib/Data/Rat/Sqrt.olean: OK
.lake/packages/mathlib/.lake/build/lib/lean/Mathlib/Data/Rat/Star.olean: OK
.lake/packages/mathlib/.lake/build/lib/lean/Mathlib/Data/Real/Archimedean.olean: OK
.lake/packages/mathlib/.lake/build/lib/lean/Mathlib/Data/Real/Basic.olean: OK
.lake/packages/mathlib/.lake/build/lib/lean/Mathlib/Data/Real/CompleteField.olean: OK
.lake/packages/mathlib/.lake/build/lib/lean/Mathlib/Data/Real/ConjExponents.olean: OK
.lake/packages/mathlib/.lake/build/lib/lean/Mathlib/Data/Real/ENatENNReal.olean: OK
.lake/packages/mathlib/.lake/build/lib/lean/Mathlib/Data/Real/Embedding.olean: OK
.lake/packages/mathlib/.lake/build/lib/lean/Mathlib/Data/Real/Hom.olean: OK
.lake/packages/mathlib/.lake/build/lib/lean/Mathlib/Data/Real/Pointwise.olean: OK
.lake/packages/mathlib/.lake/build/lib/lean/Mathlib/Data/Real/Sign.olean: OK
.lake/packages/mathlib/.lake/build/lib/lean/Mathlib/Data/Real/Sqrt.olean: OK
.lake/packages/mathlib/.lake/build/lib/lean/Mathlib/Data/Real/Star.olean: OK
.lake/packages/mathlib/.lake/build/lib/lean/Mathlib/Data/Real/StarOrdered.olean: OK
.lake/packages/mathlib/.lake/build/lib/lean/Mathlib/Data/Rel.olean: OK
.lake/packages/mathlib/.lake/build/lib/lean/Mathlib/Data/Rel/Cover.olean: OK
.lake/packages/mathlib/.lake/build/lib/lean/Mathlib/Data/Rel/Separated.olean: OK
.lake/packages/mathlib/.lake/build/lib/lean/Mathlib/Data/SProd.olean: OK
.lake/packages/mathlib/.lake/build/lib/lean/Mathlib/Data/Semiquot.olean: OK
.lake/packages/mathlib/.lake/build/lib/lean/Mathlib/Data/Seq/Basic.olean: OK
.lake/packages/mathlib/.lake/build/lib/lean/Mathlib/Data/Seq/Computation.olean: OK
.lake/packages/mathlib/.lake/build/lib/lean/Mathlib/Data/Seq/Defs.olean: OK
.lake/packages/mathlib/.lake/build/lib/lean/Mathlib/Data/Seq/Parallel.olean: OK
.lake/packages/mathlib/.lake/build/lib/lean/Mathlib/Data/Set/Accumulate.olean: OK
.lake/packages/mathlib/.lake/build/lib/lean/Mathlib/Data/Set/Basic.olean: OK
.lake/packages/mathlib/.lake/build/lib/lean/Mathlib/Data/Set/BoolIndicator.olean: OK
.lake/packages/mathlib/.lake/build/lib/lean/Mathlib/Data/Set/BooleanAlgebra.olean: OK
.lake/packages/mathlib/.lake/build/lib/lean/Mathlib/Data/Set/Card.olean: OK
.lake/packages/mathlib/.lake/build/lib/lean/Mathlib/Data/Set/Card/Arithmetic.olean: OK
.lake/packages/mathlib/.lake/build/lib/lean/Mathlib/Data/Set/CoeSort.olean: OK
.lake/packages/mathlib/.lake/build/lib/lean/Mathlib/Data/Set/Constructions.olean: OK
.lake/packages/mathlib/.lake/build/lib/lean/Mathlib/Data/Set/Countable.olean: OK
.lake/packages/mathlib/.lake/build/lib/lean/Mathlib/Data/Set/Defs.olean: OK
.lake/packages/mathlib/.lake/build/lib/lean/Mathlib/Data/Set/Disjoint.olean: OK
.lake/packages/mathlib/.lake/build/lib/lean/Mathlib/Data/Set/Dissipate.olean: OK
.lake/packages/mathlib/.lake/build/lib/lean/Mathlib/Data/Set/Enumerate.olean: OK
.lake/packages/mathlib/.lake/build/lib/lean/Mathlib/Data/Set/Equitable.olean: OK
.lake/packages/mathlib/.lake/build/lib/lean/Mathlib/Data/Set/Finite/Basic.olean: OK
.lake/packages/mathlib/.lake/build/lib/lean/Mathlib/Data/Set/Finite/Lattice.olean: OK
.lake/packages/mathlib/.lake/build/lib/lean/Mathlib/Data/Set/Finite/Lemmas.olean: OK
.lake/packages/mathlib/.lake/build/lib/lean/Mathlib/Data/Set/Finite/List.olean: OK
.lake/packages/mathlib/.lake/build/lib/lean/Mathlib/Data/Set/Finite/Monad.olean: OK
.lake/packages/mathlib/.lake/build/lib/lean/Mathlib/Data/Set/Finite/Powerset.olean: OK
.lake/packages/mathlib/.lake/build/lib/lean/Mathlib/Data/Set/Finite/Range.olean: OK
.lake/packages/mathlib/.lake/build/lib/lean/Mathlib/Data/Set/FiniteExhaustion.olean: OK
.lake/packages/mathlib/.lake/build/lib/lean/Mathlib/Data/Set/Function.olean: OK
.lake/packages/mathlib/.lake/build/lib/lean/Mathlib/Data/Set/Functor.olean: OK
.lake/packages/mathlib/.lake/build/lib/lean/Mathlib/Data/Set/Image.olean: OK
.lake/packages/mathlib/.lake/build/lib/lean/Mathlib/Data/Set/Inclusion.olean: OK
.lake/packages/mathlib/.lake/build/lib/lean/Mathlib/Data/Set/Insert.olean: OK
.lake/packages/mathlib/.lake/build/lib/lean/Mathlib/Data/Set/Lattice.olean: OK
.lake/packages/mathlib/.lake/build/lib/lean/Mathlib/Data/Set/Lattice/Image.olean: OK
.lake/packages/mathlib/.lake/build/lib/lean/Mathlib/Data/Set/List.olean: OK
.lake/packages/mathlib/.lake/build/lib/lean/Mathlib/Data/Set/MemPartition.olean: OK
.lake/packages/mathlib/.lake/build/lib/lean/Mathlib/Data/Set/Monotone.olean: OK
.lake/packages/mathlib/.lake/build/lib/lean/Mathlib/Data/Set/MulAntidiagonal.olean: OK
.lake/packages/mathlib/.lake/build/lib/lean/Mathlib/Data/Set/NAry.olean: OK
.lake/packages/mathlib/.lake/build/lib/lean/Mathlib/Data/Set/Notation.olean: OK
.lake/packages/mathlib/.lake/build/lib/lean/Mathlib/Data/Set/Operations.olean: OK
.lake/packages/mathlib/.lake/build/lib/lean/Mathlib/Data/Set/Opposite.olean: OK
.lake/packages/mathlib/.lake/build/lib/lean/Mathlib/Data/Set/Order.olean: OK
.lake/packages/mathlib/.lake/build/lib/lean/Mathlib/Data/Set/Pairwise/Basic.olean: OK
.lake/packages/mathlib/.lake/build/lib/lean/Mathlib/Data/Set/Pairwise/Chain.olean: OK
.lake/packages/mathlib/.lake/build/lib/lean/Mathlib/Data/Set/Pairwise/Lattice.olean: OK
.lake/packages/mathlib/.lake/build/lib/lean/Mathlib/Data/Set/Pairwise/List.olean: OK
.lake/packages/mathlib/.lake/build/lib/lean/Mathlib/Data/Set/Piecewise.olean: OK
.lake/packages/mathlib/.lake/build/lib/lean/Mathlib/Data/Set/Pointwise/Support.olean: OK
.lake/packages/mathlib/.lake/build/lib/lean/Mathlib/Data/Set/PowersetCard.olean: OK
.lake/packages/mathlib/.lake/build/lib/lean/Mathlib/Data/Set/Prod.olean: OK
.lake/packages/mathlib/.lake/build/lib/lean/Mathlib/Data/Set/Restrict.olean: OK
.lake/packages/mathlib/.lake/build/lib/lean/Mathlib/Data/Set/SMulAntidiagonal.olean: OK
.lake/packages/mathlib/.lake/build/lib/lean/Mathlib/Data/Set/Semiring.olean: OK
.lake/packages/mathlib/.lake/build/lib/lean/Mathlib/Data/Set/Sigma.olean: OK
.lake/packages/mathlib/.lake/build/lib/lean/Mathlib/Data/Set/Subset.olean: OK
.lake/packages/mathlib/.lake/build/lib/lean/Mathlib/Data/Set/Subsingleton.olean: OK
.lake/packages/mathlib/.lake/build/lib/lean/Mathlib/Data/Set/Sups.olean: OK
.lake/packages/mathlib/.lake/build/lib/lean/Mathlib/Data/Set/SymmDiff.olean: OK
.lake/packages/mathlib/.lake/build/lib/lean/Mathlib/Data/Set/UnionLift.olean: OK
.lake/packages/mathlib/.lake/build/lib/lean/Mathlib/Data/SetLike/Basic.olean: OK
.lake/packages/mathlib/.lake/build/lib/lean/Mathlib/Data/SetLike/Fintype.olean: OK
.lake/packages/mathlib/.lake/build/lib/lean/Mathlib/Data/Setoid/Basic.olean: OK
.lake/packages/mathlib/.lake/build/lib/lean/Mathlib/Data/Setoid/Partition.olean: OK
.lake/packages/mathlib/.lake/build/lib/lean/Mathlib/Data/Setoid/Partition/Card.olean: OK
.lake/packages/mathlib/.lake/build/lib/lean/Mathlib/Data/Sigma/Basic.olean: OK
.lake/packages/mathlib/.lake/build/lib/lean/Mathlib/Data/Sigma/Interval.olean: OK
.lake/packages/mathlib/.lake/build/lib/lean/Mathlib/Data/Sigma/Lex.olean: OK
.lake/packages/mathlib/.lake/build/lib/lean/Mathlib/Data/Sigma/Order.olean: OK
.lake/packages/mathlib/.lake/build/lib/lean/Mathlib/Data/Sign/Basic.olean: OK
.lake/packages/mathlib/.lake/build/lib/lean/Mathlib/Data/Sign/Defs.olean: OK
.lake/packages/mathlib/.lake/build/lib/lean/Mathlib/Data/Stream/Defs.olean: OK
.lake/packages/mathlib/.lake/build/lib/lean/Mathlib/Data/Stream/Init.olean: OK
.lake/packages/mathlib/.lake/build/lib/lean/Mathlib/Data/String/Basic.olean: OK
.lake/packages/mathlib/.lake/build/lib/lean/Mathlib/Data/String/Defs.olean: OK
.lake/packages/mathlib/.lake/build/lib/lean/Mathlib/Data/String/Lemmas.olean: OK
.lake/packages/mathlib/.lake/build/lib/lean/Mathlib/Data/Subtype.olean: OK
.lake/packages/mathlib/.lake/build/lib/lean/Mathlib/Data/Sum/Basic.olean: OK
.lake/packages/mathlib/.lake/build/lib/lean/Mathlib/Data/Sum/Interval.olean: OK
.lake/packages/mathlib/.lake/build/lib/lean/Mathlib/Data/Sum/Lattice.olean: OK
.lake/packages/mathlib/.lake/build/lib/lean/Mathlib/Data/Sum/Order.olean: OK
.lake/packages/mathlib/.lake/build/lib/lean/Mathlib/Data/Sym/Basic.olean: OK
.lake/packages/mathlib/.lake/build/lib/lean/Mathlib/Data/Sym/Card.olean: OK
.lake/packages/mathlib/.lake/build/lib/lean/Mathlib/Data/Sym/Sym2.olean: OK
.lake/packages/mathlib/.lake/build/lib/lean/Mathlib/Data/Sym/Sym2/Finsupp.olean: OK
.lake/packages/mathlib/.lake/build/lib/lean/Mathlib/Data/Sym/Sym2/Init.olean: OK
.lake/packages/mathlib/.lake/build/lib/lean/Mathlib/Data/Sym/Sym2/Order.olean: OK
.lake/packages/mathlib/.lake/build/lib/lean/Mathlib/Data/Tree/Basic.olean: OK
.lake/packages/mathlib/.lake/build/lib/lean/Mathlib/Data/Tree/Get.olean: OK
.lake/packages/mathlib/.lake/build/lib/lean/Mathlib/Data/Tree/RBMap.olean: OK
.lake/packages/mathlib/.lake/build/lib/lean/Mathlib/Data/Tree/Traversable.olean: OK
.lake/packages/mathlib/.lake/build/lib/lean/Mathlib/Data/TwoPointing.olean: OK
.lake/packages/mathlib/.lake/build/lib/lean/Mathlib/Data/TypeVec.olean: OK
.lake/packages/mathlib/.lake/build/lib/lean/Mathlib/Data/UInt.olean: OK
.lake/packages/mathlib/.lake/build/lib/lean/Mathlib/Data/ULift.olean: OK
.lake/packages/mathlib/.lake/build/lib/lean/Mathlib/Data/Vector/Basic.olean: OK
.lake/packages/mathlib/.lake/build/lib/lean/Mathlib/Data/Vector/Defs.olean: OK
.lake/packages/mathlib/.lake/build/lib/lean/Mathlib/Data/Vector/MapLemmas.olean: OK
.lake/packages/mathlib/.lake/build/lib/lean/Mathlib/Data/Vector/Mem.olean: OK
.lake/packages/mathlib/.lake/build/lib/lean/Mathlib/Data/Vector/Snoc.olean: OK
.lake/packages/mathlib/.lake/build/lib/lean/Mathlib/Data/Vector/Zip.olean: OK
.lake/packages/mathlib/.lake/build/lib/lean/Mathlib/Data/Vector3.olean: OK
.lake/packages/mathlib/.lake/build/lib/lean/Mathlib/Data/W/Basic.olean: OK
.lake/packages/mathlib/.lake/build/lib/lean/Mathlib/Data/W/Cardinal.olean: OK
.lake/packages/mathlib/.lake/build/lib/lean/Mathlib/Data/W/Constructions.olean: OK
.lake/packages/mathlib/.lake/build/lib/lean/Mathlib/Data/WSeq/Basic.olean: OK
.lake/packages/mathlib/.lake/build/lib/lean/Mathlib/Data/WSeq/Defs.olean: OK
.lake/packages/mathlib/.lake/build/lib/lean/Mathlib/Data/WSeq/Productive.olean: OK
.lake/packages/mathlib/.lake/build/lib/lean/Mathlib/Data/WSeq/Relation.olean: OK
.lake/packages/mathlib/.lake/build/lib/lean/Mathlib/Data/ZMod/Aut.olean: OK
.lake/packages/mathlib/.lake/build/lib/lean/Mathlib/Data/ZMod/Basic.olean: OK
.lake/packages/mathlib/.lake/build/lib/lean/Mathlib/Data/ZMod/Coprime.olean: OK
.lake/packages/mathlib/.lake/build/lib/lean/Mathlib/Data/ZMod/Defs.olean: OK
.lake/packages/mathlib/.lake/build/lib/lean/Mathlib/Data/ZMod/Factorial.olean: OK
.lake/packages/mathlib/.lake/build/lib/lean/Mathlib/Data/ZMod/IntUnitsPower.olean: OK
.lake/packages/mathlib/.lake/build/lib/lean/Mathlib/Data/ZMod/QuotientGroup.olean: OK
.lake/packages/mathlib/.lake/build/lib/lean/Mathlib/Data/ZMod/QuotientRing.olean: OK
.lake/packages/mathlib/.lake/build/lib/lean/Mathlib/Data/ZMod/Units.olean: OK
.lake/packages/mathlib/.lake/build/lib/lean/Mathlib/Data/ZMod/ValMinAbs.olean: OK
.lake/packages/mathlib/.lake/build/lib/lean/Mathlib/Deprecated/Aliases.olean: OK
.lake/packages/mathlib/.lake/build/lib/lean/Mathlib/Dynamics/BirkhoffSum/Average.olean: OK
.lake/packages/mathlib/.lake/build/lib/lean/Mathlib/Dynamics/BirkhoffSum/Basic.olean: OK
.lake/packages/mathlib/.lake/build/lib/lean/Mathlib/Dynamics/BirkhoffSum/NormedSpace.olean: OK
.lake/packages/mathlib/.lake/build/lib/lean/Mathlib/Dynamics/BirkhoffSum/QuasiMeasurePreserving.olean: OK
.lake/packages/mathlib/.lake/build/lib/lean/Mathlib/Dynamics/Circle/RotationNumber/TranslationNumber.olean: OK
.lake/packages/mathlib/.lake/build/lib/lean/Mathlib/Dynamics/Ergodic/Action/Basic.olean: OK
.lake/packages/mathlib/.lake/build/lib/lean/Mathlib/Dynamics/Ergodic/Action/OfMinimal.olean: OK
.lake/packages/mathlib/.lake/build/lib/lean/Mathlib/Dynamics/Ergodic/Action/Regular.olean: OK
.lake/packages/mathlib/.lake/build/lib/lean/Mathlib/Dynamics/Ergodic/AddCircle.olean: OK
.lake/packages/mathlib/.lake/build/lib/lean/Mathlib/Dynamics/Ergodic/AddCircleAdd.olean: OK
.lake/packages/mathlib/.lake/build/lib/lean/Mathlib/Dynamics/Ergodic/Conservative.olean: OK
.lake/packages/mathlib/.lake/build/lib/lean/Mathlib/Dynamics/Ergodic/Ergodic.olean: OK
.lake/packages/mathlib/.lake/build/lib/lean/Mathlib/Dynamics/Ergodic/Extreme.olean: OK
.lake/packages/mathlib/.lake/build/lib/lean/Mathlib/Dynamics/Ergodic/Function.olean: OK
.lake/packages/mathlib/.lake/build/lib/lean/Mathlib/Dynamics/Ergodic/MeasurePreserving.olean: OK
.lake/packages/mathlib/.lake/build/lib/lean/Mathlib/Dynamics/Ergodic/RadonNikodym.olean: OK
.lake/packages/mathlib/.lake/build/lib/lean/Mathlib/Dynamics/FixedPoints/Basic.olean: OK
.lake/packages/mathlib/.lake/build/lib/lean/Mathlib/Dynamics/FixedPoints/Defs.olean: OK
.lake/packages/mathlib/.lake/build/lib/lean/Mathlib/Dynamics/FixedPoints/Prufer.olean: OK
.lake/packages/mathlib/.lake/build/lib/lean/Mathlib/Dynamics/FixedPoints/Topology.olean: OK
.lake/packages/mathlib/.lake/build/lib/lean/Mathlib/Dynamics/Flow.olean: OK
.lake/packages/mathlib/.lake/build/lib/lean/Mathlib/Dynamics/Minimal.olean: OK
.lake/packages/mathlib/.lake/build/lib/lean/Mathlib/Dynamics/Newton.olean: OK
.lake/packages/mathlib/.lake/build/lib/lean/Mathlib/Dynamics/OmegaLimit.olean: OK
.lake/packages/mathlib/.lake/build/lib/lean/Mathlib/Dynamics/PeriodicPts/Defs.olean: OK
.lake/packages/mathlib/.lake/build/lib/lean/Mathlib/Dynamics/PeriodicPts/Lemmas.olean: OK
.lake/packages/mathlib/.lake/build/lib/lean/Mathlib/Dynamics/SymbolicDynamics/Basic.olean: OK
.lake/packages/mathlib/.lake/build/lib/lean/Mathlib/Dynamics/TopologicalEntropy/CoverEntropy.olean: OK
.lake/packages/mathlib/.lake/build/lib/lean/Mathlib/Dynamics/TopologicalEntropy/DynamicalEntourage.olean: OK
.lake/packages/mathlib/.lake/build/lib/lean/Mathlib/Dynamics/TopologicalEntropy/NetEntropy.olean: OK
.lake/packages/mathlib/.lake/build/lib/lean/Mathlib/Dynamics/TopologicalEntropy/Semiconj.olean: OK
.lake/packages/mathlib/.lake/build/lib/lean/Mathlib/Dynamics/TopologicalEntropy/Subset.olean: OK
.lake/packages/mathlib/.lake/build/lib/lean/Mathlib/Dynamics/Transitive.olean: OK
.lake/packages/mathlib/.lake/build/lib/lean/Mathlib/FieldTheory/AbelRuffini.olean: OK
.lake/packages/mathlib/.lake/build/lib/lean/Mathlib/FieldTheory/AbsoluteGaloisGroup.olean: OK
.lake/packages/mathlib/.lake/build/lib/lean/Mathlib/FieldTheory/AlgebraicClosure.olean: OK
.lake/packages/mathlib/.lake/build/lib/lean/Mathlib/FieldTheory/AxGrothendieck.olean: OK
.lake/packages/mathlib/.lake/build/lib/lean/Mathlib/FieldTheory/CardinalEmb.olean: OK
.lake/packages/mathlib/.lake/build/lib/lean/Mathlib/FieldTheory/Cardinality.olean: OK
.lake/packages/mathlib/.lake/build/lib/lean/Mathlib/FieldTheory/ChevalleyWarning.olean: OK
.lake/packages/mathlib/.lake/build/lib/lean/Mathlib/FieldTheory/Differential/Basic.olean: OK
.lake/packages/mathlib/.lake/build/lib/lean/Mathlib/FieldTheory/Differential/Liouville.olean: OK
.lake/packages/mathlib/.lake/build/lib/lean/Mathlib/FieldTheory/Extension.olean: OK
.lake/packages/mathlib/.lake/build/lib/lean/Mathlib/FieldTheory/Finite/Basic.olean: OK
.lake/packages/mathlib/.lake/build/lib/lean/Mathlib/FieldTheory/Finite/Extension.olean: OK
.lake/packages/mathlib/.lake/build/lib/lean/Mathlib/FieldTheory/Finite/GaloisField.olean: OK
.lake/packages/mathlib/.lake/build/lib/lean/Mathlib/FieldTheory/Finite/Polynomial.olean: OK
.lake/packages/mathlib/.lake/build/lib/lean/Mathlib/FieldTheory/Finite/Trace.olean: OK
.lake/packages/mathlib/.lake/build/lib/lean/Mathlib/FieldTheory/Finite/Valuation.olean: OK
.lake/packages/mathlib/.lake/build/lib/lean/Mathlib/FieldTheory/Finiteness.olean: OK
.lake/packages/mathlib/.lake/build/lib/lean/Mathlib/FieldTheory/Fixed.olean: OK
.lake/packages/mathlib/.lake/build/lib/lean/Mathlib/FieldTheory/Galois/Abelian.olean: OK
.lake/packages/mathlib/.lake/build/lib/lean/Mathlib/FieldTheory/Galois/Basic.olean: OK
.lake/packages/mathlib/.lake/build/lib/lean/Mathlib/FieldTheory/Galois/GaloisClosure.olean: OK
.lake/packages/mathlib/.lake/build/lib/lean/Mathlib/FieldTheory/Galois/Infinite.olean: OK
.lake/packages/mathlib/.lake/build/lib/lean/Mathlib/FieldTheory/Galois/IsGaloisGroup.olean: OK
.lake/packages/mathlib/.lake/build/lib/lean/Mathlib/FieldTheory/Galois/NormalBasis.olean: OK
.lake/packages/mathlib/.lake/build/lib/lean/Mathlib/FieldTheory/Galois/Notation.olean: OK
.lake/packages/mathlib/.lake/build/lib/lean/Mathlib/FieldTheory/Galois/Profinite.olean: OK
.lake/packages/mathlib/.lake/build/lib/lean/Mathlib/FieldTheory/IntermediateField/Adjoin/Algebra.olean: OK
.lake/packages/mathlib/.lake/build/lib/lean/Mathlib/FieldTheory/IntermediateField/Adjoin/Basic.olean: OK
.lake/packages/mathlib/.lake/build/lib/lean/Mathlib/FieldTheory/IntermediateField/Adjoin/Defs.olean: OK
.lake/packages/mathlib/.lake/build/lib/lean/Mathlib/FieldTheory/IntermediateField/Algebraic.olean: OK
.lake/packages/mathlib/.lake/build/lib/lean/Mathlib/FieldTheory/IntermediateField/Basic.olean: OK
.lake/packages/mathlib/.lake/build/lib/lean/Mathlib/FieldTheory/IntermediateField/ExtendRight.olean: OK
.lake/packages/mathlib/.lake/build/lib/lean/Mathlib/FieldTheory/IsAlgClosed/AlgebraicClosure.olean: OK
.lake/packages/mathlib/.lake/build/lib/lean/Mathlib/FieldTheory/IsAlgClosed/Basic.olean: OK
.lake/packages/mathlib/.lake/build/lib/lean/Mathlib/FieldTheory/IsAlgClosed/Classification.olean: OK
.lake/packages/mathlib/.lake/build/lib/lean/Mathlib/FieldTheory/IsAlgClosed/Spectrum.olean: OK
.lake/packages/mathlib/.lake/build/lib/lean/Mathlib/FieldTheory/IsPerfectClosure.olean: OK
.lake/packages/mathlib/.lake/build/lib/lean/Mathlib/FieldTheory/IsRealClosed/Basic.olean: OK
.lake/packages/mathlib/.lake/build/lib/lean/Mathlib/FieldTheory/IsSepClosed.olean: OK
.lake/packages/mathlib/.lake/build/lib/lean/Mathlib/FieldTheory/Isaacs.olean: OK
.lake/packages/mathlib/.lake/build/lib/lean/Mathlib/FieldTheory/JacobsonNoether.olean: OK
.lake/packages/mathlib/.lake/build/lib/lean/Mathlib/FieldTheory/KrullTopology.olean: OK
.lake/packages/mathlib/.lake/build/lib/lean/Mathlib/FieldTheory/KummerExtension.olean: OK
.lake/packages/mathlib/.lake/build/lib/lean/Mathlib/FieldTheory/KummerPolynomial.olean: OK
.lake/packages/mathlib/.lake/build/lib/lean/Mathlib/FieldTheory/Laurent.olean: OK
.lake/packages/mathlib/.lake/build/lib/lean/Mathlib/FieldTheory/LinearDisjoint.olean: OK
.lake/packages/mathlib/.lake/build/lib/lean/Mathlib/FieldTheory/Minpoly/Basic.olean: OK
.lake/packages/mathlib/.lake/build/lib/lean/Mathlib/FieldTheory/Minpoly/ConjRootClass.olean: OK
.lake/packages/mathlib/.lake/build/lib/lean/Mathlib/FieldTheory/Minpoly/Field.olean: OK
.lake/packages/mathlib/.lake/build/lib/lean/Mathlib/FieldTheory/Minpoly/Finite.olean: OK
.lake/packages/mathlib/.lake/build/lib/lean/Mathlib/FieldTheory/Minpoly/IsConjRoot.olean: OK
.lake/packages/mathlib/.lake/build/lib/lean/Mathlib/FieldTheory/Minpoly/IsIntegrallyClosed.olean: OK
.lake/packages/mathlib/.lake/build/lib/lean/Mathlib/FieldTheory/Minpoly/MinpolyDiv.olean: OK
.lake/packages/mathlib/.lake/build/lib/lean/Mathlib/FieldTheory/MvRatFunc/Rank.olean: OK
.lake/packages/mathlib/.lake/build/lib/lean/Mathlib/FieldTheory/Normal/Basic.olean: OK
.lake/packages/mathlib/.lake/build/lib/lean/Mathlib/FieldTheory/Normal/Closure.olean: OK
.lake/packages/mathlib/.lake/build/lib/lean/Mathlib/FieldTheory/Normal/Defs.olean: OK
.lake/packages/mathlib/.lake/build/lib/lean/Mathlib/FieldTheory/NormalizedTrace.olean: OK
.lake/packages/mathlib/.lake/build/lib/lean/Mathlib/FieldTheory/Perfect.olean: OK
.lake/packages/mathlib/.lake/build/lib/lean/Mathlib/FieldTheory/PerfectClosure.olean: OK
.lake/packages/mathlib/.lake/build/lib/lean/Mathlib/FieldTheory/PolynomialGaloisGroup.olean: OK
.lake/packages/mathlib/.lake/build/lib/lean/Mathlib/FieldTheory/PrimeField.olean: OK
.lake/packages/mathlib/.lake/build/lib/lean/Mathlib/FieldTheory/PrimitiveElement.olean: OK
.lake/packages/mathlib/.lake/build/lib/lean/Mathlib/FieldTheory/PurelyInseparable/Basic.olean: OK
.lake/packages/mathlib/.lake/build/lib/lean/Mathlib/FieldTheory/PurelyInseparable/Exponent.olean: OK
.lake/packages/mathlib/.lake/build/lib/lean/Mathlib/FieldTheory/PurelyInseparable/PerfectClosure.olean: OK
.lake/packages/mathlib/.lake/build/lib/lean/Mathlib/FieldTheory/PurelyInseparable/Tower.olean: OK
.lake/packages/mathlib/.lake/build/lib/lean/Mathlib/FieldTheory/RatFunc/AsPolynomial.olean: OK
.lake/packages/mathlib/.lake/build/lib/lean/Mathlib/FieldTheory/RatFunc/Basic.olean: OK
.lake/packages/mathlib/.lake/build/lib/lean/Mathlib/FieldTheory/RatFunc/Defs.olean: OK
.lake/packages/mathlib/.lake/build/lib/lean/Mathlib/FieldTheory/RatFunc/Degree.olean: OK
.lake/packages/mathlib/.lake/build/lib/lean/Mathlib/FieldTheory/RatFunc/IntermediateField.olean: OK
.lake/packages/mathlib/.lake/build/lib/lean/Mathlib/FieldTheory/RatFunc/Luroth.olean: OK
.lake/packages/mathlib/.lake/build/lib/lean/Mathlib/FieldTheory/RatFunc/Valuation.olean: OK
.lake/packages/mathlib/.lake/build/lib/lean/Mathlib/FieldTheory/Relrank.olean: OK
.lake/packages/mathlib/.lake/build/lib/lean/Mathlib/FieldTheory/Separable.olean: OK
.lake/packages/mathlib/.lake/build/lib/lean/Mathlib/FieldTheory/SeparableClosure.olean: OK
.lake/packages/mathlib/.lake/build/lib/lean/Mathlib/FieldTheory/SeparableDegree.olean: OK
.lake/packages/mathlib/.lake/build/lib/lean/Mathlib/FieldTheory/SeparablyGenerated.olean: OK
.lake/packages/mathlib/.lake/build/lib/lean/Mathlib/FieldTheory/SplittingField/Construction.olean: OK
.lake/packages/mathlib/.lake/build/lib/lean/Mathlib/FieldTheory/SplittingField/IsSplittingField.olean: OK
.lake/packages/mathlib/.lake/build/lib/lean/Mathlib/FieldTheory/Tower.olean: OK
.lake/packages/mathlib/.lake/build/lib/lean/Mathlib/Geometry/Convex/Cone/Basic.olean: OK
.lake/packages/mathlib/.lake/build/lib/lean/Mathlib/Geometry/Convex/Cone/Dual.olean: OK
.lake/packages/mathlib/.lake/build/lib/lean/Mathlib/Geometry/Convex/Cone/DualFinite.olean: OK
.lake/packages/mathlib/.lake/build/lib/lean/Mathlib/Geometry/Convex/Cone/Pointed.olean: OK
.lake/packages/mathlib/.lake/build/lib/lean/Mathlib/Geometry/Convex/Cone/Simplicial.olean: OK
.lake/packages/mathlib/.lake/build/lib/lean/Mathlib/Geometry/Convex/Cone/TensorProduct.olean: OK
.lake/packages/mathlib/.lake/build/lib/lean/Mathlib/Geometry/Convex/ConvexSpace/AffineSpace.olean: OK
.lake/packages/mathlib/.lake/build/lib/lean/Mathlib/Geometry/Convex/ConvexSpace/Defs.olean: OK
.lake/packages/mathlib/.lake/build/lib/lean/Mathlib/Geometry/Convex/ConvexSpace/Module.olean: OK
.lake/packages/mathlib/.lake/build/lib/lean/Mathlib/Geometry/Convex/ConvexSpace/Prod.olean: OK
.lake/packages/mathlib/.lake/build/lib/lean/Mathlib/Geometry/Convex/Set.olean: OK
.lake/packages/mathlib/.lake/build/lib/lean/Mathlib/Geometry/Diffeology/Basic.olean: OK
.lake/packages/mathlib/.lake/build/lib/lean/Mathlib/Geometry/Euclidean/Altitude.olean: OK
.lake/packages/mathlib/.lake/build/lib/lean/Mathlib/Geometry/Euclidean/Angle/Bisector.olean: OK
.lake/packages/mathlib/.lake/build/lib/lean/Mathlib/Geometry/Euclidean/Angle/Incenter.olean: OK
.lake/packages/mathlib/.lake/build/lib/lean/Mathlib/Geometry/Euclidean/Angle/Oriented/Affine.olean: OK
.lake/packages/mathlib/.lake/build/lib/lean/Mathlib/Geometry/Euclidean/Angle/Oriented/Basic.olean: OK
.lake/packages/mathlib/.lake/build/lib/lean/Mathlib/Geometry/Euclidean/Angle/Oriented/Projection.olean: OK
.lake/packages/mathlib/.lake/build/lib/lean/Mathlib/Geometry/Euclidean/Angle/Oriented/RightAngle.olean: OK
.lake/packages/mathlib/.lake/build/lib/lean/Mathlib/Geometry/Euclidean/Angle/Oriented/Rotation.olean: OK
.lake/packages/mathlib/.lake/build/lib/lean/Mathlib/Geometry/Euclidean/Angle/Sphere.olean: OK
.lake/packages/mathlib/.lake/build/lib/lean/Mathlib/Geometry/Euclidean/Angle/Unoriented/Affine.olean: OK
.lake/packages/mathlib/.lake/build/lib/lean/Mathlib/Geometry/Euclidean/Angle/Unoriented/Basic.olean: OK
.lake/packages/mathlib/.lake/build/lib/lean/Mathlib/Geometry/Euclidean/Angle/Unoriented/Conformal.olean: OK
.lake/packages/mathlib/.lake/build/lib/lean/Mathlib/Geometry/Euclidean/Angle/Unoriented/CrossProduct.olean: OK
.lake/packages/mathlib/.lake/build/lib/lean/Mathlib/Geometry/Euclidean/Angle/Unoriented/Projection.olean: OK
.lake/packages/mathlib/.lake/build/lib/lean/Mathlib/Geometry/Euclidean/Angle/Unoriented/RightAngle.olean: OK
.lake/packages/mathlib/.lake/build/lib/lean/Mathlib/Geometry/Euclidean/Angle/Unoriented/TriangleInequality.olean: OK
.lake/packages/mathlib/.lake/build/lib/lean/Mathlib/Geometry/Euclidean/Basic.olean: OK
.lake/packages/mathlib/.lake/build/lib/lean/Mathlib/Geometry/Euclidean/Circumcenter.olean: OK
.lake/packages/mathlib/.lake/build/lib/lean/Mathlib/Geometry/Euclidean/Congruence.olean: OK
.lake/packages/mathlib/.lake/build/lib/lean/Mathlib/Geometry/Euclidean/Incenter.olean: OK
.lake/packages/mathlib/.lake/build/lib/lean/Mathlib/Geometry/Euclidean/Inversion/Basic.olean: OK
.lake/packages/mathlib/.lake/build/lib/lean/Mathlib/Geometry/Euclidean/Inversion/Calculus.olean: OK
.lake/packages/mathlib/.lake/build/lib/lean/Mathlib/Geometry/Euclidean/Inversion/ImageHyperplane.olean: OK
.lake/packages/mathlib/.lake/build/lib/lean/Mathlib/Geometry/Euclidean/MongePoint.olean: OK
.lake/packages/mathlib/.lake/build/lib/lean/Mathlib/Geometry/Euclidean/NinePointCircle.olean: OK
.lake/packages/mathlib/.lake/build/lib/lean/Mathlib/Geometry/Euclidean/PerpBisector.olean: OK
.lake/packages/mathlib/.lake/build/lib/lean/Mathlib/Geometry/Euclidean/Projection.olean: OK
.lake/packages/mathlib/.lake/build/lib/lean/Mathlib/Geometry/Euclidean/SignedDist.olean: OK
.lake/packages/mathlib/.lake/build/lib/lean/Mathlib/Geometry/Euclidean/Similarity.olean: OK
.lake/packages/mathlib/.lake/build/lib/lean/Mathlib/Geometry/Euclidean/Simplex.olean: OK
.lake/packages/mathlib/.lake/build/lib/lean/Mathlib/Geometry/Euclidean/Sphere/Basic.olean: OK
.lake/packages/mathlib/.lake/build/lib/lean/Mathlib/Geometry/Euclidean/Sphere/OrthRadius.olean: OK
.lake/packages/mathlib/.lake/build/lib/lean/Mathlib/Geometry/Euclidean/Sphere/Power.olean: OK
.lake/packages/mathlib/.lake/build/lib/lean/Mathlib/Geometry/Euclidean/Sphere/Ptolemy.olean: OK
.lake/packages/mathlib/.lake/build/lib/lean/Mathlib/Geometry/Euclidean/Sphere/SecondInter.olean: OK
.lake/packages/mathlib/.lake/build/lib/lean/Mathlib/Geometry/Euclidean/Sphere/Tangent.olean: OK
.lake/packages/mathlib/.lake/build/lib/lean/Mathlib/Geometry/Euclidean/Triangle.olean: OK
.lake/packages/mathlib/.lake/build/lib/lean/Mathlib/Geometry/Euclidean/Volume/Measure.olean: OK
.lake/packages/mathlib/.lake/build/lib/lean/Mathlib/Geometry/Group/Growth/LinearLowerBound.olean: OK
.lake/packages/mathlib/.lake/build/lib/lean/Mathlib/Geometry/Group/Growth/QuotientInter.olean: OK
.lake/packages/mathlib/.lake/build/lib/lean/Mathlib/Geometry/Manifold/Algebra/LeftInvariantDerivation.olean: OK
.lake/packages/mathlib/.lake/build/lib/lean/Mathlib/Geometry/Manifold/Algebra/LieGroup.olean: OK
.lake/packages/mathlib/.lake/build/lib/lean/Mathlib/Geometry/Manifold/Algebra/Monoid.olean: OK
.lake/packages/mathlib/.lake/build/lib/lean/Mathlib/Geometry/Manifold/Algebra/SMul.olean: OK
.lake/packages/mathlib/.lake/build/lib/lean/Mathlib/Geometry/Manifold/Algebra/SmoothFunctions.olean: OK
.lake/packages/mathlib/.lake/build/lib/lean/Mathlib/Geometry/Manifold/Algebra/Structures.olean: OK
.lake/packages/mathlib/.lake/build/lib/lean/Mathlib/Geometry/Manifold/Bordism.olean: OK
.lake/packages/mathlib/.lake/build/lib/lean/Mathlib/Geometry/Manifold/BumpFunction.olean: OK
.lake/packages/mathlib/.lake/build/lib/lean/Mathlib/Geometry/Manifold/ChartedSpace.olean: OK
.lake/packages/mathlib/.lake/build/lib/lean/Mathlib/Geometry/Manifold/Complex.olean: OK
.lake/packages/mathlib/.lake/build/lib/lean/Mathlib/Geometry/Manifold/ConformalGroupoid.olean: OK
.lake/packages/mathlib/.lake/build/lib/lean/Mathlib/Geometry/Manifold/ContMDiff/Atlas.olean: OK
.lake/packages/mathlib/.lake/build/lib/lean/Mathlib/Geometry/Manifold/ContMDiff/Basic.olean: OK
.lake/packages/mathlib/.lake/build/lib/lean/Mathlib/Geometry/Manifold/ContMDiff/Constructions.olean: OK
.lake/packages/mathlib/.lake/build/lib/lean/Mathlib/Geometry/Manifold/ContMDiff/Defs.olean: OK
.lake/packages/mathlib/.lake/build/lib/lean/Mathlib/Geometry/Manifold/ContMDiff/NormedSpace.olean: OK
.lake/packages/mathlib/.lake/build/lib/lean/Mathlib/Geometry/Manifold/ContMDiffMFDeriv.olean: OK
.lake/packages/mathlib/.lake/build/lib/lean/Mathlib/Geometry/Manifold/ContMDiffMap.olean: OK
.lake/packages/mathlib/.lake/build/lib/lean/Mathlib/Geometry/Manifold/DerivationBundle.olean: OK
.lake/packages/mathlib/.lake/build/lib/lean/Mathlib/Geometry/Manifold/Diffeomorph.olean: OK
.lake/packages/mathlib/.lake/build/lib/lean/Mathlib/Geometry/Manifold/GroupLieAlgebra.olean: OK
.lake/packages/mathlib/.lake/build/lib/lean/Mathlib/Geometry/Manifold/HasGroupoid.olean: OK
.lake/packages/mathlib/.lake/build/lib/lean/Mathlib/Geometry/Manifold/Immersion.olean: OK
.lake/packages/mathlib/.lake/build/lib/lean/Mathlib/Geometry/Manifold/Instances/Icc.olean: OK
.lake/packages/mathlib/.lake/build/lib/lean/Mathlib/Geometry/Manifold/Instances/Quotient.olean: OK
.lake/packages/mathlib/.lake/build/lib/lean/Mathlib/Geometry/Manifold/Instances/Real.olean: OK
.lake/packages/mathlib/.lake/build/lib/lean/Mathlib/Geometry/Manifold/Instances/Sphere.olean: OK
.lake/packages/mathlib/.lake/build/lib/lean/Mathlib/Geometry/Manifold/Instances/UnitsOfNormedAlgebra.olean: OK
.lake/packages/mathlib/.lake/build/lib/lean/Mathlib/Geometry/Manifold/IntegralCurve/Basic.olean: OK
.lake/packages/mathlib/.lake/build/lib/lean/Mathlib/Geometry/Manifold/IntegralCurve/ExistUnique.olean: OK
.lake/packages/mathlib/.lake/build/lib/lean/Mathlib/Geometry/Manifold/IntegralCurve/Transform.olean: OK
.lake/packages/mathlib/.lake/build/lib/lean/Mathlib/Geometry/Manifold/IntegralCurve/UniformTime.olean: OK
.lake/packages/mathlib/.lake/build/lib/lean/Mathlib/Geometry/Manifold/IsManifold/Basic.olean: OK
.lake/packages/mathlib/.lake/build/lib/lean/Mathlib/Geometry/Manifold/IsManifold/ExtChartAt.olean: OK
.lake/packages/mathlib/.lake/build/lib/lean/Mathlib/Geometry/Manifold/IsManifold/InteriorBoundary.olean: OK
.lake/packages/mathlib/.lake/build/lib/lean/Mathlib/Geometry/Manifold/LocalDiffeomorph.olean: OK
.lake/packages/mathlib/.lake/build/lib/lean/Mathlib/Geometry/Manifold/LocalInvariantProperties.olean: OK
.lake/packages/mathlib/.lake/build/lib/lean/Mathlib/Geometry/Manifold/LocalSourceTargetProperty.olean: OK
.lake/packages/mathlib/.lake/build/lib/lean/Mathlib/Geometry/Manifold/MFDeriv/Atlas.olean: OK
.lake/packages/mathlib/.lake/build/lib/lean/Mathlib/Geometry/Manifold/MFDeriv/Basic.olean: OK
.lake/packages/mathlib/.lake/build/lib/lean/Mathlib/Geometry/Manifold/MFDeriv/Defs.olean: OK
.lake/packages/mathlib/.lake/build/lib/lean/Mathlib/Geometry/Manifold/MFDeriv/FDeriv.olean: OK
.lake/packages/mathlib/.lake/build/lib/lean/Mathlib/Geometry/Manifold/MFDeriv/NormedSpace.olean: OK
.lake/packages/mathlib/.lake/build/lib/lean/Mathlib/Geometry/Manifold/MFDeriv/SpecificFunctions.olean: OK
.lake/packages/mathlib/.lake/build/lib/lean/Mathlib/Geometry/Manifold/MFDeriv/Tangent.olean: OK
.lake/packages/mathlib/.lake/build/lib/lean/Mathlib/Geometry/Manifold/MFDeriv/UniqueDifferential.olean: OK
.lake/packages/mathlib/.lake/build/lib/lean/Mathlib/Geometry/Manifold/Metrizable.olean: OK
.lake/packages/mathlib/.lake/build/lib/lean/Mathlib/Geometry/Manifold/Notation.olean: OK
.lake/packages/mathlib/.lake/build/lib/lean/Mathlib/Geometry/Manifold/PartitionOfUnity.olean: OK
.lake/packages/mathlib/.lake/build/lib/lean/Mathlib/Geometry/Manifold/PoincareConjecture.olean: OK
.lake/packages/mathlib/.lake/build/lib/lean/Mathlib/Geometry/Manifold/Riemannian/Basic.olean: OK
.lake/packages/mathlib/.lake/build/lib/lean/Mathlib/Geometry/Manifold/Riemannian/PathELength.olean: OK
.lake/packages/mathlib/.lake/build/lib/lean/Mathlib/Geometry/Manifold/Sheaf/Basic.olean: OK
.lake/packages/mathlib/.lake/build/lib/lean/Mathlib/Geometry/Manifold/Sheaf/LocallyRingedSpace.olean: OK
.lake/packages/mathlib/.lake/build/lib/lean/Mathlib/Geometry/Manifold/Sheaf/Smooth.olean: OK
.lake/packages/mathlib/.lake/build/lib/lean/Mathlib/Geometry/Manifold/SmoothApprox.olean: OK
.lake/packages/mathlib/.lake/build/lib/lean/Mathlib/Geometry/Manifold/SmoothEmbedding.olean: OK
.lake/packages/mathlib/.lake/build/lib/lean/Mathlib/Geometry/Manifold/StructureGroupoid.olean: OK
.lake/packages/mathlib/.lake/build/lib/lean/Mathlib/Geometry/Manifold/VectorBundle/Basic.olean: OK
.lake/packages/mathlib/.lake/build/lib/lean/Mathlib/Geometry/Manifold/VectorBundle/ContMDiffSection.olean: OK
.lake/packages/mathlib/.lake/build/lib/lean/Mathlib/Geometry/Manifold/VectorBundle/CovariantDerivative/Basic.olean: OK
.lake/packages/mathlib/.lake/build/lib/lean/Mathlib/Geometry/Manifold/VectorBundle/CovariantDerivative/Torsion.olean: OK
.lake/packages/mathlib/.lake/build/lib/lean/Mathlib/Geometry/Manifold/VectorBundle/FiberwiseLinear.olean: OK
.lake/packages/mathlib/.lake/build/lib/lean/Mathlib/Geometry/Manifold/VectorBundle/Hom.olean: OK
.lake/packages/mathlib/.lake/build/lib/lean/Mathlib/Geometry/Manifold/VectorBundle/LocalFrame.olean: OK
.lake/packages/mathlib/.lake/build/lib/lean/Mathlib/Geometry/Manifold/VectorBundle/MDifferentiable.olean: OK
.lake/packages/mathlib/.lake/build/lib/lean/Mathlib/Geometry/Manifold/VectorBundle/Pullback.olean: OK
.lake/packages/mathlib/.lake/build/lib/lean/Mathlib/Geometry/Manifold/VectorBundle/Riemannian.olean: OK
.lake/packages/mathlib/.lake/build/lib/lean/Mathlib/Geometry/Manifold/VectorBundle/SmoothSection.olean: OK
.lake/packages/mathlib/.lake/build/lib/lean/Mathlib/Geometry/Manifold/VectorBundle/Tangent.olean: OK
.lake/packages/mathlib/.lake/build/lib/lean/Mathlib/Geometry/Manifold/VectorBundle/Tensoriality.olean: OK
.lake/packages/mathlib/.lake/build/lib/lean/Mathlib/Geometry/Manifold/VectorField/LieBracket.olean: OK
.lake/packages/mathlib/.lake/build/lib/lean/Mathlib/Geometry/Manifold/VectorField/Pullback.olean: OK
.lake/packages/mathlib/.lake/build/lib/lean/Mathlib/Geometry/Manifold/WhitneyEmbedding.olean: OK
.lake/packages/mathlib/.lake/build/lib/lean/Mathlib/Geometry/Polygon/Basic.olean: OK
.lake/packages/mathlib/.lake/build/lib/lean/Mathlib/Geometry/RingedSpace/Basic.olean: OK
.lake/packages/mathlib/.lake/build/lib/lean/Mathlib/Geometry/RingedSpace/LocallyRingedSpace.olean: OK
.lake/packages/mathlib/.lake/build/lib/lean/Mathlib/Geometry/RingedSpace/LocallyRingedSpace/HasColimits.olean: OK
.lake/packages/mathlib/.lake/build/lib/lean/Mathlib/Geometry/RingedSpace/LocallyRingedSpace/ResidueField.olean: OK
.lake/packages/mathlib/.lake/build/lib/lean/Mathlib/Geometry/RingedSpace/OpenImmersion.olean: OK
.lake/packages/mathlib/.lake/build/lib/lean/Mathlib/Geometry/RingedSpace/PresheafedSpace.olean: OK
.lake/packages/mathlib/.lake/build/lib/lean/Mathlib/Geometry/RingedSpace/PresheafedSpace/Gluing.olean: OK
.lake/packages/mathlib/.lake/build/lib/lean/Mathlib/Geometry/RingedSpace/PresheafedSpace/HasColimits.olean: OK
.lake/packages/mathlib/.lake/build/lib/lean/Mathlib/Geometry/RingedSpace/SheafedSpace.olean: OK
.lake/packages/mathlib/.lake/build/lib/lean/Mathlib/Geometry/RingedSpace/Stalks.olean: OK
.lake/packages/mathlib/.lake/build/lib/lean/Mathlib/GroupTheory/Abelianization/Defs.olean: OK
.lake/packages/mathlib/.lake/build/lib/lean/Mathlib/GroupTheory/Abelianization/Finite.olean: OK
.lake/packages/mathlib/.lake/build/lib/lean/Mathlib/GroupTheory/Archimedean.olean: OK
.lake/packages/mathlib/.lake/build/lib/lean/Mathlib/GroupTheory/ArchimedeanDensely.olean: OK
.lake/packages/mathlib/.lake/build/lib/lean/Mathlib/GroupTheory/ClassEquation.olean: OK
.lake/packages/mathlib/.lake/build/lib/lean/Mathlib/GroupTheory/Commensurable.olean: OK
.lake/packages/mathlib/.lake/build/lib/lean/Mathlib/GroupTheory/Commutator/Basic.olean: OK
.lake/packages/mathlib/.lake/build/lib/lean/Mathlib/GroupTheory/Commutator/Finite.olean: OK
.lake/packages/mathlib/.lake/build/lib/lean/Mathlib/GroupTheory/CommutingProbability.olean: OK
.lake/packages/mathlib/.lake/build/lib/lean/Mathlib/GroupTheory/Complement.olean: OK
.lake/packages/mathlib/.lake/build/lib/lean/Mathlib/GroupTheory/Congruence/Basic.olean: OK
.lake/packages/mathlib/.lake/build/lib/lean/Mathlib/GroupTheory/Congruence/BigOperators.olean: OK
.lake/packages/mathlib/.lake/build/lib/lean/Mathlib/GroupTheory/Congruence/Defs.olean: OK
.lake/packages/mathlib/.lake/build/lib/lean/Mathlib/GroupTheory/Congruence/Hom.olean: OK
.lake/packages/mathlib/.lake/build/lib/lean/Mathlib/GroupTheory/Congruence/Opposite.olean: OK
.lake/packages/mathlib/.lake/build/lib/lean/Mathlib/GroupTheory/Coprod/Basic.olean: OK
.lake/packages/mathlib/.lake/build/lib/lean/Mathlib/GroupTheory/CoprodI.olean: OK
.lake/packages/mathlib/.lake/build/lib/lean/Mathlib/GroupTheory/Coset/Basic.olean: OK
.lake/packages/mathlib/.lake/build/lib/lean/Mathlib/GroupTheory/Coset/Card.olean: OK
.lake/packages/mathlib/.lake/build/lib/lean/Mathlib/GroupTheory/Coset/Defs.olean: OK
.lake/packages/mathlib/.lake/build/lib/lean/Mathlib/GroupTheory/CosetCover.olean: OK
.lake/packages/mathlib/.lake/build/lib/lean/Mathlib/GroupTheory/Coxeter/Basic.olean: OK
.lake/packages/mathlib/.lake/build/lib/lean/Mathlib/GroupTheory/Coxeter/Inversion.olean: OK
.lake/packages/mathlib/.lake/build/lib/lean/Mathlib/GroupTheory/Coxeter/Length.olean: OK
.lake/packages/mathlib/.lake/build/lib/lean/Mathlib/GroupTheory/Coxeter/Matrix.olean: OK
.lake/packages/mathlib/.lake/build/lib/lean/Mathlib/GroupTheory/DedekindFinite.olean: OK
.lake/packages/mathlib/.lake/build/lib/lean/Mathlib/GroupTheory/Descent.olean: OK
.lake/packages/mathlib/.lake/build/lib/lean/Mathlib/GroupTheory/Divisible.olean: OK
.lake/packages/mathlib/.lake/build/lib/lean/Mathlib/GroupTheory/DivisibleHull.olean: OK
.lake/packages/mathlib/.lake/build/lib/lean/Mathlib/GroupTheory/DoubleCoset.olean: OK
.lake/packages/mathlib/.lake/build/lib/lean/Mathlib/GroupTheory/EckmannHilton.olean: OK
.lake/packages/mathlib/.lake/build/lib/lean/Mathlib/GroupTheory/Exponent.olean: OK
.lake/packages/mathlib/.lake/build/lib/lean/Mathlib/GroupTheory/FiniteAbelian/Basic.olean: OK
.lake/packages/mathlib/.lake/build/lib/lean/Mathlib/GroupTheory/FiniteAbelian/Duality.olean: OK
.lake/packages/mathlib/.lake/build/lib/lean/Mathlib/GroupTheory/FiniteIndexNormalSubgroup.olean: OK
.lake/packages/mathlib/.lake/build/lib/lean/Mathlib/GroupTheory/FinitelyPresentedGroup.olean: OK
.lake/packages/mathlib/.lake/build/lib/lean/Mathlib/GroupTheory/Finiteness.olean: OK
.lake/packages/mathlib/.lake/build/lib/lean/Mathlib/GroupTheory/FixedPointFree.olean: OK
.lake/packages/mathlib/.lake/build/lib/lean/Mathlib/GroupTheory/Focal.olean: OK
.lake/packages/mathlib/.lake/build/lib/lean/Mathlib/GroupTheory/Frattini.olean: OK
.lake/packages/mathlib/.lake/build/lib/lean/Mathlib/GroupTheory/FreeAbelianGroup.olean: OK
.lake/packages/mathlib/.lake/build/lib/lean/Mathlib/GroupTheory/FreeGroup/Basic.olean: OK
.lake/packages/mathlib/.lake/build/lib/lean/Mathlib/GroupTheory/FreeGroup/CyclicallyReduced.olean: OK
.lake/packages/mathlib/.lake/build/lib/lean/Mathlib/GroupTheory/FreeGroup/GeneratorEquiv.olean: OK
.lake/packages/mathlib/.lake/build/lib/lean/Mathlib/GroupTheory/FreeGroup/IsFreeGroup.olean: OK
.lake/packages/mathlib/.lake/build/lib/lean/Mathlib/GroupTheory/FreeGroup/NielsenSchreier.olean: OK
.lake/packages/mathlib/.lake/build/lib/lean/Mathlib/GroupTheory/FreeGroup/Orbit.olean: OK
.lake/packages/mathlib/.lake/build/lib/lean/Mathlib/GroupTheory/FreeGroup/Reduce.olean: OK
.lake/packages/mathlib/.lake/build/lib/lean/Mathlib/GroupTheory/Goursat.olean: OK
.lake/packages/mathlib/.lake/build/lib/lean/Mathlib/GroupTheory/GroupAction/Basic.olean: OK
.lake/packages/mathlib/.lake/build/lib/lean/Mathlib/GroupTheory/GroupAction/Blocks.olean: OK
.lake/packages/mathlib/.lake/build/lib/lean/Mathlib/GroupTheory/GroupAction/CardCommute.olean: OK
.lake/packages/mathlib/.lake/build/lib/lean/Mathlib/GroupTheory/GroupAction/ConjAct.olean: OK
.lake/packages/mathlib/.lake/build/lib/lean/Mathlib/GroupTheory/GroupAction/Defs.olean: OK
.lake/packages/mathlib/.lake/build/lib/lean/Mathlib/GroupTheory/GroupAction/DomAct/ActionHom.olean: OK
.lake/packages/mathlib/.lake/build/lib/lean/Mathlib/GroupTheory/GroupAction/DomAct/Basic.olean: OK
.lake/packages/mathlib/.lake/build/lib/lean/Mathlib/GroupTheory/GroupAction/Embedding.olean: OK
.lake/packages/mathlib/.lake/build/lib/lean/Mathlib/GroupTheory/GroupAction/FixedPoints.olean: OK
.lake/packages/mathlib/.lake/build/lib/lean/Mathlib/GroupTheory/GroupAction/FixingSubgroup.olean: OK
.lake/packages/mathlib/.lake/build/lib/lean/Mathlib/GroupTheory/GroupAction/Hom.olean: OK
.lake/packages/mathlib/.lake/build/lib/lean/Mathlib/GroupTheory/GroupAction/IterateAct.olean: OK
.lake/packages/mathlib/.lake/build/lib/lean/Mathlib/GroupTheory/GroupAction/Iwasawa.olean: OK
.lake/packages/mathlib/.lake/build/lib/lean/Mathlib/GroupTheory/GroupAction/Jordan.olean: OK
.lake/packages/mathlib/.lake/build/lib/lean/Mathlib/GroupTheory/GroupAction/MultiplePrimitivity.olean: OK
.lake/packages/mathlib/.lake/build/lib/lean/Mathlib/GroupTheory/GroupAction/MultipleTransitivity.olean: OK
.lake/packages/mathlib/.lake/build/lib/lean/Mathlib/GroupTheory/GroupAction/OfQuotient.olean: OK
.lake/packages/mathlib/.lake/build/lib/lean/Mathlib/GroupTheory/GroupAction/Period.olean: OK
.lake/packages/mathlib/.lake/build/lib/lean/Mathlib/GroupTheory/GroupAction/Pointwise.olean: OK
.lake/packages/mathlib/.lake/build/lib/lean/Mathlib/GroupTheory/GroupAction/Primitive.olean: OK
.lake/packages/mathlib/.lake/build/lib/lean/Mathlib/GroupTheory/GroupAction/Quotient.olean: OK
.lake/packages/mathlib/.lake/build/lib/lean/Mathlib/GroupTheory/GroupAction/Ring.olean: OK
.lake/packages/mathlib/.lake/build/lib/lean/Mathlib/GroupTheory/GroupAction/SubMulAction.olean: OK
.lake/packages/mathlib/.lake/build/lib/lean/Mathlib/GroupTheory/GroupAction/SubMulAction/Closure.olean: OK
.lake/packages/mathlib/.lake/build/lib/lean/Mathlib/GroupTheory/GroupAction/SubMulAction/Combination.olean: OK
.lake/packages/mathlib/.lake/build/lib/lean/Mathlib/GroupTheory/GroupAction/SubMulAction/OfFixingSubgroup.olean: OK
.lake/packages/mathlib/.lake/build/lib/lean/Mathlib/GroupTheory/GroupAction/SubMulAction/OfStabilizer.olean: OK
.lake/packages/mathlib/.lake/build/lib/lean/Mathlib/GroupTheory/GroupAction/SubMulAction/Pointwise.olean: OK
.lake/packages/mathlib/.lake/build/lib/lean/Mathlib/GroupTheory/GroupAction/Support.olean: OK
.lake/packages/mathlib/.lake/build/lib/lean/Mathlib/GroupTheory/GroupAction/Transitive.olean: OK
.lake/packages/mathlib/.lake/build/lib/lean/Mathlib/GroupTheory/GroupExtension/Basic.olean: OK
.lake/packages/mathlib/.lake/build/lib/lean/Mathlib/GroupTheory/GroupExtension/Defs.olean: OK
.lake/packages/mathlib/.lake/build/lib/lean/Mathlib/GroupTheory/HNNExtension.olean: OK
.lake/packages/mathlib/.lake/build/lib/lean/Mathlib/GroupTheory/Index.olean: OK
.lake/packages/mathlib/.lake/build/lib/lean/Mathlib/GroupTheory/IndexNSmul.olean: OK
.lake/packages/mathlib/.lake/build/lib/lean/Mathlib/GroupTheory/IndexNormal.olean: OK
.lake/packages/mathlib/.lake/build/lib/lean/Mathlib/GroupTheory/IsPerfect.olean: OK
.lake/packages/mathlib/.lake/build/lib/lean/Mathlib/GroupTheory/IsSubnormal.olean: OK
.lake/packages/mathlib/.lake/build/lib/lean/Mathlib/GroupTheory/MonoidLocalization/Away.olean: OK
.lake/packages/mathlib/.lake/build/lib/lean/Mathlib/GroupTheory/MonoidLocalization/Basic.olean: OK
.lake/packages/mathlib/.lake/build/lib/lean/Mathlib/GroupTheory/MonoidLocalization/Cardinality.olean: OK
.lake/packages/mathlib/.lake/build/lib/lean/Mathlib/GroupTheory/MonoidLocalization/DivPairs.olean: OK
.lake/packages/mathlib/.lake/build/lib/lean/Mathlib/GroupTheory/MonoidLocalization/Finite.olean: OK
.lake/packages/mathlib/.lake/build/lib/lean/Mathlib/GroupTheory/MonoidLocalization/GrothendieckGroup.olean: OK
.lake/packages/mathlib/.lake/build/lib/lean/Mathlib/GroupTheory/MonoidLocalization/Lemmas.olean: OK
.lake/packages/mathlib/.lake/build/lib/lean/Mathlib/GroupTheory/MonoidLocalization/Maps.olean: OK
.lake/packages/mathlib/.lake/build/lib/lean/Mathlib/GroupTheory/MonoidLocalization/MonoidWithZero.olean: OK
.lake/packages/mathlib/.lake/build/lib/lean/Mathlib/GroupTheory/MonoidLocalization/Order.olean: OK
.lake/packages/mathlib/.lake/build/lib/lean/Mathlib/GroupTheory/Nilpotent.olean: OK
.lake/packages/mathlib/.lake/build/lib/lean/Mathlib/GroupTheory/NoncommCoprod.olean: OK
.lake/packages/mathlib/.lake/build/lib/lean/Mathlib/GroupTheory/NoncommPiCoprod.olean: OK
.lake/packages/mathlib/.lake/build/lib/lean/Mathlib/GroupTheory/Order/Min.olean: OK
.lake/packages/mathlib/.lake/build/lib/lean/Mathlib/GroupTheory/OrderOfElement.olean: OK
.lake/packages/mathlib/.lake/build/lib/lean/Mathlib/GroupTheory/OreLocalization/Basic.olean: OK
.lake/packages/mathlib/.lake/build/lib/lean/Mathlib/GroupTheory/OreLocalization/Cardinality.olean: OK
.lake/packages/mathlib/.lake/build/lib/lean/Mathlib/GroupTheory/OreLocalization/OreSet.olean: OK
.lake/packages/mathlib/.lake/build/lib/lean/Mathlib/GroupTheory/PGroup.olean: OK
.lake/packages/mathlib/.lake/build/lib/lean/Mathlib/GroupTheory/Perm/Basic.olean: OK
.lake/packages/mathlib/.lake/build/lib/lean/Mathlib/GroupTheory/Perm/Centralizer.olean: OK
.lake/packages/mathlib/.lake/build/lib/lean/Mathlib/GroupTheory/Perm/Closure.olean: OK
.lake/packages/mathlib/.lake/build/lib/lean/Mathlib/GroupTheory/Perm/ClosureSwap.olean: OK
.lake/packages/mathlib/.lake/build/lib/lean/Mathlib/GroupTheory/Perm/ConjAct.olean: OK
.lake/packages/mathlib/.lake/build/lib/lean/Mathlib/GroupTheory/Perm/Cycle/Basic.olean: OK
.lake/packages/mathlib/.lake/build/lib/lean/Mathlib/GroupTheory/Perm/Cycle/Concrete.olean: OK
.lake/packages/mathlib/.lake/build/lib/lean/Mathlib/GroupTheory/Perm/Cycle/Factors.olean: OK
.lake/packages/mathlib/.lake/build/lib/lean/Mathlib/GroupTheory/Perm/Cycle/PossibleTypes.olean: OK
.lake/packages/mathlib/.lake/build/lib/lean/Mathlib/GroupTheory/Perm/Cycle/Type.olean: OK
.lake/packages/mathlib/.lake/build/lib/lean/Mathlib/GroupTheory/Perm/DomMulAct.olean: OK
.lake/packages/mathlib/.lake/build/lib/lean/Mathlib/GroupTheory/Perm/Fin.olean: OK
.lake/packages/mathlib/.lake/build/lib/lean/Mathlib/GroupTheory/Perm/Finite.olean: OK
.lake/packages/mathlib/.lake/build/lib/lean/Mathlib/GroupTheory/Perm/List.olean: OK
.lake/packages/mathlib/.lake/build/lib/lean/Mathlib/GroupTheory/Perm/MaximalSubgroups.olean: OK
.lake/packages/mathlib/.lake/build/lib/lean/Mathlib/GroupTheory/Perm/Option.olean: OK
.lake/packages/mathlib/.lake/build/lib/lean/Mathlib/GroupTheory/Perm/Sign.olean: OK
.lake/packages/mathlib/.lake/build/lib/lean/Mathlib/GroupTheory/Perm/Subgroup.olean: OK
.lake/packages/mathlib/.lake/build/lib/lean/Mathlib/GroupTheory/Perm/Support.olean: OK
.lake/packages/mathlib/.lake/build/lib/lean/Mathlib/GroupTheory/Perm/ViaEmbedding.olean: OK
.lake/packages/mathlib/.lake/build/lib/lean/Mathlib/GroupTheory/PresentedGroup.olean: OK
.lake/packages/mathlib/.lake/build/lib/lean/Mathlib/GroupTheory/PushoutI.olean: OK
.lake/packages/mathlib/.lake/build/lib/lean/Mathlib/GroupTheory/QuotientGroup/Basic.olean: OK
.lake/packages/mathlib/.lake/build/lib/lean/Mathlib/GroupTheory/QuotientGroup/Defs.olean: OK
.lake/packages/mathlib/.lake/build/lib/lean/Mathlib/GroupTheory/QuotientGroup/Finite.olean: OK
.lake/packages/mathlib/.lake/build/lib/lean/Mathlib/GroupTheory/QuotientGroup/ModEq.olean: OK
.lake/packages/mathlib/.lake/build/lib/lean/Mathlib/GroupTheory/Rank.olean: OK
.lake/packages/mathlib/.lake/build/lib/lean/Mathlib/GroupTheory/RegularWreathProduct.olean: OK
.lake/packages/mathlib/.lake/build/lib/lean/Mathlib/GroupTheory/ResiduallyFinite.olean: OK
.lake/packages/mathlib/.lake/build/lib/lean/Mathlib/GroupTheory/Schreier.olean: OK
.lake/packages/mathlib/.lake/build/lib/lean/Mathlib/GroupTheory/SchurZassenhaus.olean: OK
.lake/packages/mathlib/.lake/build/lib/lean/Mathlib/GroupTheory/SemidirectProduct.olean: OK
.lake/packages/mathlib/.lake/build/lib/lean/Mathlib/GroupTheory/Solvable.olean: OK
.lake/packages/mathlib/.lake/build/lib/lean/Mathlib/GroupTheory/SpecificGroups/Alternating.olean: OK
.lake/packages/mathlib/.lake/build/lib/lean/Mathlib/GroupTheory/SpecificGroups/Alternating/Centralizer.olean: OK
.lake/packages/mathlib/.lake/build/lib/lean/Mathlib/GroupTheory/SpecificGroups/Alternating/KleinFour.olean: OK
.lake/packages/mathlib/.lake/build/lib/lean/Mathlib/GroupTheory/SpecificGroups/Alternating/MaximalSubgroups.olean: OK
.lake/packages/mathlib/.lake/build/lib/lean/Mathlib/GroupTheory/SpecificGroups/Alternating/Simple.olean: OK
.lake/packages/mathlib/.lake/build/lib/lean/Mathlib/GroupTheory/SpecificGroups/Cyclic.olean: OK
.lake/packages/mathlib/.lake/build/lib/lean/Mathlib/GroupTheory/SpecificGroups/Cyclic/Basic.olean: OK
.lake/packages/mathlib/.lake/build/lib/lean/Mathlib/GroupTheory/SpecificGroups/Dihedral.olean: OK
.lake/packages/mathlib/.lake/build/lib/lean/Mathlib/GroupTheory/SpecificGroups/KleinFour.olean: OK
.lake/packages/mathlib/.lake/build/lib/lean/Mathlib/GroupTheory/SpecificGroups/Quaternion.olean: OK
.lake/packages/mathlib/.lake/build/lib/lean/Mathlib/GroupTheory/SpecificGroups/ZGroup.olean: OK
.lake/packages/mathlib/.lake/build/lib/lean/Mathlib/GroupTheory/Subgroup/Center.olean: OK
.lake/packages/mathlib/.lake/build/lib/lean/Mathlib/GroupTheory/Subgroup/Centralizer.olean: OK
.lake/packages/mathlib/.lake/build/lib/lean/Mathlib/GroupTheory/Subgroup/Saturated.olean: OK
.lake/packages/mathlib/.lake/build/lib/lean/Mathlib/GroupTheory/Subgroup/Simple.olean: OK
.lake/packages/mathlib/.lake/build/lib/lean/Mathlib/GroupTheory/Submonoid/Center.olean: OK
.lake/packages/mathlib/.lake/build/lib/lean/Mathlib/GroupTheory/Submonoid/Centralizer.olean: OK
.lake/packages/mathlib/.lake/build/lib/lean/Mathlib/GroupTheory/Submonoid/Inverses.olean: OK
.lake/packages/mathlib/.lake/build/lib/lean/Mathlib/GroupTheory/Subsemigroup/Center.olean: OK
.lake/packages/mathlib/.lake/build/lib/lean/Mathlib/GroupTheory/Subsemigroup/Centralizer.olean: OK
.lake/packages/mathlib/.lake/build/lib/lean/Mathlib/GroupTheory/Sylow.olean: OK
.lake/packages/mathlib/.lake/build/lib/lean/Mathlib/GroupTheory/Torsion.olean: OK
.lake/packages/mathlib/.lake/build/lib/lean/Mathlib/GroupTheory/Transfer.olean: OK
.lake/packages/mathlib/.lake/build/lib/lean/Mathlib/InformationTheory/Coding/KraftMcMillan.olean: OK
.lake/packages/mathlib/.lake/build/lib/lean/Mathlib/InformationTheory/Coding/UniquelyDecodable.olean: OK
.lake/packages/mathlib/.lake/build/lib/lean/Mathlib/InformationTheory/Hamming.olean: OK
.lake/packages/mathlib/.lake/build/lib/lean/Mathlib/InformationTheory/KullbackLeibler/Basic.olean: OK
.lake/packages/mathlib/.lake/build/lib/lean/Mathlib/InformationTheory/KullbackLeibler/ChainRule.olean: OK
.lake/packages/mathlib/.lake/build/lib/lean/Mathlib/InformationTheory/KullbackLeibler/KLFun.olean: OK
.lake/packages/mathlib/.lake/build/lib/lean/Mathlib/Init.olean: OK
.lake/packages/mathlib/.lake/build/lib/lean/Mathlib/Lean/ContextInfo.olean: OK
.lake/packages/mathlib/.lake/build/lib/lean/Mathlib/Lean/CoreM.olean: OK
.lake/packages/mathlib/.lake/build/lib/lean/Mathlib/Lean/Elab/InfoTree.olean: OK
.lake/packages/mathlib/.lake/build/lib/lean/Mathlib/Lean/Elab/Tactic/Basic.olean: OK
.lake/packages/mathlib/.lake/build/lib/lean/Mathlib/Lean/Elab/Tactic/Meta.olean: OK
.lake/packages/mathlib/.lake/build/lib/lean/Mathlib/Lean/Elab/Term.olean: OK
.lake/packages/mathlib/.lake/build/lib/lean/Mathlib/Lean/EnvExtension.olean: OK
.lake/packages/mathlib/.lake/build/lib/lean/Mathlib/Lean/Environment.olean: OK
.lake/packages/mathlib/.lake/build/lib/lean/Mathlib/Lean/Exception.olean: OK
.lake/packages/mathlib/.lake/build/lib/lean/Mathlib/Lean/Expr.olean: OK
.lake/packages/mathlib/.lake/build/lib/lean/Mathlib/Lean/Expr/Basic.olean: OK
.lake/packages/mathlib/.lake/build/lib/lean/Mathlib/Lean/Expr/ExtraRecognizers.olean: OK
.lake/packages/mathlib/.lake/build/lib/lean/Mathlib/Lean/Expr/Rat.olean: OK
.lake/packages/mathlib/.lake/build/lib/lean/Mathlib/Lean/Expr/ReplaceRec.olean: OK
.lake/packages/mathlib/.lake/build/lib/lean/Mathlib/Lean/FoldEnvironment.olean: OK
.lake/packages/mathlib/.lake/build/lib/lean/Mathlib/Lean/GoalsLocation.olean: OK
.lake/packages/mathlib/.lake/build/lib/lean/Mathlib/Lean/Json.olean: OK
.lake/packages/mathlib/.lake/build/lib/lean/Mathlib/Lean/Linter.olean: OK
.lake/packages/mathlib/.lake/build/lib/lean/Mathlib/Lean/LocalContext.olean: OK
.lake/packages/mathlib/.lake/build/lib/lean/Mathlib/Lean/MessageData/ForExprs.olean: OK
.lake/packages/mathlib/.lake/build/lib/lean/Mathlib/Lean/MessageData/Trace.olean: OK
.lake/packages/mathlib/.lake/build/lib/lean/Mathlib/Lean/Meta.olean: OK
.lake/packages/mathlib/.lake/build/lib/lean/Mathlib/Lean/Meta/Basic.olean: OK
.lake/packages/mathlib/.lake/build/lib/lean/Mathlib/Lean/Meta/CongrTheorems.olean: OK
.lake/packages/mathlib/.lake/build/lib/lean/Mathlib/Lean/Meta/DiscrTree.olean: OK
.lake/packages/mathlib/.lake/build/lib/lean/Mathlib/Lean/Meta/KAbstractPositions.olean: OK
.lake/packages/mathlib/.lake/build/lib/lean/Mathlib/Lean/Meta/RefinedDiscrTree.olean: OK
.lake/packages/mathlib/.lake/build/lib/lean/Mathlib/Lean/Meta/RefinedDiscrTree/Basic.olean: OK
.lake/packages/mathlib/.lake/build/lib/lean/Mathlib/Lean/Meta/RefinedDiscrTree/Encode.olean: OK
.lake/packages/mathlib/.lake/build/lib/lean/Mathlib/Lean/Meta/RefinedDiscrTree/Initialize.olean: OK
.lake/packages/mathlib/.lake/build/lib/lean/Mathlib/Lean/Meta/RefinedDiscrTree/Lookup.olean: OK
.lake/packages/mathlib/.lake/build/lib/lean/Mathlib/Lean/Meta/Simp.olean: OK
.lake/packages/mathlib/.lake/build/lib/lean/Mathlib/Lean/Meta/Tactic/Rewrite.olean: OK
.lake/packages/mathlib/.lake/build/lib/lean/Mathlib/Lean/Name.olean: OK
.lake/packages/mathlib/.lake/build/lib/lean/Mathlib/Lean/PrettyPrinter/Delaborator.olean: OK
.lake/packages/mathlib/.lake/build/lib/lean/Mathlib/Lean/Thunk.olean: OK
.lake/packages/mathlib/.lake/build/lib/lean/Mathlib/LinearAlgebra/AffineSpace/AffineEquiv.olean: OK
.lake/packages/mathlib/.lake/build/lib/lean/Mathlib/LinearAlgebra/AffineSpace/AffineMap.olean: OK
.lake/packages/mathlib/.lake/build/lib/lean/Mathlib/LinearAlgebra/AffineSpace/AffineSubspace/Basic.olean: OK
.lake/packages/mathlib/.lake/build/lib/lean/Mathlib/LinearAlgebra/AffineSpace/AffineSubspace/Defs.olean: OK
.lake/packages/mathlib/.lake/build/lib/lean/Mathlib/LinearAlgebra/AffineSpace/AffineSubspace/Shift.olean: OK
.lake/packages/mathlib/.lake/build/lib/lean/Mathlib/LinearAlgebra/AffineSpace/Basis.olean: OK
.lake/packages/mathlib/.lake/build/lib/lean/Mathlib/LinearAlgebra/AffineSpace/Centroid.olean: OK
.lake/packages/mathlib/.lake/build/lib/lean/Mathlib/LinearAlgebra/AffineSpace/Ceva.olean: OK
.lake/packages/mathlib/.lake/build/lib/lean/Mathlib/LinearAlgebra/AffineSpace/Combination.olean: OK
.lake/packages/mathlib/.lake/build/lib/lean/Mathlib/LinearAlgebra/AffineSpace/Defs.olean: OK
.lake/packages/mathlib/.lake/build/lib/lean/Mathlib/LinearAlgebra/AffineSpace/FiniteDimensional.olean: OK
.lake/packages/mathlib/.lake/build/lib/lean/Mathlib/LinearAlgebra/AffineSpace/Independent.olean: OK
.lake/packages/mathlib/.lake/build/lib/lean/Mathlib/LinearAlgebra/AffineSpace/Matrix.olean: OK
.lake/packages/mathlib/.lake/build/lib/lean/Mathlib/LinearAlgebra/AffineSpace/Midpoint.olean: OK
.lake/packages/mathlib/.lake/build/lib/lean/Mathlib/LinearAlgebra/AffineSpace/MidpointZero.olean: OK
.lake/packages/mathlib/.lake/build/lib/lean/Mathlib/LinearAlgebra/AffineSpace/Ordered.olean: OK
.lake/packages/mathlib/.lake/build/lib/lean/Mathlib/LinearAlgebra/AffineSpace/Pointwise.olean: OK
.lake/packages/mathlib/.lake/build/lib/lean/Mathlib/LinearAlgebra/AffineSpace/Restrict.olean: OK
.lake/packages/mathlib/.lake/build/lib/lean/Mathlib/LinearAlgebra/AffineSpace/Simplex/Basic.olean: OK
.lake/packages/mathlib/.lake/build/lib/lean/Mathlib/LinearAlgebra/AffineSpace/Simplex/Centroid.olean: OK
.lake/packages/mathlib/.lake/build/lib/lean/Mathlib/LinearAlgebra/AffineSpace/Slope.olean: OK
.lake/packages/mathlib/.lake/build/lib/lean/Mathlib/LinearAlgebra/Alternating/Basic.olean: OK
.lake/packages/mathlib/.lake/build/lib/lean/Mathlib/LinearAlgebra/Alternating/Curry.olean: OK
.lake/packages/mathlib/.lake/build/lib/lean/Mathlib/LinearAlgebra/Alternating/DomCoprod.olean: OK
.lake/packages/mathlib/.lake/build/lib/lean/Mathlib/LinearAlgebra/Alternating/Uncurry/Fin.olean: OK
.lake/packages/mathlib/.lake/build/lib/lean/Mathlib/LinearAlgebra/AnnihilatingPolynomial.olean: OK
.lake/packages/mathlib/.lake/build/lib/lean/Mathlib/LinearAlgebra/Basis/Basic.olean: OK
.lake/packages/mathlib/.lake/build/lib/lean/Mathlib/LinearAlgebra/Basis/Bilinear.olean: OK
.lake/packages/mathlib/.lake/build/lib/lean/Mathlib/LinearAlgebra/Basis/Cardinality.olean: OK
.lake/packages/mathlib/.lake/build/lib/lean/Mathlib/LinearAlgebra/Basis/Defs.olean: OK
.lake/packages/mathlib/.lake/build/lib/lean/Mathlib/LinearAlgebra/Basis/Exact.olean: OK
.lake/packages/mathlib/.lake/build/lib/lean/Mathlib/LinearAlgebra/Basis/Fin.olean: OK
.lake/packages/mathlib/.lake/build/lib/lean/Mathlib/LinearAlgebra/Basis/Flag.olean: OK
.lake/packages/mathlib/.lake/build/lib/lean/Mathlib/LinearAlgebra/Basis/MulOpposite.olean: OK
.lake/packages/mathlib/.lake/build/lib/lean/Mathlib/LinearAlgebra/Basis/Prod.olean: OK
.lake/packages/mathlib/.lake/build/lib/lean/Mathlib/LinearAlgebra/Basis/SMul.olean: OK
.lake/packages/mathlib/.lake/build/lib/lean/Mathlib/LinearAlgebra/Basis/Submodule.olean: OK
.lake/packages/mathlib/.lake/build/lib/lean/Mathlib/LinearAlgebra/Basis/VectorSpace.olean: OK
.lake/packages/mathlib/.lake/build/lib/lean/Mathlib/LinearAlgebra/BilinearForm/Basic.olean: OK
.lake/packages/mathlib/.lake/build/lib/lean/Mathlib/LinearAlgebra/BilinearForm/DualLattice.olean: OK
.lake/packages/mathlib/.lake/build/lib/lean/Mathlib/LinearAlgebra/BilinearForm/Hom.olean: OK
.lake/packages/mathlib/.lake/build/lib/lean/Mathlib/LinearAlgebra/BilinearForm/Isometry.olean: OK
.lake/packages/mathlib/.lake/build/lib/lean/Mathlib/LinearAlgebra/BilinearForm/IsometryEquiv.olean: OK
.lake/packages/mathlib/.lake/build/lib/lean/Mathlib/LinearAlgebra/BilinearForm/Orthogonal.olean: OK
.lake/packages/mathlib/.lake/build/lib/lean/Mathlib/LinearAlgebra/BilinearForm/Properties.olean: OK
.lake/packages/mathlib/.lake/build/lib/lean/Mathlib/LinearAlgebra/BilinearForm/TensorProduct.olean: OK
.lake/packages/mathlib/.lake/build/lib/lean/Mathlib/LinearAlgebra/BilinearMap.olean: OK
.lake/packages/mathlib/.lake/build/lib/lean/Mathlib/LinearAlgebra/Center.olean: OK
.lake/packages/mathlib/.lake/build/lib/lean/Mathlib/LinearAlgebra/Charpoly/BaseChange.olean: OK
.lake/packages/mathlib/.lake/build/lib/lean/Mathlib/LinearAlgebra/Charpoly/Basic.olean: OK
.lake/packages/mathlib/.lake/build/lib/lean/Mathlib/LinearAlgebra/Charpoly/ToMatrix.olean: OK
.lake/packages/mathlib/.lake/build/lib/lean/Mathlib/LinearAlgebra/CliffordAlgebra/BaseChange.olean: OK
.lake/packages/mathlib/.lake/build/lib/lean/Mathlib/LinearAlgebra/CliffordAlgebra/Basic.olean: OK
.lake/packages/mathlib/.lake/build/lib/lean/Mathlib/LinearAlgebra/CliffordAlgebra/CategoryTheory.olean: OK
.lake/packages/mathlib/.lake/build/lib/lean/Mathlib/LinearAlgebra/CliffordAlgebra/Conjugation.olean: OK
.lake/packages/mathlib/.lake/build/lib/lean/Mathlib/LinearAlgebra/CliffordAlgebra/Contraction.olean: OK
.lake/packages/mathlib/.lake/build/lib/lean/Mathlib/LinearAlgebra/CliffordAlgebra/Equivs.olean: OK
.lake/packages/mathlib/.lake/build/lib/lean/Mathlib/LinearAlgebra/CliffordAlgebra/Even.olean: OK
.lake/packages/mathlib/.lake/build/lib/lean/Mathlib/LinearAlgebra/CliffordAlgebra/EvenEquiv.olean: OK
.lake/packages/mathlib/.lake/build/lib/lean/Mathlib/LinearAlgebra/CliffordAlgebra/Fold.olean: OK
.lake/packages/mathlib/.lake/build/lib/lean/Mathlib/LinearAlgebra/CliffordAlgebra/Grading.olean: OK
.lake/packages/mathlib/.lake/build/lib/lean/Mathlib/LinearAlgebra/CliffordAlgebra/Inversion.olean: OK
.lake/packages/mathlib/.lake/build/lib/lean/Mathlib/LinearAlgebra/CliffordAlgebra/Prod.olean: OK
.lake/packages/mathlib/.lake/build/lib/lean/Mathlib/LinearAlgebra/CliffordAlgebra/SpinGroup.olean: OK
.lake/packages/mathlib/.lake/build/lib/lean/Mathlib/LinearAlgebra/CliffordAlgebra/Star.olean: OK
.lake/packages/mathlib/.lake/build/lib/lean/Mathlib/LinearAlgebra/Coevaluation.olean: OK
.lake/packages/mathlib/.lake/build/lib/lean/Mathlib/LinearAlgebra/Complex/Determinant.olean: OK
.lake/packages/mathlib/.lake/build/lib/lean/Mathlib/LinearAlgebra/Complex/FiniteDimensional.olean: OK
.lake/packages/mathlib/.lake/build/lib/lean/Mathlib/LinearAlgebra/Complex/Module.olean: OK
.lake/packages/mathlib/.lake/build/lib/lean/Mathlib/LinearAlgebra/Complex/Orientation.olean: OK
.lake/packages/mathlib/.lake/build/lib/lean/Mathlib/LinearAlgebra/Contraction.olean: OK
.lake/packages/mathlib/.lake/build/lib/lean/Mathlib/LinearAlgebra/Countable.olean: OK
.lake/packages/mathlib/.lake/build/lib/lean/Mathlib/LinearAlgebra/CrossProduct.olean: OK
.lake/packages/mathlib/.lake/build/lib/lean/Mathlib/LinearAlgebra/DFinsupp.olean: OK
.lake/packages/mathlib/.lake/build/lib/lean/Mathlib/LinearAlgebra/Determinant.olean: OK
.lake/packages/mathlib/.lake/build/lib/lean/Mathlib/LinearAlgebra/Dimension/Basic.olean: OK
.lake/packages/mathlib/.lake/build/lib/lean/Mathlib/LinearAlgebra/Dimension/Constructions.olean: OK
.lake/packages/mathlib/.lake/build/lib/lean/Mathlib/LinearAlgebra/Dimension/DivisionRing.olean: OK
.lake/packages/mathlib/.lake/build/lib/lean/Mathlib/LinearAlgebra/Dimension/ErdosKaplansky.olean: OK
.lake/packages/mathlib/.lake/build/lib/lean/Mathlib/LinearAlgebra/Dimension/Finite.olean: OK
.lake/packages/mathlib/.lake/build/lib/lean/Mathlib/LinearAlgebra/Dimension/Finrank.olean: OK
.lake/packages/mathlib/.lake/build/lib/lean/Mathlib/LinearAlgebra/Dimension/Free.olean: OK
.lake/packages/mathlib/.lake/build/lib/lean/Mathlib/LinearAlgebra/Dimension/FreeAndStrongRankCondition.olean: OK
.lake/packages/mathlib/.lake/build/lib/lean/Mathlib/LinearAlgebra/Dimension/LinearMap.olean: OK
.lake/packages/mathlib/.lake/build/lib/lean/Mathlib/LinearAlgebra/Dimension/Localization.olean: OK
.lake/packages/mathlib/.lake/build/lib/lean/Mathlib/LinearAlgebra/Dimension/OrzechProperty.olean: OK
.lake/packages/mathlib/.lake/build/lib/lean/Mathlib/LinearAlgebra/Dimension/RankNullity.olean: OK
.lake/packages/mathlib/.lake/build/lib/lean/Mathlib/LinearAlgebra/Dimension/StrongRankCondition.olean: OK
.lake/packages/mathlib/.lake/build/lib/lean/Mathlib/LinearAlgebra/Dimension/Subsingleton.olean: OK
.lake/packages/mathlib/.lake/build/lib/lean/Mathlib/LinearAlgebra/Dimension/Torsion/Basic.olean: OK
.lake/packages/mathlib/.lake/build/lib/lean/Mathlib/LinearAlgebra/Dimension/Torsion/Finite.olean: OK
.lake/packages/mathlib/.lake/build/lib/lean/Mathlib/LinearAlgebra/DirectSum/Basis.olean: OK
.lake/packages/mathlib/.lake/build/lib/lean/Mathlib/LinearAlgebra/DirectSum/Finite.olean: OK
.lake/packages/mathlib/.lake/build/lib/lean/Mathlib/LinearAlgebra/DirectSum/Finsupp.olean: OK
.lake/packages/mathlib/.lake/build/lib/lean/Mathlib/LinearAlgebra/DirectSum/TensorProduct.olean: OK
.lake/packages/mathlib/.lake/build/lib/lean/Mathlib/LinearAlgebra/Dual/BaseChange.olean: OK
.lake/packages/mathlib/.lake/build/lib/lean/Mathlib/LinearAlgebra/Dual/Basis.olean: OK
.lake/packages/mathlib/.lake/build/lib/lean/Mathlib/LinearAlgebra/Dual/Defs.olean: OK
.lake/packages/mathlib/.lake/build/lib/lean/Mathlib/LinearAlgebra/Dual/Lemmas.olean: OK
.lake/packages/mathlib/.lake/build/lib/lean/Mathlib/LinearAlgebra/Eigenspace/Basic.olean: OK
.lake/packages/mathlib/.lake/build/lib/lean/Mathlib/LinearAlgebra/Eigenspace/Charpoly.olean: OK
.lake/packages/mathlib/.lake/build/lib/lean/Mathlib/LinearAlgebra/Eigenspace/ContinuousLinearMap.olean: OK
.lake/packages/mathlib/.lake/build/lib/lean/Mathlib/LinearAlgebra/Eigenspace/Matrix.olean: OK
.lake/packages/mathlib/.lake/build/lib/lean/Mathlib/LinearAlgebra/Eigenspace/Minpoly.olean: OK
.lake/packages/mathlib/.lake/build/lib/lean/Mathlib/LinearAlgebra/Eigenspace/Pi.olean: OK
.lake/packages/mathlib/.lake/build/lib/lean/Mathlib/LinearAlgebra/Eigenspace/Semisimple.olean: OK
.lake/packages/mathlib/.lake/build/lib/lean/Mathlib/LinearAlgebra/Eigenspace/Triangularizable.olean: OK
.lake/packages/mathlib/.lake/build/lib/lean/Mathlib/LinearAlgebra/Eigenspace/Zero.olean: OK
.lake/packages/mathlib/.lake/build/lib/lean/Mathlib/LinearAlgebra/ExteriorAlgebra/Basic.olean: OK
.lake/packages/mathlib/.lake/build/lib/lean/Mathlib/LinearAlgebra/ExteriorAlgebra/Basis.olean: OK
.lake/packages/mathlib/.lake/build/lib/lean/Mathlib/LinearAlgebra/ExteriorAlgebra/Grading.olean: OK
.lake/packages/mathlib/.lake/build/lib/lean/Mathlib/LinearAlgebra/ExteriorAlgebra/OfAlternating.olean: OK
.lake/packages/mathlib/.lake/build/lib/lean/Mathlib/LinearAlgebra/ExteriorPower/Basic.olean: OK
.lake/packages/mathlib/.lake/build/lib/lean/Mathlib/LinearAlgebra/ExteriorPower/Basis.olean: OK
.lake/packages/mathlib/.lake/build/lib/lean/Mathlib/LinearAlgebra/ExteriorPower/Pairing.olean: OK
.lake/packages/mathlib/.lake/build/lib/lean/Mathlib/LinearAlgebra/FiniteDimensional/Basic.olean: OK
.lake/packages/mathlib/.lake/build/lib/lean/Mathlib/LinearAlgebra/FiniteDimensional/Defs.olean: OK
.lake/packages/mathlib/.lake/build/lib/lean/Mathlib/LinearAlgebra/FiniteDimensional/Lemmas.olean: OK
.lake/packages/mathlib/.lake/build/lib/lean/Mathlib/LinearAlgebra/FiniteSpan.olean: OK
.lake/packages/mathlib/.lake/build/lib/lean/Mathlib/LinearAlgebra/Finsupp/Defs.olean: OK
.lake/packages/mathlib/.lake/build/lib/lean/Mathlib/LinearAlgebra/Finsupp/LSum.olean: OK
.lake/packages/mathlib/.lake/build/lib/lean/Mathlib/LinearAlgebra/Finsupp/LinearCombination.olean: OK
.lake/packages/mathlib/.lake/build/lib/lean/Mathlib/LinearAlgebra/Finsupp/Pi.olean: OK
.lake/packages/mathlib/.lake/build/lib/lean/Mathlib/LinearAlgebra/Finsupp/Span.olean: OK
.lake/packages/mathlib/.lake/build/lib/lean/Mathlib/LinearAlgebra/Finsupp/SumProd.olean: OK
.lake/packages/mathlib/.lake/build/lib/lean/Mathlib/LinearAlgebra/Finsupp/Supported.olean: OK
.lake/packages/mathlib/.lake/build/lib/lean/Mathlib/LinearAlgebra/Finsupp/VectorSpace.olean: OK
.lake/packages/mathlib/.lake/build/lib/lean/Mathlib/LinearAlgebra/FixedSubmodule.olean: OK
.lake/packages/mathlib/.lake/build/lib/lean/Mathlib/LinearAlgebra/FreeAlgebra.olean: OK
.lake/packages/mathlib/.lake/build/lib/lean/Mathlib/LinearAlgebra/FreeModule/Basic.olean: OK
.lake/packages/mathlib/.lake/build/lib/lean/Mathlib/LinearAlgebra/FreeModule/Determinant.olean: OK
.lake/packages/mathlib/.lake/build/lib/lean/Mathlib/LinearAlgebra/FreeModule/Finite/Basic.olean: OK
.lake/packages/mathlib/.lake/build/lib/lean/Mathlib/LinearAlgebra/FreeModule/Finite/CardQuotient.olean: OK
.lake/packages/mathlib/.lake/build/lib/lean/Mathlib/LinearAlgebra/FreeModule/Finite/Matrix.olean: OK
.lake/packages/mathlib/.lake/build/lib/lean/Mathlib/LinearAlgebra/FreeModule/Finite/Quotient.olean: OK
.lake/packages/mathlib/.lake/build/lib/lean/Mathlib/LinearAlgebra/FreeModule/IdealQuotient.olean: OK
.lake/packages/mathlib/.lake/build/lib/lean/Mathlib/LinearAlgebra/FreeModule/Int.olean: OK
.lake/packages/mathlib/.lake/build/lib/lean/Mathlib/LinearAlgebra/FreeModule/ModN.olean: OK
.lake/packages/mathlib/.lake/build/lib/lean/Mathlib/LinearAlgebra/FreeModule/Norm.olean: OK
.lake/packages/mathlib/.lake/build/lib/lean/Mathlib/LinearAlgebra/FreeModule/PID.olean: OK
.lake/packages/mathlib/.lake/build/lib/lean/Mathlib/LinearAlgebra/FreeModule/StrongRankCondition.olean: OK
.lake/packages/mathlib/.lake/build/lib/lean/Mathlib/LinearAlgebra/FreeProduct/Basic.olean: OK
.lake/packages/mathlib/.lake/build/lib/lean/Mathlib/LinearAlgebra/GeneralLinearGroup.olean: OK
.lake/packages/mathlib/.lake/build/lib/lean/Mathlib/LinearAlgebra/GeneralLinearGroup/AlgEquiv.olean: OK
.lake/packages/mathlib/.lake/build/lib/lean/Mathlib/LinearAlgebra/GeneralLinearGroup/Basic.olean: OK
.lake/packages/mathlib/.lake/build/lib/lean/Mathlib/LinearAlgebra/Goursat.olean: OK
.lake/packages/mathlib/.lake/build/lib/lean/Mathlib/LinearAlgebra/InvariantBasisNumber.olean: OK
.lake/packages/mathlib/.lake/build/lib/lean/Mathlib/LinearAlgebra/Isomorphisms.olean: OK
.lake/packages/mathlib/.lake/build/lib/lean/Mathlib/LinearAlgebra/JordanChevalley.olean: OK
.lake/packages/mathlib/.lake/build/lib/lean/Mathlib/LinearAlgebra/Lagrange.olean: OK
.lake/packages/mathlib/.lake/build/lib/lean/Mathlib/LinearAlgebra/LeftExact.olean: OK
.lake/packages/mathlib/.lake/build/lib/lean/Mathlib/LinearAlgebra/LinearDisjoint.olean: OK
.lake/packages/mathlib/.lake/build/lib/lean/Mathlib/LinearAlgebra/LinearIndependent/BaseChange.olean: OK
.lake/packages/mathlib/.lake/build/lib/lean/Mathlib/LinearAlgebra/LinearIndependent/Basic.olean: OK
.lake/packages/mathlib/.lake/build/lib/lean/Mathlib/LinearAlgebra/LinearIndependent/Defs.olean: OK
.lake/packages/mathlib/.lake/build/lib/lean/Mathlib/LinearAlgebra/LinearIndependent/Lemmas.olean: OK
.lake/packages/mathlib/.lake/build/lib/lean/Mathlib/LinearAlgebra/LinearPMap.olean: OK
.lake/packages/mathlib/.lake/build/lib/lean/Mathlib/LinearAlgebra/Matrix/AbsoluteValue.olean: OK
.lake/packages/mathlib/.lake/build/lib/lean/Mathlib/LinearAlgebra/Matrix/Adjugate.olean: OK
.lake/packages/mathlib/.lake/build/lib/lean/Mathlib/LinearAlgebra/Matrix/BaseChange.olean: OK
.lake/packages/mathlib/.lake/build/lib/lean/Mathlib/LinearAlgebra/Matrix/Basis.olean: OK
.lake/packages/mathlib/.lake/build/lib/lean/Mathlib/LinearAlgebra/Matrix/BilinearForm.olean: OK
.lake/packages/mathlib/.lake/build/lib/lean/Mathlib/LinearAlgebra/Matrix/Block.olean: OK
.lake/packages/mathlib/.lake/build/lib/lean/Mathlib/LinearAlgebra/Matrix/CharP.olean: OK
.lake/packages/mathlib/.lake/build/lib/lean/Mathlib/LinearAlgebra/Matrix/Charpoly/Basic.olean: OK
.lake/packages/mathlib/.lake/build/lib/lean/Mathlib/LinearAlgebra/Matrix/Charpoly/Coeff.olean: OK
.lake/packages/mathlib/.lake/build/lib/lean/Mathlib/LinearAlgebra/Matrix/Charpoly/Disc.olean: OK
.lake/packages/mathlib/.lake/build/lib/lean/Mathlib/LinearAlgebra/Matrix/Charpoly/Eigs.olean: OK
.lake/packages/mathlib/.lake/build/lib/lean/Mathlib/LinearAlgebra/Matrix/Charpoly/FiniteField.olean: OK
.lake/packages/mathlib/.lake/build/lib/lean/Mathlib/LinearAlgebra/Matrix/Charpoly/LinearMap.olean: OK
.lake/packages/mathlib/.lake/build/lib/lean/Mathlib/LinearAlgebra/Matrix/Charpoly/Minpoly.olean: OK
.lake/packages/mathlib/.lake/build/lib/lean/Mathlib/LinearAlgebra/Matrix/Charpoly/Univ.olean: OK
.lake/packages/mathlib/.lake/build/lib/lean/Mathlib/LinearAlgebra/Matrix/Circulant.olean: OK
.lake/packages/mathlib/.lake/build/lib/lean/Mathlib/LinearAlgebra/Matrix/ConjTranspose.olean: OK
.lake/packages/mathlib/.lake/build/lib/lean/Mathlib/LinearAlgebra/Matrix/Defs.olean: OK
.lake/packages/mathlib/.lake/build/lib/lean/Mathlib/LinearAlgebra/Matrix/Determinant/Basic.olean: OK
.lake/packages/mathlib/.lake/build/lib/lean/Mathlib/LinearAlgebra/Matrix/Determinant/Misc.olean: OK
.lake/packages/mathlib/.lake/build/lib/lean/Mathlib/LinearAlgebra/Matrix/Determinant/TotallyUnimodular.olean: OK
.lake/packages/mathlib/.lake/build/lib/lean/Mathlib/LinearAlgebra/Matrix/Diagonal.olean: OK
.lake/packages/mathlib/.lake/build/lib/lean/Mathlib/LinearAlgebra/Matrix/DotProduct.olean: OK
.lake/packages/mathlib/.lake/build/lib/lean/Mathlib/LinearAlgebra/Matrix/Dual.olean: OK
.lake/packages/mathlib/.lake/build/lib/lean/Mathlib/LinearAlgebra/Matrix/FiniteDimensional.olean: OK
.lake/packages/mathlib/.lake/build/lib/lean/Mathlib/LinearAlgebra/Matrix/FixedDetMatrices.olean: OK
.lake/packages/mathlib/.lake/build/lib/lean/Mathlib/LinearAlgebra/Matrix/GeneralLinearGroup/Basic.olean: OK
.lake/packages/mathlib/.lake/build/lib/lean/Mathlib/LinearAlgebra/Matrix/GeneralLinearGroup/Card.olean: OK
.lake/packages/mathlib/.lake/build/lib/lean/Mathlib/LinearAlgebra/Matrix/GeneralLinearGroup/Defs.olean: OK
.lake/packages/mathlib/.lake/build/lib/lean/Mathlib/LinearAlgebra/Matrix/GeneralLinearGroup/FinTwo.olean: OK
.lake/packages/mathlib/.lake/build/lib/lean/Mathlib/LinearAlgebra/Matrix/GeneralLinearGroup/Projective.olean: OK
.lake/packages/mathlib/.lake/build/lib/lean/Mathlib/LinearAlgebra/Matrix/Gershgorin.olean: OK
.lake/packages/mathlib/.lake/build/lib/lean/Mathlib/LinearAlgebra/Matrix/Hadamard.olean: OK
.lake/packages/mathlib/.lake/build/lib/lean/Mathlib/LinearAlgebra/Matrix/Hermitian.olean: OK
.lake/packages/mathlib/.lake/build/lib/lean/Mathlib/LinearAlgebra/Matrix/HermitianFunctionalCalculus.olean: OK
.lake/packages/mathlib/.lake/build/lib/lean/Mathlib/LinearAlgebra/Matrix/Ideal.olean: OK
.lake/packages/mathlib/.lake/build/lib/lean/Mathlib/LinearAlgebra/Matrix/Integer.olean: OK
.lake/packages/mathlib/.lake/build/lib/lean/Mathlib/LinearAlgebra/Matrix/InvariantBasisNumber.olean: OK
.lake/packages/mathlib/.lake/build/lib/lean/Mathlib/LinearAlgebra/Matrix/Irreducible/Defs.olean: OK
.lake/packages/mathlib/.lake/build/lib/lean/Mathlib/LinearAlgebra/Matrix/IsDiag.olean: OK
.lake/packages/mathlib/.lake/build/lib/lean/Mathlib/LinearAlgebra/Matrix/Kronecker.olean: OK
.lake/packages/mathlib/.lake/build/lib/lean/Mathlib/LinearAlgebra/Matrix/LDL.olean: OK
.lake/packages/mathlib/.lake/build/lib/lean/Mathlib/LinearAlgebra/Matrix/Module.olean: OK
.lake/packages/mathlib/.lake/build/lib/lean/Mathlib/LinearAlgebra/Matrix/MvPolynomial.olean: OK
.lake/packages/mathlib/.lake/build/lib/lean/Mathlib/LinearAlgebra/Matrix/Nondegenerate.olean: OK
.lake/packages/mathlib/.lake/build/lib/lean/Mathlib/LinearAlgebra/Matrix/NonsingularInverse.olean: OK
.lake/packages/mathlib/.lake/build/lib/lean/Mathlib/LinearAlgebra/Matrix/Notation.olean: OK
.lake/packages/mathlib/.lake/build/lib/lean/Mathlib/LinearAlgebra/Matrix/Orthogonal.olean: OK
.lake/packages/mathlib/.lake/build/lib/lean/Mathlib/LinearAlgebra/Matrix/Permanent.olean: OK
.lake/packages/mathlib/.lake/build/lib/lean/Mathlib/LinearAlgebra/Matrix/Permutation.olean: OK
.lake/packages/mathlib/.lake/build/lib/lean/Mathlib/LinearAlgebra/Matrix/Polynomial.olean: OK
.lake/packages/mathlib/.lake/build/lib/lean/Mathlib/LinearAlgebra/Matrix/PosDef.olean: OK
.lake/packages/mathlib/.lake/build/lib/lean/Mathlib/LinearAlgebra/Matrix/ProjectiveSpecialLinearGroup.olean: OK
.lake/packages/mathlib/.lake/build/lib/lean/Mathlib/LinearAlgebra/Matrix/Rank.olean: OK
.lake/packages/mathlib/.lake/build/lib/lean/Mathlib/LinearAlgebra/Matrix/Reindex.olean: OK
.lake/packages/mathlib/.lake/build/lib/lean/Mathlib/LinearAlgebra/Matrix/RowCol.olean: OK
.lake/packages/mathlib/.lake/build/lib/lean/Mathlib/LinearAlgebra/Matrix/SchurComplement.olean: OK
.lake/packages/mathlib/.lake/build/lib/lean/Mathlib/LinearAlgebra/Matrix/SemiringInverse.olean: OK
.lake/packages/mathlib/.lake/build/lib/lean/Mathlib/LinearAlgebra/Matrix/SesquilinearForm.olean: OK
.lake/packages/mathlib/.lake/build/lib/lean/Mathlib/LinearAlgebra/Matrix/SpecialLinearGroup.olean: OK
.lake/packages/mathlib/.lake/build/lib/lean/Mathlib/LinearAlgebra/Matrix/StdBasis.olean: OK
.lake/packages/mathlib/.lake/build/lib/lean/Mathlib/LinearAlgebra/Matrix/Stochastic.olean: OK
.lake/packages/mathlib/.lake/build/lib/lean/Mathlib/LinearAlgebra/Matrix/Swap.olean: OK
.lake/packages/mathlib/.lake/build/lib/lean/Mathlib/LinearAlgebra/Matrix/Symmetric.olean: OK
.lake/packages/mathlib/.lake/build/lib/lean/Mathlib/LinearAlgebra/Matrix/ToLin.olean: OK
.lake/packages/mathlib/.lake/build/lib/lean/Mathlib/LinearAlgebra/Matrix/ToLinearEquiv.olean: OK
.lake/packages/mathlib/.lake/build/lib/lean/Mathlib/LinearAlgebra/Matrix/Trace.olean: OK
.lake/packages/mathlib/.lake/build/lib/lean/Mathlib/LinearAlgebra/Matrix/Transvection.olean: OK
.lake/packages/mathlib/.lake/build/lib/lean/Mathlib/LinearAlgebra/Matrix/Unique.olean: OK
.lake/packages/mathlib/.lake/build/lib/lean/Mathlib/LinearAlgebra/Matrix/Vec.olean: OK
.lake/packages/mathlib/.lake/build/lib/lean/Mathlib/LinearAlgebra/Matrix/WithConv.olean: OK
.lake/packages/mathlib/.lake/build/lib/lean/Mathlib/LinearAlgebra/Matrix/ZPow.olean: OK
.lake/packages/mathlib/.lake/build/lib/lean/Mathlib/LinearAlgebra/Multilinear/Basic.olean: OK
.lake/packages/mathlib/.lake/build/lib/lean/Mathlib/LinearAlgebra/Multilinear/Basis.olean: OK
.lake/packages/mathlib/.lake/build/lib/lean/Mathlib/LinearAlgebra/Multilinear/Curry.olean: OK
.lake/packages/mathlib/.lake/build/lib/lean/Mathlib/LinearAlgebra/Multilinear/DFinsupp.olean: OK
.lake/packages/mathlib/.lake/build/lib/lean/Mathlib/LinearAlgebra/Multilinear/DirectSum.olean: OK
.lake/packages/mathlib/.lake/build/lib/lean/Mathlib/LinearAlgebra/Multilinear/FiniteDimensional.olean: OK
.lake/packages/mathlib/.lake/build/lib/lean/Mathlib/LinearAlgebra/Multilinear/Finsupp.olean: OK
.lake/packages/mathlib/.lake/build/lib/lean/Mathlib/LinearAlgebra/Multilinear/Pi.olean: OK
.lake/packages/mathlib/.lake/build/lib/lean/Mathlib/LinearAlgebra/Multilinear/TensorProduct.olean: OK
.lake/packages/mathlib/.lake/build/lib/lean/Mathlib/LinearAlgebra/Orientation.olean: OK
.lake/packages/mathlib/.lake/build/lib/lean/Mathlib/LinearAlgebra/PID.olean: OK
.lake/packages/mathlib/.lake/build/lib/lean/Mathlib/LinearAlgebra/PerfectPairing/Basic.olean: OK
.lake/packages/mathlib/.lake/build/lib/lean/Mathlib/LinearAlgebra/PerfectPairing/Restrict.olean: OK
.lake/packages/mathlib/.lake/build/lib/lean/Mathlib/LinearAlgebra/Pi.olean: OK
.lake/packages/mathlib/.lake/build/lib/lean/Mathlib/LinearAlgebra/PiTensorProduct.olean: OK
.lake/packages/mathlib/.lake/build/lib/lean/Mathlib/LinearAlgebra/PiTensorProduct/Basis.olean: OK
.lake/packages/mathlib/.lake/build/lib/lean/Mathlib/LinearAlgebra/PiTensorProduct/DFinsupp.olean: OK
.lake/packages/mathlib/.lake/build/lib/lean/Mathlib/LinearAlgebra/PiTensorProduct/DirectSum.olean: OK
.lake/packages/mathlib/.lake/build/lib/lean/Mathlib/LinearAlgebra/PiTensorProduct/Dual.olean: OK
.lake/packages/mathlib/.lake/build/lib/lean/Mathlib/LinearAlgebra/PiTensorProduct/Finsupp.olean: OK
.lake/packages/mathlib/.lake/build/lib/lean/Mathlib/LinearAlgebra/Prod.olean: OK
.lake/packages/mathlib/.lake/build/lib/lean/Mathlib/LinearAlgebra/Projection.olean: OK
.lake/packages/mathlib/.lake/build/lib/lean/Mathlib/LinearAlgebra/Projectivization/Action.olean: OK
.lake/packages/mathlib/.lake/build/lib/lean/Mathlib/LinearAlgebra/Projectivization/Basic.olean: OK
.lake/packages/mathlib/.lake/build/lib/lean/Mathlib/LinearAlgebra/Projectivization/Cardinality.olean: OK
.lake/packages/mathlib/.lake/build/lib/lean/Mathlib/LinearAlgebra/Projectivization/Collinear.olean: OK
.lake/packages/mathlib/.lake/build/lib/lean/Mathlib/LinearAlgebra/Projectivization/Constructions.olean: OK
.lake/packages/mathlib/.lake/build/lib/lean/Mathlib/LinearAlgebra/Projectivization/Independence.olean: OK
.lake/packages/mathlib/.lake/build/lib/lean/Mathlib/LinearAlgebra/Projectivization/Subspace.olean: OK
.lake/packages/mathlib/.lake/build/lib/lean/Mathlib/LinearAlgebra/QuadraticForm/AlgClosed.olean: OK
.lake/packages/mathlib/.lake/build/lib/lean/Mathlib/LinearAlgebra/QuadraticForm/Basic.olean: OK
.lake/packages/mathlib/.lake/build/lib/lean/Mathlib/LinearAlgebra/QuadraticForm/Basis.olean: OK
.lake/packages/mathlib/.lake/build/lib/lean/Mathlib/LinearAlgebra/QuadraticForm/Complex.olean: OK
.lake/packages/mathlib/.lake/build/lib/lean/Mathlib/LinearAlgebra/QuadraticForm/Dual.olean: OK
.lake/packages/mathlib/.lake/build/lib/lean/Mathlib/LinearAlgebra/QuadraticForm/Isometry.olean: OK
.lake/packages/mathlib/.lake/build/lib/lean/Mathlib/LinearAlgebra/QuadraticForm/IsometryEquiv.olean: OK
.lake/packages/mathlib/.lake/build/lib/lean/Mathlib/LinearAlgebra/QuadraticForm/Prod.olean: OK
.lake/packages/mathlib/.lake/build/lib/lean/Mathlib/LinearAlgebra/QuadraticForm/QuadraticModuleCat.olean: OK
.lake/packages/mathlib/.lake/build/lib/lean/Mathlib/LinearAlgebra/QuadraticForm/QuadraticModuleCat/Monoidal.olean: OK
.lake/packages/mathlib/.lake/build/lib/lean/Mathlib/LinearAlgebra/QuadraticForm/QuadraticModuleCat/Symmetric.olean: OK
.lake/packages/mathlib/.lake/build/lib/lean/Mathlib/LinearAlgebra/QuadraticForm/Radical.olean: OK
.lake/packages/mathlib/.lake/build/lib/lean/Mathlib/LinearAlgebra/QuadraticForm/Real.olean: OK
.lake/packages/mathlib/.lake/build/lib/lean/Mathlib/LinearAlgebra/QuadraticForm/Signature.olean: OK
.lake/packages/mathlib/.lake/build/lib/lean/Mathlib/LinearAlgebra/QuadraticForm/TensorProduct.olean: OK
.lake/packages/mathlib/.lake/build/lib/lean/Mathlib/LinearAlgebra/QuadraticForm/TensorProduct/Isometries.olean: OK
.lake/packages/mathlib/.lake/build/lib/lean/Mathlib/LinearAlgebra/Quotient/Basic.olean: OK
.lake/packages/mathlib/.lake/build/lib/lean/Mathlib/LinearAlgebra/Quotient/Bilinear.olean: OK
.lake/packages/mathlib/.lake/build/lib/lean/Mathlib/LinearAlgebra/Quotient/Card.olean: OK
.lake/packages/mathlib/.lake/build/lib/lean/Mathlib/LinearAlgebra/Quotient/Defs.olean: OK
.lake/packages/mathlib/.lake/build/lib/lean/Mathlib/LinearAlgebra/Quotient/Pi.olean: OK
.lake/packages/mathlib/.lake/build/lib/lean/Mathlib/LinearAlgebra/Ray.olean: OK
.lake/packages/mathlib/.lake/build/lib/lean/Mathlib/LinearAlgebra/Reflection.olean: OK
.lake/packages/mathlib/.lake/build/lib/lean/Mathlib/LinearAlgebra/RootSystem/Base.olean: OK
.lake/packages/mathlib/.lake/build/lib/lean/Mathlib/LinearAlgebra/RootSystem/BaseChange.olean: OK
.lake/packages/mathlib/.lake/build/lib/lean/Mathlib/LinearAlgebra/RootSystem/BaseExists.olean: OK
.lake/packages/mathlib/.lake/build/lib/lean/Mathlib/LinearAlgebra/RootSystem/Basic.olean: OK
.lake/packages/mathlib/.lake/build/lib/lean/Mathlib/LinearAlgebra/RootSystem/CartanMatrix.olean: OK
.lake/packages/mathlib/.lake/build/lib/lean/Mathlib/LinearAlgebra/RootSystem/Chain.olean: OK
.lake/packages/mathlib/.lake/build/lib/lean/Mathlib/LinearAlgebra/RootSystem/Defs.olean: OK
.lake/packages/mathlib/.lake/build/lib/lean/Mathlib/LinearAlgebra/RootSystem/Finite/CanonicalBilinear.olean: OK
.lake/packages/mathlib/.lake/build/lib/lean/Mathlib/LinearAlgebra/RootSystem/Finite/G2.olean: OK
.lake/packages/mathlib/.lake/build/lib/lean/Mathlib/LinearAlgebra/RootSystem/Finite/Lemmas.olean: OK
.lake/packages/mathlib/.lake/build/lib/lean/Mathlib/LinearAlgebra/RootSystem/Finite/Nondegenerate.olean: OK
.lake/packages/mathlib/.lake/build/lib/lean/Mathlib/LinearAlgebra/RootSystem/GeckConstruction/Basic.olean: OK
.lake/packages/mathlib/.lake/build/lib/lean/Mathlib/LinearAlgebra/RootSystem/GeckConstruction/Basis.olean: OK
.lake/packages/mathlib/.lake/build/lib/lean/Mathlib/LinearAlgebra/RootSystem/GeckConstruction/Lemmas.olean: OK
.lake/packages/mathlib/.lake/build/lib/lean/Mathlib/LinearAlgebra/RootSystem/GeckConstruction/Relations.olean: OK
.lake/packages/mathlib/.lake/build/lib/lean/Mathlib/LinearAlgebra/RootSystem/GeckConstruction/Semisimple.olean: OK
.lake/packages/mathlib/.lake/build/lib/lean/Mathlib/LinearAlgebra/RootSystem/Hom.olean: OK
.lake/packages/mathlib/.lake/build/lib/lean/Mathlib/LinearAlgebra/RootSystem/Irreducible.olean: OK
.lake/packages/mathlib/.lake/build/lib/lean/Mathlib/LinearAlgebra/RootSystem/IsValuedIn.olean: OK
.lake/packages/mathlib/.lake/build/lib/lean/Mathlib/LinearAlgebra/RootSystem/OfBilinear.olean: OK
.lake/packages/mathlib/.lake/build/lib/lean/Mathlib/LinearAlgebra/RootSystem/Reduced.olean: OK
.lake/packages/mathlib/.lake/build/lib/lean/Mathlib/LinearAlgebra/RootSystem/RootPairingCat.olean: OK
.lake/packages/mathlib/.lake/build/lib/lean/Mathlib/LinearAlgebra/RootSystem/RootPositive.olean: OK
.lake/packages/mathlib/.lake/build/lib/lean/Mathlib/LinearAlgebra/RootSystem/WeylGroup.olean: OK
.lake/packages/mathlib/.lake/build/lib/lean/Mathlib/LinearAlgebra/SModEq.olean: OK
.lake/packages/mathlib/.lake/build/lib/lean/Mathlib/LinearAlgebra/SModEq/Basic.olean: OK
.lake/packages/mathlib/.lake/build/lib/lean/Mathlib/LinearAlgebra/SModEq/Pointwise.olean: OK
.lake/packages/mathlib/.lake/build/lib/lean/Mathlib/LinearAlgebra/SModEq/Pow.olean: OK
.lake/packages/mathlib/.lake/build/lib/lean/Mathlib/LinearAlgebra/Semisimple.olean: OK
.lake/packages/mathlib/.lake/build/lib/lean/Mathlib/LinearAlgebra/SesquilinearForm/Basic.olean: OK
.lake/packages/mathlib/.lake/build/lib/lean/Mathlib/LinearAlgebra/SesquilinearForm/Star.olean: OK
.lake/packages/mathlib/.lake/build/lib/lean/Mathlib/LinearAlgebra/Span/Basic.olean: OK
.lake/packages/mathlib/.lake/build/lib/lean/Mathlib/LinearAlgebra/Span/Defs.olean: OK
.lake/packages/mathlib/.lake/build/lib/lean/Mathlib/LinearAlgebra/Span/TensorProduct.olean: OK
.lake/packages/mathlib/.lake/build/lib/lean/Mathlib/LinearAlgebra/SpecialLinearGroup.olean: OK
.lake/packages/mathlib/.lake/build/lib/lean/Mathlib/LinearAlgebra/StdBasis.olean: OK
.lake/packages/mathlib/.lake/build/lib/lean/Mathlib/LinearAlgebra/SymmetricAlgebra/Basic.olean: OK
.lake/packages/mathlib/.lake/build/lib/lean/Mathlib/LinearAlgebra/SymmetricAlgebra/Basis.olean: OK
.lake/packages/mathlib/.lake/build/lib/lean/Mathlib/LinearAlgebra/SymplecticGroup.olean: OK
.lake/packages/mathlib/.lake/build/lib/lean/Mathlib/LinearAlgebra/TensorAlgebra/Basic.olean: OK
.lake/packages/mathlib/.lake/build/lib/lean/Mathlib/LinearAlgebra/TensorAlgebra/Basis.olean: OK
.lake/packages/mathlib/.lake/build/lib/lean/Mathlib/LinearAlgebra/TensorAlgebra/Grading.olean: OK
.lake/packages/mathlib/.lake/build/lib/lean/Mathlib/LinearAlgebra/TensorAlgebra/ToTensorPower.olean: OK
.lake/packages/mathlib/.lake/build/lib/lean/Mathlib/LinearAlgebra/TensorPower/Basic.olean: OK
.lake/packages/mathlib/.lake/build/lib/lean/Mathlib/LinearAlgebra/TensorPower/Pairing.olean: OK
.lake/packages/mathlib/.lake/build/lib/lean/Mathlib/LinearAlgebra/TensorPower/Symmetric.olean: OK
.lake/packages/mathlib/.lake/build/lib/lean/Mathlib/LinearAlgebra/TensorProduct/Associator.olean: OK
.lake/packages/mathlib/.lake/build/lib/lean/Mathlib/LinearAlgebra/TensorProduct/Basic.olean: OK
.lake/packages/mathlib/.lake/build/lib/lean/Mathlib/LinearAlgebra/TensorProduct/Basis.olean: OK
.lake/packages/mathlib/.lake/build/lib/lean/Mathlib/LinearAlgebra/TensorProduct/Decomposition.olean: OK
.lake/packages/mathlib/.lake/build/lib/lean/Mathlib/LinearAlgebra/TensorProduct/Defs.olean: OK
.lake/packages/mathlib/.lake/build/lib/lean/Mathlib/LinearAlgebra/TensorProduct/DirectLimit.olean: OK
.lake/packages/mathlib/.lake/build/lib/lean/Mathlib/LinearAlgebra/TensorProduct/Finiteness.olean: OK
.lake/packages/mathlib/.lake/build/lib/lean/Mathlib/LinearAlgebra/TensorProduct/Free.olean: OK
.lake/packages/mathlib/.lake/build/lib/lean/Mathlib/LinearAlgebra/TensorProduct/Graded/External.olean: OK
.lake/packages/mathlib/.lake/build/lib/lean/Mathlib/LinearAlgebra/TensorProduct/Graded/Internal.olean: OK
.lake/packages/mathlib/.lake/build/lib/lean/Mathlib/LinearAlgebra/TensorProduct/Map.olean: OK
.lake/packages/mathlib/.lake/build/lib/lean/Mathlib/LinearAlgebra/TensorProduct/Matrix.olean: OK
.lake/packages/mathlib/.lake/build/lib/lean/Mathlib/LinearAlgebra/TensorProduct/Opposite.olean: OK
.lake/packages/mathlib/.lake/build/lib/lean/Mathlib/LinearAlgebra/TensorProduct/Pi.olean: OK
.lake/packages/mathlib/.lake/build/lib/lean/Mathlib/LinearAlgebra/TensorProduct/Prod.olean: OK
.lake/packages/mathlib/.lake/build/lib/lean/Mathlib/LinearAlgebra/TensorProduct/Quotient.olean: OK
.lake/packages/mathlib/.lake/build/lib/lean/Mathlib/LinearAlgebra/TensorProduct/RightExactness.olean: OK
.lake/packages/mathlib/.lake/build/lib/lean/Mathlib/LinearAlgebra/TensorProduct/Subalgebra.olean: OK
.lake/packages/mathlib/.lake/build/lib/lean/Mathlib/LinearAlgebra/TensorProduct/Submodule.olean: OK
.lake/packages/mathlib/.lake/build/lib/lean/Mathlib/LinearAlgebra/TensorProduct/Tower.olean: OK
.lake/packages/mathlib/.lake/build/lib/lean/Mathlib/LinearAlgebra/TensorProduct/Vanishing.olean: OK
.lake/packages/mathlib/.lake/build/lib/lean/Mathlib/LinearAlgebra/Trace.olean: OK
.lake/packages/mathlib/.lake/build/lib/lean/Mathlib/LinearAlgebra/Transvection.olean: OK
.lake/packages/mathlib/.lake/build/lib/lean/Mathlib/LinearAlgebra/Transvection/Basic.olean: OK
.lake/packages/mathlib/.lake/build/lib/lean/Mathlib/LinearAlgebra/UnitaryGroup.olean: OK
.lake/packages/mathlib/.lake/build/lib/lean/Mathlib/LinearAlgebra/Vandermonde.olean: OK
.lake/packages/mathlib/.lake/build/lib/lean/Mathlib/Logic/Basic.olean: OK
.lake/packages/mathlib/.lake/build/lib/lean/Mathlib/Logic/Denumerable.olean: OK
.lake/packages/mathlib/.lake/build/lib/lean/Mathlib/Logic/Embedding/Basic.olean: OK
.lake/packages/mathlib/.lake/build/lib/lean/Mathlib/Logic/Embedding/Set.olean: OK
.lake/packages/mathlib/.lake/build/lib/lean/Mathlib/Logic/Encodable/Basic.olean: OK
.lake/packages/mathlib/.lake/build/lib/lean/Mathlib/Logic/Encodable/Lattice.olean: OK
.lake/packages/mathlib/.lake/build/lib/lean/Mathlib/Logic/Encodable/Pi.olean: OK
.lake/packages/mathlib/.lake/build/lib/lean/Mathlib/Logic/Equiv/Array.olean: OK
.lake/packages/mathlib/.lake/build/lib/lean/Mathlib/Logic/Equiv/Basic.olean: OK
.lake/packages/mathlib/.lake/build/lib/lean/Mathlib/Logic/Equiv/Bool.olean: OK
.lake/packages/mathlib/.lake/build/lib/lean/Mathlib/Logic/Equiv/Defs.olean: OK
.lake/packages/mathlib/.lake/build/lib/lean/Mathlib/Logic/Equiv/Embedding.olean: OK
.lake/packages/mathlib/.lake/build/lib/lean/Mathlib/Logic/Equiv/Fin/Basic.olean: OK
.lake/packages/mathlib/.lake/build/lib/lean/Mathlib/Logic/Equiv/Fin/Rotate.olean: OK
.lake/packages/mathlib/.lake/build/lib/lean/Mathlib/Logic/Equiv/Finset.olean: OK
.lake/packages/mathlib/.lake/build/lib/lean/Mathlib/Logic/Equiv/Fintype.olean: OK
.lake/packages/mathlib/.lake/build/lib/lean/Mathlib/Logic/Equiv/Functor.olean: OK
.lake/packages/mathlib/.lake/build/lib/lean/Mathlib/Logic/Equiv/List.olean: OK
.lake/packages/mathlib/.lake/build/lib/lean/Mathlib/Logic/Equiv/Multiset.olean: OK
.lake/packages/mathlib/.lake/build/lib/lean/Mathlib/Logic/Equiv/Nat.olean: OK
.lake/packages/mathlib/.lake/build/lib/lean/Mathlib/Logic/Equiv/Option.olean: OK
.lake/packages/mathlib/.lake/build/lib/lean/Mathlib/Logic/Equiv/Pairwise.olean: OK
.lake/packages/mathlib/.lake/build/lib/lean/Mathlib/Logic/Equiv/PartialEquiv.olean: OK
.lake/packages/mathlib/.lake/build/lib/lean/Mathlib/Logic/Equiv/Prod.olean: OK
.lake/packages/mathlib/.lake/build/lib/lean/Mathlib/Logic/Equiv/Set.olean: OK
.lake/packages/mathlib/.lake/build/lib/lean/Mathlib/Logic/Equiv/Sum.olean: OK
.lake/packages/mathlib/.lake/build/lib/lean/Mathlib/Logic/ExistsUnique.olean: OK
.lake/packages/mathlib/.lake/build/lib/lean/Mathlib/Logic/Function/Basic.olean: OK
.lake/packages/mathlib/.lake/build/lib/lean/Mathlib/Logic/Function/Coequalizer.olean: OK
.lake/packages/mathlib/.lake/build/lib/lean/Mathlib/Logic/Function/CompTypeclasses.olean: OK
.lake/packages/mathlib/.lake/build/lib/lean/Mathlib/Logic/Function/Conjugate.olean: OK
.lake/packages/mathlib/.lake/build/lib/lean/Mathlib/Logic/Function/Defs.olean: OK
.lake/packages/mathlib/.lake/build/lib/lean/Mathlib/Logic/Function/DependsOn.olean: OK
.lake/packages/mathlib/.lake/build/lib/lean/Mathlib/Logic/Function/FiberPartition.olean: OK
.lake/packages/mathlib/.lake/build/lib/lean/Mathlib/Logic/Function/FromTypes.olean: OK
.lake/packages/mathlib/.lake/build/lib/lean/Mathlib/Logic/Function/Iterate.olean: OK
.lake/packages/mathlib/.lake/build/lib/lean/Mathlib/Logic/Function/OfArity.olean: OK
.lake/packages/mathlib/.lake/build/lib/lean/Mathlib/Logic/Function/ULift.olean: OK
.lake/packages/mathlib/.lake/build/lib/lean/Mathlib/Logic/Godel/GodelBetaFunction.olean: OK
.lake/packages/mathlib/.lake/build/lib/lean/Mathlib/Logic/Hydra.olean: OK
.lake/packages/mathlib/.lake/build/lib/lean/Mathlib/Logic/IsEmpty.olean: OK
.lake/packages/mathlib/.lake/build/lib/lean/Mathlib/Logic/IsEmpty/Basic.olean: OK
.lake/packages/mathlib/.lake/build/lib/lean/Mathlib/Logic/IsEmpty/Defs.olean: OK
.lake/packages/mathlib/.lake/build/lib/lean/Mathlib/Logic/Lemmas.olean: OK
.lake/packages/mathlib/.lake/build/lib/lean/Mathlib/Logic/Nonempty.olean: OK
.lake/packages/mathlib/.lake/build/lib/lean/Mathlib/Logic/Nontrivial/Basic.olean: OK
.lake/packages/mathlib/.lake/build/lib/lean/Mathlib/Logic/Nontrivial/Defs.olean: OK
.lake/packages/mathlib/.lake/build/lib/lean/Mathlib/Logic/OpClass.olean: OK
.lake/packages/mathlib/.lake/build/lib/lean/Mathlib/Logic/Pairwise.olean: OK
.lake/packages/mathlib/.lake/build/lib/lean/Mathlib/Logic/Relation.olean: OK
.lake/packages/mathlib/.lake/build/lib/lean/Mathlib/Logic/Relator.olean: OK
.lake/packages/mathlib/.lake/build/lib/lean/Mathlib/Logic/Small/Basic.olean: OK
.lake/packages/mathlib/.lake/build/lib/lean/Mathlib/Logic/Small/Defs.olean: OK
.lake/packages/mathlib/.lake/build/lib/lean/Mathlib/Logic/Small/List.olean: OK
.lake/packages/mathlib/.lake/build/lib/lean/Mathlib/Logic/Small/Set.olean: OK
.lake/packages/mathlib/.lake/build/lib/lean/Mathlib/Logic/Unique.olean: OK
.lake/packages/mathlib/.lake/build/lib/lean/Mathlib/Logic/UnivLE.olean: OK
.lake/packages/mathlib/.lake/build/lib/lean/Mathlib/MeasureTheory/Category/MeasCat.olean: OK
.lake/packages/mathlib/.lake/build/lib/lean/Mathlib/MeasureTheory/Constructions/AddChar.olean: OK
.lake/packages/mathlib/.lake/build/lib/lean/Mathlib/MeasureTheory/Constructions/BorelSpace/Basic.olean: OK
.lake/packages/mathlib/.lake/build/lib/lean/Mathlib/MeasureTheory/Constructions/BorelSpace/Complex.olean: OK
.lake/packages/mathlib/.lake/build/lib/lean/Mathlib/MeasureTheory/Constructions/BorelSpace/ContinuousLinearMap.olean: OK
.lake/packages/mathlib/.lake/build/lib/lean/Mathlib/MeasureTheory/Constructions/BorelSpace/Metric.olean: OK
.lake/packages/mathlib/.lake/build/lib/lean/Mathlib/MeasureTheory/Constructions/BorelSpace/Metrizable.olean: OK
.lake/packages/mathlib/.lake/build/lib/lean/Mathlib/MeasureTheory/Constructions/BorelSpace/Order.olean: OK
.lake/packages/mathlib/.lake/build/lib/lean/Mathlib/MeasureTheory/Constructions/BorelSpace/Real.olean: OK
.lake/packages/mathlib/.lake/build/lib/lean/Mathlib/MeasureTheory/Constructions/BorelSpace/WithTop.olean: OK
.lake/packages/mathlib/.lake/build/lib/lean/Mathlib/MeasureTheory/Constructions/ClosedCompactCylinders.olean: OK
.lake/packages/mathlib/.lake/build/lib/lean/Mathlib/MeasureTheory/Constructions/Cylinders.olean: OK
.lake/packages/mathlib/.lake/build/lib/lean/Mathlib/MeasureTheory/Constructions/HaarToSphere.olean: OK
.lake/packages/mathlib/.lake/build/lib/lean/Mathlib/MeasureTheory/Constructions/Pi.olean: OK
.lake/packages/mathlib/.lake/build/lib/lean/Mathlib/MeasureTheory/Constructions/Polish/Basic.olean: OK
.lake/packages/mathlib/.lake/build/lib/lean/Mathlib/MeasureTheory/Constructions/Polish/EmbeddingReal.olean: OK
.lake/packages/mathlib/.lake/build/lib/lean/Mathlib/MeasureTheory/Constructions/Polish/StronglyMeasurable.olean: OK
.lake/packages/mathlib/.lake/build/lib/lean/Mathlib/MeasureTheory/Constructions/Projective.olean: OK
.lake/packages/mathlib/.lake/build/lib/lean/Mathlib/MeasureTheory/Constructions/ProjectiveFamilyContent.olean: OK
.lake/packages/mathlib/.lake/build/lib/lean/Mathlib/MeasureTheory/Constructions/SimpleGraph.olean: OK
.lake/packages/mathlib/.lake/build/lib/lean/Mathlib/MeasureTheory/Constructions/SubmoduleQuotient.olean: OK
.lake/packages/mathlib/.lake/build/lib/lean/Mathlib/MeasureTheory/Constructions/UnitInterval.olean: OK
.lake/packages/mathlib/.lake/build/lib/lean/Mathlib/MeasureTheory/Covering/Besicovitch.olean: OK
.lake/packages/mathlib/.lake/build/lib/lean/Mathlib/MeasureTheory/Covering/BesicovitchVectorSpace.olean: OK
.lake/packages/mathlib/.lake/build/lib/lean/Mathlib/MeasureTheory/Covering/DensityTheorem.olean: OK
.lake/packages/mathlib/.lake/build/lib/lean/Mathlib/MeasureTheory/Covering/Differentiation.olean: OK
.lake/packages/mathlib/.lake/build/lib/lean/Mathlib/MeasureTheory/Covering/LiminfLimsup.olean: OK
.lake/packages/mathlib/.lake/build/lib/lean/Mathlib/MeasureTheory/Covering/OneDim.olean: OK
.lake/packages/mathlib/.lake/build/lib/lean/Mathlib/MeasureTheory/Covering/Vitali.olean: OK
.lake/packages/mathlib/.lake/build/lib/lean/Mathlib/MeasureTheory/Covering/VitaliFamily.olean: OK
.lake/packages/mathlib/.lake/build/lib/lean/Mathlib/MeasureTheory/Function/AEEqFun.olean: OK
.lake/packages/mathlib/.lake/build/lib/lean/Mathlib/MeasureTheory/Function/AEEqFun/DomAct.olean: OK
.lake/packages/mathlib/.lake/build/lib/lean/Mathlib/MeasureTheory/Function/AEEqOfIntegral.olean: OK
.lake/packages/mathlib/.lake/build/lib/lean/Mathlib/MeasureTheory/Function/AEEqOfLIntegral.olean: OK
.lake/packages/mathlib/.lake/build/lib/lean/Mathlib/MeasureTheory/Function/AEMeasurableOrder.olean: OK
.lake/packages/mathlib/.lake/build/lib/lean/Mathlib/MeasureTheory/Function/AEMeasurableSequence.olean: OK
.lake/packages/mathlib/.lake/build/lib/lean/Mathlib/MeasureTheory/Function/AbsolutelyContinuous.olean: OK
.lake/packages/mathlib/.lake/build/lib/lean/Mathlib/MeasureTheory/Function/ConditionalExpectation/AEMeasurable.olean: OK
.lake/packages/mathlib/.lake/build/lib/lean/Mathlib/MeasureTheory/Function/ConditionalExpectation/Basic.olean: OK
.lake/packages/mathlib/.lake/build/lib/lean/Mathlib/MeasureTheory/Function/ConditionalExpectation/CondJensen.olean: OK
.lake/packages/mathlib/.lake/build/lib/lean/Mathlib/MeasureTheory/Function/ConditionalExpectation/CondexpL1.olean: OK
.lake/packages/mathlib/.lake/build/lib/lean/Mathlib/MeasureTheory/Function/ConditionalExpectation/CondexpL2.olean: OK
.lake/packages/mathlib/.lake/build/lib/lean/Mathlib/MeasureTheory/Function/ConditionalExpectation/Indicator.olean: OK
.lake/packages/mathlib/.lake/build/lib/lean/Mathlib/MeasureTheory/Function/ConditionalExpectation/LebesgueBochner.olean: OK
.lake/packages/mathlib/.lake/build/lib/lean/Mathlib/MeasureTheory/Function/ConditionalExpectation/PullOut.olean: OK
.lake/packages/mathlib/.lake/build/lib/lean/Mathlib/MeasureTheory/Function/ConditionalExpectation/RadonNikodym.olean: OK
.lake/packages/mathlib/.lake/build/lib/lean/Mathlib/MeasureTheory/Function/ConditionalExpectation/Real.olean: OK
.lake/packages/mathlib/.lake/build/lib/lean/Mathlib/MeasureTheory/Function/ConditionalExpectation/Unique.olean: OK
.lake/packages/mathlib/.lake/build/lib/lean/Mathlib/MeasureTheory/Function/ConditionalLExpectation.olean: OK
.lake/packages/mathlib/.lake/build/lib/lean/Mathlib/MeasureTheory/Function/ContinuousMapDense.olean: OK
.lake/packages/mathlib/.lake/build/lib/lean/Mathlib/MeasureTheory/Function/ConvergenceInDistribution.olean: OK
.lake/packages/mathlib/.lake/build/lib/lean/Mathlib/MeasureTheory/Function/ConvergenceInMeasure.olean: OK
.lake/packages/mathlib/.lake/build/lib/lean/Mathlib/MeasureTheory/Function/Egorov.olean: OK
.lake/packages/mathlib/.lake/build/lib/lean/Mathlib/MeasureTheory/Function/EssSup.olean: OK
.lake/packages/mathlib/.lake/build/lib/lean/Mathlib/MeasureTheory/Function/FactorsThrough.olean: OK
.lake/packages/mathlib/.lake/build/lib/lean/Mathlib/MeasureTheory/Function/Floor.olean: OK
.lake/packages/mathlib/.lake/build/lib/lean/Mathlib/MeasureTheory/Function/Holder.olean: OK
.lake/packages/mathlib/.lake/build/lib/lean/Mathlib/MeasureTheory/Function/Intersectivity.olean: OK
.lake/packages/mathlib/.lake/build/lib/lean/Mathlib/MeasureTheory/Function/Jacobian.olean: OK
.lake/packages/mathlib/.lake/build/lib/lean/Mathlib/MeasureTheory/Function/JacobianOneDim.olean: OK
.lake/packages/mathlib/.lake/build/lib/lean/Mathlib/MeasureTheory/Function/L1Space/AEEqFun.olean: OK
.lake/packages/mathlib/.lake/build/lib/lean/Mathlib/MeasureTheory/Function/L1Space/HasFiniteIntegral.olean: OK
.lake/packages/mathlib/.lake/build/lib/lean/Mathlib/MeasureTheory/Function/L1Space/Integrable.olean: OK
.lake/packages/mathlib/.lake/build/lib/lean/Mathlib/MeasureTheory/Function/L2Space.olean: OK
.lake/packages/mathlib/.lake/build/lib/lean/Mathlib/MeasureTheory/Function/LocallyIntegrable.olean: OK
.lake/packages/mathlib/.lake/build/lib/lean/Mathlib/MeasureTheory/Function/LpOrder.olean: OK
.lake/packages/mathlib/.lake/build/lib/lean/Mathlib/MeasureTheory/Function/LpSeminorm/Basic.olean: OK
.lake/packages/mathlib/.lake/build/lib/lean/Mathlib/MeasureTheory/Function/LpSeminorm/ChebyshevMarkov.olean: OK
.lake/packages/mathlib/.lake/build/lib/lean/Mathlib/MeasureTheory/Function/LpSeminorm/CompareExp.olean: OK
.lake/packages/mathlib/.lake/build/lib/lean/Mathlib/MeasureTheory/Function/LpSeminorm/Count.olean: OK
.lake/packages/mathlib/.lake/build/lib/lean/Mathlib/MeasureTheory/Function/LpSeminorm/Defs.olean: OK
.lake/packages/mathlib/.lake/build/lib/lean/Mathlib/MeasureTheory/Function/LpSeminorm/Indicator.olean: OK
.lake/packages/mathlib/.lake/build/lib/lean/Mathlib/MeasureTheory/Function/LpSeminorm/LpNorm.olean: OK
.lake/packages/mathlib/.lake/build/lib/lean/Mathlib/MeasureTheory/Function/LpSeminorm/Monotonicity.olean: OK
.lake/packages/mathlib/.lake/build/lib/lean/Mathlib/MeasureTheory/Function/LpSeminorm/Prod.olean: OK
.lake/packages/mathlib/.lake/build/lib/lean/Mathlib/MeasureTheory/Function/LpSeminorm/SMul.olean: OK
.lake/packages/mathlib/.lake/build/lib/lean/Mathlib/MeasureTheory/Function/LpSeminorm/TriangleInequality.olean: OK
.lake/packages/mathlib/.lake/build/lib/lean/Mathlib/MeasureTheory/Function/LpSeminorm/Trim.olean: OK
.lake/packages/mathlib/.lake/build/lib/lean/Mathlib/MeasureTheory/Function/LpSpace/Basic.olean: OK
.lake/packages/mathlib/.lake/build/lib/lean/Mathlib/MeasureTheory/Function/LpSpace/Complete.olean: OK
.lake/packages/mathlib/.lake/build/lib/lean/Mathlib/MeasureTheory/Function/LpSpace/CompleteOfCompleteLp.olean: OK
.lake/packages/mathlib/.lake/build/lib/lean/Mathlib/MeasureTheory/Function/LpSpace/ContinuousCompMeasurePreserving.olean: OK
.lake/packages/mathlib/.lake/build/lib/lean/Mathlib/MeasureTheory/Function/LpSpace/ContinuousFunctions.olean: OK
.lake/packages/mathlib/.lake/build/lib/lean/Mathlib/MeasureTheory/Function/LpSpace/DomAct/Basic.olean: OK
.lake/packages/mathlib/.lake/build/lib/lean/Mathlib/MeasureTheory/Function/LpSpace/DomAct/Continuous.olean: OK
.lake/packages/mathlib/.lake/build/lib/lean/Mathlib/MeasureTheory/Function/LpSpace/Indicator.olean: OK
.lake/packages/mathlib/.lake/build/lib/lean/Mathlib/MeasureTheory/Function/Piecewise.olean: OK
.lake/packages/mathlib/.lake/build/lib/lean/Mathlib/MeasureTheory/Function/SimpleFunc.olean: OK
.lake/packages/mathlib/.lake/build/lib/lean/Mathlib/MeasureTheory/Function/SimpleFuncDense.olean: OK
.lake/packages/mathlib/.lake/build/lib/lean/Mathlib/MeasureTheory/Function/SimpleFuncDenseLp.olean: OK
.lake/packages/mathlib/.lake/build/lib/lean/Mathlib/MeasureTheory/Function/SpecialFunctions/Arctan.olean: OK
.lake/packages/mathlib/.lake/build/lib/lean/Mathlib/MeasureTheory/Function/SpecialFunctions/Basic.olean: OK
.lake/packages/mathlib/.lake/build/lib/lean/Mathlib/MeasureTheory/Function/SpecialFunctions/Inner.olean: OK
.lake/packages/mathlib/.lake/build/lib/lean/Mathlib/MeasureTheory/Function/SpecialFunctions/RCLike.olean: OK
.lake/packages/mathlib/.lake/build/lib/lean/Mathlib/MeasureTheory/Function/SpecialFunctions/Sinc.olean: OK
.lake/packages/mathlib/.lake/build/lib/lean/Mathlib/MeasureTheory/Function/StronglyMeasurable/AEStronglyMeasurable.olean: OK
.lake/packages/mathlib/.lake/build/lib/lean/Mathlib/MeasureTheory/Function/StronglyMeasurable/Basic.olean: OK
.lake/packages/mathlib/.lake/build/lib/lean/Mathlib/MeasureTheory/Function/StronglyMeasurable/ENNReal.olean: OK
.lake/packages/mathlib/.lake/build/lib/lean/Mathlib/MeasureTheory/Function/StronglyMeasurable/Inner.olean: OK
.lake/packages/mathlib/.lake/build/lib/lean/Mathlib/MeasureTheory/Function/StronglyMeasurable/Lemmas.olean: OK
.lake/packages/mathlib/.lake/build/lib/lean/Mathlib/MeasureTheory/Function/StronglyMeasurable/Lp.olean: OK
.lake/packages/mathlib/.lake/build/lib/lean/Mathlib/MeasureTheory/Function/UnifTight.olean: OK
.lake/packages/mathlib/.lake/build/lib/lean/Mathlib/MeasureTheory/Function/UniformIntegrable.olean: OK
.lake/packages/mathlib/.lake/build/lib/lean/Mathlib/MeasureTheory/Group/AEStabilizer.olean: OK
.lake/packages/mathlib/.lake/build/lib/lean/Mathlib/MeasureTheory/Group/Action.olean: OK
.lake/packages/mathlib/.lake/build/lib/lean/Mathlib/MeasureTheory/Group/AddCircle.olean: OK
.lake/packages/mathlib/.lake/build/lib/lean/Mathlib/MeasureTheory/Group/Arithmetic.olean: OK
.lake/packages/mathlib/.lake/build/lib/lean/Mathlib/MeasureTheory/Group/Convolution.olean: OK
.lake/packages/mathlib/.lake/build/lib/lean/Mathlib/MeasureTheory/Group/Defs.olean: OK
.lake/packages/mathlib/.lake/build/lib/lean/Mathlib/MeasureTheory/Group/FoelnerFilter.olean: OK
.lake/packages/mathlib/.lake/build/lib/lean/Mathlib/MeasureTheory/Group/FundamentalDomain.olean: OK
.lake/packages/mathlib/.lake/build/lib/lean/Mathlib/MeasureTheory/Group/GeometryOfNumbers.olean: OK
.lake/packages/mathlib/.lake/build/lib/lean/Mathlib/MeasureTheory/Group/Integral.olean: OK
.lake/packages/mathlib/.lake/build/lib/lean/Mathlib/MeasureTheory/Group/IntegralConvolution.olean: OK
.lake/packages/mathlib/.lake/build/lib/lean/Mathlib/MeasureTheory/Group/LIntegral.olean: OK
.lake/packages/mathlib/.lake/build/lib/lean/Mathlib/MeasureTheory/Group/MeasurableEquiv.olean: OK
.lake/packages/mathlib/.lake/build/lib/lean/Mathlib/MeasureTheory/Group/Measure.olean: OK
.lake/packages/mathlib/.lake/build/lib/lean/Mathlib/MeasureTheory/Group/ModularCharacter.olean: OK
.lake/packages/mathlib/.lake/build/lib/lean/Mathlib/MeasureTheory/Group/Pointwise.olean: OK
.lake/packages/mathlib/.lake/build/lib/lean/Mathlib/MeasureTheory/Group/Prod.olean: OK
.lake/packages/mathlib/.lake/build/lib/lean/Mathlib/MeasureTheory/Integral/Asymptotics.olean: OK
.lake/packages/mathlib/.lake/build/lib/lean/Mathlib/MeasureTheory/Integral/Average.olean: OK
.lake/packages/mathlib/.lake/build/lib/lean/Mathlib/MeasureTheory/Integral/Bochner/Basic.olean: OK
.lake/packages/mathlib/.lake/build/lib/lean/Mathlib/MeasureTheory/Integral/Bochner/ContinuousLinearMap.olean: OK
.lake/packages/mathlib/.lake/build/lib/lean/Mathlib/MeasureTheory/Integral/Bochner/FundThmCalculus.olean: OK
.lake/packages/mathlib/.lake/build/lib/lean/Mathlib/MeasureTheory/Integral/Bochner/L1.olean: OK
.lake/packages/mathlib/.lake/build/lib/lean/Mathlib/MeasureTheory/Integral/Bochner/Set.olean: OK
.lake/packages/mathlib/.lake/build/lib/lean/Mathlib/MeasureTheory/Integral/Bochner/SumMeasure.olean: OK
.lake/packages/mathlib/.lake/build/lib/lean/Mathlib/MeasureTheory/Integral/Bochner/VitaliCaratheodory.olean: OK
.lake/packages/mathlib/.lake/build/lib/lean/Mathlib/MeasureTheory/Integral/BoundedContinuousFunction.olean: OK
.lake/packages/mathlib/.lake/build/lib/lean/Mathlib/MeasureTheory/Integral/CircleAverage.olean: OK
.lake/packages/mathlib/.lake/build/lib/lean/Mathlib/MeasureTheory/Integral/CircleIntegral.olean: OK
.lake/packages/mathlib/.lake/build/lib/lean/Mathlib/MeasureTheory/Integral/CircleTransform.olean: OK
.lake/packages/mathlib/.lake/build/lib/lean/Mathlib/MeasureTheory/Integral/CompactlySupported.olean: OK
.lake/packages/mathlib/.lake/build/lib/lean/Mathlib/MeasureTheory/Integral/CurveIntegral/Basic.olean: OK
.lake/packages/mathlib/.lake/build/lib/lean/Mathlib/MeasureTheory/Integral/CurveIntegral/Poincare.olean: OK
.lake/packages/mathlib/.lake/build/lib/lean/Mathlib/MeasureTheory/Integral/DivergenceTheorem.olean: OK
.lake/packages/mathlib/.lake/build/lib/lean/Mathlib/MeasureTheory/Integral/DominatedConvergence.olean: OK
.lake/packages/mathlib/.lake/build/lib/lean/Mathlib/MeasureTheory/Integral/ExpDecay.olean: OK
.lake/packages/mathlib/.lake/build/lib/lean/Mathlib/MeasureTheory/Integral/FinMeasAdditive.olean: OK
.lake/packages/mathlib/.lake/build/lib/lean/Mathlib/MeasureTheory/Integral/Gamma.olean: OK
.lake/packages/mathlib/.lake/build/lib/lean/Mathlib/MeasureTheory/Integral/Indicator.olean: OK
.lake/packages/mathlib/.lake/build/lib/lean/Mathlib/MeasureTheory/Integral/IntegrableOn.olean: OK
.lake/packages/mathlib/.lake/build/lib/lean/Mathlib/MeasureTheory/Integral/IntegralEqImproper.olean: OK
.lake/packages/mathlib/.lake/build/lib/lean/Mathlib/MeasureTheory/Integral/IntervalAverage.olean: OK
.lake/packages/mathlib/.lake/build/lib/lean/Mathlib/MeasureTheory/Integral/IntervalIntegral/AbsolutelyContinuousFun.olean: OK
.lake/packages/mathlib/.lake/build/lib/lean/Mathlib/MeasureTheory/Integral/IntervalIntegral/Basic.olean: OK
.lake/packages/mathlib/.lake/build/lib/lean/Mathlib/MeasureTheory/Integral/IntervalIntegral/ContDiff.olean: OK
.lake/packages/mathlib/.lake/build/lib/lean/Mathlib/MeasureTheory/Integral/IntervalIntegral/DerivIntegrable.olean: OK
.lake/packages/mathlib/.lake/build/lib/lean/Mathlib/MeasureTheory/Integral/IntervalIntegral/DistLEIntegral.olean: OK
.lake/packages/mathlib/.lake/build/lib/lean/Mathlib/MeasureTheory/Integral/IntervalIntegral/FundThmCalculus.olean: OK
.lake/packages/mathlib/.lake/build/lib/lean/Mathlib/MeasureTheory/Integral/IntervalIntegral/IntegrationByParts.olean: OK
.lake/packages/mathlib/.lake/build/lib/lean/Mathlib/MeasureTheory/Integral/IntervalIntegral/LebesgueDifferentiationThm.olean: OK
.lake/packages/mathlib/.lake/build/lib/lean/Mathlib/MeasureTheory/Integral/IntervalIntegral/MeanValue.olean: OK
.lake/packages/mathlib/.lake/build/lib/lean/Mathlib/MeasureTheory/Integral/IntervalIntegral/Periodic.olean: OK
.lake/packages/mathlib/.lake/build/lib/lean/Mathlib/MeasureTheory/Integral/IntervalIntegral/Slope.olean: OK
.lake/packages/mathlib/.lake/build/lib/lean/Mathlib/MeasureTheory/Integral/IntervalIntegral/TrapezoidalRule.olean: OK
.lake/packages/mathlib/.lake/build/lib/lean/Mathlib/MeasureTheory/Integral/Layercake.olean: OK
.lake/packages/mathlib/.lake/build/lib/lean/Mathlib/MeasureTheory/Integral/Lebesgue/Add.olean: OK
.lake/packages/mathlib/.lake/build/lib/lean/Mathlib/MeasureTheory/Integral/Lebesgue/Basic.olean: OK
.lake/packages/mathlib/.lake/build/lib/lean/Mathlib/MeasureTheory/Integral/Lebesgue/Countable.olean: OK
.lake/packages/mathlib/.lake/build/lib/lean/Mathlib/MeasureTheory/Integral/Lebesgue/DominatedConvergence.olean: OK
.lake/packages/mathlib/.lake/build/lib/lean/Mathlib/MeasureTheory/Integral/Lebesgue/Map.olean: OK
.lake/packages/mathlib/.lake/build/lib/lean/Mathlib/MeasureTheory/Integral/Lebesgue/Markov.olean: OK
.lake/packages/mathlib/.lake/build/lib/lean/Mathlib/MeasureTheory/Integral/Lebesgue/Norm.olean: OK
.lake/packages/mathlib/.lake/build/lib/lean/Mathlib/MeasureTheory/Integral/Lebesgue/Sub.olean: OK
.lake/packages/mathlib/.lake/build/lib/lean/Mathlib/MeasureTheory/Integral/LebesgueNormedSpace.olean: OK
.lake/packages/mathlib/.lake/build/lib/lean/Mathlib/MeasureTheory/Integral/Marginal.olean: OK
.lake/packages/mathlib/.lake/build/lib/lean/Mathlib/MeasureTheory/Integral/MeanInequalities.olean: OK
.lake/packages/mathlib/.lake/build/lib/lean/Mathlib/MeasureTheory/Integral/MeanValue.olean: OK
.lake/packages/mathlib/.lake/build/lib/lean/Mathlib/MeasureTheory/Integral/PeakFunction.olean: OK
.lake/packages/mathlib/.lake/build/lib/lean/Mathlib/MeasureTheory/Integral/Pi.olean: OK
.lake/packages/mathlib/.lake/build/lib/lean/Mathlib/MeasureTheory/Integral/Prod.olean: OK
.lake/packages/mathlib/.lake/build/lib/lean/Mathlib/MeasureTheory/Integral/Regular.olean: OK
.lake/packages/mathlib/.lake/build/lib/lean/Mathlib/MeasureTheory/Integral/RieszMarkovKakutani/Basic.olean: OK
.lake/packages/mathlib/.lake/build/lib/lean/Mathlib/MeasureTheory/Integral/RieszMarkovKakutani/NNReal.olean: OK
.lake/packages/mathlib/.lake/build/lib/lean/Mathlib/MeasureTheory/Integral/RieszMarkovKakutani/Real.olean: OK
.lake/packages/mathlib/.lake/build/lib/lean/Mathlib/MeasureTheory/Integral/SetToL1.olean: OK
.lake/packages/mathlib/.lake/build/lib/lean/Mathlib/MeasureTheory/Integral/TorusIntegral.olean: OK
.lake/packages/mathlib/.lake/build/lib/lean/Mathlib/MeasureTheory/MeasurableSpace/Basic.olean: OK
.lake/packages/mathlib/.lake/build/lib/lean/Mathlib/MeasureTheory/MeasurableSpace/Card.olean: OK
.lake/packages/mathlib/.lake/build/lib/lean/Mathlib/MeasureTheory/MeasurableSpace/Constructions.olean: OK
.lake/packages/mathlib/.lake/build/lib/lean/Mathlib/MeasureTheory/MeasurableSpace/CountablyGenerated.olean: OK
.lake/packages/mathlib/.lake/build/lib/lean/Mathlib/MeasureTheory/MeasurableSpace/Defs.olean: OK
.lake/packages/mathlib/.lake/build/lib/lean/Mathlib/MeasureTheory/MeasurableSpace/Embedding.olean: OK
.lake/packages/mathlib/.lake/build/lib/lean/Mathlib/MeasureTheory/MeasurableSpace/EventuallyMeasurable.olean: OK
.lake/packages/mathlib/.lake/build/lib/lean/Mathlib/MeasureTheory/MeasurableSpace/Instances.olean: OK
.lake/packages/mathlib/.lake/build/lib/lean/Mathlib/MeasureTheory/MeasurableSpace/Invariants.olean: OK
.lake/packages/mathlib/.lake/build/lib/lean/Mathlib/MeasureTheory/MeasurableSpace/MeasurablyGenerated.olean: OK
.lake/packages/mathlib/.lake/build/lib/lean/Mathlib/MeasureTheory/MeasurableSpace/NCard.olean: OK
.lake/packages/mathlib/.lake/build/lib/lean/Mathlib/MeasureTheory/MeasurableSpace/Pi.olean: OK
.lake/packages/mathlib/.lake/build/lib/lean/Mathlib/MeasureTheory/MeasurableSpace/PreorderRestrict.olean: OK
.lake/packages/mathlib/.lake/build/lib/lean/Mathlib/MeasureTheory/MeasurableSpace/Prod.olean: OK
.lake/packages/mathlib/.lake/build/lib/lean/Mathlib/MeasureTheory/Measure/AEDisjoint.olean: OK
.lake/packages/mathlib/.lake/build/lib/lean/Mathlib/MeasureTheory/Measure/AEMeasurable.olean: OK
.lake/packages/mathlib/.lake/build/lib/lean/Mathlib/MeasureTheory/Measure/AbsolutelyContinuous.olean: OK
.lake/packages/mathlib/.lake/build/lib/lean/Mathlib/MeasureTheory/Measure/AddContent.olean: OK
.lake/packages/mathlib/.lake/build/lib/lean/Mathlib/MeasureTheory/Measure/CharacteristicFunction.olean: OK
.lake/packages/mathlib/.lake/build/lib/lean/Mathlib/MeasureTheory/Measure/CharacteristicFunction/Basic.olean: OK
.lake/packages/mathlib/.lake/build/lib/lean/Mathlib/MeasureTheory/Measure/CharacteristicFunction/TaylorExpansion.olean: OK
.lake/packages/mathlib/.lake/build/lib/lean/Mathlib/MeasureTheory/Measure/Comap.olean: OK
.lake/packages/mathlib/.lake/build/lib/lean/Mathlib/MeasureTheory/Measure/Complex.olean: OK
.lake/packages/mathlib/.lake/build/lib/lean/Mathlib/MeasureTheory/Measure/Content.olean: OK
.lake/packages/mathlib/.lake/build/lib/lean/Mathlib/MeasureTheory/Measure/ContinuousPreimage.olean: OK
.lake/packages/mathlib/.lake/build/lib/lean/Mathlib/MeasureTheory/Measure/Count.olean: OK
.lake/packages/mathlib/.lake/build/lib/lean/Mathlib/MeasureTheory/Measure/Decomposition/Exhaustion.olean: OK
.lake/packages/mathlib/.lake/build/lib/lean/Mathlib/MeasureTheory/Measure/Decomposition/Hahn.olean: OK
.lake/packages/mathlib/.lake/build/lib/lean/Mathlib/MeasureTheory/Measure/Decomposition/IntegralRNDeriv.olean: OK
.lake/packages/mathlib/.lake/build/lib/lean/Mathlib/MeasureTheory/Measure/Decomposition/Lebesgue.olean: OK
.lake/packages/mathlib/.lake/build/lib/lean/Mathlib/MeasureTheory/Measure/Decomposition/RadonNikodym.olean: OK
.lake/packages/mathlib/.lake/build/lib/lean/Mathlib/MeasureTheory/Measure/Dirac.olean: OK
.lake/packages/mathlib/.lake/build/lib/lean/Mathlib/MeasureTheory/Measure/DiracProba.olean: OK
.lake/packages/mathlib/.lake/build/lib/lean/Mathlib/MeasureTheory/Measure/Doubling.olean: OK
.lake/packages/mathlib/.lake/build/lib/lean/Mathlib/MeasureTheory/Measure/EverywherePos.olean: OK
.lake/packages/mathlib/.lake/build/lib/lean/Mathlib/MeasureTheory/Measure/FiniteMeasure.olean: OK
.lake/packages/mathlib/.lake/build/lib/lean/Mathlib/MeasureTheory/Measure/FiniteMeasureExt.olean: OK
.lake/packages/mathlib/.lake/build/lib/lean/Mathlib/MeasureTheory/Measure/FiniteMeasurePi.olean: OK
.lake/packages/mathlib/.lake/build/lib/lean/Mathlib/MeasureTheory/Measure/FiniteMeasureProd.olean: OK
.lake/packages/mathlib/.lake/build/lib/lean/Mathlib/MeasureTheory/Measure/GiryMonad.olean: OK
.lake/packages/mathlib/.lake/build/lib/lean/Mathlib/MeasureTheory/Measure/Haar/Basic.olean: OK
.lake/packages/mathlib/.lake/build/lib/lean/Mathlib/MeasureTheory/Measure/Haar/Disintegration.olean: OK
.lake/packages/mathlib/.lake/build/lib/lean/Mathlib/MeasureTheory/Measure/Haar/DistribChar.olean: OK
.lake/packages/mathlib/.lake/build/lib/lean/Mathlib/MeasureTheory/Measure/Haar/Extension.olean: OK
.lake/packages/mathlib/.lake/build/lib/lean/Mathlib/MeasureTheory/Measure/Haar/InnerProductSpace.olean: OK
.lake/packages/mathlib/.lake/build/lib/lean/Mathlib/MeasureTheory/Measure/Haar/MulEquivHaarChar.olean: OK
.lake/packages/mathlib/.lake/build/lib/lean/Mathlib/MeasureTheory/Measure/Haar/NormedSpace.olean: OK
.lake/packages/mathlib/.lake/build/lib/lean/Mathlib/MeasureTheory/Measure/Haar/OfBasis.olean: OK
.lake/packages/mathlib/.lake/build/lib/lean/Mathlib/MeasureTheory/Measure/Haar/Quotient.olean: OK
.lake/packages/mathlib/.lake/build/lib/lean/Mathlib/MeasureTheory/Measure/Haar/Unique.olean: OK
.lake/packages/mathlib/.lake/build/lib/lean/Mathlib/MeasureTheory/Measure/HasOuterApproxClosed.olean: OK
.lake/packages/mathlib/.lake/build/lib/lean/Mathlib/MeasureTheory/Measure/HasOuterApproxClosedProd.olean: OK
.lake/packages/mathlib/.lake/build/lib/lean/Mathlib/MeasureTheory/Measure/Hausdorff.olean: OK
.lake/packages/mathlib/.lake/build/lib/lean/Mathlib/MeasureTheory/Measure/IntegralCharFun.olean: OK
.lake/packages/mathlib/.lake/build/lib/lean/Mathlib/MeasureTheory/Measure/Lebesgue/Basic.olean: OK
.lake/packages/mathlib/.lake/build/lib/lean/Mathlib/MeasureTheory/Measure/Lebesgue/Complex.olean: OK
.lake/packages/mathlib/.lake/build/lib/lean/Mathlib/MeasureTheory/Measure/Lebesgue/EqHaar.olean: OK
.lake/packages/mathlib/.lake/build/lib/lean/Mathlib/MeasureTheory/Measure/Lebesgue/Integral.olean: OK
.lake/packages/mathlib/.lake/build/lib/lean/Mathlib/MeasureTheory/Measure/Lebesgue/VolumeOfBalls.olean: OK
.lake/packages/mathlib/.lake/build/lib/lean/Mathlib/MeasureTheory/Measure/LevyConvergence.olean: OK
.lake/packages/mathlib/.lake/build/lib/lean/Mathlib/MeasureTheory/Measure/LevyProkhorovMetric.olean: OK
.lake/packages/mathlib/.lake/build/lib/lean/Mathlib/MeasureTheory/Measure/LogLikelihoodRatio.olean: OK
.lake/packages/mathlib/.lake/build/lib/lean/Mathlib/MeasureTheory/Measure/Map.olean: OK
.lake/packages/mathlib/.lake/build/lib/lean/Mathlib/MeasureTheory/Measure/MeasureSpace.olean: OK
.lake/packages/mathlib/.lake/build/lib/lean/Mathlib/MeasureTheory/Measure/MeasureSpaceDef.olean: OK
.lake/packages/mathlib/.lake/build/lib/lean/Mathlib/MeasureTheory/Measure/MeasuredSets.olean: OK
.lake/packages/mathlib/.lake/build/lib/lean/Mathlib/MeasureTheory/Measure/MutuallySingular.olean: OK
.lake/packages/mathlib/.lake/build/lib/lean/Mathlib/MeasureTheory/Measure/NullMeasurable.olean: OK
.lake/packages/mathlib/.lake/build/lib/lean/Mathlib/MeasureTheory/Measure/OpenPos.olean: OK
.lake/packages/mathlib/.lake/build/lib/lean/Mathlib/MeasureTheory/Measure/Portmanteau.olean: OK
.lake/packages/mathlib/.lake/build/lib/lean/Mathlib/MeasureTheory/Measure/PreVariation.olean: OK
.lake/packages/mathlib/.lake/build/lib/lean/Mathlib/MeasureTheory/Measure/ProbabilityMeasure.olean: OK
.lake/packages/mathlib/.lake/build/lib/lean/Mathlib/MeasureTheory/Measure/Prod.olean: OK
.lake/packages/mathlib/.lake/build/lib/lean/Mathlib/MeasureTheory/Measure/Prokhorov.olean: OK
.lake/packages/mathlib/.lake/build/lib/lean/Mathlib/MeasureTheory/Measure/QuasiMeasurePreserving.olean: OK
.lake/packages/mathlib/.lake/build/lib/lean/Mathlib/MeasureTheory/Measure/Real.olean: OK
.lake/packages/mathlib/.lake/build/lib/lean/Mathlib/MeasureTheory/Measure/Regular.olean: OK
.lake/packages/mathlib/.lake/build/lib/lean/Mathlib/MeasureTheory/Measure/RegularityCompacts.olean: OK
.lake/packages/mathlib/.lake/build/lib/lean/Mathlib/MeasureTheory/Measure/ResolventTransform.olean: OK
.lake/packages/mathlib/.lake/build/lib/lean/Mathlib/MeasureTheory/Measure/Restrict.olean: OK
.lake/packages/mathlib/.lake/build/lib/lean/Mathlib/MeasureTheory/Measure/SeparableMeasure.olean: OK
.lake/packages/mathlib/.lake/build/lib/lean/Mathlib/MeasureTheory/Measure/Stieltjes.olean: OK
.lake/packages/mathlib/.lake/build/lib/lean/Mathlib/MeasureTheory/Measure/Sub.olean: OK
.lake/packages/mathlib/.lake/build/lib/lean/Mathlib/MeasureTheory/Measure/SubFinite.olean: OK
.lake/packages/mathlib/.lake/build/lib/lean/Mathlib/MeasureTheory/Measure/Support.olean: OK
.lake/packages/mathlib/.lake/build/lib/lean/Mathlib/MeasureTheory/Measure/Tight.olean: OK
.lake/packages/mathlib/.lake/build/lib/lean/Mathlib/MeasureTheory/Measure/TightNormed.olean: OK
.lake/packages/mathlib/.lake/build/lib/lean/Mathlib/MeasureTheory/Measure/Tilted.olean: OK
.lake/packages/mathlib/.lake/build/lib/lean/Mathlib/MeasureTheory/Measure/Trim.olean: OK
.lake/packages/mathlib/.lake/build/lib/lean/Mathlib/MeasureTheory/Measure/Typeclasses/Finite.olean: OK
.lake/packages/mathlib/.lake/build/lib/lean/Mathlib/MeasureTheory/Measure/Typeclasses/NoAtoms.olean: OK
.lake/packages/mathlib/.lake/build/lib/lean/Mathlib/MeasureTheory/Measure/Typeclasses/Probability.olean: OK
.lake/packages/mathlib/.lake/build/lib/lean/Mathlib/MeasureTheory/Measure/Typeclasses/SFinite.olean: OK
.lake/packages/mathlib/.lake/build/lib/lean/Mathlib/MeasureTheory/Measure/Typeclasses/ZeroOne.olean: OK
.lake/packages/mathlib/.lake/build/lib/lean/Mathlib/MeasureTheory/Measure/WithDensity.olean: OK
.lake/packages/mathlib/.lake/build/lib/lean/Mathlib/MeasureTheory/Measure/WithDensityFinite.olean: OK
.lake/packages/mathlib/.lake/build/lib/lean/Mathlib/MeasureTheory/Order/Group/Lattice.olean: OK
.lake/packages/mathlib/.lake/build/lib/lean/Mathlib/MeasureTheory/Order/Lattice.olean: OK
.lake/packages/mathlib/.lake/build/lib/lean/Mathlib/MeasureTheory/Order/UpperLower.olean: OK
.lake/packages/mathlib/.lake/build/lib/lean/Mathlib/MeasureTheory/OuterMeasure/AE.olean: OK
.lake/packages/mathlib/.lake/build/lib/lean/Mathlib/MeasureTheory/OuterMeasure/Basic.olean: OK
.lake/packages/mathlib/.lake/build/lib/lean/Mathlib/MeasureTheory/OuterMeasure/BorelCantelli.olean: OK
.lake/packages/mathlib/.lake/build/lib/lean/Mathlib/MeasureTheory/OuterMeasure/Caratheodory.olean: OK
.lake/packages/mathlib/.lake/build/lib/lean/Mathlib/MeasureTheory/OuterMeasure/Defs.olean: OK
.lake/packages/mathlib/.lake/build/lib/lean/Mathlib/MeasureTheory/OuterMeasure/Induced.olean: OK
.lake/packages/mathlib/.lake/build/lib/lean/Mathlib/MeasureTheory/OuterMeasure/OfAddContent.olean: OK
.lake/packages/mathlib/.lake/build/lib/lean/Mathlib/MeasureTheory/OuterMeasure/OfFunction.olean: OK
.lake/packages/mathlib/.lake/build/lib/lean/Mathlib/MeasureTheory/OuterMeasure/Operations.olean: OK
.lake/packages/mathlib/.lake/build/lib/lean/Mathlib/MeasureTheory/PiSystem.olean: OK
.lake/packages/mathlib/.lake/build/lib/lean/Mathlib/MeasureTheory/SetAlgebra.olean: OK
.lake/packages/mathlib/.lake/build/lib/lean/Mathlib/MeasureTheory/SetSemiring.olean: OK
.lake/packages/mathlib/.lake/build/lib/lean/Mathlib/MeasureTheory/SpecificCodomains/ContinuousMap.olean: OK
.lake/packages/mathlib/.lake/build/lib/lean/Mathlib/MeasureTheory/SpecificCodomains/ContinuousMapZero.olean: OK
.lake/packages/mathlib/.lake/build/lib/lean/Mathlib/MeasureTheory/SpecificCodomains/Pi.olean: OK
.lake/packages/mathlib/.lake/build/lib/lean/Mathlib/MeasureTheory/SpecificCodomains/WithLp.olean: OK
.lake/packages/mathlib/.lake/build/lib/lean/Mathlib/MeasureTheory/Topology.olean: OK
.lake/packages/mathlib/.lake/build/lib/lean/Mathlib/MeasureTheory/VectorMeasure/AddContent.olean: OK
.lake/packages/mathlib/.lake/build/lib/lean/Mathlib/MeasureTheory/VectorMeasure/Basic.olean: OK
.lake/packages/mathlib/.lake/build/lib/lean/Mathlib/MeasureTheory/VectorMeasure/BoundedVariation.olean: OK
.lake/packages/mathlib/.lake/build/lib/lean/Mathlib/MeasureTheory/VectorMeasure/Decomposition/Hahn.olean: OK
.lake/packages/mathlib/.lake/build/lib/lean/Mathlib/MeasureTheory/VectorMeasure/Decomposition/Jordan.olean: OK
.lake/packages/mathlib/.lake/build/lib/lean/Mathlib/MeasureTheory/VectorMeasure/Decomposition/JordanSub.olean: OK
.lake/packages/mathlib/.lake/build/lib/lean/Mathlib/MeasureTheory/VectorMeasure/Decomposition/Lebesgue.olean: OK
.lake/packages/mathlib/.lake/build/lib/lean/Mathlib/MeasureTheory/VectorMeasure/Decomposition/RadonNikodym.olean: OK
.lake/packages/mathlib/.lake/build/lib/lean/Mathlib/MeasureTheory/VectorMeasure/Integral.olean: OK
.lake/packages/mathlib/.lake/build/lib/lean/Mathlib/MeasureTheory/VectorMeasure/Variation/Basic.olean: OK
.lake/packages/mathlib/.lake/build/lib/lean/Mathlib/MeasureTheory/VectorMeasure/Variation/Defs.olean: OK
.lake/packages/mathlib/.lake/build/lib/lean/Mathlib/MeasureTheory/VectorMeasure/WithDensity.olean: OK
.lake/packages/mathlib/.lake/build/lib/lean/Mathlib/ModelTheory/Algebra/Field/Basic.olean: OK
.lake/packages/mathlib/.lake/build/lib/lean/Mathlib/ModelTheory/Algebra/Field/CharP.olean: OK
.lake/packages/mathlib/.lake/build/lib/lean/Mathlib/ModelTheory/Algebra/Field/IsAlgClosed.olean: OK
.lake/packages/mathlib/.lake/build/lib/lean/Mathlib/ModelTheory/Algebra/Ring/Basic.olean: OK
.lake/packages/mathlib/.lake/build/lib/lean/Mathlib/ModelTheory/Algebra/Ring/Definability.olean: OK
.lake/packages/mathlib/.lake/build/lib/lean/Mathlib/ModelTheory/Algebra/Ring/FreeCommRing.olean: OK
.lake/packages/mathlib/.lake/build/lib/lean/Mathlib/ModelTheory/Arithmetic/Presburger/Basic.olean: OK
.lake/packages/mathlib/.lake/build/lib/lean/Mathlib/ModelTheory/Arithmetic/Presburger/Definability.olean: OK
.lake/packages/mathlib/.lake/build/lib/lean/Mathlib/ModelTheory/Arithmetic/Presburger/Semilinear/Basic.olean: OK
.lake/packages/mathlib/.lake/build/lib/lean/Mathlib/ModelTheory/Arithmetic/Presburger/Semilinear/Defs.olean: OK
.lake/packages/mathlib/.lake/build/lib/lean/Mathlib/ModelTheory/Basic.olean: OK
.lake/packages/mathlib/.lake/build/lib/lean/Mathlib/ModelTheory/Bundled.olean: OK
.lake/packages/mathlib/.lake/build/lib/lean/Mathlib/ModelTheory/Complexity.olean: OK
.lake/packages/mathlib/.lake/build/lib/lean/Mathlib/ModelTheory/Definability.olean: OK
.lake/packages/mathlib/.lake/build/lib/lean/Mathlib/ModelTheory/DirectLimit.olean: OK
.lake/packages/mathlib/.lake/build/lib/lean/Mathlib/ModelTheory/ElementaryMaps.olean: OK
.lake/packages/mathlib/.lake/build/lib/lean/Mathlib/ModelTheory/ElementarySubstructures.olean: OK
.lake/packages/mathlib/.lake/build/lib/lean/Mathlib/ModelTheory/Encoding.olean: OK
.lake/packages/mathlib/.lake/build/lib/lean/Mathlib/ModelTheory/Equivalence.olean: OK
.lake/packages/mathlib/.lake/build/lib/lean/Mathlib/ModelTheory/FinitelyGenerated.olean: OK
.lake/packages/mathlib/.lake/build/lib/lean/Mathlib/ModelTheory/Fraisse.olean: OK
.lake/packages/mathlib/.lake/build/lib/lean/Mathlib/ModelTheory/Graph.olean: OK
.lake/packages/mathlib/.lake/build/lib/lean/Mathlib/ModelTheory/LanguageMap.olean: OK
.lake/packages/mathlib/.lake/build/lib/lean/Mathlib/ModelTheory/Order.olean: OK
.lake/packages/mathlib/.lake/build/lib/lean/Mathlib/ModelTheory/PartialEquiv.olean: OK
.lake/packages/mathlib/.lake/build/lib/lean/Mathlib/ModelTheory/Quotients.olean: OK
.lake/packages/mathlib/.lake/build/lib/lean/Mathlib/ModelTheory/Satisfiability.olean: OK
.lake/packages/mathlib/.lake/build/lib/lean/Mathlib/ModelTheory/Semantics.olean: OK
.lake/packages/mathlib/.lake/build/lib/lean/Mathlib/ModelTheory/Skolem.olean: OK
.lake/packages/mathlib/.lake/build/lib/lean/Mathlib/ModelTheory/Substructures.olean: OK
.lake/packages/mathlib/.lake/build/lib/lean/Mathlib/ModelTheory/Syntax.olean: OK
.lake/packages/mathlib/.lake/build/lib/lean/Mathlib/ModelTheory/Topology/Types.olean: OK
.lake/packages/mathlib/.lake/build/lib/lean/Mathlib/ModelTheory/Types.olean: OK
.lake/packages/mathlib/.lake/build/lib/lean/Mathlib/ModelTheory/Ultraproducts.olean: OK
.lake/packages/mathlib/.lake/build/lib/lean/Mathlib/NumberTheory/ADEInequality.olean: OK
.lake/packages/mathlib/.lake/build/lib/lean/Mathlib/NumberTheory/AbelSummation.olean: OK
.lake/packages/mathlib/.lake/build/lib/lean/Mathlib/NumberTheory/ArithmeticFunction.olean: OK
.lake/packages/mathlib/.lake/build/lib/lean/Mathlib/NumberTheory/ArithmeticFunction/Carmichael.olean: OK
.lake/packages/mathlib/.lake/build/lib/lean/Mathlib/NumberTheory/ArithmeticFunction/Defs.olean: OK
.lake/packages/mathlib/.lake/build/lib/lean/Mathlib/NumberTheory/ArithmeticFunction/LFunction.olean: OK
.lake/packages/mathlib/.lake/build/lib/lean/Mathlib/NumberTheory/ArithmeticFunction/Liouville.olean: OK
.lake/packages/mathlib/.lake/build/lib/lean/Mathlib/NumberTheory/ArithmeticFunction/Misc.olean: OK
.lake/packages/mathlib/.lake/build/lib/lean/Mathlib/NumberTheory/ArithmeticFunction/Moebius.olean: OK
.lake/packages/mathlib/.lake/build/lib/lean/Mathlib/NumberTheory/ArithmeticFunction/VonMangoldt.olean: OK
.lake/packages/mathlib/.lake/build/lib/lean/Mathlib/NumberTheory/ArithmeticFunction/Zeta.olean: OK
.lake/packages/mathlib/.lake/build/lib/lean/Mathlib/NumberTheory/Basic.olean: OK
.lake/packages/mathlib/.lake/build/lib/lean/Mathlib/NumberTheory/Bernoulli.olean: OK
.lake/packages/mathlib/.lake/build/lib/lean/Mathlib/NumberTheory/BernoulliPolynomials.olean: OK
.lake/packages/mathlib/.lake/build/lib/lean/Mathlib/NumberTheory/Bertrand.olean: OK
.lake/packages/mathlib/.lake/build/lib/lean/Mathlib/NumberTheory/Chebyshev.olean: OK
.lake/packages/mathlib/.lake/build/lib/lean/Mathlib/NumberTheory/ClassNumber/AdmissibleAbs.olean: OK
.lake/packages/mathlib/.lake/build/lib/lean/Mathlib/NumberTheory/ClassNumber/AdmissibleAbsoluteValue.olean: OK
.lake/packages/mathlib/.lake/build/lib/lean/Mathlib/NumberTheory/ClassNumber/AdmissibleCardPowDegree.olean: OK
.lake/packages/mathlib/.lake/build/lib/lean/Mathlib/NumberTheory/ClassNumber/Finite.olean: OK
.lake/packages/mathlib/.lake/build/lib/lean/Mathlib/NumberTheory/ClassNumber/FunctionField.olean: OK
.lake/packages/mathlib/.lake/build/lib/lean/Mathlib/NumberTheory/Cyclotomic/Basic.olean: OK
.lake/packages/mathlib/.lake/build/lib/lean/Mathlib/NumberTheory/Cyclotomic/CyclotomicCharacter.olean: OK
.lake/packages/mathlib/.lake/build/lib/lean/Mathlib/NumberTheory/Cyclotomic/Discriminant.olean: OK
.lake/packages/mathlib/.lake/build/lib/lean/Mathlib/NumberTheory/Cyclotomic/Gal.olean: OK
.lake/packages/mathlib/.lake/build/lib/lean/Mathlib/NumberTheory/Cyclotomic/PrimitiveRoots.olean: OK
.lake/packages/mathlib/.lake/build/lib/lean/Mathlib/NumberTheory/Dioph.olean: OK
.lake/packages/mathlib/.lake/build/lib/lean/Mathlib/NumberTheory/DiophantineApproximation/Basic.olean: OK
.lake/packages/mathlib/.lake/build/lib/lean/Mathlib/NumberTheory/DiophantineApproximation/ContinuedFractions.olean: OK
.lake/packages/mathlib/.lake/build/lib/lean/Mathlib/NumberTheory/DirichletCharacter/Basic.olean: OK
.lake/packages/mathlib/.lake/build/lib/lean/Mathlib/NumberTheory/DirichletCharacter/Bounds.olean: OK
.lake/packages/mathlib/.lake/build/lib/lean/Mathlib/NumberTheory/DirichletCharacter/GaussSum.olean: OK
.lake/packages/mathlib/.lake/build/lib/lean/Mathlib/NumberTheory/DirichletCharacter/Orthogonality.olean: OK
.lake/packages/mathlib/.lake/build/lib/lean/Mathlib/NumberTheory/Divisors.olean: OK
.lake/packages/mathlib/.lake/build/lib/lean/Mathlib/NumberTheory/EllipticDivisibilitySequence.olean: OK
.lake/packages/mathlib/.lake/build/lib/lean/Mathlib/NumberTheory/EulerProduct/Basic.olean: OK
.lake/packages/mathlib/.lake/build/lib/lean/Mathlib/NumberTheory/EulerProduct/DirichletLSeries.olean: OK
.lake/packages/mathlib/.lake/build/lib/lean/Mathlib/NumberTheory/EulerProduct/ExpLog.olean: OK
.lake/packages/mathlib/.lake/build/lib/lean/Mathlib/NumberTheory/FLT/Basic.olean: OK
.lake/packages/mathlib/.lake/build/lib/lean/Mathlib/NumberTheory/FLT/Four.olean: OK
.lake/packages/mathlib/.lake/build/lib/lean/Mathlib/NumberTheory/FLT/MasonStothers.olean: OK
.lake/packages/mathlib/.lake/build/lib/lean/Mathlib/NumberTheory/FLT/Polynomial.olean: OK
.lake/packages/mathlib/.lake/build/lib/lean/Mathlib/NumberTheory/FLT/Three.olean: OK
.lake/packages/mathlib/.lake/build/lib/lean/Mathlib/NumberTheory/FactorisationProperties.olean: OK
.lake/packages/mathlib/.lake/build/lib/lean/Mathlib/NumberTheory/Fermat.olean: OK
.lake/packages/mathlib/.lake/build/lib/lean/Mathlib/NumberTheory/FermatPsp.olean: OK
.lake/packages/mathlib/.lake/build/lib/lean/Mathlib/NumberTheory/FrobeniusNumber.olean: OK
.lake/packages/mathlib/.lake/build/lib/lean/Mathlib/NumberTheory/FunctionField.olean: OK
.lake/packages/mathlib/.lake/build/lib/lean/Mathlib/NumberTheory/GaussSum.olean: OK
.lake/packages/mathlib/.lake/build/lib/lean/Mathlib/NumberTheory/Harmonic/Bounds.olean: OK
.lake/packages/mathlib/.lake/build/lib/lean/Mathlib/NumberTheory/Harmonic/Defs.olean: OK
.lake/packages/mathlib/.lake/build/lib/lean/Mathlib/NumberTheory/Harmonic/EulerMascheroni.olean: OK
.lake/packages/mathlib/.lake/build/lib/lean/Mathlib/NumberTheory/Harmonic/GammaDeriv.olean: OK
.lake/packages/mathlib/.lake/build/lib/lean/Mathlib/NumberTheory/Harmonic/Int.olean: OK
.lake/packages/mathlib/.lake/build/lib/lean/Mathlib/NumberTheory/Harmonic/ZetaAsymp.olean: OK
.lake/packages/mathlib/.lake/build/lib/lean/Mathlib/NumberTheory/Height/Basic.olean: OK
.lake/packages/mathlib/.lake/build/lib/lean/Mathlib/NumberTheory/Height/MvPolynomial.olean: OK
.lake/packages/mathlib/.lake/build/lib/lean/Mathlib/NumberTheory/Height/Northcott.olean: OK
.lake/packages/mathlib/.lake/build/lib/lean/Mathlib/NumberTheory/Height/NumberField.olean: OK
.lake/packages/mathlib/.lake/build/lib/lean/Mathlib/NumberTheory/Height/Projectivization.olean: OK
.lake/packages/mathlib/.lake/build/lib/lean/Mathlib/NumberTheory/JacobiSum/Basic.olean: OK
.lake/packages/mathlib/.lake/build/lib/lean/Mathlib/NumberTheory/KummerDedekind.olean: OK
.lake/packages/mathlib/.lake/build/lib/lean/Mathlib/NumberTheory/LSeries/AbstractFuncEq.olean: OK
.lake/packages/mathlib/.lake/build/lib/lean/Mathlib/NumberTheory/LSeries/Basic.olean: OK
.lake/packages/mathlib/.lake/build/lib/lean/Mathlib/NumberTheory/LSeries/Convergence.olean: OK
.lake/packages/mathlib/.lake/build/lib/lean/Mathlib/NumberTheory/LSeries/Convolution.olean: OK
.lake/packages/mathlib/.lake/build/lib/lean/Mathlib/NumberTheory/LSeries/Deriv.olean: OK
.lake/packages/mathlib/.lake/build/lib/lean/Mathlib/NumberTheory/LSeries/Dirichlet.olean: OK
.lake/packages/mathlib/.lake/build/lib/lean/Mathlib/NumberTheory/LSeries/DirichletContinuation.olean: OK
.lake/packages/mathlib/.lake/build/lib/lean/Mathlib/NumberTheory/LSeries/HurwitzZeta.olean: OK
.lake/packages/mathlib/.lake/build/lib/lean/Mathlib/NumberTheory/LSeries/HurwitzZetaEven.olean: OK
.lake/packages/mathlib/.lake/build/lib/lean/Mathlib/NumberTheory/LSeries/HurwitzZetaOdd.olean: OK
.lake/packages/mathlib/.lake/build/lib/lean/Mathlib/NumberTheory/LSeries/HurwitzZetaValues.olean: OK
.lake/packages/mathlib/.lake/build/lib/lean/Mathlib/NumberTheory/LSeries/Injectivity.olean: OK
.lake/packages/mathlib/.lake/build/lib/lean/Mathlib/NumberTheory/LSeries/Linearity.olean: OK
.lake/packages/mathlib/.lake/build/lib/lean/Mathlib/NumberTheory/LSeries/MellinEqDirichlet.olean: OK
.lake/packages/mathlib/.lake/build/lib/lean/Mathlib/NumberTheory/LSeries/Nonvanishing.olean: OK
.lake/packages/mathlib/.lake/build/lib/lean/Mathlib/NumberTheory/LSeries/Positivity.olean: OK
.lake/packages/mathlib/.lake/build/lib/lean/Mathlib/NumberTheory/LSeries/PrimesInAP.olean: OK
.lake/packages/mathlib/.lake/build/lib/lean/Mathlib/NumberTheory/LSeries/RiemannZeta.olean: OK
.lake/packages/mathlib/.lake/build/lib/lean/Mathlib/NumberTheory/LSeries/SumCoeff.olean: OK
.lake/packages/mathlib/.lake/build/lib/lean/Mathlib/NumberTheory/LSeries/ZMod.olean: OK
.lake/packages/mathlib/.lake/build/lib/lean/Mathlib/NumberTheory/LSeries/ZetaZeros.olean: OK
.lake/packages/mathlib/.lake/build/lib/lean/Mathlib/NumberTheory/LegendreSymbol/AddCharacter.olean: OK
.lake/packages/mathlib/.lake/build/lib/lean/Mathlib/NumberTheory/LegendreSymbol/Basic.olean: OK
.lake/packages/mathlib/.lake/build/lib/lean/Mathlib/NumberTheory/LegendreSymbol/Complex.olean: OK
.lake/packages/mathlib/.lake/build/lib/lean/Mathlib/NumberTheory/LegendreSymbol/GaussEisensteinLemmas.olean: OK
.lake/packages/mathlib/.lake/build/lib/lean/Mathlib/NumberTheory/LegendreSymbol/JacobiSymbol.olean: OK
.lake/packages/mathlib/.lake/build/lib/lean/Mathlib/NumberTheory/LegendreSymbol/QuadraticChar/Basic.olean: OK
.lake/packages/mathlib/.lake/build/lib/lean/Mathlib/NumberTheory/LegendreSymbol/QuadraticChar/GaussSum.olean: OK
.lake/packages/mathlib/.lake/build/lib/lean/Mathlib/NumberTheory/LegendreSymbol/QuadraticReciprocity.olean: OK
.lake/packages/mathlib/.lake/build/lib/lean/Mathlib/NumberTheory/LegendreSymbol/ZModChar.olean: OK
.lake/packages/mathlib/.lake/build/lib/lean/Mathlib/NumberTheory/LocalField/Basic.olean: OK
.lake/packages/mathlib/.lake/build/lib/lean/Mathlib/NumberTheory/LucasLehmer.olean: OK
.lake/packages/mathlib/.lake/build/lib/lean/Mathlib/NumberTheory/LucasPrimality.olean: OK
.lake/packages/mathlib/.lake/build/lib/lean/Mathlib/NumberTheory/MahlerMeasure.olean: OK
.lake/packages/mathlib/.lake/build/lib/lean/Mathlib/NumberTheory/MaricaSchoenheim.olean: OK
.lake/packages/mathlib/.lake/build/lib/lean/Mathlib/NumberTheory/Modular.olean: OK
.lake/packages/mathlib/.lake/build/lib/lean/Mathlib/NumberTheory/ModularForms/ArithmeticSubgroups.olean: OK
.lake/packages/mathlib/.lake/build/lib/lean/Mathlib/NumberTheory/ModularForms/Basic.olean: OK
.lake/packages/mathlib/.lake/build/lib/lean/Mathlib/NumberTheory/ModularForms/BoundedAtCusp.olean: OK
.lake/packages/mathlib/.lake/build/lib/lean/Mathlib/NumberTheory/ModularForms/Bounds.olean: OK
.lake/packages/mathlib/.lake/build/lib/lean/Mathlib/NumberTheory/ModularForms/CongruenceSubgroups.olean: OK
.lake/packages/mathlib/.lake/build/lib/lean/Mathlib/NumberTheory/ModularForms/CuspFormSubmodule.olean: OK
.lake/packages/mathlib/.lake/build/lib/lean/Mathlib/NumberTheory/ModularForms/Cusps.olean: OK
.lake/packages/mathlib/.lake/build/lib/lean/Mathlib/NumberTheory/ModularForms/DedekindEta.olean: OK
.lake/packages/mathlib/.lake/build/lib/lean/Mathlib/NumberTheory/ModularForms/Delta.olean: OK
.lake/packages/mathlib/.lake/build/lib/lean/Mathlib/NumberTheory/ModularForms/Derivative.olean: OK
.lake/packages/mathlib/.lake/build/lib/lean/Mathlib/NumberTheory/ModularForms/DimensionFormulas/LevelOne.olean: OK
.lake/packages/mathlib/.lake/build/lib/lean/Mathlib/NumberTheory/ModularForms/Discriminant.olean: OK
.lake/packages/mathlib/.lake/build/lib/lean/Mathlib/NumberTheory/ModularForms/EisensteinSeries/Basic.olean: OK
.lake/packages/mathlib/.lake/build/lib/lean/Mathlib/NumberTheory/ModularForms/EisensteinSeries/Defs.olean: OK
.lake/packages/mathlib/.lake/build/lib/lean/Mathlib/NumberTheory/ModularForms/EisensteinSeries/E2/Defs.olean: OK
.lake/packages/mathlib/.lake/build/lib/lean/Mathlib/NumberTheory/ModularForms/EisensteinSeries/E2/MDifferentiable.olean: OK
.lake/packages/mathlib/.lake/build/lib/lean/Mathlib/NumberTheory/ModularForms/EisensteinSeries/E2/Summable.olean: OK
.lake/packages/mathlib/.lake/build/lib/lean/Mathlib/NumberTheory/ModularForms/EisensteinSeries/E2/Transform.olean: OK
.lake/packages/mathlib/.lake/build/lib/lean/Mathlib/NumberTheory/ModularForms/EisensteinSeries/IsBoundedAtImInfty.olean: OK
.lake/packages/mathlib/.lake/build/lib/lean/Mathlib/NumberTheory/ModularForms/EisensteinSeries/MDifferentiable.olean: OK
.lake/packages/mathlib/.lake/build/lib/lean/Mathlib/NumberTheory/ModularForms/EisensteinSeries/QExpansion.olean: OK
.lake/packages/mathlib/.lake/build/lib/lean/Mathlib/NumberTheory/ModularForms/EisensteinSeries/Summable.olean: OK
.lake/packages/mathlib/.lake/build/lib/lean/Mathlib/NumberTheory/ModularForms/EisensteinSeries/UniformConvergence.olean: OK
.lake/packages/mathlib/.lake/build/lib/lean/Mathlib/NumberTheory/ModularForms/Identities.olean: OK
.lake/packages/mathlib/.lake/build/lib/lean/Mathlib/NumberTheory/ModularForms/JacobiTheta/Bounds.olean: OK
.lake/packages/mathlib/.lake/build/lib/lean/Mathlib/NumberTheory/ModularForms/JacobiTheta/Manifold.olean: OK
.lake/packages/mathlib/.lake/build/lib/lean/Mathlib/NumberTheory/ModularForms/JacobiTheta/OneVariable.olean: OK
.lake/packages/mathlib/.lake/build/lib/lean/Mathlib/NumberTheory/ModularForms/JacobiTheta/TwoVariable.olean: OK
.lake/packages/mathlib/.lake/build/lib/lean/Mathlib/NumberTheory/ModularForms/LevelOne.olean: OK
.lake/packages/mathlib/.lake/build/lib/lean/Mathlib/NumberTheory/ModularForms/LevelOne/Basic.olean: OK
.lake/packages/mathlib/.lake/build/lib/lean/Mathlib/NumberTheory/ModularForms/LevelOne/DimensionFormula.olean: OK
.lake/packages/mathlib/.lake/build/lib/lean/Mathlib/NumberTheory/ModularForms/LevelOne/GradedRing.olean: OK
.lake/packages/mathlib/.lake/build/lib/lean/Mathlib/NumberTheory/ModularForms/NormTrace.olean: OK
.lake/packages/mathlib/.lake/build/lib/lean/Mathlib/NumberTheory/ModularForms/Petersson.olean: OK
.lake/packages/mathlib/.lake/build/lib/lean/Mathlib/NumberTheory/ModularForms/ProperlyDiscontinuous.olean: OK
.lake/packages/mathlib/.lake/build/lib/lean/Mathlib/NumberTheory/ModularForms/QExpansion.olean: OK
.lake/packages/mathlib/.lake/build/lib/lean/Mathlib/NumberTheory/ModularForms/SlashActions.olean: OK
.lake/packages/mathlib/.lake/build/lib/lean/Mathlib/NumberTheory/ModularForms/SlashInvariantForms.olean: OK
.lake/packages/mathlib/.lake/build/lib/lean/Mathlib/NumberTheory/MulChar/Basic.olean: OK
.lake/packages/mathlib/.lake/build/lib/lean/Mathlib/NumberTheory/MulChar/Duality.olean: OK
.lake/packages/mathlib/.lake/build/lib/lean/Mathlib/NumberTheory/MulChar/Lemmas.olean: OK
.lake/packages/mathlib/.lake/build/lib/lean/Mathlib/NumberTheory/Multiplicity.olean: OK
.lake/packages/mathlib/.lake/build/lib/lean/Mathlib/NumberTheory/Niven.olean: OK
.lake/packages/mathlib/.lake/build/lib/lean/Mathlib/NumberTheory/NumberField/AdeleRing.olean: OK
.lake/packages/mathlib/.lake/build/lib/lean/Mathlib/NumberTheory/NumberField/Basic.olean: OK
.lake/packages/mathlib/.lake/build/lib/lean/Mathlib/NumberTheory/NumberField/CMField.olean: OK
.lake/packages/mathlib/.lake/build/lib/lean/Mathlib/NumberTheory/NumberField/CanonicalEmbedding/Basic.olean: OK
.lake/packages/mathlib/.lake/build/lib/lean/Mathlib/NumberTheory/NumberField/CanonicalEmbedding/ConvexBody.olean: OK
.lake/packages/mathlib/.lake/build/lib/lean/Mathlib/NumberTheory/NumberField/CanonicalEmbedding/FundamentalCone.olean: OK
.lake/packages/mathlib/.lake/build/lib/lean/Mathlib/NumberTheory/NumberField/CanonicalEmbedding/NormLeOne.olean: OK
.lake/packages/mathlib/.lake/build/lib/lean/Mathlib/NumberTheory/NumberField/CanonicalEmbedding/PolarCoord.olean: OK
.lake/packages/mathlib/.lake/build/lib/lean/Mathlib/NumberTheory/NumberField/ClassNumber.olean: OK
.lake/packages/mathlib/.lake/build/lib/lean/Mathlib/NumberTheory/NumberField/Completion/FinitePlace.olean: OK
.lake/packages/mathlib/.lake/build/lib/lean/Mathlib/NumberTheory/NumberField/Completion/InfinitePlace.olean: OK
.lake/packages/mathlib/.lake/build/lib/lean/Mathlib/NumberTheory/NumberField/Completion/LiesOverInstances.olean: OK
.lake/packages/mathlib/.lake/build/lib/lean/Mathlib/NumberTheory/NumberField/Completion/Ramification.olean: OK
.lake/packages/mathlib/.lake/build/lib/lean/Mathlib/NumberTheory/NumberField/Cyclotomic/Basic.olean: OK
.lake/packages/mathlib/.lake/build/lib/lean/Mathlib/NumberTheory/NumberField/Cyclotomic/Embeddings.olean: OK
.lake/packages/mathlib/.lake/build/lib/lean/Mathlib/NumberTheory/NumberField/Cyclotomic/Galois.olean: OK
.lake/packages/mathlib/.lake/build/lib/lean/Mathlib/NumberTheory/NumberField/Cyclotomic/Ideal.olean: OK
.lake/packages/mathlib/.lake/build/lib/lean/Mathlib/NumberTheory/NumberField/Cyclotomic/PID.olean: OK
.lake/packages/mathlib/.lake/build/lib/lean/Mathlib/NumberTheory/NumberField/Cyclotomic/Three.olean: OK
.lake/packages/mathlib/.lake/build/lib/lean/Mathlib/NumberTheory/NumberField/DedekindZeta.olean: OK
.lake/packages/mathlib/.lake/build/lib/lean/Mathlib/NumberTheory/NumberField/Discriminant/Basic.olean: OK
.lake/packages/mathlib/.lake/build/lib/lean/Mathlib/NumberTheory/NumberField/Discriminant/Defs.olean: OK
.lake/packages/mathlib/.lake/build/lib/lean/Mathlib/NumberTheory/NumberField/Discriminant/Different.olean: OK
.lake/packages/mathlib/.lake/build/lib/lean/Mathlib/NumberTheory/NumberField/EquivReindex.olean: OK
.lake/packages/mathlib/.lake/build/lib/lean/Mathlib/NumberTheory/NumberField/ExistsRamified.olean: OK
.lake/packages/mathlib/.lake/build/lib/lean/Mathlib/NumberTheory/NumberField/FinitePlaces.olean: OK
.lake/packages/mathlib/.lake/build/lib/lean/Mathlib/NumberTheory/NumberField/FractionalIdeal.olean: OK
.lake/packages/mathlib/.lake/build/lib/lean/Mathlib/NumberTheory/NumberField/House.olean: OK
.lake/packages/mathlib/.lake/build/lib/lean/Mathlib/NumberTheory/NumberField/Ideal/Asymptotics.olean: OK
.lake/packages/mathlib/.lake/build/lib/lean/Mathlib/NumberTheory/NumberField/Ideal/Basic.olean: OK
.lake/packages/mathlib/.lake/build/lib/lean/Mathlib/NumberTheory/NumberField/Ideal/KummerDedekind.olean: OK
.lake/packages/mathlib/.lake/build/lib/lean/Mathlib/NumberTheory/NumberField/InfiniteAdeleRing.olean: OK
.lake/packages/mathlib/.lake/build/lib/lean/Mathlib/NumberTheory/NumberField/InfinitePlace/Basic.olean: OK
.lake/packages/mathlib/.lake/build/lib/lean/Mathlib/NumberTheory/NumberField/InfinitePlace/Completion.olean: OK
.lake/packages/mathlib/.lake/build/lib/lean/Mathlib/NumberTheory/NumberField/InfinitePlace/Embeddings.olean: OK
.lake/packages/mathlib/.lake/build/lib/lean/Mathlib/NumberTheory/NumberField/InfinitePlace/Ramification.olean: OK
.lake/packages/mathlib/.lake/build/lib/lean/Mathlib/NumberTheory/NumberField/InfinitePlace/TotallyRealComplex.olean: OK
.lake/packages/mathlib/.lake/build/lib/lean/Mathlib/NumberTheory/NumberField/Norm.olean: OK
.lake/packages/mathlib/.lake/build/lib/lean/Mathlib/NumberTheory/NumberField/ProductFormula.olean: OK
.lake/packages/mathlib/.lake/build/lib/lean/Mathlib/NumberTheory/NumberField/Units/Basic.olean: OK
.lake/packages/mathlib/.lake/build/lib/lean/Mathlib/NumberTheory/NumberField/Units/DirichletTheorem.olean: OK
.lake/packages/mathlib/.lake/build/lib/lean/Mathlib/NumberTheory/NumberField/Units/Regulator.olean: OK
.lake/packages/mathlib/.lake/build/lib/lean/Mathlib/NumberTheory/Ostrowski.olean: OK
.lake/packages/mathlib/.lake/build/lib/lean/Mathlib/NumberTheory/Padics/AddChar.olean: OK
.lake/packages/mathlib/.lake/build/lib/lean/Mathlib/NumberTheory/Padics/Complex.olean: OK
.lake/packages/mathlib/.lake/build/lib/lean/Mathlib/NumberTheory/Padics/HeightOneSpectrum.olean: OK
.lake/packages/mathlib/.lake/build/lib/lean/Mathlib/NumberTheory/Padics/Hensel.olean: OK
.lake/packages/mathlib/.lake/build/lib/lean/Mathlib/NumberTheory/Padics/MahlerBasis.olean: OK
.lake/packages/mathlib/.lake/build/lib/lean/Mathlib/NumberTheory/Padics/PadicIntegers.olean: OK
.lake/packages/mathlib/.lake/build/lib/lean/Mathlib/NumberTheory/Padics/PadicNorm.olean: OK
.lake/packages/mathlib/.lake/build/lib/lean/Mathlib/NumberTheory/Padics/PadicNumbers.olean: OK
.lake/packages/mathlib/.lake/build/lib/lean/Mathlib/NumberTheory/Padics/PadicVal/Basic.olean: OK
.lake/packages/mathlib/.lake/build/lib/lean/Mathlib/NumberTheory/Padics/PadicVal/Defs.olean: OK
.lake/packages/mathlib/.lake/build/lib/lean/Mathlib/NumberTheory/Padics/ProperSpace.olean: OK
.lake/packages/mathlib/.lake/build/lib/lean/Mathlib/NumberTheory/Padics/RingHoms.olean: OK
.lake/packages/mathlib/.lake/build/lib/lean/Mathlib/NumberTheory/Padics/ValuativeRel.olean: OK
.lake/packages/mathlib/.lake/build/lib/lean/Mathlib/NumberTheory/Padics/WithVal.olean: OK
.lake/packages/mathlib/.lake/build/lib/lean/Mathlib/NumberTheory/Pell.olean: OK
.lake/packages/mathlib/.lake/build/lib/lean/Mathlib/NumberTheory/PellMatiyasevic.olean: OK
.lake/packages/mathlib/.lake/build/lib/lean/Mathlib/NumberTheory/PowModTotient.olean: OK
.lake/packages/mathlib/.lake/build/lib/lean/Mathlib/NumberTheory/PrimeCounting.olean: OK
.lake/packages/mathlib/.lake/build/lib/lean/Mathlib/NumberTheory/PrimesCongruentOne.olean: OK
.lake/packages/mathlib/.lake/build/lib/lean/Mathlib/NumberTheory/Primorial.olean: OK
.lake/packages/mathlib/.lake/build/lib/lean/Mathlib/NumberTheory/PythagoreanTriples.olean: OK
.lake/packages/mathlib/.lake/build/lib/lean/Mathlib/NumberTheory/RamificationInertia/Basic.olean: OK
.lake/packages/mathlib/.lake/build/lib/lean/Mathlib/NumberTheory/RamificationInertia/Galois.olean: OK
.lake/packages/mathlib/.lake/build/lib/lean/Mathlib/NumberTheory/RamificationInertia/HilbertTheory.olean: OK
.lake/packages/mathlib/.lake/build/lib/lean/Mathlib/NumberTheory/RamificationInertia/Inertia.olean: OK
.lake/packages/mathlib/.lake/build/lib/lean/Mathlib/NumberTheory/RamificationInertia/Ramification.olean: OK
.lake/packages/mathlib/.lake/build/lib/lean/Mathlib/NumberTheory/RamificationInertia/Unramified.olean: OK
.lake/packages/mathlib/.lake/build/lib/lean/Mathlib/NumberTheory/RatFunc/Ostrowski.olean: OK
.lake/packages/mathlib/.lake/build/lib/lean/Mathlib/NumberTheory/Rayleigh.olean: OK
.lake/packages/mathlib/.lake/build/lib/lean/Mathlib/NumberTheory/Real/GoldenRatio.olean: OK
.lake/packages/mathlib/.lake/build/lib/lean/Mathlib/NumberTheory/Real/Irrational.olean: OK
.lake/packages/mathlib/.lake/build/lib/lean/Mathlib/NumberTheory/SelbergSieve.olean: OK
.lake/packages/mathlib/.lake/build/lib/lean/Mathlib/NumberTheory/SiegelsLemma.olean: OK
.lake/packages/mathlib/.lake/build/lib/lean/Mathlib/NumberTheory/SmoothNumbers.olean: OK
.lake/packages/mathlib/.lake/build/lib/lean/Mathlib/NumberTheory/SumFourSquares.olean: OK
.lake/packages/mathlib/.lake/build/lib/lean/Mathlib/NumberTheory/SumPrimeReciprocals.olean: OK
.lake/packages/mathlib/.lake/build/lib/lean/Mathlib/NumberTheory/SumTwoSquares.olean: OK
.lake/packages/mathlib/.lake/build/lib/lean/Mathlib/NumberTheory/Transcendental/Lindemann/AnalyticalPart.olean: OK
.lake/packages/mathlib/.lake/build/lib/lean/Mathlib/NumberTheory/Transcendental/Liouville/Basic.olean: OK
.lake/packages/mathlib/.lake/build/lib/lean/Mathlib/NumberTheory/Transcendental/Liouville/LiouvilleNumber.olean: OK
.lake/packages/mathlib/.lake/build/lib/lean/Mathlib/NumberTheory/Transcendental/Liouville/LiouvilleWith.olean: OK
.lake/packages/mathlib/.lake/build/lib/lean/Mathlib/NumberTheory/Transcendental/Liouville/Measure.olean: OK
.lake/packages/mathlib/.lake/build/lib/lean/Mathlib/NumberTheory/Transcendental/Liouville/Residual.olean: OK
.lake/packages/mathlib/.lake/build/lib/lean/Mathlib/NumberTheory/TsumDivisorsAntidiagonal.olean: OK
.lake/packages/mathlib/.lake/build/lib/lean/Mathlib/NumberTheory/TsumDivsorsAntidiagonal.olean: OK
.lake/packages/mathlib/.lake/build/lib/lean/Mathlib/NumberTheory/VonMangoldt.olean: OK
.lake/packages/mathlib/.lake/build/lib/lean/Mathlib/NumberTheory/WellApproximable.olean: OK
.lake/packages/mathlib/.lake/build/lib/lean/Mathlib/NumberTheory/Wilson.olean: OK
.lake/packages/mathlib/.lake/build/lib/lean/Mathlib/NumberTheory/ZetaValues.olean: OK
.lake/packages/mathlib/.lake/build/lib/lean/Mathlib/NumberTheory/Zsqrtd/Basic.olean: OK
.lake/packages/mathlib/.lake/build/lib/lean/Mathlib/NumberTheory/Zsqrtd/GaussianInt.olean: OK
.lake/packages/mathlib/.lake/build/lib/lean/Mathlib/NumberTheory/Zsqrtd/QuadraticReciprocity.olean: OK
.lake/packages/mathlib/.lake/build/lib/lean/Mathlib/NumberTheory/Zsqrtd/ToReal.olean: OK
.lake/packages/mathlib/.lake/build/lib/lean/Mathlib/Order/Antichain.olean: OK
.lake/packages/mathlib/.lake/build/lib/lean/Mathlib/Order/Antisymmetrization.olean: OK
.lake/packages/mathlib/.lake/build/lib/lean/Mathlib/Order/Atoms.olean: OK
.lake/packages/mathlib/.lake/build/lib/lean/Mathlib/Order/Atoms/Finite.olean: OK
.lake/packages/mathlib/.lake/build/lib/lean/Mathlib/Order/Basic.olean: OK
.lake/packages/mathlib/.lake/build/lib/lean/Mathlib/Order/Birkhoff.olean: OK
.lake/packages/mathlib/.lake/build/lib/lean/Mathlib/Order/BooleanAlgebra/Basic.olean: OK
.lake/packages/mathlib/.lake/build/lib/lean/Mathlib/Order/BooleanAlgebra/Defs.olean: OK
.lake/packages/mathlib/.lake/build/lib/lean/Mathlib/Order/BooleanAlgebra/Set.olean: OK
.lake/packages/mathlib/.lake/build/lib/lean/Mathlib/Order/BooleanGenerators.olean: OK
.lake/packages/mathlib/.lake/build/lib/lean/Mathlib/Order/BooleanSubalgebra.olean: OK
.lake/packages/mathlib/.lake/build/lib/lean/Mathlib/Order/Booleanisation.olean: OK
.lake/packages/mathlib/.lake/build/lib/lean/Mathlib/Order/Bounded.olean: OK
.lake/packages/mathlib/.lake/build/lib/lean/Mathlib/Order/BoundedOrder/Basic.olean: OK
.lake/packages/mathlib/.lake/build/lib/lean/Mathlib/Order/BoundedOrder/Lattice.olean: OK
.lake/packages/mathlib/.lake/build/lib/lean/Mathlib/Order/BoundedOrder/Monotone.olean: OK
.lake/packages/mathlib/.lake/build/lib/lean/Mathlib/Order/Bounds/Basic.olean: OK
.lake/packages/mathlib/.lake/build/lib/lean/Mathlib/Order/Bounds/Defs.olean: OK
.lake/packages/mathlib/.lake/build/lib/lean/Mathlib/Order/Bounds/Image.olean: OK
.lake/packages/mathlib/.lake/build/lib/lean/Mathlib/Order/Bounds/Lattice.olean: OK
.lake/packages/mathlib/.lake/build/lib/lean/Mathlib/Order/Bounds/OrderIso.olean: OK
.lake/packages/mathlib/.lake/build/lib/lean/Mathlib/Order/BourbakiWitt.olean: OK
.lake/packages/mathlib/.lake/build/lib/lean/Mathlib/Order/Category/BddDistLat.olean: OK
.lake/packages/mathlib/.lake/build/lib/lean/Mathlib/Order/Category/BddLat.olean: OK
.lake/packages/mathlib/.lake/build/lib/lean/Mathlib/Order/Category/BddOrd.olean: OK
.lake/packages/mathlib/.lake/build/lib/lean/Mathlib/Order/Category/BoolAlg.olean: OK
.lake/packages/mathlib/.lake/build/lib/lean/Mathlib/Order/Category/CompleteLat.olean: OK
.lake/packages/mathlib/.lake/build/lib/lean/Mathlib/Order/Category/DistLat.olean: OK
.lake/packages/mathlib/.lake/build/lib/lean/Mathlib/Order/Category/FinBddDistLat.olean: OK
.lake/packages/mathlib/.lake/build/lib/lean/Mathlib/Order/Category/FinBoolAlg.olean: OK
.lake/packages/mathlib/.lake/build/lib/lean/Mathlib/Order/Category/FinPartOrd.olean: OK
.lake/packages/mathlib/.lake/build/lib/lean/Mathlib/Order/Category/Frm.olean: OK
.lake/packages/mathlib/.lake/build/lib/lean/Mathlib/Order/Category/HeytAlg.olean: OK
.lake/packages/mathlib/.lake/build/lib/lean/Mathlib/Order/Category/Lat.olean: OK
.lake/packages/mathlib/.lake/build/lib/lean/Mathlib/Order/Category/LinOrd.olean: OK
.lake/packages/mathlib/.lake/build/lib/lean/Mathlib/Order/Category/NonemptyFinLinOrd.olean: OK
.lake/packages/mathlib/.lake/build/lib/lean/Mathlib/Order/Category/OmegaCompletePartialOrder.olean: OK
.lake/packages/mathlib/.lake/build/lib/lean/Mathlib/Order/Category/PartOrd.olean: OK
.lake/packages/mathlib/.lake/build/lib/lean/Mathlib/Order/Category/PartOrdEmb.olean: OK
.lake/packages/mathlib/.lake/build/lib/lean/Mathlib/Order/Category/Preord.olean: OK
.lake/packages/mathlib/.lake/build/lib/lean/Mathlib/Order/Category/Semilat.olean: OK
.lake/packages/mathlib/.lake/build/lib/lean/Mathlib/Order/Circular.olean: OK
.lake/packages/mathlib/.lake/build/lib/lean/Mathlib/Order/Circular/ZMod.olean: OK
.lake/packages/mathlib/.lake/build/lib/lean/Mathlib/Order/Closure.olean: OK
.lake/packages/mathlib/.lake/build/lib/lean/Mathlib/Order/Cofinal.olean: OK
.lake/packages/mathlib/.lake/build/lib/lean/Mathlib/Order/CompactlyGenerated/Basic.olean: OK
.lake/packages/mathlib/.lake/build/lib/lean/Mathlib/Order/CompactlyGenerated/Intervals.olean: OK
.lake/packages/mathlib/.lake/build/lib/lean/Mathlib/Order/Comparable.olean: OK
.lake/packages/mathlib/.lake/build/lib/lean/Mathlib/Order/Compare.olean: OK
.lake/packages/mathlib/.lake/build/lib/lean/Mathlib/Order/CompleteBooleanAlgebra.olean: OK
.lake/packages/mathlib/.lake/build/lib/lean/Mathlib/Order/CompleteLattice/Basic.olean: OK
.lake/packages/mathlib/.lake/build/lib/lean/Mathlib/Order/CompleteLattice/Chain.olean: OK
.lake/packages/mathlib/.lake/build/lib/lean/Mathlib/Order/CompleteLattice/Defs.olean: OK
.lake/packages/mathlib/.lake/build/lib/lean/Mathlib/Order/CompleteLattice/Finset.olean: OK
.lake/packages/mathlib/.lake/build/lib/lean/Mathlib/Order/CompleteLattice/Group.olean: OK
.lake/packages/mathlib/.lake/build/lib/lean/Mathlib/Order/CompleteLattice/Lemmas.olean: OK
.lake/packages/mathlib/.lake/build/lib/lean/Mathlib/Order/CompleteLattice/MulticoequalizerDiagram.olean: OK
.lake/packages/mathlib/.lake/build/lib/lean/Mathlib/Order/CompleteLattice/PiLex.olean: OK
.lake/packages/mathlib/.lake/build/lib/lean/Mathlib/Order/CompleteLattice/SetLike.olean: OK
.lake/packages/mathlib/.lake/build/lib/lean/Mathlib/Order/CompleteLatticeIntervals.olean: OK
.lake/packages/mathlib/.lake/build/lib/lean/Mathlib/Order/CompletePartialOrder.olean: OK
.lake/packages/mathlib/.lake/build/lib/lean/Mathlib/Order/CompleteSublattice.olean: OK
.lake/packages/mathlib/.lake/build/lib/lean/Mathlib/Order/Completion.olean: OK
.lake/packages/mathlib/.lake/build/lib/lean/Mathlib/Order/Concept.olean: OK
.lake/packages/mathlib/.lake/build/lib/lean/Mathlib/Order/ConditionallyCompleteLattice/Basic.olean: OK
.lake/packages/mathlib/.lake/build/lib/lean/Mathlib/Order/ConditionallyCompleteLattice/Defs.olean: OK
.lake/packages/mathlib/.lake/build/lib/lean/Mathlib/Order/ConditionallyCompleteLattice/Finset.olean: OK
.lake/packages/mathlib/.lake/build/lib/lean/Mathlib/Order/ConditionallyCompleteLattice/Group.olean: OK
.lake/packages/mathlib/.lake/build/lib/lean/Mathlib/Order/ConditionallyCompleteLattice/Indexed.olean: OK
.lake/packages/mathlib/.lake/build/lib/lean/Mathlib/Order/ConditionallyCompletePartialOrder/Basic.olean: OK
.lake/packages/mathlib/.lake/build/lib/lean/Mathlib/Order/ConditionallyCompletePartialOrder/Defs.olean: OK
.lake/packages/mathlib/.lake/build/lib/lean/Mathlib/Order/ConditionallyCompletePartialOrder/Indexed.olean: OK
.lake/packages/mathlib/.lake/build/lib/lean/Mathlib/Order/Copy.olean: OK
.lake/packages/mathlib/.lake/build/lib/lean/Mathlib/Order/CountableDenseLinearOrder.olean: OK
.lake/packages/mathlib/.lake/build/lib/lean/Mathlib/Order/Cover.olean: OK
.lake/packages/mathlib/.lake/build/lib/lean/Mathlib/Order/Defs/LinearOrder.olean: OK
.lake/packages/mathlib/.lake/build/lib/lean/Mathlib/Order/Defs/PartialOrder.olean: OK
.lake/packages/mathlib/.lake/build/lib/lean/Mathlib/Order/Defs/Unbundled.olean: OK
.lake/packages/mathlib/.lake/build/lib/lean/Mathlib/Order/DirSupClosed.olean: OK
.lake/packages/mathlib/.lake/build/lib/lean/Mathlib/Order/Directed.olean: OK
.lake/packages/mathlib/.lake/build/lib/lean/Mathlib/Order/DirectedInverseSystem.olean: OK
.lake/packages/mathlib/.lake/build/lib/lean/Mathlib/Order/Disjoint.olean: OK
.lake/packages/mathlib/.lake/build/lib/lean/Mathlib/Order/Disjointed.olean: OK
.lake/packages/mathlib/.lake/build/lib/lean/Mathlib/Order/Extension/Linear.olean: OK
.lake/packages/mathlib/.lake/build/lib/lean/Mathlib/Order/Extension/Well.olean: OK
.lake/packages/mathlib/.lake/build/lib/lean/Mathlib/Order/Filter/AtTopBot/Archimedean.olean: OK
.lake/packages/mathlib/.lake/build/lib/lean/Mathlib/Order/Filter/AtTopBot/Basic.olean: OK
.lake/packages/mathlib/.lake/build/lib/lean/Mathlib/Order/Filter/AtTopBot/BigOperators.olean: OK
.lake/packages/mathlib/.lake/build/lib/lean/Mathlib/Order/Filter/AtTopBot/CompleteLattice.olean: OK
.lake/packages/mathlib/.lake/build/lib/lean/Mathlib/Order/Filter/AtTopBot/CountablyGenerated.olean: OK
.lake/packages/mathlib/.lake/build/lib/lean/Mathlib/Order/Filter/AtTopBot/Defs.olean: OK
.lake/packages/mathlib/.lake/build/lib/lean/Mathlib/Order/Filter/AtTopBot/Disjoint.olean: OK
.lake/packages/mathlib/.lake/build/lib/lean/Mathlib/Order/Filter/AtTopBot/Field.olean: OK
.lake/packages/mathlib/.lake/build/lib/lean/Mathlib/Order/Filter/AtTopBot/Finite.olean: OK
.lake/packages/mathlib/.lake/build/lib/lean/Mathlib/Order/Filter/AtTopBot/Finset.olean: OK
.lake/packages/mathlib/.lake/build/lib/lean/Mathlib/Order/Filter/AtTopBot/Floor.olean: OK
.lake/packages/mathlib/.lake/build/lib/lean/Mathlib/Order/Filter/AtTopBot/Group.olean: OK
.lake/packages/mathlib/.lake/build/lib/lean/Mathlib/Order/Filter/AtTopBot/Interval.olean: OK
.lake/packages/mathlib/.lake/build/lib/lean/Mathlib/Order/Filter/AtTopBot/Map.olean: OK
.lake/packages/mathlib/.lake/build/lib/lean/Mathlib/Order/Filter/AtTopBot/ModEq.olean: OK
.lake/packages/mathlib/.lake/build/lib/lean/Mathlib/Order/Filter/AtTopBot/Monoid.olean: OK
.lake/packages/mathlib/.lake/build/lib/lean/Mathlib/Order/Filter/AtTopBot/Prod.olean: OK
.lake/packages/mathlib/.lake/build/lib/lean/Mathlib/Order/Filter/AtTopBot/Ring.olean: OK
.lake/packages/mathlib/.lake/build/lib/lean/Mathlib/Order/Filter/AtTopBot/Tendsto.olean: OK
.lake/packages/mathlib/.lake/build/lib/lean/Mathlib/Order/Filter/Bases/Basic.olean: OK
.lake/packages/mathlib/.lake/build/lib/lean/Mathlib/Order/Filter/Bases/Finite.olean: OK
.lake/packages/mathlib/.lake/build/lib/lean/Mathlib/Order/Filter/Basic.olean: OK
.lake/packages/mathlib/.lake/build/lib/lean/Mathlib/Order/Filter/CardinalInter.olean: OK
.lake/packages/mathlib/.lake/build/lib/lean/Mathlib/Order/Filter/Cocardinal.olean: OK
.lake/packages/mathlib/.lake/build/lib/lean/Mathlib/Order/Filter/Cofinite.olean: OK
.lake/packages/mathlib/.lake/build/lib/lean/Mathlib/Order/Filter/CountableInter.olean: OK
.lake/packages/mathlib/.lake/build/lib/lean/Mathlib/Order/Filter/CountableSeparatingOn.olean: OK
.lake/packages/mathlib/.lake/build/lib/lean/Mathlib/Order/Filter/CountablyGenerated.olean: OK
.lake/packages/mathlib/.lake/build/lib/lean/Mathlib/Order/Filter/Curry.olean: OK
.lake/packages/mathlib/.lake/build/lib/lean/Mathlib/Order/Filter/Defs.olean: OK
.lake/packages/mathlib/.lake/build/lib/lean/Mathlib/Order/Filter/ENNReal.olean: OK
.lake/packages/mathlib/.lake/build/lib/lean/Mathlib/Order/Filter/EventuallyConst.olean: OK
.lake/packages/mathlib/.lake/build/lib/lean/Mathlib/Order/Filter/Extr.olean: OK
.lake/packages/mathlib/.lake/build/lib/lean/Mathlib/Order/Filter/FilterProduct.olean: OK
.lake/packages/mathlib/.lake/build/lib/lean/Mathlib/Order/Filter/Finite.olean: OK
.lake/packages/mathlib/.lake/build/lib/lean/Mathlib/Order/Filter/Germ/Basic.olean: OK
.lake/packages/mathlib/.lake/build/lib/lean/Mathlib/Order/Filter/Germ/OrderedMonoid.olean: OK
.lake/packages/mathlib/.lake/build/lib/lean/Mathlib/Order/Filter/IndicatorFunction.olean: OK
.lake/packages/mathlib/.lake/build/lib/lean/Mathlib/Order/Filter/Interval.olean: OK
.lake/packages/mathlib/.lake/build/lib/lean/Mathlib/Order/Filter/IsBounded.olean: OK
.lake/packages/mathlib/.lake/build/lib/lean/Mathlib/Order/Filter/Ker.olean: OK
.lake/packages/mathlib/.lake/build/lib/lean/Mathlib/Order/Filter/Lift.olean: OK
.lake/packages/mathlib/.lake/build/lib/lean/Mathlib/Order/Filter/ListTraverse.olean: OK
.lake/packages/mathlib/.lake/build/lib/lean/Mathlib/Order/Filter/Map.olean: OK
.lake/packages/mathlib/.lake/build/lib/lean/Mathlib/Order/Filter/NAry.olean: OK
.lake/packages/mathlib/.lake/build/lib/lean/Mathlib/Order/Filter/Partial.olean: OK
.lake/packages/mathlib/.lake/build/lib/lean/Mathlib/Order/Filter/Pi.olean: OK
.lake/packages/mathlib/.lake/build/lib/lean/Mathlib/Order/Filter/Pointwise.olean: OK
.lake/packages/mathlib/.lake/build/lib/lean/Mathlib/Order/Filter/Prod.olean: OK
.lake/packages/mathlib/.lake/build/lib/lean/Mathlib/Order/Filter/Ring.olean: OK
.lake/packages/mathlib/.lake/build/lib/lean/Mathlib/Order/Filter/SmallSets.olean: OK
.lake/packages/mathlib/.lake/build/lib/lean/Mathlib/Order/Filter/Subsingleton.olean: OK
.lake/packages/mathlib/.lake/build/lib/lean/Mathlib/Order/Filter/Tendsto.olean: OK
.lake/packages/mathlib/.lake/build/lib/lean/Mathlib/Order/Filter/TendstoCofinite.olean: OK
.lake/packages/mathlib/.lake/build/lib/lean/Mathlib/Order/Filter/Ultrafilter/Basic.olean: OK
.lake/packages/mathlib/.lake/build/lib/lean/Mathlib/Order/Filter/Ultrafilter/Defs.olean: OK
.lake/packages/mathlib/.lake/build/lib/lean/Mathlib/Order/Filter/ZeroAndBoundedAtFilter.olean: OK
.lake/packages/mathlib/.lake/build/lib/lean/Mathlib/Order/Fin/Basic.olean: OK
.lake/packages/mathlib/.lake/build/lib/lean/Mathlib/Order/Fin/Clamp.olean: OK
.lake/packages/mathlib/.lake/build/lib/lean/Mathlib/Order/Fin/Finset.olean: OK
.lake/packages/mathlib/.lake/build/lib/lean/Mathlib/Order/Fin/SuccAboveOrderIso.olean: OK
.lake/packages/mathlib/.lake/build/lib/lean/Mathlib/Order/Fin/Tuple.olean: OK
.lake/packages/mathlib/.lake/build/lib/lean/Mathlib/Order/FixedPoints.olean: OK
.lake/packages/mathlib/.lake/build/lib/lean/Mathlib/Order/GaloisConnection/Basic.olean: OK
.lake/packages/mathlib/.lake/build/lib/lean/Mathlib/Order/GaloisConnection/Defs.olean: OK
.lake/packages/mathlib/.lake/build/lib/lean/Mathlib/Order/GameAdd.olean: OK
.lake/packages/mathlib/.lake/build/lib/lean/Mathlib/Order/Grade.olean: OK
.lake/packages/mathlib/.lake/build/lib/lean/Mathlib/Order/Height.olean: OK
.lake/packages/mathlib/.lake/build/lib/lean/Mathlib/Order/Heyting/Basic.olean: OK
.lake/packages/mathlib/.lake/build/lib/lean/Mathlib/Order/Heyting/Boundary.olean: OK
.lake/packages/mathlib/.lake/build/lib/lean/Mathlib/Order/Heyting/Hom.olean: OK
.lake/packages/mathlib/.lake/build/lib/lean/Mathlib/Order/Heyting/Regular.olean: OK
.lake/packages/mathlib/.lake/build/lib/lean/Mathlib/Order/Hom/Basic.olean: OK
.lake/packages/mathlib/.lake/build/lib/lean/Mathlib/Order/Hom/Bounded.olean: OK
.lake/packages/mathlib/.lake/build/lib/lean/Mathlib/Order/Hom/BoundedLattice.olean: OK
.lake/packages/mathlib/.lake/build/lib/lean/Mathlib/Order/Hom/CompleteLattice.olean: OK
.lake/packages/mathlib/.lake/build/lib/lean/Mathlib/Order/Hom/Lattice.olean: OK
.lake/packages/mathlib/.lake/build/lib/lean/Mathlib/Order/Hom/Lex.olean: OK
.lake/packages/mathlib/.lake/build/lib/lean/Mathlib/Order/Hom/Order.olean: OK
.lake/packages/mathlib/.lake/build/lib/lean/Mathlib/Order/Hom/PowersetCard.olean: OK
.lake/packages/mathlib/.lake/build/lib/lean/Mathlib/Order/Hom/Set.olean: OK
.lake/packages/mathlib/.lake/build/lib/lean/Mathlib/Order/Hom/WithTopBot.olean: OK
.lake/packages/mathlib/.lake/build/lib/lean/Mathlib/Order/Ideal.olean: OK
.lake/packages/mathlib/.lake/build/lib/lean/Mathlib/Order/InitialSeg.olean: OK
.lake/packages/mathlib/.lake/build/lib/lean/Mathlib/Order/Interval/Basic.olean: OK
.lake/packages/mathlib/.lake/build/lib/lean/Mathlib/Order/Interval/Finset/Basic.olean: OK
.lake/packages/mathlib/.lake/build/lib/lean/Mathlib/Order/Interval/Finset/Box.olean: OK
.lake/packages/mathlib/.lake/build/lib/lean/Mathlib/Order/Interval/Finset/Defs.olean: OK
.lake/packages/mathlib/.lake/build/lib/lean/Mathlib/Order/Interval/Finset/DenselyOrdered.olean: OK
.lake/packages/mathlib/.lake/build/lib/lean/Mathlib/Order/Interval/Finset/Fin.olean: OK
.lake/packages/mathlib/.lake/build/lib/lean/Mathlib/Order/Interval/Finset/Gaps.olean: OK
.lake/packages/mathlib/.lake/build/lib/lean/Mathlib/Order/Interval/Finset/Nat.olean: OK
.lake/packages/mathlib/.lake/build/lib/lean/Mathlib/Order/Interval/Finset/SuccPred.olean: OK
.lake/packages/mathlib/.lake/build/lib/lean/Mathlib/Order/Interval/Lex.olean: OK
.lake/packages/mathlib/.lake/build/lib/lean/Mathlib/Order/Interval/Multiset.olean: OK
.lake/packages/mathlib/.lake/build/lib/lean/Mathlib/Order/Interval/Set/Basic.olean: OK
.lake/packages/mathlib/.lake/build/lib/lean/Mathlib/Order/Interval/Set/Defs.olean: OK
.lake/packages/mathlib/.lake/build/lib/lean/Mathlib/Order/Interval/Set/Disjoint.olean: OK
.lake/packages/mathlib/.lake/build/lib/lean/Mathlib/Order/Interval/Set/Fin.olean: OK
.lake/packages/mathlib/.lake/build/lib/lean/Mathlib/Order/Interval/Set/Final.olean: OK
.lake/packages/mathlib/.lake/build/lib/lean/Mathlib/Order/Interval/Set/Image.olean: OK
.lake/packages/mathlib/.lake/build/lib/lean/Mathlib/Order/Interval/Set/Infinite.olean: OK
.lake/packages/mathlib/.lake/build/lib/lean/Mathlib/Order/Interval/Set/InitialSeg.olean: OK
.lake/packages/mathlib/.lake/build/lib/lean/Mathlib/Order/Interval/Set/IsoIoo.olean: OK
.lake/packages/mathlib/.lake/build/lib/lean/Mathlib/Order/Interval/Set/Limit.olean: OK
.lake/packages/mathlib/.lake/build/lib/lean/Mathlib/Order/Interval/Set/LinearOrder.olean: OK
.lake/packages/mathlib/.lake/build/lib/lean/Mathlib/Order/Interval/Set/Monotone.olean: OK
.lake/packages/mathlib/.lake/build/lib/lean/Mathlib/Order/Interval/Set/Nat.olean: OK
.lake/packages/mathlib/.lake/build/lib/lean/Mathlib/Order/Interval/Set/OrdConnected.olean: OK
.lake/packages/mathlib/.lake/build/lib/lean/Mathlib/Order/Interval/Set/OrdConnectedComponent.olean: OK
.lake/packages/mathlib/.lake/build/lib/lean/Mathlib/Order/Interval/Set/OrdConnectedLinear.olean: OK
.lake/packages/mathlib/.lake/build/lib/lean/Mathlib/Order/Interval/Set/OrderEmbedding.olean: OK
.lake/packages/mathlib/.lake/build/lib/lean/Mathlib/Order/Interval/Set/OrderIso.olean: OK
.lake/packages/mathlib/.lake/build/lib/lean/Mathlib/Order/Interval/Set/Pi.olean: OK
.lake/packages/mathlib/.lake/build/lib/lean/Mathlib/Order/Interval/Set/ProjIcc.olean: OK
.lake/packages/mathlib/.lake/build/lib/lean/Mathlib/Order/Interval/Set/SuccOrder.olean: OK
.lake/packages/mathlib/.lake/build/lib/lean/Mathlib/Order/Interval/Set/SuccPred.olean: OK
.lake/packages/mathlib/.lake/build/lib/lean/Mathlib/Order/Interval/Set/SurjOn.olean: OK
.lake/packages/mathlib/.lake/build/lib/lean/Mathlib/Order/Interval/Set/Union.olean: OK
.lake/packages/mathlib/.lake/build/lib/lean/Mathlib/Order/Interval/Set/UnorderedInterval.olean: OK
.lake/packages/mathlib/.lake/build/lib/lean/Mathlib/Order/Interval/Set/WithBotTop.olean: OK
.lake/packages/mathlib/.lake/build/lib/lean/Mathlib/Order/Irreducible.olean: OK
.lake/packages/mathlib/.lake/build/lib/lean/Mathlib/Order/IsNormal.olean: OK
.lake/packages/mathlib/.lake/build/lib/lean/Mathlib/Order/Iterate.olean: OK
.lake/packages/mathlib/.lake/build/lib/lean/Mathlib/Order/JordanHolder.olean: OK
.lake/packages/mathlib/.lake/build/lib/lean/Mathlib/Order/KonigLemma.olean: OK
.lake/packages/mathlib/.lake/build/lib/lean/Mathlib/Order/KrullDimension.olean: OK
.lake/packages/mathlib/.lake/build/lib/lean/Mathlib/Order/Lattice.olean: OK
.lake/packages/mathlib/.lake/build/lib/lean/Mathlib/Order/Lattice/Congruence.olean: OK
.lake/packages/mathlib/.lake/build/lib/lean/Mathlib/Order/LatticeIntervals.olean: OK
.lake/packages/mathlib/.lake/build/lib/lean/Mathlib/Order/Lex.olean: OK
.lake/packages/mathlib/.lake/build/lib/lean/Mathlib/Order/LiminfLimsup.olean: OK
.lake/packages/mathlib/.lake/build/lib/lean/Mathlib/Order/Max.olean: OK
.lake/packages/mathlib/.lake/build/lib/lean/Mathlib/Order/MinMax.olean: OK
.lake/packages/mathlib/.lake/build/lib/lean/Mathlib/Order/Minimal.olean: OK
.lake/packages/mathlib/.lake/build/lib/lean/Mathlib/Order/ModularLattice.olean: OK
.lake/packages/mathlib/.lake/build/lib/lean/Mathlib/Order/Monotone/Basic.olean: OK
.lake/packages/mathlib/.lake/build/lib/lean/Mathlib/Order/Monotone/Defs.olean: OK
.lake/packages/mathlib/.lake/build/lib/lean/Mathlib/Order/Monotone/Extension.olean: OK
.lake/packages/mathlib/.lake/build/lib/lean/Mathlib/Order/Monotone/Monovary.olean: OK
.lake/packages/mathlib/.lake/build/lib/lean/Mathlib/Order/Monotone/MonovaryOrder.olean: OK
.lake/packages/mathlib/.lake/build/lib/lean/Mathlib/Order/Monotone/Odd.olean: OK
.lake/packages/mathlib/.lake/build/lib/lean/Mathlib/Order/Monotone/Union.olean: OK
.lake/packages/mathlib/.lake/build/lib/lean/Mathlib/Order/Nat.olean: OK
.lake/packages/mathlib/.lake/build/lib/lean/Mathlib/Order/NonemptyFiniteChains.olean: OK
.lake/packages/mathlib/.lake/build/lib/lean/Mathlib/Order/Northcott.olean: OK
.lake/packages/mathlib/.lake/build/lib/lean/Mathlib/Order/Notation.olean: OK
.lake/packages/mathlib/.lake/build/lib/lean/Mathlib/Order/Nucleus.olean: OK
.lake/packages/mathlib/.lake/build/lib/lean/Mathlib/Order/OmegaCompletePartialOrder.olean: OK
.lake/packages/mathlib/.lake/build/lib/lean/Mathlib/Order/OrdContinuous.olean: OK
.lake/packages/mathlib/.lake/build/lib/lean/Mathlib/Order/OrderDual.olean: OK
.lake/packages/mathlib/.lake/build/lib/lean/Mathlib/Order/OrderIsoNat.olean: OK
.lake/packages/mathlib/.lake/build/lib/lean/Mathlib/Order/PFilter.olean: OK
.lake/packages/mathlib/.lake/build/lib/lean/Mathlib/Order/Part.olean: OK
.lake/packages/mathlib/.lake/build/lib/lean/Mathlib/Order/PartialSups.olean: OK
.lake/packages/mathlib/.lake/build/lib/lean/Mathlib/Order/Partition/Basic.olean: OK
.lake/packages/mathlib/.lake/build/lib/lean/Mathlib/Order/Partition/Equipartition.olean: OK
.lake/packages/mathlib/.lake/build/lib/lean/Mathlib/Order/Partition/Finpartition.olean: OK
.lake/packages/mathlib/.lake/build/lib/lean/Mathlib/Order/PiLex.olean: OK
.lake/packages/mathlib/.lake/build/lib/lean/Mathlib/Order/Preorder/Chain.olean: OK
.lake/packages/mathlib/.lake/build/lib/lean/Mathlib/Order/Preorder/Finite.olean: OK
.lake/packages/mathlib/.lake/build/lib/lean/Mathlib/Order/Preorder/Finsupp.olean: OK
.lake/packages/mathlib/.lake/build/lib/lean/Mathlib/Order/PrimeIdeal.olean: OK
.lake/packages/mathlib/.lake/build/lib/lean/Mathlib/Order/PrimeSeparator.olean: OK
.lake/packages/mathlib/.lake/build/lib/lean/Mathlib/Order/Prod/Lex/Hom.olean: OK
.lake/packages/mathlib/.lake/build/lib/lean/Mathlib/Order/PropInstances.olean: OK
.lake/packages/mathlib/.lake/build/lib/lean/Mathlib/Order/Quotient.olean: OK
.lake/packages/mathlib/.lake/build/lib/lean/Mathlib/Order/Radical.olean: OK
.lake/packages/mathlib/.lake/build/lib/lean/Mathlib/Order/Rel/GaloisConnection.olean: OK
.lake/packages/mathlib/.lake/build/lib/lean/Mathlib/Order/RelClasses.olean: OK
.lake/packages/mathlib/.lake/build/lib/lean/Mathlib/Order/RelIso/Basic.olean: OK
.lake/packages/mathlib/.lake/build/lib/lean/Mathlib/Order/RelIso/Set.olean: OK
.lake/packages/mathlib/.lake/build/lib/lean/Mathlib/Order/RelSeries.olean: OK
.lake/packages/mathlib/.lake/build/lib/lean/Mathlib/Order/Restriction.olean: OK
.lake/packages/mathlib/.lake/build/lib/lean/Mathlib/Order/SaddlePoint.olean: OK
.lake/packages/mathlib/.lake/build/lib/lean/Mathlib/Order/ScottContinuity.olean: OK
.lake/packages/mathlib/.lake/build/lib/lean/Mathlib/Order/ScottContinuity/Complete.olean: OK
.lake/packages/mathlib/.lake/build/lib/lean/Mathlib/Order/ScottContinuity/Prod.olean: OK
.lake/packages/mathlib/.lake/build/lib/lean/Mathlib/Order/SemiconjSup.olean: OK
.lake/packages/mathlib/.lake/build/lib/lean/Mathlib/Order/Set.olean: OK
.lake/packages/mathlib/.lake/build/lib/lean/Mathlib/Order/SetIsMax.olean: OK
.lake/packages/mathlib/.lake/build/lib/lean/Mathlib/Order/SetNotation.olean: OK
.lake/packages/mathlib/.lake/build/lib/lean/Mathlib/Order/Shrink.olean: OK
.lake/packages/mathlib/.lake/build/lib/lean/Mathlib/Order/Sublattice.olean: OK
.lake/packages/mathlib/.lake/build/lib/lean/Mathlib/Order/Sublocale.olean: OK
.lake/packages/mathlib/.lake/build/lib/lean/Mathlib/Order/SuccPred/Archimedean.olean: OK
.lake/packages/mathlib/.lake/build/lib/lean/Mathlib/Order/SuccPred/Basic.olean: OK
.lake/packages/mathlib/.lake/build/lib/lean/Mathlib/Order/SuccPred/CompleteLinearOrder.olean: OK
.lake/packages/mathlib/.lake/build/lib/lean/Mathlib/Order/SuccPred/InitialSeg.olean: OK
.lake/packages/mathlib/.lake/build/lib/lean/Mathlib/Order/SuccPred/IntervalSucc.olean: OK
.lake/packages/mathlib/.lake/build/lib/lean/Mathlib/Order/SuccPred/Limit.olean: OK
.lake/packages/mathlib/.lake/build/lib/lean/Mathlib/Order/SuccPred/LinearLocallyFinite.olean: OK
.lake/packages/mathlib/.lake/build/lib/lean/Mathlib/Order/SuccPred/Relation.olean: OK
.lake/packages/mathlib/.lake/build/lib/lean/Mathlib/Order/SuccPred/Tree.olean: OK
.lake/packages/mathlib/.lake/build/lib/lean/Mathlib/Order/SuccPred/WithBot.olean: OK
.lake/packages/mathlib/.lake/build/lib/lean/Mathlib/Order/SupClosed.olean: OK
.lake/packages/mathlib/.lake/build/lib/lean/Mathlib/Order/SupIndep.olean: OK
.lake/packages/mathlib/.lake/build/lib/lean/Mathlib/Order/SymmDiff.olean: OK
.lake/packages/mathlib/.lake/build/lib/lean/Mathlib/Order/Synonym.olean: OK
.lake/packages/mathlib/.lake/build/lib/lean/Mathlib/Order/TeichmullerTukey.olean: OK
.lake/packages/mathlib/.lake/build/lib/lean/Mathlib/Order/TransfiniteIteration.olean: OK
.lake/packages/mathlib/.lake/build/lib/lean/Mathlib/Order/TypeTags.olean: OK
.lake/packages/mathlib/.lake/build/lib/lean/Mathlib/Order/Types/Arithmetic.olean: OK
.lake/packages/mathlib/.lake/build/lib/lean/Mathlib/Order/Types/Defs.olean: OK
.lake/packages/mathlib/.lake/build/lib/lean/Mathlib/Order/ULift.olean: OK
.lake/packages/mathlib/.lake/build/lib/lean/Mathlib/Order/UpperLower/Basic.olean: OK
.lake/packages/mathlib/.lake/build/lib/lean/Mathlib/Order/UpperLower/Closure.olean: OK
.lake/packages/mathlib/.lake/build/lib/lean/Mathlib/Order/UpperLower/CompleteLattice.olean: OK
.lake/packages/mathlib/.lake/build/lib/lean/Mathlib/Order/UpperLower/Fibration.olean: OK
.lake/packages/mathlib/.lake/build/lib/lean/Mathlib/Order/UpperLower/Hom.olean: OK
.lake/packages/mathlib/.lake/build/lib/lean/Mathlib/Order/UpperLower/LocallyFinite.olean: OK
.lake/packages/mathlib/.lake/build/lib/lean/Mathlib/Order/UpperLower/Principal.olean: OK
.lake/packages/mathlib/.lake/build/lib/lean/Mathlib/Order/UpperLower/Prod.olean: OK
.lake/packages/mathlib/.lake/build/lib/lean/Mathlib/Order/UpperLower/Relative.olean: OK
.lake/packages/mathlib/.lake/build/lib/lean/Mathlib/Order/WellFounded.olean: OK
.lake/packages/mathlib/.lake/build/lib/lean/Mathlib/Order/WellFoundedSet.olean: OK
.lake/packages/mathlib/.lake/build/lib/lean/Mathlib/Order/WellQuasiOrder.olean: OK
.lake/packages/mathlib/.lake/build/lib/lean/Mathlib/Order/WithBot.olean: OK
.lake/packages/mathlib/.lake/build/lib/lean/Mathlib/Order/WithBotTop.olean: OK
.lake/packages/mathlib/.lake/build/lib/lean/Mathlib/Order/Zorn.olean: OK
.lake/packages/mathlib/.lake/build/lib/lean/Mathlib/Order/ZornAtoms.olean: OK
.lake/packages/mathlib/.lake/build/lib/lean/Mathlib/Probability/BorelCantelli.olean: OK
.lake/packages/mathlib/.lake/build/lib/lean/Mathlib/Probability/CDF.olean: OK
.lake/packages/mathlib/.lake/build/lib/lean/Mathlib/Probability/CentralLimitTheorem.olean: OK
.lake/packages/mathlib/.lake/build/lib/lean/Mathlib/Probability/Combinatorics/BinomialRandomGraph/Defs.olean: OK
.lake/packages/mathlib/.lake/build/lib/lean/Mathlib/Probability/CondVar.olean: OK
.lake/packages/mathlib/.lake/build/lib/lean/Mathlib/Probability/ConditionalExpectation.olean: OK
.lake/packages/mathlib/.lake/build/lib/lean/Mathlib/Probability/ConditionalProbability.olean: OK
.lake/packages/mathlib/.lake/build/lib/lean/Mathlib/Probability/Decision/Risk/Basic.olean: OK
.lake/packages/mathlib/.lake/build/lib/lean/Mathlib/Probability/Decision/Risk/Defs.olean: OK
.lake/packages/mathlib/.lake/build/lib/lean/Mathlib/Probability/Density.olean: OK
.lake/packages/mathlib/.lake/build/lib/lean/Mathlib/Probability/Distributions/Beta.olean: OK
.lake/packages/mathlib/.lake/build/lib/lean/Mathlib/Probability/Distributions/Binomial.olean: OK
.lake/packages/mathlib/.lake/build/lib/lean/Mathlib/Probability/Distributions/Cauchy.olean: OK
.lake/packages/mathlib/.lake/build/lib/lean/Mathlib/Probability/Distributions/Exponential.olean: OK
.lake/packages/mathlib/.lake/build/lib/lean/Mathlib/Probability/Distributions/Fernique.olean: OK
.lake/packages/mathlib/.lake/build/lib/lean/Mathlib/Probability/Distributions/Gamma.olean: OK
.lake/packages/mathlib/.lake/build/lib/lean/Mathlib/Probability/Distributions/Gaussian/Basic.olean: OK
.lake/packages/mathlib/.lake/build/lib/lean/Mathlib/Probability/Distributions/Gaussian/CharFun.olean: OK
.lake/packages/mathlib/.lake/build/lib/lean/Mathlib/Probability/Distributions/Gaussian/Fernique.olean: OK
.lake/packages/mathlib/.lake/build/lib/lean/Mathlib/Probability/Distributions/Gaussian/HasGaussianLaw/Basic.olean: OK
.lake/packages/mathlib/.lake/build/lib/lean/Mathlib/Probability/Distributions/Gaussian/HasGaussianLaw/Def.olean: OK
.lake/packages/mathlib/.lake/build/lib/lean/Mathlib/Probability/Distributions/Gaussian/HasGaussianLaw/Independence.olean: OK
.lake/packages/mathlib/.lake/build/lib/lean/Mathlib/Probability/Distributions/Gaussian/IsGaussianProcess/Basic.olean: OK
.lake/packages/mathlib/.lake/build/lib/lean/Mathlib/Probability/Distributions/Gaussian/IsGaussianProcess/Def.olean: OK
.lake/packages/mathlib/.lake/build/lib/lean/Mathlib/Probability/Distributions/Gaussian/IsGaussianProcess/Independence.olean: OK
.lake/packages/mathlib/.lake/build/lib/lean/Mathlib/Probability/Distributions/Gaussian/Multivariate.olean: OK
.lake/packages/mathlib/.lake/build/lib/lean/Mathlib/Probability/Distributions/Gaussian/Real.olean: OK
.lake/packages/mathlib/.lake/build/lib/lean/Mathlib/Probability/Distributions/Geometric.olean: OK
.lake/packages/mathlib/.lake/build/lib/lean/Mathlib/Probability/Distributions/Pareto.olean: OK
.lake/packages/mathlib/.lake/build/lib/lean/Mathlib/Probability/Distributions/Poisson/Basic.olean: OK
.lake/packages/mathlib/.lake/build/lib/lean/Mathlib/Probability/Distributions/Poisson/PoissonLimitThm.olean: OK
.lake/packages/mathlib/.lake/build/lib/lean/Mathlib/Probability/Distributions/SetBernoulli.olean: OK
.lake/packages/mathlib/.lake/build/lib/lean/Mathlib/Probability/Distributions/TwoValued.olean: OK
.lake/packages/mathlib/.lake/build/lib/lean/Mathlib/Probability/Distributions/Uniform.olean: OK
.lake/packages/mathlib/.lake/build/lib/lean/Mathlib/Probability/HasLaw.olean: OK
.lake/packages/mathlib/.lake/build/lib/lean/Mathlib/Probability/HasLawExists.olean: OK
.lake/packages/mathlib/.lake/build/lib/lean/Mathlib/Probability/IdentDistrib.olean: OK
.lake/packages/mathlib/.lake/build/lib/lean/Mathlib/Probability/IdentDistribIndep.olean: OK
.lake/packages/mathlib/.lake/build/lib/lean/Mathlib/Probability/Independence/Basic.olean: OK
.lake/packages/mathlib/.lake/build/lib/lean/Mathlib/Probability/Independence/BoundedContinuousFunction.olean: OK
.lake/packages/mathlib/.lake/build/lib/lean/Mathlib/Probability/Independence/CharacteristicFunction.olean: OK
.lake/packages/mathlib/.lake/build/lib/lean/Mathlib/Probability/Independence/Conditional.olean: OK
.lake/packages/mathlib/.lake/build/lib/lean/Mathlib/Probability/Independence/InfinitePi.olean: OK
.lake/packages/mathlib/.lake/build/lib/lean/Mathlib/Probability/Independence/Integrable.olean: OK
.lake/packages/mathlib/.lake/build/lib/lean/Mathlib/Probability/Independence/Integration.olean: OK
.lake/packages/mathlib/.lake/build/lib/lean/Mathlib/Probability/Independence/Kernel.olean: OK
.lake/packages/mathlib/.lake/build/lib/lean/Mathlib/Probability/Independence/Kernel/Indep.olean: OK
.lake/packages/mathlib/.lake/build/lib/lean/Mathlib/Probability/Independence/Kernel/IndepFun.olean: OK
.lake/packages/mathlib/.lake/build/lib/lean/Mathlib/Probability/Independence/Process/Basic.olean: OK
.lake/packages/mathlib/.lake/build/lib/lean/Mathlib/Probability/Independence/Process/HasIndepIncrements.olean: OK
.lake/packages/mathlib/.lake/build/lib/lean/Mathlib/Probability/Independence/Process/HasIndepIncrements/Basic.olean: OK
.lake/packages/mathlib/.lake/build/lib/lean/Mathlib/Probability/Independence/Process/HasIndepIncrements/IsGaussianProcess.olean: OK
.lake/packages/mathlib/.lake/build/lib/lean/Mathlib/Probability/Independence/ZeroOne.olean: OK
.lake/packages/mathlib/.lake/build/lib/lean/Mathlib/Probability/Kernel/Basic.olean: OK
.lake/packages/mathlib/.lake/build/lib/lean/Mathlib/Probability/Kernel/Category/SFinKer.olean: OK
.lake/packages/mathlib/.lake/build/lib/lean/Mathlib/Probability/Kernel/Category/Stoch.olean: OK
.lake/packages/mathlib/.lake/build/lib/lean/Mathlib/Probability/Kernel/CompProdEqIff.olean: OK
.lake/packages/mathlib/.lake/build/lib/lean/Mathlib/Probability/Kernel/Composition/AbsolutelyContinuous.olean: OK
.lake/packages/mathlib/.lake/build/lib/lean/Mathlib/Probability/Kernel/Composition/Comp.olean: OK
.lake/packages/mathlib/.lake/build/lib/lean/Mathlib/Probability/Kernel/Composition/CompMap.olean: OK
.lake/packages/mathlib/.lake/build/lib/lean/Mathlib/Probability/Kernel/Composition/CompNotation.olean: OK
.lake/packages/mathlib/.lake/build/lib/lean/Mathlib/Probability/Kernel/Composition/CompProd.olean: OK
.lake/packages/mathlib/.lake/build/lib/lean/Mathlib/Probability/Kernel/Composition/IntegralCompProd.olean: OK
.lake/packages/mathlib/.lake/build/lib/lean/Mathlib/Probability/Kernel/Composition/KernelLemmas.olean: OK
.lake/packages/mathlib/.lake/build/lib/lean/Mathlib/Probability/Kernel/Composition/Lemmas.olean: OK
.lake/packages/mathlib/.lake/build/lib/lean/Mathlib/Probability/Kernel/Composition/MapComap.olean: OK
.lake/packages/mathlib/.lake/build/lib/lean/Mathlib/Probability/Kernel/Composition/MeasureComp.olean: OK
.lake/packages/mathlib/.lake/build/lib/lean/Mathlib/Probability/Kernel/Composition/MeasureCompProd.olean: OK
.lake/packages/mathlib/.lake/build/lib/lean/Mathlib/Probability/Kernel/Composition/ParallelComp.olean: OK
.lake/packages/mathlib/.lake/build/lib/lean/Mathlib/Probability/Kernel/Composition/Prod.olean: OK
.lake/packages/mathlib/.lake/build/lib/lean/Mathlib/Probability/Kernel/Composition/RadonNikodym.olean: OK
.lake/packages/mathlib/.lake/build/lib/lean/Mathlib/Probability/Kernel/CondDistrib.olean: OK
.lake/packages/mathlib/.lake/build/lib/lean/Mathlib/Probability/Kernel/Condexp.olean: OK
.lake/packages/mathlib/.lake/build/lib/lean/Mathlib/Probability/Kernel/Defs.olean: OK
.lake/packages/mathlib/.lake/build/lib/lean/Mathlib/Probability/Kernel/Deterministic.olean: OK
.lake/packages/mathlib/.lake/build/lib/lean/Mathlib/Probability/Kernel/Disintegration/Basic.olean: OK
.lake/packages/mathlib/.lake/build/lib/lean/Mathlib/Probability/Kernel/Disintegration/CDFToKernel.olean: OK
.lake/packages/mathlib/.lake/build/lib/lean/Mathlib/Probability/Kernel/Disintegration/CondCDF.olean: OK
.lake/packages/mathlib/.lake/build/lib/lean/Mathlib/Probability/Kernel/Disintegration/Density.olean: OK
.lake/packages/mathlib/.lake/build/lib/lean/Mathlib/Probability/Kernel/Disintegration/Integral.olean: OK
.lake/packages/mathlib/.lake/build/lib/lean/Mathlib/Probability/Kernel/Disintegration/MeasurableStieltjes.olean: OK
.lake/packages/mathlib/.lake/build/lib/lean/Mathlib/Probability/Kernel/Disintegration/StandardBorel.olean: OK
.lake/packages/mathlib/.lake/build/lib/lean/Mathlib/Probability/Kernel/Disintegration/Unique.olean: OK
.lake/packages/mathlib/.lake/build/lib/lean/Mathlib/Probability/Kernel/Integral.olean: OK
.lake/packages/mathlib/.lake/build/lib/lean/Mathlib/Probability/Kernel/Invariance.olean: OK
.lake/packages/mathlib/.lake/build/lib/lean/Mathlib/Probability/Kernel/IonescuTulcea/Maps.olean: OK
.lake/packages/mathlib/.lake/build/lib/lean/Mathlib/Probability/Kernel/IonescuTulcea/PartialTraj.olean: OK
.lake/packages/mathlib/.lake/build/lib/lean/Mathlib/Probability/Kernel/IonescuTulcea/Traj.olean: OK
.lake/packages/mathlib/.lake/build/lib/lean/Mathlib/Probability/Kernel/Irreducible.olean: OK
.lake/packages/mathlib/.lake/build/lib/lean/Mathlib/Probability/Kernel/MeasurableIntegral.olean: OK
.lake/packages/mathlib/.lake/build/lib/lean/Mathlib/Probability/Kernel/MeasurableLIntegral.olean: OK
.lake/packages/mathlib/.lake/build/lib/lean/Mathlib/Probability/Kernel/Posterior.olean: OK
.lake/packages/mathlib/.lake/build/lib/lean/Mathlib/Probability/Kernel/Proper.olean: OK
.lake/packages/mathlib/.lake/build/lib/lean/Mathlib/Probability/Kernel/RadonNikodym.olean: OK
.lake/packages/mathlib/.lake/build/lib/lean/Mathlib/Probability/Kernel/Representation.olean: OK
.lake/packages/mathlib/.lake/build/lib/lean/Mathlib/Probability/Kernel/SetIntegral.olean: OK
.lake/packages/mathlib/.lake/build/lib/lean/Mathlib/Probability/Kernel/WithDensity.olean: OK
.lake/packages/mathlib/.lake/build/lib/lean/Mathlib/Probability/Martingale/Basic.olean: OK
.lake/packages/mathlib/.lake/build/lib/lean/Mathlib/Probability/Martingale/BorelCantelli.olean: OK
.lake/packages/mathlib/.lake/build/lib/lean/Mathlib/Probability/Martingale/Centering.olean: OK
.lake/packages/mathlib/.lake/build/lib/lean/Mathlib/Probability/Martingale/Convergence.olean: OK
.lake/packages/mathlib/.lake/build/lib/lean/Mathlib/Probability/Martingale/OptionalSampling.olean: OK
.lake/packages/mathlib/.lake/build/lib/lean/Mathlib/Probability/Martingale/OptionalStopping.olean: OK
.lake/packages/mathlib/.lake/build/lib/lean/Mathlib/Probability/Martingale/Upcrossing.olean: OK
.lake/packages/mathlib/.lake/build/lib/lean/Mathlib/Probability/Moments/Basic.olean: OK
.lake/packages/mathlib/.lake/build/lib/lean/Mathlib/Probability/Moments/ComplexMGF.olean: OK
.lake/packages/mathlib/.lake/build/lib/lean/Mathlib/Probability/Moments/Covariance.olean: OK
.lake/packages/mathlib/.lake/build/lib/lean/Mathlib/Probability/Moments/CovarianceBilin.olean: OK
.lake/packages/mathlib/.lake/build/lib/lean/Mathlib/Probability/Moments/CovarianceBilinDual.olean: OK
.lake/packages/mathlib/.lake/build/lib/lean/Mathlib/Probability/Moments/IntegrableExpMul.olean: OK
.lake/packages/mathlib/.lake/build/lib/lean/Mathlib/Probability/Moments/MGFAnalytic.olean: OK
.lake/packages/mathlib/.lake/build/lib/lean/Mathlib/Probability/Moments/SubGaussian.olean: OK
.lake/packages/mathlib/.lake/build/lib/lean/Mathlib/Probability/Moments/Tilted.olean: OK
.lake/packages/mathlib/.lake/build/lib/lean/Mathlib/Probability/Moments/Variance.olean: OK
.lake/packages/mathlib/.lake/build/lib/lean/Mathlib/Probability/Notation.olean: OK
.lake/packages/mathlib/.lake/build/lib/lean/Mathlib/Probability/ProbabilityMassFunction/Basic.olean: OK
.lake/packages/mathlib/.lake/build/lib/lean/Mathlib/Probability/ProbabilityMassFunction/Binomial.olean: OK
.lake/packages/mathlib/.lake/build/lib/lean/Mathlib/Probability/ProbabilityMassFunction/Constructions.olean: OK
.lake/packages/mathlib/.lake/build/lib/lean/Mathlib/Probability/ProbabilityMassFunction/Integrals.olean: OK
.lake/packages/mathlib/.lake/build/lib/lean/Mathlib/Probability/ProbabilityMassFunction/Monad.olean: OK
.lake/packages/mathlib/.lake/build/lib/lean/Mathlib/Probability/Process/Adapted.olean: OK
.lake/packages/mathlib/.lake/build/lib/lean/Mathlib/Probability/Process/Filtration.olean: OK
.lake/packages/mathlib/.lake/build/lib/lean/Mathlib/Probability/Process/FiniteDimensionalLaws.olean: OK
.lake/packages/mathlib/.lake/build/lib/lean/Mathlib/Probability/Process/HittingTime.olean: OK
.lake/packages/mathlib/.lake/build/lib/lean/Mathlib/Probability/Process/Kolmogorov.olean: OK
.lake/packages/mathlib/.lake/build/lib/lean/Mathlib/Probability/Process/LocalProperty.olean: OK
.lake/packages/mathlib/.lake/build/lib/lean/Mathlib/Probability/Process/PartitionFiltration.olean: OK
.lake/packages/mathlib/.lake/build/lib/lean/Mathlib/Probability/Process/Predictable.olean: OK
.lake/packages/mathlib/.lake/build/lib/lean/Mathlib/Probability/Process/Stopping.olean: OK
.lake/packages/mathlib/.lake/build/lib/lean/Mathlib/Probability/ProductMeasure.olean: OK
.lake/packages/mathlib/.lake/build/lib/lean/Mathlib/Probability/StrongLaw.olean: OK
.lake/packages/mathlib/.lake/build/lib/lean/Mathlib/Probability/UniformOn.olean: OK
.lake/packages/mathlib/.lake/build/lib/lean/Mathlib/RepresentationTheory/Action.olean: OK
.lake/packages/mathlib/.lake/build/lib/lean/Mathlib/RepresentationTheory/AlgebraRepresentation/Basic.olean: OK
.lake/packages/mathlib/.lake/build/lib/lean/Mathlib/RepresentationTheory/Basic.olean: OK
.lake/packages/mathlib/.lake/build/lib/lean/Mathlib/RepresentationTheory/Character.olean: OK
.lake/packages/mathlib/.lake/build/lib/lean/Mathlib/RepresentationTheory/Coinduced.olean: OK
.lake/packages/mathlib/.lake/build/lib/lean/Mathlib/RepresentationTheory/Coinvariants.olean: OK
.lake/packages/mathlib/.lake/build/lib/lean/Mathlib/RepresentationTheory/Continuous/Basic.olean: OK
.lake/packages/mathlib/.lake/build/lib/lean/Mathlib/RepresentationTheory/Equiv.olean: OK
.lake/packages/mathlib/.lake/build/lib/lean/Mathlib/RepresentationTheory/FDRep.olean: OK
.lake/packages/mathlib/.lake/build/lib/lean/Mathlib/RepresentationTheory/FinGroupCharZero.olean: OK
.lake/packages/mathlib/.lake/build/lib/lean/Mathlib/RepresentationTheory/FiniteIndex.olean: OK
.lake/packages/mathlib/.lake/build/lib/lean/Mathlib/RepresentationTheory/Homological/FiniteCyclic.olean: OK
.lake/packages/mathlib/.lake/build/lib/lean/Mathlib/RepresentationTheory/Homological/GroupCohomology/Basic.olean: OK
.lake/packages/mathlib/.lake/build/lib/lean/Mathlib/RepresentationTheory/Homological/GroupCohomology/FiniteCyclic.olean: OK
.lake/packages/mathlib/.lake/build/lib/lean/Mathlib/RepresentationTheory/Homological/GroupCohomology/Functoriality.olean: OK
.lake/packages/mathlib/.lake/build/lib/lean/Mathlib/RepresentationTheory/Homological/GroupCohomology/Hilbert90.olean: OK
.lake/packages/mathlib/.lake/build/lib/lean/Mathlib/RepresentationTheory/Homological/GroupCohomology/LongExactSequence.olean: OK
.lake/packages/mathlib/.lake/build/lib/lean/Mathlib/RepresentationTheory/Homological/GroupCohomology/LowDegree.olean: OK
.lake/packages/mathlib/.lake/build/lib/lean/Mathlib/RepresentationTheory/Homological/GroupCohomology/Shapiro.olean: OK
.lake/packages/mathlib/.lake/build/lib/lean/Mathlib/RepresentationTheory/Homological/GroupHomology/Basic.olean: OK
.lake/packages/mathlib/.lake/build/lib/lean/Mathlib/RepresentationTheory/Homological/GroupHomology/FiniteCyclic.olean: OK
.lake/packages/mathlib/.lake/build/lib/lean/Mathlib/RepresentationTheory/Homological/GroupHomology/Functoriality.olean: OK
.lake/packages/mathlib/.lake/build/lib/lean/Mathlib/RepresentationTheory/Homological/GroupHomology/LongExactSequence.olean: OK
.lake/packages/mathlib/.lake/build/lib/lean/Mathlib/RepresentationTheory/Homological/GroupHomology/LowDegree.olean: OK
.lake/packages/mathlib/.lake/build/lib/lean/Mathlib/RepresentationTheory/Homological/GroupHomology/Shapiro.olean: OK
.lake/packages/mathlib/.lake/build/lib/lean/Mathlib/RepresentationTheory/Homological/Resolution.olean: OK
.lake/packages/mathlib/.lake/build/lib/lean/Mathlib/RepresentationTheory/Induced.olean: OK
.lake/packages/mathlib/.lake/build/lib/lean/Mathlib/RepresentationTheory/Intertwining.olean: OK
.lake/packages/mathlib/.lake/build/lib/lean/Mathlib/RepresentationTheory/Invariants.olean: OK
.lake/packages/mathlib/.lake/build/lib/lean/Mathlib/RepresentationTheory/Irreducible.olean: OK
.lake/packages/mathlib/.lake/build/lib/lean/Mathlib/RepresentationTheory/Maschke.olean: OK
.lake/packages/mathlib/.lake/build/lib/lean/Mathlib/RepresentationTheory/Rep/Basic.olean: OK
.lake/packages/mathlib/.lake/build/lib/lean/Mathlib/RepresentationTheory/Rep/Iso.olean: OK
.lake/packages/mathlib/.lake/build/lib/lean/Mathlib/RepresentationTheory/Rep/Res.olean: OK
.lake/packages/mathlib/.lake/build/lib/lean/Mathlib/RepresentationTheory/Semisimple.olean: OK
.lake/packages/mathlib/.lake/build/lib/lean/Mathlib/RepresentationTheory/Submodule.olean: OK
.lake/packages/mathlib/.lake/build/lib/lean/Mathlib/RepresentationTheory/Subrepresentation.olean: OK
.lake/packages/mathlib/.lake/build/lib/lean/Mathlib/RepresentationTheory/Tannaka.olean: OK
.lake/packages/mathlib/.lake/build/lib/lean/Mathlib/RingTheory/AdicCompletion/Algebra.olean: OK
.lake/packages/mathlib/.lake/build/lib/lean/Mathlib/RingTheory/AdicCompletion/AsTensorProduct.olean: OK
.lake/packages/mathlib/.lake/build/lib/lean/Mathlib/RingTheory/AdicCompletion/Basic.olean: OK
.lake/packages/mathlib/.lake/build/lib/lean/Mathlib/RingTheory/AdicCompletion/Completeness.olean: OK
.lake/packages/mathlib/.lake/build/lib/lean/Mathlib/RingTheory/AdicCompletion/Exactness.olean: OK
.lake/packages/mathlib/.lake/build/lib/lean/Mathlib/RingTheory/AdicCompletion/Functoriality.olean: OK
.lake/packages/mathlib/.lake/build/lib/lean/Mathlib/RingTheory/AdicCompletion/LocalRing.olean: OK
.lake/packages/mathlib/.lake/build/lib/lean/Mathlib/RingTheory/AdicCompletion/Noetherian.olean: OK
.lake/packages/mathlib/.lake/build/lib/lean/Mathlib/RingTheory/AdicCompletion/RingHom.olean: OK
.lake/packages/mathlib/.lake/build/lib/lean/Mathlib/RingTheory/AdicCompletion/Topology.olean: OK
.lake/packages/mathlib/.lake/build/lib/lean/Mathlib/RingTheory/Adjoin/Basic.olean: OK
.lake/packages/mathlib/.lake/build/lib/lean/Mathlib/RingTheory/Adjoin/Dimension.olean: OK
.lake/packages/mathlib/.lake/build/lib/lean/Mathlib/RingTheory/Adjoin/FG.olean: OK
.lake/packages/mathlib/.lake/build/lib/lean/Mathlib/RingTheory/Adjoin/FGBaseChange.olean: OK
.lake/packages/mathlib/.lake/build/lib/lean/Mathlib/RingTheory/Adjoin/Field.olean: OK
.lake/packages/mathlib/.lake/build/lib/lean/Mathlib/RingTheory/Adjoin/Polynomial.olean: OK
.lake/packages/mathlib/.lake/build/lib/lean/Mathlib/RingTheory/Adjoin/Polynomial/Basic.olean: OK
.lake/packages/mathlib/.lake/build/lib/lean/Mathlib/RingTheory/Adjoin/Polynomial/Bivariate.olean: OK
.lake/packages/mathlib/.lake/build/lib/lean/Mathlib/RingTheory/Adjoin/PowerBasis.olean: OK
.lake/packages/mathlib/.lake/build/lib/lean/Mathlib/RingTheory/Adjoin/Singleton.olean: OK
.lake/packages/mathlib/.lake/build/lib/lean/Mathlib/RingTheory/Adjoin/Tower.olean: OK
.lake/packages/mathlib/.lake/build/lib/lean/Mathlib/RingTheory/AdjoinRoot.olean: OK
.lake/packages/mathlib/.lake/build/lib/lean/Mathlib/RingTheory/AlgebraTower.olean: OK
.lake/packages/mathlib/.lake/build/lib/lean/Mathlib/RingTheory/Algebraic/Basic.olean: OK
.lake/packages/mathlib/.lake/build/lib/lean/Mathlib/RingTheory/Algebraic/Cardinality.olean: OK
.lake/packages/mathlib/.lake/build/lib/lean/Mathlib/RingTheory/Algebraic/Defs.olean: OK
.lake/packages/mathlib/.lake/build/lib/lean/Mathlib/RingTheory/Algebraic/Integral.olean: OK
.lake/packages/mathlib/.lake/build/lib/lean/Mathlib/RingTheory/Algebraic/LinearIndependent.olean: OK
.lake/packages/mathlib/.lake/build/lib/lean/Mathlib/RingTheory/Algebraic/MvPolynomial.olean: OK
.lake/packages/mathlib/.lake/build/lib/lean/Mathlib/RingTheory/Algebraic/Pi.olean: OK
.lake/packages/mathlib/.lake/build/lib/lean/Mathlib/RingTheory/Algebraic/StronglyTranscendental.olean: OK
.lake/packages/mathlib/.lake/build/lib/lean/Mathlib/RingTheory/AlgebraicIndependent/Adjoin.olean: OK
.lake/packages/mathlib/.lake/build/lib/lean/Mathlib/RingTheory/AlgebraicIndependent/AlgebraicClosure.olean: OK
.lake/packages/mathlib/.lake/build/lib/lean/Mathlib/RingTheory/AlgebraicIndependent/Basic.olean: OK
.lake/packages/mathlib/.lake/build/lib/lean/Mathlib/RingTheory/AlgebraicIndependent/Defs.olean: OK
.lake/packages/mathlib/.lake/build/lib/lean/Mathlib/RingTheory/AlgebraicIndependent/RankAndCardinality.olean: OK
.lake/packages/mathlib/.lake/build/lib/lean/Mathlib/RingTheory/AlgebraicIndependent/TranscendenceBasis.olean: OK
.lake/packages/mathlib/.lake/build/lib/lean/Mathlib/RingTheory/AlgebraicIndependent/Transcendental.olean: OK
.lake/packages/mathlib/.lake/build/lib/lean/Mathlib/RingTheory/Artinian/Algebra.olean: OK
.lake/packages/mathlib/.lake/build/lib/lean/Mathlib/RingTheory/Artinian/Defs.olean: OK
.lake/packages/mathlib/.lake/build/lib/lean/Mathlib/RingTheory/Artinian/Instances.olean: OK
.lake/packages/mathlib/.lake/build/lib/lean/Mathlib/RingTheory/Artinian/Module.olean: OK
.lake/packages/mathlib/.lake/build/lib/lean/Mathlib/RingTheory/Artinian/Ring.olean: OK
.lake/packages/mathlib/.lake/build/lib/lean/Mathlib/RingTheory/Bezout.olean: OK
.lake/packages/mathlib/.lake/build/lib/lean/Mathlib/RingTheory/Bialgebra/Basic.olean: OK
.lake/packages/mathlib/.lake/build/lib/lean/Mathlib/RingTheory/Bialgebra/Convolution.olean: OK
.lake/packages/mathlib/.lake/build/lib/lean/Mathlib/RingTheory/Bialgebra/Equiv.olean: OK
.lake/packages/mathlib/.lake/build/lib/lean/Mathlib/RingTheory/Bialgebra/GroupLike.olean: OK
.lake/packages/mathlib/.lake/build/lib/lean/Mathlib/RingTheory/Bialgebra/Hom.olean: OK
.lake/packages/mathlib/.lake/build/lib/lean/Mathlib/RingTheory/Bialgebra/MonoidAlgebra.olean: OK
.lake/packages/mathlib/.lake/build/lib/lean/Mathlib/RingTheory/Bialgebra/SymmetricAlgebra.olean: OK
.lake/packages/mathlib/.lake/build/lib/lean/Mathlib/RingTheory/Bialgebra/TensorProduct.olean: OK
.lake/packages/mathlib/.lake/build/lib/lean/Mathlib/RingTheory/Binomial.olean: OK
.lake/packages/mathlib/.lake/build/lib/lean/Mathlib/RingTheory/ChainOfDivisors.olean: OK
.lake/packages/mathlib/.lake/build/lib/lean/Mathlib/RingTheory/ClassGroup.olean: OK
.lake/packages/mathlib/.lake/build/lib/lean/Mathlib/RingTheory/Coalgebra/Basic.olean: OK
.lake/packages/mathlib/.lake/build/lib/lean/Mathlib/RingTheory/Coalgebra/CoassocSimps.olean: OK
.lake/packages/mathlib/.lake/build/lib/lean/Mathlib/RingTheory/Coalgebra/Convolution.olean: OK
.lake/packages/mathlib/.lake/build/lib/lean/Mathlib/RingTheory/Coalgebra/Equiv.olean: OK
.lake/packages/mathlib/.lake/build/lib/lean/Mathlib/RingTheory/Coalgebra/GroupLike.olean: OK
.lake/packages/mathlib/.lake/build/lib/lean/Mathlib/RingTheory/Coalgebra/Hom.olean: OK
.lake/packages/mathlib/.lake/build/lib/lean/Mathlib/RingTheory/Coalgebra/MonoidAlgebra.olean: OK
.lake/packages/mathlib/.lake/build/lib/lean/Mathlib/RingTheory/Coalgebra/MulOpposite.olean: OK
.lake/packages/mathlib/.lake/build/lib/lean/Mathlib/RingTheory/Coalgebra/TensorProduct.olean: OK
.lake/packages/mathlib/.lake/build/lib/lean/Mathlib/RingTheory/Complex.olean: OK
.lake/packages/mathlib/.lake/build/lib/lean/Mathlib/RingTheory/Conductor.olean: OK
.lake/packages/mathlib/.lake/build/lib/lean/Mathlib/RingTheory/Congruence/Basic.olean: OK
.lake/packages/mathlib/.lake/build/lib/lean/Mathlib/RingTheory/Congruence/BigOperators.olean: OK
.lake/packages/mathlib/.lake/build/lib/lean/Mathlib/RingTheory/Congruence/Defs.olean: OK
.lake/packages/mathlib/.lake/build/lib/lean/Mathlib/RingTheory/Congruence/Hom.olean: OK
.lake/packages/mathlib/.lake/build/lib/lean/Mathlib/RingTheory/Congruence/Opposite.olean: OK
.lake/packages/mathlib/.lake/build/lib/lean/Mathlib/RingTheory/Coprime/Basic.olean: OK
.lake/packages/mathlib/.lake/build/lib/lean/Mathlib/RingTheory/Coprime/Ideal.olean: OK
.lake/packages/mathlib/.lake/build/lib/lean/Mathlib/RingTheory/Coprime/Lemmas.olean: OK
.lake/packages/mathlib/.lake/build/lib/lean/Mathlib/RingTheory/DedekindDomain/AdicValuation.olean: OK
.lake/packages/mathlib/.lake/build/lib/lean/Mathlib/RingTheory/DedekindDomain/Basic.olean: OK
.lake/packages/mathlib/.lake/build/lib/lean/Mathlib/RingTheory/DedekindDomain/Different.olean: OK
.lake/packages/mathlib/.lake/build/lib/lean/Mathlib/RingTheory/DedekindDomain/Dvr.olean: OK
.lake/packages/mathlib/.lake/build/lib/lean/Mathlib/RingTheory/DedekindDomain/Factorization.olean: OK
.lake/packages/mathlib/.lake/build/lib/lean/Mathlib/RingTheory/DedekindDomain/FiniteAdeleRing.olean: OK
.lake/packages/mathlib/.lake/build/lib/lean/Mathlib/RingTheory/DedekindDomain/GaussLemma.olean: OK
.lake/packages/mathlib/.lake/build/lib/lean/Mathlib/RingTheory/DedekindDomain/Ideal/Basic.olean: OK
.lake/packages/mathlib/.lake/build/lib/lean/Mathlib/RingTheory/DedekindDomain/Ideal/Lemmas.olean: OK
.lake/packages/mathlib/.lake/build/lib/lean/Mathlib/RingTheory/DedekindDomain/Instances.olean: OK
.lake/packages/mathlib/.lake/build/lib/lean/Mathlib/RingTheory/DedekindDomain/IntegralClosure.olean: OK
.lake/packages/mathlib/.lake/build/lib/lean/Mathlib/RingTheory/DedekindDomain/LinearDisjoint.olean: OK
.lake/packages/mathlib/.lake/build/lib/lean/Mathlib/RingTheory/DedekindDomain/PID.olean: OK
.lake/packages/mathlib/.lake/build/lib/lean/Mathlib/RingTheory/DedekindDomain/SInteger.olean: OK
.lake/packages/mathlib/.lake/build/lib/lean/Mathlib/RingTheory/DedekindDomain/SelmerGroup.olean: OK
.lake/packages/mathlib/.lake/build/lib/lean/Mathlib/RingTheory/Derivation/Basic.olean: OK
.lake/packages/mathlib/.lake/build/lib/lean/Mathlib/RingTheory/Derivation/DifferentialRing.olean: OK
.lake/packages/mathlib/.lake/build/lib/lean/Mathlib/RingTheory/Derivation/Lie.olean: OK
.lake/packages/mathlib/.lake/build/lib/lean/Mathlib/RingTheory/Derivation/MapCoeffs.olean: OK
.lake/packages/mathlib/.lake/build/lib/lean/Mathlib/RingTheory/Derivation/ToSquareZero.olean: OK
.lake/packages/mathlib/.lake/build/lib/lean/Mathlib/RingTheory/DiscreteValuationRing/Basic.olean: OK
.lake/packages/mathlib/.lake/build/lib/lean/Mathlib/RingTheory/DiscreteValuationRing/TFAE.olean: OK
.lake/packages/mathlib/.lake/build/lib/lean/Mathlib/RingTheory/Discriminant.olean: OK
.lake/packages/mathlib/.lake/build/lib/lean/Mathlib/RingTheory/DividedPowerAlgebra/Init.olean: OK
.lake/packages/mathlib/.lake/build/lib/lean/Mathlib/RingTheory/DividedPowers/Basic.olean: OK
.lake/packages/mathlib/.lake/build/lib/lean/Mathlib/RingTheory/DividedPowers/DPMorphism.olean: OK
.lake/packages/mathlib/.lake/build/lib/lean/Mathlib/RingTheory/DividedPowers/Padic.olean: OK
.lake/packages/mathlib/.lake/build/lib/lean/Mathlib/RingTheory/DividedPowers/RatAlgebra.olean: OK
.lake/packages/mathlib/.lake/build/lib/lean/Mathlib/RingTheory/DividedPowers/SubDPIdeal.olean: OK
.lake/packages/mathlib/.lake/build/lib/lean/Mathlib/RingTheory/DualNumber.olean: OK
.lake/packages/mathlib/.lake/build/lib/lean/Mathlib/RingTheory/EssentialFiniteness.olean: OK
.lake/packages/mathlib/.lake/build/lib/lean/Mathlib/RingTheory/Etale/Basic.olean: OK
.lake/packages/mathlib/.lake/build/lib/lean/Mathlib/RingTheory/Etale/Descent.olean: OK
.lake/packages/mathlib/.lake/build/lib/lean/Mathlib/RingTheory/Etale/Field.olean: OK
.lake/packages/mathlib/.lake/build/lib/lean/Mathlib/RingTheory/Etale/Kaehler.olean: OK
.lake/packages/mathlib/.lake/build/lib/lean/Mathlib/RingTheory/Etale/Locus.olean: OK
.lake/packages/mathlib/.lake/build/lib/lean/Mathlib/RingTheory/Etale/Pi.olean: OK
.lake/packages/mathlib/.lake/build/lib/lean/Mathlib/RingTheory/Etale/QuasiFinite.olean: OK
.lake/packages/mathlib/.lake/build/lib/lean/Mathlib/RingTheory/Etale/StandardEtale.olean: OK
.lake/packages/mathlib/.lake/build/lib/lean/Mathlib/RingTheory/Etale/Weakly.olean: OK
.lake/packages/mathlib/.lake/build/lib/lean/Mathlib/RingTheory/EuclideanDomain.olean: OK
.lake/packages/mathlib/.lake/build/lib/lean/Mathlib/RingTheory/Extension/Basic.olean: OK
.lake/packages/mathlib/.lake/build/lib/lean/Mathlib/RingTheory/Extension/Cotangent/BaseChange.olean: OK
.lake/packages/mathlib/.lake/build/lib/lean/Mathlib/RingTheory/Extension/Cotangent/Basic.olean: OK
.lake/packages/mathlib/.lake/build/lib/lean/Mathlib/RingTheory/Extension/Cotangent/Basis.olean: OK
.lake/packages/mathlib/.lake/build/lib/lean/Mathlib/RingTheory/Extension/Cotangent/Free.olean: OK
.lake/packages/mathlib/.lake/build/lib/lean/Mathlib/RingTheory/Extension/Cotangent/LocalizationAway.olean: OK
.lake/packages/mathlib/.lake/build/lib/lean/Mathlib/RingTheory/Extension/Generators.olean: OK
.lake/packages/mathlib/.lake/build/lib/lean/Mathlib/RingTheory/Extension/Presentation/Basic.olean: OK
.lake/packages/mathlib/.lake/build/lib/lean/Mathlib/RingTheory/Extension/Presentation/Core.olean: OK
.lake/packages/mathlib/.lake/build/lib/lean/Mathlib/RingTheory/Extension/Presentation/Submersive.olean: OK
.lake/packages/mathlib/.lake/build/lib/lean/Mathlib/RingTheory/FilteredAlgebra/Basic.olean: OK
.lake/packages/mathlib/.lake/build/lib/lean/Mathlib/RingTheory/Filtration.olean: OK
.lake/packages/mathlib/.lake/build/lib/lean/Mathlib/RingTheory/FiniteLength.olean: OK
.lake/packages/mathlib/.lake/build/lib/lean/Mathlib/RingTheory/FinitePresentation.olean: OK
.lake/packages/mathlib/.lake/build/lib/lean/Mathlib/RingTheory/FiniteStability.olean: OK
.lake/packages/mathlib/.lake/build/lib/lean/Mathlib/RingTheory/FiniteType.olean: OK
.lake/packages/mathlib/.lake/build/lib/lean/Mathlib/RingTheory/Finiteness/Basic.olean: OK
.lake/packages/mathlib/.lake/build/lib/lean/Mathlib/RingTheory/Finiteness/Bilinear.olean: OK
.lake/packages/mathlib/.lake/build/lib/lean/Mathlib/RingTheory/Finiteness/Cardinality.olean: OK
.lake/packages/mathlib/.lake/build/lib/lean/Mathlib/RingTheory/Finiteness/Cofinite.olean: OK
.lake/packages/mathlib/.lake/build/lib/lean/Mathlib/RingTheory/Finiteness/Defs.olean: OK
.lake/packages/mathlib/.lake/build/lib/lean/Mathlib/RingTheory/Finiteness/Descent.olean: OK
.lake/packages/mathlib/.lake/build/lib/lean/Mathlib/RingTheory/Finiteness/FinitePresentationLocal.olean: OK
.lake/packages/mathlib/.lake/build/lib/lean/Mathlib/RingTheory/Finiteness/FiniteTypeLocal.olean: OK
.lake/packages/mathlib/.lake/build/lib/lean/Mathlib/RingTheory/Finiteness/Finsupp.olean: OK
.lake/packages/mathlib/.lake/build/lib/lean/Mathlib/RingTheory/Finiteness/Ideal.olean: OK
.lake/packages/mathlib/.lake/build/lib/lean/Mathlib/RingTheory/Finiteness/Lattice.olean: OK
.lake/packages/mathlib/.lake/build/lib/lean/Mathlib/RingTheory/Finiteness/ModuleFinitePresentation.olean: OK
.lake/packages/mathlib/.lake/build/lib/lean/Mathlib/RingTheory/Finiteness/Nakayama.olean: OK
.lake/packages/mathlib/.lake/build/lib/lean/Mathlib/RingTheory/Finiteness/Nilpotent.olean: OK
.lake/packages/mathlib/.lake/build/lib/lean/Mathlib/RingTheory/Finiteness/NilpotentKer.olean: OK
.lake/packages/mathlib/.lake/build/lib/lean/Mathlib/RingTheory/Finiteness/Prod.olean: OK
.lake/packages/mathlib/.lake/build/lib/lean/Mathlib/RingTheory/Finiteness/Projective.olean: OK
.lake/packages/mathlib/.lake/build/lib/lean/Mathlib/RingTheory/Finiteness/Quotient.olean: OK
.lake/packages/mathlib/.lake/build/lib/lean/Mathlib/RingTheory/Finiteness/Small.olean: OK
.lake/packages/mathlib/.lake/build/lib/lean/Mathlib/RingTheory/Finiteness/Subalgebra.olean: OK
.lake/packages/mathlib/.lake/build/lib/lean/Mathlib/RingTheory/Fintype.olean: OK
.lake/packages/mathlib/.lake/build/lib/lean/Mathlib/RingTheory/Flat/Basic.olean: OK
.lake/packages/mathlib/.lake/build/lib/lean/Mathlib/RingTheory/Flat/CategoryTheory.olean: OK
.lake/packages/mathlib/.lake/build/lib/lean/Mathlib/RingTheory/Flat/Domain.olean: OK
.lake/packages/mathlib/.lake/build/lib/lean/Mathlib/RingTheory/Flat/Equalizer.olean: OK
.lake/packages/mathlib/.lake/build/lib/lean/Mathlib/RingTheory/Flat/EquationalCriterion.olean: OK
.lake/packages/mathlib/.lake/build/lib/lean/Mathlib/RingTheory/Flat/FaithfullyFlat/Algebra.olean: OK
.lake/packages/mathlib/.lake/build/lib/lean/Mathlib/RingTheory/Flat/FaithfullyFlat/Basic.olean: OK
.lake/packages/mathlib/.lake/build/lib/lean/Mathlib/RingTheory/Flat/FaithfullyFlat/Descent.olean: OK
.lake/packages/mathlib/.lake/build/lib/lean/Mathlib/RingTheory/Flat/IsBaseChange.olean: OK
.lake/packages/mathlib/.lake/build/lib/lean/Mathlib/RingTheory/Flat/Localization.olean: OK
.lake/packages/mathlib/.lake/build/lib/lean/Mathlib/RingTheory/Flat/Rank.olean: OK
.lake/packages/mathlib/.lake/build/lib/lean/Mathlib/RingTheory/Flat/Stability.olean: OK
.lake/packages/mathlib/.lake/build/lib/lean/Mathlib/RingTheory/Flat/Tensor.olean: OK
.lake/packages/mathlib/.lake/build/lib/lean/Mathlib/RingTheory/Flat/TorsionFree.olean: OK
.lake/packages/mathlib/.lake/build/lib/lean/Mathlib/RingTheory/FormalGroup/Basic.olean: OK
.lake/packages/mathlib/.lake/build/lib/lean/Mathlib/RingTheory/FractionalIdeal/Basic.olean: OK
.lake/packages/mathlib/.lake/build/lib/lean/Mathlib/RingTheory/FractionalIdeal/Extended.olean: OK
.lake/packages/mathlib/.lake/build/lib/lean/Mathlib/RingTheory/FractionalIdeal/Inverse.olean: OK
.lake/packages/mathlib/.lake/build/lib/lean/Mathlib/RingTheory/FractionalIdeal/Norm.olean: OK
.lake/packages/mathlib/.lake/build/lib/lean/Mathlib/RingTheory/FractionalIdeal/Operations.olean: OK
.lake/packages/mathlib/.lake/build/lib/lean/Mathlib/RingTheory/FreeCommRing.olean: OK
.lake/packages/mathlib/.lake/build/lib/lean/Mathlib/RingTheory/FreeRing.olean: OK
.lake/packages/mathlib/.lake/build/lib/lean/Mathlib/RingTheory/Frobenius.olean: OK
.lake/packages/mathlib/.lake/build/lib/lean/Mathlib/RingTheory/GradedAlgebra/AlgHom.olean: OK
.lake/packages/mathlib/.lake/build/lib/lean/Mathlib/RingTheory/GradedAlgebra/Basic.olean: OK
.lake/packages/mathlib/.lake/build/lib/lean/Mathlib/RingTheory/GradedAlgebra/FiniteType.olean: OK
.lake/packages/mathlib/.lake/build/lib/lean/Mathlib/RingTheory/GradedAlgebra/Homogeneous/Ideal.olean: OK
.lake/packages/mathlib/.lake/build/lib/lean/Mathlib/RingTheory/GradedAlgebra/Homogeneous/Maps.olean: OK
.lake/packages/mathlib/.lake/build/lib/lean/Mathlib/RingTheory/GradedAlgebra/Homogeneous/Submodule.olean: OK
.lake/packages/mathlib/.lake/build/lib/lean/Mathlib/RingTheory/GradedAlgebra/Homogeneous/Subsemiring.olean: OK
.lake/packages/mathlib/.lake/build/lib/lean/Mathlib/RingTheory/GradedAlgebra/HomogeneousLocalization.olean: OK
.lake/packages/mathlib/.lake/build/lib/lean/Mathlib/RingTheory/GradedAlgebra/Noetherian.olean: OK
.lake/packages/mathlib/.lake/build/lib/lean/Mathlib/RingTheory/GradedAlgebra/Radical.olean: OK
.lake/packages/mathlib/.lake/build/lib/lean/Mathlib/RingTheory/GradedAlgebra/RingHom.olean: OK
.lake/packages/mathlib/.lake/build/lib/lean/Mathlib/RingTheory/GradedAlgebra/TensorProduct.olean: OK
.lake/packages/mathlib/.lake/build/lib/lean/Mathlib/RingTheory/Grassmannian.olean: OK
.lake/packages/mathlib/.lake/build/lib/lean/Mathlib/RingTheory/HahnSeries/Addition.olean: OK
.lake/packages/mathlib/.lake/build/lib/lean/Mathlib/RingTheory/HahnSeries/Basic.olean: OK
.lake/packages/mathlib/.lake/build/lib/lean/Mathlib/RingTheory/HahnSeries/Binomial.olean: OK
.lake/packages/mathlib/.lake/build/lib/lean/Mathlib/RingTheory/HahnSeries/Cardinal.olean: OK
.lake/packages/mathlib/.lake/build/lib/lean/Mathlib/RingTheory/HahnSeries/HEval.olean: OK
.lake/packages/mathlib/.lake/build/lib/lean/Mathlib/RingTheory/HahnSeries/HahnEmbedding.olean: OK
.lake/packages/mathlib/.lake/build/lib/lean/Mathlib/RingTheory/HahnSeries/Lex.olean: OK
.lake/packages/mathlib/.lake/build/lib/lean/Mathlib/RingTheory/HahnSeries/Multiplication.olean: OK
.lake/packages/mathlib/.lake/build/lib/lean/Mathlib/RingTheory/HahnSeries/PowerSeries.olean: OK
.lake/packages/mathlib/.lake/build/lib/lean/Mathlib/RingTheory/HahnSeries/Summable.olean: OK
.lake/packages/mathlib/.lake/build/lib/lean/Mathlib/RingTheory/HahnSeries/Valuation.olean: OK
.lake/packages/mathlib/.lake/build/lib/lean/Mathlib/RingTheory/Henselian.olean: OK
.lake/packages/mathlib/.lake/build/lib/lean/Mathlib/RingTheory/HopfAlgebra/Basic.olean: OK
.lake/packages/mathlib/.lake/build/lib/lean/Mathlib/RingTheory/HopfAlgebra/GroupLike.olean: OK
.lake/packages/mathlib/.lake/build/lib/lean/Mathlib/RingTheory/HopfAlgebra/MonoidAlgebra.olean: OK
.lake/packages/mathlib/.lake/build/lib/lean/Mathlib/RingTheory/HopfAlgebra/TensorProduct.olean: OK
.lake/packages/mathlib/.lake/build/lib/lean/Mathlib/RingTheory/HopkinsLevitzki.olean: OK
.lake/packages/mathlib/.lake/build/lib/lean/Mathlib/RingTheory/Ideal/AssociatedPrime/Basic.olean: OK
.lake/packages/mathlib/.lake/build/lib/lean/Mathlib/RingTheory/Ideal/AssociatedPrime/Finiteness.olean: OK
.lake/packages/mathlib/.lake/build/lib/lean/Mathlib/RingTheory/Ideal/AssociatedPrime/Localization.olean: OK
.lake/packages/mathlib/.lake/build/lib/lean/Mathlib/RingTheory/Ideal/Basic.olean: OK
.lake/packages/mathlib/.lake/build/lib/lean/Mathlib/RingTheory/Ideal/Basis.olean: OK
.lake/packages/mathlib/.lake/build/lib/lean/Mathlib/RingTheory/Ideal/BigOperators.olean: OK
.lake/packages/mathlib/.lake/build/lib/lean/Mathlib/RingTheory/Ideal/Colon.olean: OK
.lake/packages/mathlib/.lake/build/lib/lean/Mathlib/RingTheory/Ideal/Cotangent.olean: OK
.lake/packages/mathlib/.lake/build/lib/lean/Mathlib/RingTheory/Ideal/CotangentBaseChange.olean: OK
.lake/packages/mathlib/.lake/build/lib/lean/Mathlib/RingTheory/Ideal/Defs.olean: OK
.lake/packages/mathlib/.lake/build/lib/lean/Mathlib/RingTheory/Ideal/GoingDown.olean: OK
.lake/packages/mathlib/.lake/build/lib/lean/Mathlib/RingTheory/Ideal/GoingUp.olean: OK
.lake/packages/mathlib/.lake/build/lib/lean/Mathlib/RingTheory/Ideal/Height.olean: OK
.lake/packages/mathlib/.lake/build/lib/lean/Mathlib/RingTheory/Ideal/IdempotentFG.olean: OK
.lake/packages/mathlib/.lake/build/lib/lean/Mathlib/RingTheory/Ideal/Int.olean: OK
.lake/packages/mathlib/.lake/build/lib/lean/Mathlib/RingTheory/Ideal/IsAugmentation.olean: OK
.lake/packages/mathlib/.lake/build/lib/lean/Mathlib/RingTheory/Ideal/IsPrimary.olean: OK
.lake/packages/mathlib/.lake/build/lib/lean/Mathlib/RingTheory/Ideal/IsPrincipal.olean: OK
.lake/packages/mathlib/.lake/build/lib/lean/Mathlib/RingTheory/Ideal/IsPrincipalPowQuotient.olean: OK
.lake/packages/mathlib/.lake/build/lib/lean/Mathlib/RingTheory/Ideal/KrullsHeightTheorem.olean: OK
.lake/packages/mathlib/.lake/build/lib/lean/Mathlib/RingTheory/Ideal/Lattice.olean: OK
.lake/packages/mathlib/.lake/build/lib/lean/Mathlib/RingTheory/Ideal/Maps.olean: OK
.lake/packages/mathlib/.lake/build/lib/lean/Mathlib/RingTheory/Ideal/Maximal.olean: OK
.lake/packages/mathlib/.lake/build/lib/lean/Mathlib/RingTheory/Ideal/MinimalPrime/Basic.olean: OK
.lake/packages/mathlib/.lake/build/lib/lean/Mathlib/RingTheory/Ideal/MinimalPrime/Colon.olean: OK
.lake/packages/mathlib/.lake/build/lib/lean/Mathlib/RingTheory/Ideal/MinimalPrime/Localization.olean: OK
.lake/packages/mathlib/.lake/build/lib/lean/Mathlib/RingTheory/Ideal/MinimalPrime/Noetherian.olean: OK
.lake/packages/mathlib/.lake/build/lib/lean/Mathlib/RingTheory/Ideal/NatInt.olean: OK
.lake/packages/mathlib/.lake/build/lib/lean/Mathlib/RingTheory/Ideal/Nonunits.olean: OK
.lake/packages/mathlib/.lake/build/lib/lean/Mathlib/RingTheory/Ideal/Norm/AbsNorm.olean: OK
.lake/packages/mathlib/.lake/build/lib/lean/Mathlib/RingTheory/Ideal/Norm/RelNorm.olean: OK
.lake/packages/mathlib/.lake/build/lib/lean/Mathlib/RingTheory/Ideal/Oka.olean: OK
.lake/packages/mathlib/.lake/build/lib/lean/Mathlib/RingTheory/Ideal/Operations.olean: OK
.lake/packages/mathlib/.lake/build/lib/lean/Mathlib/RingTheory/Ideal/Over.olean: OK
.lake/packages/mathlib/.lake/build/lib/lean/Mathlib/RingTheory/Ideal/Pointwise.olean: OK
.lake/packages/mathlib/.lake/build/lib/lean/Mathlib/RingTheory/Ideal/Prime.olean: OK
.lake/packages/mathlib/.lake/build/lib/lean/Mathlib/RingTheory/Ideal/Prod.olean: OK
.lake/packages/mathlib/.lake/build/lib/lean/Mathlib/RingTheory/Ideal/Pure.olean: OK
.lake/packages/mathlib/.lake/build/lib/lean/Mathlib/RingTheory/Ideal/Quotient/Basic.olean: OK
.lake/packages/mathlib/.lake/build/lib/lean/Mathlib/RingTheory/Ideal/Quotient/ChineseRemainder.olean: OK
.lake/packages/mathlib/.lake/build/lib/lean/Mathlib/RingTheory/Ideal/Quotient/Defs.olean: OK
.lake/packages/mathlib/.lake/build/lib/lean/Mathlib/RingTheory/Ideal/Quotient/HasFiniteQuotients.olean: OK
.lake/packages/mathlib/.lake/build/lib/lean/Mathlib/RingTheory/Ideal/Quotient/Index.olean: OK
.lake/packages/mathlib/.lake/build/lib/lean/Mathlib/RingTheory/Ideal/Quotient/Nilpotent.olean: OK
.lake/packages/mathlib/.lake/build/lib/lean/Mathlib/RingTheory/Ideal/Quotient/Noetherian.olean: OK
.lake/packages/mathlib/.lake/build/lib/lean/Mathlib/RingTheory/Ideal/Quotient/Operations.olean: OK
.lake/packages/mathlib/.lake/build/lib/lean/Mathlib/RingTheory/Ideal/Quotient/PowTransition.olean: OK
.lake/packages/mathlib/.lake/build/lib/lean/Mathlib/RingTheory/Ideal/Span.olean: OK
.lake/packages/mathlib/.lake/build/lib/lean/Mathlib/RingTheory/IdealFilter/Basic.olean: OK
.lake/packages/mathlib/.lake/build/lib/lean/Mathlib/RingTheory/IdealFilter/Topology.olean: OK
.lake/packages/mathlib/.lake/build/lib/lean/Mathlib/RingTheory/Idempotents.olean: OK
.lake/packages/mathlib/.lake/build/lib/lean/Mathlib/RingTheory/Int/Basic.olean: OK
.lake/packages/mathlib/.lake/build/lib/lean/Mathlib/RingTheory/IntegralClosure/Algebra/Basic.olean: OK
.lake/packages/mathlib/.lake/build/lib/lean/Mathlib/RingTheory/IntegralClosure/Algebra/Defs.olean: OK
.lake/packages/mathlib/.lake/build/lib/lean/Mathlib/RingTheory/IntegralClosure/Algebra/Ideal.olean: OK
.lake/packages/mathlib/.lake/build/lib/lean/Mathlib/RingTheory/IntegralClosure/GoingDown.olean: OK
.lake/packages/mathlib/.lake/build/lib/lean/Mathlib/RingTheory/IntegralClosure/IntegralRestrict.olean: OK
.lake/packages/mathlib/.lake/build/lib/lean/Mathlib/RingTheory/IntegralClosure/IntegrallyClosed.olean: OK
.lake/packages/mathlib/.lake/build/lib/lean/Mathlib/RingTheory/IntegralClosure/IsIntegral/AlmostIntegral.olean: OK
.lake/packages/mathlib/.lake/build/lib/lean/Mathlib/RingTheory/IntegralClosure/IsIntegral/Basic.olean: OK
.lake/packages/mathlib/.lake/build/lib/lean/Mathlib/RingTheory/IntegralClosure/IsIntegral/Defs.olean: OK
.lake/packages/mathlib/.lake/build/lib/lean/Mathlib/RingTheory/IntegralClosure/IsIntegralClosure/Basic.olean: OK
.lake/packages/mathlib/.lake/build/lib/lean/Mathlib/RingTheory/IntegralClosure/IsIntegralClosure/Defs.olean: OK
.lake/packages/mathlib/.lake/build/lib/lean/Mathlib/RingTheory/IntegralDomain.olean: OK
.lake/packages/mathlib/.lake/build/lib/lean/Mathlib/RingTheory/Invariant/Basic.olean: OK
.lake/packages/mathlib/.lake/build/lib/lean/Mathlib/RingTheory/Invariant/Defs.olean: OK
.lake/packages/mathlib/.lake/build/lib/lean/Mathlib/RingTheory/Invariant/Profinite.olean: OK
.lake/packages/mathlib/.lake/build/lib/lean/Mathlib/RingTheory/IsAdjoinRoot.olean: OK
.lake/packages/mathlib/.lake/build/lib/lean/Mathlib/RingTheory/IsPrimary.olean: OK
.lake/packages/mathlib/.lake/build/lib/lean/Mathlib/RingTheory/IsTensorProduct.olean: OK
.lake/packages/mathlib/.lake/build/lib/lean/Mathlib/RingTheory/Jacobson/Artinian.olean: OK
.lake/packages/mathlib/.lake/build/lib/lean/Mathlib/RingTheory/Jacobson/Ideal.olean: OK
.lake/packages/mathlib/.lake/build/lib/lean/Mathlib/RingTheory/Jacobson/Polynomial.olean: OK
.lake/packages/mathlib/.lake/build/lib/lean/Mathlib/RingTheory/Jacobson/Radical.olean: OK
.lake/packages/mathlib/.lake/build/lib/lean/Mathlib/RingTheory/Jacobson/Ring.olean: OK
.lake/packages/mathlib/.lake/build/lib/lean/Mathlib/RingTheory/Jacobson/Semiprimary.olean: OK
.lake/packages/mathlib/.lake/build/lib/lean/Mathlib/RingTheory/Kaehler/Basic.olean: OK
.lake/packages/mathlib/.lake/build/lib/lean/Mathlib/RingTheory/Kaehler/JacobiZariski.olean: OK
.lake/packages/mathlib/.lake/build/lib/lean/Mathlib/RingTheory/Kaehler/Polynomial.olean: OK
.lake/packages/mathlib/.lake/build/lib/lean/Mathlib/RingTheory/Kaehler/TensorProduct.olean: OK
.lake/packages/mathlib/.lake/build/lib/lean/Mathlib/RingTheory/KrullDimension/Basic.olean: OK
.lake/packages/mathlib/.lake/build/lib/lean/Mathlib/RingTheory/KrullDimension/Field.olean: OK
.lake/packages/mathlib/.lake/build/lib/lean/Mathlib/RingTheory/KrullDimension/LocalRing.olean: OK
.lake/packages/mathlib/.lake/build/lib/lean/Mathlib/RingTheory/KrullDimension/Module.olean: OK
.lake/packages/mathlib/.lake/build/lib/lean/Mathlib/RingTheory/KrullDimension/NonZeroDivisors.olean: OK
.lake/packages/mathlib/.lake/build/lib/lean/Mathlib/RingTheory/KrullDimension/PID.olean: OK
.lake/packages/mathlib/.lake/build/lib/lean/Mathlib/RingTheory/KrullDimension/Polynomial.olean: OK
.lake/packages/mathlib/.lake/build/lib/lean/Mathlib/RingTheory/KrullDimension/Regular.olean: OK
.lake/packages/mathlib/.lake/build/lib/lean/Mathlib/RingTheory/KrullDimension/Zero.olean: OK
.lake/packages/mathlib/.lake/build/lib/lean/Mathlib/RingTheory/Lasker.olean: OK
.lake/packages/mathlib/.lake/build/lib/lean/Mathlib/RingTheory/LaurentSeries.olean: OK
.lake/packages/mathlib/.lake/build/lib/lean/Mathlib/RingTheory/Length.olean: OK
.lake/packages/mathlib/.lake/build/lib/lean/Mathlib/RingTheory/LinearDisjoint.olean: OK
.lake/packages/mathlib/.lake/build/lib/lean/Mathlib/RingTheory/LittleWedderburn.olean: OK
.lake/packages/mathlib/.lake/build/lib/lean/Mathlib/RingTheory/LocalIso.olean: OK
.lake/packages/mathlib/.lake/build/lib/lean/Mathlib/RingTheory/LocalProperties/Basic.olean: OK
.lake/packages/mathlib/.lake/build/lib/lean/Mathlib/RingTheory/LocalProperties/Exactness.olean: OK
.lake/packages/mathlib/.lake/build/lib/lean/Mathlib/RingTheory/LocalProperties/FinitePresentation.olean: OK
.lake/packages/mathlib/.lake/build/lib/lean/Mathlib/RingTheory/LocalProperties/Injective.olean: OK
.lake/packages/mathlib/.lake/build/lib/lean/Mathlib/RingTheory/LocalProperties/InjectiveDimension.olean: OK
.lake/packages/mathlib/.lake/build/lib/lean/Mathlib/RingTheory/LocalProperties/IntegrallyClosed.olean: OK
.lake/packages/mathlib/.lake/build/lib/lean/Mathlib/RingTheory/LocalProperties/Projective.olean: OK
.lake/packages/mathlib/.lake/build/lib/lean/Mathlib/RingTheory/LocalProperties/ProjectiveDimension.olean: OK
.lake/packages/mathlib/.lake/build/lib/lean/Mathlib/RingTheory/LocalProperties/Reduced.olean: OK
.lake/packages/mathlib/.lake/build/lib/lean/Mathlib/RingTheory/LocalProperties/Semilocal.olean: OK
.lake/packages/mathlib/.lake/build/lib/lean/Mathlib/RingTheory/LocalProperties/Submodule.olean: OK
.lake/packages/mathlib/.lake/build/lib/lean/Mathlib/RingTheory/LocalRing/Basic.olean: OK
.lake/packages/mathlib/.lake/build/lib/lean/Mathlib/RingTheory/LocalRing/Defs.olean: OK
.lake/packages/mathlib/.lake/build/lib/lean/Mathlib/RingTheory/LocalRing/Etale.olean: OK
.lake/packages/mathlib/.lake/build/lib/lean/Mathlib/RingTheory/LocalRing/Length.olean: OK
.lake/packages/mathlib/.lake/build/lib/lean/Mathlib/RingTheory/LocalRing/LocalSubring.olean: OK
.lake/packages/mathlib/.lake/build/lib/lean/Mathlib/RingTheory/LocalRing/MaximalIdeal/Basic.olean: OK
.lake/packages/mathlib/.lake/build/lib/lean/Mathlib/RingTheory/LocalRing/MaximalIdeal/Defs.olean: OK
.lake/packages/mathlib/.lake/build/lib/lean/Mathlib/RingTheory/LocalRing/MaximalIdeal/Square.olean: OK
.lake/packages/mathlib/.lake/build/lib/lean/Mathlib/RingTheory/LocalRing/Module.olean: OK
.lake/packages/mathlib/.lake/build/lib/lean/Mathlib/RingTheory/LocalRing/NonLocalRing.olean: OK
.lake/packages/mathlib/.lake/build/lib/lean/Mathlib/RingTheory/LocalRing/Quotient.olean: OK
.lake/packages/mathlib/.lake/build/lib/lean/Mathlib/RingTheory/LocalRing/ResidueField/Basic.olean: OK
.lake/packages/mathlib/.lake/build/lib/lean/Mathlib/RingTheory/LocalRing/ResidueField/Defs.olean: OK
.lake/packages/mathlib/.lake/build/lib/lean/Mathlib/RingTheory/LocalRing/ResidueField/Fiber.olean: OK
.lake/packages/mathlib/.lake/build/lib/lean/Mathlib/RingTheory/LocalRing/ResidueField/Ideal.olean: OK
.lake/packages/mathlib/.lake/build/lib/lean/Mathlib/RingTheory/LocalRing/ResidueField/Instances.olean: OK
.lake/packages/mathlib/.lake/build/lib/lean/Mathlib/RingTheory/LocalRing/ResidueField/Polynomial.olean: OK
.lake/packages/mathlib/.lake/build/lib/lean/Mathlib/RingTheory/LocalRing/RingHom/Basic.olean: OK
.lake/packages/mathlib/.lake/build/lib/lean/Mathlib/RingTheory/LocalRing/Subring.olean: OK
.lake/packages/mathlib/.lake/build/lib/lean/Mathlib/RingTheory/Localization/Algebra.olean: OK
.lake/packages/mathlib/.lake/build/lib/lean/Mathlib/RingTheory/Localization/AsSubring.olean: OK
.lake/packages/mathlib/.lake/build/lib/lean/Mathlib/RingTheory/Localization/AtPrime/Basic.olean: OK
.lake/packages/mathlib/.lake/build/lib/lean/Mathlib/RingTheory/Localization/AtPrime/Extension.olean: OK
.lake/packages/mathlib/.lake/build/lib/lean/Mathlib/RingTheory/Localization/Away/AdjoinRoot.olean: OK
.lake/packages/mathlib/.lake/build/lib/lean/Mathlib/RingTheory/Localization/Away/Basic.olean: OK
.lake/packages/mathlib/.lake/build/lib/lean/Mathlib/RingTheory/Localization/Away/Lemmas.olean: OK
.lake/packages/mathlib/.lake/build/lib/lean/Mathlib/RingTheory/Localization/BaseChange.olean: OK
.lake/packages/mathlib/.lake/build/lib/lean/Mathlib/RingTheory/Localization/Basic.olean: OK
.lake/packages/mathlib/.lake/build/lib/lean/Mathlib/RingTheory/Localization/Cardinality.olean: OK
.lake/packages/mathlib/.lake/build/lib/lean/Mathlib/RingTheory/Localization/Defs.olean: OK
.lake/packages/mathlib/.lake/build/lib/lean/Mathlib/RingTheory/Localization/Finiteness.olean: OK
.lake/packages/mathlib/.lake/build/lib/lean/Mathlib/RingTheory/Localization/FractionRing.olean: OK
.lake/packages/mathlib/.lake/build/lib/lean/Mathlib/RingTheory/Localization/Free.olean: OK
.lake/packages/mathlib/.lake/build/lib/lean/Mathlib/RingTheory/Localization/Ideal.olean: OK
.lake/packages/mathlib/.lake/build/lib/lean/Mathlib/RingTheory/Localization/Integer.olean: OK
.lake/packages/mathlib/.lake/build/lib/lean/Mathlib/RingTheory/Localization/Integral.olean: OK
.lake/packages/mathlib/.lake/build/lib/lean/Mathlib/RingTheory/Localization/InvSubmonoid.olean: OK
.lake/packages/mathlib/.lake/build/lib/lean/Mathlib/RingTheory/Localization/LocalizationLocalization.olean: OK
.lake/packages/mathlib/.lake/build/lib/lean/Mathlib/RingTheory/Localization/Module.olean: OK
.lake/packages/mathlib/.lake/build/lib/lean/Mathlib/RingTheory/Localization/NormTrace.olean: OK
.lake/packages/mathlib/.lake/build/lib/lean/Mathlib/RingTheory/Localization/NumDen.olean: OK
.lake/packages/mathlib/.lake/build/lib/lean/Mathlib/RingTheory/Localization/Pi.olean: OK
.lake/packages/mathlib/.lake/build/lib/lean/Mathlib/RingTheory/Localization/Rat.olean: OK
.lake/packages/mathlib/.lake/build/lib/lean/Mathlib/RingTheory/Localization/Submodule.olean: OK
.lake/packages/mathlib/.lake/build/lib/lean/Mathlib/RingTheory/MatrixAlgebra.olean: OK
.lake/packages/mathlib/.lake/build/lib/lean/Mathlib/RingTheory/MatrixPolynomialAlgebra.olean: OK
.lake/packages/mathlib/.lake/build/lib/lean/Mathlib/RingTheory/Morita/Basic.olean: OK
.lake/packages/mathlib/.lake/build/lib/lean/Mathlib/RingTheory/Morita/Matrix.olean: OK
.lake/packages/mathlib/.lake/build/lib/lean/Mathlib/RingTheory/Multiplicity.olean: OK
.lake/packages/mathlib/.lake/build/lib/lean/Mathlib/RingTheory/MvPolynomial.olean: OK
.lake/packages/mathlib/.lake/build/lib/lean/Mathlib/RingTheory/MvPolynomial/Basic.olean: OK
.lake/packages/mathlib/.lake/build/lib/lean/Mathlib/RingTheory/MvPolynomial/EulerIdentity.olean: OK
.lake/packages/mathlib/.lake/build/lib/lean/Mathlib/RingTheory/MvPolynomial/Expand.olean: OK
.lake/packages/mathlib/.lake/build/lib/lean/Mathlib/RingTheory/MvPolynomial/FreeCommRing.olean: OK
.lake/packages/mathlib/.lake/build/lib/lean/Mathlib/RingTheory/MvPolynomial/Groebner.olean: OK
.lake/packages/mathlib/.lake/build/lib/lean/Mathlib/RingTheory/MvPolynomial/Homogeneous.olean: OK
.lake/packages/mathlib/.lake/build/lib/lean/Mathlib/RingTheory/MvPolynomial/Ideal.olean: OK
.lake/packages/mathlib/.lake/build/lib/lean/Mathlib/RingTheory/MvPolynomial/IrreducibleQuadratic.olean: OK
.lake/packages/mathlib/.lake/build/lib/lean/Mathlib/RingTheory/MvPolynomial/Localization.olean: OK
.lake/packages/mathlib/.lake/build/lib/lean/Mathlib/RingTheory/MvPolynomial/MonomialOrder.olean: OK
.lake/packages/mathlib/.lake/build/lib/lean/Mathlib/RingTheory/MvPolynomial/MonomialOrder/DegLex.olean: OK
.lake/packages/mathlib/.lake/build/lib/lean/Mathlib/RingTheory/MvPolynomial/Symmetric/Defs.olean: OK
.lake/packages/mathlib/.lake/build/lib/lean/Mathlib/RingTheory/MvPolynomial/Symmetric/FundamentalTheorem.olean: OK
.lake/packages/mathlib/.lake/build/lib/lean/Mathlib/RingTheory/MvPolynomial/Symmetric/NewtonIdentities.olean: OK
.lake/packages/mathlib/.lake/build/lib/lean/Mathlib/RingTheory/MvPolynomial/Tower.olean: OK
.lake/packages/mathlib/.lake/build/lib/lean/Mathlib/RingTheory/MvPolynomial/WeightedHomogeneous.olean: OK
.lake/packages/mathlib/.lake/build/lib/lean/Mathlib/RingTheory/MvPowerSeries/Basic.olean: OK
.lake/packages/mathlib/.lake/build/lib/lean/Mathlib/RingTheory/MvPowerSeries/Equiv.olean: OK
.lake/packages/mathlib/.lake/build/lib/lean/Mathlib/RingTheory/MvPowerSeries/Evaluation.olean: OK
.lake/packages/mathlib/.lake/build/lib/lean/Mathlib/RingTheory/MvPowerSeries/Expand.olean: OK
.lake/packages/mathlib/.lake/build/lib/lean/Mathlib/RingTheory/MvPowerSeries/GaussNorm.olean: OK
.lake/packages/mathlib/.lake/build/lib/lean/Mathlib/RingTheory/MvPowerSeries/Inverse.olean: OK
.lake/packages/mathlib/.lake/build/lib/lean/Mathlib/RingTheory/MvPowerSeries/LexOrder.olean: OK
.lake/packages/mathlib/.lake/build/lib/lean/Mathlib/RingTheory/MvPowerSeries/LinearTopology.olean: OK
.lake/packages/mathlib/.lake/build/lib/lean/Mathlib/RingTheory/MvPowerSeries/NoZeroDivisors.olean: OK
.lake/packages/mathlib/.lake/build/lib/lean/Mathlib/RingTheory/MvPowerSeries/Order.olean: OK
.lake/packages/mathlib/.lake/build/lib/lean/Mathlib/RingTheory/MvPowerSeries/PiTopology.olean: OK
.lake/packages/mathlib/.lake/build/lib/lean/Mathlib/RingTheory/MvPowerSeries/Rename.olean: OK
.lake/packages/mathlib/.lake/build/lib/lean/Mathlib/RingTheory/MvPowerSeries/Substitution.olean: OK
.lake/packages/mathlib/.lake/build/lib/lean/Mathlib/RingTheory/MvPowerSeries/Trunc.olean: OK
.lake/packages/mathlib/.lake/build/lib/lean/Mathlib/RingTheory/Nakayama.olean: OK
.lake/packages/mathlib/.lake/build/lib/lean/Mathlib/RingTheory/Nilpotent/Basic.olean: OK
.lake/packages/mathlib/.lake/build/lib/lean/Mathlib/RingTheory/Nilpotent/Defs.olean: OK
.lake/packages/mathlib/.lake/build/lib/lean/Mathlib/RingTheory/Nilpotent/Exp.olean: OK
.lake/packages/mathlib/.lake/build/lib/lean/Mathlib/RingTheory/Nilpotent/GeometricallyReduced.olean: OK
.lake/packages/mathlib/.lake/build/lib/lean/Mathlib/RingTheory/Nilpotent/Lemmas.olean: OK
.lake/packages/mathlib/.lake/build/lib/lean/Mathlib/RingTheory/NoetherNormalization.olean: OK
.lake/packages/mathlib/.lake/build/lib/lean/Mathlib/RingTheory/Noetherian/Basic.olean: OK
.lake/packages/mathlib/.lake/build/lib/lean/Mathlib/RingTheory/Noetherian/Defs.olean: OK
.lake/packages/mathlib/.lake/build/lib/lean/Mathlib/RingTheory/Noetherian/Filter.olean: OK
.lake/packages/mathlib/.lake/build/lib/lean/Mathlib/RingTheory/Noetherian/Nilpotent.olean: OK
.lake/packages/mathlib/.lake/build/lib/lean/Mathlib/RingTheory/Noetherian/OfPrime.olean: OK
.lake/packages/mathlib/.lake/build/lib/lean/Mathlib/RingTheory/Noetherian/Orzech.olean: OK
.lake/packages/mathlib/.lake/build/lib/lean/Mathlib/RingTheory/Noetherian/UniqueFactorizationDomain.olean: OK
.lake/packages/mathlib/.lake/build/lib/lean/Mathlib/RingTheory/NonUnitalSubring/Basic.olean: OK
.lake/packages/mathlib/.lake/build/lib/lean/Mathlib/RingTheory/NonUnitalSubring/Defs.olean: OK
.lake/packages/mathlib/.lake/build/lib/lean/Mathlib/RingTheory/NonUnitalSubsemiring/Basic.olean: OK
.lake/packages/mathlib/.lake/build/lib/lean/Mathlib/RingTheory/NonUnitalSubsemiring/Defs.olean: OK
.lake/packages/mathlib/.lake/build/lib/lean/Mathlib/RingTheory/Norm/Basic.olean: OK
.lake/packages/mathlib/.lake/build/lib/lean/Mathlib/RingTheory/Norm/Defs.olean: OK
.lake/packages/mathlib/.lake/build/lib/lean/Mathlib/RingTheory/Norm/Transitivity.olean: OK
.lake/packages/mathlib/.lake/build/lib/lean/Mathlib/RingTheory/NormTrace.olean: OK
.lake/packages/mathlib/.lake/build/lib/lean/Mathlib/RingTheory/NormalClosure.olean: OK
.lake/packages/mathlib/.lake/build/lib/lean/Mathlib/RingTheory/Nullstellensatz.olean: OK
.lake/packages/mathlib/.lake/build/lib/lean/Mathlib/RingTheory/OrderOfVanishing/Basic.olean: OK
.lake/packages/mathlib/.lake/build/lib/lean/Mathlib/RingTheory/OrderOfVanishing/Noetherian.olean: OK
.lake/packages/mathlib/.lake/build/lib/lean/Mathlib/RingTheory/OreLocalization/Basic.olean: OK
.lake/packages/mathlib/.lake/build/lib/lean/Mathlib/RingTheory/OreLocalization/Cardinality.olean: OK
.lake/packages/mathlib/.lake/build/lib/lean/Mathlib/RingTheory/OreLocalization/NonZeroDivisors.olean: OK
.lake/packages/mathlib/.lake/build/lib/lean/Mathlib/RingTheory/OreLocalization/OreSet.olean: OK
.lake/packages/mathlib/.lake/build/lib/lean/Mathlib/RingTheory/OreLocalization/Ring.olean: OK
.lake/packages/mathlib/.lake/build/lib/lean/Mathlib/RingTheory/OrzechProperty.olean: OK
.lake/packages/mathlib/.lake/build/lib/lean/Mathlib/RingTheory/Perfection.olean: OK
.lake/packages/mathlib/.lake/build/lib/lean/Mathlib/RingTheory/Perfectoid/BDeRham.olean: OK
.lake/packages/mathlib/.lake/build/lib/lean/Mathlib/RingTheory/Perfectoid/FontaineTheta.olean: OK
.lake/packages/mathlib/.lake/build/lib/lean/Mathlib/RingTheory/Perfectoid/Untilt.olean: OK
.lake/packages/mathlib/.lake/build/lib/lean/Mathlib/RingTheory/PiTensorProduct.olean: OK
.lake/packages/mathlib/.lake/build/lib/lean/Mathlib/RingTheory/PicardGroup.olean: OK
.lake/packages/mathlib/.lake/build/lib/lean/Mathlib/RingTheory/Polynomial/Basic.olean: OK
.lake/packages/mathlib/.lake/build/lib/lean/Mathlib/RingTheory/Polynomial/Bernstein.olean: OK
.lake/packages/mathlib/.lake/build/lib/lean/Mathlib/RingTheory/Polynomial/Chebyshev.olean: OK
.lake/packages/mathlib/.lake/build/lib/lean/Mathlib/RingTheory/Polynomial/Content.olean: OK
.lake/packages/mathlib/.lake/build/lib/lean/Mathlib/RingTheory/Polynomial/ContentIdeal.olean: OK
.lake/packages/mathlib/.lake/build/lib/lean/Mathlib/RingTheory/Polynomial/Cyclotomic/Basic.olean: OK
.lake/packages/mathlib/.lake/build/lib/lean/Mathlib/RingTheory/Polynomial/Cyclotomic/Eval.olean: OK
.lake/packages/mathlib/.lake/build/lib/lean/Mathlib/RingTheory/Polynomial/Cyclotomic/Expand.olean: OK
.lake/packages/mathlib/.lake/build/lib/lean/Mathlib/RingTheory/Polynomial/Cyclotomic/Factorization.olean: OK
.lake/packages/mathlib/.lake/build/lib/lean/Mathlib/RingTheory/Polynomial/Cyclotomic/Roots.olean: OK
.lake/packages/mathlib/.lake/build/lib/lean/Mathlib/RingTheory/Polynomial/DegreeLT.olean: OK
.lake/packages/mathlib/.lake/build/lib/lean/Mathlib/RingTheory/Polynomial/Dickson.olean: OK
.lake/packages/mathlib/.lake/build/lib/lean/Mathlib/RingTheory/Polynomial/Eisenstein/Basic.olean: OK
.lake/packages/mathlib/.lake/build/lib/lean/Mathlib/RingTheory/Polynomial/Eisenstein/Criterion.olean: OK
.lake/packages/mathlib/.lake/build/lib/lean/Mathlib/RingTheory/Polynomial/Eisenstein/Distinguished.olean: OK
.lake/packages/mathlib/.lake/build/lib/lean/Mathlib/RingTheory/Polynomial/Eisenstein/IsIntegral.olean: OK
.lake/packages/mathlib/.lake/build/lib/lean/Mathlib/RingTheory/Polynomial/GaussLemma.olean: OK
.lake/packages/mathlib/.lake/build/lib/lean/Mathlib/RingTheory/Polynomial/GaussNorm.olean: OK
.lake/packages/mathlib/.lake/build/lib/lean/Mathlib/RingTheory/Polynomial/Hermite/Basic.olean: OK
.lake/packages/mathlib/.lake/build/lib/lean/Mathlib/RingTheory/Polynomial/Hermite/Gaussian.olean: OK
.lake/packages/mathlib/.lake/build/lib/lean/Mathlib/RingTheory/Polynomial/HilbertPoly.olean: OK
.lake/packages/mathlib/.lake/build/lib/lean/Mathlib/RingTheory/Polynomial/Ideal.olean: OK
.lake/packages/mathlib/.lake/build/lib/lean/Mathlib/RingTheory/Polynomial/IntegralNormalization.olean: OK
.lake/packages/mathlib/.lake/build/lib/lean/Mathlib/RingTheory/Polynomial/IrreducibleRing.olean: OK
.lake/packages/mathlib/.lake/build/lib/lean/Mathlib/RingTheory/Polynomial/IsIntegral.olean: OK
.lake/packages/mathlib/.lake/build/lib/lean/Mathlib/RingTheory/Polynomial/Morse.olean: OK
.lake/packages/mathlib/.lake/build/lib/lean/Mathlib/RingTheory/Polynomial/Nilpotent.olean: OK
.lake/packages/mathlib/.lake/build/lib/lean/Mathlib/RingTheory/Polynomial/Opposites.olean: OK
.lake/packages/mathlib/.lake/build/lib/lean/Mathlib/RingTheory/Polynomial/Pochhammer.olean: OK
.lake/packages/mathlib/.lake/build/lib/lean/Mathlib/RingTheory/Polynomial/Quotient.olean: OK
.lake/packages/mathlib/.lake/build/lib/lean/Mathlib/RingTheory/Polynomial/Radical.olean: OK
.lake/packages/mathlib/.lake/build/lib/lean/Mathlib/RingTheory/Polynomial/RationalRoot.olean: OK
.lake/packages/mathlib/.lake/build/lib/lean/Mathlib/RingTheory/Polynomial/Resultant/Basic.olean: OK
.lake/packages/mathlib/.lake/build/lib/lean/Mathlib/RingTheory/Polynomial/ScaleRoots.olean: OK
.lake/packages/mathlib/.lake/build/lib/lean/Mathlib/RingTheory/Polynomial/Selmer.olean: OK
.lake/packages/mathlib/.lake/build/lib/lean/Mathlib/RingTheory/Polynomial/SeparableDegree.olean: OK
.lake/packages/mathlib/.lake/build/lib/lean/Mathlib/RingTheory/Polynomial/ShiftedLegendre.olean: OK
.lake/packages/mathlib/.lake/build/lib/lean/Mathlib/RingTheory/Polynomial/SmallDegreeVieta.olean: OK
.lake/packages/mathlib/.lake/build/lib/lean/Mathlib/RingTheory/Polynomial/Subring.olean: OK
.lake/packages/mathlib/.lake/build/lib/lean/Mathlib/RingTheory/Polynomial/Tower.olean: OK
.lake/packages/mathlib/.lake/build/lib/lean/Mathlib/RingTheory/Polynomial/UniqueFactorization.olean: OK
.lake/packages/mathlib/.lake/build/lib/lean/Mathlib/RingTheory/Polynomial/UniversalFactorizationRing.olean: OK
.lake/packages/mathlib/.lake/build/lib/lean/Mathlib/RingTheory/Polynomial/Vieta.olean: OK
.lake/packages/mathlib/.lake/build/lib/lean/Mathlib/RingTheory/Polynomial/Wronskian.olean: OK
.lake/packages/mathlib/.lake/build/lib/lean/Mathlib/RingTheory/PolynomialAlgebra.olean: OK
.lake/packages/mathlib/.lake/build/lib/lean/Mathlib/RingTheory/PolynomialLaw/Basic.olean: OK
.lake/packages/mathlib/.lake/build/lib/lean/Mathlib/RingTheory/PowerBasis.olean: OK
.lake/packages/mathlib/.lake/build/lib/lean/Mathlib/RingTheory/PowerSeries/Basic.olean: OK
.lake/packages/mathlib/.lake/build/lib/lean/Mathlib/RingTheory/PowerSeries/Binomial.olean: OK
.lake/packages/mathlib/.lake/build/lib/lean/Mathlib/RingTheory/PowerSeries/Catalan.olean: OK
.lake/packages/mathlib/.lake/build/lib/lean/Mathlib/RingTheory/PowerSeries/CoeffMulMem.olean: OK
.lake/packages/mathlib/.lake/build/lib/lean/Mathlib/RingTheory/PowerSeries/Derivative.olean: OK
.lake/packages/mathlib/.lake/build/lib/lean/Mathlib/RingTheory/PowerSeries/Evaluation.olean: OK
.lake/packages/mathlib/.lake/build/lib/lean/Mathlib/RingTheory/PowerSeries/Exp.olean: OK
.lake/packages/mathlib/.lake/build/lib/lean/Mathlib/RingTheory/PowerSeries/Expand.olean: OK
.lake/packages/mathlib/.lake/build/lib/lean/Mathlib/RingTheory/PowerSeries/GaussNorm.olean: OK
.lake/packages/mathlib/.lake/build/lib/lean/Mathlib/RingTheory/PowerSeries/Ideal.olean: OK
.lake/packages/mathlib/.lake/build/lib/lean/Mathlib/RingTheory/PowerSeries/Inverse.olean: OK
.lake/packages/mathlib/.lake/build/lib/lean/Mathlib/RingTheory/PowerSeries/Log.olean: OK
.lake/packages/mathlib/.lake/build/lib/lean/Mathlib/RingTheory/PowerSeries/NoZeroDivisors.olean: OK
.lake/packages/mathlib/.lake/build/lib/lean/Mathlib/RingTheory/PowerSeries/Order.olean: OK
.lake/packages/mathlib/.lake/build/lib/lean/Mathlib/RingTheory/PowerSeries/PiTopology.olean: OK
.lake/packages/mathlib/.lake/build/lib/lean/Mathlib/RingTheory/PowerSeries/Restricted.olean: OK
.lake/packages/mathlib/.lake/build/lib/lean/Mathlib/RingTheory/PowerSeries/Schroder.olean: OK
.lake/packages/mathlib/.lake/build/lib/lean/Mathlib/RingTheory/PowerSeries/Substitution.olean: OK
.lake/packages/mathlib/.lake/build/lib/lean/Mathlib/RingTheory/PowerSeries/Trunc.olean: OK
.lake/packages/mathlib/.lake/build/lib/lean/Mathlib/RingTheory/PowerSeries/WeierstrassPreparation.olean: OK
.lake/packages/mathlib/.lake/build/lib/lean/Mathlib/RingTheory/PowerSeries/WellKnown.olean: OK
.lake/packages/mathlib/.lake/build/lib/lean/Mathlib/RingTheory/Prime.olean: OK
.lake/packages/mathlib/.lake/build/lib/lean/Mathlib/RingTheory/PrincipalIdealDomain.olean: OK
.lake/packages/mathlib/.lake/build/lib/lean/Mathlib/RingTheory/PrincipalIdealDomainOfPrime.olean: OK
.lake/packages/mathlib/.lake/build/lib/lean/Mathlib/RingTheory/QuasiFinite/Basic.olean: OK
.lake/packages/mathlib/.lake/build/lib/lean/Mathlib/RingTheory/QuasiFinite/Polynomial.olean: OK
.lake/packages/mathlib/.lake/build/lib/lean/Mathlib/RingTheory/QuasiFinite/Weakly.olean: OK
.lake/packages/mathlib/.lake/build/lib/lean/Mathlib/RingTheory/QuotSMulTop.olean: OK
.lake/packages/mathlib/.lake/build/lib/lean/Mathlib/RingTheory/Radical.olean: OK
.lake/packages/mathlib/.lake/build/lib/lean/Mathlib/RingTheory/Radical/Basic.olean: OK
.lake/packages/mathlib/.lake/build/lib/lean/Mathlib/RingTheory/Radical/NatInt.olean: OK
.lake/packages/mathlib/.lake/build/lib/lean/Mathlib/RingTheory/RamificationInertia/Inertia.olean: OK
.lake/packages/mathlib/.lake/build/lib/lean/Mathlib/RingTheory/RamificationInertia/Ramification.olean: OK
.lake/packages/mathlib/.lake/build/lib/lean/Mathlib/RingTheory/ReesAlgebra.olean: OK
.lake/packages/mathlib/.lake/build/lib/lean/Mathlib/RingTheory/Regular/Category.olean: OK
.lake/packages/mathlib/.lake/build/lib/lean/Mathlib/RingTheory/Regular/Depth.olean: OK
.lake/packages/mathlib/.lake/build/lib/lean/Mathlib/RingTheory/Regular/Flat.olean: OK
.lake/packages/mathlib/.lake/build/lib/lean/Mathlib/RingTheory/Regular/IsSMulRegular.olean: OK
.lake/packages/mathlib/.lake/build/lib/lean/Mathlib/RingTheory/Regular/LinearMap.olean: OK
.lake/packages/mathlib/.lake/build/lib/lean/Mathlib/RingTheory/Regular/ProjectiveDimension.olean: OK
.lake/packages/mathlib/.lake/build/lib/lean/Mathlib/RingTheory/Regular/RegularSequence.olean: OK
.lake/packages/mathlib/.lake/build/lib/lean/Mathlib/RingTheory/RegularLocalRing/Defs.olean: OK
.lake/packages/mathlib/.lake/build/lib/lean/Mathlib/RingTheory/RingHom/Bijective.olean: OK
.lake/packages/mathlib/.lake/build/lib/lean/Mathlib/RingTheory/RingHom/EssFiniteType.olean: OK
.lake/packages/mathlib/.lake/build/lib/lean/Mathlib/RingTheory/RingHom/Etale.olean: OK
.lake/packages/mathlib/.lake/build/lib/lean/Mathlib/RingTheory/RingHom/FaithfullyFlat.olean: OK
.lake/packages/mathlib/.lake/build/lib/lean/Mathlib/RingTheory/RingHom/Finite.olean: OK
.lake/packages/mathlib/.lake/build/lib/lean/Mathlib/RingTheory/RingHom/FinitePresentation.olean: OK
.lake/packages/mathlib/.lake/build/lib/lean/Mathlib/RingTheory/RingHom/FiniteType.olean: OK
.lake/packages/mathlib/.lake/build/lib/lean/Mathlib/RingTheory/RingHom/Flat.olean: OK
.lake/packages/mathlib/.lake/build/lib/lean/Mathlib/RingTheory/RingHom/Injective.olean: OK
.lake/packages/mathlib/.lake/build/lib/lean/Mathlib/RingTheory/RingHom/Integral.olean: OK
.lake/packages/mathlib/.lake/build/lib/lean/Mathlib/RingTheory/RingHom/Locally.olean: OK
.lake/packages/mathlib/.lake/build/lib/lean/Mathlib/RingTheory/RingHom/LocallyStandardSmooth.olean: OK
.lake/packages/mathlib/.lake/build/lib/lean/Mathlib/RingTheory/RingHom/OpenImmersion.olean: OK
.lake/packages/mathlib/.lake/build/lib/lean/Mathlib/RingTheory/RingHom/QuasiFinite.olean: OK
.lake/packages/mathlib/.lake/build/lib/lean/Mathlib/RingTheory/RingHom/Smooth.olean: OK
.lake/packages/mathlib/.lake/build/lib/lean/Mathlib/RingTheory/RingHom/StandardSmooth.olean: OK
.lake/packages/mathlib/.lake/build/lib/lean/Mathlib/RingTheory/RingHom/Surjective.olean: OK
.lake/packages/mathlib/.lake/build/lib/lean/Mathlib/RingTheory/RingHom/Unramified.olean: OK
.lake/packages/mathlib/.lake/build/lib/lean/Mathlib/RingTheory/RingHomProperties.olean: OK
.lake/packages/mathlib/.lake/build/lib/lean/Mathlib/RingTheory/RingInvo.olean: OK
.lake/packages/mathlib/.lake/build/lib/lean/Mathlib/RingTheory/RootsOfUnity/AlgebraicallyClosed.olean: OK
.lake/packages/mathlib/.lake/build/lib/lean/Mathlib/RingTheory/RootsOfUnity/Basic.olean: OK
.lake/packages/mathlib/.lake/build/lib/lean/Mathlib/RingTheory/RootsOfUnity/Complex.olean: OK
.lake/packages/mathlib/.lake/build/lib/lean/Mathlib/RingTheory/RootsOfUnity/CyclotomicUnits.olean: OK
.lake/packages/mathlib/.lake/build/lib/lean/Mathlib/RingTheory/RootsOfUnity/EnoughRootsOfUnity.olean: OK
.lake/packages/mathlib/.lake/build/lib/lean/Mathlib/RingTheory/RootsOfUnity/Lemmas.olean: OK
.lake/packages/mathlib/.lake/build/lib/lean/Mathlib/RingTheory/RootsOfUnity/Minpoly.olean: OK
.lake/packages/mathlib/.lake/build/lib/lean/Mathlib/RingTheory/RootsOfUnity/PrimitiveRoots.olean: OK
.lake/packages/mathlib/.lake/build/lib/lean/Mathlib/RingTheory/SimpleModule/Basic.olean: OK
.lake/packages/mathlib/.lake/build/lib/lean/Mathlib/RingTheory/SimpleModule/InjectiveProjective.olean: OK
.lake/packages/mathlib/.lake/build/lib/lean/Mathlib/RingTheory/SimpleModule/IsAlgClosed.olean: OK
.lake/packages/mathlib/.lake/build/lib/lean/Mathlib/RingTheory/SimpleModule/Isotypic.olean: OK
.lake/packages/mathlib/.lake/build/lib/lean/Mathlib/RingTheory/SimpleModule/Rank.olean: OK
.lake/packages/mathlib/.lake/build/lib/lean/Mathlib/RingTheory/SimpleModule/WedderburnArtin.olean: OK
.lake/packages/mathlib/.lake/build/lib/lean/Mathlib/RingTheory/SimpleRing/Basic.olean: OK
.lake/packages/mathlib/.lake/build/lib/lean/Mathlib/RingTheory/SimpleRing/Congr.olean: OK
.lake/packages/mathlib/.lake/build/lib/lean/Mathlib/RingTheory/SimpleRing/Defs.olean: OK
.lake/packages/mathlib/.lake/build/lib/lean/Mathlib/RingTheory/SimpleRing/Field.olean: OK
.lake/packages/mathlib/.lake/build/lib/lean/Mathlib/RingTheory/SimpleRing/Matrix.olean: OK
.lake/packages/mathlib/.lake/build/lib/lean/Mathlib/RingTheory/SimpleRing/Principal.olean: OK
.lake/packages/mathlib/.lake/build/lib/lean/Mathlib/RingTheory/Smooth/AdicCompletion.olean: OK
.lake/packages/mathlib/.lake/build/lib/lean/Mathlib/RingTheory/Smooth/Basic.olean: OK
.lake/packages/mathlib/.lake/build/lib/lean/Mathlib/RingTheory/Smooth/Fiber.olean: OK
.lake/packages/mathlib/.lake/build/lib/lean/Mathlib/RingTheory/Smooth/Field.olean: OK
.lake/packages/mathlib/.lake/build/lib/lean/Mathlib/RingTheory/Smooth/Flat.olean: OK
.lake/packages/mathlib/.lake/build/lib/lean/Mathlib/RingTheory/Smooth/IntegralClosure.olean: OK
.lake/packages/mathlib/.lake/build/lib/lean/Mathlib/RingTheory/Smooth/Kaehler.olean: OK
.lake/packages/mathlib/.lake/build/lib/lean/Mathlib/RingTheory/Smooth/Local.olean: OK
.lake/packages/mathlib/.lake/build/lib/lean/Mathlib/RingTheory/Smooth/Locus.olean: OK
.lake/packages/mathlib/.lake/build/lib/lean/Mathlib/RingTheory/Smooth/NoetherianDescent.olean: OK
.lake/packages/mathlib/.lake/build/lib/lean/Mathlib/RingTheory/Smooth/Pi.olean: OK
.lake/packages/mathlib/.lake/build/lib/lean/Mathlib/RingTheory/Smooth/Quotient.olean: OK
.lake/packages/mathlib/.lake/build/lib/lean/Mathlib/RingTheory/Smooth/StandardSmooth.olean: OK
.lake/packages/mathlib/.lake/build/lib/lean/Mathlib/RingTheory/Smooth/StandardSmoothCotangent.olean: OK
.lake/packages/mathlib/.lake/build/lib/lean/Mathlib/RingTheory/Smooth/StandardSmoothOfFree.olean: OK
.lake/packages/mathlib/.lake/build/lib/lean/Mathlib/RingTheory/Spectrum/Maximal/Basic.olean: OK
.lake/packages/mathlib/.lake/build/lib/lean/Mathlib/RingTheory/Spectrum/Maximal/Defs.olean: OK
.lake/packages/mathlib/.lake/build/lib/lean/Mathlib/RingTheory/Spectrum/Maximal/Localization.olean: OK
.lake/packages/mathlib/.lake/build/lib/lean/Mathlib/RingTheory/Spectrum/Maximal/Topology.olean: OK
.lake/packages/mathlib/.lake/build/lib/lean/Mathlib/RingTheory/Spectrum/Prime/Basic.olean: OK
.lake/packages/mathlib/.lake/build/lib/lean/Mathlib/RingTheory/Spectrum/Prime/Chevalley.olean: OK
.lake/packages/mathlib/.lake/build/lib/lean/Mathlib/RingTheory/Spectrum/Prime/ChevalleyComplexity.olean: OK
.lake/packages/mathlib/.lake/build/lib/lean/Mathlib/RingTheory/Spectrum/Prime/ConstructibleSet.olean: OK
.lake/packages/mathlib/.lake/build/lib/lean/Mathlib/RingTheory/Spectrum/Prime/Defs.olean: OK
.lake/packages/mathlib/.lake/build/lib/lean/Mathlib/RingTheory/Spectrum/Prime/FreeLocus.olean: OK
.lake/packages/mathlib/.lake/build/lib/lean/Mathlib/RingTheory/Spectrum/Prime/Homeomorph.olean: OK
.lake/packages/mathlib/.lake/build/lib/lean/Mathlib/RingTheory/Spectrum/Prime/IsOpenComapC.olean: OK
.lake/packages/mathlib/.lake/build/lib/lean/Mathlib/RingTheory/Spectrum/Prime/Jacobson.olean: OK
.lake/packages/mathlib/.lake/build/lib/lean/Mathlib/RingTheory/Spectrum/Prime/LTSeries.olean: OK
.lake/packages/mathlib/.lake/build/lib/lean/Mathlib/RingTheory/Spectrum/Prime/Module.olean: OK
.lake/packages/mathlib/.lake/build/lib/lean/Mathlib/RingTheory/Spectrum/Prime/Noetherian.olean: OK
.lake/packages/mathlib/.lake/build/lib/lean/Mathlib/RingTheory/Spectrum/Prime/Polynomial.olean: OK
.lake/packages/mathlib/.lake/build/lib/lean/Mathlib/RingTheory/Spectrum/Prime/RingHom.olean: OK
.lake/packages/mathlib/.lake/build/lib/lean/Mathlib/RingTheory/Spectrum/Prime/TensorProduct.olean: OK
.lake/packages/mathlib/.lake/build/lib/lean/Mathlib/RingTheory/Spectrum/Prime/Topology.olean: OK
.lake/packages/mathlib/.lake/build/lib/lean/Mathlib/RingTheory/Support.olean: OK
.lake/packages/mathlib/.lake/build/lib/lean/Mathlib/RingTheory/SurjectiveOnStalks.olean: OK
.lake/packages/mathlib/.lake/build/lib/lean/Mathlib/RingTheory/Teichmuller.olean: OK
.lake/packages/mathlib/.lake/build/lib/lean/Mathlib/RingTheory/TensorProduct/Basic.olean: OK
.lake/packages/mathlib/.lake/build/lib/lean/Mathlib/RingTheory/TensorProduct/DirectLimitFG.olean: OK
.lake/packages/mathlib/.lake/build/lib/lean/Mathlib/RingTheory/TensorProduct/Finite.olean: OK
.lake/packages/mathlib/.lake/build/lib/lean/Mathlib/RingTheory/TensorProduct/Free.olean: OK
.lake/packages/mathlib/.lake/build/lib/lean/Mathlib/RingTheory/TensorProduct/IncludeLeftSubRight.olean: OK
.lake/packages/mathlib/.lake/build/lib/lean/Mathlib/RingTheory/TensorProduct/IsBaseChangeFree.olean: OK
.lake/packages/mathlib/.lake/build/lib/lean/Mathlib/RingTheory/TensorProduct/IsBaseChangeHom.olean: OK
.lake/packages/mathlib/.lake/build/lib/lean/Mathlib/RingTheory/TensorProduct/IsBaseChangePi.olean: OK
.lake/packages/mathlib/.lake/build/lib/lean/Mathlib/RingTheory/TensorProduct/IsBaseChangeRightExact.olean: OK
.lake/packages/mathlib/.lake/build/lib/lean/Mathlib/RingTheory/TensorProduct/Maps.olean: OK
.lake/packages/mathlib/.lake/build/lib/lean/Mathlib/RingTheory/TensorProduct/MonoidAlgebra.olean: OK
.lake/packages/mathlib/.lake/build/lib/lean/Mathlib/RingTheory/TensorProduct/MvPolynomial.olean: OK
.lake/packages/mathlib/.lake/build/lib/lean/Mathlib/RingTheory/TensorProduct/Nontrivial.olean: OK
.lake/packages/mathlib/.lake/build/lib/lean/Mathlib/RingTheory/TensorProduct/Pi.olean: OK
.lake/packages/mathlib/.lake/build/lib/lean/Mathlib/RingTheory/TensorProduct/Quotient.olean: OK
.lake/packages/mathlib/.lake/build/lib/lean/Mathlib/RingTheory/TotallySplit.olean: OK
.lake/packages/mathlib/.lake/build/lib/lean/Mathlib/RingTheory/Trace/Basic.olean: OK
.lake/packages/mathlib/.lake/build/lib/lean/Mathlib/RingTheory/Trace/Defs.olean: OK
.lake/packages/mathlib/.lake/build/lib/lean/Mathlib/RingTheory/Trace/Quotient.olean: OK
.lake/packages/mathlib/.lake/build/lib/lean/Mathlib/RingTheory/TwoSidedIdeal/Basic.olean: OK
.lake/packages/mathlib/.lake/build/lib/lean/Mathlib/RingTheory/TwoSidedIdeal/BigOperators.olean: OK
.lake/packages/mathlib/.lake/build/lib/lean/Mathlib/RingTheory/TwoSidedIdeal/Instances.olean: OK
.lake/packages/mathlib/.lake/build/lib/lean/Mathlib/RingTheory/TwoSidedIdeal/Kernel.olean: OK
.lake/packages/mathlib/.lake/build/lib/lean/Mathlib/RingTheory/TwoSidedIdeal/Lattice.olean: OK
.lake/packages/mathlib/.lake/build/lib/lean/Mathlib/RingTheory/TwoSidedIdeal/Operations.olean: OK
.lake/packages/mathlib/.lake/build/lib/lean/Mathlib/RingTheory/UniqueFactorizationDomain/Basic.olean: OK
.lake/packages/mathlib/.lake/build/lib/lean/Mathlib/RingTheory/UniqueFactorizationDomain/ClassGroup.olean: OK
.lake/packages/mathlib/.lake/build/lib/lean/Mathlib/RingTheory/UniqueFactorizationDomain/Defs.olean: OK
.lake/packages/mathlib/.lake/build/lib/lean/Mathlib/RingTheory/UniqueFactorizationDomain/FactorSet.olean: OK
.lake/packages/mathlib/.lake/build/lib/lean/Mathlib/RingTheory/UniqueFactorizationDomain/Finite.olean: OK
.lake/packages/mathlib/.lake/build/lib/lean/Mathlib/RingTheory/UniqueFactorizationDomain/Finsupp.olean: OK
.lake/packages/mathlib/.lake/build/lib/lean/Mathlib/RingTheory/UniqueFactorizationDomain/GCDMonoid.olean: OK
.lake/packages/mathlib/.lake/build/lib/lean/Mathlib/RingTheory/UniqueFactorizationDomain/Ideal.olean: OK
.lake/packages/mathlib/.lake/build/lib/lean/Mathlib/RingTheory/UniqueFactorizationDomain/Kaplansky.olean: OK
.lake/packages/mathlib/.lake/build/lib/lean/Mathlib/RingTheory/UniqueFactorizationDomain/Moebius.olean: OK
.lake/packages/mathlib/.lake/build/lib/lean/Mathlib/RingTheory/UniqueFactorizationDomain/Multiplicative.olean: OK
.lake/packages/mathlib/.lake/build/lib/lean/Mathlib/RingTheory/UniqueFactorizationDomain/Multiplicity.olean: OK
.lake/packages/mathlib/.lake/build/lib/lean/Mathlib/RingTheory/UniqueFactorizationDomain/Nat.olean: OK
.lake/packages/mathlib/.lake/build/lib/lean/Mathlib/RingTheory/UniqueFactorizationDomain/NormalizedFactors.olean: OK
.lake/packages/mathlib/.lake/build/lib/lean/Mathlib/RingTheory/Unramified/Basic.olean: OK
.lake/packages/mathlib/.lake/build/lib/lean/Mathlib/RingTheory/Unramified/Dedekind.olean: OK
.lake/packages/mathlib/.lake/build/lib/lean/Mathlib/RingTheory/Unramified/Field.olean: OK
.lake/packages/mathlib/.lake/build/lib/lean/Mathlib/RingTheory/Unramified/Finite.olean: OK
.lake/packages/mathlib/.lake/build/lib/lean/Mathlib/RingTheory/Unramified/LocalRing.olean: OK
.lake/packages/mathlib/.lake/build/lib/lean/Mathlib/RingTheory/Unramified/LocalStructure.olean: OK
.lake/packages/mathlib/.lake/build/lib/lean/Mathlib/RingTheory/Unramified/Locus.olean: OK
.lake/packages/mathlib/.lake/build/lib/lean/Mathlib/RingTheory/Unramified/Pi.olean: OK
.lake/packages/mathlib/.lake/build/lib/lean/Mathlib/RingTheory/Valuation/AlgebraInstances.olean: OK
.lake/packages/mathlib/.lake/build/lib/lean/Mathlib/RingTheory/Valuation/Archimedean.olean: OK
.lake/packages/mathlib/.lake/build/lib/lean/Mathlib/RingTheory/Valuation/Basic.olean: OK
.lake/packages/mathlib/.lake/build/lib/lean/Mathlib/RingTheory/Valuation/Discrete/Basic.olean: OK
.lake/packages/mathlib/.lake/build/lib/lean/Mathlib/RingTheory/Valuation/Discrete/RankOne.olean: OK
.lake/packages/mathlib/.lake/build/lib/lean/Mathlib/RingTheory/Valuation/DiscreteValuativeRel.olean: OK
.lake/packages/mathlib/.lake/build/lib/lean/Mathlib/RingTheory/Valuation/ExtendToLocalization.olean: OK
.lake/packages/mathlib/.lake/build/lib/lean/Mathlib/RingTheory/Valuation/Extension.olean: OK
.lake/packages/mathlib/.lake/build/lib/lean/Mathlib/RingTheory/Valuation/FiniteField.olean: OK
.lake/packages/mathlib/.lake/build/lib/lean/Mathlib/RingTheory/Valuation/Integers.olean: OK
.lake/packages/mathlib/.lake/build/lib/lean/Mathlib/RingTheory/Valuation/Integral.olean: OK
.lake/packages/mathlib/.lake/build/lib/lean/Mathlib/RingTheory/Valuation/IsTrivialOn.olean: OK
.lake/packages/mathlib/.lake/build/lib/lean/Mathlib/RingTheory/Valuation/LocalSubring.olean: OK
.lake/packages/mathlib/.lake/build/lib/lean/Mathlib/RingTheory/Valuation/Minpoly.olean: OK
.lake/packages/mathlib/.lake/build/lib/lean/Mathlib/RingTheory/Valuation/PrimeMultiplicity.olean: OK
.lake/packages/mathlib/.lake/build/lib/lean/Mathlib/RingTheory/Valuation/Quotient.olean: OK
.lake/packages/mathlib/.lake/build/lib/lean/Mathlib/RingTheory/Valuation/RamificationGroup.olean: OK
.lake/packages/mathlib/.lake/build/lib/lean/Mathlib/RingTheory/Valuation/RankOne.olean: OK
.lake/packages/mathlib/.lake/build/lib/lean/Mathlib/RingTheory/Valuation/ValuationRing.olean: OK
.lake/packages/mathlib/.lake/build/lib/lean/Mathlib/RingTheory/Valuation/ValuationSubring.olean: OK
.lake/packages/mathlib/.lake/build/lib/lean/Mathlib/RingTheory/Valuation/ValuativeRel/Basic.olean: OK
.lake/packages/mathlib/.lake/build/lib/lean/Mathlib/RingTheory/Valuation/ValuativeRel/Trivial.olean: OK
.lake/packages/mathlib/.lake/build/lib/lean/Mathlib/RingTheory/WittVector/Basic.olean: OK
.lake/packages/mathlib/.lake/build/lib/lean/Mathlib/RingTheory/WittVector/Compare.olean: OK
.lake/packages/mathlib/.lake/build/lib/lean/Mathlib/RingTheory/WittVector/Complete.olean: OK
.lake/packages/mathlib/.lake/build/lib/lean/Mathlib/RingTheory/WittVector/Defs.olean: OK
.lake/packages/mathlib/.lake/build/lib/lean/Mathlib/RingTheory/WittVector/DiscreteValuationRing.olean: OK
.lake/packages/mathlib/.lake/build/lib/lean/Mathlib/RingTheory/WittVector/Domain.olean: OK
.lake/packages/mathlib/.lake/build/lib/lean/Mathlib/RingTheory/WittVector/Frobenius.olean: OK
.lake/packages/mathlib/.lake/build/lib/lean/Mathlib/RingTheory/WittVector/FrobeniusFractionField.olean: OK
.lake/packages/mathlib/.lake/build/lib/lean/Mathlib/RingTheory/WittVector/Identities.olean: OK
.lake/packages/mathlib/.lake/build/lib/lean/Mathlib/RingTheory/WittVector/InitTail.olean: OK
.lake/packages/mathlib/.lake/build/lib/lean/Mathlib/RingTheory/WittVector/IsPoly.olean: OK
.lake/packages/mathlib/.lake/build/lib/lean/Mathlib/RingTheory/WittVector/Isocrystal.olean: OK
.lake/packages/mathlib/.lake/build/lib/lean/Mathlib/RingTheory/WittVector/MulCoeff.olean: OK
.lake/packages/mathlib/.lake/build/lib/lean/Mathlib/RingTheory/WittVector/MulP.olean: OK
.lake/packages/mathlib/.lake/build/lib/lean/Mathlib/RingTheory/WittVector/StructurePolynomial.olean: OK
.lake/packages/mathlib/.lake/build/lib/lean/Mathlib/RingTheory/WittVector/Teichmuller.olean: OK
.lake/packages/mathlib/.lake/build/lib/lean/Mathlib/RingTheory/WittVector/TeichmullerSeries.olean: OK
.lake/packages/mathlib/.lake/build/lib/lean/Mathlib/RingTheory/WittVector/Truncated.olean: OK
.lake/packages/mathlib/.lake/build/lib/lean/Mathlib/RingTheory/WittVector/Verschiebung.olean: OK
.lake/packages/mathlib/.lake/build/lib/lean/Mathlib/RingTheory/WittVector/WittPolynomial.olean: OK
.lake/packages/mathlib/.lake/build/lib/lean/Mathlib/RingTheory/ZMod.olean: OK
.lake/packages/mathlib/.lake/build/lib/lean/Mathlib/RingTheory/ZMod/Torsion.olean: OK
.lake/packages/mathlib/.lake/build/lib/lean/Mathlib/RingTheory/ZMod/UnitsCyclic.olean: OK
.lake/packages/mathlib/.lake/build/lib/lean/Mathlib/RingTheory/ZariskisMainTheorem.olean: OK
.lake/packages/mathlib/.lake/build/lib/lean/Mathlib/SetTheory/Cardinal/Aleph.olean: OK
.lake/packages/mathlib/.lake/build/lib/lean/Mathlib/SetTheory/Cardinal/Arithmetic.olean: OK
.lake/packages/mathlib/.lake/build/lib/lean/Mathlib/SetTheory/Cardinal/Basic.olean: OK
.lake/packages/mathlib/.lake/build/lib/lean/Mathlib/SetTheory/Cardinal/Cofinality/Basic.olean: OK
.lake/packages/mathlib/.lake/build/lib/lean/Mathlib/SetTheory/Cardinal/Cofinality/Club.olean: OK
.lake/packages/mathlib/.lake/build/lib/lean/Mathlib/SetTheory/Cardinal/Cofinality/Enum.olean: OK
.lake/packages/mathlib/.lake/build/lib/lean/Mathlib/SetTheory/Cardinal/Cofinality/Ordinal.olean: OK
.lake/packages/mathlib/.lake/build/lib/lean/Mathlib/SetTheory/Cardinal/Continuum.olean: OK
.lake/packages/mathlib/.lake/build/lib/lean/Mathlib/SetTheory/Cardinal/CountableCover.olean: OK
.lake/packages/mathlib/.lake/build/lib/lean/Mathlib/SetTheory/Cardinal/Defs.olean: OK
.lake/packages/mathlib/.lake/build/lib/lean/Mathlib/SetTheory/Cardinal/Divisibility.olean: OK
.lake/packages/mathlib/.lake/build/lib/lean/Mathlib/SetTheory/Cardinal/ENat.olean: OK
.lake/packages/mathlib/.lake/build/lib/lean/Mathlib/SetTheory/Cardinal/Embedding.olean: OK
.lake/packages/mathlib/.lake/build/lib/lean/Mathlib/SetTheory/Cardinal/Finite.olean: OK
.lake/packages/mathlib/.lake/build/lib/lean/Mathlib/SetTheory/Cardinal/Finsupp.olean: OK
.lake/packages/mathlib/.lake/build/lib/lean/Mathlib/SetTheory/Cardinal/Free.olean: OK
.lake/packages/mathlib/.lake/build/lib/lean/Mathlib/SetTheory/Cardinal/HasCardinalLT.olean: OK
.lake/packages/mathlib/.lake/build/lib/lean/Mathlib/SetTheory/Cardinal/NatCount.olean: OK
.lake/packages/mathlib/.lake/build/lib/lean/Mathlib/SetTheory/Cardinal/Order.olean: OK
.lake/packages/mathlib/.lake/build/lib/lean/Mathlib/SetTheory/Cardinal/Ordinal.olean: OK
.lake/packages/mathlib/.lake/build/lib/lean/Mathlib/SetTheory/Cardinal/Pigeonhole.olean: OK
.lake/packages/mathlib/.lake/build/lib/lean/Mathlib/SetTheory/Cardinal/Regular.olean: OK
.lake/packages/mathlib/.lake/build/lib/lean/Mathlib/SetTheory/Cardinal/SchroederBernstein.olean: OK
.lake/packages/mathlib/.lake/build/lib/lean/Mathlib/SetTheory/Cardinal/Subfield.olean: OK
.lake/packages/mathlib/.lake/build/lib/lean/Mathlib/SetTheory/Cardinal/ToNat.olean: OK
.lake/packages/mathlib/.lake/build/lib/lean/Mathlib/SetTheory/Cardinal/UnivLE.olean: OK
.lake/packages/mathlib/.lake/build/lib/lean/Mathlib/SetTheory/Descriptive/Tree.olean: OK
.lake/packages/mathlib/.lake/build/lib/lean/Mathlib/SetTheory/Lists.olean: OK
.lake/packages/mathlib/.lake/build/lib/lean/Mathlib/SetTheory/Ordinal/Arithmetic.olean: OK
.lake/packages/mathlib/.lake/build/lib/lean/Mathlib/SetTheory/Ordinal/Basic.olean: OK
.lake/packages/mathlib/.lake/build/lib/lean/Mathlib/SetTheory/Ordinal/CantorNormalForm.olean: OK
.lake/packages/mathlib/.lake/build/lib/lean/Mathlib/SetTheory/Ordinal/Commute.olean: OK
.lake/packages/mathlib/.lake/build/lib/lean/Mathlib/SetTheory/Ordinal/Enum.olean: OK
.lake/packages/mathlib/.lake/build/lib/lean/Mathlib/SetTheory/Ordinal/Exponential.olean: OK
.lake/packages/mathlib/.lake/build/lib/lean/Mathlib/SetTheory/Ordinal/Family.olean: OK
.lake/packages/mathlib/.lake/build/lib/lean/Mathlib/SetTheory/Ordinal/FixedPoint.olean: OK
.lake/packages/mathlib/.lake/build/lib/lean/Mathlib/SetTheory/Ordinal/FixedPointApproximants.olean: OK
.lake/packages/mathlib/.lake/build/lib/lean/Mathlib/SetTheory/Ordinal/FundamentalSequence.olean: OK
.lake/packages/mathlib/.lake/build/lib/lean/Mathlib/SetTheory/Ordinal/Notation.olean: OK
.lake/packages/mathlib/.lake/build/lib/lean/Mathlib/SetTheory/Ordinal/Principal.olean: OK
.lake/packages/mathlib/.lake/build/lib/lean/Mathlib/SetTheory/Ordinal/Rank.olean: OK
.lake/packages/mathlib/.lake/build/lib/lean/Mathlib/SetTheory/Ordinal/Topology.olean: OK
.lake/packages/mathlib/.lake/build/lib/lean/Mathlib/SetTheory/Ordinal/Univ.olean: OK
.lake/packages/mathlib/.lake/build/lib/lean/Mathlib/SetTheory/Ordinal/Veblen.olean: OK
.lake/packages/mathlib/.lake/build/lib/lean/Mathlib/SetTheory/ZFC/Basic.olean: OK
.lake/packages/mathlib/.lake/build/lib/lean/Mathlib/SetTheory/ZFC/Cardinal.olean: OK
.lake/packages/mathlib/.lake/build/lib/lean/Mathlib/SetTheory/ZFC/Class.olean: OK
.lake/packages/mathlib/.lake/build/lib/lean/Mathlib/SetTheory/ZFC/Ordinal.olean: OK
.lake/packages/mathlib/.lake/build/lib/lean/Mathlib/SetTheory/ZFC/PSet.olean: OK
.lake/packages/mathlib/.lake/build/lib/lean/Mathlib/SetTheory/ZFC/Rank.olean: OK
.lake/packages/mathlib/.lake/build/lib/lean/Mathlib/SetTheory/ZFC/VonNeumann.olean: OK
.lake/packages/mathlib/.lake/build/lib/lean/Mathlib/Tactic.olean: OK
.lake/packages/mathlib/.lake/build/lib/lean/Mathlib/Tactic/Abel.olean: OK
.lake/packages/mathlib/.lake/build/lib/lean/Mathlib/Tactic/AdaptationNote.olean: OK
.lake/packages/mathlib/.lake/build/lib/lean/Mathlib/Tactic/Algebra/Basic.olean: OK
.lake/packages/mathlib/.lake/build/lib/lean/Mathlib/Tactic/Algebra/Lemmas.olean: OK
.lake/packages/mathlib/.lake/build/lib/lean/Mathlib/Tactic/Algebraize.olean: OK
.lake/packages/mathlib/.lake/build/lib/lean/Mathlib/Tactic/ApplyAt.olean: OK
.lake/packages/mathlib/.lake/build/lib/lean/Mathlib/Tactic/ApplyCongr.olean: OK
.lake/packages/mathlib/.lake/build/lib/lean/Mathlib/Tactic/ApplyFun.olean: OK
.lake/packages/mathlib/.lake/build/lib/lean/Mathlib/Tactic/ApplyWith.olean: OK
.lake/packages/mathlib/.lake/build/lib/lean/Mathlib/Tactic/ArithMult.olean: OK
.lake/packages/mathlib/.lake/build/lib/lean/Mathlib/Tactic/ArithMult/Init.olean: OK
.lake/packages/mathlib/.lake/build/lib/lean/Mathlib/Tactic/Attr/Core.olean: OK
.lake/packages/mathlib/.lake/build/lib/lean/Mathlib/Tactic/Attr/Register.olean: OK
.lake/packages/mathlib/.lake/build/lib/lean/Mathlib/Tactic/Basic.olean: OK
.lake/packages/mathlib/.lake/build/lib/lean/Mathlib/Tactic/Bound.olean: OK
.lake/packages/mathlib/.lake/build/lib/lean/Mathlib/Tactic/Bound/Attribute.olean: OK
.lake/packages/mathlib/.lake/build/lib/lean/Mathlib/Tactic/Bound/Init.olean: OK
.lake/packages/mathlib/.lake/build/lib/lean/Mathlib/Tactic/ByCases.olean: OK
.lake/packages/mathlib/.lake/build/lib/lean/Mathlib/Tactic/ByContra.olean: OK
.lake/packages/mathlib/.lake/build/lib/lean/Mathlib/Tactic/CancelDenoms.olean: OK
.lake/packages/mathlib/.lake/build/lib/lean/Mathlib/Tactic/CancelDenoms/Core.olean: OK
.lake/packages/mathlib/.lake/build/lib/lean/Mathlib/Tactic/Cases.olean: OK
.lake/packages/mathlib/.lake/build/lib/lean/Mathlib/Tactic/CasesM.olean: OK
.lake/packages/mathlib/.lake/build/lib/lean/Mathlib/Tactic/CategoryTheory/BicategoricalComp.olean: OK
.lake/packages/mathlib/.lake/build/lib/lean/Mathlib/Tactic/CategoryTheory/Bicategory/Basic.olean: OK
.lake/packages/mathlib/.lake/build/lib/lean/Mathlib/Tactic/CategoryTheory/Bicategory/Datatypes.olean: OK
.lake/packages/mathlib/.lake/build/lib/lean/Mathlib/Tactic/CategoryTheory/Bicategory/Normalize.olean: OK
.lake/packages/mathlib/.lake/build/lib/lean/Mathlib/Tactic/CategoryTheory/Bicategory/PureCoherence.olean: OK
.lake/packages/mathlib/.lake/build/lib/lean/Mathlib/Tactic/CategoryTheory/BicategoryCoherence.olean: OK
.lake/packages/mathlib/.lake/build/lib/lean/Mathlib/Tactic/CategoryTheory/CancelIso.olean: OK
.lake/packages/mathlib/.lake/build/lib/lean/Mathlib/Tactic/CategoryTheory/CategoryStar.olean: OK
.lake/packages/mathlib/.lake/build/lib/lean/Mathlib/Tactic/CategoryTheory/CheckCompositions.olean: OK
.lake/packages/mathlib/.lake/build/lib/lean/Mathlib/Tactic/CategoryTheory/Coherence.olean: OK
.lake/packages/mathlib/.lake/build/lib/lean/Mathlib/Tactic/CategoryTheory/Coherence/Basic.olean: OK
.lake/packages/mathlib/.lake/build/lib/lean/Mathlib/Tactic/CategoryTheory/Coherence/Datatypes.olean: OK
.lake/packages/mathlib/.lake/build/lib/lean/Mathlib/Tactic/CategoryTheory/Coherence/Normalize.olean: OK
.lake/packages/mathlib/.lake/build/lib/lean/Mathlib/Tactic/CategoryTheory/Coherence/PureCoherence.olean: OK
.lake/packages/mathlib/.lake/build/lib/lean/Mathlib/Tactic/CategoryTheory/Elementwise.olean: OK
.lake/packages/mathlib/.lake/build/lib/lean/Mathlib/Tactic/CategoryTheory/IsoReassoc.olean: OK
.lake/packages/mathlib/.lake/build/lib/lean/Mathlib/Tactic/CategoryTheory/Monoidal/Basic.olean: OK
.lake/packages/mathlib/.lake/build/lib/lean/Mathlib/Tactic/CategoryTheory/Monoidal/Datatypes.olean: OK
.lake/packages/mathlib/.lake/build/lib/lean/Mathlib/Tactic/CategoryTheory/Monoidal/Normalize.olean: OK
.lake/packages/mathlib/.lake/build/lib/lean/Mathlib/Tactic/CategoryTheory/Monoidal/PureCoherence.olean: OK
.lake/packages/mathlib/.lake/build/lib/lean/Mathlib/Tactic/CategoryTheory/MonoidalComp.olean: OK
.lake/packages/mathlib/.lake/build/lib/lean/Mathlib/Tactic/CategoryTheory/Reassoc.olean: OK
.lake/packages/mathlib/.lake/build/lib/lean/Mathlib/Tactic/CategoryTheory/Slice.olean: OK
.lake/packages/mathlib/.lake/build/lib/lean/Mathlib/Tactic/CategoryTheory/ToApp.olean: OK
.lake/packages/mathlib/.lake/build/lib/lean/Mathlib/Tactic/Change.olean: OK
.lake/packages/mathlib/.lake/build/lib/lean/Mathlib/Tactic/Check.olean: OK
.lake/packages/mathlib/.lake/build/lib/lean/Mathlib/Tactic/Choose.olean: OK
.lake/packages/mathlib/.lake/build/lib/lean/Mathlib/Tactic/Clean.olean: OK
.lake/packages/mathlib/.lake/build/lib/lean/Mathlib/Tactic/ClearExcept.olean: OK
.lake/packages/mathlib/.lake/build/lib/lean/Mathlib/Tactic/ClearExclamation.olean: OK
.lake/packages/mathlib/.lake/build/lib/lean/Mathlib/Tactic/Clear_.olean: OK
.lake/packages/mathlib/.lake/build/lib/lean/Mathlib/Tactic/Coe.olean: OK
.lake/packages/mathlib/.lake/build/lib/lean/Mathlib/Tactic/Common.olean: OK
.lake/packages/mathlib/.lake/build/lib/lean/Mathlib/Tactic/ComputeAsymptotics/Lemmas.olean: OK
.lake/packages/mathlib/.lake/build/lib/lean/Mathlib/Tactic/ComputeAsymptotics/Multiseries/Basis.olean: OK
.lake/packages/mathlib/.lake/build/lib/lean/Mathlib/Tactic/ComputeAsymptotics/Multiseries/Corecursion.olean: OK
.lake/packages/mathlib/.lake/build/lib/lean/Mathlib/Tactic/ComputeAsymptotics/Multiseries/Defs.olean: OK
.lake/packages/mathlib/.lake/build/lib/lean/Mathlib/Tactic/ComputeAsymptotics/Multiseries/Majorized.olean: OK
.lake/packages/mathlib/.lake/build/lib/lean/Mathlib/Tactic/ComputeAsymptotics/Multiseries/Monomial/Basic.olean: OK
.lake/packages/mathlib/.lake/build/lib/lean/Mathlib/Tactic/ComputeAsymptotics/Multiseries/Monomial/Predicates.olean: OK
.lake/packages/mathlib/.lake/build/lib/lean/Mathlib/Tactic/ComputeDegree.olean: OK
.lake/packages/mathlib/.lake/build/lib/lean/Mathlib/Tactic/CongrExclamation.olean: OK
.lake/packages/mathlib/.lake/build/lib/lean/Mathlib/Tactic/CongrM.olean: OK
.lake/packages/mathlib/.lake/build/lib/lean/Mathlib/Tactic/Constructor.olean: OK
.lake/packages/mathlib/.lake/build/lib/lean/Mathlib/Tactic/Continuity.olean: OK
.lake/packages/mathlib/.lake/build/lib/lean/Mathlib/Tactic/Continuity/Init.olean: OK
.lake/packages/mathlib/.lake/build/lib/lean/Mathlib/Tactic/ContinuousFunctionalCalculus.olean: OK
.lake/packages/mathlib/.lake/build/lib/lean/Mathlib/Tactic/Contrapose.olean: OK
.lake/packages/mathlib/.lake/build/lib/lean/Mathlib/Tactic/Conv.olean: OK
.lake/packages/mathlib/.lake/build/lib/lean/Mathlib/Tactic/Convert.olean: OK
.lake/packages/mathlib/.lake/build/lib/lean/Mathlib/Tactic/Core.olean: OK
.lake/packages/mathlib/.lake/build/lib/lean/Mathlib/Tactic/CrossRefAttribute.olean: OK
.lake/packages/mathlib/.lake/build/lib/lean/Mathlib/Tactic/DSimpPercent.olean: OK
.lake/packages/mathlib/.lake/build/lib/lean/Mathlib/Tactic/DeclarationNames.olean: OK
.lake/packages/mathlib/.lake/build/lib/lean/Mathlib/Tactic/DefEqAbuse.olean: OK
.lake/packages/mathlib/.lake/build/lib/lean/Mathlib/Tactic/DefEqTransformations.olean: OK
.lake/packages/mathlib/.lake/build/lib/lean/Mathlib/Tactic/DepRewrite.olean: OK
.lake/packages/mathlib/.lake/build/lib/lean/Mathlib/Tactic/DeprecateTo.olean: OK
.lake/packages/mathlib/.lake/build/lib/lean/Mathlib/Tactic/DeriveCountable.olean: OK
.lake/packages/mathlib/.lake/build/lib/lean/Mathlib/Tactic/DeriveEncodable.olean: OK
.lake/packages/mathlib/.lake/build/lib/lean/Mathlib/Tactic/DeriveFintype.olean: OK
.lake/packages/mathlib/.lake/build/lib/lean/Mathlib/Tactic/DeriveTraversable.olean: OK
.lake/packages/mathlib/.lake/build/lib/lean/Mathlib/Tactic/ENatToNat.olean: OK
.lake/packages/mathlib/.lake/build/lib/lean/Mathlib/Tactic/Eqns.olean: OK
.lake/packages/mathlib/.lake/build/lib/lean/Mathlib/Tactic/ErwQuestion.olean: OK
.lake/packages/mathlib/.lake/build/lib/lean/Mathlib/Tactic/Eval.olean: OK
.lake/packages/mathlib/.lake/build/lib/lean/Mathlib/Tactic/ExistsI.olean: OK
.lake/packages/mathlib/.lake/build/lib/lean/Mathlib/Tactic/Explode.olean: OK
.lake/packages/mathlib/.lake/build/lib/lean/Mathlib/Tactic/Explode/Datatypes.olean: OK
.lake/packages/mathlib/.lake/build/lib/lean/Mathlib/Tactic/Explode/Pretty.olean: OK
.lake/packages/mathlib/.lake/build/lib/lean/Mathlib/Tactic/Ext.olean: OK
.lake/packages/mathlib/.lake/build/lib/lean/Mathlib/Tactic/ExtendDoc.olean: OK
.lake/packages/mathlib/.lake/build/lib/lean/Mathlib/Tactic/ExtractGoal.olean: OK
.lake/packages/mathlib/.lake/build/lib/lean/Mathlib/Tactic/FBinop.olean: OK
.lake/packages/mathlib/.lake/build/lib/lean/Mathlib/Tactic/FailIfNoProgress.olean: OK
.lake/packages/mathlib/.lake/build/lib/lean/Mathlib/Tactic/FastInstance.olean: OK
.lake/packages/mathlib/.lake/build/lib/lean/Mathlib/Tactic/Field.olean: OK
.lake/packages/mathlib/.lake/build/lib/lean/Mathlib/Tactic/FieldSimp.olean: OK
.lake/packages/mathlib/.lake/build/lib/lean/Mathlib/Tactic/FieldSimp/Attr.olean: OK
.lake/packages/mathlib/.lake/build/lib/lean/Mathlib/Tactic/FieldSimp/Discharger.olean: OK
.lake/packages/mathlib/.lake/build/lib/lean/Mathlib/Tactic/FieldSimp/Lemmas.olean: OK
.lake/packages/mathlib/.lake/build/lib/lean/Mathlib/Tactic/FinCases.olean: OK
.lake/packages/mathlib/.lake/build/lib/lean/Mathlib/Tactic/Find.olean: OK
.lake/packages/mathlib/.lake/build/lib/lean/Mathlib/Tactic/FindSyntax.olean: OK
.lake/packages/mathlib/.lake/build/lib/lean/Mathlib/Tactic/Finiteness.olean: OK
.lake/packages/mathlib/.lake/build/lib/lean/Mathlib/Tactic/Finiteness/Attr.olean: OK
.lake/packages/mathlib/.lake/build/lib/lean/Mathlib/Tactic/FunProp.olean: OK
.lake/packages/mathlib/.lake/build/lib/lean/Mathlib/Tactic/FunProp/Attr.olean: OK
.lake/packages/mathlib/.lake/build/lib/lean/Mathlib/Tactic/FunProp/Core.olean: OK
.lake/packages/mathlib/.lake/build/lib/lean/Mathlib/Tactic/FunProp/Decl.olean: OK
.lake/packages/mathlib/.lake/build/lib/lean/Mathlib/Tactic/FunProp/Elab.olean: OK
.lake/packages/mathlib/.lake/build/lib/lean/Mathlib/Tactic/FunProp/FunctionData.olean: OK
.lake/packages/mathlib/.lake/build/lib/lean/Mathlib/Tactic/FunProp/Mor.olean: OK
.lake/packages/mathlib/.lake/build/lib/lean/Mathlib/Tactic/FunProp/Theorems.olean: OK
.lake/packages/mathlib/.lake/build/lib/lean/Mathlib/Tactic/FunProp/ToBatteries.olean: OK
.lake/packages/mathlib/.lake/build/lib/lean/Mathlib/Tactic/FunProp/Types.olean: OK
.lake/packages/mathlib/.lake/build/lib/lean/Mathlib/Tactic/GCongr.olean: OK
.lake/packages/mathlib/.lake/build/lib/lean/Mathlib/Tactic/GCongr/Core.olean: OK
.lake/packages/mathlib/.lake/build/lib/lean/Mathlib/Tactic/GCongr/CoreAttrs.olean: OK
.lake/packages/mathlib/.lake/build/lib/lean/Mathlib/Tactic/GCongr/ForwardAttr.olean: OK
.lake/packages/mathlib/.lake/build/lib/lean/Mathlib/Tactic/GRewrite.olean: OK
.lake/packages/mathlib/.lake/build/lib/lean/Mathlib/Tactic/GRewrite/Core.olean: OK
.lake/packages/mathlib/.lake/build/lib/lean/Mathlib/Tactic/GRewrite/Elab.olean: OK
.lake/packages/mathlib/.lake/build/lib/lean/Mathlib/Tactic/Generalize.olean: OK
.lake/packages/mathlib/.lake/build/lib/lean/Mathlib/Tactic/GeneralizeProofs.olean: OK
.lake/packages/mathlib/.lake/build/lib/lean/Mathlib/Tactic/Group.olean: OK
.lake/packages/mathlib/.lake/build/lib/lean/Mathlib/Tactic/GuardGoalNums.olean: OK
.lake/packages/mathlib/.lake/build/lib/lean/Mathlib/Tactic/GuardHypNums.olean: OK
.lake/packages/mathlib/.lake/build/lib/lean/Mathlib/Tactic/Have.olean: OK
.lake/packages/mathlib/.lake/build/lib/lean/Mathlib/Tactic/HaveI.olean: OK
.lake/packages/mathlib/.lake/build/lib/lean/Mathlib/Tactic/HigherOrder.olean: OK
.lake/packages/mathlib/.lake/build/lib/lean/Mathlib/Tactic/Hint.olean: OK
.lake/packages/mathlib/.lake/build/lib/lean/Mathlib/Tactic/ITauto.olean: OK
.lake/packages/mathlib/.lake/build/lib/lean/Mathlib/Tactic/InferParam.olean: OK
.lake/packages/mathlib/.lake/build/lib/lean/Mathlib/Tactic/Inhabit.olean: OK
.lake/packages/mathlib/.lake/build/lib/lean/Mathlib/Tactic/IntervalCases.olean: OK
.lake/packages/mathlib/.lake/build/lib/lean/Mathlib/Tactic/IrreducibleDef.olean: OK
.lake/packages/mathlib/.lake/build/lib/lean/Mathlib/Tactic/Lemma.olean: OK
.lake/packages/mathlib/.lake/build/lib/lean/Mathlib/Tactic/Lift.olean: OK
.lake/packages/mathlib/.lake/build/lib/lean/Mathlib/Tactic/Linarith.olean: OK
.lake/packages/mathlib/.lake/build/lib/lean/Mathlib/Tactic/Linarith/Datatypes.olean: OK
.lake/packages/mathlib/.lake/build/lib/lean/Mathlib/Tactic/Linarith/Frontend.olean: OK
.lake/packages/mathlib/.lake/build/lib/lean/Mathlib/Tactic/Linarith/Lemmas.olean: OK
.lake/packages/mathlib/.lake/build/lib/lean/Mathlib/Tactic/Linarith/NNRealPreprocessor.olean: OK
.lake/packages/mathlib/.lake/build/lib/lean/Mathlib/Tactic/Linarith/Oracle/FourierMotzkin.olean: OK
.lake/packages/mathlib/.lake/build/lib/lean/Mathlib/Tactic/Linarith/Oracle/SimplexAlgorithm.olean: OK
.lake/packages/mathlib/.lake/build/lib/lean/Mathlib/Tactic/Linarith/Oracle/SimplexAlgorithm/Datatypes.olean: OK
.lake/packages/mathlib/.lake/build/lib/lean/Mathlib/Tactic/Linarith/Oracle/SimplexAlgorithm/Gauss.olean: OK
.lake/packages/mathlib/.lake/build/lib/lean/Mathlib/Tactic/Linarith/Oracle/SimplexAlgorithm/PositiveVector.olean: OK
.lake/packages/mathlib/.lake/build/lib/lean/Mathlib/Tactic/Linarith/Oracle/SimplexAlgorithm/SimplexAlgorithm.olean: OK
.lake/packages/mathlib/.lake/build/lib/lean/Mathlib/Tactic/Linarith/Parsing.olean: OK
.lake/packages/mathlib/.lake/build/lib/lean/Mathlib/Tactic/Linarith/Preprocessing.olean: OK
.lake/packages/mathlib/.lake/build/lib/lean/Mathlib/Tactic/Linarith/Verification.olean: OK
.lake/packages/mathlib/.lake/build/lib/lean/Mathlib/Tactic/LinearCombination.olean: OK
.lake/packages/mathlib/.lake/build/lib/lean/Mathlib/Tactic/LinearCombination/Lemmas.olean: OK
.lake/packages/mathlib/.lake/build/lib/lean/Mathlib/Tactic/LinearCombinationPrime.olean: OK
.lake/packages/mathlib/.lake/build/lib/lean/Mathlib/Tactic/Linter.olean: OK
.lake/packages/mathlib/.lake/build/lib/lean/Mathlib/Tactic/Linter/CommandRanges.olean: OK
.lake/packages/mathlib/.lake/build/lib/lean/Mathlib/Tactic/Linter/CommandStart.olean: OK
.lake/packages/mathlib/.lake/build/lib/lean/Mathlib/Tactic/Linter/DeprecatedModule.olean: OK
.lake/packages/mathlib/.lake/build/lib/lean/Mathlib/Tactic/Linter/DeprecatedSyntaxLinter.olean: OK
.lake/packages/mathlib/.lake/build/lib/lean/Mathlib/Tactic/Linter/DirectoryDependency.olean: OK
.lake/packages/mathlib/.lake/build/lib/lean/Mathlib/Tactic/Linter/DocPrime.olean: OK
.lake/packages/mathlib/.lake/build/lib/lean/Mathlib/Tactic/Linter/DocString.olean: OK
.lake/packages/mathlib/.lake/build/lib/lean/Mathlib/Tactic/Linter/EmptyLine.olean: OK
.lake/packages/mathlib/.lake/build/lib/lean/Mathlib/Tactic/Linter/FindDeprecations.olean: OK
.lake/packages/mathlib/.lake/build/lib/lean/Mathlib/Tactic/Linter/FlexibleLinter.olean: OK
.lake/packages/mathlib/.lake/build/lib/lean/Mathlib/Tactic/Linter/GlobalAttributeIn.olean: OK
.lake/packages/mathlib/.lake/build/lib/lean/Mathlib/Tactic/Linter/HashCommandLinter.olean: OK
.lake/packages/mathlib/.lake/build/lib/lean/Mathlib/Tactic/Linter/HaveLetLinter.olean: OK
.lake/packages/mathlib/.lake/build/lib/lean/Mathlib/Tactic/Linter/Header.olean: OK
.lake/packages/mathlib/.lake/build/lib/lean/Mathlib/Tactic/Linter/Lint.olean: OK
.lake/packages/mathlib/.lake/build/lib/lean/Mathlib/Tactic/Linter/MinImports.olean: OK
.lake/packages/mathlib/.lake/build/lib/lean/Mathlib/Tactic/Linter/Multigoal.olean: OK
.lake/packages/mathlib/.lake/build/lib/lean/Mathlib/Tactic/Linter/OldObtain.olean: OK
.lake/packages/mathlib/.lake/build/lib/lean/Mathlib/Tactic/Linter/OverlappingInstances.olean: OK
.lake/packages/mathlib/.lake/build/lib/lean/Mathlib/Tactic/Linter/PPRoundtrip.olean: OK
.lake/packages/mathlib/.lake/build/lib/lean/Mathlib/Tactic/Linter/PrivateModule.olean: OK
.lake/packages/mathlib/.lake/build/lib/lean/Mathlib/Tactic/Linter/Style.olean: OK
.lake/packages/mathlib/.lake/build/lib/lean/Mathlib/Tactic/Linter/TacticDocumentation.olean: OK
.lake/packages/mathlib/.lake/build/lib/lean/Mathlib/Tactic/Linter/TextBased.olean: OK
.lake/packages/mathlib/.lake/build/lib/lean/Mathlib/Tactic/Linter/TextBased/UnicodeLinter.olean: OK
.lake/packages/mathlib/.lake/build/lib/lean/Mathlib/Tactic/Linter/UnusedInstancesInType.olean: OK
.lake/packages/mathlib/.lake/build/lib/lean/Mathlib/Tactic/Linter/UnusedTactic.olean: OK
.lake/packages/mathlib/.lake/build/lib/lean/Mathlib/Tactic/Linter/UnusedTacticExtension.olean: OK
.lake/packages/mathlib/.lake/build/lib/lean/Mathlib/Tactic/Linter/UpstreamableDecl.olean: OK
.lake/packages/mathlib/.lake/build/lib/lean/Mathlib/Tactic/Linter/ValidatePRTitle.olean: OK
.lake/packages/mathlib/.lake/build/lib/lean/Mathlib/Tactic/Linter/Whitespace.olean: OK
.lake/packages/mathlib/.lake/build/lib/lean/Mathlib/Tactic/Measurability.olean: OK
.lake/packages/mathlib/.lake/build/lib/lean/Mathlib/Tactic/Measurability/Init.olean: OK
.lake/packages/mathlib/.lake/build/lib/lean/Mathlib/Tactic/MinImports.olean: OK
.lake/packages/mathlib/.lake/build/lib/lean/Mathlib/Tactic/MkIffOfInductiveProp.olean: OK
.lake/packages/mathlib/.lake/build/lib/lean/Mathlib/Tactic/ModCases.olean: OK
.lake/packages/mathlib/.lake/build/lib/lean/Mathlib/Tactic/Module.olean: OK
.lake/packages/mathlib/.lake/build/lib/lean/Mathlib/Tactic/Monotonicity.olean: OK
.lake/packages/mathlib/.lake/build/lib/lean/Mathlib/Tactic/Monotonicity/Attr.olean: OK
.lake/packages/mathlib/.lake/build/lib/lean/Mathlib/Tactic/Monotonicity/Basic.olean: OK
.lake/packages/mathlib/.lake/build/lib/lean/Mathlib/Tactic/Monotonicity/Lemmas.olean: OK
.lake/packages/mathlib/.lake/build/lib/lean/Mathlib/Tactic/MoveAdd.olean: OK
.lake/packages/mathlib/.lake/build/lib/lean/Mathlib/Tactic/NoncommRing.olean: OK
.lake/packages/mathlib/.lake/build/lib/lean/Mathlib/Tactic/Nontriviality.olean: OK
.lake/packages/mathlib/.lake/build/lib/lean/Mathlib/Tactic/Nontriviality/Core.olean: OK
.lake/packages/mathlib/.lake/build/lib/lean/Mathlib/Tactic/NormNum.olean: OK
.lake/packages/mathlib/.lake/build/lib/lean/Mathlib/Tactic/NormNum/Abs.olean: OK
.lake/packages/mathlib/.lake/build/lib/lean/Mathlib/Tactic/NormNum/Basic.olean: OK
.lake/packages/mathlib/.lake/build/lib/lean/Mathlib/Tactic/NormNum/BigOperators.olean: OK
.lake/packages/mathlib/.lake/build/lib/lean/Mathlib/Tactic/NormNum/Core.olean: OK
.lake/packages/mathlib/.lake/build/lib/lean/Mathlib/Tactic/NormNum/DivMod.olean: OK
.lake/packages/mathlib/.lake/build/lib/lean/Mathlib/Tactic/NormNum/Eq.olean: OK
.lake/packages/mathlib/.lake/build/lib/lean/Mathlib/Tactic/NormNum/GCD.olean: OK
.lake/packages/mathlib/.lake/build/lib/lean/Mathlib/Tactic/NormNum/Ineq.olean: OK
.lake/packages/mathlib/.lake/build/lib/lean/Mathlib/Tactic/NormNum/Inv.olean: OK
.lake/packages/mathlib/.lake/build/lib/lean/Mathlib/Tactic/NormNum/Irrational.olean: OK
.lake/packages/mathlib/.lake/build/lib/lean/Mathlib/Tactic/NormNum/IsCoprime.olean: OK
.lake/packages/mathlib/.lake/build/lib/lean/Mathlib/Tactic/NormNum/IsSquare.olean: OK
.lake/packages/mathlib/.lake/build/lib/lean/Mathlib/Tactic/NormNum/LegendreSymbol.olean: OK
.lake/packages/mathlib/.lake/build/lib/lean/Mathlib/Tactic/NormNum/ModEq.olean: OK
.lake/packages/mathlib/.lake/build/lib/lean/Mathlib/Tactic/NormNum/NatFactorial.olean: OK
.lake/packages/mathlib/.lake/build/lib/lean/Mathlib/Tactic/NormNum/NatFib.olean: OK
.lake/packages/mathlib/.lake/build/lib/lean/Mathlib/Tactic/NormNum/NatLog.olean: OK
.lake/packages/mathlib/.lake/build/lib/lean/Mathlib/Tactic/NormNum/NatSqrt.olean: OK
.lake/packages/mathlib/.lake/build/lib/lean/Mathlib/Tactic/NormNum/OfScientific.olean: OK
.lake/packages/mathlib/.lake/build/lib/lean/Mathlib/Tactic/NormNum/Ordinal.olean: OK
.lake/packages/mathlib/.lake/build/lib/lean/Mathlib/Tactic/NormNum/Parity.olean: OK
.lake/packages/mathlib/.lake/build/lib/lean/Mathlib/Tactic/NormNum/Pow.olean: OK
.lake/packages/mathlib/.lake/build/lib/lean/Mathlib/Tactic/NormNum/PowMod.olean: OK
.lake/packages/mathlib/.lake/build/lib/lean/Mathlib/Tactic/NormNum/Prime.olean: OK
.lake/packages/mathlib/.lake/build/lib/lean/Mathlib/Tactic/NormNum/RealSqrt.olean: OK
.lake/packages/mathlib/.lake/build/lib/lean/Mathlib/Tactic/NormNum/Result.olean: OK
.lake/packages/mathlib/.lake/build/lib/lean/Mathlib/Tactic/NthRewrite.olean: OK
.lake/packages/mathlib/.lake/build/lib/lean/Mathlib/Tactic/Observe.olean: OK
.lake/packages/mathlib/.lake/build/lib/lean/Mathlib/Tactic/OfNat.olean: OK
.lake/packages/mathlib/.lake/build/lib/lean/Mathlib/Tactic/Order.olean: OK
.lake/packages/mathlib/.lake/build/lib/lean/Mathlib/Tactic/Order/CollectFacts.olean: OK
.lake/packages/mathlib/.lake/build/lib/lean/Mathlib/Tactic/Order/Graph/Basic.olean: OK
.lake/packages/mathlib/.lake/build/lib/lean/Mathlib/Tactic/Order/Graph/Tarjan.olean: OK
.lake/packages/mathlib/.lake/build/lib/lean/Mathlib/Tactic/Order/Preprocessing.olean: OK
.lake/packages/mathlib/.lake/build/lib/lean/Mathlib/Tactic/Order/ToInt.olean: OK
.lake/packages/mathlib/.lake/build/lib/lean/Mathlib/Tactic/PNatToNat.olean: OK
.lake/packages/mathlib/.lake/build/lib/lean/Mathlib/Tactic/PPWithUniv.olean: OK
.lake/packages/mathlib/.lake/build/lib/lean/Mathlib/Tactic/Peel.olean: OK
.lake/packages/mathlib/.lake/build/lib/lean/Mathlib/Tactic/Polyrith.olean: OK
.lake/packages/mathlib/.lake/build/lib/lean/Mathlib/Tactic/Positivity.olean: OK
.lake/packages/mathlib/.lake/build/lib/lean/Mathlib/Tactic/Positivity/Basic.olean: OK
.lake/packages/mathlib/.lake/build/lib/lean/Mathlib/Tactic/Positivity/Core.olean: OK
.lake/packages/mathlib/.lake/build/lib/lean/Mathlib/Tactic/Positivity/Finset.olean: OK
.lake/packages/mathlib/.lake/build/lib/lean/Mathlib/Tactic/ProdAssoc.olean: OK
.lake/packages/mathlib/.lake/build/lib/lean/Mathlib/Tactic/Propose.olean: OK
.lake/packages/mathlib/.lake/build/lib/lean/Mathlib/Tactic/ProxyType.olean: OK
.lake/packages/mathlib/.lake/build/lib/lean/Mathlib/Tactic/Push.olean: OK
.lake/packages/mathlib/.lake/build/lib/lean/Mathlib/Tactic/Push/Attr.olean: OK
.lake/packages/mathlib/.lake/build/lib/lean/Mathlib/Tactic/Qify.olean: OK
.lake/packages/mathlib/.lake/build/lib/lean/Mathlib/Tactic/RSuffices.olean: OK
.lake/packages/mathlib/.lake/build/lib/lean/Mathlib/Tactic/Recall.olean: OK
.lake/packages/mathlib/.lake/build/lib/lean/Mathlib/Tactic/Recover.olean: OK
.lake/packages/mathlib/.lake/build/lib/lean/Mathlib/Tactic/ReduceModChar.olean: OK
.lake/packages/mathlib/.lake/build/lib/lean/Mathlib/Tactic/ReduceModChar/Ext.olean: OK
.lake/packages/mathlib/.lake/build/lib/lean/Mathlib/Tactic/Relation/Rfl.olean: OK
.lake/packages/mathlib/.lake/build/lib/lean/Mathlib/Tactic/Relation/Symm.olean: OK
.lake/packages/mathlib/.lake/build/lib/lean/Mathlib/Tactic/Rename.olean: OK
.lake/packages/mathlib/.lake/build/lib/lean/Mathlib/Tactic/RenameBVar.olean: OK
.lake/packages/mathlib/.lake/build/lib/lean/Mathlib/Tactic/Replace.olean: OK
.lake/packages/mathlib/.lake/build/lib/lean/Mathlib/Tactic/RewriteSearch.olean: OK
.lake/packages/mathlib/.lake/build/lib/lean/Mathlib/Tactic/Rify.olean: OK
.lake/packages/mathlib/.lake/build/lib/lean/Mathlib/Tactic/Ring.olean: OK
.lake/packages/mathlib/.lake/build/lib/lean/Mathlib/Tactic/Ring/Basic.olean: OK
.lake/packages/mathlib/.lake/build/lib/lean/Mathlib/Tactic/Ring/Common.olean: OK
.lake/packages/mathlib/.lake/build/lib/lean/Mathlib/Tactic/Ring/Compare.olean: OK
.lake/packages/mathlib/.lake/build/lib/lean/Mathlib/Tactic/Ring/NamePolyVars.olean: OK
.lake/packages/mathlib/.lake/build/lib/lean/Mathlib/Tactic/Ring/NamePowerVars.olean: OK
.lake/packages/mathlib/.lake/build/lib/lean/Mathlib/Tactic/Ring/PNat.olean: OK
.lake/packages/mathlib/.lake/build/lib/lean/Mathlib/Tactic/Ring/RingNF.olean: OK
.lake/packages/mathlib/.lake/build/lib/lean/Mathlib/Tactic/Sat/FromLRAT.olean: OK
.lake/packages/mathlib/.lake/build/lib/lean/Mathlib/Tactic/Says.olean: OK
.lake/packages/mathlib/.lake/build/lib/lean/Mathlib/Tactic/ScopedNS.olean: OK
.lake/packages/mathlib/.lake/build/lib/lean/Mathlib/Tactic/Set.olean: OK
.lake/packages/mathlib/.lake/build/lib/lean/Mathlib/Tactic/SetLike.olean: OK
.lake/packages/mathlib/.lake/build/lib/lean/Mathlib/Tactic/SetNotationForOrder.olean: OK
.lake/packages/mathlib/.lake/build/lib/lean/Mathlib/Tactic/SimpIntro.olean: OK
.lake/packages/mathlib/.lake/build/lib/lean/Mathlib/Tactic/SimpRw.olean: OK
.lake/packages/mathlib/.lake/build/lib/lean/Mathlib/Tactic/Simproc/Divisors.olean: OK
.lake/packages/mathlib/.lake/build/lib/lean/Mathlib/Tactic/Simproc/ExistsAndEq.olean: OK
.lake/packages/mathlib/.lake/build/lib/lean/Mathlib/Tactic/Simproc/Factors.olean: OK
.lake/packages/mathlib/.lake/build/lib/lean/Mathlib/Tactic/Simproc/FinsetInterval.olean: OK
.lake/packages/mathlib/.lake/build/lib/lean/Mathlib/Tactic/Simproc/VecPerm.olean: OK
.lake/packages/mathlib/.lake/build/lib/lean/Mathlib/Tactic/Simps/Basic.olean: OK
.lake/packages/mathlib/.lake/build/lib/lean/Mathlib/Tactic/Simps/NotationClass.olean: OK
.lake/packages/mathlib/.lake/build/lib/lean/Mathlib/Tactic/SplitIfs.olean: OK
.lake/packages/mathlib/.lake/build/lib/lean/Mathlib/Tactic/Spread.olean: OK
.lake/packages/mathlib/.lake/build/lib/lean/Mathlib/Tactic/Subsingleton.olean: OK
.lake/packages/mathlib/.lake/build/lib/lean/Mathlib/Tactic/Substs.olean: OK
.lake/packages/mathlib/.lake/build/lib/lean/Mathlib/Tactic/SuccessIfFailWithMsg.olean: OK
.lake/packages/mathlib/.lake/build/lib/lean/Mathlib/Tactic/SudoSetOption.olean: OK
.lake/packages/mathlib/.lake/build/lib/lean/Mathlib/Tactic/SuppressCompilation.olean: OK
.lake/packages/mathlib/.lake/build/lib/lean/Mathlib/Tactic/SwapVar.olean: OK
.lake/packages/mathlib/.lake/build/lib/lean/Mathlib/Tactic/TFAE.olean: OK
.lake/packages/mathlib/.lake/build/lib/lean/Mathlib/Tactic/TacticAnalysis.olean: OK
.lake/packages/mathlib/.lake/build/lib/lean/Mathlib/Tactic/TacticAnalysis/Declarations.olean: OK
.lake/packages/mathlib/.lake/build/lib/lean/Mathlib/Tactic/Tauto.olean: OK
.lake/packages/mathlib/.lake/build/lib/lean/Mathlib/Tactic/TautoSet.olean: OK
.lake/packages/mathlib/.lake/build/lib/lean/Mathlib/Tactic/TermCongr.olean: OK
.lake/packages/mathlib/.lake/build/lib/lean/Mathlib/Tactic/ToAdditive.olean: OK
.lake/packages/mathlib/.lake/build/lib/lean/Mathlib/Tactic/ToDual.olean: OK
.lake/packages/mathlib/.lake/build/lib/lean/Mathlib/Tactic/ToExpr.olean: OK
.lake/packages/mathlib/.lake/build/lib/lean/Mathlib/Tactic/ToFun.olean: OK
.lake/packages/mathlib/.lake/build/lib/lean/Mathlib/Tactic/ToLevel.olean: OK
.lake/packages/mathlib/.lake/build/lib/lean/Mathlib/Tactic/Trace.olean: OK
.lake/packages/mathlib/.lake/build/lib/lean/Mathlib/Tactic/Translate/Attributes.olean: OK
.lake/packages/mathlib/.lake/build/lib/lean/Mathlib/Tactic/Translate/Core.olean: OK
.lake/packages/mathlib/.lake/build/lib/lean/Mathlib/Tactic/Translate/GuessName.olean: OK
.lake/packages/mathlib/.lake/build/lib/lean/Mathlib/Tactic/Translate/Reorder.olean: OK
.lake/packages/mathlib/.lake/build/lib/lean/Mathlib/Tactic/Translate/TagUnfoldBoundary.olean: OK
.lake/packages/mathlib/.lake/build/lib/lean/Mathlib/Tactic/Translate/ToAdditive.olean: OK
.lake/packages/mathlib/.lake/build/lib/lean/Mathlib/Tactic/Translate/ToDual.olean: OK
.lake/packages/mathlib/.lake/build/lib/lean/Mathlib/Tactic/Translate/UnfoldBoundary.olean: OK
.lake/packages/mathlib/.lake/build/lib/lean/Mathlib/Tactic/TryThis.olean: OK
.lake/packages/mathlib/.lake/build/lib/lean/Mathlib/Tactic/TypeCheck.olean: OK
.lake/packages/mathlib/.lake/build/lib/lean/Mathlib/Tactic/TypeStar.olean: OK
.lake/packages/mathlib/.lake/build/lib/lean/Mathlib/Tactic/UnsetOption.olean: OK
.lake/packages/mathlib/.lake/build/lib/lean/Mathlib/Tactic/Use.olean: OK
.lake/packages/mathlib/.lake/build/lib/lean/Mathlib/Tactic/Variable.olean: OK
.lake/packages/mathlib/.lake/build/lib/lean/Mathlib/Tactic/WLOG.olean: OK
.lake/packages/mathlib/.lake/build/lib/lean/Mathlib/Tactic/Widget/Calc.olean: OK
.lake/packages/mathlib/.lake/build/lib/lean/Mathlib/Tactic/Widget/CommDiag.olean: OK
.lake/packages/mathlib/.lake/build/lib/lean/Mathlib/Tactic/Widget/CongrM.olean: OK
.lake/packages/mathlib/.lake/build/lib/lean/Mathlib/Tactic/Widget/Conv.olean: OK
.lake/packages/mathlib/.lake/build/lib/lean/Mathlib/Tactic/Widget/GCongr.olean: OK
.lake/packages/mathlib/.lake/build/lib/lean/Mathlib/Tactic/Widget/InteractiveUnfold.olean: OK
.lake/packages/mathlib/.lake/build/lib/lean/Mathlib/Tactic/Widget/LibraryRewrite.olean: OK
.lake/packages/mathlib/.lake/build/lib/lean/Mathlib/Tactic/Widget/SelectInsertParamsClass.olean: OK
.lake/packages/mathlib/.lake/build/lib/lean/Mathlib/Tactic/Widget/SelectPanelUtils.olean: OK
.lake/packages/mathlib/.lake/build/lib/lean/Mathlib/Tactic/Widget/StringDiagram.olean: OK
.lake/packages/mathlib/.lake/build/lib/lean/Mathlib/Tactic/WithoutCDot.olean: OK
.lake/packages/mathlib/.lake/build/lib/lean/Mathlib/Tactic/Zify.olean: OK
.lake/packages/mathlib/.lake/build/lib/lean/Mathlib/Testing/Plausible/Functions.olean: OK
.lake/packages/mathlib/.lake/build/lib/lean/Mathlib/Testing/Plausible/Sampleable.olean: OK
.lake/packages/mathlib/.lake/build/lib/lean/Mathlib/Testing/Plausible/Testable.olean: OK
.lake/packages/mathlib/.lake/build/lib/lean/Mathlib/Topology/AlexandrovDiscrete.olean: OK
.lake/packages/mathlib/.lake/build/lib/lean/Mathlib/Topology/Algebra/Affine.olean: OK
.lake/packages/mathlib/.lake/build/lib/lean/Mathlib/Topology/Algebra/AffineSubspace.olean: OK
.lake/packages/mathlib/.lake/build/lib/lean/Mathlib/Topology/Algebra/Algebra.olean: OK
.lake/packages/mathlib/.lake/build/lib/lean/Mathlib/Topology/Algebra/Algebra/Equiv.olean: OK
.lake/packages/mathlib/.lake/build/lib/lean/Mathlib/Topology/Algebra/Algebra/Rat.olean: OK
.lake/packages/mathlib/.lake/build/lib/lean/Mathlib/Topology/Algebra/AsymptoticCone.olean: OK
.lake/packages/mathlib/.lake/build/lib/lean/Mathlib/Topology/Algebra/Category/ProfiniteGrp/Basic.olean: OK
.lake/packages/mathlib/.lake/build/lib/lean/Mathlib/Topology/Algebra/Category/ProfiniteGrp/Completion.olean: OK
.lake/packages/mathlib/.lake/build/lib/lean/Mathlib/Topology/Algebra/Category/ProfiniteGrp/Limits.olean: OK
.lake/packages/mathlib/.lake/build/lib/lean/Mathlib/Topology/Algebra/ClopenNhdofOne.olean: OK
.lake/packages/mathlib/.lake/build/lib/lean/Mathlib/Topology/Algebra/ConstMulAction.olean: OK
.lake/packages/mathlib/.lake/build/lib/lean/Mathlib/Topology/Algebra/Constructions.olean: OK
.lake/packages/mathlib/.lake/build/lib/lean/Mathlib/Topology/Algebra/Constructions/DomMulAct.olean: OK
.lake/packages/mathlib/.lake/build/lib/lean/Mathlib/Topology/Algebra/ContinuousAffineEquiv.olean: OK
.lake/packages/mathlib/.lake/build/lib/lean/Mathlib/Topology/Algebra/ContinuousAffineMap.olean: OK
.lake/packages/mathlib/.lake/build/lib/lean/Mathlib/Topology/Algebra/ContinuousMonoidHom.olean: OK
.lake/packages/mathlib/.lake/build/lib/lean/Mathlib/Topology/Algebra/Equicontinuity.olean: OK
.lake/packages/mathlib/.lake/build/lib/lean/Mathlib/Topology/Algebra/Field.olean: OK
.lake/packages/mathlib/.lake/build/lib/lean/Mathlib/Topology/Algebra/FilterBasis.olean: OK
.lake/packages/mathlib/.lake/build/lib/lean/Mathlib/Topology/Algebra/Group/AddTorsor.olean: OK
.lake/packages/mathlib/.lake/build/lib/lean/Mathlib/Topology/Algebra/Group/Basic.olean: OK
.lake/packages/mathlib/.lake/build/lib/lean/Mathlib/Topology/Algebra/Group/ClosedSubgroup.olean: OK
.lake/packages/mathlib/.lake/build/lib/lean/Mathlib/Topology/Algebra/Group/Compact.olean: OK
.lake/packages/mathlib/.lake/build/lib/lean/Mathlib/Topology/Algebra/Group/CompactOpen.olean: OK
.lake/packages/mathlib/.lake/build/lib/lean/Mathlib/Topology/Algebra/Group/Defs.olean: OK
.lake/packages/mathlib/.lake/build/lib/lean/Mathlib/Topology/Algebra/Group/DiscontinuousSubgroup.olean: OK
.lake/packages/mathlib/.lake/build/lib/lean/Mathlib/Topology/Algebra/Group/Extension.olean: OK
.lake/packages/mathlib/.lake/build/lib/lean/Mathlib/Topology/Algebra/Group/GroupTopology.olean: OK
.lake/packages/mathlib/.lake/build/lib/lean/Mathlib/Topology/Algebra/Group/Matrix.olean: OK
.lake/packages/mathlib/.lake/build/lib/lean/Mathlib/Topology/Algebra/Group/OpenMapping.olean: OK
.lake/packages/mathlib/.lake/build/lib/lean/Mathlib/Topology/Algebra/Group/Pointwise.olean: OK
.lake/packages/mathlib/.lake/build/lib/lean/Mathlib/Topology/Algebra/Group/Quotient.olean: OK
.lake/packages/mathlib/.lake/build/lib/lean/Mathlib/Topology/Algebra/Group/SubmonoidClosure.olean: OK
.lake/packages/mathlib/.lake/build/lib/lean/Mathlib/Topology/Algebra/Group/TopologicalAbelianization.olean: OK
.lake/packages/mathlib/.lake/build/lib/lean/Mathlib/Topology/Algebra/Group/Units.olean: OK
.lake/packages/mathlib/.lake/build/lib/lean/Mathlib/Topology/Algebra/GroupCompletion.olean: OK
.lake/packages/mathlib/.lake/build/lib/lean/Mathlib/Topology/Algebra/GroupWithZero.olean: OK
.lake/packages/mathlib/.lake/build/lib/lean/Mathlib/Topology/Algebra/Indicator.olean: OK
.lake/packages/mathlib/.lake/build/lib/lean/Mathlib/Topology/Algebra/InfiniteSum/Basic.olean: OK
.lake/packages/mathlib/.lake/build/lib/lean/Mathlib/Topology/Algebra/InfiniteSum/ConditionalInt.olean: OK
.lake/packages/mathlib/.lake/build/lib/lean/Mathlib/Topology/Algebra/InfiniteSum/Constructions.olean: OK
.lake/packages/mathlib/.lake/build/lib/lean/Mathlib/Topology/Algebra/InfiniteSum/Defs.olean: OK
.lake/packages/mathlib/.lake/build/lib/lean/Mathlib/Topology/Algebra/InfiniteSum/DiscreteConvolution.olean: OK
.lake/packages/mathlib/.lake/build/lib/lean/Mathlib/Topology/Algebra/InfiniteSum/ENNReal.olean: OK
.lake/packages/mathlib/.lake/build/lib/lean/Mathlib/Topology/Algebra/InfiniteSum/Field.olean: OK
.lake/packages/mathlib/.lake/build/lib/lean/Mathlib/Topology/Algebra/InfiniteSum/Group.olean: OK
.lake/packages/mathlib/.lake/build/lib/lean/Mathlib/Topology/Algebra/InfiniteSum/GroupCompletion.olean: OK
.lake/packages/mathlib/.lake/build/lib/lean/Mathlib/Topology/Algebra/InfiniteSum/Module.olean: OK
.lake/packages/mathlib/.lake/build/lib/lean/Mathlib/Topology/Algebra/InfiniteSum/NatInt.olean: OK
.lake/packages/mathlib/.lake/build/lib/lean/Mathlib/Topology/Algebra/InfiniteSum/Nonarchimedean.olean: OK
.lake/packages/mathlib/.lake/build/lib/lean/Mathlib/Topology/Algebra/InfiniteSum/Order.olean: OK
.lake/packages/mathlib/.lake/build/lib/lean/Mathlib/Topology/Algebra/InfiniteSum/Real.olean: OK
.lake/packages/mathlib/.lake/build/lib/lean/Mathlib/Topology/Algebra/InfiniteSum/Ring.olean: OK
.lake/packages/mathlib/.lake/build/lib/lean/Mathlib/Topology/Algebra/InfiniteSum/SummationFilter.olean: OK
.lake/packages/mathlib/.lake/build/lib/lean/Mathlib/Topology/Algebra/InfiniteSum/TsumUniformlyOn.olean: OK
.lake/packages/mathlib/.lake/build/lib/lean/Mathlib/Topology/Algebra/InfiniteSum/UniformOn.olean: OK
.lake/packages/mathlib/.lake/build/lib/lean/Mathlib/Topology/Algebra/IntermediateField.olean: OK
.lake/packages/mathlib/.lake/build/lib/lean/Mathlib/Topology/Algebra/IsOpenUnits.olean: OK
.lake/packages/mathlib/.lake/build/lib/lean/Mathlib/Topology/Algebra/IsUniformGroup/Basic.olean: OK
.lake/packages/mathlib/.lake/build/lib/lean/Mathlib/Topology/Algebra/IsUniformGroup/Constructions.olean: OK
.lake/packages/mathlib/.lake/build/lib/lean/Mathlib/Topology/Algebra/IsUniformGroup/Defs.olean: OK
.lake/packages/mathlib/.lake/build/lib/lean/Mathlib/Topology/Algebra/IsUniformGroup/DiscreteSubgroup.olean: OK
.lake/packages/mathlib/.lake/build/lib/lean/Mathlib/Topology/Algebra/IsUniformGroup/Order.olean: OK
.lake/packages/mathlib/.lake/build/lib/lean/Mathlib/Topology/Algebra/LinearMapCompletion.olean: OK
.lake/packages/mathlib/.lake/build/lib/lean/Mathlib/Topology/Algebra/LinearTopology.olean: OK
.lake/packages/mathlib/.lake/build/lib/lean/Mathlib/Topology/Algebra/Localization.olean: OK
.lake/packages/mathlib/.lake/build/lib/lean/Mathlib/Topology/Algebra/MetricSpace/Lipschitz.olean: OK
.lake/packages/mathlib/.lake/build/lib/lean/Mathlib/Topology/Algebra/Module/Alternating/Basic.olean: OK
.lake/packages/mathlib/.lake/build/lib/lean/Mathlib/Topology/Algebra/Module/Alternating/Topology.olean: OK
.lake/packages/mathlib/.lake/build/lib/lean/Mathlib/Topology/Algebra/Module/Basic.olean: OK
.lake/packages/mathlib/.lake/build/lib/lean/Mathlib/Topology/Algebra/Module/Cardinality.olean: OK
.lake/packages/mathlib/.lake/build/lib/lean/Mathlib/Topology/Algebra/Module/ClosedSubmodule.olean: OK
.lake/packages/mathlib/.lake/build/lib/lean/Mathlib/Topology/Algebra/Module/Compact.olean: OK
.lake/packages/mathlib/.lake/build/lib/lean/Mathlib/Topology/Algebra/Module/Complement.olean: OK
.lake/packages/mathlib/.lake/build/lib/lean/Mathlib/Topology/Algebra/Module/ContinuousLinearMap/Basic.olean: OK
.lake/packages/mathlib/.lake/build/lib/lean/Mathlib/Topology/Algebra/Module/ContinuousLinearMap/Idempotent.olean: OK
.lake/packages/mathlib/.lake/build/lib/lean/Mathlib/Topology/Algebra/Module/ContinuousLinearMap/PiProd.olean: OK
.lake/packages/mathlib/.lake/build/lib/lean/Mathlib/Topology/Algebra/Module/ContinuousLinearMap/Quotient.olean: OK
.lake/packages/mathlib/.lake/build/lib/lean/Mathlib/Topology/Algebra/Module/ContinuousLinearMap/Restrict.olean: OK
.lake/packages/mathlib/.lake/build/lib/lean/Mathlib/Topology/Algebra/Module/ContinuousLinearMap/RestrictScalars.olean: OK
.lake/packages/mathlib/.lake/build/lib/lean/Mathlib/Topology/Algebra/Module/Determinant.olean: OK
.lake/packages/mathlib/.lake/build/lib/lean/Mathlib/Topology/Algebra/Module/Equiv.olean: OK
.lake/packages/mathlib/.lake/build/lib/lean/Mathlib/Topology/Algebra/Module/FiniteDimension.olean: OK
.lake/packages/mathlib/.lake/build/lib/lean/Mathlib/Topology/Algebra/Module/FiniteDimensionBilinear.olean: OK
.lake/packages/mathlib/.lake/build/lib/lean/Mathlib/Topology/Algebra/Module/LinearMap.olean: OK
.lake/packages/mathlib/.lake/build/lib/lean/Mathlib/Topology/Algebra/Module/LinearMapPiProd.olean: OK
.lake/packages/mathlib/.lake/build/lib/lean/Mathlib/Topology/Algebra/Module/LinearPMap.olean: OK
.lake/packages/mathlib/.lake/build/lib/lean/Mathlib/Topology/Algebra/Module/LocallyConvex.olean: OK
.lake/packages/mathlib/.lake/build/lib/lean/Mathlib/Topology/Algebra/Module/ModuleTopology.olean: OK
.lake/packages/mathlib/.lake/build/lib/lean/Mathlib/Topology/Algebra/Module/Multilinear/Basic.olean: OK
.lake/packages/mathlib/.lake/build/lib/lean/Mathlib/Topology/Algebra/Module/Multilinear/Bounded.olean: OK
.lake/packages/mathlib/.lake/build/lib/lean/Mathlib/Topology/Algebra/Module/Multilinear/Topology.olean: OK
.lake/packages/mathlib/.lake/build/lib/lean/Mathlib/Topology/Algebra/Module/PerfectPairing.olean: OK
.lake/packages/mathlib/.lake/build/lib/lean/Mathlib/Topology/Algebra/Module/PerfectSpace.olean: OK
.lake/packages/mathlib/.lake/build/lib/lean/Mathlib/Topology/Algebra/Module/Simple.olean: OK
.lake/packages/mathlib/.lake/build/lib/lean/Mathlib/Topology/Algebra/Module/Spaces/CharacterSpace.olean: OK
.lake/packages/mathlib/.lake/build/lib/lean/Mathlib/Topology/Algebra/Module/Spaces/CompactConvergenceCLM.olean: OK
.lake/packages/mathlib/.lake/build/lib/lean/Mathlib/Topology/Algebra/Module/Spaces/ContinuousLinearMap.olean: OK
.lake/packages/mathlib/.lake/build/lib/lean/Mathlib/Topology/Algebra/Module/Spaces/PointwiseConvergenceCLM.olean: OK
.lake/packages/mathlib/.lake/build/lib/lean/Mathlib/Topology/Algebra/Module/Spaces/UniformConvergenceCLM.olean: OK
.lake/packages/mathlib/.lake/build/lib/lean/Mathlib/Topology/Algebra/Module/Spaces/WeakBilin.olean: OK
.lake/packages/mathlib/.lake/build/lib/lean/Mathlib/Topology/Algebra/Module/Spaces/WeakDual.olean: OK
.lake/packages/mathlib/.lake/build/lib/lean/Mathlib/Topology/Algebra/Module/Star.olean: OK
.lake/packages/mathlib/.lake/build/lib/lean/Mathlib/Topology/Algebra/Module/StrongTopology.olean: OK
.lake/packages/mathlib/.lake/build/lib/lean/Mathlib/Topology/Algebra/Module/TopDualPairing.olean: OK
.lake/packages/mathlib/.lake/build/lib/lean/Mathlib/Topology/Algebra/Module/TransferInstance.olean: OK
.lake/packages/mathlib/.lake/build/lib/lean/Mathlib/Topology/Algebra/Module/UniformConvergence.olean: OK
.lake/packages/mathlib/.lake/build/lib/lean/Mathlib/Topology/Algebra/Monoid.olean: OK
.lake/packages/mathlib/.lake/build/lib/lean/Mathlib/Topology/Algebra/Monoid/AddChar.olean: OK
.lake/packages/mathlib/.lake/build/lib/lean/Mathlib/Topology/Algebra/Monoid/Defs.olean: OK
.lake/packages/mathlib/.lake/build/lib/lean/Mathlib/Topology/Algebra/Monoid/FunOnFinite.olean: OK
.lake/packages/mathlib/.lake/build/lib/lean/Mathlib/Topology/Algebra/MulAction.olean: OK
.lake/packages/mathlib/.lake/build/lib/lean/Mathlib/Topology/Algebra/MvPolynomial.olean: OK
.lake/packages/mathlib/.lake/build/lib/lean/Mathlib/Topology/Algebra/NonUnitalAlgebra.olean: OK
.lake/packages/mathlib/.lake/build/lib/lean/Mathlib/Topology/Algebra/NonUnitalStarAlgebra.olean: OK
.lake/packages/mathlib/.lake/build/lib/lean/Mathlib/Topology/Algebra/Nonarchimedean/AdicTopology.olean: OK
.lake/packages/mathlib/.lake/build/lib/lean/Mathlib/Topology/Algebra/Nonarchimedean/Bases.olean: OK
.lake/packages/mathlib/.lake/build/lib/lean/Mathlib/Topology/Algebra/Nonarchimedean/Basic.olean: OK
.lake/packages/mathlib/.lake/build/lib/lean/Mathlib/Topology/Algebra/Nonarchimedean/Completion.olean: OK
.lake/packages/mathlib/.lake/build/lib/lean/Mathlib/Topology/Algebra/Nonarchimedean/TotallyDisconnected.olean: OK
.lake/packages/mathlib/.lake/build/lib/lean/Mathlib/Topology/Algebra/OpenSubgroup.olean: OK
.lake/packages/mathlib/.lake/build/lib/lean/Mathlib/Topology/Algebra/Order/Archimedean.olean: OK
.lake/packages/mathlib/.lake/build/lib/lean/Mathlib/Topology/Algebra/Order/ArchimedeanDiscrete.olean: OK
.lake/packages/mathlib/.lake/build/lib/lean/Mathlib/Topology/Algebra/Order/Field.olean: OK
.lake/packages/mathlib/.lake/build/lib/lean/Mathlib/Topology/Algebra/Order/Floor.olean: OK
.lake/packages/mathlib/.lake/build/lib/lean/Mathlib/Topology/Algebra/Order/Group.olean: OK
.lake/packages/mathlib/.lake/build/lib/lean/Mathlib/Topology/Algebra/Order/LiminfLimsup.olean: OK
.lake/packages/mathlib/.lake/build/lib/lean/Mathlib/Topology/Algebra/Order/Module.olean: OK
.lake/packages/mathlib/.lake/build/lib/lean/Mathlib/Topology/Algebra/Order/Support.olean: OK
.lake/packages/mathlib/.lake/build/lib/lean/Mathlib/Topology/Algebra/Order/UpperLower.olean: OK
.lake/packages/mathlib/.lake/build/lib/lean/Mathlib/Topology/Algebra/Polynomial.olean: OK
.lake/packages/mathlib/.lake/build/lib/lean/Mathlib/Topology/Algebra/PontryaginDual.olean: OK
.lake/packages/mathlib/.lake/build/lib/lean/Mathlib/Topology/Algebra/ProperAction/AddTorsor.olean: OK
.lake/packages/mathlib/.lake/build/lib/lean/Mathlib/Topology/Algebra/ProperAction/Basic.olean: OK
.lake/packages/mathlib/.lake/build/lib/lean/Mathlib/Topology/Algebra/ProperAction/CompactlyGenerated.olean: OK
.lake/packages/mathlib/.lake/build/lib/lean/Mathlib/Topology/Algebra/ProperAction/ProperlyDiscontinuous.olean: OK
.lake/packages/mathlib/.lake/build/lib/lean/Mathlib/Topology/Algebra/ProperConstSMul.olean: OK
.lake/packages/mathlib/.lake/build/lib/lean/Mathlib/Topology/Algebra/RestrictedProduct/Basic.olean: OK
.lake/packages/mathlib/.lake/build/lib/lean/Mathlib/Topology/Algebra/RestrictedProduct/TopologicalSpace.olean: OK
.lake/packages/mathlib/.lake/build/lib/lean/Mathlib/Topology/Algebra/RestrictedProduct/Units.olean: OK
.lake/packages/mathlib/.lake/build/lib/lean/Mathlib/Topology/Algebra/Ring/Basic.olean: OK
.lake/packages/mathlib/.lake/build/lib/lean/Mathlib/Topology/Algebra/Ring/Compact.olean: OK
.lake/packages/mathlib/.lake/build/lib/lean/Mathlib/Topology/Algebra/Ring/Ideal.olean: OK
.lake/packages/mathlib/.lake/build/lib/lean/Mathlib/Topology/Algebra/Ring/Real.olean: OK
.lake/packages/mathlib/.lake/build/lib/lean/Mathlib/Topology/Algebra/Semigroup.olean: OK
.lake/packages/mathlib/.lake/build/lib/lean/Mathlib/Topology/Algebra/SeparationQuotient/Basic.olean: OK
.lake/packages/mathlib/.lake/build/lib/lean/Mathlib/Topology/Algebra/SeparationQuotient/FiniteDimensional.olean: OK
.lake/packages/mathlib/.lake/build/lib/lean/Mathlib/Topology/Algebra/SeparationQuotient/Hom.olean: OK
.lake/packages/mathlib/.lake/build/lib/lean/Mathlib/Topology/Algebra/SeparationQuotient/Section.olean: OK
.lake/packages/mathlib/.lake/build/lib/lean/Mathlib/Topology/Algebra/Star.olean: OK
.lake/packages/mathlib/.lake/build/lib/lean/Mathlib/Topology/Algebra/Star/LinearMap.olean: OK
.lake/packages/mathlib/.lake/build/lib/lean/Mathlib/Topology/Algebra/Star/Real.olean: OK
.lake/packages/mathlib/.lake/build/lib/lean/Mathlib/Topology/Algebra/Star/Unitary.olean: OK
.lake/packages/mathlib/.lake/build/lib/lean/Mathlib/Topology/Algebra/StarSubalgebra.olean: OK
.lake/packages/mathlib/.lake/build/lib/lean/Mathlib/Topology/Algebra/Support.olean: OK
.lake/packages/mathlib/.lake/build/lib/lean/Mathlib/Topology/Algebra/TopologicallyNilpotent.olean: OK
.lake/packages/mathlib/.lake/build/lib/lean/Mathlib/Topology/Algebra/UniformConvergence.olean: OK
.lake/packages/mathlib/.lake/build/lib/lean/Mathlib/Topology/Algebra/UniformField.olean: OK
.lake/packages/mathlib/.lake/build/lib/lean/Mathlib/Topology/Algebra/UniformFilterBasis.olean: OK
.lake/packages/mathlib/.lake/build/lib/lean/Mathlib/Topology/Algebra/UniformMulAction.olean: OK
.lake/packages/mathlib/.lake/build/lib/lean/Mathlib/Topology/Algebra/UniformRing.olean: OK
.lake/packages/mathlib/.lake/build/lib/lean/Mathlib/Topology/Algebra/ValuativeRel/ValuativeTopology.olean: OK
.lake/packages/mathlib/.lake/build/lib/lean/Mathlib/Topology/Algebra/Valued/LocallyCompact.olean: OK
.lake/packages/mathlib/.lake/build/lib/lean/Mathlib/Topology/Algebra/Valued/NormedValued.olean: OK
.lake/packages/mathlib/.lake/build/lib/lean/Mathlib/Topology/Algebra/Valued/ValuationTopology.olean: OK
.lake/packages/mathlib/.lake/build/lib/lean/Mathlib/Topology/Algebra/Valued/ValuativeRel.olean: OK
.lake/packages/mathlib/.lake/build/lib/lean/Mathlib/Topology/Algebra/Valued/ValuedField.olean: OK
.lake/packages/mathlib/.lake/build/lib/lean/Mathlib/Topology/Algebra/Valued/WithVal.olean: OK
.lake/packages/mathlib/.lake/build/lib/lean/Mathlib/Topology/Algebra/Valued/WithZeroMulInt.olean: OK
.lake/packages/mathlib/.lake/build/lib/lean/Mathlib/Topology/Algebra/WithZeroTopology.olean: OK
.lake/packages/mathlib/.lake/build/lib/lean/Mathlib/Topology/ApproximateUnit.olean: OK
.lake/packages/mathlib/.lake/build/lib/lean/Mathlib/Topology/Baire/BaireMeasurable.olean: OK
.lake/packages/mathlib/.lake/build/lib/lean/Mathlib/Topology/Baire/CompleteMetrizable.olean: OK
.lake/packages/mathlib/.lake/build/lib/lean/Mathlib/Topology/Baire/Lemmas.olean: OK
.lake/packages/mathlib/.lake/build/lib/lean/Mathlib/Topology/Baire/LocallyCompactRegular.olean: OK
.lake/packages/mathlib/.lake/build/lib/lean/Mathlib/Topology/Bases.olean: OK
.lake/packages/mathlib/.lake/build/lib/lean/Mathlib/Topology/Basic.olean: OK
.lake/packages/mathlib/.lake/build/lib/lean/Mathlib/Topology/Bornology/Absorbs.olean: OK
.lake/packages/mathlib/.lake/build/lib/lean/Mathlib/Topology/Bornology/Basic.olean: OK
.lake/packages/mathlib/.lake/build/lib/lean/Mathlib/Topology/Bornology/BoundedOperation.olean: OK
.lake/packages/mathlib/.lake/build/lib/lean/Mathlib/Topology/Bornology/Constructions.olean: OK
.lake/packages/mathlib/.lake/build/lib/lean/Mathlib/Topology/Bornology/Hom.olean: OK
.lake/packages/mathlib/.lake/build/lib/lean/Mathlib/Topology/Bornology/Real.olean: OK
.lake/packages/mathlib/.lake/build/lib/lean/Mathlib/Topology/CWComplex/Abstract/Basic.olean: OK
.lake/packages/mathlib/.lake/build/lib/lean/Mathlib/Topology/CWComplex/Classical/Basic.olean: OK
.lake/packages/mathlib/.lake/build/lib/lean/Mathlib/Topology/CWComplex/Classical/Finite.olean: OK
.lake/packages/mathlib/.lake/build/lib/lean/Mathlib/Topology/CWComplex/Classical/Graph.olean: OK
.lake/packages/mathlib/.lake/build/lib/lean/Mathlib/Topology/CWComplex/Classical/Subcomplex.olean: OK
.lake/packages/mathlib/.lake/build/lib/lean/Mathlib/Topology/Category/Born.olean: OK
.lake/packages/mathlib/.lake/build/lib/lean/Mathlib/Topology/Category/CompHaus/Basic.olean: OK
.lake/packages/mathlib/.lake/build/lib/lean/Mathlib/Topology/Category/CompHaus/EffectiveEpi.olean: OK
.lake/packages/mathlib/.lake/build/lib/lean/Mathlib/Topology/Category/CompHaus/Frm.olean: OK
.lake/packages/mathlib/.lake/build/lib/lean/Mathlib/Topology/Category/CompHaus/Limits.olean: OK
.lake/packages/mathlib/.lake/build/lib/lean/Mathlib/Topology/Category/CompHaus/Projective.olean: OK
.lake/packages/mathlib/.lake/build/lib/lean/Mathlib/Topology/Category/CompHausLike/Basic.olean: OK
.lake/packages/mathlib/.lake/build/lib/lean/Mathlib/Topology/Category/CompHausLike/Cartesian.olean: OK
.lake/packages/mathlib/.lake/build/lib/lean/Mathlib/Topology/Category/CompHausLike/EffectiveEpi.olean: OK
.lake/packages/mathlib/.lake/build/lib/lean/Mathlib/Topology/Category/CompHausLike/Limits.olean: OK
.lake/packages/mathlib/.lake/build/lib/lean/Mathlib/Topology/Category/CompHausLike/SigmaComparison.olean: OK
.lake/packages/mathlib/.lake/build/lib/lean/Mathlib/Topology/Category/CompactlyGenerated.olean: OK
.lake/packages/mathlib/.lake/build/lib/lean/Mathlib/Topology/Category/Compactum.olean: OK
.lake/packages/mathlib/.lake/build/lib/lean/Mathlib/Topology/Category/DeltaGenerated.olean: OK
.lake/packages/mathlib/.lake/build/lib/lean/Mathlib/Topology/Category/FinTopCat.olean: OK
.lake/packages/mathlib/.lake/build/lib/lean/Mathlib/Topology/Category/LightProfinite/AsLimit.olean: OK
.lake/packages/mathlib/.lake/build/lib/lean/Mathlib/Topology/Category/LightProfinite/Basic.olean: OK
.lake/packages/mathlib/.lake/build/lib/lean/Mathlib/Topology/Category/LightProfinite/Cartesian.olean: OK
.lake/packages/mathlib/.lake/build/lib/lean/Mathlib/Topology/Category/LightProfinite/EffectiveEpi.olean: OK
.lake/packages/mathlib/.lake/build/lib/lean/Mathlib/Topology/Category/LightProfinite/Extend.olean: OK
.lake/packages/mathlib/.lake/build/lib/lean/Mathlib/Topology/Category/LightProfinite/Injective.olean: OK
.lake/packages/mathlib/.lake/build/lib/lean/Mathlib/Topology/Category/LightProfinite/Limits.olean: OK
.lake/packages/mathlib/.lake/build/lib/lean/Mathlib/Topology/Category/LightProfinite/Sequence.olean: OK
.lake/packages/mathlib/.lake/build/lib/lean/Mathlib/Topology/Category/Locale.olean: OK
.lake/packages/mathlib/.lake/build/lib/lean/Mathlib/Topology/Category/Profinite/AsLimit.olean: OK
.lake/packages/mathlib/.lake/build/lib/lean/Mathlib/Topology/Category/Profinite/Basic.olean: OK
.lake/packages/mathlib/.lake/build/lib/lean/Mathlib/Topology/Category/Profinite/CofilteredLimit.olean: OK
.lake/packages/mathlib/.lake/build/lib/lean/Mathlib/Topology/Category/Profinite/EffectiveEpi.olean: OK
.lake/packages/mathlib/.lake/build/lib/lean/Mathlib/Topology/Category/Profinite/Extend.olean: OK
.lake/packages/mathlib/.lake/build/lib/lean/Mathlib/Topology/Category/Profinite/Limits.olean: OK
.lake/packages/mathlib/.lake/build/lib/lean/Mathlib/Topology/Category/Profinite/Nobeling/Basic.olean: OK
.lake/packages/mathlib/.lake/build/lib/lean/Mathlib/Topology/Category/Profinite/Nobeling/Induction.olean: OK
.lake/packages/mathlib/.lake/build/lib/lean/Mathlib/Topology/Category/Profinite/Nobeling/Span.olean: OK
.lake/packages/mathlib/.lake/build/lib/lean/Mathlib/Topology/Category/Profinite/Nobeling/Successor.olean: OK
.lake/packages/mathlib/.lake/build/lib/lean/Mathlib/Topology/Category/Profinite/Nobeling/ZeroLimit.olean: OK
.lake/packages/mathlib/.lake/build/lib/lean/Mathlib/Topology/Category/Profinite/Product.olean: OK
.lake/packages/mathlib/.lake/build/lib/lean/Mathlib/Topology/Category/Profinite/Projective.olean: OK
.lake/packages/mathlib/.lake/build/lib/lean/Mathlib/Topology/Category/Sequential.olean: OK
.lake/packages/mathlib/.lake/build/lib/lean/Mathlib/Topology/Category/Stonean/Adjunctions.olean: OK
.lake/packages/mathlib/.lake/build/lib/lean/Mathlib/Topology/Category/Stonean/Basic.olean: OK
.lake/packages/mathlib/.lake/build/lib/lean/Mathlib/Topology/Category/Stonean/EffectiveEpi.olean: OK
.lake/packages/mathlib/.lake/build/lib/lean/Mathlib/Topology/Category/Stonean/Limits.olean: OK
.lake/packages/mathlib/.lake/build/lib/lean/Mathlib/Topology/Category/TopCat/Adjunctions.olean: OK
.lake/packages/mathlib/.lake/build/lib/lean/Mathlib/Topology/Category/TopCat/Basic.olean: OK
.lake/packages/mathlib/.lake/build/lib/lean/Mathlib/Topology/Category/TopCat/EffectiveEpi.olean: OK
.lake/packages/mathlib/.lake/build/lib/lean/Mathlib/Topology/Category/TopCat/EpiMono.olean: OK
.lake/packages/mathlib/.lake/build/lib/lean/Mathlib/Topology/Category/TopCat/GrothendieckTopology.olean: OK
.lake/packages/mathlib/.lake/build/lib/lean/Mathlib/Topology/Category/TopCat/Limits/Basic.olean: OK
.lake/packages/mathlib/.lake/build/lib/lean/Mathlib/Topology/Category/TopCat/Limits/Cofiltered.olean: OK
.lake/packages/mathlib/.lake/build/lib/lean/Mathlib/Topology/Category/TopCat/Limits/Konig.olean: OK
.lake/packages/mathlib/.lake/build/lib/lean/Mathlib/Topology/Category/TopCat/Limits/Products.olean: OK
.lake/packages/mathlib/.lake/build/lib/lean/Mathlib/Topology/Category/TopCat/Limits/Pullbacks.olean: OK
.lake/packages/mathlib/.lake/build/lib/lean/Mathlib/Topology/Category/TopCat/Monoidal.olean: OK
.lake/packages/mathlib/.lake/build/lib/lean/Mathlib/Topology/Category/TopCat/OpenNhds.olean: OK
.lake/packages/mathlib/.lake/build/lib/lean/Mathlib/Topology/Category/TopCat/Opens.olean: OK
.lake/packages/mathlib/.lake/build/lib/lean/Mathlib/Topology/Category/TopCat/Sphere.olean: OK
.lake/packages/mathlib/.lake/build/lib/lean/Mathlib/Topology/Category/TopCat/ULift.olean: OK
.lake/packages/mathlib/.lake/build/lib/lean/Mathlib/Topology/Category/TopCat/Yoneda.olean: OK
.lake/packages/mathlib/.lake/build/lib/lean/Mathlib/Topology/Category/TopCommRingCat.olean: OK
.lake/packages/mathlib/.lake/build/lib/lean/Mathlib/Topology/Category/TopPair.olean: OK
.lake/packages/mathlib/.lake/build/lib/lean/Mathlib/Topology/Category/UniformSpace.olean: OK
.lake/packages/mathlib/.lake/build/lib/lean/Mathlib/Topology/Clopen.olean: OK
.lake/packages/mathlib/.lake/build/lib/lean/Mathlib/Topology/ClopenBox.olean: OK
.lake/packages/mathlib/.lake/build/lib/lean/Mathlib/Topology/Closure.olean: OK
.lake/packages/mathlib/.lake/build/lib/lean/Mathlib/Topology/ClusterPt.olean: OK
.lake/packages/mathlib/.lake/build/lib/lean/Mathlib/Topology/Coherent.olean: OK
.lake/packages/mathlib/.lake/build/lib/lean/Mathlib/Topology/CompactOpen.olean: OK
.lake/packages/mathlib/.lake/build/lib/lean/Mathlib/Topology/Compactification/OnePoint/Basic.olean: OK
.lake/packages/mathlib/.lake/build/lib/lean/Mathlib/Topology/Compactification/OnePoint/ProjectiveLine.olean: OK
.lake/packages/mathlib/.lake/build/lib/lean/Mathlib/Topology/Compactification/OnePoint/Sphere.olean: OK
.lake/packages/mathlib/.lake/build/lib/lean/Mathlib/Topology/Compactification/StoneCech.olean: OK
.lake/packages/mathlib/.lake/build/lib/lean/Mathlib/Topology/Compactness/Bases.olean: OK
.lake/packages/mathlib/.lake/build/lib/lean/Mathlib/Topology/Compactness/Compact.olean: OK
.lake/packages/mathlib/.lake/build/lib/lean/Mathlib/Topology/Compactness/CompactSystem.olean: OK
.lake/packages/mathlib/.lake/build/lib/lean/Mathlib/Topology/Compactness/CompactlyCoherentSpace.olean: OK
.lake/packages/mathlib/.lake/build/lib/lean/Mathlib/Topology/Compactness/CompactlyGeneratedSpace.olean: OK
.lake/packages/mathlib/.lake/build/lib/lean/Mathlib/Topology/Compactness/CountablyCompact.olean: OK
.lake/packages/mathlib/.lake/build/lib/lean/Mathlib/Topology/Compactness/DeltaGeneratedSpace.olean: OK
.lake/packages/mathlib/.lake/build/lib/lean/Mathlib/Topology/Compactness/HilbertCubeEmbedding.olean: OK
.lake/packages/mathlib/.lake/build/lib/lean/Mathlib/Topology/Compactness/Lindelof.olean: OK
.lake/packages/mathlib/.lake/build/lib/lean/Mathlib/Topology/Compactness/LocallyCompact.olean: OK
.lake/packages/mathlib/.lake/build/lib/lean/Mathlib/Topology/Compactness/LocallyFinite.olean: OK
.lake/packages/mathlib/.lake/build/lib/lean/Mathlib/Topology/Compactness/NhdsKer.olean: OK
.lake/packages/mathlib/.lake/build/lib/lean/Mathlib/Topology/Compactness/Paracompact.olean: OK
.lake/packages/mathlib/.lake/build/lib/lean/Mathlib/Topology/Compactness/PseudometrizableLindelof.olean: OK
.lake/packages/mathlib/.lake/build/lib/lean/Mathlib/Topology/Compactness/SigmaCompact.olean: OK
.lake/packages/mathlib/.lake/build/lib/lean/Mathlib/Topology/Connected/Basic.olean: OK
.lake/packages/mathlib/.lake/build/lib/lean/Mathlib/Topology/Connected/CardComponents.olean: OK
.lake/packages/mathlib/.lake/build/lib/lean/Mathlib/Topology/Connected/Clopen.olean: OK
.lake/packages/mathlib/.lake/build/lib/lean/Mathlib/Topology/Connected/LocPathConnected.olean: OK
.lake/packages/mathlib/.lake/build/lib/lean/Mathlib/Topology/Connected/LocallyConnected.olean: OK
.lake/packages/mathlib/.lake/build/lib/lean/Mathlib/Topology/Connected/PathComponentOne.olean: OK
.lake/packages/mathlib/.lake/build/lib/lean/Mathlib/Topology/Connected/PathConnected.olean: OK
.lake/packages/mathlib/.lake/build/lib/lean/Mathlib/Topology/Connected/Separation.olean: OK
.lake/packages/mathlib/.lake/build/lib/lean/Mathlib/Topology/Connected/TotallyDisconnected.olean: OK
.lake/packages/mathlib/.lake/build/lib/lean/Mathlib/Topology/Constructible.olean: OK
.lake/packages/mathlib/.lake/build/lib/lean/Mathlib/Topology/Constructions.olean: OK
.lake/packages/mathlib/.lake/build/lib/lean/Mathlib/Topology/Constructions/SumProd.olean: OK
.lake/packages/mathlib/.lake/build/lib/lean/Mathlib/Topology/Continuous.olean: OK
.lake/packages/mathlib/.lake/build/lib/lean/Mathlib/Topology/ContinuousMap/Algebra.olean: OK
.lake/packages/mathlib/.lake/build/lib/lean/Mathlib/Topology/ContinuousMap/Basic.olean: OK
.lake/packages/mathlib/.lake/build/lib/lean/Mathlib/Topology/ContinuousMap/Bounded/ArzelaAscoli.olean: OK
.lake/packages/mathlib/.lake/build/lib/lean/Mathlib/Topology/ContinuousMap/Bounded/Basic.olean: OK
.lake/packages/mathlib/.lake/build/lib/lean/Mathlib/Topology/ContinuousMap/Bounded/Normed.olean: OK
.lake/packages/mathlib/.lake/build/lib/lean/Mathlib/Topology/ContinuousMap/Bounded/Star.olean: OK
.lake/packages/mathlib/.lake/build/lib/lean/Mathlib/Topology/ContinuousMap/BoundedCompactlySupported.olean: OK
.lake/packages/mathlib/.lake/build/lib/lean/Mathlib/Topology/ContinuousMap/CocompactMap.olean: OK
.lake/packages/mathlib/.lake/build/lib/lean/Mathlib/Topology/ContinuousMap/Compact.olean: OK
.lake/packages/mathlib/.lake/build/lib/lean/Mathlib/Topology/ContinuousMap/CompactlySupported.olean: OK
.lake/packages/mathlib/.lake/build/lib/lean/Mathlib/Topology/ContinuousMap/ContinuousMapZero.olean: OK
.lake/packages/mathlib/.lake/build/lib/lean/Mathlib/Topology/ContinuousMap/ContinuousSqrt.olean: OK
.lake/packages/mathlib/.lake/build/lib/lean/Mathlib/Topology/ContinuousMap/Defs.olean: OK
.lake/packages/mathlib/.lake/build/lib/lean/Mathlib/Topology/ContinuousMap/Ideals.olean: OK
.lake/packages/mathlib/.lake/build/lib/lean/Mathlib/Topology/ContinuousMap/Interval.olean: OK
.lake/packages/mathlib/.lake/build/lib/lean/Mathlib/Topology/ContinuousMap/Lattice.olean: OK
.lake/packages/mathlib/.lake/build/lib/lean/Mathlib/Topology/ContinuousMap/LocallyConstant.olean: OK
.lake/packages/mathlib/.lake/build/lib/lean/Mathlib/Topology/ContinuousMap/LocallyConvex.olean: OK
.lake/packages/mathlib/.lake/build/lib/lean/Mathlib/Topology/ContinuousMap/Ordered.olean: OK
.lake/packages/mathlib/.lake/build/lib/lean/Mathlib/Topology/ContinuousMap/Periodic.olean: OK
.lake/packages/mathlib/.lake/build/lib/lean/Mathlib/Topology/ContinuousMap/Polynomial.olean: OK
.lake/packages/mathlib/.lake/build/lib/lean/Mathlib/Topology/ContinuousMap/SecondCountableSpace.olean: OK
.lake/packages/mathlib/.lake/build/lib/lean/Mathlib/Topology/ContinuousMap/Sigma.olean: OK
.lake/packages/mathlib/.lake/build/lib/lean/Mathlib/Topology/ContinuousMap/Star.olean: OK
.lake/packages/mathlib/.lake/build/lib/lean/Mathlib/Topology/ContinuousMap/StarOrdered.olean: OK
.lake/packages/mathlib/.lake/build/lib/lean/Mathlib/Topology/ContinuousMap/StoneWeierstrass.olean: OK
.lake/packages/mathlib/.lake/build/lib/lean/Mathlib/Topology/ContinuousMap/T0Sierpinski.olean: OK
.lake/packages/mathlib/.lake/build/lib/lean/Mathlib/Topology/ContinuousMap/Units.olean: OK
.lake/packages/mathlib/.lake/build/lib/lean/Mathlib/Topology/ContinuousMap/Weierstrass.olean: OK
.lake/packages/mathlib/.lake/build/lib/lean/Mathlib/Topology/ContinuousMap/ZeroAtInfty.olean: OK
.lake/packages/mathlib/.lake/build/lib/lean/Mathlib/Topology/ContinuousOn.olean: OK
.lake/packages/mathlib/.lake/build/lib/lean/Mathlib/Topology/Convenient/Category.olean: OK
.lake/packages/mathlib/.lake/build/lib/lean/Mathlib/Topology/Convenient/ContinuousMapGeneratedBy.olean: OK
.lake/packages/mathlib/.lake/build/lib/lean/Mathlib/Topology/Convenient/GeneratedBy.olean: OK
.lake/packages/mathlib/.lake/build/lib/lean/Mathlib/Topology/Convenient/HomSpace.olean: OK
.lake/packages/mathlib/.lake/build/lib/lean/Mathlib/Topology/Convenient/Localization.olean: OK
.lake/packages/mathlib/.lake/build/lib/lean/Mathlib/Topology/Convenient/OpenClosed.olean: OK
.lake/packages/mathlib/.lake/build/lib/lean/Mathlib/Topology/Covering.olean: OK
.lake/packages/mathlib/.lake/build/lib/lean/Mathlib/Topology/Covering/AddCircle.olean: OK
.lake/packages/mathlib/.lake/build/lib/lean/Mathlib/Topology/Covering/Basic.olean: OK
.lake/packages/mathlib/.lake/build/lib/lean/Mathlib/Topology/Covering/Quotient.olean: OK
.lake/packages/mathlib/.lake/build/lib/lean/Mathlib/Topology/Defs/Basic.olean: OK
.lake/packages/mathlib/.lake/build/lib/lean/Mathlib/Topology/Defs/Filter.olean: OK
.lake/packages/mathlib/.lake/build/lib/lean/Mathlib/Topology/Defs/Induced.olean: OK
.lake/packages/mathlib/.lake/build/lib/lean/Mathlib/Topology/Defs/Sequences.olean: OK
.lake/packages/mathlib/.lake/build/lib/lean/Mathlib/Topology/Defs/Ultrafilter.olean: OK
.lake/packages/mathlib/.lake/build/lib/lean/Mathlib/Topology/DenseEmbedding.olean: OK
.lake/packages/mathlib/.lake/build/lib/lean/Mathlib/Topology/DerivedSet.olean: OK
.lake/packages/mathlib/.lake/build/lib/lean/Mathlib/Topology/DiscreteQuotient.olean: OK
.lake/packages/mathlib/.lake/build/lib/lean/Mathlib/Topology/DiscreteSubset.olean: OK
.lake/packages/mathlib/.lake/build/lib/lean/Mathlib/Topology/EMetricSpace/Basic.olean: OK
.lake/packages/mathlib/.lake/build/lib/lean/Mathlib/Topology/EMetricSpace/BoundedVariation.olean: OK
.lake/packages/mathlib/.lake/build/lib/lean/Mathlib/Topology/EMetricSpace/Defs.olean: OK
.lake/packages/mathlib/.lake/build/lib/lean/Mathlib/Topology/EMetricSpace/Diam.olean: OK
.lake/packages/mathlib/.lake/build/lib/lean/Mathlib/Topology/EMetricSpace/Lipschitz.olean: OK
.lake/packages/mathlib/.lake/build/lib/lean/Mathlib/Topology/EMetricSpace/PairReduction.olean: OK
.lake/packages/mathlib/.lake/build/lib/lean/Mathlib/Topology/EMetricSpace/Paracompact.olean: OK
.lake/packages/mathlib/.lake/build/lib/lean/Mathlib/Topology/EMetricSpace/Pi.olean: OK
.lake/packages/mathlib/.lake/build/lib/lean/Mathlib/Topology/ExtendFrom.olean: OK
.lake/packages/mathlib/.lake/build/lib/lean/Mathlib/Topology/ExtremallyDisconnected.olean: OK
.lake/packages/mathlib/.lake/build/lib/lean/Mathlib/Topology/FiberBundle/Basic.olean: OK
.lake/packages/mathlib/.lake/build/lib/lean/Mathlib/Topology/FiberBundle/Constructions.olean: OK
.lake/packages/mathlib/.lake/build/lib/lean/Mathlib/Topology/FiberBundle/IsHomeomorphicTrivialBundle.olean: OK
.lake/packages/mathlib/.lake/build/lib/lean/Mathlib/Topology/FiberBundle/Trivialization.olean: OK
.lake/packages/mathlib/.lake/build/lib/lean/Mathlib/Topology/FiberPartition.olean: OK
.lake/packages/mathlib/.lake/build/lib/lean/Mathlib/Topology/Filter.olean: OK
.lake/packages/mathlib/.lake/build/lib/lean/Mathlib/Topology/GDelta/Basic.olean: OK
.lake/packages/mathlib/.lake/build/lib/lean/Mathlib/Topology/GDelta/MetrizableSpace.olean: OK
.lake/packages/mathlib/.lake/build/lib/lean/Mathlib/Topology/Germ.olean: OK
.lake/packages/mathlib/.lake/build/lib/lean/Mathlib/Topology/Gluing.olean: OK
.lake/packages/mathlib/.lake/build/lib/lean/Mathlib/Topology/Hom/ContinuousEval.olean: OK
.lake/packages/mathlib/.lake/build/lib/lean/Mathlib/Topology/Hom/ContinuousEvalConst.olean: OK
.lake/packages/mathlib/.lake/build/lib/lean/Mathlib/Topology/Hom/Open.olean: OK
.lake/packages/mathlib/.lake/build/lib/lean/Mathlib/Topology/Homeomorph/Defs.olean: OK
.lake/packages/mathlib/.lake/build/lib/lean/Mathlib/Topology/Homeomorph/Lemmas.olean: OK
.lake/packages/mathlib/.lake/build/lib/lean/Mathlib/Topology/Homeomorph/Quotient.olean: OK
.lake/packages/mathlib/.lake/build/lib/lean/Mathlib/Topology/Homeomorph/TransferInstance.olean: OK
.lake/packages/mathlib/.lake/build/lib/lean/Mathlib/Topology/Homotopy/Affine.olean: OK
.lake/packages/mathlib/.lake/build/lib/lean/Mathlib/Topology/Homotopy/Basic.olean: OK
.lake/packages/mathlib/.lake/build/lib/lean/Mathlib/Topology/Homotopy/Contractible.olean: OK
.lake/packages/mathlib/.lake/build/lib/lean/Mathlib/Topology/Homotopy/Equiv.olean: OK
.lake/packages/mathlib/.lake/build/lib/lean/Mathlib/Topology/Homotopy/HSpaces.olean: OK
.lake/packages/mathlib/.lake/build/lib/lean/Mathlib/Topology/Homotopy/HomotopyGroup.olean: OK
.lake/packages/mathlib/.lake/build/lib/lean/Mathlib/Topology/Homotopy/Lifting.olean: OK
.lake/packages/mathlib/.lake/build/lib/lean/Mathlib/Topology/Homotopy/LocallyContractible.olean: OK
.lake/packages/mathlib/.lake/build/lib/lean/Mathlib/Topology/Homotopy/Path.olean: OK
.lake/packages/mathlib/.lake/build/lib/lean/Mathlib/Topology/Homotopy/Product.olean: OK
.lake/packages/mathlib/.lake/build/lib/lean/Mathlib/Topology/Homotopy/TopCat/Basic.olean: OK
.lake/packages/mathlib/.lake/build/lib/lean/Mathlib/Topology/Homotopy/TopCat/Path.olean: OK
.lake/packages/mathlib/.lake/build/lib/lean/Mathlib/Topology/Homotopy/TopCat/ToSSet.olean: OK
.lake/packages/mathlib/.lake/build/lib/lean/Mathlib/Topology/Homotopy/TopCat/ZerothHomotopy.olean: OK
.lake/packages/mathlib/.lake/build/lib/lean/Mathlib/Topology/IndicatorConstPointwise.olean: OK
.lake/packages/mathlib/.lake/build/lib/lean/Mathlib/Topology/Inseparable.olean: OK
.lake/packages/mathlib/.lake/build/lib/lean/Mathlib/Topology/Instances/AddCircle/Defs.olean: OK
.lake/packages/mathlib/.lake/build/lib/lean/Mathlib/Topology/Instances/AddCircle/DenseSubgroup.olean: OK
.lake/packages/mathlib/.lake/build/lib/lean/Mathlib/Topology/Instances/AddCircle/Real.olean: OK
.lake/packages/mathlib/.lake/build/lib/lean/Mathlib/Topology/Instances/CantorSet.olean: OK
.lake/packages/mathlib/.lake/build/lib/lean/Mathlib/Topology/Instances/Complex.olean: OK
.lake/packages/mathlib/.lake/build/lib/lean/Mathlib/Topology/Instances/Discrete.olean: OK
.lake/packages/mathlib/.lake/build/lib/lean/Mathlib/Topology/Instances/ENNReal/ENatENNReal.olean: OK
.lake/packages/mathlib/.lake/build/lib/lean/Mathlib/Topology/Instances/ENNReal/Lemmas.olean: OK
.lake/packages/mathlib/.lake/build/lib/lean/Mathlib/Topology/Instances/ENat.olean: OK
.lake/packages/mathlib/.lake/build/lib/lean/Mathlib/Topology/Instances/EReal/Lemmas.olean: OK
.lake/packages/mathlib/.lake/build/lib/lean/Mathlib/Topology/Instances/Int.olean: OK
.lake/packages/mathlib/.lake/build/lib/lean/Mathlib/Topology/Instances/Irrational.olean: OK
.lake/packages/mathlib/.lake/build/lib/lean/Mathlib/Topology/Instances/Matrix.olean: OK
.lake/packages/mathlib/.lake/build/lib/lean/Mathlib/Topology/Instances/NNReal/Lemmas.olean: OK
.lake/packages/mathlib/.lake/build/lib/lean/Mathlib/Topology/Instances/Nat.olean: OK
.lake/packages/mathlib/.lake/build/lib/lean/Mathlib/Topology/Instances/PNat.olean: OK
.lake/packages/mathlib/.lake/build/lib/lean/Mathlib/Topology/Instances/Rat.olean: OK
.lake/packages/mathlib/.lake/build/lib/lean/Mathlib/Topology/Instances/RatLemmas.olean: OK
.lake/packages/mathlib/.lake/build/lib/lean/Mathlib/Topology/Instances/Real/Lemmas.olean: OK
.lake/packages/mathlib/.lake/build/lib/lean/Mathlib/Topology/Instances/RealVectorSpace.olean: OK
.lake/packages/mathlib/.lake/build/lib/lean/Mathlib/Topology/Instances/Shrink.olean: OK
.lake/packages/mathlib/.lake/build/lib/lean/Mathlib/Topology/Instances/Sign.olean: OK
.lake/packages/mathlib/.lake/build/lib/lean/Mathlib/Topology/Instances/TrivSqZeroExt.olean: OK
.lake/packages/mathlib/.lake/build/lib/lean/Mathlib/Topology/Instances/ZMod.olean: OK
.lake/packages/mathlib/.lake/build/lib/lean/Mathlib/Topology/Instances/ZMultiples.olean: OK
.lake/packages/mathlib/.lake/build/lib/lean/Mathlib/Topology/Irreducible.olean: OK
.lake/packages/mathlib/.lake/build/lib/lean/Mathlib/Topology/IsClosedRestrict.olean: OK
.lake/packages/mathlib/.lake/build/lib/lean/Mathlib/Topology/IsLocalHomeomorph.olean: OK
.lake/packages/mathlib/.lake/build/lib/lean/Mathlib/Topology/JacobsonSpace.olean: OK
.lake/packages/mathlib/.lake/build/lib/lean/Mathlib/Topology/KrullDimension.olean: OK
.lake/packages/mathlib/.lake/build/lib/lean/Mathlib/Topology/List.olean: OK
.lake/packages/mathlib/.lake/build/lib/lean/Mathlib/Topology/LocalAtTarget.olean: OK
.lake/packages/mathlib/.lake/build/lib/lean/Mathlib/Topology/LocallyClosed.olean: OK
.lake/packages/mathlib/.lake/build/lib/lean/Mathlib/Topology/LocallyConstant/Algebra.olean: OK
.lake/packages/mathlib/.lake/build/lib/lean/Mathlib/Topology/LocallyConstant/Basic.olean: OK
.lake/packages/mathlib/.lake/build/lib/lean/Mathlib/Topology/LocallyFinite.olean: OK
.lake/packages/mathlib/.lake/build/lib/lean/Mathlib/Topology/LocallyFinsupp.olean: OK
.lake/packages/mathlib/.lake/build/lib/lean/Mathlib/Topology/Maps/Basic.olean: OK
.lake/packages/mathlib/.lake/build/lib/lean/Mathlib/Topology/Maps/OpenQuotient.olean: OK
.lake/packages/mathlib/.lake/build/lib/lean/Mathlib/Topology/Maps/Proper/Basic.olean: OK
.lake/packages/mathlib/.lake/build/lib/lean/Mathlib/Topology/Maps/Proper/CompactlyGenerated.olean: OK
.lake/packages/mathlib/.lake/build/lib/lean/Mathlib/Topology/Maps/Proper/UniversallyClosed.olean: OK
.lake/packages/mathlib/.lake/build/lib/lean/Mathlib/Topology/Maps/Strict/Basic.olean: OK
.lake/packages/mathlib/.lake/build/lib/lean/Mathlib/Topology/MetricSpace/Algebra.olean: OK
.lake/packages/mathlib/.lake/build/lib/lean/Mathlib/Topology/MetricSpace/Antilipschitz.olean: OK
.lake/packages/mathlib/.lake/build/lib/lean/Mathlib/Topology/MetricSpace/Basic.olean: OK
.lake/packages/mathlib/.lake/build/lib/lean/Mathlib/Topology/MetricSpace/Bilipschitz.olean: OK
.lake/packages/mathlib/.lake/build/lib/lean/Mathlib/Topology/MetricSpace/Bounded.olean: OK
.lake/packages/mathlib/.lake/build/lib/lean/Mathlib/Topology/MetricSpace/BundledFun.olean: OK
.lake/packages/mathlib/.lake/build/lib/lean/Mathlib/Topology/MetricSpace/CantorScheme.olean: OK
.lake/packages/mathlib/.lake/build/lib/lean/Mathlib/Topology/MetricSpace/CauSeqFilter.olean: OK
.lake/packages/mathlib/.lake/build/lib/lean/Mathlib/Topology/MetricSpace/Cauchy.olean: OK
.lake/packages/mathlib/.lake/build/lib/lean/Mathlib/Topology/MetricSpace/Closeds.olean: OK
.lake/packages/mathlib/.lake/build/lib/lean/Mathlib/Topology/MetricSpace/Completion.olean: OK
.lake/packages/mathlib/.lake/build/lib/lean/Mathlib/Topology/MetricSpace/Congruence.olean: OK
.lake/packages/mathlib/.lake/build/lib/lean/Mathlib/Topology/MetricSpace/Contracting.olean: OK
.lake/packages/mathlib/.lake/build/lib/lean/Mathlib/Topology/MetricSpace/Cover.olean: OK
.lake/packages/mathlib/.lake/build/lib/lean/Mathlib/Topology/MetricSpace/CoveringNumbers.olean: OK
.lake/packages/mathlib/.lake/build/lib/lean/Mathlib/Topology/MetricSpace/Defs.olean: OK
.lake/packages/mathlib/.lake/build/lib/lean/Mathlib/Topology/MetricSpace/Dilation.olean: OK
.lake/packages/mathlib/.lake/build/lib/lean/Mathlib/Topology/MetricSpace/DilationEquiv.olean: OK
.lake/packages/mathlib/.lake/build/lib/lean/Mathlib/Topology/MetricSpace/Equicontinuity.olean: OK
.lake/packages/mathlib/.lake/build/lib/lean/Mathlib/Topology/MetricSpace/Gluing.olean: OK
.lake/packages/mathlib/.lake/build/lib/lean/Mathlib/Topology/MetricSpace/GromovHausdorff.olean: OK
.lake/packages/mathlib/.lake/build/lib/lean/Mathlib/Topology/MetricSpace/GromovHausdorffRealized.olean: OK
.lake/packages/mathlib/.lake/build/lib/lean/Mathlib/Topology/MetricSpace/HausdorffAlexandroff.olean: OK
.lake/packages/mathlib/.lake/build/lib/lean/Mathlib/Topology/MetricSpace/HausdorffDimension.olean: OK
.lake/packages/mathlib/.lake/build/lib/lean/Mathlib/Topology/MetricSpace/HausdorffDistance.olean: OK
.lake/packages/mathlib/.lake/build/lib/lean/Mathlib/Topology/MetricSpace/Holder.olean: OK
.lake/packages/mathlib/.lake/build/lib/lean/Mathlib/Topology/MetricSpace/HolderNorm.olean: OK
.lake/packages/mathlib/.lake/build/lib/lean/Mathlib/Topology/MetricSpace/Infsep.olean: OK
.lake/packages/mathlib/.lake/build/lib/lean/Mathlib/Topology/MetricSpace/IsometricSMul.olean: OK
.lake/packages/mathlib/.lake/build/lib/lean/Mathlib/Topology/MetricSpace/Isometry.olean: OK
.lake/packages/mathlib/.lake/build/lib/lean/Mathlib/Topology/MetricSpace/Kuratowski.olean: OK
.lake/packages/mathlib/.lake/build/lib/lean/Mathlib/Topology/MetricSpace/Lipschitz.olean: OK
.lake/packages/mathlib/.lake/build/lib/lean/Mathlib/Topology/MetricSpace/MetricSeparated.olean: OK
.lake/packages/mathlib/.lake/build/lib/lean/Mathlib/Topology/MetricSpace/PartitionOfUnity.olean: OK
.lake/packages/mathlib/.lake/build/lib/lean/Mathlib/Topology/MetricSpace/Perfect.olean: OK
.lake/packages/mathlib/.lake/build/lib/lean/Mathlib/Topology/MetricSpace/PiNat.olean: OK
.lake/packages/mathlib/.lake/build/lib/lean/Mathlib/Topology/MetricSpace/Polish.olean: OK
.lake/packages/mathlib/.lake/build/lib/lean/Mathlib/Topology/MetricSpace/ProperSpace.olean: OK
.lake/packages/mathlib/.lake/build/lib/lean/Mathlib/Topology/MetricSpace/ProperSpace/Lemmas.olean: OK
.lake/packages/mathlib/.lake/build/lib/lean/Mathlib/Topology/MetricSpace/ProperSpace/Real.olean: OK
.lake/packages/mathlib/.lake/build/lib/lean/Mathlib/Topology/MetricSpace/Pseudo/Basic.olean: OK
.lake/packages/mathlib/.lake/build/lib/lean/Mathlib/Topology/MetricSpace/Pseudo/Constructions.olean: OK
.lake/packages/mathlib/.lake/build/lib/lean/Mathlib/Topology/MetricSpace/Pseudo/Defs.olean: OK
.lake/packages/mathlib/.lake/build/lib/lean/Mathlib/Topology/MetricSpace/Pseudo/Lemmas.olean: OK
.lake/packages/mathlib/.lake/build/lib/lean/Mathlib/Topology/MetricSpace/Pseudo/Pi.olean: OK
.lake/packages/mathlib/.lake/build/lib/lean/Mathlib/Topology/MetricSpace/Pseudo/Real.olean: OK
.lake/packages/mathlib/.lake/build/lib/lean/Mathlib/Topology/MetricSpace/Sequences.olean: OK
.lake/packages/mathlib/.lake/build/lib/lean/Mathlib/Topology/MetricSpace/ShrinkingLemma.olean: OK
.lake/packages/mathlib/.lake/build/lib/lean/Mathlib/Topology/MetricSpace/Similarity.olean: OK
.lake/packages/mathlib/.lake/build/lib/lean/Mathlib/Topology/MetricSpace/Snowflaking.olean: OK
.lake/packages/mathlib/.lake/build/lib/lean/Mathlib/Topology/MetricSpace/ThickenedIndicator.olean: OK
.lake/packages/mathlib/.lake/build/lib/lean/Mathlib/Topology/MetricSpace/Thickening.olean: OK
.lake/packages/mathlib/.lake/build/lib/lean/Mathlib/Topology/MetricSpace/TransferInstance.olean: OK
.lake/packages/mathlib/.lake/build/lib/lean/Mathlib/Topology/MetricSpace/Ultra/Basic.olean: OK
.lake/packages/mathlib/.lake/build/lib/lean/Mathlib/Topology/MetricSpace/Ultra/ContinuousMaps.olean: OK
.lake/packages/mathlib/.lake/build/lib/lean/Mathlib/Topology/MetricSpace/Ultra/Pi.olean: OK
.lake/packages/mathlib/.lake/build/lib/lean/Mathlib/Topology/MetricSpace/Ultra/TotallySeparated.olean: OK
.lake/packages/mathlib/.lake/build/lib/lean/Mathlib/Topology/MetricSpace/UniformConvergence.olean: OK
.lake/packages/mathlib/.lake/build/lib/lean/Mathlib/Topology/Metrizable/Basic.olean: OK
.lake/packages/mathlib/.lake/build/lib/lean/Mathlib/Topology/Metrizable/CompletelyMetrizable.olean: OK
.lake/packages/mathlib/.lake/build/lib/lean/Mathlib/Topology/Metrizable/ContinuousMap.olean: OK
.lake/packages/mathlib/.lake/build/lib/lean/Mathlib/Topology/Metrizable/Real.olean: OK
.lake/packages/mathlib/.lake/build/lib/lean/Mathlib/Topology/Metrizable/Uniformity.olean: OK
.lake/packages/mathlib/.lake/build/lib/lean/Mathlib/Topology/Metrizable/Urysohn.olean: OK
.lake/packages/mathlib/.lake/build/lib/lean/Mathlib/Topology/NatEmbedding.olean: OK
.lake/packages/mathlib/.lake/build/lib/lean/Mathlib/Topology/Neighborhoods.olean: OK
.lake/packages/mathlib/.lake/build/lib/lean/Mathlib/Topology/NhdsKer.olean: OK
.lake/packages/mathlib/.lake/build/lib/lean/Mathlib/Topology/NhdsSet.olean: OK
.lake/packages/mathlib/.lake/build/lib/lean/Mathlib/Topology/NhdsWithin.olean: OK
.lake/packages/mathlib/.lake/build/lib/lean/Mathlib/Topology/NoetherianSpace.olean: OK
.lake/packages/mathlib/.lake/build/lib/lean/Mathlib/Topology/OmegaCompletePartialOrder.olean: OK
.lake/packages/mathlib/.lake/build/lib/lean/Mathlib/Topology/OpenPartialHomeomorph.olean: OK
.lake/packages/mathlib/.lake/build/lib/lean/Mathlib/Topology/OpenPartialHomeomorph/Basic.olean: OK
.lake/packages/mathlib/.lake/build/lib/lean/Mathlib/Topology/OpenPartialHomeomorph/Composition.olean: OK
.lake/packages/mathlib/.lake/build/lib/lean/Mathlib/Topology/OpenPartialHomeomorph/Constructions.olean: OK
.lake/packages/mathlib/.lake/build/lib/lean/Mathlib/Topology/OpenPartialHomeomorph/Continuity.olean: OK
.lake/packages/mathlib/.lake/build/lib/lean/Mathlib/Topology/OpenPartialHomeomorph/Defs.olean: OK
.lake/packages/mathlib/.lake/build/lib/lean/Mathlib/Topology/OpenPartialHomeomorph/IsImage.olean: OK
.lake/packages/mathlib/.lake/build/lib/lean/Mathlib/Topology/Order.olean: OK
.lake/packages/mathlib/.lake/build/lib/lean/Mathlib/Topology/Order/AtTopBotIxx.olean: OK
.lake/packages/mathlib/.lake/build/lib/lean/Mathlib/Topology/Order/Basic.olean: OK
.lake/packages/mathlib/.lake/build/lib/lean/Mathlib/Topology/Order/Bornology.olean: OK
.lake/packages/mathlib/.lake/build/lib/lean/Mathlib/Topology/Order/Category/AlexDisc.olean: OK
.lake/packages/mathlib/.lake/build/lib/lean/Mathlib/Topology/Order/Category/FrameAdjunction.olean: OK
.lake/packages/mathlib/.lake/build/lib/lean/Mathlib/Topology/Order/Compact.olean: OK
.lake/packages/mathlib/.lake/build/lib/lean/Mathlib/Topology/Order/CountableSeparating.olean: OK
.lake/packages/mathlib/.lake/build/lib/lean/Mathlib/Topology/Order/DenselyOrdered.olean: OK
.lake/packages/mathlib/.lake/build/lib/lean/Mathlib/Topology/Order/ExtendFrom.olean: OK
.lake/packages/mathlib/.lake/build/lib/lean/Mathlib/Topology/Order/ExtrClosure.olean: OK
.lake/packages/mathlib/.lake/build/lib/lean/Mathlib/Topology/Order/Filter.olean: OK
.lake/packages/mathlib/.lake/build/lib/lean/Mathlib/Topology/Order/Hom/Basic.olean: OK
.lake/packages/mathlib/.lake/build/lib/lean/Mathlib/Topology/Order/Hom/Esakia.olean: OK
.lake/packages/mathlib/.lake/build/lib/lean/Mathlib/Topology/Order/HullKernel.olean: OK
.lake/packages/mathlib/.lake/build/lib/lean/Mathlib/Topology/Order/IntermediateValue.olean: OK
.lake/packages/mathlib/.lake/build/lib/lean/Mathlib/Topology/Order/IsLUB.olean: OK
.lake/packages/mathlib/.lake/build/lib/lean/Mathlib/Topology/Order/IsLocallyClosed.olean: OK
.lake/packages/mathlib/.lake/build/lib/lean/Mathlib/Topology/Order/IsNormal.olean: OK
.lake/packages/mathlib/.lake/build/lib/lean/Mathlib/Topology/Order/Lattice.olean: OK
.lake/packages/mathlib/.lake/build/lib/lean/Mathlib/Topology/Order/LawsonTopology.olean: OK
.lake/packages/mathlib/.lake/build/lib/lean/Mathlib/Topology/Order/LeftRight.olean: OK
.lake/packages/mathlib/.lake/build/lib/lean/Mathlib/Topology/Order/LeftRightLim.olean: OK
.lake/packages/mathlib/.lake/build/lib/lean/Mathlib/Topology/Order/LeftRightNhds.olean: OK
.lake/packages/mathlib/.lake/build/lib/lean/Mathlib/Topology/Order/LiminfLimsup.olean: OK
.lake/packages/mathlib/.lake/build/lib/lean/Mathlib/Topology/Order/LocalExtr.olean: OK
.lake/packages/mathlib/.lake/build/lib/lean/Mathlib/Topology/Order/LowerUpperTopology.olean: OK
.lake/packages/mathlib/.lake/build/lib/lean/Mathlib/Topology/Order/Monotone.olean: OK
.lake/packages/mathlib/.lake/build/lib/lean/Mathlib/Topology/Order/MonotoneContinuity.olean: OK
.lake/packages/mathlib/.lake/build/lib/lean/Mathlib/Topology/Order/MonotoneConvergence.olean: OK
.lake/packages/mathlib/.lake/build/lib/lean/Mathlib/Topology/Order/NhdsSet.olean: OK
.lake/packages/mathlib/.lake/build/lib/lean/Mathlib/Topology/Order/OrderClosed.olean: OK
.lake/packages/mathlib/.lake/build/lib/lean/Mathlib/Topology/Order/OrderClosedExtr.olean: OK
.lake/packages/mathlib/.lake/build/lib/lean/Mathlib/Topology/Order/PartialSups.olean: OK
.lake/packages/mathlib/.lake/build/lib/lean/Mathlib/Topology/Order/Priestley.olean: OK
.lake/packages/mathlib/.lake/build/lib/lean/Mathlib/Topology/Order/ProjIcc.olean: OK
.lake/packages/mathlib/.lake/build/lib/lean/Mathlib/Topology/Order/Real.olean: OK
.lake/packages/mathlib/.lake/build/lib/lean/Mathlib/Topology/Order/Rolle.olean: OK
.lake/packages/mathlib/.lake/build/lib/lean/Mathlib/Topology/Order/ScottTopology.olean: OK
.lake/packages/mathlib/.lake/build/lib/lean/Mathlib/Topology/Order/SuccPred.olean: OK
.lake/packages/mathlib/.lake/build/lib/lean/Mathlib/Topology/Order/T5.olean: OK
.lake/packages/mathlib/.lake/build/lib/lean/Mathlib/Topology/Order/UpperLowerSetTopology.olean: OK
.lake/packages/mathlib/.lake/build/lib/lean/Mathlib/Topology/Order/WithTop.olean: OK
.lake/packages/mathlib/.lake/build/lib/lean/Mathlib/Topology/Partial.olean: OK
.lake/packages/mathlib/.lake/build/lib/lean/Mathlib/Topology/PartitionOfUnity.olean: OK
.lake/packages/mathlib/.lake/build/lib/lean/Mathlib/Topology/Path.olean: OK
.lake/packages/mathlib/.lake/build/lib/lean/Mathlib/Topology/Perfect.olean: OK
.lake/packages/mathlib/.lake/build/lib/lean/Mathlib/Topology/Piecewise.olean: OK
.lake/packages/mathlib/.lake/build/lib/lean/Mathlib/Topology/PreorderRestrict.olean: OK
.lake/packages/mathlib/.lake/build/lib/lean/Mathlib/Topology/QuasiSeparated.olean: OK
.lake/packages/mathlib/.lake/build/lib/lean/Mathlib/Topology/Semicontinuity/Basic.olean: OK
.lake/packages/mathlib/.lake/build/lib/lean/Mathlib/Topology/Semicontinuity/Defs.olean: OK
.lake/packages/mathlib/.lake/build/lib/lean/Mathlib/Topology/Semicontinuity/Hemicontinuity.olean: OK
.lake/packages/mathlib/.lake/build/lib/lean/Mathlib/Topology/Semicontinuity/Lindelof.olean: OK
.lake/packages/mathlib/.lake/build/lib/lean/Mathlib/Topology/Semicontinuous.olean: OK
.lake/packages/mathlib/.lake/build/lib/lean/Mathlib/Topology/SeparatedMap.olean: OK
.lake/packages/mathlib/.lake/build/lib/lean/Mathlib/Topology/Separation/AlexandrovDiscrete.olean: OK
.lake/packages/mathlib/.lake/build/lib/lean/Mathlib/Topology/Separation/Basic.olean: OK
.lake/packages/mathlib/.lake/build/lib/lean/Mathlib/Topology/Separation/CompletelyRegular.olean: OK
.lake/packages/mathlib/.lake/build/lib/lean/Mathlib/Topology/Separation/Connected.olean: OK
.lake/packages/mathlib/.lake/build/lib/lean/Mathlib/Topology/Separation/CountableSeparatingOn.olean: OK
.lake/packages/mathlib/.lake/build/lib/lean/Mathlib/Topology/Separation/DisjointCover.olean: OK
.lake/packages/mathlib/.lake/build/lib/lean/Mathlib/Topology/Separation/GDelta.olean: OK
.lake/packages/mathlib/.lake/build/lib/lean/Mathlib/Topology/Separation/Hausdorff.olean: OK
.lake/packages/mathlib/.lake/build/lib/lean/Mathlib/Topology/Separation/Lemmas.olean: OK
.lake/packages/mathlib/.lake/build/lib/lean/Mathlib/Topology/Separation/LinearUpperLowerSetTopology.olean: OK
.lake/packages/mathlib/.lake/build/lib/lean/Mathlib/Topology/Separation/NotNormal.olean: OK
.lake/packages/mathlib/.lake/build/lib/lean/Mathlib/Topology/Separation/PerfectlyNormal.olean: OK
.lake/packages/mathlib/.lake/build/lib/lean/Mathlib/Topology/Separation/Profinite.olean: OK
.lake/packages/mathlib/.lake/build/lib/lean/Mathlib/Topology/Separation/Regular.olean: OK
.lake/packages/mathlib/.lake/build/lib/lean/Mathlib/Topology/Separation/SeparatedNhds.olean: OK
.lake/packages/mathlib/.lake/build/lib/lean/Mathlib/Topology/Sequences.olean: OK
.lake/packages/mathlib/.lake/build/lib/lean/Mathlib/Topology/Sets/Closeds.olean: OK
.lake/packages/mathlib/.lake/build/lib/lean/Mathlib/Topology/Sets/CompactOpenCovered.olean: OK
.lake/packages/mathlib/.lake/build/lib/lean/Mathlib/Topology/Sets/Compacts.olean: OK
.lake/packages/mathlib/.lake/build/lib/lean/Mathlib/Topology/Sets/OpenCover.olean: OK
.lake/packages/mathlib/.lake/build/lib/lean/Mathlib/Topology/Sets/Opens.olean: OK
.lake/packages/mathlib/.lake/build/lib/lean/Mathlib/Topology/Sets/Order.olean: OK
.lake/packages/mathlib/.lake/build/lib/lean/Mathlib/Topology/Sets/VietorisTopology.olean: OK
.lake/packages/mathlib/.lake/build/lib/lean/Mathlib/Topology/Sheaves/Abelian.olean: OK
.lake/packages/mathlib/.lake/build/lib/lean/Mathlib/Topology/Sheaves/AddCommGrpCat.olean: OK
.lake/packages/mathlib/.lake/build/lib/lean/Mathlib/Topology/Sheaves/Alexandrov.olean: OK
.lake/packages/mathlib/.lake/build/lib/lean/Mathlib/Topology/Sheaves/CommRingCat.olean: OK
.lake/packages/mathlib/.lake/build/lib/lean/Mathlib/Topology/Sheaves/EtaleSpace.olean: OK
.lake/packages/mathlib/.lake/build/lib/lean/Mathlib/Topology/Sheaves/Flasque.olean: OK
.lake/packages/mathlib/.lake/build/lib/lean/Mathlib/Topology/Sheaves/Forget.olean: OK
.lake/packages/mathlib/.lake/build/lib/lean/Mathlib/Topology/Sheaves/Functors.olean: OK
.lake/packages/mathlib/.lake/build/lib/lean/Mathlib/Topology/Sheaves/Init.olean: OK
.lake/packages/mathlib/.lake/build/lib/lean/Mathlib/Topology/Sheaves/Limits.olean: OK
.lake/packages/mathlib/.lake/build/lib/lean/Mathlib/Topology/Sheaves/LocalPredicate.olean: OK
.lake/packages/mathlib/.lake/build/lib/lean/Mathlib/Topology/Sheaves/LocallySurjective.olean: OK
.lake/packages/mathlib/.lake/build/lib/lean/Mathlib/Topology/Sheaves/MayerVietoris.olean: OK
.lake/packages/mathlib/.lake/build/lib/lean/Mathlib/Topology/Sheaves/Over.olean: OK
.lake/packages/mathlib/.lake/build/lib/lean/Mathlib/Topology/Sheaves/PUnit.olean: OK
.lake/packages/mathlib/.lake/build/lib/lean/Mathlib/Topology/Sheaves/Points.olean: OK
.lake/packages/mathlib/.lake/build/lib/lean/Mathlib/Topology/Sheaves/Presheaf.olean: OK
.lake/packages/mathlib/.lake/build/lib/lean/Mathlib/Topology/Sheaves/PresheafOfFunctions.olean: OK
.lake/packages/mathlib/.lake/build/lib/lean/Mathlib/Topology/Sheaves/Sheaf.olean: OK
.lake/packages/mathlib/.lake/build/lib/lean/Mathlib/Topology/Sheaves/SheafCondition/EqualizerProducts.olean: OK
.lake/packages/mathlib/.lake/build/lib/lean/Mathlib/Topology/Sheaves/SheafCondition/OpensLeCover.olean: OK
.lake/packages/mathlib/.lake/build/lib/lean/Mathlib/Topology/Sheaves/SheafCondition/PairwiseIntersections.olean: OK
.lake/packages/mathlib/.lake/build/lib/lean/Mathlib/Topology/Sheaves/SheafCondition/Sites.olean: OK
.lake/packages/mathlib/.lake/build/lib/lean/Mathlib/Topology/Sheaves/SheafCondition/UniqueGluing.olean: OK
.lake/packages/mathlib/.lake/build/lib/lean/Mathlib/Topology/Sheaves/SheafOfFunctions.olean: OK
.lake/packages/mathlib/.lake/build/lib/lean/Mathlib/Topology/Sheaves/Sheafify.olean: OK
.lake/packages/mathlib/.lake/build/lib/lean/Mathlib/Topology/Sheaves/Skyscraper.olean: OK
.lake/packages/mathlib/.lake/build/lib/lean/Mathlib/Topology/Sheaves/Stalks.olean: OK
.lake/packages/mathlib/.lake/build/lib/lean/Mathlib/Topology/ShrinkingLemma.olean: OK
.lake/packages/mathlib/.lake/build/lib/lean/Mathlib/Topology/Sion.olean: OK
.lake/packages/mathlib/.lake/build/lib/lean/Mathlib/Topology/SmallInductiveDimension.olean: OK
.lake/packages/mathlib/.lake/build/lib/lean/Mathlib/Topology/Sober.olean: OK
.lake/packages/mathlib/.lake/build/lib/lean/Mathlib/Topology/Specialization.olean: OK
.lake/packages/mathlib/.lake/build/lib/lean/Mathlib/Topology/Spectral/Basic.olean: OK
.lake/packages/mathlib/.lake/build/lib/lean/Mathlib/Topology/Spectral/ConstructibleTopology.olean: OK
.lake/packages/mathlib/.lake/build/lib/lean/Mathlib/Topology/Spectral/Hom.olean: OK
.lake/packages/mathlib/.lake/build/lib/lean/Mathlib/Topology/Spectral/Prespectral.olean: OK
.lake/packages/mathlib/.lake/build/lib/lean/Mathlib/Topology/Subpath.olean: OK
.lake/packages/mathlib/.lake/build/lib/lean/Mathlib/Topology/TietzeExtension.olean: OK
.lake/packages/mathlib/.lake/build/lib/lean/Mathlib/Topology/Ultrafilter.olean: OK
.lake/packages/mathlib/.lake/build/lib/lean/Mathlib/Topology/UniformSpace/AbsoluteValue.olean: OK
.lake/packages/mathlib/.lake/build/lib/lean/Mathlib/Topology/UniformSpace/AbstractCompletion.olean: OK
.lake/packages/mathlib/.lake/build/lib/lean/Mathlib/Topology/UniformSpace/Ascoli.olean: OK
.lake/packages/mathlib/.lake/build/lib/lean/Mathlib/Topology/UniformSpace/Basic.olean: OK
.lake/packages/mathlib/.lake/build/lib/lean/Mathlib/Topology/UniformSpace/Cauchy.olean: OK
.lake/packages/mathlib/.lake/build/lib/lean/Mathlib/Topology/UniformSpace/Closeds.olean: OK
.lake/packages/mathlib/.lake/build/lib/lean/Mathlib/Topology/UniformSpace/Compact.olean: OK
.lake/packages/mathlib/.lake/build/lib/lean/Mathlib/Topology/UniformSpace/CompactConvergence.olean: OK
.lake/packages/mathlib/.lake/build/lib/lean/Mathlib/Topology/UniformSpace/CompareReals.olean: OK
.lake/packages/mathlib/.lake/build/lib/lean/Mathlib/Topology/UniformSpace/CompleteSeparated.olean: OK
.lake/packages/mathlib/.lake/build/lib/lean/Mathlib/Topology/UniformSpace/Completion.olean: OK
.lake/packages/mathlib/.lake/build/lib/lean/Mathlib/Topology/UniformSpace/Defs.olean: OK
.lake/packages/mathlib/.lake/build/lib/lean/Mathlib/Topology/UniformSpace/Dini.olean: OK
.lake/packages/mathlib/.lake/build/lib/lean/Mathlib/Topology/UniformSpace/DiscreteUniformity.olean: OK
.lake/packages/mathlib/.lake/build/lib/lean/Mathlib/Topology/UniformSpace/Equicontinuity.olean: OK
.lake/packages/mathlib/.lake/build/lib/lean/Mathlib/Topology/UniformSpace/Equiv.olean: OK
.lake/packages/mathlib/.lake/build/lib/lean/Mathlib/Topology/UniformSpace/HeineCantor.olean: OK
.lake/packages/mathlib/.lake/build/lib/lean/Mathlib/Topology/UniformSpace/LocallyUniformConvergence.olean: OK
.lake/packages/mathlib/.lake/build/lib/lean/Mathlib/Topology/UniformSpace/Matrix.olean: OK
.lake/packages/mathlib/.lake/build/lib/lean/Mathlib/Topology/UniformSpace/OfCompactT2.olean: OK
.lake/packages/mathlib/.lake/build/lib/lean/Mathlib/Topology/UniformSpace/OfFun.olean: OK
.lake/packages/mathlib/.lake/build/lib/lean/Mathlib/Topology/UniformSpace/Path.olean: OK
.lake/packages/mathlib/.lake/build/lib/lean/Mathlib/Topology/UniformSpace/Pi.olean: OK
.lake/packages/mathlib/.lake/build/lib/lean/Mathlib/Topology/UniformSpace/ProdApproximation.olean: OK
.lake/packages/mathlib/.lake/build/lib/lean/Mathlib/Topology/UniformSpace/Real.olean: OK
.lake/packages/mathlib/.lake/build/lib/lean/Mathlib/Topology/UniformSpace/Separation.olean: OK
.lake/packages/mathlib/.lake/build/lib/lean/Mathlib/Topology/UniformSpace/Ultra/Basic.olean: OK
.lake/packages/mathlib/.lake/build/lib/lean/Mathlib/Topology/UniformSpace/Ultra/Completion.olean: OK
.lake/packages/mathlib/.lake/build/lib/lean/Mathlib/Topology/UniformSpace/Ultra/Constructions.olean: OK
.lake/packages/mathlib/.lake/build/lib/lean/Mathlib/Topology/UniformSpace/UniformApproximation.olean: OK
.lake/packages/mathlib/.lake/build/lib/lean/Mathlib/Topology/UniformSpace/UniformConvergence.olean: OK
.lake/packages/mathlib/.lake/build/lib/lean/Mathlib/Topology/UniformSpace/UniformConvergenceTopology.olean: OK
.lake/packages/mathlib/.lake/build/lib/lean/Mathlib/Topology/UniformSpace/UniformEmbedding.olean: OK
.lake/packages/mathlib/.lake/build/lib/lean/Mathlib/Topology/UniformSpace/Uniformizable.olean: OK
.lake/packages/mathlib/.lake/build/lib/lean/Mathlib/Topology/UnitInterval.olean: OK
.lake/packages/mathlib/.lake/build/lib/lean/Mathlib/Topology/UrysohnsBounded.olean: OK
.lake/packages/mathlib/.lake/build/lib/lean/Mathlib/Topology/UrysohnsLemma.olean: OK
.lake/packages/mathlib/.lake/build/lib/lean/Mathlib/Topology/VectorBundle/Basic.olean: OK
.lake/packages/mathlib/.lake/build/lib/lean/Mathlib/Topology/VectorBundle/Constructions.olean: OK
.lake/packages/mathlib/.lake/build/lib/lean/Mathlib/Topology/VectorBundle/ContinuousAlternatingMap.olean: OK
.lake/packages/mathlib/.lake/build/lib/lean/Mathlib/Topology/VectorBundle/FiniteDimensional.olean: OK
.lake/packages/mathlib/.lake/build/lib/lean/Mathlib/Topology/VectorBundle/Hom.olean: OK
.lake/packages/mathlib/.lake/build/lib/lean/Mathlib/Topology/VectorBundle/Riemannian.olean: OK
.lake/packages/mathlib/.lake/build/lib/lean/Mathlib/Topology/WithTopology.olean: OK
.lake/packages/mathlib/.lake/build/lib/lean/Mathlib/Util/AddRelatedDecl.olean: OK
.lake/packages/mathlib/.lake/build/lib/lean/Mathlib/Util/AliasIn.olean: OK
.lake/packages/mathlib/.lake/build/lib/lean/Mathlib/Util/AssertNoSorry.olean: OK
.lake/packages/mathlib/.lake/build/lib/lean/Mathlib/Util/AtLocation.olean: OK
.lake/packages/mathlib/.lake/build/lib/lean/Mathlib/Util/AtomM.olean: OK
.lake/packages/mathlib/.lake/build/lib/lean/Mathlib/Util/AtomM/Recurse.olean: OK
.lake/packages/mathlib/.lake/build/lib/lean/Mathlib/Util/CompileInductive.olean: OK
.lake/packages/mathlib/.lake/build/lib/lean/Mathlib/Util/CountHeartbeats.olean: OK
.lake/packages/mathlib/.lake/build/lib/lean/Mathlib/Util/DelabNonCanonical.olean: OK
.lake/packages/mathlib/.lake/build/lib/lean/Mathlib/Util/Delaborators.olean: OK
.lake/packages/mathlib/.lake/build/lib/lean/Mathlib/Util/DischargerAsTactic.olean: OK
.lake/packages/mathlib/.lake/build/lib/lean/Mathlib/Util/ElabWithoutMVars.olean: OK
.lake/packages/mathlib/.lake/build/lib/lean/Mathlib/Util/Export.olean: OK
.lake/packages/mathlib/.lake/build/lib/lean/Mathlib/Util/FormatTable.olean: OK
.lake/packages/mathlib/.lake/build/lib/lean/Mathlib/Util/GetAllModules.olean: OK
.lake/packages/mathlib/.lake/build/lib/lean/Mathlib/Util/LongNames.olean: OK
.lake/packages/mathlib/.lake/build/lib/lean/Mathlib/Util/MemoFix.olean: OK
.lake/packages/mathlib/.lake/build/lib/lean/Mathlib/Util/Notation3.olean: OK
.lake/packages/mathlib/.lake/build/lib/lean/Mathlib/Util/PPOptions.olean: OK
.lake/packages/mathlib/.lake/build/lib/lean/Mathlib/Util/ParseCommand.olean: OK
.lake/packages/mathlib/.lake/build/lib/lean/Mathlib/Util/PrintSorries.olean: OK
.lake/packages/mathlib/.lake/build/lib/lean/Mathlib/Util/Qq.olean: OK
.lake/packages/mathlib/.lake/build/lib/lean/Mathlib/Util/Simp.olean: OK
.lake/packages/mathlib/.lake/build/lib/lean/Mathlib/Util/SleepHeartbeats.olean: OK
.lake/packages/mathlib/.lake/build/lib/lean/Mathlib/Util/Superscript.olean: OK
.lake/packages/mathlib/.lake/build/lib/lean/Mathlib/Util/SynthesizeUsing.olean: OK
.lake/packages/mathlib/.lake/build/lib/lean/Mathlib/Util/Tactic.olean: OK
.lake/packages/mathlib/.lake/build/lib/lean/Mathlib/Util/TermReduce.olean: OK
.lake/packages/mathlib/.lake/build/lib/lean/Mathlib/Util/TransImports.olean: OK
.lake/packages/mathlib/.lake/build/lib/lean/Mathlib/Util/WhatsNew.olean: OK
.lake/packages/mathlib/.lake/build/lib/lean/Mathlib/Util/WithWeakNamespace.olean: OK
.lake/packages/plausible/.lake/build/lib/lean/Plausible.olean: OK
.lake/packages/plausible/.lake/build/lib/lean/Plausible/Arbitrary.olean: OK
.lake/packages/plausible/.lake/build/lib/lean/Plausible/ArbitraryFueled.olean: OK
.lake/packages/plausible/.lake/build/lib/lean/Plausible/Attr.olean: OK
.lake/packages/plausible/.lake/build/lib/lean/Plausible/DeriveArbitrary.olean: OK
.lake/packages/plausible/.lake/build/lib/lean/Plausible/DeriveShrinkable.olean: OK
.lake/packages/plausible/.lake/build/lib/lean/Plausible/Functions.olean: OK
.lake/packages/plausible/.lake/build/lib/lean/Plausible/Gen.olean: OK
.lake/packages/plausible/.lake/build/lib/lean/Plausible/Random.olean: OK
.lake/packages/plausible/.lake/build/lib/lean/Plausible/Sampleable.olean: OK
.lake/packages/plausible/.lake/build/lib/lean/Plausible/Shrinkable.olean: OK
.lake/packages/plausible/.lake/build/lib/lean/Plausible/Tactic.olean: OK
.lake/packages/plausible/.lake/build/lib/lean/Plausible/Testable.olean: OK
.lake/packages/proofwidgets/.lake/build/lib/lean/ProofWidgets.olean: OK
.lake/packages/proofwidgets/.lake/build/lib/lean/ProofWidgets/Cancellable.olean: OK
.lake/packages/proofwidgets/.lake/build/lib/lean/ProofWidgets/Compat.olean: OK
.lake/packages/proofwidgets/.lake/build/lib/lean/ProofWidgets/Component/Basic.olean: OK
.lake/packages/proofwidgets/.lake/build/lib/lean/ProofWidgets/Component/FilterDetails.olean: OK
.lake/packages/proofwidgets/.lake/build/lib/lean/ProofWidgets/Component/GraphDisplay.olean: OK
.lake/packages/proofwidgets/.lake/build/lib/lean/ProofWidgets/Component/HtmlDisplay.olean: OK
.lake/packages/proofwidgets/.lake/build/lib/lean/ProofWidgets/Component/InteractiveSvg.olean: OK
.lake/packages/proofwidgets/.lake/build/lib/lean/ProofWidgets/Component/MakeEditLink.olean: OK
.lake/packages/proofwidgets/.lake/build/lib/lean/ProofWidgets/Component/OfRpcMethod.olean: OK
.lake/packages/proofwidgets/.lake/build/lib/lean/ProofWidgets/Component/Panel/Basic.olean: OK
.lake/packages/proofwidgets/.lake/build/lib/lean/ProofWidgets/Component/Panel/GoalTypePanel.olean: OK
.lake/packages/proofwidgets/.lake/build/lib/lean/ProofWidgets/Component/Panel/SelectionPanel.olean: OK
.lake/packages/proofwidgets/.lake/build/lib/lean/ProofWidgets/Component/PenroseDiagram.olean: OK
.lake/packages/proofwidgets/.lake/build/lib/lean/ProofWidgets/Component/Recharts.olean: OK
.lake/packages/proofwidgets/.lake/build/lib/lean/ProofWidgets/Data/Html.olean: OK
.lake/packages/proofwidgets/.lake/build/lib/lean/ProofWidgets/Data/Svg.olean: OK
.lake/packages/proofwidgets/.lake/build/lib/lean/ProofWidgets/Extra/CheckHighlight.olean: OK
.lake/packages/proofwidgets/.lake/build/lib/lean/ProofWidgets/Presentation/Expr.olean: OK
.lake/packages/proofwidgets/.lake/build/lib/lean/ProofWidgets/Util.olean: OK
