# differential 2026-10-04T02:11:57-0400 cflags='-DOB_MUTATE_UPDATE' limits heap=4000000 stack=4000000 ticks=20000000
# GenericExtensionReuse typing=accepted:{"tag":"natural"} rom-nodes=68 labels=11 full-ticks=111 responses=0 yields=0 lean-suite-s=1.5
FAIL GenericExtensionReuse full limits=(4000000,4000000,20000000) first=0 outcome=finished ticks=111 resumes=0 heap=24 stack=0 state-sha256=a06f623977d8fd11 differ=['ticks', 'trace', 'heap', 'bytes', 'state-bytes'] c={"outcome": "finished", "detail": "", "ticks": 150, "trace": "ab822989341460c0", "heap": 42, "stack": 0, "bytes": 1759, "resumes": 0}
FAIL GenericExtensionReuse ticks-third limits=(4000000,4000000,37) first=0 outcome=suspended-ticks ticks=37 resumes=0 heap=16 stack=3 state-sha256=1f8c6cb6f80282b8 differ=['bytes', 'state-bytes'] c={"outcome": "suspended-ticks", "detail": "", "ticks": 37, "trace": "258432ff2263d9f9", "heap": 16, "stack": 3, "bytes": 771, "resumes": 0}
FAIL GenericExtensionReuse ticks-two-thirds limits=(4000000,4000000,74) first=0 outcome=suspended-ticks ticks=74 resumes=0 heap=21 stack=7 state-sha256=5cff567fac7b8385 differ=['trace', 'heap', 'stack', 'bytes', 'state-bytes'] c={"outcome": "suspended-ticks", "detail": "", "ticks": 74, "trace": "d6f060065e45ab46", "heap": 27, "stack": 5, "bytes": 1275, "resumes": 0}
FAIL GenericExtensionReuse heap-half limits=(12,4000000,20000000) first=0 outcome=suspended-capacity ticks=33 resumes=0 heap=12 stack=5 state-sha256=3b66988c213b3afa differ=['bytes', 'state-bytes'] c={"outcome": "suspended-capacity", "detail": "", "ticks": 33, "trace": "3d521216a5a93263", "heap": 12, "stack": 5, "bytes": 668, "resumes": 0}
FAIL GenericExtensionReuse resume-capacity limits=(4000000,4000000,19999967) resume first=0 outcome=finished ticks=78 resumes=0 heap=24 stack=0 state-sha256=a06f623977d8fd11 differ=['ticks', 'trace', 'bytes', 'state-bytes'] c={"outcome": "finished", "detail": "", "ticks": 83, "trace": "634285b066cfe34e", "heap": 24, "stack": 0, "bytes": 1471, "resumes": 0}
PASS GenericExtensionReuse stack-three limits=(4000000,3,20000000) first=0 outcome=suspended-capacity ticks=4 resumes=0 heap=1 stack=3 state-sha256=c2531f55a3b3632c
FAIL GenericExtensionReuse resume-half limits=(4000000,4000000,19999945) resume first=0 outcome=finished ticks=56 resumes=0 heap=24 stack=0 state-sha256=a06f623977d8fd11 differ=['ticks', 'trace', 'bytes', 'state-bytes'] c={"outcome": "finished", "detail": "", "ticks": 61, "trace": "7a497ee22fbc393d", "heap": 24, "stack": 0, "bytes": 1541, "resumes": 0}
# RepeatedExtension typing=accepted:{"tag":"natural"} rom-nodes=43 labels=8 full-ticks=99 responses=0 yields=0 lean-suite-s=2.1
FAIL RepeatedExtension full limits=(4000000,4000000,20000000) first=0 outcome=finished ticks=99 resumes=0 heap=19 stack=0 state-sha256=0388dc65688dfd98 differ=['ticks', 'trace', 'heap', 'bytes', 'state-bytes'] c={"outcome": "finished", "detail": "", "ticks": 138, "trace": "bcc5f944fbb5a12f", "heap": 31, "stack": 0, "bytes": 1309, "resumes": 0}
FAIL RepeatedExtension ticks-third limits=(4000000,4000000,33) first=0 outcome=suspended-ticks ticks=33 resumes=0 heap=9 stack=5 state-sha256=ee38817791169adc differ=['bytes', 'state-bytes'] c={"outcome": "suspended-ticks", "detail": "", "ticks": 33, "trace": "274fd4590fc5a0ef", "heap": 9, "stack": 5, "bytes": 554, "resumes": 0}
FAIL RepeatedExtension ticks-two-thirds limits=(4000000,4000000,66) first=0 outcome=suspended-ticks ticks=66 resumes=0 heap=17 stack=3 state-sha256=2befea5f2ae0bc0b differ=['trace', 'heap', 'stack', 'bytes', 'state-bytes'] c={"outcome": "suspended-ticks", "detail": "", "ticks": 66, "trace": "48619f95a0a13010", "heap": 19, "stack": 8, "bytes": 1073, "resumes": 0}
FAIL RepeatedExtension heap-half limits=(9,4000000,20000000) first=0 outcome=suspended-capacity ticks=33 resumes=0 heap=9 stack=5 state-sha256=ee38817791169adc differ=['bytes', 'state-bytes'] c={"outcome": "suspended-capacity", "detail": "", "ticks": 33, "trace": "274fd4590fc5a0ef", "heap": 9, "stack": 5, "bytes": 554, "resumes": 0}
FAIL RepeatedExtension resume-capacity limits=(4000000,4000000,19999967) resume first=0 outcome=finished ticks=66 resumes=0 heap=19 stack=0 state-sha256=0388dc65688dfd98 differ=['ticks', 'trace', 'bytes', 'state-bytes'] c={"outcome": "finished", "detail": "", "ticks": 71, "trace": "30c48040fa182b71", "heap": 19, "stack": 0, "bytes": 1133, "resumes": 0}
PASS RepeatedExtension stack-three limits=(4000000,3,20000000) first=0 outcome=suspended-capacity ticks=4 resumes=0 heap=1 stack=3 state-sha256=88a0157558e1c201
FAIL RepeatedExtension resume-half limits=(4000000,4000000,19999951) resume first=0 outcome=finished ticks=50 resumes=0 heap=19 stack=0 state-sha256=0388dc65688dfd98 differ=['ticks', 'trace', 'bytes', 'state-bytes'] c={"outcome": "finished", "detail": "", "ticks": 55, "trace": "98b77251c49f1ccf", "heap": 19, "stack": 0, "bytes": 1203, "resumes": 0}
# EvenOddTen typing=accepted:{"tag":"boolean"} rom-nodes=70 labels=17 full-ticks=276 responses=0 yields=0 lean-suite-s=2.1
FAIL EvenOddTen full limits=(4000000,4000000,20000000) first=0 outcome=finished ticks=276 resumes=0 heap=50 stack=0 state-sha256=e60388d6d34dd24c differ=['ticks', 'trace', 'heap', 'bytes', 'state-bytes'] c={"outcome": "finished", "detail": "", "ticks": 1532, "trace": "a5a338a7be6b89b3", "heap": 414, "stack": 0, "bytes": 18239, "resumes": 0}
FAIL EvenOddTen ticks-third limits=(4000000,4000000,92) first=0 outcome=suspended-ticks ticks=92 resumes=0 heap=23 stack=9 state-sha256=23ebe2d77850bf4e differ=['trace', 'heap', 'stack', 'bytes', 'state-bytes'] c={"outcome": "suspended-ticks", "detail": "", "ticks": 92, "trace": "dc311e9f143d1305", "heap": 29, "stack": 11, "bytes": 1505, "resumes": 0}
FAIL EvenOddTen ticks-two-thirds limits=(4000000,4000000,184) first=0 outcome=suspended-ticks ticks=184 resumes=0 heap=38 stack=2 state-sha256=5982bf98af5351a2 differ=['trace', 'heap', 'stack', 'bytes', 'state-bytes'] c={"outcome": "suspended-ticks", "detail": "", "ticks": 184, "trace": "e987d4945e10c5c7", "heap": 55, "stack": 4, "bytes": 2294, "resumes": 0}
FAIL EvenOddTen heap-half limits=(25,4000000,20000000) first=0 outcome=suspended-capacity ticks=103 resumes=0 heap=25 stack=10 state-sha256=61a771ee75051184 differ=['ticks', 'trace', 'stack', 'bytes', 'state-bytes'] c={"outcome": "suspended-capacity", "detail": "", "ticks": 83, "trace": "eb11452faa5076d2", "heap": 25, "stack": 12, "bytes": 1316, "resumes": 0}
FAIL EvenOddTen resume-capacity limits=(4000000,4000000,19999897) resume first=0 outcome=finished ticks=173 resumes=0 heap=50 stack=0 state-sha256=e60388d6d34dd24c differ=['ticks', 'trace', 'heap', 'bytes', 'state-bytes'] c={"outcome": "finished", "detail": "", "ticks": 892, "trace": "e1749d9daa565916", "heap": 190, "stack": 0, "bytes": 11700, "resumes": 0}
PASS EvenOddTen stack-three limits=(4000000,3,20000000) first=0 outcome=suspended-capacity ticks=4 resumes=0 heap=1 stack=3 state-sha256=5147cea49be1d7a0
FAIL EvenOddTen resume-half limits=(4000000,4000000,19999862) resume first=0 outcome=finished ticks=138 resumes=0 heap=50 stack=0 state-sha256=e60388d6d34dd24c differ=['ticks', 'trace', 'bytes', 'state-bytes'] c={"outcome": "finished", "detail": "", "ticks": 150, "trace": "e9ed923325f7d15a", "heap": 50, "stack": 0, "bytes": 3254, "resumes": 0}
# TwiceReview typing=accepted:{"tag":"natural"} rom-nodes=91 labels=20 full-ticks=238 responses=0 yields=0 lean-suite-s=2.1
FAIL TwiceReview full limits=(4000000,4000000,20000000) first=0 outcome=finished ticks=238 resumes=0 heap=46 stack=0 state-sha256=0ac61d4cb2d35905 differ=['ticks', 'trace', 'heap', 'bytes', 'state-bytes'] c={"outcome": "finished", "detail": "", "ticks": 926, "trace": "5d8dc278c99a3e78", "heap": 266, "stack": 0, "bytes": 12071, "resumes": 0}
FAIL TwiceReview ticks-third limits=(4000000,4000000,79) first=0 outcome=suspended-ticks ticks=79 resumes=0 heap=22 stack=8 state-sha256=c584d7fd2a819efd differ=['trace', 'heap', 'stack', 'bytes', 'state-bytes'] c={"outcome": "suspended-ticks", "detail": "", "ticks": 79, "trace": "c74fcb6c029147ea", "heap": 27, "stack": 9, "bytes": 1356, "resumes": 0}
FAIL TwiceReview ticks-two-thirds limits=(4000000,4000000,158) first=0 outcome=suspended-ticks ticks=158 resumes=0 heap=41 stack=3 state-sha256=25be01e7d7c8f201 differ=['trace', 'heap', 'stack', 'bytes', 'state-bytes'] c={"outcome": "suspended-ticks", "detail": "", "ticks": 158, "trace": "c00394033379f807", "heap": 50, "stack": 13, "bytes": 2670, "resumes": 0}
FAIL TwiceReview heap-half limits=(23,4000000,20000000) first=0 outcome=suspended-capacity ticks=86 resumes=0 heap=23 stack=10 state-sha256=756fe9dff84372cf differ=['ticks', 'trace', 'stack', 'bytes', 'state-bytes'] c={"outcome": "suspended-capacity", "detail": "", "ticks": 63, "trace": "99a4f21c07b60cf7", "heap": 23, "stack": 6, "bytes": 1042, "resumes": 0}
FAIL TwiceReview resume-capacity limits=(4000000,4000000,19999914) resume first=0 outcome=finished ticks=152 resumes=0 heap=46 stack=0 state-sha256=0ac61d4cb2d35905 differ=['ticks', 'trace', 'heap', 'bytes', 'state-bytes'] c={"outcome": "finished", "detail": "", "ticks": 555, "trace": "9b88eca00bf53765", "heap": 136, "stack": 0, "bytes": 8616, "resumes": 0}
PASS TwiceReview stack-three limits=(4000000,3,20000000) first=0 outcome=suspended-capacity ticks=4 resumes=0 heap=1 stack=3 state-sha256=7b4bd7e9d833da5d
FAIL TwiceReview resume-half limits=(4000000,4000000,19999881) resume first=0 outcome=finished ticks=119 resumes=0 heap=46 stack=0 state-sha256=0ac61d4cb2d35905 differ=['ticks', 'trace', 'heap', 'bytes', 'state-bytes'] c={"outcome": "finished", "detail": "", "ticks": 506, "trace": "98b1fa38781e3e42", "heap": 128, "stack": 0, "bytes": 8471, "resumes": 0}
# ImportedReview typing=accepted:{"tag":"natural"} rom-nodes=91 labels=20 full-ticks=238 responses=0 yields=0 lean-suite-s=2.2
FAIL ImportedReview full limits=(4000000,4000000,20000000) first=0 outcome=finished ticks=238 resumes=0 heap=46 stack=0 state-sha256=2ac9719f71e37fb2 differ=['ticks', 'trace', 'heap', 'bytes', 'state-bytes'] c={"outcome": "finished", "detail": "", "ticks": 926, "trace": "5d8dc278c99a3e78", "heap": 266, "stack": 0, "bytes": 12071, "resumes": 0}
FAIL ImportedReview ticks-third limits=(4000000,4000000,79) first=0 outcome=suspended-ticks ticks=79 resumes=0 heap=22 stack=8 state-sha256=c519245a3a411cff differ=['trace', 'heap', 'stack', 'bytes', 'state-bytes'] c={"outcome": "suspended-ticks", "detail": "", "ticks": 79, "trace": "c74fcb6c029147ea", "heap": 27, "stack": 9, "bytes": 1351, "resumes": 0}
FAIL ImportedReview ticks-two-thirds limits=(4000000,4000000,158) first=0 outcome=suspended-ticks ticks=158 resumes=0 heap=41 stack=3 state-sha256=87063dbdc667a0e1 differ=['trace', 'heap', 'stack', 'bytes', 'state-bytes'] c={"outcome": "suspended-ticks", "detail": "", "ticks": 158, "trace": "c00394033379f807", "heap": 50, "stack": 13, "bytes": 2644, "resumes": 0}
FAIL ImportedReview heap-half limits=(23,4000000,20000000) first=0 outcome=suspended-capacity ticks=86 resumes=0 heap=23 stack=10 state-sha256=562d30e92d101f5e differ=['ticks', 'trace', 'stack', 'bytes', 'state-bytes'] c={"outcome": "suspended-capacity", "detail": "", "ticks": 63, "trace": "99a4f21c07b60cf7", "heap": 23, "stack": 6, "bytes": 1042, "resumes": 0}
FAIL ImportedReview resume-capacity limits=(4000000,4000000,19999914) resume first=0 outcome=finished ticks=152 resumes=0 heap=46 stack=0 state-sha256=2ac9719f71e37fb2 differ=['ticks', 'trace', 'heap', 'bytes', 'state-bytes'] c={"outcome": "finished", "detail": "", "ticks": 555, "trace": "9b88eca00bf53765", "heap": 136, "stack": 0, "bytes": 8574, "resumes": 0}
PASS ImportedReview stack-three limits=(4000000,3,20000000) first=0 outcome=suspended-capacity ticks=4 resumes=0 heap=1 stack=3 state-sha256=8ee4e6ad905ce7a8
FAIL ImportedReview resume-half limits=(4000000,4000000,19999881) resume first=0 outcome=finished ticks=119 resumes=0 heap=46 stack=0 state-sha256=2ac9719f71e37fb2 differ=['ticks', 'trace', 'heap', 'bytes', 'state-bytes'] c={"outcome": "finished", "detail": "", "ticks": 506, "trace": "98b1fa38781e3e42", "heap": 128, "stack": 0, "bytes": 8429, "resumes": 0}
# LazySpecification typing=accepted:{"tag":"natural"} rom-nodes=68 labels=18 full-ticks=144 responses=0 yields=0 lean-suite-s=3.3
FAIL LazySpecification full limits=(4000000,4000000,20000000) first=0 outcome=finished ticks=144 resumes=0 heap=32 stack=0 state-sha256=1994c4334f0da9b2 differ=['ticks', 'trace', 'heap', 'bytes', 'state-bytes'] c={"outcome": "finished", "detail": "", "ticks": 314, "trace": "958b4761ee666d3c", "heap": 95, "stack": 0, "bytes": 3981, "resumes": 0}
FAIL LazySpecification ticks-third limits=(4000000,4000000,48) first=0 outcome=suspended-ticks ticks=48 resumes=0 heap=16 stack=6 state-sha256=e651aa5d0077a6d8 differ=['trace', 'heap', 'stack', 'bytes', 'state-bytes'] c={"outcome": "suspended-ticks", "detail": "", "ticks": 48, "trace": "592d9fef142edd67", "heap": 19, "stack": 5, "bytes": 933, "resumes": 0}
FAIL LazySpecification ticks-two-thirds limits=(4000000,4000000,96) first=0 outcome=suspended-ticks ticks=96 resumes=0 heap=26 stack=6 state-sha256=1902353791d38f6b differ=['trace', 'heap', 'stack', 'bytes', 'state-bytes'] c={"outcome": "suspended-ticks", "detail": "", "ticks": 96, "trace": "b49087b64312e739", "heap": 31, "stack": 11, "bytes": 1663, "resumes": 0}
FAIL LazySpecification heap-half limits=(16,4000000,20000000) first=0 outcome=suspended-capacity ticks=52 resumes=0 heap=16 stack=6 state-sha256=11727975bf22ba66 differ=['ticks', 'trace', 'heap', 'stack', 'bytes', 'state-bytes'] c={"outcome": "suspended-capacity", "detail": "", "ticks": 45, "trace": "ce081dc3d68c3fab", "heap": 14, "stack": 8, "bytes": 787, "resumes": 0}
FAIL LazySpecification resume-capacity limits=(4000000,4000000,19999948) resume first=0 outcome=finished ticks=92 resumes=0 heap=32 stack=0 state-sha256=1994c4334f0da9b2 differ=['ticks', 'trace', 'heap', 'bytes', 'state-bytes'] c={"outcome": "finished", "detail": "", "ticks": 165, "trace": "e5f058aee742683c", "heap": 50, "stack": 0, "bytes": 3142, "resumes": 0}
PASS LazySpecification stack-three limits=(4000000,3,20000000) first=0 outcome=suspended-capacity ticks=4 resumes=0 heap=1 stack=3 state-sha256=46b3174a253d76a5
FAIL LazySpecification resume-half limits=(4000000,4000000,19999928) resume first=0 outcome=finished ticks=72 resumes=0 heap=32 stack=0 state-sha256=1994c4334f0da9b2 differ=['ticks', 'trace', 'heap', 'bytes', 'state-bytes'] c={"outcome": "finished", "detail": "", "ticks": 141, "trace": "379cc93b84c1fb99", "heap": 48, "stack": 0, "bytes": 3138, "resumes": 0}
# Heterogeneous typing=accepted:{"member":{"tag":"natural"},"name":"x","tag":"field","tail":{"member":{"tag":"natural"},"name":"y","tag":"field","tail":{"member":{"tag":"natural"},"name":"z","tag":"field","tail":{"tag":"emptyRow"}}}} rom-nodes=52 labels=12 full-ticks=97 responses=0 yields=0 lean-suite-s=2.3
FAIL Heterogeneous full limits=(4000000,4000000,20000000) first=0 outcome=finished ticks=97 resumes=0 heap=23 stack=0 state-sha256=02a7b0f3fe174a52 differ=['ticks', 'trace', 'heap', 'bytes', 'state-bytes'] c={"outcome": "finished", "detail": "", "ticks": 134, "trace": "49b1b783df056eb5", "heap": 37, "stack": 0, "bytes": 1587, "resumes": 0}
FAIL Heterogeneous ticks-third limits=(4000000,4000000,32) first=0 outcome=suspended-ticks ticks=32 resumes=0 heap=10 stack=5 state-sha256=a288304676e547b8 differ=['bytes', 'state-bytes'] c={"outcome": "suspended-ticks", "detail": "", "ticks": 32, "trace": "6acc9cd3d12be32f", "heap": 10, "stack": 5, "bytes": 591, "resumes": 0}
FAIL Heterogeneous ticks-two-thirds limits=(4000000,4000000,64) first=0 outcome=suspended-ticks ticks=64 resumes=0 heap=18 stack=2 state-sha256=617d7a613a3db183 differ=['trace', 'heap', 'stack', 'bytes', 'state-bytes'] c={"outcome": "suspended-ticks", "detail": "", "ticks": 64, "trace": "33dca123e9d45c68", "heap": 20, "stack": 7, "bytes": 1025, "resumes": 0}
FAIL Heterogeneous heap-half limits=(11,4000000,20000000) first=0 outcome=suspended-capacity ticks=35 resumes=0 heap=11 stack=4 state-sha256=173ce740cfeaf1a7 differ=['bytes', 'state-bytes'] c={"outcome": "suspended-capacity", "detail": "", "ticks": 35, "trace": "a1b3e14c16d5da88", "heap": 11, "stack": 4, "bytes": 600, "resumes": 0}
FAIL Heterogeneous resume-capacity limits=(4000000,4000000,19999965) resume first=0 outcome=finished ticks=62 resumes=0 heap=23 stack=0 state-sha256=02a7b0f3fe174a52 differ=['ticks', 'trace', 'bytes', 'state-bytes'] c={"outcome": "finished", "detail": "", "ticks": 65, "trace": "bfd820969e120ed4", "heap": 23, "stack": 0, "bytes": 1353, "resumes": 0}
PASS Heterogeneous stack-three limits=(4000000,3,20000000) first=0 outcome=suspended-capacity ticks=4 resumes=0 heap=1 stack=3 state-sha256=150981b1e8812acf
FAIL Heterogeneous resume-half limits=(4000000,4000000,19999952) resume first=0 outcome=finished ticks=49 resumes=0 heap=23 stack=0 state-sha256=02a7b0f3fe174a52 differ=['ticks', 'trace', 'bytes', 'state-bytes'] c={"outcome": "finished", "detail": "", "ticks": 52, "trace": "fbdd8a110d7d9e6d", "heap": 23, "stack": 0, "bytes": 1423, "resumes": 0}
# LazySharedField typing=accepted:{"tag":"natural"} rom-nodes=36 labels=7 full-ticks=8240 responses=0 yields=0 lean-suite-s=2.6
FAIL LazySharedField full limits=(4000000,4000000,20000000) first=0 outcome=finished ticks=8240 resumes=0 heap=779 stack=0 state-sha256=685ad11d2c8d8e93 differ=['ticks', 'trace', 'heap', 'bytes', 'state-bytes'] c={"outcome": "finished", "detail": "", "ticks": 38985, "trace": "60f1aa6e1d9bf702", "heap": 8728, "stack": 0, "bytes": 273206, "resumes": 0}
FAIL LazySharedField ticks-third limits=(4000000,4000000,2746) first=0 outcome=suspended-ticks ticks=2746 resumes=0 heap=268 stack=13 state-sha256=c2b387c2d9250757 differ=['trace', 'heap', 'stack', 'bytes', 'state-bytes'] c={"outcome": "suspended-ticks", "detail": "", "ticks": 2746, "trace": "c4f1554c49f02fcc", "heap": 627, "stack": 12, "bytes": 20164, "resumes": 0}
FAIL LazySharedField ticks-two-thirds limits=(4000000,4000000,5493) first=0 outcome=suspended-ticks ticks=5493 resumes=0 heap=525 stack=12 state-sha256=14d793076f5c5b3e differ=['trace', 'heap', 'stack', 'bytes', 'state-bytes'] c={"outcome": "suspended-ticks", "detail": "", "ticks": 5493, "trace": "17e98c0a11287015", "heap": 1241, "stack": 14, "bytes": 39473, "resumes": 0}
FAIL LazySharedField heap-half limits=(389,4000000,20000000) first=0 outcome=suspended-capacity ticks=4053 resumes=0 heap=389 stack=12 state-sha256=7d2f0a3b450aa305 differ=['ticks', 'trace', 'bytes', 'state-bytes'] c={"outcome": "suspended-capacity", "detail": "", "ticks": 1682, "trace": "aed1a43648085796", "heap": 389, "stack": 12, "bytes": 12718, "resumes": 0}
FAIL LazySharedField resume-capacity limits=(4000000,4000000,19995947) resume first=0 outcome=finished ticks=4187 resumes=0 heap=779 stack=0 state-sha256=685ad11d2c8d8e93 differ=['ticks', 'trace', 'heap', 'bytes', 'state-bytes'] c={"outcome": "finished", "detail": "", "ticks": 12362, "trace": "2c4c8fc6d1bdda3d", "heap": 1545, "stack": 0, "bytes": 67545, "resumes": 0}
PASS LazySharedField stack-three limits=(4000000,3,20000000) first=0 outcome=suspended-capacity ticks=4 resumes=0 heap=1 stack=3 state-sha256=b41dfde8a2428252
FAIL LazySharedField resume-half limits=(4000000,4000000,19995880) resume first=0 outcome=finished ticks=4120 resumes=0 heap=779 stack=0 state-sha256=685ad11d2c8d8e93 differ=['ticks', 'trace', 'heap', 'bytes', 'state-bytes'] c={"outcome": "finished", "detail": "", "ticks": 12295, "trace": "0d21e15082f16425", "heap": 1545, "stack": 0, "bytes": 67567, "resumes": 0}
# LazyUnusedArgument typing=accepted:{"tag":"natural"} rom-nodes=23 labels=4 full-ticks=43 responses=0 yields=0 lean-suite-s=2.0
FAIL LazyUnusedArgument full limits=(4000000,4000000,20000000) first=0 outcome=finished ticks=43 resumes=0 heap=9 stack=0 state-sha256=21630a61f612d73e differ=['ticks', 'trace', 'heap', 'bytes', 'state-bytes'] c={"outcome": "finished", "detail": "", "ticks": 60, "trace": "3c562c10052a6b64", "heap": 15, "stack": 0, "bytes": 453, "resumes": 0}
FAIL LazyUnusedArgument ticks-third limits=(4000000,4000000,14) first=0 outcome=suspended-ticks ticks=14 resumes=0 heap=5 stack=3 state-sha256=d3a9ff868473522c differ=['bytes', 'state-bytes'] c={"outcome": "suspended-ticks", "detail": "", "ticks": 14, "trace": "129b6a9e7111468a", "heap": 5, "stack": 3, "bytes": 314, "resumes": 0}
FAIL LazyUnusedArgument ticks-two-thirds limits=(4000000,4000000,28) first=0 outcome=suspended-ticks ticks=28 resumes=0 heap=7 stack=5 state-sha256=7ac1bafd1e80533d differ=['bytes', 'state-bytes'] c={"outcome": "suspended-ticks", "detail": "", "ticks": 28, "trace": "1df721f684085d33", "heap": 7, "stack": 5, "bytes": 337, "resumes": 0}
FAIL LazyUnusedArgument heap-half limits=(4,4000000,20000000) first=0 outcome=suspended-capacity ticks=12 resumes=0 heap=4 stack=3 state-sha256=33da23b1805929a9 differ=['bytes', 'state-bytes'] c={"outcome": "suspended-capacity", "detail": "", "ticks": 12, "trace": "e238daba0a6eef11", "heap": 4, "stack": 3, "bytes": 200, "resumes": 0}
FAIL LazyUnusedArgument resume-capacity limits=(4000000,4000000,19999988) resume first=0 outcome=finished ticks=31 resumes=0 heap=9 stack=0 state-sha256=21630a61f612d73e differ=['ticks', 'trace', 'heap', 'bytes', 'state-bytes'] c={"outcome": "finished", "detail": "", "ticks": 48, "trace": "9b89a4e3ffa83ff0", "heap": 15, "stack": 0, "bytes": 475, "resumes": 0}
PASS LazyUnusedArgument stack-three limits=(4000000,3,20000000) first=0 outcome=suspended-capacity ticks=4 resumes=0 heap=1 stack=3 state-sha256=a1b0d45e6554e1f1
FAIL LazyUnusedArgument resume-half limits=(4000000,4000000,19999979) resume first=0 outcome=finished ticks=22 resumes=0 heap=9 stack=0 state-sha256=21630a61f612d73e differ=['bytes', 'state-bytes'] c={"outcome": "finished", "detail": "", "ticks": 22, "trace": "79f805378c2492d5", "heap": 9, "stack": 0, "bytes": 401, "resumes": 0}
# LazyUnusedField typing=accepted:{"tag":"natural"} rom-nodes=27 labels=6 full-ticks=48 responses=0 yields=0 lean-suite-s=1.9
FAIL LazyUnusedField full limits=(4000000,4000000,20000000) first=0 outcome=finished ticks=48 resumes=0 heap=12 stack=0 state-sha256=8515cbd44a64748a differ=['ticks', 'trace', 'heap', 'bytes', 'state-bytes'] c={"outcome": "finished", "detail": "", "ticks": 65, "trace": "cc84aa693e718486", "heap": 18, "stack": 0, "bytes": 623, "resumes": 0}
FAIL LazyUnusedField ticks-third limits=(4000000,4000000,16) first=0 outcome=suspended-ticks ticks=16 resumes=0 heap=5 stack=4 state-sha256=6af9f82804ad3165 differ=['bytes', 'state-bytes'] c={"outcome": "suspended-ticks", "detail": "", "ticks": 16, "trace": "47169e6d4c6f3814", "heap": 5, "stack": 4, "bytes": 300, "resumes": 0}
FAIL LazyUnusedField ticks-two-thirds limits=(4000000,4000000,32) first=0 outcome=suspended-ticks ticks=32 resumes=0 heap=8 stack=7 state-sha256=25aeee772ef4a924 differ=['trace', 'stack', 'bytes', 'state-bytes'] c={"outcome": "suspended-ticks", "detail": "", "ticks": 32, "trace": "874c4bdb63558bfc", "heap": 8, "stack": 8, "bytes": 438, "resumes": 0}
FAIL LazyUnusedField heap-half limits=(6,4000000,20000000) first=0 outcome=suspended-capacity ticks=18 resumes=0 heap=5 stack=3 state-sha256=77c81c2653bba2ac differ=['bytes', 'state-bytes'] c={"outcome": "suspended-capacity", "detail": "", "ticks": 18, "trace": "a6746aa1d1e483f3", "heap": 5, "stack": 3, "bytes": 279, "resumes": 0}
FAIL LazyUnusedField resume-capacity limits=(4000000,4000000,19999982) resume first=0 outcome=finished ticks=30 resumes=0 heap=12 stack=0 state-sha256=8515cbd44a64748a differ=['ticks', 'trace', 'heap', 'bytes', 'state-bytes'] c={"outcome": "finished", "detail": "", "ticks": 47, "trace": "60332f549805e528", "heap": 18, "stack": 0, "bytes": 654, "resumes": 0}
PASS LazyUnusedField stack-three limits=(4000000,3,20000000) first=0 outcome=suspended-capacity ticks=4 resumes=0 heap=1 stack=3 state-sha256=ce9b8653b3b1e116
FAIL LazyUnusedField resume-half limits=(4000000,4000000,19999976) resume first=0 outcome=finished ticks=24 resumes=0 heap=12 stack=0 state-sha256=8515cbd44a64748a differ=['bytes', 'state-bytes'] c={"outcome": "finished", "detail": "", "ticks": 24, "trace": "ac6fc575d5c6ec26", "heap": 12, "stack": 0, "bytes": 567, "resumes": 0}
# OrdinaryReturn typing=accepted:{"tag":"natural"} rom-nodes=13 labels=3 full-ticks=25 responses=0 yields=0 lean-suite-s=2.2
FAIL OrdinaryReturn full limits=(4000000,4000000,20000000) first=0 outcome=finished ticks=25 resumes=0 heap=6 stack=0 state-sha256=2c3df6b3b7fb73a2 differ=['bytes', 'state-bytes'] c={"outcome": "finished", "detail": "", "ticks": 25, "trace": "39a71570bcf5c4bb", "heap": 6, "stack": 0, "bytes": 175, "resumes": 0}
PASS OrdinaryReturn ticks-third limits=(4000000,4000000,8) first=0 outcome=suspended-ticks ticks=8 resumes=0 heap=3 stack=5 state-sha256=ced9f433bd7a650b
FAIL OrdinaryReturn ticks-two-thirds limits=(4000000,4000000,16) first=0 outcome=suspended-ticks ticks=16 resumes=0 heap=5 stack=4 state-sha256=e4faab5221d515a0 differ=['bytes', 'state-bytes'] c={"outcome": "suspended-ticks", "detail": "", "ticks": 16, "trace": "47169e6d4c6f3814", "heap": 5, "stack": 4, "bytes": 271, "resumes": 0}
FAIL OrdinaryReturn heap-half limits=(3,4000000,20000000) first=0 outcome=suspended-capacity ticks=10 resumes=0 heap=3 stack=4 state-sha256=7cf91d72ebb56f83 differ=['bytes', 'state-bytes'] c={"outcome": "suspended-capacity", "detail": "", "ticks": 10, "trace": "d7b16b865b77cd92", "heap": 3, "stack": 4, "bytes": 190, "resumes": 0}
FAIL OrdinaryReturn resume-capacity limits=(4000000,4000000,19999990) resume first=0 outcome=finished ticks=15 resumes=0 heap=6 stack=0 state-sha256=2c3df6b3b7fb73a2 differ=['bytes', 'state-bytes'] c={"outcome": "finished", "detail": "", "ticks": 15, "trace": "b2c4a172c2c16382", "heap": 6, "stack": 0, "bytes": 197, "resumes": 0}
PASS OrdinaryReturn stack-three limits=(4000000,3,20000000) first=0 outcome=suspended-capacity ticks=4 resumes=0 heap=1 stack=3 state-sha256=9c4d3ce2a6ff95ce
FAIL OrdinaryReturn resume-half limits=(4000000,4000000,19999988) resume first=0 outcome=finished ticks=13 resumes=0 heap=6 stack=0 state-sha256=2c3df6b3b7fb73a2 differ=['bytes', 'state-bytes'] c={"outcome": "finished", "detail": "", "ticks": 13, "trace": "dc820befd64e9d37", "heap": 6, "stack": 0, "bytes": 197, "resumes": 0}
# QuotedFields typing=accepted:{"tag":"natural"} rom-nodes=19 labels=5 full-ticks=40 responses=0 yields=0 lean-suite-s=2.0
FAIL QuotedFields full limits=(4000000,4000000,20000000) first=0 outcome=finished ticks=40 resumes=0 heap=9 stack=0 state-sha256=b444d93c2dd15c25 differ=['bytes', 'state-bytes'] c={"outcome": "finished", "detail": "", "ticks": 40, "trace": "9545bc81431facb7", "heap": 9, "stack": 0, "bytes": 281, "resumes": 0}
FAIL QuotedFields ticks-third limits=(4000000,4000000,13) first=0 outcome=suspended-ticks ticks=13 resumes=0 heap=4 stack=4 state-sha256=3fce2d9fe1bdb3b3 differ=['bytes', 'state-bytes'] c={"outcome": "suspended-ticks", "detail": "", "ticks": 13, "trace": "20845b5ddcfe5094", "heap": 4, "stack": 4, "bytes": 210, "resumes": 0}
FAIL QuotedFields ticks-two-thirds limits=(4000000,4000000,26) first=0 outcome=suspended-ticks ticks=26 resumes=0 heap=7 stack=0 state-sha256=9119d3a53c4294dc differ=['bytes', 'state-bytes'] c={"outcome": "suspended-ticks", "detail": "", "ticks": 26, "trace": "389c7fc46e0422f9", "heap": 7, "stack": 0, "bytes": 228, "resumes": 0}
FAIL QuotedFields heap-half limits=(4,4000000,20000000) first=0 outcome=suspended-capacity ticks=13 resumes=0 heap=4 stack=4 state-sha256=3fce2d9fe1bdb3b3 differ=['bytes', 'state-bytes'] c={"outcome": "suspended-capacity", "detail": "", "ticks": 13, "trace": "20845b5ddcfe5094", "heap": 4, "stack": 4, "bytes": 210, "resumes": 0}
FAIL QuotedFields resume-capacity limits=(4000000,4000000,19999987) resume first=0 outcome=finished ticks=27 resumes=0 heap=9 stack=0 state-sha256=b444d93c2dd15c25 differ=['bytes', 'state-bytes'] c={"outcome": "finished", "detail": "", "ticks": 27, "trace": "dc0489cd4290bba4", "heap": 9, "stack": 0, "bytes": 303, "resumes": 0}
PASS QuotedFields stack-three limits=(4000000,3,20000000) first=0 outcome=suspended-capacity ticks=4 resumes=0 heap=1 stack=3 state-sha256=ec3a9d53fe5878f9
FAIL QuotedFields resume-half limits=(4000000,4000000,19999980) resume first=0 outcome=finished ticks=20 resumes=0 heap=9 stack=0 state-sha256=b444d93c2dd15c25 differ=['bytes', 'state-bytes'] c={"outcome": "finished", "detail": "", "ticks": 20, "trace": "4a41358db3b9dd88", "heap": 9, "stack": 0, "bytes": 312, "resumes": 0}
# ScalarBooleanTrue typing=accepted:{"tag":"boolean"} rom-nodes=13 labels=3 full-ticks=25 responses=0 yields=0 lean-suite-s=1.9
FAIL ScalarBooleanTrue full limits=(4000000,4000000,20000000) first=0 outcome=finished ticks=25 resumes=0 heap=6 stack=0 state-sha256=f381ec4719d3f507 differ=['bytes', 'state-bytes'] c={"outcome": "finished", "detail": "", "ticks": 25, "trace": "39a71570bcf5c4bb", "heap": 6, "stack": 0, "bytes": 171, "resumes": 0}
PASS ScalarBooleanTrue ticks-third limits=(4000000,4000000,8) first=0 outcome=suspended-ticks ticks=8 resumes=0 heap=3 stack=5 state-sha256=bdfb6382cab43630
FAIL ScalarBooleanTrue ticks-two-thirds limits=(4000000,4000000,16) first=0 outcome=suspended-ticks ticks=16 resumes=0 heap=5 stack=4 state-sha256=0d40053aba225ee2 differ=['bytes', 'state-bytes'] c={"outcome": "suspended-ticks", "detail": "", "ticks": 16, "trace": "47169e6d4c6f3814", "heap": 5, "stack": 4, "bytes": 271, "resumes": 0}
FAIL ScalarBooleanTrue heap-half limits=(3,4000000,20000000) first=0 outcome=suspended-capacity ticks=10 resumes=0 heap=3 stack=4 state-sha256=5db6b21829127195 differ=['bytes', 'state-bytes'] c={"outcome": "suspended-capacity", "detail": "", "ticks": 10, "trace": "d7b16b865b77cd92", "heap": 3, "stack": 4, "bytes": 190, "resumes": 0}
FAIL ScalarBooleanTrue resume-capacity limits=(4000000,4000000,19999990) resume first=0 outcome=finished ticks=15 resumes=0 heap=6 stack=0 state-sha256=f381ec4719d3f507 differ=['bytes', 'state-bytes'] c={"outcome": "finished", "detail": "", "ticks": 15, "trace": "b2c4a172c2c16382", "heap": 6, "stack": 0, "bytes": 193, "resumes": 0}
PASS ScalarBooleanTrue stack-three limits=(4000000,3,20000000) first=0 outcome=suspended-capacity ticks=4 resumes=0 heap=1 stack=3 state-sha256=6a2d6fa13efe5a8b
FAIL ScalarBooleanTrue resume-half limits=(4000000,4000000,19999988) resume first=0 outcome=finished ticks=13 resumes=0 heap=6 stack=0 state-sha256=f381ec4719d3f507 differ=['bytes', 'state-bytes'] c={"outcome": "finished", "detail": "", "ticks": 13, "trace": "dc820befd64e9d37", "heap": 6, "stack": 0, "bytes": 193, "resumes": 0}
# ScalarStringTrue typing=accepted:{"tag":"label"} rom-nodes=13 labels=4 full-ticks=25 responses=0 yields=0 lean-suite-s=1.8
FAIL ScalarStringTrue full limits=(4000000,4000000,20000000) first=0 outcome=finished ticks=25 resumes=0 heap=6 stack=0 state-sha256=dd681afe5a6c7e78 differ=['bytes', 'state-bytes'] c={"outcome": "finished", "detail": "", "ticks": 25, "trace": "39a71570bcf5c4bb", "heap": 6, "stack": 0, "bytes": 178, "resumes": 0}
PASS ScalarStringTrue ticks-third limits=(4000000,4000000,8) first=0 outcome=suspended-ticks ticks=8 resumes=0 heap=3 stack=5 state-sha256=1fe37e7c0bdd339d
FAIL ScalarStringTrue ticks-two-thirds limits=(4000000,4000000,16) first=0 outcome=suspended-ticks ticks=16 resumes=0 heap=5 stack=4 state-sha256=179368f8273fa40a differ=['bytes', 'state-bytes'] c={"outcome": "suspended-ticks", "detail": "", "ticks": 16, "trace": "47169e6d4c6f3814", "heap": 5, "stack": 4, "bytes": 267, "resumes": 0}
FAIL ScalarStringTrue heap-half limits=(3,4000000,20000000) first=0 outcome=suspended-capacity ticks=10 resumes=0 heap=3 stack=4 state-sha256=a252a65852ba00c7 differ=['bytes', 'state-bytes'] c={"outcome": "suspended-capacity", "detail": "", "ticks": 10, "trace": "d7b16b865b77cd92", "heap": 3, "stack": 4, "bytes": 188, "resumes": 0}
FAIL ScalarStringTrue resume-capacity limits=(4000000,4000000,19999990) resume first=0 outcome=finished ticks=15 resumes=0 heap=6 stack=0 state-sha256=dd681afe5a6c7e78 differ=['bytes', 'state-bytes'] c={"outcome": "finished", "detail": "", "ticks": 15, "trace": "b2c4a172c2c16382", "heap": 6, "stack": 0, "bytes": 200, "resumes": 0}
PASS ScalarStringTrue stack-three limits=(4000000,3,20000000) first=0 outcome=suspended-capacity ticks=4 resumes=0 heap=1 stack=3 state-sha256=e2d4e41bdc030bde
FAIL ScalarStringTrue resume-half limits=(4000000,4000000,19999988) resume first=0 outcome=finished ticks=13 resumes=0 heap=6 stack=0 state-sha256=dd681afe5a6c7e78 differ=['bytes', 'state-bytes'] c={"outcome": "finished", "detail": "", "ticks": 13, "trace": "dc820befd64e9d37", "heap": 6, "stack": 0, "bytes": 200, "resumes": 0}
# ScalarStringConjunction typing=refused rom-nodes=15 labels=5 full-ticks=27 responses=0 yields=0 lean-suite-s=1.9
FAIL ScalarStringConjunction full limits=(4000000,4000000,20000000) first=0 outcome=refused:wrongValue ticks=27 resumes=0 heap=6 stack=1 state-sha256=f25aba5caaed97f6 differ=['bytes', 'state-bytes'] c={"outcome": "refused", "detail": "wrongValue", "ticks": 27, "trace": "2f02926ab547c49a", "heap": 6, "stack": 1, "bytes": 179, "resumes": 0}
PASS ScalarStringConjunction ticks-third limits=(4000000,4000000,9) first=0 outcome=suspended-ticks ticks=9 resumes=0 heap=3 stack=5 state-sha256=2f0ea5083a067afb
FAIL ScalarStringConjunction ticks-two-thirds limits=(4000000,4000000,18) first=0 outcome=suspended-ticks ticks=18 resumes=0 heap=5 stack=3 state-sha256=5c90625464f4a9f0 differ=['bytes', 'state-bytes'] c={"outcome": "suspended-ticks", "detail": "", "ticks": 18, "trace": "a6746aa1d1e483f3", "heap": 5, "stack": 3, "bytes": 262, "resumes": 0}
FAIL ScalarStringConjunction heap-half limits=(3,4000000,20000000) first=0 outcome=suspended-capacity ticks=10 resumes=0 heap=3 stack=4 state-sha256=e4442f1d3a006b92 differ=['bytes', 'state-bytes'] c={"outcome": "suspended-capacity", "detail": "", "ticks": 10, "trace": "d7b16b865b77cd92", "heap": 3, "stack": 4, "bytes": 196, "resumes": 0}
FAIL ScalarStringConjunction resume-capacity limits=(4000000,4000000,19999990) resume first=0 outcome=refused:wrongValue ticks=17 resumes=0 heap=6 stack=1 state-sha256=f25aba5caaed97f6 differ=['bytes', 'state-bytes'] c={"outcome": "refused", "detail": "wrongValue", "ticks": 17, "trace": "1ecf0f293a0ec2ab", "heap": 6, "stack": 1, "bytes": 201, "resumes": 0}
PASS ScalarStringConjunction stack-three limits=(4000000,3,20000000) first=0 outcome=suspended-capacity ticks=4 resumes=0 heap=1 stack=3 state-sha256=cacc6b534dffdd86
FAIL ScalarStringConjunction resume-half limits=(4000000,4000000,19999987) resume first=0 outcome=refused:wrongValue ticks=14 resumes=0 heap=6 stack=1 state-sha256=f25aba5caaed97f6 differ=['bytes', 'state-bytes'] c={"outcome": "refused", "detail": "wrongValue", "ticks": 14, "trace": "3eafeb95496ceebb", "heap": 6, "stack": 1, "bytes": 201, "resumes": 0}
# ScalarAdvance typing=accepted:{"member":{"member":{"member":{"tag":"natural"},"name":"resource","tag":"field","tail":{"member":{"tag":"label"},"name":"root","tag":"field","tail":{"tag":"emptyRow"}}},"name":"0","tag":"field","tail":{"tag":"emptyRow"}},"name":"reads","tag":"field","tail":{"member":{"member":{"member":{"member":{"tag":"natural"},"name":"resource","tag":"field","tail":{"member":{"tag":"label"},"name":"root","tag":"field","tail":{"tag":"emptyRow"}}},"name":"ref","tag":"field","tail":{"member":{"tag":"natural"},"name":"field","tag":"field","tail":{"member":{"tag":"natural"},"name":"before","tag":"field","tail":{"member":{"tag":"natural"},"name":"after","tag":"field","tail":{"tag":"emptyRow"}}}}},"name":"0","tag":"field","tail":{"tag":"emptyRow"}},"name":"effects","tag":"field","tail":{"tag":"emptyRow"}}} rom-nodes=27 labels=13 full-ticks=31 responses=0 yields=0 lean-suite-s=1.9
FAIL ScalarAdvance full limits=(4000000,4000000,20000000) first=0 outcome=finished ticks=31 resumes=0 heap=10 stack=0 state-sha256=1bc3567208742613 differ=['bytes', 'state-bytes'] c={"outcome": "finished", "detail": "", "ticks": 31, "trace": "dc2240b7470260b2", "heap": 10, "stack": 0, "bytes": 350, "resumes": 0}
PASS ScalarAdvance ticks-third limits=(4000000,4000000,10) first=0 outcome=suspended-ticks ticks=10 resumes=0 heap=3 stack=7 state-sha256=80f62e426787fb15
FAIL ScalarAdvance ticks-two-thirds limits=(4000000,4000000,20) first=0 outcome=suspended-ticks ticks=20 resumes=0 heap=5 stack=5 state-sha256=d39ab99b94f08b01 differ=['bytes', 'state-bytes'] c={"outcome": "suspended-ticks", "detail": "", "ticks": 20, "trace": "1055018e73835d62", "heap": 5, "stack": 5, "bytes": 274, "resumes": 0}
FAIL ScalarAdvance heap-half limits=(5,4000000,20000000) first=0 outcome=suspended-capacity ticks=20 resumes=0 heap=5 stack=5 state-sha256=d39ab99b94f08b01 differ=['bytes', 'state-bytes'] c={"outcome": "suspended-capacity", "detail": "", "ticks": 20, "trace": "1055018e73835d62", "heap": 5, "stack": 5, "bytes": 274, "resumes": 0}
FAIL ScalarAdvance resume-capacity limits=(4000000,4000000,19999980) resume first=0 outcome=finished ticks=11 resumes=0 heap=10 stack=0 state-sha256=1bc3567208742613 differ=['bytes', 'state-bytes'] c={"outcome": "finished", "detail": "", "ticks": 11, "trace": "1cd8ac1e3145808f", "heap": 10, "stack": 0, "bytes": 381, "resumes": 0}
PASS ScalarAdvance stack-three limits=(4000000,3,20000000) first=0 outcome=suspended-capacity ticks=4 resumes=0 heap=1 stack=3 state-sha256=90259cd12a5ce53d
FAIL ScalarAdvance resume-half limits=(4000000,4000000,19999985) resume first=0 outcome=finished ticks=16 resumes=0 heap=10 stack=0 state-sha256=1bc3567208742613 differ=['bytes', 'state-bytes'] c={"outcome": "finished", "detail": "", "ticks": 16, "trace": "b03512010dd7fbe6", "heap": 10, "stack": 0, "bytes": 372, "resumes": 0}
# ScalarCapturedAdvance typing=accepted:{"tag":"natural"} rom-nodes=77 labels=18 full-ticks=159 responses=0 yields=0 lean-suite-s=2.2
FAIL ScalarCapturedAdvance full limits=(4000000,4000000,20000000) first=0 outcome=finished ticks=159 resumes=0 heap=43 stack=0 state-sha256=b2ac0d027f97ea7c differ=['ticks', 'trace', 'heap', 'bytes', 'state-bytes'] c={"outcome": "finished", "detail": "", "ticks": 198, "trace": "154f787c217359a0", "heap": 55, "stack": 0, "bytes": 2837, "resumes": 0}
FAIL ScalarCapturedAdvance ticks-third limits=(4000000,4000000,53) first=0 outcome=suspended-ticks ticks=53 resumes=0 heap=16 stack=6 state-sha256=07c7cacdf73bb03c differ=['bytes', 'state-bytes'] c={"outcome": "suspended-ticks", "detail": "", "ticks": 53, "trace": "f06ab035294ee564", "heap": 16, "stack": 6, "bytes": 1019, "resumes": 0}
FAIL ScalarCapturedAdvance ticks-two-thirds limits=(4000000,4000000,106) first=0 outcome=suspended-ticks ticks=106 resumes=0 heap=29 stack=6 state-sha256=179e08f8c599c920 differ=['trace', 'heap', 'stack', 'bytes', 'state-bytes'] c={"outcome": "suspended-ticks", "detail": "", "ticks": 106, "trace": "b60e803f2e6e3bd6", "heap": 32, "stack": 5, "bytes": 1657, "resumes": 0}
FAIL ScalarCapturedAdvance heap-half limits=(21,4000000,20000000) first=0 outcome=suspended-capacity ticks=76 resumes=0 heap=21 stack=3 state-sha256=b3a557b206a8ccb9 differ=['trace', 'heap', 'stack', 'bytes', 'state-bytes'] c={"outcome": "suspended-capacity", "detail": "", "ticks": 76, "trace": "a3fa321e5d71bbb8", "heap": 20, "stack": 12, "bytes": 1271, "resumes": 0}
FAIL ScalarCapturedAdvance resume-capacity limits=(4000000,4000000,19999924) resume first=0 outcome=finished ticks=83 resumes=0 heap=43 stack=0 state-sha256=b2ac0d027f97ea7c differ=['bytes', 'state-bytes'] c={"outcome": "finished", "detail": "", "ticks": 83, "trace": "2e333f903c1425ce", "heap": 43, "stack": 0, "bytes": 2975, "resumes": 0}
PASS ScalarCapturedAdvance stack-three limits=(4000000,3,20000000) first=0 outcome=suspended-capacity ticks=3 resumes=0 heap=0 stack=3 state-sha256=c84139a56c7f58a1
FAIL ScalarCapturedAdvance resume-half limits=(4000000,4000000,19999921) resume first=0 outcome=finished ticks=80 resumes=0 heap=43 stack=0 state-sha256=b2ac0d027f97ea7c differ=['bytes', 'state-bytes'] c={"outcome": "finished", "detail": "", "ticks": 80, "trace": "06767322796d53b7", "heap": 43, "stack": 0, "bytes": 2997, "resumes": 0}
# ScalarReusedAdvance typing=accepted:{"tag":"natural"} rom-nodes=72 labels=19 full-ticks=169 responses=0 yields=0 lean-suite-s=2.2
FAIL ScalarReusedAdvance full limits=(4000000,4000000,20000000) first=0 outcome=finished ticks=169 resumes=0 heap=45 stack=0 state-sha256=65c2727be3eccf2d differ=['ticks', 'trace', 'heap', 'bytes', 'state-bytes'] c={"outcome": "finished", "detail": "", "ticks": 239, "trace": "4d327616a0b452a1", "heap": 67, "stack": 0, "bytes": 3189, "resumes": 0}
FAIL ScalarReusedAdvance ticks-third limits=(4000000,4000000,56) first=0 outcome=suspended-ticks ticks=56 resumes=0 heap=14 stack=7 state-sha256=509f7342eeeb5584 differ=['trace', 'heap', 'bytes', 'state-bytes'] c={"outcome": "suspended-ticks", "detail": "", "ticks": 56, "trace": "d2fce9b76ee37bd4", "heap": 17, "stack": 7, "bytes": 778, "resumes": 0}
FAIL ScalarReusedAdvance ticks-two-thirds limits=(4000000,4000000,112) first=0 outcome=suspended-ticks ticks=112 resumes=0 heap=29 stack=8 state-sha256=ec31e53fe1e39c8d differ=['trace', 'heap', 'stack', 'bytes', 'state-bytes'] c={"outcome": "suspended-ticks", "detail": "", "ticks": 112, "trace": "b9e8891ce1b80dd1", "heap": 33, "stack": 11, "bytes": 1721, "resumes": 0}
FAIL ScalarReusedAdvance heap-half limits=(22,4000000,20000000) first=0 outcome=suspended-capacity ticks=87 resumes=0 heap=22 stack=4 state-sha256=33e6d56f34915294 differ=['ticks', 'trace', 'stack', 'bytes', 'state-bytes'] c={"outcome": "suspended-capacity", "detail": "", "ticks": 74, "trace": "530fa4b8cfc1219a", "heap": 22, "stack": 6, "bytes": 1007, "resumes": 0}
FAIL ScalarReusedAdvance resume-capacity limits=(4000000,4000000,19999913) resume first=0 outcome=finished ticks=82 resumes=0 heap=45 stack=0 state-sha256=65c2727be3eccf2d differ=['ticks', 'trace', 'bytes', 'state-bytes'] c={"outcome": "finished", "detail": "", "ticks": 84, "trace": "b7634026ee85127e", "heap": 45, "stack": 0, "bytes": 3100, "resumes": 0}
PASS ScalarReusedAdvance stack-three limits=(4000000,3,20000000) first=0 outcome=suspended-capacity ticks=3 resumes=0 heap=0 stack=3 state-sha256=2b6a4fee8adffa05
FAIL ScalarReusedAdvance resume-half limits=(4000000,4000000,19999916) resume first=0 outcome=finished ticks=85 resumes=0 heap=45 stack=0 state-sha256=65c2727be3eccf2d differ=['ticks', 'trace', 'bytes', 'state-bytes'] c={"outcome": "finished", "detail": "", "ticks": 87, "trace": "c1199b46fef55ff5", "heap": 45, "stack": 0, "bytes": 3100, "resumes": 0}
# ScalarHeterogeneousAdvance typing=accepted:{"tag":"natural"} rom-nodes=47 labels=14 full-ticks=94 responses=0 yields=0 lean-suite-s=2.4
FAIL ScalarHeterogeneousAdvance full limits=(4000000,4000000,20000000) first=0 outcome=finished ticks=94 resumes=0 heap=21 stack=0 state-sha256=fcddd92cfa39c044 differ=['ticks', 'trace', 'heap', 'bytes', 'state-bytes'] c={"outcome": "finished", "detail": "", "ticks": 149, "trace": "d77d6929ccd9624f", "heap": 42, "stack": 0, "bytes": 1759, "resumes": 0}
FAIL ScalarHeterogeneousAdvance ticks-third limits=(4000000,4000000,31) first=0 outcome=suspended-ticks ticks=31 resumes=0 heap=8 stack=4 state-sha256=a5aba02676d05589 differ=['bytes', 'state-bytes'] c={"outcome": "suspended-ticks", "detail": "", "ticks": 31, "trace": "93057b46a3811ce1", "heap": 8, "stack": 4, "bytes": 309, "resumes": 0}
FAIL ScalarHeterogeneousAdvance ticks-two-thirds limits=(4000000,4000000,62) first=0 outcome=suspended-ticks ticks=62 resumes=0 heap=19 stack=2 state-sha256=3520edde6c23a77b differ=['trace', 'heap', 'stack', 'bytes', 'state-bytes'] c={"outcome": "suspended-ticks", "detail": "", "ticks": 62, "trace": "e8435b3c97730629", "heap": 16, "stack": 7, "bytes": 669, "resumes": 0}
FAIL ScalarHeterogeneousAdvance heap-half limits=(10,4000000,20000000) first=0 outcome=suspended-capacity ticks=46 resumes=0 heap=10 stack=6 state-sha256=b16f03c662c66f8f differ=['ticks', 'trace', 'stack', 'bytes', 'state-bytes'] c={"outcome": "suspended-capacity", "detail": "", "ticks": 43, "trace": "9b26a09066aac0f0", "heap": 10, "stack": 11, "bytes": 578, "resumes": 0}
FAIL ScalarHeterogeneousAdvance resume-capacity limits=(4000000,4000000,19999954) resume first=0 outcome=finished ticks=48 resumes=0 heap=21 stack=0 state-sha256=fcddd92cfa39c044 differ=['ticks', 'trace', 'heap', 'bytes', 'state-bytes'] c={"outcome": "finished", "detail": "", "ticks": 64, "trace": "d13eb99118af983b", "heap": 30, "stack": 0, "bytes": 1736, "resumes": 0}
PASS ScalarHeterogeneousAdvance stack-three limits=(4000000,3,20000000) first=0 outcome=suspended-capacity ticks=3 resumes=0 heap=0 stack=3 state-sha256=1e3f645b378d2563
FAIL ScalarHeterogeneousAdvance resume-half limits=(4000000,4000000,19999953) resume first=0 outcome=finished ticks=47 resumes=0 heap=21 stack=0 state-sha256=fcddd92cfa39c044 differ=['ticks', 'trace', 'heap', 'bytes', 'state-bytes'] c={"outcome": "finished", "detail": "", "ticks": 63, "trace": "8303b0a83a96498f", "heap": 30, "stack": 0, "bytes": 1736, "resumes": 0}
# ScalarNativeAdvance typing=accepted:{"member":{"member":{"member":{"tag":"natural"},"name":"resource","tag":"field","tail":{"member":{"tag":"label"},"name":"root","tag":"field","tail":{"tag":"emptyRow"}}},"name":"0","tag":"field","tail":{"tag":"emptyRow"}},"name":"reads","tag":"field","tail":{"member":{"member":{"member":{"member":{"tag":"natural"},"name":"resource","tag":"field","tail":{"member":{"tag":"label"},"name":"root","tag":"field","tail":{"tag":"emptyRow"}}},"name":"ref","tag":"field","tail":{"member":{"tag":"natural"},"name":"field","tag":"field","tail":{"member":{"tag":"natural"},"name":"before","tag":"field","tail":{"member":{"tag":"natural"},"name":"after","tag":"field","tail":{"tag":"emptyRow"}}}}},"name":"0","tag":"field","tail":{"tag":"emptyRow"}},"name":"effects","tag":"field","tail":{"tag":"emptyRow"}}} rom-nodes=33 labels=13 full-ticks=37 responses=0 yields=0 lean-suite-s=2.2
FAIL ScalarNativeAdvance full limits=(4000000,4000000,20000000) first=0 outcome=finished ticks=37 resumes=0 heap=12 stack=0 state-sha256=7efc1343a8048f2d differ=['bytes', 'state-bytes'] c={"outcome": "finished", "detail": "", "ticks": 37, "trace": "129de578ce6a58df", "heap": 12, "stack": 0, "bytes": 410, "resumes": 0}
PASS ScalarNativeAdvance ticks-third limits=(4000000,4000000,12) first=0 outcome=suspended-ticks ticks=12 resumes=0 heap=3 stack=9 state-sha256=bfbf81040abb5a1e
FAIL ScalarNativeAdvance ticks-two-thirds limits=(4000000,4000000,24) first=0 outcome=suspended-ticks ticks=24 resumes=0 heap=6 stack=5 state-sha256=ccd7f3a236a1c476 differ=['bytes', 'state-bytes'] c={"outcome": "suspended-ticks", "detail": "", "ticks": 24, "trace": "469979da0af00f7a", "heap": 6, "stack": 5, "bytes": 305, "resumes": 0}
FAIL ScalarNativeAdvance heap-half limits=(6,4000000,20000000) first=0 outcome=suspended-capacity ticks=28 resumes=0 heap=6 stack=4 state-sha256=ae21301b26b791f4 differ=['bytes', 'state-bytes'] c={"outcome": "suspended-capacity", "detail": "", "ticks": 28, "trace": "bad4a59528282b03", "heap": 6, "stack": 4, "bytes": 263, "resumes": 0}
PASS ScalarNativeAdvance resume-capacity limits=(4000000,4000000,19999972) resume first=0 outcome=finished ticks=9 resumes=0 heap=12 stack=0 state-sha256=7efc1343a8048f2d
PASS ScalarNativeAdvance stack-three limits=(4000000,3,20000000) first=0 outcome=suspended-capacity ticks=3 resumes=0 heap=0 stack=3 state-sha256=48f63897e13c14a5
FAIL ScalarNativeAdvance resume-half limits=(4000000,4000000,19999982) resume first=0 outcome=finished ticks=19 resumes=0 heap=12 stack=0 state-sha256=7efc1343a8048f2d differ=['bytes', 'state-bytes'] c={"outcome": "finished", "detail": "", "ticks": 19, "trace": "5c9bea33ca72604e", "heap": 12, "stack": 0, "bytes": 432, "resumes": 0}
# QuantityOnce typing=accepted:{"tag":"natural"} rom-nodes=20 labels=3 full-ticks=41 responses=0 yields=0 lean-suite-s=2.0
FAIL QuantityOnce full limits=(4000000,4000000,20000000) first=0 outcome=finished ticks=41 resumes=0 heap=8 stack=0 state-sha256=3f8d3b2107ee50dc differ=['bytes', 'state-bytes'] c={"outcome": "finished", "detail": "", "ticks": 41, "trace": "173f5d82100a95ae", "heap": 8, "stack": 0, "bytes": 203, "resumes": 0}
FAIL QuantityOnce ticks-third limits=(4000000,4000000,13) first=0 outcome=suspended-ticks ticks=13 resumes=0 heap=4 stack=5 state-sha256=78799a2b1e15449b differ=['bytes', 'state-bytes'] c={"outcome": "suspended-ticks", "detail": "", "ticks": 13, "trace": "c38bb34b849aada8", "heap": 4, "stack": 5, "bytes": 219, "resumes": 0}
FAIL QuantityOnce ticks-two-thirds limits=(4000000,4000000,27) first=0 outcome=suspended-ticks ticks=27 resumes=0 heap=7 stack=1 state-sha256=75b22a19a3597ec8 differ=['bytes', 'state-bytes'] c={"outcome": "suspended-ticks", "detail": "", "ticks": 27, "trace": "a61f999670ff9134", "heap": 7, "stack": 1, "bytes": 242, "resumes": 0}
FAIL QuantityOnce heap-half limits=(4,4000000,20000000) first=0 outcome=suspended-capacity ticks=14 resumes=0 heap=4 stack=5 state-sha256=fe77641f542aa8b0 differ=['bytes', 'state-bytes'] c={"outcome": "suspended-capacity", "detail": "", "ticks": 14, "trace": "fa380f46f40e0430", "heap": 4, "stack": 5, "bytes": 220, "resumes": 0}
FAIL QuantityOnce resume-capacity limits=(4000000,4000000,19999986) resume first=0 outcome=finished ticks=27 resumes=0 heap=8 stack=0 state-sha256=3f8d3b2107ee50dc differ=['bytes', 'state-bytes'] c={"outcome": "finished", "detail": "", "ticks": 27, "trace": "ee5f2e04898085bd", "heap": 8, "stack": 0, "bytes": 225, "resumes": 0}
PASS QuantityOnce stack-three limits=(4000000,3,20000000) first=0 outcome=suspended-capacity ticks=4 resumes=0 heap=1 stack=3 state-sha256=2460f70fae611f5d
FAIL QuantityOnce resume-half limits=(4000000,4000000,19999980) resume first=0 outcome=finished ticks=21 resumes=0 heap=8 stack=0 state-sha256=3f8d3b2107ee50dc differ=['bytes', 'state-bytes'] c={"outcome": "finished", "detail": "", "ticks": 21, "trace": "8a1103cd12dc49a7", "heap": 8, "stack": 0, "bytes": 234, "resumes": 0}
# QuantityDuplicated typing=refused rom-nodes=16 labels=3 full-ticks=36 responses=0 yields=0 lean-suite-s=2.6
FAIL QuantityDuplicated full limits=(4000000,4000000,20000000) first=0 outcome=finished ticks=36 resumes=0 heap=7 stack=0 state-sha256=f478279b1948ef86 differ=['ticks', 'trace', 'bytes', 'state-bytes'] c={"outcome": "finished", "detail": "", "ticks": 38, "trace": "6fe3b72f61e09636", "heap": 7, "stack": 0, "bytes": 189, "resumes": 0}
FAIL QuantityDuplicated ticks-third limits=(4000000,4000000,12) first=0 outcome=suspended-ticks ticks=12 resumes=0 heap=4 stack=4 state-sha256=22943692e9b3fd5a differ=['bytes', 'state-bytes'] c={"outcome": "suspended-ticks", "detail": "", "ticks": 12, "trace": "a09764278988799f", "heap": 4, "stack": 4, "bytes": 217, "resumes": 0}
FAIL QuantityDuplicated ticks-two-thirds limits=(4000000,4000000,24) first=0 outcome=suspended-ticks ticks=24 resumes=0 heap=6 stack=2 state-sha256=c737622e185307f0 differ=['bytes', 'state-bytes'] c={"outcome": "suspended-ticks", "detail": "", "ticks": 24, "trace": "4593f16fc1bc181c", "heap": 6, "stack": 2, "bytes": 230, "resumes": 0}
FAIL QuantityDuplicated heap-half limits=(3,4000000,20000000) first=0 outcome=suspended-capacity ticks=11 resumes=0 heap=3 stack=5 state-sha256=4b73717592f76066 differ=['bytes', 'state-bytes'] c={"outcome": "suspended-capacity", "detail": "", "ticks": 11, "trace": "ef9ebbaf92287ea5", "heap": 3, "stack": 5, "bytes": 210, "resumes": 0}
FAIL QuantityDuplicated resume-capacity limits=(4000000,4000000,19999989) resume first=0 outcome=finished ticks=25 resumes=0 heap=7 stack=0 state-sha256=f478279b1948ef86 differ=['ticks', 'trace', 'bytes', 'state-bytes'] c={"outcome": "finished", "detail": "", "ticks": 27, "trace": "e108c1daefde27b6", "heap": 7, "stack": 0, "bytes": 211, "resumes": 0}
PASS QuantityDuplicated stack-three limits=(4000000,3,20000000) first=0 outcome=suspended-capacity ticks=4 resumes=0 heap=1 stack=3 state-sha256=1675f1dc9aba754f
FAIL QuantityDuplicated resume-half limits=(4000000,4000000,19999982) resume first=0 outcome=finished ticks=18 resumes=0 heap=7 stack=0 state-sha256=f478279b1948ef86 differ=['ticks', 'trace', 'bytes', 'state-bytes'] c={"outcome": "finished", "detail": "", "ticks": 20, "trace": "005930d4b023a129", "heap": 7, "stack": 0, "bytes": 211, "resumes": 0}
# ReflectScalarSpecification typing=refused rom-nodes=38 labels=10 full-ticks=49 responses=0 yields=0 lean-suite-s=3.0
FAIL ReflectScalarSpecification full limits=(4000000,4000000,20000000) first=0 outcome=finished ticks=49 resumes=0 heap=15 stack=0 state-sha256=764876cb263cd1a0 differ=['ticks', 'trace', 'heap', 'bytes', 'state-bytes'] c={"outcome": "finished", "detail": "", "ticks": 66, "trace": "fe7e5a566afc9d8b", "heap": 22, "stack": 0, "bytes": 744, "resumes": 0}
FAIL ReflectScalarSpecification ticks-third limits=(4000000,4000000,16) first=0 outcome=suspended-ticks ticks=16 resumes=0 heap=5 stack=4 state-sha256=25205bfca1544c06 differ=['bytes', 'state-bytes'] c={"outcome": "suspended-ticks", "detail": "", "ticks": 16, "trace": "47169e6d4c6f3814", "heap": 5, "stack": 4, "bytes": 354, "resumes": 0}
FAIL ReflectScalarSpecification ticks-two-thirds limits=(4000000,4000000,32) first=0 outcome=suspended-ticks ticks=32 resumes=0 heap=10 stack=6 state-sha256=3535ebec4a4755f8 differ=['bytes', 'state-bytes'] c={"outcome": "suspended-ticks", "detail": "", "ticks": 32, "trace": "e980a8fb032d22aa", "heap": 10, "stack": 6, "bytes": 397, "resumes": 0}
FAIL ReflectScalarSpecification heap-half limits=(7,4000000,20000000) first=0 outcome=suspended-capacity ticks=18 resumes=0 heap=5 stack=3 state-sha256=30aba2e682399bad differ=['bytes', 'state-bytes'] c={"outcome": "suspended-capacity", "detail": "", "ticks": 18, "trace": "a6746aa1d1e483f3", "heap": 5, "stack": 3, "bytes": 333, "resumes": 0}
FAIL ReflectScalarSpecification resume-capacity limits=(4000000,4000000,19999982) resume first=0 outcome=finished ticks=31 resumes=0 heap=15 stack=0 state-sha256=764876cb263cd1a0 differ=['ticks', 'trace', 'heap', 'bytes', 'state-bytes'] c={"outcome": "finished", "detail": "", "ticks": 48, "trace": "efa006bb41c69d75", "heap": 22, "stack": 0, "bytes": 775, "resumes": 0}
PASS ReflectScalarSpecification stack-three limits=(4000000,3,20000000) first=0 outcome=suspended-capacity ticks=4 resumes=0 heap=1 stack=3 state-sha256=04e0b60fdc655728
FAIL ReflectScalarSpecification resume-half limits=(4000000,4000000,19999976) resume first=0 outcome=finished ticks=25 resumes=0 heap=15 stack=0 state-sha256=764876cb263cd1a0 differ=['bytes', 'state-bytes'] c={"outcome": "finished", "detail": "", "ticks": 25, "trace": "82180b3537c68e7d", "heap": 15, "stack": 0, "bytes": 701, "resumes": 0}
# AncestryDiamondSave typing=accepted:{"tag":"natural"} rom-nodes=286 labels=30 full-ticks=237 responses=0 yields=0 lean-suite-s=3.2
FAIL AncestryDiamondSave full limits=(4000000,4000000,20000000) first=0 outcome=finished ticks=237 resumes=0 heap=58 stack=0 state-sha256=eb3411aeb923e51c differ=['ticks', 'trace', 'heap', 'bytes', 'state-bytes'] c={"outcome": "finished", "detail": "", "ticks": 771, "trace": "32fd267d75cbdb69", "heap": 424, "stack": 0, "bytes": 17947, "resumes": 0}
FAIL AncestryDiamondSave ticks-third limits=(4000000,4000000,79) first=0 outcome=suspended-ticks ticks=79 resumes=0 heap=32 stack=7 state-sha256=6ac060faeb88ed98 differ=['trace', 'heap', 'stack', 'bytes', 'state-bytes'] c={"outcome": "suspended-ticks", "detail": "", "ticks": 79, "trace": "b90d44e982454c04", "heap": 51, "stack": 10, "bytes": 2064, "resumes": 0}
FAIL AncestryDiamondSave ticks-two-thirds limits=(4000000,4000000,158) first=0 outcome=suspended-ticks ticks=158 resumes=0 heap=46 stack=11 state-sha256=b5322b95a5dcd75b differ=['trace', 'heap', 'stack', 'bytes', 'state-bytes'] c={"outcome": "suspended-ticks", "detail": "", "ticks": 158, "trace": "234803e6698fd04c", "heap": 100, "stack": 15, "bytes": 4257, "resumes": 0}
FAIL AncestryDiamondSave heap-half limits=(29,4000000,20000000) first=0 outcome=suspended-capacity ticks=65 resumes=0 heap=29 stack=8 state-sha256=e24df4c88f99ee5d differ=['ticks', 'trace', 'heap', 'stack', 'bytes', 'state-bytes'] c={"outcome": "suspended-capacity", "detail": "", "ticks": 48, "trace": "23d7e708dc6b2632", "heap": 27, "stack": 10, "bytes": 1629, "resumes": 0}
FAIL AncestryDiamondSave resume-capacity limits=(4000000,4000000,19999935) resume first=0 outcome=finished ticks=172 resumes=0 heap=58 stack=0 state-sha256=eb3411aeb923e51c differ=['ticks', 'trace', 'heap', 'bytes', 'state-bytes'] c={"outcome": "finished", "detail": "", "ticks": 409, "trace": "2318f56052da8b88", "heap": 109, "stack": 0, "bytes": 8123, "resumes": 0}
PASS AncestryDiamondSave stack-three limits=(4000000,3,20000000) first=0 outcome=suspended-capacity ticks=4 resumes=0 heap=1 stack=3 state-sha256=4acf35ec267ac2de
FAIL AncestryDiamondSave resume-half limits=(4000000,4000000,19999882) resume first=0 outcome=finished ticks=119 resumes=0 heap=58 stack=0 state-sha256=eb3411aeb923e51c differ=['ticks', 'trace', 'heap', 'bytes', 'state-bytes'] c={"outcome": "finished", "detail": "", "ticks": 350, "trace": "04c8e9c8a0df9d36", "heap": 109, "stack": 0, "bytes": 8199, "resumes": 0}
# AncestryDiamondWeightOnce typing=accepted:{"tag":"natural"} rom-nodes=286 labels=30 full-ticks=211 responses=0 yields=0 lean-suite-s=2.1
FAIL AncestryDiamondWeightOnce full limits=(4000000,4000000,20000000) first=0 outcome=finished ticks=211 resumes=0 heap=54 stack=0 state-sha256=6a49e656a1c5c23a differ=['ticks', 'trace', 'heap', 'bytes', 'state-bytes'] c={"outcome": "finished", "detail": "", "ticks": 796, "trace": "c4ed11dafbd20994", "heap": 446, "stack": 0, "bytes": 18856, "resumes": 0}
FAIL AncestryDiamondWeightOnce ticks-third limits=(4000000,4000000,70) first=0 outcome=suspended-ticks ticks=70 resumes=0 heap=31 stack=8 state-sha256=cfb2491ef22c886a differ=['trace', 'heap', 'stack', 'bytes', 'state-bytes'] c={"outcome": "suspended-ticks", "detail": "", "ticks": 70, "trace": "e7e706a0acf6787f", "heap": 48, "stack": 9, "bytes": 1953, "resumes": 0}
FAIL AncestryDiamondWeightOnce ticks-two-thirds limits=(4000000,4000000,140) first=0 outcome=suspended-ticks ticks=140 resumes=0 heap=43 stack=15 state-sha256=b9313de2c290da0e differ=['trace', 'heap', 'stack', 'bytes', 'state-bytes'] c={"outcome": "suspended-ticks", "detail": "", "ticks": 140, "trace": "692b96296fc4184d", "heap": 96, "stack": 8, "bytes": 3905, "resumes": 0}
FAIL AncestryDiamondWeightOnce heap-half limits=(27,4000000,20000000) first=0 outcome=suspended-capacity ticks=54 resumes=0 heap=27 stack=5 state-sha256=3c5575f3d7274860 differ=['ticks', 'trace', 'stack', 'bytes', 'state-bytes'] c={"outcome": "suspended-capacity", "detail": "", "ticks": 47, "trace": "99888634f6930727", "heap": 27, "stack": 9, "bytes": 1593, "resumes": 0}
FAIL AncestryDiamondWeightOnce resume-capacity limits=(4000000,4000000,19999946) resume first=0 outcome=finished ticks=157 resumes=0 heap=54 stack=0 state-sha256=6a49e656a1c5c23a differ=['ticks', 'trace', 'heap', 'bytes', 'state-bytes'] c={"outcome": "finished", "detail": "", "ticks": 425, "trace": "3189fd95605a1156", "heap": 110, "stack": 0, "bytes": 8298, "resumes": 0}
PASS AncestryDiamondWeightOnce stack-three limits=(4000000,3,20000000) first=0 outcome=suspended-capacity ticks=4 resumes=0 heap=1 stack=3 state-sha256=6be30f07fbd21051
FAIL AncestryDiamondWeightOnce resume-half limits=(4000000,4000000,19999895) resume first=0 outcome=finished ticks=106 resumes=0 heap=54 stack=0 state-sha256=6a49e656a1c5c23a differ=['ticks', 'trace', 'heap', 'bytes', 'state-bytes'] c={"outcome": "finished", "detail": "", "ticks": 368, "trace": "f15525136814f218", "heap": 110, "stack": 0, "bytes": 8374, "resumes": 0}
# AncestryAroundWrapsPrimaries typing=accepted:{"tag":"natural"} rom-nodes=286 labels=30 full-ticks=327 responses=0 yields=0 lean-suite-s=2.5
FAIL AncestryAroundWrapsPrimaries full limits=(4000000,4000000,20000000) first=0 outcome=finished ticks=327 resumes=0 heap=70 stack=0 state-sha256=eaa7c6098858e128 differ=['ticks', 'trace', 'heap', 'bytes', 'state-bytes'] c={"outcome": "finished", "detail": "", "ticks": 1429, "trace": "fe6a4c46291ed5dd", "heap": 772, "stack": 0, "bytes": 35237, "resumes": 0}
FAIL AncestryAroundWrapsPrimaries ticks-third limits=(4000000,4000000,109) first=0 outcome=suspended-ticks ticks=109 resumes=0 heap=37 stack=12 state-sha256=d4369b22c7ce3ff3 differ=['trace', 'heap', 'stack', 'bytes', 'state-bytes'] c={"outcome": "suspended-ticks", "detail": "", "ticks": 109, "trace": "96e855678a412b91", "heap": 73, "stack": 9, "bytes": 2994, "resumes": 0}
FAIL AncestryAroundWrapsPrimaries ticks-two-thirds limits=(4000000,4000000,218) first=0 outcome=suspended-ticks ticks=218 resumes=0 heap=63 stack=5 state-sha256=4e8fc01dc25178e3 differ=['trace', 'heap', 'stack', 'bytes', 'state-bytes'] c={"outcome": "suspended-ticks", "detail": "", "ticks": 218, "trace": "7c1b00653a2f1f4e", "heap": 144, "stack": 12, "bytes": 6060, "resumes": 0}
FAIL AncestryAroundWrapsPrimaries heap-half limits=(35,4000000,20000000) first=0 outcome=suspended-capacity ticks=99 resumes=0 heap=35 stack=10 state-sha256=3060838c9903e214 differ=['ticks', 'trace', 'heap', 'bytes', 'state-bytes'] c={"outcome": "suspended-capacity", "detail": "", "ticks": 48, "trace": "23d7e708dc6b2632", "heap": 27, "stack": 10, "bytes": 1626, "resumes": 0}
FAIL AncestryAroundWrapsPrimaries resume-capacity limits=(4000000,4000000,19999901) resume first=0 outcome=finished ticks=228 resumes=0 heap=70 stack=0 state-sha256=eaa7c6098858e128 differ=['ticks', 'trace', 'heap', 'bytes', 'state-bytes'] c={"outcome": "finished", "detail": "", "ticks": 767, "trace": "483057b1a236b4ae", "heap": 184, "stack": 0, "bytes": 15947, "resumes": 0}
PASS AncestryAroundWrapsPrimaries stack-three limits=(4000000,3,20000000) first=0 outcome=suspended-capacity ticks=4 resumes=0 heap=1 stack=3 state-sha256=731f2cecd4c3222e
FAIL AncestryAroundWrapsPrimaries resume-half limits=(4000000,4000000,19999837) resume first=0 outcome=finished ticks=164 resumes=0 heap=70 stack=0 state-sha256=eaa7c6098858e128 differ=['ticks', 'trace', 'heap', 'bytes', 'state-bytes'] c={"outcome": "finished", "detail": "", "ticks": 689, "trace": "79d7a8a96d56498c", "heap": 184, "stack": 0, "bytes": 16023, "resumes": 0}
# SumsTotal typing=accepted:{"tag":"natural"} rom-nodes=52 labels=13 full-ticks=204 responses=0 yields=0 lean-suite-s=2.5
FAIL SumsTotal full limits=(4000000,4000000,20000000) first=0 outcome=finished ticks=204 resumes=0 heap=31 stack=0 state-sha256=bbca13dc5b1d125a differ=['ticks', 'trace', 'heap', 'bytes', 'state-bytes'] c={"outcome": "finished", "detail": "", "ticks": 366, "trace": "88d136aec69db769", "heap": 92, "stack": 0, "bytes": 2995, "resumes": 0}
FAIL SumsTotal ticks-third limits=(4000000,4000000,68) first=0 outcome=suspended-ticks ticks=68 resumes=0 heap=15 stack=5 state-sha256=af4ca66ee5ce564b differ=['trace', 'heap', 'stack', 'bytes', 'state-bytes'] c={"outcome": "suspended-ticks", "detail": "", "ticks": 68, "trace": "1e8f53fdfaad6335", "heap": 22, "stack": 3, "bytes": 807, "resumes": 0}
FAIL SumsTotal ticks-two-thirds limits=(4000000,4000000,136) first=0 outcome=suspended-ticks ticks=136 resumes=0 heap=24 stack=3 state-sha256=01b3d148719b3bcb differ=['trace', 'heap', 'bytes', 'state-bytes'] c={"outcome": "suspended-ticks", "detail": "", "ticks": 136, "trace": "98b6eaac5aaad9f5", "heap": 40, "stack": 3, "bytes": 1379, "resumes": 0}
FAIL SumsTotal heap-half limits=(15,4000000,20000000) first=0 outcome=suspended-capacity ticks=78 resumes=0 heap=15 stack=4 state-sha256=7492862e0d78afa4 differ=['ticks', 'trace', 'heap', 'stack', 'bytes', 'state-bytes'] c={"outcome": "suspended-capacity", "detail": "", "ticks": 43, "trace": "38ae14bdb12b2a61", "heap": 13, "stack": 6, "bytes": 572, "resumes": 0}
FAIL SumsTotal resume-capacity limits=(4000000,4000000,19999922) resume first=0 outcome=finished ticks=126 resumes=0 heap=31 stack=0 state-sha256=bbca13dc5b1d125a differ=['ticks', 'trace', 'heap', 'bytes', 'state-bytes'] c={"outcome": "finished", "detail": "", "ticks": 138, "trace": "d10dd1ebfcb49f4e", "heap": 34, "stack": 0, "bytes": 1682, "resumes": 0}
PASS SumsTotal stack-three limits=(4000000,3,20000000) first=0 outcome=suspended-capacity ticks=4 resumes=0 heap=1 stack=3 state-sha256=46c39e31e2e9e64e
FAIL SumsTotal resume-half limits=(4000000,4000000,19999898) resume first=0 outcome=finished ticks=102 resumes=0 heap=31 stack=0 state-sha256=bbca13dc5b1d125a differ=['ticks', 'trace', 'heap', 'bytes', 'state-bytes'] c={"outcome": "finished", "detail": "", "ticks": 107, "trace": "193bb3814c17e699", "heap": 33, "stack": 0, "bytes": 1711, "resumes": 0}
# EventCounterBumpWritten typing=accepted:{"plan":{"row":{"member":{"member":{"tag":"natural"},"name":"field","tag":"field","tail":{"member":{"tag":"natural"},"name":"before","tag":"field","tail":{"member":{"tag":"natural"},"name":"after","tag":"field","tail":{"tag":"emptyRow"}}}},"name":"write","tag":"field","tail":{"tag":"emptyRow"}},"tag":"variant"},"response":{"row":{"member":{"tag":"emptyRow"},"name":"written","tag":"field","tail":{"member":{"tag":"emptyRow"},"name":"refused","tag":"field","tail":{"tag":"emptyRow"}}},"tag":"variant"},"result":{"tag":"natural"},"tag":"computation"} rom-nodes=33 labels=10 full-ticks=40 responses=1 yields=1 lean-suite-s=1.9
FAIL EventCounterBumpWritten full limits=(4000000,4000000,20000000) first=0 outcome=finished ticks=40 resumes=1 heap=11 stack=0 state-sha256=b31f2ec5ebbdf0fe differ=['bytes', 'state-bytes'] c={"outcome": "finished", "detail": "", "ticks": 40, "trace": "c6112e8221e9002e", "heap": 11, "stack": 0, "bytes": 309, "resumes": 1}
FAIL EventCounterBumpWritten ticks-third limits=(4000000,4000000,13) first=0 outcome=suspended-ticks ticks=13 resumes=0 heap=4 stack=4 state-sha256=b41eb3373c967dc5 differ=['bytes', 'state-bytes'] c={"outcome": "suspended-ticks", "detail": "", "ticks": 13, "trace": "20845b5ddcfe5094", "heap": 4, "stack": 4, "bytes": 206, "resumes": 0}
FAIL EventCounterBumpWritten ticks-two-thirds limits=(4000000,4000000,26) first=0 outcome=suspended-ticks ticks=26 resumes=0 heap=8 stack=0 state-sha256=684f231464607d18 differ=['bytes', 'state-bytes'] c={"outcome": "suspended-ticks", "detail": "", "ticks": 26, "trace": "e3f9ecde67bc225c", "heap": 8, "stack": 0, "bytes": 266, "resumes": 0}
FAIL EventCounterBumpWritten heap-half limits=(5,4000000,20000000) first=0 outcome=suspended-capacity ticks=19 resumes=0 heap=5 stack=4 state-sha256=99ad6a995459601e differ=['bytes', 'state-bytes'] c={"outcome": "suspended-capacity", "detail": "", "ticks": 19, "trace": "9379481773102e6e", "heap": 5, "stack": 4, "bytes": 279, "resumes": 0}
FAIL EventCounterBumpWritten resume-capacity limits=(4000000,4000000,19999981) resume first=0 outcome=finished ticks=21 resumes=1 heap=11 stack=0 state-sha256=b31f2ec5ebbdf0fe differ=['bytes', 'state-bytes'] c={"outcome": "finished", "detail": "", "ticks": 21, "trace": "5e029e51ab58d9d7", "heap": 11, "stack": 0, "bytes": 340, "resumes": 1}
PASS EventCounterBumpWritten stack-three limits=(4000000,3,20000000) first=0 outcome=suspended-capacity ticks=4 resumes=0 heap=1 stack=3 state-sha256=b99148753744aecd
FAIL EventCounterBumpWritten resume-half limits=(4000000,4000000,19999980) resume first=0 outcome=finished ticks=20 resumes=1 heap=11 stack=0 state-sha256=b31f2ec5ebbdf0fe differ=['bytes', 'state-bytes'] c={"outcome": "finished", "detail": "", "ticks": 20, "trace": "caa4a2701dc95cb4", "heap": 11, "stack": 0, "bytes": 340, "resumes": 1}
FAIL EventCounterBumpWritten no-response limits=(4000000,4000000,20000000) first=1 outcome=yielded:8 ticks=28 resumes=0 heap=9 stack=1 state-sha256=5cd48f2866a137b4 differ=['bytes', 'state-bytes'] c={"outcome": "yielded", "detail": "8", "ticks": 28, "trace": "1d6e81bcdbfb1629", "heap": 9, "stack": 1, "bytes": 356, "resumes": 0}
FAIL EventCounterBumpWritten resume-yield-0 limits=(4000000,4000000,20000000) resume first=0 outcome=finished ticks=12 resumes=1 heap=11 stack=0 state-sha256=b31f2ec5ebbdf0fe differ=['bytes', 'state-bytes'] c={"outcome": "finished", "detail": "", "ticks": 12, "trace": "4ca67db0662950b2", "heap": 11, "stack": 0, "bytes": 446, "resumes": 1}
PASS EventCounterBumpWritten resume-checkpoint-0 limits=(4000000,4000000,20000000) resume first=0 outcome=finished ticks=10 resumes=1 heap=15 stack=0 state-sha256=12504b052e17c7f9
# EventCounterBumpRefused typing=accepted:{"plan":{"row":{"member":{"member":{"tag":"natural"},"name":"field","tag":"field","tail":{"member":{"tag":"natural"},"name":"before","tag":"field","tail":{"member":{"tag":"natural"},"name":"after","tag":"field","tail":{"tag":"emptyRow"}}}},"name":"write","tag":"field","tail":{"tag":"emptyRow"}},"tag":"variant"},"response":{"row":{"member":{"tag":"emptyRow"},"name":"written","tag":"field","tail":{"member":{"tag":"emptyRow"},"name":"refused","tag":"field","tail":{"tag":"emptyRow"}}},"tag":"variant"},"result":{"tag":"natural"},"tag":"computation"} rom-nodes=33 labels=10 full-ticks=36 responses=1 yields=1 lean-suite-s=2.3
FAIL EventCounterBumpRefused full limits=(4000000,4000000,20000000) first=0 outcome=finished ticks=36 resumes=1 heap=11 stack=0 state-sha256=5755c41b10ccc1af differ=['bytes', 'state-bytes'] c={"outcome": "finished", "detail": "", "ticks": 36, "trace": "e30a3ec1f9cc82cd", "heap": 11, "stack": 0, "bytes": 309, "resumes": 1}
FAIL EventCounterBumpRefused ticks-third limits=(4000000,4000000,12) first=0 outcome=suspended-ticks ticks=12 resumes=0 heap=4 stack=4 state-sha256=7f9311218f4627a7 differ=['bytes', 'state-bytes'] c={"outcome": "suspended-ticks", "detail": "", "ticks": 12, "trace": "a09764278988799f", "heap": 4, "stack": 4, "bytes": 205, "resumes": 0}
FAIL EventCounterBumpRefused ticks-two-thirds limits=(4000000,4000000,24) first=0 outcome=suspended-ticks ticks=24 resumes=0 heap=7 stack=2 state-sha256=fdbc243f671a7827 differ=['bytes', 'state-bytes'] c={"outcome": "suspended-ticks", "detail": "", "ticks": 24, "trace": "edeec106faf645dd", "heap": 7, "stack": 2, "bytes": 268, "resumes": 0}
FAIL EventCounterBumpRefused heap-half limits=(5,4000000,20000000) first=0 outcome=suspended-capacity ticks=19 resumes=0 heap=5 stack=4 state-sha256=99ad6a995459601e differ=['bytes', 'state-bytes'] c={"outcome": "suspended-capacity", "detail": "", "ticks": 19, "trace": "9379481773102e6e", "heap": 5, "stack": 4, "bytes": 279, "resumes": 0}
FAIL EventCounterBumpRefused resume-capacity limits=(4000000,4000000,19999981) resume first=0 outcome=finished ticks=17 resumes=1 heap=11 stack=0 state-sha256=5755c41b10ccc1af differ=['bytes', 'state-bytes'] c={"outcome": "finished", "detail": "", "ticks": 17, "trace": "5f7489ffbd7a06d0", "heap": 11, "stack": 0, "bytes": 340, "resumes": 1}
PASS EventCounterBumpRefused stack-three limits=(4000000,3,20000000) first=0 outcome=suspended-capacity ticks=4 resumes=0 heap=1 stack=3 state-sha256=b99148753744aecd
FAIL EventCounterBumpRefused resume-half limits=(4000000,4000000,19999982) resume first=0 outcome=finished ticks=18 resumes=1 heap=11 stack=0 state-sha256=5755c41b10ccc1af differ=['bytes', 'state-bytes'] c={"outcome": "finished", "detail": "", "ticks": 18, "trace": "8c511bfa4abab902", "heap": 11, "stack": 0, "bytes": 331, "resumes": 1}
FAIL EventCounterBumpRefused no-response limits=(4000000,4000000,20000000) first=1 outcome=yielded:8 ticks=28 resumes=0 heap=9 stack=1 state-sha256=5cd48f2866a137b4 differ=['bytes', 'state-bytes'] c={"outcome": "yielded", "detail": "8", "ticks": 28, "trace": "1d6e81bcdbfb1629", "heap": 9, "stack": 1, "bytes": 356, "resumes": 0}
FAIL EventCounterBumpRefused resume-yield-0 limits=(4000000,4000000,20000000) resume first=0 outcome=finished ticks=8 resumes=1 heap=11 stack=0 state-sha256=5755c41b10ccc1af differ=['bytes', 'state-bytes'] c={"outcome": "finished", "detail": "", "ticks": 8, "trace": "b8ca0057327ac0d1", "heap": 11, "stack": 0, "bytes": 446, "resumes": 1}
PASS EventCounterBumpRefused resume-checkpoint-0 limits=(4000000,4000000,20000000) resume first=0 outcome=finished ticks=6 resumes=1 heap=15 stack=0 state-sha256=ce305a2c6bc59d55
# EventCounterServe typing=accepted:{"plan":{"row":{"member":{"member":{"tag":"natural"},"name":"field","tag":"field","tail":{"member":{"tag":"natural"},"name":"before","tag":"field","tail":{"member":{"tag":"natural"},"name":"after","tag":"field","tail":{"tag":"emptyRow"}}}},"name":"write","tag":"field","tail":{"tag":"emptyRow"}},"tag":"variant"},"response":{"row":{"member":{"tag":"emptyRow"},"name":"written","tag":"field","tail":{"member":{"tag":"emptyRow"},"name":"refused","tag":"field","tail":{"tag":"emptyRow"}}},"tag":"variant"},"result":{"tag":"natural"},"tag":"computation"} rom-nodes=33 labels=10 full-ticks=64 responses=3 yields=3 lean-suite-s=2.4
FAIL EventCounterServe full limits=(4000000,4000000,20000000) first=0 outcome=yielded:20 ticks=64 resumes=3 heap=21 stack=1 state-sha256=be6ef4e49312c648 differ=['detail', 'ticks', 'trace', 'heap', 'bytes', 'state-bytes'] c={"outcome": "yielded", "detail": "38", "ticks": 127, "trace": "783ef36d5d498c21", "heap": 39, "stack": 1, "bytes": 1256, "resumes": 3}
FAIL EventCounterServe ticks-third limits=(4000000,4000000,21) first=0 outcome=suspended-ticks ticks=21 resumes=0 heap=7 stack=2 state-sha256=d69ddb5c6f51d694 differ=['bytes', 'state-bytes'] c={"outcome": "suspended-ticks", "detail": "", "ticks": 21, "trace": "4a198868f4bd8d35", "heap": 7, "stack": 2, "bytes": 312, "resumes": 0}
FAIL EventCounterServe ticks-two-thirds limits=(4000000,4000000,42) first=0 outcome=suspended-ticks ticks=42 resumes=2 heap=13 stack=1 state-sha256=ed9822acf653ce08 differ=['trace', 'stack', 'bytes', 'resumes', 'state-bytes'] c={"outcome": "suspended-ticks", "detail": "", "ticks": 42, "trace": "52254cc045b7e177", "heap": 13, "stack": 7, "bytes": 517, "resumes": 1}
FAIL EventCounterServe heap-half limits=(10,4000000,20000000) first=0 outcome=suspended-capacity ticks=29 resumes=1 heap=10 stack=1 state-sha256=77b8b63d8fbd055b differ=['bytes', 'state-bytes'] c={"outcome": "suspended-capacity", "detail": "", "ticks": 29, "trace": "f0880b5a80042875", "heap": 10, "stack": 1, "bytes": 382, "resumes": 1}
FAIL EventCounterServe resume-capacity limits=(4000000,4000000,19999971) resume first=1 outcome=yielded:20 ticks=35 resumes=2 heap=21 stack=1 state-sha256=be6ef4e49312c648 differ=['ticks', 'trace', 'bytes', 'state-bytes'] c={"outcome": "yielded", "detail": "20", "ticks": 41, "trace": "ab83d047df708838", "heap": 21, "stack": 1, "bytes": 901, "resumes": 2}
PASS EventCounterServe stack-three limits=(4000000,3,20000000) first=0 outcome=suspended-capacity ticks=4 resumes=0 heap=1 stack=3 state-sha256=0d4e0178b37f3f2a
FAIL EventCounterServe resume-half limits=(4000000,4000000,19999968) resume first=1 outcome=yielded:20 ticks=32 resumes=2 heap=21 stack=1 state-sha256=be6ef4e49312c648 differ=['ticks', 'trace', 'bytes', 'state-bytes'] c={"outcome": "yielded", "detail": "20", "ticks": 38, "trace": "292a7bc6b3a0de62", "heap": 21, "stack": 1, "bytes": 901, "resumes": 2}
FAIL EventCounterServe no-response limits=(4000000,4000000,20000000) first=3 outcome=yielded:8 ticks=28 resumes=0 heap=9 stack=1 state-sha256=4de2ed8c3d7b3c42 differ=['bytes', 'state-bytes'] c={"outcome": "yielded", "detail": "8", "ticks": 28, "trace": "1d6e81bcdbfb1629", "heap": 9, "stack": 1, "bytes": 356, "resumes": 0}
FAIL EventCounterServe resume-yield-0 limits=(4000000,4000000,20000000) resume first=0 outcome=yielded:20 ticks=36 resumes=3 heap=21 stack=1 state-sha256=be6ef4e49312c648 differ=['ticks', 'trace', 'bytes', 'state-bytes'] c={"outcome": "yielded", "detail": "20", "ticks": 42, "trace": "ce9ea384f0869404", "heap": 21, "stack": 1, "bytes": 901, "resumes": 3}
FAIL EventCounterServe resume-checkpoint-0 limits=(4000000,4000000,20000000) resume first=0 outcome=yielded:24 ticks=36 resumes=3 heap=25 stack=1 state-sha256=01efca767a14cba5 differ=['ticks', 'trace', 'bytes', 'state-bytes'] c={"outcome": "yielded", "detail": "24", "ticks": 42, "trace": "c33b37028bb2259c", "heap": 25, "stack": 1, "bytes": 1185, "resumes": 3}
PASS EventCounterServe resume-yield-1 limits=(4000000,4000000,20000000) resume first=1 outcome=yielded:20 ticks=22 resumes=2 heap=21 stack=1 state-sha256=be6ef4e49312c648
PASS EventCounterServe resume-checkpoint-1 limits=(4000000,4000000,20000000) resume first=1 outcome=yielded:24 ticks=22 resumes=2 heap=25 stack=1 state-sha256=59db3c7262e048ac
PASS EventCounterServe resume-yield-2 limits=(4000000,4000000,20000000) resume first=2 outcome=yielded:20 ticks=11 resumes=1 heap=21 stack=1 state-sha256=be6ef4e49312c648
PASS EventCounterServe resume-checkpoint-2 limits=(4000000,4000000,20000000) resume first=2 outcome=yielded:24 ticks=11 resumes=1 heap=25 stack=1 state-sha256=6b340d5e34aa13cf
# EventCounterBadResponse typing=accepted:{"plan":{"row":{"member":{"member":{"tag":"natural"},"name":"field","tag":"field","tail":{"member":{"tag":"natural"},"name":"before","tag":"field","tail":{"member":{"tag":"natural"},"name":"after","tag":"field","tail":{"tag":"emptyRow"}}}},"name":"write","tag":"field","tail":{"tag":"emptyRow"}},"tag":"variant"},"response":{"row":{"member":{"tag":"emptyRow"},"name":"written","tag":"field","tail":{"member":{"tag":"emptyRow"},"name":"refused","tag":"field","tail":{"tag":"emptyRow"}}},"tag":"variant"},"result":{"tag":"natural"},"tag":"computation"} rom-nodes=32 labels=10 full-ticks=30 responses=1 yields=1 lean-suite-s=2.1
FAIL EventCounterBadResponse full limits=(4000000,4000000,20000000) first=0 outcome=refused:wrongValue ticks=30 resumes=1 heap=9 stack=0 state-sha256=e5c043f69e424051 differ=['bytes', 'state-bytes'] c={"outcome": "refused", "detail": "wrongValue", "ticks": 30, "trace": "7b97cf50f234a8e0", "heap": 9, "stack": 0, "bytes": 268, "resumes": 1}
PASS EventCounterBadResponse ticks-third limits=(4000000,4000000,10) first=0 outcome=suspended-ticks ticks=10 resumes=0 heap=3 stack=6 state-sha256=cd98fb7594d59197
FAIL EventCounterBadResponse ticks-two-thirds limits=(4000000,4000000,20) first=0 outcome=suspended-ticks ticks=20 resumes=0 heap=7 stack=3 state-sha256=4a1410fe6db87bcd differ=['bytes', 'state-bytes'] c={"outcome": "suspended-ticks", "detail": "", "ticks": 20, "trace": "a8607b45dd420d93", "heap": 7, "stack": 3, "bytes": 320, "resumes": 0}
FAIL EventCounterBadResponse heap-half limits=(4,4000000,20000000) first=0 outcome=suspended-capacity ticks=13 resumes=0 heap=4 stack=4 state-sha256=e4221c2ef2523665 differ=['bytes', 'state-bytes'] c={"outcome": "suspended-capacity", "detail": "", "ticks": 13, "trace": "20845b5ddcfe5094", "heap": 4, "stack": 4, "bytes": 206, "resumes": 0}
FAIL EventCounterBadResponse resume-capacity limits=(4000000,4000000,19999987) resume first=0 outcome=refused:wrongValue ticks=17 resumes=1 heap=9 stack=0 state-sha256=e5c043f69e424051 differ=['bytes', 'state-bytes'] c={"outcome": "refused", "detail": "wrongValue", "ticks": 17, "trace": "1f4039567b183287", "heap": 9, "stack": 0, "bytes": 290, "resumes": 1}
PASS EventCounterBadResponse stack-three limits=(4000000,3,20000000) first=0 outcome=suspended-capacity ticks=4 resumes=0 heap=1 stack=3 state-sha256=5f3c2041690f80f3
FAIL EventCounterBadResponse resume-half limits=(4000000,4000000,19999985) resume first=0 outcome=refused:wrongValue ticks=15 resumes=1 heap=9 stack=0 state-sha256=e5c043f69e424051 differ=['bytes', 'state-bytes'] c={"outcome": "refused", "detail": "wrongValue", "ticks": 15, "trace": "df6d1946903a4b2a", "heap": 9, "stack": 0, "bytes": 290, "resumes": 1}
FAIL EventCounterBadResponse no-response limits=(4000000,4000000,20000000) first=1 outcome=yielded:8 ticks=28 resumes=0 heap=9 stack=1 state-sha256=9197554bb4f8cc8b differ=['bytes', 'state-bytes'] c={"outcome": "yielded", "detail": "8", "ticks": 28, "trace": "1d6e81bcdbfb1629", "heap": 9, "stack": 1, "bytes": 356, "resumes": 0}
PASS EventCounterBadResponse resume-yield-0 limits=(4000000,4000000,20000000) resume first=0 outcome=refused:wrongValue ticks=2 resumes=1 heap=9 stack=0 state-sha256=e5c043f69e424051
PASS EventCounterBadResponse resume-checkpoint-0 limits=(4000000,4000000,20000000) resume first=0 outcome=refused:wrongValue ticks=2 resumes=1 heap=13 stack=0 state-sha256=d0c6709a697f99ec
# DocumentWatcher typing=accepted:{"plan":{"row":{"member":{"member":{"tag":"label"},"name":"doc","tag":"field","tail":{"member":{"tag":"natural"},"name":"seen","tag":"field","tail":{"tag":"emptyRow"}}},"name":"await","tag":"field","tail":{"tag":"emptyRow"}},"tag":"variant"},"response":{"row":{"member":{"member":{"tag":"label"},"name":"doc","tag":"field","tail":{"member":{"tag":"natural"},"name":"length","tag":"field","tail":{"tag":"emptyRow"}}},"name":"appended","tag":"field","tail":{"member":{"tag":"emptyRow"},"name":"closed","tag":"field","tail":{"tag":"emptyRow"}}},"tag":"variant"},"result":{"tag":"natural"},"tag":"computation"} rom-nodes=45 labels=11 full-ticks=155 responses=4 yields=4 lean-suite-s=2.3
FAIL DocumentWatcher full limits=(4000000,4000000,20000000) first=0 outcome=finished ticks=155 resumes=4 heap=32 stack=0 state-sha256=38ae3b75129bf120 differ=['ticks', 'trace', 'heap', 'bytes', 'state-bytes'] c={"outcome": "finished", "detail": "", "ticks": 230, "trace": "4b5f78cb645c98b5", "heap": 49, "stack": 0, "bytes": 1425, "resumes": 4}
FAIL DocumentWatcher ticks-third limits=(4000000,4000000,51) first=0 outcome=suspended-ticks ticks=51 resumes=1 heap=13 stack=3 state-sha256=fad7a0351549092d differ=['bytes', 'state-bytes'] c={"outcome": "suspended-ticks", "detail": "", "ticks": 51, "trace": "f4d84da4cb1a7955", "heap": 13, "stack": 3, "bytes": 413, "resumes": 1}
FAIL DocumentWatcher ticks-two-thirds limits=(4000000,4000000,103) first=0 outcome=suspended-ticks ticks=103 resumes=2 heap=22 stack=0 state-sha256=7a6b7a18ad095896 differ=['trace', 'heap', 'stack', 'bytes', 'state-bytes'] c={"outcome": "suspended-ticks", "detail": "", "ticks": 103, "trace": "62e2b290ecf36521", "heap": 25, "stack": 3, "bytes": 832, "resumes": 2}
FAIL DocumentWatcher heap-half limits=(16,4000000,20000000) first=0 outcome=suspended-capacity ticks=69 resumes=2 heap=16 stack=1 state-sha256=ac0c22c24ff5b32e differ=['ticks', 'trace', 'stack', 'bytes', 'resumes', 'state-bytes'] c={"outcome": "suspended-capacity", "detail": "", "ticks": 70, "trace": "2da78f4a0a8a0c52", "heap": 16, "stack": 6, "bytes": 601, "resumes": 1}
FAIL DocumentWatcher resume-capacity limits=(4000000,4000000,19999931) resume first=2 outcome=finished ticks=86 resumes=2 heap=32 stack=0 state-sha256=38ae3b75129bf120 differ=['ticks', 'trace', 'heap', 'bytes', 'state-bytes'] c={"outcome": "finished", "detail": "", "ticks": 94, "trace": "f64b780591577521", "heap": 34, "stack": 0, "bytes": 1304, "resumes": 2}
PASS DocumentWatcher stack-three limits=(4000000,3,20000000) first=0 outcome=suspended-capacity ticks=4 resumes=0 heap=1 stack=3 state-sha256=8e53667f6e489636
FAIL DocumentWatcher resume-half limits=(4000000,4000000,19999923) resume first=2 outcome=finished ticks=78 resumes=2 heap=32 stack=0 state-sha256=38ae3b75129bf120 differ=['ticks', 'trace', 'heap', 'bytes', 'state-bytes'] c={"outcome": "finished", "detail": "", "ticks": 86, "trace": "3f9b70e472c762af", "heap": 34, "stack": 0, "bytes": 1304, "resumes": 2}
FAIL DocumentWatcher no-response limits=(4000000,4000000,20000000) first=4 outcome=yielded:8 ticks=31 resumes=0 heap=9 stack=1 state-sha256=459bce57293a4d8a differ=['bytes', 'state-bytes'] c={"outcome": "yielded", "detail": "8", "ticks": 31, "trace": "6f5d8f27e7a204fc", "heap": 9, "stack": 1, "bytes": 348, "resumes": 0}
FAIL DocumentWatcher resume-yield-0 limits=(4000000,4000000,20000000) resume first=0 outcome=finished ticks=124 resumes=4 heap=32 stack=0 state-sha256=38ae3b75129bf120 differ=['ticks', 'trace', 'heap', 'bytes', 'state-bytes'] c={"outcome": "finished", "detail": "", "ticks": 142, "trace": "2e2d3ee6d770b7f4", "heap": 34, "stack": 0, "bytes": 1158, "resumes": 4}
FAIL DocumentWatcher resume-checkpoint-0 limits=(4000000,4000000,20000000) resume first=0 outcome=finished ticks=122 resumes=4 heap=35 stack=0 state-sha256=459f481723549ed1 differ=['ticks', 'trace', 'heap', 'bytes', 'state-bytes'] c={"outcome": "finished", "detail": "", "ticks": 136, "trace": "81dc228003a4c7fd", "heap": 37, "stack": 0, "bytes": 1408, "resumes": 4}
FAIL DocumentWatcher resume-yield-1 limits=(4000000,4000000,20000000) resume first=1 outcome=finished ticks=86 resumes=3 heap=32 stack=0 state-sha256=38ae3b75129bf120 differ=['ticks', 'trace', 'heap', 'bytes', 'state-bytes'] c={"outcome": "finished", "detail": "", "ticks": 94, "trace": "f64b780591577521", "heap": 34, "stack": 0, "bytes": 1304, "resumes": 3}
FAIL DocumentWatcher resume-checkpoint-1 limits=(4000000,4000000,20000000) resume first=1 outcome=finished ticks=83 resumes=3 heap=35 stack=0 state-sha256=f3026bb897bbfdba differ=['ticks', 'trace', 'heap', 'bytes', 'state-bytes'] c={"outcome": "finished", "detail": "", "ticks": 88, "trace": "0deb9d9272bc63b7", "heap": 37, "stack": 0, "bytes": 1562, "resumes": 3}
FAIL DocumentWatcher resume-yield-2 limits=(4000000,4000000,20000000) resume first=2 outcome=finished ticks=50 resumes=2 heap=32 stack=0 state-sha256=38ae3b75129bf120 differ=['ticks', 'trace', 'heap', 'bytes', 'state-bytes'] c={"outcome": "finished", "detail": "", "ticks": 55, "trace": "b089aa5a3e2f8238", "heap": 34, "stack": 0, "bytes": 1408, "resumes": 2}
FAIL DocumentWatcher resume-checkpoint-2 limits=(4000000,4000000,20000000) resume first=2 outcome=finished ticks=47 resumes=2 heap=35 stack=0 state-sha256=27b90d9636440d34 differ=['ticks', 'trace', 'heap', 'bytes', 'state-bytes'] c={"outcome": "finished", "detail": "", "ticks": 52, "trace": "8f7493a7901f31e2", "heap": 37, "stack": 0, "bytes": 1672, "resumes": 2}
FAIL DocumentWatcher resume-yield-3 limits=(4000000,4000000,20000000) resume first=3 outcome=finished ticks=14 resumes=1 heap=32 stack=0 state-sha256=38ae3b75129bf120 differ=['bytes', 'state-bytes'] c={"outcome": "finished", "detail": "", "ticks": 14, "trace": "d456e10304bf8cec", "heap": 32, "stack": 0, "bytes": 1484, "resumes": 1}
PASS DocumentWatcher resume-checkpoint-3 limits=(4000000,4000000,20000000) resume first=3 outcome=finished ticks=6 resumes=1 heap=35 stack=0 state-sha256=eeae4d80161b6777
# TimerResident typing=accepted:{"plan":{"row":{"member":{"member":{"tag":"natural"},"name":"until","tag":"field","tail":{"tag":"emptyRow"}},"name":"reserve","tag":"field","tail":{"tag":"emptyRow"}},"tag":"variant"},"response":{"row":{"member":{"member":{"tag":"natural"},"name":"at","tag":"field","tail":{"tag":"emptyRow"}},"name":"fired","tag":"field","tail":{"member":{"tag":"emptyRow"},"name":"cancelled","tag":"field","tail":{"tag":"emptyRow"}}},"tag":"variant"},"result":{"tag":"natural"},"tag":"computation"} rom-nodes=43 labels=8 full-ticks=93 responses=3 yields=3 lean-suite-s=2.1
FAIL TimerResident full limits=(4000000,4000000,20000000) first=0 outcome=finished ticks=93 resumes=3 heap=24 stack=0 state-sha256=926346a95e149776 differ=['ticks', 'trace', 'heap', 'bytes', 'state-bytes'] c={"outcome": "finished", "detail": "", "ticks": 134, "trace": "c25b55f071bc204a", "heap": 34, "stack": 0, "bytes": 1183, "resumes": 3}
FAIL TimerResident ticks-third limits=(4000000,4000000,31) first=0 outcome=suspended-ticks ticks=31 resumes=0 heap=8 stack=1 state-sha256=b6e18fddb9b634b8 differ=['bytes', 'state-bytes'] c={"outcome": "suspended-ticks", "detail": "", "ticks": 31, "trace": "63792dba586d4bd3", "heap": 8, "stack": 1, "bytes": 265, "resumes": 0}
FAIL TimerResident ticks-two-thirds limits=(4000000,4000000,62) first=0 outcome=suspended-ticks ticks=62 resumes=2 heap=18 stack=4 state-sha256=8bb5e9a1a2f15394 differ=['trace', 'heap', 'bytes', 'resumes', 'state-bytes'] c={"outcome": "suspended-ticks", "detail": "", "ticks": 62, "trace": "a814e418852f4271", "heap": 17, "stack": 4, "bytes": 709, "resumes": 1}
FAIL TimerResident heap-half limits=(12,4000000,20000000) first=0 outcome=suspended-capacity ticks=47 resumes=1 heap=12 stack=3 state-sha256=da02e3fb089ee7ff differ=['ticks', 'trace', 'stack', 'bytes', 'state-bytes'] c={"outcome": "suspended-capacity", "detail": "", "ticks": 46, "trace": "69a3af03f419e57d", "heap": 12, "stack": 8, "bytes": 626, "resumes": 1}
FAIL TimerResident resume-capacity limits=(4000000,4000000,19999953) resume first=1 outcome=finished ticks=46 resumes=2 heap=24 stack=0 state-sha256=926346a95e149776 differ=['bytes', 'state-bytes'] c={"outcome": "finished", "detail": "", "ticks": 46, "trace": "a6b06fc129e1b7da", "heap": 24, "stack": 0, "bytes": 1080, "resumes": 2}
PASS TimerResident stack-three limits=(4000000,3,20000000) first=0 outcome=suspended-capacity ticks=3 resumes=0 heap=0 stack=3 state-sha256=3876253cfe2b33d1
FAIL TimerResident resume-half limits=(4000000,4000000,19999954) resume first=1 outcome=finished ticks=47 resumes=2 heap=24 stack=0 state-sha256=926346a95e149776 differ=['bytes', 'state-bytes'] c={"outcome": "finished", "detail": "", "ticks": 47, "trace": "433760f638689722", "heap": 24, "stack": 0, "bytes": 1080, "resumes": 2}
FAIL TimerResident no-response limits=(4000000,4000000,20000000) first=3 outcome=yielded:9 ticks=34 resumes=0 heap=10 stack=1 state-sha256=1466c2c688bf7fe4 differ=['bytes', 'state-bytes'] c={"outcome": "yielded", "detail": "9", "ticks": 34, "trace": "de69c52bd3cf73c1", "heap": 10, "stack": 1, "bytes": 378, "resumes": 0}
FAIL TimerResident resume-yield-0 limits=(4000000,4000000,20000000) resume first=0 outcome=finished ticks=59 resumes=3 heap=24 stack=0 state-sha256=926346a95e149776 differ=['ticks', 'trace', 'bytes', 'state-bytes'] c={"outcome": "finished", "detail": "", "ticks": 62, "trace": "d498f411ad65b7dd", "heap": 24, "stack": 0, "bytes": 1040, "resumes": 3}
FAIL TimerResident resume-checkpoint-0 limits=(4000000,4000000,20000000) resume first=0 outcome=finished ticks=59 resumes=3 heap=26 stack=0 state-sha256=d9f9e327af43fdd3 differ=['ticks', 'trace', 'bytes', 'state-bytes'] c={"outcome": "finished", "detail": "", "ticks": 62, "trace": "fde5810a9415e169", "heap": 26, "stack": 0, "bytes": 1227, "resumes": 3}
FAIL TimerResident resume-yield-1 limits=(4000000,4000000,20000000) resume first=1 outcome=finished ticks=39 resumes=2 heap=24 stack=0 state-sha256=926346a95e149776 differ=['bytes', 'state-bytes'] c={"outcome": "finished", "detail": "", "ticks": 39, "trace": "24cd06a67f1798ae", "heap": 24, "stack": 0, "bytes": 1080, "resumes": 2}
FAIL TimerResident resume-checkpoint-1 limits=(4000000,4000000,20000000) resume first=1 outcome=finished ticks=39 resumes=2 heap=27 stack=0 state-sha256=10b9a193b6130dcd differ=['bytes', 'state-bytes'] c={"outcome": "finished", "detail": "", "ticks": 39, "trace": "ca9b6e4452a7a20f", "heap": 27, "stack": 0, "bytes": 1340, "resumes": 2}
FAIL TimerResident resume-yield-2 limits=(4000000,4000000,20000000) resume first=2 outcome=finished ticks=22 resumes=1 heap=24 stack=0 state-sha256=926346a95e149776 differ=['bytes', 'state-bytes'] c={"outcome": "finished", "detail": "", "ticks": 22, "trace": "0250cdbbc35cde65", "heap": 24, "stack": 0, "bytes": 1080, "resumes": 1}
FAIL TimerResident resume-checkpoint-2 limits=(4000000,4000000,20000000) resume first=2 outcome=finished ticks=22 resumes=1 heap=27 stack=0 state-sha256=6244a0bc70ed860a differ=['bytes', 'state-bytes'] c={"outcome": "finished", "detail": "", "ticks": 22, "trace": "ae54a2fa9dc97dad", "heap": 27, "stack": 0, "bytes": 1346, "resumes": 1}
# DeosCounterInc typing=accepted:{"plan":{"row":{"member":{"member":{"tag":"natural"},"name":"slot","tag":"field","tail":{"member":{"tag":"natural"},"name":"before","tag":"field","tail":{"member":{"tag":"natural"},"name":"after","tag":"field","tail":{"tag":"emptyRow"}}}},"name":"write","tag":"field","tail":{"tag":"emptyRow"}},"tag":"variant"},"response":{"row":{"member":{"tag":"emptyRow"},"name":"written","tag":"field","tail":{"member":{"tag":"emptyRow"},"name":"refused","tag":"field","tail":{"tag":"emptyRow"}}},"tag":"variant"},"result":{"tag":"natural"},"tag":"computation"} rom-nodes=56 labels=14 full-ticks=64 responses=1 yields=1 lean-suite-s=2.1
FAIL DeosCounterInc full limits=(4000000,4000000,20000000) first=0 outcome=finished ticks=64 resumes=1 heap=18 stack=0 state-sha256=7fc4423b07e847ca differ=['ticks', 'trace', 'heap', 'bytes', 'state-bytes'] c={"outcome": "finished", "detail": "", "ticks": 81, "trace": "33b1f113717ad3f1", "heap": 28, "stack": 0, "bytes": 907, "resumes": 1}
FAIL DeosCounterInc ticks-third limits=(4000000,4000000,21) first=0 outcome=suspended-ticks ticks=21 resumes=0 heap=11 stack=4 state-sha256=05e272c56534c824 differ=['bytes', 'state-bytes'] c={"outcome": "suspended-ticks", "detail": "", "ticks": 21, "trace": "f77c039bdab40a5c", "heap": 11, "stack": 4, "bytes": 602, "resumes": 0}
FAIL DeosCounterInc ticks-two-thirds limits=(4000000,4000000,42) first=0 outcome=suspended-ticks ticks=42 resumes=0 heap=14 stack=1 state-sha256=0ffee60828ad7785 differ=['trace', 'heap', 'stack', 'bytes', 'state-bytes'] c={"outcome": "suspended-ticks", "detail": "", "ticks": 42, "trace": "90782878ddf67c8f", "heap": 15, "stack": 8, "bytes": 655, "resumes": 0}
FAIL DeosCounterInc heap-half limits=(9,4000000,20000000) first=0 outcome=suspended-capacity ticks=20 resumes=0 heap=5 stack=5 state-sha256=0f2682e0ba6fec54 differ=['bytes', 'state-bytes'] c={"outcome": "suspended-capacity", "detail": "", "ticks": 20, "trace": "1055018e73835d62", "heap": 5, "stack": 5, "bytes": 397, "resumes": 0}
FAIL DeosCounterInc resume-capacity limits=(4000000,4000000,19999980) resume first=0 outcome=finished ticks=44 resumes=1 heap=18 stack=0 state-sha256=7fc4423b07e847ca differ=['ticks', 'trace', 'heap', 'bytes', 'state-bytes'] c={"outcome": "finished", "detail": "", "ticks": 61, "trace": "4d54934cf0585890", "heap": 28, "stack": 0, "bytes": 938, "resumes": 1}
PASS DeosCounterInc stack-three limits=(4000000,3,20000000) first=0 outcome=suspended-capacity ticks=4 resumes=0 heap=1 stack=3 state-sha256=ce7d7d15c1dfe89f
FAIL DeosCounterInc resume-half limits=(4000000,4000000,19999968) resume first=0 outcome=finished ticks=32 resumes=1 heap=18 stack=0 state-sha256=7fc4423b07e847ca differ=['bytes', 'state-bytes'] c={"outcome": "finished", "detail": "", "ticks": 32, "trace": "756f16d0dec5f310", "heap": 18, "stack": 0, "bytes": 846, "resumes": 1}
FAIL DeosCounterInc no-response limits=(4000000,4000000,20000000) first=1 outcome=yielded:15 ticks=46 resumes=0 heap=16 stack=1 state-sha256=8dca21b3cb9e3af7 differ=['detail', 'ticks', 'trace', 'heap', 'bytes', 'state-bytes'] c={"outcome": "yielded", "detail": "25", "ticks": 63, "trace": "8352a3c8c1676669", "heap": 26, "stack": 1, "bytes": 962, "resumes": 0}
FAIL DeosCounterInc resume-yield-0 limits=(4000000,4000000,20000000) resume first=0 outcome=finished ticks=18 resumes=1 heap=18 stack=0 state-sha256=7fc4423b07e847ca differ=['bytes', 'state-bytes'] c={"outcome": "finished", "detail": "", "ticks": 18, "trace": "1ded0c7cbe6f02a9", "heap": 18, "stack": 0, "bytes": 1070, "resumes": 1}
PASS DeosCounterInc resume-checkpoint-0 limits=(4000000,4000000,20000000) resume first=0 outcome=finished ticks=6 resumes=1 heap=22 stack=0 state-sha256=08939f870a0fa29b
# DeosCounterDecSaturates typing=accepted:{"plan":{"row":{"member":{"member":{"tag":"natural"},"name":"slot","tag":"field","tail":{"member":{"tag":"natural"},"name":"before","tag":"field","tail":{"member":{"tag":"natural"},"name":"after","tag":"field","tail":{"tag":"emptyRow"}}}},"name":"write","tag":"field","tail":{"tag":"emptyRow"}},"tag":"variant"},"response":{"row":{"member":{"tag":"emptyRow"},"name":"written","tag":"field","tail":{"member":{"tag":"emptyRow"},"name":"refused","tag":"field","tail":{"tag":"emptyRow"}}},"tag":"variant"},"result":{"tag":"natural"},"tag":"computation"} rom-nodes=56 labels=14 full-ticks=384 responses=1 yields=1 lean-suite-s=1.9
FAIL DeosCounterDecSaturates full limits=(4000000,4000000,20000000) first=0 outcome=finished ticks=384 resumes=1 heap=60 stack=0 state-sha256=c423deb85ff1aea2 differ=['ticks', 'trace', 'heap', 'bytes', 'state-bytes'] c={"outcome": "finished", "detail": "", "ticks": 815, "trace": "7ed2a8aa3d8b36b5", "heap": 260, "stack": 0, "bytes": 8960, "resumes": 1}
FAIL DeosCounterDecSaturates ticks-third limits=(4000000,4000000,128) first=0 outcome=suspended-ticks ticks=128 resumes=1 heap=30 stack=4 state-sha256=73dd6c2bd22372c8 differ=['trace', 'heap', 'stack', 'bytes', 'state-bytes'] c={"outcome": "suspended-ticks", "detail": "", "ticks": 128, "trace": "ccbaf6c31a03c9d3", "heap": 45, "stack": 7, "bytes": 1815, "resumes": 1}
FAIL DeosCounterDecSaturates ticks-two-thirds limits=(4000000,4000000,256) first=0 outcome=suspended-ticks ticks=256 resumes=1 heap=49 stack=10 state-sha256=d0fe7f6b657e5be5 differ=['trace', 'heap', 'stack', 'bytes', 'state-bytes'] c={"outcome": "suspended-ticks", "detail": "", "ticks": 256, "trace": "682e6d9486149ec6", "heap": 91, "stack": 2, "bytes": 3223, "resumes": 1}
FAIL DeosCounterDecSaturates heap-half limits=(30,4000000,20000000) first=0 outcome=suspended-capacity ticks=130 resumes=1 heap=30 stack=3 state-sha256=780170ea992f8e90 differ=['ticks', 'trace', 'stack', 'bytes', 'state-bytes'] c={"outcome": "suspended-capacity", "detail": "", "ticks": 82, "trace": "7baef60565a6a69c", "heap": 30, "stack": 8, "bytes": 1168, "resumes": 1}
FAIL DeosCounterDecSaturates resume-capacity limits=(4000000,4000000,19999870) resume first=1 outcome=finished ticks=254 resumes=0 heap=60 stack=0 state-sha256=c423deb85ff1aea2 differ=['ticks', 'trace', 'bytes', 'state-bytes'] c={"outcome": "finished", "detail": "", "ticks": 270, "trace": "3f7f6f621cac6f29", "heap": 60, "stack": 0, "bytes": 3187, "resumes": 0}
PASS DeosCounterDecSaturates stack-three limits=(4000000,3,20000000) first=0 outcome=suspended-capacity ticks=4 resumes=0 heap=1 stack=3 state-sha256=d224af86278bda14
FAIL DeosCounterDecSaturates resume-half limits=(4000000,4000000,19999808) resume first=1 outcome=finished ticks=192 resumes=0 heap=60 stack=0 state-sha256=c423deb85ff1aea2 differ=['ticks', 'trace', 'bytes', 'state-bytes'] c={"outcome": "finished", "detail": "", "ticks": 208, "trace": "cc41e7784fc9a04a", "heap": 60, "stack": 0, "bytes": 3211, "resumes": 0}
FAIL DeosCounterDecSaturates no-response limits=(4000000,4000000,20000000) first=1 outcome=yielded:15 ticks=46 resumes=0 heap=16 stack=1 state-sha256=dcdc88c11126ae62 differ=['detail', 'ticks', 'trace', 'heap', 'bytes', 'state-bytes'] c={"outcome": "yielded", "detail": "25", "ticks": 63, "trace": "8352a3c8c1676669", "heap": 26, "stack": 1, "bytes": 962, "resumes": 0}
FAIL DeosCounterDecSaturates resume-yield-0 limits=(4000000,4000000,20000000) resume first=0 outcome=finished ticks=338 resumes=1 heap=60 stack=0 state-sha256=c423deb85ff1aea2 differ=['ticks', 'trace', 'bytes', 'state-bytes'] c={"outcome": "finished", "detail": "", "ticks": 372, "trace": "cc4e09e7892275ce", "heap": 60, "stack": 0, "bytes": 3119, "resumes": 1}
PASS DeosCounterDecSaturates resume-checkpoint-0 limits=(4000000,4000000,20000000) resume first=0 outcome=finished ticks=6 resumes=1 heap=64 stack=0 state-sha256=99bcf251ee61bb64
# DeosCounterResetRefused typing=accepted:{"plan":{"row":{"member":{"member":{"tag":"natural"},"name":"slot","tag":"field","tail":{"member":{"tag":"natural"},"name":"before","tag":"field","tail":{"member":{"tag":"natural"},"name":"after","tag":"field","tail":{"tag":"emptyRow"}}}},"name":"write","tag":"field","tail":{"tag":"emptyRow"}},"tag":"variant"},"response":{"row":{"member":{"tag":"emptyRow"},"name":"written","tag":"field","tail":{"member":{"tag":"emptyRow"},"name":"refused","tag":"field","tail":{"tag":"emptyRow"}}},"tag":"variant"},"result":{"tag":"natural"},"tag":"computation"} rom-nodes=54 labels=14 full-ticks=54 responses=1 yields=1 lean-suite-s=2.4
FAIL DeosCounterResetRefused full limits=(4000000,4000000,20000000) first=0 outcome=finished ticks=54 resumes=1 heap=17 stack=0 state-sha256=b165f4df99094976 differ=['ticks', 'trace', 'heap', 'bytes', 'state-bytes'] c={"outcome": "finished", "detail": "", "ticks": 71, "trace": "6c033faac9f0ac29", "heap": 27, "stack": 0, "bytes": 877, "resumes": 1}
FAIL DeosCounterResetRefused ticks-third limits=(4000000,4000000,18) first=0 outcome=suspended-ticks ticks=18 resumes=0 heap=5 stack=5 state-sha256=4bc165110534fa04 differ=['bytes', 'state-bytes'] c={"outcome": "suspended-ticks", "detail": "", "ticks": 18, "trace": "62111ca28c5e2956", "heap": 5, "stack": 5, "bytes": 394, "resumes": 0}
FAIL DeosCounterResetRefused ticks-two-thirds limits=(4000000,4000000,36) first=0 outcome=suspended-ticks ticks=36 resumes=0 heap=12 stack=3 state-sha256=bbb45712eb59fd63 differ=['trace', 'heap', 'stack', 'bytes', 'state-bytes'] c={"outcome": "suspended-ticks", "detail": "", "ticks": 36, "trace": "48d37db10edc5fdb", "heap": 14, "stack": 7, "bytes": 611, "resumes": 0}
FAIL DeosCounterResetRefused heap-half limits=(8,4000000,20000000) first=0 outcome=suspended-capacity ticks=19 resumes=0 heap=5 stack=4 state-sha256=d01a21295763068c differ=['bytes', 'state-bytes'] c={"outcome": "suspended-capacity", "detail": "", "ticks": 19, "trace": "9379481773102e6e", "heap": 5, "stack": 4, "bytes": 385, "resumes": 0}
FAIL DeosCounterResetRefused resume-capacity limits=(4000000,4000000,19999981) resume first=0 outcome=finished ticks=35 resumes=1 heap=17 stack=0 state-sha256=b165f4df99094976 differ=['ticks', 'trace', 'heap', 'bytes', 'state-bytes'] c={"outcome": "finished", "detail": "", "ticks": 52, "trace": "b85aea29c4bd3c8a", "heap": 27, "stack": 0, "bytes": 908, "resumes": 1}
PASS DeosCounterResetRefused stack-three limits=(4000000,3,20000000) first=0 outcome=suspended-capacity ticks=4 resumes=0 heap=1 stack=3 state-sha256=6a69f16c5760d0bb
FAIL DeosCounterResetRefused resume-half limits=(4000000,4000000,19999973) resume first=0 outcome=finished ticks=27 resumes=1 heap=17 stack=0 state-sha256=b165f4df99094976 differ=['bytes', 'state-bytes'] c={"outcome": "finished", "detail": "", "ticks": 27, "trace": "ae766c9c45dea51b", "heap": 17, "stack": 0, "bytes": 816, "resumes": 1}
FAIL DeosCounterResetRefused no-response limits=(4000000,4000000,20000000) first=1 outcome=yielded:14 ticks=43 resumes=0 heap=15 stack=1 state-sha256=c1edab4d521c9eef differ=['detail', 'ticks', 'trace', 'heap', 'bytes', 'state-bytes'] c={"outcome": "yielded", "detail": "24", "ticks": 60, "trace": "f4b4fe0207421201", "heap": 25, "stack": 1, "bytes": 932, "resumes": 0}
FAIL DeosCounterResetRefused resume-yield-0 limits=(4000000,4000000,20000000) resume first=0 outcome=finished ticks=11 resumes=1 heap=17 stack=0 state-sha256=b165f4df99094976 differ=['bytes', 'state-bytes'] c={"outcome": "finished", "detail": "", "ticks": 11, "trace": "7767028b86c0f35b", "heap": 17, "stack": 0, "bytes": 1040, "resumes": 1}
PASS DeosCounterResetRefused resume-checkpoint-0 limits=(4000000,4000000,20000000) resume first=0 outcome=finished ticks=6 resumes=1 heap=21 stack=0 state-sha256=765bb6615ac3eefb
# DeosCounterFirstYield typing=accepted:{"plan":{"row":{"member":{"member":{"tag":"natural"},"name":"slot","tag":"field","tail":{"member":{"tag":"natural"},"name":"before","tag":"field","tail":{"member":{"tag":"natural"},"name":"after","tag":"field","tail":{"tag":"emptyRow"}}}},"name":"write","tag":"field","tail":{"tag":"emptyRow"}},"tag":"variant"},"response":{"row":{"member":{"tag":"emptyRow"},"name":"written","tag":"field","tail":{"member":{"tag":"emptyRow"},"name":"refused","tag":"field","tail":{"tag":"emptyRow"}}},"tag":"variant"},"result":{"tag":"natural"},"tag":"computation"} rom-nodes=55 labels=14 full-ticks=46 responses=0 yields=0 lean-suite-s=2.0
FAIL DeosCounterFirstYield full limits=(4000000,4000000,20000000) first=0 outcome=yielded:15 ticks=46 resumes=0 heap=16 stack=1 state-sha256=d5ab235ab78775ac differ=['detail', 'ticks', 'trace', 'heap', 'bytes', 'state-bytes'] c={"outcome": "yielded", "detail": "25", "ticks": 63, "trace": "8352a3c8c1676669", "heap": 26, "stack": 1, "bytes": 962, "resumes": 0}
FAIL DeosCounterFirstYield ticks-third limits=(4000000,4000000,15) first=0 outcome=suspended-ticks ticks=15 resumes=0 heap=5 stack=4 state-sha256=27ef0c0f8aafb47d differ=['bytes', 'state-bytes'] c={"outcome": "suspended-ticks", "detail": "", "ticks": 15, "trace": "59439936935a5251", "heap": 5, "stack": 4, "bytes": 225, "resumes": 0}
FAIL DeosCounterFirstYield ticks-two-thirds limits=(4000000,4000000,30) first=0 outcome=suspended-ticks ticks=30 resumes=0 heap=13 stack=1 state-sha256=c6e570a1215ac90c differ=['bytes', 'state-bytes'] c={"outcome": "suspended-ticks", "detail": "", "ticks": 30, "trace": "49b14763630eb7f0", "heap": 13, "stack": 1, "bytes": 494, "resumes": 0}
FAIL DeosCounterFirstYield heap-half limits=(8,4000000,20000000) first=0 outcome=suspended-capacity ticks=20 resumes=0 heap=5 stack=5 state-sha256=45129b696e644076 differ=['bytes', 'state-bytes'] c={"outcome": "suspended-capacity", "detail": "", "ticks": 20, "trace": "1055018e73835d62", "heap": 5, "stack": 5, "bytes": 397, "resumes": 0}
FAIL DeosCounterFirstYield resume-capacity limits=(4000000,4000000,19999980) resume first=0 outcome=yielded:15 ticks=26 resumes=0 heap=16 stack=1 state-sha256=d5ab235ab78775ac differ=['detail', 'ticks', 'trace', 'heap', 'bytes', 'state-bytes'] c={"outcome": "yielded", "detail": "25", "ticks": 43, "trace": "3ade5b2e380406a4", "heap": 26, "stack": 1, "bytes": 993, "resumes": 0}
PASS DeosCounterFirstYield stack-three limits=(4000000,3,20000000) first=0 outcome=suspended-capacity ticks=4 resumes=0 heap=1 stack=3 state-sha256=e4f719977bc07397
FAIL DeosCounterFirstYield resume-half limits=(4000000,4000000,19999977) resume first=0 outcome=yielded:15 ticks=23 resumes=0 heap=16 stack=1 state-sha256=d5ab235ab78775ac differ=['bytes', 'state-bytes'] c={"outcome": "yielded", "detail": "15", "ticks": 23, "trace": "b73d14b79c4f22da", "heap": 16, "stack": 1, "bytes": 863, "resumes": 0}
# TOTAL pass=57 fail=243
