run=E-20260810T003037-13290-hbox-3f74f634e0e1-lake
commit=3f74f634e0e1e6bab4ce98336bf605b6ee7c816f
tree=78bf201183908a6b580a61058e79d24b5a13a4af
host_alias=hbox
remote_run=/tank/dregg-build/minidregg-checks/runs/run-3f74f634e0e1-ry5Vd5mn
command=lake build Theory Kernel Compiler Assurance 
resolved_executable=/home/hbox/.elan/bin/lake
✔ [3161/3556] Built Theory.Knowledge (1.5s)
✔ [3162/3556] Built Compiler.Placeholder (640ms)
✔ [8480/8729] Built Assurance.Placeholder (328ms)
✔ [8482/8729] Built Pred.Core (1.2s)
✔ [8483/8729] Built Kernel.Camera (13s)
✔ [8484/8729] Built Kernel.Turn (42s)
✔ [8485/8729] Built Kernel.State (29s)
ℹ [8486/8729] Built Compiler.Signature (42s)
info: Compiler/Signature.lean:426:0: Minidregg.Compiler.N3_opaque_payloads_forbid_second_reading : Prop
ℹ [8487/8729] Built Loom.Rbr (42s)
info: Loom/Rbr.lean:465:0: Minidregg.Loom.OB2_depth_composition : Prop
✔ [8488/8729] Built Kernel.PrivateTurn (1.5s)
✔ [8489/8729] Built Kernel.Receipt (1.6s)
✔ [8490/8729] Built Compiler.DialectBundle (1.6s)
✔ [8491/8729] Built Kernel.Verbs (871ms)
✔ [8492/8729] Built Kernel.Gate (1.3s)
✔ [8493/8729] Built Loom.Depth (5.4s)
ℹ [8494/8729] Built Loom.FiatShamir (1.1s)
info: Loom/FiatShamir.lean:653:0: @Oracle.respond_consistent : ∀ {Q C : Type} (O : Oracle Q C) (q : Q) (coin coin' : C),
  ((O.respond q coin).2.respond q coin').1 = (O.respond q coin).1
info: Loom/FiatShamir.lean:654:0: @srFinalChal_eq_lookup : ∀ {r : Reduction} {s t : ℕ} (P : SrProver r s) (c : Fin t → r.Chal) (d : Fin r.k → r.Chal)
  (i : Fin r.k), srFinalChal P c d i = ((srHandlerRun P c).1.lookup ((srOut P c).query i)).getD (d i)
info: Loom/FiatShamir.lean:655:0: Minidregg.Loom.fsStraightline_iff_sr (r : Reduction) (Z : Set (Stmt r)) (ε : ℕ → ℕ → ℝ → ℝ) :
  FsStraightlineKnowledgeSoundness r Z ε ↔ StraightlineSrKnowledgeSoundness r Z ε
info: Loom/FiatShamir.lean:656:0: Minidregg.Loom.fsOfRbrSound_iff_depth : FsOfRbrSound ↔ OB2_depth_composition_nonneg
info: Loom/FiatShamir.lean:657:0: Minidregg.Loom.fsKeystone_proved : FsOfRbrKeystone
✔ [8495/8729] Built Kernel.TurnLimit (8.3s)
✔ [8496/8729] Built Kernel.TurnBalancedLimit (2.0s)
✔ [8497/8729] Built Loom.CorrelatedAgreement (58s)
✔ [8498/8729] Built Compiler.Air (43s)
✔ [8499/8729] Built Theory.BinaryTower (86s)
✔ [8500/8729] Built Loom.ReedSolomon (28s)
✔ [8501/8729] Built Compiler.AirRange (3.0s)
✔ [8502/8729] Built Compiler.AirFlatten (4.3s)
✔ [8503/8729] Built Loom.Sumcheck (4.4s)
✔ [8504/8729] Built Loom.ConstrainedCode (4.7s)
✔ [8505/8729] Built Theory.BinaryTowerFanPaar (5.9s)
✔ [8506/8729] Built Loom.Proximity (6.5s)
✔ [8507/8729] Built Compiler.AirHash (4.8s)
ℹ [8508/8729] Built Loom.LogupStar (5.7s)
info: Loom/LogupStar.lean:367:0: 'Minidregg.Loom.logup_pullback_pushforward' depends on axioms: [propext, Classical.choice, Quot.sound]
info: Loom/LogupStar.lean:368:0: 'Minidregg.Loom.logup_logDerivative_complete' depends on axioms: [propext, Classical.choice, Quot.sound]
info: Loom/LogupStar.lean:369:0: 'Minidregg.Loom.logupDefect_ne_zero_of_ne' depends on axioms: [propext, Classical.choice, Quot.sound]
info: Loom/LogupStar.lean:370:0: 'Minidregg.Loom.logup_wrong_rational_accept_prob_le' depends on axioms: [propext, Classical.choice, Quot.sound]
info: Loom/LogupStar.lean:371:0: 'Minidregg.Loom.LogupStarExample.wrong_rejected_at_two' depends on axioms: [propext, Classical.choice, Quot.sound]
✔ [8509/8729] Built Loom.SumcheckReduction (6.7s)
✔ [8510/8729] Built Loom.OutOfDomain (6.8s)
✔ [8511/8729] Built Loom.Accumulator (7.1s)
✔ [8512/8729] Built Theory.AdditiveNTT (8.0s)
ℹ [8513/8729] Built Compiler.PredCompile (11s)
info: Compiler/PredCompile.lean:940:0: 'Minidregg.Compiler.lower_correct' depends on axioms: [propext, Classical.choice, Quot.sound]
info: Compiler/PredCompile.lean:941:0: 'Minidregg.Compiler.lower_subsumes_boolGadget' depends on axioms: [propext, Classical.choice, Quot.sound]
✔ [8514/8729] Built Theory.BinaryTowerTrace (8.5s)
✔ [8515/8729] Built Compiler.AirMembership (7.7s)
✔ [8516/8729] Built Loom.ProximityGapUD (9.8s)
✔ [8517/8729] Built Loom.SmallField (12s)
✔ [8518/8729] Built Loom.AccExtract (8.1s)
✔ [8519/8729] Built Assurance.AirSumcheck (8.6s)
✔ [8520/8729] Built Loom.Decider (8.3s)
✔ [8521/8729] Built Loom.LightClient (8.5s)
✔ [8522/8729] Built Loom.ZK (8.6s)
✔ [8523/8729] Built Loom.MultilinearExtension (9.2s)
✔ [8524/8729] Built Loom.AccSound (9.0s)
✔ [8525/8729] Built Assurance.ReceiptClaim (10s)
✔ [8526/8729] Built Theory.AdditiveNTTTransform (9.6s)
✔ [8527/8729] Built Compiler.NoteSpend (9.1s)
ℹ [8528/8729] Built Loom.ExtensionChallengeBridge (7.9s)
info: Loom/ExtensionChallengeBridge.lean:82:0: @dotWt_liftWord : ∀ {ι : Type u_4} {Fq : Type u_5} {K : Type u_6} [inst : Fintype ι] [inst_1 : Field Fq]
  [inst_2 : Field K] [inst_3 : Algebra Fq K] (a f : ι → Fq),
  dotWt (liftWord a) (liftWord f) = (algebraMap Fq K) (dotWt a f)
info: Loom/ExtensionChallengeBridge.lean:83:0: @satisfies_liftConstraint_iff : ∀ {ι : Type u_4} {Fq : Type u_5} {K : Type u_6} [inst : Fintype ι] [inst_1 : Field Fq]
  [inst_2 : Field K] [inst_3 : Algebra Fq K] (f : ι → Fq) (c : LinearConstraint ι Fq),
  Satisfies (liftWord f) (liftConstraint c) ↔ Satisfies f c
info: Loom/ExtensionChallengeBridge.lean:84:0: @lifted_constraint_residual : ∀ {ι : Type u_4} {Fq : Type u_5} {K : Type u_6} [inst : Fintype ι] [inst_1 : Field Fq]
  [inst_2 : Field K] [inst_3 : Algebra Fq K] (f : ι → Fq) (c : LinearConstraint ι Fq),
  dotWt (liftConstraint c).wt (liftWord f) - (liftConstraint c).target = (algebraMap Fq K) (dotWt c.wt f - c.target)
info: Loom/ExtensionChallengeBridge.lean:85:0: @card_lifted_batch_satisfying_le : ∀ {ι : Type u_4} {Fq : Type u_5} {K : Type u_6} [inst : Fintype ι]
  [inst_1 : Field Fq] [inst_2 : Field K] [inst_3 : Algebra Fq K] [inst_4 : Fintype K] [inst_5 : DecidableEq K]
  {f : ι → Fq} {cs : List (LinearConstraint ι Fq)},
  (∃ c ∈ cs, ¬Satisfies f c) →
    {γ | Satisfies (liftWord f) (batchConstraint γ (List.map liftConstraint cs))}.card ≤ cs.length - 1
info: Loom/ExtensionChallengeBridge.lean:87:0: 'Minidregg.Loom.card_lifted_batch_satisfying_le' depends on axioms: [propext, Classical.choice, Quot.sound]
✔ [8529/8729] Built Loom.Commitment (5.9s)
ℹ [8530/8729] Built Compiler.SparseEqualityWorkProfile (5.9s)
info: Compiler/SparseEqualityWorkProfile.lean:128:0: 'Minidregg.Compiler.SparseEqualityWorkProfile.mle_sparseTable' depends on axioms: [propext,
 Classical.choice,
 Quot.sound]
info: Compiler/SparseEqualityWorkProfile.lean:129:0: 'Minidregg.Compiler.SparseEqualityWorkProfile.profile_wellFormed' depends on axioms: [propext,
 Classical.choice,
 Quot.sound]
ℹ [8531/8729] Built Loom.BinaryLookup (6.1s)
info: Loom/BinaryLookup.lean:158:0: 'Minidregg.Loom.binaryLookupEq_cubePt_eq_unitVector' depends on axioms: [propext, Classical.choice, Quot.sound]
info: Loom/BinaryLookup.lean:159:0: 'Minidregg.Loom.binaryTableDot_lookupEq_eq_mle' depends on axioms: [propext, Classical.choice, Quot.sound]
info: Loom/BinaryLookup.lean:160:0: 'Minidregg.Loom.BinaryLookupExample.boolean_sum_one_not_oneHot_charTwo' depends on axioms: [propext,
 Classical.choice,
 Quot.sound]
✔ [8532/8729] Built Loom.ZKHiding (6.8s)
✔ [8533/8729] Built Loom.AccSoundRbr (7.0s)
✔ [8534/8729] Built Assurance.AirSumcheckQuadratic (8.8s)
✔ [8535/8729] Built Loom.LightClientSound (8.3s)
ℹ [8536/8729] Built Loom.AdditiveProximity (7.8s)
info: Loom/AdditiveProximity.lean:362:0: 'Minidregg.Loom.additiveProximityGap_of_isProximityGenerator' depends on axioms: [propext, Classical.choice, Quot.sound]
info: Loom/AdditiveProximity.lean:363:0: 'Minidregg.Loom.additiveProximityGap_UD' depends on axioms: [propext, Classical.choice, Quot.sound]
info: Loom/AdditiveProximity.lean:364:0: 'Minidregg.Loom.additiveFold_distance_UD' depends on axioms: [propext, Classical.choice, Quot.sound]
info: Loom/AdditiveProximity.lean:365:0: 'Minidregg.Loom.keystone_additiveProximityGap' depends on axioms: [propext, Classical.choice, Quot.sound]
info: Loom/AdditiveProximity.lean:366:0: 'Minidregg.Loom.keystone_far_word_eighth' depends on axioms: [propext, Classical.choice, Quot.sound]
info: Loom/AdditiveProximity.lean:367:0: 'Minidregg.Loom.keystone_additiveFold_distance_fires' depends on axioms: [propext, Classical.choice, Quot.sound]
✔ [8537/8729] Built Compiler.Emit (8.6s)
⚠ [8538/8729] Built Loom.LogupIndexLink (6.7s)
warning: Loom/LogupIndexLink.lean:29:0: automatically included section variable(s) unused in theorem `Minidregg.Loom.canonicalIndexColumn_boolean`:
  [Fintype κ]
consider restructuring your `variable` declarations so that the variables are not in scope or explicitly omit them:
  omit [Fintype κ] in theorem ...

Note: This linter can be disabled with `set_option linter.unusedSectionVars false`
warning: Loom/LogupIndexLink.lean:41:0: automatically included section variable(s) unused in theorem `Minidregg.Loom.canonicalIndexPoint_eq`:
  [Fintype κ]
consider restructuring your `variable` declarations so that the variables are not in scope or explicitly omit them:
  omit [Fintype κ] in theorem ...

Note: This linter can be disabled with `set_option linter.unusedSectionVars false`
warning: Loom/LogupIndexLink.lean:48:0: automatically included section variable(s) unused in theorem `Minidregg.Loom.canonicalIncidence_eq_unitVector`:
  [Fintype κ]
consider restructuring your `variable` declarations so that the variables are not in scope or explicitly omit them:
  omit [Fintype κ] in theorem ...

Note: This linter can be disabled with `set_option linter.unusedSectionVars false`
info: Loom/LogupIndexLink.lean:94:0: 'Minidregg.Loom.canonicalIncidence_eq_unitVector' depends on axioms: [propext, Classical.choice, Quot.sound]
info: Loom/LogupIndexLink.lean:95:0: 'Minidregg.Loom.canonicalIncidencePushforward_eq_logupPushforward' depends on axioms: [propext,
 Classical.choice,
 Quot.sound]
info: Loom/LogupIndexLink.lean:96:0: 'Minidregg.Loom.canonical_indexed_lookup_pullback' depends on axioms: [propext, Classical.choice, Quot.sound]
✔ [8539/8729] Built Assurance.PrivateReceipt (6.2s)
✔ [8540/8729] Built Loom.ConstrainedMask (6.5s)
✔ [8541/8729] Built Loom.Erasure (6.6s)
✔ [8542/8729] Built Compiler.AdmissionAir (9.8s)
✔ [8543/8729] Built Loom.DeciderProximity (8.3s)
ℹ [8544/8729] Built Loom.CollisionResistanceROM (8.6s)
info: Loom/CollisionResistanceROM.lean:551:0: birthday_bound : ∀ (q N : ℕ), collisionProb q N ≤ ↑q * (↑q - 1) / (2 * ↑N)
info: Loom/CollisionResistanceROM.lean:552:0: @commitCR_of_RO : ∀ {D : Type} (q N : ℕ) (A : BreakAdversary D q N),
  uniformProb (Fin q → Fin N) A.Wins ≤ ↑q * (↑q - 1) / (2 * ↑N)
info: Loom/CollisionResistanceROM.lean:553:0: @BreakAdversary.wins_breaks_binding : ∀ {F ι : Type} {q N : ℕ} (A : BreakAdversary (ι → F) q N) {c : Fin q → Fin N},
  A.Wins c → ∀ (H : (ι → F) → Fin N), (∀ (i : Fin q), H (A.query i) = c i) → ¬(roScheme F ι H).PositionBinding
info: Loom/CollisionResistanceROM.lean:554:0: @roAnswers_eq_coins : ∀ {D C : Type} {q : ℕ} (A : ROAdversary D q) (c : Fin q → C),
  (oracleRun Oracle.empty (List.ofFn fun i => (A.query i, c i))).2 = List.ofFn c
✔ [8545/8729] Built Loom.AccExtractChain (7.7s)
✔ [8546/8729] Built Loom.LightClientFS (8.1s)
✔ [8547/8729] Built Assurance.PrivateTurn (5.2s)
✔ [8548/8729] Built Theory.PrivacyProfile (125s)
⚠ [8549/8729] Built Loom.ZkArgument (5.0s)
warning: Loom/ZkArgument.lean:164:15: unused variable `f`

Note: This linter can be disabled with `set_option linter.unusedVariables false`
warning: Loom/ZkArgument.lean:165:26: unused variable `h`

Note: This linter can be disabled with `set_option linter.unusedVariables false`
warning: Loom/ZkArgument.lean:165:28: unused variable `h'`

Note: This linter can be disabled with `set_option linter.unusedVariables false`
warning: Loom/ZkArgument.lean:165:31: unused variable `γ'`

Note: This linter can be disabled with `set_option linter.unusedVariables false`
ℹ [8550/8729] Built Theory.Bignum (126s)
info: Theory/Bignum.lean:354:0: 'Minidregg.Theory.Bignum.denoteInt_eq_natCast' depends on axioms: [propext]
info: Theory/Bignum.lean:355:0: 'Minidregg.Theory.Bignum.denoteNat_lt_pow' depends on axioms: [propext, Classical.choice, Quot.sound]
info: Theory/Bignum.lean:356:0: 'Minidregg.Theory.Bignum.denoteNat_digitsLE' depends on axioms: [propext, Quot.sound]
info: Theory/Bignum.lean:357:0: 'Minidregg.Theory.Bignum.denoteInt_digitsLE' depends on axioms: [propext, Quot.sound]
info: Theory/Bignum.lean:358:0: 'Minidregg.Theory.Bignum.digitsLE_denoteNat' depends on axioms: [propext]
info: Theory/Bignum.lean:359:0: 'Minidregg.Theory.Bignum.denoteNat_injective' depends on axioms: [propext]
info: Theory/Bignum.lean:360:0: 'Minidregg.Theory.Bignum.denoteInt_injective' depends on axioms: [propext]
info: Theory/Bignum.lean:361:0: 'Minidregg.Theory.Bignum.Limbs.toFin_ofFin' depends on axioms: [propext, Classical.choice, Quot.sound]
info: Theory/Bignum.lean:362:0: 'Minidregg.Theory.Bignum.Limbs.ofFin_toFin' depends on axioms: [propext, Classical.choice, Quot.sound]
info: Theory/Bignum.lean:363:0: 'Minidregg.Theory.Bignum.Limbs.toNat_ofBounded' depends on axioms: [propext, Quot.sound]
info: Theory/Bignum.lean:364:0: 'Minidregg.Theory.Bignum.bits_248_fit_nine_radix_2013265921_limbs' depends on axioms: [propext,
 Classical.choice,
 Quot.sound]
✔ [8551/8729] Built Theory.IndexedProgram (127s)
✔ [8552/8729] Built Theory.ReactiveReceipt (127s)
✔ [8553/8729] Built Compiler.EmitShare (9.1s)
✔ [8554/8729] Built Theory.TypedAuthorization (128s)
✔ [8555/8729] Built Compiler.TranscriptController (128s)
✔ [8556/8729] Built Compiler.SumcheckVerifierAir (9.9s)
✔ [8557/8729] Built Assurance.LoomV0 (9.9s)
✔ [8558/8729] Built Theory.CrossModulus (10s)
ℹ [8559/8729] Built Compiler.EmitSerialize (17s)
info: Compiler/EmitSerialize.lean:233:0: round-trip OK: 18 gates, 5 zeros, nWires = 23
✔ [8560/8729] Built Loom.RbrZeroKnowledge (10s)
✔ [8561/8729] Built Loom.LightClientGrinding (12s)
✔ [8562/8729] Built Theory.CompressedLinearEquation (11s)
✔ [8563/8729] Built Theory.GuardedAdvice (10s)
✔ [8564/8729] Built Theory.DisclosureDeclaration (11s)
✔ [8565/8729] Built Compiler.FriQueryVerifierAir (9.6s)
⚠ [8566/8729] Built Assurance.SemanticReceiptRelation (11s)
warning: Assurance/SemanticReceiptRelation.lean:37:7: automatically included section variable(s) unused in theorem `Minidregg.Assurance.SemanticReceiptRelation.ReceiptWitness.ext`:
  [Fintype Key]
  [DecidableEq Key]
  [Field F]
  [DecidableEq F]
consider restructuring your `variable` declarations so that the variables are not in scope or explicitly omit them:
  omit [Fintype Key] [DecidableEq Key] [Field F] [DecidableEq F] in theorem ...

Note: This linter can be disabled with `set_option linter.unusedSectionVars false`
warning: Assurance/SemanticReceiptRelation.lean:63:0: automatically included section variable(s) unused in theorem `Minidregg.Assurance.SemanticReceiptRelation.ReceiptWitness.satisfies_iff`:
  [Fintype Key]
  [DecidableEq Key]
  [DecidableEq F]
consider restructuring your `variable` declarations so that the variables are not in scope or explicitly omit them:
  omit [Fintype Key] [DecidableEq Key] [DecidableEq F] in theorem ...

Note: This linter can be disabled with `set_option linter.unusedSectionVars false`
warning: Assurance/SemanticReceiptRelation.lean:164:4: The namespace 'SemanticReceiptRelation' is duplicated in the declaration 'Minidregg.Assurance.SemanticReceiptRelation.SemanticReceiptRelation'

Note: This linter can be disabled with `set_option linter.dupNamespace false`
warning: Assurance/SemanticReceiptRelation.lean:199:0: automatically included section variable(s) unused in theorem `Minidregg.Assurance.SemanticReceiptRelation.receiptCoord_surjective`:
  [DecidableEq Key]
consider restructuring your `variable` declarations so that the variables are not in scope or explicitly omit them:
  omit [DecidableEq Key] in theorem ...

Note: This linter can be disabled with `set_option linter.unusedSectionVars false`
warning: Assurance/SemanticReceiptRelation.lean:211:0: automatically included section variable(s) unused in theorem `Minidregg.Assurance.SemanticReceiptRelation.SemanticReceiptClaim.acc_weights_shared`:
  [DecidableEq F]
consider restructuring your `variable` declarations so that the variables are not in scope or explicitly omit them:
  omit [DecidableEq F] in theorem ...

Note: This linter can be disabled with `set_option linter.unusedSectionVars false`
warning: Assurance/SemanticReceiptRelation.lean:218:0: automatically included section variable(s) unused in theorem `Minidregg.Assurance.SemanticReceiptRelation.SemanticReceiptClaim.acc_satisfies_iff`:
  [DecidableEq F]
consider restructuring your `variable` declarations so that the variables are not in scope or explicitly omit them:
  omit [DecidableEq F] in theorem ...

Note: This linter can be disabled with `set_option linter.unusedSectionVars false`
⚠ [8567/8729] Built Kernel.SparseAuthenticatedState (11s)
warning: Kernel/SparseAuthenticatedState.lean:485:52: unused variable `store`

Note: This linter can be disabled with `set_option linter.unusedVariables false`
warning: Kernel/SparseAuthenticatedState.lean:662:38: This simp argument is unused:
  empty

Hint: Omit it from the simp argument list.
  simp [Op.Enabled, Op.apply, layout, e̵m̵p̵t̵y̵,̵ ̵Fresh, Store.set]

Note: This linter can be disabled with `set_option linter.unusedSimpArgs false`
info: Kernel/SparseAuthenticatedState.lean:673:0: 'Minidregg.Kernel.SparseAuthenticatedState.Store.set_ne' depends on axioms: [propext]
info: Kernel/SparseAuthenticatedState.lean:674:0: 'Minidregg.Kernel.SparseAuthenticatedState.Trace.run_frame' depends on axioms: [propext, Classical.choice, Quot.sound]
info: Kernel/SparseAuthenticatedState.lean:675:0: 'Minidregg.Kernel.SparseAuthenticatedState.Trace.mem_writeFootprint_iff' depends on axioms: [propext,
 Classical.choice,
 Quot.sound]
info: Kernel/SparseAuthenticatedState.lean:676:0: 'Minidregg.Kernel.SparseAuthenticatedState.Trace.BusRelation.rows_exact' does not depend on any axioms
info: Kernel/SparseAuthenticatedState.lean:677:0: 'Minidregg.Kernel.SparseAuthenticatedState.AcceptedExecution.changed_only_declared' depends on axioms: [propext,
 Classical.choice,
 Quot.sound]
info: Kernel/SparseAuthenticatedState.lean:678:0: 'Minidregg.Kernel.SparseAuthenticatedState.Example.duplicate_allocation_rejected' depends on axioms: [propext]
ℹ [8568/8729] Built Theory.CausalVersionDag (11s)
info: Theory/CausalVersionDag.lean:520:0: 'Minidregg.Theory.CausalVersionDag.ValidAppend.parent_present' depends on axioms: [propext, Quot.sound]
info: Theory/CausalVersionDag.lean:521:0: 'Minidregg.Theory.CausalVersionDag.ValidAppend.concurrent_sibling_append_inhabited' depends on axioms: [propext]
ℹ [8569/8729] Built Compiler.AirBignum (13s)
info: Compiler/AirBignum.lean:315:0: 'Minidregg.Compiler.AirBignum.addLimbTerm_correct' depends on axioms: [propext, Quot.sound]
info: Compiler/AirBignum.lean:316:0: 'Minidregg.Compiler.AirBignum.addGadget_correct' depends on axioms: [propext, Classical.choice, Quot.sound]
info: Compiler/AirBignum.lean:317:0: 'Minidregg.Compiler.AirBignum.carryEquations_denote' depends on axioms: [propext, Classical.choice, Quot.sound]
info: Compiler/AirBignum.lean:318:0: 'Minidregg.Compiler.AirBignum.addGadget_sound' depends on axioms: [propext, Classical.choice, Quot.sound]
info: Compiler/AirBignum.lean:319:0: 'Minidregg.Compiler.AirBignum.emit_addGadget_iff' depends on axioms: [propext, Classical.choice, Quot.sound]
⚠ [8570/8729] Built Theory.AuthorizationDeclaration (13s)
warning: Theory/AuthorizationDeclaration.lean:439:10: This simp argument is unused:
  hlookup

Hint: Omit it from the simp argument list.
  simp ̵[̵h̵l̵o̵o̵k̵u̵p̵]̵

Note: This linter can be disabled with `set_option linter.unusedSimpArgs false`
✔ [8571/8729] Built Compiler.SumcheckConformance (12s)
ℹ [8572/8729] Built Assurance.ErrorBudget (12s)
info: Assurance/ErrorBudget.lean:652:0: @soundnessError_bound : ∀ {Root ι F : Type} [inst : Field F] [inst_1 : Fintype F] [inst_2 : DecidableEq F]
  [inst_3 : Fintype ι] [DecidableEq ι] [Nonempty ι] {r : ℕ} {D : Type} (P : SoundnessParams)
  (foldRoot : Root → F → Root → Root) (dom : ι ↪ F) {dd : ℕ} {A₀ : AccClaim Root F ι r} {T : ℕ}
  {chs : Fin T → Chain Root F ι r} {qs : List (LcQuery Root F ι r)} {wss : Fin T → List (ι → F)} {f0s : Fin T → ι → F}
  {δ dC : ℝ} {prover honest : Fin P.depth → ℕ → Polynomial F} {Hc Sc : Fin P.depth → F}
  (Adv : BreakAdversary D P.hashQueries (2 ^ P.hashBits)) (pf : Fin 2 → ι → F),
  dd ≤ Fintype.card ι →
    qs.Nodup →
      (∀ (i : Fin T) (k : Fin (List.length (chs i))), linkPrefix A₀ (chs i) ↑k ∈ qs) →
        (∀ (i : Fin T), List.length (chs i) ≤ P.depth) →
          (∀ (i : Fin T), chs i ≠ []) →
            Function.Injective chs →
              (∀ (i : Fin T), Aligned A₀ (chs i)) →
                (∀ u ∈ reedSolomonCode dom dd, ∀ v ∈ reedSolomonCode dom dd, u ≠ v → dC ≤ relDist u v) →
                  0 < δ →
                    δ < 1 - (2 + ↑dd / ↑(Fintype.card ι)) / 3 →
                      δ < dC / 2 →
                        (∀ (i : Fin T), (wss i).length = List.length (chs i)) →
                          (∀ (i : Fin T),
                              ∃ p ∈ List.zip (chs i) (wss i),
                                ∀ v ∈ reedSolomonCode dom dd,
                                  relDist p.2 v ≤ δ → ¬AccClaim.Satisfies (reedSolomonCode dom dd) p.1.claim v) →
                            ∀ (dflt : (i : Fin T) → Fin (List.length (chs i)) → F),
                              (∀ (j : Fin P.depth), ∀ i < P.scRounds, (prover j i).degree < ↑(P.scDegree + 1)) →
                                (∀ (j : Fin P.depth), ∀ i < P.scRounds, (honest j i).degree < ↑(P.scDegree + 1)) →
                                  (∀ (j : Fin P.depth) (rv : Fin P.scRounds → F),
                                      ∀ i < P.scRounds,
                                        Polynomial.eval 0 (honest j i) + Polynomial.eval 1 (honest j i) =
                                          scChain (Sc j) (honest j) (chalOf rv) i) →
                                    P.fieldCard = Fintype.card F →
                                      P.codeLen = Fintype.card ι →
                                        P.queries = qs.length →
                                          (uniformProb
                                              ((Fin qs.length → F) ×
                                                (Fin P.depth → Fin P.scRounds → F) ×
                                                  (Fin P.hashQueries → Fin (2 ^ P.hashBits)) × F)
                                              fun c =>
                                              (∃ i w, ⋯ ∧ ⋯) ∨
                                                (∃ j, AcceptsFalse (prover j) (honest j) (Hc j) (Sc j) ⋯) ∨
                                                  Adv.Wins ⋯ ∨ MutualCAFailure (reedSolomonCode dom dd) δ pf ⋯) ≤
                                            soundnessError P
info: Assurance/ErrorBudget.lean:653:0: deployedBudget_secure : soundnessError deployedBudget ≤ 1 / 2 ^ 55
info: Assurance/ErrorBudget.lean:654:0: deployedBudget_grinding_dominant : sumcheckTerm deployedBudget + crTerm deployedBudget + proximityTerm deployedBudget ≤
    1 / 2 ^ 100 ∧
  1 / 2 ^ 56 < grindingTerm deployedBudget
✔ [8573/8729] Built Assurance.SemanticTurnReceipt (9.0s)
✔ [8574/8729] Built Loom.ZkTriangular (13s)
✔ [8575/8729] Built Theory.CausalVersionAncestry (10s)
ℹ [8576/8729] Built Compiler.Ext6Conformance (13s)
info: Compiler/Ext6Conformance.lean:337:0: ext6Polynomial_irreducible : Irreducible ext6Polynomial
info: Compiler/Ext6Conformance.lean:338:0: ext6Q_finrank : Module.finrank BabyBear Ext6Q = 6
info: Compiler/Ext6Conformance.lean:339:0: ext6Mul_correct : ∀ (a b : Fin 6 → BabyBear), toExt6 (ext6Mul a b) = toExt6 a * toExt6 b
info: Compiler/Ext6Conformance.lean:340:0: ext6_known_product : ext6Mul ext6A ext6B = ext6Product
info: Compiler/Ext6Conformance.lean:341:0: ext6_edge_product : ext6Mul ext6EdgeA ext6EdgeB = ext6EdgeProduct
info: Compiler/Ext6Conformance.lean:343:0: 'Minidregg.Compiler.ext6Polynomial_irreducible' depends on axioms: [propext, Classical.choice, Quot.sound]
info: Compiler/Ext6Conformance.lean:344:0: 'Minidregg.Compiler.ext6Q_finrank' depends on axioms: [propext, Classical.choice, Quot.sound]
info: Compiler/Ext6Conformance.lean:345:0: 'Minidregg.Compiler.ext6Mul_correct' depends on axioms: [propext, Classical.choice, Quot.sound]
ℹ [8577/8729] Built Compiler.WideDigestAir (11s)
info: Compiler/WideDigestAir.lean:237:0: 'Minidregg.Compiler.WideDigestAir.wideDigestAbsorbGadget_correct' depends on axioms: [propext,
 Classical.choice,
 Quot.sound]
info: Compiler/WideDigestAir.lean:238:0: 'Minidregg.Compiler.WideDigestAir.digestVals_canonical' depends on axioms: [propext, Quot.sound]
info: Compiler/WideDigestAir.lean:239:0: 'Minidregg.Compiler.WideDigestAir.digestVal_cast_exact' depends on axioms: [propext, Classical.choice, Quot.sound]
info: Compiler/WideDigestAir.lean:240:0: 'Minidregg.Compiler.WideDigestAir.wideDigestAbsorbGadget_sound' depends on axioms: [propext,
 Classical.choice,
 Quot.sound]
info: Compiler/WideDigestAir.lean:241:0: 'Minidregg.Compiler.WideDigestAir.emit_wideDigestAbsorb_iff' depends on axioms: [propext, Classical.choice, Quot.sound]
✔ [8578/8729] Built Theory.ReactiveController (14s)
✔ [8579/8729] Built Compiler.NextgenLightClientPublicInputs (16s)
✔ [8580/8729] Built Theory.PrivateComputationDeclaration (14s)
ℹ [8581/8729] Built Theory.BinaryTowerFanPaarCodec (25s)
info: Theory/BinaryTowerFanPaarCodec.lean:324:0: 'Minidregg.Theory.BinaryTowerFanPaarCodec.coordinateFieldEquiv' depends on axioms: [propext,
 Classical.choice,
 Quot.sound]
info: Theory/BinaryTowerFanPaarCodec.lean:325:0: 'Minidregg.Theory.BinaryTowerFanPaarCodec.decode_encode' depends on axioms: [propext, Classical.choice, Quot.sound]
info: Theory/BinaryTowerFanPaarCodec.lean:326:0: 'Minidregg.Theory.BinaryTowerFanPaarCodec.encode_injective' depends on axioms: [propext, Classical.choice, Quot.sound]
⚠ [8582/8729] Built Theory.CredentialAuthorityFamily (12s)
warning: Theory/CredentialAuthorityFamily.lean:236:17: unused variable `keyEpochExact`

Note: This linter can be disabled with `set_option linter.unusedVariables false`
warning: Theory/CredentialAuthorityFamily.lean:239:30: unused variable `semantic`

Note: This linter can be disabled with `set_option linter.unusedVariables false`
info: Theory/CredentialAuthorityFamily.lean:442:0: 'Minidregg.Theory.CredentialAuthorityFamily.encodeRequest_injective' depends on axioms: [propext]
info: Theory/CredentialAuthorityFamily.lean:443:0: 'Minidregg.Theory.CredentialAuthorityFamily.retarget_changes_wire' depends on axioms: [propext]
info: Theory/CredentialAuthorityFamily.lean:444:0: 'Minidregg.Theory.TypedAuthorization.Capability.strict_attenuation_admits_subset' depends on axioms: [propext,
 Quot.sound]
info: Theory/CredentialAuthorityFamily.lean:445:0: 'Minidregg.Theory.TypedAuthorization.Capability.Lineage.root_admissible' depends on axioms: [propext, Quot.sound]
info: Theory/CredentialAuthorityFamily.lean:446:0: 'Minidregg.Theory.CredentialAuthorityFamily.AcceptedCredential.token_has_no_bypass' depends on axioms: [propext,
 Quot.sound]
info: Theory/CredentialAuthorityFamily.lean:447:0: 'Minidregg.Theory.CredentialAuthorityFamily.AcceptedCredential.reject_over_budget' depends on axioms: [propext,
 Quot.sound]
info: Theory/CredentialAuthorityFamily.lean:448:0: 'Minidregg.Theory.CredentialAuthorityFamily.demoToken_is_capability_evidence' depends on axioms: [propext,
 Classical.choice,
 Quot.sound]
✔ [8583/8729] Built Compiler.FiatShamirAir (16s)
✔ [8584/8729] Built Theory.EffectDeclaration (12s)
ℹ [8585/8729] Built Assurance.ErrorBudget120 (9.6s)
info: Assurance/ErrorBudget120.lean:220:0: secureBudget120_secure : soundnessErrorPoW secureBudget120 ≤ 1 / 2 ^ 120
info: Assurance/ErrorBudget120.lean:221:0: secureBudget120_secure_137 : soundnessErrorPoW secureBudget120 ≤ 1 / 2 ^ 137
info: Assurance/ErrorBudget120.lean:222:0: babyBear4_fails_120 : 1 / 2 ^ 120 < soundnessErrorPoW secureBudget120BabyBear4
info: Assurance/ErrorBudget120.lean:223:0: noPoW_fails_120 : 1 / 2 ^ 120 < soundnessErrorPoW secureBudget120NoPoW
info: Assurance/ErrorBudget120.lean:224:0: 'Minidregg.Assurance.secureBudget120_secure' depends on axioms: [propext, Classical.choice, Quot.sound]
info: Assurance/ErrorBudget120.lean:225:0: 'Minidregg.Assurance.secureBudget120_secure_137' depends on axioms: [propext, Classical.choice, Quot.sound]
info: Assurance/ErrorBudget120.lean:226:0: 'Minidregg.Assurance.babyBear4_fails_120' depends on axioms: [propext, Classical.choice, Quot.sound]
info: Assurance/ErrorBudget120.lean:227:0: 'Minidregg.Assurance.noPoW_fails_120' depends on axioms: [propext, Classical.choice, Quot.sound]
ℹ [8586/8729] Built Compiler.GateMleExt6 (8.6s)
info: Compiler/GateMleExt6.lean:264:0: @descriptorHolds_iff_residualTable_zero : ∀ {m : ℕ} (d : ConstraintDescriptor BabyBear) (wv : ℕ → BabyBear)
  (enc : Fin (descriptorResiduals d wv).length ↪ Fin m → Bool),
  descriptorHolds d wv ↔ ∀ (b : Fin m → Bool), residualTable d wv enc b = 0
info: Compiler/GateMleExt6.lean:265:0: @gammaResidualTable_read : ∀ {m : ℕ} (d : ConstraintDescriptor BabyBear) (wv : ℕ → BabyBear)
  (enc : Fin (descriptorResiduals d wv).length ↪ Fin m → Bool) (gamma : Ext6Q)
  (k : Fin (descriptorResiduals d wv).length),
  gammaResidualTable d wv enc gamma (enc k) =
    gamma ^ ↑k * (algebraMap BabyBear Ext6Q) ((descriptorResiduals d wv).get k)
info: Compiler/GateMleExt6.lean:266:0: @honestRounds_boolean_sum : ∀ {m : ℕ} (d : ConstraintDescriptor BabyBear) (wv : ℕ → BabyBear)
  (enc : Fin (descriptorResiduals d wv).length ↪ Fin m → Bool) (gamma : Ext6Q),
  descriptorHolds d wv →
    ∀ (r : Fin m → Ext6Q),
      ∀ i < m,
        Polynomial.eval 0 (honestRounds d wv enc gamma (chalOf r) i) +
            Polynomial.eval 1 (honestRounds d wv enc gamma (chalOf r) i) =
          scChain 0 (honestRounds d wv enc gamma (chalOf r)) (chalOf r) i
info: Compiler/GateMleExt6.lean:267:0: @honestRounds_closes_committed : ∀ {m : ℕ} (d : ConstraintDescriptor BabyBear) (wv : ℕ → BabyBear)
  (enc : Fin (descriptorResiduals d wv).length ↪ Fin m → Bool) (gamma : Ext6Q),
  descriptorHolds d wv →
    ∀ (r : Fin m → Ext6Q) (opened : CommittedTerminal d wv enc gamma r),
      scChain 0 (honestRounds d wv enc gamma (chalOf r)) (chalOf r) m = opened.value
info: Compiler/GateMleExt6.lean:269:0: 'Minidregg.Compiler.GateMleExt6.honestRounds_closes_committed' depends on axioms: [propext,
 Classical.choice,
 Quot.sound]
✔ [8587/8729] Built Theory.BinaryTowerCodec (7.7s)
⚠ [8588/8729] Built Compiler.SemanticManifest (18s)
warning: Compiler/SemanticManifest.lean:138:12: Used `tac1 <;> tac2` where `(tac1; tac2)` would suffice

Note: This linter can be disabled with `set_option linter.unnecessarySeqFocus false`
warning: Compiler/SemanticManifest.lean:153:12: Used `tac1 <;> tac2` where `(tac1; tac2)` would suffice

Note: This linter can be disabled with `set_option linter.unnecessarySeqFocus false`
warning: Compiler/SemanticManifest.lean:168:12: Used `tac1 <;> tac2` where `(tac1; tac2)` would suffice

Note: This linter can be disabled with `set_option linter.unnecessarySeqFocus false`
warning: Compiler/SemanticManifest.lean:234:15: Used `tac1 <;> tac2` where `(tac1; tac2)` would suffice

Note: This linter can be disabled with `set_option linter.unnecessarySeqFocus false`
warning: Compiler/SemanticManifest.lean:518:13: Used `tac1 <;> tac2` where `(tac1; tac2)` would suffice

Note: This linter can be disabled with `set_option linter.unnecessarySeqFocus false`
warning: Compiler/SemanticManifest.lean:553:14: Used `tac1 <;> tac2` where `(tac1; tac2)` would suffice

Note: This linter can be disabled with `set_option linter.unnecessarySeqFocus false`
⚠ [8589/8729] Built Assurance.SemanticReceiptRuntimeCodec (8.5s)
warning: Assurance/SemanticReceiptRuntimeCodec.lean:60:8: automatically included section variable(s) unused in theorem `Minidregg.Assurance.SemanticReceiptRuntimeCodec.runtimeEncode_pre`:
  [Field F]
  [DecidableEq F]
consider restructuring your `variable` declarations so that the variables are not in scope or explicitly omit them:
  omit [Field F] [DecidableEq F] in theorem ...

Note: This linter can be disabled with `set_option linter.unusedSectionVars false`
warning: Assurance/SemanticReceiptRuntimeCodec.lean:65:8: automatically included section variable(s) unused in theorem `Minidregg.Assurance.SemanticReceiptRuntimeCodec.runtimeEncode_post`:
  [Field F]
  [DecidableEq F]
consider restructuring your `variable` declarations so that the variables are not in scope or explicitly omit them:
  omit [Field F] [DecidableEq F] in theorem ...

Note: This linter can be disabled with `set_option linter.unusedSectionVars false`
warning: Assurance/SemanticReceiptRuntimeCodec.lean:70:8: automatically included section variable(s) unused in theorem `Minidregg.Assurance.SemanticReceiptRuntimeCodec.runtimeEncode_touched`:
  [Field F]
  [DecidableEq F]
consider restructuring your `variable` declarations so that the variables are not in scope or explicitly omit them:
  omit [Field F] [DecidableEq F] in theorem ...

Note: This linter can be disabled with `set_option linter.unusedSectionVars false`
warning: Assurance/SemanticReceiptRuntimeCodec.lean:91:8: automatically included section variable(s) unused in theorem `Minidregg.Assurance.SemanticReceiptRuntimeCodec.runtimeResiduals_boolean`:
  [DecidableEq F]
consider restructuring your `variable` declarations so that the variables are not in scope or explicitly omit them:
  omit [DecidableEq F] in theorem ...

Note: This linter can be disabled with `set_option linter.unusedSectionVars false`
warning: Assurance/SemanticReceiptRuntimeCodec.lean:96:8: automatically included section variable(s) unused in theorem `Minidregg.Assurance.SemanticReceiptRuntimeCodec.runtimeResiduals_frame`:
  [DecidableEq F]
consider restructuring your `variable` declarations so that the variables are not in scope or explicitly omit them:
  omit [DecidableEq F] in theorem ...

Note: This linter can be disabled with `set_option linter.unusedSectionVars false`
warning: Assurance/SemanticReceiptRuntimeCodec.lean:102:0: automatically included section variable(s) unused in theorem `Minidregg.Assurance.SemanticReceiptRuntimeCodec.runtimeResiduals_zero_iff`:
  [DecidableEq F]
consider restructuring your `variable` declarations so that the variables are not in scope or explicitly omit them:
  omit [DecidableEq F] in theorem ...

Note: This linter can be disabled with `set_option linter.unusedSectionVars false`
warning: Assurance/SemanticReceiptRuntimeCodec.lean:118:0: automatically included section variable(s) unused in theorem `Minidregg.Assurance.SemanticReceiptRuntimeCodec.runtimeEncode_refines_formal`:
  [Field F]
  [DecidableEq F]
consider restructuring your `variable` declarations so that the variables are not in scope or explicitly omit them:
  omit [Field F] [DecidableEq F] in theorem ...

Note: This linter can be disabled with `set_option linter.unusedSectionVars false`
warning: Assurance/SemanticReceiptRuntimeCodec.lean:191:8: automatically included section variable(s) unused in theorem `Minidregg.Assurance.SemanticReceiptRuntimeCodec.boundRuntimeEncode_binding`:
  [Field F]
  [DecidableEq F]
consider restructuring your `variable` declarations so that the variables are not in scope or explicitly omit them:
  omit [Field F] [DecidableEq F] in theorem ...

Note: This linter can be disabled with `set_option linter.unusedSectionVars false`
warning: Assurance/SemanticReceiptRuntimeCodec.lean:197:8: automatically included section variable(s) unused in theorem `Minidregg.Assurance.SemanticReceiptRuntimeCodec.boundRuntimeEncode_core`:
  [Field F]
  [DecidableEq F]
consider restructuring your `variable` declarations so that the variables are not in scope or explicitly omit them:
  omit [Field F] [DecidableEq F] in theorem ...

Note: This linter can be disabled with `set_option linter.unusedSectionVars false`
info: Assurance/SemanticReceiptRuntimeCodec.lean:303:0: 'Minidregg.Assurance.SemanticReceiptRuntimeCodec.boundRuntimeEncode_injective' depends on axioms: [propext,
 Classical.choice,
 Quot.sound]
info: Assurance/SemanticReceiptRuntimeCodec.lean:304:0: 'Minidregg.Assurance.SemanticReceiptRuntimeCodec.boundSemanticReceiptClaims_fold' depends on axioms: [propext,
 Classical.choice,
 Quot.sound]
info: Assurance/SemanticReceiptRuntimeCodec.lean:305:0: 'Minidregg.Assurance.SemanticReceiptRuntimeCodec.HeaderBytes.bindingNatCells_injective' depends on axioms: [propext,
 Classical.choice,
 Quot.sound]
ℹ [8590/8729] Built Compiler.AirModularView (21s)
info: Compiler/AirModularView.lean:666:0: 'Minidregg.Compiler.AirModularView.mulConstGadget_correct' depends on axioms: [propext, Quot.sound]
info: Compiler/AirModularView.lean:667:0: 'Minidregg.Compiler.AirModularView.mulCarryEquations_denote' depends on axioms: [propext, Classical.choice, Quot.sound]
info: Compiler/AirModularView.lean:668:0: 'Minidregg.Compiler.AirModularView.mulConstGadget_sound' depends on axioms: [propext, Classical.choice, Quot.sound]
info: Compiler/AirModularView.lean:669:0: 'Minidregg.Compiler.AirModularView.modularViewGadget_sound' depends on axioms: [propext, Classical.choice, Quot.sound]
info: Compiler/AirModularView.lean:670:0: 'Minidregg.Compiler.AirModularView.accepted_has_modularView' depends on axioms: [propext, Classical.choice, Quot.sound]
info: Compiler/AirModularView.lean:671:0: 'Minidregg.Compiler.AirModularView.scalarMulGadget_correct' depends on axioms: [propext, Quot.sound]
info: Compiler/AirModularView.lean:672:0: 'Minidregg.Compiler.AirModularView.scalarMulCarryEquations_denote' depends on axioms: [propext,
 Classical.choice,
 Quot.sound]
info: Compiler/AirModularView.lean:673:0: 'Minidregg.Compiler.AirModularView.scalarMulGadget_sound' depends on axioms: [propext, Classical.choice, Quot.sound]
info: Compiler/AirModularView.lean:674:0: 'Minidregg.Compiler.AirModularView.emit_scalarMulGadget_iff' depends on axioms: [propext, Classical.choice, Quot.sound]
info: Compiler/AirModularView.lean:675:0: 'Minidregg.Compiler.AirModularView.fheggQ0_scalar24_base64_fits' depends on axioms: [propext,
 Classical.choice,
 Quot.sound]
info: Compiler/AirModularView.lean:676:0: 'Minidregg.Compiler.AirModularView.emit_modularViewGadget_iff' depends on axioms: [propext,
 Classical.choice,
 Quot.sound]
✔ [8591/8729] Built Loom.ZkExtraction (11s)
✔ [8592/8729] Built Theory.CellState (9.0s)
ℹ [8593/8729] Built Compiler.WideDigestByteDecodeAir (11s)
info: Compiler/WideDigestByteDecodeAir.lean:339:0: 'Minidregg.Compiler.WideDigestByteDecodeAir.byteDecodeGadget_correct' depends on axioms: [propext,
 Classical.choice,
 Quot.sound]
info: Compiler/WideDigestByteDecodeAir.lean:340:0: 'Minidregg.Compiler.WideDigestByteDecodeAir.byteDecodeGadget_sound' depends on axioms: [propext,
 Classical.choice,
 Quot.sound]
info: Compiler/WideDigestByteDecodeAir.lean:341:0: 'Minidregg.Compiler.WideDigestByteDecodeAir.raw_babyBearP_rejected' depends on axioms: [propext,
 Classical.choice,
 Quot.sound]
info: Compiler/WideDigestByteDecodeAir.lean:342:0: 'Minidregg.Compiler.WideDigestByteDecodeAir.emit_byteDecode_iff' depends on axioms: [propext,
 Classical.choice,
 Quot.sound]
info: Compiler/WideDigestByteDecodeAir.lean:343:0: 'Minidregg.Compiler.WideDigestByteDecodeAir.emitted_raw_babyBearP_rejected' depends on axioms: [propext,
 Classical.choice,
 Quot.sound]
✔ [8594/8729] Built Compiler.DeclaredEffectArtifact (10s)
ℹ [8595/8729] Built Assurance.MixedFieldBudget (8.6s)
info: Assurance/MixedFieldBudget.lean:170:0: uniform_one_gate_recovers : ∀ (P : PoWSoundnessParams),
  mixedFieldSoundness P (uniformChallengeFields P.fieldCard 1) = soundnessErrorPoW P
info: Assurance/MixedFieldBudget.lean:171:0: baseGateExt4Fri_ceiling : 1 / 2 ^ 17 < mixedFieldSoundness secureBudget120 baseGateExt4Fri
info: Assurance/MixedFieldBudget.lean:172:0: baseGateExt4Fri_secure_16 : mixedFieldSoundness secureBudget120 baseGateExt4Fri ≤ 1 / 2 ^ 16
info: Assurance/MixedFieldBudget.lean:173:0: ext6GateExt4Fri_ceiling : 1 / 2 ^ 76 < mixedFieldSoundness secureBudget120 ext6GateExt4Fri
info: Assurance/MixedFieldBudget.lean:174:0: ext6GateExt4Fri_secure_75 : mixedFieldSoundness secureBudget120 ext6GateExt4Fri ≤ 1 / 2 ^ 75
info: Assurance/MixedFieldBudget.lean:175:0: unifiedExt6_secure_137 : mixedFieldSoundness secureBudget120 unifiedExt6 ≤ 1 / 2 ^ 137
info: Assurance/MixedFieldBudget.lean:176:0: unifiedExt6_ceiling : 1 / 2 ^ 138 < mixedFieldSoundness secureBudget120 unifiedExt6
info: Assurance/MixedFieldBudget.lean:178:0: 'Minidregg.Assurance.baseGateExt4Fri_ceiling' depends on axioms: [propext, Classical.choice, Quot.sound]
info: Assurance/MixedFieldBudget.lean:179:0: 'Minidregg.Assurance.ext6GateExt4Fri_ceiling' depends on axioms: [propext, Classical.choice, Quot.sound]
info: Assurance/MixedFieldBudget.lean:180:0: 'Minidregg.Assurance.unifiedExt6_secure_137' depends on axioms: [propext, Classical.choice, Quot.sound]
✔ [8596/8729] Built Loom.ZkRbrGame (7.7s)
ℹ [8597/8729] Built Compiler.SemanticTurnReceiptDescriptor (10s)
info: Compiler/SemanticTurnReceiptDescriptor.lean:449:0: 'Minidregg.Compiler.SemanticTurnReceiptDescriptor.descriptor_accepts_iff_boundRelation' depends on axioms: [propext,
 Classical.choice,
 Quot.sound]
info: Compiler/SemanticTurnReceiptDescriptor.lean:450:0: 'Minidregg.Compiler.SemanticTurnReceiptDescriptor.committedTurn_descriptor_accepts' depends on axioms: [propext,
 Classical.choice,
 Quot.sound]
✔ [8598/8729] Built Loom.SubUdSeam (10s)
✔ [8599/8729] Built Theory.DeclaredTurn (9.8s)
ℹ [8600/8729] Built Compiler.GateFactoredExt6 (13s)
info: Compiler/GateFactoredExt6.lean:737:0: @factored_cube_sum_eq_gammaBatchedDescriptorResidual : ∀ {m : ℕ} (d : ConstraintDescriptor BabyBear) (wv : ℕ → BabyBear)
  (enc : Fin (GateMleExt6.descriptorResiduals d wv).length ↪ Fin m → Bool) (gamma : Ext6Q),
  ∑ b, factoredGatePolynomial d wv enc gamma (cubePt b) = gammaBatchedDescriptorResidual d wv gamma
info: Compiler/GateFactoredExt6.lean:738:0: @factored_individualDegree_le_two : ∀ {m : ℕ} (d : ConstraintDescriptor BabyBear) (wv : ℕ → BabyBear)
  (enc : Fin (GateMleExt6.descriptorResiduals d wv).length ↪ Fin m → Bool) (gamma : Ext6Q) (i : Fin m)
  (x : Fin m → Ext6Q),
  ∃ q,
    q.degree < ↑(2 + 1) ∧
      ∀ (t : Ext6Q), Polynomial.eval t q = factoredGatePolynomial d wv enc gamma (Function.update x i t)
info: Compiler/GateFactoredExt6.lean:739:0: @factoredRounds_terminal_of_openings : ∀ {m : ℕ} (d : ConstraintDescriptor BabyBear) (wv : ℕ → BabyBear)
  (enc : Fin (GateMleExt6.descriptorResiduals d wv).length ↪ Fin m → Bool) (gamma : Ext6Q) (r : Fin m → Ext6Q)
  (opened : TerminalOpenings d wv enc gamma r),
  scChain (gammaBatchedDescriptorResidual d wv gamma) (factoredRounds d wv enc gamma (chalOf r)) (chalOf r) m =
    opened.affineValue TerminalKind.mulA * opened.affineValue TerminalKind.mulB - opened.affineValue TerminalKind.mulC +
            opened.affineValue TerminalKind.addA +
          opened.affineValue TerminalKind.addB -
        opened.affineValue TerminalKind.addC +
      opened.affineValue TerminalKind.zero
info: Compiler/GateFactoredExt6.lean:740:0: @etaBatched_opening_identity : ∀ {t : ℕ} (eta : Ext6Q) (trace : ℕ → Ext6Q) (values constants : Fin t → Ext6Q)
  (weights : Fin t → ℕ →₀ Ext6Q),
  (∀ (j : Fin t), values j = constants j + (Finsupp.linearCombination Ext6Q trace) (weights j)) →
    ∑ j, eta ^ ↑j * (values j - constants j) = (Finsupp.linearCombination Ext6Q trace) (etaBatchedWeights eta weights)
info: Compiler/GateFactoredExt6.lean:741:0: @card_bad_eta_le : ∀ {t : ℕ} (challenges : Finset Ext6Q) (trace : ℕ → Ext6Q) (values constants : Fin t → Ext6Q)
  (weights : Fin t → ℕ →₀ Ext6Q),
  (∃ j, openingDefect trace values constants weights j ≠ 0) →
    {eta ∈ challenges | ∑ j, eta ^ ↑j * openingDefect trace values constants weights j = 0}.card ≤ t - 1
info: Compiler/GateFactoredExt6.lean:743:0: 'Minidregg.Compiler.GateFactoredExt6.factoredRounds_terminal_of_openings' depends on axioms: [propext,
 Classical.choice,
 Quot.sound]
ℹ [8601/8729] Built Compiler.BfvCompressedEquation (11s)
info: Compiler/BfvCompressedEquation.lean:359:0: 'Minidregg.Compiler.BfvCompressedEquation.DeployedEquation.eval_active_eq_numerator' depends on axioms: [propext,
 Classical.choice,
 Quot.sound]
info: Compiler/BfvCompressedEquation.lean:360:0: 'Minidregg.Compiler.BfvCompressedEquation.RuntimeWitness.shifted_balance' depends on axioms: [propext,
 Classical.choice,
 Quot.sound]
info: Compiler/BfvCompressedEquation.lean:361:0: 'Minidregg.Compiler.BfvCompressedEquation.q0ProductGadget_sound' depends on axioms: [propext,
 Classical.choice,
 Quot.sound]
info: Compiler/BfvCompressedEquation.lean:362:0: 'Minidregg.Compiler.BfvCompressedEquation.q0ProductCommonInteger_value' depends on axioms: [propext,
 Classical.choice,
 Quot.sound]
info: Compiler/BfvCompressedEquation.lean:363:0: 'Minidregg.Compiler.BfvCompressedEquation.q0_row_bridge_sound' depends on axioms: [propext,
 Classical.choice,
 Quot.sound]
info: Compiler/BfvCompressedEquation.lean:364:0: 'Minidregg.Compiler.BfvCompressedEquation.q0_row_commonInteger_bridge_sound' depends on axioms: [propext,
 Classical.choice,
 Quot.sound]
info: Compiler/BfvCompressedEquation.lean:365:0: 'Minidregg.Compiler.BfvCompressedEquation.emit_q0ProductGadget_iff' depends on axioms: [propext,
 Classical.choice,
 Quot.sound]
info: Compiler/BfvCompressedEquation.lean:366:0: 'Minidregg.Compiler.BfvCompressedEquation.babyBear_integer_cast_not_injective' depends on axioms: [propext,
 Classical.choice,
 Quot.sound]
✔ [8602/8729] Built Assurance.PrivateComputationReceiptClause (11s)
ℹ [8603/8729] Built Compiler.BignumKernelABI (12s)
info: Compiler/BignumKernelABI.lean:453:0: 'Minidregg.Compiler.BignumKernelABI.KernelCall.accepts_iff_descriptor' depends on axioms: [propext,
 Classical.choice,
 Quot.sound]
info: Compiler/BignumKernelABI.lean:454:0: 'Minidregg.Compiler.BignumKernelABI.addKernelCall_wellFormed' depends on axioms: [propext, Classical.choice, Quot.sound]
info: Compiler/BignumKernelABI.lean:455:0: 'Minidregg.Compiler.BignumKernelABI.addKernelCall_fullyWellFormed' depends on axioms: [propext,
 Classical.choice,
 Quot.sound]
info: Compiler/BignumKernelABI.lean:456:0: 'Minidregg.Compiler.BignumKernelABI.addKernelCall_accepts_iff' depends on axioms: [propext,
 Classical.choice,
 Quot.sound]
info: Compiler/BignumKernelABI.lean:457:0: 'Minidregg.Compiler.BignumKernelABI.scalarMulKernelCall_wellFormed' depends on axioms: [propext,
 Classical.choice,
 Quot.sound]
info: Compiler/BignumKernelABI.lean:458:0: 'Minidregg.Compiler.BignumKernelABI.scalarMulKernelCall_fullyWellFormed' depends on axioms: [propext,
 Classical.choice,
 Quot.sound]
info: Compiler/BignumKernelABI.lean:459:0: 'Minidregg.Compiler.BignumKernelABI.scalarMulKernelCall_accepts_iff' depends on axioms: [propext,
 Classical.choice,
 Quot.sound]
✔ [8604/8729] Built Theory.ReactiveCellTransition (12s)
✔ [8605/8729] Built Compiler.MerkleBindAir (22s)
✔ [8606/8729] Built Loom.AccRbrInstance (8.6s)
⚠ [8607/8729] Built Compiler.SemanticArtifactBundle (13s)
warning: Compiler/SemanticArtifactBundle.lean:382:17: Used `tac1 <;> tac2` where `(tac1; tac2)` would suffice

Note: This linter can be disabled with `set_option linter.unnecessarySeqFocus false`
ℹ [8608/8729] Built Compiler.GateTraceRelationExt6 (7.2s)
info: Compiler/GateTraceRelationExt6.lean:272:0: @extended_eta_identity : ∀ {nPublic nPadding : ℕ} (eta : Ext6Q) (trace : ℕ → Ext6Q) (traceLength : ℕ)
  (terminalValues : Fin 7 → Ext6Q) (terminal : Fin 7 → TraceAffineFunctional) (publicValues : Fin nPublic → Ext6Q),
  (∀ (j : Fin 7), terminalValues j = (terminal j).eval trace) →
    (∀ (j : Fin nPublic), trace ↑j = publicValues j) →
      (∀ (j : Fin nPadding), trace (traceLength + ↑j) = 0) →
        ∑ j, eta ^ ↑j * (extendedValues terminalValues publicValues j - extendedConstants terminal j) =
          (Finsupp.linearCombination Ext6Q trace) (etaBatchedWeights eta (extendedWeights terminal traceLength))
info: Compiler/GateTraceRelationExt6.lean:273:0: @card_bad_extended_eta_le : ∀ {nPublic nPadding : ℕ} (challenges : Finset Ext6Q) (trace : ℕ → Ext6Q) (traceLength : ℕ)
  (terminalValues : Fin 7 → Ext6Q) (terminal : Fin 7 → TraceAffineFunctional) (publicValues : Fin nPublic → Ext6Q),
  (∃ j,
      extendedValues terminalValues publicValues j ≠
        extendedConstants terminal j +
          (Finsupp.linearCombination Ext6Q trace) (extendedWeights terminal traceLength j)) →
    {eta ∈ challenges |
          ∑ j,
              eta ^ ↑j *
                openingDefect trace (extendedValues terminalValues publicValues) (extendedConstants terminal)
                  (extendedWeights terminal traceLength) j =
            0}.card ≤
      6 + nPublic + nPadding
info: Compiler/GateTraceRelationExt6.lean:274:0: coordinatePolynomial_eval : ∀ (project : Ext6Q →ₗ[BabyBear] BabyBear) (p : Ext6Q[X]) (x : BabyBear),
  Polynomial.eval x (coordinatePolynomial project p) = project (Polynomial.eval ((algebraMap BabyBear Ext6Q) x) p)
info: Compiler/GateTraceRelationExt6.lean:275:0: card_eval_in_baseImage_le : ∀ (domain : Finset BabyBear) (d : ℕ) (project : Ext6Q →ₗ[BabyBear] BabyBear) (p : Ext6Q[X]),
  (∀ (a : BabyBear), project ((algebraMap BabyBear Ext6Q) a) = 0) →
    coordinatePolynomial project p ≠ 0 →
      p.degree < ↑d →
        {x ∈ domain | ∃ a, Polynomial.eval ((algebraMap BabyBear Ext6Q) x) p = (algebraMap BabyBear Ext6Q) a}.card ≤
          d - 1
info: Compiler/GateTraceRelationExt6.lean:276:0: card_sampledOracle_in_baseImage_le : ∀ (samples : Finset BabyBear) (d : ℕ) (oracle : BabyBear → Ext6Q) (p : Ext6Q[X])
  (project : Ext6Q →ₗ[BabyBear] BabyBear),
  SamplesRepresentPolynomial oracle p samples →
    (∀ (a : BabyBear), project ((algebraMap BabyBear Ext6Q) a) = 0) →
      coordinatePolynomial project p ≠ 0 →
        p.degree < ↑d → {x ∈ samples | ∃ a, oracle x = (algebraMap BabyBear Ext6Q) a}.card ≤ d - 1
info: Compiler/GateTraceRelationExt6.lean:278:0: 'Minidregg.Compiler.GateTraceRelationExt6.card_bad_extended_eta_le' depends on axioms: [propext,
 Classical.choice,
 Quot.sound]
info: Compiler/GateTraceRelationExt6.lean:279:0: 'Minidregg.Compiler.GateTraceRelationExt6.card_eval_in_baseImage_le' depends on axioms: [propext,
 Classical.choice,
 Quot.sound]
ℹ [8609/8729] Built Compiler.SemanticController (8.4s)
info: Compiler/SemanticController.lean:444:0: 'Minidregg.Compiler.SemanticController.arbitraryOracle_integrity' depends on axioms: [propext,
 Classical.choice,
 Quot.sound]
info: Compiler/SemanticController.lean:445:0: 'Minidregg.Compiler.SemanticController.resultMismatch_not_verified' depends on axioms: [propext,
 Classical.choice,
 Quot.sound]
info: Compiler/SemanticController.lean:446:0: 'Minidregg.Compiler.SemanticController.descriptorFailure_not_verified' depends on axioms: [propext,
 Classical.choice,
 Quot.sound]
ℹ [8610/8729] Built Compiler.BfvAllModuliKernelCalls (7.2s)
info: Compiler/BfvAllModuliKernelCalls.lean:132:0: 'Minidregg.Compiler.BfvAllModuliKernelCalls.all_modulus_products_fit' depends on axioms: [propext,
 Classical.choice,
 Quot.sound]
info: Compiler/BfvAllModuliKernelCalls.lean:133:0: 'Minidregg.Compiler.BfvAllModuliKernelCalls.q2_max_product_not_width10' depends on axioms: [propext,
 Classical.choice,
 Quot.sound]
info: Compiler/BfvAllModuliKernelCalls.lean:134:0: 'Minidregg.Compiler.BfvAllModuliKernelCalls.kernelCallAt_schema' depends on axioms: [propext,
 Classical.choice,
 Quot.sound]
info: Compiler/BfvAllModuliKernelCalls.lean:135:0: 'Minidregg.Compiler.BfvAllModuliKernelCalls.kernelCallAt_fullyWellFormed' depends on axioms: [propext,
 Classical.choice,
 Quot.sound]
info: Compiler/BfvAllModuliKernelCalls.lean:136:0: 'Minidregg.Compiler.BfvAllModuliKernelCalls.kernelCallAt_accepts_iff_descriptor' depends on axioms: [propext,
 Classical.choice,
 Quot.sound]
info: Compiler/BfvAllModuliKernelCalls.lean:137:0: 'Minidregg.Compiler.BfvAllModuliKernelCalls.kernelCallAt_accepts_iff' depends on axioms: [propext,
 Classical.choice,
 Quot.sound]
✔ [8611/8729] Built Theory.CanonicalTransition (7.7s)
ℹ [8612/8729] Built Compiler.NativeKernelPlan (10s)
info: Compiler/NativeKernelPlan.lean:538:0: 'Minidregg.Compiler.NativeKernelPlan.arbitraryRunner_integrity' depends on axioms: [propext,
 Classical.choice,
 Quot.sound]
info: Compiler/NativeKernelPlan.lean:539:0: 'Minidregg.Compiler.NativeKernelPlan.descriptorFailure_not_certified' depends on axioms: [propext,
 Classical.choice,
 Quot.sound]
info: Compiler/NativeKernelPlan.lean:540:0: 'Minidregg.Compiler.NativeKernelPlan.manifestMismatch_not_verified' depends on axioms: [propext,
 Classical.choice,
 Quot.sound]
info: Compiler/NativeKernelPlan.lean:541:0: 'Minidregg.Compiler.NativeKernelPlan.checkInstructions_headError' depends on axioms: [propext,
 Classical.choice,
 Quot.sound]
info: Compiler/NativeKernelPlan.lean:542:0: 'Minidregg.Compiler.NativeKernelPlan.firstInstructionError_blocks' depends on axioms: [propext,
 Classical.choice,
 Quot.sound]
✔ [8613/8729] Built Theory.TurnTransition (9.5s)
✔ [8614/8729] Built Compiler.MinidreggV1Artifact (7.3s)
✔ [8615/8729] Built Loom.AccRbrBcs (8.6s)
✔ [8616/8729] Built Compiler.DialectClauseDispatch (6.0s)
ℹ [8617/8729] Built Assurance.LoomV0Manifest (9.5s)
info: Assurance/LoomV0Manifest.lean:1405:0: 'Minidregg.Assurance.manifest_loomV0_holds' depends on axioms: [propext, Classical.choice, Quot.sound]
info: Assurance/LoomV0Manifest.lean:1406:0: 'Minidregg.Assurance.manifest_loomV0_light_client' depends on axioms: [propext, Classical.choice, Quot.sound]
info: Assurance/LoomV0Manifest.lean:1407:0: 'Minidregg.Assurance.manifest_committed_extract_bind' depends on axioms: [propext, Quot.sound]
info: Assurance/LoomV0Manifest.lean:1408:0: 'Minidregg.Assurance.manifest_idealCommitment' does not depend on any axioms
info: Assurance/LoomV0Manifest.lean:1409:0: 'Minidregg.Assurance.manifest_oneShot_lightClient_false' depends on axioms: [propext, Classical.choice, Quot.sound]
info: Assurance/LoomV0Manifest.lean:1410:0: 'Minidregg.Assurance.manifest_OB2_depth_composition_false' depends on axioms: [propext, Classical.choice, Quot.sound]
info: Assurance/LoomV0Manifest.lean:1411:0: 'Minidregg.Assurance.manifest_loom_zk_argument' depends on axioms: [propext, Classical.choice, Quot.sound]
info: Assurance/LoomV0Manifest.lean:1412:0: 'Minidregg.Assurance.manifest_airGateSystem_sound' depends on axioms: [propext, Classical.choice, Quot.sound]
info: Assurance/LoomV0Manifest.lean:1413:0: 'Minidregg.Assurance.manifest_noteSpend_correct' depends on axioms: [propext, Classical.choice, Quot.sound]
info: Assurance/LoomV0Manifest.lean:1414:0: 'Minidregg.Assurance.manifest_lightClientGrinding_sound' depends on axioms: [propext, Classical.choice, Quot.sound]
info: Assurance/LoomV0Manifest.lean:1415:0: 'Minidregg.Assurance.manifest_balanced_turn_universal' depends on axioms: [propext, Classical.choice, Quot.sound]
info: Assurance/LoomV0Manifest.lean:1416:0: 'Minidregg.Assurance.manifest_eval_agrees_exec' depends on axioms: [propext, Quot.sound]
ℹ [8618/8729] Built Compiler.BfvInputValidity (8.2s)
info: Compiler/BfvInputValidity.lean:285:0: 'Minidregg.Compiler.BfvInputValidity.ValidCommittedWitness.selector_boolean' depends on axioms: [propext,
 Classical.choice,
 Quot.sound]
info: Compiler/BfvInputValidity.lean:286:0: 'Minidregg.Compiler.BfvInputValidity.ValidCommittedWitness.selector_oneHot' depends on axioms: [propext,
 Classical.choice,
 Quot.sound]
info: Compiler/BfvInputValidity.lean:287:0: 'Minidregg.Compiler.BfvInputValidity.ValidCommittedWitness.shorts_bounded' depends on axioms: [propext, Quot.sound]
info: Compiler/BfvInputValidity.lean:288:0: 'Minidregg.Compiler.BfvInputValidity.AcceptedBatch.every_row_uses_shared_witness' depends on axioms: [propext,
 Classical.choice,
 Quot.sound]
info: Compiler/BfvInputValidity.lean:289:0: 'Minidregg.Compiler.BfvInputValidity.AcceptedBatch.every_row_call_uses_shared_identity' depends on axioms: [propext,
 Classical.choice,
 Quot.sound]
info: Compiler/BfvInputValidity.lean:290:0: 'Minidregg.Compiler.BfvInputValidity.AcceptedBatch.every_row_uses_statement_public_inputs' depends on axioms: [propext,
 Classical.choice,
 Quot.sound]
info: Compiler/BfvInputValidity.lean:291:0: 'Minidregg.Compiler.BfvInputValidity.AcceptedBatch.every_call_is_descriptorHolds' depends on axioms: [propext,
 Classical.choice,
 Quot.sound]
ℹ [8619/8729] Built Theory.CanonicalReactiveView (9.4s)
info: Theory/CanonicalReactiveView.lean:369:0: 'Minidregg.Theory.CanonicalReactiveView.ObserverLens.project_eq_of_clean' depends on axioms: [propext, Quot.sound]
info: Theory/CanonicalReactiveView.lean:370:0: 'Minidregg.Theory.CanonicalReactiveView.PreparedReaction.changed_has_cause' depends on axioms: [propext,
 Classical.choice,
 Quot.sound]
ℹ [8620/8729] Built Theory.ResourceCost (9.9s)
info: Theory/ResourceCost.lean:435:0: 'Minidregg.Theory.ResourceCost.Quote.compose' does not depend on any axioms
info: Theory/ResourceCost.lean:436:0: 'Minidregg.Theory.ResourceCost.WordLayout.encode?_none_of_overflow' depends on axioms: [propext,
 Classical.choice,
 Quot.sound]
info: Theory/ResourceCost.lean:437:0: 'Minidregg.Theory.ResourceCost.SettledDecision.admitted_exact' depends on axioms: [propext, Quot.sound]
✔ [8621/8729] Built Loom.AccRbrBcsShifted (6.8s)
✔ [8622/8729] Built Theory.AcceptedCellEffect (10s)
⚠ [8623/8729] Built Kernel.DeclaredHyperedge (11s)
warning: Kernel/DeclaredHyperedge.lean:166:8: automatically included section variable(s) unused in theorem `Minidregg.Kernel.DeclaredHyperedge.Declaration.authState_same_pre`:
  [Fintype Incidence]
  [DecidableEq Incidence]
consider restructuring your `variable` declarations so that the variables are not in scope or explicitly omit them:
  omit [Fintype Incidence] [DecidableEq Incidence] in theorem ...

Note: This linter can be disabled with `set_option linter.unusedSectionVars false`
warning: Kernel/DeclaredHyperedge.lean:271:12: This simp argument is unused:
  outside

Hint: Omit it from the simp argument list.
  simp [̵o̵u̵t̵s̵i̵d̵e̵,̵ ̵i̵n̵d̵u̵c̵t̵i̵o̵n̵]̵[̲i̲n̲d̲u̲c̲t̲i̲o̲n̲]̲

Note: This linter can be disabled with `set_option linter.unusedSimpArgs false`
warning: Kernel/DeclaredHyperedge.lean:289:12: This simp argument is unused:
  outside

Hint: Omit it from the simp argument list.
  simp [̵o̵u̵t̵s̵i̵d̵e̵,̵ ̵i̵n̵d̵u̵c̵t̵i̵o̵n̵]̵[̲i̲n̲d̲u̲c̲t̲i̲o̲n̲]̲

Note: This linter can be disabled with `set_option linter.unusedSimpArgs false`
warning: Kernel/DeclaredHyperedge.lean:411:8: automatically included section variable(s) unused in theorem `Minidregg.Kernel.DeclaredHyperedge.Declaration.balanceCheck_eq_true_iff`:
  [DecidableEq Incidence]
consider restructuring your `variable` declarations so that the variables are not in scope or explicitly omit them:
  omit [DecidableEq Incidence] in theorem ...

Note: This linter can be disabled with `set_option linter.unusedSectionVars false`
warning: Kernel/DeclaredHyperedge.lean:454:0: automatically included section variable(s) unused in theorem `Minidregg.Kernel.DeclaredHyperedge.Declaration.aggregateDelta_zero`:
  [DecidableEq Incidence]
consider restructuring your `variable` declarations so that the variables are not in scope or explicitly omit them:
  omit [DecidableEq Incidence] in theorem ...

Note: This linter can be disabled with `set_option linter.unusedSectionVars false`
warning: Kernel/DeclaredHyperedge.lean:516:8: automatically included section variable(s) unused in theorem `Minidregg.Kernel.DeclaredHyperedge.Outcome.rejected_materialized`:
  [Fintype Incidence]
  [DecidableEq Incidence]
consider restructuring your `variable` declarations so that the variables are not in scope or explicitly omit them:
  omit [Fintype Incidence] [DecidableEq Incidence] in theorem ...

Note: This linter can be disabled with `set_option linter.unusedSectionVars false`
warning: Kernel/DeclaredHyperedge.lean:551:5: unused variable `declaration`

Note: This linter can be disabled with `set_option linter.unusedVariables false`
warning: Kernel/DeclaredHyperedge.lean:610:8: automatically included section variable(s) unused in theorem `Minidregg.Kernel.DeclaredHyperedge.CommittedHyperedge.prepared_preRoot`:
  [DecidableEq Incidence]
consider restructuring your `variable` declarations so that the variables are not in scope or explicitly omit them:
  omit [DecidableEq Incidence] in theorem ...

Note: This linter can be disabled with `set_option linter.unusedSectionVars false`
warning: Kernel/DeclaredHyperedge.lean:617:8: automatically included section variable(s) unused in theorem `Minidregg.Kernel.DeclaredHyperedge.CommittedHyperedge.prepared_postRoot`:
  [DecidableEq Incidence]
consider restructuring your `variable` declarations so that the variables are not in scope or explicitly omit them:
  omit [DecidableEq Incidence] in theorem ...

Note: This linter can be disabled with `set_option linter.unusedSectionVars false`
ℹ [8624/8729] Built Compiler.MinidreggV1ArithmeticWork (8.2s)
info: Compiler/MinidreggV1ArithmeticWork.lean:433:0: 'Minidregg.Compiler.MinidreggV1ArithmeticWork.nativeFailure_not_verified' depends on axioms: [propext,
 Classical.choice,
 Quot.sound]
info: Compiler/MinidreggV1ArithmeticWork.lean:434:0: 'Minidregg.Compiler.MinidreggV1ArithmeticWork.existsHonestCertifiedResponse' depends on axioms: [propext,
 Classical.choice,
 Quot.sound]
⚠ [8625/8729] Built Compiler.Logup256ReceiptClause (8.7s)
warning: Compiler/Logup256ReceiptClause.lean:127:0: automatically included section variable(s) unused in theorem `Minidregg.Compiler.Logup256ReceiptClause.committedAddressColumn_eq_canonical`:
  [Fintype κ]
consider restructuring your `variable` declarations so that the variables are not in scope or explicitly omit them:
  omit [Fintype κ] in theorem ...

Note: This linter can be disabled with `set_option linter.unusedSectionVars false`
warning: Compiler/Logup256ReceiptClause.lean:148:0: automatically included section variable(s) unused in theorem `Minidregg.Compiler.Logup256ReceiptClause.committedIncidence_eq_canonical`:
  [Fintype κ]
consider restructuring your `variable` declarations so that the variables are not in scope or explicitly omit them:
  omit [Fintype κ] in theorem ...

Note: This linter can be disabled with `set_option linter.unusedSectionVars false`
warning: Compiler/Logup256ReceiptClause.lean:156:8: This simp argument is unused:
  committedIncidence

Hint: Omit it from the simp argument list.
  simp [̵c̵o̵m̵m̵i̵t̵t̵e̵d̵I̵n̵c̵i̵d̵e̵n̵c̵e̵,̵ ̵c̵a̵n̵o̵n̵i̵c̵a̵l̵I̵n̵c̵i̵d̵e̵n̵c̵e̵,̵[̲c̲a̲n̲o̲n̲i̲c̲a̲l̲I̲n̲c̲i̲d̲e̲n̲c̲e̲,̲ canonicalIndexColumn, linked row, cubePt]

Note: This linter can be disabled with `set_option linter.unusedSimpArgs false`
warning: Compiler/Logup256ReceiptClause.lean:156:28: This simp argument is unused:
  canonicalIncidence

Hint: Omit it from the simp argument list.
  simp [committedIncidence, c̵a̵n̵o̵n̵i̵c̵a̵l̵I̵n̵c̵i̵d̵e̵n̵c̵e̵,̵ ̵canonicalIndexColumn, linked row, cubePt]

Note: This linter can be disabled with `set_option linter.unusedSimpArgs false`
info: Compiler/Logup256ReceiptClause.lean:299:0: 'Minidregg.Compiler.Logup256ReceiptClause.committedIncidence_eq_unitVector' depends on axioms: [propext,
 Classical.choice,
 Quot.sound]
info: Compiler/Logup256ReceiptClause.lean:300:0: 'Minidregg.Compiler.Logup256ReceiptClause.committedIncidencePushforward_eq_logupPushforward' depends on axioms: [propext,
 Classical.choice,
 Quot.sound]
info: Compiler/Logup256ReceiptClause.lean:301:0: 'Minidregg.Compiler.Logup256ReceiptClause.indexedTableReceiptClause' depends on axioms: [propext,
 Classical.choice,
 Quot.sound]
⚠ [8626/8729] Built Compiler.BfvSignedAccumulatorAir (12s)
warning: Compiler/BfvSignedAccumulatorAir.lean:182:49: unused variable `hcarryp`

Note: This linter can be disabled with `set_option linter.unusedVariables false`
warning: Compiler/BfvSignedAccumulatorAir.lean:299:54: This simp argument is unused:
  Fin.append_left

Hint: Omit it from the simp argument list.
  simp only [OwnerRow.activeValue, activeShift, F̵i̵n̵.̵a̵p̵p̵e̵n̵d̵_̵l̵e̵f̵t̵,̵ ̵Fin.append_right, Nat.cast_ofNat]

Note: This linter can be disabled with `set_option linter.unusedSimpArgs false`
info: Compiler/BfvSignedAccumulatorAir.lean:598:0: 'Minidregg.Compiler.BfvSignedAccumulatorAir.weightedSumGadget_correct' depends on axioms: [propext, Quot.sound]
info: Compiler/BfvSignedAccumulatorAir.lean:599:0: 'Minidregg.Compiler.BfvSignedAccumulatorAir.denote_weighted_columns' depends on axioms: [propext,
 Classical.choice,
 Quot.sound]
info: Compiler/BfvSignedAccumulatorAir.lean:600:0: 'Minidregg.Compiler.BfvSignedAccumulatorAir.weightedSumGadget_sound' depends on axioms: [propext,
 Classical.choice,
 Quot.sound]
info: Compiler/BfvSignedAccumulatorAir.lean:601:0: 'Minidregg.Compiler.BfvSignedAccumulatorAir.shiftedScalar_recompose' depends on axioms: [propext,
 Classical.choice,
 Quot.sound]
info: Compiler/BfvSignedAccumulatorAir.lean:602:0: 'Minidregg.Compiler.BfvSignedAccumulatorAir.shiftedScalar_lt_64' depends on axioms: [propext,
 Classical.choice,
 Quot.sound]
info: Compiler/BfvSignedAccumulatorAir.lean:603:0: 'Minidregg.Compiler.BfvSignedAccumulatorAir.eval_eq_shifted' depends on axioms: [propext, Classical.choice, Quot.sound]
info: Compiler/BfvSignedAccumulatorAir.lean:604:0: 'Minidregg.Compiler.BfvSignedAccumulatorAir.deployed_column_budget' depends on axioms: [propext,
 Classical.choice,
 Quot.sound]
✔ [8627/8729] Built Loom.OracleLogExtraction (7.9s)
✔ [8628/8729] Built Loom.JohnsonRegime (29s)
⚠ [8629/8729] Built Theory.CredentialAuthorityState (7.9s)
warning: Theory/CredentialAuthorityState.lean:176:2: try 'simp' instead of 'simpa'

Note: This linter can be disabled with `set_option linter.unnecessarySimpa false`
info: Theory/CredentialAuthorityState.lean:178:0: 'Minidregg.Theory.CredentialAuthorityState.LineageValid.root_admissible' depends on axioms: [propext, Quot.sound]
info: Theory/CredentialAuthorityState.lean:179:0: 'Minidregg.Theory.CredentialAuthorityState.mem_authState_revoked_iff' depends on axioms: [propext, Quot.sound]
⚠ [8630/8729] Built Compiler.DeclaredHyperedgeArtifact (7.8s)
warning: Compiler/DeclaredHyperedgeArtifact.lean:91:8: automatically included section variable(s) unused in theorem `Minidregg.Compiler.DeclaredHyperedgeArtifact.ofDeclaration_preRoot`:
  [Fintype Incidence]
  [DecidableEq Incidence]
consider restructuring your `variable` declarations so that the variables are not in scope or explicitly omit them:
  omit [Fintype Incidence] [DecidableEq Incidence] in theorem ...

Note: This linter can be disabled with `set_option linter.unusedSectionVars false`
warning: Compiler/DeclaredHyperedgeArtifact.lean:97:8: automatically included section variable(s) unused in theorem `Minidregg.Compiler.DeclaredHyperedgeArtifact.ofDeclaration_apex`:
  [Fintype Incidence]
  [DecidableEq Incidence]
consider restructuring your `variable` declarations so that the variables are not in scope or explicitly omit them:
  omit [Fintype Incidence] [DecidableEq Incidence] in theorem ...

Note: This linter can be disabled with `set_option linter.unusedSectionVars false`
warning: Compiler/DeclaredHyperedgeArtifact.lean:119:8: automatically included section variable(s) unused in theorem `Minidregg.Compiler.DeclaredHyperedgeArtifact.ofDeclaration_leg_at`:
  [Fintype Incidence]
  [DecidableEq Incidence]
consider restructuring your `variable` declarations so that the variables are not in scope or explicitly omit them:
  omit [Fintype Incidence] [DecidableEq Incidence] in theorem ...

Note: This linter can be disabled with `set_option linter.unusedSectionVars false`
info: Compiler/DeclaredHyperedgeArtifact.lean:150:0: 'Minidregg.Compiler.DeclaredHyperedgeArtifact.legArtifact_request_decodes' depends on axioms: [propext, Quot.sound]
info: Compiler/DeclaredHyperedgeArtifact.lean:151:0: 'Minidregg.Compiler.DeclaredHyperedgeArtifact.ofDeclaration_leg_count' depends on axioms: [propext,
 Classical.choice,
 Quot.sound]
⚠ [8631/8729] Built Kernel.DeclaredHyperedgeCost (7.9s)
warning: Kernel/DeclaredHyperedgeCost.lean:116:0: automatically included section variable(s) unused in theorem `Minidregg.Kernel.DeclaredHyperedgeCost.CostSemantics.prepared_incidence_exact`:
  [DecidableEq Incidence]
consider restructuring your `variable` declarations so that the variables are not in scope or explicitly omit them:
  omit [DecidableEq Incidence] in theorem ...

Note: This linter can be disabled with `set_option linter.unusedSectionVars false`
warning: Kernel/DeclaredHyperedgeCost.lean:213:8: automatically included section variable(s) unused in theorem `Minidregg.Kernel.DeclaredHyperedgeCost.Outcome.rejected_atomic`:
  [DecidableEq Incidence]
consider restructuring your `variable` declarations so that the variables are not in scope or explicitly omit them:
  omit [DecidableEq Incidence] in theorem ...

Note: This linter can be disabled with `set_option linter.unusedSectionVars false`
warning: Kernel/DeclaredHyperedgeCost.lean:224:8: automatically included section variable(s) unused in theorem `Minidregg.Kernel.DeclaredHyperedgeCost.Outcome.overBudget_atomic`:
  [DecidableEq Incidence]
consider restructuring your `variable` declarations so that the variables are not in scope or explicitly omit them:
  omit [DecidableEq Incidence] in theorem ...

Note: This linter can be disabled with `set_option linter.unusedSectionVars false`
warning: Kernel/DeclaredHyperedgeCost.lean:237:0: automatically included section variable(s) unused in theorem `Minidregg.Kernel.DeclaredHyperedgeCost.Outcome.committed_exact_delta`:
  [DecidableEq Incidence]
consider restructuring your `variable` declarations so that the variables are not in scope or explicitly omit them:
  omit [DecidableEq Incidence] in theorem ...

Note: This linter can be disabled with `set_option linter.unusedSectionVars false`
info: Kernel/DeclaredHyperedgeCost.lean:286:0: 'Minidregg.Kernel.DeclaredHyperedgeCost.CostSemantics.boundedPrepared' depends on axioms: [propext,
 Classical.choice,
 Quot.sound]
info: Kernel/DeclaredHyperedgeCost.lean:287:0: 'Minidregg.Kernel.DeclaredHyperedgeCost.Outcome.committed_exact_delta' depends on axioms: [propext,
 Classical.choice,
 Quot.sound]
info: Kernel/DeclaredHyperedgeCost.lean:288:0: 'Minidregg.Kernel.DeclaredHyperedgeCost.executeMetered_committed_sound' depends on axioms: [propext,
 Classical.choice,
 Quot.sound]
ℹ [8632/8729] Built Assurance.NoteSpendCoreAcceptedCellEffect (9.2s)
info: Assurance/NoteSpendCoreAcceptedCellEffect.lean:311:0: 'Minidregg.Assurance.NoteSpendCoreAcceptedCellEffect.cryptographic_pins_unassigned' does not depend on any axioms
info: Assurance/NoteSpendCoreAcceptedCellEffect.lean:312:0: 'Minidregg.Assurance.NoteSpendCoreAcceptedCellEffect.accepted_relation' depends on axioms: [propext,
 Classical.choice,
 Quot.sound]
info: Assurance/NoteSpendCoreAcceptedCellEffect.lean:313:0: 'Minidregg.Assurance.NoteSpendCoreAcceptedCellEffect.accepted_validSpend' depends on axioms: [propext,
 Classical.choice,
 Quot.sound]
info: Assurance/NoteSpendCoreAcceptedCellEffect.lean:314:0: 'Minidregg.Assurance.NoteSpendCoreAcceptedCellEffect.accepted_kernel_bindings' depends on axioms: [propext,
 Classical.choice,
 Quot.sound]
info: Assurance/NoteSpendCoreAcceptedCellEffect.lean:315:0: 'Minidregg.Assurance.NoteSpendCoreAcceptedCellEffect.Accepted.validatedPatch' depends on axioms: [propext,
 Classical.choice,
 Quot.sound]
⚠ [8633/8729] Built Kernel.MultiCellHyperedge (9.3s)
warning: Kernel/MultiCellHyperedge.lean:200:20: unused variable `accepted`

Note: This linter can be disabled with `set_option linter.unusedVariables false`
warning: Kernel/MultiCellHyperedge.lean:241:10: unused variable `commit`

Note: This linter can be disabled with `set_option linter.unusedVariables false`
warning: Kernel/MultiCellHyperedge.lean:245:8: automatically included section variable(s) unused in theorem `Minidregg.Kernel.MultiCellHyperedge.Commit.post_exact`:
  [DecidableEq Incidence]
consider restructuring your `variable` declarations so that the variables are not in scope or explicitly omit them:
  omit [DecidableEq Incidence] in theorem ...

Note: This linter can be disabled with `set_option linter.unusedSectionVars false`
warning: Kernel/MultiCellHyperedge.lean:250:22: unused variable `commit`

Note: This linter can be disabled with `set_option linter.unusedVariables false`
warning: Kernel/MultiCellHyperedge.lean:257:30: unused variable `commit`

Note: This linter can be disabled with `set_option linter.unusedVariables false`
warning: Kernel/MultiCellHyperedge.lean:280:5: unused variable `turn`

Note: This linter can be disabled with `set_option linter.unusedVariables false`
warning: Kernel/MultiCellHyperedge.lean:283:26: unused variable `commit`

Note: This linter can be disabled with `set_option linter.unusedVariables false`
warning: Kernel/MultiCellHyperedge.lean:322:8: automatically included section variable(s) unused in theorem `Minidregg.Kernel.MultiCellHyperedge.Commit.hyperedge_pre_state`:
  [DecidableEq Incidence]
consider restructuring your `variable` declarations so that the variables are not in scope or explicitly omit them:
  omit [DecidableEq Incidence] in theorem ...

Note: This linter can be disabled with `set_option linter.unusedSectionVars false`
warning: Kernel/MultiCellHyperedge.lean:366:15: unused variable `accepted`

Note: This linter can be disabled with `set_option linter.unusedVariables false`
warning: Kernel/MultiCellHyperedge.lean:369:8: automatically included section variable(s) unused in theorem `Minidregg.Kernel.MultiCellHyperedge.Admission.rejected_atomic`:
  [DecidableEq Incidence]
consider restructuring your `variable` declarations so that the variables are not in scope or explicitly omit them:
  omit [DecidableEq Incidence] in theorem ...

Note: This linter can be disabled with `set_option linter.unusedSectionVars false`
warning: Kernel/MultiCellHyperedge.lean:377:8: automatically included section variable(s) unused in theorem `Minidregg.Kernel.MultiCellHyperedge.admit_leg_rejected`:
  [DecidableEq Incidence]
consider restructuring your `variable` declarations so that the variables are not in scope or explicitly omit them:
  omit [DecidableEq Incidence] in theorem ...

Note: This linter can be disabled with `set_option linter.unusedSectionVars false`
warning: Kernel/MultiCellHyperedge.lean:415:0: automatically included section variable(s) unused in theorem `Minidregg.Kernel.MultiCellHyperedge.no_commit_of_nonzero_balance`:
  [DecidableEq Incidence]
consider restructuring your `variable` declarations so that the variables are not in scope or explicitly omit them:
  omit [DecidableEq Incidence] in theorem ...

Note: This linter can be disabled with `set_option linter.unusedSectionVars false`
warning: Kernel/MultiCellHyperedge.lean:427:0: automatically included section variable(s) unused in theorem `Minidregg.Kernel.MultiCellHyperedge.no_commit_of_conflicting_cell`:
  [DecidableEq Incidence]
consider restructuring your `variable` declarations so that the variables are not in scope or explicitly omit them:
  omit [DecidableEq Incidence] in theorem ...

Note: This linter can be disabled with `set_option linter.unusedSectionVars false`
info: Kernel/MultiCellHyperedge.lean:434:0: 'Minidregg.Kernel.MultiCellHyperedge.Declaration.post_exact' depends on axioms: [propext, Classical.choice, Quot.sound]
info: Kernel/MultiCellHyperedge.lean:435:0: 'Minidregg.Kernel.MultiCellHyperedge.Commit.toHyperedge' depends on axioms: [propext, Classical.choice, Quot.sound]
info: Kernel/MultiCellHyperedge.lean:436:0: 'Minidregg.Kernel.MultiCellHyperedge.Admission.rejected_atomic' depends on axioms: [propext,
 Classical.choice,
 Quot.sound]
info: Kernel/MultiCellHyperedge.lean:437:0: 'Minidregg.Kernel.MultiCellHyperedge.binaryCommit' depends on axioms: [propext, Classical.choice, Quot.sound]
info: Kernel/MultiCellHyperedge.lean:438:0: 'Minidregg.Kernel.MultiCellHyperedge.no_commit_of_nonzero_balance' depends on axioms: [propext,
 Classical.choice,
 Quot.sound]
info: Kernel/MultiCellHyperedge.lean:439:0: 'Minidregg.Kernel.MultiCellHyperedge.no_commit_of_conflicting_cell' depends on axioms: [propext,
 Classical.choice,
 Quot.sound]
⚠ [8634/8729] Built Kernel.TypedCellHyperedge (9.1s)
warning: Kernel/TypedCellHyperedge.lean:266:8: automatically included section variable(s) unused in theorem `Minidregg.Kernel.TypedCellHyperedge.Commit.prepared_post`:
  [DecidableEq Incidence]
consider restructuring your `variable` declarations so that the variables are not in scope or explicitly omit them:
  omit [DecidableEq Incidence] in theorem ...

Note: This linter can be disabled with `set_option linter.unusedSectionVars false`
warning: Kernel/TypedCellHyperedge.lean:270:8: automatically included section variable(s) unused in theorem `Minidregg.Kernel.TypedCellHyperedge.Commit.prepared_preRoot`:
  [DecidableEq Incidence]
consider restructuring your `variable` declarations so that the variables are not in scope or explicitly omit them:
  omit [DecidableEq Incidence] in theorem ...

Note: This linter can be disabled with `set_option linter.unusedSectionVars false`
warning: Kernel/TypedCellHyperedge.lean:274:8: automatically included section variable(s) unused in theorem `Minidregg.Kernel.TypedCellHyperedge.Commit.prepared_postRoot`:
  [DecidableEq Incidence]
consider restructuring your `variable` declarations so that the variables are not in scope or explicitly omit them:
  omit [DecidableEq Incidence] in theorem ...

Note: This linter can be disabled with `set_option linter.unusedSectionVars false`
warning: Kernel/TypedCellHyperedge.lean:278:8: automatically included section variable(s) unused in theorem `Minidregg.Kernel.TypedCellHyperedge.Commit.prepared_fieldFootprint`:
  [DecidableEq Incidence]
consider restructuring your `variable` declarations so that the variables are not in scope or explicitly omit them:
  omit [DecidableEq Incidence] in theorem ...

Note: This linter can be disabled with `set_option linter.unusedSectionVars false`
warning: Kernel/TypedCellHyperedge.lean:282:8: automatically included section variable(s) unused in theorem `Minidregg.Kernel.TypedCellHyperedge.Commit.prepared_resourceFootprint`:
  [DecidableEq Incidence]
consider restructuring your `variable` declarations so that the variables are not in scope or explicitly omit them:
  omit [DecidableEq Incidence] in theorem ...

Note: This linter can be disabled with `set_option linter.unusedSectionVars false`
warning: Kernel/TypedCellHyperedge.lean:287:0: automatically included section variable(s) unused in theorem `Minidregg.Kernel.TypedCellHyperedge.Commit.field_frame`:
  [DecidableEq Incidence]
consider restructuring your `variable` declarations so that the variables are not in scope or explicitly omit them:
  omit [DecidableEq Incidence] in theorem ...

Note: This linter can be disabled with `set_option linter.unusedSectionVars false`
warning: Kernel/TypedCellHyperedge.lean:294:0: automatically included section variable(s) unused in theorem `Minidregg.Kernel.TypedCellHyperedge.Commit.resource_frame`:
  [DecidableEq Incidence]
consider restructuring your `variable` declarations so that the variables are not in scope or explicitly omit them:
  omit [DecidableEq Incidence] in theorem ...

Note: This linter can be disabled with `set_option linter.unusedSectionVars false`
warning: Kernel/TypedCellHyperedge.lean:303:0: automatically included section variable(s) unused in theorem `Minidregg.Kernel.TypedCellHyperedge.Commit.leg_fieldFootprint_subset`:
  [DecidableEq Incidence]
consider restructuring your `variable` declarations so that the variables are not in scope or explicitly omit them:
  omit [DecidableEq Incidence] in theorem ...

Note: This linter can be disabled with `set_option linter.unusedSectionVars false`
warning: Kernel/TypedCellHyperedge.lean:331:0: automatically included section variable(s) unused in theorem `Minidregg.Kernel.TypedCellHyperedge.Commit.leg_resourceFootprint_subset`:
  [DecidableEq Incidence]
consider restructuring your `variable` declarations so that the variables are not in scope or explicitly omit them:
  omit [DecidableEq Incidence] in theorem ...

Note: This linter can be disabled with `set_option linter.unusedSectionVars false`
warning: Kernel/TypedCellHyperedge.lean:359:22: unused variable `commit`

Note: This linter can be disabled with `set_option linter.unusedVariables false`
warning: Kernel/TypedCellHyperedge.lean:377:26: unused variable `commit`

Note: This linter can be disabled with `set_option linter.unusedVariables false`
warning: Kernel/TypedCellHyperedge.lean:396:8: automatically included section variable(s) unused in theorem `Minidregg.Kernel.TypedCellHyperedge.Commit.hyperedge_apex`:
  [DecidableEq Incidence]
consider restructuring your `variable` declarations so that the variables are not in scope or explicitly omit them:
  omit [DecidableEq Incidence] in theorem ...

Note: This linter can be disabled with `set_option linter.unusedSectionVars false`
warning: Kernel/TypedCellHyperedge.lean:400:8: automatically included section variable(s) unused in theorem `Minidregg.Kernel.TypedCellHyperedge.Commit.hyperedge_pre`:
  [DecidableEq Incidence]
consider restructuring your `variable` declarations so that the variables are not in scope or explicitly omit them:
  omit [DecidableEq Incidence] in theorem ...

Note: This linter can be disabled with `set_option linter.unusedSectionVars false`
warning: Kernel/TypedCellHyperedge.lean:411:0: automatically included section variable(s) unused in theorem `Minidregg.Kernel.TypedCellHyperedge.no_commit_of_nonzero_resource`:
  [DecidableEq Incidence]
consider restructuring your `variable` declarations so that the variables are not in scope or explicitly omit them:
  omit [DecidableEq Incidence] in theorem ...

Note: This linter can be disabled with `set_option linter.unusedSectionVars false`
warning: Kernel/TypedCellHyperedge.lean:496:0: automatically included section variable(s) unused in theorem `Minidregg.Kernel.TypedCellHyperedge.LegacyAdapter.committed_post_matches_legacy`:
  [DecidableEq LegacyIncidence]
consider restructuring your `variable` declarations so that the variables are not in scope or explicitly omit them:
  omit [DecidableEq LegacyIncidence] in theorem ...

Note: This linter can be disabled with `set_option linter.unusedSectionVars false`
warning: Kernel/TypedCellHyperedge.lean:515:0: automatically included section variable(s) unused in theorem `Minidregg.Kernel.TypedCellHyperedge.LegacyAdapter.committed_balance_matches_legacy`:
  [DecidableEq LegacyIncidence]
consider restructuring your `variable` declarations so that the variables are not in scope or explicitly omit them:
  omit [DecidableEq LegacyIncidence] in theorem ...

Note: This linter can be disabled with `set_option linter.unusedSectionVars false`
info: Kernel/TypedCellHyperedge.lean:548:0: 'Minidregg.Kernel.TypedCellHyperedge.Leg.request_preRoot' depends on axioms: [propext, Classical.choice, Quot.sound]
info: Kernel/TypedCellHyperedge.lean:549:0: 'Minidregg.Kernel.TypedCellHyperedge.Commit.prepared_postRoot' depends on axioms: [propext,
 Classical.choice,
 Quot.sound]
info: Kernel/TypedCellHyperedge.lean:550:0: 'Minidregg.Kernel.TypedCellHyperedge.Commit.leg_resourceFootprint_subset' depends on axioms: [propext,
 Classical.choice,
 Quot.sound]
info: Kernel/TypedCellHyperedge.lean:551:0: 'Minidregg.Kernel.TypedCellHyperedge.Commit.toHyperedge' depends on axioms: [propext, Classical.choice, Quot.sound]
info: Kernel/TypedCellHyperedge.lean:552:0: 'Minidregg.Kernel.TypedCellHyperedge.no_commit_of_nonzero_resource' depends on axioms: [propext,
 Classical.choice,
 Quot.sound]
info: Kernel/TypedCellHyperedge.lean:553:0: 'Minidregg.Kernel.TypedCellHyperedge.LegacyAdapter.committed_post_matches_legacy' depends on axioms: [propext,
 Classical.choice,
 Quot.sound]
ℹ [8635/8729] Built Compiler.AuthenticatedColumnPlan (19s)
info: Compiler/AuthenticatedColumnPlan.lean:1069:0: 'Minidregg.Compiler.AuthenticatedColumnPlan.challenge_before_root_unrepresentable' depends on axioms: [propext]
info: Compiler/AuthenticatedColumnPlan.lean:1070:0: 'Minidregg.Compiler.AuthenticatedColumnPlan.native_error_cannot_accept_query' depends on axioms: [propext]
info: Compiler/AuthenticatedColumnPlan.lean:1071:0: 'Minidregg.Compiler.AuthenticatedColumnPlan.Tower256Example.towerBinding_toLoom_commit_exact' depends on axioms: [propext,
 Classical.choice,
 Quot.sound]
info: Compiler/AuthenticatedColumnPlan.lean:1072:0: 'Minidregg.Compiler.AuthenticatedColumnPlan.Tower256Example.concrete_schedule_is_nonvacuous' depends on axioms: [propext,
 Classical.choice,
 Quot.sound]
ℹ [8636/8729] Built Assurance.SemanticHistoryAccumulator (20s)
info: Assurance/SemanticHistoryAccumulator.lean:579:0: 'Minidregg.Assurance.SemanticHistoryAccumulator.VerifiedHistoryHead.decider_complete_at_head' depends on axioms: [propext,
 Classical.choice,
 Quot.sound]
info: Assurance/SemanticHistoryAccumulator.lean:580:0: 'Minidregg.Assurance.SemanticHistoryAccumulator.VerifiedHistoryHead.opened_decider_extracts_head' depends on axioms: [propext,
 Classical.choice,
 Quot.sound]
✔ [8637/8729] Built Loom.OracleLogProgram (6.5s)
ℹ [8638/8729] Built Compiler.BfvReceiptClause (7.2s)
info: Compiler/BfvReceiptClause.lean:245:0: 'Minidregg.Compiler.BfvReceiptClause.CheckedRowBuffer.exact_integer_equation' depends on axioms: [propext,
 Classical.choice,
 Quot.sound]
info: Compiler/BfvReceiptClause.lean:246:0: 'Minidregg.Compiler.BfvReceiptClause.AcceptedToken.every_row_bound' depends on axioms: [propext,
 Classical.choice,
 Quot.sound]
info: Compiler/BfvReceiptClause.lean:247:0: 'Minidregg.Compiler.BfvReceiptClause.AcceptedToken.every_exact_integer_equation' depends on axioms: [propext,
 Classical.choice,
 Quot.sound]
info: Compiler/BfvReceiptClause.lean:248:0: 'Minidregg.Compiler.BfvReceiptClause.bfvClausePin_unassigned' does not depend on any axioms
info: Compiler/BfvReceiptClause.lean:249:0: 'Minidregg.Compiler.BfvReceiptClause.lookup_register' depends on axioms: [propext]
info: Compiler/BfvReceiptClause.lean:250:0: 'Minidregg.Compiler.BfvReceiptClause.Admitted.every_exact_integer_equation' depends on axioms: [propext,
 Classical.choice,
 Quot.sound]
ℹ [8639/8729] Built Loom.HalfThresholdRegime (7.4s)
info: Loom/HalfThresholdRegime.lean:232:0: 'Minidregg.Loom.correlatedAgreement_of_two_half_close' depends on axioms: [propext, Classical.choice, Quot.sound]
info: Loom/HalfThresholdRegime.lean:233:0: 'Minidregg.Loom.halfThreshold_pr_le' depends on axioms: [propext, Classical.choice, Quot.sound]
info: Loom/HalfThresholdRegime.lean:234:0: 'Minidregg.Loom.HalfThresholdExample.halfThreshold_F5' depends on axioms: [propext, Classical.choice, Quot.sound]
ℹ [8640/8729] Built Theory.CredentialAuthorityEffects (8.9s)
info: Theory/CredentialAuthorityEffects.lean:639:0: 'Minidregg.Theory.CredentialAuthorityEffects.AttenuateEvidence.childLineageValid' depends on axioms: [propext,
 Quot.sound]
info: Theory/CredentialAuthorityEffects.lean:640:0: 'Minidregg.Theory.CredentialAuthorityEffects.authorization_consults_same_canonical_pre' depends on axioms: [propext,
 Classical.choice,
 Quot.sound]
info: Theory/CredentialAuthorityEffects.lean:641:0: 'Minidregg.Theory.CredentialAuthorityEffects.revocation_post_is_authorizer_member' depends on axioms: [propext,
 Classical.choice,
 Quot.sound]
info: Theory/CredentialAuthorityEffects.lean:642:0: 'Minidregg.Theory.CredentialAuthorityEffects.rotation_post_is_authorizer_epoch' depends on axioms: [propext,
 Classical.choice,
 Quot.sound]
info: Theory/CredentialAuthorityEffects.lean:643:0: 'Minidregg.Theory.CredentialAuthorityEffects.revoke_frame' depends on axioms: [propext, Classical.choice, Quot.sound]
⚠ [8641/8729] Built Compiler.Tower256CshakeMerkleController (7.9s)
warning: Compiler/Tower256CshakeMerkleController.lean:98:4: unused variable `k`

Note: This linter can be disabled with `set_option linter.unusedVariables false`
info: Compiler/Tower256CshakeMerkleController.lean:417:0: 'Minidregg.Compiler.Tower256CshakeMerkleController.recompute_cubePath' depends on axioms: [propext, Quot.sound]
info: Compiler/Tower256CshakeMerkleController.lean:418:0: 'Minidregg.Compiler.Tower256CshakeMerkleController.bindingMerkle_toLoom_commit_exact' depends on axioms: [propext,
 Classical.choice,
 Quot.sound]
info: Compiler/Tower256CshakeMerkleController.lean:419:0: 'Minidregg.Compiler.Tower256CshakeMerkleController.checkedXofCall_reply_exact' depends on axioms: [propext]
⚠ [8642/8729] Built Compiler.AuthenticatedColumnLogupBridge (7.9s)
warning: Compiler/AuthenticatedColumnLogupBridge.lean:98:0: automatically included section variable(s) unused in theorem `Minidregg.Compiler.AuthenticatedColumnLogupBridge.RootPrefixSchedule.priorRootCount_le`:
  [Field F]
  [CharP F 2]
  [Fintype κ]
consider restructuring your `variable` declarations so that the variables are not in scope or explicitly omit them:
  omit [Field F] [CharP F 2] [Fintype κ] in theorem ...

Note: This linter can be disabled with `set_option linter.unusedSectionVars false`
warning: Compiler/AuthenticatedColumnLogupBridge.lean:105:0: automatically included section variable(s) unused in theorem `Minidregg.Compiler.AuthenticatedColumnLogupBridge.RootPrefixSchedule.required_present`:
  [Field F]
  [CharP F 2]
  [Fintype κ]
consider restructuring your `variable` declarations so that the variables are not in scope or explicitly omit them:
  omit [Field F] [CharP F 2] [Fintype κ] in theorem ...

Note: This linter can be disabled with `set_option linter.unusedSectionVars false`
warning: Compiler/AuthenticatedColumnLogupBridge.lean:112:0: automatically included section variable(s) unused in theorem `Minidregg.Compiler.AuthenticatedColumnLogupBridge.RootPrefixSchedule.no_schedule_of_required_missing`:
  [Field F]
  [CharP F 2]
  [Fintype κ]
consider restructuring your `variable` declarations so that the variables are not in scope or explicitly omit them:
  omit [Field F] [CharP F 2] [Fintype κ] in theorem ...

Note: This linter can be disabled with `set_option linter.unusedSectionVars false`
warning: Compiler/AuthenticatedColumnLogupBridge.lean:210:0: automatically included section variable(s) unused in theorem `Minidregg.Compiler.AuthenticatedColumnLogupBridge.AcceptedLogupRun.controllerStatement`:
  [CharP F 2]
consider restructuring your `variable` declarations so that the variables are not in scope or explicitly omit them:
  omit [CharP F 2] in theorem ...

Note: This linter can be disabled with `set_option linter.unusedSectionVars false`
info: Compiler/AuthenticatedColumnLogupBridge.lean:255:0: 'Minidregg.Compiler.AuthenticatedColumnLogupBridge.RootPrefixSchedule.priorRootCount_le' depends on axioms: [propext,
 Quot.sound]
info: Compiler/AuthenticatedColumnLogupBridge.lean:256:0: 'Minidregg.Compiler.AuthenticatedColumnLogupBridge.RootPrefixSchedule.no_schedule_of_required_missing' depends on axioms: [propext,
 Quot.sound]
info: Compiler/AuthenticatedColumnLogupBridge.lean:257:0: 'Minidregg.Compiler.AuthenticatedColumnLogupBridge.AcceptedLogupRun.controllerStatement' depends on axioms: [propext,
 Classical.choice,
 Quot.sound]
info: Compiler/AuthenticatedColumnLogupBridge.lean:258:0: 'Minidregg.Compiler.AuthenticatedColumnLogupBridge.AcceptedLogupRun.indexedTableReceiptClause_of_attestation' depends on axioms: [propext,
 Classical.choice,
 Quot.sound]
ℹ [8643/8729] Built Kernel.DurableCommitProtocol (9.0s)
info: Kernel/DurableCommitProtocol.lean:906:0: 'Minidregg.Kernel.DurableCommitProtocol.execute_no_partial_commit' depends on axioms: [propext]
info: Kernel/DurableCommitProtocol.lean:907:0: 'Minidregg.Kernel.DurableCommitProtocol.execute_complete_ready' depends on axioms: [propext]
info: Kernel/DurableCommitProtocol.lean:908:0: 'Minidregg.Kernel.DurableCommitProtocol.execute_retry_after_install' depends on axioms: [propext, Quot.sound]
info: Kernel/DurableCommitProtocol.lean:909:0: 'Minidregg.Kernel.DurableCommitProtocol.execute_crash_after_then_retry' depends on axioms: [propext, Quot.sound]
info: Kernel/DurableCommitProtocol.lean:910:0: 'Minidregg.Kernel.DurableCommitProtocol.Intent.ofAcceptedEffect' depends on axioms: [propext,
 Classical.choice,
 Quot.sound]
info: Kernel/DurableCommitProtocol.lean:911:0: 'Minidregg.Kernel.DurableCommitProtocol.Intent.ofMultiCellJointReceipt' depends on axioms: [propext,
 Classical.choice,
 Quot.sound]
info: Kernel/DurableCommitProtocol.lean:912:0: 'Minidregg.Kernel.DurableCommitProtocol.physical_step_no_partial_commit' depends on axioms: [propext]
⚠ [8644/8729] Built Assurance.GrainForkSettlement (10s)
warning: Assurance/GrainForkSettlement.lean:226:0: automatically included section variable(s) unused in theorem `Minidregg.Assurance.GrainForkSettlement.FocusCut.exactBaseDomain`:
  [Fintype Incidence]
  [DecidableEq Incidence]
consider restructuring your `variable` declarations so that the variables are not in scope or explicitly omit them:
  omit [Fintype Incidence] [DecidableEq Incidence] in theorem ...

Note: This linter can be disabled with `set_option linter.unusedSectionVars false`
warning: Assurance/GrainForkSettlement.lean:234:0: automatically included section variable(s) unused in theorem `Minidregg.Assurance.GrainForkSettlement.FocusCut.no_stale_canonical_pre`:
  [Fintype Incidence]
  [DecidableEq Incidence]
consider restructuring your `variable` declarations so that the variables are not in scope or explicitly omit them:
  omit [Fintype Incidence] [DecidableEq Incidence] in theorem ...

Note: This linter can be disabled with `set_option linter.unusedSectionVars false`
warning: Assurance/GrainForkSettlement.lean:277:0: automatically included section variable(s) unused in theorem `Minidregg.Assurance.GrainForkSettlement.Commit.noMergeConflict`:
  [DecidableEq Incidence]
consider restructuring your `variable` declarations so that the variables are not in scope or explicitly omit them:
  omit [DecidableEq Incidence] in theorem ...

Note: This linter can be disabled with `set_option linter.unusedSectionVars false`
info: Assurance/GrainForkSettlement.lean:483:0: 'Minidregg.Assurance.GrainForkSettlement.BranchHistory.head_historyDomain' does not depend on any axioms
info: Assurance/GrainForkSettlement.lean:484:0: 'Minidregg.Assurance.GrainForkSettlement.Commit.noMergeConflict' depends on axioms: [propext,
 Classical.choice,
 Quot.sound]
info: Assurance/GrainForkSettlement.lean:485:0: 'Minidregg.Assurance.GrainForkSettlement.AcceptedSettlement.receiptClaim' depends on axioms: [propext,
 Classical.choice,
 Quot.sound]
info: Assurance/GrainForkSettlement.lean:486:0: 'Minidregg.Assurance.GrainForkSettlement.AcceptedSettlement.mintReceipt' depends on axioms: [propext,
 Classical.choice,
 Quot.sound]
info: Assurance/GrainForkSettlement.lean:487:0: 'Minidregg.Assurance.GrainForkSettlement.CanonicalReceipt.post_root_exact' depends on axioms: [propext,
 Classical.choice,
 Quot.sound]
ℹ [8645/8729] Built Loom.HalfThresholdFri (6.0s)
info: Loom/HalfThresholdFri.lean:260:0: 'Minidregg.Loom.fold_eq_foldFamily' depends on axioms: [propext, Quot.sound]
info: Loom/HalfThresholdFri.lean:261:0: 'Minidregg.Loom.foldComponents_not_correlated_of_far' depends on axioms: [propext, Classical.choice, Quot.sound]
info: Loom/HalfThresholdFri.lean:262:0: 'Minidregg.Loom.foldDistanceTransition_halfThreshold' depends on axioms: [propext, Classical.choice, Quot.sound]
info: Loom/HalfThresholdFri.lean:263:0: 'Minidregg.Loom.fold_halfThreshold_pr_le' depends on axioms: [propext, Classical.choice, Quot.sound]
info: Loom/HalfThresholdFri.lean:264:0: 'Minidregg.Loom.HalfThresholdFriExample.spike_halfThreshold_bad_exact' depends on axioms: [propext,
 Classical.choice,
 Quot.sound]
info: Loom/HalfThresholdFri.lean:265:0: 'Minidregg.Loom.HalfThresholdFriExample.half_postJohnson_tail_transition' depends on axioms: [propext,
 Classical.choice,
 Quot.sound]
✔ [8646/8729] Built Assurance.DeclaredTurnReceipt (9.1s)
ℹ [8647/8729] Built Assurance.DeclaredHyperedgeReceipt (9.3s)
info: Assurance/DeclaredHyperedgeReceipt.lean:284:0: 'Minidregg.Assurance.DeclaredHyperedgeReceipt.executeCore_valid' depends on axioms: [propext,
 Classical.choice,
 Quot.sound]
info: Assurance/DeclaredHyperedgeReceipt.lean:285:0: 'Minidregg.Assurance.DeclaredHyperedgeReceipt.canonicalCore_exact' depends on axioms: [propext,
 Classical.choice,
 Quot.sound]
info: Assurance/DeclaredHyperedgeReceipt.lean:286:0: 'Minidregg.Assurance.DeclaredHyperedgeReceipt.historyClaim_core_exact' depends on axioms: [propext,
 Classical.choice,
 Quot.sound]
info: Assurance/DeclaredHyperedgeReceipt.lean:287:0: 'Minidregg.Assurance.DeclaredHyperedgeReceipt.SemanticOutcome.every_request_authorized' depends on axioms: [propext,
 Classical.choice,
 Quot.sound]
ℹ [8648/8729] Built Theory.Hyperdocument (15s)
info: Theory/Hyperdocument.lean:898:0: 'Minidregg.Theory.Hyperdocument.decodePreimage_encodePreimage' depends on axioms: [propext]
info: Theory/Hyperdocument.lean:899:0: 'Minidregg.Theory.Hyperdocument.preimageCodec_encode_injective' depends on axioms: [propext]
info: Theory/Hyperdocument.lean:900:0: 'Minidregg.Theory.Hyperdocument.preimage_encodings_disjoint' depends on axioms: [propext]
info: Theory/Hyperdocument.lean:901:0: 'Minidregg.Theory.Hyperdocument.SparseStore.ofCellState_toCellState' depends on axioms: [propext, Quot.sound]
info: Theory/Hyperdocument.lean:902:0: 'Minidregg.Theory.Hyperdocument.SparseStore.toCellState_ofCellState' depends on axioms: [propext, Quot.sound]
info: Theory/Hyperdocument.lean:903:0: 'Minidregg.Theory.Hyperdocument.semantically_effective_field_change_changes_canonical_bytes' depends on axioms: [propext,
 Quot.sound]
ℹ [8649/8729] Built Compiler.BinaryTower256Profile (7.1s)
info: Compiler/BinaryTower256Profile.lean:56:0: 'Minidregg.Compiler.BinaryTower256Profile.profile_width_exact' depends on axioms: [propext,
 Classical.choice,
 Quot.sound]
info: Compiler/BinaryTower256Profile.lean:57:0: 'Minidregg.Compiler.BinaryTower256Profile.profile_cardinality' depends on axioms: [propext,
 Classical.choice,
 Quot.sound]
info: Compiler/BinaryTower256Profile.lean:58:0: 'Minidregg.Compiler.BinaryTower256Profile.profile_top_generator_index' depends on axioms: [propext,
 Classical.choice,
 Quot.sound]
ℹ [8650/8729] Built Assurance.BfvPrivateComputationJoin (10s)
info: Assurance/BfvPrivateComputationJoin.lean:468:0: 'Minidregg.Assurance.BfvPrivateComputationJoin.program_crypto_pins_unassigned' does not depend on any axioms
info: Assurance/BfvPrivateComputationJoin.lean:469:0: 'Minidregg.Assurance.BfvPrivateComputationJoin.modeEvidencePins_crypto_unassigned' does not depend on any axioms
info: Assurance/BfvPrivateComputationJoin.lean:470:0: 'Minidregg.Assurance.BfvPrivateComputationJoin.Evidence.every_exact_integer_equation' depends on axioms: [propext,
 Classical.choice,
 Quot.sound]
info: Assurance/BfvPrivateComputationJoin.lean:471:0: 'Minidregg.Assurance.BfvPrivateComputationJoin.CheckedPrivateEvidence.bfv_bound_semantics' depends on axioms: [propext,
 Classical.choice,
 Quot.sound]
info: Assurance/BfvPrivateComputationJoin.lean:472:0: 'Minidregg.Assurance.BfvPrivateComputationJoin.core_bfv_bound_semantics' depends on axioms: [propext,
 Classical.choice,
 Quot.sound]
info: Assurance/BfvPrivateComputationJoin.lean:473:0: 'Minidregg.Assurance.BfvPrivateComputationJoin.acceptedCore_bfv_semantics' depends on axioms: [propext,
 Classical.choice,
 Quot.sound]
info: Assurance/BfvPrivateComputationJoin.lean:474:0: 'Minidregg.Assurance.BfvPrivateComputationJoin.exact_owner_row_count' does not depend on any axioms
info: Assurance/BfvPrivateComputationJoin.lean:475:0: 'Minidregg.Assurance.BfvPrivateComputationJoin.receiptEvent_bfv_semantics' depends on axioms: [propext,
 Classical.choice,
 Quot.sound]
ℹ [8651/8729] Built Compiler.Tower256CshakeMerkleBinding (8.0s)
info: Compiler/Tower256CshakeMerkleBinding.lean:510:0: 'Minidregg.Compiler.Tower256CshakeMerkleBinding.parseEnvelope_envelope_append' depends on axioms: [propext,
 Classical.choice,
 Quot.sound]
info: Compiler/Tower256CshakeMerkleBinding.lean:511:0: 'Minidregg.Compiler.Tower256CshakeMerkleBinding.recompute_some_path_length' depends on axioms: [propext, Quot.sound]
info: Compiler/Tower256CshakeMerkleBinding.lean:512:0: 'Minidregg.Compiler.Tower256CshakeMerkleBinding.accepted_different_values_imply_merkle_collision' depends on axioms: [propext,
 Classical.choice,
 Quot.sound]
info: Compiler/Tower256CshakeMerkleBinding.lean:513:0: 'Minidregg.Compiler.Tower256CshakeMerkleBinding.positionBinding_of_merkleCollisionFree' depends on axioms: [propext,
 Classical.choice,
 Quot.sound]
info: Compiler/Tower256CshakeMerkleBinding.lean:514:0: 'Minidregg.Compiler.Tower256CshakeMerkleBinding.bindingFailure_price_le_collision' depends on axioms: [propext,
 Classical.choice,
 Quot.sound]
info: Compiler/Tower256CshakeMerkleBinding.lean:515:0: 'Minidregg.Compiler.Tower256CshakeMerkleBinding.Backend.SecurityPremises.ofMerkleCollisionFree' depends on axioms: [propext,
 Classical.choice,
 Quot.sound]
⚠ [8652/8729] Built Compiler.Tower256LogupControllerPlan (8.3s)
warning: Compiler/Tower256LogupControllerPlan.lean:130:0: automatically included section variable(s) unused in theorem `Minidregg.Compiler.Tower256LogupControllerPlan.LogupColumns.required_roles`:
  [CharP F 2]
consider restructuring your `variable` declarations so that the variables are not in scope or explicitly omit them:
  omit [CharP F 2] in theorem ...

Note: This linter can be disabled with `set_option linter.unusedSectionVars false`
warning: Compiler/Tower256LogupControllerPlan.lean:157:8: automatically included section variable(s) unused in theorem `Minidregg.Compiler.Tower256LogupControllerPlan.logupFinalChecker_statement`:
  [CharP F 2]
consider restructuring your `variable` declarations so that the variables are not in scope or explicitly omit them:
  omit [CharP F 2] in theorem ...

Note: This linter can be disabled with `set_option linter.unusedSectionVars false`
info: Compiler/Tower256LogupControllerPlan.lean:242:0: 'Minidregg.Compiler.Tower256LogupControllerPlan.LogupColumns.required_roles' depends on axioms: [propext,
 Classical.choice,
 Quot.sound]
info: Compiler/Tower256LogupControllerPlan.lean:243:0: 'Minidregg.Compiler.Tower256LogupControllerPlan.logupFinalChecker_statement' depends on axioms: [propext,
 Classical.choice,
 Quot.sound]
✔ [8653/8729] Built Loom.OracleLogLinked (11s)
ℹ [8654/8729] Built Assurance.SemanticHistoryFamily (15s)
info: Assurance/SemanticHistoryFamily.lean:558:0: 'Minidregg.Assurance.SemanticHistoryFamily.HistoryAdmissionContext.ofAdmissionContext_wellFormed' depends on axioms: [propext,
 Classical.choice,
 Quot.sound]
info: Assurance/SemanticHistoryFamily.lean:559:0: 'Minidregg.Assurance.SemanticHistoryFamily.EntrySemanticsFamily.sum' depends on axioms: [propext, Quot.sound]
info: Assurance/SemanticHistoryFamily.lean:560:0: 'Minidregg.Assurance.SemanticHistoryFamily.VerifiedEntry.toSumLeft' depends on axioms: [propext,
 Classical.choice,
 Quot.sound]
info: Assurance/SemanticHistoryFamily.lean:561:0: 'Minidregg.Assurance.SemanticHistoryFamily.VerifiedEntry.toSumRight' depends on axioms: [propext,
 Classical.choice,
 Quot.sound]
info: Assurance/SemanticHistoryFamily.lean:562:0: 'Minidregg.Assurance.SemanticHistoryFamily.VerifiedEntry.word_reject_atomic' depends on axioms: [propext,
 Classical.choice,
 Quot.sound]
info: Assurance/SemanticHistoryFamily.lean:563:0: 'Minidregg.Assurance.SemanticHistoryFamily.HistoryFoldTrace.rounds_succ_entries_length' depends on axioms: [propext,
 Classical.choice,
 Quot.sound]
info: Assurance/SemanticHistoryFamily.lean:564:0: 'Minidregg.Assurance.SemanticHistoryFamily.VerifiedHistoryHead.foldRounds_succ_depth' depends on axioms: [propext,
 Classical.choice,
 Quot.sound]
info: Assurance/SemanticHistoryFamily.lean:565:0: 'Minidregg.Assurance.SemanticHistoryFamily.VerifiedHistoryHead.decider_complete_at_head' depends on axioms: [propext,
 Classical.choice,
 Quot.sound]
info: Assurance/SemanticHistoryFamily.lean:566:0: 'Minidregg.Assurance.SemanticHistoryFamily.VerifiedHistoryHead.opened_decider_extracts_head' depends on axioms: [propext,
 Classical.choice,
 Quot.sound]
ℹ [8655/8729] Built Loom.HalfThresholdFriTower (7.7s)
info: Loom/HalfThresholdFriTower.lean:332:0: 'Minidregg.Loom.proximity_far_covering_schedule' depends on axioms: [propext, Classical.choice, Quot.sound]
info: Loom/HalfThresholdFriTower.lean:333:0: 'Minidregg.Loom.proximity_sound_schedule' depends on axioms: [propext, Classical.choice, Quot.sound]
info: Loom/HalfThresholdFriTower.lean:334:0: 'Minidregg.Loom.proximity_sound_halfThen' depends on axioms: [propext, Classical.choice, Quot.sound]
info: Loom/HalfThresholdFriTower.lean:335:0: 'Minidregg.Loom.FoldingTower.card_level_le_zero' depends on axioms: [propext, Classical.choice, Quot.sound]
info: Loom/HalfThresholdFriTower.lean:336:0: 'Minidregg.Loom.proximity_sound_halfThen_UD' depends on axioms: [propext, Classical.choice, Quot.sound]
info: Loom/HalfThresholdFriTower.lean:337:0: 'Minidregg.Loom.proximity_sound_rateHalf_postJohnson' depends on axioms: [propext, Classical.choice, Quot.sound]
info: Loom/HalfThresholdFriTower.lean:338:0: 'Minidregg.Loom.HalfThresholdFriTowerExample.spike_scheduled_bound_attained' depends on axioms: [propext,
 Classical.choice,
 Quot.sound]
ℹ [8656/8729] Built Assurance.DeclaredHyperedgeHistoryBinding (7.2s)
info: Assurance/DeclaredHyperedgeHistoryBinding.lean:140:0: 'Minidregg.Assurance.DeclaredHyperedgeHistoryBinding.historyClaim_binding_exact' depends on axioms: [propext,
 Classical.choice,
 Quot.sound]
info: Assurance/DeclaredHyperedgeHistoryBinding.lean:141:0: 'Minidregg.Assurance.DeclaredHyperedgeHistoryBinding.historyClaim_core_exact' depends on axioms: [propext,
 Classical.choice,
 Quot.sound]
info: Assurance/DeclaredHyperedgeHistoryBinding.lean:142:0: 'Minidregg.Assurance.DeclaredHyperedgeHistoryBinding.history_binding_equal_implies_headers_equal_or_collision' does not depend on any axioms
ℹ [8657/8729] Built Theory.HyperdocumentOperationIntent (7.6s)
info: Theory/HyperdocumentOperationIntent.lean:129:0: 'Minidregg.Theory.HyperdocumentOperationIntent.idPreimage_injective' does not depend on any axioms
info: Theory/HyperdocumentOperationIntent.lean:130:0: 'Minidregg.Theory.HyperdocumentOperationIntent.operation_id_independent_of_post_root' does not depend on any axioms
info: Theory/HyperdocumentOperationIntent.lean:131:0: 'Minidregg.Theory.HyperdocumentOperationIntent.operation_version_preimage_domains_disjoint' depends on axioms: [propext]
ℹ [8658/8729] Built Kernel.HyperdocumentEventLog (8.1s)
info: Kernel/HyperdocumentEventLog.lean:233:0: 'Minidregg.Kernel.HyperdocumentEventLog.Sparse.AcceptedAppend.post_contains' does not depend on any axioms
info: Kernel/HyperdocumentEventLog.lean:234:0: 'Minidregg.Kernel.HyperdocumentEventLog.Sparse.AcceptedAppend.duplicate_rejected' depends on axioms: [propext]
info: Kernel/HyperdocumentEventLog.lean:235:0: 'Minidregg.Kernel.HyperdocumentEventLog.Sparse.Store.ofCellState_toCellState' depends on axioms: [Quot.sound]
info: Kernel/HyperdocumentEventLog.lean:236:0: 'Minidregg.Kernel.HyperdocumentEventLog.Representation.roots_exact' depends on axioms: [propext, Quot.sound]
ℹ [8659/8729] Built Compiler.Tower256NativeByteBoundary (7.4s)
info: Compiler/Tower256NativeByteBoundary.lean:225:0: 'Minidregg.Compiler.Tower256NativeByteBoundary.decodeCoordinate_some_length' depends on axioms: [propext]
info: Compiler/Tower256NativeByteBoundary.lean:226:0: 'Minidregg.Compiler.Tower256NativeByteBoundary.encodeCoordinate_of_decode_eq_some' depends on axioms: [propext,
 Classical.choice,
 Quot.sound]
info: Compiler/Tower256NativeByteBoundary.lean:227:0: 'Minidregg.Compiler.Tower256NativeByteBoundary.semantic_decode_of_coordinate_decode' depends on axioms: [propext,
 Classical.choice,
 Quot.sound]
info: Compiler/Tower256NativeByteBoundary.lean:228:0: 'Minidregg.Compiler.Tower256NativeByteBoundary.encodeSemantic_of_coordinate_decode' depends on axioms: [propext,
 Classical.choice,
 Quot.sound]
info: Compiler/Tower256NativeByteBoundary.lean:229:0: 'Minidregg.Compiler.Tower256NativeByteBoundary.run_success_runner_bytes' depends on axioms: [propext,
 Classical.choice,
 Quot.sound]
info: Compiler/Tower256NativeByteBoundary.lean:230:0: 'Minidregg.Compiler.Tower256NativeByteBoundary.arbitrary_runner_integrity' depends on axioms: [propext,
 Classical.choice,
 Quot.sound]
ℹ [8660/8729] Built Loom.OracleLogLinkedTarget (7.4s)
info: Loom/OracleLogLinkedTarget.lean:339:0: 'Minidregg.Loom.linked_relaxedMem_of_statementSet' depends on axioms: [propext, Classical.choice, Quot.sound]
info: Loom/OracleLogLinkedTarget.lean:340:0: 'Minidregg.Loom.knownWitnessOracleLogReduction' depends on axioms: [propext, Classical.choice, Quot.sound]
info: Loom/OracleLogLinkedTarget.lean:341:0: 'Minidregg.Loom.linkedTarget_pins_extractor' depends on axioms: [propext, Classical.choice, Quot.sound]
info: Loom/OracleLogLinkedTarget.lean:342:0: 'Minidregg.Loom.OracleLogLinkedTargetExample.knownWitness_not_logExtractor_F5' depends on axioms: [propext,
 Classical.choice,
 Quot.sound]
info: Loom/OracleLogLinkedTarget.lean:343:0: 'Minidregg.Loom.freshAggregateChallenge_injective' depends on axioms: [propext, Classical.choice, Quot.sound]
ℹ [8661/8729] Built Compiler.SparseAuthenticatedStateLogupBridge (8.9s)
info: Compiler/SparseAuthenticatedStateLogupBridge.lean:504:0: 'Minidregg.Compiler.SparseAuthenticatedStateLogupBridge.TwistContinuity.of_busRelation' depends on axioms: [propext]
info: Compiler/SparseAuthenticatedStateLogupBridge.lean:505:0: 'Minidregg.Compiler.SparseAuthenticatedStateLogupBridge.ExactBusClaim.twistContinuity' depends on axioms: [propext]
info: Compiler/SparseAuthenticatedStateLogupBridge.lean:506:0: 'Minidregg.Compiler.SparseAuthenticatedStateLogupBridge.committedBusTrace_canonicalAddressLinked' depends on axioms: [propext,
 Classical.choice,
 Quot.sound]
info: Compiler/SparseAuthenticatedStateLogupBridge.lean:507:0: 'Minidregg.Compiler.SparseAuthenticatedStateLogupBridge.canonicalBus_finalStatement' depends on axioms: [propext,
 Classical.choice,
 Quot.sound]
info: Compiler/SparseAuthenticatedStateLogupBridge.lean:508:0: 'Minidregg.Compiler.SparseAuthenticatedStateLogupBridge.acceptedSparseBusLookup' depends on axioms: [propext,
 Classical.choice,
 Quot.sound]
ℹ [8662/8729] Built Assurance.PowGrinding (69s)
info: Assurance/PowGrinding.lean:241:0: powResponseAccept_density : ∀ (bits : ℕ), uniformProb (PoWResponse bits) powResponseAccept = 1 / 2 ^ bits
info: Assurance/PowGrinding.lean:242:0: @powAttempt_factor : ∀ {bits : ℕ} {C : Type} [inst : Fintype C] (bad : C → Prop),
  (uniformProb (PoWResponse bits × C) fun x => powResponseAccept x.1 ∧ bad x.2) = uniformProb C bad / 2 ^ bits
info: Assurance/PowGrinding.lean:243:0: @powGrindingWin_le : ∀ {bits work : ℕ} {C : Type} [inst : Fintype C]
  (bad : (i : Fin work) → ({ j // j ≠ i } → PoWAttempt bits C) → C → Prop) {epsilon : ℝ},
  0 ≤ epsilon →
    (∀ (i : Fin work) (rest : { j // j ≠ i } → PoWAttempt bits C), uniformProb C (bad i rest) ≤ epsilon) →
      uniformProb (Fin work → PoWAttempt bits C) (powGrindingWin bad) ≤ ↑work * epsilon / 2 ^ bits
info: Assurance/PowGrinding.lean:244:0: powGrindingWin_le_grindingTermPoW : ∀ (P : PoWSoundnessParams) {C : Type} [inst : Fintype C]
  (bad : (i : Fin (P.queries + P.depth)) → ({ j // j ≠ i } → PoWAttempt P.powBits C) → C → Prop),
  (∀ (i : Fin (P.queries + P.depth)) (rest : { j // j ≠ i } → PoWAttempt P.powBits C),
      uniformProb C (bad i rest) ≤ ↑P.depth * (errStarUD P.toSoundnessParams + 1 / ↑P.fieldCard)) →
    uniformProb (Fin (P.queries + P.depth) → PoWAttempt P.powBits C) (powGrindingWin bad) ≤ grindingTermPoW P
info: Assurance/PowGrinding.lean:245:0: 'Minidregg.Assurance.powGrindingWin_le_grindingTermPoW' depends on axioms: [propext, Classical.choice, Quot.sound]
✔ [8663/8729] Built Theory.StableRanges (13s)
⚠ [8664/8729] Built Assurance.BinaryTowerHeaderCodec (7.1s)
warning: Assurance/BinaryTowerHeaderCodec.lean:37:19: try 'simp' instead of 'simpa'

Note: This linter can be disabled with `set_option linter.unnecessarySimpa false`
warning: Assurance/BinaryTowerHeaderCodec.lean:47:19: try 'simp' instead of 'simpa'

Note: This linter can be disabled with `set_option linter.unnecessarySimpa false`
info: Assurance/BinaryTowerHeaderCodec.lean:97:0: 'Minidregg.Assurance.BinaryTowerHeaderCodec.encodeCell_injective' depends on axioms: [propext,
 Classical.choice,
 Quot.sound]
info: Assurance/BinaryTowerHeaderCodec.lean:98:0: 'Minidregg.Assurance.BinaryTowerHeaderCodec.codec_is_injective' depends on axioms: [propext,
 Classical.choice,
 Quot.sound]
info: Assurance/BinaryTowerHeaderCodec.lean:99:0: 'Minidregg.Assurance.BinaryTowerHeaderCodec.tower256_card' depends on axioms: [propext, Classical.choice, Quot.sound]
ℹ [8665/8729] Built Loom.HalfThresholdFriTranscript (7.6s)
info: Loom/HalfThresholdFriTranscript.lean:529:0: 'Minidregg.Loom.openedFriQuery_pins' depends on axioms: [propext, Quot.sound]
info: Loom/HalfThresholdFriTranscript.lean:530:0: 'Minidregg.Loom.friRound_query_miss_halfThreshold' depends on axioms: [propext, Classical.choice, Quot.sound]
info: Loom/HalfThresholdFriTranscript.lean:531:0: 'Minidregg.Loom.committedWord_eq_towerWord' depends on axioms: [propext, Quot.sound]
info: Loom/HalfThresholdFriTranscript.lean:532:0: 'Minidregg.Loom.friCommittedAccepts_implies_proximityTest' depends on axioms: [propext, Classical.choice, Quot.sound]
info: Loom/HalfThresholdFriTranscript.lean:533:0: 'Minidregg.Loom.committedFri_sound_halfThen_UD' depends on axioms: [propext, Classical.choice, Quot.sound]
info: Loom/HalfThresholdFriTranscript.lean:534:0: 'Minidregg.Loom.friEvent_fsOracle_iff' depends on axioms: [propext, Classical.choice, Quot.sound]
info: Loom/HalfThresholdFriTranscript.lean:535:0: 'Minidregg.Loom.HalfThresholdFriTranscriptExample.spike_committed_accepts_three' depends on axioms: [propext,
 Classical.choice,
 Quot.sound]
info: Loom/HalfThresholdFriTranscript.lean:536:0: 'Minidregg.Loom.HalfThresholdFriTranscriptExample.spike_committed_rejects_one' depends on axioms: [propext,
 Classical.choice,
 Quot.sound]
info: Loom/HalfThresholdFriTranscript.lean:537:0: 'Minidregg.Loom.HalfThresholdFriTranscriptExample.spike_wrongChallenge_queryMiss_bound' depends on axioms: [propext,
 Classical.choice,
 Quot.sound]
ℹ [8666/8729] Built Compiler.NativeWorkProfiles (6.4s)
info: Compiler/NativeWorkProfiles.lean:166:0: 'Minidregg.Compiler.NativeWorkProfiles.Tower256DotProductRequest.encode_length' depends on axioms: [propext,
 Classical.choice,
 Quot.sound]
info: Compiler/NativeWorkProfiles.lean:167:0: 'Minidregg.Compiler.NativeWorkProfiles.encodeTower256Response_length' depends on axioms: [propext,
 Classical.choice,
 Quot.sound]
info: Compiler/NativeWorkProfiles.lean:168:0: 'Minidregg.Compiler.NativeWorkProfiles.work_profile_exact' does not depend on any axioms
info: Compiler/NativeWorkProfiles.lean:169:0: 'Minidregg.Compiler.NativeWorkProfiles.benchmark_sentinel_request_length' depends on axioms: [propext,
 Classical.choice,
 Quot.sound]
info: Compiler/NativeWorkProfiles.lean:170:0: 'Minidregg.Compiler.NativeWorkProfiles.benchmark_sentinel_response_length' depends on axioms: [propext,
 Classical.choice,
 Quot.sound]
ℹ [8667/8729] Built Compiler.Tower256LogupAcceptedRun (12s)
info: Compiler/Tower256LogupAcceptedRun.lean:282:0: 'Minidregg.Compiler.Tower256LogupAcceptedRun.terminalFactsOfVerified' depends on axioms: [propext]
info: Compiler/Tower256LogupAcceptedRun.lean:283:0: 'Minidregg.Compiler.Tower256LogupAcceptedRun.VerifiedExecution.indexedEvaluation' depends on axioms: [propext,
 Classical.choice,
 Quot.sound]
ℹ [8668/8729] Built Assurance.SemanticHistoryFamilyInstances (9.2s)
info: Assurance/SemanticHistoryFamilyInstances.lean:360:0: 'Minidregg.Assurance.SemanticHistoryFamilyInstances.turnFamily' depends on axioms: [propext,
 Classical.choice,
 Quot.sound]
info: Assurance/SemanticHistoryFamilyInstances.lean:361:0: 'Minidregg.Assurance.SemanticHistoryFamilyInstances.TurnEvidence.toVerifiedEntry' depends on axioms: [propext,
 Classical.choice,
 Quot.sound]
info: Assurance/SemanticHistoryFamilyInstances.lean:362:0: 'Minidregg.Assurance.SemanticHistoryFamilyInstances.hyperedgeFamily' depends on axioms: [propext,
 Classical.choice,
 Quot.sound]
info: Assurance/SemanticHistoryFamilyInstances.lean:363:0: 'Minidregg.Assurance.SemanticHistoryFamilyInstances.HyperedgeEvidence.toVerifiedEntry' depends on axioms: [propext,
 Classical.choice,
 Quot.sound]
info: Assurance/SemanticHistoryFamilyInstances.lean:364:0: 'Minidregg.Assurance.SemanticHistoryFamilyInstances.HyperedgeEvidence.retainedOutcome' depends on axioms: [propext,
 Classical.choice,
 Quot.sound]
ℹ [8669/8729] Built Assurance.AcceptedCellEffectHistory (9.4s)
info: Assurance/AcceptedCellEffectHistory.lean:310:0: 'Minidregg.Assurance.AcceptedCellEffectHistory.HistoryProjection.core_valid' depends on axioms: [propext,
 Classical.choice,
 Quot.sound]
info: Assurance/AcceptedCellEffectHistory.lean:311:0: 'Minidregg.Assurance.AcceptedCellEffectHistory.HistoryProjection.request_preRoot_projected' depends on axioms: [propext,
 Classical.choice,
 Quot.sound]
info: Assurance/AcceptedCellEffectHistory.lean:312:0: 'Minidregg.Assurance.AcceptedCellEffectHistory.HistoryProjection.entryFamily' depends on axioms: [propext,
 Classical.choice,
 Quot.sound]
info: Assurance/AcceptedCellEffectHistory.lean:313:0: 'Minidregg.Assurance.AcceptedCellEffectHistory.HistoryProjection.Evidence.toVerifiedEntry' depends on axioms: [propext,
 Classical.choice,
 Quot.sound]
ℹ [8670/8729] Built Assurance.SemanticHistoryRecursiveAir (10s)
info: Assurance/SemanticHistoryRecursiveAir.lean:368:0: 'Minidregg.Assurance.SemanticHistoryRecursiveAir.StatelessHistoryStatement.ofHead_realizes' depends on axioms: [propext,
 Classical.choice,
 Quot.sound]
info: Assurance/SemanticHistoryRecursiveAir.lean:369:0: 'Minidregg.Assurance.SemanticHistoryRecursiveAir.recursiveHistoryVerifier_correct' depends on axioms: [propext,
 Classical.choice,
 Quot.sound]
info: Assurance/SemanticHistoryRecursiveAir.lean:370:0: 'Minidregg.Assurance.SemanticHistoryRecursiveAir.RecursiveHistoryAirReceipt.initial_fri_root_is_semantic_head' depends on axioms: [propext,
 Classical.choice,
 Quot.sound]
info: Assurance/SemanticHistoryRecursiveAir.lean:371:0: 'Minidregg.Assurance.SemanticHistoryRecursiveAir.RecursiveHistoryAirReceipt.component_acceptance' depends on axioms: [propext,
 Classical.choice,
 Quot.sound]
ℹ [8671/8729] Built Assurance.SemanticHistoryStraightlinePcs (10s)
info: Assurance/SemanticHistoryStraightlinePcs.lean:439:0: 'Minidregg.Assurance.SemanticHistoryStraightlinePcs.FoldRootSchedule.foldRoot_commits_folded_word' depends on axioms: [propext,
 Quot.sound]
info: Assurance/SemanticHistoryStraightlinePcs.lean:440:0: 'Minidregg.Assurance.SemanticHistoryStraightlinePcs.FoldRootSchedule.wordAt_historyTrace' depends on axioms: [propext,
 Classical.choice,
 Quot.sound]
info: Assurance/SemanticHistoryStraightlinePcs.lean:441:0: 'Minidregg.Assurance.SemanticHistoryStraightlinePcs.SemanticScheduleBinding.finalRootExact' depends on axioms: [propext,
 Classical.choice,
 Quot.sound]
info: Assurance/SemanticHistoryStraightlinePcs.lean:442:0: 'Minidregg.Assurance.SemanticHistoryStraightlinePcs.StraightlinePcsExtraction.extract_eq_semantic_head' depends on axioms: [propext,
 Classical.choice,
 Quot.sound]
info: Assurance/SemanticHistoryStraightlinePcs.lean:443:0: 'Minidregg.Assurance.SemanticHistoryStraightlinePcs.StraightlinePcsExtraction.extract_satisfies_semantic_head' depends on axioms: [propext,
 Classical.choice,
 Quot.sound]
info: Assurance/SemanticHistoryStraightlinePcs.lean:444:0: 'Minidregg.Assurance.SemanticHistoryStraightlinePcs.StraightlinePcsExtraction.knowledge_failure_le_totalEnvelope' depends on axioms: [propext,
 Classical.choice,
 Quot.sound]
ℹ [8672/8729] Built Loom.OracleLogLinkedAssembly (7.0s)
info: Loom/OracleLogLinkedAssembly.lean:519:0: 'Minidregg.Loom.uniformProb_le_inv_card_of_subsingleton_public' depends on axioms: [propext,
 Classical.choice,
 Quot.sound]
info: Loom/OracleLogLinkedAssembly.lean:520:0: 'Minidregg.Loom.padSched_challengeVectorAt' depends on axioms: [propext, Quot.sound]
info: Loom/OracleLogLinkedAssembly.lean:521:0: 'Minidregg.Loom.linked_fiatShamir_accept_data' depends on axioms: [propext, Classical.choice, Quot.sound]
info: Loom/OracleLogLinkedAssembly.lean:522:0: 'Minidregg.Loom.linkedFreshOutputFibre_le' depends on axioms: [propext, Classical.choice, Quot.sound]
info: Loom/OracleLogLinkedAssembly.lean:523:0: 'Minidregg.Loom.linked_srFinalChal_split_of_none' depends on axioms: [propext, Classical.choice, Quot.sound]
info: Loom/OracleLogLinkedAssembly.lean:524:0: 'Minidregg.Loom.linkedLogSoundEvent_cover' depends on axioms: [propext, Classical.choice, Quot.sound]
info: Loom/OracleLogLinkedAssembly.lean:525:0: 'Minidregg.Loom.linkedFreshLink_le' depends on axioms: [propext, Classical.choice, Quot.sound]
info: Loom/OracleLogLinkedAssembly.lean:526:0: 'Minidregg.Loom.linkedHitSlot_le' depends on axioms: [propext, Classical.choice, Quot.sound]
info: Loom/OracleLogLinkedAssembly.lean:527:0: 'Minidregg.Loom.linkedLogSoundEvent_le_inv' depends on axioms: [propext, Classical.choice, Quot.sound]
info: Loom/OracleLogLinkedAssembly.lean:528:0: 'Minidregg.Loom.linkedOracleLogReduction_exact' depends on axioms: [propext, Classical.choice, Quot.sound]
info: Loom/OracleLogLinkedAssembly.lean:529:0: 'Minidregg.Loom.linkedAdaptiveIncrementSound_proved' depends on axioms: [propext, Classical.choice, Quot.sound]
info: Loom/OracleLogLinkedAssembly.lean:530:0: 'Minidregg.Loom.deployedZKAdaptiveSoundLinkedTarget_proved' depends on axioms: [propext, Classical.choice, Quot.sound]
info: Loom/OracleLogLinkedAssembly.lean:531:0: 'Minidregg.Loom.OracleLogLinkedAssemblyExample.linkedAdaptiveIncrementSound_F5' depends on axioms: [propext,
 Classical.choice,
 Quot.sound]
ℹ [8673/8729] Built Loom.HalfThresholdFriQuery (5.2s)
info: Loom/HalfThresholdFriQuery.lean:523:0: 'Minidregg.Loom.FriAdaptiveTranscript.wordAt_congr' depends on axioms: [Quot.sound]
info: Loom/HalfThresholdFriQuery.lean:524:0: 'Minidregg.Loom.friAdaptiveRoundQueries_pins' depends on axioms: [propext, Quot.sound]
info: Loom/HalfThresholdFriQuery.lean:525:0: 'Minidregg.Loom.uniformProb_pi_coord_le' depends on axioms: [propext, Classical.choice, Quot.sound]
info: Loom/HalfThresholdFriQuery.lean:526:0: 'Minidregg.Loom.friRound_query_miss_uniform' depends on axioms: [propext, Classical.choice, Quot.sound]
info: Loom/HalfThresholdFriQuery.lean:527:0: 'Minidregg.Loom.friAdaptive_earliestDeviation_cover' depends on axioms: [propext, Classical.choice, Quot.sound]
info: Loom/HalfThresholdFriQuery.lean:528:0: 'Minidregg.Loom.friAdaptive_allRound_query_miss' depends on axioms: [propext, Classical.choice, Quot.sound]
info: Loom/HalfThresholdFriQuery.lean:529:0: 'Minidregg.Loom.friAdaptive_sampled_sound' depends on axioms: [propext, Classical.choice, Quot.sound]
ℹ [8674/8729] Built Compiler.NativeGlueGen (5.1s)
info: Compiler/NativeGlueGen.lean:380:0: 'Minidregg.Compiler.NativeGlueGen.rustSource_eq_of_canonicalEncoding_eq' depends on axioms: [propext,
 Classical.choice,
 Quot.sound]
info: Compiler/NativeGlueGen.lean:381:0: 'Minidregg.Compiler.NativeGlueGen.rustSourceFromEncoding_deterministic' depends on axioms: [propext,
 Classical.choice,
 Quot.sound]
ℹ [8675/8729] Built Theory.HyperdocumentOperations (8.0s)
info: Theory/HyperdocumentOperations.lean:662:0: 'Minidregg.Theory.HyperdocumentOperations.Declaration.patch_namedFields' depends on axioms: [propext,
 Classical.choice,
 Quot.sound]
info: Theory/HyperdocumentOperations.lean:663:0: 'Minidregg.Theory.HyperdocumentOperations.Accepted.post_contains_fieldWrite' depends on axioms: [propext,
 Classical.choice,
 Quot.sound]
info: Theory/HyperdocumentOperations.lean:664:0: 'Minidregg.Theory.HyperdocumentOperations.Accepted.post_contains_link' depends on axioms: [propext,
 Classical.choice,
 Quot.sound]
info: Theory/HyperdocumentOperations.lean:665:0: 'Minidregg.Theory.HyperdocumentOperations.Accepted.post_contains_transclusion' depends on axioms: [propext,
 Classical.choice,
 Quot.sound]
info: Theory/HyperdocumentOperations.lean:666:0: 'Minidregg.Theory.HyperdocumentOperations.Accepted.post_contains_transclusion_forward_link' depends on axioms: [propext,
 Classical.choice,
 Quot.sound]
info: Theory/HyperdocumentOperations.lean:667:0: 'Minidregg.Theory.HyperdocumentOperations.Accepted.request_exact' depends on axioms: [propext,
 Classical.choice,
 Quot.sound]
ℹ [8676/8729] Built Loom.OracleLogLinkedSubUd (4.3s)
info: Loom/OracleLogLinkedSubUd.lean:493:0: 'Minidregg.Loom.committedWord?_eq_some_iff' depends on axioms: [propext, Classical.choice, Quot.sound]
info: Loom/OracleLogLinkedSubUd.lean:494:0: 'Minidregg.Loom.linkedErasureRegime_excludes_constrainedMaskHiding' depends on axioms: [propext,
 Classical.choice,
 Quot.sound]
info: Loom/OracleLogLinkedSubUd.lean:495:0: 'Minidregg.Loom.attributedIncrement_eq_at_query' depends on axioms: [propext, Classical.choice, Quot.sound]
info: Loom/OracleLogLinkedSubUd.lean:496:0: 'Minidregg.Loom.attributedIncrement_agreesOn_queries' depends on axioms: [propext, Classical.choice, Quot.sound]
info: Loom/OracleLogLinkedSubUd.lean:497:0: 'Minidregg.Loom.subUdMessageIncrement_pinned' depends on axioms: [propext, Classical.choice, Quot.sound]
info: Loom/OracleLogLinkedSubUd.lean:498:0: 'Minidregg.Loom.linkedSubUdLogExtractor_pinned' depends on axioms: [propext, Classical.choice, Quot.sound]
info: Loom/OracleLogLinkedSubUd.lean:499:0: 'Minidregg.Loom.OracleLogLinkedSubUdCounterexample.colsOpen_not_root_attributed' depends on axioms: [propext,
 Classical.choice,
 Quot.sound]
info: Loom/OracleLogLinkedSubUd.lean:500:0: 'Minidregg.Loom.OracleLogLinkedSubUdCounterexample.linkedRootAttributedRbrTarget_false' depends on axioms: [propext,
 Classical.choice,
 Quot.sound]
info: Loom/OracleLogLinkedSubUd.lean:501:0: 'Minidregg.Loom.OracleLogLinkedSubUdExample.subUd_root_transport_hiding_F5' depends on axioms: [propext,
 Classical.choice,
 Quot.sound]
ℹ [8677/8729] Built Assurance.ReactiveLifecycleHistory (8.4s)
info: Assurance/ReactiveLifecycleHistory.lean:619:0: 'Minidregg.Assurance.ReactiveLifecycleHistory.PromiseSpec.decode_encode_advice' depends on axioms: [propext, Quot.sound]
info: Assurance/ReactiveLifecycleHistory.lean:620:0: 'Minidregg.Assurance.ReactiveLifecycleHistory.notificationObservedStateExact' depends on axioms: [propext,
 Classical.choice,
 Quot.sound]
info: Assurance/ReactiveLifecycleHistory.lean:621:0: 'Minidregg.Assurance.ReactiveLifecycleHistory.notificationNotAfterDeadline' depends on axioms: [propext,
 Classical.choice,
 Quot.sound]
info: Assurance/ReactiveLifecycleHistory.lean:622:0: 'Minidregg.Assurance.ReactiveLifecycleHistory.finalizedFieldFootprintExact' depends on axioms: [propext,
 Classical.choice,
 Quot.sound]
info: Assurance/ReactiveLifecycleHistory.lean:623:0: 'Minidregg.Assurance.ReactiveLifecycleHistory.finalizedResourceFootprintExact' depends on axioms: [propext,
 Classical.choice,
 Quot.sound]
info: Assurance/ReactiveLifecycleHistory.lean:624:0: 'Minidregg.Assurance.ReactiveLifecycleHistory.finalizedNullifierExact' depends on axioms: [propext,
 Classical.choice,
 Quot.sound]
info: Assurance/ReactiveLifecycleHistory.lean:625:0: 'Minidregg.Assurance.ReactiveLifecycleHistory.finalizedObservedPreRootExact' depends on axioms: [propext,
 Classical.choice,
 Quot.sound]
info: Assurance/ReactiveLifecycleHistory.lean:626:0: 'Minidregg.Assurance.ReactiveLifecycleHistory.finalizedHistoryEvidence' depends on axioms: [propext,
 Classical.choice,
 Quot.sound]
ℹ [8678/8729] Built Loom.HalfThresholdFriCoherent (5.1s)
info: Loom/HalfThresholdFriCoherent.lean:307:0: 'Minidregg.Loom.powerTwoCoherentRound_uniform' depends on axioms: [propext, Classical.choice, Quot.sound]
info: Loom/HalfThresholdFriCoherent.lean:308:0: 'Minidregg.Loom.friAdaptive_coherent_query_miss' depends on axioms: [propext, Classical.choice, Quot.sound]
info: Loom/HalfThresholdFriCoherent.lean:309:0: 'Minidregg.Loom.friAdaptive_coherent_sampled_sound' depends on axioms: [propext, Classical.choice, Quot.sound]
ℹ [8679/8729] Built Compiler.MinidreggV1NativeGlue (4.8s)
info: Compiler/MinidreggV1NativeGlue.lean:38:0: 'Minidregg.Compiler.MinidreggV1NativeGlue.generated_catalog_is_authenticated' depends on axioms: [propext, Quot.sound]
info: Compiler/MinidreggV1NativeGlue.lean:39:0: 'Minidregg.Compiler.MinidreggV1NativeGlue.generated_source_is_artifact_derived' depends on axioms: [propext,
 Classical.choice,
 Quot.sound]
ℹ [8680/8729] Built Theory.AcceptedCellEffectRequestBinding (5.4s)
info: Theory/AcceptedCellEffectRequestBinding.lean:410:0: 'Minidregg.Theory.AcceptedCellEffectRequestBinding.Bound.effectsDigest_exact' depends on axioms: [propext,
 Classical.choice,
 Quot.sound]
info: Theory/AcceptedCellEffectRequestBinding.lean:411:0: 'Minidregg.Theory.AcceptedCellEffectRequestBinding.Bound.preRoot_exact' depends on axioms: [propext,
 Classical.choice,
 Quot.sound]
info: Theory/AcceptedCellEffectRequestBinding.lean:412:0: 'Minidregg.Theory.AcceptedCellEffectRequestBinding.no_bound_of_args_mismatch' depends on axioms: [propext,
 Classical.choice,
 Quot.sound]
info: Theory/AcceptedCellEffectRequestBinding.lean:413:0: 'Minidregg.Theory.AcceptedCellEffectRequestBinding.ofComputationAccepted' depends on axioms: [propext,
 Classical.choice,
 Quot.sound]
info: Theory/AcceptedCellEffectRequestBinding.lean:414:0: 'Minidregg.Theory.AcceptedCellEffectRequestBinding.bindIssue' depends on axioms: [propext, Classical.choice, Quot.sound]
info: Theory/AcceptedCellEffectRequestBinding.lean:415:0: 'Minidregg.Theory.AcceptedCellEffectRequestBinding.bindHyperdocument' depends on axioms: [propext,
 Classical.choice,
 Quot.sound]
info: Theory/AcceptedCellEffectRequestBinding.lean:416:0: 'Minidregg.Theory.AcceptedCellEffectRequestBinding.hyperdocument_args_name_operation_intent' depends on axioms: [propext,
 Classical.choice,
 Quot.sound]
ℹ [8681/8729] Built Kernel.HyperdocumentVersionEffects (5.5s)
info: Kernel/HyperdocumentVersionEffects.lean:404:0: 'Minidregg.Kernel.HyperdocumentVersionEffects.SourceExact.post_root_exact' depends on axioms: [propext,
 Classical.choice,
 Quot.sound]
info: Kernel/HyperdocumentVersionEffects.lean:405:0: 'Minidregg.Kernel.HyperdocumentVersionEffects.SourceExact.request_id_exact' depends on axioms: [propext,
 Classical.choice,
 Quot.sound]
info: Kernel/HyperdocumentVersionEffects.lean:406:0: 'Minidregg.Kernel.HyperdocumentVersionEffects.Accepted.post_contains' depends on axioms: [propext,
 Classical.choice,
 Quot.sound]
info: Kernel/HyperdocumentVersionEffects.lean:407:0: 'Minidregg.Kernel.HyperdocumentVersionEffects.Accepted.duplicate_rejected' depends on axioms: [propext,
 Classical.choice,
 Quot.sound]
⚠ [8682/8729] Built Assurance.TransclusionBacklinkHistory (10s)
warning: Assurance/TransclusionBacklinkHistory.lean:407:0: automatically included section variable(s) unused in theorem `Minidregg.Assurance.TransclusionBacklinkHistory.Observation.disclosure_allowed`:
  [DecidableEq DisclosureAtom]
consider restructuring your `variable` declarations so that the variables are not in scope or explicitly omit them:
  omit [DecidableEq DisclosureAtom] in theorem ...

Note: This linter can be disabled with `set_option linter.unusedSectionVars false`
warning: Assurance/TransclusionBacklinkHistory.lean:417:0: automatically included section variable(s) unused in theorem `Minidregg.Assurance.TransclusionBacklinkHistory.Observation.cells_authenticated`:
  [DecidableEq DisclosureAtom]
consider restructuring your `variable` declarations so that the variables are not in scope or explicitly omit them:
  omit [DecidableEq DisclosureAtom] in theorem ...

Note: This linter can be disabled with `set_option linter.unusedSectionVars false`
warning: Assurance/TransclusionBacklinkHistory.lean:556:0: automatically included section variable(s) unused in theorem `Minidregg.Assurance.TransclusionBacklinkHistory.LinkEvent.target_eq_of_opening_cells_eq`:
  [DecidableEq DisclosureAtom]
consider restructuring your `variable` declarations so that the variables are not in scope or explicitly omit them:
  omit [DecidableEq DisclosureAtom] in theorem ...

Note: This linter can be disabled with `set_option linter.unusedSectionVars false`
warning: Assurance/TransclusionBacklinkHistory.lean:603:0: automatically included section variable(s) unused in theorem `Minidregg.Assurance.TransclusionBacklinkHistory.Weld.source_exact`:
  [DecidableEq DisclosureAtom]
consider restructuring your `variable` declarations so that the variables are not in scope or explicitly omit them:
  omit [DecidableEq DisclosureAtom] in theorem ...

Note: This linter can be disabled with `set_option linter.unusedSectionVars false`
warning: Assurance/TransclusionBacklinkHistory.lean:644:0: automatically included section variable(s) unused in theorem `Minidregg.Assurance.TransclusionBacklinkHistory.Chain.positive`:
  [DecidableEq DisclosureAtom]
consider restructuring your `variable` declarations so that the variables are not in scope or explicitly omit them:
  omit [DecidableEq DisclosureAtom] in theorem ...

Note: This linter can be disabled with `set_option linter.unusedSectionVars false`
warning: Assurance/TransclusionBacklinkHistory.lean:710:0: automatically included section variable(s) unused in theorem `Minidregg.Assurance.TransclusionBacklinkHistory.reverseIndex_sound`:
  [DecidableEq DisclosureAtom]
consider restructuring your `variable` declarations so that the variables are not in scope or explicitly omit them:
  omit [DecidableEq DisclosureAtom] in theorem ...

Note: This linter can be disabled with `set_option linter.unusedSectionVars false`
warning: Assurance/TransclusionBacklinkHistory.lean:728:0: automatically included section variable(s) unused in theorem `Minidregg.Assurance.TransclusionBacklinkHistory.reverseIndex_complete_in_domain`:
  [DecidableEq DisclosureAtom]
consider restructuring your `variable` declarations so that the variables are not in scope or explicitly omit them:
  omit [DecidableEq DisclosureAtom] in theorem ...

Note: This linter can be disabled with `set_option linter.unusedSectionVars false`
warning: Assurance/TransclusionBacklinkHistory.lean:742:0: automatically included section variable(s) unused in theorem `Minidregg.Assurance.TransclusionBacklinkHistory.reverseIndex_mem_iff`:
  [DecidableEq DisclosureAtom]
consider restructuring your `variable` declarations so that the variables are not in scope or explicitly omit them:
  omit [DecidableEq DisclosureAtom] in theorem ...

Note: This linter can be disabled with `set_option linter.unusedSectionVars false`
ℹ [8683/8729] Built Theory.HyperdocumentInterface (6.1s)
info: Theory/HyperdocumentInterface.lean:587:0: 'Minidregg.Theory.HyperdocumentInterface.ContentQuery.lens' depends on axioms: [propext, Quot.sound]
info: Theory/HyperdocumentInterface.lean:588:0: 'Minidregg.Theory.HyperdocumentInterface.QueryConfig.decode_encode_argument' does not depend on any axioms
info: Theory/HyperdocumentInterface.lean:589:0: 'Minidregg.Theory.HyperdocumentInterface.no_query_success_wrong_interface' depends on axioms: [propext, Quot.sound]
info: Theory/HyperdocumentInterface.lean:590:0: 'Minidregg.Theory.HyperdocumentInterface.no_query_success_reserved_version' depends on axioms: [propext, Quot.sound]
info: Theory/HyperdocumentInterface.lean:591:0: 'Minidregg.Theory.HyperdocumentInterface.no_query_success_outside_scope' depends on axioms: [propext, Quot.sound]
info: Theory/HyperdocumentInterface.lean:592:0: 'Minidregg.Theory.HyperdocumentInterface.no_query_success_wrong_target' depends on axioms: [propext, Quot.sound]
info: Theory/HyperdocumentInterface.lean:593:0: 'Minidregg.Theory.HyperdocumentInterface.no_action_success_wrong_version' depends on axioms: [propext, Quot.sound]
info: Theory/HyperdocumentInterface.lean:594:0: 'Minidregg.Theory.HyperdocumentInterface.no_action_success_outside_scope' depends on axioms: [propext, Quot.sound]
info: Theory/HyperdocumentInterface.lean:595:0: 'Minidregg.Theory.HyperdocumentInterface.no_action_success_wrong_target' depends on axioms: [propext, Quot.sound]
info: Theory/HyperdocumentInterface.lean:596:0: 'Minidregg.Theory.HyperdocumentInterface.rejected_ne_accepted' depends on axioms: [propext, Quot.sound]
ℹ [8684/8729] Built Loom.OracleLogLinkedAttributed (5.6s)
info: Loom/OracleLogLinkedAttributed.lean:501:0: 'Minidregg.Loom.RootAttribution.read_eq_of_commit' depends on axioms: [Quot.sound]
info: Loom/OracleLogLinkedAttributed.lean:502:0: 'Minidregg.Loom.attributedRootWord_commit' depends on axioms: [propext, Classical.choice, Quot.sound]
info: Loom/OracleLogLinkedAttributed.lean:503:0: 'Minidregg.Loom.attributed_verify_strengthens' depends on axioms: [propext, Classical.choice, Quot.sound]
info: Loom/OracleLogLinkedAttributed.lean:504:0: 'Minidregg.Loom.attributedWord_verify_of_attributed_accept' depends on axioms: [propext, Classical.choice, Quot.sound]
info: Loom/OracleLogLinkedAttributed.lean:505:0: 'Minidregg.Loom.attributed_verify_accept_data' depends on axioms: [propext, Classical.choice, Quot.sound]
info: Loom/OracleLogLinkedAttributed.lean:506:0: 'Minidregg.Loom.attributed_acceptance_increment_agreesOn_queries' depends on axioms: [propext,
 Classical.choice,
 Quot.sound]
info: Loom/OracleLogLinkedAttributed.lean:507:0: 'Minidregg.Loom.attributed_verify_honest_raw' depends on axioms: [propext, Classical.choice, Quot.sound]
info: Loom/OracleLogLinkedAttributed.lean:508:0: 'Minidregg.Loom.attributedWord_verify_honest' depends on axioms: [propext, Classical.choice, Quot.sound]
info: Loom/OracleLogLinkedAttributed.lean:509:0: 'Minidregg.Loom.attributed_verify_honest' depends on axioms: [propext, Classical.choice, Quot.sound]
info: Loom/OracleLogLinkedAttributed.lean:510:0: 'Minidregg.Loom.OracleLogLinkedAttributedExample.old_junk_transcript_rejected' depends on axioms: [propext,
 Classical.choice,
 Quot.sound]
info: Loom/OracleLogLinkedAttributed.lean:511:0: 'Minidregg.Loom.OracleLogLinkedAttributedExample.honest_roots_pass_F5' depends on axioms: [propext,
 Classical.choice,
 Quot.sound]
info: Loom/OracleLogLinkedAttributed.lean:512:0: 'Minidregg.Loom.OracleLogLinkedAttributedExample.honest_hiding_transcript_accepted_F5' depends on axioms: [propext,
 Classical.choice,
 Quot.sound]
info: Loom/OracleLogLinkedAttributed.lean:513:0: 'Minidregg.Loom.OracleLogLinkedAttributedExample.zero_not_hiding_target_F5' depends on axioms: [propext,
 Classical.choice,
 Quot.sound]
info: Loom/OracleLogLinkedAttributed.lean:514:0: 'Minidregg.Loom.OracleLogLinkedAttributedExample.honest_hiding_output_not_relaxed_F5' depends on axioms: [propext,
 Classical.choice,
 Quot.sound]
info: Loom/OracleLogLinkedAttributed.lean:515:0: 'Minidregg.Loom.OracleLogLinkedAttributedExample.honest_hiding_word_verifies_F5' depends on axioms: [propext,
 Classical.choice,
 Quot.sound]
info: Loom/OracleLogLinkedAttributed.lean:516:0: 'Minidregg.Loom.OracleLogLinkedAttributedExample.honest_hiding_word_satisfies_F5' depends on axioms: [propext,
 Classical.choice,
 Quot.sound]
⚠ [8685/8729] Built Assurance.BfvNativeBufferAdmission (26s)
warning: Assurance/BfvNativeBufferAdmission.lean:66:63: unused variable `carryBits`

Note: This linter can be disabled with `set_option linter.unusedVariables false`
warning: Assurance/BfvNativeBufferAdmission.lean:213:67: This simp argument is unused:
  rightCarryBitBase

Hint: Omit it from the simp argument list.
  simp [rowKernelCall, rowSegments, scalarMulSegments, segmentsCoverFrom, emit,
         ̵ ̵WireSegment.visibilityFits, scalarCellCount, rowWireCount, rightCarryBi̵t̵B̵ase,
  ̵  ̵ ̵ ̵ ̵ ̵ ̵ ̵r̵i̵g̵h̵t̵C̵a̵r̵r̵y̵B̵a̵s̵e̵,̵ ̵leftCarryBitBase,
  ̲  ̲ ̲ ̲ ̲ ̲leftCarryBase, resultBitBase, resultBase,
  ̵  ̵ ̵ ̵ ̵ ̵ ̵ ̵activeBase, accumulatorCellCount,
  ̲  ̲ ̲ ̲ ̲ ̲scalarMulWireCount, mulCarryBitBase, mulCarryBase, productBitBase,
  ̵  ̵ ̵ ̵ ̵ ̵ ̵ ̵productBase, scalarBitBase,
  ̲  ̲ ̲ ̲ ̲ ̲scalarBase]

Note: This linter can be disabled with `set_option linter.unusedSimpArgs false`
warning: Assurance/BfvNativeBufferAdmission.lean:214:8: This simp argument is unused:
  rightCarryBase

Hint: Omit it from the simp argument list.
  simp [rowKernelCall, rowSegments, scalarMulSegments, segmentsCoverFrom, emit,
        WireSegment.visibilityFits, scalarCellCount, rowWireCount, rightCarryBitBase,
        r̵i̵g̵h̵t̵C̵a̵r̵r̵y̵B̵a̵s̵e̵,̵ ̵leftCarryBitBase, leftCarryBase, resultBitBase, resultBase, activeBase, accumulatorCellCount,
  ̲  ̲ ̲ ̲ ̲ ̲scalarMulWireCount, mulCarryBitBase, mulCarryBase, productBitBase, productBase, scalarBitBase,
  ̲  ̲ ̲ ̲ ̲ ̲scalarBase]

Note: This linter can be disabled with `set_option linter.unusedSimpArgs false`
warning: Assurance/BfvNativeBufferAdmission.lean:214:24: This simp argument is unused:
  leftCarryBitBase

Hint: Omit it from the simp argument list.
  simp [rowKernelCall, rowSegments, scalarMulSegments, segmentsCoverFrom, emit,
        WireSegment.visibilityFits, scalarCellCount, rowWireCount, rightCarryBitBase, rightCarryBase,
  ̲  ̲ ̲ ̲ ̲ ̲l̵e̵f̵t̵C̵a̵r̵r̵y̵B̵i̵t̵B̵a̵s̵e̵,̵ ̵leftCarryBase, resultBitBase, resultBase, activeBase, accumulatorCellCount,
  ̲  ̲ ̲ ̲ ̲ ̲scalarMulWireCount, mulCarryBitBase, mulCarryBase, productBitBase, productBase, scalarBitBase,
  ̲  ̲ ̲ ̲ ̲ ̲scalarBase]

Note: This linter can be disabled with `set_option linter.unusedSimpArgs false`
warning: Assurance/BfvNativeBufferAdmission.lean:214:42: This simp argument is unused:
  leftCarryBase

Hint: Omit it from the simp argument list.
  simp [rowKernelCall, rowSegments, scalarMulSegments, segmentsCoverFrom, emit,
        WireSegment.visibilityFits, scalarCellCount, rowWireCount, rightCarryBitBase, rightCarryBase,
  ̲  ̲ ̲ ̲ ̲ ̲leftCarryBitBase, l̵e̵f̵t̵C̵a̵r̵r̵y̵B̵a̵s̵e̵,̵ ̵resultBitBase, resultBase, activeBase, accumulatorCellCount,
  ̲  ̲ ̲ ̲ ̲ ̲scalarMulWireCount, mulCarryBitBase, mulCarryBase, productBitBase, productBase, scalarBitBase,
  ̲  ̲ ̲ ̲ ̲ ̲scalarBase]

Note: This linter can be disabled with `set_option linter.unusedSimpArgs false`
warning: Assurance/BfvNativeBufferAdmission.lean:214:57: This simp argument is unused:
  resultBitBase

Hint: Omit it from the simp argument list.
  simp [rowKernelCall, rowSegments, scalarMulSegments, segmentsCoverFrom, emit,
        WireSegment.visibilityFits, scalarCellCount, rowWireCount, rightCarryBitBase, rightCarryBase,
  ̲  ̲ ̲ ̲ ̲ ̲leftCarryBitBase, leftCarryBase, r̵e̵s̵u̵l̵t̵B̵i̵t̵B̵a̵s̵e̵,̵ ̵resultBase, activeBase, accumulatorCellCount,
  ̲  ̲ ̲ ̲ ̲ ̲scalarMulWireCount, mulCarryBitBase, mulCarryBase, productBitBase, productBase, scalarBitBase,
  ̲  ̲ ̲ ̲ ̲ ̲scalarBase]

Note: This linter can be disabled with `set_option linter.unusedSimpArgs false`
warning: Assurance/BfvNativeBufferAdmission.lean:214:72: This simp argument is unused:
  resultBase

Hint: Omit it from the simp argument list.
  simp [rowKernelCall, rowSegments, scalarMulSegments, segmentsCoverFrom, emit,
        WireSegment.visibilityFits, scalarCellCount, rowWireCount, rightCarryBitBase, rightCarryBase,
  ̲  ̲ ̲ ̲ ̲ ̲leftCarryBitBase, leftCarryBase, resultBitBase, r̵e̵s̵u̵l̵t̵B̵a̵s̵e̵,̵activeBase, accumulatorCellCount,
  ̲  ̲ ̲ ̲ ̲ ̲scalarMulWireCount, mulCarryBitBase, mulCarryBase, productBitBase, productBase, scalarBitBase,
  ̲  ̲ ̲ ̲ ̲ ̲scalarBase]

Note: This linter can be disabled with `set_option linter.unusedSimpArgs false`
warning: Assurance/BfvNativeBufferAdmission.lean:215:8: This simp argument is unused:
  activeBase

Hint: Omit it from the simp argument list.
  simp [rowKernelCall, rowSegments, scalarMulSegments, segmentsCoverFrom, emit,
        WireSegment.visibilityFits, scalarCellCount, rowWireCount, rightCarryBitBase, rightCarryBase,
  ̲  ̲ ̲ ̲ ̲ ̲leftCarryBitBase, leftCarryBase, resultBitBase, resultBase, a̵c̵t̵i̵v̵e̵B̵a̵s̵e̵,̵ ̵accumulatorCellCount,
  ̲  ̲ ̲ ̲ ̲ ̲scalarMulWireCount, mulCarryBitBase, mulCarryBase, productBitBase, productBase, scalarBitBase,
  ̲  ̲ ̲ ̲ ̲ ̲scalarBase]

Note: This linter can be disabled with `set_option linter.unusedSimpArgs false`
warning: Assurance/BfvNativeBufferAdmission.lean:220:20: This simp argument is unused:
  rightCarryBitBase

Hint: Omit it from the simp argument list.
  simp [KernelCall.CallsWellShaped, rowKernelCall, scalarMulWitnessCall, emit,
      WitnessCall.WellShaped, ScalarMulConstCall.WellShaped, WireSpan.inBounds, rowWireCount,
  ̲  ̲ ̲ ̲r̵i̵g̵h̵t̵C̵a̵r̵r̵y̵B̵i̵t̵B̵a̵s̵e̵,̵ ̵rightCarryBase, leftCarryBitBase, leftCarryBase, resultBitBase, resultBase, activeBase,
  ̲  ̲ ̲ ̲scalarCellCount, scalarMulWireCount, accumulatorCellCount, mulCarryBitBase, mulCarryBase,
  ̲  ̲ ̲ ̲productBitBase, productBase, scalarBitBase, scalarBase]

Note: This linter can be disabled with `set_option linter.unusedSimpArgs false`
warning: Assurance/BfvNativeBufferAdmission.lean:220:39: This simp argument is unused:
  rightCarryBase

Hint: Omit it from the simp argument list.
  simp [KernelCall.CallsWellShaped, rowKernelCall, scalarMulWitnessCall, emit,
      WitnessCall.WellShaped, ScalarMulConstCall.WellShaped, WireSpan.inBounds, rowWireCount,
  ̲  ̲ ̲ ̲rightCarryBitBase, r̵i̵g̵h̵t̵C̵a̵r̵r̵y̵B̵a̵s̵e̵,̵ ̵leftCarryBitBase, leftCarryBase, resultBitBase, resultBase, activeBase,
  ̲  ̲ ̲ ̲scalarCellCount, scalarMulWireCount, accumulatorCellCount, mulCarryBitBase, mulCarryBase,
  ̲  ̲ ̲ ̲productBitBase, productBase, scalarBitBase, scalarBase]

Note: This linter can be disabled with `set_option linter.unusedSimpArgs false`
warning: Assurance/BfvNativeBufferAdmission.lean:220:55: This simp argument is unused:
  leftCarryBitBase

Hint: Omit it from the simp argument list.
  simp [KernelCall.CallsWellShaped, rowKernelCall, scalarMulWitnessCall, emit,
      WitnessCall.WellShaped, ScalarMulConstCall.WellShaped, WireSpan.inBounds, rowWireCount,
  ̲  ̲ ̲ ̲rightCarryBitBase, rightCarryBase, l̵e̵f̵t̵C̵a̵r̵r̵y̵B̵i̵t̵B̵a̵s̵e̵,̵ ̵leftCarryBase, resultBitBase, resultBase, activeBase,
  ̲  ̲ ̲ ̲scalarCellCount, scalarMulWireCount, accumulatorCellCount, mulCarryBitBase, mulCarryBase,
  ̲  ̲ ̲ ̲productBitBase, productBase, scalarBitBase, scalarBase]

Note: This linter can be disabled with `set_option linter.unusedSimpArgs false`
warning: Assurance/BfvNativeBufferAdmission.lean:220:73: This simp argument is unused:
  leftCarryBase

Hint: Omit it from the simp argument list.
  simp [KernelCall.CallsWellShaped, rowKernelCall, scalarMulWitnessCall, emit,
      WitnessCall.WellShaped, ScalarMulConstCall.WellShaped, WireSpan.inBounds, rowWireCount,
  ̲  ̲ ̲ ̲rightCarryBitBase, rightCarryBase, leftCarryBitBase, l̵e̵f̵t̵C̵a̵r̵r̵y̵B̵a̵s̵e̵,̵resultBitBase, resultBase, activeBase,
  ̲  ̲ ̲ ̲scalarCellCount, scalarMulWireCount, accumulatorCellCount, mulCarryBitBase, mulCarryBase,
  ̲  ̲ ̲ ̲productBitBase, productBase, scalarBitBase, scalarBase]

Note: This linter can be disabled with `set_option linter.unusedSimpArgs false`
warning: Assurance/BfvNativeBufferAdmission.lean:221:6: This simp argument is unused:
  resultBitBase

Hint: Omit it from the simp argument list.
  simp [KernelCall.CallsWellShaped, rowKernelCall, scalarMulWitnessCall, emit,
      WitnessCall.WellShaped, ScalarMulConstCall.WellShaped, WireSpan.inBounds, rowWireCount,
  ̲  ̲ ̲ ̲rightCarryBitBase, rightCarryBase, leftCarryBitBase, leftCarryBase, r̵e̵s̵u̵l̵t̵B̵i̵t̵B̵a̵s̵e̵,̵ ̵resultBase, activeBase,
  ̲  ̲ ̲ ̲scalarCellCount, scalarMulWireCount, accumulatorCellCount, mulCarryBitBase, mulCarryBase,
  ̲  ̲ ̲ ̲productBitBase, productBase, scalarBitBase, scalarBase]

Note: This linter can be disabled with `set_option linter.unusedSimpArgs false`
warning: Assurance/BfvNativeBufferAdmission.lean:221:21: This simp argument is unused:
  resultBase

Hint: Omit it from the simp argument list.
  simp [KernelCall.CallsWellShaped, rowKernelCall, scalarMulWitnessCall, emit,
      WitnessCall.WellShaped, ScalarMulConstCall.WellShaped, WireSpan.inBounds, rowWireCount,
  ̲  ̲ ̲ ̲rightCarryBitBase, rightCarryBase, leftCarryBitBase, leftCarryBase, resultBitBase, r̵e̵s̵u̵l̵t̵B̵a̵s̵e̵,̵ ̵activeBase,
  ̲  ̲ ̲ ̲scalarCellCount, scalarMulWireCount, accumulatorCellCount, mulCarryBitBase, mulCarryBase,
  ̲  ̲ ̲ ̲productBitBase, productBase, scalarBitBase, scalarBase]

Note: This linter can be disabled with `set_option linter.unusedSimpArgs false`
warning: Assurance/BfvNativeBufferAdmission.lean:221:33: This simp argument is unused:
  activeBase

Hint: Omit it from the simp argument list.
  simp [KernelCall.CallsWellShaped, rowKernelCall, scalarMulWitnessCall, emit,
      WitnessCall.WellShaped, ScalarMulConstCall.WellShaped, WireSpan.inBounds, rowWireCount,
  ̲  ̲ ̲ ̲rightCarryBitBase, rightCarryBase, leftCarryBitBase, leftCarryBase, resultBitBase, resultBase,
  ̲  ̲ ̲ ̲a̵c̵t̵i̵v̵e̵B̵a̵s̵e̵,̵ ̵scalarCellCount, scalarMulWireCount, accumulatorCellCount, mulCarryBitBase, mulCarryBase,
  ̲  ̲ ̲ ̲productBitBase, productBase, scalarBitBase, scalarBase]

Note: This linter can be disabled with `set_option linter.unusedSimpArgs false`
warning: Assurance/BfvNativeBufferAdmission.lean:636:5: unused variable `admission`

Note: This linter can be disabled with `set_option linter.unusedVariables false`
info: Assurance/BfvNativeBufferAdmission.lean:824:0: 'Minidregg.Assurance.BfvNativeBufferAdmission.rowKernelCall_fullyWellFormed' depends on axioms: [propext,
 Classical.choice,
 Quot.sound]
info: Assurance/BfvNativeBufferAdmission.lean:825:0: 'Minidregg.Assurance.BfvNativeBufferAdmission.RowAdmission.descriptorAcceptance' depends on axioms: [propext,
 Classical.choice,
 Quot.sound]
info: Assurance/BfvNativeBufferAdmission.lean:826:0: 'Minidregg.Assurance.BfvNativeBufferAdmission.RowAdmission.toCheckedRowBuffer' depends on axioms: [propext,
 Classical.choice,
 Quot.sound]
info: Assurance/BfvNativeBufferAdmission.lean:827:0: 'Minidregg.Assurance.BfvNativeBufferAdmission.BatchAdmission.every_exact_integer_equation' depends on axioms: [propext,
 Classical.choice,
 Quot.sound]
info: Assurance/BfvNativeBufferAdmission.lean:828:0: 'Minidregg.Assurance.BfvNativeBufferAdmission.bfvManifest_wellFormed' depends on axioms: [propext, Quot.sound]
info: Assurance/BfvNativeBufferAdmission.lean:829:0: 'Minidregg.Assurance.BfvNativeBufferAdmission.issueReceiptEvent' depends on axioms: [propext,
 Classical.choice,
 Quot.sound]
info: Assurance/BfvNativeBufferAdmission.lean:830:0: 'Minidregg.Assurance.BfvNativeBufferAdmission.receiptEvent_every_exact_integer_equation' depends on axioms: [propext,
 Classical.choice,
 Quot.sound]
ℹ [8686/8729] Built Loom.AdditiveFriTower (4.4s)
info: Loom/AdditiveFriTower.lean:413:0: 'Minidregg.Loom.additiveTowerMap_succ' depends on axioms: [propext, Classical.choice, Quot.sound]
info: Loom/AdditiveFriTower.lean:414:0: 'Minidregg.Loom.additiveTower_foldMap_reindex' depends on axioms: [propext, Classical.choice, Quot.sound]
info: Loom/AdditiveFriTower.lean:415:0: 'Minidregg.Loom.additiveTower_high_eq_low_add_pivot' depends on axioms: [propext, Classical.choice, Quot.sound]
info: Loom/AdditiveFriTower.lean:416:0: 'Minidregg.Loom.additiveTower_domain_image' depends on axioms: [propext, Classical.choice, Quot.sound]
info: Loom/AdditiveFriTower.lean:417:0: 'Minidregg.Loom.additiveTowerPoint_injective' depends on axioms: [propext, Classical.choice, Quot.sound]
info: Loom/AdditiveFriTower.lean:418:0: 'Minidregg.Loom.additiveTowerPivot_ne_zero' depends on axioms: [propext, Classical.choice, Quot.sound]
info: Loom/AdditiveFriTower.lean:419:0: 'Minidregg.Loom.additiveTower_transversal' depends on axioms: [propext, Classical.choice, Quot.sound]
info: Loom/AdditiveFriTower.lean:420:0: 'Minidregg.Loom.additiveTower_domain_eq_pairDomain' depends on axioms: [propext, Classical.choice, Quot.sound]
info: Loom/AdditiveFriTower.lean:421:0: 'Minidregg.Loom.additiveCoherentRound_uniform' depends on axioms: [propext, Classical.choice, Quot.sound]
✔ [8687/8729] Built Theory (4.4s)
⚠ [8689/8729] Built Kernel.HyperdocumentPublication (4.9s)
warning: Kernel/HyperdocumentPublication.lean:112:5: unused variable `event`

Note: This linter can be disabled with `set_option linter.unusedVariables false`
info: Kernel/HyperdocumentPublication.lean:344:0: 'Minidregg.Kernel.HyperdocumentPublication.commit' depends on axioms: [propext, Classical.choice, Quot.sound]
info: Kernel/HyperdocumentPublication.lean:345:0: 'Minidregg.Kernel.HyperdocumentPublication.commit_content_post_exact' depends on axioms: [propext,
 Classical.choice,
 Quot.sound]
info: Kernel/HyperdocumentPublication.lean:346:0: 'Minidregg.Kernel.HyperdocumentPublication.commit_event_post_contains' depends on axioms: [propext,
 Classical.choice,
 Quot.sound]
ℹ [8690/8729] Built Loom.OracleLogLinkedOpenedSampling (4.8s)
info: Loom/OracleLogLinkedOpenedSampling.lean:445:0: 'Minidregg.Loom.RootPreimageScheme.check_sound' does not depend on any axioms
info: Loom/OracleLogLinkedOpenedSampling.lean:446:0: 'Minidregg.Loom.preimage_verify_accept_data' depends on axioms: [propext, Classical.choice, Quot.sound]
info: Loom/OracleLogLinkedOpenedSampling.lean:447:0: 'Minidregg.Loom.preimage_verify_honest' depends on axioms: [propext, Classical.choice, Quot.sound]
info: Loom/OracleLogLinkedOpenedSampling.lean:448:0: 'Minidregg.Loom.queryAgreementAmplification_failure_pr' depends on axioms: [propext, Classical.choice, Quot.sound]
info: Loom/OracleLogLinkedOpenedSampling.lean:449:0: 'Minidregg.Loom.preimage_hitLogExtractor_pinned' depends on axioms: [propext, Classical.choice, Quot.sound]
info: Loom/OracleLogLinkedOpenedSampling.lean:450:0: 'Minidregg.Loom.preimage_oracleLog_source_relaxed' depends on axioms: [propext, Classical.choice, Quot.sound]
ℹ [8691/8729] Built Kernel.HyperdocumentMerge (6.4s)
info: Kernel/HyperdocumentMerge.lean:918:0: 'Minidregg.Kernel.HyperdocumentMerge.canonicalPair_swap' depends on axioms: [propext, Classical.choice, Quot.sound]
info: Kernel/HyperdocumentMerge.lean:919:0: 'Minidregg.Kernel.HyperdocumentMerge.Accepted.post_contains_write' depends on axioms: [propext,
 Classical.choice,
 Quot.sound]
info: Kernel/HyperdocumentMerge.lean:920:0: 'Minidregg.Kernel.HyperdocumentMerge.Accepted.field_frame' depends on axioms: [propext, Classical.choice, Quot.sound]
info: Kernel/HyperdocumentMerge.lean:921:0: 'Minidregg.Kernel.HyperdocumentMerge.Accepted.changed_only_declared' depends on axioms: [propext,
 Classical.choice,
 Quot.sound]
info: Kernel/HyperdocumentMerge.lean:922:0: 'Minidregg.Kernel.HyperdocumentMerge.Accepted.post_contains_mark' depends on axioms: [propext,
 Classical.choice,
 Quot.sound]
info: Kernel/HyperdocumentMerge.lean:923:0: 'Minidregg.Kernel.HyperdocumentMerge.Accepted.post_contains_annotation' depends on axioms: [propext,
 Classical.choice,
 Quot.sound]
info: Kernel/HyperdocumentMerge.lean:924:0: 'Minidregg.Kernel.HyperdocumentMerge.FieldPlan.two_sources_not_conflict_free' depends on axioms: [propext, Quot.sound]
info: Kernel/HyperdocumentMerge.lean:925:0: 'Minidregg.Kernel.HyperdocumentMerge.Declaration.conflicting_plan_not_conflict_free' depends on axioms: [propext,
 Quot.sound]
info: Kernel/HyperdocumentMerge.lean:926:0: 'Minidregg.Kernel.HyperdocumentMerge.concurrent_sibling_conflict_positive' depends on axioms: [propext, Quot.sound]
info: Kernel/HyperdocumentMerge.lean:927:0: 'Minidregg.Kernel.HyperdocumentMerge.LowestCommonBase.selected_unique' depends on axioms: [propext,
 Classical.choice,
 Quot.sound]
info: Kernel/HyperdocumentMerge.lean:928:0: 'Minidregg.Kernel.HyperdocumentMerge.AmbiguousCommonBases.excludes_lowest' depends on axioms: [propext,
 Classical.choice,
 Quot.sound]
info: Kernel/HyperdocumentMerge.lean:929:0: 'Minidregg.Kernel.HyperdocumentMerge.BaseDecision.unavailableOfAbsent' depends on axioms: [propext,
 Classical.choice,
 Quot.sound]
info: Kernel/HyperdocumentMerge.lean:930:0: 'Minidregg.Kernel.HyperdocumentMerge.recordOfAccepted_parents_exact' depends on axioms: [propext,
 Classical.choice,
 Quot.sound]
info: Kernel/HyperdocumentMerge.lean:931:0: 'Minidregg.Kernel.HyperdocumentMerge.eventDeclaration_record_exact' depends on axioms: [propext,
 Classical.choice,
 Quot.sound]
ℹ [8692/8729] Built Assurance.BfvAcceptedCellEffect (4.5s)
info: Assurance/BfvAcceptedCellEffect.lean:243:0: 'Minidregg.Assurance.BfvAcceptedCellEffect.completionOfBatchAdmission' depends on axioms: [propext,
 Classical.choice,
 Quot.sound]
info: Assurance/BfvAcceptedCellEffect.lean:244:0: 'Minidregg.Assurance.BfvAcceptedCellEffect.completion_every_exact_integer_equation' depends on axioms: [propext,
 Classical.choice,
 Quot.sound]
info: Assurance/BfvAcceptedCellEffect.lean:245:0: 'Minidregg.Assurance.BfvAcceptedCellEffect.acceptBatchSealed' depends on axioms: [propext, Classical.choice, Quot.sound]
info: Assurance/BfvAcceptedCellEffect.lean:246:0: 'Minidregg.Assurance.BfvAcceptedCellEffect.accepted_every_exact_integer_equation' depends on axioms: [propext,
 Classical.choice,
 Quot.sound]
info: Assurance/BfvAcceptedCellEffect.lean:247:0: 'Minidregg.Assurance.BfvAcceptedCellEffect.historyClaimOfBatchSealed' depends on axioms: [propext,
 Classical.choice,
 Quot.sound]
ℹ [8693/8729] Built Loom.OracleLogLinkedTwoPhase (2.4s)
info: Loom/OracleLogLinkedTwoPhase.lean:257:0: 'Minidregg.Loom.twoPhase_acceptance_subUd_pinned' depends on axioms: [propext, Classical.choice, Quot.sound]
info: Loom/OracleLogLinkedTwoPhase.lean:258:0: 'Minidregg.Loom.twoPhase_hitLogExtractor_pinned' depends on axioms: [propext, Classical.choice, Quot.sound]
info: Loom/OracleLogLinkedTwoPhase.lean:259:0: 'Minidregg.Loom.queryAgreementAmplification_failure_uniform' depends on axioms: [propext, Classical.choice, Quot.sound]
info: Loom/OracleLogLinkedTwoPhase.lean:260:0: 'Minidregg.Loom.frozenLinks_samplingFailure_uniform' depends on axioms: [propext, Classical.choice, Quot.sound]
ℹ [8694/8729] Built Loom.AdditiveFriQuery (5.5s)
info: Loom/AdditiveFriQuery.lean:821:0: 'Minidregg.Loom.openedAdditiveFriQuery_pins' depends on axioms: [propext, Classical.choice, Quot.sound]
info: Loom/AdditiveFriQuery.lean:822:0: 'Minidregg.Loom.additiveFriRound_query_miss_uniform' depends on axioms: [propext, Classical.choice, Quot.sound]
info: Loom/AdditiveFriQuery.lean:823:0: 'Minidregg.Loom.additiveFriAdaptive_earliestDeviation_cover' depends on axioms: [propext, Classical.choice, Quot.sound]
info: Loom/AdditiveFriQuery.lean:824:0: 'Minidregg.Loom.additiveFriAdaptive_coherent_query_miss' depends on axioms: [propext, Classical.choice, Quot.sound]
info: Loom/AdditiveFriQuery.lean:825:0: 'Minidregg.Loom.additiveFriAdaptive_coherent_sampled_sound' depends on axioms: [propext, Classical.choice, Quot.sound]
info: Loom/AdditiveFriQuery.lean:826:0: 'Minidregg.Loom.additiveFoldDistanceTransition_UD' depends on axioms: [propext, Classical.choice, Quot.sound]
info: Loom/AdditiveFriQuery.lean:827:0: 'Minidregg.Loom.additiveFriAdaptive_coherent_sampled_sound_UD' depends on axioms: [propext,
 Classical.choice,
 Quot.sound]
ℹ [8695/8729] Built Kernel.HyperdocumentMergePublication (2.0s)
info: Kernel/HyperdocumentMergePublication.lean:632:0: 'Minidregg.Kernel.HyperdocumentMergePublication.derivedEventDeclaration_record_exact' depends on axioms: [propext,
 Classical.choice,
 Quot.sound]
info: Kernel/HyperdocumentMergePublication.lean:633:0: 'Minidregg.Kernel.HyperdocumentMergePublication.EventAccepted.post_contains' depends on axioms: [propext,
 Classical.choice,
 Quot.sound]
info: Kernel/HyperdocumentMergePublication.lean:634:0: 'Minidregg.Kernel.HyperdocumentMergePublication.EventAccepted.pre_fresh' depends on axioms: [propext,
 Classical.choice,
 Quot.sound]
info: Kernel/HyperdocumentMergePublication.lean:635:0: 'Minidregg.Kernel.HyperdocumentMergePublication.commit' depends on axioms: [propext, Classical.choice, Quot.sound]
info: Kernel/HyperdocumentMergePublication.lean:636:0: 'Minidregg.Kernel.HyperdocumentMergePublication.commit_content_post_exact' depends on axioms: [propext,
 Classical.choice,
 Quot.sound]
info: Kernel/HyperdocumentMergePublication.lean:637:0: 'Minidregg.Kernel.HyperdocumentMergePublication.commit_event_post_contains' depends on axioms: [propext,
 Classical.choice,
 Quot.sound]
info: Kernel/HyperdocumentMergePublication.lean:638:0: 'Minidregg.Kernel.HyperdocumentMergePublication.commit_conflict_retained' depends on axioms: [propext,
 Classical.choice,
 Quot.sound]
info: Kernel/HyperdocumentMergePublication.lean:639:0: 'Minidregg.Kernel.HyperdocumentMergePublication.commit_conflict_cannot_be_erased' depends on axioms: [propext,
 Classical.choice,
 Quot.sound]
ℹ [8696/8729] Built Loom.OracleLogLinkedTwoPhaseGame (2.7s)
info: Loom/OracleLogLinkedTwoPhaseGame.lean:502:0: 'Minidregg.Loom.twoPhase_query_domainSeparated' depends on axioms: [propext, Classical.choice, Quot.sound]
info: Loom/OracleLogLinkedTwoPhaseGame.lean:503:0: 'Minidregg.Loom.twoPhase_verify_strengthens' depends on axioms: [propext, Classical.choice, Quot.sound]
info: Loom/OracleLogLinkedTwoPhaseGame.lean:504:0: 'Minidregg.Loom.twoPhase_fiatShamir_accept_data' depends on axioms: [propext, Classical.choice, Quot.sound]
info: Loom/OracleLogLinkedTwoPhaseGame.lean:505:0: 'Minidregg.Loom.twoPhaseGame_hitLogExtractor_pinned' depends on axioms: [propext, Classical.choice, Quot.sound]
info: Loom/OracleLogLinkedTwoPhaseGame.lean:506:0: 'Minidregg.Loom.twoPhaseCombinedBad_le' depends on axioms: [propext, Classical.choice, Quot.sound]
info: Loom/OracleLogLinkedTwoPhaseGame.lean:507:0: 'Minidregg.Loom.TwoPhaseFsErrorInterface.sound_le' depends on axioms: [propext, Classical.choice, Quot.sound]
info: Loom/OracleLogLinkedTwoPhaseGame.lean:508:0: 'Minidregg.Loom.twoPhaseCombined_fullDomain_rate' depends on axioms: [propext, Classical.choice, Quot.sound]
info: Loom/OracleLogLinkedTwoPhaseGame.lean:509:0: 'Minidregg.Loom.twoPhaseCombined_allowed_rate' depends on axioms: [propext, Classical.choice, Quot.sound]
info: Loom/OracleLogLinkedTwoPhaseGame.lean:510:0: 'Minidregg.Loom.allowedFrozenLinks_samplingFailure_uniform' depends on axioms: [propext, Classical.choice, Quot.sound]
⚠ [8697/8729] Built Assurance.HyperdocumentHistoryAdmission (11s)
warning: Assurance/HyperdocumentHistoryAdmission.lean:363:0: automatically included section variable(s) unused in theorem `Minidregg.Assurance.HyperdocumentHistoryAdmission.HeadObservation.entry_index_exact`:
  [DecidableEq DisclosureAtom]
consider restructuring your `variable` declarations so that the variables are not in scope or explicitly omit them:
  omit [DecidableEq DisclosureAtom] in theorem ...

Note: This linter can be disabled with `set_option linter.unusedSectionVars false`
warning: Assurance/HyperdocumentHistoryAdmission.lean:367:0: automatically included section variable(s) unused in theorem `Minidregg.Assurance.HyperdocumentHistoryAdmission.HeadObservation.cells_authenticated`:
  [DecidableEq DisclosureAtom]
consider restructuring your `variable` declarations so that the variables are not in scope or explicitly omit them:
  omit [DecidableEq DisclosureAtom] in theorem ...

Note: This linter can be disabled with `set_option linter.unusedSectionVars false`
warning: Assurance/HyperdocumentHistoryAdmission.lean:372:0: automatically included section variable(s) unused in theorem `Minidregg.Assurance.HyperdocumentHistoryAdmission.HeadObservation.coordinates_are_post`:
  [DecidableEq DisclosureAtom]
consider restructuring your `variable` declarations so that the variables are not in scope or explicitly omit them:
  omit [DecidableEq DisclosureAtom] in theorem ...

Note: This linter can be disabled with `set_option linter.unusedSectionVars false`
info: Assurance/HyperdocumentHistoryAdmission.lean:666:0: 'Minidregg.Assurance.HyperdocumentHistoryAdmission.EntryAt.receiptRootAt_exact' depends on axioms: [propext,
 Classical.choice,
 Quot.sound]
info: Assurance/HyperdocumentHistoryAdmission.lean:667:0: 'Minidregg.Assurance.HyperdocumentHistoryAdmission.canonicalPostOpening_exact' depends on axioms: [propext,
 Classical.choice,
 Quot.sound]
info: Assurance/HyperdocumentHistoryAdmission.lean:668:0: 'Minidregg.Assurance.HyperdocumentHistoryAdmission.canonicalPostOpening_coordinates_post_only' depends on axioms: [propext,
 Classical.choice,
 Quot.sound]
info: Assurance/HyperdocumentHistoryAdmission.lean:669:0: 'Minidregg.Assurance.HyperdocumentHistoryAdmission.canonicalPostOpening_no_header_coordinate' depends on axioms: [propext,
 Classical.choice,
 Quot.sound]
info: Assurance/HyperdocumentHistoryAdmission.lean:670:0: 'Minidregg.Assurance.HyperdocumentHistoryAdmission.canonicalPostOpening_no_pre_coordinate' depends on axioms: [propext,
 Classical.choice,
 Quot.sound]
info: Assurance/HyperdocumentHistoryAdmission.lean:671:0: 'Minidregg.Assurance.HyperdocumentHistoryAdmission.canonicalPostOpening_no_touched_coordinate' depends on axioms: [propext,
 Classical.choice,
 Quot.sound]
info: Assurance/HyperdocumentHistoryAdmission.lean:672:0: 'Minidregg.Assurance.HyperdocumentHistoryAdmission.AcceptedLinkWrite.post_contains' depends on axioms: [propext,
 Classical.choice,
 Quot.sound]
info: Assurance/HyperdocumentHistoryAdmission.lean:673:0: 'Minidregg.Assurance.HyperdocumentHistoryAdmission.HeadLinkEvent.opening_exact' depends on axioms: [propext,
 Classical.choice,
 Quot.sound]
info: Assurance/HyperdocumentHistoryAdmission.lean:674:0: 'Minidregg.Assurance.HyperdocumentHistoryAdmission.HeadLinkEvent.accepted_post_contains_link' depends on axioms: [propext,
 Classical.choice,
 Quot.sound]
info: Assurance/HyperdocumentHistoryAdmission.lean:675:0: 'Minidregg.Assurance.HyperdocumentHistoryAdmission.HeadLinkEvent.cell_exact_of_same_encoding' depends on axioms: [propext,
 Classical.choice,
 Quot.sound]
info: Assurance/HyperdocumentHistoryAdmission.lean:676:0: 'Minidregg.Assurance.HyperdocumentHistoryAdmission.HeadLinkEvent.entry_post_is_accepted_projection' depends on axioms: [propext,
 Classical.choice,
 Quot.sound]
ℹ [8698/8729] Built Kernel.HyperdocumentMergeAncestry (2.4s)
info: Kernel/HyperdocumentMergeAncestry.lean:306:0: 'Minidregg.Kernel.HyperdocumentMergeAncestry.Accepted.selected_plan_base_exact' depends on axioms: [propext,
 Classical.choice,
 Quot.sound]
info: Kernel/HyperdocumentMergeAncestry.lean:307:0: 'Minidregg.Kernel.HyperdocumentMergeAncestry.Accepted.ambiguous_plan_base_absent' depends on axioms: [propext,
 Classical.choice,
 Quot.sound]
info: Kernel/HyperdocumentMergeAncestry.lean:308:0: 'Minidregg.Kernel.HyperdocumentMergeAncestry.Accepted.unavailable_plan_base_absent' depends on axioms: [propext,
 Classical.choice,
 Quot.sound]
info: Kernel/HyperdocumentMergeAncestry.lean:309:0: 'Minidregg.Kernel.HyperdocumentMergeAncestry.Accepted.selectedReachesParent' depends on axioms: [propext,
 Classical.choice,
 Quot.sound]
info: Kernel/HyperdocumentMergeAncestry.lean:310:0: 'Minidregg.Kernel.HyperdocumentMergeAncestry.Accepted.selected_realization_root_exact' depends on axioms: [propext,
 Classical.choice,
 Quot.sound]
info: Kernel/HyperdocumentMergeAncestry.lean:311:0: 'Minidregg.Kernel.HyperdocumentMergeAncestry.Accepted.parent_realization_root_exact' depends on axioms: [propext,
 Classical.choice,
 Quot.sound]
info: Kernel/HyperdocumentMergeAncestry.lean:312:0: 'Minidregg.Kernel.HyperdocumentMergeAncestry.publicationInputs' depends on axioms: [propext,
 Classical.choice,
 Quot.sound]
info: Kernel/HyperdocumentMergeAncestry.lean:313:0: 'Minidregg.Kernel.HyperdocumentMergeAncestry.publicationInputs_record_unchanged' depends on axioms: [propext,
 Classical.choice,
 Quot.sound]
info: Kernel/HyperdocumentMergeAncestry.lean:314:0: 'Minidregg.Kernel.HyperdocumentMergeAncestry.selected_base_conflict_is_published' depends on axioms: [propext,
 Classical.choice,
 Quot.sound]
⚠ [8699/8729] Built Compiler.AdditiveFriReceiptClause (3.8s)
warning: Compiler/AdditiveFriReceiptClause.lean:59:0: automatically included section variable(s) unused in theorem `Minidregg.Compiler.AdditiveFriReceiptClause.rootsBeforeChallenge_of_adaptive`:
  [Field F]
  [CharP F 2]
  [Algebra (ZMod 2) F]
consider restructuring your `variable` declarations so that the variables are not in scope or explicitly omit them:
  omit [Field F] [CharP F 2] [Algebra (ZMod 2) F] in theorem ...

Note: This linter can be disabled with `set_option linter.unusedSectionVars false`
info: Compiler/AdditiveFriReceiptClause.lean:312:0: 'Minidregg.Compiler.AdditiveFriReceiptClause.rootsBeforeChallenge_of_adaptive' depends on axioms: [propext,
 Classical.choice,
 Quot.sound]
info: Compiler/AdditiveFriReceiptClause.lean:313:0: 'Minidregg.Compiler.AdditiveFriReceiptClause.FarWordSoundnessCertificate.exact_ud_challenge_query_error' depends on axioms: [propext,
 Classical.choice,
 Quot.sound]
ℹ [8700/8729] Built Loom.OracleLogLinkedTwoPhaseHorns (2.0s)
info: Loom/OracleLogLinkedTwoPhaseHorns.lean:610:0: 'Minidregg.Loom.twoPhase_queryHitSampling_fibre_le' depends on axioms: [propext, choice, Quot.sound]
info: Loom/OracleLogLinkedTwoPhaseHorns.lean:611:0: 'Minidregg.Loom.twoPhase_queryHitSampling_le' depends on axioms: [propext, choice, Quot.sound]
info: Loom/OracleLogLinkedTwoPhaseHorns.lean:612:0: 'Minidregg.Loom.twoPhase_queryFreshSampling_le' depends on axioms: [propext, choice, Quot.sound]
info: Loom/OracleLogLinkedTwoPhaseHorns.lean:613:0: 'Minidregg.Loom.twoPhaseSamplingBad_cover' depends on axioms: [propext, choice, Quot.sound]
info: Loom/OracleLogLinkedTwoPhaseHorns.lean:614:0: 'Minidregg.Loom.twoPhaseSamplingBad_le' depends on axioms: [propext, choice, Quot.sound]
info: Loom/OracleLogLinkedTwoPhaseHorns.lean:615:0: 'Minidregg.Loom.fullDomainTwoPhase_fixedScheduleBound' depends on axioms: [propext, choice, Quot.sound]
info: Loom/OracleLogLinkedTwoPhaseHorns.lean:616:0: 'Minidregg.Loom.allowedTwoPhase_fixedScheduleBound' depends on axioms: [propext, choice, Quot.sound]
✔ [8701/8729] Built Kernel (1.9s)
ℹ [8703/8729] Built Loom.OracleLogLinkedTwoPhaseSoundness (1.9s)
info: Loom/OracleLogLinkedTwoPhaseSoundness.lean:530:0: 'Minidregg.Loom.twoPhaseFreshOutputFibre_le' depends on axioms: [propext, choice, Quot.sound]
info: Loom/OracleLogLinkedTwoPhaseSoundness.lean:531:0: 'Minidregg.Loom.twoPhaseFreshAlgebraLink_le' depends on axioms: [propext, choice, Quot.sound]
info: Loom/OracleLogLinkedTwoPhaseSoundness.lean:532:0: 'Minidregg.Loom.twoPhase_gameCoinFstZero_le' depends on axioms: [propext, choice, Quot.sound]
info: Loom/OracleLogLinkedTwoPhaseSoundness.lean:533:0: 'Minidregg.Loom.twoPhaseLogSoundEvent_cover' depends on axioms: [propext, choice, Quot.sound]
info: Loom/OracleLogLinkedTwoPhaseSoundness.lean:534:0: 'Minidregg.Loom.twoPhaseOracleLogFsSoundness_le' depends on axioms: [propext, choice, Quot.sound]
ℹ [8704/8729] Built Assurance.SemanticAdditiveFriCheckpoint (3.8s)
info: Assurance/SemanticAdditiveFriCheckpoint.lean:485:0: 'Minidregg.Assurance.SemanticAdditiveFriCheckpoint.CoordinatePadding.paddedCommitment' depends on axioms: [propext,
 Quot.sound]
info: Assurance/SemanticAdditiveFriCheckpoint.lean:486:0: 'Minidregg.Assurance.SemanticAdditiveFriCheckpoint.checkpointClausePin_registered' depends on axioms: [propext]
info: Assurance/SemanticAdditiveFriCheckpoint.lean:487:0: 'Minidregg.Assurance.SemanticAdditiveFriCheckpoint.Checkpoint.initial_root_eq_semantic_head' depends on axioms: [propext,
 Classical.choice,
 Quot.sound]
info: Assurance/SemanticAdditiveFriCheckpoint.lean:488:0: 'Minidregg.Assurance.SemanticAdditiveFriCheckpoint.Checkpoint.initial_word_mem_code' depends on axioms: [propext,
 Classical.choice,
 Quot.sound]
info: Assurance/SemanticAdditiveFriCheckpoint.lean:489:0: 'Minidregg.Assurance.SemanticAdditiveFriCheckpoint.StraightlineCheckpointExtraction.accepted_sample_extracts_checkpoint' depends on axioms: [propext,
 Classical.choice,
 Quot.sound]
info: Assurance/SemanticAdditiveFriCheckpoint.lean:490:0: 'Minidregg.Assurance.SemanticAdditiveFriCheckpoint.StraightlineCheckpointExtraction.component_error_bounds' depends on axioms: [propext,
 Classical.choice,
 Quot.sound]
ℹ [8705/8729] Built Assurance.ProofCompositionGame (2.2s)
info: Assurance/ProofCompositionGame.lean:409:0: 'Minidregg.Assurance.ProofCompositionGame.SharedOracleSchedule.roots_before_challenge' does not depend on any axioms
info: Assurance/ProofCompositionGame.lean:410:0: 'Minidregg.Assurance.ProofCompositionGame.FailureLedger.bad_le_total' depends on axioms: [propext,
 Classical.choice,
 Quot.sound]
info: Assurance/ProofCompositionGame.lean:411:0: 'Minidregg.Assurance.ProofCompositionGame.SecurityGame.falseAccept_le' depends on axioms: [propext,
 Classical.choice,
 Quot.sound]
info: Assurance/ProofCompositionGame.lean:412:0: 'Minidregg.Assurance.ProofCompositionGame.additiveExternalPremises' depends on axioms: [propext,
 Classical.choice,
 Quot.sound]
⚠ [8706/8729] Built Assurance.SemanticHistoryWARPAdditiveJoin (2.9s)
warning: Assurance/SemanticHistoryWARPAdditiveJoin.lean:186:8: automatically included section variable(s) unused in theorem `Minidregg.Assurance.SemanticHistoryWARPAdditiveJoin.reindexCommitment_commit`:
  [Field F]
  [Fintype F]
  [DecidableEq F]
  [DecidableEq ι]
consider restructuring your `variable` declarations so that the variables are not in scope or explicitly omit them:
  omit [Field F] [Fintype F] [DecidableEq F] [DecidableEq ι] in theorem ...

Note: This linter can be disabled with `set_option linter.unusedSectionVars false`
warning: Assurance/SemanticHistoryWARPAdditiveJoin.lean:195:0: automatically included section variable(s) unused in theorem `Minidregg.Assurance.SemanticHistoryWARPAdditiveJoin.reindexWord_mem_reedSolomonCode`:
  [Fintype F]
  [DecidableEq F]
  [DecidableEq ι]
consider restructuring your `variable` declarations so that the variables are not in scope or explicitly omit them:
  omit [Fintype F] [DecidableEq F] [DecidableEq ι] in theorem ...

Note: This linter can be disabled with `set_option linter.unusedSectionVars false`
info: Assurance/SemanticHistoryWARPAdditiveJoin.lean:352:0: 'Minidregg.Assurance.SemanticHistoryWARPAdditiveJoin.DualRootSchedule.foldedRoot_after_challenge' depends on axioms: [propext,
 Quot.sound]
info: Assurance/SemanticHistoryWARPAdditiveJoin.lean:353:0: 'Minidregg.Assurance.SemanticHistoryWARPAdditiveJoin.DualRootSchedule.foldedRoot_commits_folded_word' depends on axioms: [propext,
 Quot.sound]
info: Assurance/SemanticHistoryWARPAdditiveJoin.lean:354:0: 'Minidregg.Assurance.SemanticHistoryWARPAdditiveJoin.BcsLinkOpenings.bcsRounds_exact' depends on axioms: [propext,
 Classical.choice,
 Quot.sound]
info: Assurance/SemanticHistoryWARPAdditiveJoin.lean:355:0: 'Minidregg.Assurance.SemanticHistoryWARPAdditiveJoin.historyDualRootSchedule_linkWord_exact' depends on axioms: [propext,
 Classical.choice,
 Quot.sound]
info: Assurance/SemanticHistoryWARPAdditiveJoin.lean:356:0: 'Minidregg.Assurance.SemanticHistoryWARPAdditiveJoin.terminal_root_eq_additive_initial' depends on axioms: [propext,
 Classical.choice,
 Quot.sound]
ℹ [8707/8729] Built Assurance.Tower256LogupControllerAdmission (1.8s)
info: Assurance/Tower256LogupControllerAdmission.lean:222:0: 'Minidregg.Assurance.Tower256LogupControllerAdmission.ControllerGameSecurity.towerCodecExact' depends on axioms: [propext,
 Classical.choice,
 Quot.sound]
info: Assurance/Tower256LogupControllerAdmission.lean:223:0: 'Minidregg.Assurance.Tower256LogupControllerAdmission.AdmittedLookup.ofVerifiedExecution' depends on axioms: [propext,
 Classical.choice,
 Quot.sound]
info: Assurance/Tower256LogupControllerAdmission.lean:224:0: 'Minidregg.Assurance.Tower256LogupControllerAdmission.AdmittedLookup.indexedEvaluation' depends on axioms: [propext,
 Classical.choice,
 Quot.sound]
⚠ [8708/8729] Built Assurance.AuthenticatedColumnHistoryBridge (2.3s)
warning: Assurance/AuthenticatedColumnHistoryBridge.lean:89:0: automatically included section variable(s) unused in theorem `Minidregg.Assurance.AuthenticatedColumnHistoryBridge.AuthenticatedLinkColumns.message_root_exact`:
  [Fintype F]
  [DecidableEq F]
  [DecidableEq ι]
consider restructuring your `variable` declarations so that the variables are not in scope or explicitly omit them:
  omit [Fintype F] [DecidableEq F] [DecidableEq ι] in theorem ...

Note: This linter can be disabled with `set_option linter.unusedSectionVars false`
warning: Assurance/AuthenticatedColumnHistoryBridge.lean:103:0: automatically included section variable(s) unused in theorem `Minidregg.Assurance.AuthenticatedColumnHistoryBridge.AuthenticatedLinkColumns.message_columns_open`:
  [Fintype F]
  [DecidableEq F]
  [DecidableEq ι]
consider restructuring your `variable` declarations so that the variables are not in scope or explicitly omit them:
  omit [Fintype F] [DecidableEq F] [DecidableEq ι] in theorem ...

Note: This linter can be disabled with `set_option linter.unusedSectionVars false`
warning: Assurance/AuthenticatedColumnHistoryBridge.lean:150:0: automatically included section variable(s) unused in theorem `Minidregg.Assurance.AuthenticatedColumnHistoryBridge.AuthenticatedLinkColumns.message_records_in_attestation`:
  [Fintype F]
  [DecidableEq F]
  [DecidableEq ι]
consider restructuring your `variable` declarations so that the variables are not in scope or explicitly omit them:
  omit [Fintype F] [DecidableEq F] [DecidableEq ι] in theorem ...

Note: This linter can be disabled with `set_option linter.unusedSectionVars false`
info: Assurance/AuthenticatedColumnHistoryBridge.lean:161:0: 'Minidregg.Assurance.AuthenticatedColumnHistoryBridge.AuthenticatedLinkColumns.message_root_exact' depends on axioms: [propext,
 Classical.choice,
 Quot.sound]
info: Assurance/AuthenticatedColumnHistoryBridge.lean:162:0: 'Minidregg.Assurance.AuthenticatedColumnHistoryBridge.AuthenticatedLinkColumns.message_columns_open' depends on axioms: [propext,
 Classical.choice,
 Quot.sound]
info: Assurance/AuthenticatedColumnHistoryBridge.lean:163:0: 'Minidregg.Assurance.AuthenticatedColumnHistoryBridge.AuthenticatedLinkColumns.bcsRounds_exact_of_attestation' depends on axioms: [propext,
 Classical.choice,
 Quot.sound]
⚠ [8709/8729] Built Assurance.SemanticHistoryBcsClaimProjection (2.7s)
warning: Assurance/SemanticHistoryBcsClaimProjection.lean:45:8: automatically included section variable(s) unused in theorem `Minidregg.Assurance.SemanticHistoryBcsClaimProjection.restoreWord_reindexWord`:
  [Field F]
  [DecidableEq iota]
consider restructuring your `variable` declarations so that the variables are not in scope or explicitly omit them:
  omit [Field F] [DecidableEq iota] in theorem ...

Note: This linter can be disabled with `set_option linter.unusedSectionVars false`
warning: Assurance/SemanticHistoryBcsClaimProjection.lean:50:8: automatically included section variable(s) unused in theorem `Minidregg.Assurance.SemanticHistoryBcsClaimProjection.reindexWord_restoreWord`:
  [Field F]
  [DecidableEq iota]
consider restructuring your `variable` declarations so that the variables are not in scope or explicitly omit them:
  omit [Field F] [DecidableEq iota] in theorem ...

Note: This linter can be disabled with `set_option linter.unusedSectionVars false`
warning: Assurance/SemanticHistoryBcsClaimProjection.lean:143:4: 'change (reindexClaim claim).weights j (reindexWord word) = (reindexClaim claim).targets j' tactic does nothing

Note: This linter can be disabled with `set_option linter.unusedTactic false`
warning: Assurance/SemanticHistoryBcsClaimProjection.lean:183:18: unused variable `k`

Note: This linter can be disabled with `set_option linter.unusedVariables false`
warning: Assurance/SemanticHistoryBcsClaimProjection.lean:184:19: unused variable `k`

Note: This linter can be disabled with `set_option linter.unusedVariables false`
warning: Assurance/SemanticHistoryBcsClaimProjection.lean:272:0: automatically included section variable(s) unused in theorem `Minidregg.Assurance.SemanticHistoryBcsClaimProjection.reindexWord_foldWords`:
  [DecidableEq iota]
consider restructuring your `variable` declarations so that the variables are not in scope or explicitly omit them:
  omit [DecidableEq iota] in theorem ...

Note: This linter can be disabled with `set_option linter.unusedSectionVars false`
warning: Assurance/SemanticHistoryBcsClaimProjection.lean:377:0: automatically included section variable(s) unused in theorem `Minidregg.Assurance.SemanticHistoryBcsClaimProjection.semanticBcsReduction_source_iff`:
  [DecidableEq F]
consider restructuring your `variable` declarations so that the variables are not in scope or explicitly omit them:
  omit [DecidableEq F] in theorem ...

Note: This linter can be disabled with `set_option linter.unusedSectionVars false`
warning: Assurance/SemanticHistoryBcsClaimProjection.lean:402:0: automatically included section variable(s) unused in theorem `Minidregg.Assurance.SemanticHistoryBcsClaimProjection.semanticBcsReduction_target_iff`:
  [DecidableEq F]
consider restructuring your `variable` declarations so that the variables are not in scope or explicitly omit them:
  omit [DecidableEq F] in theorem ...

Note: This linter can be disabled with `set_option linter.unusedSectionVars false`
info: Assurance/SemanticHistoryBcsClaimProjection.lean:424:0: 'Minidregg.Assurance.SemanticHistoryBcsClaimProjection.reindexClaim_satisfies_iff' depends on axioms: [propext,
 Classical.choice,
 Quot.sound]
info: Assurance/SemanticHistoryBcsClaimProjection.lean:425:0: 'Minidregg.Assurance.SemanticHistoryBcsClaimProjection.reindexClaim_foldClaims' depends on axioms: [propext,
 Classical.choice,
 Quot.sound]
info: Assurance/SemanticHistoryBcsClaimProjection.lean:426:0: 'Minidregg.Assurance.SemanticHistoryBcsClaimProjection.reindexClaim_aggregate' depends on axioms: [propext,
 Classical.choice,
 Quot.sound]
info: Assurance/SemanticHistoryBcsClaimProjection.lean:427:0: 'Minidregg.Assurance.SemanticHistoryBcsClaimProjection.reindexWord_foldWords' depends on axioms: [propext,
 Classical.choice,
 Quot.sound]
info: Assurance/SemanticHistoryBcsClaimProjection.lean:428:0: 'Minidregg.Assurance.SemanticHistoryBcsClaimProjection.reindexedSourceRelation_iff' depends on axioms: [propext,
 Classical.choice,
 Quot.sound]
info: Assurance/SemanticHistoryBcsClaimProjection.lean:429:0: 'Minidregg.Assurance.SemanticHistoryBcsClaimProjection.reindexedTargetRelation_iff' depends on axioms: [propext,
 Classical.choice,
 Quot.sound]
info: Assurance/SemanticHistoryBcsClaimProjection.lean:430:0: 'Minidregg.Assurance.SemanticHistoryBcsClaimProjection.reindexHistoryHead_satisfies' depends on axioms: [propext,
 Classical.choice,
 Quot.sound]
info: Assurance/SemanticHistoryBcsClaimProjection.lean:431:0: 'Minidregg.Assurance.SemanticHistoryBcsClaimProjection.semanticBcsReduction_source_iff' depends on axioms: [propext,
 Classical.choice,
 Quot.sound]
info: Assurance/SemanticHistoryBcsClaimProjection.lean:432:0: 'Minidregg.Assurance.SemanticHistoryBcsClaimProjection.semanticBcsReduction_target_iff' depends on axioms: [propext,
 Classical.choice,
 Quot.sound]
⚠ [8710/8729] Built Assurance.SemanticHistoryBcsGame (9.3s)
warning: Assurance/SemanticHistoryBcsGame.lean:137:0: automatically included section variable(s) unused in theorem `Minidregg.Assurance.SemanticHistoryBcsGame.traceLinkChain_length`:
  [Fintype F]
consider restructuring your `variable` declarations so that the variables are not in scope or explicitly omit them:
  omit [Fintype F] in theorem ...

Note: This linter can be disabled with `set_option linter.unusedSectionVars false`
warning: Assurance/SemanticHistoryBcsGame.lean:153:0: automatically included section variable(s) unused in theorem `Minidregg.Assurance.SemanticHistoryBcsGame.traceLinkWords_length`:
  [Fintype F]
consider restructuring your `variable` declarations so that the variables are not in scope or explicitly omit them:
  omit [Fintype F] in theorem ...

Note: This linter can be disabled with `set_option linter.unusedSectionVars false`
warning: Assurance/SemanticHistoryBcsGame.lean:171:0: automatically included section variable(s) unused in theorem `Minidregg.Assurance.SemanticHistoryBcsGame.traceLinkWords_eq_ofFn`:
  [Fintype F]
consider restructuring your `variable` declarations so that the variables are not in scope or explicitly omit them:
  omit [Fintype F] in theorem ...

Note: This linter can be disabled with `set_option linter.unusedSectionVars false`
warning: Assurance/SemanticHistoryBcsGame.lean:270:0: automatically included section variable(s) unused in theorem `Minidregg.Assurance.SemanticHistoryBcsGame.traceGenesis_weights`:
  [Fintype F]
consider restructuring your `variable` declarations so that the variables are not in scope or explicitly omit them:
  omit [Fintype F] in theorem ...

Note: This linter can be disabled with `set_option linter.unusedSectionVars false`
warning: Assurance/SemanticHistoryBcsGame.lean:289:0: automatically included section variable(s) unused in theorem `Minidregg.Assurance.SemanticHistoryBcsGame.traceLinkWord_mem`:
  [Fintype F]
consider restructuring your `variable` declarations so that the variables are not in scope or explicitly omit them:
  omit [Fintype F] in theorem ...

Note: This linter can be disabled with `set_option linter.unusedSectionVars false`
info: Assurance/SemanticHistoryBcsGame.lean:869:0: 'Minidregg.Assurance.SemanticHistoryBcsGame.traceAggregate_eq_accumulator' depends on axioms: [propext,
 Classical.choice,
 Quot.sound]
info: Assurance/SemanticHistoryBcsGame.lean:870:0: 'Minidregg.Assurance.SemanticHistoryBcsGame.traceSource_aligned' depends on axioms: [propext,
 Classical.choice,
 Quot.sound]
info: Assurance/SemanticHistoryBcsGame.lean:871:0: 'Minidregg.Assurance.SemanticHistoryBcsGame.HistoryBcsOpenings.bcsRounds_exact' depends on axioms: [propext,
 Classical.choice,
 Quot.sound]
info: Assurance/SemanticHistoryBcsGame.lean:872:0: 'Minidregg.Assurance.SemanticHistoryBcsGame.historyBcsReduction_source' depends on axioms: [propext,
 Classical.choice,
 Quot.sound]
info: Assurance/SemanticHistoryBcsGame.lean:873:0: 'Minidregg.Loom.accRbrKnowledgeSoundBcs' depends on axioms: [propext, Classical.choice, Quot.sound]
info: Assurance/SemanticHistoryBcsGame.lean:874:0: 'Minidregg.Loom.accFsSound_bcs' depends on axioms: [propext, Classical.choice, Quot.sound]
info: Assurance/SemanticHistoryBcsGame.lean:875:0: 'Minidregg.Assurance.SemanticHistoryBcsGame.historyBcsBad_le_price' depends on axioms: [propext,
 Classical.choice,
 Quot.sound]
ℹ [8711/8729] Built Compiler.Sp800185Cshake256 (291s)
info: Compiler/Sp800185Cshake256.lean:479:0: 'Minidregg.Compiler.Sp800185Cshake256.digestCodec' depends on axioms: [propext, Classical.choice, Quot.sound]
info: Compiler/Sp800185Cshake256.lean:480:0: 'Minidregg.Compiler.Sp800185Cshake256.cshake256Bytes_length' depends on axioms: [propext, Classical.choice, Quot.sound]
info: Compiler/Sp800185Cshake256.lean:481:0: 'Minidregg.Compiler.Sp800185Cshake256.hash_digest_lt' depends on axioms: [propext, Classical.choice, Quot.sound]
info: Compiler/Sp800185Cshake256.lean:482:0: 'Minidregg.Compiler.Sp800185Cshake256.hash_digest_lt_two_pow_256' depends on axioms: [propext,
 Classical.choice,
 Quot.sound]
info: Compiler/Sp800185Cshake256.lean:483:0: 'Minidregg.Compiler.Sp800185Cshake256.checkedXofCall_reply_bytes_exact' depends on axioms: [propext,
 Classical.choice,
 Quot.sound]
info: Compiler/Sp800185Cshake256.lean:484:0: 'Minidregg.Compiler.Sp800185Cshake256.checkedXofCall_reply_width' depends on axioms: [propext,
 Classical.choice,
 Quot.sound]
ℹ [8712/8729] Built Compiler.Tower256ConcreteBackend (3.7s)
info: Compiler/Tower256ConcreteBackend.lean:512:0: 'Minidregg.Compiler.Tower256ConcreteBackend.StreamCodec.decodeNatPrefix_encode' depends on axioms: [propext,
 Classical.choice,
 Quot.sound]
info: Compiler/Tower256ConcreteBackend.lean:513:0: 'Minidregg.Compiler.Tower256ConcreteBackend.merklePathCodec' depends on axioms: [propext, Classical.choice, Quot.sound]
info: Compiler/Tower256ConcreteBackend.lean:514:0: 'Minidregg.Compiler.Tower256ConcreteBackend.globalFrameCodec' depends on axioms: [propext, Classical.choice, Quot.sound]
info: Compiler/Tower256ConcreteBackend.lean:515:0: 'Minidregg.Compiler.Tower256ConcreteBackend.globalDrawLabelCodec' depends on axioms: [propext,
 Classical.choice,
 Quot.sound]
info: Compiler/Tower256ConcreteBackend.lean:516:0: 'Minidregg.Compiler.Tower256ConcreteBackend.towerExact' depends on axioms: [propext, Classical.choice, Quot.sound]
info: Compiler/Tower256ConcreteBackend.lean:517:0: 'Minidregg.Compiler.Tower256ConcreteBackend.cshakeExact' depends on axioms: [propext, Classical.choice, Quot.sound]
info: Compiler/Tower256ConcreteBackend.lean:518:0: 'Minidregg.Compiler.Tower256ConcreteBackend.customizationDomains_nodup' depends on axioms: [propext]
info: Compiler/Tower256ConcreteBackend.lean:519:0: 'Minidregg.Compiler.Tower256ConcreteBackend.cshakeOutputExact' depends on axioms: [propext,
 Classical.choice,
 Quot.sound]
ℹ [8713/8729] Built Compiler.ComposableDeploymentManifest (5.9s)
info: Compiler/ComposableDeploymentManifest.lean:499:0: 'Minidregg.Compiler.ComposableDeploymentManifest.arithmeticRegistry_wellFormed' depends on axioms: [propext,
 Classical.choice,
 Quot.sound]
info: Compiler/ComposableDeploymentManifest.lean:500:0: 'Minidregg.Compiler.ComposableDeploymentManifest.arithmeticNativeCatalog_wellFormed' depends on axioms: [propext,
 Quot.sound]
info: Compiler/ComposableDeploymentManifest.lean:501:0: 'Minidregg.Compiler.ComposableDeploymentManifest.arithmetic_controller_exact' depends on axioms: [propext,
 Classical.choice,
 Quot.sound]
info: Compiler/ComposableDeploymentManifest.lean:502:0: 'Minidregg.Compiler.ComposableDeploymentManifest.arithmetic_certified_accepts' depends on axioms: [propext,
 Classical.choice,
 Quot.sound]
info: Compiler/ComposableDeploymentManifest.lean:503:0: 'Minidregg.Compiler.ComposableDeploymentManifest.tower256_backend_pins_exact' depends on axioms: [propext,
 Classical.choice,
 Quot.sound]
info: Compiler/ComposableDeploymentManifest.lean:504:0: 'Minidregg.Compiler.ComposableDeploymentManifest.tower256Logup_absent_from_deployment' depends on axioms: [propext,
 Classical.choice,
 Quot.sound]
⚠ [8714/8729] Built Compiler.Tower256AdditiveFriController (6.0s)
warning: Compiler/Tower256AdditiveFriController.lean:359:8: unused variable `returned`

Note: This linter can be disabled with `set_option linter.unusedVariables false`
info: Compiler/Tower256AdditiveFriController.lean:417:0: 'Minidregg.Compiler.Tower256AdditiveFriController.MerklePcs.valueCodecExact' depends on axioms: [propext,
 Classical.choice,
 Quot.sound]
info: Compiler/Tower256AdditiveFriController.lean:418:0: 'Minidregg.Compiler.Tower256AdditiveFriController.challengeInput_eq_of_samePrefix' depends on axioms: [propext,
 Classical.choice,
 Quot.sound]
info: Compiler/Tower256AdditiveFriController.lean:419:0: 'Minidregg.Compiler.Tower256AdditiveFriController.accepts_additiveFriAdaptiveCoherentAccepts' depends on axioms: [propext,
 Classical.choice,
 Quot.sound]
info: Compiler/Tower256AdditiveFriController.lean:420:0: 'Minidregg.Compiler.Tower256AdditiveFriController.run_success_integrity' depends on axioms: [propext,
 Classical.choice,
 Quot.sound]
ℹ [8715/8729] Built Compiler.Ext6GateProofController (6.1s)
info: Compiler/Ext6GateProofController.lean:424:0: 'Minidregg.Compiler.Ext6GateProofController.run_success_integrity' depends on axioms: [propext,
 Classical.choice,
 Quot.sound]
info: Compiler/Ext6GateProofController.lean:425:0: 'Minidregg.Compiler.Ext6GateProofController.roundInput_eq_of_same_current' depends on axioms: [propext,
 Classical.choice,
 Quot.sound]
info: Compiler/Ext6GateProofController.lean:426:0: 'Minidregg.Compiler.Ext6GateProofController.canonicalStatementPreimage_components_injective' depends on axioms: [propext,
 Classical.choice,
 Quot.sound]
ℹ [8716/8729] Built Compiler.NoteSpendProofController (6.1s)
info: Compiler/NoteSpendProofController.lean:266:0: 'Minidregg.Compiler.NoteSpendProofController.check_iff' depends on axioms: [propext, Classical.choice, Quot.sound]
info: Compiler/NoteSpendProofController.lean:267:0: 'Minidregg.Compiler.NoteSpendProofController.run_success_integrity' depends on axioms: [propext,
 Classical.choice,
 Quot.sound]
info: Compiler/NoteSpendProofController.lean:268:0: 'Minidregg.Compiler.NoteSpendProofController.derivedChallenge_independent_of_proofBytes' depends on axioms: [propext,
 Classical.choice,
 Quot.sound]
info: Compiler/NoteSpendProofController.lean:269:0: 'Minidregg.Compiler.NoteSpendProofController.canonicalStatement_exact' depends on axioms: [propext,
 Classical.choice,
 Quot.sound]
⚠ [8717/8729] Built Compiler.Tower256LogupClauseDispatch (6.4s)
warning: Compiler/Tower256LogupClauseDispatch.lean:223:5: unused variable `countExact`

Note: This linter can be disabled with `set_option linter.unusedVariables false`
warning: Compiler/Tower256LogupClauseDispatch.lean:224:7: unused variable `unique`

Note: This linter can be disabled with `set_option linter.unusedVariables false`
info: Compiler/Tower256LogupClauseDispatch.lean:364:0: 'Minidregg.Compiler.Tower256LogupClauseDispatch.dispatchInputCodec' depends on axioms: [propext,
 Classical.choice,
 Quot.sound]
info: Compiler/Tower256LogupClauseDispatch.lean:365:0: 'Minidregg.Compiler.Tower256LogupClauseDispatch.dispatchQueryCodec' depends on axioms: [propext,
 Classical.choice,
 Quot.sound]
info: Compiler/Tower256LogupClauseDispatch.lean:366:0: 'Minidregg.Compiler.Tower256LogupClauseDispatch.dispatchReplyCodec' depends on axioms: [propext,
 Classical.choice,
 Quot.sound]
info: Compiler/Tower256LogupClauseDispatch.lean:367:0: 'Minidregg.Compiler.Tower256LogupClauseDispatch.wrong_reply_count_blocks' depends on axioms: [propext,
 Classical.choice,
 Quot.sound]
info: Compiler/Tower256LogupClauseDispatch.lean:368:0: 'Minidregg.Compiler.Tower256LogupClauseDispatch.duplicate_reply_slot_blocks' depends on axioms: [propext,
 Classical.choice,
 Quot.sound]
info: Compiler/Tower256LogupClauseDispatch.lean:369:0: 'Minidregg.Compiler.Tower256LogupClauseDispatch.verifiedExecutionOfReply' depends on axioms: [propext,
 Classical.choice,
 Quot.sound]
info: Compiler/Tower256LogupClauseDispatch.lean:370:0: 'Minidregg.Compiler.Tower256LogupClauseDispatch.gatedRegistry_wellFormed' depends on axioms: [propext,
 Classical.choice,
 Quot.sound]
info: Compiler/Tower256LogupClauseDispatch.lean:371:0: 'Minidregg.Compiler.Tower256LogupClauseDispatch.resolved_controller_exact' depends on axioms: [propext,
 Classical.choice,
 Quot.sound]
info: Compiler/Tower256LogupClauseDispatch.lean:372:0: 'Minidregg.Compiler.Tower256LogupClauseDispatch.clause404_still_absent_from_base' does not depend on any axioms
ℹ [8718/8729] Built Assurance.Tower256AdditiveFriControllerAdmission (4.7s)
info: Assurance/Tower256AdditiveFriControllerAdmission.lean:231:0: 'Minidregg.Assurance.Tower256AdditiveFriControllerAdmission.CommonCoinAdmission.acceptedSample' depends on axioms: [propext,
 Classical.choice,
 Quot.sound]
info: Assurance/Tower256AdditiveFriControllerAdmission.lean:232:0: 'Minidregg.Assurance.Tower256AdditiveFriControllerAdmission.CommonGameFamily.falseAccept_bad' depends on axioms: [propext,
 Classical.choice,
 Quot.sound]
info: Assurance/Tower256AdditiveFriControllerAdmission.lean:233:0: 'Minidregg.Assurance.Tower256AdditiveFriControllerAdmission.CommonGameFamily.falseAccept_le' depends on axioms: [propext,
 Classical.choice,
 Quot.sound]
ℹ [8719/8729] Built Assurance.NoteSpendProofControllerAdmission (4.0s)
info: Assurance/NoteSpendProofControllerAdmission.lean:347:0: 'Minidregg.Assurance.NoteSpendProofControllerAdmission.CoreJoin.statementOf_exact' depends on axioms: [propext,
 Classical.choice,
 Quot.sound]
info: Assurance/NoteSpendProofControllerAdmission.lean:348:0: 'Minidregg.Assurance.NoteSpendProofControllerAdmission.RelationWitness.validSpend' depends on axioms: [propext,
 Classical.choice,
 Quot.sound]
info: Assurance/NoteSpendProofControllerAdmission.lean:349:0: 'Minidregg.Assurance.NoteSpendProofControllerAdmission.FailureLedger.soundnessBad_le' depends on axioms: [propext,
 Classical.choice,
 Quot.sound]
info: Assurance/NoteSpendProofControllerAdmission.lean:350:0: 'Minidregg.Assurance.NoteSpendProofControllerAdmission.CommonGameFamily.falseAccept_le' depends on axioms: [propext,
 Classical.choice,
 Quot.sound]
info: Assurance/NoteSpendProofControllerAdmission.lean:351:0: 'Minidregg.Assurance.NoteSpendProofControllerAdmission.CommonGameFamily.hidingFailure_le' depends on axioms: [propext,
 Classical.choice,
 Quot.sound]
info: Assurance/NoteSpendProofControllerAdmission.lean:352:0: 'Minidregg.Assurance.NoteSpendProofControllerAdmission.CommonGameFamily.validSpend_of_not_soundnessBad' depends on axioms: [propext,
 Classical.choice,
 Quot.sound]
ℹ [8720/8729] Built Assurance.Ext6GateProofControllerAdmission (5.1s)
info: Assurance/Ext6GateProofControllerAdmission.lean:303:0: 'Minidregg.Assurance.Ext6GateProofControllerAdmission.Ext6FailureLedger.bad_le_total' depends on axioms: [propext,
 Classical.choice,
 Quot.sound]
info: Assurance/Ext6GateProofControllerAdmission.lean:304:0: 'Minidregg.Assurance.Ext6GateProofControllerAdmission.ReductionLaws.semantic_of_not_bad' depends on axioms: [propext,
 Classical.choice,
 Quot.sound]
info: Assurance/Ext6GateProofControllerAdmission.lean:305:0: 'Minidregg.Assurance.Ext6GateProofControllerAdmission.GameFamily.falseAccept_bad' depends on axioms: [propext,
 Classical.choice,
 Quot.sound]
info: Assurance/Ext6GateProofControllerAdmission.lean:306:0: 'Minidregg.Assurance.Ext6GateProofControllerAdmission.GameFamily.falseAccept_le' depends on axioms: [propext,
 Classical.choice,
 Quot.sound]
⚠ [8721/8729] Built Compiler.ArithmeticNativeDeployment (6.0s)
warning: Compiler/ArithmeticNativeDeployment.lean:92:19: try 'simp' instead of 'simpa'

Note: This linter can be disabled with `set_option linter.unnecessarySimpa false`
info: Compiler/ArithmeticNativeDeployment.lean:333:0: 'Minidregg.Compiler.ArithmeticNativeDeployment.honestResponse_accepts' depends on axioms: [propext,
 Classical.choice,
 Quot.sound]
info: Compiler/ArithmeticNativeDeployment.lean:334:0: 'Minidregg.Compiler.ArithmeticNativeDeployment.emitted_candidate_exact' depends on axioms: [propext,
 Classical.choice,
 Quot.sound]
info: Compiler/ArithmeticNativeDeployment.lean:335:0: 'Minidregg.Compiler.ArithmeticNativeDeployment.artifact_contains_exact_native_surface' depends on axioms: [propext,
 Classical.choice,
 Quot.sound]
info: Compiler/ArithmeticNativeDeployment.lean:336:0: 'Minidregg.Compiler.ArithmeticNativeDeployment.artifact_nativeCatalogWellFormed' depends on axioms: [propext,
 Classical.choice,
 Quot.sound]
info: Compiler/ArithmeticNativeDeployment.lean:337:0: 'Minidregg.Compiler.ArithmeticNativeDeployment.registry_wellFormed' depends on axioms: [propext,
 Classical.choice,
 Quot.sound]
info: Compiler/ArithmeticNativeDeployment.lean:338:0: 'Minidregg.Compiler.ArithmeticNativeDeployment.resolved_controller_exact' depends on axioms: [propext,
 Classical.choice,
 Quot.sound]
info: Compiler/ArithmeticNativeDeployment.lean:339:0: 'Minidregg.Compiler.ArithmeticNativeDeployment.honest_bytes_certified' depends on axioms: [propext,
 Classical.choice,
 Quot.sound]
info: Compiler/ArithmeticNativeDeployment.lean:340:0: 'Minidregg.Compiler.ArithmeticNativeDeployment.malformed_bytes_cannot_certify' depends on axioms: [propext,
 Classical.choice,
 Quot.sound]
info: Compiler/ArithmeticNativeDeployment.lean:341:0: 'Minidregg.Compiler.ArithmeticNativeDeployment.native_error_blocks' depends on axioms: [propext,
 Classical.choice,
 Quot.sound]
ℹ [8722/8729] Built Assurance.ExtensibleProofCompositionGame (4.6s)
info: Assurance/ExtensibleProofCompositionGame.lean:437:0: 'Minidregg.Assurance.ExtensibleProofCompositionGame.IndexedFailureLedger.bad_le_total' depends on axioms: [propext,
 Classical.choice,
 Quot.sound]
info: Assurance/ExtensibleProofCompositionGame.lean:438:0: 'Minidregg.Assurance.ExtensibleProofCompositionGame.Ext6GlobalLedger.bad_le_total' depends on axioms: [propext,
 Classical.choice,
 Quot.sound]
info: Assurance/ExtensibleProofCompositionGame.lean:439:0: 'Minidregg.Assurance.ExtensibleProofCompositionGame.Ext6Instantiation.falseAccept_globalBad' depends on axioms: [propext,
 Classical.choice,
 Quot.sound]
info: Assurance/ExtensibleProofCompositionGame.lean:440:0: 'Minidregg.Assurance.ExtensibleProofCompositionGame.Ext6Instantiation.falseAccept_le_globalTotal' depends on axioms: [propext,
 Classical.choice,
 Quot.sound]
info: Assurance/ExtensibleProofCompositionGame.lean:441:0: 'Minidregg.Assurance.ExtensibleProofCompositionGame.Ext6Instantiation.semantic_of_global_not_bad' depends on axioms: [propext,
 Classical.choice,
 Quot.sound]
ℹ [8723/8729] Built Assurance.Tower256AdditiveFriActualReduction (5.1s)
info: Assurance/Tower256AdditiveFriActualReduction.lean:332:0: 'Minidregg.Assurance.Tower256AdditiveFriActualReduction.additiveProximityFailure' depends on axioms: [propext,
 Classical.choice,
 Quot.sound]
info: Assurance/Tower256AdditiveFriActualReduction.lean:333:0: 'Minidregg.Assurance.Tower256AdditiveFriActualReduction.acceptedIdealCoin_accepts' depends on axioms: [propext,
 Classical.choice,
 Quot.sound]
info: Assurance/Tower256AdditiveFriActualReduction.lean:334:0: 'Minidregg.Assurance.Tower256AdditiveFriActualReduction.acceptedFinalReedSolomon' depends on axioms: [propext,
 Classical.choice,
 Quot.sound]
info: Assurance/Tower256AdditiveFriActualReduction.lean:335:0: 'Minidregg.Assurance.Tower256AdditiveFriActualReduction.concreteLevelPositionBinding' depends on axioms: [propext,
 Classical.choice,
 Quot.sound]
info: Assurance/Tower256AdditiveFriActualReduction.lean:336:0: 'Minidregg.Assurance.Tower256AdditiveFriActualReduction.ActualReductionFamily.schedule_challenges_eq_receipt' depends on axioms: [propext,
 Classical.choice,
 Quot.sound]
info: Assurance/Tower256AdditiveFriActualReduction.lean:337:0: 'Minidregg.Assurance.Tower256AdditiveFriActualReduction.ActualReductionFamily.falseAccept_three_event_cover' depends on axioms: [propext,
 Classical.choice,
 Quot.sound]
info: Assurance/Tower256AdditiveFriActualReduction.lean:338:0: 'Minidregg.Assurance.Tower256AdditiveFriActualReduction.ActualReductionFamily.falseAccept_le' depends on axioms: [propext,
 Classical.choice,
 Quot.sound]
✔ [8724/8729] Built Compiler (4.2s)
ℹ [8726/8729] Built Assurance.SemanticHistoryTower256CheckpointGame (7.3s)
info: Assurance/SemanticHistoryTower256CheckpointGame.lean:410:0: 'Minidregg.Assurance.SemanticHistoryTower256CheckpointGame.JointGameFamily.falseAccept_bad' depends on axioms: [propext,
 Classical.choice,
 Quot.sound]
info: Assurance/SemanticHistoryTower256CheckpointGame.lean:411:0: 'Minidregg.Assurance.SemanticHistoryTower256CheckpointGame.JointGameFamily.bad_le_price' depends on axioms: [propext,
 Classical.choice,
 Quot.sound]
info: Assurance/SemanticHistoryTower256CheckpointGame.lean:412:0: 'Minidregg.Assurance.SemanticHistoryTower256CheckpointGame.JointGameFamily.falseAccept_le' depends on axioms: [propext,
 Classical.choice,
 Quot.sound]
info: Assurance/SemanticHistoryTower256CheckpointGame.lean:413:0: 'Minidregg.Assurance.SemanticHistoryTower256CheckpointGame.JointGameFamily.terminalRoot_eq_receiptInitial' depends on axioms: [propext,
 Classical.choice,
 Quot.sound]
info: Assurance/SemanticHistoryTower256CheckpointGame.lean:414:0: 'Minidregg.Assurance.SemanticHistoryTower256CheckpointGame.JointGameFamily.sharedInitialRoots_exact' depends on axioms: [propext,
 Classical.choice,
 Quot.sound]
info: Assurance/SemanticHistoryTower256CheckpointGame.lean:415:0: 'Minidregg.Assurance.SemanticHistoryTower256CheckpointGame.JointGameFamily.idealHistoryFiatShamir' depends on axioms: [propext,
 Classical.choice,
 Quot.sound]
info: Assurance/SemanticHistoryTower256CheckpointGame.lean:416:0: 'Minidregg.Assurance.SemanticHistoryTower256CheckpointGame.JointGameFamily.acceptedOfNotBad' depends on axioms: [propext,
 Classical.choice,
 Quot.sound]
ℹ [8727/8729] Built Assurance.SemanticHistoryTower256DeployedBcs (5.4s)
info: Assurance/SemanticHistoryTower256DeployedBcs.lean:316:0: 'Minidregg.Assurance.SemanticHistoryTower256DeployedBcs.NativeHistoryRun.falseAccept_le' depends on axioms: [propext,
 Classical.choice,
 Quot.sound]
info: Assurance/SemanticHistoryTower256DeployedBcs.lean:317:0: 'Minidregg.Assurance.SemanticHistoryTower256DeployedBcs.CommonCoinHistoryRun.falseAccept_le_of_uniform' depends on axioms: [propext,
 Classical.choice,
 Quot.sound]
info: Assurance/SemanticHistoryTower256DeployedBcs.lean:318:0: 'Minidregg.Assurance.SemanticHistoryTower256DeployedBcs.PcsCrRomReduction.falseAccept_cover' depends on axioms: [propext,
 Classical.choice,
 Quot.sound]
info: Assurance/SemanticHistoryTower256DeployedBcs.lean:319:0: 'Minidregg.Assurance.SemanticHistoryTower256DeployedBcs.PcsCrRomReduction.impossible_of_falseAccept_and_threeGood' depends on axioms: [propext,
 Classical.choice,
 Quot.sound]
info: Assurance/SemanticHistoryTower256DeployedBcs.lean:320:0: 'Minidregg.Assurance.SemanticHistoryTower256DeployedBcs.CommonCoinHistoryRun.jointFalseAccept_bad' depends on axioms: [propext,
 Classical.choice,
 Quot.sound]
info: Assurance/SemanticHistoryTower256DeployedBcs.lean:321:0: 'Minidregg.Assurance.SemanticHistoryTower256DeployedBcs.CommonCoinHistoryRun.jointFalseAccept_le' depends on axioms: [propext,
 Classical.choice,
 Quot.sound]
✔ [8728/8729] Built Assurance (3.1s)
Build completed successfully (8729 jobs).
command_exit=0
source_integrity_exit=0
