Aesop	.lake/packages/aesop/.lake/build/ir/Aesop.c.o.export
Aesop.BaseM	.lake/packages/aesop/.lake/build/ir/Aesop/BaseM.c.o.export
Aesop.Builder.Apply	.lake/packages/aesop/.lake/build/ir/Aesop/Builder/Apply.c.o.export
Aesop.Builder.Basic	.lake/packages/aesop/.lake/build/ir/Aesop/Builder/Basic.c.o.export
Aesop.Builder.Cases	.lake/packages/aesop/.lake/build/ir/Aesop/Builder/Cases.c.o.export
Aesop.Builder.Constructors	.lake/packages/aesop/.lake/build/ir/Aesop/Builder/Constructors.c.o.export
Aesop.Builder.Default	.lake/packages/aesop/.lake/build/ir/Aesop/Builder/Default.c.o.export
Aesop.Builder.Forward	.lake/packages/aesop/.lake/build/ir/Aesop/Builder/Forward.c.o.export
Aesop.Builder.NormSimp	.lake/packages/aesop/.lake/build/ir/Aesop/Builder/NormSimp.c.o.export
Aesop.Builder.Tactic	.lake/packages/aesop/.lake/build/ir/Aesop/Builder/Tactic.c.o.export
Aesop.Builder.Unfold	.lake/packages/aesop/.lake/build/ir/Aesop/Builder/Unfold.c.o.export
Aesop.BuiltinRules	.lake/packages/aesop/.lake/build/ir/Aesop/BuiltinRules.c.o.export
Aesop.BuiltinRules.ApplyHyps	.lake/packages/aesop/.lake/build/ir/Aesop/BuiltinRules/ApplyHyps.c.o.export
Aesop.BuiltinRules.Assumption	.lake/packages/aesop/.lake/build/ir/Aesop/BuiltinRules/Assumption.c.o.export
Aesop.BuiltinRules.DestructProducts	.lake/packages/aesop/.lake/build/ir/Aesop/BuiltinRules/DestructProducts.c.o.export
Aesop.BuiltinRules.Ext	.lake/packages/aesop/.lake/build/ir/Aesop/BuiltinRules/Ext.c.o.export
Aesop.BuiltinRules.Intros	.lake/packages/aesop/.lake/build/ir/Aesop/BuiltinRules/Intros.c.o.export
Aesop.BuiltinRules.Rfl	.lake/packages/aesop/.lake/build/ir/Aesop/BuiltinRules/Rfl.c.o.export
Aesop.BuiltinRules.Split	.lake/packages/aesop/.lake/build/ir/Aesop/BuiltinRules/Split.c.o.export
Aesop.BuiltinRules.Subst	.lake/packages/aesop/.lake/build/ir/Aesop/BuiltinRules/Subst.c.o.export
Aesop.Check	.lake/packages/aesop/.lake/build/ir/Aesop/Check.c.o.export
Aesop.Constants	.lake/packages/aesop/.lake/build/ir/Aesop/Constants.c.o.export
Aesop.EMap	.lake/packages/aesop/.lake/build/ir/Aesop/EMap.c.o.export
Aesop.ElabM	.lake/packages/aesop/.lake/build/ir/Aesop/ElabM.c.o.export
Aesop.Exception	.lake/packages/aesop/.lake/build/ir/Aesop/Exception.c.o.export
Aesop.Forward.LevelIndex	.lake/packages/aesop/.lake/build/ir/Aesop/Forward/LevelIndex.c.o.export
Aesop.Forward.Match	.lake/packages/aesop/.lake/build/ir/Aesop/Forward/Match.c.o.export
Aesop.Forward.Match.Types	.lake/packages/aesop/.lake/build/ir/Aesop/Forward/Match/Types.c.o.export
Aesop.Forward.PremiseIndex	.lake/packages/aesop/.lake/build/ir/Aesop/Forward/PremiseIndex.c.o.export
Aesop.Forward.RuleInfo	.lake/packages/aesop/.lake/build/ir/Aesop/Forward/RuleInfo.c.o.export
Aesop.Forward.SlotIndex	.lake/packages/aesop/.lake/build/ir/Aesop/Forward/SlotIndex.c.o.export
Aesop.Forward.State	.lake/packages/aesop/.lake/build/ir/Aesop/Forward/State.c.o.export
Aesop.Forward.State.ApplyGoalDiff	.lake/packages/aesop/.lake/build/ir/Aesop/Forward/State/ApplyGoalDiff.c.o.export
Aesop.Forward.State.Initial	.lake/packages/aesop/.lake/build/ir/Aesop/Forward/State/Initial.c.o.export
Aesop.Forward.State.UpdateGoal	.lake/packages/aesop/.lake/build/ir/Aesop/Forward/State/UpdateGoal.c.o.export
Aesop.Forward.Substitution	.lake/packages/aesop/.lake/build/ir/Aesop/Forward/Substitution.c.o.export
Aesop.Frontend	.lake/packages/aesop/.lake/build/ir/Aesop/Frontend.c.o.export
Aesop.Frontend.Attribute	.lake/packages/aesop/.lake/build/ir/Aesop/Frontend/Attribute.c.o.export
Aesop.Frontend.Basic	.lake/packages/aesop/.lake/build/ir/Aesop/Frontend/Basic.c.o.export
Aesop.Frontend.Command	.lake/packages/aesop/.lake/build/ir/Aesop/Frontend/Command.c.o.export
Aesop.Frontend.Extension	.lake/packages/aesop/.lake/build/ir/Aesop/Frontend/Extension.c.o.export
Aesop.Frontend.Extension.Init	.lake/packages/aesop/.lake/build/ir/Aesop/Frontend/Extension/Init.c.o.export
Aesop.Frontend.RuleExpr	.lake/packages/aesop/.lake/build/ir/Aesop/Frontend/RuleExpr.c.o.export
Aesop.Frontend.Saturate	.lake/packages/aesop/.lake/build/ir/Aesop/Frontend/Saturate.c.o.export
Aesop.Frontend.Tactic	.lake/packages/aesop/.lake/build/ir/Aesop/Frontend/Tactic.c.o.export
Aesop.Index	.lake/packages/aesop/.lake/build/ir/Aesop/Index.c.o.export
Aesop.Index.Basic	.lake/packages/aesop/.lake/build/ir/Aesop/Index/Basic.c.o.export
Aesop.Index.DiscrTreeConfig	.lake/packages/aesop/.lake/build/ir/Aesop/Index/DiscrTreeConfig.c.o.export
Aesop.Index.Forward	.lake/packages/aesop/.lake/build/ir/Aesop/Index/Forward.c.o.export
Aesop.Index.RulePattern	.lake/packages/aesop/.lake/build/ir/Aesop/Index/RulePattern.c.o.export
Aesop.Main	.lake/packages/aesop/.lake/build/ir/Aesop/Main.c.o.export
Aesop.Nanos	.lake/packages/aesop/.lake/build/ir/Aesop/Nanos.c.o.export
Aesop.Options	.lake/packages/aesop/.lake/build/ir/Aesop/Options.c.o.export
Aesop.Options.Internal	.lake/packages/aesop/.lake/build/ir/Aesop/Options/Internal.c.o.export
Aesop.Options.Public	.lake/packages/aesop/.lake/build/ir/Aesop/Options/Public.c.o.export
Aesop.Percent	.lake/packages/aesop/.lake/build/ir/Aesop/Percent.c.o.export
Aesop.Rule	.lake/packages/aesop/.lake/build/ir/Aesop/Rule.c.o.export
Aesop.Rule.Basic	.lake/packages/aesop/.lake/build/ir/Aesop/Rule/Basic.c.o.export
Aesop.Rule.Forward	.lake/packages/aesop/.lake/build/ir/Aesop/Rule/Forward.c.o.export
Aesop.Rule.Name	.lake/packages/aesop/.lake/build/ir/Aesop/Rule/Name.c.o.export
Aesop.RulePattern	.lake/packages/aesop/.lake/build/ir/Aesop/RulePattern.c.o.export
Aesop.RulePattern.Cache	.lake/packages/aesop/.lake/build/ir/Aesop/RulePattern/Cache.c.o.export
Aesop.RuleSet	.lake/packages/aesop/.lake/build/ir/Aesop/RuleSet.c.o.export
Aesop.RuleSet.Filter	.lake/packages/aesop/.lake/build/ir/Aesop/RuleSet/Filter.c.o.export
Aesop.RuleSet.Member	.lake/packages/aesop/.lake/build/ir/Aesop/RuleSet/Member.c.o.export
Aesop.RuleSet.Name	.lake/packages/aesop/.lake/build/ir/Aesop/RuleSet/Name.c.o.export
Aesop.RuleTac	.lake/packages/aesop/.lake/build/ir/Aesop/RuleTac.c.o.export
Aesop.RuleTac.Apply	.lake/packages/aesop/.lake/build/ir/Aesop/RuleTac/Apply.c.o.export
Aesop.RuleTac.Basic	.lake/packages/aesop/.lake/build/ir/Aesop/RuleTac/Basic.c.o.export
Aesop.RuleTac.Cases	.lake/packages/aesop/.lake/build/ir/Aesop/RuleTac/Cases.c.o.export
Aesop.RuleTac.Descr	.lake/packages/aesop/.lake/build/ir/Aesop/RuleTac/Descr.c.o.export
Aesop.RuleTac.ElabRuleTerm	.lake/packages/aesop/.lake/build/ir/Aesop/RuleTac/ElabRuleTerm.c.o.export
Aesop.RuleTac.FVarIdSubst	.lake/packages/aesop/.lake/build/ir/Aesop/RuleTac/FVarIdSubst.c.o.export
Aesop.RuleTac.Forward	.lake/packages/aesop/.lake/build/ir/Aesop/RuleTac/Forward.c.o.export
Aesop.RuleTac.Forward.Basic	.lake/packages/aesop/.lake/build/ir/Aesop/RuleTac/Forward/Basic.c.o.export
Aesop.RuleTac.GoalDiff	.lake/packages/aesop/.lake/build/ir/Aesop/RuleTac/GoalDiff.c.o.export
Aesop.RuleTac.Preprocess	.lake/packages/aesop/.lake/build/ir/Aesop/RuleTac/Preprocess.c.o.export
Aesop.RuleTac.RuleTerm	.lake/packages/aesop/.lake/build/ir/Aesop/RuleTac/RuleTerm.c.o.export
Aesop.RuleTac.Tactic	.lake/packages/aesop/.lake/build/ir/Aesop/RuleTac/Tactic.c.o.export
Aesop.Saturate	.lake/packages/aesop/.lake/build/ir/Aesop/Saturate.c.o.export
Aesop.Script.Check	.lake/packages/aesop/.lake/build/ir/Aesop/Script/Check.c.o.export
Aesop.Script.CtorNames	.lake/packages/aesop/.lake/build/ir/Aesop/Script/CtorNames.c.o.export
Aesop.Script.GoalWithMVars	.lake/packages/aesop/.lake/build/ir/Aesop/Script/GoalWithMVars.c.o.export
Aesop.Script.Main	.lake/packages/aesop/.lake/build/ir/Aesop/Script/Main.c.o.export
Aesop.Script.OptimizeSyntax	.lake/packages/aesop/.lake/build/ir/Aesop/Script/OptimizeSyntax.c.o.export
Aesop.Script.SScript	.lake/packages/aesop/.lake/build/ir/Aesop/Script/SScript.c.o.export
Aesop.Script.ScriptM	.lake/packages/aesop/.lake/build/ir/Aesop/Script/ScriptM.c.o.export
Aesop.Script.SpecificTactics	.lake/packages/aesop/.lake/build/ir/Aesop/Script/SpecificTactics.c.o.export
Aesop.Script.Step	.lake/packages/aesop/.lake/build/ir/Aesop/Script/Step.c.o.export
Aesop.Script.StructureDynamic	.lake/packages/aesop/.lake/build/ir/Aesop/Script/StructureDynamic.c.o.export
Aesop.Script.StructureStatic	.lake/packages/aesop/.lake/build/ir/Aesop/Script/StructureStatic.c.o.export
Aesop.Script.Tactic	.lake/packages/aesop/.lake/build/ir/Aesop/Script/Tactic.c.o.export
Aesop.Script.TacticState	.lake/packages/aesop/.lake/build/ir/Aesop/Script/TacticState.c.o.export
Aesop.Script.UScript	.lake/packages/aesop/.lake/build/ir/Aesop/Script/UScript.c.o.export
Aesop.Script.UScriptToSScript	.lake/packages/aesop/.lake/build/ir/Aesop/Script/UScriptToSScript.c.o.export
Aesop.Script.Util	.lake/packages/aesop/.lake/build/ir/Aesop/Script/Util.c.o.export
Aesop.Search.ExpandSafePrefix	.lake/packages/aesop/.lake/build/ir/Aesop/Search/ExpandSafePrefix.c.o.export
Aesop.Search.Expansion	.lake/packages/aesop/.lake/build/ir/Aesop/Search/Expansion.c.o.export
Aesop.Search.Expansion.Basic	.lake/packages/aesop/.lake/build/ir/Aesop/Search/Expansion/Basic.c.o.export
Aesop.Search.Expansion.Norm	.lake/packages/aesop/.lake/build/ir/Aesop/Search/Expansion/Norm.c.o.export
Aesop.Search.Expansion.Simp	.lake/packages/aesop/.lake/build/ir/Aesop/Search/Expansion/Simp.c.o.export
Aesop.Search.Main	.lake/packages/aesop/.lake/build/ir/Aesop/Search/Main.c.o.export
Aesop.Search.Queue	.lake/packages/aesop/.lake/build/ir/Aesop/Search/Queue.c.o.export
Aesop.Search.Queue.Class	.lake/packages/aesop/.lake/build/ir/Aesop/Search/Queue/Class.c.o.export
Aesop.Search.RuleSelection	.lake/packages/aesop/.lake/build/ir/Aesop/Search/RuleSelection.c.o.export
Aesop.Search.SearchM	.lake/packages/aesop/.lake/build/ir/Aesop/Search/SearchM.c.o.export
Aesop.Stats.Basic	.lake/packages/aesop/.lake/build/ir/Aesop/Stats/Basic.c.o.export
Aesop.Stats.Extension	.lake/packages/aesop/.lake/build/ir/Aesop/Stats/Extension.c.o.export
Aesop.Stats.File	.lake/packages/aesop/.lake/build/ir/Aesop/Stats/File.c.o.export
Aesop.Stats.Report	.lake/packages/aesop/.lake/build/ir/Aesop/Stats/Report.c.o.export
Aesop.Tracing	.lake/packages/aesop/.lake/build/ir/Aesop/Tracing.c.o.export
Aesop.Tree	.lake/packages/aesop/.lake/build/ir/Aesop/Tree.c.o.export
Aesop.Tree.AddRapp	.lake/packages/aesop/.lake/build/ir/Aesop/Tree/AddRapp.c.o.export
Aesop.Tree.Check	.lake/packages/aesop/.lake/build/ir/Aesop/Tree/Check.c.o.export
Aesop.Tree.Data	.lake/packages/aesop/.lake/build/ir/Aesop/Tree/Data.c.o.export
Aesop.Tree.Data.ForwardRuleMatches	.lake/packages/aesop/.lake/build/ir/Aesop/Tree/Data/ForwardRuleMatches.c.o.export
Aesop.Tree.ExtractProof	.lake/packages/aesop/.lake/build/ir/Aesop/Tree/ExtractProof.c.o.export
Aesop.Tree.ExtractScript	.lake/packages/aesop/.lake/build/ir/Aesop/Tree/ExtractScript.c.o.export
Aesop.Tree.Free	.lake/packages/aesop/.lake/build/ir/Aesop/Tree/Free.c.o.export
Aesop.Tree.RunMetaM	.lake/packages/aesop/.lake/build/ir/Aesop/Tree/RunMetaM.c.o.export
Aesop.Tree.State	.lake/packages/aesop/.lake/build/ir/Aesop/Tree/State.c.o.export
Aesop.Tree.Stats	.lake/packages/aesop/.lake/build/ir/Aesop/Tree/Stats.c.o.export
Aesop.Tree.Tracing	.lake/packages/aesop/.lake/build/ir/Aesop/Tree/Tracing.c.o.export
Aesop.Tree.Traversal	.lake/packages/aesop/.lake/build/ir/Aesop/Tree/Traversal.c.o.export
Aesop.Tree.TreeM	.lake/packages/aesop/.lake/build/ir/Aesop/Tree/TreeM.c.o.export
Aesop.Tree.UnsafeQueue	.lake/packages/aesop/.lake/build/ir/Aesop/Tree/UnsafeQueue.c.o.export
Aesop.Util.Basic	.lake/packages/aesop/.lake/build/ir/Aesop/Util/Basic.c.o.export
Aesop.Util.EqualUpToIds	.lake/packages/aesop/.lake/build/ir/Aesop/Util/EqualUpToIds.c.o.export
Aesop.Util.OrderedHashSet	.lake/packages/aesop/.lake/build/ir/Aesop/Util/OrderedHashSet.c.o.export
Aesop.Util.Tactic	.lake/packages/aesop/.lake/build/ir/Aesop/Util/Tactic.c.o.export
Aesop.Util.Tactic.Ext	.lake/packages/aesop/.lake/build/ir/Aesop/Util/Tactic/Ext.c.o.export
Aesop.Util.Tactic.Unfold	.lake/packages/aesop/.lake/build/ir/Aesop/Util/Tactic/Unfold.c.o.export
Aesop.Util.Unfold	.lake/packages/aesop/.lake/build/ir/Aesop/Util/Unfold.c.o.export
Aesop.Util.UnionFind	.lake/packages/aesop/.lake/build/ir/Aesop/Util/UnionFind.c.o.export
Aesop.Util.UnorderedArraySet	.lake/packages/aesop/.lake/build/ir/Aesop/Util/UnorderedArraySet.c.o.export
Batteries.Classes.Order	.lake/packages/batteries/.lake/build/ir/Batteries/Classes/Order.c.o.export
Batteries.Classes.RatCast	.lake/packages/batteries/.lake/build/ir/Batteries/Classes/RatCast.c.o.export
Batteries.CodeAction	.lake/packages/batteries/.lake/build/ir/Batteries/CodeAction.c.o.export
Batteries.CodeAction.Attr	.lake/packages/batteries/.lake/build/ir/Batteries/CodeAction/Attr.c.o.export
Batteries.CodeAction.Basic	.lake/packages/batteries/.lake/build/ir/Batteries/CodeAction/Basic.c.o.export
Batteries.CodeAction.Deprecated	.lake/packages/batteries/.lake/build/ir/Batteries/CodeAction/Deprecated.c.o.export
Batteries.CodeAction.Match	.lake/packages/batteries/.lake/build/ir/Batteries/CodeAction/Match.c.o.export
Batteries.CodeAction.Misc	.lake/packages/batteries/.lake/build/ir/Batteries/CodeAction/Misc.c.o.export
Batteries.Control.AlternativeMonad	.lake/packages/batteries/.lake/build/ir/Batteries/Control/AlternativeMonad.c.o.export
Batteries.Control.ForInStep.Basic	.lake/packages/batteries/.lake/build/ir/Batteries/Control/ForInStep/Basic.c.o.export
Batteries.Control.ForInStep.Lemmas	.lake/packages/batteries/.lake/build/ir/Batteries/Control/ForInStep/Lemmas.c.o.export
Batteries.Control.LawfulMonadState	.lake/packages/batteries/.lake/build/ir/Batteries/Control/LawfulMonadState.c.o.export
Batteries.Control.Lemmas	.lake/packages/batteries/.lake/build/ir/Batteries/Control/Lemmas.c.o.export
Batteries.Control.Nondet.Basic	.lake/packages/batteries/.lake/build/ir/Batteries/Control/Nondet/Basic.c.o.export
Batteries.Control.OptionT	.lake/packages/batteries/.lake/build/ir/Batteries/Control/OptionT.c.o.export
Batteries.Data.Array.Basic	.lake/packages/batteries/.lake/build/ir/Batteries/Data/Array/Basic.c.o.export
Batteries.Data.Array.Match	.lake/packages/batteries/.lake/build/ir/Batteries/Data/Array/Match.c.o.export
Batteries.Data.Array.Merge	.lake/packages/batteries/.lake/build/ir/Batteries/Data/Array/Merge.c.o.export
Batteries.Data.BinomialHeap.Basic	.lake/packages/batteries/.lake/build/ir/Batteries/Data/BinomialHeap/Basic.c.o.export
Batteries.Data.Fin.Basic	.lake/packages/batteries/.lake/build/ir/Batteries/Data/Fin/Basic.c.o.export
Batteries.Data.Fin.Lemmas	.lake/packages/batteries/.lake/build/ir/Batteries/Data/Fin/Lemmas.c.o.export
Batteries.Data.List.Basic	.lake/packages/batteries/.lake/build/ir/Batteries/Data/List/Basic.c.o.export
Batteries.Data.List.Count	.lake/packages/batteries/.lake/build/ir/Batteries/Data/List/Count.c.o.export
Batteries.Data.List.Lemmas	.lake/packages/batteries/.lake/build/ir/Batteries/Data/List/Lemmas.c.o.export
Batteries.Data.List.Pairwise	.lake/packages/batteries/.lake/build/ir/Batteries/Data/List/Pairwise.c.o.export
Batteries.Data.List.Perm	.lake/packages/batteries/.lake/build/ir/Batteries/Data/List/Perm.c.o.export
Batteries.Data.MLList.Basic	.lake/packages/batteries/.lake/build/ir/Batteries/Data/MLList/Basic.c.o.export
Batteries.Data.Nat.Basic	.lake/packages/batteries/.lake/build/ir/Batteries/Data/Nat/Basic.c.o.export
Batteries.Data.Nat.Lemmas	.lake/packages/batteries/.lake/build/ir/Batteries/Data/Nat/Lemmas.c.o.export
Batteries.Data.String.Basic	.lake/packages/batteries/.lake/build/ir/Batteries/Data/String/Basic.c.o.export
Batteries.Data.String.Matcher	.lake/packages/batteries/.lake/build/ir/Batteries/Data/String/Matcher.c.o.export
Batteries.Data.UInt	.lake/packages/batteries/.lake/build/ir/Batteries/Data/UInt.c.o.export
Batteries.Lean.AttributeExtra	.lake/packages/batteries/.lake/build/ir/Batteries/Lean/AttributeExtra.c.o.export
Batteries.Lean.Except	.lake/packages/batteries/.lake/build/ir/Batteries/Lean/Except.c.o.export
Batteries.Lean.Expr	.lake/packages/batteries/.lake/build/ir/Batteries/Lean/Expr.c.o.export
Batteries.Lean.HashMap	.lake/packages/batteries/.lake/build/ir/Batteries/Lean/HashMap.c.o.export
Batteries.Lean.HashSet	.lake/packages/batteries/.lake/build/ir/Batteries/Lean/HashSet.c.o.export
Batteries.Lean.Meta.Basic	.lake/packages/batteries/.lake/build/ir/Batteries/Lean/Meta/Basic.c.o.export
Batteries.Lean.Meta.DiscrTree	.lake/packages/batteries/.lake/build/ir/Batteries/Lean/Meta/DiscrTree.c.o.export
Batteries.Lean.Meta.Expr	.lake/packages/batteries/.lake/build/ir/Batteries/Lean/Meta/Expr.c.o.export
Batteries.Lean.Meta.Inaccessible	.lake/packages/batteries/.lake/build/ir/Batteries/Lean/Meta/Inaccessible.c.o.export
Batteries.Lean.Meta.InstantiateMVars	.lake/packages/batteries/.lake/build/ir/Batteries/Lean/Meta/InstantiateMVars.c.o.export
Batteries.Lean.Meta.SavedState	.lake/packages/batteries/.lake/build/ir/Batteries/Lean/Meta/SavedState.c.o.export
Batteries.Lean.Meta.UnusedNames	.lake/packages/batteries/.lake/build/ir/Batteries/Lean/Meta/UnusedNames.c.o.export
Batteries.Lean.MonadBacktrack	.lake/packages/batteries/.lake/build/ir/Batteries/Lean/MonadBacktrack.c.o.export
Batteries.Lean.NameMapAttribute	.lake/packages/batteries/.lake/build/ir/Batteries/Lean/NameMapAttribute.c.o.export
Batteries.Lean.PersistentHashMap	.lake/packages/batteries/.lake/build/ir/Batteries/Lean/PersistentHashMap.c.o.export
Batteries.Lean.PersistentHashSet	.lake/packages/batteries/.lake/build/ir/Batteries/Lean/PersistentHashSet.c.o.export
Batteries.Lean.Position	.lake/packages/batteries/.lake/build/ir/Batteries/Lean/Position.c.o.export
Batteries.Lean.Syntax	.lake/packages/batteries/.lake/build/ir/Batteries/Lean/Syntax.c.o.export
Batteries.Lean.TagAttribute	.lake/packages/batteries/.lake/build/ir/Batteries/Lean/TagAttribute.c.o.export
Batteries.Linter	.lake/packages/batteries/.lake/build/ir/Batteries/Linter.c.o.export
Batteries.Linter.UnnecessarySeqFocus	.lake/packages/batteries/.lake/build/ir/Batteries/Linter/UnnecessarySeqFocus.c.o.export
Batteries.Linter.UnreachableTactic	.lake/packages/batteries/.lake/build/ir/Batteries/Linter/UnreachableTactic.c.o.export
Batteries.Logic	.lake/packages/batteries/.lake/build/ir/Batteries/Logic.c.o.export
Batteries.Tactic.Alias	.lake/packages/batteries/.lake/build/ir/Batteries/Tactic/Alias.c.o.export
Batteries.Tactic.Basic	.lake/packages/batteries/.lake/build/ir/Batteries/Tactic/Basic.c.o.export
Batteries.Tactic.Case	.lake/packages/batteries/.lake/build/ir/Batteries/Tactic/Case.c.o.export
Batteries.Tactic.Congr	.lake/packages/batteries/.lake/build/ir/Batteries/Tactic/Congr.c.o.export
Batteries.Tactic.Exact	.lake/packages/batteries/.lake/build/ir/Batteries/Tactic/Exact.c.o.export
Batteries.Tactic.GeneralizeProofs	.lake/packages/batteries/.lake/build/ir/Batteries/Tactic/GeneralizeProofs.c.o.export
Batteries.Tactic.HelpCmd	.lake/packages/batteries/.lake/build/ir/Batteries/Tactic/HelpCmd.c.o.export
Batteries.Tactic.Init	.lake/packages/batteries/.lake/build/ir/Batteries/Tactic/Init.c.o.export
Batteries.Tactic.Lint	.lake/packages/batteries/.lake/build/ir/Batteries/Tactic/Lint.c.o.export
Batteries.Tactic.Lint.Basic	.lake/packages/batteries/.lake/build/ir/Batteries/Tactic/Lint/Basic.c.o.export
Batteries.Tactic.Lint.Frontend	.lake/packages/batteries/.lake/build/ir/Batteries/Tactic/Lint/Frontend.c.o.export
Batteries.Tactic.Lint.Misc	.lake/packages/batteries/.lake/build/ir/Batteries/Tactic/Lint/Misc.c.o.export
Batteries.Tactic.Lint.Simp	.lake/packages/batteries/.lake/build/ir/Batteries/Tactic/Lint/Simp.c.o.export
Batteries.Tactic.Lint.TypeClass	.lake/packages/batteries/.lake/build/ir/Batteries/Tactic/Lint/TypeClass.c.o.export
Batteries.Tactic.OpenPrivate	.lake/packages/batteries/.lake/build/ir/Batteries/Tactic/OpenPrivate.c.o.export
Batteries.Tactic.PermuteGoals	.lake/packages/batteries/.lake/build/ir/Batteries/Tactic/PermuteGoals.c.o.export
Batteries.Tactic.SeqFocus	.lake/packages/batteries/.lake/build/ir/Batteries/Tactic/SeqFocus.c.o.export
Batteries.Tactic.Trans	.lake/packages/batteries/.lake/build/ir/Batteries/Tactic/Trans.c.o.export
Batteries.Tactic.Unreachable	.lake/packages/batteries/.lake/build/ir/Batteries/Tactic/Unreachable.c.o.export
Batteries.Util.Cache	.lake/packages/batteries/.lake/build/ir/Batteries/Util/Cache.c.o.export
Batteries.Util.ExtendedBinder	.lake/packages/batteries/.lake/build/ir/Batteries/Util/ExtendedBinder.c.o.export
Batteries.Util.LibraryNote	.lake/packages/batteries/.lake/build/ir/Batteries/Util/LibraryNote.c.o.export
Batteries.Util.ProofWanted	.lake/packages/batteries/.lake/build/ir/Batteries/Util/ProofWanted.c.o.export
Cache.Hashing	.lake/packages/mathlib/.lake/build/ir/Cache/Hashing.c.o.export
Cache.IO	.lake/packages/mathlib/.lake/build/ir/Cache/IO.c.o.export
Cache.Init	.lake/packages/mathlib/.lake/build/ir/Cache/Init.c.o.export
Cache.Lean	.lake/packages/mathlib/.lake/build/ir/Cache/Lean.c.o.export
Cache.Main	.lake/packages/mathlib/.lake/build/ir/Cache/Main.c.o.export
Cache.Requests	.lake/packages/mathlib/.lake/build/ir/Cache/Requests.c.o.export
ImportGraph.Graph.TransitiveClosure	.lake/packages/importGraph/.lake/build/ir/ImportGraph/Graph/TransitiveClosure.c.o.export
ImportGraph.Imports.ImportGraph	.lake/packages/importGraph/.lake/build/ir/ImportGraph/Imports/ImportGraph.c.o.export
ImportGraph.Imports.Redundant	.lake/packages/importGraph/.lake/build/ir/ImportGraph/Imports/Redundant.c.o.export
ImportGraph.Imports.RequiredModules	.lake/packages/importGraph/.lake/build/ir/ImportGraph/Imports/RequiredModules.c.o.export
ImportGraph.Lean.Environment	.lake/packages/importGraph/.lake/build/ir/ImportGraph/Lean/Environment.c.o.export
ImportGraph.Tools	.lake/packages/importGraph/.lake/build/ir/ImportGraph/Tools.c.o.export
ImportGraph.Tools.FindHome	.lake/packages/importGraph/.lake/build/ir/ImportGraph/Tools/FindHome.c.o.export
ImportGraph.Tools.ImportDiff	.lake/packages/importGraph/.lake/build/ir/ImportGraph/Tools/ImportDiff.c.o.export
ImportGraph.Tools.MinImports	.lake/packages/importGraph/.lake/build/ir/ImportGraph/Tools/MinImports.c.o.export
ImportGraph.Tools.RedundantImports	.lake/packages/importGraph/.lake/build/ir/ImportGraph/Tools/RedundantImports.c.o.export
LeanSearchClient	.lake/packages/LeanSearchClient/.lake/build/ir/LeanSearchClient.c.o.export
LeanSearchClient.Basic	.lake/packages/LeanSearchClient/.lake/build/ir/LeanSearchClient/Basic.c.o.export
LeanSearchClient.LoogleSyntax	.lake/packages/LeanSearchClient/.lake/build/ir/LeanSearchClient/LoogleSyntax.c.o.export
LeanSearchClient.Syntax	.lake/packages/LeanSearchClient/.lake/build/ir/LeanSearchClient/Syntax.c.o.export
Mathlib.Algebra.AddTorsor.Basic	.lake/packages/mathlib/.lake/build/ir/Mathlib/Algebra/AddTorsor/Basic.c.o.export
Mathlib.Algebra.AddTorsor.Defs	.lake/packages/mathlib/.lake/build/ir/Mathlib/Algebra/AddTorsor/Defs.c.o.export
Mathlib.Algebra.Algebra.Basic	.lake/packages/mathlib/.lake/build/ir/Mathlib/Algebra/Algebra/Basic.c.o.export
Mathlib.Algebra.Algebra.Bilinear	.lake/packages/mathlib/.lake/build/ir/Mathlib/Algebra/Algebra/Bilinear.c.o.export
Mathlib.Algebra.Algebra.Defs	.lake/packages/mathlib/.lake/build/ir/Mathlib/Algebra/Algebra/Defs.c.o.export
Mathlib.Algebra.Algebra.Equiv	.lake/packages/mathlib/.lake/build/ir/Mathlib/Algebra/Algebra/Equiv.c.o.export
Mathlib.Algebra.Algebra.Hom	.lake/packages/mathlib/.lake/build/ir/Mathlib/Algebra/Algebra/Hom.c.o.export
Mathlib.Algebra.Algebra.IsSimpleRing	.lake/packages/mathlib/.lake/build/ir/Mathlib/Algebra/Algebra/IsSimpleRing.c.o.export
Mathlib.Algebra.Algebra.NonUnitalHom	.lake/packages/mathlib/.lake/build/ir/Mathlib/Algebra/Algebra/NonUnitalHom.c.o.export
Mathlib.Algebra.Algebra.NonUnitalSubalgebra	.lake/packages/mathlib/.lake/build/ir/Mathlib/Algebra/Algebra/NonUnitalSubalgebra.c.o.export
Mathlib.Algebra.Algebra.Operations	.lake/packages/mathlib/.lake/build/ir/Mathlib/Algebra/Algebra/Operations.c.o.export
Mathlib.Algebra.Algebra.Opposite	.lake/packages/mathlib/.lake/build/ir/Mathlib/Algebra/Algebra/Opposite.c.o.export
Mathlib.Algebra.Algebra.Pi	.lake/packages/mathlib/.lake/build/ir/Mathlib/Algebra/Algebra/Pi.c.o.export
Mathlib.Algebra.Algebra.Prod	.lake/packages/mathlib/.lake/build/ir/Mathlib/Algebra/Algebra/Prod.c.o.export
Mathlib.Algebra.Algebra.Rat	.lake/packages/mathlib/.lake/build/ir/Mathlib/Algebra/Algebra/Rat.c.o.export
Mathlib.Algebra.Algebra.RestrictScalars	.lake/packages/mathlib/.lake/build/ir/Mathlib/Algebra/Algebra/RestrictScalars.c.o.export
Mathlib.Algebra.Algebra.Spectrum.Basic	.lake/packages/mathlib/.lake/build/ir/Mathlib/Algebra/Algebra/Spectrum/Basic.c.o.export
Mathlib.Algebra.Algebra.Subalgebra.Basic	.lake/packages/mathlib/.lake/build/ir/Mathlib/Algebra/Algebra/Subalgebra/Basic.c.o.export
Mathlib.Algebra.Algebra.Subalgebra.Directed	.lake/packages/mathlib/.lake/build/ir/Mathlib/Algebra/Algebra/Subalgebra/Directed.c.o.export
Mathlib.Algebra.Algebra.Subalgebra.IsSimpleOrder	.lake/packages/mathlib/.lake/build/ir/Mathlib/Algebra/Algebra/Subalgebra/IsSimpleOrder.c.o.export
Mathlib.Algebra.Algebra.Subalgebra.Lattice	.lake/packages/mathlib/.lake/build/ir/Mathlib/Algebra/Algebra/Subalgebra/Lattice.c.o.export
Mathlib.Algebra.Algebra.Subalgebra.Operations	.lake/packages/mathlib/.lake/build/ir/Mathlib/Algebra/Algebra/Subalgebra/Operations.c.o.export
Mathlib.Algebra.Algebra.Subalgebra.Pointwise	.lake/packages/mathlib/.lake/build/ir/Mathlib/Algebra/Algebra/Subalgebra/Pointwise.c.o.export
Mathlib.Algebra.Algebra.Subalgebra.Prod	.lake/packages/mathlib/.lake/build/ir/Mathlib/Algebra/Algebra/Subalgebra/Prod.c.o.export
Mathlib.Algebra.Algebra.Subalgebra.Tower	.lake/packages/mathlib/.lake/build/ir/Mathlib/Algebra/Algebra/Subalgebra/Tower.c.o.export
Mathlib.Algebra.Algebra.Tower	.lake/packages/mathlib/.lake/build/ir/Mathlib/Algebra/Algebra/Tower.c.o.export
Mathlib.Algebra.Algebra.TransferInstance	.lake/packages/mathlib/.lake/build/ir/Mathlib/Algebra/Algebra/TransferInstance.c.o.export
Mathlib.Algebra.Algebra.ZMod	.lake/packages/mathlib/.lake/build/ir/Mathlib/Algebra/Algebra/ZMod.c.o.export
Mathlib.Algebra.BigOperators.Associated	.lake/packages/mathlib/.lake/build/ir/Mathlib/Algebra/BigOperators/Associated.c.o.export
Mathlib.Algebra.BigOperators.Balance	.lake/packages/mathlib/.lake/build/ir/Mathlib/Algebra/BigOperators/Balance.c.o.export
Mathlib.Algebra.BigOperators.Expect	.lake/packages/mathlib/.lake/build/ir/Mathlib/Algebra/BigOperators/Expect.c.o.export
Mathlib.Algebra.BigOperators.Field	.lake/packages/mathlib/.lake/build/ir/Mathlib/Algebra/BigOperators/Field.c.o.export
Mathlib.Algebra.BigOperators.Fin	.lake/packages/mathlib/.lake/build/ir/Mathlib/Algebra/BigOperators/Fin.c.o.export
Mathlib.Algebra.BigOperators.Finprod	.lake/packages/mathlib/.lake/build/ir/Mathlib/Algebra/BigOperators/Finprod.c.o.export
Mathlib.Algebra.BigOperators.Finsupp.Basic	.lake/packages/mathlib/.lake/build/ir/Mathlib/Algebra/BigOperators/Finsupp/Basic.c.o.export
Mathlib.Algebra.BigOperators.Finsupp.Fin	.lake/packages/mathlib/.lake/build/ir/Mathlib/Algebra/BigOperators/Finsupp/Fin.c.o.export
Mathlib.Algebra.BigOperators.Group.Finset.Basic	.lake/packages/mathlib/.lake/build/ir/Mathlib/Algebra/BigOperators/Group/Finset/Basic.c.o.export
Mathlib.Algebra.BigOperators.Group.Finset.Defs	.lake/packages/mathlib/.lake/build/ir/Mathlib/Algebra/BigOperators/Group/Finset/Defs.c.o.export
Mathlib.Algebra.BigOperators.Group.Finset.Indicator	.lake/packages/mathlib/.lake/build/ir/Mathlib/Algebra/BigOperators/Group/Finset/Indicator.c.o.export
Mathlib.Algebra.BigOperators.Group.Finset.Lemmas	.lake/packages/mathlib/.lake/build/ir/Mathlib/Algebra/BigOperators/Group/Finset/Lemmas.c.o.export
Mathlib.Algebra.BigOperators.Group.Finset.Pi	.lake/packages/mathlib/.lake/build/ir/Mathlib/Algebra/BigOperators/Group/Finset/Pi.c.o.export
Mathlib.Algebra.BigOperators.Group.Finset.Piecewise	.lake/packages/mathlib/.lake/build/ir/Mathlib/Algebra/BigOperators/Group/Finset/Piecewise.c.o.export
Mathlib.Algebra.BigOperators.Group.Finset.Powerset	.lake/packages/mathlib/.lake/build/ir/Mathlib/Algebra/BigOperators/Group/Finset/Powerset.c.o.export
Mathlib.Algebra.BigOperators.Group.Finset.Preimage	.lake/packages/mathlib/.lake/build/ir/Mathlib/Algebra/BigOperators/Group/Finset/Preimage.c.o.export
Mathlib.Algebra.BigOperators.Group.Finset.Sigma	.lake/packages/mathlib/.lake/build/ir/Mathlib/Algebra/BigOperators/Group/Finset/Sigma.c.o.export
Mathlib.Algebra.BigOperators.Group.List.Basic	.lake/packages/mathlib/.lake/build/ir/Mathlib/Algebra/BigOperators/Group/List/Basic.c.o.export
Mathlib.Algebra.BigOperators.Group.List.Defs	.lake/packages/mathlib/.lake/build/ir/Mathlib/Algebra/BigOperators/Group/List/Defs.c.o.export
Mathlib.Algebra.BigOperators.Group.List.Lemmas	.lake/packages/mathlib/.lake/build/ir/Mathlib/Algebra/BigOperators/Group/List/Lemmas.c.o.export
Mathlib.Algebra.BigOperators.Group.Multiset.Basic	.lake/packages/mathlib/.lake/build/ir/Mathlib/Algebra/BigOperators/Group/Multiset/Basic.c.o.export
Mathlib.Algebra.BigOperators.Group.Multiset.Defs	.lake/packages/mathlib/.lake/build/ir/Mathlib/Algebra/BigOperators/Group/Multiset/Defs.c.o.export
Mathlib.Algebra.BigOperators.GroupWithZero.Action	.lake/packages/mathlib/.lake/build/ir/Mathlib/Algebra/BigOperators/GroupWithZero/Action.c.o.export
Mathlib.Algebra.BigOperators.GroupWithZero.Finset	.lake/packages/mathlib/.lake/build/ir/Mathlib/Algebra/BigOperators/GroupWithZero/Finset.c.o.export
Mathlib.Algebra.BigOperators.Intervals	.lake/packages/mathlib/.lake/build/ir/Mathlib/Algebra/BigOperators/Intervals.c.o.export
Mathlib.Algebra.BigOperators.Module	.lake/packages/mathlib/.lake/build/ir/Mathlib/Algebra/BigOperators/Module.c.o.export
Mathlib.Algebra.BigOperators.NatAntidiagonal	.lake/packages/mathlib/.lake/build/ir/Mathlib/Algebra/BigOperators/NatAntidiagonal.c.o.export
Mathlib.Algebra.BigOperators.Option	.lake/packages/mathlib/.lake/build/ir/Mathlib/Algebra/BigOperators/Option.c.o.export
Mathlib.Algebra.BigOperators.Pi	.lake/packages/mathlib/.lake/build/ir/Mathlib/Algebra/BigOperators/Pi.c.o.export
Mathlib.Algebra.BigOperators.Ring.Finset	.lake/packages/mathlib/.lake/build/ir/Mathlib/Algebra/BigOperators/Ring/Finset.c.o.export
Mathlib.Algebra.BigOperators.Ring.List	.lake/packages/mathlib/.lake/build/ir/Mathlib/Algebra/BigOperators/Ring/List.c.o.export
Mathlib.Algebra.BigOperators.Ring.Multiset	.lake/packages/mathlib/.lake/build/ir/Mathlib/Algebra/BigOperators/Ring/Multiset.c.o.export
Mathlib.Algebra.BigOperators.RingEquiv	.lake/packages/mathlib/.lake/build/ir/Mathlib/Algebra/BigOperators/RingEquiv.c.o.export
Mathlib.Algebra.BigOperators.WithTop	.lake/packages/mathlib/.lake/build/ir/Mathlib/Algebra/BigOperators/WithTop.c.o.export
Mathlib.Algebra.Category.Grp.Basic	.lake/packages/mathlib/.lake/build/ir/Mathlib/Algebra/Category/Grp/Basic.c.o.export
Mathlib.Algebra.Category.Grp.ForgetCorepresentable	.lake/packages/mathlib/.lake/build/ir/Mathlib/Algebra/Category/Grp/ForgetCorepresentable.c.o.export
Mathlib.Algebra.Category.Grp.Limits	.lake/packages/mathlib/.lake/build/ir/Mathlib/Algebra/Category/Grp/Limits.c.o.export
Mathlib.Algebra.Category.Grp.Preadditive	.lake/packages/mathlib/.lake/build/ir/Mathlib/Algebra/Category/Grp/Preadditive.c.o.export
Mathlib.Algebra.Category.MonCat.Basic	.lake/packages/mathlib/.lake/build/ir/Mathlib/Algebra/Category/MonCat/Basic.c.o.export
Mathlib.Algebra.Category.MonCat.ForgetCorepresentable	.lake/packages/mathlib/.lake/build/ir/Mathlib/Algebra/Category/MonCat/ForgetCorepresentable.c.o.export
Mathlib.Algebra.Category.MonCat.Limits	.lake/packages/mathlib/.lake/build/ir/Mathlib/Algebra/Category/MonCat/Limits.c.o.export
Mathlib.Algebra.Category.Ring.Basic	.lake/packages/mathlib/.lake/build/ir/Mathlib/Algebra/Category/Ring/Basic.c.o.export
Mathlib.Algebra.Category.Ring.Colimits	.lake/packages/mathlib/.lake/build/ir/Mathlib/Algebra/Category/Ring/Colimits.c.o.export
Mathlib.Algebra.Category.Ring.Constructions	.lake/packages/mathlib/.lake/build/ir/Mathlib/Algebra/Category/Ring/Constructions.c.o.export
Mathlib.Algebra.Category.Ring.Instances	.lake/packages/mathlib/.lake/build/ir/Mathlib/Algebra/Category/Ring/Instances.c.o.export
Mathlib.Algebra.Category.Ring.Limits	.lake/packages/mathlib/.lake/build/ir/Mathlib/Algebra/Category/Ring/Limits.c.o.export
Mathlib.Algebra.CharP.Algebra	.lake/packages/mathlib/.lake/build/ir/Mathlib/Algebra/CharP/Algebra.c.o.export
Mathlib.Algebra.CharP.Basic	.lake/packages/mathlib/.lake/build/ir/Mathlib/Algebra/CharP/Basic.c.o.export
Mathlib.Algebra.CharP.CharAndCard	.lake/packages/mathlib/.lake/build/ir/Mathlib/Algebra/CharP/CharAndCard.c.o.export
Mathlib.Algebra.CharP.Defs	.lake/packages/mathlib/.lake/build/ir/Mathlib/Algebra/CharP/Defs.c.o.export
Mathlib.Algebra.CharP.Frobenius	.lake/packages/mathlib/.lake/build/ir/Mathlib/Algebra/CharP/Frobenius.c.o.export
Mathlib.Algebra.CharP.IntermediateField	.lake/packages/mathlib/.lake/build/ir/Mathlib/Algebra/CharP/IntermediateField.c.o.export
Mathlib.Algebra.CharP.Invertible	.lake/packages/mathlib/.lake/build/ir/Mathlib/Algebra/CharP/Invertible.c.o.export
Mathlib.Algebra.CharP.Lemmas	.lake/packages/mathlib/.lake/build/ir/Mathlib/Algebra/CharP/Lemmas.c.o.export
Mathlib.Algebra.CharP.Reduced	.lake/packages/mathlib/.lake/build/ir/Mathlib/Algebra/CharP/Reduced.c.o.export
Mathlib.Algebra.CharP.Two	.lake/packages/mathlib/.lake/build/ir/Mathlib/Algebra/CharP/Two.c.o.export
Mathlib.Algebra.CharZero.AddMonoidHom	.lake/packages/mathlib/.lake/build/ir/Mathlib/Algebra/CharZero/AddMonoidHom.c.o.export
Mathlib.Algebra.CharZero.Defs	.lake/packages/mathlib/.lake/build/ir/Mathlib/Algebra/CharZero/Defs.c.o.export
Mathlib.Algebra.CharZero.Quotient	.lake/packages/mathlib/.lake/build/ir/Mathlib/Algebra/CharZero/Quotient.c.o.export
Mathlib.Algebra.DirectSum.Basic	.lake/packages/mathlib/.lake/build/ir/Mathlib/Algebra/DirectSum/Basic.c.o.export
Mathlib.Algebra.DirectSum.Finsupp	.lake/packages/mathlib/.lake/build/ir/Mathlib/Algebra/DirectSum/Finsupp.c.o.export
Mathlib.Algebra.DirectSum.Module	.lake/packages/mathlib/.lake/build/ir/Mathlib/Algebra/DirectSum/Module.c.o.export
Mathlib.Algebra.Divisibility.Basic	.lake/packages/mathlib/.lake/build/ir/Mathlib/Algebra/Divisibility/Basic.c.o.export
Mathlib.Algebra.Divisibility.Hom	.lake/packages/mathlib/.lake/build/ir/Mathlib/Algebra/Divisibility/Hom.c.o.export
Mathlib.Algebra.Divisibility.Units	.lake/packages/mathlib/.lake/build/ir/Mathlib/Algebra/Divisibility/Units.c.o.export
Mathlib.Algebra.EuclideanDomain.Basic	.lake/packages/mathlib/.lake/build/ir/Mathlib/Algebra/EuclideanDomain/Basic.c.o.export
Mathlib.Algebra.EuclideanDomain.Defs	.lake/packages/mathlib/.lake/build/ir/Mathlib/Algebra/EuclideanDomain/Defs.c.o.export
Mathlib.Algebra.EuclideanDomain.Field	.lake/packages/mathlib/.lake/build/ir/Mathlib/Algebra/EuclideanDomain/Field.c.o.export
Mathlib.Algebra.EuclideanDomain.Int	.lake/packages/mathlib/.lake/build/ir/Mathlib/Algebra/EuclideanDomain/Int.c.o.export
Mathlib.Algebra.Exact	.lake/packages/mathlib/.lake/build/ir/Mathlib/Algebra/Exact.c.o.export
Mathlib.Algebra.Field.Basic	.lake/packages/mathlib/.lake/build/ir/Mathlib/Algebra/Field/Basic.c.o.export
Mathlib.Algebra.Field.Defs	.lake/packages/mathlib/.lake/build/ir/Mathlib/Algebra/Field/Defs.c.o.export
Mathlib.Algebra.Field.Equiv	.lake/packages/mathlib/.lake/build/ir/Mathlib/Algebra/Field/Equiv.c.o.export
Mathlib.Algebra.Field.GeomSum	.lake/packages/mathlib/.lake/build/ir/Mathlib/Algebra/Field/GeomSum.c.o.export
Mathlib.Algebra.Field.IsField	.lake/packages/mathlib/.lake/build/ir/Mathlib/Algebra/Field/IsField.c.o.export
Mathlib.Algebra.Field.NegOnePow	.lake/packages/mathlib/.lake/build/ir/Mathlib/Algebra/Field/NegOnePow.c.o.export
Mathlib.Algebra.Field.Opposite	.lake/packages/mathlib/.lake/build/ir/Mathlib/Algebra/Field/Opposite.c.o.export
Mathlib.Algebra.Field.Periodic	.lake/packages/mathlib/.lake/build/ir/Mathlib/Algebra/Field/Periodic.c.o.export
Mathlib.Algebra.Field.Rat	.lake/packages/mathlib/.lake/build/ir/Mathlib/Algebra/Field/Rat.c.o.export
Mathlib.Algebra.Field.Subfield.Basic	.lake/packages/mathlib/.lake/build/ir/Mathlib/Algebra/Field/Subfield/Basic.c.o.export
Mathlib.Algebra.Field.Subfield.Defs	.lake/packages/mathlib/.lake/build/ir/Mathlib/Algebra/Field/Subfield/Defs.c.o.export
Mathlib.Algebra.Field.TransferInstance	.lake/packages/mathlib/.lake/build/ir/Mathlib/Algebra/Field/TransferInstance.c.o.export
Mathlib.Algebra.Field.ZMod	.lake/packages/mathlib/.lake/build/ir/Mathlib/Algebra/Field/ZMod.c.o.export
Mathlib.Algebra.FiniteSupport.Basic	.lake/packages/mathlib/.lake/build/ir/Mathlib/Algebra/FiniteSupport/Basic.c.o.export
Mathlib.Algebra.FiniteSupport.Defs	.lake/packages/mathlib/.lake/build/ir/Mathlib/Algebra/FiniteSupport/Defs.c.o.export
Mathlib.Algebra.FreeAbelianGroup.Finsupp	.lake/packages/mathlib/.lake/build/ir/Mathlib/Algebra/FreeAbelianGroup/Finsupp.c.o.export
Mathlib.Algebra.FreeAlgebra	.lake/packages/mathlib/.lake/build/ir/Mathlib/Algebra/FreeAlgebra.c.o.export
Mathlib.Algebra.FreeMonoid.Basic	.lake/packages/mathlib/.lake/build/ir/Mathlib/Algebra/FreeMonoid/Basic.c.o.export
Mathlib.Algebra.FreeMonoid.UniqueProds	.lake/packages/mathlib/.lake/build/ir/Mathlib/Algebra/FreeMonoid/UniqueProds.c.o.export
Mathlib.Algebra.GCDMonoid.Basic	.lake/packages/mathlib/.lake/build/ir/Mathlib/Algebra/GCDMonoid/Basic.c.o.export
Mathlib.Algebra.GCDMonoid.Finset	.lake/packages/mathlib/.lake/build/ir/Mathlib/Algebra/GCDMonoid/Finset.c.o.export
Mathlib.Algebra.GCDMonoid.IntegrallyClosed	.lake/packages/mathlib/.lake/build/ir/Mathlib/Algebra/GCDMonoid/IntegrallyClosed.c.o.export
Mathlib.Algebra.GCDMonoid.Multiset	.lake/packages/mathlib/.lake/build/ir/Mathlib/Algebra/GCDMonoid/Multiset.c.o.export
Mathlib.Algebra.GCDMonoid.Nat	.lake/packages/mathlib/.lake/build/ir/Mathlib/Algebra/GCDMonoid/Nat.c.o.export
Mathlib.Algebra.Group.Action.Basic	.lake/packages/mathlib/.lake/build/ir/Mathlib/Algebra/Group/Action/Basic.c.o.export
Mathlib.Algebra.Group.Action.Defs	.lake/packages/mathlib/.lake/build/ir/Mathlib/Algebra/Group/Action/Defs.c.o.export
Mathlib.Algebra.Group.Action.End	.lake/packages/mathlib/.lake/build/ir/Mathlib/Algebra/Group/Action/End.c.o.export
Mathlib.Algebra.Group.Action.Faithful	.lake/packages/mathlib/.lake/build/ir/Mathlib/Algebra/Group/Action/Faithful.c.o.export
Mathlib.Algebra.Group.Action.Hom	.lake/packages/mathlib/.lake/build/ir/Mathlib/Algebra/Group/Action/Hom.c.o.export
Mathlib.Algebra.Group.Action.Opposite	.lake/packages/mathlib/.lake/build/ir/Mathlib/Algebra/Group/Action/Opposite.c.o.export
Mathlib.Algebra.Group.Action.Pi	.lake/packages/mathlib/.lake/build/ir/Mathlib/Algebra/Group/Action/Pi.c.o.export
Mathlib.Algebra.Group.Action.Pointwise.Set.Basic	.lake/packages/mathlib/.lake/build/ir/Mathlib/Algebra/Group/Action/Pointwise/Set/Basic.c.o.export
Mathlib.Algebra.Group.Action.Pretransitive	.lake/packages/mathlib/.lake/build/ir/Mathlib/Algebra/Group/Action/Pretransitive.c.o.export
Mathlib.Algebra.Group.Action.Prod	.lake/packages/mathlib/.lake/build/ir/Mathlib/Algebra/Group/Action/Prod.c.o.export
Mathlib.Algebra.Group.Action.TransferInstance	.lake/packages/mathlib/.lake/build/ir/Mathlib/Algebra/Group/Action/TransferInstance.c.o.export
Mathlib.Algebra.Group.Action.TypeTags	.lake/packages/mathlib/.lake/build/ir/Mathlib/Algebra/Group/Action/TypeTags.c.o.export
Mathlib.Algebra.Group.Action.Units	.lake/packages/mathlib/.lake/build/ir/Mathlib/Algebra/Group/Action/Units.c.o.export
Mathlib.Algebra.Group.AddChar	.lake/packages/mathlib/.lake/build/ir/Mathlib/Algebra/Group/AddChar.c.o.export
Mathlib.Algebra.Group.Basic	.lake/packages/mathlib/.lake/build/ir/Mathlib/Algebra/Group/Basic.c.o.export
Mathlib.Algebra.Group.Center	.lake/packages/mathlib/.lake/build/ir/Mathlib/Algebra/Group/Center.c.o.export
Mathlib.Algebra.Group.Commutator	.lake/packages/mathlib/.lake/build/ir/Mathlib/Algebra/Group/Commutator.c.o.export
Mathlib.Algebra.Group.Commute.Basic	.lake/packages/mathlib/.lake/build/ir/Mathlib/Algebra/Group/Commute/Basic.c.o.export
Mathlib.Algebra.Group.Commute.Defs	.lake/packages/mathlib/.lake/build/ir/Mathlib/Algebra/Group/Commute/Defs.c.o.export
Mathlib.Algebra.Group.Commute.Hom	.lake/packages/mathlib/.lake/build/ir/Mathlib/Algebra/Group/Commute/Hom.c.o.export
Mathlib.Algebra.Group.Commute.Units	.lake/packages/mathlib/.lake/build/ir/Mathlib/Algebra/Group/Commute/Units.c.o.export
Mathlib.Algebra.Group.Conj	.lake/packages/mathlib/.lake/build/ir/Mathlib/Algebra/Group/Conj.c.o.export
Mathlib.Algebra.Group.Defs	.lake/packages/mathlib/.lake/build/ir/Mathlib/Algebra/Group/Defs.c.o.export
Mathlib.Algebra.Group.Embedding	.lake/packages/mathlib/.lake/build/ir/Mathlib/Algebra/Group/Embedding.c.o.export
Mathlib.Algebra.Group.End	.lake/packages/mathlib/.lake/build/ir/Mathlib/Algebra/Group/End.c.o.export
Mathlib.Algebra.Group.Equiv.Basic	.lake/packages/mathlib/.lake/build/ir/Mathlib/Algebra/Group/Equiv/Basic.c.o.export
Mathlib.Algebra.Group.Equiv.Defs	.lake/packages/mathlib/.lake/build/ir/Mathlib/Algebra/Group/Equiv/Defs.c.o.export
Mathlib.Algebra.Group.Equiv.Opposite	.lake/packages/mathlib/.lake/build/ir/Mathlib/Algebra/Group/Equiv/Opposite.c.o.export
Mathlib.Algebra.Group.Equiv.TypeTags	.lake/packages/mathlib/.lake/build/ir/Mathlib/Algebra/Group/Equiv/TypeTags.c.o.export
Mathlib.Algebra.Group.Even	.lake/packages/mathlib/.lake/build/ir/Mathlib/Algebra/Group/Even.c.o.export
Mathlib.Algebra.Group.EvenFunction	.lake/packages/mathlib/.lake/build/ir/Mathlib/Algebra/Group/EvenFunction.c.o.export
Mathlib.Algebra.Group.Fin.Basic	.lake/packages/mathlib/.lake/build/ir/Mathlib/Algebra/Group/Fin/Basic.c.o.export
Mathlib.Algebra.Group.Fin.Tuple	.lake/packages/mathlib/.lake/build/ir/Mathlib/Algebra/Group/Fin/Tuple.c.o.export
Mathlib.Algebra.Group.Finsupp	.lake/packages/mathlib/.lake/build/ir/Mathlib/Algebra/Group/Finsupp.c.o.export
Mathlib.Algebra.Group.Graph	.lake/packages/mathlib/.lake/build/ir/Mathlib/Algebra/Group/Graph.c.o.export
Mathlib.Algebra.Group.Hom.Basic	.lake/packages/mathlib/.lake/build/ir/Mathlib/Algebra/Group/Hom/Basic.c.o.export
Mathlib.Algebra.Group.Hom.CompTypeclasses	.lake/packages/mathlib/.lake/build/ir/Mathlib/Algebra/Group/Hom/CompTypeclasses.c.o.export
Mathlib.Algebra.Group.Hom.Defs	.lake/packages/mathlib/.lake/build/ir/Mathlib/Algebra/Group/Hom/Defs.c.o.export
Mathlib.Algebra.Group.Hom.End	.lake/packages/mathlib/.lake/build/ir/Mathlib/Algebra/Group/Hom/End.c.o.export
Mathlib.Algebra.Group.Hom.Instances	.lake/packages/mathlib/.lake/build/ir/Mathlib/Algebra/Group/Hom/Instances.c.o.export
Mathlib.Algebra.Group.Idempotent	.lake/packages/mathlib/.lake/build/ir/Mathlib/Algebra/Group/Idempotent.c.o.export
Mathlib.Algebra.Group.Indicator	.lake/packages/mathlib/.lake/build/ir/Mathlib/Algebra/Group/Indicator.c.o.export
Mathlib.Algebra.Group.InjSurj	.lake/packages/mathlib/.lake/build/ir/Mathlib/Algebra/Group/InjSurj.c.o.export
Mathlib.Algebra.Group.Int.Defs	.lake/packages/mathlib/.lake/build/ir/Mathlib/Algebra/Group/Int/Defs.c.o.export
Mathlib.Algebra.Group.Int.Even	.lake/packages/mathlib/.lake/build/ir/Mathlib/Algebra/Group/Int/Even.c.o.export
Mathlib.Algebra.Group.Int.Units	.lake/packages/mathlib/.lake/build/ir/Mathlib/Algebra/Group/Int/Units.c.o.export
Mathlib.Algebra.Group.Invertible.Basic	.lake/packages/mathlib/.lake/build/ir/Mathlib/Algebra/Group/Invertible/Basic.c.o.export
Mathlib.Algebra.Group.Invertible.Defs	.lake/packages/mathlib/.lake/build/ir/Mathlib/Algebra/Group/Invertible/Defs.c.o.export
Mathlib.Algebra.Group.Irreducible.Defs	.lake/packages/mathlib/.lake/build/ir/Mathlib/Algebra/Group/Irreducible/Defs.c.o.export
Mathlib.Algebra.Group.Irreducible.Lemmas	.lake/packages/mathlib/.lake/build/ir/Mathlib/Algebra/Group/Irreducible/Lemmas.c.o.export
Mathlib.Algebra.Group.ModEq	.lake/packages/mathlib/.lake/build/ir/Mathlib/Algebra/Group/ModEq.c.o.export
Mathlib.Algebra.Group.Nat.Defs	.lake/packages/mathlib/.lake/build/ir/Mathlib/Algebra/Group/Nat/Defs.c.o.export
Mathlib.Algebra.Group.Nat.Even	.lake/packages/mathlib/.lake/build/ir/Mathlib/Algebra/Group/Nat/Even.c.o.export
Mathlib.Algebra.Group.Nat.Hom	.lake/packages/mathlib/.lake/build/ir/Mathlib/Algebra/Group/Nat/Hom.c.o.export
Mathlib.Algebra.Group.Nat.Range	.lake/packages/mathlib/.lake/build/ir/Mathlib/Algebra/Group/Nat/Range.c.o.export
Mathlib.Algebra.Group.Nat.Units	.lake/packages/mathlib/.lake/build/ir/Mathlib/Algebra/Group/Nat/Units.c.o.export
Mathlib.Algebra.Group.Opposite	.lake/packages/mathlib/.lake/build/ir/Mathlib/Algebra/Group/Opposite.c.o.export
Mathlib.Algebra.Group.PUnit	.lake/packages/mathlib/.lake/build/ir/Mathlib/Algebra/Group/PUnit.c.o.export
Mathlib.Algebra.Group.Pi.Basic	.lake/packages/mathlib/.lake/build/ir/Mathlib/Algebra/Group/Pi/Basic.c.o.export
Mathlib.Algebra.Group.Pi.Lemmas	.lake/packages/mathlib/.lake/build/ir/Mathlib/Algebra/Group/Pi/Lemmas.c.o.export
Mathlib.Algebra.Group.Pointwise.Finset.Basic	.lake/packages/mathlib/.lake/build/ir/Mathlib/Algebra/Group/Pointwise/Finset/Basic.c.o.export
Mathlib.Algebra.Group.Pointwise.Finset.Scalar	.lake/packages/mathlib/.lake/build/ir/Mathlib/Algebra/Group/Pointwise/Finset/Scalar.c.o.export
Mathlib.Algebra.Group.Pointwise.Set.Basic	.lake/packages/mathlib/.lake/build/ir/Mathlib/Algebra/Group/Pointwise/Set/Basic.c.o.export
Mathlib.Algebra.Group.Pointwise.Set.BigOperators	.lake/packages/mathlib/.lake/build/ir/Mathlib/Algebra/Group/Pointwise/Set/BigOperators.c.o.export
Mathlib.Algebra.Group.Pointwise.Set.Card	.lake/packages/mathlib/.lake/build/ir/Mathlib/Algebra/Group/Pointwise/Set/Card.c.o.export
Mathlib.Algebra.Group.Pointwise.Set.Finite	.lake/packages/mathlib/.lake/build/ir/Mathlib/Algebra/Group/Pointwise/Set/Finite.c.o.export
Mathlib.Algebra.Group.Pointwise.Set.Lattice	.lake/packages/mathlib/.lake/build/ir/Mathlib/Algebra/Group/Pointwise/Set/Lattice.c.o.export
Mathlib.Algebra.Group.Pointwise.Set.ListOfFn	.lake/packages/mathlib/.lake/build/ir/Mathlib/Algebra/Group/Pointwise/Set/ListOfFn.c.o.export
Mathlib.Algebra.Group.Pointwise.Set.Scalar	.lake/packages/mathlib/.lake/build/ir/Mathlib/Algebra/Group/Pointwise/Set/Scalar.c.o.export
Mathlib.Algebra.Group.Prod	.lake/packages/mathlib/.lake/build/ir/Mathlib/Algebra/Group/Prod.c.o.export
Mathlib.Algebra.Group.Semiconj.Basic	.lake/packages/mathlib/.lake/build/ir/Mathlib/Algebra/Group/Semiconj/Basic.c.o.export
Mathlib.Algebra.Group.Semiconj.Defs	.lake/packages/mathlib/.lake/build/ir/Mathlib/Algebra/Group/Semiconj/Defs.c.o.export
Mathlib.Algebra.Group.Semiconj.Units	.lake/packages/mathlib/.lake/build/ir/Mathlib/Algebra/Group/Semiconj/Units.c.o.export
Mathlib.Algebra.Group.Shrink	.lake/packages/mathlib/.lake/build/ir/Mathlib/Algebra/Group/Shrink.c.o.export
Mathlib.Algebra.Group.Subgroup.Actions	.lake/packages/mathlib/.lake/build/ir/Mathlib/Algebra/Group/Subgroup/Actions.c.o.export
Mathlib.Algebra.Group.Subgroup.Basic	.lake/packages/mathlib/.lake/build/ir/Mathlib/Algebra/Group/Subgroup/Basic.c.o.export
Mathlib.Algebra.Group.Subgroup.Defs	.lake/packages/mathlib/.lake/build/ir/Mathlib/Algebra/Group/Subgroup/Defs.c.o.export
Mathlib.Algebra.Group.Subgroup.Finite	.lake/packages/mathlib/.lake/build/ir/Mathlib/Algebra/Group/Subgroup/Finite.c.o.export
Mathlib.Algebra.Group.Subgroup.Ker	.lake/packages/mathlib/.lake/build/ir/Mathlib/Algebra/Group/Subgroup/Ker.c.o.export
Mathlib.Algebra.Group.Subgroup.Lattice	.lake/packages/mathlib/.lake/build/ir/Mathlib/Algebra/Group/Subgroup/Lattice.c.o.export
Mathlib.Algebra.Group.Subgroup.Map	.lake/packages/mathlib/.lake/build/ir/Mathlib/Algebra/Group/Subgroup/Map.c.o.export
Mathlib.Algebra.Group.Subgroup.MulOpposite	.lake/packages/mathlib/.lake/build/ir/Mathlib/Algebra/Group/Subgroup/MulOpposite.c.o.export
Mathlib.Algebra.Group.Subgroup.MulOppositeLemmas	.lake/packages/mathlib/.lake/build/ir/Mathlib/Algebra/Group/Subgroup/MulOppositeLemmas.c.o.export
Mathlib.Algebra.Group.Subgroup.Order	.lake/packages/mathlib/.lake/build/ir/Mathlib/Algebra/Group/Subgroup/Order.c.o.export
Mathlib.Algebra.Group.Subgroup.Pointwise	.lake/packages/mathlib/.lake/build/ir/Mathlib/Algebra/Group/Subgroup/Pointwise.c.o.export
Mathlib.Algebra.Group.Subgroup.ZPowers.Basic	.lake/packages/mathlib/.lake/build/ir/Mathlib/Algebra/Group/Subgroup/ZPowers/Basic.c.o.export
Mathlib.Algebra.Group.Subgroup.ZPowers.Lemmas	.lake/packages/mathlib/.lake/build/ir/Mathlib/Algebra/Group/Subgroup/ZPowers/Lemmas.c.o.export
Mathlib.Algebra.Group.Submonoid.Basic	.lake/packages/mathlib/.lake/build/ir/Mathlib/Algebra/Group/Submonoid/Basic.c.o.export
Mathlib.Algebra.Group.Submonoid.BigOperators	.lake/packages/mathlib/.lake/build/ir/Mathlib/Algebra/Group/Submonoid/BigOperators.c.o.export
Mathlib.Algebra.Group.Submonoid.Defs	.lake/packages/mathlib/.lake/build/ir/Mathlib/Algebra/Group/Submonoid/Defs.c.o.export
Mathlib.Algebra.Group.Submonoid.DistribMulAction	.lake/packages/mathlib/.lake/build/ir/Mathlib/Algebra/Group/Submonoid/DistribMulAction.c.o.export
Mathlib.Algebra.Group.Submonoid.Finite	.lake/packages/mathlib/.lake/build/ir/Mathlib/Algebra/Group/Submonoid/Finite.c.o.export
Mathlib.Algebra.Group.Submonoid.Membership	.lake/packages/mathlib/.lake/build/ir/Mathlib/Algebra/Group/Submonoid/Membership.c.o.export
Mathlib.Algebra.Group.Submonoid.MulAction	.lake/packages/mathlib/.lake/build/ir/Mathlib/Algebra/Group/Submonoid/MulAction.c.o.export
Mathlib.Algebra.Group.Submonoid.MulOpposite	.lake/packages/mathlib/.lake/build/ir/Mathlib/Algebra/Group/Submonoid/MulOpposite.c.o.export
Mathlib.Algebra.Group.Submonoid.Operations	.lake/packages/mathlib/.lake/build/ir/Mathlib/Algebra/Group/Submonoid/Operations.c.o.export
Mathlib.Algebra.Group.Submonoid.Pointwise	.lake/packages/mathlib/.lake/build/ir/Mathlib/Algebra/Group/Submonoid/Pointwise.c.o.export
Mathlib.Algebra.Group.Submonoid.Units	.lake/packages/mathlib/.lake/build/ir/Mathlib/Algebra/Group/Submonoid/Units.c.o.export
Mathlib.Algebra.Group.Subsemigroup.Basic	.lake/packages/mathlib/.lake/build/ir/Mathlib/Algebra/Group/Subsemigroup/Basic.c.o.export
Mathlib.Algebra.Group.Subsemigroup.Defs	.lake/packages/mathlib/.lake/build/ir/Mathlib/Algebra/Group/Subsemigroup/Defs.c.o.export
Mathlib.Algebra.Group.Subsemigroup.Membership	.lake/packages/mathlib/.lake/build/ir/Mathlib/Algebra/Group/Subsemigroup/Membership.c.o.export
Mathlib.Algebra.Group.Subsemigroup.MulOpposite	.lake/packages/mathlib/.lake/build/ir/Mathlib/Algebra/Group/Subsemigroup/MulOpposite.c.o.export
Mathlib.Algebra.Group.Subsemigroup.Operations	.lake/packages/mathlib/.lake/build/ir/Mathlib/Algebra/Group/Subsemigroup/Operations.c.o.export
Mathlib.Algebra.Group.Support	.lake/packages/mathlib/.lake/build/ir/Mathlib/Algebra/Group/Support.c.o.export
Mathlib.Algebra.Group.Torsion	.lake/packages/mathlib/.lake/build/ir/Mathlib/Algebra/Group/Torsion.c.o.export
Mathlib.Algebra.Group.TransferInstance	.lake/packages/mathlib/.lake/build/ir/Mathlib/Algebra/Group/TransferInstance.c.o.export
Mathlib.Algebra.Group.TypeTags.Basic	.lake/packages/mathlib/.lake/build/ir/Mathlib/Algebra/Group/TypeTags/Basic.c.o.export
Mathlib.Algebra.Group.TypeTags.Finite	.lake/packages/mathlib/.lake/build/ir/Mathlib/Algebra/Group/TypeTags/Finite.c.o.export
Mathlib.Algebra.Group.TypeTags.Hom	.lake/packages/mathlib/.lake/build/ir/Mathlib/Algebra/Group/TypeTags/Hom.c.o.export
Mathlib.Algebra.Group.TypeTags.Pointwise	.lake/packages/mathlib/.lake/build/ir/Mathlib/Algebra/Group/TypeTags/Pointwise.c.o.export
Mathlib.Algebra.Group.ULift	.lake/packages/mathlib/.lake/build/ir/Mathlib/Algebra/Group/ULift.c.o.export
Mathlib.Algebra.Group.UniqueProds.Basic	.lake/packages/mathlib/.lake/build/ir/Mathlib/Algebra/Group/UniqueProds/Basic.c.o.export
Mathlib.Algebra.Group.Units.Basic	.lake/packages/mathlib/.lake/build/ir/Mathlib/Algebra/Group/Units/Basic.c.o.export
Mathlib.Algebra.Group.Units.Defs	.lake/packages/mathlib/.lake/build/ir/Mathlib/Algebra/Group/Units/Defs.c.o.export
Mathlib.Algebra.Group.Units.Equiv	.lake/packages/mathlib/.lake/build/ir/Mathlib/Algebra/Group/Units/Equiv.c.o.export
Mathlib.Algebra.Group.Units.Hom	.lake/packages/mathlib/.lake/build/ir/Mathlib/Algebra/Group/Units/Hom.c.o.export
Mathlib.Algebra.Group.Units.Opposite	.lake/packages/mathlib/.lake/build/ir/Mathlib/Algebra/Group/Units/Opposite.c.o.export
Mathlib.Algebra.Group.WithOne.Defs	.lake/packages/mathlib/.lake/build/ir/Mathlib/Algebra/Group/WithOne/Defs.c.o.export
Mathlib.Algebra.Group.WithOne.Map	.lake/packages/mathlib/.lake/build/ir/Mathlib/Algebra/Group/WithOne/Map.c.o.export
Mathlib.Algebra.GroupWithZero.Action.Basic	.lake/packages/mathlib/.lake/build/ir/Mathlib/Algebra/GroupWithZero/Action/Basic.c.o.export
Mathlib.Algebra.GroupWithZero.Action.Defs	.lake/packages/mathlib/.lake/build/ir/Mathlib/Algebra/GroupWithZero/Action/Defs.c.o.export
Mathlib.Algebra.GroupWithZero.Action.End	.lake/packages/mathlib/.lake/build/ir/Mathlib/Algebra/GroupWithZero/Action/End.c.o.export
Mathlib.Algebra.GroupWithZero.Action.Hom	.lake/packages/mathlib/.lake/build/ir/Mathlib/Algebra/GroupWithZero/Action/Hom.c.o.export
Mathlib.Algebra.GroupWithZero.Action.Opposite	.lake/packages/mathlib/.lake/build/ir/Mathlib/Algebra/GroupWithZero/Action/Opposite.c.o.export
Mathlib.Algebra.GroupWithZero.Action.Pi	.lake/packages/mathlib/.lake/build/ir/Mathlib/Algebra/GroupWithZero/Action/Pi.c.o.export
Mathlib.Algebra.GroupWithZero.Action.Pointwise.Set	.lake/packages/mathlib/.lake/build/ir/Mathlib/Algebra/GroupWithZero/Action/Pointwise/Set.c.o.export
Mathlib.Algebra.GroupWithZero.Action.Prod	.lake/packages/mathlib/.lake/build/ir/Mathlib/Algebra/GroupWithZero/Action/Prod.c.o.export
Mathlib.Algebra.GroupWithZero.Action.TransferInstance	.lake/packages/mathlib/.lake/build/ir/Mathlib/Algebra/GroupWithZero/Action/TransferInstance.c.o.export
Mathlib.Algebra.GroupWithZero.Action.Units	.lake/packages/mathlib/.lake/build/ir/Mathlib/Algebra/GroupWithZero/Action/Units.c.o.export
Mathlib.Algebra.GroupWithZero.Associated	.lake/packages/mathlib/.lake/build/ir/Mathlib/Algebra/GroupWithZero/Associated.c.o.export
Mathlib.Algebra.GroupWithZero.Basic	.lake/packages/mathlib/.lake/build/ir/Mathlib/Algebra/GroupWithZero/Basic.c.o.export
Mathlib.Algebra.GroupWithZero.Center	.lake/packages/mathlib/.lake/build/ir/Mathlib/Algebra/GroupWithZero/Center.c.o.export
Mathlib.Algebra.GroupWithZero.Commute	.lake/packages/mathlib/.lake/build/ir/Mathlib/Algebra/GroupWithZero/Commute.c.o.export
Mathlib.Algebra.GroupWithZero.Defs	.lake/packages/mathlib/.lake/build/ir/Mathlib/Algebra/GroupWithZero/Defs.c.o.export
Mathlib.Algebra.GroupWithZero.Divisibility	.lake/packages/mathlib/.lake/build/ir/Mathlib/Algebra/GroupWithZero/Divisibility.c.o.export
Mathlib.Algebra.GroupWithZero.Equiv	.lake/packages/mathlib/.lake/build/ir/Mathlib/Algebra/GroupWithZero/Equiv.c.o.export
Mathlib.Algebra.GroupWithZero.Hom	.lake/packages/mathlib/.lake/build/ir/Mathlib/Algebra/GroupWithZero/Hom.c.o.export
Mathlib.Algebra.GroupWithZero.Idempotent	.lake/packages/mathlib/.lake/build/ir/Mathlib/Algebra/GroupWithZero/Idempotent.c.o.export
Mathlib.Algebra.GroupWithZero.Indicator	.lake/packages/mathlib/.lake/build/ir/Mathlib/Algebra/GroupWithZero/Indicator.c.o.export
Mathlib.Algebra.GroupWithZero.InjSurj	.lake/packages/mathlib/.lake/build/ir/Mathlib/Algebra/GroupWithZero/InjSurj.c.o.export
Mathlib.Algebra.GroupWithZero.Invertible	.lake/packages/mathlib/.lake/build/ir/Mathlib/Algebra/GroupWithZero/Invertible.c.o.export
Mathlib.Algebra.GroupWithZero.Nat	.lake/packages/mathlib/.lake/build/ir/Mathlib/Algebra/GroupWithZero/Nat.c.o.export
Mathlib.Algebra.GroupWithZero.NeZero	.lake/packages/mathlib/.lake/build/ir/Mathlib/Algebra/GroupWithZero/NeZero.c.o.export
Mathlib.Algebra.GroupWithZero.NonZeroDivisors	.lake/packages/mathlib/.lake/build/ir/Mathlib/Algebra/GroupWithZero/NonZeroDivisors.c.o.export
Mathlib.Algebra.GroupWithZero.Opposite	.lake/packages/mathlib/.lake/build/ir/Mathlib/Algebra/GroupWithZero/Opposite.c.o.export
Mathlib.Algebra.GroupWithZero.Pi	.lake/packages/mathlib/.lake/build/ir/Mathlib/Algebra/GroupWithZero/Pi.c.o.export
Mathlib.Algebra.GroupWithZero.Pointwise.Set.Basic	.lake/packages/mathlib/.lake/build/ir/Mathlib/Algebra/GroupWithZero/Pointwise/Set/Basic.c.o.export
Mathlib.Algebra.GroupWithZero.Prod	.lake/packages/mathlib/.lake/build/ir/Mathlib/Algebra/GroupWithZero/Prod.c.o.export
Mathlib.Algebra.GroupWithZero.Range	.lake/packages/mathlib/.lake/build/ir/Mathlib/Algebra/GroupWithZero/Range.c.o.export
Mathlib.Algebra.GroupWithZero.Regular	.lake/packages/mathlib/.lake/build/ir/Mathlib/Algebra/GroupWithZero/Regular.c.o.export
Mathlib.Algebra.GroupWithZero.Semiconj	.lake/packages/mathlib/.lake/build/ir/Mathlib/Algebra/GroupWithZero/Semiconj.c.o.export
Mathlib.Algebra.GroupWithZero.Subgroup	.lake/packages/mathlib/.lake/build/ir/Mathlib/Algebra/GroupWithZero/Subgroup.c.o.export
Mathlib.Algebra.GroupWithZero.Submonoid.Instances	.lake/packages/mathlib/.lake/build/ir/Mathlib/Algebra/GroupWithZero/Submonoid/Instances.c.o.export
Mathlib.Algebra.GroupWithZero.Submonoid.Pointwise	.lake/packages/mathlib/.lake/build/ir/Mathlib/Algebra/GroupWithZero/Submonoid/Pointwise.c.o.export
Mathlib.Algebra.GroupWithZero.Submonoid.Primal	.lake/packages/mathlib/.lake/build/ir/Mathlib/Algebra/GroupWithZero/Submonoid/Primal.c.o.export
Mathlib.Algebra.GroupWithZero.ULift	.lake/packages/mathlib/.lake/build/ir/Mathlib/Algebra/GroupWithZero/ULift.c.o.export
Mathlib.Algebra.GroupWithZero.Units.Basic	.lake/packages/mathlib/.lake/build/ir/Mathlib/Algebra/GroupWithZero/Units/Basic.c.o.export
Mathlib.Algebra.GroupWithZero.Units.Equiv	.lake/packages/mathlib/.lake/build/ir/Mathlib/Algebra/GroupWithZero/Units/Equiv.c.o.export
Mathlib.Algebra.GroupWithZero.Units.Lemmas	.lake/packages/mathlib/.lake/build/ir/Mathlib/Algebra/GroupWithZero/Units/Lemmas.c.o.export
Mathlib.Algebra.GroupWithZero.WithZero	.lake/packages/mathlib/.lake/build/ir/Mathlib/Algebra/GroupWithZero/WithZero.c.o.export
Mathlib.Algebra.IsPrimePow	.lake/packages/mathlib/.lake/build/ir/Mathlib/Algebra/IsPrimePow.c.o.export
Mathlib.Algebra.Module.Basic	.lake/packages/mathlib/.lake/build/ir/Mathlib/Algebra/Module/Basic.c.o.export
Mathlib.Algebra.Module.BigOperators	.lake/packages/mathlib/.lake/build/ir/Mathlib/Algebra/Module/BigOperators.c.o.export
Mathlib.Algebra.Module.Congruence.Defs	.lake/packages/mathlib/.lake/build/ir/Mathlib/Algebra/Module/Congruence/Defs.c.o.export
Mathlib.Algebra.Module.Defs	.lake/packages/mathlib/.lake/build/ir/Mathlib/Algebra/Module/Defs.c.o.export
Mathlib.Algebra.Module.End	.lake/packages/mathlib/.lake/build/ir/Mathlib/Algebra/Module/End.c.o.export
Mathlib.Algebra.Module.Equiv.Basic	.lake/packages/mathlib/.lake/build/ir/Mathlib/Algebra/Module/Equiv/Basic.c.o.export
Mathlib.Algebra.Module.Equiv.Defs	.lake/packages/mathlib/.lake/build/ir/Mathlib/Algebra/Module/Equiv/Defs.c.o.export
Mathlib.Algebra.Module.Equiv.Opposite	.lake/packages/mathlib/.lake/build/ir/Mathlib/Algebra/Module/Equiv/Opposite.c.o.export
Mathlib.Algebra.Module.Hom	.lake/packages/mathlib/.lake/build/ir/Mathlib/Algebra/Module/Hom.c.o.export
Mathlib.Algebra.Module.LinearMap.Basic	.lake/packages/mathlib/.lake/build/ir/Mathlib/Algebra/Module/LinearMap/Basic.c.o.export
Mathlib.Algebra.Module.LinearMap.Defs	.lake/packages/mathlib/.lake/build/ir/Mathlib/Algebra/Module/LinearMap/Defs.c.o.export
Mathlib.Algebra.Module.LinearMap.DivisionRing	.lake/packages/mathlib/.lake/build/ir/Mathlib/Algebra/Module/LinearMap/DivisionRing.c.o.export
Mathlib.Algebra.Module.LinearMap.End	.lake/packages/mathlib/.lake/build/ir/Mathlib/Algebra/Module/LinearMap/End.c.o.export
Mathlib.Algebra.Module.LinearMap.Prod	.lake/packages/mathlib/.lake/build/ir/Mathlib/Algebra/Module/LinearMap/Prod.c.o.export
Mathlib.Algebra.Module.LinearMap.Star	.lake/packages/mathlib/.lake/build/ir/Mathlib/Algebra/Module/LinearMap/Star.c.o.export
Mathlib.Algebra.Module.LocalizedModule.Basic	.lake/packages/mathlib/.lake/build/ir/Mathlib/Algebra/Module/LocalizedModule/Basic.c.o.export
Mathlib.Algebra.Module.LocalizedModule.IsLocalization	.lake/packages/mathlib/.lake/build/ir/Mathlib/Algebra/Module/LocalizedModule/IsLocalization.c.o.export
Mathlib.Algebra.Module.LocalizedModule.Submodule	.lake/packages/mathlib/.lake/build/ir/Mathlib/Algebra/Module/LocalizedModule/Submodule.c.o.export
Mathlib.Algebra.Module.MinimalAxioms	.lake/packages/mathlib/.lake/build/ir/Mathlib/Algebra/Module/MinimalAxioms.c.o.export
Mathlib.Algebra.Module.NatInt	.lake/packages/mathlib/.lake/build/ir/Mathlib/Algebra/Module/NatInt.c.o.export
Mathlib.Algebra.Module.Opposite	.lake/packages/mathlib/.lake/build/ir/Mathlib/Algebra/Module/Opposite.c.o.export
Mathlib.Algebra.Module.PUnit	.lake/packages/mathlib/.lake/build/ir/Mathlib/Algebra/Module/PUnit.c.o.export
Mathlib.Algebra.Module.Pi	.lake/packages/mathlib/.lake/build/ir/Mathlib/Algebra/Module/Pi.c.o.export
Mathlib.Algebra.Module.Prod	.lake/packages/mathlib/.lake/build/ir/Mathlib/Algebra/Module/Prod.c.o.export
Mathlib.Algebra.Module.Projective	.lake/packages/mathlib/.lake/build/ir/Mathlib/Algebra/Module/Projective.c.o.export
Mathlib.Algebra.Module.Rat	.lake/packages/mathlib/.lake/build/ir/Mathlib/Algebra/Module/Rat.c.o.export
Mathlib.Algebra.Module.RingHom	.lake/packages/mathlib/.lake/build/ir/Mathlib/Algebra/Module/RingHom.c.o.export
Mathlib.Algebra.Module.Shrink	.lake/packages/mathlib/.lake/build/ir/Mathlib/Algebra/Module/Shrink.c.o.export
Mathlib.Algebra.Module.SpanRank	.lake/packages/mathlib/.lake/build/ir/Mathlib/Algebra/Module/SpanRank.c.o.export
Mathlib.Algebra.Module.Submodule.Basic	.lake/packages/mathlib/.lake/build/ir/Mathlib/Algebra/Module/Submodule/Basic.c.o.export
Mathlib.Algebra.Module.Submodule.Bilinear	.lake/packages/mathlib/.lake/build/ir/Mathlib/Algebra/Module/Submodule/Bilinear.c.o.export
Mathlib.Algebra.Module.Submodule.Defs	.lake/packages/mathlib/.lake/build/ir/Mathlib/Algebra/Module/Submodule/Defs.c.o.export
Mathlib.Algebra.Module.Submodule.EqLocus	.lake/packages/mathlib/.lake/build/ir/Mathlib/Algebra/Module/Submodule/EqLocus.c.o.export
Mathlib.Algebra.Module.Submodule.Equiv	.lake/packages/mathlib/.lake/build/ir/Mathlib/Algebra/Module/Submodule/Equiv.c.o.export
Mathlib.Algebra.Module.Submodule.Finsupp	.lake/packages/mathlib/.lake/build/ir/Mathlib/Algebra/Module/Submodule/Finsupp.c.o.export
Mathlib.Algebra.Module.Submodule.Invariant	.lake/packages/mathlib/.lake/build/ir/Mathlib/Algebra/Module/Submodule/Invariant.c.o.export
Mathlib.Algebra.Module.Submodule.IterateMapComap	.lake/packages/mathlib/.lake/build/ir/Mathlib/Algebra/Module/Submodule/IterateMapComap.c.o.export
Mathlib.Algebra.Module.Submodule.Ker	.lake/packages/mathlib/.lake/build/ir/Mathlib/Algebra/Module/Submodule/Ker.c.o.export
Mathlib.Algebra.Module.Submodule.Lattice	.lake/packages/mathlib/.lake/build/ir/Mathlib/Algebra/Module/Submodule/Lattice.c.o.export
Mathlib.Algebra.Module.Submodule.LinearMap	.lake/packages/mathlib/.lake/build/ir/Mathlib/Algebra/Module/Submodule/LinearMap.c.o.export
Mathlib.Algebra.Module.Submodule.Map	.lake/packages/mathlib/.lake/build/ir/Mathlib/Algebra/Module/Submodule/Map.c.o.export
Mathlib.Algebra.Module.Submodule.Pointwise	.lake/packages/mathlib/.lake/build/ir/Mathlib/Algebra/Module/Submodule/Pointwise.c.o.export
Mathlib.Algebra.Module.Submodule.Range	.lake/packages/mathlib/.lake/build/ir/Mathlib/Algebra/Module/Submodule/Range.c.o.export
Mathlib.Algebra.Module.Submodule.RestrictScalars	.lake/packages/mathlib/.lake/build/ir/Mathlib/Algebra/Module/Submodule/RestrictScalars.c.o.export
Mathlib.Algebra.Module.Torsion.Basic	.lake/packages/mathlib/.lake/build/ir/Mathlib/Algebra/Module/Torsion/Basic.c.o.export
Mathlib.Algebra.Module.Torsion.Field	.lake/packages/mathlib/.lake/build/ir/Mathlib/Algebra/Module/Torsion/Field.c.o.export
Mathlib.Algebra.Module.Torsion.Free	.lake/packages/mathlib/.lake/build/ir/Mathlib/Algebra/Module/Torsion/Free.c.o.export
Mathlib.Algebra.Module.Torsion.Pi	.lake/packages/mathlib/.lake/build/ir/Mathlib/Algebra/Module/Torsion/Pi.c.o.export
Mathlib.Algebra.Module.TransferInstance	.lake/packages/mathlib/.lake/build/ir/Mathlib/Algebra/Module/TransferInstance.c.o.export
Mathlib.Algebra.Module.ULift	.lake/packages/mathlib/.lake/build/ir/Mathlib/Algebra/Module/ULift.c.o.export
Mathlib.Algebra.Module.ZMod	.lake/packages/mathlib/.lake/build/ir/Mathlib/Algebra/Module/ZMod.c.o.export
Mathlib.Algebra.MonoidAlgebra.Basic	.lake/packages/mathlib/.lake/build/ir/Mathlib/Algebra/MonoidAlgebra/Basic.c.o.export
Mathlib.Algebra.MonoidAlgebra.Defs	.lake/packages/mathlib/.lake/build/ir/Mathlib/Algebra/MonoidAlgebra/Defs.c.o.export
Mathlib.Algebra.MonoidAlgebra.Degree	.lake/packages/mathlib/.lake/build/ir/Mathlib/Algebra/MonoidAlgebra/Degree.c.o.export
Mathlib.Algebra.MonoidAlgebra.Division	.lake/packages/mathlib/.lake/build/ir/Mathlib/Algebra/MonoidAlgebra/Division.c.o.export
Mathlib.Algebra.MonoidAlgebra.Lift	.lake/packages/mathlib/.lake/build/ir/Mathlib/Algebra/MonoidAlgebra/Lift.c.o.export
Mathlib.Algebra.MonoidAlgebra.MapDomain	.lake/packages/mathlib/.lake/build/ir/Mathlib/Algebra/MonoidAlgebra/MapDomain.c.o.export
Mathlib.Algebra.MonoidAlgebra.Module	.lake/packages/mathlib/.lake/build/ir/Mathlib/Algebra/MonoidAlgebra/Module.c.o.export
Mathlib.Algebra.MonoidAlgebra.NoZeroDivisors	.lake/packages/mathlib/.lake/build/ir/Mathlib/Algebra/MonoidAlgebra/NoZeroDivisors.c.o.export
Mathlib.Algebra.MonoidAlgebra.Opposite	.lake/packages/mathlib/.lake/build/ir/Mathlib/Algebra/MonoidAlgebra/Opposite.c.o.export
Mathlib.Algebra.MonoidAlgebra.Support	.lake/packages/mathlib/.lake/build/ir/Mathlib/Algebra/MonoidAlgebra/Support.c.o.export
Mathlib.Algebra.MvPolynomial.Basic	.lake/packages/mathlib/.lake/build/ir/Mathlib/Algebra/MvPolynomial/Basic.c.o.export
Mathlib.Algebra.MvPolynomial.CommRing	.lake/packages/mathlib/.lake/build/ir/Mathlib/Algebra/MvPolynomial/CommRing.c.o.export
Mathlib.Algebra.MvPolynomial.Degrees	.lake/packages/mathlib/.lake/build/ir/Mathlib/Algebra/MvPolynomial/Degrees.c.o.export
Mathlib.Algebra.MvPolynomial.Equiv	.lake/packages/mathlib/.lake/build/ir/Mathlib/Algebra/MvPolynomial/Equiv.c.o.export
Mathlib.Algebra.MvPolynomial.Eval	.lake/packages/mathlib/.lake/build/ir/Mathlib/Algebra/MvPolynomial/Eval.c.o.export
Mathlib.Algebra.MvPolynomial.Monad	.lake/packages/mathlib/.lake/build/ir/Mathlib/Algebra/MvPolynomial/Monad.c.o.export
Mathlib.Algebra.MvPolynomial.Rename	.lake/packages/mathlib/.lake/build/ir/Mathlib/Algebra/MvPolynomial/Rename.c.o.export
Mathlib.Algebra.MvPolynomial.Supported	.lake/packages/mathlib/.lake/build/ir/Mathlib/Algebra/MvPolynomial/Supported.c.o.export
Mathlib.Algebra.MvPolynomial.Variables	.lake/packages/mathlib/.lake/build/ir/Mathlib/Algebra/MvPolynomial/Variables.c.o.export
Mathlib.Algebra.NeZero	.lake/packages/mathlib/.lake/build/ir/Mathlib/Algebra/NeZero.c.o.export
Mathlib.Algebra.NoZeroSMulDivisors.Basic	.lake/packages/mathlib/.lake/build/ir/Mathlib/Algebra/NoZeroSMulDivisors/Basic.c.o.export
Mathlib.Algebra.NoZeroSMulDivisors.Defs	.lake/packages/mathlib/.lake/build/ir/Mathlib/Algebra/NoZeroSMulDivisors/Defs.c.o.export
Mathlib.Algebra.Notation	.lake/packages/mathlib/.lake/build/ir/Mathlib/Algebra/Notation.c.o.export
Mathlib.Algebra.Notation.Defs	.lake/packages/mathlib/.lake/build/ir/Mathlib/Algebra/Notation/Defs.c.o.export
Mathlib.Algebra.Notation.FiniteSupport	.lake/packages/mathlib/.lake/build/ir/Mathlib/Algebra/Notation/FiniteSupport.c.o.export
Mathlib.Algebra.Notation.Indicator	.lake/packages/mathlib/.lake/build/ir/Mathlib/Algebra/Notation/Indicator.c.o.export
Mathlib.Algebra.Notation.Lemmas	.lake/packages/mathlib/.lake/build/ir/Mathlib/Algebra/Notation/Lemmas.c.o.export
Mathlib.Algebra.Notation.Pi.Basic	.lake/packages/mathlib/.lake/build/ir/Mathlib/Algebra/Notation/Pi/Basic.c.o.export
Mathlib.Algebra.Notation.Pi.Defs	.lake/packages/mathlib/.lake/build/ir/Mathlib/Algebra/Notation/Pi/Defs.c.o.export
Mathlib.Algebra.Notation.Prod	.lake/packages/mathlib/.lake/build/ir/Mathlib/Algebra/Notation/Prod.c.o.export
Mathlib.Algebra.Notation.Support	.lake/packages/mathlib/.lake/build/ir/Mathlib/Algebra/Notation/Support.c.o.export
Mathlib.Algebra.Opposites	.lake/packages/mathlib/.lake/build/ir/Mathlib/Algebra/Opposites.c.o.export
Mathlib.Algebra.Order.AbsoluteValue.Basic	.lake/packages/mathlib/.lake/build/ir/Mathlib/Algebra/Order/AbsoluteValue/Basic.c.o.export
Mathlib.Algebra.Order.AddGroupWithTop	.lake/packages/mathlib/.lake/build/ir/Mathlib/Algebra/Order/AddGroupWithTop.c.o.export
Mathlib.Algebra.Order.Algebra	.lake/packages/mathlib/.lake/build/ir/Mathlib/Algebra/Order/Algebra.c.o.export
Mathlib.Algebra.Order.Antidiag.Finsupp	.lake/packages/mathlib/.lake/build/ir/Mathlib/Algebra/Order/Antidiag/Finsupp.c.o.export
Mathlib.Algebra.Order.Antidiag.Pi	.lake/packages/mathlib/.lake/build/ir/Mathlib/Algebra/Order/Antidiag/Pi.c.o.export
Mathlib.Algebra.Order.Antidiag.Prod	.lake/packages/mathlib/.lake/build/ir/Mathlib/Algebra/Order/Antidiag/Prod.c.o.export
Mathlib.Algebra.Order.Archimedean.Basic	.lake/packages/mathlib/.lake/build/ir/Mathlib/Algebra/Order/Archimedean/Basic.c.o.export
Mathlib.Algebra.Order.Archimedean.Defs	.lake/packages/mathlib/.lake/build/ir/Mathlib/Algebra/Order/Archimedean/Defs.c.o.export
Mathlib.Algebra.Order.BigOperators.Expect	.lake/packages/mathlib/.lake/build/ir/Mathlib/Algebra/Order/BigOperators/Expect.c.o.export
Mathlib.Algebra.Order.BigOperators.Group.Finset	.lake/packages/mathlib/.lake/build/ir/Mathlib/Algebra/Order/BigOperators/Group/Finset.c.o.export
Mathlib.Algebra.Order.BigOperators.Group.List	.lake/packages/mathlib/.lake/build/ir/Mathlib/Algebra/Order/BigOperators/Group/List.c.o.export
Mathlib.Algebra.Order.BigOperators.Group.LocallyFinite	.lake/packages/mathlib/.lake/build/ir/Mathlib/Algebra/Order/BigOperators/Group/LocallyFinite.c.o.export
Mathlib.Algebra.Order.BigOperators.Group.Multiset	.lake/packages/mathlib/.lake/build/ir/Mathlib/Algebra/Order/BigOperators/Group/Multiset.c.o.export
Mathlib.Algebra.Order.BigOperators.GroupWithZero.Finset	.lake/packages/mathlib/.lake/build/ir/Mathlib/Algebra/Order/BigOperators/GroupWithZero/Finset.c.o.export
Mathlib.Algebra.Order.BigOperators.GroupWithZero.List	.lake/packages/mathlib/.lake/build/ir/Mathlib/Algebra/Order/BigOperators/GroupWithZero/List.c.o.export
Mathlib.Algebra.Order.BigOperators.GroupWithZero.Multiset	.lake/packages/mathlib/.lake/build/ir/Mathlib/Algebra/Order/BigOperators/GroupWithZero/Multiset.c.o.export
Mathlib.Algebra.Order.BigOperators.Ring.Finset	.lake/packages/mathlib/.lake/build/ir/Mathlib/Algebra/Order/BigOperators/Ring/Finset.c.o.export
Mathlib.Algebra.Order.BigOperators.Ring.List	.lake/packages/mathlib/.lake/build/ir/Mathlib/Algebra/Order/BigOperators/Ring/List.c.o.export
Mathlib.Algebra.Order.BigOperators.Ring.Multiset	.lake/packages/mathlib/.lake/build/ir/Mathlib/Algebra/Order/BigOperators/Ring/Multiset.c.o.export
Mathlib.Algebra.Order.CauSeq.Basic	.lake/packages/mathlib/.lake/build/ir/Mathlib/Algebra/Order/CauSeq/Basic.c.o.export
Mathlib.Algebra.Order.CauSeq.BigOperators	.lake/packages/mathlib/.lake/build/ir/Mathlib/Algebra/Order/CauSeq/BigOperators.c.o.export
Mathlib.Algebra.Order.CauSeq.Completion	.lake/packages/mathlib/.lake/build/ir/Mathlib/Algebra/Order/CauSeq/Completion.c.o.export
Mathlib.Algebra.Order.Field.Basic	.lake/packages/mathlib/.lake/build/ir/Mathlib/Algebra/Order/Field/Basic.c.o.export
Mathlib.Algebra.Order.Field.Canonical	.lake/packages/mathlib/.lake/build/ir/Mathlib/Algebra/Order/Field/Canonical.c.o.export
Mathlib.Algebra.Order.Field.Power	.lake/packages/mathlib/.lake/build/ir/Mathlib/Algebra/Order/Field/Power.c.o.export
Mathlib.Algebra.Order.Field.Rat	.lake/packages/mathlib/.lake/build/ir/Mathlib/Algebra/Order/Field/Rat.c.o.export
Mathlib.Algebra.Order.Floor.Defs	.lake/packages/mathlib/.lake/build/ir/Mathlib/Algebra/Order/Floor/Defs.c.o.export
Mathlib.Algebra.Order.Floor.Ring	.lake/packages/mathlib/.lake/build/ir/Mathlib/Algebra/Order/Floor/Ring.c.o.export
Mathlib.Algebra.Order.Floor.Semiring	.lake/packages/mathlib/.lake/build/ir/Mathlib/Algebra/Order/Floor/Semiring.c.o.export
Mathlib.Algebra.Order.Group.Abs	.lake/packages/mathlib/.lake/build/ir/Mathlib/Algebra/Order/Group/Abs.c.o.export
Mathlib.Algebra.Order.Group.Action	.lake/packages/mathlib/.lake/build/ir/Mathlib/Algebra/Order/Group/Action.c.o.export
Mathlib.Algebra.Order.Group.Action.Synonym	.lake/packages/mathlib/.lake/build/ir/Mathlib/Algebra/Order/Group/Action/Synonym.c.o.export
Mathlib.Algebra.Order.Group.Basic	.lake/packages/mathlib/.lake/build/ir/Mathlib/Algebra/Order/Group/Basic.c.o.export
Mathlib.Algebra.Order.Group.Defs	.lake/packages/mathlib/.lake/build/ir/Mathlib/Algebra/Order/Group/Defs.c.o.export
Mathlib.Algebra.Order.Group.Finset	.lake/packages/mathlib/.lake/build/ir/Mathlib/Algebra/Order/Group/Finset.c.o.export
Mathlib.Algebra.Order.Group.Indicator	.lake/packages/mathlib/.lake/build/ir/Mathlib/Algebra/Order/Group/Indicator.c.o.export
Mathlib.Algebra.Order.Group.Int	.lake/packages/mathlib/.lake/build/ir/Mathlib/Algebra/Order/Group/Int.c.o.export
Mathlib.Algebra.Order.Group.Lattice	.lake/packages/mathlib/.lake/build/ir/Mathlib/Algebra/Order/Group/Lattice.c.o.export
Mathlib.Algebra.Order.Group.MinMax	.lake/packages/mathlib/.lake/build/ir/Mathlib/Algebra/Order/Group/MinMax.c.o.export
Mathlib.Algebra.Order.Group.Multiset	.lake/packages/mathlib/.lake/build/ir/Mathlib/Algebra/Order/Group/Multiset.c.o.export
Mathlib.Algebra.Order.Group.Nat	.lake/packages/mathlib/.lake/build/ir/Mathlib/Algebra/Order/Group/Nat.c.o.export
Mathlib.Algebra.Order.Group.Opposite	.lake/packages/mathlib/.lake/build/ir/Mathlib/Algebra/Order/Group/Opposite.c.o.export
Mathlib.Algebra.Order.Group.OrderIso	.lake/packages/mathlib/.lake/build/ir/Mathlib/Algebra/Order/Group/OrderIso.c.o.export
Mathlib.Algebra.Order.Group.PiLex	.lake/packages/mathlib/.lake/build/ir/Mathlib/Algebra/Order/Group/PiLex.c.o.export
Mathlib.Algebra.Order.Group.Pointwise.Bounds	.lake/packages/mathlib/.lake/build/ir/Mathlib/Algebra/Order/Group/Pointwise/Bounds.c.o.export
Mathlib.Algebra.Order.Group.Pointwise.CompleteLattice	.lake/packages/mathlib/.lake/build/ir/Mathlib/Algebra/Order/Group/Pointwise/CompleteLattice.c.o.export
Mathlib.Algebra.Order.Group.Pointwise.Interval	.lake/packages/mathlib/.lake/build/ir/Mathlib/Algebra/Order/Group/Pointwise/Interval.c.o.export
Mathlib.Algebra.Order.Group.PosPart	.lake/packages/mathlib/.lake/build/ir/Mathlib/Algebra/Order/Group/PosPart.c.o.export
Mathlib.Algebra.Order.Group.Synonym	.lake/packages/mathlib/.lake/build/ir/Mathlib/Algebra/Order/Group/Synonym.c.o.export
Mathlib.Algebra.Order.Group.Unbundled.Abs	.lake/packages/mathlib/.lake/build/ir/Mathlib/Algebra/Order/Group/Unbundled/Abs.c.o.export
Mathlib.Algebra.Order.Group.Unbundled.Basic	.lake/packages/mathlib/.lake/build/ir/Mathlib/Algebra/Order/Group/Unbundled/Basic.c.o.export
Mathlib.Algebra.Order.Group.Unbundled.Int	.lake/packages/mathlib/.lake/build/ir/Mathlib/Algebra/Order/Group/Unbundled/Int.c.o.export
Mathlib.Algebra.Order.Group.Units	.lake/packages/mathlib/.lake/build/ir/Mathlib/Algebra/Order/Group/Units.c.o.export
Mathlib.Algebra.Order.GroupWithZero.Action.Synonym	.lake/packages/mathlib/.lake/build/ir/Mathlib/Algebra/Order/GroupWithZero/Action/Synonym.c.o.export
Mathlib.Algebra.Order.GroupWithZero.Canonical	.lake/packages/mathlib/.lake/build/ir/Mathlib/Algebra/Order/GroupWithZero/Canonical.c.o.export
Mathlib.Algebra.Order.GroupWithZero.Finset	.lake/packages/mathlib/.lake/build/ir/Mathlib/Algebra/Order/GroupWithZero/Finset.c.o.export
Mathlib.Algebra.Order.GroupWithZero.Range	.lake/packages/mathlib/.lake/build/ir/Mathlib/Algebra/Order/GroupWithZero/Range.c.o.export
Mathlib.Algebra.Order.GroupWithZero.Submonoid	.lake/packages/mathlib/.lake/build/ir/Mathlib/Algebra/Order/GroupWithZero/Submonoid.c.o.export
Mathlib.Algebra.Order.GroupWithZero.Synonym	.lake/packages/mathlib/.lake/build/ir/Mathlib/Algebra/Order/GroupWithZero/Synonym.c.o.export
Mathlib.Algebra.Order.GroupWithZero.Unbundled.Basic	.lake/packages/mathlib/.lake/build/ir/Mathlib/Algebra/Order/GroupWithZero/Unbundled/Basic.c.o.export
Mathlib.Algebra.Order.GroupWithZero.Unbundled.Defs	.lake/packages/mathlib/.lake/build/ir/Mathlib/Algebra/Order/GroupWithZero/Unbundled/Defs.c.o.export
Mathlib.Algebra.Order.GroupWithZero.Unbundled.OrderIso	.lake/packages/mathlib/.lake/build/ir/Mathlib/Algebra/Order/GroupWithZero/Unbundled/OrderIso.c.o.export
Mathlib.Algebra.Order.GroupWithZero.WithZero	.lake/packages/mathlib/.lake/build/ir/Mathlib/Algebra/Order/GroupWithZero/WithZero.c.o.export
Mathlib.Algebra.Order.Hom.Basic	.lake/packages/mathlib/.lake/build/ir/Mathlib/Algebra/Order/Hom/Basic.c.o.export
Mathlib.Algebra.Order.Hom.Monoid	.lake/packages/mathlib/.lake/build/ir/Mathlib/Algebra/Order/Hom/Monoid.c.o.export
Mathlib.Algebra.Order.Hom.MonoidWithZero	.lake/packages/mathlib/.lake/build/ir/Mathlib/Algebra/Order/Hom/MonoidWithZero.c.o.export
Mathlib.Algebra.Order.Hom.Ring	.lake/packages/mathlib/.lake/build/ir/Mathlib/Algebra/Order/Hom/Ring.c.o.export
Mathlib.Algebra.Order.Hom.TypeTags	.lake/packages/mathlib/.lake/build/ir/Mathlib/Algebra/Order/Hom/TypeTags.c.o.export
Mathlib.Algebra.Order.Interval.Finset.Basic	.lake/packages/mathlib/.lake/build/ir/Mathlib/Algebra/Order/Interval/Finset/Basic.c.o.export
Mathlib.Algebra.Order.Interval.Finset.SuccPred	.lake/packages/mathlib/.lake/build/ir/Mathlib/Algebra/Order/Interval/Finset/SuccPred.c.o.export
Mathlib.Algebra.Order.Interval.Set.Group	.lake/packages/mathlib/.lake/build/ir/Mathlib/Algebra/Order/Interval/Set/Group.c.o.export
Mathlib.Algebra.Order.Interval.Set.Instances	.lake/packages/mathlib/.lake/build/ir/Mathlib/Algebra/Order/Interval/Set/Instances.c.o.export
Mathlib.Algebra.Order.Interval.Set.Monoid	.lake/packages/mathlib/.lake/build/ir/Mathlib/Algebra/Order/Interval/Set/Monoid.c.o.export
Mathlib.Algebra.Order.Invertible	.lake/packages/mathlib/.lake/build/ir/Mathlib/Algebra/Order/Invertible.c.o.export
Mathlib.Algebra.Order.IsBotOne	.lake/packages/mathlib/.lake/build/ir/Mathlib/Algebra/Order/IsBotOne.c.o.export
Mathlib.Algebra.Order.Kleene	.lake/packages/mathlib/.lake/build/ir/Mathlib/Algebra/Order/Kleene.c.o.export
Mathlib.Algebra.Order.Module.Defs	.lake/packages/mathlib/.lake/build/ir/Mathlib/Algebra/Order/Module/Defs.c.o.export
Mathlib.Algebra.Order.Module.Field	.lake/packages/mathlib/.lake/build/ir/Mathlib/Algebra/Order/Module/Field.c.o.export
Mathlib.Algebra.Order.Module.Pointwise	.lake/packages/mathlib/.lake/build/ir/Mathlib/Algebra/Order/Module/Pointwise.c.o.export
Mathlib.Algebra.Order.Module.Rat	.lake/packages/mathlib/.lake/build/ir/Mathlib/Algebra/Order/Module/Rat.c.o.export
Mathlib.Algebra.Order.Module.Synonym	.lake/packages/mathlib/.lake/build/ir/Mathlib/Algebra/Order/Module/Synonym.c.o.export
Mathlib.Algebra.Order.Monoid.Basic	.lake/packages/mathlib/.lake/build/ir/Mathlib/Algebra/Order/Monoid/Basic.c.o.export
Mathlib.Algebra.Order.Monoid.Canonical.Defs	.lake/packages/mathlib/.lake/build/ir/Mathlib/Algebra/Order/Monoid/Canonical/Defs.c.o.export
Mathlib.Algebra.Order.Monoid.Defs	.lake/packages/mathlib/.lake/build/ir/Mathlib/Algebra/Order/Monoid/Defs.c.o.export
Mathlib.Algebra.Order.Monoid.NatCast	.lake/packages/mathlib/.lake/build/ir/Mathlib/Algebra/Order/Monoid/NatCast.c.o.export
Mathlib.Algebra.Order.Monoid.OrderDual	.lake/packages/mathlib/.lake/build/ir/Mathlib/Algebra/Order/Monoid/OrderDual.c.o.export
Mathlib.Algebra.Order.Monoid.TypeTags	.lake/packages/mathlib/.lake/build/ir/Mathlib/Algebra/Order/Monoid/TypeTags.c.o.export
Mathlib.Algebra.Order.Monoid.Unbundled.Basic	.lake/packages/mathlib/.lake/build/ir/Mathlib/Algebra/Order/Monoid/Unbundled/Basic.c.o.export
Mathlib.Algebra.Order.Monoid.Unbundled.Defs	.lake/packages/mathlib/.lake/build/ir/Mathlib/Algebra/Order/Monoid/Unbundled/Defs.c.o.export
Mathlib.Algebra.Order.Monoid.Unbundled.ExistsOfLE	.lake/packages/mathlib/.lake/build/ir/Mathlib/Algebra/Order/Monoid/Unbundled/ExistsOfLE.c.o.export
Mathlib.Algebra.Order.Monoid.Unbundled.MinMax	.lake/packages/mathlib/.lake/build/ir/Mathlib/Algebra/Order/Monoid/Unbundled/MinMax.c.o.export
Mathlib.Algebra.Order.Monoid.Unbundled.OrderDual	.lake/packages/mathlib/.lake/build/ir/Mathlib/Algebra/Order/Monoid/Unbundled/OrderDual.c.o.export
Mathlib.Algebra.Order.Monoid.Unbundled.Pow	.lake/packages/mathlib/.lake/build/ir/Mathlib/Algebra/Order/Monoid/Unbundled/Pow.c.o.export
Mathlib.Algebra.Order.Monoid.Unbundled.TypeTags	.lake/packages/mathlib/.lake/build/ir/Mathlib/Algebra/Order/Monoid/Unbundled/TypeTags.c.o.export
Mathlib.Algebra.Order.Monoid.Unbundled.WithTop	.lake/packages/mathlib/.lake/build/ir/Mathlib/Algebra/Order/Monoid/Unbundled/WithTop.c.o.export
Mathlib.Algebra.Order.Monoid.Units	.lake/packages/mathlib/.lake/build/ir/Mathlib/Algebra/Order/Monoid/Units.c.o.export
Mathlib.Algebra.Order.Monoid.WithTop	.lake/packages/mathlib/.lake/build/ir/Mathlib/Algebra/Order/Monoid/WithTop.c.o.export
Mathlib.Algebra.Order.Nonneg.Basic	.lake/packages/mathlib/.lake/build/ir/Mathlib/Algebra/Order/Nonneg/Basic.c.o.export
Mathlib.Algebra.Order.Nonneg.Field	.lake/packages/mathlib/.lake/build/ir/Mathlib/Algebra/Order/Nonneg/Field.c.o.export
Mathlib.Algebra.Order.Nonneg.Floor	.lake/packages/mathlib/.lake/build/ir/Mathlib/Algebra/Order/Nonneg/Floor.c.o.export
Mathlib.Algebra.Order.Nonneg.Lattice	.lake/packages/mathlib/.lake/build/ir/Mathlib/Algebra/Order/Nonneg/Lattice.c.o.export
Mathlib.Algebra.Order.Nonneg.Module	.lake/packages/mathlib/.lake/build/ir/Mathlib/Algebra/Order/Nonneg/Module.c.o.export
Mathlib.Algebra.Order.Nonneg.Ring	.lake/packages/mathlib/.lake/build/ir/Mathlib/Algebra/Order/Nonneg/Ring.c.o.export
Mathlib.Algebra.Order.Pi	.lake/packages/mathlib/.lake/build/ir/Mathlib/Algebra/Order/Pi.c.o.export
Mathlib.Algebra.Order.Positive.Ring	.lake/packages/mathlib/.lake/build/ir/Mathlib/Algebra/Order/Positive/Ring.c.o.export
Mathlib.Algebra.Order.Ring.Abs	.lake/packages/mathlib/.lake/build/ir/Mathlib/Algebra/Order/Ring/Abs.c.o.export
Mathlib.Algebra.Order.Ring.Basic	.lake/packages/mathlib/.lake/build/ir/Mathlib/Algebra/Order/Ring/Basic.c.o.export
Mathlib.Algebra.Order.Ring.Canonical	.lake/packages/mathlib/.lake/build/ir/Mathlib/Algebra/Order/Ring/Canonical.c.o.export
Mathlib.Algebra.Order.Ring.Cast	.lake/packages/mathlib/.lake/build/ir/Mathlib/Algebra/Order/Ring/Cast.c.o.export
Mathlib.Algebra.Order.Ring.Defs	.lake/packages/mathlib/.lake/build/ir/Mathlib/Algebra/Order/Ring/Defs.c.o.export
Mathlib.Algebra.Order.Ring.GeomSum	.lake/packages/mathlib/.lake/build/ir/Mathlib/Algebra/Order/Ring/GeomSum.c.o.export
Mathlib.Algebra.Order.Ring.Idempotent	.lake/packages/mathlib/.lake/build/ir/Mathlib/Algebra/Order/Ring/Idempotent.c.o.export
Mathlib.Algebra.Order.Ring.InjSurj	.lake/packages/mathlib/.lake/build/ir/Mathlib/Algebra/Order/Ring/InjSurj.c.o.export
Mathlib.Algebra.Order.Ring.Int	.lake/packages/mathlib/.lake/build/ir/Mathlib/Algebra/Order/Ring/Int.c.o.export
Mathlib.Algebra.Order.Ring.Interval	.lake/packages/mathlib/.lake/build/ir/Mathlib/Algebra/Order/Ring/Interval.c.o.export
Mathlib.Algebra.Order.Ring.IsNonarchimedean	.lake/packages/mathlib/.lake/build/ir/Mathlib/Algebra/Order/Ring/IsNonarchimedean.c.o.export
Mathlib.Algebra.Order.Ring.Nat	.lake/packages/mathlib/.lake/build/ir/Mathlib/Algebra/Order/Ring/Nat.c.o.export
Mathlib.Algebra.Order.Ring.Pow	.lake/packages/mathlib/.lake/build/ir/Mathlib/Algebra/Order/Ring/Pow.c.o.export
Mathlib.Algebra.Order.Ring.Rat	.lake/packages/mathlib/.lake/build/ir/Mathlib/Algebra/Order/Ring/Rat.c.o.export
Mathlib.Algebra.Order.Ring.Synonym	.lake/packages/mathlib/.lake/build/ir/Mathlib/Algebra/Order/Ring/Synonym.c.o.export
Mathlib.Algebra.Order.Ring.Unbundled.Basic	.lake/packages/mathlib/.lake/build/ir/Mathlib/Algebra/Order/Ring/Unbundled/Basic.c.o.export
Mathlib.Algebra.Order.Ring.Unbundled.Rat	.lake/packages/mathlib/.lake/build/ir/Mathlib/Algebra/Order/Ring/Unbundled/Rat.c.o.export
Mathlib.Algebra.Order.Ring.WithTop	.lake/packages/mathlib/.lake/build/ir/Mathlib/Algebra/Order/Ring/WithTop.c.o.export
Mathlib.Algebra.Order.Round	.lake/packages/mathlib/.lake/build/ir/Mathlib/Algebra/Order/Round.c.o.export
Mathlib.Algebra.Order.Star.Basic	.lake/packages/mathlib/.lake/build/ir/Mathlib/Algebra/Order/Star/Basic.c.o.export
Mathlib.Algebra.Order.Sub.Basic	.lake/packages/mathlib/.lake/build/ir/Mathlib/Algebra/Order/Sub/Basic.c.o.export
Mathlib.Algebra.Order.Sub.Defs	.lake/packages/mathlib/.lake/build/ir/Mathlib/Algebra/Order/Sub/Defs.c.o.export
Mathlib.Algebra.Order.Sub.Unbundled.Basic	.lake/packages/mathlib/.lake/build/ir/Mathlib/Algebra/Order/Sub/Unbundled/Basic.c.o.export
Mathlib.Algebra.Order.Sub.WithTop	.lake/packages/mathlib/.lake/build/ir/Mathlib/Algebra/Order/Sub/WithTop.c.o.export
Mathlib.Algebra.Order.SuccPred	.lake/packages/mathlib/.lake/build/ir/Mathlib/Algebra/Order/SuccPred.c.o.export
Mathlib.Algebra.Order.SuccPred.PartialSups	.lake/packages/mathlib/.lake/build/ir/Mathlib/Algebra/Order/SuccPred/PartialSups.c.o.export
Mathlib.Algebra.Order.SuccPred.WithBot	.lake/packages/mathlib/.lake/build/ir/Mathlib/Algebra/Order/SuccPred/WithBot.c.o.export
Mathlib.Algebra.Order.ToIntervalMod	.lake/packages/mathlib/.lake/build/ir/Mathlib/Algebra/Order/ToIntervalMod.c.o.export
Mathlib.Algebra.Order.ZeroLEOne	.lake/packages/mathlib/.lake/build/ir/Mathlib/Algebra/Order/ZeroLEOne.c.o.export
Mathlib.Algebra.Polynomial.AlgebraMap	.lake/packages/mathlib/.lake/build/ir/Mathlib/Algebra/Polynomial/AlgebraMap.c.o.export
Mathlib.Algebra.Polynomial.Basic	.lake/packages/mathlib/.lake/build/ir/Mathlib/Algebra/Polynomial/Basic.c.o.export
Mathlib.Algebra.Polynomial.BigOperators	.lake/packages/mathlib/.lake/build/ir/Mathlib/Algebra/Polynomial/BigOperators.c.o.export
Mathlib.Algebra.Polynomial.CancelLeads	.lake/packages/mathlib/.lake/build/ir/Mathlib/Algebra/Polynomial/CancelLeads.c.o.export
Mathlib.Algebra.Polynomial.Coeff	.lake/packages/mathlib/.lake/build/ir/Mathlib/Algebra/Polynomial/Coeff.c.o.export
Mathlib.Algebra.Polynomial.Degree.Defs	.lake/packages/mathlib/.lake/build/ir/Mathlib/Algebra/Polynomial/Degree/Defs.c.o.export
Mathlib.Algebra.Polynomial.Degree.Domain	.lake/packages/mathlib/.lake/build/ir/Mathlib/Algebra/Polynomial/Degree/Domain.c.o.export
Mathlib.Algebra.Polynomial.Degree.Lemmas	.lake/packages/mathlib/.lake/build/ir/Mathlib/Algebra/Polynomial/Degree/Lemmas.c.o.export
Mathlib.Algebra.Polynomial.Degree.Monomial	.lake/packages/mathlib/.lake/build/ir/Mathlib/Algebra/Polynomial/Degree/Monomial.c.o.export
Mathlib.Algebra.Polynomial.Degree.Operations	.lake/packages/mathlib/.lake/build/ir/Mathlib/Algebra/Polynomial/Degree/Operations.c.o.export
Mathlib.Algebra.Polynomial.Degree.SmallDegree	.lake/packages/mathlib/.lake/build/ir/Mathlib/Algebra/Polynomial/Degree/SmallDegree.c.o.export
Mathlib.Algebra.Polynomial.Degree.Support	.lake/packages/mathlib/.lake/build/ir/Mathlib/Algebra/Polynomial/Degree/Support.c.o.export
Mathlib.Algebra.Polynomial.Degree.TrailingDegree	.lake/packages/mathlib/.lake/build/ir/Mathlib/Algebra/Polynomial/Degree/TrailingDegree.c.o.export
Mathlib.Algebra.Polynomial.Degree.Units	.lake/packages/mathlib/.lake/build/ir/Mathlib/Algebra/Polynomial/Degree/Units.c.o.export
Mathlib.Algebra.Polynomial.Derivative	.lake/packages/mathlib/.lake/build/ir/Mathlib/Algebra/Polynomial/Derivative.c.o.export
Mathlib.Algebra.Polynomial.Div	.lake/packages/mathlib/.lake/build/ir/Mathlib/Algebra/Polynomial/Div.c.o.export
Mathlib.Algebra.Polynomial.EraseLead	.lake/packages/mathlib/.lake/build/ir/Mathlib/Algebra/Polynomial/EraseLead.c.o.export
Mathlib.Algebra.Polynomial.Eval.Algebra	.lake/packages/mathlib/.lake/build/ir/Mathlib/Algebra/Polynomial/Eval/Algebra.c.o.export
Mathlib.Algebra.Polynomial.Eval.Coeff	.lake/packages/mathlib/.lake/build/ir/Mathlib/Algebra/Polynomial/Eval/Coeff.c.o.export
Mathlib.Algebra.Polynomial.Eval.Defs	.lake/packages/mathlib/.lake/build/ir/Mathlib/Algebra/Polynomial/Eval/Defs.c.o.export
Mathlib.Algebra.Polynomial.Eval.Degree	.lake/packages/mathlib/.lake/build/ir/Mathlib/Algebra/Polynomial/Eval/Degree.c.o.export
Mathlib.Algebra.Polynomial.Eval.SMul	.lake/packages/mathlib/.lake/build/ir/Mathlib/Algebra/Polynomial/Eval/SMul.c.o.export
Mathlib.Algebra.Polynomial.Eval.Subring	.lake/packages/mathlib/.lake/build/ir/Mathlib/Algebra/Polynomial/Eval/Subring.c.o.export
Mathlib.Algebra.Polynomial.Expand	.lake/packages/mathlib/.lake/build/ir/Mathlib/Algebra/Polynomial/Expand.c.o.export
Mathlib.Algebra.Polynomial.FieldDivision	.lake/packages/mathlib/.lake/build/ir/Mathlib/Algebra/Polynomial/FieldDivision.c.o.export
Mathlib.Algebra.Polynomial.GroupRingAction	.lake/packages/mathlib/.lake/build/ir/Mathlib/Algebra/Polynomial/GroupRingAction.c.o.export
Mathlib.Algebra.Polynomial.HasseDeriv	.lake/packages/mathlib/.lake/build/ir/Mathlib/Algebra/Polynomial/HasseDeriv.c.o.export
Mathlib.Algebra.Polynomial.Identities	.lake/packages/mathlib/.lake/build/ir/Mathlib/Algebra/Polynomial/Identities.c.o.export
Mathlib.Algebra.Polynomial.Inductions	.lake/packages/mathlib/.lake/build/ir/Mathlib/Algebra/Polynomial/Inductions.c.o.export
Mathlib.Algebra.Polynomial.Laurent	.lake/packages/mathlib/.lake/build/ir/Mathlib/Algebra/Polynomial/Laurent.c.o.export
Mathlib.Algebra.Polynomial.Lifts	.lake/packages/mathlib/.lake/build/ir/Mathlib/Algebra/Polynomial/Lifts.c.o.export
Mathlib.Algebra.Polynomial.Module.AEval	.lake/packages/mathlib/.lake/build/ir/Mathlib/Algebra/Polynomial/Module/AEval.c.o.export
Mathlib.Algebra.Polynomial.Module.Basic	.lake/packages/mathlib/.lake/build/ir/Mathlib/Algebra/Polynomial/Module/Basic.c.o.export
Mathlib.Algebra.Polynomial.Monic	.lake/packages/mathlib/.lake/build/ir/Mathlib/Algebra/Polynomial/Monic.c.o.export
Mathlib.Algebra.Polynomial.Monomial	.lake/packages/mathlib/.lake/build/ir/Mathlib/Algebra/Polynomial/Monomial.c.o.export
Mathlib.Algebra.Polynomial.Reverse	.lake/packages/mathlib/.lake/build/ir/Mathlib/Algebra/Polynomial/Reverse.c.o.export
Mathlib.Algebra.Polynomial.RingDivision	.lake/packages/mathlib/.lake/build/ir/Mathlib/Algebra/Polynomial/RingDivision.c.o.export
Mathlib.Algebra.Polynomial.Roots	.lake/packages/mathlib/.lake/build/ir/Mathlib/Algebra/Polynomial/Roots.c.o.export
Mathlib.Algebra.Polynomial.Splits	.lake/packages/mathlib/.lake/build/ir/Mathlib/Algebra/Polynomial/Splits.c.o.export
Mathlib.Algebra.Polynomial.Taylor	.lake/packages/mathlib/.lake/build/ir/Mathlib/Algebra/Polynomial/Taylor.c.o.export
Mathlib.Algebra.Prime.Defs	.lake/packages/mathlib/.lake/build/ir/Mathlib/Algebra/Prime/Defs.c.o.export
Mathlib.Algebra.Prime.Lemmas	.lake/packages/mathlib/.lake/build/ir/Mathlib/Algebra/Prime/Lemmas.c.o.export
Mathlib.Algebra.QuadraticDiscriminant	.lake/packages/mathlib/.lake/build/ir/Mathlib/Algebra/QuadraticDiscriminant.c.o.export
Mathlib.Algebra.Quotient	.lake/packages/mathlib/.lake/build/ir/Mathlib/Algebra/Quotient.c.o.export
Mathlib.Algebra.Regular.Basic	.lake/packages/mathlib/.lake/build/ir/Mathlib/Algebra/Regular/Basic.c.o.export
Mathlib.Algebra.Regular.Defs	.lake/packages/mathlib/.lake/build/ir/Mathlib/Algebra/Regular/Defs.c.o.export
Mathlib.Algebra.Regular.Opposite	.lake/packages/mathlib/.lake/build/ir/Mathlib/Algebra/Regular/Opposite.c.o.export
Mathlib.Algebra.Regular.Pow	.lake/packages/mathlib/.lake/build/ir/Mathlib/Algebra/Regular/Pow.c.o.export
Mathlib.Algebra.Regular.SMul	.lake/packages/mathlib/.lake/build/ir/Mathlib/Algebra/Regular/SMul.c.o.export
Mathlib.Algebra.Ring.Action.Basic	.lake/packages/mathlib/.lake/build/ir/Mathlib/Algebra/Ring/Action/Basic.c.o.export
Mathlib.Algebra.Ring.Action.ConjAct	.lake/packages/mathlib/.lake/build/ir/Mathlib/Algebra/Ring/Action/ConjAct.c.o.export
Mathlib.Algebra.Ring.Action.End	.lake/packages/mathlib/.lake/build/ir/Mathlib/Algebra/Ring/Action/End.c.o.export
Mathlib.Algebra.Ring.Action.Field	.lake/packages/mathlib/.lake/build/ir/Mathlib/Algebra/Ring/Action/Field.c.o.export
Mathlib.Algebra.Ring.Action.Group	.lake/packages/mathlib/.lake/build/ir/Mathlib/Algebra/Ring/Action/Group.c.o.export
Mathlib.Algebra.Ring.Action.Invariant	.lake/packages/mathlib/.lake/build/ir/Mathlib/Algebra/Ring/Action/Invariant.c.o.export
Mathlib.Algebra.Ring.Action.Pointwise.Set	.lake/packages/mathlib/.lake/build/ir/Mathlib/Algebra/Ring/Action/Pointwise/Set.c.o.export
Mathlib.Algebra.Ring.Action.Rat	.lake/packages/mathlib/.lake/build/ir/Mathlib/Algebra/Ring/Action/Rat.c.o.export
Mathlib.Algebra.Ring.Action.Submonoid	.lake/packages/mathlib/.lake/build/ir/Mathlib/Algebra/Ring/Action/Submonoid.c.o.export
Mathlib.Algebra.Ring.Action.Subobjects	.lake/packages/mathlib/.lake/build/ir/Mathlib/Algebra/Ring/Action/Subobjects.c.o.export
Mathlib.Algebra.Ring.AddAut	.lake/packages/mathlib/.lake/build/ir/Mathlib/Algebra/Ring/AddAut.c.o.export
Mathlib.Algebra.Ring.Associated	.lake/packages/mathlib/.lake/build/ir/Mathlib/Algebra/Ring/Associated.c.o.export
Mathlib.Algebra.Ring.Aut	.lake/packages/mathlib/.lake/build/ir/Mathlib/Algebra/Ring/Aut.c.o.export
Mathlib.Algebra.Ring.Basic	.lake/packages/mathlib/.lake/build/ir/Mathlib/Algebra/Ring/Basic.c.o.export
Mathlib.Algebra.Ring.Center	.lake/packages/mathlib/.lake/build/ir/Mathlib/Algebra/Ring/Center.c.o.export
Mathlib.Algebra.Ring.Centralizer	.lake/packages/mathlib/.lake/build/ir/Mathlib/Algebra/Ring/Centralizer.c.o.export
Mathlib.Algebra.Ring.CharZero	.lake/packages/mathlib/.lake/build/ir/Mathlib/Algebra/Ring/CharZero.c.o.export
Mathlib.Algebra.Ring.Commute	.lake/packages/mathlib/.lake/build/ir/Mathlib/Algebra/Ring/Commute.c.o.export
Mathlib.Algebra.Ring.CompTypeclasses	.lake/packages/mathlib/.lake/build/ir/Mathlib/Algebra/Ring/CompTypeclasses.c.o.export
Mathlib.Algebra.Ring.Defs	.lake/packages/mathlib/.lake/build/ir/Mathlib/Algebra/Ring/Defs.c.o.export
Mathlib.Algebra.Ring.Divisibility.Basic	.lake/packages/mathlib/.lake/build/ir/Mathlib/Algebra/Ring/Divisibility/Basic.c.o.export
Mathlib.Algebra.Ring.Equiv	.lake/packages/mathlib/.lake/build/ir/Mathlib/Algebra/Ring/Equiv.c.o.export
Mathlib.Algebra.Ring.Fin	.lake/packages/mathlib/.lake/build/ir/Mathlib/Algebra/Ring/Fin.c.o.export
Mathlib.Algebra.Ring.GeomSum	.lake/packages/mathlib/.lake/build/ir/Mathlib/Algebra/Ring/GeomSum.c.o.export
Mathlib.Algebra.Ring.GrindInstances	.lake/packages/mathlib/.lake/build/ir/Mathlib/Algebra/Ring/GrindInstances.c.o.export
Mathlib.Algebra.Ring.Hom.Defs	.lake/packages/mathlib/.lake/build/ir/Mathlib/Algebra/Ring/Hom/Defs.c.o.export
Mathlib.Algebra.Ring.Hom.InjSurj	.lake/packages/mathlib/.lake/build/ir/Mathlib/Algebra/Ring/Hom/InjSurj.c.o.export
Mathlib.Algebra.Ring.Idempotent	.lake/packages/mathlib/.lake/build/ir/Mathlib/Algebra/Ring/Idempotent.c.o.export
Mathlib.Algebra.Ring.InjSurj	.lake/packages/mathlib/.lake/build/ir/Mathlib/Algebra/Ring/InjSurj.c.o.export
Mathlib.Algebra.Ring.Int.Defs	.lake/packages/mathlib/.lake/build/ir/Mathlib/Algebra/Ring/Int/Defs.c.o.export
Mathlib.Algebra.Ring.Int.Field	.lake/packages/mathlib/.lake/build/ir/Mathlib/Algebra/Ring/Int/Field.c.o.export
Mathlib.Algebra.Ring.Int.Parity	.lake/packages/mathlib/.lake/build/ir/Mathlib/Algebra/Ring/Int/Parity.c.o.export
Mathlib.Algebra.Ring.Int.Units	.lake/packages/mathlib/.lake/build/ir/Mathlib/Algebra/Ring/Int/Units.c.o.export
Mathlib.Algebra.Ring.Invertible	.lake/packages/mathlib/.lake/build/ir/Mathlib/Algebra/Ring/Invertible.c.o.export
Mathlib.Algebra.Ring.Nat	.lake/packages/mathlib/.lake/build/ir/Mathlib/Algebra/Ring/Nat.c.o.export
Mathlib.Algebra.Ring.NegOnePow	.lake/packages/mathlib/.lake/build/ir/Mathlib/Algebra/Ring/NegOnePow.c.o.export
Mathlib.Algebra.Ring.NonZeroDivisors	.lake/packages/mathlib/.lake/build/ir/Mathlib/Algebra/Ring/NonZeroDivisors.c.o.export
Mathlib.Algebra.Ring.Opposite	.lake/packages/mathlib/.lake/build/ir/Mathlib/Algebra/Ring/Opposite.c.o.export
Mathlib.Algebra.Ring.PUnit	.lake/packages/mathlib/.lake/build/ir/Mathlib/Algebra/Ring/PUnit.c.o.export
Mathlib.Algebra.Ring.Parity	.lake/packages/mathlib/.lake/build/ir/Mathlib/Algebra/Ring/Parity.c.o.export
Mathlib.Algebra.Ring.Periodic	.lake/packages/mathlib/.lake/build/ir/Mathlib/Algebra/Ring/Periodic.c.o.export
Mathlib.Algebra.Ring.Pi	.lake/packages/mathlib/.lake/build/ir/Mathlib/Algebra/Ring/Pi.c.o.export
Mathlib.Algebra.Ring.Prod	.lake/packages/mathlib/.lake/build/ir/Mathlib/Algebra/Ring/Prod.c.o.export
Mathlib.Algebra.Ring.Rat	.lake/packages/mathlib/.lake/build/ir/Mathlib/Algebra/Ring/Rat.c.o.export
Mathlib.Algebra.Ring.Regular	.lake/packages/mathlib/.lake/build/ir/Mathlib/Algebra/Ring/Regular.c.o.export
Mathlib.Algebra.Ring.Semiconj	.lake/packages/mathlib/.lake/build/ir/Mathlib/Algebra/Ring/Semiconj.c.o.export
Mathlib.Algebra.Ring.Shrink	.lake/packages/mathlib/.lake/build/ir/Mathlib/Algebra/Ring/Shrink.c.o.export
Mathlib.Algebra.Ring.Submonoid.Basic	.lake/packages/mathlib/.lake/build/ir/Mathlib/Algebra/Ring/Submonoid/Basic.c.o.export
Mathlib.Algebra.Ring.Submonoid.Pointwise	.lake/packages/mathlib/.lake/build/ir/Mathlib/Algebra/Ring/Submonoid/Pointwise.c.o.export
Mathlib.Algebra.Ring.Subring.Basic	.lake/packages/mathlib/.lake/build/ir/Mathlib/Algebra/Ring/Subring/Basic.c.o.export
Mathlib.Algebra.Ring.Subring.Defs	.lake/packages/mathlib/.lake/build/ir/Mathlib/Algebra/Ring/Subring/Defs.c.o.export
Mathlib.Algebra.Ring.Subring.Pointwise	.lake/packages/mathlib/.lake/build/ir/Mathlib/Algebra/Ring/Subring/Pointwise.c.o.export
Mathlib.Algebra.Ring.Subring.Units	.lake/packages/mathlib/.lake/build/ir/Mathlib/Algebra/Ring/Subring/Units.c.o.export
Mathlib.Algebra.Ring.Subsemiring.Basic	.lake/packages/mathlib/.lake/build/ir/Mathlib/Algebra/Ring/Subsemiring/Basic.c.o.export
Mathlib.Algebra.Ring.Subsemiring.Defs	.lake/packages/mathlib/.lake/build/ir/Mathlib/Algebra/Ring/Subsemiring/Defs.c.o.export
Mathlib.Algebra.Ring.Subsemiring.Pointwise	.lake/packages/mathlib/.lake/build/ir/Mathlib/Algebra/Ring/Subsemiring/Pointwise.c.o.export
Mathlib.Algebra.Ring.Torsion	.lake/packages/mathlib/.lake/build/ir/Mathlib/Algebra/Ring/Torsion.c.o.export
Mathlib.Algebra.Ring.TransferInstance	.lake/packages/mathlib/.lake/build/ir/Mathlib/Algebra/Ring/TransferInstance.c.o.export
Mathlib.Algebra.Ring.ULift	.lake/packages/mathlib/.lake/build/ir/Mathlib/Algebra/Ring/ULift.c.o.export
Mathlib.Algebra.Ring.Units	.lake/packages/mathlib/.lake/build/ir/Mathlib/Algebra/Ring/Units.c.o.export
Mathlib.Algebra.Squarefree.Basic	.lake/packages/mathlib/.lake/build/ir/Mathlib/Algebra/Squarefree/Basic.c.o.export
Mathlib.Algebra.Star.Basic	.lake/packages/mathlib/.lake/build/ir/Mathlib/Algebra/Star/Basic.c.o.export
Mathlib.Algebra.Star.BigOperators	.lake/packages/mathlib/.lake/build/ir/Mathlib/Algebra/Star/BigOperators.c.o.export
Mathlib.Algebra.Star.Center	.lake/packages/mathlib/.lake/build/ir/Mathlib/Algebra/Star/Center.c.o.export
Mathlib.Algebra.Star.Module	.lake/packages/mathlib/.lake/build/ir/Mathlib/Algebra/Star/Module.c.o.export
Mathlib.Algebra.Star.MonoidHom	.lake/packages/mathlib/.lake/build/ir/Mathlib/Algebra/Star/MonoidHom.c.o.export
Mathlib.Algebra.Star.NonUnitalSubalgebra	.lake/packages/mathlib/.lake/build/ir/Mathlib/Algebra/Star/NonUnitalSubalgebra.c.o.export
Mathlib.Algebra.Star.Pi	.lake/packages/mathlib/.lake/build/ir/Mathlib/Algebra/Star/Pi.c.o.export
Mathlib.Algebra.Star.Pointwise	.lake/packages/mathlib/.lake/build/ir/Mathlib/Algebra/Star/Pointwise.c.o.export
Mathlib.Algebra.Star.Prod	.lake/packages/mathlib/.lake/build/ir/Mathlib/Algebra/Star/Prod.c.o.export
Mathlib.Algebra.Star.Rat	.lake/packages/mathlib/.lake/build/ir/Mathlib/Algebra/Star/Rat.c.o.export
Mathlib.Algebra.Star.SelfAdjoint	.lake/packages/mathlib/.lake/build/ir/Mathlib/Algebra/Star/SelfAdjoint.c.o.export
Mathlib.Algebra.Star.StarAlgHom	.lake/packages/mathlib/.lake/build/ir/Mathlib/Algebra/Star/StarAlgHom.c.o.export
Mathlib.Algebra.Star.StarProjection	.lake/packages/mathlib/.lake/build/ir/Mathlib/Algebra/Star/StarProjection.c.o.export
Mathlib.Algebra.Star.StarRingHom	.lake/packages/mathlib/.lake/build/ir/Mathlib/Algebra/Star/StarRingHom.c.o.export
Mathlib.Algebra.Star.Subalgebra	.lake/packages/mathlib/.lake/build/ir/Mathlib/Algebra/Star/Subalgebra.c.o.export
Mathlib.Algebra.Star.TensorProduct	.lake/packages/mathlib/.lake/build/ir/Mathlib/Algebra/Star/TensorProduct.c.o.export
Mathlib.Algebra.Star.Unitary	.lake/packages/mathlib/.lake/build/ir/Mathlib/Algebra/Star/Unitary.c.o.export
Mathlib.Analysis.Asymptotics.Defs	.lake/packages/mathlib/.lake/build/ir/Mathlib/Analysis/Asymptotics/Defs.c.o.export
Mathlib.Analysis.Asymptotics.Lemmas	.lake/packages/mathlib/.lake/build/ir/Mathlib/Analysis/Asymptotics/Lemmas.c.o.export
Mathlib.Analysis.Asymptotics.Theta	.lake/packages/mathlib/.lake/build/ir/Mathlib/Analysis/Asymptotics/Theta.c.o.export
Mathlib.Analysis.CStarAlgebra.Basic	.lake/packages/mathlib/.lake/build/ir/Mathlib/Analysis/CStarAlgebra/Basic.c.o.export
Mathlib.Analysis.Complex.Arg	.lake/packages/mathlib/.lake/build/ir/Mathlib/Analysis/Complex/Arg.c.o.export
Mathlib.Analysis.Complex.Asymptotics	.lake/packages/mathlib/.lake/build/ir/Mathlib/Analysis/Complex/Asymptotics.c.o.export
Mathlib.Analysis.Complex.Basic	.lake/packages/mathlib/.lake/build/ir/Mathlib/Analysis/Complex/Basic.c.o.export
Mathlib.Analysis.Complex.Exponential	.lake/packages/mathlib/.lake/build/ir/Mathlib/Analysis/Complex/Exponential.c.o.export
Mathlib.Analysis.Complex.Norm	.lake/packages/mathlib/.lake/build/ir/Mathlib/Analysis/Complex/Norm.c.o.export
Mathlib.Analysis.Complex.Order	.lake/packages/mathlib/.lake/build/ir/Mathlib/Analysis/Complex/Order.c.o.export
Mathlib.Analysis.Complex.Trigonometric	.lake/packages/mathlib/.lake/build/ir/Mathlib/Analysis/Complex/Trigonometric.c.o.export
Mathlib.Analysis.Convex.Basic	.lake/packages/mathlib/.lake/build/ir/Mathlib/Analysis/Convex/Basic.c.o.export
Mathlib.Analysis.Convex.Combination	.lake/packages/mathlib/.lake/build/ir/Mathlib/Analysis/Convex/Combination.c.o.export
Mathlib.Analysis.Convex.Function	.lake/packages/mathlib/.lake/build/ir/Mathlib/Analysis/Convex/Function.c.o.export
Mathlib.Analysis.Convex.Hull	.lake/packages/mathlib/.lake/build/ir/Mathlib/Analysis/Convex/Hull.c.o.export
Mathlib.Analysis.Convex.Jensen	.lake/packages/mathlib/.lake/build/ir/Mathlib/Analysis/Convex/Jensen.c.o.export
Mathlib.Analysis.Convex.PathConnected	.lake/packages/mathlib/.lake/build/ir/Mathlib/Analysis/Convex/PathConnected.c.o.export
Mathlib.Analysis.Convex.Segment	.lake/packages/mathlib/.lake/build/ir/Mathlib/Analysis/Convex/Segment.c.o.export
Mathlib.Analysis.Convex.Star	.lake/packages/mathlib/.lake/build/ir/Mathlib/Analysis/Convex/Star.c.o.export
Mathlib.Analysis.Convex.StdSimplex	.lake/packages/mathlib/.lake/build/ir/Mathlib/Analysis/Convex/StdSimplex.c.o.export
Mathlib.Analysis.Convex.Strict	.lake/packages/mathlib/.lake/build/ir/Mathlib/Analysis/Convex/Strict.c.o.export
Mathlib.Analysis.Convex.StrictConvexSpace	.lake/packages/mathlib/.lake/build/ir/Mathlib/Analysis/Convex/StrictConvexSpace.c.o.export
Mathlib.Analysis.Convex.Topology	.lake/packages/mathlib/.lake/build/ir/Mathlib/Analysis/Convex/Topology.c.o.export
Mathlib.Analysis.Convex.Uniform	.lake/packages/mathlib/.lake/build/ir/Mathlib/Analysis/Convex/Uniform.c.o.export
Mathlib.Analysis.InnerProductSpace.Basic	.lake/packages/mathlib/.lake/build/ir/Mathlib/Analysis/InnerProductSpace/Basic.c.o.export
Mathlib.Analysis.InnerProductSpace.Convex	.lake/packages/mathlib/.lake/build/ir/Mathlib/Analysis/InnerProductSpace/Convex.c.o.export
Mathlib.Analysis.InnerProductSpace.Defs	.lake/packages/mathlib/.lake/build/ir/Mathlib/Analysis/InnerProductSpace/Defs.c.o.export
Mathlib.Analysis.LocallyConvex.BalancedCoreHull	.lake/packages/mathlib/.lake/build/ir/Mathlib/Analysis/LocallyConvex/BalancedCoreHull.c.o.export
Mathlib.Analysis.LocallyConvex.Basic	.lake/packages/mathlib/.lake/build/ir/Mathlib/Analysis/LocallyConvex/Basic.c.o.export
Mathlib.Analysis.LocallyConvex.Bounded	.lake/packages/mathlib/.lake/build/ir/Mathlib/Analysis/LocallyConvex/Bounded.c.o.export
Mathlib.Analysis.LocallyConvex.WithSeminorms	.lake/packages/mathlib/.lake/build/ir/Mathlib/Analysis/LocallyConvex/WithSeminorms.c.o.export
Mathlib.Analysis.Normed.Field.Basic	.lake/packages/mathlib/.lake/build/ir/Mathlib/Analysis/Normed/Field/Basic.c.o.export
Mathlib.Analysis.Normed.Field.Lemmas	.lake/packages/mathlib/.lake/build/ir/Mathlib/Analysis/Normed/Field/Lemmas.c.o.export
Mathlib.Analysis.Normed.Group.AddCircle	.lake/packages/mathlib/.lake/build/ir/Mathlib/Analysis/Normed/Group/AddCircle.c.o.export
Mathlib.Analysis.Normed.Group.Basic	.lake/packages/mathlib/.lake/build/ir/Mathlib/Analysis/Normed/Group/Basic.c.o.export
Mathlib.Analysis.Normed.Group.Bounded	.lake/packages/mathlib/.lake/build/ir/Mathlib/Analysis/Normed/Group/Bounded.c.o.export
Mathlib.Analysis.Normed.Group.Constructions	.lake/packages/mathlib/.lake/build/ir/Mathlib/Analysis/Normed/Group/Constructions.c.o.export
Mathlib.Analysis.Normed.Group.Continuity	.lake/packages/mathlib/.lake/build/ir/Mathlib/Analysis/Normed/Group/Continuity.c.o.export
Mathlib.Analysis.Normed.Group.Defs	.lake/packages/mathlib/.lake/build/ir/Mathlib/Analysis/Normed/Group/Defs.c.o.export
Mathlib.Analysis.Normed.Group.FunctionSeries	.lake/packages/mathlib/.lake/build/ir/Mathlib/Analysis/Normed/Group/FunctionSeries.c.o.export
Mathlib.Analysis.Normed.Group.Hom	.lake/packages/mathlib/.lake/build/ir/Mathlib/Analysis/Normed/Group/Hom.c.o.export
Mathlib.Analysis.Normed.Group.InfiniteSum	.lake/packages/mathlib/.lake/build/ir/Mathlib/Analysis/Normed/Group/InfiniteSum.c.o.export
Mathlib.Analysis.Normed.Group.Int	.lake/packages/mathlib/.lake/build/ir/Mathlib/Analysis/Normed/Group/Int.c.o.export
Mathlib.Analysis.Normed.Group.Pointwise	.lake/packages/mathlib/.lake/build/ir/Mathlib/Analysis/Normed/Group/Pointwise.c.o.export
Mathlib.Analysis.Normed.Group.Quotient	.lake/packages/mathlib/.lake/build/ir/Mathlib/Analysis/Normed/Group/Quotient.c.o.export
Mathlib.Analysis.Normed.Group.Rat	.lake/packages/mathlib/.lake/build/ir/Mathlib/Analysis/Normed/Group/Rat.c.o.export
Mathlib.Analysis.Normed.Group.Real	.lake/packages/mathlib/.lake/build/ir/Mathlib/Analysis/Normed/Group/Real.c.o.export
Mathlib.Analysis.Normed.Group.Seminorm	.lake/packages/mathlib/.lake/build/ir/Mathlib/Analysis/Normed/Group/Seminorm.c.o.export
Mathlib.Analysis.Normed.Group.Subgroup	.lake/packages/mathlib/.lake/build/ir/Mathlib/Analysis/Normed/Group/Subgroup.c.o.export
Mathlib.Analysis.Normed.Group.Submodule	.lake/packages/mathlib/.lake/build/ir/Mathlib/Analysis/Normed/Group/Submodule.c.o.export
Mathlib.Analysis.Normed.Group.Uniform	.lake/packages/mathlib/.lake/build/ir/Mathlib/Analysis/Normed/Group/Uniform.c.o.export
Mathlib.Analysis.Normed.Module.Ball.Pointwise	.lake/packages/mathlib/.lake/build/ir/Mathlib/Analysis/Normed/Module/Ball/Pointwise.c.o.export
Mathlib.Analysis.Normed.Module.Basic	.lake/packages/mathlib/.lake/build/ir/Mathlib/Analysis/Normed/Module/Basic.c.o.export
Mathlib.Analysis.Normed.Module.Convex	.lake/packages/mathlib/.lake/build/ir/Mathlib/Analysis/Normed/Module/Convex.c.o.export
Mathlib.Analysis.Normed.Module.RCLike.Real	.lake/packages/mathlib/.lake/build/ir/Mathlib/Analysis/Normed/Module/RCLike/Real.c.o.export
Mathlib.Analysis.Normed.Module.Ray	.lake/packages/mathlib/.lake/build/ir/Mathlib/Analysis/Normed/Module/Ray.c.o.export
Mathlib.Analysis.Normed.MulAction	.lake/packages/mathlib/.lake/build/ir/Mathlib/Analysis/Normed/MulAction.c.o.export
Mathlib.Analysis.Normed.Operator.Basic	.lake/packages/mathlib/.lake/build/ir/Mathlib/Analysis/Normed/Operator/Basic.c.o.export
Mathlib.Analysis.Normed.Operator.ContinuousLinearMap	.lake/packages/mathlib/.lake/build/ir/Mathlib/Analysis/Normed/Operator/ContinuousLinearMap.c.o.export
Mathlib.Analysis.Normed.Operator.LinearIsometry	.lake/packages/mathlib/.lake/build/ir/Mathlib/Analysis/Normed/Operator/LinearIsometry.c.o.export
Mathlib.Analysis.Normed.Order.Lattice	.lake/packages/mathlib/.lake/build/ir/Mathlib/Analysis/Normed/Order/Lattice.c.o.export
Mathlib.Analysis.Normed.Ring.Basic	.lake/packages/mathlib/.lake/build/ir/Mathlib/Analysis/Normed/Ring/Basic.c.o.export
Mathlib.Analysis.Normed.Ring.Finite	.lake/packages/mathlib/.lake/build/ir/Mathlib/Analysis/Normed/Ring/Finite.c.o.export
Mathlib.Analysis.Normed.Ring.InfiniteSum	.lake/packages/mathlib/.lake/build/ir/Mathlib/Analysis/Normed/Ring/InfiniteSum.c.o.export
Mathlib.Analysis.Normed.Ring.Lemmas	.lake/packages/mathlib/.lake/build/ir/Mathlib/Analysis/Normed/Ring/Lemmas.c.o.export
Mathlib.Analysis.RCLike.Basic	.lake/packages/mathlib/.lake/build/ir/Mathlib/Analysis/RCLike/Basic.c.o.export
Mathlib.Analysis.Seminorm	.lake/packages/mathlib/.lake/build/ir/Mathlib/Analysis/Seminorm.c.o.export
Mathlib.Analysis.SpecialFunctions.Complex.Arg	.lake/packages/mathlib/.lake/build/ir/Mathlib/Analysis/SpecialFunctions/Complex/Arg.c.o.export
Mathlib.Analysis.SpecialFunctions.Complex.Log	.lake/packages/mathlib/.lake/build/ir/Mathlib/Analysis/SpecialFunctions/Complex/Log.c.o.export
Mathlib.Analysis.SpecialFunctions.Exp	.lake/packages/mathlib/.lake/build/ir/Mathlib/Analysis/SpecialFunctions/Exp.c.o.export
Mathlib.Analysis.SpecialFunctions.Log.Basic	.lake/packages/mathlib/.lake/build/ir/Mathlib/Analysis/SpecialFunctions/Log/Basic.c.o.export
Mathlib.Analysis.SpecialFunctions.Pow.Asymptotics	.lake/packages/mathlib/.lake/build/ir/Mathlib/Analysis/SpecialFunctions/Pow/Asymptotics.c.o.export
Mathlib.Analysis.SpecialFunctions.Pow.Complex	.lake/packages/mathlib/.lake/build/ir/Mathlib/Analysis/SpecialFunctions/Pow/Complex.c.o.export
Mathlib.Analysis.SpecialFunctions.Pow.NNReal	.lake/packages/mathlib/.lake/build/ir/Mathlib/Analysis/SpecialFunctions/Pow/NNReal.c.o.export
Mathlib.Analysis.SpecialFunctions.Pow.Real	.lake/packages/mathlib/.lake/build/ir/Mathlib/Analysis/SpecialFunctions/Pow/Real.c.o.export
Mathlib.Analysis.SpecialFunctions.Trigonometric.Angle	.lake/packages/mathlib/.lake/build/ir/Mathlib/Analysis/SpecialFunctions/Trigonometric/Angle.c.o.export
Mathlib.Analysis.SpecialFunctions.Trigonometric.Basic	.lake/packages/mathlib/.lake/build/ir/Mathlib/Analysis/SpecialFunctions/Trigonometric/Basic.c.o.export
Mathlib.Analysis.SpecialFunctions.Trigonometric.Inverse	.lake/packages/mathlib/.lake/build/ir/Mathlib/Analysis/SpecialFunctions/Trigonometric/Inverse.c.o.export
Mathlib.Analysis.SpecificLimits.Basic	.lake/packages/mathlib/.lake/build/ir/Mathlib/Analysis/SpecificLimits/Basic.c.o.export
Mathlib.Analysis.SpecificLimits.Normed	.lake/packages/mathlib/.lake/build/ir/Mathlib/Analysis/SpecificLimits/Normed.c.o.export
Mathlib.CategoryTheory.Adjunction.Basic	.lake/packages/mathlib/.lake/build/ir/Mathlib/CategoryTheory/Adjunction/Basic.c.o.export
Mathlib.CategoryTheory.Adjunction.FullyFaithful	.lake/packages/mathlib/.lake/build/ir/Mathlib/CategoryTheory/Adjunction/FullyFaithful.c.o.export
Mathlib.CategoryTheory.Adjunction.Mates	.lake/packages/mathlib/.lake/build/ir/Mathlib/CategoryTheory/Adjunction/Mates.c.o.export
Mathlib.CategoryTheory.Balanced	.lake/packages/mathlib/.lake/build/ir/Mathlib/CategoryTheory/Balanced.c.o.export
Mathlib.CategoryTheory.Bicategory.Basic	.lake/packages/mathlib/.lake/build/ir/Mathlib/CategoryTheory/Bicategory/Basic.c.o.export
Mathlib.CategoryTheory.Bicategory.Free	.lake/packages/mathlib/.lake/build/ir/Mathlib/CategoryTheory/Bicategory/Free.c.o.export
Mathlib.CategoryTheory.Bicategory.Functor.Lax	.lake/packages/mathlib/.lake/build/ir/Mathlib/CategoryTheory/Bicategory/Functor/Lax.c.o.export
Mathlib.CategoryTheory.Bicategory.Functor.Oplax	.lake/packages/mathlib/.lake/build/ir/Mathlib/CategoryTheory/Bicategory/Functor/Oplax.c.o.export
Mathlib.CategoryTheory.Bicategory.Functor.Prelax	.lake/packages/mathlib/.lake/build/ir/Mathlib/CategoryTheory/Bicategory/Functor/Prelax.c.o.export
Mathlib.CategoryTheory.Bicategory.Functor.Pseudofunctor	.lake/packages/mathlib/.lake/build/ir/Mathlib/CategoryTheory/Bicategory/Functor/Pseudofunctor.c.o.export
Mathlib.CategoryTheory.Bicategory.Strict.Basic	.lake/packages/mathlib/.lake/build/ir/Mathlib/CategoryTheory/Bicategory/Strict/Basic.c.o.export
Mathlib.CategoryTheory.Category.Basic	.lake/packages/mathlib/.lake/build/ir/Mathlib/CategoryTheory/Category/Basic.c.o.export
Mathlib.CategoryTheory.Category.Cat	.lake/packages/mathlib/.lake/build/ir/Mathlib/CategoryTheory/Category/Cat.c.o.export
Mathlib.CategoryTheory.Category.Cat.AsSmall	.lake/packages/mathlib/.lake/build/ir/Mathlib/CategoryTheory/Category/Cat/AsSmall.c.o.export
Mathlib.CategoryTheory.Category.Init	.lake/packages/mathlib/.lake/build/ir/Mathlib/CategoryTheory/Category/Init.c.o.export
Mathlib.CategoryTheory.Category.Preorder	.lake/packages/mathlib/.lake/build/ir/Mathlib/CategoryTheory/Category/Preorder.c.o.export
Mathlib.CategoryTheory.Category.ULift	.lake/packages/mathlib/.lake/build/ir/Mathlib/CategoryTheory/Category/ULift.c.o.export
Mathlib.CategoryTheory.CommSq	.lake/packages/mathlib/.lake/build/ir/Mathlib/CategoryTheory/CommSq.c.o.export
Mathlib.CategoryTheory.Comma.Arrow	.lake/packages/mathlib/.lake/build/ir/Mathlib/CategoryTheory/Comma/Arrow.c.o.export
Mathlib.CategoryTheory.Comma.Basic	.lake/packages/mathlib/.lake/build/ir/Mathlib/CategoryTheory/Comma/Basic.c.o.export
Mathlib.CategoryTheory.Comma.Over.Basic	.lake/packages/mathlib/.lake/build/ir/Mathlib/CategoryTheory/Comma/Over/Basic.c.o.export
Mathlib.CategoryTheory.Comma.Over.Pullback	.lake/packages/mathlib/.lake/build/ir/Mathlib/CategoryTheory/Comma/Over/Pullback.c.o.export
Mathlib.CategoryTheory.Comma.StructuredArrow.Basic	.lake/packages/mathlib/.lake/build/ir/Mathlib/CategoryTheory/Comma/StructuredArrow/Basic.c.o.export
Mathlib.CategoryTheory.ConcreteCategory.Basic	.lake/packages/mathlib/.lake/build/ir/Mathlib/CategoryTheory/ConcreteCategory/Basic.c.o.export
Mathlib.CategoryTheory.ConcreteCategory.Bundled	.lake/packages/mathlib/.lake/build/ir/Mathlib/CategoryTheory/ConcreteCategory/Bundled.c.o.export
Mathlib.CategoryTheory.ConcreteCategory.Forget	.lake/packages/mathlib/.lake/build/ir/Mathlib/CategoryTheory/ConcreteCategory/Forget.c.o.export
Mathlib.CategoryTheory.ConcreteCategory.ReflectsIso	.lake/packages/mathlib/.lake/build/ir/Mathlib/CategoryTheory/ConcreteCategory/ReflectsIso.c.o.export
Mathlib.CategoryTheory.Discrete.Basic	.lake/packages/mathlib/.lake/build/ir/Mathlib/CategoryTheory/Discrete/Basic.c.o.export
Mathlib.CategoryTheory.EffectiveEpi.Basic	.lake/packages/mathlib/.lake/build/ir/Mathlib/CategoryTheory/EffectiveEpi/Basic.c.o.export
Mathlib.CategoryTheory.Elements	.lake/packages/mathlib/.lake/build/ir/Mathlib/CategoryTheory/Elements.c.o.export
Mathlib.CategoryTheory.Elementwise	.lake/packages/mathlib/.lake/build/ir/Mathlib/CategoryTheory/Elementwise.c.o.export
Mathlib.CategoryTheory.Endomorphism	.lake/packages/mathlib/.lake/build/ir/Mathlib/CategoryTheory/Endomorphism.c.o.export
Mathlib.CategoryTheory.EpiMono	.lake/packages/mathlib/.lake/build/ir/Mathlib/CategoryTheory/EpiMono.c.o.export
Mathlib.CategoryTheory.EqToHom	.lake/packages/mathlib/.lake/build/ir/Mathlib/CategoryTheory/EqToHom.c.o.export
Mathlib.CategoryTheory.Equivalence	.lake/packages/mathlib/.lake/build/ir/Mathlib/CategoryTheory/Equivalence.c.o.export
Mathlib.CategoryTheory.EssentialImage	.lake/packages/mathlib/.lake/build/ir/Mathlib/CategoryTheory/EssentialImage.c.o.export
Mathlib.CategoryTheory.EssentiallySmall	.lake/packages/mathlib/.lake/build/ir/Mathlib/CategoryTheory/EssentiallySmall.c.o.export
Mathlib.CategoryTheory.Filtered.Basic	.lake/packages/mathlib/.lake/build/ir/Mathlib/CategoryTheory/Filtered/Basic.c.o.export
Mathlib.CategoryTheory.Filtered.Connected	.lake/packages/mathlib/.lake/build/ir/Mathlib/CategoryTheory/Filtered/Connected.c.o.export
Mathlib.CategoryTheory.FinCategory.AsType	.lake/packages/mathlib/.lake/build/ir/Mathlib/CategoryTheory/FinCategory/AsType.c.o.export
Mathlib.CategoryTheory.FinCategory.Basic	.lake/packages/mathlib/.lake/build/ir/Mathlib/CategoryTheory/FinCategory/Basic.c.o.export
Mathlib.CategoryTheory.Functor.Basic	.lake/packages/mathlib/.lake/build/ir/Mathlib/CategoryTheory/Functor/Basic.c.o.export
Mathlib.CategoryTheory.Functor.Category	.lake/packages/mathlib/.lake/build/ir/Mathlib/CategoryTheory/Functor/Category.c.o.export
Mathlib.CategoryTheory.Functor.Const	.lake/packages/mathlib/.lake/build/ir/Mathlib/CategoryTheory/Functor/Const.c.o.export
Mathlib.CategoryTheory.Functor.Currying	.lake/packages/mathlib/.lake/build/ir/Mathlib/CategoryTheory/Functor/Currying.c.o.export
Mathlib.CategoryTheory.Functor.EpiMono	.lake/packages/mathlib/.lake/build/ir/Mathlib/CategoryTheory/Functor/EpiMono.c.o.export
Mathlib.CategoryTheory.Functor.FullyFaithful	.lake/packages/mathlib/.lake/build/ir/Mathlib/CategoryTheory/Functor/FullyFaithful.c.o.export
Mathlib.CategoryTheory.Functor.Hom	.lake/packages/mathlib/.lake/build/ir/Mathlib/CategoryTheory/Functor/Hom.c.o.export
Mathlib.CategoryTheory.Functor.ReflectsIso.Basic	.lake/packages/mathlib/.lake/build/ir/Mathlib/CategoryTheory/Functor/ReflectsIso/Basic.c.o.export
Mathlib.CategoryTheory.Functor.Trifunctor	.lake/packages/mathlib/.lake/build/ir/Mathlib/CategoryTheory/Functor/Trifunctor.c.o.export
Mathlib.CategoryTheory.Functor.TwoSquare	.lake/packages/mathlib/.lake/build/ir/Mathlib/CategoryTheory/Functor/TwoSquare.c.o.export
Mathlib.CategoryTheory.Grothendieck	.lake/packages/mathlib/.lake/build/ir/Mathlib/CategoryTheory/Grothendieck.c.o.export
Mathlib.CategoryTheory.Groupoid	.lake/packages/mathlib/.lake/build/ir/Mathlib/CategoryTheory/Groupoid.c.o.export
Mathlib.CategoryTheory.HomCongr	.lake/packages/mathlib/.lake/build/ir/Mathlib/CategoryTheory/HomCongr.c.o.export
Mathlib.CategoryTheory.InducedCategory	.lake/packages/mathlib/.lake/build/ir/Mathlib/CategoryTheory/InducedCategory.c.o.export
Mathlib.CategoryTheory.IsConnected	.lake/packages/mathlib/.lake/build/ir/Mathlib/CategoryTheory/IsConnected.c.o.export
Mathlib.CategoryTheory.Iso	.lake/packages/mathlib/.lake/build/ir/Mathlib/CategoryTheory/Iso.c.o.export
Mathlib.CategoryTheory.IsomorphismClasses	.lake/packages/mathlib/.lake/build/ir/Mathlib/CategoryTheory/IsomorphismClasses.c.o.export
Mathlib.CategoryTheory.LiftingProperties.Adjunction	.lake/packages/mathlib/.lake/build/ir/Mathlib/CategoryTheory/LiftingProperties/Adjunction.c.o.export
Mathlib.CategoryTheory.LiftingProperties.Basic	.lake/packages/mathlib/.lake/build/ir/Mathlib/CategoryTheory/LiftingProperties/Basic.c.o.export
Mathlib.CategoryTheory.Limits.ConcreteCategory.Basic	.lake/packages/mathlib/.lake/build/ir/Mathlib/CategoryTheory/Limits/ConcreteCategory/Basic.c.o.export
Mathlib.CategoryTheory.Limits.Cones	.lake/packages/mathlib/.lake/build/ir/Mathlib/CategoryTheory/Limits/Cones.c.o.export
Mathlib.CategoryTheory.Limits.Connected	.lake/packages/mathlib/.lake/build/ir/Mathlib/CategoryTheory/Limits/Connected.c.o.export
Mathlib.CategoryTheory.Limits.Constructions.BinaryProducts	.lake/packages/mathlib/.lake/build/ir/Mathlib/CategoryTheory/Limits/Constructions/BinaryProducts.c.o.export
Mathlib.CategoryTheory.Limits.Creates	.lake/packages/mathlib/.lake/build/ir/Mathlib/CategoryTheory/Limits/Creates.c.o.export
Mathlib.CategoryTheory.Limits.Final	.lake/packages/mathlib/.lake/build/ir/Mathlib/CategoryTheory/Limits/Final.c.o.export
Mathlib.CategoryTheory.Limits.FunctorCategory.Basic	.lake/packages/mathlib/.lake/build/ir/Mathlib/CategoryTheory/Limits/FunctorCategory/Basic.c.o.export
Mathlib.CategoryTheory.Limits.HasLimits	.lake/packages/mathlib/.lake/build/ir/Mathlib/CategoryTheory/Limits/HasLimits.c.o.export
Mathlib.CategoryTheory.Limits.IsLimit	.lake/packages/mathlib/.lake/build/ir/Mathlib/CategoryTheory/Limits/IsLimit.c.o.export
Mathlib.CategoryTheory.Limits.Opposites	.lake/packages/mathlib/.lake/build/ir/Mathlib/CategoryTheory/Limits/Opposites.c.o.export
Mathlib.CategoryTheory.Limits.Preserves.Basic	.lake/packages/mathlib/.lake/build/ir/Mathlib/CategoryTheory/Limits/Preserves/Basic.c.o.export
Mathlib.CategoryTheory.Limits.Preserves.Limits	.lake/packages/mathlib/.lake/build/ir/Mathlib/CategoryTheory/Limits/Preserves/Limits.c.o.export
Mathlib.CategoryTheory.Limits.Preserves.Shapes.Pullbacks	.lake/packages/mathlib/.lake/build/ir/Mathlib/CategoryTheory/Limits/Preserves/Shapes/Pullbacks.c.o.export
Mathlib.CategoryTheory.Limits.Preserves.Shapes.Terminal	.lake/packages/mathlib/.lake/build/ir/Mathlib/CategoryTheory/Limits/Preserves/Shapes/Terminal.c.o.export
Mathlib.CategoryTheory.Limits.Preserves.Shapes.Zero	.lake/packages/mathlib/.lake/build/ir/Mathlib/CategoryTheory/Limits/Preserves/Shapes/Zero.c.o.export
Mathlib.CategoryTheory.Limits.Preserves.Ulift	.lake/packages/mathlib/.lake/build/ir/Mathlib/CategoryTheory/Limits/Preserves/Ulift.c.o.export
Mathlib.CategoryTheory.Limits.Shapes.BinaryProducts	.lake/packages/mathlib/.lake/build/ir/Mathlib/CategoryTheory/Limits/Shapes/BinaryProducts.c.o.export
Mathlib.CategoryTheory.Limits.Shapes.Diagonal	.lake/packages/mathlib/.lake/build/ir/Mathlib/CategoryTheory/Limits/Shapes/Diagonal.c.o.export
Mathlib.CategoryTheory.Limits.Shapes.Equalizers	.lake/packages/mathlib/.lake/build/ir/Mathlib/CategoryTheory/Limits/Shapes/Equalizers.c.o.export
Mathlib.CategoryTheory.Limits.Shapes.FiniteLimits	.lake/packages/mathlib/.lake/build/ir/Mathlib/CategoryTheory/Limits/Shapes/FiniteLimits.c.o.export
Mathlib.CategoryTheory.Limits.Shapes.Grothendieck	.lake/packages/mathlib/.lake/build/ir/Mathlib/CategoryTheory/Limits/Shapes/Grothendieck.c.o.export
Mathlib.CategoryTheory.Limits.Shapes.Images	.lake/packages/mathlib/.lake/build/ir/Mathlib/CategoryTheory/Limits/Shapes/Images.c.o.export
Mathlib.CategoryTheory.Limits.Shapes.IsTerminal	.lake/packages/mathlib/.lake/build/ir/Mathlib/CategoryTheory/Limits/Shapes/IsTerminal.c.o.export
Mathlib.CategoryTheory.Limits.Shapes.KernelPair	.lake/packages/mathlib/.lake/build/ir/Mathlib/CategoryTheory/Limits/Shapes/KernelPair.c.o.export
Mathlib.CategoryTheory.Limits.Shapes.Kernels	.lake/packages/mathlib/.lake/build/ir/Mathlib/CategoryTheory/Limits/Shapes/Kernels.c.o.export
Mathlib.CategoryTheory.Limits.Shapes.Opposites.Equalizers	.lake/packages/mathlib/.lake/build/ir/Mathlib/CategoryTheory/Limits/Shapes/Opposites/Equalizers.c.o.export
Mathlib.CategoryTheory.Limits.Shapes.Opposites.Pullbacks	.lake/packages/mathlib/.lake/build/ir/Mathlib/CategoryTheory/Limits/Shapes/Opposites/Pullbacks.c.o.export
Mathlib.CategoryTheory.Limits.Shapes.Products	.lake/packages/mathlib/.lake/build/ir/Mathlib/CategoryTheory/Limits/Shapes/Products.c.o.export
Mathlib.CategoryTheory.Limits.Shapes.Pullback.Assoc	.lake/packages/mathlib/.lake/build/ir/Mathlib/CategoryTheory/Limits/Shapes/Pullback/Assoc.c.o.export
Mathlib.CategoryTheory.Limits.Shapes.Pullback.Cospan	.lake/packages/mathlib/.lake/build/ir/Mathlib/CategoryTheory/Limits/Shapes/Pullback/Cospan.c.o.export
Mathlib.CategoryTheory.Limits.Shapes.Pullback.HasPullback	.lake/packages/mathlib/.lake/build/ir/Mathlib/CategoryTheory/Limits/Shapes/Pullback/HasPullback.c.o.export
Mathlib.CategoryTheory.Limits.Shapes.Pullback.IsPullback.Basic	.lake/packages/mathlib/.lake/build/ir/Mathlib/CategoryTheory/Limits/Shapes/Pullback/IsPullback/Basic.c.o.export
Mathlib.CategoryTheory.Limits.Shapes.Pullback.IsPullback.Defs	.lake/packages/mathlib/.lake/build/ir/Mathlib/CategoryTheory/Limits/Shapes/Pullback/IsPullback/Defs.c.o.export
Mathlib.CategoryTheory.Limits.Shapes.Pullback.Iso	.lake/packages/mathlib/.lake/build/ir/Mathlib/CategoryTheory/Limits/Shapes/Pullback/Iso.c.o.export
Mathlib.CategoryTheory.Limits.Shapes.Pullback.Mono	.lake/packages/mathlib/.lake/build/ir/Mathlib/CategoryTheory/Limits/Shapes/Pullback/Mono.c.o.export
Mathlib.CategoryTheory.Limits.Shapes.Pullback.Pasting	.lake/packages/mathlib/.lake/build/ir/Mathlib/CategoryTheory/Limits/Shapes/Pullback/Pasting.c.o.export
Mathlib.CategoryTheory.Limits.Shapes.Pullback.PullbackCone	.lake/packages/mathlib/.lake/build/ir/Mathlib/CategoryTheory/Limits/Shapes/Pullback/PullbackCone.c.o.export
Mathlib.CategoryTheory.Limits.Shapes.RegularMono	.lake/packages/mathlib/.lake/build/ir/Mathlib/CategoryTheory/Limits/Shapes/RegularMono.c.o.export
Mathlib.CategoryTheory.Limits.Shapes.StrictInitial	.lake/packages/mathlib/.lake/build/ir/Mathlib/CategoryTheory/Limits/Shapes/StrictInitial.c.o.export
Mathlib.CategoryTheory.Limits.Shapes.StrongEpi	.lake/packages/mathlib/.lake/build/ir/Mathlib/CategoryTheory/Limits/Shapes/StrongEpi.c.o.export
Mathlib.CategoryTheory.Limits.Shapes.Terminal	.lake/packages/mathlib/.lake/build/ir/Mathlib/CategoryTheory/Limits/Shapes/Terminal.c.o.export
Mathlib.CategoryTheory.Limits.Shapes.WidePullbacks	.lake/packages/mathlib/.lake/build/ir/Mathlib/CategoryTheory/Limits/Shapes/WidePullbacks.c.o.export
Mathlib.CategoryTheory.Limits.Shapes.ZeroMorphisms	.lake/packages/mathlib/.lake/build/ir/Mathlib/CategoryTheory/Limits/Shapes/ZeroMorphisms.c.o.export
Mathlib.CategoryTheory.Limits.Shapes.ZeroObjects	.lake/packages/mathlib/.lake/build/ir/Mathlib/CategoryTheory/Limits/Shapes/ZeroObjects.c.o.export
Mathlib.CategoryTheory.Limits.Types.ColimitType	.lake/packages/mathlib/.lake/build/ir/Mathlib/CategoryTheory/Limits/Types/ColimitType.c.o.export
Mathlib.CategoryTheory.Limits.Types.Colimits	.lake/packages/mathlib/.lake/build/ir/Mathlib/CategoryTheory/Limits/Types/Colimits.c.o.export
Mathlib.CategoryTheory.Limits.Types.Filtered	.lake/packages/mathlib/.lake/build/ir/Mathlib/CategoryTheory/Limits/Types/Filtered.c.o.export
Mathlib.CategoryTheory.Limits.Types.Images	.lake/packages/mathlib/.lake/build/ir/Mathlib/CategoryTheory/Limits/Types/Images.c.o.export
Mathlib.CategoryTheory.Limits.Types.Limits	.lake/packages/mathlib/.lake/build/ir/Mathlib/CategoryTheory/Limits/Types/Limits.c.o.export
Mathlib.CategoryTheory.Limits.Types.Products	.lake/packages/mathlib/.lake/build/ir/Mathlib/CategoryTheory/Limits/Types/Products.c.o.export
Mathlib.CategoryTheory.Limits.Types.Yoneda	.lake/packages/mathlib/.lake/build/ir/Mathlib/CategoryTheory/Limits/Types/Yoneda.c.o.export
Mathlib.CategoryTheory.Limits.Yoneda	.lake/packages/mathlib/.lake/build/ir/Mathlib/CategoryTheory/Limits/Yoneda.c.o.export
Mathlib.CategoryTheory.Monad.Algebra	.lake/packages/mathlib/.lake/build/ir/Mathlib/CategoryTheory/Monad/Algebra.c.o.export
Mathlib.CategoryTheory.Monad.Basic	.lake/packages/mathlib/.lake/build/ir/Mathlib/CategoryTheory/Monad/Basic.c.o.export
Mathlib.CategoryTheory.Monad.Products	.lake/packages/mathlib/.lake/build/ir/Mathlib/CategoryTheory/Monad/Products.c.o.export
Mathlib.CategoryTheory.Monoidal.Category	.lake/packages/mathlib/.lake/build/ir/Mathlib/CategoryTheory/Monoidal/Category.c.o.export
Mathlib.CategoryTheory.Monoidal.Free.Basic	.lake/packages/mathlib/.lake/build/ir/Mathlib/CategoryTheory/Monoidal/Free/Basic.c.o.export
Mathlib.CategoryTheory.Monoidal.Functor	.lake/packages/mathlib/.lake/build/ir/Mathlib/CategoryTheory/Monoidal/Functor.c.o.export
Mathlib.CategoryTheory.MorphismProperty.Basic	.lake/packages/mathlib/.lake/build/ir/Mathlib/CategoryTheory/MorphismProperty/Basic.c.o.export
Mathlib.CategoryTheory.MorphismProperty.Composition	.lake/packages/mathlib/.lake/build/ir/Mathlib/CategoryTheory/MorphismProperty/Composition.c.o.export
Mathlib.CategoryTheory.MorphismProperty.Factorization	.lake/packages/mathlib/.lake/build/ir/Mathlib/CategoryTheory/MorphismProperty/Factorization.c.o.export
Mathlib.CategoryTheory.MorphismProperty.Limits	.lake/packages/mathlib/.lake/build/ir/Mathlib/CategoryTheory/MorphismProperty/Limits.c.o.export
Mathlib.CategoryTheory.NatIso	.lake/packages/mathlib/.lake/build/ir/Mathlib/CategoryTheory/NatIso.c.o.export
Mathlib.CategoryTheory.NatTrans	.lake/packages/mathlib/.lake/build/ir/Mathlib/CategoryTheory/NatTrans.c.o.export
Mathlib.CategoryTheory.ObjectProperty.Basic	.lake/packages/mathlib/.lake/build/ir/Mathlib/CategoryTheory/ObjectProperty/Basic.c.o.export
Mathlib.CategoryTheory.ObjectProperty.ClosedUnderIsomorphisms	.lake/packages/mathlib/.lake/build/ir/Mathlib/CategoryTheory/ObjectProperty/ClosedUnderIsomorphisms.c.o.export
Mathlib.CategoryTheory.ObjectProperty.FullSubcategory	.lake/packages/mathlib/.lake/build/ir/Mathlib/CategoryTheory/ObjectProperty/FullSubcategory.c.o.export
Mathlib.CategoryTheory.Opposites	.lake/packages/mathlib/.lake/build/ir/Mathlib/CategoryTheory/Opposites.c.o.export
Mathlib.CategoryTheory.PEmpty	.lake/packages/mathlib/.lake/build/ir/Mathlib/CategoryTheory/PEmpty.c.o.export
Mathlib.CategoryTheory.PUnit	.lake/packages/mathlib/.lake/build/ir/Mathlib/CategoryTheory/PUnit.c.o.export
Mathlib.CategoryTheory.Pi.Basic	.lake/packages/mathlib/.lake/build/ir/Mathlib/CategoryTheory/Pi/Basic.c.o.export
Mathlib.CategoryTheory.Preadditive.Basic	.lake/packages/mathlib/.lake/build/ir/Mathlib/CategoryTheory/Preadditive/Basic.c.o.export
Mathlib.CategoryTheory.Products.Basic	.lake/packages/mathlib/.lake/build/ir/Mathlib/CategoryTheory/Products/Basic.c.o.export
Mathlib.CategoryTheory.Products.Unitor	.lake/packages/mathlib/.lake/build/ir/Mathlib/CategoryTheory/Products/Unitor.c.o.export
Mathlib.CategoryTheory.Retract	.lake/packages/mathlib/.lake/build/ir/Mathlib/CategoryTheory/Retract.c.o.export
Mathlib.CategoryTheory.ShrinkYoneda	.lake/packages/mathlib/.lake/build/ir/Mathlib/CategoryTheory/ShrinkYoneda.c.o.export
Mathlib.CategoryTheory.Skeletal	.lake/packages/mathlib/.lake/build/ir/Mathlib/CategoryTheory/Skeletal.c.o.export
Mathlib.CategoryTheory.Thin	.lake/packages/mathlib/.lake/build/ir/Mathlib/CategoryTheory/Thin.c.o.export
Mathlib.CategoryTheory.Types.Basic	.lake/packages/mathlib/.lake/build/ir/Mathlib/CategoryTheory/Types/Basic.c.o.export
Mathlib.CategoryTheory.Whiskering	.lake/packages/mathlib/.lake/build/ir/Mathlib/CategoryTheory/Whiskering.c.o.export
Mathlib.CategoryTheory.Yoneda	.lake/packages/mathlib/.lake/build/ir/Mathlib/CategoryTheory/Yoneda.c.o.export
Mathlib.Combinatorics.Enumerative.Composition	.lake/packages/mathlib/.lake/build/ir/Mathlib/Combinatorics/Enumerative/Composition.c.o.export
Mathlib.Combinatorics.Enumerative.Partition.Basic	.lake/packages/mathlib/.lake/build/ir/Mathlib/Combinatorics/Enumerative/Partition/Basic.c.o.export
Mathlib.Combinatorics.Matroid.Basic	.lake/packages/mathlib/.lake/build/ir/Mathlib/Combinatorics/Matroid/Basic.c.o.export
Mathlib.Combinatorics.Matroid.Circuit	.lake/packages/mathlib/.lake/build/ir/Mathlib/Combinatorics/Matroid/Circuit.c.o.export
Mathlib.Combinatorics.Matroid.Closure	.lake/packages/mathlib/.lake/build/ir/Mathlib/Combinatorics/Matroid/Closure.c.o.export
Mathlib.Combinatorics.Matroid.Constructions	.lake/packages/mathlib/.lake/build/ir/Mathlib/Combinatorics/Matroid/Constructions.c.o.export
Mathlib.Combinatorics.Matroid.Dual	.lake/packages/mathlib/.lake/build/ir/Mathlib/Combinatorics/Matroid/Dual.c.o.export
Mathlib.Combinatorics.Matroid.IndepAxioms	.lake/packages/mathlib/.lake/build/ir/Mathlib/Combinatorics/Matroid/IndepAxioms.c.o.export
Mathlib.Combinatorics.Matroid.Init	.lake/packages/mathlib/.lake/build/ir/Mathlib/Combinatorics/Matroid/Init.c.o.export
Mathlib.Combinatorics.Matroid.Loop	.lake/packages/mathlib/.lake/build/ir/Mathlib/Combinatorics/Matroid/Loop.c.o.export
Mathlib.Combinatorics.Matroid.Map	.lake/packages/mathlib/.lake/build/ir/Mathlib/Combinatorics/Matroid/Map.c.o.export
Mathlib.Combinatorics.Matroid.Minor.Restrict	.lake/packages/mathlib/.lake/build/ir/Mathlib/Combinatorics/Matroid/Minor/Restrict.c.o.export
Mathlib.Combinatorics.Matroid.Rank.Cardinal	.lake/packages/mathlib/.lake/build/ir/Mathlib/Combinatorics/Matroid/Rank/Cardinal.c.o.export
Mathlib.Combinatorics.Matroid.Rank.ENat	.lake/packages/mathlib/.lake/build/ir/Mathlib/Combinatorics/Matroid/Rank/ENat.c.o.export
Mathlib.Combinatorics.Matroid.Rank.Finite	.lake/packages/mathlib/.lake/build/ir/Mathlib/Combinatorics/Matroid/Rank/Finite.c.o.export
Mathlib.Combinatorics.Quiver.Basic	.lake/packages/mathlib/.lake/build/ir/Mathlib/Combinatorics/Quiver/Basic.c.o.export
Mathlib.Combinatorics.Quiver.Path	.lake/packages/mathlib/.lake/build/ir/Mathlib/Combinatorics/Quiver/Path.c.o.export
Mathlib.Combinatorics.Quiver.Prefunctor	.lake/packages/mathlib/.lake/build/ir/Mathlib/Combinatorics/Quiver/Prefunctor.c.o.export
Mathlib.Combinatorics.Quiver.Push	.lake/packages/mathlib/.lake/build/ir/Mathlib/Combinatorics/Quiver/Push.c.o.export
Mathlib.Combinatorics.Quiver.Symmetric	.lake/packages/mathlib/.lake/build/ir/Mathlib/Combinatorics/Quiver/Symmetric.c.o.export
Mathlib.Control.Applicative	.lake/packages/mathlib/.lake/build/ir/Mathlib/Control/Applicative.c.o.export
Mathlib.Control.Basic	.lake/packages/mathlib/.lake/build/ir/Mathlib/Control/Basic.c.o.export
Mathlib.Control.Bifunctor	.lake/packages/mathlib/.lake/build/ir/Mathlib/Control/Bifunctor.c.o.export
Mathlib.Control.Combinators	.lake/packages/mathlib/.lake/build/ir/Mathlib/Control/Combinators.c.o.export
Mathlib.Control.EquivFunctor	.lake/packages/mathlib/.lake/build/ir/Mathlib/Control/EquivFunctor.c.o.export
Mathlib.Control.Functor	.lake/packages/mathlib/.lake/build/ir/Mathlib/Control/Functor.c.o.export
Mathlib.Control.Monad.Basic	.lake/packages/mathlib/.lake/build/ir/Mathlib/Control/Monad/Basic.c.o.export
Mathlib.Control.Traversable.Basic	.lake/packages/mathlib/.lake/build/ir/Mathlib/Control/Traversable/Basic.c.o.export
Mathlib.Control.Traversable.Lemmas	.lake/packages/mathlib/.lake/build/ir/Mathlib/Control/Traversable/Lemmas.c.o.export
Mathlib.Control.ULift	.lake/packages/mathlib/.lake/build/ir/Mathlib/Control/ULift.c.o.export
Mathlib.Data.Bool.Basic	.lake/packages/mathlib/.lake/build/ir/Mathlib/Data/Bool/Basic.c.o.export
Mathlib.Data.Bool.Set	.lake/packages/mathlib/.lake/build/ir/Mathlib/Data/Bool/Set.c.o.export
Mathlib.Data.Bracket	.lake/packages/mathlib/.lake/build/ir/Mathlib/Data/Bracket.c.o.export
Mathlib.Data.Char	.lake/packages/mathlib/.lake/build/ir/Mathlib/Data/Char.c.o.export
Mathlib.Data.Complex.Basic	.lake/packages/mathlib/.lake/build/ir/Mathlib/Data/Complex/Basic.c.o.export
Mathlib.Data.Complex.BigOperators	.lake/packages/mathlib/.lake/build/ir/Mathlib/Data/Complex/BigOperators.c.o.export
Mathlib.Data.Countable.Basic	.lake/packages/mathlib/.lake/build/ir/Mathlib/Data/Countable/Basic.c.o.export
Mathlib.Data.Countable.Defs	.lake/packages/mathlib/.lake/build/ir/Mathlib/Data/Countable/Defs.c.o.export
Mathlib.Data.Countable.Small	.lake/packages/mathlib/.lake/build/ir/Mathlib/Data/Countable/Small.c.o.export
Mathlib.Data.DFinsupp.BigOperators	.lake/packages/mathlib/.lake/build/ir/Mathlib/Data/DFinsupp/BigOperators.c.o.export
Mathlib.Data.DFinsupp.Defs	.lake/packages/mathlib/.lake/build/ir/Mathlib/Data/DFinsupp/Defs.c.o.export
Mathlib.Data.DFinsupp.Encodable	.lake/packages/mathlib/.lake/build/ir/Mathlib/Data/DFinsupp/Encodable.c.o.export
Mathlib.Data.DFinsupp.Ext	.lake/packages/mathlib/.lake/build/ir/Mathlib/Data/DFinsupp/Ext.c.o.export
Mathlib.Data.DFinsupp.Lex	.lake/packages/mathlib/.lake/build/ir/Mathlib/Data/DFinsupp/Lex.c.o.export
Mathlib.Data.DFinsupp.Module	.lake/packages/mathlib/.lake/build/ir/Mathlib/Data/DFinsupp/Module.c.o.export
Mathlib.Data.DFinsupp.NeLocus	.lake/packages/mathlib/.lake/build/ir/Mathlib/Data/DFinsupp/NeLocus.c.o.export
Mathlib.Data.DFinsupp.Order	.lake/packages/mathlib/.lake/build/ir/Mathlib/Data/DFinsupp/Order.c.o.export
Mathlib.Data.DFinsupp.Sigma	.lake/packages/mathlib/.lake/build/ir/Mathlib/Data/DFinsupp/Sigma.c.o.export
Mathlib.Data.DFinsupp.Small	.lake/packages/mathlib/.lake/build/ir/Mathlib/Data/DFinsupp/Small.c.o.export
Mathlib.Data.DFinsupp.Submonoid	.lake/packages/mathlib/.lake/build/ir/Mathlib/Data/DFinsupp/Submonoid.c.o.export
Mathlib.Data.ENNReal.Action	.lake/packages/mathlib/.lake/build/ir/Mathlib/Data/ENNReal/Action.c.o.export
Mathlib.Data.ENNReal.Basic	.lake/packages/mathlib/.lake/build/ir/Mathlib/Data/ENNReal/Basic.c.o.export
Mathlib.Data.ENNReal.BigOperators	.lake/packages/mathlib/.lake/build/ir/Mathlib/Data/ENNReal/BigOperators.c.o.export
Mathlib.Data.ENNReal.Inv	.lake/packages/mathlib/.lake/build/ir/Mathlib/Data/ENNReal/Inv.c.o.export
Mathlib.Data.ENNReal.Lemmas	.lake/packages/mathlib/.lake/build/ir/Mathlib/Data/ENNReal/Lemmas.c.o.export
Mathlib.Data.ENNReal.Operations	.lake/packages/mathlib/.lake/build/ir/Mathlib/Data/ENNReal/Operations.c.o.export
Mathlib.Data.ENNReal.Real	.lake/packages/mathlib/.lake/build/ir/Mathlib/Data/ENNReal/Real.c.o.export
Mathlib.Data.ENat.Basic	.lake/packages/mathlib/.lake/build/ir/Mathlib/Data/ENat/Basic.c.o.export
Mathlib.Data.ENat.Defs	.lake/packages/mathlib/.lake/build/ir/Mathlib/Data/ENat/Defs.c.o.export
Mathlib.Data.ENat.Lattice	.lake/packages/mathlib/.lake/build/ir/Mathlib/Data/ENat/Lattice.c.o.export
Mathlib.Data.ENat.Pow	.lake/packages/mathlib/.lake/build/ir/Mathlib/Data/ENat/Pow.c.o.export
Mathlib.Data.EReal.Basic	.lake/packages/mathlib/.lake/build/ir/Mathlib/Data/EReal/Basic.c.o.export
Mathlib.Data.EReal.Inv	.lake/packages/mathlib/.lake/build/ir/Mathlib/Data/EReal/Inv.c.o.export
Mathlib.Data.EReal.Operations	.lake/packages/mathlib/.lake/build/ir/Mathlib/Data/EReal/Operations.c.o.export
Mathlib.Data.Fin.Basic	.lake/packages/mathlib/.lake/build/ir/Mathlib/Data/Fin/Basic.c.o.export
Mathlib.Data.Fin.Embedding	.lake/packages/mathlib/.lake/build/ir/Mathlib/Data/Fin/Embedding.c.o.export
Mathlib.Data.Fin.Rev	.lake/packages/mathlib/.lake/build/ir/Mathlib/Data/Fin/Rev.c.o.export
Mathlib.Data.Fin.SuccPred	.lake/packages/mathlib/.lake/build/ir/Mathlib/Data/Fin/SuccPred.c.o.export
Mathlib.Data.Fin.Tuple.Basic	.lake/packages/mathlib/.lake/build/ir/Mathlib/Data/Fin/Tuple/Basic.c.o.export
Mathlib.Data.Fin.Tuple.NatAntidiagonal	.lake/packages/mathlib/.lake/build/ir/Mathlib/Data/Fin/Tuple/NatAntidiagonal.c.o.export
Mathlib.Data.Fin.Tuple.Reflection	.lake/packages/mathlib/.lake/build/ir/Mathlib/Data/Fin/Tuple/Reflection.c.o.export
Mathlib.Data.Fin.VecNotation	.lake/packages/mathlib/.lake/build/ir/Mathlib/Data/Fin/VecNotation.c.o.export
Mathlib.Data.Finite.Card	.lake/packages/mathlib/.lake/build/ir/Mathlib/Data/Finite/Card.c.o.export
Mathlib.Data.Finite.Defs	.lake/packages/mathlib/.lake/build/ir/Mathlib/Data/Finite/Defs.c.o.export
Mathlib.Data.Finite.Prod	.lake/packages/mathlib/.lake/build/ir/Mathlib/Data/Finite/Prod.c.o.export
Mathlib.Data.Finite.Set	.lake/packages/mathlib/.lake/build/ir/Mathlib/Data/Finite/Set.c.o.export
Mathlib.Data.Finite.Sigma	.lake/packages/mathlib/.lake/build/ir/Mathlib/Data/Finite/Sigma.c.o.export
Mathlib.Data.Finite.Sum	.lake/packages/mathlib/.lake/build/ir/Mathlib/Data/Finite/Sum.c.o.export
Mathlib.Data.Finset.Attach	.lake/packages/mathlib/.lake/build/ir/Mathlib/Data/Finset/Attach.c.o.export
Mathlib.Data.Finset.Attr	.lake/packages/mathlib/.lake/build/ir/Mathlib/Data/Finset/Attr.c.o.export
Mathlib.Data.Finset.Basic	.lake/packages/mathlib/.lake/build/ir/Mathlib/Data/Finset/Basic.c.o.export
Mathlib.Data.Finset.BooleanAlgebra	.lake/packages/mathlib/.lake/build/ir/Mathlib/Data/Finset/BooleanAlgebra.c.o.export
Mathlib.Data.Finset.Card	.lake/packages/mathlib/.lake/build/ir/Mathlib/Data/Finset/Card.c.o.export
Mathlib.Data.Finset.Dedup	.lake/packages/mathlib/.lake/build/ir/Mathlib/Data/Finset/Dedup.c.o.export
Mathlib.Data.Finset.Defs	.lake/packages/mathlib/.lake/build/ir/Mathlib/Data/Finset/Defs.c.o.export
Mathlib.Data.Finset.Density	.lake/packages/mathlib/.lake/build/ir/Mathlib/Data/Finset/Density.c.o.export
Mathlib.Data.Finset.Disjoint	.lake/packages/mathlib/.lake/build/ir/Mathlib/Data/Finset/Disjoint.c.o.export
Mathlib.Data.Finset.Empty	.lake/packages/mathlib/.lake/build/ir/Mathlib/Data/Finset/Empty.c.o.export
Mathlib.Data.Finset.Erase	.lake/packages/mathlib/.lake/build/ir/Mathlib/Data/Finset/Erase.c.o.export
Mathlib.Data.Finset.Filter	.lake/packages/mathlib/.lake/build/ir/Mathlib/Data/Finset/Filter.c.o.export
Mathlib.Data.Finset.Fin	.lake/packages/mathlib/.lake/build/ir/Mathlib/Data/Finset/Fin.c.o.export
Mathlib.Data.Finset.Fold	.lake/packages/mathlib/.lake/build/ir/Mathlib/Data/Finset/Fold.c.o.export
Mathlib.Data.Finset.Image	.lake/packages/mathlib/.lake/build/ir/Mathlib/Data/Finset/Image.c.o.export
Mathlib.Data.Finset.Insert	.lake/packages/mathlib/.lake/build/ir/Mathlib/Data/Finset/Insert.c.o.export
Mathlib.Data.Finset.Lattice.Basic	.lake/packages/mathlib/.lake/build/ir/Mathlib/Data/Finset/Lattice/Basic.c.o.export
Mathlib.Data.Finset.Lattice.Fold	.lake/packages/mathlib/.lake/build/ir/Mathlib/Data/Finset/Lattice/Fold.c.o.export
Mathlib.Data.Finset.Lattice.Lemmas	.lake/packages/mathlib/.lake/build/ir/Mathlib/Data/Finset/Lattice/Lemmas.c.o.export
Mathlib.Data.Finset.Lattice.Prod	.lake/packages/mathlib/.lake/build/ir/Mathlib/Data/Finset/Lattice/Prod.c.o.export
Mathlib.Data.Finset.Lattice.Union	.lake/packages/mathlib/.lake/build/ir/Mathlib/Data/Finset/Lattice/Union.c.o.export
Mathlib.Data.Finset.Max	.lake/packages/mathlib/.lake/build/ir/Mathlib/Data/Finset/Max.c.o.export
Mathlib.Data.Finset.NAry	.lake/packages/mathlib/.lake/build/ir/Mathlib/Data/Finset/NAry.c.o.export
Mathlib.Data.Finset.NatAntidiagonal	.lake/packages/mathlib/.lake/build/ir/Mathlib/Data/Finset/NatAntidiagonal.c.o.export
Mathlib.Data.Finset.NoncommProd	.lake/packages/mathlib/.lake/build/ir/Mathlib/Data/Finset/NoncommProd.c.o.export
Mathlib.Data.Finset.Option	.lake/packages/mathlib/.lake/build/ir/Mathlib/Data/Finset/Option.c.o.export
Mathlib.Data.Finset.Order	.lake/packages/mathlib/.lake/build/ir/Mathlib/Data/Finset/Order.c.o.export
Mathlib.Data.Finset.Pi	.lake/packages/mathlib/.lake/build/ir/Mathlib/Data/Finset/Pi.c.o.export
Mathlib.Data.Finset.Piecewise	.lake/packages/mathlib/.lake/build/ir/Mathlib/Data/Finset/Piecewise.c.o.export
Mathlib.Data.Finset.Powerset	.lake/packages/mathlib/.lake/build/ir/Mathlib/Data/Finset/Powerset.c.o.export
Mathlib.Data.Finset.Preimage	.lake/packages/mathlib/.lake/build/ir/Mathlib/Data/Finset/Preimage.c.o.export
Mathlib.Data.Finset.Prod	.lake/packages/mathlib/.lake/build/ir/Mathlib/Data/Finset/Prod.c.o.export
Mathlib.Data.Finset.Range	.lake/packages/mathlib/.lake/build/ir/Mathlib/Data/Finset/Range.c.o.export
Mathlib.Data.Finset.SDiff	.lake/packages/mathlib/.lake/build/ir/Mathlib/Data/Finset/SDiff.c.o.export
Mathlib.Data.Finset.Sigma	.lake/packages/mathlib/.lake/build/ir/Mathlib/Data/Finset/Sigma.c.o.export
Mathlib.Data.Finset.Sort	.lake/packages/mathlib/.lake/build/ir/Mathlib/Data/Finset/Sort.c.o.export
Mathlib.Data.Finset.Sum	.lake/packages/mathlib/.lake/build/ir/Mathlib/Data/Finset/Sum.c.o.export
Mathlib.Data.Finset.Sym	.lake/packages/mathlib/.lake/build/ir/Mathlib/Data/Finset/Sym.c.o.export
Mathlib.Data.Finset.SymmDiff	.lake/packages/mathlib/.lake/build/ir/Mathlib/Data/Finset/SymmDiff.c.o.export
Mathlib.Data.Finset.Union	.lake/packages/mathlib/.lake/build/ir/Mathlib/Data/Finset/Union.c.o.export
Mathlib.Data.Finsupp.Antidiagonal	.lake/packages/mathlib/.lake/build/ir/Mathlib/Data/Finsupp/Antidiagonal.c.o.export
Mathlib.Data.Finsupp.Basic	.lake/packages/mathlib/.lake/build/ir/Mathlib/Data/Finsupp/Basic.c.o.export
Mathlib.Data.Finsupp.Defs	.lake/packages/mathlib/.lake/build/ir/Mathlib/Data/Finsupp/Defs.c.o.export
Mathlib.Data.Finsupp.Ext	.lake/packages/mathlib/.lake/build/ir/Mathlib/Data/Finsupp/Ext.c.o.export
Mathlib.Data.Finsupp.Fin	.lake/packages/mathlib/.lake/build/ir/Mathlib/Data/Finsupp/Fin.c.o.export
Mathlib.Data.Finsupp.Fintype	.lake/packages/mathlib/.lake/build/ir/Mathlib/Data/Finsupp/Fintype.c.o.export
Mathlib.Data.Finsupp.Indicator	.lake/packages/mathlib/.lake/build/ir/Mathlib/Data/Finsupp/Indicator.c.o.export
Mathlib.Data.Finsupp.Lex	.lake/packages/mathlib/.lake/build/ir/Mathlib/Data/Finsupp/Lex.c.o.export
Mathlib.Data.Finsupp.Multiset	.lake/packages/mathlib/.lake/build/ir/Mathlib/Data/Finsupp/Multiset.c.o.export
Mathlib.Data.Finsupp.Option	.lake/packages/mathlib/.lake/build/ir/Mathlib/Data/Finsupp/Option.c.o.export
Mathlib.Data.Finsupp.Order	.lake/packages/mathlib/.lake/build/ir/Mathlib/Data/Finsupp/Order.c.o.export
Mathlib.Data.Finsupp.SMul	.lake/packages/mathlib/.lake/build/ir/Mathlib/Data/Finsupp/SMul.c.o.export
Mathlib.Data.Finsupp.SMulWithZero	.lake/packages/mathlib/.lake/build/ir/Mathlib/Data/Finsupp/SMulWithZero.c.o.export
Mathlib.Data.Finsupp.Single	.lake/packages/mathlib/.lake/build/ir/Mathlib/Data/Finsupp/Single.c.o.export
Mathlib.Data.Finsupp.ToDFinsupp	.lake/packages/mathlib/.lake/build/ir/Mathlib/Data/Finsupp/ToDFinsupp.c.o.export
Mathlib.Data.Finsupp.Weight	.lake/packages/mathlib/.lake/build/ir/Mathlib/Data/Finsupp/Weight.c.o.export
Mathlib.Data.Fintype.Basic	.lake/packages/mathlib/.lake/build/ir/Mathlib/Data/Fintype/Basic.c.o.export
Mathlib.Data.Fintype.BigOperators	.lake/packages/mathlib/.lake/build/ir/Mathlib/Data/Fintype/BigOperators.c.o.export
Mathlib.Data.Fintype.Card	.lake/packages/mathlib/.lake/build/ir/Mathlib/Data/Fintype/Card.c.o.export
Mathlib.Data.Fintype.Defs	.lake/packages/mathlib/.lake/build/ir/Mathlib/Data/Fintype/Defs.c.o.export
Mathlib.Data.Fintype.EquivFin	.lake/packages/mathlib/.lake/build/ir/Mathlib/Data/Fintype/EquivFin.c.o.export
Mathlib.Data.Fintype.Fin	.lake/packages/mathlib/.lake/build/ir/Mathlib/Data/Fintype/Fin.c.o.export
Mathlib.Data.Fintype.Inv	.lake/packages/mathlib/.lake/build/ir/Mathlib/Data/Fintype/Inv.c.o.export
Mathlib.Data.Fintype.Lattice	.lake/packages/mathlib/.lake/build/ir/Mathlib/Data/Fintype/Lattice.c.o.export
Mathlib.Data.Fintype.List	.lake/packages/mathlib/.lake/build/ir/Mathlib/Data/Fintype/List.c.o.export
Mathlib.Data.Fintype.OfMap	.lake/packages/mathlib/.lake/build/ir/Mathlib/Data/Fintype/OfMap.c.o.export
Mathlib.Data.Fintype.Option	.lake/packages/mathlib/.lake/build/ir/Mathlib/Data/Fintype/Option.c.o.export
Mathlib.Data.Fintype.Order	.lake/packages/mathlib/.lake/build/ir/Mathlib/Data/Fintype/Order.c.o.export
Mathlib.Data.Fintype.Parity	.lake/packages/mathlib/.lake/build/ir/Mathlib/Data/Fintype/Parity.c.o.export
Mathlib.Data.Fintype.Perm	.lake/packages/mathlib/.lake/build/ir/Mathlib/Data/Fintype/Perm.c.o.export
Mathlib.Data.Fintype.Pi	.lake/packages/mathlib/.lake/build/ir/Mathlib/Data/Fintype/Pi.c.o.export
Mathlib.Data.Fintype.Pigeonhole	.lake/packages/mathlib/.lake/build/ir/Mathlib/Data/Fintype/Pigeonhole.c.o.export
Mathlib.Data.Fintype.Powerset	.lake/packages/mathlib/.lake/build/ir/Mathlib/Data/Fintype/Powerset.c.o.export
Mathlib.Data.Fintype.Prod	.lake/packages/mathlib/.lake/build/ir/Mathlib/Data/Fintype/Prod.c.o.export
Mathlib.Data.Fintype.Quotient	.lake/packages/mathlib/.lake/build/ir/Mathlib/Data/Fintype/Quotient.c.o.export
Mathlib.Data.Fintype.Sets	.lake/packages/mathlib/.lake/build/ir/Mathlib/Data/Fintype/Sets.c.o.export
Mathlib.Data.Fintype.Sigma	.lake/packages/mathlib/.lake/build/ir/Mathlib/Data/Fintype/Sigma.c.o.export
Mathlib.Data.Fintype.Sum	.lake/packages/mathlib/.lake/build/ir/Mathlib/Data/Fintype/Sum.c.o.export
Mathlib.Data.Fintype.Units	.lake/packages/mathlib/.lake/build/ir/Mathlib/Data/Fintype/Units.c.o.export
Mathlib.Data.Fintype.Vector	.lake/packages/mathlib/.lake/build/ir/Mathlib/Data/Fintype/Vector.c.o.export
Mathlib.Data.FunLike.Basic	.lake/packages/mathlib/.lake/build/ir/Mathlib/Data/FunLike/Basic.c.o.export
Mathlib.Data.FunLike.Embedding	.lake/packages/mathlib/.lake/build/ir/Mathlib/Data/FunLike/Embedding.c.o.export
Mathlib.Data.FunLike.Equiv	.lake/packages/mathlib/.lake/build/ir/Mathlib/Data/FunLike/Equiv.c.o.export
Mathlib.Data.Ineq	.lake/packages/mathlib/.lake/build/ir/Mathlib/Data/Ineq.c.o.export
Mathlib.Data.Int.Basic	.lake/packages/mathlib/.lake/build/ir/Mathlib/Data/Int/Basic.c.o.export
Mathlib.Data.Int.Cast.Basic	.lake/packages/mathlib/.lake/build/ir/Mathlib/Data/Int/Cast/Basic.c.o.export
Mathlib.Data.Int.Cast.Defs	.lake/packages/mathlib/.lake/build/ir/Mathlib/Data/Int/Cast/Defs.c.o.export
Mathlib.Data.Int.Cast.Field	.lake/packages/mathlib/.lake/build/ir/Mathlib/Data/Int/Cast/Field.c.o.export
Mathlib.Data.Int.Cast.Lemmas	.lake/packages/mathlib/.lake/build/ir/Mathlib/Data/Int/Cast/Lemmas.c.o.export
Mathlib.Data.Int.Cast.Pi	.lake/packages/mathlib/.lake/build/ir/Mathlib/Data/Int/Cast/Pi.c.o.export
Mathlib.Data.Int.Cast.Prod	.lake/packages/mathlib/.lake/build/ir/Mathlib/Data/Int/Cast/Prod.c.o.export
Mathlib.Data.Int.CharZero	.lake/packages/mathlib/.lake/build/ir/Mathlib/Data/Int/CharZero.c.o.export
Mathlib.Data.Int.ConditionallyCompleteOrder	.lake/packages/mathlib/.lake/build/ir/Mathlib/Data/Int/ConditionallyCompleteOrder.c.o.export
Mathlib.Data.Int.DivMod	.lake/packages/mathlib/.lake/build/ir/Mathlib/Data/Int/DivMod.c.o.export
Mathlib.Data.Int.GCD	.lake/packages/mathlib/.lake/build/ir/Mathlib/Data/Int/GCD.c.o.export
Mathlib.Data.Int.Init	.lake/packages/mathlib/.lake/build/ir/Mathlib/Data/Int/Init.c.o.export
Mathlib.Data.Int.Interval	.lake/packages/mathlib/.lake/build/ir/Mathlib/Data/Int/Interval.c.o.export
Mathlib.Data.Int.LeastGreatest	.lake/packages/mathlib/.lake/build/ir/Mathlib/Data/Int/LeastGreatest.c.o.export
Mathlib.Data.Int.ModEq	.lake/packages/mathlib/.lake/build/ir/Mathlib/Data/Int/ModEq.c.o.export
Mathlib.Data.Int.Notation	.lake/packages/mathlib/.lake/build/ir/Mathlib/Data/Int/Notation.c.o.export
Mathlib.Data.Int.Order.Basic	.lake/packages/mathlib/.lake/build/ir/Mathlib/Data/Int/Order/Basic.c.o.export
Mathlib.Data.Int.Order.Units	.lake/packages/mathlib/.lake/build/ir/Mathlib/Data/Int/Order/Units.c.o.export
Mathlib.Data.Int.Range	.lake/packages/mathlib/.lake/build/ir/Mathlib/Data/Int/Range.c.o.export
Mathlib.Data.Int.Sqrt	.lake/packages/mathlib/.lake/build/ir/Mathlib/Data/Int/Sqrt.c.o.export
Mathlib.Data.Int.SuccPred	.lake/packages/mathlib/.lake/build/ir/Mathlib/Data/Int/SuccPred.c.o.export
Mathlib.Data.Int.WithZero	.lake/packages/mathlib/.lake/build/ir/Mathlib/Data/Int/WithZero.c.o.export
Mathlib.Data.List.Basic	.lake/packages/mathlib/.lake/build/ir/Mathlib/Data/List/Basic.c.o.export
Mathlib.Data.List.Chain	.lake/packages/mathlib/.lake/build/ir/Mathlib/Data/List/Chain.c.o.export
Mathlib.Data.List.Count	.lake/packages/mathlib/.lake/build/ir/Mathlib/Data/List/Count.c.o.export
Mathlib.Data.List.Cycle	.lake/packages/mathlib/.lake/build/ir/Mathlib/Data/List/Cycle.c.o.export
Mathlib.Data.List.Dedup	.lake/packages/mathlib/.lake/build/ir/Mathlib/Data/List/Dedup.c.o.export
Mathlib.Data.List.Defs	.lake/packages/mathlib/.lake/build/ir/Mathlib/Data/List/Defs.c.o.export
Mathlib.Data.List.Duplicate	.lake/packages/mathlib/.lake/build/ir/Mathlib/Data/List/Duplicate.c.o.export
Mathlib.Data.List.Enum	.lake/packages/mathlib/.lake/build/ir/Mathlib/Data/List/Enum.c.o.export
Mathlib.Data.List.FinRange	.lake/packages/mathlib/.lake/build/ir/Mathlib/Data/List/FinRange.c.o.export
Mathlib.Data.List.Flatten	.lake/packages/mathlib/.lake/build/ir/Mathlib/Data/List/Flatten.c.o.export
Mathlib.Data.List.Forall2	.lake/packages/mathlib/.lake/build/ir/Mathlib/Data/List/Forall2.c.o.export
Mathlib.Data.List.Induction	.lake/packages/mathlib/.lake/build/ir/Mathlib/Data/List/Induction.c.o.export
Mathlib.Data.List.Infix	.lake/packages/mathlib/.lake/build/ir/Mathlib/Data/List/Infix.c.o.export
Mathlib.Data.List.InsertIdx	.lake/packages/mathlib/.lake/build/ir/Mathlib/Data/List/InsertIdx.c.o.export
Mathlib.Data.List.Iterate	.lake/packages/mathlib/.lake/build/ir/Mathlib/Data/List/Iterate.c.o.export
Mathlib.Data.List.Lattice	.lake/packages/mathlib/.lake/build/ir/Mathlib/Data/List/Lattice.c.o.export
Mathlib.Data.List.Lex	.lake/packages/mathlib/.lake/build/ir/Mathlib/Data/List/Lex.c.o.export
Mathlib.Data.List.MinMax	.lake/packages/mathlib/.lake/build/ir/Mathlib/Data/List/MinMax.c.o.export
Mathlib.Data.List.Monad	.lake/packages/mathlib/.lake/build/ir/Mathlib/Data/List/Monad.c.o.export
Mathlib.Data.List.NatAntidiagonal	.lake/packages/mathlib/.lake/build/ir/Mathlib/Data/List/NatAntidiagonal.c.o.export
Mathlib.Data.List.Nodup	.lake/packages/mathlib/.lake/build/ir/Mathlib/Data/List/Nodup.c.o.export
Mathlib.Data.List.NodupEquivFin	.lake/packages/mathlib/.lake/build/ir/Mathlib/Data/List/NodupEquivFin.c.o.export
Mathlib.Data.List.OfFn	.lake/packages/mathlib/.lake/build/ir/Mathlib/Data/List/OfFn.c.o.export
Mathlib.Data.List.OffDiag	.lake/packages/mathlib/.lake/build/ir/Mathlib/Data/List/OffDiag.c.o.export
Mathlib.Data.List.Pairwise	.lake/packages/mathlib/.lake/build/ir/Mathlib/Data/List/Pairwise.c.o.export
Mathlib.Data.List.Perm.Basic	.lake/packages/mathlib/.lake/build/ir/Mathlib/Data/List/Perm/Basic.c.o.export
Mathlib.Data.List.Perm.Lattice	.lake/packages/mathlib/.lake/build/ir/Mathlib/Data/List/Perm/Lattice.c.o.export
Mathlib.Data.List.Perm.Subperm	.lake/packages/mathlib/.lake/build/ir/Mathlib/Data/List/Perm/Subperm.c.o.export
Mathlib.Data.List.Permutation	.lake/packages/mathlib/.lake/build/ir/Mathlib/Data/List/Permutation.c.o.export
Mathlib.Data.List.Pi	.lake/packages/mathlib/.lake/build/ir/Mathlib/Data/List/Pi.c.o.export
Mathlib.Data.List.Prime	.lake/packages/mathlib/.lake/build/ir/Mathlib/Data/List/Prime.c.o.export
Mathlib.Data.List.ProdSigma	.lake/packages/mathlib/.lake/build/ir/Mathlib/Data/List/ProdSigma.c.o.export
Mathlib.Data.List.Range	.lake/packages/mathlib/.lake/build/ir/Mathlib/Data/List/Range.c.o.export
Mathlib.Data.List.Rotate	.lake/packages/mathlib/.lake/build/ir/Mathlib/Data/List/Rotate.c.o.export
Mathlib.Data.List.Sort	.lake/packages/mathlib/.lake/build/ir/Mathlib/Data/List/Sort.c.o.export
Mathlib.Data.List.Sublists	.lake/packages/mathlib/.lake/build/ir/Mathlib/Data/List/Sublists.c.o.export
Mathlib.Data.List.Sym	.lake/packages/mathlib/.lake/build/ir/Mathlib/Data/List/Sym.c.o.export
Mathlib.Data.List.TFAE	.lake/packages/mathlib/.lake/build/ir/Mathlib/Data/List/TFAE.c.o.export
Mathlib.Data.List.TakeDrop	.lake/packages/mathlib/.lake/build/ir/Mathlib/Data/List/TakeDrop.c.o.export
Mathlib.Data.List.Zip	.lake/packages/mathlib/.lake/build/ir/Mathlib/Data/List/Zip.c.o.export
Mathlib.Data.Matrix.Action	.lake/packages/mathlib/.lake/build/ir/Mathlib/Data/Matrix/Action.c.o.export
Mathlib.Data.Matrix.Basic	.lake/packages/mathlib/.lake/build/ir/Mathlib/Data/Matrix/Basic.c.o.export
Mathlib.Data.Matrix.Basis	.lake/packages/mathlib/.lake/build/ir/Mathlib/Data/Matrix/Basis.c.o.export
Mathlib.Data.Matrix.Block	.lake/packages/mathlib/.lake/build/ir/Mathlib/Data/Matrix/Block.c.o.export
Mathlib.Data.Matrix.Composition	.lake/packages/mathlib/.lake/build/ir/Mathlib/Data/Matrix/Composition.c.o.export
Mathlib.Data.Matrix.Diagonal	.lake/packages/mathlib/.lake/build/ir/Mathlib/Data/Matrix/Diagonal.c.o.export
Mathlib.Data.Matrix.Invertible	.lake/packages/mathlib/.lake/build/ir/Mathlib/Data/Matrix/Invertible.c.o.export
Mathlib.Data.Matrix.Mul	.lake/packages/mathlib/.lake/build/ir/Mathlib/Data/Matrix/Mul.c.o.export
Mathlib.Data.Multiset.AddSub	.lake/packages/mathlib/.lake/build/ir/Mathlib/Data/Multiset/AddSub.c.o.export
Mathlib.Data.Multiset.Antidiagonal	.lake/packages/mathlib/.lake/build/ir/Mathlib/Data/Multiset/Antidiagonal.c.o.export
Mathlib.Data.Multiset.Basic	.lake/packages/mathlib/.lake/build/ir/Mathlib/Data/Multiset/Basic.c.o.export
Mathlib.Data.Multiset.Bind	.lake/packages/mathlib/.lake/build/ir/Mathlib/Data/Multiset/Bind.c.o.export
Mathlib.Data.Multiset.Count	.lake/packages/mathlib/.lake/build/ir/Mathlib/Data/Multiset/Count.c.o.export
Mathlib.Data.Multiset.Dedup	.lake/packages/mathlib/.lake/build/ir/Mathlib/Data/Multiset/Dedup.c.o.export
Mathlib.Data.Multiset.Defs	.lake/packages/mathlib/.lake/build/ir/Mathlib/Data/Multiset/Defs.c.o.export
Mathlib.Data.Multiset.Filter	.lake/packages/mathlib/.lake/build/ir/Mathlib/Data/Multiset/Filter.c.o.export
Mathlib.Data.Multiset.FinsetOps	.lake/packages/mathlib/.lake/build/ir/Mathlib/Data/Multiset/FinsetOps.c.o.export
Mathlib.Data.Multiset.Fintype	.lake/packages/mathlib/.lake/build/ir/Mathlib/Data/Multiset/Fintype.c.o.export
Mathlib.Data.Multiset.Fold	.lake/packages/mathlib/.lake/build/ir/Mathlib/Data/Multiset/Fold.c.o.export
Mathlib.Data.Multiset.Lattice	.lake/packages/mathlib/.lake/build/ir/Mathlib/Data/Multiset/Lattice.c.o.export
Mathlib.Data.Multiset.MapFold	.lake/packages/mathlib/.lake/build/ir/Mathlib/Data/Multiset/MapFold.c.o.export
Mathlib.Data.Multiset.NatAntidiagonal	.lake/packages/mathlib/.lake/build/ir/Mathlib/Data/Multiset/NatAntidiagonal.c.o.export
Mathlib.Data.Multiset.OrderedMonoid	.lake/packages/mathlib/.lake/build/ir/Mathlib/Data/Multiset/OrderedMonoid.c.o.export
Mathlib.Data.Multiset.Pi	.lake/packages/mathlib/.lake/build/ir/Mathlib/Data/Multiset/Pi.c.o.export
Mathlib.Data.Multiset.Powerset	.lake/packages/mathlib/.lake/build/ir/Mathlib/Data/Multiset/Powerset.c.o.export
Mathlib.Data.Multiset.Range	.lake/packages/mathlib/.lake/build/ir/Mathlib/Data/Multiset/Range.c.o.export
Mathlib.Data.Multiset.Replicate	.lake/packages/mathlib/.lake/build/ir/Mathlib/Data/Multiset/Replicate.c.o.export
Mathlib.Data.Multiset.Sections	.lake/packages/mathlib/.lake/build/ir/Mathlib/Data/Multiset/Sections.c.o.export
Mathlib.Data.Multiset.Sort	.lake/packages/mathlib/.lake/build/ir/Mathlib/Data/Multiset/Sort.c.o.export
Mathlib.Data.Multiset.Sum	.lake/packages/mathlib/.lake/build/ir/Mathlib/Data/Multiset/Sum.c.o.export
Mathlib.Data.Multiset.Sym	.lake/packages/mathlib/.lake/build/ir/Mathlib/Data/Multiset/Sym.c.o.export
Mathlib.Data.Multiset.UnionInter	.lake/packages/mathlib/.lake/build/ir/Mathlib/Data/Multiset/UnionInter.c.o.export
Mathlib.Data.Multiset.ZeroCons	.lake/packages/mathlib/.lake/build/ir/Mathlib/Data/Multiset/ZeroCons.c.o.export
Mathlib.Data.NNRat.Defs	.lake/packages/mathlib/.lake/build/ir/Mathlib/Data/NNRat/Defs.c.o.export
Mathlib.Data.NNRat.Order	.lake/packages/mathlib/.lake/build/ir/Mathlib/Data/NNRat/Order.c.o.export
Mathlib.Data.NNReal.Basic	.lake/packages/mathlib/.lake/build/ir/Mathlib/Data/NNReal/Basic.c.o.export
Mathlib.Data.NNReal.Defs	.lake/packages/mathlib/.lake/build/ir/Mathlib/Data/NNReal/Defs.c.o.export
Mathlib.Data.Nat.Basic	.lake/packages/mathlib/.lake/build/ir/Mathlib/Data/Nat/Basic.c.o.export
Mathlib.Data.Nat.BinaryRec	.lake/packages/mathlib/.lake/build/ir/Mathlib/Data/Nat/BinaryRec.c.o.export
Mathlib.Data.Nat.Bits	.lake/packages/mathlib/.lake/build/ir/Mathlib/Data/Nat/Bits.c.o.export
Mathlib.Data.Nat.Cast.Basic	.lake/packages/mathlib/.lake/build/ir/Mathlib/Data/Nat/Cast/Basic.c.o.export
Mathlib.Data.Nat.Cast.Commute	.lake/packages/mathlib/.lake/build/ir/Mathlib/Data/Nat/Cast/Commute.c.o.export
Mathlib.Data.Nat.Cast.Defs	.lake/packages/mathlib/.lake/build/ir/Mathlib/Data/Nat/Cast/Defs.c.o.export
Mathlib.Data.Nat.Cast.Field	.lake/packages/mathlib/.lake/build/ir/Mathlib/Data/Nat/Cast/Field.c.o.export
Mathlib.Data.Nat.Cast.NeZero	.lake/packages/mathlib/.lake/build/ir/Mathlib/Data/Nat/Cast/NeZero.c.o.export
Mathlib.Data.Nat.Cast.Order.Basic	.lake/packages/mathlib/.lake/build/ir/Mathlib/Data/Nat/Cast/Order/Basic.c.o.export
Mathlib.Data.Nat.Cast.Order.Field	.lake/packages/mathlib/.lake/build/ir/Mathlib/Data/Nat/Cast/Order/Field.c.o.export
Mathlib.Data.Nat.Cast.Order.Ring	.lake/packages/mathlib/.lake/build/ir/Mathlib/Data/Nat/Cast/Order/Ring.c.o.export
Mathlib.Data.Nat.Cast.Prod	.lake/packages/mathlib/.lake/build/ir/Mathlib/Data/Nat/Cast/Prod.c.o.export
Mathlib.Data.Nat.Cast.WithTop	.lake/packages/mathlib/.lake/build/ir/Mathlib/Data/Nat/Cast/WithTop.c.o.export
Mathlib.Data.Nat.ChineseRemainder	.lake/packages/mathlib/.lake/build/ir/Mathlib/Data/Nat/ChineseRemainder.c.o.export
Mathlib.Data.Nat.Choose.Basic	.lake/packages/mathlib/.lake/build/ir/Mathlib/Data/Nat/Choose/Basic.c.o.export
Mathlib.Data.Nat.Choose.Bounds	.lake/packages/mathlib/.lake/build/ir/Mathlib/Data/Nat/Choose/Bounds.c.o.export
Mathlib.Data.Nat.Choose.Cast	.lake/packages/mathlib/.lake/build/ir/Mathlib/Data/Nat/Choose/Cast.c.o.export
Mathlib.Data.Nat.Choose.Central	.lake/packages/mathlib/.lake/build/ir/Mathlib/Data/Nat/Choose/Central.c.o.export
Mathlib.Data.Nat.Choose.Factorization	.lake/packages/mathlib/.lake/build/ir/Mathlib/Data/Nat/Choose/Factorization.c.o.export
Mathlib.Data.Nat.Choose.Sum	.lake/packages/mathlib/.lake/build/ir/Mathlib/Data/Nat/Choose/Sum.c.o.export
Mathlib.Data.Nat.Choose.Vandermonde	.lake/packages/mathlib/.lake/build/ir/Mathlib/Data/Nat/Choose/Vandermonde.c.o.export
Mathlib.Data.Nat.Count	.lake/packages/mathlib/.lake/build/ir/Mathlib/Data/Nat/Count.c.o.export
Mathlib.Data.Nat.Digits.Defs	.lake/packages/mathlib/.lake/build/ir/Mathlib/Data/Nat/Digits/Defs.c.o.export
Mathlib.Data.Nat.Digits.Lemmas	.lake/packages/mathlib/.lake/build/ir/Mathlib/Data/Nat/Digits/Lemmas.c.o.export
Mathlib.Data.Nat.Factorial.Basic	.lake/packages/mathlib/.lake/build/ir/Mathlib/Data/Nat/Factorial/Basic.c.o.export
Mathlib.Data.Nat.Factorial.BigOperators	.lake/packages/mathlib/.lake/build/ir/Mathlib/Data/Nat/Factorial/BigOperators.c.o.export
Mathlib.Data.Nat.Factorial.Cast	.lake/packages/mathlib/.lake/build/ir/Mathlib/Data/Nat/Factorial/Cast.c.o.export
Mathlib.Data.Nat.Factorial.SuperFactorial	.lake/packages/mathlib/.lake/build/ir/Mathlib/Data/Nat/Factorial/SuperFactorial.c.o.export
Mathlib.Data.Nat.Factorization.Basic	.lake/packages/mathlib/.lake/build/ir/Mathlib/Data/Nat/Factorization/Basic.c.o.export
Mathlib.Data.Nat.Factorization.Defs	.lake/packages/mathlib/.lake/build/ir/Mathlib/Data/Nat/Factorization/Defs.c.o.export
Mathlib.Data.Nat.Factorization.Induction	.lake/packages/mathlib/.lake/build/ir/Mathlib/Data/Nat/Factorization/Induction.c.o.export
Mathlib.Data.Nat.Factorization.LCM	.lake/packages/mathlib/.lake/build/ir/Mathlib/Data/Nat/Factorization/LCM.c.o.export
Mathlib.Data.Nat.Factorization.PrimePow	.lake/packages/mathlib/.lake/build/ir/Mathlib/Data/Nat/Factorization/PrimePow.c.o.export
Mathlib.Data.Nat.Factors	.lake/packages/mathlib/.lake/build/ir/Mathlib/Data/Nat/Factors.c.o.export
Mathlib.Data.Nat.Fib.Basic	.lake/packages/mathlib/.lake/build/ir/Mathlib/Data/Nat/Fib/Basic.c.o.export
Mathlib.Data.Nat.Find	.lake/packages/mathlib/.lake/build/ir/Mathlib/Data/Nat/Find.c.o.export
Mathlib.Data.Nat.GCD.Basic	.lake/packages/mathlib/.lake/build/ir/Mathlib/Data/Nat/GCD/Basic.c.o.export
Mathlib.Data.Nat.GCD.BigOperators	.lake/packages/mathlib/.lake/build/ir/Mathlib/Data/Nat/GCD/BigOperators.c.o.export
Mathlib.Data.Nat.Init	.lake/packages/mathlib/.lake/build/ir/Mathlib/Data/Nat/Init.c.o.export
Mathlib.Data.Nat.Lattice	.lake/packages/mathlib/.lake/build/ir/Mathlib/Data/Nat/Lattice.c.o.export
Mathlib.Data.Nat.Log	.lake/packages/mathlib/.lake/build/ir/Mathlib/Data/Nat/Log.c.o.export
Mathlib.Data.Nat.MaxPowDiv	.lake/packages/mathlib/.lake/build/ir/Mathlib/Data/Nat/MaxPowDiv.c.o.export
Mathlib.Data.Nat.ModEq	.lake/packages/mathlib/.lake/build/ir/Mathlib/Data/Nat/ModEq.c.o.export
Mathlib.Data.Nat.Multiplicity	.lake/packages/mathlib/.lake/build/ir/Mathlib/Data/Nat/Multiplicity.c.o.export
Mathlib.Data.Nat.Notation	.lake/packages/mathlib/.lake/build/ir/Mathlib/Data/Nat/Notation.c.o.export
Mathlib.Data.Nat.NthRoot.Defs	.lake/packages/mathlib/.lake/build/ir/Mathlib/Data/Nat/NthRoot/Defs.c.o.export
Mathlib.Data.Nat.Order.Lemmas	.lake/packages/mathlib/.lake/build/ir/Mathlib/Data/Nat/Order/Lemmas.c.o.export
Mathlib.Data.Nat.Pairing	.lake/packages/mathlib/.lake/build/ir/Mathlib/Data/Nat/Pairing.c.o.export
Mathlib.Data.Nat.Periodic	.lake/packages/mathlib/.lake/build/ir/Mathlib/Data/Nat/Periodic.c.o.export
Mathlib.Data.Nat.Prime.Basic	.lake/packages/mathlib/.lake/build/ir/Mathlib/Data/Nat/Prime/Basic.c.o.export
Mathlib.Data.Nat.Prime.Defs	.lake/packages/mathlib/.lake/build/ir/Mathlib/Data/Nat/Prime/Defs.c.o.export
Mathlib.Data.Nat.Prime.Infinite	.lake/packages/mathlib/.lake/build/ir/Mathlib/Data/Nat/Prime/Infinite.c.o.export
Mathlib.Data.Nat.Prime.Int	.lake/packages/mathlib/.lake/build/ir/Mathlib/Data/Nat/Prime/Int.c.o.export
Mathlib.Data.Nat.Prime.Pow	.lake/packages/mathlib/.lake/build/ir/Mathlib/Data/Nat/Prime/Pow.c.o.export
Mathlib.Data.Nat.PrimeFin	.lake/packages/mathlib/.lake/build/ir/Mathlib/Data/Nat/PrimeFin.c.o.export
Mathlib.Data.Nat.Set	.lake/packages/mathlib/.lake/build/ir/Mathlib/Data/Nat/Set.c.o.export
Mathlib.Data.Nat.Sqrt	.lake/packages/mathlib/.lake/build/ir/Mathlib/Data/Nat/Sqrt.c.o.export
Mathlib.Data.Nat.Squarefree	.lake/packages/mathlib/.lake/build/ir/Mathlib/Data/Nat/Squarefree.c.o.export
Mathlib.Data.Nat.SuccPred	.lake/packages/mathlib/.lake/build/ir/Mathlib/Data/Nat/SuccPred.c.o.export
Mathlib.Data.Nat.Totient	.lake/packages/mathlib/.lake/build/ir/Mathlib/Data/Nat/Totient.c.o.export
Mathlib.Data.Nat.WithBot	.lake/packages/mathlib/.lake/build/ir/Mathlib/Data/Nat/WithBot.c.o.export
Mathlib.Data.Opposite	.lake/packages/mathlib/.lake/build/ir/Mathlib/Data/Opposite.c.o.export
Mathlib.Data.Option.Basic	.lake/packages/mathlib/.lake/build/ir/Mathlib/Data/Option/Basic.c.o.export
Mathlib.Data.Option.Defs	.lake/packages/mathlib/.lake/build/ir/Mathlib/Data/Option/Defs.c.o.export
Mathlib.Data.Option.NAry	.lake/packages/mathlib/.lake/build/ir/Mathlib/Data/Option/NAry.c.o.export
Mathlib.Data.Ordering.Basic	.lake/packages/mathlib/.lake/build/ir/Mathlib/Data/Ordering/Basic.c.o.export
Mathlib.Data.PFunctor.Univariate.Basic	.lake/packages/mathlib/.lake/build/ir/Mathlib/Data/PFunctor/Univariate/Basic.c.o.export
Mathlib.Data.PNat.Basic	.lake/packages/mathlib/.lake/build/ir/Mathlib/Data/PNat/Basic.c.o.export
Mathlib.Data.PNat.Defs	.lake/packages/mathlib/.lake/build/ir/Mathlib/Data/PNat/Defs.c.o.export
Mathlib.Data.PNat.Equiv	.lake/packages/mathlib/.lake/build/ir/Mathlib/Data/PNat/Equiv.c.o.export
Mathlib.Data.PNat.Notation	.lake/packages/mathlib/.lake/build/ir/Mathlib/Data/PNat/Notation.c.o.export
Mathlib.Data.PNat.Prime	.lake/packages/mathlib/.lake/build/ir/Mathlib/Data/PNat/Prime.c.o.export
Mathlib.Data.Part	.lake/packages/mathlib/.lake/build/ir/Mathlib/Data/Part.c.o.export
Mathlib.Data.Prod.Basic	.lake/packages/mathlib/.lake/build/ir/Mathlib/Data/Prod/Basic.c.o.export
Mathlib.Data.Prod.Lex	.lake/packages/mathlib/.lake/build/ir/Mathlib/Data/Prod/Lex.c.o.export
Mathlib.Data.Prod.PProd	.lake/packages/mathlib/.lake/build/ir/Mathlib/Data/Prod/PProd.c.o.export
Mathlib.Data.Quot	.lake/packages/mathlib/.lake/build/ir/Mathlib/Data/Quot.c.o.export
Mathlib.Data.Rat.BigOperators	.lake/packages/mathlib/.lake/build/ir/Mathlib/Data/Rat/BigOperators.c.o.export
Mathlib.Data.Rat.Cast.CharZero	.lake/packages/mathlib/.lake/build/ir/Mathlib/Data/Rat/Cast/CharZero.c.o.export
Mathlib.Data.Rat.Cast.Defs	.lake/packages/mathlib/.lake/build/ir/Mathlib/Data/Rat/Cast/Defs.c.o.export
Mathlib.Data.Rat.Cast.Lemmas	.lake/packages/mathlib/.lake/build/ir/Mathlib/Data/Rat/Cast/Lemmas.c.o.export
Mathlib.Data.Rat.Cast.Order	.lake/packages/mathlib/.lake/build/ir/Mathlib/Data/Rat/Cast/Order.c.o.export
Mathlib.Data.Rat.Defs	.lake/packages/mathlib/.lake/build/ir/Mathlib/Data/Rat/Defs.c.o.export
Mathlib.Data.Rat.Encodable	.lake/packages/mathlib/.lake/build/ir/Mathlib/Data/Rat/Encodable.c.o.export
Mathlib.Data.Rat.Floor	.lake/packages/mathlib/.lake/build/ir/Mathlib/Data/Rat/Floor.c.o.export
Mathlib.Data.Rat.Init	.lake/packages/mathlib/.lake/build/ir/Mathlib/Data/Rat/Init.c.o.export
Mathlib.Data.Rat.Lemmas	.lake/packages/mathlib/.lake/build/ir/Mathlib/Data/Rat/Lemmas.c.o.export
Mathlib.Data.Rat.Sqrt	.lake/packages/mathlib/.lake/build/ir/Mathlib/Data/Rat/Sqrt.c.o.export
Mathlib.Data.Real.Archimedean	.lake/packages/mathlib/.lake/build/ir/Mathlib/Data/Real/Archimedean.c.o.export
Mathlib.Data.Real.Basic	.lake/packages/mathlib/.lake/build/ir/Mathlib/Data/Real/Basic.c.o.export
Mathlib.Data.Real.ENatENNReal	.lake/packages/mathlib/.lake/build/ir/Mathlib/Data/Real/ENatENNReal.c.o.export
Mathlib.Data.Real.Pointwise	.lake/packages/mathlib/.lake/build/ir/Mathlib/Data/Real/Pointwise.c.o.export
Mathlib.Data.Real.Sqrt	.lake/packages/mathlib/.lake/build/ir/Mathlib/Data/Real/Sqrt.c.o.export
Mathlib.Data.Real.Star	.lake/packages/mathlib/.lake/build/ir/Mathlib/Data/Real/Star.c.o.export
Mathlib.Data.Rel	.lake/packages/mathlib/.lake/build/ir/Mathlib/Data/Rel.c.o.export
Mathlib.Data.Rel.Cover	.lake/packages/mathlib/.lake/build/ir/Mathlib/Data/Rel/Cover.c.o.export
Mathlib.Data.Rel.Separated	.lake/packages/mathlib/.lake/build/ir/Mathlib/Data/Rel/Separated.c.o.export
Mathlib.Data.SProd	.lake/packages/mathlib/.lake/build/ir/Mathlib/Data/SProd.c.o.export
Mathlib.Data.Seq.Basic	.lake/packages/mathlib/.lake/build/ir/Mathlib/Data/Seq/Basic.c.o.export
Mathlib.Data.Seq.Computation	.lake/packages/mathlib/.lake/build/ir/Mathlib/Data/Seq/Computation.c.o.export
Mathlib.Data.Seq.Defs	.lake/packages/mathlib/.lake/build/ir/Mathlib/Data/Seq/Defs.c.o.export
Mathlib.Data.Set.Accumulate	.lake/packages/mathlib/.lake/build/ir/Mathlib/Data/Set/Accumulate.c.o.export
Mathlib.Data.Set.Basic	.lake/packages/mathlib/.lake/build/ir/Mathlib/Data/Set/Basic.c.o.export
Mathlib.Data.Set.BoolIndicator	.lake/packages/mathlib/.lake/build/ir/Mathlib/Data/Set/BoolIndicator.c.o.export
Mathlib.Data.Set.BooleanAlgebra	.lake/packages/mathlib/.lake/build/ir/Mathlib/Data/Set/BooleanAlgebra.c.o.export
Mathlib.Data.Set.Card	.lake/packages/mathlib/.lake/build/ir/Mathlib/Data/Set/Card.c.o.export
Mathlib.Data.Set.CoeSort	.lake/packages/mathlib/.lake/build/ir/Mathlib/Data/Set/CoeSort.c.o.export
Mathlib.Data.Set.Constructions	.lake/packages/mathlib/.lake/build/ir/Mathlib/Data/Set/Constructions.c.o.export
Mathlib.Data.Set.Countable	.lake/packages/mathlib/.lake/build/ir/Mathlib/Data/Set/Countable.c.o.export
Mathlib.Data.Set.Defs	.lake/packages/mathlib/.lake/build/ir/Mathlib/Data/Set/Defs.c.o.export
Mathlib.Data.Set.Disjoint	.lake/packages/mathlib/.lake/build/ir/Mathlib/Data/Set/Disjoint.c.o.export
Mathlib.Data.Set.Finite.Basic	.lake/packages/mathlib/.lake/build/ir/Mathlib/Data/Set/Finite/Basic.c.o.export
Mathlib.Data.Set.Finite.Lattice	.lake/packages/mathlib/.lake/build/ir/Mathlib/Data/Set/Finite/Lattice.c.o.export
Mathlib.Data.Set.Finite.Lemmas	.lake/packages/mathlib/.lake/build/ir/Mathlib/Data/Set/Finite/Lemmas.c.o.export
Mathlib.Data.Set.Finite.Powerset	.lake/packages/mathlib/.lake/build/ir/Mathlib/Data/Set/Finite/Powerset.c.o.export
Mathlib.Data.Set.Finite.Range	.lake/packages/mathlib/.lake/build/ir/Mathlib/Data/Set/Finite/Range.c.o.export
Mathlib.Data.Set.Function	.lake/packages/mathlib/.lake/build/ir/Mathlib/Data/Set/Function.c.o.export
Mathlib.Data.Set.Functor	.lake/packages/mathlib/.lake/build/ir/Mathlib/Data/Set/Functor.c.o.export
Mathlib.Data.Set.Image	.lake/packages/mathlib/.lake/build/ir/Mathlib/Data/Set/Image.c.o.export
Mathlib.Data.Set.Inclusion	.lake/packages/mathlib/.lake/build/ir/Mathlib/Data/Set/Inclusion.c.o.export
Mathlib.Data.Set.Insert	.lake/packages/mathlib/.lake/build/ir/Mathlib/Data/Set/Insert.c.o.export
Mathlib.Data.Set.Lattice	.lake/packages/mathlib/.lake/build/ir/Mathlib/Data/Set/Lattice.c.o.export
Mathlib.Data.Set.Lattice.Image	.lake/packages/mathlib/.lake/build/ir/Mathlib/Data/Set/Lattice/Image.c.o.export
Mathlib.Data.Set.List	.lake/packages/mathlib/.lake/build/ir/Mathlib/Data/Set/List.c.o.export
Mathlib.Data.Set.Monotone	.lake/packages/mathlib/.lake/build/ir/Mathlib/Data/Set/Monotone.c.o.export
Mathlib.Data.Set.NAry	.lake/packages/mathlib/.lake/build/ir/Mathlib/Data/Set/NAry.c.o.export
Mathlib.Data.Set.Notation	.lake/packages/mathlib/.lake/build/ir/Mathlib/Data/Set/Notation.c.o.export
Mathlib.Data.Set.Operations	.lake/packages/mathlib/.lake/build/ir/Mathlib/Data/Set/Operations.c.o.export
Mathlib.Data.Set.Order	.lake/packages/mathlib/.lake/build/ir/Mathlib/Data/Set/Order.c.o.export
Mathlib.Data.Set.Pairwise.Basic	.lake/packages/mathlib/.lake/build/ir/Mathlib/Data/Set/Pairwise/Basic.c.o.export
Mathlib.Data.Set.Pairwise.Lattice	.lake/packages/mathlib/.lake/build/ir/Mathlib/Data/Set/Pairwise/Lattice.c.o.export
Mathlib.Data.Set.Pairwise.List	.lake/packages/mathlib/.lake/build/ir/Mathlib/Data/Set/Pairwise/List.c.o.export
Mathlib.Data.Set.Piecewise	.lake/packages/mathlib/.lake/build/ir/Mathlib/Data/Set/Piecewise.c.o.export
Mathlib.Data.Set.Prod	.lake/packages/mathlib/.lake/build/ir/Mathlib/Data/Set/Prod.c.o.export
Mathlib.Data.Set.Restrict	.lake/packages/mathlib/.lake/build/ir/Mathlib/Data/Set/Restrict.c.o.export
Mathlib.Data.Set.Semiring	.lake/packages/mathlib/.lake/build/ir/Mathlib/Data/Set/Semiring.c.o.export
Mathlib.Data.Set.Sigma	.lake/packages/mathlib/.lake/build/ir/Mathlib/Data/Set/Sigma.c.o.export
Mathlib.Data.Set.Subset	.lake/packages/mathlib/.lake/build/ir/Mathlib/Data/Set/Subset.c.o.export
Mathlib.Data.Set.Subsingleton	.lake/packages/mathlib/.lake/build/ir/Mathlib/Data/Set/Subsingleton.c.o.export
Mathlib.Data.Set.SymmDiff	.lake/packages/mathlib/.lake/build/ir/Mathlib/Data/Set/SymmDiff.c.o.export
Mathlib.Data.Set.UnionLift	.lake/packages/mathlib/.lake/build/ir/Mathlib/Data/Set/UnionLift.c.o.export
Mathlib.Data.SetLike.Basic	.lake/packages/mathlib/.lake/build/ir/Mathlib/Data/SetLike/Basic.c.o.export
Mathlib.Data.SetLike.Fintype	.lake/packages/mathlib/.lake/build/ir/Mathlib/Data/SetLike/Fintype.c.o.export
Mathlib.Data.Setoid.Basic	.lake/packages/mathlib/.lake/build/ir/Mathlib/Data/Setoid/Basic.c.o.export
Mathlib.Data.Sigma.Basic	.lake/packages/mathlib/.lake/build/ir/Mathlib/Data/Sigma/Basic.c.o.export
Mathlib.Data.Sigma.Lex	.lake/packages/mathlib/.lake/build/ir/Mathlib/Data/Sigma/Lex.c.o.export
Mathlib.Data.Sign.Basic	.lake/packages/mathlib/.lake/build/ir/Mathlib/Data/Sign/Basic.c.o.export
Mathlib.Data.Sign.Defs	.lake/packages/mathlib/.lake/build/ir/Mathlib/Data/Sign/Defs.c.o.export
Mathlib.Data.Stream.Defs	.lake/packages/mathlib/.lake/build/ir/Mathlib/Data/Stream/Defs.c.o.export
Mathlib.Data.Stream.Init	.lake/packages/mathlib/.lake/build/ir/Mathlib/Data/Stream/Init.c.o.export
Mathlib.Data.String.Defs	.lake/packages/mathlib/.lake/build/ir/Mathlib/Data/String/Defs.c.o.export
Mathlib.Data.Subtype	.lake/packages/mathlib/.lake/build/ir/Mathlib/Data/Subtype.c.o.export
Mathlib.Data.Sum.Basic	.lake/packages/mathlib/.lake/build/ir/Mathlib/Data/Sum/Basic.c.o.export
Mathlib.Data.Sum.Order	.lake/packages/mathlib/.lake/build/ir/Mathlib/Data/Sum/Order.c.o.export
Mathlib.Data.Sym.Basic	.lake/packages/mathlib/.lake/build/ir/Mathlib/Data/Sym/Basic.c.o.export
Mathlib.Data.Sym.Sym2	.lake/packages/mathlib/.lake/build/ir/Mathlib/Data/Sym/Sym2.c.o.export
Mathlib.Data.Sym.Sym2.Init	.lake/packages/mathlib/.lake/build/ir/Mathlib/Data/Sym/Sym2/Init.c.o.export
Mathlib.Data.Tree.Basic	.lake/packages/mathlib/.lake/build/ir/Mathlib/Data/Tree/Basic.c.o.export
Mathlib.Data.ULift	.lake/packages/mathlib/.lake/build/ir/Mathlib/Data/ULift.c.o.export
Mathlib.Data.Vector.Basic	.lake/packages/mathlib/.lake/build/ir/Mathlib/Data/Vector/Basic.c.o.export
Mathlib.Data.Vector.Defs	.lake/packages/mathlib/.lake/build/ir/Mathlib/Data/Vector/Defs.c.o.export
Mathlib.Data.W.Basic	.lake/packages/mathlib/.lake/build/ir/Mathlib/Data/W/Basic.c.o.export
Mathlib.Data.W.Cardinal	.lake/packages/mathlib/.lake/build/ir/Mathlib/Data/W/Cardinal.c.o.export
Mathlib.Data.ZMod.Aut	.lake/packages/mathlib/.lake/build/ir/Mathlib/Data/ZMod/Aut.c.o.export
Mathlib.Data.ZMod.Basic	.lake/packages/mathlib/.lake/build/ir/Mathlib/Data/ZMod/Basic.c.o.export
Mathlib.Data.ZMod.Defs	.lake/packages/mathlib/.lake/build/ir/Mathlib/Data/ZMod/Defs.c.o.export
Mathlib.Data.ZMod.IntUnitsPower	.lake/packages/mathlib/.lake/build/ir/Mathlib/Data/ZMod/IntUnitsPower.c.o.export
Mathlib.Data.ZMod.QuotientGroup	.lake/packages/mathlib/.lake/build/ir/Mathlib/Data/ZMod/QuotientGroup.c.o.export
Mathlib.Data.ZMod.Units	.lake/packages/mathlib/.lake/build/ir/Mathlib/Data/ZMod/Units.c.o.export
Mathlib.Data.ZMod.ValMinAbs	.lake/packages/mathlib/.lake/build/ir/Mathlib/Data/ZMod/ValMinAbs.c.o.export
Mathlib.Dynamics.FixedPoints.Basic	.lake/packages/mathlib/.lake/build/ir/Mathlib/Dynamics/FixedPoints/Basic.c.o.export
Mathlib.Dynamics.FixedPoints.Defs	.lake/packages/mathlib/.lake/build/ir/Mathlib/Dynamics/FixedPoints/Defs.c.o.export
Mathlib.Dynamics.FixedPoints.Topology	.lake/packages/mathlib/.lake/build/ir/Mathlib/Dynamics/FixedPoints/Topology.c.o.export
Mathlib.Dynamics.PeriodicPts.Defs	.lake/packages/mathlib/.lake/build/ir/Mathlib/Dynamics/PeriodicPts/Defs.c.o.export
Mathlib.Dynamics.PeriodicPts.Lemmas	.lake/packages/mathlib/.lake/build/ir/Mathlib/Dynamics/PeriodicPts/Lemmas.c.o.export
Mathlib.FieldTheory.AlgebraicClosure	.lake/packages/mathlib/.lake/build/ir/Mathlib/FieldTheory/AlgebraicClosure.c.o.export
Mathlib.FieldTheory.Extension	.lake/packages/mathlib/.lake/build/ir/Mathlib/FieldTheory/Extension.c.o.export
Mathlib.FieldTheory.Finite.Basic	.lake/packages/mathlib/.lake/build/ir/Mathlib/FieldTheory/Finite/Basic.c.o.export
Mathlib.FieldTheory.Finite.GaloisField	.lake/packages/mathlib/.lake/build/ir/Mathlib/FieldTheory/Finite/GaloisField.c.o.export
Mathlib.FieldTheory.Finite.Trace	.lake/packages/mathlib/.lake/build/ir/Mathlib/FieldTheory/Finite/Trace.c.o.export
Mathlib.FieldTheory.Finiteness	.lake/packages/mathlib/.lake/build/ir/Mathlib/FieldTheory/Finiteness.c.o.export
Mathlib.FieldTheory.Fixed	.lake/packages/mathlib/.lake/build/ir/Mathlib/FieldTheory/Fixed.c.o.export
Mathlib.FieldTheory.Galois.Abelian	.lake/packages/mathlib/.lake/build/ir/Mathlib/FieldTheory/Galois/Abelian.c.o.export
Mathlib.FieldTheory.Galois.Basic	.lake/packages/mathlib/.lake/build/ir/Mathlib/FieldTheory/Galois/Basic.c.o.export
Mathlib.FieldTheory.Galois.GaloisClosure	.lake/packages/mathlib/.lake/build/ir/Mathlib/FieldTheory/Galois/GaloisClosure.c.o.export
Mathlib.FieldTheory.Galois.Infinite	.lake/packages/mathlib/.lake/build/ir/Mathlib/FieldTheory/Galois/Infinite.c.o.export
Mathlib.FieldTheory.Galois.Notation	.lake/packages/mathlib/.lake/build/ir/Mathlib/FieldTheory/Galois/Notation.c.o.export
Mathlib.FieldTheory.IntermediateField.Adjoin.Algebra	.lake/packages/mathlib/.lake/build/ir/Mathlib/FieldTheory/IntermediateField/Adjoin/Algebra.c.o.export
Mathlib.FieldTheory.IntermediateField.Adjoin.Basic	.lake/packages/mathlib/.lake/build/ir/Mathlib/FieldTheory/IntermediateField/Adjoin/Basic.c.o.export
Mathlib.FieldTheory.IntermediateField.Adjoin.Defs	.lake/packages/mathlib/.lake/build/ir/Mathlib/FieldTheory/IntermediateField/Adjoin/Defs.c.o.export
Mathlib.FieldTheory.IntermediateField.Algebraic	.lake/packages/mathlib/.lake/build/ir/Mathlib/FieldTheory/IntermediateField/Algebraic.c.o.export
Mathlib.FieldTheory.IntermediateField.Basic	.lake/packages/mathlib/.lake/build/ir/Mathlib/FieldTheory/IntermediateField/Basic.c.o.export
Mathlib.FieldTheory.IsAlgClosed.AlgebraicClosure	.lake/packages/mathlib/.lake/build/ir/Mathlib/FieldTheory/IsAlgClosed/AlgebraicClosure.c.o.export
Mathlib.FieldTheory.IsAlgClosed.Basic	.lake/packages/mathlib/.lake/build/ir/Mathlib/FieldTheory/IsAlgClosed/Basic.c.o.export
Mathlib.FieldTheory.IsSepClosed	.lake/packages/mathlib/.lake/build/ir/Mathlib/FieldTheory/IsSepClosed.c.o.export
Mathlib.FieldTheory.KrullTopology	.lake/packages/mathlib/.lake/build/ir/Mathlib/FieldTheory/KrullTopology.c.o.export
Mathlib.FieldTheory.KummerPolynomial	.lake/packages/mathlib/.lake/build/ir/Mathlib/FieldTheory/KummerPolynomial.c.o.export
Mathlib.FieldTheory.Minpoly.Basic	.lake/packages/mathlib/.lake/build/ir/Mathlib/FieldTheory/Minpoly/Basic.c.o.export
Mathlib.FieldTheory.Minpoly.Field	.lake/packages/mathlib/.lake/build/ir/Mathlib/FieldTheory/Minpoly/Field.c.o.export
Mathlib.FieldTheory.Minpoly.Finite	.lake/packages/mathlib/.lake/build/ir/Mathlib/FieldTheory/Minpoly/Finite.c.o.export
Mathlib.FieldTheory.Minpoly.IsIntegrallyClosed	.lake/packages/mathlib/.lake/build/ir/Mathlib/FieldTheory/Minpoly/IsIntegrallyClosed.c.o.export
Mathlib.FieldTheory.Minpoly.MinpolyDiv	.lake/packages/mathlib/.lake/build/ir/Mathlib/FieldTheory/Minpoly/MinpolyDiv.c.o.export
Mathlib.FieldTheory.Normal.Basic	.lake/packages/mathlib/.lake/build/ir/Mathlib/FieldTheory/Normal/Basic.c.o.export
Mathlib.FieldTheory.Normal.Closure	.lake/packages/mathlib/.lake/build/ir/Mathlib/FieldTheory/Normal/Closure.c.o.export
Mathlib.FieldTheory.Normal.Defs	.lake/packages/mathlib/.lake/build/ir/Mathlib/FieldTheory/Normal/Defs.c.o.export
Mathlib.FieldTheory.Perfect	.lake/packages/mathlib/.lake/build/ir/Mathlib/FieldTheory/Perfect.c.o.export
Mathlib.FieldTheory.PrimitiveElement	.lake/packages/mathlib/.lake/build/ir/Mathlib/FieldTheory/PrimitiveElement.c.o.export
Mathlib.FieldTheory.PurelyInseparable.Basic	.lake/packages/mathlib/.lake/build/ir/Mathlib/FieldTheory/PurelyInseparable/Basic.c.o.export
Mathlib.FieldTheory.RatFunc.AsPolynomial	.lake/packages/mathlib/.lake/build/ir/Mathlib/FieldTheory/RatFunc/AsPolynomial.c.o.export
Mathlib.FieldTheory.RatFunc.Basic	.lake/packages/mathlib/.lake/build/ir/Mathlib/FieldTheory/RatFunc/Basic.c.o.export
Mathlib.FieldTheory.RatFunc.Defs	.lake/packages/mathlib/.lake/build/ir/Mathlib/FieldTheory/RatFunc/Defs.c.o.export
Mathlib.FieldTheory.Separable	.lake/packages/mathlib/.lake/build/ir/Mathlib/FieldTheory/Separable.c.o.export
Mathlib.FieldTheory.SeparableClosure	.lake/packages/mathlib/.lake/build/ir/Mathlib/FieldTheory/SeparableClosure.c.o.export
Mathlib.FieldTheory.SeparableDegree	.lake/packages/mathlib/.lake/build/ir/Mathlib/FieldTheory/SeparableDegree.c.o.export
Mathlib.FieldTheory.SplittingField.Construction	.lake/packages/mathlib/.lake/build/ir/Mathlib/FieldTheory/SplittingField/Construction.c.o.export
Mathlib.FieldTheory.SplittingField.IsSplittingField	.lake/packages/mathlib/.lake/build/ir/Mathlib/FieldTheory/SplittingField/IsSplittingField.c.o.export
Mathlib.FieldTheory.Tower	.lake/packages/mathlib/.lake/build/ir/Mathlib/FieldTheory/Tower.c.o.export
Mathlib.GroupTheory.Abelianization.Defs	.lake/packages/mathlib/.lake/build/ir/Mathlib/GroupTheory/Abelianization/Defs.c.o.export
Mathlib.GroupTheory.Archimedean	.lake/packages/mathlib/.lake/build/ir/Mathlib/GroupTheory/Archimedean.c.o.export
Mathlib.GroupTheory.Commutator.Basic	.lake/packages/mathlib/.lake/build/ir/Mathlib/GroupTheory/Commutator/Basic.c.o.export
Mathlib.GroupTheory.Congruence.Basic	.lake/packages/mathlib/.lake/build/ir/Mathlib/GroupTheory/Congruence/Basic.c.o.export
Mathlib.GroupTheory.Congruence.Defs	.lake/packages/mathlib/.lake/build/ir/Mathlib/GroupTheory/Congruence/Defs.c.o.export
Mathlib.GroupTheory.Congruence.Hom	.lake/packages/mathlib/.lake/build/ir/Mathlib/GroupTheory/Congruence/Hom.c.o.export
Mathlib.GroupTheory.Congruence.Opposite	.lake/packages/mathlib/.lake/build/ir/Mathlib/GroupTheory/Congruence/Opposite.c.o.export
Mathlib.GroupTheory.Coset.Basic	.lake/packages/mathlib/.lake/build/ir/Mathlib/GroupTheory/Coset/Basic.c.o.export
Mathlib.GroupTheory.Coset.Card	.lake/packages/mathlib/.lake/build/ir/Mathlib/GroupTheory/Coset/Card.c.o.export
Mathlib.GroupTheory.Coset.Defs	.lake/packages/mathlib/.lake/build/ir/Mathlib/GroupTheory/Coset/Defs.c.o.export
Mathlib.GroupTheory.DedekindFinite	.lake/packages/mathlib/.lake/build/ir/Mathlib/GroupTheory/DedekindFinite.c.o.export
Mathlib.GroupTheory.Divisible	.lake/packages/mathlib/.lake/build/ir/Mathlib/GroupTheory/Divisible.c.o.export
Mathlib.GroupTheory.Exponent	.lake/packages/mathlib/.lake/build/ir/Mathlib/GroupTheory/Exponent.c.o.export
Mathlib.GroupTheory.Finiteness	.lake/packages/mathlib/.lake/build/ir/Mathlib/GroupTheory/Finiteness.c.o.export
Mathlib.GroupTheory.FreeAbelianGroup	.lake/packages/mathlib/.lake/build/ir/Mathlib/GroupTheory/FreeAbelianGroup.c.o.export
Mathlib.GroupTheory.FreeGroup.Basic	.lake/packages/mathlib/.lake/build/ir/Mathlib/GroupTheory/FreeGroup/Basic.c.o.export
Mathlib.GroupTheory.GroupAction.Basic	.lake/packages/mathlib/.lake/build/ir/Mathlib/GroupTheory/GroupAction/Basic.c.o.export
Mathlib.GroupTheory.GroupAction.ConjAct	.lake/packages/mathlib/.lake/build/ir/Mathlib/GroupTheory/GroupAction/ConjAct.c.o.export
Mathlib.GroupTheory.GroupAction.Defs	.lake/packages/mathlib/.lake/build/ir/Mathlib/GroupTheory/GroupAction/Defs.c.o.export
Mathlib.GroupTheory.GroupAction.DomAct.Basic	.lake/packages/mathlib/.lake/build/ir/Mathlib/GroupTheory/GroupAction/DomAct/Basic.c.o.export
Mathlib.GroupTheory.GroupAction.FixedPoints	.lake/packages/mathlib/.lake/build/ir/Mathlib/GroupTheory/GroupAction/FixedPoints.c.o.export
Mathlib.GroupTheory.GroupAction.FixingSubgroup	.lake/packages/mathlib/.lake/build/ir/Mathlib/GroupTheory/GroupAction/FixingSubgroup.c.o.export
Mathlib.GroupTheory.GroupAction.Hom	.lake/packages/mathlib/.lake/build/ir/Mathlib/GroupTheory/GroupAction/Hom.c.o.export
Mathlib.GroupTheory.GroupAction.Pointwise	.lake/packages/mathlib/.lake/build/ir/Mathlib/GroupTheory/GroupAction/Pointwise.c.o.export
Mathlib.GroupTheory.GroupAction.Quotient	.lake/packages/mathlib/.lake/build/ir/Mathlib/GroupTheory/GroupAction/Quotient.c.o.export
Mathlib.GroupTheory.GroupAction.Ring	.lake/packages/mathlib/.lake/build/ir/Mathlib/GroupTheory/GroupAction/Ring.c.o.export
Mathlib.GroupTheory.GroupAction.SubMulAction	.lake/packages/mathlib/.lake/build/ir/Mathlib/GroupTheory/GroupAction/SubMulAction.c.o.export
Mathlib.GroupTheory.GroupAction.SubMulAction.Pointwise	.lake/packages/mathlib/.lake/build/ir/Mathlib/GroupTheory/GroupAction/SubMulAction/Pointwise.c.o.export
Mathlib.GroupTheory.Index	.lake/packages/mathlib/.lake/build/ir/Mathlib/GroupTheory/Index.c.o.export
Mathlib.GroupTheory.MonoidLocalization.Away	.lake/packages/mathlib/.lake/build/ir/Mathlib/GroupTheory/MonoidLocalization/Away.c.o.export
Mathlib.GroupTheory.MonoidLocalization.Basic	.lake/packages/mathlib/.lake/build/ir/Mathlib/GroupTheory/MonoidLocalization/Basic.c.o.export
Mathlib.GroupTheory.MonoidLocalization.Maps	.lake/packages/mathlib/.lake/build/ir/Mathlib/GroupTheory/MonoidLocalization/Maps.c.o.export
Mathlib.GroupTheory.MonoidLocalization.MonoidWithZero	.lake/packages/mathlib/.lake/build/ir/Mathlib/GroupTheory/MonoidLocalization/MonoidWithZero.c.o.export
Mathlib.GroupTheory.NoncommPiCoprod	.lake/packages/mathlib/.lake/build/ir/Mathlib/GroupTheory/NoncommPiCoprod.c.o.export
Mathlib.GroupTheory.OrderOfElement	.lake/packages/mathlib/.lake/build/ir/Mathlib/GroupTheory/OrderOfElement.c.o.export
Mathlib.GroupTheory.OreLocalization.Basic	.lake/packages/mathlib/.lake/build/ir/Mathlib/GroupTheory/OreLocalization/Basic.c.o.export
Mathlib.GroupTheory.OreLocalization.OreSet	.lake/packages/mathlib/.lake/build/ir/Mathlib/GroupTheory/OreLocalization/OreSet.c.o.export
Mathlib.GroupTheory.PGroup	.lake/packages/mathlib/.lake/build/ir/Mathlib/GroupTheory/PGroup.c.o.export
Mathlib.GroupTheory.Perm.Basic	.lake/packages/mathlib/.lake/build/ir/Mathlib/GroupTheory/Perm/Basic.c.o.export
Mathlib.GroupTheory.Perm.Closure	.lake/packages/mathlib/.lake/build/ir/Mathlib/GroupTheory/Perm/Closure.c.o.export
Mathlib.GroupTheory.Perm.Cycle.Basic	.lake/packages/mathlib/.lake/build/ir/Mathlib/GroupTheory/Perm/Cycle/Basic.c.o.export
Mathlib.GroupTheory.Perm.Cycle.Factors	.lake/packages/mathlib/.lake/build/ir/Mathlib/GroupTheory/Perm/Cycle/Factors.c.o.export
Mathlib.GroupTheory.Perm.Cycle.Type	.lake/packages/mathlib/.lake/build/ir/Mathlib/GroupTheory/Perm/Cycle/Type.c.o.export
Mathlib.GroupTheory.Perm.Fin	.lake/packages/mathlib/.lake/build/ir/Mathlib/GroupTheory/Perm/Fin.c.o.export
Mathlib.GroupTheory.Perm.Finite	.lake/packages/mathlib/.lake/build/ir/Mathlib/GroupTheory/Perm/Finite.c.o.export
Mathlib.GroupTheory.Perm.List	.lake/packages/mathlib/.lake/build/ir/Mathlib/GroupTheory/Perm/List.c.o.export
Mathlib.GroupTheory.Perm.Option	.lake/packages/mathlib/.lake/build/ir/Mathlib/GroupTheory/Perm/Option.c.o.export
Mathlib.GroupTheory.Perm.Sign	.lake/packages/mathlib/.lake/build/ir/Mathlib/GroupTheory/Perm/Sign.c.o.export
Mathlib.GroupTheory.Perm.Support	.lake/packages/mathlib/.lake/build/ir/Mathlib/GroupTheory/Perm/Support.c.o.export
Mathlib.GroupTheory.Perm.ViaEmbedding	.lake/packages/mathlib/.lake/build/ir/Mathlib/GroupTheory/Perm/ViaEmbedding.c.o.export
Mathlib.GroupTheory.QuotientGroup.Basic	.lake/packages/mathlib/.lake/build/ir/Mathlib/GroupTheory/QuotientGroup/Basic.c.o.export
Mathlib.GroupTheory.QuotientGroup.Defs	.lake/packages/mathlib/.lake/build/ir/Mathlib/GroupTheory/QuotientGroup/Defs.c.o.export
Mathlib.GroupTheory.QuotientGroup.Finite	.lake/packages/mathlib/.lake/build/ir/Mathlib/GroupTheory/QuotientGroup/Finite.c.o.export
Mathlib.GroupTheory.QuotientGroup.ModEq	.lake/packages/mathlib/.lake/build/ir/Mathlib/GroupTheory/QuotientGroup/ModEq.c.o.export
Mathlib.GroupTheory.Solvable	.lake/packages/mathlib/.lake/build/ir/Mathlib/GroupTheory/Solvable.c.o.export
Mathlib.GroupTheory.SpecificGroups.Cyclic	.lake/packages/mathlib/.lake/build/ir/Mathlib/GroupTheory/SpecificGroups/Cyclic.c.o.export
Mathlib.GroupTheory.SpecificGroups.Cyclic.Basic	.lake/packages/mathlib/.lake/build/ir/Mathlib/GroupTheory/SpecificGroups/Cyclic/Basic.c.o.export
Mathlib.GroupTheory.Subgroup.Center	.lake/packages/mathlib/.lake/build/ir/Mathlib/GroupTheory/Subgroup/Center.c.o.export
Mathlib.GroupTheory.Subgroup.Centralizer	.lake/packages/mathlib/.lake/build/ir/Mathlib/GroupTheory/Subgroup/Centralizer.c.o.export
Mathlib.GroupTheory.Subgroup.Simple	.lake/packages/mathlib/.lake/build/ir/Mathlib/GroupTheory/Subgroup/Simple.c.o.export
Mathlib.GroupTheory.Submonoid.Center	.lake/packages/mathlib/.lake/build/ir/Mathlib/GroupTheory/Submonoid/Center.c.o.export
Mathlib.GroupTheory.Submonoid.Centralizer	.lake/packages/mathlib/.lake/build/ir/Mathlib/GroupTheory/Submonoid/Centralizer.c.o.export
Mathlib.GroupTheory.Subsemigroup.Center	.lake/packages/mathlib/.lake/build/ir/Mathlib/GroupTheory/Subsemigroup/Center.c.o.export
Mathlib.GroupTheory.Subsemigroup.Centralizer	.lake/packages/mathlib/.lake/build/ir/Mathlib/GroupTheory/Subsemigroup/Centralizer.c.o.export
Mathlib.GroupTheory.Sylow	.lake/packages/mathlib/.lake/build/ir/Mathlib/GroupTheory/Sylow.c.o.export
Mathlib.GroupTheory.Torsion	.lake/packages/mathlib/.lake/build/ir/Mathlib/GroupTheory/Torsion.c.o.export
Mathlib.InformationTheory.Hamming	.lake/packages/mathlib/.lake/build/ir/Mathlib/InformationTheory/Hamming.c.o.export
Mathlib.Init	.lake/packages/mathlib/.lake/build/ir/Mathlib/Init.c.o.export
Mathlib.Lean.ContextInfo	.lake/packages/mathlib/.lake/build/ir/Mathlib/Lean/ContextInfo.c.o.export
Mathlib.Lean.Elab.InfoTree	.lake/packages/mathlib/.lake/build/ir/Mathlib/Lean/Elab/InfoTree.c.o.export
Mathlib.Lean.Elab.Tactic.Meta	.lake/packages/mathlib/.lake/build/ir/Mathlib/Lean/Elab/Tactic/Meta.c.o.export
Mathlib.Lean.Elab.Term	.lake/packages/mathlib/.lake/build/ir/Mathlib/Lean/Elab/Term.c.o.export
Mathlib.Lean.Environment	.lake/packages/mathlib/.lake/build/ir/Mathlib/Lean/Environment.c.o.export
Mathlib.Lean.Expr.Basic	.lake/packages/mathlib/.lake/build/ir/Mathlib/Lean/Expr/Basic.c.o.export
Mathlib.Lean.Expr.ExtraRecognizers	.lake/packages/mathlib/.lake/build/ir/Mathlib/Lean/Expr/ExtraRecognizers.c.o.export
Mathlib.Lean.Expr.Rat	.lake/packages/mathlib/.lake/build/ir/Mathlib/Lean/Expr/Rat.c.o.export
Mathlib.Lean.GoalsLocation	.lake/packages/mathlib/.lake/build/ir/Mathlib/Lean/GoalsLocation.c.o.export
Mathlib.Lean.Linter	.lake/packages/mathlib/.lake/build/ir/Mathlib/Lean/Linter.c.o.export
Mathlib.Lean.MessageData.Trace	.lake/packages/mathlib/.lake/build/ir/Mathlib/Lean/MessageData/Trace.c.o.export
Mathlib.Lean.Meta	.lake/packages/mathlib/.lake/build/ir/Mathlib/Lean/Meta.c.o.export
Mathlib.Lean.Meta.Basic	.lake/packages/mathlib/.lake/build/ir/Mathlib/Lean/Meta/Basic.c.o.export
Mathlib.Lean.Meta.CongrTheorems	.lake/packages/mathlib/.lake/build/ir/Mathlib/Lean/Meta/CongrTheorems.c.o.export
Mathlib.Lean.Meta.KAbstractPositions	.lake/packages/mathlib/.lake/build/ir/Mathlib/Lean/Meta/KAbstractPositions.c.o.export
Mathlib.Lean.Meta.RefinedDiscrTree	.lake/packages/mathlib/.lake/build/ir/Mathlib/Lean/Meta/RefinedDiscrTree.c.o.export
Mathlib.Lean.Meta.RefinedDiscrTree.Basic	.lake/packages/mathlib/.lake/build/ir/Mathlib/Lean/Meta/RefinedDiscrTree/Basic.c.o.export
Mathlib.Lean.Meta.RefinedDiscrTree.Encode	.lake/packages/mathlib/.lake/build/ir/Mathlib/Lean/Meta/RefinedDiscrTree/Encode.c.o.export
Mathlib.Lean.Meta.RefinedDiscrTree.Initialize	.lake/packages/mathlib/.lake/build/ir/Mathlib/Lean/Meta/RefinedDiscrTree/Initialize.c.o.export
Mathlib.Lean.Meta.RefinedDiscrTree.Lookup	.lake/packages/mathlib/.lake/build/ir/Mathlib/Lean/Meta/RefinedDiscrTree/Lookup.c.o.export
Mathlib.Lean.Meta.Simp	.lake/packages/mathlib/.lake/build/ir/Mathlib/Lean/Meta/Simp.c.o.export
Mathlib.Lean.Meta.Tactic.Rewrite	.lake/packages/mathlib/.lake/build/ir/Mathlib/Lean/Meta/Tactic/Rewrite.c.o.export
Mathlib.Lean.Name	.lake/packages/mathlib/.lake/build/ir/Mathlib/Lean/Name.c.o.export
Mathlib.Lean.PrettyPrinter.Delaborator	.lake/packages/mathlib/.lake/build/ir/Mathlib/Lean/PrettyPrinter/Delaborator.c.o.export
Mathlib.LinearAlgebra.AffineSpace.AffineEquiv	.lake/packages/mathlib/.lake/build/ir/Mathlib/LinearAlgebra/AffineSpace/AffineEquiv.c.o.export
Mathlib.LinearAlgebra.AffineSpace.AffineMap	.lake/packages/mathlib/.lake/build/ir/Mathlib/LinearAlgebra/AffineSpace/AffineMap.c.o.export
Mathlib.LinearAlgebra.AffineSpace.AffineSubspace.Basic	.lake/packages/mathlib/.lake/build/ir/Mathlib/LinearAlgebra/AffineSpace/AffineSubspace/Basic.c.o.export
Mathlib.LinearAlgebra.AffineSpace.AffineSubspace.Defs	.lake/packages/mathlib/.lake/build/ir/Mathlib/LinearAlgebra/AffineSpace/AffineSubspace/Defs.c.o.export
Mathlib.LinearAlgebra.AffineSpace.Basis	.lake/packages/mathlib/.lake/build/ir/Mathlib/LinearAlgebra/AffineSpace/Basis.c.o.export
Mathlib.LinearAlgebra.AffineSpace.Centroid	.lake/packages/mathlib/.lake/build/ir/Mathlib/LinearAlgebra/AffineSpace/Centroid.c.o.export
Mathlib.LinearAlgebra.AffineSpace.Combination	.lake/packages/mathlib/.lake/build/ir/Mathlib/LinearAlgebra/AffineSpace/Combination.c.o.export
Mathlib.LinearAlgebra.AffineSpace.Defs	.lake/packages/mathlib/.lake/build/ir/Mathlib/LinearAlgebra/AffineSpace/Defs.c.o.export
Mathlib.LinearAlgebra.AffineSpace.Independent	.lake/packages/mathlib/.lake/build/ir/Mathlib/LinearAlgebra/AffineSpace/Independent.c.o.export
Mathlib.LinearAlgebra.AffineSpace.Midpoint	.lake/packages/mathlib/.lake/build/ir/Mathlib/LinearAlgebra/AffineSpace/Midpoint.c.o.export
Mathlib.LinearAlgebra.AffineSpace.Pointwise	.lake/packages/mathlib/.lake/build/ir/Mathlib/LinearAlgebra/AffineSpace/Pointwise.c.o.export
Mathlib.LinearAlgebra.AffineSpace.Restrict	.lake/packages/mathlib/.lake/build/ir/Mathlib/LinearAlgebra/AffineSpace/Restrict.c.o.export
Mathlib.LinearAlgebra.AffineSpace.Simplex.Basic	.lake/packages/mathlib/.lake/build/ir/Mathlib/LinearAlgebra/AffineSpace/Simplex/Basic.c.o.export
Mathlib.LinearAlgebra.Alternating.Basic	.lake/packages/mathlib/.lake/build/ir/Mathlib/LinearAlgebra/Alternating/Basic.c.o.export
Mathlib.LinearAlgebra.Basis.Basic	.lake/packages/mathlib/.lake/build/ir/Mathlib/LinearAlgebra/Basis/Basic.c.o.export
Mathlib.LinearAlgebra.Basis.Bilinear	.lake/packages/mathlib/.lake/build/ir/Mathlib/LinearAlgebra/Basis/Bilinear.c.o.export
Mathlib.LinearAlgebra.Basis.Cardinality	.lake/packages/mathlib/.lake/build/ir/Mathlib/LinearAlgebra/Basis/Cardinality.c.o.export
Mathlib.LinearAlgebra.Basis.Defs	.lake/packages/mathlib/.lake/build/ir/Mathlib/LinearAlgebra/Basis/Defs.c.o.export
Mathlib.LinearAlgebra.Basis.Fin	.lake/packages/mathlib/.lake/build/ir/Mathlib/LinearAlgebra/Basis/Fin.c.o.export
Mathlib.LinearAlgebra.Basis.Prod	.lake/packages/mathlib/.lake/build/ir/Mathlib/LinearAlgebra/Basis/Prod.c.o.export
Mathlib.LinearAlgebra.Basis.SMul	.lake/packages/mathlib/.lake/build/ir/Mathlib/LinearAlgebra/Basis/SMul.c.o.export
Mathlib.LinearAlgebra.Basis.Submodule	.lake/packages/mathlib/.lake/build/ir/Mathlib/LinearAlgebra/Basis/Submodule.c.o.export
Mathlib.LinearAlgebra.Basis.VectorSpace	.lake/packages/mathlib/.lake/build/ir/Mathlib/LinearAlgebra/Basis/VectorSpace.c.o.export
Mathlib.LinearAlgebra.BilinearForm.Basic	.lake/packages/mathlib/.lake/build/ir/Mathlib/LinearAlgebra/BilinearForm/Basic.c.o.export
Mathlib.LinearAlgebra.BilinearForm.DualLattice	.lake/packages/mathlib/.lake/build/ir/Mathlib/LinearAlgebra/BilinearForm/DualLattice.c.o.export
Mathlib.LinearAlgebra.BilinearForm.Hom	.lake/packages/mathlib/.lake/build/ir/Mathlib/LinearAlgebra/BilinearForm/Hom.c.o.export
Mathlib.LinearAlgebra.BilinearForm.Properties	.lake/packages/mathlib/.lake/build/ir/Mathlib/LinearAlgebra/BilinearForm/Properties.c.o.export
Mathlib.LinearAlgebra.BilinearMap	.lake/packages/mathlib/.lake/build/ir/Mathlib/LinearAlgebra/BilinearMap.c.o.export
Mathlib.LinearAlgebra.Complex.Module	.lake/packages/mathlib/.lake/build/ir/Mathlib/LinearAlgebra/Complex/Module.c.o.export
Mathlib.LinearAlgebra.Contraction	.lake/packages/mathlib/.lake/build/ir/Mathlib/LinearAlgebra/Contraction.c.o.export
Mathlib.LinearAlgebra.DFinsupp	.lake/packages/mathlib/.lake/build/ir/Mathlib/LinearAlgebra/DFinsupp.c.o.export
Mathlib.LinearAlgebra.Determinant	.lake/packages/mathlib/.lake/build/ir/Mathlib/LinearAlgebra/Determinant.c.o.export
Mathlib.LinearAlgebra.Dimension.Basic	.lake/packages/mathlib/.lake/build/ir/Mathlib/LinearAlgebra/Dimension/Basic.c.o.export
Mathlib.LinearAlgebra.Dimension.Constructions	.lake/packages/mathlib/.lake/build/ir/Mathlib/LinearAlgebra/Dimension/Constructions.c.o.export
Mathlib.LinearAlgebra.Dimension.DivisionRing	.lake/packages/mathlib/.lake/build/ir/Mathlib/LinearAlgebra/Dimension/DivisionRing.c.o.export
Mathlib.LinearAlgebra.Dimension.ErdosKaplansky	.lake/packages/mathlib/.lake/build/ir/Mathlib/LinearAlgebra/Dimension/ErdosKaplansky.c.o.export
Mathlib.LinearAlgebra.Dimension.Finite	.lake/packages/mathlib/.lake/build/ir/Mathlib/LinearAlgebra/Dimension/Finite.c.o.export
Mathlib.LinearAlgebra.Dimension.Finrank	.lake/packages/mathlib/.lake/build/ir/Mathlib/LinearAlgebra/Dimension/Finrank.c.o.export
Mathlib.LinearAlgebra.Dimension.Free	.lake/packages/mathlib/.lake/build/ir/Mathlib/LinearAlgebra/Dimension/Free.c.o.export
Mathlib.LinearAlgebra.Dimension.FreeAndStrongRankCondition	.lake/packages/mathlib/.lake/build/ir/Mathlib/LinearAlgebra/Dimension/FreeAndStrongRankCondition.c.o.export
Mathlib.LinearAlgebra.Dimension.Localization	.lake/packages/mathlib/.lake/build/ir/Mathlib/LinearAlgebra/Dimension/Localization.c.o.export
Mathlib.LinearAlgebra.Dimension.RankNullity	.lake/packages/mathlib/.lake/build/ir/Mathlib/LinearAlgebra/Dimension/RankNullity.c.o.export
Mathlib.LinearAlgebra.Dimension.StrongRankCondition	.lake/packages/mathlib/.lake/build/ir/Mathlib/LinearAlgebra/Dimension/StrongRankCondition.c.o.export
Mathlib.LinearAlgebra.Dimension.Subsingleton	.lake/packages/mathlib/.lake/build/ir/Mathlib/LinearAlgebra/Dimension/Subsingleton.c.o.export
Mathlib.LinearAlgebra.DirectSum.Finsupp	.lake/packages/mathlib/.lake/build/ir/Mathlib/LinearAlgebra/DirectSum/Finsupp.c.o.export
Mathlib.LinearAlgebra.DirectSum.TensorProduct	.lake/packages/mathlib/.lake/build/ir/Mathlib/LinearAlgebra/DirectSum/TensorProduct.c.o.export
Mathlib.LinearAlgebra.Dual.Basis	.lake/packages/mathlib/.lake/build/ir/Mathlib/LinearAlgebra/Dual/Basis.c.o.export
Mathlib.LinearAlgebra.Dual.Defs	.lake/packages/mathlib/.lake/build/ir/Mathlib/LinearAlgebra/Dual/Defs.c.o.export
Mathlib.LinearAlgebra.Dual.Lemmas	.lake/packages/mathlib/.lake/build/ir/Mathlib/LinearAlgebra/Dual/Lemmas.c.o.export
Mathlib.LinearAlgebra.FiniteDimensional.Basic	.lake/packages/mathlib/.lake/build/ir/Mathlib/LinearAlgebra/FiniteDimensional/Basic.c.o.export
Mathlib.LinearAlgebra.FiniteDimensional.Defs	.lake/packages/mathlib/.lake/build/ir/Mathlib/LinearAlgebra/FiniteDimensional/Defs.c.o.export
Mathlib.LinearAlgebra.FiniteDimensional.Lemmas	.lake/packages/mathlib/.lake/build/ir/Mathlib/LinearAlgebra/FiniteDimensional/Lemmas.c.o.export
Mathlib.LinearAlgebra.Finsupp.Defs	.lake/packages/mathlib/.lake/build/ir/Mathlib/LinearAlgebra/Finsupp/Defs.c.o.export
Mathlib.LinearAlgebra.Finsupp.LSum	.lake/packages/mathlib/.lake/build/ir/Mathlib/LinearAlgebra/Finsupp/LSum.c.o.export
Mathlib.LinearAlgebra.Finsupp.LinearCombination	.lake/packages/mathlib/.lake/build/ir/Mathlib/LinearAlgebra/Finsupp/LinearCombination.c.o.export
Mathlib.LinearAlgebra.Finsupp.Pi	.lake/packages/mathlib/.lake/build/ir/Mathlib/LinearAlgebra/Finsupp/Pi.c.o.export
Mathlib.LinearAlgebra.Finsupp.Span	.lake/packages/mathlib/.lake/build/ir/Mathlib/LinearAlgebra/Finsupp/Span.c.o.export
Mathlib.LinearAlgebra.Finsupp.SumProd	.lake/packages/mathlib/.lake/build/ir/Mathlib/LinearAlgebra/Finsupp/SumProd.c.o.export
Mathlib.LinearAlgebra.Finsupp.Supported	.lake/packages/mathlib/.lake/build/ir/Mathlib/LinearAlgebra/Finsupp/Supported.c.o.export
Mathlib.LinearAlgebra.Finsupp.VectorSpace	.lake/packages/mathlib/.lake/build/ir/Mathlib/LinearAlgebra/Finsupp/VectorSpace.c.o.export
Mathlib.LinearAlgebra.FreeModule.Basic	.lake/packages/mathlib/.lake/build/ir/Mathlib/LinearAlgebra/FreeModule/Basic.c.o.export
Mathlib.LinearAlgebra.FreeModule.Finite.Basic	.lake/packages/mathlib/.lake/build/ir/Mathlib/LinearAlgebra/FreeModule/Finite/Basic.c.o.export
Mathlib.LinearAlgebra.FreeModule.Finite.Matrix	.lake/packages/mathlib/.lake/build/ir/Mathlib/LinearAlgebra/FreeModule/Finite/Matrix.c.o.export
Mathlib.LinearAlgebra.FreeModule.PID	.lake/packages/mathlib/.lake/build/ir/Mathlib/LinearAlgebra/FreeModule/PID.c.o.export
Mathlib.LinearAlgebra.FreeModule.StrongRankCondition	.lake/packages/mathlib/.lake/build/ir/Mathlib/LinearAlgebra/FreeModule/StrongRankCondition.c.o.export
Mathlib.LinearAlgebra.GeneralLinearGroup.AlgEquiv	.lake/packages/mathlib/.lake/build/ir/Mathlib/LinearAlgebra/GeneralLinearGroup/AlgEquiv.c.o.export
Mathlib.LinearAlgebra.GeneralLinearGroup.Basic	.lake/packages/mathlib/.lake/build/ir/Mathlib/LinearAlgebra/GeneralLinearGroup/Basic.c.o.export
Mathlib.LinearAlgebra.InvariantBasisNumber	.lake/packages/mathlib/.lake/build/ir/Mathlib/LinearAlgebra/InvariantBasisNumber.c.o.export
Mathlib.LinearAlgebra.Isomorphisms	.lake/packages/mathlib/.lake/build/ir/Mathlib/LinearAlgebra/Isomorphisms.c.o.export
Mathlib.LinearAlgebra.Lagrange	.lake/packages/mathlib/.lake/build/ir/Mathlib/LinearAlgebra/Lagrange.c.o.export
Mathlib.LinearAlgebra.LinearIndependent.Basic	.lake/packages/mathlib/.lake/build/ir/Mathlib/LinearAlgebra/LinearIndependent/Basic.c.o.export
Mathlib.LinearAlgebra.LinearIndependent.Defs	.lake/packages/mathlib/.lake/build/ir/Mathlib/LinearAlgebra/LinearIndependent/Defs.c.o.export
Mathlib.LinearAlgebra.LinearIndependent.Lemmas	.lake/packages/mathlib/.lake/build/ir/Mathlib/LinearAlgebra/LinearIndependent/Lemmas.c.o.export
Mathlib.LinearAlgebra.LinearPMap	.lake/packages/mathlib/.lake/build/ir/Mathlib/LinearAlgebra/LinearPMap.c.o.export
Mathlib.LinearAlgebra.Matrix.Adjugate	.lake/packages/mathlib/.lake/build/ir/Mathlib/LinearAlgebra/Matrix/Adjugate.c.o.export
Mathlib.LinearAlgebra.Matrix.Basis	.lake/packages/mathlib/.lake/build/ir/Mathlib/LinearAlgebra/Matrix/Basis.c.o.export
Mathlib.LinearAlgebra.Matrix.BilinearForm	.lake/packages/mathlib/.lake/build/ir/Mathlib/LinearAlgebra/Matrix/BilinearForm.c.o.export
Mathlib.LinearAlgebra.Matrix.Block	.lake/packages/mathlib/.lake/build/ir/Mathlib/LinearAlgebra/Matrix/Block.c.o.export
Mathlib.LinearAlgebra.Matrix.Charpoly.Basic	.lake/packages/mathlib/.lake/build/ir/Mathlib/LinearAlgebra/Matrix/Charpoly/Basic.c.o.export
Mathlib.LinearAlgebra.Matrix.Charpoly.Coeff	.lake/packages/mathlib/.lake/build/ir/Mathlib/LinearAlgebra/Matrix/Charpoly/Coeff.c.o.export
Mathlib.LinearAlgebra.Matrix.Charpoly.LinearMap	.lake/packages/mathlib/.lake/build/ir/Mathlib/LinearAlgebra/Matrix/Charpoly/LinearMap.c.o.export
Mathlib.LinearAlgebra.Matrix.Charpoly.Minpoly	.lake/packages/mathlib/.lake/build/ir/Mathlib/LinearAlgebra/Matrix/Charpoly/Minpoly.c.o.export
Mathlib.LinearAlgebra.Matrix.ConjTranspose	.lake/packages/mathlib/.lake/build/ir/Mathlib/LinearAlgebra/Matrix/ConjTranspose.c.o.export
Mathlib.LinearAlgebra.Matrix.Defs	.lake/packages/mathlib/.lake/build/ir/Mathlib/LinearAlgebra/Matrix/Defs.c.o.export
Mathlib.LinearAlgebra.Matrix.Determinant.Basic	.lake/packages/mathlib/.lake/build/ir/Mathlib/LinearAlgebra/Matrix/Determinant/Basic.c.o.export
Mathlib.LinearAlgebra.Matrix.Dual	.lake/packages/mathlib/.lake/build/ir/Mathlib/LinearAlgebra/Matrix/Dual.c.o.export
Mathlib.LinearAlgebra.Matrix.GeneralLinearGroup.Defs	.lake/packages/mathlib/.lake/build/ir/Mathlib/LinearAlgebra/Matrix/GeneralLinearGroup/Defs.c.o.export
Mathlib.LinearAlgebra.Matrix.InvariantBasisNumber	.lake/packages/mathlib/.lake/build/ir/Mathlib/LinearAlgebra/Matrix/InvariantBasisNumber.c.o.export
Mathlib.LinearAlgebra.Matrix.Kronecker	.lake/packages/mathlib/.lake/build/ir/Mathlib/LinearAlgebra/Matrix/Kronecker.c.o.export
Mathlib.LinearAlgebra.Matrix.MvPolynomial	.lake/packages/mathlib/.lake/build/ir/Mathlib/LinearAlgebra/Matrix/MvPolynomial.c.o.export
Mathlib.LinearAlgebra.Matrix.Nondegenerate	.lake/packages/mathlib/.lake/build/ir/Mathlib/LinearAlgebra/Matrix/Nondegenerate.c.o.export
Mathlib.LinearAlgebra.Matrix.NonsingularInverse	.lake/packages/mathlib/.lake/build/ir/Mathlib/LinearAlgebra/Matrix/NonsingularInverse.c.o.export
Mathlib.LinearAlgebra.Matrix.Notation	.lake/packages/mathlib/.lake/build/ir/Mathlib/LinearAlgebra/Matrix/Notation.c.o.export
Mathlib.LinearAlgebra.Matrix.Polynomial	.lake/packages/mathlib/.lake/build/ir/Mathlib/LinearAlgebra/Matrix/Polynomial.c.o.export
Mathlib.LinearAlgebra.Matrix.Reindex	.lake/packages/mathlib/.lake/build/ir/Mathlib/LinearAlgebra/Matrix/Reindex.c.o.export
Mathlib.LinearAlgebra.Matrix.RowCol	.lake/packages/mathlib/.lake/build/ir/Mathlib/LinearAlgebra/Matrix/RowCol.c.o.export
Mathlib.LinearAlgebra.Matrix.SchurComplement	.lake/packages/mathlib/.lake/build/ir/Mathlib/LinearAlgebra/Matrix/SchurComplement.c.o.export
Mathlib.LinearAlgebra.Matrix.SemiringInverse	.lake/packages/mathlib/.lake/build/ir/Mathlib/LinearAlgebra/Matrix/SemiringInverse.c.o.export
Mathlib.LinearAlgebra.Matrix.SesquilinearForm	.lake/packages/mathlib/.lake/build/ir/Mathlib/LinearAlgebra/Matrix/SesquilinearForm.c.o.export
Mathlib.LinearAlgebra.Matrix.SpecialLinearGroup	.lake/packages/mathlib/.lake/build/ir/Mathlib/LinearAlgebra/Matrix/SpecialLinearGroup.c.o.export
Mathlib.LinearAlgebra.Matrix.StdBasis	.lake/packages/mathlib/.lake/build/ir/Mathlib/LinearAlgebra/Matrix/StdBasis.c.o.export
Mathlib.LinearAlgebra.Matrix.Symmetric	.lake/packages/mathlib/.lake/build/ir/Mathlib/LinearAlgebra/Matrix/Symmetric.c.o.export
Mathlib.LinearAlgebra.Matrix.ToLin	.lake/packages/mathlib/.lake/build/ir/Mathlib/LinearAlgebra/Matrix/ToLin.c.o.export
Mathlib.LinearAlgebra.Matrix.ToLinearEquiv	.lake/packages/mathlib/.lake/build/ir/Mathlib/LinearAlgebra/Matrix/ToLinearEquiv.c.o.export
Mathlib.LinearAlgebra.Matrix.Trace	.lake/packages/mathlib/.lake/build/ir/Mathlib/LinearAlgebra/Matrix/Trace.c.o.export
Mathlib.LinearAlgebra.Matrix.Transvection	.lake/packages/mathlib/.lake/build/ir/Mathlib/LinearAlgebra/Matrix/Transvection.c.o.export
Mathlib.LinearAlgebra.Multilinear.Basic	.lake/packages/mathlib/.lake/build/ir/Mathlib/LinearAlgebra/Multilinear/Basic.c.o.export
Mathlib.LinearAlgebra.Multilinear.Basis	.lake/packages/mathlib/.lake/build/ir/Mathlib/LinearAlgebra/Multilinear/Basis.c.o.export
Mathlib.LinearAlgebra.Multilinear.DFinsupp	.lake/packages/mathlib/.lake/build/ir/Mathlib/LinearAlgebra/Multilinear/DFinsupp.c.o.export
Mathlib.LinearAlgebra.Multilinear.Finsupp	.lake/packages/mathlib/.lake/build/ir/Mathlib/LinearAlgebra/Multilinear/Finsupp.c.o.export
Mathlib.LinearAlgebra.Pi	.lake/packages/mathlib/.lake/build/ir/Mathlib/LinearAlgebra/Pi.c.o.export
Mathlib.LinearAlgebra.Prod	.lake/packages/mathlib/.lake/build/ir/Mathlib/LinearAlgebra/Prod.c.o.export
Mathlib.LinearAlgebra.Projection	.lake/packages/mathlib/.lake/build/ir/Mathlib/LinearAlgebra/Projection.c.o.export
Mathlib.LinearAlgebra.Quotient.Basic	.lake/packages/mathlib/.lake/build/ir/Mathlib/LinearAlgebra/Quotient/Basic.c.o.export
Mathlib.LinearAlgebra.Quotient.Card	.lake/packages/mathlib/.lake/build/ir/Mathlib/LinearAlgebra/Quotient/Card.c.o.export
Mathlib.LinearAlgebra.Quotient.Defs	.lake/packages/mathlib/.lake/build/ir/Mathlib/LinearAlgebra/Quotient/Defs.c.o.export
Mathlib.LinearAlgebra.Ray	.lake/packages/mathlib/.lake/build/ir/Mathlib/LinearAlgebra/Ray.c.o.export
Mathlib.LinearAlgebra.SModEq.Basic	.lake/packages/mathlib/.lake/build/ir/Mathlib/LinearAlgebra/SModEq/Basic.c.o.export
Mathlib.LinearAlgebra.SesquilinearForm.Basic	.lake/packages/mathlib/.lake/build/ir/Mathlib/LinearAlgebra/SesquilinearForm/Basic.c.o.export
Mathlib.LinearAlgebra.Span.Basic	.lake/packages/mathlib/.lake/build/ir/Mathlib/LinearAlgebra/Span/Basic.c.o.export
Mathlib.LinearAlgebra.Span.Defs	.lake/packages/mathlib/.lake/build/ir/Mathlib/LinearAlgebra/Span/Defs.c.o.export
Mathlib.LinearAlgebra.StdBasis	.lake/packages/mathlib/.lake/build/ir/Mathlib/LinearAlgebra/StdBasis.c.o.export
Mathlib.LinearAlgebra.TensorProduct.Associator	.lake/packages/mathlib/.lake/build/ir/Mathlib/LinearAlgebra/TensorProduct/Associator.c.o.export
Mathlib.LinearAlgebra.TensorProduct.Basic	.lake/packages/mathlib/.lake/build/ir/Mathlib/LinearAlgebra/TensorProduct/Basic.c.o.export
Mathlib.LinearAlgebra.TensorProduct.Basis	.lake/packages/mathlib/.lake/build/ir/Mathlib/LinearAlgebra/TensorProduct/Basis.c.o.export
Mathlib.LinearAlgebra.TensorProduct.Defs	.lake/packages/mathlib/.lake/build/ir/Mathlib/LinearAlgebra/TensorProduct/Defs.c.o.export
Mathlib.LinearAlgebra.TensorProduct.Map	.lake/packages/mathlib/.lake/build/ir/Mathlib/LinearAlgebra/TensorProduct/Map.c.o.export
Mathlib.LinearAlgebra.TensorProduct.Quotient	.lake/packages/mathlib/.lake/build/ir/Mathlib/LinearAlgebra/TensorProduct/Quotient.c.o.export
Mathlib.LinearAlgebra.TensorProduct.RightExactness	.lake/packages/mathlib/.lake/build/ir/Mathlib/LinearAlgebra/TensorProduct/RightExactness.c.o.export
Mathlib.LinearAlgebra.TensorProduct.Tower	.lake/packages/mathlib/.lake/build/ir/Mathlib/LinearAlgebra/TensorProduct/Tower.c.o.export
Mathlib.LinearAlgebra.Trace	.lake/packages/mathlib/.lake/build/ir/Mathlib/LinearAlgebra/Trace.c.o.export
Mathlib.LinearAlgebra.Vandermonde	.lake/packages/mathlib/.lake/build/ir/Mathlib/LinearAlgebra/Vandermonde.c.o.export
Mathlib.Logic.Basic	.lake/packages/mathlib/.lake/build/ir/Mathlib/Logic/Basic.c.o.export
Mathlib.Logic.Denumerable	.lake/packages/mathlib/.lake/build/ir/Mathlib/Logic/Denumerable.c.o.export
Mathlib.Logic.Embedding.Basic	.lake/packages/mathlib/.lake/build/ir/Mathlib/Logic/Embedding/Basic.c.o.export
Mathlib.Logic.Embedding.Set	.lake/packages/mathlib/.lake/build/ir/Mathlib/Logic/Embedding/Set.c.o.export
Mathlib.Logic.Encodable.Basic	.lake/packages/mathlib/.lake/build/ir/Mathlib/Logic/Encodable/Basic.c.o.export
Mathlib.Logic.Encodable.Lattice	.lake/packages/mathlib/.lake/build/ir/Mathlib/Logic/Encodable/Lattice.c.o.export
Mathlib.Logic.Encodable.Pi	.lake/packages/mathlib/.lake/build/ir/Mathlib/Logic/Encodable/Pi.c.o.export
Mathlib.Logic.Equiv.Basic	.lake/packages/mathlib/.lake/build/ir/Mathlib/Logic/Equiv/Basic.c.o.export
Mathlib.Logic.Equiv.Defs	.lake/packages/mathlib/.lake/build/ir/Mathlib/Logic/Equiv/Defs.c.o.export
Mathlib.Logic.Equiv.Fin.Basic	.lake/packages/mathlib/.lake/build/ir/Mathlib/Logic/Equiv/Fin/Basic.c.o.export
Mathlib.Logic.Equiv.Fin.Rotate	.lake/packages/mathlib/.lake/build/ir/Mathlib/Logic/Equiv/Fin/Rotate.c.o.export
Mathlib.Logic.Equiv.Finset	.lake/packages/mathlib/.lake/build/ir/Mathlib/Logic/Equiv/Finset.c.o.export
Mathlib.Logic.Equiv.Fintype	.lake/packages/mathlib/.lake/build/ir/Mathlib/Logic/Equiv/Fintype.c.o.export
Mathlib.Logic.Equiv.Functor	.lake/packages/mathlib/.lake/build/ir/Mathlib/Logic/Equiv/Functor.c.o.export
Mathlib.Logic.Equiv.List	.lake/packages/mathlib/.lake/build/ir/Mathlib/Logic/Equiv/List.c.o.export
Mathlib.Logic.Equiv.Multiset	.lake/packages/mathlib/.lake/build/ir/Mathlib/Logic/Equiv/Multiset.c.o.export
Mathlib.Logic.Equiv.Nat	.lake/packages/mathlib/.lake/build/ir/Mathlib/Logic/Equiv/Nat.c.o.export
Mathlib.Logic.Equiv.Option	.lake/packages/mathlib/.lake/build/ir/Mathlib/Logic/Equiv/Option.c.o.export
Mathlib.Logic.Equiv.PartialEquiv	.lake/packages/mathlib/.lake/build/ir/Mathlib/Logic/Equiv/PartialEquiv.c.o.export
Mathlib.Logic.Equiv.Prod	.lake/packages/mathlib/.lake/build/ir/Mathlib/Logic/Equiv/Prod.c.o.export
Mathlib.Logic.Equiv.Set	.lake/packages/mathlib/.lake/build/ir/Mathlib/Logic/Equiv/Set.c.o.export
Mathlib.Logic.Equiv.Sum	.lake/packages/mathlib/.lake/build/ir/Mathlib/Logic/Equiv/Sum.c.o.export
Mathlib.Logic.ExistsUnique	.lake/packages/mathlib/.lake/build/ir/Mathlib/Logic/ExistsUnique.c.o.export
Mathlib.Logic.Function.Basic	.lake/packages/mathlib/.lake/build/ir/Mathlib/Logic/Function/Basic.c.o.export
Mathlib.Logic.Function.CompTypeclasses	.lake/packages/mathlib/.lake/build/ir/Mathlib/Logic/Function/CompTypeclasses.c.o.export
Mathlib.Logic.Function.Conjugate	.lake/packages/mathlib/.lake/build/ir/Mathlib/Logic/Function/Conjugate.c.o.export
Mathlib.Logic.Function.Defs	.lake/packages/mathlib/.lake/build/ir/Mathlib/Logic/Function/Defs.c.o.export
Mathlib.Logic.Function.DependsOn	.lake/packages/mathlib/.lake/build/ir/Mathlib/Logic/Function/DependsOn.c.o.export
Mathlib.Logic.Function.Iterate	.lake/packages/mathlib/.lake/build/ir/Mathlib/Logic/Function/Iterate.c.o.export
Mathlib.Logic.Function.ULift	.lake/packages/mathlib/.lake/build/ir/Mathlib/Logic/Function/ULift.c.o.export
Mathlib.Logic.IsEmpty.Basic	.lake/packages/mathlib/.lake/build/ir/Mathlib/Logic/IsEmpty/Basic.c.o.export
Mathlib.Logic.IsEmpty.Defs	.lake/packages/mathlib/.lake/build/ir/Mathlib/Logic/IsEmpty/Defs.c.o.export
Mathlib.Logic.Lemmas	.lake/packages/mathlib/.lake/build/ir/Mathlib/Logic/Lemmas.c.o.export
Mathlib.Logic.Nonempty	.lake/packages/mathlib/.lake/build/ir/Mathlib/Logic/Nonempty.c.o.export
Mathlib.Logic.Nontrivial.Basic	.lake/packages/mathlib/.lake/build/ir/Mathlib/Logic/Nontrivial/Basic.c.o.export
Mathlib.Logic.Nontrivial.Defs	.lake/packages/mathlib/.lake/build/ir/Mathlib/Logic/Nontrivial/Defs.c.o.export
Mathlib.Logic.OpClass	.lake/packages/mathlib/.lake/build/ir/Mathlib/Logic/OpClass.c.o.export
Mathlib.Logic.Pairwise	.lake/packages/mathlib/.lake/build/ir/Mathlib/Logic/Pairwise.c.o.export
Mathlib.Logic.Relation	.lake/packages/mathlib/.lake/build/ir/Mathlib/Logic/Relation.c.o.export
Mathlib.Logic.Relator	.lake/packages/mathlib/.lake/build/ir/Mathlib/Logic/Relator.c.o.export
Mathlib.Logic.Small.Basic	.lake/packages/mathlib/.lake/build/ir/Mathlib/Logic/Small/Basic.c.o.export
Mathlib.Logic.Small.Defs	.lake/packages/mathlib/.lake/build/ir/Mathlib/Logic/Small/Defs.c.o.export
Mathlib.Logic.Small.List	.lake/packages/mathlib/.lake/build/ir/Mathlib/Logic/Small/List.c.o.export
Mathlib.Logic.Small.Set	.lake/packages/mathlib/.lake/build/ir/Mathlib/Logic/Small/Set.c.o.export
Mathlib.Logic.Unique	.lake/packages/mathlib/.lake/build/ir/Mathlib/Logic/Unique.c.o.export
Mathlib.Logic.UnivLE	.lake/packages/mathlib/.lake/build/ir/Mathlib/Logic/UnivLE.c.o.export
Mathlib.NumberTheory.ArithmeticFunction.Defs	.lake/packages/mathlib/.lake/build/ir/Mathlib/NumberTheory/ArithmeticFunction/Defs.c.o.export
Mathlib.NumberTheory.ArithmeticFunction.Misc	.lake/packages/mathlib/.lake/build/ir/Mathlib/NumberTheory/ArithmeticFunction/Misc.c.o.export
Mathlib.NumberTheory.ArithmeticFunction.Moebius	.lake/packages/mathlib/.lake/build/ir/Mathlib/NumberTheory/ArithmeticFunction/Moebius.c.o.export
Mathlib.NumberTheory.ArithmeticFunction.Zeta	.lake/packages/mathlib/.lake/build/ir/Mathlib/NumberTheory/ArithmeticFunction/Zeta.c.o.export
Mathlib.NumberTheory.Cyclotomic.Basic	.lake/packages/mathlib/.lake/build/ir/Mathlib/NumberTheory/Cyclotomic/Basic.c.o.export
Mathlib.NumberTheory.Cyclotomic.PrimitiveRoots	.lake/packages/mathlib/.lake/build/ir/Mathlib/NumberTheory/Cyclotomic/PrimitiveRoots.c.o.export
Mathlib.NumberTheory.Divisors	.lake/packages/mathlib/.lake/build/ir/Mathlib/NumberTheory/Divisors.c.o.export
Mathlib.NumberTheory.GaussSum	.lake/packages/mathlib/.lake/build/ir/Mathlib/NumberTheory/GaussSum.c.o.export
Mathlib.NumberTheory.LegendreSymbol.AddCharacter	.lake/packages/mathlib/.lake/build/ir/Mathlib/NumberTheory/LegendreSymbol/AddCharacter.c.o.export
Mathlib.NumberTheory.LegendreSymbol.Basic	.lake/packages/mathlib/.lake/build/ir/Mathlib/NumberTheory/LegendreSymbol/Basic.c.o.export
Mathlib.NumberTheory.LegendreSymbol.JacobiSymbol	.lake/packages/mathlib/.lake/build/ir/Mathlib/NumberTheory/LegendreSymbol/JacobiSymbol.c.o.export
Mathlib.NumberTheory.LegendreSymbol.QuadraticChar.Basic	.lake/packages/mathlib/.lake/build/ir/Mathlib/NumberTheory/LegendreSymbol/QuadraticChar/Basic.c.o.export
Mathlib.NumberTheory.LegendreSymbol.QuadraticChar.GaussSum	.lake/packages/mathlib/.lake/build/ir/Mathlib/NumberTheory/LegendreSymbol/QuadraticChar/GaussSum.c.o.export
Mathlib.NumberTheory.LegendreSymbol.QuadraticReciprocity	.lake/packages/mathlib/.lake/build/ir/Mathlib/NumberTheory/LegendreSymbol/QuadraticReciprocity.c.o.export
Mathlib.NumberTheory.LegendreSymbol.ZModChar	.lake/packages/mathlib/.lake/build/ir/Mathlib/NumberTheory/LegendreSymbol/ZModChar.c.o.export
Mathlib.NumberTheory.MulChar.Basic	.lake/packages/mathlib/.lake/build/ir/Mathlib/NumberTheory/MulChar/Basic.c.o.export
Mathlib.NumberTheory.MulChar.Lemmas	.lake/packages/mathlib/.lake/build/ir/Mathlib/NumberTheory/MulChar/Lemmas.c.o.export
Mathlib.NumberTheory.NumberField.Basic	.lake/packages/mathlib/.lake/build/ir/Mathlib/NumberTheory/NumberField/Basic.c.o.export
Mathlib.NumberTheory.Padics.PadicVal.Basic	.lake/packages/mathlib/.lake/build/ir/Mathlib/NumberTheory/Padics/PadicVal/Basic.c.o.export
Mathlib.NumberTheory.Padics.PadicVal.Defs	.lake/packages/mathlib/.lake/build/ir/Mathlib/NumberTheory/Padics/PadicVal/Defs.c.o.export
Mathlib.NumberTheory.Real.Irrational	.lake/packages/mathlib/.lake/build/ir/Mathlib/NumberTheory/Real/Irrational.c.o.export
Mathlib.Order.Antichain	.lake/packages/mathlib/.lake/build/ir/Mathlib/Order/Antichain.c.o.export
Mathlib.Order.Antisymmetrization	.lake/packages/mathlib/.lake/build/ir/Mathlib/Order/Antisymmetrization.c.o.export
Mathlib.Order.Atoms	.lake/packages/mathlib/.lake/build/ir/Mathlib/Order/Atoms.c.o.export
Mathlib.Order.Atoms.Finite	.lake/packages/mathlib/.lake/build/ir/Mathlib/Order/Atoms/Finite.c.o.export
Mathlib.Order.Basic	.lake/packages/mathlib/.lake/build/ir/Mathlib/Order/Basic.c.o.export
Mathlib.Order.BooleanAlgebra.Basic	.lake/packages/mathlib/.lake/build/ir/Mathlib/Order/BooleanAlgebra/Basic.c.o.export
Mathlib.Order.BooleanAlgebra.Defs	.lake/packages/mathlib/.lake/build/ir/Mathlib/Order/BooleanAlgebra/Defs.c.o.export
Mathlib.Order.BooleanAlgebra.Set	.lake/packages/mathlib/.lake/build/ir/Mathlib/Order/BooleanAlgebra/Set.c.o.export
Mathlib.Order.BooleanSubalgebra	.lake/packages/mathlib/.lake/build/ir/Mathlib/Order/BooleanSubalgebra.c.o.export
Mathlib.Order.BoundedOrder.Basic	.lake/packages/mathlib/.lake/build/ir/Mathlib/Order/BoundedOrder/Basic.c.o.export
Mathlib.Order.BoundedOrder.Lattice	.lake/packages/mathlib/.lake/build/ir/Mathlib/Order/BoundedOrder/Lattice.c.o.export
Mathlib.Order.BoundedOrder.Monotone	.lake/packages/mathlib/.lake/build/ir/Mathlib/Order/BoundedOrder/Monotone.c.o.export
Mathlib.Order.Bounds.Basic	.lake/packages/mathlib/.lake/build/ir/Mathlib/Order/Bounds/Basic.c.o.export
Mathlib.Order.Bounds.Defs	.lake/packages/mathlib/.lake/build/ir/Mathlib/Order/Bounds/Defs.c.o.export
Mathlib.Order.Bounds.Image	.lake/packages/mathlib/.lake/build/ir/Mathlib/Order/Bounds/Image.c.o.export
Mathlib.Order.Bounds.OrderIso	.lake/packages/mathlib/.lake/build/ir/Mathlib/Order/Bounds/OrderIso.c.o.export
Mathlib.Order.BourbakiWitt	.lake/packages/mathlib/.lake/build/ir/Mathlib/Order/BourbakiWitt.c.o.export
Mathlib.Order.Circular	.lake/packages/mathlib/.lake/build/ir/Mathlib/Order/Circular.c.o.export
Mathlib.Order.Closure	.lake/packages/mathlib/.lake/build/ir/Mathlib/Order/Closure.c.o.export
Mathlib.Order.Cofinal	.lake/packages/mathlib/.lake/build/ir/Mathlib/Order/Cofinal.c.o.export
Mathlib.Order.CompactlyGenerated.Basic	.lake/packages/mathlib/.lake/build/ir/Mathlib/Order/CompactlyGenerated/Basic.c.o.export
Mathlib.Order.CompactlyGenerated.Intervals	.lake/packages/mathlib/.lake/build/ir/Mathlib/Order/CompactlyGenerated/Intervals.c.o.export
Mathlib.Order.Compare	.lake/packages/mathlib/.lake/build/ir/Mathlib/Order/Compare.c.o.export
Mathlib.Order.CompleteBooleanAlgebra	.lake/packages/mathlib/.lake/build/ir/Mathlib/Order/CompleteBooleanAlgebra.c.o.export
Mathlib.Order.CompleteLattice.Basic	.lake/packages/mathlib/.lake/build/ir/Mathlib/Order/CompleteLattice/Basic.c.o.export
Mathlib.Order.CompleteLattice.Chain	.lake/packages/mathlib/.lake/build/ir/Mathlib/Order/CompleteLattice/Chain.c.o.export
Mathlib.Order.CompleteLattice.Defs	.lake/packages/mathlib/.lake/build/ir/Mathlib/Order/CompleteLattice/Defs.c.o.export
Mathlib.Order.CompleteLattice.Finset	.lake/packages/mathlib/.lake/build/ir/Mathlib/Order/CompleteLattice/Finset.c.o.export
Mathlib.Order.CompleteLattice.Group	.lake/packages/mathlib/.lake/build/ir/Mathlib/Order/CompleteLattice/Group.c.o.export
Mathlib.Order.CompleteLattice.Lemmas	.lake/packages/mathlib/.lake/build/ir/Mathlib/Order/CompleteLattice/Lemmas.c.o.export
Mathlib.Order.CompleteLatticeIntervals	.lake/packages/mathlib/.lake/build/ir/Mathlib/Order/CompleteLatticeIntervals.c.o.export
Mathlib.Order.ConditionallyCompleteLattice.Basic	.lake/packages/mathlib/.lake/build/ir/Mathlib/Order/ConditionallyCompleteLattice/Basic.c.o.export
Mathlib.Order.ConditionallyCompleteLattice.Defs	.lake/packages/mathlib/.lake/build/ir/Mathlib/Order/ConditionallyCompleteLattice/Defs.c.o.export
Mathlib.Order.ConditionallyCompleteLattice.Finset	.lake/packages/mathlib/.lake/build/ir/Mathlib/Order/ConditionallyCompleteLattice/Finset.c.o.export
Mathlib.Order.ConditionallyCompleteLattice.Group	.lake/packages/mathlib/.lake/build/ir/Mathlib/Order/ConditionallyCompleteLattice/Group.c.o.export
Mathlib.Order.ConditionallyCompleteLattice.Indexed	.lake/packages/mathlib/.lake/build/ir/Mathlib/Order/ConditionallyCompleteLattice/Indexed.c.o.export
Mathlib.Order.ConditionallyCompletePartialOrder.Basic	.lake/packages/mathlib/.lake/build/ir/Mathlib/Order/ConditionallyCompletePartialOrder/Basic.c.o.export
Mathlib.Order.ConditionallyCompletePartialOrder.Defs	.lake/packages/mathlib/.lake/build/ir/Mathlib/Order/ConditionallyCompletePartialOrder/Defs.c.o.export
Mathlib.Order.ConditionallyCompletePartialOrder.Indexed	.lake/packages/mathlib/.lake/build/ir/Mathlib/Order/ConditionallyCompletePartialOrder/Indexed.c.o.export
Mathlib.Order.Copy	.lake/packages/mathlib/.lake/build/ir/Mathlib/Order/Copy.c.o.export
Mathlib.Order.Cover	.lake/packages/mathlib/.lake/build/ir/Mathlib/Order/Cover.c.o.export
Mathlib.Order.Defs.LinearOrder	.lake/packages/mathlib/.lake/build/ir/Mathlib/Order/Defs/LinearOrder.c.o.export
Mathlib.Order.Defs.PartialOrder	.lake/packages/mathlib/.lake/build/ir/Mathlib/Order/Defs/PartialOrder.c.o.export
Mathlib.Order.Defs.Unbundled	.lake/packages/mathlib/.lake/build/ir/Mathlib/Order/Defs/Unbundled.c.o.export
Mathlib.Order.DirSupClosed	.lake/packages/mathlib/.lake/build/ir/Mathlib/Order/DirSupClosed.c.o.export
Mathlib.Order.Directed	.lake/packages/mathlib/.lake/build/ir/Mathlib/Order/Directed.c.o.export
Mathlib.Order.Disjoint	.lake/packages/mathlib/.lake/build/ir/Mathlib/Order/Disjoint.c.o.export
Mathlib.Order.Disjointed	.lake/packages/mathlib/.lake/build/ir/Mathlib/Order/Disjointed.c.o.export
Mathlib.Order.Filter.AtTopBot.Archimedean	.lake/packages/mathlib/.lake/build/ir/Mathlib/Order/Filter/AtTopBot/Archimedean.c.o.export
Mathlib.Order.Filter.AtTopBot.Basic	.lake/packages/mathlib/.lake/build/ir/Mathlib/Order/Filter/AtTopBot/Basic.c.o.export
Mathlib.Order.Filter.AtTopBot.BigOperators	.lake/packages/mathlib/.lake/build/ir/Mathlib/Order/Filter/AtTopBot/BigOperators.c.o.export
Mathlib.Order.Filter.AtTopBot.CompleteLattice	.lake/packages/mathlib/.lake/build/ir/Mathlib/Order/Filter/AtTopBot/CompleteLattice.c.o.export
Mathlib.Order.Filter.AtTopBot.CountablyGenerated	.lake/packages/mathlib/.lake/build/ir/Mathlib/Order/Filter/AtTopBot/CountablyGenerated.c.o.export
Mathlib.Order.Filter.AtTopBot.Defs	.lake/packages/mathlib/.lake/build/ir/Mathlib/Order/Filter/AtTopBot/Defs.c.o.export
Mathlib.Order.Filter.AtTopBot.Disjoint	.lake/packages/mathlib/.lake/build/ir/Mathlib/Order/Filter/AtTopBot/Disjoint.c.o.export
Mathlib.Order.Filter.AtTopBot.Field	.lake/packages/mathlib/.lake/build/ir/Mathlib/Order/Filter/AtTopBot/Field.c.o.export
Mathlib.Order.Filter.AtTopBot.Finite	.lake/packages/mathlib/.lake/build/ir/Mathlib/Order/Filter/AtTopBot/Finite.c.o.export
Mathlib.Order.Filter.AtTopBot.Finset	.lake/packages/mathlib/.lake/build/ir/Mathlib/Order/Filter/AtTopBot/Finset.c.o.export
Mathlib.Order.Filter.AtTopBot.Group	.lake/packages/mathlib/.lake/build/ir/Mathlib/Order/Filter/AtTopBot/Group.c.o.export
Mathlib.Order.Filter.AtTopBot.Map	.lake/packages/mathlib/.lake/build/ir/Mathlib/Order/Filter/AtTopBot/Map.c.o.export
Mathlib.Order.Filter.AtTopBot.ModEq	.lake/packages/mathlib/.lake/build/ir/Mathlib/Order/Filter/AtTopBot/ModEq.c.o.export
Mathlib.Order.Filter.AtTopBot.Monoid	.lake/packages/mathlib/.lake/build/ir/Mathlib/Order/Filter/AtTopBot/Monoid.c.o.export
Mathlib.Order.Filter.AtTopBot.Prod	.lake/packages/mathlib/.lake/build/ir/Mathlib/Order/Filter/AtTopBot/Prod.c.o.export
Mathlib.Order.Filter.AtTopBot.Ring	.lake/packages/mathlib/.lake/build/ir/Mathlib/Order/Filter/AtTopBot/Ring.c.o.export
Mathlib.Order.Filter.AtTopBot.Tendsto	.lake/packages/mathlib/.lake/build/ir/Mathlib/Order/Filter/AtTopBot/Tendsto.c.o.export
Mathlib.Order.Filter.Bases.Basic	.lake/packages/mathlib/.lake/build/ir/Mathlib/Order/Filter/Bases/Basic.c.o.export
Mathlib.Order.Filter.Bases.Finite	.lake/packages/mathlib/.lake/build/ir/Mathlib/Order/Filter/Bases/Finite.c.o.export
Mathlib.Order.Filter.Basic	.lake/packages/mathlib/.lake/build/ir/Mathlib/Order/Filter/Basic.c.o.export
Mathlib.Order.Filter.Cofinite	.lake/packages/mathlib/.lake/build/ir/Mathlib/Order/Filter/Cofinite.c.o.export
Mathlib.Order.Filter.CountableInter	.lake/packages/mathlib/.lake/build/ir/Mathlib/Order/Filter/CountableInter.c.o.export
Mathlib.Order.Filter.CountablyGenerated	.lake/packages/mathlib/.lake/build/ir/Mathlib/Order/Filter/CountablyGenerated.c.o.export
Mathlib.Order.Filter.Curry	.lake/packages/mathlib/.lake/build/ir/Mathlib/Order/Filter/Curry.c.o.export
Mathlib.Order.Filter.Defs	.lake/packages/mathlib/.lake/build/ir/Mathlib/Order/Filter/Defs.c.o.export
Mathlib.Order.Filter.EventuallyConst	.lake/packages/mathlib/.lake/build/ir/Mathlib/Order/Filter/EventuallyConst.c.o.export
Mathlib.Order.Filter.Extr	.lake/packages/mathlib/.lake/build/ir/Mathlib/Order/Filter/Extr.c.o.export
Mathlib.Order.Filter.Finite	.lake/packages/mathlib/.lake/build/ir/Mathlib/Order/Filter/Finite.c.o.export
Mathlib.Order.Filter.Interval	.lake/packages/mathlib/.lake/build/ir/Mathlib/Order/Filter/Interval.c.o.export
Mathlib.Order.Filter.IsBounded	.lake/packages/mathlib/.lake/build/ir/Mathlib/Order/Filter/IsBounded.c.o.export
Mathlib.Order.Filter.Ker	.lake/packages/mathlib/.lake/build/ir/Mathlib/Order/Filter/Ker.c.o.export
Mathlib.Order.Filter.Lift	.lake/packages/mathlib/.lake/build/ir/Mathlib/Order/Filter/Lift.c.o.export
Mathlib.Order.Filter.Map	.lake/packages/mathlib/.lake/build/ir/Mathlib/Order/Filter/Map.c.o.export
Mathlib.Order.Filter.NAry	.lake/packages/mathlib/.lake/build/ir/Mathlib/Order/Filter/NAry.c.o.export
Mathlib.Order.Filter.Pi	.lake/packages/mathlib/.lake/build/ir/Mathlib/Order/Filter/Pi.c.o.export
Mathlib.Order.Filter.Pointwise	.lake/packages/mathlib/.lake/build/ir/Mathlib/Order/Filter/Pointwise.c.o.export
Mathlib.Order.Filter.Prod	.lake/packages/mathlib/.lake/build/ir/Mathlib/Order/Filter/Prod.c.o.export
Mathlib.Order.Filter.SmallSets	.lake/packages/mathlib/.lake/build/ir/Mathlib/Order/Filter/SmallSets.c.o.export
Mathlib.Order.Filter.Subsingleton	.lake/packages/mathlib/.lake/build/ir/Mathlib/Order/Filter/Subsingleton.c.o.export
Mathlib.Order.Filter.Tendsto	.lake/packages/mathlib/.lake/build/ir/Mathlib/Order/Filter/Tendsto.c.o.export
Mathlib.Order.Filter.Ultrafilter.Basic	.lake/packages/mathlib/.lake/build/ir/Mathlib/Order/Filter/Ultrafilter/Basic.c.o.export
Mathlib.Order.Filter.Ultrafilter.Defs	.lake/packages/mathlib/.lake/build/ir/Mathlib/Order/Filter/Ultrafilter/Defs.c.o.export
Mathlib.Order.Fin.Basic	.lake/packages/mathlib/.lake/build/ir/Mathlib/Order/Fin/Basic.c.o.export
Mathlib.Order.Fin.Tuple	.lake/packages/mathlib/.lake/build/ir/Mathlib/Order/Fin/Tuple.c.o.export
Mathlib.Order.FixedPoints	.lake/packages/mathlib/.lake/build/ir/Mathlib/Order/FixedPoints.c.o.export
Mathlib.Order.GaloisConnection.Basic	.lake/packages/mathlib/.lake/build/ir/Mathlib/Order/GaloisConnection/Basic.c.o.export
Mathlib.Order.GaloisConnection.Defs	.lake/packages/mathlib/.lake/build/ir/Mathlib/Order/GaloisConnection/Defs.c.o.export
Mathlib.Order.Heyting.Basic	.lake/packages/mathlib/.lake/build/ir/Mathlib/Order/Heyting/Basic.c.o.export
Mathlib.Order.Heyting.Boundary	.lake/packages/mathlib/.lake/build/ir/Mathlib/Order/Heyting/Boundary.c.o.export
Mathlib.Order.Heyting.Hom	.lake/packages/mathlib/.lake/build/ir/Mathlib/Order/Heyting/Hom.c.o.export
Mathlib.Order.Hom.Basic	.lake/packages/mathlib/.lake/build/ir/Mathlib/Order/Hom/Basic.c.o.export
Mathlib.Order.Hom.Bounded	.lake/packages/mathlib/.lake/build/ir/Mathlib/Order/Hom/Bounded.c.o.export
Mathlib.Order.Hom.BoundedLattice	.lake/packages/mathlib/.lake/build/ir/Mathlib/Order/Hom/BoundedLattice.c.o.export
Mathlib.Order.Hom.CompleteLattice	.lake/packages/mathlib/.lake/build/ir/Mathlib/Order/Hom/CompleteLattice.c.o.export
Mathlib.Order.Hom.Lattice	.lake/packages/mathlib/.lake/build/ir/Mathlib/Order/Hom/Lattice.c.o.export
Mathlib.Order.Hom.Lex	.lake/packages/mathlib/.lake/build/ir/Mathlib/Order/Hom/Lex.c.o.export
Mathlib.Order.Hom.Order	.lake/packages/mathlib/.lake/build/ir/Mathlib/Order/Hom/Order.c.o.export
Mathlib.Order.Hom.Set	.lake/packages/mathlib/.lake/build/ir/Mathlib/Order/Hom/Set.c.o.export
Mathlib.Order.Hom.WithTopBot	.lake/packages/mathlib/.lake/build/ir/Mathlib/Order/Hom/WithTopBot.c.o.export
Mathlib.Order.Ideal	.lake/packages/mathlib/.lake/build/ir/Mathlib/Order/Ideal.c.o.export
Mathlib.Order.InitialSeg	.lake/packages/mathlib/.lake/build/ir/Mathlib/Order/InitialSeg.c.o.export
Mathlib.Order.Interval.Finset.Basic	.lake/packages/mathlib/.lake/build/ir/Mathlib/Order/Interval/Finset/Basic.c.o.export
Mathlib.Order.Interval.Finset.Defs	.lake/packages/mathlib/.lake/build/ir/Mathlib/Order/Interval/Finset/Defs.c.o.export
Mathlib.Order.Interval.Finset.Fin	.lake/packages/mathlib/.lake/build/ir/Mathlib/Order/Interval/Finset/Fin.c.o.export
Mathlib.Order.Interval.Finset.Nat	.lake/packages/mathlib/.lake/build/ir/Mathlib/Order/Interval/Finset/Nat.c.o.export
Mathlib.Order.Interval.Finset.SuccPred	.lake/packages/mathlib/.lake/build/ir/Mathlib/Order/Interval/Finset/SuccPred.c.o.export
Mathlib.Order.Interval.Multiset	.lake/packages/mathlib/.lake/build/ir/Mathlib/Order/Interval/Multiset.c.o.export
Mathlib.Order.Interval.Set.Basic	.lake/packages/mathlib/.lake/build/ir/Mathlib/Order/Interval/Set/Basic.c.o.export
Mathlib.Order.Interval.Set.Defs	.lake/packages/mathlib/.lake/build/ir/Mathlib/Order/Interval/Set/Defs.c.o.export
Mathlib.Order.Interval.Set.Disjoint	.lake/packages/mathlib/.lake/build/ir/Mathlib/Order/Interval/Set/Disjoint.c.o.export
Mathlib.Order.Interval.Set.Fin	.lake/packages/mathlib/.lake/build/ir/Mathlib/Order/Interval/Set/Fin.c.o.export
Mathlib.Order.Interval.Set.Image	.lake/packages/mathlib/.lake/build/ir/Mathlib/Order/Interval/Set/Image.c.o.export
Mathlib.Order.Interval.Set.Infinite	.lake/packages/mathlib/.lake/build/ir/Mathlib/Order/Interval/Set/Infinite.c.o.export
Mathlib.Order.Interval.Set.LinearOrder	.lake/packages/mathlib/.lake/build/ir/Mathlib/Order/Interval/Set/LinearOrder.c.o.export
Mathlib.Order.Interval.Set.OrdConnected	.lake/packages/mathlib/.lake/build/ir/Mathlib/Order/Interval/Set/OrdConnected.c.o.export
Mathlib.Order.Interval.Set.OrdConnectedComponent	.lake/packages/mathlib/.lake/build/ir/Mathlib/Order/Interval/Set/OrdConnectedComponent.c.o.export
Mathlib.Order.Interval.Set.OrderEmbedding	.lake/packages/mathlib/.lake/build/ir/Mathlib/Order/Interval/Set/OrderEmbedding.c.o.export
Mathlib.Order.Interval.Set.OrderIso	.lake/packages/mathlib/.lake/build/ir/Mathlib/Order/Interval/Set/OrderIso.c.o.export
Mathlib.Order.Interval.Set.Pi	.lake/packages/mathlib/.lake/build/ir/Mathlib/Order/Interval/Set/Pi.c.o.export
Mathlib.Order.Interval.Set.ProjIcc	.lake/packages/mathlib/.lake/build/ir/Mathlib/Order/Interval/Set/ProjIcc.c.o.export
Mathlib.Order.Interval.Set.SuccPred	.lake/packages/mathlib/.lake/build/ir/Mathlib/Order/Interval/Set/SuccPred.c.o.export
Mathlib.Order.Interval.Set.UnorderedInterval	.lake/packages/mathlib/.lake/build/ir/Mathlib/Order/Interval/Set/UnorderedInterval.c.o.export
Mathlib.Order.Interval.Set.WithBotTop	.lake/packages/mathlib/.lake/build/ir/Mathlib/Order/Interval/Set/WithBotTop.c.o.export
Mathlib.Order.IsNormal	.lake/packages/mathlib/.lake/build/ir/Mathlib/Order/IsNormal.c.o.export
Mathlib.Order.Iterate	.lake/packages/mathlib/.lake/build/ir/Mathlib/Order/Iterate.c.o.export
Mathlib.Order.JordanHolder	.lake/packages/mathlib/.lake/build/ir/Mathlib/Order/JordanHolder.c.o.export
Mathlib.Order.KrullDimension	.lake/packages/mathlib/.lake/build/ir/Mathlib/Order/KrullDimension.c.o.export
Mathlib.Order.Lattice	.lake/packages/mathlib/.lake/build/ir/Mathlib/Order/Lattice.c.o.export
Mathlib.Order.LatticeIntervals	.lake/packages/mathlib/.lake/build/ir/Mathlib/Order/LatticeIntervals.c.o.export
Mathlib.Order.Lex	.lake/packages/mathlib/.lake/build/ir/Mathlib/Order/Lex.c.o.export
Mathlib.Order.LiminfLimsup	.lake/packages/mathlib/.lake/build/ir/Mathlib/Order/LiminfLimsup.c.o.export
Mathlib.Order.Max	.lake/packages/mathlib/.lake/build/ir/Mathlib/Order/Max.c.o.export
Mathlib.Order.MinMax	.lake/packages/mathlib/.lake/build/ir/Mathlib/Order/MinMax.c.o.export
Mathlib.Order.Minimal	.lake/packages/mathlib/.lake/build/ir/Mathlib/Order/Minimal.c.o.export
Mathlib.Order.ModularLattice	.lake/packages/mathlib/.lake/build/ir/Mathlib/Order/ModularLattice.c.o.export
Mathlib.Order.Monotone.Basic	.lake/packages/mathlib/.lake/build/ir/Mathlib/Order/Monotone/Basic.c.o.export
Mathlib.Order.Monotone.Defs	.lake/packages/mathlib/.lake/build/ir/Mathlib/Order/Monotone/Defs.c.o.export
Mathlib.Order.Nat	.lake/packages/mathlib/.lake/build/ir/Mathlib/Order/Nat.c.o.export
Mathlib.Order.Notation	.lake/packages/mathlib/.lake/build/ir/Mathlib/Order/Notation.c.o.export
Mathlib.Order.OmegaCompletePartialOrder	.lake/packages/mathlib/.lake/build/ir/Mathlib/Order/OmegaCompletePartialOrder.c.o.export
Mathlib.Order.OrdContinuous	.lake/packages/mathlib/.lake/build/ir/Mathlib/Order/OrdContinuous.c.o.export
Mathlib.Order.OrderDual	.lake/packages/mathlib/.lake/build/ir/Mathlib/Order/OrderDual.c.o.export
Mathlib.Order.OrderIsoNat	.lake/packages/mathlib/.lake/build/ir/Mathlib/Order/OrderIsoNat.c.o.export
Mathlib.Order.Part	.lake/packages/mathlib/.lake/build/ir/Mathlib/Order/Part.c.o.export
Mathlib.Order.PartialSups	.lake/packages/mathlib/.lake/build/ir/Mathlib/Order/PartialSups.c.o.export
Mathlib.Order.PiLex	.lake/packages/mathlib/.lake/build/ir/Mathlib/Order/PiLex.c.o.export
Mathlib.Order.Preorder.Chain	.lake/packages/mathlib/.lake/build/ir/Mathlib/Order/Preorder/Chain.c.o.export
Mathlib.Order.Preorder.Finite	.lake/packages/mathlib/.lake/build/ir/Mathlib/Order/Preorder/Finite.c.o.export
Mathlib.Order.Preorder.Finsupp	.lake/packages/mathlib/.lake/build/ir/Mathlib/Order/Preorder/Finsupp.c.o.export
Mathlib.Order.PropInstances	.lake/packages/mathlib/.lake/build/ir/Mathlib/Order/PropInstances.c.o.export
Mathlib.Order.RelClasses	.lake/packages/mathlib/.lake/build/ir/Mathlib/Order/RelClasses.c.o.export
Mathlib.Order.RelIso.Basic	.lake/packages/mathlib/.lake/build/ir/Mathlib/Order/RelIso/Basic.c.o.export
Mathlib.Order.RelIso.Set	.lake/packages/mathlib/.lake/build/ir/Mathlib/Order/RelIso/Set.c.o.export
Mathlib.Order.RelSeries	.lake/packages/mathlib/.lake/build/ir/Mathlib/Order/RelSeries.c.o.export
Mathlib.Order.ScottContinuity	.lake/packages/mathlib/.lake/build/ir/Mathlib/Order/ScottContinuity.c.o.export
Mathlib.Order.SetNotation	.lake/packages/mathlib/.lake/build/ir/Mathlib/Order/SetNotation.c.o.export
Mathlib.Order.Sublattice	.lake/packages/mathlib/.lake/build/ir/Mathlib/Order/Sublattice.c.o.export
Mathlib.Order.SuccPred.Archimedean	.lake/packages/mathlib/.lake/build/ir/Mathlib/Order/SuccPred/Archimedean.c.o.export
Mathlib.Order.SuccPred.Basic	.lake/packages/mathlib/.lake/build/ir/Mathlib/Order/SuccPred/Basic.c.o.export
Mathlib.Order.SuccPred.CompleteLinearOrder	.lake/packages/mathlib/.lake/build/ir/Mathlib/Order/SuccPred/CompleteLinearOrder.c.o.export
Mathlib.Order.SuccPred.InitialSeg	.lake/packages/mathlib/.lake/build/ir/Mathlib/Order/SuccPred/InitialSeg.c.o.export
Mathlib.Order.SuccPred.Limit	.lake/packages/mathlib/.lake/build/ir/Mathlib/Order/SuccPred/Limit.c.o.export
Mathlib.Order.SuccPred.LinearLocallyFinite	.lake/packages/mathlib/.lake/build/ir/Mathlib/Order/SuccPred/LinearLocallyFinite.c.o.export
Mathlib.Order.SuccPred.Relation	.lake/packages/mathlib/.lake/build/ir/Mathlib/Order/SuccPred/Relation.c.o.export
Mathlib.Order.SuccPred.WithBot	.lake/packages/mathlib/.lake/build/ir/Mathlib/Order/SuccPred/WithBot.c.o.export
Mathlib.Order.SupClosed	.lake/packages/mathlib/.lake/build/ir/Mathlib/Order/SupClosed.c.o.export
Mathlib.Order.SupIndep	.lake/packages/mathlib/.lake/build/ir/Mathlib/Order/SupIndep.c.o.export
Mathlib.Order.SymmDiff	.lake/packages/mathlib/.lake/build/ir/Mathlib/Order/SymmDiff.c.o.export
Mathlib.Order.TypeTags	.lake/packages/mathlib/.lake/build/ir/Mathlib/Order/TypeTags.c.o.export
Mathlib.Order.ULift	.lake/packages/mathlib/.lake/build/ir/Mathlib/Order/ULift.c.o.export
Mathlib.Order.UpperLower.Basic	.lake/packages/mathlib/.lake/build/ir/Mathlib/Order/UpperLower/Basic.c.o.export
Mathlib.Order.UpperLower.Closure	.lake/packages/mathlib/.lake/build/ir/Mathlib/Order/UpperLower/Closure.c.o.export
Mathlib.Order.UpperLower.CompleteLattice	.lake/packages/mathlib/.lake/build/ir/Mathlib/Order/UpperLower/CompleteLattice.c.o.export
Mathlib.Order.UpperLower.Fibration	.lake/packages/mathlib/.lake/build/ir/Mathlib/Order/UpperLower/Fibration.c.o.export
Mathlib.Order.UpperLower.Principal	.lake/packages/mathlib/.lake/build/ir/Mathlib/Order/UpperLower/Principal.c.o.export
Mathlib.Order.WellFounded	.lake/packages/mathlib/.lake/build/ir/Mathlib/Order/WellFounded.c.o.export
Mathlib.Order.WellFoundedSet	.lake/packages/mathlib/.lake/build/ir/Mathlib/Order/WellFoundedSet.c.o.export
Mathlib.Order.WellQuasiOrder	.lake/packages/mathlib/.lake/build/ir/Mathlib/Order/WellQuasiOrder.c.o.export
Mathlib.Order.WithBot	.lake/packages/mathlib/.lake/build/ir/Mathlib/Order/WithBot.c.o.export
Mathlib.Order.Zorn	.lake/packages/mathlib/.lake/build/ir/Mathlib/Order/Zorn.c.o.export
Mathlib.Order.ZornAtoms	.lake/packages/mathlib/.lake/build/ir/Mathlib/Order/ZornAtoms.c.o.export
Mathlib.RingTheory.AdicCompletion.Basic	.lake/packages/mathlib/.lake/build/ir/Mathlib/RingTheory/AdicCompletion/Basic.c.o.export
Mathlib.RingTheory.Adjoin.Basic	.lake/packages/mathlib/.lake/build/ir/Mathlib/RingTheory/Adjoin/Basic.c.o.export
Mathlib.RingTheory.Adjoin.Dimension	.lake/packages/mathlib/.lake/build/ir/Mathlib/RingTheory/Adjoin/Dimension.c.o.export
Mathlib.RingTheory.Adjoin.FG	.lake/packages/mathlib/.lake/build/ir/Mathlib/RingTheory/Adjoin/FG.c.o.export
Mathlib.RingTheory.Adjoin.Field	.lake/packages/mathlib/.lake/build/ir/Mathlib/RingTheory/Adjoin/Field.c.o.export
Mathlib.RingTheory.Adjoin.Polynomial.Basic	.lake/packages/mathlib/.lake/build/ir/Mathlib/RingTheory/Adjoin/Polynomial/Basic.c.o.export
Mathlib.RingTheory.Adjoin.PowerBasis	.lake/packages/mathlib/.lake/build/ir/Mathlib/RingTheory/Adjoin/PowerBasis.c.o.export
Mathlib.RingTheory.Adjoin.Singleton	.lake/packages/mathlib/.lake/build/ir/Mathlib/RingTheory/Adjoin/Singleton.c.o.export
Mathlib.RingTheory.Adjoin.Tower	.lake/packages/mathlib/.lake/build/ir/Mathlib/RingTheory/Adjoin/Tower.c.o.export
Mathlib.RingTheory.AdjoinRoot	.lake/packages/mathlib/.lake/build/ir/Mathlib/RingTheory/AdjoinRoot.c.o.export
Mathlib.RingTheory.AlgebraTower	.lake/packages/mathlib/.lake/build/ir/Mathlib/RingTheory/AlgebraTower.c.o.export
Mathlib.RingTheory.Algebraic.Basic	.lake/packages/mathlib/.lake/build/ir/Mathlib/RingTheory/Algebraic/Basic.c.o.export
Mathlib.RingTheory.Algebraic.Defs	.lake/packages/mathlib/.lake/build/ir/Mathlib/RingTheory/Algebraic/Defs.c.o.export
Mathlib.RingTheory.Algebraic.Integral	.lake/packages/mathlib/.lake/build/ir/Mathlib/RingTheory/Algebraic/Integral.c.o.export
Mathlib.RingTheory.Algebraic.MvPolynomial	.lake/packages/mathlib/.lake/build/ir/Mathlib/RingTheory/Algebraic/MvPolynomial.c.o.export
Mathlib.RingTheory.AlgebraicIndependent.Adjoin	.lake/packages/mathlib/.lake/build/ir/Mathlib/RingTheory/AlgebraicIndependent/Adjoin.c.o.export
Mathlib.RingTheory.AlgebraicIndependent.AlgebraicClosure	.lake/packages/mathlib/.lake/build/ir/Mathlib/RingTheory/AlgebraicIndependent/AlgebraicClosure.c.o.export
Mathlib.RingTheory.AlgebraicIndependent.Basic	.lake/packages/mathlib/.lake/build/ir/Mathlib/RingTheory/AlgebraicIndependent/Basic.c.o.export
Mathlib.RingTheory.AlgebraicIndependent.Defs	.lake/packages/mathlib/.lake/build/ir/Mathlib/RingTheory/AlgebraicIndependent/Defs.c.o.export
Mathlib.RingTheory.AlgebraicIndependent.TranscendenceBasis	.lake/packages/mathlib/.lake/build/ir/Mathlib/RingTheory/AlgebraicIndependent/TranscendenceBasis.c.o.export
Mathlib.RingTheory.AlgebraicIndependent.Transcendental	.lake/packages/mathlib/.lake/build/ir/Mathlib/RingTheory/AlgebraicIndependent/Transcendental.c.o.export
Mathlib.RingTheory.Artinian.Defs	.lake/packages/mathlib/.lake/build/ir/Mathlib/RingTheory/Artinian/Defs.c.o.export
Mathlib.RingTheory.Artinian.Module	.lake/packages/mathlib/.lake/build/ir/Mathlib/RingTheory/Artinian/Module.c.o.export
Mathlib.RingTheory.Bezout	.lake/packages/mathlib/.lake/build/ir/Mathlib/RingTheory/Bezout.c.o.export
Mathlib.RingTheory.ChainOfDivisors	.lake/packages/mathlib/.lake/build/ir/Mathlib/RingTheory/ChainOfDivisors.c.o.export
Mathlib.RingTheory.Congruence.Basic	.lake/packages/mathlib/.lake/build/ir/Mathlib/RingTheory/Congruence/Basic.c.o.export
Mathlib.RingTheory.Congruence.Defs	.lake/packages/mathlib/.lake/build/ir/Mathlib/RingTheory/Congruence/Defs.c.o.export
Mathlib.RingTheory.Congruence.Opposite	.lake/packages/mathlib/.lake/build/ir/Mathlib/RingTheory/Congruence/Opposite.c.o.export
Mathlib.RingTheory.Coprime.Basic	.lake/packages/mathlib/.lake/build/ir/Mathlib/RingTheory/Coprime/Basic.c.o.export
Mathlib.RingTheory.Coprime.Ideal	.lake/packages/mathlib/.lake/build/ir/Mathlib/RingTheory/Coprime/Ideal.c.o.export
Mathlib.RingTheory.Coprime.Lemmas	.lake/packages/mathlib/.lake/build/ir/Mathlib/RingTheory/Coprime/Lemmas.c.o.export
Mathlib.RingTheory.DedekindDomain.AdicValuation	.lake/packages/mathlib/.lake/build/ir/Mathlib/RingTheory/DedekindDomain/AdicValuation.c.o.export
Mathlib.RingTheory.DedekindDomain.Basic	.lake/packages/mathlib/.lake/build/ir/Mathlib/RingTheory/DedekindDomain/Basic.c.o.export
Mathlib.RingTheory.DedekindDomain.Dvr	.lake/packages/mathlib/.lake/build/ir/Mathlib/RingTheory/DedekindDomain/Dvr.c.o.export
Mathlib.RingTheory.DedekindDomain.Ideal.Basic	.lake/packages/mathlib/.lake/build/ir/Mathlib/RingTheory/DedekindDomain/Ideal/Basic.c.o.export
Mathlib.RingTheory.DedekindDomain.Ideal.Lemmas	.lake/packages/mathlib/.lake/build/ir/Mathlib/RingTheory/DedekindDomain/Ideal/Lemmas.c.o.export
Mathlib.RingTheory.DedekindDomain.IntegralClosure	.lake/packages/mathlib/.lake/build/ir/Mathlib/RingTheory/DedekindDomain/IntegralClosure.c.o.export
Mathlib.RingTheory.DiscreteValuationRing.Basic	.lake/packages/mathlib/.lake/build/ir/Mathlib/RingTheory/DiscreteValuationRing/Basic.c.o.export
Mathlib.RingTheory.DiscreteValuationRing.TFAE	.lake/packages/mathlib/.lake/build/ir/Mathlib/RingTheory/DiscreteValuationRing/TFAE.c.o.export
Mathlib.RingTheory.EssentialFiniteness	.lake/packages/mathlib/.lake/build/ir/Mathlib/RingTheory/EssentialFiniteness.c.o.export
Mathlib.RingTheory.EuclideanDomain	.lake/packages/mathlib/.lake/build/ir/Mathlib/RingTheory/EuclideanDomain.c.o.export
Mathlib.RingTheory.Filtration	.lake/packages/mathlib/.lake/build/ir/Mathlib/RingTheory/Filtration.c.o.export
Mathlib.RingTheory.FiniteLength	.lake/packages/mathlib/.lake/build/ir/Mathlib/RingTheory/FiniteLength.c.o.export
Mathlib.RingTheory.FinitePresentation	.lake/packages/mathlib/.lake/build/ir/Mathlib/RingTheory/FinitePresentation.c.o.export
Mathlib.RingTheory.FiniteType	.lake/packages/mathlib/.lake/build/ir/Mathlib/RingTheory/FiniteType.c.o.export
Mathlib.RingTheory.Finiteness.Basic	.lake/packages/mathlib/.lake/build/ir/Mathlib/RingTheory/Finiteness/Basic.c.o.export
Mathlib.RingTheory.Finiteness.Bilinear	.lake/packages/mathlib/.lake/build/ir/Mathlib/RingTheory/Finiteness/Bilinear.c.o.export
Mathlib.RingTheory.Finiteness.Cardinality	.lake/packages/mathlib/.lake/build/ir/Mathlib/RingTheory/Finiteness/Cardinality.c.o.export
Mathlib.RingTheory.Finiteness.Defs	.lake/packages/mathlib/.lake/build/ir/Mathlib/RingTheory/Finiteness/Defs.c.o.export
Mathlib.RingTheory.Finiteness.Finsupp	.lake/packages/mathlib/.lake/build/ir/Mathlib/RingTheory/Finiteness/Finsupp.c.o.export
Mathlib.RingTheory.Finiteness.Ideal	.lake/packages/mathlib/.lake/build/ir/Mathlib/RingTheory/Finiteness/Ideal.c.o.export
Mathlib.RingTheory.Finiteness.Lattice	.lake/packages/mathlib/.lake/build/ir/Mathlib/RingTheory/Finiteness/Lattice.c.o.export
Mathlib.RingTheory.Finiteness.Nakayama	.lake/packages/mathlib/.lake/build/ir/Mathlib/RingTheory/Finiteness/Nakayama.c.o.export
Mathlib.RingTheory.Finiteness.Prod	.lake/packages/mathlib/.lake/build/ir/Mathlib/RingTheory/Finiteness/Prod.c.o.export
Mathlib.RingTheory.Finiteness.Projective	.lake/packages/mathlib/.lake/build/ir/Mathlib/RingTheory/Finiteness/Projective.c.o.export
Mathlib.RingTheory.Finiteness.Subalgebra	.lake/packages/mathlib/.lake/build/ir/Mathlib/RingTheory/Finiteness/Subalgebra.c.o.export
Mathlib.RingTheory.FractionalIdeal.Basic	.lake/packages/mathlib/.lake/build/ir/Mathlib/RingTheory/FractionalIdeal/Basic.c.o.export
Mathlib.RingTheory.FractionalIdeal.Inverse	.lake/packages/mathlib/.lake/build/ir/Mathlib/RingTheory/FractionalIdeal/Inverse.c.o.export
Mathlib.RingTheory.FractionalIdeal.Operations	.lake/packages/mathlib/.lake/build/ir/Mathlib/RingTheory/FractionalIdeal/Operations.c.o.export
Mathlib.RingTheory.Ideal.Basic	.lake/packages/mathlib/.lake/build/ir/Mathlib/RingTheory/Ideal/Basic.c.o.export
Mathlib.RingTheory.Ideal.BigOperators	.lake/packages/mathlib/.lake/build/ir/Mathlib/RingTheory/Ideal/BigOperators.c.o.export
Mathlib.RingTheory.Ideal.Colon	.lake/packages/mathlib/.lake/build/ir/Mathlib/RingTheory/Ideal/Colon.c.o.export
Mathlib.RingTheory.Ideal.Cotangent	.lake/packages/mathlib/.lake/build/ir/Mathlib/RingTheory/Ideal/Cotangent.c.o.export
Mathlib.RingTheory.Ideal.Defs	.lake/packages/mathlib/.lake/build/ir/Mathlib/RingTheory/Ideal/Defs.c.o.export
Mathlib.RingTheory.Ideal.GoingUp	.lake/packages/mathlib/.lake/build/ir/Mathlib/RingTheory/Ideal/GoingUp.c.o.export
Mathlib.RingTheory.Ideal.IsPrimary	.lake/packages/mathlib/.lake/build/ir/Mathlib/RingTheory/Ideal/IsPrimary.c.o.export
Mathlib.RingTheory.Ideal.Lattice	.lake/packages/mathlib/.lake/build/ir/Mathlib/RingTheory/Ideal/Lattice.c.o.export
Mathlib.RingTheory.Ideal.Maps	.lake/packages/mathlib/.lake/build/ir/Mathlib/RingTheory/Ideal/Maps.c.o.export
Mathlib.RingTheory.Ideal.Maximal	.lake/packages/mathlib/.lake/build/ir/Mathlib/RingTheory/Ideal/Maximal.c.o.export
Mathlib.RingTheory.Ideal.MinimalPrime.Basic	.lake/packages/mathlib/.lake/build/ir/Mathlib/RingTheory/Ideal/MinimalPrime/Basic.c.o.export
Mathlib.RingTheory.Ideal.MinimalPrime.Localization	.lake/packages/mathlib/.lake/build/ir/Mathlib/RingTheory/Ideal/MinimalPrime/Localization.c.o.export
Mathlib.RingTheory.Ideal.Nonunits	.lake/packages/mathlib/.lake/build/ir/Mathlib/RingTheory/Ideal/Nonunits.c.o.export
Mathlib.RingTheory.Ideal.Operations	.lake/packages/mathlib/.lake/build/ir/Mathlib/RingTheory/Ideal/Operations.c.o.export
Mathlib.RingTheory.Ideal.Over	.lake/packages/mathlib/.lake/build/ir/Mathlib/RingTheory/Ideal/Over.c.o.export
Mathlib.RingTheory.Ideal.Pointwise	.lake/packages/mathlib/.lake/build/ir/Mathlib/RingTheory/Ideal/Pointwise.c.o.export
Mathlib.RingTheory.Ideal.Prime	.lake/packages/mathlib/.lake/build/ir/Mathlib/RingTheory/Ideal/Prime.c.o.export
Mathlib.RingTheory.Ideal.Prod	.lake/packages/mathlib/.lake/build/ir/Mathlib/RingTheory/Ideal/Prod.c.o.export
Mathlib.RingTheory.Ideal.Quotient.Basic	.lake/packages/mathlib/.lake/build/ir/Mathlib/RingTheory/Ideal/Quotient/Basic.c.o.export
Mathlib.RingTheory.Ideal.Quotient.Defs	.lake/packages/mathlib/.lake/build/ir/Mathlib/RingTheory/Ideal/Quotient/Defs.c.o.export
Mathlib.RingTheory.Ideal.Quotient.Nilpotent	.lake/packages/mathlib/.lake/build/ir/Mathlib/RingTheory/Ideal/Quotient/Nilpotent.c.o.export
Mathlib.RingTheory.Ideal.Quotient.Noetherian	.lake/packages/mathlib/.lake/build/ir/Mathlib/RingTheory/Ideal/Quotient/Noetherian.c.o.export
Mathlib.RingTheory.Ideal.Quotient.Operations	.lake/packages/mathlib/.lake/build/ir/Mathlib/RingTheory/Ideal/Quotient/Operations.c.o.export
Mathlib.RingTheory.Ideal.Quotient.PowTransition	.lake/packages/mathlib/.lake/build/ir/Mathlib/RingTheory/Ideal/Quotient/PowTransition.c.o.export
Mathlib.RingTheory.Ideal.Span	.lake/packages/mathlib/.lake/build/ir/Mathlib/RingTheory/Ideal/Span.c.o.export
Mathlib.RingTheory.Int.Basic	.lake/packages/mathlib/.lake/build/ir/Mathlib/RingTheory/Int/Basic.c.o.export
Mathlib.RingTheory.IntegralClosure.Algebra.Basic	.lake/packages/mathlib/.lake/build/ir/Mathlib/RingTheory/IntegralClosure/Algebra/Basic.c.o.export
Mathlib.RingTheory.IntegralClosure.Algebra.Defs	.lake/packages/mathlib/.lake/build/ir/Mathlib/RingTheory/IntegralClosure/Algebra/Defs.c.o.export
Mathlib.RingTheory.IntegralClosure.IntegrallyClosed	.lake/packages/mathlib/.lake/build/ir/Mathlib/RingTheory/IntegralClosure/IntegrallyClosed.c.o.export
Mathlib.RingTheory.IntegralClosure.IsIntegral.Basic	.lake/packages/mathlib/.lake/build/ir/Mathlib/RingTheory/IntegralClosure/IsIntegral/Basic.c.o.export
Mathlib.RingTheory.IntegralClosure.IsIntegral.Defs	.lake/packages/mathlib/.lake/build/ir/Mathlib/RingTheory/IntegralClosure/IsIntegral/Defs.c.o.export
Mathlib.RingTheory.IntegralClosure.IsIntegralClosure.Basic	.lake/packages/mathlib/.lake/build/ir/Mathlib/RingTheory/IntegralClosure/IsIntegralClosure/Basic.c.o.export
Mathlib.RingTheory.IntegralClosure.IsIntegralClosure.Defs	.lake/packages/mathlib/.lake/build/ir/Mathlib/RingTheory/IntegralClosure/IsIntegralClosure/Defs.c.o.export
Mathlib.RingTheory.IntegralDomain	.lake/packages/mathlib/.lake/build/ir/Mathlib/RingTheory/IntegralDomain.c.o.export
Mathlib.RingTheory.IsPrimary	.lake/packages/mathlib/.lake/build/ir/Mathlib/RingTheory/IsPrimary.c.o.export
Mathlib.RingTheory.IsTensorProduct	.lake/packages/mathlib/.lake/build/ir/Mathlib/RingTheory/IsTensorProduct.c.o.export
Mathlib.RingTheory.Jacobson.Ideal	.lake/packages/mathlib/.lake/build/ir/Mathlib/RingTheory/Jacobson/Ideal.c.o.export
Mathlib.RingTheory.Jacobson.Polynomial	.lake/packages/mathlib/.lake/build/ir/Mathlib/RingTheory/Jacobson/Polynomial.c.o.export
Mathlib.RingTheory.Jacobson.Radical	.lake/packages/mathlib/.lake/build/ir/Mathlib/RingTheory/Jacobson/Radical.c.o.export
Mathlib.RingTheory.Jacobson.Ring	.lake/packages/mathlib/.lake/build/ir/Mathlib/RingTheory/Jacobson/Ring.c.o.export
Mathlib.RingTheory.Jacobson.Semiprimary	.lake/packages/mathlib/.lake/build/ir/Mathlib/RingTheory/Jacobson/Semiprimary.c.o.export
Mathlib.RingTheory.KrullDimension.Basic	.lake/packages/mathlib/.lake/build/ir/Mathlib/RingTheory/KrullDimension/Basic.c.o.export
Mathlib.RingTheory.KrullDimension.Zero	.lake/packages/mathlib/.lake/build/ir/Mathlib/RingTheory/KrullDimension/Zero.c.o.export
Mathlib.RingTheory.Length	.lake/packages/mathlib/.lake/build/ir/Mathlib/RingTheory/Length.c.o.export
Mathlib.RingTheory.LocalProperties.Basic	.lake/packages/mathlib/.lake/build/ir/Mathlib/RingTheory/LocalProperties/Basic.c.o.export
Mathlib.RingTheory.LocalProperties.IntegrallyClosed	.lake/packages/mathlib/.lake/build/ir/Mathlib/RingTheory/LocalProperties/IntegrallyClosed.c.o.export
Mathlib.RingTheory.LocalProperties.Submodule	.lake/packages/mathlib/.lake/build/ir/Mathlib/RingTheory/LocalProperties/Submodule.c.o.export
Mathlib.RingTheory.LocalRing.Basic	.lake/packages/mathlib/.lake/build/ir/Mathlib/RingTheory/LocalRing/Basic.c.o.export
Mathlib.RingTheory.LocalRing.Defs	.lake/packages/mathlib/.lake/build/ir/Mathlib/RingTheory/LocalRing/Defs.c.o.export
Mathlib.RingTheory.LocalRing.MaximalIdeal.Basic	.lake/packages/mathlib/.lake/build/ir/Mathlib/RingTheory/LocalRing/MaximalIdeal/Basic.c.o.export
Mathlib.RingTheory.LocalRing.MaximalIdeal.Defs	.lake/packages/mathlib/.lake/build/ir/Mathlib/RingTheory/LocalRing/MaximalIdeal/Defs.c.o.export
Mathlib.RingTheory.LocalRing.ResidueField.Basic	.lake/packages/mathlib/.lake/build/ir/Mathlib/RingTheory/LocalRing/ResidueField/Basic.c.o.export
Mathlib.RingTheory.LocalRing.ResidueField.Defs	.lake/packages/mathlib/.lake/build/ir/Mathlib/RingTheory/LocalRing/ResidueField/Defs.c.o.export
Mathlib.RingTheory.LocalRing.ResidueField.Ideal	.lake/packages/mathlib/.lake/build/ir/Mathlib/RingTheory/LocalRing/ResidueField/Ideal.c.o.export
Mathlib.RingTheory.LocalRing.RingHom.Basic	.lake/packages/mathlib/.lake/build/ir/Mathlib/RingTheory/LocalRing/RingHom/Basic.c.o.export
Mathlib.RingTheory.Localization.Algebra	.lake/packages/mathlib/.lake/build/ir/Mathlib/RingTheory/Localization/Algebra.c.o.export
Mathlib.RingTheory.Localization.AsSubring	.lake/packages/mathlib/.lake/build/ir/Mathlib/RingTheory/Localization/AsSubring.c.o.export
Mathlib.RingTheory.Localization.AtPrime.Basic	.lake/packages/mathlib/.lake/build/ir/Mathlib/RingTheory/Localization/AtPrime/Basic.c.o.export
Mathlib.RingTheory.Localization.Away.Basic	.lake/packages/mathlib/.lake/build/ir/Mathlib/RingTheory/Localization/Away/Basic.c.o.export
Mathlib.RingTheory.Localization.BaseChange	.lake/packages/mathlib/.lake/build/ir/Mathlib/RingTheory/Localization/BaseChange.c.o.export
Mathlib.RingTheory.Localization.Basic	.lake/packages/mathlib/.lake/build/ir/Mathlib/RingTheory/Localization/Basic.c.o.export
Mathlib.RingTheory.Localization.Defs	.lake/packages/mathlib/.lake/build/ir/Mathlib/RingTheory/Localization/Defs.c.o.export
Mathlib.RingTheory.Localization.FractionRing	.lake/packages/mathlib/.lake/build/ir/Mathlib/RingTheory/Localization/FractionRing.c.o.export
Mathlib.RingTheory.Localization.Ideal	.lake/packages/mathlib/.lake/build/ir/Mathlib/RingTheory/Localization/Ideal.c.o.export
Mathlib.RingTheory.Localization.Integer	.lake/packages/mathlib/.lake/build/ir/Mathlib/RingTheory/Localization/Integer.c.o.export
Mathlib.RingTheory.Localization.Integral	.lake/packages/mathlib/.lake/build/ir/Mathlib/RingTheory/Localization/Integral.c.o.export
Mathlib.RingTheory.Localization.LocalizationLocalization	.lake/packages/mathlib/.lake/build/ir/Mathlib/RingTheory/Localization/LocalizationLocalization.c.o.export
Mathlib.RingTheory.Localization.Module	.lake/packages/mathlib/.lake/build/ir/Mathlib/RingTheory/Localization/Module.c.o.export
Mathlib.RingTheory.Localization.NumDen	.lake/packages/mathlib/.lake/build/ir/Mathlib/RingTheory/Localization/NumDen.c.o.export
Mathlib.RingTheory.Localization.Submodule	.lake/packages/mathlib/.lake/build/ir/Mathlib/RingTheory/Localization/Submodule.c.o.export
Mathlib.RingTheory.MatrixAlgebra	.lake/packages/mathlib/.lake/build/ir/Mathlib/RingTheory/MatrixAlgebra.c.o.export
Mathlib.RingTheory.MatrixPolynomialAlgebra	.lake/packages/mathlib/.lake/build/ir/Mathlib/RingTheory/MatrixPolynomialAlgebra.c.o.export
Mathlib.RingTheory.Multiplicity	.lake/packages/mathlib/.lake/build/ir/Mathlib/RingTheory/Multiplicity.c.o.export
Mathlib.RingTheory.MvPolynomial.Basic	.lake/packages/mathlib/.lake/build/ir/Mathlib/RingTheory/MvPolynomial/Basic.c.o.export
Mathlib.RingTheory.MvPolynomial.Symmetric.Defs	.lake/packages/mathlib/.lake/build/ir/Mathlib/RingTheory/MvPolynomial/Symmetric/Defs.c.o.export
Mathlib.RingTheory.MvPolynomial.Tower	.lake/packages/mathlib/.lake/build/ir/Mathlib/RingTheory/MvPolynomial/Tower.c.o.export
Mathlib.RingTheory.MvPowerSeries.Basic	.lake/packages/mathlib/.lake/build/ir/Mathlib/RingTheory/MvPowerSeries/Basic.c.o.export
Mathlib.RingTheory.Nakayama	.lake/packages/mathlib/.lake/build/ir/Mathlib/RingTheory/Nakayama.c.o.export
Mathlib.RingTheory.Nilpotent.Basic	.lake/packages/mathlib/.lake/build/ir/Mathlib/RingTheory/Nilpotent/Basic.c.o.export
Mathlib.RingTheory.Nilpotent.Defs	.lake/packages/mathlib/.lake/build/ir/Mathlib/RingTheory/Nilpotent/Defs.c.o.export
Mathlib.RingTheory.Nilpotent.Lemmas	.lake/packages/mathlib/.lake/build/ir/Mathlib/RingTheory/Nilpotent/Lemmas.c.o.export
Mathlib.RingTheory.Noetherian.Basic	.lake/packages/mathlib/.lake/build/ir/Mathlib/RingTheory/Noetherian/Basic.c.o.export
Mathlib.RingTheory.Noetherian.Defs	.lake/packages/mathlib/.lake/build/ir/Mathlib/RingTheory/Noetherian/Defs.c.o.export
Mathlib.RingTheory.Noetherian.Orzech	.lake/packages/mathlib/.lake/build/ir/Mathlib/RingTheory/Noetherian/Orzech.c.o.export
Mathlib.RingTheory.Noetherian.UniqueFactorizationDomain	.lake/packages/mathlib/.lake/build/ir/Mathlib/RingTheory/Noetherian/UniqueFactorizationDomain.c.o.export
Mathlib.RingTheory.NonUnitalSubring.Basic	.lake/packages/mathlib/.lake/build/ir/Mathlib/RingTheory/NonUnitalSubring/Basic.c.o.export
Mathlib.RingTheory.NonUnitalSubring.Defs	.lake/packages/mathlib/.lake/build/ir/Mathlib/RingTheory/NonUnitalSubring/Defs.c.o.export
Mathlib.RingTheory.NonUnitalSubsemiring.Basic	.lake/packages/mathlib/.lake/build/ir/Mathlib/RingTheory/NonUnitalSubsemiring/Basic.c.o.export
Mathlib.RingTheory.NonUnitalSubsemiring.Defs	.lake/packages/mathlib/.lake/build/ir/Mathlib/RingTheory/NonUnitalSubsemiring/Defs.c.o.export
Mathlib.RingTheory.Norm.Basic	.lake/packages/mathlib/.lake/build/ir/Mathlib/RingTheory/Norm/Basic.c.o.export
Mathlib.RingTheory.Norm.Defs	.lake/packages/mathlib/.lake/build/ir/Mathlib/RingTheory/Norm/Defs.c.o.export
Mathlib.RingTheory.Norm.Transitivity	.lake/packages/mathlib/.lake/build/ir/Mathlib/RingTheory/Norm/Transitivity.c.o.export
Mathlib.RingTheory.OreLocalization.Basic	.lake/packages/mathlib/.lake/build/ir/Mathlib/RingTheory/OreLocalization/Basic.c.o.export
Mathlib.RingTheory.OreLocalization.NonZeroDivisors	.lake/packages/mathlib/.lake/build/ir/Mathlib/RingTheory/OreLocalization/NonZeroDivisors.c.o.export
Mathlib.RingTheory.OreLocalization.OreSet	.lake/packages/mathlib/.lake/build/ir/Mathlib/RingTheory/OreLocalization/OreSet.c.o.export
Mathlib.RingTheory.OreLocalization.Ring	.lake/packages/mathlib/.lake/build/ir/Mathlib/RingTheory/OreLocalization/Ring.c.o.export
Mathlib.RingTheory.OrzechProperty	.lake/packages/mathlib/.lake/build/ir/Mathlib/RingTheory/OrzechProperty.c.o.export
Mathlib.RingTheory.Polynomial.Basic	.lake/packages/mathlib/.lake/build/ir/Mathlib/RingTheory/Polynomial/Basic.c.o.export
Mathlib.RingTheory.Polynomial.Content	.lake/packages/mathlib/.lake/build/ir/Mathlib/RingTheory/Polynomial/Content.c.o.export
Mathlib.RingTheory.Polynomial.Cyclotomic.Basic	.lake/packages/mathlib/.lake/build/ir/Mathlib/RingTheory/Polynomial/Cyclotomic/Basic.c.o.export
Mathlib.RingTheory.Polynomial.Cyclotomic.Eval	.lake/packages/mathlib/.lake/build/ir/Mathlib/RingTheory/Polynomial/Cyclotomic/Eval.c.o.export
Mathlib.RingTheory.Polynomial.Cyclotomic.Expand	.lake/packages/mathlib/.lake/build/ir/Mathlib/RingTheory/Polynomial/Cyclotomic/Expand.c.o.export
Mathlib.RingTheory.Polynomial.Cyclotomic.Roots	.lake/packages/mathlib/.lake/build/ir/Mathlib/RingTheory/Polynomial/Cyclotomic/Roots.c.o.export
Mathlib.RingTheory.Polynomial.Eisenstein.Basic	.lake/packages/mathlib/.lake/build/ir/Mathlib/RingTheory/Polynomial/Eisenstein/Basic.c.o.export
Mathlib.RingTheory.Polynomial.Eisenstein.Criterion	.lake/packages/mathlib/.lake/build/ir/Mathlib/RingTheory/Polynomial/Eisenstein/Criterion.c.o.export
Mathlib.RingTheory.Polynomial.GaussLemma	.lake/packages/mathlib/.lake/build/ir/Mathlib/RingTheory/Polynomial/GaussLemma.c.o.export
Mathlib.RingTheory.Polynomial.Ideal	.lake/packages/mathlib/.lake/build/ir/Mathlib/RingTheory/Polynomial/Ideal.c.o.export
Mathlib.RingTheory.Polynomial.IntegralNormalization	.lake/packages/mathlib/.lake/build/ir/Mathlib/RingTheory/Polynomial/IntegralNormalization.c.o.export
Mathlib.RingTheory.Polynomial.Nilpotent	.lake/packages/mathlib/.lake/build/ir/Mathlib/RingTheory/Polynomial/Nilpotent.c.o.export
Mathlib.RingTheory.Polynomial.Pochhammer	.lake/packages/mathlib/.lake/build/ir/Mathlib/RingTheory/Polynomial/Pochhammer.c.o.export
Mathlib.RingTheory.Polynomial.Quotient	.lake/packages/mathlib/.lake/build/ir/Mathlib/RingTheory/Polynomial/Quotient.c.o.export
Mathlib.RingTheory.Polynomial.RationalRoot	.lake/packages/mathlib/.lake/build/ir/Mathlib/RingTheory/Polynomial/RationalRoot.c.o.export
Mathlib.RingTheory.Polynomial.ScaleRoots	.lake/packages/mathlib/.lake/build/ir/Mathlib/RingTheory/Polynomial/ScaleRoots.c.o.export
Mathlib.RingTheory.Polynomial.SeparableDegree	.lake/packages/mathlib/.lake/build/ir/Mathlib/RingTheory/Polynomial/SeparableDegree.c.o.export
Mathlib.RingTheory.Polynomial.Subring	.lake/packages/mathlib/.lake/build/ir/Mathlib/RingTheory/Polynomial/Subring.c.o.export
Mathlib.RingTheory.Polynomial.Tower	.lake/packages/mathlib/.lake/build/ir/Mathlib/RingTheory/Polynomial/Tower.c.o.export
Mathlib.RingTheory.Polynomial.UniqueFactorization	.lake/packages/mathlib/.lake/build/ir/Mathlib/RingTheory/Polynomial/UniqueFactorization.c.o.export
Mathlib.RingTheory.Polynomial.Vieta	.lake/packages/mathlib/.lake/build/ir/Mathlib/RingTheory/Polynomial/Vieta.c.o.export
Mathlib.RingTheory.PolynomialAlgebra	.lake/packages/mathlib/.lake/build/ir/Mathlib/RingTheory/PolynomialAlgebra.c.o.export
Mathlib.RingTheory.PowerBasis	.lake/packages/mathlib/.lake/build/ir/Mathlib/RingTheory/PowerBasis.c.o.export
Mathlib.RingTheory.PrincipalIdealDomain	.lake/packages/mathlib/.lake/build/ir/Mathlib/RingTheory/PrincipalIdealDomain.c.o.export
Mathlib.RingTheory.ReesAlgebra	.lake/packages/mathlib/.lake/build/ir/Mathlib/RingTheory/ReesAlgebra.c.o.export
Mathlib.RingTheory.RingHomProperties	.lake/packages/mathlib/.lake/build/ir/Mathlib/RingTheory/RingHomProperties.c.o.export
Mathlib.RingTheory.RootsOfUnity.Basic	.lake/packages/mathlib/.lake/build/ir/Mathlib/RingTheory/RootsOfUnity/Basic.c.o.export
Mathlib.RingTheory.RootsOfUnity.Complex	.lake/packages/mathlib/.lake/build/ir/Mathlib/RingTheory/RootsOfUnity/Complex.c.o.export
Mathlib.RingTheory.RootsOfUnity.Minpoly	.lake/packages/mathlib/.lake/build/ir/Mathlib/RingTheory/RootsOfUnity/Minpoly.c.o.export
Mathlib.RingTheory.RootsOfUnity.PrimitiveRoots	.lake/packages/mathlib/.lake/build/ir/Mathlib/RingTheory/RootsOfUnity/PrimitiveRoots.c.o.export
Mathlib.RingTheory.SimpleModule.Basic	.lake/packages/mathlib/.lake/build/ir/Mathlib/RingTheory/SimpleModule/Basic.c.o.export
Mathlib.RingTheory.SimpleRing.Basic	.lake/packages/mathlib/.lake/build/ir/Mathlib/RingTheory/SimpleRing/Basic.c.o.export
Mathlib.RingTheory.SimpleRing.Defs	.lake/packages/mathlib/.lake/build/ir/Mathlib/RingTheory/SimpleRing/Defs.c.o.export
Mathlib.RingTheory.Spectrum.Maximal.Basic	.lake/packages/mathlib/.lake/build/ir/Mathlib/RingTheory/Spectrum/Maximal/Basic.c.o.export
Mathlib.RingTheory.Spectrum.Maximal.Defs	.lake/packages/mathlib/.lake/build/ir/Mathlib/RingTheory/Spectrum/Maximal/Defs.c.o.export
Mathlib.RingTheory.Spectrum.Maximal.Localization	.lake/packages/mathlib/.lake/build/ir/Mathlib/RingTheory/Spectrum/Maximal/Localization.c.o.export
Mathlib.RingTheory.Spectrum.Prime.Basic	.lake/packages/mathlib/.lake/build/ir/Mathlib/RingTheory/Spectrum/Prime/Basic.c.o.export
Mathlib.RingTheory.Spectrum.Prime.Defs	.lake/packages/mathlib/.lake/build/ir/Mathlib/RingTheory/Spectrum/Prime/Defs.c.o.export
Mathlib.RingTheory.Spectrum.Prime.RingHom	.lake/packages/mathlib/.lake/build/ir/Mathlib/RingTheory/Spectrum/Prime/RingHom.c.o.export
Mathlib.RingTheory.Spectrum.Prime.Topology	.lake/packages/mathlib/.lake/build/ir/Mathlib/RingTheory/Spectrum/Prime/Topology.c.o.export
Mathlib.RingTheory.SurjectiveOnStalks	.lake/packages/mathlib/.lake/build/ir/Mathlib/RingTheory/SurjectiveOnStalks.c.o.export
Mathlib.RingTheory.TensorProduct.Basic	.lake/packages/mathlib/.lake/build/ir/Mathlib/RingTheory/TensorProduct/Basic.c.o.export
Mathlib.RingTheory.TensorProduct.Finite	.lake/packages/mathlib/.lake/build/ir/Mathlib/RingTheory/TensorProduct/Finite.c.o.export
Mathlib.RingTheory.TensorProduct.Free	.lake/packages/mathlib/.lake/build/ir/Mathlib/RingTheory/TensorProduct/Free.c.o.export
Mathlib.RingTheory.TensorProduct.Maps	.lake/packages/mathlib/.lake/build/ir/Mathlib/RingTheory/TensorProduct/Maps.c.o.export
Mathlib.RingTheory.TensorProduct.MvPolynomial	.lake/packages/mathlib/.lake/build/ir/Mathlib/RingTheory/TensorProduct/MvPolynomial.c.o.export
Mathlib.RingTheory.TensorProduct.Quotient	.lake/packages/mathlib/.lake/build/ir/Mathlib/RingTheory/TensorProduct/Quotient.c.o.export
Mathlib.RingTheory.Trace.Basic	.lake/packages/mathlib/.lake/build/ir/Mathlib/RingTheory/Trace/Basic.c.o.export
Mathlib.RingTheory.Trace.Defs	.lake/packages/mathlib/.lake/build/ir/Mathlib/RingTheory/Trace/Defs.c.o.export
Mathlib.RingTheory.TwoSidedIdeal.Basic	.lake/packages/mathlib/.lake/build/ir/Mathlib/RingTheory/TwoSidedIdeal/Basic.c.o.export
Mathlib.RingTheory.TwoSidedIdeal.Kernel	.lake/packages/mathlib/.lake/build/ir/Mathlib/RingTheory/TwoSidedIdeal/Kernel.c.o.export
Mathlib.RingTheory.TwoSidedIdeal.Lattice	.lake/packages/mathlib/.lake/build/ir/Mathlib/RingTheory/TwoSidedIdeal/Lattice.c.o.export
Mathlib.RingTheory.TwoSidedIdeal.Operations	.lake/packages/mathlib/.lake/build/ir/Mathlib/RingTheory/TwoSidedIdeal/Operations.c.o.export
Mathlib.RingTheory.UniqueFactorizationDomain.Basic	.lake/packages/mathlib/.lake/build/ir/Mathlib/RingTheory/UniqueFactorizationDomain/Basic.c.o.export
Mathlib.RingTheory.UniqueFactorizationDomain.Defs	.lake/packages/mathlib/.lake/build/ir/Mathlib/RingTheory/UniqueFactorizationDomain/Defs.c.o.export
Mathlib.RingTheory.UniqueFactorizationDomain.FactorSet	.lake/packages/mathlib/.lake/build/ir/Mathlib/RingTheory/UniqueFactorizationDomain/FactorSet.c.o.export
Mathlib.RingTheory.UniqueFactorizationDomain.Finite	.lake/packages/mathlib/.lake/build/ir/Mathlib/RingTheory/UniqueFactorizationDomain/Finite.c.o.export
Mathlib.RingTheory.UniqueFactorizationDomain.GCDMonoid	.lake/packages/mathlib/.lake/build/ir/Mathlib/RingTheory/UniqueFactorizationDomain/GCDMonoid.c.o.export
Mathlib.RingTheory.UniqueFactorizationDomain.Ideal	.lake/packages/mathlib/.lake/build/ir/Mathlib/RingTheory/UniqueFactorizationDomain/Ideal.c.o.export
Mathlib.RingTheory.UniqueFactorizationDomain.Multiplicity	.lake/packages/mathlib/.lake/build/ir/Mathlib/RingTheory/UniqueFactorizationDomain/Multiplicity.c.o.export
Mathlib.RingTheory.UniqueFactorizationDomain.Nat	.lake/packages/mathlib/.lake/build/ir/Mathlib/RingTheory/UniqueFactorizationDomain/Nat.c.o.export
Mathlib.RingTheory.UniqueFactorizationDomain.NormalizedFactors	.lake/packages/mathlib/.lake/build/ir/Mathlib/RingTheory/UniqueFactorizationDomain/NormalizedFactors.c.o.export
Mathlib.RingTheory.Valuation.Basic	.lake/packages/mathlib/.lake/build/ir/Mathlib/RingTheory/Valuation/Basic.c.o.export
Mathlib.RingTheory.Valuation.ExtendToLocalization	.lake/packages/mathlib/.lake/build/ir/Mathlib/RingTheory/Valuation/ExtendToLocalization.c.o.export
Mathlib.RingTheory.Valuation.Integers	.lake/packages/mathlib/.lake/build/ir/Mathlib/RingTheory/Valuation/Integers.c.o.export
Mathlib.RingTheory.Valuation.IsTrivialOn	.lake/packages/mathlib/.lake/build/ir/Mathlib/RingTheory/Valuation/IsTrivialOn.c.o.export
Mathlib.RingTheory.Valuation.PrimeMultiplicity	.lake/packages/mathlib/.lake/build/ir/Mathlib/RingTheory/Valuation/PrimeMultiplicity.c.o.export
Mathlib.RingTheory.Valuation.ValuationRing	.lake/packages/mathlib/.lake/build/ir/Mathlib/RingTheory/Valuation/ValuationRing.c.o.export
Mathlib.RingTheory.Valuation.ValuationSubring	.lake/packages/mathlib/.lake/build/ir/Mathlib/RingTheory/Valuation/ValuationSubring.c.o.export
Mathlib.RingTheory.Valuation.ValuativeRel.Basic	.lake/packages/mathlib/.lake/build/ir/Mathlib/RingTheory/Valuation/ValuativeRel/Basic.c.o.export
Mathlib.SetTheory.Cardinal.Aleph	.lake/packages/mathlib/.lake/build/ir/Mathlib/SetTheory/Cardinal/Aleph.c.o.export
Mathlib.SetTheory.Cardinal.Arithmetic	.lake/packages/mathlib/.lake/build/ir/Mathlib/SetTheory/Cardinal/Arithmetic.c.o.export
Mathlib.SetTheory.Cardinal.Basic	.lake/packages/mathlib/.lake/build/ir/Mathlib/SetTheory/Cardinal/Basic.c.o.export
Mathlib.SetTheory.Cardinal.Cofinality.Basic	.lake/packages/mathlib/.lake/build/ir/Mathlib/SetTheory/Cardinal/Cofinality/Basic.c.o.export
Mathlib.SetTheory.Cardinal.Cofinality.Enum	.lake/packages/mathlib/.lake/build/ir/Mathlib/SetTheory/Cardinal/Cofinality/Enum.c.o.export
Mathlib.SetTheory.Cardinal.Cofinality.Ordinal	.lake/packages/mathlib/.lake/build/ir/Mathlib/SetTheory/Cardinal/Cofinality/Ordinal.c.o.export
Mathlib.SetTheory.Cardinal.Defs	.lake/packages/mathlib/.lake/build/ir/Mathlib/SetTheory/Cardinal/Defs.c.o.export
Mathlib.SetTheory.Cardinal.ENat	.lake/packages/mathlib/.lake/build/ir/Mathlib/SetTheory/Cardinal/ENat.c.o.export
Mathlib.SetTheory.Cardinal.Finite	.lake/packages/mathlib/.lake/build/ir/Mathlib/SetTheory/Cardinal/Finite.c.o.export
Mathlib.SetTheory.Cardinal.Finsupp	.lake/packages/mathlib/.lake/build/ir/Mathlib/SetTheory/Cardinal/Finsupp.c.o.export
Mathlib.SetTheory.Cardinal.Order	.lake/packages/mathlib/.lake/build/ir/Mathlib/SetTheory/Cardinal/Order.c.o.export
Mathlib.SetTheory.Cardinal.Ordinal	.lake/packages/mathlib/.lake/build/ir/Mathlib/SetTheory/Cardinal/Ordinal.c.o.export
Mathlib.SetTheory.Cardinal.Pigeonhole	.lake/packages/mathlib/.lake/build/ir/Mathlib/SetTheory/Cardinal/Pigeonhole.c.o.export
Mathlib.SetTheory.Cardinal.Regular	.lake/packages/mathlib/.lake/build/ir/Mathlib/SetTheory/Cardinal/Regular.c.o.export
Mathlib.SetTheory.Cardinal.SchroederBernstein	.lake/packages/mathlib/.lake/build/ir/Mathlib/SetTheory/Cardinal/SchroederBernstein.c.o.export
Mathlib.SetTheory.Cardinal.Subfield	.lake/packages/mathlib/.lake/build/ir/Mathlib/SetTheory/Cardinal/Subfield.c.o.export
Mathlib.SetTheory.Cardinal.ToNat	.lake/packages/mathlib/.lake/build/ir/Mathlib/SetTheory/Cardinal/ToNat.c.o.export
Mathlib.SetTheory.Ordinal.Arithmetic	.lake/packages/mathlib/.lake/build/ir/Mathlib/SetTheory/Ordinal/Arithmetic.c.o.export
Mathlib.SetTheory.Ordinal.Basic	.lake/packages/mathlib/.lake/build/ir/Mathlib/SetTheory/Ordinal/Basic.c.o.export
Mathlib.SetTheory.Ordinal.Enum	.lake/packages/mathlib/.lake/build/ir/Mathlib/SetTheory/Ordinal/Enum.c.o.export
Mathlib.SetTheory.Ordinal.Exponential	.lake/packages/mathlib/.lake/build/ir/Mathlib/SetTheory/Ordinal/Exponential.c.o.export
Mathlib.SetTheory.Ordinal.Family	.lake/packages/mathlib/.lake/build/ir/Mathlib/SetTheory/Ordinal/Family.c.o.export
Mathlib.SetTheory.Ordinal.FixedPoint	.lake/packages/mathlib/.lake/build/ir/Mathlib/SetTheory/Ordinal/FixedPoint.c.o.export
Mathlib.SetTheory.Ordinal.FundamentalSequence	.lake/packages/mathlib/.lake/build/ir/Mathlib/SetTheory/Ordinal/FundamentalSequence.c.o.export
Mathlib.SetTheory.Ordinal.Principal	.lake/packages/mathlib/.lake/build/ir/Mathlib/SetTheory/Ordinal/Principal.c.o.export
Mathlib.SetTheory.Ordinal.Univ	.lake/packages/mathlib/.lake/build/ir/Mathlib/SetTheory/Ordinal/Univ.c.o.export
Mathlib.Tactic	.lake/packages/mathlib/.lake/build/ir/Mathlib/Tactic.c.o.export
Mathlib.Tactic.Abel	.lake/packages/mathlib/.lake/build/ir/Mathlib/Tactic/Abel.c.o.export
Mathlib.Tactic.AdaptationNote	.lake/packages/mathlib/.lake/build/ir/Mathlib/Tactic/AdaptationNote.c.o.export
Mathlib.Tactic.Algebra.Basic	.lake/packages/mathlib/.lake/build/ir/Mathlib/Tactic/Algebra/Basic.c.o.export
Mathlib.Tactic.Algebra.Lemmas	.lake/packages/mathlib/.lake/build/ir/Mathlib/Tactic/Algebra/Lemmas.c.o.export
Mathlib.Tactic.Algebraize	.lake/packages/mathlib/.lake/build/ir/Mathlib/Tactic/Algebraize.c.o.export
Mathlib.Tactic.ApplyAt	.lake/packages/mathlib/.lake/build/ir/Mathlib/Tactic/ApplyAt.c.o.export
Mathlib.Tactic.ApplyCongr	.lake/packages/mathlib/.lake/build/ir/Mathlib/Tactic/ApplyCongr.c.o.export
Mathlib.Tactic.ApplyFun	.lake/packages/mathlib/.lake/build/ir/Mathlib/Tactic/ApplyFun.c.o.export
Mathlib.Tactic.ApplyWith	.lake/packages/mathlib/.lake/build/ir/Mathlib/Tactic/ApplyWith.c.o.export
Mathlib.Tactic.ArithMult	.lake/packages/mathlib/.lake/build/ir/Mathlib/Tactic/ArithMult.c.o.export
Mathlib.Tactic.ArithMult.Init	.lake/packages/mathlib/.lake/build/ir/Mathlib/Tactic/ArithMult/Init.c.o.export
Mathlib.Tactic.Attr.Core	.lake/packages/mathlib/.lake/build/ir/Mathlib/Tactic/Attr/Core.c.o.export
Mathlib.Tactic.Attr.Register	.lake/packages/mathlib/.lake/build/ir/Mathlib/Tactic/Attr/Register.c.o.export
Mathlib.Tactic.Basic	.lake/packages/mathlib/.lake/build/ir/Mathlib/Tactic/Basic.c.o.export
Mathlib.Tactic.Bound	.lake/packages/mathlib/.lake/build/ir/Mathlib/Tactic/Bound.c.o.export
Mathlib.Tactic.Bound.Attribute	.lake/packages/mathlib/.lake/build/ir/Mathlib/Tactic/Bound/Attribute.c.o.export
Mathlib.Tactic.Bound.Init	.lake/packages/mathlib/.lake/build/ir/Mathlib/Tactic/Bound/Init.c.o.export
Mathlib.Tactic.ByCases	.lake/packages/mathlib/.lake/build/ir/Mathlib/Tactic/ByCases.c.o.export
Mathlib.Tactic.ByContra	.lake/packages/mathlib/.lake/build/ir/Mathlib/Tactic/ByContra.c.o.export
Mathlib.Tactic.CancelDenoms	.lake/packages/mathlib/.lake/build/ir/Mathlib/Tactic/CancelDenoms.c.o.export
Mathlib.Tactic.CancelDenoms.Core	.lake/packages/mathlib/.lake/build/ir/Mathlib/Tactic/CancelDenoms/Core.c.o.export
Mathlib.Tactic.Cases	.lake/packages/mathlib/.lake/build/ir/Mathlib/Tactic/Cases.c.o.export
Mathlib.Tactic.CasesM	.lake/packages/mathlib/.lake/build/ir/Mathlib/Tactic/CasesM.c.o.export
Mathlib.Tactic.CategoryTheory.BicategoricalComp	.lake/packages/mathlib/.lake/build/ir/Mathlib/Tactic/CategoryTheory/BicategoricalComp.c.o.export
Mathlib.Tactic.CategoryTheory.Bicategory.Basic	.lake/packages/mathlib/.lake/build/ir/Mathlib/Tactic/CategoryTheory/Bicategory/Basic.c.o.export
Mathlib.Tactic.CategoryTheory.Bicategory.Datatypes	.lake/packages/mathlib/.lake/build/ir/Mathlib/Tactic/CategoryTheory/Bicategory/Datatypes.c.o.export
Mathlib.Tactic.CategoryTheory.Bicategory.Normalize	.lake/packages/mathlib/.lake/build/ir/Mathlib/Tactic/CategoryTheory/Bicategory/Normalize.c.o.export
Mathlib.Tactic.CategoryTheory.Bicategory.PureCoherence	.lake/packages/mathlib/.lake/build/ir/Mathlib/Tactic/CategoryTheory/Bicategory/PureCoherence.c.o.export
Mathlib.Tactic.CategoryTheory.BicategoryCoherence	.lake/packages/mathlib/.lake/build/ir/Mathlib/Tactic/CategoryTheory/BicategoryCoherence.c.o.export
Mathlib.Tactic.CategoryTheory.CancelIso	.lake/packages/mathlib/.lake/build/ir/Mathlib/Tactic/CategoryTheory/CancelIso.c.o.export
Mathlib.Tactic.CategoryTheory.CategoryStar	.lake/packages/mathlib/.lake/build/ir/Mathlib/Tactic/CategoryTheory/CategoryStar.c.o.export
Mathlib.Tactic.CategoryTheory.CheckCompositions	.lake/packages/mathlib/.lake/build/ir/Mathlib/Tactic/CategoryTheory/CheckCompositions.c.o.export
Mathlib.Tactic.CategoryTheory.Coherence	.lake/packages/mathlib/.lake/build/ir/Mathlib/Tactic/CategoryTheory/Coherence.c.o.export
Mathlib.Tactic.CategoryTheory.Coherence.Basic	.lake/packages/mathlib/.lake/build/ir/Mathlib/Tactic/CategoryTheory/Coherence/Basic.c.o.export
Mathlib.Tactic.CategoryTheory.Coherence.Datatypes	.lake/packages/mathlib/.lake/build/ir/Mathlib/Tactic/CategoryTheory/Coherence/Datatypes.c.o.export
Mathlib.Tactic.CategoryTheory.Coherence.Normalize	.lake/packages/mathlib/.lake/build/ir/Mathlib/Tactic/CategoryTheory/Coherence/Normalize.c.o.export
Mathlib.Tactic.CategoryTheory.Coherence.PureCoherence	.lake/packages/mathlib/.lake/build/ir/Mathlib/Tactic/CategoryTheory/Coherence/PureCoherence.c.o.export
Mathlib.Tactic.CategoryTheory.Elementwise	.lake/packages/mathlib/.lake/build/ir/Mathlib/Tactic/CategoryTheory/Elementwise.c.o.export
Mathlib.Tactic.CategoryTheory.IsoReassoc	.lake/packages/mathlib/.lake/build/ir/Mathlib/Tactic/CategoryTheory/IsoReassoc.c.o.export
Mathlib.Tactic.CategoryTheory.Monoidal.Basic	.lake/packages/mathlib/.lake/build/ir/Mathlib/Tactic/CategoryTheory/Monoidal/Basic.c.o.export
Mathlib.Tactic.CategoryTheory.Monoidal.Datatypes	.lake/packages/mathlib/.lake/build/ir/Mathlib/Tactic/CategoryTheory/Monoidal/Datatypes.c.o.export
Mathlib.Tactic.CategoryTheory.Monoidal.Normalize	.lake/packages/mathlib/.lake/build/ir/Mathlib/Tactic/CategoryTheory/Monoidal/Normalize.c.o.export
Mathlib.Tactic.CategoryTheory.Monoidal.PureCoherence	.lake/packages/mathlib/.lake/build/ir/Mathlib/Tactic/CategoryTheory/Monoidal/PureCoherence.c.o.export
Mathlib.Tactic.CategoryTheory.MonoidalComp	.lake/packages/mathlib/.lake/build/ir/Mathlib/Tactic/CategoryTheory/MonoidalComp.c.o.export
Mathlib.Tactic.CategoryTheory.Reassoc	.lake/packages/mathlib/.lake/build/ir/Mathlib/Tactic/CategoryTheory/Reassoc.c.o.export
Mathlib.Tactic.CategoryTheory.Slice	.lake/packages/mathlib/.lake/build/ir/Mathlib/Tactic/CategoryTheory/Slice.c.o.export
Mathlib.Tactic.CategoryTheory.ToApp	.lake/packages/mathlib/.lake/build/ir/Mathlib/Tactic/CategoryTheory/ToApp.c.o.export
Mathlib.Tactic.Change	.lake/packages/mathlib/.lake/build/ir/Mathlib/Tactic/Change.c.o.export
Mathlib.Tactic.Check	.lake/packages/mathlib/.lake/build/ir/Mathlib/Tactic/Check.c.o.export
Mathlib.Tactic.Choose	.lake/packages/mathlib/.lake/build/ir/Mathlib/Tactic/Choose.c.o.export
Mathlib.Tactic.Clean	.lake/packages/mathlib/.lake/build/ir/Mathlib/Tactic/Clean.c.o.export
Mathlib.Tactic.ClearExcept	.lake/packages/mathlib/.lake/build/ir/Mathlib/Tactic/ClearExcept.c.o.export
Mathlib.Tactic.ClearExclamation	.lake/packages/mathlib/.lake/build/ir/Mathlib/Tactic/ClearExclamation.c.o.export
Mathlib.Tactic.Clear_	.lake/packages/mathlib/.lake/build/ir/Mathlib/Tactic/Clear_.c.o.export
Mathlib.Tactic.Coe	.lake/packages/mathlib/.lake/build/ir/Mathlib/Tactic/Coe.c.o.export
Mathlib.Tactic.Common	.lake/packages/mathlib/.lake/build/ir/Mathlib/Tactic/Common.c.o.export
Mathlib.Tactic.ComputeAsymptotics.Lemmas	.lake/packages/mathlib/.lake/build/ir/Mathlib/Tactic/ComputeAsymptotics/Lemmas.c.o.export
Mathlib.Tactic.ComputeAsymptotics.Multiseries.Basis	.lake/packages/mathlib/.lake/build/ir/Mathlib/Tactic/ComputeAsymptotics/Multiseries/Basis.c.o.export
Mathlib.Tactic.ComputeAsymptotics.Multiseries.Corecursion	.lake/packages/mathlib/.lake/build/ir/Mathlib/Tactic/ComputeAsymptotics/Multiseries/Corecursion.c.o.export
Mathlib.Tactic.ComputeAsymptotics.Multiseries.Defs	.lake/packages/mathlib/.lake/build/ir/Mathlib/Tactic/ComputeAsymptotics/Multiseries/Defs.c.o.export
Mathlib.Tactic.ComputeAsymptotics.Multiseries.Majorized	.lake/packages/mathlib/.lake/build/ir/Mathlib/Tactic/ComputeAsymptotics/Multiseries/Majorized.c.o.export
Mathlib.Tactic.ComputeAsymptotics.Multiseries.Monomial.Basic	.lake/packages/mathlib/.lake/build/ir/Mathlib/Tactic/ComputeAsymptotics/Multiseries/Monomial/Basic.c.o.export
Mathlib.Tactic.ComputeAsymptotics.Multiseries.Monomial.Predicates	.lake/packages/mathlib/.lake/build/ir/Mathlib/Tactic/ComputeAsymptotics/Multiseries/Monomial/Predicates.c.o.export
Mathlib.Tactic.ComputeDegree	.lake/packages/mathlib/.lake/build/ir/Mathlib/Tactic/ComputeDegree.c.o.export
Mathlib.Tactic.CongrExclamation	.lake/packages/mathlib/.lake/build/ir/Mathlib/Tactic/CongrExclamation.c.o.export
Mathlib.Tactic.CongrM	.lake/packages/mathlib/.lake/build/ir/Mathlib/Tactic/CongrM.c.o.export
Mathlib.Tactic.Constructor	.lake/packages/mathlib/.lake/build/ir/Mathlib/Tactic/Constructor.c.o.export
Mathlib.Tactic.Continuity	.lake/packages/mathlib/.lake/build/ir/Mathlib/Tactic/Continuity.c.o.export
Mathlib.Tactic.Continuity.Init	.lake/packages/mathlib/.lake/build/ir/Mathlib/Tactic/Continuity/Init.c.o.export
Mathlib.Tactic.ContinuousFunctionalCalculus	.lake/packages/mathlib/.lake/build/ir/Mathlib/Tactic/ContinuousFunctionalCalculus.c.o.export
Mathlib.Tactic.Contrapose	.lake/packages/mathlib/.lake/build/ir/Mathlib/Tactic/Contrapose.c.o.export
Mathlib.Tactic.Conv	.lake/packages/mathlib/.lake/build/ir/Mathlib/Tactic/Conv.c.o.export
Mathlib.Tactic.Convert	.lake/packages/mathlib/.lake/build/ir/Mathlib/Tactic/Convert.c.o.export
Mathlib.Tactic.Core	.lake/packages/mathlib/.lake/build/ir/Mathlib/Tactic/Core.c.o.export
Mathlib.Tactic.CrossRefAttribute	.lake/packages/mathlib/.lake/build/ir/Mathlib/Tactic/CrossRefAttribute.c.o.export
Mathlib.Tactic.DSimpPercent	.lake/packages/mathlib/.lake/build/ir/Mathlib/Tactic/DSimpPercent.c.o.export
Mathlib.Tactic.DeclarationNames	.lake/packages/mathlib/.lake/build/ir/Mathlib/Tactic/DeclarationNames.c.o.export
Mathlib.Tactic.DefEqAbuse	.lake/packages/mathlib/.lake/build/ir/Mathlib/Tactic/DefEqAbuse.c.o.export
Mathlib.Tactic.DefEqTransformations	.lake/packages/mathlib/.lake/build/ir/Mathlib/Tactic/DefEqTransformations.c.o.export
Mathlib.Tactic.DepRewrite	.lake/packages/mathlib/.lake/build/ir/Mathlib/Tactic/DepRewrite.c.o.export
Mathlib.Tactic.DeprecateTo	.lake/packages/mathlib/.lake/build/ir/Mathlib/Tactic/DeprecateTo.c.o.export
Mathlib.Tactic.DeriveCountable	.lake/packages/mathlib/.lake/build/ir/Mathlib/Tactic/DeriveCountable.c.o.export
Mathlib.Tactic.DeriveEncodable	.lake/packages/mathlib/.lake/build/ir/Mathlib/Tactic/DeriveEncodable.c.o.export
Mathlib.Tactic.DeriveFintype	.lake/packages/mathlib/.lake/build/ir/Mathlib/Tactic/DeriveFintype.c.o.export
Mathlib.Tactic.DeriveTraversable	.lake/packages/mathlib/.lake/build/ir/Mathlib/Tactic/DeriveTraversable.c.o.export
Mathlib.Tactic.ENatToNat	.lake/packages/mathlib/.lake/build/ir/Mathlib/Tactic/ENatToNat.c.o.export
Mathlib.Tactic.Eqns	.lake/packages/mathlib/.lake/build/ir/Mathlib/Tactic/Eqns.c.o.export
Mathlib.Tactic.ErwQuestion	.lake/packages/mathlib/.lake/build/ir/Mathlib/Tactic/ErwQuestion.c.o.export
Mathlib.Tactic.Eval	.lake/packages/mathlib/.lake/build/ir/Mathlib/Tactic/Eval.c.o.export
Mathlib.Tactic.ExistsI	.lake/packages/mathlib/.lake/build/ir/Mathlib/Tactic/ExistsI.c.o.export
Mathlib.Tactic.Explode	.lake/packages/mathlib/.lake/build/ir/Mathlib/Tactic/Explode.c.o.export
Mathlib.Tactic.Explode.Datatypes	.lake/packages/mathlib/.lake/build/ir/Mathlib/Tactic/Explode/Datatypes.c.o.export
Mathlib.Tactic.Explode.Pretty	.lake/packages/mathlib/.lake/build/ir/Mathlib/Tactic/Explode/Pretty.c.o.export
Mathlib.Tactic.Ext	.lake/packages/mathlib/.lake/build/ir/Mathlib/Tactic/Ext.c.o.export
Mathlib.Tactic.ExtendDoc	.lake/packages/mathlib/.lake/build/ir/Mathlib/Tactic/ExtendDoc.c.o.export
Mathlib.Tactic.ExtractGoal	.lake/packages/mathlib/.lake/build/ir/Mathlib/Tactic/ExtractGoal.c.o.export
Mathlib.Tactic.FBinop	.lake/packages/mathlib/.lake/build/ir/Mathlib/Tactic/FBinop.c.o.export
Mathlib.Tactic.FailIfNoProgress	.lake/packages/mathlib/.lake/build/ir/Mathlib/Tactic/FailIfNoProgress.c.o.export
Mathlib.Tactic.FastInstance	.lake/packages/mathlib/.lake/build/ir/Mathlib/Tactic/FastInstance.c.o.export
Mathlib.Tactic.Field	.lake/packages/mathlib/.lake/build/ir/Mathlib/Tactic/Field.c.o.export
Mathlib.Tactic.FieldSimp	.lake/packages/mathlib/.lake/build/ir/Mathlib/Tactic/FieldSimp.c.o.export
Mathlib.Tactic.FieldSimp.Attr	.lake/packages/mathlib/.lake/build/ir/Mathlib/Tactic/FieldSimp/Attr.c.o.export
Mathlib.Tactic.FieldSimp.Discharger	.lake/packages/mathlib/.lake/build/ir/Mathlib/Tactic/FieldSimp/Discharger.c.o.export
Mathlib.Tactic.FieldSimp.Lemmas	.lake/packages/mathlib/.lake/build/ir/Mathlib/Tactic/FieldSimp/Lemmas.c.o.export
Mathlib.Tactic.FinCases	.lake/packages/mathlib/.lake/build/ir/Mathlib/Tactic/FinCases.c.o.export
Mathlib.Tactic.Find	.lake/packages/mathlib/.lake/build/ir/Mathlib/Tactic/Find.c.o.export
Mathlib.Tactic.FindSyntax	.lake/packages/mathlib/.lake/build/ir/Mathlib/Tactic/FindSyntax.c.o.export
Mathlib.Tactic.Finiteness	.lake/packages/mathlib/.lake/build/ir/Mathlib/Tactic/Finiteness.c.o.export
Mathlib.Tactic.Finiteness.Attr	.lake/packages/mathlib/.lake/build/ir/Mathlib/Tactic/Finiteness/Attr.c.o.export
Mathlib.Tactic.FunProp	.lake/packages/mathlib/.lake/build/ir/Mathlib/Tactic/FunProp.c.o.export
Mathlib.Tactic.FunProp.Attr	.lake/packages/mathlib/.lake/build/ir/Mathlib/Tactic/FunProp/Attr.c.o.export
Mathlib.Tactic.FunProp.Core	.lake/packages/mathlib/.lake/build/ir/Mathlib/Tactic/FunProp/Core.c.o.export
Mathlib.Tactic.FunProp.Decl	.lake/packages/mathlib/.lake/build/ir/Mathlib/Tactic/FunProp/Decl.c.o.export
Mathlib.Tactic.FunProp.Elab	.lake/packages/mathlib/.lake/build/ir/Mathlib/Tactic/FunProp/Elab.c.o.export
Mathlib.Tactic.FunProp.FunctionData	.lake/packages/mathlib/.lake/build/ir/Mathlib/Tactic/FunProp/FunctionData.c.o.export
Mathlib.Tactic.FunProp.Mor	.lake/packages/mathlib/.lake/build/ir/Mathlib/Tactic/FunProp/Mor.c.o.export
Mathlib.Tactic.FunProp.Theorems	.lake/packages/mathlib/.lake/build/ir/Mathlib/Tactic/FunProp/Theorems.c.o.export
Mathlib.Tactic.FunProp.ToBatteries	.lake/packages/mathlib/.lake/build/ir/Mathlib/Tactic/FunProp/ToBatteries.c.o.export
Mathlib.Tactic.FunProp.Types	.lake/packages/mathlib/.lake/build/ir/Mathlib/Tactic/FunProp/Types.c.o.export
Mathlib.Tactic.GCongr	.lake/packages/mathlib/.lake/build/ir/Mathlib/Tactic/GCongr.c.o.export
Mathlib.Tactic.GCongr.Core	.lake/packages/mathlib/.lake/build/ir/Mathlib/Tactic/GCongr/Core.c.o.export
Mathlib.Tactic.GCongr.CoreAttrs	.lake/packages/mathlib/.lake/build/ir/Mathlib/Tactic/GCongr/CoreAttrs.c.o.export
Mathlib.Tactic.GCongr.ForwardAttr	.lake/packages/mathlib/.lake/build/ir/Mathlib/Tactic/GCongr/ForwardAttr.c.o.export
Mathlib.Tactic.GRewrite	.lake/packages/mathlib/.lake/build/ir/Mathlib/Tactic/GRewrite.c.o.export
Mathlib.Tactic.GRewrite.Core	.lake/packages/mathlib/.lake/build/ir/Mathlib/Tactic/GRewrite/Core.c.o.export
Mathlib.Tactic.GRewrite.Elab	.lake/packages/mathlib/.lake/build/ir/Mathlib/Tactic/GRewrite/Elab.c.o.export
Mathlib.Tactic.Generalize	.lake/packages/mathlib/.lake/build/ir/Mathlib/Tactic/Generalize.c.o.export
Mathlib.Tactic.GeneralizeProofs	.lake/packages/mathlib/.lake/build/ir/Mathlib/Tactic/GeneralizeProofs.c.o.export
Mathlib.Tactic.Group	.lake/packages/mathlib/.lake/build/ir/Mathlib/Tactic/Group.c.o.export
Mathlib.Tactic.GuardGoalNums	.lake/packages/mathlib/.lake/build/ir/Mathlib/Tactic/GuardGoalNums.c.o.export
Mathlib.Tactic.GuardHypNums	.lake/packages/mathlib/.lake/build/ir/Mathlib/Tactic/GuardHypNums.c.o.export
Mathlib.Tactic.Have	.lake/packages/mathlib/.lake/build/ir/Mathlib/Tactic/Have.c.o.export
Mathlib.Tactic.HaveI	.lake/packages/mathlib/.lake/build/ir/Mathlib/Tactic/HaveI.c.o.export
Mathlib.Tactic.HigherOrder	.lake/packages/mathlib/.lake/build/ir/Mathlib/Tactic/HigherOrder.c.o.export
Mathlib.Tactic.Hint	.lake/packages/mathlib/.lake/build/ir/Mathlib/Tactic/Hint.c.o.export
Mathlib.Tactic.ITauto	.lake/packages/mathlib/.lake/build/ir/Mathlib/Tactic/ITauto.c.o.export
Mathlib.Tactic.InferParam	.lake/packages/mathlib/.lake/build/ir/Mathlib/Tactic/InferParam.c.o.export
Mathlib.Tactic.Inhabit	.lake/packages/mathlib/.lake/build/ir/Mathlib/Tactic/Inhabit.c.o.export
Mathlib.Tactic.IntervalCases	.lake/packages/mathlib/.lake/build/ir/Mathlib/Tactic/IntervalCases.c.o.export
Mathlib.Tactic.IrreducibleDef	.lake/packages/mathlib/.lake/build/ir/Mathlib/Tactic/IrreducibleDef.c.o.export
Mathlib.Tactic.Lemma	.lake/packages/mathlib/.lake/build/ir/Mathlib/Tactic/Lemma.c.o.export
Mathlib.Tactic.Lift	.lake/packages/mathlib/.lake/build/ir/Mathlib/Tactic/Lift.c.o.export
Mathlib.Tactic.Linarith	.lake/packages/mathlib/.lake/build/ir/Mathlib/Tactic/Linarith.c.o.export
Mathlib.Tactic.Linarith.Datatypes	.lake/packages/mathlib/.lake/build/ir/Mathlib/Tactic/Linarith/Datatypes.c.o.export
Mathlib.Tactic.Linarith.Frontend	.lake/packages/mathlib/.lake/build/ir/Mathlib/Tactic/Linarith/Frontend.c.o.export
Mathlib.Tactic.Linarith.Lemmas	.lake/packages/mathlib/.lake/build/ir/Mathlib/Tactic/Linarith/Lemmas.c.o.export
Mathlib.Tactic.Linarith.NNRealPreprocessor	.lake/packages/mathlib/.lake/build/ir/Mathlib/Tactic/Linarith/NNRealPreprocessor.c.o.export
Mathlib.Tactic.Linarith.Oracle.FourierMotzkin	.lake/packages/mathlib/.lake/build/ir/Mathlib/Tactic/Linarith/Oracle/FourierMotzkin.c.o.export
Mathlib.Tactic.Linarith.Oracle.SimplexAlgorithm	.lake/packages/mathlib/.lake/build/ir/Mathlib/Tactic/Linarith/Oracle/SimplexAlgorithm.c.o.export
Mathlib.Tactic.Linarith.Oracle.SimplexAlgorithm.Datatypes	.lake/packages/mathlib/.lake/build/ir/Mathlib/Tactic/Linarith/Oracle/SimplexAlgorithm/Datatypes.c.o.export
Mathlib.Tactic.Linarith.Oracle.SimplexAlgorithm.Gauss	.lake/packages/mathlib/.lake/build/ir/Mathlib/Tactic/Linarith/Oracle/SimplexAlgorithm/Gauss.c.o.export
Mathlib.Tactic.Linarith.Oracle.SimplexAlgorithm.PositiveVector	.lake/packages/mathlib/.lake/build/ir/Mathlib/Tactic/Linarith/Oracle/SimplexAlgorithm/PositiveVector.c.o.export
Mathlib.Tactic.Linarith.Oracle.SimplexAlgorithm.SimplexAlgorithm	.lake/packages/mathlib/.lake/build/ir/Mathlib/Tactic/Linarith/Oracle/SimplexAlgorithm/SimplexAlgorithm.c.o.export
Mathlib.Tactic.Linarith.Parsing	.lake/packages/mathlib/.lake/build/ir/Mathlib/Tactic/Linarith/Parsing.c.o.export
Mathlib.Tactic.Linarith.Preprocessing	.lake/packages/mathlib/.lake/build/ir/Mathlib/Tactic/Linarith/Preprocessing.c.o.export
Mathlib.Tactic.Linarith.Verification	.lake/packages/mathlib/.lake/build/ir/Mathlib/Tactic/Linarith/Verification.c.o.export
Mathlib.Tactic.LinearCombination	.lake/packages/mathlib/.lake/build/ir/Mathlib/Tactic/LinearCombination.c.o.export
Mathlib.Tactic.LinearCombination.Lemmas	.lake/packages/mathlib/.lake/build/ir/Mathlib/Tactic/LinearCombination/Lemmas.c.o.export
Mathlib.Tactic.LinearCombinationPrime	.lake/packages/mathlib/.lake/build/ir/Mathlib/Tactic/LinearCombinationPrime.c.o.export
Mathlib.Tactic.Linter	.lake/packages/mathlib/.lake/build/ir/Mathlib/Tactic/Linter.c.o.export
Mathlib.Tactic.Linter.CommandRanges	.lake/packages/mathlib/.lake/build/ir/Mathlib/Tactic/Linter/CommandRanges.c.o.export
Mathlib.Tactic.Linter.CommandStart	.lake/packages/mathlib/.lake/build/ir/Mathlib/Tactic/Linter/CommandStart.c.o.export
Mathlib.Tactic.Linter.DeprecatedModule	.lake/packages/mathlib/.lake/build/ir/Mathlib/Tactic/Linter/DeprecatedModule.c.o.export
Mathlib.Tactic.Linter.DeprecatedSyntaxLinter	.lake/packages/mathlib/.lake/build/ir/Mathlib/Tactic/Linter/DeprecatedSyntaxLinter.c.o.export
Mathlib.Tactic.Linter.DirectoryDependency	.lake/packages/mathlib/.lake/build/ir/Mathlib/Tactic/Linter/DirectoryDependency.c.o.export
Mathlib.Tactic.Linter.DocPrime	.lake/packages/mathlib/.lake/build/ir/Mathlib/Tactic/Linter/DocPrime.c.o.export
Mathlib.Tactic.Linter.DocString	.lake/packages/mathlib/.lake/build/ir/Mathlib/Tactic/Linter/DocString.c.o.export
Mathlib.Tactic.Linter.EmptyLine	.lake/packages/mathlib/.lake/build/ir/Mathlib/Tactic/Linter/EmptyLine.c.o.export
Mathlib.Tactic.Linter.FindDeprecations	.lake/packages/mathlib/.lake/build/ir/Mathlib/Tactic/Linter/FindDeprecations.c.o.export
Mathlib.Tactic.Linter.FlexibleLinter	.lake/packages/mathlib/.lake/build/ir/Mathlib/Tactic/Linter/FlexibleLinter.c.o.export
Mathlib.Tactic.Linter.GlobalAttributeIn	.lake/packages/mathlib/.lake/build/ir/Mathlib/Tactic/Linter/GlobalAttributeIn.c.o.export
Mathlib.Tactic.Linter.HashCommandLinter	.lake/packages/mathlib/.lake/build/ir/Mathlib/Tactic/Linter/HashCommandLinter.c.o.export
Mathlib.Tactic.Linter.HaveLetLinter	.lake/packages/mathlib/.lake/build/ir/Mathlib/Tactic/Linter/HaveLetLinter.c.o.export
Mathlib.Tactic.Linter.Header	.lake/packages/mathlib/.lake/build/ir/Mathlib/Tactic/Linter/Header.c.o.export
Mathlib.Tactic.Linter.Lint	.lake/packages/mathlib/.lake/build/ir/Mathlib/Tactic/Linter/Lint.c.o.export
Mathlib.Tactic.Linter.MinImports	.lake/packages/mathlib/.lake/build/ir/Mathlib/Tactic/Linter/MinImports.c.o.export
Mathlib.Tactic.Linter.Multigoal	.lake/packages/mathlib/.lake/build/ir/Mathlib/Tactic/Linter/Multigoal.c.o.export
Mathlib.Tactic.Linter.OldObtain	.lake/packages/mathlib/.lake/build/ir/Mathlib/Tactic/Linter/OldObtain.c.o.export
Mathlib.Tactic.Linter.OverlappingInstances	.lake/packages/mathlib/.lake/build/ir/Mathlib/Tactic/Linter/OverlappingInstances.c.o.export
Mathlib.Tactic.Linter.PPRoundtrip	.lake/packages/mathlib/.lake/build/ir/Mathlib/Tactic/Linter/PPRoundtrip.c.o.export
Mathlib.Tactic.Linter.PrivateModule	.lake/packages/mathlib/.lake/build/ir/Mathlib/Tactic/Linter/PrivateModule.c.o.export
Mathlib.Tactic.Linter.Style	.lake/packages/mathlib/.lake/build/ir/Mathlib/Tactic/Linter/Style.c.o.export
Mathlib.Tactic.Linter.TacticDocumentation	.lake/packages/mathlib/.lake/build/ir/Mathlib/Tactic/Linter/TacticDocumentation.c.o.export
Mathlib.Tactic.Linter.TextBased	.lake/packages/mathlib/.lake/build/ir/Mathlib/Tactic/Linter/TextBased.c.o.export
Mathlib.Tactic.Linter.TextBased.UnicodeLinter	.lake/packages/mathlib/.lake/build/ir/Mathlib/Tactic/Linter/TextBased/UnicodeLinter.c.o.export
Mathlib.Tactic.Linter.UnusedInstancesInType	.lake/packages/mathlib/.lake/build/ir/Mathlib/Tactic/Linter/UnusedInstancesInType.c.o.export
Mathlib.Tactic.Linter.UnusedTactic	.lake/packages/mathlib/.lake/build/ir/Mathlib/Tactic/Linter/UnusedTactic.c.o.export
Mathlib.Tactic.Linter.UnusedTacticExtension	.lake/packages/mathlib/.lake/build/ir/Mathlib/Tactic/Linter/UnusedTacticExtension.c.o.export
Mathlib.Tactic.Linter.UpstreamableDecl	.lake/packages/mathlib/.lake/build/ir/Mathlib/Tactic/Linter/UpstreamableDecl.c.o.export
Mathlib.Tactic.Linter.ValidatePRTitle	.lake/packages/mathlib/.lake/build/ir/Mathlib/Tactic/Linter/ValidatePRTitle.c.o.export
Mathlib.Tactic.Linter.Whitespace	.lake/packages/mathlib/.lake/build/ir/Mathlib/Tactic/Linter/Whitespace.c.o.export
Mathlib.Tactic.Measurability	.lake/packages/mathlib/.lake/build/ir/Mathlib/Tactic/Measurability.c.o.export
Mathlib.Tactic.Measurability.Init	.lake/packages/mathlib/.lake/build/ir/Mathlib/Tactic/Measurability/Init.c.o.export
Mathlib.Tactic.MinImports	.lake/packages/mathlib/.lake/build/ir/Mathlib/Tactic/MinImports.c.o.export
Mathlib.Tactic.MkIffOfInductiveProp	.lake/packages/mathlib/.lake/build/ir/Mathlib/Tactic/MkIffOfInductiveProp.c.o.export
Mathlib.Tactic.ModCases	.lake/packages/mathlib/.lake/build/ir/Mathlib/Tactic/ModCases.c.o.export
Mathlib.Tactic.Module	.lake/packages/mathlib/.lake/build/ir/Mathlib/Tactic/Module.c.o.export
Mathlib.Tactic.Monotonicity	.lake/packages/mathlib/.lake/build/ir/Mathlib/Tactic/Monotonicity.c.o.export
Mathlib.Tactic.Monotonicity.Attr	.lake/packages/mathlib/.lake/build/ir/Mathlib/Tactic/Monotonicity/Attr.c.o.export
Mathlib.Tactic.Monotonicity.Basic	.lake/packages/mathlib/.lake/build/ir/Mathlib/Tactic/Monotonicity/Basic.c.o.export
Mathlib.Tactic.Monotonicity.Lemmas	.lake/packages/mathlib/.lake/build/ir/Mathlib/Tactic/Monotonicity/Lemmas.c.o.export
Mathlib.Tactic.MoveAdd	.lake/packages/mathlib/.lake/build/ir/Mathlib/Tactic/MoveAdd.c.o.export
Mathlib.Tactic.NoncommRing	.lake/packages/mathlib/.lake/build/ir/Mathlib/Tactic/NoncommRing.c.o.export
Mathlib.Tactic.Nontriviality	.lake/packages/mathlib/.lake/build/ir/Mathlib/Tactic/Nontriviality.c.o.export
Mathlib.Tactic.Nontriviality.Core	.lake/packages/mathlib/.lake/build/ir/Mathlib/Tactic/Nontriviality/Core.c.o.export
Mathlib.Tactic.NormNum	.lake/packages/mathlib/.lake/build/ir/Mathlib/Tactic/NormNum.c.o.export
Mathlib.Tactic.NormNum.Abs	.lake/packages/mathlib/.lake/build/ir/Mathlib/Tactic/NormNum/Abs.c.o.export
Mathlib.Tactic.NormNum.Basic	.lake/packages/mathlib/.lake/build/ir/Mathlib/Tactic/NormNum/Basic.c.o.export
Mathlib.Tactic.NormNum.BigOperators	.lake/packages/mathlib/.lake/build/ir/Mathlib/Tactic/NormNum/BigOperators.c.o.export
Mathlib.Tactic.NormNum.Core	.lake/packages/mathlib/.lake/build/ir/Mathlib/Tactic/NormNum/Core.c.o.export
Mathlib.Tactic.NormNum.DivMod	.lake/packages/mathlib/.lake/build/ir/Mathlib/Tactic/NormNum/DivMod.c.o.export
Mathlib.Tactic.NormNum.Eq	.lake/packages/mathlib/.lake/build/ir/Mathlib/Tactic/NormNum/Eq.c.o.export
Mathlib.Tactic.NormNum.GCD	.lake/packages/mathlib/.lake/build/ir/Mathlib/Tactic/NormNum/GCD.c.o.export
Mathlib.Tactic.NormNum.Ineq	.lake/packages/mathlib/.lake/build/ir/Mathlib/Tactic/NormNum/Ineq.c.o.export
Mathlib.Tactic.NormNum.Inv	.lake/packages/mathlib/.lake/build/ir/Mathlib/Tactic/NormNum/Inv.c.o.export
Mathlib.Tactic.NormNum.Irrational	.lake/packages/mathlib/.lake/build/ir/Mathlib/Tactic/NormNum/Irrational.c.o.export
Mathlib.Tactic.NormNum.IsCoprime	.lake/packages/mathlib/.lake/build/ir/Mathlib/Tactic/NormNum/IsCoprime.c.o.export
Mathlib.Tactic.NormNum.IsSquare	.lake/packages/mathlib/.lake/build/ir/Mathlib/Tactic/NormNum/IsSquare.c.o.export
Mathlib.Tactic.NormNum.LegendreSymbol	.lake/packages/mathlib/.lake/build/ir/Mathlib/Tactic/NormNum/LegendreSymbol.c.o.export
Mathlib.Tactic.NormNum.ModEq	.lake/packages/mathlib/.lake/build/ir/Mathlib/Tactic/NormNum/ModEq.c.o.export
Mathlib.Tactic.NormNum.NatFactorial	.lake/packages/mathlib/.lake/build/ir/Mathlib/Tactic/NormNum/NatFactorial.c.o.export
Mathlib.Tactic.NormNum.NatFib	.lake/packages/mathlib/.lake/build/ir/Mathlib/Tactic/NormNum/NatFib.c.o.export
Mathlib.Tactic.NormNum.NatLog	.lake/packages/mathlib/.lake/build/ir/Mathlib/Tactic/NormNum/NatLog.c.o.export
Mathlib.Tactic.NormNum.NatSqrt	.lake/packages/mathlib/.lake/build/ir/Mathlib/Tactic/NormNum/NatSqrt.c.o.export
Mathlib.Tactic.NormNum.OfScientific	.lake/packages/mathlib/.lake/build/ir/Mathlib/Tactic/NormNum/OfScientific.c.o.export
Mathlib.Tactic.NormNum.Ordinal	.lake/packages/mathlib/.lake/build/ir/Mathlib/Tactic/NormNum/Ordinal.c.o.export
Mathlib.Tactic.NormNum.Parity	.lake/packages/mathlib/.lake/build/ir/Mathlib/Tactic/NormNum/Parity.c.o.export
Mathlib.Tactic.NormNum.Pow	.lake/packages/mathlib/.lake/build/ir/Mathlib/Tactic/NormNum/Pow.c.o.export
Mathlib.Tactic.NormNum.PowMod	.lake/packages/mathlib/.lake/build/ir/Mathlib/Tactic/NormNum/PowMod.c.o.export
Mathlib.Tactic.NormNum.Prime	.lake/packages/mathlib/.lake/build/ir/Mathlib/Tactic/NormNum/Prime.c.o.export
Mathlib.Tactic.NormNum.RealSqrt	.lake/packages/mathlib/.lake/build/ir/Mathlib/Tactic/NormNum/RealSqrt.c.o.export
Mathlib.Tactic.NormNum.Result	.lake/packages/mathlib/.lake/build/ir/Mathlib/Tactic/NormNum/Result.c.o.export
Mathlib.Tactic.NthRewrite	.lake/packages/mathlib/.lake/build/ir/Mathlib/Tactic/NthRewrite.c.o.export
Mathlib.Tactic.Observe	.lake/packages/mathlib/.lake/build/ir/Mathlib/Tactic/Observe.c.o.export
Mathlib.Tactic.OfNat	.lake/packages/mathlib/.lake/build/ir/Mathlib/Tactic/OfNat.c.o.export
Mathlib.Tactic.Order	.lake/packages/mathlib/.lake/build/ir/Mathlib/Tactic/Order.c.o.export
Mathlib.Tactic.Order.CollectFacts	.lake/packages/mathlib/.lake/build/ir/Mathlib/Tactic/Order/CollectFacts.c.o.export
Mathlib.Tactic.Order.Graph.Basic	.lake/packages/mathlib/.lake/build/ir/Mathlib/Tactic/Order/Graph/Basic.c.o.export
Mathlib.Tactic.Order.Graph.Tarjan	.lake/packages/mathlib/.lake/build/ir/Mathlib/Tactic/Order/Graph/Tarjan.c.o.export
Mathlib.Tactic.Order.Preprocessing	.lake/packages/mathlib/.lake/build/ir/Mathlib/Tactic/Order/Preprocessing.c.o.export
Mathlib.Tactic.Order.ToInt	.lake/packages/mathlib/.lake/build/ir/Mathlib/Tactic/Order/ToInt.c.o.export
Mathlib.Tactic.PNatToNat	.lake/packages/mathlib/.lake/build/ir/Mathlib/Tactic/PNatToNat.c.o.export
Mathlib.Tactic.PPWithUniv	.lake/packages/mathlib/.lake/build/ir/Mathlib/Tactic/PPWithUniv.c.o.export
Mathlib.Tactic.Peel	.lake/packages/mathlib/.lake/build/ir/Mathlib/Tactic/Peel.c.o.export
Mathlib.Tactic.Polyrith	.lake/packages/mathlib/.lake/build/ir/Mathlib/Tactic/Polyrith.c.o.export
Mathlib.Tactic.Positivity	.lake/packages/mathlib/.lake/build/ir/Mathlib/Tactic/Positivity.c.o.export
Mathlib.Tactic.Positivity.Basic	.lake/packages/mathlib/.lake/build/ir/Mathlib/Tactic/Positivity/Basic.c.o.export
Mathlib.Tactic.Positivity.Core	.lake/packages/mathlib/.lake/build/ir/Mathlib/Tactic/Positivity/Core.c.o.export
Mathlib.Tactic.Positivity.Finset	.lake/packages/mathlib/.lake/build/ir/Mathlib/Tactic/Positivity/Finset.c.o.export
Mathlib.Tactic.ProdAssoc	.lake/packages/mathlib/.lake/build/ir/Mathlib/Tactic/ProdAssoc.c.o.export
Mathlib.Tactic.Propose	.lake/packages/mathlib/.lake/build/ir/Mathlib/Tactic/Propose.c.o.export
Mathlib.Tactic.ProxyType	.lake/packages/mathlib/.lake/build/ir/Mathlib/Tactic/ProxyType.c.o.export
Mathlib.Tactic.Push	.lake/packages/mathlib/.lake/build/ir/Mathlib/Tactic/Push.c.o.export
Mathlib.Tactic.Push.Attr	.lake/packages/mathlib/.lake/build/ir/Mathlib/Tactic/Push/Attr.c.o.export
Mathlib.Tactic.Qify	.lake/packages/mathlib/.lake/build/ir/Mathlib/Tactic/Qify.c.o.export
Mathlib.Tactic.RSuffices	.lake/packages/mathlib/.lake/build/ir/Mathlib/Tactic/RSuffices.c.o.export
Mathlib.Tactic.Recall	.lake/packages/mathlib/.lake/build/ir/Mathlib/Tactic/Recall.c.o.export
Mathlib.Tactic.Recover	.lake/packages/mathlib/.lake/build/ir/Mathlib/Tactic/Recover.c.o.export
Mathlib.Tactic.ReduceModChar	.lake/packages/mathlib/.lake/build/ir/Mathlib/Tactic/ReduceModChar.c.o.export
Mathlib.Tactic.ReduceModChar.Ext	.lake/packages/mathlib/.lake/build/ir/Mathlib/Tactic/ReduceModChar/Ext.c.o.export
Mathlib.Tactic.Relation.Rfl	.lake/packages/mathlib/.lake/build/ir/Mathlib/Tactic/Relation/Rfl.c.o.export
Mathlib.Tactic.Relation.Symm	.lake/packages/mathlib/.lake/build/ir/Mathlib/Tactic/Relation/Symm.c.o.export
Mathlib.Tactic.Rename	.lake/packages/mathlib/.lake/build/ir/Mathlib/Tactic/Rename.c.o.export
Mathlib.Tactic.RenameBVar	.lake/packages/mathlib/.lake/build/ir/Mathlib/Tactic/RenameBVar.c.o.export
Mathlib.Tactic.Replace	.lake/packages/mathlib/.lake/build/ir/Mathlib/Tactic/Replace.c.o.export
Mathlib.Tactic.RewriteSearch	.lake/packages/mathlib/.lake/build/ir/Mathlib/Tactic/RewriteSearch.c.o.export
Mathlib.Tactic.Rify	.lake/packages/mathlib/.lake/build/ir/Mathlib/Tactic/Rify.c.o.export
Mathlib.Tactic.Ring	.lake/packages/mathlib/.lake/build/ir/Mathlib/Tactic/Ring.c.o.export
Mathlib.Tactic.Ring.Basic	.lake/packages/mathlib/.lake/build/ir/Mathlib/Tactic/Ring/Basic.c.o.export
Mathlib.Tactic.Ring.Common	.lake/packages/mathlib/.lake/build/ir/Mathlib/Tactic/Ring/Common.c.o.export
Mathlib.Tactic.Ring.Compare	.lake/packages/mathlib/.lake/build/ir/Mathlib/Tactic/Ring/Compare.c.o.export
Mathlib.Tactic.Ring.NamePolyVars	.lake/packages/mathlib/.lake/build/ir/Mathlib/Tactic/Ring/NamePolyVars.c.o.export
Mathlib.Tactic.Ring.NamePowerVars	.lake/packages/mathlib/.lake/build/ir/Mathlib/Tactic/Ring/NamePowerVars.c.o.export
Mathlib.Tactic.Ring.PNat	.lake/packages/mathlib/.lake/build/ir/Mathlib/Tactic/Ring/PNat.c.o.export
Mathlib.Tactic.Ring.RingNF	.lake/packages/mathlib/.lake/build/ir/Mathlib/Tactic/Ring/RingNF.c.o.export
Mathlib.Tactic.Sat.FromLRAT	.lake/packages/mathlib/.lake/build/ir/Mathlib/Tactic/Sat/FromLRAT.c.o.export
Mathlib.Tactic.Says	.lake/packages/mathlib/.lake/build/ir/Mathlib/Tactic/Says.c.o.export
Mathlib.Tactic.ScopedNS	.lake/packages/mathlib/.lake/build/ir/Mathlib/Tactic/ScopedNS.c.o.export
Mathlib.Tactic.Set	.lake/packages/mathlib/.lake/build/ir/Mathlib/Tactic/Set.c.o.export
Mathlib.Tactic.SetLike	.lake/packages/mathlib/.lake/build/ir/Mathlib/Tactic/SetLike.c.o.export
Mathlib.Tactic.SetNotationForOrder	.lake/packages/mathlib/.lake/build/ir/Mathlib/Tactic/SetNotationForOrder.c.o.export
Mathlib.Tactic.SimpIntro	.lake/packages/mathlib/.lake/build/ir/Mathlib/Tactic/SimpIntro.c.o.export
Mathlib.Tactic.SimpRw	.lake/packages/mathlib/.lake/build/ir/Mathlib/Tactic/SimpRw.c.o.export
Mathlib.Tactic.Simproc.Divisors	.lake/packages/mathlib/.lake/build/ir/Mathlib/Tactic/Simproc/Divisors.c.o.export
Mathlib.Tactic.Simproc.ExistsAndEq	.lake/packages/mathlib/.lake/build/ir/Mathlib/Tactic/Simproc/ExistsAndEq.c.o.export
Mathlib.Tactic.Simproc.Factors	.lake/packages/mathlib/.lake/build/ir/Mathlib/Tactic/Simproc/Factors.c.o.export
Mathlib.Tactic.Simproc.FinsetInterval	.lake/packages/mathlib/.lake/build/ir/Mathlib/Tactic/Simproc/FinsetInterval.c.o.export
Mathlib.Tactic.Simproc.VecPerm	.lake/packages/mathlib/.lake/build/ir/Mathlib/Tactic/Simproc/VecPerm.c.o.export
Mathlib.Tactic.Simps.Basic	.lake/packages/mathlib/.lake/build/ir/Mathlib/Tactic/Simps/Basic.c.o.export
Mathlib.Tactic.Simps.NotationClass	.lake/packages/mathlib/.lake/build/ir/Mathlib/Tactic/Simps/NotationClass.c.o.export
Mathlib.Tactic.SplitIfs	.lake/packages/mathlib/.lake/build/ir/Mathlib/Tactic/SplitIfs.c.o.export
Mathlib.Tactic.Spread	.lake/packages/mathlib/.lake/build/ir/Mathlib/Tactic/Spread.c.o.export
Mathlib.Tactic.Subsingleton	.lake/packages/mathlib/.lake/build/ir/Mathlib/Tactic/Subsingleton.c.o.export
Mathlib.Tactic.Substs	.lake/packages/mathlib/.lake/build/ir/Mathlib/Tactic/Substs.c.o.export
Mathlib.Tactic.SuccessIfFailWithMsg	.lake/packages/mathlib/.lake/build/ir/Mathlib/Tactic/SuccessIfFailWithMsg.c.o.export
Mathlib.Tactic.SudoSetOption	.lake/packages/mathlib/.lake/build/ir/Mathlib/Tactic/SudoSetOption.c.o.export
Mathlib.Tactic.SuppressCompilation	.lake/packages/mathlib/.lake/build/ir/Mathlib/Tactic/SuppressCompilation.c.o.export
Mathlib.Tactic.SwapVar	.lake/packages/mathlib/.lake/build/ir/Mathlib/Tactic/SwapVar.c.o.export
Mathlib.Tactic.TFAE	.lake/packages/mathlib/.lake/build/ir/Mathlib/Tactic/TFAE.c.o.export
Mathlib.Tactic.TacticAnalysis	.lake/packages/mathlib/.lake/build/ir/Mathlib/Tactic/TacticAnalysis.c.o.export
Mathlib.Tactic.TacticAnalysis.Declarations	.lake/packages/mathlib/.lake/build/ir/Mathlib/Tactic/TacticAnalysis/Declarations.c.o.export
Mathlib.Tactic.Tauto	.lake/packages/mathlib/.lake/build/ir/Mathlib/Tactic/Tauto.c.o.export
Mathlib.Tactic.TautoSet	.lake/packages/mathlib/.lake/build/ir/Mathlib/Tactic/TautoSet.c.o.export
Mathlib.Tactic.TermCongr	.lake/packages/mathlib/.lake/build/ir/Mathlib/Tactic/TermCongr.c.o.export
Mathlib.Tactic.ToAdditive	.lake/packages/mathlib/.lake/build/ir/Mathlib/Tactic/ToAdditive.c.o.export
Mathlib.Tactic.ToDual	.lake/packages/mathlib/.lake/build/ir/Mathlib/Tactic/ToDual.c.o.export
Mathlib.Tactic.ToExpr	.lake/packages/mathlib/.lake/build/ir/Mathlib/Tactic/ToExpr.c.o.export
Mathlib.Tactic.ToFun	.lake/packages/mathlib/.lake/build/ir/Mathlib/Tactic/ToFun.c.o.export
Mathlib.Tactic.ToLevel	.lake/packages/mathlib/.lake/build/ir/Mathlib/Tactic/ToLevel.c.o.export
Mathlib.Tactic.Trace	.lake/packages/mathlib/.lake/build/ir/Mathlib/Tactic/Trace.c.o.export
Mathlib.Tactic.Translate.Attributes	.lake/packages/mathlib/.lake/build/ir/Mathlib/Tactic/Translate/Attributes.c.o.export
Mathlib.Tactic.Translate.Core	.lake/packages/mathlib/.lake/build/ir/Mathlib/Tactic/Translate/Core.c.o.export
Mathlib.Tactic.Translate.GuessName	.lake/packages/mathlib/.lake/build/ir/Mathlib/Tactic/Translate/GuessName.c.o.export
Mathlib.Tactic.Translate.Reorder	.lake/packages/mathlib/.lake/build/ir/Mathlib/Tactic/Translate/Reorder.c.o.export
Mathlib.Tactic.Translate.TagUnfoldBoundary	.lake/packages/mathlib/.lake/build/ir/Mathlib/Tactic/Translate/TagUnfoldBoundary.c.o.export
Mathlib.Tactic.Translate.ToAdditive	.lake/packages/mathlib/.lake/build/ir/Mathlib/Tactic/Translate/ToAdditive.c.o.export
Mathlib.Tactic.Translate.ToDual	.lake/packages/mathlib/.lake/build/ir/Mathlib/Tactic/Translate/ToDual.c.o.export
Mathlib.Tactic.Translate.UnfoldBoundary	.lake/packages/mathlib/.lake/build/ir/Mathlib/Tactic/Translate/UnfoldBoundary.c.o.export
Mathlib.Tactic.TryThis	.lake/packages/mathlib/.lake/build/ir/Mathlib/Tactic/TryThis.c.o.export
Mathlib.Tactic.TypeCheck	.lake/packages/mathlib/.lake/build/ir/Mathlib/Tactic/TypeCheck.c.o.export
Mathlib.Tactic.TypeStar	.lake/packages/mathlib/.lake/build/ir/Mathlib/Tactic/TypeStar.c.o.export
Mathlib.Tactic.UnsetOption	.lake/packages/mathlib/.lake/build/ir/Mathlib/Tactic/UnsetOption.c.o.export
Mathlib.Tactic.Use	.lake/packages/mathlib/.lake/build/ir/Mathlib/Tactic/Use.c.o.export
Mathlib.Tactic.Variable	.lake/packages/mathlib/.lake/build/ir/Mathlib/Tactic/Variable.c.o.export
Mathlib.Tactic.WLOG	.lake/packages/mathlib/.lake/build/ir/Mathlib/Tactic/WLOG.c.o.export
Mathlib.Tactic.Widget.Calc	.lake/packages/mathlib/.lake/build/ir/Mathlib/Tactic/Widget/Calc.c.o.export
Mathlib.Tactic.Widget.CommDiag	.lake/packages/mathlib/.lake/build/ir/Mathlib/Tactic/Widget/CommDiag.c.o.export
Mathlib.Tactic.Widget.CongrM	.lake/packages/mathlib/.lake/build/ir/Mathlib/Tactic/Widget/CongrM.c.o.export
Mathlib.Tactic.Widget.Conv	.lake/packages/mathlib/.lake/build/ir/Mathlib/Tactic/Widget/Conv.c.o.export
Mathlib.Tactic.Widget.GCongr	.lake/packages/mathlib/.lake/build/ir/Mathlib/Tactic/Widget/GCongr.c.o.export
Mathlib.Tactic.Widget.InteractiveUnfold	.lake/packages/mathlib/.lake/build/ir/Mathlib/Tactic/Widget/InteractiveUnfold.c.o.export
Mathlib.Tactic.Widget.LibraryRewrite	.lake/packages/mathlib/.lake/build/ir/Mathlib/Tactic/Widget/LibraryRewrite.c.o.export
Mathlib.Tactic.Widget.SelectInsertParamsClass	.lake/packages/mathlib/.lake/build/ir/Mathlib/Tactic/Widget/SelectInsertParamsClass.c.o.export
Mathlib.Tactic.Widget.SelectPanelUtils	.lake/packages/mathlib/.lake/build/ir/Mathlib/Tactic/Widget/SelectPanelUtils.c.o.export
Mathlib.Tactic.Widget.StringDiagram	.lake/packages/mathlib/.lake/build/ir/Mathlib/Tactic/Widget/StringDiagram.c.o.export
Mathlib.Tactic.WithoutCDot	.lake/packages/mathlib/.lake/build/ir/Mathlib/Tactic/WithoutCDot.c.o.export
Mathlib.Tactic.Zify	.lake/packages/mathlib/.lake/build/ir/Mathlib/Tactic/Zify.c.o.export
Mathlib.Topology.AlexandrovDiscrete	.lake/packages/mathlib/.lake/build/ir/Mathlib/Topology/AlexandrovDiscrete.c.o.export
Mathlib.Topology.Algebra.Affine	.lake/packages/mathlib/.lake/build/ir/Mathlib/Topology/Algebra/Affine.c.o.export
Mathlib.Topology.Algebra.Algebra	.lake/packages/mathlib/.lake/build/ir/Mathlib/Topology/Algebra/Algebra.c.o.export
Mathlib.Topology.Algebra.Algebra.Equiv	.lake/packages/mathlib/.lake/build/ir/Mathlib/Topology/Algebra/Algebra/Equiv.c.o.export
Mathlib.Topology.Algebra.ConstMulAction	.lake/packages/mathlib/.lake/build/ir/Mathlib/Topology/Algebra/ConstMulAction.c.o.export
Mathlib.Topology.Algebra.Constructions	.lake/packages/mathlib/.lake/build/ir/Mathlib/Topology/Algebra/Constructions.c.o.export
Mathlib.Topology.Algebra.ContinuousMonoidHom	.lake/packages/mathlib/.lake/build/ir/Mathlib/Topology/Algebra/ContinuousMonoidHom.c.o.export
Mathlib.Topology.Algebra.Equicontinuity	.lake/packages/mathlib/.lake/build/ir/Mathlib/Topology/Algebra/Equicontinuity.c.o.export
Mathlib.Topology.Algebra.Field	.lake/packages/mathlib/.lake/build/ir/Mathlib/Topology/Algebra/Field.c.o.export
Mathlib.Topology.Algebra.FilterBasis	.lake/packages/mathlib/.lake/build/ir/Mathlib/Topology/Algebra/FilterBasis.c.o.export
Mathlib.Topology.Algebra.Group.AddTorsor	.lake/packages/mathlib/.lake/build/ir/Mathlib/Topology/Algebra/Group/AddTorsor.c.o.export
Mathlib.Topology.Algebra.Group.Basic	.lake/packages/mathlib/.lake/build/ir/Mathlib/Topology/Algebra/Group/Basic.c.o.export
Mathlib.Topology.Algebra.Group.ClosedSubgroup	.lake/packages/mathlib/.lake/build/ir/Mathlib/Topology/Algebra/Group/ClosedSubgroup.c.o.export
Mathlib.Topology.Algebra.Group.Defs	.lake/packages/mathlib/.lake/build/ir/Mathlib/Topology/Algebra/Group/Defs.c.o.export
Mathlib.Topology.Algebra.Group.GroupTopology	.lake/packages/mathlib/.lake/build/ir/Mathlib/Topology/Algebra/Group/GroupTopology.c.o.export
Mathlib.Topology.Algebra.Group.Pointwise	.lake/packages/mathlib/.lake/build/ir/Mathlib/Topology/Algebra/Group/Pointwise.c.o.export
Mathlib.Topology.Algebra.Group.Quotient	.lake/packages/mathlib/.lake/build/ir/Mathlib/Topology/Algebra/Group/Quotient.c.o.export
Mathlib.Topology.Algebra.GroupCompletion	.lake/packages/mathlib/.lake/build/ir/Mathlib/Topology/Algebra/GroupCompletion.c.o.export
Mathlib.Topology.Algebra.GroupWithZero	.lake/packages/mathlib/.lake/build/ir/Mathlib/Topology/Algebra/GroupWithZero.c.o.export
Mathlib.Topology.Algebra.Indicator	.lake/packages/mathlib/.lake/build/ir/Mathlib/Topology/Algebra/Indicator.c.o.export
Mathlib.Topology.Algebra.InfiniteSum.Basic	.lake/packages/mathlib/.lake/build/ir/Mathlib/Topology/Algebra/InfiniteSum/Basic.c.o.export
Mathlib.Topology.Algebra.InfiniteSum.Constructions	.lake/packages/mathlib/.lake/build/ir/Mathlib/Topology/Algebra/InfiniteSum/Constructions.c.o.export
Mathlib.Topology.Algebra.InfiniteSum.Defs	.lake/packages/mathlib/.lake/build/ir/Mathlib/Topology/Algebra/InfiniteSum/Defs.c.o.export
Mathlib.Topology.Algebra.InfiniteSum.ENNReal	.lake/packages/mathlib/.lake/build/ir/Mathlib/Topology/Algebra/InfiniteSum/ENNReal.c.o.export
Mathlib.Topology.Algebra.InfiniteSum.Group	.lake/packages/mathlib/.lake/build/ir/Mathlib/Topology/Algebra/InfiniteSum/Group.c.o.export
Mathlib.Topology.Algebra.InfiniteSum.Module	.lake/packages/mathlib/.lake/build/ir/Mathlib/Topology/Algebra/InfiniteSum/Module.c.o.export
Mathlib.Topology.Algebra.InfiniteSum.NatInt	.lake/packages/mathlib/.lake/build/ir/Mathlib/Topology/Algebra/InfiniteSum/NatInt.c.o.export
Mathlib.Topology.Algebra.InfiniteSum.Order	.lake/packages/mathlib/.lake/build/ir/Mathlib/Topology/Algebra/InfiniteSum/Order.c.o.export
Mathlib.Topology.Algebra.InfiniteSum.Real	.lake/packages/mathlib/.lake/build/ir/Mathlib/Topology/Algebra/InfiniteSum/Real.c.o.export
Mathlib.Topology.Algebra.InfiniteSum.Ring	.lake/packages/mathlib/.lake/build/ir/Mathlib/Topology/Algebra/InfiniteSum/Ring.c.o.export
Mathlib.Topology.Algebra.InfiniteSum.SummationFilter	.lake/packages/mathlib/.lake/build/ir/Mathlib/Topology/Algebra/InfiniteSum/SummationFilter.c.o.export
Mathlib.Topology.Algebra.IsUniformGroup.Basic	.lake/packages/mathlib/.lake/build/ir/Mathlib/Topology/Algebra/IsUniformGroup/Basic.c.o.export
Mathlib.Topology.Algebra.IsUniformGroup.Constructions	.lake/packages/mathlib/.lake/build/ir/Mathlib/Topology/Algebra/IsUniformGroup/Constructions.c.o.export
Mathlib.Topology.Algebra.IsUniformGroup.Defs	.lake/packages/mathlib/.lake/build/ir/Mathlib/Topology/Algebra/IsUniformGroup/Defs.c.o.export
Mathlib.Topology.Algebra.MetricSpace.Lipschitz	.lake/packages/mathlib/.lake/build/ir/Mathlib/Topology/Algebra/MetricSpace/Lipschitz.c.o.export
Mathlib.Topology.Algebra.Module.Basic	.lake/packages/mathlib/.lake/build/ir/Mathlib/Topology/Algebra/Module/Basic.c.o.export
Mathlib.Topology.Algebra.Module.ContinuousLinearMap.Basic	.lake/packages/mathlib/.lake/build/ir/Mathlib/Topology/Algebra/Module/ContinuousLinearMap/Basic.c.o.export
Mathlib.Topology.Algebra.Module.ContinuousLinearMap.PiProd	.lake/packages/mathlib/.lake/build/ir/Mathlib/Topology/Algebra/Module/ContinuousLinearMap/PiProd.c.o.export
Mathlib.Topology.Algebra.Module.ContinuousLinearMap.Restrict	.lake/packages/mathlib/.lake/build/ir/Mathlib/Topology/Algebra/Module/ContinuousLinearMap/Restrict.c.o.export
Mathlib.Topology.Algebra.Module.ContinuousLinearMap.RestrictScalars	.lake/packages/mathlib/.lake/build/ir/Mathlib/Topology/Algebra/Module/ContinuousLinearMap/RestrictScalars.c.o.export
Mathlib.Topology.Algebra.Module.Equiv	.lake/packages/mathlib/.lake/build/ir/Mathlib/Topology/Algebra/Module/Equiv.c.o.export
Mathlib.Topology.Algebra.Module.LocallyConvex	.lake/packages/mathlib/.lake/build/ir/Mathlib/Topology/Algebra/Module/LocallyConvex.c.o.export
Mathlib.Topology.Algebra.Module.Spaces.ContinuousLinearMap	.lake/packages/mathlib/.lake/build/ir/Mathlib/Topology/Algebra/Module/Spaces/ContinuousLinearMap.c.o.export
Mathlib.Topology.Algebra.Module.Spaces.UniformConvergenceCLM	.lake/packages/mathlib/.lake/build/ir/Mathlib/Topology/Algebra/Module/Spaces/UniformConvergenceCLM.c.o.export
Mathlib.Topology.Algebra.Module.Star	.lake/packages/mathlib/.lake/build/ir/Mathlib/Topology/Algebra/Module/Star.c.o.export
Mathlib.Topology.Algebra.Module.UniformConvergence	.lake/packages/mathlib/.lake/build/ir/Mathlib/Topology/Algebra/Module/UniformConvergence.c.o.export
Mathlib.Topology.Algebra.Monoid	.lake/packages/mathlib/.lake/build/ir/Mathlib/Topology/Algebra/Monoid.c.o.export
Mathlib.Topology.Algebra.Monoid.Defs	.lake/packages/mathlib/.lake/build/ir/Mathlib/Topology/Algebra/Monoid/Defs.c.o.export
Mathlib.Topology.Algebra.Monoid.FunOnFinite	.lake/packages/mathlib/.lake/build/ir/Mathlib/Topology/Algebra/Monoid/FunOnFinite.c.o.export
Mathlib.Topology.Algebra.MulAction	.lake/packages/mathlib/.lake/build/ir/Mathlib/Topology/Algebra/MulAction.c.o.export
Mathlib.Topology.Algebra.Nonarchimedean.Bases	.lake/packages/mathlib/.lake/build/ir/Mathlib/Topology/Algebra/Nonarchimedean/Bases.c.o.export
Mathlib.Topology.Algebra.Nonarchimedean.Basic	.lake/packages/mathlib/.lake/build/ir/Mathlib/Topology/Algebra/Nonarchimedean/Basic.c.o.export
Mathlib.Topology.Algebra.OpenSubgroup	.lake/packages/mathlib/.lake/build/ir/Mathlib/Topology/Algebra/OpenSubgroup.c.o.export
Mathlib.Topology.Algebra.Order.Archimedean	.lake/packages/mathlib/.lake/build/ir/Mathlib/Topology/Algebra/Order/Archimedean.c.o.export
Mathlib.Topology.Algebra.Order.Field	.lake/packages/mathlib/.lake/build/ir/Mathlib/Topology/Algebra/Order/Field.c.o.export
Mathlib.Topology.Algebra.Order.Group	.lake/packages/mathlib/.lake/build/ir/Mathlib/Topology/Algebra/Order/Group.c.o.export
Mathlib.Topology.Algebra.Polynomial	.lake/packages/mathlib/.lake/build/ir/Mathlib/Topology/Algebra/Polynomial.c.o.export
Mathlib.Topology.Algebra.Ring.Basic	.lake/packages/mathlib/.lake/build/ir/Mathlib/Topology/Algebra/Ring/Basic.c.o.export
Mathlib.Topology.Algebra.Ring.Ideal	.lake/packages/mathlib/.lake/build/ir/Mathlib/Topology/Algebra/Ring/Ideal.c.o.export
Mathlib.Topology.Algebra.Ring.Real	.lake/packages/mathlib/.lake/build/ir/Mathlib/Topology/Algebra/Ring/Real.c.o.export
Mathlib.Topology.Algebra.SeparationQuotient.Basic	.lake/packages/mathlib/.lake/build/ir/Mathlib/Topology/Algebra/SeparationQuotient/Basic.c.o.export
Mathlib.Topology.Algebra.SeparationQuotient.Section	.lake/packages/mathlib/.lake/build/ir/Mathlib/Topology/Algebra/SeparationQuotient/Section.c.o.export
Mathlib.Topology.Algebra.Star	.lake/packages/mathlib/.lake/build/ir/Mathlib/Topology/Algebra/Star.c.o.export
Mathlib.Topology.Algebra.Support	.lake/packages/mathlib/.lake/build/ir/Mathlib/Topology/Algebra/Support.c.o.export
Mathlib.Topology.Algebra.UniformConvergence	.lake/packages/mathlib/.lake/build/ir/Mathlib/Topology/Algebra/UniformConvergence.c.o.export
Mathlib.Topology.Algebra.UniformField	.lake/packages/mathlib/.lake/build/ir/Mathlib/Topology/Algebra/UniformField.c.o.export
Mathlib.Topology.Algebra.UniformFilterBasis	.lake/packages/mathlib/.lake/build/ir/Mathlib/Topology/Algebra/UniformFilterBasis.c.o.export
Mathlib.Topology.Algebra.UniformMulAction	.lake/packages/mathlib/.lake/build/ir/Mathlib/Topology/Algebra/UniformMulAction.c.o.export
Mathlib.Topology.Algebra.UniformRing	.lake/packages/mathlib/.lake/build/ir/Mathlib/Topology/Algebra/UniformRing.c.o.export
Mathlib.Topology.Algebra.Valued.ValuationTopology	.lake/packages/mathlib/.lake/build/ir/Mathlib/Topology/Algebra/Valued/ValuationTopology.c.o.export
Mathlib.Topology.Algebra.Valued.ValuedField	.lake/packages/mathlib/.lake/build/ir/Mathlib/Topology/Algebra/Valued/ValuedField.c.o.export
Mathlib.Topology.Algebra.Valued.WithVal	.lake/packages/mathlib/.lake/build/ir/Mathlib/Topology/Algebra/Valued/WithVal.c.o.export
Mathlib.Topology.Algebra.WithZeroTopology	.lake/packages/mathlib/.lake/build/ir/Mathlib/Topology/Algebra/WithZeroTopology.c.o.export
Mathlib.Topology.Baire.Lemmas	.lake/packages/mathlib/.lake/build/ir/Mathlib/Topology/Baire/Lemmas.c.o.export
Mathlib.Topology.Bases	.lake/packages/mathlib/.lake/build/ir/Mathlib/Topology/Bases.c.o.export
Mathlib.Topology.Basic	.lake/packages/mathlib/.lake/build/ir/Mathlib/Topology/Basic.c.o.export
Mathlib.Topology.Bornology.Absorbs	.lake/packages/mathlib/.lake/build/ir/Mathlib/Topology/Bornology/Absorbs.c.o.export
Mathlib.Topology.Bornology.Basic	.lake/packages/mathlib/.lake/build/ir/Mathlib/Topology/Bornology/Basic.c.o.export
Mathlib.Topology.Bornology.BoundedOperation	.lake/packages/mathlib/.lake/build/ir/Mathlib/Topology/Bornology/BoundedOperation.c.o.export
Mathlib.Topology.Bornology.Constructions	.lake/packages/mathlib/.lake/build/ir/Mathlib/Topology/Bornology/Constructions.c.o.export
Mathlib.Topology.Bornology.Hom	.lake/packages/mathlib/.lake/build/ir/Mathlib/Topology/Bornology/Hom.c.o.export
Mathlib.Topology.Bornology.Real	.lake/packages/mathlib/.lake/build/ir/Mathlib/Topology/Bornology/Real.c.o.export
Mathlib.Topology.Clopen	.lake/packages/mathlib/.lake/build/ir/Mathlib/Topology/Clopen.c.o.export
Mathlib.Topology.Closure	.lake/packages/mathlib/.lake/build/ir/Mathlib/Topology/Closure.c.o.export
Mathlib.Topology.ClusterPt	.lake/packages/mathlib/.lake/build/ir/Mathlib/Topology/ClusterPt.c.o.export
Mathlib.Topology.Coherent	.lake/packages/mathlib/.lake/build/ir/Mathlib/Topology/Coherent.c.o.export
Mathlib.Topology.CompactOpen	.lake/packages/mathlib/.lake/build/ir/Mathlib/Topology/CompactOpen.c.o.export
Mathlib.Topology.Compactness.Bases	.lake/packages/mathlib/.lake/build/ir/Mathlib/Topology/Compactness/Bases.c.o.export
Mathlib.Topology.Compactness.Compact	.lake/packages/mathlib/.lake/build/ir/Mathlib/Topology/Compactness/Compact.c.o.export
Mathlib.Topology.Compactness.CompactlyCoherentSpace	.lake/packages/mathlib/.lake/build/ir/Mathlib/Topology/Compactness/CompactlyCoherentSpace.c.o.export
Mathlib.Topology.Compactness.Lindelof	.lake/packages/mathlib/.lake/build/ir/Mathlib/Topology/Compactness/Lindelof.c.o.export
Mathlib.Topology.Compactness.LocallyCompact	.lake/packages/mathlib/.lake/build/ir/Mathlib/Topology/Compactness/LocallyCompact.c.o.export
Mathlib.Topology.Compactness.LocallyFinite	.lake/packages/mathlib/.lake/build/ir/Mathlib/Topology/Compactness/LocallyFinite.c.o.export
Mathlib.Topology.Compactness.NhdsKer	.lake/packages/mathlib/.lake/build/ir/Mathlib/Topology/Compactness/NhdsKer.c.o.export
Mathlib.Topology.Compactness.SigmaCompact	.lake/packages/mathlib/.lake/build/ir/Mathlib/Topology/Compactness/SigmaCompact.c.o.export
Mathlib.Topology.Connected.Basic	.lake/packages/mathlib/.lake/build/ir/Mathlib/Topology/Connected/Basic.c.o.export
Mathlib.Topology.Connected.Clopen	.lake/packages/mathlib/.lake/build/ir/Mathlib/Topology/Connected/Clopen.c.o.export
Mathlib.Topology.Connected.LocPathConnected	.lake/packages/mathlib/.lake/build/ir/Mathlib/Topology/Connected/LocPathConnected.c.o.export
Mathlib.Topology.Connected.LocallyConnected	.lake/packages/mathlib/.lake/build/ir/Mathlib/Topology/Connected/LocallyConnected.c.o.export
Mathlib.Topology.Connected.PathConnected	.lake/packages/mathlib/.lake/build/ir/Mathlib/Topology/Connected/PathConnected.c.o.export
Mathlib.Topology.Connected.TotallyDisconnected	.lake/packages/mathlib/.lake/build/ir/Mathlib/Topology/Connected/TotallyDisconnected.c.o.export
Mathlib.Topology.Constructible	.lake/packages/mathlib/.lake/build/ir/Mathlib/Topology/Constructible.c.o.export
Mathlib.Topology.Constructions	.lake/packages/mathlib/.lake/build/ir/Mathlib/Topology/Constructions.c.o.export
Mathlib.Topology.Constructions.SumProd	.lake/packages/mathlib/.lake/build/ir/Mathlib/Topology/Constructions/SumProd.c.o.export
Mathlib.Topology.Continuous	.lake/packages/mathlib/.lake/build/ir/Mathlib/Topology/Continuous.c.o.export
Mathlib.Topology.ContinuousMap.Algebra	.lake/packages/mathlib/.lake/build/ir/Mathlib/Topology/ContinuousMap/Algebra.c.o.export
Mathlib.Topology.ContinuousMap.Basic	.lake/packages/mathlib/.lake/build/ir/Mathlib/Topology/ContinuousMap/Basic.c.o.export
Mathlib.Topology.ContinuousMap.Bounded.Basic	.lake/packages/mathlib/.lake/build/ir/Mathlib/Topology/ContinuousMap/Bounded/Basic.c.o.export
Mathlib.Topology.ContinuousMap.Bounded.Normed	.lake/packages/mathlib/.lake/build/ir/Mathlib/Topology/ContinuousMap/Bounded/Normed.c.o.export
Mathlib.Topology.ContinuousMap.Bounded.Star	.lake/packages/mathlib/.lake/build/ir/Mathlib/Topology/ContinuousMap/Bounded/Star.c.o.export
Mathlib.Topology.ContinuousMap.Compact	.lake/packages/mathlib/.lake/build/ir/Mathlib/Topology/ContinuousMap/Compact.c.o.export
Mathlib.Topology.ContinuousMap.Defs	.lake/packages/mathlib/.lake/build/ir/Mathlib/Topology/ContinuousMap/Defs.c.o.export
Mathlib.Topology.ContinuousMap.Star	.lake/packages/mathlib/.lake/build/ir/Mathlib/Topology/ContinuousMap/Star.c.o.export
Mathlib.Topology.ContinuousOn	.lake/packages/mathlib/.lake/build/ir/Mathlib/Topology/ContinuousOn.c.o.export
Mathlib.Topology.Defs.Basic	.lake/packages/mathlib/.lake/build/ir/Mathlib/Topology/Defs/Basic.c.o.export
Mathlib.Topology.Defs.Filter	.lake/packages/mathlib/.lake/build/ir/Mathlib/Topology/Defs/Filter.c.o.export
Mathlib.Topology.Defs.Induced	.lake/packages/mathlib/.lake/build/ir/Mathlib/Topology/Defs/Induced.c.o.export
Mathlib.Topology.Defs.Sequences	.lake/packages/mathlib/.lake/build/ir/Mathlib/Topology/Defs/Sequences.c.o.export
Mathlib.Topology.Defs.Ultrafilter	.lake/packages/mathlib/.lake/build/ir/Mathlib/Topology/Defs/Ultrafilter.c.o.export
Mathlib.Topology.DenseEmbedding	.lake/packages/mathlib/.lake/build/ir/Mathlib/Topology/DenseEmbedding.c.o.export
Mathlib.Topology.DiscreteSubset	.lake/packages/mathlib/.lake/build/ir/Mathlib/Topology/DiscreteSubset.c.o.export
Mathlib.Topology.EMetricSpace.Basic	.lake/packages/mathlib/.lake/build/ir/Mathlib/Topology/EMetricSpace/Basic.c.o.export
Mathlib.Topology.EMetricSpace.Defs	.lake/packages/mathlib/.lake/build/ir/Mathlib/Topology/EMetricSpace/Defs.c.o.export
Mathlib.Topology.EMetricSpace.Diam	.lake/packages/mathlib/.lake/build/ir/Mathlib/Topology/EMetricSpace/Diam.c.o.export
Mathlib.Topology.EMetricSpace.Lipschitz	.lake/packages/mathlib/.lake/build/ir/Mathlib/Topology/EMetricSpace/Lipschitz.c.o.export
Mathlib.Topology.EMetricSpace.Pi	.lake/packages/mathlib/.lake/build/ir/Mathlib/Topology/EMetricSpace/Pi.c.o.export
Mathlib.Topology.GDelta.Basic	.lake/packages/mathlib/.lake/build/ir/Mathlib/Topology/GDelta/Basic.c.o.export
Mathlib.Topology.Hom.ContinuousEval	.lake/packages/mathlib/.lake/build/ir/Mathlib/Topology/Hom/ContinuousEval.c.o.export
Mathlib.Topology.Hom.ContinuousEvalConst	.lake/packages/mathlib/.lake/build/ir/Mathlib/Topology/Hom/ContinuousEvalConst.c.o.export
Mathlib.Topology.Homeomorph.Defs	.lake/packages/mathlib/.lake/build/ir/Mathlib/Topology/Homeomorph/Defs.c.o.export
Mathlib.Topology.Homeomorph.Lemmas	.lake/packages/mathlib/.lake/build/ir/Mathlib/Topology/Homeomorph/Lemmas.c.o.export
Mathlib.Topology.Inseparable	.lake/packages/mathlib/.lake/build/ir/Mathlib/Topology/Inseparable.c.o.export
Mathlib.Topology.Instances.AddCircle.Defs	.lake/packages/mathlib/.lake/build/ir/Mathlib/Topology/Instances/AddCircle/Defs.c.o.export
Mathlib.Topology.Instances.AddCircle.Real	.lake/packages/mathlib/.lake/build/ir/Mathlib/Topology/Instances/AddCircle/Real.c.o.export
Mathlib.Topology.Instances.Discrete	.lake/packages/mathlib/.lake/build/ir/Mathlib/Topology/Instances/Discrete.c.o.export
Mathlib.Topology.Instances.ENNReal.Lemmas	.lake/packages/mathlib/.lake/build/ir/Mathlib/Topology/Instances/ENNReal/Lemmas.c.o.export
Mathlib.Topology.Instances.EReal.Lemmas	.lake/packages/mathlib/.lake/build/ir/Mathlib/Topology/Instances/EReal/Lemmas.c.o.export
Mathlib.Topology.Instances.Int	.lake/packages/mathlib/.lake/build/ir/Mathlib/Topology/Instances/Int.c.o.export
Mathlib.Topology.Instances.NNReal.Lemmas	.lake/packages/mathlib/.lake/build/ir/Mathlib/Topology/Instances/NNReal/Lemmas.c.o.export
Mathlib.Topology.Instances.Nat	.lake/packages/mathlib/.lake/build/ir/Mathlib/Topology/Instances/Nat.c.o.export
Mathlib.Topology.Instances.Rat	.lake/packages/mathlib/.lake/build/ir/Mathlib/Topology/Instances/Rat.c.o.export
Mathlib.Topology.Instances.RealVectorSpace	.lake/packages/mathlib/.lake/build/ir/Mathlib/Topology/Instances/RealVectorSpace.c.o.export
Mathlib.Topology.Instances.Sign	.lake/packages/mathlib/.lake/build/ir/Mathlib/Topology/Instances/Sign.c.o.export
Mathlib.Topology.Instances.ZMultiples	.lake/packages/mathlib/.lake/build/ir/Mathlib/Topology/Instances/ZMultiples.c.o.export
Mathlib.Topology.Irreducible	.lake/packages/mathlib/.lake/build/ir/Mathlib/Topology/Irreducible.c.o.export
Mathlib.Topology.KrullDimension	.lake/packages/mathlib/.lake/build/ir/Mathlib/Topology/KrullDimension.c.o.export
Mathlib.Topology.LocalAtTarget	.lake/packages/mathlib/.lake/build/ir/Mathlib/Topology/LocalAtTarget.c.o.export
Mathlib.Topology.LocallyClosed	.lake/packages/mathlib/.lake/build/ir/Mathlib/Topology/LocallyClosed.c.o.export
Mathlib.Topology.LocallyFinite	.lake/packages/mathlib/.lake/build/ir/Mathlib/Topology/LocallyFinite.c.o.export
Mathlib.Topology.Maps.Basic	.lake/packages/mathlib/.lake/build/ir/Mathlib/Topology/Maps/Basic.c.o.export
Mathlib.Topology.Maps.OpenQuotient	.lake/packages/mathlib/.lake/build/ir/Mathlib/Topology/Maps/OpenQuotient.c.o.export
Mathlib.Topology.Maps.Proper.Basic	.lake/packages/mathlib/.lake/build/ir/Mathlib/Topology/Maps/Proper/Basic.c.o.export
Mathlib.Topology.Maps.Proper.CompactlyGenerated	.lake/packages/mathlib/.lake/build/ir/Mathlib/Topology/Maps/Proper/CompactlyGenerated.c.o.export
Mathlib.Topology.MetricSpace.Algebra	.lake/packages/mathlib/.lake/build/ir/Mathlib/Topology/MetricSpace/Algebra.c.o.export
Mathlib.Topology.MetricSpace.Antilipschitz	.lake/packages/mathlib/.lake/build/ir/Mathlib/Topology/MetricSpace/Antilipschitz.c.o.export
Mathlib.Topology.MetricSpace.Basic	.lake/packages/mathlib/.lake/build/ir/Mathlib/Topology/MetricSpace/Basic.c.o.export
Mathlib.Topology.MetricSpace.Bounded	.lake/packages/mathlib/.lake/build/ir/Mathlib/Topology/MetricSpace/Bounded.c.o.export
Mathlib.Topology.MetricSpace.Cauchy	.lake/packages/mathlib/.lake/build/ir/Mathlib/Topology/MetricSpace/Cauchy.c.o.export
Mathlib.Topology.MetricSpace.Contracting	.lake/packages/mathlib/.lake/build/ir/Mathlib/Topology/MetricSpace/Contracting.c.o.export
Mathlib.Topology.MetricSpace.Defs	.lake/packages/mathlib/.lake/build/ir/Mathlib/Topology/MetricSpace/Defs.c.o.export
Mathlib.Topology.MetricSpace.Dilation	.lake/packages/mathlib/.lake/build/ir/Mathlib/Topology/MetricSpace/Dilation.c.o.export
Mathlib.Topology.MetricSpace.DilationEquiv	.lake/packages/mathlib/.lake/build/ir/Mathlib/Topology/MetricSpace/DilationEquiv.c.o.export
Mathlib.Topology.MetricSpace.Equicontinuity	.lake/packages/mathlib/.lake/build/ir/Mathlib/Topology/MetricSpace/Equicontinuity.c.o.export
Mathlib.Topology.MetricSpace.HausdorffDistance	.lake/packages/mathlib/.lake/build/ir/Mathlib/Topology/MetricSpace/HausdorffDistance.c.o.export
Mathlib.Topology.MetricSpace.IsometricSMul	.lake/packages/mathlib/.lake/build/ir/Mathlib/Topology/MetricSpace/IsometricSMul.c.o.export
Mathlib.Topology.MetricSpace.Isometry	.lake/packages/mathlib/.lake/build/ir/Mathlib/Topology/MetricSpace/Isometry.c.o.export
Mathlib.Topology.MetricSpace.Lipschitz	.lake/packages/mathlib/.lake/build/ir/Mathlib/Topology/MetricSpace/Lipschitz.c.o.export
Mathlib.Topology.MetricSpace.PiNat	.lake/packages/mathlib/.lake/build/ir/Mathlib/Topology/MetricSpace/PiNat.c.o.export
Mathlib.Topology.MetricSpace.ProperSpace	.lake/packages/mathlib/.lake/build/ir/Mathlib/Topology/MetricSpace/ProperSpace.c.o.export
Mathlib.Topology.MetricSpace.ProperSpace.Real	.lake/packages/mathlib/.lake/build/ir/Mathlib/Topology/MetricSpace/ProperSpace/Real.c.o.export
Mathlib.Topology.MetricSpace.Pseudo.Basic	.lake/packages/mathlib/.lake/build/ir/Mathlib/Topology/MetricSpace/Pseudo/Basic.c.o.export
Mathlib.Topology.MetricSpace.Pseudo.Constructions	.lake/packages/mathlib/.lake/build/ir/Mathlib/Topology/MetricSpace/Pseudo/Constructions.c.o.export
Mathlib.Topology.MetricSpace.Pseudo.Defs	.lake/packages/mathlib/.lake/build/ir/Mathlib/Topology/MetricSpace/Pseudo/Defs.c.o.export
Mathlib.Topology.MetricSpace.Pseudo.Lemmas	.lake/packages/mathlib/.lake/build/ir/Mathlib/Topology/MetricSpace/Pseudo/Lemmas.c.o.export
Mathlib.Topology.MetricSpace.Pseudo.Pi	.lake/packages/mathlib/.lake/build/ir/Mathlib/Topology/MetricSpace/Pseudo/Pi.c.o.export
Mathlib.Topology.MetricSpace.Pseudo.Real	.lake/packages/mathlib/.lake/build/ir/Mathlib/Topology/MetricSpace/Pseudo/Real.c.o.export
Mathlib.Topology.MetricSpace.Thickening	.lake/packages/mathlib/.lake/build/ir/Mathlib/Topology/MetricSpace/Thickening.c.o.export
Mathlib.Topology.MetricSpace.UniformConvergence	.lake/packages/mathlib/.lake/build/ir/Mathlib/Topology/MetricSpace/UniformConvergence.c.o.export
Mathlib.Topology.Metrizable.Basic	.lake/packages/mathlib/.lake/build/ir/Mathlib/Topology/Metrizable/Basic.c.o.export
Mathlib.Topology.Metrizable.Uniformity	.lake/packages/mathlib/.lake/build/ir/Mathlib/Topology/Metrizable/Uniformity.c.o.export
Mathlib.Topology.Neighborhoods	.lake/packages/mathlib/.lake/build/ir/Mathlib/Topology/Neighborhoods.c.o.export
Mathlib.Topology.NhdsKer	.lake/packages/mathlib/.lake/build/ir/Mathlib/Topology/NhdsKer.c.o.export
Mathlib.Topology.NhdsSet	.lake/packages/mathlib/.lake/build/ir/Mathlib/Topology/NhdsSet.c.o.export
Mathlib.Topology.NhdsWithin	.lake/packages/mathlib/.lake/build/ir/Mathlib/Topology/NhdsWithin.c.o.export
Mathlib.Topology.NoetherianSpace	.lake/packages/mathlib/.lake/build/ir/Mathlib/Topology/NoetherianSpace.c.o.export
Mathlib.Topology.OpenPartialHomeomorph.Basic	.lake/packages/mathlib/.lake/build/ir/Mathlib/Topology/OpenPartialHomeomorph/Basic.c.o.export
Mathlib.Topology.OpenPartialHomeomorph.Continuity	.lake/packages/mathlib/.lake/build/ir/Mathlib/Topology/OpenPartialHomeomorph/Continuity.c.o.export
Mathlib.Topology.OpenPartialHomeomorph.Defs	.lake/packages/mathlib/.lake/build/ir/Mathlib/Topology/OpenPartialHomeomorph/Defs.c.o.export
Mathlib.Topology.Order	.lake/packages/mathlib/.lake/build/ir/Mathlib/Topology/Order.c.o.export
Mathlib.Topology.Order.AtTopBotIxx	.lake/packages/mathlib/.lake/build/ir/Mathlib/Topology/Order/AtTopBotIxx.c.o.export
Mathlib.Topology.Order.Basic	.lake/packages/mathlib/.lake/build/ir/Mathlib/Topology/Order/Basic.c.o.export
Mathlib.Topology.Order.Bornology	.lake/packages/mathlib/.lake/build/ir/Mathlib/Topology/Order/Bornology.c.o.export
Mathlib.Topology.Order.Compact	.lake/packages/mathlib/.lake/build/ir/Mathlib/Topology/Order/Compact.c.o.export
Mathlib.Topology.Order.DenselyOrdered	.lake/packages/mathlib/.lake/build/ir/Mathlib/Topology/Order/DenselyOrdered.c.o.export
Mathlib.Topology.Order.IntermediateValue	.lake/packages/mathlib/.lake/build/ir/Mathlib/Topology/Order/IntermediateValue.c.o.export
Mathlib.Topology.Order.IsLUB	.lake/packages/mathlib/.lake/build/ir/Mathlib/Topology/Order/IsLUB.c.o.export
Mathlib.Topology.Order.Lattice	.lake/packages/mathlib/.lake/build/ir/Mathlib/Topology/Order/Lattice.c.o.export
Mathlib.Topology.Order.LeftRight	.lake/packages/mathlib/.lake/build/ir/Mathlib/Topology/Order/LeftRight.c.o.export
Mathlib.Topology.Order.LeftRightNhds	.lake/packages/mathlib/.lake/build/ir/Mathlib/Topology/Order/LeftRightNhds.c.o.export
Mathlib.Topology.Order.LiminfLimsup	.lake/packages/mathlib/.lake/build/ir/Mathlib/Topology/Order/LiminfLimsup.c.o.export
Mathlib.Topology.Order.LocalExtr	.lake/packages/mathlib/.lake/build/ir/Mathlib/Topology/Order/LocalExtr.c.o.export
Mathlib.Topology.Order.Monotone	.lake/packages/mathlib/.lake/build/ir/Mathlib/Topology/Order/Monotone.c.o.export
Mathlib.Topology.Order.MonotoneContinuity	.lake/packages/mathlib/.lake/build/ir/Mathlib/Topology/Order/MonotoneContinuity.c.o.export
Mathlib.Topology.Order.MonotoneConvergence	.lake/packages/mathlib/.lake/build/ir/Mathlib/Topology/Order/MonotoneConvergence.c.o.export
Mathlib.Topology.Order.OrderClosed	.lake/packages/mathlib/.lake/build/ir/Mathlib/Topology/Order/OrderClosed.c.o.export
Mathlib.Topology.Order.ProjIcc	.lake/packages/mathlib/.lake/build/ir/Mathlib/Topology/Order/ProjIcc.c.o.export
Mathlib.Topology.Order.Real	.lake/packages/mathlib/.lake/build/ir/Mathlib/Topology/Order/Real.c.o.export
Mathlib.Topology.Order.T5	.lake/packages/mathlib/.lake/build/ir/Mathlib/Topology/Order/T5.c.o.export
Mathlib.Topology.Path	.lake/packages/mathlib/.lake/build/ir/Mathlib/Topology/Path.c.o.export
Mathlib.Topology.Piecewise	.lake/packages/mathlib/.lake/build/ir/Mathlib/Topology/Piecewise.c.o.export
Mathlib.Topology.QuasiSeparated	.lake/packages/mathlib/.lake/build/ir/Mathlib/Topology/QuasiSeparated.c.o.export
Mathlib.Topology.Semicontinuity.Basic	.lake/packages/mathlib/.lake/build/ir/Mathlib/Topology/Semicontinuity/Basic.c.o.export
Mathlib.Topology.Semicontinuity.Defs	.lake/packages/mathlib/.lake/build/ir/Mathlib/Topology/Semicontinuity/Defs.c.o.export
Mathlib.Topology.Separation.Basic	.lake/packages/mathlib/.lake/build/ir/Mathlib/Topology/Separation/Basic.c.o.export
Mathlib.Topology.Separation.Hausdorff	.lake/packages/mathlib/.lake/build/ir/Mathlib/Topology/Separation/Hausdorff.c.o.export
Mathlib.Topology.Separation.Regular	.lake/packages/mathlib/.lake/build/ir/Mathlib/Topology/Separation/Regular.c.o.export
Mathlib.Topology.Separation.SeparatedNhds	.lake/packages/mathlib/.lake/build/ir/Mathlib/Topology/Separation/SeparatedNhds.c.o.export
Mathlib.Topology.Sequences	.lake/packages/mathlib/.lake/build/ir/Mathlib/Topology/Sequences.c.o.export
Mathlib.Topology.Sets.Closeds	.lake/packages/mathlib/.lake/build/ir/Mathlib/Topology/Sets/Closeds.c.o.export
Mathlib.Topology.Sets.Compacts	.lake/packages/mathlib/.lake/build/ir/Mathlib/Topology/Sets/Compacts.c.o.export
Mathlib.Topology.Sets.OpenCover	.lake/packages/mathlib/.lake/build/ir/Mathlib/Topology/Sets/OpenCover.c.o.export
Mathlib.Topology.Sets.Opens	.lake/packages/mathlib/.lake/build/ir/Mathlib/Topology/Sets/Opens.c.o.export
Mathlib.Topology.Sober	.lake/packages/mathlib/.lake/build/ir/Mathlib/Topology/Sober.c.o.export
Mathlib.Topology.Spectral.Basic	.lake/packages/mathlib/.lake/build/ir/Mathlib/Topology/Spectral/Basic.c.o.export
Mathlib.Topology.Spectral.Hom	.lake/packages/mathlib/.lake/build/ir/Mathlib/Topology/Spectral/Hom.c.o.export
Mathlib.Topology.Spectral.Prespectral	.lake/packages/mathlib/.lake/build/ir/Mathlib/Topology/Spectral/Prespectral.c.o.export
Mathlib.Topology.Ultrafilter	.lake/packages/mathlib/.lake/build/ir/Mathlib/Topology/Ultrafilter.c.o.export
Mathlib.Topology.UniformSpace.AbstractCompletion	.lake/packages/mathlib/.lake/build/ir/Mathlib/Topology/UniformSpace/AbstractCompletion.c.o.export
Mathlib.Topology.UniformSpace.Basic	.lake/packages/mathlib/.lake/build/ir/Mathlib/Topology/UniformSpace/Basic.c.o.export
Mathlib.Topology.UniformSpace.Cauchy	.lake/packages/mathlib/.lake/build/ir/Mathlib/Topology/UniformSpace/Cauchy.c.o.export
Mathlib.Topology.UniformSpace.Compact	.lake/packages/mathlib/.lake/build/ir/Mathlib/Topology/UniformSpace/Compact.c.o.export
Mathlib.Topology.UniformSpace.CompactConvergence	.lake/packages/mathlib/.lake/build/ir/Mathlib/Topology/UniformSpace/CompactConvergence.c.o.export
Mathlib.Topology.UniformSpace.CompleteSeparated	.lake/packages/mathlib/.lake/build/ir/Mathlib/Topology/UniformSpace/CompleteSeparated.c.o.export
Mathlib.Topology.UniformSpace.Completion	.lake/packages/mathlib/.lake/build/ir/Mathlib/Topology/UniformSpace/Completion.c.o.export
Mathlib.Topology.UniformSpace.Defs	.lake/packages/mathlib/.lake/build/ir/Mathlib/Topology/UniformSpace/Defs.c.o.export
Mathlib.Topology.UniformSpace.DiscreteUniformity	.lake/packages/mathlib/.lake/build/ir/Mathlib/Topology/UniformSpace/DiscreteUniformity.c.o.export
Mathlib.Topology.UniformSpace.Equicontinuity	.lake/packages/mathlib/.lake/build/ir/Mathlib/Topology/UniformSpace/Equicontinuity.c.o.export
Mathlib.Topology.UniformSpace.Equiv	.lake/packages/mathlib/.lake/build/ir/Mathlib/Topology/UniformSpace/Equiv.c.o.export
Mathlib.Topology.UniformSpace.HeineCantor	.lake/packages/mathlib/.lake/build/ir/Mathlib/Topology/UniformSpace/HeineCantor.c.o.export
Mathlib.Topology.UniformSpace.LocallyUniformConvergence	.lake/packages/mathlib/.lake/build/ir/Mathlib/Topology/UniformSpace/LocallyUniformConvergence.c.o.export
Mathlib.Topology.UniformSpace.OfFun	.lake/packages/mathlib/.lake/build/ir/Mathlib/Topology/UniformSpace/OfFun.c.o.export
Mathlib.Topology.UniformSpace.Pi	.lake/packages/mathlib/.lake/build/ir/Mathlib/Topology/UniformSpace/Pi.c.o.export
Mathlib.Topology.UniformSpace.Real	.lake/packages/mathlib/.lake/build/ir/Mathlib/Topology/UniformSpace/Real.c.o.export
Mathlib.Topology.UniformSpace.Separation	.lake/packages/mathlib/.lake/build/ir/Mathlib/Topology/UniformSpace/Separation.c.o.export
Mathlib.Topology.UniformSpace.UniformApproximation	.lake/packages/mathlib/.lake/build/ir/Mathlib/Topology/UniformSpace/UniformApproximation.c.o.export
Mathlib.Topology.UniformSpace.UniformConvergence	.lake/packages/mathlib/.lake/build/ir/Mathlib/Topology/UniformSpace/UniformConvergence.c.o.export
Mathlib.Topology.UniformSpace.UniformConvergenceTopology	.lake/packages/mathlib/.lake/build/ir/Mathlib/Topology/UniformSpace/UniformConvergenceTopology.c.o.export
Mathlib.Topology.UniformSpace.UniformEmbedding	.lake/packages/mathlib/.lake/build/ir/Mathlib/Topology/UniformSpace/UniformEmbedding.c.o.export
Mathlib.Topology.UnitInterval	.lake/packages/mathlib/.lake/build/ir/Mathlib/Topology/UnitInterval.c.o.export
Mathlib.Topology.WithTopology	.lake/packages/mathlib/.lake/build/ir/Mathlib/Topology/WithTopology.c.o.export
Mathlib.Util.AddRelatedDecl	.lake/packages/mathlib/.lake/build/ir/Mathlib/Util/AddRelatedDecl.c.o.export
Mathlib.Util.AtLocation	.lake/packages/mathlib/.lake/build/ir/Mathlib/Util/AtLocation.c.o.export
Mathlib.Util.AtomM	.lake/packages/mathlib/.lake/build/ir/Mathlib/Util/AtomM.c.o.export
Mathlib.Util.AtomM.Recurse	.lake/packages/mathlib/.lake/build/ir/Mathlib/Util/AtomM/Recurse.c.o.export
Mathlib.Util.CompileInductive	.lake/packages/mathlib/.lake/build/ir/Mathlib/Util/CompileInductive.c.o.export
Mathlib.Util.CountHeartbeats	.lake/packages/mathlib/.lake/build/ir/Mathlib/Util/CountHeartbeats.c.o.export
Mathlib.Util.DelabNonCanonical	.lake/packages/mathlib/.lake/build/ir/Mathlib/Util/DelabNonCanonical.c.o.export
Mathlib.Util.Delaborators	.lake/packages/mathlib/.lake/build/ir/Mathlib/Util/Delaborators.c.o.export
Mathlib.Util.DischargerAsTactic	.lake/packages/mathlib/.lake/build/ir/Mathlib/Util/DischargerAsTactic.c.o.export
Mathlib.Util.ElabWithoutMVars	.lake/packages/mathlib/.lake/build/ir/Mathlib/Util/ElabWithoutMVars.c.o.export
Mathlib.Util.Notation3	.lake/packages/mathlib/.lake/build/ir/Mathlib/Util/Notation3.c.o.export
Mathlib.Util.PPOptions	.lake/packages/mathlib/.lake/build/ir/Mathlib/Util/PPOptions.c.o.export
Mathlib.Util.ParseCommand	.lake/packages/mathlib/.lake/build/ir/Mathlib/Util/ParseCommand.c.o.export
Mathlib.Util.PrintSorries	.lake/packages/mathlib/.lake/build/ir/Mathlib/Util/PrintSorries.c.o.export
Mathlib.Util.Qq	.lake/packages/mathlib/.lake/build/ir/Mathlib/Util/Qq.c.o.export
Mathlib.Util.SynthesizeUsing	.lake/packages/mathlib/.lake/build/ir/Mathlib/Util/SynthesizeUsing.c.o.export
Mathlib.Util.Tactic	.lake/packages/mathlib/.lake/build/ir/Mathlib/Util/Tactic.c.o.export
Mathlib.Util.TermReduce	.lake/packages/mathlib/.lake/build/ir/Mathlib/Util/TermReduce.c.o.export
Mathlib.Util.TransImports	.lake/packages/mathlib/.lake/build/ir/Mathlib/Util/TransImports.c.o.export
Mathlib.Util.WhatsNew	.lake/packages/mathlib/.lake/build/ir/Mathlib/Util/WhatsNew.c.o.export
Mathlib.Util.WithWeakNamespace	.lake/packages/mathlib/.lake/build/ir/Mathlib/Util/WithWeakNamespace.c.o.export
Plausible	.lake/packages/plausible/.lake/build/ir/Plausible.c.o.export
Plausible.Arbitrary	.lake/packages/plausible/.lake/build/ir/Plausible/Arbitrary.c.o.export
Plausible.ArbitraryFueled	.lake/packages/plausible/.lake/build/ir/Plausible/ArbitraryFueled.c.o.export
Plausible.Attr	.lake/packages/plausible/.lake/build/ir/Plausible/Attr.c.o.export
Plausible.DeriveArbitrary	.lake/packages/plausible/.lake/build/ir/Plausible/DeriveArbitrary.c.o.export
Plausible.DeriveShrinkable	.lake/packages/plausible/.lake/build/ir/Plausible/DeriveShrinkable.c.o.export
Plausible.Functions	.lake/packages/plausible/.lake/build/ir/Plausible/Functions.c.o.export
Plausible.Gen	.lake/packages/plausible/.lake/build/ir/Plausible/Gen.c.o.export
Plausible.Random	.lake/packages/plausible/.lake/build/ir/Plausible/Random.c.o.export
Plausible.Sampleable	.lake/packages/plausible/.lake/build/ir/Plausible/Sampleable.c.o.export
Plausible.Shrinkable	.lake/packages/plausible/.lake/build/ir/Plausible/Shrinkable.c.o.export
Plausible.Tactic	.lake/packages/plausible/.lake/build/ir/Plausible/Tactic.c.o.export
Plausible.Testable	.lake/packages/plausible/.lake/build/ir/Plausible/Testable.c.o.export
ProofWidgets.Cancellable	.lake/packages/proofwidgets/.lake/build/ir/ProofWidgets/Cancellable.c.o.export
ProofWidgets.Compat	.lake/packages/proofwidgets/.lake/build/ir/ProofWidgets/Compat.c.o.export
ProofWidgets.Component.Basic	.lake/packages/proofwidgets/.lake/build/ir/ProofWidgets/Component/Basic.c.o.export
ProofWidgets.Component.FilterDetails	.lake/packages/proofwidgets/.lake/build/ir/ProofWidgets/Component/FilterDetails.c.o.export
ProofWidgets.Component.HtmlDisplay	.lake/packages/proofwidgets/.lake/build/ir/ProofWidgets/Component/HtmlDisplay.c.o.export
ProofWidgets.Component.MakeEditLink	.lake/packages/proofwidgets/.lake/build/ir/ProofWidgets/Component/MakeEditLink.c.o.export
ProofWidgets.Component.OfRpcMethod	.lake/packages/proofwidgets/.lake/build/ir/ProofWidgets/Component/OfRpcMethod.c.o.export
ProofWidgets.Component.Panel.Basic	.lake/packages/proofwidgets/.lake/build/ir/ProofWidgets/Component/Panel/Basic.c.o.export
ProofWidgets.Component.PenroseDiagram	.lake/packages/proofwidgets/.lake/build/ir/ProofWidgets/Component/PenroseDiagram.c.o.export
ProofWidgets.Data.Html	.lake/packages/proofwidgets/.lake/build/ir/ProofWidgets/Data/Html.c.o.export
ProofWidgets.Presentation.Expr	.lake/packages/proofwidgets/.lake/build/ir/ProofWidgets/Presentation/Expr.c.o.export
ProofWidgets.Util	.lake/packages/proofwidgets/.lake/build/ir/ProofWidgets/Util.c.o.export
Qq	.lake/packages/Qq/.lake/build/ir/Qq.c.o.export
Qq.AssertInstancesCommute	.lake/packages/Qq/.lake/build/ir/Qq/AssertInstancesCommute.c.o.export
Qq.Commands	.lake/packages/Qq/.lake/build/ir/Qq/Commands.c.o.export
Qq.Delab	.lake/packages/Qq/.lake/build/ir/Qq/Delab.c.o.export
Qq.ForLean.Do	.lake/packages/Qq/.lake/build/ir/Qq/ForLean/Do.c.o.export
Qq.ForLean.ReduceEval	.lake/packages/Qq/.lake/build/ir/Qq/ForLean/ReduceEval.c.o.export
Qq.ForLean.ToExpr	.lake/packages/Qq/.lake/build/ir/Qq/ForLean/ToExpr.c.o.export
Qq.Macro	.lake/packages/Qq/.lake/build/ir/Qq/Macro.c.o.export
Qq.Match	.lake/packages/Qq/.lake/build/ir/Qq/Match.c.o.export
Qq.MatchImpl	.lake/packages/Qq/.lake/build/ir/Qq/MatchImpl.c.o.export
Qq.MetaM	.lake/packages/Qq/.lake/build/ir/Qq/MetaM.c.o.export
Qq.Simp	.lake/packages/Qq/.lake/build/ir/Qq/Simp.c.o.export
Qq.SortLocalDecls	.lake/packages/Qq/.lake/build/ir/Qq/SortLocalDecls.c.o.export
Qq.Typ	.lake/packages/Qq/.lake/build/ir/Qq/Typ.c.o.export
runLinter	.lake/packages/batteries/.lake/build/ir/runLinter.c.o.export
