.lake/build/lib/lean/Pred/Core.olean: OK
.lake/build/lib/lean/Pred/Core.ilean: OK
.lake/build/ir/Pred/Core.c: OK
.lake/build/ir/Pred/Core.c.o.export: OK
.lake/build/lib/lean/Compiler/Signature.olean: OK
.lake/build/lib/lean/Compiler/Signature.ilean: OK
.lake/build/ir/Compiler/Signature.c: OK
.lake/build/ir/Compiler/Signature.c.o.export: OK
.lake/build/lib/lean/Compiler/Air.olean: OK
.lake/build/lib/lean/Compiler/Air.ilean: OK
.lake/build/ir/Compiler/Air.c: OK
.lake/build/ir/Compiler/Air.c.o.export: OK
.lake/build/lib/lean/Compiler/AirRange.olean: OK
.lake/build/lib/lean/Compiler/AirRange.ilean: OK
.lake/build/ir/Compiler/AirRange.c: OK
.lake/build/ir/Compiler/AirRange.c.o.export: OK
.lake/build/lib/lean/Compiler/PredOrderGadget.olean: OK
.lake/build/lib/lean/Compiler/PredOrderGadget.ilean: OK
.lake/build/ir/Compiler/PredOrderGadget.c: OK
.lake/build/ir/Compiler/PredOrderGadget.c.o.export: OK
.lake/build/lib/lean/Compiler/PredCompile.olean: OK
.lake/build/lib/lean/Compiler/PredCompile.ilean: OK
.lake/build/ir/Compiler/PredCompile.c: OK
.lake/build/ir/Compiler/PredCompile.c.o.export: OK
.lake/build/lib/lean/Theory/BinaryTower.olean: OK
.lake/build/lib/lean/Theory/BinaryTower.ilean: OK
.lake/build/ir/Theory/BinaryTower.c: OK
.lake/build/ir/Theory/BinaryTower.c.o.export: OK
.lake/build/lib/lean/Theory/BinaryTowerFanPaar.olean: OK
.lake/build/lib/lean/Theory/BinaryTowerFanPaar.ilean: OK
.lake/build/ir/Theory/BinaryTowerFanPaar.c: OK
.lake/build/ir/Theory/BinaryTowerFanPaar.c.o.export: OK
.lake/build/lib/lean/Theory/BinaryTowerTrace.olean: OK
.lake/build/lib/lean/Theory/BinaryTowerTrace.ilean: OK
.lake/build/ir/Theory/BinaryTowerTrace.c: OK
.lake/build/ir/Theory/BinaryTowerTrace.c.o.export: OK
.lake/build/lib/lean/Theory/Bignum.olean: OK
.lake/build/lib/lean/Theory/Bignum.ilean: OK
.lake/build/ir/Theory/Bignum.c: OK
.lake/build/ir/Theory/Bignum.c.o.export: OK
.lake/build/lib/lean/Theory/IndexedProgram.olean: OK
.lake/build/lib/lean/Theory/IndexedProgram.ilean: OK
.lake/build/ir/Theory/IndexedProgram.c: OK
.lake/build/ir/Theory/IndexedProgram.c.o.export: OK
.lake/build/lib/lean/Theory/BinaryTowerFanPaarCodec.olean: OK
.lake/build/lib/lean/Theory/BinaryTowerFanPaarCodec.ilean: OK
.lake/build/ir/Theory/BinaryTowerFanPaarCodec.c: OK
.lake/build/ir/Theory/BinaryTowerFanPaarCodec.c.o.export: OK
.lake/build/lib/lean/Theory/BinaryTowerCodec.olean: OK
.lake/build/lib/lean/Theory/BinaryTowerCodec.ilean: OK
.lake/build/ir/Theory/BinaryTowerCodec.c: OK
.lake/build/ir/Theory/BinaryTowerCodec.c.o.export: OK
.lake/build/lib/lean/Compiler/AirFlatten.olean: OK
.lake/build/lib/lean/Compiler/AirFlatten.ilean: OK
.lake/build/ir/Compiler/AirFlatten.c: OK
.lake/build/ir/Compiler/AirFlatten.c.o.export: OK
.lake/build/lib/lean/Compiler/AirHash.olean: OK
.lake/build/lib/lean/Compiler/AirHash.ilean: OK
.lake/build/ir/Compiler/AirHash.c: OK
.lake/build/ir/Compiler/AirHash.c.o.export: OK
.lake/build/lib/lean/Compiler/AirMembership.olean: OK
.lake/build/lib/lean/Compiler/AirMembership.ilean: OK
.lake/build/ir/Compiler/AirMembership.c: OK
.lake/build/ir/Compiler/AirMembership.c.o.export: OK
.lake/build/lib/lean/Compiler/NoteSpend.olean: OK
.lake/build/lib/lean/Compiler/NoteSpend.ilean: OK
.lake/build/ir/Compiler/NoteSpend.c: OK
.lake/build/ir/Compiler/NoteSpend.c.o.export: OK
.lake/build/lib/lean/Compiler/Emit.olean: OK
.lake/build/lib/lean/Compiler/Emit.ilean: OK
.lake/build/ir/Compiler/Emit.c: OK
.lake/build/ir/Compiler/Emit.c.o.export: OK
.lake/build/lib/lean/Compiler/AirBignum.olean: OK
.lake/build/lib/lean/Compiler/AirBignum.ilean: OK
.lake/build/ir/Compiler/AirBignum.c: OK
.lake/build/ir/Compiler/AirBignum.c.o.export: OK
.lake/build/lib/lean/Compiler/BabyBear.olean: OK
.lake/build/lib/lean/Compiler/BabyBear.ilean: OK
.lake/build/ir/Compiler/BabyBear.c: OK
.lake/build/ir/Compiler/BabyBear.c.o.export: OK
.lake/build/lib/lean/Compiler/EmitSerialize.olean: OK
.lake/build/lib/lean/Compiler/EmitSerialize.ilean: OK
.lake/build/ir/Compiler/EmitSerialize.c: OK
.lake/build/ir/Compiler/EmitSerialize.c.o.export: OK
.lake/build/lib/lean/Theory/CrossModulus.olean: OK
.lake/build/lib/lean/Theory/CrossModulus.ilean: OK
.lake/build/ir/Theory/CrossModulus.c: OK
.lake/build/ir/Theory/CrossModulus.c.o.export: OK
.lake/build/lib/lean/Compiler/AirModularView.olean: OK
.lake/build/lib/lean/Compiler/AirModularView.ilean: OK
.lake/build/ir/Compiler/AirModularView.c: OK
.lake/build/ir/Compiler/AirModularView.c.o.export: OK
.lake/build/lib/lean/Compiler/BignumKernelABI.olean: OK
.lake/build/lib/lean/Compiler/BignumKernelABI.ilean: OK
.lake/build/ir/Compiler/BignumKernelABI.c: OK
.lake/build/ir/Compiler/BignumKernelABI.c.o.export: OK
.lake/build/lib/lean/Theory/TypedAuthorization.olean: OK
.lake/build/lib/lean/Theory/TypedAuthorization.ilean: OK
.lake/build/ir/Theory/TypedAuthorization.c: OK
.lake/build/ir/Theory/TypedAuthorization.c.o.export: OK
.lake/build/lib/lean/Theory/AuthorizationDeclaration.olean: OK
.lake/build/lib/lean/Theory/AuthorizationDeclaration.ilean: OK
.lake/build/ir/Theory/AuthorizationDeclaration.c: OK
.lake/build/ir/Theory/AuthorizationDeclaration.c.o.export: OK
.lake/build/lib/lean/Compiler/SemanticManifest.olean: OK
.lake/build/lib/lean/Compiler/SemanticManifest.ilean: OK
.lake/build/ir/Compiler/SemanticManifest.c: OK
.lake/build/ir/Compiler/SemanticManifest.c.o.export: OK
.lake/build/lib/lean/Compiler/NativeKernelPlan.olean: OK
.lake/build/lib/lean/Compiler/NativeKernelPlan.ilean: OK
.lake/build/ir/Compiler/NativeKernelPlan.c: OK
.lake/build/ir/Compiler/NativeKernelPlan.c.o.export: OK
.lake/build/lib/lean/Selvage/CorrelatedAgreement.olean: OK
.lake/build/lib/lean/Selvage/CorrelatedAgreement.ilean: OK
.lake/build/ir/Selvage/CorrelatedAgreement.c: OK
.lake/build/ir/Selvage/CorrelatedAgreement.c.o.export: OK
.lake/build/lib/lean/Selvage/ReedSolomon.olean: OK
.lake/build/lib/lean/Selvage/ReedSolomon.ilean: OK
.lake/build/ir/Selvage/ReedSolomon.c: OK
.lake/build/ir/Selvage/ReedSolomon.c.o.export: OK
.lake/build/lib/lean/Selvage/ConstrainedCode.olean: OK
.lake/build/lib/lean/Selvage/ConstrainedCode.ilean: OK
.lake/build/ir/Selvage/ConstrainedCode.c: OK
.lake/build/ir/Selvage/ConstrainedCode.c.o.export: OK
.lake/build/lib/lean/Selvage/Accumulator.olean: OK
.lake/build/lib/lean/Selvage/Accumulator.ilean: OK
.lake/build/ir/Selvage/Accumulator.c: OK
.lake/build/ir/Selvage/Accumulator.c.o.export: OK
.lake/build/lib/lean/Selvage/Decider.olean: OK
.lake/build/lib/lean/Selvage/Decider.ilean: OK
.lake/build/ir/Selvage/Decider.c: OK
.lake/build/ir/Selvage/Decider.c.o.export: OK
.lake/build/lib/lean/Selvage/Commitment.olean: OK
.lake/build/lib/lean/Selvage/Commitment.ilean: OK
.lake/build/ir/Selvage/Commitment.c: OK
.lake/build/ir/Selvage/Commitment.c.o.export: OK
.lake/build/lib/lean/Compiler/AuthenticatedColumnPlan.olean: OK
.lake/build/lib/lean/Compiler/AuthenticatedColumnPlan.ilean: OK
.lake/build/ir/Compiler/AuthenticatedColumnPlan.c: OK
.lake/build/ir/Compiler/AuthenticatedColumnPlan.c.o.export: OK
.lake/build/lib/lean/Selvage/Rbr.olean: OK
.lake/build/lib/lean/Selvage/Rbr.ilean: OK
.lake/build/ir/Selvage/Rbr.c: OK
.lake/build/ir/Selvage/Rbr.c.o.export: OK
.lake/build/lib/lean/Selvage/Depth.olean: OK
.lake/build/lib/lean/Selvage/Depth.ilean: OK
.lake/build/ir/Selvage/Depth.c: OK
.lake/build/ir/Selvage/Depth.c.o.export: OK
.lake/build/lib/lean/Selvage/Sumcheck.olean: OK
.lake/build/lib/lean/Selvage/Sumcheck.ilean: OK
.lake/build/ir/Selvage/Sumcheck.c: OK
.lake/build/ir/Selvage/Sumcheck.c.o.export: OK
.lake/build/lib/lean/Selvage/SumcheckReduction.olean: OK
.lake/build/lib/lean/Selvage/SumcheckReduction.ilean: OK
.lake/build/ir/Selvage/SumcheckReduction.c: OK
.lake/build/ir/Selvage/SumcheckReduction.c.o.export: OK
.lake/build/lib/lean/Selvage/MultilinearExtension.olean: OK
.lake/build/lib/lean/Selvage/MultilinearExtension.ilean: OK
.lake/build/ir/Selvage/MultilinearExtension.c: OK
.lake/build/ir/Selvage/MultilinearExtension.c.o.export: OK
.lake/build/lib/lean/Selvage/BinaryLookup.olean: OK
.lake/build/lib/lean/Selvage/BinaryLookup.ilean: OK
.lake/build/ir/Selvage/BinaryLookup.c: OK
.lake/build/ir/Selvage/BinaryLookup.c.o.export: OK
.lake/build/lib/lean/Compiler/Tower256CshakeMerkleController.olean: OK
.lake/build/lib/lean/Compiler/Tower256CshakeMerkleController.ilean: OK
.lake/build/ir/Compiler/Tower256CshakeMerkleController.c: OK
.lake/build/ir/Compiler/Tower256CshakeMerkleController.c.o.export: OK
.lake/build/lib/lean/Compiler/TranscriptController.olean: OK
.lake/build/lib/lean/Compiler/TranscriptController.ilean: OK
.lake/build/ir/Compiler/TranscriptController.c: OK
.lake/build/ir/Compiler/TranscriptController.c.o.export: OK
.lake/build/lib/lean/Theory/EffectDeclaration.olean: OK
.lake/build/lib/lean/Theory/EffectDeclaration.ilean: OK
.lake/build/ir/Theory/EffectDeclaration.c: OK
.lake/build/ir/Theory/EffectDeclaration.c.o.export: OK
.lake/build/lib/lean/Compiler/DeclaredEffectArtifact.olean: OK
.lake/build/lib/lean/Compiler/DeclaredEffectArtifact.ilean: OK
.lake/build/ir/Compiler/DeclaredEffectArtifact.c: OK
.lake/build/ir/Compiler/DeclaredEffectArtifact.c.o.export: OK
.lake/build/lib/lean/Theory/PrivacyProfile.olean: OK
.lake/build/lib/lean/Theory/PrivacyProfile.ilean: OK
.lake/build/ir/Theory/PrivacyProfile.c: OK
.lake/build/ir/Theory/PrivacyProfile.c.o.export: OK
.lake/build/lib/lean/Theory/DisclosureDeclaration.olean: OK
.lake/build/lib/lean/Theory/DisclosureDeclaration.ilean: OK
.lake/build/ir/Theory/DisclosureDeclaration.c: OK
.lake/build/ir/Theory/DisclosureDeclaration.c.o.export: OK
.lake/build/lib/lean/Theory/GuardedAdvice.olean: OK
.lake/build/lib/lean/Theory/GuardedAdvice.ilean: OK
.lake/build/ir/Theory/GuardedAdvice.c: OK
.lake/build/ir/Theory/GuardedAdvice.c.o.export: OK
.lake/build/lib/lean/Theory/ReactiveReceipt.olean: OK
.lake/build/lib/lean/Theory/ReactiveReceipt.ilean: OK
.lake/build/ir/Theory/ReactiveReceipt.c: OK
.lake/build/ir/Theory/ReactiveReceipt.c.o.export: OK
.lake/build/lib/lean/Theory/ReactiveController.olean: OK
.lake/build/lib/lean/Theory/ReactiveController.ilean: OK
.lake/build/ir/Theory/ReactiveController.c: OK
.lake/build/ir/Theory/ReactiveController.c.o.export: OK
.lake/build/lib/lean/Compiler/SemanticArtifactBundle.olean: OK
.lake/build/lib/lean/Compiler/SemanticArtifactBundle.ilean: OK
.lake/build/ir/Compiler/SemanticArtifactBundle.c: OK
.lake/build/ir/Compiler/SemanticArtifactBundle.c.o.export: OK
.lake/build/lib/lean/Compiler/MinidreggV1Artifact.olean: OK
.lake/build/lib/lean/Compiler/MinidreggV1Artifact.ilean: OK
.lake/build/ir/Compiler/MinidreggV1Artifact.c: OK
.lake/build/ir/Compiler/MinidreggV1Artifact.c.o.export: OK
.lake/build/lib/lean/Compiler/BinaryTower256Profile.olean: OK
.lake/build/lib/lean/Compiler/BinaryTower256Profile.ilean: OK
.lake/build/ir/Compiler/BinaryTower256Profile.c: OK
.lake/build/ir/Compiler/BinaryTower256Profile.c.o.export: OK
.lake/build/lib/lean/Compiler/Sp800185Cshake256Core.olean: OK
.lake/build/lib/lean/Compiler/Sp800185Cshake256Core.ilean: OK
.lake/build/ir/Compiler/Sp800185Cshake256Core.c: OK
.lake/build/ir/Compiler/Sp800185Cshake256Core.c.o.export: OK
.lake/build/lib/lean/Compiler/Sp800185Cshake256.olean: OK
.lake/build/lib/lean/Compiler/Sp800185Cshake256.ilean: OK
.lake/build/ir/Compiler/Sp800185Cshake256.c: OK
.lake/build/ir/Compiler/Sp800185Cshake256.c.o.export: OK
.lake/build/lib/lean/Compiler/Tower256ConcreteBackend.olean: OK
.lake/build/lib/lean/Compiler/Tower256ConcreteBackend.ilean: OK
.lake/build/ir/Compiler/Tower256ConcreteBackend.c: OK
.lake/build/ir/Compiler/Tower256ConcreteBackend.c.o.export: OK
.lake/build/lib/lean/Theory/CellState.olean: OK
.lake/build/lib/lean/Theory/CellState.ilean: OK
.lake/build/ir/Theory/CellState.c: OK
.lake/build/ir/Theory/CellState.c.o.export: OK
.lake/build/lib/lean/Theory/DeclaredTurn.olean: OK
.lake/build/lib/lean/Theory/DeclaredTurn.ilean: OK
.lake/build/ir/Theory/DeclaredTurn.c: OK
.lake/build/ir/Theory/DeclaredTurn.c.o.export: OK
.lake/build/lib/lean/Theory/ReactiveCellTransition.olean: OK
.lake/build/lib/lean/Theory/ReactiveCellTransition.ilean: OK
.lake/build/ir/Theory/ReactiveCellTransition.c: OK
.lake/build/ir/Theory/ReactiveCellTransition.c.o.export: OK
.lake/build/lib/lean/Theory/CanonicalTransition.olean: OK
.lake/build/lib/lean/Theory/CanonicalTransition.ilean: OK
.lake/build/ir/Theory/CanonicalTransition.c: OK
.lake/build/ir/Theory/CanonicalTransition.c.o.export: OK
.lake/build/lib/lean/Theory/PrivateComputationDeclaration.olean: OK
.lake/build/lib/lean/Theory/PrivateComputationDeclaration.ilean: OK
.lake/build/ir/Theory/PrivateComputationDeclaration.c: OK
.lake/build/ir/Theory/PrivateComputationDeclaration.c.o.export: OK
.lake/build/lib/lean/Theory/AcceptedCellEffect.olean: OK
.lake/build/lib/lean/Theory/AcceptedCellEffect.ilean: OK
.lake/build/ir/Theory/AcceptedCellEffect.c: OK
.lake/build/ir/Theory/AcceptedCellEffect.c.o.export: OK
.lake/build/lib/lean/Theory/PolicyInstall.olean: OK
.lake/build/lib/lean/Theory/PolicyInstall.ilean: OK
.lake/build/ir/Theory/PolicyInstall.c: OK
.lake/build/ir/Theory/PolicyInstall.c.o.export: OK
.lake/build/lib/lean/Kernel/Turn.olean: OK
.lake/build/lib/lean/Kernel/Turn.ilean: OK
.lake/build/ir/Kernel/Turn.c: OK
.lake/build/ir/Kernel/Turn.c.o.export: OK
.lake/build/lib/lean/Kernel/MultiCellHyperedge.olean: OK
.lake/build/lib/lean/Kernel/MultiCellHyperedge.ilean: OK
.lake/build/ir/Kernel/MultiCellHyperedge.c: OK
.lake/build/ir/Kernel/MultiCellHyperedge.c.o.export: OK
.lake/build/lib/lean/Compiler/CanonicalPolicyAdmission.olean: OK
.lake/build/lib/lean/Compiler/CanonicalPolicyAdmission.ilean: OK
.lake/build/ir/Compiler/CanonicalPolicyAdmission.c: OK
.lake/build/ir/Compiler/CanonicalPolicyAdmission.c.o.export: OK
.lake/build/lib/lean/Compiler/TypedAuthorizationRequestCodec.olean: OK
.lake/build/lib/lean/Compiler/TypedAuthorizationRequestCodec.ilean: OK
.lake/build/ir/Compiler/TypedAuthorizationRequestCodec.c: OK
.lake/build/ir/Compiler/TypedAuthorizationRequestCodec.c.o.export: OK
.lake/build/lib/lean/Theory/CredentialSigningKey.olean: OK
.lake/build/lib/lean/Theory/CredentialSigningKey.ilean: OK
.lake/build/ir/Theory/CredentialSigningKey.c: OK
.lake/build/ir/Theory/CredentialSigningKey.c.o.export: OK
.lake/build/lib/lean/Compiler/CredentialSigningKeyCodec.olean: OK
.lake/build/lib/lean/Compiler/CredentialSigningKeyCodec.ilean: OK
.lake/build/ir/Compiler/CredentialSigningKeyCodec.c: OK
.lake/build/ir/Compiler/CredentialSigningKeyCodec.c.o.export: OK
.lake/build/lib/lean/Theory/CredentialAuthorityFamily.olean: OK
.lake/build/lib/lean/Theory/CredentialAuthorityFamily.ilean: OK
.lake/build/ir/Theory/CredentialAuthorityFamily.c: OK
.lake/build/ir/Theory/CredentialAuthorityFamily.c.o.export: OK
.lake/build/lib/lean/Theory/CredentialAuthorityState.olean: OK
.lake/build/lib/lean/Theory/CredentialAuthorityState.ilean: OK
.lake/build/ir/Theory/CredentialAuthorityState.c: OK
.lake/build/ir/Theory/CredentialAuthorityState.c.o.export: OK
.lake/build/lib/lean/Compiler/CredentialAuthorityEntryCodec.olean: OK
.lake/build/lib/lean/Compiler/CredentialAuthorityEntryCodec.ilean: OK
.lake/build/ir/Compiler/CredentialAuthorityEntryCodec.c: OK
.lake/build/ir/Compiler/CredentialAuthorityEntryCodec.c.o.export: OK
.lake/build/lib/lean/Compiler/CredentialAuthorityPageMaterializer.olean: OK
.lake/build/lib/lean/Compiler/CredentialAuthorityPageMaterializer.ilean: OK
.lake/build/ir/Compiler/CredentialAuthorityPageMaterializer.c: OK
.lake/build/ir/Compiler/CredentialAuthorityPageMaterializer.c.o.export: OK
.lake/build/lib/lean/Theory/CausalVersionDag.olean: OK
.lake/build/lib/lean/Theory/CausalVersionDag.ilean: OK
.lake/build/ir/Theory/CausalVersionDag.c: OK
.lake/build/ir/Theory/CausalVersionDag.c.o.export: OK
.lake/build/lib/lean/Theory/Hyperdocument.olean: OK
.lake/build/lib/lean/Theory/Hyperdocument.ilean: OK
.lake/build/ir/Theory/Hyperdocument.c: OK
.lake/build/ir/Theory/Hyperdocument.c.o.export: OK
.lake/build/lib/lean/Theory/HyperdocumentOperationIntent.olean: OK
.lake/build/lib/lean/Theory/HyperdocumentOperationIntent.ilean: OK
.lake/build/ir/Theory/HyperdocumentOperationIntent.c: OK
.lake/build/ir/Theory/HyperdocumentOperationIntent.c.o.export: OK
.lake/build/lib/lean/Theory/StableRanges.olean: OK
.lake/build/lib/lean/Theory/StableRanges.ilean: OK
.lake/build/ir/Theory/StableRanges.c: OK
.lake/build/ir/Theory/StableRanges.c.o.export: OK
.lake/build/lib/lean/Theory/HyperdocumentOperations.olean: OK
.lake/build/lib/lean/Theory/HyperdocumentOperations.ilean: OK
.lake/build/ir/Theory/HyperdocumentOperations.c: OK
.lake/build/ir/Theory/HyperdocumentOperations.c.o.export: OK
.lake/build/lib/lean/Compiler/HyperdocumentCodec.olean: OK
.lake/build/lib/lean/Compiler/HyperdocumentCodec.ilean: OK
.lake/build/ir/Compiler/HyperdocumentCodec.c: OK
.lake/build/ir/Compiler/HyperdocumentCodec.c.o.export: OK
.lake/build/lib/lean/Compiler/HyperdocumentContentPageMaterializer.olean: OK
.lake/build/lib/lean/Compiler/HyperdocumentContentPageMaterializer.ilean: OK
.lake/build/ir/Compiler/HyperdocumentContentPageMaterializer.c: OK
.lake/build/ir/Compiler/HyperdocumentContentPageMaterializer.c.o.export: OK
.lake/build/lib/lean/Kernel/SparseAuthenticatedState.olean: OK
.lake/build/lib/lean/Kernel/SparseAuthenticatedState.ilean: OK
.lake/build/ir/Kernel/SparseAuthenticatedState.c: OK
.lake/build/ir/Kernel/SparseAuthenticatedState.c.o.export: OK
.lake/build/lib/lean/Kernel/HyperdocumentEventLog.olean: OK
.lake/build/lib/lean/Kernel/HyperdocumentEventLog.ilean: OK
.lake/build/ir/Kernel/HyperdocumentEventLog.c: OK
.lake/build/ir/Kernel/HyperdocumentEventLog.c.o.export: OK
.lake/build/lib/lean/Compiler/HyperdocumentEventPageMaterializer.olean: OK
.lake/build/lib/lean/Compiler/HyperdocumentEventPageMaterializer.ilean: OK
.lake/build/ir/Compiler/HyperdocumentEventPageMaterializer.c: OK
.lake/build/ir/Compiler/HyperdocumentEventPageMaterializer.c.o.export: OK
.lake/build/lib/lean/Compiler/BoundedPageExtensionCatalog.olean: OK
.lake/build/lib/lean/Compiler/BoundedPageExtensionCatalog.ilean: OK
.lake/build/ir/Compiler/BoundedPageExtensionCatalog.c: OK
.lake/build/ir/Compiler/BoundedPageExtensionCatalog.c.o.export: OK
.lake/build/lib/lean/Kernel/DeclaredHyperedge.olean: OK
.lake/build/lib/lean/Kernel/DeclaredHyperedge.ilean: OK
.lake/build/ir/Kernel/DeclaredHyperedge.c: OK
.lake/build/ir/Kernel/DeclaredHyperedge.c.o.export: OK
.lake/build/lib/lean/Kernel/TypedCellHyperedge.olean: OK
.lake/build/lib/lean/Kernel/TypedCellHyperedge.ilean: OK
.lake/build/ir/Kernel/TypedCellHyperedge.c: OK
.lake/build/ir/Kernel/TypedCellHyperedge.c.o.export: OK
.lake/build/lib/lean/Theory/MaterializerCardinality.olean: OK
.lake/build/lib/lean/Theory/MaterializerCardinality.ilean: OK
.lake/build/ir/Theory/MaterializerCardinality.c: OK
.lake/build/ir/Theory/MaterializerCardinality.c.o.export: OK
.lake/build/lib/lean/Theory/SparseLogicalState.olean: OK
.lake/build/lib/lean/Theory/SparseLogicalState.ilean: OK
.lake/build/ir/Theory/SparseLogicalState.c: OK
.lake/build/ir/Theory/SparseLogicalState.c.o.export: OK
.lake/build/lib/lean/Theory/DeployedMaterializerWitness.olean: OK
.lake/build/lib/lean/Theory/DeployedMaterializerWitness.ilean: OK
.lake/build/ir/Theory/DeployedMaterializerWitness.c: OK
.lake/build/ir/Theory/DeployedMaterializerWitness.c.o.export: OK
.lake/build/lib/lean/Theory/TypedAuthorizationWitness.olean: OK
.lake/build/lib/lean/Theory/TypedAuthorizationWitness.ilean: OK
.lake/build/ir/Theory/TypedAuthorizationWitness.c: OK
.lake/build/ir/Theory/TypedAuthorizationWitness.c.o.export: OK
.lake/build/lib/lean/Kernel/DeclaredHyperedgeWitness.olean: OK
.lake/build/lib/lean/Kernel/DeclaredHyperedgeWitness.ilean: OK
.lake/build/ir/Kernel/DeclaredHyperedgeWitness.c: OK
.lake/build/ir/Kernel/DeclaredHyperedgeWitness.c.o.export: OK
.lake/build/lib/lean/Theory/ResourceCost.olean: OK
.lake/build/lib/lean/Theory/ResourceCost.ilean: OK
.lake/build/ir/Theory/ResourceCost.c: OK
.lake/build/ir/Theory/ResourceCost.c.o.export: OK
.lake/build/lib/lean/Theory/DeclaredActionLowering.olean: OK
.lake/build/lib/lean/Theory/DeclaredActionLowering.ilean: OK
.lake/build/ir/Theory/DeclaredActionLowering.c: OK
.lake/build/ir/Theory/DeclaredActionLowering.c.o.export: OK
.lake/build/lib/lean/Compiler/DeclaredEffectPageMaterializer.olean: OK
.lake/build/lib/lean/Compiler/DeclaredEffectPageMaterializer.ilean: OK
.lake/build/ir/Compiler/DeclaredEffectPageMaterializer.c: OK
.lake/build/ir/Compiler/DeclaredEffectPageMaterializer.c.o.export: OK
.lake/build/lib/lean/Compiler/FiniteDependentMapCodec.olean: OK
.lake/build/lib/lean/Compiler/FiniteDependentMapCodec.ilean: OK
.lake/build/ir/Compiler/FiniteDependentMapCodec.c: OK
.lake/build/ir/Compiler/FiniteDependentMapCodec.c.o.export: OK
.lake/build/lib/lean/Compiler/CredentialAuthorityStateCodec.olean: OK
.lake/build/lib/lean/Compiler/CredentialAuthorityStateCodec.ilean: OK
.lake/build/ir/Compiler/CredentialAuthorityStateCodec.c: OK
.lake/build/ir/Compiler/CredentialAuthorityStateCodec.c.o.export: OK
.lake/build/lib/lean/Compiler/CredentialAuthorityDomain.olean: OK
.lake/build/lib/lean/Compiler/CredentialAuthorityDomain.ilean: OK
.lake/build/ir/Compiler/CredentialAuthorityDomain.c: OK
.lake/build/ir/Compiler/CredentialAuthorityDomain.c.o.export: OK
.lake/build/lib/lean/Theory/CanonicalResourceKernel.olean: OK
.lake/build/lib/lean/Theory/CanonicalResourceKernel.ilean: OK
.lake/build/ir/Theory/CanonicalResourceKernel.c: OK
.lake/build/ir/Theory/CanonicalResourceKernel.c.o.export: OK
.lake/build/lib/lean/Compiler/CanonicalResourcePageMaterializer.olean: OK
.lake/build/lib/lean/Compiler/CanonicalResourcePageMaterializer.ilean: OK
.lake/build/ir/Compiler/CanonicalResourcePageMaterializer.c: OK
.lake/build/ir/Compiler/CanonicalResourcePageMaterializer.c.o.export: OK
.lake/build/lib/lean/Theory/CellSlot.olean: OK
.lake/build/lib/lean/Theory/CellSlot.ilean: OK
.lake/build/ir/Theory/CellSlot.c: OK
.lake/build/ir/Theory/CellSlot.c.o.export: OK
.lake/build/lib/lean/Theory/ResourceBirth.olean: OK
.lake/build/lib/lean/Theory/ResourceBirth.ilean: OK
.lake/build/ir/Theory/ResourceBirth.c: OK
.lake/build/ir/Theory/ResourceBirth.c.o.export: OK
.lake/build/lib/lean/Compiler/ResourceBirthCodec.olean: OK
.lake/build/lib/lean/Compiler/ResourceBirthCodec.ilean: OK
.lake/build/ir/Compiler/ResourceBirthCodec.c: OK
.lake/build/ir/Compiler/ResourceBirthCodec.c.o.export: OK
.lake/build/lib/lean/Compiler/PolicyRecordCodec.olean: OK
.lake/build/lib/lean/Compiler/PolicyRecordCodec.ilean: OK
.lake/build/ir/Compiler/PolicyRecordCodec.c: OK
.lake/build/ir/Compiler/PolicyRecordCodec.c.o.export: OK
.lake/build/lib/lean/Compiler/PolicySourceCell.olean: OK
.lake/build/lib/lean/Compiler/PolicySourceCell.ilean: OK
.lake/build/ir/Compiler/PolicySourceCell.c: OK
.lake/build/ir/Compiler/PolicySourceCell.c.o.export: OK
.lake/build/lib/lean/Theory/CanonicalResourceBookInvariant.olean: OK
.lake/build/lib/lean/Theory/CanonicalResourceBookInvariant.ilean: OK
.lake/build/ir/Theory/CanonicalResourceBookInvariant.c: OK
.lake/build/ir/Theory/CanonicalResourceBookInvariant.c.o.export: OK
.lake/build/lib/lean/Compiler/CanonicalCellRegistry.olean: OK
.lake/build/lib/lean/Compiler/CanonicalCellRegistry.ilean: OK
.lake/build/ir/Compiler/CanonicalCellRegistry.c: OK
.lake/build/ir/Compiler/CanonicalCellRegistry.c.o.export: OK
.lake/build/lib/lean/Kernel/DurableCommitProtocol.olean: OK
.lake/build/lib/lean/Kernel/DurableCommitProtocol.ilean: OK
.lake/build/ir/Kernel/DurableCommitProtocol.c: OK
.lake/build/ir/Kernel/DurableCommitProtocol.c.o.export: OK
.lake/build/lib/lean/Kernel/DurableDataIntent.olean: OK
.lake/build/lib/lean/Kernel/DurableDataIntent.ilean: OK
.lake/build/ir/Kernel/DurableDataIntent.c: OK
.lake/build/ir/Kernel/DurableDataIntent.c.o.export: OK
.lake/build/lib/lean/Compiler/CredentialAuthorityReplay.olean: OK
.lake/build/lib/lean/Compiler/CredentialAuthorityReplay.ilean: OK
.lake/build/ir/Compiler/CredentialAuthorityReplay.c: OK
.lake/build/ir/Compiler/CredentialAuthorityReplay.c.o.export: OK
.lake/build/lib/lean/Kernel/CanonicalPolicyRegistry.olean: OK
.lake/build/lib/lean/Kernel/CanonicalPolicyRegistry.ilean: OK
.lake/build/ir/Kernel/CanonicalPolicyRegistry.c: OK
.lake/build/ir/Kernel/CanonicalPolicyRegistry.c.o.export: OK
.lake/build/lib/lean/Kernel/CredentialSignedEnvelopeController.olean: OK
.lake/build/lib/lean/Kernel/CredentialSignedEnvelopeController.ilean: OK
.lake/build/ir/Kernel/CredentialSignedEnvelopeController.c: OK
.lake/build/ir/Kernel/CredentialSignedEnvelopeController.c.o.export: OK
.lake/build/lib/lean/Compiler/CredentialSignatureIO.olean: OK
.lake/build/lib/lean/Compiler/CredentialSignatureIO.ilean: OK
.lake/build/ir/Compiler/CredentialSignatureIO.c: OK
.lake/build/ir/Compiler/CredentialSignatureIO.c.o.export: OK
.lake/build/lib/lean/Compiler/CredentialSignatureAdmission.olean: OK
.lake/build/lib/lean/Compiler/CredentialSignatureAdmission.ilean: OK
.lake/build/ir/Compiler/CredentialSignatureAdmission.c: OK
.lake/build/ir/Compiler/CredentialSignatureAdmission.c.o.export: OK
.lake/build/lib/lean/Compiler/CanonicalRuntimeProfile.olean: OK
.lake/build/lib/lean/Compiler/CanonicalRuntimeProfile.ilean: OK
.lake/build/ir/Compiler/CanonicalRuntimeProfile.c: OK
.lake/build/ir/Compiler/CanonicalRuntimeProfile.c.o.export: OK
.lake/build/lib/lean/Compiler/NativeHostProfile.olean: OK
.lake/build/lib/lean/Compiler/NativeHostProfile.ilean: OK
.lake/build/ir/Compiler/NativeHostProfile.c: OK
.lake/build/ir/Compiler/NativeHostProfile.c.o.export: OK
.lake/build/lib/lean/Kernel/DurableReceiver.olean: OK
.lake/build/lib/lean/Kernel/DurableReceiver.ilean: OK
.lake/build/ir/Kernel/DurableReceiver.c: OK
.lake/build/ir/Kernel/DurableReceiver.c.o.export: OK
.lake/build/lib/lean/Compiler/DurableReceiverCodec.olean: OK
.lake/build/lib/lean/Compiler/DurableReceiverCodec.ilean: OK
.lake/build/ir/Compiler/DurableReceiverCodec.c: OK
.lake/build/ir/Compiler/DurableReceiverCodec.c.o.export: OK
.lake/build/lib/lean/Compiler/DurableReceiverIO.olean: OK
.lake/build/lib/lean/Compiler/DurableReceiverIO.ilean: OK
.lake/build/ir/Compiler/DurableReceiverIO.c: OK
.lake/build/ir/Compiler/DurableReceiverIO.c.o.export: OK
.lake/build/lib/lean/Theory/CredentialLineageAdmission.olean: OK
.lake/build/lib/lean/Theory/CredentialLineageAdmission.ilean: OK
.lake/build/ir/Theory/CredentialLineageAdmission.c: OK
.lake/build/ir/Theory/CredentialLineageAdmission.c.o.export: OK
.lake/build/lib/lean/Theory/CredentialAuthorityEffects.olean: OK
.lake/build/lib/lean/Theory/CredentialAuthorityEffects.ilean: OK
.lake/build/ir/Theory/CredentialAuthorityEffects.c: OK
.lake/build/ir/Theory/CredentialAuthorityEffects.c.o.export: OK
.lake/build/lib/lean/Theory/ResourceBirthAuthority.olean: OK
.lake/build/lib/lean/Theory/ResourceBirthAuthority.ilean: OK
.lake/build/ir/Theory/ResourceBirthAuthority.c: OK
.lake/build/ir/Theory/ResourceBirthAuthority.c.o.export: OK
.lake/build/lib/lean/Compiler/CredentialAuthorityDomainReceiver.olean: OK
.lake/build/lib/lean/Compiler/CredentialAuthorityDomainReceiver.ilean: OK
.lake/build/ir/Compiler/CredentialAuthorityDomainReceiver.c: OK
.lake/build/ir/Compiler/CredentialAuthorityDomainReceiver.c.o.export: OK
.lake/build/lib/lean/Compiler/CredentialAuthorityPolicyRegistry.olean: OK
.lake/build/lib/lean/Compiler/CredentialAuthorityPolicyRegistry.ilean: OK
.lake/build/ir/Compiler/CredentialAuthorityPolicyRegistry.c: OK
.lake/build/ir/Compiler/CredentialAuthorityPolicyRegistry.c.o.export: OK
.lake/build/lib/lean/Compiler/GrainResourceBirthAuthority.olean: OK
.lake/build/lib/lean/Compiler/GrainResourceBirthAuthority.ilean: OK
.lake/build/ir/Compiler/GrainResourceBirthAuthority.c: OK
.lake/build/ir/Compiler/GrainResourceBirthAuthority.c.o.export: OK
.lake/build/lib/lean/Kernel/CanonicalResourceEffect.olean: OK
.lake/build/lib/lean/Kernel/CanonicalResourceEffect.ilean: OK
.lake/build/ir/Kernel/CanonicalResourceEffect.c: OK
.lake/build/ir/Kernel/CanonicalResourceEffect.c.o.export: OK
.lake/build/lib/lean/Kernel/ResourceBirthController.olean: OK
.lake/build/lib/lean/Kernel/ResourceBirthController.ilean: OK
.lake/build/ir/Kernel/ResourceBirthController.c: OK
.lake/build/ir/Kernel/ResourceBirthController.c.o.export: OK
.lake/build/lib/lean/Kernel/DeclaredResourceProjection.olean: OK
.lake/build/lib/lean/Kernel/DeclaredResourceProjection.ilean: OK
.lake/build/ir/Kernel/DeclaredResourceProjection.c: OK
.lake/build/ir/Kernel/DeclaredResourceProjection.c.o.export: OK
.lake/build/lib/lean/Kernel/DeclaredResourceScalar.olean: OK
.lake/build/lib/lean/Kernel/DeclaredResourceScalar.ilean: OK
.lake/build/ir/Kernel/DeclaredResourceScalar.c: OK
.lake/build/ir/Kernel/DeclaredResourceScalar.c.o.export: OK
.lake/build/lib/lean/Kernel/ContentResource.olean: OK
.lake/build/lib/lean/Kernel/ContentResource.ilean: OK
.lake/build/ir/Kernel/ContentResource.c: OK
.lake/build/ir/Kernel/ContentResource.c.o.export: OK
.lake/build/lib/lean/Kernel/ResourceTransaction.olean: OK
.lake/build/lib/lean/Kernel/ResourceTransaction.ilean: OK
.lake/build/ir/Kernel/ResourceTransaction.c: OK
.lake/build/ir/Kernel/ResourceTransaction.c.o.export: OK
.lake/build/lib/lean/Compiler/ResourceTargetAdmission.olean: OK
.lake/build/lib/lean/Compiler/ResourceTargetAdmission.ilean: OK
.lake/build/ir/Compiler/ResourceTargetAdmission.c: OK
.lake/build/ir/Compiler/ResourceTargetAdmission.c.o.export: OK
.lake/build/lib/lean/Compiler/CanonicalAccountView.olean: OK
.lake/build/lib/lean/Compiler/CanonicalAccountView.ilean: OK
.lake/build/ir/Compiler/CanonicalAccountView.c: OK
.lake/build/ir/Compiler/CanonicalAccountView.c.o.export: OK
.lake/build/lib/lean/Compiler/ResourceAuthorityProjection.olean: OK
.lake/build/lib/lean/Compiler/ResourceAuthorityProjection.ilean: OK
.lake/build/ir/Compiler/ResourceAuthorityProjection.c: OK
.lake/build/ir/Compiler/ResourceAuthorityProjection.c.o.export: OK
.lake/build/lib/lean/Kernel/ResourceObservationAdmission.olean: OK
.lake/build/lib/lean/Kernel/ResourceObservationAdmission.ilean: OK
.lake/build/ir/Kernel/ResourceObservationAdmission.c: OK
.lake/build/ir/Kernel/ResourceObservationAdmission.c.o.export: OK
.lake/build/lib/lean/Kernel/DeclaredResourceController.olean: OK
.lake/build/lib/lean/Kernel/DeclaredResourceController.ilean: OK
.lake/build/ir/Kernel/DeclaredResourceController.c: OK
.lake/build/ir/Kernel/DeclaredResourceController.c.o.export: OK
.lake/build/lib/lean/Compiler/DeclaredHyperedgeArtifact.olean: OK
.lake/build/lib/lean/Compiler/DeclaredHyperedgeArtifact.ilean: OK
.lake/build/ir/Compiler/DeclaredHyperedgeArtifact.c: OK
.lake/build/ir/Compiler/DeclaredHyperedgeArtifact.c.o.export: OK
.lake/build/lib/lean/Kernel/PolicyInstallController.olean: OK
.lake/build/lib/lean/Kernel/PolicyInstallController.ilean: OK
.lake/build/ir/Kernel/PolicyInstallController.c: OK
.lake/build/ir/Kernel/PolicyInstallController.c.o.export: OK
.lake/build/lib/lean/Kernel/PolicyInstallReceiver.olean: OK
.lake/build/lib/lean/Kernel/PolicyInstallReceiver.ilean: OK
.lake/build/ir/Kernel/PolicyInstallReceiver.c: OK
.lake/build/ir/Kernel/PolicyInstallReceiver.c.o.export: OK
.lake/build/lib/lean/Kernel/ResourceBirthPolicyController.olean: OK
.lake/build/lib/lean/Kernel/ResourceBirthPolicyController.ilean: OK
.lake/build/ir/Kernel/ResourceBirthPolicyController.c: OK
.lake/build/ir/Kernel/ResourceBirthPolicyController.c.o.export: OK
.lake/build/lib/lean/Kernel/ResourceBirthReceiver.olean: OK
.lake/build/lib/lean/Kernel/ResourceBirthReceiver.ilean: OK
.lake/build/ir/Kernel/ResourceBirthReceiver.c: OK
.lake/build/ir/Kernel/ResourceBirthReceiver.c.o.export: OK
.lake/build/lib/lean/Kernel/CapabilityDelegationController.olean: OK
.lake/build/lib/lean/Kernel/CapabilityDelegationController.ilean: OK
.lake/build/ir/Kernel/CapabilityDelegationController.c: OK
.lake/build/ir/Kernel/CapabilityDelegationController.c.o.export: OK
.lake/build/lib/lean/Kernel/CapabilityDelegationReceiver.olean: OK
.lake/build/lib/lean/Kernel/CapabilityDelegationReceiver.ilean: OK
.lake/build/ir/Kernel/CapabilityDelegationReceiver.c: OK
.lake/build/ir/Kernel/CapabilityDelegationReceiver.c.o.export: OK
.lake/build/lib/lean/Kernel/CapabilityRevocationController.olean: OK
.lake/build/lib/lean/Kernel/CapabilityRevocationController.ilean: OK
.lake/build/ir/Kernel/CapabilityRevocationController.c: OK
.lake/build/ir/Kernel/CapabilityRevocationController.c.o.export: OK
.lake/build/lib/lean/Kernel/CapabilityRevocationReceiver.olean: OK
.lake/build/lib/lean/Kernel/CapabilityRevocationReceiver.ilean: OK
.lake/build/ir/Kernel/CapabilityRevocationReceiver.c: OK
.lake/build/ir/Kernel/CapabilityRevocationReceiver.c.o.export: OK
.lake/build/lib/lean/Compiler/NativeHostCodec.olean: OK
.lake/build/lib/lean/Compiler/NativeHostCodec.ilean: OK
.lake/build/ir/Compiler/NativeHostCodec.c: OK
.lake/build/ir/Compiler/NativeHostCodec.c.o.export: OK
.lake/build/lib/lean/Kernel/AgentGrain.olean: OK
.lake/build/lib/lean/Kernel/AgentGrain.ilean: OK
.lake/build/ir/Kernel/AgentGrain.c: OK
.lake/build/ir/Kernel/AgentGrain.c.o.export: OK
.lake/build/lib/lean/Compiler/GrainResourceBirthController.olean: OK
.lake/build/lib/lean/Compiler/GrainResourceBirthController.ilean: OK
.lake/build/ir/Compiler/GrainResourceBirthController.c: OK
.lake/build/ir/Compiler/GrainResourceBirthController.c.o.export: OK
.lake/build/lib/lean/Kernel/NativeHostContext.olean: OK
.lake/build/lib/lean/Kernel/NativeHostContext.ilean: OK
.lake/build/ir/Kernel/NativeHostContext.c: OK
.lake/build/ir/Kernel/NativeHostContext.c.o.export: OK
.lake/build/lib/lean/Compiler/GrainResourceBirthHostCodec.olean: OK
.lake/build/lib/lean/Compiler/GrainResourceBirthHostCodec.ilean: OK
.lake/build/ir/Compiler/GrainResourceBirthHostCodec.c: OK
.lake/build/ir/Compiler/GrainResourceBirthHostCodec.c.o.export: OK
.lake/build/lib/lean/Kernel/GrainResourceBirthPolicyController.olean: OK
.lake/build/lib/lean/Kernel/GrainResourceBirthPolicyController.ilean: OK
.lake/build/ir/Kernel/GrainResourceBirthPolicyController.c: OK
.lake/build/ir/Kernel/GrainResourceBirthPolicyController.c.o.export: OK
.lake/build/lib/lean/Kernel/GrainResourceBirthFamilies.olean: OK
.lake/build/lib/lean/Kernel/GrainResourceBirthFamilies.ilean: OK
.lake/build/ir/Kernel/GrainResourceBirthFamilies.c: OK
.lake/build/ir/Kernel/GrainResourceBirthFamilies.c.o.export: OK
.lake/build/lib/lean/Kernel/GrainResourceBirthTransaction.olean: OK
.lake/build/lib/lean/Kernel/GrainResourceBirthTransaction.ilean: OK
.lake/build/ir/Kernel/GrainResourceBirthTransaction.c: OK
.lake/build/ir/Kernel/GrainResourceBirthTransaction.c.o.export: OK
.lake/build/lib/lean/Kernel/GrainResourceBirthAdmission.olean: OK
.lake/build/lib/lean/Kernel/GrainResourceBirthAdmission.ilean: OK
.lake/build/ir/Kernel/GrainResourceBirthAdmission.c: OK
.lake/build/ir/Kernel/GrainResourceBirthAdmission.c.o.export: OK
.lake/build/lib/lean/Kernel/NativeHostGrainBirth.olean: OK
.lake/build/lib/lean/Kernel/NativeHostGrainBirth.ilean: OK
.lake/build/ir/Kernel/NativeHostGrainBirth.c: OK
.lake/build/ir/Kernel/NativeHostGrainBirth.c.o.export: OK
.lake/build/lib/lean/Kernel/GrainResourceBirthReceiver.olean: OK
.lake/build/lib/lean/Kernel/GrainResourceBirthReceiver.ilean: OK
.lake/build/ir/Kernel/GrainResourceBirthReceiver.c: OK
.lake/build/ir/Kernel/GrainResourceBirthReceiver.c.o.export: OK
.lake/build/lib/lean/Compiler/NativeObservationCodec.olean: OK
.lake/build/lib/lean/Compiler/NativeObservationCodec.ilean: OK
.lake/build/ir/Compiler/NativeObservationCodec.c: OK
.lake/build/ir/Compiler/NativeObservationCodec.c.o.export: OK
.lake/build/lib/lean/Kernel/NativeObservationController.olean: OK
.lake/build/lib/lean/Kernel/NativeObservationController.ilean: OK
.lake/build/ir/Kernel/NativeObservationController.c: OK
.lake/build/ir/Kernel/NativeObservationController.c.o.export: OK
.lake/build/lib/lean/Compiler/FnEvidenceCodec.olean: OK
.lake/build/lib/lean/Compiler/FnEvidenceCodec.ilean: OK
.lake/build/ir/Compiler/FnEvidenceCodec.c: OK
.lake/build/ir/Compiler/FnEvidenceCodec.c.o.export: OK
.lake/build/lib/lean/Kernel/FnSelectiveRelease.olean: OK
.lake/build/lib/lean/Kernel/FnSelectiveRelease.ilean: OK
.lake/build/ir/Kernel/FnSelectiveRelease.c: OK
.lake/build/ir/Kernel/FnSelectiveRelease.c.o.export: OK
.lake/build/lib/lean/Kernel/FnGatewayPolicy.olean: OK
.lake/build/lib/lean/Kernel/FnGatewayPolicy.ilean: OK
.lake/build/ir/Kernel/FnGatewayPolicy.c: OK
.lake/build/ir/Kernel/FnGatewayPolicy.c.o.export: OK
.lake/build/lib/lean/Kernel/FnSelectiveReleaseSignature.olean: OK
.lake/build/lib/lean/Kernel/FnSelectiveReleaseSignature.ilean: OK
.lake/build/ir/Kernel/FnSelectiveReleaseSignature.c: OK
.lake/build/ir/Kernel/FnSelectiveReleaseSignature.c.o.export: OK
.lake/build/lib/lean/Kernel/FnSelectiveReleaseIngress.olean: OK
.lake/build/lib/lean/Kernel/FnSelectiveReleaseIngress.ilean: OK
.lake/build/ir/Kernel/FnSelectiveReleaseIngress.c: OK
.lake/build/ir/Kernel/FnSelectiveReleaseIngress.c.o.export: OK
.lake/build/lib/lean/Kernel/FnSelectiveReleaseAdmission.olean: OK
.lake/build/lib/lean/Kernel/FnSelectiveReleaseAdmission.ilean: OK
.lake/build/ir/Kernel/FnSelectiveReleaseAdmission.c: OK
.lake/build/ir/Kernel/FnSelectiveReleaseAdmission.c.o.export: OK
.lake/build/lib/lean/Kernel/FnSelectiveReleaseSourcePublication.olean: OK
.lake/build/lib/lean/Kernel/FnSelectiveReleaseSourcePublication.ilean: OK
.lake/build/ir/Kernel/FnSelectiveReleaseSourcePublication.c: OK
.lake/build/ir/Kernel/FnSelectiveReleaseSourcePublication.c.o.export: OK
.lake/build/lib/lean/Kernel/PhysicalResourceReadGuard.olean: OK
.lake/build/lib/lean/Kernel/PhysicalResourceReadGuard.ilean: OK
.lake/build/ir/Kernel/PhysicalResourceReadGuard.c: OK
.lake/build/ir/Kernel/PhysicalResourceReadGuard.c.o.export: OK
.lake/build/lib/lean/Kernel/FnSelectiveReleaseSourceAuthority.olean: OK
.lake/build/lib/lean/Kernel/FnSelectiveReleaseSourceAuthority.ilean: OK
.lake/build/ir/Kernel/FnSelectiveReleaseSourceAuthority.c: OK
.lake/build/ir/Kernel/FnSelectiveReleaseSourceAuthority.c.o.export: OK
.lake/build/lib/lean/Kernel/FnSelectiveReleaseSourceReceiver.olean: OK
.lake/build/lib/lean/Kernel/FnSelectiveReleaseSourceReceiver.ilean: OK
.lake/build/ir/Kernel/FnSelectiveReleaseSourceReceiver.c: OK
.lake/build/ir/Kernel/FnSelectiveReleaseSourceReceiver.c.o.export: OK
.lake/build/lib/lean/Kernel/ApplicationGrain.olean: OK
.lake/build/lib/lean/Kernel/ApplicationGrain.ilean: OK
.lake/build/ir/Kernel/ApplicationGrain.c: OK
.lake/build/ir/Kernel/ApplicationGrain.c.o.export: OK
.lake/build/lib/lean/Kernel/ApplicationLifecycleBegin.olean: OK
.lake/build/lib/lean/Kernel/ApplicationLifecycleBegin.ilean: OK
.lake/build/ir/Kernel/ApplicationLifecycleBegin.c: OK
.lake/build/ir/Kernel/ApplicationLifecycleBegin.c.o.export: OK
.lake/build/lib/lean/Kernel/ApplicationLifecycleBeginIngress.olean: OK
.lake/build/lib/lean/Kernel/ApplicationLifecycleBeginIngress.ilean: OK
.lake/build/ir/Kernel/ApplicationLifecycleBeginIngress.c: OK
.lake/build/ir/Kernel/ApplicationLifecycleBeginIngress.c.o.export: OK
.lake/build/lib/lean/Kernel/ApplicationDispatchCodec.olean: OK
.lake/build/lib/lean/Kernel/ApplicationDispatchCodec.ilean: OK
.lake/build/ir/Kernel/ApplicationDispatchCodec.c: OK
.lake/build/ir/Kernel/ApplicationDispatchCodec.c.o.export: OK
.lake/build/lib/lean/Kernel/ApplicationGrainSession.olean: OK
.lake/build/lib/lean/Kernel/ApplicationGrainSession.ilean: OK
.lake/build/ir/Kernel/ApplicationGrainSession.c: OK
.lake/build/ir/Kernel/ApplicationGrainSession.c.o.export: OK
.lake/build/lib/lean/Kernel/ApplicationGrainSessionEnrollment.olean: OK
.lake/build/lib/lean/Kernel/ApplicationGrainSessionEnrollment.ilean: OK
.lake/build/ir/Kernel/ApplicationGrainSessionEnrollment.c: OK
.lake/build/ir/Kernel/ApplicationGrainSessionEnrollment.c.o.export: OK
.lake/build/lib/lean/Kernel/ApplicationPermissionSchema.olean: OK
.lake/build/lib/lean/Kernel/ApplicationPermissionSchema.ilean: OK
.lake/build/ir/Kernel/ApplicationPermissionSchema.c: OK
.lake/build/ir/Kernel/ApplicationPermissionSchema.c.o.export: OK
.lake/build/lib/lean/Kernel/ApplicationDispatchManifest.olean: OK
.lake/build/lib/lean/Kernel/ApplicationDispatchManifest.ilean: OK
.lake/build/ir/Kernel/ApplicationDispatchManifest.c: OK
.lake/build/ir/Kernel/ApplicationDispatchManifest.c.o.export: OK
.lake/build/lib/lean/Kernel/ApplicationLifecycleBeginReceiver.olean: OK
.lake/build/lib/lean/Kernel/ApplicationLifecycleBeginReceiver.ilean: OK
.lake/build/ir/Kernel/ApplicationLifecycleBeginReceiver.c: OK
.lake/build/ir/Kernel/ApplicationLifecycleBeginReceiver.c.o.export: OK
.lake/build/lib/lean/Kernel/ApplicationLifecycleClaim.olean: OK
.lake/build/lib/lean/Kernel/ApplicationLifecycleClaim.ilean: OK
.lake/build/ir/Kernel/ApplicationLifecycleClaim.c: OK
.lake/build/ir/Kernel/ApplicationLifecycleClaim.c.o.export: OK
.lake/build/lib/lean/Kernel/ApplicationLifecycleClaimIngress.olean: OK
.lake/build/lib/lean/Kernel/ApplicationLifecycleClaimIngress.ilean: OK
.lake/build/ir/Kernel/ApplicationLifecycleClaimIngress.c: OK
.lake/build/ir/Kernel/ApplicationLifecycleClaimIngress.c.o.export: OK
.lake/build/lib/lean/Kernel/NativeHistorySelection.olean: OK
.lake/build/lib/lean/Kernel/NativeHistorySelection.ilean: OK
.lake/build/ir/Kernel/NativeHistorySelection.c: OK
.lake/build/ir/Kernel/NativeHistorySelection.c.o.export: OK
.lake/build/lib/lean/Kernel/ApplicationLifecycleClaimHistory.olean: OK
.lake/build/lib/lean/Kernel/ApplicationLifecycleClaimHistory.ilean: OK
.lake/build/ir/Kernel/ApplicationLifecycleClaimHistory.c: OK
.lake/build/ir/Kernel/ApplicationLifecycleClaimHistory.c.o.export: OK
.lake/build/lib/lean/Kernel/ApplicationLifecycleClaimCurrent.olean: OK
.lake/build/lib/lean/Kernel/ApplicationLifecycleClaimCurrent.ilean: OK
.lake/build/ir/Kernel/ApplicationLifecycleClaimCurrent.c: OK
.lake/build/ir/Kernel/ApplicationLifecycleClaimCurrent.c.o.export: OK
.lake/build/lib/lean/Kernel/ApplicationLifecycleClaimCore.olean: OK
.lake/build/lib/lean/Kernel/ApplicationLifecycleClaimCore.ilean: OK
.lake/build/ir/Kernel/ApplicationLifecycleClaimCore.c: OK
.lake/build/ir/Kernel/ApplicationLifecycleClaimCore.c.o.export: OK
.lake/build/lib/lean/Kernel/ApplicationSpkPackageIdentity.olean: OK
.lake/build/lib/lean/Kernel/ApplicationSpkPackageIdentity.ilean: OK
.lake/build/ir/Kernel/ApplicationSpkPackageIdentity.c: OK
.lake/build/ir/Kernel/ApplicationSpkPackageIdentity.c.o.export: OK
.lake/build/lib/lean/Kernel/ApplicationLifecycleBeginV2Ingress.olean: OK
.lake/build/lib/lean/Kernel/ApplicationLifecycleBeginV2Ingress.ilean: OK
.lake/build/ir/Kernel/ApplicationLifecycleBeginV2Ingress.c: OK
.lake/build/ir/Kernel/ApplicationLifecycleBeginV2Ingress.c.o.export: OK
.lake/build/lib/lean/Kernel/ApplicationLifecycleClaimV2Ingress.olean: OK
.lake/build/lib/lean/Kernel/ApplicationLifecycleClaimV2Ingress.ilean: OK
.lake/build/ir/Kernel/ApplicationLifecycleClaimV2Ingress.c: OK
.lake/build/ir/Kernel/ApplicationLifecycleClaimV2Ingress.c.o.export: OK
.lake/build/lib/lean/Kernel/ApplicationLifecycleBeginV2Admission.olean: OK
.lake/build/lib/lean/Kernel/ApplicationLifecycleBeginV2Admission.ilean: OK
.lake/build/ir/Kernel/ApplicationLifecycleBeginV2Admission.c: OK
.lake/build/ir/Kernel/ApplicationLifecycleBeginV2Admission.c.o.export: OK
.lake/build/lib/lean/Kernel/ApplicationLifecycleClaimV2Core.olean: OK
.lake/build/lib/lean/Kernel/ApplicationLifecycleClaimV2Core.ilean: OK
.lake/build/ir/Kernel/ApplicationLifecycleClaimV2Core.c: OK
.lake/build/ir/Kernel/ApplicationLifecycleClaimV2Core.c.o.export: OK
.lake/build/lib/lean/Kernel/ApplicationDispatchAuthority.olean: OK
.lake/build/lib/lean/Kernel/ApplicationDispatchAuthority.ilean: OK
.lake/build/ir/Kernel/ApplicationDispatchAuthority.c: OK
.lake/build/ir/Kernel/ApplicationDispatchAuthority.c.o.export: OK
.lake/build/lib/lean/Kernel/ApplicationShareIssueSource.olean: OK
.lake/build/lib/lean/Kernel/ApplicationShareIssueSource.ilean: OK
.lake/build/ir/Kernel/ApplicationShareIssueSource.c: OK
.lake/build/ir/Kernel/ApplicationShareIssueSource.c.o.export: OK
.lake/build/lib/lean/Kernel/ApplicationShareIssueDelegation.olean: OK
.lake/build/lib/lean/Kernel/ApplicationShareIssueDelegation.ilean: OK
.lake/build/ir/Kernel/ApplicationShareIssueDelegation.c: OK
.lake/build/ir/Kernel/ApplicationShareIssueDelegation.c.o.export: OK
.lake/build/lib/lean/Kernel/ApplicationShareIssueAtomicBirth.olean: OK
.lake/build/lib/lean/Kernel/ApplicationShareIssueAtomicBirth.ilean: OK
.lake/build/ir/Kernel/ApplicationShareIssueAtomicBirth.c: OK
.lake/build/ir/Kernel/ApplicationShareIssueAtomicBirth.c.o.export: OK
.lake/build/lib/lean/Kernel/ApplicationShareIssueAdmission.olean: OK
.lake/build/lib/lean/Kernel/ApplicationShareIssueAdmission.ilean: OK
.lake/build/ir/Kernel/ApplicationShareIssueAdmission.c: OK
.lake/build/ir/Kernel/ApplicationShareIssueAdmission.c.o.export: OK
.lake/build/lib/lean/Kernel/ApplicationShareIssueReceiver.olean: OK
.lake/build/lib/lean/Kernel/ApplicationShareIssueReceiver.ilean: OK
.lake/build/ir/Kernel/ApplicationShareIssueReceiver.c: OK
.lake/build/ir/Kernel/ApplicationShareIssueReceiver.c.o.export: OK
.lake/build/lib/lean/Kernel/ApplicationDispatchIngress.olean: OK
.lake/build/lib/lean/Kernel/ApplicationDispatchIngress.ilean: OK
.lake/build/ir/Kernel/ApplicationDispatchIngress.c: OK
.lake/build/ir/Kernel/ApplicationDispatchIngress.c.o.export: OK
.lake/build/lib/lean/Kernel/ApplicationDispatchCommand.olean: OK
.lake/build/lib/lean/Kernel/ApplicationDispatchCommand.ilean: OK
.lake/build/ir/Kernel/ApplicationDispatchCommand.c: OK
.lake/build/ir/Kernel/ApplicationDispatchCommand.c.o.export: OK
.lake/build/lib/lean/Kernel/ApplicationDispatchAdmissionIngress.olean: OK
.lake/build/lib/lean/Kernel/ApplicationDispatchAdmissionIngress.ilean: OK
.lake/build/ir/Kernel/ApplicationDispatchAdmissionIngress.c: OK
.lake/build/ir/Kernel/ApplicationDispatchAdmissionIngress.c.o.export: OK
.lake/build/lib/lean/Kernel/ApplicationDispatchWitness.olean: OK
.lake/build/lib/lean/Kernel/ApplicationDispatchWitness.ilean: OK
.lake/build/ir/Kernel/ApplicationDispatchWitness.c: OK
.lake/build/ir/Kernel/ApplicationDispatchWitness.c.o.export: OK
.lake/build/lib/lean/Kernel/ApplicationDispatchAdmission.olean: OK
.lake/build/lib/lean/Kernel/ApplicationDispatchAdmission.ilean: OK
.lake/build/ir/Kernel/ApplicationDispatchAdmission.c: OK
.lake/build/ir/Kernel/ApplicationDispatchAdmission.c.o.export: OK
.lake/build/lib/lean/Kernel/ApplicationDispatchPending.olean: OK
.lake/build/lib/lean/Kernel/ApplicationDispatchPending.ilean: OK
.lake/build/ir/Kernel/ApplicationDispatchPending.c: OK
.lake/build/ir/Kernel/ApplicationDispatchPending.c.o.export: OK
.lake/build/lib/lean/Kernel/ApplicationDispatchHistoricalCore.olean: OK
.lake/build/lib/lean/Kernel/ApplicationDispatchHistoricalCore.ilean: OK
.lake/build/ir/Kernel/ApplicationDispatchHistoricalCore.c: OK
.lake/build/ir/Kernel/ApplicationDispatchHistoricalCore.c.o.export: OK
.lake/build/lib/lean/Kernel/FnConsumerScope.olean: OK
.lake/build/lib/lean/Kernel/FnConsumerScope.ilean: OK
.lake/build/ir/Kernel/FnConsumerScope.c: OK
.lake/build/ir/Kernel/FnConsumerScope.c.o.export: OK
.lake/build/lib/lean/Kernel/FnConsumerFrontierCore.olean: OK
.lake/build/lib/lean/Kernel/FnConsumerFrontierCore.ilean: OK
.lake/build/ir/Kernel/FnConsumerFrontierCore.c: OK
.lake/build/ir/Kernel/FnConsumerFrontierCore.c.o.export: OK
.lake/build/lib/lean/Kernel/FnConsumerProgressHistory.olean: OK
.lake/build/lib/lean/Kernel/FnConsumerProgressHistory.ilean: OK
.lake/build/ir/Kernel/FnConsumerProgressHistory.c: OK
.lake/build/ir/Kernel/FnConsumerProgressHistory.c.o.export: OK
.lake/build/lib/lean/Kernel/FnConsumerNamespaceRegistration.olean: OK
.lake/build/lib/lean/Kernel/FnConsumerNamespaceRegistration.ilean: OK
.lake/build/ir/Kernel/FnConsumerNamespaceRegistration.c: OK
.lake/build/ir/Kernel/FnConsumerNamespaceRegistration.c.o.export: OK
.lake/build/lib/lean/Kernel/FnConsumerFrontierGateway.olean: OK
.lake/build/lib/lean/Kernel/FnConsumerFrontierGateway.ilean: OK
.lake/build/ir/Kernel/FnConsumerFrontierGateway.c: OK
.lake/build/ir/Kernel/FnConsumerFrontierGateway.c.o.export: OK
.lake/build/lib/lean/Kernel/FnConsumerNamespaceAdmissionAt.olean: OK
.lake/build/lib/lean/Kernel/FnConsumerNamespaceAdmissionAt.ilean: OK
.lake/build/ir/Kernel/FnConsumerNamespaceAdmissionAt.c: OK
.lake/build/ir/Kernel/FnConsumerNamespaceAdmissionAt.c.o.export: OK
.lake/build/lib/lean/Kernel/FnConsumerNamespaceHistory.olean: OK
.lake/build/lib/lean/Kernel/FnConsumerNamespaceHistory.ilean: OK
.lake/build/ir/Kernel/FnConsumerNamespaceHistory.c: OK
.lake/build/ir/Kernel/FnConsumerNamespaceHistory.c.o.export: OK
.lake/build/lib/lean/Kernel/FnConsumerFrontierReplay.olean: OK
.lake/build/lib/lean/Kernel/FnConsumerFrontierReplay.ilean: OK
.lake/build/ir/Kernel/FnConsumerFrontierReplay.c: OK
.lake/build/ir/Kernel/FnConsumerFrontierReplay.c.o.export: OK
.lake/build/lib/lean/Kernel/FnSelectiveReleaseReceiver.olean: OK
.lake/build/lib/lean/Kernel/FnSelectiveReleaseReceiver.ilean: OK
.lake/build/ir/Kernel/FnSelectiveReleaseReceiver.c: OK
.lake/build/ir/Kernel/FnSelectiveReleaseReceiver.c.o.export: OK
.lake/build/lib/lean/Kernel/FnSelectedPollReleaseShape.olean: OK
.lake/build/lib/lean/Kernel/FnSelectedPollReleaseShape.ilean: OK
.lake/build/ir/Kernel/FnSelectedPollReleaseShape.c: OK
.lake/build/ir/Kernel/FnSelectedPollReleaseShape.c.o.export: OK
.lake/build/lib/lean/Kernel/FnSelectedPollCoverage.olean: OK
.lake/build/lib/lean/Kernel/FnSelectedPollCoverage.ilean: OK
.lake/build/ir/Kernel/FnSelectedPollCoverage.c: OK
.lake/build/ir/Kernel/FnSelectedPollCoverage.c.o.export: OK
.lake/build/lib/lean/Kernel/FnEmptyPollProgressV2.olean: OK
.lake/build/lib/lean/Kernel/FnEmptyPollProgressV2.ilean: OK
.lake/build/ir/Kernel/FnEmptyPollProgressV2.c: OK
.lake/build/ir/Kernel/FnEmptyPollProgressV2.c.o.export: OK
.lake/build/lib/lean/Kernel/FnConsumerFrontierProposal.olean: OK
.lake/build/lib/lean/Kernel/FnConsumerFrontierProposal.ilean: OK
.lake/build/ir/Kernel/FnConsumerFrontierProposal.c: OK
.lake/build/ir/Kernel/FnConsumerFrontierProposal.c.o.export: OK
.lake/build/lib/lean/Kernel/FnSelectedPollAdmissionAt.olean: OK
.lake/build/lib/lean/Kernel/FnSelectedPollAdmissionAt.ilean: OK
.lake/build/ir/Kernel/FnSelectedPollAdmissionAt.c: OK
.lake/build/ir/Kernel/FnSelectedPollAdmissionAt.c.o.export: OK
.lake/build/lib/lean/Kernel/FnEmptyPollAdmissionAtV2.olean: OK
.lake/build/lib/lean/Kernel/FnEmptyPollAdmissionAtV2.ilean: OK
.lake/build/ir/Kernel/FnEmptyPollAdmissionAtV2.c: OK
.lake/build/ir/Kernel/FnEmptyPollAdmissionAtV2.c.o.export: OK
.lake/build/lib/lean/Kernel/ApplicationLifecycleClaimProjection.olean: OK
.lake/build/lib/lean/Kernel/ApplicationLifecycleClaimProjection.ilean: OK
.lake/build/ir/Kernel/ApplicationLifecycleClaimProjection.c: OK
.lake/build/ir/Kernel/ApplicationLifecycleClaimProjection.c.o.export: OK
.lake/build/lib/lean/Kernel/ApplicationLifecycleCompletionReport.olean: OK
.lake/build/lib/lean/Kernel/ApplicationLifecycleCompletionReport.ilean: OK
.lake/build/ir/Kernel/ApplicationLifecycleCompletionReport.c: OK
.lake/build/ir/Kernel/ApplicationLifecycleCompletionReport.c.o.export: OK
.lake/build/lib/lean/Kernel/ApplicationLifecycleCompletionPolicy.olean: OK
.lake/build/lib/lean/Kernel/ApplicationLifecycleCompletionPolicy.ilean: OK
.lake/build/ir/Kernel/ApplicationLifecycleCompletionPolicy.c: OK
.lake/build/ir/Kernel/ApplicationLifecycleCompletionPolicy.c.o.export: OK
.lake/build/lib/lean/Kernel/ApplicationLifecycleCompletionSource.olean: OK
.lake/build/lib/lean/Kernel/ApplicationLifecycleCompletionSource.ilean: OK
.lake/build/ir/Kernel/ApplicationLifecycleCompletionSource.c: OK
.lake/build/ir/Kernel/ApplicationLifecycleCompletionSource.c.o.export: OK
.lake/build/lib/lean/Kernel/ApplicationLifecycleCompletionHistory.olean: OK
.lake/build/lib/lean/Kernel/ApplicationLifecycleCompletionHistory.ilean: OK
.lake/build/ir/Kernel/ApplicationLifecycleCompletionHistory.c: OK
.lake/build/ir/Kernel/ApplicationLifecycleCompletionHistory.c.o.export: OK
.lake/build/lib/lean/Kernel/ApplicationLifecycleCompletionIngress.olean: OK
.lake/build/lib/lean/Kernel/ApplicationLifecycleCompletionIngress.ilean: OK
.lake/build/ir/Kernel/ApplicationLifecycleCompletionIngress.c: OK
.lake/build/ir/Kernel/ApplicationLifecycleCompletionIngress.c.o.export: OK
.lake/build/lib/lean/Kernel/ApplicationLifecycleCompletionAdmission.olean: OK
.lake/build/lib/lean/Kernel/ApplicationLifecycleCompletionAdmission.ilean: OK
.lake/build/ir/Kernel/ApplicationLifecycleCompletionAdmission.c: OK
.lake/build/ir/Kernel/ApplicationLifecycleCompletionAdmission.c.o.export: OK
.lake/build/lib/lean/Kernel/ApplicationLifecycleCompletionCore.olean: OK
.lake/build/lib/lean/Kernel/ApplicationLifecycleCompletionCore.ilean: OK
.lake/build/ir/Kernel/ApplicationLifecycleCompletionCore.c: OK
.lake/build/ir/Kernel/ApplicationLifecycleCompletionCore.c.o.export: OK
.lake/build/lib/lean/Kernel/NativeHostReplay.olean: OK
.lake/build/lib/lean/Kernel/NativeHostReplay.ilean: OK
.lake/build/ir/Kernel/NativeHostReplay.c: OK
.lake/build/ir/Kernel/NativeHostReplay.c.o.export: OK
.lake/build/lib/lean/Kernel/NativeHost.olean: OK
.lake/build/lib/lean/Kernel/NativeHost.ilean: OK
.lake/build/ir/Kernel/NativeHost.c: OK
.lake/build/ir/Kernel/NativeHost.c.o.export: OK
.lake/build/lib/lean/Kernel/NativeHostSession.olean: OK
.lake/build/lib/lean/Kernel/NativeHostSession.ilean: OK
.lake/build/ir/Kernel/NativeHostSession.c: OK
.lake/build/ir/Kernel/NativeHostSession.c.o.export: OK
.lake/build/lib/lean/Kernel/NativeReserveContinuity.olean: OK
.lake/build/lib/lean/Kernel/NativeReserveContinuity.ilean: OK
.lake/build/ir/Kernel/NativeReserveContinuity.c: OK
.lake/build/ir/Kernel/NativeReserveContinuity.c.o.export: OK
.lake/build/lib/lean/Kernel/NativeHostGenesis.olean: OK
.lake/build/lib/lean/Kernel/NativeHostGenesis.ilean: OK
.lake/build/ir/Kernel/NativeHostGenesis.c: OK
.lake/build/ir/Kernel/NativeHostGenesis.c.o.export: OK
.lake/build/lib/lean/Kernel/FnEvidence.olean: OK
.lake/build/lib/lean/Kernel/FnEvidence.ilean: OK
.lake/build/ir/Kernel/FnEvidence.c: OK
.lake/build/ir/Kernel/FnEvidence.c.o.export: OK
.lake/build/lib/lean/Kernel/FnConsumerOperation.olean: OK
.lake/build/lib/lean/Kernel/FnConsumerOperation.ilean: OK
.lake/build/ir/Kernel/FnConsumerOperation.c: OK
.lake/build/ir/Kernel/FnConsumerOperation.c.o.export: OK
.lake/build/lib/lean/Kernel/FnConsumerProgress.olean: OK
.lake/build/lib/lean/Kernel/FnConsumerProgress.ilean: OK
.lake/build/ir/Kernel/FnConsumerProgress.c: OK
.lake/build/ir/Kernel/FnConsumerProgress.c.o.export: OK
.lake/build/lib/lean/Kernel/FnConsumerNamespaceAdmission.olean: OK
.lake/build/lib/lean/Kernel/FnConsumerNamespaceAdmission.ilean: OK
.lake/build/ir/Kernel/FnConsumerNamespaceAdmission.c: OK
.lake/build/ir/Kernel/FnConsumerNamespaceAdmission.c.o.export: OK
.lake/build/lib/lean/Kernel/FnConsumerNamespaceReceiver.olean: OK
.lake/build/lib/lean/Kernel/FnConsumerNamespaceReceiver.ilean: OK
.lake/build/ir/Kernel/FnConsumerNamespaceReceiver.c: OK
.lake/build/ir/Kernel/FnConsumerNamespaceReceiver.c.o.export: OK
.lake/build/lib/lean/Kernel/FnOriginOutbox.olean: OK
.lake/build/lib/lean/Kernel/FnOriginOutbox.ilean: OK
.lake/build/ir/Kernel/FnOriginOutbox.c: OK
.lake/build/ir/Kernel/FnOriginOutbox.c.o.export: OK
.lake/build/lib/lean/Kernel/FnCatalogOwnRProgress.olean: OK
.lake/build/lib/lean/Kernel/FnCatalogOwnRProgress.ilean: OK
.lake/build/ir/Kernel/FnCatalogOwnRProgress.c: OK
.lake/build/ir/Kernel/FnCatalogOwnRProgress.c.o.export: OK
.lake/build/lib/lean/Kernel/FnReplyPublication.olean: OK
.lake/build/lib/lean/Kernel/FnReplyPublication.ilean: OK
.lake/build/ir/Kernel/FnReplyPublication.c: OK
.lake/build/ir/Kernel/FnReplyPublication.c.o.export: OK
.lake/build/lib/lean/Kernel/FnPortableSource.olean: OK
.lake/build/lib/lean/Kernel/FnPortableSource.ilean: OK
.lake/build/ir/Kernel/FnPortableSource.c: OK
.lake/build/ir/Kernel/FnPortableSource.c.o.export: OK
.lake/build/lib/lean/Kernel/FnReplySource.olean: OK
.lake/build/lib/lean/Kernel/FnReplySource.ilean: OK
.lake/build/ir/Kernel/FnReplySource.c: OK
.lake/build/ir/Kernel/FnReplySource.c.o.export: OK
.lake/build/lib/lean/Kernel/FnReplyConsumption.olean: OK
.lake/build/lib/lean/Kernel/FnReplyConsumption.ilean: OK
.lake/build/ir/Kernel/FnReplyConsumption.c: OK
.lake/build/ir/Kernel/FnReplyConsumption.c.o.export: OK
.lake/build/lib/lean/Kernel/ApplicationShareIssueAuthoring.olean: OK
.lake/build/lib/lean/Kernel/ApplicationShareIssueAuthoring.ilean: OK
.lake/build/ir/Kernel/ApplicationShareIssueAuthoring.c: OK
.lake/build/ir/Kernel/ApplicationShareIssueAuthoring.c.o.export: OK
.lake/build/lib/lean/Kernel/ApplicationDispatchProjection.olean: OK
.lake/build/lib/lean/Kernel/ApplicationDispatchProjection.ilean: OK
.lake/build/ir/Kernel/ApplicationDispatchProjection.c: OK
.lake/build/ir/Kernel/ApplicationDispatchProjection.c.o.export: OK
.lake/build/lib/lean/Kernel/ApplicationDispatchReceiver.olean: OK
.lake/build/lib/lean/Kernel/ApplicationDispatchReceiver.ilean: OK
.lake/build/ir/Kernel/ApplicationDispatchReceiver.c: OK
.lake/build/ir/Kernel/ApplicationDispatchReceiver.c.o.export: OK
.lake/build/lib/lean/Kernel/ApplicationDispatchLookup.olean: OK
.lake/build/lib/lean/Kernel/ApplicationDispatchLookup.ilean: OK
.lake/build/ir/Kernel/ApplicationDispatchLookup.c: OK
.lake/build/ir/Kernel/ApplicationDispatchLookup.c.o.export: OK
.lake/build/lib/lean/Kernel/ApplicationDispatchAuthoring.olean: OK
.lake/build/lib/lean/Kernel/ApplicationDispatchAuthoring.ilean: OK
.lake/build/ir/Kernel/ApplicationDispatchAuthoring.c: OK
.lake/build/ir/Kernel/ApplicationDispatchAuthoring.c.o.export: OK
.lake/build/lib/lean/Kernel/ApplicationLifecycleBeginV2Receiver.olean: OK
.lake/build/lib/lean/Kernel/ApplicationLifecycleBeginV2Receiver.ilean: OK
.lake/build/ir/Kernel/ApplicationLifecycleBeginV2Receiver.c: OK
.lake/build/ir/Kernel/ApplicationLifecycleBeginV2Receiver.c.o.export: OK
.lake/build/lib/lean/Kernel/ApplicationLifecycleClaimV2Receiver.olean: OK
.lake/build/lib/lean/Kernel/ApplicationLifecycleClaimV2Receiver.ilean: OK
.lake/build/ir/Kernel/ApplicationLifecycleClaimV2Receiver.c: OK
.lake/build/ir/Kernel/ApplicationLifecycleClaimV2Receiver.c.o.export: OK
.lake/build/lib/lean/Kernel/ApplicationLifecycleV2Lookup.olean: OK
.lake/build/lib/lean/Kernel/ApplicationLifecycleV2Lookup.ilean: OK
.lake/build/ir/Kernel/ApplicationLifecycleV2Lookup.c: OK
.lake/build/ir/Kernel/ApplicationLifecycleV2Lookup.c.o.export: OK
.lake/build/lib/lean/Kernel/ApplicationLifecycleCompletionReceiver.olean: OK
.lake/build/lib/lean/Kernel/ApplicationLifecycleCompletionReceiver.ilean: OK
.lake/build/ir/Kernel/ApplicationLifecycleCompletionReceiver.c: OK
.lake/build/ir/Kernel/ApplicationLifecycleCompletionReceiver.c.o.export: OK
.lake/build/lib/lean/Kernel/ApplicationLifecycleCompletionLookup.olean: OK
.lake/build/lib/lean/Kernel/ApplicationLifecycleCompletionLookup.ilean: OK
.lake/build/ir/Kernel/ApplicationLifecycleCompletionLookup.c: OK
.lake/build/ir/Kernel/ApplicationLifecycleCompletionLookup.c.o.export: OK
.lake/build/lib/lean/Host/ApplicationDispatchInspection.olean: OK
.lake/build/lib/lean/Host/ApplicationDispatchInspection.ilean: OK
.lake/build/ir/Host/ApplicationDispatchInspection.c: OK
.lake/build/ir/Host/ApplicationDispatchInspection.c.o.export: OK
.lake/build/lib/lean/Kernel/ApplicationLifecycleResidentProfile.olean: OK
.lake/build/lib/lean/Kernel/ApplicationLifecycleResidentProfile.ilean: OK
.lake/build/ir/Kernel/ApplicationLifecycleResidentProfile.c: OK
.lake/build/ir/Kernel/ApplicationLifecycleResidentProfile.c.o.export: OK
.lake/build/lib/lean/Host/ApplicationLifecycleClaimInspection.olean: OK
.lake/build/lib/lean/Host/ApplicationLifecycleClaimInspection.ilean: OK
.lake/build/ir/Host/ApplicationLifecycleClaimInspection.c: OK
.lake/build/ir/Host/ApplicationLifecycleClaimInspection.c.o.export: OK
.lake/build/lib/lean/Host/ApplicationLifecycleCompletionAuthoring.olean: OK
.lake/build/lib/lean/Host/ApplicationLifecycleCompletionAuthoring.ilean: OK
.lake/build/ir/Host/ApplicationLifecycleCompletionAuthoring.c: OK
.lake/build/ir/Host/ApplicationLifecycleCompletionAuthoring.c.o.export: OK
.lake/build/lib/lean/Host/ApplicationLifecycleCompletionOperator.olean: OK
.lake/build/lib/lean/Host/ApplicationLifecycleCompletionOperator.ilean: OK
.lake/build/ir/Host/ApplicationLifecycleCompletionOperator.c: OK
.lake/build/ir/Host/ApplicationLifecycleCompletionOperator.c.o.export: OK
.lake/build/lib/lean/Host/ApplicationLifecycleBeginOperator.olean: OK
.lake/build/lib/lean/Host/ApplicationLifecycleBeginOperator.ilean: OK
.lake/build/ir/Host/ApplicationLifecycleBeginOperator.c: OK
.lake/build/ir/Host/ApplicationLifecycleBeginOperator.c.o.export: OK
.lake/build/lib/lean/Host/ApplicationLifecycleClaimOperator.olean: OK
.lake/build/lib/lean/Host/ApplicationLifecycleClaimOperator.ilean: OK
.lake/build/ir/Host/ApplicationLifecycleClaimOperator.c: OK
.lake/build/ir/Host/ApplicationLifecycleClaimOperator.c.o.export: OK
.lake/build/lib/lean/Host/FnConsumerNamespacePlan.olean: OK
.lake/build/lib/lean/Host/FnConsumerNamespacePlan.ilean: OK
.lake/build/ir/Host/FnConsumerNamespacePlan.c: OK
.lake/build/ir/Host/FnConsumerNamespacePlan.c.o.export: OK
.lake/build/lib/lean/Kernel/ApplicationGrainBirth.olean: OK
.lake/build/lib/lean/Kernel/ApplicationGrainBirth.ilean: OK
.lake/build/ir/Kernel/ApplicationGrainBirth.c: OK
.lake/build/ir/Kernel/ApplicationGrainBirth.c.o.export: OK
.lake/build/lib/lean/Kernel/ApplicationGrainSessionBirth.olean: OK
.lake/build/lib/lean/Kernel/ApplicationGrainSessionBirth.ilean: OK
.lake/build/ir/Kernel/ApplicationGrainSessionBirth.c: OK
.lake/build/ir/Kernel/ApplicationGrainSessionBirth.c.o.export: OK
.lake/build/lib/lean/Host/ApplicationPermissionSchemaAuthoring.olean: OK
.lake/build/lib/lean/Host/ApplicationPermissionSchemaAuthoring.ilean: OK
.lake/build/ir/Host/ApplicationPermissionSchemaAuthoring.c: OK
.lake/build/ir/Host/ApplicationPermissionSchemaAuthoring.c.o.export: OK
.lake/build/lib/lean/Host/Json.olean: OK
.lake/build/lib/lean/Host/Json.ilean: OK
.lake/build/ir/Host/Json.c: OK
.lake/build/ir/Host/Json.c.o.export: OK
.lake/build/lib/lean/Kernel/FnSelectiveReleaseArticle.olean: OK
.lake/build/lib/lean/Kernel/FnSelectiveReleaseArticle.ilean: OK
.lake/build/ir/Kernel/FnSelectiveReleaseArticle.c: OK
.lake/build/ir/Kernel/FnSelectiveReleaseArticle.c.o.export: OK
.lake/build/lib/lean/Host/FnSelectiveReleaseAuthoring.olean: OK
.lake/build/lib/lean/Host/FnSelectiveReleaseAuthoring.ilean: OK
.lake/build/ir/Host/FnSelectiveReleaseAuthoring.c: OK
.lake/build/ir/Host/FnSelectiveReleaseAuthoring.c.o.export: OK
.lake/build/lib/lean/Host/FnSelectiveReleaseSourceAuthoring.olean: OK
.lake/build/lib/lean/Host/FnSelectiveReleaseSourceAuthoring.ilean: OK
.lake/build/ir/Host/FnSelectiveReleaseSourceAuthoring.c: OK
.lake/build/ir/Host/FnSelectiveReleaseSourceAuthoring.c.o.export: OK
.lake/build/lib/lean/Host/FnSelectiveReleaseFnReceiving.olean: OK
.lake/build/lib/lean/Host/FnSelectiveReleaseFnReceiving.ilean: OK
.lake/build/ir/Host/FnSelectiveReleaseFnReceiving.c: OK
.lake/build/ir/Host/FnSelectiveReleaseFnReceiving.c.o.export: OK
.lake/build/lib/lean/Host/FnSelectiveReleaseFnAck.olean: OK
.lake/build/lib/lean/Host/FnSelectiveReleaseFnAck.ilean: OK
.lake/build/ir/Host/FnSelectiveReleaseFnAck.c: OK
.lake/build/ir/Host/FnSelectiveReleaseFnAck.c.o.export: OK
.lake/build/lib/lean/Host/ApplicationCurrentBirthAuthoring.olean: OK
.lake/build/lib/lean/Host/ApplicationCurrentBirthAuthoring.ilean: OK
.lake/build/ir/Host/ApplicationCurrentBirthAuthoring.c: OK
.lake/build/ir/Host/ApplicationCurrentBirthAuthoring.c.o.export: OK
.lake/build/lib/lean/Host/FnInboxView.olean: OK
.lake/build/lib/lean/Host/FnInboxView.ilean: OK
.lake/build/ir/Host/FnInboxView.c: OK
.lake/build/ir/Host/FnInboxView.c.o.export: OK
.lake/build/lib/lean/Host/GrainOriginSource.olean: OK
.lake/build/lib/lean/Host/GrainOriginSource.ilean: OK
.lake/build/ir/Host/GrainOriginSource.c: OK
.lake/build/ir/Host/GrainOriginSource.c.o.export: OK
.lake/build/lib/lean/Host/GrainOriginPreparation.olean: OK
.lake/build/lib/lean/Host/GrainOriginPreparation.ilean: OK
.lake/build/ir/Host/GrainOriginPreparation.c: OK
.lake/build/ir/Host/GrainOriginPreparation.c.o.export: OK
.lake/build/lib/lean/Host/GrainOriginCommand.olean: OK
.lake/build/lib/lean/Host/GrainOriginCommand.ilean: OK
.lake/build/ir/Host/GrainOriginCommand.c: OK
.lake/build/ir/Host/GrainOriginCommand.c.o.export: OK
.lake/build/lib/lean/Kernel/ProviderMetering.olean: OK
.lake/build/lib/lean/Kernel/ProviderMetering.ilean: OK
.lake/build/ir/Kernel/ProviderMetering.c: OK
.lake/build/ir/Kernel/ProviderMetering.c.o.export: OK
.lake/build/lib/lean/Host/ProviderUsage.olean: OK
.lake/build/lib/lean/Host/ProviderUsage.ilean: OK
.lake/build/ir/Host/ProviderUsage.c: OK
.lake/build/ir/Host/ProviderUsage.c.o.export: OK
.lake/build/lib/lean/Host/Main.olean: OK
.lake/build/lib/lean/Host/Main.ilean: OK
.lake/build/ir/Host/Main.c: OK
.lake/build/ir/Host/Main.c.o.export: OK
.lake/packages/aesop/.lake/build/ir/Aesop.c.o.export: OK
.lake/packages/aesop/.lake/build/ir/Aesop.c: OK
.lake/packages/aesop/.lake/build/lib/lean/Aesop.olean: OK
.lake/packages/aesop/.lake/build/ir/Aesop/BaseM.c.o.export: OK
.lake/packages/aesop/.lake/build/ir/Aesop/BaseM.c: OK
.lake/packages/aesop/.lake/build/lib/lean/Aesop/BaseM.olean: OK
.lake/packages/aesop/.lake/build/ir/Aesop/Builder/Apply.c.o.export: OK
.lake/packages/aesop/.lake/build/ir/Aesop/Builder/Apply.c: OK
.lake/packages/aesop/.lake/build/lib/lean/Aesop/Builder/Apply.olean: OK
.lake/packages/aesop/.lake/build/ir/Aesop/Builder/Basic.c.o.export: OK
.lake/packages/aesop/.lake/build/ir/Aesop/Builder/Basic.c: OK
.lake/packages/aesop/.lake/build/lib/lean/Aesop/Builder/Basic.olean: OK
.lake/packages/aesop/.lake/build/ir/Aesop/Builder/Cases.c.o.export: OK
.lake/packages/aesop/.lake/build/ir/Aesop/Builder/Cases.c: OK
.lake/packages/aesop/.lake/build/lib/lean/Aesop/Builder/Cases.olean: OK
.lake/packages/aesop/.lake/build/ir/Aesop/Builder/Constructors.c.o.export: OK
.lake/packages/aesop/.lake/build/ir/Aesop/Builder/Constructors.c: OK
.lake/packages/aesop/.lake/build/lib/lean/Aesop/Builder/Constructors.olean: OK
.lake/packages/aesop/.lake/build/ir/Aesop/Builder/Default.c.o.export: OK
.lake/packages/aesop/.lake/build/ir/Aesop/Builder/Default.c: OK
.lake/packages/aesop/.lake/build/lib/lean/Aesop/Builder/Default.olean: OK
.lake/packages/aesop/.lake/build/ir/Aesop/Builder/Forward.c.o.export: OK
.lake/packages/aesop/.lake/build/ir/Aesop/Builder/Forward.c: OK
.lake/packages/aesop/.lake/build/lib/lean/Aesop/Builder/Forward.olean: OK
.lake/packages/aesop/.lake/build/ir/Aesop/Builder/NormSimp.c.o.export: OK
.lake/packages/aesop/.lake/build/ir/Aesop/Builder/NormSimp.c: OK
.lake/packages/aesop/.lake/build/lib/lean/Aesop/Builder/NormSimp.olean: OK
.lake/packages/aesop/.lake/build/ir/Aesop/Builder/Tactic.c.o.export: OK
.lake/packages/aesop/.lake/build/ir/Aesop/Builder/Tactic.c: OK
.lake/packages/aesop/.lake/build/lib/lean/Aesop/Builder/Tactic.olean: OK
.lake/packages/aesop/.lake/build/ir/Aesop/Builder/Unfold.c.o.export: OK
.lake/packages/aesop/.lake/build/ir/Aesop/Builder/Unfold.c: OK
.lake/packages/aesop/.lake/build/lib/lean/Aesop/Builder/Unfold.olean: OK
.lake/packages/aesop/.lake/build/ir/Aesop/BuiltinRules.c.o.export: OK
.lake/packages/aesop/.lake/build/ir/Aesop/BuiltinRules.c: OK
.lake/packages/aesop/.lake/build/lib/lean/Aesop/BuiltinRules.olean: OK
.lake/packages/aesop/.lake/build/ir/Aesop/BuiltinRules/ApplyHyps.c.o.export: OK
.lake/packages/aesop/.lake/build/ir/Aesop/BuiltinRules/ApplyHyps.c: OK
.lake/packages/aesop/.lake/build/lib/lean/Aesop/BuiltinRules/ApplyHyps.olean: OK
.lake/packages/aesop/.lake/build/ir/Aesop/BuiltinRules/Assumption.c.o.export: OK
.lake/packages/aesop/.lake/build/ir/Aesop/BuiltinRules/Assumption.c: OK
.lake/packages/aesop/.lake/build/lib/lean/Aesop/BuiltinRules/Assumption.olean: OK
.lake/packages/aesop/.lake/build/ir/Aesop/BuiltinRules/DestructProducts.c.o.export: OK
.lake/packages/aesop/.lake/build/ir/Aesop/BuiltinRules/DestructProducts.c: OK
.lake/packages/aesop/.lake/build/lib/lean/Aesop/BuiltinRules/DestructProducts.olean: OK
.lake/packages/aesop/.lake/build/ir/Aesop/BuiltinRules/Ext.c.o.export: OK
.lake/packages/aesop/.lake/build/ir/Aesop/BuiltinRules/Ext.c: OK
.lake/packages/aesop/.lake/build/lib/lean/Aesop/BuiltinRules/Ext.olean: OK
.lake/packages/aesop/.lake/build/ir/Aesop/BuiltinRules/Intros.c.o.export: OK
.lake/packages/aesop/.lake/build/ir/Aesop/BuiltinRules/Intros.c: OK
.lake/packages/aesop/.lake/build/lib/lean/Aesop/BuiltinRules/Intros.olean: OK
.lake/packages/aesop/.lake/build/ir/Aesop/BuiltinRules/Rfl.c.o.export: OK
.lake/packages/aesop/.lake/build/ir/Aesop/BuiltinRules/Rfl.c: OK
.lake/packages/aesop/.lake/build/lib/lean/Aesop/BuiltinRules/Rfl.olean: OK
.lake/packages/aesop/.lake/build/ir/Aesop/BuiltinRules/Split.c.o.export: OK
.lake/packages/aesop/.lake/build/ir/Aesop/BuiltinRules/Split.c: OK
.lake/packages/aesop/.lake/build/lib/lean/Aesop/BuiltinRules/Split.olean: OK
.lake/packages/aesop/.lake/build/ir/Aesop/BuiltinRules/Subst.c.o.export: OK
.lake/packages/aesop/.lake/build/ir/Aesop/BuiltinRules/Subst.c: OK
.lake/packages/aesop/.lake/build/lib/lean/Aesop/BuiltinRules/Subst.olean: OK
.lake/packages/aesop/.lake/build/ir/Aesop/Check.c.o.export: OK
.lake/packages/aesop/.lake/build/ir/Aesop/Check.c: OK
.lake/packages/aesop/.lake/build/lib/lean/Aesop/Check.olean: OK
.lake/packages/aesop/.lake/build/ir/Aesop/Constants.c.o.export: OK
.lake/packages/aesop/.lake/build/ir/Aesop/Constants.c: OK
.lake/packages/aesop/.lake/build/lib/lean/Aesop/Constants.olean: OK
.lake/packages/aesop/.lake/build/ir/Aesop/EMap.c.o.export: OK
.lake/packages/aesop/.lake/build/ir/Aesop/EMap.c: OK
.lake/packages/aesop/.lake/build/lib/lean/Aesop/EMap.olean: OK
.lake/packages/aesop/.lake/build/ir/Aesop/ElabM.c.o.export: OK
.lake/packages/aesop/.lake/build/ir/Aesop/ElabM.c: OK
.lake/packages/aesop/.lake/build/lib/lean/Aesop/ElabM.olean: OK
.lake/packages/aesop/.lake/build/ir/Aesop/Exception.c.o.export: OK
.lake/packages/aesop/.lake/build/ir/Aesop/Exception.c: OK
.lake/packages/aesop/.lake/build/lib/lean/Aesop/Exception.olean: OK
.lake/packages/aesop/.lake/build/ir/Aesop/Forward/LevelIndex.c.o.export: OK
.lake/packages/aesop/.lake/build/ir/Aesop/Forward/LevelIndex.c: OK
.lake/packages/aesop/.lake/build/lib/lean/Aesop/Forward/LevelIndex.olean: OK
.lake/packages/aesop/.lake/build/ir/Aesop/Forward/Match.c.o.export: OK
.lake/packages/aesop/.lake/build/ir/Aesop/Forward/Match.c: OK
.lake/packages/aesop/.lake/build/lib/lean/Aesop/Forward/Match.olean: OK
.lake/packages/aesop/.lake/build/ir/Aesop/Forward/Match/Types.c.o.export: OK
.lake/packages/aesop/.lake/build/ir/Aesop/Forward/Match/Types.c: OK
.lake/packages/aesop/.lake/build/lib/lean/Aesop/Forward/Match/Types.olean: OK
.lake/packages/aesop/.lake/build/ir/Aesop/Forward/PremiseIndex.c.o.export: OK
.lake/packages/aesop/.lake/build/ir/Aesop/Forward/PremiseIndex.c: OK
.lake/packages/aesop/.lake/build/lib/lean/Aesop/Forward/PremiseIndex.olean: OK
.lake/packages/aesop/.lake/build/ir/Aesop/Forward/RuleInfo.c.o.export: OK
.lake/packages/aesop/.lake/build/ir/Aesop/Forward/RuleInfo.c: OK
.lake/packages/aesop/.lake/build/lib/lean/Aesop/Forward/RuleInfo.olean: OK
.lake/packages/aesop/.lake/build/ir/Aesop/Forward/SlotIndex.c.o.export: OK
.lake/packages/aesop/.lake/build/ir/Aesop/Forward/SlotIndex.c: OK
.lake/packages/aesop/.lake/build/lib/lean/Aesop/Forward/SlotIndex.olean: OK
.lake/packages/aesop/.lake/build/ir/Aesop/Forward/State.c.o.export: OK
.lake/packages/aesop/.lake/build/ir/Aesop/Forward/State.c: OK
.lake/packages/aesop/.lake/build/lib/lean/Aesop/Forward/State.olean: OK
.lake/packages/aesop/.lake/build/ir/Aesop/Forward/State/ApplyGoalDiff.c.o.export: OK
.lake/packages/aesop/.lake/build/ir/Aesop/Forward/State/ApplyGoalDiff.c: OK
.lake/packages/aesop/.lake/build/lib/lean/Aesop/Forward/State/ApplyGoalDiff.olean: OK
.lake/packages/aesop/.lake/build/ir/Aesop/Forward/State/Initial.c.o.export: OK
.lake/packages/aesop/.lake/build/ir/Aesop/Forward/State/Initial.c: OK
.lake/packages/aesop/.lake/build/lib/lean/Aesop/Forward/State/Initial.olean: OK
.lake/packages/aesop/.lake/build/ir/Aesop/Forward/State/UpdateGoal.c.o.export: OK
.lake/packages/aesop/.lake/build/ir/Aesop/Forward/State/UpdateGoal.c: OK
.lake/packages/aesop/.lake/build/lib/lean/Aesop/Forward/State/UpdateGoal.olean: OK
.lake/packages/aesop/.lake/build/ir/Aesop/Forward/Substitution.c.o.export: OK
.lake/packages/aesop/.lake/build/ir/Aesop/Forward/Substitution.c: OK
.lake/packages/aesop/.lake/build/lib/lean/Aesop/Forward/Substitution.olean: OK
.lake/packages/aesop/.lake/build/ir/Aesop/Frontend.c.o.export: OK
.lake/packages/aesop/.lake/build/ir/Aesop/Frontend.c: OK
.lake/packages/aesop/.lake/build/lib/lean/Aesop/Frontend.olean: OK
.lake/packages/aesop/.lake/build/ir/Aesop/Frontend/Attribute.c.o.export: OK
.lake/packages/aesop/.lake/build/ir/Aesop/Frontend/Attribute.c: OK
.lake/packages/aesop/.lake/build/lib/lean/Aesop/Frontend/Attribute.olean: OK
.lake/packages/aesop/.lake/build/ir/Aesop/Frontend/Basic.c.o.export: OK
.lake/packages/aesop/.lake/build/ir/Aesop/Frontend/Basic.c: OK
.lake/packages/aesop/.lake/build/lib/lean/Aesop/Frontend/Basic.olean: OK
.lake/packages/aesop/.lake/build/ir/Aesop/Frontend/Command.c.o.export: OK
.lake/packages/aesop/.lake/build/ir/Aesop/Frontend/Command.c: OK
.lake/packages/aesop/.lake/build/lib/lean/Aesop/Frontend/Command.olean: OK
.lake/packages/aesop/.lake/build/ir/Aesop/Frontend/Extension.c.o.export: OK
.lake/packages/aesop/.lake/build/ir/Aesop/Frontend/Extension.c: OK
.lake/packages/aesop/.lake/build/lib/lean/Aesop/Frontend/Extension.olean: OK
.lake/packages/aesop/.lake/build/ir/Aesop/Frontend/Extension/Init.c.o.export: OK
.lake/packages/aesop/.lake/build/ir/Aesop/Frontend/Extension/Init.c: OK
.lake/packages/aesop/.lake/build/lib/lean/Aesop/Frontend/Extension/Init.olean: OK
.lake/packages/aesop/.lake/build/ir/Aesop/Frontend/RuleExpr.c.o.export: OK
.lake/packages/aesop/.lake/build/ir/Aesop/Frontend/RuleExpr.c: OK
.lake/packages/aesop/.lake/build/lib/lean/Aesop/Frontend/RuleExpr.olean: OK
.lake/packages/aesop/.lake/build/ir/Aesop/Frontend/Saturate.c.o.export: OK
.lake/packages/aesop/.lake/build/ir/Aesop/Frontend/Saturate.c: OK
.lake/packages/aesop/.lake/build/lib/lean/Aesop/Frontend/Saturate.olean: OK
.lake/packages/aesop/.lake/build/ir/Aesop/Frontend/Tactic.c.o.export: OK
.lake/packages/aesop/.lake/build/ir/Aesop/Frontend/Tactic.c: OK
.lake/packages/aesop/.lake/build/lib/lean/Aesop/Frontend/Tactic.olean: OK
.lake/packages/aesop/.lake/build/ir/Aesop/Index.c.o.export: OK
.lake/packages/aesop/.lake/build/ir/Aesop/Index.c: OK
.lake/packages/aesop/.lake/build/lib/lean/Aesop/Index.olean: OK
.lake/packages/aesop/.lake/build/ir/Aesop/Index/Basic.c.o.export: OK
.lake/packages/aesop/.lake/build/ir/Aesop/Index/Basic.c: OK
.lake/packages/aesop/.lake/build/lib/lean/Aesop/Index/Basic.olean: OK
.lake/packages/aesop/.lake/build/ir/Aesop/Index/DiscrTreeConfig.c.o.export: OK
.lake/packages/aesop/.lake/build/ir/Aesop/Index/DiscrTreeConfig.c: OK
.lake/packages/aesop/.lake/build/lib/lean/Aesop/Index/DiscrTreeConfig.olean: OK
.lake/packages/aesop/.lake/build/ir/Aesop/Index/Forward.c.o.export: OK
.lake/packages/aesop/.lake/build/ir/Aesop/Index/Forward.c: OK
.lake/packages/aesop/.lake/build/lib/lean/Aesop/Index/Forward.olean: OK
.lake/packages/aesop/.lake/build/ir/Aesop/Index/RulePattern.c.o.export: OK
.lake/packages/aesop/.lake/build/ir/Aesop/Index/RulePattern.c: OK
.lake/packages/aesop/.lake/build/lib/lean/Aesop/Index/RulePattern.olean: OK
.lake/packages/aesop/.lake/build/ir/Aesop/Main.c.o.export: OK
.lake/packages/aesop/.lake/build/ir/Aesop/Main.c: OK
.lake/packages/aesop/.lake/build/lib/lean/Aesop/Main.olean: OK
.lake/packages/aesop/.lake/build/ir/Aesop/Nanos.c.o.export: OK
.lake/packages/aesop/.lake/build/ir/Aesop/Nanos.c: OK
.lake/packages/aesop/.lake/build/lib/lean/Aesop/Nanos.olean: OK
.lake/packages/aesop/.lake/build/ir/Aesop/Options.c.o.export: OK
.lake/packages/aesop/.lake/build/ir/Aesop/Options.c: OK
.lake/packages/aesop/.lake/build/lib/lean/Aesop/Options.olean: OK
.lake/packages/aesop/.lake/build/ir/Aesop/Options/Internal.c.o.export: OK
.lake/packages/aesop/.lake/build/ir/Aesop/Options/Internal.c: OK
.lake/packages/aesop/.lake/build/lib/lean/Aesop/Options/Internal.olean: OK
.lake/packages/aesop/.lake/build/ir/Aesop/Options/Public.c.o.export: OK
.lake/packages/aesop/.lake/build/ir/Aesop/Options/Public.c: OK
.lake/packages/aesop/.lake/build/lib/lean/Aesop/Options/Public.olean: OK
.lake/packages/aesop/.lake/build/ir/Aesop/Percent.c.o.export: OK
.lake/packages/aesop/.lake/build/ir/Aesop/Percent.c: OK
.lake/packages/aesop/.lake/build/lib/lean/Aesop/Percent.olean: OK
.lake/packages/aesop/.lake/build/ir/Aesop/Rule.c.o.export: OK
.lake/packages/aesop/.lake/build/ir/Aesop/Rule.c: OK
.lake/packages/aesop/.lake/build/lib/lean/Aesop/Rule.olean: OK
.lake/packages/aesop/.lake/build/ir/Aesop/Rule/Basic.c.o.export: OK
.lake/packages/aesop/.lake/build/ir/Aesop/Rule/Basic.c: OK
.lake/packages/aesop/.lake/build/lib/lean/Aesop/Rule/Basic.olean: OK
.lake/packages/aesop/.lake/build/ir/Aesop/Rule/Forward.c.o.export: OK
.lake/packages/aesop/.lake/build/ir/Aesop/Rule/Forward.c: OK
.lake/packages/aesop/.lake/build/lib/lean/Aesop/Rule/Forward.olean: OK
.lake/packages/aesop/.lake/build/ir/Aesop/Rule/Name.c.o.export: OK
.lake/packages/aesop/.lake/build/ir/Aesop/Rule/Name.c: OK
.lake/packages/aesop/.lake/build/lib/lean/Aesop/Rule/Name.olean: OK
.lake/packages/aesop/.lake/build/ir/Aesop/RulePattern.c.o.export: OK
.lake/packages/aesop/.lake/build/ir/Aesop/RulePattern.c: OK
.lake/packages/aesop/.lake/build/lib/lean/Aesop/RulePattern.olean: OK
.lake/packages/aesop/.lake/build/ir/Aesop/RulePattern/Cache.c.o.export: OK
.lake/packages/aesop/.lake/build/ir/Aesop/RulePattern/Cache.c: OK
.lake/packages/aesop/.lake/build/lib/lean/Aesop/RulePattern/Cache.olean: OK
.lake/packages/aesop/.lake/build/ir/Aesop/RuleSet.c.o.export: OK
.lake/packages/aesop/.lake/build/ir/Aesop/RuleSet.c: OK
.lake/packages/aesop/.lake/build/lib/lean/Aesop/RuleSet.olean: OK
.lake/packages/aesop/.lake/build/ir/Aesop/RuleSet/Filter.c.o.export: OK
.lake/packages/aesop/.lake/build/ir/Aesop/RuleSet/Filter.c: OK
.lake/packages/aesop/.lake/build/lib/lean/Aesop/RuleSet/Filter.olean: OK
.lake/packages/aesop/.lake/build/ir/Aesop/RuleSet/Member.c.o.export: OK
.lake/packages/aesop/.lake/build/ir/Aesop/RuleSet/Member.c: OK
.lake/packages/aesop/.lake/build/lib/lean/Aesop/RuleSet/Member.olean: OK
.lake/packages/aesop/.lake/build/ir/Aesop/RuleSet/Name.c.o.export: OK
.lake/packages/aesop/.lake/build/ir/Aesop/RuleSet/Name.c: OK
.lake/packages/aesop/.lake/build/lib/lean/Aesop/RuleSet/Name.olean: OK
.lake/packages/aesop/.lake/build/ir/Aesop/RuleTac.c.o.export: OK
.lake/packages/aesop/.lake/build/ir/Aesop/RuleTac.c: OK
.lake/packages/aesop/.lake/build/lib/lean/Aesop/RuleTac.olean: OK
.lake/packages/aesop/.lake/build/ir/Aesop/RuleTac/Apply.c.o.export: OK
.lake/packages/aesop/.lake/build/ir/Aesop/RuleTac/Apply.c: OK
.lake/packages/aesop/.lake/build/lib/lean/Aesop/RuleTac/Apply.olean: OK
.lake/packages/aesop/.lake/build/ir/Aesop/RuleTac/Basic.c.o.export: OK
.lake/packages/aesop/.lake/build/ir/Aesop/RuleTac/Basic.c: OK
.lake/packages/aesop/.lake/build/lib/lean/Aesop/RuleTac/Basic.olean: OK
.lake/packages/aesop/.lake/build/ir/Aesop/RuleTac/Cases.c.o.export: OK
.lake/packages/aesop/.lake/build/ir/Aesop/RuleTac/Cases.c: OK
.lake/packages/aesop/.lake/build/lib/lean/Aesop/RuleTac/Cases.olean: OK
.lake/packages/aesop/.lake/build/ir/Aesop/RuleTac/Descr.c.o.export: OK
.lake/packages/aesop/.lake/build/ir/Aesop/RuleTac/Descr.c: OK
.lake/packages/aesop/.lake/build/lib/lean/Aesop/RuleTac/Descr.olean: OK
.lake/packages/aesop/.lake/build/ir/Aesop/RuleTac/ElabRuleTerm.c.o.export: OK
.lake/packages/aesop/.lake/build/ir/Aesop/RuleTac/ElabRuleTerm.c: OK
.lake/packages/aesop/.lake/build/lib/lean/Aesop/RuleTac/ElabRuleTerm.olean: OK
.lake/packages/aesop/.lake/build/ir/Aesop/RuleTac/FVarIdSubst.c.o.export: OK
.lake/packages/aesop/.lake/build/ir/Aesop/RuleTac/FVarIdSubst.c: OK
.lake/packages/aesop/.lake/build/lib/lean/Aesop/RuleTac/FVarIdSubst.olean: OK
.lake/packages/aesop/.lake/build/ir/Aesop/RuleTac/Forward.c.o.export: OK
.lake/packages/aesop/.lake/build/ir/Aesop/RuleTac/Forward.c: OK
.lake/packages/aesop/.lake/build/lib/lean/Aesop/RuleTac/Forward.olean: OK
.lake/packages/aesop/.lake/build/ir/Aesop/RuleTac/Forward/Basic.c.o.export: OK
.lake/packages/aesop/.lake/build/ir/Aesop/RuleTac/Forward/Basic.c: OK
.lake/packages/aesop/.lake/build/lib/lean/Aesop/RuleTac/Forward/Basic.olean: OK
.lake/packages/aesop/.lake/build/ir/Aesop/RuleTac/GoalDiff.c.o.export: OK
.lake/packages/aesop/.lake/build/ir/Aesop/RuleTac/GoalDiff.c: OK
.lake/packages/aesop/.lake/build/lib/lean/Aesop/RuleTac/GoalDiff.olean: OK
.lake/packages/aesop/.lake/build/ir/Aesop/RuleTac/Preprocess.c.o.export: OK
.lake/packages/aesop/.lake/build/ir/Aesop/RuleTac/Preprocess.c: OK
.lake/packages/aesop/.lake/build/lib/lean/Aesop/RuleTac/Preprocess.olean: OK
.lake/packages/aesop/.lake/build/ir/Aesop/RuleTac/RuleTerm.c.o.export: OK
.lake/packages/aesop/.lake/build/ir/Aesop/RuleTac/RuleTerm.c: OK
.lake/packages/aesop/.lake/build/lib/lean/Aesop/RuleTac/RuleTerm.olean: OK
.lake/packages/aesop/.lake/build/ir/Aesop/RuleTac/Tactic.c.o.export: OK
.lake/packages/aesop/.lake/build/ir/Aesop/RuleTac/Tactic.c: OK
.lake/packages/aesop/.lake/build/lib/lean/Aesop/RuleTac/Tactic.olean: OK
.lake/packages/aesop/.lake/build/ir/Aesop/Saturate.c.o.export: OK
.lake/packages/aesop/.lake/build/ir/Aesop/Saturate.c: OK
.lake/packages/aesop/.lake/build/lib/lean/Aesop/Saturate.olean: OK
.lake/packages/aesop/.lake/build/ir/Aesop/Script/Check.c.o.export: OK
.lake/packages/aesop/.lake/build/ir/Aesop/Script/Check.c: OK
.lake/packages/aesop/.lake/build/lib/lean/Aesop/Script/Check.olean: OK
.lake/packages/aesop/.lake/build/ir/Aesop/Script/CtorNames.c.o.export: OK
.lake/packages/aesop/.lake/build/ir/Aesop/Script/CtorNames.c: OK
.lake/packages/aesop/.lake/build/lib/lean/Aesop/Script/CtorNames.olean: OK
.lake/packages/aesop/.lake/build/ir/Aesop/Script/GoalWithMVars.c.o.export: OK
.lake/packages/aesop/.lake/build/ir/Aesop/Script/GoalWithMVars.c: OK
.lake/packages/aesop/.lake/build/lib/lean/Aesop/Script/GoalWithMVars.olean: OK
.lake/packages/aesop/.lake/build/ir/Aesop/Script/Main.c.o.export: OK
.lake/packages/aesop/.lake/build/ir/Aesop/Script/Main.c: OK
.lake/packages/aesop/.lake/build/lib/lean/Aesop/Script/Main.olean: OK
.lake/packages/aesop/.lake/build/ir/Aesop/Script/OptimizeSyntax.c.o.export: OK
.lake/packages/aesop/.lake/build/ir/Aesop/Script/OptimizeSyntax.c: OK
.lake/packages/aesop/.lake/build/lib/lean/Aesop/Script/OptimizeSyntax.olean: OK
.lake/packages/aesop/.lake/build/ir/Aesop/Script/SScript.c.o.export: OK
.lake/packages/aesop/.lake/build/ir/Aesop/Script/SScript.c: OK
.lake/packages/aesop/.lake/build/lib/lean/Aesop/Script/SScript.olean: OK
.lake/packages/aesop/.lake/build/ir/Aesop/Script/ScriptM.c.o.export: OK
.lake/packages/aesop/.lake/build/ir/Aesop/Script/ScriptM.c: OK
.lake/packages/aesop/.lake/build/lib/lean/Aesop/Script/ScriptM.olean: OK
.lake/packages/aesop/.lake/build/ir/Aesop/Script/SpecificTactics.c.o.export: OK
.lake/packages/aesop/.lake/build/ir/Aesop/Script/SpecificTactics.c: OK
.lake/packages/aesop/.lake/build/lib/lean/Aesop/Script/SpecificTactics.olean: OK
.lake/packages/aesop/.lake/build/ir/Aesop/Script/Step.c.o.export: OK
.lake/packages/aesop/.lake/build/ir/Aesop/Script/Step.c: OK
.lake/packages/aesop/.lake/build/lib/lean/Aesop/Script/Step.olean: OK
.lake/packages/aesop/.lake/build/ir/Aesop/Script/StructureDynamic.c.o.export: OK
.lake/packages/aesop/.lake/build/ir/Aesop/Script/StructureDynamic.c: OK
.lake/packages/aesop/.lake/build/lib/lean/Aesop/Script/StructureDynamic.olean: OK
.lake/packages/aesop/.lake/build/ir/Aesop/Script/StructureStatic.c.o.export: OK
.lake/packages/aesop/.lake/build/ir/Aesop/Script/StructureStatic.c: OK
.lake/packages/aesop/.lake/build/lib/lean/Aesop/Script/StructureStatic.olean: OK
.lake/packages/aesop/.lake/build/ir/Aesop/Script/Tactic.c.o.export: OK
.lake/packages/aesop/.lake/build/ir/Aesop/Script/Tactic.c: OK
.lake/packages/aesop/.lake/build/lib/lean/Aesop/Script/Tactic.olean: OK
.lake/packages/aesop/.lake/build/ir/Aesop/Script/TacticState.c.o.export: OK
.lake/packages/aesop/.lake/build/ir/Aesop/Script/TacticState.c: OK
.lake/packages/aesop/.lake/build/lib/lean/Aesop/Script/TacticState.olean: OK
.lake/packages/aesop/.lake/build/ir/Aesop/Script/UScript.c.o.export: OK
.lake/packages/aesop/.lake/build/ir/Aesop/Script/UScript.c: OK
.lake/packages/aesop/.lake/build/lib/lean/Aesop/Script/UScript.olean: OK
.lake/packages/aesop/.lake/build/ir/Aesop/Script/UScriptToSScript.c.o.export: OK
.lake/packages/aesop/.lake/build/ir/Aesop/Script/UScriptToSScript.c: OK
.lake/packages/aesop/.lake/build/lib/lean/Aesop/Script/UScriptToSScript.olean: OK
.lake/packages/aesop/.lake/build/ir/Aesop/Script/Util.c.o.export: OK
.lake/packages/aesop/.lake/build/ir/Aesop/Script/Util.c: OK
.lake/packages/aesop/.lake/build/lib/lean/Aesop/Script/Util.olean: OK
.lake/packages/aesop/.lake/build/ir/Aesop/Search/ExpandSafePrefix.c.o.export: OK
.lake/packages/aesop/.lake/build/ir/Aesop/Search/ExpandSafePrefix.c: OK
.lake/packages/aesop/.lake/build/lib/lean/Aesop/Search/ExpandSafePrefix.olean: OK
.lake/packages/aesop/.lake/build/ir/Aesop/Search/Expansion.c.o.export: OK
.lake/packages/aesop/.lake/build/ir/Aesop/Search/Expansion.c: OK
.lake/packages/aesop/.lake/build/lib/lean/Aesop/Search/Expansion.olean: OK
.lake/packages/aesop/.lake/build/ir/Aesop/Search/Expansion/Basic.c.o.export: OK
.lake/packages/aesop/.lake/build/ir/Aesop/Search/Expansion/Basic.c: OK
.lake/packages/aesop/.lake/build/lib/lean/Aesop/Search/Expansion/Basic.olean: OK
.lake/packages/aesop/.lake/build/ir/Aesop/Search/Expansion/Norm.c.o.export: OK
.lake/packages/aesop/.lake/build/ir/Aesop/Search/Expansion/Norm.c: OK
.lake/packages/aesop/.lake/build/lib/lean/Aesop/Search/Expansion/Norm.olean: OK
.lake/packages/aesop/.lake/build/ir/Aesop/Search/Expansion/Simp.c.o.export: OK
.lake/packages/aesop/.lake/build/ir/Aesop/Search/Expansion/Simp.c: OK
.lake/packages/aesop/.lake/build/lib/lean/Aesop/Search/Expansion/Simp.olean: OK
.lake/packages/aesop/.lake/build/ir/Aesop/Search/Main.c.o.export: OK
.lake/packages/aesop/.lake/build/ir/Aesop/Search/Main.c: OK
.lake/packages/aesop/.lake/build/lib/lean/Aesop/Search/Main.olean: OK
.lake/packages/aesop/.lake/build/ir/Aesop/Search/Queue.c.o.export: OK
.lake/packages/aesop/.lake/build/ir/Aesop/Search/Queue.c: OK
.lake/packages/aesop/.lake/build/lib/lean/Aesop/Search/Queue.olean: OK
.lake/packages/aesop/.lake/build/ir/Aesop/Search/Queue/Class.c.o.export: OK
.lake/packages/aesop/.lake/build/ir/Aesop/Search/Queue/Class.c: OK
.lake/packages/aesop/.lake/build/lib/lean/Aesop/Search/Queue/Class.olean: OK
.lake/packages/aesop/.lake/build/ir/Aesop/Search/RuleSelection.c.o.export: OK
.lake/packages/aesop/.lake/build/ir/Aesop/Search/RuleSelection.c: OK
.lake/packages/aesop/.lake/build/lib/lean/Aesop/Search/RuleSelection.olean: OK
.lake/packages/aesop/.lake/build/ir/Aesop/Search/SearchM.c.o.export: OK
.lake/packages/aesop/.lake/build/ir/Aesop/Search/SearchM.c: OK
.lake/packages/aesop/.lake/build/lib/lean/Aesop/Search/SearchM.olean: OK
.lake/packages/aesop/.lake/build/ir/Aesop/Stats/Basic.c.o.export: OK
.lake/packages/aesop/.lake/build/ir/Aesop/Stats/Basic.c: OK
.lake/packages/aesop/.lake/build/lib/lean/Aesop/Stats/Basic.olean: OK
.lake/packages/aesop/.lake/build/ir/Aesop/Stats/Extension.c.o.export: OK
.lake/packages/aesop/.lake/build/ir/Aesop/Stats/Extension.c: OK
.lake/packages/aesop/.lake/build/lib/lean/Aesop/Stats/Extension.olean: OK
.lake/packages/aesop/.lake/build/ir/Aesop/Stats/File.c.o.export: OK
.lake/packages/aesop/.lake/build/ir/Aesop/Stats/File.c: OK
.lake/packages/aesop/.lake/build/lib/lean/Aesop/Stats/File.olean: OK
.lake/packages/aesop/.lake/build/ir/Aesop/Stats/Report.c.o.export: OK
.lake/packages/aesop/.lake/build/ir/Aesop/Stats/Report.c: OK
.lake/packages/aesop/.lake/build/lib/lean/Aesop/Stats/Report.olean: OK
.lake/packages/aesop/.lake/build/ir/Aesop/Tracing.c.o.export: OK
.lake/packages/aesop/.lake/build/ir/Aesop/Tracing.c: OK
.lake/packages/aesop/.lake/build/lib/lean/Aesop/Tracing.olean: OK
.lake/packages/aesop/.lake/build/ir/Aesop/Tree.c.o.export: OK
.lake/packages/aesop/.lake/build/ir/Aesop/Tree.c: OK
.lake/packages/aesop/.lake/build/lib/lean/Aesop/Tree.olean: OK
.lake/packages/aesop/.lake/build/ir/Aesop/Tree/AddRapp.c.o.export: OK
.lake/packages/aesop/.lake/build/ir/Aesop/Tree/AddRapp.c: OK
.lake/packages/aesop/.lake/build/lib/lean/Aesop/Tree/AddRapp.olean: OK
.lake/packages/aesop/.lake/build/ir/Aesop/Tree/Check.c.o.export: OK
.lake/packages/aesop/.lake/build/ir/Aesop/Tree/Check.c: OK
.lake/packages/aesop/.lake/build/lib/lean/Aesop/Tree/Check.olean: OK
.lake/packages/aesop/.lake/build/ir/Aesop/Tree/Data.c.o.export: OK
.lake/packages/aesop/.lake/build/ir/Aesop/Tree/Data.c: OK
.lake/packages/aesop/.lake/build/lib/lean/Aesop/Tree/Data.olean: OK
.lake/packages/aesop/.lake/build/ir/Aesop/Tree/Data/ForwardRuleMatches.c.o.export: OK
.lake/packages/aesop/.lake/build/ir/Aesop/Tree/Data/ForwardRuleMatches.c: OK
.lake/packages/aesop/.lake/build/lib/lean/Aesop/Tree/Data/ForwardRuleMatches.olean: OK
.lake/packages/aesop/.lake/build/ir/Aesop/Tree/ExtractProof.c.o.export: OK
.lake/packages/aesop/.lake/build/ir/Aesop/Tree/ExtractProof.c: OK
.lake/packages/aesop/.lake/build/lib/lean/Aesop/Tree/ExtractProof.olean: OK
.lake/packages/aesop/.lake/build/ir/Aesop/Tree/ExtractScript.c.o.export: OK
.lake/packages/aesop/.lake/build/ir/Aesop/Tree/ExtractScript.c: OK
.lake/packages/aesop/.lake/build/lib/lean/Aesop/Tree/ExtractScript.olean: OK
.lake/packages/aesop/.lake/build/ir/Aesop/Tree/Free.c.o.export: OK
.lake/packages/aesop/.lake/build/ir/Aesop/Tree/Free.c: OK
.lake/packages/aesop/.lake/build/lib/lean/Aesop/Tree/Free.olean: OK
.lake/packages/aesop/.lake/build/ir/Aesop/Tree/RunMetaM.c.o.export: OK
.lake/packages/aesop/.lake/build/ir/Aesop/Tree/RunMetaM.c: OK
.lake/packages/aesop/.lake/build/lib/lean/Aesop/Tree/RunMetaM.olean: OK
.lake/packages/aesop/.lake/build/ir/Aesop/Tree/State.c.o.export: OK
.lake/packages/aesop/.lake/build/ir/Aesop/Tree/State.c: OK
.lake/packages/aesop/.lake/build/lib/lean/Aesop/Tree/State.olean: OK
.lake/packages/aesop/.lake/build/ir/Aesop/Tree/Stats.c.o.export: OK
.lake/packages/aesop/.lake/build/ir/Aesop/Tree/Stats.c: OK
.lake/packages/aesop/.lake/build/lib/lean/Aesop/Tree/Stats.olean: OK
.lake/packages/aesop/.lake/build/ir/Aesop/Tree/Tracing.c.o.export: OK
.lake/packages/aesop/.lake/build/ir/Aesop/Tree/Tracing.c: OK
.lake/packages/aesop/.lake/build/lib/lean/Aesop/Tree/Tracing.olean: OK
.lake/packages/aesop/.lake/build/ir/Aesop/Tree/Traversal.c.o.export: OK
.lake/packages/aesop/.lake/build/ir/Aesop/Tree/Traversal.c: OK
.lake/packages/aesop/.lake/build/lib/lean/Aesop/Tree/Traversal.olean: OK
.lake/packages/aesop/.lake/build/ir/Aesop/Tree/TreeM.c.o.export: OK
.lake/packages/aesop/.lake/build/ir/Aesop/Tree/TreeM.c: OK
.lake/packages/aesop/.lake/build/lib/lean/Aesop/Tree/TreeM.olean: OK
.lake/packages/aesop/.lake/build/ir/Aesop/Tree/UnsafeQueue.c.o.export: OK
.lake/packages/aesop/.lake/build/ir/Aesop/Tree/UnsafeQueue.c: OK
.lake/packages/aesop/.lake/build/lib/lean/Aesop/Tree/UnsafeQueue.olean: OK
.lake/packages/aesop/.lake/build/ir/Aesop/Util/Basic.c.o.export: OK
.lake/packages/aesop/.lake/build/ir/Aesop/Util/Basic.c: OK
.lake/packages/aesop/.lake/build/lib/lean/Aesop/Util/Basic.olean: OK
.lake/packages/aesop/.lake/build/ir/Aesop/Util/EqualUpToIds.c.o.export: OK
.lake/packages/aesop/.lake/build/ir/Aesop/Util/EqualUpToIds.c: OK
.lake/packages/aesop/.lake/build/lib/lean/Aesop/Util/EqualUpToIds.olean: OK
.lake/packages/aesop/.lake/build/ir/Aesop/Util/OrderedHashSet.c.o.export: OK
.lake/packages/aesop/.lake/build/ir/Aesop/Util/OrderedHashSet.c: OK
.lake/packages/aesop/.lake/build/lib/lean/Aesop/Util/OrderedHashSet.olean: OK
.lake/packages/aesop/.lake/build/ir/Aesop/Util/Tactic.c.o.export: OK
.lake/packages/aesop/.lake/build/ir/Aesop/Util/Tactic.c: OK
.lake/packages/aesop/.lake/build/lib/lean/Aesop/Util/Tactic.olean: OK
.lake/packages/aesop/.lake/build/ir/Aesop/Util/Tactic/Ext.c.o.export: OK
.lake/packages/aesop/.lake/build/ir/Aesop/Util/Tactic/Ext.c: OK
.lake/packages/aesop/.lake/build/lib/lean/Aesop/Util/Tactic/Ext.olean: OK
.lake/packages/aesop/.lake/build/ir/Aesop/Util/Tactic/Unfold.c.o.export: OK
.lake/packages/aesop/.lake/build/ir/Aesop/Util/Tactic/Unfold.c: OK
.lake/packages/aesop/.lake/build/lib/lean/Aesop/Util/Tactic/Unfold.olean: OK
.lake/packages/aesop/.lake/build/ir/Aesop/Util/Unfold.c.o.export: OK
.lake/packages/aesop/.lake/build/ir/Aesop/Util/Unfold.c: OK
.lake/packages/aesop/.lake/build/lib/lean/Aesop/Util/Unfold.olean: OK
.lake/packages/aesop/.lake/build/ir/Aesop/Util/UnionFind.c.o.export: OK
.lake/packages/aesop/.lake/build/ir/Aesop/Util/UnionFind.c: OK
.lake/packages/aesop/.lake/build/lib/lean/Aesop/Util/UnionFind.olean: OK
.lake/packages/aesop/.lake/build/ir/Aesop/Util/UnorderedArraySet.c.o.export: OK
.lake/packages/aesop/.lake/build/ir/Aesop/Util/UnorderedArraySet.c: OK
.lake/packages/aesop/.lake/build/lib/lean/Aesop/Util/UnorderedArraySet.olean: OK
.lake/packages/batteries/.lake/build/ir/Batteries/Classes/Order.c.o.export: OK
.lake/packages/batteries/.lake/build/ir/Batteries/Classes/Order.c: OK
.lake/packages/batteries/.lake/build/lib/lean/Batteries/Classes/Order.olean: OK
.lake/packages/batteries/.lake/build/ir/Batteries/Classes/RatCast.c.o.export: OK
.lake/packages/batteries/.lake/build/ir/Batteries/Classes/RatCast.c: OK
.lake/packages/batteries/.lake/build/lib/lean/Batteries/Classes/RatCast.olean: OK
.lake/packages/batteries/.lake/build/ir/Batteries/CodeAction.c.o.export: OK
.lake/packages/batteries/.lake/build/ir/Batteries/CodeAction.c: OK
.lake/packages/batteries/.lake/build/lib/lean/Batteries/CodeAction.olean: OK
.lake/packages/batteries/.lake/build/ir/Batteries/CodeAction/Attr.c.o.export: OK
.lake/packages/batteries/.lake/build/ir/Batteries/CodeAction/Attr.c: OK
.lake/packages/batteries/.lake/build/lib/lean/Batteries/CodeAction/Attr.olean: OK
.lake/packages/batteries/.lake/build/ir/Batteries/CodeAction/Basic.c.o.export: OK
.lake/packages/batteries/.lake/build/ir/Batteries/CodeAction/Basic.c: OK
.lake/packages/batteries/.lake/build/lib/lean/Batteries/CodeAction/Basic.olean: OK
.lake/packages/batteries/.lake/build/ir/Batteries/CodeAction/Deprecated.c.o.export: OK
.lake/packages/batteries/.lake/build/ir/Batteries/CodeAction/Deprecated.c: OK
.lake/packages/batteries/.lake/build/lib/lean/Batteries/CodeAction/Deprecated.olean: OK
.lake/packages/batteries/.lake/build/ir/Batteries/CodeAction/Match.c.o.export: OK
.lake/packages/batteries/.lake/build/ir/Batteries/CodeAction/Match.c: OK
.lake/packages/batteries/.lake/build/lib/lean/Batteries/CodeAction/Match.olean: OK
.lake/packages/batteries/.lake/build/ir/Batteries/CodeAction/Misc.c.o.export: OK
.lake/packages/batteries/.lake/build/ir/Batteries/CodeAction/Misc.c: OK
.lake/packages/batteries/.lake/build/lib/lean/Batteries/CodeAction/Misc.olean: OK
.lake/packages/batteries/.lake/build/ir/Batteries/Control/AlternativeMonad.c.o.export: OK
.lake/packages/batteries/.lake/build/ir/Batteries/Control/AlternativeMonad.c: OK
.lake/packages/batteries/.lake/build/lib/lean/Batteries/Control/AlternativeMonad.olean: OK
.lake/packages/batteries/.lake/build/ir/Batteries/Control/ForInStep/Basic.c.o.export: OK
.lake/packages/batteries/.lake/build/ir/Batteries/Control/ForInStep/Basic.c: OK
.lake/packages/batteries/.lake/build/lib/lean/Batteries/Control/ForInStep/Basic.olean: OK
.lake/packages/batteries/.lake/build/ir/Batteries/Control/ForInStep/Lemmas.c.o.export: OK
.lake/packages/batteries/.lake/build/ir/Batteries/Control/ForInStep/Lemmas.c: OK
.lake/packages/batteries/.lake/build/lib/lean/Batteries/Control/ForInStep/Lemmas.olean: OK
.lake/packages/batteries/.lake/build/ir/Batteries/Control/LawfulMonadState.c.o.export: OK
.lake/packages/batteries/.lake/build/ir/Batteries/Control/LawfulMonadState.c: OK
.lake/packages/batteries/.lake/build/lib/lean/Batteries/Control/LawfulMonadState.olean: OK
.lake/packages/batteries/.lake/build/ir/Batteries/Control/Lemmas.c.o.export: OK
.lake/packages/batteries/.lake/build/ir/Batteries/Control/Lemmas.c: OK
.lake/packages/batteries/.lake/build/lib/lean/Batteries/Control/Lemmas.olean: OK
.lake/packages/batteries/.lake/build/ir/Batteries/Control/Nondet/Basic.c.o.export: OK
.lake/packages/batteries/.lake/build/ir/Batteries/Control/Nondet/Basic.c: OK
.lake/packages/batteries/.lake/build/lib/lean/Batteries/Control/Nondet/Basic.olean: OK
.lake/packages/batteries/.lake/build/ir/Batteries/Control/OptionT.c.o.export: OK
.lake/packages/batteries/.lake/build/ir/Batteries/Control/OptionT.c: OK
.lake/packages/batteries/.lake/build/lib/lean/Batteries/Control/OptionT.olean: OK
.lake/packages/batteries/.lake/build/ir/Batteries/Data/Array/Basic.c.o.export: OK
.lake/packages/batteries/.lake/build/ir/Batteries/Data/Array/Basic.c: OK
.lake/packages/batteries/.lake/build/lib/lean/Batteries/Data/Array/Basic.olean: OK
.lake/packages/batteries/.lake/build/ir/Batteries/Data/Array/Match.c.o.export: OK
.lake/packages/batteries/.lake/build/ir/Batteries/Data/Array/Match.c: OK
.lake/packages/batteries/.lake/build/lib/lean/Batteries/Data/Array/Match.olean: OK
.lake/packages/batteries/.lake/build/ir/Batteries/Data/Array/Merge.c.o.export: OK
.lake/packages/batteries/.lake/build/ir/Batteries/Data/Array/Merge.c: OK
.lake/packages/batteries/.lake/build/lib/lean/Batteries/Data/Array/Merge.olean: OK
.lake/packages/batteries/.lake/build/ir/Batteries/Data/BinomialHeap/Basic.c.o.export: OK
.lake/packages/batteries/.lake/build/ir/Batteries/Data/BinomialHeap/Basic.c: OK
.lake/packages/batteries/.lake/build/lib/lean/Batteries/Data/BinomialHeap/Basic.olean: OK
.lake/packages/batteries/.lake/build/ir/Batteries/Data/Fin/Basic.c.o.export: OK
.lake/packages/batteries/.lake/build/ir/Batteries/Data/Fin/Basic.c: OK
.lake/packages/batteries/.lake/build/lib/lean/Batteries/Data/Fin/Basic.olean: OK
.lake/packages/batteries/.lake/build/ir/Batteries/Data/Fin/Lemmas.c.o.export: OK
.lake/packages/batteries/.lake/build/ir/Batteries/Data/Fin/Lemmas.c: OK
.lake/packages/batteries/.lake/build/lib/lean/Batteries/Data/Fin/Lemmas.olean: OK
.lake/packages/batteries/.lake/build/ir/Batteries/Data/List/Basic.c.o.export: OK
.lake/packages/batteries/.lake/build/ir/Batteries/Data/List/Basic.c: OK
.lake/packages/batteries/.lake/build/lib/lean/Batteries/Data/List/Basic.olean: OK
.lake/packages/batteries/.lake/build/ir/Batteries/Data/List/Count.c.o.export: OK
.lake/packages/batteries/.lake/build/ir/Batteries/Data/List/Count.c: OK
.lake/packages/batteries/.lake/build/lib/lean/Batteries/Data/List/Count.olean: OK
.lake/packages/batteries/.lake/build/ir/Batteries/Data/List/Lemmas.c.o.export: OK
.lake/packages/batteries/.lake/build/ir/Batteries/Data/List/Lemmas.c: OK
.lake/packages/batteries/.lake/build/lib/lean/Batteries/Data/List/Lemmas.olean: OK
.lake/packages/batteries/.lake/build/ir/Batteries/Data/List/Pairwise.c.o.export: OK
.lake/packages/batteries/.lake/build/ir/Batteries/Data/List/Pairwise.c: OK
.lake/packages/batteries/.lake/build/lib/lean/Batteries/Data/List/Pairwise.olean: OK
.lake/packages/batteries/.lake/build/ir/Batteries/Data/List/Perm.c.o.export: OK
.lake/packages/batteries/.lake/build/ir/Batteries/Data/List/Perm.c: OK
.lake/packages/batteries/.lake/build/lib/lean/Batteries/Data/List/Perm.olean: OK
.lake/packages/batteries/.lake/build/ir/Batteries/Data/MLList/Basic.c.o.export: OK
.lake/packages/batteries/.lake/build/ir/Batteries/Data/MLList/Basic.c: OK
.lake/packages/batteries/.lake/build/lib/lean/Batteries/Data/MLList/Basic.olean: OK
.lake/packages/batteries/.lake/build/ir/Batteries/Data/Nat/Basic.c.o.export: OK
.lake/packages/batteries/.lake/build/ir/Batteries/Data/Nat/Basic.c: OK
.lake/packages/batteries/.lake/build/lib/lean/Batteries/Data/Nat/Basic.olean: OK
.lake/packages/batteries/.lake/build/ir/Batteries/Data/Nat/Lemmas.c.o.export: OK
.lake/packages/batteries/.lake/build/ir/Batteries/Data/Nat/Lemmas.c: OK
.lake/packages/batteries/.lake/build/lib/lean/Batteries/Data/Nat/Lemmas.olean: OK
.lake/packages/batteries/.lake/build/ir/Batteries/Data/String/Basic.c.o.export: OK
.lake/packages/batteries/.lake/build/ir/Batteries/Data/String/Basic.c: OK
.lake/packages/batteries/.lake/build/lib/lean/Batteries/Data/String/Basic.olean: OK
.lake/packages/batteries/.lake/build/ir/Batteries/Data/String/Matcher.c.o.export: OK
.lake/packages/batteries/.lake/build/ir/Batteries/Data/String/Matcher.c: OK
.lake/packages/batteries/.lake/build/lib/lean/Batteries/Data/String/Matcher.olean: OK
.lake/packages/batteries/.lake/build/ir/Batteries/Data/UInt.c.o.export: OK
.lake/packages/batteries/.lake/build/ir/Batteries/Data/UInt.c: OK
.lake/packages/batteries/.lake/build/lib/lean/Batteries/Data/UInt.olean: OK
.lake/packages/batteries/.lake/build/ir/Batteries/Lean/AttributeExtra.c.o.export: OK
.lake/packages/batteries/.lake/build/ir/Batteries/Lean/AttributeExtra.c: OK
.lake/packages/batteries/.lake/build/lib/lean/Batteries/Lean/AttributeExtra.olean: OK
.lake/packages/batteries/.lake/build/ir/Batteries/Lean/Except.c.o.export: OK
.lake/packages/batteries/.lake/build/ir/Batteries/Lean/Except.c: OK
.lake/packages/batteries/.lake/build/lib/lean/Batteries/Lean/Except.olean: OK
.lake/packages/batteries/.lake/build/ir/Batteries/Lean/Expr.c.o.export: OK
.lake/packages/batteries/.lake/build/ir/Batteries/Lean/Expr.c: OK
.lake/packages/batteries/.lake/build/lib/lean/Batteries/Lean/Expr.olean: OK
.lake/packages/batteries/.lake/build/ir/Batteries/Lean/HashMap.c.o.export: OK
.lake/packages/batteries/.lake/build/ir/Batteries/Lean/HashMap.c: OK
.lake/packages/batteries/.lake/build/lib/lean/Batteries/Lean/HashMap.olean: OK
.lake/packages/batteries/.lake/build/ir/Batteries/Lean/HashSet.c.o.export: OK
.lake/packages/batteries/.lake/build/ir/Batteries/Lean/HashSet.c: OK
.lake/packages/batteries/.lake/build/lib/lean/Batteries/Lean/HashSet.olean: OK
.lake/packages/batteries/.lake/build/ir/Batteries/Lean/Meta/Basic.c.o.export: OK
.lake/packages/batteries/.lake/build/ir/Batteries/Lean/Meta/Basic.c: OK
.lake/packages/batteries/.lake/build/lib/lean/Batteries/Lean/Meta/Basic.olean: OK
.lake/packages/batteries/.lake/build/ir/Batteries/Lean/Meta/DiscrTree.c.o.export: OK
.lake/packages/batteries/.lake/build/ir/Batteries/Lean/Meta/DiscrTree.c: OK
.lake/packages/batteries/.lake/build/lib/lean/Batteries/Lean/Meta/DiscrTree.olean: OK
.lake/packages/batteries/.lake/build/ir/Batteries/Lean/Meta/Expr.c.o.export: OK
.lake/packages/batteries/.lake/build/ir/Batteries/Lean/Meta/Expr.c: OK
.lake/packages/batteries/.lake/build/lib/lean/Batteries/Lean/Meta/Expr.olean: OK
.lake/packages/batteries/.lake/build/ir/Batteries/Lean/Meta/Inaccessible.c.o.export: OK
.lake/packages/batteries/.lake/build/ir/Batteries/Lean/Meta/Inaccessible.c: OK
.lake/packages/batteries/.lake/build/lib/lean/Batteries/Lean/Meta/Inaccessible.olean: OK
.lake/packages/batteries/.lake/build/ir/Batteries/Lean/Meta/InstantiateMVars.c.o.export: OK
.lake/packages/batteries/.lake/build/ir/Batteries/Lean/Meta/InstantiateMVars.c: OK
.lake/packages/batteries/.lake/build/lib/lean/Batteries/Lean/Meta/InstantiateMVars.olean: OK
.lake/packages/batteries/.lake/build/ir/Batteries/Lean/Meta/SavedState.c.o.export: OK
.lake/packages/batteries/.lake/build/ir/Batteries/Lean/Meta/SavedState.c: OK
.lake/packages/batteries/.lake/build/lib/lean/Batteries/Lean/Meta/SavedState.olean: OK
.lake/packages/batteries/.lake/build/ir/Batteries/Lean/Meta/UnusedNames.c.o.export: OK
.lake/packages/batteries/.lake/build/ir/Batteries/Lean/Meta/UnusedNames.c: OK
.lake/packages/batteries/.lake/build/lib/lean/Batteries/Lean/Meta/UnusedNames.olean: OK
.lake/packages/batteries/.lake/build/ir/Batteries/Lean/MonadBacktrack.c.o.export: OK
.lake/packages/batteries/.lake/build/ir/Batteries/Lean/MonadBacktrack.c: OK
.lake/packages/batteries/.lake/build/lib/lean/Batteries/Lean/MonadBacktrack.olean: OK
.lake/packages/batteries/.lake/build/ir/Batteries/Lean/NameMapAttribute.c.o.export: OK
.lake/packages/batteries/.lake/build/ir/Batteries/Lean/NameMapAttribute.c: OK
.lake/packages/batteries/.lake/build/lib/lean/Batteries/Lean/NameMapAttribute.olean: OK
.lake/packages/batteries/.lake/build/ir/Batteries/Lean/PersistentHashMap.c.o.export: OK
.lake/packages/batteries/.lake/build/ir/Batteries/Lean/PersistentHashMap.c: OK
.lake/packages/batteries/.lake/build/lib/lean/Batteries/Lean/PersistentHashMap.olean: OK
.lake/packages/batteries/.lake/build/ir/Batteries/Lean/PersistentHashSet.c.o.export: OK
.lake/packages/batteries/.lake/build/ir/Batteries/Lean/PersistentHashSet.c: OK
.lake/packages/batteries/.lake/build/lib/lean/Batteries/Lean/PersistentHashSet.olean: OK
.lake/packages/batteries/.lake/build/ir/Batteries/Lean/Position.c.o.export: OK
.lake/packages/batteries/.lake/build/ir/Batteries/Lean/Position.c: OK
.lake/packages/batteries/.lake/build/lib/lean/Batteries/Lean/Position.olean: OK
.lake/packages/batteries/.lake/build/ir/Batteries/Lean/Syntax.c.o.export: OK
.lake/packages/batteries/.lake/build/ir/Batteries/Lean/Syntax.c: OK
.lake/packages/batteries/.lake/build/lib/lean/Batteries/Lean/Syntax.olean: OK
.lake/packages/batteries/.lake/build/ir/Batteries/Lean/TagAttribute.c.o.export: OK
.lake/packages/batteries/.lake/build/ir/Batteries/Lean/TagAttribute.c: OK
.lake/packages/batteries/.lake/build/lib/lean/Batteries/Lean/TagAttribute.olean: OK
.lake/packages/batteries/.lake/build/ir/Batteries/Linter.c.o.export: OK
.lake/packages/batteries/.lake/build/ir/Batteries/Linter.c: OK
.lake/packages/batteries/.lake/build/lib/lean/Batteries/Linter.olean: OK
.lake/packages/batteries/.lake/build/ir/Batteries/Linter/UnnecessarySeqFocus.c.o.export: OK
.lake/packages/batteries/.lake/build/ir/Batteries/Linter/UnnecessarySeqFocus.c: OK
.lake/packages/batteries/.lake/build/lib/lean/Batteries/Linter/UnnecessarySeqFocus.olean: OK
.lake/packages/batteries/.lake/build/ir/Batteries/Linter/UnreachableTactic.c.o.export: OK
.lake/packages/batteries/.lake/build/ir/Batteries/Linter/UnreachableTactic.c: OK
.lake/packages/batteries/.lake/build/lib/lean/Batteries/Linter/UnreachableTactic.olean: OK
.lake/packages/batteries/.lake/build/ir/Batteries/Logic.c.o.export: OK
.lake/packages/batteries/.lake/build/ir/Batteries/Logic.c: OK
.lake/packages/batteries/.lake/build/lib/lean/Batteries/Logic.olean: OK
.lake/packages/batteries/.lake/build/ir/Batteries/Tactic/Alias.c.o.export: OK
.lake/packages/batteries/.lake/build/ir/Batteries/Tactic/Alias.c: OK
.lake/packages/batteries/.lake/build/lib/lean/Batteries/Tactic/Alias.olean: OK
.lake/packages/batteries/.lake/build/ir/Batteries/Tactic/Basic.c.o.export: OK
.lake/packages/batteries/.lake/build/ir/Batteries/Tactic/Basic.c: OK
.lake/packages/batteries/.lake/build/lib/lean/Batteries/Tactic/Basic.olean: OK
.lake/packages/batteries/.lake/build/ir/Batteries/Tactic/Case.c.o.export: OK
.lake/packages/batteries/.lake/build/ir/Batteries/Tactic/Case.c: OK
.lake/packages/batteries/.lake/build/lib/lean/Batteries/Tactic/Case.olean: OK
.lake/packages/batteries/.lake/build/ir/Batteries/Tactic/Congr.c.o.export: OK
.lake/packages/batteries/.lake/build/ir/Batteries/Tactic/Congr.c: OK
.lake/packages/batteries/.lake/build/lib/lean/Batteries/Tactic/Congr.olean: OK
.lake/packages/batteries/.lake/build/ir/Batteries/Tactic/Exact.c.o.export: OK
.lake/packages/batteries/.lake/build/ir/Batteries/Tactic/Exact.c: OK
.lake/packages/batteries/.lake/build/lib/lean/Batteries/Tactic/Exact.olean: OK
.lake/packages/batteries/.lake/build/ir/Batteries/Tactic/GeneralizeProofs.c.o.export: OK
.lake/packages/batteries/.lake/build/ir/Batteries/Tactic/GeneralizeProofs.c: OK
.lake/packages/batteries/.lake/build/lib/lean/Batteries/Tactic/GeneralizeProofs.olean: OK
.lake/packages/batteries/.lake/build/ir/Batteries/Tactic/HelpCmd.c.o.export: OK
.lake/packages/batteries/.lake/build/ir/Batteries/Tactic/HelpCmd.c: OK
.lake/packages/batteries/.lake/build/lib/lean/Batteries/Tactic/HelpCmd.olean: OK
.lake/packages/batteries/.lake/build/ir/Batteries/Tactic/Init.c.o.export: OK
.lake/packages/batteries/.lake/build/ir/Batteries/Tactic/Init.c: OK
.lake/packages/batteries/.lake/build/lib/lean/Batteries/Tactic/Init.olean: OK
.lake/packages/batteries/.lake/build/ir/Batteries/Tactic/Lint.c.o.export: OK
.lake/packages/batteries/.lake/build/ir/Batteries/Tactic/Lint.c: OK
.lake/packages/batteries/.lake/build/lib/lean/Batteries/Tactic/Lint.olean: OK
.lake/packages/batteries/.lake/build/ir/Batteries/Tactic/Lint/Basic.c.o.export: OK
.lake/packages/batteries/.lake/build/ir/Batteries/Tactic/Lint/Basic.c: OK
.lake/packages/batteries/.lake/build/lib/lean/Batteries/Tactic/Lint/Basic.olean: OK
.lake/packages/batteries/.lake/build/ir/Batteries/Tactic/Lint/Frontend.c.o.export: OK
.lake/packages/batteries/.lake/build/ir/Batteries/Tactic/Lint/Frontend.c: OK
.lake/packages/batteries/.lake/build/lib/lean/Batteries/Tactic/Lint/Frontend.olean: OK
.lake/packages/batteries/.lake/build/ir/Batteries/Tactic/Lint/Misc.c.o.export: OK
.lake/packages/batteries/.lake/build/ir/Batteries/Tactic/Lint/Misc.c: OK
.lake/packages/batteries/.lake/build/lib/lean/Batteries/Tactic/Lint/Misc.olean: OK
.lake/packages/batteries/.lake/build/ir/Batteries/Tactic/Lint/Simp.c.o.export: OK
.lake/packages/batteries/.lake/build/ir/Batteries/Tactic/Lint/Simp.c: OK
.lake/packages/batteries/.lake/build/lib/lean/Batteries/Tactic/Lint/Simp.olean: OK
.lake/packages/batteries/.lake/build/ir/Batteries/Tactic/Lint/TypeClass.c.o.export: OK
.lake/packages/batteries/.lake/build/ir/Batteries/Tactic/Lint/TypeClass.c: OK
.lake/packages/batteries/.lake/build/lib/lean/Batteries/Tactic/Lint/TypeClass.olean: OK
.lake/packages/batteries/.lake/build/ir/Batteries/Tactic/OpenPrivate.c.o.export: OK
.lake/packages/batteries/.lake/build/ir/Batteries/Tactic/OpenPrivate.c: OK
.lake/packages/batteries/.lake/build/lib/lean/Batteries/Tactic/OpenPrivate.olean: OK
.lake/packages/batteries/.lake/build/ir/Batteries/Tactic/PermuteGoals.c.o.export: OK
.lake/packages/batteries/.lake/build/ir/Batteries/Tactic/PermuteGoals.c: OK
.lake/packages/batteries/.lake/build/lib/lean/Batteries/Tactic/PermuteGoals.olean: OK
.lake/packages/batteries/.lake/build/ir/Batteries/Tactic/SeqFocus.c.o.export: OK
.lake/packages/batteries/.lake/build/ir/Batteries/Tactic/SeqFocus.c: OK
.lake/packages/batteries/.lake/build/lib/lean/Batteries/Tactic/SeqFocus.olean: OK
.lake/packages/batteries/.lake/build/ir/Batteries/Tactic/Trans.c.o.export: OK
.lake/packages/batteries/.lake/build/ir/Batteries/Tactic/Trans.c: OK
.lake/packages/batteries/.lake/build/lib/lean/Batteries/Tactic/Trans.olean: OK
.lake/packages/batteries/.lake/build/ir/Batteries/Tactic/Unreachable.c.o.export: OK
.lake/packages/batteries/.lake/build/ir/Batteries/Tactic/Unreachable.c: OK
.lake/packages/batteries/.lake/build/lib/lean/Batteries/Tactic/Unreachable.olean: OK
.lake/packages/batteries/.lake/build/ir/Batteries/Util/Cache.c.o.export: OK
.lake/packages/batteries/.lake/build/ir/Batteries/Util/Cache.c: OK
.lake/packages/batteries/.lake/build/lib/lean/Batteries/Util/Cache.olean: OK
.lake/packages/batteries/.lake/build/ir/Batteries/Util/ExtendedBinder.c.o.export: OK
.lake/packages/batteries/.lake/build/ir/Batteries/Util/ExtendedBinder.c: OK
.lake/packages/batteries/.lake/build/lib/lean/Batteries/Util/ExtendedBinder.olean: OK
.lake/packages/batteries/.lake/build/ir/Batteries/Util/LibraryNote.c.o.export: OK
.lake/packages/batteries/.lake/build/ir/Batteries/Util/LibraryNote.c: OK
.lake/packages/batteries/.lake/build/lib/lean/Batteries/Util/LibraryNote.olean: OK
.lake/packages/batteries/.lake/build/ir/Batteries/Util/ProofWanted.c.o.export: OK
.lake/packages/batteries/.lake/build/ir/Batteries/Util/ProofWanted.c: OK
.lake/packages/batteries/.lake/build/lib/lean/Batteries/Util/ProofWanted.olean: OK
.lake/packages/importGraph/.lake/build/ir/ImportGraph/Graph/TransitiveClosure.c.o.export: OK
.lake/packages/importGraph/.lake/build/ir/ImportGraph/Graph/TransitiveClosure.c: OK
.lake/packages/importGraph/.lake/build/lib/lean/ImportGraph/Graph/TransitiveClosure.olean: OK
.lake/packages/importGraph/.lake/build/ir/ImportGraph/Imports/ImportGraph.c.o.export: OK
.lake/packages/importGraph/.lake/build/ir/ImportGraph/Imports/ImportGraph.c: OK
.lake/packages/importGraph/.lake/build/lib/lean/ImportGraph/Imports/ImportGraph.olean: OK
.lake/packages/importGraph/.lake/build/ir/ImportGraph/Imports/Redundant.c.o.export: OK
.lake/packages/importGraph/.lake/build/ir/ImportGraph/Imports/Redundant.c: OK
.lake/packages/importGraph/.lake/build/lib/lean/ImportGraph/Imports/Redundant.olean: OK
.lake/packages/importGraph/.lake/build/ir/ImportGraph/Imports/RequiredModules.c.o.export: OK
.lake/packages/importGraph/.lake/build/ir/ImportGraph/Imports/RequiredModules.c: OK
.lake/packages/importGraph/.lake/build/lib/lean/ImportGraph/Imports/RequiredModules.olean: OK
.lake/packages/importGraph/.lake/build/ir/ImportGraph/Lean/Environment.c.o.export: OK
.lake/packages/importGraph/.lake/build/ir/ImportGraph/Lean/Environment.c: OK
.lake/packages/importGraph/.lake/build/lib/lean/ImportGraph/Lean/Environment.olean: OK
.lake/packages/importGraph/.lake/build/ir/ImportGraph/Tools.c.o.export: OK
.lake/packages/importGraph/.lake/build/ir/ImportGraph/Tools.c: OK
.lake/packages/importGraph/.lake/build/lib/lean/ImportGraph/Tools.olean: OK
.lake/packages/importGraph/.lake/build/ir/ImportGraph/Tools/FindHome.c.o.export: OK
.lake/packages/importGraph/.lake/build/ir/ImportGraph/Tools/FindHome.c: OK
.lake/packages/importGraph/.lake/build/lib/lean/ImportGraph/Tools/FindHome.olean: OK
.lake/packages/importGraph/.lake/build/ir/ImportGraph/Tools/ImportDiff.c.o.export: OK
.lake/packages/importGraph/.lake/build/ir/ImportGraph/Tools/ImportDiff.c: OK
.lake/packages/importGraph/.lake/build/lib/lean/ImportGraph/Tools/ImportDiff.olean: OK
.lake/packages/importGraph/.lake/build/ir/ImportGraph/Tools/MinImports.c.o.export: OK
.lake/packages/importGraph/.lake/build/ir/ImportGraph/Tools/MinImports.c: OK
.lake/packages/importGraph/.lake/build/lib/lean/ImportGraph/Tools/MinImports.olean: OK
.lake/packages/importGraph/.lake/build/ir/ImportGraph/Tools/RedundantImports.c.o.export: OK
.lake/packages/importGraph/.lake/build/ir/ImportGraph/Tools/RedundantImports.c: OK
.lake/packages/importGraph/.lake/build/lib/lean/ImportGraph/Tools/RedundantImports.olean: OK
.lake/packages/LeanSearchClient/.lake/build/ir/LeanSearchClient.c.o.export: OK
.lake/packages/LeanSearchClient/.lake/build/ir/LeanSearchClient.c: OK
.lake/packages/LeanSearchClient/.lake/build/lib/lean/LeanSearchClient.olean: OK
.lake/packages/LeanSearchClient/.lake/build/ir/LeanSearchClient/Basic.c.o.export: OK
.lake/packages/LeanSearchClient/.lake/build/ir/LeanSearchClient/Basic.c: OK
.lake/packages/LeanSearchClient/.lake/build/lib/lean/LeanSearchClient/Basic.olean: OK
.lake/packages/LeanSearchClient/.lake/build/ir/LeanSearchClient/LoogleSyntax.c.o.export: OK
.lake/packages/LeanSearchClient/.lake/build/ir/LeanSearchClient/LoogleSyntax.c: OK
.lake/packages/LeanSearchClient/.lake/build/lib/lean/LeanSearchClient/LoogleSyntax.olean: OK
.lake/packages/LeanSearchClient/.lake/build/ir/LeanSearchClient/Syntax.c.o.export: OK
.lake/packages/LeanSearchClient/.lake/build/ir/LeanSearchClient/Syntax.c: OK
.lake/packages/LeanSearchClient/.lake/build/lib/lean/LeanSearchClient/Syntax.olean: OK
.lake/packages/mathlib/.lake/build/ir/Mathlib/Algebra/AddTorsor/Basic.c.o.export: OK
.lake/packages/mathlib/.lake/build/ir/Mathlib/Algebra/AddTorsor/Basic.c: OK
.lake/packages/mathlib/.lake/build/lib/lean/Mathlib/Algebra/AddTorsor/Basic.olean: OK
.lake/packages/mathlib/.lake/build/ir/Mathlib/Algebra/AddTorsor/Defs.c.o.export: OK
.lake/packages/mathlib/.lake/build/ir/Mathlib/Algebra/AddTorsor/Defs.c: OK
.lake/packages/mathlib/.lake/build/lib/lean/Mathlib/Algebra/AddTorsor/Defs.olean: OK
.lake/packages/mathlib/.lake/build/ir/Mathlib/Algebra/Algebra/Basic.c.o.export: OK
.lake/packages/mathlib/.lake/build/ir/Mathlib/Algebra/Algebra/Basic.c: OK
.lake/packages/mathlib/.lake/build/lib/lean/Mathlib/Algebra/Algebra/Basic.olean: OK
.lake/packages/mathlib/.lake/build/ir/Mathlib/Algebra/Algebra/Bilinear.c.o.export: OK
.lake/packages/mathlib/.lake/build/ir/Mathlib/Algebra/Algebra/Bilinear.c: OK
.lake/packages/mathlib/.lake/build/lib/lean/Mathlib/Algebra/Algebra/Bilinear.olean: OK
.lake/packages/mathlib/.lake/build/ir/Mathlib/Algebra/Algebra/Defs.c.o.export: OK
.lake/packages/mathlib/.lake/build/ir/Mathlib/Algebra/Algebra/Defs.c: OK
.lake/packages/mathlib/.lake/build/lib/lean/Mathlib/Algebra/Algebra/Defs.olean: OK
.lake/packages/mathlib/.lake/build/ir/Mathlib/Algebra/Algebra/Equiv.c.o.export: OK
.lake/packages/mathlib/.lake/build/ir/Mathlib/Algebra/Algebra/Equiv.c: OK
.lake/packages/mathlib/.lake/build/lib/lean/Mathlib/Algebra/Algebra/Equiv.olean: OK
.lake/packages/mathlib/.lake/build/ir/Mathlib/Algebra/Algebra/Hom.c.o.export: OK
.lake/packages/mathlib/.lake/build/ir/Mathlib/Algebra/Algebra/Hom.c: OK
.lake/packages/mathlib/.lake/build/lib/lean/Mathlib/Algebra/Algebra/Hom.olean: OK
.lake/packages/mathlib/.lake/build/ir/Mathlib/Algebra/Algebra/IsSimpleRing.c.o.export: OK
.lake/packages/mathlib/.lake/build/ir/Mathlib/Algebra/Algebra/IsSimpleRing.c: OK
.lake/packages/mathlib/.lake/build/lib/lean/Mathlib/Algebra/Algebra/IsSimpleRing.olean: OK
.lake/packages/mathlib/.lake/build/ir/Mathlib/Algebra/Algebra/NonUnitalHom.c.o.export: OK
.lake/packages/mathlib/.lake/build/ir/Mathlib/Algebra/Algebra/NonUnitalHom.c: OK
.lake/packages/mathlib/.lake/build/lib/lean/Mathlib/Algebra/Algebra/NonUnitalHom.olean: OK
.lake/packages/mathlib/.lake/build/ir/Mathlib/Algebra/Algebra/NonUnitalSubalgebra.c.o.export: OK
.lake/packages/mathlib/.lake/build/ir/Mathlib/Algebra/Algebra/NonUnitalSubalgebra.c: OK
.lake/packages/mathlib/.lake/build/lib/lean/Mathlib/Algebra/Algebra/NonUnitalSubalgebra.olean: OK
.lake/packages/mathlib/.lake/build/ir/Mathlib/Algebra/Algebra/Operations.c.o.export: OK
.lake/packages/mathlib/.lake/build/ir/Mathlib/Algebra/Algebra/Operations.c: OK
.lake/packages/mathlib/.lake/build/lib/lean/Mathlib/Algebra/Algebra/Operations.olean: OK
.lake/packages/mathlib/.lake/build/ir/Mathlib/Algebra/Algebra/Opposite.c.o.export: OK
.lake/packages/mathlib/.lake/build/ir/Mathlib/Algebra/Algebra/Opposite.c: OK
.lake/packages/mathlib/.lake/build/lib/lean/Mathlib/Algebra/Algebra/Opposite.olean: OK
.lake/packages/mathlib/.lake/build/ir/Mathlib/Algebra/Algebra/Pi.c.o.export: OK
.lake/packages/mathlib/.lake/build/ir/Mathlib/Algebra/Algebra/Pi.c: OK
.lake/packages/mathlib/.lake/build/lib/lean/Mathlib/Algebra/Algebra/Pi.olean: OK
.lake/packages/mathlib/.lake/build/ir/Mathlib/Algebra/Algebra/Prod.c.o.export: OK
.lake/packages/mathlib/.lake/build/ir/Mathlib/Algebra/Algebra/Prod.c: OK
.lake/packages/mathlib/.lake/build/lib/lean/Mathlib/Algebra/Algebra/Prod.olean: OK
.lake/packages/mathlib/.lake/build/ir/Mathlib/Algebra/Algebra/Rat.c.o.export: OK
.lake/packages/mathlib/.lake/build/ir/Mathlib/Algebra/Algebra/Rat.c: OK
.lake/packages/mathlib/.lake/build/lib/lean/Mathlib/Algebra/Algebra/Rat.olean: OK
.lake/packages/mathlib/.lake/build/ir/Mathlib/Algebra/Algebra/RestrictScalars.c.o.export: OK
.lake/packages/mathlib/.lake/build/ir/Mathlib/Algebra/Algebra/RestrictScalars.c: OK
.lake/packages/mathlib/.lake/build/lib/lean/Mathlib/Algebra/Algebra/RestrictScalars.olean: OK
.lake/packages/mathlib/.lake/build/ir/Mathlib/Algebra/Algebra/Spectrum/Basic.c.o.export: OK
.lake/packages/mathlib/.lake/build/ir/Mathlib/Algebra/Algebra/Spectrum/Basic.c: OK
.lake/packages/mathlib/.lake/build/lib/lean/Mathlib/Algebra/Algebra/Spectrum/Basic.olean: OK
.lake/packages/mathlib/.lake/build/ir/Mathlib/Algebra/Algebra/Subalgebra/Basic.c.o.export: OK
.lake/packages/mathlib/.lake/build/ir/Mathlib/Algebra/Algebra/Subalgebra/Basic.c: OK
.lake/packages/mathlib/.lake/build/lib/lean/Mathlib/Algebra/Algebra/Subalgebra/Basic.olean: OK
.lake/packages/mathlib/.lake/build/ir/Mathlib/Algebra/Algebra/Subalgebra/Directed.c.o.export: OK
.lake/packages/mathlib/.lake/build/ir/Mathlib/Algebra/Algebra/Subalgebra/Directed.c: OK
.lake/packages/mathlib/.lake/build/lib/lean/Mathlib/Algebra/Algebra/Subalgebra/Directed.olean: OK
.lake/packages/mathlib/.lake/build/ir/Mathlib/Algebra/Algebra/Subalgebra/IsSimpleOrder.c.o.export: OK
.lake/packages/mathlib/.lake/build/ir/Mathlib/Algebra/Algebra/Subalgebra/IsSimpleOrder.c: OK
.lake/packages/mathlib/.lake/build/lib/lean/Mathlib/Algebra/Algebra/Subalgebra/IsSimpleOrder.olean: OK
.lake/packages/mathlib/.lake/build/ir/Mathlib/Algebra/Algebra/Subalgebra/Lattice.c.o.export: OK
.lake/packages/mathlib/.lake/build/ir/Mathlib/Algebra/Algebra/Subalgebra/Lattice.c: OK
.lake/packages/mathlib/.lake/build/lib/lean/Mathlib/Algebra/Algebra/Subalgebra/Lattice.olean: OK
.lake/packages/mathlib/.lake/build/ir/Mathlib/Algebra/Algebra/Subalgebra/Operations.c.o.export: OK
.lake/packages/mathlib/.lake/build/ir/Mathlib/Algebra/Algebra/Subalgebra/Operations.c: OK
.lake/packages/mathlib/.lake/build/lib/lean/Mathlib/Algebra/Algebra/Subalgebra/Operations.olean: OK
.lake/packages/mathlib/.lake/build/ir/Mathlib/Algebra/Algebra/Subalgebra/Pointwise.c.o.export: OK
.lake/packages/mathlib/.lake/build/ir/Mathlib/Algebra/Algebra/Subalgebra/Pointwise.c: OK
.lake/packages/mathlib/.lake/build/lib/lean/Mathlib/Algebra/Algebra/Subalgebra/Pointwise.olean: OK
.lake/packages/mathlib/.lake/build/ir/Mathlib/Algebra/Algebra/Subalgebra/Prod.c.o.export: OK
.lake/packages/mathlib/.lake/build/ir/Mathlib/Algebra/Algebra/Subalgebra/Prod.c: OK
.lake/packages/mathlib/.lake/build/lib/lean/Mathlib/Algebra/Algebra/Subalgebra/Prod.olean: OK
.lake/packages/mathlib/.lake/build/ir/Mathlib/Algebra/Algebra/Subalgebra/Tower.c.o.export: OK
.lake/packages/mathlib/.lake/build/ir/Mathlib/Algebra/Algebra/Subalgebra/Tower.c: OK
.lake/packages/mathlib/.lake/build/lib/lean/Mathlib/Algebra/Algebra/Subalgebra/Tower.olean: OK
.lake/packages/mathlib/.lake/build/ir/Mathlib/Algebra/Algebra/Tower.c.o.export: OK
.lake/packages/mathlib/.lake/build/ir/Mathlib/Algebra/Algebra/Tower.c: OK
.lake/packages/mathlib/.lake/build/lib/lean/Mathlib/Algebra/Algebra/Tower.olean: OK
.lake/packages/mathlib/.lake/build/ir/Mathlib/Algebra/Algebra/TransferInstance.c.o.export: OK
.lake/packages/mathlib/.lake/build/ir/Mathlib/Algebra/Algebra/TransferInstance.c: OK
.lake/packages/mathlib/.lake/build/lib/lean/Mathlib/Algebra/Algebra/TransferInstance.olean: OK
.lake/packages/mathlib/.lake/build/ir/Mathlib/Algebra/Algebra/ZMod.c.o.export: OK
.lake/packages/mathlib/.lake/build/ir/Mathlib/Algebra/Algebra/ZMod.c: OK
.lake/packages/mathlib/.lake/build/lib/lean/Mathlib/Algebra/Algebra/ZMod.olean: OK
.lake/packages/mathlib/.lake/build/ir/Mathlib/Algebra/BigOperators/Associated.c.o.export: OK
.lake/packages/mathlib/.lake/build/ir/Mathlib/Algebra/BigOperators/Associated.c: OK
.lake/packages/mathlib/.lake/build/lib/lean/Mathlib/Algebra/BigOperators/Associated.olean: OK
.lake/packages/mathlib/.lake/build/ir/Mathlib/Algebra/BigOperators/Balance.c.o.export: OK
.lake/packages/mathlib/.lake/build/ir/Mathlib/Algebra/BigOperators/Balance.c: OK
.lake/packages/mathlib/.lake/build/lib/lean/Mathlib/Algebra/BigOperators/Balance.olean: OK
.lake/packages/mathlib/.lake/build/ir/Mathlib/Algebra/BigOperators/Expect.c.o.export: OK
.lake/packages/mathlib/.lake/build/ir/Mathlib/Algebra/BigOperators/Expect.c: OK
.lake/packages/mathlib/.lake/build/lib/lean/Mathlib/Algebra/BigOperators/Expect.olean: OK
.lake/packages/mathlib/.lake/build/ir/Mathlib/Algebra/BigOperators/Field.c.o.export: OK
.lake/packages/mathlib/.lake/build/ir/Mathlib/Algebra/BigOperators/Field.c: OK
.lake/packages/mathlib/.lake/build/lib/lean/Mathlib/Algebra/BigOperators/Field.olean: OK
.lake/packages/mathlib/.lake/build/ir/Mathlib/Algebra/BigOperators/Fin.c.o.export: OK
.lake/packages/mathlib/.lake/build/ir/Mathlib/Algebra/BigOperators/Fin.c: OK
.lake/packages/mathlib/.lake/build/lib/lean/Mathlib/Algebra/BigOperators/Fin.olean: OK
.lake/packages/mathlib/.lake/build/ir/Mathlib/Algebra/BigOperators/Finprod.c.o.export: OK
.lake/packages/mathlib/.lake/build/ir/Mathlib/Algebra/BigOperators/Finprod.c: OK
.lake/packages/mathlib/.lake/build/lib/lean/Mathlib/Algebra/BigOperators/Finprod.olean: OK
.lake/packages/mathlib/.lake/build/ir/Mathlib/Algebra/BigOperators/Finsupp/Basic.c.o.export: OK
.lake/packages/mathlib/.lake/build/ir/Mathlib/Algebra/BigOperators/Finsupp/Basic.c: OK
.lake/packages/mathlib/.lake/build/lib/lean/Mathlib/Algebra/BigOperators/Finsupp/Basic.olean: OK
.lake/packages/mathlib/.lake/build/ir/Mathlib/Algebra/BigOperators/Finsupp/Fin.c.o.export: OK
.lake/packages/mathlib/.lake/build/ir/Mathlib/Algebra/BigOperators/Finsupp/Fin.c: OK
.lake/packages/mathlib/.lake/build/lib/lean/Mathlib/Algebra/BigOperators/Finsupp/Fin.olean: OK
.lake/packages/mathlib/.lake/build/ir/Mathlib/Algebra/BigOperators/Group/Finset/Basic.c.o.export: OK
.lake/packages/mathlib/.lake/build/ir/Mathlib/Algebra/BigOperators/Group/Finset/Basic.c: OK
.lake/packages/mathlib/.lake/build/lib/lean/Mathlib/Algebra/BigOperators/Group/Finset/Basic.olean: OK
.lake/packages/mathlib/.lake/build/ir/Mathlib/Algebra/BigOperators/Group/Finset/Defs.c.o.export: OK
.lake/packages/mathlib/.lake/build/ir/Mathlib/Algebra/BigOperators/Group/Finset/Defs.c: OK
.lake/packages/mathlib/.lake/build/lib/lean/Mathlib/Algebra/BigOperators/Group/Finset/Defs.olean: OK
.lake/packages/mathlib/.lake/build/ir/Mathlib/Algebra/BigOperators/Group/Finset/Indicator.c.o.export: OK
.lake/packages/mathlib/.lake/build/ir/Mathlib/Algebra/BigOperators/Group/Finset/Indicator.c: OK
.lake/packages/mathlib/.lake/build/lib/lean/Mathlib/Algebra/BigOperators/Group/Finset/Indicator.olean: OK
.lake/packages/mathlib/.lake/build/ir/Mathlib/Algebra/BigOperators/Group/Finset/Lemmas.c.o.export: OK
.lake/packages/mathlib/.lake/build/ir/Mathlib/Algebra/BigOperators/Group/Finset/Lemmas.c: OK
.lake/packages/mathlib/.lake/build/lib/lean/Mathlib/Algebra/BigOperators/Group/Finset/Lemmas.olean: OK
.lake/packages/mathlib/.lake/build/ir/Mathlib/Algebra/BigOperators/Group/Finset/Pi.c.o.export: OK
.lake/packages/mathlib/.lake/build/ir/Mathlib/Algebra/BigOperators/Group/Finset/Pi.c: OK
.lake/packages/mathlib/.lake/build/lib/lean/Mathlib/Algebra/BigOperators/Group/Finset/Pi.olean: OK
.lake/packages/mathlib/.lake/build/ir/Mathlib/Algebra/BigOperators/Group/Finset/Piecewise.c.o.export: OK
.lake/packages/mathlib/.lake/build/ir/Mathlib/Algebra/BigOperators/Group/Finset/Piecewise.c: OK
.lake/packages/mathlib/.lake/build/lib/lean/Mathlib/Algebra/BigOperators/Group/Finset/Piecewise.olean: OK
.lake/packages/mathlib/.lake/build/ir/Mathlib/Algebra/BigOperators/Group/Finset/Powerset.c.o.export: OK
.lake/packages/mathlib/.lake/build/ir/Mathlib/Algebra/BigOperators/Group/Finset/Powerset.c: OK
.lake/packages/mathlib/.lake/build/lib/lean/Mathlib/Algebra/BigOperators/Group/Finset/Powerset.olean: OK
.lake/packages/mathlib/.lake/build/ir/Mathlib/Algebra/BigOperators/Group/Finset/Preimage.c.o.export: OK
.lake/packages/mathlib/.lake/build/ir/Mathlib/Algebra/BigOperators/Group/Finset/Preimage.c: OK
.lake/packages/mathlib/.lake/build/lib/lean/Mathlib/Algebra/BigOperators/Group/Finset/Preimage.olean: OK
.lake/packages/mathlib/.lake/build/ir/Mathlib/Algebra/BigOperators/Group/Finset/Sigma.c.o.export: OK
.lake/packages/mathlib/.lake/build/ir/Mathlib/Algebra/BigOperators/Group/Finset/Sigma.c: OK
.lake/packages/mathlib/.lake/build/lib/lean/Mathlib/Algebra/BigOperators/Group/Finset/Sigma.olean: OK
.lake/packages/mathlib/.lake/build/ir/Mathlib/Algebra/BigOperators/Group/List/Basic.c.o.export: OK
.lake/packages/mathlib/.lake/build/ir/Mathlib/Algebra/BigOperators/Group/List/Basic.c: OK
.lake/packages/mathlib/.lake/build/lib/lean/Mathlib/Algebra/BigOperators/Group/List/Basic.olean: OK
.lake/packages/mathlib/.lake/build/ir/Mathlib/Algebra/BigOperators/Group/List/Defs.c.o.export: OK
.lake/packages/mathlib/.lake/build/ir/Mathlib/Algebra/BigOperators/Group/List/Defs.c: OK
.lake/packages/mathlib/.lake/build/lib/lean/Mathlib/Algebra/BigOperators/Group/List/Defs.olean: OK
.lake/packages/mathlib/.lake/build/ir/Mathlib/Algebra/BigOperators/Group/List/Lemmas.c.o.export: OK
.lake/packages/mathlib/.lake/build/ir/Mathlib/Algebra/BigOperators/Group/List/Lemmas.c: OK
.lake/packages/mathlib/.lake/build/lib/lean/Mathlib/Algebra/BigOperators/Group/List/Lemmas.olean: OK
.lake/packages/mathlib/.lake/build/ir/Mathlib/Algebra/BigOperators/Group/Multiset/Basic.c.o.export: OK
.lake/packages/mathlib/.lake/build/ir/Mathlib/Algebra/BigOperators/Group/Multiset/Basic.c: OK
.lake/packages/mathlib/.lake/build/lib/lean/Mathlib/Algebra/BigOperators/Group/Multiset/Basic.olean: OK
.lake/packages/mathlib/.lake/build/ir/Mathlib/Algebra/BigOperators/Group/Multiset/Defs.c.o.export: OK
.lake/packages/mathlib/.lake/build/ir/Mathlib/Algebra/BigOperators/Group/Multiset/Defs.c: OK
.lake/packages/mathlib/.lake/build/lib/lean/Mathlib/Algebra/BigOperators/Group/Multiset/Defs.olean: OK
.lake/packages/mathlib/.lake/build/ir/Mathlib/Algebra/BigOperators/GroupWithZero/Action.c.o.export: OK
.lake/packages/mathlib/.lake/build/ir/Mathlib/Algebra/BigOperators/GroupWithZero/Action.c: OK
.lake/packages/mathlib/.lake/build/lib/lean/Mathlib/Algebra/BigOperators/GroupWithZero/Action.olean: OK
.lake/packages/mathlib/.lake/build/ir/Mathlib/Algebra/BigOperators/GroupWithZero/Finset.c.o.export: OK
.lake/packages/mathlib/.lake/build/ir/Mathlib/Algebra/BigOperators/GroupWithZero/Finset.c: OK
.lake/packages/mathlib/.lake/build/lib/lean/Mathlib/Algebra/BigOperators/GroupWithZero/Finset.olean: OK
.lake/packages/mathlib/.lake/build/ir/Mathlib/Algebra/BigOperators/Intervals.c.o.export: OK
.lake/packages/mathlib/.lake/build/ir/Mathlib/Algebra/BigOperators/Intervals.c: OK
.lake/packages/mathlib/.lake/build/lib/lean/Mathlib/Algebra/BigOperators/Intervals.olean: OK
.lake/packages/mathlib/.lake/build/ir/Mathlib/Algebra/BigOperators/Module.c.o.export: OK
.lake/packages/mathlib/.lake/build/ir/Mathlib/Algebra/BigOperators/Module.c: OK
.lake/packages/mathlib/.lake/build/lib/lean/Mathlib/Algebra/BigOperators/Module.olean: OK
.lake/packages/mathlib/.lake/build/ir/Mathlib/Algebra/BigOperators/NatAntidiagonal.c.o.export: OK
.lake/packages/mathlib/.lake/build/ir/Mathlib/Algebra/BigOperators/NatAntidiagonal.c: OK
.lake/packages/mathlib/.lake/build/lib/lean/Mathlib/Algebra/BigOperators/NatAntidiagonal.olean: OK
.lake/packages/mathlib/.lake/build/ir/Mathlib/Algebra/BigOperators/Option.c.o.export: OK
.lake/packages/mathlib/.lake/build/ir/Mathlib/Algebra/BigOperators/Option.c: OK
.lake/packages/mathlib/.lake/build/lib/lean/Mathlib/Algebra/BigOperators/Option.olean: OK
.lake/packages/mathlib/.lake/build/ir/Mathlib/Algebra/BigOperators/Pi.c.o.export: OK
.lake/packages/mathlib/.lake/build/ir/Mathlib/Algebra/BigOperators/Pi.c: OK
.lake/packages/mathlib/.lake/build/lib/lean/Mathlib/Algebra/BigOperators/Pi.olean: OK
.lake/packages/mathlib/.lake/build/ir/Mathlib/Algebra/BigOperators/Ring/Finset.c.o.export: OK
.lake/packages/mathlib/.lake/build/ir/Mathlib/Algebra/BigOperators/Ring/Finset.c: OK
.lake/packages/mathlib/.lake/build/lib/lean/Mathlib/Algebra/BigOperators/Ring/Finset.olean: OK
.lake/packages/mathlib/.lake/build/ir/Mathlib/Algebra/BigOperators/Ring/List.c.o.export: OK
.lake/packages/mathlib/.lake/build/ir/Mathlib/Algebra/BigOperators/Ring/List.c: OK
.lake/packages/mathlib/.lake/build/lib/lean/Mathlib/Algebra/BigOperators/Ring/List.olean: OK
.lake/packages/mathlib/.lake/build/ir/Mathlib/Algebra/BigOperators/Ring/Multiset.c.o.export: OK
.lake/packages/mathlib/.lake/build/ir/Mathlib/Algebra/BigOperators/Ring/Multiset.c: OK
.lake/packages/mathlib/.lake/build/lib/lean/Mathlib/Algebra/BigOperators/Ring/Multiset.olean: OK
.lake/packages/mathlib/.lake/build/ir/Mathlib/Algebra/BigOperators/RingEquiv.c.o.export: OK
.lake/packages/mathlib/.lake/build/ir/Mathlib/Algebra/BigOperators/RingEquiv.c: OK
.lake/packages/mathlib/.lake/build/lib/lean/Mathlib/Algebra/BigOperators/RingEquiv.olean: OK
.lake/packages/mathlib/.lake/build/ir/Mathlib/Algebra/BigOperators/WithTop.c.o.export: OK
.lake/packages/mathlib/.lake/build/ir/Mathlib/Algebra/BigOperators/WithTop.c: OK
.lake/packages/mathlib/.lake/build/lib/lean/Mathlib/Algebra/BigOperators/WithTop.olean: OK
.lake/packages/mathlib/.lake/build/ir/Mathlib/Algebra/Category/Grp/Basic.c.o.export: OK
.lake/packages/mathlib/.lake/build/ir/Mathlib/Algebra/Category/Grp/Basic.c: OK
.lake/packages/mathlib/.lake/build/lib/lean/Mathlib/Algebra/Category/Grp/Basic.olean: OK
.lake/packages/mathlib/.lake/build/ir/Mathlib/Algebra/Category/Grp/ForgetCorepresentable.c.o.export: OK
.lake/packages/mathlib/.lake/build/ir/Mathlib/Algebra/Category/Grp/ForgetCorepresentable.c: OK
.lake/packages/mathlib/.lake/build/lib/lean/Mathlib/Algebra/Category/Grp/ForgetCorepresentable.olean: OK
.lake/packages/mathlib/.lake/build/ir/Mathlib/Algebra/Category/Grp/Limits.c.o.export: OK
.lake/packages/mathlib/.lake/build/ir/Mathlib/Algebra/Category/Grp/Limits.c: OK
.lake/packages/mathlib/.lake/build/lib/lean/Mathlib/Algebra/Category/Grp/Limits.olean: OK
.lake/packages/mathlib/.lake/build/ir/Mathlib/Algebra/Category/Grp/Preadditive.c.o.export: OK
.lake/packages/mathlib/.lake/build/ir/Mathlib/Algebra/Category/Grp/Preadditive.c: OK
.lake/packages/mathlib/.lake/build/lib/lean/Mathlib/Algebra/Category/Grp/Preadditive.olean: OK
.lake/packages/mathlib/.lake/build/ir/Mathlib/Algebra/Category/MonCat/Basic.c.o.export: OK
.lake/packages/mathlib/.lake/build/ir/Mathlib/Algebra/Category/MonCat/Basic.c: OK
.lake/packages/mathlib/.lake/build/lib/lean/Mathlib/Algebra/Category/MonCat/Basic.olean: OK
.lake/packages/mathlib/.lake/build/ir/Mathlib/Algebra/Category/MonCat/ForgetCorepresentable.c.o.export: OK
.lake/packages/mathlib/.lake/build/ir/Mathlib/Algebra/Category/MonCat/ForgetCorepresentable.c: OK
.lake/packages/mathlib/.lake/build/lib/lean/Mathlib/Algebra/Category/MonCat/ForgetCorepresentable.olean: OK
.lake/packages/mathlib/.lake/build/ir/Mathlib/Algebra/Category/MonCat/Limits.c.o.export: OK
.lake/packages/mathlib/.lake/build/ir/Mathlib/Algebra/Category/MonCat/Limits.c: OK
.lake/packages/mathlib/.lake/build/lib/lean/Mathlib/Algebra/Category/MonCat/Limits.olean: OK
.lake/packages/mathlib/.lake/build/ir/Mathlib/Algebra/Category/Ring/Basic.c.o.export: OK
.lake/packages/mathlib/.lake/build/ir/Mathlib/Algebra/Category/Ring/Basic.c: OK
.lake/packages/mathlib/.lake/build/lib/lean/Mathlib/Algebra/Category/Ring/Basic.olean: OK
.lake/packages/mathlib/.lake/build/ir/Mathlib/Algebra/Category/Ring/Colimits.c.o.export: OK
.lake/packages/mathlib/.lake/build/ir/Mathlib/Algebra/Category/Ring/Colimits.c: OK
.lake/packages/mathlib/.lake/build/lib/lean/Mathlib/Algebra/Category/Ring/Colimits.olean: OK
.lake/packages/mathlib/.lake/build/ir/Mathlib/Algebra/Category/Ring/Constructions.c.o.export: OK
.lake/packages/mathlib/.lake/build/ir/Mathlib/Algebra/Category/Ring/Constructions.c: OK
.lake/packages/mathlib/.lake/build/lib/lean/Mathlib/Algebra/Category/Ring/Constructions.olean: OK
.lake/packages/mathlib/.lake/build/ir/Mathlib/Algebra/Category/Ring/Instances.c.o.export: OK
.lake/packages/mathlib/.lake/build/ir/Mathlib/Algebra/Category/Ring/Instances.c: OK
.lake/packages/mathlib/.lake/build/lib/lean/Mathlib/Algebra/Category/Ring/Instances.olean: OK
.lake/packages/mathlib/.lake/build/ir/Mathlib/Algebra/Category/Ring/Limits.c.o.export: OK
.lake/packages/mathlib/.lake/build/ir/Mathlib/Algebra/Category/Ring/Limits.c: OK
.lake/packages/mathlib/.lake/build/lib/lean/Mathlib/Algebra/Category/Ring/Limits.olean: OK
.lake/packages/mathlib/.lake/build/ir/Mathlib/Algebra/CharP/Algebra.c.o.export: OK
.lake/packages/mathlib/.lake/build/ir/Mathlib/Algebra/CharP/Algebra.c: OK
.lake/packages/mathlib/.lake/build/lib/lean/Mathlib/Algebra/CharP/Algebra.olean: OK
.lake/packages/mathlib/.lake/build/ir/Mathlib/Algebra/CharP/Basic.c.o.export: OK
.lake/packages/mathlib/.lake/build/ir/Mathlib/Algebra/CharP/Basic.c: OK
.lake/packages/mathlib/.lake/build/lib/lean/Mathlib/Algebra/CharP/Basic.olean: OK
.lake/packages/mathlib/.lake/build/ir/Mathlib/Algebra/CharP/CharAndCard.c.o.export: OK
.lake/packages/mathlib/.lake/build/ir/Mathlib/Algebra/CharP/CharAndCard.c: OK
.lake/packages/mathlib/.lake/build/lib/lean/Mathlib/Algebra/CharP/CharAndCard.olean: OK
.lake/packages/mathlib/.lake/build/ir/Mathlib/Algebra/CharP/Defs.c.o.export: OK
.lake/packages/mathlib/.lake/build/ir/Mathlib/Algebra/CharP/Defs.c: OK
.lake/packages/mathlib/.lake/build/lib/lean/Mathlib/Algebra/CharP/Defs.olean: OK
.lake/packages/mathlib/.lake/build/ir/Mathlib/Algebra/CharP/Frobenius.c.o.export: OK
.lake/packages/mathlib/.lake/build/ir/Mathlib/Algebra/CharP/Frobenius.c: OK
.lake/packages/mathlib/.lake/build/lib/lean/Mathlib/Algebra/CharP/Frobenius.olean: OK
.lake/packages/mathlib/.lake/build/ir/Mathlib/Algebra/CharP/IntermediateField.c.o.export: OK
.lake/packages/mathlib/.lake/build/ir/Mathlib/Algebra/CharP/IntermediateField.c: OK
.lake/packages/mathlib/.lake/build/lib/lean/Mathlib/Algebra/CharP/IntermediateField.olean: OK
.lake/packages/mathlib/.lake/build/ir/Mathlib/Algebra/CharP/Invertible.c.o.export: OK
.lake/packages/mathlib/.lake/build/ir/Mathlib/Algebra/CharP/Invertible.c: OK
.lake/packages/mathlib/.lake/build/lib/lean/Mathlib/Algebra/CharP/Invertible.olean: OK
.lake/packages/mathlib/.lake/build/ir/Mathlib/Algebra/CharP/Lemmas.c.o.export: OK
.lake/packages/mathlib/.lake/build/ir/Mathlib/Algebra/CharP/Lemmas.c: OK
.lake/packages/mathlib/.lake/build/lib/lean/Mathlib/Algebra/CharP/Lemmas.olean: OK
.lake/packages/mathlib/.lake/build/ir/Mathlib/Algebra/CharP/Reduced.c.o.export: OK
.lake/packages/mathlib/.lake/build/ir/Mathlib/Algebra/CharP/Reduced.c: OK
.lake/packages/mathlib/.lake/build/lib/lean/Mathlib/Algebra/CharP/Reduced.olean: OK
.lake/packages/mathlib/.lake/build/ir/Mathlib/Algebra/CharP/Two.c.o.export: OK
.lake/packages/mathlib/.lake/build/ir/Mathlib/Algebra/CharP/Two.c: OK
.lake/packages/mathlib/.lake/build/lib/lean/Mathlib/Algebra/CharP/Two.olean: OK
.lake/packages/mathlib/.lake/build/ir/Mathlib/Algebra/CharZero/AddMonoidHom.c.o.export: OK
.lake/packages/mathlib/.lake/build/ir/Mathlib/Algebra/CharZero/AddMonoidHom.c: OK
.lake/packages/mathlib/.lake/build/lib/lean/Mathlib/Algebra/CharZero/AddMonoidHom.olean: OK
.lake/packages/mathlib/.lake/build/ir/Mathlib/Algebra/CharZero/Defs.c.o.export: OK
.lake/packages/mathlib/.lake/build/ir/Mathlib/Algebra/CharZero/Defs.c: OK
.lake/packages/mathlib/.lake/build/lib/lean/Mathlib/Algebra/CharZero/Defs.olean: OK
.lake/packages/mathlib/.lake/build/ir/Mathlib/Algebra/CharZero/Quotient.c.o.export: OK
.lake/packages/mathlib/.lake/build/ir/Mathlib/Algebra/CharZero/Quotient.c: OK
.lake/packages/mathlib/.lake/build/lib/lean/Mathlib/Algebra/CharZero/Quotient.olean: OK
.lake/packages/mathlib/.lake/build/ir/Mathlib/Algebra/DirectSum/Basic.c.o.export: OK
.lake/packages/mathlib/.lake/build/ir/Mathlib/Algebra/DirectSum/Basic.c: OK
.lake/packages/mathlib/.lake/build/lib/lean/Mathlib/Algebra/DirectSum/Basic.olean: OK
.lake/packages/mathlib/.lake/build/ir/Mathlib/Algebra/DirectSum/Finsupp.c.o.export: OK
.lake/packages/mathlib/.lake/build/ir/Mathlib/Algebra/DirectSum/Finsupp.c: OK
.lake/packages/mathlib/.lake/build/lib/lean/Mathlib/Algebra/DirectSum/Finsupp.olean: OK
.lake/packages/mathlib/.lake/build/ir/Mathlib/Algebra/DirectSum/Module.c.o.export: OK
.lake/packages/mathlib/.lake/build/ir/Mathlib/Algebra/DirectSum/Module.c: OK
.lake/packages/mathlib/.lake/build/lib/lean/Mathlib/Algebra/DirectSum/Module.olean: OK
.lake/packages/mathlib/.lake/build/ir/Mathlib/Algebra/Divisibility/Basic.c.o.export: OK
.lake/packages/mathlib/.lake/build/ir/Mathlib/Algebra/Divisibility/Basic.c: OK
.lake/packages/mathlib/.lake/build/lib/lean/Mathlib/Algebra/Divisibility/Basic.olean: OK
.lake/packages/mathlib/.lake/build/ir/Mathlib/Algebra/Divisibility/Hom.c.o.export: OK
.lake/packages/mathlib/.lake/build/ir/Mathlib/Algebra/Divisibility/Hom.c: OK
.lake/packages/mathlib/.lake/build/lib/lean/Mathlib/Algebra/Divisibility/Hom.olean: OK
.lake/packages/mathlib/.lake/build/ir/Mathlib/Algebra/Divisibility/Units.c.o.export: OK
.lake/packages/mathlib/.lake/build/ir/Mathlib/Algebra/Divisibility/Units.c: OK
.lake/packages/mathlib/.lake/build/lib/lean/Mathlib/Algebra/Divisibility/Units.olean: OK
.lake/packages/mathlib/.lake/build/ir/Mathlib/Algebra/EuclideanDomain/Basic.c.o.export: OK
.lake/packages/mathlib/.lake/build/ir/Mathlib/Algebra/EuclideanDomain/Basic.c: OK
.lake/packages/mathlib/.lake/build/lib/lean/Mathlib/Algebra/EuclideanDomain/Basic.olean: OK
.lake/packages/mathlib/.lake/build/ir/Mathlib/Algebra/EuclideanDomain/Defs.c.o.export: OK
.lake/packages/mathlib/.lake/build/ir/Mathlib/Algebra/EuclideanDomain/Defs.c: OK
.lake/packages/mathlib/.lake/build/lib/lean/Mathlib/Algebra/EuclideanDomain/Defs.olean: OK
.lake/packages/mathlib/.lake/build/ir/Mathlib/Algebra/EuclideanDomain/Field.c.o.export: OK
.lake/packages/mathlib/.lake/build/ir/Mathlib/Algebra/EuclideanDomain/Field.c: OK
.lake/packages/mathlib/.lake/build/lib/lean/Mathlib/Algebra/EuclideanDomain/Field.olean: OK
.lake/packages/mathlib/.lake/build/ir/Mathlib/Algebra/EuclideanDomain/Int.c.o.export: OK
.lake/packages/mathlib/.lake/build/ir/Mathlib/Algebra/EuclideanDomain/Int.c: OK
.lake/packages/mathlib/.lake/build/lib/lean/Mathlib/Algebra/EuclideanDomain/Int.olean: OK
.lake/packages/mathlib/.lake/build/ir/Mathlib/Algebra/Exact.c.o.export: OK
.lake/packages/mathlib/.lake/build/ir/Mathlib/Algebra/Exact.c: OK
.lake/packages/mathlib/.lake/build/lib/lean/Mathlib/Algebra/Exact.olean: OK
.lake/packages/mathlib/.lake/build/ir/Mathlib/Algebra/Field/Basic.c.o.export: OK
.lake/packages/mathlib/.lake/build/ir/Mathlib/Algebra/Field/Basic.c: OK
.lake/packages/mathlib/.lake/build/lib/lean/Mathlib/Algebra/Field/Basic.olean: OK
.lake/packages/mathlib/.lake/build/ir/Mathlib/Algebra/Field/Defs.c.o.export: OK
.lake/packages/mathlib/.lake/build/ir/Mathlib/Algebra/Field/Defs.c: OK
.lake/packages/mathlib/.lake/build/lib/lean/Mathlib/Algebra/Field/Defs.olean: OK
.lake/packages/mathlib/.lake/build/ir/Mathlib/Algebra/Field/Equiv.c.o.export: OK
.lake/packages/mathlib/.lake/build/ir/Mathlib/Algebra/Field/Equiv.c: OK
.lake/packages/mathlib/.lake/build/lib/lean/Mathlib/Algebra/Field/Equiv.olean: OK
.lake/packages/mathlib/.lake/build/ir/Mathlib/Algebra/Field/GeomSum.c.o.export: OK
.lake/packages/mathlib/.lake/build/ir/Mathlib/Algebra/Field/GeomSum.c: OK
.lake/packages/mathlib/.lake/build/lib/lean/Mathlib/Algebra/Field/GeomSum.olean: OK
.lake/packages/mathlib/.lake/build/ir/Mathlib/Algebra/Field/IsField.c.o.export: OK
.lake/packages/mathlib/.lake/build/ir/Mathlib/Algebra/Field/IsField.c: OK
.lake/packages/mathlib/.lake/build/lib/lean/Mathlib/Algebra/Field/IsField.olean: OK
.lake/packages/mathlib/.lake/build/ir/Mathlib/Algebra/Field/NegOnePow.c.o.export: OK
.lake/packages/mathlib/.lake/build/ir/Mathlib/Algebra/Field/NegOnePow.c: OK
.lake/packages/mathlib/.lake/build/lib/lean/Mathlib/Algebra/Field/NegOnePow.olean: OK
.lake/packages/mathlib/.lake/build/ir/Mathlib/Algebra/Field/Opposite.c.o.export: OK
.lake/packages/mathlib/.lake/build/ir/Mathlib/Algebra/Field/Opposite.c: OK
.lake/packages/mathlib/.lake/build/lib/lean/Mathlib/Algebra/Field/Opposite.olean: OK
.lake/packages/mathlib/.lake/build/ir/Mathlib/Algebra/Field/Periodic.c.o.export: OK
.lake/packages/mathlib/.lake/build/ir/Mathlib/Algebra/Field/Periodic.c: OK
.lake/packages/mathlib/.lake/build/lib/lean/Mathlib/Algebra/Field/Periodic.olean: OK
.lake/packages/mathlib/.lake/build/ir/Mathlib/Algebra/Field/Rat.c.o.export: OK
.lake/packages/mathlib/.lake/build/ir/Mathlib/Algebra/Field/Rat.c: OK
.lake/packages/mathlib/.lake/build/lib/lean/Mathlib/Algebra/Field/Rat.olean: OK
.lake/packages/mathlib/.lake/build/ir/Mathlib/Algebra/Field/Subfield/Basic.c.o.export: OK
.lake/packages/mathlib/.lake/build/ir/Mathlib/Algebra/Field/Subfield/Basic.c: OK
.lake/packages/mathlib/.lake/build/lib/lean/Mathlib/Algebra/Field/Subfield/Basic.olean: OK
.lake/packages/mathlib/.lake/build/ir/Mathlib/Algebra/Field/Subfield/Defs.c.o.export: OK
.lake/packages/mathlib/.lake/build/ir/Mathlib/Algebra/Field/Subfield/Defs.c: OK
.lake/packages/mathlib/.lake/build/lib/lean/Mathlib/Algebra/Field/Subfield/Defs.olean: OK
.lake/packages/mathlib/.lake/build/ir/Mathlib/Algebra/Field/TransferInstance.c.o.export: OK
.lake/packages/mathlib/.lake/build/ir/Mathlib/Algebra/Field/TransferInstance.c: OK
.lake/packages/mathlib/.lake/build/lib/lean/Mathlib/Algebra/Field/TransferInstance.olean: OK
.lake/packages/mathlib/.lake/build/ir/Mathlib/Algebra/Field/ZMod.c.o.export: OK
.lake/packages/mathlib/.lake/build/ir/Mathlib/Algebra/Field/ZMod.c: OK
.lake/packages/mathlib/.lake/build/lib/lean/Mathlib/Algebra/Field/ZMod.olean: OK
.lake/packages/mathlib/.lake/build/ir/Mathlib/Algebra/FiniteSupport/Basic.c.o.export: OK
.lake/packages/mathlib/.lake/build/ir/Mathlib/Algebra/FiniteSupport/Basic.c: OK
.lake/packages/mathlib/.lake/build/lib/lean/Mathlib/Algebra/FiniteSupport/Basic.olean: OK
.lake/packages/mathlib/.lake/build/ir/Mathlib/Algebra/FiniteSupport/Defs.c.o.export: OK
.lake/packages/mathlib/.lake/build/ir/Mathlib/Algebra/FiniteSupport/Defs.c: OK
.lake/packages/mathlib/.lake/build/lib/lean/Mathlib/Algebra/FiniteSupport/Defs.olean: OK
.lake/packages/mathlib/.lake/build/ir/Mathlib/Algebra/FreeAbelianGroup/Finsupp.c.o.export: OK
.lake/packages/mathlib/.lake/build/ir/Mathlib/Algebra/FreeAbelianGroup/Finsupp.c: OK
.lake/packages/mathlib/.lake/build/lib/lean/Mathlib/Algebra/FreeAbelianGroup/Finsupp.olean: OK
.lake/packages/mathlib/.lake/build/ir/Mathlib/Algebra/FreeAlgebra.c.o.export: OK
.lake/packages/mathlib/.lake/build/ir/Mathlib/Algebra/FreeAlgebra.c: OK
.lake/packages/mathlib/.lake/build/lib/lean/Mathlib/Algebra/FreeAlgebra.olean: OK
.lake/packages/mathlib/.lake/build/ir/Mathlib/Algebra/FreeMonoid/Basic.c.o.export: OK
.lake/packages/mathlib/.lake/build/ir/Mathlib/Algebra/FreeMonoid/Basic.c: OK
.lake/packages/mathlib/.lake/build/lib/lean/Mathlib/Algebra/FreeMonoid/Basic.olean: OK
.lake/packages/mathlib/.lake/build/ir/Mathlib/Algebra/FreeMonoid/UniqueProds.c.o.export: OK
.lake/packages/mathlib/.lake/build/ir/Mathlib/Algebra/FreeMonoid/UniqueProds.c: OK
.lake/packages/mathlib/.lake/build/lib/lean/Mathlib/Algebra/FreeMonoid/UniqueProds.olean: OK
.lake/packages/mathlib/.lake/build/ir/Mathlib/Algebra/GCDMonoid/Basic.c.o.export: OK
.lake/packages/mathlib/.lake/build/ir/Mathlib/Algebra/GCDMonoid/Basic.c: OK
.lake/packages/mathlib/.lake/build/lib/lean/Mathlib/Algebra/GCDMonoid/Basic.olean: OK
.lake/packages/mathlib/.lake/build/ir/Mathlib/Algebra/GCDMonoid/Finset.c.o.export: OK
.lake/packages/mathlib/.lake/build/ir/Mathlib/Algebra/GCDMonoid/Finset.c: OK
.lake/packages/mathlib/.lake/build/lib/lean/Mathlib/Algebra/GCDMonoid/Finset.olean: OK
.lake/packages/mathlib/.lake/build/ir/Mathlib/Algebra/GCDMonoid/IntegrallyClosed.c.o.export: OK
.lake/packages/mathlib/.lake/build/ir/Mathlib/Algebra/GCDMonoid/IntegrallyClosed.c: OK
.lake/packages/mathlib/.lake/build/lib/lean/Mathlib/Algebra/GCDMonoid/IntegrallyClosed.olean: OK
.lake/packages/mathlib/.lake/build/ir/Mathlib/Algebra/GCDMonoid/Multiset.c.o.export: OK
.lake/packages/mathlib/.lake/build/ir/Mathlib/Algebra/GCDMonoid/Multiset.c: OK
.lake/packages/mathlib/.lake/build/lib/lean/Mathlib/Algebra/GCDMonoid/Multiset.olean: OK
.lake/packages/mathlib/.lake/build/ir/Mathlib/Algebra/GCDMonoid/Nat.c.o.export: OK
.lake/packages/mathlib/.lake/build/ir/Mathlib/Algebra/GCDMonoid/Nat.c: OK
.lake/packages/mathlib/.lake/build/lib/lean/Mathlib/Algebra/GCDMonoid/Nat.olean: OK
.lake/packages/mathlib/.lake/build/ir/Mathlib/Algebra/Group/Action/Basic.c.o.export: OK
.lake/packages/mathlib/.lake/build/ir/Mathlib/Algebra/Group/Action/Basic.c: OK
.lake/packages/mathlib/.lake/build/lib/lean/Mathlib/Algebra/Group/Action/Basic.olean: OK
.lake/packages/mathlib/.lake/build/ir/Mathlib/Algebra/Group/Action/Defs.c.o.export: OK
.lake/packages/mathlib/.lake/build/ir/Mathlib/Algebra/Group/Action/Defs.c: OK
.lake/packages/mathlib/.lake/build/lib/lean/Mathlib/Algebra/Group/Action/Defs.olean: OK
.lake/packages/mathlib/.lake/build/ir/Mathlib/Algebra/Group/Action/End.c.o.export: OK
.lake/packages/mathlib/.lake/build/ir/Mathlib/Algebra/Group/Action/End.c: OK
.lake/packages/mathlib/.lake/build/lib/lean/Mathlib/Algebra/Group/Action/End.olean: OK
.lake/packages/mathlib/.lake/build/ir/Mathlib/Algebra/Group/Action/Faithful.c.o.export: OK
.lake/packages/mathlib/.lake/build/ir/Mathlib/Algebra/Group/Action/Faithful.c: OK
.lake/packages/mathlib/.lake/build/lib/lean/Mathlib/Algebra/Group/Action/Faithful.olean: OK
.lake/packages/mathlib/.lake/build/ir/Mathlib/Algebra/Group/Action/Hom.c.o.export: OK
.lake/packages/mathlib/.lake/build/ir/Mathlib/Algebra/Group/Action/Hom.c: OK
.lake/packages/mathlib/.lake/build/lib/lean/Mathlib/Algebra/Group/Action/Hom.olean: OK
.lake/packages/mathlib/.lake/build/ir/Mathlib/Algebra/Group/Action/Opposite.c.o.export: OK
.lake/packages/mathlib/.lake/build/ir/Mathlib/Algebra/Group/Action/Opposite.c: OK
.lake/packages/mathlib/.lake/build/lib/lean/Mathlib/Algebra/Group/Action/Opposite.olean: OK
.lake/packages/mathlib/.lake/build/ir/Mathlib/Algebra/Group/Action/Pi.c.o.export: OK
.lake/packages/mathlib/.lake/build/ir/Mathlib/Algebra/Group/Action/Pi.c: OK
.lake/packages/mathlib/.lake/build/lib/lean/Mathlib/Algebra/Group/Action/Pi.olean: OK
.lake/packages/mathlib/.lake/build/ir/Mathlib/Algebra/Group/Action/Pointwise/Set/Basic.c.o.export: OK
.lake/packages/mathlib/.lake/build/ir/Mathlib/Algebra/Group/Action/Pointwise/Set/Basic.c: OK
.lake/packages/mathlib/.lake/build/lib/lean/Mathlib/Algebra/Group/Action/Pointwise/Set/Basic.olean: OK
.lake/packages/mathlib/.lake/build/ir/Mathlib/Algebra/Group/Action/Pretransitive.c.o.export: OK
.lake/packages/mathlib/.lake/build/ir/Mathlib/Algebra/Group/Action/Pretransitive.c: OK
.lake/packages/mathlib/.lake/build/lib/lean/Mathlib/Algebra/Group/Action/Pretransitive.olean: OK
.lake/packages/mathlib/.lake/build/ir/Mathlib/Algebra/Group/Action/Prod.c.o.export: OK
.lake/packages/mathlib/.lake/build/ir/Mathlib/Algebra/Group/Action/Prod.c: OK
.lake/packages/mathlib/.lake/build/lib/lean/Mathlib/Algebra/Group/Action/Prod.olean: OK
.lake/packages/mathlib/.lake/build/ir/Mathlib/Algebra/Group/Action/TransferInstance.c.o.export: OK
.lake/packages/mathlib/.lake/build/ir/Mathlib/Algebra/Group/Action/TransferInstance.c: OK
.lake/packages/mathlib/.lake/build/lib/lean/Mathlib/Algebra/Group/Action/TransferInstance.olean: OK
.lake/packages/mathlib/.lake/build/ir/Mathlib/Algebra/Group/Action/TypeTags.c.o.export: OK
.lake/packages/mathlib/.lake/build/ir/Mathlib/Algebra/Group/Action/TypeTags.c: OK
.lake/packages/mathlib/.lake/build/lib/lean/Mathlib/Algebra/Group/Action/TypeTags.olean: OK
.lake/packages/mathlib/.lake/build/ir/Mathlib/Algebra/Group/Action/Units.c.o.export: OK
.lake/packages/mathlib/.lake/build/ir/Mathlib/Algebra/Group/Action/Units.c: OK
.lake/packages/mathlib/.lake/build/lib/lean/Mathlib/Algebra/Group/Action/Units.olean: OK
.lake/packages/mathlib/.lake/build/ir/Mathlib/Algebra/Group/AddChar.c.o.export: OK
.lake/packages/mathlib/.lake/build/ir/Mathlib/Algebra/Group/AddChar.c: OK
.lake/packages/mathlib/.lake/build/lib/lean/Mathlib/Algebra/Group/AddChar.olean: OK
.lake/packages/mathlib/.lake/build/ir/Mathlib/Algebra/Group/Basic.c.o.export: OK
.lake/packages/mathlib/.lake/build/ir/Mathlib/Algebra/Group/Basic.c: OK
.lake/packages/mathlib/.lake/build/lib/lean/Mathlib/Algebra/Group/Basic.olean: OK
.lake/packages/mathlib/.lake/build/ir/Mathlib/Algebra/Group/Center.c.o.export: OK
.lake/packages/mathlib/.lake/build/ir/Mathlib/Algebra/Group/Center.c: OK
.lake/packages/mathlib/.lake/build/lib/lean/Mathlib/Algebra/Group/Center.olean: OK
.lake/packages/mathlib/.lake/build/ir/Mathlib/Algebra/Group/Commutator.c.o.export: OK
.lake/packages/mathlib/.lake/build/ir/Mathlib/Algebra/Group/Commutator.c: OK
.lake/packages/mathlib/.lake/build/lib/lean/Mathlib/Algebra/Group/Commutator.olean: OK
.lake/packages/mathlib/.lake/build/ir/Mathlib/Algebra/Group/Commute/Basic.c.o.export: OK
.lake/packages/mathlib/.lake/build/ir/Mathlib/Algebra/Group/Commute/Basic.c: OK
.lake/packages/mathlib/.lake/build/lib/lean/Mathlib/Algebra/Group/Commute/Basic.olean: OK
.lake/packages/mathlib/.lake/build/ir/Mathlib/Algebra/Group/Commute/Defs.c.o.export: OK
.lake/packages/mathlib/.lake/build/ir/Mathlib/Algebra/Group/Commute/Defs.c: OK
.lake/packages/mathlib/.lake/build/lib/lean/Mathlib/Algebra/Group/Commute/Defs.olean: OK
.lake/packages/mathlib/.lake/build/ir/Mathlib/Algebra/Group/Commute/Hom.c.o.export: OK
.lake/packages/mathlib/.lake/build/ir/Mathlib/Algebra/Group/Commute/Hom.c: OK
.lake/packages/mathlib/.lake/build/lib/lean/Mathlib/Algebra/Group/Commute/Hom.olean: OK
.lake/packages/mathlib/.lake/build/ir/Mathlib/Algebra/Group/Commute/Units.c.o.export: OK
.lake/packages/mathlib/.lake/build/ir/Mathlib/Algebra/Group/Commute/Units.c: OK
.lake/packages/mathlib/.lake/build/lib/lean/Mathlib/Algebra/Group/Commute/Units.olean: OK
.lake/packages/mathlib/.lake/build/ir/Mathlib/Algebra/Group/Conj.c.o.export: OK
.lake/packages/mathlib/.lake/build/ir/Mathlib/Algebra/Group/Conj.c: OK
.lake/packages/mathlib/.lake/build/lib/lean/Mathlib/Algebra/Group/Conj.olean: OK
.lake/packages/mathlib/.lake/build/ir/Mathlib/Algebra/Group/Defs.c.o.export: OK
.lake/packages/mathlib/.lake/build/ir/Mathlib/Algebra/Group/Defs.c: OK
.lake/packages/mathlib/.lake/build/lib/lean/Mathlib/Algebra/Group/Defs.olean: OK
.lake/packages/mathlib/.lake/build/ir/Mathlib/Algebra/Group/Embedding.c.o.export: OK
.lake/packages/mathlib/.lake/build/ir/Mathlib/Algebra/Group/Embedding.c: OK
.lake/packages/mathlib/.lake/build/lib/lean/Mathlib/Algebra/Group/Embedding.olean: OK
.lake/packages/mathlib/.lake/build/ir/Mathlib/Algebra/Group/End.c.o.export: OK
.lake/packages/mathlib/.lake/build/ir/Mathlib/Algebra/Group/End.c: OK
.lake/packages/mathlib/.lake/build/lib/lean/Mathlib/Algebra/Group/End.olean: OK
.lake/packages/mathlib/.lake/build/ir/Mathlib/Algebra/Group/Equiv/Basic.c.o.export: OK
.lake/packages/mathlib/.lake/build/ir/Mathlib/Algebra/Group/Equiv/Basic.c: OK
.lake/packages/mathlib/.lake/build/lib/lean/Mathlib/Algebra/Group/Equiv/Basic.olean: OK
.lake/packages/mathlib/.lake/build/ir/Mathlib/Algebra/Group/Equiv/Defs.c.o.export: OK
.lake/packages/mathlib/.lake/build/ir/Mathlib/Algebra/Group/Equiv/Defs.c: OK
.lake/packages/mathlib/.lake/build/lib/lean/Mathlib/Algebra/Group/Equiv/Defs.olean: OK
.lake/packages/mathlib/.lake/build/ir/Mathlib/Algebra/Group/Equiv/Opposite.c.o.export: OK
.lake/packages/mathlib/.lake/build/ir/Mathlib/Algebra/Group/Equiv/Opposite.c: OK
.lake/packages/mathlib/.lake/build/lib/lean/Mathlib/Algebra/Group/Equiv/Opposite.olean: OK
.lake/packages/mathlib/.lake/build/ir/Mathlib/Algebra/Group/Equiv/TypeTags.c.o.export: OK
.lake/packages/mathlib/.lake/build/ir/Mathlib/Algebra/Group/Equiv/TypeTags.c: OK
.lake/packages/mathlib/.lake/build/lib/lean/Mathlib/Algebra/Group/Equiv/TypeTags.olean: OK
.lake/packages/mathlib/.lake/build/ir/Mathlib/Algebra/Group/Even.c.o.export: OK
.lake/packages/mathlib/.lake/build/ir/Mathlib/Algebra/Group/Even.c: OK
.lake/packages/mathlib/.lake/build/lib/lean/Mathlib/Algebra/Group/Even.olean: OK
.lake/packages/mathlib/.lake/build/ir/Mathlib/Algebra/Group/EvenFunction.c.o.export: OK
.lake/packages/mathlib/.lake/build/ir/Mathlib/Algebra/Group/EvenFunction.c: OK
.lake/packages/mathlib/.lake/build/lib/lean/Mathlib/Algebra/Group/EvenFunction.olean: OK
.lake/packages/mathlib/.lake/build/ir/Mathlib/Algebra/Group/Fin/Basic.c.o.export: OK
.lake/packages/mathlib/.lake/build/ir/Mathlib/Algebra/Group/Fin/Basic.c: OK
.lake/packages/mathlib/.lake/build/lib/lean/Mathlib/Algebra/Group/Fin/Basic.olean: OK
.lake/packages/mathlib/.lake/build/ir/Mathlib/Algebra/Group/Fin/Tuple.c.o.export: OK
.lake/packages/mathlib/.lake/build/ir/Mathlib/Algebra/Group/Fin/Tuple.c: OK
.lake/packages/mathlib/.lake/build/lib/lean/Mathlib/Algebra/Group/Fin/Tuple.olean: OK
.lake/packages/mathlib/.lake/build/ir/Mathlib/Algebra/Group/Finsupp.c.o.export: OK
.lake/packages/mathlib/.lake/build/ir/Mathlib/Algebra/Group/Finsupp.c: OK
.lake/packages/mathlib/.lake/build/lib/lean/Mathlib/Algebra/Group/Finsupp.olean: OK
.lake/packages/mathlib/.lake/build/ir/Mathlib/Algebra/Group/Graph.c.o.export: OK
.lake/packages/mathlib/.lake/build/ir/Mathlib/Algebra/Group/Graph.c: OK
.lake/packages/mathlib/.lake/build/lib/lean/Mathlib/Algebra/Group/Graph.olean: OK
.lake/packages/mathlib/.lake/build/ir/Mathlib/Algebra/Group/Hom/Basic.c.o.export: OK
.lake/packages/mathlib/.lake/build/ir/Mathlib/Algebra/Group/Hom/Basic.c: OK
.lake/packages/mathlib/.lake/build/lib/lean/Mathlib/Algebra/Group/Hom/Basic.olean: OK
.lake/packages/mathlib/.lake/build/ir/Mathlib/Algebra/Group/Hom/CompTypeclasses.c.o.export: OK
.lake/packages/mathlib/.lake/build/ir/Mathlib/Algebra/Group/Hom/CompTypeclasses.c: OK
.lake/packages/mathlib/.lake/build/lib/lean/Mathlib/Algebra/Group/Hom/CompTypeclasses.olean: OK
.lake/packages/mathlib/.lake/build/ir/Mathlib/Algebra/Group/Hom/Defs.c.o.export: OK
.lake/packages/mathlib/.lake/build/ir/Mathlib/Algebra/Group/Hom/Defs.c: OK
.lake/packages/mathlib/.lake/build/lib/lean/Mathlib/Algebra/Group/Hom/Defs.olean: OK
.lake/packages/mathlib/.lake/build/ir/Mathlib/Algebra/Group/Hom/End.c.o.export: OK
.lake/packages/mathlib/.lake/build/ir/Mathlib/Algebra/Group/Hom/End.c: OK
.lake/packages/mathlib/.lake/build/lib/lean/Mathlib/Algebra/Group/Hom/End.olean: OK
.lake/packages/mathlib/.lake/build/ir/Mathlib/Algebra/Group/Hom/Instances.c.o.export: OK
.lake/packages/mathlib/.lake/build/ir/Mathlib/Algebra/Group/Hom/Instances.c: OK
.lake/packages/mathlib/.lake/build/lib/lean/Mathlib/Algebra/Group/Hom/Instances.olean: OK
.lake/packages/mathlib/.lake/build/ir/Mathlib/Algebra/Group/Idempotent.c.o.export: OK
.lake/packages/mathlib/.lake/build/ir/Mathlib/Algebra/Group/Idempotent.c: OK
.lake/packages/mathlib/.lake/build/lib/lean/Mathlib/Algebra/Group/Idempotent.olean: OK
.lake/packages/mathlib/.lake/build/ir/Mathlib/Algebra/Group/Indicator.c.o.export: OK
.lake/packages/mathlib/.lake/build/ir/Mathlib/Algebra/Group/Indicator.c: OK
.lake/packages/mathlib/.lake/build/lib/lean/Mathlib/Algebra/Group/Indicator.olean: OK
.lake/packages/mathlib/.lake/build/ir/Mathlib/Algebra/Group/InjSurj.c.o.export: OK
.lake/packages/mathlib/.lake/build/ir/Mathlib/Algebra/Group/InjSurj.c: OK
.lake/packages/mathlib/.lake/build/lib/lean/Mathlib/Algebra/Group/InjSurj.olean: OK
.lake/packages/mathlib/.lake/build/ir/Mathlib/Algebra/Group/Int/Defs.c.o.export: OK
.lake/packages/mathlib/.lake/build/ir/Mathlib/Algebra/Group/Int/Defs.c: OK
.lake/packages/mathlib/.lake/build/lib/lean/Mathlib/Algebra/Group/Int/Defs.olean: OK
.lake/packages/mathlib/.lake/build/ir/Mathlib/Algebra/Group/Int/Even.c.o.export: OK
.lake/packages/mathlib/.lake/build/ir/Mathlib/Algebra/Group/Int/Even.c: OK
.lake/packages/mathlib/.lake/build/lib/lean/Mathlib/Algebra/Group/Int/Even.olean: OK
.lake/packages/mathlib/.lake/build/ir/Mathlib/Algebra/Group/Int/Units.c.o.export: OK
.lake/packages/mathlib/.lake/build/ir/Mathlib/Algebra/Group/Int/Units.c: OK
.lake/packages/mathlib/.lake/build/lib/lean/Mathlib/Algebra/Group/Int/Units.olean: OK
.lake/packages/mathlib/.lake/build/ir/Mathlib/Algebra/Group/Invertible/Basic.c.o.export: OK
.lake/packages/mathlib/.lake/build/ir/Mathlib/Algebra/Group/Invertible/Basic.c: OK
.lake/packages/mathlib/.lake/build/lib/lean/Mathlib/Algebra/Group/Invertible/Basic.olean: OK
.lake/packages/mathlib/.lake/build/ir/Mathlib/Algebra/Group/Invertible/Defs.c.o.export: OK
.lake/packages/mathlib/.lake/build/ir/Mathlib/Algebra/Group/Invertible/Defs.c: OK
.lake/packages/mathlib/.lake/build/lib/lean/Mathlib/Algebra/Group/Invertible/Defs.olean: OK
.lake/packages/mathlib/.lake/build/ir/Mathlib/Algebra/Group/Irreducible/Defs.c.o.export: OK
.lake/packages/mathlib/.lake/build/ir/Mathlib/Algebra/Group/Irreducible/Defs.c: OK
.lake/packages/mathlib/.lake/build/lib/lean/Mathlib/Algebra/Group/Irreducible/Defs.olean: OK
.lake/packages/mathlib/.lake/build/ir/Mathlib/Algebra/Group/Irreducible/Lemmas.c.o.export: OK
.lake/packages/mathlib/.lake/build/ir/Mathlib/Algebra/Group/Irreducible/Lemmas.c: OK
.lake/packages/mathlib/.lake/build/lib/lean/Mathlib/Algebra/Group/Irreducible/Lemmas.olean: OK
.lake/packages/mathlib/.lake/build/ir/Mathlib/Algebra/Group/ModEq.c.o.export: OK
.lake/packages/mathlib/.lake/build/ir/Mathlib/Algebra/Group/ModEq.c: OK
.lake/packages/mathlib/.lake/build/lib/lean/Mathlib/Algebra/Group/ModEq.olean: OK
.lake/packages/mathlib/.lake/build/ir/Mathlib/Algebra/Group/Nat/Defs.c.o.export: OK
.lake/packages/mathlib/.lake/build/ir/Mathlib/Algebra/Group/Nat/Defs.c: OK
.lake/packages/mathlib/.lake/build/lib/lean/Mathlib/Algebra/Group/Nat/Defs.olean: OK
.lake/packages/mathlib/.lake/build/ir/Mathlib/Algebra/Group/Nat/Even.c.o.export: OK
.lake/packages/mathlib/.lake/build/ir/Mathlib/Algebra/Group/Nat/Even.c: OK
.lake/packages/mathlib/.lake/build/lib/lean/Mathlib/Algebra/Group/Nat/Even.olean: OK
.lake/packages/mathlib/.lake/build/ir/Mathlib/Algebra/Group/Nat/Hom.c.o.export: OK
.lake/packages/mathlib/.lake/build/ir/Mathlib/Algebra/Group/Nat/Hom.c: OK
.lake/packages/mathlib/.lake/build/lib/lean/Mathlib/Algebra/Group/Nat/Hom.olean: OK
.lake/packages/mathlib/.lake/build/ir/Mathlib/Algebra/Group/Nat/Range.c.o.export: OK
.lake/packages/mathlib/.lake/build/ir/Mathlib/Algebra/Group/Nat/Range.c: OK
.lake/packages/mathlib/.lake/build/lib/lean/Mathlib/Algebra/Group/Nat/Range.olean: OK
.lake/packages/mathlib/.lake/build/ir/Mathlib/Algebra/Group/Nat/Units.c.o.export: OK
.lake/packages/mathlib/.lake/build/ir/Mathlib/Algebra/Group/Nat/Units.c: OK
.lake/packages/mathlib/.lake/build/lib/lean/Mathlib/Algebra/Group/Nat/Units.olean: OK
.lake/packages/mathlib/.lake/build/ir/Mathlib/Algebra/Group/Opposite.c.o.export: OK
.lake/packages/mathlib/.lake/build/ir/Mathlib/Algebra/Group/Opposite.c: OK
.lake/packages/mathlib/.lake/build/lib/lean/Mathlib/Algebra/Group/Opposite.olean: OK
.lake/packages/mathlib/.lake/build/ir/Mathlib/Algebra/Group/PUnit.c.o.export: OK
.lake/packages/mathlib/.lake/build/ir/Mathlib/Algebra/Group/PUnit.c: OK
.lake/packages/mathlib/.lake/build/lib/lean/Mathlib/Algebra/Group/PUnit.olean: OK
.lake/packages/mathlib/.lake/build/ir/Mathlib/Algebra/Group/Pi/Basic.c.o.export: OK
.lake/packages/mathlib/.lake/build/ir/Mathlib/Algebra/Group/Pi/Basic.c: OK
.lake/packages/mathlib/.lake/build/lib/lean/Mathlib/Algebra/Group/Pi/Basic.olean: OK
.lake/packages/mathlib/.lake/build/ir/Mathlib/Algebra/Group/Pi/Lemmas.c.o.export: OK
.lake/packages/mathlib/.lake/build/ir/Mathlib/Algebra/Group/Pi/Lemmas.c: OK
.lake/packages/mathlib/.lake/build/lib/lean/Mathlib/Algebra/Group/Pi/Lemmas.olean: OK
.lake/packages/mathlib/.lake/build/ir/Mathlib/Algebra/Group/Pointwise/Finset/Basic.c.o.export: OK
.lake/packages/mathlib/.lake/build/ir/Mathlib/Algebra/Group/Pointwise/Finset/Basic.c: OK
.lake/packages/mathlib/.lake/build/lib/lean/Mathlib/Algebra/Group/Pointwise/Finset/Basic.olean: OK
.lake/packages/mathlib/.lake/build/ir/Mathlib/Algebra/Group/Pointwise/Finset/Scalar.c.o.export: OK
.lake/packages/mathlib/.lake/build/ir/Mathlib/Algebra/Group/Pointwise/Finset/Scalar.c: OK
.lake/packages/mathlib/.lake/build/lib/lean/Mathlib/Algebra/Group/Pointwise/Finset/Scalar.olean: OK
.lake/packages/mathlib/.lake/build/ir/Mathlib/Algebra/Group/Pointwise/Set/Basic.c.o.export: OK
.lake/packages/mathlib/.lake/build/ir/Mathlib/Algebra/Group/Pointwise/Set/Basic.c: OK
.lake/packages/mathlib/.lake/build/lib/lean/Mathlib/Algebra/Group/Pointwise/Set/Basic.olean: OK
.lake/packages/mathlib/.lake/build/ir/Mathlib/Algebra/Group/Pointwise/Set/BigOperators.c.o.export: OK
.lake/packages/mathlib/.lake/build/ir/Mathlib/Algebra/Group/Pointwise/Set/BigOperators.c: OK
.lake/packages/mathlib/.lake/build/lib/lean/Mathlib/Algebra/Group/Pointwise/Set/BigOperators.olean: OK
.lake/packages/mathlib/.lake/build/ir/Mathlib/Algebra/Group/Pointwise/Set/Card.c.o.export: OK
.lake/packages/mathlib/.lake/build/ir/Mathlib/Algebra/Group/Pointwise/Set/Card.c: OK
.lake/packages/mathlib/.lake/build/lib/lean/Mathlib/Algebra/Group/Pointwise/Set/Card.olean: OK
.lake/packages/mathlib/.lake/build/ir/Mathlib/Algebra/Group/Pointwise/Set/Finite.c.o.export: OK
.lake/packages/mathlib/.lake/build/ir/Mathlib/Algebra/Group/Pointwise/Set/Finite.c: OK
.lake/packages/mathlib/.lake/build/lib/lean/Mathlib/Algebra/Group/Pointwise/Set/Finite.olean: OK
.lake/packages/mathlib/.lake/build/ir/Mathlib/Algebra/Group/Pointwise/Set/Lattice.c.o.export: OK
.lake/packages/mathlib/.lake/build/ir/Mathlib/Algebra/Group/Pointwise/Set/Lattice.c: OK
.lake/packages/mathlib/.lake/build/lib/lean/Mathlib/Algebra/Group/Pointwise/Set/Lattice.olean: OK
.lake/packages/mathlib/.lake/build/ir/Mathlib/Algebra/Group/Pointwise/Set/ListOfFn.c.o.export: OK
.lake/packages/mathlib/.lake/build/ir/Mathlib/Algebra/Group/Pointwise/Set/ListOfFn.c: OK
.lake/packages/mathlib/.lake/build/lib/lean/Mathlib/Algebra/Group/Pointwise/Set/ListOfFn.olean: OK
.lake/packages/mathlib/.lake/build/ir/Mathlib/Algebra/Group/Pointwise/Set/Scalar.c.o.export: OK
.lake/packages/mathlib/.lake/build/ir/Mathlib/Algebra/Group/Pointwise/Set/Scalar.c: OK
.lake/packages/mathlib/.lake/build/lib/lean/Mathlib/Algebra/Group/Pointwise/Set/Scalar.olean: OK
.lake/packages/mathlib/.lake/build/ir/Mathlib/Algebra/Group/Prod.c.o.export: OK
.lake/packages/mathlib/.lake/build/ir/Mathlib/Algebra/Group/Prod.c: OK
.lake/packages/mathlib/.lake/build/lib/lean/Mathlib/Algebra/Group/Prod.olean: OK
.lake/packages/mathlib/.lake/build/ir/Mathlib/Algebra/Group/Semiconj/Basic.c.o.export: OK
.lake/packages/mathlib/.lake/build/ir/Mathlib/Algebra/Group/Semiconj/Basic.c: OK
.lake/packages/mathlib/.lake/build/lib/lean/Mathlib/Algebra/Group/Semiconj/Basic.olean: OK
.lake/packages/mathlib/.lake/build/ir/Mathlib/Algebra/Group/Semiconj/Defs.c.o.export: OK
.lake/packages/mathlib/.lake/build/ir/Mathlib/Algebra/Group/Semiconj/Defs.c: OK
.lake/packages/mathlib/.lake/build/lib/lean/Mathlib/Algebra/Group/Semiconj/Defs.olean: OK
.lake/packages/mathlib/.lake/build/ir/Mathlib/Algebra/Group/Semiconj/Units.c.o.export: OK
.lake/packages/mathlib/.lake/build/ir/Mathlib/Algebra/Group/Semiconj/Units.c: OK
.lake/packages/mathlib/.lake/build/lib/lean/Mathlib/Algebra/Group/Semiconj/Units.olean: OK
.lake/packages/mathlib/.lake/build/ir/Mathlib/Algebra/Group/Shrink.c.o.export: OK
.lake/packages/mathlib/.lake/build/ir/Mathlib/Algebra/Group/Shrink.c: OK
.lake/packages/mathlib/.lake/build/lib/lean/Mathlib/Algebra/Group/Shrink.olean: OK
.lake/packages/mathlib/.lake/build/ir/Mathlib/Algebra/Group/Subgroup/Actions.c.o.export: OK
.lake/packages/mathlib/.lake/build/ir/Mathlib/Algebra/Group/Subgroup/Actions.c: OK
.lake/packages/mathlib/.lake/build/lib/lean/Mathlib/Algebra/Group/Subgroup/Actions.olean: OK
.lake/packages/mathlib/.lake/build/ir/Mathlib/Algebra/Group/Subgroup/Basic.c.o.export: OK
.lake/packages/mathlib/.lake/build/ir/Mathlib/Algebra/Group/Subgroup/Basic.c: OK
.lake/packages/mathlib/.lake/build/lib/lean/Mathlib/Algebra/Group/Subgroup/Basic.olean: OK
.lake/packages/mathlib/.lake/build/ir/Mathlib/Algebra/Group/Subgroup/Defs.c.o.export: OK
.lake/packages/mathlib/.lake/build/ir/Mathlib/Algebra/Group/Subgroup/Defs.c: OK
.lake/packages/mathlib/.lake/build/lib/lean/Mathlib/Algebra/Group/Subgroup/Defs.olean: OK
.lake/packages/mathlib/.lake/build/ir/Mathlib/Algebra/Group/Subgroup/Finite.c.o.export: OK
.lake/packages/mathlib/.lake/build/ir/Mathlib/Algebra/Group/Subgroup/Finite.c: OK
.lake/packages/mathlib/.lake/build/lib/lean/Mathlib/Algebra/Group/Subgroup/Finite.olean: OK
.lake/packages/mathlib/.lake/build/ir/Mathlib/Algebra/Group/Subgroup/Ker.c.o.export: OK
.lake/packages/mathlib/.lake/build/ir/Mathlib/Algebra/Group/Subgroup/Ker.c: OK
.lake/packages/mathlib/.lake/build/lib/lean/Mathlib/Algebra/Group/Subgroup/Ker.olean: OK
.lake/packages/mathlib/.lake/build/ir/Mathlib/Algebra/Group/Subgroup/Lattice.c.o.export: OK
.lake/packages/mathlib/.lake/build/ir/Mathlib/Algebra/Group/Subgroup/Lattice.c: OK
.lake/packages/mathlib/.lake/build/lib/lean/Mathlib/Algebra/Group/Subgroup/Lattice.olean: OK
.lake/packages/mathlib/.lake/build/ir/Mathlib/Algebra/Group/Subgroup/Map.c.o.export: OK
.lake/packages/mathlib/.lake/build/ir/Mathlib/Algebra/Group/Subgroup/Map.c: OK
.lake/packages/mathlib/.lake/build/lib/lean/Mathlib/Algebra/Group/Subgroup/Map.olean: OK
.lake/packages/mathlib/.lake/build/ir/Mathlib/Algebra/Group/Subgroup/MulOpposite.c.o.export: OK
.lake/packages/mathlib/.lake/build/ir/Mathlib/Algebra/Group/Subgroup/MulOpposite.c: OK
.lake/packages/mathlib/.lake/build/lib/lean/Mathlib/Algebra/Group/Subgroup/MulOpposite.olean: OK
.lake/packages/mathlib/.lake/build/ir/Mathlib/Algebra/Group/Subgroup/MulOppositeLemmas.c.o.export: OK
.lake/packages/mathlib/.lake/build/ir/Mathlib/Algebra/Group/Subgroup/MulOppositeLemmas.c: OK
.lake/packages/mathlib/.lake/build/lib/lean/Mathlib/Algebra/Group/Subgroup/MulOppositeLemmas.olean: OK
.lake/packages/mathlib/.lake/build/ir/Mathlib/Algebra/Group/Subgroup/Order.c.o.export: OK
.lake/packages/mathlib/.lake/build/ir/Mathlib/Algebra/Group/Subgroup/Order.c: OK
.lake/packages/mathlib/.lake/build/lib/lean/Mathlib/Algebra/Group/Subgroup/Order.olean: OK
.lake/packages/mathlib/.lake/build/ir/Mathlib/Algebra/Group/Subgroup/Pointwise.c.o.export: OK
.lake/packages/mathlib/.lake/build/ir/Mathlib/Algebra/Group/Subgroup/Pointwise.c: OK
.lake/packages/mathlib/.lake/build/lib/lean/Mathlib/Algebra/Group/Subgroup/Pointwise.olean: OK
.lake/packages/mathlib/.lake/build/ir/Mathlib/Algebra/Group/Subgroup/ZPowers/Basic.c.o.export: OK
.lake/packages/mathlib/.lake/build/ir/Mathlib/Algebra/Group/Subgroup/ZPowers/Basic.c: OK
.lake/packages/mathlib/.lake/build/lib/lean/Mathlib/Algebra/Group/Subgroup/ZPowers/Basic.olean: OK
.lake/packages/mathlib/.lake/build/ir/Mathlib/Algebra/Group/Subgroup/ZPowers/Lemmas.c.o.export: OK
.lake/packages/mathlib/.lake/build/ir/Mathlib/Algebra/Group/Subgroup/ZPowers/Lemmas.c: OK
.lake/packages/mathlib/.lake/build/lib/lean/Mathlib/Algebra/Group/Subgroup/ZPowers/Lemmas.olean: OK
.lake/packages/mathlib/.lake/build/ir/Mathlib/Algebra/Group/Submonoid/Basic.c.o.export: OK
.lake/packages/mathlib/.lake/build/ir/Mathlib/Algebra/Group/Submonoid/Basic.c: OK
.lake/packages/mathlib/.lake/build/lib/lean/Mathlib/Algebra/Group/Submonoid/Basic.olean: OK
.lake/packages/mathlib/.lake/build/ir/Mathlib/Algebra/Group/Submonoid/BigOperators.c.o.export: OK
.lake/packages/mathlib/.lake/build/ir/Mathlib/Algebra/Group/Submonoid/BigOperators.c: OK
.lake/packages/mathlib/.lake/build/lib/lean/Mathlib/Algebra/Group/Submonoid/BigOperators.olean: OK
.lake/packages/mathlib/.lake/build/ir/Mathlib/Algebra/Group/Submonoid/Defs.c.o.export: OK
.lake/packages/mathlib/.lake/build/ir/Mathlib/Algebra/Group/Submonoid/Defs.c: OK
.lake/packages/mathlib/.lake/build/lib/lean/Mathlib/Algebra/Group/Submonoid/Defs.olean: OK
.lake/packages/mathlib/.lake/build/ir/Mathlib/Algebra/Group/Submonoid/DistribMulAction.c.o.export: OK
.lake/packages/mathlib/.lake/build/ir/Mathlib/Algebra/Group/Submonoid/DistribMulAction.c: OK
.lake/packages/mathlib/.lake/build/lib/lean/Mathlib/Algebra/Group/Submonoid/DistribMulAction.olean: OK
.lake/packages/mathlib/.lake/build/ir/Mathlib/Algebra/Group/Submonoid/Finite.c.o.export: OK
.lake/packages/mathlib/.lake/build/ir/Mathlib/Algebra/Group/Submonoid/Finite.c: OK
.lake/packages/mathlib/.lake/build/lib/lean/Mathlib/Algebra/Group/Submonoid/Finite.olean: OK
.lake/packages/mathlib/.lake/build/ir/Mathlib/Algebra/Group/Submonoid/Membership.c.o.export: OK
.lake/packages/mathlib/.lake/build/ir/Mathlib/Algebra/Group/Submonoid/Membership.c: OK
.lake/packages/mathlib/.lake/build/lib/lean/Mathlib/Algebra/Group/Submonoid/Membership.olean: OK
.lake/packages/mathlib/.lake/build/ir/Mathlib/Algebra/Group/Submonoid/MulAction.c.o.export: OK
.lake/packages/mathlib/.lake/build/ir/Mathlib/Algebra/Group/Submonoid/MulAction.c: OK
.lake/packages/mathlib/.lake/build/lib/lean/Mathlib/Algebra/Group/Submonoid/MulAction.olean: OK
.lake/packages/mathlib/.lake/build/ir/Mathlib/Algebra/Group/Submonoid/MulOpposite.c.o.export: OK
.lake/packages/mathlib/.lake/build/ir/Mathlib/Algebra/Group/Submonoid/MulOpposite.c: OK
.lake/packages/mathlib/.lake/build/lib/lean/Mathlib/Algebra/Group/Submonoid/MulOpposite.olean: OK
.lake/packages/mathlib/.lake/build/ir/Mathlib/Algebra/Group/Submonoid/Operations.c.o.export: OK
.lake/packages/mathlib/.lake/build/ir/Mathlib/Algebra/Group/Submonoid/Operations.c: OK
.lake/packages/mathlib/.lake/build/lib/lean/Mathlib/Algebra/Group/Submonoid/Operations.olean: OK
.lake/packages/mathlib/.lake/build/ir/Mathlib/Algebra/Group/Submonoid/Pointwise.c.o.export: OK
.lake/packages/mathlib/.lake/build/ir/Mathlib/Algebra/Group/Submonoid/Pointwise.c: OK
.lake/packages/mathlib/.lake/build/lib/lean/Mathlib/Algebra/Group/Submonoid/Pointwise.olean: OK
.lake/packages/mathlib/.lake/build/ir/Mathlib/Algebra/Group/Submonoid/Units.c.o.export: OK
.lake/packages/mathlib/.lake/build/ir/Mathlib/Algebra/Group/Submonoid/Units.c: OK
.lake/packages/mathlib/.lake/build/lib/lean/Mathlib/Algebra/Group/Submonoid/Units.olean: OK
.lake/packages/mathlib/.lake/build/ir/Mathlib/Algebra/Group/Subsemigroup/Basic.c.o.export: OK
.lake/packages/mathlib/.lake/build/ir/Mathlib/Algebra/Group/Subsemigroup/Basic.c: OK
.lake/packages/mathlib/.lake/build/lib/lean/Mathlib/Algebra/Group/Subsemigroup/Basic.olean: OK
.lake/packages/mathlib/.lake/build/ir/Mathlib/Algebra/Group/Subsemigroup/Defs.c.o.export: OK
.lake/packages/mathlib/.lake/build/ir/Mathlib/Algebra/Group/Subsemigroup/Defs.c: OK
.lake/packages/mathlib/.lake/build/lib/lean/Mathlib/Algebra/Group/Subsemigroup/Defs.olean: OK
.lake/packages/mathlib/.lake/build/ir/Mathlib/Algebra/Group/Subsemigroup/Membership.c.o.export: OK
.lake/packages/mathlib/.lake/build/ir/Mathlib/Algebra/Group/Subsemigroup/Membership.c: OK
.lake/packages/mathlib/.lake/build/lib/lean/Mathlib/Algebra/Group/Subsemigroup/Membership.olean: OK
.lake/packages/mathlib/.lake/build/ir/Mathlib/Algebra/Group/Subsemigroup/MulOpposite.c.o.export: OK
.lake/packages/mathlib/.lake/build/ir/Mathlib/Algebra/Group/Subsemigroup/MulOpposite.c: OK
.lake/packages/mathlib/.lake/build/lib/lean/Mathlib/Algebra/Group/Subsemigroup/MulOpposite.olean: OK
.lake/packages/mathlib/.lake/build/ir/Mathlib/Algebra/Group/Subsemigroup/Operations.c.o.export: OK
.lake/packages/mathlib/.lake/build/ir/Mathlib/Algebra/Group/Subsemigroup/Operations.c: OK
.lake/packages/mathlib/.lake/build/lib/lean/Mathlib/Algebra/Group/Subsemigroup/Operations.olean: OK
.lake/packages/mathlib/.lake/build/ir/Mathlib/Algebra/Group/Support.c.o.export: OK
.lake/packages/mathlib/.lake/build/ir/Mathlib/Algebra/Group/Support.c: OK
.lake/packages/mathlib/.lake/build/lib/lean/Mathlib/Algebra/Group/Support.olean: OK
.lake/packages/mathlib/.lake/build/ir/Mathlib/Algebra/Group/Torsion.c.o.export: OK
.lake/packages/mathlib/.lake/build/ir/Mathlib/Algebra/Group/Torsion.c: OK
.lake/packages/mathlib/.lake/build/lib/lean/Mathlib/Algebra/Group/Torsion.olean: OK
.lake/packages/mathlib/.lake/build/ir/Mathlib/Algebra/Group/TransferInstance.c.o.export: OK
.lake/packages/mathlib/.lake/build/ir/Mathlib/Algebra/Group/TransferInstance.c: OK
.lake/packages/mathlib/.lake/build/lib/lean/Mathlib/Algebra/Group/TransferInstance.olean: OK
.lake/packages/mathlib/.lake/build/ir/Mathlib/Algebra/Group/TypeTags/Basic.c.o.export: OK
.lake/packages/mathlib/.lake/build/ir/Mathlib/Algebra/Group/TypeTags/Basic.c: OK
.lake/packages/mathlib/.lake/build/lib/lean/Mathlib/Algebra/Group/TypeTags/Basic.olean: OK
.lake/packages/mathlib/.lake/build/ir/Mathlib/Algebra/Group/TypeTags/Finite.c.o.export: OK
.lake/packages/mathlib/.lake/build/ir/Mathlib/Algebra/Group/TypeTags/Finite.c: OK
.lake/packages/mathlib/.lake/build/lib/lean/Mathlib/Algebra/Group/TypeTags/Finite.olean: OK
.lake/packages/mathlib/.lake/build/ir/Mathlib/Algebra/Group/TypeTags/Hom.c.o.export: OK
.lake/packages/mathlib/.lake/build/ir/Mathlib/Algebra/Group/TypeTags/Hom.c: OK
.lake/packages/mathlib/.lake/build/lib/lean/Mathlib/Algebra/Group/TypeTags/Hom.olean: OK
.lake/packages/mathlib/.lake/build/ir/Mathlib/Algebra/Group/TypeTags/Pointwise.c.o.export: OK
.lake/packages/mathlib/.lake/build/ir/Mathlib/Algebra/Group/TypeTags/Pointwise.c: OK
.lake/packages/mathlib/.lake/build/lib/lean/Mathlib/Algebra/Group/TypeTags/Pointwise.olean: OK
.lake/packages/mathlib/.lake/build/ir/Mathlib/Algebra/Group/ULift.c.o.export: OK
.lake/packages/mathlib/.lake/build/ir/Mathlib/Algebra/Group/ULift.c: OK
.lake/packages/mathlib/.lake/build/lib/lean/Mathlib/Algebra/Group/ULift.olean: OK
.lake/packages/mathlib/.lake/build/ir/Mathlib/Algebra/Group/UniqueProds/Basic.c.o.export: OK
.lake/packages/mathlib/.lake/build/ir/Mathlib/Algebra/Group/UniqueProds/Basic.c: OK
.lake/packages/mathlib/.lake/build/lib/lean/Mathlib/Algebra/Group/UniqueProds/Basic.olean: OK
.lake/packages/mathlib/.lake/build/ir/Mathlib/Algebra/Group/Units/Basic.c.o.export: OK
.lake/packages/mathlib/.lake/build/ir/Mathlib/Algebra/Group/Units/Basic.c: OK
.lake/packages/mathlib/.lake/build/lib/lean/Mathlib/Algebra/Group/Units/Basic.olean: OK
.lake/packages/mathlib/.lake/build/ir/Mathlib/Algebra/Group/Units/Defs.c.o.export: OK
.lake/packages/mathlib/.lake/build/ir/Mathlib/Algebra/Group/Units/Defs.c: OK
.lake/packages/mathlib/.lake/build/lib/lean/Mathlib/Algebra/Group/Units/Defs.olean: OK
.lake/packages/mathlib/.lake/build/ir/Mathlib/Algebra/Group/Units/Equiv.c.o.export: OK
.lake/packages/mathlib/.lake/build/ir/Mathlib/Algebra/Group/Units/Equiv.c: OK
.lake/packages/mathlib/.lake/build/lib/lean/Mathlib/Algebra/Group/Units/Equiv.olean: OK
.lake/packages/mathlib/.lake/build/ir/Mathlib/Algebra/Group/Units/Hom.c.o.export: OK
.lake/packages/mathlib/.lake/build/ir/Mathlib/Algebra/Group/Units/Hom.c: OK
.lake/packages/mathlib/.lake/build/lib/lean/Mathlib/Algebra/Group/Units/Hom.olean: OK
.lake/packages/mathlib/.lake/build/ir/Mathlib/Algebra/Group/Units/Opposite.c.o.export: OK
.lake/packages/mathlib/.lake/build/ir/Mathlib/Algebra/Group/Units/Opposite.c: OK
.lake/packages/mathlib/.lake/build/lib/lean/Mathlib/Algebra/Group/Units/Opposite.olean: OK
.lake/packages/mathlib/.lake/build/ir/Mathlib/Algebra/Group/WithOne/Defs.c.o.export: OK
.lake/packages/mathlib/.lake/build/ir/Mathlib/Algebra/Group/WithOne/Defs.c: OK
.lake/packages/mathlib/.lake/build/lib/lean/Mathlib/Algebra/Group/WithOne/Defs.olean: OK
.lake/packages/mathlib/.lake/build/ir/Mathlib/Algebra/Group/WithOne/Map.c.o.export: OK
.lake/packages/mathlib/.lake/build/ir/Mathlib/Algebra/Group/WithOne/Map.c: OK
.lake/packages/mathlib/.lake/build/lib/lean/Mathlib/Algebra/Group/WithOne/Map.olean: OK
.lake/packages/mathlib/.lake/build/ir/Mathlib/Algebra/GroupWithZero/Action/Basic.c.o.export: OK
.lake/packages/mathlib/.lake/build/ir/Mathlib/Algebra/GroupWithZero/Action/Basic.c: OK
.lake/packages/mathlib/.lake/build/lib/lean/Mathlib/Algebra/GroupWithZero/Action/Basic.olean: OK
.lake/packages/mathlib/.lake/build/ir/Mathlib/Algebra/GroupWithZero/Action/Defs.c.o.export: OK
.lake/packages/mathlib/.lake/build/ir/Mathlib/Algebra/GroupWithZero/Action/Defs.c: OK
.lake/packages/mathlib/.lake/build/lib/lean/Mathlib/Algebra/GroupWithZero/Action/Defs.olean: OK
.lake/packages/mathlib/.lake/build/ir/Mathlib/Algebra/GroupWithZero/Action/End.c.o.export: OK
.lake/packages/mathlib/.lake/build/ir/Mathlib/Algebra/GroupWithZero/Action/End.c: OK
.lake/packages/mathlib/.lake/build/lib/lean/Mathlib/Algebra/GroupWithZero/Action/End.olean: OK
.lake/packages/mathlib/.lake/build/ir/Mathlib/Algebra/GroupWithZero/Action/Hom.c.o.export: OK
.lake/packages/mathlib/.lake/build/ir/Mathlib/Algebra/GroupWithZero/Action/Hom.c: OK
.lake/packages/mathlib/.lake/build/lib/lean/Mathlib/Algebra/GroupWithZero/Action/Hom.olean: OK
.lake/packages/mathlib/.lake/build/ir/Mathlib/Algebra/GroupWithZero/Action/Opposite.c.o.export: OK
.lake/packages/mathlib/.lake/build/ir/Mathlib/Algebra/GroupWithZero/Action/Opposite.c: OK
.lake/packages/mathlib/.lake/build/lib/lean/Mathlib/Algebra/GroupWithZero/Action/Opposite.olean: OK
.lake/packages/mathlib/.lake/build/ir/Mathlib/Algebra/GroupWithZero/Action/Pi.c.o.export: OK
.lake/packages/mathlib/.lake/build/ir/Mathlib/Algebra/GroupWithZero/Action/Pi.c: OK
.lake/packages/mathlib/.lake/build/lib/lean/Mathlib/Algebra/GroupWithZero/Action/Pi.olean: OK
.lake/packages/mathlib/.lake/build/ir/Mathlib/Algebra/GroupWithZero/Action/Pointwise/Set.c.o.export: OK
.lake/packages/mathlib/.lake/build/ir/Mathlib/Algebra/GroupWithZero/Action/Pointwise/Set.c: OK
.lake/packages/mathlib/.lake/build/lib/lean/Mathlib/Algebra/GroupWithZero/Action/Pointwise/Set.olean: OK
.lake/packages/mathlib/.lake/build/ir/Mathlib/Algebra/GroupWithZero/Action/Prod.c.o.export: OK
.lake/packages/mathlib/.lake/build/ir/Mathlib/Algebra/GroupWithZero/Action/Prod.c: OK
.lake/packages/mathlib/.lake/build/lib/lean/Mathlib/Algebra/GroupWithZero/Action/Prod.olean: OK
.lake/packages/mathlib/.lake/build/ir/Mathlib/Algebra/GroupWithZero/Action/TransferInstance.c.o.export: OK
.lake/packages/mathlib/.lake/build/ir/Mathlib/Algebra/GroupWithZero/Action/TransferInstance.c: OK
.lake/packages/mathlib/.lake/build/lib/lean/Mathlib/Algebra/GroupWithZero/Action/TransferInstance.olean: OK
.lake/packages/mathlib/.lake/build/ir/Mathlib/Algebra/GroupWithZero/Action/Units.c.o.export: OK
.lake/packages/mathlib/.lake/build/ir/Mathlib/Algebra/GroupWithZero/Action/Units.c: OK
.lake/packages/mathlib/.lake/build/lib/lean/Mathlib/Algebra/GroupWithZero/Action/Units.olean: OK
.lake/packages/mathlib/.lake/build/ir/Mathlib/Algebra/GroupWithZero/Associated.c.o.export: OK
.lake/packages/mathlib/.lake/build/ir/Mathlib/Algebra/GroupWithZero/Associated.c: OK
.lake/packages/mathlib/.lake/build/lib/lean/Mathlib/Algebra/GroupWithZero/Associated.olean: OK
.lake/packages/mathlib/.lake/build/ir/Mathlib/Algebra/GroupWithZero/Basic.c.o.export: OK
.lake/packages/mathlib/.lake/build/ir/Mathlib/Algebra/GroupWithZero/Basic.c: OK
.lake/packages/mathlib/.lake/build/lib/lean/Mathlib/Algebra/GroupWithZero/Basic.olean: OK
.lake/packages/mathlib/.lake/build/ir/Mathlib/Algebra/GroupWithZero/Center.c.o.export: OK
.lake/packages/mathlib/.lake/build/ir/Mathlib/Algebra/GroupWithZero/Center.c: OK
.lake/packages/mathlib/.lake/build/lib/lean/Mathlib/Algebra/GroupWithZero/Center.olean: OK
.lake/packages/mathlib/.lake/build/ir/Mathlib/Algebra/GroupWithZero/Commute.c.o.export: OK
.lake/packages/mathlib/.lake/build/ir/Mathlib/Algebra/GroupWithZero/Commute.c: OK
.lake/packages/mathlib/.lake/build/lib/lean/Mathlib/Algebra/GroupWithZero/Commute.olean: OK
.lake/packages/mathlib/.lake/build/ir/Mathlib/Algebra/GroupWithZero/Defs.c.o.export: OK
.lake/packages/mathlib/.lake/build/ir/Mathlib/Algebra/GroupWithZero/Defs.c: OK
.lake/packages/mathlib/.lake/build/lib/lean/Mathlib/Algebra/GroupWithZero/Defs.olean: OK
.lake/packages/mathlib/.lake/build/ir/Mathlib/Algebra/GroupWithZero/Divisibility.c.o.export: OK
.lake/packages/mathlib/.lake/build/ir/Mathlib/Algebra/GroupWithZero/Divisibility.c: OK
.lake/packages/mathlib/.lake/build/lib/lean/Mathlib/Algebra/GroupWithZero/Divisibility.olean: OK
.lake/packages/mathlib/.lake/build/ir/Mathlib/Algebra/GroupWithZero/Equiv.c.o.export: OK
.lake/packages/mathlib/.lake/build/ir/Mathlib/Algebra/GroupWithZero/Equiv.c: OK
.lake/packages/mathlib/.lake/build/lib/lean/Mathlib/Algebra/GroupWithZero/Equiv.olean: OK
.lake/packages/mathlib/.lake/build/ir/Mathlib/Algebra/GroupWithZero/Hom.c.o.export: OK
.lake/packages/mathlib/.lake/build/ir/Mathlib/Algebra/GroupWithZero/Hom.c: OK
.lake/packages/mathlib/.lake/build/lib/lean/Mathlib/Algebra/GroupWithZero/Hom.olean: OK
.lake/packages/mathlib/.lake/build/ir/Mathlib/Algebra/GroupWithZero/Idempotent.c.o.export: OK
.lake/packages/mathlib/.lake/build/ir/Mathlib/Algebra/GroupWithZero/Idempotent.c: OK
.lake/packages/mathlib/.lake/build/lib/lean/Mathlib/Algebra/GroupWithZero/Idempotent.olean: OK
.lake/packages/mathlib/.lake/build/ir/Mathlib/Algebra/GroupWithZero/Indicator.c.o.export: OK
.lake/packages/mathlib/.lake/build/ir/Mathlib/Algebra/GroupWithZero/Indicator.c: OK
.lake/packages/mathlib/.lake/build/lib/lean/Mathlib/Algebra/GroupWithZero/Indicator.olean: OK
.lake/packages/mathlib/.lake/build/ir/Mathlib/Algebra/GroupWithZero/InjSurj.c.o.export: OK
.lake/packages/mathlib/.lake/build/ir/Mathlib/Algebra/GroupWithZero/InjSurj.c: OK
.lake/packages/mathlib/.lake/build/lib/lean/Mathlib/Algebra/GroupWithZero/InjSurj.olean: OK
.lake/packages/mathlib/.lake/build/ir/Mathlib/Algebra/GroupWithZero/Invertible.c.o.export: OK
.lake/packages/mathlib/.lake/build/ir/Mathlib/Algebra/GroupWithZero/Invertible.c: OK
.lake/packages/mathlib/.lake/build/lib/lean/Mathlib/Algebra/GroupWithZero/Invertible.olean: OK
.lake/packages/mathlib/.lake/build/ir/Mathlib/Algebra/GroupWithZero/Nat.c.o.export: OK
.lake/packages/mathlib/.lake/build/ir/Mathlib/Algebra/GroupWithZero/Nat.c: OK
.lake/packages/mathlib/.lake/build/lib/lean/Mathlib/Algebra/GroupWithZero/Nat.olean: OK
.lake/packages/mathlib/.lake/build/ir/Mathlib/Algebra/GroupWithZero/NeZero.c.o.export: OK
.lake/packages/mathlib/.lake/build/ir/Mathlib/Algebra/GroupWithZero/NeZero.c: OK
.lake/packages/mathlib/.lake/build/lib/lean/Mathlib/Algebra/GroupWithZero/NeZero.olean: OK
.lake/packages/mathlib/.lake/build/ir/Mathlib/Algebra/GroupWithZero/NonZeroDivisors.c.o.export: OK
.lake/packages/mathlib/.lake/build/ir/Mathlib/Algebra/GroupWithZero/NonZeroDivisors.c: OK
.lake/packages/mathlib/.lake/build/lib/lean/Mathlib/Algebra/GroupWithZero/NonZeroDivisors.olean: OK
.lake/packages/mathlib/.lake/build/ir/Mathlib/Algebra/GroupWithZero/Opposite.c.o.export: OK
.lake/packages/mathlib/.lake/build/ir/Mathlib/Algebra/GroupWithZero/Opposite.c: OK
.lake/packages/mathlib/.lake/build/lib/lean/Mathlib/Algebra/GroupWithZero/Opposite.olean: OK
.lake/packages/mathlib/.lake/build/ir/Mathlib/Algebra/GroupWithZero/Pi.c.o.export: OK
.lake/packages/mathlib/.lake/build/ir/Mathlib/Algebra/GroupWithZero/Pi.c: OK
.lake/packages/mathlib/.lake/build/lib/lean/Mathlib/Algebra/GroupWithZero/Pi.olean: OK
.lake/packages/mathlib/.lake/build/ir/Mathlib/Algebra/GroupWithZero/Pointwise/Set/Basic.c.o.export: OK
.lake/packages/mathlib/.lake/build/ir/Mathlib/Algebra/GroupWithZero/Pointwise/Set/Basic.c: OK
.lake/packages/mathlib/.lake/build/lib/lean/Mathlib/Algebra/GroupWithZero/Pointwise/Set/Basic.olean: OK
.lake/packages/mathlib/.lake/build/ir/Mathlib/Algebra/GroupWithZero/Prod.c.o.export: OK
.lake/packages/mathlib/.lake/build/ir/Mathlib/Algebra/GroupWithZero/Prod.c: OK
.lake/packages/mathlib/.lake/build/lib/lean/Mathlib/Algebra/GroupWithZero/Prod.olean: OK
.lake/packages/mathlib/.lake/build/ir/Mathlib/Algebra/GroupWithZero/Range.c.o.export: OK
.lake/packages/mathlib/.lake/build/ir/Mathlib/Algebra/GroupWithZero/Range.c: OK
.lake/packages/mathlib/.lake/build/lib/lean/Mathlib/Algebra/GroupWithZero/Range.olean: OK
.lake/packages/mathlib/.lake/build/ir/Mathlib/Algebra/GroupWithZero/Regular.c.o.export: OK
.lake/packages/mathlib/.lake/build/ir/Mathlib/Algebra/GroupWithZero/Regular.c: OK
.lake/packages/mathlib/.lake/build/lib/lean/Mathlib/Algebra/GroupWithZero/Regular.olean: OK
.lake/packages/mathlib/.lake/build/ir/Mathlib/Algebra/GroupWithZero/Semiconj.c.o.export: OK
.lake/packages/mathlib/.lake/build/ir/Mathlib/Algebra/GroupWithZero/Semiconj.c: OK
.lake/packages/mathlib/.lake/build/lib/lean/Mathlib/Algebra/GroupWithZero/Semiconj.olean: OK
.lake/packages/mathlib/.lake/build/ir/Mathlib/Algebra/GroupWithZero/Subgroup.c.o.export: OK
.lake/packages/mathlib/.lake/build/ir/Mathlib/Algebra/GroupWithZero/Subgroup.c: OK
.lake/packages/mathlib/.lake/build/lib/lean/Mathlib/Algebra/GroupWithZero/Subgroup.olean: OK
.lake/packages/mathlib/.lake/build/ir/Mathlib/Algebra/GroupWithZero/Submonoid/Instances.c.o.export: OK
.lake/packages/mathlib/.lake/build/ir/Mathlib/Algebra/GroupWithZero/Submonoid/Instances.c: OK
.lake/packages/mathlib/.lake/build/lib/lean/Mathlib/Algebra/GroupWithZero/Submonoid/Instances.olean: OK
.lake/packages/mathlib/.lake/build/ir/Mathlib/Algebra/GroupWithZero/Submonoid/Pointwise.c.o.export: OK
.lake/packages/mathlib/.lake/build/ir/Mathlib/Algebra/GroupWithZero/Submonoid/Pointwise.c: OK
.lake/packages/mathlib/.lake/build/lib/lean/Mathlib/Algebra/GroupWithZero/Submonoid/Pointwise.olean: OK
.lake/packages/mathlib/.lake/build/ir/Mathlib/Algebra/GroupWithZero/Submonoid/Primal.c.o.export: OK
.lake/packages/mathlib/.lake/build/ir/Mathlib/Algebra/GroupWithZero/Submonoid/Primal.c: OK
.lake/packages/mathlib/.lake/build/lib/lean/Mathlib/Algebra/GroupWithZero/Submonoid/Primal.olean: OK
.lake/packages/mathlib/.lake/build/ir/Mathlib/Algebra/GroupWithZero/ULift.c.o.export: OK
.lake/packages/mathlib/.lake/build/ir/Mathlib/Algebra/GroupWithZero/ULift.c: OK
.lake/packages/mathlib/.lake/build/lib/lean/Mathlib/Algebra/GroupWithZero/ULift.olean: OK
.lake/packages/mathlib/.lake/build/ir/Mathlib/Algebra/GroupWithZero/Units/Basic.c.o.export: OK
.lake/packages/mathlib/.lake/build/ir/Mathlib/Algebra/GroupWithZero/Units/Basic.c: OK
.lake/packages/mathlib/.lake/build/lib/lean/Mathlib/Algebra/GroupWithZero/Units/Basic.olean: OK
.lake/packages/mathlib/.lake/build/ir/Mathlib/Algebra/GroupWithZero/Units/Equiv.c.o.export: OK
.lake/packages/mathlib/.lake/build/ir/Mathlib/Algebra/GroupWithZero/Units/Equiv.c: OK
.lake/packages/mathlib/.lake/build/lib/lean/Mathlib/Algebra/GroupWithZero/Units/Equiv.olean: OK
.lake/packages/mathlib/.lake/build/ir/Mathlib/Algebra/GroupWithZero/Units/Lemmas.c.o.export: OK
.lake/packages/mathlib/.lake/build/ir/Mathlib/Algebra/GroupWithZero/Units/Lemmas.c: OK
.lake/packages/mathlib/.lake/build/lib/lean/Mathlib/Algebra/GroupWithZero/Units/Lemmas.olean: OK
.lake/packages/mathlib/.lake/build/ir/Mathlib/Algebra/GroupWithZero/WithZero.c.o.export: OK
.lake/packages/mathlib/.lake/build/ir/Mathlib/Algebra/GroupWithZero/WithZero.c: OK
.lake/packages/mathlib/.lake/build/lib/lean/Mathlib/Algebra/GroupWithZero/WithZero.olean: OK
.lake/packages/mathlib/.lake/build/ir/Mathlib/Algebra/IsPrimePow.c.o.export: OK
.lake/packages/mathlib/.lake/build/ir/Mathlib/Algebra/IsPrimePow.c: OK
.lake/packages/mathlib/.lake/build/lib/lean/Mathlib/Algebra/IsPrimePow.olean: OK
.lake/packages/mathlib/.lake/build/ir/Mathlib/Algebra/Module/Basic.c.o.export: OK
.lake/packages/mathlib/.lake/build/ir/Mathlib/Algebra/Module/Basic.c: OK
.lake/packages/mathlib/.lake/build/lib/lean/Mathlib/Algebra/Module/Basic.olean: OK
.lake/packages/mathlib/.lake/build/ir/Mathlib/Algebra/Module/BigOperators.c.o.export: OK
.lake/packages/mathlib/.lake/build/ir/Mathlib/Algebra/Module/BigOperators.c: OK
.lake/packages/mathlib/.lake/build/lib/lean/Mathlib/Algebra/Module/BigOperators.olean: OK
.lake/packages/mathlib/.lake/build/ir/Mathlib/Algebra/Module/Congruence/Defs.c.o.export: OK
.lake/packages/mathlib/.lake/build/ir/Mathlib/Algebra/Module/Congruence/Defs.c: OK
.lake/packages/mathlib/.lake/build/lib/lean/Mathlib/Algebra/Module/Congruence/Defs.olean: OK
.lake/packages/mathlib/.lake/build/ir/Mathlib/Algebra/Module/Defs.c.o.export: OK
.lake/packages/mathlib/.lake/build/ir/Mathlib/Algebra/Module/Defs.c: OK
.lake/packages/mathlib/.lake/build/lib/lean/Mathlib/Algebra/Module/Defs.olean: OK
.lake/packages/mathlib/.lake/build/ir/Mathlib/Algebra/Module/End.c.o.export: OK
.lake/packages/mathlib/.lake/build/ir/Mathlib/Algebra/Module/End.c: OK
.lake/packages/mathlib/.lake/build/lib/lean/Mathlib/Algebra/Module/End.olean: OK
.lake/packages/mathlib/.lake/build/ir/Mathlib/Algebra/Module/Equiv/Basic.c.o.export: OK
.lake/packages/mathlib/.lake/build/ir/Mathlib/Algebra/Module/Equiv/Basic.c: OK
.lake/packages/mathlib/.lake/build/lib/lean/Mathlib/Algebra/Module/Equiv/Basic.olean: OK
.lake/packages/mathlib/.lake/build/ir/Mathlib/Algebra/Module/Equiv/Defs.c.o.export: OK
.lake/packages/mathlib/.lake/build/ir/Mathlib/Algebra/Module/Equiv/Defs.c: OK
.lake/packages/mathlib/.lake/build/lib/lean/Mathlib/Algebra/Module/Equiv/Defs.olean: OK
.lake/packages/mathlib/.lake/build/ir/Mathlib/Algebra/Module/Equiv/Opposite.c.o.export: OK
.lake/packages/mathlib/.lake/build/ir/Mathlib/Algebra/Module/Equiv/Opposite.c: OK
.lake/packages/mathlib/.lake/build/lib/lean/Mathlib/Algebra/Module/Equiv/Opposite.olean: OK
.lake/packages/mathlib/.lake/build/ir/Mathlib/Algebra/Module/Hom.c.o.export: OK
.lake/packages/mathlib/.lake/build/ir/Mathlib/Algebra/Module/Hom.c: OK
.lake/packages/mathlib/.lake/build/lib/lean/Mathlib/Algebra/Module/Hom.olean: OK
.lake/packages/mathlib/.lake/build/ir/Mathlib/Algebra/Module/LinearMap/Basic.c.o.export: OK
.lake/packages/mathlib/.lake/build/ir/Mathlib/Algebra/Module/LinearMap/Basic.c: OK
.lake/packages/mathlib/.lake/build/lib/lean/Mathlib/Algebra/Module/LinearMap/Basic.olean: OK
.lake/packages/mathlib/.lake/build/ir/Mathlib/Algebra/Module/LinearMap/Defs.c.o.export: OK
.lake/packages/mathlib/.lake/build/ir/Mathlib/Algebra/Module/LinearMap/Defs.c: OK
.lake/packages/mathlib/.lake/build/lib/lean/Mathlib/Algebra/Module/LinearMap/Defs.olean: OK
.lake/packages/mathlib/.lake/build/ir/Mathlib/Algebra/Module/LinearMap/DivisionRing.c.o.export: OK
.lake/packages/mathlib/.lake/build/ir/Mathlib/Algebra/Module/LinearMap/DivisionRing.c: OK
.lake/packages/mathlib/.lake/build/lib/lean/Mathlib/Algebra/Module/LinearMap/DivisionRing.olean: OK
.lake/packages/mathlib/.lake/build/ir/Mathlib/Algebra/Module/LinearMap/End.c.o.export: OK
.lake/packages/mathlib/.lake/build/ir/Mathlib/Algebra/Module/LinearMap/End.c: OK
.lake/packages/mathlib/.lake/build/lib/lean/Mathlib/Algebra/Module/LinearMap/End.olean: OK
.lake/packages/mathlib/.lake/build/ir/Mathlib/Algebra/Module/LinearMap/Prod.c.o.export: OK
.lake/packages/mathlib/.lake/build/ir/Mathlib/Algebra/Module/LinearMap/Prod.c: OK
.lake/packages/mathlib/.lake/build/lib/lean/Mathlib/Algebra/Module/LinearMap/Prod.olean: OK
.lake/packages/mathlib/.lake/build/ir/Mathlib/Algebra/Module/LinearMap/Star.c.o.export: OK
.lake/packages/mathlib/.lake/build/ir/Mathlib/Algebra/Module/LinearMap/Star.c: OK
.lake/packages/mathlib/.lake/build/lib/lean/Mathlib/Algebra/Module/LinearMap/Star.olean: OK
.lake/packages/mathlib/.lake/build/ir/Mathlib/Algebra/Module/LocalizedModule/Basic.c.o.export: OK
.lake/packages/mathlib/.lake/build/ir/Mathlib/Algebra/Module/LocalizedModule/Basic.c: OK
.lake/packages/mathlib/.lake/build/lib/lean/Mathlib/Algebra/Module/LocalizedModule/Basic.olean: OK
.lake/packages/mathlib/.lake/build/ir/Mathlib/Algebra/Module/LocalizedModule/IsLocalization.c.o.export: OK
.lake/packages/mathlib/.lake/build/ir/Mathlib/Algebra/Module/LocalizedModule/IsLocalization.c: OK
.lake/packages/mathlib/.lake/build/lib/lean/Mathlib/Algebra/Module/LocalizedModule/IsLocalization.olean: OK
.lake/packages/mathlib/.lake/build/ir/Mathlib/Algebra/Module/LocalizedModule/Submodule.c.o.export: OK
.lake/packages/mathlib/.lake/build/ir/Mathlib/Algebra/Module/LocalizedModule/Submodule.c: OK
.lake/packages/mathlib/.lake/build/lib/lean/Mathlib/Algebra/Module/LocalizedModule/Submodule.olean: OK
.lake/packages/mathlib/.lake/build/ir/Mathlib/Algebra/Module/MinimalAxioms.c.o.export: OK
.lake/packages/mathlib/.lake/build/ir/Mathlib/Algebra/Module/MinimalAxioms.c: OK
.lake/packages/mathlib/.lake/build/lib/lean/Mathlib/Algebra/Module/MinimalAxioms.olean: OK
.lake/packages/mathlib/.lake/build/ir/Mathlib/Algebra/Module/NatInt.c.o.export: OK
.lake/packages/mathlib/.lake/build/ir/Mathlib/Algebra/Module/NatInt.c: OK
.lake/packages/mathlib/.lake/build/lib/lean/Mathlib/Algebra/Module/NatInt.olean: OK
.lake/packages/mathlib/.lake/build/ir/Mathlib/Algebra/Module/Opposite.c.o.export: OK
.lake/packages/mathlib/.lake/build/ir/Mathlib/Algebra/Module/Opposite.c: OK
.lake/packages/mathlib/.lake/build/lib/lean/Mathlib/Algebra/Module/Opposite.olean: OK
.lake/packages/mathlib/.lake/build/ir/Mathlib/Algebra/Module/PUnit.c.o.export: OK
.lake/packages/mathlib/.lake/build/ir/Mathlib/Algebra/Module/PUnit.c: OK
.lake/packages/mathlib/.lake/build/lib/lean/Mathlib/Algebra/Module/PUnit.olean: OK
.lake/packages/mathlib/.lake/build/ir/Mathlib/Algebra/Module/Pi.c.o.export: OK
.lake/packages/mathlib/.lake/build/ir/Mathlib/Algebra/Module/Pi.c: OK
.lake/packages/mathlib/.lake/build/lib/lean/Mathlib/Algebra/Module/Pi.olean: OK
.lake/packages/mathlib/.lake/build/ir/Mathlib/Algebra/Module/Prod.c.o.export: OK
.lake/packages/mathlib/.lake/build/ir/Mathlib/Algebra/Module/Prod.c: OK
.lake/packages/mathlib/.lake/build/lib/lean/Mathlib/Algebra/Module/Prod.olean: OK
.lake/packages/mathlib/.lake/build/ir/Mathlib/Algebra/Module/Projective.c.o.export: OK
.lake/packages/mathlib/.lake/build/ir/Mathlib/Algebra/Module/Projective.c: OK
.lake/packages/mathlib/.lake/build/lib/lean/Mathlib/Algebra/Module/Projective.olean: OK
.lake/packages/mathlib/.lake/build/ir/Mathlib/Algebra/Module/Rat.c.o.export: OK
.lake/packages/mathlib/.lake/build/ir/Mathlib/Algebra/Module/Rat.c: OK
.lake/packages/mathlib/.lake/build/lib/lean/Mathlib/Algebra/Module/Rat.olean: OK
.lake/packages/mathlib/.lake/build/ir/Mathlib/Algebra/Module/RingHom.c.o.export: OK
.lake/packages/mathlib/.lake/build/ir/Mathlib/Algebra/Module/RingHom.c: OK
.lake/packages/mathlib/.lake/build/lib/lean/Mathlib/Algebra/Module/RingHom.olean: OK
.lake/packages/mathlib/.lake/build/ir/Mathlib/Algebra/Module/Shrink.c.o.export: OK
.lake/packages/mathlib/.lake/build/ir/Mathlib/Algebra/Module/Shrink.c: OK
.lake/packages/mathlib/.lake/build/lib/lean/Mathlib/Algebra/Module/Shrink.olean: OK
.lake/packages/mathlib/.lake/build/ir/Mathlib/Algebra/Module/SpanRank.c.o.export: OK
.lake/packages/mathlib/.lake/build/ir/Mathlib/Algebra/Module/SpanRank.c: OK
.lake/packages/mathlib/.lake/build/lib/lean/Mathlib/Algebra/Module/SpanRank.olean: OK
.lake/packages/mathlib/.lake/build/ir/Mathlib/Algebra/Module/Submodule/Basic.c.o.export: OK
.lake/packages/mathlib/.lake/build/ir/Mathlib/Algebra/Module/Submodule/Basic.c: OK
.lake/packages/mathlib/.lake/build/lib/lean/Mathlib/Algebra/Module/Submodule/Basic.olean: OK
.lake/packages/mathlib/.lake/build/ir/Mathlib/Algebra/Module/Submodule/Bilinear.c.o.export: OK
.lake/packages/mathlib/.lake/build/ir/Mathlib/Algebra/Module/Submodule/Bilinear.c: OK
.lake/packages/mathlib/.lake/build/lib/lean/Mathlib/Algebra/Module/Submodule/Bilinear.olean: OK
.lake/packages/mathlib/.lake/build/ir/Mathlib/Algebra/Module/Submodule/Defs.c.o.export: OK
.lake/packages/mathlib/.lake/build/ir/Mathlib/Algebra/Module/Submodule/Defs.c: OK
.lake/packages/mathlib/.lake/build/lib/lean/Mathlib/Algebra/Module/Submodule/Defs.olean: OK
.lake/packages/mathlib/.lake/build/ir/Mathlib/Algebra/Module/Submodule/EqLocus.c.o.export: OK
.lake/packages/mathlib/.lake/build/ir/Mathlib/Algebra/Module/Submodule/EqLocus.c: OK
.lake/packages/mathlib/.lake/build/lib/lean/Mathlib/Algebra/Module/Submodule/EqLocus.olean: OK
.lake/packages/mathlib/.lake/build/ir/Mathlib/Algebra/Module/Submodule/Equiv.c.o.export: OK
.lake/packages/mathlib/.lake/build/ir/Mathlib/Algebra/Module/Submodule/Equiv.c: OK
.lake/packages/mathlib/.lake/build/lib/lean/Mathlib/Algebra/Module/Submodule/Equiv.olean: OK
.lake/packages/mathlib/.lake/build/ir/Mathlib/Algebra/Module/Submodule/Finsupp.c.o.export: OK
.lake/packages/mathlib/.lake/build/ir/Mathlib/Algebra/Module/Submodule/Finsupp.c: OK
.lake/packages/mathlib/.lake/build/lib/lean/Mathlib/Algebra/Module/Submodule/Finsupp.olean: OK
.lake/packages/mathlib/.lake/build/ir/Mathlib/Algebra/Module/Submodule/Invariant.c.o.export: OK
.lake/packages/mathlib/.lake/build/ir/Mathlib/Algebra/Module/Submodule/Invariant.c: OK
.lake/packages/mathlib/.lake/build/lib/lean/Mathlib/Algebra/Module/Submodule/Invariant.olean: OK
.lake/packages/mathlib/.lake/build/ir/Mathlib/Algebra/Module/Submodule/IterateMapComap.c.o.export: OK
.lake/packages/mathlib/.lake/build/ir/Mathlib/Algebra/Module/Submodule/IterateMapComap.c: OK
.lake/packages/mathlib/.lake/build/lib/lean/Mathlib/Algebra/Module/Submodule/IterateMapComap.olean: OK
.lake/packages/mathlib/.lake/build/ir/Mathlib/Algebra/Module/Submodule/Ker.c.o.export: OK
.lake/packages/mathlib/.lake/build/ir/Mathlib/Algebra/Module/Submodule/Ker.c: OK
.lake/packages/mathlib/.lake/build/lib/lean/Mathlib/Algebra/Module/Submodule/Ker.olean: OK
.lake/packages/mathlib/.lake/build/ir/Mathlib/Algebra/Module/Submodule/Lattice.c.o.export: OK
.lake/packages/mathlib/.lake/build/ir/Mathlib/Algebra/Module/Submodule/Lattice.c: OK
.lake/packages/mathlib/.lake/build/lib/lean/Mathlib/Algebra/Module/Submodule/Lattice.olean: OK
.lake/packages/mathlib/.lake/build/ir/Mathlib/Algebra/Module/Submodule/LinearMap.c.o.export: OK
.lake/packages/mathlib/.lake/build/ir/Mathlib/Algebra/Module/Submodule/LinearMap.c: OK
.lake/packages/mathlib/.lake/build/lib/lean/Mathlib/Algebra/Module/Submodule/LinearMap.olean: OK
.lake/packages/mathlib/.lake/build/ir/Mathlib/Algebra/Module/Submodule/Map.c.o.export: OK
.lake/packages/mathlib/.lake/build/ir/Mathlib/Algebra/Module/Submodule/Map.c: OK
.lake/packages/mathlib/.lake/build/lib/lean/Mathlib/Algebra/Module/Submodule/Map.olean: OK
.lake/packages/mathlib/.lake/build/ir/Mathlib/Algebra/Module/Submodule/Pointwise.c.o.export: OK
.lake/packages/mathlib/.lake/build/ir/Mathlib/Algebra/Module/Submodule/Pointwise.c: OK
.lake/packages/mathlib/.lake/build/lib/lean/Mathlib/Algebra/Module/Submodule/Pointwise.olean: OK
.lake/packages/mathlib/.lake/build/ir/Mathlib/Algebra/Module/Submodule/Range.c.o.export: OK
.lake/packages/mathlib/.lake/build/ir/Mathlib/Algebra/Module/Submodule/Range.c: OK
.lake/packages/mathlib/.lake/build/lib/lean/Mathlib/Algebra/Module/Submodule/Range.olean: OK
.lake/packages/mathlib/.lake/build/ir/Mathlib/Algebra/Module/Submodule/RestrictScalars.c.o.export: OK
.lake/packages/mathlib/.lake/build/ir/Mathlib/Algebra/Module/Submodule/RestrictScalars.c: OK
.lake/packages/mathlib/.lake/build/lib/lean/Mathlib/Algebra/Module/Submodule/RestrictScalars.olean: OK
.lake/packages/mathlib/.lake/build/ir/Mathlib/Algebra/Module/Torsion/Basic.c.o.export: OK
.lake/packages/mathlib/.lake/build/ir/Mathlib/Algebra/Module/Torsion/Basic.c: OK
.lake/packages/mathlib/.lake/build/lib/lean/Mathlib/Algebra/Module/Torsion/Basic.olean: OK
.lake/packages/mathlib/.lake/build/ir/Mathlib/Algebra/Module/Torsion/Field.c.o.export: OK
.lake/packages/mathlib/.lake/build/ir/Mathlib/Algebra/Module/Torsion/Field.c: OK
.lake/packages/mathlib/.lake/build/lib/lean/Mathlib/Algebra/Module/Torsion/Field.olean: OK
.lake/packages/mathlib/.lake/build/ir/Mathlib/Algebra/Module/Torsion/Free.c.o.export: OK
.lake/packages/mathlib/.lake/build/ir/Mathlib/Algebra/Module/Torsion/Free.c: OK
.lake/packages/mathlib/.lake/build/lib/lean/Mathlib/Algebra/Module/Torsion/Free.olean: OK
.lake/packages/mathlib/.lake/build/ir/Mathlib/Algebra/Module/Torsion/Pi.c.o.export: OK
.lake/packages/mathlib/.lake/build/ir/Mathlib/Algebra/Module/Torsion/Pi.c: OK
.lake/packages/mathlib/.lake/build/lib/lean/Mathlib/Algebra/Module/Torsion/Pi.olean: OK
.lake/packages/mathlib/.lake/build/ir/Mathlib/Algebra/Module/TransferInstance.c.o.export: OK
.lake/packages/mathlib/.lake/build/ir/Mathlib/Algebra/Module/TransferInstance.c: OK
.lake/packages/mathlib/.lake/build/lib/lean/Mathlib/Algebra/Module/TransferInstance.olean: OK
.lake/packages/mathlib/.lake/build/ir/Mathlib/Algebra/Module/ULift.c.o.export: OK
.lake/packages/mathlib/.lake/build/ir/Mathlib/Algebra/Module/ULift.c: OK
.lake/packages/mathlib/.lake/build/lib/lean/Mathlib/Algebra/Module/ULift.olean: OK
.lake/packages/mathlib/.lake/build/ir/Mathlib/Algebra/Module/ZMod.c.o.export: OK
.lake/packages/mathlib/.lake/build/ir/Mathlib/Algebra/Module/ZMod.c: OK
.lake/packages/mathlib/.lake/build/lib/lean/Mathlib/Algebra/Module/ZMod.olean: OK
.lake/packages/mathlib/.lake/build/ir/Mathlib/Algebra/MonoidAlgebra/Basic.c.o.export: OK
.lake/packages/mathlib/.lake/build/ir/Mathlib/Algebra/MonoidAlgebra/Basic.c: OK
.lake/packages/mathlib/.lake/build/lib/lean/Mathlib/Algebra/MonoidAlgebra/Basic.olean: OK
.lake/packages/mathlib/.lake/build/ir/Mathlib/Algebra/MonoidAlgebra/Defs.c.o.export: OK
.lake/packages/mathlib/.lake/build/ir/Mathlib/Algebra/MonoidAlgebra/Defs.c: OK
.lake/packages/mathlib/.lake/build/lib/lean/Mathlib/Algebra/MonoidAlgebra/Defs.olean: OK
.lake/packages/mathlib/.lake/build/ir/Mathlib/Algebra/MonoidAlgebra/Degree.c.o.export: OK
.lake/packages/mathlib/.lake/build/ir/Mathlib/Algebra/MonoidAlgebra/Degree.c: OK
.lake/packages/mathlib/.lake/build/lib/lean/Mathlib/Algebra/MonoidAlgebra/Degree.olean: OK
.lake/packages/mathlib/.lake/build/ir/Mathlib/Algebra/MonoidAlgebra/Division.c.o.export: OK
.lake/packages/mathlib/.lake/build/ir/Mathlib/Algebra/MonoidAlgebra/Division.c: OK
.lake/packages/mathlib/.lake/build/lib/lean/Mathlib/Algebra/MonoidAlgebra/Division.olean: OK
.lake/packages/mathlib/.lake/build/ir/Mathlib/Algebra/MonoidAlgebra/Lift.c.o.export: OK
.lake/packages/mathlib/.lake/build/ir/Mathlib/Algebra/MonoidAlgebra/Lift.c: OK
.lake/packages/mathlib/.lake/build/lib/lean/Mathlib/Algebra/MonoidAlgebra/Lift.olean: OK
.lake/packages/mathlib/.lake/build/ir/Mathlib/Algebra/MonoidAlgebra/MapDomain.c.o.export: OK
.lake/packages/mathlib/.lake/build/ir/Mathlib/Algebra/MonoidAlgebra/MapDomain.c: OK
.lake/packages/mathlib/.lake/build/lib/lean/Mathlib/Algebra/MonoidAlgebra/MapDomain.olean: OK
.lake/packages/mathlib/.lake/build/ir/Mathlib/Algebra/MonoidAlgebra/Module.c.o.export: OK
.lake/packages/mathlib/.lake/build/ir/Mathlib/Algebra/MonoidAlgebra/Module.c: OK
.lake/packages/mathlib/.lake/build/lib/lean/Mathlib/Algebra/MonoidAlgebra/Module.olean: OK
.lake/packages/mathlib/.lake/build/ir/Mathlib/Algebra/MonoidAlgebra/NoZeroDivisors.c.o.export: OK
.lake/packages/mathlib/.lake/build/ir/Mathlib/Algebra/MonoidAlgebra/NoZeroDivisors.c: OK
.lake/packages/mathlib/.lake/build/lib/lean/Mathlib/Algebra/MonoidAlgebra/NoZeroDivisors.olean: OK
.lake/packages/mathlib/.lake/build/ir/Mathlib/Algebra/MonoidAlgebra/Opposite.c.o.export: OK
.lake/packages/mathlib/.lake/build/ir/Mathlib/Algebra/MonoidAlgebra/Opposite.c: OK
.lake/packages/mathlib/.lake/build/lib/lean/Mathlib/Algebra/MonoidAlgebra/Opposite.olean: OK
.lake/packages/mathlib/.lake/build/ir/Mathlib/Algebra/MonoidAlgebra/Support.c.o.export: OK
.lake/packages/mathlib/.lake/build/ir/Mathlib/Algebra/MonoidAlgebra/Support.c: OK
.lake/packages/mathlib/.lake/build/lib/lean/Mathlib/Algebra/MonoidAlgebra/Support.olean: OK
.lake/packages/mathlib/.lake/build/ir/Mathlib/Algebra/MvPolynomial/Basic.c.o.export: OK
.lake/packages/mathlib/.lake/build/ir/Mathlib/Algebra/MvPolynomial/Basic.c: OK
.lake/packages/mathlib/.lake/build/lib/lean/Mathlib/Algebra/MvPolynomial/Basic.olean: OK
.lake/packages/mathlib/.lake/build/ir/Mathlib/Algebra/MvPolynomial/CommRing.c.o.export: OK
.lake/packages/mathlib/.lake/build/ir/Mathlib/Algebra/MvPolynomial/CommRing.c: OK
.lake/packages/mathlib/.lake/build/lib/lean/Mathlib/Algebra/MvPolynomial/CommRing.olean: OK
.lake/packages/mathlib/.lake/build/ir/Mathlib/Algebra/MvPolynomial/Degrees.c.o.export: OK
.lake/packages/mathlib/.lake/build/ir/Mathlib/Algebra/MvPolynomial/Degrees.c: OK
.lake/packages/mathlib/.lake/build/lib/lean/Mathlib/Algebra/MvPolynomial/Degrees.olean: OK
.lake/packages/mathlib/.lake/build/ir/Mathlib/Algebra/MvPolynomial/Equiv.c.o.export: OK
.lake/packages/mathlib/.lake/build/ir/Mathlib/Algebra/MvPolynomial/Equiv.c: OK
.lake/packages/mathlib/.lake/build/lib/lean/Mathlib/Algebra/MvPolynomial/Equiv.olean: OK
.lake/packages/mathlib/.lake/build/ir/Mathlib/Algebra/MvPolynomial/Eval.c.o.export: OK
.lake/packages/mathlib/.lake/build/ir/Mathlib/Algebra/MvPolynomial/Eval.c: OK
.lake/packages/mathlib/.lake/build/lib/lean/Mathlib/Algebra/MvPolynomial/Eval.olean: OK
.lake/packages/mathlib/.lake/build/ir/Mathlib/Algebra/MvPolynomial/Monad.c.o.export: OK
.lake/packages/mathlib/.lake/build/ir/Mathlib/Algebra/MvPolynomial/Monad.c: OK
.lake/packages/mathlib/.lake/build/lib/lean/Mathlib/Algebra/MvPolynomial/Monad.olean: OK
.lake/packages/mathlib/.lake/build/ir/Mathlib/Algebra/MvPolynomial/Rename.c.o.export: OK
.lake/packages/mathlib/.lake/build/ir/Mathlib/Algebra/MvPolynomial/Rename.c: OK
.lake/packages/mathlib/.lake/build/lib/lean/Mathlib/Algebra/MvPolynomial/Rename.olean: OK
.lake/packages/mathlib/.lake/build/ir/Mathlib/Algebra/MvPolynomial/Supported.c.o.export: OK
.lake/packages/mathlib/.lake/build/ir/Mathlib/Algebra/MvPolynomial/Supported.c: OK
.lake/packages/mathlib/.lake/build/lib/lean/Mathlib/Algebra/MvPolynomial/Supported.olean: OK
.lake/packages/mathlib/.lake/build/ir/Mathlib/Algebra/MvPolynomial/Variables.c.o.export: OK
.lake/packages/mathlib/.lake/build/ir/Mathlib/Algebra/MvPolynomial/Variables.c: OK
.lake/packages/mathlib/.lake/build/lib/lean/Mathlib/Algebra/MvPolynomial/Variables.olean: OK
.lake/packages/mathlib/.lake/build/ir/Mathlib/Algebra/NeZero.c.o.export: OK
.lake/packages/mathlib/.lake/build/ir/Mathlib/Algebra/NeZero.c: OK
.lake/packages/mathlib/.lake/build/lib/lean/Mathlib/Algebra/NeZero.olean: OK
.lake/packages/mathlib/.lake/build/ir/Mathlib/Algebra/NoZeroSMulDivisors/Basic.c.o.export: OK
.lake/packages/mathlib/.lake/build/ir/Mathlib/Algebra/NoZeroSMulDivisors/Basic.c: OK
.lake/packages/mathlib/.lake/build/lib/lean/Mathlib/Algebra/NoZeroSMulDivisors/Basic.olean: OK
.lake/packages/mathlib/.lake/build/ir/Mathlib/Algebra/NoZeroSMulDivisors/Defs.c.o.export: OK
.lake/packages/mathlib/.lake/build/ir/Mathlib/Algebra/NoZeroSMulDivisors/Defs.c: OK
.lake/packages/mathlib/.lake/build/lib/lean/Mathlib/Algebra/NoZeroSMulDivisors/Defs.olean: OK
.lake/packages/mathlib/.lake/build/ir/Mathlib/Algebra/Notation.c.o.export: OK
.lake/packages/mathlib/.lake/build/ir/Mathlib/Algebra/Notation.c: OK
.lake/packages/mathlib/.lake/build/lib/lean/Mathlib/Algebra/Notation.olean: OK
.lake/packages/mathlib/.lake/build/ir/Mathlib/Algebra/Notation/Defs.c.o.export: OK
.lake/packages/mathlib/.lake/build/ir/Mathlib/Algebra/Notation/Defs.c: OK
.lake/packages/mathlib/.lake/build/lib/lean/Mathlib/Algebra/Notation/Defs.olean: OK
.lake/packages/mathlib/.lake/build/ir/Mathlib/Algebra/Notation/FiniteSupport.c.o.export: OK
.lake/packages/mathlib/.lake/build/ir/Mathlib/Algebra/Notation/FiniteSupport.c: OK
.lake/packages/mathlib/.lake/build/lib/lean/Mathlib/Algebra/Notation/FiniteSupport.olean: OK
.lake/packages/mathlib/.lake/build/ir/Mathlib/Algebra/Notation/Indicator.c.o.export: OK
.lake/packages/mathlib/.lake/build/ir/Mathlib/Algebra/Notation/Indicator.c: OK
.lake/packages/mathlib/.lake/build/lib/lean/Mathlib/Algebra/Notation/Indicator.olean: OK
.lake/packages/mathlib/.lake/build/ir/Mathlib/Algebra/Notation/Lemmas.c.o.export: OK
.lake/packages/mathlib/.lake/build/ir/Mathlib/Algebra/Notation/Lemmas.c: OK
.lake/packages/mathlib/.lake/build/lib/lean/Mathlib/Algebra/Notation/Lemmas.olean: OK
.lake/packages/mathlib/.lake/build/ir/Mathlib/Algebra/Notation/Pi/Basic.c.o.export: OK
.lake/packages/mathlib/.lake/build/ir/Mathlib/Algebra/Notation/Pi/Basic.c: OK
.lake/packages/mathlib/.lake/build/lib/lean/Mathlib/Algebra/Notation/Pi/Basic.olean: OK
.lake/packages/mathlib/.lake/build/ir/Mathlib/Algebra/Notation/Pi/Defs.c.o.export: OK
.lake/packages/mathlib/.lake/build/ir/Mathlib/Algebra/Notation/Pi/Defs.c: OK
.lake/packages/mathlib/.lake/build/lib/lean/Mathlib/Algebra/Notation/Pi/Defs.olean: OK
.lake/packages/mathlib/.lake/build/ir/Mathlib/Algebra/Notation/Prod.c.o.export: OK
.lake/packages/mathlib/.lake/build/ir/Mathlib/Algebra/Notation/Prod.c: OK
.lake/packages/mathlib/.lake/build/lib/lean/Mathlib/Algebra/Notation/Prod.olean: OK
.lake/packages/mathlib/.lake/build/ir/Mathlib/Algebra/Notation/Support.c.o.export: OK
.lake/packages/mathlib/.lake/build/ir/Mathlib/Algebra/Notation/Support.c: OK
.lake/packages/mathlib/.lake/build/lib/lean/Mathlib/Algebra/Notation/Support.olean: OK
.lake/packages/mathlib/.lake/build/ir/Mathlib/Algebra/Opposites.c.o.export: OK
.lake/packages/mathlib/.lake/build/ir/Mathlib/Algebra/Opposites.c: OK
.lake/packages/mathlib/.lake/build/lib/lean/Mathlib/Algebra/Opposites.olean: OK
.lake/packages/mathlib/.lake/build/ir/Mathlib/Algebra/Order/AbsoluteValue/Basic.c.o.export: OK
.lake/packages/mathlib/.lake/build/ir/Mathlib/Algebra/Order/AbsoluteValue/Basic.c: OK
.lake/packages/mathlib/.lake/build/lib/lean/Mathlib/Algebra/Order/AbsoluteValue/Basic.olean: OK
.lake/packages/mathlib/.lake/build/ir/Mathlib/Algebra/Order/AddGroupWithTop.c.o.export: OK
.lake/packages/mathlib/.lake/build/ir/Mathlib/Algebra/Order/AddGroupWithTop.c: OK
.lake/packages/mathlib/.lake/build/lib/lean/Mathlib/Algebra/Order/AddGroupWithTop.olean: OK
.lake/packages/mathlib/.lake/build/ir/Mathlib/Algebra/Order/Algebra.c.o.export: OK
.lake/packages/mathlib/.lake/build/ir/Mathlib/Algebra/Order/Algebra.c: OK
.lake/packages/mathlib/.lake/build/lib/lean/Mathlib/Algebra/Order/Algebra.olean: OK
.lake/packages/mathlib/.lake/build/ir/Mathlib/Algebra/Order/Antidiag/Finsupp.c.o.export: OK
.lake/packages/mathlib/.lake/build/ir/Mathlib/Algebra/Order/Antidiag/Finsupp.c: OK
.lake/packages/mathlib/.lake/build/lib/lean/Mathlib/Algebra/Order/Antidiag/Finsupp.olean: OK
.lake/packages/mathlib/.lake/build/ir/Mathlib/Algebra/Order/Antidiag/Pi.c.o.export: OK
.lake/packages/mathlib/.lake/build/ir/Mathlib/Algebra/Order/Antidiag/Pi.c: OK
.lake/packages/mathlib/.lake/build/lib/lean/Mathlib/Algebra/Order/Antidiag/Pi.olean: OK
.lake/packages/mathlib/.lake/build/ir/Mathlib/Algebra/Order/Antidiag/Prod.c.o.export: OK
.lake/packages/mathlib/.lake/build/ir/Mathlib/Algebra/Order/Antidiag/Prod.c: OK
.lake/packages/mathlib/.lake/build/lib/lean/Mathlib/Algebra/Order/Antidiag/Prod.olean: OK
.lake/packages/mathlib/.lake/build/ir/Mathlib/Algebra/Order/Archimedean/Basic.c.o.export: OK
.lake/packages/mathlib/.lake/build/ir/Mathlib/Algebra/Order/Archimedean/Basic.c: OK
.lake/packages/mathlib/.lake/build/lib/lean/Mathlib/Algebra/Order/Archimedean/Basic.olean: OK
.lake/packages/mathlib/.lake/build/ir/Mathlib/Algebra/Order/Archimedean/Defs.c.o.export: OK
.lake/packages/mathlib/.lake/build/ir/Mathlib/Algebra/Order/Archimedean/Defs.c: OK
.lake/packages/mathlib/.lake/build/lib/lean/Mathlib/Algebra/Order/Archimedean/Defs.olean: OK
.lake/packages/mathlib/.lake/build/ir/Mathlib/Algebra/Order/BigOperators/Expect.c.o.export: OK
.lake/packages/mathlib/.lake/build/ir/Mathlib/Algebra/Order/BigOperators/Expect.c: OK
.lake/packages/mathlib/.lake/build/lib/lean/Mathlib/Algebra/Order/BigOperators/Expect.olean: OK
.lake/packages/mathlib/.lake/build/ir/Mathlib/Algebra/Order/BigOperators/Group/Finset.c.o.export: OK
.lake/packages/mathlib/.lake/build/ir/Mathlib/Algebra/Order/BigOperators/Group/Finset.c: OK
.lake/packages/mathlib/.lake/build/lib/lean/Mathlib/Algebra/Order/BigOperators/Group/Finset.olean: OK
.lake/packages/mathlib/.lake/build/ir/Mathlib/Algebra/Order/BigOperators/Group/List.c.o.export: OK
.lake/packages/mathlib/.lake/build/ir/Mathlib/Algebra/Order/BigOperators/Group/List.c: OK
.lake/packages/mathlib/.lake/build/lib/lean/Mathlib/Algebra/Order/BigOperators/Group/List.olean: OK
.lake/packages/mathlib/.lake/build/ir/Mathlib/Algebra/Order/BigOperators/Group/LocallyFinite.c.o.export: OK
.lake/packages/mathlib/.lake/build/ir/Mathlib/Algebra/Order/BigOperators/Group/LocallyFinite.c: OK
.lake/packages/mathlib/.lake/build/lib/lean/Mathlib/Algebra/Order/BigOperators/Group/LocallyFinite.olean: OK
.lake/packages/mathlib/.lake/build/ir/Mathlib/Algebra/Order/BigOperators/Group/Multiset.c.o.export: OK
.lake/packages/mathlib/.lake/build/ir/Mathlib/Algebra/Order/BigOperators/Group/Multiset.c: OK
.lake/packages/mathlib/.lake/build/lib/lean/Mathlib/Algebra/Order/BigOperators/Group/Multiset.olean: OK
.lake/packages/mathlib/.lake/build/ir/Mathlib/Algebra/Order/BigOperators/GroupWithZero/Finset.c.o.export: OK
.lake/packages/mathlib/.lake/build/ir/Mathlib/Algebra/Order/BigOperators/GroupWithZero/Finset.c: OK
.lake/packages/mathlib/.lake/build/lib/lean/Mathlib/Algebra/Order/BigOperators/GroupWithZero/Finset.olean: OK
.lake/packages/mathlib/.lake/build/ir/Mathlib/Algebra/Order/BigOperators/GroupWithZero/List.c.o.export: OK
.lake/packages/mathlib/.lake/build/ir/Mathlib/Algebra/Order/BigOperators/GroupWithZero/List.c: OK
.lake/packages/mathlib/.lake/build/lib/lean/Mathlib/Algebra/Order/BigOperators/GroupWithZero/List.olean: OK
.lake/packages/mathlib/.lake/build/ir/Mathlib/Algebra/Order/BigOperators/GroupWithZero/Multiset.c.o.export: OK
.lake/packages/mathlib/.lake/build/ir/Mathlib/Algebra/Order/BigOperators/GroupWithZero/Multiset.c: OK
.lake/packages/mathlib/.lake/build/lib/lean/Mathlib/Algebra/Order/BigOperators/GroupWithZero/Multiset.olean: OK
.lake/packages/mathlib/.lake/build/ir/Mathlib/Algebra/Order/BigOperators/Ring/Finset.c.o.export: OK
.lake/packages/mathlib/.lake/build/ir/Mathlib/Algebra/Order/BigOperators/Ring/Finset.c: OK
.lake/packages/mathlib/.lake/build/lib/lean/Mathlib/Algebra/Order/BigOperators/Ring/Finset.olean: OK
.lake/packages/mathlib/.lake/build/ir/Mathlib/Algebra/Order/BigOperators/Ring/List.c.o.export: OK
.lake/packages/mathlib/.lake/build/ir/Mathlib/Algebra/Order/BigOperators/Ring/List.c: OK
.lake/packages/mathlib/.lake/build/lib/lean/Mathlib/Algebra/Order/BigOperators/Ring/List.olean: OK
.lake/packages/mathlib/.lake/build/ir/Mathlib/Algebra/Order/BigOperators/Ring/Multiset.c.o.export: OK
.lake/packages/mathlib/.lake/build/ir/Mathlib/Algebra/Order/BigOperators/Ring/Multiset.c: OK
.lake/packages/mathlib/.lake/build/lib/lean/Mathlib/Algebra/Order/BigOperators/Ring/Multiset.olean: OK
.lake/packages/mathlib/.lake/build/ir/Mathlib/Algebra/Order/CauSeq/Basic.c.o.export: OK
.lake/packages/mathlib/.lake/build/ir/Mathlib/Algebra/Order/CauSeq/Basic.c: OK
.lake/packages/mathlib/.lake/build/lib/lean/Mathlib/Algebra/Order/CauSeq/Basic.olean: OK
.lake/packages/mathlib/.lake/build/ir/Mathlib/Algebra/Order/CauSeq/BigOperators.c.o.export: OK
.lake/packages/mathlib/.lake/build/ir/Mathlib/Algebra/Order/CauSeq/BigOperators.c: OK
.lake/packages/mathlib/.lake/build/lib/lean/Mathlib/Algebra/Order/CauSeq/BigOperators.olean: OK
.lake/packages/mathlib/.lake/build/ir/Mathlib/Algebra/Order/CauSeq/Completion.c.o.export: OK
.lake/packages/mathlib/.lake/build/ir/Mathlib/Algebra/Order/CauSeq/Completion.c: OK
.lake/packages/mathlib/.lake/build/lib/lean/Mathlib/Algebra/Order/CauSeq/Completion.olean: OK
.lake/packages/mathlib/.lake/build/ir/Mathlib/Algebra/Order/Field/Basic.c.o.export: OK
.lake/packages/mathlib/.lake/build/ir/Mathlib/Algebra/Order/Field/Basic.c: OK
.lake/packages/mathlib/.lake/build/lib/lean/Mathlib/Algebra/Order/Field/Basic.olean: OK
.lake/packages/mathlib/.lake/build/ir/Mathlib/Algebra/Order/Field/Canonical.c.o.export: OK
.lake/packages/mathlib/.lake/build/ir/Mathlib/Algebra/Order/Field/Canonical.c: OK
.lake/packages/mathlib/.lake/build/lib/lean/Mathlib/Algebra/Order/Field/Canonical.olean: OK
.lake/packages/mathlib/.lake/build/ir/Mathlib/Algebra/Order/Field/Power.c.o.export: OK
.lake/packages/mathlib/.lake/build/ir/Mathlib/Algebra/Order/Field/Power.c: OK
.lake/packages/mathlib/.lake/build/lib/lean/Mathlib/Algebra/Order/Field/Power.olean: OK
.lake/packages/mathlib/.lake/build/ir/Mathlib/Algebra/Order/Field/Rat.c.o.export: OK
.lake/packages/mathlib/.lake/build/ir/Mathlib/Algebra/Order/Field/Rat.c: OK
.lake/packages/mathlib/.lake/build/lib/lean/Mathlib/Algebra/Order/Field/Rat.olean: OK
.lake/packages/mathlib/.lake/build/ir/Mathlib/Algebra/Order/Floor/Defs.c.o.export: OK
.lake/packages/mathlib/.lake/build/ir/Mathlib/Algebra/Order/Floor/Defs.c: OK
.lake/packages/mathlib/.lake/build/lib/lean/Mathlib/Algebra/Order/Floor/Defs.olean: OK
.lake/packages/mathlib/.lake/build/ir/Mathlib/Algebra/Order/Floor/Ring.c.o.export: OK
.lake/packages/mathlib/.lake/build/ir/Mathlib/Algebra/Order/Floor/Ring.c: OK
.lake/packages/mathlib/.lake/build/lib/lean/Mathlib/Algebra/Order/Floor/Ring.olean: OK
.lake/packages/mathlib/.lake/build/ir/Mathlib/Algebra/Order/Floor/Semiring.c.o.export: OK
.lake/packages/mathlib/.lake/build/ir/Mathlib/Algebra/Order/Floor/Semiring.c: OK
.lake/packages/mathlib/.lake/build/lib/lean/Mathlib/Algebra/Order/Floor/Semiring.olean: OK
.lake/packages/mathlib/.lake/build/ir/Mathlib/Algebra/Order/Group/Abs.c.o.export: OK
.lake/packages/mathlib/.lake/build/ir/Mathlib/Algebra/Order/Group/Abs.c: OK
.lake/packages/mathlib/.lake/build/lib/lean/Mathlib/Algebra/Order/Group/Abs.olean: OK
.lake/packages/mathlib/.lake/build/ir/Mathlib/Algebra/Order/Group/Action.c.o.export: OK
.lake/packages/mathlib/.lake/build/ir/Mathlib/Algebra/Order/Group/Action.c: OK
.lake/packages/mathlib/.lake/build/lib/lean/Mathlib/Algebra/Order/Group/Action.olean: OK
.lake/packages/mathlib/.lake/build/ir/Mathlib/Algebra/Order/Group/Action/Synonym.c.o.export: OK
.lake/packages/mathlib/.lake/build/ir/Mathlib/Algebra/Order/Group/Action/Synonym.c: OK
.lake/packages/mathlib/.lake/build/lib/lean/Mathlib/Algebra/Order/Group/Action/Synonym.olean: OK
.lake/packages/mathlib/.lake/build/ir/Mathlib/Algebra/Order/Group/Basic.c.o.export: OK
.lake/packages/mathlib/.lake/build/ir/Mathlib/Algebra/Order/Group/Basic.c: OK
.lake/packages/mathlib/.lake/build/lib/lean/Mathlib/Algebra/Order/Group/Basic.olean: OK
.lake/packages/mathlib/.lake/build/ir/Mathlib/Algebra/Order/Group/Defs.c.o.export: OK
.lake/packages/mathlib/.lake/build/ir/Mathlib/Algebra/Order/Group/Defs.c: OK
.lake/packages/mathlib/.lake/build/lib/lean/Mathlib/Algebra/Order/Group/Defs.olean: OK
.lake/packages/mathlib/.lake/build/ir/Mathlib/Algebra/Order/Group/Finset.c.o.export: OK
.lake/packages/mathlib/.lake/build/ir/Mathlib/Algebra/Order/Group/Finset.c: OK
.lake/packages/mathlib/.lake/build/lib/lean/Mathlib/Algebra/Order/Group/Finset.olean: OK
.lake/packages/mathlib/.lake/build/ir/Mathlib/Algebra/Order/Group/Indicator.c.o.export: OK
.lake/packages/mathlib/.lake/build/ir/Mathlib/Algebra/Order/Group/Indicator.c: OK
.lake/packages/mathlib/.lake/build/lib/lean/Mathlib/Algebra/Order/Group/Indicator.olean: OK
.lake/packages/mathlib/.lake/build/ir/Mathlib/Algebra/Order/Group/Int.c.o.export: OK
.lake/packages/mathlib/.lake/build/ir/Mathlib/Algebra/Order/Group/Int.c: OK
.lake/packages/mathlib/.lake/build/lib/lean/Mathlib/Algebra/Order/Group/Int.olean: OK
.lake/packages/mathlib/.lake/build/ir/Mathlib/Algebra/Order/Group/Lattice.c.o.export: OK
.lake/packages/mathlib/.lake/build/ir/Mathlib/Algebra/Order/Group/Lattice.c: OK
.lake/packages/mathlib/.lake/build/lib/lean/Mathlib/Algebra/Order/Group/Lattice.olean: OK
.lake/packages/mathlib/.lake/build/ir/Mathlib/Algebra/Order/Group/MinMax.c.o.export: OK
.lake/packages/mathlib/.lake/build/ir/Mathlib/Algebra/Order/Group/MinMax.c: OK
.lake/packages/mathlib/.lake/build/lib/lean/Mathlib/Algebra/Order/Group/MinMax.olean: OK
.lake/packages/mathlib/.lake/build/ir/Mathlib/Algebra/Order/Group/Multiset.c.o.export: OK
.lake/packages/mathlib/.lake/build/ir/Mathlib/Algebra/Order/Group/Multiset.c: OK
.lake/packages/mathlib/.lake/build/lib/lean/Mathlib/Algebra/Order/Group/Multiset.olean: OK
.lake/packages/mathlib/.lake/build/ir/Mathlib/Algebra/Order/Group/Nat.c.o.export: OK
.lake/packages/mathlib/.lake/build/ir/Mathlib/Algebra/Order/Group/Nat.c: OK
.lake/packages/mathlib/.lake/build/lib/lean/Mathlib/Algebra/Order/Group/Nat.olean: OK
.lake/packages/mathlib/.lake/build/ir/Mathlib/Algebra/Order/Group/Opposite.c.o.export: OK
.lake/packages/mathlib/.lake/build/ir/Mathlib/Algebra/Order/Group/Opposite.c: OK
.lake/packages/mathlib/.lake/build/lib/lean/Mathlib/Algebra/Order/Group/Opposite.olean: OK
.lake/packages/mathlib/.lake/build/ir/Mathlib/Algebra/Order/Group/OrderIso.c.o.export: OK
.lake/packages/mathlib/.lake/build/ir/Mathlib/Algebra/Order/Group/OrderIso.c: OK
.lake/packages/mathlib/.lake/build/lib/lean/Mathlib/Algebra/Order/Group/OrderIso.olean: OK
.lake/packages/mathlib/.lake/build/ir/Mathlib/Algebra/Order/Group/PiLex.c.o.export: OK
.lake/packages/mathlib/.lake/build/ir/Mathlib/Algebra/Order/Group/PiLex.c: OK
.lake/packages/mathlib/.lake/build/lib/lean/Mathlib/Algebra/Order/Group/PiLex.olean: OK
.lake/packages/mathlib/.lake/build/ir/Mathlib/Algebra/Order/Group/Pointwise/Bounds.c.o.export: OK
.lake/packages/mathlib/.lake/build/ir/Mathlib/Algebra/Order/Group/Pointwise/Bounds.c: OK
.lake/packages/mathlib/.lake/build/lib/lean/Mathlib/Algebra/Order/Group/Pointwise/Bounds.olean: OK
.lake/packages/mathlib/.lake/build/ir/Mathlib/Algebra/Order/Group/Pointwise/CompleteLattice.c.o.export: OK
.lake/packages/mathlib/.lake/build/ir/Mathlib/Algebra/Order/Group/Pointwise/CompleteLattice.c: OK
.lake/packages/mathlib/.lake/build/lib/lean/Mathlib/Algebra/Order/Group/Pointwise/CompleteLattice.olean: OK
.lake/packages/mathlib/.lake/build/ir/Mathlib/Algebra/Order/Group/Pointwise/Interval.c.o.export: OK
.lake/packages/mathlib/.lake/build/ir/Mathlib/Algebra/Order/Group/Pointwise/Interval.c: OK
.lake/packages/mathlib/.lake/build/lib/lean/Mathlib/Algebra/Order/Group/Pointwise/Interval.olean: OK
.lake/packages/mathlib/.lake/build/ir/Mathlib/Algebra/Order/Group/PosPart.c.o.export: OK
.lake/packages/mathlib/.lake/build/ir/Mathlib/Algebra/Order/Group/PosPart.c: OK
.lake/packages/mathlib/.lake/build/lib/lean/Mathlib/Algebra/Order/Group/PosPart.olean: OK
.lake/packages/mathlib/.lake/build/ir/Mathlib/Algebra/Order/Group/Synonym.c.o.export: OK
.lake/packages/mathlib/.lake/build/ir/Mathlib/Algebra/Order/Group/Synonym.c: OK
.lake/packages/mathlib/.lake/build/lib/lean/Mathlib/Algebra/Order/Group/Synonym.olean: OK
.lake/packages/mathlib/.lake/build/ir/Mathlib/Algebra/Order/Group/Unbundled/Abs.c.o.export: OK
.lake/packages/mathlib/.lake/build/ir/Mathlib/Algebra/Order/Group/Unbundled/Abs.c: OK
.lake/packages/mathlib/.lake/build/lib/lean/Mathlib/Algebra/Order/Group/Unbundled/Abs.olean: OK
.lake/packages/mathlib/.lake/build/ir/Mathlib/Algebra/Order/Group/Unbundled/Basic.c.o.export: OK
.lake/packages/mathlib/.lake/build/ir/Mathlib/Algebra/Order/Group/Unbundled/Basic.c: OK
.lake/packages/mathlib/.lake/build/lib/lean/Mathlib/Algebra/Order/Group/Unbundled/Basic.olean: OK
.lake/packages/mathlib/.lake/build/ir/Mathlib/Algebra/Order/Group/Unbundled/Int.c.o.export: OK
.lake/packages/mathlib/.lake/build/ir/Mathlib/Algebra/Order/Group/Unbundled/Int.c: OK
.lake/packages/mathlib/.lake/build/lib/lean/Mathlib/Algebra/Order/Group/Unbundled/Int.olean: OK
.lake/packages/mathlib/.lake/build/ir/Mathlib/Algebra/Order/Group/Units.c.o.export: OK
.lake/packages/mathlib/.lake/build/ir/Mathlib/Algebra/Order/Group/Units.c: OK
.lake/packages/mathlib/.lake/build/lib/lean/Mathlib/Algebra/Order/Group/Units.olean: OK
.lake/packages/mathlib/.lake/build/ir/Mathlib/Algebra/Order/GroupWithZero/Action/Synonym.c.o.export: OK
.lake/packages/mathlib/.lake/build/ir/Mathlib/Algebra/Order/GroupWithZero/Action/Synonym.c: OK
.lake/packages/mathlib/.lake/build/lib/lean/Mathlib/Algebra/Order/GroupWithZero/Action/Synonym.olean: OK
.lake/packages/mathlib/.lake/build/ir/Mathlib/Algebra/Order/GroupWithZero/Canonical.c.o.export: OK
.lake/packages/mathlib/.lake/build/ir/Mathlib/Algebra/Order/GroupWithZero/Canonical.c: OK
.lake/packages/mathlib/.lake/build/lib/lean/Mathlib/Algebra/Order/GroupWithZero/Canonical.olean: OK
.lake/packages/mathlib/.lake/build/ir/Mathlib/Algebra/Order/GroupWithZero/Finset.c.o.export: OK
.lake/packages/mathlib/.lake/build/ir/Mathlib/Algebra/Order/GroupWithZero/Finset.c: OK
.lake/packages/mathlib/.lake/build/lib/lean/Mathlib/Algebra/Order/GroupWithZero/Finset.olean: OK
.lake/packages/mathlib/.lake/build/ir/Mathlib/Algebra/Order/GroupWithZero/Range.c.o.export: OK
.lake/packages/mathlib/.lake/build/ir/Mathlib/Algebra/Order/GroupWithZero/Range.c: OK
.lake/packages/mathlib/.lake/build/lib/lean/Mathlib/Algebra/Order/GroupWithZero/Range.olean: OK
.lake/packages/mathlib/.lake/build/ir/Mathlib/Algebra/Order/GroupWithZero/Submonoid.c.o.export: OK
.lake/packages/mathlib/.lake/build/ir/Mathlib/Algebra/Order/GroupWithZero/Submonoid.c: OK
.lake/packages/mathlib/.lake/build/lib/lean/Mathlib/Algebra/Order/GroupWithZero/Submonoid.olean: OK
.lake/packages/mathlib/.lake/build/ir/Mathlib/Algebra/Order/GroupWithZero/Synonym.c.o.export: OK
.lake/packages/mathlib/.lake/build/ir/Mathlib/Algebra/Order/GroupWithZero/Synonym.c: OK
.lake/packages/mathlib/.lake/build/lib/lean/Mathlib/Algebra/Order/GroupWithZero/Synonym.olean: OK
.lake/packages/mathlib/.lake/build/ir/Mathlib/Algebra/Order/GroupWithZero/Unbundled/Basic.c.o.export: OK
.lake/packages/mathlib/.lake/build/ir/Mathlib/Algebra/Order/GroupWithZero/Unbundled/Basic.c: OK
.lake/packages/mathlib/.lake/build/lib/lean/Mathlib/Algebra/Order/GroupWithZero/Unbundled/Basic.olean: OK
.lake/packages/mathlib/.lake/build/ir/Mathlib/Algebra/Order/GroupWithZero/Unbundled/Defs.c.o.export: OK
.lake/packages/mathlib/.lake/build/ir/Mathlib/Algebra/Order/GroupWithZero/Unbundled/Defs.c: OK
.lake/packages/mathlib/.lake/build/lib/lean/Mathlib/Algebra/Order/GroupWithZero/Unbundled/Defs.olean: OK
.lake/packages/mathlib/.lake/build/ir/Mathlib/Algebra/Order/GroupWithZero/Unbundled/OrderIso.c.o.export: OK
.lake/packages/mathlib/.lake/build/ir/Mathlib/Algebra/Order/GroupWithZero/Unbundled/OrderIso.c: OK
.lake/packages/mathlib/.lake/build/lib/lean/Mathlib/Algebra/Order/GroupWithZero/Unbundled/OrderIso.olean: OK
.lake/packages/mathlib/.lake/build/ir/Mathlib/Algebra/Order/GroupWithZero/WithZero.c.o.export: OK
.lake/packages/mathlib/.lake/build/ir/Mathlib/Algebra/Order/GroupWithZero/WithZero.c: OK
.lake/packages/mathlib/.lake/build/lib/lean/Mathlib/Algebra/Order/GroupWithZero/WithZero.olean: OK
.lake/packages/mathlib/.lake/build/ir/Mathlib/Algebra/Order/Hom/Basic.c.o.export: OK
.lake/packages/mathlib/.lake/build/ir/Mathlib/Algebra/Order/Hom/Basic.c: OK
.lake/packages/mathlib/.lake/build/lib/lean/Mathlib/Algebra/Order/Hom/Basic.olean: OK
.lake/packages/mathlib/.lake/build/ir/Mathlib/Algebra/Order/Hom/Monoid.c.o.export: OK
.lake/packages/mathlib/.lake/build/ir/Mathlib/Algebra/Order/Hom/Monoid.c: OK
.lake/packages/mathlib/.lake/build/lib/lean/Mathlib/Algebra/Order/Hom/Monoid.olean: OK
.lake/packages/mathlib/.lake/build/ir/Mathlib/Algebra/Order/Hom/MonoidWithZero.c.o.export: OK
.lake/packages/mathlib/.lake/build/ir/Mathlib/Algebra/Order/Hom/MonoidWithZero.c: OK
.lake/packages/mathlib/.lake/build/lib/lean/Mathlib/Algebra/Order/Hom/MonoidWithZero.olean: OK
.lake/packages/mathlib/.lake/build/ir/Mathlib/Algebra/Order/Hom/Ring.c.o.export: OK
.lake/packages/mathlib/.lake/build/ir/Mathlib/Algebra/Order/Hom/Ring.c: OK
.lake/packages/mathlib/.lake/build/lib/lean/Mathlib/Algebra/Order/Hom/Ring.olean: OK
.lake/packages/mathlib/.lake/build/ir/Mathlib/Algebra/Order/Hom/TypeTags.c.o.export: OK
.lake/packages/mathlib/.lake/build/ir/Mathlib/Algebra/Order/Hom/TypeTags.c: OK
.lake/packages/mathlib/.lake/build/lib/lean/Mathlib/Algebra/Order/Hom/TypeTags.olean: OK
.lake/packages/mathlib/.lake/build/ir/Mathlib/Algebra/Order/Interval/Finset/Basic.c.o.export: OK
.lake/packages/mathlib/.lake/build/ir/Mathlib/Algebra/Order/Interval/Finset/Basic.c: OK
.lake/packages/mathlib/.lake/build/lib/lean/Mathlib/Algebra/Order/Interval/Finset/Basic.olean: OK
.lake/packages/mathlib/.lake/build/ir/Mathlib/Algebra/Order/Interval/Finset/SuccPred.c.o.export: OK
.lake/packages/mathlib/.lake/build/ir/Mathlib/Algebra/Order/Interval/Finset/SuccPred.c: OK
.lake/packages/mathlib/.lake/build/lib/lean/Mathlib/Algebra/Order/Interval/Finset/SuccPred.olean: OK
.lake/packages/mathlib/.lake/build/ir/Mathlib/Algebra/Order/Interval/Set/Group.c.o.export: OK
.lake/packages/mathlib/.lake/build/ir/Mathlib/Algebra/Order/Interval/Set/Group.c: OK
.lake/packages/mathlib/.lake/build/lib/lean/Mathlib/Algebra/Order/Interval/Set/Group.olean: OK
.lake/packages/mathlib/.lake/build/ir/Mathlib/Algebra/Order/Interval/Set/Instances.c.o.export: OK
.lake/packages/mathlib/.lake/build/ir/Mathlib/Algebra/Order/Interval/Set/Instances.c: OK
.lake/packages/mathlib/.lake/build/lib/lean/Mathlib/Algebra/Order/Interval/Set/Instances.olean: OK
.lake/packages/mathlib/.lake/build/ir/Mathlib/Algebra/Order/Interval/Set/Monoid.c.o.export: OK
.lake/packages/mathlib/.lake/build/ir/Mathlib/Algebra/Order/Interval/Set/Monoid.c: OK
.lake/packages/mathlib/.lake/build/lib/lean/Mathlib/Algebra/Order/Interval/Set/Monoid.olean: OK
.lake/packages/mathlib/.lake/build/ir/Mathlib/Algebra/Order/Invertible.c.o.export: OK
.lake/packages/mathlib/.lake/build/ir/Mathlib/Algebra/Order/Invertible.c: OK
.lake/packages/mathlib/.lake/build/lib/lean/Mathlib/Algebra/Order/Invertible.olean: OK
.lake/packages/mathlib/.lake/build/ir/Mathlib/Algebra/Order/IsBotOne.c.o.export: OK
.lake/packages/mathlib/.lake/build/ir/Mathlib/Algebra/Order/IsBotOne.c: OK
.lake/packages/mathlib/.lake/build/lib/lean/Mathlib/Algebra/Order/IsBotOne.olean: OK
.lake/packages/mathlib/.lake/build/ir/Mathlib/Algebra/Order/Kleene.c.o.export: OK
.lake/packages/mathlib/.lake/build/ir/Mathlib/Algebra/Order/Kleene.c: OK
.lake/packages/mathlib/.lake/build/lib/lean/Mathlib/Algebra/Order/Kleene.olean: OK
.lake/packages/mathlib/.lake/build/ir/Mathlib/Algebra/Order/Module/Defs.c.o.export: OK
.lake/packages/mathlib/.lake/build/ir/Mathlib/Algebra/Order/Module/Defs.c: OK
.lake/packages/mathlib/.lake/build/lib/lean/Mathlib/Algebra/Order/Module/Defs.olean: OK
.lake/packages/mathlib/.lake/build/ir/Mathlib/Algebra/Order/Module/Field.c.o.export: OK
.lake/packages/mathlib/.lake/build/ir/Mathlib/Algebra/Order/Module/Field.c: OK
.lake/packages/mathlib/.lake/build/lib/lean/Mathlib/Algebra/Order/Module/Field.olean: OK
.lake/packages/mathlib/.lake/build/ir/Mathlib/Algebra/Order/Module/Pointwise.c.o.export: OK
.lake/packages/mathlib/.lake/build/ir/Mathlib/Algebra/Order/Module/Pointwise.c: OK
.lake/packages/mathlib/.lake/build/lib/lean/Mathlib/Algebra/Order/Module/Pointwise.olean: OK
.lake/packages/mathlib/.lake/build/ir/Mathlib/Algebra/Order/Module/Rat.c.o.export: OK
.lake/packages/mathlib/.lake/build/ir/Mathlib/Algebra/Order/Module/Rat.c: OK
.lake/packages/mathlib/.lake/build/lib/lean/Mathlib/Algebra/Order/Module/Rat.olean: OK
.lake/packages/mathlib/.lake/build/ir/Mathlib/Algebra/Order/Module/Synonym.c.o.export: OK
.lake/packages/mathlib/.lake/build/ir/Mathlib/Algebra/Order/Module/Synonym.c: OK
.lake/packages/mathlib/.lake/build/lib/lean/Mathlib/Algebra/Order/Module/Synonym.olean: OK
.lake/packages/mathlib/.lake/build/ir/Mathlib/Algebra/Order/Monoid/Basic.c.o.export: OK
.lake/packages/mathlib/.lake/build/ir/Mathlib/Algebra/Order/Monoid/Basic.c: OK
.lake/packages/mathlib/.lake/build/lib/lean/Mathlib/Algebra/Order/Monoid/Basic.olean: OK
.lake/packages/mathlib/.lake/build/ir/Mathlib/Algebra/Order/Monoid/Canonical/Defs.c.o.export: OK
.lake/packages/mathlib/.lake/build/ir/Mathlib/Algebra/Order/Monoid/Canonical/Defs.c: OK
.lake/packages/mathlib/.lake/build/lib/lean/Mathlib/Algebra/Order/Monoid/Canonical/Defs.olean: OK
.lake/packages/mathlib/.lake/build/ir/Mathlib/Algebra/Order/Monoid/Defs.c.o.export: OK
.lake/packages/mathlib/.lake/build/ir/Mathlib/Algebra/Order/Monoid/Defs.c: OK
.lake/packages/mathlib/.lake/build/lib/lean/Mathlib/Algebra/Order/Monoid/Defs.olean: OK
.lake/packages/mathlib/.lake/build/ir/Mathlib/Algebra/Order/Monoid/NatCast.c.o.export: OK
.lake/packages/mathlib/.lake/build/ir/Mathlib/Algebra/Order/Monoid/NatCast.c: OK
.lake/packages/mathlib/.lake/build/lib/lean/Mathlib/Algebra/Order/Monoid/NatCast.olean: OK
.lake/packages/mathlib/.lake/build/ir/Mathlib/Algebra/Order/Monoid/OrderDual.c.o.export: OK
.lake/packages/mathlib/.lake/build/ir/Mathlib/Algebra/Order/Monoid/OrderDual.c: OK
.lake/packages/mathlib/.lake/build/lib/lean/Mathlib/Algebra/Order/Monoid/OrderDual.olean: OK
.lake/packages/mathlib/.lake/build/ir/Mathlib/Algebra/Order/Monoid/TypeTags.c.o.export: OK
.lake/packages/mathlib/.lake/build/ir/Mathlib/Algebra/Order/Monoid/TypeTags.c: OK
.lake/packages/mathlib/.lake/build/lib/lean/Mathlib/Algebra/Order/Monoid/TypeTags.olean: OK
.lake/packages/mathlib/.lake/build/ir/Mathlib/Algebra/Order/Monoid/Unbundled/Basic.c.o.export: OK
.lake/packages/mathlib/.lake/build/ir/Mathlib/Algebra/Order/Monoid/Unbundled/Basic.c: OK
.lake/packages/mathlib/.lake/build/lib/lean/Mathlib/Algebra/Order/Monoid/Unbundled/Basic.olean: OK
.lake/packages/mathlib/.lake/build/ir/Mathlib/Algebra/Order/Monoid/Unbundled/Defs.c.o.export: OK
.lake/packages/mathlib/.lake/build/ir/Mathlib/Algebra/Order/Monoid/Unbundled/Defs.c: OK
.lake/packages/mathlib/.lake/build/lib/lean/Mathlib/Algebra/Order/Monoid/Unbundled/Defs.olean: OK
.lake/packages/mathlib/.lake/build/ir/Mathlib/Algebra/Order/Monoid/Unbundled/ExistsOfLE.c.o.export: OK
.lake/packages/mathlib/.lake/build/ir/Mathlib/Algebra/Order/Monoid/Unbundled/ExistsOfLE.c: OK
.lake/packages/mathlib/.lake/build/lib/lean/Mathlib/Algebra/Order/Monoid/Unbundled/ExistsOfLE.olean: OK
.lake/packages/mathlib/.lake/build/ir/Mathlib/Algebra/Order/Monoid/Unbundled/MinMax.c.o.export: OK
.lake/packages/mathlib/.lake/build/ir/Mathlib/Algebra/Order/Monoid/Unbundled/MinMax.c: OK
.lake/packages/mathlib/.lake/build/lib/lean/Mathlib/Algebra/Order/Monoid/Unbundled/MinMax.olean: OK
.lake/packages/mathlib/.lake/build/ir/Mathlib/Algebra/Order/Monoid/Unbundled/OrderDual.c.o.export: OK
.lake/packages/mathlib/.lake/build/ir/Mathlib/Algebra/Order/Monoid/Unbundled/OrderDual.c: OK
.lake/packages/mathlib/.lake/build/lib/lean/Mathlib/Algebra/Order/Monoid/Unbundled/OrderDual.olean: OK
.lake/packages/mathlib/.lake/build/ir/Mathlib/Algebra/Order/Monoid/Unbundled/Pow.c.o.export: OK
.lake/packages/mathlib/.lake/build/ir/Mathlib/Algebra/Order/Monoid/Unbundled/Pow.c: OK
.lake/packages/mathlib/.lake/build/lib/lean/Mathlib/Algebra/Order/Monoid/Unbundled/Pow.olean: OK
.lake/packages/mathlib/.lake/build/ir/Mathlib/Algebra/Order/Monoid/Unbundled/TypeTags.c.o.export: OK
.lake/packages/mathlib/.lake/build/ir/Mathlib/Algebra/Order/Monoid/Unbundled/TypeTags.c: OK
.lake/packages/mathlib/.lake/build/lib/lean/Mathlib/Algebra/Order/Monoid/Unbundled/TypeTags.olean: OK
.lake/packages/mathlib/.lake/build/ir/Mathlib/Algebra/Order/Monoid/Unbundled/WithTop.c.o.export: OK
.lake/packages/mathlib/.lake/build/ir/Mathlib/Algebra/Order/Monoid/Unbundled/WithTop.c: OK
.lake/packages/mathlib/.lake/build/lib/lean/Mathlib/Algebra/Order/Monoid/Unbundled/WithTop.olean: OK
.lake/packages/mathlib/.lake/build/ir/Mathlib/Algebra/Order/Monoid/Units.c.o.export: OK
.lake/packages/mathlib/.lake/build/ir/Mathlib/Algebra/Order/Monoid/Units.c: OK
.lake/packages/mathlib/.lake/build/lib/lean/Mathlib/Algebra/Order/Monoid/Units.olean: OK
.lake/packages/mathlib/.lake/build/ir/Mathlib/Algebra/Order/Monoid/WithTop.c.o.export: OK
.lake/packages/mathlib/.lake/build/ir/Mathlib/Algebra/Order/Monoid/WithTop.c: OK
.lake/packages/mathlib/.lake/build/lib/lean/Mathlib/Algebra/Order/Monoid/WithTop.olean: OK
.lake/packages/mathlib/.lake/build/ir/Mathlib/Algebra/Order/Nonneg/Basic.c.o.export: OK
.lake/packages/mathlib/.lake/build/ir/Mathlib/Algebra/Order/Nonneg/Basic.c: OK
.lake/packages/mathlib/.lake/build/lib/lean/Mathlib/Algebra/Order/Nonneg/Basic.olean: OK
.lake/packages/mathlib/.lake/build/ir/Mathlib/Algebra/Order/Nonneg/Field.c.o.export: OK
.lake/packages/mathlib/.lake/build/ir/Mathlib/Algebra/Order/Nonneg/Field.c: OK
.lake/packages/mathlib/.lake/build/lib/lean/Mathlib/Algebra/Order/Nonneg/Field.olean: OK
.lake/packages/mathlib/.lake/build/ir/Mathlib/Algebra/Order/Nonneg/Floor.c.o.export: OK
.lake/packages/mathlib/.lake/build/ir/Mathlib/Algebra/Order/Nonneg/Floor.c: OK
.lake/packages/mathlib/.lake/build/lib/lean/Mathlib/Algebra/Order/Nonneg/Floor.olean: OK
.lake/packages/mathlib/.lake/build/ir/Mathlib/Algebra/Order/Nonneg/Lattice.c.o.export: OK
.lake/packages/mathlib/.lake/build/ir/Mathlib/Algebra/Order/Nonneg/Lattice.c: OK
.lake/packages/mathlib/.lake/build/lib/lean/Mathlib/Algebra/Order/Nonneg/Lattice.olean: OK
.lake/packages/mathlib/.lake/build/ir/Mathlib/Algebra/Order/Nonneg/Module.c.o.export: OK
.lake/packages/mathlib/.lake/build/ir/Mathlib/Algebra/Order/Nonneg/Module.c: OK
.lake/packages/mathlib/.lake/build/lib/lean/Mathlib/Algebra/Order/Nonneg/Module.olean: OK
.lake/packages/mathlib/.lake/build/ir/Mathlib/Algebra/Order/Nonneg/Ring.c.o.export: OK
.lake/packages/mathlib/.lake/build/ir/Mathlib/Algebra/Order/Nonneg/Ring.c: OK
.lake/packages/mathlib/.lake/build/lib/lean/Mathlib/Algebra/Order/Nonneg/Ring.olean: OK
.lake/packages/mathlib/.lake/build/ir/Mathlib/Algebra/Order/Pi.c.o.export: OK
.lake/packages/mathlib/.lake/build/ir/Mathlib/Algebra/Order/Pi.c: OK
.lake/packages/mathlib/.lake/build/lib/lean/Mathlib/Algebra/Order/Pi.olean: OK
.lake/packages/mathlib/.lake/build/ir/Mathlib/Algebra/Order/Positive/Ring.c.o.export: OK
.lake/packages/mathlib/.lake/build/ir/Mathlib/Algebra/Order/Positive/Ring.c: OK
.lake/packages/mathlib/.lake/build/lib/lean/Mathlib/Algebra/Order/Positive/Ring.olean: OK
.lake/packages/mathlib/.lake/build/ir/Mathlib/Algebra/Order/Ring/Abs.c.o.export: OK
.lake/packages/mathlib/.lake/build/ir/Mathlib/Algebra/Order/Ring/Abs.c: OK
.lake/packages/mathlib/.lake/build/lib/lean/Mathlib/Algebra/Order/Ring/Abs.olean: OK
.lake/packages/mathlib/.lake/build/ir/Mathlib/Algebra/Order/Ring/Basic.c.o.export: OK
.lake/packages/mathlib/.lake/build/ir/Mathlib/Algebra/Order/Ring/Basic.c: OK
.lake/packages/mathlib/.lake/build/lib/lean/Mathlib/Algebra/Order/Ring/Basic.olean: OK
.lake/packages/mathlib/.lake/build/ir/Mathlib/Algebra/Order/Ring/Canonical.c.o.export: OK
.lake/packages/mathlib/.lake/build/ir/Mathlib/Algebra/Order/Ring/Canonical.c: OK
.lake/packages/mathlib/.lake/build/lib/lean/Mathlib/Algebra/Order/Ring/Canonical.olean: OK
.lake/packages/mathlib/.lake/build/ir/Mathlib/Algebra/Order/Ring/Cast.c.o.export: OK
.lake/packages/mathlib/.lake/build/ir/Mathlib/Algebra/Order/Ring/Cast.c: OK
.lake/packages/mathlib/.lake/build/lib/lean/Mathlib/Algebra/Order/Ring/Cast.olean: OK
.lake/packages/mathlib/.lake/build/ir/Mathlib/Algebra/Order/Ring/Defs.c.o.export: OK
.lake/packages/mathlib/.lake/build/ir/Mathlib/Algebra/Order/Ring/Defs.c: OK
.lake/packages/mathlib/.lake/build/lib/lean/Mathlib/Algebra/Order/Ring/Defs.olean: OK
.lake/packages/mathlib/.lake/build/ir/Mathlib/Algebra/Order/Ring/GeomSum.c.o.export: OK
.lake/packages/mathlib/.lake/build/ir/Mathlib/Algebra/Order/Ring/GeomSum.c: OK
.lake/packages/mathlib/.lake/build/lib/lean/Mathlib/Algebra/Order/Ring/GeomSum.olean: OK
.lake/packages/mathlib/.lake/build/ir/Mathlib/Algebra/Order/Ring/Idempotent.c.o.export: OK
.lake/packages/mathlib/.lake/build/ir/Mathlib/Algebra/Order/Ring/Idempotent.c: OK
.lake/packages/mathlib/.lake/build/lib/lean/Mathlib/Algebra/Order/Ring/Idempotent.olean: OK
.lake/packages/mathlib/.lake/build/ir/Mathlib/Algebra/Order/Ring/InjSurj.c.o.export: OK
.lake/packages/mathlib/.lake/build/ir/Mathlib/Algebra/Order/Ring/InjSurj.c: OK
.lake/packages/mathlib/.lake/build/lib/lean/Mathlib/Algebra/Order/Ring/InjSurj.olean: OK
.lake/packages/mathlib/.lake/build/ir/Mathlib/Algebra/Order/Ring/Int.c.o.export: OK
.lake/packages/mathlib/.lake/build/ir/Mathlib/Algebra/Order/Ring/Int.c: OK
.lake/packages/mathlib/.lake/build/lib/lean/Mathlib/Algebra/Order/Ring/Int.olean: OK
.lake/packages/mathlib/.lake/build/ir/Mathlib/Algebra/Order/Ring/Interval.c.o.export: OK
.lake/packages/mathlib/.lake/build/ir/Mathlib/Algebra/Order/Ring/Interval.c: OK
.lake/packages/mathlib/.lake/build/lib/lean/Mathlib/Algebra/Order/Ring/Interval.olean: OK
.lake/packages/mathlib/.lake/build/ir/Mathlib/Algebra/Order/Ring/IsNonarchimedean.c.o.export: OK
.lake/packages/mathlib/.lake/build/ir/Mathlib/Algebra/Order/Ring/IsNonarchimedean.c: OK
.lake/packages/mathlib/.lake/build/lib/lean/Mathlib/Algebra/Order/Ring/IsNonarchimedean.olean: OK
.lake/packages/mathlib/.lake/build/ir/Mathlib/Algebra/Order/Ring/Nat.c.o.export: OK
.lake/packages/mathlib/.lake/build/ir/Mathlib/Algebra/Order/Ring/Nat.c: OK
.lake/packages/mathlib/.lake/build/lib/lean/Mathlib/Algebra/Order/Ring/Nat.olean: OK
.lake/packages/mathlib/.lake/build/ir/Mathlib/Algebra/Order/Ring/Pow.c.o.export: OK
.lake/packages/mathlib/.lake/build/ir/Mathlib/Algebra/Order/Ring/Pow.c: OK
.lake/packages/mathlib/.lake/build/lib/lean/Mathlib/Algebra/Order/Ring/Pow.olean: OK
.lake/packages/mathlib/.lake/build/ir/Mathlib/Algebra/Order/Ring/Rat.c.o.export: OK
.lake/packages/mathlib/.lake/build/ir/Mathlib/Algebra/Order/Ring/Rat.c: OK
.lake/packages/mathlib/.lake/build/lib/lean/Mathlib/Algebra/Order/Ring/Rat.olean: OK
.lake/packages/mathlib/.lake/build/ir/Mathlib/Algebra/Order/Ring/Synonym.c.o.export: OK
.lake/packages/mathlib/.lake/build/ir/Mathlib/Algebra/Order/Ring/Synonym.c: OK
.lake/packages/mathlib/.lake/build/lib/lean/Mathlib/Algebra/Order/Ring/Synonym.olean: OK
.lake/packages/mathlib/.lake/build/ir/Mathlib/Algebra/Order/Ring/Unbundled/Basic.c.o.export: OK
.lake/packages/mathlib/.lake/build/ir/Mathlib/Algebra/Order/Ring/Unbundled/Basic.c: OK
.lake/packages/mathlib/.lake/build/lib/lean/Mathlib/Algebra/Order/Ring/Unbundled/Basic.olean: OK
.lake/packages/mathlib/.lake/build/ir/Mathlib/Algebra/Order/Ring/Unbundled/Rat.c.o.export: OK
.lake/packages/mathlib/.lake/build/ir/Mathlib/Algebra/Order/Ring/Unbundled/Rat.c: OK
.lake/packages/mathlib/.lake/build/lib/lean/Mathlib/Algebra/Order/Ring/Unbundled/Rat.olean: OK
.lake/packages/mathlib/.lake/build/ir/Mathlib/Algebra/Order/Ring/WithTop.c.o.export: OK
.lake/packages/mathlib/.lake/build/ir/Mathlib/Algebra/Order/Ring/WithTop.c: OK
.lake/packages/mathlib/.lake/build/lib/lean/Mathlib/Algebra/Order/Ring/WithTop.olean: OK
.lake/packages/mathlib/.lake/build/ir/Mathlib/Algebra/Order/Round.c.o.export: OK
.lake/packages/mathlib/.lake/build/ir/Mathlib/Algebra/Order/Round.c: OK
.lake/packages/mathlib/.lake/build/lib/lean/Mathlib/Algebra/Order/Round.olean: OK
.lake/packages/mathlib/.lake/build/ir/Mathlib/Algebra/Order/Star/Basic.c.o.export: OK
.lake/packages/mathlib/.lake/build/ir/Mathlib/Algebra/Order/Star/Basic.c: OK
.lake/packages/mathlib/.lake/build/lib/lean/Mathlib/Algebra/Order/Star/Basic.olean: OK
.lake/packages/mathlib/.lake/build/ir/Mathlib/Algebra/Order/Sub/Basic.c.o.export: OK
.lake/packages/mathlib/.lake/build/ir/Mathlib/Algebra/Order/Sub/Basic.c: OK
.lake/packages/mathlib/.lake/build/lib/lean/Mathlib/Algebra/Order/Sub/Basic.olean: OK
.lake/packages/mathlib/.lake/build/ir/Mathlib/Algebra/Order/Sub/Defs.c.o.export: OK
.lake/packages/mathlib/.lake/build/ir/Mathlib/Algebra/Order/Sub/Defs.c: OK
.lake/packages/mathlib/.lake/build/lib/lean/Mathlib/Algebra/Order/Sub/Defs.olean: OK
.lake/packages/mathlib/.lake/build/ir/Mathlib/Algebra/Order/Sub/Unbundled/Basic.c.o.export: OK
.lake/packages/mathlib/.lake/build/ir/Mathlib/Algebra/Order/Sub/Unbundled/Basic.c: OK
.lake/packages/mathlib/.lake/build/lib/lean/Mathlib/Algebra/Order/Sub/Unbundled/Basic.olean: OK
.lake/packages/mathlib/.lake/build/ir/Mathlib/Algebra/Order/Sub/WithTop.c.o.export: OK
.lake/packages/mathlib/.lake/build/ir/Mathlib/Algebra/Order/Sub/WithTop.c: OK
.lake/packages/mathlib/.lake/build/lib/lean/Mathlib/Algebra/Order/Sub/WithTop.olean: OK
.lake/packages/mathlib/.lake/build/ir/Mathlib/Algebra/Order/SuccPred.c.o.export: OK
.lake/packages/mathlib/.lake/build/ir/Mathlib/Algebra/Order/SuccPred.c: OK
.lake/packages/mathlib/.lake/build/lib/lean/Mathlib/Algebra/Order/SuccPred.olean: OK
.lake/packages/mathlib/.lake/build/ir/Mathlib/Algebra/Order/SuccPred/PartialSups.c.o.export: OK
.lake/packages/mathlib/.lake/build/ir/Mathlib/Algebra/Order/SuccPred/PartialSups.c: OK
.lake/packages/mathlib/.lake/build/lib/lean/Mathlib/Algebra/Order/SuccPred/PartialSups.olean: OK
.lake/packages/mathlib/.lake/build/ir/Mathlib/Algebra/Order/SuccPred/WithBot.c.o.export: OK
.lake/packages/mathlib/.lake/build/ir/Mathlib/Algebra/Order/SuccPred/WithBot.c: OK
.lake/packages/mathlib/.lake/build/lib/lean/Mathlib/Algebra/Order/SuccPred/WithBot.olean: OK
.lake/packages/mathlib/.lake/build/ir/Mathlib/Algebra/Order/ToIntervalMod.c.o.export: OK
.lake/packages/mathlib/.lake/build/ir/Mathlib/Algebra/Order/ToIntervalMod.c: OK
.lake/packages/mathlib/.lake/build/lib/lean/Mathlib/Algebra/Order/ToIntervalMod.olean: OK
.lake/packages/mathlib/.lake/build/ir/Mathlib/Algebra/Order/ZeroLEOne.c.o.export: OK
.lake/packages/mathlib/.lake/build/ir/Mathlib/Algebra/Order/ZeroLEOne.c: OK
.lake/packages/mathlib/.lake/build/lib/lean/Mathlib/Algebra/Order/ZeroLEOne.olean: OK
.lake/packages/mathlib/.lake/build/ir/Mathlib/Algebra/Polynomial/AlgebraMap.c.o.export: OK
.lake/packages/mathlib/.lake/build/ir/Mathlib/Algebra/Polynomial/AlgebraMap.c: OK
.lake/packages/mathlib/.lake/build/lib/lean/Mathlib/Algebra/Polynomial/AlgebraMap.olean: OK
.lake/packages/mathlib/.lake/build/ir/Mathlib/Algebra/Polynomial/Basic.c.o.export: OK
.lake/packages/mathlib/.lake/build/ir/Mathlib/Algebra/Polynomial/Basic.c: OK
.lake/packages/mathlib/.lake/build/lib/lean/Mathlib/Algebra/Polynomial/Basic.olean: OK
.lake/packages/mathlib/.lake/build/ir/Mathlib/Algebra/Polynomial/BigOperators.c.o.export: OK
.lake/packages/mathlib/.lake/build/ir/Mathlib/Algebra/Polynomial/BigOperators.c: OK
.lake/packages/mathlib/.lake/build/lib/lean/Mathlib/Algebra/Polynomial/BigOperators.olean: OK
.lake/packages/mathlib/.lake/build/ir/Mathlib/Algebra/Polynomial/CancelLeads.c.o.export: OK
.lake/packages/mathlib/.lake/build/ir/Mathlib/Algebra/Polynomial/CancelLeads.c: OK
.lake/packages/mathlib/.lake/build/lib/lean/Mathlib/Algebra/Polynomial/CancelLeads.olean: OK
.lake/packages/mathlib/.lake/build/ir/Mathlib/Algebra/Polynomial/Coeff.c.o.export: OK
.lake/packages/mathlib/.lake/build/ir/Mathlib/Algebra/Polynomial/Coeff.c: OK
.lake/packages/mathlib/.lake/build/lib/lean/Mathlib/Algebra/Polynomial/Coeff.olean: OK
.lake/packages/mathlib/.lake/build/ir/Mathlib/Algebra/Polynomial/Degree/Defs.c.o.export: OK
.lake/packages/mathlib/.lake/build/ir/Mathlib/Algebra/Polynomial/Degree/Defs.c: OK
.lake/packages/mathlib/.lake/build/lib/lean/Mathlib/Algebra/Polynomial/Degree/Defs.olean: OK
.lake/packages/mathlib/.lake/build/ir/Mathlib/Algebra/Polynomial/Degree/Domain.c.o.export: OK
.lake/packages/mathlib/.lake/build/ir/Mathlib/Algebra/Polynomial/Degree/Domain.c: OK
.lake/packages/mathlib/.lake/build/lib/lean/Mathlib/Algebra/Polynomial/Degree/Domain.olean: OK
.lake/packages/mathlib/.lake/build/ir/Mathlib/Algebra/Polynomial/Degree/Lemmas.c.o.export: OK
.lake/packages/mathlib/.lake/build/ir/Mathlib/Algebra/Polynomial/Degree/Lemmas.c: OK
.lake/packages/mathlib/.lake/build/lib/lean/Mathlib/Algebra/Polynomial/Degree/Lemmas.olean: OK
.lake/packages/mathlib/.lake/build/ir/Mathlib/Algebra/Polynomial/Degree/Monomial.c.o.export: OK
.lake/packages/mathlib/.lake/build/ir/Mathlib/Algebra/Polynomial/Degree/Monomial.c: OK
.lake/packages/mathlib/.lake/build/lib/lean/Mathlib/Algebra/Polynomial/Degree/Monomial.olean: OK
.lake/packages/mathlib/.lake/build/ir/Mathlib/Algebra/Polynomial/Degree/Operations.c.o.export: OK
.lake/packages/mathlib/.lake/build/ir/Mathlib/Algebra/Polynomial/Degree/Operations.c: OK
.lake/packages/mathlib/.lake/build/lib/lean/Mathlib/Algebra/Polynomial/Degree/Operations.olean: OK
.lake/packages/mathlib/.lake/build/ir/Mathlib/Algebra/Polynomial/Degree/SmallDegree.c.o.export: OK
.lake/packages/mathlib/.lake/build/ir/Mathlib/Algebra/Polynomial/Degree/SmallDegree.c: OK
.lake/packages/mathlib/.lake/build/lib/lean/Mathlib/Algebra/Polynomial/Degree/SmallDegree.olean: OK
.lake/packages/mathlib/.lake/build/ir/Mathlib/Algebra/Polynomial/Degree/Support.c.o.export: OK
.lake/packages/mathlib/.lake/build/ir/Mathlib/Algebra/Polynomial/Degree/Support.c: OK
.lake/packages/mathlib/.lake/build/lib/lean/Mathlib/Algebra/Polynomial/Degree/Support.olean: OK
.lake/packages/mathlib/.lake/build/ir/Mathlib/Algebra/Polynomial/Degree/TrailingDegree.c.o.export: OK
.lake/packages/mathlib/.lake/build/ir/Mathlib/Algebra/Polynomial/Degree/TrailingDegree.c: OK
.lake/packages/mathlib/.lake/build/lib/lean/Mathlib/Algebra/Polynomial/Degree/TrailingDegree.olean: OK
.lake/packages/mathlib/.lake/build/ir/Mathlib/Algebra/Polynomial/Degree/Units.c.o.export: OK
.lake/packages/mathlib/.lake/build/ir/Mathlib/Algebra/Polynomial/Degree/Units.c: OK
.lake/packages/mathlib/.lake/build/lib/lean/Mathlib/Algebra/Polynomial/Degree/Units.olean: OK
.lake/packages/mathlib/.lake/build/ir/Mathlib/Algebra/Polynomial/Derivative.c.o.export: OK
.lake/packages/mathlib/.lake/build/ir/Mathlib/Algebra/Polynomial/Derivative.c: OK
.lake/packages/mathlib/.lake/build/lib/lean/Mathlib/Algebra/Polynomial/Derivative.olean: OK
.lake/packages/mathlib/.lake/build/ir/Mathlib/Algebra/Polynomial/Div.c.o.export: OK
.lake/packages/mathlib/.lake/build/ir/Mathlib/Algebra/Polynomial/Div.c: OK
.lake/packages/mathlib/.lake/build/lib/lean/Mathlib/Algebra/Polynomial/Div.olean: OK
.lake/packages/mathlib/.lake/build/ir/Mathlib/Algebra/Polynomial/EraseLead.c.o.export: OK
.lake/packages/mathlib/.lake/build/ir/Mathlib/Algebra/Polynomial/EraseLead.c: OK
.lake/packages/mathlib/.lake/build/lib/lean/Mathlib/Algebra/Polynomial/EraseLead.olean: OK
.lake/packages/mathlib/.lake/build/ir/Mathlib/Algebra/Polynomial/Eval/Algebra.c.o.export: OK
.lake/packages/mathlib/.lake/build/ir/Mathlib/Algebra/Polynomial/Eval/Algebra.c: OK
.lake/packages/mathlib/.lake/build/lib/lean/Mathlib/Algebra/Polynomial/Eval/Algebra.olean: OK
.lake/packages/mathlib/.lake/build/ir/Mathlib/Algebra/Polynomial/Eval/Coeff.c.o.export: OK
.lake/packages/mathlib/.lake/build/ir/Mathlib/Algebra/Polynomial/Eval/Coeff.c: OK
.lake/packages/mathlib/.lake/build/lib/lean/Mathlib/Algebra/Polynomial/Eval/Coeff.olean: OK
.lake/packages/mathlib/.lake/build/ir/Mathlib/Algebra/Polynomial/Eval/Defs.c.o.export: OK
.lake/packages/mathlib/.lake/build/ir/Mathlib/Algebra/Polynomial/Eval/Defs.c: OK
.lake/packages/mathlib/.lake/build/lib/lean/Mathlib/Algebra/Polynomial/Eval/Defs.olean: OK
.lake/packages/mathlib/.lake/build/ir/Mathlib/Algebra/Polynomial/Eval/Degree.c.o.export: OK
.lake/packages/mathlib/.lake/build/ir/Mathlib/Algebra/Polynomial/Eval/Degree.c: OK
.lake/packages/mathlib/.lake/build/lib/lean/Mathlib/Algebra/Polynomial/Eval/Degree.olean: OK
.lake/packages/mathlib/.lake/build/ir/Mathlib/Algebra/Polynomial/Eval/SMul.c.o.export: OK
.lake/packages/mathlib/.lake/build/ir/Mathlib/Algebra/Polynomial/Eval/SMul.c: OK
.lake/packages/mathlib/.lake/build/lib/lean/Mathlib/Algebra/Polynomial/Eval/SMul.olean: OK
.lake/packages/mathlib/.lake/build/ir/Mathlib/Algebra/Polynomial/Eval/Subring.c.o.export: OK
.lake/packages/mathlib/.lake/build/ir/Mathlib/Algebra/Polynomial/Eval/Subring.c: OK
.lake/packages/mathlib/.lake/build/lib/lean/Mathlib/Algebra/Polynomial/Eval/Subring.olean: OK
.lake/packages/mathlib/.lake/build/ir/Mathlib/Algebra/Polynomial/Expand.c.o.export: OK
.lake/packages/mathlib/.lake/build/ir/Mathlib/Algebra/Polynomial/Expand.c: OK
.lake/packages/mathlib/.lake/build/lib/lean/Mathlib/Algebra/Polynomial/Expand.olean: OK
.lake/packages/mathlib/.lake/build/ir/Mathlib/Algebra/Polynomial/FieldDivision.c.o.export: OK
.lake/packages/mathlib/.lake/build/ir/Mathlib/Algebra/Polynomial/FieldDivision.c: OK
.lake/packages/mathlib/.lake/build/lib/lean/Mathlib/Algebra/Polynomial/FieldDivision.olean: OK
.lake/packages/mathlib/.lake/build/ir/Mathlib/Algebra/Polynomial/GroupRingAction.c.o.export: OK
.lake/packages/mathlib/.lake/build/ir/Mathlib/Algebra/Polynomial/GroupRingAction.c: OK
.lake/packages/mathlib/.lake/build/lib/lean/Mathlib/Algebra/Polynomial/GroupRingAction.olean: OK
.lake/packages/mathlib/.lake/build/ir/Mathlib/Algebra/Polynomial/HasseDeriv.c.o.export: OK
.lake/packages/mathlib/.lake/build/ir/Mathlib/Algebra/Polynomial/HasseDeriv.c: OK
.lake/packages/mathlib/.lake/build/lib/lean/Mathlib/Algebra/Polynomial/HasseDeriv.olean: OK
.lake/packages/mathlib/.lake/build/ir/Mathlib/Algebra/Polynomial/Identities.c.o.export: OK
.lake/packages/mathlib/.lake/build/ir/Mathlib/Algebra/Polynomial/Identities.c: OK
.lake/packages/mathlib/.lake/build/lib/lean/Mathlib/Algebra/Polynomial/Identities.olean: OK
.lake/packages/mathlib/.lake/build/ir/Mathlib/Algebra/Polynomial/Inductions.c.o.export: OK
.lake/packages/mathlib/.lake/build/ir/Mathlib/Algebra/Polynomial/Inductions.c: OK
.lake/packages/mathlib/.lake/build/lib/lean/Mathlib/Algebra/Polynomial/Inductions.olean: OK
.lake/packages/mathlib/.lake/build/ir/Mathlib/Algebra/Polynomial/Laurent.c.o.export: OK
.lake/packages/mathlib/.lake/build/ir/Mathlib/Algebra/Polynomial/Laurent.c: OK
.lake/packages/mathlib/.lake/build/lib/lean/Mathlib/Algebra/Polynomial/Laurent.olean: OK
.lake/packages/mathlib/.lake/build/ir/Mathlib/Algebra/Polynomial/Lifts.c.o.export: OK
.lake/packages/mathlib/.lake/build/ir/Mathlib/Algebra/Polynomial/Lifts.c: OK
.lake/packages/mathlib/.lake/build/lib/lean/Mathlib/Algebra/Polynomial/Lifts.olean: OK
.lake/packages/mathlib/.lake/build/ir/Mathlib/Algebra/Polynomial/Module/AEval.c.o.export: OK
.lake/packages/mathlib/.lake/build/ir/Mathlib/Algebra/Polynomial/Module/AEval.c: OK
.lake/packages/mathlib/.lake/build/lib/lean/Mathlib/Algebra/Polynomial/Module/AEval.olean: OK
.lake/packages/mathlib/.lake/build/ir/Mathlib/Algebra/Polynomial/Module/Basic.c.o.export: OK
.lake/packages/mathlib/.lake/build/ir/Mathlib/Algebra/Polynomial/Module/Basic.c: OK
.lake/packages/mathlib/.lake/build/lib/lean/Mathlib/Algebra/Polynomial/Module/Basic.olean: OK
.lake/packages/mathlib/.lake/build/ir/Mathlib/Algebra/Polynomial/Monic.c.o.export: OK
.lake/packages/mathlib/.lake/build/ir/Mathlib/Algebra/Polynomial/Monic.c: OK
.lake/packages/mathlib/.lake/build/lib/lean/Mathlib/Algebra/Polynomial/Monic.olean: OK
.lake/packages/mathlib/.lake/build/ir/Mathlib/Algebra/Polynomial/Monomial.c.o.export: OK
.lake/packages/mathlib/.lake/build/ir/Mathlib/Algebra/Polynomial/Monomial.c: OK
.lake/packages/mathlib/.lake/build/lib/lean/Mathlib/Algebra/Polynomial/Monomial.olean: OK
.lake/packages/mathlib/.lake/build/ir/Mathlib/Algebra/Polynomial/Reverse.c.o.export: OK
.lake/packages/mathlib/.lake/build/ir/Mathlib/Algebra/Polynomial/Reverse.c: OK
.lake/packages/mathlib/.lake/build/lib/lean/Mathlib/Algebra/Polynomial/Reverse.olean: OK
.lake/packages/mathlib/.lake/build/ir/Mathlib/Algebra/Polynomial/RingDivision.c.o.export: OK
.lake/packages/mathlib/.lake/build/ir/Mathlib/Algebra/Polynomial/RingDivision.c: OK
.lake/packages/mathlib/.lake/build/lib/lean/Mathlib/Algebra/Polynomial/RingDivision.olean: OK
.lake/packages/mathlib/.lake/build/ir/Mathlib/Algebra/Polynomial/Roots.c.o.export: OK
.lake/packages/mathlib/.lake/build/ir/Mathlib/Algebra/Polynomial/Roots.c: OK
.lake/packages/mathlib/.lake/build/lib/lean/Mathlib/Algebra/Polynomial/Roots.olean: OK
.lake/packages/mathlib/.lake/build/ir/Mathlib/Algebra/Polynomial/Splits.c.o.export: OK
.lake/packages/mathlib/.lake/build/ir/Mathlib/Algebra/Polynomial/Splits.c: OK
.lake/packages/mathlib/.lake/build/lib/lean/Mathlib/Algebra/Polynomial/Splits.olean: OK
.lake/packages/mathlib/.lake/build/ir/Mathlib/Algebra/Polynomial/Taylor.c.o.export: OK
.lake/packages/mathlib/.lake/build/ir/Mathlib/Algebra/Polynomial/Taylor.c: OK
.lake/packages/mathlib/.lake/build/lib/lean/Mathlib/Algebra/Polynomial/Taylor.olean: OK
.lake/packages/mathlib/.lake/build/ir/Mathlib/Algebra/Prime/Defs.c.o.export: OK
.lake/packages/mathlib/.lake/build/ir/Mathlib/Algebra/Prime/Defs.c: OK
.lake/packages/mathlib/.lake/build/lib/lean/Mathlib/Algebra/Prime/Defs.olean: OK
.lake/packages/mathlib/.lake/build/ir/Mathlib/Algebra/Prime/Lemmas.c.o.export: OK
.lake/packages/mathlib/.lake/build/ir/Mathlib/Algebra/Prime/Lemmas.c: OK
.lake/packages/mathlib/.lake/build/lib/lean/Mathlib/Algebra/Prime/Lemmas.olean: OK
.lake/packages/mathlib/.lake/build/ir/Mathlib/Algebra/QuadraticDiscriminant.c.o.export: OK
.lake/packages/mathlib/.lake/build/ir/Mathlib/Algebra/QuadraticDiscriminant.c: OK
.lake/packages/mathlib/.lake/build/lib/lean/Mathlib/Algebra/QuadraticDiscriminant.olean: OK
.lake/packages/mathlib/.lake/build/ir/Mathlib/Algebra/Quotient.c.o.export: OK
.lake/packages/mathlib/.lake/build/ir/Mathlib/Algebra/Quotient.c: OK
.lake/packages/mathlib/.lake/build/lib/lean/Mathlib/Algebra/Quotient.olean: OK
.lake/packages/mathlib/.lake/build/ir/Mathlib/Algebra/Regular/Basic.c.o.export: OK
.lake/packages/mathlib/.lake/build/ir/Mathlib/Algebra/Regular/Basic.c: OK
.lake/packages/mathlib/.lake/build/lib/lean/Mathlib/Algebra/Regular/Basic.olean: OK
.lake/packages/mathlib/.lake/build/ir/Mathlib/Algebra/Regular/Defs.c.o.export: OK
.lake/packages/mathlib/.lake/build/ir/Mathlib/Algebra/Regular/Defs.c: OK
.lake/packages/mathlib/.lake/build/lib/lean/Mathlib/Algebra/Regular/Defs.olean: OK
.lake/packages/mathlib/.lake/build/ir/Mathlib/Algebra/Regular/Opposite.c.o.export: OK
.lake/packages/mathlib/.lake/build/ir/Mathlib/Algebra/Regular/Opposite.c: OK
.lake/packages/mathlib/.lake/build/lib/lean/Mathlib/Algebra/Regular/Opposite.olean: OK
.lake/packages/mathlib/.lake/build/ir/Mathlib/Algebra/Regular/Pow.c.o.export: OK
.lake/packages/mathlib/.lake/build/ir/Mathlib/Algebra/Regular/Pow.c: OK
.lake/packages/mathlib/.lake/build/lib/lean/Mathlib/Algebra/Regular/Pow.olean: OK
.lake/packages/mathlib/.lake/build/ir/Mathlib/Algebra/Regular/SMul.c.o.export: OK
.lake/packages/mathlib/.lake/build/ir/Mathlib/Algebra/Regular/SMul.c: OK
.lake/packages/mathlib/.lake/build/lib/lean/Mathlib/Algebra/Regular/SMul.olean: OK
.lake/packages/mathlib/.lake/build/ir/Mathlib/Algebra/Ring/Action/Basic.c.o.export: OK
.lake/packages/mathlib/.lake/build/ir/Mathlib/Algebra/Ring/Action/Basic.c: OK
.lake/packages/mathlib/.lake/build/lib/lean/Mathlib/Algebra/Ring/Action/Basic.olean: OK
.lake/packages/mathlib/.lake/build/ir/Mathlib/Algebra/Ring/Action/ConjAct.c.o.export: OK
.lake/packages/mathlib/.lake/build/ir/Mathlib/Algebra/Ring/Action/ConjAct.c: OK
.lake/packages/mathlib/.lake/build/lib/lean/Mathlib/Algebra/Ring/Action/ConjAct.olean: OK
.lake/packages/mathlib/.lake/build/ir/Mathlib/Algebra/Ring/Action/End.c.o.export: OK
.lake/packages/mathlib/.lake/build/ir/Mathlib/Algebra/Ring/Action/End.c: OK
.lake/packages/mathlib/.lake/build/lib/lean/Mathlib/Algebra/Ring/Action/End.olean: OK
.lake/packages/mathlib/.lake/build/ir/Mathlib/Algebra/Ring/Action/Field.c.o.export: OK
.lake/packages/mathlib/.lake/build/ir/Mathlib/Algebra/Ring/Action/Field.c: OK
.lake/packages/mathlib/.lake/build/lib/lean/Mathlib/Algebra/Ring/Action/Field.olean: OK
.lake/packages/mathlib/.lake/build/ir/Mathlib/Algebra/Ring/Action/Group.c.o.export: OK
.lake/packages/mathlib/.lake/build/ir/Mathlib/Algebra/Ring/Action/Group.c: OK
.lake/packages/mathlib/.lake/build/lib/lean/Mathlib/Algebra/Ring/Action/Group.olean: OK
.lake/packages/mathlib/.lake/build/ir/Mathlib/Algebra/Ring/Action/Invariant.c.o.export: OK
.lake/packages/mathlib/.lake/build/ir/Mathlib/Algebra/Ring/Action/Invariant.c: OK
.lake/packages/mathlib/.lake/build/lib/lean/Mathlib/Algebra/Ring/Action/Invariant.olean: OK
.lake/packages/mathlib/.lake/build/ir/Mathlib/Algebra/Ring/Action/Pointwise/Set.c.o.export: OK
.lake/packages/mathlib/.lake/build/ir/Mathlib/Algebra/Ring/Action/Pointwise/Set.c: OK
.lake/packages/mathlib/.lake/build/lib/lean/Mathlib/Algebra/Ring/Action/Pointwise/Set.olean: OK
.lake/packages/mathlib/.lake/build/ir/Mathlib/Algebra/Ring/Action/Rat.c.o.export: OK
.lake/packages/mathlib/.lake/build/ir/Mathlib/Algebra/Ring/Action/Rat.c: OK
.lake/packages/mathlib/.lake/build/lib/lean/Mathlib/Algebra/Ring/Action/Rat.olean: OK
.lake/packages/mathlib/.lake/build/ir/Mathlib/Algebra/Ring/Action/Submonoid.c.o.export: OK
.lake/packages/mathlib/.lake/build/ir/Mathlib/Algebra/Ring/Action/Submonoid.c: OK
.lake/packages/mathlib/.lake/build/lib/lean/Mathlib/Algebra/Ring/Action/Submonoid.olean: OK
.lake/packages/mathlib/.lake/build/ir/Mathlib/Algebra/Ring/Action/Subobjects.c.o.export: OK
.lake/packages/mathlib/.lake/build/ir/Mathlib/Algebra/Ring/Action/Subobjects.c: OK
.lake/packages/mathlib/.lake/build/lib/lean/Mathlib/Algebra/Ring/Action/Subobjects.olean: OK
.lake/packages/mathlib/.lake/build/ir/Mathlib/Algebra/Ring/AddAut.c.o.export: OK
.lake/packages/mathlib/.lake/build/ir/Mathlib/Algebra/Ring/AddAut.c: OK
.lake/packages/mathlib/.lake/build/lib/lean/Mathlib/Algebra/Ring/AddAut.olean: OK
.lake/packages/mathlib/.lake/build/ir/Mathlib/Algebra/Ring/Associated.c.o.export: OK
.lake/packages/mathlib/.lake/build/ir/Mathlib/Algebra/Ring/Associated.c: OK
.lake/packages/mathlib/.lake/build/lib/lean/Mathlib/Algebra/Ring/Associated.olean: OK
.lake/packages/mathlib/.lake/build/ir/Mathlib/Algebra/Ring/Aut.c.o.export: OK
.lake/packages/mathlib/.lake/build/ir/Mathlib/Algebra/Ring/Aut.c: OK
.lake/packages/mathlib/.lake/build/lib/lean/Mathlib/Algebra/Ring/Aut.olean: OK
.lake/packages/mathlib/.lake/build/ir/Mathlib/Algebra/Ring/Basic.c.o.export: OK
.lake/packages/mathlib/.lake/build/ir/Mathlib/Algebra/Ring/Basic.c: OK
.lake/packages/mathlib/.lake/build/lib/lean/Mathlib/Algebra/Ring/Basic.olean: OK
.lake/packages/mathlib/.lake/build/ir/Mathlib/Algebra/Ring/Center.c.o.export: OK
.lake/packages/mathlib/.lake/build/ir/Mathlib/Algebra/Ring/Center.c: OK
.lake/packages/mathlib/.lake/build/lib/lean/Mathlib/Algebra/Ring/Center.olean: OK
.lake/packages/mathlib/.lake/build/ir/Mathlib/Algebra/Ring/Centralizer.c.o.export: OK
.lake/packages/mathlib/.lake/build/ir/Mathlib/Algebra/Ring/Centralizer.c: OK
.lake/packages/mathlib/.lake/build/lib/lean/Mathlib/Algebra/Ring/Centralizer.olean: OK
.lake/packages/mathlib/.lake/build/ir/Mathlib/Algebra/Ring/CharZero.c.o.export: OK
.lake/packages/mathlib/.lake/build/ir/Mathlib/Algebra/Ring/CharZero.c: OK
.lake/packages/mathlib/.lake/build/lib/lean/Mathlib/Algebra/Ring/CharZero.olean: OK
.lake/packages/mathlib/.lake/build/ir/Mathlib/Algebra/Ring/Commute.c.o.export: OK
.lake/packages/mathlib/.lake/build/ir/Mathlib/Algebra/Ring/Commute.c: OK
.lake/packages/mathlib/.lake/build/lib/lean/Mathlib/Algebra/Ring/Commute.olean: OK
.lake/packages/mathlib/.lake/build/ir/Mathlib/Algebra/Ring/CompTypeclasses.c.o.export: OK
.lake/packages/mathlib/.lake/build/ir/Mathlib/Algebra/Ring/CompTypeclasses.c: OK
.lake/packages/mathlib/.lake/build/lib/lean/Mathlib/Algebra/Ring/CompTypeclasses.olean: OK
.lake/packages/mathlib/.lake/build/ir/Mathlib/Algebra/Ring/Defs.c.o.export: OK
.lake/packages/mathlib/.lake/build/ir/Mathlib/Algebra/Ring/Defs.c: OK
.lake/packages/mathlib/.lake/build/lib/lean/Mathlib/Algebra/Ring/Defs.olean: OK
.lake/packages/mathlib/.lake/build/ir/Mathlib/Algebra/Ring/Divisibility/Basic.c.o.export: OK
.lake/packages/mathlib/.lake/build/ir/Mathlib/Algebra/Ring/Divisibility/Basic.c: OK
.lake/packages/mathlib/.lake/build/lib/lean/Mathlib/Algebra/Ring/Divisibility/Basic.olean: OK
.lake/packages/mathlib/.lake/build/ir/Mathlib/Algebra/Ring/Equiv.c.o.export: OK
.lake/packages/mathlib/.lake/build/ir/Mathlib/Algebra/Ring/Equiv.c: OK
.lake/packages/mathlib/.lake/build/lib/lean/Mathlib/Algebra/Ring/Equiv.olean: OK
.lake/packages/mathlib/.lake/build/ir/Mathlib/Algebra/Ring/Fin.c.o.export: OK
.lake/packages/mathlib/.lake/build/ir/Mathlib/Algebra/Ring/Fin.c: OK
.lake/packages/mathlib/.lake/build/lib/lean/Mathlib/Algebra/Ring/Fin.olean: OK
.lake/packages/mathlib/.lake/build/ir/Mathlib/Algebra/Ring/GeomSum.c.o.export: OK
.lake/packages/mathlib/.lake/build/ir/Mathlib/Algebra/Ring/GeomSum.c: OK
.lake/packages/mathlib/.lake/build/lib/lean/Mathlib/Algebra/Ring/GeomSum.olean: OK
.lake/packages/mathlib/.lake/build/ir/Mathlib/Algebra/Ring/GrindInstances.c.o.export: OK
.lake/packages/mathlib/.lake/build/ir/Mathlib/Algebra/Ring/GrindInstances.c: OK
.lake/packages/mathlib/.lake/build/lib/lean/Mathlib/Algebra/Ring/GrindInstances.olean: OK
.lake/packages/mathlib/.lake/build/ir/Mathlib/Algebra/Ring/Hom/Defs.c.o.export: OK
.lake/packages/mathlib/.lake/build/ir/Mathlib/Algebra/Ring/Hom/Defs.c: OK
.lake/packages/mathlib/.lake/build/lib/lean/Mathlib/Algebra/Ring/Hom/Defs.olean: OK
.lake/packages/mathlib/.lake/build/ir/Mathlib/Algebra/Ring/Hom/InjSurj.c.o.export: OK
.lake/packages/mathlib/.lake/build/ir/Mathlib/Algebra/Ring/Hom/InjSurj.c: OK
.lake/packages/mathlib/.lake/build/lib/lean/Mathlib/Algebra/Ring/Hom/InjSurj.olean: OK
.lake/packages/mathlib/.lake/build/ir/Mathlib/Algebra/Ring/Idempotent.c.o.export: OK
.lake/packages/mathlib/.lake/build/ir/Mathlib/Algebra/Ring/Idempotent.c: OK
.lake/packages/mathlib/.lake/build/lib/lean/Mathlib/Algebra/Ring/Idempotent.olean: OK
.lake/packages/mathlib/.lake/build/ir/Mathlib/Algebra/Ring/InjSurj.c.o.export: OK
.lake/packages/mathlib/.lake/build/ir/Mathlib/Algebra/Ring/InjSurj.c: OK
.lake/packages/mathlib/.lake/build/lib/lean/Mathlib/Algebra/Ring/InjSurj.olean: OK
.lake/packages/mathlib/.lake/build/ir/Mathlib/Algebra/Ring/Int/Defs.c.o.export: OK
.lake/packages/mathlib/.lake/build/ir/Mathlib/Algebra/Ring/Int/Defs.c: OK
.lake/packages/mathlib/.lake/build/lib/lean/Mathlib/Algebra/Ring/Int/Defs.olean: OK
.lake/packages/mathlib/.lake/build/ir/Mathlib/Algebra/Ring/Int/Field.c.o.export: OK
.lake/packages/mathlib/.lake/build/ir/Mathlib/Algebra/Ring/Int/Field.c: OK
.lake/packages/mathlib/.lake/build/lib/lean/Mathlib/Algebra/Ring/Int/Field.olean: OK
.lake/packages/mathlib/.lake/build/ir/Mathlib/Algebra/Ring/Int/Parity.c.o.export: OK
.lake/packages/mathlib/.lake/build/ir/Mathlib/Algebra/Ring/Int/Parity.c: OK
.lake/packages/mathlib/.lake/build/lib/lean/Mathlib/Algebra/Ring/Int/Parity.olean: OK
.lake/packages/mathlib/.lake/build/ir/Mathlib/Algebra/Ring/Int/Units.c.o.export: OK
.lake/packages/mathlib/.lake/build/ir/Mathlib/Algebra/Ring/Int/Units.c: OK
.lake/packages/mathlib/.lake/build/lib/lean/Mathlib/Algebra/Ring/Int/Units.olean: OK
.lake/packages/mathlib/.lake/build/ir/Mathlib/Algebra/Ring/Invertible.c.o.export: OK
.lake/packages/mathlib/.lake/build/ir/Mathlib/Algebra/Ring/Invertible.c: OK
.lake/packages/mathlib/.lake/build/lib/lean/Mathlib/Algebra/Ring/Invertible.olean: OK
.lake/packages/mathlib/.lake/build/ir/Mathlib/Algebra/Ring/Nat.c.o.export: OK
.lake/packages/mathlib/.lake/build/ir/Mathlib/Algebra/Ring/Nat.c: OK
.lake/packages/mathlib/.lake/build/lib/lean/Mathlib/Algebra/Ring/Nat.olean: OK
.lake/packages/mathlib/.lake/build/ir/Mathlib/Algebra/Ring/NegOnePow.c.o.export: OK
.lake/packages/mathlib/.lake/build/ir/Mathlib/Algebra/Ring/NegOnePow.c: OK
.lake/packages/mathlib/.lake/build/lib/lean/Mathlib/Algebra/Ring/NegOnePow.olean: OK
.lake/packages/mathlib/.lake/build/ir/Mathlib/Algebra/Ring/NonZeroDivisors.c.o.export: OK
.lake/packages/mathlib/.lake/build/ir/Mathlib/Algebra/Ring/NonZeroDivisors.c: OK
.lake/packages/mathlib/.lake/build/lib/lean/Mathlib/Algebra/Ring/NonZeroDivisors.olean: OK
.lake/packages/mathlib/.lake/build/ir/Mathlib/Algebra/Ring/Opposite.c.o.export: OK
.lake/packages/mathlib/.lake/build/ir/Mathlib/Algebra/Ring/Opposite.c: OK
.lake/packages/mathlib/.lake/build/lib/lean/Mathlib/Algebra/Ring/Opposite.olean: OK
.lake/packages/mathlib/.lake/build/ir/Mathlib/Algebra/Ring/PUnit.c.o.export: OK
.lake/packages/mathlib/.lake/build/ir/Mathlib/Algebra/Ring/PUnit.c: OK
.lake/packages/mathlib/.lake/build/lib/lean/Mathlib/Algebra/Ring/PUnit.olean: OK
.lake/packages/mathlib/.lake/build/ir/Mathlib/Algebra/Ring/Parity.c.o.export: OK
.lake/packages/mathlib/.lake/build/ir/Mathlib/Algebra/Ring/Parity.c: OK
.lake/packages/mathlib/.lake/build/lib/lean/Mathlib/Algebra/Ring/Parity.olean: OK
.lake/packages/mathlib/.lake/build/ir/Mathlib/Algebra/Ring/Periodic.c.o.export: OK
.lake/packages/mathlib/.lake/build/ir/Mathlib/Algebra/Ring/Periodic.c: OK
.lake/packages/mathlib/.lake/build/lib/lean/Mathlib/Algebra/Ring/Periodic.olean: OK
.lake/packages/mathlib/.lake/build/ir/Mathlib/Algebra/Ring/Pi.c.o.export: OK
.lake/packages/mathlib/.lake/build/ir/Mathlib/Algebra/Ring/Pi.c: OK
.lake/packages/mathlib/.lake/build/lib/lean/Mathlib/Algebra/Ring/Pi.olean: OK
.lake/packages/mathlib/.lake/build/ir/Mathlib/Algebra/Ring/Prod.c.o.export: OK
.lake/packages/mathlib/.lake/build/ir/Mathlib/Algebra/Ring/Prod.c: OK
.lake/packages/mathlib/.lake/build/lib/lean/Mathlib/Algebra/Ring/Prod.olean: OK
.lake/packages/mathlib/.lake/build/ir/Mathlib/Algebra/Ring/Rat.c.o.export: OK
.lake/packages/mathlib/.lake/build/ir/Mathlib/Algebra/Ring/Rat.c: OK
.lake/packages/mathlib/.lake/build/lib/lean/Mathlib/Algebra/Ring/Rat.olean: OK
.lake/packages/mathlib/.lake/build/ir/Mathlib/Algebra/Ring/Regular.c.o.export: OK
.lake/packages/mathlib/.lake/build/ir/Mathlib/Algebra/Ring/Regular.c: OK
.lake/packages/mathlib/.lake/build/lib/lean/Mathlib/Algebra/Ring/Regular.olean: OK
.lake/packages/mathlib/.lake/build/ir/Mathlib/Algebra/Ring/Semiconj.c.o.export: OK
.lake/packages/mathlib/.lake/build/ir/Mathlib/Algebra/Ring/Semiconj.c: OK
.lake/packages/mathlib/.lake/build/lib/lean/Mathlib/Algebra/Ring/Semiconj.olean: OK
.lake/packages/mathlib/.lake/build/ir/Mathlib/Algebra/Ring/Shrink.c.o.export: OK
.lake/packages/mathlib/.lake/build/ir/Mathlib/Algebra/Ring/Shrink.c: OK
.lake/packages/mathlib/.lake/build/lib/lean/Mathlib/Algebra/Ring/Shrink.olean: OK
.lake/packages/mathlib/.lake/build/ir/Mathlib/Algebra/Ring/Submonoid/Basic.c.o.export: OK
.lake/packages/mathlib/.lake/build/ir/Mathlib/Algebra/Ring/Submonoid/Basic.c: OK
.lake/packages/mathlib/.lake/build/lib/lean/Mathlib/Algebra/Ring/Submonoid/Basic.olean: OK
.lake/packages/mathlib/.lake/build/ir/Mathlib/Algebra/Ring/Submonoid/Pointwise.c.o.export: OK
.lake/packages/mathlib/.lake/build/ir/Mathlib/Algebra/Ring/Submonoid/Pointwise.c: OK
.lake/packages/mathlib/.lake/build/lib/lean/Mathlib/Algebra/Ring/Submonoid/Pointwise.olean: OK
.lake/packages/mathlib/.lake/build/ir/Mathlib/Algebra/Ring/Subring/Basic.c.o.export: OK
.lake/packages/mathlib/.lake/build/ir/Mathlib/Algebra/Ring/Subring/Basic.c: OK
.lake/packages/mathlib/.lake/build/lib/lean/Mathlib/Algebra/Ring/Subring/Basic.olean: OK
.lake/packages/mathlib/.lake/build/ir/Mathlib/Algebra/Ring/Subring/Defs.c.o.export: OK
.lake/packages/mathlib/.lake/build/ir/Mathlib/Algebra/Ring/Subring/Defs.c: OK
.lake/packages/mathlib/.lake/build/lib/lean/Mathlib/Algebra/Ring/Subring/Defs.olean: OK
.lake/packages/mathlib/.lake/build/ir/Mathlib/Algebra/Ring/Subring/Pointwise.c.o.export: OK
.lake/packages/mathlib/.lake/build/ir/Mathlib/Algebra/Ring/Subring/Pointwise.c: OK
.lake/packages/mathlib/.lake/build/lib/lean/Mathlib/Algebra/Ring/Subring/Pointwise.olean: OK
.lake/packages/mathlib/.lake/build/ir/Mathlib/Algebra/Ring/Subring/Units.c.o.export: OK
.lake/packages/mathlib/.lake/build/ir/Mathlib/Algebra/Ring/Subring/Units.c: OK
.lake/packages/mathlib/.lake/build/lib/lean/Mathlib/Algebra/Ring/Subring/Units.olean: OK
.lake/packages/mathlib/.lake/build/ir/Mathlib/Algebra/Ring/Subsemiring/Basic.c.o.export: OK
.lake/packages/mathlib/.lake/build/ir/Mathlib/Algebra/Ring/Subsemiring/Basic.c: OK
.lake/packages/mathlib/.lake/build/lib/lean/Mathlib/Algebra/Ring/Subsemiring/Basic.olean: OK
.lake/packages/mathlib/.lake/build/ir/Mathlib/Algebra/Ring/Subsemiring/Defs.c.o.export: OK
.lake/packages/mathlib/.lake/build/ir/Mathlib/Algebra/Ring/Subsemiring/Defs.c: OK
.lake/packages/mathlib/.lake/build/lib/lean/Mathlib/Algebra/Ring/Subsemiring/Defs.olean: OK
.lake/packages/mathlib/.lake/build/ir/Mathlib/Algebra/Ring/Subsemiring/Pointwise.c.o.export: OK
.lake/packages/mathlib/.lake/build/ir/Mathlib/Algebra/Ring/Subsemiring/Pointwise.c: OK
.lake/packages/mathlib/.lake/build/lib/lean/Mathlib/Algebra/Ring/Subsemiring/Pointwise.olean: OK
.lake/packages/mathlib/.lake/build/ir/Mathlib/Algebra/Ring/Torsion.c.o.export: OK
.lake/packages/mathlib/.lake/build/ir/Mathlib/Algebra/Ring/Torsion.c: OK
.lake/packages/mathlib/.lake/build/lib/lean/Mathlib/Algebra/Ring/Torsion.olean: OK
.lake/packages/mathlib/.lake/build/ir/Mathlib/Algebra/Ring/TransferInstance.c.o.export: OK
.lake/packages/mathlib/.lake/build/ir/Mathlib/Algebra/Ring/TransferInstance.c: OK
.lake/packages/mathlib/.lake/build/lib/lean/Mathlib/Algebra/Ring/TransferInstance.olean: OK
.lake/packages/mathlib/.lake/build/ir/Mathlib/Algebra/Ring/ULift.c.o.export: OK
.lake/packages/mathlib/.lake/build/ir/Mathlib/Algebra/Ring/ULift.c: OK
.lake/packages/mathlib/.lake/build/lib/lean/Mathlib/Algebra/Ring/ULift.olean: OK
.lake/packages/mathlib/.lake/build/ir/Mathlib/Algebra/Ring/Units.c.o.export: OK
.lake/packages/mathlib/.lake/build/ir/Mathlib/Algebra/Ring/Units.c: OK
.lake/packages/mathlib/.lake/build/lib/lean/Mathlib/Algebra/Ring/Units.olean: OK
.lake/packages/mathlib/.lake/build/ir/Mathlib/Algebra/Squarefree/Basic.c.o.export: OK
.lake/packages/mathlib/.lake/build/ir/Mathlib/Algebra/Squarefree/Basic.c: OK
.lake/packages/mathlib/.lake/build/lib/lean/Mathlib/Algebra/Squarefree/Basic.olean: OK
.lake/packages/mathlib/.lake/build/ir/Mathlib/Algebra/Star/Basic.c.o.export: OK
.lake/packages/mathlib/.lake/build/ir/Mathlib/Algebra/Star/Basic.c: OK
.lake/packages/mathlib/.lake/build/lib/lean/Mathlib/Algebra/Star/Basic.olean: OK
.lake/packages/mathlib/.lake/build/ir/Mathlib/Algebra/Star/BigOperators.c.o.export: OK
.lake/packages/mathlib/.lake/build/ir/Mathlib/Algebra/Star/BigOperators.c: OK
.lake/packages/mathlib/.lake/build/lib/lean/Mathlib/Algebra/Star/BigOperators.olean: OK
.lake/packages/mathlib/.lake/build/ir/Mathlib/Algebra/Star/Center.c.o.export: OK
.lake/packages/mathlib/.lake/build/ir/Mathlib/Algebra/Star/Center.c: OK
.lake/packages/mathlib/.lake/build/lib/lean/Mathlib/Algebra/Star/Center.olean: OK
.lake/packages/mathlib/.lake/build/ir/Mathlib/Algebra/Star/Module.c.o.export: OK
.lake/packages/mathlib/.lake/build/ir/Mathlib/Algebra/Star/Module.c: OK
.lake/packages/mathlib/.lake/build/lib/lean/Mathlib/Algebra/Star/Module.olean: OK
.lake/packages/mathlib/.lake/build/ir/Mathlib/Algebra/Star/MonoidHom.c.o.export: OK
.lake/packages/mathlib/.lake/build/ir/Mathlib/Algebra/Star/MonoidHom.c: OK
.lake/packages/mathlib/.lake/build/lib/lean/Mathlib/Algebra/Star/MonoidHom.olean: OK
.lake/packages/mathlib/.lake/build/ir/Mathlib/Algebra/Star/NonUnitalSubalgebra.c.o.export: OK
.lake/packages/mathlib/.lake/build/ir/Mathlib/Algebra/Star/NonUnitalSubalgebra.c: OK
.lake/packages/mathlib/.lake/build/lib/lean/Mathlib/Algebra/Star/NonUnitalSubalgebra.olean: OK
.lake/packages/mathlib/.lake/build/ir/Mathlib/Algebra/Star/Pi.c.o.export: OK
.lake/packages/mathlib/.lake/build/ir/Mathlib/Algebra/Star/Pi.c: OK
.lake/packages/mathlib/.lake/build/lib/lean/Mathlib/Algebra/Star/Pi.olean: OK
.lake/packages/mathlib/.lake/build/ir/Mathlib/Algebra/Star/Pointwise.c.o.export: OK
.lake/packages/mathlib/.lake/build/ir/Mathlib/Algebra/Star/Pointwise.c: OK
.lake/packages/mathlib/.lake/build/lib/lean/Mathlib/Algebra/Star/Pointwise.olean: OK
.lake/packages/mathlib/.lake/build/ir/Mathlib/Algebra/Star/Prod.c.o.export: OK
.lake/packages/mathlib/.lake/build/ir/Mathlib/Algebra/Star/Prod.c: OK
.lake/packages/mathlib/.lake/build/lib/lean/Mathlib/Algebra/Star/Prod.olean: OK
.lake/packages/mathlib/.lake/build/ir/Mathlib/Algebra/Star/Rat.c.o.export: OK
.lake/packages/mathlib/.lake/build/ir/Mathlib/Algebra/Star/Rat.c: OK
.lake/packages/mathlib/.lake/build/lib/lean/Mathlib/Algebra/Star/Rat.olean: OK
.lake/packages/mathlib/.lake/build/ir/Mathlib/Algebra/Star/SelfAdjoint.c.o.export: OK
.lake/packages/mathlib/.lake/build/ir/Mathlib/Algebra/Star/SelfAdjoint.c: OK
.lake/packages/mathlib/.lake/build/lib/lean/Mathlib/Algebra/Star/SelfAdjoint.olean: OK
.lake/packages/mathlib/.lake/build/ir/Mathlib/Algebra/Star/StarAlgHom.c.o.export: OK
.lake/packages/mathlib/.lake/build/ir/Mathlib/Algebra/Star/StarAlgHom.c: OK
.lake/packages/mathlib/.lake/build/lib/lean/Mathlib/Algebra/Star/StarAlgHom.olean: OK
.lake/packages/mathlib/.lake/build/ir/Mathlib/Algebra/Star/StarProjection.c.o.export: OK
.lake/packages/mathlib/.lake/build/ir/Mathlib/Algebra/Star/StarProjection.c: OK
.lake/packages/mathlib/.lake/build/lib/lean/Mathlib/Algebra/Star/StarProjection.olean: OK
.lake/packages/mathlib/.lake/build/ir/Mathlib/Algebra/Star/StarRingHom.c.o.export: OK
.lake/packages/mathlib/.lake/build/ir/Mathlib/Algebra/Star/StarRingHom.c: OK
.lake/packages/mathlib/.lake/build/lib/lean/Mathlib/Algebra/Star/StarRingHom.olean: OK
.lake/packages/mathlib/.lake/build/ir/Mathlib/Algebra/Star/Subalgebra.c.o.export: OK
.lake/packages/mathlib/.lake/build/ir/Mathlib/Algebra/Star/Subalgebra.c: OK
.lake/packages/mathlib/.lake/build/lib/lean/Mathlib/Algebra/Star/Subalgebra.olean: OK
.lake/packages/mathlib/.lake/build/ir/Mathlib/Algebra/Star/TensorProduct.c.o.export: OK
.lake/packages/mathlib/.lake/build/ir/Mathlib/Algebra/Star/TensorProduct.c: OK
.lake/packages/mathlib/.lake/build/lib/lean/Mathlib/Algebra/Star/TensorProduct.olean: OK
.lake/packages/mathlib/.lake/build/ir/Mathlib/Algebra/Star/Unitary.c.o.export: OK
.lake/packages/mathlib/.lake/build/ir/Mathlib/Algebra/Star/Unitary.c: OK
.lake/packages/mathlib/.lake/build/lib/lean/Mathlib/Algebra/Star/Unitary.olean: OK
.lake/packages/mathlib/.lake/build/ir/Mathlib/Analysis/Asymptotics/Defs.c.o.export: OK
.lake/packages/mathlib/.lake/build/ir/Mathlib/Analysis/Asymptotics/Defs.c: OK
.lake/packages/mathlib/.lake/build/lib/lean/Mathlib/Analysis/Asymptotics/Defs.olean: OK
.lake/packages/mathlib/.lake/build/ir/Mathlib/Analysis/Asymptotics/Lemmas.c.o.export: OK
.lake/packages/mathlib/.lake/build/ir/Mathlib/Analysis/Asymptotics/Lemmas.c: OK
.lake/packages/mathlib/.lake/build/lib/lean/Mathlib/Analysis/Asymptotics/Lemmas.olean: OK
.lake/packages/mathlib/.lake/build/ir/Mathlib/Analysis/Asymptotics/Theta.c.o.export: OK
.lake/packages/mathlib/.lake/build/ir/Mathlib/Analysis/Asymptotics/Theta.c: OK
.lake/packages/mathlib/.lake/build/lib/lean/Mathlib/Analysis/Asymptotics/Theta.olean: OK
.lake/packages/mathlib/.lake/build/ir/Mathlib/Analysis/CStarAlgebra/Basic.c.o.export: OK
.lake/packages/mathlib/.lake/build/ir/Mathlib/Analysis/CStarAlgebra/Basic.c: OK
.lake/packages/mathlib/.lake/build/lib/lean/Mathlib/Analysis/CStarAlgebra/Basic.olean: OK
.lake/packages/mathlib/.lake/build/ir/Mathlib/Analysis/Complex/Arg.c.o.export: OK
.lake/packages/mathlib/.lake/build/ir/Mathlib/Analysis/Complex/Arg.c: OK
.lake/packages/mathlib/.lake/build/lib/lean/Mathlib/Analysis/Complex/Arg.olean: OK
.lake/packages/mathlib/.lake/build/ir/Mathlib/Analysis/Complex/Asymptotics.c.o.export: OK
.lake/packages/mathlib/.lake/build/ir/Mathlib/Analysis/Complex/Asymptotics.c: OK
.lake/packages/mathlib/.lake/build/lib/lean/Mathlib/Analysis/Complex/Asymptotics.olean: OK
.lake/packages/mathlib/.lake/build/ir/Mathlib/Analysis/Complex/Basic.c.o.export: OK
.lake/packages/mathlib/.lake/build/ir/Mathlib/Analysis/Complex/Basic.c: OK
.lake/packages/mathlib/.lake/build/lib/lean/Mathlib/Analysis/Complex/Basic.olean: OK
.lake/packages/mathlib/.lake/build/ir/Mathlib/Analysis/Complex/Exponential.c.o.export: OK
.lake/packages/mathlib/.lake/build/ir/Mathlib/Analysis/Complex/Exponential.c: OK
.lake/packages/mathlib/.lake/build/lib/lean/Mathlib/Analysis/Complex/Exponential.olean: OK
.lake/packages/mathlib/.lake/build/ir/Mathlib/Analysis/Complex/Norm.c.o.export: OK
.lake/packages/mathlib/.lake/build/ir/Mathlib/Analysis/Complex/Norm.c: OK
.lake/packages/mathlib/.lake/build/lib/lean/Mathlib/Analysis/Complex/Norm.olean: OK
.lake/packages/mathlib/.lake/build/ir/Mathlib/Analysis/Complex/Order.c.o.export: OK
.lake/packages/mathlib/.lake/build/ir/Mathlib/Analysis/Complex/Order.c: OK
.lake/packages/mathlib/.lake/build/lib/lean/Mathlib/Analysis/Complex/Order.olean: OK
.lake/packages/mathlib/.lake/build/ir/Mathlib/Analysis/Complex/Trigonometric.c.o.export: OK
.lake/packages/mathlib/.lake/build/ir/Mathlib/Analysis/Complex/Trigonometric.c: OK
.lake/packages/mathlib/.lake/build/lib/lean/Mathlib/Analysis/Complex/Trigonometric.olean: OK
.lake/packages/mathlib/.lake/build/ir/Mathlib/Analysis/Convex/Basic.c.o.export: OK
.lake/packages/mathlib/.lake/build/ir/Mathlib/Analysis/Convex/Basic.c: OK
.lake/packages/mathlib/.lake/build/lib/lean/Mathlib/Analysis/Convex/Basic.olean: OK
.lake/packages/mathlib/.lake/build/ir/Mathlib/Analysis/Convex/Combination.c.o.export: OK
.lake/packages/mathlib/.lake/build/ir/Mathlib/Analysis/Convex/Combination.c: OK
.lake/packages/mathlib/.lake/build/lib/lean/Mathlib/Analysis/Convex/Combination.olean: OK
.lake/packages/mathlib/.lake/build/ir/Mathlib/Analysis/Convex/Function.c.o.export: OK
.lake/packages/mathlib/.lake/build/ir/Mathlib/Analysis/Convex/Function.c: OK
.lake/packages/mathlib/.lake/build/lib/lean/Mathlib/Analysis/Convex/Function.olean: OK
.lake/packages/mathlib/.lake/build/ir/Mathlib/Analysis/Convex/Hull.c.o.export: OK
.lake/packages/mathlib/.lake/build/ir/Mathlib/Analysis/Convex/Hull.c: OK
.lake/packages/mathlib/.lake/build/lib/lean/Mathlib/Analysis/Convex/Hull.olean: OK
.lake/packages/mathlib/.lake/build/ir/Mathlib/Analysis/Convex/Jensen.c.o.export: OK
.lake/packages/mathlib/.lake/build/ir/Mathlib/Analysis/Convex/Jensen.c: OK
.lake/packages/mathlib/.lake/build/lib/lean/Mathlib/Analysis/Convex/Jensen.olean: OK
.lake/packages/mathlib/.lake/build/ir/Mathlib/Analysis/Convex/PathConnected.c.o.export: OK
.lake/packages/mathlib/.lake/build/ir/Mathlib/Analysis/Convex/PathConnected.c: OK
.lake/packages/mathlib/.lake/build/lib/lean/Mathlib/Analysis/Convex/PathConnected.olean: OK
.lake/packages/mathlib/.lake/build/ir/Mathlib/Analysis/Convex/Segment.c.o.export: OK
.lake/packages/mathlib/.lake/build/ir/Mathlib/Analysis/Convex/Segment.c: OK
.lake/packages/mathlib/.lake/build/lib/lean/Mathlib/Analysis/Convex/Segment.olean: OK
.lake/packages/mathlib/.lake/build/ir/Mathlib/Analysis/Convex/Star.c.o.export: OK
.lake/packages/mathlib/.lake/build/ir/Mathlib/Analysis/Convex/Star.c: OK
.lake/packages/mathlib/.lake/build/lib/lean/Mathlib/Analysis/Convex/Star.olean: OK
.lake/packages/mathlib/.lake/build/ir/Mathlib/Analysis/Convex/StdSimplex.c.o.export: OK
.lake/packages/mathlib/.lake/build/ir/Mathlib/Analysis/Convex/StdSimplex.c: OK
.lake/packages/mathlib/.lake/build/lib/lean/Mathlib/Analysis/Convex/StdSimplex.olean: OK
.lake/packages/mathlib/.lake/build/ir/Mathlib/Analysis/Convex/Strict.c.o.export: OK
.lake/packages/mathlib/.lake/build/ir/Mathlib/Analysis/Convex/Strict.c: OK
.lake/packages/mathlib/.lake/build/lib/lean/Mathlib/Analysis/Convex/Strict.olean: OK
.lake/packages/mathlib/.lake/build/ir/Mathlib/Analysis/Convex/StrictConvexSpace.c.o.export: OK
.lake/packages/mathlib/.lake/build/ir/Mathlib/Analysis/Convex/StrictConvexSpace.c: OK
.lake/packages/mathlib/.lake/build/lib/lean/Mathlib/Analysis/Convex/StrictConvexSpace.olean: OK
.lake/packages/mathlib/.lake/build/ir/Mathlib/Analysis/Convex/Topology.c.o.export: OK
.lake/packages/mathlib/.lake/build/ir/Mathlib/Analysis/Convex/Topology.c: OK
.lake/packages/mathlib/.lake/build/lib/lean/Mathlib/Analysis/Convex/Topology.olean: OK
.lake/packages/mathlib/.lake/build/ir/Mathlib/Analysis/Convex/Uniform.c.o.export: OK
.lake/packages/mathlib/.lake/build/ir/Mathlib/Analysis/Convex/Uniform.c: OK
.lake/packages/mathlib/.lake/build/lib/lean/Mathlib/Analysis/Convex/Uniform.olean: OK
.lake/packages/mathlib/.lake/build/ir/Mathlib/Analysis/InnerProductSpace/Basic.c.o.export: OK
.lake/packages/mathlib/.lake/build/ir/Mathlib/Analysis/InnerProductSpace/Basic.c: OK
.lake/packages/mathlib/.lake/build/lib/lean/Mathlib/Analysis/InnerProductSpace/Basic.olean: OK
.lake/packages/mathlib/.lake/build/ir/Mathlib/Analysis/InnerProductSpace/Convex.c.o.export: OK
.lake/packages/mathlib/.lake/build/ir/Mathlib/Analysis/InnerProductSpace/Convex.c: OK
.lake/packages/mathlib/.lake/build/lib/lean/Mathlib/Analysis/InnerProductSpace/Convex.olean: OK
.lake/packages/mathlib/.lake/build/ir/Mathlib/Analysis/InnerProductSpace/Defs.c.o.export: OK
.lake/packages/mathlib/.lake/build/ir/Mathlib/Analysis/InnerProductSpace/Defs.c: OK
.lake/packages/mathlib/.lake/build/lib/lean/Mathlib/Analysis/InnerProductSpace/Defs.olean: OK
.lake/packages/mathlib/.lake/build/ir/Mathlib/Analysis/LocallyConvex/BalancedCoreHull.c.o.export: OK
.lake/packages/mathlib/.lake/build/ir/Mathlib/Analysis/LocallyConvex/BalancedCoreHull.c: OK
.lake/packages/mathlib/.lake/build/lib/lean/Mathlib/Analysis/LocallyConvex/BalancedCoreHull.olean: OK
.lake/packages/mathlib/.lake/build/ir/Mathlib/Analysis/LocallyConvex/Basic.c.o.export: OK
.lake/packages/mathlib/.lake/build/ir/Mathlib/Analysis/LocallyConvex/Basic.c: OK
.lake/packages/mathlib/.lake/build/lib/lean/Mathlib/Analysis/LocallyConvex/Basic.olean: OK
.lake/packages/mathlib/.lake/build/ir/Mathlib/Analysis/LocallyConvex/Bounded.c.o.export: OK
.lake/packages/mathlib/.lake/build/ir/Mathlib/Analysis/LocallyConvex/Bounded.c: OK
.lake/packages/mathlib/.lake/build/lib/lean/Mathlib/Analysis/LocallyConvex/Bounded.olean: OK
.lake/packages/mathlib/.lake/build/ir/Mathlib/Analysis/LocallyConvex/WithSeminorms.c.o.export: OK
.lake/packages/mathlib/.lake/build/ir/Mathlib/Analysis/LocallyConvex/WithSeminorms.c: OK
.lake/packages/mathlib/.lake/build/lib/lean/Mathlib/Analysis/LocallyConvex/WithSeminorms.olean: OK
.lake/packages/mathlib/.lake/build/ir/Mathlib/Analysis/Normed/Field/Basic.c.o.export: OK
.lake/packages/mathlib/.lake/build/ir/Mathlib/Analysis/Normed/Field/Basic.c: OK
.lake/packages/mathlib/.lake/build/lib/lean/Mathlib/Analysis/Normed/Field/Basic.olean: OK
.lake/packages/mathlib/.lake/build/ir/Mathlib/Analysis/Normed/Field/Lemmas.c.o.export: OK
.lake/packages/mathlib/.lake/build/ir/Mathlib/Analysis/Normed/Field/Lemmas.c: OK
.lake/packages/mathlib/.lake/build/lib/lean/Mathlib/Analysis/Normed/Field/Lemmas.olean: OK
.lake/packages/mathlib/.lake/build/ir/Mathlib/Analysis/Normed/Group/AddCircle.c.o.export: OK
.lake/packages/mathlib/.lake/build/ir/Mathlib/Analysis/Normed/Group/AddCircle.c: OK
.lake/packages/mathlib/.lake/build/lib/lean/Mathlib/Analysis/Normed/Group/AddCircle.olean: OK
.lake/packages/mathlib/.lake/build/ir/Mathlib/Analysis/Normed/Group/Basic.c.o.export: OK
.lake/packages/mathlib/.lake/build/ir/Mathlib/Analysis/Normed/Group/Basic.c: OK
.lake/packages/mathlib/.lake/build/lib/lean/Mathlib/Analysis/Normed/Group/Basic.olean: OK
.lake/packages/mathlib/.lake/build/ir/Mathlib/Analysis/Normed/Group/Bounded.c.o.export: OK
.lake/packages/mathlib/.lake/build/ir/Mathlib/Analysis/Normed/Group/Bounded.c: OK
.lake/packages/mathlib/.lake/build/lib/lean/Mathlib/Analysis/Normed/Group/Bounded.olean: OK
.lake/packages/mathlib/.lake/build/ir/Mathlib/Analysis/Normed/Group/Constructions.c.o.export: OK
.lake/packages/mathlib/.lake/build/ir/Mathlib/Analysis/Normed/Group/Constructions.c: OK
.lake/packages/mathlib/.lake/build/lib/lean/Mathlib/Analysis/Normed/Group/Constructions.olean: OK
.lake/packages/mathlib/.lake/build/ir/Mathlib/Analysis/Normed/Group/Continuity.c.o.export: OK
.lake/packages/mathlib/.lake/build/ir/Mathlib/Analysis/Normed/Group/Continuity.c: OK
.lake/packages/mathlib/.lake/build/lib/lean/Mathlib/Analysis/Normed/Group/Continuity.olean: OK
.lake/packages/mathlib/.lake/build/ir/Mathlib/Analysis/Normed/Group/Defs.c.o.export: OK
.lake/packages/mathlib/.lake/build/ir/Mathlib/Analysis/Normed/Group/Defs.c: OK
.lake/packages/mathlib/.lake/build/lib/lean/Mathlib/Analysis/Normed/Group/Defs.olean: OK
.lake/packages/mathlib/.lake/build/ir/Mathlib/Analysis/Normed/Group/FunctionSeries.c.o.export: OK
.lake/packages/mathlib/.lake/build/ir/Mathlib/Analysis/Normed/Group/FunctionSeries.c: OK
.lake/packages/mathlib/.lake/build/lib/lean/Mathlib/Analysis/Normed/Group/FunctionSeries.olean: OK
.lake/packages/mathlib/.lake/build/ir/Mathlib/Analysis/Normed/Group/Hom.c.o.export: OK
.lake/packages/mathlib/.lake/build/ir/Mathlib/Analysis/Normed/Group/Hom.c: OK
.lake/packages/mathlib/.lake/build/lib/lean/Mathlib/Analysis/Normed/Group/Hom.olean: OK
.lake/packages/mathlib/.lake/build/ir/Mathlib/Analysis/Normed/Group/InfiniteSum.c.o.export: OK
.lake/packages/mathlib/.lake/build/ir/Mathlib/Analysis/Normed/Group/InfiniteSum.c: OK
.lake/packages/mathlib/.lake/build/lib/lean/Mathlib/Analysis/Normed/Group/InfiniteSum.olean: OK
.lake/packages/mathlib/.lake/build/ir/Mathlib/Analysis/Normed/Group/Int.c.o.export: OK
.lake/packages/mathlib/.lake/build/ir/Mathlib/Analysis/Normed/Group/Int.c: OK
.lake/packages/mathlib/.lake/build/lib/lean/Mathlib/Analysis/Normed/Group/Int.olean: OK
.lake/packages/mathlib/.lake/build/ir/Mathlib/Analysis/Normed/Group/Pointwise.c.o.export: OK
.lake/packages/mathlib/.lake/build/ir/Mathlib/Analysis/Normed/Group/Pointwise.c: OK
.lake/packages/mathlib/.lake/build/lib/lean/Mathlib/Analysis/Normed/Group/Pointwise.olean: OK
.lake/packages/mathlib/.lake/build/ir/Mathlib/Analysis/Normed/Group/Quotient.c.o.export: OK
.lake/packages/mathlib/.lake/build/ir/Mathlib/Analysis/Normed/Group/Quotient.c: OK
.lake/packages/mathlib/.lake/build/lib/lean/Mathlib/Analysis/Normed/Group/Quotient.olean: OK
.lake/packages/mathlib/.lake/build/ir/Mathlib/Analysis/Normed/Group/Rat.c.o.export: OK
.lake/packages/mathlib/.lake/build/ir/Mathlib/Analysis/Normed/Group/Rat.c: OK
.lake/packages/mathlib/.lake/build/lib/lean/Mathlib/Analysis/Normed/Group/Rat.olean: OK
.lake/packages/mathlib/.lake/build/ir/Mathlib/Analysis/Normed/Group/Real.c.o.export: OK
.lake/packages/mathlib/.lake/build/ir/Mathlib/Analysis/Normed/Group/Real.c: OK
.lake/packages/mathlib/.lake/build/lib/lean/Mathlib/Analysis/Normed/Group/Real.olean: OK
.lake/packages/mathlib/.lake/build/ir/Mathlib/Analysis/Normed/Group/Seminorm.c.o.export: OK
.lake/packages/mathlib/.lake/build/ir/Mathlib/Analysis/Normed/Group/Seminorm.c: OK
.lake/packages/mathlib/.lake/build/lib/lean/Mathlib/Analysis/Normed/Group/Seminorm.olean: OK
.lake/packages/mathlib/.lake/build/ir/Mathlib/Analysis/Normed/Group/Subgroup.c.o.export: OK
.lake/packages/mathlib/.lake/build/ir/Mathlib/Analysis/Normed/Group/Subgroup.c: OK
.lake/packages/mathlib/.lake/build/lib/lean/Mathlib/Analysis/Normed/Group/Subgroup.olean: OK
.lake/packages/mathlib/.lake/build/ir/Mathlib/Analysis/Normed/Group/Submodule.c.o.export: OK
.lake/packages/mathlib/.lake/build/ir/Mathlib/Analysis/Normed/Group/Submodule.c: OK
.lake/packages/mathlib/.lake/build/lib/lean/Mathlib/Analysis/Normed/Group/Submodule.olean: OK
.lake/packages/mathlib/.lake/build/ir/Mathlib/Analysis/Normed/Group/Uniform.c.o.export: OK
.lake/packages/mathlib/.lake/build/ir/Mathlib/Analysis/Normed/Group/Uniform.c: OK
.lake/packages/mathlib/.lake/build/lib/lean/Mathlib/Analysis/Normed/Group/Uniform.olean: OK
.lake/packages/mathlib/.lake/build/ir/Mathlib/Analysis/Normed/Module/Ball/Pointwise.c.o.export: OK
.lake/packages/mathlib/.lake/build/ir/Mathlib/Analysis/Normed/Module/Ball/Pointwise.c: OK
.lake/packages/mathlib/.lake/build/lib/lean/Mathlib/Analysis/Normed/Module/Ball/Pointwise.olean: OK
.lake/packages/mathlib/.lake/build/ir/Mathlib/Analysis/Normed/Module/Basic.c.o.export: OK
.lake/packages/mathlib/.lake/build/ir/Mathlib/Analysis/Normed/Module/Basic.c: OK
.lake/packages/mathlib/.lake/build/lib/lean/Mathlib/Analysis/Normed/Module/Basic.olean: OK
.lake/packages/mathlib/.lake/build/ir/Mathlib/Analysis/Normed/Module/Convex.c.o.export: OK
.lake/packages/mathlib/.lake/build/ir/Mathlib/Analysis/Normed/Module/Convex.c: OK
.lake/packages/mathlib/.lake/build/lib/lean/Mathlib/Analysis/Normed/Module/Convex.olean: OK
.lake/packages/mathlib/.lake/build/ir/Mathlib/Analysis/Normed/Module/RCLike/Real.c.o.export: OK
.lake/packages/mathlib/.lake/build/ir/Mathlib/Analysis/Normed/Module/RCLike/Real.c: OK
.lake/packages/mathlib/.lake/build/lib/lean/Mathlib/Analysis/Normed/Module/RCLike/Real.olean: OK
.lake/packages/mathlib/.lake/build/ir/Mathlib/Analysis/Normed/Module/Ray.c.o.export: OK
.lake/packages/mathlib/.lake/build/ir/Mathlib/Analysis/Normed/Module/Ray.c: OK
.lake/packages/mathlib/.lake/build/lib/lean/Mathlib/Analysis/Normed/Module/Ray.olean: OK
.lake/packages/mathlib/.lake/build/ir/Mathlib/Analysis/Normed/MulAction.c.o.export: OK
.lake/packages/mathlib/.lake/build/ir/Mathlib/Analysis/Normed/MulAction.c: OK
.lake/packages/mathlib/.lake/build/lib/lean/Mathlib/Analysis/Normed/MulAction.olean: OK
.lake/packages/mathlib/.lake/build/ir/Mathlib/Analysis/Normed/Operator/Basic.c.o.export: OK
.lake/packages/mathlib/.lake/build/ir/Mathlib/Analysis/Normed/Operator/Basic.c: OK
.lake/packages/mathlib/.lake/build/lib/lean/Mathlib/Analysis/Normed/Operator/Basic.olean: OK
.lake/packages/mathlib/.lake/build/ir/Mathlib/Analysis/Normed/Operator/ContinuousLinearMap.c.o.export: OK
.lake/packages/mathlib/.lake/build/ir/Mathlib/Analysis/Normed/Operator/ContinuousLinearMap.c: OK
.lake/packages/mathlib/.lake/build/lib/lean/Mathlib/Analysis/Normed/Operator/ContinuousLinearMap.olean: OK
.lake/packages/mathlib/.lake/build/ir/Mathlib/Analysis/Normed/Operator/LinearIsometry.c.o.export: OK
.lake/packages/mathlib/.lake/build/ir/Mathlib/Analysis/Normed/Operator/LinearIsometry.c: OK
.lake/packages/mathlib/.lake/build/lib/lean/Mathlib/Analysis/Normed/Operator/LinearIsometry.olean: OK
.lake/packages/mathlib/.lake/build/ir/Mathlib/Analysis/Normed/Order/Lattice.c.o.export: OK
.lake/packages/mathlib/.lake/build/ir/Mathlib/Analysis/Normed/Order/Lattice.c: OK
.lake/packages/mathlib/.lake/build/lib/lean/Mathlib/Analysis/Normed/Order/Lattice.olean: OK
.lake/packages/mathlib/.lake/build/ir/Mathlib/Analysis/Normed/Ring/Basic.c.o.export: OK
.lake/packages/mathlib/.lake/build/ir/Mathlib/Analysis/Normed/Ring/Basic.c: OK
.lake/packages/mathlib/.lake/build/lib/lean/Mathlib/Analysis/Normed/Ring/Basic.olean: OK
.lake/packages/mathlib/.lake/build/ir/Mathlib/Analysis/Normed/Ring/Finite.c.o.export: OK
.lake/packages/mathlib/.lake/build/ir/Mathlib/Analysis/Normed/Ring/Finite.c: OK
.lake/packages/mathlib/.lake/build/lib/lean/Mathlib/Analysis/Normed/Ring/Finite.olean: OK
.lake/packages/mathlib/.lake/build/ir/Mathlib/Analysis/Normed/Ring/InfiniteSum.c.o.export: OK
.lake/packages/mathlib/.lake/build/ir/Mathlib/Analysis/Normed/Ring/InfiniteSum.c: OK
.lake/packages/mathlib/.lake/build/lib/lean/Mathlib/Analysis/Normed/Ring/InfiniteSum.olean: OK
.lake/packages/mathlib/.lake/build/ir/Mathlib/Analysis/Normed/Ring/Lemmas.c.o.export: OK
.lake/packages/mathlib/.lake/build/ir/Mathlib/Analysis/Normed/Ring/Lemmas.c: OK
.lake/packages/mathlib/.lake/build/lib/lean/Mathlib/Analysis/Normed/Ring/Lemmas.olean: OK
.lake/packages/mathlib/.lake/build/ir/Mathlib/Analysis/RCLike/Basic.c.o.export: OK
.lake/packages/mathlib/.lake/build/ir/Mathlib/Analysis/RCLike/Basic.c: OK
.lake/packages/mathlib/.lake/build/lib/lean/Mathlib/Analysis/RCLike/Basic.olean: OK
.lake/packages/mathlib/.lake/build/ir/Mathlib/Analysis/Seminorm.c.o.export: OK
.lake/packages/mathlib/.lake/build/ir/Mathlib/Analysis/Seminorm.c: OK
.lake/packages/mathlib/.lake/build/lib/lean/Mathlib/Analysis/Seminorm.olean: OK
.lake/packages/mathlib/.lake/build/ir/Mathlib/Analysis/SpecialFunctions/Complex/Arg.c.o.export: OK
.lake/packages/mathlib/.lake/build/ir/Mathlib/Analysis/SpecialFunctions/Complex/Arg.c: OK
.lake/packages/mathlib/.lake/build/lib/lean/Mathlib/Analysis/SpecialFunctions/Complex/Arg.olean: OK
.lake/packages/mathlib/.lake/build/ir/Mathlib/Analysis/SpecialFunctions/Complex/Log.c.o.export: OK
.lake/packages/mathlib/.lake/build/ir/Mathlib/Analysis/SpecialFunctions/Complex/Log.c: OK
.lake/packages/mathlib/.lake/build/lib/lean/Mathlib/Analysis/SpecialFunctions/Complex/Log.olean: OK
.lake/packages/mathlib/.lake/build/ir/Mathlib/Analysis/SpecialFunctions/Exp.c.o.export: OK
.lake/packages/mathlib/.lake/build/ir/Mathlib/Analysis/SpecialFunctions/Exp.c: OK
.lake/packages/mathlib/.lake/build/lib/lean/Mathlib/Analysis/SpecialFunctions/Exp.olean: OK
.lake/packages/mathlib/.lake/build/ir/Mathlib/Analysis/SpecialFunctions/Log/Basic.c.o.export: OK
.lake/packages/mathlib/.lake/build/ir/Mathlib/Analysis/SpecialFunctions/Log/Basic.c: OK
.lake/packages/mathlib/.lake/build/lib/lean/Mathlib/Analysis/SpecialFunctions/Log/Basic.olean: OK
.lake/packages/mathlib/.lake/build/ir/Mathlib/Analysis/SpecialFunctions/Pow/Asymptotics.c.o.export: OK
.lake/packages/mathlib/.lake/build/ir/Mathlib/Analysis/SpecialFunctions/Pow/Asymptotics.c: OK
.lake/packages/mathlib/.lake/build/lib/lean/Mathlib/Analysis/SpecialFunctions/Pow/Asymptotics.olean: OK
.lake/packages/mathlib/.lake/build/ir/Mathlib/Analysis/SpecialFunctions/Pow/Complex.c.o.export: OK
.lake/packages/mathlib/.lake/build/ir/Mathlib/Analysis/SpecialFunctions/Pow/Complex.c: OK
.lake/packages/mathlib/.lake/build/lib/lean/Mathlib/Analysis/SpecialFunctions/Pow/Complex.olean: OK
.lake/packages/mathlib/.lake/build/ir/Mathlib/Analysis/SpecialFunctions/Pow/NNReal.c.o.export: OK
.lake/packages/mathlib/.lake/build/ir/Mathlib/Analysis/SpecialFunctions/Pow/NNReal.c: OK
.lake/packages/mathlib/.lake/build/lib/lean/Mathlib/Analysis/SpecialFunctions/Pow/NNReal.olean: OK
.lake/packages/mathlib/.lake/build/ir/Mathlib/Analysis/SpecialFunctions/Pow/Real.c.o.export: OK
.lake/packages/mathlib/.lake/build/ir/Mathlib/Analysis/SpecialFunctions/Pow/Real.c: OK
.lake/packages/mathlib/.lake/build/lib/lean/Mathlib/Analysis/SpecialFunctions/Pow/Real.olean: OK
.lake/packages/mathlib/.lake/build/ir/Mathlib/Analysis/SpecialFunctions/Trigonometric/Angle.c.o.export: OK
.lake/packages/mathlib/.lake/build/ir/Mathlib/Analysis/SpecialFunctions/Trigonometric/Angle.c: OK
.lake/packages/mathlib/.lake/build/lib/lean/Mathlib/Analysis/SpecialFunctions/Trigonometric/Angle.olean: OK
.lake/packages/mathlib/.lake/build/ir/Mathlib/Analysis/SpecialFunctions/Trigonometric/Basic.c.o.export: OK
.lake/packages/mathlib/.lake/build/ir/Mathlib/Analysis/SpecialFunctions/Trigonometric/Basic.c: OK
.lake/packages/mathlib/.lake/build/lib/lean/Mathlib/Analysis/SpecialFunctions/Trigonometric/Basic.olean: OK
.lake/packages/mathlib/.lake/build/ir/Mathlib/Analysis/SpecialFunctions/Trigonometric/Inverse.c.o.export: OK
.lake/packages/mathlib/.lake/build/ir/Mathlib/Analysis/SpecialFunctions/Trigonometric/Inverse.c: OK
.lake/packages/mathlib/.lake/build/lib/lean/Mathlib/Analysis/SpecialFunctions/Trigonometric/Inverse.olean: OK
.lake/packages/mathlib/.lake/build/ir/Mathlib/Analysis/SpecificLimits/Basic.c.o.export: OK
.lake/packages/mathlib/.lake/build/ir/Mathlib/Analysis/SpecificLimits/Basic.c: OK
.lake/packages/mathlib/.lake/build/lib/lean/Mathlib/Analysis/SpecificLimits/Basic.olean: OK
.lake/packages/mathlib/.lake/build/ir/Mathlib/Analysis/SpecificLimits/Normed.c.o.export: OK
.lake/packages/mathlib/.lake/build/ir/Mathlib/Analysis/SpecificLimits/Normed.c: OK
.lake/packages/mathlib/.lake/build/lib/lean/Mathlib/Analysis/SpecificLimits/Normed.olean: OK
.lake/packages/mathlib/.lake/build/ir/Mathlib/CategoryTheory/Adjunction/Basic.c.o.export: OK
.lake/packages/mathlib/.lake/build/ir/Mathlib/CategoryTheory/Adjunction/Basic.c: OK
.lake/packages/mathlib/.lake/build/lib/lean/Mathlib/CategoryTheory/Adjunction/Basic.olean: OK
.lake/packages/mathlib/.lake/build/ir/Mathlib/CategoryTheory/Adjunction/FullyFaithful.c.o.export: OK
.lake/packages/mathlib/.lake/build/ir/Mathlib/CategoryTheory/Adjunction/FullyFaithful.c: OK
.lake/packages/mathlib/.lake/build/lib/lean/Mathlib/CategoryTheory/Adjunction/FullyFaithful.olean: OK
.lake/packages/mathlib/.lake/build/ir/Mathlib/CategoryTheory/Adjunction/Mates.c.o.export: OK
.lake/packages/mathlib/.lake/build/ir/Mathlib/CategoryTheory/Adjunction/Mates.c: OK
.lake/packages/mathlib/.lake/build/lib/lean/Mathlib/CategoryTheory/Adjunction/Mates.olean: OK
.lake/packages/mathlib/.lake/build/ir/Mathlib/CategoryTheory/Balanced.c.o.export: OK
.lake/packages/mathlib/.lake/build/ir/Mathlib/CategoryTheory/Balanced.c: OK
.lake/packages/mathlib/.lake/build/lib/lean/Mathlib/CategoryTheory/Balanced.olean: OK
.lake/packages/mathlib/.lake/build/ir/Mathlib/CategoryTheory/Bicategory/Basic.c.o.export: OK
.lake/packages/mathlib/.lake/build/ir/Mathlib/CategoryTheory/Bicategory/Basic.c: OK
.lake/packages/mathlib/.lake/build/lib/lean/Mathlib/CategoryTheory/Bicategory/Basic.olean: OK
.lake/packages/mathlib/.lake/build/ir/Mathlib/CategoryTheory/Bicategory/Free.c.o.export: OK
.lake/packages/mathlib/.lake/build/ir/Mathlib/CategoryTheory/Bicategory/Free.c: OK
.lake/packages/mathlib/.lake/build/lib/lean/Mathlib/CategoryTheory/Bicategory/Free.olean: OK
.lake/packages/mathlib/.lake/build/ir/Mathlib/CategoryTheory/Bicategory/Functor/Lax.c.o.export: OK
.lake/packages/mathlib/.lake/build/ir/Mathlib/CategoryTheory/Bicategory/Functor/Lax.c: OK
.lake/packages/mathlib/.lake/build/lib/lean/Mathlib/CategoryTheory/Bicategory/Functor/Lax.olean: OK
.lake/packages/mathlib/.lake/build/ir/Mathlib/CategoryTheory/Bicategory/Functor/Oplax.c.o.export: OK
.lake/packages/mathlib/.lake/build/ir/Mathlib/CategoryTheory/Bicategory/Functor/Oplax.c: OK
.lake/packages/mathlib/.lake/build/lib/lean/Mathlib/CategoryTheory/Bicategory/Functor/Oplax.olean: OK
.lake/packages/mathlib/.lake/build/ir/Mathlib/CategoryTheory/Bicategory/Functor/Prelax.c.o.export: OK
.lake/packages/mathlib/.lake/build/ir/Mathlib/CategoryTheory/Bicategory/Functor/Prelax.c: OK
.lake/packages/mathlib/.lake/build/lib/lean/Mathlib/CategoryTheory/Bicategory/Functor/Prelax.olean: OK
.lake/packages/mathlib/.lake/build/ir/Mathlib/CategoryTheory/Bicategory/Functor/Pseudofunctor.c.o.export: OK
.lake/packages/mathlib/.lake/build/ir/Mathlib/CategoryTheory/Bicategory/Functor/Pseudofunctor.c: OK
.lake/packages/mathlib/.lake/build/lib/lean/Mathlib/CategoryTheory/Bicategory/Functor/Pseudofunctor.olean: OK
.lake/packages/mathlib/.lake/build/ir/Mathlib/CategoryTheory/Bicategory/Strict/Basic.c.o.export: OK
.lake/packages/mathlib/.lake/build/ir/Mathlib/CategoryTheory/Bicategory/Strict/Basic.c: OK
.lake/packages/mathlib/.lake/build/lib/lean/Mathlib/CategoryTheory/Bicategory/Strict/Basic.olean: OK
.lake/packages/mathlib/.lake/build/ir/Mathlib/CategoryTheory/Category/Basic.c.o.export: OK
.lake/packages/mathlib/.lake/build/ir/Mathlib/CategoryTheory/Category/Basic.c: OK
.lake/packages/mathlib/.lake/build/lib/lean/Mathlib/CategoryTheory/Category/Basic.olean: OK
.lake/packages/mathlib/.lake/build/ir/Mathlib/CategoryTheory/Category/Cat.c.o.export: OK
.lake/packages/mathlib/.lake/build/ir/Mathlib/CategoryTheory/Category/Cat.c: OK
.lake/packages/mathlib/.lake/build/lib/lean/Mathlib/CategoryTheory/Category/Cat.olean: OK
.lake/packages/mathlib/.lake/build/ir/Mathlib/CategoryTheory/Category/Cat/AsSmall.c.o.export: OK
.lake/packages/mathlib/.lake/build/ir/Mathlib/CategoryTheory/Category/Cat/AsSmall.c: OK
.lake/packages/mathlib/.lake/build/lib/lean/Mathlib/CategoryTheory/Category/Cat/AsSmall.olean: OK
.lake/packages/mathlib/.lake/build/ir/Mathlib/CategoryTheory/Category/Init.c.o.export: OK
.lake/packages/mathlib/.lake/build/ir/Mathlib/CategoryTheory/Category/Init.c: OK
.lake/packages/mathlib/.lake/build/lib/lean/Mathlib/CategoryTheory/Category/Init.olean: OK
.lake/packages/mathlib/.lake/build/ir/Mathlib/CategoryTheory/Category/Preorder.c.o.export: OK
.lake/packages/mathlib/.lake/build/ir/Mathlib/CategoryTheory/Category/Preorder.c: OK
.lake/packages/mathlib/.lake/build/lib/lean/Mathlib/CategoryTheory/Category/Preorder.olean: OK
.lake/packages/mathlib/.lake/build/ir/Mathlib/CategoryTheory/Category/ULift.c.o.export: OK
.lake/packages/mathlib/.lake/build/ir/Mathlib/CategoryTheory/Category/ULift.c: OK
.lake/packages/mathlib/.lake/build/lib/lean/Mathlib/CategoryTheory/Category/ULift.olean: OK
.lake/packages/mathlib/.lake/build/ir/Mathlib/CategoryTheory/CommSq.c.o.export: OK
.lake/packages/mathlib/.lake/build/ir/Mathlib/CategoryTheory/CommSq.c: OK
.lake/packages/mathlib/.lake/build/lib/lean/Mathlib/CategoryTheory/CommSq.olean: OK
.lake/packages/mathlib/.lake/build/ir/Mathlib/CategoryTheory/Comma/Arrow.c.o.export: OK
.lake/packages/mathlib/.lake/build/ir/Mathlib/CategoryTheory/Comma/Arrow.c: OK
.lake/packages/mathlib/.lake/build/lib/lean/Mathlib/CategoryTheory/Comma/Arrow.olean: OK
.lake/packages/mathlib/.lake/build/ir/Mathlib/CategoryTheory/Comma/Basic.c.o.export: OK
.lake/packages/mathlib/.lake/build/ir/Mathlib/CategoryTheory/Comma/Basic.c: OK
.lake/packages/mathlib/.lake/build/lib/lean/Mathlib/CategoryTheory/Comma/Basic.olean: OK
.lake/packages/mathlib/.lake/build/ir/Mathlib/CategoryTheory/Comma/Over/Basic.c.o.export: OK
.lake/packages/mathlib/.lake/build/ir/Mathlib/CategoryTheory/Comma/Over/Basic.c: OK
.lake/packages/mathlib/.lake/build/lib/lean/Mathlib/CategoryTheory/Comma/Over/Basic.olean: OK
.lake/packages/mathlib/.lake/build/ir/Mathlib/CategoryTheory/Comma/Over/Pullback.c.o.export: OK
.lake/packages/mathlib/.lake/build/ir/Mathlib/CategoryTheory/Comma/Over/Pullback.c: OK
.lake/packages/mathlib/.lake/build/lib/lean/Mathlib/CategoryTheory/Comma/Over/Pullback.olean: OK
.lake/packages/mathlib/.lake/build/ir/Mathlib/CategoryTheory/Comma/StructuredArrow/Basic.c.o.export: OK
.lake/packages/mathlib/.lake/build/ir/Mathlib/CategoryTheory/Comma/StructuredArrow/Basic.c: OK
.lake/packages/mathlib/.lake/build/lib/lean/Mathlib/CategoryTheory/Comma/StructuredArrow/Basic.olean: OK
.lake/packages/mathlib/.lake/build/ir/Mathlib/CategoryTheory/ConcreteCategory/Basic.c.o.export: OK
.lake/packages/mathlib/.lake/build/ir/Mathlib/CategoryTheory/ConcreteCategory/Basic.c: OK
.lake/packages/mathlib/.lake/build/lib/lean/Mathlib/CategoryTheory/ConcreteCategory/Basic.olean: OK
.lake/packages/mathlib/.lake/build/ir/Mathlib/CategoryTheory/ConcreteCategory/Bundled.c.o.export: OK
.lake/packages/mathlib/.lake/build/ir/Mathlib/CategoryTheory/ConcreteCategory/Bundled.c: OK
.lake/packages/mathlib/.lake/build/lib/lean/Mathlib/CategoryTheory/ConcreteCategory/Bundled.olean: OK
.lake/packages/mathlib/.lake/build/ir/Mathlib/CategoryTheory/ConcreteCategory/Forget.c.o.export: OK
.lake/packages/mathlib/.lake/build/ir/Mathlib/CategoryTheory/ConcreteCategory/Forget.c: OK
.lake/packages/mathlib/.lake/build/lib/lean/Mathlib/CategoryTheory/ConcreteCategory/Forget.olean: OK
.lake/packages/mathlib/.lake/build/ir/Mathlib/CategoryTheory/ConcreteCategory/ReflectsIso.c.o.export: OK
.lake/packages/mathlib/.lake/build/ir/Mathlib/CategoryTheory/ConcreteCategory/ReflectsIso.c: OK
.lake/packages/mathlib/.lake/build/lib/lean/Mathlib/CategoryTheory/ConcreteCategory/ReflectsIso.olean: OK
.lake/packages/mathlib/.lake/build/ir/Mathlib/CategoryTheory/Discrete/Basic.c.o.export: OK
.lake/packages/mathlib/.lake/build/ir/Mathlib/CategoryTheory/Discrete/Basic.c: OK
.lake/packages/mathlib/.lake/build/lib/lean/Mathlib/CategoryTheory/Discrete/Basic.olean: OK
.lake/packages/mathlib/.lake/build/ir/Mathlib/CategoryTheory/EffectiveEpi/Basic.c.o.export: OK
.lake/packages/mathlib/.lake/build/ir/Mathlib/CategoryTheory/EffectiveEpi/Basic.c: OK
.lake/packages/mathlib/.lake/build/lib/lean/Mathlib/CategoryTheory/EffectiveEpi/Basic.olean: OK
.lake/packages/mathlib/.lake/build/ir/Mathlib/CategoryTheory/Elements.c.o.export: OK
.lake/packages/mathlib/.lake/build/ir/Mathlib/CategoryTheory/Elements.c: OK
.lake/packages/mathlib/.lake/build/lib/lean/Mathlib/CategoryTheory/Elements.olean: OK
.lake/packages/mathlib/.lake/build/ir/Mathlib/CategoryTheory/Elementwise.c.o.export: OK
.lake/packages/mathlib/.lake/build/ir/Mathlib/CategoryTheory/Elementwise.c: OK
.lake/packages/mathlib/.lake/build/lib/lean/Mathlib/CategoryTheory/Elementwise.olean: OK
.lake/packages/mathlib/.lake/build/ir/Mathlib/CategoryTheory/Endomorphism.c.o.export: OK
.lake/packages/mathlib/.lake/build/ir/Mathlib/CategoryTheory/Endomorphism.c: OK
.lake/packages/mathlib/.lake/build/lib/lean/Mathlib/CategoryTheory/Endomorphism.olean: OK
.lake/packages/mathlib/.lake/build/ir/Mathlib/CategoryTheory/EpiMono.c.o.export: OK
.lake/packages/mathlib/.lake/build/ir/Mathlib/CategoryTheory/EpiMono.c: OK
.lake/packages/mathlib/.lake/build/lib/lean/Mathlib/CategoryTheory/EpiMono.olean: OK
.lake/packages/mathlib/.lake/build/ir/Mathlib/CategoryTheory/EqToHom.c.o.export: OK
.lake/packages/mathlib/.lake/build/ir/Mathlib/CategoryTheory/EqToHom.c: OK
.lake/packages/mathlib/.lake/build/lib/lean/Mathlib/CategoryTheory/EqToHom.olean: OK
.lake/packages/mathlib/.lake/build/ir/Mathlib/CategoryTheory/Equivalence.c.o.export: OK
.lake/packages/mathlib/.lake/build/ir/Mathlib/CategoryTheory/Equivalence.c: OK
.lake/packages/mathlib/.lake/build/lib/lean/Mathlib/CategoryTheory/Equivalence.olean: OK
.lake/packages/mathlib/.lake/build/ir/Mathlib/CategoryTheory/EssentialImage.c.o.export: OK
.lake/packages/mathlib/.lake/build/ir/Mathlib/CategoryTheory/EssentialImage.c: OK
.lake/packages/mathlib/.lake/build/lib/lean/Mathlib/CategoryTheory/EssentialImage.olean: OK
.lake/packages/mathlib/.lake/build/ir/Mathlib/CategoryTheory/EssentiallySmall.c.o.export: OK
.lake/packages/mathlib/.lake/build/ir/Mathlib/CategoryTheory/EssentiallySmall.c: OK
.lake/packages/mathlib/.lake/build/lib/lean/Mathlib/CategoryTheory/EssentiallySmall.olean: OK
.lake/packages/mathlib/.lake/build/ir/Mathlib/CategoryTheory/Filtered/Basic.c.o.export: OK
.lake/packages/mathlib/.lake/build/ir/Mathlib/CategoryTheory/Filtered/Basic.c: OK
.lake/packages/mathlib/.lake/build/lib/lean/Mathlib/CategoryTheory/Filtered/Basic.olean: OK
.lake/packages/mathlib/.lake/build/ir/Mathlib/CategoryTheory/Filtered/Connected.c.o.export: OK
.lake/packages/mathlib/.lake/build/ir/Mathlib/CategoryTheory/Filtered/Connected.c: OK
.lake/packages/mathlib/.lake/build/lib/lean/Mathlib/CategoryTheory/Filtered/Connected.olean: OK
.lake/packages/mathlib/.lake/build/ir/Mathlib/CategoryTheory/FinCategory/AsType.c.o.export: OK
.lake/packages/mathlib/.lake/build/ir/Mathlib/CategoryTheory/FinCategory/AsType.c: OK
.lake/packages/mathlib/.lake/build/lib/lean/Mathlib/CategoryTheory/FinCategory/AsType.olean: OK
.lake/packages/mathlib/.lake/build/ir/Mathlib/CategoryTheory/FinCategory/Basic.c.o.export: OK
.lake/packages/mathlib/.lake/build/ir/Mathlib/CategoryTheory/FinCategory/Basic.c: OK
.lake/packages/mathlib/.lake/build/lib/lean/Mathlib/CategoryTheory/FinCategory/Basic.olean: OK
.lake/packages/mathlib/.lake/build/ir/Mathlib/CategoryTheory/Functor/Basic.c.o.export: OK
.lake/packages/mathlib/.lake/build/ir/Mathlib/CategoryTheory/Functor/Basic.c: OK
.lake/packages/mathlib/.lake/build/lib/lean/Mathlib/CategoryTheory/Functor/Basic.olean: OK
.lake/packages/mathlib/.lake/build/ir/Mathlib/CategoryTheory/Functor/Category.c.o.export: OK
.lake/packages/mathlib/.lake/build/ir/Mathlib/CategoryTheory/Functor/Category.c: OK
.lake/packages/mathlib/.lake/build/lib/lean/Mathlib/CategoryTheory/Functor/Category.olean: OK
.lake/packages/mathlib/.lake/build/ir/Mathlib/CategoryTheory/Functor/Const.c.o.export: OK
.lake/packages/mathlib/.lake/build/ir/Mathlib/CategoryTheory/Functor/Const.c: OK
.lake/packages/mathlib/.lake/build/lib/lean/Mathlib/CategoryTheory/Functor/Const.olean: OK
.lake/packages/mathlib/.lake/build/ir/Mathlib/CategoryTheory/Functor/Currying.c.o.export: OK
.lake/packages/mathlib/.lake/build/ir/Mathlib/CategoryTheory/Functor/Currying.c: OK
.lake/packages/mathlib/.lake/build/lib/lean/Mathlib/CategoryTheory/Functor/Currying.olean: OK
.lake/packages/mathlib/.lake/build/ir/Mathlib/CategoryTheory/Functor/EpiMono.c.o.export: OK
.lake/packages/mathlib/.lake/build/ir/Mathlib/CategoryTheory/Functor/EpiMono.c: OK
.lake/packages/mathlib/.lake/build/lib/lean/Mathlib/CategoryTheory/Functor/EpiMono.olean: OK
.lake/packages/mathlib/.lake/build/ir/Mathlib/CategoryTheory/Functor/FullyFaithful.c.o.export: OK
.lake/packages/mathlib/.lake/build/ir/Mathlib/CategoryTheory/Functor/FullyFaithful.c: OK
.lake/packages/mathlib/.lake/build/lib/lean/Mathlib/CategoryTheory/Functor/FullyFaithful.olean: OK
.lake/packages/mathlib/.lake/build/ir/Mathlib/CategoryTheory/Functor/Hom.c.o.export: OK
.lake/packages/mathlib/.lake/build/ir/Mathlib/CategoryTheory/Functor/Hom.c: OK
.lake/packages/mathlib/.lake/build/lib/lean/Mathlib/CategoryTheory/Functor/Hom.olean: OK
.lake/packages/mathlib/.lake/build/ir/Mathlib/CategoryTheory/Functor/ReflectsIso/Basic.c.o.export: OK
.lake/packages/mathlib/.lake/build/ir/Mathlib/CategoryTheory/Functor/ReflectsIso/Basic.c: OK
.lake/packages/mathlib/.lake/build/lib/lean/Mathlib/CategoryTheory/Functor/ReflectsIso/Basic.olean: OK
.lake/packages/mathlib/.lake/build/ir/Mathlib/CategoryTheory/Functor/Trifunctor.c.o.export: OK
.lake/packages/mathlib/.lake/build/ir/Mathlib/CategoryTheory/Functor/Trifunctor.c: OK
.lake/packages/mathlib/.lake/build/lib/lean/Mathlib/CategoryTheory/Functor/Trifunctor.olean: OK
.lake/packages/mathlib/.lake/build/ir/Mathlib/CategoryTheory/Functor/TwoSquare.c.o.export: OK
.lake/packages/mathlib/.lake/build/ir/Mathlib/CategoryTheory/Functor/TwoSquare.c: OK
.lake/packages/mathlib/.lake/build/lib/lean/Mathlib/CategoryTheory/Functor/TwoSquare.olean: OK
.lake/packages/mathlib/.lake/build/ir/Mathlib/CategoryTheory/Grothendieck.c.o.export: OK
.lake/packages/mathlib/.lake/build/ir/Mathlib/CategoryTheory/Grothendieck.c: OK
.lake/packages/mathlib/.lake/build/lib/lean/Mathlib/CategoryTheory/Grothendieck.olean: OK
.lake/packages/mathlib/.lake/build/ir/Mathlib/CategoryTheory/Groupoid.c.o.export: OK
.lake/packages/mathlib/.lake/build/ir/Mathlib/CategoryTheory/Groupoid.c: OK
.lake/packages/mathlib/.lake/build/lib/lean/Mathlib/CategoryTheory/Groupoid.olean: OK
.lake/packages/mathlib/.lake/build/ir/Mathlib/CategoryTheory/HomCongr.c.o.export: OK
.lake/packages/mathlib/.lake/build/ir/Mathlib/CategoryTheory/HomCongr.c: OK
.lake/packages/mathlib/.lake/build/lib/lean/Mathlib/CategoryTheory/HomCongr.olean: OK
.lake/packages/mathlib/.lake/build/ir/Mathlib/CategoryTheory/InducedCategory.c.o.export: OK
.lake/packages/mathlib/.lake/build/ir/Mathlib/CategoryTheory/InducedCategory.c: OK
.lake/packages/mathlib/.lake/build/lib/lean/Mathlib/CategoryTheory/InducedCategory.olean: OK
.lake/packages/mathlib/.lake/build/ir/Mathlib/CategoryTheory/IsConnected.c.o.export: OK
.lake/packages/mathlib/.lake/build/ir/Mathlib/CategoryTheory/IsConnected.c: OK
.lake/packages/mathlib/.lake/build/lib/lean/Mathlib/CategoryTheory/IsConnected.olean: OK
.lake/packages/mathlib/.lake/build/ir/Mathlib/CategoryTheory/Iso.c.o.export: OK
.lake/packages/mathlib/.lake/build/ir/Mathlib/CategoryTheory/Iso.c: OK
.lake/packages/mathlib/.lake/build/lib/lean/Mathlib/CategoryTheory/Iso.olean: OK
.lake/packages/mathlib/.lake/build/ir/Mathlib/CategoryTheory/IsomorphismClasses.c.o.export: OK
.lake/packages/mathlib/.lake/build/ir/Mathlib/CategoryTheory/IsomorphismClasses.c: OK
.lake/packages/mathlib/.lake/build/lib/lean/Mathlib/CategoryTheory/IsomorphismClasses.olean: OK
.lake/packages/mathlib/.lake/build/ir/Mathlib/CategoryTheory/LiftingProperties/Adjunction.c.o.export: OK
.lake/packages/mathlib/.lake/build/ir/Mathlib/CategoryTheory/LiftingProperties/Adjunction.c: OK
.lake/packages/mathlib/.lake/build/lib/lean/Mathlib/CategoryTheory/LiftingProperties/Adjunction.olean: OK
.lake/packages/mathlib/.lake/build/ir/Mathlib/CategoryTheory/LiftingProperties/Basic.c.o.export: OK
.lake/packages/mathlib/.lake/build/ir/Mathlib/CategoryTheory/LiftingProperties/Basic.c: OK
.lake/packages/mathlib/.lake/build/lib/lean/Mathlib/CategoryTheory/LiftingProperties/Basic.olean: OK
.lake/packages/mathlib/.lake/build/ir/Mathlib/CategoryTheory/Limits/ConcreteCategory/Basic.c.o.export: OK
.lake/packages/mathlib/.lake/build/ir/Mathlib/CategoryTheory/Limits/ConcreteCategory/Basic.c: OK
.lake/packages/mathlib/.lake/build/lib/lean/Mathlib/CategoryTheory/Limits/ConcreteCategory/Basic.olean: OK
.lake/packages/mathlib/.lake/build/ir/Mathlib/CategoryTheory/Limits/Cones.c.o.export: OK
.lake/packages/mathlib/.lake/build/ir/Mathlib/CategoryTheory/Limits/Cones.c: OK
.lake/packages/mathlib/.lake/build/lib/lean/Mathlib/CategoryTheory/Limits/Cones.olean: OK
.lake/packages/mathlib/.lake/build/ir/Mathlib/CategoryTheory/Limits/Connected.c.o.export: OK
.lake/packages/mathlib/.lake/build/ir/Mathlib/CategoryTheory/Limits/Connected.c: OK
.lake/packages/mathlib/.lake/build/lib/lean/Mathlib/CategoryTheory/Limits/Connected.olean: OK
.lake/packages/mathlib/.lake/build/ir/Mathlib/CategoryTheory/Limits/Constructions/BinaryProducts.c.o.export: OK
.lake/packages/mathlib/.lake/build/ir/Mathlib/CategoryTheory/Limits/Constructions/BinaryProducts.c: OK
.lake/packages/mathlib/.lake/build/lib/lean/Mathlib/CategoryTheory/Limits/Constructions/BinaryProducts.olean: OK
.lake/packages/mathlib/.lake/build/ir/Mathlib/CategoryTheory/Limits/Creates.c.o.export: OK
.lake/packages/mathlib/.lake/build/ir/Mathlib/CategoryTheory/Limits/Creates.c: OK
.lake/packages/mathlib/.lake/build/lib/lean/Mathlib/CategoryTheory/Limits/Creates.olean: OK
.lake/packages/mathlib/.lake/build/ir/Mathlib/CategoryTheory/Limits/Final.c.o.export: OK
.lake/packages/mathlib/.lake/build/ir/Mathlib/CategoryTheory/Limits/Final.c: OK
.lake/packages/mathlib/.lake/build/lib/lean/Mathlib/CategoryTheory/Limits/Final.olean: OK
.lake/packages/mathlib/.lake/build/ir/Mathlib/CategoryTheory/Limits/FunctorCategory/Basic.c.o.export: OK
.lake/packages/mathlib/.lake/build/ir/Mathlib/CategoryTheory/Limits/FunctorCategory/Basic.c: OK
.lake/packages/mathlib/.lake/build/lib/lean/Mathlib/CategoryTheory/Limits/FunctorCategory/Basic.olean: OK
.lake/packages/mathlib/.lake/build/ir/Mathlib/CategoryTheory/Limits/HasLimits.c.o.export: OK
.lake/packages/mathlib/.lake/build/ir/Mathlib/CategoryTheory/Limits/HasLimits.c: OK
.lake/packages/mathlib/.lake/build/lib/lean/Mathlib/CategoryTheory/Limits/HasLimits.olean: OK
.lake/packages/mathlib/.lake/build/ir/Mathlib/CategoryTheory/Limits/IsLimit.c.o.export: OK
.lake/packages/mathlib/.lake/build/ir/Mathlib/CategoryTheory/Limits/IsLimit.c: OK
.lake/packages/mathlib/.lake/build/lib/lean/Mathlib/CategoryTheory/Limits/IsLimit.olean: OK
.lake/packages/mathlib/.lake/build/ir/Mathlib/CategoryTheory/Limits/Opposites.c.o.export: OK
.lake/packages/mathlib/.lake/build/ir/Mathlib/CategoryTheory/Limits/Opposites.c: OK
.lake/packages/mathlib/.lake/build/lib/lean/Mathlib/CategoryTheory/Limits/Opposites.olean: OK
.lake/packages/mathlib/.lake/build/ir/Mathlib/CategoryTheory/Limits/Preserves/Basic.c.o.export: OK
.lake/packages/mathlib/.lake/build/ir/Mathlib/CategoryTheory/Limits/Preserves/Basic.c: OK
.lake/packages/mathlib/.lake/build/lib/lean/Mathlib/CategoryTheory/Limits/Preserves/Basic.olean: OK
.lake/packages/mathlib/.lake/build/ir/Mathlib/CategoryTheory/Limits/Preserves/Limits.c.o.export: OK
.lake/packages/mathlib/.lake/build/ir/Mathlib/CategoryTheory/Limits/Preserves/Limits.c: OK
.lake/packages/mathlib/.lake/build/lib/lean/Mathlib/CategoryTheory/Limits/Preserves/Limits.olean: OK
.lake/packages/mathlib/.lake/build/ir/Mathlib/CategoryTheory/Limits/Preserves/Shapes/Pullbacks.c.o.export: OK
.lake/packages/mathlib/.lake/build/ir/Mathlib/CategoryTheory/Limits/Preserves/Shapes/Pullbacks.c: OK
.lake/packages/mathlib/.lake/build/lib/lean/Mathlib/CategoryTheory/Limits/Preserves/Shapes/Pullbacks.olean: OK
.lake/packages/mathlib/.lake/build/ir/Mathlib/CategoryTheory/Limits/Preserves/Shapes/Terminal.c.o.export: OK
.lake/packages/mathlib/.lake/build/ir/Mathlib/CategoryTheory/Limits/Preserves/Shapes/Terminal.c: OK
.lake/packages/mathlib/.lake/build/lib/lean/Mathlib/CategoryTheory/Limits/Preserves/Shapes/Terminal.olean: OK
.lake/packages/mathlib/.lake/build/ir/Mathlib/CategoryTheory/Limits/Preserves/Shapes/Zero.c.o.export: OK
.lake/packages/mathlib/.lake/build/ir/Mathlib/CategoryTheory/Limits/Preserves/Shapes/Zero.c: OK
.lake/packages/mathlib/.lake/build/lib/lean/Mathlib/CategoryTheory/Limits/Preserves/Shapes/Zero.olean: OK
.lake/packages/mathlib/.lake/build/ir/Mathlib/CategoryTheory/Limits/Preserves/Ulift.c.o.export: OK
.lake/packages/mathlib/.lake/build/ir/Mathlib/CategoryTheory/Limits/Preserves/Ulift.c: OK
.lake/packages/mathlib/.lake/build/lib/lean/Mathlib/CategoryTheory/Limits/Preserves/Ulift.olean: OK
.lake/packages/mathlib/.lake/build/ir/Mathlib/CategoryTheory/Limits/Shapes/BinaryProducts.c.o.export: OK
.lake/packages/mathlib/.lake/build/ir/Mathlib/CategoryTheory/Limits/Shapes/BinaryProducts.c: OK
.lake/packages/mathlib/.lake/build/lib/lean/Mathlib/CategoryTheory/Limits/Shapes/BinaryProducts.olean: OK
.lake/packages/mathlib/.lake/build/ir/Mathlib/CategoryTheory/Limits/Shapes/Diagonal.c.o.export: OK
.lake/packages/mathlib/.lake/build/ir/Mathlib/CategoryTheory/Limits/Shapes/Diagonal.c: OK
.lake/packages/mathlib/.lake/build/lib/lean/Mathlib/CategoryTheory/Limits/Shapes/Diagonal.olean: OK
.lake/packages/mathlib/.lake/build/ir/Mathlib/CategoryTheory/Limits/Shapes/Equalizers.c.o.export: OK
.lake/packages/mathlib/.lake/build/ir/Mathlib/CategoryTheory/Limits/Shapes/Equalizers.c: OK
.lake/packages/mathlib/.lake/build/lib/lean/Mathlib/CategoryTheory/Limits/Shapes/Equalizers.olean: OK
.lake/packages/mathlib/.lake/build/ir/Mathlib/CategoryTheory/Limits/Shapes/FiniteLimits.c.o.export: OK
.lake/packages/mathlib/.lake/build/ir/Mathlib/CategoryTheory/Limits/Shapes/FiniteLimits.c: OK
.lake/packages/mathlib/.lake/build/lib/lean/Mathlib/CategoryTheory/Limits/Shapes/FiniteLimits.olean: OK
.lake/packages/mathlib/.lake/build/ir/Mathlib/CategoryTheory/Limits/Shapes/Grothendieck.c.o.export: OK
.lake/packages/mathlib/.lake/build/ir/Mathlib/CategoryTheory/Limits/Shapes/Grothendieck.c: OK
.lake/packages/mathlib/.lake/build/lib/lean/Mathlib/CategoryTheory/Limits/Shapes/Grothendieck.olean: OK
.lake/packages/mathlib/.lake/build/ir/Mathlib/CategoryTheory/Limits/Shapes/Images.c.o.export: OK
.lake/packages/mathlib/.lake/build/ir/Mathlib/CategoryTheory/Limits/Shapes/Images.c: OK
.lake/packages/mathlib/.lake/build/lib/lean/Mathlib/CategoryTheory/Limits/Shapes/Images.olean: OK
.lake/packages/mathlib/.lake/build/ir/Mathlib/CategoryTheory/Limits/Shapes/IsTerminal.c.o.export: OK
.lake/packages/mathlib/.lake/build/ir/Mathlib/CategoryTheory/Limits/Shapes/IsTerminal.c: OK
.lake/packages/mathlib/.lake/build/lib/lean/Mathlib/CategoryTheory/Limits/Shapes/IsTerminal.olean: OK
.lake/packages/mathlib/.lake/build/ir/Mathlib/CategoryTheory/Limits/Shapes/KernelPair.c.o.export: OK
.lake/packages/mathlib/.lake/build/ir/Mathlib/CategoryTheory/Limits/Shapes/KernelPair.c: OK
.lake/packages/mathlib/.lake/build/lib/lean/Mathlib/CategoryTheory/Limits/Shapes/KernelPair.olean: OK
.lake/packages/mathlib/.lake/build/ir/Mathlib/CategoryTheory/Limits/Shapes/Kernels.c.o.export: OK
.lake/packages/mathlib/.lake/build/ir/Mathlib/CategoryTheory/Limits/Shapes/Kernels.c: OK
.lake/packages/mathlib/.lake/build/lib/lean/Mathlib/CategoryTheory/Limits/Shapes/Kernels.olean: OK
.lake/packages/mathlib/.lake/build/ir/Mathlib/CategoryTheory/Limits/Shapes/Opposites/Equalizers.c.o.export: OK
.lake/packages/mathlib/.lake/build/ir/Mathlib/CategoryTheory/Limits/Shapes/Opposites/Equalizers.c: OK
.lake/packages/mathlib/.lake/build/lib/lean/Mathlib/CategoryTheory/Limits/Shapes/Opposites/Equalizers.olean: OK
.lake/packages/mathlib/.lake/build/ir/Mathlib/CategoryTheory/Limits/Shapes/Opposites/Pullbacks.c.o.export: OK
.lake/packages/mathlib/.lake/build/ir/Mathlib/CategoryTheory/Limits/Shapes/Opposites/Pullbacks.c: OK
.lake/packages/mathlib/.lake/build/lib/lean/Mathlib/CategoryTheory/Limits/Shapes/Opposites/Pullbacks.olean: OK
.lake/packages/mathlib/.lake/build/ir/Mathlib/CategoryTheory/Limits/Shapes/Products.c.o.export: OK
.lake/packages/mathlib/.lake/build/ir/Mathlib/CategoryTheory/Limits/Shapes/Products.c: OK
.lake/packages/mathlib/.lake/build/lib/lean/Mathlib/CategoryTheory/Limits/Shapes/Products.olean: OK
.lake/packages/mathlib/.lake/build/ir/Mathlib/CategoryTheory/Limits/Shapes/Pullback/Assoc.c.o.export: OK
.lake/packages/mathlib/.lake/build/ir/Mathlib/CategoryTheory/Limits/Shapes/Pullback/Assoc.c: OK
.lake/packages/mathlib/.lake/build/lib/lean/Mathlib/CategoryTheory/Limits/Shapes/Pullback/Assoc.olean: OK
.lake/packages/mathlib/.lake/build/ir/Mathlib/CategoryTheory/Limits/Shapes/Pullback/Cospan.c.o.export: OK
.lake/packages/mathlib/.lake/build/ir/Mathlib/CategoryTheory/Limits/Shapes/Pullback/Cospan.c: OK
.lake/packages/mathlib/.lake/build/lib/lean/Mathlib/CategoryTheory/Limits/Shapes/Pullback/Cospan.olean: OK
.lake/packages/mathlib/.lake/build/ir/Mathlib/CategoryTheory/Limits/Shapes/Pullback/HasPullback.c.o.export: OK
.lake/packages/mathlib/.lake/build/ir/Mathlib/CategoryTheory/Limits/Shapes/Pullback/HasPullback.c: OK
.lake/packages/mathlib/.lake/build/lib/lean/Mathlib/CategoryTheory/Limits/Shapes/Pullback/HasPullback.olean: OK
.lake/packages/mathlib/.lake/build/ir/Mathlib/CategoryTheory/Limits/Shapes/Pullback/IsPullback/Basic.c.o.export: OK
.lake/packages/mathlib/.lake/build/ir/Mathlib/CategoryTheory/Limits/Shapes/Pullback/IsPullback/Basic.c: OK
.lake/packages/mathlib/.lake/build/lib/lean/Mathlib/CategoryTheory/Limits/Shapes/Pullback/IsPullback/Basic.olean: OK
.lake/packages/mathlib/.lake/build/ir/Mathlib/CategoryTheory/Limits/Shapes/Pullback/IsPullback/Defs.c.o.export: OK
.lake/packages/mathlib/.lake/build/ir/Mathlib/CategoryTheory/Limits/Shapes/Pullback/IsPullback/Defs.c: OK
.lake/packages/mathlib/.lake/build/lib/lean/Mathlib/CategoryTheory/Limits/Shapes/Pullback/IsPullback/Defs.olean: OK
.lake/packages/mathlib/.lake/build/ir/Mathlib/CategoryTheory/Limits/Shapes/Pullback/Iso.c.o.export: OK
.lake/packages/mathlib/.lake/build/ir/Mathlib/CategoryTheory/Limits/Shapes/Pullback/Iso.c: OK
.lake/packages/mathlib/.lake/build/lib/lean/Mathlib/CategoryTheory/Limits/Shapes/Pullback/Iso.olean: OK
.lake/packages/mathlib/.lake/build/ir/Mathlib/CategoryTheory/Limits/Shapes/Pullback/Mono.c.o.export: OK
.lake/packages/mathlib/.lake/build/ir/Mathlib/CategoryTheory/Limits/Shapes/Pullback/Mono.c: OK
.lake/packages/mathlib/.lake/build/lib/lean/Mathlib/CategoryTheory/Limits/Shapes/Pullback/Mono.olean: OK
.lake/packages/mathlib/.lake/build/ir/Mathlib/CategoryTheory/Limits/Shapes/Pullback/Pasting.c.o.export: OK
.lake/packages/mathlib/.lake/build/ir/Mathlib/CategoryTheory/Limits/Shapes/Pullback/Pasting.c: OK
.lake/packages/mathlib/.lake/build/lib/lean/Mathlib/CategoryTheory/Limits/Shapes/Pullback/Pasting.olean: OK
.lake/packages/mathlib/.lake/build/ir/Mathlib/CategoryTheory/Limits/Shapes/Pullback/PullbackCone.c.o.export: OK
.lake/packages/mathlib/.lake/build/ir/Mathlib/CategoryTheory/Limits/Shapes/Pullback/PullbackCone.c: OK
.lake/packages/mathlib/.lake/build/lib/lean/Mathlib/CategoryTheory/Limits/Shapes/Pullback/PullbackCone.olean: OK
.lake/packages/mathlib/.lake/build/ir/Mathlib/CategoryTheory/Limits/Shapes/RegularMono.c.o.export: OK
.lake/packages/mathlib/.lake/build/ir/Mathlib/CategoryTheory/Limits/Shapes/RegularMono.c: OK
.lake/packages/mathlib/.lake/build/lib/lean/Mathlib/CategoryTheory/Limits/Shapes/RegularMono.olean: OK
.lake/packages/mathlib/.lake/build/ir/Mathlib/CategoryTheory/Limits/Shapes/StrictInitial.c.o.export: OK
.lake/packages/mathlib/.lake/build/ir/Mathlib/CategoryTheory/Limits/Shapes/StrictInitial.c: OK
.lake/packages/mathlib/.lake/build/lib/lean/Mathlib/CategoryTheory/Limits/Shapes/StrictInitial.olean: OK
.lake/packages/mathlib/.lake/build/ir/Mathlib/CategoryTheory/Limits/Shapes/StrongEpi.c.o.export: OK
.lake/packages/mathlib/.lake/build/ir/Mathlib/CategoryTheory/Limits/Shapes/StrongEpi.c: OK
.lake/packages/mathlib/.lake/build/lib/lean/Mathlib/CategoryTheory/Limits/Shapes/StrongEpi.olean: OK
.lake/packages/mathlib/.lake/build/ir/Mathlib/CategoryTheory/Limits/Shapes/Terminal.c.o.export: OK
.lake/packages/mathlib/.lake/build/ir/Mathlib/CategoryTheory/Limits/Shapes/Terminal.c: OK
.lake/packages/mathlib/.lake/build/lib/lean/Mathlib/CategoryTheory/Limits/Shapes/Terminal.olean: OK
.lake/packages/mathlib/.lake/build/ir/Mathlib/CategoryTheory/Limits/Shapes/WidePullbacks.c.o.export: OK
.lake/packages/mathlib/.lake/build/ir/Mathlib/CategoryTheory/Limits/Shapes/WidePullbacks.c: OK
.lake/packages/mathlib/.lake/build/lib/lean/Mathlib/CategoryTheory/Limits/Shapes/WidePullbacks.olean: OK
.lake/packages/mathlib/.lake/build/ir/Mathlib/CategoryTheory/Limits/Shapes/ZeroMorphisms.c.o.export: OK
.lake/packages/mathlib/.lake/build/ir/Mathlib/CategoryTheory/Limits/Shapes/ZeroMorphisms.c: OK
.lake/packages/mathlib/.lake/build/lib/lean/Mathlib/CategoryTheory/Limits/Shapes/ZeroMorphisms.olean: OK
.lake/packages/mathlib/.lake/build/ir/Mathlib/CategoryTheory/Limits/Shapes/ZeroObjects.c.o.export: OK
.lake/packages/mathlib/.lake/build/ir/Mathlib/CategoryTheory/Limits/Shapes/ZeroObjects.c: OK
.lake/packages/mathlib/.lake/build/lib/lean/Mathlib/CategoryTheory/Limits/Shapes/ZeroObjects.olean: OK
.lake/packages/mathlib/.lake/build/ir/Mathlib/CategoryTheory/Limits/Types/ColimitType.c.o.export: OK
.lake/packages/mathlib/.lake/build/ir/Mathlib/CategoryTheory/Limits/Types/ColimitType.c: OK
.lake/packages/mathlib/.lake/build/lib/lean/Mathlib/CategoryTheory/Limits/Types/ColimitType.olean: OK
.lake/packages/mathlib/.lake/build/ir/Mathlib/CategoryTheory/Limits/Types/Colimits.c.o.export: OK
.lake/packages/mathlib/.lake/build/ir/Mathlib/CategoryTheory/Limits/Types/Colimits.c: OK
.lake/packages/mathlib/.lake/build/lib/lean/Mathlib/CategoryTheory/Limits/Types/Colimits.olean: OK
.lake/packages/mathlib/.lake/build/ir/Mathlib/CategoryTheory/Limits/Types/Filtered.c.o.export: OK
.lake/packages/mathlib/.lake/build/ir/Mathlib/CategoryTheory/Limits/Types/Filtered.c: OK
.lake/packages/mathlib/.lake/build/lib/lean/Mathlib/CategoryTheory/Limits/Types/Filtered.olean: OK
.lake/packages/mathlib/.lake/build/ir/Mathlib/CategoryTheory/Limits/Types/Images.c.o.export: OK
.lake/packages/mathlib/.lake/build/ir/Mathlib/CategoryTheory/Limits/Types/Images.c: OK
.lake/packages/mathlib/.lake/build/lib/lean/Mathlib/CategoryTheory/Limits/Types/Images.olean: OK
.lake/packages/mathlib/.lake/build/ir/Mathlib/CategoryTheory/Limits/Types/Limits.c.o.export: OK
.lake/packages/mathlib/.lake/build/ir/Mathlib/CategoryTheory/Limits/Types/Limits.c: OK
.lake/packages/mathlib/.lake/build/lib/lean/Mathlib/CategoryTheory/Limits/Types/Limits.olean: OK
.lake/packages/mathlib/.lake/build/ir/Mathlib/CategoryTheory/Limits/Types/Products.c.o.export: OK
.lake/packages/mathlib/.lake/build/ir/Mathlib/CategoryTheory/Limits/Types/Products.c: OK
.lake/packages/mathlib/.lake/build/lib/lean/Mathlib/CategoryTheory/Limits/Types/Products.olean: OK
.lake/packages/mathlib/.lake/build/ir/Mathlib/CategoryTheory/Limits/Types/Yoneda.c.o.export: OK
.lake/packages/mathlib/.lake/build/ir/Mathlib/CategoryTheory/Limits/Types/Yoneda.c: OK
.lake/packages/mathlib/.lake/build/lib/lean/Mathlib/CategoryTheory/Limits/Types/Yoneda.olean: OK
.lake/packages/mathlib/.lake/build/ir/Mathlib/CategoryTheory/Limits/Yoneda.c.o.export: OK
.lake/packages/mathlib/.lake/build/ir/Mathlib/CategoryTheory/Limits/Yoneda.c: OK
.lake/packages/mathlib/.lake/build/lib/lean/Mathlib/CategoryTheory/Limits/Yoneda.olean: OK
.lake/packages/mathlib/.lake/build/ir/Mathlib/CategoryTheory/Monad/Algebra.c.o.export: OK
.lake/packages/mathlib/.lake/build/ir/Mathlib/CategoryTheory/Monad/Algebra.c: OK
.lake/packages/mathlib/.lake/build/lib/lean/Mathlib/CategoryTheory/Monad/Algebra.olean: OK
.lake/packages/mathlib/.lake/build/ir/Mathlib/CategoryTheory/Monad/Basic.c.o.export: OK
.lake/packages/mathlib/.lake/build/ir/Mathlib/CategoryTheory/Monad/Basic.c: OK
.lake/packages/mathlib/.lake/build/lib/lean/Mathlib/CategoryTheory/Monad/Basic.olean: OK
.lake/packages/mathlib/.lake/build/ir/Mathlib/CategoryTheory/Monad/Products.c.o.export: OK
.lake/packages/mathlib/.lake/build/ir/Mathlib/CategoryTheory/Monad/Products.c: OK
.lake/packages/mathlib/.lake/build/lib/lean/Mathlib/CategoryTheory/Monad/Products.olean: OK
.lake/packages/mathlib/.lake/build/ir/Mathlib/CategoryTheory/Monoidal/Category.c.o.export: OK
.lake/packages/mathlib/.lake/build/ir/Mathlib/CategoryTheory/Monoidal/Category.c: OK
.lake/packages/mathlib/.lake/build/lib/lean/Mathlib/CategoryTheory/Monoidal/Category.olean: OK
.lake/packages/mathlib/.lake/build/ir/Mathlib/CategoryTheory/Monoidal/Free/Basic.c.o.export: OK
.lake/packages/mathlib/.lake/build/ir/Mathlib/CategoryTheory/Monoidal/Free/Basic.c: OK
.lake/packages/mathlib/.lake/build/lib/lean/Mathlib/CategoryTheory/Monoidal/Free/Basic.olean: OK
.lake/packages/mathlib/.lake/build/ir/Mathlib/CategoryTheory/Monoidal/Functor.c.o.export: OK
.lake/packages/mathlib/.lake/build/ir/Mathlib/CategoryTheory/Monoidal/Functor.c: OK
.lake/packages/mathlib/.lake/build/lib/lean/Mathlib/CategoryTheory/Monoidal/Functor.olean: OK
.lake/packages/mathlib/.lake/build/ir/Mathlib/CategoryTheory/MorphismProperty/Basic.c.o.export: OK
.lake/packages/mathlib/.lake/build/ir/Mathlib/CategoryTheory/MorphismProperty/Basic.c: OK
.lake/packages/mathlib/.lake/build/lib/lean/Mathlib/CategoryTheory/MorphismProperty/Basic.olean: OK
.lake/packages/mathlib/.lake/build/ir/Mathlib/CategoryTheory/MorphismProperty/Composition.c.o.export: OK
.lake/packages/mathlib/.lake/build/ir/Mathlib/CategoryTheory/MorphismProperty/Composition.c: OK
.lake/packages/mathlib/.lake/build/lib/lean/Mathlib/CategoryTheory/MorphismProperty/Composition.olean: OK
.lake/packages/mathlib/.lake/build/ir/Mathlib/CategoryTheory/MorphismProperty/Factorization.c.o.export: OK
.lake/packages/mathlib/.lake/build/ir/Mathlib/CategoryTheory/MorphismProperty/Factorization.c: OK
.lake/packages/mathlib/.lake/build/lib/lean/Mathlib/CategoryTheory/MorphismProperty/Factorization.olean: OK
.lake/packages/mathlib/.lake/build/ir/Mathlib/CategoryTheory/MorphismProperty/Limits.c.o.export: OK
.lake/packages/mathlib/.lake/build/ir/Mathlib/CategoryTheory/MorphismProperty/Limits.c: OK
.lake/packages/mathlib/.lake/build/lib/lean/Mathlib/CategoryTheory/MorphismProperty/Limits.olean: OK
.lake/packages/mathlib/.lake/build/ir/Mathlib/CategoryTheory/NatIso.c.o.export: OK
.lake/packages/mathlib/.lake/build/ir/Mathlib/CategoryTheory/NatIso.c: OK
.lake/packages/mathlib/.lake/build/lib/lean/Mathlib/CategoryTheory/NatIso.olean: OK
.lake/packages/mathlib/.lake/build/ir/Mathlib/CategoryTheory/NatTrans.c.o.export: OK
.lake/packages/mathlib/.lake/build/ir/Mathlib/CategoryTheory/NatTrans.c: OK
.lake/packages/mathlib/.lake/build/lib/lean/Mathlib/CategoryTheory/NatTrans.olean: OK
.lake/packages/mathlib/.lake/build/ir/Mathlib/CategoryTheory/ObjectProperty/Basic.c.o.export: OK
.lake/packages/mathlib/.lake/build/ir/Mathlib/CategoryTheory/ObjectProperty/Basic.c: OK
.lake/packages/mathlib/.lake/build/lib/lean/Mathlib/CategoryTheory/ObjectProperty/Basic.olean: OK
.lake/packages/mathlib/.lake/build/ir/Mathlib/CategoryTheory/ObjectProperty/ClosedUnderIsomorphisms.c.o.export: OK
.lake/packages/mathlib/.lake/build/ir/Mathlib/CategoryTheory/ObjectProperty/ClosedUnderIsomorphisms.c: OK
.lake/packages/mathlib/.lake/build/lib/lean/Mathlib/CategoryTheory/ObjectProperty/ClosedUnderIsomorphisms.olean: OK
.lake/packages/mathlib/.lake/build/ir/Mathlib/CategoryTheory/ObjectProperty/FullSubcategory.c.o.export: OK
.lake/packages/mathlib/.lake/build/ir/Mathlib/CategoryTheory/ObjectProperty/FullSubcategory.c: OK
.lake/packages/mathlib/.lake/build/lib/lean/Mathlib/CategoryTheory/ObjectProperty/FullSubcategory.olean: OK
.lake/packages/mathlib/.lake/build/ir/Mathlib/CategoryTheory/Opposites.c.o.export: OK
.lake/packages/mathlib/.lake/build/ir/Mathlib/CategoryTheory/Opposites.c: OK
.lake/packages/mathlib/.lake/build/lib/lean/Mathlib/CategoryTheory/Opposites.olean: OK
.lake/packages/mathlib/.lake/build/ir/Mathlib/CategoryTheory/PEmpty.c.o.export: OK
.lake/packages/mathlib/.lake/build/ir/Mathlib/CategoryTheory/PEmpty.c: OK
.lake/packages/mathlib/.lake/build/lib/lean/Mathlib/CategoryTheory/PEmpty.olean: OK
.lake/packages/mathlib/.lake/build/ir/Mathlib/CategoryTheory/PUnit.c.o.export: OK
.lake/packages/mathlib/.lake/build/ir/Mathlib/CategoryTheory/PUnit.c: OK
.lake/packages/mathlib/.lake/build/lib/lean/Mathlib/CategoryTheory/PUnit.olean: OK
.lake/packages/mathlib/.lake/build/ir/Mathlib/CategoryTheory/Pi/Basic.c.o.export: OK
.lake/packages/mathlib/.lake/build/ir/Mathlib/CategoryTheory/Pi/Basic.c: OK
.lake/packages/mathlib/.lake/build/lib/lean/Mathlib/CategoryTheory/Pi/Basic.olean: OK
.lake/packages/mathlib/.lake/build/ir/Mathlib/CategoryTheory/Preadditive/Basic.c.o.export: OK
.lake/packages/mathlib/.lake/build/ir/Mathlib/CategoryTheory/Preadditive/Basic.c: OK
.lake/packages/mathlib/.lake/build/lib/lean/Mathlib/CategoryTheory/Preadditive/Basic.olean: OK
.lake/packages/mathlib/.lake/build/ir/Mathlib/CategoryTheory/Products/Basic.c.o.export: OK
.lake/packages/mathlib/.lake/build/ir/Mathlib/CategoryTheory/Products/Basic.c: OK
.lake/packages/mathlib/.lake/build/lib/lean/Mathlib/CategoryTheory/Products/Basic.olean: OK
.lake/packages/mathlib/.lake/build/ir/Mathlib/CategoryTheory/Products/Unitor.c.o.export: OK
.lake/packages/mathlib/.lake/build/ir/Mathlib/CategoryTheory/Products/Unitor.c: OK
.lake/packages/mathlib/.lake/build/lib/lean/Mathlib/CategoryTheory/Products/Unitor.olean: OK
.lake/packages/mathlib/.lake/build/ir/Mathlib/CategoryTheory/Retract.c.o.export: OK
.lake/packages/mathlib/.lake/build/ir/Mathlib/CategoryTheory/Retract.c: OK
.lake/packages/mathlib/.lake/build/lib/lean/Mathlib/CategoryTheory/Retract.olean: OK
.lake/packages/mathlib/.lake/build/ir/Mathlib/CategoryTheory/ShrinkYoneda.c.o.export: OK
.lake/packages/mathlib/.lake/build/ir/Mathlib/CategoryTheory/ShrinkYoneda.c: OK
.lake/packages/mathlib/.lake/build/lib/lean/Mathlib/CategoryTheory/ShrinkYoneda.olean: OK
.lake/packages/mathlib/.lake/build/ir/Mathlib/CategoryTheory/Skeletal.c.o.export: OK
.lake/packages/mathlib/.lake/build/ir/Mathlib/CategoryTheory/Skeletal.c: OK
.lake/packages/mathlib/.lake/build/lib/lean/Mathlib/CategoryTheory/Skeletal.olean: OK
.lake/packages/mathlib/.lake/build/ir/Mathlib/CategoryTheory/Thin.c.o.export: OK
.lake/packages/mathlib/.lake/build/ir/Mathlib/CategoryTheory/Thin.c: OK
.lake/packages/mathlib/.lake/build/lib/lean/Mathlib/CategoryTheory/Thin.olean: OK
.lake/packages/mathlib/.lake/build/ir/Mathlib/CategoryTheory/Types/Basic.c.o.export: OK
.lake/packages/mathlib/.lake/build/ir/Mathlib/CategoryTheory/Types/Basic.c: OK
.lake/packages/mathlib/.lake/build/lib/lean/Mathlib/CategoryTheory/Types/Basic.olean: OK
.lake/packages/mathlib/.lake/build/ir/Mathlib/CategoryTheory/Whiskering.c.o.export: OK
.lake/packages/mathlib/.lake/build/ir/Mathlib/CategoryTheory/Whiskering.c: OK
.lake/packages/mathlib/.lake/build/lib/lean/Mathlib/CategoryTheory/Whiskering.olean: OK
.lake/packages/mathlib/.lake/build/ir/Mathlib/CategoryTheory/Yoneda.c.o.export: OK
.lake/packages/mathlib/.lake/build/ir/Mathlib/CategoryTheory/Yoneda.c: OK
.lake/packages/mathlib/.lake/build/lib/lean/Mathlib/CategoryTheory/Yoneda.olean: OK
.lake/packages/mathlib/.lake/build/ir/Mathlib/Combinatorics/Enumerative/Composition.c.o.export: OK
.lake/packages/mathlib/.lake/build/ir/Mathlib/Combinatorics/Enumerative/Composition.c: OK
.lake/packages/mathlib/.lake/build/lib/lean/Mathlib/Combinatorics/Enumerative/Composition.olean: OK
.lake/packages/mathlib/.lake/build/ir/Mathlib/Combinatorics/Enumerative/Partition/Basic.c.o.export: OK
.lake/packages/mathlib/.lake/build/ir/Mathlib/Combinatorics/Enumerative/Partition/Basic.c: OK
.lake/packages/mathlib/.lake/build/lib/lean/Mathlib/Combinatorics/Enumerative/Partition/Basic.olean: OK
.lake/packages/mathlib/.lake/build/ir/Mathlib/Combinatorics/Matroid/Basic.c.o.export: OK
.lake/packages/mathlib/.lake/build/ir/Mathlib/Combinatorics/Matroid/Basic.c: OK
.lake/packages/mathlib/.lake/build/lib/lean/Mathlib/Combinatorics/Matroid/Basic.olean: OK
.lake/packages/mathlib/.lake/build/ir/Mathlib/Combinatorics/Matroid/Circuit.c.o.export: OK
.lake/packages/mathlib/.lake/build/ir/Mathlib/Combinatorics/Matroid/Circuit.c: OK
.lake/packages/mathlib/.lake/build/lib/lean/Mathlib/Combinatorics/Matroid/Circuit.olean: OK
.lake/packages/mathlib/.lake/build/ir/Mathlib/Combinatorics/Matroid/Closure.c.o.export: OK
.lake/packages/mathlib/.lake/build/ir/Mathlib/Combinatorics/Matroid/Closure.c: OK
.lake/packages/mathlib/.lake/build/lib/lean/Mathlib/Combinatorics/Matroid/Closure.olean: OK
.lake/packages/mathlib/.lake/build/ir/Mathlib/Combinatorics/Matroid/Constructions.c.o.export: OK
.lake/packages/mathlib/.lake/build/ir/Mathlib/Combinatorics/Matroid/Constructions.c: OK
.lake/packages/mathlib/.lake/build/lib/lean/Mathlib/Combinatorics/Matroid/Constructions.olean: OK
.lake/packages/mathlib/.lake/build/ir/Mathlib/Combinatorics/Matroid/Dual.c.o.export: OK
.lake/packages/mathlib/.lake/build/ir/Mathlib/Combinatorics/Matroid/Dual.c: OK
.lake/packages/mathlib/.lake/build/lib/lean/Mathlib/Combinatorics/Matroid/Dual.olean: OK
.lake/packages/mathlib/.lake/build/ir/Mathlib/Combinatorics/Matroid/IndepAxioms.c.o.export: OK
.lake/packages/mathlib/.lake/build/ir/Mathlib/Combinatorics/Matroid/IndepAxioms.c: OK
.lake/packages/mathlib/.lake/build/lib/lean/Mathlib/Combinatorics/Matroid/IndepAxioms.olean: OK
.lake/packages/mathlib/.lake/build/ir/Mathlib/Combinatorics/Matroid/Init.c.o.export: OK
.lake/packages/mathlib/.lake/build/ir/Mathlib/Combinatorics/Matroid/Init.c: OK
.lake/packages/mathlib/.lake/build/lib/lean/Mathlib/Combinatorics/Matroid/Init.olean: OK
.lake/packages/mathlib/.lake/build/ir/Mathlib/Combinatorics/Matroid/Loop.c.o.export: OK
.lake/packages/mathlib/.lake/build/ir/Mathlib/Combinatorics/Matroid/Loop.c: OK
.lake/packages/mathlib/.lake/build/lib/lean/Mathlib/Combinatorics/Matroid/Loop.olean: OK
.lake/packages/mathlib/.lake/build/ir/Mathlib/Combinatorics/Matroid/Map.c.o.export: OK
.lake/packages/mathlib/.lake/build/ir/Mathlib/Combinatorics/Matroid/Map.c: OK
.lake/packages/mathlib/.lake/build/lib/lean/Mathlib/Combinatorics/Matroid/Map.olean: OK
.lake/packages/mathlib/.lake/build/ir/Mathlib/Combinatorics/Matroid/Minor/Restrict.c.o.export: OK
.lake/packages/mathlib/.lake/build/ir/Mathlib/Combinatorics/Matroid/Minor/Restrict.c: OK
.lake/packages/mathlib/.lake/build/lib/lean/Mathlib/Combinatorics/Matroid/Minor/Restrict.olean: OK
.lake/packages/mathlib/.lake/build/ir/Mathlib/Combinatorics/Matroid/Rank/Cardinal.c.o.export: OK
.lake/packages/mathlib/.lake/build/ir/Mathlib/Combinatorics/Matroid/Rank/Cardinal.c: OK
.lake/packages/mathlib/.lake/build/lib/lean/Mathlib/Combinatorics/Matroid/Rank/Cardinal.olean: OK
.lake/packages/mathlib/.lake/build/ir/Mathlib/Combinatorics/Matroid/Rank/ENat.c.o.export: OK
.lake/packages/mathlib/.lake/build/ir/Mathlib/Combinatorics/Matroid/Rank/ENat.c: OK
.lake/packages/mathlib/.lake/build/lib/lean/Mathlib/Combinatorics/Matroid/Rank/ENat.olean: OK
.lake/packages/mathlib/.lake/build/ir/Mathlib/Combinatorics/Matroid/Rank/Finite.c.o.export: OK
.lake/packages/mathlib/.lake/build/ir/Mathlib/Combinatorics/Matroid/Rank/Finite.c: OK
.lake/packages/mathlib/.lake/build/lib/lean/Mathlib/Combinatorics/Matroid/Rank/Finite.olean: OK
.lake/packages/mathlib/.lake/build/ir/Mathlib/Combinatorics/Quiver/Basic.c.o.export: OK
.lake/packages/mathlib/.lake/build/ir/Mathlib/Combinatorics/Quiver/Basic.c: OK
.lake/packages/mathlib/.lake/build/lib/lean/Mathlib/Combinatorics/Quiver/Basic.olean: OK
.lake/packages/mathlib/.lake/build/ir/Mathlib/Combinatorics/Quiver/Path.c.o.export: OK
.lake/packages/mathlib/.lake/build/ir/Mathlib/Combinatorics/Quiver/Path.c: OK
.lake/packages/mathlib/.lake/build/lib/lean/Mathlib/Combinatorics/Quiver/Path.olean: OK
.lake/packages/mathlib/.lake/build/ir/Mathlib/Combinatorics/Quiver/Prefunctor.c.o.export: OK
.lake/packages/mathlib/.lake/build/ir/Mathlib/Combinatorics/Quiver/Prefunctor.c: OK
.lake/packages/mathlib/.lake/build/lib/lean/Mathlib/Combinatorics/Quiver/Prefunctor.olean: OK
.lake/packages/mathlib/.lake/build/ir/Mathlib/Combinatorics/Quiver/Push.c.o.export: OK
.lake/packages/mathlib/.lake/build/ir/Mathlib/Combinatorics/Quiver/Push.c: OK
.lake/packages/mathlib/.lake/build/lib/lean/Mathlib/Combinatorics/Quiver/Push.olean: OK
.lake/packages/mathlib/.lake/build/ir/Mathlib/Combinatorics/Quiver/Symmetric.c.o.export: OK
.lake/packages/mathlib/.lake/build/ir/Mathlib/Combinatorics/Quiver/Symmetric.c: OK
.lake/packages/mathlib/.lake/build/lib/lean/Mathlib/Combinatorics/Quiver/Symmetric.olean: OK
.lake/packages/mathlib/.lake/build/ir/Mathlib/Control/Applicative.c.o.export: OK
.lake/packages/mathlib/.lake/build/ir/Mathlib/Control/Applicative.c: OK
.lake/packages/mathlib/.lake/build/lib/lean/Mathlib/Control/Applicative.olean: OK
.lake/packages/mathlib/.lake/build/ir/Mathlib/Control/Basic.c.o.export: OK
.lake/packages/mathlib/.lake/build/ir/Mathlib/Control/Basic.c: OK
.lake/packages/mathlib/.lake/build/lib/lean/Mathlib/Control/Basic.olean: OK
.lake/packages/mathlib/.lake/build/ir/Mathlib/Control/Bifunctor.c.o.export: OK
.lake/packages/mathlib/.lake/build/ir/Mathlib/Control/Bifunctor.c: OK
.lake/packages/mathlib/.lake/build/lib/lean/Mathlib/Control/Bifunctor.olean: OK
.lake/packages/mathlib/.lake/build/ir/Mathlib/Control/Combinators.c.o.export: OK
.lake/packages/mathlib/.lake/build/ir/Mathlib/Control/Combinators.c: OK
.lake/packages/mathlib/.lake/build/lib/lean/Mathlib/Control/Combinators.olean: OK
.lake/packages/mathlib/.lake/build/ir/Mathlib/Control/EquivFunctor.c.o.export: OK
.lake/packages/mathlib/.lake/build/ir/Mathlib/Control/EquivFunctor.c: OK
.lake/packages/mathlib/.lake/build/lib/lean/Mathlib/Control/EquivFunctor.olean: OK
.lake/packages/mathlib/.lake/build/ir/Mathlib/Control/Functor.c.o.export: OK
.lake/packages/mathlib/.lake/build/ir/Mathlib/Control/Functor.c: OK
.lake/packages/mathlib/.lake/build/lib/lean/Mathlib/Control/Functor.olean: OK
.lake/packages/mathlib/.lake/build/ir/Mathlib/Control/Monad/Basic.c.o.export: OK
.lake/packages/mathlib/.lake/build/ir/Mathlib/Control/Monad/Basic.c: OK
.lake/packages/mathlib/.lake/build/lib/lean/Mathlib/Control/Monad/Basic.olean: OK
.lake/packages/mathlib/.lake/build/ir/Mathlib/Control/Traversable/Basic.c.o.export: OK
.lake/packages/mathlib/.lake/build/ir/Mathlib/Control/Traversable/Basic.c: OK
.lake/packages/mathlib/.lake/build/lib/lean/Mathlib/Control/Traversable/Basic.olean: OK
.lake/packages/mathlib/.lake/build/ir/Mathlib/Control/Traversable/Lemmas.c.o.export: OK
.lake/packages/mathlib/.lake/build/ir/Mathlib/Control/Traversable/Lemmas.c: OK
.lake/packages/mathlib/.lake/build/lib/lean/Mathlib/Control/Traversable/Lemmas.olean: OK
.lake/packages/mathlib/.lake/build/ir/Mathlib/Control/ULift.c.o.export: OK
.lake/packages/mathlib/.lake/build/ir/Mathlib/Control/ULift.c: OK
.lake/packages/mathlib/.lake/build/lib/lean/Mathlib/Control/ULift.olean: OK
.lake/packages/mathlib/.lake/build/ir/Mathlib/Data/Bool/Basic.c.o.export: OK
.lake/packages/mathlib/.lake/build/ir/Mathlib/Data/Bool/Basic.c: OK
.lake/packages/mathlib/.lake/build/lib/lean/Mathlib/Data/Bool/Basic.olean: OK
.lake/packages/mathlib/.lake/build/ir/Mathlib/Data/Bool/Set.c.o.export: OK
.lake/packages/mathlib/.lake/build/ir/Mathlib/Data/Bool/Set.c: OK
.lake/packages/mathlib/.lake/build/lib/lean/Mathlib/Data/Bool/Set.olean: OK
.lake/packages/mathlib/.lake/build/ir/Mathlib/Data/Bracket.c.o.export: OK
.lake/packages/mathlib/.lake/build/ir/Mathlib/Data/Bracket.c: OK
.lake/packages/mathlib/.lake/build/lib/lean/Mathlib/Data/Bracket.olean: OK
.lake/packages/mathlib/.lake/build/ir/Mathlib/Data/Char.c.o.export: OK
.lake/packages/mathlib/.lake/build/ir/Mathlib/Data/Char.c: OK
.lake/packages/mathlib/.lake/build/lib/lean/Mathlib/Data/Char.olean: OK
.lake/packages/mathlib/.lake/build/ir/Mathlib/Data/Complex/Basic.c.o.export: OK
.lake/packages/mathlib/.lake/build/ir/Mathlib/Data/Complex/Basic.c: OK
.lake/packages/mathlib/.lake/build/lib/lean/Mathlib/Data/Complex/Basic.olean: OK
.lake/packages/mathlib/.lake/build/ir/Mathlib/Data/Complex/BigOperators.c.o.export: OK
.lake/packages/mathlib/.lake/build/ir/Mathlib/Data/Complex/BigOperators.c: OK
.lake/packages/mathlib/.lake/build/lib/lean/Mathlib/Data/Complex/BigOperators.olean: OK
.lake/packages/mathlib/.lake/build/ir/Mathlib/Data/Countable/Basic.c.o.export: OK
.lake/packages/mathlib/.lake/build/ir/Mathlib/Data/Countable/Basic.c: OK
.lake/packages/mathlib/.lake/build/lib/lean/Mathlib/Data/Countable/Basic.olean: OK
.lake/packages/mathlib/.lake/build/ir/Mathlib/Data/Countable/Defs.c.o.export: OK
.lake/packages/mathlib/.lake/build/ir/Mathlib/Data/Countable/Defs.c: OK
.lake/packages/mathlib/.lake/build/lib/lean/Mathlib/Data/Countable/Defs.olean: OK
.lake/packages/mathlib/.lake/build/ir/Mathlib/Data/Countable/Small.c.o.export: OK
.lake/packages/mathlib/.lake/build/ir/Mathlib/Data/Countable/Small.c: OK
.lake/packages/mathlib/.lake/build/lib/lean/Mathlib/Data/Countable/Small.olean: OK
.lake/packages/mathlib/.lake/build/ir/Mathlib/Data/DFinsupp/BigOperators.c.o.export: OK
.lake/packages/mathlib/.lake/build/ir/Mathlib/Data/DFinsupp/BigOperators.c: OK
.lake/packages/mathlib/.lake/build/lib/lean/Mathlib/Data/DFinsupp/BigOperators.olean: OK
.lake/packages/mathlib/.lake/build/ir/Mathlib/Data/DFinsupp/Defs.c.o.export: OK
.lake/packages/mathlib/.lake/build/ir/Mathlib/Data/DFinsupp/Defs.c: OK
.lake/packages/mathlib/.lake/build/lib/lean/Mathlib/Data/DFinsupp/Defs.olean: OK
.lake/packages/mathlib/.lake/build/ir/Mathlib/Data/DFinsupp/Encodable.c.o.export: OK
.lake/packages/mathlib/.lake/build/ir/Mathlib/Data/DFinsupp/Encodable.c: OK
.lake/packages/mathlib/.lake/build/lib/lean/Mathlib/Data/DFinsupp/Encodable.olean: OK
.lake/packages/mathlib/.lake/build/ir/Mathlib/Data/DFinsupp/Ext.c.o.export: OK
.lake/packages/mathlib/.lake/build/ir/Mathlib/Data/DFinsupp/Ext.c: OK
.lake/packages/mathlib/.lake/build/lib/lean/Mathlib/Data/DFinsupp/Ext.olean: OK
.lake/packages/mathlib/.lake/build/ir/Mathlib/Data/DFinsupp/Lex.c.o.export: OK
.lake/packages/mathlib/.lake/build/ir/Mathlib/Data/DFinsupp/Lex.c: OK
.lake/packages/mathlib/.lake/build/lib/lean/Mathlib/Data/DFinsupp/Lex.olean: OK
.lake/packages/mathlib/.lake/build/ir/Mathlib/Data/DFinsupp/Module.c.o.export: OK
.lake/packages/mathlib/.lake/build/ir/Mathlib/Data/DFinsupp/Module.c: OK
.lake/packages/mathlib/.lake/build/lib/lean/Mathlib/Data/DFinsupp/Module.olean: OK
.lake/packages/mathlib/.lake/build/ir/Mathlib/Data/DFinsupp/NeLocus.c.o.export: OK
.lake/packages/mathlib/.lake/build/ir/Mathlib/Data/DFinsupp/NeLocus.c: OK
.lake/packages/mathlib/.lake/build/lib/lean/Mathlib/Data/DFinsupp/NeLocus.olean: OK
.lake/packages/mathlib/.lake/build/ir/Mathlib/Data/DFinsupp/Order.c.o.export: OK
.lake/packages/mathlib/.lake/build/ir/Mathlib/Data/DFinsupp/Order.c: OK
.lake/packages/mathlib/.lake/build/lib/lean/Mathlib/Data/DFinsupp/Order.olean: OK
.lake/packages/mathlib/.lake/build/ir/Mathlib/Data/DFinsupp/Sigma.c.o.export: OK
.lake/packages/mathlib/.lake/build/ir/Mathlib/Data/DFinsupp/Sigma.c: OK
.lake/packages/mathlib/.lake/build/lib/lean/Mathlib/Data/DFinsupp/Sigma.olean: OK
.lake/packages/mathlib/.lake/build/ir/Mathlib/Data/DFinsupp/Small.c.o.export: OK
.lake/packages/mathlib/.lake/build/ir/Mathlib/Data/DFinsupp/Small.c: OK
.lake/packages/mathlib/.lake/build/lib/lean/Mathlib/Data/DFinsupp/Small.olean: OK
.lake/packages/mathlib/.lake/build/ir/Mathlib/Data/DFinsupp/Submonoid.c.o.export: OK
.lake/packages/mathlib/.lake/build/ir/Mathlib/Data/DFinsupp/Submonoid.c: OK
.lake/packages/mathlib/.lake/build/lib/lean/Mathlib/Data/DFinsupp/Submonoid.olean: OK
.lake/packages/mathlib/.lake/build/ir/Mathlib/Data/ENNReal/Action.c.o.export: OK
.lake/packages/mathlib/.lake/build/ir/Mathlib/Data/ENNReal/Action.c: OK
.lake/packages/mathlib/.lake/build/lib/lean/Mathlib/Data/ENNReal/Action.olean: OK
.lake/packages/mathlib/.lake/build/ir/Mathlib/Data/ENNReal/Basic.c.o.export: OK
.lake/packages/mathlib/.lake/build/ir/Mathlib/Data/ENNReal/Basic.c: OK
.lake/packages/mathlib/.lake/build/lib/lean/Mathlib/Data/ENNReal/Basic.olean: OK
.lake/packages/mathlib/.lake/build/ir/Mathlib/Data/ENNReal/BigOperators.c.o.export: OK
.lake/packages/mathlib/.lake/build/ir/Mathlib/Data/ENNReal/BigOperators.c: OK
.lake/packages/mathlib/.lake/build/lib/lean/Mathlib/Data/ENNReal/BigOperators.olean: OK
.lake/packages/mathlib/.lake/build/ir/Mathlib/Data/ENNReal/Inv.c.o.export: OK
.lake/packages/mathlib/.lake/build/ir/Mathlib/Data/ENNReal/Inv.c: OK
.lake/packages/mathlib/.lake/build/lib/lean/Mathlib/Data/ENNReal/Inv.olean: OK
.lake/packages/mathlib/.lake/build/ir/Mathlib/Data/ENNReal/Lemmas.c.o.export: OK
.lake/packages/mathlib/.lake/build/ir/Mathlib/Data/ENNReal/Lemmas.c: OK
.lake/packages/mathlib/.lake/build/lib/lean/Mathlib/Data/ENNReal/Lemmas.olean: OK
.lake/packages/mathlib/.lake/build/ir/Mathlib/Data/ENNReal/Operations.c.o.export: OK
.lake/packages/mathlib/.lake/build/ir/Mathlib/Data/ENNReal/Operations.c: OK
.lake/packages/mathlib/.lake/build/lib/lean/Mathlib/Data/ENNReal/Operations.olean: OK
.lake/packages/mathlib/.lake/build/ir/Mathlib/Data/ENNReal/Real.c.o.export: OK
.lake/packages/mathlib/.lake/build/ir/Mathlib/Data/ENNReal/Real.c: OK
.lake/packages/mathlib/.lake/build/lib/lean/Mathlib/Data/ENNReal/Real.olean: OK
.lake/packages/mathlib/.lake/build/ir/Mathlib/Data/ENat/Basic.c.o.export: OK
.lake/packages/mathlib/.lake/build/ir/Mathlib/Data/ENat/Basic.c: OK
.lake/packages/mathlib/.lake/build/lib/lean/Mathlib/Data/ENat/Basic.olean: OK
.lake/packages/mathlib/.lake/build/ir/Mathlib/Data/ENat/Defs.c.o.export: OK
.lake/packages/mathlib/.lake/build/ir/Mathlib/Data/ENat/Defs.c: OK
.lake/packages/mathlib/.lake/build/lib/lean/Mathlib/Data/ENat/Defs.olean: OK
.lake/packages/mathlib/.lake/build/ir/Mathlib/Data/ENat/Lattice.c.o.export: OK
.lake/packages/mathlib/.lake/build/ir/Mathlib/Data/ENat/Lattice.c: OK
.lake/packages/mathlib/.lake/build/lib/lean/Mathlib/Data/ENat/Lattice.olean: OK
.lake/packages/mathlib/.lake/build/ir/Mathlib/Data/ENat/Pow.c.o.export: OK
.lake/packages/mathlib/.lake/build/ir/Mathlib/Data/ENat/Pow.c: OK
.lake/packages/mathlib/.lake/build/lib/lean/Mathlib/Data/ENat/Pow.olean: OK
.lake/packages/mathlib/.lake/build/ir/Mathlib/Data/EReal/Basic.c.o.export: OK
.lake/packages/mathlib/.lake/build/ir/Mathlib/Data/EReal/Basic.c: OK
.lake/packages/mathlib/.lake/build/lib/lean/Mathlib/Data/EReal/Basic.olean: OK
.lake/packages/mathlib/.lake/build/ir/Mathlib/Data/EReal/Inv.c.o.export: OK
.lake/packages/mathlib/.lake/build/ir/Mathlib/Data/EReal/Inv.c: OK
.lake/packages/mathlib/.lake/build/lib/lean/Mathlib/Data/EReal/Inv.olean: OK
.lake/packages/mathlib/.lake/build/ir/Mathlib/Data/EReal/Operations.c.o.export: OK
.lake/packages/mathlib/.lake/build/ir/Mathlib/Data/EReal/Operations.c: OK
.lake/packages/mathlib/.lake/build/lib/lean/Mathlib/Data/EReal/Operations.olean: OK
.lake/packages/mathlib/.lake/build/ir/Mathlib/Data/Fin/Basic.c.o.export: OK
.lake/packages/mathlib/.lake/build/ir/Mathlib/Data/Fin/Basic.c: OK
.lake/packages/mathlib/.lake/build/lib/lean/Mathlib/Data/Fin/Basic.olean: OK
.lake/packages/mathlib/.lake/build/ir/Mathlib/Data/Fin/Embedding.c.o.export: OK
.lake/packages/mathlib/.lake/build/ir/Mathlib/Data/Fin/Embedding.c: OK
.lake/packages/mathlib/.lake/build/lib/lean/Mathlib/Data/Fin/Embedding.olean: OK
.lake/packages/mathlib/.lake/build/ir/Mathlib/Data/Fin/Rev.c.o.export: OK
.lake/packages/mathlib/.lake/build/ir/Mathlib/Data/Fin/Rev.c: OK
.lake/packages/mathlib/.lake/build/lib/lean/Mathlib/Data/Fin/Rev.olean: OK
.lake/packages/mathlib/.lake/build/ir/Mathlib/Data/Fin/SuccPred.c.o.export: OK
.lake/packages/mathlib/.lake/build/ir/Mathlib/Data/Fin/SuccPred.c: OK
.lake/packages/mathlib/.lake/build/lib/lean/Mathlib/Data/Fin/SuccPred.olean: OK
.lake/packages/mathlib/.lake/build/ir/Mathlib/Data/Fin/Tuple/Basic.c.o.export: OK
.lake/packages/mathlib/.lake/build/ir/Mathlib/Data/Fin/Tuple/Basic.c: OK
.lake/packages/mathlib/.lake/build/lib/lean/Mathlib/Data/Fin/Tuple/Basic.olean: OK
.lake/packages/mathlib/.lake/build/ir/Mathlib/Data/Fin/Tuple/NatAntidiagonal.c.o.export: OK
.lake/packages/mathlib/.lake/build/ir/Mathlib/Data/Fin/Tuple/NatAntidiagonal.c: OK
.lake/packages/mathlib/.lake/build/lib/lean/Mathlib/Data/Fin/Tuple/NatAntidiagonal.olean: OK
.lake/packages/mathlib/.lake/build/ir/Mathlib/Data/Fin/Tuple/Reflection.c.o.export: OK
.lake/packages/mathlib/.lake/build/ir/Mathlib/Data/Fin/Tuple/Reflection.c: OK
.lake/packages/mathlib/.lake/build/lib/lean/Mathlib/Data/Fin/Tuple/Reflection.olean: OK
.lake/packages/mathlib/.lake/build/ir/Mathlib/Data/Fin/VecNotation.c.o.export: OK
.lake/packages/mathlib/.lake/build/ir/Mathlib/Data/Fin/VecNotation.c: OK
.lake/packages/mathlib/.lake/build/lib/lean/Mathlib/Data/Fin/VecNotation.olean: OK
.lake/packages/mathlib/.lake/build/ir/Mathlib/Data/Finite/Card.c.o.export: OK
.lake/packages/mathlib/.lake/build/ir/Mathlib/Data/Finite/Card.c: OK
.lake/packages/mathlib/.lake/build/lib/lean/Mathlib/Data/Finite/Card.olean: OK
.lake/packages/mathlib/.lake/build/ir/Mathlib/Data/Finite/Defs.c.o.export: OK
.lake/packages/mathlib/.lake/build/ir/Mathlib/Data/Finite/Defs.c: OK
.lake/packages/mathlib/.lake/build/lib/lean/Mathlib/Data/Finite/Defs.olean: OK
.lake/packages/mathlib/.lake/build/ir/Mathlib/Data/Finite/Prod.c.o.export: OK
.lake/packages/mathlib/.lake/build/ir/Mathlib/Data/Finite/Prod.c: OK
.lake/packages/mathlib/.lake/build/lib/lean/Mathlib/Data/Finite/Prod.olean: OK
.lake/packages/mathlib/.lake/build/ir/Mathlib/Data/Finite/Set.c.o.export: OK
.lake/packages/mathlib/.lake/build/ir/Mathlib/Data/Finite/Set.c: OK
.lake/packages/mathlib/.lake/build/lib/lean/Mathlib/Data/Finite/Set.olean: OK
.lake/packages/mathlib/.lake/build/ir/Mathlib/Data/Finite/Sigma.c.o.export: OK
.lake/packages/mathlib/.lake/build/ir/Mathlib/Data/Finite/Sigma.c: OK
.lake/packages/mathlib/.lake/build/lib/lean/Mathlib/Data/Finite/Sigma.olean: OK
.lake/packages/mathlib/.lake/build/ir/Mathlib/Data/Finite/Sum.c.o.export: OK
.lake/packages/mathlib/.lake/build/ir/Mathlib/Data/Finite/Sum.c: OK
.lake/packages/mathlib/.lake/build/lib/lean/Mathlib/Data/Finite/Sum.olean: OK
.lake/packages/mathlib/.lake/build/ir/Mathlib/Data/Finset/Attach.c.o.export: OK
.lake/packages/mathlib/.lake/build/ir/Mathlib/Data/Finset/Attach.c: OK
.lake/packages/mathlib/.lake/build/lib/lean/Mathlib/Data/Finset/Attach.olean: OK
.lake/packages/mathlib/.lake/build/ir/Mathlib/Data/Finset/Attr.c.o.export: OK
.lake/packages/mathlib/.lake/build/ir/Mathlib/Data/Finset/Attr.c: OK
.lake/packages/mathlib/.lake/build/lib/lean/Mathlib/Data/Finset/Attr.olean: OK
.lake/packages/mathlib/.lake/build/ir/Mathlib/Data/Finset/Basic.c.o.export: OK
.lake/packages/mathlib/.lake/build/ir/Mathlib/Data/Finset/Basic.c: OK
.lake/packages/mathlib/.lake/build/lib/lean/Mathlib/Data/Finset/Basic.olean: OK
.lake/packages/mathlib/.lake/build/ir/Mathlib/Data/Finset/BooleanAlgebra.c.o.export: OK
.lake/packages/mathlib/.lake/build/ir/Mathlib/Data/Finset/BooleanAlgebra.c: OK
.lake/packages/mathlib/.lake/build/lib/lean/Mathlib/Data/Finset/BooleanAlgebra.olean: OK
.lake/packages/mathlib/.lake/build/ir/Mathlib/Data/Finset/Card.c.o.export: OK
.lake/packages/mathlib/.lake/build/ir/Mathlib/Data/Finset/Card.c: OK
.lake/packages/mathlib/.lake/build/lib/lean/Mathlib/Data/Finset/Card.olean: OK
.lake/packages/mathlib/.lake/build/ir/Mathlib/Data/Finset/Dedup.c.o.export: OK
.lake/packages/mathlib/.lake/build/ir/Mathlib/Data/Finset/Dedup.c: OK
.lake/packages/mathlib/.lake/build/lib/lean/Mathlib/Data/Finset/Dedup.olean: OK
.lake/packages/mathlib/.lake/build/ir/Mathlib/Data/Finset/Defs.c.o.export: OK
.lake/packages/mathlib/.lake/build/ir/Mathlib/Data/Finset/Defs.c: OK
.lake/packages/mathlib/.lake/build/lib/lean/Mathlib/Data/Finset/Defs.olean: OK
.lake/packages/mathlib/.lake/build/ir/Mathlib/Data/Finset/Density.c.o.export: OK
.lake/packages/mathlib/.lake/build/ir/Mathlib/Data/Finset/Density.c: OK
.lake/packages/mathlib/.lake/build/lib/lean/Mathlib/Data/Finset/Density.olean: OK
.lake/packages/mathlib/.lake/build/ir/Mathlib/Data/Finset/Disjoint.c.o.export: OK
.lake/packages/mathlib/.lake/build/ir/Mathlib/Data/Finset/Disjoint.c: OK
.lake/packages/mathlib/.lake/build/lib/lean/Mathlib/Data/Finset/Disjoint.olean: OK
.lake/packages/mathlib/.lake/build/ir/Mathlib/Data/Finset/Empty.c.o.export: OK
.lake/packages/mathlib/.lake/build/ir/Mathlib/Data/Finset/Empty.c: OK
.lake/packages/mathlib/.lake/build/lib/lean/Mathlib/Data/Finset/Empty.olean: OK
.lake/packages/mathlib/.lake/build/ir/Mathlib/Data/Finset/Erase.c.o.export: OK
.lake/packages/mathlib/.lake/build/ir/Mathlib/Data/Finset/Erase.c: OK
.lake/packages/mathlib/.lake/build/lib/lean/Mathlib/Data/Finset/Erase.olean: OK
.lake/packages/mathlib/.lake/build/ir/Mathlib/Data/Finset/Filter.c.o.export: OK
.lake/packages/mathlib/.lake/build/ir/Mathlib/Data/Finset/Filter.c: OK
.lake/packages/mathlib/.lake/build/lib/lean/Mathlib/Data/Finset/Filter.olean: OK
.lake/packages/mathlib/.lake/build/ir/Mathlib/Data/Finset/Fin.c.o.export: OK
.lake/packages/mathlib/.lake/build/ir/Mathlib/Data/Finset/Fin.c: OK
.lake/packages/mathlib/.lake/build/lib/lean/Mathlib/Data/Finset/Fin.olean: OK
.lake/packages/mathlib/.lake/build/ir/Mathlib/Data/Finset/Fold.c.o.export: OK
.lake/packages/mathlib/.lake/build/ir/Mathlib/Data/Finset/Fold.c: OK
.lake/packages/mathlib/.lake/build/lib/lean/Mathlib/Data/Finset/Fold.olean: OK
.lake/packages/mathlib/.lake/build/ir/Mathlib/Data/Finset/Image.c.o.export: OK
.lake/packages/mathlib/.lake/build/ir/Mathlib/Data/Finset/Image.c: OK
.lake/packages/mathlib/.lake/build/lib/lean/Mathlib/Data/Finset/Image.olean: OK
.lake/packages/mathlib/.lake/build/ir/Mathlib/Data/Finset/Insert.c.o.export: OK
.lake/packages/mathlib/.lake/build/ir/Mathlib/Data/Finset/Insert.c: OK
.lake/packages/mathlib/.lake/build/lib/lean/Mathlib/Data/Finset/Insert.olean: OK
.lake/packages/mathlib/.lake/build/ir/Mathlib/Data/Finset/Lattice/Basic.c.o.export: OK
.lake/packages/mathlib/.lake/build/ir/Mathlib/Data/Finset/Lattice/Basic.c: OK
.lake/packages/mathlib/.lake/build/lib/lean/Mathlib/Data/Finset/Lattice/Basic.olean: OK
.lake/packages/mathlib/.lake/build/ir/Mathlib/Data/Finset/Lattice/Fold.c.o.export: OK
.lake/packages/mathlib/.lake/build/ir/Mathlib/Data/Finset/Lattice/Fold.c: OK
.lake/packages/mathlib/.lake/build/lib/lean/Mathlib/Data/Finset/Lattice/Fold.olean: OK
.lake/packages/mathlib/.lake/build/ir/Mathlib/Data/Finset/Lattice/Lemmas.c.o.export: OK
.lake/packages/mathlib/.lake/build/ir/Mathlib/Data/Finset/Lattice/Lemmas.c: OK
.lake/packages/mathlib/.lake/build/lib/lean/Mathlib/Data/Finset/Lattice/Lemmas.olean: OK
.lake/packages/mathlib/.lake/build/ir/Mathlib/Data/Finset/Lattice/Prod.c.o.export: OK
.lake/packages/mathlib/.lake/build/ir/Mathlib/Data/Finset/Lattice/Prod.c: OK
.lake/packages/mathlib/.lake/build/lib/lean/Mathlib/Data/Finset/Lattice/Prod.olean: OK
.lake/packages/mathlib/.lake/build/ir/Mathlib/Data/Finset/Lattice/Union.c.o.export: OK
.lake/packages/mathlib/.lake/build/ir/Mathlib/Data/Finset/Lattice/Union.c: OK
.lake/packages/mathlib/.lake/build/lib/lean/Mathlib/Data/Finset/Lattice/Union.olean: OK
.lake/packages/mathlib/.lake/build/ir/Mathlib/Data/Finset/Max.c.o.export: OK
.lake/packages/mathlib/.lake/build/ir/Mathlib/Data/Finset/Max.c: OK
.lake/packages/mathlib/.lake/build/lib/lean/Mathlib/Data/Finset/Max.olean: OK
.lake/packages/mathlib/.lake/build/ir/Mathlib/Data/Finset/NAry.c.o.export: OK
.lake/packages/mathlib/.lake/build/ir/Mathlib/Data/Finset/NAry.c: OK
.lake/packages/mathlib/.lake/build/lib/lean/Mathlib/Data/Finset/NAry.olean: OK
.lake/packages/mathlib/.lake/build/ir/Mathlib/Data/Finset/NatAntidiagonal.c.o.export: OK
.lake/packages/mathlib/.lake/build/ir/Mathlib/Data/Finset/NatAntidiagonal.c: OK
.lake/packages/mathlib/.lake/build/lib/lean/Mathlib/Data/Finset/NatAntidiagonal.olean: OK
.lake/packages/mathlib/.lake/build/ir/Mathlib/Data/Finset/NoncommProd.c.o.export: OK
.lake/packages/mathlib/.lake/build/ir/Mathlib/Data/Finset/NoncommProd.c: OK
.lake/packages/mathlib/.lake/build/lib/lean/Mathlib/Data/Finset/NoncommProd.olean: OK
.lake/packages/mathlib/.lake/build/ir/Mathlib/Data/Finset/Option.c.o.export: OK
.lake/packages/mathlib/.lake/build/ir/Mathlib/Data/Finset/Option.c: OK
.lake/packages/mathlib/.lake/build/lib/lean/Mathlib/Data/Finset/Option.olean: OK
.lake/packages/mathlib/.lake/build/ir/Mathlib/Data/Finset/Order.c.o.export: OK
.lake/packages/mathlib/.lake/build/ir/Mathlib/Data/Finset/Order.c: OK
.lake/packages/mathlib/.lake/build/lib/lean/Mathlib/Data/Finset/Order.olean: OK
.lake/packages/mathlib/.lake/build/ir/Mathlib/Data/Finset/Pi.c.o.export: OK
.lake/packages/mathlib/.lake/build/ir/Mathlib/Data/Finset/Pi.c: OK
.lake/packages/mathlib/.lake/build/lib/lean/Mathlib/Data/Finset/Pi.olean: OK
.lake/packages/mathlib/.lake/build/ir/Mathlib/Data/Finset/Piecewise.c.o.export: OK
.lake/packages/mathlib/.lake/build/ir/Mathlib/Data/Finset/Piecewise.c: OK
.lake/packages/mathlib/.lake/build/lib/lean/Mathlib/Data/Finset/Piecewise.olean: OK
.lake/packages/mathlib/.lake/build/ir/Mathlib/Data/Finset/Powerset.c.o.export: OK
.lake/packages/mathlib/.lake/build/ir/Mathlib/Data/Finset/Powerset.c: OK
.lake/packages/mathlib/.lake/build/lib/lean/Mathlib/Data/Finset/Powerset.olean: OK
.lake/packages/mathlib/.lake/build/ir/Mathlib/Data/Finset/Preimage.c.o.export: OK
.lake/packages/mathlib/.lake/build/ir/Mathlib/Data/Finset/Preimage.c: OK
.lake/packages/mathlib/.lake/build/lib/lean/Mathlib/Data/Finset/Preimage.olean: OK
.lake/packages/mathlib/.lake/build/ir/Mathlib/Data/Finset/Prod.c.o.export: OK
.lake/packages/mathlib/.lake/build/ir/Mathlib/Data/Finset/Prod.c: OK
.lake/packages/mathlib/.lake/build/lib/lean/Mathlib/Data/Finset/Prod.olean: OK
.lake/packages/mathlib/.lake/build/ir/Mathlib/Data/Finset/Range.c.o.export: OK
.lake/packages/mathlib/.lake/build/ir/Mathlib/Data/Finset/Range.c: OK
.lake/packages/mathlib/.lake/build/lib/lean/Mathlib/Data/Finset/Range.olean: OK
.lake/packages/mathlib/.lake/build/ir/Mathlib/Data/Finset/SDiff.c.o.export: OK
.lake/packages/mathlib/.lake/build/ir/Mathlib/Data/Finset/SDiff.c: OK
.lake/packages/mathlib/.lake/build/lib/lean/Mathlib/Data/Finset/SDiff.olean: OK
.lake/packages/mathlib/.lake/build/ir/Mathlib/Data/Finset/Sigma.c.o.export: OK
.lake/packages/mathlib/.lake/build/ir/Mathlib/Data/Finset/Sigma.c: OK
.lake/packages/mathlib/.lake/build/lib/lean/Mathlib/Data/Finset/Sigma.olean: OK
.lake/packages/mathlib/.lake/build/ir/Mathlib/Data/Finset/Sort.c.o.export: OK
.lake/packages/mathlib/.lake/build/ir/Mathlib/Data/Finset/Sort.c: OK
.lake/packages/mathlib/.lake/build/lib/lean/Mathlib/Data/Finset/Sort.olean: OK
.lake/packages/mathlib/.lake/build/ir/Mathlib/Data/Finset/Sum.c.o.export: OK
.lake/packages/mathlib/.lake/build/ir/Mathlib/Data/Finset/Sum.c: OK
.lake/packages/mathlib/.lake/build/lib/lean/Mathlib/Data/Finset/Sum.olean: OK
.lake/packages/mathlib/.lake/build/ir/Mathlib/Data/Finset/Sym.c.o.export: OK
.lake/packages/mathlib/.lake/build/ir/Mathlib/Data/Finset/Sym.c: OK
.lake/packages/mathlib/.lake/build/lib/lean/Mathlib/Data/Finset/Sym.olean: OK
.lake/packages/mathlib/.lake/build/ir/Mathlib/Data/Finset/SymmDiff.c.o.export: OK
.lake/packages/mathlib/.lake/build/ir/Mathlib/Data/Finset/SymmDiff.c: OK
.lake/packages/mathlib/.lake/build/lib/lean/Mathlib/Data/Finset/SymmDiff.olean: OK
.lake/packages/mathlib/.lake/build/ir/Mathlib/Data/Finset/Union.c.o.export: OK
.lake/packages/mathlib/.lake/build/ir/Mathlib/Data/Finset/Union.c: OK
.lake/packages/mathlib/.lake/build/lib/lean/Mathlib/Data/Finset/Union.olean: OK
.lake/packages/mathlib/.lake/build/ir/Mathlib/Data/Finsupp/Antidiagonal.c.o.export: OK
.lake/packages/mathlib/.lake/build/ir/Mathlib/Data/Finsupp/Antidiagonal.c: OK
.lake/packages/mathlib/.lake/build/lib/lean/Mathlib/Data/Finsupp/Antidiagonal.olean: OK
.lake/packages/mathlib/.lake/build/ir/Mathlib/Data/Finsupp/Basic.c.o.export: OK
.lake/packages/mathlib/.lake/build/ir/Mathlib/Data/Finsupp/Basic.c: OK
.lake/packages/mathlib/.lake/build/lib/lean/Mathlib/Data/Finsupp/Basic.olean: OK
.lake/packages/mathlib/.lake/build/ir/Mathlib/Data/Finsupp/Defs.c.o.export: OK
.lake/packages/mathlib/.lake/build/ir/Mathlib/Data/Finsupp/Defs.c: OK
.lake/packages/mathlib/.lake/build/lib/lean/Mathlib/Data/Finsupp/Defs.olean: OK
.lake/packages/mathlib/.lake/build/ir/Mathlib/Data/Finsupp/Ext.c.o.export: OK
.lake/packages/mathlib/.lake/build/ir/Mathlib/Data/Finsupp/Ext.c: OK
.lake/packages/mathlib/.lake/build/lib/lean/Mathlib/Data/Finsupp/Ext.olean: OK
.lake/packages/mathlib/.lake/build/ir/Mathlib/Data/Finsupp/Fin.c.o.export: OK
.lake/packages/mathlib/.lake/build/ir/Mathlib/Data/Finsupp/Fin.c: OK
.lake/packages/mathlib/.lake/build/lib/lean/Mathlib/Data/Finsupp/Fin.olean: OK
.lake/packages/mathlib/.lake/build/ir/Mathlib/Data/Finsupp/Fintype.c.o.export: OK
.lake/packages/mathlib/.lake/build/ir/Mathlib/Data/Finsupp/Fintype.c: OK
.lake/packages/mathlib/.lake/build/lib/lean/Mathlib/Data/Finsupp/Fintype.olean: OK
.lake/packages/mathlib/.lake/build/ir/Mathlib/Data/Finsupp/Indicator.c.o.export: OK
.lake/packages/mathlib/.lake/build/ir/Mathlib/Data/Finsupp/Indicator.c: OK
.lake/packages/mathlib/.lake/build/lib/lean/Mathlib/Data/Finsupp/Indicator.olean: OK
.lake/packages/mathlib/.lake/build/ir/Mathlib/Data/Finsupp/Lex.c.o.export: OK
.lake/packages/mathlib/.lake/build/ir/Mathlib/Data/Finsupp/Lex.c: OK
.lake/packages/mathlib/.lake/build/lib/lean/Mathlib/Data/Finsupp/Lex.olean: OK
.lake/packages/mathlib/.lake/build/ir/Mathlib/Data/Finsupp/Multiset.c.o.export: OK
.lake/packages/mathlib/.lake/build/ir/Mathlib/Data/Finsupp/Multiset.c: OK
.lake/packages/mathlib/.lake/build/lib/lean/Mathlib/Data/Finsupp/Multiset.olean: OK
.lake/packages/mathlib/.lake/build/ir/Mathlib/Data/Finsupp/Option.c.o.export: OK
.lake/packages/mathlib/.lake/build/ir/Mathlib/Data/Finsupp/Option.c: OK
.lake/packages/mathlib/.lake/build/lib/lean/Mathlib/Data/Finsupp/Option.olean: OK
.lake/packages/mathlib/.lake/build/ir/Mathlib/Data/Finsupp/Order.c.o.export: OK
.lake/packages/mathlib/.lake/build/ir/Mathlib/Data/Finsupp/Order.c: OK
.lake/packages/mathlib/.lake/build/lib/lean/Mathlib/Data/Finsupp/Order.olean: OK
.lake/packages/mathlib/.lake/build/ir/Mathlib/Data/Finsupp/SMul.c.o.export: OK
.lake/packages/mathlib/.lake/build/ir/Mathlib/Data/Finsupp/SMul.c: OK
.lake/packages/mathlib/.lake/build/lib/lean/Mathlib/Data/Finsupp/SMul.olean: OK
.lake/packages/mathlib/.lake/build/ir/Mathlib/Data/Finsupp/SMulWithZero.c.o.export: OK
.lake/packages/mathlib/.lake/build/ir/Mathlib/Data/Finsupp/SMulWithZero.c: OK
.lake/packages/mathlib/.lake/build/lib/lean/Mathlib/Data/Finsupp/SMulWithZero.olean: OK
.lake/packages/mathlib/.lake/build/ir/Mathlib/Data/Finsupp/Single.c.o.export: OK
.lake/packages/mathlib/.lake/build/ir/Mathlib/Data/Finsupp/Single.c: OK
.lake/packages/mathlib/.lake/build/lib/lean/Mathlib/Data/Finsupp/Single.olean: OK
.lake/packages/mathlib/.lake/build/ir/Mathlib/Data/Finsupp/ToDFinsupp.c.o.export: OK
.lake/packages/mathlib/.lake/build/ir/Mathlib/Data/Finsupp/ToDFinsupp.c: OK
.lake/packages/mathlib/.lake/build/lib/lean/Mathlib/Data/Finsupp/ToDFinsupp.olean: OK
.lake/packages/mathlib/.lake/build/ir/Mathlib/Data/Finsupp/Weight.c.o.export: OK
.lake/packages/mathlib/.lake/build/ir/Mathlib/Data/Finsupp/Weight.c: OK
.lake/packages/mathlib/.lake/build/lib/lean/Mathlib/Data/Finsupp/Weight.olean: OK
.lake/packages/mathlib/.lake/build/ir/Mathlib/Data/Fintype/Basic.c.o.export: OK
.lake/packages/mathlib/.lake/build/ir/Mathlib/Data/Fintype/Basic.c: OK
.lake/packages/mathlib/.lake/build/lib/lean/Mathlib/Data/Fintype/Basic.olean: OK
.lake/packages/mathlib/.lake/build/ir/Mathlib/Data/Fintype/BigOperators.c.o.export: OK
.lake/packages/mathlib/.lake/build/ir/Mathlib/Data/Fintype/BigOperators.c: OK
.lake/packages/mathlib/.lake/build/lib/lean/Mathlib/Data/Fintype/BigOperators.olean: OK
.lake/packages/mathlib/.lake/build/ir/Mathlib/Data/Fintype/Card.c.o.export: OK
.lake/packages/mathlib/.lake/build/ir/Mathlib/Data/Fintype/Card.c: OK
.lake/packages/mathlib/.lake/build/lib/lean/Mathlib/Data/Fintype/Card.olean: OK
.lake/packages/mathlib/.lake/build/ir/Mathlib/Data/Fintype/Defs.c.o.export: OK
.lake/packages/mathlib/.lake/build/ir/Mathlib/Data/Fintype/Defs.c: OK
.lake/packages/mathlib/.lake/build/lib/lean/Mathlib/Data/Fintype/Defs.olean: OK
.lake/packages/mathlib/.lake/build/ir/Mathlib/Data/Fintype/EquivFin.c.o.export: OK
.lake/packages/mathlib/.lake/build/ir/Mathlib/Data/Fintype/EquivFin.c: OK
.lake/packages/mathlib/.lake/build/lib/lean/Mathlib/Data/Fintype/EquivFin.olean: OK
.lake/packages/mathlib/.lake/build/ir/Mathlib/Data/Fintype/Fin.c.o.export: OK
.lake/packages/mathlib/.lake/build/ir/Mathlib/Data/Fintype/Fin.c: OK
.lake/packages/mathlib/.lake/build/lib/lean/Mathlib/Data/Fintype/Fin.olean: OK
.lake/packages/mathlib/.lake/build/ir/Mathlib/Data/Fintype/Inv.c.o.export: OK
.lake/packages/mathlib/.lake/build/ir/Mathlib/Data/Fintype/Inv.c: OK
.lake/packages/mathlib/.lake/build/lib/lean/Mathlib/Data/Fintype/Inv.olean: OK
.lake/packages/mathlib/.lake/build/ir/Mathlib/Data/Fintype/Lattice.c.o.export: OK
.lake/packages/mathlib/.lake/build/ir/Mathlib/Data/Fintype/Lattice.c: OK
.lake/packages/mathlib/.lake/build/lib/lean/Mathlib/Data/Fintype/Lattice.olean: OK
.lake/packages/mathlib/.lake/build/ir/Mathlib/Data/Fintype/List.c.o.export: OK
.lake/packages/mathlib/.lake/build/ir/Mathlib/Data/Fintype/List.c: OK
.lake/packages/mathlib/.lake/build/lib/lean/Mathlib/Data/Fintype/List.olean: OK
.lake/packages/mathlib/.lake/build/ir/Mathlib/Data/Fintype/OfMap.c.o.export: OK
.lake/packages/mathlib/.lake/build/ir/Mathlib/Data/Fintype/OfMap.c: OK
.lake/packages/mathlib/.lake/build/lib/lean/Mathlib/Data/Fintype/OfMap.olean: OK
.lake/packages/mathlib/.lake/build/ir/Mathlib/Data/Fintype/Option.c.o.export: OK
.lake/packages/mathlib/.lake/build/ir/Mathlib/Data/Fintype/Option.c: OK
.lake/packages/mathlib/.lake/build/lib/lean/Mathlib/Data/Fintype/Option.olean: OK
.lake/packages/mathlib/.lake/build/ir/Mathlib/Data/Fintype/Order.c.o.export: OK
.lake/packages/mathlib/.lake/build/ir/Mathlib/Data/Fintype/Order.c: OK
.lake/packages/mathlib/.lake/build/lib/lean/Mathlib/Data/Fintype/Order.olean: OK
.lake/packages/mathlib/.lake/build/ir/Mathlib/Data/Fintype/Parity.c.o.export: OK
.lake/packages/mathlib/.lake/build/ir/Mathlib/Data/Fintype/Parity.c: OK
.lake/packages/mathlib/.lake/build/lib/lean/Mathlib/Data/Fintype/Parity.olean: OK
.lake/packages/mathlib/.lake/build/ir/Mathlib/Data/Fintype/Perm.c.o.export: OK
.lake/packages/mathlib/.lake/build/ir/Mathlib/Data/Fintype/Perm.c: OK
.lake/packages/mathlib/.lake/build/lib/lean/Mathlib/Data/Fintype/Perm.olean: OK
.lake/packages/mathlib/.lake/build/ir/Mathlib/Data/Fintype/Pi.c.o.export: OK
.lake/packages/mathlib/.lake/build/ir/Mathlib/Data/Fintype/Pi.c: OK
.lake/packages/mathlib/.lake/build/lib/lean/Mathlib/Data/Fintype/Pi.olean: OK
.lake/packages/mathlib/.lake/build/ir/Mathlib/Data/Fintype/Pigeonhole.c.o.export: OK
.lake/packages/mathlib/.lake/build/ir/Mathlib/Data/Fintype/Pigeonhole.c: OK
.lake/packages/mathlib/.lake/build/lib/lean/Mathlib/Data/Fintype/Pigeonhole.olean: OK
.lake/packages/mathlib/.lake/build/ir/Mathlib/Data/Fintype/Powerset.c.o.export: OK
.lake/packages/mathlib/.lake/build/ir/Mathlib/Data/Fintype/Powerset.c: OK
.lake/packages/mathlib/.lake/build/lib/lean/Mathlib/Data/Fintype/Powerset.olean: OK
.lake/packages/mathlib/.lake/build/ir/Mathlib/Data/Fintype/Prod.c.o.export: OK
.lake/packages/mathlib/.lake/build/ir/Mathlib/Data/Fintype/Prod.c: OK
.lake/packages/mathlib/.lake/build/lib/lean/Mathlib/Data/Fintype/Prod.olean: OK
.lake/packages/mathlib/.lake/build/ir/Mathlib/Data/Fintype/Quotient.c.o.export: OK
.lake/packages/mathlib/.lake/build/ir/Mathlib/Data/Fintype/Quotient.c: OK
.lake/packages/mathlib/.lake/build/lib/lean/Mathlib/Data/Fintype/Quotient.olean: OK
.lake/packages/mathlib/.lake/build/ir/Mathlib/Data/Fintype/Sets.c.o.export: OK
.lake/packages/mathlib/.lake/build/ir/Mathlib/Data/Fintype/Sets.c: OK
.lake/packages/mathlib/.lake/build/lib/lean/Mathlib/Data/Fintype/Sets.olean: OK
.lake/packages/mathlib/.lake/build/ir/Mathlib/Data/Fintype/Sigma.c.o.export: OK
.lake/packages/mathlib/.lake/build/ir/Mathlib/Data/Fintype/Sigma.c: OK
.lake/packages/mathlib/.lake/build/lib/lean/Mathlib/Data/Fintype/Sigma.olean: OK
.lake/packages/mathlib/.lake/build/ir/Mathlib/Data/Fintype/Sum.c.o.export: OK
.lake/packages/mathlib/.lake/build/ir/Mathlib/Data/Fintype/Sum.c: OK
.lake/packages/mathlib/.lake/build/lib/lean/Mathlib/Data/Fintype/Sum.olean: OK
.lake/packages/mathlib/.lake/build/ir/Mathlib/Data/Fintype/Units.c.o.export: OK
.lake/packages/mathlib/.lake/build/ir/Mathlib/Data/Fintype/Units.c: OK
.lake/packages/mathlib/.lake/build/lib/lean/Mathlib/Data/Fintype/Units.olean: OK
.lake/packages/mathlib/.lake/build/ir/Mathlib/Data/Fintype/Vector.c.o.export: OK
.lake/packages/mathlib/.lake/build/ir/Mathlib/Data/Fintype/Vector.c: OK
.lake/packages/mathlib/.lake/build/lib/lean/Mathlib/Data/Fintype/Vector.olean: OK
.lake/packages/mathlib/.lake/build/ir/Mathlib/Data/FunLike/Basic.c.o.export: OK
.lake/packages/mathlib/.lake/build/ir/Mathlib/Data/FunLike/Basic.c: OK
.lake/packages/mathlib/.lake/build/lib/lean/Mathlib/Data/FunLike/Basic.olean: OK
.lake/packages/mathlib/.lake/build/ir/Mathlib/Data/FunLike/Embedding.c.o.export: OK
.lake/packages/mathlib/.lake/build/ir/Mathlib/Data/FunLike/Embedding.c: OK
.lake/packages/mathlib/.lake/build/lib/lean/Mathlib/Data/FunLike/Embedding.olean: OK
.lake/packages/mathlib/.lake/build/ir/Mathlib/Data/FunLike/Equiv.c.o.export: OK
.lake/packages/mathlib/.lake/build/ir/Mathlib/Data/FunLike/Equiv.c: OK
.lake/packages/mathlib/.lake/build/lib/lean/Mathlib/Data/FunLike/Equiv.olean: OK
.lake/packages/mathlib/.lake/build/ir/Mathlib/Data/Ineq.c.o.export: OK
.lake/packages/mathlib/.lake/build/ir/Mathlib/Data/Ineq.c: OK
.lake/packages/mathlib/.lake/build/lib/lean/Mathlib/Data/Ineq.olean: OK
.lake/packages/mathlib/.lake/build/ir/Mathlib/Data/Int/Basic.c.o.export: OK
.lake/packages/mathlib/.lake/build/ir/Mathlib/Data/Int/Basic.c: OK
.lake/packages/mathlib/.lake/build/lib/lean/Mathlib/Data/Int/Basic.olean: OK
.lake/packages/mathlib/.lake/build/ir/Mathlib/Data/Int/Cast/Basic.c.o.export: OK
.lake/packages/mathlib/.lake/build/ir/Mathlib/Data/Int/Cast/Basic.c: OK
.lake/packages/mathlib/.lake/build/lib/lean/Mathlib/Data/Int/Cast/Basic.olean: OK
.lake/packages/mathlib/.lake/build/ir/Mathlib/Data/Int/Cast/Defs.c.o.export: OK
.lake/packages/mathlib/.lake/build/ir/Mathlib/Data/Int/Cast/Defs.c: OK
.lake/packages/mathlib/.lake/build/lib/lean/Mathlib/Data/Int/Cast/Defs.olean: OK
.lake/packages/mathlib/.lake/build/ir/Mathlib/Data/Int/Cast/Field.c.o.export: OK
.lake/packages/mathlib/.lake/build/ir/Mathlib/Data/Int/Cast/Field.c: OK
.lake/packages/mathlib/.lake/build/lib/lean/Mathlib/Data/Int/Cast/Field.olean: OK
.lake/packages/mathlib/.lake/build/ir/Mathlib/Data/Int/Cast/Lemmas.c.o.export: OK
.lake/packages/mathlib/.lake/build/ir/Mathlib/Data/Int/Cast/Lemmas.c: OK
.lake/packages/mathlib/.lake/build/lib/lean/Mathlib/Data/Int/Cast/Lemmas.olean: OK
.lake/packages/mathlib/.lake/build/ir/Mathlib/Data/Int/Cast/Pi.c.o.export: OK
.lake/packages/mathlib/.lake/build/ir/Mathlib/Data/Int/Cast/Pi.c: OK
.lake/packages/mathlib/.lake/build/lib/lean/Mathlib/Data/Int/Cast/Pi.olean: OK
.lake/packages/mathlib/.lake/build/ir/Mathlib/Data/Int/Cast/Prod.c.o.export: OK
.lake/packages/mathlib/.lake/build/ir/Mathlib/Data/Int/Cast/Prod.c: OK
.lake/packages/mathlib/.lake/build/lib/lean/Mathlib/Data/Int/Cast/Prod.olean: OK
.lake/packages/mathlib/.lake/build/ir/Mathlib/Data/Int/CharZero.c.o.export: OK
.lake/packages/mathlib/.lake/build/ir/Mathlib/Data/Int/CharZero.c: OK
.lake/packages/mathlib/.lake/build/lib/lean/Mathlib/Data/Int/CharZero.olean: OK
.lake/packages/mathlib/.lake/build/ir/Mathlib/Data/Int/ConditionallyCompleteOrder.c.o.export: OK
.lake/packages/mathlib/.lake/build/ir/Mathlib/Data/Int/ConditionallyCompleteOrder.c: OK
.lake/packages/mathlib/.lake/build/lib/lean/Mathlib/Data/Int/ConditionallyCompleteOrder.olean: OK
.lake/packages/mathlib/.lake/build/ir/Mathlib/Data/Int/DivMod.c.o.export: OK
.lake/packages/mathlib/.lake/build/ir/Mathlib/Data/Int/DivMod.c: OK
.lake/packages/mathlib/.lake/build/lib/lean/Mathlib/Data/Int/DivMod.olean: OK
.lake/packages/mathlib/.lake/build/ir/Mathlib/Data/Int/GCD.c.o.export: OK
.lake/packages/mathlib/.lake/build/ir/Mathlib/Data/Int/GCD.c: OK
.lake/packages/mathlib/.lake/build/lib/lean/Mathlib/Data/Int/GCD.olean: OK
.lake/packages/mathlib/.lake/build/ir/Mathlib/Data/Int/Init.c.o.export: OK
.lake/packages/mathlib/.lake/build/ir/Mathlib/Data/Int/Init.c: OK
.lake/packages/mathlib/.lake/build/lib/lean/Mathlib/Data/Int/Init.olean: OK
.lake/packages/mathlib/.lake/build/ir/Mathlib/Data/Int/Interval.c.o.export: OK
.lake/packages/mathlib/.lake/build/ir/Mathlib/Data/Int/Interval.c: OK
.lake/packages/mathlib/.lake/build/lib/lean/Mathlib/Data/Int/Interval.olean: OK
.lake/packages/mathlib/.lake/build/ir/Mathlib/Data/Int/LeastGreatest.c.o.export: OK
.lake/packages/mathlib/.lake/build/ir/Mathlib/Data/Int/LeastGreatest.c: OK
.lake/packages/mathlib/.lake/build/lib/lean/Mathlib/Data/Int/LeastGreatest.olean: OK
.lake/packages/mathlib/.lake/build/ir/Mathlib/Data/Int/ModEq.c.o.export: OK
.lake/packages/mathlib/.lake/build/ir/Mathlib/Data/Int/ModEq.c: OK
.lake/packages/mathlib/.lake/build/lib/lean/Mathlib/Data/Int/ModEq.olean: OK
.lake/packages/mathlib/.lake/build/ir/Mathlib/Data/Int/Notation.c.o.export: OK
.lake/packages/mathlib/.lake/build/ir/Mathlib/Data/Int/Notation.c: OK
.lake/packages/mathlib/.lake/build/lib/lean/Mathlib/Data/Int/Notation.olean: OK
.lake/packages/mathlib/.lake/build/ir/Mathlib/Data/Int/Order/Basic.c.o.export: OK
.lake/packages/mathlib/.lake/build/ir/Mathlib/Data/Int/Order/Basic.c: OK
.lake/packages/mathlib/.lake/build/lib/lean/Mathlib/Data/Int/Order/Basic.olean: OK
.lake/packages/mathlib/.lake/build/ir/Mathlib/Data/Int/Order/Units.c.o.export: OK
.lake/packages/mathlib/.lake/build/ir/Mathlib/Data/Int/Order/Units.c: OK
.lake/packages/mathlib/.lake/build/lib/lean/Mathlib/Data/Int/Order/Units.olean: OK
.lake/packages/mathlib/.lake/build/ir/Mathlib/Data/Int/Range.c.o.export: OK
.lake/packages/mathlib/.lake/build/ir/Mathlib/Data/Int/Range.c: OK
.lake/packages/mathlib/.lake/build/lib/lean/Mathlib/Data/Int/Range.olean: OK
.lake/packages/mathlib/.lake/build/ir/Mathlib/Data/Int/Sqrt.c.o.export: OK
.lake/packages/mathlib/.lake/build/ir/Mathlib/Data/Int/Sqrt.c: OK
.lake/packages/mathlib/.lake/build/lib/lean/Mathlib/Data/Int/Sqrt.olean: OK
.lake/packages/mathlib/.lake/build/ir/Mathlib/Data/Int/SuccPred.c.o.export: OK
.lake/packages/mathlib/.lake/build/ir/Mathlib/Data/Int/SuccPred.c: OK
.lake/packages/mathlib/.lake/build/lib/lean/Mathlib/Data/Int/SuccPred.olean: OK
.lake/packages/mathlib/.lake/build/ir/Mathlib/Data/Int/WithZero.c.o.export: OK
.lake/packages/mathlib/.lake/build/ir/Mathlib/Data/Int/WithZero.c: OK
.lake/packages/mathlib/.lake/build/lib/lean/Mathlib/Data/Int/WithZero.olean: OK
.lake/packages/mathlib/.lake/build/ir/Mathlib/Data/List/Basic.c.o.export: OK
.lake/packages/mathlib/.lake/build/ir/Mathlib/Data/List/Basic.c: OK
.lake/packages/mathlib/.lake/build/lib/lean/Mathlib/Data/List/Basic.olean: OK
.lake/packages/mathlib/.lake/build/ir/Mathlib/Data/List/Chain.c.o.export: OK
.lake/packages/mathlib/.lake/build/ir/Mathlib/Data/List/Chain.c: OK
.lake/packages/mathlib/.lake/build/lib/lean/Mathlib/Data/List/Chain.olean: OK
.lake/packages/mathlib/.lake/build/ir/Mathlib/Data/List/Count.c.o.export: OK
.lake/packages/mathlib/.lake/build/ir/Mathlib/Data/List/Count.c: OK
.lake/packages/mathlib/.lake/build/lib/lean/Mathlib/Data/List/Count.olean: OK
.lake/packages/mathlib/.lake/build/ir/Mathlib/Data/List/Cycle.c.o.export: OK
.lake/packages/mathlib/.lake/build/ir/Mathlib/Data/List/Cycle.c: OK
.lake/packages/mathlib/.lake/build/lib/lean/Mathlib/Data/List/Cycle.olean: OK
.lake/packages/mathlib/.lake/build/ir/Mathlib/Data/List/Dedup.c.o.export: OK
.lake/packages/mathlib/.lake/build/ir/Mathlib/Data/List/Dedup.c: OK
.lake/packages/mathlib/.lake/build/lib/lean/Mathlib/Data/List/Dedup.olean: OK
.lake/packages/mathlib/.lake/build/ir/Mathlib/Data/List/Defs.c.o.export: OK
.lake/packages/mathlib/.lake/build/ir/Mathlib/Data/List/Defs.c: OK
.lake/packages/mathlib/.lake/build/lib/lean/Mathlib/Data/List/Defs.olean: OK
.lake/packages/mathlib/.lake/build/ir/Mathlib/Data/List/Duplicate.c.o.export: OK
.lake/packages/mathlib/.lake/build/ir/Mathlib/Data/List/Duplicate.c: OK
.lake/packages/mathlib/.lake/build/lib/lean/Mathlib/Data/List/Duplicate.olean: OK
.lake/packages/mathlib/.lake/build/ir/Mathlib/Data/List/Enum.c.o.export: OK
.lake/packages/mathlib/.lake/build/ir/Mathlib/Data/List/Enum.c: OK
.lake/packages/mathlib/.lake/build/lib/lean/Mathlib/Data/List/Enum.olean: OK
.lake/packages/mathlib/.lake/build/ir/Mathlib/Data/List/FinRange.c.o.export: OK
.lake/packages/mathlib/.lake/build/ir/Mathlib/Data/List/FinRange.c: OK
.lake/packages/mathlib/.lake/build/lib/lean/Mathlib/Data/List/FinRange.olean: OK
.lake/packages/mathlib/.lake/build/ir/Mathlib/Data/List/Flatten.c.o.export: OK
.lake/packages/mathlib/.lake/build/ir/Mathlib/Data/List/Flatten.c: OK
.lake/packages/mathlib/.lake/build/lib/lean/Mathlib/Data/List/Flatten.olean: OK
.lake/packages/mathlib/.lake/build/ir/Mathlib/Data/List/Forall2.c.o.export: OK
.lake/packages/mathlib/.lake/build/ir/Mathlib/Data/List/Forall2.c: OK
.lake/packages/mathlib/.lake/build/lib/lean/Mathlib/Data/List/Forall2.olean: OK
.lake/packages/mathlib/.lake/build/ir/Mathlib/Data/List/Induction.c.o.export: OK
.lake/packages/mathlib/.lake/build/ir/Mathlib/Data/List/Induction.c: OK
.lake/packages/mathlib/.lake/build/lib/lean/Mathlib/Data/List/Induction.olean: OK
.lake/packages/mathlib/.lake/build/ir/Mathlib/Data/List/Infix.c.o.export: OK
.lake/packages/mathlib/.lake/build/ir/Mathlib/Data/List/Infix.c: OK
.lake/packages/mathlib/.lake/build/lib/lean/Mathlib/Data/List/Infix.olean: OK
.lake/packages/mathlib/.lake/build/ir/Mathlib/Data/List/InsertIdx.c.o.export: OK
.lake/packages/mathlib/.lake/build/ir/Mathlib/Data/List/InsertIdx.c: OK
.lake/packages/mathlib/.lake/build/lib/lean/Mathlib/Data/List/InsertIdx.olean: OK
.lake/packages/mathlib/.lake/build/ir/Mathlib/Data/List/Iterate.c.o.export: OK
.lake/packages/mathlib/.lake/build/ir/Mathlib/Data/List/Iterate.c: OK
.lake/packages/mathlib/.lake/build/lib/lean/Mathlib/Data/List/Iterate.olean: OK
.lake/packages/mathlib/.lake/build/ir/Mathlib/Data/List/Lattice.c.o.export: OK
.lake/packages/mathlib/.lake/build/ir/Mathlib/Data/List/Lattice.c: OK
.lake/packages/mathlib/.lake/build/lib/lean/Mathlib/Data/List/Lattice.olean: OK
.lake/packages/mathlib/.lake/build/ir/Mathlib/Data/List/Lex.c.o.export: OK
.lake/packages/mathlib/.lake/build/ir/Mathlib/Data/List/Lex.c: OK
.lake/packages/mathlib/.lake/build/lib/lean/Mathlib/Data/List/Lex.olean: OK
.lake/packages/mathlib/.lake/build/ir/Mathlib/Data/List/MinMax.c.o.export: OK
.lake/packages/mathlib/.lake/build/ir/Mathlib/Data/List/MinMax.c: OK
.lake/packages/mathlib/.lake/build/lib/lean/Mathlib/Data/List/MinMax.olean: OK
.lake/packages/mathlib/.lake/build/ir/Mathlib/Data/List/Monad.c.o.export: OK
.lake/packages/mathlib/.lake/build/ir/Mathlib/Data/List/Monad.c: OK
.lake/packages/mathlib/.lake/build/lib/lean/Mathlib/Data/List/Monad.olean: OK
.lake/packages/mathlib/.lake/build/ir/Mathlib/Data/List/NatAntidiagonal.c.o.export: OK
.lake/packages/mathlib/.lake/build/ir/Mathlib/Data/List/NatAntidiagonal.c: OK
.lake/packages/mathlib/.lake/build/lib/lean/Mathlib/Data/List/NatAntidiagonal.olean: OK
.lake/packages/mathlib/.lake/build/ir/Mathlib/Data/List/Nodup.c.o.export: OK
.lake/packages/mathlib/.lake/build/ir/Mathlib/Data/List/Nodup.c: OK
.lake/packages/mathlib/.lake/build/lib/lean/Mathlib/Data/List/Nodup.olean: OK
.lake/packages/mathlib/.lake/build/ir/Mathlib/Data/List/NodupEquivFin.c.o.export: OK
.lake/packages/mathlib/.lake/build/ir/Mathlib/Data/List/NodupEquivFin.c: OK
.lake/packages/mathlib/.lake/build/lib/lean/Mathlib/Data/List/NodupEquivFin.olean: OK
.lake/packages/mathlib/.lake/build/ir/Mathlib/Data/List/OfFn.c.o.export: OK
.lake/packages/mathlib/.lake/build/ir/Mathlib/Data/List/OfFn.c: OK
.lake/packages/mathlib/.lake/build/lib/lean/Mathlib/Data/List/OfFn.olean: OK
.lake/packages/mathlib/.lake/build/ir/Mathlib/Data/List/OffDiag.c.o.export: OK
.lake/packages/mathlib/.lake/build/ir/Mathlib/Data/List/OffDiag.c: OK
.lake/packages/mathlib/.lake/build/lib/lean/Mathlib/Data/List/OffDiag.olean: OK
.lake/packages/mathlib/.lake/build/ir/Mathlib/Data/List/Pairwise.c.o.export: OK
.lake/packages/mathlib/.lake/build/ir/Mathlib/Data/List/Pairwise.c: OK
.lake/packages/mathlib/.lake/build/lib/lean/Mathlib/Data/List/Pairwise.olean: OK
.lake/packages/mathlib/.lake/build/ir/Mathlib/Data/List/Perm/Basic.c.o.export: OK
.lake/packages/mathlib/.lake/build/ir/Mathlib/Data/List/Perm/Basic.c: OK
.lake/packages/mathlib/.lake/build/lib/lean/Mathlib/Data/List/Perm/Basic.olean: OK
.lake/packages/mathlib/.lake/build/ir/Mathlib/Data/List/Perm/Lattice.c.o.export: OK
.lake/packages/mathlib/.lake/build/ir/Mathlib/Data/List/Perm/Lattice.c: OK
.lake/packages/mathlib/.lake/build/lib/lean/Mathlib/Data/List/Perm/Lattice.olean: OK
.lake/packages/mathlib/.lake/build/ir/Mathlib/Data/List/Perm/Subperm.c.o.export: OK
.lake/packages/mathlib/.lake/build/ir/Mathlib/Data/List/Perm/Subperm.c: OK
.lake/packages/mathlib/.lake/build/lib/lean/Mathlib/Data/List/Perm/Subperm.olean: OK
.lake/packages/mathlib/.lake/build/ir/Mathlib/Data/List/Permutation.c.o.export: OK
.lake/packages/mathlib/.lake/build/ir/Mathlib/Data/List/Permutation.c: OK
.lake/packages/mathlib/.lake/build/lib/lean/Mathlib/Data/List/Permutation.olean: OK
.lake/packages/mathlib/.lake/build/ir/Mathlib/Data/List/Pi.c.o.export: OK
.lake/packages/mathlib/.lake/build/ir/Mathlib/Data/List/Pi.c: OK
.lake/packages/mathlib/.lake/build/lib/lean/Mathlib/Data/List/Pi.olean: OK
.lake/packages/mathlib/.lake/build/ir/Mathlib/Data/List/Prime.c.o.export: OK
.lake/packages/mathlib/.lake/build/ir/Mathlib/Data/List/Prime.c: OK
.lake/packages/mathlib/.lake/build/lib/lean/Mathlib/Data/List/Prime.olean: OK
.lake/packages/mathlib/.lake/build/ir/Mathlib/Data/List/ProdSigma.c.o.export: OK
.lake/packages/mathlib/.lake/build/ir/Mathlib/Data/List/ProdSigma.c: OK
.lake/packages/mathlib/.lake/build/lib/lean/Mathlib/Data/List/ProdSigma.olean: OK
.lake/packages/mathlib/.lake/build/ir/Mathlib/Data/List/Range.c.o.export: OK
.lake/packages/mathlib/.lake/build/ir/Mathlib/Data/List/Range.c: OK
.lake/packages/mathlib/.lake/build/lib/lean/Mathlib/Data/List/Range.olean: OK
.lake/packages/mathlib/.lake/build/ir/Mathlib/Data/List/Rotate.c.o.export: OK
.lake/packages/mathlib/.lake/build/ir/Mathlib/Data/List/Rotate.c: OK
.lake/packages/mathlib/.lake/build/lib/lean/Mathlib/Data/List/Rotate.olean: OK
.lake/packages/mathlib/.lake/build/ir/Mathlib/Data/List/Sort.c.o.export: OK
.lake/packages/mathlib/.lake/build/ir/Mathlib/Data/List/Sort.c: OK
.lake/packages/mathlib/.lake/build/lib/lean/Mathlib/Data/List/Sort.olean: OK
.lake/packages/mathlib/.lake/build/ir/Mathlib/Data/List/Sublists.c.o.export: OK
.lake/packages/mathlib/.lake/build/ir/Mathlib/Data/List/Sublists.c: OK
.lake/packages/mathlib/.lake/build/lib/lean/Mathlib/Data/List/Sublists.olean: OK
.lake/packages/mathlib/.lake/build/ir/Mathlib/Data/List/Sym.c.o.export: OK
.lake/packages/mathlib/.lake/build/ir/Mathlib/Data/List/Sym.c: OK
.lake/packages/mathlib/.lake/build/lib/lean/Mathlib/Data/List/Sym.olean: OK
.lake/packages/mathlib/.lake/build/ir/Mathlib/Data/List/TFAE.c.o.export: OK
.lake/packages/mathlib/.lake/build/ir/Mathlib/Data/List/TFAE.c: OK
.lake/packages/mathlib/.lake/build/lib/lean/Mathlib/Data/List/TFAE.olean: OK
.lake/packages/mathlib/.lake/build/ir/Mathlib/Data/List/TakeDrop.c.o.export: OK
.lake/packages/mathlib/.lake/build/ir/Mathlib/Data/List/TakeDrop.c: OK
.lake/packages/mathlib/.lake/build/lib/lean/Mathlib/Data/List/TakeDrop.olean: OK
.lake/packages/mathlib/.lake/build/ir/Mathlib/Data/List/Zip.c.o.export: OK
.lake/packages/mathlib/.lake/build/ir/Mathlib/Data/List/Zip.c: OK
.lake/packages/mathlib/.lake/build/lib/lean/Mathlib/Data/List/Zip.olean: OK
.lake/packages/mathlib/.lake/build/ir/Mathlib/Data/Matrix/Action.c.o.export: OK
.lake/packages/mathlib/.lake/build/ir/Mathlib/Data/Matrix/Action.c: OK
.lake/packages/mathlib/.lake/build/lib/lean/Mathlib/Data/Matrix/Action.olean: OK
.lake/packages/mathlib/.lake/build/ir/Mathlib/Data/Matrix/Basic.c.o.export: OK
.lake/packages/mathlib/.lake/build/ir/Mathlib/Data/Matrix/Basic.c: OK
.lake/packages/mathlib/.lake/build/lib/lean/Mathlib/Data/Matrix/Basic.olean: OK
.lake/packages/mathlib/.lake/build/ir/Mathlib/Data/Matrix/Basis.c.o.export: OK
.lake/packages/mathlib/.lake/build/ir/Mathlib/Data/Matrix/Basis.c: OK
.lake/packages/mathlib/.lake/build/lib/lean/Mathlib/Data/Matrix/Basis.olean: OK
.lake/packages/mathlib/.lake/build/ir/Mathlib/Data/Matrix/Block.c.o.export: OK
.lake/packages/mathlib/.lake/build/ir/Mathlib/Data/Matrix/Block.c: OK
.lake/packages/mathlib/.lake/build/lib/lean/Mathlib/Data/Matrix/Block.olean: OK
.lake/packages/mathlib/.lake/build/ir/Mathlib/Data/Matrix/Composition.c.o.export: OK
.lake/packages/mathlib/.lake/build/ir/Mathlib/Data/Matrix/Composition.c: OK
.lake/packages/mathlib/.lake/build/lib/lean/Mathlib/Data/Matrix/Composition.olean: OK
.lake/packages/mathlib/.lake/build/ir/Mathlib/Data/Matrix/Diagonal.c.o.export: OK
.lake/packages/mathlib/.lake/build/ir/Mathlib/Data/Matrix/Diagonal.c: OK
.lake/packages/mathlib/.lake/build/lib/lean/Mathlib/Data/Matrix/Diagonal.olean: OK
.lake/packages/mathlib/.lake/build/ir/Mathlib/Data/Matrix/Invertible.c.o.export: OK
.lake/packages/mathlib/.lake/build/ir/Mathlib/Data/Matrix/Invertible.c: OK
.lake/packages/mathlib/.lake/build/lib/lean/Mathlib/Data/Matrix/Invertible.olean: OK
.lake/packages/mathlib/.lake/build/ir/Mathlib/Data/Matrix/Mul.c.o.export: OK
.lake/packages/mathlib/.lake/build/ir/Mathlib/Data/Matrix/Mul.c: OK
.lake/packages/mathlib/.lake/build/lib/lean/Mathlib/Data/Matrix/Mul.olean: OK
.lake/packages/mathlib/.lake/build/ir/Mathlib/Data/Multiset/AddSub.c.o.export: OK
.lake/packages/mathlib/.lake/build/ir/Mathlib/Data/Multiset/AddSub.c: OK
.lake/packages/mathlib/.lake/build/lib/lean/Mathlib/Data/Multiset/AddSub.olean: OK
.lake/packages/mathlib/.lake/build/ir/Mathlib/Data/Multiset/Antidiagonal.c.o.export: OK
.lake/packages/mathlib/.lake/build/ir/Mathlib/Data/Multiset/Antidiagonal.c: OK
.lake/packages/mathlib/.lake/build/lib/lean/Mathlib/Data/Multiset/Antidiagonal.olean: OK
.lake/packages/mathlib/.lake/build/ir/Mathlib/Data/Multiset/Basic.c.o.export: OK
.lake/packages/mathlib/.lake/build/ir/Mathlib/Data/Multiset/Basic.c: OK
.lake/packages/mathlib/.lake/build/lib/lean/Mathlib/Data/Multiset/Basic.olean: OK
.lake/packages/mathlib/.lake/build/ir/Mathlib/Data/Multiset/Bind.c.o.export: OK
.lake/packages/mathlib/.lake/build/ir/Mathlib/Data/Multiset/Bind.c: OK
.lake/packages/mathlib/.lake/build/lib/lean/Mathlib/Data/Multiset/Bind.olean: OK
.lake/packages/mathlib/.lake/build/ir/Mathlib/Data/Multiset/Count.c.o.export: OK
.lake/packages/mathlib/.lake/build/ir/Mathlib/Data/Multiset/Count.c: OK
.lake/packages/mathlib/.lake/build/lib/lean/Mathlib/Data/Multiset/Count.olean: OK
.lake/packages/mathlib/.lake/build/ir/Mathlib/Data/Multiset/Dedup.c.o.export: OK
.lake/packages/mathlib/.lake/build/ir/Mathlib/Data/Multiset/Dedup.c: OK
.lake/packages/mathlib/.lake/build/lib/lean/Mathlib/Data/Multiset/Dedup.olean: OK
.lake/packages/mathlib/.lake/build/ir/Mathlib/Data/Multiset/Defs.c.o.export: OK
.lake/packages/mathlib/.lake/build/ir/Mathlib/Data/Multiset/Defs.c: OK
.lake/packages/mathlib/.lake/build/lib/lean/Mathlib/Data/Multiset/Defs.olean: OK
.lake/packages/mathlib/.lake/build/ir/Mathlib/Data/Multiset/Filter.c.o.export: OK
.lake/packages/mathlib/.lake/build/ir/Mathlib/Data/Multiset/Filter.c: OK
.lake/packages/mathlib/.lake/build/lib/lean/Mathlib/Data/Multiset/Filter.olean: OK
.lake/packages/mathlib/.lake/build/ir/Mathlib/Data/Multiset/FinsetOps.c.o.export: OK
.lake/packages/mathlib/.lake/build/ir/Mathlib/Data/Multiset/FinsetOps.c: OK
.lake/packages/mathlib/.lake/build/lib/lean/Mathlib/Data/Multiset/FinsetOps.olean: OK
.lake/packages/mathlib/.lake/build/ir/Mathlib/Data/Multiset/Fintype.c.o.export: OK
.lake/packages/mathlib/.lake/build/ir/Mathlib/Data/Multiset/Fintype.c: OK
.lake/packages/mathlib/.lake/build/lib/lean/Mathlib/Data/Multiset/Fintype.olean: OK
.lake/packages/mathlib/.lake/build/ir/Mathlib/Data/Multiset/Fold.c.o.export: OK
.lake/packages/mathlib/.lake/build/ir/Mathlib/Data/Multiset/Fold.c: OK
.lake/packages/mathlib/.lake/build/lib/lean/Mathlib/Data/Multiset/Fold.olean: OK
.lake/packages/mathlib/.lake/build/ir/Mathlib/Data/Multiset/Lattice.c.o.export: OK
.lake/packages/mathlib/.lake/build/ir/Mathlib/Data/Multiset/Lattice.c: OK
.lake/packages/mathlib/.lake/build/lib/lean/Mathlib/Data/Multiset/Lattice.olean: OK
.lake/packages/mathlib/.lake/build/ir/Mathlib/Data/Multiset/MapFold.c.o.export: OK
.lake/packages/mathlib/.lake/build/ir/Mathlib/Data/Multiset/MapFold.c: OK
.lake/packages/mathlib/.lake/build/lib/lean/Mathlib/Data/Multiset/MapFold.olean: OK
.lake/packages/mathlib/.lake/build/ir/Mathlib/Data/Multiset/NatAntidiagonal.c.o.export: OK
.lake/packages/mathlib/.lake/build/ir/Mathlib/Data/Multiset/NatAntidiagonal.c: OK
.lake/packages/mathlib/.lake/build/lib/lean/Mathlib/Data/Multiset/NatAntidiagonal.olean: OK
.lake/packages/mathlib/.lake/build/ir/Mathlib/Data/Multiset/OrderedMonoid.c.o.export: OK
.lake/packages/mathlib/.lake/build/ir/Mathlib/Data/Multiset/OrderedMonoid.c: OK
.lake/packages/mathlib/.lake/build/lib/lean/Mathlib/Data/Multiset/OrderedMonoid.olean: OK
.lake/packages/mathlib/.lake/build/ir/Mathlib/Data/Multiset/Pi.c.o.export: OK
.lake/packages/mathlib/.lake/build/ir/Mathlib/Data/Multiset/Pi.c: OK
.lake/packages/mathlib/.lake/build/lib/lean/Mathlib/Data/Multiset/Pi.olean: OK
.lake/packages/mathlib/.lake/build/ir/Mathlib/Data/Multiset/Powerset.c.o.export: OK
.lake/packages/mathlib/.lake/build/ir/Mathlib/Data/Multiset/Powerset.c: OK
.lake/packages/mathlib/.lake/build/lib/lean/Mathlib/Data/Multiset/Powerset.olean: OK
.lake/packages/mathlib/.lake/build/ir/Mathlib/Data/Multiset/Range.c.o.export: OK
.lake/packages/mathlib/.lake/build/ir/Mathlib/Data/Multiset/Range.c: OK
.lake/packages/mathlib/.lake/build/lib/lean/Mathlib/Data/Multiset/Range.olean: OK
.lake/packages/mathlib/.lake/build/ir/Mathlib/Data/Multiset/Replicate.c.o.export: OK
.lake/packages/mathlib/.lake/build/ir/Mathlib/Data/Multiset/Replicate.c: OK
.lake/packages/mathlib/.lake/build/lib/lean/Mathlib/Data/Multiset/Replicate.olean: OK
.lake/packages/mathlib/.lake/build/ir/Mathlib/Data/Multiset/Sections.c.o.export: OK
.lake/packages/mathlib/.lake/build/ir/Mathlib/Data/Multiset/Sections.c: OK
.lake/packages/mathlib/.lake/build/lib/lean/Mathlib/Data/Multiset/Sections.olean: OK
.lake/packages/mathlib/.lake/build/ir/Mathlib/Data/Multiset/Sort.c.o.export: OK
.lake/packages/mathlib/.lake/build/ir/Mathlib/Data/Multiset/Sort.c: OK
.lake/packages/mathlib/.lake/build/lib/lean/Mathlib/Data/Multiset/Sort.olean: OK
.lake/packages/mathlib/.lake/build/ir/Mathlib/Data/Multiset/Sum.c.o.export: OK
.lake/packages/mathlib/.lake/build/ir/Mathlib/Data/Multiset/Sum.c: OK
.lake/packages/mathlib/.lake/build/lib/lean/Mathlib/Data/Multiset/Sum.olean: OK
.lake/packages/mathlib/.lake/build/ir/Mathlib/Data/Multiset/Sym.c.o.export: OK
.lake/packages/mathlib/.lake/build/ir/Mathlib/Data/Multiset/Sym.c: OK
.lake/packages/mathlib/.lake/build/lib/lean/Mathlib/Data/Multiset/Sym.olean: OK
.lake/packages/mathlib/.lake/build/ir/Mathlib/Data/Multiset/UnionInter.c.o.export: OK
.lake/packages/mathlib/.lake/build/ir/Mathlib/Data/Multiset/UnionInter.c: OK
.lake/packages/mathlib/.lake/build/lib/lean/Mathlib/Data/Multiset/UnionInter.olean: OK
.lake/packages/mathlib/.lake/build/ir/Mathlib/Data/Multiset/ZeroCons.c.o.export: OK
.lake/packages/mathlib/.lake/build/ir/Mathlib/Data/Multiset/ZeroCons.c: OK
.lake/packages/mathlib/.lake/build/lib/lean/Mathlib/Data/Multiset/ZeroCons.olean: OK
.lake/packages/mathlib/.lake/build/ir/Mathlib/Data/NNRat/Defs.c.o.export: OK
.lake/packages/mathlib/.lake/build/ir/Mathlib/Data/NNRat/Defs.c: OK
.lake/packages/mathlib/.lake/build/lib/lean/Mathlib/Data/NNRat/Defs.olean: OK
.lake/packages/mathlib/.lake/build/ir/Mathlib/Data/NNRat/Order.c.o.export: OK
.lake/packages/mathlib/.lake/build/ir/Mathlib/Data/NNRat/Order.c: OK
.lake/packages/mathlib/.lake/build/lib/lean/Mathlib/Data/NNRat/Order.olean: OK
.lake/packages/mathlib/.lake/build/ir/Mathlib/Data/NNReal/Basic.c.o.export: OK
.lake/packages/mathlib/.lake/build/ir/Mathlib/Data/NNReal/Basic.c: OK
.lake/packages/mathlib/.lake/build/lib/lean/Mathlib/Data/NNReal/Basic.olean: OK
.lake/packages/mathlib/.lake/build/ir/Mathlib/Data/NNReal/Defs.c.o.export: OK
.lake/packages/mathlib/.lake/build/ir/Mathlib/Data/NNReal/Defs.c: OK
.lake/packages/mathlib/.lake/build/lib/lean/Mathlib/Data/NNReal/Defs.olean: OK
.lake/packages/mathlib/.lake/build/ir/Mathlib/Data/Nat/Basic.c.o.export: OK
.lake/packages/mathlib/.lake/build/ir/Mathlib/Data/Nat/Basic.c: OK
.lake/packages/mathlib/.lake/build/lib/lean/Mathlib/Data/Nat/Basic.olean: OK
.lake/packages/mathlib/.lake/build/ir/Mathlib/Data/Nat/BinaryRec.c.o.export: OK
.lake/packages/mathlib/.lake/build/ir/Mathlib/Data/Nat/BinaryRec.c: OK
.lake/packages/mathlib/.lake/build/lib/lean/Mathlib/Data/Nat/BinaryRec.olean: OK
.lake/packages/mathlib/.lake/build/ir/Mathlib/Data/Nat/Bits.c.o.export: OK
.lake/packages/mathlib/.lake/build/ir/Mathlib/Data/Nat/Bits.c: OK
.lake/packages/mathlib/.lake/build/lib/lean/Mathlib/Data/Nat/Bits.olean: OK
.lake/packages/mathlib/.lake/build/ir/Mathlib/Data/Nat/Cast/Basic.c.o.export: OK
.lake/packages/mathlib/.lake/build/ir/Mathlib/Data/Nat/Cast/Basic.c: OK
.lake/packages/mathlib/.lake/build/lib/lean/Mathlib/Data/Nat/Cast/Basic.olean: OK
.lake/packages/mathlib/.lake/build/ir/Mathlib/Data/Nat/Cast/Commute.c.o.export: OK
.lake/packages/mathlib/.lake/build/ir/Mathlib/Data/Nat/Cast/Commute.c: OK
.lake/packages/mathlib/.lake/build/lib/lean/Mathlib/Data/Nat/Cast/Commute.olean: OK
.lake/packages/mathlib/.lake/build/ir/Mathlib/Data/Nat/Cast/Defs.c.o.export: OK
.lake/packages/mathlib/.lake/build/ir/Mathlib/Data/Nat/Cast/Defs.c: OK
.lake/packages/mathlib/.lake/build/lib/lean/Mathlib/Data/Nat/Cast/Defs.olean: OK
.lake/packages/mathlib/.lake/build/ir/Mathlib/Data/Nat/Cast/Field.c.o.export: OK
.lake/packages/mathlib/.lake/build/ir/Mathlib/Data/Nat/Cast/Field.c: OK
.lake/packages/mathlib/.lake/build/lib/lean/Mathlib/Data/Nat/Cast/Field.olean: OK
.lake/packages/mathlib/.lake/build/ir/Mathlib/Data/Nat/Cast/NeZero.c.o.export: OK
.lake/packages/mathlib/.lake/build/ir/Mathlib/Data/Nat/Cast/NeZero.c: OK
.lake/packages/mathlib/.lake/build/lib/lean/Mathlib/Data/Nat/Cast/NeZero.olean: OK
.lake/packages/mathlib/.lake/build/ir/Mathlib/Data/Nat/Cast/Order/Basic.c.o.export: OK
.lake/packages/mathlib/.lake/build/ir/Mathlib/Data/Nat/Cast/Order/Basic.c: OK
.lake/packages/mathlib/.lake/build/lib/lean/Mathlib/Data/Nat/Cast/Order/Basic.olean: OK
.lake/packages/mathlib/.lake/build/ir/Mathlib/Data/Nat/Cast/Order/Field.c.o.export: OK
.lake/packages/mathlib/.lake/build/ir/Mathlib/Data/Nat/Cast/Order/Field.c: OK
.lake/packages/mathlib/.lake/build/lib/lean/Mathlib/Data/Nat/Cast/Order/Field.olean: OK
.lake/packages/mathlib/.lake/build/ir/Mathlib/Data/Nat/Cast/Order/Ring.c.o.export: OK
.lake/packages/mathlib/.lake/build/ir/Mathlib/Data/Nat/Cast/Order/Ring.c: OK
.lake/packages/mathlib/.lake/build/lib/lean/Mathlib/Data/Nat/Cast/Order/Ring.olean: OK
.lake/packages/mathlib/.lake/build/ir/Mathlib/Data/Nat/Cast/Prod.c.o.export: OK
.lake/packages/mathlib/.lake/build/ir/Mathlib/Data/Nat/Cast/Prod.c: OK
.lake/packages/mathlib/.lake/build/lib/lean/Mathlib/Data/Nat/Cast/Prod.olean: OK
.lake/packages/mathlib/.lake/build/ir/Mathlib/Data/Nat/Cast/WithTop.c.o.export: OK
.lake/packages/mathlib/.lake/build/ir/Mathlib/Data/Nat/Cast/WithTop.c: OK
.lake/packages/mathlib/.lake/build/lib/lean/Mathlib/Data/Nat/Cast/WithTop.olean: OK
.lake/packages/mathlib/.lake/build/ir/Mathlib/Data/Nat/ChineseRemainder.c.o.export: OK
.lake/packages/mathlib/.lake/build/ir/Mathlib/Data/Nat/ChineseRemainder.c: OK
.lake/packages/mathlib/.lake/build/lib/lean/Mathlib/Data/Nat/ChineseRemainder.olean: OK
.lake/packages/mathlib/.lake/build/ir/Mathlib/Data/Nat/Choose/Basic.c.o.export: OK
.lake/packages/mathlib/.lake/build/ir/Mathlib/Data/Nat/Choose/Basic.c: OK
.lake/packages/mathlib/.lake/build/lib/lean/Mathlib/Data/Nat/Choose/Basic.olean: OK
.lake/packages/mathlib/.lake/build/ir/Mathlib/Data/Nat/Choose/Bounds.c.o.export: OK
.lake/packages/mathlib/.lake/build/ir/Mathlib/Data/Nat/Choose/Bounds.c: OK
.lake/packages/mathlib/.lake/build/lib/lean/Mathlib/Data/Nat/Choose/Bounds.olean: OK
.lake/packages/mathlib/.lake/build/ir/Mathlib/Data/Nat/Choose/Cast.c.o.export: OK
.lake/packages/mathlib/.lake/build/ir/Mathlib/Data/Nat/Choose/Cast.c: OK
.lake/packages/mathlib/.lake/build/lib/lean/Mathlib/Data/Nat/Choose/Cast.olean: OK
.lake/packages/mathlib/.lake/build/ir/Mathlib/Data/Nat/Choose/Central.c.o.export: OK
.lake/packages/mathlib/.lake/build/ir/Mathlib/Data/Nat/Choose/Central.c: OK
.lake/packages/mathlib/.lake/build/lib/lean/Mathlib/Data/Nat/Choose/Central.olean: OK
.lake/packages/mathlib/.lake/build/ir/Mathlib/Data/Nat/Choose/Factorization.c.o.export: OK
.lake/packages/mathlib/.lake/build/ir/Mathlib/Data/Nat/Choose/Factorization.c: OK
.lake/packages/mathlib/.lake/build/lib/lean/Mathlib/Data/Nat/Choose/Factorization.olean: OK
.lake/packages/mathlib/.lake/build/ir/Mathlib/Data/Nat/Choose/Sum.c.o.export: OK
.lake/packages/mathlib/.lake/build/ir/Mathlib/Data/Nat/Choose/Sum.c: OK
.lake/packages/mathlib/.lake/build/lib/lean/Mathlib/Data/Nat/Choose/Sum.olean: OK
.lake/packages/mathlib/.lake/build/ir/Mathlib/Data/Nat/Choose/Vandermonde.c.o.export: OK
.lake/packages/mathlib/.lake/build/ir/Mathlib/Data/Nat/Choose/Vandermonde.c: OK
.lake/packages/mathlib/.lake/build/lib/lean/Mathlib/Data/Nat/Choose/Vandermonde.olean: OK
.lake/packages/mathlib/.lake/build/ir/Mathlib/Data/Nat/Count.c.o.export: OK
.lake/packages/mathlib/.lake/build/ir/Mathlib/Data/Nat/Count.c: OK
.lake/packages/mathlib/.lake/build/lib/lean/Mathlib/Data/Nat/Count.olean: OK
.lake/packages/mathlib/.lake/build/ir/Mathlib/Data/Nat/Digits/Defs.c.o.export: OK
.lake/packages/mathlib/.lake/build/ir/Mathlib/Data/Nat/Digits/Defs.c: OK
.lake/packages/mathlib/.lake/build/lib/lean/Mathlib/Data/Nat/Digits/Defs.olean: OK
.lake/packages/mathlib/.lake/build/ir/Mathlib/Data/Nat/Digits/Lemmas.c.o.export: OK
.lake/packages/mathlib/.lake/build/ir/Mathlib/Data/Nat/Digits/Lemmas.c: OK
.lake/packages/mathlib/.lake/build/lib/lean/Mathlib/Data/Nat/Digits/Lemmas.olean: OK
.lake/packages/mathlib/.lake/build/ir/Mathlib/Data/Nat/Factorial/Basic.c.o.export: OK
.lake/packages/mathlib/.lake/build/ir/Mathlib/Data/Nat/Factorial/Basic.c: OK
.lake/packages/mathlib/.lake/build/lib/lean/Mathlib/Data/Nat/Factorial/Basic.olean: OK
.lake/packages/mathlib/.lake/build/ir/Mathlib/Data/Nat/Factorial/BigOperators.c.o.export: OK
.lake/packages/mathlib/.lake/build/ir/Mathlib/Data/Nat/Factorial/BigOperators.c: OK
.lake/packages/mathlib/.lake/build/lib/lean/Mathlib/Data/Nat/Factorial/BigOperators.olean: OK
.lake/packages/mathlib/.lake/build/ir/Mathlib/Data/Nat/Factorial/Cast.c.o.export: OK
.lake/packages/mathlib/.lake/build/ir/Mathlib/Data/Nat/Factorial/Cast.c: OK
.lake/packages/mathlib/.lake/build/lib/lean/Mathlib/Data/Nat/Factorial/Cast.olean: OK
.lake/packages/mathlib/.lake/build/ir/Mathlib/Data/Nat/Factorial/SuperFactorial.c.o.export: OK
.lake/packages/mathlib/.lake/build/ir/Mathlib/Data/Nat/Factorial/SuperFactorial.c: OK
.lake/packages/mathlib/.lake/build/lib/lean/Mathlib/Data/Nat/Factorial/SuperFactorial.olean: OK
.lake/packages/mathlib/.lake/build/ir/Mathlib/Data/Nat/Factorization/Basic.c.o.export: OK
.lake/packages/mathlib/.lake/build/ir/Mathlib/Data/Nat/Factorization/Basic.c: OK
.lake/packages/mathlib/.lake/build/lib/lean/Mathlib/Data/Nat/Factorization/Basic.olean: OK
.lake/packages/mathlib/.lake/build/ir/Mathlib/Data/Nat/Factorization/Defs.c.o.export: OK
.lake/packages/mathlib/.lake/build/ir/Mathlib/Data/Nat/Factorization/Defs.c: OK
.lake/packages/mathlib/.lake/build/lib/lean/Mathlib/Data/Nat/Factorization/Defs.olean: OK
.lake/packages/mathlib/.lake/build/ir/Mathlib/Data/Nat/Factorization/Induction.c.o.export: OK
.lake/packages/mathlib/.lake/build/ir/Mathlib/Data/Nat/Factorization/Induction.c: OK
.lake/packages/mathlib/.lake/build/lib/lean/Mathlib/Data/Nat/Factorization/Induction.olean: OK
.lake/packages/mathlib/.lake/build/ir/Mathlib/Data/Nat/Factorization/LCM.c.o.export: OK
.lake/packages/mathlib/.lake/build/ir/Mathlib/Data/Nat/Factorization/LCM.c: OK
.lake/packages/mathlib/.lake/build/lib/lean/Mathlib/Data/Nat/Factorization/LCM.olean: OK
.lake/packages/mathlib/.lake/build/ir/Mathlib/Data/Nat/Factorization/PrimePow.c.o.export: OK
.lake/packages/mathlib/.lake/build/ir/Mathlib/Data/Nat/Factorization/PrimePow.c: OK
.lake/packages/mathlib/.lake/build/lib/lean/Mathlib/Data/Nat/Factorization/PrimePow.olean: OK
.lake/packages/mathlib/.lake/build/ir/Mathlib/Data/Nat/Factors.c.o.export: OK
.lake/packages/mathlib/.lake/build/ir/Mathlib/Data/Nat/Factors.c: OK
.lake/packages/mathlib/.lake/build/lib/lean/Mathlib/Data/Nat/Factors.olean: OK
.lake/packages/mathlib/.lake/build/ir/Mathlib/Data/Nat/Fib/Basic.c.o.export: OK
.lake/packages/mathlib/.lake/build/ir/Mathlib/Data/Nat/Fib/Basic.c: OK
.lake/packages/mathlib/.lake/build/lib/lean/Mathlib/Data/Nat/Fib/Basic.olean: OK
.lake/packages/mathlib/.lake/build/ir/Mathlib/Data/Nat/Find.c.o.export: OK
.lake/packages/mathlib/.lake/build/ir/Mathlib/Data/Nat/Find.c: OK
.lake/packages/mathlib/.lake/build/lib/lean/Mathlib/Data/Nat/Find.olean: OK
.lake/packages/mathlib/.lake/build/ir/Mathlib/Data/Nat/GCD/Basic.c.o.export: OK
.lake/packages/mathlib/.lake/build/ir/Mathlib/Data/Nat/GCD/Basic.c: OK
.lake/packages/mathlib/.lake/build/lib/lean/Mathlib/Data/Nat/GCD/Basic.olean: OK
.lake/packages/mathlib/.lake/build/ir/Mathlib/Data/Nat/GCD/BigOperators.c.o.export: OK
.lake/packages/mathlib/.lake/build/ir/Mathlib/Data/Nat/GCD/BigOperators.c: OK
.lake/packages/mathlib/.lake/build/lib/lean/Mathlib/Data/Nat/GCD/BigOperators.olean: OK
.lake/packages/mathlib/.lake/build/ir/Mathlib/Data/Nat/Init.c.o.export: OK
.lake/packages/mathlib/.lake/build/ir/Mathlib/Data/Nat/Init.c: OK
.lake/packages/mathlib/.lake/build/lib/lean/Mathlib/Data/Nat/Init.olean: OK
.lake/packages/mathlib/.lake/build/ir/Mathlib/Data/Nat/Lattice.c.o.export: OK
.lake/packages/mathlib/.lake/build/ir/Mathlib/Data/Nat/Lattice.c: OK
.lake/packages/mathlib/.lake/build/lib/lean/Mathlib/Data/Nat/Lattice.olean: OK
.lake/packages/mathlib/.lake/build/ir/Mathlib/Data/Nat/Log.c.o.export: OK
.lake/packages/mathlib/.lake/build/ir/Mathlib/Data/Nat/Log.c: OK
.lake/packages/mathlib/.lake/build/lib/lean/Mathlib/Data/Nat/Log.olean: OK
.lake/packages/mathlib/.lake/build/ir/Mathlib/Data/Nat/MaxPowDiv.c.o.export: OK
.lake/packages/mathlib/.lake/build/ir/Mathlib/Data/Nat/MaxPowDiv.c: OK
.lake/packages/mathlib/.lake/build/lib/lean/Mathlib/Data/Nat/MaxPowDiv.olean: OK
.lake/packages/mathlib/.lake/build/ir/Mathlib/Data/Nat/ModEq.c.o.export: OK
.lake/packages/mathlib/.lake/build/ir/Mathlib/Data/Nat/ModEq.c: OK
.lake/packages/mathlib/.lake/build/lib/lean/Mathlib/Data/Nat/ModEq.olean: OK
.lake/packages/mathlib/.lake/build/ir/Mathlib/Data/Nat/Multiplicity.c.o.export: OK
.lake/packages/mathlib/.lake/build/ir/Mathlib/Data/Nat/Multiplicity.c: OK
.lake/packages/mathlib/.lake/build/lib/lean/Mathlib/Data/Nat/Multiplicity.olean: OK
.lake/packages/mathlib/.lake/build/ir/Mathlib/Data/Nat/Notation.c.o.export: OK
.lake/packages/mathlib/.lake/build/ir/Mathlib/Data/Nat/Notation.c: OK
.lake/packages/mathlib/.lake/build/lib/lean/Mathlib/Data/Nat/Notation.olean: OK
.lake/packages/mathlib/.lake/build/ir/Mathlib/Data/Nat/NthRoot/Defs.c.o.export: OK
.lake/packages/mathlib/.lake/build/ir/Mathlib/Data/Nat/NthRoot/Defs.c: OK
.lake/packages/mathlib/.lake/build/lib/lean/Mathlib/Data/Nat/NthRoot/Defs.olean: OK
.lake/packages/mathlib/.lake/build/ir/Mathlib/Data/Nat/Order/Lemmas.c.o.export: OK
.lake/packages/mathlib/.lake/build/ir/Mathlib/Data/Nat/Order/Lemmas.c: OK
.lake/packages/mathlib/.lake/build/lib/lean/Mathlib/Data/Nat/Order/Lemmas.olean: OK
.lake/packages/mathlib/.lake/build/ir/Mathlib/Data/Nat/Pairing.c.o.export: OK
.lake/packages/mathlib/.lake/build/ir/Mathlib/Data/Nat/Pairing.c: OK
.lake/packages/mathlib/.lake/build/lib/lean/Mathlib/Data/Nat/Pairing.olean: OK
.lake/packages/mathlib/.lake/build/ir/Mathlib/Data/Nat/Periodic.c.o.export: OK
.lake/packages/mathlib/.lake/build/ir/Mathlib/Data/Nat/Periodic.c: OK
.lake/packages/mathlib/.lake/build/lib/lean/Mathlib/Data/Nat/Periodic.olean: OK
.lake/packages/mathlib/.lake/build/ir/Mathlib/Data/Nat/Prime/Basic.c.o.export: OK
.lake/packages/mathlib/.lake/build/ir/Mathlib/Data/Nat/Prime/Basic.c: OK
.lake/packages/mathlib/.lake/build/lib/lean/Mathlib/Data/Nat/Prime/Basic.olean: OK
.lake/packages/mathlib/.lake/build/ir/Mathlib/Data/Nat/Prime/Defs.c.o.export: OK
.lake/packages/mathlib/.lake/build/ir/Mathlib/Data/Nat/Prime/Defs.c: OK
.lake/packages/mathlib/.lake/build/lib/lean/Mathlib/Data/Nat/Prime/Defs.olean: OK
.lake/packages/mathlib/.lake/build/ir/Mathlib/Data/Nat/Prime/Infinite.c.o.export: OK
.lake/packages/mathlib/.lake/build/ir/Mathlib/Data/Nat/Prime/Infinite.c: OK
.lake/packages/mathlib/.lake/build/lib/lean/Mathlib/Data/Nat/Prime/Infinite.olean: OK
.lake/packages/mathlib/.lake/build/ir/Mathlib/Data/Nat/Prime/Int.c.o.export: OK
.lake/packages/mathlib/.lake/build/ir/Mathlib/Data/Nat/Prime/Int.c: OK
.lake/packages/mathlib/.lake/build/lib/lean/Mathlib/Data/Nat/Prime/Int.olean: OK
.lake/packages/mathlib/.lake/build/ir/Mathlib/Data/Nat/Prime/Pow.c.o.export: OK
.lake/packages/mathlib/.lake/build/ir/Mathlib/Data/Nat/Prime/Pow.c: OK
.lake/packages/mathlib/.lake/build/lib/lean/Mathlib/Data/Nat/Prime/Pow.olean: OK
.lake/packages/mathlib/.lake/build/ir/Mathlib/Data/Nat/PrimeFin.c.o.export: OK
.lake/packages/mathlib/.lake/build/ir/Mathlib/Data/Nat/PrimeFin.c: OK
.lake/packages/mathlib/.lake/build/lib/lean/Mathlib/Data/Nat/PrimeFin.olean: OK
.lake/packages/mathlib/.lake/build/ir/Mathlib/Data/Nat/Set.c.o.export: OK
.lake/packages/mathlib/.lake/build/ir/Mathlib/Data/Nat/Set.c: OK
.lake/packages/mathlib/.lake/build/lib/lean/Mathlib/Data/Nat/Set.olean: OK
.lake/packages/mathlib/.lake/build/ir/Mathlib/Data/Nat/Sqrt.c.o.export: OK
.lake/packages/mathlib/.lake/build/ir/Mathlib/Data/Nat/Sqrt.c: OK
.lake/packages/mathlib/.lake/build/lib/lean/Mathlib/Data/Nat/Sqrt.olean: OK
.lake/packages/mathlib/.lake/build/ir/Mathlib/Data/Nat/Squarefree.c.o.export: OK
.lake/packages/mathlib/.lake/build/ir/Mathlib/Data/Nat/Squarefree.c: OK
.lake/packages/mathlib/.lake/build/lib/lean/Mathlib/Data/Nat/Squarefree.olean: OK
.lake/packages/mathlib/.lake/build/ir/Mathlib/Data/Nat/SuccPred.c.o.export: OK
.lake/packages/mathlib/.lake/build/ir/Mathlib/Data/Nat/SuccPred.c: OK
.lake/packages/mathlib/.lake/build/lib/lean/Mathlib/Data/Nat/SuccPred.olean: OK
.lake/packages/mathlib/.lake/build/ir/Mathlib/Data/Nat/Totient.c.o.export: OK
.lake/packages/mathlib/.lake/build/ir/Mathlib/Data/Nat/Totient.c: OK
.lake/packages/mathlib/.lake/build/lib/lean/Mathlib/Data/Nat/Totient.olean: OK
.lake/packages/mathlib/.lake/build/ir/Mathlib/Data/Nat/WithBot.c.o.export: OK
.lake/packages/mathlib/.lake/build/ir/Mathlib/Data/Nat/WithBot.c: OK
.lake/packages/mathlib/.lake/build/lib/lean/Mathlib/Data/Nat/WithBot.olean: OK
.lake/packages/mathlib/.lake/build/ir/Mathlib/Data/Opposite.c.o.export: OK
.lake/packages/mathlib/.lake/build/ir/Mathlib/Data/Opposite.c: OK
.lake/packages/mathlib/.lake/build/lib/lean/Mathlib/Data/Opposite.olean: OK
.lake/packages/mathlib/.lake/build/ir/Mathlib/Data/Option/Basic.c.o.export: OK
.lake/packages/mathlib/.lake/build/ir/Mathlib/Data/Option/Basic.c: OK
.lake/packages/mathlib/.lake/build/lib/lean/Mathlib/Data/Option/Basic.olean: OK
.lake/packages/mathlib/.lake/build/ir/Mathlib/Data/Option/Defs.c.o.export: OK
.lake/packages/mathlib/.lake/build/ir/Mathlib/Data/Option/Defs.c: OK
.lake/packages/mathlib/.lake/build/lib/lean/Mathlib/Data/Option/Defs.olean: OK
.lake/packages/mathlib/.lake/build/ir/Mathlib/Data/Option/NAry.c.o.export: OK
.lake/packages/mathlib/.lake/build/ir/Mathlib/Data/Option/NAry.c: OK
.lake/packages/mathlib/.lake/build/lib/lean/Mathlib/Data/Option/NAry.olean: OK
.lake/packages/mathlib/.lake/build/ir/Mathlib/Data/Ordering/Basic.c.o.export: OK
.lake/packages/mathlib/.lake/build/ir/Mathlib/Data/Ordering/Basic.c: OK
.lake/packages/mathlib/.lake/build/lib/lean/Mathlib/Data/Ordering/Basic.olean: OK
.lake/packages/mathlib/.lake/build/ir/Mathlib/Data/PFunctor/Univariate/Basic.c.o.export: OK
.lake/packages/mathlib/.lake/build/ir/Mathlib/Data/PFunctor/Univariate/Basic.c: OK
.lake/packages/mathlib/.lake/build/lib/lean/Mathlib/Data/PFunctor/Univariate/Basic.olean: OK
.lake/packages/mathlib/.lake/build/ir/Mathlib/Data/PNat/Basic.c.o.export: OK
.lake/packages/mathlib/.lake/build/ir/Mathlib/Data/PNat/Basic.c: OK
.lake/packages/mathlib/.lake/build/lib/lean/Mathlib/Data/PNat/Basic.olean: OK
.lake/packages/mathlib/.lake/build/ir/Mathlib/Data/PNat/Defs.c.o.export: OK
.lake/packages/mathlib/.lake/build/ir/Mathlib/Data/PNat/Defs.c: OK
.lake/packages/mathlib/.lake/build/lib/lean/Mathlib/Data/PNat/Defs.olean: OK
.lake/packages/mathlib/.lake/build/ir/Mathlib/Data/PNat/Equiv.c.o.export: OK
.lake/packages/mathlib/.lake/build/ir/Mathlib/Data/PNat/Equiv.c: OK
.lake/packages/mathlib/.lake/build/lib/lean/Mathlib/Data/PNat/Equiv.olean: OK
.lake/packages/mathlib/.lake/build/ir/Mathlib/Data/PNat/Notation.c.o.export: OK
.lake/packages/mathlib/.lake/build/ir/Mathlib/Data/PNat/Notation.c: OK
.lake/packages/mathlib/.lake/build/lib/lean/Mathlib/Data/PNat/Notation.olean: OK
.lake/packages/mathlib/.lake/build/ir/Mathlib/Data/PNat/Prime.c.o.export: OK
.lake/packages/mathlib/.lake/build/ir/Mathlib/Data/PNat/Prime.c: OK
.lake/packages/mathlib/.lake/build/lib/lean/Mathlib/Data/PNat/Prime.olean: OK
.lake/packages/mathlib/.lake/build/ir/Mathlib/Data/Part.c.o.export: OK
.lake/packages/mathlib/.lake/build/ir/Mathlib/Data/Part.c: OK
.lake/packages/mathlib/.lake/build/lib/lean/Mathlib/Data/Part.olean: OK
.lake/packages/mathlib/.lake/build/ir/Mathlib/Data/Prod/Basic.c.o.export: OK
.lake/packages/mathlib/.lake/build/ir/Mathlib/Data/Prod/Basic.c: OK
.lake/packages/mathlib/.lake/build/lib/lean/Mathlib/Data/Prod/Basic.olean: OK
.lake/packages/mathlib/.lake/build/ir/Mathlib/Data/Prod/Lex.c.o.export: OK
.lake/packages/mathlib/.lake/build/ir/Mathlib/Data/Prod/Lex.c: OK
.lake/packages/mathlib/.lake/build/lib/lean/Mathlib/Data/Prod/Lex.olean: OK
.lake/packages/mathlib/.lake/build/ir/Mathlib/Data/Prod/PProd.c.o.export: OK
.lake/packages/mathlib/.lake/build/ir/Mathlib/Data/Prod/PProd.c: OK
.lake/packages/mathlib/.lake/build/lib/lean/Mathlib/Data/Prod/PProd.olean: OK
.lake/packages/mathlib/.lake/build/ir/Mathlib/Data/Quot.c.o.export: OK
.lake/packages/mathlib/.lake/build/ir/Mathlib/Data/Quot.c: OK
.lake/packages/mathlib/.lake/build/lib/lean/Mathlib/Data/Quot.olean: OK
.lake/packages/mathlib/.lake/build/ir/Mathlib/Data/Rat/BigOperators.c.o.export: OK
.lake/packages/mathlib/.lake/build/ir/Mathlib/Data/Rat/BigOperators.c: OK
.lake/packages/mathlib/.lake/build/lib/lean/Mathlib/Data/Rat/BigOperators.olean: OK
.lake/packages/mathlib/.lake/build/ir/Mathlib/Data/Rat/Cast/CharZero.c.o.export: OK
.lake/packages/mathlib/.lake/build/ir/Mathlib/Data/Rat/Cast/CharZero.c: OK
.lake/packages/mathlib/.lake/build/lib/lean/Mathlib/Data/Rat/Cast/CharZero.olean: OK
.lake/packages/mathlib/.lake/build/ir/Mathlib/Data/Rat/Cast/Defs.c.o.export: OK
.lake/packages/mathlib/.lake/build/ir/Mathlib/Data/Rat/Cast/Defs.c: OK
.lake/packages/mathlib/.lake/build/lib/lean/Mathlib/Data/Rat/Cast/Defs.olean: OK
.lake/packages/mathlib/.lake/build/ir/Mathlib/Data/Rat/Cast/Lemmas.c.o.export: OK
.lake/packages/mathlib/.lake/build/ir/Mathlib/Data/Rat/Cast/Lemmas.c: OK
.lake/packages/mathlib/.lake/build/lib/lean/Mathlib/Data/Rat/Cast/Lemmas.olean: OK
.lake/packages/mathlib/.lake/build/ir/Mathlib/Data/Rat/Cast/Order.c.o.export: OK
.lake/packages/mathlib/.lake/build/ir/Mathlib/Data/Rat/Cast/Order.c: OK
.lake/packages/mathlib/.lake/build/lib/lean/Mathlib/Data/Rat/Cast/Order.olean: OK
.lake/packages/mathlib/.lake/build/ir/Mathlib/Data/Rat/Defs.c.o.export: OK
.lake/packages/mathlib/.lake/build/ir/Mathlib/Data/Rat/Defs.c: OK
.lake/packages/mathlib/.lake/build/lib/lean/Mathlib/Data/Rat/Defs.olean: OK
.lake/packages/mathlib/.lake/build/ir/Mathlib/Data/Rat/Encodable.c.o.export: OK
.lake/packages/mathlib/.lake/build/ir/Mathlib/Data/Rat/Encodable.c: OK
.lake/packages/mathlib/.lake/build/lib/lean/Mathlib/Data/Rat/Encodable.olean: OK
.lake/packages/mathlib/.lake/build/ir/Mathlib/Data/Rat/Floor.c.o.export: OK
.lake/packages/mathlib/.lake/build/ir/Mathlib/Data/Rat/Floor.c: OK
.lake/packages/mathlib/.lake/build/lib/lean/Mathlib/Data/Rat/Floor.olean: OK
.lake/packages/mathlib/.lake/build/ir/Mathlib/Data/Rat/Init.c.o.export: OK
.lake/packages/mathlib/.lake/build/ir/Mathlib/Data/Rat/Init.c: OK
.lake/packages/mathlib/.lake/build/lib/lean/Mathlib/Data/Rat/Init.olean: OK
.lake/packages/mathlib/.lake/build/ir/Mathlib/Data/Rat/Lemmas.c.o.export: OK
.lake/packages/mathlib/.lake/build/ir/Mathlib/Data/Rat/Lemmas.c: OK
.lake/packages/mathlib/.lake/build/lib/lean/Mathlib/Data/Rat/Lemmas.olean: OK
.lake/packages/mathlib/.lake/build/ir/Mathlib/Data/Rat/Sqrt.c.o.export: OK
.lake/packages/mathlib/.lake/build/ir/Mathlib/Data/Rat/Sqrt.c: OK
.lake/packages/mathlib/.lake/build/lib/lean/Mathlib/Data/Rat/Sqrt.olean: OK
.lake/packages/mathlib/.lake/build/ir/Mathlib/Data/Real/Archimedean.c.o.export: OK
.lake/packages/mathlib/.lake/build/ir/Mathlib/Data/Real/Archimedean.c: OK
.lake/packages/mathlib/.lake/build/lib/lean/Mathlib/Data/Real/Archimedean.olean: OK
.lake/packages/mathlib/.lake/build/ir/Mathlib/Data/Real/Basic.c.o.export: OK
.lake/packages/mathlib/.lake/build/ir/Mathlib/Data/Real/Basic.c: OK
.lake/packages/mathlib/.lake/build/lib/lean/Mathlib/Data/Real/Basic.olean: OK
.lake/packages/mathlib/.lake/build/ir/Mathlib/Data/Real/ENatENNReal.c.o.export: OK
.lake/packages/mathlib/.lake/build/ir/Mathlib/Data/Real/ENatENNReal.c: OK
.lake/packages/mathlib/.lake/build/lib/lean/Mathlib/Data/Real/ENatENNReal.olean: OK
.lake/packages/mathlib/.lake/build/ir/Mathlib/Data/Real/Pointwise.c.o.export: OK
.lake/packages/mathlib/.lake/build/ir/Mathlib/Data/Real/Pointwise.c: OK
.lake/packages/mathlib/.lake/build/lib/lean/Mathlib/Data/Real/Pointwise.olean: OK
.lake/packages/mathlib/.lake/build/ir/Mathlib/Data/Real/Sqrt.c.o.export: OK
.lake/packages/mathlib/.lake/build/ir/Mathlib/Data/Real/Sqrt.c: OK
.lake/packages/mathlib/.lake/build/lib/lean/Mathlib/Data/Real/Sqrt.olean: OK
.lake/packages/mathlib/.lake/build/ir/Mathlib/Data/Real/Star.c.o.export: OK
.lake/packages/mathlib/.lake/build/ir/Mathlib/Data/Real/Star.c: OK
.lake/packages/mathlib/.lake/build/lib/lean/Mathlib/Data/Real/Star.olean: OK
.lake/packages/mathlib/.lake/build/ir/Mathlib/Data/Rel.c.o.export: OK
.lake/packages/mathlib/.lake/build/ir/Mathlib/Data/Rel.c: OK
.lake/packages/mathlib/.lake/build/lib/lean/Mathlib/Data/Rel.olean: OK
.lake/packages/mathlib/.lake/build/ir/Mathlib/Data/Rel/Cover.c.o.export: OK
.lake/packages/mathlib/.lake/build/ir/Mathlib/Data/Rel/Cover.c: OK
.lake/packages/mathlib/.lake/build/lib/lean/Mathlib/Data/Rel/Cover.olean: OK
.lake/packages/mathlib/.lake/build/ir/Mathlib/Data/Rel/Separated.c.o.export: OK
.lake/packages/mathlib/.lake/build/ir/Mathlib/Data/Rel/Separated.c: OK
.lake/packages/mathlib/.lake/build/lib/lean/Mathlib/Data/Rel/Separated.olean: OK
.lake/packages/mathlib/.lake/build/ir/Mathlib/Data/SProd.c.o.export: OK
.lake/packages/mathlib/.lake/build/ir/Mathlib/Data/SProd.c: OK
.lake/packages/mathlib/.lake/build/lib/lean/Mathlib/Data/SProd.olean: OK
.lake/packages/mathlib/.lake/build/ir/Mathlib/Data/Seq/Basic.c.o.export: OK
.lake/packages/mathlib/.lake/build/ir/Mathlib/Data/Seq/Basic.c: OK
.lake/packages/mathlib/.lake/build/lib/lean/Mathlib/Data/Seq/Basic.olean: OK
.lake/packages/mathlib/.lake/build/ir/Mathlib/Data/Seq/Computation.c.o.export: OK
.lake/packages/mathlib/.lake/build/ir/Mathlib/Data/Seq/Computation.c: OK
.lake/packages/mathlib/.lake/build/lib/lean/Mathlib/Data/Seq/Computation.olean: OK
.lake/packages/mathlib/.lake/build/ir/Mathlib/Data/Seq/Defs.c.o.export: OK
.lake/packages/mathlib/.lake/build/ir/Mathlib/Data/Seq/Defs.c: OK
.lake/packages/mathlib/.lake/build/lib/lean/Mathlib/Data/Seq/Defs.olean: OK
.lake/packages/mathlib/.lake/build/ir/Mathlib/Data/Set/Accumulate.c.o.export: OK
.lake/packages/mathlib/.lake/build/ir/Mathlib/Data/Set/Accumulate.c: OK
.lake/packages/mathlib/.lake/build/lib/lean/Mathlib/Data/Set/Accumulate.olean: OK
.lake/packages/mathlib/.lake/build/ir/Mathlib/Data/Set/Basic.c.o.export: OK
.lake/packages/mathlib/.lake/build/ir/Mathlib/Data/Set/Basic.c: OK
.lake/packages/mathlib/.lake/build/lib/lean/Mathlib/Data/Set/Basic.olean: OK
.lake/packages/mathlib/.lake/build/ir/Mathlib/Data/Set/BoolIndicator.c.o.export: OK
.lake/packages/mathlib/.lake/build/ir/Mathlib/Data/Set/BoolIndicator.c: OK
.lake/packages/mathlib/.lake/build/lib/lean/Mathlib/Data/Set/BoolIndicator.olean: OK
.lake/packages/mathlib/.lake/build/ir/Mathlib/Data/Set/BooleanAlgebra.c.o.export: OK
.lake/packages/mathlib/.lake/build/ir/Mathlib/Data/Set/BooleanAlgebra.c: OK
.lake/packages/mathlib/.lake/build/lib/lean/Mathlib/Data/Set/BooleanAlgebra.olean: OK
.lake/packages/mathlib/.lake/build/ir/Mathlib/Data/Set/Card.c.o.export: OK
.lake/packages/mathlib/.lake/build/ir/Mathlib/Data/Set/Card.c: OK
.lake/packages/mathlib/.lake/build/lib/lean/Mathlib/Data/Set/Card.olean: OK
.lake/packages/mathlib/.lake/build/ir/Mathlib/Data/Set/CoeSort.c.o.export: OK
.lake/packages/mathlib/.lake/build/ir/Mathlib/Data/Set/CoeSort.c: OK
.lake/packages/mathlib/.lake/build/lib/lean/Mathlib/Data/Set/CoeSort.olean: OK
.lake/packages/mathlib/.lake/build/ir/Mathlib/Data/Set/Constructions.c.o.export: OK
.lake/packages/mathlib/.lake/build/ir/Mathlib/Data/Set/Constructions.c: OK
.lake/packages/mathlib/.lake/build/lib/lean/Mathlib/Data/Set/Constructions.olean: OK
.lake/packages/mathlib/.lake/build/ir/Mathlib/Data/Set/Countable.c.o.export: OK
.lake/packages/mathlib/.lake/build/ir/Mathlib/Data/Set/Countable.c: OK
.lake/packages/mathlib/.lake/build/lib/lean/Mathlib/Data/Set/Countable.olean: OK
.lake/packages/mathlib/.lake/build/ir/Mathlib/Data/Set/Defs.c.o.export: OK
.lake/packages/mathlib/.lake/build/ir/Mathlib/Data/Set/Defs.c: OK
.lake/packages/mathlib/.lake/build/lib/lean/Mathlib/Data/Set/Defs.olean: OK
.lake/packages/mathlib/.lake/build/ir/Mathlib/Data/Set/Disjoint.c.o.export: OK
.lake/packages/mathlib/.lake/build/ir/Mathlib/Data/Set/Disjoint.c: OK
.lake/packages/mathlib/.lake/build/lib/lean/Mathlib/Data/Set/Disjoint.olean: OK
.lake/packages/mathlib/.lake/build/ir/Mathlib/Data/Set/Finite/Basic.c.o.export: OK
.lake/packages/mathlib/.lake/build/ir/Mathlib/Data/Set/Finite/Basic.c: OK
.lake/packages/mathlib/.lake/build/lib/lean/Mathlib/Data/Set/Finite/Basic.olean: OK
.lake/packages/mathlib/.lake/build/ir/Mathlib/Data/Set/Finite/Lattice.c.o.export: OK
.lake/packages/mathlib/.lake/build/ir/Mathlib/Data/Set/Finite/Lattice.c: OK
.lake/packages/mathlib/.lake/build/lib/lean/Mathlib/Data/Set/Finite/Lattice.olean: OK
.lake/packages/mathlib/.lake/build/ir/Mathlib/Data/Set/Finite/Lemmas.c.o.export: OK
.lake/packages/mathlib/.lake/build/ir/Mathlib/Data/Set/Finite/Lemmas.c: OK
.lake/packages/mathlib/.lake/build/lib/lean/Mathlib/Data/Set/Finite/Lemmas.olean: OK
.lake/packages/mathlib/.lake/build/ir/Mathlib/Data/Set/Finite/Powerset.c.o.export: OK
.lake/packages/mathlib/.lake/build/ir/Mathlib/Data/Set/Finite/Powerset.c: OK
.lake/packages/mathlib/.lake/build/lib/lean/Mathlib/Data/Set/Finite/Powerset.olean: OK
.lake/packages/mathlib/.lake/build/ir/Mathlib/Data/Set/Finite/Range.c.o.export: OK
.lake/packages/mathlib/.lake/build/ir/Mathlib/Data/Set/Finite/Range.c: OK
.lake/packages/mathlib/.lake/build/lib/lean/Mathlib/Data/Set/Finite/Range.olean: OK
.lake/packages/mathlib/.lake/build/ir/Mathlib/Data/Set/Function.c.o.export: OK
.lake/packages/mathlib/.lake/build/ir/Mathlib/Data/Set/Function.c: OK
.lake/packages/mathlib/.lake/build/lib/lean/Mathlib/Data/Set/Function.olean: OK
.lake/packages/mathlib/.lake/build/ir/Mathlib/Data/Set/Functor.c.o.export: OK
.lake/packages/mathlib/.lake/build/ir/Mathlib/Data/Set/Functor.c: OK
.lake/packages/mathlib/.lake/build/lib/lean/Mathlib/Data/Set/Functor.olean: OK
.lake/packages/mathlib/.lake/build/ir/Mathlib/Data/Set/Image.c.o.export: OK
.lake/packages/mathlib/.lake/build/ir/Mathlib/Data/Set/Image.c: OK
.lake/packages/mathlib/.lake/build/lib/lean/Mathlib/Data/Set/Image.olean: OK
.lake/packages/mathlib/.lake/build/ir/Mathlib/Data/Set/Inclusion.c.o.export: OK
.lake/packages/mathlib/.lake/build/ir/Mathlib/Data/Set/Inclusion.c: OK
.lake/packages/mathlib/.lake/build/lib/lean/Mathlib/Data/Set/Inclusion.olean: OK
.lake/packages/mathlib/.lake/build/ir/Mathlib/Data/Set/Insert.c.o.export: OK
.lake/packages/mathlib/.lake/build/ir/Mathlib/Data/Set/Insert.c: OK
.lake/packages/mathlib/.lake/build/lib/lean/Mathlib/Data/Set/Insert.olean: OK
.lake/packages/mathlib/.lake/build/ir/Mathlib/Data/Set/Lattice.c.o.export: OK
.lake/packages/mathlib/.lake/build/ir/Mathlib/Data/Set/Lattice.c: OK
.lake/packages/mathlib/.lake/build/lib/lean/Mathlib/Data/Set/Lattice.olean: OK
.lake/packages/mathlib/.lake/build/ir/Mathlib/Data/Set/Lattice/Image.c.o.export: OK
.lake/packages/mathlib/.lake/build/ir/Mathlib/Data/Set/Lattice/Image.c: OK
.lake/packages/mathlib/.lake/build/lib/lean/Mathlib/Data/Set/Lattice/Image.olean: OK
.lake/packages/mathlib/.lake/build/ir/Mathlib/Data/Set/List.c.o.export: OK
.lake/packages/mathlib/.lake/build/ir/Mathlib/Data/Set/List.c: OK
.lake/packages/mathlib/.lake/build/lib/lean/Mathlib/Data/Set/List.olean: OK
.lake/packages/mathlib/.lake/build/ir/Mathlib/Data/Set/Monotone.c.o.export: OK
.lake/packages/mathlib/.lake/build/ir/Mathlib/Data/Set/Monotone.c: OK
.lake/packages/mathlib/.lake/build/lib/lean/Mathlib/Data/Set/Monotone.olean: OK
.lake/packages/mathlib/.lake/build/ir/Mathlib/Data/Set/NAry.c.o.export: OK
.lake/packages/mathlib/.lake/build/ir/Mathlib/Data/Set/NAry.c: OK
.lake/packages/mathlib/.lake/build/lib/lean/Mathlib/Data/Set/NAry.olean: OK
.lake/packages/mathlib/.lake/build/ir/Mathlib/Data/Set/Notation.c.o.export: OK
.lake/packages/mathlib/.lake/build/ir/Mathlib/Data/Set/Notation.c: OK
.lake/packages/mathlib/.lake/build/lib/lean/Mathlib/Data/Set/Notation.olean: OK
.lake/packages/mathlib/.lake/build/ir/Mathlib/Data/Set/Operations.c.o.export: OK
.lake/packages/mathlib/.lake/build/ir/Mathlib/Data/Set/Operations.c: OK
.lake/packages/mathlib/.lake/build/lib/lean/Mathlib/Data/Set/Operations.olean: OK
.lake/packages/mathlib/.lake/build/ir/Mathlib/Data/Set/Order.c.o.export: OK
.lake/packages/mathlib/.lake/build/ir/Mathlib/Data/Set/Order.c: OK
.lake/packages/mathlib/.lake/build/lib/lean/Mathlib/Data/Set/Order.olean: OK
.lake/packages/mathlib/.lake/build/ir/Mathlib/Data/Set/Pairwise/Basic.c.o.export: OK
.lake/packages/mathlib/.lake/build/ir/Mathlib/Data/Set/Pairwise/Basic.c: OK
.lake/packages/mathlib/.lake/build/lib/lean/Mathlib/Data/Set/Pairwise/Basic.olean: OK
.lake/packages/mathlib/.lake/build/ir/Mathlib/Data/Set/Pairwise/Lattice.c.o.export: OK
.lake/packages/mathlib/.lake/build/ir/Mathlib/Data/Set/Pairwise/Lattice.c: OK
.lake/packages/mathlib/.lake/build/lib/lean/Mathlib/Data/Set/Pairwise/Lattice.olean: OK
.lake/packages/mathlib/.lake/build/ir/Mathlib/Data/Set/Pairwise/List.c.o.export: OK
.lake/packages/mathlib/.lake/build/ir/Mathlib/Data/Set/Pairwise/List.c: OK
.lake/packages/mathlib/.lake/build/lib/lean/Mathlib/Data/Set/Pairwise/List.olean: OK
.lake/packages/mathlib/.lake/build/ir/Mathlib/Data/Set/Piecewise.c.o.export: OK
.lake/packages/mathlib/.lake/build/ir/Mathlib/Data/Set/Piecewise.c: OK
.lake/packages/mathlib/.lake/build/lib/lean/Mathlib/Data/Set/Piecewise.olean: OK
.lake/packages/mathlib/.lake/build/ir/Mathlib/Data/Set/Prod.c.o.export: OK
.lake/packages/mathlib/.lake/build/ir/Mathlib/Data/Set/Prod.c: OK
.lake/packages/mathlib/.lake/build/lib/lean/Mathlib/Data/Set/Prod.olean: OK
.lake/packages/mathlib/.lake/build/ir/Mathlib/Data/Set/Restrict.c.o.export: OK
.lake/packages/mathlib/.lake/build/ir/Mathlib/Data/Set/Restrict.c: OK
.lake/packages/mathlib/.lake/build/lib/lean/Mathlib/Data/Set/Restrict.olean: OK
.lake/packages/mathlib/.lake/build/ir/Mathlib/Data/Set/Semiring.c.o.export: OK
.lake/packages/mathlib/.lake/build/ir/Mathlib/Data/Set/Semiring.c: OK
.lake/packages/mathlib/.lake/build/lib/lean/Mathlib/Data/Set/Semiring.olean: OK
.lake/packages/mathlib/.lake/build/ir/Mathlib/Data/Set/Sigma.c.o.export: OK
.lake/packages/mathlib/.lake/build/ir/Mathlib/Data/Set/Sigma.c: OK
.lake/packages/mathlib/.lake/build/lib/lean/Mathlib/Data/Set/Sigma.olean: OK
.lake/packages/mathlib/.lake/build/ir/Mathlib/Data/Set/Subset.c.o.export: OK
.lake/packages/mathlib/.lake/build/ir/Mathlib/Data/Set/Subset.c: OK
.lake/packages/mathlib/.lake/build/lib/lean/Mathlib/Data/Set/Subset.olean: OK
.lake/packages/mathlib/.lake/build/ir/Mathlib/Data/Set/Subsingleton.c.o.export: OK
.lake/packages/mathlib/.lake/build/ir/Mathlib/Data/Set/Subsingleton.c: OK
.lake/packages/mathlib/.lake/build/lib/lean/Mathlib/Data/Set/Subsingleton.olean: OK
.lake/packages/mathlib/.lake/build/ir/Mathlib/Data/Set/SymmDiff.c.o.export: OK
.lake/packages/mathlib/.lake/build/ir/Mathlib/Data/Set/SymmDiff.c: OK
.lake/packages/mathlib/.lake/build/lib/lean/Mathlib/Data/Set/SymmDiff.olean: OK
.lake/packages/mathlib/.lake/build/ir/Mathlib/Data/Set/UnionLift.c.o.export: OK
.lake/packages/mathlib/.lake/build/ir/Mathlib/Data/Set/UnionLift.c: OK
.lake/packages/mathlib/.lake/build/lib/lean/Mathlib/Data/Set/UnionLift.olean: OK
.lake/packages/mathlib/.lake/build/ir/Mathlib/Data/SetLike/Basic.c.o.export: OK
.lake/packages/mathlib/.lake/build/ir/Mathlib/Data/SetLike/Basic.c: OK
.lake/packages/mathlib/.lake/build/lib/lean/Mathlib/Data/SetLike/Basic.olean: OK
.lake/packages/mathlib/.lake/build/ir/Mathlib/Data/SetLike/Fintype.c.o.export: OK
.lake/packages/mathlib/.lake/build/ir/Mathlib/Data/SetLike/Fintype.c: OK
.lake/packages/mathlib/.lake/build/lib/lean/Mathlib/Data/SetLike/Fintype.olean: OK
.lake/packages/mathlib/.lake/build/ir/Mathlib/Data/Setoid/Basic.c.o.export: OK
.lake/packages/mathlib/.lake/build/ir/Mathlib/Data/Setoid/Basic.c: OK
.lake/packages/mathlib/.lake/build/lib/lean/Mathlib/Data/Setoid/Basic.olean: OK
.lake/packages/mathlib/.lake/build/ir/Mathlib/Data/Sigma/Basic.c.o.export: OK
.lake/packages/mathlib/.lake/build/ir/Mathlib/Data/Sigma/Basic.c: OK
.lake/packages/mathlib/.lake/build/lib/lean/Mathlib/Data/Sigma/Basic.olean: OK
.lake/packages/mathlib/.lake/build/ir/Mathlib/Data/Sigma/Lex.c.o.export: OK
.lake/packages/mathlib/.lake/build/ir/Mathlib/Data/Sigma/Lex.c: OK
.lake/packages/mathlib/.lake/build/lib/lean/Mathlib/Data/Sigma/Lex.olean: OK
.lake/packages/mathlib/.lake/build/ir/Mathlib/Data/Sign/Basic.c.o.export: OK
.lake/packages/mathlib/.lake/build/ir/Mathlib/Data/Sign/Basic.c: OK
.lake/packages/mathlib/.lake/build/lib/lean/Mathlib/Data/Sign/Basic.olean: OK
.lake/packages/mathlib/.lake/build/ir/Mathlib/Data/Sign/Defs.c.o.export: OK
.lake/packages/mathlib/.lake/build/ir/Mathlib/Data/Sign/Defs.c: OK
.lake/packages/mathlib/.lake/build/lib/lean/Mathlib/Data/Sign/Defs.olean: OK
.lake/packages/mathlib/.lake/build/ir/Mathlib/Data/Stream/Defs.c.o.export: OK
.lake/packages/mathlib/.lake/build/ir/Mathlib/Data/Stream/Defs.c: OK
.lake/packages/mathlib/.lake/build/lib/lean/Mathlib/Data/Stream/Defs.olean: OK
.lake/packages/mathlib/.lake/build/ir/Mathlib/Data/Stream/Init.c.o.export: OK
.lake/packages/mathlib/.lake/build/ir/Mathlib/Data/Stream/Init.c: OK
.lake/packages/mathlib/.lake/build/lib/lean/Mathlib/Data/Stream/Init.olean: OK
.lake/packages/mathlib/.lake/build/ir/Mathlib/Data/String/Defs.c.o.export: OK
.lake/packages/mathlib/.lake/build/ir/Mathlib/Data/String/Defs.c: OK
.lake/packages/mathlib/.lake/build/lib/lean/Mathlib/Data/String/Defs.olean: OK
.lake/packages/mathlib/.lake/build/ir/Mathlib/Data/Subtype.c.o.export: OK
.lake/packages/mathlib/.lake/build/ir/Mathlib/Data/Subtype.c: OK
.lake/packages/mathlib/.lake/build/lib/lean/Mathlib/Data/Subtype.olean: OK
.lake/packages/mathlib/.lake/build/ir/Mathlib/Data/Sum/Basic.c.o.export: OK
.lake/packages/mathlib/.lake/build/ir/Mathlib/Data/Sum/Basic.c: OK
.lake/packages/mathlib/.lake/build/lib/lean/Mathlib/Data/Sum/Basic.olean: OK
.lake/packages/mathlib/.lake/build/ir/Mathlib/Data/Sum/Order.c.o.export: OK
.lake/packages/mathlib/.lake/build/ir/Mathlib/Data/Sum/Order.c: OK
.lake/packages/mathlib/.lake/build/lib/lean/Mathlib/Data/Sum/Order.olean: OK
.lake/packages/mathlib/.lake/build/ir/Mathlib/Data/Sym/Basic.c.o.export: OK
.lake/packages/mathlib/.lake/build/ir/Mathlib/Data/Sym/Basic.c: OK
.lake/packages/mathlib/.lake/build/lib/lean/Mathlib/Data/Sym/Basic.olean: OK
.lake/packages/mathlib/.lake/build/ir/Mathlib/Data/Sym/Sym2.c.o.export: OK
.lake/packages/mathlib/.lake/build/ir/Mathlib/Data/Sym/Sym2.c: OK
.lake/packages/mathlib/.lake/build/lib/lean/Mathlib/Data/Sym/Sym2.olean: OK
.lake/packages/mathlib/.lake/build/ir/Mathlib/Data/Sym/Sym2/Init.c.o.export: OK
.lake/packages/mathlib/.lake/build/ir/Mathlib/Data/Sym/Sym2/Init.c: OK
.lake/packages/mathlib/.lake/build/lib/lean/Mathlib/Data/Sym/Sym2/Init.olean: OK
.lake/packages/mathlib/.lake/build/ir/Mathlib/Data/Tree/Basic.c.o.export: OK
.lake/packages/mathlib/.lake/build/ir/Mathlib/Data/Tree/Basic.c: OK
.lake/packages/mathlib/.lake/build/lib/lean/Mathlib/Data/Tree/Basic.olean: OK
.lake/packages/mathlib/.lake/build/ir/Mathlib/Data/ULift.c.o.export: OK
.lake/packages/mathlib/.lake/build/ir/Mathlib/Data/ULift.c: OK
.lake/packages/mathlib/.lake/build/lib/lean/Mathlib/Data/ULift.olean: OK
.lake/packages/mathlib/.lake/build/ir/Mathlib/Data/Vector/Basic.c.o.export: OK
.lake/packages/mathlib/.lake/build/ir/Mathlib/Data/Vector/Basic.c: OK
.lake/packages/mathlib/.lake/build/lib/lean/Mathlib/Data/Vector/Basic.olean: OK
.lake/packages/mathlib/.lake/build/ir/Mathlib/Data/Vector/Defs.c.o.export: OK
.lake/packages/mathlib/.lake/build/ir/Mathlib/Data/Vector/Defs.c: OK
.lake/packages/mathlib/.lake/build/lib/lean/Mathlib/Data/Vector/Defs.olean: OK
.lake/packages/mathlib/.lake/build/ir/Mathlib/Data/W/Basic.c.o.export: OK
.lake/packages/mathlib/.lake/build/ir/Mathlib/Data/W/Basic.c: OK
.lake/packages/mathlib/.lake/build/lib/lean/Mathlib/Data/W/Basic.olean: OK
.lake/packages/mathlib/.lake/build/ir/Mathlib/Data/W/Cardinal.c.o.export: OK
.lake/packages/mathlib/.lake/build/ir/Mathlib/Data/W/Cardinal.c: OK
.lake/packages/mathlib/.lake/build/lib/lean/Mathlib/Data/W/Cardinal.olean: OK
.lake/packages/mathlib/.lake/build/ir/Mathlib/Data/ZMod/Aut.c.o.export: OK
.lake/packages/mathlib/.lake/build/ir/Mathlib/Data/ZMod/Aut.c: OK
.lake/packages/mathlib/.lake/build/lib/lean/Mathlib/Data/ZMod/Aut.olean: OK
.lake/packages/mathlib/.lake/build/ir/Mathlib/Data/ZMod/Basic.c.o.export: OK
.lake/packages/mathlib/.lake/build/ir/Mathlib/Data/ZMod/Basic.c: OK
.lake/packages/mathlib/.lake/build/lib/lean/Mathlib/Data/ZMod/Basic.olean: OK
.lake/packages/mathlib/.lake/build/ir/Mathlib/Data/ZMod/Defs.c.o.export: OK
.lake/packages/mathlib/.lake/build/ir/Mathlib/Data/ZMod/Defs.c: OK
.lake/packages/mathlib/.lake/build/lib/lean/Mathlib/Data/ZMod/Defs.olean: OK
.lake/packages/mathlib/.lake/build/ir/Mathlib/Data/ZMod/IntUnitsPower.c.o.export: OK
.lake/packages/mathlib/.lake/build/ir/Mathlib/Data/ZMod/IntUnitsPower.c: OK
.lake/packages/mathlib/.lake/build/lib/lean/Mathlib/Data/ZMod/IntUnitsPower.olean: OK
.lake/packages/mathlib/.lake/build/ir/Mathlib/Data/ZMod/QuotientGroup.c.o.export: OK
.lake/packages/mathlib/.lake/build/ir/Mathlib/Data/ZMod/QuotientGroup.c: OK
.lake/packages/mathlib/.lake/build/lib/lean/Mathlib/Data/ZMod/QuotientGroup.olean: OK
.lake/packages/mathlib/.lake/build/ir/Mathlib/Data/ZMod/Units.c.o.export: OK
.lake/packages/mathlib/.lake/build/ir/Mathlib/Data/ZMod/Units.c: OK
.lake/packages/mathlib/.lake/build/lib/lean/Mathlib/Data/ZMod/Units.olean: OK
.lake/packages/mathlib/.lake/build/ir/Mathlib/Data/ZMod/ValMinAbs.c.o.export: OK
.lake/packages/mathlib/.lake/build/ir/Mathlib/Data/ZMod/ValMinAbs.c: OK
.lake/packages/mathlib/.lake/build/lib/lean/Mathlib/Data/ZMod/ValMinAbs.olean: OK
.lake/packages/mathlib/.lake/build/ir/Mathlib/Dynamics/FixedPoints/Basic.c.o.export: OK
.lake/packages/mathlib/.lake/build/ir/Mathlib/Dynamics/FixedPoints/Basic.c: OK
.lake/packages/mathlib/.lake/build/lib/lean/Mathlib/Dynamics/FixedPoints/Basic.olean: OK
.lake/packages/mathlib/.lake/build/ir/Mathlib/Dynamics/FixedPoints/Defs.c.o.export: OK
.lake/packages/mathlib/.lake/build/ir/Mathlib/Dynamics/FixedPoints/Defs.c: OK
.lake/packages/mathlib/.lake/build/lib/lean/Mathlib/Dynamics/FixedPoints/Defs.olean: OK
.lake/packages/mathlib/.lake/build/ir/Mathlib/Dynamics/FixedPoints/Topology.c.o.export: OK
.lake/packages/mathlib/.lake/build/ir/Mathlib/Dynamics/FixedPoints/Topology.c: OK
.lake/packages/mathlib/.lake/build/lib/lean/Mathlib/Dynamics/FixedPoints/Topology.olean: OK
.lake/packages/mathlib/.lake/build/ir/Mathlib/Dynamics/PeriodicPts/Defs.c.o.export: OK
.lake/packages/mathlib/.lake/build/ir/Mathlib/Dynamics/PeriodicPts/Defs.c: OK
.lake/packages/mathlib/.lake/build/lib/lean/Mathlib/Dynamics/PeriodicPts/Defs.olean: OK
.lake/packages/mathlib/.lake/build/ir/Mathlib/Dynamics/PeriodicPts/Lemmas.c.o.export: OK
.lake/packages/mathlib/.lake/build/ir/Mathlib/Dynamics/PeriodicPts/Lemmas.c: OK
.lake/packages/mathlib/.lake/build/lib/lean/Mathlib/Dynamics/PeriodicPts/Lemmas.olean: OK
.lake/packages/mathlib/.lake/build/ir/Mathlib/FieldTheory/AlgebraicClosure.c.o.export: OK
.lake/packages/mathlib/.lake/build/ir/Mathlib/FieldTheory/AlgebraicClosure.c: OK
.lake/packages/mathlib/.lake/build/lib/lean/Mathlib/FieldTheory/AlgebraicClosure.olean: OK
.lake/packages/mathlib/.lake/build/ir/Mathlib/FieldTheory/Extension.c.o.export: OK
.lake/packages/mathlib/.lake/build/ir/Mathlib/FieldTheory/Extension.c: OK
.lake/packages/mathlib/.lake/build/lib/lean/Mathlib/FieldTheory/Extension.olean: OK
.lake/packages/mathlib/.lake/build/ir/Mathlib/FieldTheory/Finite/Basic.c.o.export: OK
.lake/packages/mathlib/.lake/build/ir/Mathlib/FieldTheory/Finite/Basic.c: OK
.lake/packages/mathlib/.lake/build/lib/lean/Mathlib/FieldTheory/Finite/Basic.olean: OK
.lake/packages/mathlib/.lake/build/ir/Mathlib/FieldTheory/Finite/GaloisField.c.o.export: OK
.lake/packages/mathlib/.lake/build/ir/Mathlib/FieldTheory/Finite/GaloisField.c: OK
.lake/packages/mathlib/.lake/build/lib/lean/Mathlib/FieldTheory/Finite/GaloisField.olean: OK
.lake/packages/mathlib/.lake/build/ir/Mathlib/FieldTheory/Finite/Trace.c.o.export: OK
.lake/packages/mathlib/.lake/build/ir/Mathlib/FieldTheory/Finite/Trace.c: OK
.lake/packages/mathlib/.lake/build/lib/lean/Mathlib/FieldTheory/Finite/Trace.olean: OK
.lake/packages/mathlib/.lake/build/ir/Mathlib/FieldTheory/Finiteness.c.o.export: OK
.lake/packages/mathlib/.lake/build/ir/Mathlib/FieldTheory/Finiteness.c: OK
.lake/packages/mathlib/.lake/build/lib/lean/Mathlib/FieldTheory/Finiteness.olean: OK
.lake/packages/mathlib/.lake/build/ir/Mathlib/FieldTheory/Fixed.c.o.export: OK
.lake/packages/mathlib/.lake/build/ir/Mathlib/FieldTheory/Fixed.c: OK
.lake/packages/mathlib/.lake/build/lib/lean/Mathlib/FieldTheory/Fixed.olean: OK
.lake/packages/mathlib/.lake/build/ir/Mathlib/FieldTheory/Galois/Abelian.c.o.export: OK
.lake/packages/mathlib/.lake/build/ir/Mathlib/FieldTheory/Galois/Abelian.c: OK
.lake/packages/mathlib/.lake/build/lib/lean/Mathlib/FieldTheory/Galois/Abelian.olean: OK
.lake/packages/mathlib/.lake/build/ir/Mathlib/FieldTheory/Galois/Basic.c.o.export: OK
.lake/packages/mathlib/.lake/build/ir/Mathlib/FieldTheory/Galois/Basic.c: OK
.lake/packages/mathlib/.lake/build/lib/lean/Mathlib/FieldTheory/Galois/Basic.olean: OK
.lake/packages/mathlib/.lake/build/ir/Mathlib/FieldTheory/Galois/GaloisClosure.c.o.export: OK
.lake/packages/mathlib/.lake/build/ir/Mathlib/FieldTheory/Galois/GaloisClosure.c: OK
.lake/packages/mathlib/.lake/build/lib/lean/Mathlib/FieldTheory/Galois/GaloisClosure.olean: OK
.lake/packages/mathlib/.lake/build/ir/Mathlib/FieldTheory/Galois/Infinite.c.o.export: OK
.lake/packages/mathlib/.lake/build/ir/Mathlib/FieldTheory/Galois/Infinite.c: OK
.lake/packages/mathlib/.lake/build/lib/lean/Mathlib/FieldTheory/Galois/Infinite.olean: OK
.lake/packages/mathlib/.lake/build/ir/Mathlib/FieldTheory/Galois/Notation.c.o.export: OK
.lake/packages/mathlib/.lake/build/ir/Mathlib/FieldTheory/Galois/Notation.c: OK
.lake/packages/mathlib/.lake/build/lib/lean/Mathlib/FieldTheory/Galois/Notation.olean: OK
.lake/packages/mathlib/.lake/build/ir/Mathlib/FieldTheory/IntermediateField/Adjoin/Algebra.c.o.export: OK
.lake/packages/mathlib/.lake/build/ir/Mathlib/FieldTheory/IntermediateField/Adjoin/Algebra.c: OK
.lake/packages/mathlib/.lake/build/lib/lean/Mathlib/FieldTheory/IntermediateField/Adjoin/Algebra.olean: OK
.lake/packages/mathlib/.lake/build/ir/Mathlib/FieldTheory/IntermediateField/Adjoin/Basic.c.o.export: OK
.lake/packages/mathlib/.lake/build/ir/Mathlib/FieldTheory/IntermediateField/Adjoin/Basic.c: OK
.lake/packages/mathlib/.lake/build/lib/lean/Mathlib/FieldTheory/IntermediateField/Adjoin/Basic.olean: OK
.lake/packages/mathlib/.lake/build/ir/Mathlib/FieldTheory/IntermediateField/Adjoin/Defs.c.o.export: OK
.lake/packages/mathlib/.lake/build/ir/Mathlib/FieldTheory/IntermediateField/Adjoin/Defs.c: OK
.lake/packages/mathlib/.lake/build/lib/lean/Mathlib/FieldTheory/IntermediateField/Adjoin/Defs.olean: OK
.lake/packages/mathlib/.lake/build/ir/Mathlib/FieldTheory/IntermediateField/Algebraic.c.o.export: OK
.lake/packages/mathlib/.lake/build/ir/Mathlib/FieldTheory/IntermediateField/Algebraic.c: OK
.lake/packages/mathlib/.lake/build/lib/lean/Mathlib/FieldTheory/IntermediateField/Algebraic.olean: OK
.lake/packages/mathlib/.lake/build/ir/Mathlib/FieldTheory/IntermediateField/Basic.c.o.export: OK
.lake/packages/mathlib/.lake/build/ir/Mathlib/FieldTheory/IntermediateField/Basic.c: OK
.lake/packages/mathlib/.lake/build/lib/lean/Mathlib/FieldTheory/IntermediateField/Basic.olean: OK
.lake/packages/mathlib/.lake/build/ir/Mathlib/FieldTheory/IsAlgClosed/AlgebraicClosure.c.o.export: OK
.lake/packages/mathlib/.lake/build/ir/Mathlib/FieldTheory/IsAlgClosed/AlgebraicClosure.c: OK
.lake/packages/mathlib/.lake/build/lib/lean/Mathlib/FieldTheory/IsAlgClosed/AlgebraicClosure.olean: OK
.lake/packages/mathlib/.lake/build/ir/Mathlib/FieldTheory/IsAlgClosed/Basic.c.o.export: OK
.lake/packages/mathlib/.lake/build/ir/Mathlib/FieldTheory/IsAlgClosed/Basic.c: OK
.lake/packages/mathlib/.lake/build/lib/lean/Mathlib/FieldTheory/IsAlgClosed/Basic.olean: OK
.lake/packages/mathlib/.lake/build/ir/Mathlib/FieldTheory/IsSepClosed.c.o.export: OK
.lake/packages/mathlib/.lake/build/ir/Mathlib/FieldTheory/IsSepClosed.c: OK
.lake/packages/mathlib/.lake/build/lib/lean/Mathlib/FieldTheory/IsSepClosed.olean: OK
.lake/packages/mathlib/.lake/build/ir/Mathlib/FieldTheory/KrullTopology.c.o.export: OK
.lake/packages/mathlib/.lake/build/ir/Mathlib/FieldTheory/KrullTopology.c: OK
.lake/packages/mathlib/.lake/build/lib/lean/Mathlib/FieldTheory/KrullTopology.olean: OK
.lake/packages/mathlib/.lake/build/ir/Mathlib/FieldTheory/KummerPolynomial.c.o.export: OK
.lake/packages/mathlib/.lake/build/ir/Mathlib/FieldTheory/KummerPolynomial.c: OK
.lake/packages/mathlib/.lake/build/lib/lean/Mathlib/FieldTheory/KummerPolynomial.olean: OK
.lake/packages/mathlib/.lake/build/ir/Mathlib/FieldTheory/Minpoly/Basic.c.o.export: OK
.lake/packages/mathlib/.lake/build/ir/Mathlib/FieldTheory/Minpoly/Basic.c: OK
.lake/packages/mathlib/.lake/build/lib/lean/Mathlib/FieldTheory/Minpoly/Basic.olean: OK
.lake/packages/mathlib/.lake/build/ir/Mathlib/FieldTheory/Minpoly/Field.c.o.export: OK
.lake/packages/mathlib/.lake/build/ir/Mathlib/FieldTheory/Minpoly/Field.c: OK
.lake/packages/mathlib/.lake/build/lib/lean/Mathlib/FieldTheory/Minpoly/Field.olean: OK
.lake/packages/mathlib/.lake/build/ir/Mathlib/FieldTheory/Minpoly/Finite.c.o.export: OK
.lake/packages/mathlib/.lake/build/ir/Mathlib/FieldTheory/Minpoly/Finite.c: OK
.lake/packages/mathlib/.lake/build/lib/lean/Mathlib/FieldTheory/Minpoly/Finite.olean: OK
.lake/packages/mathlib/.lake/build/ir/Mathlib/FieldTheory/Minpoly/IsIntegrallyClosed.c.o.export: OK
.lake/packages/mathlib/.lake/build/ir/Mathlib/FieldTheory/Minpoly/IsIntegrallyClosed.c: OK
.lake/packages/mathlib/.lake/build/lib/lean/Mathlib/FieldTheory/Minpoly/IsIntegrallyClosed.olean: OK
.lake/packages/mathlib/.lake/build/ir/Mathlib/FieldTheory/Minpoly/MinpolyDiv.c.o.export: OK
.lake/packages/mathlib/.lake/build/ir/Mathlib/FieldTheory/Minpoly/MinpolyDiv.c: OK
.lake/packages/mathlib/.lake/build/lib/lean/Mathlib/FieldTheory/Minpoly/MinpolyDiv.olean: OK
.lake/packages/mathlib/.lake/build/ir/Mathlib/FieldTheory/Normal/Basic.c.o.export: OK
.lake/packages/mathlib/.lake/build/ir/Mathlib/FieldTheory/Normal/Basic.c: OK
.lake/packages/mathlib/.lake/build/lib/lean/Mathlib/FieldTheory/Normal/Basic.olean: OK
.lake/packages/mathlib/.lake/build/ir/Mathlib/FieldTheory/Normal/Closure.c.o.export: OK
.lake/packages/mathlib/.lake/build/ir/Mathlib/FieldTheory/Normal/Closure.c: OK
.lake/packages/mathlib/.lake/build/lib/lean/Mathlib/FieldTheory/Normal/Closure.olean: OK
.lake/packages/mathlib/.lake/build/ir/Mathlib/FieldTheory/Normal/Defs.c.o.export: OK
.lake/packages/mathlib/.lake/build/ir/Mathlib/FieldTheory/Normal/Defs.c: OK
.lake/packages/mathlib/.lake/build/lib/lean/Mathlib/FieldTheory/Normal/Defs.olean: OK
.lake/packages/mathlib/.lake/build/ir/Mathlib/FieldTheory/Perfect.c.o.export: OK
.lake/packages/mathlib/.lake/build/ir/Mathlib/FieldTheory/Perfect.c: OK
.lake/packages/mathlib/.lake/build/lib/lean/Mathlib/FieldTheory/Perfect.olean: OK
.lake/packages/mathlib/.lake/build/ir/Mathlib/FieldTheory/PrimitiveElement.c.o.export: OK
.lake/packages/mathlib/.lake/build/ir/Mathlib/FieldTheory/PrimitiveElement.c: OK
.lake/packages/mathlib/.lake/build/lib/lean/Mathlib/FieldTheory/PrimitiveElement.olean: OK
.lake/packages/mathlib/.lake/build/ir/Mathlib/FieldTheory/PurelyInseparable/Basic.c.o.export: OK
.lake/packages/mathlib/.lake/build/ir/Mathlib/FieldTheory/PurelyInseparable/Basic.c: OK
.lake/packages/mathlib/.lake/build/lib/lean/Mathlib/FieldTheory/PurelyInseparable/Basic.olean: OK
.lake/packages/mathlib/.lake/build/ir/Mathlib/FieldTheory/RatFunc/AsPolynomial.c.o.export: OK
.lake/packages/mathlib/.lake/build/ir/Mathlib/FieldTheory/RatFunc/AsPolynomial.c: OK
.lake/packages/mathlib/.lake/build/lib/lean/Mathlib/FieldTheory/RatFunc/AsPolynomial.olean: OK
.lake/packages/mathlib/.lake/build/ir/Mathlib/FieldTheory/RatFunc/Basic.c.o.export: OK
.lake/packages/mathlib/.lake/build/ir/Mathlib/FieldTheory/RatFunc/Basic.c: OK
.lake/packages/mathlib/.lake/build/lib/lean/Mathlib/FieldTheory/RatFunc/Basic.olean: OK
.lake/packages/mathlib/.lake/build/ir/Mathlib/FieldTheory/RatFunc/Defs.c.o.export: OK
.lake/packages/mathlib/.lake/build/ir/Mathlib/FieldTheory/RatFunc/Defs.c: OK
.lake/packages/mathlib/.lake/build/lib/lean/Mathlib/FieldTheory/RatFunc/Defs.olean: OK
.lake/packages/mathlib/.lake/build/ir/Mathlib/FieldTheory/Separable.c.o.export: OK
.lake/packages/mathlib/.lake/build/ir/Mathlib/FieldTheory/Separable.c: OK
.lake/packages/mathlib/.lake/build/lib/lean/Mathlib/FieldTheory/Separable.olean: OK
.lake/packages/mathlib/.lake/build/ir/Mathlib/FieldTheory/SeparableClosure.c.o.export: OK
.lake/packages/mathlib/.lake/build/ir/Mathlib/FieldTheory/SeparableClosure.c: OK
.lake/packages/mathlib/.lake/build/lib/lean/Mathlib/FieldTheory/SeparableClosure.olean: OK
.lake/packages/mathlib/.lake/build/ir/Mathlib/FieldTheory/SeparableDegree.c.o.export: OK
.lake/packages/mathlib/.lake/build/ir/Mathlib/FieldTheory/SeparableDegree.c: OK
.lake/packages/mathlib/.lake/build/lib/lean/Mathlib/FieldTheory/SeparableDegree.olean: OK
.lake/packages/mathlib/.lake/build/ir/Mathlib/FieldTheory/SplittingField/Construction.c.o.export: OK
.lake/packages/mathlib/.lake/build/ir/Mathlib/FieldTheory/SplittingField/Construction.c: OK
.lake/packages/mathlib/.lake/build/lib/lean/Mathlib/FieldTheory/SplittingField/Construction.olean: OK
.lake/packages/mathlib/.lake/build/ir/Mathlib/FieldTheory/SplittingField/IsSplittingField.c.o.export: OK
.lake/packages/mathlib/.lake/build/ir/Mathlib/FieldTheory/SplittingField/IsSplittingField.c: OK
.lake/packages/mathlib/.lake/build/lib/lean/Mathlib/FieldTheory/SplittingField/IsSplittingField.olean: OK
.lake/packages/mathlib/.lake/build/ir/Mathlib/FieldTheory/Tower.c.o.export: OK
.lake/packages/mathlib/.lake/build/ir/Mathlib/FieldTheory/Tower.c: OK
.lake/packages/mathlib/.lake/build/lib/lean/Mathlib/FieldTheory/Tower.olean: OK
.lake/packages/mathlib/.lake/build/ir/Mathlib/GroupTheory/Abelianization/Defs.c.o.export: OK
.lake/packages/mathlib/.lake/build/ir/Mathlib/GroupTheory/Abelianization/Defs.c: OK
.lake/packages/mathlib/.lake/build/lib/lean/Mathlib/GroupTheory/Abelianization/Defs.olean: OK
.lake/packages/mathlib/.lake/build/ir/Mathlib/GroupTheory/Archimedean.c.o.export: OK
.lake/packages/mathlib/.lake/build/ir/Mathlib/GroupTheory/Archimedean.c: OK
.lake/packages/mathlib/.lake/build/lib/lean/Mathlib/GroupTheory/Archimedean.olean: OK
.lake/packages/mathlib/.lake/build/ir/Mathlib/GroupTheory/Commutator/Basic.c.o.export: OK
.lake/packages/mathlib/.lake/build/ir/Mathlib/GroupTheory/Commutator/Basic.c: OK
.lake/packages/mathlib/.lake/build/lib/lean/Mathlib/GroupTheory/Commutator/Basic.olean: OK
.lake/packages/mathlib/.lake/build/ir/Mathlib/GroupTheory/Congruence/Basic.c.o.export: OK
.lake/packages/mathlib/.lake/build/ir/Mathlib/GroupTheory/Congruence/Basic.c: OK
.lake/packages/mathlib/.lake/build/lib/lean/Mathlib/GroupTheory/Congruence/Basic.olean: OK
.lake/packages/mathlib/.lake/build/ir/Mathlib/GroupTheory/Congruence/Defs.c.o.export: OK
.lake/packages/mathlib/.lake/build/ir/Mathlib/GroupTheory/Congruence/Defs.c: OK
.lake/packages/mathlib/.lake/build/lib/lean/Mathlib/GroupTheory/Congruence/Defs.olean: OK
.lake/packages/mathlib/.lake/build/ir/Mathlib/GroupTheory/Congruence/Hom.c.o.export: OK
.lake/packages/mathlib/.lake/build/ir/Mathlib/GroupTheory/Congruence/Hom.c: OK
.lake/packages/mathlib/.lake/build/lib/lean/Mathlib/GroupTheory/Congruence/Hom.olean: OK
.lake/packages/mathlib/.lake/build/ir/Mathlib/GroupTheory/Congruence/Opposite.c.o.export: OK
.lake/packages/mathlib/.lake/build/ir/Mathlib/GroupTheory/Congruence/Opposite.c: OK
.lake/packages/mathlib/.lake/build/lib/lean/Mathlib/GroupTheory/Congruence/Opposite.olean: OK
.lake/packages/mathlib/.lake/build/ir/Mathlib/GroupTheory/Coset/Basic.c.o.export: OK
.lake/packages/mathlib/.lake/build/ir/Mathlib/GroupTheory/Coset/Basic.c: OK
.lake/packages/mathlib/.lake/build/lib/lean/Mathlib/GroupTheory/Coset/Basic.olean: OK
.lake/packages/mathlib/.lake/build/ir/Mathlib/GroupTheory/Coset/Card.c.o.export: OK
.lake/packages/mathlib/.lake/build/ir/Mathlib/GroupTheory/Coset/Card.c: OK
.lake/packages/mathlib/.lake/build/lib/lean/Mathlib/GroupTheory/Coset/Card.olean: OK
.lake/packages/mathlib/.lake/build/ir/Mathlib/GroupTheory/Coset/Defs.c.o.export: OK
.lake/packages/mathlib/.lake/build/ir/Mathlib/GroupTheory/Coset/Defs.c: OK
.lake/packages/mathlib/.lake/build/lib/lean/Mathlib/GroupTheory/Coset/Defs.olean: OK
.lake/packages/mathlib/.lake/build/ir/Mathlib/GroupTheory/DedekindFinite.c.o.export: OK
.lake/packages/mathlib/.lake/build/ir/Mathlib/GroupTheory/DedekindFinite.c: OK
.lake/packages/mathlib/.lake/build/lib/lean/Mathlib/GroupTheory/DedekindFinite.olean: OK
.lake/packages/mathlib/.lake/build/ir/Mathlib/GroupTheory/Divisible.c.o.export: OK
.lake/packages/mathlib/.lake/build/ir/Mathlib/GroupTheory/Divisible.c: OK
.lake/packages/mathlib/.lake/build/lib/lean/Mathlib/GroupTheory/Divisible.olean: OK
.lake/packages/mathlib/.lake/build/ir/Mathlib/GroupTheory/Exponent.c.o.export: OK
.lake/packages/mathlib/.lake/build/ir/Mathlib/GroupTheory/Exponent.c: OK
.lake/packages/mathlib/.lake/build/lib/lean/Mathlib/GroupTheory/Exponent.olean: OK
.lake/packages/mathlib/.lake/build/ir/Mathlib/GroupTheory/Finiteness.c.o.export: OK
.lake/packages/mathlib/.lake/build/ir/Mathlib/GroupTheory/Finiteness.c: OK
.lake/packages/mathlib/.lake/build/lib/lean/Mathlib/GroupTheory/Finiteness.olean: OK
.lake/packages/mathlib/.lake/build/ir/Mathlib/GroupTheory/FreeAbelianGroup.c.o.export: OK
.lake/packages/mathlib/.lake/build/ir/Mathlib/GroupTheory/FreeAbelianGroup.c: OK
.lake/packages/mathlib/.lake/build/lib/lean/Mathlib/GroupTheory/FreeAbelianGroup.olean: OK
.lake/packages/mathlib/.lake/build/ir/Mathlib/GroupTheory/FreeGroup/Basic.c.o.export: OK
.lake/packages/mathlib/.lake/build/ir/Mathlib/GroupTheory/FreeGroup/Basic.c: OK
.lake/packages/mathlib/.lake/build/lib/lean/Mathlib/GroupTheory/FreeGroup/Basic.olean: OK
.lake/packages/mathlib/.lake/build/ir/Mathlib/GroupTheory/GroupAction/Basic.c.o.export: OK
.lake/packages/mathlib/.lake/build/ir/Mathlib/GroupTheory/GroupAction/Basic.c: OK
.lake/packages/mathlib/.lake/build/lib/lean/Mathlib/GroupTheory/GroupAction/Basic.olean: OK
.lake/packages/mathlib/.lake/build/ir/Mathlib/GroupTheory/GroupAction/ConjAct.c.o.export: OK
.lake/packages/mathlib/.lake/build/ir/Mathlib/GroupTheory/GroupAction/ConjAct.c: OK
.lake/packages/mathlib/.lake/build/lib/lean/Mathlib/GroupTheory/GroupAction/ConjAct.olean: OK
.lake/packages/mathlib/.lake/build/ir/Mathlib/GroupTheory/GroupAction/Defs.c.o.export: OK
.lake/packages/mathlib/.lake/build/ir/Mathlib/GroupTheory/GroupAction/Defs.c: OK
.lake/packages/mathlib/.lake/build/lib/lean/Mathlib/GroupTheory/GroupAction/Defs.olean: OK
.lake/packages/mathlib/.lake/build/ir/Mathlib/GroupTheory/GroupAction/DomAct/Basic.c.o.export: OK
.lake/packages/mathlib/.lake/build/ir/Mathlib/GroupTheory/GroupAction/DomAct/Basic.c: OK
.lake/packages/mathlib/.lake/build/lib/lean/Mathlib/GroupTheory/GroupAction/DomAct/Basic.olean: OK
.lake/packages/mathlib/.lake/build/ir/Mathlib/GroupTheory/GroupAction/FixedPoints.c.o.export: OK
.lake/packages/mathlib/.lake/build/ir/Mathlib/GroupTheory/GroupAction/FixedPoints.c: OK
.lake/packages/mathlib/.lake/build/lib/lean/Mathlib/GroupTheory/GroupAction/FixedPoints.olean: OK
.lake/packages/mathlib/.lake/build/ir/Mathlib/GroupTheory/GroupAction/FixingSubgroup.c.o.export: OK
.lake/packages/mathlib/.lake/build/ir/Mathlib/GroupTheory/GroupAction/FixingSubgroup.c: OK
.lake/packages/mathlib/.lake/build/lib/lean/Mathlib/GroupTheory/GroupAction/FixingSubgroup.olean: OK
.lake/packages/mathlib/.lake/build/ir/Mathlib/GroupTheory/GroupAction/Hom.c.o.export: OK
.lake/packages/mathlib/.lake/build/ir/Mathlib/GroupTheory/GroupAction/Hom.c: OK
.lake/packages/mathlib/.lake/build/lib/lean/Mathlib/GroupTheory/GroupAction/Hom.olean: OK
.lake/packages/mathlib/.lake/build/ir/Mathlib/GroupTheory/GroupAction/Pointwise.c.o.export: OK
.lake/packages/mathlib/.lake/build/ir/Mathlib/GroupTheory/GroupAction/Pointwise.c: OK
.lake/packages/mathlib/.lake/build/lib/lean/Mathlib/GroupTheory/GroupAction/Pointwise.olean: OK
.lake/packages/mathlib/.lake/build/ir/Mathlib/GroupTheory/GroupAction/Quotient.c.o.export: OK
.lake/packages/mathlib/.lake/build/ir/Mathlib/GroupTheory/GroupAction/Quotient.c: OK
.lake/packages/mathlib/.lake/build/lib/lean/Mathlib/GroupTheory/GroupAction/Quotient.olean: OK
.lake/packages/mathlib/.lake/build/ir/Mathlib/GroupTheory/GroupAction/Ring.c.o.export: OK
.lake/packages/mathlib/.lake/build/ir/Mathlib/GroupTheory/GroupAction/Ring.c: OK
.lake/packages/mathlib/.lake/build/lib/lean/Mathlib/GroupTheory/GroupAction/Ring.olean: OK
.lake/packages/mathlib/.lake/build/ir/Mathlib/GroupTheory/GroupAction/SubMulAction.c.o.export: OK
.lake/packages/mathlib/.lake/build/ir/Mathlib/GroupTheory/GroupAction/SubMulAction.c: OK
.lake/packages/mathlib/.lake/build/lib/lean/Mathlib/GroupTheory/GroupAction/SubMulAction.olean: OK
.lake/packages/mathlib/.lake/build/ir/Mathlib/GroupTheory/GroupAction/SubMulAction/Pointwise.c.o.export: OK
.lake/packages/mathlib/.lake/build/ir/Mathlib/GroupTheory/GroupAction/SubMulAction/Pointwise.c: OK
.lake/packages/mathlib/.lake/build/lib/lean/Mathlib/GroupTheory/GroupAction/SubMulAction/Pointwise.olean: OK
.lake/packages/mathlib/.lake/build/ir/Mathlib/GroupTheory/Index.c.o.export: OK
.lake/packages/mathlib/.lake/build/ir/Mathlib/GroupTheory/Index.c: OK
.lake/packages/mathlib/.lake/build/lib/lean/Mathlib/GroupTheory/Index.olean: OK
.lake/packages/mathlib/.lake/build/ir/Mathlib/GroupTheory/MonoidLocalization/Away.c.o.export: OK
.lake/packages/mathlib/.lake/build/ir/Mathlib/GroupTheory/MonoidLocalization/Away.c: OK
.lake/packages/mathlib/.lake/build/lib/lean/Mathlib/GroupTheory/MonoidLocalization/Away.olean: OK
.lake/packages/mathlib/.lake/build/ir/Mathlib/GroupTheory/MonoidLocalization/Basic.c.o.export: OK
.lake/packages/mathlib/.lake/build/ir/Mathlib/GroupTheory/MonoidLocalization/Basic.c: OK
.lake/packages/mathlib/.lake/build/lib/lean/Mathlib/GroupTheory/MonoidLocalization/Basic.olean: OK
.lake/packages/mathlib/.lake/build/ir/Mathlib/GroupTheory/MonoidLocalization/Maps.c.o.export: OK
.lake/packages/mathlib/.lake/build/ir/Mathlib/GroupTheory/MonoidLocalization/Maps.c: OK
.lake/packages/mathlib/.lake/build/lib/lean/Mathlib/GroupTheory/MonoidLocalization/Maps.olean: OK
.lake/packages/mathlib/.lake/build/ir/Mathlib/GroupTheory/MonoidLocalization/MonoidWithZero.c.o.export: OK
.lake/packages/mathlib/.lake/build/ir/Mathlib/GroupTheory/MonoidLocalization/MonoidWithZero.c: OK
.lake/packages/mathlib/.lake/build/lib/lean/Mathlib/GroupTheory/MonoidLocalization/MonoidWithZero.olean: OK
.lake/packages/mathlib/.lake/build/ir/Mathlib/GroupTheory/NoncommPiCoprod.c.o.export: OK
.lake/packages/mathlib/.lake/build/ir/Mathlib/GroupTheory/NoncommPiCoprod.c: OK
.lake/packages/mathlib/.lake/build/lib/lean/Mathlib/GroupTheory/NoncommPiCoprod.olean: OK
.lake/packages/mathlib/.lake/build/ir/Mathlib/GroupTheory/OrderOfElement.c.o.export: OK
.lake/packages/mathlib/.lake/build/ir/Mathlib/GroupTheory/OrderOfElement.c: OK
.lake/packages/mathlib/.lake/build/lib/lean/Mathlib/GroupTheory/OrderOfElement.olean: OK
.lake/packages/mathlib/.lake/build/ir/Mathlib/GroupTheory/OreLocalization/Basic.c.o.export: OK
.lake/packages/mathlib/.lake/build/ir/Mathlib/GroupTheory/OreLocalization/Basic.c: OK
.lake/packages/mathlib/.lake/build/lib/lean/Mathlib/GroupTheory/OreLocalization/Basic.olean: OK
.lake/packages/mathlib/.lake/build/ir/Mathlib/GroupTheory/OreLocalization/OreSet.c.o.export: OK
.lake/packages/mathlib/.lake/build/ir/Mathlib/GroupTheory/OreLocalization/OreSet.c: OK
.lake/packages/mathlib/.lake/build/lib/lean/Mathlib/GroupTheory/OreLocalization/OreSet.olean: OK
.lake/packages/mathlib/.lake/build/ir/Mathlib/GroupTheory/PGroup.c.o.export: OK
.lake/packages/mathlib/.lake/build/ir/Mathlib/GroupTheory/PGroup.c: OK
.lake/packages/mathlib/.lake/build/lib/lean/Mathlib/GroupTheory/PGroup.olean: OK
.lake/packages/mathlib/.lake/build/ir/Mathlib/GroupTheory/Perm/Basic.c.o.export: OK
.lake/packages/mathlib/.lake/build/ir/Mathlib/GroupTheory/Perm/Basic.c: OK
.lake/packages/mathlib/.lake/build/lib/lean/Mathlib/GroupTheory/Perm/Basic.olean: OK
.lake/packages/mathlib/.lake/build/ir/Mathlib/GroupTheory/Perm/Closure.c.o.export: OK
.lake/packages/mathlib/.lake/build/ir/Mathlib/GroupTheory/Perm/Closure.c: OK
.lake/packages/mathlib/.lake/build/lib/lean/Mathlib/GroupTheory/Perm/Closure.olean: OK
.lake/packages/mathlib/.lake/build/ir/Mathlib/GroupTheory/Perm/Cycle/Basic.c.o.export: OK
.lake/packages/mathlib/.lake/build/ir/Mathlib/GroupTheory/Perm/Cycle/Basic.c: OK
.lake/packages/mathlib/.lake/build/lib/lean/Mathlib/GroupTheory/Perm/Cycle/Basic.olean: OK
.lake/packages/mathlib/.lake/build/ir/Mathlib/GroupTheory/Perm/Cycle/Factors.c.o.export: OK
.lake/packages/mathlib/.lake/build/ir/Mathlib/GroupTheory/Perm/Cycle/Factors.c: OK
.lake/packages/mathlib/.lake/build/lib/lean/Mathlib/GroupTheory/Perm/Cycle/Factors.olean: OK
.lake/packages/mathlib/.lake/build/ir/Mathlib/GroupTheory/Perm/Cycle/Type.c.o.export: OK
.lake/packages/mathlib/.lake/build/ir/Mathlib/GroupTheory/Perm/Cycle/Type.c: OK
.lake/packages/mathlib/.lake/build/lib/lean/Mathlib/GroupTheory/Perm/Cycle/Type.olean: OK
.lake/packages/mathlib/.lake/build/ir/Mathlib/GroupTheory/Perm/Fin.c.o.export: OK
.lake/packages/mathlib/.lake/build/ir/Mathlib/GroupTheory/Perm/Fin.c: OK
.lake/packages/mathlib/.lake/build/lib/lean/Mathlib/GroupTheory/Perm/Fin.olean: OK
.lake/packages/mathlib/.lake/build/ir/Mathlib/GroupTheory/Perm/Finite.c.o.export: OK
.lake/packages/mathlib/.lake/build/ir/Mathlib/GroupTheory/Perm/Finite.c: OK
.lake/packages/mathlib/.lake/build/lib/lean/Mathlib/GroupTheory/Perm/Finite.olean: OK
.lake/packages/mathlib/.lake/build/ir/Mathlib/GroupTheory/Perm/List.c.o.export: OK
.lake/packages/mathlib/.lake/build/ir/Mathlib/GroupTheory/Perm/List.c: OK
.lake/packages/mathlib/.lake/build/lib/lean/Mathlib/GroupTheory/Perm/List.olean: OK
.lake/packages/mathlib/.lake/build/ir/Mathlib/GroupTheory/Perm/Option.c.o.export: OK
.lake/packages/mathlib/.lake/build/ir/Mathlib/GroupTheory/Perm/Option.c: OK
.lake/packages/mathlib/.lake/build/lib/lean/Mathlib/GroupTheory/Perm/Option.olean: OK
.lake/packages/mathlib/.lake/build/ir/Mathlib/GroupTheory/Perm/Sign.c.o.export: OK
.lake/packages/mathlib/.lake/build/ir/Mathlib/GroupTheory/Perm/Sign.c: OK
.lake/packages/mathlib/.lake/build/lib/lean/Mathlib/GroupTheory/Perm/Sign.olean: OK
.lake/packages/mathlib/.lake/build/ir/Mathlib/GroupTheory/Perm/Support.c.o.export: OK
.lake/packages/mathlib/.lake/build/ir/Mathlib/GroupTheory/Perm/Support.c: OK
.lake/packages/mathlib/.lake/build/lib/lean/Mathlib/GroupTheory/Perm/Support.olean: OK
.lake/packages/mathlib/.lake/build/ir/Mathlib/GroupTheory/Perm/ViaEmbedding.c.o.export: OK
.lake/packages/mathlib/.lake/build/ir/Mathlib/GroupTheory/Perm/ViaEmbedding.c: OK
.lake/packages/mathlib/.lake/build/lib/lean/Mathlib/GroupTheory/Perm/ViaEmbedding.olean: OK
.lake/packages/mathlib/.lake/build/ir/Mathlib/GroupTheory/QuotientGroup/Basic.c.o.export: OK
.lake/packages/mathlib/.lake/build/ir/Mathlib/GroupTheory/QuotientGroup/Basic.c: OK
.lake/packages/mathlib/.lake/build/lib/lean/Mathlib/GroupTheory/QuotientGroup/Basic.olean: OK
.lake/packages/mathlib/.lake/build/ir/Mathlib/GroupTheory/QuotientGroup/Defs.c.o.export: OK
.lake/packages/mathlib/.lake/build/ir/Mathlib/GroupTheory/QuotientGroup/Defs.c: OK
.lake/packages/mathlib/.lake/build/lib/lean/Mathlib/GroupTheory/QuotientGroup/Defs.olean: OK
.lake/packages/mathlib/.lake/build/ir/Mathlib/GroupTheory/QuotientGroup/Finite.c.o.export: OK
.lake/packages/mathlib/.lake/build/ir/Mathlib/GroupTheory/QuotientGroup/Finite.c: OK
.lake/packages/mathlib/.lake/build/lib/lean/Mathlib/GroupTheory/QuotientGroup/Finite.olean: OK
.lake/packages/mathlib/.lake/build/ir/Mathlib/GroupTheory/QuotientGroup/ModEq.c.o.export: OK
.lake/packages/mathlib/.lake/build/ir/Mathlib/GroupTheory/QuotientGroup/ModEq.c: OK
.lake/packages/mathlib/.lake/build/lib/lean/Mathlib/GroupTheory/QuotientGroup/ModEq.olean: OK
.lake/packages/mathlib/.lake/build/ir/Mathlib/GroupTheory/Solvable.c.o.export: OK
.lake/packages/mathlib/.lake/build/ir/Mathlib/GroupTheory/Solvable.c: OK
.lake/packages/mathlib/.lake/build/lib/lean/Mathlib/GroupTheory/Solvable.olean: OK
.lake/packages/mathlib/.lake/build/ir/Mathlib/GroupTheory/SpecificGroups/Cyclic.c.o.export: OK
.lake/packages/mathlib/.lake/build/ir/Mathlib/GroupTheory/SpecificGroups/Cyclic.c: OK
.lake/packages/mathlib/.lake/build/lib/lean/Mathlib/GroupTheory/SpecificGroups/Cyclic.olean: OK
.lake/packages/mathlib/.lake/build/ir/Mathlib/GroupTheory/SpecificGroups/Cyclic/Basic.c.o.export: OK
.lake/packages/mathlib/.lake/build/ir/Mathlib/GroupTheory/SpecificGroups/Cyclic/Basic.c: OK
.lake/packages/mathlib/.lake/build/lib/lean/Mathlib/GroupTheory/SpecificGroups/Cyclic/Basic.olean: OK
.lake/packages/mathlib/.lake/build/ir/Mathlib/GroupTheory/Subgroup/Center.c.o.export: OK
.lake/packages/mathlib/.lake/build/ir/Mathlib/GroupTheory/Subgroup/Center.c: OK
.lake/packages/mathlib/.lake/build/lib/lean/Mathlib/GroupTheory/Subgroup/Center.olean: OK
.lake/packages/mathlib/.lake/build/ir/Mathlib/GroupTheory/Subgroup/Centralizer.c.o.export: OK
.lake/packages/mathlib/.lake/build/ir/Mathlib/GroupTheory/Subgroup/Centralizer.c: OK
.lake/packages/mathlib/.lake/build/lib/lean/Mathlib/GroupTheory/Subgroup/Centralizer.olean: OK
.lake/packages/mathlib/.lake/build/ir/Mathlib/GroupTheory/Subgroup/Simple.c.o.export: OK
.lake/packages/mathlib/.lake/build/ir/Mathlib/GroupTheory/Subgroup/Simple.c: OK
.lake/packages/mathlib/.lake/build/lib/lean/Mathlib/GroupTheory/Subgroup/Simple.olean: OK
.lake/packages/mathlib/.lake/build/ir/Mathlib/GroupTheory/Submonoid/Center.c.o.export: OK
.lake/packages/mathlib/.lake/build/ir/Mathlib/GroupTheory/Submonoid/Center.c: OK
.lake/packages/mathlib/.lake/build/lib/lean/Mathlib/GroupTheory/Submonoid/Center.olean: OK
.lake/packages/mathlib/.lake/build/ir/Mathlib/GroupTheory/Submonoid/Centralizer.c.o.export: OK
.lake/packages/mathlib/.lake/build/ir/Mathlib/GroupTheory/Submonoid/Centralizer.c: OK
.lake/packages/mathlib/.lake/build/lib/lean/Mathlib/GroupTheory/Submonoid/Centralizer.olean: OK
.lake/packages/mathlib/.lake/build/ir/Mathlib/GroupTheory/Subsemigroup/Center.c.o.export: OK
.lake/packages/mathlib/.lake/build/ir/Mathlib/GroupTheory/Subsemigroup/Center.c: OK
.lake/packages/mathlib/.lake/build/lib/lean/Mathlib/GroupTheory/Subsemigroup/Center.olean: OK
.lake/packages/mathlib/.lake/build/ir/Mathlib/GroupTheory/Subsemigroup/Centralizer.c.o.export: OK
.lake/packages/mathlib/.lake/build/ir/Mathlib/GroupTheory/Subsemigroup/Centralizer.c: OK
.lake/packages/mathlib/.lake/build/lib/lean/Mathlib/GroupTheory/Subsemigroup/Centralizer.olean: OK
.lake/packages/mathlib/.lake/build/ir/Mathlib/GroupTheory/Sylow.c.o.export: OK
.lake/packages/mathlib/.lake/build/ir/Mathlib/GroupTheory/Sylow.c: OK
.lake/packages/mathlib/.lake/build/lib/lean/Mathlib/GroupTheory/Sylow.olean: OK
.lake/packages/mathlib/.lake/build/ir/Mathlib/GroupTheory/Torsion.c.o.export: OK
.lake/packages/mathlib/.lake/build/ir/Mathlib/GroupTheory/Torsion.c: OK
.lake/packages/mathlib/.lake/build/lib/lean/Mathlib/GroupTheory/Torsion.olean: OK
.lake/packages/mathlib/.lake/build/ir/Mathlib/InformationTheory/Hamming.c.o.export: OK
.lake/packages/mathlib/.lake/build/ir/Mathlib/InformationTheory/Hamming.c: OK
.lake/packages/mathlib/.lake/build/lib/lean/Mathlib/InformationTheory/Hamming.olean: OK
.lake/packages/mathlib/.lake/build/ir/Mathlib/Init.c.o.export: OK
.lake/packages/mathlib/.lake/build/ir/Mathlib/Init.c: OK
.lake/packages/mathlib/.lake/build/lib/lean/Mathlib/Init.olean: OK
.lake/packages/mathlib/.lake/build/ir/Mathlib/Lean/ContextInfo.c.o.export: OK
.lake/packages/mathlib/.lake/build/ir/Mathlib/Lean/ContextInfo.c: OK
.lake/packages/mathlib/.lake/build/lib/lean/Mathlib/Lean/ContextInfo.olean: OK
.lake/packages/mathlib/.lake/build/ir/Mathlib/Lean/Elab/InfoTree.c.o.export: OK
.lake/packages/mathlib/.lake/build/ir/Mathlib/Lean/Elab/InfoTree.c: OK
.lake/packages/mathlib/.lake/build/lib/lean/Mathlib/Lean/Elab/InfoTree.olean: OK
.lake/packages/mathlib/.lake/build/ir/Mathlib/Lean/Elab/Tactic/Meta.c.o.export: OK
.lake/packages/mathlib/.lake/build/ir/Mathlib/Lean/Elab/Tactic/Meta.c: OK
.lake/packages/mathlib/.lake/build/lib/lean/Mathlib/Lean/Elab/Tactic/Meta.olean: OK
.lake/packages/mathlib/.lake/build/ir/Mathlib/Lean/Elab/Term.c.o.export: OK
.lake/packages/mathlib/.lake/build/ir/Mathlib/Lean/Elab/Term.c: OK
.lake/packages/mathlib/.lake/build/lib/lean/Mathlib/Lean/Elab/Term.olean: OK
.lake/packages/mathlib/.lake/build/ir/Mathlib/Lean/Environment.c.o.export: OK
.lake/packages/mathlib/.lake/build/ir/Mathlib/Lean/Environment.c: OK
.lake/packages/mathlib/.lake/build/lib/lean/Mathlib/Lean/Environment.olean: OK
.lake/packages/mathlib/.lake/build/ir/Mathlib/Lean/Expr/Basic.c.o.export: OK
.lake/packages/mathlib/.lake/build/ir/Mathlib/Lean/Expr/Basic.c: OK
.lake/packages/mathlib/.lake/build/lib/lean/Mathlib/Lean/Expr/Basic.olean: OK
.lake/packages/mathlib/.lake/build/ir/Mathlib/Lean/Expr/ExtraRecognizers.c.o.export: OK
.lake/packages/mathlib/.lake/build/ir/Mathlib/Lean/Expr/ExtraRecognizers.c: OK
.lake/packages/mathlib/.lake/build/lib/lean/Mathlib/Lean/Expr/ExtraRecognizers.olean: OK
.lake/packages/mathlib/.lake/build/ir/Mathlib/Lean/Expr/Rat.c.o.export: OK
.lake/packages/mathlib/.lake/build/ir/Mathlib/Lean/Expr/Rat.c: OK
.lake/packages/mathlib/.lake/build/lib/lean/Mathlib/Lean/Expr/Rat.olean: OK
.lake/packages/mathlib/.lake/build/ir/Mathlib/Lean/GoalsLocation.c.o.export: OK
.lake/packages/mathlib/.lake/build/ir/Mathlib/Lean/GoalsLocation.c: OK
.lake/packages/mathlib/.lake/build/lib/lean/Mathlib/Lean/GoalsLocation.olean: OK
.lake/packages/mathlib/.lake/build/ir/Mathlib/Lean/Linter.c.o.export: OK
.lake/packages/mathlib/.lake/build/ir/Mathlib/Lean/Linter.c: OK
.lake/packages/mathlib/.lake/build/lib/lean/Mathlib/Lean/Linter.olean: OK
.lake/packages/mathlib/.lake/build/ir/Mathlib/Lean/MessageData/Trace.c.o.export: OK
.lake/packages/mathlib/.lake/build/ir/Mathlib/Lean/MessageData/Trace.c: OK
.lake/packages/mathlib/.lake/build/lib/lean/Mathlib/Lean/MessageData/Trace.olean: OK
.lake/packages/mathlib/.lake/build/ir/Mathlib/Lean/Meta.c.o.export: OK
.lake/packages/mathlib/.lake/build/ir/Mathlib/Lean/Meta.c: OK
.lake/packages/mathlib/.lake/build/lib/lean/Mathlib/Lean/Meta.olean: OK
.lake/packages/mathlib/.lake/build/ir/Mathlib/Lean/Meta/Basic.c.o.export: OK
.lake/packages/mathlib/.lake/build/ir/Mathlib/Lean/Meta/Basic.c: OK
.lake/packages/mathlib/.lake/build/lib/lean/Mathlib/Lean/Meta/Basic.olean: OK
.lake/packages/mathlib/.lake/build/ir/Mathlib/Lean/Meta/CongrTheorems.c.o.export: OK
.lake/packages/mathlib/.lake/build/ir/Mathlib/Lean/Meta/CongrTheorems.c: OK
.lake/packages/mathlib/.lake/build/lib/lean/Mathlib/Lean/Meta/CongrTheorems.olean: OK
.lake/packages/mathlib/.lake/build/ir/Mathlib/Lean/Meta/KAbstractPositions.c.o.export: OK
.lake/packages/mathlib/.lake/build/ir/Mathlib/Lean/Meta/KAbstractPositions.c: OK
.lake/packages/mathlib/.lake/build/lib/lean/Mathlib/Lean/Meta/KAbstractPositions.olean: OK
.lake/packages/mathlib/.lake/build/ir/Mathlib/Lean/Meta/RefinedDiscrTree.c.o.export: OK
.lake/packages/mathlib/.lake/build/ir/Mathlib/Lean/Meta/RefinedDiscrTree.c: OK
.lake/packages/mathlib/.lake/build/lib/lean/Mathlib/Lean/Meta/RefinedDiscrTree.olean: OK
.lake/packages/mathlib/.lake/build/ir/Mathlib/Lean/Meta/RefinedDiscrTree/Basic.c.o.export: OK
.lake/packages/mathlib/.lake/build/ir/Mathlib/Lean/Meta/RefinedDiscrTree/Basic.c: OK
.lake/packages/mathlib/.lake/build/lib/lean/Mathlib/Lean/Meta/RefinedDiscrTree/Basic.olean: OK
.lake/packages/mathlib/.lake/build/ir/Mathlib/Lean/Meta/RefinedDiscrTree/Encode.c.o.export: OK
.lake/packages/mathlib/.lake/build/ir/Mathlib/Lean/Meta/RefinedDiscrTree/Encode.c: OK
.lake/packages/mathlib/.lake/build/lib/lean/Mathlib/Lean/Meta/RefinedDiscrTree/Encode.olean: OK
.lake/packages/mathlib/.lake/build/ir/Mathlib/Lean/Meta/RefinedDiscrTree/Initialize.c.o.export: OK
.lake/packages/mathlib/.lake/build/ir/Mathlib/Lean/Meta/RefinedDiscrTree/Initialize.c: OK
.lake/packages/mathlib/.lake/build/lib/lean/Mathlib/Lean/Meta/RefinedDiscrTree/Initialize.olean: OK
.lake/packages/mathlib/.lake/build/ir/Mathlib/Lean/Meta/RefinedDiscrTree/Lookup.c.o.export: OK
.lake/packages/mathlib/.lake/build/ir/Mathlib/Lean/Meta/RefinedDiscrTree/Lookup.c: OK
.lake/packages/mathlib/.lake/build/lib/lean/Mathlib/Lean/Meta/RefinedDiscrTree/Lookup.olean: OK
.lake/packages/mathlib/.lake/build/ir/Mathlib/Lean/Meta/Simp.c.o.export: OK
.lake/packages/mathlib/.lake/build/ir/Mathlib/Lean/Meta/Simp.c: OK
.lake/packages/mathlib/.lake/build/lib/lean/Mathlib/Lean/Meta/Simp.olean: OK
.lake/packages/mathlib/.lake/build/ir/Mathlib/Lean/Meta/Tactic/Rewrite.c.o.export: OK
.lake/packages/mathlib/.lake/build/ir/Mathlib/Lean/Meta/Tactic/Rewrite.c: OK
.lake/packages/mathlib/.lake/build/lib/lean/Mathlib/Lean/Meta/Tactic/Rewrite.olean: OK
.lake/packages/mathlib/.lake/build/ir/Mathlib/Lean/Name.c.o.export: OK
.lake/packages/mathlib/.lake/build/ir/Mathlib/Lean/Name.c: OK
.lake/packages/mathlib/.lake/build/lib/lean/Mathlib/Lean/Name.olean: OK
.lake/packages/mathlib/.lake/build/ir/Mathlib/Lean/PrettyPrinter/Delaborator.c.o.export: OK
.lake/packages/mathlib/.lake/build/ir/Mathlib/Lean/PrettyPrinter/Delaborator.c: OK
.lake/packages/mathlib/.lake/build/lib/lean/Mathlib/Lean/PrettyPrinter/Delaborator.olean: OK
.lake/packages/mathlib/.lake/build/ir/Mathlib/LinearAlgebra/AffineSpace/AffineEquiv.c.o.export: OK
.lake/packages/mathlib/.lake/build/ir/Mathlib/LinearAlgebra/AffineSpace/AffineEquiv.c: OK
.lake/packages/mathlib/.lake/build/lib/lean/Mathlib/LinearAlgebra/AffineSpace/AffineEquiv.olean: OK
.lake/packages/mathlib/.lake/build/ir/Mathlib/LinearAlgebra/AffineSpace/AffineMap.c.o.export: OK
.lake/packages/mathlib/.lake/build/ir/Mathlib/LinearAlgebra/AffineSpace/AffineMap.c: OK
.lake/packages/mathlib/.lake/build/lib/lean/Mathlib/LinearAlgebra/AffineSpace/AffineMap.olean: OK
.lake/packages/mathlib/.lake/build/ir/Mathlib/LinearAlgebra/AffineSpace/AffineSubspace/Basic.c.o.export: OK
.lake/packages/mathlib/.lake/build/ir/Mathlib/LinearAlgebra/AffineSpace/AffineSubspace/Basic.c: OK
.lake/packages/mathlib/.lake/build/lib/lean/Mathlib/LinearAlgebra/AffineSpace/AffineSubspace/Basic.olean: OK
.lake/packages/mathlib/.lake/build/ir/Mathlib/LinearAlgebra/AffineSpace/AffineSubspace/Defs.c.o.export: OK
.lake/packages/mathlib/.lake/build/ir/Mathlib/LinearAlgebra/AffineSpace/AffineSubspace/Defs.c: OK
.lake/packages/mathlib/.lake/build/lib/lean/Mathlib/LinearAlgebra/AffineSpace/AffineSubspace/Defs.olean: OK
.lake/packages/mathlib/.lake/build/ir/Mathlib/LinearAlgebra/AffineSpace/Basis.c.o.export: OK
.lake/packages/mathlib/.lake/build/ir/Mathlib/LinearAlgebra/AffineSpace/Basis.c: OK
.lake/packages/mathlib/.lake/build/lib/lean/Mathlib/LinearAlgebra/AffineSpace/Basis.olean: OK
.lake/packages/mathlib/.lake/build/ir/Mathlib/LinearAlgebra/AffineSpace/Centroid.c.o.export: OK
.lake/packages/mathlib/.lake/build/ir/Mathlib/LinearAlgebra/AffineSpace/Centroid.c: OK
.lake/packages/mathlib/.lake/build/lib/lean/Mathlib/LinearAlgebra/AffineSpace/Centroid.olean: OK
.lake/packages/mathlib/.lake/build/ir/Mathlib/LinearAlgebra/AffineSpace/Combination.c.o.export: OK
.lake/packages/mathlib/.lake/build/ir/Mathlib/LinearAlgebra/AffineSpace/Combination.c: OK
.lake/packages/mathlib/.lake/build/lib/lean/Mathlib/LinearAlgebra/AffineSpace/Combination.olean: OK
.lake/packages/mathlib/.lake/build/ir/Mathlib/LinearAlgebra/AffineSpace/Defs.c.o.export: OK
.lake/packages/mathlib/.lake/build/ir/Mathlib/LinearAlgebra/AffineSpace/Defs.c: OK
.lake/packages/mathlib/.lake/build/lib/lean/Mathlib/LinearAlgebra/AffineSpace/Defs.olean: OK
.lake/packages/mathlib/.lake/build/ir/Mathlib/LinearAlgebra/AffineSpace/Independent.c.o.export: OK
.lake/packages/mathlib/.lake/build/ir/Mathlib/LinearAlgebra/AffineSpace/Independent.c: OK
.lake/packages/mathlib/.lake/build/lib/lean/Mathlib/LinearAlgebra/AffineSpace/Independent.olean: OK
.lake/packages/mathlib/.lake/build/ir/Mathlib/LinearAlgebra/AffineSpace/Midpoint.c.o.export: OK
.lake/packages/mathlib/.lake/build/ir/Mathlib/LinearAlgebra/AffineSpace/Midpoint.c: OK
.lake/packages/mathlib/.lake/build/lib/lean/Mathlib/LinearAlgebra/AffineSpace/Midpoint.olean: OK
.lake/packages/mathlib/.lake/build/ir/Mathlib/LinearAlgebra/AffineSpace/Pointwise.c.o.export: OK
.lake/packages/mathlib/.lake/build/ir/Mathlib/LinearAlgebra/AffineSpace/Pointwise.c: OK
.lake/packages/mathlib/.lake/build/lib/lean/Mathlib/LinearAlgebra/AffineSpace/Pointwise.olean: OK
.lake/packages/mathlib/.lake/build/ir/Mathlib/LinearAlgebra/AffineSpace/Restrict.c.o.export: OK
.lake/packages/mathlib/.lake/build/ir/Mathlib/LinearAlgebra/AffineSpace/Restrict.c: OK
.lake/packages/mathlib/.lake/build/lib/lean/Mathlib/LinearAlgebra/AffineSpace/Restrict.olean: OK
.lake/packages/mathlib/.lake/build/ir/Mathlib/LinearAlgebra/AffineSpace/Simplex/Basic.c.o.export: OK
.lake/packages/mathlib/.lake/build/ir/Mathlib/LinearAlgebra/AffineSpace/Simplex/Basic.c: OK
.lake/packages/mathlib/.lake/build/lib/lean/Mathlib/LinearAlgebra/AffineSpace/Simplex/Basic.olean: OK
.lake/packages/mathlib/.lake/build/ir/Mathlib/LinearAlgebra/Alternating/Basic.c.o.export: OK
.lake/packages/mathlib/.lake/build/ir/Mathlib/LinearAlgebra/Alternating/Basic.c: OK
.lake/packages/mathlib/.lake/build/lib/lean/Mathlib/LinearAlgebra/Alternating/Basic.olean: OK
.lake/packages/mathlib/.lake/build/ir/Mathlib/LinearAlgebra/Basis/Basic.c.o.export: OK
.lake/packages/mathlib/.lake/build/ir/Mathlib/LinearAlgebra/Basis/Basic.c: OK
.lake/packages/mathlib/.lake/build/lib/lean/Mathlib/LinearAlgebra/Basis/Basic.olean: OK
.lake/packages/mathlib/.lake/build/ir/Mathlib/LinearAlgebra/Basis/Bilinear.c.o.export: OK
.lake/packages/mathlib/.lake/build/ir/Mathlib/LinearAlgebra/Basis/Bilinear.c: OK
.lake/packages/mathlib/.lake/build/lib/lean/Mathlib/LinearAlgebra/Basis/Bilinear.olean: OK
.lake/packages/mathlib/.lake/build/ir/Mathlib/LinearAlgebra/Basis/Cardinality.c.o.export: OK
.lake/packages/mathlib/.lake/build/ir/Mathlib/LinearAlgebra/Basis/Cardinality.c: OK
.lake/packages/mathlib/.lake/build/lib/lean/Mathlib/LinearAlgebra/Basis/Cardinality.olean: OK
.lake/packages/mathlib/.lake/build/ir/Mathlib/LinearAlgebra/Basis/Defs.c.o.export: OK
.lake/packages/mathlib/.lake/build/ir/Mathlib/LinearAlgebra/Basis/Defs.c: OK
.lake/packages/mathlib/.lake/build/lib/lean/Mathlib/LinearAlgebra/Basis/Defs.olean: OK
.lake/packages/mathlib/.lake/build/ir/Mathlib/LinearAlgebra/Basis/Fin.c.o.export: OK
.lake/packages/mathlib/.lake/build/ir/Mathlib/LinearAlgebra/Basis/Fin.c: OK
.lake/packages/mathlib/.lake/build/lib/lean/Mathlib/LinearAlgebra/Basis/Fin.olean: OK
.lake/packages/mathlib/.lake/build/ir/Mathlib/LinearAlgebra/Basis/Prod.c.o.export: OK
.lake/packages/mathlib/.lake/build/ir/Mathlib/LinearAlgebra/Basis/Prod.c: OK
.lake/packages/mathlib/.lake/build/lib/lean/Mathlib/LinearAlgebra/Basis/Prod.olean: OK
.lake/packages/mathlib/.lake/build/ir/Mathlib/LinearAlgebra/Basis/SMul.c.o.export: OK
.lake/packages/mathlib/.lake/build/ir/Mathlib/LinearAlgebra/Basis/SMul.c: OK
.lake/packages/mathlib/.lake/build/lib/lean/Mathlib/LinearAlgebra/Basis/SMul.olean: OK
.lake/packages/mathlib/.lake/build/ir/Mathlib/LinearAlgebra/Basis/Submodule.c.o.export: OK
.lake/packages/mathlib/.lake/build/ir/Mathlib/LinearAlgebra/Basis/Submodule.c: OK
.lake/packages/mathlib/.lake/build/lib/lean/Mathlib/LinearAlgebra/Basis/Submodule.olean: OK
.lake/packages/mathlib/.lake/build/ir/Mathlib/LinearAlgebra/Basis/VectorSpace.c.o.export: OK
.lake/packages/mathlib/.lake/build/ir/Mathlib/LinearAlgebra/Basis/VectorSpace.c: OK
.lake/packages/mathlib/.lake/build/lib/lean/Mathlib/LinearAlgebra/Basis/VectorSpace.olean: OK
.lake/packages/mathlib/.lake/build/ir/Mathlib/LinearAlgebra/BilinearForm/Basic.c.o.export: OK
.lake/packages/mathlib/.lake/build/ir/Mathlib/LinearAlgebra/BilinearForm/Basic.c: OK
.lake/packages/mathlib/.lake/build/lib/lean/Mathlib/LinearAlgebra/BilinearForm/Basic.olean: OK
.lake/packages/mathlib/.lake/build/ir/Mathlib/LinearAlgebra/BilinearForm/DualLattice.c.o.export: OK
.lake/packages/mathlib/.lake/build/ir/Mathlib/LinearAlgebra/BilinearForm/DualLattice.c: OK
.lake/packages/mathlib/.lake/build/lib/lean/Mathlib/LinearAlgebra/BilinearForm/DualLattice.olean: OK
.lake/packages/mathlib/.lake/build/ir/Mathlib/LinearAlgebra/BilinearForm/Hom.c.o.export: OK
.lake/packages/mathlib/.lake/build/ir/Mathlib/LinearAlgebra/BilinearForm/Hom.c: OK
.lake/packages/mathlib/.lake/build/lib/lean/Mathlib/LinearAlgebra/BilinearForm/Hom.olean: OK
.lake/packages/mathlib/.lake/build/ir/Mathlib/LinearAlgebra/BilinearForm/Properties.c.o.export: OK
.lake/packages/mathlib/.lake/build/ir/Mathlib/LinearAlgebra/BilinearForm/Properties.c: OK
.lake/packages/mathlib/.lake/build/lib/lean/Mathlib/LinearAlgebra/BilinearForm/Properties.olean: OK
.lake/packages/mathlib/.lake/build/ir/Mathlib/LinearAlgebra/BilinearMap.c.o.export: OK
.lake/packages/mathlib/.lake/build/ir/Mathlib/LinearAlgebra/BilinearMap.c: OK
.lake/packages/mathlib/.lake/build/lib/lean/Mathlib/LinearAlgebra/BilinearMap.olean: OK
.lake/packages/mathlib/.lake/build/ir/Mathlib/LinearAlgebra/Complex/Module.c.o.export: OK
.lake/packages/mathlib/.lake/build/ir/Mathlib/LinearAlgebra/Complex/Module.c: OK
.lake/packages/mathlib/.lake/build/lib/lean/Mathlib/LinearAlgebra/Complex/Module.olean: OK
.lake/packages/mathlib/.lake/build/ir/Mathlib/LinearAlgebra/Contraction.c.o.export: OK
.lake/packages/mathlib/.lake/build/ir/Mathlib/LinearAlgebra/Contraction.c: OK
.lake/packages/mathlib/.lake/build/lib/lean/Mathlib/LinearAlgebra/Contraction.olean: OK
.lake/packages/mathlib/.lake/build/ir/Mathlib/LinearAlgebra/DFinsupp.c.o.export: OK
.lake/packages/mathlib/.lake/build/ir/Mathlib/LinearAlgebra/DFinsupp.c: OK
.lake/packages/mathlib/.lake/build/lib/lean/Mathlib/LinearAlgebra/DFinsupp.olean: OK
.lake/packages/mathlib/.lake/build/ir/Mathlib/LinearAlgebra/Determinant.c.o.export: OK
.lake/packages/mathlib/.lake/build/ir/Mathlib/LinearAlgebra/Determinant.c: OK
.lake/packages/mathlib/.lake/build/lib/lean/Mathlib/LinearAlgebra/Determinant.olean: OK
.lake/packages/mathlib/.lake/build/ir/Mathlib/LinearAlgebra/Dimension/Basic.c.o.export: OK
.lake/packages/mathlib/.lake/build/ir/Mathlib/LinearAlgebra/Dimension/Basic.c: OK
.lake/packages/mathlib/.lake/build/lib/lean/Mathlib/LinearAlgebra/Dimension/Basic.olean: OK
.lake/packages/mathlib/.lake/build/ir/Mathlib/LinearAlgebra/Dimension/Constructions.c.o.export: OK
.lake/packages/mathlib/.lake/build/ir/Mathlib/LinearAlgebra/Dimension/Constructions.c: OK
.lake/packages/mathlib/.lake/build/lib/lean/Mathlib/LinearAlgebra/Dimension/Constructions.olean: OK
.lake/packages/mathlib/.lake/build/ir/Mathlib/LinearAlgebra/Dimension/DivisionRing.c.o.export: OK
.lake/packages/mathlib/.lake/build/ir/Mathlib/LinearAlgebra/Dimension/DivisionRing.c: OK
.lake/packages/mathlib/.lake/build/lib/lean/Mathlib/LinearAlgebra/Dimension/DivisionRing.olean: OK
.lake/packages/mathlib/.lake/build/ir/Mathlib/LinearAlgebra/Dimension/ErdosKaplansky.c.o.export: OK
.lake/packages/mathlib/.lake/build/ir/Mathlib/LinearAlgebra/Dimension/ErdosKaplansky.c: OK
.lake/packages/mathlib/.lake/build/lib/lean/Mathlib/LinearAlgebra/Dimension/ErdosKaplansky.olean: OK
.lake/packages/mathlib/.lake/build/ir/Mathlib/LinearAlgebra/Dimension/Finite.c.o.export: OK
.lake/packages/mathlib/.lake/build/ir/Mathlib/LinearAlgebra/Dimension/Finite.c: OK
.lake/packages/mathlib/.lake/build/lib/lean/Mathlib/LinearAlgebra/Dimension/Finite.olean: OK
.lake/packages/mathlib/.lake/build/ir/Mathlib/LinearAlgebra/Dimension/Finrank.c.o.export: OK
.lake/packages/mathlib/.lake/build/ir/Mathlib/LinearAlgebra/Dimension/Finrank.c: OK
.lake/packages/mathlib/.lake/build/lib/lean/Mathlib/LinearAlgebra/Dimension/Finrank.olean: OK
.lake/packages/mathlib/.lake/build/ir/Mathlib/LinearAlgebra/Dimension/Free.c.o.export: OK
.lake/packages/mathlib/.lake/build/ir/Mathlib/LinearAlgebra/Dimension/Free.c: OK
.lake/packages/mathlib/.lake/build/lib/lean/Mathlib/LinearAlgebra/Dimension/Free.olean: OK
.lake/packages/mathlib/.lake/build/ir/Mathlib/LinearAlgebra/Dimension/FreeAndStrongRankCondition.c.o.export: OK
.lake/packages/mathlib/.lake/build/ir/Mathlib/LinearAlgebra/Dimension/FreeAndStrongRankCondition.c: OK
.lake/packages/mathlib/.lake/build/lib/lean/Mathlib/LinearAlgebra/Dimension/FreeAndStrongRankCondition.olean: OK
.lake/packages/mathlib/.lake/build/ir/Mathlib/LinearAlgebra/Dimension/Localization.c.o.export: OK
.lake/packages/mathlib/.lake/build/ir/Mathlib/LinearAlgebra/Dimension/Localization.c: OK
.lake/packages/mathlib/.lake/build/lib/lean/Mathlib/LinearAlgebra/Dimension/Localization.olean: OK
.lake/packages/mathlib/.lake/build/ir/Mathlib/LinearAlgebra/Dimension/RankNullity.c.o.export: OK
.lake/packages/mathlib/.lake/build/ir/Mathlib/LinearAlgebra/Dimension/RankNullity.c: OK
.lake/packages/mathlib/.lake/build/lib/lean/Mathlib/LinearAlgebra/Dimension/RankNullity.olean: OK
.lake/packages/mathlib/.lake/build/ir/Mathlib/LinearAlgebra/Dimension/StrongRankCondition.c.o.export: OK
.lake/packages/mathlib/.lake/build/ir/Mathlib/LinearAlgebra/Dimension/StrongRankCondition.c: OK
.lake/packages/mathlib/.lake/build/lib/lean/Mathlib/LinearAlgebra/Dimension/StrongRankCondition.olean: OK
.lake/packages/mathlib/.lake/build/ir/Mathlib/LinearAlgebra/Dimension/Subsingleton.c.o.export: OK
.lake/packages/mathlib/.lake/build/ir/Mathlib/LinearAlgebra/Dimension/Subsingleton.c: OK
.lake/packages/mathlib/.lake/build/lib/lean/Mathlib/LinearAlgebra/Dimension/Subsingleton.olean: OK
.lake/packages/mathlib/.lake/build/ir/Mathlib/LinearAlgebra/DirectSum/Finsupp.c.o.export: OK
.lake/packages/mathlib/.lake/build/ir/Mathlib/LinearAlgebra/DirectSum/Finsupp.c: OK
.lake/packages/mathlib/.lake/build/lib/lean/Mathlib/LinearAlgebra/DirectSum/Finsupp.olean: OK
.lake/packages/mathlib/.lake/build/ir/Mathlib/LinearAlgebra/DirectSum/TensorProduct.c.o.export: OK
.lake/packages/mathlib/.lake/build/ir/Mathlib/LinearAlgebra/DirectSum/TensorProduct.c: OK
.lake/packages/mathlib/.lake/build/lib/lean/Mathlib/LinearAlgebra/DirectSum/TensorProduct.olean: OK
.lake/packages/mathlib/.lake/build/ir/Mathlib/LinearAlgebra/Dual/Basis.c.o.export: OK
.lake/packages/mathlib/.lake/build/ir/Mathlib/LinearAlgebra/Dual/Basis.c: OK
.lake/packages/mathlib/.lake/build/lib/lean/Mathlib/LinearAlgebra/Dual/Basis.olean: OK
.lake/packages/mathlib/.lake/build/ir/Mathlib/LinearAlgebra/Dual/Defs.c.o.export: OK
.lake/packages/mathlib/.lake/build/ir/Mathlib/LinearAlgebra/Dual/Defs.c: OK
.lake/packages/mathlib/.lake/build/lib/lean/Mathlib/LinearAlgebra/Dual/Defs.olean: OK
.lake/packages/mathlib/.lake/build/ir/Mathlib/LinearAlgebra/Dual/Lemmas.c.o.export: OK
.lake/packages/mathlib/.lake/build/ir/Mathlib/LinearAlgebra/Dual/Lemmas.c: OK
.lake/packages/mathlib/.lake/build/lib/lean/Mathlib/LinearAlgebra/Dual/Lemmas.olean: OK
.lake/packages/mathlib/.lake/build/ir/Mathlib/LinearAlgebra/FiniteDimensional/Basic.c.o.export: OK
.lake/packages/mathlib/.lake/build/ir/Mathlib/LinearAlgebra/FiniteDimensional/Basic.c: OK
.lake/packages/mathlib/.lake/build/lib/lean/Mathlib/LinearAlgebra/FiniteDimensional/Basic.olean: OK
.lake/packages/mathlib/.lake/build/ir/Mathlib/LinearAlgebra/FiniteDimensional/Defs.c.o.export: OK
.lake/packages/mathlib/.lake/build/ir/Mathlib/LinearAlgebra/FiniteDimensional/Defs.c: OK
.lake/packages/mathlib/.lake/build/lib/lean/Mathlib/LinearAlgebra/FiniteDimensional/Defs.olean: OK
.lake/packages/mathlib/.lake/build/ir/Mathlib/LinearAlgebra/FiniteDimensional/Lemmas.c.o.export: OK
.lake/packages/mathlib/.lake/build/ir/Mathlib/LinearAlgebra/FiniteDimensional/Lemmas.c: OK
.lake/packages/mathlib/.lake/build/lib/lean/Mathlib/LinearAlgebra/FiniteDimensional/Lemmas.olean: OK
.lake/packages/mathlib/.lake/build/ir/Mathlib/LinearAlgebra/Finsupp/Defs.c.o.export: OK
.lake/packages/mathlib/.lake/build/ir/Mathlib/LinearAlgebra/Finsupp/Defs.c: OK
.lake/packages/mathlib/.lake/build/lib/lean/Mathlib/LinearAlgebra/Finsupp/Defs.olean: OK
.lake/packages/mathlib/.lake/build/ir/Mathlib/LinearAlgebra/Finsupp/LSum.c.o.export: OK
.lake/packages/mathlib/.lake/build/ir/Mathlib/LinearAlgebra/Finsupp/LSum.c: OK
.lake/packages/mathlib/.lake/build/lib/lean/Mathlib/LinearAlgebra/Finsupp/LSum.olean: OK
.lake/packages/mathlib/.lake/build/ir/Mathlib/LinearAlgebra/Finsupp/LinearCombination.c.o.export: OK
.lake/packages/mathlib/.lake/build/ir/Mathlib/LinearAlgebra/Finsupp/LinearCombination.c: OK
.lake/packages/mathlib/.lake/build/lib/lean/Mathlib/LinearAlgebra/Finsupp/LinearCombination.olean: OK
.lake/packages/mathlib/.lake/build/ir/Mathlib/LinearAlgebra/Finsupp/Pi.c.o.export: OK
.lake/packages/mathlib/.lake/build/ir/Mathlib/LinearAlgebra/Finsupp/Pi.c: OK
.lake/packages/mathlib/.lake/build/lib/lean/Mathlib/LinearAlgebra/Finsupp/Pi.olean: OK
.lake/packages/mathlib/.lake/build/ir/Mathlib/LinearAlgebra/Finsupp/Span.c.o.export: OK
.lake/packages/mathlib/.lake/build/ir/Mathlib/LinearAlgebra/Finsupp/Span.c: OK
.lake/packages/mathlib/.lake/build/lib/lean/Mathlib/LinearAlgebra/Finsupp/Span.olean: OK
.lake/packages/mathlib/.lake/build/ir/Mathlib/LinearAlgebra/Finsupp/SumProd.c.o.export: OK
.lake/packages/mathlib/.lake/build/ir/Mathlib/LinearAlgebra/Finsupp/SumProd.c: OK
.lake/packages/mathlib/.lake/build/lib/lean/Mathlib/LinearAlgebra/Finsupp/SumProd.olean: OK
.lake/packages/mathlib/.lake/build/ir/Mathlib/LinearAlgebra/Finsupp/Supported.c.o.export: OK
.lake/packages/mathlib/.lake/build/ir/Mathlib/LinearAlgebra/Finsupp/Supported.c: OK
.lake/packages/mathlib/.lake/build/lib/lean/Mathlib/LinearAlgebra/Finsupp/Supported.olean: OK
.lake/packages/mathlib/.lake/build/ir/Mathlib/LinearAlgebra/Finsupp/VectorSpace.c.o.export: OK
.lake/packages/mathlib/.lake/build/ir/Mathlib/LinearAlgebra/Finsupp/VectorSpace.c: OK
.lake/packages/mathlib/.lake/build/lib/lean/Mathlib/LinearAlgebra/Finsupp/VectorSpace.olean: OK
.lake/packages/mathlib/.lake/build/ir/Mathlib/LinearAlgebra/FreeModule/Basic.c.o.export: OK
.lake/packages/mathlib/.lake/build/ir/Mathlib/LinearAlgebra/FreeModule/Basic.c: OK
.lake/packages/mathlib/.lake/build/lib/lean/Mathlib/LinearAlgebra/FreeModule/Basic.olean: OK
.lake/packages/mathlib/.lake/build/ir/Mathlib/LinearAlgebra/FreeModule/Finite/Basic.c.o.export: OK
.lake/packages/mathlib/.lake/build/ir/Mathlib/LinearAlgebra/FreeModule/Finite/Basic.c: OK
.lake/packages/mathlib/.lake/build/lib/lean/Mathlib/LinearAlgebra/FreeModule/Finite/Basic.olean: OK
.lake/packages/mathlib/.lake/build/ir/Mathlib/LinearAlgebra/FreeModule/Finite/Matrix.c.o.export: OK
.lake/packages/mathlib/.lake/build/ir/Mathlib/LinearAlgebra/FreeModule/Finite/Matrix.c: OK
.lake/packages/mathlib/.lake/build/lib/lean/Mathlib/LinearAlgebra/FreeModule/Finite/Matrix.olean: OK
.lake/packages/mathlib/.lake/build/ir/Mathlib/LinearAlgebra/FreeModule/PID.c.o.export: OK
.lake/packages/mathlib/.lake/build/ir/Mathlib/LinearAlgebra/FreeModule/PID.c: OK
.lake/packages/mathlib/.lake/build/lib/lean/Mathlib/LinearAlgebra/FreeModule/PID.olean: OK
.lake/packages/mathlib/.lake/build/ir/Mathlib/LinearAlgebra/FreeModule/StrongRankCondition.c.o.export: OK
.lake/packages/mathlib/.lake/build/ir/Mathlib/LinearAlgebra/FreeModule/StrongRankCondition.c: OK
.lake/packages/mathlib/.lake/build/lib/lean/Mathlib/LinearAlgebra/FreeModule/StrongRankCondition.olean: OK
.lake/packages/mathlib/.lake/build/ir/Mathlib/LinearAlgebra/GeneralLinearGroup/AlgEquiv.c.o.export: OK
.lake/packages/mathlib/.lake/build/ir/Mathlib/LinearAlgebra/GeneralLinearGroup/AlgEquiv.c: OK
.lake/packages/mathlib/.lake/build/lib/lean/Mathlib/LinearAlgebra/GeneralLinearGroup/AlgEquiv.olean: OK
.lake/packages/mathlib/.lake/build/ir/Mathlib/LinearAlgebra/GeneralLinearGroup/Basic.c.o.export: OK
.lake/packages/mathlib/.lake/build/ir/Mathlib/LinearAlgebra/GeneralLinearGroup/Basic.c: OK
.lake/packages/mathlib/.lake/build/lib/lean/Mathlib/LinearAlgebra/GeneralLinearGroup/Basic.olean: OK
.lake/packages/mathlib/.lake/build/ir/Mathlib/LinearAlgebra/InvariantBasisNumber.c.o.export: OK
.lake/packages/mathlib/.lake/build/ir/Mathlib/LinearAlgebra/InvariantBasisNumber.c: OK
.lake/packages/mathlib/.lake/build/lib/lean/Mathlib/LinearAlgebra/InvariantBasisNumber.olean: OK
.lake/packages/mathlib/.lake/build/ir/Mathlib/LinearAlgebra/Isomorphisms.c.o.export: OK
.lake/packages/mathlib/.lake/build/ir/Mathlib/LinearAlgebra/Isomorphisms.c: OK
.lake/packages/mathlib/.lake/build/lib/lean/Mathlib/LinearAlgebra/Isomorphisms.olean: OK
.lake/packages/mathlib/.lake/build/ir/Mathlib/LinearAlgebra/Lagrange.c.o.export: OK
.lake/packages/mathlib/.lake/build/ir/Mathlib/LinearAlgebra/Lagrange.c: OK
.lake/packages/mathlib/.lake/build/lib/lean/Mathlib/LinearAlgebra/Lagrange.olean: OK
.lake/packages/mathlib/.lake/build/ir/Mathlib/LinearAlgebra/LinearIndependent/Basic.c.o.export: OK
.lake/packages/mathlib/.lake/build/ir/Mathlib/LinearAlgebra/LinearIndependent/Basic.c: OK
.lake/packages/mathlib/.lake/build/lib/lean/Mathlib/LinearAlgebra/LinearIndependent/Basic.olean: OK
.lake/packages/mathlib/.lake/build/ir/Mathlib/LinearAlgebra/LinearIndependent/Defs.c.o.export: OK
.lake/packages/mathlib/.lake/build/ir/Mathlib/LinearAlgebra/LinearIndependent/Defs.c: OK
.lake/packages/mathlib/.lake/build/lib/lean/Mathlib/LinearAlgebra/LinearIndependent/Defs.olean: OK
.lake/packages/mathlib/.lake/build/ir/Mathlib/LinearAlgebra/LinearIndependent/Lemmas.c.o.export: OK
.lake/packages/mathlib/.lake/build/ir/Mathlib/LinearAlgebra/LinearIndependent/Lemmas.c: OK
.lake/packages/mathlib/.lake/build/lib/lean/Mathlib/LinearAlgebra/LinearIndependent/Lemmas.olean: OK
.lake/packages/mathlib/.lake/build/ir/Mathlib/LinearAlgebra/LinearPMap.c.o.export: OK
.lake/packages/mathlib/.lake/build/ir/Mathlib/LinearAlgebra/LinearPMap.c: OK
.lake/packages/mathlib/.lake/build/lib/lean/Mathlib/LinearAlgebra/LinearPMap.olean: OK
.lake/packages/mathlib/.lake/build/ir/Mathlib/LinearAlgebra/Matrix/Adjugate.c.o.export: OK
.lake/packages/mathlib/.lake/build/ir/Mathlib/LinearAlgebra/Matrix/Adjugate.c: OK
.lake/packages/mathlib/.lake/build/lib/lean/Mathlib/LinearAlgebra/Matrix/Adjugate.olean: OK
.lake/packages/mathlib/.lake/build/ir/Mathlib/LinearAlgebra/Matrix/Basis.c.o.export: OK
.lake/packages/mathlib/.lake/build/ir/Mathlib/LinearAlgebra/Matrix/Basis.c: OK
.lake/packages/mathlib/.lake/build/lib/lean/Mathlib/LinearAlgebra/Matrix/Basis.olean: OK
.lake/packages/mathlib/.lake/build/ir/Mathlib/LinearAlgebra/Matrix/BilinearForm.c.o.export: OK
.lake/packages/mathlib/.lake/build/ir/Mathlib/LinearAlgebra/Matrix/BilinearForm.c: OK
.lake/packages/mathlib/.lake/build/lib/lean/Mathlib/LinearAlgebra/Matrix/BilinearForm.olean: OK
.lake/packages/mathlib/.lake/build/ir/Mathlib/LinearAlgebra/Matrix/Block.c.o.export: OK
.lake/packages/mathlib/.lake/build/ir/Mathlib/LinearAlgebra/Matrix/Block.c: OK
.lake/packages/mathlib/.lake/build/lib/lean/Mathlib/LinearAlgebra/Matrix/Block.olean: OK
.lake/packages/mathlib/.lake/build/ir/Mathlib/LinearAlgebra/Matrix/Charpoly/Basic.c.o.export: OK
.lake/packages/mathlib/.lake/build/ir/Mathlib/LinearAlgebra/Matrix/Charpoly/Basic.c: OK
.lake/packages/mathlib/.lake/build/lib/lean/Mathlib/LinearAlgebra/Matrix/Charpoly/Basic.olean: OK
.lake/packages/mathlib/.lake/build/ir/Mathlib/LinearAlgebra/Matrix/Charpoly/Coeff.c.o.export: OK
.lake/packages/mathlib/.lake/build/ir/Mathlib/LinearAlgebra/Matrix/Charpoly/Coeff.c: OK
.lake/packages/mathlib/.lake/build/lib/lean/Mathlib/LinearAlgebra/Matrix/Charpoly/Coeff.olean: OK
.lake/packages/mathlib/.lake/build/ir/Mathlib/LinearAlgebra/Matrix/Charpoly/LinearMap.c.o.export: OK
.lake/packages/mathlib/.lake/build/ir/Mathlib/LinearAlgebra/Matrix/Charpoly/LinearMap.c: OK
.lake/packages/mathlib/.lake/build/lib/lean/Mathlib/LinearAlgebra/Matrix/Charpoly/LinearMap.olean: OK
.lake/packages/mathlib/.lake/build/ir/Mathlib/LinearAlgebra/Matrix/Charpoly/Minpoly.c.o.export: OK
.lake/packages/mathlib/.lake/build/ir/Mathlib/LinearAlgebra/Matrix/Charpoly/Minpoly.c: OK
.lake/packages/mathlib/.lake/build/lib/lean/Mathlib/LinearAlgebra/Matrix/Charpoly/Minpoly.olean: OK
.lake/packages/mathlib/.lake/build/ir/Mathlib/LinearAlgebra/Matrix/ConjTranspose.c.o.export: OK
.lake/packages/mathlib/.lake/build/ir/Mathlib/LinearAlgebra/Matrix/ConjTranspose.c: OK
.lake/packages/mathlib/.lake/build/lib/lean/Mathlib/LinearAlgebra/Matrix/ConjTranspose.olean: OK
.lake/packages/mathlib/.lake/build/ir/Mathlib/LinearAlgebra/Matrix/Defs.c.o.export: OK
.lake/packages/mathlib/.lake/build/ir/Mathlib/LinearAlgebra/Matrix/Defs.c: OK
.lake/packages/mathlib/.lake/build/lib/lean/Mathlib/LinearAlgebra/Matrix/Defs.olean: OK
.lake/packages/mathlib/.lake/build/ir/Mathlib/LinearAlgebra/Matrix/Determinant/Basic.c.o.export: OK
.lake/packages/mathlib/.lake/build/ir/Mathlib/LinearAlgebra/Matrix/Determinant/Basic.c: OK
.lake/packages/mathlib/.lake/build/lib/lean/Mathlib/LinearAlgebra/Matrix/Determinant/Basic.olean: OK
.lake/packages/mathlib/.lake/build/ir/Mathlib/LinearAlgebra/Matrix/Dual.c.o.export: OK
.lake/packages/mathlib/.lake/build/ir/Mathlib/LinearAlgebra/Matrix/Dual.c: OK
.lake/packages/mathlib/.lake/build/lib/lean/Mathlib/LinearAlgebra/Matrix/Dual.olean: OK
.lake/packages/mathlib/.lake/build/ir/Mathlib/LinearAlgebra/Matrix/GeneralLinearGroup/Defs.c.o.export: OK
.lake/packages/mathlib/.lake/build/ir/Mathlib/LinearAlgebra/Matrix/GeneralLinearGroup/Defs.c: OK
.lake/packages/mathlib/.lake/build/lib/lean/Mathlib/LinearAlgebra/Matrix/GeneralLinearGroup/Defs.olean: OK
.lake/packages/mathlib/.lake/build/ir/Mathlib/LinearAlgebra/Matrix/InvariantBasisNumber.c.o.export: OK
.lake/packages/mathlib/.lake/build/ir/Mathlib/LinearAlgebra/Matrix/InvariantBasisNumber.c: OK
.lake/packages/mathlib/.lake/build/lib/lean/Mathlib/LinearAlgebra/Matrix/InvariantBasisNumber.olean: OK
.lake/packages/mathlib/.lake/build/ir/Mathlib/LinearAlgebra/Matrix/Kronecker.c.o.export: OK
.lake/packages/mathlib/.lake/build/ir/Mathlib/LinearAlgebra/Matrix/Kronecker.c: OK
.lake/packages/mathlib/.lake/build/lib/lean/Mathlib/LinearAlgebra/Matrix/Kronecker.olean: OK
.lake/packages/mathlib/.lake/build/ir/Mathlib/LinearAlgebra/Matrix/MvPolynomial.c.o.export: OK
.lake/packages/mathlib/.lake/build/ir/Mathlib/LinearAlgebra/Matrix/MvPolynomial.c: OK
.lake/packages/mathlib/.lake/build/lib/lean/Mathlib/LinearAlgebra/Matrix/MvPolynomial.olean: OK
.lake/packages/mathlib/.lake/build/ir/Mathlib/LinearAlgebra/Matrix/Nondegenerate.c.o.export: OK
.lake/packages/mathlib/.lake/build/ir/Mathlib/LinearAlgebra/Matrix/Nondegenerate.c: OK
.lake/packages/mathlib/.lake/build/lib/lean/Mathlib/LinearAlgebra/Matrix/Nondegenerate.olean: OK
.lake/packages/mathlib/.lake/build/ir/Mathlib/LinearAlgebra/Matrix/NonsingularInverse.c.o.export: OK
.lake/packages/mathlib/.lake/build/ir/Mathlib/LinearAlgebra/Matrix/NonsingularInverse.c: OK
.lake/packages/mathlib/.lake/build/lib/lean/Mathlib/LinearAlgebra/Matrix/NonsingularInverse.olean: OK
.lake/packages/mathlib/.lake/build/ir/Mathlib/LinearAlgebra/Matrix/Notation.c.o.export: OK
.lake/packages/mathlib/.lake/build/ir/Mathlib/LinearAlgebra/Matrix/Notation.c: OK
.lake/packages/mathlib/.lake/build/lib/lean/Mathlib/LinearAlgebra/Matrix/Notation.olean: OK
.lake/packages/mathlib/.lake/build/ir/Mathlib/LinearAlgebra/Matrix/Polynomial.c.o.export: OK
.lake/packages/mathlib/.lake/build/ir/Mathlib/LinearAlgebra/Matrix/Polynomial.c: OK
.lake/packages/mathlib/.lake/build/lib/lean/Mathlib/LinearAlgebra/Matrix/Polynomial.olean: OK
.lake/packages/mathlib/.lake/build/ir/Mathlib/LinearAlgebra/Matrix/Reindex.c.o.export: OK
.lake/packages/mathlib/.lake/build/ir/Mathlib/LinearAlgebra/Matrix/Reindex.c: OK
.lake/packages/mathlib/.lake/build/lib/lean/Mathlib/LinearAlgebra/Matrix/Reindex.olean: OK
.lake/packages/mathlib/.lake/build/ir/Mathlib/LinearAlgebra/Matrix/RowCol.c.o.export: OK
.lake/packages/mathlib/.lake/build/ir/Mathlib/LinearAlgebra/Matrix/RowCol.c: OK
.lake/packages/mathlib/.lake/build/lib/lean/Mathlib/LinearAlgebra/Matrix/RowCol.olean: OK
.lake/packages/mathlib/.lake/build/ir/Mathlib/LinearAlgebra/Matrix/SchurComplement.c.o.export: OK
.lake/packages/mathlib/.lake/build/ir/Mathlib/LinearAlgebra/Matrix/SchurComplement.c: OK
.lake/packages/mathlib/.lake/build/lib/lean/Mathlib/LinearAlgebra/Matrix/SchurComplement.olean: OK
.lake/packages/mathlib/.lake/build/ir/Mathlib/LinearAlgebra/Matrix/SemiringInverse.c.o.export: OK
.lake/packages/mathlib/.lake/build/ir/Mathlib/LinearAlgebra/Matrix/SemiringInverse.c: OK
.lake/packages/mathlib/.lake/build/lib/lean/Mathlib/LinearAlgebra/Matrix/SemiringInverse.olean: OK
.lake/packages/mathlib/.lake/build/ir/Mathlib/LinearAlgebra/Matrix/SesquilinearForm.c.o.export: OK
.lake/packages/mathlib/.lake/build/ir/Mathlib/LinearAlgebra/Matrix/SesquilinearForm.c: OK
.lake/packages/mathlib/.lake/build/lib/lean/Mathlib/LinearAlgebra/Matrix/SesquilinearForm.olean: OK
.lake/packages/mathlib/.lake/build/ir/Mathlib/LinearAlgebra/Matrix/SpecialLinearGroup.c.o.export: OK
.lake/packages/mathlib/.lake/build/ir/Mathlib/LinearAlgebra/Matrix/SpecialLinearGroup.c: OK
.lake/packages/mathlib/.lake/build/lib/lean/Mathlib/LinearAlgebra/Matrix/SpecialLinearGroup.olean: OK
.lake/packages/mathlib/.lake/build/ir/Mathlib/LinearAlgebra/Matrix/StdBasis.c.o.export: OK
.lake/packages/mathlib/.lake/build/ir/Mathlib/LinearAlgebra/Matrix/StdBasis.c: OK
.lake/packages/mathlib/.lake/build/lib/lean/Mathlib/LinearAlgebra/Matrix/StdBasis.olean: OK
.lake/packages/mathlib/.lake/build/ir/Mathlib/LinearAlgebra/Matrix/Symmetric.c.o.export: OK
.lake/packages/mathlib/.lake/build/ir/Mathlib/LinearAlgebra/Matrix/Symmetric.c: OK
.lake/packages/mathlib/.lake/build/lib/lean/Mathlib/LinearAlgebra/Matrix/Symmetric.olean: OK
.lake/packages/mathlib/.lake/build/ir/Mathlib/LinearAlgebra/Matrix/ToLin.c.o.export: OK
.lake/packages/mathlib/.lake/build/ir/Mathlib/LinearAlgebra/Matrix/ToLin.c: OK
.lake/packages/mathlib/.lake/build/lib/lean/Mathlib/LinearAlgebra/Matrix/ToLin.olean: OK
.lake/packages/mathlib/.lake/build/ir/Mathlib/LinearAlgebra/Matrix/ToLinearEquiv.c.o.export: OK
.lake/packages/mathlib/.lake/build/ir/Mathlib/LinearAlgebra/Matrix/ToLinearEquiv.c: OK
.lake/packages/mathlib/.lake/build/lib/lean/Mathlib/LinearAlgebra/Matrix/ToLinearEquiv.olean: OK
.lake/packages/mathlib/.lake/build/ir/Mathlib/LinearAlgebra/Matrix/Trace.c.o.export: OK
.lake/packages/mathlib/.lake/build/ir/Mathlib/LinearAlgebra/Matrix/Trace.c: OK
.lake/packages/mathlib/.lake/build/lib/lean/Mathlib/LinearAlgebra/Matrix/Trace.olean: OK
.lake/packages/mathlib/.lake/build/ir/Mathlib/LinearAlgebra/Matrix/Transvection.c.o.export: OK
.lake/packages/mathlib/.lake/build/ir/Mathlib/LinearAlgebra/Matrix/Transvection.c: OK
.lake/packages/mathlib/.lake/build/lib/lean/Mathlib/LinearAlgebra/Matrix/Transvection.olean: OK
.lake/packages/mathlib/.lake/build/ir/Mathlib/LinearAlgebra/Multilinear/Basic.c.o.export: OK
.lake/packages/mathlib/.lake/build/ir/Mathlib/LinearAlgebra/Multilinear/Basic.c: OK
.lake/packages/mathlib/.lake/build/lib/lean/Mathlib/LinearAlgebra/Multilinear/Basic.olean: OK
.lake/packages/mathlib/.lake/build/ir/Mathlib/LinearAlgebra/Multilinear/Basis.c.o.export: OK
.lake/packages/mathlib/.lake/build/ir/Mathlib/LinearAlgebra/Multilinear/Basis.c: OK
.lake/packages/mathlib/.lake/build/lib/lean/Mathlib/LinearAlgebra/Multilinear/Basis.olean: OK
.lake/packages/mathlib/.lake/build/ir/Mathlib/LinearAlgebra/Multilinear/DFinsupp.c.o.export: OK
.lake/packages/mathlib/.lake/build/ir/Mathlib/LinearAlgebra/Multilinear/DFinsupp.c: OK
.lake/packages/mathlib/.lake/build/lib/lean/Mathlib/LinearAlgebra/Multilinear/DFinsupp.olean: OK
.lake/packages/mathlib/.lake/build/ir/Mathlib/LinearAlgebra/Multilinear/Finsupp.c.o.export: OK
.lake/packages/mathlib/.lake/build/ir/Mathlib/LinearAlgebra/Multilinear/Finsupp.c: OK
.lake/packages/mathlib/.lake/build/lib/lean/Mathlib/LinearAlgebra/Multilinear/Finsupp.olean: OK
.lake/packages/mathlib/.lake/build/ir/Mathlib/LinearAlgebra/Pi.c.o.export: OK
.lake/packages/mathlib/.lake/build/ir/Mathlib/LinearAlgebra/Pi.c: OK
.lake/packages/mathlib/.lake/build/lib/lean/Mathlib/LinearAlgebra/Pi.olean: OK
.lake/packages/mathlib/.lake/build/ir/Mathlib/LinearAlgebra/Prod.c.o.export: OK
.lake/packages/mathlib/.lake/build/ir/Mathlib/LinearAlgebra/Prod.c: OK
.lake/packages/mathlib/.lake/build/lib/lean/Mathlib/LinearAlgebra/Prod.olean: OK
.lake/packages/mathlib/.lake/build/ir/Mathlib/LinearAlgebra/Projection.c.o.export: OK
.lake/packages/mathlib/.lake/build/ir/Mathlib/LinearAlgebra/Projection.c: OK
.lake/packages/mathlib/.lake/build/lib/lean/Mathlib/LinearAlgebra/Projection.olean: OK
.lake/packages/mathlib/.lake/build/ir/Mathlib/LinearAlgebra/Quotient/Basic.c.o.export: OK
.lake/packages/mathlib/.lake/build/ir/Mathlib/LinearAlgebra/Quotient/Basic.c: OK
.lake/packages/mathlib/.lake/build/lib/lean/Mathlib/LinearAlgebra/Quotient/Basic.olean: OK
.lake/packages/mathlib/.lake/build/ir/Mathlib/LinearAlgebra/Quotient/Card.c.o.export: OK
.lake/packages/mathlib/.lake/build/ir/Mathlib/LinearAlgebra/Quotient/Card.c: OK
.lake/packages/mathlib/.lake/build/lib/lean/Mathlib/LinearAlgebra/Quotient/Card.olean: OK
.lake/packages/mathlib/.lake/build/ir/Mathlib/LinearAlgebra/Quotient/Defs.c.o.export: OK
.lake/packages/mathlib/.lake/build/ir/Mathlib/LinearAlgebra/Quotient/Defs.c: OK
.lake/packages/mathlib/.lake/build/lib/lean/Mathlib/LinearAlgebra/Quotient/Defs.olean: OK
.lake/packages/mathlib/.lake/build/ir/Mathlib/LinearAlgebra/Ray.c.o.export: OK
.lake/packages/mathlib/.lake/build/ir/Mathlib/LinearAlgebra/Ray.c: OK
.lake/packages/mathlib/.lake/build/lib/lean/Mathlib/LinearAlgebra/Ray.olean: OK
.lake/packages/mathlib/.lake/build/ir/Mathlib/LinearAlgebra/SModEq/Basic.c.o.export: OK
.lake/packages/mathlib/.lake/build/ir/Mathlib/LinearAlgebra/SModEq/Basic.c: OK
.lake/packages/mathlib/.lake/build/lib/lean/Mathlib/LinearAlgebra/SModEq/Basic.olean: OK
.lake/packages/mathlib/.lake/build/ir/Mathlib/LinearAlgebra/SesquilinearForm/Basic.c.o.export: OK
.lake/packages/mathlib/.lake/build/ir/Mathlib/LinearAlgebra/SesquilinearForm/Basic.c: OK
.lake/packages/mathlib/.lake/build/lib/lean/Mathlib/LinearAlgebra/SesquilinearForm/Basic.olean: OK
.lake/packages/mathlib/.lake/build/ir/Mathlib/LinearAlgebra/Span/Basic.c.o.export: OK
.lake/packages/mathlib/.lake/build/ir/Mathlib/LinearAlgebra/Span/Basic.c: OK
.lake/packages/mathlib/.lake/build/lib/lean/Mathlib/LinearAlgebra/Span/Basic.olean: OK
.lake/packages/mathlib/.lake/build/ir/Mathlib/LinearAlgebra/Span/Defs.c.o.export: OK
.lake/packages/mathlib/.lake/build/ir/Mathlib/LinearAlgebra/Span/Defs.c: OK
.lake/packages/mathlib/.lake/build/lib/lean/Mathlib/LinearAlgebra/Span/Defs.olean: OK
.lake/packages/mathlib/.lake/build/ir/Mathlib/LinearAlgebra/StdBasis.c.o.export: OK
.lake/packages/mathlib/.lake/build/ir/Mathlib/LinearAlgebra/StdBasis.c: OK
.lake/packages/mathlib/.lake/build/lib/lean/Mathlib/LinearAlgebra/StdBasis.olean: OK
.lake/packages/mathlib/.lake/build/ir/Mathlib/LinearAlgebra/TensorProduct/Associator.c.o.export: OK
.lake/packages/mathlib/.lake/build/ir/Mathlib/LinearAlgebra/TensorProduct/Associator.c: OK
.lake/packages/mathlib/.lake/build/lib/lean/Mathlib/LinearAlgebra/TensorProduct/Associator.olean: OK
.lake/packages/mathlib/.lake/build/ir/Mathlib/LinearAlgebra/TensorProduct/Basic.c.o.export: OK
.lake/packages/mathlib/.lake/build/ir/Mathlib/LinearAlgebra/TensorProduct/Basic.c: OK
.lake/packages/mathlib/.lake/build/lib/lean/Mathlib/LinearAlgebra/TensorProduct/Basic.olean: OK
.lake/packages/mathlib/.lake/build/ir/Mathlib/LinearAlgebra/TensorProduct/Basis.c.o.export: OK
.lake/packages/mathlib/.lake/build/ir/Mathlib/LinearAlgebra/TensorProduct/Basis.c: OK
.lake/packages/mathlib/.lake/build/lib/lean/Mathlib/LinearAlgebra/TensorProduct/Basis.olean: OK
.lake/packages/mathlib/.lake/build/ir/Mathlib/LinearAlgebra/TensorProduct/Defs.c.o.export: OK
.lake/packages/mathlib/.lake/build/ir/Mathlib/LinearAlgebra/TensorProduct/Defs.c: OK
.lake/packages/mathlib/.lake/build/lib/lean/Mathlib/LinearAlgebra/TensorProduct/Defs.olean: OK
.lake/packages/mathlib/.lake/build/ir/Mathlib/LinearAlgebra/TensorProduct/Map.c.o.export: OK
.lake/packages/mathlib/.lake/build/ir/Mathlib/LinearAlgebra/TensorProduct/Map.c: OK
.lake/packages/mathlib/.lake/build/lib/lean/Mathlib/LinearAlgebra/TensorProduct/Map.olean: OK
.lake/packages/mathlib/.lake/build/ir/Mathlib/LinearAlgebra/TensorProduct/Quotient.c.o.export: OK
.lake/packages/mathlib/.lake/build/ir/Mathlib/LinearAlgebra/TensorProduct/Quotient.c: OK
.lake/packages/mathlib/.lake/build/lib/lean/Mathlib/LinearAlgebra/TensorProduct/Quotient.olean: OK
.lake/packages/mathlib/.lake/build/ir/Mathlib/LinearAlgebra/TensorProduct/RightExactness.c.o.export: OK
.lake/packages/mathlib/.lake/build/ir/Mathlib/LinearAlgebra/TensorProduct/RightExactness.c: OK
.lake/packages/mathlib/.lake/build/lib/lean/Mathlib/LinearAlgebra/TensorProduct/RightExactness.olean: OK
.lake/packages/mathlib/.lake/build/ir/Mathlib/LinearAlgebra/TensorProduct/Tower.c.o.export: OK
.lake/packages/mathlib/.lake/build/ir/Mathlib/LinearAlgebra/TensorProduct/Tower.c: OK
.lake/packages/mathlib/.lake/build/lib/lean/Mathlib/LinearAlgebra/TensorProduct/Tower.olean: OK
.lake/packages/mathlib/.lake/build/ir/Mathlib/LinearAlgebra/Trace.c.o.export: OK
.lake/packages/mathlib/.lake/build/ir/Mathlib/LinearAlgebra/Trace.c: OK
.lake/packages/mathlib/.lake/build/lib/lean/Mathlib/LinearAlgebra/Trace.olean: OK
.lake/packages/mathlib/.lake/build/ir/Mathlib/LinearAlgebra/Vandermonde.c.o.export: OK
.lake/packages/mathlib/.lake/build/ir/Mathlib/LinearAlgebra/Vandermonde.c: OK
.lake/packages/mathlib/.lake/build/lib/lean/Mathlib/LinearAlgebra/Vandermonde.olean: OK
.lake/packages/mathlib/.lake/build/ir/Mathlib/Logic/Basic.c.o.export: OK
.lake/packages/mathlib/.lake/build/ir/Mathlib/Logic/Basic.c: OK
.lake/packages/mathlib/.lake/build/lib/lean/Mathlib/Logic/Basic.olean: OK
.lake/packages/mathlib/.lake/build/ir/Mathlib/Logic/Denumerable.c.o.export: OK
.lake/packages/mathlib/.lake/build/ir/Mathlib/Logic/Denumerable.c: OK
.lake/packages/mathlib/.lake/build/lib/lean/Mathlib/Logic/Denumerable.olean: OK
.lake/packages/mathlib/.lake/build/ir/Mathlib/Logic/Embedding/Basic.c.o.export: OK
.lake/packages/mathlib/.lake/build/ir/Mathlib/Logic/Embedding/Basic.c: OK
.lake/packages/mathlib/.lake/build/lib/lean/Mathlib/Logic/Embedding/Basic.olean: OK
.lake/packages/mathlib/.lake/build/ir/Mathlib/Logic/Embedding/Set.c.o.export: OK
.lake/packages/mathlib/.lake/build/ir/Mathlib/Logic/Embedding/Set.c: OK
.lake/packages/mathlib/.lake/build/lib/lean/Mathlib/Logic/Embedding/Set.olean: OK
.lake/packages/mathlib/.lake/build/ir/Mathlib/Logic/Encodable/Basic.c.o.export: OK
.lake/packages/mathlib/.lake/build/ir/Mathlib/Logic/Encodable/Basic.c: OK
.lake/packages/mathlib/.lake/build/lib/lean/Mathlib/Logic/Encodable/Basic.olean: OK
.lake/packages/mathlib/.lake/build/ir/Mathlib/Logic/Encodable/Lattice.c.o.export: OK
.lake/packages/mathlib/.lake/build/ir/Mathlib/Logic/Encodable/Lattice.c: OK
.lake/packages/mathlib/.lake/build/lib/lean/Mathlib/Logic/Encodable/Lattice.olean: OK
.lake/packages/mathlib/.lake/build/ir/Mathlib/Logic/Encodable/Pi.c.o.export: OK
.lake/packages/mathlib/.lake/build/ir/Mathlib/Logic/Encodable/Pi.c: OK
.lake/packages/mathlib/.lake/build/lib/lean/Mathlib/Logic/Encodable/Pi.olean: OK
.lake/packages/mathlib/.lake/build/ir/Mathlib/Logic/Equiv/Basic.c.o.export: OK
.lake/packages/mathlib/.lake/build/ir/Mathlib/Logic/Equiv/Basic.c: OK
.lake/packages/mathlib/.lake/build/lib/lean/Mathlib/Logic/Equiv/Basic.olean: OK
.lake/packages/mathlib/.lake/build/ir/Mathlib/Logic/Equiv/Defs.c.o.export: OK
.lake/packages/mathlib/.lake/build/ir/Mathlib/Logic/Equiv/Defs.c: OK
.lake/packages/mathlib/.lake/build/lib/lean/Mathlib/Logic/Equiv/Defs.olean: OK
.lake/packages/mathlib/.lake/build/ir/Mathlib/Logic/Equiv/Fin/Basic.c.o.export: OK
.lake/packages/mathlib/.lake/build/ir/Mathlib/Logic/Equiv/Fin/Basic.c: OK
.lake/packages/mathlib/.lake/build/lib/lean/Mathlib/Logic/Equiv/Fin/Basic.olean: OK
.lake/packages/mathlib/.lake/build/ir/Mathlib/Logic/Equiv/Fin/Rotate.c.o.export: OK
.lake/packages/mathlib/.lake/build/ir/Mathlib/Logic/Equiv/Fin/Rotate.c: OK
.lake/packages/mathlib/.lake/build/lib/lean/Mathlib/Logic/Equiv/Fin/Rotate.olean: OK
.lake/packages/mathlib/.lake/build/ir/Mathlib/Logic/Equiv/Finset.c.o.export: OK
.lake/packages/mathlib/.lake/build/ir/Mathlib/Logic/Equiv/Finset.c: OK
.lake/packages/mathlib/.lake/build/lib/lean/Mathlib/Logic/Equiv/Finset.olean: OK
.lake/packages/mathlib/.lake/build/ir/Mathlib/Logic/Equiv/Fintype.c.o.export: OK
.lake/packages/mathlib/.lake/build/ir/Mathlib/Logic/Equiv/Fintype.c: OK
.lake/packages/mathlib/.lake/build/lib/lean/Mathlib/Logic/Equiv/Fintype.olean: OK
.lake/packages/mathlib/.lake/build/ir/Mathlib/Logic/Equiv/Functor.c.o.export: OK
.lake/packages/mathlib/.lake/build/ir/Mathlib/Logic/Equiv/Functor.c: OK
.lake/packages/mathlib/.lake/build/lib/lean/Mathlib/Logic/Equiv/Functor.olean: OK
.lake/packages/mathlib/.lake/build/ir/Mathlib/Logic/Equiv/List.c.o.export: OK
.lake/packages/mathlib/.lake/build/ir/Mathlib/Logic/Equiv/List.c: OK
.lake/packages/mathlib/.lake/build/lib/lean/Mathlib/Logic/Equiv/List.olean: OK
.lake/packages/mathlib/.lake/build/ir/Mathlib/Logic/Equiv/Multiset.c.o.export: OK
.lake/packages/mathlib/.lake/build/ir/Mathlib/Logic/Equiv/Multiset.c: OK
.lake/packages/mathlib/.lake/build/lib/lean/Mathlib/Logic/Equiv/Multiset.olean: OK
.lake/packages/mathlib/.lake/build/ir/Mathlib/Logic/Equiv/Nat.c.o.export: OK
.lake/packages/mathlib/.lake/build/ir/Mathlib/Logic/Equiv/Nat.c: OK
.lake/packages/mathlib/.lake/build/lib/lean/Mathlib/Logic/Equiv/Nat.olean: OK
.lake/packages/mathlib/.lake/build/ir/Mathlib/Logic/Equiv/Option.c.o.export: OK
.lake/packages/mathlib/.lake/build/ir/Mathlib/Logic/Equiv/Option.c: OK
.lake/packages/mathlib/.lake/build/lib/lean/Mathlib/Logic/Equiv/Option.olean: OK
.lake/packages/mathlib/.lake/build/ir/Mathlib/Logic/Equiv/PartialEquiv.c.o.export: OK
.lake/packages/mathlib/.lake/build/ir/Mathlib/Logic/Equiv/PartialEquiv.c: OK
.lake/packages/mathlib/.lake/build/lib/lean/Mathlib/Logic/Equiv/PartialEquiv.olean: OK
.lake/packages/mathlib/.lake/build/ir/Mathlib/Logic/Equiv/Prod.c.o.export: OK
.lake/packages/mathlib/.lake/build/ir/Mathlib/Logic/Equiv/Prod.c: OK
.lake/packages/mathlib/.lake/build/lib/lean/Mathlib/Logic/Equiv/Prod.olean: OK
.lake/packages/mathlib/.lake/build/ir/Mathlib/Logic/Equiv/Set.c.o.export: OK
.lake/packages/mathlib/.lake/build/ir/Mathlib/Logic/Equiv/Set.c: OK
.lake/packages/mathlib/.lake/build/lib/lean/Mathlib/Logic/Equiv/Set.olean: OK
.lake/packages/mathlib/.lake/build/ir/Mathlib/Logic/Equiv/Sum.c.o.export: OK
.lake/packages/mathlib/.lake/build/ir/Mathlib/Logic/Equiv/Sum.c: OK
.lake/packages/mathlib/.lake/build/lib/lean/Mathlib/Logic/Equiv/Sum.olean: OK
.lake/packages/mathlib/.lake/build/ir/Mathlib/Logic/ExistsUnique.c.o.export: OK
.lake/packages/mathlib/.lake/build/ir/Mathlib/Logic/ExistsUnique.c: OK
.lake/packages/mathlib/.lake/build/lib/lean/Mathlib/Logic/ExistsUnique.olean: OK
.lake/packages/mathlib/.lake/build/ir/Mathlib/Logic/Function/Basic.c.o.export: OK
.lake/packages/mathlib/.lake/build/ir/Mathlib/Logic/Function/Basic.c: OK
.lake/packages/mathlib/.lake/build/lib/lean/Mathlib/Logic/Function/Basic.olean: OK
.lake/packages/mathlib/.lake/build/ir/Mathlib/Logic/Function/CompTypeclasses.c.o.export: OK
.lake/packages/mathlib/.lake/build/ir/Mathlib/Logic/Function/CompTypeclasses.c: OK
.lake/packages/mathlib/.lake/build/lib/lean/Mathlib/Logic/Function/CompTypeclasses.olean: OK
.lake/packages/mathlib/.lake/build/ir/Mathlib/Logic/Function/Conjugate.c.o.export: OK
.lake/packages/mathlib/.lake/build/ir/Mathlib/Logic/Function/Conjugate.c: OK
.lake/packages/mathlib/.lake/build/lib/lean/Mathlib/Logic/Function/Conjugate.olean: OK
.lake/packages/mathlib/.lake/build/ir/Mathlib/Logic/Function/Defs.c.o.export: OK
.lake/packages/mathlib/.lake/build/ir/Mathlib/Logic/Function/Defs.c: OK
.lake/packages/mathlib/.lake/build/lib/lean/Mathlib/Logic/Function/Defs.olean: OK
.lake/packages/mathlib/.lake/build/ir/Mathlib/Logic/Function/DependsOn.c.o.export: OK
.lake/packages/mathlib/.lake/build/ir/Mathlib/Logic/Function/DependsOn.c: OK
.lake/packages/mathlib/.lake/build/lib/lean/Mathlib/Logic/Function/DependsOn.olean: OK
.lake/packages/mathlib/.lake/build/ir/Mathlib/Logic/Function/Iterate.c.o.export: OK
.lake/packages/mathlib/.lake/build/ir/Mathlib/Logic/Function/Iterate.c: OK
.lake/packages/mathlib/.lake/build/lib/lean/Mathlib/Logic/Function/Iterate.olean: OK
.lake/packages/mathlib/.lake/build/ir/Mathlib/Logic/Function/ULift.c.o.export: OK
.lake/packages/mathlib/.lake/build/ir/Mathlib/Logic/Function/ULift.c: OK
.lake/packages/mathlib/.lake/build/lib/lean/Mathlib/Logic/Function/ULift.olean: OK
.lake/packages/mathlib/.lake/build/ir/Mathlib/Logic/IsEmpty/Basic.c.o.export: OK
.lake/packages/mathlib/.lake/build/ir/Mathlib/Logic/IsEmpty/Basic.c: OK
.lake/packages/mathlib/.lake/build/lib/lean/Mathlib/Logic/IsEmpty/Basic.olean: OK
.lake/packages/mathlib/.lake/build/ir/Mathlib/Logic/IsEmpty/Defs.c.o.export: OK
.lake/packages/mathlib/.lake/build/ir/Mathlib/Logic/IsEmpty/Defs.c: OK
.lake/packages/mathlib/.lake/build/lib/lean/Mathlib/Logic/IsEmpty/Defs.olean: OK
.lake/packages/mathlib/.lake/build/ir/Mathlib/Logic/Lemmas.c.o.export: OK
.lake/packages/mathlib/.lake/build/ir/Mathlib/Logic/Lemmas.c: OK
.lake/packages/mathlib/.lake/build/lib/lean/Mathlib/Logic/Lemmas.olean: OK
.lake/packages/mathlib/.lake/build/ir/Mathlib/Logic/Nonempty.c.o.export: OK
.lake/packages/mathlib/.lake/build/ir/Mathlib/Logic/Nonempty.c: OK
.lake/packages/mathlib/.lake/build/lib/lean/Mathlib/Logic/Nonempty.olean: OK
.lake/packages/mathlib/.lake/build/ir/Mathlib/Logic/Nontrivial/Basic.c.o.export: OK
.lake/packages/mathlib/.lake/build/ir/Mathlib/Logic/Nontrivial/Basic.c: OK
.lake/packages/mathlib/.lake/build/lib/lean/Mathlib/Logic/Nontrivial/Basic.olean: OK
.lake/packages/mathlib/.lake/build/ir/Mathlib/Logic/Nontrivial/Defs.c.o.export: OK
.lake/packages/mathlib/.lake/build/ir/Mathlib/Logic/Nontrivial/Defs.c: OK
.lake/packages/mathlib/.lake/build/lib/lean/Mathlib/Logic/Nontrivial/Defs.olean: OK
.lake/packages/mathlib/.lake/build/ir/Mathlib/Logic/OpClass.c.o.export: OK
.lake/packages/mathlib/.lake/build/ir/Mathlib/Logic/OpClass.c: OK
.lake/packages/mathlib/.lake/build/lib/lean/Mathlib/Logic/OpClass.olean: OK
.lake/packages/mathlib/.lake/build/ir/Mathlib/Logic/Pairwise.c.o.export: OK
.lake/packages/mathlib/.lake/build/ir/Mathlib/Logic/Pairwise.c: OK
.lake/packages/mathlib/.lake/build/lib/lean/Mathlib/Logic/Pairwise.olean: OK
.lake/packages/mathlib/.lake/build/ir/Mathlib/Logic/Relation.c.o.export: OK
.lake/packages/mathlib/.lake/build/ir/Mathlib/Logic/Relation.c: OK
.lake/packages/mathlib/.lake/build/lib/lean/Mathlib/Logic/Relation.olean: OK
.lake/packages/mathlib/.lake/build/ir/Mathlib/Logic/Relator.c.o.export: OK
.lake/packages/mathlib/.lake/build/ir/Mathlib/Logic/Relator.c: OK
.lake/packages/mathlib/.lake/build/lib/lean/Mathlib/Logic/Relator.olean: OK
.lake/packages/mathlib/.lake/build/ir/Mathlib/Logic/Small/Basic.c.o.export: OK
.lake/packages/mathlib/.lake/build/ir/Mathlib/Logic/Small/Basic.c: OK
.lake/packages/mathlib/.lake/build/lib/lean/Mathlib/Logic/Small/Basic.olean: OK
.lake/packages/mathlib/.lake/build/ir/Mathlib/Logic/Small/Defs.c.o.export: OK
.lake/packages/mathlib/.lake/build/ir/Mathlib/Logic/Small/Defs.c: OK
.lake/packages/mathlib/.lake/build/lib/lean/Mathlib/Logic/Small/Defs.olean: OK
.lake/packages/mathlib/.lake/build/ir/Mathlib/Logic/Small/List.c.o.export: OK
.lake/packages/mathlib/.lake/build/ir/Mathlib/Logic/Small/List.c: OK
.lake/packages/mathlib/.lake/build/lib/lean/Mathlib/Logic/Small/List.olean: OK
.lake/packages/mathlib/.lake/build/ir/Mathlib/Logic/Small/Set.c.o.export: OK
.lake/packages/mathlib/.lake/build/ir/Mathlib/Logic/Small/Set.c: OK
.lake/packages/mathlib/.lake/build/lib/lean/Mathlib/Logic/Small/Set.olean: OK
.lake/packages/mathlib/.lake/build/ir/Mathlib/Logic/Unique.c.o.export: OK
.lake/packages/mathlib/.lake/build/ir/Mathlib/Logic/Unique.c: OK
.lake/packages/mathlib/.lake/build/lib/lean/Mathlib/Logic/Unique.olean: OK
.lake/packages/mathlib/.lake/build/ir/Mathlib/Logic/UnivLE.c.o.export: OK
.lake/packages/mathlib/.lake/build/ir/Mathlib/Logic/UnivLE.c: OK
.lake/packages/mathlib/.lake/build/lib/lean/Mathlib/Logic/UnivLE.olean: OK
.lake/packages/mathlib/.lake/build/ir/Mathlib/NumberTheory/ArithmeticFunction/Defs.c.o.export: OK
.lake/packages/mathlib/.lake/build/ir/Mathlib/NumberTheory/ArithmeticFunction/Defs.c: OK
.lake/packages/mathlib/.lake/build/lib/lean/Mathlib/NumberTheory/ArithmeticFunction/Defs.olean: OK
.lake/packages/mathlib/.lake/build/ir/Mathlib/NumberTheory/ArithmeticFunction/Misc.c.o.export: OK
.lake/packages/mathlib/.lake/build/ir/Mathlib/NumberTheory/ArithmeticFunction/Misc.c: OK
.lake/packages/mathlib/.lake/build/lib/lean/Mathlib/NumberTheory/ArithmeticFunction/Misc.olean: OK
.lake/packages/mathlib/.lake/build/ir/Mathlib/NumberTheory/ArithmeticFunction/Moebius.c.o.export: OK
.lake/packages/mathlib/.lake/build/ir/Mathlib/NumberTheory/ArithmeticFunction/Moebius.c: OK
.lake/packages/mathlib/.lake/build/lib/lean/Mathlib/NumberTheory/ArithmeticFunction/Moebius.olean: OK
.lake/packages/mathlib/.lake/build/ir/Mathlib/NumberTheory/ArithmeticFunction/Zeta.c.o.export: OK
.lake/packages/mathlib/.lake/build/ir/Mathlib/NumberTheory/ArithmeticFunction/Zeta.c: OK
.lake/packages/mathlib/.lake/build/lib/lean/Mathlib/NumberTheory/ArithmeticFunction/Zeta.olean: OK
.lake/packages/mathlib/.lake/build/ir/Mathlib/NumberTheory/Cyclotomic/Basic.c.o.export: OK
.lake/packages/mathlib/.lake/build/ir/Mathlib/NumberTheory/Cyclotomic/Basic.c: OK
.lake/packages/mathlib/.lake/build/lib/lean/Mathlib/NumberTheory/Cyclotomic/Basic.olean: OK
.lake/packages/mathlib/.lake/build/ir/Mathlib/NumberTheory/Cyclotomic/PrimitiveRoots.c.o.export: OK
.lake/packages/mathlib/.lake/build/ir/Mathlib/NumberTheory/Cyclotomic/PrimitiveRoots.c: OK
.lake/packages/mathlib/.lake/build/lib/lean/Mathlib/NumberTheory/Cyclotomic/PrimitiveRoots.olean: OK
.lake/packages/mathlib/.lake/build/ir/Mathlib/NumberTheory/Divisors.c.o.export: OK
.lake/packages/mathlib/.lake/build/ir/Mathlib/NumberTheory/Divisors.c: OK
.lake/packages/mathlib/.lake/build/lib/lean/Mathlib/NumberTheory/Divisors.olean: OK
.lake/packages/mathlib/.lake/build/ir/Mathlib/NumberTheory/GaussSum.c.o.export: OK
.lake/packages/mathlib/.lake/build/ir/Mathlib/NumberTheory/GaussSum.c: OK
.lake/packages/mathlib/.lake/build/lib/lean/Mathlib/NumberTheory/GaussSum.olean: OK
.lake/packages/mathlib/.lake/build/ir/Mathlib/NumberTheory/LegendreSymbol/AddCharacter.c.o.export: OK
.lake/packages/mathlib/.lake/build/ir/Mathlib/NumberTheory/LegendreSymbol/AddCharacter.c: OK
.lake/packages/mathlib/.lake/build/lib/lean/Mathlib/NumberTheory/LegendreSymbol/AddCharacter.olean: OK
.lake/packages/mathlib/.lake/build/ir/Mathlib/NumberTheory/LegendreSymbol/Basic.c.o.export: OK
.lake/packages/mathlib/.lake/build/ir/Mathlib/NumberTheory/LegendreSymbol/Basic.c: OK
.lake/packages/mathlib/.lake/build/lib/lean/Mathlib/NumberTheory/LegendreSymbol/Basic.olean: OK
.lake/packages/mathlib/.lake/build/ir/Mathlib/NumberTheory/LegendreSymbol/JacobiSymbol.c.o.export: OK
.lake/packages/mathlib/.lake/build/ir/Mathlib/NumberTheory/LegendreSymbol/JacobiSymbol.c: OK
.lake/packages/mathlib/.lake/build/lib/lean/Mathlib/NumberTheory/LegendreSymbol/JacobiSymbol.olean: OK
.lake/packages/mathlib/.lake/build/ir/Mathlib/NumberTheory/LegendreSymbol/QuadraticChar/Basic.c.o.export: OK
.lake/packages/mathlib/.lake/build/ir/Mathlib/NumberTheory/LegendreSymbol/QuadraticChar/Basic.c: OK
.lake/packages/mathlib/.lake/build/lib/lean/Mathlib/NumberTheory/LegendreSymbol/QuadraticChar/Basic.olean: OK
.lake/packages/mathlib/.lake/build/ir/Mathlib/NumberTheory/LegendreSymbol/QuadraticChar/GaussSum.c.o.export: OK
.lake/packages/mathlib/.lake/build/ir/Mathlib/NumberTheory/LegendreSymbol/QuadraticChar/GaussSum.c: OK
.lake/packages/mathlib/.lake/build/lib/lean/Mathlib/NumberTheory/LegendreSymbol/QuadraticChar/GaussSum.olean: OK
.lake/packages/mathlib/.lake/build/ir/Mathlib/NumberTheory/LegendreSymbol/QuadraticReciprocity.c.o.export: OK
.lake/packages/mathlib/.lake/build/ir/Mathlib/NumberTheory/LegendreSymbol/QuadraticReciprocity.c: OK
.lake/packages/mathlib/.lake/build/lib/lean/Mathlib/NumberTheory/LegendreSymbol/QuadraticReciprocity.olean: OK
.lake/packages/mathlib/.lake/build/ir/Mathlib/NumberTheory/LegendreSymbol/ZModChar.c.o.export: OK
.lake/packages/mathlib/.lake/build/ir/Mathlib/NumberTheory/LegendreSymbol/ZModChar.c: OK
.lake/packages/mathlib/.lake/build/lib/lean/Mathlib/NumberTheory/LegendreSymbol/ZModChar.olean: OK
.lake/packages/mathlib/.lake/build/ir/Mathlib/NumberTheory/MulChar/Basic.c.o.export: OK
.lake/packages/mathlib/.lake/build/ir/Mathlib/NumberTheory/MulChar/Basic.c: OK
.lake/packages/mathlib/.lake/build/lib/lean/Mathlib/NumberTheory/MulChar/Basic.olean: OK
.lake/packages/mathlib/.lake/build/ir/Mathlib/NumberTheory/MulChar/Lemmas.c.o.export: OK
.lake/packages/mathlib/.lake/build/ir/Mathlib/NumberTheory/MulChar/Lemmas.c: OK
.lake/packages/mathlib/.lake/build/lib/lean/Mathlib/NumberTheory/MulChar/Lemmas.olean: OK
.lake/packages/mathlib/.lake/build/ir/Mathlib/NumberTheory/NumberField/Basic.c.o.export: OK
.lake/packages/mathlib/.lake/build/ir/Mathlib/NumberTheory/NumberField/Basic.c: OK
.lake/packages/mathlib/.lake/build/lib/lean/Mathlib/NumberTheory/NumberField/Basic.olean: OK
.lake/packages/mathlib/.lake/build/ir/Mathlib/NumberTheory/Padics/PadicVal/Basic.c.o.export: OK
.lake/packages/mathlib/.lake/build/ir/Mathlib/NumberTheory/Padics/PadicVal/Basic.c: OK
.lake/packages/mathlib/.lake/build/lib/lean/Mathlib/NumberTheory/Padics/PadicVal/Basic.olean: OK
.lake/packages/mathlib/.lake/build/ir/Mathlib/NumberTheory/Padics/PadicVal/Defs.c.o.export: OK
.lake/packages/mathlib/.lake/build/ir/Mathlib/NumberTheory/Padics/PadicVal/Defs.c: OK
.lake/packages/mathlib/.lake/build/lib/lean/Mathlib/NumberTheory/Padics/PadicVal/Defs.olean: OK
.lake/packages/mathlib/.lake/build/ir/Mathlib/NumberTheory/Real/Irrational.c.o.export: OK
.lake/packages/mathlib/.lake/build/ir/Mathlib/NumberTheory/Real/Irrational.c: OK
.lake/packages/mathlib/.lake/build/lib/lean/Mathlib/NumberTheory/Real/Irrational.olean: OK
.lake/packages/mathlib/.lake/build/ir/Mathlib/Order/Antichain.c.o.export: OK
.lake/packages/mathlib/.lake/build/ir/Mathlib/Order/Antichain.c: OK
.lake/packages/mathlib/.lake/build/lib/lean/Mathlib/Order/Antichain.olean: OK
.lake/packages/mathlib/.lake/build/ir/Mathlib/Order/Antisymmetrization.c.o.export: OK
.lake/packages/mathlib/.lake/build/ir/Mathlib/Order/Antisymmetrization.c: OK
.lake/packages/mathlib/.lake/build/lib/lean/Mathlib/Order/Antisymmetrization.olean: OK
.lake/packages/mathlib/.lake/build/ir/Mathlib/Order/Atoms.c.o.export: OK
.lake/packages/mathlib/.lake/build/ir/Mathlib/Order/Atoms.c: OK
.lake/packages/mathlib/.lake/build/lib/lean/Mathlib/Order/Atoms.olean: OK
.lake/packages/mathlib/.lake/build/ir/Mathlib/Order/Atoms/Finite.c.o.export: OK
.lake/packages/mathlib/.lake/build/ir/Mathlib/Order/Atoms/Finite.c: OK
.lake/packages/mathlib/.lake/build/lib/lean/Mathlib/Order/Atoms/Finite.olean: OK
.lake/packages/mathlib/.lake/build/ir/Mathlib/Order/Basic.c.o.export: OK
.lake/packages/mathlib/.lake/build/ir/Mathlib/Order/Basic.c: OK
.lake/packages/mathlib/.lake/build/lib/lean/Mathlib/Order/Basic.olean: OK
.lake/packages/mathlib/.lake/build/ir/Mathlib/Order/BooleanAlgebra/Basic.c.o.export: OK
.lake/packages/mathlib/.lake/build/ir/Mathlib/Order/BooleanAlgebra/Basic.c: OK
.lake/packages/mathlib/.lake/build/lib/lean/Mathlib/Order/BooleanAlgebra/Basic.olean: OK
.lake/packages/mathlib/.lake/build/ir/Mathlib/Order/BooleanAlgebra/Defs.c.o.export: OK
.lake/packages/mathlib/.lake/build/ir/Mathlib/Order/BooleanAlgebra/Defs.c: OK
.lake/packages/mathlib/.lake/build/lib/lean/Mathlib/Order/BooleanAlgebra/Defs.olean: OK
.lake/packages/mathlib/.lake/build/ir/Mathlib/Order/BooleanAlgebra/Set.c.o.export: OK
.lake/packages/mathlib/.lake/build/ir/Mathlib/Order/BooleanAlgebra/Set.c: OK
.lake/packages/mathlib/.lake/build/lib/lean/Mathlib/Order/BooleanAlgebra/Set.olean: OK
.lake/packages/mathlib/.lake/build/ir/Mathlib/Order/BooleanSubalgebra.c.o.export: OK
.lake/packages/mathlib/.lake/build/ir/Mathlib/Order/BooleanSubalgebra.c: OK
.lake/packages/mathlib/.lake/build/lib/lean/Mathlib/Order/BooleanSubalgebra.olean: OK
.lake/packages/mathlib/.lake/build/ir/Mathlib/Order/BoundedOrder/Basic.c.o.export: OK
.lake/packages/mathlib/.lake/build/ir/Mathlib/Order/BoundedOrder/Basic.c: OK
.lake/packages/mathlib/.lake/build/lib/lean/Mathlib/Order/BoundedOrder/Basic.olean: OK
.lake/packages/mathlib/.lake/build/ir/Mathlib/Order/BoundedOrder/Lattice.c.o.export: OK
.lake/packages/mathlib/.lake/build/ir/Mathlib/Order/BoundedOrder/Lattice.c: OK
.lake/packages/mathlib/.lake/build/lib/lean/Mathlib/Order/BoundedOrder/Lattice.olean: OK
.lake/packages/mathlib/.lake/build/ir/Mathlib/Order/BoundedOrder/Monotone.c.o.export: OK
.lake/packages/mathlib/.lake/build/ir/Mathlib/Order/BoundedOrder/Monotone.c: OK
.lake/packages/mathlib/.lake/build/lib/lean/Mathlib/Order/BoundedOrder/Monotone.olean: OK
.lake/packages/mathlib/.lake/build/ir/Mathlib/Order/Bounds/Basic.c.o.export: OK
.lake/packages/mathlib/.lake/build/ir/Mathlib/Order/Bounds/Basic.c: OK
.lake/packages/mathlib/.lake/build/lib/lean/Mathlib/Order/Bounds/Basic.olean: OK
.lake/packages/mathlib/.lake/build/ir/Mathlib/Order/Bounds/Defs.c.o.export: OK
.lake/packages/mathlib/.lake/build/ir/Mathlib/Order/Bounds/Defs.c: OK
.lake/packages/mathlib/.lake/build/lib/lean/Mathlib/Order/Bounds/Defs.olean: OK
.lake/packages/mathlib/.lake/build/ir/Mathlib/Order/Bounds/Image.c.o.export: OK
.lake/packages/mathlib/.lake/build/ir/Mathlib/Order/Bounds/Image.c: OK
.lake/packages/mathlib/.lake/build/lib/lean/Mathlib/Order/Bounds/Image.olean: OK
.lake/packages/mathlib/.lake/build/ir/Mathlib/Order/Bounds/OrderIso.c.o.export: OK
.lake/packages/mathlib/.lake/build/ir/Mathlib/Order/Bounds/OrderIso.c: OK
.lake/packages/mathlib/.lake/build/lib/lean/Mathlib/Order/Bounds/OrderIso.olean: OK
.lake/packages/mathlib/.lake/build/ir/Mathlib/Order/BourbakiWitt.c.o.export: OK
.lake/packages/mathlib/.lake/build/ir/Mathlib/Order/BourbakiWitt.c: OK
.lake/packages/mathlib/.lake/build/lib/lean/Mathlib/Order/BourbakiWitt.olean: OK
.lake/packages/mathlib/.lake/build/ir/Mathlib/Order/Circular.c.o.export: OK
.lake/packages/mathlib/.lake/build/ir/Mathlib/Order/Circular.c: OK
.lake/packages/mathlib/.lake/build/lib/lean/Mathlib/Order/Circular.olean: OK
.lake/packages/mathlib/.lake/build/ir/Mathlib/Order/Closure.c.o.export: OK
.lake/packages/mathlib/.lake/build/ir/Mathlib/Order/Closure.c: OK
.lake/packages/mathlib/.lake/build/lib/lean/Mathlib/Order/Closure.olean: OK
.lake/packages/mathlib/.lake/build/ir/Mathlib/Order/Cofinal.c.o.export: OK
.lake/packages/mathlib/.lake/build/ir/Mathlib/Order/Cofinal.c: OK
.lake/packages/mathlib/.lake/build/lib/lean/Mathlib/Order/Cofinal.olean: OK
.lake/packages/mathlib/.lake/build/ir/Mathlib/Order/CompactlyGenerated/Basic.c.o.export: OK
.lake/packages/mathlib/.lake/build/ir/Mathlib/Order/CompactlyGenerated/Basic.c: OK
.lake/packages/mathlib/.lake/build/lib/lean/Mathlib/Order/CompactlyGenerated/Basic.olean: OK
.lake/packages/mathlib/.lake/build/ir/Mathlib/Order/CompactlyGenerated/Intervals.c.o.export: OK
.lake/packages/mathlib/.lake/build/ir/Mathlib/Order/CompactlyGenerated/Intervals.c: OK
.lake/packages/mathlib/.lake/build/lib/lean/Mathlib/Order/CompactlyGenerated/Intervals.olean: OK
.lake/packages/mathlib/.lake/build/ir/Mathlib/Order/Compare.c.o.export: OK
.lake/packages/mathlib/.lake/build/ir/Mathlib/Order/Compare.c: OK
.lake/packages/mathlib/.lake/build/lib/lean/Mathlib/Order/Compare.olean: OK
.lake/packages/mathlib/.lake/build/ir/Mathlib/Order/CompleteBooleanAlgebra.c.o.export: OK
.lake/packages/mathlib/.lake/build/ir/Mathlib/Order/CompleteBooleanAlgebra.c: OK
.lake/packages/mathlib/.lake/build/lib/lean/Mathlib/Order/CompleteBooleanAlgebra.olean: OK
.lake/packages/mathlib/.lake/build/ir/Mathlib/Order/CompleteLattice/Basic.c.o.export: OK
.lake/packages/mathlib/.lake/build/ir/Mathlib/Order/CompleteLattice/Basic.c: OK
.lake/packages/mathlib/.lake/build/lib/lean/Mathlib/Order/CompleteLattice/Basic.olean: OK
.lake/packages/mathlib/.lake/build/ir/Mathlib/Order/CompleteLattice/Chain.c.o.export: OK
.lake/packages/mathlib/.lake/build/ir/Mathlib/Order/CompleteLattice/Chain.c: OK
.lake/packages/mathlib/.lake/build/lib/lean/Mathlib/Order/CompleteLattice/Chain.olean: OK
.lake/packages/mathlib/.lake/build/ir/Mathlib/Order/CompleteLattice/Defs.c.o.export: OK
.lake/packages/mathlib/.lake/build/ir/Mathlib/Order/CompleteLattice/Defs.c: OK
.lake/packages/mathlib/.lake/build/lib/lean/Mathlib/Order/CompleteLattice/Defs.olean: OK
.lake/packages/mathlib/.lake/build/ir/Mathlib/Order/CompleteLattice/Finset.c.o.export: OK
.lake/packages/mathlib/.lake/build/ir/Mathlib/Order/CompleteLattice/Finset.c: OK
.lake/packages/mathlib/.lake/build/lib/lean/Mathlib/Order/CompleteLattice/Finset.olean: OK
.lake/packages/mathlib/.lake/build/ir/Mathlib/Order/CompleteLattice/Group.c.o.export: OK
.lake/packages/mathlib/.lake/build/ir/Mathlib/Order/CompleteLattice/Group.c: OK
.lake/packages/mathlib/.lake/build/lib/lean/Mathlib/Order/CompleteLattice/Group.olean: OK
.lake/packages/mathlib/.lake/build/ir/Mathlib/Order/CompleteLattice/Lemmas.c.o.export: OK
.lake/packages/mathlib/.lake/build/ir/Mathlib/Order/CompleteLattice/Lemmas.c: OK
.lake/packages/mathlib/.lake/build/lib/lean/Mathlib/Order/CompleteLattice/Lemmas.olean: OK
.lake/packages/mathlib/.lake/build/ir/Mathlib/Order/CompleteLatticeIntervals.c.o.export: OK
.lake/packages/mathlib/.lake/build/ir/Mathlib/Order/CompleteLatticeIntervals.c: OK
.lake/packages/mathlib/.lake/build/lib/lean/Mathlib/Order/CompleteLatticeIntervals.olean: OK
.lake/packages/mathlib/.lake/build/ir/Mathlib/Order/ConditionallyCompleteLattice/Basic.c.o.export: OK
.lake/packages/mathlib/.lake/build/ir/Mathlib/Order/ConditionallyCompleteLattice/Basic.c: OK
.lake/packages/mathlib/.lake/build/lib/lean/Mathlib/Order/ConditionallyCompleteLattice/Basic.olean: OK
.lake/packages/mathlib/.lake/build/ir/Mathlib/Order/ConditionallyCompleteLattice/Defs.c.o.export: OK
.lake/packages/mathlib/.lake/build/ir/Mathlib/Order/ConditionallyCompleteLattice/Defs.c: OK
.lake/packages/mathlib/.lake/build/lib/lean/Mathlib/Order/ConditionallyCompleteLattice/Defs.olean: OK
.lake/packages/mathlib/.lake/build/ir/Mathlib/Order/ConditionallyCompleteLattice/Finset.c.o.export: OK
.lake/packages/mathlib/.lake/build/ir/Mathlib/Order/ConditionallyCompleteLattice/Finset.c: OK
.lake/packages/mathlib/.lake/build/lib/lean/Mathlib/Order/ConditionallyCompleteLattice/Finset.olean: OK
.lake/packages/mathlib/.lake/build/ir/Mathlib/Order/ConditionallyCompleteLattice/Group.c.o.export: OK
.lake/packages/mathlib/.lake/build/ir/Mathlib/Order/ConditionallyCompleteLattice/Group.c: OK
.lake/packages/mathlib/.lake/build/lib/lean/Mathlib/Order/ConditionallyCompleteLattice/Group.olean: OK
.lake/packages/mathlib/.lake/build/ir/Mathlib/Order/ConditionallyCompleteLattice/Indexed.c.o.export: OK
.lake/packages/mathlib/.lake/build/ir/Mathlib/Order/ConditionallyCompleteLattice/Indexed.c: OK
.lake/packages/mathlib/.lake/build/lib/lean/Mathlib/Order/ConditionallyCompleteLattice/Indexed.olean: OK
.lake/packages/mathlib/.lake/build/ir/Mathlib/Order/ConditionallyCompletePartialOrder/Basic.c.o.export: OK
.lake/packages/mathlib/.lake/build/ir/Mathlib/Order/ConditionallyCompletePartialOrder/Basic.c: OK
.lake/packages/mathlib/.lake/build/lib/lean/Mathlib/Order/ConditionallyCompletePartialOrder/Basic.olean: OK
.lake/packages/mathlib/.lake/build/ir/Mathlib/Order/ConditionallyCompletePartialOrder/Defs.c.o.export: OK
.lake/packages/mathlib/.lake/build/ir/Mathlib/Order/ConditionallyCompletePartialOrder/Defs.c: OK
.lake/packages/mathlib/.lake/build/lib/lean/Mathlib/Order/ConditionallyCompletePartialOrder/Defs.olean: OK
.lake/packages/mathlib/.lake/build/ir/Mathlib/Order/ConditionallyCompletePartialOrder/Indexed.c.o.export: OK
.lake/packages/mathlib/.lake/build/ir/Mathlib/Order/ConditionallyCompletePartialOrder/Indexed.c: OK
.lake/packages/mathlib/.lake/build/lib/lean/Mathlib/Order/ConditionallyCompletePartialOrder/Indexed.olean: OK
.lake/packages/mathlib/.lake/build/ir/Mathlib/Order/Copy.c.o.export: OK
.lake/packages/mathlib/.lake/build/ir/Mathlib/Order/Copy.c: OK
.lake/packages/mathlib/.lake/build/lib/lean/Mathlib/Order/Copy.olean: OK
.lake/packages/mathlib/.lake/build/ir/Mathlib/Order/Cover.c.o.export: OK
.lake/packages/mathlib/.lake/build/ir/Mathlib/Order/Cover.c: OK
.lake/packages/mathlib/.lake/build/lib/lean/Mathlib/Order/Cover.olean: OK
.lake/packages/mathlib/.lake/build/ir/Mathlib/Order/Defs/LinearOrder.c.o.export: OK
.lake/packages/mathlib/.lake/build/ir/Mathlib/Order/Defs/LinearOrder.c: OK
.lake/packages/mathlib/.lake/build/lib/lean/Mathlib/Order/Defs/LinearOrder.olean: OK
.lake/packages/mathlib/.lake/build/ir/Mathlib/Order/Defs/PartialOrder.c.o.export: OK
.lake/packages/mathlib/.lake/build/ir/Mathlib/Order/Defs/PartialOrder.c: OK
.lake/packages/mathlib/.lake/build/lib/lean/Mathlib/Order/Defs/PartialOrder.olean: OK
.lake/packages/mathlib/.lake/build/ir/Mathlib/Order/Defs/Unbundled.c.o.export: OK
.lake/packages/mathlib/.lake/build/ir/Mathlib/Order/Defs/Unbundled.c: OK
.lake/packages/mathlib/.lake/build/lib/lean/Mathlib/Order/Defs/Unbundled.olean: OK
.lake/packages/mathlib/.lake/build/ir/Mathlib/Order/DirSupClosed.c.o.export: OK
.lake/packages/mathlib/.lake/build/ir/Mathlib/Order/DirSupClosed.c: OK
.lake/packages/mathlib/.lake/build/lib/lean/Mathlib/Order/DirSupClosed.olean: OK
.lake/packages/mathlib/.lake/build/ir/Mathlib/Order/Directed.c.o.export: OK
.lake/packages/mathlib/.lake/build/ir/Mathlib/Order/Directed.c: OK
.lake/packages/mathlib/.lake/build/lib/lean/Mathlib/Order/Directed.olean: OK
.lake/packages/mathlib/.lake/build/ir/Mathlib/Order/Disjoint.c.o.export: OK
.lake/packages/mathlib/.lake/build/ir/Mathlib/Order/Disjoint.c: OK
.lake/packages/mathlib/.lake/build/lib/lean/Mathlib/Order/Disjoint.olean: OK
.lake/packages/mathlib/.lake/build/ir/Mathlib/Order/Disjointed.c.o.export: OK
.lake/packages/mathlib/.lake/build/ir/Mathlib/Order/Disjointed.c: OK
.lake/packages/mathlib/.lake/build/lib/lean/Mathlib/Order/Disjointed.olean: OK
.lake/packages/mathlib/.lake/build/ir/Mathlib/Order/Filter/AtTopBot/Archimedean.c.o.export: OK
.lake/packages/mathlib/.lake/build/ir/Mathlib/Order/Filter/AtTopBot/Archimedean.c: OK
.lake/packages/mathlib/.lake/build/lib/lean/Mathlib/Order/Filter/AtTopBot/Archimedean.olean: OK
.lake/packages/mathlib/.lake/build/ir/Mathlib/Order/Filter/AtTopBot/Basic.c.o.export: OK
.lake/packages/mathlib/.lake/build/ir/Mathlib/Order/Filter/AtTopBot/Basic.c: OK
.lake/packages/mathlib/.lake/build/lib/lean/Mathlib/Order/Filter/AtTopBot/Basic.olean: OK
.lake/packages/mathlib/.lake/build/ir/Mathlib/Order/Filter/AtTopBot/BigOperators.c.o.export: OK
.lake/packages/mathlib/.lake/build/ir/Mathlib/Order/Filter/AtTopBot/BigOperators.c: OK
.lake/packages/mathlib/.lake/build/lib/lean/Mathlib/Order/Filter/AtTopBot/BigOperators.olean: OK
.lake/packages/mathlib/.lake/build/ir/Mathlib/Order/Filter/AtTopBot/CompleteLattice.c.o.export: OK
.lake/packages/mathlib/.lake/build/ir/Mathlib/Order/Filter/AtTopBot/CompleteLattice.c: OK
.lake/packages/mathlib/.lake/build/lib/lean/Mathlib/Order/Filter/AtTopBot/CompleteLattice.olean: OK
.lake/packages/mathlib/.lake/build/ir/Mathlib/Order/Filter/AtTopBot/CountablyGenerated.c.o.export: OK
.lake/packages/mathlib/.lake/build/ir/Mathlib/Order/Filter/AtTopBot/CountablyGenerated.c: OK
.lake/packages/mathlib/.lake/build/lib/lean/Mathlib/Order/Filter/AtTopBot/CountablyGenerated.olean: OK
.lake/packages/mathlib/.lake/build/ir/Mathlib/Order/Filter/AtTopBot/Defs.c.o.export: OK
.lake/packages/mathlib/.lake/build/ir/Mathlib/Order/Filter/AtTopBot/Defs.c: OK
.lake/packages/mathlib/.lake/build/lib/lean/Mathlib/Order/Filter/AtTopBot/Defs.olean: OK
.lake/packages/mathlib/.lake/build/ir/Mathlib/Order/Filter/AtTopBot/Disjoint.c.o.export: OK
.lake/packages/mathlib/.lake/build/ir/Mathlib/Order/Filter/AtTopBot/Disjoint.c: OK
.lake/packages/mathlib/.lake/build/lib/lean/Mathlib/Order/Filter/AtTopBot/Disjoint.olean: OK
.lake/packages/mathlib/.lake/build/ir/Mathlib/Order/Filter/AtTopBot/Field.c.o.export: OK
.lake/packages/mathlib/.lake/build/ir/Mathlib/Order/Filter/AtTopBot/Field.c: OK
.lake/packages/mathlib/.lake/build/lib/lean/Mathlib/Order/Filter/AtTopBot/Field.olean: OK
.lake/packages/mathlib/.lake/build/ir/Mathlib/Order/Filter/AtTopBot/Finite.c.o.export: OK
.lake/packages/mathlib/.lake/build/ir/Mathlib/Order/Filter/AtTopBot/Finite.c: OK
.lake/packages/mathlib/.lake/build/lib/lean/Mathlib/Order/Filter/AtTopBot/Finite.olean: OK
.lake/packages/mathlib/.lake/build/ir/Mathlib/Order/Filter/AtTopBot/Finset.c.o.export: OK
.lake/packages/mathlib/.lake/build/ir/Mathlib/Order/Filter/AtTopBot/Finset.c: OK
.lake/packages/mathlib/.lake/build/lib/lean/Mathlib/Order/Filter/AtTopBot/Finset.olean: OK
.lake/packages/mathlib/.lake/build/ir/Mathlib/Order/Filter/AtTopBot/Group.c.o.export: OK
.lake/packages/mathlib/.lake/build/ir/Mathlib/Order/Filter/AtTopBot/Group.c: OK
.lake/packages/mathlib/.lake/build/lib/lean/Mathlib/Order/Filter/AtTopBot/Group.olean: OK
.lake/packages/mathlib/.lake/build/ir/Mathlib/Order/Filter/AtTopBot/Map.c.o.export: OK
.lake/packages/mathlib/.lake/build/ir/Mathlib/Order/Filter/AtTopBot/Map.c: OK
.lake/packages/mathlib/.lake/build/lib/lean/Mathlib/Order/Filter/AtTopBot/Map.olean: OK
.lake/packages/mathlib/.lake/build/ir/Mathlib/Order/Filter/AtTopBot/ModEq.c.o.export: OK
.lake/packages/mathlib/.lake/build/ir/Mathlib/Order/Filter/AtTopBot/ModEq.c: OK
.lake/packages/mathlib/.lake/build/lib/lean/Mathlib/Order/Filter/AtTopBot/ModEq.olean: OK
.lake/packages/mathlib/.lake/build/ir/Mathlib/Order/Filter/AtTopBot/Monoid.c.o.export: OK
.lake/packages/mathlib/.lake/build/ir/Mathlib/Order/Filter/AtTopBot/Monoid.c: OK
.lake/packages/mathlib/.lake/build/lib/lean/Mathlib/Order/Filter/AtTopBot/Monoid.olean: OK
.lake/packages/mathlib/.lake/build/ir/Mathlib/Order/Filter/AtTopBot/Prod.c.o.export: OK
.lake/packages/mathlib/.lake/build/ir/Mathlib/Order/Filter/AtTopBot/Prod.c: OK
.lake/packages/mathlib/.lake/build/lib/lean/Mathlib/Order/Filter/AtTopBot/Prod.olean: OK
.lake/packages/mathlib/.lake/build/ir/Mathlib/Order/Filter/AtTopBot/Ring.c.o.export: OK
.lake/packages/mathlib/.lake/build/ir/Mathlib/Order/Filter/AtTopBot/Ring.c: OK
.lake/packages/mathlib/.lake/build/lib/lean/Mathlib/Order/Filter/AtTopBot/Ring.olean: OK
.lake/packages/mathlib/.lake/build/ir/Mathlib/Order/Filter/AtTopBot/Tendsto.c.o.export: OK
.lake/packages/mathlib/.lake/build/ir/Mathlib/Order/Filter/AtTopBot/Tendsto.c: OK
.lake/packages/mathlib/.lake/build/lib/lean/Mathlib/Order/Filter/AtTopBot/Tendsto.olean: OK
.lake/packages/mathlib/.lake/build/ir/Mathlib/Order/Filter/Bases/Basic.c.o.export: OK
.lake/packages/mathlib/.lake/build/ir/Mathlib/Order/Filter/Bases/Basic.c: OK
.lake/packages/mathlib/.lake/build/lib/lean/Mathlib/Order/Filter/Bases/Basic.olean: OK
.lake/packages/mathlib/.lake/build/ir/Mathlib/Order/Filter/Bases/Finite.c.o.export: OK
.lake/packages/mathlib/.lake/build/ir/Mathlib/Order/Filter/Bases/Finite.c: OK
.lake/packages/mathlib/.lake/build/lib/lean/Mathlib/Order/Filter/Bases/Finite.olean: OK
.lake/packages/mathlib/.lake/build/ir/Mathlib/Order/Filter/Basic.c.o.export: OK
.lake/packages/mathlib/.lake/build/ir/Mathlib/Order/Filter/Basic.c: OK
.lake/packages/mathlib/.lake/build/lib/lean/Mathlib/Order/Filter/Basic.olean: OK
.lake/packages/mathlib/.lake/build/ir/Mathlib/Order/Filter/Cofinite.c.o.export: OK
.lake/packages/mathlib/.lake/build/ir/Mathlib/Order/Filter/Cofinite.c: OK
.lake/packages/mathlib/.lake/build/lib/lean/Mathlib/Order/Filter/Cofinite.olean: OK
.lake/packages/mathlib/.lake/build/ir/Mathlib/Order/Filter/CountableInter.c.o.export: OK
.lake/packages/mathlib/.lake/build/ir/Mathlib/Order/Filter/CountableInter.c: OK
.lake/packages/mathlib/.lake/build/lib/lean/Mathlib/Order/Filter/CountableInter.olean: OK
.lake/packages/mathlib/.lake/build/ir/Mathlib/Order/Filter/CountablyGenerated.c.o.export: OK
.lake/packages/mathlib/.lake/build/ir/Mathlib/Order/Filter/CountablyGenerated.c: OK
.lake/packages/mathlib/.lake/build/lib/lean/Mathlib/Order/Filter/CountablyGenerated.olean: OK
.lake/packages/mathlib/.lake/build/ir/Mathlib/Order/Filter/Curry.c.o.export: OK
.lake/packages/mathlib/.lake/build/ir/Mathlib/Order/Filter/Curry.c: OK
.lake/packages/mathlib/.lake/build/lib/lean/Mathlib/Order/Filter/Curry.olean: OK
.lake/packages/mathlib/.lake/build/ir/Mathlib/Order/Filter/Defs.c.o.export: OK
.lake/packages/mathlib/.lake/build/ir/Mathlib/Order/Filter/Defs.c: OK
.lake/packages/mathlib/.lake/build/lib/lean/Mathlib/Order/Filter/Defs.olean: OK
.lake/packages/mathlib/.lake/build/ir/Mathlib/Order/Filter/EventuallyConst.c.o.export: OK
.lake/packages/mathlib/.lake/build/ir/Mathlib/Order/Filter/EventuallyConst.c: OK
.lake/packages/mathlib/.lake/build/lib/lean/Mathlib/Order/Filter/EventuallyConst.olean: OK
.lake/packages/mathlib/.lake/build/ir/Mathlib/Order/Filter/Extr.c.o.export: OK
.lake/packages/mathlib/.lake/build/ir/Mathlib/Order/Filter/Extr.c: OK
.lake/packages/mathlib/.lake/build/lib/lean/Mathlib/Order/Filter/Extr.olean: OK
.lake/packages/mathlib/.lake/build/ir/Mathlib/Order/Filter/Finite.c.o.export: OK
.lake/packages/mathlib/.lake/build/ir/Mathlib/Order/Filter/Finite.c: OK
.lake/packages/mathlib/.lake/build/lib/lean/Mathlib/Order/Filter/Finite.olean: OK
.lake/packages/mathlib/.lake/build/ir/Mathlib/Order/Filter/Interval.c.o.export: OK
.lake/packages/mathlib/.lake/build/ir/Mathlib/Order/Filter/Interval.c: OK
.lake/packages/mathlib/.lake/build/lib/lean/Mathlib/Order/Filter/Interval.olean: OK
.lake/packages/mathlib/.lake/build/ir/Mathlib/Order/Filter/IsBounded.c.o.export: OK
.lake/packages/mathlib/.lake/build/ir/Mathlib/Order/Filter/IsBounded.c: OK
.lake/packages/mathlib/.lake/build/lib/lean/Mathlib/Order/Filter/IsBounded.olean: OK
.lake/packages/mathlib/.lake/build/ir/Mathlib/Order/Filter/Ker.c.o.export: OK
.lake/packages/mathlib/.lake/build/ir/Mathlib/Order/Filter/Ker.c: OK
.lake/packages/mathlib/.lake/build/lib/lean/Mathlib/Order/Filter/Ker.olean: OK
.lake/packages/mathlib/.lake/build/ir/Mathlib/Order/Filter/Lift.c.o.export: OK
.lake/packages/mathlib/.lake/build/ir/Mathlib/Order/Filter/Lift.c: OK
.lake/packages/mathlib/.lake/build/lib/lean/Mathlib/Order/Filter/Lift.olean: OK
.lake/packages/mathlib/.lake/build/ir/Mathlib/Order/Filter/Map.c.o.export: OK
.lake/packages/mathlib/.lake/build/ir/Mathlib/Order/Filter/Map.c: OK
.lake/packages/mathlib/.lake/build/lib/lean/Mathlib/Order/Filter/Map.olean: OK
.lake/packages/mathlib/.lake/build/ir/Mathlib/Order/Filter/NAry.c.o.export: OK
.lake/packages/mathlib/.lake/build/ir/Mathlib/Order/Filter/NAry.c: OK
.lake/packages/mathlib/.lake/build/lib/lean/Mathlib/Order/Filter/NAry.olean: OK
.lake/packages/mathlib/.lake/build/ir/Mathlib/Order/Filter/Pi.c.o.export: OK
.lake/packages/mathlib/.lake/build/ir/Mathlib/Order/Filter/Pi.c: OK
.lake/packages/mathlib/.lake/build/lib/lean/Mathlib/Order/Filter/Pi.olean: OK
.lake/packages/mathlib/.lake/build/ir/Mathlib/Order/Filter/Pointwise.c.o.export: OK
.lake/packages/mathlib/.lake/build/ir/Mathlib/Order/Filter/Pointwise.c: OK
.lake/packages/mathlib/.lake/build/lib/lean/Mathlib/Order/Filter/Pointwise.olean: OK
.lake/packages/mathlib/.lake/build/ir/Mathlib/Order/Filter/Prod.c.o.export: OK
.lake/packages/mathlib/.lake/build/ir/Mathlib/Order/Filter/Prod.c: OK
.lake/packages/mathlib/.lake/build/lib/lean/Mathlib/Order/Filter/Prod.olean: OK
.lake/packages/mathlib/.lake/build/ir/Mathlib/Order/Filter/SmallSets.c.o.export: OK
.lake/packages/mathlib/.lake/build/ir/Mathlib/Order/Filter/SmallSets.c: OK
.lake/packages/mathlib/.lake/build/lib/lean/Mathlib/Order/Filter/SmallSets.olean: OK
.lake/packages/mathlib/.lake/build/ir/Mathlib/Order/Filter/Subsingleton.c.o.export: OK
.lake/packages/mathlib/.lake/build/ir/Mathlib/Order/Filter/Subsingleton.c: OK
.lake/packages/mathlib/.lake/build/lib/lean/Mathlib/Order/Filter/Subsingleton.olean: OK
.lake/packages/mathlib/.lake/build/ir/Mathlib/Order/Filter/Tendsto.c.o.export: OK
.lake/packages/mathlib/.lake/build/ir/Mathlib/Order/Filter/Tendsto.c: OK
.lake/packages/mathlib/.lake/build/lib/lean/Mathlib/Order/Filter/Tendsto.olean: OK
.lake/packages/mathlib/.lake/build/ir/Mathlib/Order/Filter/Ultrafilter/Basic.c.o.export: OK
.lake/packages/mathlib/.lake/build/ir/Mathlib/Order/Filter/Ultrafilter/Basic.c: OK
.lake/packages/mathlib/.lake/build/lib/lean/Mathlib/Order/Filter/Ultrafilter/Basic.olean: OK
.lake/packages/mathlib/.lake/build/ir/Mathlib/Order/Filter/Ultrafilter/Defs.c.o.export: OK
.lake/packages/mathlib/.lake/build/ir/Mathlib/Order/Filter/Ultrafilter/Defs.c: OK
.lake/packages/mathlib/.lake/build/lib/lean/Mathlib/Order/Filter/Ultrafilter/Defs.olean: OK
.lake/packages/mathlib/.lake/build/ir/Mathlib/Order/Fin/Basic.c.o.export: OK
.lake/packages/mathlib/.lake/build/ir/Mathlib/Order/Fin/Basic.c: OK
.lake/packages/mathlib/.lake/build/lib/lean/Mathlib/Order/Fin/Basic.olean: OK
.lake/packages/mathlib/.lake/build/ir/Mathlib/Order/Fin/Tuple.c.o.export: OK
.lake/packages/mathlib/.lake/build/ir/Mathlib/Order/Fin/Tuple.c: OK
.lake/packages/mathlib/.lake/build/lib/lean/Mathlib/Order/Fin/Tuple.olean: OK
.lake/packages/mathlib/.lake/build/ir/Mathlib/Order/FixedPoints.c.o.export: OK
.lake/packages/mathlib/.lake/build/ir/Mathlib/Order/FixedPoints.c: OK
.lake/packages/mathlib/.lake/build/lib/lean/Mathlib/Order/FixedPoints.olean: OK
.lake/packages/mathlib/.lake/build/ir/Mathlib/Order/GaloisConnection/Basic.c.o.export: OK
.lake/packages/mathlib/.lake/build/ir/Mathlib/Order/GaloisConnection/Basic.c: OK
.lake/packages/mathlib/.lake/build/lib/lean/Mathlib/Order/GaloisConnection/Basic.olean: OK
.lake/packages/mathlib/.lake/build/ir/Mathlib/Order/GaloisConnection/Defs.c.o.export: OK
.lake/packages/mathlib/.lake/build/ir/Mathlib/Order/GaloisConnection/Defs.c: OK
.lake/packages/mathlib/.lake/build/lib/lean/Mathlib/Order/GaloisConnection/Defs.olean: OK
.lake/packages/mathlib/.lake/build/ir/Mathlib/Order/Heyting/Basic.c.o.export: OK
.lake/packages/mathlib/.lake/build/ir/Mathlib/Order/Heyting/Basic.c: OK
.lake/packages/mathlib/.lake/build/lib/lean/Mathlib/Order/Heyting/Basic.olean: OK
.lake/packages/mathlib/.lake/build/ir/Mathlib/Order/Heyting/Boundary.c.o.export: OK
.lake/packages/mathlib/.lake/build/ir/Mathlib/Order/Heyting/Boundary.c: OK
.lake/packages/mathlib/.lake/build/lib/lean/Mathlib/Order/Heyting/Boundary.olean: OK
.lake/packages/mathlib/.lake/build/ir/Mathlib/Order/Heyting/Hom.c.o.export: OK
.lake/packages/mathlib/.lake/build/ir/Mathlib/Order/Heyting/Hom.c: OK
.lake/packages/mathlib/.lake/build/lib/lean/Mathlib/Order/Heyting/Hom.olean: OK
.lake/packages/mathlib/.lake/build/ir/Mathlib/Order/Hom/Basic.c.o.export: OK
.lake/packages/mathlib/.lake/build/ir/Mathlib/Order/Hom/Basic.c: OK
.lake/packages/mathlib/.lake/build/lib/lean/Mathlib/Order/Hom/Basic.olean: OK
.lake/packages/mathlib/.lake/build/ir/Mathlib/Order/Hom/Bounded.c.o.export: OK
.lake/packages/mathlib/.lake/build/ir/Mathlib/Order/Hom/Bounded.c: OK
.lake/packages/mathlib/.lake/build/lib/lean/Mathlib/Order/Hom/Bounded.olean: OK
.lake/packages/mathlib/.lake/build/ir/Mathlib/Order/Hom/BoundedLattice.c.o.export: OK
.lake/packages/mathlib/.lake/build/ir/Mathlib/Order/Hom/BoundedLattice.c: OK
.lake/packages/mathlib/.lake/build/lib/lean/Mathlib/Order/Hom/BoundedLattice.olean: OK
.lake/packages/mathlib/.lake/build/ir/Mathlib/Order/Hom/CompleteLattice.c.o.export: OK
.lake/packages/mathlib/.lake/build/ir/Mathlib/Order/Hom/CompleteLattice.c: OK
.lake/packages/mathlib/.lake/build/lib/lean/Mathlib/Order/Hom/CompleteLattice.olean: OK
.lake/packages/mathlib/.lake/build/ir/Mathlib/Order/Hom/Lattice.c.o.export: OK
.lake/packages/mathlib/.lake/build/ir/Mathlib/Order/Hom/Lattice.c: OK
.lake/packages/mathlib/.lake/build/lib/lean/Mathlib/Order/Hom/Lattice.olean: OK
.lake/packages/mathlib/.lake/build/ir/Mathlib/Order/Hom/Lex.c.o.export: OK
.lake/packages/mathlib/.lake/build/ir/Mathlib/Order/Hom/Lex.c: OK
.lake/packages/mathlib/.lake/build/lib/lean/Mathlib/Order/Hom/Lex.olean: OK
.lake/packages/mathlib/.lake/build/ir/Mathlib/Order/Hom/Order.c.o.export: OK
.lake/packages/mathlib/.lake/build/ir/Mathlib/Order/Hom/Order.c: OK
.lake/packages/mathlib/.lake/build/lib/lean/Mathlib/Order/Hom/Order.olean: OK
.lake/packages/mathlib/.lake/build/ir/Mathlib/Order/Hom/Set.c.o.export: OK
.lake/packages/mathlib/.lake/build/ir/Mathlib/Order/Hom/Set.c: OK
.lake/packages/mathlib/.lake/build/lib/lean/Mathlib/Order/Hom/Set.olean: OK
.lake/packages/mathlib/.lake/build/ir/Mathlib/Order/Hom/WithTopBot.c.o.export: OK
.lake/packages/mathlib/.lake/build/ir/Mathlib/Order/Hom/WithTopBot.c: OK
.lake/packages/mathlib/.lake/build/lib/lean/Mathlib/Order/Hom/WithTopBot.olean: OK
.lake/packages/mathlib/.lake/build/ir/Mathlib/Order/Ideal.c.o.export: OK
.lake/packages/mathlib/.lake/build/ir/Mathlib/Order/Ideal.c: OK
.lake/packages/mathlib/.lake/build/lib/lean/Mathlib/Order/Ideal.olean: OK
.lake/packages/mathlib/.lake/build/ir/Mathlib/Order/InitialSeg.c.o.export: OK
.lake/packages/mathlib/.lake/build/ir/Mathlib/Order/InitialSeg.c: OK
.lake/packages/mathlib/.lake/build/lib/lean/Mathlib/Order/InitialSeg.olean: OK
.lake/packages/mathlib/.lake/build/ir/Mathlib/Order/Interval/Finset/Basic.c.o.export: OK
.lake/packages/mathlib/.lake/build/ir/Mathlib/Order/Interval/Finset/Basic.c: OK
.lake/packages/mathlib/.lake/build/lib/lean/Mathlib/Order/Interval/Finset/Basic.olean: OK
.lake/packages/mathlib/.lake/build/ir/Mathlib/Order/Interval/Finset/Defs.c.o.export: OK
.lake/packages/mathlib/.lake/build/ir/Mathlib/Order/Interval/Finset/Defs.c: OK
.lake/packages/mathlib/.lake/build/lib/lean/Mathlib/Order/Interval/Finset/Defs.olean: OK
.lake/packages/mathlib/.lake/build/ir/Mathlib/Order/Interval/Finset/Fin.c.o.export: OK
.lake/packages/mathlib/.lake/build/ir/Mathlib/Order/Interval/Finset/Fin.c: OK
.lake/packages/mathlib/.lake/build/lib/lean/Mathlib/Order/Interval/Finset/Fin.olean: OK
.lake/packages/mathlib/.lake/build/ir/Mathlib/Order/Interval/Finset/Nat.c.o.export: OK
.lake/packages/mathlib/.lake/build/ir/Mathlib/Order/Interval/Finset/Nat.c: OK
.lake/packages/mathlib/.lake/build/lib/lean/Mathlib/Order/Interval/Finset/Nat.olean: OK
.lake/packages/mathlib/.lake/build/ir/Mathlib/Order/Interval/Finset/SuccPred.c.o.export: OK
.lake/packages/mathlib/.lake/build/ir/Mathlib/Order/Interval/Finset/SuccPred.c: OK
.lake/packages/mathlib/.lake/build/lib/lean/Mathlib/Order/Interval/Finset/SuccPred.olean: OK
.lake/packages/mathlib/.lake/build/ir/Mathlib/Order/Interval/Multiset.c.o.export: OK
.lake/packages/mathlib/.lake/build/ir/Mathlib/Order/Interval/Multiset.c: OK
.lake/packages/mathlib/.lake/build/lib/lean/Mathlib/Order/Interval/Multiset.olean: OK
.lake/packages/mathlib/.lake/build/ir/Mathlib/Order/Interval/Set/Basic.c.o.export: OK
.lake/packages/mathlib/.lake/build/ir/Mathlib/Order/Interval/Set/Basic.c: OK
.lake/packages/mathlib/.lake/build/lib/lean/Mathlib/Order/Interval/Set/Basic.olean: OK
.lake/packages/mathlib/.lake/build/ir/Mathlib/Order/Interval/Set/Defs.c.o.export: OK
.lake/packages/mathlib/.lake/build/ir/Mathlib/Order/Interval/Set/Defs.c: OK
.lake/packages/mathlib/.lake/build/lib/lean/Mathlib/Order/Interval/Set/Defs.olean: OK
.lake/packages/mathlib/.lake/build/ir/Mathlib/Order/Interval/Set/Disjoint.c.o.export: OK
.lake/packages/mathlib/.lake/build/ir/Mathlib/Order/Interval/Set/Disjoint.c: OK
.lake/packages/mathlib/.lake/build/lib/lean/Mathlib/Order/Interval/Set/Disjoint.olean: OK
.lake/packages/mathlib/.lake/build/ir/Mathlib/Order/Interval/Set/Fin.c.o.export: OK
.lake/packages/mathlib/.lake/build/ir/Mathlib/Order/Interval/Set/Fin.c: OK
.lake/packages/mathlib/.lake/build/lib/lean/Mathlib/Order/Interval/Set/Fin.olean: OK
.lake/packages/mathlib/.lake/build/ir/Mathlib/Order/Interval/Set/Image.c.o.export: OK
.lake/packages/mathlib/.lake/build/ir/Mathlib/Order/Interval/Set/Image.c: OK
.lake/packages/mathlib/.lake/build/lib/lean/Mathlib/Order/Interval/Set/Image.olean: OK
.lake/packages/mathlib/.lake/build/ir/Mathlib/Order/Interval/Set/Infinite.c.o.export: OK
.lake/packages/mathlib/.lake/build/ir/Mathlib/Order/Interval/Set/Infinite.c: OK
.lake/packages/mathlib/.lake/build/lib/lean/Mathlib/Order/Interval/Set/Infinite.olean: OK
.lake/packages/mathlib/.lake/build/ir/Mathlib/Order/Interval/Set/LinearOrder.c.o.export: OK
.lake/packages/mathlib/.lake/build/ir/Mathlib/Order/Interval/Set/LinearOrder.c: OK
.lake/packages/mathlib/.lake/build/lib/lean/Mathlib/Order/Interval/Set/LinearOrder.olean: OK
.lake/packages/mathlib/.lake/build/ir/Mathlib/Order/Interval/Set/OrdConnected.c.o.export: OK
.lake/packages/mathlib/.lake/build/ir/Mathlib/Order/Interval/Set/OrdConnected.c: OK
.lake/packages/mathlib/.lake/build/lib/lean/Mathlib/Order/Interval/Set/OrdConnected.olean: OK
.lake/packages/mathlib/.lake/build/ir/Mathlib/Order/Interval/Set/OrdConnectedComponent.c.o.export: OK
.lake/packages/mathlib/.lake/build/ir/Mathlib/Order/Interval/Set/OrdConnectedComponent.c: OK
.lake/packages/mathlib/.lake/build/lib/lean/Mathlib/Order/Interval/Set/OrdConnectedComponent.olean: OK
.lake/packages/mathlib/.lake/build/ir/Mathlib/Order/Interval/Set/OrderEmbedding.c.o.export: OK
.lake/packages/mathlib/.lake/build/ir/Mathlib/Order/Interval/Set/OrderEmbedding.c: OK
.lake/packages/mathlib/.lake/build/lib/lean/Mathlib/Order/Interval/Set/OrderEmbedding.olean: OK
.lake/packages/mathlib/.lake/build/ir/Mathlib/Order/Interval/Set/OrderIso.c.o.export: OK
.lake/packages/mathlib/.lake/build/ir/Mathlib/Order/Interval/Set/OrderIso.c: OK
.lake/packages/mathlib/.lake/build/lib/lean/Mathlib/Order/Interval/Set/OrderIso.olean: OK
.lake/packages/mathlib/.lake/build/ir/Mathlib/Order/Interval/Set/Pi.c.o.export: OK
.lake/packages/mathlib/.lake/build/ir/Mathlib/Order/Interval/Set/Pi.c: OK
.lake/packages/mathlib/.lake/build/lib/lean/Mathlib/Order/Interval/Set/Pi.olean: OK
.lake/packages/mathlib/.lake/build/ir/Mathlib/Order/Interval/Set/ProjIcc.c.o.export: OK
.lake/packages/mathlib/.lake/build/ir/Mathlib/Order/Interval/Set/ProjIcc.c: OK
.lake/packages/mathlib/.lake/build/lib/lean/Mathlib/Order/Interval/Set/ProjIcc.olean: OK
.lake/packages/mathlib/.lake/build/ir/Mathlib/Order/Interval/Set/SuccPred.c.o.export: OK
.lake/packages/mathlib/.lake/build/ir/Mathlib/Order/Interval/Set/SuccPred.c: OK
.lake/packages/mathlib/.lake/build/lib/lean/Mathlib/Order/Interval/Set/SuccPred.olean: OK
.lake/packages/mathlib/.lake/build/ir/Mathlib/Order/Interval/Set/UnorderedInterval.c.o.export: OK
.lake/packages/mathlib/.lake/build/ir/Mathlib/Order/Interval/Set/UnorderedInterval.c: OK
.lake/packages/mathlib/.lake/build/lib/lean/Mathlib/Order/Interval/Set/UnorderedInterval.olean: OK
.lake/packages/mathlib/.lake/build/ir/Mathlib/Order/Interval/Set/WithBotTop.c.o.export: OK
.lake/packages/mathlib/.lake/build/ir/Mathlib/Order/Interval/Set/WithBotTop.c: OK
.lake/packages/mathlib/.lake/build/lib/lean/Mathlib/Order/Interval/Set/WithBotTop.olean: OK
.lake/packages/mathlib/.lake/build/ir/Mathlib/Order/IsNormal.c.o.export: OK
.lake/packages/mathlib/.lake/build/ir/Mathlib/Order/IsNormal.c: OK
.lake/packages/mathlib/.lake/build/lib/lean/Mathlib/Order/IsNormal.olean: OK
.lake/packages/mathlib/.lake/build/ir/Mathlib/Order/Iterate.c.o.export: OK
.lake/packages/mathlib/.lake/build/ir/Mathlib/Order/Iterate.c: OK
.lake/packages/mathlib/.lake/build/lib/lean/Mathlib/Order/Iterate.olean: OK
.lake/packages/mathlib/.lake/build/ir/Mathlib/Order/JordanHolder.c.o.export: OK
.lake/packages/mathlib/.lake/build/ir/Mathlib/Order/JordanHolder.c: OK
.lake/packages/mathlib/.lake/build/lib/lean/Mathlib/Order/JordanHolder.olean: OK
.lake/packages/mathlib/.lake/build/ir/Mathlib/Order/KrullDimension.c.o.export: OK
.lake/packages/mathlib/.lake/build/ir/Mathlib/Order/KrullDimension.c: OK
.lake/packages/mathlib/.lake/build/lib/lean/Mathlib/Order/KrullDimension.olean: OK
.lake/packages/mathlib/.lake/build/ir/Mathlib/Order/Lattice.c.o.export: OK
.lake/packages/mathlib/.lake/build/ir/Mathlib/Order/Lattice.c: OK
.lake/packages/mathlib/.lake/build/lib/lean/Mathlib/Order/Lattice.olean: OK
.lake/packages/mathlib/.lake/build/ir/Mathlib/Order/LatticeIntervals.c.o.export: OK
.lake/packages/mathlib/.lake/build/ir/Mathlib/Order/LatticeIntervals.c: OK
.lake/packages/mathlib/.lake/build/lib/lean/Mathlib/Order/LatticeIntervals.olean: OK
.lake/packages/mathlib/.lake/build/ir/Mathlib/Order/Lex.c.o.export: OK
.lake/packages/mathlib/.lake/build/ir/Mathlib/Order/Lex.c: OK
.lake/packages/mathlib/.lake/build/lib/lean/Mathlib/Order/Lex.olean: OK
.lake/packages/mathlib/.lake/build/ir/Mathlib/Order/LiminfLimsup.c.o.export: OK
.lake/packages/mathlib/.lake/build/ir/Mathlib/Order/LiminfLimsup.c: OK
.lake/packages/mathlib/.lake/build/lib/lean/Mathlib/Order/LiminfLimsup.olean: OK
.lake/packages/mathlib/.lake/build/ir/Mathlib/Order/Max.c.o.export: OK
.lake/packages/mathlib/.lake/build/ir/Mathlib/Order/Max.c: OK
.lake/packages/mathlib/.lake/build/lib/lean/Mathlib/Order/Max.olean: OK
.lake/packages/mathlib/.lake/build/ir/Mathlib/Order/MinMax.c.o.export: OK
.lake/packages/mathlib/.lake/build/ir/Mathlib/Order/MinMax.c: OK
.lake/packages/mathlib/.lake/build/lib/lean/Mathlib/Order/MinMax.olean: OK
.lake/packages/mathlib/.lake/build/ir/Mathlib/Order/Minimal.c.o.export: OK
.lake/packages/mathlib/.lake/build/ir/Mathlib/Order/Minimal.c: OK
.lake/packages/mathlib/.lake/build/lib/lean/Mathlib/Order/Minimal.olean: OK
.lake/packages/mathlib/.lake/build/ir/Mathlib/Order/ModularLattice.c.o.export: OK
.lake/packages/mathlib/.lake/build/ir/Mathlib/Order/ModularLattice.c: OK
.lake/packages/mathlib/.lake/build/lib/lean/Mathlib/Order/ModularLattice.olean: OK
.lake/packages/mathlib/.lake/build/ir/Mathlib/Order/Monotone/Basic.c.o.export: OK
.lake/packages/mathlib/.lake/build/ir/Mathlib/Order/Monotone/Basic.c: OK
.lake/packages/mathlib/.lake/build/lib/lean/Mathlib/Order/Monotone/Basic.olean: OK
.lake/packages/mathlib/.lake/build/ir/Mathlib/Order/Monotone/Defs.c.o.export: OK
.lake/packages/mathlib/.lake/build/ir/Mathlib/Order/Monotone/Defs.c: OK
.lake/packages/mathlib/.lake/build/lib/lean/Mathlib/Order/Monotone/Defs.olean: OK
.lake/packages/mathlib/.lake/build/ir/Mathlib/Order/Nat.c.o.export: OK
.lake/packages/mathlib/.lake/build/ir/Mathlib/Order/Nat.c: OK
.lake/packages/mathlib/.lake/build/lib/lean/Mathlib/Order/Nat.olean: OK
.lake/packages/mathlib/.lake/build/ir/Mathlib/Order/Notation.c.o.export: OK
.lake/packages/mathlib/.lake/build/ir/Mathlib/Order/Notation.c: OK
.lake/packages/mathlib/.lake/build/lib/lean/Mathlib/Order/Notation.olean: OK
.lake/packages/mathlib/.lake/build/ir/Mathlib/Order/OmegaCompletePartialOrder.c.o.export: OK
.lake/packages/mathlib/.lake/build/ir/Mathlib/Order/OmegaCompletePartialOrder.c: OK
.lake/packages/mathlib/.lake/build/lib/lean/Mathlib/Order/OmegaCompletePartialOrder.olean: OK
.lake/packages/mathlib/.lake/build/ir/Mathlib/Order/OrdContinuous.c.o.export: OK
.lake/packages/mathlib/.lake/build/ir/Mathlib/Order/OrdContinuous.c: OK
.lake/packages/mathlib/.lake/build/lib/lean/Mathlib/Order/OrdContinuous.olean: OK
.lake/packages/mathlib/.lake/build/ir/Mathlib/Order/OrderDual.c.o.export: OK
.lake/packages/mathlib/.lake/build/ir/Mathlib/Order/OrderDual.c: OK
.lake/packages/mathlib/.lake/build/lib/lean/Mathlib/Order/OrderDual.olean: OK
.lake/packages/mathlib/.lake/build/ir/Mathlib/Order/OrderIsoNat.c.o.export: OK
.lake/packages/mathlib/.lake/build/ir/Mathlib/Order/OrderIsoNat.c: OK
.lake/packages/mathlib/.lake/build/lib/lean/Mathlib/Order/OrderIsoNat.olean: OK
.lake/packages/mathlib/.lake/build/ir/Mathlib/Order/Part.c.o.export: OK
.lake/packages/mathlib/.lake/build/ir/Mathlib/Order/Part.c: OK
.lake/packages/mathlib/.lake/build/lib/lean/Mathlib/Order/Part.olean: OK
.lake/packages/mathlib/.lake/build/ir/Mathlib/Order/PartialSups.c.o.export: OK
.lake/packages/mathlib/.lake/build/ir/Mathlib/Order/PartialSups.c: OK
.lake/packages/mathlib/.lake/build/lib/lean/Mathlib/Order/PartialSups.olean: OK
.lake/packages/mathlib/.lake/build/ir/Mathlib/Order/PiLex.c.o.export: OK
.lake/packages/mathlib/.lake/build/ir/Mathlib/Order/PiLex.c: OK
.lake/packages/mathlib/.lake/build/lib/lean/Mathlib/Order/PiLex.olean: OK
.lake/packages/mathlib/.lake/build/ir/Mathlib/Order/Preorder/Chain.c.o.export: OK
.lake/packages/mathlib/.lake/build/ir/Mathlib/Order/Preorder/Chain.c: OK
.lake/packages/mathlib/.lake/build/lib/lean/Mathlib/Order/Preorder/Chain.olean: OK
.lake/packages/mathlib/.lake/build/ir/Mathlib/Order/Preorder/Finite.c.o.export: OK
.lake/packages/mathlib/.lake/build/ir/Mathlib/Order/Preorder/Finite.c: OK
.lake/packages/mathlib/.lake/build/lib/lean/Mathlib/Order/Preorder/Finite.olean: OK
.lake/packages/mathlib/.lake/build/ir/Mathlib/Order/Preorder/Finsupp.c.o.export: OK
.lake/packages/mathlib/.lake/build/ir/Mathlib/Order/Preorder/Finsupp.c: OK
.lake/packages/mathlib/.lake/build/lib/lean/Mathlib/Order/Preorder/Finsupp.olean: OK
.lake/packages/mathlib/.lake/build/ir/Mathlib/Order/PropInstances.c.o.export: OK
.lake/packages/mathlib/.lake/build/ir/Mathlib/Order/PropInstances.c: OK
.lake/packages/mathlib/.lake/build/lib/lean/Mathlib/Order/PropInstances.olean: OK
.lake/packages/mathlib/.lake/build/ir/Mathlib/Order/RelClasses.c.o.export: OK
.lake/packages/mathlib/.lake/build/ir/Mathlib/Order/RelClasses.c: OK
.lake/packages/mathlib/.lake/build/lib/lean/Mathlib/Order/RelClasses.olean: OK
.lake/packages/mathlib/.lake/build/ir/Mathlib/Order/RelIso/Basic.c.o.export: OK
.lake/packages/mathlib/.lake/build/ir/Mathlib/Order/RelIso/Basic.c: OK
.lake/packages/mathlib/.lake/build/lib/lean/Mathlib/Order/RelIso/Basic.olean: OK
.lake/packages/mathlib/.lake/build/ir/Mathlib/Order/RelIso/Set.c.o.export: OK
.lake/packages/mathlib/.lake/build/ir/Mathlib/Order/RelIso/Set.c: OK
.lake/packages/mathlib/.lake/build/lib/lean/Mathlib/Order/RelIso/Set.olean: OK
.lake/packages/mathlib/.lake/build/ir/Mathlib/Order/RelSeries.c.o.export: OK
.lake/packages/mathlib/.lake/build/ir/Mathlib/Order/RelSeries.c: OK
.lake/packages/mathlib/.lake/build/lib/lean/Mathlib/Order/RelSeries.olean: OK
.lake/packages/mathlib/.lake/build/ir/Mathlib/Order/ScottContinuity.c.o.export: OK
.lake/packages/mathlib/.lake/build/ir/Mathlib/Order/ScottContinuity.c: OK
.lake/packages/mathlib/.lake/build/lib/lean/Mathlib/Order/ScottContinuity.olean: OK
.lake/packages/mathlib/.lake/build/ir/Mathlib/Order/SetNotation.c.o.export: OK
.lake/packages/mathlib/.lake/build/ir/Mathlib/Order/SetNotation.c: OK
.lake/packages/mathlib/.lake/build/lib/lean/Mathlib/Order/SetNotation.olean: OK
.lake/packages/mathlib/.lake/build/ir/Mathlib/Order/Sublattice.c.o.export: OK
.lake/packages/mathlib/.lake/build/ir/Mathlib/Order/Sublattice.c: OK
.lake/packages/mathlib/.lake/build/lib/lean/Mathlib/Order/Sublattice.olean: OK
.lake/packages/mathlib/.lake/build/ir/Mathlib/Order/SuccPred/Archimedean.c.o.export: OK
.lake/packages/mathlib/.lake/build/ir/Mathlib/Order/SuccPred/Archimedean.c: OK
.lake/packages/mathlib/.lake/build/lib/lean/Mathlib/Order/SuccPred/Archimedean.olean: OK
.lake/packages/mathlib/.lake/build/ir/Mathlib/Order/SuccPred/Basic.c.o.export: OK
.lake/packages/mathlib/.lake/build/ir/Mathlib/Order/SuccPred/Basic.c: OK
.lake/packages/mathlib/.lake/build/lib/lean/Mathlib/Order/SuccPred/Basic.olean: OK
.lake/packages/mathlib/.lake/build/ir/Mathlib/Order/SuccPred/CompleteLinearOrder.c.o.export: OK
.lake/packages/mathlib/.lake/build/ir/Mathlib/Order/SuccPred/CompleteLinearOrder.c: OK
.lake/packages/mathlib/.lake/build/lib/lean/Mathlib/Order/SuccPred/CompleteLinearOrder.olean: OK
.lake/packages/mathlib/.lake/build/ir/Mathlib/Order/SuccPred/InitialSeg.c.o.export: OK
.lake/packages/mathlib/.lake/build/ir/Mathlib/Order/SuccPred/InitialSeg.c: OK
.lake/packages/mathlib/.lake/build/lib/lean/Mathlib/Order/SuccPred/InitialSeg.olean: OK
.lake/packages/mathlib/.lake/build/ir/Mathlib/Order/SuccPred/Limit.c.o.export: OK
.lake/packages/mathlib/.lake/build/ir/Mathlib/Order/SuccPred/Limit.c: OK
.lake/packages/mathlib/.lake/build/lib/lean/Mathlib/Order/SuccPred/Limit.olean: OK
.lake/packages/mathlib/.lake/build/ir/Mathlib/Order/SuccPred/LinearLocallyFinite.c.o.export: OK
.lake/packages/mathlib/.lake/build/ir/Mathlib/Order/SuccPred/LinearLocallyFinite.c: OK
.lake/packages/mathlib/.lake/build/lib/lean/Mathlib/Order/SuccPred/LinearLocallyFinite.olean: OK
.lake/packages/mathlib/.lake/build/ir/Mathlib/Order/SuccPred/Relation.c.o.export: OK
.lake/packages/mathlib/.lake/build/ir/Mathlib/Order/SuccPred/Relation.c: OK
.lake/packages/mathlib/.lake/build/lib/lean/Mathlib/Order/SuccPred/Relation.olean: OK
.lake/packages/mathlib/.lake/build/ir/Mathlib/Order/SuccPred/WithBot.c.o.export: OK
.lake/packages/mathlib/.lake/build/ir/Mathlib/Order/SuccPred/WithBot.c: OK
.lake/packages/mathlib/.lake/build/lib/lean/Mathlib/Order/SuccPred/WithBot.olean: OK
.lake/packages/mathlib/.lake/build/ir/Mathlib/Order/SupClosed.c.o.export: OK
.lake/packages/mathlib/.lake/build/ir/Mathlib/Order/SupClosed.c: OK
.lake/packages/mathlib/.lake/build/lib/lean/Mathlib/Order/SupClosed.olean: OK
.lake/packages/mathlib/.lake/build/ir/Mathlib/Order/SupIndep.c.o.export: OK
.lake/packages/mathlib/.lake/build/ir/Mathlib/Order/SupIndep.c: OK
.lake/packages/mathlib/.lake/build/lib/lean/Mathlib/Order/SupIndep.olean: OK
.lake/packages/mathlib/.lake/build/ir/Mathlib/Order/SymmDiff.c.o.export: OK
.lake/packages/mathlib/.lake/build/ir/Mathlib/Order/SymmDiff.c: OK
.lake/packages/mathlib/.lake/build/lib/lean/Mathlib/Order/SymmDiff.olean: OK
.lake/packages/mathlib/.lake/build/ir/Mathlib/Order/TypeTags.c.o.export: OK
.lake/packages/mathlib/.lake/build/ir/Mathlib/Order/TypeTags.c: OK
.lake/packages/mathlib/.lake/build/lib/lean/Mathlib/Order/TypeTags.olean: OK
.lake/packages/mathlib/.lake/build/ir/Mathlib/Order/ULift.c.o.export: OK
.lake/packages/mathlib/.lake/build/ir/Mathlib/Order/ULift.c: OK
.lake/packages/mathlib/.lake/build/lib/lean/Mathlib/Order/ULift.olean: OK
.lake/packages/mathlib/.lake/build/ir/Mathlib/Order/UpperLower/Basic.c.o.export: OK
.lake/packages/mathlib/.lake/build/ir/Mathlib/Order/UpperLower/Basic.c: OK
.lake/packages/mathlib/.lake/build/lib/lean/Mathlib/Order/UpperLower/Basic.olean: OK
.lake/packages/mathlib/.lake/build/ir/Mathlib/Order/UpperLower/Closure.c.o.export: OK
.lake/packages/mathlib/.lake/build/ir/Mathlib/Order/UpperLower/Closure.c: OK
.lake/packages/mathlib/.lake/build/lib/lean/Mathlib/Order/UpperLower/Closure.olean: OK
.lake/packages/mathlib/.lake/build/ir/Mathlib/Order/UpperLower/CompleteLattice.c.o.export: OK
.lake/packages/mathlib/.lake/build/ir/Mathlib/Order/UpperLower/CompleteLattice.c: OK
.lake/packages/mathlib/.lake/build/lib/lean/Mathlib/Order/UpperLower/CompleteLattice.olean: OK
.lake/packages/mathlib/.lake/build/ir/Mathlib/Order/UpperLower/Fibration.c.o.export: OK
.lake/packages/mathlib/.lake/build/ir/Mathlib/Order/UpperLower/Fibration.c: OK
.lake/packages/mathlib/.lake/build/lib/lean/Mathlib/Order/UpperLower/Fibration.olean: OK
.lake/packages/mathlib/.lake/build/ir/Mathlib/Order/UpperLower/Principal.c.o.export: OK
.lake/packages/mathlib/.lake/build/ir/Mathlib/Order/UpperLower/Principal.c: OK
.lake/packages/mathlib/.lake/build/lib/lean/Mathlib/Order/UpperLower/Principal.olean: OK
.lake/packages/mathlib/.lake/build/ir/Mathlib/Order/WellFounded.c.o.export: OK
.lake/packages/mathlib/.lake/build/ir/Mathlib/Order/WellFounded.c: OK
.lake/packages/mathlib/.lake/build/lib/lean/Mathlib/Order/WellFounded.olean: OK
.lake/packages/mathlib/.lake/build/ir/Mathlib/Order/WellFoundedSet.c.o.export: OK
.lake/packages/mathlib/.lake/build/ir/Mathlib/Order/WellFoundedSet.c: OK
.lake/packages/mathlib/.lake/build/lib/lean/Mathlib/Order/WellFoundedSet.olean: OK
.lake/packages/mathlib/.lake/build/ir/Mathlib/Order/WellQuasiOrder.c.o.export: OK
.lake/packages/mathlib/.lake/build/ir/Mathlib/Order/WellQuasiOrder.c: OK
.lake/packages/mathlib/.lake/build/lib/lean/Mathlib/Order/WellQuasiOrder.olean: OK
.lake/packages/mathlib/.lake/build/ir/Mathlib/Order/WithBot.c.o.export: OK
.lake/packages/mathlib/.lake/build/ir/Mathlib/Order/WithBot.c: OK
.lake/packages/mathlib/.lake/build/lib/lean/Mathlib/Order/WithBot.olean: OK
.lake/packages/mathlib/.lake/build/ir/Mathlib/Order/Zorn.c.o.export: OK
.lake/packages/mathlib/.lake/build/ir/Mathlib/Order/Zorn.c: OK
.lake/packages/mathlib/.lake/build/lib/lean/Mathlib/Order/Zorn.olean: OK
.lake/packages/mathlib/.lake/build/ir/Mathlib/Order/ZornAtoms.c.o.export: OK
.lake/packages/mathlib/.lake/build/ir/Mathlib/Order/ZornAtoms.c: OK
.lake/packages/mathlib/.lake/build/lib/lean/Mathlib/Order/ZornAtoms.olean: OK
.lake/packages/mathlib/.lake/build/ir/Mathlib/RingTheory/AdicCompletion/Basic.c.o.export: OK
.lake/packages/mathlib/.lake/build/ir/Mathlib/RingTheory/AdicCompletion/Basic.c: OK
.lake/packages/mathlib/.lake/build/lib/lean/Mathlib/RingTheory/AdicCompletion/Basic.olean: OK
.lake/packages/mathlib/.lake/build/ir/Mathlib/RingTheory/Adjoin/Basic.c.o.export: OK
.lake/packages/mathlib/.lake/build/ir/Mathlib/RingTheory/Adjoin/Basic.c: OK
.lake/packages/mathlib/.lake/build/lib/lean/Mathlib/RingTheory/Adjoin/Basic.olean: OK
.lake/packages/mathlib/.lake/build/ir/Mathlib/RingTheory/Adjoin/Dimension.c.o.export: OK
.lake/packages/mathlib/.lake/build/ir/Mathlib/RingTheory/Adjoin/Dimension.c: OK
.lake/packages/mathlib/.lake/build/lib/lean/Mathlib/RingTheory/Adjoin/Dimension.olean: OK
.lake/packages/mathlib/.lake/build/ir/Mathlib/RingTheory/Adjoin/FG.c.o.export: OK
.lake/packages/mathlib/.lake/build/ir/Mathlib/RingTheory/Adjoin/FG.c: OK
.lake/packages/mathlib/.lake/build/lib/lean/Mathlib/RingTheory/Adjoin/FG.olean: OK
.lake/packages/mathlib/.lake/build/ir/Mathlib/RingTheory/Adjoin/Field.c.o.export: OK
.lake/packages/mathlib/.lake/build/ir/Mathlib/RingTheory/Adjoin/Field.c: OK
.lake/packages/mathlib/.lake/build/lib/lean/Mathlib/RingTheory/Adjoin/Field.olean: OK
.lake/packages/mathlib/.lake/build/ir/Mathlib/RingTheory/Adjoin/Polynomial/Basic.c.o.export: OK
.lake/packages/mathlib/.lake/build/ir/Mathlib/RingTheory/Adjoin/Polynomial/Basic.c: OK
.lake/packages/mathlib/.lake/build/lib/lean/Mathlib/RingTheory/Adjoin/Polynomial/Basic.olean: OK
.lake/packages/mathlib/.lake/build/ir/Mathlib/RingTheory/Adjoin/PowerBasis.c.o.export: OK
.lake/packages/mathlib/.lake/build/ir/Mathlib/RingTheory/Adjoin/PowerBasis.c: OK
.lake/packages/mathlib/.lake/build/lib/lean/Mathlib/RingTheory/Adjoin/PowerBasis.olean: OK
.lake/packages/mathlib/.lake/build/ir/Mathlib/RingTheory/Adjoin/Singleton.c.o.export: OK
.lake/packages/mathlib/.lake/build/ir/Mathlib/RingTheory/Adjoin/Singleton.c: OK
.lake/packages/mathlib/.lake/build/lib/lean/Mathlib/RingTheory/Adjoin/Singleton.olean: OK
.lake/packages/mathlib/.lake/build/ir/Mathlib/RingTheory/Adjoin/Tower.c.o.export: OK
.lake/packages/mathlib/.lake/build/ir/Mathlib/RingTheory/Adjoin/Tower.c: OK
.lake/packages/mathlib/.lake/build/lib/lean/Mathlib/RingTheory/Adjoin/Tower.olean: OK
.lake/packages/mathlib/.lake/build/ir/Mathlib/RingTheory/AdjoinRoot.c.o.export: OK
.lake/packages/mathlib/.lake/build/ir/Mathlib/RingTheory/AdjoinRoot.c: OK
.lake/packages/mathlib/.lake/build/lib/lean/Mathlib/RingTheory/AdjoinRoot.olean: OK
.lake/packages/mathlib/.lake/build/ir/Mathlib/RingTheory/AlgebraTower.c.o.export: OK
.lake/packages/mathlib/.lake/build/ir/Mathlib/RingTheory/AlgebraTower.c: OK
.lake/packages/mathlib/.lake/build/lib/lean/Mathlib/RingTheory/AlgebraTower.olean: OK
.lake/packages/mathlib/.lake/build/ir/Mathlib/RingTheory/Algebraic/Basic.c.o.export: OK
.lake/packages/mathlib/.lake/build/ir/Mathlib/RingTheory/Algebraic/Basic.c: OK
.lake/packages/mathlib/.lake/build/lib/lean/Mathlib/RingTheory/Algebraic/Basic.olean: OK
.lake/packages/mathlib/.lake/build/ir/Mathlib/RingTheory/Algebraic/Defs.c.o.export: OK
.lake/packages/mathlib/.lake/build/ir/Mathlib/RingTheory/Algebraic/Defs.c: OK
.lake/packages/mathlib/.lake/build/lib/lean/Mathlib/RingTheory/Algebraic/Defs.olean: OK
.lake/packages/mathlib/.lake/build/ir/Mathlib/RingTheory/Algebraic/Integral.c.o.export: OK
.lake/packages/mathlib/.lake/build/ir/Mathlib/RingTheory/Algebraic/Integral.c: OK
.lake/packages/mathlib/.lake/build/lib/lean/Mathlib/RingTheory/Algebraic/Integral.olean: OK
.lake/packages/mathlib/.lake/build/ir/Mathlib/RingTheory/Algebraic/MvPolynomial.c.o.export: OK
.lake/packages/mathlib/.lake/build/ir/Mathlib/RingTheory/Algebraic/MvPolynomial.c: OK
.lake/packages/mathlib/.lake/build/lib/lean/Mathlib/RingTheory/Algebraic/MvPolynomial.olean: OK
.lake/packages/mathlib/.lake/build/ir/Mathlib/RingTheory/AlgebraicIndependent/Adjoin.c.o.export: OK
.lake/packages/mathlib/.lake/build/ir/Mathlib/RingTheory/AlgebraicIndependent/Adjoin.c: OK
.lake/packages/mathlib/.lake/build/lib/lean/Mathlib/RingTheory/AlgebraicIndependent/Adjoin.olean: OK
.lake/packages/mathlib/.lake/build/ir/Mathlib/RingTheory/AlgebraicIndependent/AlgebraicClosure.c.o.export: OK
.lake/packages/mathlib/.lake/build/ir/Mathlib/RingTheory/AlgebraicIndependent/AlgebraicClosure.c: OK
.lake/packages/mathlib/.lake/build/lib/lean/Mathlib/RingTheory/AlgebraicIndependent/AlgebraicClosure.olean: OK
.lake/packages/mathlib/.lake/build/ir/Mathlib/RingTheory/AlgebraicIndependent/Basic.c.o.export: OK
.lake/packages/mathlib/.lake/build/ir/Mathlib/RingTheory/AlgebraicIndependent/Basic.c: OK
.lake/packages/mathlib/.lake/build/lib/lean/Mathlib/RingTheory/AlgebraicIndependent/Basic.olean: OK
.lake/packages/mathlib/.lake/build/ir/Mathlib/RingTheory/AlgebraicIndependent/Defs.c.o.export: OK
.lake/packages/mathlib/.lake/build/ir/Mathlib/RingTheory/AlgebraicIndependent/Defs.c: OK
.lake/packages/mathlib/.lake/build/lib/lean/Mathlib/RingTheory/AlgebraicIndependent/Defs.olean: OK
.lake/packages/mathlib/.lake/build/ir/Mathlib/RingTheory/AlgebraicIndependent/TranscendenceBasis.c.o.export: OK
.lake/packages/mathlib/.lake/build/ir/Mathlib/RingTheory/AlgebraicIndependent/TranscendenceBasis.c: OK
.lake/packages/mathlib/.lake/build/lib/lean/Mathlib/RingTheory/AlgebraicIndependent/TranscendenceBasis.olean: OK
.lake/packages/mathlib/.lake/build/ir/Mathlib/RingTheory/AlgebraicIndependent/Transcendental.c.o.export: OK
.lake/packages/mathlib/.lake/build/ir/Mathlib/RingTheory/AlgebraicIndependent/Transcendental.c: OK
.lake/packages/mathlib/.lake/build/lib/lean/Mathlib/RingTheory/AlgebraicIndependent/Transcendental.olean: OK
.lake/packages/mathlib/.lake/build/ir/Mathlib/RingTheory/Artinian/Defs.c.o.export: OK
.lake/packages/mathlib/.lake/build/ir/Mathlib/RingTheory/Artinian/Defs.c: OK
.lake/packages/mathlib/.lake/build/lib/lean/Mathlib/RingTheory/Artinian/Defs.olean: OK
.lake/packages/mathlib/.lake/build/ir/Mathlib/RingTheory/Artinian/Module.c.o.export: OK
.lake/packages/mathlib/.lake/build/ir/Mathlib/RingTheory/Artinian/Module.c: OK
.lake/packages/mathlib/.lake/build/lib/lean/Mathlib/RingTheory/Artinian/Module.olean: OK
.lake/packages/mathlib/.lake/build/ir/Mathlib/RingTheory/Bezout.c.o.export: OK
.lake/packages/mathlib/.lake/build/ir/Mathlib/RingTheory/Bezout.c: OK
.lake/packages/mathlib/.lake/build/lib/lean/Mathlib/RingTheory/Bezout.olean: OK
.lake/packages/mathlib/.lake/build/ir/Mathlib/RingTheory/ChainOfDivisors.c.o.export: OK
.lake/packages/mathlib/.lake/build/ir/Mathlib/RingTheory/ChainOfDivisors.c: OK
.lake/packages/mathlib/.lake/build/lib/lean/Mathlib/RingTheory/ChainOfDivisors.olean: OK
.lake/packages/mathlib/.lake/build/ir/Mathlib/RingTheory/Congruence/Basic.c.o.export: OK
.lake/packages/mathlib/.lake/build/ir/Mathlib/RingTheory/Congruence/Basic.c: OK
.lake/packages/mathlib/.lake/build/lib/lean/Mathlib/RingTheory/Congruence/Basic.olean: OK
.lake/packages/mathlib/.lake/build/ir/Mathlib/RingTheory/Congruence/Defs.c.o.export: OK
.lake/packages/mathlib/.lake/build/ir/Mathlib/RingTheory/Congruence/Defs.c: OK
.lake/packages/mathlib/.lake/build/lib/lean/Mathlib/RingTheory/Congruence/Defs.olean: OK
.lake/packages/mathlib/.lake/build/ir/Mathlib/RingTheory/Congruence/Opposite.c.o.export: OK
.lake/packages/mathlib/.lake/build/ir/Mathlib/RingTheory/Congruence/Opposite.c: OK
.lake/packages/mathlib/.lake/build/lib/lean/Mathlib/RingTheory/Congruence/Opposite.olean: OK
.lake/packages/mathlib/.lake/build/ir/Mathlib/RingTheory/Coprime/Basic.c.o.export: OK
.lake/packages/mathlib/.lake/build/ir/Mathlib/RingTheory/Coprime/Basic.c: OK
.lake/packages/mathlib/.lake/build/lib/lean/Mathlib/RingTheory/Coprime/Basic.olean: OK
.lake/packages/mathlib/.lake/build/ir/Mathlib/RingTheory/Coprime/Ideal.c.o.export: OK
.lake/packages/mathlib/.lake/build/ir/Mathlib/RingTheory/Coprime/Ideal.c: OK
.lake/packages/mathlib/.lake/build/lib/lean/Mathlib/RingTheory/Coprime/Ideal.olean: OK
.lake/packages/mathlib/.lake/build/ir/Mathlib/RingTheory/Coprime/Lemmas.c.o.export: OK
.lake/packages/mathlib/.lake/build/ir/Mathlib/RingTheory/Coprime/Lemmas.c: OK
.lake/packages/mathlib/.lake/build/lib/lean/Mathlib/RingTheory/Coprime/Lemmas.olean: OK
.lake/packages/mathlib/.lake/build/ir/Mathlib/RingTheory/DedekindDomain/AdicValuation.c.o.export: OK
.lake/packages/mathlib/.lake/build/ir/Mathlib/RingTheory/DedekindDomain/AdicValuation.c: OK
.lake/packages/mathlib/.lake/build/lib/lean/Mathlib/RingTheory/DedekindDomain/AdicValuation.olean: OK
.lake/packages/mathlib/.lake/build/ir/Mathlib/RingTheory/DedekindDomain/Basic.c.o.export: OK
.lake/packages/mathlib/.lake/build/ir/Mathlib/RingTheory/DedekindDomain/Basic.c: OK
.lake/packages/mathlib/.lake/build/lib/lean/Mathlib/RingTheory/DedekindDomain/Basic.olean: OK
.lake/packages/mathlib/.lake/build/ir/Mathlib/RingTheory/DedekindDomain/Dvr.c.o.export: OK
.lake/packages/mathlib/.lake/build/ir/Mathlib/RingTheory/DedekindDomain/Dvr.c: OK
.lake/packages/mathlib/.lake/build/lib/lean/Mathlib/RingTheory/DedekindDomain/Dvr.olean: OK
.lake/packages/mathlib/.lake/build/ir/Mathlib/RingTheory/DedekindDomain/Ideal/Basic.c.o.export: OK
.lake/packages/mathlib/.lake/build/ir/Mathlib/RingTheory/DedekindDomain/Ideal/Basic.c: OK
.lake/packages/mathlib/.lake/build/lib/lean/Mathlib/RingTheory/DedekindDomain/Ideal/Basic.olean: OK
.lake/packages/mathlib/.lake/build/ir/Mathlib/RingTheory/DedekindDomain/Ideal/Lemmas.c.o.export: OK
.lake/packages/mathlib/.lake/build/ir/Mathlib/RingTheory/DedekindDomain/Ideal/Lemmas.c: OK
.lake/packages/mathlib/.lake/build/lib/lean/Mathlib/RingTheory/DedekindDomain/Ideal/Lemmas.olean: OK
.lake/packages/mathlib/.lake/build/ir/Mathlib/RingTheory/DedekindDomain/IntegralClosure.c.o.export: OK
.lake/packages/mathlib/.lake/build/ir/Mathlib/RingTheory/DedekindDomain/IntegralClosure.c: OK
.lake/packages/mathlib/.lake/build/lib/lean/Mathlib/RingTheory/DedekindDomain/IntegralClosure.olean: OK
.lake/packages/mathlib/.lake/build/ir/Mathlib/RingTheory/DiscreteValuationRing/Basic.c.o.export: OK
.lake/packages/mathlib/.lake/build/ir/Mathlib/RingTheory/DiscreteValuationRing/Basic.c: OK
.lake/packages/mathlib/.lake/build/lib/lean/Mathlib/RingTheory/DiscreteValuationRing/Basic.olean: OK
.lake/packages/mathlib/.lake/build/ir/Mathlib/RingTheory/DiscreteValuationRing/TFAE.c.o.export: OK
.lake/packages/mathlib/.lake/build/ir/Mathlib/RingTheory/DiscreteValuationRing/TFAE.c: OK
.lake/packages/mathlib/.lake/build/lib/lean/Mathlib/RingTheory/DiscreteValuationRing/TFAE.olean: OK
.lake/packages/mathlib/.lake/build/ir/Mathlib/RingTheory/EssentialFiniteness.c.o.export: OK
.lake/packages/mathlib/.lake/build/ir/Mathlib/RingTheory/EssentialFiniteness.c: OK
.lake/packages/mathlib/.lake/build/lib/lean/Mathlib/RingTheory/EssentialFiniteness.olean: OK
.lake/packages/mathlib/.lake/build/ir/Mathlib/RingTheory/EuclideanDomain.c.o.export: OK
.lake/packages/mathlib/.lake/build/ir/Mathlib/RingTheory/EuclideanDomain.c: OK
.lake/packages/mathlib/.lake/build/lib/lean/Mathlib/RingTheory/EuclideanDomain.olean: OK
.lake/packages/mathlib/.lake/build/ir/Mathlib/RingTheory/Filtration.c.o.export: OK
.lake/packages/mathlib/.lake/build/ir/Mathlib/RingTheory/Filtration.c: OK
.lake/packages/mathlib/.lake/build/lib/lean/Mathlib/RingTheory/Filtration.olean: OK
.lake/packages/mathlib/.lake/build/ir/Mathlib/RingTheory/FiniteLength.c.o.export: OK
.lake/packages/mathlib/.lake/build/ir/Mathlib/RingTheory/FiniteLength.c: OK
.lake/packages/mathlib/.lake/build/lib/lean/Mathlib/RingTheory/FiniteLength.olean: OK
.lake/packages/mathlib/.lake/build/ir/Mathlib/RingTheory/FinitePresentation.c.o.export: OK
.lake/packages/mathlib/.lake/build/ir/Mathlib/RingTheory/FinitePresentation.c: OK
.lake/packages/mathlib/.lake/build/lib/lean/Mathlib/RingTheory/FinitePresentation.olean: OK
.lake/packages/mathlib/.lake/build/ir/Mathlib/RingTheory/FiniteType.c.o.export: OK
.lake/packages/mathlib/.lake/build/ir/Mathlib/RingTheory/FiniteType.c: OK
.lake/packages/mathlib/.lake/build/lib/lean/Mathlib/RingTheory/FiniteType.olean: OK
.lake/packages/mathlib/.lake/build/ir/Mathlib/RingTheory/Finiteness/Basic.c.o.export: OK
.lake/packages/mathlib/.lake/build/ir/Mathlib/RingTheory/Finiteness/Basic.c: OK
.lake/packages/mathlib/.lake/build/lib/lean/Mathlib/RingTheory/Finiteness/Basic.olean: OK
.lake/packages/mathlib/.lake/build/ir/Mathlib/RingTheory/Finiteness/Bilinear.c.o.export: OK
.lake/packages/mathlib/.lake/build/ir/Mathlib/RingTheory/Finiteness/Bilinear.c: OK
.lake/packages/mathlib/.lake/build/lib/lean/Mathlib/RingTheory/Finiteness/Bilinear.olean: OK
.lake/packages/mathlib/.lake/build/ir/Mathlib/RingTheory/Finiteness/Cardinality.c.o.export: OK
.lake/packages/mathlib/.lake/build/ir/Mathlib/RingTheory/Finiteness/Cardinality.c: OK
.lake/packages/mathlib/.lake/build/lib/lean/Mathlib/RingTheory/Finiteness/Cardinality.olean: OK
.lake/packages/mathlib/.lake/build/ir/Mathlib/RingTheory/Finiteness/Defs.c.o.export: OK
.lake/packages/mathlib/.lake/build/ir/Mathlib/RingTheory/Finiteness/Defs.c: OK
.lake/packages/mathlib/.lake/build/lib/lean/Mathlib/RingTheory/Finiteness/Defs.olean: OK
.lake/packages/mathlib/.lake/build/ir/Mathlib/RingTheory/Finiteness/Finsupp.c.o.export: OK
.lake/packages/mathlib/.lake/build/ir/Mathlib/RingTheory/Finiteness/Finsupp.c: OK
.lake/packages/mathlib/.lake/build/lib/lean/Mathlib/RingTheory/Finiteness/Finsupp.olean: OK
.lake/packages/mathlib/.lake/build/ir/Mathlib/RingTheory/Finiteness/Ideal.c.o.export: OK
.lake/packages/mathlib/.lake/build/ir/Mathlib/RingTheory/Finiteness/Ideal.c: OK
.lake/packages/mathlib/.lake/build/lib/lean/Mathlib/RingTheory/Finiteness/Ideal.olean: OK
.lake/packages/mathlib/.lake/build/ir/Mathlib/RingTheory/Finiteness/Lattice.c.o.export: OK
.lake/packages/mathlib/.lake/build/ir/Mathlib/RingTheory/Finiteness/Lattice.c: OK
.lake/packages/mathlib/.lake/build/lib/lean/Mathlib/RingTheory/Finiteness/Lattice.olean: OK
.lake/packages/mathlib/.lake/build/ir/Mathlib/RingTheory/Finiteness/Nakayama.c.o.export: OK
.lake/packages/mathlib/.lake/build/ir/Mathlib/RingTheory/Finiteness/Nakayama.c: OK
.lake/packages/mathlib/.lake/build/lib/lean/Mathlib/RingTheory/Finiteness/Nakayama.olean: OK
.lake/packages/mathlib/.lake/build/ir/Mathlib/RingTheory/Finiteness/Prod.c.o.export: OK
.lake/packages/mathlib/.lake/build/ir/Mathlib/RingTheory/Finiteness/Prod.c: OK
.lake/packages/mathlib/.lake/build/lib/lean/Mathlib/RingTheory/Finiteness/Prod.olean: OK
.lake/packages/mathlib/.lake/build/ir/Mathlib/RingTheory/Finiteness/Projective.c.o.export: OK
.lake/packages/mathlib/.lake/build/ir/Mathlib/RingTheory/Finiteness/Projective.c: OK
.lake/packages/mathlib/.lake/build/lib/lean/Mathlib/RingTheory/Finiteness/Projective.olean: OK
.lake/packages/mathlib/.lake/build/ir/Mathlib/RingTheory/Finiteness/Subalgebra.c.o.export: OK
.lake/packages/mathlib/.lake/build/ir/Mathlib/RingTheory/Finiteness/Subalgebra.c: OK
.lake/packages/mathlib/.lake/build/lib/lean/Mathlib/RingTheory/Finiteness/Subalgebra.olean: OK
.lake/packages/mathlib/.lake/build/ir/Mathlib/RingTheory/FractionalIdeal/Basic.c.o.export: OK
.lake/packages/mathlib/.lake/build/ir/Mathlib/RingTheory/FractionalIdeal/Basic.c: OK
.lake/packages/mathlib/.lake/build/lib/lean/Mathlib/RingTheory/FractionalIdeal/Basic.olean: OK
.lake/packages/mathlib/.lake/build/ir/Mathlib/RingTheory/FractionalIdeal/Inverse.c.o.export: OK
.lake/packages/mathlib/.lake/build/ir/Mathlib/RingTheory/FractionalIdeal/Inverse.c: OK
.lake/packages/mathlib/.lake/build/lib/lean/Mathlib/RingTheory/FractionalIdeal/Inverse.olean: OK
.lake/packages/mathlib/.lake/build/ir/Mathlib/RingTheory/FractionalIdeal/Operations.c.o.export: OK
.lake/packages/mathlib/.lake/build/ir/Mathlib/RingTheory/FractionalIdeal/Operations.c: OK
.lake/packages/mathlib/.lake/build/lib/lean/Mathlib/RingTheory/FractionalIdeal/Operations.olean: OK
.lake/packages/mathlib/.lake/build/ir/Mathlib/RingTheory/Ideal/Basic.c.o.export: OK
.lake/packages/mathlib/.lake/build/ir/Mathlib/RingTheory/Ideal/Basic.c: OK
.lake/packages/mathlib/.lake/build/lib/lean/Mathlib/RingTheory/Ideal/Basic.olean: OK
.lake/packages/mathlib/.lake/build/ir/Mathlib/RingTheory/Ideal/BigOperators.c.o.export: OK
.lake/packages/mathlib/.lake/build/ir/Mathlib/RingTheory/Ideal/BigOperators.c: OK
.lake/packages/mathlib/.lake/build/lib/lean/Mathlib/RingTheory/Ideal/BigOperators.olean: OK
.lake/packages/mathlib/.lake/build/ir/Mathlib/RingTheory/Ideal/Colon.c.o.export: OK
.lake/packages/mathlib/.lake/build/ir/Mathlib/RingTheory/Ideal/Colon.c: OK
.lake/packages/mathlib/.lake/build/lib/lean/Mathlib/RingTheory/Ideal/Colon.olean: OK
.lake/packages/mathlib/.lake/build/ir/Mathlib/RingTheory/Ideal/Cotangent.c.o.export: OK
.lake/packages/mathlib/.lake/build/ir/Mathlib/RingTheory/Ideal/Cotangent.c: OK
.lake/packages/mathlib/.lake/build/lib/lean/Mathlib/RingTheory/Ideal/Cotangent.olean: OK
.lake/packages/mathlib/.lake/build/ir/Mathlib/RingTheory/Ideal/Defs.c.o.export: OK
.lake/packages/mathlib/.lake/build/ir/Mathlib/RingTheory/Ideal/Defs.c: OK
.lake/packages/mathlib/.lake/build/lib/lean/Mathlib/RingTheory/Ideal/Defs.olean: OK
.lake/packages/mathlib/.lake/build/ir/Mathlib/RingTheory/Ideal/GoingUp.c.o.export: OK
.lake/packages/mathlib/.lake/build/ir/Mathlib/RingTheory/Ideal/GoingUp.c: OK
.lake/packages/mathlib/.lake/build/lib/lean/Mathlib/RingTheory/Ideal/GoingUp.olean: OK
.lake/packages/mathlib/.lake/build/ir/Mathlib/RingTheory/Ideal/IsPrimary.c.o.export: OK
.lake/packages/mathlib/.lake/build/ir/Mathlib/RingTheory/Ideal/IsPrimary.c: OK
.lake/packages/mathlib/.lake/build/lib/lean/Mathlib/RingTheory/Ideal/IsPrimary.olean: OK
.lake/packages/mathlib/.lake/build/ir/Mathlib/RingTheory/Ideal/Lattice.c.o.export: OK
.lake/packages/mathlib/.lake/build/ir/Mathlib/RingTheory/Ideal/Lattice.c: OK
.lake/packages/mathlib/.lake/build/lib/lean/Mathlib/RingTheory/Ideal/Lattice.olean: OK
.lake/packages/mathlib/.lake/build/ir/Mathlib/RingTheory/Ideal/Maps.c.o.export: OK
.lake/packages/mathlib/.lake/build/ir/Mathlib/RingTheory/Ideal/Maps.c: OK
.lake/packages/mathlib/.lake/build/lib/lean/Mathlib/RingTheory/Ideal/Maps.olean: OK
.lake/packages/mathlib/.lake/build/ir/Mathlib/RingTheory/Ideal/Maximal.c.o.export: OK
.lake/packages/mathlib/.lake/build/ir/Mathlib/RingTheory/Ideal/Maximal.c: OK
.lake/packages/mathlib/.lake/build/lib/lean/Mathlib/RingTheory/Ideal/Maximal.olean: OK
.lake/packages/mathlib/.lake/build/ir/Mathlib/RingTheory/Ideal/MinimalPrime/Basic.c.o.export: OK
.lake/packages/mathlib/.lake/build/ir/Mathlib/RingTheory/Ideal/MinimalPrime/Basic.c: OK
.lake/packages/mathlib/.lake/build/lib/lean/Mathlib/RingTheory/Ideal/MinimalPrime/Basic.olean: OK
.lake/packages/mathlib/.lake/build/ir/Mathlib/RingTheory/Ideal/MinimalPrime/Localization.c.o.export: OK
.lake/packages/mathlib/.lake/build/ir/Mathlib/RingTheory/Ideal/MinimalPrime/Localization.c: OK
.lake/packages/mathlib/.lake/build/lib/lean/Mathlib/RingTheory/Ideal/MinimalPrime/Localization.olean: OK
.lake/packages/mathlib/.lake/build/ir/Mathlib/RingTheory/Ideal/Nonunits.c.o.export: OK
.lake/packages/mathlib/.lake/build/ir/Mathlib/RingTheory/Ideal/Nonunits.c: OK
.lake/packages/mathlib/.lake/build/lib/lean/Mathlib/RingTheory/Ideal/Nonunits.olean: OK
.lake/packages/mathlib/.lake/build/ir/Mathlib/RingTheory/Ideal/Operations.c.o.export: OK
.lake/packages/mathlib/.lake/build/ir/Mathlib/RingTheory/Ideal/Operations.c: OK
.lake/packages/mathlib/.lake/build/lib/lean/Mathlib/RingTheory/Ideal/Operations.olean: OK
.lake/packages/mathlib/.lake/build/ir/Mathlib/RingTheory/Ideal/Over.c.o.export: OK
.lake/packages/mathlib/.lake/build/ir/Mathlib/RingTheory/Ideal/Over.c: OK
.lake/packages/mathlib/.lake/build/lib/lean/Mathlib/RingTheory/Ideal/Over.olean: OK
.lake/packages/mathlib/.lake/build/ir/Mathlib/RingTheory/Ideal/Pointwise.c.o.export: OK
.lake/packages/mathlib/.lake/build/ir/Mathlib/RingTheory/Ideal/Pointwise.c: OK
.lake/packages/mathlib/.lake/build/lib/lean/Mathlib/RingTheory/Ideal/Pointwise.olean: OK
.lake/packages/mathlib/.lake/build/ir/Mathlib/RingTheory/Ideal/Prime.c.o.export: OK
.lake/packages/mathlib/.lake/build/ir/Mathlib/RingTheory/Ideal/Prime.c: OK
.lake/packages/mathlib/.lake/build/lib/lean/Mathlib/RingTheory/Ideal/Prime.olean: OK
.lake/packages/mathlib/.lake/build/ir/Mathlib/RingTheory/Ideal/Prod.c.o.export: OK
.lake/packages/mathlib/.lake/build/ir/Mathlib/RingTheory/Ideal/Prod.c: OK
.lake/packages/mathlib/.lake/build/lib/lean/Mathlib/RingTheory/Ideal/Prod.olean: OK
.lake/packages/mathlib/.lake/build/ir/Mathlib/RingTheory/Ideal/Quotient/Basic.c.o.export: OK
.lake/packages/mathlib/.lake/build/ir/Mathlib/RingTheory/Ideal/Quotient/Basic.c: OK
.lake/packages/mathlib/.lake/build/lib/lean/Mathlib/RingTheory/Ideal/Quotient/Basic.olean: OK
.lake/packages/mathlib/.lake/build/ir/Mathlib/RingTheory/Ideal/Quotient/Defs.c.o.export: OK
.lake/packages/mathlib/.lake/build/ir/Mathlib/RingTheory/Ideal/Quotient/Defs.c: OK
.lake/packages/mathlib/.lake/build/lib/lean/Mathlib/RingTheory/Ideal/Quotient/Defs.olean: OK
.lake/packages/mathlib/.lake/build/ir/Mathlib/RingTheory/Ideal/Quotient/Nilpotent.c.o.export: OK
.lake/packages/mathlib/.lake/build/ir/Mathlib/RingTheory/Ideal/Quotient/Nilpotent.c: OK
.lake/packages/mathlib/.lake/build/lib/lean/Mathlib/RingTheory/Ideal/Quotient/Nilpotent.olean: OK
.lake/packages/mathlib/.lake/build/ir/Mathlib/RingTheory/Ideal/Quotient/Noetherian.c.o.export: OK
.lake/packages/mathlib/.lake/build/ir/Mathlib/RingTheory/Ideal/Quotient/Noetherian.c: OK
.lake/packages/mathlib/.lake/build/lib/lean/Mathlib/RingTheory/Ideal/Quotient/Noetherian.olean: OK
.lake/packages/mathlib/.lake/build/ir/Mathlib/RingTheory/Ideal/Quotient/Operations.c.o.export: OK
.lake/packages/mathlib/.lake/build/ir/Mathlib/RingTheory/Ideal/Quotient/Operations.c: OK
.lake/packages/mathlib/.lake/build/lib/lean/Mathlib/RingTheory/Ideal/Quotient/Operations.olean: OK
.lake/packages/mathlib/.lake/build/ir/Mathlib/RingTheory/Ideal/Quotient/PowTransition.c.o.export: OK
.lake/packages/mathlib/.lake/build/ir/Mathlib/RingTheory/Ideal/Quotient/PowTransition.c: OK
.lake/packages/mathlib/.lake/build/lib/lean/Mathlib/RingTheory/Ideal/Quotient/PowTransition.olean: OK
.lake/packages/mathlib/.lake/build/ir/Mathlib/RingTheory/Ideal/Span.c.o.export: OK
.lake/packages/mathlib/.lake/build/ir/Mathlib/RingTheory/Ideal/Span.c: OK
.lake/packages/mathlib/.lake/build/lib/lean/Mathlib/RingTheory/Ideal/Span.olean: OK
.lake/packages/mathlib/.lake/build/ir/Mathlib/RingTheory/Int/Basic.c.o.export: OK
.lake/packages/mathlib/.lake/build/ir/Mathlib/RingTheory/Int/Basic.c: OK
.lake/packages/mathlib/.lake/build/lib/lean/Mathlib/RingTheory/Int/Basic.olean: OK
.lake/packages/mathlib/.lake/build/ir/Mathlib/RingTheory/IntegralClosure/Algebra/Basic.c.o.export: OK
.lake/packages/mathlib/.lake/build/ir/Mathlib/RingTheory/IntegralClosure/Algebra/Basic.c: OK
.lake/packages/mathlib/.lake/build/lib/lean/Mathlib/RingTheory/IntegralClosure/Algebra/Basic.olean: OK
.lake/packages/mathlib/.lake/build/ir/Mathlib/RingTheory/IntegralClosure/Algebra/Defs.c.o.export: OK
.lake/packages/mathlib/.lake/build/ir/Mathlib/RingTheory/IntegralClosure/Algebra/Defs.c: OK
.lake/packages/mathlib/.lake/build/lib/lean/Mathlib/RingTheory/IntegralClosure/Algebra/Defs.olean: OK
.lake/packages/mathlib/.lake/build/ir/Mathlib/RingTheory/IntegralClosure/IntegrallyClosed.c.o.export: OK
.lake/packages/mathlib/.lake/build/ir/Mathlib/RingTheory/IntegralClosure/IntegrallyClosed.c: OK
.lake/packages/mathlib/.lake/build/lib/lean/Mathlib/RingTheory/IntegralClosure/IntegrallyClosed.olean: OK
.lake/packages/mathlib/.lake/build/ir/Mathlib/RingTheory/IntegralClosure/IsIntegral/Basic.c.o.export: OK
.lake/packages/mathlib/.lake/build/ir/Mathlib/RingTheory/IntegralClosure/IsIntegral/Basic.c: OK
.lake/packages/mathlib/.lake/build/lib/lean/Mathlib/RingTheory/IntegralClosure/IsIntegral/Basic.olean: OK
.lake/packages/mathlib/.lake/build/ir/Mathlib/RingTheory/IntegralClosure/IsIntegral/Defs.c.o.export: OK
.lake/packages/mathlib/.lake/build/ir/Mathlib/RingTheory/IntegralClosure/IsIntegral/Defs.c: OK
.lake/packages/mathlib/.lake/build/lib/lean/Mathlib/RingTheory/IntegralClosure/IsIntegral/Defs.olean: OK
.lake/packages/mathlib/.lake/build/ir/Mathlib/RingTheory/IntegralClosure/IsIntegralClosure/Basic.c.o.export: OK
.lake/packages/mathlib/.lake/build/ir/Mathlib/RingTheory/IntegralClosure/IsIntegralClosure/Basic.c: OK
.lake/packages/mathlib/.lake/build/lib/lean/Mathlib/RingTheory/IntegralClosure/IsIntegralClosure/Basic.olean: OK
.lake/packages/mathlib/.lake/build/ir/Mathlib/RingTheory/IntegralClosure/IsIntegralClosure/Defs.c.o.export: OK
.lake/packages/mathlib/.lake/build/ir/Mathlib/RingTheory/IntegralClosure/IsIntegralClosure/Defs.c: OK
.lake/packages/mathlib/.lake/build/lib/lean/Mathlib/RingTheory/IntegralClosure/IsIntegralClosure/Defs.olean: OK
.lake/packages/mathlib/.lake/build/ir/Mathlib/RingTheory/IntegralDomain.c.o.export: OK
.lake/packages/mathlib/.lake/build/ir/Mathlib/RingTheory/IntegralDomain.c: OK
.lake/packages/mathlib/.lake/build/lib/lean/Mathlib/RingTheory/IntegralDomain.olean: OK
.lake/packages/mathlib/.lake/build/ir/Mathlib/RingTheory/IsPrimary.c.o.export: OK
.lake/packages/mathlib/.lake/build/ir/Mathlib/RingTheory/IsPrimary.c: OK
.lake/packages/mathlib/.lake/build/lib/lean/Mathlib/RingTheory/IsPrimary.olean: OK
.lake/packages/mathlib/.lake/build/ir/Mathlib/RingTheory/IsTensorProduct.c.o.export: OK
.lake/packages/mathlib/.lake/build/ir/Mathlib/RingTheory/IsTensorProduct.c: OK
.lake/packages/mathlib/.lake/build/lib/lean/Mathlib/RingTheory/IsTensorProduct.olean: OK
.lake/packages/mathlib/.lake/build/ir/Mathlib/RingTheory/Jacobson/Ideal.c.o.export: OK
.lake/packages/mathlib/.lake/build/ir/Mathlib/RingTheory/Jacobson/Ideal.c: OK
.lake/packages/mathlib/.lake/build/lib/lean/Mathlib/RingTheory/Jacobson/Ideal.olean: OK
.lake/packages/mathlib/.lake/build/ir/Mathlib/RingTheory/Jacobson/Polynomial.c.o.export: OK
.lake/packages/mathlib/.lake/build/ir/Mathlib/RingTheory/Jacobson/Polynomial.c: OK
.lake/packages/mathlib/.lake/build/lib/lean/Mathlib/RingTheory/Jacobson/Polynomial.olean: OK
.lake/packages/mathlib/.lake/build/ir/Mathlib/RingTheory/Jacobson/Radical.c.o.export: OK
.lake/packages/mathlib/.lake/build/ir/Mathlib/RingTheory/Jacobson/Radical.c: OK
.lake/packages/mathlib/.lake/build/lib/lean/Mathlib/RingTheory/Jacobson/Radical.olean: OK
.lake/packages/mathlib/.lake/build/ir/Mathlib/RingTheory/Jacobson/Ring.c.o.export: OK
.lake/packages/mathlib/.lake/build/ir/Mathlib/RingTheory/Jacobson/Ring.c: OK
.lake/packages/mathlib/.lake/build/lib/lean/Mathlib/RingTheory/Jacobson/Ring.olean: OK
.lake/packages/mathlib/.lake/build/ir/Mathlib/RingTheory/Jacobson/Semiprimary.c.o.export: OK
.lake/packages/mathlib/.lake/build/ir/Mathlib/RingTheory/Jacobson/Semiprimary.c: OK
.lake/packages/mathlib/.lake/build/lib/lean/Mathlib/RingTheory/Jacobson/Semiprimary.olean: OK
.lake/packages/mathlib/.lake/build/ir/Mathlib/RingTheory/KrullDimension/Basic.c.o.export: OK
.lake/packages/mathlib/.lake/build/ir/Mathlib/RingTheory/KrullDimension/Basic.c: OK
.lake/packages/mathlib/.lake/build/lib/lean/Mathlib/RingTheory/KrullDimension/Basic.olean: OK
.lake/packages/mathlib/.lake/build/ir/Mathlib/RingTheory/KrullDimension/Zero.c.o.export: OK
.lake/packages/mathlib/.lake/build/ir/Mathlib/RingTheory/KrullDimension/Zero.c: OK
.lake/packages/mathlib/.lake/build/lib/lean/Mathlib/RingTheory/KrullDimension/Zero.olean: OK
.lake/packages/mathlib/.lake/build/ir/Mathlib/RingTheory/Length.c.o.export: OK
.lake/packages/mathlib/.lake/build/ir/Mathlib/RingTheory/Length.c: OK
.lake/packages/mathlib/.lake/build/lib/lean/Mathlib/RingTheory/Length.olean: OK
.lake/packages/mathlib/.lake/build/ir/Mathlib/RingTheory/LocalProperties/Basic.c.o.export: OK
.lake/packages/mathlib/.lake/build/ir/Mathlib/RingTheory/LocalProperties/Basic.c: OK
.lake/packages/mathlib/.lake/build/lib/lean/Mathlib/RingTheory/LocalProperties/Basic.olean: OK
.lake/packages/mathlib/.lake/build/ir/Mathlib/RingTheory/LocalProperties/IntegrallyClosed.c.o.export: OK
.lake/packages/mathlib/.lake/build/ir/Mathlib/RingTheory/LocalProperties/IntegrallyClosed.c: OK
.lake/packages/mathlib/.lake/build/lib/lean/Mathlib/RingTheory/LocalProperties/IntegrallyClosed.olean: OK
.lake/packages/mathlib/.lake/build/ir/Mathlib/RingTheory/LocalProperties/Submodule.c.o.export: OK
.lake/packages/mathlib/.lake/build/ir/Mathlib/RingTheory/LocalProperties/Submodule.c: OK
.lake/packages/mathlib/.lake/build/lib/lean/Mathlib/RingTheory/LocalProperties/Submodule.olean: OK
.lake/packages/mathlib/.lake/build/ir/Mathlib/RingTheory/LocalRing/Basic.c.o.export: OK
.lake/packages/mathlib/.lake/build/ir/Mathlib/RingTheory/LocalRing/Basic.c: OK
.lake/packages/mathlib/.lake/build/lib/lean/Mathlib/RingTheory/LocalRing/Basic.olean: OK
.lake/packages/mathlib/.lake/build/ir/Mathlib/RingTheory/LocalRing/Defs.c.o.export: OK
.lake/packages/mathlib/.lake/build/ir/Mathlib/RingTheory/LocalRing/Defs.c: OK
.lake/packages/mathlib/.lake/build/lib/lean/Mathlib/RingTheory/LocalRing/Defs.olean: OK
.lake/packages/mathlib/.lake/build/ir/Mathlib/RingTheory/LocalRing/MaximalIdeal/Basic.c.o.export: OK
.lake/packages/mathlib/.lake/build/ir/Mathlib/RingTheory/LocalRing/MaximalIdeal/Basic.c: OK
.lake/packages/mathlib/.lake/build/lib/lean/Mathlib/RingTheory/LocalRing/MaximalIdeal/Basic.olean: OK
.lake/packages/mathlib/.lake/build/ir/Mathlib/RingTheory/LocalRing/MaximalIdeal/Defs.c.o.export: OK
.lake/packages/mathlib/.lake/build/ir/Mathlib/RingTheory/LocalRing/MaximalIdeal/Defs.c: OK
.lake/packages/mathlib/.lake/build/lib/lean/Mathlib/RingTheory/LocalRing/MaximalIdeal/Defs.olean: OK
.lake/packages/mathlib/.lake/build/ir/Mathlib/RingTheory/LocalRing/ResidueField/Basic.c.o.export: OK
.lake/packages/mathlib/.lake/build/ir/Mathlib/RingTheory/LocalRing/ResidueField/Basic.c: OK
.lake/packages/mathlib/.lake/build/lib/lean/Mathlib/RingTheory/LocalRing/ResidueField/Basic.olean: OK
.lake/packages/mathlib/.lake/build/ir/Mathlib/RingTheory/LocalRing/ResidueField/Defs.c.o.export: OK
.lake/packages/mathlib/.lake/build/ir/Mathlib/RingTheory/LocalRing/ResidueField/Defs.c: OK
.lake/packages/mathlib/.lake/build/lib/lean/Mathlib/RingTheory/LocalRing/ResidueField/Defs.olean: OK
.lake/packages/mathlib/.lake/build/ir/Mathlib/RingTheory/LocalRing/ResidueField/Ideal.c.o.export: OK
.lake/packages/mathlib/.lake/build/ir/Mathlib/RingTheory/LocalRing/ResidueField/Ideal.c: OK
.lake/packages/mathlib/.lake/build/lib/lean/Mathlib/RingTheory/LocalRing/ResidueField/Ideal.olean: OK
.lake/packages/mathlib/.lake/build/ir/Mathlib/RingTheory/LocalRing/RingHom/Basic.c.o.export: OK
.lake/packages/mathlib/.lake/build/ir/Mathlib/RingTheory/LocalRing/RingHom/Basic.c: OK
.lake/packages/mathlib/.lake/build/lib/lean/Mathlib/RingTheory/LocalRing/RingHom/Basic.olean: OK
.lake/packages/mathlib/.lake/build/ir/Mathlib/RingTheory/Localization/Algebra.c.o.export: OK
.lake/packages/mathlib/.lake/build/ir/Mathlib/RingTheory/Localization/Algebra.c: OK
.lake/packages/mathlib/.lake/build/lib/lean/Mathlib/RingTheory/Localization/Algebra.olean: OK
.lake/packages/mathlib/.lake/build/ir/Mathlib/RingTheory/Localization/AsSubring.c.o.export: OK
.lake/packages/mathlib/.lake/build/ir/Mathlib/RingTheory/Localization/AsSubring.c: OK
.lake/packages/mathlib/.lake/build/lib/lean/Mathlib/RingTheory/Localization/AsSubring.olean: OK
.lake/packages/mathlib/.lake/build/ir/Mathlib/RingTheory/Localization/AtPrime/Basic.c.o.export: OK
.lake/packages/mathlib/.lake/build/ir/Mathlib/RingTheory/Localization/AtPrime/Basic.c: OK
.lake/packages/mathlib/.lake/build/lib/lean/Mathlib/RingTheory/Localization/AtPrime/Basic.olean: OK
.lake/packages/mathlib/.lake/build/ir/Mathlib/RingTheory/Localization/Away/Basic.c.o.export: OK
.lake/packages/mathlib/.lake/build/ir/Mathlib/RingTheory/Localization/Away/Basic.c: OK
.lake/packages/mathlib/.lake/build/lib/lean/Mathlib/RingTheory/Localization/Away/Basic.olean: OK
.lake/packages/mathlib/.lake/build/ir/Mathlib/RingTheory/Localization/BaseChange.c.o.export: OK
.lake/packages/mathlib/.lake/build/ir/Mathlib/RingTheory/Localization/BaseChange.c: OK
.lake/packages/mathlib/.lake/build/lib/lean/Mathlib/RingTheory/Localization/BaseChange.olean: OK
.lake/packages/mathlib/.lake/build/ir/Mathlib/RingTheory/Localization/Basic.c.o.export: OK
.lake/packages/mathlib/.lake/build/ir/Mathlib/RingTheory/Localization/Basic.c: OK
.lake/packages/mathlib/.lake/build/lib/lean/Mathlib/RingTheory/Localization/Basic.olean: OK
.lake/packages/mathlib/.lake/build/ir/Mathlib/RingTheory/Localization/Defs.c.o.export: OK
.lake/packages/mathlib/.lake/build/ir/Mathlib/RingTheory/Localization/Defs.c: OK
.lake/packages/mathlib/.lake/build/lib/lean/Mathlib/RingTheory/Localization/Defs.olean: OK
.lake/packages/mathlib/.lake/build/ir/Mathlib/RingTheory/Localization/FractionRing.c.o.export: OK
.lake/packages/mathlib/.lake/build/ir/Mathlib/RingTheory/Localization/FractionRing.c: OK
.lake/packages/mathlib/.lake/build/lib/lean/Mathlib/RingTheory/Localization/FractionRing.olean: OK
.lake/packages/mathlib/.lake/build/ir/Mathlib/RingTheory/Localization/Ideal.c.o.export: OK
.lake/packages/mathlib/.lake/build/ir/Mathlib/RingTheory/Localization/Ideal.c: OK
.lake/packages/mathlib/.lake/build/lib/lean/Mathlib/RingTheory/Localization/Ideal.olean: OK
.lake/packages/mathlib/.lake/build/ir/Mathlib/RingTheory/Localization/Integer.c.o.export: OK
.lake/packages/mathlib/.lake/build/ir/Mathlib/RingTheory/Localization/Integer.c: OK
.lake/packages/mathlib/.lake/build/lib/lean/Mathlib/RingTheory/Localization/Integer.olean: OK
.lake/packages/mathlib/.lake/build/ir/Mathlib/RingTheory/Localization/Integral.c.o.export: OK
.lake/packages/mathlib/.lake/build/ir/Mathlib/RingTheory/Localization/Integral.c: OK
.lake/packages/mathlib/.lake/build/lib/lean/Mathlib/RingTheory/Localization/Integral.olean: OK
.lake/packages/mathlib/.lake/build/ir/Mathlib/RingTheory/Localization/LocalizationLocalization.c.o.export: OK
.lake/packages/mathlib/.lake/build/ir/Mathlib/RingTheory/Localization/LocalizationLocalization.c: OK
.lake/packages/mathlib/.lake/build/lib/lean/Mathlib/RingTheory/Localization/LocalizationLocalization.olean: OK
.lake/packages/mathlib/.lake/build/ir/Mathlib/RingTheory/Localization/Module.c.o.export: OK
.lake/packages/mathlib/.lake/build/ir/Mathlib/RingTheory/Localization/Module.c: OK
.lake/packages/mathlib/.lake/build/lib/lean/Mathlib/RingTheory/Localization/Module.olean: OK
.lake/packages/mathlib/.lake/build/ir/Mathlib/RingTheory/Localization/NumDen.c.o.export: OK
.lake/packages/mathlib/.lake/build/ir/Mathlib/RingTheory/Localization/NumDen.c: OK
.lake/packages/mathlib/.lake/build/lib/lean/Mathlib/RingTheory/Localization/NumDen.olean: OK
.lake/packages/mathlib/.lake/build/ir/Mathlib/RingTheory/Localization/Submodule.c.o.export: OK
.lake/packages/mathlib/.lake/build/ir/Mathlib/RingTheory/Localization/Submodule.c: OK
.lake/packages/mathlib/.lake/build/lib/lean/Mathlib/RingTheory/Localization/Submodule.olean: OK
.lake/packages/mathlib/.lake/build/ir/Mathlib/RingTheory/MatrixAlgebra.c.o.export: OK
.lake/packages/mathlib/.lake/build/ir/Mathlib/RingTheory/MatrixAlgebra.c: OK
.lake/packages/mathlib/.lake/build/lib/lean/Mathlib/RingTheory/MatrixAlgebra.olean: OK
.lake/packages/mathlib/.lake/build/ir/Mathlib/RingTheory/MatrixPolynomialAlgebra.c.o.export: OK
.lake/packages/mathlib/.lake/build/ir/Mathlib/RingTheory/MatrixPolynomialAlgebra.c: OK
.lake/packages/mathlib/.lake/build/lib/lean/Mathlib/RingTheory/MatrixPolynomialAlgebra.olean: OK
.lake/packages/mathlib/.lake/build/ir/Mathlib/RingTheory/Multiplicity.c.o.export: OK
.lake/packages/mathlib/.lake/build/ir/Mathlib/RingTheory/Multiplicity.c: OK
.lake/packages/mathlib/.lake/build/lib/lean/Mathlib/RingTheory/Multiplicity.olean: OK
.lake/packages/mathlib/.lake/build/ir/Mathlib/RingTheory/MvPolynomial/Basic.c.o.export: OK
.lake/packages/mathlib/.lake/build/ir/Mathlib/RingTheory/MvPolynomial/Basic.c: OK
.lake/packages/mathlib/.lake/build/lib/lean/Mathlib/RingTheory/MvPolynomial/Basic.olean: OK
.lake/packages/mathlib/.lake/build/ir/Mathlib/RingTheory/MvPolynomial/Symmetric/Defs.c.o.export: OK
.lake/packages/mathlib/.lake/build/ir/Mathlib/RingTheory/MvPolynomial/Symmetric/Defs.c: OK
.lake/packages/mathlib/.lake/build/lib/lean/Mathlib/RingTheory/MvPolynomial/Symmetric/Defs.olean: OK
.lake/packages/mathlib/.lake/build/ir/Mathlib/RingTheory/MvPolynomial/Tower.c.o.export: OK
.lake/packages/mathlib/.lake/build/ir/Mathlib/RingTheory/MvPolynomial/Tower.c: OK
.lake/packages/mathlib/.lake/build/lib/lean/Mathlib/RingTheory/MvPolynomial/Tower.olean: OK
.lake/packages/mathlib/.lake/build/ir/Mathlib/RingTheory/MvPowerSeries/Basic.c.o.export: OK
.lake/packages/mathlib/.lake/build/ir/Mathlib/RingTheory/MvPowerSeries/Basic.c: OK
.lake/packages/mathlib/.lake/build/lib/lean/Mathlib/RingTheory/MvPowerSeries/Basic.olean: OK
.lake/packages/mathlib/.lake/build/ir/Mathlib/RingTheory/Nakayama.c.o.export: OK
.lake/packages/mathlib/.lake/build/ir/Mathlib/RingTheory/Nakayama.c: OK
.lake/packages/mathlib/.lake/build/lib/lean/Mathlib/RingTheory/Nakayama.olean: OK
.lake/packages/mathlib/.lake/build/ir/Mathlib/RingTheory/Nilpotent/Basic.c.o.export: OK
.lake/packages/mathlib/.lake/build/ir/Mathlib/RingTheory/Nilpotent/Basic.c: OK
.lake/packages/mathlib/.lake/build/lib/lean/Mathlib/RingTheory/Nilpotent/Basic.olean: OK
.lake/packages/mathlib/.lake/build/ir/Mathlib/RingTheory/Nilpotent/Defs.c.o.export: OK
.lake/packages/mathlib/.lake/build/ir/Mathlib/RingTheory/Nilpotent/Defs.c: OK
.lake/packages/mathlib/.lake/build/lib/lean/Mathlib/RingTheory/Nilpotent/Defs.olean: OK
.lake/packages/mathlib/.lake/build/ir/Mathlib/RingTheory/Nilpotent/Lemmas.c.o.export: OK
.lake/packages/mathlib/.lake/build/ir/Mathlib/RingTheory/Nilpotent/Lemmas.c: OK
.lake/packages/mathlib/.lake/build/lib/lean/Mathlib/RingTheory/Nilpotent/Lemmas.olean: OK
.lake/packages/mathlib/.lake/build/ir/Mathlib/RingTheory/Noetherian/Basic.c.o.export: OK
.lake/packages/mathlib/.lake/build/ir/Mathlib/RingTheory/Noetherian/Basic.c: OK
.lake/packages/mathlib/.lake/build/lib/lean/Mathlib/RingTheory/Noetherian/Basic.olean: OK
.lake/packages/mathlib/.lake/build/ir/Mathlib/RingTheory/Noetherian/Defs.c.o.export: OK
.lake/packages/mathlib/.lake/build/ir/Mathlib/RingTheory/Noetherian/Defs.c: OK
.lake/packages/mathlib/.lake/build/lib/lean/Mathlib/RingTheory/Noetherian/Defs.olean: OK
.lake/packages/mathlib/.lake/build/ir/Mathlib/RingTheory/Noetherian/Orzech.c.o.export: OK
.lake/packages/mathlib/.lake/build/ir/Mathlib/RingTheory/Noetherian/Orzech.c: OK
.lake/packages/mathlib/.lake/build/lib/lean/Mathlib/RingTheory/Noetherian/Orzech.olean: OK
.lake/packages/mathlib/.lake/build/ir/Mathlib/RingTheory/Noetherian/UniqueFactorizationDomain.c.o.export: OK
.lake/packages/mathlib/.lake/build/ir/Mathlib/RingTheory/Noetherian/UniqueFactorizationDomain.c: OK
.lake/packages/mathlib/.lake/build/lib/lean/Mathlib/RingTheory/Noetherian/UniqueFactorizationDomain.olean: OK
.lake/packages/mathlib/.lake/build/ir/Mathlib/RingTheory/NonUnitalSubring/Basic.c.o.export: OK
.lake/packages/mathlib/.lake/build/ir/Mathlib/RingTheory/NonUnitalSubring/Basic.c: OK
.lake/packages/mathlib/.lake/build/lib/lean/Mathlib/RingTheory/NonUnitalSubring/Basic.olean: OK
.lake/packages/mathlib/.lake/build/ir/Mathlib/RingTheory/NonUnitalSubring/Defs.c.o.export: OK
.lake/packages/mathlib/.lake/build/ir/Mathlib/RingTheory/NonUnitalSubring/Defs.c: OK
.lake/packages/mathlib/.lake/build/lib/lean/Mathlib/RingTheory/NonUnitalSubring/Defs.olean: OK
.lake/packages/mathlib/.lake/build/ir/Mathlib/RingTheory/NonUnitalSubsemiring/Basic.c.o.export: OK
.lake/packages/mathlib/.lake/build/ir/Mathlib/RingTheory/NonUnitalSubsemiring/Basic.c: OK
.lake/packages/mathlib/.lake/build/lib/lean/Mathlib/RingTheory/NonUnitalSubsemiring/Basic.olean: OK
.lake/packages/mathlib/.lake/build/ir/Mathlib/RingTheory/NonUnitalSubsemiring/Defs.c.o.export: OK
.lake/packages/mathlib/.lake/build/ir/Mathlib/RingTheory/NonUnitalSubsemiring/Defs.c: OK
.lake/packages/mathlib/.lake/build/lib/lean/Mathlib/RingTheory/NonUnitalSubsemiring/Defs.olean: OK
.lake/packages/mathlib/.lake/build/ir/Mathlib/RingTheory/Norm/Basic.c.o.export: OK
.lake/packages/mathlib/.lake/build/ir/Mathlib/RingTheory/Norm/Basic.c: OK
.lake/packages/mathlib/.lake/build/lib/lean/Mathlib/RingTheory/Norm/Basic.olean: OK
.lake/packages/mathlib/.lake/build/ir/Mathlib/RingTheory/Norm/Defs.c.o.export: OK
.lake/packages/mathlib/.lake/build/ir/Mathlib/RingTheory/Norm/Defs.c: OK
.lake/packages/mathlib/.lake/build/lib/lean/Mathlib/RingTheory/Norm/Defs.olean: OK
.lake/packages/mathlib/.lake/build/ir/Mathlib/RingTheory/Norm/Transitivity.c.o.export: OK
.lake/packages/mathlib/.lake/build/ir/Mathlib/RingTheory/Norm/Transitivity.c: OK
.lake/packages/mathlib/.lake/build/lib/lean/Mathlib/RingTheory/Norm/Transitivity.olean: OK
.lake/packages/mathlib/.lake/build/ir/Mathlib/RingTheory/OreLocalization/Basic.c.o.export: OK
.lake/packages/mathlib/.lake/build/ir/Mathlib/RingTheory/OreLocalization/Basic.c: OK
.lake/packages/mathlib/.lake/build/lib/lean/Mathlib/RingTheory/OreLocalization/Basic.olean: OK
.lake/packages/mathlib/.lake/build/ir/Mathlib/RingTheory/OreLocalization/NonZeroDivisors.c.o.export: OK
.lake/packages/mathlib/.lake/build/ir/Mathlib/RingTheory/OreLocalization/NonZeroDivisors.c: OK
.lake/packages/mathlib/.lake/build/lib/lean/Mathlib/RingTheory/OreLocalization/NonZeroDivisors.olean: OK
.lake/packages/mathlib/.lake/build/ir/Mathlib/RingTheory/OreLocalization/OreSet.c.o.export: OK
.lake/packages/mathlib/.lake/build/ir/Mathlib/RingTheory/OreLocalization/OreSet.c: OK
.lake/packages/mathlib/.lake/build/lib/lean/Mathlib/RingTheory/OreLocalization/OreSet.olean: OK
.lake/packages/mathlib/.lake/build/ir/Mathlib/RingTheory/OreLocalization/Ring.c.o.export: OK
.lake/packages/mathlib/.lake/build/ir/Mathlib/RingTheory/OreLocalization/Ring.c: OK
.lake/packages/mathlib/.lake/build/lib/lean/Mathlib/RingTheory/OreLocalization/Ring.olean: OK
.lake/packages/mathlib/.lake/build/ir/Mathlib/RingTheory/OrzechProperty.c.o.export: OK
.lake/packages/mathlib/.lake/build/ir/Mathlib/RingTheory/OrzechProperty.c: OK
.lake/packages/mathlib/.lake/build/lib/lean/Mathlib/RingTheory/OrzechProperty.olean: OK
.lake/packages/mathlib/.lake/build/ir/Mathlib/RingTheory/Polynomial/Basic.c.o.export: OK
.lake/packages/mathlib/.lake/build/ir/Mathlib/RingTheory/Polynomial/Basic.c: OK
.lake/packages/mathlib/.lake/build/lib/lean/Mathlib/RingTheory/Polynomial/Basic.olean: OK
.lake/packages/mathlib/.lake/build/ir/Mathlib/RingTheory/Polynomial/Content.c.o.export: OK
.lake/packages/mathlib/.lake/build/ir/Mathlib/RingTheory/Polynomial/Content.c: OK
.lake/packages/mathlib/.lake/build/lib/lean/Mathlib/RingTheory/Polynomial/Content.olean: OK
.lake/packages/mathlib/.lake/build/ir/Mathlib/RingTheory/Polynomial/Cyclotomic/Basic.c.o.export: OK
.lake/packages/mathlib/.lake/build/ir/Mathlib/RingTheory/Polynomial/Cyclotomic/Basic.c: OK
.lake/packages/mathlib/.lake/build/lib/lean/Mathlib/RingTheory/Polynomial/Cyclotomic/Basic.olean: OK
.lake/packages/mathlib/.lake/build/ir/Mathlib/RingTheory/Polynomial/Cyclotomic/Eval.c.o.export: OK
.lake/packages/mathlib/.lake/build/ir/Mathlib/RingTheory/Polynomial/Cyclotomic/Eval.c: OK
.lake/packages/mathlib/.lake/build/lib/lean/Mathlib/RingTheory/Polynomial/Cyclotomic/Eval.olean: OK
.lake/packages/mathlib/.lake/build/ir/Mathlib/RingTheory/Polynomial/Cyclotomic/Expand.c.o.export: OK
.lake/packages/mathlib/.lake/build/ir/Mathlib/RingTheory/Polynomial/Cyclotomic/Expand.c: OK
.lake/packages/mathlib/.lake/build/lib/lean/Mathlib/RingTheory/Polynomial/Cyclotomic/Expand.olean: OK
.lake/packages/mathlib/.lake/build/ir/Mathlib/RingTheory/Polynomial/Cyclotomic/Roots.c.o.export: OK
.lake/packages/mathlib/.lake/build/ir/Mathlib/RingTheory/Polynomial/Cyclotomic/Roots.c: OK
.lake/packages/mathlib/.lake/build/lib/lean/Mathlib/RingTheory/Polynomial/Cyclotomic/Roots.olean: OK
.lake/packages/mathlib/.lake/build/ir/Mathlib/RingTheory/Polynomial/Eisenstein/Basic.c.o.export: OK
.lake/packages/mathlib/.lake/build/ir/Mathlib/RingTheory/Polynomial/Eisenstein/Basic.c: OK
.lake/packages/mathlib/.lake/build/lib/lean/Mathlib/RingTheory/Polynomial/Eisenstein/Basic.olean: OK
.lake/packages/mathlib/.lake/build/ir/Mathlib/RingTheory/Polynomial/Eisenstein/Criterion.c.o.export: OK
.lake/packages/mathlib/.lake/build/ir/Mathlib/RingTheory/Polynomial/Eisenstein/Criterion.c: OK
.lake/packages/mathlib/.lake/build/lib/lean/Mathlib/RingTheory/Polynomial/Eisenstein/Criterion.olean: OK
.lake/packages/mathlib/.lake/build/ir/Mathlib/RingTheory/Polynomial/GaussLemma.c.o.export: OK
.lake/packages/mathlib/.lake/build/ir/Mathlib/RingTheory/Polynomial/GaussLemma.c: OK
.lake/packages/mathlib/.lake/build/lib/lean/Mathlib/RingTheory/Polynomial/GaussLemma.olean: OK
.lake/packages/mathlib/.lake/build/ir/Mathlib/RingTheory/Polynomial/Ideal.c.o.export: OK
.lake/packages/mathlib/.lake/build/ir/Mathlib/RingTheory/Polynomial/Ideal.c: OK
.lake/packages/mathlib/.lake/build/lib/lean/Mathlib/RingTheory/Polynomial/Ideal.olean: OK
.lake/packages/mathlib/.lake/build/ir/Mathlib/RingTheory/Polynomial/IntegralNormalization.c.o.export: OK
.lake/packages/mathlib/.lake/build/ir/Mathlib/RingTheory/Polynomial/IntegralNormalization.c: OK
.lake/packages/mathlib/.lake/build/lib/lean/Mathlib/RingTheory/Polynomial/IntegralNormalization.olean: OK
.lake/packages/mathlib/.lake/build/ir/Mathlib/RingTheory/Polynomial/Nilpotent.c.o.export: OK
.lake/packages/mathlib/.lake/build/ir/Mathlib/RingTheory/Polynomial/Nilpotent.c: OK
.lake/packages/mathlib/.lake/build/lib/lean/Mathlib/RingTheory/Polynomial/Nilpotent.olean: OK
.lake/packages/mathlib/.lake/build/ir/Mathlib/RingTheory/Polynomial/Pochhammer.c.o.export: OK
.lake/packages/mathlib/.lake/build/ir/Mathlib/RingTheory/Polynomial/Pochhammer.c: OK
.lake/packages/mathlib/.lake/build/lib/lean/Mathlib/RingTheory/Polynomial/Pochhammer.olean: OK
.lake/packages/mathlib/.lake/build/ir/Mathlib/RingTheory/Polynomial/Quotient.c.o.export: OK
.lake/packages/mathlib/.lake/build/ir/Mathlib/RingTheory/Polynomial/Quotient.c: OK
.lake/packages/mathlib/.lake/build/lib/lean/Mathlib/RingTheory/Polynomial/Quotient.olean: OK
.lake/packages/mathlib/.lake/build/ir/Mathlib/RingTheory/Polynomial/RationalRoot.c.o.export: OK
.lake/packages/mathlib/.lake/build/ir/Mathlib/RingTheory/Polynomial/RationalRoot.c: OK
.lake/packages/mathlib/.lake/build/lib/lean/Mathlib/RingTheory/Polynomial/RationalRoot.olean: OK
.lake/packages/mathlib/.lake/build/ir/Mathlib/RingTheory/Polynomial/ScaleRoots.c.o.export: OK
.lake/packages/mathlib/.lake/build/ir/Mathlib/RingTheory/Polynomial/ScaleRoots.c: OK
.lake/packages/mathlib/.lake/build/lib/lean/Mathlib/RingTheory/Polynomial/ScaleRoots.olean: OK
.lake/packages/mathlib/.lake/build/ir/Mathlib/RingTheory/Polynomial/SeparableDegree.c.o.export: OK
.lake/packages/mathlib/.lake/build/ir/Mathlib/RingTheory/Polynomial/SeparableDegree.c: OK
.lake/packages/mathlib/.lake/build/lib/lean/Mathlib/RingTheory/Polynomial/SeparableDegree.olean: OK
.lake/packages/mathlib/.lake/build/ir/Mathlib/RingTheory/Polynomial/Subring.c.o.export: OK
.lake/packages/mathlib/.lake/build/ir/Mathlib/RingTheory/Polynomial/Subring.c: OK
.lake/packages/mathlib/.lake/build/lib/lean/Mathlib/RingTheory/Polynomial/Subring.olean: OK
.lake/packages/mathlib/.lake/build/ir/Mathlib/RingTheory/Polynomial/Tower.c.o.export: OK
.lake/packages/mathlib/.lake/build/ir/Mathlib/RingTheory/Polynomial/Tower.c: OK
.lake/packages/mathlib/.lake/build/lib/lean/Mathlib/RingTheory/Polynomial/Tower.olean: OK
.lake/packages/mathlib/.lake/build/ir/Mathlib/RingTheory/Polynomial/UniqueFactorization.c.o.export: OK
.lake/packages/mathlib/.lake/build/ir/Mathlib/RingTheory/Polynomial/UniqueFactorization.c: OK
.lake/packages/mathlib/.lake/build/lib/lean/Mathlib/RingTheory/Polynomial/UniqueFactorization.olean: OK
.lake/packages/mathlib/.lake/build/ir/Mathlib/RingTheory/Polynomial/Vieta.c.o.export: OK
.lake/packages/mathlib/.lake/build/ir/Mathlib/RingTheory/Polynomial/Vieta.c: OK
.lake/packages/mathlib/.lake/build/lib/lean/Mathlib/RingTheory/Polynomial/Vieta.olean: OK
.lake/packages/mathlib/.lake/build/ir/Mathlib/RingTheory/PolynomialAlgebra.c.o.export: OK
.lake/packages/mathlib/.lake/build/ir/Mathlib/RingTheory/PolynomialAlgebra.c: OK
.lake/packages/mathlib/.lake/build/lib/lean/Mathlib/RingTheory/PolynomialAlgebra.olean: OK
.lake/packages/mathlib/.lake/build/ir/Mathlib/RingTheory/PowerBasis.c.o.export: OK
.lake/packages/mathlib/.lake/build/ir/Mathlib/RingTheory/PowerBasis.c: OK
.lake/packages/mathlib/.lake/build/lib/lean/Mathlib/RingTheory/PowerBasis.olean: OK
.lake/packages/mathlib/.lake/build/ir/Mathlib/RingTheory/PrincipalIdealDomain.c.o.export: OK
.lake/packages/mathlib/.lake/build/ir/Mathlib/RingTheory/PrincipalIdealDomain.c: OK
.lake/packages/mathlib/.lake/build/lib/lean/Mathlib/RingTheory/PrincipalIdealDomain.olean: OK
.lake/packages/mathlib/.lake/build/ir/Mathlib/RingTheory/ReesAlgebra.c.o.export: OK
.lake/packages/mathlib/.lake/build/ir/Mathlib/RingTheory/ReesAlgebra.c: OK
.lake/packages/mathlib/.lake/build/lib/lean/Mathlib/RingTheory/ReesAlgebra.olean: OK
.lake/packages/mathlib/.lake/build/ir/Mathlib/RingTheory/RingHomProperties.c.o.export: OK
.lake/packages/mathlib/.lake/build/ir/Mathlib/RingTheory/RingHomProperties.c: OK
.lake/packages/mathlib/.lake/build/lib/lean/Mathlib/RingTheory/RingHomProperties.olean: OK
.lake/packages/mathlib/.lake/build/ir/Mathlib/RingTheory/RootsOfUnity/Basic.c.o.export: OK
.lake/packages/mathlib/.lake/build/ir/Mathlib/RingTheory/RootsOfUnity/Basic.c: OK
.lake/packages/mathlib/.lake/build/lib/lean/Mathlib/RingTheory/RootsOfUnity/Basic.olean: OK
.lake/packages/mathlib/.lake/build/ir/Mathlib/RingTheory/RootsOfUnity/Complex.c.o.export: OK
.lake/packages/mathlib/.lake/build/ir/Mathlib/RingTheory/RootsOfUnity/Complex.c: OK
.lake/packages/mathlib/.lake/build/lib/lean/Mathlib/RingTheory/RootsOfUnity/Complex.olean: OK
.lake/packages/mathlib/.lake/build/ir/Mathlib/RingTheory/RootsOfUnity/Minpoly.c.o.export: OK
.lake/packages/mathlib/.lake/build/ir/Mathlib/RingTheory/RootsOfUnity/Minpoly.c: OK
.lake/packages/mathlib/.lake/build/lib/lean/Mathlib/RingTheory/RootsOfUnity/Minpoly.olean: OK
.lake/packages/mathlib/.lake/build/ir/Mathlib/RingTheory/RootsOfUnity/PrimitiveRoots.c.o.export: OK
.lake/packages/mathlib/.lake/build/ir/Mathlib/RingTheory/RootsOfUnity/PrimitiveRoots.c: OK
.lake/packages/mathlib/.lake/build/lib/lean/Mathlib/RingTheory/RootsOfUnity/PrimitiveRoots.olean: OK
.lake/packages/mathlib/.lake/build/ir/Mathlib/RingTheory/SimpleModule/Basic.c.o.export: OK
.lake/packages/mathlib/.lake/build/ir/Mathlib/RingTheory/SimpleModule/Basic.c: OK
.lake/packages/mathlib/.lake/build/lib/lean/Mathlib/RingTheory/SimpleModule/Basic.olean: OK
.lake/packages/mathlib/.lake/build/ir/Mathlib/RingTheory/SimpleRing/Basic.c.o.export: OK
.lake/packages/mathlib/.lake/build/ir/Mathlib/RingTheory/SimpleRing/Basic.c: OK
.lake/packages/mathlib/.lake/build/lib/lean/Mathlib/RingTheory/SimpleRing/Basic.olean: OK
.lake/packages/mathlib/.lake/build/ir/Mathlib/RingTheory/SimpleRing/Defs.c.o.export: OK
.lake/packages/mathlib/.lake/build/ir/Mathlib/RingTheory/SimpleRing/Defs.c: OK
.lake/packages/mathlib/.lake/build/lib/lean/Mathlib/RingTheory/SimpleRing/Defs.olean: OK
.lake/packages/mathlib/.lake/build/ir/Mathlib/RingTheory/Spectrum/Maximal/Basic.c.o.export: OK
.lake/packages/mathlib/.lake/build/ir/Mathlib/RingTheory/Spectrum/Maximal/Basic.c: OK
.lake/packages/mathlib/.lake/build/lib/lean/Mathlib/RingTheory/Spectrum/Maximal/Basic.olean: OK
.lake/packages/mathlib/.lake/build/ir/Mathlib/RingTheory/Spectrum/Maximal/Defs.c.o.export: OK
.lake/packages/mathlib/.lake/build/ir/Mathlib/RingTheory/Spectrum/Maximal/Defs.c: OK
.lake/packages/mathlib/.lake/build/lib/lean/Mathlib/RingTheory/Spectrum/Maximal/Defs.olean: OK
.lake/packages/mathlib/.lake/build/ir/Mathlib/RingTheory/Spectrum/Maximal/Localization.c.o.export: OK
.lake/packages/mathlib/.lake/build/ir/Mathlib/RingTheory/Spectrum/Maximal/Localization.c: OK
.lake/packages/mathlib/.lake/build/lib/lean/Mathlib/RingTheory/Spectrum/Maximal/Localization.olean: OK
.lake/packages/mathlib/.lake/build/ir/Mathlib/RingTheory/Spectrum/Prime/Basic.c.o.export: OK
.lake/packages/mathlib/.lake/build/ir/Mathlib/RingTheory/Spectrum/Prime/Basic.c: OK
.lake/packages/mathlib/.lake/build/lib/lean/Mathlib/RingTheory/Spectrum/Prime/Basic.olean: OK
.lake/packages/mathlib/.lake/build/ir/Mathlib/RingTheory/Spectrum/Prime/Defs.c.o.export: OK
.lake/packages/mathlib/.lake/build/ir/Mathlib/RingTheory/Spectrum/Prime/Defs.c: OK
.lake/packages/mathlib/.lake/build/lib/lean/Mathlib/RingTheory/Spectrum/Prime/Defs.olean: OK
.lake/packages/mathlib/.lake/build/ir/Mathlib/RingTheory/Spectrum/Prime/RingHom.c.o.export: OK
.lake/packages/mathlib/.lake/build/ir/Mathlib/RingTheory/Spectrum/Prime/RingHom.c: OK
.lake/packages/mathlib/.lake/build/lib/lean/Mathlib/RingTheory/Spectrum/Prime/RingHom.olean: OK
.lake/packages/mathlib/.lake/build/ir/Mathlib/RingTheory/Spectrum/Prime/Topology.c.o.export: OK
.lake/packages/mathlib/.lake/build/ir/Mathlib/RingTheory/Spectrum/Prime/Topology.c: OK
.lake/packages/mathlib/.lake/build/lib/lean/Mathlib/RingTheory/Spectrum/Prime/Topology.olean: OK
.lake/packages/mathlib/.lake/build/ir/Mathlib/RingTheory/SurjectiveOnStalks.c.o.export: OK
.lake/packages/mathlib/.lake/build/ir/Mathlib/RingTheory/SurjectiveOnStalks.c: OK
.lake/packages/mathlib/.lake/build/lib/lean/Mathlib/RingTheory/SurjectiveOnStalks.olean: OK
.lake/packages/mathlib/.lake/build/ir/Mathlib/RingTheory/TensorProduct/Basic.c.o.export: OK
.lake/packages/mathlib/.lake/build/ir/Mathlib/RingTheory/TensorProduct/Basic.c: OK
.lake/packages/mathlib/.lake/build/lib/lean/Mathlib/RingTheory/TensorProduct/Basic.olean: OK
.lake/packages/mathlib/.lake/build/ir/Mathlib/RingTheory/TensorProduct/Finite.c.o.export: OK
.lake/packages/mathlib/.lake/build/ir/Mathlib/RingTheory/TensorProduct/Finite.c: OK
.lake/packages/mathlib/.lake/build/lib/lean/Mathlib/RingTheory/TensorProduct/Finite.olean: OK
.lake/packages/mathlib/.lake/build/ir/Mathlib/RingTheory/TensorProduct/Free.c.o.export: OK
.lake/packages/mathlib/.lake/build/ir/Mathlib/RingTheory/TensorProduct/Free.c: OK
.lake/packages/mathlib/.lake/build/lib/lean/Mathlib/RingTheory/TensorProduct/Free.olean: OK
.lake/packages/mathlib/.lake/build/ir/Mathlib/RingTheory/TensorProduct/Maps.c.o.export: OK
.lake/packages/mathlib/.lake/build/ir/Mathlib/RingTheory/TensorProduct/Maps.c: OK
.lake/packages/mathlib/.lake/build/lib/lean/Mathlib/RingTheory/TensorProduct/Maps.olean: OK
.lake/packages/mathlib/.lake/build/ir/Mathlib/RingTheory/TensorProduct/MvPolynomial.c.o.export: OK
.lake/packages/mathlib/.lake/build/ir/Mathlib/RingTheory/TensorProduct/MvPolynomial.c: OK
.lake/packages/mathlib/.lake/build/lib/lean/Mathlib/RingTheory/TensorProduct/MvPolynomial.olean: OK
.lake/packages/mathlib/.lake/build/ir/Mathlib/RingTheory/TensorProduct/Quotient.c.o.export: OK
.lake/packages/mathlib/.lake/build/ir/Mathlib/RingTheory/TensorProduct/Quotient.c: OK
.lake/packages/mathlib/.lake/build/lib/lean/Mathlib/RingTheory/TensorProduct/Quotient.olean: OK
.lake/packages/mathlib/.lake/build/ir/Mathlib/RingTheory/Trace/Basic.c.o.export: OK
.lake/packages/mathlib/.lake/build/ir/Mathlib/RingTheory/Trace/Basic.c: OK
.lake/packages/mathlib/.lake/build/lib/lean/Mathlib/RingTheory/Trace/Basic.olean: OK
.lake/packages/mathlib/.lake/build/ir/Mathlib/RingTheory/Trace/Defs.c.o.export: OK
.lake/packages/mathlib/.lake/build/ir/Mathlib/RingTheory/Trace/Defs.c: OK
.lake/packages/mathlib/.lake/build/lib/lean/Mathlib/RingTheory/Trace/Defs.olean: OK
.lake/packages/mathlib/.lake/build/ir/Mathlib/RingTheory/TwoSidedIdeal/Basic.c.o.export: OK
.lake/packages/mathlib/.lake/build/ir/Mathlib/RingTheory/TwoSidedIdeal/Basic.c: OK
.lake/packages/mathlib/.lake/build/lib/lean/Mathlib/RingTheory/TwoSidedIdeal/Basic.olean: OK
.lake/packages/mathlib/.lake/build/ir/Mathlib/RingTheory/TwoSidedIdeal/Kernel.c.o.export: OK
.lake/packages/mathlib/.lake/build/ir/Mathlib/RingTheory/TwoSidedIdeal/Kernel.c: OK
.lake/packages/mathlib/.lake/build/lib/lean/Mathlib/RingTheory/TwoSidedIdeal/Kernel.olean: OK
.lake/packages/mathlib/.lake/build/ir/Mathlib/RingTheory/TwoSidedIdeal/Lattice.c.o.export: OK
.lake/packages/mathlib/.lake/build/ir/Mathlib/RingTheory/TwoSidedIdeal/Lattice.c: OK
.lake/packages/mathlib/.lake/build/lib/lean/Mathlib/RingTheory/TwoSidedIdeal/Lattice.olean: OK
.lake/packages/mathlib/.lake/build/ir/Mathlib/RingTheory/TwoSidedIdeal/Operations.c.o.export: OK
.lake/packages/mathlib/.lake/build/ir/Mathlib/RingTheory/TwoSidedIdeal/Operations.c: OK
.lake/packages/mathlib/.lake/build/lib/lean/Mathlib/RingTheory/TwoSidedIdeal/Operations.olean: OK
.lake/packages/mathlib/.lake/build/ir/Mathlib/RingTheory/UniqueFactorizationDomain/Basic.c.o.export: OK
.lake/packages/mathlib/.lake/build/ir/Mathlib/RingTheory/UniqueFactorizationDomain/Basic.c: OK
.lake/packages/mathlib/.lake/build/lib/lean/Mathlib/RingTheory/UniqueFactorizationDomain/Basic.olean: OK
.lake/packages/mathlib/.lake/build/ir/Mathlib/RingTheory/UniqueFactorizationDomain/Defs.c.o.export: OK
.lake/packages/mathlib/.lake/build/ir/Mathlib/RingTheory/UniqueFactorizationDomain/Defs.c: OK
.lake/packages/mathlib/.lake/build/lib/lean/Mathlib/RingTheory/UniqueFactorizationDomain/Defs.olean: OK
.lake/packages/mathlib/.lake/build/ir/Mathlib/RingTheory/UniqueFactorizationDomain/FactorSet.c.o.export: OK
.lake/packages/mathlib/.lake/build/ir/Mathlib/RingTheory/UniqueFactorizationDomain/FactorSet.c: OK
.lake/packages/mathlib/.lake/build/lib/lean/Mathlib/RingTheory/UniqueFactorizationDomain/FactorSet.olean: OK
.lake/packages/mathlib/.lake/build/ir/Mathlib/RingTheory/UniqueFactorizationDomain/Finite.c.o.export: OK
.lake/packages/mathlib/.lake/build/ir/Mathlib/RingTheory/UniqueFactorizationDomain/Finite.c: OK
.lake/packages/mathlib/.lake/build/lib/lean/Mathlib/RingTheory/UniqueFactorizationDomain/Finite.olean: OK
.lake/packages/mathlib/.lake/build/ir/Mathlib/RingTheory/UniqueFactorizationDomain/GCDMonoid.c.o.export: OK
.lake/packages/mathlib/.lake/build/ir/Mathlib/RingTheory/UniqueFactorizationDomain/GCDMonoid.c: OK
.lake/packages/mathlib/.lake/build/lib/lean/Mathlib/RingTheory/UniqueFactorizationDomain/GCDMonoid.olean: OK
.lake/packages/mathlib/.lake/build/ir/Mathlib/RingTheory/UniqueFactorizationDomain/Ideal.c.o.export: OK
.lake/packages/mathlib/.lake/build/ir/Mathlib/RingTheory/UniqueFactorizationDomain/Ideal.c: OK
.lake/packages/mathlib/.lake/build/lib/lean/Mathlib/RingTheory/UniqueFactorizationDomain/Ideal.olean: OK
.lake/packages/mathlib/.lake/build/ir/Mathlib/RingTheory/UniqueFactorizationDomain/Multiplicity.c.o.export: OK
.lake/packages/mathlib/.lake/build/ir/Mathlib/RingTheory/UniqueFactorizationDomain/Multiplicity.c: OK
.lake/packages/mathlib/.lake/build/lib/lean/Mathlib/RingTheory/UniqueFactorizationDomain/Multiplicity.olean: OK
.lake/packages/mathlib/.lake/build/ir/Mathlib/RingTheory/UniqueFactorizationDomain/Nat.c.o.export: OK
.lake/packages/mathlib/.lake/build/ir/Mathlib/RingTheory/UniqueFactorizationDomain/Nat.c: OK
.lake/packages/mathlib/.lake/build/lib/lean/Mathlib/RingTheory/UniqueFactorizationDomain/Nat.olean: OK
.lake/packages/mathlib/.lake/build/ir/Mathlib/RingTheory/UniqueFactorizationDomain/NormalizedFactors.c.o.export: OK
.lake/packages/mathlib/.lake/build/ir/Mathlib/RingTheory/UniqueFactorizationDomain/NormalizedFactors.c: OK
.lake/packages/mathlib/.lake/build/lib/lean/Mathlib/RingTheory/UniqueFactorizationDomain/NormalizedFactors.olean: OK
.lake/packages/mathlib/.lake/build/ir/Mathlib/RingTheory/Valuation/Basic.c.o.export: OK
.lake/packages/mathlib/.lake/build/ir/Mathlib/RingTheory/Valuation/Basic.c: OK
.lake/packages/mathlib/.lake/build/lib/lean/Mathlib/RingTheory/Valuation/Basic.olean: OK
.lake/packages/mathlib/.lake/build/ir/Mathlib/RingTheory/Valuation/ExtendToLocalization.c.o.export: OK
.lake/packages/mathlib/.lake/build/ir/Mathlib/RingTheory/Valuation/ExtendToLocalization.c: OK
.lake/packages/mathlib/.lake/build/lib/lean/Mathlib/RingTheory/Valuation/ExtendToLocalization.olean: OK
.lake/packages/mathlib/.lake/build/ir/Mathlib/RingTheory/Valuation/Integers.c.o.export: OK
.lake/packages/mathlib/.lake/build/ir/Mathlib/RingTheory/Valuation/Integers.c: OK
.lake/packages/mathlib/.lake/build/lib/lean/Mathlib/RingTheory/Valuation/Integers.olean: OK
.lake/packages/mathlib/.lake/build/ir/Mathlib/RingTheory/Valuation/IsTrivialOn.c.o.export: OK
.lake/packages/mathlib/.lake/build/ir/Mathlib/RingTheory/Valuation/IsTrivialOn.c: OK
.lake/packages/mathlib/.lake/build/lib/lean/Mathlib/RingTheory/Valuation/IsTrivialOn.olean: OK
.lake/packages/mathlib/.lake/build/ir/Mathlib/RingTheory/Valuation/PrimeMultiplicity.c.o.export: OK
.lake/packages/mathlib/.lake/build/ir/Mathlib/RingTheory/Valuation/PrimeMultiplicity.c: OK
.lake/packages/mathlib/.lake/build/lib/lean/Mathlib/RingTheory/Valuation/PrimeMultiplicity.olean: OK
.lake/packages/mathlib/.lake/build/ir/Mathlib/RingTheory/Valuation/ValuationRing.c.o.export: OK
.lake/packages/mathlib/.lake/build/ir/Mathlib/RingTheory/Valuation/ValuationRing.c: OK
.lake/packages/mathlib/.lake/build/lib/lean/Mathlib/RingTheory/Valuation/ValuationRing.olean: OK
.lake/packages/mathlib/.lake/build/ir/Mathlib/RingTheory/Valuation/ValuationSubring.c.o.export: OK
.lake/packages/mathlib/.lake/build/ir/Mathlib/RingTheory/Valuation/ValuationSubring.c: OK
.lake/packages/mathlib/.lake/build/lib/lean/Mathlib/RingTheory/Valuation/ValuationSubring.olean: OK
.lake/packages/mathlib/.lake/build/ir/Mathlib/RingTheory/Valuation/ValuativeRel/Basic.c.o.export: OK
.lake/packages/mathlib/.lake/build/ir/Mathlib/RingTheory/Valuation/ValuativeRel/Basic.c: OK
.lake/packages/mathlib/.lake/build/lib/lean/Mathlib/RingTheory/Valuation/ValuativeRel/Basic.olean: OK
.lake/packages/mathlib/.lake/build/ir/Mathlib/SetTheory/Cardinal/Aleph.c.o.export: OK
.lake/packages/mathlib/.lake/build/ir/Mathlib/SetTheory/Cardinal/Aleph.c: OK
.lake/packages/mathlib/.lake/build/lib/lean/Mathlib/SetTheory/Cardinal/Aleph.olean: OK
.lake/packages/mathlib/.lake/build/ir/Mathlib/SetTheory/Cardinal/Arithmetic.c.o.export: OK
.lake/packages/mathlib/.lake/build/ir/Mathlib/SetTheory/Cardinal/Arithmetic.c: OK
.lake/packages/mathlib/.lake/build/lib/lean/Mathlib/SetTheory/Cardinal/Arithmetic.olean: OK
.lake/packages/mathlib/.lake/build/ir/Mathlib/SetTheory/Cardinal/Basic.c.o.export: OK
.lake/packages/mathlib/.lake/build/ir/Mathlib/SetTheory/Cardinal/Basic.c: OK
.lake/packages/mathlib/.lake/build/lib/lean/Mathlib/SetTheory/Cardinal/Basic.olean: OK
.lake/packages/mathlib/.lake/build/ir/Mathlib/SetTheory/Cardinal/Cofinality/Basic.c.o.export: OK
.lake/packages/mathlib/.lake/build/ir/Mathlib/SetTheory/Cardinal/Cofinality/Basic.c: OK
.lake/packages/mathlib/.lake/build/lib/lean/Mathlib/SetTheory/Cardinal/Cofinality/Basic.olean: OK
.lake/packages/mathlib/.lake/build/ir/Mathlib/SetTheory/Cardinal/Cofinality/Enum.c.o.export: OK
.lake/packages/mathlib/.lake/build/ir/Mathlib/SetTheory/Cardinal/Cofinality/Enum.c: OK
.lake/packages/mathlib/.lake/build/lib/lean/Mathlib/SetTheory/Cardinal/Cofinality/Enum.olean: OK
.lake/packages/mathlib/.lake/build/ir/Mathlib/SetTheory/Cardinal/Cofinality/Ordinal.c.o.export: OK
.lake/packages/mathlib/.lake/build/ir/Mathlib/SetTheory/Cardinal/Cofinality/Ordinal.c: OK
.lake/packages/mathlib/.lake/build/lib/lean/Mathlib/SetTheory/Cardinal/Cofinality/Ordinal.olean: OK
.lake/packages/mathlib/.lake/build/ir/Mathlib/SetTheory/Cardinal/Defs.c.o.export: OK
.lake/packages/mathlib/.lake/build/ir/Mathlib/SetTheory/Cardinal/Defs.c: OK
.lake/packages/mathlib/.lake/build/lib/lean/Mathlib/SetTheory/Cardinal/Defs.olean: OK
.lake/packages/mathlib/.lake/build/ir/Mathlib/SetTheory/Cardinal/ENat.c.o.export: OK
.lake/packages/mathlib/.lake/build/ir/Mathlib/SetTheory/Cardinal/ENat.c: OK
.lake/packages/mathlib/.lake/build/lib/lean/Mathlib/SetTheory/Cardinal/ENat.olean: OK
.lake/packages/mathlib/.lake/build/ir/Mathlib/SetTheory/Cardinal/Finite.c.o.export: OK
.lake/packages/mathlib/.lake/build/ir/Mathlib/SetTheory/Cardinal/Finite.c: OK
.lake/packages/mathlib/.lake/build/lib/lean/Mathlib/SetTheory/Cardinal/Finite.olean: OK
.lake/packages/mathlib/.lake/build/ir/Mathlib/SetTheory/Cardinal/Finsupp.c.o.export: OK
.lake/packages/mathlib/.lake/build/ir/Mathlib/SetTheory/Cardinal/Finsupp.c: OK
.lake/packages/mathlib/.lake/build/lib/lean/Mathlib/SetTheory/Cardinal/Finsupp.olean: OK
.lake/packages/mathlib/.lake/build/ir/Mathlib/SetTheory/Cardinal/Order.c.o.export: OK
.lake/packages/mathlib/.lake/build/ir/Mathlib/SetTheory/Cardinal/Order.c: OK
.lake/packages/mathlib/.lake/build/lib/lean/Mathlib/SetTheory/Cardinal/Order.olean: OK
.lake/packages/mathlib/.lake/build/ir/Mathlib/SetTheory/Cardinal/Ordinal.c.o.export: OK
.lake/packages/mathlib/.lake/build/ir/Mathlib/SetTheory/Cardinal/Ordinal.c: OK
.lake/packages/mathlib/.lake/build/lib/lean/Mathlib/SetTheory/Cardinal/Ordinal.olean: OK
.lake/packages/mathlib/.lake/build/ir/Mathlib/SetTheory/Cardinal/Pigeonhole.c.o.export: OK
.lake/packages/mathlib/.lake/build/ir/Mathlib/SetTheory/Cardinal/Pigeonhole.c: OK
.lake/packages/mathlib/.lake/build/lib/lean/Mathlib/SetTheory/Cardinal/Pigeonhole.olean: OK
.lake/packages/mathlib/.lake/build/ir/Mathlib/SetTheory/Cardinal/Regular.c.o.export: OK
.lake/packages/mathlib/.lake/build/ir/Mathlib/SetTheory/Cardinal/Regular.c: OK
.lake/packages/mathlib/.lake/build/lib/lean/Mathlib/SetTheory/Cardinal/Regular.olean: OK
.lake/packages/mathlib/.lake/build/ir/Mathlib/SetTheory/Cardinal/SchroederBernstein.c.o.export: OK
.lake/packages/mathlib/.lake/build/ir/Mathlib/SetTheory/Cardinal/SchroederBernstein.c: OK
.lake/packages/mathlib/.lake/build/lib/lean/Mathlib/SetTheory/Cardinal/SchroederBernstein.olean: OK
.lake/packages/mathlib/.lake/build/ir/Mathlib/SetTheory/Cardinal/Subfield.c.o.export: OK
.lake/packages/mathlib/.lake/build/ir/Mathlib/SetTheory/Cardinal/Subfield.c: OK
.lake/packages/mathlib/.lake/build/lib/lean/Mathlib/SetTheory/Cardinal/Subfield.olean: OK
.lake/packages/mathlib/.lake/build/ir/Mathlib/SetTheory/Cardinal/ToNat.c.o.export: OK
.lake/packages/mathlib/.lake/build/ir/Mathlib/SetTheory/Cardinal/ToNat.c: OK
.lake/packages/mathlib/.lake/build/lib/lean/Mathlib/SetTheory/Cardinal/ToNat.olean: OK
.lake/packages/mathlib/.lake/build/ir/Mathlib/SetTheory/Ordinal/Arithmetic.c.o.export: OK
.lake/packages/mathlib/.lake/build/ir/Mathlib/SetTheory/Ordinal/Arithmetic.c: OK
.lake/packages/mathlib/.lake/build/lib/lean/Mathlib/SetTheory/Ordinal/Arithmetic.olean: OK
.lake/packages/mathlib/.lake/build/ir/Mathlib/SetTheory/Ordinal/Basic.c.o.export: OK
.lake/packages/mathlib/.lake/build/ir/Mathlib/SetTheory/Ordinal/Basic.c: OK
.lake/packages/mathlib/.lake/build/lib/lean/Mathlib/SetTheory/Ordinal/Basic.olean: OK
.lake/packages/mathlib/.lake/build/ir/Mathlib/SetTheory/Ordinal/Enum.c.o.export: OK
.lake/packages/mathlib/.lake/build/ir/Mathlib/SetTheory/Ordinal/Enum.c: OK
.lake/packages/mathlib/.lake/build/lib/lean/Mathlib/SetTheory/Ordinal/Enum.olean: OK
.lake/packages/mathlib/.lake/build/ir/Mathlib/SetTheory/Ordinal/Exponential.c.o.export: OK
.lake/packages/mathlib/.lake/build/ir/Mathlib/SetTheory/Ordinal/Exponential.c: OK
.lake/packages/mathlib/.lake/build/lib/lean/Mathlib/SetTheory/Ordinal/Exponential.olean: OK
.lake/packages/mathlib/.lake/build/ir/Mathlib/SetTheory/Ordinal/Family.c.o.export: OK
.lake/packages/mathlib/.lake/build/ir/Mathlib/SetTheory/Ordinal/Family.c: OK
.lake/packages/mathlib/.lake/build/lib/lean/Mathlib/SetTheory/Ordinal/Family.olean: OK
.lake/packages/mathlib/.lake/build/ir/Mathlib/SetTheory/Ordinal/FixedPoint.c.o.export: OK
.lake/packages/mathlib/.lake/build/ir/Mathlib/SetTheory/Ordinal/FixedPoint.c: OK
.lake/packages/mathlib/.lake/build/lib/lean/Mathlib/SetTheory/Ordinal/FixedPoint.olean: OK
.lake/packages/mathlib/.lake/build/ir/Mathlib/SetTheory/Ordinal/FundamentalSequence.c.o.export: OK
.lake/packages/mathlib/.lake/build/ir/Mathlib/SetTheory/Ordinal/FundamentalSequence.c: OK
.lake/packages/mathlib/.lake/build/lib/lean/Mathlib/SetTheory/Ordinal/FundamentalSequence.olean: OK
.lake/packages/mathlib/.lake/build/ir/Mathlib/SetTheory/Ordinal/Principal.c.o.export: OK
.lake/packages/mathlib/.lake/build/ir/Mathlib/SetTheory/Ordinal/Principal.c: OK
.lake/packages/mathlib/.lake/build/lib/lean/Mathlib/SetTheory/Ordinal/Principal.olean: OK
.lake/packages/mathlib/.lake/build/ir/Mathlib/SetTheory/Ordinal/Univ.c.o.export: OK
.lake/packages/mathlib/.lake/build/ir/Mathlib/SetTheory/Ordinal/Univ.c: OK
.lake/packages/mathlib/.lake/build/lib/lean/Mathlib/SetTheory/Ordinal/Univ.olean: OK
.lake/packages/mathlib/.lake/build/ir/Mathlib/Tactic.c.o.export: OK
.lake/packages/mathlib/.lake/build/ir/Mathlib/Tactic.c: OK
.lake/packages/mathlib/.lake/build/lib/lean/Mathlib/Tactic.olean: OK
.lake/packages/mathlib/.lake/build/ir/Mathlib/Tactic/Abel.c.o.export: OK
.lake/packages/mathlib/.lake/build/ir/Mathlib/Tactic/Abel.c: OK
.lake/packages/mathlib/.lake/build/lib/lean/Mathlib/Tactic/Abel.olean: OK
.lake/packages/mathlib/.lake/build/ir/Mathlib/Tactic/AdaptationNote.c.o.export: OK
.lake/packages/mathlib/.lake/build/ir/Mathlib/Tactic/AdaptationNote.c: OK
.lake/packages/mathlib/.lake/build/lib/lean/Mathlib/Tactic/AdaptationNote.olean: OK
.lake/packages/mathlib/.lake/build/ir/Mathlib/Tactic/Algebra/Basic.c.o.export: OK
.lake/packages/mathlib/.lake/build/ir/Mathlib/Tactic/Algebra/Basic.c: OK
.lake/packages/mathlib/.lake/build/lib/lean/Mathlib/Tactic/Algebra/Basic.olean: OK
.lake/packages/mathlib/.lake/build/ir/Mathlib/Tactic/Algebra/Lemmas.c.o.export: OK
.lake/packages/mathlib/.lake/build/ir/Mathlib/Tactic/Algebra/Lemmas.c: OK
.lake/packages/mathlib/.lake/build/lib/lean/Mathlib/Tactic/Algebra/Lemmas.olean: OK
.lake/packages/mathlib/.lake/build/ir/Mathlib/Tactic/Algebraize.c.o.export: OK
.lake/packages/mathlib/.lake/build/ir/Mathlib/Tactic/Algebraize.c: OK
.lake/packages/mathlib/.lake/build/lib/lean/Mathlib/Tactic/Algebraize.olean: OK
.lake/packages/mathlib/.lake/build/ir/Mathlib/Tactic/ApplyAt.c.o.export: OK
.lake/packages/mathlib/.lake/build/ir/Mathlib/Tactic/ApplyAt.c: OK
.lake/packages/mathlib/.lake/build/lib/lean/Mathlib/Tactic/ApplyAt.olean: OK
.lake/packages/mathlib/.lake/build/ir/Mathlib/Tactic/ApplyCongr.c.o.export: OK
.lake/packages/mathlib/.lake/build/ir/Mathlib/Tactic/ApplyCongr.c: OK
.lake/packages/mathlib/.lake/build/lib/lean/Mathlib/Tactic/ApplyCongr.olean: OK
.lake/packages/mathlib/.lake/build/ir/Mathlib/Tactic/ApplyFun.c.o.export: OK
.lake/packages/mathlib/.lake/build/ir/Mathlib/Tactic/ApplyFun.c: OK
.lake/packages/mathlib/.lake/build/lib/lean/Mathlib/Tactic/ApplyFun.olean: OK
.lake/packages/mathlib/.lake/build/ir/Mathlib/Tactic/ApplyWith.c.o.export: OK
.lake/packages/mathlib/.lake/build/ir/Mathlib/Tactic/ApplyWith.c: OK
.lake/packages/mathlib/.lake/build/lib/lean/Mathlib/Tactic/ApplyWith.olean: OK
.lake/packages/mathlib/.lake/build/ir/Mathlib/Tactic/ArithMult.c.o.export: OK
.lake/packages/mathlib/.lake/build/ir/Mathlib/Tactic/ArithMult.c: OK
.lake/packages/mathlib/.lake/build/lib/lean/Mathlib/Tactic/ArithMult.olean: OK
.lake/packages/mathlib/.lake/build/ir/Mathlib/Tactic/ArithMult/Init.c.o.export: OK
.lake/packages/mathlib/.lake/build/ir/Mathlib/Tactic/ArithMult/Init.c: OK
.lake/packages/mathlib/.lake/build/lib/lean/Mathlib/Tactic/ArithMult/Init.olean: OK
.lake/packages/mathlib/.lake/build/ir/Mathlib/Tactic/Attr/Core.c.o.export: OK
.lake/packages/mathlib/.lake/build/ir/Mathlib/Tactic/Attr/Core.c: OK
.lake/packages/mathlib/.lake/build/lib/lean/Mathlib/Tactic/Attr/Core.olean: OK
.lake/packages/mathlib/.lake/build/ir/Mathlib/Tactic/Attr/Register.c.o.export: OK
.lake/packages/mathlib/.lake/build/ir/Mathlib/Tactic/Attr/Register.c: OK
.lake/packages/mathlib/.lake/build/lib/lean/Mathlib/Tactic/Attr/Register.olean: OK
.lake/packages/mathlib/.lake/build/ir/Mathlib/Tactic/Basic.c.o.export: OK
.lake/packages/mathlib/.lake/build/ir/Mathlib/Tactic/Basic.c: OK
.lake/packages/mathlib/.lake/build/lib/lean/Mathlib/Tactic/Basic.olean: OK
.lake/packages/mathlib/.lake/build/ir/Mathlib/Tactic/Bound.c.o.export: OK
.lake/packages/mathlib/.lake/build/ir/Mathlib/Tactic/Bound.c: OK
.lake/packages/mathlib/.lake/build/lib/lean/Mathlib/Tactic/Bound.olean: OK
.lake/packages/mathlib/.lake/build/ir/Mathlib/Tactic/Bound/Attribute.c.o.export: OK
.lake/packages/mathlib/.lake/build/ir/Mathlib/Tactic/Bound/Attribute.c: OK
.lake/packages/mathlib/.lake/build/lib/lean/Mathlib/Tactic/Bound/Attribute.olean: OK
.lake/packages/mathlib/.lake/build/ir/Mathlib/Tactic/Bound/Init.c.o.export: OK
.lake/packages/mathlib/.lake/build/ir/Mathlib/Tactic/Bound/Init.c: OK
.lake/packages/mathlib/.lake/build/lib/lean/Mathlib/Tactic/Bound/Init.olean: OK
.lake/packages/mathlib/.lake/build/ir/Mathlib/Tactic/ByCases.c.o.export: OK
.lake/packages/mathlib/.lake/build/ir/Mathlib/Tactic/ByCases.c: OK
.lake/packages/mathlib/.lake/build/lib/lean/Mathlib/Tactic/ByCases.olean: OK
.lake/packages/mathlib/.lake/build/ir/Mathlib/Tactic/ByContra.c.o.export: OK
.lake/packages/mathlib/.lake/build/ir/Mathlib/Tactic/ByContra.c: OK
.lake/packages/mathlib/.lake/build/lib/lean/Mathlib/Tactic/ByContra.olean: OK
.lake/packages/mathlib/.lake/build/ir/Mathlib/Tactic/CancelDenoms.c.o.export: OK
.lake/packages/mathlib/.lake/build/ir/Mathlib/Tactic/CancelDenoms.c: OK
.lake/packages/mathlib/.lake/build/lib/lean/Mathlib/Tactic/CancelDenoms.olean: OK
.lake/packages/mathlib/.lake/build/ir/Mathlib/Tactic/CancelDenoms/Core.c.o.export: OK
.lake/packages/mathlib/.lake/build/ir/Mathlib/Tactic/CancelDenoms/Core.c: OK
.lake/packages/mathlib/.lake/build/lib/lean/Mathlib/Tactic/CancelDenoms/Core.olean: OK
.lake/packages/mathlib/.lake/build/ir/Mathlib/Tactic/Cases.c.o.export: OK
.lake/packages/mathlib/.lake/build/ir/Mathlib/Tactic/Cases.c: OK
.lake/packages/mathlib/.lake/build/lib/lean/Mathlib/Tactic/Cases.olean: OK
.lake/packages/mathlib/.lake/build/ir/Mathlib/Tactic/CasesM.c.o.export: OK
.lake/packages/mathlib/.lake/build/ir/Mathlib/Tactic/CasesM.c: OK
.lake/packages/mathlib/.lake/build/lib/lean/Mathlib/Tactic/CasesM.olean: OK
.lake/packages/mathlib/.lake/build/ir/Mathlib/Tactic/CategoryTheory/BicategoricalComp.c.o.export: OK
.lake/packages/mathlib/.lake/build/ir/Mathlib/Tactic/CategoryTheory/BicategoricalComp.c: OK
.lake/packages/mathlib/.lake/build/lib/lean/Mathlib/Tactic/CategoryTheory/BicategoricalComp.olean: OK
.lake/packages/mathlib/.lake/build/ir/Mathlib/Tactic/CategoryTheory/Bicategory/Basic.c.o.export: OK
.lake/packages/mathlib/.lake/build/ir/Mathlib/Tactic/CategoryTheory/Bicategory/Basic.c: OK
.lake/packages/mathlib/.lake/build/lib/lean/Mathlib/Tactic/CategoryTheory/Bicategory/Basic.olean: OK
.lake/packages/mathlib/.lake/build/ir/Mathlib/Tactic/CategoryTheory/Bicategory/Datatypes.c.o.export: OK
.lake/packages/mathlib/.lake/build/ir/Mathlib/Tactic/CategoryTheory/Bicategory/Datatypes.c: OK
.lake/packages/mathlib/.lake/build/lib/lean/Mathlib/Tactic/CategoryTheory/Bicategory/Datatypes.olean: OK
.lake/packages/mathlib/.lake/build/ir/Mathlib/Tactic/CategoryTheory/Bicategory/Normalize.c.o.export: OK
.lake/packages/mathlib/.lake/build/ir/Mathlib/Tactic/CategoryTheory/Bicategory/Normalize.c: OK
.lake/packages/mathlib/.lake/build/lib/lean/Mathlib/Tactic/CategoryTheory/Bicategory/Normalize.olean: OK
.lake/packages/mathlib/.lake/build/ir/Mathlib/Tactic/CategoryTheory/Bicategory/PureCoherence.c.o.export: OK
.lake/packages/mathlib/.lake/build/ir/Mathlib/Tactic/CategoryTheory/Bicategory/PureCoherence.c: OK
.lake/packages/mathlib/.lake/build/lib/lean/Mathlib/Tactic/CategoryTheory/Bicategory/PureCoherence.olean: OK
.lake/packages/mathlib/.lake/build/ir/Mathlib/Tactic/CategoryTheory/BicategoryCoherence.c.o.export: OK
.lake/packages/mathlib/.lake/build/ir/Mathlib/Tactic/CategoryTheory/BicategoryCoherence.c: OK
.lake/packages/mathlib/.lake/build/lib/lean/Mathlib/Tactic/CategoryTheory/BicategoryCoherence.olean: OK
.lake/packages/mathlib/.lake/build/ir/Mathlib/Tactic/CategoryTheory/CancelIso.c.o.export: OK
.lake/packages/mathlib/.lake/build/ir/Mathlib/Tactic/CategoryTheory/CancelIso.c: OK
.lake/packages/mathlib/.lake/build/lib/lean/Mathlib/Tactic/CategoryTheory/CancelIso.olean: OK
.lake/packages/mathlib/.lake/build/ir/Mathlib/Tactic/CategoryTheory/CategoryStar.c.o.export: OK
.lake/packages/mathlib/.lake/build/ir/Mathlib/Tactic/CategoryTheory/CategoryStar.c: OK
.lake/packages/mathlib/.lake/build/lib/lean/Mathlib/Tactic/CategoryTheory/CategoryStar.olean: OK
.lake/packages/mathlib/.lake/build/ir/Mathlib/Tactic/CategoryTheory/CheckCompositions.c.o.export: OK
.lake/packages/mathlib/.lake/build/ir/Mathlib/Tactic/CategoryTheory/CheckCompositions.c: OK
.lake/packages/mathlib/.lake/build/lib/lean/Mathlib/Tactic/CategoryTheory/CheckCompositions.olean: OK
.lake/packages/mathlib/.lake/build/ir/Mathlib/Tactic/CategoryTheory/Coherence.c.o.export: OK
.lake/packages/mathlib/.lake/build/ir/Mathlib/Tactic/CategoryTheory/Coherence.c: OK
.lake/packages/mathlib/.lake/build/lib/lean/Mathlib/Tactic/CategoryTheory/Coherence.olean: OK
.lake/packages/mathlib/.lake/build/ir/Mathlib/Tactic/CategoryTheory/Coherence/Basic.c.o.export: OK
.lake/packages/mathlib/.lake/build/ir/Mathlib/Tactic/CategoryTheory/Coherence/Basic.c: OK
.lake/packages/mathlib/.lake/build/lib/lean/Mathlib/Tactic/CategoryTheory/Coherence/Basic.olean: OK
.lake/packages/mathlib/.lake/build/ir/Mathlib/Tactic/CategoryTheory/Coherence/Datatypes.c.o.export: OK
.lake/packages/mathlib/.lake/build/ir/Mathlib/Tactic/CategoryTheory/Coherence/Datatypes.c: OK
.lake/packages/mathlib/.lake/build/lib/lean/Mathlib/Tactic/CategoryTheory/Coherence/Datatypes.olean: OK
.lake/packages/mathlib/.lake/build/ir/Mathlib/Tactic/CategoryTheory/Coherence/Normalize.c.o.export: OK
.lake/packages/mathlib/.lake/build/ir/Mathlib/Tactic/CategoryTheory/Coherence/Normalize.c: OK
.lake/packages/mathlib/.lake/build/lib/lean/Mathlib/Tactic/CategoryTheory/Coherence/Normalize.olean: OK
.lake/packages/mathlib/.lake/build/ir/Mathlib/Tactic/CategoryTheory/Coherence/PureCoherence.c.o.export: OK
.lake/packages/mathlib/.lake/build/ir/Mathlib/Tactic/CategoryTheory/Coherence/PureCoherence.c: OK
.lake/packages/mathlib/.lake/build/lib/lean/Mathlib/Tactic/CategoryTheory/Coherence/PureCoherence.olean: OK
.lake/packages/mathlib/.lake/build/ir/Mathlib/Tactic/CategoryTheory/Elementwise.c.o.export: OK
.lake/packages/mathlib/.lake/build/ir/Mathlib/Tactic/CategoryTheory/Elementwise.c: OK
.lake/packages/mathlib/.lake/build/lib/lean/Mathlib/Tactic/CategoryTheory/Elementwise.olean: OK
.lake/packages/mathlib/.lake/build/ir/Mathlib/Tactic/CategoryTheory/IsoReassoc.c.o.export: OK
.lake/packages/mathlib/.lake/build/ir/Mathlib/Tactic/CategoryTheory/IsoReassoc.c: OK
.lake/packages/mathlib/.lake/build/lib/lean/Mathlib/Tactic/CategoryTheory/IsoReassoc.olean: OK
.lake/packages/mathlib/.lake/build/ir/Mathlib/Tactic/CategoryTheory/Monoidal/Basic.c.o.export: OK
.lake/packages/mathlib/.lake/build/ir/Mathlib/Tactic/CategoryTheory/Monoidal/Basic.c: OK
.lake/packages/mathlib/.lake/build/lib/lean/Mathlib/Tactic/CategoryTheory/Monoidal/Basic.olean: OK
.lake/packages/mathlib/.lake/build/ir/Mathlib/Tactic/CategoryTheory/Monoidal/Datatypes.c.o.export: OK
.lake/packages/mathlib/.lake/build/ir/Mathlib/Tactic/CategoryTheory/Monoidal/Datatypes.c: OK
.lake/packages/mathlib/.lake/build/lib/lean/Mathlib/Tactic/CategoryTheory/Monoidal/Datatypes.olean: OK
.lake/packages/mathlib/.lake/build/ir/Mathlib/Tactic/CategoryTheory/Monoidal/Normalize.c.o.export: OK
.lake/packages/mathlib/.lake/build/ir/Mathlib/Tactic/CategoryTheory/Monoidal/Normalize.c: OK
.lake/packages/mathlib/.lake/build/lib/lean/Mathlib/Tactic/CategoryTheory/Monoidal/Normalize.olean: OK
.lake/packages/mathlib/.lake/build/ir/Mathlib/Tactic/CategoryTheory/Monoidal/PureCoherence.c.o.export: OK
.lake/packages/mathlib/.lake/build/ir/Mathlib/Tactic/CategoryTheory/Monoidal/PureCoherence.c: OK
.lake/packages/mathlib/.lake/build/lib/lean/Mathlib/Tactic/CategoryTheory/Monoidal/PureCoherence.olean: OK
.lake/packages/mathlib/.lake/build/ir/Mathlib/Tactic/CategoryTheory/MonoidalComp.c.o.export: OK
.lake/packages/mathlib/.lake/build/ir/Mathlib/Tactic/CategoryTheory/MonoidalComp.c: OK
.lake/packages/mathlib/.lake/build/lib/lean/Mathlib/Tactic/CategoryTheory/MonoidalComp.olean: OK
.lake/packages/mathlib/.lake/build/ir/Mathlib/Tactic/CategoryTheory/Reassoc.c.o.export: OK
.lake/packages/mathlib/.lake/build/ir/Mathlib/Tactic/CategoryTheory/Reassoc.c: OK
.lake/packages/mathlib/.lake/build/lib/lean/Mathlib/Tactic/CategoryTheory/Reassoc.olean: OK
.lake/packages/mathlib/.lake/build/ir/Mathlib/Tactic/CategoryTheory/Slice.c.o.export: OK
.lake/packages/mathlib/.lake/build/ir/Mathlib/Tactic/CategoryTheory/Slice.c: OK
.lake/packages/mathlib/.lake/build/lib/lean/Mathlib/Tactic/CategoryTheory/Slice.olean: OK
.lake/packages/mathlib/.lake/build/ir/Mathlib/Tactic/CategoryTheory/ToApp.c.o.export: OK
.lake/packages/mathlib/.lake/build/ir/Mathlib/Tactic/CategoryTheory/ToApp.c: OK
.lake/packages/mathlib/.lake/build/lib/lean/Mathlib/Tactic/CategoryTheory/ToApp.olean: OK
.lake/packages/mathlib/.lake/build/ir/Mathlib/Tactic/Change.c.o.export: OK
.lake/packages/mathlib/.lake/build/ir/Mathlib/Tactic/Change.c: OK
.lake/packages/mathlib/.lake/build/lib/lean/Mathlib/Tactic/Change.olean: OK
.lake/packages/mathlib/.lake/build/ir/Mathlib/Tactic/Check.c.o.export: OK
.lake/packages/mathlib/.lake/build/ir/Mathlib/Tactic/Check.c: OK
.lake/packages/mathlib/.lake/build/lib/lean/Mathlib/Tactic/Check.olean: OK
.lake/packages/mathlib/.lake/build/ir/Mathlib/Tactic/Choose.c.o.export: OK
.lake/packages/mathlib/.lake/build/ir/Mathlib/Tactic/Choose.c: OK
.lake/packages/mathlib/.lake/build/lib/lean/Mathlib/Tactic/Choose.olean: OK
.lake/packages/mathlib/.lake/build/ir/Mathlib/Tactic/Clean.c.o.export: OK
.lake/packages/mathlib/.lake/build/ir/Mathlib/Tactic/Clean.c: OK
.lake/packages/mathlib/.lake/build/lib/lean/Mathlib/Tactic/Clean.olean: OK
.lake/packages/mathlib/.lake/build/ir/Mathlib/Tactic/ClearExcept.c.o.export: OK
.lake/packages/mathlib/.lake/build/ir/Mathlib/Tactic/ClearExcept.c: OK
.lake/packages/mathlib/.lake/build/lib/lean/Mathlib/Tactic/ClearExcept.olean: OK
.lake/packages/mathlib/.lake/build/ir/Mathlib/Tactic/ClearExclamation.c.o.export: OK
.lake/packages/mathlib/.lake/build/ir/Mathlib/Tactic/ClearExclamation.c: OK
.lake/packages/mathlib/.lake/build/lib/lean/Mathlib/Tactic/ClearExclamation.olean: OK
.lake/packages/mathlib/.lake/build/ir/Mathlib/Tactic/Clear_.c.o.export: OK
.lake/packages/mathlib/.lake/build/ir/Mathlib/Tactic/Clear_.c: OK
.lake/packages/mathlib/.lake/build/lib/lean/Mathlib/Tactic/Clear_.olean: OK
.lake/packages/mathlib/.lake/build/ir/Mathlib/Tactic/Coe.c.o.export: OK
.lake/packages/mathlib/.lake/build/ir/Mathlib/Tactic/Coe.c: OK
.lake/packages/mathlib/.lake/build/lib/lean/Mathlib/Tactic/Coe.olean: OK
.lake/packages/mathlib/.lake/build/ir/Mathlib/Tactic/Common.c.o.export: OK
.lake/packages/mathlib/.lake/build/ir/Mathlib/Tactic/Common.c: OK
.lake/packages/mathlib/.lake/build/lib/lean/Mathlib/Tactic/Common.olean: OK
.lake/packages/mathlib/.lake/build/ir/Mathlib/Tactic/ComputeAsymptotics/Lemmas.c.o.export: OK
.lake/packages/mathlib/.lake/build/ir/Mathlib/Tactic/ComputeAsymptotics/Lemmas.c: OK
.lake/packages/mathlib/.lake/build/lib/lean/Mathlib/Tactic/ComputeAsymptotics/Lemmas.olean: OK
.lake/packages/mathlib/.lake/build/ir/Mathlib/Tactic/ComputeAsymptotics/Multiseries/Basis.c.o.export: OK
.lake/packages/mathlib/.lake/build/ir/Mathlib/Tactic/ComputeAsymptotics/Multiseries/Basis.c: OK
.lake/packages/mathlib/.lake/build/lib/lean/Mathlib/Tactic/ComputeAsymptotics/Multiseries/Basis.olean: OK
.lake/packages/mathlib/.lake/build/ir/Mathlib/Tactic/ComputeAsymptotics/Multiseries/Corecursion.c.o.export: OK
.lake/packages/mathlib/.lake/build/ir/Mathlib/Tactic/ComputeAsymptotics/Multiseries/Corecursion.c: OK
.lake/packages/mathlib/.lake/build/lib/lean/Mathlib/Tactic/ComputeAsymptotics/Multiseries/Corecursion.olean: OK
.lake/packages/mathlib/.lake/build/ir/Mathlib/Tactic/ComputeAsymptotics/Multiseries/Defs.c.o.export: OK
.lake/packages/mathlib/.lake/build/ir/Mathlib/Tactic/ComputeAsymptotics/Multiseries/Defs.c: OK
.lake/packages/mathlib/.lake/build/lib/lean/Mathlib/Tactic/ComputeAsymptotics/Multiseries/Defs.olean: OK
.lake/packages/mathlib/.lake/build/ir/Mathlib/Tactic/ComputeAsymptotics/Multiseries/Majorized.c.o.export: OK
.lake/packages/mathlib/.lake/build/ir/Mathlib/Tactic/ComputeAsymptotics/Multiseries/Majorized.c: OK
.lake/packages/mathlib/.lake/build/lib/lean/Mathlib/Tactic/ComputeAsymptotics/Multiseries/Majorized.olean: OK
.lake/packages/mathlib/.lake/build/ir/Mathlib/Tactic/ComputeAsymptotics/Multiseries/Monomial/Basic.c.o.export: OK
.lake/packages/mathlib/.lake/build/ir/Mathlib/Tactic/ComputeAsymptotics/Multiseries/Monomial/Basic.c: OK
.lake/packages/mathlib/.lake/build/lib/lean/Mathlib/Tactic/ComputeAsymptotics/Multiseries/Monomial/Basic.olean: OK
.lake/packages/mathlib/.lake/build/ir/Mathlib/Tactic/ComputeAsymptotics/Multiseries/Monomial/Predicates.c.o.export: OK
.lake/packages/mathlib/.lake/build/ir/Mathlib/Tactic/ComputeAsymptotics/Multiseries/Monomial/Predicates.c: OK
.lake/packages/mathlib/.lake/build/lib/lean/Mathlib/Tactic/ComputeAsymptotics/Multiseries/Monomial/Predicates.olean: OK
.lake/packages/mathlib/.lake/build/ir/Mathlib/Tactic/ComputeDegree.c.o.export: OK
.lake/packages/mathlib/.lake/build/ir/Mathlib/Tactic/ComputeDegree.c: OK
.lake/packages/mathlib/.lake/build/lib/lean/Mathlib/Tactic/ComputeDegree.olean: OK
.lake/packages/mathlib/.lake/build/ir/Mathlib/Tactic/CongrExclamation.c.o.export: OK
.lake/packages/mathlib/.lake/build/ir/Mathlib/Tactic/CongrExclamation.c: OK
.lake/packages/mathlib/.lake/build/lib/lean/Mathlib/Tactic/CongrExclamation.olean: OK
.lake/packages/mathlib/.lake/build/ir/Mathlib/Tactic/CongrM.c.o.export: OK
.lake/packages/mathlib/.lake/build/ir/Mathlib/Tactic/CongrM.c: OK
.lake/packages/mathlib/.lake/build/lib/lean/Mathlib/Tactic/CongrM.olean: OK
.lake/packages/mathlib/.lake/build/ir/Mathlib/Tactic/Constructor.c.o.export: OK
.lake/packages/mathlib/.lake/build/ir/Mathlib/Tactic/Constructor.c: OK
.lake/packages/mathlib/.lake/build/lib/lean/Mathlib/Tactic/Constructor.olean: OK
.lake/packages/mathlib/.lake/build/ir/Mathlib/Tactic/Continuity.c.o.export: OK
.lake/packages/mathlib/.lake/build/ir/Mathlib/Tactic/Continuity.c: OK
.lake/packages/mathlib/.lake/build/lib/lean/Mathlib/Tactic/Continuity.olean: OK
.lake/packages/mathlib/.lake/build/ir/Mathlib/Tactic/Continuity/Init.c.o.export: OK
.lake/packages/mathlib/.lake/build/ir/Mathlib/Tactic/Continuity/Init.c: OK
.lake/packages/mathlib/.lake/build/lib/lean/Mathlib/Tactic/Continuity/Init.olean: OK
.lake/packages/mathlib/.lake/build/ir/Mathlib/Tactic/ContinuousFunctionalCalculus.c.o.export: OK
.lake/packages/mathlib/.lake/build/ir/Mathlib/Tactic/ContinuousFunctionalCalculus.c: OK
.lake/packages/mathlib/.lake/build/lib/lean/Mathlib/Tactic/ContinuousFunctionalCalculus.olean: OK
.lake/packages/mathlib/.lake/build/ir/Mathlib/Tactic/Contrapose.c.o.export: OK
.lake/packages/mathlib/.lake/build/ir/Mathlib/Tactic/Contrapose.c: OK
.lake/packages/mathlib/.lake/build/lib/lean/Mathlib/Tactic/Contrapose.olean: OK
.lake/packages/mathlib/.lake/build/ir/Mathlib/Tactic/Conv.c.o.export: OK
.lake/packages/mathlib/.lake/build/ir/Mathlib/Tactic/Conv.c: OK
.lake/packages/mathlib/.lake/build/lib/lean/Mathlib/Tactic/Conv.olean: OK
.lake/packages/mathlib/.lake/build/ir/Mathlib/Tactic/Convert.c.o.export: OK
.lake/packages/mathlib/.lake/build/ir/Mathlib/Tactic/Convert.c: OK
.lake/packages/mathlib/.lake/build/lib/lean/Mathlib/Tactic/Convert.olean: OK
.lake/packages/mathlib/.lake/build/ir/Mathlib/Tactic/Core.c.o.export: OK
.lake/packages/mathlib/.lake/build/ir/Mathlib/Tactic/Core.c: OK
.lake/packages/mathlib/.lake/build/lib/lean/Mathlib/Tactic/Core.olean: OK
.lake/packages/mathlib/.lake/build/ir/Mathlib/Tactic/CrossRefAttribute.c.o.export: OK
.lake/packages/mathlib/.lake/build/ir/Mathlib/Tactic/CrossRefAttribute.c: OK
.lake/packages/mathlib/.lake/build/lib/lean/Mathlib/Tactic/CrossRefAttribute.olean: OK
.lake/packages/mathlib/.lake/build/ir/Mathlib/Tactic/DSimpPercent.c.o.export: OK
.lake/packages/mathlib/.lake/build/ir/Mathlib/Tactic/DSimpPercent.c: OK
.lake/packages/mathlib/.lake/build/lib/lean/Mathlib/Tactic/DSimpPercent.olean: OK
.lake/packages/mathlib/.lake/build/ir/Mathlib/Tactic/DeclarationNames.c.o.export: OK
.lake/packages/mathlib/.lake/build/ir/Mathlib/Tactic/DeclarationNames.c: OK
.lake/packages/mathlib/.lake/build/lib/lean/Mathlib/Tactic/DeclarationNames.olean: OK
.lake/packages/mathlib/.lake/build/ir/Mathlib/Tactic/DefEqAbuse.c.o.export: OK
.lake/packages/mathlib/.lake/build/ir/Mathlib/Tactic/DefEqAbuse.c: OK
.lake/packages/mathlib/.lake/build/lib/lean/Mathlib/Tactic/DefEqAbuse.olean: OK
.lake/packages/mathlib/.lake/build/ir/Mathlib/Tactic/DefEqTransformations.c.o.export: OK
.lake/packages/mathlib/.lake/build/ir/Mathlib/Tactic/DefEqTransformations.c: OK
.lake/packages/mathlib/.lake/build/lib/lean/Mathlib/Tactic/DefEqTransformations.olean: OK
.lake/packages/mathlib/.lake/build/ir/Mathlib/Tactic/DepRewrite.c.o.export: OK
.lake/packages/mathlib/.lake/build/ir/Mathlib/Tactic/DepRewrite.c: OK
.lake/packages/mathlib/.lake/build/lib/lean/Mathlib/Tactic/DepRewrite.olean: OK
.lake/packages/mathlib/.lake/build/ir/Mathlib/Tactic/DeprecateTo.c.o.export: OK
.lake/packages/mathlib/.lake/build/ir/Mathlib/Tactic/DeprecateTo.c: OK
.lake/packages/mathlib/.lake/build/lib/lean/Mathlib/Tactic/DeprecateTo.olean: OK
.lake/packages/mathlib/.lake/build/ir/Mathlib/Tactic/DeriveCountable.c.o.export: OK
.lake/packages/mathlib/.lake/build/ir/Mathlib/Tactic/DeriveCountable.c: OK
.lake/packages/mathlib/.lake/build/lib/lean/Mathlib/Tactic/DeriveCountable.olean: OK
.lake/packages/mathlib/.lake/build/ir/Mathlib/Tactic/DeriveEncodable.c.o.export: OK
.lake/packages/mathlib/.lake/build/ir/Mathlib/Tactic/DeriveEncodable.c: OK
.lake/packages/mathlib/.lake/build/lib/lean/Mathlib/Tactic/DeriveEncodable.olean: OK
.lake/packages/mathlib/.lake/build/ir/Mathlib/Tactic/DeriveFintype.c.o.export: OK
.lake/packages/mathlib/.lake/build/ir/Mathlib/Tactic/DeriveFintype.c: OK
.lake/packages/mathlib/.lake/build/lib/lean/Mathlib/Tactic/DeriveFintype.olean: OK
.lake/packages/mathlib/.lake/build/ir/Mathlib/Tactic/DeriveTraversable.c.o.export: OK
.lake/packages/mathlib/.lake/build/ir/Mathlib/Tactic/DeriveTraversable.c: OK
.lake/packages/mathlib/.lake/build/lib/lean/Mathlib/Tactic/DeriveTraversable.olean: OK
.lake/packages/mathlib/.lake/build/ir/Mathlib/Tactic/ENatToNat.c.o.export: OK
.lake/packages/mathlib/.lake/build/ir/Mathlib/Tactic/ENatToNat.c: OK
.lake/packages/mathlib/.lake/build/lib/lean/Mathlib/Tactic/ENatToNat.olean: OK
.lake/packages/mathlib/.lake/build/ir/Mathlib/Tactic/Eqns.c.o.export: OK
.lake/packages/mathlib/.lake/build/ir/Mathlib/Tactic/Eqns.c: OK
.lake/packages/mathlib/.lake/build/lib/lean/Mathlib/Tactic/Eqns.olean: OK
.lake/packages/mathlib/.lake/build/ir/Mathlib/Tactic/ErwQuestion.c.o.export: OK
.lake/packages/mathlib/.lake/build/ir/Mathlib/Tactic/ErwQuestion.c: OK
.lake/packages/mathlib/.lake/build/lib/lean/Mathlib/Tactic/ErwQuestion.olean: OK
.lake/packages/mathlib/.lake/build/ir/Mathlib/Tactic/Eval.c.o.export: OK
.lake/packages/mathlib/.lake/build/ir/Mathlib/Tactic/Eval.c: OK
.lake/packages/mathlib/.lake/build/lib/lean/Mathlib/Tactic/Eval.olean: OK
.lake/packages/mathlib/.lake/build/ir/Mathlib/Tactic/ExistsI.c.o.export: OK
.lake/packages/mathlib/.lake/build/ir/Mathlib/Tactic/ExistsI.c: OK
.lake/packages/mathlib/.lake/build/lib/lean/Mathlib/Tactic/ExistsI.olean: OK
.lake/packages/mathlib/.lake/build/ir/Mathlib/Tactic/Explode.c.o.export: OK
.lake/packages/mathlib/.lake/build/ir/Mathlib/Tactic/Explode.c: OK
.lake/packages/mathlib/.lake/build/lib/lean/Mathlib/Tactic/Explode.olean: OK
.lake/packages/mathlib/.lake/build/ir/Mathlib/Tactic/Explode/Datatypes.c.o.export: OK
.lake/packages/mathlib/.lake/build/ir/Mathlib/Tactic/Explode/Datatypes.c: OK
.lake/packages/mathlib/.lake/build/lib/lean/Mathlib/Tactic/Explode/Datatypes.olean: OK
.lake/packages/mathlib/.lake/build/ir/Mathlib/Tactic/Explode/Pretty.c.o.export: OK
.lake/packages/mathlib/.lake/build/ir/Mathlib/Tactic/Explode/Pretty.c: OK
.lake/packages/mathlib/.lake/build/lib/lean/Mathlib/Tactic/Explode/Pretty.olean: OK
.lake/packages/mathlib/.lake/build/ir/Mathlib/Tactic/Ext.c.o.export: OK
.lake/packages/mathlib/.lake/build/ir/Mathlib/Tactic/Ext.c: OK
.lake/packages/mathlib/.lake/build/lib/lean/Mathlib/Tactic/Ext.olean: OK
.lake/packages/mathlib/.lake/build/ir/Mathlib/Tactic/ExtendDoc.c.o.export: OK
.lake/packages/mathlib/.lake/build/ir/Mathlib/Tactic/ExtendDoc.c: OK
.lake/packages/mathlib/.lake/build/lib/lean/Mathlib/Tactic/ExtendDoc.olean: OK
.lake/packages/mathlib/.lake/build/ir/Mathlib/Tactic/ExtractGoal.c.o.export: OK
.lake/packages/mathlib/.lake/build/ir/Mathlib/Tactic/ExtractGoal.c: OK
.lake/packages/mathlib/.lake/build/lib/lean/Mathlib/Tactic/ExtractGoal.olean: OK
.lake/packages/mathlib/.lake/build/ir/Mathlib/Tactic/FBinop.c.o.export: OK
.lake/packages/mathlib/.lake/build/ir/Mathlib/Tactic/FBinop.c: OK
.lake/packages/mathlib/.lake/build/lib/lean/Mathlib/Tactic/FBinop.olean: OK
.lake/packages/mathlib/.lake/build/ir/Mathlib/Tactic/FailIfNoProgress.c.o.export: OK
.lake/packages/mathlib/.lake/build/ir/Mathlib/Tactic/FailIfNoProgress.c: OK
.lake/packages/mathlib/.lake/build/lib/lean/Mathlib/Tactic/FailIfNoProgress.olean: OK
.lake/packages/mathlib/.lake/build/ir/Mathlib/Tactic/FastInstance.c.o.export: OK
.lake/packages/mathlib/.lake/build/ir/Mathlib/Tactic/FastInstance.c: OK
.lake/packages/mathlib/.lake/build/lib/lean/Mathlib/Tactic/FastInstance.olean: OK
.lake/packages/mathlib/.lake/build/ir/Mathlib/Tactic/Field.c.o.export: OK
.lake/packages/mathlib/.lake/build/ir/Mathlib/Tactic/Field.c: OK
.lake/packages/mathlib/.lake/build/lib/lean/Mathlib/Tactic/Field.olean: OK
.lake/packages/mathlib/.lake/build/ir/Mathlib/Tactic/FieldSimp.c.o.export: OK
.lake/packages/mathlib/.lake/build/ir/Mathlib/Tactic/FieldSimp.c: OK
.lake/packages/mathlib/.lake/build/lib/lean/Mathlib/Tactic/FieldSimp.olean: OK
.lake/packages/mathlib/.lake/build/ir/Mathlib/Tactic/FieldSimp/Attr.c.o.export: OK
.lake/packages/mathlib/.lake/build/ir/Mathlib/Tactic/FieldSimp/Attr.c: OK
.lake/packages/mathlib/.lake/build/lib/lean/Mathlib/Tactic/FieldSimp/Attr.olean: OK
.lake/packages/mathlib/.lake/build/ir/Mathlib/Tactic/FieldSimp/Discharger.c.o.export: OK
.lake/packages/mathlib/.lake/build/ir/Mathlib/Tactic/FieldSimp/Discharger.c: OK
.lake/packages/mathlib/.lake/build/lib/lean/Mathlib/Tactic/FieldSimp/Discharger.olean: OK
.lake/packages/mathlib/.lake/build/ir/Mathlib/Tactic/FieldSimp/Lemmas.c.o.export: OK
.lake/packages/mathlib/.lake/build/ir/Mathlib/Tactic/FieldSimp/Lemmas.c: OK
.lake/packages/mathlib/.lake/build/lib/lean/Mathlib/Tactic/FieldSimp/Lemmas.olean: OK
.lake/packages/mathlib/.lake/build/ir/Mathlib/Tactic/FinCases.c.o.export: OK
.lake/packages/mathlib/.lake/build/ir/Mathlib/Tactic/FinCases.c: OK
.lake/packages/mathlib/.lake/build/lib/lean/Mathlib/Tactic/FinCases.olean: OK
.lake/packages/mathlib/.lake/build/ir/Mathlib/Tactic/Find.c.o.export: OK
.lake/packages/mathlib/.lake/build/ir/Mathlib/Tactic/Find.c: OK
.lake/packages/mathlib/.lake/build/lib/lean/Mathlib/Tactic/Find.olean: OK
.lake/packages/mathlib/.lake/build/ir/Mathlib/Tactic/FindSyntax.c.o.export: OK
.lake/packages/mathlib/.lake/build/ir/Mathlib/Tactic/FindSyntax.c: OK
.lake/packages/mathlib/.lake/build/lib/lean/Mathlib/Tactic/FindSyntax.olean: OK
.lake/packages/mathlib/.lake/build/ir/Mathlib/Tactic/Finiteness.c.o.export: OK
.lake/packages/mathlib/.lake/build/ir/Mathlib/Tactic/Finiteness.c: OK
.lake/packages/mathlib/.lake/build/lib/lean/Mathlib/Tactic/Finiteness.olean: OK
.lake/packages/mathlib/.lake/build/ir/Mathlib/Tactic/Finiteness/Attr.c.o.export: OK
.lake/packages/mathlib/.lake/build/ir/Mathlib/Tactic/Finiteness/Attr.c: OK
.lake/packages/mathlib/.lake/build/lib/lean/Mathlib/Tactic/Finiteness/Attr.olean: OK
.lake/packages/mathlib/.lake/build/ir/Mathlib/Tactic/FunProp.c.o.export: OK
.lake/packages/mathlib/.lake/build/ir/Mathlib/Tactic/FunProp.c: OK
.lake/packages/mathlib/.lake/build/lib/lean/Mathlib/Tactic/FunProp.olean: OK
.lake/packages/mathlib/.lake/build/ir/Mathlib/Tactic/FunProp/Attr.c.o.export: OK
.lake/packages/mathlib/.lake/build/ir/Mathlib/Tactic/FunProp/Attr.c: OK
.lake/packages/mathlib/.lake/build/lib/lean/Mathlib/Tactic/FunProp/Attr.olean: OK
.lake/packages/mathlib/.lake/build/ir/Mathlib/Tactic/FunProp/Core.c.o.export: OK
.lake/packages/mathlib/.lake/build/ir/Mathlib/Tactic/FunProp/Core.c: OK
.lake/packages/mathlib/.lake/build/lib/lean/Mathlib/Tactic/FunProp/Core.olean: OK
.lake/packages/mathlib/.lake/build/ir/Mathlib/Tactic/FunProp/Decl.c.o.export: OK
.lake/packages/mathlib/.lake/build/ir/Mathlib/Tactic/FunProp/Decl.c: OK
.lake/packages/mathlib/.lake/build/lib/lean/Mathlib/Tactic/FunProp/Decl.olean: OK
.lake/packages/mathlib/.lake/build/ir/Mathlib/Tactic/FunProp/Elab.c.o.export: OK
.lake/packages/mathlib/.lake/build/ir/Mathlib/Tactic/FunProp/Elab.c: OK
.lake/packages/mathlib/.lake/build/lib/lean/Mathlib/Tactic/FunProp/Elab.olean: OK
.lake/packages/mathlib/.lake/build/ir/Mathlib/Tactic/FunProp/FunctionData.c.o.export: OK
.lake/packages/mathlib/.lake/build/ir/Mathlib/Tactic/FunProp/FunctionData.c: OK
.lake/packages/mathlib/.lake/build/lib/lean/Mathlib/Tactic/FunProp/FunctionData.olean: OK
.lake/packages/mathlib/.lake/build/ir/Mathlib/Tactic/FunProp/Mor.c.o.export: OK
.lake/packages/mathlib/.lake/build/ir/Mathlib/Tactic/FunProp/Mor.c: OK
.lake/packages/mathlib/.lake/build/lib/lean/Mathlib/Tactic/FunProp/Mor.olean: OK
.lake/packages/mathlib/.lake/build/ir/Mathlib/Tactic/FunProp/Theorems.c.o.export: OK
.lake/packages/mathlib/.lake/build/ir/Mathlib/Tactic/FunProp/Theorems.c: OK
.lake/packages/mathlib/.lake/build/lib/lean/Mathlib/Tactic/FunProp/Theorems.olean: OK
.lake/packages/mathlib/.lake/build/ir/Mathlib/Tactic/FunProp/ToBatteries.c.o.export: OK
.lake/packages/mathlib/.lake/build/ir/Mathlib/Tactic/FunProp/ToBatteries.c: OK
.lake/packages/mathlib/.lake/build/lib/lean/Mathlib/Tactic/FunProp/ToBatteries.olean: OK
.lake/packages/mathlib/.lake/build/ir/Mathlib/Tactic/FunProp/Types.c.o.export: OK
.lake/packages/mathlib/.lake/build/ir/Mathlib/Tactic/FunProp/Types.c: OK
.lake/packages/mathlib/.lake/build/lib/lean/Mathlib/Tactic/FunProp/Types.olean: OK
.lake/packages/mathlib/.lake/build/ir/Mathlib/Tactic/GCongr.c.o.export: OK
.lake/packages/mathlib/.lake/build/ir/Mathlib/Tactic/GCongr.c: OK
.lake/packages/mathlib/.lake/build/lib/lean/Mathlib/Tactic/GCongr.olean: OK
.lake/packages/mathlib/.lake/build/ir/Mathlib/Tactic/GCongr/Core.c.o.export: OK
.lake/packages/mathlib/.lake/build/ir/Mathlib/Tactic/GCongr/Core.c: OK
.lake/packages/mathlib/.lake/build/lib/lean/Mathlib/Tactic/GCongr/Core.olean: OK
.lake/packages/mathlib/.lake/build/ir/Mathlib/Tactic/GCongr/CoreAttrs.c.o.export: OK
.lake/packages/mathlib/.lake/build/ir/Mathlib/Tactic/GCongr/CoreAttrs.c: OK
.lake/packages/mathlib/.lake/build/lib/lean/Mathlib/Tactic/GCongr/CoreAttrs.olean: OK
.lake/packages/mathlib/.lake/build/ir/Mathlib/Tactic/GCongr/ForwardAttr.c.o.export: OK
.lake/packages/mathlib/.lake/build/ir/Mathlib/Tactic/GCongr/ForwardAttr.c: OK
.lake/packages/mathlib/.lake/build/lib/lean/Mathlib/Tactic/GCongr/ForwardAttr.olean: OK
.lake/packages/mathlib/.lake/build/ir/Mathlib/Tactic/GRewrite.c.o.export: OK
.lake/packages/mathlib/.lake/build/ir/Mathlib/Tactic/GRewrite.c: OK
.lake/packages/mathlib/.lake/build/lib/lean/Mathlib/Tactic/GRewrite.olean: OK
.lake/packages/mathlib/.lake/build/ir/Mathlib/Tactic/GRewrite/Core.c.o.export: OK
.lake/packages/mathlib/.lake/build/ir/Mathlib/Tactic/GRewrite/Core.c: OK
.lake/packages/mathlib/.lake/build/lib/lean/Mathlib/Tactic/GRewrite/Core.olean: OK
.lake/packages/mathlib/.lake/build/ir/Mathlib/Tactic/GRewrite/Elab.c.o.export: OK
.lake/packages/mathlib/.lake/build/ir/Mathlib/Tactic/GRewrite/Elab.c: OK
.lake/packages/mathlib/.lake/build/lib/lean/Mathlib/Tactic/GRewrite/Elab.olean: OK
.lake/packages/mathlib/.lake/build/ir/Mathlib/Tactic/Generalize.c.o.export: OK
.lake/packages/mathlib/.lake/build/ir/Mathlib/Tactic/Generalize.c: OK
.lake/packages/mathlib/.lake/build/lib/lean/Mathlib/Tactic/Generalize.olean: OK
.lake/packages/mathlib/.lake/build/ir/Mathlib/Tactic/GeneralizeProofs.c.o.export: OK
.lake/packages/mathlib/.lake/build/ir/Mathlib/Tactic/GeneralizeProofs.c: OK
.lake/packages/mathlib/.lake/build/lib/lean/Mathlib/Tactic/GeneralizeProofs.olean: OK
.lake/packages/mathlib/.lake/build/ir/Mathlib/Tactic/Group.c.o.export: OK
.lake/packages/mathlib/.lake/build/ir/Mathlib/Tactic/Group.c: OK
.lake/packages/mathlib/.lake/build/lib/lean/Mathlib/Tactic/Group.olean: OK
.lake/packages/mathlib/.lake/build/ir/Mathlib/Tactic/GuardGoalNums.c.o.export: OK
.lake/packages/mathlib/.lake/build/ir/Mathlib/Tactic/GuardGoalNums.c: OK
.lake/packages/mathlib/.lake/build/lib/lean/Mathlib/Tactic/GuardGoalNums.olean: OK
.lake/packages/mathlib/.lake/build/ir/Mathlib/Tactic/GuardHypNums.c.o.export: OK
.lake/packages/mathlib/.lake/build/ir/Mathlib/Tactic/GuardHypNums.c: OK
.lake/packages/mathlib/.lake/build/lib/lean/Mathlib/Tactic/GuardHypNums.olean: OK
.lake/packages/mathlib/.lake/build/ir/Mathlib/Tactic/Have.c.o.export: OK
.lake/packages/mathlib/.lake/build/ir/Mathlib/Tactic/Have.c: OK
.lake/packages/mathlib/.lake/build/lib/lean/Mathlib/Tactic/Have.olean: OK
.lake/packages/mathlib/.lake/build/ir/Mathlib/Tactic/HaveI.c.o.export: OK
.lake/packages/mathlib/.lake/build/ir/Mathlib/Tactic/HaveI.c: OK
.lake/packages/mathlib/.lake/build/lib/lean/Mathlib/Tactic/HaveI.olean: OK
.lake/packages/mathlib/.lake/build/ir/Mathlib/Tactic/HigherOrder.c.o.export: OK
.lake/packages/mathlib/.lake/build/ir/Mathlib/Tactic/HigherOrder.c: OK
.lake/packages/mathlib/.lake/build/lib/lean/Mathlib/Tactic/HigherOrder.olean: OK
.lake/packages/mathlib/.lake/build/ir/Mathlib/Tactic/Hint.c.o.export: OK
.lake/packages/mathlib/.lake/build/ir/Mathlib/Tactic/Hint.c: OK
.lake/packages/mathlib/.lake/build/lib/lean/Mathlib/Tactic/Hint.olean: OK
.lake/packages/mathlib/.lake/build/ir/Mathlib/Tactic/ITauto.c.o.export: OK
.lake/packages/mathlib/.lake/build/ir/Mathlib/Tactic/ITauto.c: OK
.lake/packages/mathlib/.lake/build/lib/lean/Mathlib/Tactic/ITauto.olean: OK
.lake/packages/mathlib/.lake/build/ir/Mathlib/Tactic/InferParam.c.o.export: OK
.lake/packages/mathlib/.lake/build/ir/Mathlib/Tactic/InferParam.c: OK
.lake/packages/mathlib/.lake/build/lib/lean/Mathlib/Tactic/InferParam.olean: OK
.lake/packages/mathlib/.lake/build/ir/Mathlib/Tactic/Inhabit.c.o.export: OK
.lake/packages/mathlib/.lake/build/ir/Mathlib/Tactic/Inhabit.c: OK
.lake/packages/mathlib/.lake/build/lib/lean/Mathlib/Tactic/Inhabit.olean: OK
.lake/packages/mathlib/.lake/build/ir/Mathlib/Tactic/IntervalCases.c.o.export: OK
.lake/packages/mathlib/.lake/build/ir/Mathlib/Tactic/IntervalCases.c: OK
.lake/packages/mathlib/.lake/build/lib/lean/Mathlib/Tactic/IntervalCases.olean: OK
.lake/packages/mathlib/.lake/build/ir/Mathlib/Tactic/IrreducibleDef.c.o.export: OK
.lake/packages/mathlib/.lake/build/ir/Mathlib/Tactic/IrreducibleDef.c: OK
.lake/packages/mathlib/.lake/build/lib/lean/Mathlib/Tactic/IrreducibleDef.olean: OK
.lake/packages/mathlib/.lake/build/ir/Mathlib/Tactic/Lemma.c.o.export: OK
.lake/packages/mathlib/.lake/build/ir/Mathlib/Tactic/Lemma.c: OK
.lake/packages/mathlib/.lake/build/lib/lean/Mathlib/Tactic/Lemma.olean: OK
.lake/packages/mathlib/.lake/build/ir/Mathlib/Tactic/Lift.c.o.export: OK
.lake/packages/mathlib/.lake/build/ir/Mathlib/Tactic/Lift.c: OK
.lake/packages/mathlib/.lake/build/lib/lean/Mathlib/Tactic/Lift.olean: OK
.lake/packages/mathlib/.lake/build/ir/Mathlib/Tactic/Linarith.c.o.export: OK
.lake/packages/mathlib/.lake/build/ir/Mathlib/Tactic/Linarith.c: OK
.lake/packages/mathlib/.lake/build/lib/lean/Mathlib/Tactic/Linarith.olean: OK
.lake/packages/mathlib/.lake/build/ir/Mathlib/Tactic/Linarith/Datatypes.c.o.export: OK
.lake/packages/mathlib/.lake/build/ir/Mathlib/Tactic/Linarith/Datatypes.c: OK
.lake/packages/mathlib/.lake/build/lib/lean/Mathlib/Tactic/Linarith/Datatypes.olean: OK
.lake/packages/mathlib/.lake/build/ir/Mathlib/Tactic/Linarith/Frontend.c.o.export: OK
.lake/packages/mathlib/.lake/build/ir/Mathlib/Tactic/Linarith/Frontend.c: OK
.lake/packages/mathlib/.lake/build/lib/lean/Mathlib/Tactic/Linarith/Frontend.olean: OK
.lake/packages/mathlib/.lake/build/ir/Mathlib/Tactic/Linarith/Lemmas.c.o.export: OK
.lake/packages/mathlib/.lake/build/ir/Mathlib/Tactic/Linarith/Lemmas.c: OK
.lake/packages/mathlib/.lake/build/lib/lean/Mathlib/Tactic/Linarith/Lemmas.olean: OK
.lake/packages/mathlib/.lake/build/ir/Mathlib/Tactic/Linarith/NNRealPreprocessor.c.o.export: OK
.lake/packages/mathlib/.lake/build/ir/Mathlib/Tactic/Linarith/NNRealPreprocessor.c: OK
.lake/packages/mathlib/.lake/build/lib/lean/Mathlib/Tactic/Linarith/NNRealPreprocessor.olean: OK
.lake/packages/mathlib/.lake/build/ir/Mathlib/Tactic/Linarith/Oracle/FourierMotzkin.c.o.export: OK
.lake/packages/mathlib/.lake/build/ir/Mathlib/Tactic/Linarith/Oracle/FourierMotzkin.c: OK
.lake/packages/mathlib/.lake/build/lib/lean/Mathlib/Tactic/Linarith/Oracle/FourierMotzkin.olean: OK
.lake/packages/mathlib/.lake/build/ir/Mathlib/Tactic/Linarith/Oracle/SimplexAlgorithm.c.o.export: OK
.lake/packages/mathlib/.lake/build/ir/Mathlib/Tactic/Linarith/Oracle/SimplexAlgorithm.c: OK
.lake/packages/mathlib/.lake/build/lib/lean/Mathlib/Tactic/Linarith/Oracle/SimplexAlgorithm.olean: OK
.lake/packages/mathlib/.lake/build/ir/Mathlib/Tactic/Linarith/Oracle/SimplexAlgorithm/Datatypes.c.o.export: OK
.lake/packages/mathlib/.lake/build/ir/Mathlib/Tactic/Linarith/Oracle/SimplexAlgorithm/Datatypes.c: OK
.lake/packages/mathlib/.lake/build/lib/lean/Mathlib/Tactic/Linarith/Oracle/SimplexAlgorithm/Datatypes.olean: OK
.lake/packages/mathlib/.lake/build/ir/Mathlib/Tactic/Linarith/Oracle/SimplexAlgorithm/Gauss.c.o.export: OK
.lake/packages/mathlib/.lake/build/ir/Mathlib/Tactic/Linarith/Oracle/SimplexAlgorithm/Gauss.c: OK
.lake/packages/mathlib/.lake/build/lib/lean/Mathlib/Tactic/Linarith/Oracle/SimplexAlgorithm/Gauss.olean: OK
.lake/packages/mathlib/.lake/build/ir/Mathlib/Tactic/Linarith/Oracle/SimplexAlgorithm/PositiveVector.c.o.export: OK
.lake/packages/mathlib/.lake/build/ir/Mathlib/Tactic/Linarith/Oracle/SimplexAlgorithm/PositiveVector.c: OK
.lake/packages/mathlib/.lake/build/lib/lean/Mathlib/Tactic/Linarith/Oracle/SimplexAlgorithm/PositiveVector.olean: OK
.lake/packages/mathlib/.lake/build/ir/Mathlib/Tactic/Linarith/Oracle/SimplexAlgorithm/SimplexAlgorithm.c.o.export: OK
.lake/packages/mathlib/.lake/build/ir/Mathlib/Tactic/Linarith/Oracle/SimplexAlgorithm/SimplexAlgorithm.c: OK
.lake/packages/mathlib/.lake/build/lib/lean/Mathlib/Tactic/Linarith/Oracle/SimplexAlgorithm/SimplexAlgorithm.olean: OK
.lake/packages/mathlib/.lake/build/ir/Mathlib/Tactic/Linarith/Parsing.c.o.export: OK
.lake/packages/mathlib/.lake/build/ir/Mathlib/Tactic/Linarith/Parsing.c: OK
.lake/packages/mathlib/.lake/build/lib/lean/Mathlib/Tactic/Linarith/Parsing.olean: OK
.lake/packages/mathlib/.lake/build/ir/Mathlib/Tactic/Linarith/Preprocessing.c.o.export: OK
.lake/packages/mathlib/.lake/build/ir/Mathlib/Tactic/Linarith/Preprocessing.c: OK
.lake/packages/mathlib/.lake/build/lib/lean/Mathlib/Tactic/Linarith/Preprocessing.olean: OK
.lake/packages/mathlib/.lake/build/ir/Mathlib/Tactic/Linarith/Verification.c.o.export: OK
.lake/packages/mathlib/.lake/build/ir/Mathlib/Tactic/Linarith/Verification.c: OK
.lake/packages/mathlib/.lake/build/lib/lean/Mathlib/Tactic/Linarith/Verification.olean: OK
.lake/packages/mathlib/.lake/build/ir/Mathlib/Tactic/LinearCombination.c.o.export: OK
.lake/packages/mathlib/.lake/build/ir/Mathlib/Tactic/LinearCombination.c: OK
.lake/packages/mathlib/.lake/build/lib/lean/Mathlib/Tactic/LinearCombination.olean: OK
.lake/packages/mathlib/.lake/build/ir/Mathlib/Tactic/LinearCombination/Lemmas.c.o.export: OK
.lake/packages/mathlib/.lake/build/ir/Mathlib/Tactic/LinearCombination/Lemmas.c: OK
.lake/packages/mathlib/.lake/build/lib/lean/Mathlib/Tactic/LinearCombination/Lemmas.olean: OK
.lake/packages/mathlib/.lake/build/ir/Mathlib/Tactic/LinearCombinationPrime.c.o.export: OK
.lake/packages/mathlib/.lake/build/ir/Mathlib/Tactic/LinearCombinationPrime.c: OK
.lake/packages/mathlib/.lake/build/lib/lean/Mathlib/Tactic/LinearCombinationPrime.olean: OK
.lake/packages/mathlib/.lake/build/ir/Mathlib/Tactic/Linter.c.o.export: OK
.lake/packages/mathlib/.lake/build/ir/Mathlib/Tactic/Linter.c: OK
.lake/packages/mathlib/.lake/build/lib/lean/Mathlib/Tactic/Linter.olean: OK
.lake/packages/mathlib/.lake/build/ir/Mathlib/Tactic/Linter/CommandRanges.c.o.export: OK
.lake/packages/mathlib/.lake/build/ir/Mathlib/Tactic/Linter/CommandRanges.c: OK
.lake/packages/mathlib/.lake/build/lib/lean/Mathlib/Tactic/Linter/CommandRanges.olean: OK
.lake/packages/mathlib/.lake/build/ir/Mathlib/Tactic/Linter/CommandStart.c.o.export: OK
.lake/packages/mathlib/.lake/build/ir/Mathlib/Tactic/Linter/CommandStart.c: OK
.lake/packages/mathlib/.lake/build/lib/lean/Mathlib/Tactic/Linter/CommandStart.olean: OK
.lake/packages/mathlib/.lake/build/ir/Mathlib/Tactic/Linter/DeprecatedModule.c.o.export: OK
.lake/packages/mathlib/.lake/build/ir/Mathlib/Tactic/Linter/DeprecatedModule.c: OK
.lake/packages/mathlib/.lake/build/lib/lean/Mathlib/Tactic/Linter/DeprecatedModule.olean: OK
.lake/packages/mathlib/.lake/build/ir/Mathlib/Tactic/Linter/DeprecatedSyntaxLinter.c.o.export: OK
.lake/packages/mathlib/.lake/build/ir/Mathlib/Tactic/Linter/DeprecatedSyntaxLinter.c: OK
.lake/packages/mathlib/.lake/build/lib/lean/Mathlib/Tactic/Linter/DeprecatedSyntaxLinter.olean: OK
.lake/packages/mathlib/.lake/build/ir/Mathlib/Tactic/Linter/DirectoryDependency.c.o.export: OK
.lake/packages/mathlib/.lake/build/ir/Mathlib/Tactic/Linter/DirectoryDependency.c: OK
.lake/packages/mathlib/.lake/build/lib/lean/Mathlib/Tactic/Linter/DirectoryDependency.olean: OK
.lake/packages/mathlib/.lake/build/ir/Mathlib/Tactic/Linter/DocPrime.c.o.export: OK
.lake/packages/mathlib/.lake/build/ir/Mathlib/Tactic/Linter/DocPrime.c: OK
.lake/packages/mathlib/.lake/build/lib/lean/Mathlib/Tactic/Linter/DocPrime.olean: OK
.lake/packages/mathlib/.lake/build/ir/Mathlib/Tactic/Linter/DocString.c.o.export: OK
.lake/packages/mathlib/.lake/build/ir/Mathlib/Tactic/Linter/DocString.c: OK
.lake/packages/mathlib/.lake/build/lib/lean/Mathlib/Tactic/Linter/DocString.olean: OK
.lake/packages/mathlib/.lake/build/ir/Mathlib/Tactic/Linter/EmptyLine.c.o.export: OK
.lake/packages/mathlib/.lake/build/ir/Mathlib/Tactic/Linter/EmptyLine.c: OK
.lake/packages/mathlib/.lake/build/lib/lean/Mathlib/Tactic/Linter/EmptyLine.olean: OK
.lake/packages/mathlib/.lake/build/ir/Mathlib/Tactic/Linter/FindDeprecations.c.o.export: OK
.lake/packages/mathlib/.lake/build/ir/Mathlib/Tactic/Linter/FindDeprecations.c: OK
.lake/packages/mathlib/.lake/build/lib/lean/Mathlib/Tactic/Linter/FindDeprecations.olean: OK
.lake/packages/mathlib/.lake/build/ir/Mathlib/Tactic/Linter/FlexibleLinter.c.o.export: OK
.lake/packages/mathlib/.lake/build/ir/Mathlib/Tactic/Linter/FlexibleLinter.c: OK
.lake/packages/mathlib/.lake/build/lib/lean/Mathlib/Tactic/Linter/FlexibleLinter.olean: OK
.lake/packages/mathlib/.lake/build/ir/Mathlib/Tactic/Linter/GlobalAttributeIn.c.o.export: OK
.lake/packages/mathlib/.lake/build/ir/Mathlib/Tactic/Linter/GlobalAttributeIn.c: OK
.lake/packages/mathlib/.lake/build/lib/lean/Mathlib/Tactic/Linter/GlobalAttributeIn.olean: OK
.lake/packages/mathlib/.lake/build/ir/Mathlib/Tactic/Linter/HashCommandLinter.c.o.export: OK
.lake/packages/mathlib/.lake/build/ir/Mathlib/Tactic/Linter/HashCommandLinter.c: OK
.lake/packages/mathlib/.lake/build/lib/lean/Mathlib/Tactic/Linter/HashCommandLinter.olean: OK
.lake/packages/mathlib/.lake/build/ir/Mathlib/Tactic/Linter/HaveLetLinter.c.o.export: OK
.lake/packages/mathlib/.lake/build/ir/Mathlib/Tactic/Linter/HaveLetLinter.c: OK
.lake/packages/mathlib/.lake/build/lib/lean/Mathlib/Tactic/Linter/HaveLetLinter.olean: OK
.lake/packages/mathlib/.lake/build/ir/Mathlib/Tactic/Linter/Header.c.o.export: OK
.lake/packages/mathlib/.lake/build/ir/Mathlib/Tactic/Linter/Header.c: OK
.lake/packages/mathlib/.lake/build/lib/lean/Mathlib/Tactic/Linter/Header.olean: OK
.lake/packages/mathlib/.lake/build/ir/Mathlib/Tactic/Linter/Lint.c.o.export: OK
.lake/packages/mathlib/.lake/build/ir/Mathlib/Tactic/Linter/Lint.c: OK
.lake/packages/mathlib/.lake/build/lib/lean/Mathlib/Tactic/Linter/Lint.olean: OK
.lake/packages/mathlib/.lake/build/ir/Mathlib/Tactic/Linter/MinImports.c.o.export: OK
.lake/packages/mathlib/.lake/build/ir/Mathlib/Tactic/Linter/MinImports.c: OK
.lake/packages/mathlib/.lake/build/lib/lean/Mathlib/Tactic/Linter/MinImports.olean: OK
.lake/packages/mathlib/.lake/build/ir/Mathlib/Tactic/Linter/Multigoal.c.o.export: OK
.lake/packages/mathlib/.lake/build/ir/Mathlib/Tactic/Linter/Multigoal.c: OK
.lake/packages/mathlib/.lake/build/lib/lean/Mathlib/Tactic/Linter/Multigoal.olean: OK
.lake/packages/mathlib/.lake/build/ir/Mathlib/Tactic/Linter/OldObtain.c.o.export: OK
.lake/packages/mathlib/.lake/build/ir/Mathlib/Tactic/Linter/OldObtain.c: OK
.lake/packages/mathlib/.lake/build/lib/lean/Mathlib/Tactic/Linter/OldObtain.olean: OK
.lake/packages/mathlib/.lake/build/ir/Mathlib/Tactic/Linter/OverlappingInstances.c.o.export: OK
.lake/packages/mathlib/.lake/build/ir/Mathlib/Tactic/Linter/OverlappingInstances.c: OK
.lake/packages/mathlib/.lake/build/lib/lean/Mathlib/Tactic/Linter/OverlappingInstances.olean: OK
.lake/packages/mathlib/.lake/build/ir/Mathlib/Tactic/Linter/PPRoundtrip.c.o.export: OK
.lake/packages/mathlib/.lake/build/ir/Mathlib/Tactic/Linter/PPRoundtrip.c: OK
.lake/packages/mathlib/.lake/build/lib/lean/Mathlib/Tactic/Linter/PPRoundtrip.olean: OK
.lake/packages/mathlib/.lake/build/ir/Mathlib/Tactic/Linter/PrivateModule.c.o.export: OK
.lake/packages/mathlib/.lake/build/ir/Mathlib/Tactic/Linter/PrivateModule.c: OK
.lake/packages/mathlib/.lake/build/lib/lean/Mathlib/Tactic/Linter/PrivateModule.olean: OK
.lake/packages/mathlib/.lake/build/ir/Mathlib/Tactic/Linter/Style.c.o.export: OK
.lake/packages/mathlib/.lake/build/ir/Mathlib/Tactic/Linter/Style.c: OK
.lake/packages/mathlib/.lake/build/lib/lean/Mathlib/Tactic/Linter/Style.olean: OK
.lake/packages/mathlib/.lake/build/ir/Mathlib/Tactic/Linter/TacticDocumentation.c.o.export: OK
.lake/packages/mathlib/.lake/build/ir/Mathlib/Tactic/Linter/TacticDocumentation.c: OK
.lake/packages/mathlib/.lake/build/lib/lean/Mathlib/Tactic/Linter/TacticDocumentation.olean: OK
.lake/packages/mathlib/.lake/build/ir/Mathlib/Tactic/Linter/TextBased.c.o.export: OK
.lake/packages/mathlib/.lake/build/ir/Mathlib/Tactic/Linter/TextBased.c: OK
.lake/packages/mathlib/.lake/build/lib/lean/Mathlib/Tactic/Linter/TextBased.olean: OK
.lake/packages/mathlib/.lake/build/ir/Mathlib/Tactic/Linter/TextBased/UnicodeLinter.c.o.export: OK
.lake/packages/mathlib/.lake/build/ir/Mathlib/Tactic/Linter/TextBased/UnicodeLinter.c: OK
.lake/packages/mathlib/.lake/build/lib/lean/Mathlib/Tactic/Linter/TextBased/UnicodeLinter.olean: OK
.lake/packages/mathlib/.lake/build/ir/Mathlib/Tactic/Linter/UnusedInstancesInType.c.o.export: OK
.lake/packages/mathlib/.lake/build/ir/Mathlib/Tactic/Linter/UnusedInstancesInType.c: OK
.lake/packages/mathlib/.lake/build/lib/lean/Mathlib/Tactic/Linter/UnusedInstancesInType.olean: OK
.lake/packages/mathlib/.lake/build/ir/Mathlib/Tactic/Linter/UnusedTactic.c.o.export: OK
.lake/packages/mathlib/.lake/build/ir/Mathlib/Tactic/Linter/UnusedTactic.c: OK
.lake/packages/mathlib/.lake/build/lib/lean/Mathlib/Tactic/Linter/UnusedTactic.olean: OK
.lake/packages/mathlib/.lake/build/ir/Mathlib/Tactic/Linter/UnusedTacticExtension.c.o.export: OK
.lake/packages/mathlib/.lake/build/ir/Mathlib/Tactic/Linter/UnusedTacticExtension.c: OK
.lake/packages/mathlib/.lake/build/lib/lean/Mathlib/Tactic/Linter/UnusedTacticExtension.olean: OK
.lake/packages/mathlib/.lake/build/ir/Mathlib/Tactic/Linter/UpstreamableDecl.c.o.export: OK
.lake/packages/mathlib/.lake/build/ir/Mathlib/Tactic/Linter/UpstreamableDecl.c: OK
.lake/packages/mathlib/.lake/build/lib/lean/Mathlib/Tactic/Linter/UpstreamableDecl.olean: OK
.lake/packages/mathlib/.lake/build/ir/Mathlib/Tactic/Linter/ValidatePRTitle.c.o.export: OK
.lake/packages/mathlib/.lake/build/ir/Mathlib/Tactic/Linter/ValidatePRTitle.c: OK
.lake/packages/mathlib/.lake/build/lib/lean/Mathlib/Tactic/Linter/ValidatePRTitle.olean: OK
.lake/packages/mathlib/.lake/build/ir/Mathlib/Tactic/Linter/Whitespace.c.o.export: OK
.lake/packages/mathlib/.lake/build/ir/Mathlib/Tactic/Linter/Whitespace.c: OK
.lake/packages/mathlib/.lake/build/lib/lean/Mathlib/Tactic/Linter/Whitespace.olean: OK
.lake/packages/mathlib/.lake/build/ir/Mathlib/Tactic/Measurability.c.o.export: OK
.lake/packages/mathlib/.lake/build/ir/Mathlib/Tactic/Measurability.c: OK
.lake/packages/mathlib/.lake/build/lib/lean/Mathlib/Tactic/Measurability.olean: OK
.lake/packages/mathlib/.lake/build/ir/Mathlib/Tactic/Measurability/Init.c.o.export: OK
.lake/packages/mathlib/.lake/build/ir/Mathlib/Tactic/Measurability/Init.c: OK
.lake/packages/mathlib/.lake/build/lib/lean/Mathlib/Tactic/Measurability/Init.olean: OK
.lake/packages/mathlib/.lake/build/ir/Mathlib/Tactic/MinImports.c.o.export: OK
.lake/packages/mathlib/.lake/build/ir/Mathlib/Tactic/MinImports.c: OK
.lake/packages/mathlib/.lake/build/lib/lean/Mathlib/Tactic/MinImports.olean: OK
.lake/packages/mathlib/.lake/build/ir/Mathlib/Tactic/MkIffOfInductiveProp.c.o.export: OK
.lake/packages/mathlib/.lake/build/ir/Mathlib/Tactic/MkIffOfInductiveProp.c: OK
.lake/packages/mathlib/.lake/build/lib/lean/Mathlib/Tactic/MkIffOfInductiveProp.olean: OK
.lake/packages/mathlib/.lake/build/ir/Mathlib/Tactic/ModCases.c.o.export: OK
.lake/packages/mathlib/.lake/build/ir/Mathlib/Tactic/ModCases.c: OK
.lake/packages/mathlib/.lake/build/lib/lean/Mathlib/Tactic/ModCases.olean: OK
.lake/packages/mathlib/.lake/build/ir/Mathlib/Tactic/Module.c.o.export: OK
.lake/packages/mathlib/.lake/build/ir/Mathlib/Tactic/Module.c: OK
.lake/packages/mathlib/.lake/build/lib/lean/Mathlib/Tactic/Module.olean: OK
.lake/packages/mathlib/.lake/build/ir/Mathlib/Tactic/Monotonicity.c.o.export: OK
.lake/packages/mathlib/.lake/build/ir/Mathlib/Tactic/Monotonicity.c: OK
.lake/packages/mathlib/.lake/build/lib/lean/Mathlib/Tactic/Monotonicity.olean: OK
.lake/packages/mathlib/.lake/build/ir/Mathlib/Tactic/Monotonicity/Attr.c.o.export: OK
.lake/packages/mathlib/.lake/build/ir/Mathlib/Tactic/Monotonicity/Attr.c: OK
.lake/packages/mathlib/.lake/build/lib/lean/Mathlib/Tactic/Monotonicity/Attr.olean: OK
.lake/packages/mathlib/.lake/build/ir/Mathlib/Tactic/Monotonicity/Basic.c.o.export: OK
.lake/packages/mathlib/.lake/build/ir/Mathlib/Tactic/Monotonicity/Basic.c: OK
.lake/packages/mathlib/.lake/build/lib/lean/Mathlib/Tactic/Monotonicity/Basic.olean: OK
.lake/packages/mathlib/.lake/build/ir/Mathlib/Tactic/Monotonicity/Lemmas.c.o.export: OK
.lake/packages/mathlib/.lake/build/ir/Mathlib/Tactic/Monotonicity/Lemmas.c: OK
.lake/packages/mathlib/.lake/build/lib/lean/Mathlib/Tactic/Monotonicity/Lemmas.olean: OK
.lake/packages/mathlib/.lake/build/ir/Mathlib/Tactic/MoveAdd.c.o.export: OK
.lake/packages/mathlib/.lake/build/ir/Mathlib/Tactic/MoveAdd.c: OK
.lake/packages/mathlib/.lake/build/lib/lean/Mathlib/Tactic/MoveAdd.olean: OK
.lake/packages/mathlib/.lake/build/ir/Mathlib/Tactic/NoncommRing.c.o.export: OK
.lake/packages/mathlib/.lake/build/ir/Mathlib/Tactic/NoncommRing.c: OK
.lake/packages/mathlib/.lake/build/lib/lean/Mathlib/Tactic/NoncommRing.olean: OK
.lake/packages/mathlib/.lake/build/ir/Mathlib/Tactic/Nontriviality.c.o.export: OK
.lake/packages/mathlib/.lake/build/ir/Mathlib/Tactic/Nontriviality.c: OK
.lake/packages/mathlib/.lake/build/lib/lean/Mathlib/Tactic/Nontriviality.olean: OK
.lake/packages/mathlib/.lake/build/ir/Mathlib/Tactic/Nontriviality/Core.c.o.export: OK
.lake/packages/mathlib/.lake/build/ir/Mathlib/Tactic/Nontriviality/Core.c: OK
.lake/packages/mathlib/.lake/build/lib/lean/Mathlib/Tactic/Nontriviality/Core.olean: OK
.lake/packages/mathlib/.lake/build/ir/Mathlib/Tactic/NormNum.c.o.export: OK
.lake/packages/mathlib/.lake/build/ir/Mathlib/Tactic/NormNum.c: OK
.lake/packages/mathlib/.lake/build/lib/lean/Mathlib/Tactic/NormNum.olean: OK
.lake/packages/mathlib/.lake/build/ir/Mathlib/Tactic/NormNum/Abs.c.o.export: OK
.lake/packages/mathlib/.lake/build/ir/Mathlib/Tactic/NormNum/Abs.c: OK
.lake/packages/mathlib/.lake/build/lib/lean/Mathlib/Tactic/NormNum/Abs.olean: OK
.lake/packages/mathlib/.lake/build/ir/Mathlib/Tactic/NormNum/Basic.c.o.export: OK
.lake/packages/mathlib/.lake/build/ir/Mathlib/Tactic/NormNum/Basic.c: OK
.lake/packages/mathlib/.lake/build/lib/lean/Mathlib/Tactic/NormNum/Basic.olean: OK
.lake/packages/mathlib/.lake/build/ir/Mathlib/Tactic/NormNum/BigOperators.c.o.export: OK
.lake/packages/mathlib/.lake/build/ir/Mathlib/Tactic/NormNum/BigOperators.c: OK
.lake/packages/mathlib/.lake/build/lib/lean/Mathlib/Tactic/NormNum/BigOperators.olean: OK
.lake/packages/mathlib/.lake/build/ir/Mathlib/Tactic/NormNum/Core.c.o.export: OK
.lake/packages/mathlib/.lake/build/ir/Mathlib/Tactic/NormNum/Core.c: OK
.lake/packages/mathlib/.lake/build/lib/lean/Mathlib/Tactic/NormNum/Core.olean: OK
.lake/packages/mathlib/.lake/build/ir/Mathlib/Tactic/NormNum/DivMod.c.o.export: OK
.lake/packages/mathlib/.lake/build/ir/Mathlib/Tactic/NormNum/DivMod.c: OK
.lake/packages/mathlib/.lake/build/lib/lean/Mathlib/Tactic/NormNum/DivMod.olean: OK
.lake/packages/mathlib/.lake/build/ir/Mathlib/Tactic/NormNum/Eq.c.o.export: OK
.lake/packages/mathlib/.lake/build/ir/Mathlib/Tactic/NormNum/Eq.c: OK
.lake/packages/mathlib/.lake/build/lib/lean/Mathlib/Tactic/NormNum/Eq.olean: OK
.lake/packages/mathlib/.lake/build/ir/Mathlib/Tactic/NormNum/GCD.c.o.export: OK
.lake/packages/mathlib/.lake/build/ir/Mathlib/Tactic/NormNum/GCD.c: OK
.lake/packages/mathlib/.lake/build/lib/lean/Mathlib/Tactic/NormNum/GCD.olean: OK
.lake/packages/mathlib/.lake/build/ir/Mathlib/Tactic/NormNum/Ineq.c.o.export: OK
.lake/packages/mathlib/.lake/build/ir/Mathlib/Tactic/NormNum/Ineq.c: OK
.lake/packages/mathlib/.lake/build/lib/lean/Mathlib/Tactic/NormNum/Ineq.olean: OK
.lake/packages/mathlib/.lake/build/ir/Mathlib/Tactic/NormNum/Inv.c.o.export: OK
.lake/packages/mathlib/.lake/build/ir/Mathlib/Tactic/NormNum/Inv.c: OK
.lake/packages/mathlib/.lake/build/lib/lean/Mathlib/Tactic/NormNum/Inv.olean: OK
.lake/packages/mathlib/.lake/build/ir/Mathlib/Tactic/NormNum/Irrational.c.o.export: OK
.lake/packages/mathlib/.lake/build/ir/Mathlib/Tactic/NormNum/Irrational.c: OK
.lake/packages/mathlib/.lake/build/lib/lean/Mathlib/Tactic/NormNum/Irrational.olean: OK
.lake/packages/mathlib/.lake/build/ir/Mathlib/Tactic/NormNum/IsCoprime.c.o.export: OK
.lake/packages/mathlib/.lake/build/ir/Mathlib/Tactic/NormNum/IsCoprime.c: OK
.lake/packages/mathlib/.lake/build/lib/lean/Mathlib/Tactic/NormNum/IsCoprime.olean: OK
.lake/packages/mathlib/.lake/build/ir/Mathlib/Tactic/NormNum/IsSquare.c.o.export: OK
.lake/packages/mathlib/.lake/build/ir/Mathlib/Tactic/NormNum/IsSquare.c: OK
.lake/packages/mathlib/.lake/build/lib/lean/Mathlib/Tactic/NormNum/IsSquare.olean: OK
.lake/packages/mathlib/.lake/build/ir/Mathlib/Tactic/NormNum/LegendreSymbol.c.o.export: OK
.lake/packages/mathlib/.lake/build/ir/Mathlib/Tactic/NormNum/LegendreSymbol.c: OK
.lake/packages/mathlib/.lake/build/lib/lean/Mathlib/Tactic/NormNum/LegendreSymbol.olean: OK
.lake/packages/mathlib/.lake/build/ir/Mathlib/Tactic/NormNum/ModEq.c.o.export: OK
.lake/packages/mathlib/.lake/build/ir/Mathlib/Tactic/NormNum/ModEq.c: OK
.lake/packages/mathlib/.lake/build/lib/lean/Mathlib/Tactic/NormNum/ModEq.olean: OK
.lake/packages/mathlib/.lake/build/ir/Mathlib/Tactic/NormNum/NatFactorial.c.o.export: OK
.lake/packages/mathlib/.lake/build/ir/Mathlib/Tactic/NormNum/NatFactorial.c: OK
.lake/packages/mathlib/.lake/build/lib/lean/Mathlib/Tactic/NormNum/NatFactorial.olean: OK
.lake/packages/mathlib/.lake/build/ir/Mathlib/Tactic/NormNum/NatFib.c.o.export: OK
.lake/packages/mathlib/.lake/build/ir/Mathlib/Tactic/NormNum/NatFib.c: OK
.lake/packages/mathlib/.lake/build/lib/lean/Mathlib/Tactic/NormNum/NatFib.olean: OK
.lake/packages/mathlib/.lake/build/ir/Mathlib/Tactic/NormNum/NatLog.c.o.export: OK
.lake/packages/mathlib/.lake/build/ir/Mathlib/Tactic/NormNum/NatLog.c: OK
.lake/packages/mathlib/.lake/build/lib/lean/Mathlib/Tactic/NormNum/NatLog.olean: OK
.lake/packages/mathlib/.lake/build/ir/Mathlib/Tactic/NormNum/NatSqrt.c.o.export: OK
.lake/packages/mathlib/.lake/build/ir/Mathlib/Tactic/NormNum/NatSqrt.c: OK
.lake/packages/mathlib/.lake/build/lib/lean/Mathlib/Tactic/NormNum/NatSqrt.olean: OK
.lake/packages/mathlib/.lake/build/ir/Mathlib/Tactic/NormNum/OfScientific.c.o.export: OK
.lake/packages/mathlib/.lake/build/ir/Mathlib/Tactic/NormNum/OfScientific.c: OK
.lake/packages/mathlib/.lake/build/lib/lean/Mathlib/Tactic/NormNum/OfScientific.olean: OK
.lake/packages/mathlib/.lake/build/ir/Mathlib/Tactic/NormNum/Ordinal.c.o.export: OK
.lake/packages/mathlib/.lake/build/ir/Mathlib/Tactic/NormNum/Ordinal.c: OK
.lake/packages/mathlib/.lake/build/lib/lean/Mathlib/Tactic/NormNum/Ordinal.olean: OK
.lake/packages/mathlib/.lake/build/ir/Mathlib/Tactic/NormNum/Parity.c.o.export: OK
.lake/packages/mathlib/.lake/build/ir/Mathlib/Tactic/NormNum/Parity.c: OK
.lake/packages/mathlib/.lake/build/lib/lean/Mathlib/Tactic/NormNum/Parity.olean: OK
.lake/packages/mathlib/.lake/build/ir/Mathlib/Tactic/NormNum/Pow.c.o.export: OK
.lake/packages/mathlib/.lake/build/ir/Mathlib/Tactic/NormNum/Pow.c: OK
.lake/packages/mathlib/.lake/build/lib/lean/Mathlib/Tactic/NormNum/Pow.olean: OK
.lake/packages/mathlib/.lake/build/ir/Mathlib/Tactic/NormNum/PowMod.c.o.export: OK
.lake/packages/mathlib/.lake/build/ir/Mathlib/Tactic/NormNum/PowMod.c: OK
.lake/packages/mathlib/.lake/build/lib/lean/Mathlib/Tactic/NormNum/PowMod.olean: OK
.lake/packages/mathlib/.lake/build/ir/Mathlib/Tactic/NormNum/Prime.c.o.export: OK
.lake/packages/mathlib/.lake/build/ir/Mathlib/Tactic/NormNum/Prime.c: OK
.lake/packages/mathlib/.lake/build/lib/lean/Mathlib/Tactic/NormNum/Prime.olean: OK
.lake/packages/mathlib/.lake/build/ir/Mathlib/Tactic/NormNum/RealSqrt.c.o.export: OK
.lake/packages/mathlib/.lake/build/ir/Mathlib/Tactic/NormNum/RealSqrt.c: OK
.lake/packages/mathlib/.lake/build/lib/lean/Mathlib/Tactic/NormNum/RealSqrt.olean: OK
.lake/packages/mathlib/.lake/build/ir/Mathlib/Tactic/NormNum/Result.c.o.export: OK
.lake/packages/mathlib/.lake/build/ir/Mathlib/Tactic/NormNum/Result.c: OK
.lake/packages/mathlib/.lake/build/lib/lean/Mathlib/Tactic/NormNum/Result.olean: OK
.lake/packages/mathlib/.lake/build/ir/Mathlib/Tactic/NthRewrite.c.o.export: OK
.lake/packages/mathlib/.lake/build/ir/Mathlib/Tactic/NthRewrite.c: OK
.lake/packages/mathlib/.lake/build/lib/lean/Mathlib/Tactic/NthRewrite.olean: OK
.lake/packages/mathlib/.lake/build/ir/Mathlib/Tactic/Observe.c.o.export: OK
.lake/packages/mathlib/.lake/build/ir/Mathlib/Tactic/Observe.c: OK
.lake/packages/mathlib/.lake/build/lib/lean/Mathlib/Tactic/Observe.olean: OK
.lake/packages/mathlib/.lake/build/ir/Mathlib/Tactic/OfNat.c.o.export: OK
.lake/packages/mathlib/.lake/build/ir/Mathlib/Tactic/OfNat.c: OK
.lake/packages/mathlib/.lake/build/lib/lean/Mathlib/Tactic/OfNat.olean: OK
.lake/packages/mathlib/.lake/build/ir/Mathlib/Tactic/Order.c.o.export: OK
.lake/packages/mathlib/.lake/build/ir/Mathlib/Tactic/Order.c: OK
.lake/packages/mathlib/.lake/build/lib/lean/Mathlib/Tactic/Order.olean: OK
.lake/packages/mathlib/.lake/build/ir/Mathlib/Tactic/Order/CollectFacts.c.o.export: OK
.lake/packages/mathlib/.lake/build/ir/Mathlib/Tactic/Order/CollectFacts.c: OK
.lake/packages/mathlib/.lake/build/lib/lean/Mathlib/Tactic/Order/CollectFacts.olean: OK
.lake/packages/mathlib/.lake/build/ir/Mathlib/Tactic/Order/Graph/Basic.c.o.export: OK
.lake/packages/mathlib/.lake/build/ir/Mathlib/Tactic/Order/Graph/Basic.c: OK
.lake/packages/mathlib/.lake/build/lib/lean/Mathlib/Tactic/Order/Graph/Basic.olean: OK
.lake/packages/mathlib/.lake/build/ir/Mathlib/Tactic/Order/Graph/Tarjan.c.o.export: OK
.lake/packages/mathlib/.lake/build/ir/Mathlib/Tactic/Order/Graph/Tarjan.c: OK
.lake/packages/mathlib/.lake/build/lib/lean/Mathlib/Tactic/Order/Graph/Tarjan.olean: OK
.lake/packages/mathlib/.lake/build/ir/Mathlib/Tactic/Order/Preprocessing.c.o.export: OK
.lake/packages/mathlib/.lake/build/ir/Mathlib/Tactic/Order/Preprocessing.c: OK
.lake/packages/mathlib/.lake/build/lib/lean/Mathlib/Tactic/Order/Preprocessing.olean: OK
.lake/packages/mathlib/.lake/build/ir/Mathlib/Tactic/Order/ToInt.c.o.export: OK
.lake/packages/mathlib/.lake/build/ir/Mathlib/Tactic/Order/ToInt.c: OK
.lake/packages/mathlib/.lake/build/lib/lean/Mathlib/Tactic/Order/ToInt.olean: OK
.lake/packages/mathlib/.lake/build/ir/Mathlib/Tactic/PNatToNat.c.o.export: OK
.lake/packages/mathlib/.lake/build/ir/Mathlib/Tactic/PNatToNat.c: OK
.lake/packages/mathlib/.lake/build/lib/lean/Mathlib/Tactic/PNatToNat.olean: OK
.lake/packages/mathlib/.lake/build/ir/Mathlib/Tactic/PPWithUniv.c.o.export: OK
.lake/packages/mathlib/.lake/build/ir/Mathlib/Tactic/PPWithUniv.c: OK
.lake/packages/mathlib/.lake/build/lib/lean/Mathlib/Tactic/PPWithUniv.olean: OK
.lake/packages/mathlib/.lake/build/ir/Mathlib/Tactic/Peel.c.o.export: OK
.lake/packages/mathlib/.lake/build/ir/Mathlib/Tactic/Peel.c: OK
.lake/packages/mathlib/.lake/build/lib/lean/Mathlib/Tactic/Peel.olean: OK
.lake/packages/mathlib/.lake/build/ir/Mathlib/Tactic/Polyrith.c.o.export: OK
.lake/packages/mathlib/.lake/build/ir/Mathlib/Tactic/Polyrith.c: OK
.lake/packages/mathlib/.lake/build/lib/lean/Mathlib/Tactic/Polyrith.olean: OK
.lake/packages/mathlib/.lake/build/ir/Mathlib/Tactic/Positivity.c.o.export: OK
.lake/packages/mathlib/.lake/build/ir/Mathlib/Tactic/Positivity.c: OK
.lake/packages/mathlib/.lake/build/lib/lean/Mathlib/Tactic/Positivity.olean: OK
.lake/packages/mathlib/.lake/build/ir/Mathlib/Tactic/Positivity/Basic.c.o.export: OK
.lake/packages/mathlib/.lake/build/ir/Mathlib/Tactic/Positivity/Basic.c: OK
.lake/packages/mathlib/.lake/build/lib/lean/Mathlib/Tactic/Positivity/Basic.olean: OK
.lake/packages/mathlib/.lake/build/ir/Mathlib/Tactic/Positivity/Core.c.o.export: OK
.lake/packages/mathlib/.lake/build/ir/Mathlib/Tactic/Positivity/Core.c: OK
.lake/packages/mathlib/.lake/build/lib/lean/Mathlib/Tactic/Positivity/Core.olean: OK
.lake/packages/mathlib/.lake/build/ir/Mathlib/Tactic/Positivity/Finset.c.o.export: OK
.lake/packages/mathlib/.lake/build/ir/Mathlib/Tactic/Positivity/Finset.c: OK
.lake/packages/mathlib/.lake/build/lib/lean/Mathlib/Tactic/Positivity/Finset.olean: OK
.lake/packages/mathlib/.lake/build/ir/Mathlib/Tactic/ProdAssoc.c.o.export: OK
.lake/packages/mathlib/.lake/build/ir/Mathlib/Tactic/ProdAssoc.c: OK
.lake/packages/mathlib/.lake/build/lib/lean/Mathlib/Tactic/ProdAssoc.olean: OK
.lake/packages/mathlib/.lake/build/ir/Mathlib/Tactic/Propose.c.o.export: OK
.lake/packages/mathlib/.lake/build/ir/Mathlib/Tactic/Propose.c: OK
.lake/packages/mathlib/.lake/build/lib/lean/Mathlib/Tactic/Propose.olean: OK
.lake/packages/mathlib/.lake/build/ir/Mathlib/Tactic/ProxyType.c.o.export: OK
.lake/packages/mathlib/.lake/build/ir/Mathlib/Tactic/ProxyType.c: OK
.lake/packages/mathlib/.lake/build/lib/lean/Mathlib/Tactic/ProxyType.olean: OK
.lake/packages/mathlib/.lake/build/ir/Mathlib/Tactic/Push.c.o.export: OK
.lake/packages/mathlib/.lake/build/ir/Mathlib/Tactic/Push.c: OK
.lake/packages/mathlib/.lake/build/lib/lean/Mathlib/Tactic/Push.olean: OK
.lake/packages/mathlib/.lake/build/ir/Mathlib/Tactic/Push/Attr.c.o.export: OK
.lake/packages/mathlib/.lake/build/ir/Mathlib/Tactic/Push/Attr.c: OK
.lake/packages/mathlib/.lake/build/lib/lean/Mathlib/Tactic/Push/Attr.olean: OK
.lake/packages/mathlib/.lake/build/ir/Mathlib/Tactic/Qify.c.o.export: OK
.lake/packages/mathlib/.lake/build/ir/Mathlib/Tactic/Qify.c: OK
.lake/packages/mathlib/.lake/build/lib/lean/Mathlib/Tactic/Qify.olean: OK
.lake/packages/mathlib/.lake/build/ir/Mathlib/Tactic/RSuffices.c.o.export: OK
.lake/packages/mathlib/.lake/build/ir/Mathlib/Tactic/RSuffices.c: OK
.lake/packages/mathlib/.lake/build/lib/lean/Mathlib/Tactic/RSuffices.olean: OK
.lake/packages/mathlib/.lake/build/ir/Mathlib/Tactic/Recall.c.o.export: OK
.lake/packages/mathlib/.lake/build/ir/Mathlib/Tactic/Recall.c: OK
.lake/packages/mathlib/.lake/build/lib/lean/Mathlib/Tactic/Recall.olean: OK
.lake/packages/mathlib/.lake/build/ir/Mathlib/Tactic/Recover.c.o.export: OK
.lake/packages/mathlib/.lake/build/ir/Mathlib/Tactic/Recover.c: OK
.lake/packages/mathlib/.lake/build/lib/lean/Mathlib/Tactic/Recover.olean: OK
.lake/packages/mathlib/.lake/build/ir/Mathlib/Tactic/ReduceModChar.c.o.export: OK
.lake/packages/mathlib/.lake/build/ir/Mathlib/Tactic/ReduceModChar.c: OK
.lake/packages/mathlib/.lake/build/lib/lean/Mathlib/Tactic/ReduceModChar.olean: OK
.lake/packages/mathlib/.lake/build/ir/Mathlib/Tactic/ReduceModChar/Ext.c.o.export: OK
.lake/packages/mathlib/.lake/build/ir/Mathlib/Tactic/ReduceModChar/Ext.c: OK
.lake/packages/mathlib/.lake/build/lib/lean/Mathlib/Tactic/ReduceModChar/Ext.olean: OK
.lake/packages/mathlib/.lake/build/ir/Mathlib/Tactic/Relation/Rfl.c.o.export: OK
.lake/packages/mathlib/.lake/build/ir/Mathlib/Tactic/Relation/Rfl.c: OK
.lake/packages/mathlib/.lake/build/lib/lean/Mathlib/Tactic/Relation/Rfl.olean: OK
.lake/packages/mathlib/.lake/build/ir/Mathlib/Tactic/Relation/Symm.c.o.export: OK
.lake/packages/mathlib/.lake/build/ir/Mathlib/Tactic/Relation/Symm.c: OK
.lake/packages/mathlib/.lake/build/lib/lean/Mathlib/Tactic/Relation/Symm.olean: OK
.lake/packages/mathlib/.lake/build/ir/Mathlib/Tactic/Rename.c.o.export: OK
.lake/packages/mathlib/.lake/build/ir/Mathlib/Tactic/Rename.c: OK
.lake/packages/mathlib/.lake/build/lib/lean/Mathlib/Tactic/Rename.olean: OK
.lake/packages/mathlib/.lake/build/ir/Mathlib/Tactic/RenameBVar.c.o.export: OK
.lake/packages/mathlib/.lake/build/ir/Mathlib/Tactic/RenameBVar.c: OK
.lake/packages/mathlib/.lake/build/lib/lean/Mathlib/Tactic/RenameBVar.olean: OK
.lake/packages/mathlib/.lake/build/ir/Mathlib/Tactic/Replace.c.o.export: OK
.lake/packages/mathlib/.lake/build/ir/Mathlib/Tactic/Replace.c: OK
.lake/packages/mathlib/.lake/build/lib/lean/Mathlib/Tactic/Replace.olean: OK
.lake/packages/mathlib/.lake/build/ir/Mathlib/Tactic/RewriteSearch.c.o.export: OK
.lake/packages/mathlib/.lake/build/ir/Mathlib/Tactic/RewriteSearch.c: OK
.lake/packages/mathlib/.lake/build/lib/lean/Mathlib/Tactic/RewriteSearch.olean: OK
.lake/packages/mathlib/.lake/build/ir/Mathlib/Tactic/Rify.c.o.export: OK
.lake/packages/mathlib/.lake/build/ir/Mathlib/Tactic/Rify.c: OK
.lake/packages/mathlib/.lake/build/lib/lean/Mathlib/Tactic/Rify.olean: OK
.lake/packages/mathlib/.lake/build/ir/Mathlib/Tactic/Ring.c.o.export: OK
.lake/packages/mathlib/.lake/build/ir/Mathlib/Tactic/Ring.c: OK
.lake/packages/mathlib/.lake/build/lib/lean/Mathlib/Tactic/Ring.olean: OK
.lake/packages/mathlib/.lake/build/ir/Mathlib/Tactic/Ring/Basic.c.o.export: OK
.lake/packages/mathlib/.lake/build/ir/Mathlib/Tactic/Ring/Basic.c: OK
.lake/packages/mathlib/.lake/build/lib/lean/Mathlib/Tactic/Ring/Basic.olean: OK
.lake/packages/mathlib/.lake/build/ir/Mathlib/Tactic/Ring/Common.c.o.export: OK
.lake/packages/mathlib/.lake/build/ir/Mathlib/Tactic/Ring/Common.c: OK
.lake/packages/mathlib/.lake/build/lib/lean/Mathlib/Tactic/Ring/Common.olean: OK
.lake/packages/mathlib/.lake/build/ir/Mathlib/Tactic/Ring/Compare.c.o.export: OK
.lake/packages/mathlib/.lake/build/ir/Mathlib/Tactic/Ring/Compare.c: OK
.lake/packages/mathlib/.lake/build/lib/lean/Mathlib/Tactic/Ring/Compare.olean: OK
.lake/packages/mathlib/.lake/build/ir/Mathlib/Tactic/Ring/NamePolyVars.c.o.export: OK
.lake/packages/mathlib/.lake/build/ir/Mathlib/Tactic/Ring/NamePolyVars.c: OK
.lake/packages/mathlib/.lake/build/lib/lean/Mathlib/Tactic/Ring/NamePolyVars.olean: OK
.lake/packages/mathlib/.lake/build/ir/Mathlib/Tactic/Ring/NamePowerVars.c.o.export: OK
.lake/packages/mathlib/.lake/build/ir/Mathlib/Tactic/Ring/NamePowerVars.c: OK
.lake/packages/mathlib/.lake/build/lib/lean/Mathlib/Tactic/Ring/NamePowerVars.olean: OK
.lake/packages/mathlib/.lake/build/ir/Mathlib/Tactic/Ring/PNat.c.o.export: OK
.lake/packages/mathlib/.lake/build/ir/Mathlib/Tactic/Ring/PNat.c: OK
.lake/packages/mathlib/.lake/build/lib/lean/Mathlib/Tactic/Ring/PNat.olean: OK
.lake/packages/mathlib/.lake/build/ir/Mathlib/Tactic/Ring/RingNF.c.o.export: OK
.lake/packages/mathlib/.lake/build/ir/Mathlib/Tactic/Ring/RingNF.c: OK
.lake/packages/mathlib/.lake/build/lib/lean/Mathlib/Tactic/Ring/RingNF.olean: OK
.lake/packages/mathlib/.lake/build/ir/Mathlib/Tactic/Sat/FromLRAT.c.o.export: OK
.lake/packages/mathlib/.lake/build/ir/Mathlib/Tactic/Sat/FromLRAT.c: OK
.lake/packages/mathlib/.lake/build/lib/lean/Mathlib/Tactic/Sat/FromLRAT.olean: OK
.lake/packages/mathlib/.lake/build/ir/Mathlib/Tactic/Says.c.o.export: OK
.lake/packages/mathlib/.lake/build/ir/Mathlib/Tactic/Says.c: OK
.lake/packages/mathlib/.lake/build/lib/lean/Mathlib/Tactic/Says.olean: OK
.lake/packages/mathlib/.lake/build/ir/Mathlib/Tactic/ScopedNS.c.o.export: OK
.lake/packages/mathlib/.lake/build/ir/Mathlib/Tactic/ScopedNS.c: OK
.lake/packages/mathlib/.lake/build/lib/lean/Mathlib/Tactic/ScopedNS.olean: OK
.lake/packages/mathlib/.lake/build/ir/Mathlib/Tactic/Set.c.o.export: OK
.lake/packages/mathlib/.lake/build/ir/Mathlib/Tactic/Set.c: OK
.lake/packages/mathlib/.lake/build/lib/lean/Mathlib/Tactic/Set.olean: OK
.lake/packages/mathlib/.lake/build/ir/Mathlib/Tactic/SetLike.c.o.export: OK
.lake/packages/mathlib/.lake/build/ir/Mathlib/Tactic/SetLike.c: OK
.lake/packages/mathlib/.lake/build/lib/lean/Mathlib/Tactic/SetLike.olean: OK
.lake/packages/mathlib/.lake/build/ir/Mathlib/Tactic/SetNotationForOrder.c.o.export: OK
.lake/packages/mathlib/.lake/build/ir/Mathlib/Tactic/SetNotationForOrder.c: OK
.lake/packages/mathlib/.lake/build/lib/lean/Mathlib/Tactic/SetNotationForOrder.olean: OK
.lake/packages/mathlib/.lake/build/ir/Mathlib/Tactic/SimpIntro.c.o.export: OK
.lake/packages/mathlib/.lake/build/ir/Mathlib/Tactic/SimpIntro.c: OK
.lake/packages/mathlib/.lake/build/lib/lean/Mathlib/Tactic/SimpIntro.olean: OK
.lake/packages/mathlib/.lake/build/ir/Mathlib/Tactic/SimpRw.c.o.export: OK
.lake/packages/mathlib/.lake/build/ir/Mathlib/Tactic/SimpRw.c: OK
.lake/packages/mathlib/.lake/build/lib/lean/Mathlib/Tactic/SimpRw.olean: OK
.lake/packages/mathlib/.lake/build/ir/Mathlib/Tactic/Simproc/Divisors.c.o.export: OK
.lake/packages/mathlib/.lake/build/ir/Mathlib/Tactic/Simproc/Divisors.c: OK
.lake/packages/mathlib/.lake/build/lib/lean/Mathlib/Tactic/Simproc/Divisors.olean: OK
.lake/packages/mathlib/.lake/build/ir/Mathlib/Tactic/Simproc/ExistsAndEq.c.o.export: OK
.lake/packages/mathlib/.lake/build/ir/Mathlib/Tactic/Simproc/ExistsAndEq.c: OK
.lake/packages/mathlib/.lake/build/lib/lean/Mathlib/Tactic/Simproc/ExistsAndEq.olean: OK
.lake/packages/mathlib/.lake/build/ir/Mathlib/Tactic/Simproc/Factors.c.o.export: OK
.lake/packages/mathlib/.lake/build/ir/Mathlib/Tactic/Simproc/Factors.c: OK
.lake/packages/mathlib/.lake/build/lib/lean/Mathlib/Tactic/Simproc/Factors.olean: OK
.lake/packages/mathlib/.lake/build/ir/Mathlib/Tactic/Simproc/FinsetInterval.c.o.export: OK
.lake/packages/mathlib/.lake/build/ir/Mathlib/Tactic/Simproc/FinsetInterval.c: OK
.lake/packages/mathlib/.lake/build/lib/lean/Mathlib/Tactic/Simproc/FinsetInterval.olean: OK
.lake/packages/mathlib/.lake/build/ir/Mathlib/Tactic/Simproc/VecPerm.c.o.export: OK
.lake/packages/mathlib/.lake/build/ir/Mathlib/Tactic/Simproc/VecPerm.c: OK
.lake/packages/mathlib/.lake/build/lib/lean/Mathlib/Tactic/Simproc/VecPerm.olean: OK
.lake/packages/mathlib/.lake/build/ir/Mathlib/Tactic/Simps/Basic.c.o.export: OK
.lake/packages/mathlib/.lake/build/ir/Mathlib/Tactic/Simps/Basic.c: OK
.lake/packages/mathlib/.lake/build/lib/lean/Mathlib/Tactic/Simps/Basic.olean: OK
.lake/packages/mathlib/.lake/build/ir/Mathlib/Tactic/Simps/NotationClass.c.o.export: OK
.lake/packages/mathlib/.lake/build/ir/Mathlib/Tactic/Simps/NotationClass.c: OK
.lake/packages/mathlib/.lake/build/lib/lean/Mathlib/Tactic/Simps/NotationClass.olean: OK
.lake/packages/mathlib/.lake/build/ir/Mathlib/Tactic/SplitIfs.c.o.export: OK
.lake/packages/mathlib/.lake/build/ir/Mathlib/Tactic/SplitIfs.c: OK
.lake/packages/mathlib/.lake/build/lib/lean/Mathlib/Tactic/SplitIfs.olean: OK
.lake/packages/mathlib/.lake/build/ir/Mathlib/Tactic/Spread.c.o.export: OK
.lake/packages/mathlib/.lake/build/ir/Mathlib/Tactic/Spread.c: OK
.lake/packages/mathlib/.lake/build/lib/lean/Mathlib/Tactic/Spread.olean: OK
.lake/packages/mathlib/.lake/build/ir/Mathlib/Tactic/Subsingleton.c.o.export: OK
.lake/packages/mathlib/.lake/build/ir/Mathlib/Tactic/Subsingleton.c: OK
.lake/packages/mathlib/.lake/build/lib/lean/Mathlib/Tactic/Subsingleton.olean: OK
.lake/packages/mathlib/.lake/build/ir/Mathlib/Tactic/Substs.c.o.export: OK
.lake/packages/mathlib/.lake/build/ir/Mathlib/Tactic/Substs.c: OK
.lake/packages/mathlib/.lake/build/lib/lean/Mathlib/Tactic/Substs.olean: OK
.lake/packages/mathlib/.lake/build/ir/Mathlib/Tactic/SuccessIfFailWithMsg.c.o.export: OK
.lake/packages/mathlib/.lake/build/ir/Mathlib/Tactic/SuccessIfFailWithMsg.c: OK
.lake/packages/mathlib/.lake/build/lib/lean/Mathlib/Tactic/SuccessIfFailWithMsg.olean: OK
.lake/packages/mathlib/.lake/build/ir/Mathlib/Tactic/SudoSetOption.c.o.export: OK
.lake/packages/mathlib/.lake/build/ir/Mathlib/Tactic/SudoSetOption.c: OK
.lake/packages/mathlib/.lake/build/lib/lean/Mathlib/Tactic/SudoSetOption.olean: OK
.lake/packages/mathlib/.lake/build/ir/Mathlib/Tactic/SuppressCompilation.c.o.export: OK
.lake/packages/mathlib/.lake/build/ir/Mathlib/Tactic/SuppressCompilation.c: OK
.lake/packages/mathlib/.lake/build/lib/lean/Mathlib/Tactic/SuppressCompilation.olean: OK
.lake/packages/mathlib/.lake/build/ir/Mathlib/Tactic/SwapVar.c.o.export: OK
.lake/packages/mathlib/.lake/build/ir/Mathlib/Tactic/SwapVar.c: OK
.lake/packages/mathlib/.lake/build/lib/lean/Mathlib/Tactic/SwapVar.olean: OK
.lake/packages/mathlib/.lake/build/ir/Mathlib/Tactic/TFAE.c.o.export: OK
.lake/packages/mathlib/.lake/build/ir/Mathlib/Tactic/TFAE.c: OK
.lake/packages/mathlib/.lake/build/lib/lean/Mathlib/Tactic/TFAE.olean: OK
.lake/packages/mathlib/.lake/build/ir/Mathlib/Tactic/TacticAnalysis.c.o.export: OK
.lake/packages/mathlib/.lake/build/ir/Mathlib/Tactic/TacticAnalysis.c: OK
.lake/packages/mathlib/.lake/build/lib/lean/Mathlib/Tactic/TacticAnalysis.olean: OK
.lake/packages/mathlib/.lake/build/ir/Mathlib/Tactic/TacticAnalysis/Declarations.c.o.export: OK
.lake/packages/mathlib/.lake/build/ir/Mathlib/Tactic/TacticAnalysis/Declarations.c: OK
.lake/packages/mathlib/.lake/build/lib/lean/Mathlib/Tactic/TacticAnalysis/Declarations.olean: OK
.lake/packages/mathlib/.lake/build/ir/Mathlib/Tactic/Tauto.c.o.export: OK
.lake/packages/mathlib/.lake/build/ir/Mathlib/Tactic/Tauto.c: OK
.lake/packages/mathlib/.lake/build/lib/lean/Mathlib/Tactic/Tauto.olean: OK
.lake/packages/mathlib/.lake/build/ir/Mathlib/Tactic/TautoSet.c.o.export: OK
.lake/packages/mathlib/.lake/build/ir/Mathlib/Tactic/TautoSet.c: OK
.lake/packages/mathlib/.lake/build/lib/lean/Mathlib/Tactic/TautoSet.olean: OK
.lake/packages/mathlib/.lake/build/ir/Mathlib/Tactic/TermCongr.c.o.export: OK
.lake/packages/mathlib/.lake/build/ir/Mathlib/Tactic/TermCongr.c: OK
.lake/packages/mathlib/.lake/build/lib/lean/Mathlib/Tactic/TermCongr.olean: OK
.lake/packages/mathlib/.lake/build/ir/Mathlib/Tactic/ToAdditive.c.o.export: OK
.lake/packages/mathlib/.lake/build/ir/Mathlib/Tactic/ToAdditive.c: OK
.lake/packages/mathlib/.lake/build/lib/lean/Mathlib/Tactic/ToAdditive.olean: OK
.lake/packages/mathlib/.lake/build/ir/Mathlib/Tactic/ToDual.c.o.export: OK
.lake/packages/mathlib/.lake/build/ir/Mathlib/Tactic/ToDual.c: OK
.lake/packages/mathlib/.lake/build/lib/lean/Mathlib/Tactic/ToDual.olean: OK
.lake/packages/mathlib/.lake/build/ir/Mathlib/Tactic/ToExpr.c.o.export: OK
.lake/packages/mathlib/.lake/build/ir/Mathlib/Tactic/ToExpr.c: OK
.lake/packages/mathlib/.lake/build/lib/lean/Mathlib/Tactic/ToExpr.olean: OK
.lake/packages/mathlib/.lake/build/ir/Mathlib/Tactic/ToFun.c.o.export: OK
.lake/packages/mathlib/.lake/build/ir/Mathlib/Tactic/ToFun.c: OK
.lake/packages/mathlib/.lake/build/lib/lean/Mathlib/Tactic/ToFun.olean: OK
.lake/packages/mathlib/.lake/build/ir/Mathlib/Tactic/ToLevel.c.o.export: OK
.lake/packages/mathlib/.lake/build/ir/Mathlib/Tactic/ToLevel.c: OK
.lake/packages/mathlib/.lake/build/lib/lean/Mathlib/Tactic/ToLevel.olean: OK
.lake/packages/mathlib/.lake/build/ir/Mathlib/Tactic/Trace.c.o.export: OK
.lake/packages/mathlib/.lake/build/ir/Mathlib/Tactic/Trace.c: OK
.lake/packages/mathlib/.lake/build/lib/lean/Mathlib/Tactic/Trace.olean: OK
.lake/packages/mathlib/.lake/build/ir/Mathlib/Tactic/Translate/Attributes.c.o.export: OK
.lake/packages/mathlib/.lake/build/ir/Mathlib/Tactic/Translate/Attributes.c: OK
.lake/packages/mathlib/.lake/build/lib/lean/Mathlib/Tactic/Translate/Attributes.olean: OK
.lake/packages/mathlib/.lake/build/ir/Mathlib/Tactic/Translate/Core.c.o.export: OK
.lake/packages/mathlib/.lake/build/ir/Mathlib/Tactic/Translate/Core.c: OK
.lake/packages/mathlib/.lake/build/lib/lean/Mathlib/Tactic/Translate/Core.olean: OK
.lake/packages/mathlib/.lake/build/ir/Mathlib/Tactic/Translate/GuessName.c.o.export: OK
.lake/packages/mathlib/.lake/build/ir/Mathlib/Tactic/Translate/GuessName.c: OK
.lake/packages/mathlib/.lake/build/lib/lean/Mathlib/Tactic/Translate/GuessName.olean: OK
.lake/packages/mathlib/.lake/build/ir/Mathlib/Tactic/Translate/Reorder.c.o.export: OK
.lake/packages/mathlib/.lake/build/ir/Mathlib/Tactic/Translate/Reorder.c: OK
.lake/packages/mathlib/.lake/build/lib/lean/Mathlib/Tactic/Translate/Reorder.olean: OK
.lake/packages/mathlib/.lake/build/ir/Mathlib/Tactic/Translate/TagUnfoldBoundary.c.o.export: OK
.lake/packages/mathlib/.lake/build/ir/Mathlib/Tactic/Translate/TagUnfoldBoundary.c: OK
.lake/packages/mathlib/.lake/build/lib/lean/Mathlib/Tactic/Translate/TagUnfoldBoundary.olean: OK
.lake/packages/mathlib/.lake/build/ir/Mathlib/Tactic/Translate/ToAdditive.c.o.export: OK
.lake/packages/mathlib/.lake/build/ir/Mathlib/Tactic/Translate/ToAdditive.c: OK
.lake/packages/mathlib/.lake/build/lib/lean/Mathlib/Tactic/Translate/ToAdditive.olean: OK
.lake/packages/mathlib/.lake/build/ir/Mathlib/Tactic/Translate/ToDual.c.o.export: OK
.lake/packages/mathlib/.lake/build/ir/Mathlib/Tactic/Translate/ToDual.c: OK
.lake/packages/mathlib/.lake/build/lib/lean/Mathlib/Tactic/Translate/ToDual.olean: OK
.lake/packages/mathlib/.lake/build/ir/Mathlib/Tactic/Translate/UnfoldBoundary.c.o.export: OK
.lake/packages/mathlib/.lake/build/ir/Mathlib/Tactic/Translate/UnfoldBoundary.c: OK
.lake/packages/mathlib/.lake/build/lib/lean/Mathlib/Tactic/Translate/UnfoldBoundary.olean: OK
.lake/packages/mathlib/.lake/build/ir/Mathlib/Tactic/TryThis.c.o.export: OK
.lake/packages/mathlib/.lake/build/ir/Mathlib/Tactic/TryThis.c: OK
.lake/packages/mathlib/.lake/build/lib/lean/Mathlib/Tactic/TryThis.olean: OK
.lake/packages/mathlib/.lake/build/ir/Mathlib/Tactic/TypeCheck.c.o.export: OK
.lake/packages/mathlib/.lake/build/ir/Mathlib/Tactic/TypeCheck.c: OK
.lake/packages/mathlib/.lake/build/lib/lean/Mathlib/Tactic/TypeCheck.olean: OK
.lake/packages/mathlib/.lake/build/ir/Mathlib/Tactic/TypeStar.c.o.export: OK
.lake/packages/mathlib/.lake/build/ir/Mathlib/Tactic/TypeStar.c: OK
.lake/packages/mathlib/.lake/build/lib/lean/Mathlib/Tactic/TypeStar.olean: OK
.lake/packages/mathlib/.lake/build/ir/Mathlib/Tactic/UnsetOption.c.o.export: OK
.lake/packages/mathlib/.lake/build/ir/Mathlib/Tactic/UnsetOption.c: OK
.lake/packages/mathlib/.lake/build/lib/lean/Mathlib/Tactic/UnsetOption.olean: OK
.lake/packages/mathlib/.lake/build/ir/Mathlib/Tactic/Use.c.o.export: OK
.lake/packages/mathlib/.lake/build/ir/Mathlib/Tactic/Use.c: OK
.lake/packages/mathlib/.lake/build/lib/lean/Mathlib/Tactic/Use.olean: OK
.lake/packages/mathlib/.lake/build/ir/Mathlib/Tactic/Variable.c.o.export: OK
.lake/packages/mathlib/.lake/build/ir/Mathlib/Tactic/Variable.c: OK
.lake/packages/mathlib/.lake/build/lib/lean/Mathlib/Tactic/Variable.olean: OK
.lake/packages/mathlib/.lake/build/ir/Mathlib/Tactic/WLOG.c.o.export: OK
.lake/packages/mathlib/.lake/build/ir/Mathlib/Tactic/WLOG.c: OK
.lake/packages/mathlib/.lake/build/lib/lean/Mathlib/Tactic/WLOG.olean: OK
.lake/packages/mathlib/.lake/build/ir/Mathlib/Tactic/Widget/Calc.c.o.export: OK
.lake/packages/mathlib/.lake/build/ir/Mathlib/Tactic/Widget/Calc.c: OK
.lake/packages/mathlib/.lake/build/lib/lean/Mathlib/Tactic/Widget/Calc.olean: OK
.lake/packages/mathlib/.lake/build/ir/Mathlib/Tactic/Widget/CommDiag.c.o.export: OK
.lake/packages/mathlib/.lake/build/ir/Mathlib/Tactic/Widget/CommDiag.c: OK
.lake/packages/mathlib/.lake/build/lib/lean/Mathlib/Tactic/Widget/CommDiag.olean: OK
.lake/packages/mathlib/.lake/build/ir/Mathlib/Tactic/Widget/CongrM.c.o.export: OK
.lake/packages/mathlib/.lake/build/ir/Mathlib/Tactic/Widget/CongrM.c: OK
.lake/packages/mathlib/.lake/build/lib/lean/Mathlib/Tactic/Widget/CongrM.olean: OK
.lake/packages/mathlib/.lake/build/ir/Mathlib/Tactic/Widget/Conv.c.o.export: OK
.lake/packages/mathlib/.lake/build/ir/Mathlib/Tactic/Widget/Conv.c: OK
.lake/packages/mathlib/.lake/build/lib/lean/Mathlib/Tactic/Widget/Conv.olean: OK
.lake/packages/mathlib/.lake/build/ir/Mathlib/Tactic/Widget/GCongr.c.o.export: OK
.lake/packages/mathlib/.lake/build/ir/Mathlib/Tactic/Widget/GCongr.c: OK
.lake/packages/mathlib/.lake/build/lib/lean/Mathlib/Tactic/Widget/GCongr.olean: OK
.lake/packages/mathlib/.lake/build/ir/Mathlib/Tactic/Widget/InteractiveUnfold.c.o.export: OK
.lake/packages/mathlib/.lake/build/ir/Mathlib/Tactic/Widget/InteractiveUnfold.c: OK
.lake/packages/mathlib/.lake/build/lib/lean/Mathlib/Tactic/Widget/InteractiveUnfold.olean: OK
.lake/packages/mathlib/.lake/build/ir/Mathlib/Tactic/Widget/LibraryRewrite.c.o.export: OK
.lake/packages/mathlib/.lake/build/ir/Mathlib/Tactic/Widget/LibraryRewrite.c: OK
.lake/packages/mathlib/.lake/build/lib/lean/Mathlib/Tactic/Widget/LibraryRewrite.olean: OK
.lake/packages/mathlib/.lake/build/ir/Mathlib/Tactic/Widget/SelectInsertParamsClass.c.o.export: OK
.lake/packages/mathlib/.lake/build/ir/Mathlib/Tactic/Widget/SelectInsertParamsClass.c: OK
.lake/packages/mathlib/.lake/build/lib/lean/Mathlib/Tactic/Widget/SelectInsertParamsClass.olean: OK
.lake/packages/mathlib/.lake/build/ir/Mathlib/Tactic/Widget/SelectPanelUtils.c.o.export: OK
.lake/packages/mathlib/.lake/build/ir/Mathlib/Tactic/Widget/SelectPanelUtils.c: OK
.lake/packages/mathlib/.lake/build/lib/lean/Mathlib/Tactic/Widget/SelectPanelUtils.olean: OK
.lake/packages/mathlib/.lake/build/ir/Mathlib/Tactic/Widget/StringDiagram.c.o.export: OK
.lake/packages/mathlib/.lake/build/ir/Mathlib/Tactic/Widget/StringDiagram.c: OK
.lake/packages/mathlib/.lake/build/lib/lean/Mathlib/Tactic/Widget/StringDiagram.olean: OK
.lake/packages/mathlib/.lake/build/ir/Mathlib/Tactic/WithoutCDot.c.o.export: OK
.lake/packages/mathlib/.lake/build/ir/Mathlib/Tactic/WithoutCDot.c: OK
.lake/packages/mathlib/.lake/build/lib/lean/Mathlib/Tactic/WithoutCDot.olean: OK
.lake/packages/mathlib/.lake/build/ir/Mathlib/Tactic/Zify.c.o.export: OK
.lake/packages/mathlib/.lake/build/ir/Mathlib/Tactic/Zify.c: OK
.lake/packages/mathlib/.lake/build/lib/lean/Mathlib/Tactic/Zify.olean: OK
.lake/packages/mathlib/.lake/build/ir/Mathlib/Topology/AlexandrovDiscrete.c.o.export: OK
.lake/packages/mathlib/.lake/build/ir/Mathlib/Topology/AlexandrovDiscrete.c: OK
.lake/packages/mathlib/.lake/build/lib/lean/Mathlib/Topology/AlexandrovDiscrete.olean: OK
.lake/packages/mathlib/.lake/build/ir/Mathlib/Topology/Algebra/Affine.c.o.export: OK
.lake/packages/mathlib/.lake/build/ir/Mathlib/Topology/Algebra/Affine.c: OK
.lake/packages/mathlib/.lake/build/lib/lean/Mathlib/Topology/Algebra/Affine.olean: OK
.lake/packages/mathlib/.lake/build/ir/Mathlib/Topology/Algebra/Algebra.c.o.export: OK
.lake/packages/mathlib/.lake/build/ir/Mathlib/Topology/Algebra/Algebra.c: OK
.lake/packages/mathlib/.lake/build/lib/lean/Mathlib/Topology/Algebra/Algebra.olean: OK
.lake/packages/mathlib/.lake/build/ir/Mathlib/Topology/Algebra/Algebra/Equiv.c.o.export: OK
.lake/packages/mathlib/.lake/build/ir/Mathlib/Topology/Algebra/Algebra/Equiv.c: OK
.lake/packages/mathlib/.lake/build/lib/lean/Mathlib/Topology/Algebra/Algebra/Equiv.olean: OK
.lake/packages/mathlib/.lake/build/ir/Mathlib/Topology/Algebra/ConstMulAction.c.o.export: OK
.lake/packages/mathlib/.lake/build/ir/Mathlib/Topology/Algebra/ConstMulAction.c: OK
.lake/packages/mathlib/.lake/build/lib/lean/Mathlib/Topology/Algebra/ConstMulAction.olean: OK
.lake/packages/mathlib/.lake/build/ir/Mathlib/Topology/Algebra/Constructions.c.o.export: OK
.lake/packages/mathlib/.lake/build/ir/Mathlib/Topology/Algebra/Constructions.c: OK
.lake/packages/mathlib/.lake/build/lib/lean/Mathlib/Topology/Algebra/Constructions.olean: OK
.lake/packages/mathlib/.lake/build/ir/Mathlib/Topology/Algebra/ContinuousMonoidHom.c.o.export: OK
.lake/packages/mathlib/.lake/build/ir/Mathlib/Topology/Algebra/ContinuousMonoidHom.c: OK
.lake/packages/mathlib/.lake/build/lib/lean/Mathlib/Topology/Algebra/ContinuousMonoidHom.olean: OK
.lake/packages/mathlib/.lake/build/ir/Mathlib/Topology/Algebra/Equicontinuity.c.o.export: OK
.lake/packages/mathlib/.lake/build/ir/Mathlib/Topology/Algebra/Equicontinuity.c: OK
.lake/packages/mathlib/.lake/build/lib/lean/Mathlib/Topology/Algebra/Equicontinuity.olean: OK
.lake/packages/mathlib/.lake/build/ir/Mathlib/Topology/Algebra/Field.c.o.export: OK
.lake/packages/mathlib/.lake/build/ir/Mathlib/Topology/Algebra/Field.c: OK
.lake/packages/mathlib/.lake/build/lib/lean/Mathlib/Topology/Algebra/Field.olean: OK
.lake/packages/mathlib/.lake/build/ir/Mathlib/Topology/Algebra/FilterBasis.c.o.export: OK
.lake/packages/mathlib/.lake/build/ir/Mathlib/Topology/Algebra/FilterBasis.c: OK
.lake/packages/mathlib/.lake/build/lib/lean/Mathlib/Topology/Algebra/FilterBasis.olean: OK
.lake/packages/mathlib/.lake/build/ir/Mathlib/Topology/Algebra/Group/AddTorsor.c.o.export: OK
.lake/packages/mathlib/.lake/build/ir/Mathlib/Topology/Algebra/Group/AddTorsor.c: OK
.lake/packages/mathlib/.lake/build/lib/lean/Mathlib/Topology/Algebra/Group/AddTorsor.olean: OK
.lake/packages/mathlib/.lake/build/ir/Mathlib/Topology/Algebra/Group/Basic.c.o.export: OK
.lake/packages/mathlib/.lake/build/ir/Mathlib/Topology/Algebra/Group/Basic.c: OK
.lake/packages/mathlib/.lake/build/lib/lean/Mathlib/Topology/Algebra/Group/Basic.olean: OK
.lake/packages/mathlib/.lake/build/ir/Mathlib/Topology/Algebra/Group/ClosedSubgroup.c.o.export: OK
.lake/packages/mathlib/.lake/build/ir/Mathlib/Topology/Algebra/Group/ClosedSubgroup.c: OK
.lake/packages/mathlib/.lake/build/lib/lean/Mathlib/Topology/Algebra/Group/ClosedSubgroup.olean: OK
.lake/packages/mathlib/.lake/build/ir/Mathlib/Topology/Algebra/Group/Defs.c.o.export: OK
.lake/packages/mathlib/.lake/build/ir/Mathlib/Topology/Algebra/Group/Defs.c: OK
.lake/packages/mathlib/.lake/build/lib/lean/Mathlib/Topology/Algebra/Group/Defs.olean: OK
.lake/packages/mathlib/.lake/build/ir/Mathlib/Topology/Algebra/Group/GroupTopology.c.o.export: OK
.lake/packages/mathlib/.lake/build/ir/Mathlib/Topology/Algebra/Group/GroupTopology.c: OK
.lake/packages/mathlib/.lake/build/lib/lean/Mathlib/Topology/Algebra/Group/GroupTopology.olean: OK
.lake/packages/mathlib/.lake/build/ir/Mathlib/Topology/Algebra/Group/Pointwise.c.o.export: OK
.lake/packages/mathlib/.lake/build/ir/Mathlib/Topology/Algebra/Group/Pointwise.c: OK
.lake/packages/mathlib/.lake/build/lib/lean/Mathlib/Topology/Algebra/Group/Pointwise.olean: OK
.lake/packages/mathlib/.lake/build/ir/Mathlib/Topology/Algebra/Group/Quotient.c.o.export: OK
.lake/packages/mathlib/.lake/build/ir/Mathlib/Topology/Algebra/Group/Quotient.c: OK
.lake/packages/mathlib/.lake/build/lib/lean/Mathlib/Topology/Algebra/Group/Quotient.olean: OK
.lake/packages/mathlib/.lake/build/ir/Mathlib/Topology/Algebra/GroupCompletion.c.o.export: OK
.lake/packages/mathlib/.lake/build/ir/Mathlib/Topology/Algebra/GroupCompletion.c: OK
.lake/packages/mathlib/.lake/build/lib/lean/Mathlib/Topology/Algebra/GroupCompletion.olean: OK
.lake/packages/mathlib/.lake/build/ir/Mathlib/Topology/Algebra/GroupWithZero.c.o.export: OK
.lake/packages/mathlib/.lake/build/ir/Mathlib/Topology/Algebra/GroupWithZero.c: OK
.lake/packages/mathlib/.lake/build/lib/lean/Mathlib/Topology/Algebra/GroupWithZero.olean: OK
.lake/packages/mathlib/.lake/build/ir/Mathlib/Topology/Algebra/Indicator.c.o.export: OK
.lake/packages/mathlib/.lake/build/ir/Mathlib/Topology/Algebra/Indicator.c: OK
.lake/packages/mathlib/.lake/build/lib/lean/Mathlib/Topology/Algebra/Indicator.olean: OK
.lake/packages/mathlib/.lake/build/ir/Mathlib/Topology/Algebra/InfiniteSum/Basic.c.o.export: OK
.lake/packages/mathlib/.lake/build/ir/Mathlib/Topology/Algebra/InfiniteSum/Basic.c: OK
.lake/packages/mathlib/.lake/build/lib/lean/Mathlib/Topology/Algebra/InfiniteSum/Basic.olean: OK
.lake/packages/mathlib/.lake/build/ir/Mathlib/Topology/Algebra/InfiniteSum/Constructions.c.o.export: OK
.lake/packages/mathlib/.lake/build/ir/Mathlib/Topology/Algebra/InfiniteSum/Constructions.c: OK
.lake/packages/mathlib/.lake/build/lib/lean/Mathlib/Topology/Algebra/InfiniteSum/Constructions.olean: OK
.lake/packages/mathlib/.lake/build/ir/Mathlib/Topology/Algebra/InfiniteSum/Defs.c.o.export: OK
.lake/packages/mathlib/.lake/build/ir/Mathlib/Topology/Algebra/InfiniteSum/Defs.c: OK
.lake/packages/mathlib/.lake/build/lib/lean/Mathlib/Topology/Algebra/InfiniteSum/Defs.olean: OK
.lake/packages/mathlib/.lake/build/ir/Mathlib/Topology/Algebra/InfiniteSum/ENNReal.c.o.export: OK
.lake/packages/mathlib/.lake/build/ir/Mathlib/Topology/Algebra/InfiniteSum/ENNReal.c: OK
.lake/packages/mathlib/.lake/build/lib/lean/Mathlib/Topology/Algebra/InfiniteSum/ENNReal.olean: OK
.lake/packages/mathlib/.lake/build/ir/Mathlib/Topology/Algebra/InfiniteSum/Group.c.o.export: OK
.lake/packages/mathlib/.lake/build/ir/Mathlib/Topology/Algebra/InfiniteSum/Group.c: OK
.lake/packages/mathlib/.lake/build/lib/lean/Mathlib/Topology/Algebra/InfiniteSum/Group.olean: OK
.lake/packages/mathlib/.lake/build/ir/Mathlib/Topology/Algebra/InfiniteSum/Module.c.o.export: OK
.lake/packages/mathlib/.lake/build/ir/Mathlib/Topology/Algebra/InfiniteSum/Module.c: OK
.lake/packages/mathlib/.lake/build/lib/lean/Mathlib/Topology/Algebra/InfiniteSum/Module.olean: OK
.lake/packages/mathlib/.lake/build/ir/Mathlib/Topology/Algebra/InfiniteSum/NatInt.c.o.export: OK
.lake/packages/mathlib/.lake/build/ir/Mathlib/Topology/Algebra/InfiniteSum/NatInt.c: OK
.lake/packages/mathlib/.lake/build/lib/lean/Mathlib/Topology/Algebra/InfiniteSum/NatInt.olean: OK
.lake/packages/mathlib/.lake/build/ir/Mathlib/Topology/Algebra/InfiniteSum/Order.c.o.export: OK
.lake/packages/mathlib/.lake/build/ir/Mathlib/Topology/Algebra/InfiniteSum/Order.c: OK
.lake/packages/mathlib/.lake/build/lib/lean/Mathlib/Topology/Algebra/InfiniteSum/Order.olean: OK
.lake/packages/mathlib/.lake/build/ir/Mathlib/Topology/Algebra/InfiniteSum/Real.c.o.export: OK
.lake/packages/mathlib/.lake/build/ir/Mathlib/Topology/Algebra/InfiniteSum/Real.c: OK
.lake/packages/mathlib/.lake/build/lib/lean/Mathlib/Topology/Algebra/InfiniteSum/Real.olean: OK
.lake/packages/mathlib/.lake/build/ir/Mathlib/Topology/Algebra/InfiniteSum/Ring.c.o.export: OK
.lake/packages/mathlib/.lake/build/ir/Mathlib/Topology/Algebra/InfiniteSum/Ring.c: OK
.lake/packages/mathlib/.lake/build/lib/lean/Mathlib/Topology/Algebra/InfiniteSum/Ring.olean: OK
.lake/packages/mathlib/.lake/build/ir/Mathlib/Topology/Algebra/InfiniteSum/SummationFilter.c.o.export: OK
.lake/packages/mathlib/.lake/build/ir/Mathlib/Topology/Algebra/InfiniteSum/SummationFilter.c: OK
.lake/packages/mathlib/.lake/build/lib/lean/Mathlib/Topology/Algebra/InfiniteSum/SummationFilter.olean: OK
.lake/packages/mathlib/.lake/build/ir/Mathlib/Topology/Algebra/IsUniformGroup/Basic.c.o.export: OK
.lake/packages/mathlib/.lake/build/ir/Mathlib/Topology/Algebra/IsUniformGroup/Basic.c: OK
.lake/packages/mathlib/.lake/build/lib/lean/Mathlib/Topology/Algebra/IsUniformGroup/Basic.olean: OK
.lake/packages/mathlib/.lake/build/ir/Mathlib/Topology/Algebra/IsUniformGroup/Constructions.c.o.export: OK
.lake/packages/mathlib/.lake/build/ir/Mathlib/Topology/Algebra/IsUniformGroup/Constructions.c: OK
.lake/packages/mathlib/.lake/build/lib/lean/Mathlib/Topology/Algebra/IsUniformGroup/Constructions.olean: OK
.lake/packages/mathlib/.lake/build/ir/Mathlib/Topology/Algebra/IsUniformGroup/Defs.c.o.export: OK
.lake/packages/mathlib/.lake/build/ir/Mathlib/Topology/Algebra/IsUniformGroup/Defs.c: OK
.lake/packages/mathlib/.lake/build/lib/lean/Mathlib/Topology/Algebra/IsUniformGroup/Defs.olean: OK
.lake/packages/mathlib/.lake/build/ir/Mathlib/Topology/Algebra/MetricSpace/Lipschitz.c.o.export: OK
.lake/packages/mathlib/.lake/build/ir/Mathlib/Topology/Algebra/MetricSpace/Lipschitz.c: OK
.lake/packages/mathlib/.lake/build/lib/lean/Mathlib/Topology/Algebra/MetricSpace/Lipschitz.olean: OK
.lake/packages/mathlib/.lake/build/ir/Mathlib/Topology/Algebra/Module/Basic.c.o.export: OK
.lake/packages/mathlib/.lake/build/ir/Mathlib/Topology/Algebra/Module/Basic.c: OK
.lake/packages/mathlib/.lake/build/lib/lean/Mathlib/Topology/Algebra/Module/Basic.olean: OK
.lake/packages/mathlib/.lake/build/ir/Mathlib/Topology/Algebra/Module/ContinuousLinearMap/Basic.c.o.export: OK
.lake/packages/mathlib/.lake/build/ir/Mathlib/Topology/Algebra/Module/ContinuousLinearMap/Basic.c: OK
.lake/packages/mathlib/.lake/build/lib/lean/Mathlib/Topology/Algebra/Module/ContinuousLinearMap/Basic.olean: OK
.lake/packages/mathlib/.lake/build/ir/Mathlib/Topology/Algebra/Module/ContinuousLinearMap/PiProd.c.o.export: OK
.lake/packages/mathlib/.lake/build/ir/Mathlib/Topology/Algebra/Module/ContinuousLinearMap/PiProd.c: OK
.lake/packages/mathlib/.lake/build/lib/lean/Mathlib/Topology/Algebra/Module/ContinuousLinearMap/PiProd.olean: OK
.lake/packages/mathlib/.lake/build/ir/Mathlib/Topology/Algebra/Module/ContinuousLinearMap/Restrict.c.o.export: OK
.lake/packages/mathlib/.lake/build/ir/Mathlib/Topology/Algebra/Module/ContinuousLinearMap/Restrict.c: OK
.lake/packages/mathlib/.lake/build/lib/lean/Mathlib/Topology/Algebra/Module/ContinuousLinearMap/Restrict.olean: OK
.lake/packages/mathlib/.lake/build/ir/Mathlib/Topology/Algebra/Module/ContinuousLinearMap/RestrictScalars.c.o.export: OK
.lake/packages/mathlib/.lake/build/ir/Mathlib/Topology/Algebra/Module/ContinuousLinearMap/RestrictScalars.c: OK
.lake/packages/mathlib/.lake/build/lib/lean/Mathlib/Topology/Algebra/Module/ContinuousLinearMap/RestrictScalars.olean: OK
.lake/packages/mathlib/.lake/build/ir/Mathlib/Topology/Algebra/Module/Equiv.c.o.export: OK
.lake/packages/mathlib/.lake/build/ir/Mathlib/Topology/Algebra/Module/Equiv.c: OK
.lake/packages/mathlib/.lake/build/lib/lean/Mathlib/Topology/Algebra/Module/Equiv.olean: OK
.lake/packages/mathlib/.lake/build/ir/Mathlib/Topology/Algebra/Module/LocallyConvex.c.o.export: OK
.lake/packages/mathlib/.lake/build/ir/Mathlib/Topology/Algebra/Module/LocallyConvex.c: OK
.lake/packages/mathlib/.lake/build/lib/lean/Mathlib/Topology/Algebra/Module/LocallyConvex.olean: OK
.lake/packages/mathlib/.lake/build/ir/Mathlib/Topology/Algebra/Module/Spaces/ContinuousLinearMap.c.o.export: OK
.lake/packages/mathlib/.lake/build/ir/Mathlib/Topology/Algebra/Module/Spaces/ContinuousLinearMap.c: OK
.lake/packages/mathlib/.lake/build/lib/lean/Mathlib/Topology/Algebra/Module/Spaces/ContinuousLinearMap.olean: OK
.lake/packages/mathlib/.lake/build/ir/Mathlib/Topology/Algebra/Module/Spaces/UniformConvergenceCLM.c.o.export: OK
.lake/packages/mathlib/.lake/build/ir/Mathlib/Topology/Algebra/Module/Spaces/UniformConvergenceCLM.c: OK
.lake/packages/mathlib/.lake/build/lib/lean/Mathlib/Topology/Algebra/Module/Spaces/UniformConvergenceCLM.olean: OK
.lake/packages/mathlib/.lake/build/ir/Mathlib/Topology/Algebra/Module/Star.c.o.export: OK
.lake/packages/mathlib/.lake/build/ir/Mathlib/Topology/Algebra/Module/Star.c: OK
.lake/packages/mathlib/.lake/build/lib/lean/Mathlib/Topology/Algebra/Module/Star.olean: OK
.lake/packages/mathlib/.lake/build/ir/Mathlib/Topology/Algebra/Module/UniformConvergence.c.o.export: OK
.lake/packages/mathlib/.lake/build/ir/Mathlib/Topology/Algebra/Module/UniformConvergence.c: OK
.lake/packages/mathlib/.lake/build/lib/lean/Mathlib/Topology/Algebra/Module/UniformConvergence.olean: OK
.lake/packages/mathlib/.lake/build/ir/Mathlib/Topology/Algebra/Monoid.c.o.export: OK
.lake/packages/mathlib/.lake/build/ir/Mathlib/Topology/Algebra/Monoid.c: OK
.lake/packages/mathlib/.lake/build/lib/lean/Mathlib/Topology/Algebra/Monoid.olean: OK
.lake/packages/mathlib/.lake/build/ir/Mathlib/Topology/Algebra/Monoid/Defs.c.o.export: OK
.lake/packages/mathlib/.lake/build/ir/Mathlib/Topology/Algebra/Monoid/Defs.c: OK
.lake/packages/mathlib/.lake/build/lib/lean/Mathlib/Topology/Algebra/Monoid/Defs.olean: OK
.lake/packages/mathlib/.lake/build/ir/Mathlib/Topology/Algebra/Monoid/FunOnFinite.c.o.export: OK
.lake/packages/mathlib/.lake/build/ir/Mathlib/Topology/Algebra/Monoid/FunOnFinite.c: OK
.lake/packages/mathlib/.lake/build/lib/lean/Mathlib/Topology/Algebra/Monoid/FunOnFinite.olean: OK
.lake/packages/mathlib/.lake/build/ir/Mathlib/Topology/Algebra/MulAction.c.o.export: OK
.lake/packages/mathlib/.lake/build/ir/Mathlib/Topology/Algebra/MulAction.c: OK
.lake/packages/mathlib/.lake/build/lib/lean/Mathlib/Topology/Algebra/MulAction.olean: OK
.lake/packages/mathlib/.lake/build/ir/Mathlib/Topology/Algebra/Nonarchimedean/Bases.c.o.export: OK
.lake/packages/mathlib/.lake/build/ir/Mathlib/Topology/Algebra/Nonarchimedean/Bases.c: OK
.lake/packages/mathlib/.lake/build/lib/lean/Mathlib/Topology/Algebra/Nonarchimedean/Bases.olean: OK
.lake/packages/mathlib/.lake/build/ir/Mathlib/Topology/Algebra/Nonarchimedean/Basic.c.o.export: OK
.lake/packages/mathlib/.lake/build/ir/Mathlib/Topology/Algebra/Nonarchimedean/Basic.c: OK
.lake/packages/mathlib/.lake/build/lib/lean/Mathlib/Topology/Algebra/Nonarchimedean/Basic.olean: OK
.lake/packages/mathlib/.lake/build/ir/Mathlib/Topology/Algebra/OpenSubgroup.c.o.export: OK
.lake/packages/mathlib/.lake/build/ir/Mathlib/Topology/Algebra/OpenSubgroup.c: OK
.lake/packages/mathlib/.lake/build/lib/lean/Mathlib/Topology/Algebra/OpenSubgroup.olean: OK
.lake/packages/mathlib/.lake/build/ir/Mathlib/Topology/Algebra/Order/Archimedean.c.o.export: OK
.lake/packages/mathlib/.lake/build/ir/Mathlib/Topology/Algebra/Order/Archimedean.c: OK
.lake/packages/mathlib/.lake/build/lib/lean/Mathlib/Topology/Algebra/Order/Archimedean.olean: OK
.lake/packages/mathlib/.lake/build/ir/Mathlib/Topology/Algebra/Order/Field.c.o.export: OK
.lake/packages/mathlib/.lake/build/ir/Mathlib/Topology/Algebra/Order/Field.c: OK
.lake/packages/mathlib/.lake/build/lib/lean/Mathlib/Topology/Algebra/Order/Field.olean: OK
.lake/packages/mathlib/.lake/build/ir/Mathlib/Topology/Algebra/Order/Group.c.o.export: OK
.lake/packages/mathlib/.lake/build/ir/Mathlib/Topology/Algebra/Order/Group.c: OK
.lake/packages/mathlib/.lake/build/lib/lean/Mathlib/Topology/Algebra/Order/Group.olean: OK
.lake/packages/mathlib/.lake/build/ir/Mathlib/Topology/Algebra/Polynomial.c.o.export: OK
.lake/packages/mathlib/.lake/build/ir/Mathlib/Topology/Algebra/Polynomial.c: OK
.lake/packages/mathlib/.lake/build/lib/lean/Mathlib/Topology/Algebra/Polynomial.olean: OK
.lake/packages/mathlib/.lake/build/ir/Mathlib/Topology/Algebra/Ring/Basic.c.o.export: OK
.lake/packages/mathlib/.lake/build/ir/Mathlib/Topology/Algebra/Ring/Basic.c: OK
.lake/packages/mathlib/.lake/build/lib/lean/Mathlib/Topology/Algebra/Ring/Basic.olean: OK
.lake/packages/mathlib/.lake/build/ir/Mathlib/Topology/Algebra/Ring/Ideal.c.o.export: OK
.lake/packages/mathlib/.lake/build/ir/Mathlib/Topology/Algebra/Ring/Ideal.c: OK
.lake/packages/mathlib/.lake/build/lib/lean/Mathlib/Topology/Algebra/Ring/Ideal.olean: OK
.lake/packages/mathlib/.lake/build/ir/Mathlib/Topology/Algebra/Ring/Real.c.o.export: OK
.lake/packages/mathlib/.lake/build/ir/Mathlib/Topology/Algebra/Ring/Real.c: OK
.lake/packages/mathlib/.lake/build/lib/lean/Mathlib/Topology/Algebra/Ring/Real.olean: OK
.lake/packages/mathlib/.lake/build/ir/Mathlib/Topology/Algebra/SeparationQuotient/Basic.c.o.export: OK
.lake/packages/mathlib/.lake/build/ir/Mathlib/Topology/Algebra/SeparationQuotient/Basic.c: OK
.lake/packages/mathlib/.lake/build/lib/lean/Mathlib/Topology/Algebra/SeparationQuotient/Basic.olean: OK
.lake/packages/mathlib/.lake/build/ir/Mathlib/Topology/Algebra/SeparationQuotient/Section.c.o.export: OK
.lake/packages/mathlib/.lake/build/ir/Mathlib/Topology/Algebra/SeparationQuotient/Section.c: OK
.lake/packages/mathlib/.lake/build/lib/lean/Mathlib/Topology/Algebra/SeparationQuotient/Section.olean: OK
.lake/packages/mathlib/.lake/build/ir/Mathlib/Topology/Algebra/Star.c.o.export: OK
.lake/packages/mathlib/.lake/build/ir/Mathlib/Topology/Algebra/Star.c: OK
.lake/packages/mathlib/.lake/build/lib/lean/Mathlib/Topology/Algebra/Star.olean: OK
.lake/packages/mathlib/.lake/build/ir/Mathlib/Topology/Algebra/Support.c.o.export: OK
.lake/packages/mathlib/.lake/build/ir/Mathlib/Topology/Algebra/Support.c: OK
.lake/packages/mathlib/.lake/build/lib/lean/Mathlib/Topology/Algebra/Support.olean: OK
.lake/packages/mathlib/.lake/build/ir/Mathlib/Topology/Algebra/UniformConvergence.c.o.export: OK
.lake/packages/mathlib/.lake/build/ir/Mathlib/Topology/Algebra/UniformConvergence.c: OK
.lake/packages/mathlib/.lake/build/lib/lean/Mathlib/Topology/Algebra/UniformConvergence.olean: OK
.lake/packages/mathlib/.lake/build/ir/Mathlib/Topology/Algebra/UniformField.c.o.export: OK
.lake/packages/mathlib/.lake/build/ir/Mathlib/Topology/Algebra/UniformField.c: OK
.lake/packages/mathlib/.lake/build/lib/lean/Mathlib/Topology/Algebra/UniformField.olean: OK
.lake/packages/mathlib/.lake/build/ir/Mathlib/Topology/Algebra/UniformFilterBasis.c.o.export: OK
.lake/packages/mathlib/.lake/build/ir/Mathlib/Topology/Algebra/UniformFilterBasis.c: OK
.lake/packages/mathlib/.lake/build/lib/lean/Mathlib/Topology/Algebra/UniformFilterBasis.olean: OK
.lake/packages/mathlib/.lake/build/ir/Mathlib/Topology/Algebra/UniformMulAction.c.o.export: OK
.lake/packages/mathlib/.lake/build/ir/Mathlib/Topology/Algebra/UniformMulAction.c: OK
.lake/packages/mathlib/.lake/build/lib/lean/Mathlib/Topology/Algebra/UniformMulAction.olean: OK
.lake/packages/mathlib/.lake/build/ir/Mathlib/Topology/Algebra/UniformRing.c.o.export: OK
.lake/packages/mathlib/.lake/build/ir/Mathlib/Topology/Algebra/UniformRing.c: OK
.lake/packages/mathlib/.lake/build/lib/lean/Mathlib/Topology/Algebra/UniformRing.olean: OK
.lake/packages/mathlib/.lake/build/ir/Mathlib/Topology/Algebra/Valued/ValuationTopology.c.o.export: OK
.lake/packages/mathlib/.lake/build/ir/Mathlib/Topology/Algebra/Valued/ValuationTopology.c: OK
.lake/packages/mathlib/.lake/build/lib/lean/Mathlib/Topology/Algebra/Valued/ValuationTopology.olean: OK
.lake/packages/mathlib/.lake/build/ir/Mathlib/Topology/Algebra/Valued/ValuedField.c.o.export: OK
.lake/packages/mathlib/.lake/build/ir/Mathlib/Topology/Algebra/Valued/ValuedField.c: OK
.lake/packages/mathlib/.lake/build/lib/lean/Mathlib/Topology/Algebra/Valued/ValuedField.olean: OK
.lake/packages/mathlib/.lake/build/ir/Mathlib/Topology/Algebra/Valued/WithVal.c.o.export: OK
.lake/packages/mathlib/.lake/build/ir/Mathlib/Topology/Algebra/Valued/WithVal.c: OK
.lake/packages/mathlib/.lake/build/lib/lean/Mathlib/Topology/Algebra/Valued/WithVal.olean: OK
.lake/packages/mathlib/.lake/build/ir/Mathlib/Topology/Algebra/WithZeroTopology.c.o.export: OK
.lake/packages/mathlib/.lake/build/ir/Mathlib/Topology/Algebra/WithZeroTopology.c: OK
.lake/packages/mathlib/.lake/build/lib/lean/Mathlib/Topology/Algebra/WithZeroTopology.olean: OK
.lake/packages/mathlib/.lake/build/ir/Mathlib/Topology/Baire/Lemmas.c.o.export: OK
.lake/packages/mathlib/.lake/build/ir/Mathlib/Topology/Baire/Lemmas.c: OK
.lake/packages/mathlib/.lake/build/lib/lean/Mathlib/Topology/Baire/Lemmas.olean: OK
.lake/packages/mathlib/.lake/build/ir/Mathlib/Topology/Bases.c.o.export: OK
.lake/packages/mathlib/.lake/build/ir/Mathlib/Topology/Bases.c: OK
.lake/packages/mathlib/.lake/build/lib/lean/Mathlib/Topology/Bases.olean: OK
.lake/packages/mathlib/.lake/build/ir/Mathlib/Topology/Basic.c.o.export: OK
.lake/packages/mathlib/.lake/build/ir/Mathlib/Topology/Basic.c: OK
.lake/packages/mathlib/.lake/build/lib/lean/Mathlib/Topology/Basic.olean: OK
.lake/packages/mathlib/.lake/build/ir/Mathlib/Topology/Bornology/Absorbs.c.o.export: OK
.lake/packages/mathlib/.lake/build/ir/Mathlib/Topology/Bornology/Absorbs.c: OK
.lake/packages/mathlib/.lake/build/lib/lean/Mathlib/Topology/Bornology/Absorbs.olean: OK
.lake/packages/mathlib/.lake/build/ir/Mathlib/Topology/Bornology/Basic.c.o.export: OK
.lake/packages/mathlib/.lake/build/ir/Mathlib/Topology/Bornology/Basic.c: OK
.lake/packages/mathlib/.lake/build/lib/lean/Mathlib/Topology/Bornology/Basic.olean: OK
.lake/packages/mathlib/.lake/build/ir/Mathlib/Topology/Bornology/BoundedOperation.c.o.export: OK
.lake/packages/mathlib/.lake/build/ir/Mathlib/Topology/Bornology/BoundedOperation.c: OK
.lake/packages/mathlib/.lake/build/lib/lean/Mathlib/Topology/Bornology/BoundedOperation.olean: OK
.lake/packages/mathlib/.lake/build/ir/Mathlib/Topology/Bornology/Constructions.c.o.export: OK
.lake/packages/mathlib/.lake/build/ir/Mathlib/Topology/Bornology/Constructions.c: OK
.lake/packages/mathlib/.lake/build/lib/lean/Mathlib/Topology/Bornology/Constructions.olean: OK
.lake/packages/mathlib/.lake/build/ir/Mathlib/Topology/Bornology/Hom.c.o.export: OK
.lake/packages/mathlib/.lake/build/ir/Mathlib/Topology/Bornology/Hom.c: OK
.lake/packages/mathlib/.lake/build/lib/lean/Mathlib/Topology/Bornology/Hom.olean: OK
.lake/packages/mathlib/.lake/build/ir/Mathlib/Topology/Bornology/Real.c.o.export: OK
.lake/packages/mathlib/.lake/build/ir/Mathlib/Topology/Bornology/Real.c: OK
.lake/packages/mathlib/.lake/build/lib/lean/Mathlib/Topology/Bornology/Real.olean: OK
.lake/packages/mathlib/.lake/build/ir/Mathlib/Topology/Clopen.c.o.export: OK
.lake/packages/mathlib/.lake/build/ir/Mathlib/Topology/Clopen.c: OK
.lake/packages/mathlib/.lake/build/lib/lean/Mathlib/Topology/Clopen.olean: OK
.lake/packages/mathlib/.lake/build/ir/Mathlib/Topology/Closure.c.o.export: OK
.lake/packages/mathlib/.lake/build/ir/Mathlib/Topology/Closure.c: OK
.lake/packages/mathlib/.lake/build/lib/lean/Mathlib/Topology/Closure.olean: OK
.lake/packages/mathlib/.lake/build/ir/Mathlib/Topology/ClusterPt.c.o.export: OK
.lake/packages/mathlib/.lake/build/ir/Mathlib/Topology/ClusterPt.c: OK
.lake/packages/mathlib/.lake/build/lib/lean/Mathlib/Topology/ClusterPt.olean: OK
.lake/packages/mathlib/.lake/build/ir/Mathlib/Topology/Coherent.c.o.export: OK
.lake/packages/mathlib/.lake/build/ir/Mathlib/Topology/Coherent.c: OK
.lake/packages/mathlib/.lake/build/lib/lean/Mathlib/Topology/Coherent.olean: OK
.lake/packages/mathlib/.lake/build/ir/Mathlib/Topology/CompactOpen.c.o.export: OK
.lake/packages/mathlib/.lake/build/ir/Mathlib/Topology/CompactOpen.c: OK
.lake/packages/mathlib/.lake/build/lib/lean/Mathlib/Topology/CompactOpen.olean: OK
.lake/packages/mathlib/.lake/build/ir/Mathlib/Topology/Compactness/Bases.c.o.export: OK
.lake/packages/mathlib/.lake/build/ir/Mathlib/Topology/Compactness/Bases.c: OK
.lake/packages/mathlib/.lake/build/lib/lean/Mathlib/Topology/Compactness/Bases.olean: OK
.lake/packages/mathlib/.lake/build/ir/Mathlib/Topology/Compactness/Compact.c.o.export: OK
.lake/packages/mathlib/.lake/build/ir/Mathlib/Topology/Compactness/Compact.c: OK
.lake/packages/mathlib/.lake/build/lib/lean/Mathlib/Topology/Compactness/Compact.olean: OK
.lake/packages/mathlib/.lake/build/ir/Mathlib/Topology/Compactness/CompactlyCoherentSpace.c.o.export: OK
.lake/packages/mathlib/.lake/build/ir/Mathlib/Topology/Compactness/CompactlyCoherentSpace.c: OK
.lake/packages/mathlib/.lake/build/lib/lean/Mathlib/Topology/Compactness/CompactlyCoherentSpace.olean: OK
.lake/packages/mathlib/.lake/build/ir/Mathlib/Topology/Compactness/Lindelof.c.o.export: OK
.lake/packages/mathlib/.lake/build/ir/Mathlib/Topology/Compactness/Lindelof.c: OK
.lake/packages/mathlib/.lake/build/lib/lean/Mathlib/Topology/Compactness/Lindelof.olean: OK
.lake/packages/mathlib/.lake/build/ir/Mathlib/Topology/Compactness/LocallyCompact.c.o.export: OK
.lake/packages/mathlib/.lake/build/ir/Mathlib/Topology/Compactness/LocallyCompact.c: OK
.lake/packages/mathlib/.lake/build/lib/lean/Mathlib/Topology/Compactness/LocallyCompact.olean: OK
.lake/packages/mathlib/.lake/build/ir/Mathlib/Topology/Compactness/LocallyFinite.c.o.export: OK
.lake/packages/mathlib/.lake/build/ir/Mathlib/Topology/Compactness/LocallyFinite.c: OK
.lake/packages/mathlib/.lake/build/lib/lean/Mathlib/Topology/Compactness/LocallyFinite.olean: OK
.lake/packages/mathlib/.lake/build/ir/Mathlib/Topology/Compactness/NhdsKer.c.o.export: OK
.lake/packages/mathlib/.lake/build/ir/Mathlib/Topology/Compactness/NhdsKer.c: OK
.lake/packages/mathlib/.lake/build/lib/lean/Mathlib/Topology/Compactness/NhdsKer.olean: OK
.lake/packages/mathlib/.lake/build/ir/Mathlib/Topology/Compactness/SigmaCompact.c.o.export: OK
.lake/packages/mathlib/.lake/build/ir/Mathlib/Topology/Compactness/SigmaCompact.c: OK
.lake/packages/mathlib/.lake/build/lib/lean/Mathlib/Topology/Compactness/SigmaCompact.olean: OK
.lake/packages/mathlib/.lake/build/ir/Mathlib/Topology/Connected/Basic.c.o.export: OK
.lake/packages/mathlib/.lake/build/ir/Mathlib/Topology/Connected/Basic.c: OK
.lake/packages/mathlib/.lake/build/lib/lean/Mathlib/Topology/Connected/Basic.olean: OK
.lake/packages/mathlib/.lake/build/ir/Mathlib/Topology/Connected/Clopen.c.o.export: OK
.lake/packages/mathlib/.lake/build/ir/Mathlib/Topology/Connected/Clopen.c: OK
.lake/packages/mathlib/.lake/build/lib/lean/Mathlib/Topology/Connected/Clopen.olean: OK
.lake/packages/mathlib/.lake/build/ir/Mathlib/Topology/Connected/LocPathConnected.c.o.export: OK
.lake/packages/mathlib/.lake/build/ir/Mathlib/Topology/Connected/LocPathConnected.c: OK
.lake/packages/mathlib/.lake/build/lib/lean/Mathlib/Topology/Connected/LocPathConnected.olean: OK
.lake/packages/mathlib/.lake/build/ir/Mathlib/Topology/Connected/LocallyConnected.c.o.export: OK
.lake/packages/mathlib/.lake/build/ir/Mathlib/Topology/Connected/LocallyConnected.c: OK
.lake/packages/mathlib/.lake/build/lib/lean/Mathlib/Topology/Connected/LocallyConnected.olean: OK
.lake/packages/mathlib/.lake/build/ir/Mathlib/Topology/Connected/PathConnected.c.o.export: OK
.lake/packages/mathlib/.lake/build/ir/Mathlib/Topology/Connected/PathConnected.c: OK
.lake/packages/mathlib/.lake/build/lib/lean/Mathlib/Topology/Connected/PathConnected.olean: OK
.lake/packages/mathlib/.lake/build/ir/Mathlib/Topology/Connected/TotallyDisconnected.c.o.export: OK
.lake/packages/mathlib/.lake/build/ir/Mathlib/Topology/Connected/TotallyDisconnected.c: OK
.lake/packages/mathlib/.lake/build/lib/lean/Mathlib/Topology/Connected/TotallyDisconnected.olean: OK
.lake/packages/mathlib/.lake/build/ir/Mathlib/Topology/Constructible.c.o.export: OK
.lake/packages/mathlib/.lake/build/ir/Mathlib/Topology/Constructible.c: OK
.lake/packages/mathlib/.lake/build/lib/lean/Mathlib/Topology/Constructible.olean: OK
.lake/packages/mathlib/.lake/build/ir/Mathlib/Topology/Constructions.c.o.export: OK
.lake/packages/mathlib/.lake/build/ir/Mathlib/Topology/Constructions.c: OK
.lake/packages/mathlib/.lake/build/lib/lean/Mathlib/Topology/Constructions.olean: OK
.lake/packages/mathlib/.lake/build/ir/Mathlib/Topology/Constructions/SumProd.c.o.export: OK
.lake/packages/mathlib/.lake/build/ir/Mathlib/Topology/Constructions/SumProd.c: OK
.lake/packages/mathlib/.lake/build/lib/lean/Mathlib/Topology/Constructions/SumProd.olean: OK
.lake/packages/mathlib/.lake/build/ir/Mathlib/Topology/Continuous.c.o.export: OK
.lake/packages/mathlib/.lake/build/ir/Mathlib/Topology/Continuous.c: OK
.lake/packages/mathlib/.lake/build/lib/lean/Mathlib/Topology/Continuous.olean: OK
.lake/packages/mathlib/.lake/build/ir/Mathlib/Topology/ContinuousMap/Algebra.c.o.export: OK
.lake/packages/mathlib/.lake/build/ir/Mathlib/Topology/ContinuousMap/Algebra.c: OK
.lake/packages/mathlib/.lake/build/lib/lean/Mathlib/Topology/ContinuousMap/Algebra.olean: OK
.lake/packages/mathlib/.lake/build/ir/Mathlib/Topology/ContinuousMap/Basic.c.o.export: OK
.lake/packages/mathlib/.lake/build/ir/Mathlib/Topology/ContinuousMap/Basic.c: OK
.lake/packages/mathlib/.lake/build/lib/lean/Mathlib/Topology/ContinuousMap/Basic.olean: OK
.lake/packages/mathlib/.lake/build/ir/Mathlib/Topology/ContinuousMap/Bounded/Basic.c.o.export: OK
.lake/packages/mathlib/.lake/build/ir/Mathlib/Topology/ContinuousMap/Bounded/Basic.c: OK
.lake/packages/mathlib/.lake/build/lib/lean/Mathlib/Topology/ContinuousMap/Bounded/Basic.olean: OK
.lake/packages/mathlib/.lake/build/ir/Mathlib/Topology/ContinuousMap/Bounded/Normed.c.o.export: OK
.lake/packages/mathlib/.lake/build/ir/Mathlib/Topology/ContinuousMap/Bounded/Normed.c: OK
.lake/packages/mathlib/.lake/build/lib/lean/Mathlib/Topology/ContinuousMap/Bounded/Normed.olean: OK
.lake/packages/mathlib/.lake/build/ir/Mathlib/Topology/ContinuousMap/Bounded/Star.c.o.export: OK
.lake/packages/mathlib/.lake/build/ir/Mathlib/Topology/ContinuousMap/Bounded/Star.c: OK
.lake/packages/mathlib/.lake/build/lib/lean/Mathlib/Topology/ContinuousMap/Bounded/Star.olean: OK
.lake/packages/mathlib/.lake/build/ir/Mathlib/Topology/ContinuousMap/Compact.c.o.export: OK
.lake/packages/mathlib/.lake/build/ir/Mathlib/Topology/ContinuousMap/Compact.c: OK
.lake/packages/mathlib/.lake/build/lib/lean/Mathlib/Topology/ContinuousMap/Compact.olean: OK
.lake/packages/mathlib/.lake/build/ir/Mathlib/Topology/ContinuousMap/Defs.c.o.export: OK
.lake/packages/mathlib/.lake/build/ir/Mathlib/Topology/ContinuousMap/Defs.c: OK
.lake/packages/mathlib/.lake/build/lib/lean/Mathlib/Topology/ContinuousMap/Defs.olean: OK
.lake/packages/mathlib/.lake/build/ir/Mathlib/Topology/ContinuousMap/Star.c.o.export: OK
.lake/packages/mathlib/.lake/build/ir/Mathlib/Topology/ContinuousMap/Star.c: OK
.lake/packages/mathlib/.lake/build/lib/lean/Mathlib/Topology/ContinuousMap/Star.olean: OK
.lake/packages/mathlib/.lake/build/ir/Mathlib/Topology/ContinuousOn.c.o.export: OK
.lake/packages/mathlib/.lake/build/ir/Mathlib/Topology/ContinuousOn.c: OK
.lake/packages/mathlib/.lake/build/lib/lean/Mathlib/Topology/ContinuousOn.olean: OK
.lake/packages/mathlib/.lake/build/ir/Mathlib/Topology/Defs/Basic.c.o.export: OK
.lake/packages/mathlib/.lake/build/ir/Mathlib/Topology/Defs/Basic.c: OK
.lake/packages/mathlib/.lake/build/lib/lean/Mathlib/Topology/Defs/Basic.olean: OK
.lake/packages/mathlib/.lake/build/ir/Mathlib/Topology/Defs/Filter.c.o.export: OK
.lake/packages/mathlib/.lake/build/ir/Mathlib/Topology/Defs/Filter.c: OK
.lake/packages/mathlib/.lake/build/lib/lean/Mathlib/Topology/Defs/Filter.olean: OK
.lake/packages/mathlib/.lake/build/ir/Mathlib/Topology/Defs/Induced.c.o.export: OK
.lake/packages/mathlib/.lake/build/ir/Mathlib/Topology/Defs/Induced.c: OK
.lake/packages/mathlib/.lake/build/lib/lean/Mathlib/Topology/Defs/Induced.olean: OK
.lake/packages/mathlib/.lake/build/ir/Mathlib/Topology/Defs/Sequences.c.o.export: OK
.lake/packages/mathlib/.lake/build/ir/Mathlib/Topology/Defs/Sequences.c: OK
.lake/packages/mathlib/.lake/build/lib/lean/Mathlib/Topology/Defs/Sequences.olean: OK
.lake/packages/mathlib/.lake/build/ir/Mathlib/Topology/Defs/Ultrafilter.c.o.export: OK
.lake/packages/mathlib/.lake/build/ir/Mathlib/Topology/Defs/Ultrafilter.c: OK
.lake/packages/mathlib/.lake/build/lib/lean/Mathlib/Topology/Defs/Ultrafilter.olean: OK
.lake/packages/mathlib/.lake/build/ir/Mathlib/Topology/DenseEmbedding.c.o.export: OK
.lake/packages/mathlib/.lake/build/ir/Mathlib/Topology/DenseEmbedding.c: OK
.lake/packages/mathlib/.lake/build/lib/lean/Mathlib/Topology/DenseEmbedding.olean: OK
.lake/packages/mathlib/.lake/build/ir/Mathlib/Topology/DiscreteSubset.c.o.export: OK
.lake/packages/mathlib/.lake/build/ir/Mathlib/Topology/DiscreteSubset.c: OK
.lake/packages/mathlib/.lake/build/lib/lean/Mathlib/Topology/DiscreteSubset.olean: OK
.lake/packages/mathlib/.lake/build/ir/Mathlib/Topology/EMetricSpace/Basic.c.o.export: OK
.lake/packages/mathlib/.lake/build/ir/Mathlib/Topology/EMetricSpace/Basic.c: OK
.lake/packages/mathlib/.lake/build/lib/lean/Mathlib/Topology/EMetricSpace/Basic.olean: OK
.lake/packages/mathlib/.lake/build/ir/Mathlib/Topology/EMetricSpace/Defs.c.o.export: OK
.lake/packages/mathlib/.lake/build/ir/Mathlib/Topology/EMetricSpace/Defs.c: OK
.lake/packages/mathlib/.lake/build/lib/lean/Mathlib/Topology/EMetricSpace/Defs.olean: OK
.lake/packages/mathlib/.lake/build/ir/Mathlib/Topology/EMetricSpace/Diam.c.o.export: OK
.lake/packages/mathlib/.lake/build/ir/Mathlib/Topology/EMetricSpace/Diam.c: OK
.lake/packages/mathlib/.lake/build/lib/lean/Mathlib/Topology/EMetricSpace/Diam.olean: OK
.lake/packages/mathlib/.lake/build/ir/Mathlib/Topology/EMetricSpace/Lipschitz.c.o.export: OK
.lake/packages/mathlib/.lake/build/ir/Mathlib/Topology/EMetricSpace/Lipschitz.c: OK
.lake/packages/mathlib/.lake/build/lib/lean/Mathlib/Topology/EMetricSpace/Lipschitz.olean: OK
.lake/packages/mathlib/.lake/build/ir/Mathlib/Topology/EMetricSpace/Pi.c.o.export: OK
.lake/packages/mathlib/.lake/build/ir/Mathlib/Topology/EMetricSpace/Pi.c: OK
.lake/packages/mathlib/.lake/build/lib/lean/Mathlib/Topology/EMetricSpace/Pi.olean: OK
.lake/packages/mathlib/.lake/build/ir/Mathlib/Topology/GDelta/Basic.c.o.export: OK
.lake/packages/mathlib/.lake/build/ir/Mathlib/Topology/GDelta/Basic.c: OK
.lake/packages/mathlib/.lake/build/lib/lean/Mathlib/Topology/GDelta/Basic.olean: OK
.lake/packages/mathlib/.lake/build/ir/Mathlib/Topology/Hom/ContinuousEval.c.o.export: OK
.lake/packages/mathlib/.lake/build/ir/Mathlib/Topology/Hom/ContinuousEval.c: OK
.lake/packages/mathlib/.lake/build/lib/lean/Mathlib/Topology/Hom/ContinuousEval.olean: OK
.lake/packages/mathlib/.lake/build/ir/Mathlib/Topology/Hom/ContinuousEvalConst.c.o.export: OK
.lake/packages/mathlib/.lake/build/ir/Mathlib/Topology/Hom/ContinuousEvalConst.c: OK
.lake/packages/mathlib/.lake/build/lib/lean/Mathlib/Topology/Hom/ContinuousEvalConst.olean: OK
.lake/packages/mathlib/.lake/build/ir/Mathlib/Topology/Homeomorph/Defs.c.o.export: OK
.lake/packages/mathlib/.lake/build/ir/Mathlib/Topology/Homeomorph/Defs.c: OK
.lake/packages/mathlib/.lake/build/lib/lean/Mathlib/Topology/Homeomorph/Defs.olean: OK
.lake/packages/mathlib/.lake/build/ir/Mathlib/Topology/Homeomorph/Lemmas.c.o.export: OK
.lake/packages/mathlib/.lake/build/ir/Mathlib/Topology/Homeomorph/Lemmas.c: OK
.lake/packages/mathlib/.lake/build/lib/lean/Mathlib/Topology/Homeomorph/Lemmas.olean: OK
.lake/packages/mathlib/.lake/build/ir/Mathlib/Topology/Inseparable.c.o.export: OK
.lake/packages/mathlib/.lake/build/ir/Mathlib/Topology/Inseparable.c: OK
.lake/packages/mathlib/.lake/build/lib/lean/Mathlib/Topology/Inseparable.olean: OK
.lake/packages/mathlib/.lake/build/ir/Mathlib/Topology/Instances/AddCircle/Defs.c.o.export: OK
.lake/packages/mathlib/.lake/build/ir/Mathlib/Topology/Instances/AddCircle/Defs.c: OK
.lake/packages/mathlib/.lake/build/lib/lean/Mathlib/Topology/Instances/AddCircle/Defs.olean: OK
.lake/packages/mathlib/.lake/build/ir/Mathlib/Topology/Instances/AddCircle/Real.c.o.export: OK
.lake/packages/mathlib/.lake/build/ir/Mathlib/Topology/Instances/AddCircle/Real.c: OK
.lake/packages/mathlib/.lake/build/lib/lean/Mathlib/Topology/Instances/AddCircle/Real.olean: OK
.lake/packages/mathlib/.lake/build/ir/Mathlib/Topology/Instances/Discrete.c.o.export: OK
.lake/packages/mathlib/.lake/build/ir/Mathlib/Topology/Instances/Discrete.c: OK
.lake/packages/mathlib/.lake/build/lib/lean/Mathlib/Topology/Instances/Discrete.olean: OK
.lake/packages/mathlib/.lake/build/ir/Mathlib/Topology/Instances/ENNReal/Lemmas.c.o.export: OK
.lake/packages/mathlib/.lake/build/ir/Mathlib/Topology/Instances/ENNReal/Lemmas.c: OK
.lake/packages/mathlib/.lake/build/lib/lean/Mathlib/Topology/Instances/ENNReal/Lemmas.olean: OK
.lake/packages/mathlib/.lake/build/ir/Mathlib/Topology/Instances/EReal/Lemmas.c.o.export: OK
.lake/packages/mathlib/.lake/build/ir/Mathlib/Topology/Instances/EReal/Lemmas.c: OK
.lake/packages/mathlib/.lake/build/lib/lean/Mathlib/Topology/Instances/EReal/Lemmas.olean: OK
.lake/packages/mathlib/.lake/build/ir/Mathlib/Topology/Instances/Int.c.o.export: OK
.lake/packages/mathlib/.lake/build/ir/Mathlib/Topology/Instances/Int.c: OK
.lake/packages/mathlib/.lake/build/lib/lean/Mathlib/Topology/Instances/Int.olean: OK
.lake/packages/mathlib/.lake/build/ir/Mathlib/Topology/Instances/NNReal/Lemmas.c.o.export: OK
.lake/packages/mathlib/.lake/build/ir/Mathlib/Topology/Instances/NNReal/Lemmas.c: OK
.lake/packages/mathlib/.lake/build/lib/lean/Mathlib/Topology/Instances/NNReal/Lemmas.olean: OK
.lake/packages/mathlib/.lake/build/ir/Mathlib/Topology/Instances/Nat.c.o.export: OK
.lake/packages/mathlib/.lake/build/ir/Mathlib/Topology/Instances/Nat.c: OK
.lake/packages/mathlib/.lake/build/lib/lean/Mathlib/Topology/Instances/Nat.olean: OK
.lake/packages/mathlib/.lake/build/ir/Mathlib/Topology/Instances/Rat.c.o.export: OK
.lake/packages/mathlib/.lake/build/ir/Mathlib/Topology/Instances/Rat.c: OK
.lake/packages/mathlib/.lake/build/lib/lean/Mathlib/Topology/Instances/Rat.olean: OK
.lake/packages/mathlib/.lake/build/ir/Mathlib/Topology/Instances/RealVectorSpace.c.o.export: OK
.lake/packages/mathlib/.lake/build/ir/Mathlib/Topology/Instances/RealVectorSpace.c: OK
.lake/packages/mathlib/.lake/build/lib/lean/Mathlib/Topology/Instances/RealVectorSpace.olean: OK
.lake/packages/mathlib/.lake/build/ir/Mathlib/Topology/Instances/Sign.c.o.export: OK
.lake/packages/mathlib/.lake/build/ir/Mathlib/Topology/Instances/Sign.c: OK
.lake/packages/mathlib/.lake/build/lib/lean/Mathlib/Topology/Instances/Sign.olean: OK
.lake/packages/mathlib/.lake/build/ir/Mathlib/Topology/Instances/ZMultiples.c.o.export: OK
.lake/packages/mathlib/.lake/build/ir/Mathlib/Topology/Instances/ZMultiples.c: OK
.lake/packages/mathlib/.lake/build/lib/lean/Mathlib/Topology/Instances/ZMultiples.olean: OK
.lake/packages/mathlib/.lake/build/ir/Mathlib/Topology/Irreducible.c.o.export: OK
.lake/packages/mathlib/.lake/build/ir/Mathlib/Topology/Irreducible.c: OK
.lake/packages/mathlib/.lake/build/lib/lean/Mathlib/Topology/Irreducible.olean: OK
.lake/packages/mathlib/.lake/build/ir/Mathlib/Topology/KrullDimension.c.o.export: OK
.lake/packages/mathlib/.lake/build/ir/Mathlib/Topology/KrullDimension.c: OK
.lake/packages/mathlib/.lake/build/lib/lean/Mathlib/Topology/KrullDimension.olean: OK
.lake/packages/mathlib/.lake/build/ir/Mathlib/Topology/LocalAtTarget.c.o.export: OK
.lake/packages/mathlib/.lake/build/ir/Mathlib/Topology/LocalAtTarget.c: OK
.lake/packages/mathlib/.lake/build/lib/lean/Mathlib/Topology/LocalAtTarget.olean: OK
.lake/packages/mathlib/.lake/build/ir/Mathlib/Topology/LocallyClosed.c.o.export: OK
.lake/packages/mathlib/.lake/build/ir/Mathlib/Topology/LocallyClosed.c: OK
.lake/packages/mathlib/.lake/build/lib/lean/Mathlib/Topology/LocallyClosed.olean: OK
.lake/packages/mathlib/.lake/build/ir/Mathlib/Topology/LocallyFinite.c.o.export: OK
.lake/packages/mathlib/.lake/build/ir/Mathlib/Topology/LocallyFinite.c: OK
.lake/packages/mathlib/.lake/build/lib/lean/Mathlib/Topology/LocallyFinite.olean: OK
.lake/packages/mathlib/.lake/build/ir/Mathlib/Topology/Maps/Basic.c.o.export: OK
.lake/packages/mathlib/.lake/build/ir/Mathlib/Topology/Maps/Basic.c: OK
.lake/packages/mathlib/.lake/build/lib/lean/Mathlib/Topology/Maps/Basic.olean: OK
.lake/packages/mathlib/.lake/build/ir/Mathlib/Topology/Maps/OpenQuotient.c.o.export: OK
.lake/packages/mathlib/.lake/build/ir/Mathlib/Topology/Maps/OpenQuotient.c: OK
.lake/packages/mathlib/.lake/build/lib/lean/Mathlib/Topology/Maps/OpenQuotient.olean: OK
.lake/packages/mathlib/.lake/build/ir/Mathlib/Topology/Maps/Proper/Basic.c.o.export: OK
.lake/packages/mathlib/.lake/build/ir/Mathlib/Topology/Maps/Proper/Basic.c: OK
.lake/packages/mathlib/.lake/build/lib/lean/Mathlib/Topology/Maps/Proper/Basic.olean: OK
.lake/packages/mathlib/.lake/build/ir/Mathlib/Topology/Maps/Proper/CompactlyGenerated.c.o.export: OK
.lake/packages/mathlib/.lake/build/ir/Mathlib/Topology/Maps/Proper/CompactlyGenerated.c: OK
.lake/packages/mathlib/.lake/build/lib/lean/Mathlib/Topology/Maps/Proper/CompactlyGenerated.olean: OK
.lake/packages/mathlib/.lake/build/ir/Mathlib/Topology/MetricSpace/Algebra.c.o.export: OK
.lake/packages/mathlib/.lake/build/ir/Mathlib/Topology/MetricSpace/Algebra.c: OK
.lake/packages/mathlib/.lake/build/lib/lean/Mathlib/Topology/MetricSpace/Algebra.olean: OK
.lake/packages/mathlib/.lake/build/ir/Mathlib/Topology/MetricSpace/Antilipschitz.c.o.export: OK
.lake/packages/mathlib/.lake/build/ir/Mathlib/Topology/MetricSpace/Antilipschitz.c: OK
.lake/packages/mathlib/.lake/build/lib/lean/Mathlib/Topology/MetricSpace/Antilipschitz.olean: OK
.lake/packages/mathlib/.lake/build/ir/Mathlib/Topology/MetricSpace/Basic.c.o.export: OK
.lake/packages/mathlib/.lake/build/ir/Mathlib/Topology/MetricSpace/Basic.c: OK
.lake/packages/mathlib/.lake/build/lib/lean/Mathlib/Topology/MetricSpace/Basic.olean: OK
.lake/packages/mathlib/.lake/build/ir/Mathlib/Topology/MetricSpace/Bounded.c.o.export: OK
.lake/packages/mathlib/.lake/build/ir/Mathlib/Topology/MetricSpace/Bounded.c: OK
.lake/packages/mathlib/.lake/build/lib/lean/Mathlib/Topology/MetricSpace/Bounded.olean: OK
.lake/packages/mathlib/.lake/build/ir/Mathlib/Topology/MetricSpace/Cauchy.c.o.export: OK
.lake/packages/mathlib/.lake/build/ir/Mathlib/Topology/MetricSpace/Cauchy.c: OK
.lake/packages/mathlib/.lake/build/lib/lean/Mathlib/Topology/MetricSpace/Cauchy.olean: OK
.lake/packages/mathlib/.lake/build/ir/Mathlib/Topology/MetricSpace/Contracting.c.o.export: OK
.lake/packages/mathlib/.lake/build/ir/Mathlib/Topology/MetricSpace/Contracting.c: OK
.lake/packages/mathlib/.lake/build/lib/lean/Mathlib/Topology/MetricSpace/Contracting.olean: OK
.lake/packages/mathlib/.lake/build/ir/Mathlib/Topology/MetricSpace/Defs.c.o.export: OK
.lake/packages/mathlib/.lake/build/ir/Mathlib/Topology/MetricSpace/Defs.c: OK
.lake/packages/mathlib/.lake/build/lib/lean/Mathlib/Topology/MetricSpace/Defs.olean: OK
.lake/packages/mathlib/.lake/build/ir/Mathlib/Topology/MetricSpace/Dilation.c.o.export: OK
.lake/packages/mathlib/.lake/build/ir/Mathlib/Topology/MetricSpace/Dilation.c: OK
.lake/packages/mathlib/.lake/build/lib/lean/Mathlib/Topology/MetricSpace/Dilation.olean: OK
.lake/packages/mathlib/.lake/build/ir/Mathlib/Topology/MetricSpace/DilationEquiv.c.o.export: OK
.lake/packages/mathlib/.lake/build/ir/Mathlib/Topology/MetricSpace/DilationEquiv.c: OK
.lake/packages/mathlib/.lake/build/lib/lean/Mathlib/Topology/MetricSpace/DilationEquiv.olean: OK
.lake/packages/mathlib/.lake/build/ir/Mathlib/Topology/MetricSpace/Equicontinuity.c.o.export: OK
.lake/packages/mathlib/.lake/build/ir/Mathlib/Topology/MetricSpace/Equicontinuity.c: OK
.lake/packages/mathlib/.lake/build/lib/lean/Mathlib/Topology/MetricSpace/Equicontinuity.olean: OK
.lake/packages/mathlib/.lake/build/ir/Mathlib/Topology/MetricSpace/HausdorffDistance.c.o.export: OK
.lake/packages/mathlib/.lake/build/ir/Mathlib/Topology/MetricSpace/HausdorffDistance.c: OK
.lake/packages/mathlib/.lake/build/lib/lean/Mathlib/Topology/MetricSpace/HausdorffDistance.olean: OK
.lake/packages/mathlib/.lake/build/ir/Mathlib/Topology/MetricSpace/IsometricSMul.c.o.export: OK
.lake/packages/mathlib/.lake/build/ir/Mathlib/Topology/MetricSpace/IsometricSMul.c: OK
.lake/packages/mathlib/.lake/build/lib/lean/Mathlib/Topology/MetricSpace/IsometricSMul.olean: OK
.lake/packages/mathlib/.lake/build/ir/Mathlib/Topology/MetricSpace/Isometry.c.o.export: OK
.lake/packages/mathlib/.lake/build/ir/Mathlib/Topology/MetricSpace/Isometry.c: OK
.lake/packages/mathlib/.lake/build/lib/lean/Mathlib/Topology/MetricSpace/Isometry.olean: OK
.lake/packages/mathlib/.lake/build/ir/Mathlib/Topology/MetricSpace/Lipschitz.c.o.export: OK
.lake/packages/mathlib/.lake/build/ir/Mathlib/Topology/MetricSpace/Lipschitz.c: OK
.lake/packages/mathlib/.lake/build/lib/lean/Mathlib/Topology/MetricSpace/Lipschitz.olean: OK
.lake/packages/mathlib/.lake/build/ir/Mathlib/Topology/MetricSpace/PiNat.c.o.export: OK
.lake/packages/mathlib/.lake/build/ir/Mathlib/Topology/MetricSpace/PiNat.c: OK
.lake/packages/mathlib/.lake/build/lib/lean/Mathlib/Topology/MetricSpace/PiNat.olean: OK
.lake/packages/mathlib/.lake/build/ir/Mathlib/Topology/MetricSpace/ProperSpace.c.o.export: OK
.lake/packages/mathlib/.lake/build/ir/Mathlib/Topology/MetricSpace/ProperSpace.c: OK
.lake/packages/mathlib/.lake/build/lib/lean/Mathlib/Topology/MetricSpace/ProperSpace.olean: OK
.lake/packages/mathlib/.lake/build/ir/Mathlib/Topology/MetricSpace/ProperSpace/Real.c.o.export: OK
.lake/packages/mathlib/.lake/build/ir/Mathlib/Topology/MetricSpace/ProperSpace/Real.c: OK
.lake/packages/mathlib/.lake/build/lib/lean/Mathlib/Topology/MetricSpace/ProperSpace/Real.olean: OK
.lake/packages/mathlib/.lake/build/ir/Mathlib/Topology/MetricSpace/Pseudo/Basic.c.o.export: OK
.lake/packages/mathlib/.lake/build/ir/Mathlib/Topology/MetricSpace/Pseudo/Basic.c: OK
.lake/packages/mathlib/.lake/build/lib/lean/Mathlib/Topology/MetricSpace/Pseudo/Basic.olean: OK
.lake/packages/mathlib/.lake/build/ir/Mathlib/Topology/MetricSpace/Pseudo/Constructions.c.o.export: OK
.lake/packages/mathlib/.lake/build/ir/Mathlib/Topology/MetricSpace/Pseudo/Constructions.c: OK
.lake/packages/mathlib/.lake/build/lib/lean/Mathlib/Topology/MetricSpace/Pseudo/Constructions.olean: OK
.lake/packages/mathlib/.lake/build/ir/Mathlib/Topology/MetricSpace/Pseudo/Defs.c.o.export: OK
.lake/packages/mathlib/.lake/build/ir/Mathlib/Topology/MetricSpace/Pseudo/Defs.c: OK
.lake/packages/mathlib/.lake/build/lib/lean/Mathlib/Topology/MetricSpace/Pseudo/Defs.olean: OK
.lake/packages/mathlib/.lake/build/ir/Mathlib/Topology/MetricSpace/Pseudo/Lemmas.c.o.export: OK
.lake/packages/mathlib/.lake/build/ir/Mathlib/Topology/MetricSpace/Pseudo/Lemmas.c: OK
.lake/packages/mathlib/.lake/build/lib/lean/Mathlib/Topology/MetricSpace/Pseudo/Lemmas.olean: OK
.lake/packages/mathlib/.lake/build/ir/Mathlib/Topology/MetricSpace/Pseudo/Pi.c.o.export: OK
.lake/packages/mathlib/.lake/build/ir/Mathlib/Topology/MetricSpace/Pseudo/Pi.c: OK
.lake/packages/mathlib/.lake/build/lib/lean/Mathlib/Topology/MetricSpace/Pseudo/Pi.olean: OK
.lake/packages/mathlib/.lake/build/ir/Mathlib/Topology/MetricSpace/Pseudo/Real.c.o.export: OK
.lake/packages/mathlib/.lake/build/ir/Mathlib/Topology/MetricSpace/Pseudo/Real.c: OK
.lake/packages/mathlib/.lake/build/lib/lean/Mathlib/Topology/MetricSpace/Pseudo/Real.olean: OK
.lake/packages/mathlib/.lake/build/ir/Mathlib/Topology/MetricSpace/Thickening.c.o.export: OK
.lake/packages/mathlib/.lake/build/ir/Mathlib/Topology/MetricSpace/Thickening.c: OK
.lake/packages/mathlib/.lake/build/lib/lean/Mathlib/Topology/MetricSpace/Thickening.olean: OK
.lake/packages/mathlib/.lake/build/ir/Mathlib/Topology/MetricSpace/UniformConvergence.c.o.export: OK
.lake/packages/mathlib/.lake/build/ir/Mathlib/Topology/MetricSpace/UniformConvergence.c: OK
.lake/packages/mathlib/.lake/build/lib/lean/Mathlib/Topology/MetricSpace/UniformConvergence.olean: OK
.lake/packages/mathlib/.lake/build/ir/Mathlib/Topology/Metrizable/Basic.c.o.export: OK
.lake/packages/mathlib/.lake/build/ir/Mathlib/Topology/Metrizable/Basic.c: OK
.lake/packages/mathlib/.lake/build/lib/lean/Mathlib/Topology/Metrizable/Basic.olean: OK
.lake/packages/mathlib/.lake/build/ir/Mathlib/Topology/Metrizable/Uniformity.c.o.export: OK
.lake/packages/mathlib/.lake/build/ir/Mathlib/Topology/Metrizable/Uniformity.c: OK
.lake/packages/mathlib/.lake/build/lib/lean/Mathlib/Topology/Metrizable/Uniformity.olean: OK
.lake/packages/mathlib/.lake/build/ir/Mathlib/Topology/Neighborhoods.c.o.export: OK
.lake/packages/mathlib/.lake/build/ir/Mathlib/Topology/Neighborhoods.c: OK
.lake/packages/mathlib/.lake/build/lib/lean/Mathlib/Topology/Neighborhoods.olean: OK
.lake/packages/mathlib/.lake/build/ir/Mathlib/Topology/NhdsKer.c.o.export: OK
.lake/packages/mathlib/.lake/build/ir/Mathlib/Topology/NhdsKer.c: OK
.lake/packages/mathlib/.lake/build/lib/lean/Mathlib/Topology/NhdsKer.olean: OK
.lake/packages/mathlib/.lake/build/ir/Mathlib/Topology/NhdsSet.c.o.export: OK
.lake/packages/mathlib/.lake/build/ir/Mathlib/Topology/NhdsSet.c: OK
.lake/packages/mathlib/.lake/build/lib/lean/Mathlib/Topology/NhdsSet.olean: OK
.lake/packages/mathlib/.lake/build/ir/Mathlib/Topology/NhdsWithin.c.o.export: OK
.lake/packages/mathlib/.lake/build/ir/Mathlib/Topology/NhdsWithin.c: OK
.lake/packages/mathlib/.lake/build/lib/lean/Mathlib/Topology/NhdsWithin.olean: OK
.lake/packages/mathlib/.lake/build/ir/Mathlib/Topology/NoetherianSpace.c.o.export: OK
.lake/packages/mathlib/.lake/build/ir/Mathlib/Topology/NoetherianSpace.c: OK
.lake/packages/mathlib/.lake/build/lib/lean/Mathlib/Topology/NoetherianSpace.olean: OK
.lake/packages/mathlib/.lake/build/ir/Mathlib/Topology/OpenPartialHomeomorph/Basic.c.o.export: OK
.lake/packages/mathlib/.lake/build/ir/Mathlib/Topology/OpenPartialHomeomorph/Basic.c: OK
.lake/packages/mathlib/.lake/build/lib/lean/Mathlib/Topology/OpenPartialHomeomorph/Basic.olean: OK
.lake/packages/mathlib/.lake/build/ir/Mathlib/Topology/OpenPartialHomeomorph/Continuity.c.o.export: OK
.lake/packages/mathlib/.lake/build/ir/Mathlib/Topology/OpenPartialHomeomorph/Continuity.c: OK
.lake/packages/mathlib/.lake/build/lib/lean/Mathlib/Topology/OpenPartialHomeomorph/Continuity.olean: OK
.lake/packages/mathlib/.lake/build/ir/Mathlib/Topology/OpenPartialHomeomorph/Defs.c.o.export: OK
.lake/packages/mathlib/.lake/build/ir/Mathlib/Topology/OpenPartialHomeomorph/Defs.c: OK
.lake/packages/mathlib/.lake/build/lib/lean/Mathlib/Topology/OpenPartialHomeomorph/Defs.olean: OK
.lake/packages/mathlib/.lake/build/ir/Mathlib/Topology/Order.c.o.export: OK
.lake/packages/mathlib/.lake/build/ir/Mathlib/Topology/Order.c: OK
.lake/packages/mathlib/.lake/build/lib/lean/Mathlib/Topology/Order.olean: OK
.lake/packages/mathlib/.lake/build/ir/Mathlib/Topology/Order/AtTopBotIxx.c.o.export: OK
.lake/packages/mathlib/.lake/build/ir/Mathlib/Topology/Order/AtTopBotIxx.c: OK
.lake/packages/mathlib/.lake/build/lib/lean/Mathlib/Topology/Order/AtTopBotIxx.olean: OK
.lake/packages/mathlib/.lake/build/ir/Mathlib/Topology/Order/Basic.c.o.export: OK
.lake/packages/mathlib/.lake/build/ir/Mathlib/Topology/Order/Basic.c: OK
.lake/packages/mathlib/.lake/build/lib/lean/Mathlib/Topology/Order/Basic.olean: OK
.lake/packages/mathlib/.lake/build/ir/Mathlib/Topology/Order/Bornology.c.o.export: OK
.lake/packages/mathlib/.lake/build/ir/Mathlib/Topology/Order/Bornology.c: OK
.lake/packages/mathlib/.lake/build/lib/lean/Mathlib/Topology/Order/Bornology.olean: OK
.lake/packages/mathlib/.lake/build/ir/Mathlib/Topology/Order/Compact.c.o.export: OK
.lake/packages/mathlib/.lake/build/ir/Mathlib/Topology/Order/Compact.c: OK
.lake/packages/mathlib/.lake/build/lib/lean/Mathlib/Topology/Order/Compact.olean: OK
.lake/packages/mathlib/.lake/build/ir/Mathlib/Topology/Order/DenselyOrdered.c.o.export: OK
.lake/packages/mathlib/.lake/build/ir/Mathlib/Topology/Order/DenselyOrdered.c: OK
.lake/packages/mathlib/.lake/build/lib/lean/Mathlib/Topology/Order/DenselyOrdered.olean: OK
.lake/packages/mathlib/.lake/build/ir/Mathlib/Topology/Order/IntermediateValue.c.o.export: OK
.lake/packages/mathlib/.lake/build/ir/Mathlib/Topology/Order/IntermediateValue.c: OK
.lake/packages/mathlib/.lake/build/lib/lean/Mathlib/Topology/Order/IntermediateValue.olean: OK
.lake/packages/mathlib/.lake/build/ir/Mathlib/Topology/Order/IsLUB.c.o.export: OK
.lake/packages/mathlib/.lake/build/ir/Mathlib/Topology/Order/IsLUB.c: OK
.lake/packages/mathlib/.lake/build/lib/lean/Mathlib/Topology/Order/IsLUB.olean: OK
.lake/packages/mathlib/.lake/build/ir/Mathlib/Topology/Order/Lattice.c.o.export: OK
.lake/packages/mathlib/.lake/build/ir/Mathlib/Topology/Order/Lattice.c: OK
.lake/packages/mathlib/.lake/build/lib/lean/Mathlib/Topology/Order/Lattice.olean: OK
.lake/packages/mathlib/.lake/build/ir/Mathlib/Topology/Order/LeftRight.c.o.export: OK
.lake/packages/mathlib/.lake/build/ir/Mathlib/Topology/Order/LeftRight.c: OK
.lake/packages/mathlib/.lake/build/lib/lean/Mathlib/Topology/Order/LeftRight.olean: OK
.lake/packages/mathlib/.lake/build/ir/Mathlib/Topology/Order/LeftRightNhds.c.o.export: OK
.lake/packages/mathlib/.lake/build/ir/Mathlib/Topology/Order/LeftRightNhds.c: OK
.lake/packages/mathlib/.lake/build/lib/lean/Mathlib/Topology/Order/LeftRightNhds.olean: OK
.lake/packages/mathlib/.lake/build/ir/Mathlib/Topology/Order/LiminfLimsup.c.o.export: OK
.lake/packages/mathlib/.lake/build/ir/Mathlib/Topology/Order/LiminfLimsup.c: OK
.lake/packages/mathlib/.lake/build/lib/lean/Mathlib/Topology/Order/LiminfLimsup.olean: OK
.lake/packages/mathlib/.lake/build/ir/Mathlib/Topology/Order/LocalExtr.c.o.export: OK
.lake/packages/mathlib/.lake/build/ir/Mathlib/Topology/Order/LocalExtr.c: OK
.lake/packages/mathlib/.lake/build/lib/lean/Mathlib/Topology/Order/LocalExtr.olean: OK
.lake/packages/mathlib/.lake/build/ir/Mathlib/Topology/Order/Monotone.c.o.export: OK
.lake/packages/mathlib/.lake/build/ir/Mathlib/Topology/Order/Monotone.c: OK
.lake/packages/mathlib/.lake/build/lib/lean/Mathlib/Topology/Order/Monotone.olean: OK
.lake/packages/mathlib/.lake/build/ir/Mathlib/Topology/Order/MonotoneContinuity.c.o.export: OK
.lake/packages/mathlib/.lake/build/ir/Mathlib/Topology/Order/MonotoneContinuity.c: OK
.lake/packages/mathlib/.lake/build/lib/lean/Mathlib/Topology/Order/MonotoneContinuity.olean: OK
.lake/packages/mathlib/.lake/build/ir/Mathlib/Topology/Order/MonotoneConvergence.c.o.export: OK
.lake/packages/mathlib/.lake/build/ir/Mathlib/Topology/Order/MonotoneConvergence.c: OK
.lake/packages/mathlib/.lake/build/lib/lean/Mathlib/Topology/Order/MonotoneConvergence.olean: OK
.lake/packages/mathlib/.lake/build/ir/Mathlib/Topology/Order/OrderClosed.c.o.export: OK
.lake/packages/mathlib/.lake/build/ir/Mathlib/Topology/Order/OrderClosed.c: OK
.lake/packages/mathlib/.lake/build/lib/lean/Mathlib/Topology/Order/OrderClosed.olean: OK
.lake/packages/mathlib/.lake/build/ir/Mathlib/Topology/Order/ProjIcc.c.o.export: OK
.lake/packages/mathlib/.lake/build/ir/Mathlib/Topology/Order/ProjIcc.c: OK
.lake/packages/mathlib/.lake/build/lib/lean/Mathlib/Topology/Order/ProjIcc.olean: OK
.lake/packages/mathlib/.lake/build/ir/Mathlib/Topology/Order/Real.c.o.export: OK
.lake/packages/mathlib/.lake/build/ir/Mathlib/Topology/Order/Real.c: OK
.lake/packages/mathlib/.lake/build/lib/lean/Mathlib/Topology/Order/Real.olean: OK
.lake/packages/mathlib/.lake/build/ir/Mathlib/Topology/Order/T5.c.o.export: OK
.lake/packages/mathlib/.lake/build/ir/Mathlib/Topology/Order/T5.c: OK
.lake/packages/mathlib/.lake/build/lib/lean/Mathlib/Topology/Order/T5.olean: OK
.lake/packages/mathlib/.lake/build/ir/Mathlib/Topology/Path.c.o.export: OK
.lake/packages/mathlib/.lake/build/ir/Mathlib/Topology/Path.c: OK
.lake/packages/mathlib/.lake/build/lib/lean/Mathlib/Topology/Path.olean: OK
.lake/packages/mathlib/.lake/build/ir/Mathlib/Topology/Piecewise.c.o.export: OK
.lake/packages/mathlib/.lake/build/ir/Mathlib/Topology/Piecewise.c: OK
.lake/packages/mathlib/.lake/build/lib/lean/Mathlib/Topology/Piecewise.olean: OK
.lake/packages/mathlib/.lake/build/ir/Mathlib/Topology/QuasiSeparated.c.o.export: OK
.lake/packages/mathlib/.lake/build/ir/Mathlib/Topology/QuasiSeparated.c: OK
.lake/packages/mathlib/.lake/build/lib/lean/Mathlib/Topology/QuasiSeparated.olean: OK
.lake/packages/mathlib/.lake/build/ir/Mathlib/Topology/Semicontinuity/Basic.c.o.export: OK
.lake/packages/mathlib/.lake/build/ir/Mathlib/Topology/Semicontinuity/Basic.c: OK
.lake/packages/mathlib/.lake/build/lib/lean/Mathlib/Topology/Semicontinuity/Basic.olean: OK
.lake/packages/mathlib/.lake/build/ir/Mathlib/Topology/Semicontinuity/Defs.c.o.export: OK
.lake/packages/mathlib/.lake/build/ir/Mathlib/Topology/Semicontinuity/Defs.c: OK
.lake/packages/mathlib/.lake/build/lib/lean/Mathlib/Topology/Semicontinuity/Defs.olean: OK
.lake/packages/mathlib/.lake/build/ir/Mathlib/Topology/Separation/Basic.c.o.export: OK
.lake/packages/mathlib/.lake/build/ir/Mathlib/Topology/Separation/Basic.c: OK
.lake/packages/mathlib/.lake/build/lib/lean/Mathlib/Topology/Separation/Basic.olean: OK
.lake/packages/mathlib/.lake/build/ir/Mathlib/Topology/Separation/Hausdorff.c.o.export: OK
.lake/packages/mathlib/.lake/build/ir/Mathlib/Topology/Separation/Hausdorff.c: OK
.lake/packages/mathlib/.lake/build/lib/lean/Mathlib/Topology/Separation/Hausdorff.olean: OK
.lake/packages/mathlib/.lake/build/ir/Mathlib/Topology/Separation/Regular.c.o.export: OK
.lake/packages/mathlib/.lake/build/ir/Mathlib/Topology/Separation/Regular.c: OK
.lake/packages/mathlib/.lake/build/lib/lean/Mathlib/Topology/Separation/Regular.olean: OK
.lake/packages/mathlib/.lake/build/ir/Mathlib/Topology/Separation/SeparatedNhds.c.o.export: OK
.lake/packages/mathlib/.lake/build/ir/Mathlib/Topology/Separation/SeparatedNhds.c: OK
.lake/packages/mathlib/.lake/build/lib/lean/Mathlib/Topology/Separation/SeparatedNhds.olean: OK
.lake/packages/mathlib/.lake/build/ir/Mathlib/Topology/Sequences.c.o.export: OK
.lake/packages/mathlib/.lake/build/ir/Mathlib/Topology/Sequences.c: OK
.lake/packages/mathlib/.lake/build/lib/lean/Mathlib/Topology/Sequences.olean: OK
.lake/packages/mathlib/.lake/build/ir/Mathlib/Topology/Sets/Closeds.c.o.export: OK
.lake/packages/mathlib/.lake/build/ir/Mathlib/Topology/Sets/Closeds.c: OK
.lake/packages/mathlib/.lake/build/lib/lean/Mathlib/Topology/Sets/Closeds.olean: OK
.lake/packages/mathlib/.lake/build/ir/Mathlib/Topology/Sets/Compacts.c.o.export: OK
.lake/packages/mathlib/.lake/build/ir/Mathlib/Topology/Sets/Compacts.c: OK
.lake/packages/mathlib/.lake/build/lib/lean/Mathlib/Topology/Sets/Compacts.olean: OK
.lake/packages/mathlib/.lake/build/ir/Mathlib/Topology/Sets/OpenCover.c.o.export: OK
.lake/packages/mathlib/.lake/build/ir/Mathlib/Topology/Sets/OpenCover.c: OK
.lake/packages/mathlib/.lake/build/lib/lean/Mathlib/Topology/Sets/OpenCover.olean: OK
.lake/packages/mathlib/.lake/build/ir/Mathlib/Topology/Sets/Opens.c.o.export: OK
.lake/packages/mathlib/.lake/build/ir/Mathlib/Topology/Sets/Opens.c: OK
.lake/packages/mathlib/.lake/build/lib/lean/Mathlib/Topology/Sets/Opens.olean: OK
.lake/packages/mathlib/.lake/build/ir/Mathlib/Topology/Sober.c.o.export: OK
.lake/packages/mathlib/.lake/build/ir/Mathlib/Topology/Sober.c: OK
.lake/packages/mathlib/.lake/build/lib/lean/Mathlib/Topology/Sober.olean: OK
.lake/packages/mathlib/.lake/build/ir/Mathlib/Topology/Spectral/Basic.c.o.export: OK
.lake/packages/mathlib/.lake/build/ir/Mathlib/Topology/Spectral/Basic.c: OK
.lake/packages/mathlib/.lake/build/lib/lean/Mathlib/Topology/Spectral/Basic.olean: OK
.lake/packages/mathlib/.lake/build/ir/Mathlib/Topology/Spectral/Hom.c.o.export: OK
.lake/packages/mathlib/.lake/build/ir/Mathlib/Topology/Spectral/Hom.c: OK
.lake/packages/mathlib/.lake/build/lib/lean/Mathlib/Topology/Spectral/Hom.olean: OK
.lake/packages/mathlib/.lake/build/ir/Mathlib/Topology/Spectral/Prespectral.c.o.export: OK
.lake/packages/mathlib/.lake/build/ir/Mathlib/Topology/Spectral/Prespectral.c: OK
.lake/packages/mathlib/.lake/build/lib/lean/Mathlib/Topology/Spectral/Prespectral.olean: OK
.lake/packages/mathlib/.lake/build/ir/Mathlib/Topology/Ultrafilter.c.o.export: OK
.lake/packages/mathlib/.lake/build/ir/Mathlib/Topology/Ultrafilter.c: OK
.lake/packages/mathlib/.lake/build/lib/lean/Mathlib/Topology/Ultrafilter.olean: OK
.lake/packages/mathlib/.lake/build/ir/Mathlib/Topology/UniformSpace/AbstractCompletion.c.o.export: OK
.lake/packages/mathlib/.lake/build/ir/Mathlib/Topology/UniformSpace/AbstractCompletion.c: OK
.lake/packages/mathlib/.lake/build/lib/lean/Mathlib/Topology/UniformSpace/AbstractCompletion.olean: OK
.lake/packages/mathlib/.lake/build/ir/Mathlib/Topology/UniformSpace/Basic.c.o.export: OK
.lake/packages/mathlib/.lake/build/ir/Mathlib/Topology/UniformSpace/Basic.c: OK
.lake/packages/mathlib/.lake/build/lib/lean/Mathlib/Topology/UniformSpace/Basic.olean: OK
.lake/packages/mathlib/.lake/build/ir/Mathlib/Topology/UniformSpace/Cauchy.c.o.export: OK
.lake/packages/mathlib/.lake/build/ir/Mathlib/Topology/UniformSpace/Cauchy.c: OK
.lake/packages/mathlib/.lake/build/lib/lean/Mathlib/Topology/UniformSpace/Cauchy.olean: OK
.lake/packages/mathlib/.lake/build/ir/Mathlib/Topology/UniformSpace/Compact.c.o.export: OK
.lake/packages/mathlib/.lake/build/ir/Mathlib/Topology/UniformSpace/Compact.c: OK
.lake/packages/mathlib/.lake/build/lib/lean/Mathlib/Topology/UniformSpace/Compact.olean: OK
.lake/packages/mathlib/.lake/build/ir/Mathlib/Topology/UniformSpace/CompactConvergence.c.o.export: OK
.lake/packages/mathlib/.lake/build/ir/Mathlib/Topology/UniformSpace/CompactConvergence.c: OK
.lake/packages/mathlib/.lake/build/lib/lean/Mathlib/Topology/UniformSpace/CompactConvergence.olean: OK
.lake/packages/mathlib/.lake/build/ir/Mathlib/Topology/UniformSpace/CompleteSeparated.c.o.export: OK
.lake/packages/mathlib/.lake/build/ir/Mathlib/Topology/UniformSpace/CompleteSeparated.c: OK
.lake/packages/mathlib/.lake/build/lib/lean/Mathlib/Topology/UniformSpace/CompleteSeparated.olean: OK
.lake/packages/mathlib/.lake/build/ir/Mathlib/Topology/UniformSpace/Completion.c.o.export: OK
.lake/packages/mathlib/.lake/build/ir/Mathlib/Topology/UniformSpace/Completion.c: OK
.lake/packages/mathlib/.lake/build/lib/lean/Mathlib/Topology/UniformSpace/Completion.olean: OK
.lake/packages/mathlib/.lake/build/ir/Mathlib/Topology/UniformSpace/Defs.c.o.export: OK
.lake/packages/mathlib/.lake/build/ir/Mathlib/Topology/UniformSpace/Defs.c: OK
.lake/packages/mathlib/.lake/build/lib/lean/Mathlib/Topology/UniformSpace/Defs.olean: OK
.lake/packages/mathlib/.lake/build/ir/Mathlib/Topology/UniformSpace/DiscreteUniformity.c.o.export: OK
.lake/packages/mathlib/.lake/build/ir/Mathlib/Topology/UniformSpace/DiscreteUniformity.c: OK
.lake/packages/mathlib/.lake/build/lib/lean/Mathlib/Topology/UniformSpace/DiscreteUniformity.olean: OK
.lake/packages/mathlib/.lake/build/ir/Mathlib/Topology/UniformSpace/Equicontinuity.c.o.export: OK
.lake/packages/mathlib/.lake/build/ir/Mathlib/Topology/UniformSpace/Equicontinuity.c: OK
.lake/packages/mathlib/.lake/build/lib/lean/Mathlib/Topology/UniformSpace/Equicontinuity.olean: OK
.lake/packages/mathlib/.lake/build/ir/Mathlib/Topology/UniformSpace/Equiv.c.o.export: OK
.lake/packages/mathlib/.lake/build/ir/Mathlib/Topology/UniformSpace/Equiv.c: OK
.lake/packages/mathlib/.lake/build/lib/lean/Mathlib/Topology/UniformSpace/Equiv.olean: OK
.lake/packages/mathlib/.lake/build/ir/Mathlib/Topology/UniformSpace/HeineCantor.c.o.export: OK
.lake/packages/mathlib/.lake/build/ir/Mathlib/Topology/UniformSpace/HeineCantor.c: OK
.lake/packages/mathlib/.lake/build/lib/lean/Mathlib/Topology/UniformSpace/HeineCantor.olean: OK
.lake/packages/mathlib/.lake/build/ir/Mathlib/Topology/UniformSpace/LocallyUniformConvergence.c.o.export: OK
.lake/packages/mathlib/.lake/build/ir/Mathlib/Topology/UniformSpace/LocallyUniformConvergence.c: OK
.lake/packages/mathlib/.lake/build/lib/lean/Mathlib/Topology/UniformSpace/LocallyUniformConvergence.olean: OK
.lake/packages/mathlib/.lake/build/ir/Mathlib/Topology/UniformSpace/OfFun.c.o.export: OK
.lake/packages/mathlib/.lake/build/ir/Mathlib/Topology/UniformSpace/OfFun.c: OK
.lake/packages/mathlib/.lake/build/lib/lean/Mathlib/Topology/UniformSpace/OfFun.olean: OK
.lake/packages/mathlib/.lake/build/ir/Mathlib/Topology/UniformSpace/Pi.c.o.export: OK
.lake/packages/mathlib/.lake/build/ir/Mathlib/Topology/UniformSpace/Pi.c: OK
.lake/packages/mathlib/.lake/build/lib/lean/Mathlib/Topology/UniformSpace/Pi.olean: OK
.lake/packages/mathlib/.lake/build/ir/Mathlib/Topology/UniformSpace/Real.c.o.export: OK
.lake/packages/mathlib/.lake/build/ir/Mathlib/Topology/UniformSpace/Real.c: OK
.lake/packages/mathlib/.lake/build/lib/lean/Mathlib/Topology/UniformSpace/Real.olean: OK
.lake/packages/mathlib/.lake/build/ir/Mathlib/Topology/UniformSpace/Separation.c.o.export: OK
.lake/packages/mathlib/.lake/build/ir/Mathlib/Topology/UniformSpace/Separation.c: OK
.lake/packages/mathlib/.lake/build/lib/lean/Mathlib/Topology/UniformSpace/Separation.olean: OK
.lake/packages/mathlib/.lake/build/ir/Mathlib/Topology/UniformSpace/UniformApproximation.c.o.export: OK
.lake/packages/mathlib/.lake/build/ir/Mathlib/Topology/UniformSpace/UniformApproximation.c: OK
.lake/packages/mathlib/.lake/build/lib/lean/Mathlib/Topology/UniformSpace/UniformApproximation.olean: OK
.lake/packages/mathlib/.lake/build/ir/Mathlib/Topology/UniformSpace/UniformConvergence.c.o.export: OK
.lake/packages/mathlib/.lake/build/ir/Mathlib/Topology/UniformSpace/UniformConvergence.c: OK
.lake/packages/mathlib/.lake/build/lib/lean/Mathlib/Topology/UniformSpace/UniformConvergence.olean: OK
.lake/packages/mathlib/.lake/build/ir/Mathlib/Topology/UniformSpace/UniformConvergenceTopology.c.o.export: OK
.lake/packages/mathlib/.lake/build/ir/Mathlib/Topology/UniformSpace/UniformConvergenceTopology.c: OK
.lake/packages/mathlib/.lake/build/lib/lean/Mathlib/Topology/UniformSpace/UniformConvergenceTopology.olean: OK
.lake/packages/mathlib/.lake/build/ir/Mathlib/Topology/UniformSpace/UniformEmbedding.c.o.export: OK
.lake/packages/mathlib/.lake/build/ir/Mathlib/Topology/UniformSpace/UniformEmbedding.c: OK
.lake/packages/mathlib/.lake/build/lib/lean/Mathlib/Topology/UniformSpace/UniformEmbedding.olean: OK
.lake/packages/mathlib/.lake/build/ir/Mathlib/Topology/UnitInterval.c.o.export: OK
.lake/packages/mathlib/.lake/build/ir/Mathlib/Topology/UnitInterval.c: OK
.lake/packages/mathlib/.lake/build/lib/lean/Mathlib/Topology/UnitInterval.olean: OK
.lake/packages/mathlib/.lake/build/ir/Mathlib/Topology/WithTopology.c.o.export: OK
.lake/packages/mathlib/.lake/build/ir/Mathlib/Topology/WithTopology.c: OK
.lake/packages/mathlib/.lake/build/lib/lean/Mathlib/Topology/WithTopology.olean: OK
.lake/packages/mathlib/.lake/build/ir/Mathlib/Util/AddRelatedDecl.c.o.export: OK
.lake/packages/mathlib/.lake/build/ir/Mathlib/Util/AddRelatedDecl.c: OK
.lake/packages/mathlib/.lake/build/lib/lean/Mathlib/Util/AddRelatedDecl.olean: OK
.lake/packages/mathlib/.lake/build/ir/Mathlib/Util/AtLocation.c.o.export: OK
.lake/packages/mathlib/.lake/build/ir/Mathlib/Util/AtLocation.c: OK
.lake/packages/mathlib/.lake/build/lib/lean/Mathlib/Util/AtLocation.olean: OK
.lake/packages/mathlib/.lake/build/ir/Mathlib/Util/AtomM.c.o.export: OK
.lake/packages/mathlib/.lake/build/ir/Mathlib/Util/AtomM.c: OK
.lake/packages/mathlib/.lake/build/lib/lean/Mathlib/Util/AtomM.olean: OK
.lake/packages/mathlib/.lake/build/ir/Mathlib/Util/AtomM/Recurse.c.o.export: OK
.lake/packages/mathlib/.lake/build/ir/Mathlib/Util/AtomM/Recurse.c: OK
.lake/packages/mathlib/.lake/build/lib/lean/Mathlib/Util/AtomM/Recurse.olean: OK
.lake/packages/mathlib/.lake/build/ir/Mathlib/Util/CompileInductive.c.o.export: OK
.lake/packages/mathlib/.lake/build/ir/Mathlib/Util/CompileInductive.c: OK
.lake/packages/mathlib/.lake/build/lib/lean/Mathlib/Util/CompileInductive.olean: OK
.lake/packages/mathlib/.lake/build/ir/Mathlib/Util/CountHeartbeats.c.o.export: OK
.lake/packages/mathlib/.lake/build/ir/Mathlib/Util/CountHeartbeats.c: OK
.lake/packages/mathlib/.lake/build/lib/lean/Mathlib/Util/CountHeartbeats.olean: OK
.lake/packages/mathlib/.lake/build/ir/Mathlib/Util/DelabNonCanonical.c.o.export: OK
.lake/packages/mathlib/.lake/build/ir/Mathlib/Util/DelabNonCanonical.c: OK
.lake/packages/mathlib/.lake/build/lib/lean/Mathlib/Util/DelabNonCanonical.olean: OK
.lake/packages/mathlib/.lake/build/ir/Mathlib/Util/Delaborators.c.o.export: OK
.lake/packages/mathlib/.lake/build/ir/Mathlib/Util/Delaborators.c: OK
.lake/packages/mathlib/.lake/build/lib/lean/Mathlib/Util/Delaborators.olean: OK
.lake/packages/mathlib/.lake/build/ir/Mathlib/Util/DischargerAsTactic.c.o.export: OK
.lake/packages/mathlib/.lake/build/ir/Mathlib/Util/DischargerAsTactic.c: OK
.lake/packages/mathlib/.lake/build/lib/lean/Mathlib/Util/DischargerAsTactic.olean: OK
.lake/packages/mathlib/.lake/build/ir/Mathlib/Util/ElabWithoutMVars.c.o.export: OK
.lake/packages/mathlib/.lake/build/ir/Mathlib/Util/ElabWithoutMVars.c: OK
.lake/packages/mathlib/.lake/build/lib/lean/Mathlib/Util/ElabWithoutMVars.olean: OK
.lake/packages/mathlib/.lake/build/ir/Mathlib/Util/Notation3.c.o.export: OK
.lake/packages/mathlib/.lake/build/ir/Mathlib/Util/Notation3.c: OK
.lake/packages/mathlib/.lake/build/lib/lean/Mathlib/Util/Notation3.olean: OK
.lake/packages/mathlib/.lake/build/ir/Mathlib/Util/PPOptions.c.o.export: OK
.lake/packages/mathlib/.lake/build/ir/Mathlib/Util/PPOptions.c: OK
.lake/packages/mathlib/.lake/build/lib/lean/Mathlib/Util/PPOptions.olean: OK
.lake/packages/mathlib/.lake/build/ir/Mathlib/Util/ParseCommand.c.o.export: OK
.lake/packages/mathlib/.lake/build/ir/Mathlib/Util/ParseCommand.c: OK
.lake/packages/mathlib/.lake/build/lib/lean/Mathlib/Util/ParseCommand.olean: OK
.lake/packages/mathlib/.lake/build/ir/Mathlib/Util/PrintSorries.c.o.export: OK
.lake/packages/mathlib/.lake/build/ir/Mathlib/Util/PrintSorries.c: OK
.lake/packages/mathlib/.lake/build/lib/lean/Mathlib/Util/PrintSorries.olean: OK
.lake/packages/mathlib/.lake/build/ir/Mathlib/Util/Qq.c.o.export: OK
.lake/packages/mathlib/.lake/build/ir/Mathlib/Util/Qq.c: OK
.lake/packages/mathlib/.lake/build/lib/lean/Mathlib/Util/Qq.olean: OK
.lake/packages/mathlib/.lake/build/ir/Mathlib/Util/SynthesizeUsing.c.o.export: OK
.lake/packages/mathlib/.lake/build/ir/Mathlib/Util/SynthesizeUsing.c: OK
.lake/packages/mathlib/.lake/build/lib/lean/Mathlib/Util/SynthesizeUsing.olean: OK
.lake/packages/mathlib/.lake/build/ir/Mathlib/Util/Tactic.c.o.export: OK
.lake/packages/mathlib/.lake/build/ir/Mathlib/Util/Tactic.c: OK
.lake/packages/mathlib/.lake/build/lib/lean/Mathlib/Util/Tactic.olean: OK
.lake/packages/mathlib/.lake/build/ir/Mathlib/Util/TermReduce.c.o.export: OK
.lake/packages/mathlib/.lake/build/ir/Mathlib/Util/TermReduce.c: OK
.lake/packages/mathlib/.lake/build/lib/lean/Mathlib/Util/TermReduce.olean: OK
.lake/packages/mathlib/.lake/build/ir/Mathlib/Util/TransImports.c.o.export: OK
.lake/packages/mathlib/.lake/build/ir/Mathlib/Util/TransImports.c: OK
.lake/packages/mathlib/.lake/build/lib/lean/Mathlib/Util/TransImports.olean: OK
.lake/packages/mathlib/.lake/build/ir/Mathlib/Util/WhatsNew.c.o.export: OK
.lake/packages/mathlib/.lake/build/ir/Mathlib/Util/WhatsNew.c: OK
.lake/packages/mathlib/.lake/build/lib/lean/Mathlib/Util/WhatsNew.olean: OK
.lake/packages/mathlib/.lake/build/ir/Mathlib/Util/WithWeakNamespace.c.o.export: OK
.lake/packages/mathlib/.lake/build/ir/Mathlib/Util/WithWeakNamespace.c: OK
.lake/packages/mathlib/.lake/build/lib/lean/Mathlib/Util/WithWeakNamespace.olean: OK
.lake/packages/plausible/.lake/build/ir/Plausible.c.o.export: OK
.lake/packages/plausible/.lake/build/ir/Plausible.c: OK
.lake/packages/plausible/.lake/build/lib/lean/Plausible.olean: OK
.lake/packages/plausible/.lake/build/ir/Plausible/Arbitrary.c.o.export: OK
.lake/packages/plausible/.lake/build/ir/Plausible/Arbitrary.c: OK
.lake/packages/plausible/.lake/build/lib/lean/Plausible/Arbitrary.olean: OK
.lake/packages/plausible/.lake/build/ir/Plausible/ArbitraryFueled.c.o.export: OK
.lake/packages/plausible/.lake/build/ir/Plausible/ArbitraryFueled.c: OK
.lake/packages/plausible/.lake/build/lib/lean/Plausible/ArbitraryFueled.olean: OK
.lake/packages/plausible/.lake/build/ir/Plausible/Attr.c.o.export: OK
.lake/packages/plausible/.lake/build/ir/Plausible/Attr.c: OK
.lake/packages/plausible/.lake/build/lib/lean/Plausible/Attr.olean: OK
.lake/packages/plausible/.lake/build/ir/Plausible/DeriveArbitrary.c.o.export: OK
.lake/packages/plausible/.lake/build/ir/Plausible/DeriveArbitrary.c: OK
.lake/packages/plausible/.lake/build/lib/lean/Plausible/DeriveArbitrary.olean: OK
.lake/packages/plausible/.lake/build/ir/Plausible/DeriveShrinkable.c.o.export: OK
.lake/packages/plausible/.lake/build/ir/Plausible/DeriveShrinkable.c: OK
.lake/packages/plausible/.lake/build/lib/lean/Plausible/DeriveShrinkable.olean: OK
.lake/packages/plausible/.lake/build/ir/Plausible/Functions.c.o.export: OK
.lake/packages/plausible/.lake/build/ir/Plausible/Functions.c: OK
.lake/packages/plausible/.lake/build/lib/lean/Plausible/Functions.olean: OK
.lake/packages/plausible/.lake/build/ir/Plausible/Gen.c.o.export: OK
.lake/packages/plausible/.lake/build/ir/Plausible/Gen.c: OK
.lake/packages/plausible/.lake/build/lib/lean/Plausible/Gen.olean: OK
.lake/packages/plausible/.lake/build/ir/Plausible/Random.c.o.export: OK
.lake/packages/plausible/.lake/build/ir/Plausible/Random.c: OK
.lake/packages/plausible/.lake/build/lib/lean/Plausible/Random.olean: OK
.lake/packages/plausible/.lake/build/ir/Plausible/Sampleable.c.o.export: OK
.lake/packages/plausible/.lake/build/ir/Plausible/Sampleable.c: OK
.lake/packages/plausible/.lake/build/lib/lean/Plausible/Sampleable.olean: OK
.lake/packages/plausible/.lake/build/ir/Plausible/Shrinkable.c.o.export: OK
.lake/packages/plausible/.lake/build/ir/Plausible/Shrinkable.c: OK
.lake/packages/plausible/.lake/build/lib/lean/Plausible/Shrinkable.olean: OK
.lake/packages/plausible/.lake/build/ir/Plausible/Tactic.c.o.export: OK
.lake/packages/plausible/.lake/build/ir/Plausible/Tactic.c: OK
.lake/packages/plausible/.lake/build/lib/lean/Plausible/Tactic.olean: OK
.lake/packages/plausible/.lake/build/ir/Plausible/Testable.c.o.export: OK
.lake/packages/plausible/.lake/build/ir/Plausible/Testable.c: OK
.lake/packages/plausible/.lake/build/lib/lean/Plausible/Testable.olean: OK
.lake/packages/proofwidgets/.lake/build/ir/ProofWidgets/Cancellable.c.o.export: OK
.lake/packages/proofwidgets/.lake/build/ir/ProofWidgets/Cancellable.c: OK
.lake/packages/proofwidgets/.lake/build/lib/lean/ProofWidgets/Cancellable.olean: OK
.lake/packages/proofwidgets/.lake/build/ir/ProofWidgets/Compat.c.o.export: OK
.lake/packages/proofwidgets/.lake/build/ir/ProofWidgets/Compat.c: OK
.lake/packages/proofwidgets/.lake/build/lib/lean/ProofWidgets/Compat.olean: OK
.lake/packages/proofwidgets/.lake/build/ir/ProofWidgets/Component/Basic.c.o.export: OK
.lake/packages/proofwidgets/.lake/build/ir/ProofWidgets/Component/Basic.c: OK
.lake/packages/proofwidgets/.lake/build/lib/lean/ProofWidgets/Component/Basic.olean: OK
.lake/packages/proofwidgets/.lake/build/ir/ProofWidgets/Component/FilterDetails.c.o.export: OK
.lake/packages/proofwidgets/.lake/build/ir/ProofWidgets/Component/FilterDetails.c: OK
.lake/packages/proofwidgets/.lake/build/lib/lean/ProofWidgets/Component/FilterDetails.olean: OK
.lake/packages/proofwidgets/.lake/build/ir/ProofWidgets/Component/HtmlDisplay.c.o.export: OK
.lake/packages/proofwidgets/.lake/build/ir/ProofWidgets/Component/HtmlDisplay.c: OK
.lake/packages/proofwidgets/.lake/build/lib/lean/ProofWidgets/Component/HtmlDisplay.olean: OK
.lake/packages/proofwidgets/.lake/build/ir/ProofWidgets/Component/MakeEditLink.c.o.export: OK
.lake/packages/proofwidgets/.lake/build/ir/ProofWidgets/Component/MakeEditLink.c: OK
.lake/packages/proofwidgets/.lake/build/lib/lean/ProofWidgets/Component/MakeEditLink.olean: OK
.lake/packages/proofwidgets/.lake/build/ir/ProofWidgets/Component/OfRpcMethod.c.o.export: OK
.lake/packages/proofwidgets/.lake/build/ir/ProofWidgets/Component/OfRpcMethod.c: OK
.lake/packages/proofwidgets/.lake/build/lib/lean/ProofWidgets/Component/OfRpcMethod.olean: OK
.lake/packages/proofwidgets/.lake/build/ir/ProofWidgets/Component/Panel/Basic.c.o.export: OK
.lake/packages/proofwidgets/.lake/build/ir/ProofWidgets/Component/Panel/Basic.c: OK
.lake/packages/proofwidgets/.lake/build/lib/lean/ProofWidgets/Component/Panel/Basic.olean: OK
.lake/packages/proofwidgets/.lake/build/ir/ProofWidgets/Component/PenroseDiagram.c.o.export: OK
.lake/packages/proofwidgets/.lake/build/ir/ProofWidgets/Component/PenroseDiagram.c: OK
.lake/packages/proofwidgets/.lake/build/lib/lean/ProofWidgets/Component/PenroseDiagram.olean: OK
.lake/packages/proofwidgets/.lake/build/ir/ProofWidgets/Data/Html.c.o.export: OK
.lake/packages/proofwidgets/.lake/build/ir/ProofWidgets/Data/Html.c: OK
.lake/packages/proofwidgets/.lake/build/lib/lean/ProofWidgets/Data/Html.olean: OK
.lake/packages/proofwidgets/.lake/build/ir/ProofWidgets/Presentation/Expr.c.o.export: OK
.lake/packages/proofwidgets/.lake/build/ir/ProofWidgets/Presentation/Expr.c: OK
.lake/packages/proofwidgets/.lake/build/lib/lean/ProofWidgets/Presentation/Expr.olean: OK
.lake/packages/proofwidgets/.lake/build/ir/ProofWidgets/Util.c.o.export: OK
.lake/packages/proofwidgets/.lake/build/ir/ProofWidgets/Util.c: OK
.lake/packages/proofwidgets/.lake/build/lib/lean/ProofWidgets/Util.olean: OK
.lake/packages/Qq/.lake/build/ir/Qq.c.o.export: OK
.lake/packages/Qq/.lake/build/ir/Qq.c: OK
.lake/packages/Qq/.lake/build/lib/lean/Qq.olean: OK
.lake/packages/Qq/.lake/build/ir/Qq/AssertInstancesCommute.c.o.export: OK
.lake/packages/Qq/.lake/build/ir/Qq/AssertInstancesCommute.c: OK
.lake/packages/Qq/.lake/build/lib/lean/Qq/AssertInstancesCommute.olean: OK
.lake/packages/Qq/.lake/build/ir/Qq/Commands.c.o.export: OK
.lake/packages/Qq/.lake/build/ir/Qq/Commands.c: OK
.lake/packages/Qq/.lake/build/lib/lean/Qq/Commands.olean: OK
.lake/packages/Qq/.lake/build/ir/Qq/Delab.c.o.export: OK
.lake/packages/Qq/.lake/build/ir/Qq/Delab.c: OK
.lake/packages/Qq/.lake/build/lib/lean/Qq/Delab.olean: OK
.lake/packages/Qq/.lake/build/ir/Qq/ForLean/Do.c.o.export: OK
.lake/packages/Qq/.lake/build/ir/Qq/ForLean/Do.c: OK
.lake/packages/Qq/.lake/build/lib/lean/Qq/ForLean/Do.olean: OK
.lake/packages/Qq/.lake/build/ir/Qq/ForLean/ReduceEval.c.o.export: OK
.lake/packages/Qq/.lake/build/ir/Qq/ForLean/ReduceEval.c: OK
.lake/packages/Qq/.lake/build/lib/lean/Qq/ForLean/ReduceEval.olean: OK
.lake/packages/Qq/.lake/build/ir/Qq/ForLean/ToExpr.c.o.export: OK
.lake/packages/Qq/.lake/build/ir/Qq/ForLean/ToExpr.c: OK
.lake/packages/Qq/.lake/build/lib/lean/Qq/ForLean/ToExpr.olean: OK
.lake/packages/Qq/.lake/build/ir/Qq/Macro.c.o.export: OK
.lake/packages/Qq/.lake/build/ir/Qq/Macro.c: OK
.lake/packages/Qq/.lake/build/lib/lean/Qq/Macro.olean: OK
.lake/packages/Qq/.lake/build/ir/Qq/Match.c.o.export: OK
.lake/packages/Qq/.lake/build/ir/Qq/Match.c: OK
.lake/packages/Qq/.lake/build/lib/lean/Qq/Match.olean: OK
.lake/packages/Qq/.lake/build/ir/Qq/MatchImpl.c.o.export: OK
.lake/packages/Qq/.lake/build/ir/Qq/MatchImpl.c: OK
.lake/packages/Qq/.lake/build/lib/lean/Qq/MatchImpl.olean: OK
.lake/packages/Qq/.lake/build/ir/Qq/MetaM.c.o.export: OK
.lake/packages/Qq/.lake/build/ir/Qq/MetaM.c: OK
.lake/packages/Qq/.lake/build/lib/lean/Qq/MetaM.olean: OK
.lake/packages/Qq/.lake/build/ir/Qq/Simp.c.o.export: OK
.lake/packages/Qq/.lake/build/ir/Qq/Simp.c: OK
.lake/packages/Qq/.lake/build/lib/lean/Qq/Simp.olean: OK
.lake/packages/Qq/.lake/build/ir/Qq/SortLocalDecls.c.o.export: OK
.lake/packages/Qq/.lake/build/ir/Qq/SortLocalDecls.c: OK
.lake/packages/Qq/.lake/build/lib/lean/Qq/SortLocalDecls.olean: OK
.lake/packages/Qq/.lake/build/ir/Qq/Typ.c.o.export: OK
.lake/packages/Qq/.lake/build/ir/Qq/Typ.c: OK
.lake/packages/Qq/.lake/build/lib/lean/Qq/Typ.olean: OK
